STATE,ST_CASE,VE_TOTAL,VE_FORMS,PEDS,PERSONS,COUNTY,CITY,DAY,MONTH,YEAR,DAY_WEEK,HOUR,MINUTE,NHS,ROAD_FNC,ROUTE,TWAY_ID,TWAY_ID2,MILEPT,LATITUDE,LONGITUD,SP_JUR,HARM_EV,MAN_COLL,RELJCT1,RELJCT2,TYP_INT,REL_ROAD,WRK_ZONE,LGT_COND,WEATHER1,WEATHER2,WEATHER,SCH_BUS,RAIL,NOT_HOUR,NOT_MIN,ARR_HOUR,ARR_MIN,HOSP_HR,HOSP_MN,CF1,CF2,CF3,FATALS,DRUNK_DR
1,10257,4,4,1,4,97,2100,12,5,2010,4,22,12,1,11,1,I-10,,201,30.62893889,-88.114150000,0,8,0,0,1,1,1,0,3,1,0,1,0,0000000,99,99,22,17,88,88,0,0,0,1,0
1,10258,1,1,0,1,73,3080,15,5,2010,7,18,14,0,16,4,1221,,0,33.60532778,-86.551730560,0,59,0,0,1,1,4,0,1,1,0,1,0,0000000,99,99,18,16,88,88,0,0,0,1,0
1,10259,1,1,0,2,45,2470,20,5,2010,5,17,20,0,16,4,1083,,0,31.31016389,-85.535586110,0,10,0,0,6,1,1,0,1,1,0,1,0,637922D,99,99,17,29,99,99,0,0,0,1,0
1,10260,1,1,0,1,121,1870,23,5,2010,1,9,20,0,2,3,SR-77,,789,33.63189722,-86.101002780,0,1,0,0,1,1,1,0,1,1,0,1,0,0000000,99,99,9,23,88,88,0,0,0,1,1
1,10261,2,2,0,3,97,2100,25,5,2010,3,9,50,1,11,1,I-10,,285,30.69031111,-88.018619440,0,25,0,0,1,1,3,0,1,1,0,1,0,0000000,99,99,9,57,99,99,0,0,0,1,0
1,10262,1,1,0,1,113,2440,31,5,2010,2,16,55,0,6,2,US-SR 1,,1164,32.50703333,-85.053975000,0,30,0,0,1,1,4,0,1,1,0,1,0,0000000,99,99,17,16,88,88,0,0,0,1,0
1,10263,1,1,0,1,63,0,20,5,2010,5,8,40,1,1,1,I-59,,450,32.91074444,-87.874719440,0,24,0,0,1,1,4,0,1,1,0,1,0,0000000,99,99,9,15,88,88,0,0,0,1,0
1,10264,1,1,0,1,11,0,25,5,2010,3,23,30,0,6,3,SR-110,,171,32.26340278,-85.939994440,0,42,0,0,1,1,4,0,3,1,0,1,0,0000000,99,99,0,35,88,88,0,0,0,1,1
1,10265,2,2,0,2,51,0,21,5,2010,6,15,45,0,6,3,SR-143,,185,32.60828611,-86.393163890,0,12,2,0,1,1,1,0,1,1,0,1,0,0000000,88,88,88,88,88,88,0,0,0,1,0
1,10266,1,1,0,1,125,0,22,5,2010,7,10,35,1,6,1,I-59,,630,33.10281389,-87.663194440,0,34,0,0,1,1,3,0,1,1,0,1,0,0000000,99,99,10,56,88,88,0,0,0,1,0
1,10267,2,2,0,3,25,1760,25,5,2010,3,7,58,0,3,2,US-SR 13,7193,597,31.52654167,-87.927102780,0,12,6,0,2,3,1,0,1,1,0,1,0,0000000,99,99,8,3,99,99,0,0,0,1,0
1,10268,1,1,0,2,83,0,26,5,2010,4,23,33,0,16,4,1325,,0,34.79938333,-86.877458330,0,32,0,0,1,1,4,0,3,1,0,1,0,0000000,99,99,23,41,99,99,0,0,0,1,1
1,10269,1,1,0,6,101,0,23,5,2010,1,20,15,0,9,4,1195,,0,32.28532222,-86.010852780,0,5,0,0,1,1,1,0,5,1,0,1,0,0000000,88,88,88,88,88,88,0,0,0,1,0
1,10270,1,1,1,1,101,0,27,5,2010,5,4,35,1,99,1,I-85,,171,32.37367222,-86.036102780,0,8,0,0,1,1,1,0,3,1,0,1,0,0000000,99,99,4,54,88,88,0,0,0,1,0
1,10271,2,2,0,2,61,0,26,5,2010,4,11,25,0,6,4,1111,,0,31.15047778,-85.943363890,0,12,6,0,8,1,1,0,1,1,0,1,0,0000000,99,99,11,43,99,99,0,0,0,1,0
1,10272,1,1,0,1,19,0,30,5,2010,1,21,25,0,14,3,SR-9,,2443,33.97600000,-85.616572220,0,53,0,0,1,1,4,0,3,2,0,2,0,0000000,99,99,21,35,99,99,0,0,0,1,0
1,10273,3,3,0,11,13,0,31,5,2010,2,18,20,1,1,1,I-65,,1260,31.80071389,-86.671572220,0,12,6,0,1,1,1,0,1,1,0,1,0,0000000,99,99,18,30,99,99,0,0,0,4,0
1,10274,1,1,0,1,87,0,31,5,2010,2,9,25,0,6,4,1202,,0,32.54071667,-85.743419440,0,42,0,0,1,1,4,0,1,1,0,1,0,0000000,99,99,11,54,88,88,0,0,0,1,1
1,10275,2,2,0,3,71,2720,2,6,2010,4,13,15,0,6,6,5482,335,0,34.64913056,-86.036638890,0,12,6,0,2,4,1,0,1,1,0,1,0,0000000,99,99,13,21,88,88,0,0,0,1,0
1,10276,2,2,0,3,127,0,4,6,2010,6,15,30,0,4,3,SR-195,,80,33.95811667,-87.337752780,0,12,2,0,1,1,1,0,1,1,0,1,0,0000000,99,99,15,50,99,99,0,0,0,1,0
1,10277,1,1,0,2,121,1870,4,6,2010,6,21,23,0,6,4,1456,,0,33.60248611,-86.064491670,0,42,0,0,1,1,4,0,3,1,0,1,0,0000000,99,99,21,28,99,99,0,0,0,1,1
1,10278,2,2,0,3,121,0,31,5,2010,2,21,30,0,6,3,SR-235,,82,33.38188611,-86.328227780,0,1,0,0,1,1,1,0,3,1,0,1,0,0000000,99,99,20,30,99,99,0,0,0,1,0
1,10279,1,1,1,1,89,0,2,6,2010,4,20,30,0,16,4,1139,,0,34.82703333,-86.535863890,0,11,0,0,1,1,1,0,3,1,0,1,0,0000000,99,99,20,50,88,88,0,0,0,1,0
1,10280,1,1,0,1,89,0,5,6,2010,7,18,30,0,16,4,1433,,0,34.84190556,-86.443713890,0,35,0,0,1,1,4,0,1,1,0,1,0,0000000,99,99,18,40,88,88,0,0,0,1,1
1,10281,1,1,1,2,43,9997,5,6,2010,7,18,9,0,6,4,1298,,0,34.07105278,-86.875136110,0,8,0,0,1,1,1,0,1,1,0,1,0,0000000,99,99,18,21,88,88,0,0,0,1,0
1,10282,1,1,0,1,115,0,13,6,2010,1,15,38,0,6,4,1275,,0,33.78910833,-86.239005560,0,24,0,0,1,1,4,0,1,1,0,1,0,0000000,99,99,15,47,88,88,0,0,0,1,0
1,10283,1,1,0,1,9,0,13,6,2010,1,11,35,0,6,3,SR-75,,261,34.03095556,-86.452913890,0,34,0,0,1,1,4,0,1,1,0,1,0,0000000,99,99,11,43,88,88,0,0,0,1,0
1,10284,1,1,0,1,13,0,14,6,2010,2,12,55,1,1,1,I-65,,1120,31.62696667,-86.799619440,0,1,0,0,1,1,4,0,1,1,0,1,0,0000000,99,99,13,5,99,99,0,0,0,1,0
1,10285,1,1,1,2,97,690,11,6,2010,6,20,47,0,13,2,US-SR 17,,326,31.10414722,-88.238288890,0,8,0,0,1,1,1,0,3,1,0,1,0,0000000,99,99,20,55,99,99,0,0,0,1,0
1,10286,1,1,0,4,89,1730,13,6,2010,1,20,27,0,16,6,1651,,0,34.64704444,-86.728225000,0,5,0,0,1,1,1,0,3,1,0,1,0,0000000,99,99,20,41,99,99,0,0,0,1,1
1,10287,1,1,0,1,111,0,6,6,2010,1,1,30,1,2,2,US-SR 1,,2020,33.39763333,-85.527202780,0,1,0,0,1,1,4,0,3,1,0,1,0,0000000,99,99,1,59,88,88,0,0,0,1,0
1,10288,5,2,0,4,73,3125,3,6,2010,5,14,17,0,16,3,SR-3,1399,2700,33.44918333,-86.789488890,0,12,6,0,2,2,1,0,1,1,0,1,0,0000000,99,99,14,22,99,99,0,0,0,1,0
1,10289,1,1,1,1,101,2130,29,4,2010,5,4,0,0,16,2,US-SR 9,,0,32.40093056,-86.212700000,0,8,0,0,1,1,1,0,2,5,0,5,0,0000000,99,99,4,4,99,99,0,0,0,1,0
1,10290,2,2,0,2,73,350,13,5,2010,5,16,5,0,16,6,6136,01962,0,33.53219167,-86.845008330,0,12,6,0,2,3,1,0,1,1,0,1,0,0000000,99,99,16,10,99,99,0,0,0,1,0
1,10291,1,1,0,1,73,350,2,6,2010,4,9,40,0,16,6,4238,,0,33.51090000,-86.815691670,0,30,0,0,1,1,4,0,1,1,0,1,0,0000000,99,99,9,48,99,99,0,0,0,1,0
1,10292,2,2,0,3,33,3060,8,6,2010,3,14,44,0,16,6,5097,537,0,34.73425000,-87.699136110,0,12,6,0,2,2,1,0,1,1,0,1,0,0000000,99,99,14,44,99,99,0,0,0,1,0
1,10293,2,2,0,2,103,2545,19,6,2010,7,5,0,0,16,6,1356,,0,34.54399722,-86.894422220,0,12,2,0,1,1,1,0,4,1,0,1,0,0000000,99,99,5,15,99,99,0,0,0,1,0
1,10294,2,2,0,2,77,0,11,6,2010,6,5,30,0,6,3,SR-64,,96,34.97003333,-87.386863890,0,12,2,0,1,1,1,0,4,1,0,1,0,0000000,99,99,6,15,99,99,0,0,0,1,0
1,10295,1,1,0,1,37,0,12,6,2010,7,0,5,0,6,4,1021,,0,32.77784722,-86.319258330,0,42,0,0,1,1,4,0,3,1,0,1,0,0000000,99,99,0,30,88,88,0,0,0,1,1
1,10296,2,2,0,2,41,0,15,6,2010,3,22,0,1,2,2,US-SR 9,,713,31.93693889,-86.315813890,0,12,2,0,1,1,1,0,3,1,0,1,0,0000000,99,99,22,15,99,99,0,0,0,1,1
1,10297,1,1,0,1,17,0,16,6,2010,4,11,52,1,2,2,US-SR 1,,1654,32.97233889,-85.403294440,0,34,0,0,1,1,4,0,1,1,0,1,0,0000000,99,99,12,5,99,99,0,0,0,1,0
1,10298,1,1,0,1,111,0,16,6,2010,4,1,30,0,16,4,1146,,0,33.33056389,-85.626388890,0,42,0,0,1,1,4,0,3,1,0,1,0,0000000,99,99,5,53,88,88,0,0,0,1,1
1,10299,1,1,0,1,127,0,17,6,2010,5,4,30,1,3,2,US-SR 4,,756,33.69463889,-87.126205560,0,1,0,0,1,1,4,0,3,1,0,1,0,0000000,99,99,5,30,88,88,0,0,0,1,0
1,10300,2,2,0,3,115,2830,18,6,2010,6,18,15,1,1,1,I-059,7292,1541,33.76886111,-86.466322220,0,12,6,1,2,3,1,0,1,1,0,1,0,0000000,99,99,18,30,99,99,0,0,0,1,0
1,10301,1,1,0,1,87,0,19,6,2010,7,5,58,0,6,4,1126,,0,32.52085278,-85.733988890,0,34,0,0,1,1,5,0,4,1,0,1,0,0000000,88,88,88,88,88,88,0,0,0,1,1
1,10302,1,1,0,3,53,0,19,6,2010,7,3,40,0,6,4,1045,,0,31.00204722,-87.301150000,0,42,0,0,1,1,4,0,3,1,0,1,0,0000000,99,99,4,5,99,99,0,0,0,1,1
1,10303,1,1,0,1,95,0,19,6,2010,7,1,14,0,6,4,1034,,0,34.55023056,-86.200575000,0,53,0,0,1,1,4,0,3,1,0,1,0,0000000,99,99,1,35,88,88,0,0,0,1,1
1,10304,2,2,0,2,85,0,19,6,2010,7,11,1,1,2,2,US-SR 8,,1037,32.27975000,-86.763722220,0,12,6,0,1,1,1,0,1,1,0,1,0,0000000,99,99,11,53,99,99,0,0,0,1,1
1,10305,2,2,0,2,97,2100,16,5,2010,1,20,0,0,16,6,5702,,0,30.71139167,-88.077800000,0,12,8,0,1,1,1,0,3,1,0,1,0,0000000,99,99,19,52,99,99,0,0,0,1,2
1,10306,2,2,0,3,97,2100,9,6,2010,4,5,32,0,13,6,1346,10246,0,30.67611667,-88.182716670,0,12,6,0,2,3,1,0,4,1,0,1,0,0000000,99,99,5,34,99,99,0,0,0,1,0
1,10307,1,1,0,1,25,0,13,6,2010,1,19,20,1,2,2,US-SR 43,,946,31.96305000,-87.743211110,0,34,0,0,1,1,4,0,1,1,0,1,0,0000000,99,99,19,33,88,88,0,0,0,1,0
1,10308,2,2,0,3,95,110,18,6,2010,6,13,55,0,14,3,SR-69,,0,34.31555278,-86.501002780,0,12,6,0,8,1,1,0,1,1,0,1,0,0000000,99,99,14,0,99,99,0,0,0,1,0
1,10309,1,1,1,1,91,900,19,6,2010,7,3,47,1,12,2,US-SR 13,,0,32.49633333,-87.812347220,0,8,0,0,1,1,1,0,3,1,0,1,0,0000000,88,88,88,88,88,88,0,0,0,1,0
1,10310,2,2,0,3,115,2136,19,6,2010,7,12,57,0,16,2,US-SR 25,,1750,33.60022500,-86.481616670,0,12,6,0,1,1,1,0,1,2,0,2,0,0000000,99,99,13,6,99,99,0,0,0,1,0
1,10311,2,2,0,2,7,620,20,6,2010,1,17,0,1,13,3,SR-5,,0,32.98462778,-87.161386110,0,12,2,0,1,1,1,0,1,1,0,1,0,0000000,99,99,16,56,99,99,0,0,0,1,0
1,10312,2,2,0,3,5,1050,26,6,2010,7,22,30,0,15,3,SR-30,,180,31.85723889,-85.179555560,0,12,6,0,1,1,1,0,3,2,0,2,0,0000000,99,99,22,43,99,99,0,0,0,1,0
1,10313,2,2,0,2,3,1493,27,6,2010,1,15,45,0,15,3,SR-180,7009,71,30.23792778,-87.904813890,0,12,6,0,2,3,1,0,1,1,0,1,0,0000000,99,99,15,54,99,99,0,0,0,1,0
1,10314,3,3,0,7,27,1890,30,6,2010,4,15,45,1,3,3,SR-9,,1893,33.32245000,-85.736777780,0,12,2,0,1,1,1,0,1,2,0,2,0,0000000,99,99,15,52,99,99,0,0,0,1,0
1,10315,1,1,1,1,125,3050,2,7,2010,6,23,17,0,14,3,SR-215,,0,33.20617222,-87.512113890,0,8,0,0,1,1,1,0,3,1,0,1,0,0000000,99,99,23,23,99,99,0,0,0,1,0
1,10316,1,1,1,1,97,2100,2,7,2010,6,19,18,0,16,3,SR-163,,90,30.64764722,-88.089125000,0,8,0,0,1,1,1,0,1,1,0,1,0,0000000,99,99,19,18,99,99,0,0,0,1,0
1,10317,1,1,0,1,31,2220,3,7,2010,7,22,10,1,3,2,US-SR 12,,5752,31.37492778,-85.915372220,0,1,0,0,1,1,4,0,3,1,0,1,0,0000000,99,99,22,2,99,99,0,0,0,1,1
1,10318,1,1,0,2,45,9997,6,7,2010,3,0,51,0,14,3,SR-248,,46,31.34038889,-85.776433330,0,38,0,0,1,1,4,0,3,1,0,1,0,0000000,99,99,0,59,88,88,0,0,0,2,0
1,10319,2,2,0,3,73,2141,23,4,2010,6,7,0,0,14,2,US-SR 3,,2885,33.74394167,-86.813975000,0,12,6,0,1,1,1,0,1,1,0,1,0,0000000,99,99,7,10,88,88,0,0,0,1,0
1,10320,2,2,0,2,73,2903,3,6,2010,5,12,30,1,14,3,SR-269,,81,33.51738889,-87.013586110,0,12,2,0,1,1,1,0,1,1,0,1,0,0000000,99,99,12,34,88,88,0,0,0,1,0
1,10321,3,3,0,7,121,1870,6,6,2010,1,0,15,1,1,1,I-20,,1660,33.59132222,-86.155000000,0,12,1,0,1,1,1,0,3,1,0,1,0,0000000,99,99,12,40,99,99,0,0,0,1,1
1,10322,2,2,0,7,3,0,7,6,2010,2,1,30,0,6,4,1766,,0,30.82318889,-87.698022220,0,12,1,0,1,1,1,0,3,1,0,1,0,0000000,99,99,1,55,99,99,0,0,0,1,2
1,10323,4,4,0,12,65,0,11,6,2010,6,9,35,0,3,3,SR-69,,1183,32.84002222,-87.608391670,0,12,7,0,1,1,1,0,1,1,0,1,0,0000000,99,99,9,54,99,99,0,0,0,1,0
1,10324,1,1,1,1,91,0,12,6,2010,7,4,55,1,2,2,US-SR 13,,1040,32.08775000,-87.781036110,0,8,0,0,1,1,1,0,3,1,0,1,0,0000000,99,99,5,30,88,88,0,0,0,1,0
1,10325,1,1,0,3,119,0,17,6,2010,5,13,53,1,1,1,I-59,,20,32.48383611,-88.350141670,0,1,0,0,1,1,3,0,1,1,0,1,0,0000000,99,99,14,27,99,99,0,0,0,1,0
1,10326,2,2,0,3,89,0,18,6,2010,6,21,0,0,12,3,SR-53,,3360,34.93370833,-86.774250000,0,12,2,0,1,1,1,0,3,1,0,1,0,0000000,99,99,21,30,99,99,0,0,0,1,1
1,10327,3,1,0,3,23,0,19,6,2010,7,18,45,0,6,4,1117,,0,32.00541389,-88.366433330,0,14,0,0,1,1,4,0,1,1,0,1,0,0000000,99,99,19,35,99,99,0,0,0,1,0
1,10328,1,1,1,1,87,0,20,6,2010,1,2,30,1,2,2,US-SR 8,,1838,32.45431944,-85.536852780,0,8,0,0,1,1,1,0,3,5,0,5,0,0000000,88,88,88,88,88,88,0,0,0,1,0
1,10329,1,1,0,1,71,2850,21,6,2010,2,5,45,0,4,3,SR-73,,65,34.93573611,-85.627233330,0,34,0,0,1,1,4,0,4,1,0,1,0,0000000,99,99,5,50,88,88,0,0,0,1,0
1,10330,1,1,0,3,127,0,21,6,2010,2,16,23,1,2,2,US-SR 4,,535,33.86375278,-87.405113890,0,1,0,0,1,1,1,0,1,1,0,1,0,0000000,99,99,16,30,99,99,0,0,0,1,0
1,10331,1,1,0,1,95,0,22,6,2010,3,1,14,0,4,4,1073,,0,34.23104444,-86.328255560,0,32,0,0,1,1,4,0,3,1,0,1,0,0000000,99,99,1,34,88,88,0,0,0,1,1
1,10332,1,1,0,1,51,0,26,6,2010,7,9,15,0,6,4,1043,,0,32.54742778,-86.353811110,0,34,0,0,1,1,4,0,1,1,0,1,0,0000000,99,99,9,50,88,88,0,0,0,1,1
1,10333,1,1,0,1,99,0,27,6,2010,1,16,0,0,3,3,SR-41,,704,31.79353333,-87.405269440,0,35,0,0,1,1,4,0,1,1,0,1,0,0000000,99,99,16,33,88,88,0,0,0,1,0
1,10334,2,2,0,8,125,3050,28,6,2010,2,11,14,0,14,6,6220,,0,33.25587778,-87.530480560,0,12,2,0,1,1,4,0,1,1,0,1,0,0000000,99,99,11,20,99,99,0,0,0,1,0
1,10335,1,1,0,1,115,0,29,6,2010,3,18,40,0,4,4,1121,,0,33.72896944,-86.480758330,0,30,0,0,1,1,4,0,1,1,0,1,0,0000000,99,99,18,48,88,88,0,0,0,1,1
1,10336,1,1,0,2,83,0,29,6,2010,3,20,20,0,6,4,1283,,0,34.93618611,-86.810316670,0,59,0,0,1,1,4,0,5,1,0,1,0,0000000,99,99,20,28,99,99,0,0,0,1,0
1,10337,5,5,0,8,89,1730,30,6,2010,4,18,0,0,12,3,SR-53,41081,3245,34.79095000,-86.667091670,0,12,1,1,2,2,1,0,1,1,0,1,0,0000000,99,99,18,40,99,99,0,0,0,1,0
1,10338,1,1,0,1,19,0,30,6,2010,4,23,20,0,3,3,SR-9,,2672,34.23123611,-85.550525000,0,1,0,0,1,1,4,0,3,1,0,1,0,0000000,99,99,23,31,88,88,0,0,0,1,1
1,10339,2,2,0,2,101,0,30,6,2010,4,13,45,1,2,2,US-SR 9,7419,944,32.24173056,-86.295494440,0,12,6,1,2,3,1,0,1,1,0,1,0,0000000,99,99,14,15,88,88,0,0,0,1,0
1,10340,1,1,0,1,97,0,3,7,2010,7,5,0,1,2,2,US-SR 17,,201,30.93590833,-88.210547220,0,59,0,0,1,1,4,0,3,1,0,1,0,0000000,99,99,5,50,88,88,0,0,0,1,1
1,10341,1,1,0,1,81,0,4,7,2010,1,1,10,0,4,4,1240,,0,32.51994444,-85.219644440,0,42,0,0,1,1,4,0,3,1,0,1,0,0000000,88,88,88,88,88,88,0,0,0,1,0
1,10342,1,1,0,1,11,0,4,7,2010,1,10,45,0,6,4,1171,,0,32.21642222,-85.650691670,0,35,0,0,1,1,4,0,1,1,0,1,0,0000000,99,99,11,26,88,88,0,0,0,1,1
1,10343,1,1,0,1,101,2130,4,7,2010,1,5,58,0,16,6,1188,,0,32.30972222,-86.128747220,0,30,0,0,1,1,4,0,4,1,0,1,0,0000000,99,99,6,13,88,88,0,0,0,1,1
1,10344,3,3,0,7,97,0,5,7,2010,2,11,30,1,1,1,I-10,,81,30.52396944,-88.265083330,0,57,0,0,1,1,3,0,1,2,0,2,0,0000000,99,99,11,40,99,99,0,0,0,1,0
1,10345,1,1,0,1,19,0,5,7,2010,2,16,35,0,6,4,1413,,0,34.34091944,-85.556716670,0,34,0,0,1,1,4,0,1,1,0,1,0,0000000,99,99,16,47,88,88,0,0,0,1,1
1,10346,1,1,0,1,41,0,6,7,2010,3,7,45,0,4,4,1026,,0,31.62470000,-86.342763890,0,34,0,0,1,1,4,0,1,1,0,1,0,0000000,99,99,8,15,88,88,0,0,0,1,0
1,10347,2,2,0,2,111,3230,7,7,2010,4,19,15,0,3,3,SR-48,,167,33.30900278,-85.468044440,0,12,2,0,1,1,1,0,5,1,0,1,0,0000000,99,99,19,22,99,99,0,0,0,1,0
1,10348,1,1,0,1,27,0,7,7,2010,4,18,20,0,6,4,1071,,0,33.26526389,-85.893544440,0,38,0,0,1,1,4,0,1,1,0,1,0,0000000,99,99,6,42,88,88,0,0,0,1,1
1,10349,1,1,0,2,15,0,9,7,2010,6,3,5,0,6,4,1380,,0,33.82752500,-85.855552780,0,34,0,0,1,1,4,0,3,1,0,1,0,0000000,88,88,88,88,88,88,0,0,0,1,1
1,10350,1,1,0,2,75,0,11,7,2010,1,21,10,0,4,4,1015,,0,33.56072500,-87.948577780,0,42,0,0,1,1,4,0,3,1,0,1,0,0000000,99,99,21,35,88,88,0,0,0,1,0
1,10351,1,1,0,4,11,0,28,5,2010,6,23,55,0,6,2,US-SR 29,,1464,32.18413056,-85.705858330,0,42,0,0,1,1,4,0,3,1,0,1,0,0000000,99,99,0,12,99,99,20,0,0,1,1
1,10352,2,1,1,1,81,0,27,6,2010,1,2,22,0,4,3,SR-51,,1090,32.55727222,-85.374508330,0,8,0,0,1,1,1,0,3,1,0,1,0,0000000,99,99,2,35,88,88,0,0,0,1,0
1,10353,1,1,0,1,95,1430,9,7,2010,6,9,55,0,4,6,1005,,0,34.52200833,-86.252544440,0,33,0,0,1,1,4,0,1,1,0,1,0,0000000,99,99,10,2,88,88,0,0,0,1,0
1,10354,1,1,0,1,19,630,20,7,2010,3,18,15,0,4,2,US-SR 25,,0,34.15109444,-85.675677780,0,41,0,0,1,1,4,0,1,1,0,1,0,0000000,99,99,18,20,99,99,0,0,0,1,1
1,10355,1,1,0,4,33,0,2,7,2010,6,22,0,1,2,2,US-SR 13,,3057,34.63760278,-87.649300000,0,1,0,0,1,1,1,0,3,1,0,1,0,0000000,99,99,22,16,99,99,0,0,0,1,0
1,10356,2,2,0,3,49,0,11,7,2010,1,17,30,0,6,4,1150,,0,34.32579722,-86.055552780,0,12,2,0,1,1,1,0,1,1,0,1,0,0000000,99,99,17,50,99,99,0,0,0,1,0
1,10357,1,1,0,1,7,0,11,7,2010,1,6,50,1,2,3,SR-5,,967,33.09329444,-87.137969440,0,1,0,0,1,1,1,0,4,1,0,1,0,0000000,99,99,7,16,88,88,0,0,0,1,0
1,10358,1,1,0,1,125,0,12,7,2010,2,12,0,0,3,4,1296,,0,33.28326944,-87.651747220,0,1,0,0,1,1,4,0,1,1,0,1,0,0000000,88,88,88,88,88,88,0,0,0,1,0
1,10359,1,1,0,4,39,0,12,7,2010,2,2,20,0,3,3,SR-55,,393,31.43632500,-86.611725000,0,1,0,0,1,1,4,0,3,5,0,5,0,0000000,99,99,3,8,99,99,0,0,0,1,0
1,10360,1,1,0,1,75,0,13,7,2010,3,2,0,0,4,4,1153,7698,0,33.66603333,-88.038966670,0,34,0,0,3,3,4,0,3,1,0,1,0,0000000,99,99,5,20,88,88,0,0,0,1,0
1,10361,1,1,0,1,71,0,17,7,2010,7,2,35,0,3,3,SR-40,,20,34.65106389,-85.943694440,0,34,0,0,1,1,4,0,3,1,0,1,0,0000000,99,99,2,45,88,88,0,0,0,1,1
1,10362,1,1,0,1,89,1730,18,7,2010,1,2,47,0,15,6,5080,,0,34.64488333,-86.550061110,0,30,0,0,1,1,4,0,3,1,0,1,0,0000000,99,99,2,53,88,88,0,0,0,1,1
1,10363,1,1,1,1,39,0,20,7,2010,3,21,1,1,2,2,US-SR 12,,1428,31.27476389,-86.343527780,0,8,0,0,1,1,1,0,2,1,0,1,0,0000000,99,99,21,18,88,88,19,0,0,1,0
1,10364,2,2,0,3,15,2370,24,6,2010,5,22,15,0,15,2,US-SR 4,,1579,33.59674722,-85.868627780,0,12,2,0,8,1,1,0,3,1,0,1,0,0000000,99,99,22,22,99,99,0,0,0,1,1
1,10365,2,2,0,2,97,2550,27,6,2010,1,20,0,0,16,6,8164,916,0,30.74355278,-88.109988890,0,33,0,1,2,4,3,0,1,1,0,1,0,0000000,99,99,20,1,88,88,0,0,0,1,1
1,10366,1,1,0,1,33,0,16,7,2010,6,13,30,0,4,3,SR-247,,178,34.64682500,-87.889400000,0,59,0,0,1,1,4,0,1,2,0,2,0,0000000,99,99,13,41,88,88,0,0,0,1,0
1,10367,1,1,0,1,61,0,18,7,2010,1,15,5,0,5,3,SR-153,,40,31.04039722,-86.101966670,0,30,0,0,1,1,4,0,1,1,0,1,0,0000000,99,99,15,25,99,99,0,0,0,1,0
1,10368,1,1,0,1,71,0,19,7,2010,2,13,30,0,6,4,1127,,0,34.74373889,-86.052263890,0,42,0,0,1,1,4,0,1,1,0,1,0,0000000,99,99,13,45,88,88,0,0,0,1,1
1,10369,1,1,0,12,119,3320,10,7,2010,7,16,30,1,1,1,I-59,,83,32.52537500,-88.294927780,0,1,0,0,1,1,4,0,1,1,0,1,0,0000000,99,99,16,35,99,99,0,0,0,1,0
1,10370,1,1,0,2,97,0,22,7,2010,5,19,30,0,6,4,1552,,0,30.77658333,-88.276508330,0,34,0,0,1,1,4,0,3,1,0,1,0,0000000,99,99,19,43,99,99,0,0,0,1,1
1,10371,1,1,0,2,43,9997,23,7,2010,6,8,50,1,11,1,I-65,,3053,34.14057222,-86.868783330,0,32,0,0,1,1,4,1,1,1,0,1,0,0000000,99,99,9,0,99,99,0,0,0,1,0
1,10372,1,1,0,1,25,1760,24,7,2010,7,0,45,0,6,6,1047,,0,31.50936389,-87.881258330,0,1,0,0,1,1,1,0,3,1,0,1,0,0000000,99,99,0,48,99,99,0,0,0,1,1
1,10373,1,1,0,2,99,0,25,7,2010,1,10,40,0,3,3,SR-41,,573,31.71916944,-87.414072220,0,1,0,0,1,1,4,0,1,1,0,1,0,0000000,99,99,11,15,99,99,0,0,0,1,0
1,10374,1,1,0,1,83,0,25,7,2010,1,22,10,0,6,4,1339,,0,34.82177500,-86.841211110,0,32,0,0,1,1,4,0,3,1,0,1,0,0000000,99,99,22,15,88,88,0,0,0,1,0
1,10375,1,1,0,1,51,0,26,7,2010,2,23,30,0,5,4,1209,,0,32.75014722,-86.143600000,0,1,0,0,1,1,4,0,3,1,0,1,0,0000000,99,99,0,1,99,99,0,0,0,1,1
1,10376,1,1,0,1,87,0,28,7,2010,4,8,47,1,1,1,I-85,,236,32.41776944,-85.942044440,0,24,0,0,1,1,3,0,1,1,0,1,0,0000000,99,99,9,17,88,88,0,0,0,1,0
1,10377,2,2,0,2,95,1500,19,7,2010,2,10,14,1,2,2,US-SR 1,198,2938,34.31958889,-86.311436110,0,12,1,0,3,1,1,0,1,1,0,1,0,0000000,99,99,10,14,99,99,19,0,0,1,0
1,10378,1,1,0,4,121,2185,19,3,2010,6,13,50,0,3,3,SR-21,,2435,33.55013056,-85.892936110,0,5,0,0,1,1,1,0,1,1,0,1,0,0000000,99,99,99,99,99,99,0,0,0,1,0
1,10379,2,2,0,3,73,3125,24,7,2010,7,7,3,1,12,3,SR-38,15596,37,33.45019167,-86.741063890,0,12,1,9,2,2,1,0,1,1,0,1,0,0000000,99,99,7,10,99,99,0,0,0,1,1
1,10380,2,2,1,1,51,0,11,1,2010,2,16,30,0,4,4,1163,,0,32.62070833,-85.945025000,0,8,0,0,1,1,1,4,1,1,0,1,0,0000000,99,99,16,46,99,99,0,0,0,1,0
1,10381,2,2,0,2,33,0,26,7,2010,2,5,17,1,2,3,SR-20,,299,34.69967500,-87.639966670,0,12,1,0,1,1,1,0,3,1,0,1,0,0000000,99,99,5,25,99,99,0,0,0,1,0
1,10382,1,1,0,1,73,0,5,7,2010,2,18,25,0,6,4,1332,,0,33.66433611,-86.758883330,0,42,0,0,1,1,4,0,1,1,0,1,0,0000000,99,99,18,43,88,88,0,0,0,1,1
1,10383,1,1,1,1,73,350,18,7,2010,1,4,8,1,11,1,I-59,,1230,33.51367778,-86.872372220,0,8,0,0,1,1,1,0,3,1,0,1,0,0000000,99,99,4,22,88,88,0,0,0,1,0