STATE,ST_CASE,VE_TOTAL,VE_FORMS,PEDS,PERSONS,COUNTY,CITY,DAY,MONTH,YEAR,DAY_WEEK,HOUR,MINUTE,NHS,ROAD_FNC,ROUTE,TWAY_ID,TWAY_ID2,MILEPT,LATITUDE,LONGITUD,SP_JUR,HARM_EV,MAN_COLL,RELJCT1,RELJCT2,TYP_INT,REL_ROAD,WRK_ZONE,LGT_COND,WEATHER1,WEATHER2,WEATHER,SCH_BUS,RAIL,NOT_HOUR,NOT_MIN,ARR_HOUR,ARR_MIN,HOSP_HR,HOSP_MN,CF1,CF2,CF3,FATALS,DRUNK_DR
1,10384,1,1,0,1,73,3080,29,7,2010,5,22,16,0,6,4,1221,,0,33.59988333,-86.569433330,0,34,0,0,1,1,4,0,2,1,0,1,0,0000000,99,99,22,26,88,88,0,0,0,1,0
1,10385,1,1,0,2,73,0,1,8,2010,1,21,15,0,6,4,1039,,0,33.34483333,-87.130808330,0,42,0,0,1,1,4,0,2,1,0,1,0,0000000,99,99,21,21,99,99,0,0,0,2,1
1,10386,2,2,0,7,103,1590,23,7,2010,6,21,20,0,13,2,US-SR 3,,3475,34.46151944,-86.948638890,0,12,1,0,1,1,1,0,3,1,0,1,0,0000000,99,99,21,22,99,99,0,0,0,1,1
1,10387,2,2,0,3,113,2440,2,8,2010,2,10,30,1,14,2,US-SR 1,884,1146,32.48418889,-85.031491670,0,12,6,1,2,2,1,0,1,1,0,1,0,0000000,99,99,10,38,99,99,0,0,0,1,0
1,10388,1,1,0,1,97,2100,4,8,2010,4,1,30,0,14,5,7383,,0,30.74763056,-88.161100000,0,42,0,0,1,1,4,0,3,1,0,1,0,0000000,99,99,1,35,88,88,0,0,0,1,1
1,10389,2,2,0,6,89,1730,8,8,2010,1,9,42,1,14,2,US-SR 2,,1040,34.77148611,-86.506611110,0,12,1,0,1,1,1,0,1,1,0,1,0,0000000,99,99,9,51,99,99,0,0,0,1,0
1,10391,2,2,0,2,117,0,17,5,2010,2,7,0,0,3,3,SR-25,,1334,33.22537778,-86.570072220,0,12,1,0,1,1,1,0,1,1,0,1,0,0000000,99,99,7,5,99,99,0,0,0,1,0
1,10392,1,1,0,2,81,0,13,7,2010,3,14,39,0,6,4,1379,,0,32.65209167,-85.148569440,0,42,0,0,1,1,4,0,1,1,0,1,0,0000000,99,99,15,10,99,99,0,0,0,1,0
1,10393,2,2,0,3,47,0,17,7,2010,7,19,50,0,6,3,SR-22,,13,32.29256667,-87.344886110,0,12,2,0,1,1,1,0,3,2,0,2,0,0000000,99,99,20,30,99,99,0,0,0,1,1
1,10394,1,1,0,3,129,0,22,7,2010,5,16,14,0,4,4,1029,7057,0,31.15878056,-88.014077780,0,42,0,0,2,3,4,0,1,1,0,1,0,0000000,99,99,16,50,99,99,0,0,0,1,0
1,10395,1,1,0,1,87,0,30,7,2010,6,19,0,0,4,4,1196,,0,32.51701667,-85.646336110,0,42,0,0,1,1,4,0,5,1,0,1,0,0000000,99,99,19,29,88,88,0,0,0,1,0
1,10396,1,1,1,1,109,0,31,7,2010,7,2,30,1,2,2,US-SR 231,,1756,31.75055000,-85.873669440,0,8,0,0,1,1,1,0,3,1,0,1,0,0000000,99,99,2,55,88,88,0,0,0,1,0
1,10397,1,1,0,1,69,0,31,7,2010,7,4,0,0,4,3,SR-95,,54,31.07877778,-85.048986110,0,34,0,0,1,1,4,0,3,1,0,1,0,0000000,99,99,6,32,88,88,0,0,0,1,1
1,10398,2,2,0,2,85,0,17,3,2010,4,9,0,1,2,2,US-SR 8,1,1140,32.26660556,-86.607511110,0,12,6,0,2,2,1,0,1,1,0,1,0,0000000,99,99,9,30,99,99,0,0,0,1,0
1,10399,2,2,0,2,3,0,31,7,2010,7,22,35,0,16,4,1694,,0,30.60398056,-87.662841670,0,12,2,0,1,1,1,0,3,1,0,1,0,0000000,99,99,22,43,99,99,0,0,0,1,1
1,10400,1,1,0,1,1,0,31,7,2010,7,0,30,0,6,4,1024,,0,32.39738333,-86.670294440,0,42,0,0,1,1,4,0,3,1,0,1,0,0000000,99,99,1,0,88,88,0,0,0,1,1
1,10401,1,1,1,2,107,0,1,8,2010,1,15,30,0,6,4,1336,,0,33.19778056,-87.940200000,0,8,0,0,1,1,1,0,1,1,0,1,0,0000000,99,99,16,18,99,99,0,0,0,1,1
1,10402,1,1,0,1,77,0,1,8,2010,1,15,15,0,15,4,1002,,0,34.82729722,-87.765269440,0,30,0,0,1,1,4,0,1,1,0,1,0,0000000,99,99,15,30,88,88,0,0,0,1,0
1,10403,1,1,0,1,47,0,1,8,2010,1,8,5,0,6,4,1292,,0,32.58168056,-86.916533330,0,32,0,0,1,1,4,0,1,1,0,1,0,0000000,99,99,8,32,88,88,0,0,0,1,0
1,10404,1,1,0,1,125,0,4,8,2010,4,14,20,0,6,4,1358,,0,33.26461667,-87.543552780,0,42,0,0,1,1,4,0,1,1,0,1,0,0000000,99,99,14,32,99,99,0,0,0,1,0
1,10405,1,1,0,1,103,0,5,8,2010,5,21,30,1,12,4,1216,,0,34.56360278,-87.086530560,0,34,0,0,1,1,4,0,3,1,0,1,0,0000000,99,99,21,40,88,88,0,0,0,1,1
1,10406,1,1,0,1,1,0,6,8,2010,6,21,5,0,6,4,1149,,0,32.54376667,-86.449458330,0,59,0,0,1,1,4,0,3,1,0,1,0,0000000,99,99,21,25,88,88,0,0,0,1,0
1,10407,2,2,0,2,51,0,6,8,2010,6,14,20,0,6,3,SR-63,,126,32.71201111,-85.978988890,0,12,2,0,8,1,1,0,1,1,0,1,0,0000000,99,99,14,58,99,99,0,0,0,1,0
1,10408,2,2,0,4,125,3050,6,8,2010,6,17,16,0,16,2,US-SR 13,361,0,33.20279167,-87.567013890,0,12,6,0,2,2,1,0,1,1,0,1,0,0000000,99,99,17,18,99,99,0,0,0,1,0
1,10409,1,1,0,1,89,0,6,8,2010,6,0,30,0,16,4,1214,,0,34.61949444,-86.456313890,0,35,0,0,1,1,4,0,3,1,0,1,0,0000000,99,99,6,20,88,88,0,0,0,1,1
1,10410,1,1,0,1,19,0,9,8,2010,2,14,5,0,6,3,SR-25,,2563,34.08921111,-85.473300000,0,1,0,0,1,1,4,0,1,1,0,1,0,0000000,99,99,14,19,99,99,0,0,0,1,0
1,10411,1,1,0,2,115,0,11,8,2010,4,19,15,0,16,4,1192,,0,33.63286111,-86.237788890,0,42,0,0,1,1,4,0,3,1,0,1,0,0000000,99,99,19,30,99,99,0,0,0,1,0
1,10412,1,1,0,1,115,0,23,7,2010,6,12,45,1,1,1,I-59,,1582,33.78698611,-86.393813890,0,42,0,0,1,1,3,0,1,1,0,1,0,0000000,99,99,13,5,88,88,0,0,0,1,0
1,10413,2,2,0,2,9,0,28,7,2010,4,14,55,0,6,4,1039,,0,33.81817222,-86.695377780,0,12,1,0,1,1,1,0,1,1,0,1,0,0000000,99,99,15,10,88,88,0,0,0,1,0
1,10414,2,2,0,3,79,0,31,7,2010,7,10,45,1,2,4,1217,8172,0,34.52543611,-87.206275000,0,12,6,0,2,2,1,0,1,1,0,1,0,0000000,99,99,11,5,99,99,0,0,0,2,0
1,10415,1,1,0,5,121,0,31,7,2010,7,3,30,0,6,4,1054,,0,33.41452222,-86.296202780,0,42,0,0,1,1,4,0,3,1,0,1,0,0000000,99,99,4,0,99,99,0,0,0,3,1
1,10416,1,1,0,1,117,2405,10,8,2010,3,22,13,0,16,4,1307,,0,33.31337500,-86.692100000,0,42,0,0,1,1,4,0,3,1,0,1,0,0000000,99,99,22,21,88,88,0,0,0,1,0
1,10417,1,1,0,1,59,0,10,8,2010,3,22,0,0,6,4,1298,,0,34.30807778,-87.593238890,0,1,0,0,1,1,1,0,3,1,0,1,0,0000000,99,99,22,5,99,99,0,0,0,1,0
1,10418,2,2,0,2,83,0,10,8,2010,3,5,56,1,12,2,US-SR 2,8292,855,34.74884167,-86.796255560,0,12,6,0,2,2,1,0,1,1,0,1,0,0000000,99,99,6,2,88,88,0,0,0,1,0
1,10419,1,1,0,2,125,0,11,8,2010,4,22,0,0,6,4,1600,,0,33.27804167,-87.817711110,0,42,0,0,1,1,4,0,3,1,0,1,0,0000000,99,99,22,25,99,99,0,0,0,1,0
1,10420,1,1,0,1,59,0,11,8,2010,4,10,30,0,6,4,1054,,0,34.55280000,-87.847252780,0,42,0,0,1,1,4,0,1,1,0,1,0,0000000,99,99,12,20,88,88,0,0,0,1,0
1,10421,2,2,0,6,55,0,21,8,2010,7,14,40,1,2,2,US-SR 1,,2755,34.13121667,-86.121505560,0,12,6,0,8,1,1,0,1,1,0,1,0,0000000,99,99,14,55,99,99,0,0,0,1,0
1,10422,1,1,0,1,43,0,12,8,2010,5,14,14,0,6,4,1169,,0,34.00370278,-86.885330560,0,32,0,0,1,1,4,0,1,1,0,1,0,0000000,99,99,14,34,99,99,0,0,0,1,1
1,10423,1,1,0,1,35,0,12,8,2010,5,20,35,1,2,2,US-SR 12,,940,31.41896667,-87.002427780,0,11,0,0,1,1,1,0,3,1,0,1,0,0000000,99,99,20,43,99,99,0,0,0,1,0
1,10424,2,2,0,3,97,0,12,8,2010,5,17,45,0,16,4,1344,,0,30.50511389,-88.334911110,0,18,0,0,1,1,5,0,1,1,0,1,0,0000000,99,99,17,51,88,88,0,0,0,1,0
1,10425,1,1,0,2,73,0,13,8,2010,6,17,49,1,11,1,I-459,,310,33.57081111,-86.638152780,0,1,0,0,1,1,4,0,1,1,0,1,0,0000000,99,99,18,38,99,99,0,0,0,1,0
1,10426,1,1,0,1,127,2400,13,8,2010,6,21,50,0,6,4,1039,,0,33.69791667,-87.293469440,0,1,0,0,1,1,4,0,3,2,0,2,0,0000000,99,99,22,20,88,88,0,0,0,1,0
1,10427,2,2,0,5,83,0,14,8,2010,7,20,35,0,6,4,1287,1325,0,34.90485556,-86.874680560,0,12,6,0,2,2,1,0,3,1,0,1,0,0000000,99,99,20,45,99,99,0,0,0,1,0
1,10428,3,3,0,3,81,200,14,8,2010,7,12,47,1,11,1,I-85,,521,32.56757500,-85.490111110,0,12,6,0,1,1,1,0,1,1,0,1,0,0000000,99,99,12,55,99,99,0,0,0,1,0
1,10429,1,1,0,1,121,1870,14,8,2010,7,5,41,0,16,5,1501,,0,33.64116667,-86.087750000,0,38,0,0,1,1,4,0,3,1,0,1,0,0000000,88,88,88,88,88,88,20,0,0,1,1
1,10430,1,1,0,1,113,0,15,8,2010,1,21,11,0,6,4,1100,,0,32.31200833,-85.081466670,0,42,0,0,1,1,4,0,3,1,0,1,0,0000000,88,88,88,88,88,88,0,0,0,1,1
1,10431,1,1,0,2,117,0,15,8,2010,1,18,0,0,6,4,1107,,0,33.17338889,-86.979194440,0,59,0,0,1,1,4,0,1,1,0,1,0,0000000,99,99,18,5,99,99,0,0,0,1,1
1,10432,1,1,0,1,115,0,15,8,2010,1,10,26,0,6,4,1300,,0,33.78746389,-86.128300000,0,42,0,0,1,1,4,0,1,1,0,1,0,0000000,99,99,10,30,88,88,0,0,0,1,1
1,10433,2,2,0,2,51,0,14,8,2010,7,4,10,1,14,1,I-65,,1770,32.43766944,-86.373491670,0,12,1,0,1,1,1,0,3,1,0,1,0,0000000,99,99,4,30,99,99,0,0,0,1,1
1,10434,2,2,0,3,97,2100,16,8,2010,2,8,35,0,6,3,SR-163,2822,0,30.62897222,-88.088916670,0,12,6,0,2,2,1,0,1,1,0,1,0,0000000,99,99,8,44,99,99,0,0,0,1,0
1,10435,2,2,0,2,95,50,17,8,2010,3,16,27,0,6,4,1325,7440,0,34.24914722,-86.256275000,0,12,6,0,2,3,1,0,1,1,0,1,0,0000000,99,99,16,33,88,88,20,0,0,1,1
1,10436,2,2,0,2,17,1830,26,6,2010,7,18,1,0,16,5,5394,,0,32.87459444,-85.195036110,0,12,6,0,8,1,1,0,1,1,0,1,0,0000000,99,99,18,4,99,99,0,0,0,1,1
1,10437,2,2,0,3,121,680,18,7,2010,1,16,47,1,13,2,US-SR 38,,0,33.25061667,-86.340641670,0,12,6,0,8,1,1,0,1,1,0,1,0,0000000,99,99,16,52,99,99,0,0,0,1,0
1,10438,2,2,0,2,73,350,27,7,2010,3,19,0,0,14,6,6136,,0,33.53365278,-86.841966670,0,12,9,0,1,1,1,0,1,1,0,1,0,0000000,99,99,19,9,88,88,0,0,0,1,0
1,10439,1,1,0,1,35,0,18,8,2010,4,22,25,0,6,4,1068,,0,31.32407500,-86.786922220,0,42,0,0,1,1,4,0,3,1,0,1,0,0000000,99,99,22,45,88,88,0,0,0,1,1
1,10440,2,2,0,4,127,0,17,8,2010,3,6,32,0,16,2,US-SR 5,,1628,33.80626944,-87.139380560,0,12,1,0,1,1,1,0,1,1,0,1,0,0000000,99,99,6,40,99,99,0,0,0,1,1
1,10441,1,1,0,4,35,0,18,8,2010,4,17,45,1,1,1,I-65,,975,31.47122778,-86.953766670,0,34,0,0,1,1,4,0,1,1,0,1,0,0000000,99,99,18,0,99,99,0,0,0,2,0
1,10442,1,1,0,1,43,0,21,8,2010,7,14,2,0,6,4,1813,,0,34.30244167,-86.690927780,0,34,0,0,1,1,4,0,1,1,0,1,0,0000000,99,99,14,24,99,99,0,0,0,1,0
1,10443,1,1,0,3,25,1760,22,8,2010,1,14,7,0,3,3,SR-69,,30,31.55502500,-87.937680560,0,1,0,0,1,1,4,0,1,1,0,1,0,0000000,99,99,14,15,99,99,0,0,0,1,1
1,10444,1,1,0,2,3,1493,13,8,2010,6,5,10,0,4,3,SR-180,,199,30.25988889,-87.700952780,0,59,0,0,1,1,4,0,3,1,0,1,0,0000000,99,99,5,17,99,99,0,0,0,2,1
1,10445,1,1,0,1,89,0,16,8,2010,2,12,45,0,12,3,SR-53,,0,34.77053333,-86.650308330,0,38,0,0,1,1,4,0,1,1,0,1,0,0000000,99,99,12,50,88,88,0,0,0,1,0
1,10446,2,2,0,2,69,140,18,8,2010,4,13,1,1,12,2,US-SR 12,186,2180,31.17576389,-85.238866670,0,12,6,0,2,3,1,0,1,1,0,1,0,0000000,99,99,13,12,99,99,0,0,0,1,0
1,10447,1,1,0,1,73,3125,18,8,2010,4,3,9,0,16,4,5042,,0,33.43879167,-86.807891670,0,42,0,0,1,1,3,0,3,1,0,1,0,0000000,99,99,3,14,88,88,0,0,0,1,0
1,10448,1,1,1,1,11,3090,21,8,2010,7,8,35,0,16,2,US-SR 6,5096,0,32.14334722,-85.716175000,0,8,0,0,3,2,1,0,1,1,0,1,0,0000000,99,99,8,43,88,88,0,0,0,1,0
1,10449,1,1,0,1,49,1632,23,8,2010,2,0,40,0,6,5,1716,,0,34.63025556,-85.715022220,0,34,0,0,1,1,4,0,3,1,0,1,0,0000000,99,99,1,23,88,88,0,0,0,1,1
1,10450,1,1,0,1,73,0,1,9,2010,4,0,30,0,16,4,1522,,0,33.38426111,-87.143555560,0,1,0,0,1,1,4,0,2,1,0,1,0,0000000,99,99,1,22,88,88,0,0,0,1,1
1,10451,2,2,0,4,31,1010,7,8,2010,7,16,11,1,2,2,US-SR 12,,0,31.41564722,-86.101822220,0,12,6,0,1,1,1,1,1,2,0,2,0,0000000,99,99,16,18,99,99,0,0,0,1,0
1,10452,3,3,0,6,3,2890,29,8,2010,1,13,50,0,12,3,SR-59,7781,0,30.46980556,-87.700200000,0,12,6,0,2,2,1,0,1,2,0,2,0,0000000,99,99,9,56,99,99,0,0,0,1,0
1,10453,2,2,0,3,81,200,7,9,2010,3,16,58,1,16,1,I-85,,519,32.56586667,-85.492836110,0,12,7,0,1,1,1,0,1,1,0,1,0,0000000,99,99,17,13,99,99,0,0,0,1,0
1,10454,1,1,0,1,47,2760,10,9,2010,6,3,10,0,15,3,SR-41,,0,32.43073333,-87.009263890,0,35,0,0,1,1,3,0,3,1,0,1,0,0000000,99,99,3,17,88,88,0,0,0,1,1
1,10455,1,1,0,5,125,0,8,8,2010,1,17,30,0,16,4,1156,,0,33.22558611,-87.697469440,0,32,0,0,1,1,4,0,1,1,0,1,0,0000000,99,99,17,36,99,99,0,0,0,1,0
1,10456,3,3,0,3,53,470,11,8,2010,4,20,3,0,16,2,US-SR 3,,732,31.15885833,-87.062725000,0,12,2,0,1,1,1,0,3,1,0,1,0,0000000,99,99,20,3,88,88,20,14,0,2,2
1,10457,1,1,0,3,119,0,12,8,2010,5,5,35,1,1,1,I-59,,5,32.45003611,-88.400769440,0,1,0,0,1,1,4,0,4,1,0,1,0,0000000,99,99,6,30,99,99,0,0,0,1,0
1,10458,1,1,0,1,7,0,15,8,2010,1,4,30,0,6,4,1008,7360,0,32.97101667,-87.282325000,0,35,0,0,2,3,4,0,3,1,0,1,0,0000000,88,88,88,88,88,88,0,0,0,1,0
1,10459,1,1,0,2,103,0,15,8,2010,1,16,20,0,14,4,1354,,0,34.52349444,-86.844477780,0,1,0,0,1,1,4,0,1,1,0,1,0,0000000,99,99,16,45,99,99,0,0,0,1,1
1,10460,2,2,0,3,31,0,18,8,2010,4,15,15,0,12,3,SR-192,1378,36,31.30618333,-85.888575000,0,12,6,1,2,2,1,0,1,1,0,1,0,0000000,99,99,15,25,99,99,0,0,0,1,0
1,10461,1,1,0,2,67,0,20,8,2010,6,21,12,0,6,4,1017,,0,31.35971944,-85.282016670,0,42,0,0,1,1,4,0,3,1,0,1,0,0000000,99,99,21,36,99,99,0,0,0,1,1
1,10462,1,1,0,1,15,0,21,8,2010,7,1,45,0,6,2,US-SR 4,,1660,33.62291944,-85.729902780,0,32,0,0,1,1,4,0,3,1,0,1,0,0000000,99,99,1,58,99,99,0,0,0,1,1
1,10463,1,1,0,3,109,0,22,8,2010,1,19,30,0,6,4,1118,,0,31.86193056,-85.914963890,0,35,0,0,1,1,4,0,3,1,0,1,0,0000000,99,99,19,42,99,99,0,0,0,1,0
1,10464,1,1,0,1,113,0,22,8,2010,1,1,51,0,4,3,SR-165,,254,32.32893333,-85.018983330,0,34,0,0,1,1,4,0,3,1,0,1,0,0000000,99,99,2,15,99,99,0,0,0,1,1
1,10465,1,1,0,2,71,0,24,8,2010,3,0,55,0,4,3,SR-71,,306,34.84944444,-85.620402780,0,35,0,0,1,1,4,0,3,1,0,1,0,0000000,99,99,1,9,99,99,0,0,0,1,0
1,10466,1,1,0,1,69,0,25,8,2010,4,10,45,0,4,4,1072,,0,31.01183056,-85.044066670,0,1,0,0,1,1,4,0,1,1,0,1,0,0000000,99,99,11,11,88,88,0,0,0,1,1
1,10467,2,2,0,3,83,0,24,8,2010,3,17,0,0,6,4,1294,1325,0,34.88295556,-86.875177780,0,12,6,0,2,2,1,0,1,1,0,1,0,0000000,99,99,17,15,88,88,0,0,0,2,0
1,10468,2,2,0,5,63,0,25,8,2010,4,11,30,1,2,2,US-SR 13,7070,1430,32.61306389,-87.833161110,0,12,1,0,3,3,1,0,1,1,0,1,0,0000000,99,99,11,53,99,99,0,0,0,1,0
1,10469,2,2,0,2,113,2440,27,8,2010,6,5,55,1,14,2,US-SR 1,1218,1140,32.47521389,-85.030252780,0,12,6,1,2,2,1,0,6,1,0,1,0,0000000,99,99,6,10,99,99,0,0,0,1,0
1,10470,2,2,0,2,127,1780,27,8,2010,6,6,25,0,15,3,SR-118,139,0,33.85066944,-87.295888890,0,12,6,0,3,2,1,0,1,1,0,1,0,0000000,99,99,6,32,88,88,0,0,0,1,0
1,10471,1,1,0,3,17,0,27,8,2010,6,15,10,1,3,3,SR-77,,152,33.08830000,-85.517561110,0,42,0,0,1,1,4,0,1,1,0,1,0,0000000,99,99,15,25,99,99,0,0,0,1,0
1,10472,1,1,0,1,29,1000,28,8,2010,7,18,45,0,14,2,US-SR 4,,1815,33.70246111,-85.515733330,0,30,0,0,1,1,4,0,5,1,0,1,0,0000000,99,99,18,50,88,88,0,0,0,1,1
1,10473,2,2,0,2,101,0,28,8,2010,7,0,5,1,15,2,US-SR 9,,1138,32.44513333,-86.214475000,0,12,2,0,1,1,1,0,3,1,0,1,0,0000000,99,99,0,15,99,99,0,0,0,1,1
1,10474,2,2,0,3,39,2350,29,8,2010,1,16,23,1,2,2,US-SR 9,,250,31.32653056,-86.264713890,0,12,6,0,1,1,1,0,1,1,0,1,0,0000000,99,99,16,31,99,99,0,0,0,1,0
1,10475,1,1,0,2,111,0,29,8,2010,1,14,20,0,3,3,SR-48,,125,33.30373889,-85.535913890,0,42,0,0,1,1,4,0,1,2,0,2,0,0000000,99,99,23,10,99,99,0,0,0,1,0
1,10476,1,1,0,2,45,0,29,8,2010,1,9,30,0,6,4,1252,,0,31.60423333,-85.592702780,0,42,0,0,1,1,4,0,1,1,0,1,0,0000000,99,99,10,10,88,88,0,0,0,2,0
1,10477,2,2,0,3,21,0,29,8,2010,1,9,35,0,6,3,SR-145,7902,61,32.90588056,-86.612502780,0,12,6,0,2,2,1,0,1,1,0,1,0,0000000,99,99,9,45,88,88,0,0,0,1,0
1,10478,2,2,0,3,109,0,30,8,2010,2,12,30,0,6,3,SR-223,775,109,31.95555833,-85.821172220,0,12,6,0,2,4,1,0,1,1,0,1,0,0000000,99,99,13,3,99,99,0,0,0,2,0
1,10479,2,2,0,3,89,0,31,8,2010,3,9,18,0,16,4,1154,,0,34.93217500,-86.560580560,0,12,2,0,1,1,1,0,1,1,0,1,0,0000000,99,99,9,19,99,99,0,0,0,1,0
1,10480,1,1,0,2,61,0,1,9,2010,4,23,10,0,6,4,1234,,0,31.02802222,-85.703358330,0,1,0,0,1,1,1,0,3,1,0,1,0,0000000,99,99,23,27,99,99,0,0,0,1,1
1,10481,1,1,0,1,97,0,2,9,2010,5,22,50,0,6,2,US-SR 17,,156,30.87180278,-88.197008330,0,34,0,0,1,1,4,0,3,1,0,1,0,0000000,99,99,23,5,88,88,0,0,0,1,1
1,10482,1,1,0,1,51,0,2,9,2010,5,0,20,0,6,2,US-SR 9,,1150,32.45746944,-86.198483330,0,24,0,0,1,1,4,0,3,1,0,1,0,0000000,88,88,88,88,88,88,0,0,0,1,1
1,10483,1,1,0,2,91,0,4,9,2010,7,3,50,0,4,4,1267,,0,32.00385556,-87.909808330,0,32,0,0,1,1,4,0,3,1,0,1,0,0000000,99,99,4,42,99,99,0,0,0,1,0
1,10484,2,2,0,6,81,200,4,9,2010,7,11,26,0,14,3,SR-147,,0,32.59614444,-85.507644440,0,12,2,0,1,1,1,0,1,1,0,1,0,0000000,99,99,11,32,99,99,0,0,0,1,0
1,10485,2,2,0,2,15,0,5,9,2010,1,18,40,0,14,3,SR-202,,68,33.64731389,-85.863577780,0,12,8,0,8,1,1,0,1,1,0,1,0,0000000,99,99,18,55,99,99,0,0,0,1,0
1,10486,1,1,1,1,125,3050,8,9,2010,4,5,48,0,16,6,5287,5621,0,33.19265000,-87.617844440,0,9,0,0,3,3,1,0,3,1,0,1,0,0000000,99,99,6,17,99,99,0,0,0,1,0
1,10487,1,1,0,1,51,1025,9,9,2010,5,23,5,0,6,3,SR-111,,45,32.57727778,-86.243297220,0,1,0,0,1,1,4,0,3,1,0,1,0,0000000,99,99,23,28,88,88,0,0,0,1,0
1,10488,2,2,0,3,55,0,9,9,2010,5,15,30,0,6,4,1165,,0,34.11426389,-86.168486110,0,12,6,0,8,1,1,0,1,1,0,1,0,0000000,99,99,15,40,88,88,0,0,0,1,0
1,10489,1,1,0,2,89,0,11,9,2010,7,22,50,0,16,4,1189,,0,34.91639444,-86.554005560,0,42,0,0,1,1,4,0,3,1,0,1,0,0000000,99,99,23,11,99,99,0,0,0,1,1
1,10490,1,1,0,2,3,0,11,9,2010,7,12,40,1,1,1,I-65,,310,30.94493889,-87.871700000,0,1,0,0,1,1,1,0,1,2,0,2,0,0000000,99,99,12,55,99,99,0,0,0,1,0
1,10491,1,1,0,2,123,60,10,9,2010,6,15,37,0,14,3,SR-22,882,0,32.92463333,-85.947891670,0,30,0,0,2,3,4,0,1,1,0,1,0,0000000,99,99,15,45,99,99,0,0,0,1,0
1,10492,1,1,0,1,7,3306,11,9,2010,7,20,35,0,6,4,1209,,0,33.19149167,-87.146419440,0,42,0,0,1,1,4,0,3,1,0,1,0,0000000,99,99,20,50,88,88,0,0,0,1,1
1,10493,1,1,0,4,81,2340,12,9,2010,1,4,34,1,1,1,I-85,,612,32.63503889,-85.366227780,0,1,0,0,1,1,1,0,3,1,0,1,0,0000000,99,99,4,49,99,99,0,0,0,1,0
1,10494,1,1,0,2,17,3111,19,9,2010,1,1,49,0,16,4,1269,,0,32.78349167,-85.214977780,0,32,0,0,1,1,4,0,3,1,0,1,0,0000000,99,99,1,56,88,88,0,0,0,2,1
1,10495,1,1,0,1,49,2030,22,9,2010,4,22,30,0,14,3,SR-117,,0,34.56991944,-85.600205560,0,42,0,0,1,1,4,0,3,1,0,1,0,0000000,99,99,23,0,88,88,0,0,0,1,0
1,10496,1,1,1,1,91,900,25,9,2010,7,20,57,1,13,2,US-SR 8,,0,32.49189444,-87.857300000,0,8,0,0,1,1,1,0,3,2,0,2,0,0000000,88,88,88,88,88,88,0,0,0,1,0
1,10497,2,2,0,3,117,770,1,10,2010,6,17,49,0,14,3,SR-25,,0,33.16538889,-86.629600000,0,12,6,0,1,1,1,0,1,1,0,1,0,0000000,99,99,17,58,99,99,0,0,0,1,0
1,10498,1,1,0,1,21,0,11,9,2010,7,13,45,0,6,4,1282,,0,32.72578056,-86.467341670,0,42,0,0,1,1,4,0,1,1,0,1,0,0000000,99,99,14,0,88,88,0,0,0,1,1
1,10499,2,2,0,2,67,0,16,8,2010,2,17,48,0,4,3,SR-95,7277,405,31.67884722,-85.199933330,0,12,6,0,2,2,1,0,1,1,0,1,0,0000000,99,99,18,0,99,99,0,0,0,1,0
1,10500,1,1,0,3,9,0,28,8,2010,7,2,45,0,6,4,1018,,0,33.87016667,-86.923861110,0,32,0,0,1,1,4,0,3,1,0,1,0,0000000,99,99,15,10,99,99,0,0,0,1,1
1,10501,2,1,0,3,49,750,31,8,2010,3,7,20,1,11,1,I-59,,2054,34.27685556,-85.877552780,0,14,0,0,5,1,2,0,1,1,0,1,0,0000000,99,99,7,27,99,99,0,0,0,1,0
1,10502,1,1,0,3,133,0,3,9,2010,6,16,12,0,4,3,SR-195,,181,34.07796667,-87.390125000,0,35,0,0,1,1,4,0,1,1,0,1,0,0000000,99,99,16,18,99,99,0,0,0,2,0
1,10503,2,2,0,6,79,0,3,9,2010,6,19,0,1,2,3,SR-24,8164,601,34.53798889,-87.158747220,0,12,6,0,2,2,1,0,1,1,0,1,0,0000000,99,99,19,15,99,99,0,0,0,2,0
1,10504,2,2,0,3,83,170,7,9,2010,3,19,17,0,13,2,US-SR 3,,3703,34.77330000,-86.957238890,0,12,1,0,1,1,1,0,5,1,0,1,0,0000000,99,99,19,31,99,99,0,0,0,1,0
1,10505,1,1,0,1,89,0,7,9,2010,3,13,40,1,2,2,US-SR 1,,3499,34.93859167,-86.571813890,0,1,0,0,1,1,3,0,1,1,0,1,0,0000000,99,99,13,50,99,99,0,0,0,1,0
1,10506,1,1,0,1,43,0,10,9,2010,6,13,30,0,2,3,SR-67,,41,34.22078056,-86.543694440,0,35,0,0,1,1,4,0,1,1,0,1,0,0000000,99,99,14,12,88,88,0,0,0,1,0
1,10507,1,1,0,1,125,3050,10,9,2010,6,4,10,0,16,6,6252,,0,33.17340833,-87.454530560,0,1,0,0,1,1,4,0,3,1,0,1,0,0000000,88,88,88,88,88,88,0,0,0,1,0
1,10508,1,1,0,1,117,0,11,9,2010,7,19,50,0,6,4,1203,,0,33.46552222,-86.466975000,0,42,0,0,1,1,4,0,3,1,0,1,0,0000000,99,99,20,0,88,88,0,0,0,1,0
1,10509,1,1,0,2,103,0,11,9,2010,7,20,48,0,4,4,1553,,0,34.46745278,-86.665219440,0,42,0,0,1,1,4,0,3,5,0,5,0,0000000,99,99,22,6,99,99,0,0,0,1,1
1,10510,1,1,0,3,91,0,11,9,2010,7,20,45,0,3,3,SR-69,,890,32.47033333,-87.710391670,0,1,0,0,1,1,4,0,3,1,0,1,0,0000000,99,99,21,22,99,99,0,0,0,1,0
1,10511,1,1,0,1,101,0,13,9,2010,2,7,15,1,1,1,I-65,,1600,32.22673333,-86.390380560,0,23,0,0,1,1,4,0,1,1,0,1,0,0000000,99,99,7,26,88,88,0,0,0,1,0