STATE,ST_CASE,VE_TOTAL,VE_FORMS,PEDS,PERSONS,COUNTY,CITY,DAY,MONTH,YEAR,DAY_WEEK,HOUR,MINUTE,NHS,ROAD_FNC,ROUTE,TWAY_ID,TWAY_ID2,MILEPT,LATITUDE,LONGITUD,SP_JUR,HARM_EV,MAN_COLL,RELJCT1,RELJCT2,TYP_INT,REL_ROAD,WRK_ZONE,LGT_COND,WEATHER1,WEATHER2,WEATHER,SCH_BUS,RAIL,NOT_HOUR,NOT_MIN,ARR_HOUR,ARR_MIN,HOSP_HR,HOSP_MN,CF1,CF2,CF3,FATALS,DRUNK_DR
1,10512,1,1,0,1,93,0,15,9,2010,4,0,22,1,2,2,US-SR 4,,137,34.09817778,-88.017041670,0,34,0,0,1,1,3,0,3,1,0,1,0,0000000,99,99,0,31,88,88,0,0,0,1,0
1,10513,3,3,0,5,113,0,16,9,2010,5,15,5,1,2,2,US-SR 1,,909,32.21479722,-85.168472220,0,12,7,0,1,1,1,0,1,1,0,1,0,0000000,99,99,15,20,88,88,14,0,0,2,1
1,10514,1,1,0,1,133,0,18,9,2010,7,21,25,0,6,4,1039,,0,34.07680833,-87.543269440,0,42,0,0,1,1,4,0,3,1,0,1,0,0000000,99,99,21,52,99,99,0,0,0,1,0
1,10515,2,2,0,7,81,200,18,9,2010,7,23,10,1,16,3,SR-147,,0,32.60785556,-85.507794440,0,12,6,0,1,1,1,0,3,1,0,1,0,0000000,99,99,23,20,99,99,0,0,0,1,0
1,10516,1,1,0,1,95,0,18,9,2010,7,13,0,0,6,4,1582,,0,34.49293889,-86.128327780,0,30,0,0,1,1,4,0,1,1,0,1,0,0000000,99,99,13,8,88,88,0,0,0,1,1
1,10517,1,1,0,2,97,2100,19,9,2010,1,1,45,0,13,6,S017,,10,30.71035000,-88.080805560,0,30,0,0,1,1,4,0,3,1,0,1,0,0000000,99,99,1,53,99,99,0,0,0,1,1
1,10518,2,2,0,6,41,0,19,9,2010,1,14,35,1,2,4,7237,7,0,31.61389167,-86.265038890,0,12,6,0,2,2,1,0,1,1,0,1,0,0000000,99,99,15,0,99,99,0,0,0,1,0
1,10519,2,2,0,3,101,0,19,9,2010,1,23,10,1,1,1,I-65,,1640,32.26970833,-86.353075000,0,12,2,0,1,1,1,0,3,1,0,1,0,0000000,99,99,23,25,88,88,0,0,0,1,0
1,10520,1,1,0,2,115,0,19,9,2010,1,8,25,1,1,1,I-59,,1631,33.83449167,-86.329750000,0,42,0,0,1,1,3,0,1,1,0,1,0,0000000,99,99,8,48,99,99,0,0,0,1,0
1,10521,1,1,0,1,129,0,20,9,2010,2,16,8,0,6,4,7067,,0,31.19111111,-88.007944440,0,10,0,0,6,1,1,0,1,1,0,1,0,727760C,99,99,16,23,88,88,0,0,0,1,0
1,10522,1,1,0,2,97,0,21,9,2010,3,18,25,0,6,3,SR-188,,60,30.45088333,-88.279802780,0,1,0,0,1,1,4,0,3,1,0,1,0,0000000,99,99,18,55,99,99,0,0,0,1,0
1,10523,2,2,0,2,125,0,23,9,2010,5,12,45,0,6,4,1271,,0,33.26421111,-87.552283330,0,12,6,0,1,1,1,0,1,1,0,1,0,0000000,99,99,13,0,99,99,0,0,0,1,0
1,10524,1,1,0,1,37,0,23,9,2010,5,7,55,0,4,3,SR-259,,90,32.86958889,-86.022819440,0,34,0,0,1,1,4,0,1,1,0,1,0,0000000,99,99,8,9,99,99,0,0,0,1,0
1,10525,1,1,0,1,17,0,23,9,2010,5,7,30,0,6,4,1048,,0,32.88835278,-85.485444440,0,34,0,0,1,1,4,0,1,1,0,1,0,0000000,99,99,7,40,99,99,0,0,0,1,0
1,10526,3,3,0,5,89,0,24,9,2010,6,21,19,1,2,2,US-SR 2,,1141,34.69382500,-86.359727780,0,12,2,0,1,1,1,0,3,1,0,1,0,0000000,99,99,21,28,99,99,14,0,0,1,0
1,10527,1,1,0,1,55,0,25,9,2010,7,6,15,1,11,1,I-59,,1820,34.00718889,-86.077827780,0,25,0,0,1,1,3,0,4,1,0,1,0,0000000,88,88,88,88,88,88,0,0,0,1,0
1,10528,1,1,0,1,125,0,25,9,2010,7,17,30,0,6,4,1475,,0,33.12035556,-87.325858330,0,34,0,0,1,1,4,0,1,1,0,1,0,0000000,99,99,17,45,88,88,0,0,0,1,1
1,10529,1,1,0,1,25,0,26,9,2010,1,10,25,0,6,4,1125,,0,31.67723333,-87.942980560,0,43,0,0,1,1,4,0,1,1,0,1,0,0000000,88,88,88,88,88,88,0,0,0,1,0
1,10530,2,2,0,3,45,0,28,9,2010,3,15,30,0,4,4,1053,,0,31.34873611,-85.506244440,0,12,2,0,1,1,1,0,1,1,0,1,0,0000000,99,99,15,45,99,99,0,0,0,1,0
1,10531,1,1,0,1,25,0,30,9,2010,5,6,50,0,6,4,0465,,0,31.46797500,-87.818827780,0,34,0,0,1,1,4,0,4,1,0,1,0,0000000,99,99,7,24,99,99,0,0,0,1,0
1,10532,2,2,0,3,95,0,1,10,2010,6,21,45,0,3,3,SR-69,9214,2731,34.36488889,-86.414808330,0,12,1,0,2,2,1,0,3,1,0,1,0,0000000,99,99,21,51,99,99,0,0,0,1,0
1,10533,1,1,0,1,95,0,1,10,2010,6,13,30,0,6,4,1426,,0,34.32306667,-86.228213890,0,34,0,0,1,1,4,0,1,1,0,1,0,0000000,99,99,13,45,99,99,0,0,0,1,0
1,10534,1,1,0,1,27,0,3,10,2010,1,22,40,0,14,4,1316,,0,33.32361111,-85.682516670,0,34,0,0,1,1,4,0,3,1,0,1,0,0000000,99,99,21,51,88,88,0,0,0,1,1
1,10535,1,1,1,1,73,350,15,7,2010,5,12,10,0,16,6,5525,,0,33.52538611,-86.882291670,0,9,0,0,1,1,1,0,1,1,0,1,0,0000000,99,99,12,11,99,99,0,0,0,1,0
1,10536,1,1,1,1,73,330,24,8,2010,3,7,32,0,13,3,SR-150,,0,33.38046111,-86.932605560,0,8,0,0,1,1,2,0,1,1,0,1,0,0000000,99,99,7,36,99,99,0,0,0,1,0
1,10537,1,1,0,2,73,350,12,9,2010,1,21,25,0,16,6,3664,,0,33.47543333,-86.874486110,0,33,0,0,1,1,4,0,2,1,0,1,0,0000000,99,99,6,16,99,99,0,0,0,1,1
1,10538,1,1,0,4,73,350,14,9,2010,3,13,13,1,11,1,I-59,,1230,33.52049444,-86.854733330,0,1,0,0,1,1,4,0,1,1,0,1,0,0000000,99,99,13,20,99,99,0,0,0,1,0
1,10539,1,1,0,1,73,350,22,9,2010,4,21,14,1,11,6,3543,,0,33.50361944,-86.829044440,0,30,0,0,1,1,4,0,3,1,0,1,0,0000000,99,99,21,18,88,88,0,0,0,1,0
1,10540,1,1,1,1,73,330,25,9,2010,7,19,26,0,16,6,5404,,0,33.40841111,-86.939855560,0,8,0,0,1,1,1,0,3,1,0,1,0,0000000,99,99,19,32,99,99,0,0,0,1,0
1,10541,2,2,0,2,73,330,28,9,2010,3,14,51,0,16,6,5329,1131,0,33.40487222,-86.960427780,0,12,6,0,2,2,1,0,1,1,0,1,0,0000000,99,99,14,52,88,88,0,0,0,1,0
1,10542,3,3,0,4,89,1970,29,9,2010,4,22,46,1,12,2,US-SR 2,,897,34.75251667,-86.748658330,0,12,7,0,1,1,1,0,3,1,0,1,0,0000000,99,99,22,55,88,88,14,0,0,1,2
1,10543,2,2,0,3,89,1730,8,10,2010,6,23,54,0,13,3,SR-53,4063,3350,34.71991667,-86.600175000,0,12,6,0,2,2,1,0,3,1,0,1,0,0000000,99,99,23,59,99,99,0,0,0,1,1
1,10544,1,1,0,1,121,1870,15,10,2010,6,22,23,1,13,3,SR-77,,768,33.62173056,-86.103716670,0,34,0,0,1,1,4,0,3,1,0,1,0,0000000,99,99,22,30,88,88,0,0,0,1,0
1,10545,1,1,0,1,73,3125,19,10,2010,3,8,50,0,13,4,5042,,0,33.44275278,-86.809233330,0,24,0,0,1,1,4,0,1,1,0,1,0,0000000,99,99,8,41,88,88,0,0,0,1,0
1,10546,2,2,0,2,1,2540,23,8,2010,2,6,29,0,16,6,5004,5,0,32.43108889,-86.469847220,0,12,6,0,2,2,1,0,1,1,0,1,0,0000000,99,99,6,36,99,99,0,0,0,1,0
1,10547,1,1,0,1,97,2100,18,9,2010,7,18,40,0,6,4,1620,,0,30.85525833,-88.335688890,0,42,0,0,1,1,4,0,3,1,0,1,0,0000000,99,99,19,0,99,99,0,0,0,1,0
1,10548,1,1,0,1,81,0,23,9,2010,5,16,5,0,6,4,1188,,0,32.59974444,-85.610163890,0,10,0,0,6,1,1,0,1,1,0,1,0,831210J,99,99,16,15,88,88,0,0,0,1,0
1,10549,1,1,0,1,29,1620,26,9,2010,1,7,30,1,16,1,I-20,,1985,33.62097500,-85.609986110,0,21,0,0,1,1,3,0,1,99,0,99,0,0000000,99,99,9,42,88,88,0,0,0,1,0
1,10550,3,3,0,6,125,0,29,9,2010,4,21,20,1,2,2,US-SR 6,7761,320,33.28219444,-87.811827780,0,12,6,0,2,2,1,0,3,1,0,1,0,0000000,99,99,21,45,88,88,0,0,0,4,0
1,10551,1,1,0,1,43,0,30,9,2010,5,14,55,0,4,4,1152,,0,34.25576111,-86.822344440,0,42,0,0,1,1,4,0,1,1,0,1,0,0000000,99,99,15,5,88,88,0,0,0,1,0
1,10552,1,1,0,1,97,2100,30,9,2010,5,22,20,1,1,1,I-65,,1,30.63222500,-88.118708330,0,39,0,0,5,1,4,0,3,1,0,1,0,0000000,99,99,22,29,99,99,0,0,0,1,1
1,10553,2,2,0,2,101,2130,10,9,2010,6,23,18,0,16,6,5466,,0,32.36980278,-86.350400000,0,12,2,0,1,1,1,0,3,1,0,1,0,0000000,99,99,23,22,99,99,0,0,0,1,1
1,10554,2,2,0,3,69,930,29,9,2010,4,12,49,1,12,2,US-SR 12,1230,0,31.23186667,-85.447261110,0,12,6,0,2,2,1,0,1,1,0,1,0,0000000,99,99,12,55,99,99,0,0,0,1,0
1,10555,1,1,1,1,115,0,1,10,2010,6,16,55,0,6,4,1093,,0,33.61548611,-86.424036110,0,8,0,0,1,1,1,0,1,1,0,1,0,0000000,99,99,16,55,99,99,0,0,0,1,0
1,10556,1,1,0,1,77,0,2,10,2010,7,14,40,0,3,3,SR-17,,3418,34.93462778,-87.669225000,0,42,0,0,1,1,4,0,1,1,0,1,0,0000000,99,99,14,55,99,99,0,0,0,1,0
1,10557,1,1,0,1,83,0,2,10,2010,7,23,0,0,6,4,1179,,0,34.86810000,-87.017802780,0,30,0,0,1,1,4,0,3,1,0,1,0,0000000,99,99,23,15,88,88,0,0,0,1,1
1,10558,2,2,0,5,41,0,3,10,2010,1,6,40,1,2,2,US-SR 9,,660,31.87025833,-86.292469440,0,12,1,0,1,1,1,0,1,1,0,1,0,0000000,99,99,7,0,99,99,0,0,0,1,0
1,10559,1,1,0,2,117,0,3,10,2010,1,16,20,0,6,4,1203,,0,33.42095278,-86.488500000,0,1,0,0,1,1,1,0,1,1,0,1,0,0000000,99,99,16,40,99,99,0,0,0,2,0
1,10560,1,1,0,1,111,0,4,10,2010,2,16,37,1,2,2,US-SR 1,,1899,33.24996667,-85.451133330,0,1,0,0,1,1,4,0,1,1,0,1,0,0000000,99,99,16,55,88,88,0,0,0,1,0
1,10561,1,1,0,2,7,0,4,10,2010,2,17,25,0,3,3,SR-219,,384,32.90713611,-87.121216670,0,42,0,0,1,1,4,0,1,1,0,1,0,0000000,99,99,17,38,99,99,0,0,0,1,0
1,10562,2,2,0,2,89,1730,4,10,2010,2,14,39,0,14,6,5932,,0,34.74949722,-86.626808330,0,12,2,0,1,1,1,0,1,1,0,1,0,0000000,99,99,14,43,99,99,0,0,0,1,0
1,10563,1,1,0,1,3,0,5,10,2010,3,17,20,0,6,4,1533,,0,30.45305833,-87.581430560,0,42,0,0,1,1,4,0,1,1,0,1,0,0000000,99,99,17,35,88,88,0,0,0,1,0
1,10564,2,2,0,2,103,890,6,10,2010,4,12,9,0,6,3,SR-67,483,0,34.58385278,-87.023683330,0,12,6,1,2,2,1,0,1,1,0,1,0,0000000,99,99,12,16,99,99,0,0,0,1,0
1,10565,2,2,0,4,103,0,9,10,2010,7,11,45,1,1,1,I-65,,3340,34.54298333,-86.906286110,0,12,7,0,1,1,1,0,1,1,0,1,0,0000000,99,99,11,55,99,99,0,0,0,1,0
1,10566,2,2,0,3,69,0,10,10,2010,1,14,40,1,3,2,US-SR 1,7010,3,30.99966111,-85.407569440,0,12,1,0,3,2,1,0,1,1,0,1,0,0000000,99,99,14,55,88,88,0,0,0,1,0
1,10567,1,1,0,1,83,0,11,10,2010,2,17,40,1,2,2,US-SR 2,,835,34.75362500,-86.827144440,0,32,0,0,1,1,3,0,1,1,0,1,0,0000000,99,99,17,50,99,99,0,0,0,1,0
1,10568,1,1,0,2,55,0,12,10,2010,3,0,10,0,6,4,1090,,0,33.96067778,-85.998236110,0,34,0,0,1,1,4,0,3,1,0,1,0,0000000,99,99,0,18,99,99,0,0,0,1,0
1,10569,2,2,0,2,43,0,12,10,2010,3,13,50,1,1,1,I-65,,2910,33.94849167,-86.870147220,0,12,1,0,1,1,1,0,1,1,0,1,0,0000000,99,99,14,20,88,88,0,0,0,1,0
1,10570,1,1,0,2,97,0,12,10,2010,3,6,15,9,99,2,US-SR 42,,160,30.75269722,-88.199013890,0,33,0,0,1,1,4,0,4,1,0,1,0,0000000,99,99,6,38,99,99,0,0,0,1,0
1,10571,1,1,0,1,125,3050,14,10,2010,5,15,47,1,12,2,US-SR 6,,0,33.20611389,-87.524441670,0,25,0,0,1,1,3,0,1,1,0,1,0,0000000,99,99,15,55,88,88,0,0,0,1,0
1,10572,2,2,0,3,95,0,14,10,2010,5,17,20,0,6,4,1034,,0,34.56788889,-86.177494440,0,12,6,0,8,1,1,0,1,1,0,1,0,0000000,99,99,17,36,99,99,0,0,0,1,0
1,10573,1,1,0,3,81,0,2,10,2010,7,14,35,1,2,2,US-SR 38,,984,32.70236944,-85.527138890,0,1,0,0,1,1,3,0,1,1,0,1,0,0000000,99,99,14,50,99,99,0,0,0,1,0
1,10574,2,2,0,2,81,0,13,10,2010,4,13,13,1,2,2,US-SR 1,,1245,32.57935556,-85.157261110,0,12,7,0,1,1,1,0,1,1,0,1,0,0000000,99,99,13,22,88,88,0,0,0,1,0
1,10575,1,1,0,1,125,2260,16,10,2010,7,2,35,1,12,2,US-SR 6,,0,33.23607500,-87.552841670,0,35,0,0,1,1,4,0,3,1,0,1,0,0000000,99,99,3,4,88,88,0,0,0,1,1
1,10576,3,1,2,1,97,2100,16,10,2010,7,10,10,0,16,6,3381,,0,30.70339444,-88.215441670,0,14,0,0,1,1,7,0,1,1,0,1,0,0000000,99,99,10,20,99,99,0,0,0,1,0
1,10577,2,2,0,3,71,2720,16,10,2010,7,1,0,1,12,2,US-SR 2,,1391,34.66681667,-86.012113890,0,12,2,0,1,1,1,0,3,1,0,1,0,0000000,99,99,1,5,99,99,0,0,0,1,0
1,10578,1,1,0,2,61,0,16,10,2010,7,21,0,0,6,4,1050,,0,31.06194167,-86.034322220,0,42,0,0,1,1,4,0,3,1,0,1,0,0000000,99,99,21,19,99,99,0,0,0,1,0
1,10579,1,1,0,1,51,0,17,10,2010,1,16,30,0,4,4,1193,,0,32.67039444,-86.261766670,0,42,0,0,1,1,4,0,1,1,0,1,0,0000000,99,99,16,43,88,88,0,0,0,1,0
1,10580,2,2,0,2,97,0,18,10,2010,2,11,50,1,1,1,I-10,,80,30.51171389,-88.286861110,0,12,6,0,1,1,1,0,1,1,0,1,0,0000000,99,99,12,15,99,99,0,0,0,1,0
1,10581,1,1,0,1,133,0,21,10,2010,5,20,0,0,4,4,1314,,0,34.27261667,-87.320913890,0,1,0,0,1,1,4,0,3,1,0,1,0,0000000,99,99,22,29,88,88,0,0,0,1,1
1,10582,2,2,0,2,133,0,21,10,2010,5,13,10,1,2,3,SR-13,,2625,34.11895000,-87.607130560,0,12,2,0,1,1,1,0,1,1,0,1,0,0000000,99,99,13,32,88,88,0,0,0,2,0
1,10583,2,2,0,5,43,830,10,10,2010,1,12,30,1,2,3,SR-74,626,0,34.17652222,-86.839791670,0,12,6,0,2,2,1,0,1,1,0,1,0,0000000,99,99,12,34,99,99,0,0,0,1,0
1,10584,1,1,0,2,73,330,1,8,2010,1,1,21,1,11,1,I-459,,60,33.33791389,-86.923844440,0,24,0,0,1,1,4,0,2,1,0,1,0,0000000,99,99,1,29,99,99,0,0,0,1,1
1,10585,2,2,0,5,117,530,27,9,2010,2,17,53,0,16,6,5286,,0,33.09259722,-86.722311110,0,12,6,0,1,1,1,0,1,1,0,1,0,0000000,99,99,18,13,88,88,0,0,0,1,1
1,10586,1,1,1,1,53,180,13,10,2010,4,5,0,1,14,2,US-SR 3,201,0,31.02433056,-87.479675000,0,9,0,0,3,2,1,0,3,1,0,1,0,0000000,88,88,88,88,88,88,0,0,0,1,0
1,10587,1,1,1,4,125,3050,16,10,2010,7,1,32,0,15,3,SR-215,184,70,33.20855833,-87.540605560,0,8,0,0,3,3,1,0,3,1,0,1,0,0000000,99,99,1,42,99,99,0,0,0,1,0
1,10588,1,1,0,4,125,3050,23,10,2010,7,2,30,0,14,6,1185,,0,33.22930000,-87.510072220,0,34,0,0,1,1,4,0,3,1,0,1,0,0000000,99,99,2,39,99,99,0,0,0,1,1
1,10589,1,1,0,2,125,3050,14,10,2010,5,1,25,1,2,1,I-59,,752,33.17557222,-87.506747220,0,52,0,0,1,1,4,0,3,1,0,1,0,0000000,99,99,1,45,99,99,0,0,0,1,0
1,10590,1,1,0,1,53,0,20,10,2010,4,19,50,0,4,4,1186,,0,31.13824722,-87.338861110,0,53,0,0,1,1,4,0,3,1,0,1,0,0000000,99,99,20,23,88,88,0,0,0,1,0
1,10591,2,2,0,2,43,0,22,10,2010,6,8,20,0,5,4,1049,,0,33.96237500,-87.038150000,0,12,2,0,1,1,1,0,1,1,0,1,0,0000000,99,99,8,41,99,99,0,0,0,1,0
1,10592,1,1,0,1,131,0,22,10,2010,6,13,55,0,6,4,1068,,0,31.90198056,-87.379175000,0,42,0,0,1,1,4,0,1,1,0,1,0,0000000,99,99,15,0,88,88,0,0,0,1,0
1,10593,1,1,0,1,43,0,23,10,2010,7,0,14,0,3,3,SR-69,,2635,34.29580000,-86.562491670,0,32,0,0,1,1,4,0,6,1,0,1,0,0000000,99,99,0,33,88,88,0,0,0,1,1
1,10594,1,1,0,1,43,0,23,10,2010,7,9,0,1,2,3,SR-74,,721,34.19470833,-86.950763890,0,42,0,0,1,1,4,0,1,1,0,1,0,0000000,99,99,9,8,88,88,0,0,0,1,0
1,10595,1,1,0,1,113,0,26,10,2010,3,20,10,0,4,3,SR-165,,69,32.08190556,-85.081150000,0,30,0,0,1,1,4,0,3,1,0,1,0,0000000,99,99,20,39,88,88,0,0,0,1,1
1,10596,2,2,0,4,101,2130,30,9,2010,5,20,20,1,12,2,US-SR 6,,0,32.31246111,-86.223750000,0,12,6,0,8,1,1,0,3,1,0,1,0,0000000,99,99,20,25,88,88,0,0,0,1,1
1,10597,2,2,0,3,73,1716,18,10,2010,2,8,33,0,12,3,SR-150,,105,33.36504167,-86.824038890,0,12,2,0,1,1,1,0,1,1,0,1,0,0000000,99,99,8,38,99,99,0,0,0,1,0
1,10598,1,1,0,3,89,1730,1,11,2010,2,2,18,0,12,3,SR-53,,0,34.74987778,-86.634783330,0,33,0,0,1,1,4,0,3,1,0,1,0,0000000,99,99,2,28,99,99,0,0,0,1,0
1,10599,1,1,0,1,115,2410,3,11,2010,4,20,6,0,3,4,5093,,0,33.57396667,-86.278563890,0,34,0,0,1,1,4,0,3,2,0,2,0,0000000,99,99,20,11,88,88,0,0,0,1,1
1,10600,1,1,0,1,35,1080,4,11,2010,5,6,43,1,2,2,US-SR 12,,970,31.42163333,-87.061394440,0,32,0,0,1,1,4,0,3,3,0,3,0,0000000,99,99,6,44,88,88,0,0,0,1,0
1,10601,1,1,0,2,115,0,20,10,2010,4,15,25,1,1,1,I-20,,1620,33.60268056,-86.224844440,0,24,0,0,1,1,4,0,1,1,0,1,0,0000000,99,99,15,56,99,99,0,0,0,1,0
1,10602,1,1,0,1,65,0,22,10,2010,6,22,25,0,5,4,1254,,0,32.95533889,-87.616363890,0,42,0,0,1,1,4,0,3,1,0,1,0,0000000,99,99,22,53,88,88,0,0,0,1,1
1,10603,1,1,0,4,127,0,28,10,2010,5,15,0,1,2,2,US-SR 5,7795,1620,33.80655556,-87.137997220,0,1,0,0,3,3,4,0,1,1,0,1,0,0000000,99,99,15,20,99,99,0,0,0,1,0
1,10604,2,2,0,2,51,9997,29,10,2010,6,18,31,0,12,4,1002,,0,32.45975556,-86.407691670,0,12,1,0,1,1,1,0,3,1,0,1,0,0000000,99,99,18,36,99,99,0,0,0,1,1
1,10605,1,1,0,1,3,0,30,10,2010,7,0,10,0,6,4,1748,,0,30.83466111,-87.883705560,0,35,0,0,1,1,4,0,3,1,0,1,0,0000000,99,99,0,30,99,99,0,0,0,1,1
1,10606,1,1,0,1,5,0,30,10,2010,7,16,0,0,3,2,US-SR 6,,2348,31.94291389,-85.183019440,0,1,0,0,1,1,4,0,1,1,0,1,0,0000000,99,99,16,10,88,88,0,0,0,1,1
1,10607,2,2,0,6,99,0,30,10,2010,7,13,30,0,6,4,1277,,0,31.71393056,-87.266377780,0,12,2,0,1,1,1,0,1,1,0,1,0,0000000,99,99,14,9,99,99,0,0,0,1,1
1,10608,2,2,0,6,39,0,30,10,2010,7,12,0,1,2,2,US-SR 12,,1424,31.27411389,-86.347163890,0,12,7,0,1,1,1,0,1,1,0,1,0,0000000,99,99,12,12,99,99,0,0,0,1,1
1,10609,1,1,0,1,113,2440,30,10,2010,7,1,50,0,16,6,5453,,0,32.49918333,-85.028991670,0,42,0,0,1,1,4,0,3,1,0,1,0,0000000,99,99,2,3,88,88,0,0,0,1,1
1,10610,1,1,0,2,21,0,31,10,2010,1,8,15,0,2,2,US-SR 6,,1105,32.71188333,-86.827622220,0,42,0,0,1,1,4,0,1,1,0,1,0,0000000,99,99,8,30,99,99,0,0,0,1,0
1,10611,2,2,0,2,97,0,31,10,2010,1,17,10,0,4,4,1275,,0,30.38796111,-88.152805560,0,11,0,0,1,1,1,0,1,1,0,1,0,0000000,99,99,17,27,99,99,0,0,0,1,0
1,10612,1,1,0,1,81,0,2,11,2010,3,18,45,1,12,2,US-SR 1,,1182,32.52563889,-85.072755560,0,24,0,0,1,1,4,0,3,1,0,1,0,0000000,99,99,18,56,88,88,0,0,0,1,0
1,10613,1,1,0,1,97,0,4,11,2010,5,6,55,0,4,4,1503,,0,30.81122222,-88.387744440,0,42,0,0,1,1,4,0,1,1,0,1,0,0000000,99,99,7,23,99,99,0,0,0,1,0
1,10614,2,2,0,2,89,1730,9,11,2010,3,10,15,0,15,6,6178,,0,34.77230556,-86.597316670,0,12,6,0,8,1,1,0,1,1,0,1,0,0000000,99,99,10,17,88,88,0,0,0,1,0
1,10615,2,2,0,6,73,350,29,10,2010,6,23,15,1,11,1,I-59,,1302,33.54765278,-86.749033330,0,12,1,0,1,1,1,0,2,1,0,1,0,0000000,99,99,23,24,99,99,0,0,0,1,0
1,10616,3,1,0,1,101,2130,30,10,2010,7,23,30,0,14,6,8126,,0,32.37761389,-86.325738890,0,18,0,0,1,1,4,1,3,1,0,1,0,0000000,99,99,23,34,99,99,0,0,0,1,1
1,10617,1,1,1,1,59,2690,10,11,2010,4,17,15,0,5,4,1058,,0,34.51179444,-87.734263890,0,8,0,0,1,1,1,0,3,1,0,1,0,0000000,99,99,17,21,99,99,0,0,0,1,0
1,10618,1,1,0,1,89,1730,13,11,2010,7,23,59,0,12,4,1042,,0,34.82532500,-86.622841670,0,33,0,0,1,1,4,0,3,1,0,1,0,0000000,99,99,0,8,88,88,0,0,0,1,1
1,10619,1,1,0,5,121,680,25,9,2010,7,15,38,0,15,4,1008,,0,33.26916667,-86.374233330,0,1,0,0,1,1,4,0,1,1,0,1,0,0000000,99,99,15,40,99,99,0,0,0,1,0
1,10620,1,1,0,2,73,330,21,10,2010,5,1,30,0,15,6,1110,,0,33.36078611,-86.884002780,0,42,0,0,1,1,4,0,2,1,0,1,0,0000000,99,99,2,3,88,88,0,0,0,2,0
1,10621,1,1,0,1,115,0,10,4,2010,7,13,40,0,2,2,US-SR 25,,2066,33.89123889,-86.116344440,0,34,0,0,1,1,4,0,1,1,0,1,0,0000000,99,99,14,42,99,99,0,0,0,1,0
1,10622,2,2,0,2,83,170,3,8,2010,3,17,55,0,12,2,US-SR 3,8071,3650,34.69350556,-86.955822220,0,12,6,0,2,3,1,0,1,1,0,1,0,0000000,99,99,17,59,88,88,0,0,0,1,0
1,10623,2,2,0,3,127,0,25,10,2010,2,11,15,0,2,3,SR-118,,490,33.87038889,-87.440291670,0,12,6,0,7,1,1,0,1,1,0,1,0,0000000,99,99,11,25,99,99,0,0,0,1,0
1,10624,1,1,0,1,127,0,26,10,2010,3,22,0,0,4,3,SR-269,,310,33.68892500,-87.246697220,0,42,0,0,1,1,4,0,3,2,0,2,0,0000000,99,99,22,10,88,88,0,0,0,1,0
1,10625,1,1,1,1,97,0,26,10,2010,3,23,0,0,12,2,US-SR 17,,110,30.80793333,-88.151227780,0,8,0,0,1,1,1,0,3,2,0,2,0,0000000,99,99,23,23,88,88,0,0,0,1,1
1,10626,2,2,0,2,73,0,25,10,2010,2,6,14,1,1,1,I-59,,1391,33.62014444,-86.636202780,0,12,7,0,1,1,1,0,4,2,0,2,0,0000000,99,99,6,24,88,88,0,0,0,1,0
1,10627,3,3,0,4,97,0,27,10,2010,4,20,10,1,5,1,I-65,,185,30.87079167,-88.054969440,0,12,6,0,1,1,1,0,3,2,0,2,0,0000000,99,99,20,19,99,99,0,0,0,2,1
1,10628,1,1,2,1,81,200,5,11,2010,6,5,44,0,12,6,6078,704,0,32.58477778,-85.489055560,0,8,0,1,3,2,1,0,3,1,0,1,0,0000000,99,99,5,55,99,99,0,0,0,1,0
1,10629,3,3,0,3,89,1730,6,11,2010,7,21,22,1,12,2,US-SR 53,476,0,34.65800278,-86.569469440,0,12,6,0,2,2,1,0,3,1,0,1,0,0000000,99,99,21,27,99,99,0,0,0,1,1
1,10630,1,1,0,1,97,0,9,11,2010,3,2,39,0,14,4,1217,,0,30.48363056,-88.217072220,0,34,0,0,1,1,4,0,3,1,0,1,0,0000000,99,99,3,0,88,88,0,0,0,1,1
1,10631,2,2,0,2,3,0,10,11,2010,4,6,35,0,6,4,1837,,0,30.86990556,-87.656811110,0,12,2,0,1,1,1,0,1,1,0,1,0,0000000,99,99,6,52,99,99,0,0,0,1,0
1,10632,1,1,0,1,55,0,11,11,2010,5,5,35,0,6,4,1381,,0,34.14942500,-86.164108330,0,42,0,0,1,1,4,0,4,1,0,1,0,0000000,99,99,6,29,88,88,0,0,0,1,0
1,10633,1,1,0,1,69,2961,14,11,2010,1,0,35,0,14,4,1053,,0,31.14917222,-85.463655560,0,53,0,0,1,1,4,0,3,1,0,1,0,0000000,99,99,0,57,88,88,0,0,0,1,1
1,10634,1,1,0,1,37,0,14,11,2010,1,15,45,0,4,4,1160,,0,33.08000833,-86.079961110,0,42,0,0,1,1,4,0,1,2,0,2,0,0000000,99,99,15,57,88,88,0,0,0,1,0
1,10635,1,1,1,1,97,2100,14,11,2010,1,0,30,1,12,2,US-SR 16,,0,30.73218056,-88.058472220,0,8,0,0,1,1,1,0,3,5,0,5,0,0000000,99,99,0,35,88,88,0,0,0,1,0
1,10636,2,2,1,1,53,0,15,11,2010,2,0,0,1,1,1,I-65,,743,31.24700833,-87.245022220,0,12,7,0,1,1,1,0,3,5,2,2,0,0000000,99,99,0,28,88,88,0,0,0,1,0
1,10637,2,2,0,2,71,2720,17,11,2010,4,6,32,1,2,2,US-SR 2,43,1340,34.62153611,-86.096861110,0,12,6,1,2,3,1,0,1,1,0,1,0,0000000,99,99,6,41,99,99,0,0,0,1,0