STATE,ST_CASE,VE_TOTAL,VE_FORMS,PEDS,PERSONS,COUNTY,CITY,DAY,MONTH,YEAR,DAY_WEEK,HOUR,MINUTE,NHS,ROAD_FNC,ROUTE,TWAY_ID,TWAY_ID2,MILEPT,LATITUDE,LONGITUD,SP_JUR,HARM_EV,MAN_COLL,RELJCT1,RELJCT2,TYP_INT,REL_ROAD,WRK_ZONE,LGT_COND,WEATHER1,WEATHER2,WEATHER,SCH_BUS,RAIL,NOT_HOUR,NOT_MIN,ARR_HOUR,ARR_MIN,HOSP_HR,HOSP_MN,CF1,CF2,CF3,FATALS,DRUNK_DR
1,10638,1,1,0,1,15,100,6,11,2010,7,1,50,1,14,2,US-SR 1,,0,33.65105833,-85.826555560,0,42,0,0,1,1,3,0,3,1,0,1,0,0000000,99,99,2,1,99,99,0,0,0,1,1
1,10639,2,2,0,3,61,1060,10,11,2010,4,15,30,0,5,3,SR-52,,320,31.04326389,-85.843269440,0,12,2,0,1,1,1,0,1,1,0,1,0,0000000,99,99,15,33,99,99,0,0,0,1,0
1,10640,2,2,0,6,117,3265,12,11,2010,6,22,30,1,12,2,US-SR 38,7627,203,33.35053056,-86.535722220,0,12,6,0,2,2,1,0,3,1,0,1,0,0000000,99,99,22,36,99,99,0,0,0,3,1
1,10641,1,1,0,1,115,0,14,11,2010,1,13,0,0,6,4,1058,,0,33.49333333,-86.316019440,0,42,0,0,1,1,4,0,1,1,0,1,0,0000000,99,99,13,8,88,88,0,0,0,1,0
1,10642,2,2,0,14,83,0,16,11,2010,3,7,20,0,4,3,SR-127,,58,34.89980833,-86.989616670,0,12,6,0,1,1,1,0,1,2,0,2,1,0000000,99,99,7,40,99,99,0,0,0,1,0
1,10643,1,1,0,2,31,0,17,11,2010,4,12,20,0,5,4,1031,,0,31.22221667,-86.039858330,0,42,0,0,1,1,4,0,1,1,0,1,0,0000000,99,99,12,40,99,99,0,0,0,1,1
1,10644,2,2,0,3,79,0,17,11,2010,4,18,45,1,2,3,SR-157,,517,34.61092500,-87.456750000,0,12,1,0,1,1,1,0,3,1,0,1,0,0000000,99,99,18,56,99,99,0,0,0,2,0
1,10645,1,1,0,2,39,0,19,11,2010,6,14,30,0,6,4,1318,,0,31.40296667,-86.645511110,0,35,0,0,1,1,4,0,1,1,0,1,0,0000000,99,99,14,55,88,88,0,0,0,1,1
1,10646,1,1,0,1,11,0,20,11,2010,7,20,10,0,3,2,US-SR 6,,1825,32.11296667,-85.933705560,0,32,0,0,1,1,4,0,3,1,0,1,0,0000000,99,99,20,25,88,88,0,0,0,1,0
1,10647,1,1,0,1,95,0,21,11,2010,1,13,5,0,4,4,1372,,0,34.32222222,-86.108758330,0,32,0,0,1,1,4,0,1,1,0,1,0,0000000,99,99,13,18,88,88,0,0,0,1,0
1,10648,1,1,0,1,51,0,21,11,2010,1,14,40,0,3,3,SR-170,,101,32.63135278,-86.069125000,0,34,0,0,1,1,4,0,1,1,0,1,0,0000000,99,99,14,45,99,99,0,0,0,1,0
1,10649,1,1,0,1,3,0,21,11,2010,1,7,30,0,6,4,1809,,0,30.86934444,-87.807883330,0,1,0,0,1,1,4,0,1,1,0,1,0,0000000,99,99,7,45,88,88,0,0,0,1,1
1,10650,3,3,0,6,87,0,21,11,2010,1,6,0,1,1,1,I-85,,254,32.42637500,-85.910619440,0,12,9,0,1,1,1,0,4,5,0,5,0,0000000,99,99,6,3,99,99,19,0,0,1,0
1,10651,1,1,0,1,31,0,22,11,2010,2,18,10,0,3,3,SR-125,,85,31.50680278,-85.992072220,0,42,0,0,1,1,4,0,3,1,0,1,0,0000000,99,99,18,30,88,88,0,0,0,1,1
1,10652,1,1,0,1,97,0,24,11,2010,4,20,42,0,5,4,1665,,0,31.00190278,-88.130166670,0,34,0,0,1,1,4,0,3,1,0,1,0,0000000,99,99,21,40,99,99,0,0,0,1,1
1,10653,1,1,0,1,117,0,26,11,2010,6,16,3,0,15,4,1146,,0,33.23840000,-86.579216670,0,42,0,0,1,1,4,0,1,1,0,1,0,0000000,99,99,16,16,88,88,0,0,0,1,1
1,10654,2,2,0,2,79,0,22,11,2010,2,18,45,1,2,3,SR-24,7435,530,34.49410833,-87.258708330,0,12,6,0,2,2,1,0,3,1,0,1,0,0000000,99,99,18,55,99,99,0,0,0,1,0
1,10655,2,2,1,5,33,0,23,11,2010,3,18,9,0,5,4,1238,,0,34.66900278,-87.504736110,0,12,6,0,1,1,1,0,3,1,0,1,0,0000000,99,99,18,18,99,99,0,0,0,1,0
1,10656,4,4,0,8,51,2063,23,11,2010,3,20,24,0,14,3,SR-14,8172,0,32.50499167,-86.386244440,0,12,2,1,2,2,1,0,3,1,0,1,0,0000000,99,99,20,27,99,99,0,0,0,3,0
1,10657,1,1,0,5,23,0,26,11,2010,6,1,0,0,5,3,SR-10,,92,32.17547500,-88.306388890,0,1,0,0,1,1,4,0,3,1,0,1,0,0000000,99,99,1,40,99,99,0,0,0,2,1
1,10658,1,1,0,1,81,2812,26,11,2010,6,9,11,0,14,4,1240,,0,32.50110833,-85.109219440,0,34,0,0,1,1,4,0,1,1,0,1,0,0000000,99,99,9,27,88,88,0,0,0,1,0
1,10659,1,1,0,2,63,0,26,11,2010,6,3,0,1,1,1,I-59,,350,32.80738611,-88.016775000,0,1,0,0,1,1,4,0,3,1,0,1,0,0000000,99,99,3,34,99,99,0,0,0,1,1
1,10660,1,1,1,1,97,0,29,11,2010,2,13,15,1,11,1,I-65,,130,30.78319444,-88.099263890,0,8,0,0,1,1,1,0,1,2,0,2,0,0000000,99,99,13,25,99,99,23,0,0,1,0
1,10661,2,2,0,3,99,0,29,11,2010,2,11,15,1,2,2,US-SR 12,,738,31.49970556,-87.393955560,0,12,6,0,1,1,1,0,1,2,0,2,0,0000000,99,99,11,35,88,88,0,0,0,1,0
1,10662,1,1,0,2,45,9997,29,11,2010,2,13,16,1,12,6,1054,,0,31.29076389,-85.460383330,0,30,0,0,1,1,4,0,1,2,0,2,0,0000000,99,99,13,25,99,99,0,0,0,1,0
1,10663,3,3,0,5,113,0,29,11,2010,2,16,13,0,4,3,SR-165,,190,32.23439722,-85.002238890,0,12,6,0,1,1,1,0,1,1,0,1,0,0000000,99,99,16,30,99,99,0,0,0,1,0
1,10664,2,2,0,3,125,2260,30,11,2010,3,14,43,1,12,2,US-SR 6,607,0,33.23924167,-87.595111110,0,12,1,0,2,3,1,0,1,2,0,2,0,0000000,99,99,14,45,99,99,0,0,0,1,0
1,10665,2,2,0,3,125,0,30,11,2010,3,20,40,1,2,2,US-SR 6,7783,334,33.28138333,-87.802047220,0,12,6,0,2,3,1,0,3,1,0,1,0,0000000,99,99,9,0,99,99,0,0,0,1,0
1,10666,1,1,0,1,81,0,30,11,2010,3,14,0,1,12,2,US-SR 1,,1240,32.57585833,-85.147755560,0,30,0,0,1,1,4,0,1,2,0,2,0,0000000,99,99,14,10,99,99,0,0,0,1,0
1,10667,1,1,0,2,129,0,30,11,2010,3,7,35,0,6,4,1213,,0,31.69420278,-88.417394440,0,35,0,0,1,1,4,0,1,2,0,2,0,0000000,99,99,8,25,99,99,0,0,0,1,0
1,10668,2,2,0,2,97,0,30,11,2010,3,17,50,1,11,1,I-10,,100,30.53969722,-88.234377780,0,12,6,0,1,1,1,0,3,2,0,2,0,0000000,99,99,18,4,99,99,0,0,0,1,0
1,10669,1,1,2,1,97,2100,19,11,2010,6,5,50,1,12,2,US-SR 16,,0,30.57528056,-88.171116670,0,8,0,0,1,1,1,0,3,1,0,1,0,0000000,99,99,5,55,99,99,19,0,0,1,0
1,10670,2,2,0,2,95,0,1,12,2010,4,15,38,0,3,3,SR-69,9480,2646,34.30469444,-86.545300000,0,12,6,0,2,3,1,0,1,1,0,1,0,0000000,99,99,15,47,99,99,0,0,0,1,0
1,10671,1,1,0,1,89,1730,2,12,2010,5,22,0,0,15,6,1202,,0,34.59799444,-86.513538890,0,42,0,0,1,1,4,0,3,1,0,1,0,0000000,99,99,22,19,88,88,0,0,0,1,0
1,10672,1,1,0,2,125,0,2,12,2010,5,22,52,0,12,3,SR-171,,32,33.30002222,-87.627661110,0,35,0,0,1,1,4,0,3,1,0,1,0,0000000,99,99,23,16,99,99,0,0,0,1,1
1,10673,2,2,0,2,97,0,3,12,2010,6,12,45,1,12,2,US-SR 42,,155,30.75438889,-88.207952780,0,12,7,0,1,1,1,0,1,1,0,1,0,0000000,99,99,13,5,99,99,0,0,0,1,0
1,10674,3,3,0,4,117,2405,3,12,2010,6,14,15,0,14,4,1303,,0,33.29548611,-86.750258330,0,12,6,0,1,1,1,0,1,1,0,1,0,0000000,99,99,14,21,99,99,0,0,0,1,0
1,10675,1,1,0,1,129,0,4,12,2010,7,21,40,0,5,4,1013,,0,31.20825000,-88.431669440,0,1,0,0,1,1,4,0,3,1,0,1,0,0000000,99,99,22,43,88,88,0,0,0,1,1
1,10676,1,1,0,2,15,100,4,12,2010,7,0,37,1,14,2,US-SR 1,,0,33.65034722,-85.826800000,0,5,0,0,1,1,1,0,3,1,0,1,0,0000000,99,99,0,41,99,99,0,0,0,1,1
1,10677,1,1,0,1,113,2440,5,12,2010,1,22,55,0,14,6,5409,,0,32.47523056,-85.030038890,0,33,0,0,1,1,4,0,3,1,0,1,0,0000000,99,99,23,1,88,88,0,0,0,1,1
1,10678,1,1,0,1,117,1630,6,12,2010,2,14,25,0,15,4,1114,,0,33.26899444,-86.921702780,0,42,0,0,1,1,4,0,1,1,0,1,0,0000000,99,99,14,30,88,88,0,0,0,1,0
1,10679,2,2,0,4,17,0,6,12,2010,2,20,45,0,16,4,1380,691,0,32.74690833,-85.148044440,0,12,6,0,2,3,1,0,3,1,0,1,0,0000000,99,99,20,50,99,99,0,0,0,1,0
1,10680,1,1,1,1,117,47,7,12,2010,3,15,27,0,16,4,1125,,0,33.21522222,-86.799969440,0,8,0,0,1,1,1,0,1,1,0,1,0,0000000,99,99,15,33,99,99,0,0,0,1,0
1,10681,1,1,0,4,55,0,8,12,2010,4,15,13,0,6,4,1106,,0,34.00652222,-86.137211110,0,32,0,0,1,1,4,0,1,1,0,1,0,0000000,99,99,15,23,99,99,0,0,0,1,1
1,10682,2,2,0,4,71,0,8,12,2010,4,18,10,0,5,3,SR-40,7295,88,34.62615000,-85.847983330,0,12,6,0,2,2,1,0,3,1,0,1,0,0000000,99,99,18,20,99,99,0,0,0,1,0
1,10683,1,1,0,1,127,0,8,12,2010,4,5,55,0,4,4,1482,,0,33.82122778,-87.070794440,0,24,0,0,1,1,4,0,4,1,0,1,0,0000000,99,99,6,22,99,99,0,0,0,1,0
1,10684,1,1,1,1,103,0,9,12,2010,5,9,40,0,6,4,1075,,0,34.50027778,-87.063475000,0,8,0,0,1,1,1,0,1,1,0,1,0,0000000,99,99,9,55,99,99,0,0,0,1,0
1,10685,1,1,0,1,49,0,10,12,2010,6,17,15,0,3,3,SR-117,7969,133,34.61030556,-85.655358330,0,42,0,0,2,3,4,0,3,1,0,1,0,0000000,99,99,17,21,88,88,0,0,0,1,0
1,10686,1,1,0,1,89,0,13,12,2010,2,23,15,0,15,4,1338,,0,34.80850833,-86.764611110,0,32,0,0,1,1,4,0,3,1,0,1,0,0000000,99,99,23,21,88,88,0,0,0,1,1
1,10687,1,1,0,1,115,0,13,12,2010,2,21,30,0,4,3,SR-174,,65,33.71775278,-86.405688890,0,59,0,0,1,1,4,0,3,1,0,1,0,0000000,99,99,99,99,88,88,0,0,0,1,0
1,10688,2,2,0,2,129,0,14,12,2010,3,14,50,0,4,4,1241,7670,0,31.65531667,-88.148975000,0,12,6,0,2,3,4,0,1,1,0,1,0,0000000,99,99,15,10,88,88,0,0,0,1,0
1,10689,2,2,0,3,117,0,16,12,2010,5,13,55,0,15,4,1025,,0,33.49566944,-86.448594440,0,12,2,0,1,1,1,0,1,2,0,2,0,0000000,99,99,14,10,99,99,0,0,0,1,0
1,10690,2,2,0,4,53,1180,30,8,2010,2,14,3,0,2,2,US-SR 3,118,0,31.02001389,-87.252011110,0,12,6,0,2,3,1,0,1,1,0,1,0,0000000,99,99,14,42,99,99,0,0,0,4,0
1,10691,1,1,0,2,73,1716,11,12,2010,7,21,15,1,11,1,I-65,,2490,33.37902778,-86.781477780,0,25,0,0,1,1,4,4,3,2,0,2,0,0000000,99,99,21,21,99,99,0,0,0,1,0
1,10692,3,3,0,7,71,2720,22,12,2010,4,16,10,1,2,2,US-SR 2,43,1340,34.62154444,-86.096897220,0,12,6,1,2,2,1,0,1,1,0,1,0,0000000,99,99,16,18,99,99,0,0,0,1,0
1,10693,1,1,0,2,121,1870,24,12,2010,6,21,33,0,5,4,1433,,0,33.63511389,-86.071463890,0,43,0,0,1,1,4,0,3,1,0,1,0,0000000,99,99,21,38,99,99,0,0,0,1,0
1,10694,1,1,1,1,15,2370,31,10,2010,1,17,20,0,14,2,US-SR 4,,1545,33.59758889,-85.941655560,0,9,0,0,1,1,1,0,1,1,0,1,0,0000000,99,99,17,30,99,99,0,0,0,1,0
1,10695,1,1,0,4,81,2340,5,11,2010,6,15,0,1,11,1,I-85,,581,32.61460000,-85.405719440,0,1,0,0,1,1,1,0,1,1,0,1,0,0000000,99,99,15,41,99,99,0,0,0,1,0
1,10696,2,2,0,2,133,940,18,11,2010,5,8,15,0,4,3,SR-195,,250,34.16879444,-87.419402780,0,12,2,0,1,1,1,0,1,1,0,1,0,0000000,99,99,8,23,99,99,0,0,0,1,0
1,10697,2,2,0,2,71,1690,22,11,2010,2,12,8,1,3,2,US-SR 2,,1420,34.70204167,-85.981116670,0,12,1,0,1,1,1,0,1,1,0,1,0,0000000,99,99,12,18,99,99,0,0,0,1,0
1,10698,3,3,0,3,97,2100,23,11,2010,3,19,35,1,12,2,US-SR 42,,0,30.71950000,-88.140447220,0,12,8,0,1,1,1,0,3,1,0,1,0,0000000,99,99,19,40,88,88,0,0,0,1,1
1,10699,2,2,0,3,97,2100,27,11,2010,7,13,5,0,14,6,5568,,0,30.66085556,-88.190675000,0,12,7,0,1,1,1,0,1,1,0,1,0,0000000,99,99,13,12,88,88,0,0,0,1,0
1,10700,1,1,0,1,69,3220,27,11,2010,7,19,2,0,15,6,1251,,0,31.25786111,-85.276094440,0,32,0,0,1,1,4,0,3,1,0,1,0,0000000,99,99,19,25,88,88,0,0,0,1,1
1,10701,3,3,0,3,83,9997,29,11,2010,2,15,3,1,11,1,I-565,,20,34.63119167,-86.877850000,0,12,2,0,1,1,1,0,1,1,0,1,0,0000000,99,99,15,18,99,99,0,0,0,1,0
1,10702,1,1,1,1,97,2100,8,12,2010,4,17,20,1,12,2,US-SR 16,,0,30.73241111,-88.057300000,0,8,0,0,1,1,1,0,3,1,0,1,0,0000000,99,99,17,20,99,99,0,0,0,1,0
1,10703,1,1,0,5,121,0,27,11,2010,7,9,45,0,6,4,1117,,0,33.20942778,-86.314697220,0,42,0,0,1,1,4,0,1,1,0,1,0,0000000,99,99,10,5,99,99,0,0,0,1,0
1,10704,2,2,0,2,113,0,7,12,2010,3,16,20,0,99,4,1568,8223,0,32.34540278,-85.128341670,0,12,6,1,2,3,1,0,5,1,0,1,0,0000000,99,99,16,35,99,99,0,0,0,1,0
1,10705,1,1,0,1,83,0,11,12,2010,7,20,30,0,6,4,1027,,0,34.81011111,-87.089208330,0,43,0,0,1,1,4,0,3,2,0,2,0,0000000,99,99,20,40,99,99,0,0,0,1,0
1,10706,2,2,0,4,109,0,15,12,2010,4,7,30,0,4,2,US-SR 10,,1727,31.77354722,-85.924983330,0,12,2,0,1,1,1,0,1,3,0,3,0,0000000,99,99,7,55,99,99,0,0,0,2,0
1,10707,1,1,1,1,101,0,15,12,2010,4,8,39,1,11,1,I-65,,1605,32.22641944,-86.390750000,0,23,0,0,1,1,4,0,4,3,0,3,0,0000000,99,99,8,55,99,99,19,0,0,1,0
1,10708,1,1,0,1,11,0,16,12,2010,5,3,0,0,6,3,SR-110,,217,32.21436111,-85.904469440,0,34,0,0,1,1,4,0,3,2,0,2,0,0000000,99,99,6,0,88,88,0,0,0,1,0
1,10709,3,3,0,6,43,0,17,12,2010,6,21,45,0,4,2,US-SR 3,8422,3321,34.25020278,-86.871352780,0,12,1,0,3,3,1,0,3,1,0,1,0,0000000,99,99,23,0,99,99,0,0,0,1,1
1,10710,1,1,0,3,123,0,18,12,2010,7,11,35,0,3,3,SR-22,,1363,33.04183056,-85.687094440,0,1,0,0,1,1,4,0,1,1,0,1,0,0000000,99,99,23,56,99,99,0,0,0,1,0
1,10711,2,2,0,2,73,0,19,12,2010,1,3,30,1,11,1,I-20,,1350,33.54605833,-86.658819440,0,12,2,0,1,1,1,0,3,1,0,1,0,0000000,99,99,3,25,99,99,0,0,0,1,1
1,10712,1,1,0,1,45,0,21,12,2010,3,22,39,0,4,3,SR-105,,93,31.55913333,-85.538038890,0,42,0,0,1,1,4,0,3,1,0,1,0,0000000,99,99,22,45,99,99,20,0,0,1,0
1,10713,2,2,0,2,97,0,22,12,2010,4,4,50,0,15,4,1338,,0,30.63982222,-88.273183330,0,12,7,0,8,1,1,0,3,1,0,1,0,0000000,99,99,5,8,88,88,0,0,0,1,0
1,10714,1,1,0,1,69,0,22,12,2010,4,21,30,0,14,4,1064,,0,31.28506111,-85.426275000,0,42,0,0,1,1,4,0,3,1,0,1,0,0000000,99,99,21,40,88,88,0,0,0,1,1
1,10715,2,2,0,3,43,0,25,12,2010,7,9,45,1,2,2,US-SR 74,,711,34.19628611,-86.965975000,0,12,6,0,1,1,1,0,1,4,0,4,0,0000000,99,99,9,55,99,99,0,0,0,1,0
1,10716,2,2,0,3,51,2063,27,12,2010,2,19,5,0,15,3,SR-14,8415,0,32.48873611,-86.408838890,0,12,6,1,2,2,1,0,3,1,0,1,0,0000000,99,99,19,10,99,99,0,0,0,2,0
1,10717,1,1,0,4,115,0,30,12,2010,5,15,0,1,1,1,I-59,,1601,33.80289722,-86.368186110,0,42,0,0,1,1,4,0,1,1,0,1,0,0000000,99,99,15,10,99,99,0,0,0,1,0
1,10718,1,1,0,2,51,0,31,12,2010,6,11,15,0,4,4,1282,,0,32.65280000,-86.324694440,0,42,0,0,1,1,4,0,1,1,0,1,0,0000000,99,99,11,25,99,99,0,0,0,1,0
1,10719,1,1,1,1,89,1730,31,12,2010,6,17,23,0,14,6,5204,,0,34.61283333,-86.558755560,0,8,0,0,1,1,1,0,3,1,0,1,0,0000000,99,99,17,26,88,88,0,0,0,1,0
1,10720,2,2,0,5,117,530,11,12,2010,7,18,35,0,15,3,SR-25,7077,0,33.13842500,-86.689450000,0,12,6,0,2,2,1,0,2,1,0,1,0,0000000,99,99,18,43,99,99,0,0,0,2,0
1,10721,1,1,1,1,89,2225,3,7,2010,7,21,30,0,16,6,1164,,0,34.53421944,-86.412716670,0,49,0,0,1,1,1,0,2,1,0,1,0,0000000,99,99,21,10,99,99,0,0,0,1,0
1,10722,2,2,0,7,73,350,16,10,2010,7,12,45,1,11,1,I-59,,1320,33.57021667,-86.719450000,0,12,6,0,1,1,1,0,1,1,0,1,0,0000000,99,99,12,51,99,99,0,0,0,1,0
1,10723,1,1,0,2,73,330,23,11,2010,3,3,40,0,16,6,5222,,0,33.41167500,-86.941191670,0,1,0,0,1,1,4,0,2,1,0,1,0,0000000,99,99,3,55,88,88,0,0,0,2,0
1,10724,2,2,0,2,73,0,18,11,2010,5,9,53,1,12,2,US-SR 4,,1387,33.56363056,-86.894702780,0,12,6,0,8,1,1,0,1,1,0,1,0,0000000,99,99,9,56,88,88,0,0,0,1,0
1,10725,2,2,0,3,73,1440,2,12,2010,5,7,50,0,15,6,1436,,0,33.62198056,-86.928527780,0,12,2,0,1,1,1,0,1,1,0,1,0,0000000,99,99,7,59,99,99,0,0,0,1,0
1,10726,1,1,0,1,73,350,4,12,2010,7,0,45,0,14,6,7435,,0,33.59095278,-86.715419440,0,42,0,0,1,1,4,0,3,1,0,1,0,0000000,99,99,1,0,88,88,0,0,0,1,1
1,10727,1,1,0,4,73,330,7,12,2010,3,21,16,1,11,1,I-59,,1135,33.42799444,-86.953761110,0,24,0,0,1,1,4,0,2,1,0,1,0,0000000,99,99,21,25,99,99,0,0,0,1,1
1,10728,1,1,0,1,73,0,8,12,2010,4,18,15,0,15,4,1882,,0,33.79308889,-86.796644440,0,1,0,0,1,1,4,0,2,1,0,1,0,0000000,99,99,18,28,88,88,0,0,0,1,0
1,10729,3,3,0,6,73,350,9,12,2010,5,0,11,0,14,2,US-SR 4,04613,0,33.53063611,-86.721311110,0,12,6,0,2,2,1,0,3,1,0,1,0,0000000,99,99,0,16,99,99,20,0,0,3,0
1,10730,1,1,0,2,73,0,30,12,2010,5,0,45,0,15,4,1331,,0,33.73441389,-86.747586110,0,1,0,0,1,1,4,0,2,1,0,1,0,0000000,99,99,0,57,88,88,0,0,0,2,0
1,10731,2,2,0,2,79,2150,4,6,2010,6,8,35,1,2,3,SR-157,197,0,34.47405833,-87.268713890,0,12,6,0,2,2,1,0,1,1,0,1,0,0000000,99,99,8,36,88,88,0,0,0,1,0
1,10732,2,2,0,2,79,2150,26,8,2010,5,14,0,1,2,3,SR-24,208,520,34.49156111,-87.291955560,0,12,6,0,2,2,1,0,1,1,0,1,0,0000000,99,99,14,9,88,88,0,0,0,1,0
1,10733,2,2,0,2,3,1011,3,11,2010,4,17,40,0,5,4,1124,,0,30.39445556,-87.598327780,0,12,2,0,1,1,1,0,5,2,0,2,0,0000000,99,99,17,44,99,99,0,0,0,1,0
1,10734,1,1,0,1,73,1716,27,11,2010,7,23,45,0,14,4,5344,,0,33.40312500,-86.784997220,0,30,0,0,1,1,4,0,3,1,0,1,0,0000000,99,99,23,47,88,88,0,0,0,1,0
1,10735,1,1,1,1,53,0,9,11,2010,3,18,25,0,3,2,US-SR 15,,135,31.14956944,-86.895813890,0,9,0,0,1,1,1,0,3,1,0,1,0,0000000,99,99,18,55,99,99,0,0,0,1,1
1,10736,1,1,0,1,101,2130,22,12,2010,4,22,10,1,12,2,US-SR 3,,0,32.39195833,-86.389833330,0,1,0,0,1,1,4,0,3,1,0,1,0,0000000,99,99,22,18,88,88,0,0,0,1,0
1,10737,1,1,1,1,127,1780,24,12,2010,6,1,27,1,3,2,US-SR 5,,0,33.84054167,-87.235747220,0,8,0,0,1,1,1,0,3,1,0,1,0,0000000,99,99,1,29,88,88,0,0,0,1,0
1,10738,1,1,2,1,97,2100,30,12,2010,5,18,46,1,12,2,US-SR 17,56791,0,30.70328333,-88.078944440,0,8,0,0,2,3,1,0,3,2,0,2,0,0000000,99,99,18,52,99,99,0,0,0,1,0
1,10739,1,1,0,1,95,50,30,12,2010,5,23,0,0,3,6,1426,,0,34.30234167,-86.227805560,0,30,0,0,1,1,4,0,3,1,0,1,0,0000000,99,99,23,6,88,88,0,0,0,1,0
1,10740,2,2,0,2,125,2260,31,12,2010,6,12,30,0,12,3,SR-69,,1500,33.26446389,-87.572116670,0,12,2,0,1,1,1,0,1,1,0,1,0,0000000,99,99,12,35,99,99,0,0,0,1,0
1,10741,2,2,0,2,61,1340,9,12,2010,5,11,30,0,3,3,SR-52,,560,31.16536944,-85.489586110,0,12,6,0,1,1,1,0,1,1,0,1,0,0000000,99,99,11,43,99,99,0,0,0,1,0
1,10742,1,1,0,1,69,0,18,12,2010,7,5,15,0,4,4,1023,,0,31.11704167,-85.339450000,0,53,0,0,1,1,4,0,3,2,0,2,0,0000000,99,99,5,57,99,99,0,0,0,1,0
1,10743,2,2,1,1,89,0,25,12,2010,7,18,40,1,14,2,US-SR 2,,1080,34.74326111,-86.445944440,0,8,0,0,1,1,4,0,3,1,0,1,0,0000000,99,99,19,0,88,88,19,0,0,1,0
1,10744,1,1,0,1,33,0,28,12,2010,3,16,5,0,6,4,1312,,0,34.70939167,-87.476697220,0,1,0,0,1,1,4,0,1,1,0,1,0,0000000,99,99,4,26,99,99,0,0,0,1,1
1,10745,1,1,0,1,11,0,28,12,2010,3,1,0,0,6,3,SR-110,,170,32.26400000,-85.940594440,0,32,0,0,1,1,4,0,3,1,0,1,0,0000000,88,88,88,88,88,88,0,0,0,1,0
1,10746,1,1,0,2,79,0,28,12,2010,3,17,15,1,2,4,1150,,0,34.56960556,-87.370522220,0,53,0,0,1,1,4,0,3,1,0,1,0,0000000,99,99,17,35,88,88,0,0,0,2,1
1,10747,1,1,0,2,51,0,30,12,2010,5,4,10,0,14,4,2120,,0,32.45456667,-86.358047220,0,53,0,0,1,1,4,0,3,1,0,1,0,0000000,99,99,4,19,99,99,0,0,0,1,0
1,10748,2,2,0,4,97,0,30,12,2010,5,13,0,0,12,4,8860,9997,0,30.71730556,-88.225525000,0,12,6,1,2,2,1,0,1,2,0,2,0,0000000,99,99,13,10,99,99,0,0,0,1,0
1,10749,2,2,0,3,69,0,31,12,2010,6,18,40,1,12,2,US-SR 1,,92,31.12604167,-85.403702780,0,12,6,0,8,1,1,0,3,1,0,1,0,0000000,99,99,18,50,88,88,0,0,0,2,0
1,10750,3,3,0,6,109,0,31,12,2010,6,18,55,1,2,2,US-SR 53,,1737,31.76903889,-85.912077780,0,12,2,0,1,1,1,0,3,1,0,1,0,0000000,99,99,18,55,99,99,0,0,0,1,0
1,10751,1,1,1,1,51,2063,31,12,2010,6,21,20,0,14,3,SR-14,753,1610,32.52196667,-86.365875000,0,8,0,0,3,2,1,0,3,2,0,2,0,0000000,99,99,21,30,88,88,0,0,0,1,0
1,10752,1,1,0,2,73,1716,22,11,2010,2,3,18,0,15,6,6170,,0,33.38658056,-86.867394440,0,30,0,0,1,1,4,0,3,1,0,1,0,0000000,99,99,3,29,99,99,0,0,0,1,0
1,10753,1,1,0,3,15,100,19,11,2010,6,23,15,1,14,2,US-SR 1,,0,33.65973611,-85.826583330,0,33,0,0,1,1,4,0,3,1,0,1,0,0000000,99,99,23,17,99,99,0,0,0,1,0
1,10754,2,2,0,4,123,2940,3,4,2010,7,10,7,0,3,3,SR-14,,0,32.55160556,-85.862300000,0,12,2,0,8,1,1,0,1,1,0,1,0,0000000,10,6,10,19,10,52,0,0,0,1,0
1,10755,2,2,0,3,3,1210,2,3,2010,3,6,13,0,3,4,1124,15114,0,30.37028889,-87.653147220,0,12,6,0,2,2,1,0,1,1,0,1,0,0000000,6,12,6,19,6,55,0,0,0,1,0
1,10756,1,1,0,1,3,1210,7,3,2010,1,9,37,0,5,6,1141,,0,30.38868333,-87.674813890,0,32,0,0,1,1,4,0,1,1,0,1,0,0000000,99,99,9,40,99,99,0,0,0,1,1
1,10757,2,2,0,5,3,1210,1,7,2010,5,12,35,0,3,6,3722,15114,0,30.37028333,-87.653422220,0,12,6,1,2,2,1,0,1,1,0,1,0,0000000,99,99,99,99,99,99,0,0,0,1,0
1,10758,5,2,0,5,97,2175,28,11,2010,1,1,51,1,2,6,5001,,0,31.08654444,-88.015911110,0,12,2,0,1,1,1,0,3,1,0,1,0,0000000,99,99,2,0,99,99,0,0,0,1,0
1,10759,1,1,1,1,3,1210,2,11,2010,3,18,27,0,3,6,5001,,0,30.38481389,-87.690677780,0,8,0,0,1,1,1,0,3,2,0,2,0,0000000,99,99,18,34,99,99,0,0,0,1,0
1,10760,1,1,0,1,3,1210,24,11,2010,4,19,29,0,5,4,1170,,0,30.42126389,-87.712880560,0,34,0,0,1,1,4,0,3,1,0,1,0,0000000,99,99,99,99,99,99,0,0,0,1,1
1,10761,1,1,1,2,89,1730,29,12,2010,4,22,3,0,14,6,5420,,0,34.68971389,-86.568263890,0,8,0,0,1,1,1,0,3,1,0,1,0,0000000,22,3,22,6,22,19,0,0,0,1,0
1,10762,2,2,0,2,73,350,23,10,2010,7,6,30,1,16,6,6741,,0,33.55507222,-86.778794440,0,12,2,0,1,1,1,0,4,1,0,1,0,0000000,6,37,6,41,7,13,0,0,0,1,0
1,10763,2,2,0,2,81,200,2,9,2010,5,6,59,0,14,6,5148,,0,32.60943889,-85.475241670,0,12,6,0,8,1,1,0,1,1,0,1,0,0000000,7,5,7,18,7,55,0,0,0,1,0