STATE,ST_CASE,VE_TOTAL,VE_FORMS,PEDS,PERSONS,COUNTY,CITY,DAY,MONTH,YEAR,DAY_WEEK,HOUR,MINUTE,NHS,ROAD_FNC,ROUTE,TWAY_ID,TWAY_ID2,MILEPT,LATITUDE,LONGITUD,SP_JUR,HARM_EV,MAN_COLL,RELJCT1,RELJCT2,TYP_INT,REL_ROAD,WRK_ZONE,LGT_COND,WEATHER1,WEATHER2,WEATHER,SCH_BUS,RAIL,NOT_HOUR,NOT_MIN,ARR_HOUR,ARR_MIN,HOSP_HR,HOSP_MN,CF1,CF2,CF3,FATALS,DRUNK_DR
1,10764,1,1,0,1,83,170,16,9,2010,5,21,30,0,14,3,SR-251,,50,34.81749444,-86.921236110,0,32,0,0,1,1,4,0,3,10,0,10,0,0000000,99,99,6,40,88,88,0,0,0,1,0
1,10765,1,1,0,1,73,0,21,1,2010,5,19,4,0,99,3,SR-269,,200,33.61158056,-87.134972220,0,24,0,0,1,1,4,1,2,1,0,1,0,0000000,99,99,19,18,88,88,0,0,0,1,0
1,10766,1,1,1,1,73,1110,13,1,2010,4,5,47,1,11,1,I-20,,1192,33.49722222,-86.906400000,0,8,0,0,1,1,1,0,2,1,0,1,0,0000000,6,30,7,2,8,0,0,0,0,1,0
1,10767,1,1,1,1,73,350,28,1,2010,5,21,35,1,11,1,I-59,,0,33.52180000,-86.827236110,0,8,0,0,1,1,1,0,3,1,0,1,0,0000000,21,38,21,40,88,88,0,0,0,1,0
1,10768,1,1,0,2,73,350,6,2,2010,7,0,15,0,14,6,4486,,0,33.51518889,-86.731075000,0,30,0,0,1,1,4,0,3,2,0,2,0,0000000,0,5,0,13,0,40,0,0,0,1,0
1,10769,2,2,0,4,73,350,24,3,2010,4,21,57,1,11,1,I-59,,1320,33.57000278,-86.719647220,0,12,2,0,1,1,1,0,2,1,0,1,0,0000000,21,58,22,8,88,88,0,0,0,1,0
1,10770,2,2,0,4,73,350,27,3,2010,7,17,18,0,16,6,3478,05568,0,33.51118333,-86.881847220,0,12,6,0,2,2,1,0,1,1,0,1,0,0000000,99,99,17,23,88,88,0,0,0,1,0
1,10771,2,2,0,4,73,350,3,4,2010,7,18,20,0,14,6,1161,38068,0,33.56178889,-86.841936110,0,12,6,0,2,2,1,0,1,1,0,1,0,0000000,18,32,18,41,18,56,20,0,0,1,0
1,10772,2,2,0,5,73,350,27,6,2010,1,6,25,1,11,1,I-59,,1253,33.52092222,-86.820552780,0,12,6,0,1,1,1,0,1,1,0,1,0,0000000,6,34,6,40,88,88,0,0,0,1,0
1,10773,1,1,0,4,55,2562,21,6,2010,2,4,17,1,12,3,SR-77,,0,33.98265556,-86.068783330,0,43,0,0,1,1,4,0,3,1,0,1,0,0000000,4,31,4,50,5,27,0,0,0,1,0
1,10774,1,1,0,1,73,350,15,7,2010,5,19,31,0,16,6,7281,,0,33.54263056,-86.722261110,0,30,0,0,1,1,4,0,1,1,0,1,0,0000000,99,99,19,37,99,99,0,0,0,1,0
1,10775,1,1,0,1,73,0,3,7,2010,7,1,29,1,14,2,US-SR 38,,13,33.47429167,-86.767691670,0,43,0,0,1,1,4,0,2,1,0,1,0,0000000,1,37,1,46,88,88,0,0,0,1,1
1,10776,2,2,0,6,73,0,24,7,2010,7,0,32,1,12,3,SR-75,,26,33.62018611,-86.684891670,0,12,6,0,7,1,1,0,3,1,0,1,0,0000000,1,32,1,42,99,99,0,0,0,2,1
1,10777,1,1,0,1,71,0,22,8,2010,1,2,40,0,4,3,SR-71,,262,34.82026944,-85.661386110,0,35,0,0,1,1,4,0,3,10,0,10,0,0000000,2,45,3,12,4,3,0,0,0,1,1
1,10778,2,2,0,5,73,350,11,9,2010,7,4,45,1,11,1,I-59,,1201,33.49910556,-86.897563890,0,12,7,0,1,1,1,0,3,1,0,1,0,0000000,4,50,5,0,5,36,0,0,0,1,1
1,10779,2,2,0,5,73,350,22,11,2010,2,10,5,0,14,6,4294,36752,0,33.48418889,-86.824838890,0,12,2,1,2,2,1,0,1,1,0,1,0,0000000,99,99,10,10,99,99,0,0,0,1,0
1,10780,1,1,0,1,73,2170,9,11,2010,3,22,58,0,15,6,5351,,0,33.49125000,-86.779030560,0,43,0,0,1,1,4,0,2,1,0,1,0,0000000,23,2,23,11,23,33,0,0,0,1,1
1,10781,1,1,0,2,73,350,25,12,2010,7,2,20,0,16,6,3556,,0,33.49384444,-86.868963890,0,42,0,0,1,1,4,0,3,1,0,1,0,0000000,99,99,2,31,99,99,0,0,0,1,0
1,10782,3,3,0,4,73,330,15,11,2010,2,14,3,1,11,1,I-59,,1070,33.35333056,-87.014894440,0,12,7,0,1,1,1,0,1,2,0,2,0,0000000,14,6,14,22,88,88,0,0,0,1,0
1,10783,2,2,0,2,73,1270,22,7,2010,5,21,28,0,16,2,US-SR 3,NEW CASTLE RD,0,33.60840833,-86.796958330,0,12,6,0,3,3,1,0,3,1,0,1,0,0000000,99,99,21,34,99,99,0,0,0,1,0
1,10784,1,1,0,1,49,1230,25,7,2010,1,13,7,0,6,6,5060,,0,34.44356667,-85.751144440,0,23,0,0,1,1,4,0,1,98,0,98,0,0000000,99,99,13,15,88,88,0,0,0,1,0
1,10785,1,1,0,1,49,1230,19,8,2010,5,21,45,0,99,4,1480,,0,34.46646111,-85.618944440,0,42,0,0,1,1,4,0,8,98,0,98,0,0000000,99,99,21,55,88,88,0,0,0,1,1
1,10786,2,2,0,2,73,350,26,8,2010,5,15,7,1,11,1,I-059,,1280,33.54657222,-86.782733330,0,12,7,0,1,1,1,0,1,1,0,1,0,0000000,99,99,15,17,99,99,0,0,0,1,0
1,10787,1,1,0,1,115,0,17,9,2010,6,7,15,0,4,3,SR-23,,15,33.76802500,-86.414058330,0,34,0,0,1,1,4,0,1,1,0,1,0,0000000,99,99,7,35,99,99,0,0,0,1,0
1,10788,3,3,0,3,17,1830,6,10,2010,4,19,57,1,1,1,I-85,,752,32.80083889,-85.231761110,0,24,0,0,1,1,4,0,3,1,0,1,0,0000000,99,99,17,10,99,99,0,0,0,1,0
1,10789,2,2,0,2,27,1890,8,11,2010,2,9,5,0,4,3,SR-49,,0,33.34131944,-85.754169440,0,12,2,0,1,1,1,0,1,1,0,1,0,0000000,99,99,9,12,99,99,0,0,0,1,0
1,10790,1,1,1,1,97,2100,7,12,2010,3,17,29,0,14,6,5799,,0,30.66139444,-88.150033330,0,8,0,0,1,1,1,0,3,1,0,1,0,0000000,99,99,17,37,99,99,0,0,0,1,0
1,10791,2,2,0,3,131,540,18,2,2010,5,16,45,0,3,3,SR-10,1186,0,32.00123333,-87.315258330,0,12,6,1,2,2,1,0,1,1,0,1,0,0000000,99,99,16,53,99,99,0,0,0,1,0
1,10792,1,1,0,1,105,2020,18,8,2010,4,1,0,0,14,3,SR-14,,0,32.63722500,-87.302750000,0,99,0,0,1,1,4,0,6,99,0,99,0,0000000,99,99,99,99,88,88,0,0,0,1,1
1,10793,2,2,0,2,71,480,2,12,2010,5,18,59,0,3,2,US-SR 2,,1637,34.94586111,-85.752141670,0,12,6,1,7,1,1,0,3,1,0,1,0,0000000,99,99,18,44,99,99,0,0,0,1,0
1,10794,1,1,0,1,87,3070,22,5,2010,7,18,46,0,12,4,1132,,0,32.45603889,-85.706163890,0,38,0,0,1,1,4,0,1,1,0,1,0,0000000,99,99,18,56,88,88,0,0,0,1,1
1,10795,2,2,0,5,81,2340,23,6,2010,4,11,40,0,99,2,US-SR 38,58,1083,32.61666667,-85.401975000,0,12,6,1,2,2,1,0,1,1,0,1,0,0000000,99,99,11,52,99,99,0,0,0,1,0
2,20001,2,2,1,1,20,130,7,1,2010,5,15,15,1,11,3,SR-1 GLENN HWY ONRMP,,3,61.36284167,-149.540663890,0,12,1,1,5,1,1,0,1,10,0,10,0,0000000,15,15,15,23,88,88,23,0,0,1,0
2,20002,1,1,1,1,290,1760,23,1,2010,7,19,34,1,1,3,SR-3 PARKS HIGHWAY,,2672,64.55123333,-149.095930560,0,8,0,0,1,1,1,0,2,1,0,1,0,0000000,99,99,99,99,88,88,0,0,0,1,0
2,20003,2,2,0,4,122,0,29,1,2010,6,19,27,1,1,3,SR-1 SEWARD HIGHWAY,,652,60.75774444,-149.241050000,0,24,0,0,1,1,4,0,2,1,0,1,0,0000000,99,99,99,99,99,99,0,0,0,1,0
2,20004,2,2,0,2,122,0,25,3,2010,5,15,58,1,1,3,SR-1 SEWARD HIGHWAY,,676,60.78796111,-149.211180560,0,12,6,0,8,1,1,0,1,1,0,1,0,0000000,99,99,99,99,88,88,0,0,0,1,0
2,20005,1,1,0,2,20,0,13,4,2010,3,7,26,1,1,3,SR-1 SEWARD HIGHWAY,,1021,60.98570278,-149.501825000,0,1,0,0,1,1,4,0,1,1,0,1,0,0000000,99,99,99,99,99,99,0,0,0,1,0
2,20006,2,2,0,2,20,130,30,1,2010,7,1,53,0,14,6,ARCTIC BLVD,FIREWEED LANE,8,61.19870556,-149.897933330,0,12,6,0,2,2,1,0,3,10,0,10,0,0000000,1,55,2,0,2,24,0,0,0,1,1
2,20007,1,1,1,1,290,1910,17,1,2010,1,3,10,0,6,8,DINNEGA ST.,,99999,64.72963611,-158.110727780,0,8,0,0,1,1,1,0,2,10,0,10,0,0000000,88,88,88,88,88,88,0,0,0,1,0
2,20008,2,2,0,7,170,0,4,3,2010,5,13,0,1,1,3,SR-3 PARKS HIGHWAY,,1410,63.04484444,-149.580916670,0,12,2,0,1,1,1,0,1,10,0,10,0,0000000,13,0,14,21,17,45,0,0,0,2,0
2,20009,1,1,0,1,201,2595,14,4,2010,4,11,0,0,4,8,THORNE BAY ROAD,,12,55.70310556,-132.849469440,0,11,0,0,1,1,1,0,1,1,0,1,0,0000000,99,99,99,99,99,99,0,0,0,1,0
2,20010,1,1,0,1,240,2630,28,4,2010,4,19,25,1,1,3,SR-2 ALASKA HIGHWAY,,294,62.91833056,-141.538969440,0,35,0,0,1,1,4,0,1,10,0,10,0,0000000,19,30,20,29,88,88,0,0,0,1,1
2,20011,2,2,0,2,170,2790,3,5,2010,2,9,3,1,1,3,SR-3 PARKS HIGHWAY,,52,61.57308889,-149.395705560,0,12,2,0,1,1,1,0,1,1,0,1,0,0000000,9,10,9,14,9,46,0,0,0,2,0
2,20012,3,3,0,5,90,0,14,5,2010,6,20,52,1,11,3,SR-3 PARKS HIGHWAY,,3172,64.85870833,-147.895555560,0,12,7,0,1,1,1,0,1,1,0,1,0,0000000,20,52,20,57,99,99,0,0,0,2,0
2,20013,1,1,0,1,170,2000,21,5,2010,6,20,43,0,6,8,WOLVERINE ROAD,,21,61.65725556,-149.052425000,0,1,0,0,1,1,1,0,1,1,0,1,0,0000000,99,99,99,99,99,99,0,0,0,1,0
2,20014,2,2,0,4,122,120,29,5,2010,7,20,7,1,2,3,SR-1 STERLING HWY,,1231,59.72019167,-151.709733330,0,12,2,0,1,1,1,0,1,1,0,1,0,0000000,99,99,99,99,99,99,0,0,0,1,0
2,20015,1,1,0,2,20,130,1,6,2010,3,22,12,0,15,6,3RD AVENUE,,21,61.21951389,-149.899402780,0,5,0,0,1,1,1,0,1,10,0,10,0,0000000,22,13,22,17,22,51,0,0,0,1,0
2,20016,1,1,0,1,130,1250,21,6,2010,2,11,7,0,14,6,N TONGASS HIGHWAY,EICHNER AVE,21,55.37741111,-131.727188890,0,1,0,0,2,3,1,0,1,10,0,10,0,0000000,99,99,99,99,99,99,0,0,0,1,0
2,20017,1,1,0,1,90,0,25,6,2010,6,0,1,1,13,3,SR-2 STEESE HIGHWAY,,45,64.88480000,-147.628527780,0,24,0,0,1,1,4,0,1,1,0,1,0,0000000,99,99,99,99,88,88,0,0,0,1,1
2,20018,1,1,0,2,170,2790,26,6,2010,7,4,5,0,6,5,VINE ROAD,,17,61.55806389,-149.601936110,0,1,0,0,1,1,4,0,4,10,0,10,0,0000000,4,10,4,22,99,99,0,0,0,1,1
2,20019,1,1,0,1,90,810,26,6,2010,7,7,13,0,5,8,OLD STEESE HIGHWAY,,72,64.94661667,-147.648836110,0,42,0,0,1,1,4,0,1,1,0,1,0,0000000,88,88,88,88,88,88,0,0,0,1,1
2,20020,1,1,0,1,90,760,27,6,2010,1,23,15,1,1,3,SR-3 PARKS HIGHWAY,,3035,64.77258889,-148.261355560,0,1,0,0,1,1,2,0,1,1,0,1,0,0000000,23,24,23,47,0,24,0,0,0,1,1
2,20021,1,1,0,1,170,0,4,7,2010,1,12,30,1,1,3,SR-1 GLENN HIGHWAY,,988,61.80122222,-147.684102780,0,35,0,0,1,1,4,0,1,1,0,1,0,0000000,12,30,12,49,88,88,0,0,0,1,0
2,20022,2,2,0,2,90,770,4,7,2010,1,19,31,0,14,6,COWLES STREET,AIRPORT WAY,6,64.83695000,-147.739033330,0,1,0,0,2,2,1,0,1,10,0,10,0,0000000,99,99,99,99,19,52,0,0,0,1,0
2,20023,1,1,0,1,110,1130,23,7,2010,6,22,42,0,14,3,SR-7 GLACIER HIGHWAY,,214,58.46971667,-134.780369440,0,42,0,0,1,1,5,0,2,10,2,2,0,0000000,88,88,88,88,88,88,0,0,0,1,0
2,20024,1,1,2,1,90,770,28,7,2010,4,14,2,1,12,3,SR-2 STEESE HIGHWAY,JOHANSEN EXPY,20,64.85855556,-147.676141670,0,8,0,0,2,2,1,0,1,1,0,1,0,0000000,99,99,99,99,99,99,0,0,0,1,0
2,20025,3,3,0,5,20,130,1,7,2010,5,17,25,1,11,3,SR-1 GLENN HIGHWAY,,144,61.34716389,-149.555683330,0,12,2,0,1,1,1,0,1,10,0,10,0,0000000,17,25,17,31,18,6,0,0,0,1,0
2,20027,1,1,1,2,20,130,28,8,2010,7,22,39,0,14,6,BRAGAW ST,,11,61.21525000,-149.808422220,0,8,0,0,1,1,1,0,3,2,0,2,0,0000000,22,39,22,43,88,88,20,0,0,1,0
2,20028,1,1,0,2,90,2233,14,9,2010,3,1,47,1,1,3,SR-2 RICHARDSON HWY,,3356,64.57047500,-147.042591670,0,5,0,0,4,1,1,0,2,10,0,10,0,0000000,1,47,99,99,88,88,0,0,0,1,1
2,20029,1,1,0,9,170,2790,4,8,2010,4,10,39,0,9,9,CAMEO DR,,99999,61.41103889,-149.922302780,0,42,0,0,1,1,4,0,1,2,0,2,0,0000000,10,39,11,0,99,99,0,0,0,1,1
2,20030,2,2,0,2,170,292,18,8,2010,4,18,4,0,4,8,BIG LAKE RD,LIGHTHOUSE DR,68,61.52969167,-149.877194440,0,1,0,0,2,3,2,0,1,1,0,1,0,0000000,18,4,99,99,88,88,0,0,0,1,0
2,20031,1,1,0,1,170,2823,2,9,2010,5,19,34,1,1,3,SR-3 PARKS HIGHWAY,,296,61.68913889,-149.971147220,0,1,0,0,1,1,4,0,1,10,0,10,0,0000000,19,34,99,99,88,88,0,0,0,1,1
2,20032,4,2,0,6,122,1240,5,9,2010,1,22,57,0,6,6,OVERLAND AVE,MISSION AVE,1,60.55260556,-151.266311110,0,12,6,0,2,2,1,0,3,10,0,10,0,0000000,99,99,99,99,99,99,0,0,0,1,1
2,20033,2,2,0,3,90,770,15,9,2010,4,12,43,0,15,9,OLD STEESE HIGHWAY,,1,64.87056389,-147.670788890,0,12,6,0,4,1,1,0,1,1,0,1,0,0000000,12,47,12,49,13,27,0,0,0,1,0
2,20034,1,1,0,1,20,130,18,9,2010,7,1,30,0,15,6,HILLSIDE DR,,10,61.12052778,-149.746119440,0,39,0,0,1,1,5,0,2,5,0,5,0,0000000,88,88,88,88,88,88,0,0,0,1,1
2,20035,1,1,0,2,150,1340,16,9,2010,5,0,8,0,14,9,MISSION RD,,4,57.80041944,-152.369138890,0,52,0,0,8,1,4,0,3,1,0,1,0,0000000,99,99,99,99,99,99,0,0,0,1,1
2,20036,1,1,0,2,20,130,13,7,2010,3,19,6,1,11,3,SR-1 SEWARD HIGHWAY,,1226,61.16561111,-149.856422220,0,1,0,0,1,1,3,0,1,10,0,10,0,0000000,19,7,19,14,19,32,0,0,0,1,0
2,20037,1,1,0,2,170,2790,15,7,2010,5,16,33,0,16,9,LUCILLE ST,,29,61.62102500,-149.436894440,0,44,0,0,4,1,4,0,1,10,0,10,0,0000000,16,31,16,37,17,7,22,0,0,1,0
2,20038,2,2,0,3,240,0,26,9,2010,1,16,13,1,1,3,SR-2 ALASKA HIGHWAY,,98,62.71778056,-141.179541670,0,12,6,0,1,1,1,0,1,4,0,4,0,0000000,16,25,17,20,18,40,0,0,0,1,0
2,20039,1,1,1,2,20,130,30,9,2010,5,23,19,1,13,6,MULDOON RD,,15,61.20238889,-149.733469440,0,8,0,0,1,1,1,0,3,2,0,2,0,0000000,23,20,23,24,23,35,0,0,0,1,0
2,20040,2,2,0,3,90,1895,2,10,2010,7,15,11,1,11,3,SR-2 RICHARDSON HWY,OLD  RICHARDSON HWY,3544,64.76733889,-147.403113890,0,12,6,0,2,3,1,0,1,1,0,1,0,0000000,99,99,99,99,99,99,0,0,0,1,0
2,20041,1,1,0,2,170,2790,18,10,2010,2,17,42,0,15,9,FAIRVIEW LOOP RD,,45,61.54239444,-149.420627780,0,1,0,0,1,1,4,0,1,1,0,1,0,0000000,99,99,99,99,99,99,0,0,0,1,0
2,20042,2,2,0,3,90,760,26,10,2010,3,20,56,1,1,3,SR-3 PARKS HIGHWAY,CRIPPLE CREEK RD,3111,64.81705000,-148.042327780,0,12,6,0,2,2,1,0,2,1,0,1,0,0000000,20,56,21,2,21,40,0,0,0,1,1
2,20043,1,1,0,2,20,130,30,10,2010,7,4,55,1,11,3,SR-1 GLENN HIGHWAY,,1,61.21744722,-149.825147220,0,59,0,0,1,1,4,0,3,1,0,1,0,0000000,4,55,5,0,5,12,0,0,0,1,1
2,20044,2,2,0,3,122,1240,2,11,2010,3,11,19,1,2,9,KENAI SPUR HIGHWAY,,78,60.56919444,-151.173119440,0,12,6,0,1,1,1,0,1,1,0,1,0,0000000,99,99,99,99,99,99,19,0,0,1,0
2,20045,2,2,0,3,170,292,4,11,2010,5,17,5,0,4,9,BIG LAKE RD,,34,61.55392500,-149.814033330,0,12,2,0,1,1,1,0,5,4,0,4,0,0000000,17,8,17,17,88,88,0,0,0,1,1
2,20046,2,2,0,3,122,1815,6,11,2010,7,10,16,1,2,9,KENAI SPUR HIGHWAY,,179,60.62431389,-151.335533330,0,12,2,0,1,1,1,0,1,4,0,4,0,0000000,99,99,99,99,99,99,4,0,0,2,0
2,20047,1,1,0,5,20,130,14,11,2010,1,17,5,1,11,3,SR-1 GLENN HIGHWAY,,183,61.39293889,-149.489294440,0,35,0,0,1,1,3,0,5,10,0,10,0,0000000,17,5,17,14,99,99,0,0,0,1,0
2,20048,1,1,0,2,68,950,24,11,2010,4,17,1,1,1,3,SR-3 PARKS HIGHWAY,,2160,63.91020833,-149.077777780,0,1,0,0,1,1,5,0,5,3,0,3,0,0000000,99,99,99,99,99,99,0,0,0,1,0
2,20049,2,2,0,3,90,0,8,12,2010,4,9,45,1,1,3,SR-4 RICHARDSON HWY,,3036,64.30063056,-146.497105560,0,12,6,0,1,1,1,0,1,1,0,1,0,0000000,9,50,10,30,11,16,0,0,0,1,0
2,20050,1,1,0,1,170,292,12,12,2010,1,0,0,0,4,8,BIG LAKE ROAD,,36,61.54889167,-149.818733330,0,31,0,0,1,1,4,0,3,1,0,1,0,0000000,99,99,99,99,88,88,0,0,0,1,1
2,20051,2,2,0,2,20,0,17,12,2010,6,17,2,1,1,3,SR-1 SEWARD HIGHWAY,,1093,60.93047500,-149.356600000,0,12,2,0,1,1,1,0,2,1,0,1,0,0000000,99,99,99,99,99,99,0,0,0,1,1
2,20052,2,2,0,3,90,760,21,12,2010,3,20,0,1,11,3,SR-3 PARKS HIGHWAY,,3149,64.84550278,-147.962194440,0,12,2,0,1,1,1,0,2,1,0,1,0,0000000,99,99,99,99,99,99,0,0,0,1,1
2,20053,1,1,0,1,122,2670,23,12,2010,5,21,44,0,6,8,PUMPHOUSE ROAD,B STREET,99998,61.06942500,-151.142983330,0,48,0,0,2,3,4,0,2,1,0,1,0,0000000,99,99,99,99,88,88,0,0,0,1,1
4,40001,1,1,0,5,19,530,1,1,2010,6,2,53,1,11,1,I-10,,2613,32.18591111,-110.963286110,0,25,0,0,1,1,3,0,3,1,0,1,0,0000000,2,53,2,59,3,18,0,0,0,1,1
4,40002,1,1,0,1,13,190,2,1,2010,7,7,57,1,12,3,SR-202,,431,33.28500556,-111.761297220,0,1,0,0,1,1,4,0,1,1,0,1,0,0000000,7,59,99,99,8,35,0,0,0,1,0
4,40003,1,1,0,1,19,530,2,1,2010,7,18,24,1,13,6,GRANT RD,,0,32.25045556,-110.853316670,0,33,0,0,1,1,3,0,3,1,0,1,0,0000000,18,22,18,27,18,52,0,0,0,1,0
4,40004,2,2,0,2,17,0,4,1,2010,2,5,20,0,3,2,US-60,,3281,34.10504722,-110.156600000,0,11,0,0,1,1,1,0,2,1,0,1,0,0000000,5,24,5,43,99,99,0,0,0,1,0
4,40005,2,2,0,2,13,190,8,1,2010,6,7,26,0,14,6,VAL VISTA RD,HEARNE WAY,0,33.35718611,-111.755952780,0,12,1,0,3,3,1,0,1,1,0,1,0,0000000,7,26,7,31,8,15,0,0,0,1,0
4,40006,1,1,0,1,19,530,9,1,2010,7,6,3,0,14,6,PARK AVE,,0,32.13601111,-110.956227780,0,33,0,0,1,1,4,0,3,1,0,1,0,0000000,6,3,99,99,88,88,0,0,0,1,1
4,40008,2,2,0,3,13,370,10,1,2010,1,1,58,1,12,3,SR-51,,41,33.51969722,-112.044127780,0,12,2,0,1,1,1,0,3,1,0,1,0,0000000,2,0,2,5,2,27,0,0,0,1,1
4,40009,1,1,0,1,11,0,11,1,2010,2,21,14,0,5,3,SR-78,,1585,32.98476944,-109.181941670,0,1,0,0,1,1,1,0,2,1,0,1,0,0000000,21,14,21,32,88,88,0,0,0,1,1
4,40010,1,1,0,4,21,70,12,1,2010,3,2,2,1,1,1,I-10,,1938,32.89538889,-111.686969440,0,1,0,0,1,1,3,0,2,1,0,1,0,0000000,2,13,2,18,2,48,0,0,0,2,0
4,40012,3,3,0,3,13,370,15,1,2010,6,8,31,1,11,1,I-17,,1989,33.43809444,-112.108288890,0,1,0,1,18,1,1,0,1,1,0,1,0,0000000,8,33,8,40,9,2,14,0,0,1,0
4,40013,1,1,0,1,25,0,15,1,2010,6,23,7,1,1,1,I-17,,3052,34.75368889,-111.671155560,0,1,0,0,1,1,4,0,2,1,0,1,0,0000000,23,8,23,46,88,88,0,0,0,1,0
4,40014,1,1,0,2,13,290,18,1,2010,2,1,47,0,16,6,SIRRINE,6TH ST,0,33.40421667,-111.827708330,0,33,0,0,3,3,4,0,3,10,0,10,0,0000000,1,47,1,52,99,99,0,0,0,1,1
4,40015,1,1,0,2,5,0,19,1,2010,3,6,32,1,1,1,I-40,,2074,35.20193611,-111.473519440,0,1,0,0,1,1,3,0,2,4,0,4,0,0000000,6,32,6,50,88,88,0,0,0,2,1
4,40017,1,1,0,2,13,0,24,1,2010,1,2,1,1,2,3,SR-87,,2212,33.90247778,-111.453816670,0,25,0,0,1,1,3,0,2,10,0,10,0,0000000,2,1,2,40,99,99,0,0,0,1,0
4,40018,2,2,0,3,11,0,15,1,2010,6,11,56,0,6,9,VIRDEN RD,DAY SCHOOL RD,0,99.99990000,999.999900000,0,12,6,0,2,4,1,0,1,1,0,1,0,0000000,11,56,12,10,99,99,0,0,0,1,0
4,40019,2,2,0,3,13,290,26,1,2010,3,0,15,0,13,6,BROWN RD,GILBERT RD,0,33.43719444,-111.787869440,0,12,6,0,2,2,1,0,3,1,0,1,0,0000000,99,99,99,99,88,88,0,0,0,1,0
4,40020,1,1,1,1,13,370,29,1,2010,6,7,9,0,13,6,INDIAN SCHOOL RD,30TH ST,0,33.49510556,-112.017400000,0,15,0,0,3,3,1,0,4,10,0,10,0,0000000,99,99,99,99,99,99,0,0,0,1,0
4,40021,2,2,0,3,13,290,29,1,2010,6,15,1,0,16,6,COURY AUTO VILLAGE,,0,33.38351667,-111.826025000,0,12,6,0,8,1,1,0,1,1,0,1,0,0000000,15,1,15,10,15,55,0,0,0,1,0
4,40022,1,1,1,4,5,0,29,1,2010,6,21,51,1,1,1,I-17,,3172,34.87750833,-111.636436110,0,8,0,1,18,1,1,0,2,10,0,10,0,0000000,21,54,99,99,88,88,19,0,0,1,0
4,40023,2,2,0,3,13,370,31,1,2010,1,8,52,1,11,1,I-10,,1422,33.46222778,-112.125000000,0,12,1,0,1,1,1,0,1,1,0,1,0,0000000,8,52,8,55,88,88,0,0,0,1,0
4,40025,1,1,0,2,1,0,1,1,2010,6,99,99,0,4,2,US-191,,4876,36.61570000,-109.579730560,3,99,0,0,99,9,99,0,9,99,0,99,0,0000000,99,99,99,99,88,88,0,0,0,1,0
4,40026,1,1,0,2,5,0,1,1,2010,6,12,20,0,15,8,MOENAVE RD,,0,99.99990000,999.999900000,3,99,0,0,99,9,99,0,1,99,0,99,0,0000000,99,99,99,99,99,99,0,0,0,1,0
4,40027,1,1,0,1,13,370,3,1,2010,1,1,34,1,13,2,US-60 RAMP,,1600,33.48270833,-112.118500000,0,25,0,1,5,1,4,0,3,1,0,1,0,0000000,99,99,99,99,88,88,0,0,0,1,1
4,40028,1,1,0,2,13,370,9,1,2010,7,22,36,0,13,6,BUCKEYE RD,,0,33.43717222,-112.202200000,0,33,0,0,1,1,4,0,3,1,0,1,0,0000000,22,37,22,50,99,99,0,0,0,1,1
4,40029,2,2,0,3,13,370,15,1,2010,6,14,29,1,11,1,I-17,,2176,33.70695556,-112.116347220,0,12,7,0,1,1,1,0,1,1,0,1,0,0000000,14,29,14,35,15,21,0,0,0,1,0
4,40030,2,2,0,5,13,370,21,1,2010,5,13,5,0,14,6,59TH AVE,,0,33.49047222,-112.186450000,0,12,6,0,1,1,1,0,1,2,0,2,0,0000000,13,6,13,9,99,99,0,0,0,1,0
4,40031,1,1,1,1,21,70,24,1,2010,1,18,19,0,13,3,SR-287,KADOTA AVE,99999,32.87956111,-111.744330560,0,8,0,0,2,3,1,0,3,1,0,1,0,0000000,18,19,18,22,88,88,0,0,0,1,0
4,40032,1,1,0,1,13,0,25,1,2010,2,0,15,0,16,6,114TH AVE,,0,33.63810278,-112.299594440,0,33,0,0,1,1,3,0,3,1,0,1,0,0000000,0,15,1,12,99,99,0,0,0,1,1
4,40033,1,1,0,2,15,0,25,1,2010,2,23,59,0,6,9,CHICKEN SPRINGS RD,,0,34.67946111,-113.697580560,0,35,0,0,1,1,4,0,3,1,0,1,0,0000000,5,35,6,50,88,88,0,0,0,1,1
4,40036,2,2,0,2,19,0,29,1,2010,6,3,50,1,1,1,I-10,,2957,31.96532500,-110.459483330,0,12,2,0,1,1,1,0,2,1,0,1,0,0000000,3,50,3,53,99,99,0,0,0,1,0
4,40037,1,1,0,2,5,0,1,1,2010,6,11,20,0,5,4,TOWNSEND WINONA RD,I-40 RAMP,0,35.20235000,-111.406966670,0,25,0,1,2,2,4,0,1,1,0,1,0,0000000,11,20,11,31,99,99,0,0,0,1,1
4,40038,2,2,0,7,21,0,9,1,2010,7,11,47,0,3,3,SR-587,NELSON RD,2240,33.13217500,-111.840963890,3,12,6,0,2,3,1,0,1,1,0,1,0,0000000,11,47,11,53,99,99,0,0,0,1,1
4,40039,2,2,0,3,13,486,11,1,2010,2,7,58,0,13,6,BELL RD,115TH AVE,0,33.63875833,-112.307675000,0,12,6,0,2,3,1,0,1,1,0,1,0,0000000,9,42,9,42,99,99,0,0,0,1,0
4,40040,1,1,0,6,13,370,12,1,2010,3,21,4,0,13,6,THOMAS RD,,0,33.48050278,-112.175741670,0,33,0,0,1,1,4,0,3,1,0,1,0,0000000,21,5,21,9,99,99,0,0,0,1,0
4,40041,1,1,1,1,13,370,13,1,2010,4,18,11,0,14,6,MCDOWELL RD,16TH ST,0,33.46576111,-112.047652780,0,8,0,0,3,2,1,0,3,10,0,10,0,0000000,18,12,18,15,18,35,0,0,0,1,0