STATE,ST_CASE,VE_TOTAL,VE_FORMS,PEDS,PERSONS,COUNTY,CITY,DAY,MONTH,YEAR,DAY_WEEK,HOUR,MINUTE,NHS,ROAD_FNC,ROUTE,TWAY_ID,TWAY_ID2,MILEPT,LATITUDE,LONGITUD,SP_JUR,HARM_EV,MAN_COLL,RELJCT1,RELJCT2,TYP_INT,REL_ROAD,WRK_ZONE,LGT_COND,WEATHER1,WEATHER2,WEATHER,SCH_BUS,RAIL,NOT_HOUR,NOT_MIN,ARR_HOUR,ARR_MIN,HOSP_HR,HOSP_MN,CF1,CF2,CF3,FATALS,DRUNK_DR
4,40042,1,1,0,16,19,0,15,1,2010,6,5,43,0,5,9,MISSION RD,,0,32.03447222,-111.064230560,3,30,0,0,1,1,6,0,4,1,0,1,0,0000000,99,99,99,99,99,99,20,0,0,1,0
4,40044,2,2,0,6,13,370,1,1,2010,6,10,36,0,13,6,51ST AVE,GREENWAY RD,0,33.62516944,-112.168350000,0,12,6,0,2,2,1,0,1,1,0,1,0,0000000,10,36,10,41,99,99,0,0,0,2,0
4,40045,1,1,1,1,13,370,4,1,2010,2,21,41,0,15,6,12TH ST,,0,33.57097500,-112.056755560,0,15,0,0,1,1,1,0,3,1,0,1,0,0000000,21,41,21,45,22,0,0,0,0,1,1
4,40046,2,2,0,3,21,0,8,1,2010,6,7,27,0,6,9,OVERFIELD RD,,0,32.92726667,-111.653119440,0,12,2,0,1,1,1,0,1,1,0,1,0,0000000,7,27,7,38,88,88,0,0,0,1,0
4,40047,2,2,0,7,13,370,9,1,2010,7,1,40,0,14,6,GREENWAY RD,43RD AVE,0,33.62512500,-112.151097220,0,12,6,0,2,2,1,0,3,1,0,1,0,0000000,1,46,1,47,1,53,0,0,0,2,0
4,40049,2,2,0,2,13,158,13,1,2010,4,14,50,0,15,6,DYSART RD,ACOMA DR,0,33.61629722,-112.342055560,0,12,99,0,2,3,1,0,1,99,0,99,0,0000000,99,99,99,99,99,99,0,0,0,1,0
4,40050,1,1,1,1,13,370,18,1,2010,2,22,2,0,13,6,THOMAS RD,61ST AVE,0,33.48049444,-112.190741670,0,8,0,0,2,3,1,0,3,1,0,1,0,0000000,99,99,99,99,88,88,0,0,0,1,0
4,40051,1,1,1,1,13,370,20,1,2010,4,17,28,0,14,6,27TH AVE,,0,33.49963333,-112.117055560,0,8,0,0,1,1,1,0,1,1,0,1,0,0000000,17,28,17,32,17,41,0,0,0,1,1
4,40052,1,1,1,1,13,370,28,1,2010,5,19,20,0,13,6,19TH AVE,,0,33.54500278,-112.099633330,0,8,0,0,1,1,1,0,3,10,0,10,0,0000000,19,20,99,99,99,99,0,0,0,1,0
4,40053,2,2,0,4,5,0,27,1,2010,4,17,31,0,4,3,SR-98,,3504,36.57837500,-110.782511110,3,12,6,0,1,1,6,0,1,10,4,4,0,0000000,99,99,99,99,99,99,0,0,0,1,0
4,40054,1,1,0,1,25,386,2,2,2010,3,10,1,0,14,6,WILLOW CREEK RD,,0,34.58107778,-112.482083330,0,33,0,0,1,1,4,0,1,10,0,10,0,0000000,10,1,10,7,10,27,0,0,0,1,0
4,40055,1,1,1,1,19,530,2,2,2010,3,17,3,1,13,6,GRANT RD,14TH AVE,0,32.25013333,-110.980097220,0,8,0,0,3,3,1,0,1,10,0,10,0,0000000,17,3,17,6,17,32,0,0,0,1,0
4,40056,2,2,0,2,13,370,3,2,2010,4,9,29,0,13,6,DUNLAP AVE,15TH AVE,0,33.56755278,-112.091255560,0,12,2,0,2,3,1,0,1,1,0,1,0,0000000,9,30,9,38,99,99,0,0,0,1,0
4,40057,1,1,0,2,13,0,3,2,2010,4,17,59,0,6,9,117TH AVE,,0,33.70352222,-112.312102780,0,1,0,0,1,1,2,0,1,10,0,10,0,0000000,17,59,18,5,99,99,0,0,0,1,1
4,40058,1,1,0,1,13,290,4,2,2010,5,23,17,1,12,2,US-60,,1836,33.38650000,-111.767627780,0,25,0,0,1,1,3,0,3,1,0,1,0,0000000,23,17,23,26,23,58,0,0,0,1,1
4,40059,2,2,0,2,13,370,5,2,2010,6,2,43,1,11,1,I-10 RAMP,,1410,33.46347500,-112.134038890,0,12,1,1,5,1,1,0,3,1,0,1,0,0000000,2,43,2,50,88,88,0,0,0,1,1
4,40060,1,1,0,1,13,0,5,2,2010,6,12,4,1,13,2,US-60,,1369,33.69660278,-112.424777780,0,1,0,0,1,1,4,0,1,1,0,1,0,0000000,12,4,12,13,88,88,0,0,0,1,1
4,40062,2,2,0,2,25,65,6,2,2010,7,16,36,0,3,3,SR-260,PARK VERDE RD,99999,34.59550000,-111.892583330,0,12,6,0,3,3,1,0,1,10,2,2,0,0000000,16,35,16,42,88,88,0,0,0,1,0
4,40063,2,2,0,6,21,22,6,2,2010,7,18,21,0,15,6,PHELPS RD,,0,33.40982500,-111.550958330,0,12,6,0,1,1,1,0,5,1,0,1,0,0000000,18,25,18,28,99,99,0,0,0,1,1
4,40064,4,4,0,4,19,530,8,2,2010,2,8,37,1,13,6,TUCSON BLVD,BILBY RD,0,32.14135556,-110.934830560,0,12,6,0,2,2,1,0,1,1,0,1,0,0000000,8,37,99,99,99,99,0,0,0,1,0
4,40065,1,1,1,1,25,0,8,2,2010,2,19,15,1,2,2,US-93,,1961,34.00313889,-112.771563890,0,8,0,0,1,1,1,0,3,1,0,1,0,0000000,19,18,19,25,88,88,0,0,0,1,0
4,40067,1,1,1,1,13,420,11,2,2010,5,6,50,0,13,6,SCOTTSDALE RD,,0,33.60338889,-111.925986110,0,8,0,0,1,1,1,0,3,1,0,1,0,0000000,6,51,6,55,7,3,0,0,0,1,0
4,40068,2,2,0,2,19,530,11,2,2010,5,9,10,0,13,6,CAMPBELL AVE,FORT LOWELL RD,0,32.26487222,-110.943802780,0,12,6,0,2,2,1,1,1,1,0,1,0,0000000,9,9,9,13,9,25,0,0,0,1,0
4,40069,2,2,0,3,19,0,10,2,2010,4,20,54,1,1,1,I-19,,523,32.04023889,-110.992533330,3,12,1,0,1,1,1,0,2,2,0,2,0,0000000,20,58,21,10,99,99,0,0,0,2,0
4,40070,1,1,0,1,25,0,16,2,2010,3,13,33,0,4,3,SR-89,,2755,34.20647778,-112.754494440,0,24,0,0,1,1,4,0,1,1,0,1,0,0000000,13,33,13,41,88,88,0,0,0,1,0
4,40072,1,1,1,1,13,370,17,2,2010,4,7,13,1,11,1,I-17,,2219,33.76842778,-112.128997220,0,8,0,0,1,1,2,1,4,1,0,1,0,0000000,7,13,7,16,88,88,0,0,0,1,0
4,40073,1,1,0,1,3,0,17,2,2010,4,9,19,1,1,1,I-10,,3281,32.14556667,-109.997155560,0,1,0,0,1,1,3,0,1,1,0,1,0,0000000,9,25,9,37,88,88,0,0,0,1,0
4,40074,1,1,1,1,13,290,17,2,2010,4,13,12,0,13,6,MAIN ST,,0,33.41555556,-111.763550000,0,9,0,0,1,1,1,0,1,1,0,1,0,0000000,99,99,99,99,99,99,0,0,0,1,0
4,40075,2,2,0,2,13,0,18,2,2010,5,17,32,0,4,3,SR-74,,160,33.83076667,-112.364091670,0,12,1,0,1,1,1,0,1,1,0,1,0,0000000,17,34,17,45,88,88,0,0,0,2,0
4,40076,2,2,0,3,23,0,20,2,2010,7,99,99,0,4,3,SR-82,,135,31.48281667,-110.816861110,0,12,2,0,1,1,1,0,1,10,0,10,0,0000000,10,40,11,2,99,99,0,0,0,1,0
4,40077,1,1,0,1,3,0,21,2,2010,1,15,37,1,1,1,I-10,,3017,31.96182500,-110.357816670,0,32,0,0,1,1,3,0,1,10,0,10,0,0000000,15,37,15,50,88,88,0,0,0,1,1
4,40079,1,1,1,1,13,420,24,2,2010,4,13,12,0,15,6,DYNAMITE BLVD,,0,33.74517222,-111.855277780,0,9,0,0,1,1,1,0,1,10,0,10,0,0000000,13,14,13,18,14,7,0,0,0,1,0
4,40080,1,1,0,1,19,0,26,2,2010,6,20,12,1,13,9,ORANGE GROVE RD,,0,32.32319722,-110.999594440,0,30,0,0,1,1,4,0,2,1,0,1,0,0000000,20,12,20,20,88,88,0,0,0,1,1
4,40081,1,1,1,1,13,0,27,2,2010,7,1,28,0,4,3,SR-74,,166,33.83445833,-112.354686110,0,8,0,0,1,1,1,0,2,1,0,1,0,0000000,1,29,1,51,2,24,0,0,0,1,0
4,40082,2,2,0,2,25,0,27,2,2010,7,3,3,1,2,2,US-93,,1626,34.36396944,-113.175594440,0,12,2,0,1,1,1,0,2,1,0,1,0,0000000,3,28,3,59,99,99,0,0,0,1,0
4,40083,1,1,0,4,19,0,27,2,2010,7,14,49,1,1,1,I-19,,474,31.96657222,-110.989088890,0,1,0,0,1,1,1,0,1,1,0,1,0,0000000,14,51,14,56,99,99,0,0,0,1,0
4,40084,2,2,0,2,13,0,27,2,2010,7,15,54,1,2,2,US-60,211TH AVE,1299,33.76641667,-112.514147220,0,12,6,0,2,3,1,0,1,10,0,10,0,0000000,15,44,16,0,16,40,0,0,0,1,0
4,40085,2,2,0,3,13,370,1,2,2010,2,0,34,0,13,6,19TH AVE,BASELINE RD,0,33.37774722,-112.099169440,0,12,6,0,2,2,1,0,3,1,0,1,0,0000000,0,34,99,99,99,99,20,0,0,1,1
4,40086,2,2,0,3,13,370,5,2,2010,6,19,13,0,14,6,VAN BUREN ST,57TH DR,0,33.45138333,-112.182902780,0,12,2,0,3,3,1,0,3,1,0,1,0,0000000,19,14,19,18,99,99,0,0,0,1,1
4,40087,3,3,0,5,25,0,25,2,2010,5,14,18,1,1,1,I-17,,2904,34.61330833,-111.854880560,0,12,1,0,1,1,1,0,1,1,0,1,0,0000000,14,19,14,29,88,88,14,0,0,1,0
4,40088,2,2,1,2,13,370,4,2,2010,5,6,50,0,13,6,35TH AVE,SHERMAN ST,0,33.44058611,-112.134566670,0,8,0,0,3,2,1,0,2,1,0,1,0,0000000,99,99,99,99,88,88,0,0,0,1,0
4,40089,2,2,0,2,13,0,4,2,2010,5,16,6,0,6,4,331ST AVE,SALOME HWY,0,33.37338056,-112.763838890,0,12,6,0,2,2,1,0,1,1,0,1,0,0000000,16,6,16,14,88,88,0,0,0,1,0
4,40090,1,1,6,1,13,200,9,2,2010,3,18,42,0,14,6,67TH AVE,,0,33.52687222,-112.203116670,0,8,0,0,1,1,1,0,5,1,0,1,0,0000000,18,47,18,51,19,12,0,0,0,1,0
4,40091,1,1,0,2,21,0,12,2,2010,6,15,48,0,6,9,ARIZONA FARMS RD,,0,32.67104444,-111.425905560,0,10,0,0,6,1,1,0,1,1,0,1,0,741713D,99,99,99,99,99,99,0,0,0,1,0
4,40092,2,2,0,4,13,370,13,2,2010,7,20,35,0,14,6,43RD AVE,MCDOWELL RD,0,33.46597222,-112.151816670,0,12,6,0,2,2,1,0,3,1,0,1,0,0000000,20,36,20,39,99,99,0,0,0,2,1
4,40093,2,2,0,2,13,290,16,2,2010,3,17,0,0,14,6,DOBSON RD,,0,99.99990000,999.999900000,0,12,99,0,8,1,1,0,1,99,0,99,0,0000000,99,99,99,99,99,99,0,0,0,1,0
4,40095,2,2,0,3,13,370,28,2,2010,1,3,23,0,14,6,43RD AVE,,0,33.49969444,-112.151633330,0,12,2,0,1,1,1,0,3,10,0,10,0,0000000,3,23,3,28,99,99,0,0,0,2,1
4,40096,2,2,0,2,13,370,21,2,2010,1,18,24,0,13,6,JEFFERSON ST,20TH ST,0,33.44719722,-112.038097220,0,12,6,0,2,2,1,0,3,1,0,1,0,0000000,18,27,18,33,99,99,0,0,0,1,0
4,40097,1,1,0,1,13,200,1,3,2010,2,16,24,1,12,3,SR-101,,170,33.66780000,-112.213875000,0,42,0,1,17,1,4,0,1,1,0,1,0,0000000,16,24,16,30,99,99,0,0,0,1,0
4,40098,1,1,1,1,13,420,2,3,2010,3,9,38,0,13,6,MCKELLIPS RD,,0,33.45123611,-111.925627780,0,8,0,0,1,1,1,0,1,1,0,1,0,0000000,9,30,9,32,9,59,0,0,0,1,0
4,40099,2,2,0,3,21,110,4,3,2010,5,18,12,0,6,6,RANDOLPH RD,ELEVEN MILE CORNERRD,0,32.92321389,-111.566708330,0,12,6,0,2,2,1,0,1,1,0,1,0,0000000,18,15,18,25,20,16,0,0,0,1,0
4,40100,1,1,1,1,19,530,4,3,2010,5,20,2,0,14,6,FORT LOWELL RD,,0,32.26481667,-110.957886110,0,8,0,0,1,1,1,0,2,1,0,1,0,0000000,20,2,99,99,99,99,0,0,0,1,0
4,40102,2,2,0,23,21,0,5,3,2010,6,5,27,1,1,1,I-10,,1742,33.13742500,-111.856869440,3,12,1,0,1,1,1,0,3,1,0,1,0,0000000,5,27,5,36,99,99,0,0,0,6,0
4,40103,1,1,0,1,25,0,5,3,2010,6,6,12,1,2,2,US-93,,1504,34.46556944,-113.306219440,0,58,0,0,1,1,4,0,3,1,0,1,0,0000000,6,12,6,35,88,88,0,0,0,1,0
4,40105,6,6,0,8,13,190,6,3,2010,7,19,51,0,16,6,GREENFIELD RD,CLAXTON AVE,0,33.27890278,-111.737947220,0,12,1,0,3,3,1,0,3,10,0,10,0,0000000,19,54,19,59,99,99,14,0,0,2,0
4,40106,1,1,1,1,13,290,6,3,2010,7,19,55,0,13,6,MESA DR,,0,33.40705833,-111.822977780,0,8,0,0,1,1,1,0,3,10,0,10,0,0000000,19,55,19,59,20,30,0,0,0,1,0
4,40107,1,1,0,2,19,530,8,3,2010,2,0,5,1,13,6,GRANT RD,ROSEMONT BLVD,0,32.25076111,-110.884038890,0,30,0,0,3,2,4,0,3,2,0,2,0,0000000,0,4,0,4,0,23,0,0,0,1,0
4,40108,2,2,0,2,9,0,8,3,2010,2,19,55,0,3,2,US-70,,3487,32.79785278,-109.561811110,0,12,2,0,1,1,1,0,2,1,0,1,0,0000000,19,59,20,8,88,88,0,0,0,1,0
4,40109,1,1,0,1,13,370,9,3,2010,3,1,16,1,11,7,I-17 FRONTAGE RD,,2120,33.64207222,-112.116036110,0,1,0,1,19,1,2,0,3,1,0,1,0,0000000,1,17,1,24,88,88,0,0,0,1,1
4,40110,1,1,0,2,13,0,9,3,2010,3,4,3,1,11,1,I-10,,1207,33.46264722,-112.495880560,0,24,0,0,1,1,4,1,3,1,0,1,0,0000000,4,3,4,14,99,99,0,0,0,1,1
4,40111,1,1,1,1,5,170,10,3,2010,4,21,46,0,16,6,INDUSTRIAL DR,,0,35.22042222,-111.584100000,0,8,0,0,1,1,1,0,6,99,0,99,0,0000000,99,99,99,99,99,99,0,0,0,1,0
4,40113,1,1,0,5,3,0,13,3,2010,7,14,12,1,1,1,I-10,,3084,31.96886667,-110.244016670,0,1,0,0,1,1,3,0,1,1,0,1,0,0000000,14,13,14,20,15,30,0,0,0,2,0
4,40114,1,1,0,2,25,373,14,3,2010,1,4,14,0,15,6,LAKESHORE DR,,0,34.61051389,-112.296138890,0,35,0,0,1,1,4,0,6,1,0,1,0,0000000,4,15,4,27,4,46,0,0,0,1,1
4,40115,1,1,1,1,19,530,15,3,2010,2,21,3,1,13,6,RIVER RD,,0,32.29730833,-110.981269440,0,8,0,0,1,1,1,0,3,1,0,1,0,0000000,99,99,99,99,99,99,0,0,0,1,0
4,40116,1,1,0,1,19,0,16,3,2010,3,15,41,0,5,9,MISSION RD,,0,31.97147778,-111.094066670,0,35,0,0,1,1,6,0,1,1,0,1,0,0000000,15,41,15,51,88,88,0,0,0,1,1
4,40117,2,2,0,5,21,0,17,3,2010,4,15,48,0,3,3,SR-79,,1199,32.87071944,-111.250077780,0,12,2,0,1,1,1,0,1,1,0,1,0,0000000,15,49,16,12,99,99,0,0,0,1,0
4,40118,1,1,1,2,13,290,17,3,2010,4,19,50,0,14,6,BROWN RD,,0,33.43541667,-111.824261110,0,15,0,0,1,1,1,0,3,1,0,1,0,0000000,19,50,19,54,20,20,0,0,0,1,0
4,40120,2,2,0,4,17,0,19,3,2010,6,9,51,0,4,3,SR-377,HUTCH RD,154,34.66286944,-110.327633330,0,12,11,0,3,3,1,0,1,6,10,6,0,0000000,9,52,10,22,11,55,0,0,0,1,0
4,40122,1,1,1,1,19,530,20,3,2010,7,21,54,1,13,6,CONGRESS ST,GRANADA AVE,0,32.22145278,-110.975986110,0,8,0,0,3,2,1,2,3,10,0,10,0,0000000,21,54,21,56,22,10,0,0,0,1,1
4,40123,1,1,1,5,5,0,22,3,2010,2,19,30,1,2,2,US-89,,4466,35.60068889,-111.525852780,0,8,0,0,1,1,1,0,2,1,0,1,0,0000000,19,30,19,55,99,99,0,0,0,1,0
4,40124,1,1,1,1,13,200,23,3,2010,3,19,3,0,13,6,OLIVE AVE,,0,33.56751667,-112.177438890,0,8,0,0,1,1,1,0,3,1,0,1,0,0000000,99,99,99,99,99,99,0,0,0,1,0
4,40125,3,3,0,3,19,530,24,3,2010,4,8,35,0,13,6,22ND ST,,0,32.20642778,-110.842600000,0,12,8,0,1,1,1,0,1,1,0,1,0,0000000,8,35,99,99,99,99,19,0,0,1,0
4,40126,2,2,0,2,13,290,24,3,2010,4,12,3,0,15,6,SIGNAL BUTTE RD,MAIN ST,0,33.41390000,-111.597994440,0,12,6,0,2,2,1,0,1,1,0,1,0,0000000,12,3,12,8,12,50,0,0,0,1,0
4,40127,2,2,0,2,19,0,24,3,2010,4,14,17,0,4,9,SANDARIO RD,,0,32.27407222,-111.218719440,0,12,2,0,1,1,1,0,1,1,0,1,0,0000000,14,19,14,22,14,50,0,0,0,1,0
4,40128,2,2,0,3,19,530,26,3,2010,6,5,57,0,14,6,PRINCE RD,,0,32.27209444,-110.992319440,0,12,6,0,8,1,1,0,1,1,0,1,0,0000000,5,54,5,59,6,16,0,0,0,1,1
4,40129,2,2,0,4,21,0,26,3,2010,6,99,99,0,3,3,SR-347,FARRELL RD,1715,33.02906944,-112.047861110,0,12,6,0,2,2,1,0,1,1,0,1,0,0000000,7,55,7,57,9,0,0,0,0,1,0
4,40130,1,1,1,2,1,0,28,3,2010,1,11,39,0,4,2,US-191,BIA 59,4616,36.35377778,-109.617541670,3,8,0,0,3,3,1,0,1,1,0,1,0,0000000,11,39,11,42,12,35,0,0,0,1,0
4,40131,1,1,1,1,13,0,20,2,2010,7,20,37,0,6,9,GATES RD,,0,33.85127778,-112.634733330,0,8,0,0,1,1,1,0,2,2,0,2,0,0000000,20,37,20,52,99,99,0,0,0,1,1
4,40132,2,2,0,3,13,192,31,3,2010,4,16,33,0,15,6,PALISADES BLVD,WESTBY DR,0,33.60953611,-111.723005560,0,12,6,0,2,2,1,0,5,1,0,1,0,0000000,16,33,16,37,99,99,0,0,0,1,0
4,40133,1,1,1,1,13,370,19,2,2010,6,0,9,1,11,7,I-17 FRONTAGE RD,,0,33.53089444,-112.112636110,0,8,0,0,1,1,1,0,3,1,0,1,0,0000000,0,9,0,17,88,88,0,0,0,1,0
4,40134,1,1,1,3,13,370,19,3,2010,6,20,35,0,13,6,7TH AVE,,0,33.43178056,-112.082491670,0,9,0,0,1,1,1,0,3,1,0,1,0,0000000,20,37,20,42,88,88,0,0,0,1,1
4,40135,1,1,0,2,5,179,30,3,2010,3,15,37,0,2,3,SR-260,,2879,34.32883056,-110.809555560,0,5,0,0,1,1,1,0,1,1,0,1,0,0000000,15,39,15,47,99,99,0,0,0,1,0
4,40136,1,1,0,1,13,420,10,1,2010,1,2,20,0,13,6,BEELINE HWY,,0,99.99990000,999.999900000,0,38,0,0,99,1,6,0,6,99,0,99,0,0000000,99,99,99,99,99,99,0,0,0,1,1
4,40137,2,2,0,3,1,0,28,1,2010,5,11,26,0,4,2,US-191,,4622,36.36005556,-109.615072220,3,99,99,0,99,9,99,0,1,99,0,99,0,0000000,99,99,99,99,99,99,0,0,0,1,0
4,40138,1,1,0,2,1,0,4,2,2010,5,11,0,0,4,8,BIA 59,,0,99.99990000,999.999900000,3,1,0,0,99,9,99,0,1,99,0,99,0,0000000,99,99,99,99,88,88,0,0,0,2,0
4,40139,2,2,0,2,13,190,12,2,2010,6,18,57,0,15,6,VAL VISTA DR,WARNER RD,0,33.33577222,-111.755761110,0,12,6,0,2,2,1,0,5,1,0,1,0,0000000,18,57,19,5,19,30,0,0,0,1,0
4,40140,1,1,1,1,17,0,14,2,2010,1,99,99,0,6,8,BIA 4,,0,99.99990000,999.999900000,3,8,0,0,99,9,1,0,6,99,0,99,0,0000000,99,99,99,99,99,99,0,0,0,1,0
4,40142,1,1,0,2,17,0,28,2,2010,1,99,99,0,4,3,SR-87,,3767,35.38405556,-110.425552780,3,99,99,0,99,9,99,0,9,99,0,99,0,0000000,99,99,99,99,99,99,0,0,0,1,0
4,40143,1,1,0,2,21,0,28,2,2010,1,9,20,0,6,8,BIA 42,,0,99.99990000,999.999900000,3,1,0,0,1,1,4,0,1,10,0,10,0,0000000,99,99,99,99,99,99,0,0,0,1,0
4,40145,2,2,0,7,13,200,28,2,2010,1,4,3,0,13,6,CAMELBACK RD,51ST AVE,0,33.50947222,-112.168791670,0,12,6,0,2,2,1,0,3,2,0,2,0,0000000,4,3,4,9,4,30,0,0,0,1,0
4,40146,1,1,1,1,13,490,1,3,2010,2,8,33,0,13,6,MCKELLIPS RD,,0,99.99990000,999.999900000,3,8,0,0,99,9,99,0,1,99,0,99,0,0000000,99,99,99,99,99,99,0,0,0,1,0
4,40147,2,2,0,5,13,370,2,3,2010,3,6,17,0,14,6,35TH AVE,,0,33.42420556,-112.134563890,0,12,6,0,8,1,1,0,3,1,0,1,0,0000000,99,99,99,99,99,99,0,0,0,1,0
4,40148,1,1,1,1,13,370,3,3,2010,4,6,26,0,13,6,THOMAS RD,,0,33.48051111,-112.152127780,0,8,0,0,1,1,1,0,3,1,0,1,0,0000000,6,28,6,30,99,99,0,0,0,1,0
4,40149,1,1,1,1,13,370,3,3,2010,4,12,52,0,13,6,7TH ST,,0,33.49736389,-112.065041670,0,9,0,0,1,1,1,0,1,1,0,1,0,0000000,12,52,12,58,99,99,0,0,0,1,0
4,40150,1,1,1,1,13,370,3,3,2010,4,13,31,0,14,6,VAN BUREN ST,11TH ST,0,33.45135833,-112.058983330,0,15,0,0,3,2,1,0,1,1,0,1,0,0000000,13,31,99,99,99,99,0,0,0,1,0
4,40151,2,2,0,3,13,368,6,3,2010,7,17,45,0,14,6,OLIVE AVE,89TH AVE,0,33.56633056,-112.250308330,0,12,2,0,3,2,1,0,1,10,0,10,0,0000000,17,45,17,53,99,99,0,0,0,1,0
4,40152,1,1,1,1,13,490,6,3,2010,7,10,33,0,13,6,48TH ST,,0,33.39425833,-111.978344440,0,8,0,0,1,1,1,0,1,1,0,1,0,0000000,10,33,10,35,11,5,0,0,0,1,0
4,40153,1,1,1,1,13,370,6,3,2010,7,21,40,0,13,6,BASELINE RD,,0,33.37793889,-112.022591670,0,8,0,0,1,1,1,0,6,10,0,10,0,0000000,21,41,21,46,88,88,0,0,0,1,1
4,40155,1,1,1,1,13,200,11,3,2010,5,7,12,0,14,6,GLENDALE AVE,,0,33.53843889,-112.167380560,0,8,0,0,1,1,1,0,1,1,0,1,0,0000000,7,12,7,16,7,48,0,0,0,1,0
4,40156,1,1,1,1,19,0,12,3,2010,6,20,23,0,3,3,SR-86,BIA 38,99999,32.03150833,-111.557830560,3,8,0,0,3,3,1,0,2,1,0,1,0,0000000,99,99,99,99,88,88,0,0,0,1,0
4,40157,1,1,0,4,1,0,13,3,2010,7,5,16,0,4,2,US-191,,5088,36.90446111,-109.624675000,3,1,0,0,1,1,6,0,2,1,0,1,0,0000000,99,99,99,99,99,99,0,0,0,1,1
4,40158,2,2,0,3,21,70,12,3,2010,6,9,28,0,3,3,SR-287,HACIENDA RD,1166,32.87966944,-111.670694440,0,12,6,0,2,2,1,0,1,1,0,1,0,0000000,9,37,9,42,99,99,0,0,0,1,0
4,40159,1,1,0,2,13,290,12,3,2010,6,11,55,0,14,6,BASELINE RD,,0,99.99990000,999.999900000,0,99,99,0,99,9,99,0,1,99,0,99,0,0000000,99,99,99,99,99,99,0,0,0,1,0
4,40160,2,2,0,2,13,370,12,3,2010,6,18,52,0,16,6,SOUTH MOUNTAIN PKWY,MOUNTAIN SKY AVE,0,33.30910278,-112.001741670,0,33,0,0,2,2,3,0,5,1,0,1,0,0000000,18,52,18,57,99,99,0,0,0,1,0
4,40161,2,2,0,3,17,0,17,3,2010,4,18,16,1,2,2,US-160,BIA 41,3743,36.56137500,-110.502055560,3,12,6,0,2,2,1,0,1,1,0,1,0,0000000,99,99,99,99,99,99,0,0,0,1,0
4,40163,1,1,1,1,13,370,22,3,2010,2,10,52,1,11,7,I-17 FRONTAGE RD,GLENDALE AVE,0,33.53864167,-112.112852780,0,9,0,1,3,2,1,0,1,1,0,1,0,0000000,10,53,10,58,99,99,0,0,0,1,0
4,40164,1,1,1,1,13,0,23,3,2010,3,12,28,0,16,6,ECHO MESA DR,GREENVIEW DR,0,33.66826111,-112.357622220,0,15,0,0,3,2,1,0,1,1,0,1,0,0000000,99,99,99,99,99,99,0,0,0,1,0
4,40165,1,1,1,1,25,373,25,3,2010,5,5,46,0,14,6,FULTON DR,ROUND UP DR,0,34.62882500,-112.323038890,0,9,0,0,3,3,1,0,2,1,0,1,0,0000000,99,99,5,49,99,99,0,0,0,1,0
4,40166,1,1,0,2,13,200,27,3,2010,7,2,26,0,14,6,59TH AVE,,0,33.68578333,-112.186708330,0,33,0,0,1,1,3,0,6,99,0,99,0,0000000,2,26,2,32,88,88,0,0,0,1,1
4,40167,1,1,0,1,21,0,28,3,2010,1,99,99,0,4,9,AMERICAN AVE,,0,99.99990000,999.999900000,0,1,0,0,99,1,6,0,9,99,0,99,0,0000000,99,99,99,99,99,99,0,0,0,1,1
4,40168,1,1,0,1,21,160,26,2,2010,6,99,99,0,6,6,TOLTEC BUTTES RD,,0,32.80708056,-111.636650000,0,35,0,0,1,1,6,0,2,1,0,1,0,0000000,99,99,99,99,88,88,0,0,0,1,1
4,40169,1,1,0,1,25,0,1,4,2010,5,10,46,0,4,3,SR-89,,2736,34.20150278,-112.776644440,0,58,0,0,1,1,5,0,1,1,0,1,0,0000000,10,50,11,15,88,88,0,0,0,1,0
4,40170,1,1,1,2,21,297,1,4,2010,5,19,15,0,6,6,HONEYCUTT RD,TAFT AVE,0,33.05797222,-112.054486110,0,8,0,0,3,3,1,0,6,1,0,1,0,0000000,19,22,19,23,20,6,0,0,0,1,0
4,40172,2,2,0,2,13,190,2,4,2010,6,19,19,0,16,6,KEY BISCAYNE DR,LOMA VISTA DR,0,33.31541667,-111.751325000,0,12,2,0,2,2,1,0,3,1,0,1,0,0000000,19,21,19,25,20,7,0,0,0,1,1
4,40173,2,2,0,6,13,290,3,4,2010,7,14,27,0,13,6,MCKELLIPS RD,VAL VISTA DR,0,33.45190833,-111.753402780,0,12,6,0,2,2,1,0,1,10,0,10,0,0000000,14,27,14,30,99,99,0,0,0,1,0
4,40174,2,2,0,4,19,0,4,4,2010,1,2,53,1,1,1,I-10,,2375,32.45122500,-111.201327780,0,12,7,0,1,1,1,0,2,1,0,1,0,0000000,3,2,3,14,99,99,0,0,0,1,1
4,40175,3,1,1,1,25,0,4,4,2010,1,11,30,0,16,9,GRANDVIEW DR,,0,34.69513611,-111.988658330,0,34,0,0,1,1,4,0,1,1,0,1,0,0000000,11,32,11,37,88,88,0,0,0,1,0
4,40176,1,1,1,3,13,0,5,4,2010,2,4,41,0,6,9,RAINBOW TRL,,0,33.32102500,-112.480902780,0,15,0,0,1,1,1,0,2,1,0,1,0,0000000,4,41,4,52,88,88,0,0,0,1,0
4,40177,2,2,0,11,5,0,6,4,2010,3,10,55,1,2,3,SR-64,,1999,35.45947500,-112.171080560,0,12,2,0,1,1,1,0,1,1,0,1,0,0000000,11,2,11,12,99,99,0,0,0,1,0
4,40179,3,3,0,4,21,0,9,4,2010,6,10,20,0,3,3,SR-77,VALENTINE RD,1303,32.93273056,-110.734977780,0,12,1,0,3,4,1,0,1,1,0,1,0,0000000,10,23,99,99,99,99,0,0,0,1,0
4,40180,2,2,0,2,21,22,9,4,2010,6,13,56,0,13,3,SR-88,IDAHO RD,1940,33.41900000,-111.546111110,0,12,6,0,2,2,1,0,1,1,0,1,0,0000000,13,59,14,5,99,99,0,0,0,1,0