STATE,ST_CASE,VE_TOTAL,VE_FORMS,PEDS,PERSONS,COUNTY,CITY,DAY,MONTH,YEAR,DAY_WEEK,HOUR,MINUTE,NHS,ROAD_FNC,ROUTE,TWAY_ID,TWAY_ID2,MILEPT,LATITUDE,LONGITUD,SP_JUR,HARM_EV,MAN_COLL,RELJCT1,RELJCT2,TYP_INT,REL_ROAD,WRK_ZONE,LGT_COND,WEATHER1,WEATHER2,WEATHER,SCH_BUS,RAIL,NOT_HOUR,NOT_MIN,ARR_HOUR,ARR_MIN,HOSP_HR,HOSP_MN,CF1,CF2,CF3,FATALS,DRUNK_DR
4,40181,3,3,0,5,7,0,9,4,2010,6,15,7,1,2,3,SR-87,,2491,34.19347778,-111.329194440,0,12,1,0,1,1,1,0,1,1,0,1,0,0000000,15,9,99,99,99,99,0,0,0,1,0
4,40182,1,1,1,1,21,0,10,4,2010,7,1,19,0,5,8,NELSON RD,,0,33.13222222,-111.914005560,3,8,0,0,1,1,1,0,2,1,0,1,0,0000000,1,19,1,25,99,99,0,0,0,1,1
4,40183,2,2,0,4,19,530,10,4,2010,7,18,40,1,11,1,I-10,,2559,32.25505556,-110.996558330,0,12,7,1,5,1,1,0,1,1,0,1,0,0000000,18,40,18,42,19,3,0,0,0,1,0
4,40185,2,2,0,5,25,0,15,4,2010,5,12,47,0,3,3,SR-89A,PAGE SPRINGS RD,3627,34.79325833,-111.917038890,0,12,6,0,2,3,1,0,1,1,0,1,0,0000000,12,51,13,2,14,18,0,0,0,1,0
4,40187,1,1,1,1,21,70,16,4,2010,6,20,26,0,13,6,FLORENCE BLVD,,0,32.87957500,-111.741411110,0,8,0,0,1,1,1,0,3,1,0,1,0,0000000,20,26,20,29,21,16,0,0,0,1,0
4,40188,1,1,1,3,13,0,17,4,2010,7,2,40,1,2,3,SR-87,,1988,33.62530556,-111.563158330,0,8,0,0,1,1,1,0,2,1,0,1,0,0000000,2,39,2,47,88,88,0,0,0,1,0
4,40189,2,2,0,6,15,104,17,4,2010,7,15,15,0,4,3,SR-389,,30,36.96930278,-112.974052780,0,12,2,0,1,1,1,0,1,1,0,1,0,0000000,15,15,15,18,99,99,0,0,0,1,0
4,40191,1,1,0,3,1,0,19,4,2010,2,16,26,1,1,1,I-40,,3315,35.17791111,-109.465950000,3,1,0,0,1,1,3,0,1,10,0,10,0,0000000,16,27,16,34,99,99,0,0,0,1,0
4,40192,2,2,0,4,19,530,20,4,2010,3,8,43,0,13,6,22ND ST,HARRISON RD,0,32.20632778,-110.789838890,0,12,6,0,2,2,1,0,1,10,0,10,0,0000000,8,45,8,47,99,99,0,0,0,2,0
4,40193,2,2,0,3,25,0,22,4,2010,5,3,50,1,1,1,I-40,,1286,35.27670833,-112.772458330,0,12,1,0,1,1,1,0,2,1,0,1,0,0000000,3,53,4,31,99,99,0,0,0,1,0
4,40194,1,1,1,1,13,290,22,4,2010,5,21,52,0,13,6,MAIN ST,96TH ST,0,33.41510833,-111.624055560,0,8,0,0,3,2,1,0,2,2,0,2,0,0000000,21,54,22,48,22,48,0,0,0,1,0
4,40195,2,2,0,2,17,0,23,4,2010,6,99,99,0,4,2,US-163,,4010,36.80319444,-110.232550000,3,12,2,0,1,1,1,0,2,1,0,1,0,0000000,99,99,99,99,99,99,0,0,0,1,0
4,40196,1,1,0,1,19,0,24,4,2010,7,0,55,0,4,9,KINNEY RD,,0,32.21565556,-111.131580560,0,1,0,0,1,1,2,0,2,1,0,1,0,0000000,0,58,1,14,1,50,0,0,0,1,1
4,40198,1,1,0,1,17,240,25,4,2010,1,1,55,0,6,6,NAVAJO DR,,0,34.90029722,-110.158797220,0,46,0,0,6,1,1,0,2,1,0,1,0,025017A,99,99,99,99,88,88,0,0,0,1,1
4,40202,2,2,0,3,13,290,30,4,2010,6,13,42,0,13,6,ALMA SCHOOL RD,HOLMES AVE,0,33.38812500,-111.857363890,0,12,6,0,2,2,1,0,1,10,0,10,0,0000000,13,42,13,48,14,30,0,0,0,1,0
4,40203,4,4,0,6,25,373,10,4,2010,7,13,21,1,13,3,SR-69,NAVAJO DR,2872,34.58560278,-112.317986110,0,12,6,0,2,2,1,0,1,1,0,1,0,0000000,13,21,13,27,13,57,0,0,0,2,0
4,40204,15,15,0,17,13,370,25,3,2010,5,12,59,0,4,6,CAREFREE HWY,27TH DR,0,33.79832778,-112.118958330,0,12,1,0,3,2,1,0,1,1,0,1,0,0000000,13,0,13,5,99,99,14,0,0,4,0
4,40205,1,1,1,1,13,370,25,4,2010,1,18,20,0,16,6,8TH AVE,,0,33.43381944,-112.083641670,0,8,0,0,1,1,1,0,1,1,0,1,0,0000000,18,20,18,25,99,99,0,0,0,1,0
4,40206,1,1,0,3,13,0,17,4,2010,7,1,18,0,13,9,99TH AVE,,0,33.51259444,-112.272483330,0,1,0,0,1,1,5,0,3,1,0,1,0,0000000,1,18,1,22,99,99,0,0,0,1,1
4,40207,3,3,0,5,19,530,25,4,2010,1,0,54,1,11,1,I-10,,2573,32.24421389,-110.988066670,0,12,1,0,1,1,1,0,3,1,0,1,0,0000000,0,54,1,0,1,25,0,0,0,1,1
4,40208,5,4,1,4,13,290,27,4,2010,3,6,23,1,12,2,US-60 RAMP,,1780,33.38597500,-111.863333330,0,12,1,1,5,1,1,0,1,1,0,1,0,0000000,6,25,6,33,99,99,0,0,0,1,0
4,40209,2,2,0,3,13,370,2,4,2010,6,13,39,0,13,6,GREENWAY RD,32ND ST,0,33.62638611,-112.013358330,0,12,6,0,2,2,1,0,1,1,0,1,0,0000000,13,40,13,45,14,10,0,0,0,1,0
4,40210,1,1,1,1,13,80,2,4,2010,6,21,57,0,13,6,ARIZONA AVE,,0,33.20724444,-111.841205560,0,8,0,0,1,1,1,0,2,1,0,1,0,0000000,21,57,22,0,22,45,19,0,0,1,0
4,40212,1,1,0,1,13,370,8,4,2010,5,9,15,1,1,1,I-17,,2224,33.77551667,-112.130480560,0,25,0,0,1,1,3,0,1,1,0,1,0,0000000,9,17,9,25,88,88,0,0,0,1,0
4,40213,2,2,0,3,13,420,9,4,2010,6,22,4,0,13,6,SCOTTSDALE RD,2ND ST,0,33.49133056,-111.926147220,0,12,6,0,2,2,1,0,3,1,0,1,0,0000000,22,4,22,6,22,15,0,0,0,1,1
4,40214,1,1,1,1,13,370,9,4,2010,6,23,35,0,16,6,ORANGEWOOD AVE,,0,33.54586667,-112.121400000,0,8,0,0,1,1,1,0,6,1,0,1,0,0000000,23,38,23,40,99,99,0,0,0,1,0
4,40215,1,1,1,2,5,0,10,4,2010,7,3,47,1,2,2,US-89,,4862,36.15547500,-111.397850000,3,8,0,0,1,1,1,0,2,1,0,1,0,0000000,3,52,4,8,88,88,0,0,0,1,0
4,40216,1,1,0,1,13,0,10,4,2010,7,3,54,1,1,1,I-17 RAMP,,2230,33.80045833,-112.137108330,0,1,0,1,5,1,8,0,2,1,0,1,0,0000000,3,56,4,7,4,48,0,0,0,1,1
4,40217,1,1,1,1,13,370,11,4,2010,1,23,4,0,13,6,7TH ST,PORTLAND ST,0,33.45987778,-112.065191670,0,8,0,0,3,1,1,0,3,1,0,1,0,0000000,23,6,23,10,88,88,0,0,0,1,0
4,40218,1,1,0,1,21,0,12,4,2010,2,19,47,0,6,9,SUNSHINE BLVD,,0,32.89303056,-111.549661110,0,1,0,0,1,1,4,0,2,10,0,10,0,0000000,99,99,99,99,99,99,0,0,0,1,0
4,40219,2,2,0,4,19,0,13,4,2010,3,16,0,1,1,1,I-10,,2746,32.06916944,-110.786025000,0,12,1,0,1,1,1,0,1,1,0,1,0,0000000,16,1,16,12,99,99,0,0,0,1,0
4,40221,1,1,1,3,13,370,18,4,2010,1,21,49,0,13,6,THOMAS RD,,0,33.48048611,-112.007794440,0,8,0,0,1,1,1,0,3,1,0,1,0,0000000,99,99,99,99,99,99,0,0,0,1,0
4,40222,1,1,1,1,7,0,18,4,2010,1,99,99,0,3,2,US-70,,2710,33.29911667,-110.461663890,3,8,0,0,1,1,1,0,9,99,0,99,0,0000000,99,99,99,99,88,88,0,0,0,1,0
4,40223,3,2,0,3,13,80,21,4,2010,4,11,28,0,13,6,ALMA SCHOOL RD,RAY RD,0,33.32066667,-111.859208330,0,12,6,0,2,2,1,0,1,10,0,10,0,0000000,11,28,11,30,99,99,0,0,0,1,0
4,40224,2,2,0,2,7,210,21,4,2010,4,15,26,0,3,2,US-70,,2525,33.38847222,-110.761272220,0,12,2,0,1,1,1,0,1,10,0,10,0,0000000,15,30,15,33,16,0,0,0,0,1,1
4,40225,2,2,0,3,13,0,23,4,2010,6,12,53,0,4,3,SR-74,,220,33.82779167,-112.262855560,0,12,6,0,1,1,1,1,1,1,0,1,0,0000000,12,55,13,0,99,99,0,0,0,1,0
4,40226,1,1,0,1,7,0,23,4,2010,6,16,47,1,2,3,SR-260,,2720,34.31065833,-111.044433330,0,35,0,0,1,1,4,0,1,10,2,2,0,0000000,16,47,16,59,88,88,20,0,0,1,1
4,40227,1,1,0,2,5,0,24,4,2010,7,99,99,0,6,8,BIA 20,,0,99.99990000,999.999900000,3,1,0,0,98,8,98,0,1,99,0,99,0,0000000,99,99,99,99,99,99,0,0,0,1,0
4,40228,1,1,1,1,13,370,26,4,2010,2,20,23,0,13,6,GREENWAY PKWY,GREENWAY RD,0,33.62699167,-112.024069440,0,8,0,0,2,3,1,0,3,1,0,1,0,0000000,20,23,99,99,99,99,0,0,0,1,0
4,40229,2,2,0,2,13,370,27,4,2010,3,22,25,0,15,6,CAMPBELL RD,28TH ST,0,33.50236111,-112.021600000,0,12,6,0,2,2,1,0,3,1,0,1,0,0000000,22,26,22,29,99,99,0,0,0,1,0
4,40230,1,1,1,1,17,0,19,1,2010,3,23,15,0,6,8,BIA 4,,0,99.99990000,999.999900000,3,8,0,0,1,1,1,0,6,4,0,4,0,0000000,99,99,99,99,99,99,0,0,0,1,0
4,40231,1,1,1,1,17,0,9,4,2010,6,23,31,0,6,8,BIA 65,,0,99.99990000,999.999900000,3,8,0,0,1,1,1,0,6,99,0,99,0,0000000,99,99,99,99,99,99,0,0,0,1,0
4,40232,1,1,0,2,1,0,23,4,2010,6,13,36,0,6,8,BIA 8086,,0,36.35652500,-109.614511110,3,1,0,0,1,1,1,0,1,99,0,99,0,0000000,99,99,99,99,99,99,0,0,0,1,0
4,40233,1,1,0,2,13,490,1,5,2010,7,3,5,0,16,6,MCCLINTOCK DR,SR-202 RAMP,0,33.43656944,-111.909625000,0,25,0,1,3,3,4,0,3,10,0,10,0,0000000,3,6,3,13,3,29,0,0,0,1,1
4,40234,1,1,0,1,25,0,1,5,2010,7,16,11,0,5,4,BUMBLEBEE RD,,0,34.16242222,-112.166933330,0,34,0,0,1,1,4,0,1,1,0,1,0,0000000,16,4,16,19,88,88,0,0,0,1,1
4,40235,3,3,0,5,21,0,2,5,2010,1,12,44,1,1,1,I-10,,2143,32.69663611,-111.468788890,0,25,0,0,1,1,3,0,1,10,7,7,0,0000000,12,47,13,13,88,88,19,0,0,1,0
4,40236,1,1,0,2,3,0,3,5,2010,2,11,14,0,4,9,DOUBLE ADOBE RD,,0,31.46708333,-109.731972220,0,1,0,0,1,1,1,0,1,1,0,1,0,0000000,11,19,11,29,88,88,0,0,0,2,0
4,40237,1,1,0,1,3,0,3,5,2010,2,15,7,1,1,1,I-10,,3542,32.36205833,-109.651050000,0,42,0,0,1,1,4,0,1,1,0,1,0,0000000,15,8,15,20,88,88,0,0,0,1,0
4,40238,1,1,0,1,15,0,4,5,2010,3,7,54,0,4,3,SR-66,,725,35.39756667,-113.838052780,0,52,0,0,1,1,4,0,1,1,0,1,0,0000000,7,54,8,10,88,88,0,0,0,1,0
4,40239,1,1,1,1,13,290,4,5,2010,3,20,27,0,14,6,DOBSON RD,,0,33.40738889,-111.874508330,0,9,0,0,1,1,1,0,3,1,0,1,0,0000000,20,27,20,28,20,43,0,0,0,1,0
4,40240,1,1,1,1,13,0,4,5,2010,3,21,32,0,4,9,WINTERSBURG RD,,0,33.39651389,-112.876516670,0,8,0,0,1,1,1,0,2,1,0,1,0,0000000,21,32,21,41,88,88,0,0,0,1,0
4,40241,1,1,0,1,15,0,5,5,2010,4,14,18,0,16,6,RETAIL CENTRE BLVD,,0,99.99990000,999.999900000,0,33,0,0,1,1,4,0,1,1,0,1,0,0000000,14,7,14,19,88,88,0,0,0,1,0
4,40242,2,2,0,4,13,370,6,5,2010,5,12,10,1,1,1,I-17,,2258,33.82375278,-112.142694440,0,12,1,0,1,1,1,0,1,1,0,1,0,0000000,12,10,12,15,99,99,0,0,0,1,1
4,40243,4,4,0,9,5,0,6,5,2010,5,22,49,1,1,1,I-40,,2203,35.15730278,-111.260208330,0,12,8,0,1,1,1,0,3,1,0,1,0,0000000,99,99,99,99,99,99,14,0,0,1,1
4,40244,4,4,0,6,5,0,7,5,2010,6,0,53,1,1,1,I-40,,2231,35.14076389,-111.215180560,0,12,1,0,1,1,1,0,2,1,0,1,0,0000000,0,59,1,16,99,99,19,0,0,1,0
4,40245,1,1,0,2,21,0,7,5,2010,6,3,47,0,3,2,US-60,,2335,33.33705556,-111.022880560,0,17,0,0,1,1,4,0,2,1,0,1,0,0000000,3,59,4,25,99,99,0,0,0,1,1
4,40247,1,1,0,2,13,0,7,5,2010,6,14,50,1,1,1,I-10,,918,33.50509444,-112.976961110,0,6,0,0,1,1,1,0,1,1,0,1,0,0000000,15,1,15,20,99,99,0,0,0,1,0
4,40248,1,1,0,1,3,0,7,5,2010,6,18,50,0,4,3,SR-80,,3820,31.47547222,-109.395802780,0,38,0,0,1,1,4,0,5,1,0,1,0,0000000,19,1,19,39,88,88,0,0,0,1,0
4,40249,1,1,0,4,13,370,7,5,2010,6,22,17,0,16,9,BLACK CANYON BLVD,,0,33.80445278,-112.147108330,0,5,0,0,8,1,1,0,2,1,0,1,0,0000000,22,17,22,24,22,57,0,0,0,1,0
4,40250,1,1,0,2,5,0,8,5,2010,7,8,35,1,1,1,I-17,,3345,35.09886111,-111.683119440,0,1,0,0,1,1,4,0,1,1,0,1,0,0000000,8,35,8,42,9,11,0,0,0,2,1
4,40251,1,1,0,1,19,530,8,5,2010,7,15,40,0,14,6,VALENCIA RD,SANDPIPER AVE,0,32.13395833,-111.009675000,0,33,0,0,3,3,3,0,1,1,0,1,0,0000000,15,40,99,99,99,99,0,0,0,1,0
4,40252,1,1,0,2,19,530,8,5,2010,7,20,36,0,4,6,HOUGHTON RD,I-10 RAMP,0,32.06026389,-110.774813890,0,1,0,1,3,2,1,0,2,1,0,1,0,0000000,20,32,20,42,21,23,0,0,0,1,0
4,40253,2,2,0,3,13,290,8,5,2010,7,23,33,0,15,6,CRISMON RD,US-60 RAMP,0,33.38590833,-111.615336110,0,12,6,1,2,2,1,0,3,1,0,1,0,0000000,23,33,23,36,23,55,0,0,0,1,0
4,40254,1,1,0,2,13,370,9,5,2010,1,1,15,1,11,1,I-10,,1367,33.46282778,-112.214619440,0,59,0,1,18,1,4,0,3,1,0,1,0,0000000,1,15,1,21,99,99,0,0,0,1,1
4,40255,1,1,0,1,19,530,9,5,2010,1,5,14,0,14,6,ALVERNON WAY,,0,32.27286667,-110.913161110,0,33,0,0,1,1,3,0,2,1,0,1,0,0000000,5,10,5,14,5,31,0,0,0,1,1
4,40256,1,1,0,2,15,0,9,5,2010,1,10,38,1,1,1,I-40,,699,35.16445000,-113.732469440,0,1,0,0,1,1,3,0,1,1,0,1,0,0000000,10,38,10,55,11,0,0,0,0,1,0
4,40257,1,1,0,1,17,610,10,5,2010,2,3,8,1,11,7,I-40 FRONTAGE RD,,0,35.03965833,-110.736652780,0,1,0,0,1,1,1,0,2,1,0,1,0,0000000,3,9,3,20,88,88,0,0,0,1,1
4,40258,1,1,1,3,13,370,10,5,2010,2,19,40,0,13,6,35TH AVE,,0,33.45903611,-112.134475000,0,8,0,0,1,1,1,0,3,1,0,1,0,0000000,19,41,19,44,99,99,0,0,0,1,0
4,40260,1,1,0,2,5,0,12,5,2010,4,12,39,0,3,3,SR-264,,3495,35.91981667,-110.886625000,3,1,0,0,1,1,6,0,1,1,0,1,0,0000000,12,36,13,5,99,99,0,0,0,1,0
4,40261,1,1,0,1,13,370,14,5,2010,6,2,18,1,12,3,SR-202 RAMP,,30,33.45529167,-111.983513890,0,1,0,1,5,1,4,0,3,1,0,1,0,0000000,2,26,2,28,2,42,0,0,0,1,0
4,40262,2,2,0,4,19,530,14,5,2010,6,23,5,1,13,6,ALVERNON WAY,22ND ST,0,32.20704444,-110.909600000,0,12,6,0,2,2,1,0,3,1,0,1,0,0000000,23,5,23,15,23,33,0,0,0,1,1
4,40263,1,1,0,3,13,0,16,5,2010,1,17,38,1,2,2,US-60,,1331,33.73466389,-112.473447220,0,1,0,0,1,1,4,0,1,1,0,1,0,0000000,17,38,17,46,18,46,0,0,0,1,0
4,40264,1,1,1,1,13,490,17,5,2010,2,17,25,0,13,6,MCCLINTOCK DR,ALAMEDA DR,0,33.40014167,-111.909133330,0,9,0,0,2,2,1,0,1,1,0,1,0,0000000,17,26,17,29,17,53,0,0,0,1,0
4,40267,1,1,0,1,3,0,21,5,2010,6,18,43,0,6,9,RICHLAND WAY,,0,32.00681944,-109.907097220,0,1,0,0,1,1,6,0,1,1,0,1,0,0000000,18,45,18,51,88,88,0,0,0,1,1
4,40268,2,2,0,2,19,530,22,5,2010,7,0,18,1,11,7,I-10 FRONTAGE ROAD,,0,32.20720833,-110.980088890,0,12,1,0,1,1,1,0,3,1,0,1,0,0000000,99,99,99,99,99,99,0,0,0,1,2
4,40269,2,2,0,4,25,386,22,5,2010,7,2,2,1,13,3,SR-69,,2913,34.56828889,-112.372341670,0,12,2,0,1,1,1,0,2,1,0,1,0,0000000,2,2,2,6,99,99,0,0,0,2,1
4,40270,1,1,0,5,23,0,22,5,2010,7,8,45,1,11,1,I-19,,62,31.40826667,-110.961997220,0,1,0,0,1,1,3,0,1,1,0,1,0,0000000,8,50,8,54,99,99,0,0,0,1,0
4,40271,2,2,0,7,13,370,23,5,2010,1,9,51,1,11,1,I-17,,2169,33.69451389,-112.113494440,0,12,1,0,1,1,1,0,1,1,0,1,0,0000000,9,51,10,1,10,31,23,0,0,1,0
4,40272,2,2,0,4,15,0,23,5,2010,1,13,7,1,2,2,US-93,,1125,34.87691667,-113.646730560,0,24,0,0,1,1,4,0,1,1,0,1,0,0000000,13,7,13,45,99,99,0,0,0,1,0
4,40273,2,2,1,1,13,368,24,5,2010,2,15,3,0,14,6,CACTUS RD,,0,33.59609444,-112.208461110,0,8,0,0,1,1,1,0,1,1,0,1,0,0000000,15,6,15,11,15,41,0,0,0,1,0
4,40275,2,2,0,4,21,0,26,5,2010,4,17,15,0,3,2,US-60,,2352,33.34486389,-110.996469440,0,12,2,0,1,1,1,0,1,1,0,1,0,0000000,17,15,17,35,99,99,0,0,0,1,0
4,40276,1,1,0,2,5,0,28,5,2010,6,12,57,0,6,8,FH 9403Q,,0,34.42113889,-110.902472220,0,44,0,0,1,1,1,0,1,1,0,1,0,0000000,99,99,99,99,99,99,0,0,0,1,0
4,40277,3,3,0,3,13,290,28,5,2010,6,16,30,0,13,6,COUNTRY CLUB DR,,0,33.40318889,-111.839263890,0,12,1,0,1,1,1,0,1,1,0,1,0,0000000,16,32,16,33,88,88,14,0,0,1,0
4,40278,1,1,0,1,13,370,29,5,2010,7,4,41,1,11,1,I-10,,1472,33.46127778,-112.039019440,0,24,0,1,18,1,3,0,4,1,0,1,0,0000000,4,43,4,57,99,99,0,0,0,1,1
4,40279,1,1,0,2,7,0,29,5,2010,7,12,0,0,3,2,US-60,,2893,33.78296111,-110.501608330,3,35,0,0,1,1,4,0,1,1,0,1,0,0000000,12,1,12,32,99,99,0,0,0,1,0
4,40280,1,1,0,2,19,0,30,5,2010,1,11,52,1,13,9,SABINO CANYON RD,SOLACE PL,0,32.30082778,-110.824052780,0,5,0,0,3,3,1,0,1,1,0,1,0,0000000,11,54,11,59,12,29,0,0,0,1,0
4,40281,1,1,0,1,19,0,30,5,2010,1,17,42,1,13,9,RIVER RD,,0,32.30605833,-111.020547220,0,33,0,0,1,1,4,0,1,1,0,1,0,0000000,17,42,17,48,18,25,0,0,0,1,0
4,40282,2,2,0,4,21,22,31,5,2010,2,15,48,0,15,6,BASELINE RD,,0,33.37890278,-111.572191670,0,12,2,0,1,1,1,0,1,1,0,1,0,0000000,15,48,15,48,99,99,0,0,0,1,1
4,40283,3,3,0,5,3,0,31,5,2010,2,19,6,1,1,1,I-10,,3149,32.00465556,-110.143025000,0,12,1,0,1,1,1,0,1,1,0,1,0,0000000,19,10,19,28,19,40,19,0,0,1,0
4,40285,1,1,0,4,13,0,21,5,2010,6,17,58,0,3,3,SR-85,,285,32.57796667,-112.874319440,0,1,0,0,1,1,4,0,5,1,0,1,0,0000000,18,3,18,17,19,34,0,0,0,1,0
4,40286,2,2,0,3,19,0,28,4,2010,4,19,30,0,4,9,PICTURE ROCKS RD,,0,32.32367778,-111.146094440,0,12,6,0,1,1,1,0,1,1,0,1,0,0000000,19,30,19,35,99,99,0,0,0,1,0
4,40287,1,1,0,1,13,0,16,5,2010,1,99,99,0,3,3,SR-347,,1858,33.22641667,-111.986397220,3,1,0,0,1,1,2,0,2,1,0,1,0,0000000,5,37,5,46,88,88,0,0,0,1,1
4,40288,1,1,1,1,13,200,5,5,2010,4,7,18,0,13,6,PEORIA AVE,47TH AVE,0,33.58192222,-112.160050000,0,8,0,0,3,2,1,0,1,1,0,1,1,0000000,7,20,7,23,7,40,0,0,0,1,0
4,40289,2,2,0,2,13,80,6,5,2010,5,22,14,0,3,6,RAY RD,HARMON DR,0,33.32005556,-111.930313890,0,12,6,0,2,3,1,0,3,1,0,1,0,0000000,22,14,22,17,22,50,0,0,0,1,1
4,40291,1,1,0,2,13,0,8,5,2010,7,99,99,1,13,2,US-60,,99999,99.99990000,999.999900000,0,99,0,0,99,9,99,0,9,99,0,99,0,0000000,99,99,99,99,99,99,0,0,0,1,0
4,40292,1,1,1,3,13,490,10,5,2010,2,18,12,0,13,6,UNIVERSITY DR,ASH AVE,0,33.42191944,-111.942288890,0,9,0,0,3,2,1,0,1,1,0,1,0,0000000,18,13,18,15,18,31,0,0,0,1,1
4,40293,1,1,0,2,5,0,13,5,2010,5,10,44,0,6,8,BIA 6720,,0,99.99990000,999.999900000,3,1,0,0,99,9,99,0,1,99,0,99,0,0000000,99,99,99,99,99,99,0,0,0,1,0
4,40294,3,3,0,7,1,0,13,5,2010,5,21,7,0,3,3,SR-264,,4589,35.71277778,-109.332075000,3,12,1,0,1,1,1,0,2,1,0,1,0,0000000,21,7,99,99,99,99,0,0,0,2,1
4,40295,1,1,1,1,1,0,14,5,2010,6,99,99,0,4,2,US-191,,4500,36.18997500,-109.593830560,3,8,0,0,99,9,99,0,9,99,0,99,0,0000000,99,99,99,99,99,99,0,0,0,1,0
4,40296,2,2,0,3,13,200,14,5,2010,6,15,33,0,13,6,CAMELBACK RD,,0,33.50945556,-112.158586110,0,12,6,0,8,1,1,0,1,1,0,1,0,0000000,99,99,99,99,99,99,0,0,0,1,0
4,40297,1,1,1,2,13,370,14,5,2010,6,23,30,0,16,6,CLARENDON AVE,,0,33.49148889,-112.167522220,0,8,0,0,1,1,1,0,6,1,0,1,0,0000000,23,30,23,34,23,55,0,0,0,1,1
4,40298,3,3,0,7,13,370,16,5,2010,1,17,47,0,13,6,19TH AVE,GREENWAY RD,0,33.62560833,-112.099697220,0,12,6,0,2,2,1,0,1,1,0,1,0,0000000,17,49,17,52,18,7,0,0,0,1,0
4,40299,1,1,1,1,9,410,17,5,2010,2,21,43,0,16,2,US-70,,3387,32.83488611,-109.720872220,0,8,0,0,1,1,1,0,3,1,0,1,0,0000000,21,43,21,48,88,88,0,0,0,1,0
4,40300,1,1,0,1,13,370,22,5,2010,7,0,31,0,13,6,UNIVERSITY DR,,0,33.42028333,-112.003583330,0,33,0,0,1,1,3,0,3,1,0,1,0,0000000,99,99,99,99,88,88,0,0,0,1,1
4,40301,1,1,0,1,25,90,23,5,2010,1,17,48,0,4,3,SR-89A,OLD JEROME HWY,3488,34.76001389,-112.066025000,0,31,0,0,3,3,4,0,5,10,0,10,0,0000000,17,49,17,53,18,35,0,0,0,1,1
4,40303,2,2,0,4,13,370,26,5,2010,4,18,17,0,16,6,CHAMBERS ST,VISTA GRANDE AVE,0,33.39609444,-112.103569440,0,12,6,0,2,2,1,0,1,1,0,1,0,0000000,18,19,18,23,18,51,0,0,0,1,0
4,40304,2,2,0,2,17,0,28,5,2010,6,13,33,0,4,8,BIA 6,,0,99.99990000,999.999900000,3,12,6,0,1,1,2,0,1,1,0,1,0,0000000,99,99,99,99,99,99,0,0,0,1,0
4,40305,1,1,0,1,3,0,28,5,2010,6,99,99,0,5,9,CENTRAL HWY,,0,31.58161389,-109.698036110,0,34,0,0,1,1,4,0,1,99,0,99,0,0000000,99,99,99,99,88,88,0,0,0,1,0
4,40306,1,1,0,4,21,0,28,5,2010,6,3,45,0,6,4,ARIZONA FARMS RD,,0,33.11831944,-111.504958330,0,1,0,0,1,1,2,0,2,1,0,1,0,0000000,3,41,3,50,5,13,0,0,0,1,1
4,40307,3,3,0,3,13,370,30,5,2010,1,21,10,0,14,6,NORTHERN AVE,34TH AVE,0,33.55309167,-112.131905560,0,12,7,0,2,3,1,0,3,1,0,1,0,0000000,21,10,99,99,99,99,0,0,0,1,2
4,40308,2,2,0,5,13,370,30,5,2010,1,22,28,0,15,6,HAPPY VALLEY RD,,0,33.71290000,-112.100394440,0,33,0,0,1,1,3,0,3,1,0,1,0,0000000,22,27,22,34,99,99,0,0,0,1,0
4,40309,1,1,1,1,13,370,2,6,2010,4,20,54,0,14,6,7TH ST,,0,33.37915278,-112.064655560,0,8,0,0,1,1,1,0,3,1,0,1,0,0000000,20,55,20,59,21,22,0,0,0,1,0
4,40310,1,1,0,2,13,0,2,6,2010,4,21,48,1,1,1,I-8,,1012,32.90816111,-112.977750000,0,2,0,0,1,1,1,0,2,1,0,1,0,0000000,21,54,22,12,99,99,0,0,0,1,0
4,40311,1,1,0,9,3,0,3,6,2010,5,7,44,0,6,9,THREE LINKS RD,,0,32.20081111,-110.199438890,0,35,0,0,1,1,4,0,1,1,0,1,0,0000000,7,48,8,24,99,99,0,0,0,1,0
4,40312,1,1,0,2,5,0,4,6,2010,6,2,10,0,4,2,US-180,,2247,35.26825278,-111.725666670,0,42,0,0,1,1,6,0,2,1,0,1,0,0000000,2,10,2,10,99,99,0,0,0,1,1
4,40313,1,1,0,1,13,0,4,6,2010,6,10,11,0,13,4,BUCKEYE RD,,0,33.37752778,-112.487119440,0,42,0,0,1,1,4,0,1,1,0,1,0,0000000,10,11,10,24,99,99,0,0,0,1,0
4,40314,2,2,0,8,19,295,6,6,2010,1,10,41,0,4,9,SANDERS RD,GRIER RD,0,32.45326944,-111.234136110,0,12,6,1,2,2,1,0,1,1,0,1,0,0000000,10,42,10,48,11,41,0,0,0,1,0
4,40315,1,1,0,1,1,0,7,6,2010,2,10,3,0,4,3,SR-61,,3577,34.31779722,-109.764866670,0,31,0,0,1,1,2,0,1,1,0,1,0,0000000,10,9,10,17,88,88,0,0,0,1,0
4,40316,1,1,1,1,5,0,6,6,2010,1,21,41,1,13,2,US-89,,4203,35.24303333,-111.567216670,0,8,0,0,1,1,1,0,3,1,0,1,0,0000000,21,40,21,48,22,5,0,0,0,1,0
4,40317,3,3,0,5,3,0,7,6,2010,2,14,7,1,1,1,I-10,,3578,32.34667500,-109.596141670,0,1,0,0,1,1,3,0,1,1,0,1,0,0000000,14,12,14,50,16,50,0,0,0,3,0
4,40318,1,1,0,6,15,0,7,6,2010,2,16,38,1,1,1,I-15,,80,36.88586389,-113.938025000,0,1,0,0,1,1,3,0,1,1,0,1,0,0000000,16,37,16,54,99,99,0,0,0,1,0
4,40319,1,1,0,1,19,460,7,6,2010,2,20,22,0,14,6,4TH AVE,,0,32.19726389,-110.965369440,0,42,0,0,1,1,5,0,3,1,0,1,0,0000000,99,99,99,99,88,88,0,0,0,1,1
4,40320,1,1,0,1,25,0,10,6,2010,5,12,48,1,1,1,I-17,,2918,34.62612500,-111.836694440,0,1,0,0,1,1,4,0,1,1,0,1,0,0000000,12,48,12,57,14,26,0,0,0,1,1