STATE,ST_CASE,VE_TOTAL,VE_FORMS,PEDS,PERSONS,COUNTY,CITY,DAY,MONTH,YEAR,DAY_WEEK,HOUR,MINUTE,NHS,ROAD_FNC,ROUTE,TWAY_ID,TWAY_ID2,MILEPT,LATITUDE,LONGITUD,SP_JUR,HARM_EV,MAN_COLL,RELJCT1,RELJCT2,TYP_INT,REL_ROAD,WRK_ZONE,LGT_COND,WEATHER1,WEATHER2,WEATHER,SCH_BUS,RAIL,NOT_HOUR,NOT_MIN,ARR_HOUR,ARR_MIN,HOSP_HR,HOSP_MN,CF1,CF2,CF3,FATALS,DRUNK_DR
4,40321,3,3,0,8,25,0,11,6,2010,6,11,55,1,2,2,US-93,,1929,34.03051389,-112.816897220,0,12,2,0,1,1,1,0,1,1,0,1,0,0000000,11,58,12,8,99,99,0,0,0,1,0
4,40322,2,2,0,2,13,290,11,6,2010,6,13,50,1,12,3,SR-202,,266,33.43575833,-111.648275000,0,12,1,0,1,1,1,0,1,10,0,10,0,0000000,13,52,13,54,14,32,0,0,0,1,0
4,40323,1,1,0,2,13,0,11,6,2010,6,20,56,0,15,6,POWER RD,,0,33.27014722,-111.686200000,0,33,0,0,1,1,4,0,3,1,0,1,0,0000000,20,56,21,5,99,99,0,0,0,1,1
4,40324,3,3,1,6,19,530,12,6,2010,7,0,3,1,13,6,GRANT RD,ORACLE RD,0,32.25015278,-110.978208330,0,12,7,0,3,2,1,0,3,1,0,1,0,0000000,0,3,0,7,0,23,0,0,0,1,1
4,40325,1,1,0,1,13,200,12,6,2010,7,1,37,1,12,3,SR-101,,89,33.56061389,-112.257552780,0,1,0,0,1,1,1,0,3,1,0,1,0,0000000,1,38,1,38,88,88,0,0,0,1,1
4,40326,3,3,0,5,13,388,12,6,2010,7,18,16,0,15,6,ELLSWORTH LOOP,OCOTILLO RD,0,33.24869722,-111.637911110,0,12,2,0,2,2,1,0,5,1,0,1,0,0000000,18,16,18,22,99,99,0,0,0,1,0
4,40327,1,1,0,1,5,0,13,6,2010,1,9,51,1,1,1,I-17,,3270,34.99309722,-111.687108330,0,1,0,0,1,1,4,0,1,10,0,10,0,0000000,9,53,10,0,88,88,0,0,0,1,0
4,40328,1,1,0,2,13,0,14,6,2010,2,16,32,1,1,1,I-10,,882,33.51490556,-113.037591670,0,1,0,0,1,1,2,0,1,1,0,1,0,0000000,16,35,16,52,99,99,0,0,0,1,0
4,40329,2,2,1,1,13,370,16,6,2010,4,22,27,0,14,6,SOUTHERN AVE,,0,33.39222778,-112.070600000,0,12,7,0,1,1,1,0,3,1,0,1,0,0000000,22,27,99,99,99,99,0,0,0,1,0
4,40330,1,1,0,2,12,0,17,6,2010,5,17,32,1,1,1,I-10,,344,33.65479167,-113.955302780,0,1,0,0,1,1,3,0,1,1,0,1,0,0000000,17,32,18,2,99,99,0,0,0,1,0
4,40331,1,1,0,8,25,0,19,6,2010,7,9,53,1,1,1,I-17,,2538,34.20855833,-112.118063890,0,31,0,0,1,1,4,0,1,1,0,1,0,0000000,9,55,10,8,99,99,0,0,0,2,0
4,40332,1,1,0,1,19,0,20,6,2010,1,3,27,0,16,9,PLANE AVE,,0,32.29482500,-111.023208330,0,1,0,0,1,1,1,0,2,1,0,1,0,0000000,3,28,3,32,88,88,0,0,0,1,1
4,40333,1,1,0,1,25,0,22,6,2010,3,10,49,1,1,1,I-17,,2699,34.41703889,-112.064058330,0,35,0,0,1,1,3,0,1,1,0,1,0,0000000,10,49,11,6,88,88,0,0,0,1,1
4,40334,1,1,0,2,12,0,24,6,2010,5,2,40,1,1,1,I-10,,634,33.58478333,-113.459380560,0,1,0,0,1,1,4,0,3,1,0,1,0,0000000,2,40,3,26,99,99,0,0,0,1,1
4,40335,1,1,0,1,19,295,24,6,2010,5,19,21,1,1,1,I-10,,2451,32.37946389,-111.109725000,0,2,0,0,1,1,1,1,1,1,0,1,0,0000000,19,21,19,30,20,25,0,0,0,1,0
4,40336,1,1,0,1,17,610,25,6,2010,6,17,39,0,15,3,SR-40B,,1,35.03777778,-110.730713890,0,59,0,0,1,1,4,0,1,1,0,1,0,0000000,17,39,17,50,88,88,0,0,0,1,1
4,40337,1,1,0,2,19,530,25,6,2010,6,17,50,0,15,6,GLENN ST,YORK PL,0,32.25767222,-110.962302780,0,30,0,0,2,3,4,0,1,1,0,1,0,0000000,17,49,17,54,88,88,0,0,0,2,1
4,40338,1,1,0,1,19,0,26,6,2010,7,2,10,1,13,6,LA CHOLLA BLVD,HOSPITAL DR,0,32.31934444,-111.012061110,0,46,0,0,2,3,4,0,3,1,0,1,0,0000000,2,10,2,17,88,88,0,0,0,1,1
4,40339,2,2,0,1,1,0,27,6,2010,1,20,55,0,4,2,US-191,,5073,36.88310278,-109.628538890,3,12,6,0,1,1,1,0,2,1,0,1,0,0000000,21,3,21,31,88,88,0,0,0,1,0
4,40340,1,1,0,1,5,0,28,6,2010,2,8,48,1,1,1,I-40,,1605,35.23085833,-112.233227780,0,1,0,0,1,1,3,0,1,1,0,1,0,0000000,8,46,8,58,88,88,0,0,0,1,0
4,40341,1,1,0,4,12,0,8,5,2010,7,18,21,0,6,9,BROWNS CROSSING RD,,0,34.26406111,-113.533316670,0,1,0,0,1,1,6,0,1,1,0,1,0,0000000,18,23,19,13,99,99,0,0,0,1,1
4,40342,1,1,0,1,19,530,23,6,2010,4,7,37,0,16,6,LANGLEY AVE,,0,32.20954167,-110.841183330,0,33,0,0,1,1,4,0,1,1,0,1,0,0000000,7,37,7,41,88,88,0,0,0,1,0
4,40343,1,1,1,2,13,370,12,6,2010,7,23,31,0,13,6,CAVE CREEK RD,,0,33.57263889,-112.059419440,0,8,0,0,1,1,1,0,3,1,0,1,0,0000000,99,99,99,99,99,99,0,0,0,1,0
4,40344,1,1,1,1,13,370,28,6,2010,2,20,12,1,13,2,US-60,,1588,33.49705556,-112.136925000,0,9,0,0,1,1,1,0,5,1,0,1,0,0000000,20,13,20,20,99,99,0,0,0,1,0
4,40347,2,2,0,4,5,528,10,6,2010,5,22,36,0,13,8,MAIN ST,,0,36.11806389,-111.227700000,3,12,2,0,1,1,1,0,6,99,0,99,0,0000000,99,99,99,99,99,99,0,0,0,3,0
4,40348,1,1,1,1,17,0,18,6,2010,6,19,57,0,4,3,SR-73,,3384,33.82956667,-109.970005560,3,8,0,0,1,1,1,0,2,1,0,1,0,0000000,19,56,99,99,99,99,0,0,0,1,0
4,40349,1,1,0,6,13,370,20,6,2010,1,21,41,0,13,6,THOMAS RD,,0,33.47985833,-112.235030560,0,33,0,0,1,1,3,0,3,1,0,1,0,0000000,21,44,21,45,22,7,0,0,0,3,0
4,40350,1,1,0,1,17,0,20,6,2010,1,21,48,0,4,2,US-163,,4130,36.94979722,-110.207127780,3,1,0,0,1,1,4,0,1,1,0,1,0,0000000,99,99,99,99,88,88,0,0,0,1,0
4,40351,1,1,0,2,13,490,21,6,2010,2,18,50,0,14,6,GUADALUPE RD,,0,33.36370556,-111.937941670,0,33,0,0,1,1,4,0,1,1,0,1,0,0000000,18,51,18,54,99,99,0,0,0,1,0
4,40352,2,2,0,5,13,200,26,6,2010,7,13,35,0,13,6,59TH AVE,,0,33.59585556,-112.186005560,0,12,6,0,8,1,1,0,1,1,0,1,0,0000000,13,35,13,46,14,7,0,0,0,1,0
4,40353,1,1,1,1,13,370,30,6,2010,4,21,20,0,13,6,CENTRAL AVE,CORONA AVE,0,33.40580833,-112.073283330,0,8,0,0,3,2,1,0,3,1,0,1,0,0000000,21,20,99,99,99,99,0,0,0,1,0
4,40354,2,2,0,6,5,0,1,7,2010,5,3,47,1,1,1,I-40,,2073,35.20151944,-111.476205560,0,41,0,1,18,1,4,1,2,1,0,1,0,0000000,3,48,4,0,99,99,2,0,0,2,0
4,40357,1,1,0,6,13,0,3,7,2010,7,16,28,1,1,1,I-10,,920,33.50406111,-112.973622220,0,1,0,0,1,1,3,0,1,1,0,1,0,0000000,16,28,16,38,18,10,0,0,0,2,0
4,40358,1,1,0,1,19,530,5,7,2010,2,4,13,0,14,6,MISSION RD,,0,32.14572222,-111.013705560,3,38,0,0,1,1,5,0,2,1,0,1,0,0000000,4,13,4,13,88,88,0,0,0,1,1
4,40359,2,2,0,2,19,530,5,7,2010,2,5,55,0,15,6,CONGRESS ST,4TH AVE,0,32.22203889,-110.965986110,0,44,0,0,3,3,1,0,1,1,0,1,0,0000000,99,99,99,99,88,88,14,0,0,1,0
4,40360,1,1,0,2,21,0,5,7,2010,2,15,33,0,3,3,SR-77,,1166,32.75429444,-110.647875000,0,34,0,0,1,1,4,0,1,1,0,1,0,0000000,15,33,15,46,99,99,0,0,0,1,0
4,40361,2,2,0,3,13,80,6,7,2010,3,18,5,0,14,6,56TH ST,GALVESTON ST,0,33.31264167,-111.963052780,0,12,6,0,2,2,1,0,1,1,0,1,0,0000000,18,5,18,5,18,33,0,0,0,1,1
4,40362,1,1,0,2,13,60,7,7,2010,4,18,18,1,11,1,I-10,,1205,33.46228056,-112.499775000,0,1,0,1,19,1,4,0,1,1,0,1,0,0000000,18,18,99,99,99,99,0,0,0,1,0
4,40363,1,1,1,1,19,530,7,7,2010,4,20,27,0,15,6,1ST AVE,,0,32.25124444,-110.961013890,0,8,0,0,1,1,1,0,3,10,0,10,0,0000000,99,99,20,27,20,38,0,0,0,1,0
4,40364,1,1,0,2,19,530,9,7,2010,6,2,15,0,15,6,FAIRVIEW AVE,,0,32.27179444,-110.986591670,0,30,0,0,1,1,4,4,3,1,0,1,0,0000000,2,21,2,25,99,99,20,0,0,1,1
4,40365,1,1,0,6,19,0,10,7,2010,7,0,18,0,5,8,BIA 21,,0,32.00698889,-112.334625000,3,5,0,0,1,1,1,0,2,1,0,1,0,0000000,99,99,99,99,88,88,0,0,0,1,1
4,40366,2,1,0,1,21,22,10,7,2010,7,11,5,0,15,3,SR-88,LOST DUTCHMAN BLVD,1981,33.43675833,-111.521208330,0,18,0,0,3,2,5,0,1,1,0,1,0,0000000,11,5,11,10,88,88,0,0,0,1,0
4,40367,1,1,0,8,1,0,10,7,2010,7,16,40,1,1,1,I-40,,3119,35.06258611,-109.776638890,0,1,0,1,18,1,3,0,1,1,0,1,0,0000000,16,41,17,14,99,99,0,0,0,1,0
4,40368,2,2,0,2,13,490,10,7,2010,7,23,45,0,13,6,RURAL RD,SOUTHERN AVE,0,33.39294167,-111.926394440,0,12,6,0,2,2,1,0,3,1,0,1,0,0000000,23,46,23,51,0,13,0,0,0,1,0
4,40369,1,1,1,2,13,0,11,7,2010,1,23,37,1,2,3,SR-87,,1839,33.51216667,-111.758966670,3,8,0,0,1,1,1,0,2,10,0,10,0,0000000,23,38,23,48,88,88,0,0,0,1,0
4,40370,1,1,0,2,21,70,13,7,2010,3,16,11,1,1,1,I-10,,1897,32.94974722,-111.710338890,0,1,0,0,1,1,3,0,1,1,0,1,0,0000000,16,15,16,23,99,99,0,0,0,1,0
4,40371,1,1,0,2,15,0,14,7,2010,4,9,11,1,1,1,I-15,,261,36.98104167,-113.669691670,0,43,0,0,1,1,4,0,1,1,0,1,0,0000000,9,11,9,21,99,99,0,0,0,2,0
4,40372,2,2,0,2,21,180,16,7,2010,6,0,13,0,4,6,HUNT HWY,FELIX RD,0,33.05099444,-111.458444440,0,12,6,0,3,3,1,0,2,1,0,1,0,0000000,99,99,99,99,88,88,0,0,0,1,1
4,40373,2,2,0,4,5,0,16,7,2010,6,14,33,0,4,8,TOWNSEND-WINONA RD,,0,35.24628611,-111.506358330,0,12,6,0,1,1,1,0,1,10,0,10,0,0000000,14,33,14,42,15,20,20,0,0,1,1
4,40374,1,1,0,2,5,0,17,7,2010,7,14,38,1,2,2,US-89,,5188,36.56433333,-111.637422220,3,1,0,0,1,1,4,0,1,1,0,1,0,0000000,14,40,15,5,16,45,0,0,0,1,0
4,40376,2,2,0,6,13,0,18,7,2010,1,20,25,1,1,1,I-10,,973,33.48549722,-112.884430560,0,1,0,0,1,1,3,0,2,1,0,1,0,0000000,20,27,20,39,22,4,14,0,0,2,0
4,40378,1,1,1,1,19,530,20,7,2010,3,11,10,1,13,6,KOLB RD,,0,32.22224167,-110.841108330,0,8,0,0,1,1,1,0,1,1,0,1,0,0000000,11,10,11,14,11,38,0,0,0,1,0
4,40379,1,1,0,1,25,0,23,7,2010,6,22,16,0,5,9,BIG CHINO RD,,0,34.89548333,-112.475083330,0,35,0,0,1,1,4,0,2,10,0,10,0,0000000,22,19,22,35,88,88,0,0,0,1,1
4,40380,2,2,0,2,13,220,24,7,2010,7,17,30,0,4,6,ELLIOT RD,,0,33.34849167,-112.467041670,0,12,2,0,1,1,1,0,1,1,0,1,0,0000000,17,30,17,38,99,99,0,0,0,1,0
4,40381,1,1,0,1,25,0,25,7,2010,1,7,2,1,1,1,I-17,,2916,34.62448333,-111.839725000,0,34,0,0,1,1,4,0,1,10,0,10,0,0000000,7,3,7,14,8,11,0,0,0,1,0
4,40382,1,1,1,2,21,22,25,7,2010,1,19,55,0,14,6,MERIDIAN RD,,0,33.41340556,-111.580797220,0,9,0,0,1,1,1,0,2,2,0,2,0,0000000,19,56,19,59,20,47,0,0,0,1,0
4,40383,1,1,0,1,1,0,26,7,2010,2,16,40,0,4,3,SR-260,,3847,34.07310278,-109.479794440,0,1,0,0,1,1,2,0,1,10,0,10,0,0000000,16,47,17,1,17,33,0,0,0,1,1
4,40384,1,1,0,1,13,0,27,7,2010,3,99,99,0,4,9,OLD US 80,,0,33.00045833,-112.666555560,0,34,0,0,1,1,4,0,6,99,0,99,0,0000000,6,14,6,34,88,88,0,0,0,1,1
4,40385,1,1,0,1,13,486,29,7,2010,5,3,4,1,13,2,US-60,,1372,33.69368333,-112.420577780,0,1,0,0,1,1,4,0,2,2,0,2,0,0000000,3,1,3,6,88,88,0,0,0,1,0
4,40386,2,1,0,1,13,370,31,7,2010,7,23,59,1,12,3,SR-202 RAMP,,0,33.46177500,-112.044088890,0,45,0,1,5,1,1,1,3,10,0,10,0,0000000,0,0,0,20,88,88,0,0,0,1,1
4,40387,1,1,0,1,13,80,17,7,2010,7,10,4,0,15,6,COOPER RD,,0,33.26080556,-111.806830560,0,33,0,0,1,1,4,0,1,1,0,1,0,0000000,10,5,10,10,10,43,0,0,0,1,1
4,40388,1,1,0,1,17,0,24,7,2010,7,5,31,0,4,3,SR-260,,3602,34.07499444,-109.863275000,3,1,0,0,1,1,4,0,4,1,0,1,0,0000000,5,31,5,40,88,88,0,0,0,1,1
4,40389,2,2,0,2,13,370,31,7,2010,7,5,57,1,11,1,I-10,,1500,33.42683333,-112.030800000,0,12,1,1,18,1,1,0,4,10,0,10,0,0000000,6,5,6,10,88,88,0,0,0,1,1
4,40390,2,2,0,3,19,295,30,7,2010,6,23,18,1,1,1,I-10,,2354,32.47155833,-111.229922220,0,12,1,0,1,1,1,0,2,2,0,2,0,0000000,23,25,0,17,88,88,0,0,0,1,0
4,40391,2,2,0,2,13,370,23,7,2010,6,21,59,0,14,6,43RD AVE,,0,33.58315556,-112.151558330,0,12,6,0,8,1,1,0,3,1,0,1,0,0000000,21,59,22,1,99,99,0,0,0,1,0
4,40392,2,2,0,3,13,370,24,7,2010,7,8,22,0,13,6,INDIAN SCHOOL RD,59TH AVE,0,33.49511389,-112.186438890,0,12,6,0,2,2,1,0,1,1,0,1,0,0000000,8,24,8,26,8,46,0,0,0,1,0
4,40393,2,2,0,2,7,0,28,7,2010,4,15,15,0,3,2,US-60,,2907,33.78771667,-110.493800000,0,12,2,0,1,1,1,0,1,10,0,10,0,0000000,15,25,16,3,99,99,0,0,0,1,1
4,40394,2,2,0,2,19,0,27,7,2010,3,11,31,0,14,6,SHANNON RD,,0,32.35595000,-111.030666670,0,12,6,0,1,1,2,0,1,1,0,1,0,0000000,11,31,11,34,99,99,0,0,0,1,0
4,40395,1,1,0,1,3,0,1,7,2010,5,1,32,1,1,7,I-10 FRONTAGE RD,,0,31.99335556,-110.176461110,0,35,0,0,1,1,4,0,2,1,0,1,0,0000000,1,39,1,49,88,88,0,0,0,1,1
4,40396,1,1,1,1,13,370,2,7,2010,6,22,46,0,13,6,INDIAN SCHOOL RD,,0,33.49471111,-112.215741670,0,8,0,0,1,1,1,0,3,1,0,1,0,0000000,22,46,22,48,88,88,0,0,0,1,0
4,40397,1,1,0,2,13,370,3,7,2010,7,13,43,0,13,6,SOUTHERN AVE,,0,33.39257778,-112.009011110,0,42,0,0,1,1,4,0,1,1,0,1,0,0000000,99,99,99,99,99,99,0,0,0,1,1
4,40398,1,1,2,3,13,370,3,7,2010,7,20,22,0,16,6,ROOSEVELT ST,,0,33.45866389,-112.131513890,0,33,0,0,1,1,4,0,3,1,0,1,0,0000000,99,99,99,99,99,99,0,0,0,1,0
4,40399,1,1,0,3,17,0,3,7,2010,7,11,23,0,6,9,COOLEY RD,,0,99.99990000,999.999900000,3,1,0,0,1,1,5,0,1,98,0,98,0,0000000,11,26,99,99,99,99,0,0,0,1,1
4,40400,1,1,0,7,17,0,4,7,2010,1,0,46,0,6,9,PORTER AVE,,0,35.12418333,-110.322444440,0,1,0,0,1,1,4,0,3,1,0,1,0,0000000,0,56,1,27,99,99,0,0,0,2,1
4,40401,2,2,0,2,19,530,4,7,2010,1,12,51,0,13,6,SPEEDWAY BLVD,FREMMING AVE,0,32.23566389,-110.830302780,0,12,6,0,2,3,1,0,1,1,0,1,0,0000000,99,99,99,99,99,99,0,0,0,1,0
4,40402,1,1,0,1,7,0,5,7,2010,2,17,28,0,6,8,FOREST ROAD 291,,0,34.26191667,-110.893916670,0,34,0,0,1,1,4,0,1,1,0,1,0,0000000,17,29,17,47,88,88,0,0,0,1,0
4,40403,1,1,0,2,13,266,5,7,2010,2,99,99,0,15,9,BASELINE RD,,0,99.99990000,999.999900000,0,99,0,9,99,9,99,0,9,99,0,99,0,0000000,99,99,99,99,99,99,0,0,0,1,0
4,40404,1,1,0,10,19,0,7,7,2010,4,99,99,0,6,8,BIA 42,,0,32.18831111,-111.748005560,3,1,0,0,1,1,4,0,1,1,0,1,0,0000000,99,99,99,99,99,99,0,0,0,1,1
4,40405,1,1,1,2,13,370,16,7,2010,6,20,40,0,13,6,BASELINE RD,,0,33.37775556,-112.071597220,0,8,0,0,1,1,1,0,3,1,0,1,0,0000000,20,40,99,99,99,99,0,0,0,1,0
4,40406,1,1,1,1,1,0,25,7,2010,1,2,17,0,6,8,BIA 13,,0,99.99990000,999.999900000,3,8,0,0,1,1,1,0,6,99,0,99,0,0000000,99,99,99,99,99,99,0,0,0,1,0
4,40408,1,1,1,1,13,370,28,7,2010,4,12,48,0,13,6,19TH AVE,MONTEBELLO AVE,0,33.51990556,-112.099850000,0,8,0,0,3,3,1,0,1,1,0,1,0,0000000,12,48,12,49,99,99,0,0,0,1,0
4,40409,1,1,2,3,13,370,29,7,2010,5,19,34,0,13,6,BELL RD,,0,33.64063333,-112.005313890,0,33,0,0,1,1,4,0,3,2,0,2,0,0000000,19,35,19,42,20,8,0,0,0,1,0
4,40410,2,2,0,5,13,200,30,7,2010,6,23,51,0,13,6,PEORIA AVE,51ST AVE,0,33.58191944,-112.168855560,0,12,6,0,2,2,1,0,3,10,0,10,0,0000000,23,53,23,56,0,25,0,0,0,1,0
4,40411,1,1,1,1,5,0,31,7,2010,7,0,30,0,4,8,BIA 2,,0,99.99990000,999.999900000,3,8,0,0,1,1,1,0,6,99,0,99,0,0000000,99,99,99,99,88,88,0,0,0,1,0
4,40412,1,1,1,3,13,370,31,7,2010,7,23,33,0,14,6,VAN BUREN ST,,0,33.45115278,-112.119100000,0,8,0,0,1,1,1,0,2,1,0,1,0,0000000,99,99,99,99,99,99,0,0,0,1,0
4,40413,1,1,1,2,5,170,4,8,2010,4,21,1,1,11,1,I-40,,1999,35.20787778,-111.600802780,0,8,0,0,1,1,1,1,2,1,0,1,0,0000000,21,1,21,6,88,88,0,0,0,1,0
4,40414,2,2,0,2,25,0,5,8,2010,5,9,55,1,1,1,I-17,,2978,34.67790833,-111.756266670,0,12,2,0,1,1,1,0,1,1,0,1,0,0000000,9,55,10,10,99,99,0,0,0,1,0
4,40415,2,2,0,2,3,0,5,8,2010,5,15,33,0,3,3,SR-80,,3095,31.79234444,-110.151961110,0,12,6,0,1,1,1,0,1,2,0,2,0,0000000,15,40,15,45,99,99,0,0,0,1,0
4,40416,3,3,0,6,13,486,5,8,2010,5,16,31,0,13,6,BELL RD,EL MIRAGE RD,0,33.63862222,-112.324811110,0,12,6,0,2,2,1,0,1,1,0,1,0,0000000,16,33,16,44,99,99,0,0,0,1,0
4,40417,1,1,1,1,13,420,5,8,2010,5,19,52,0,13,6,HAYDEN RD,,0,33.50161111,-111.908938890,0,8,0,0,1,1,1,0,3,1,0,1,0,0000000,19,54,20,0,99,99,0,0,0,1,0
4,40419,2,2,0,4,25,0,7,8,2010,7,6,15,0,4,3,SR-169,,48,34.54706111,-112.162363890,0,12,2,0,1,1,1,0,4,10,2,2,0,0000000,6,19,6,27,6,52,0,0,0,3,0
4,40420,4,4,0,6,19,530,7,8,2010,7,16,6,0,13,6,BROADWAY BLVD,PANTANO RD,0,32.22105833,-110.823838890,0,12,6,0,2,2,1,0,1,1,0,1,0,0000000,16,6,16,11,16,35,0,0,0,1,0
4,40423,1,1,0,1,3,0,13,8,2010,6,6,10,1,2,3,SR-80,,3338,31.50645556,-110.010005560,0,58,0,0,1,1,5,0,1,1,0,1,0,0000000,6,17,6,29,8,29,0,0,0,1,0
4,40424,1,1,0,1,13,290,15,8,2010,1,2,43,0,14,6,BROADWAY RD,,0,33.40823611,-111.753833330,0,33,0,0,1,1,4,0,3,1,0,1,0,0000000,99,99,99,99,88,88,0,0,0,1,1
4,40425,1,1,0,1,1,0,15,8,2010,1,10,55,0,3,3,SR-264,,4688,35.66906389,-109.165308330,3,1,0,0,1,1,3,0,1,1,0,1,0,0000000,10,55,11,4,88,88,0,0,0,1,0
4,40426,2,2,0,6,13,486,15,8,2010,1,16,37,0,16,6,REEMS RD,PARADISE LN,0,33.63138611,-112.394022220,0,12,6,0,2,2,1,0,1,1,0,1,0,0000000,16,39,16,40,99,99,0,0,0,1,0
4,40427,3,3,0,5,25,0,15,8,2010,1,16,50,1,2,2,US-93,,1806,34.14498611,-112.981583330,0,12,2,0,1,1,1,0,1,1,0,1,0,0000000,16,55,17,12,99,99,14,0,0,2,0
4,40428,1,1,0,1,19,0,16,8,2010,2,14,25,1,11,1,I-19,,551,32.08058611,-110.992975000,3,43,0,0,1,1,3,0,1,10,0,10,0,0000000,14,30,14,37,88,88,0,0,0,1,0
4,40429,1,1,0,1,25,386,18,8,2010,4,13,21,0,6,6,PRESCOTT LAKES PKWY,,0,34.57065833,-112.425519440,0,33,0,0,1,1,3,0,1,10,0,10,0,0000000,13,21,13,25,88,88,0,0,0,1,0
4,40430,1,1,0,2,13,0,20,8,2010,6,3,58,0,15,6,MERIDIAN RD,BASELINE RD,0,33.37880556,-111.580763890,0,58,0,0,3,3,5,0,2,1,0,1,0,0000000,99,99,99,99,99,99,0,0,0,1,1
4,40431,2,2,0,2,13,370,20,8,2010,6,9,3,1,11,1,I-17,,2045,33.51803611,-112.112225000,0,12,1,0,1,1,1,0,1,1,0,1,0,0000000,9,3,9,9,9,46,19,0,0,1,0
4,40432,2,2,0,13,13,0,20,8,2010,6,18,1,1,11,1,I-10,,1155,33.43693889,-112.580927780,0,12,7,0,1,1,1,0,1,1,0,1,0,0000000,18,2,18,10,99,99,0,0,0,1,0
4,40433,1,1,0,1,21,0,22,8,2010,1,1,18,1,1,1,I-8 RAMP,,1780,32.81902500,-111.687041670,0,24,0,1,5,1,4,0,2,10,0,10,0,0000000,1,19,1,33,88,88,0,0,0,1,0
4,40434,2,2,0,3,5,170,22,8,2010,1,11,58,1,13,2,US-89,TOWNSEND WINONA RD,4207,35.24522500,-111.564863890,0,12,6,0,2,3,1,0,1,10,0,10,0,0000000,11,57,12,5,12,32,0,0,0,1,0
4,40435,2,2,0,4,23,330,22,8,2010,1,17,5,1,11,1,I-19,,75,31.42701111,-110.964638890,0,12,6,1,18,1,1,0,1,1,0,1,0,0000000,17,6,17,11,99,99,0,0,0,1,0
4,40436,2,2,0,2,3,40,23,8,2010,2,7,59,1,1,1,I-10,,3037,31.97205833,-110.326497220,0,12,1,0,1,1,1,0,1,1,0,1,0,0000000,8,1,8,10,88,88,0,0,0,1,0
4,40437,1,1,0,1,13,290,24,8,2010,3,19,41,0,13,6,MCKELLIPS RD,,0,33.45149444,-111.829125000,0,33,0,0,1,1,4,0,3,10,0,10,0,0000000,19,41,19,44,88,88,0,0,0,1,1
4,40438,2,2,0,2,19,530,25,8,2010,4,22,40,0,15,6,CURTIS RD,,0,32.30148333,-111.022888890,0,12,6,0,8,1,1,0,3,1,0,1,0,0000000,22,40,22,42,88,88,20,0,0,1,0
4,40439,1,1,0,1,5,0,27,8,2010,6,13,0,0,4,2,US-89A,,5428,36.77800000,-111.694927780,1,1,0,0,1,1,4,0,1,10,0,10,0,0000000,13,9,13,45,88,88,0,0,0,1,0
4,40440,1,1,0,1,13,0,28,8,2010,7,7,14,1,2,3,SR-87,,2144,33.81654167,-111.480941670,0,34,0,0,1,1,3,0,1,10,0,10,0,0000000,7,17,7,51,88,88,0,0,0,1,0
4,40441,1,1,0,1,13,0,29,8,2010,1,6,15,1,1,1,I-10,,923,33.50364167,-112.968394440,0,1,0,0,1,1,4,0,1,1,0,1,0,0000000,6,15,6,40,7,58,0,0,0,1,0
4,40442,1,1,0,1,15,0,29,8,2010,1,20,4,1,1,1,I-15,,155,36.92703056,-113.832111110,0,25,0,0,1,1,4,0,2,1,0,1,0,0000000,20,8,20,21,88,88,0,0,0,1,1
4,40443,2,2,0,2,25,373,9,8,2010,2,7,39,1,13,3,SR-69,STONERIDGE DR,2897,34.57965278,-112.360283330,0,12,1,0,3,2,1,0,1,1,0,1,0,0000000,99,99,99,99,99,99,0,0,0,1,0
4,40444,1,1,0,3,21,0,5,6,2010,7,7,21,0,6,9,SEED FARM RD,,0,33.07413889,-111.834469440,3,1,0,0,1,1,4,0,1,1,0,1,0,0000000,7,23,7,30,99,99,0,0,0,1,1
4,40445,1,1,0,8,13,0,31,8,2010,3,5,10,1,1,1,I-10,,1640,33.26188889,-111.952927780,3,1,0,0,1,1,4,0,1,1,0,1,0,0000000,5,10,5,25,99,99,0,0,0,1,0
4,40447,1,1,0,2,13,0,1,7,2010,5,99,99,0,13,4,MC 85,,0,99.99990000,999.999900000,0,99,0,0,99,9,99,0,9,99,0,99,0,0000000,99,99,99,99,99,99,0,0,0,1,0
4,40448,1,1,0,1,7,230,13,7,2010,3,7,15,0,6,8,ASARCO RD,,0,32.99869444,-110.784372220,0,1,0,0,1,1,5,0,1,1,0,1,0,0000000,99,99,99,99,88,88,0,0,0,1,0
4,40449,1,1,0,1,13,290,2,8,2010,2,99,99,0,14,6,UNIVERSITY DR,,0,99.99990000,999.999900000,0,99,0,0,99,9,99,0,9,99,0,99,0,0000000,99,99,99,99,99,99,0,0,0,1,0
4,40450,1,1,1,1,17,0,6,8,2010,6,4,0,0,3,3,SR-264,,3789,35.84761944,-110.534211110,3,8,0,0,1,1,1,0,6,98,0,98,0,0000000,99,99,99,99,99,99,0,0,0,1,0
4,40451,1,1,0,4,17,0,7,8,2010,7,22,0,0,4,8,BIA 15,,0,99.99990000,999.999900000,3,1,0,0,99,9,99,0,6,99,0,99,0,0000000,99,99,99,99,99,99,0,0,0,1,0
4,40452,1,1,1,1,7,0,9,8,2010,2,99,99,0,4,8,BIA 6,,0,99.99990000,999.999900000,3,8,0,0,99,9,99,0,9,99,0,99,0,0000000,99,99,99,99,99,99,0,0,0,1,0
4,40453,2,2,0,3,5,336,10,8,2010,3,23,29,1,13,2,US-89,,99999,36.90179444,-111.486038890,3,12,2,0,1,1,1,0,2,1,0,1,0,0000000,23,33,23,39,99,99,0,0,0,1,1
4,40454,1,1,0,1,13,0,13,8,2010,6,99,99,0,14,6,99TH AVE,,0,99.99990000,999.999900000,0,33,0,0,1,1,4,0,9,99,0,99,0,0000000,99,99,99,99,99,99,0,0,0,1,0