STATE,ST_CASE,VE_TOTAL,VE_FORMS,PEDS,PERSONS,COUNTY,CITY,DAY,MONTH,YEAR,DAY_WEEK,HOUR,MINUTE,NHS,ROAD_FNC,ROUTE,TWAY_ID,TWAY_ID2,MILEPT,LATITUDE,LONGITUD,SP_JUR,HARM_EV,MAN_COLL,RELJCT1,RELJCT2,TYP_INT,REL_ROAD,WRK_ZONE,LGT_COND,WEATHER1,WEATHER2,WEATHER,SCH_BUS,RAIL,NOT_HOUR,NOT_MIN,ARR_HOUR,ARR_MIN,HOSP_HR,HOSP_MN,CF1,CF2,CF3,FATALS,DRUNK_DR
4,40455,1,1,0,2,1,0,17,8,2010,3,0,2,0,4,2,US-191,,4589,36.31510000,-109.613161110,3,99,0,0,99,9,99,0,6,99,0,99,0,0000000,99,99,99,99,99,99,0,0,0,2,1
4,40456,2,2,0,3,1,0,18,8,2010,4,19,13,0,3,3,SR-264,,4506,35.71796111,-109.478016670,3,12,1,0,1,1,1,0,6,99,0,99,0,0000000,99,99,99,99,99,99,0,0,0,2,0
4,40457,1,1,0,2,9,0,29,8,2010,1,99,99,0,3,2,US-70,,2790,33.27563611,-110.328416670,0,99,0,0,99,9,99,0,9,99,0,99,0,0000000,99,99,99,99,99,99,0,0,0,1,0
4,40459,2,2,0,6,13,370,2,8,2010,2,18,8,0,13,6,BELL RD,20TH ST,0,33.64037778,-112.039516670,0,12,6,0,2,2,1,0,1,1,0,1,0,0000000,18,16,18,21,99,99,0,0,0,1,0
4,40460,3,3,0,4,13,158,6,8,2010,6,15,52,0,15,6,DYSART RD,,0,33.61876111,-112.342083330,0,12,1,0,1,1,1,0,1,1,0,1,0,0000000,15,52,15,53,99,99,0,0,0,1,0
4,40462,3,3,0,4,13,370,13,8,2010,6,18,23,0,13,6,INDIAN SCHOOL RD,,0,33.49487778,-112.082402780,0,12,2,0,8,1,11,0,1,1,0,1,0,0000000,18,24,18,26,99,99,14,0,0,1,0
4,40463,1,1,1,1,13,370,25,8,2010,4,20,52,0,14,6,43RD AVE,,0,33.54245556,-112.151452780,0,15,0,0,1,1,1,0,3,1,0,1,0,0000000,99,99,99,99,99,99,0,0,0,1,0
4,40464,1,1,1,1,13,80,13,8,2010,6,22,11,0,14,6,RAY RD,HARTFORD ST,0,33.32064444,-111.850577780,0,8,0,0,3,2,1,0,3,1,0,1,0,0000000,22,11,22,13,22,42,16,0,0,1,0
4,40465,1,1,1,3,13,0,1,9,2010,4,19,41,0,14,6,BROWN RD,,0,33.43693889,-111.611094440,0,8,0,0,1,1,1,0,3,1,0,1,0,0000000,19,41,19,48,88,88,0,0,0,1,0
4,40466,1,1,0,2,19,0,2,9,2010,5,3,11,0,14,9,REDINGTON RD,,0,99.99990000,999.999900000,0,1,0,0,1,1,5,0,3,1,0,1,0,0000000,99,99,99,99,99,99,0,0,0,1,1
4,40467,1,1,0,2,5,0,2,9,2010,5,14,19,1,1,1,I-40,,2186,35.15873611,-111.288138890,0,1,0,0,1,1,3,0,1,1,0,1,0,0000000,14,19,14,28,99,99,0,0,0,1,0
4,40468,1,1,0,1,23,447,2,9,2010,5,23,13,0,5,9,LOWER ELGIN RD,,0,31.67153333,-110.593769440,0,1,0,0,1,1,1,0,3,1,0,1,0,0000000,23,15,23,21,88,88,0,0,0,1,1
4,40469,1,1,1,1,17,565,6,9,2010,2,5,5,0,15,3,SR-73,,3359,33.80064722,-109.994691670,3,8,0,0,1,1,1,0,3,10,0,10,0,0000000,5,12,5,18,88,88,0,0,0,1,0
4,40470,1,1,0,2,19,0,6,9,2010,2,9,6,0,6,9,PISTOL HILL RD,,0,32.07064167,-110.652075000,0,32,0,0,1,1,5,0,1,1,0,1,0,0000000,99,99,99,99,88,88,0,0,0,1,0
4,40471,1,1,0,2,25,0,10,9,2010,6,16,47,0,6,8,FOREST ROUTE 104,,0,99.99990000,999.999900000,0,1,0,0,1,1,6,0,1,1,0,1,0,0000000,16,42,17,5,99,99,0,0,0,1,1
4,40472,2,2,0,4,13,490,11,9,2010,7,3,3,0,13,6,UNIVERSITY DR,,0,33.42201389,-111.921613890,0,12,2,0,8,1,1,0,3,1,0,1,0,0000000,3,4,3,8,99,99,0,0,0,1,1
4,40473,2,2,0,2,21,22,11,9,2010,7,14,28,0,16,6,4TH AVE,WIKIUP RD,0,33.41151667,-111.524447220,0,12,6,0,2,2,1,0,1,1,0,1,0,0000000,14,28,99,99,99,99,0,0,0,1,0
4,40474,2,2,0,2,15,0,13,9,2010,2,20,7,1,1,1,I-15,,205,36.96229444,-113.760536110,0,25,0,0,1,1,3,0,2,1,0,1,0,0000000,20,11,20,30,88,88,0,0,0,1,1
4,40475,2,2,0,4,13,190,14,9,2010,3,18,22,0,15,6,HIGLEY RD,GUADALUPE RD,0,33.36486389,-111.721875000,0,12,6,0,2,2,1,0,5,1,0,1,0,0000000,18,24,18,26,99,99,0,0,0,1,0
4,40476,1,1,0,1,11,0,15,9,2010,4,9,0,0,5,3,SR-78,,1683,33.05141667,-109.085997220,0,24,0,0,1,1,4,0,1,1,0,1,0,0000000,14,37,15,9,20,7,0,0,0,1,0
4,40477,1,1,0,1,1,0,17,9,2010,6,18,17,0,4,3,SR-260,,3846,34.07217222,-109.480763890,0,1,0,0,1,1,4,0,5,1,0,1,0,0000000,18,17,18,24,20,20,0,0,0,1,0
4,40478,1,1,0,2,17,0,19,9,2010,1,8,18,0,6,9,FRENCH RD,PROSPERITY AVE,0,35.03518056,-110.675841670,0,30,0,0,3,2,4,0,1,1,0,1,0,0000000,8,17,8,22,99,99,0,0,0,1,1
4,40479,1,1,0,1,5,0,19,9,2010,1,11,49,0,4,8,FOREST ROAD 505,,0,35.29807222,-111.338505560,0,1,0,0,1,1,4,0,1,1,0,1,0,0000000,11,49,12,5,88,88,0,0,0,1,0
4,40480,5,5,0,7,13,370,19,9,2010,1,13,32,1,12,3,SR-51 RAMP,,40,33.50495278,-112.043202780,0,39,0,1,5,1,4,0,1,1,0,1,0,0000000,13,34,13,36,99,99,0,0,0,1,0
4,40481,1,1,0,1,23,0,20,9,2010,2,20,9,1,1,1,I-19,,153,31.52414722,-111.020666670,0,1,0,0,1,1,4,0,3,2,0,2,0,0000000,20,7,20,14,88,88,0,0,0,1,0
4,40482,2,2,0,2,13,370,21,9,2010,3,9,4,1,11,1,I-10,,1387,33.46271944,-112.185547220,0,1,0,0,1,1,1,0,1,1,0,1,0,0000000,9,5,9,8,9,30,0,0,0,1,0
4,40483,2,2,0,3,13,370,25,9,2010,7,4,46,1,11,1,I-10,,1504,33.42342778,-112.022819440,0,12,2,0,1,1,1,0,3,1,0,1,0,0000000,4,46,4,52,5,15,0,0,0,2,1
4,40484,2,2,0,2,25,0,25,9,2010,7,12,48,1,2,2,US-93,SR-89,1935,34.02525833,-112.808947220,0,12,6,0,2,2,1,0,1,1,0,1,0,0000000,12,49,12,57,99,99,0,0,0,1,0
4,40488,1,1,0,3,13,0,29,9,2010,4,14,3,1,1,1,I-10,,893,33.51223333,-113.018947220,0,1,0,0,1,1,3,0,1,1,0,1,0,0000000,14,7,14,21,15,42,0,0,0,1,0
4,40489,1,1,1,1,19,530,29,9,2010,4,19,20,0,14,6,12TH AVE,,0,32.15002222,-110.977583330,0,8,0,0,1,1,1,0,3,1,0,1,0,0000000,19,23,19,28,19,48,0,0,0,1,0
4,40490,1,1,0,3,3,0,30,9,2010,5,2,16,1,1,1,I-10,,3899,32.23232222,-109.069919440,0,1,0,0,1,1,1,0,2,1,0,1,0,0000000,2,20,3,0,5,0,0,0,0,1,0
4,40491,1,1,1,1,13,370,5,8,2010,5,18,27,0,14,6,UNION HILLS DR,15TH AVE,0,33.65461389,-112.091513890,0,9,0,0,3,2,1,0,1,1,0,1,0,0000000,18,27,18,32,88,88,0,0,0,1,0
4,40492,1,1,0,3,13,370,20,8,2010,6,21,29,0,5,6,NEW RIVER RD,,0,33.85930000,-112.193322220,0,17,0,0,1,1,5,0,2,1,0,1,0,0000000,21,22,21,37,99,99,0,0,0,2,0
4,40493,1,1,0,1,19,0,12,9,2010,1,99,99,0,5,8,BIA 34,,0,32.26203889,-112.564472220,3,42,0,0,1,1,5,0,3,1,0,1,0,0000000,99,99,99,99,88,88,0,0,0,1,1
4,40494,2,2,0,9,13,190,26,9,2010,1,10,14,1,13,3,SR-87,GUADALUPE RD,1707,33.36419167,-111.841850000,0,12,2,0,2,2,1,0,1,1,0,1,0,0000000,10,14,10,18,11,10,0,0,0,1,0
4,40495,2,2,0,2,13,80,7,9,2010,3,11,22,0,13,6,ALMA SCHOOL RD,RAY RD,0,33.32059722,-111.859136110,0,12,6,0,2,2,1,0,1,1,0,1,0,0000000,11,23,11,27,12,8,0,0,0,1,0
4,40496,1,1,0,3,15,104,2,10,2010,7,23,5,0,6,6,ARIZONA AVE,,0,36.99732500,-112.984708330,0,44,0,0,1,1,1,0,6,1,0,1,0,0000000,23,4,23,6,99,99,0,0,0,1,0
4,40497,1,1,1,1,19,295,3,10,2010,1,3,15,1,1,1,I-10,,2376,32.45029722,-111.200005560,0,8,0,0,1,1,1,0,3,2,0,2,0,0000000,88,88,88,88,88,88,0,0,0,1,0
4,40498,1,1,0,2,25,0,4,10,2010,2,12,27,1,1,1,I-40,,1460,35.21978611,-112.478652780,0,1,0,1,18,1,3,0,1,2,0,2,0,0000000,12,30,12,48,13,52,0,0,0,1,0
4,40499,2,2,0,3,9,0,4,10,2010,2,12,28,0,3,2,US-70,US-191,3494,32.79210833,-109.550858330,0,12,6,0,2,4,1,0,1,1,0,1,0,0000000,12,28,12,43,13,40,0,0,0,1,0
4,40500,1,1,0,1,17,0,5,10,2010,3,12,50,1,2,3,SR-260,,3098,34.39357778,-110.521550000,0,24,0,0,1,1,4,0,1,10,0,10,0,0000000,12,57,13,1,88,88,0,0,0,1,0
4,40501,1,1,0,1,13,80,5,10,2010,3,15,26,1,12,3,SR-202,,550,33.29495278,-111.959519440,0,20,0,1,5,1,8,0,1,2,3,3,0,0000000,15,26,15,32,88,88,0,0,0,1,0
4,40502,1,1,0,1,21,0,8,10,2010,6,16,0,1,1,1,I-10,,2289,32.54423333,-111.298369440,0,38,0,0,1,1,4,0,1,1,0,1,0,0000000,16,1,16,8,17,46,0,0,0,1,0
4,40504,1,1,0,2,15,0,9,10,2010,7,13,30,0,6,4,BURRO CREEK RD,,0,34.61954167,-113.433622220,0,1,0,0,1,1,4,0,1,1,0,1,0,0000000,13,14,14,22,99,99,0,0,0,1,1
4,40505,1,1,0,1,19,0,10,10,2010,1,17,5,0,4,3,SR-83,,475,31.86183611,-110.691108330,0,24,0,0,1,1,4,0,1,1,0,1,0,0000000,17,5,17,20,88,88,0,0,0,1,1
4,40506,1,1,0,1,23,0,12,10,2010,3,5,35,0,4,3,SR-82,,429,31.72398056,-110.489322220,0,52,0,0,1,1,4,0,2,1,0,1,0,0000000,5,40,5,50,88,88,0,0,0,1,0
4,40508,1,1,0,2,15,0,15,10,2010,6,14,54,1,1,1,I-40,,887,35.19246667,-113.417077780,0,1,0,0,1,1,1,0,1,10,0,10,0,0000000,14,54,15,31,99,99,0,0,0,1,0
4,40509,1,1,0,2,9,0,15,10,2010,6,18,15,0,3,2,US-191,,1362,32.82472222,-109.465983330,0,1,0,0,1,1,4,1,3,1,0,1,0,0000000,18,17,18,33,99,99,0,0,0,1,0
4,40510,2,2,0,2,13,220,16,10,2010,7,0,31,0,15,6,INDIAN SCHOOL RD,CITRUS RD,0,33.49370000,-112.444091670,0,12,1,0,3,2,1,0,2,1,0,1,0,0000000,0,32,0,39,99,99,0,0,0,1,1
4,40512,2,2,0,3,25,0,17,10,2010,1,10,5,1,2,2,US-93,,1884,34.07229167,-112.877100000,0,12,2,0,1,1,1,0,1,1,0,1,0,0000000,10,13,10,24,11,25,0,0,0,1,0
4,40513,1,1,0,1,7,0,19,10,2010,3,99,99,0,4,3,SR-87,,2620,34.31965000,-111.414791670,0,31,0,0,1,1,4,0,9,99,0,99,0,0000000,88,88,88,88,88,88,0,0,0,1,0
4,40514,1,1,0,1,21,0,20,10,2010,4,10,16,0,3,3,SR-79,,993,32.64636944,-111.021450000,0,41,0,0,1,1,4,0,1,1,0,1,0,0000000,10,18,10,35,88,88,0,0,0,1,0
4,40515,1,1,0,2,25,0,20,10,2010,4,17,10,0,4,3,SR-260,,2425,34.50932222,-111.554919440,0,1,0,0,1,1,4,0,1,3,2,3,0,0000000,17,13,17,38,88,88,0,0,0,1,0
4,40516,1,1,0,1,13,490,21,10,2010,5,2,32,1,12,2,US-60 RAMP,,1760,33.38929444,-111.890666670,0,25,0,1,5,1,4,0,3,2,0,2,0,0000000,2,32,2,52,88,88,0,0,0,1,1
4,40517,1,1,0,2,13,190,23,10,2010,7,1,26,0,15,6,RECKER RD,GALVESTON ST,0,33.31430556,-111.703969440,0,43,0,0,3,3,5,0,3,1,0,1,0,0000000,1,28,1,34,99,99,0,0,0,1,1
4,40518,1,1,1,1,13,290,26,10,2010,3,18,16,0,15,6,BROWN RD,32ND ST,0,33.43733056,-111.762325000,0,9,0,0,3,2,1,0,3,1,0,1,0,0000000,18,16,18,21,18,33,0,0,0,1,0
4,40519,2,2,0,2,13,290,28,10,2010,5,0,0,1,12,3,SR-202,,145,33.46529722,-111.822730560,0,12,2,1,18,1,1,0,3,1,0,1,0,0000000,0,0,0,15,0,43,20,0,0,1,1
4,40520,1,1,2,2,21,70,28,10,2010,5,7,33,0,14,6,RODEO RD,SR-387,0,32.92344722,-111.756761110,0,8,0,0,3,2,1,0,4,1,0,1,0,0000000,7,33,7,35,8,42,0,0,0,1,0
4,40521,2,2,0,3,19,0,29,10,2010,6,10,47,1,1,1,I-19,,508,32.01812222,-110.992233330,3,12,7,0,1,1,1,0,1,1,0,1,0,0000000,10,48,10,56,11,25,0,0,0,2,0
4,40522,1,1,1,1,13,490,29,10,2010,6,18,5,0,13,6,UNIVERSITY DR,,0,33.42205833,-111.893752780,0,8,0,0,1,1,1,0,5,1,0,1,0,0000000,18,6,18,10,18,30,0,0,0,1,0
4,40523,1,1,0,1,13,370,30,10,2010,7,6,19,1,11,1,I-10,,1392,33.46303611,-112.176994440,0,57,0,0,1,1,3,0,4,1,0,1,0,0000000,6,22,6,27,6,46,0,0,0,1,1
4,40524,1,1,0,1,13,220,30,10,2010,7,8,57,0,5,6,ESTRELLA PKWY,,0,33.37463056,-112.400102780,0,41,0,0,1,1,4,0,3,10,0,10,0,0000000,8,59,9,8,88,88,0,0,0,1,0
4,40525,1,1,1,2,13,190,22,10,2010,6,20,52,1,12,3,SR-202,,409,33.30528611,-111.739416670,0,8,0,1,18,1,1,0,3,1,0,1,0,0000000,20,52,21,0,88,88,0,0,0,1,0
4,40526,2,2,1,11,13,370,6,8,2010,6,15,32,0,16,6,28TH ST,VIRGINIA AVE,0,33.47672778,-112.021558330,0,12,7,0,2,2,1,0,1,10,0,10,0,0000000,99,99,99,99,99,99,15,0,0,2,0
4,40527,1,1,1,1,19,530,5,9,2010,1,21,41,1,11,1,I-19,,603,32.15532778,-110.986519440,0,8,0,0,1,1,1,0,2,1,0,1,0,0000000,21,41,21,45,99,99,0,0,0,1,0
4,40528,1,1,1,2,13,370,12,8,2010,5,21,17,0,13,6,CAMELBACK RD,,0,33.50945000,-112.121666670,0,8,0,0,1,1,1,0,3,1,0,1,0,0000000,99,99,99,99,99,99,0,0,0,1,0
4,40529,1,1,1,1,13,370,14,8,2010,7,21,15,0,14,6,67TH AVE,,0,33.47817500,-112.203291670,0,8,0,0,1,1,1,0,3,1,0,1,0,0000000,21,15,21,20,21,42,0,0,0,1,0
4,40530,1,1,1,2,21,0,17,8,2010,3,16,41,0,6,9,MEADOWLARK WAY,,0,33.24863056,-111.522394440,0,8,0,0,1,1,1,0,1,1,0,1,0,0000000,16,42,16,50,88,88,0,0,0,1,0
4,40531,3,3,1,3,13,370,17,8,2010,3,22,9,0,13,6,7TH AVE,CAMELBACK RD,0,33.50941111,-112.082497220,0,8,0,0,3,2,1,0,3,2,0,2,0,0000000,22,11,22,16,99,99,0,0,0,1,0
4,40532,1,1,0,1,13,200,20,8,2010,6,22,15,0,13,6,51ST AVE,SUNNYSIDE DR,0,33.59278333,-112.168677780,0,33,0,0,3,3,4,0,3,1,0,1,0,0000000,22,7,22,11,88,88,0,0,0,1,1
4,40533,2,2,0,4,19,530,21,8,2010,7,12,46,0,14,3,SR-86,LA CHOLLA BLVD,1699,32.17788611,-111.011588890,0,12,6,0,3,2,1,0,1,1,0,1,0,0000000,99,99,99,99,99,99,0,0,0,1,0
4,40534,1,1,0,3,5,0,23,8,2010,2,18,30,0,6,9,CENTER RD,,0,99.99990000,999.999900000,1,42,0,0,1,1,4,0,9,99,0,99,0,0000000,99,99,99,99,99,99,0,0,0,1,0
4,40535,1,1,1,2,21,0,26,8,2010,5,6,38,0,6,6,FRUIT TREE LN,,0,33.18415000,-111.578516670,0,8,0,0,8,1,4,0,1,1,0,1,0,0000000,6,37,6,46,88,88,0,0,0,1,0
4,40536,2,2,0,5,13,420,26,8,2010,5,20,23,1,12,3,SR-101,,346,33.65778611,-111.923991670,0,25,0,1,19,1,3,0,3,1,0,1,0,0000000,20,27,20,42,21,34,0,0,0,1,0
4,40537,2,2,0,2,25,373,27,8,2010,6,17,48,0,16,9,LAKESHORE DR,WINDSONG DR,0,34.59582222,-112.327277780,0,12,2,0,2,2,1,0,1,1,0,1,0,0000000,17,49,17,52,18,5,0,0,0,1,0
4,40538,1,1,1,1,13,370,29,8,2010,1,0,23,0,13,6,35TH AVE,,0,33.51197500,-112.134216670,0,8,0,0,1,1,1,0,3,1,0,1,0,0000000,0,24,0,28,88,88,0,0,0,1,0
4,40539,1,1,0,1,13,200,30,8,2010,2,1,58,0,13,6,PEORIA AVE,,0,33.58190833,-112.162480560,0,33,0,0,1,1,4,0,3,1,0,1,0,0000000,1,59,2,4,2,33,0,0,0,1,1
4,40540,2,2,0,2,19,0,2,9,2010,5,9,30,0,5,8,BIA 19,UNKNOWN RD,0,31.63443611,-111.774644440,3,12,6,0,2,2,1,0,1,1,0,1,0,0000000,99,99,99,99,99,99,0,0,0,1,1
4,40541,1,1,1,1,1,0,2,9,2010,5,99,99,0,4,8,BIA 7,,0,99.99990000,999.999900000,3,8,0,0,1,1,1,0,9,99,0,99,0,0000000,99,99,99,99,99,99,0,0,0,1,0
4,40543,2,2,0,2,19,530,2,9,2010,5,99,99,0,14,6,FLOWING WELLS RD,WETMORE RD,0,32.28683333,-110.995097220,0,12,2,0,2,2,1,0,1,1,0,1,0,0000000,99,99,99,99,99,99,0,0,0,1,0
4,40544,1,1,0,2,17,0,3,9,2010,6,12,40,0,6,9,UNKNOWN RD,,0,99.99990000,999.999900000,3,1,0,0,99,9,99,0,1,99,0,99,0,0000000,99,99,99,99,99,99,0,0,0,1,0
4,40545,3,3,0,7,13,370,4,9,2010,7,14,41,1,11,1,I-10,,1402,33.46223333,-112.159719440,0,12,1,0,1,1,1,0,1,1,0,1,0,0000000,14,41,14,47,99,99,19,0,0,2,0
4,40546,1,1,0,5,7,0,4,9,2010,7,15,10,0,5,8,BIA 3,,0,99.99990000,999.999900000,3,1,0,0,99,9,99,0,1,99,0,99,0,0000000,99,99,99,99,99,99,0,0,0,2,1
4,40547,1,1,1,1,19,295,5,9,2010,1,1,51,0,4,9,MARANA RD,,0,32.46043056,-111.251302780,0,8,0,0,1,1,1,0,6,98,0,98,0,0000000,99,99,99,99,99,99,0,0,0,1,0
4,40548,1,1,0,4,21,297,5,9,2010,1,21,34,0,6,8,MURPHY RD,,0,33.05723333,-111.944675000,0,34,0,0,1,1,4,0,2,1,0,1,0,0000000,21,34,21,40,99,99,20,0,0,1,0
4,40549,1,1,1,2,17,240,5,9,2010,1,19,31,0,6,6,NORTH NAVAJO BLVD,,0,34.90893333,-110.158038890,0,8,0,0,1,1,1,0,3,1,0,1,0,0000000,99,99,99,99,99,99,0,0,0,1,0
4,40550,1,1,0,1,13,370,10,9,2010,6,10,30,0,13,6,7TH AVE,,0,33.43499444,-112.082550000,0,30,0,0,1,1,4,0,1,1,0,1,0,0000000,99,99,99,99,99,99,0,0,0,1,0
4,40551,2,2,0,3,13,490,11,9,2010,7,3,5,0,13,6,UNIVERSITY DR,,0,33.42201389,-111.921613890,0,12,6,0,8,1,1,0,3,1,0,1,0,0000000,3,4,3,6,3,28,19,0,0,1,1
4,40552,1,1,0,1,1,0,15,9,2010,4,18,42,0,3,2,US-191,,4520,36.21788889,-109.603150000,3,99,0,0,99,9,99,0,6,99,0,99,0,0000000,99,99,99,99,88,88,0,0,0,1,0
4,40553,1,1,1,1,5,170,16,9,2010,5,16,34,0,14,6,WOODLANDS VILLAGE BL,UNIVERSITY AVE,0,35.18411111,-111.668469440,0,9,0,0,3,2,1,0,1,1,0,1,0,0000000,99,99,99,99,99,99,0,0,0,1,0
4,40554,2,2,0,4,13,200,19,9,2010,1,21,12,0,13,6,59TH AVE,BETHANY HOME RD,0,33.52407222,-112.186297220,0,12,6,0,2,2,1,0,3,1,0,1,0,0000000,21,14,21,19,21,40,0,0,0,1,2
4,40555,1,1,1,4,19,0,19,9,2010,1,0,19,0,6,8,CALLE TORIM,CAMINO VEHCOM,0,32.11167222,-111.070088890,3,8,0,0,3,3,1,0,2,1,0,1,0,0000000,99,99,99,99,99,99,0,0,0,1,1
4,40556,1,1,1,1,5,528,23,9,2010,5,10,9,0,6,6,NAVAJO BLVD,,0,99.99990000,999.999900000,3,8,0,0,1,1,1,0,1,99,0,99,0,0000000,99,99,99,99,88,88,0,0,0,1,0
4,40557,1,1,0,2,13,370,24,9,2010,6,2,48,0,15,6,19TH AVE,,0,33.36880000,-112.100419440,0,42,0,0,1,1,5,0,2,1,0,1,0,0000000,99,99,99,99,99,99,0,0,0,1,1
4,40558,3,3,0,4,19,355,25,9,2010,7,12,38,0,13,6,TANGERINE RD,INNOVATION PARK DR,0,32.42731944,-110.946838890,0,12,6,0,2,2,1,0,1,1,0,1,0,0000000,12,38,12,47,13,20,0,0,0,1,1
4,40559,1,1,0,3,13,370,26,9,2010,1,3,54,0,14,6,BETHANY HOME RD,,0,33.52393611,-112.147797220,0,33,0,0,1,1,10,0,3,1,0,1,0,0000000,3,54,3,59,4,26,0,0,0,1,0
4,40560,1,1,0,2,21,110,27,9,2010,2,14,13,0,14,9,COOLIDGE AVE,,0,32.97252778,-111.481361110,0,3,0,0,1,1,6,0,1,99,0,99,0,0000000,99,99,99,99,99,99,0,0,0,1,0
4,40561,1,1,1,1,21,0,27,9,2010,2,19,58,0,6,8,BLACKWATER RD,,0,33.03046944,-111.620722220,3,8,0,0,1,1,1,0,2,1,0,1,0,0000000,99,99,99,99,99,99,0,0,0,1,0
4,40562,3,3,0,10,19,530,29,9,2010,4,20,57,0,14,6,ALVERNON WAY,DREXEL RD,0,32.14890278,-110.909200000,0,12,6,0,2,2,1,0,3,1,0,1,0,0000000,99,99,99,99,99,99,0,0,0,1,0
4,40563,2,2,0,3,1,470,29,9,2010,4,16,19,1,2,2,US-60,CHIRICAHUA ST,99999,34.13281667,-109.275502780,0,12,6,0,2,3,1,0,1,1,0,1,0,0000000,16,22,16,24,99,99,0,0,0,1,1
4,40564,1,1,0,1,3,50,30,9,2010,5,0,3,0,16,6,MAIN ST,,0,31.44123611,-109.917461110,0,33,0,0,1,1,4,0,6,1,0,1,0,0000000,99,99,99,99,99,99,0,0,0,1,1
4,40565,1,1,0,1,5,0,1,10,2010,6,3,40,1,2,2,US-89,,4749,35.99112222,-111.393072220,3,1,0,0,1,1,5,0,2,99,0,99,0,0000000,99,99,99,99,88,88,0,0,0,1,0
4,40567,1,1,0,1,21,0,1,10,2010,6,12,2,0,6,9,CACTUS FOREST RD,,0,32.95846389,-111.371497220,0,42,0,0,1,1,5,0,1,1,0,1,0,0000000,12,2,12,13,88,88,0,0,0,1,0
4,40568,1,1,0,3,1,0,2,10,2010,7,12,4,0,6,8,BIA 7,,0,99.99990000,999.999900000,3,99,0,0,99,9,99,0,1,99,0,99,0,0000000,99,99,99,99,99,99,0,0,0,2,0
4,40569,2,2,0,2,19,0,3,10,2010,1,11,44,0,14,6,HOUGHTON RD,SPEEDWAY BLVD,0,32.23573611,-110.772683330,0,12,1,0,3,2,1,0,1,1,0,1,0,0000000,11,44,11,44,15,7,0,0,0,1,1
4,40570,1,1,1,1,1,0,3,10,2010,1,99,99,0,6,9,UNKNOWN RD,,0,99.99990000,999.999900000,3,8,0,0,99,9,99,0,6,99,0,99,0,0000000,99,98,99,98,88,88,0,0,0,1,0
4,40571,4,4,0,8,13,370,4,10,2010,2,19,45,1,11,1,I-17,,2060,33.53982500,-112.112233330,0,12,1,0,1,1,1,0,3,1,0,1,0,0000000,99,99,99,99,99,99,0,0,0,1,0
4,40573,2,2,0,2,13,370,6,10,2010,4,18,42,0,16,6,NORTH VALLEY PKWY,BRONCO BUTTE TRL,0,33.77673056,-112.112316670,0,12,6,0,2,2,1,0,3,1,0,1,0,0000000,18,43,18,54,19,27,0,0,0,1,0
4,40574,2,2,0,5,19,530,10,10,2010,1,0,38,1,12,6,AVIATION HWY,COUNTRY CLUB RD,0,32.19803889,-110.927152780,0,12,6,1,2,3,1,0,3,1,0,1,0,0000000,0,38,0,45,99,99,0,0,0,1,1
4,40575,4,4,0,7,13,80,12,10,2010,3,10,40,0,13,3,SR-87,WARNER RD,1687,33.33481667,-111.841750000,0,12,1,0,3,2,1,0,1,1,0,1,0,0000000,10,40,10,44,11,10,0,0,0,1,1
4,40576,1,1,1,1,19,530,13,10,2010,4,5,50,0,15,6,1ST AVE,,0,32.27886111,-110.961100000,0,8,0,0,1,1,1,0,2,1,0,1,0,0000000,5,50,5,53,6,4,0,0,0,1,0
4,40577,1,1,0,6,21,70,13,10,2010,4,15,40,0,13,6,FLORENCE ST,3RD AVE,0,32.87331667,-111.756844440,0,33,0,0,3,2,4,0,1,1,0,1,0,0000000,99,99,99,99,99,99,20,0,0,4,0
4,40578,1,1,1,1,13,200,13,10,2010,4,17,20,0,13,6,BELL RD,,0,33.63830556,-112.200150000,0,8,0,0,1,1,1,0,1,1,0,1,0,0000000,17,23,17,28,17,57,0,0,0,1,0
4,40580,1,1,0,1,19,530,17,10,2010,1,15,21,0,16,6,FAIRGROUND DR,FAIR AVE,0,32.16878056,-110.961675000,0,33,0,0,3,3,4,0,1,10,0,10,0,0000000,99,99,15,21,15,46,0,0,0,1,1
4,40581,1,1,1,1,13,370,19,10,2010,3,18,22,0,14,6,43RD AVE,CLARENDON AVE,0,33.49132222,-112.151666670,0,8,0,0,3,3,1,0,3,10,0,10,0,0000000,99,99,99,99,99,99,0,0,0,1,0
4,40582,2,2,0,2,21,0,21,10,2010,5,18,16,0,6,9,REDINGTON RD,,0,32.56243056,-110.516130560,0,12,2,0,1,1,1,0,5,1,0,1,0,0000000,18,16,18,30,88,88,0,0,0,1,0
4,40583,1,1,1,1,19,0,19,10,2010,3,23,2,0,3,3,SR-86,,651,32.20565556,-112.563683330,3,8,0,0,1,1,1,0,2,10,0,10,0,0000000,99,99,99,99,88,88,20,0,0,1,0
4,40584,1,1,1,1,13,368,29,10,2010,6,22,49,0,14,6,83RD AVE,,0,33.60813333,-112.237594440,0,8,0,0,1,1,4,0,3,1,0,1,0,0000000,99,99,99,99,99,99,0,0,0,1,0
4,40585,2,2,0,3,13,0,31,10,2010,1,11,3,0,14,6,99TH AVE,LINDGREN AVE,0,33.64656944,-112.277038890,0,12,6,0,2,2,1,0,1,1,0,1,0,0000000,11,3,11,5,99,99,0,0,0,1,0
4,40586,1,1,1,1,13,370,25,10,2010,2,21,17,0,14,6,ELLIOT RD,,0,33.34893889,-111.981236110,0,8,0,0,1,1,1,0,3,1,0,1,0,0000000,21,18,21,23,21,46,0,0,0,1,0