STATE,ST_CASE,VE_TOTAL,VE_FORMS,PEDS,PERSONS,COUNTY,CITY,DAY,MONTH,YEAR,DAY_WEEK,HOUR,MINUTE,NHS,ROAD_FNC,ROUTE,TWAY_ID,TWAY_ID2,MILEPT,LATITUDE,LONGITUD,SP_JUR,HARM_EV,MAN_COLL,RELJCT1,RELJCT2,TYP_INT,REL_ROAD,WRK_ZONE,LGT_COND,WEATHER1,WEATHER2,WEATHER,SCH_BUS,RAIL,NOT_HOUR,NOT_MIN,ARR_HOUR,ARR_MIN,HOSP_HR,HOSP_MN,CF1,CF2,CF3,FATALS,DRUNK_DR
4,40587,2,2,1,5,13,339,2,11,2010,3,17,42,0,15,6,INVERGORDON RD,,0,33.51231389,-111.943308330,0,12,2,0,1,1,1,0,1,1,0,1,0,0000000,17,45,17,50,18,13,0,0,0,1,0
4,40590,1,1,1,1,13,420,5,11,2010,6,18,14,1,12,7,SR-101 FRONTAGE RD,RAINTREE DR,390,33.61837222,-111.890752780,0,9,0,1,3,2,1,0,3,1,0,1,0,0000000,18,16,18,20,18,47,0,0,0,1,0
4,40591,1,1,1,1,13,370,5,11,2010,6,21,12,0,13,6,GLENDALE AVE,36TH DR,0,33.53849167,-112.137475000,0,8,0,0,2,3,1,0,3,1,0,1,0,0000000,21,12,99,99,99,99,0,0,0,1,0
4,40593,1,1,0,1,19,355,9,11,2010,3,13,25,0,14,6,RANCHO VISTOSO BLVD,,0,32.45823889,-110.970733330,0,33,0,0,1,1,3,0,1,1,0,1,0,0000000,13,26,13,31,14,46,0,0,0,1,0
4,40594,2,2,0,2,19,295,11,11,2010,5,7,6,1,1,1,I-10,,2418,32.41151111,-111.146458330,0,12,1,0,1,1,1,0,1,1,0,1,0,0000000,7,6,7,15,88,88,20,0,0,1,0
4,40595,2,2,0,4,13,370,11,11,2010,5,21,30,1,11,1,I-17,,2108,33.60869722,-112.116555560,0,59,0,0,1,1,4,0,3,1,0,1,0,0000000,21,34,21,39,88,88,0,0,0,1,0
4,40596,1,1,0,1,25,0,12,11,2010,6,10,38,1,1,1,I-17,,2600,34.29191111,-112.123791670,0,41,0,0,1,1,3,0,1,1,0,1,0,0000000,10,38,10,47,11,41,0,0,0,1,0
4,40597,1,1,0,1,13,490,11,11,2010,5,21,40,1,12,2,US-60 RAMP,,1760,33.38368611,-111.891250000,0,39,0,1,5,1,4,0,3,1,0,1,0,0000000,21,40,21,45,22,4,0,0,0,1,0
4,40598,2,1,0,2,13,370,13,11,2010,7,8,9,1,11,1,I-17,,2131,33.64196111,-112.115630560,0,14,0,1,18,1,2,0,1,1,0,1,0,0000000,8,11,8,15,8,38,0,0,0,1,0
4,40599,1,1,1,1,13,370,14,11,2010,1,99,99,0,14,6,16TH ST,,0,33.41330000,-112.047050000,0,8,0,0,1,1,1,0,3,1,0,1,0,0000000,99,99,99,99,99,99,0,0,0,1,0
4,40600,1,1,1,1,13,370,14,11,2010,1,4,34,0,14,6,VAN BUREN ST,,0,33.45107778,-111.976958330,0,9,0,0,1,1,1,0,3,1,0,1,0,0000000,4,35,4,36,88,88,0,0,0,1,1
4,40601,1,1,0,4,17,0,14,11,2010,1,14,2,0,4,8,BIA 15,,0,99.99990000,999.999900000,3,5,0,0,1,1,1,0,1,1,0,1,0,0000000,14,4,14,12,14,18,0,0,0,1,0
4,40602,1,1,0,2,5,0,14,11,2010,1,18,43,0,4,3,SR-87,,2744,34.43667778,-111.499855560,0,1,0,0,1,1,4,0,2,1,0,1,0,0000000,18,43,19,0,88,88,0,0,0,2,0
4,40603,2,2,0,3,13,510,15,11,2010,2,20,2,1,11,1,I-10,,1345,33.46204722,-112.258330560,0,12,11,1,18,1,1,0,3,1,0,1,0,0000000,20,5,20,13,20,52,0,0,0,1,0
4,40605,1,1,0,1,25,0,18,11,2010,5,12,31,0,4,3,SR-89,,2748,34.20006111,-112.762783330,0,58,0,0,1,1,4,0,1,1,0,1,0,0000000,12,35,12,58,88,88,0,0,0,1,0
4,40607,2,2,0,4,17,489,20,11,2010,7,13,53,1,2,3,SR-77,AIRPORT LOOP RD,99999,99.99990000,999.999900000,0,12,6,0,2,2,1,0,1,1,0,1,0,0000000,13,57,13,59,99,99,0,0,0,1,1
4,40608,2,2,0,3,13,0,23,11,2010,3,19,56,1,2,3,SR-87,,1958,33.59195556,-111.595436110,0,12,2,0,1,1,1,0,2,10,0,10,0,0000000,19,56,20,6,99,99,0,0,0,1,0
4,40609,3,3,0,7,13,60,24,11,2010,4,19,50,1,11,1,I-10,,1173,33.44637222,-112.551813890,0,12,1,0,1,1,1,0,3,1,0,1,0,0000000,19,54,20,0,20,20,14,0,0,2,0
4,40610,1,1,0,1,17,0,25,11,2010,5,8,32,0,4,3,SR-377,,198,34.70373333,-110.302125000,0,1,0,0,1,1,4,0,1,1,0,1,0,0000000,8,33,9,0,88,88,0,0,0,1,0
4,40611,2,2,0,2,13,0,25,11,2010,5,15,22,1,1,1,I-10,,1031,33.46379444,-112.787402780,0,12,1,0,1,1,1,0,1,1,0,1,0,0000000,15,22,15,40,88,88,3,0,0,1,0
4,40613,1,1,0,2,25,0,26,11,2010,6,12,2,0,4,3,SR-898,,3309,34.66979167,-112.211483330,0,1,0,0,1,1,4,0,1,1,0,1,0,0000000,12,3,12,9,12,40,0,0,0,1,0
4,40614,1,1,0,1,13,370,26,11,2010,6,16,34,0,13,6,CAVE CREEK RD,CORTEZ ST,0,33.59124167,-112.043380560,0,1,0,0,2,2,1,0,1,1,0,1,0,0000000,16,35,16,40,16,59,0,0,0,1,0
4,40615,3,3,0,3,13,420,28,11,2010,1,17,33,0,13,6,SHEA BLVD,124TH ST,0,33.58249722,-111.813375000,0,12,6,0,2,2,1,0,5,1,0,1,0,0000000,17,33,17,37,18,9,0,0,0,1,1
4,40616,1,1,0,1,1,0,29,11,2010,2,16,16,1,2,2,US-60,,3904,34.13270000,-109.240663890,0,1,0,0,1,1,4,0,1,1,0,1,0,0000000,16,20,16,25,88,88,0,0,0,1,1
4,40617,2,2,0,3,5,0,29,11,2010,2,22,37,1,2,2,US-89,,4684,35.89757778,-111.405852780,3,12,8,0,1,1,1,0,2,1,0,1,0,0000000,22,40,22,57,99,99,0,0,0,1,1
4,40618,1,1,0,5,19,530,6,11,2010,7,99,99,1,1,1,I-10,,2744,32.07088889,-110.788750000,0,1,0,0,1,1,3,0,2,1,0,1,0,0000000,19,31,19,40,20,14,0,0,0,2,0
4,40619,1,1,0,2,19,0,9,11,2010,3,19,15,0,3,3,SR-86,,1578,32.12279444,-111.201111110,0,1,0,0,1,1,4,0,2,1,0,1,0,0000000,19,15,19,23,99,99,0,0,0,1,0
4,40620,1,1,0,3,19,0,7,11,2010,1,1,0,0,5,8,BIA 19,,0,31.63866944,-111.773536110,3,42,0,0,1,1,5,0,2,1,0,1,0,0000000,99,99,99,99,99,99,0,0,0,1,1
4,40621,2,2,0,6,19,530,19,11,2010,6,6,0,0,15,6,LOS REALES RD,WESTOVER AVE,0,32.11918889,-111.021297220,0,12,6,0,2,2,1,0,2,1,0,1,0,0000000,6,3,6,9,7,4,0,0,0,1,0
4,40622,1,1,1,2,1,0,23,11,2010,3,17,44,0,6,8,BIA 13,,0,36.60695000,-109.047552780,3,8,0,0,1,1,1,0,2,7,0,7,0,0000000,99,99,99,99,88,88,0,0,0,1,0
4,40623,2,2,0,3,13,0,16,11,2010,3,9,45,0,16,9,MEEKER BLVD,,0,33.67211667,-112.349913890,0,12,6,0,8,1,1,0,1,1,0,1,0,0000000,99,99,99,99,99,99,0,0,0,1,0
4,40624,2,2,0,2,13,486,30,11,2010,3,18,2,0,13,6,BELL RD,R H JOHNSON BLVD,0,33.63845278,-112.334533330,0,1,0,0,2,2,1,0,5,1,0,1,0,0000000,18,8,18,12,18,18,0,0,0,1,0
4,40625,1,1,0,3,13,368,5,11,2010,6,7,48,1,13,2,US-60,SR-101 RAMP,1488,33.59371389,-112.259680560,0,33,0,1,2,3,3,1,1,1,0,1,0,0000000,7,48,7,55,99,99,0,0,0,1,0
4,40626,2,2,0,4,19,0,3,12,2010,6,13,51,1,1,1,I-19,,522,32.03844722,-110.992477780,3,12,1,0,1,1,1,0,1,1,0,1,0,0000000,13,52,14,2,14,39,0,0,0,1,0
4,40627,3,3,0,6,13,290,4,12,2010,7,12,30,1,12,2,US-60,,1860,33.38662222,-111.726088890,0,12,1,0,1,1,1,0,1,1,0,1,0,0000000,12,30,12,39,13,7,14,0,0,1,0
4,40628,2,2,0,2,1,0,6,12,2010,2,7,19,1,2,2,US-60,,3617,34.27209444,-109.686138890,0,12,2,0,1,1,1,0,1,1,0,1,0,0000000,7,19,7,42,99,99,0,0,0,1,0
4,40629,1,1,1,1,1,0,6,12,2010,2,20,0,1,2,2,US-160,,4492,36.96030833,-109.366155560,3,8,0,0,1,1,1,0,2,1,0,1,0,0000000,99,99,99,99,99,99,0,0,0,1,0
4,40630,1,1,0,1,21,0,8,12,2010,4,16,56,1,1,1,I-10,,1732,33.14821944,-111.865594440,3,24,0,0,1,1,4,0,1,1,0,1,0,0000000,16,56,16,57,88,88,0,0,0,1,0
4,40631,2,2,0,4,13,370,9,12,2010,5,20,8,1,12,3,SR-101,,200,33.66847222,-112.172541670,0,12,2,0,1,1,1,0,3,1,0,1,0,0000000,20,8,20,15,20,39,0,0,0,2,1
4,40632,1,1,0,3,17,0,11,12,2010,7,3,33,1,1,1,I-40,,2744,34.95678611,-110.356880560,0,1,0,1,18,1,4,0,2,1,0,1,0,0000000,3,35,4,5,99,99,0,0,0,1,1
4,40633,1,1,0,1,19,530,11,12,2010,7,4,32,1,11,7,I-10 FRONTAGE RD,,2705,32.10333611,-110.843633330,0,38,0,0,1,1,4,0,2,1,0,1,0,0000000,4,32,4,46,88,88,0,0,0,1,1
4,40634,1,1,0,4,12,0,11,12,2010,7,12,1,1,1,1,I-10,,586,33.59706944,-113.541230560,0,41,0,0,1,1,3,0,1,1,0,1,0,0000000,12,1,12,38,12,47,0,0,0,1,0
4,40635,1,1,0,1,13,370,12,12,2010,1,16,35,1,12,3,SR-101 RAMP,,320,33.66629167,-111.956116670,0,30,0,1,5,1,4,0,1,1,0,1,0,0000000,16,35,16,35,88,88,0,0,0,1,0
4,40636,1,1,0,2,13,290,14,12,2010,3,2,48,1,12,2,US-60,,1814,33.38605833,-111.805766670,0,52,0,1,18,1,8,0,3,1,0,1,0,0000000,2,49,2,59,3,10,0,0,0,1,1
4,40638,2,2,0,2,21,160,15,12,2010,4,20,31,0,6,6,SUNSHINE BLVD,,0,32.65032500,-111.551333330,0,12,2,0,1,1,1,0,2,1,0,1,0,0000000,20,31,20,45,99,99,0,0,0,1,1
4,40639,1,1,0,2,7,365,17,12,2010,6,19,31,0,4,3,SR-87,,2595,34.31746111,-111.374658330,0,1,0,0,1,1,1,0,2,1,0,1,0,0000000,19,33,19,50,99,99,0,0,0,1,0
4,40640,1,1,0,1,19,530,19,11,2010,6,4,55,0,4,9,KINNEY RD,,0,32.19280556,-111.104277780,0,33,0,0,1,1,4,0,2,1,0,1,0,0000000,4,55,5,0,88,88,0,0,0,1,1
4,40641,1,1,1,1,13,420,19,12,2010,1,19,59,0,13,6,MCDOWELL RD,ALMERIA RD,0,33.46589722,-111.907072220,0,8,0,0,3,3,1,0,3,1,0,1,0,0000000,19,59,20,3,20,17,0,0,0,1,0
4,40642,1,1,0,7,23,17,20,12,2010,2,16,54,1,1,1,I-19,,285,31.70563333,-111.065155560,0,1,0,0,1,1,3,0,1,1,0,1,0,0000000,16,54,17,3,99,99,0,0,0,1,0
4,40643,2,2,0,3,15,0,24,12,2010,6,9,4,1,1,1,I-40,,890,35.19484444,-113.412727780,0,12,7,0,1,1,1,0,1,10,0,10,0,0000000,9,5,9,24,88,88,0,0,0,2,0
4,40645,2,2,0,2,11,0,25,12,2010,7,15,37,0,4,2,US-191,,1568,32.97516667,-109.246408330,0,52,0,0,1,1,3,0,1,1,0,1,0,0000000,15,40,15,55,16,25,14,0,0,1,0
4,40646,1,1,1,2,21,70,25,12,2010,7,19,56,0,15,6,SELMA HWY,HACIENDA RD,0,32.85046944,-111.671119440,0,8,0,0,3,2,1,0,2,1,0,1,0,0000000,99,99,99,99,21,22,0,0,0,1,0
4,40647,1,1,1,1,19,530,26,12,2010,1,18,57,1,13,6,ORANGE GROVE RD,VIA RANCHERO,0,32.32318333,-110.992738890,0,8,0,0,3,3,1,0,2,1,0,1,0,0000000,18,57,19,1,19,25,0,0,0,1,1
4,40648,3,3,0,4,19,295,28,12,2010,3,12,29,1,11,7,I-10 FRONTAGE RD,,99998,32.33786389,-111.067652780,0,33,0,1,19,1,8,0,1,1,0,1,0,0000000,99,99,99,99,99,99,0,0,0,1,1
4,40649,3,3,0,9,13,0,28,12,2010,3,16,2,1,1,1,I-10,,1037,33.46154167,-112.777363890,0,12,1,0,1,1,1,1,1,1,0,1,0,0000000,16,2,16,10,17,20,0,0,0,1,0
4,40650,3,3,0,4,13,420,28,12,2010,3,23,57,0,13,6,THOMAS RD,,0,33.48037778,-111.899533330,0,12,8,0,1,1,1,0,3,10,0,10,0,0000000,0,0,0,5,0,35,0,0,0,1,0
4,40652,2,2,1,5,3,431,31,12,2010,6,21,57,0,13,3,SR-90,RAINBOW WAY,3237,31.55463889,-110.244272220,0,8,0,0,3,3,1,0,2,1,0,1,0,0000000,99,99,99,99,88,88,16,0,0,1,0
4,40653,1,1,1,2,13,370,17,11,2010,4,20,6,0,13,6,7TH ST,,0,33.65089167,-112.065600000,0,8,0,0,1,1,1,0,3,1,0,1,0,0000000,20,7,20,11,20,33,0,0,0,1,0
4,40654,1,1,0,3,13,370,2,12,2010,5,0,43,0,16,6,ILLINI ST,36TH ST,0,33.41256389,-112.004261110,0,33,0,0,2,3,4,0,3,1,0,1,0,0000000,0,43,0,55,99,99,0,0,0,1,1
4,40655,1,1,0,1,13,370,22,12,2010,4,21,31,0,13,6,24TH ST,,0,33.52158889,-112.030052780,0,33,0,0,1,1,3,0,2,2,0,2,0,0000000,21,33,21,36,21,52,0,0,0,1,1
4,40656,2,2,0,2,13,220,23,10,2010,7,13,59,0,15,6,YUMA RD,,0,33.43544444,-112.372413890,0,12,6,0,1,1,1,0,1,1,0,1,0,0000000,13,59,14,3,14,22,0,0,0,1,0
4,40657,1,1,0,1,19,0,18,12,2010,7,9,0,1,11,1,I-19,,433,31.90688056,-110.985447220,0,1,0,0,1,1,1,0,1,1,0,1,0,0000000,8,55,9,0,99,99,0,0,0,1,0
4,40658,2,2,0,3,13,370,21,10,2010,5,7,20,0,13,6,19TH AVE,,0,33.52620833,-112.099697220,0,1,0,0,1,1,1,0,1,2,0,2,0,0000000,99,99,99,99,99,99,14,0,0,1,0
4,40659,1,1,1,1,21,0,21,10,2010,5,21,50,0,4,8,SACATON RD,,0,33.10951667,-111.737694440,3,8,0,0,1,1,1,0,2,1,0,1,0,0000000,21,49,21,54,88,88,0,0,0,1,0
4,40661,2,2,0,2,13,370,26,10,2010,3,16,41,0,14,6,UNION HILLS DR,28TH ST,0,33.65510278,-112.022180560,0,12,6,0,2,2,1,0,1,1,0,1,0,0000000,16,41,16,46,17,13,0,0,0,1,0
4,40662,1,1,1,1,13,370,26,10,2010,3,18,6,0,13,6,INDIAN SCHOOL RD,,0,33.49486389,-112.199319440,0,9,0,0,1,1,1,0,3,1,0,1,0,0000000,18,8,18,10,18,28,0,0,0,1,0
4,40663,1,1,1,1,13,200,27,10,2010,4,23,0,0,13,6,59TH AVE,,0,33.51927778,-112.186300000,0,8,0,0,1,1,1,0,2,1,0,1,0,0000000,23,3,23,8,23,29,0,0,0,1,0
4,40664,1,1,0,4,15,260,30,10,2010,7,2,59,0,14,6,STOCKTON HILL RD,,0,99.99990000,999.999900000,0,33,0,0,1,1,4,0,6,99,0,99,0,0000000,99,99,99,99,99,99,0,0,0,1,1
4,40665,1,1,0,2,13,368,14,8,2010,7,2,45,0,16,6,DOVE VALLEY RANCH RD,,0,33.67266111,-112.263086110,0,33,0,0,1,1,4,0,3,1,0,1,0,0000000,99,99,99,99,99,99,0,0,0,1,1
4,40666,1,1,0,1,13,80,25,11,2010,5,3,2,0,14,6,MCCLINTOCK DR,SR-202 RAMP,0,33.29125278,-111.911175000,0,33,0,1,3,3,4,0,3,1,0,1,0,0000000,99,99,99,99,88,88,0,0,0,1,1
4,40667,1,1,1,1,19,530,15,12,2010,4,99,99,1,11,1,I-10,,2617,32.18379444,-110.956780560,0,8,0,0,1,1,1,0,3,1,0,1,0,0000000,23,44,23,44,88,88,0,0,0,1,0
4,40668,2,2,0,4,13,370,5,3,2010,6,2,10,1,11,1,I-10,,1418,33.46293611,-112.132441670,0,12,1,0,1,1,1,0,3,1,0,1,0,0000000,99,99,99,99,99,99,0,0,0,1,0
4,40669,2,2,0,4,19,530,1,11,2010,2,6,10,0,14,6,1ST AVE,FORT LOWELL RD,0,32.26482222,-110.961002780,0,12,6,0,2,2,1,0,4,1,0,1,0,0000000,6,12,6,16,88,88,0,0,0,1,0
4,40670,2,2,0,2,19,530,4,11,2010,5,10,37,0,14,6,1ST AVE,GLENN ST,0,32.25766944,-110.960986110,0,12,6,0,2,2,1,0,1,1,0,1,0,0000000,10,37,10,42,10,55,0,0,0,1,0
4,40671,1,1,2,1,13,370,5,11,2010,6,0,16,0,13,6,INDIAN SCHOOL RD,,0,33.49382500,-112.270766670,0,15,0,0,1,1,1,0,2,1,0,1,0,0000000,0,16,0,19,99,99,0,0,0,1,0
4,40672,2,2,0,2,13,370,5,11,2010,6,8,16,0,15,6,48TH ST,,0,33.37556667,-111.978416670,0,12,7,0,1,1,1,0,1,1,0,1,0,0000000,8,18,8,22,8,56,0,0,0,1,0
4,40673,3,3,0,4,13,420,5,11,2010,6,18,51,0,13,6,SCOTTSDALE RD,SR-101 RAMP,0,33.65881667,-111.925536110,0,12,2,1,2,2,1,0,3,1,0,1,0,0000000,18,53,19,0,19,30,0,0,0,1,0
4,40674,1,1,1,3,5,336,10,11,2010,4,17,55,0,15,6,LAKE POWELL BLVD,,0,36.90714722,-111.475466670,0,15,0,0,1,1,1,0,3,1,0,1,0,0000000,17,56,17,59,18,5,0,0,0,1,0
4,40675,2,2,0,2,19,530,11,11,2010,5,13,28,1,13,6,GOLF LINKS RD,PERILLO DR,0,32.19172500,-110.805080560,0,12,6,0,3,3,1,0,1,1,0,1,0,0000000,13,28,13,32,88,88,0,0,0,1,1
4,40676,1,1,1,1,19,530,15,11,2010,2,1,14,0,14,6,SPEEDWAY BLVD,,0,32.23595556,-111.016452780,0,8,0,0,1,1,1,0,2,1,0,1,0,0000000,1,12,1,19,1,38,0,0,0,1,0
4,40677,1,1,1,1,13,370,16,11,2010,3,17,35,0,13,6,7TH ST,,0,33.57636111,-112.065163890,0,8,0,0,1,1,1,0,5,1,0,1,0,0000000,99,99,99,99,99,99,0,0,0,1,0
4,40678,3,3,0,5,13,370,16,11,2010,3,18,58,0,15,6,CAVE CREEK RD,ASHLER HILLS DR,0,33.77743611,-111.977322220,0,12,6,0,2,2,1,0,3,1,0,1,0,0000000,18,58,19,2,99,99,0,0,0,1,1
4,40679,2,2,0,2,13,370,17,11,2010,4,9,12,0,13,6,THUNDERBIRD RD,47TH AVE,0,33.61064444,-112.159847220,0,12,6,0,2,2,1,0,1,1,0,1,0,0000000,9,13,9,17,9,41,0,0,0,1,0
4,40680,1,1,1,1,13,510,17,11,2010,4,17,21,0,14,6,91ST AVE,WASHINGTON ST,0,33.44739167,-112.255172220,0,8,0,0,3,3,1,0,3,1,0,1,0,0000000,17,21,17,29,17,53,0,0,0,1,0
4,40682,1,1,0,1,13,368,20,11,2010,7,99,99,0,5,9,NEW RIVER RD,,0,33.81652222,-112.238216670,0,1,0,0,99,9,99,0,9,99,0,99,0,0000000,99,99,99,99,88,88,0,0,0,1,1
4,40683,2,2,0,4,13,370,21,11,2010,1,4,6,0,13,6,51ST AVE,,0,33.44931111,-112.169208330,0,12,1,0,1,1,1,0,3,1,0,1,0,0000000,99,99,4,18,88,88,0,0,0,2,1
4,40684,1,1,0,4,13,0,21,11,2010,1,18,27,0,16,6,35TH AVE,,0,33.35368056,-112.134994440,0,1,0,0,1,1,4,0,2,1,0,1,0,0000000,18,27,18,30,88,88,0,0,0,1,0
4,40685,1,1,1,1,13,370,22,11,2010,2,16,12,0,13,6,35TH AVE,MYRTLE AVE,0,33.54218056,-112.134327780,0,8,0,0,3,2,1,0,1,1,0,1,0,0000000,99,99,99,99,99,99,0,0,0,1,0
4,40686,1,1,0,2,19,530,22,11,2010,2,22,15,0,16,6,AUTO MALL DR,,0,32.28995278,-110.983833330,0,33,0,0,1,1,4,0,3,1,0,1,0,0000000,22,12,22,18,99,99,0,0,0,1,1
4,40687,1,1,1,2,13,370,23,11,2010,3,21,39,0,13,6,BASELINE RD,,0,33.37775556,-112.066447220,0,8,0,0,1,1,1,0,3,1,0,1,0,0000000,21,39,21,44,22,1,0,0,0,1,0
4,40688,1,1,0,2,19,530,25,11,2010,5,19,20,0,14,6,HUGHES ACCESS RD,,0,32.09040000,-110.925177780,0,1,0,0,1,1,4,0,2,1,0,1,0,0000000,99,99,99,99,99,99,0,0,0,1,1
4,40689,1,1,1,3,13,370,12,12,2010,1,18,11,0,13,6,THOMAS RD,,0,33.48050556,-112.174308330,0,8,0,0,1,1,1,0,3,1,0,1,0,0000000,18,11,18,13,18,34,0,0,0,1,0
4,40690,2,2,0,4,19,530,1,12,2010,4,20,13,0,14,6,SILVERLAKE RD,,0,32.19957778,-110.990636110,0,12,1,0,1,1,1,0,3,1,0,1,0,0000000,20,12,20,15,21,30,0,0,0,1,1
4,40691,2,2,0,4,19,530,3,12,2010,6,16,48,0,14,6,PANTANO RD,,0,32.23471944,-110.823888890,0,12,6,0,8,1,1,0,5,1,0,1,0,0000000,99,99,99,99,99,99,0,0,0,1,1
4,40692,2,2,0,2,19,530,7,12,2010,3,10,10,1,13,6,GRANT RD,DODGE BLVD,0,32.25056111,-110.914061110,0,12,6,0,2,2,1,0,1,1,0,1,0,0000000,10,9,10,13,10,25,19,0,0,1,0
4,40693,2,2,0,4,19,530,26,12,2010,1,13,42,0,14,6,FORT LOWELL RD,PARK AVE,0,32.26479167,-110.956700000,0,12,6,0,2,3,1,0,1,1,0,1,0,0000000,13,44,13,49,14,3,0,0,0,1,0
4,40694,1,1,1,1,19,530,30,12,2010,5,18,10,1,13,6,VALENCIA RD,,0,32.13399167,-110.969855560,0,8,0,0,1,1,1,0,3,10,0,10,0,0000000,18,11,18,14,88,88,0,0,0,1,0
4,40696,2,2,0,2,13,370,26,11,2010,6,12,28,0,14,6,BROADWAY RD,,0,33.40672500,-112.076063890,0,12,1,0,1,1,11,0,1,1,0,1,0,0000000,12,29,12,32,12,56,0,0,0,1,0
4,40697,2,2,0,4,13,370,26,11,2010,6,16,13,0,13,6,35TH AVE,EL CAMINO DR,0,33.55707500,-112.134269440,0,12,6,0,2,2,1,0,1,1,0,1,0,0000000,16,14,16,18,16,34,0,0,0,1,0
4,40698,2,2,0,3,1,0,29,11,2010,2,11,34,0,4,8,INDIAN ROUTE 4,,0,99.99990000,999.999900000,3,12,2,0,99,9,99,0,1,99,0,99,0,0000000,99,99,99,99,99,99,0,0,0,1,0
4,40699,1,1,1,1,13,370,3,12,2010,6,19,40,0,14,6,BUCKEYE RD,,0,33.43708889,-112.079041670,0,8,0,0,1,1,1,0,3,98,0,98,0,0000000,99,99,99,99,99,99,0,0,0,1,0
4,40700,1,1,0,4,21,0,3,12,2010,6,18,16,0,6,6,UNNAMED DIRT RD,CANAL RD,0,33.20154722,-111.853588890,3,35,0,0,3,3,4,0,1,1,0,1,0,0000000,18,22,18,36,19,18,0,0,0,1,1
4,40701,1,1,1,1,5,336,5,12,2010,1,17,56,0,3,3,SR-98,,2978,36.89646667,-111.436236110,3,8,0,0,1,1,1,0,2,1,0,1,0,0000000,17,57,17,59,18,15,0,0,0,1,0
4,40702,1,1,0,2,7,0,8,12,2010,4,16,45,0,6,9,UNKNOWN RD,,0,99.99990000,999.999900000,3,99,0,0,99,9,99,0,9,99,0,99,0,0000000,99,99,99,99,99,99,0,0,0,1,0
4,40703,1,1,0,1,21,0,11,12,2010,7,15,50,0,6,8,ANDERSON RD,,0,33.06572222,-111.927938890,3,1,0,0,1,1,4,0,1,1,0,1,0,0000000,15,21,15,40,88,88,0,0,0,1,0
4,40704,1,1,1,1,3,40,13,12,2010,2,19,53,0,6,6,4TH ST,,0,31.97051389,-110.307508330,0,8,0,0,1,1,1,0,3,1,0,1,0,0000000,19,55,19,55,20,7,0,0,0,1,0
4,40705,1,1,0,1,1,0,14,12,2010,3,99,99,0,6,8,UNKNOWN RD,,0,99.99990000,999.999900000,3,1,0,0,99,9,99,0,9,99,0,99,0,0000000,99,99,99,99,88,88,0,0,0,1,0
4,40706,1,1,1,1,17,0,15,12,2010,4,22,0,0,4,8,INDIAN ROUTE 2,,0,99.99990000,999.999900000,3,8,0,0,1,1,1,0,2,2,0,2,0,0000000,21,39,22,5,88,88,0,0,0,1,0
4,40707,1,1,0,1,27,620,15,12,2010,4,99,99,0,16,6,AVENUE 2 1/2E,,0,99.99990000,999.999900000,0,99,0,0,99,9,99,0,9,99,0,99,0,0000000,99,99,99,99,99,99,0,0,0,1,0
4,40708,1,1,0,2,13,370,17,12,2010,6,3,29,0,13,6,32ND ST,,0,33.59044722,-112.013147220,0,42,0,0,1,1,10,0,3,5,0,5,0,0000000,99,99,99,99,99,99,0,0,0,2,1
4,40709,1,1,1,1,13,370,19,12,2010,1,18,42,0,14,6,16TH ST,,0,33.38100278,-112.047319440,0,8,0,0,1,1,1,0,3,1,0,1,0,0000000,18,44,18,55,19,7,0,0,0,1,0
4,40710,1,1,1,1,13,200,22,12,2010,4,19,48,0,13,6,59TH AVE,,0,33.56828056,-112.186322220,0,8,0,0,1,1,1,0,3,2,0,2,0,0000000,19,48,19,51,20,11,0,0,0,1,0
4,40711,1,1,1,1,13,200,23,12,2010,5,14,56,0,13,6,59TH AVE,TALAVI AVE,0,33.63560000,-112.186050000,0,8,0,0,3,2,1,0,1,10,0,10,0,0000000,99,99,99,99,99,99,0,0,0,1,0
4,40712,1,1,1,1,13,370,23,12,2010,5,15,4,0,16,6,WASHINGTON ST,,0,33.44768611,-112.141491670,0,9,0,0,1,1,1,0,1,1,0,1,0,0000000,99,99,99,99,99,99,16,0,0,1,0
4,40713,1,1,1,1,17,0,5,8,2010,5,99,99,0,3,3,SR-264,,3801,35.83313056,-110.529466670,3,8,0,0,1,1,1,0,9,99,0,99,0,0000000,99,99,99,99,88,88,0,0,0,1,0
4,40714,1,1,0,2,1,0,25,9,2010,7,99,99,0,6,8,INDIAN ROUTE 251,,0,99.99990000,999.999900000,3,1,0,0,99,9,99,0,9,99,0,99,0,0000000,99,99,99,99,99,99,0,0,0,1,0
4,40715,1,1,2,1,13,370,25,12,2010,7,2,36,0,14,6,MCDOWELL RD,,0,33.46578889,-112.029438890,0,8,0,0,1,1,1,0,3,1,0,1,0,0000000,2,36,2,43,99,99,0,0,0,1,1
4,40716,1,1,0,2,21,70,25,12,2010,7,1,15,0,16,6,SACATON ST,,0,32.87652500,-111.756588890,0,10,0,0,6,1,1,0,3,1,0,1,0,741362G,1,15,1,23,99,99,0,0,0,1,1
4,40717,1,1,0,2,21,25,26,12,2010,1,3,0,0,6,6,LAMB RD,,0,99.99990000,999.999900000,0,1,0,0,1,1,4,0,6,99,0,99,0,0000000,3,9,3,26,99,99,0,0,0,1,1
4,40718,1,1,0,1,13,370,27,12,2010,2,99,99,1,12,3,SR-101,,280,33.67126667,-112.034436110,0,99,0,0,99,9,99,0,9,99,0,99,0,0000000,99,99,99,99,99,99,0,0,0,1,0
4,40719,1,1,1,1,13,370,28,12,2010,3,21,47,0,13,6,INDIAN SCHOOL RD,,0,33.49510278,-112.018005560,0,8,0,0,1,1,1,0,3,1,0,1,0,0000000,99,99,99,99,99,99,0,0,0,1,0