STATE,ST_CASE,VE_TOTAL,VE_FORMS,PEDS,PERSONS,COUNTY,CITY,DAY,MONTH,YEAR,DAY_WEEK,HOUR,MINUTE,NHS,ROAD_FNC,ROUTE,TWAY_ID,TWAY_ID2,MILEPT,LATITUDE,LONGITUD,SP_JUR,HARM_EV,MAN_COLL,RELJCT1,RELJCT2,TYP_INT,REL_ROAD,WRK_ZONE,LGT_COND,WEATHER1,WEATHER2,WEATHER,SCH_BUS,RAIL,NOT_HOUR,NOT_MIN,ARR_HOUR,ARR_MIN,HOSP_HR,HOSP_MN,CF1,CF2,CF3,FATALS,DRUNK_DR
4,40720,1,1,0,1,19,530,28,12,2010,3,99,99,0,16,6,CASTLE ROCK RD,,0,99.99990000,999.999900000,0,42,0,0,1,1,5,0,6,99,0,99,0,0000000,99,99,99,99,99,99,0,0,0,1,0
4,40721,1,1,0,1,13,370,30,12,2010,5,21,1,0,16,6,17TH AVE,,0,33.64335000,-112.095791670,0,33,0,0,1,1,4,0,3,10,0,10,0,0000000,21,2,21,6,21,32,0,0,0,1,1
4,40722,1,1,0,1,13,200,31,12,2010,6,23,1,1,12,7,SR-101 FRONTAGE RD,,0,33.65840556,-112.232852780,0,33,0,0,1,1,4,4,3,1,0,1,0,0000000,23,4,23,10,88,88,0,0,0,1,1
4,40723,1,1,0,1,21,405,5,9,2010,1,9,5,0,6,9,CHOLLA ST,CHIA DAG ST,0,33.07265278,-111.746330560,0,30,0,0,3,3,4,0,1,1,0,1,0,0000000,9,5,9,6,88,88,0,0,0,1,1
4,40724,1,1,0,2,1,0,28,9,2010,3,18,32,0,4,2,US-191,,4565,36.28157500,-109.602502780,3,99,0,0,99,9,99,0,9,99,0,99,0,0000000,99,99,99,99,99,99,0,0,0,1,0
4,40725,1,1,0,2,17,0,29,9,2010,4,12,0,0,4,8,BIA 2,,0,99.99990000,999.999900000,3,99,0,0,99,9,99,0,1,99,0,99,0,0000000,99,99,99,99,99,99,0,0,0,1,0
4,40726,1,1,0,1,21,0,7,12,2010,3,6,53,0,6,9,GOODYEAR RD,,0,33.19368333,-111.867491670,3,1,0,0,1,1,4,0,1,1,0,1,0,0000000,99,99,99,99,88,88,0,0,0,1,0
4,40727,2,2,0,3,13,370,27,9,2010,2,15,56,0,13,6,CAMELBACK RD,,0,33.50924444,-112.040180560,0,12,6,0,8,1,1,0,1,1,0,1,0,0000000,99,99,99,99,99,99,0,0,0,1,0
5,50001,1,1,0,2,149,0,2,1,2010,7,2,16,0,4,3,SR-155-02,,5,35.18057778,-93.148441670,0,43,0,0,1,1,4,0,6,1,0,1,0,0000000,2,16,2,26,99,99,0,0,0,1,1
5,50002,1,1,0,1,51,0,2,1,2010,7,11,44,0,3,3,SR-7-09,,9,34.39798611,-93.102350000,0,42,0,0,1,1,4,0,1,1,0,1,0,0000000,88,88,88,88,88,88,0,0,0,1,0
5,50003,2,1,0,2,19,0,4,1,2010,2,4,26,1,1,1,I-30-14,,538,33.89687778,-93.305977780,0,14,0,0,1,1,2,0,6,5,0,5,0,0000000,4,39,4,50,99,99,0,0,0,1,0
5,50004,1,1,0,2,115,0,4,1,2010,2,12,43,0,6,4,MILLCREEK RD.,,0,35.32773056,-93.205561110,0,18,0,0,1,1,2,0,1,1,0,1,0,0000000,88,88,88,88,88,88,0,0,0,2,0
5,50005,1,1,0,2,79,0,6,1,2010,4,16,10,0,6,4,AMHERST RD.,,0,34.03564444,-91.893188890,0,35,0,0,1,1,4,0,1,1,0,1,0,0000000,88,88,88,88,88,88,0,0,0,1,0
5,50006,1,1,0,1,45,0,10,1,2010,1,4,7,0,4,3,SR-285-00,,48,35.25788611,-92.362575000,0,42,0,0,1,1,4,0,6,1,0,1,0,0000000,88,88,88,88,88,88,0,0,0,1,1
5,50007,1,1,0,1,23,1820,10,1,2010,1,15,50,0,14,3,SR-110-05,JAMES PLACE,23,35.49219444,-92.067833330,0,24,0,0,2,4,4,0,1,1,0,1,0,0000000,15,50,15,54,88,88,0,0,0,1,1
5,50008,1,1,0,1,145,3530,11,1,2010,2,20,58,0,13,2,US-67-12C,,16,35.20912500,-91.732663890,0,32,0,0,1,1,4,0,6,1,0,1,0,0000000,20,58,21,0,88,88,99,99,99,1,0
5,50009,1,1,0,1,35,0,12,1,2010,3,3,12,1,1,1,I-40-52,,2726,35.14545833,-90.270880560,0,1,0,0,1,1,3,0,6,1,0,1,0,0000000,3,27,3,50,99,99,0,0,0,1,0
5,50010,1,1,0,1,15,0,13,1,2010,4,22,19,0,3,2,US-62-04,,51,36.39461944,-93.695311110,0,34,0,0,1,1,4,0,6,1,0,1,0,0000000,22,19,22,29,99,99,0,0,0,1,1
5,50011,1,1,0,1,83,0,15,1,2010,6,10,24,0,3,3,SR-22-03,,79,35.29568889,-93.780497220,0,34,0,0,1,1,4,0,1,1,0,1,0,0000000,10,24,10,30,99,99,0,0,0,1,1
5,50012,1,1,0,1,9,0,15,1,2010,6,16,50,0,4,3,SR-14-01,,14,36.48191667,-93.197258330,0,32,0,0,1,1,4,0,1,1,0,1,0,0000000,16,50,16,50,88,88,0,0,0,1,1
5,50013,1,1,0,1,149,0,16,1,2010,7,21,45,0,4,3,SR-73-02,,19,33.76960556,-93.831052780,0,34,0,0,1,1,4,0,6,2,0,2,0,0000000,88,88,88,88,88,88,0,0,0,1,0
5,50014,1,1,0,4,131,1370,17,1,2010,1,2,49,0,13,3,SR-22-01,S. 14TH ST.,3,35.32923611,-94.420625000,0,46,0,0,2,4,4,0,6,8,0,8,0,0000000,3,3,3,6,88,88,0,0,0,4,1
5,50015,1,1,0,1,145,0,17,1,2010,1,3,33,0,4,3,SR-385-01,,36,35.27346111,-91.678505560,0,42,0,0,1,1,4,0,6,2,0,2,0,0000000,88,88,88,88,88,88,0,0,0,1,0
5,50016,1,1,0,1,119,2880,17,1,2010,1,7,24,1,12,2,US-67-10,,1,34.77997222,-92.232627780,0,21,0,0,1,1,4,0,1,1,0,1,0,0000000,7,24,7,27,99,99,0,0,0,1,1
5,50017,2,2,0,2,45,860,18,1,2010,2,9,18,0,14,3,SR-25-00,QUAIL CREEK DR.,3,35.11848611,-92.447183330,0,12,6,0,2,3,1,0,1,5,0,5,0,0000000,9,20,9,26,99,99,0,0,0,1,0
5,50018,2,2,0,2,5,0,18,1,2010,2,16,37,0,3,3,SR-5-18,,168,36.32383889,-92.353305560,3,32,0,0,1,1,4,0,1,1,0,1,0,0000000,16,39,16,45,99,99,0,0,0,1,0
5,50019,1,1,0,1,53,0,21,1,2010,5,12,16,1,2,2,US-167-10,,96,34.30281944,-92.399191670,0,35,0,0,8,1,4,0,1,1,0,1,0,0000000,12,16,12,21,99,99,0,0,0,1,0
5,50020,2,2,0,2,69,0,22,1,2010,6,13,53,0,6,4,PRINCETON PIKE,PRINCETON PIKE LP,0,34.22649444,-92.200033330,0,12,2,0,2,4,1,0,1,1,0,1,0,0000000,13,55,14,6,99,99,0,0,0,1,0
5,50021,2,2,0,2,7,0,28,1,2010,5,8,22,0,3,3,SR-59-01,,178,36.26455278,-94.480619440,0,12,6,0,1,1,1,0,1,1,0,1,0,0000000,8,33,8,41,99,99,0,0,0,1,0
5,50022,2,2,0,4,59,0,30,1,2010,7,3,58,1,1,1,I-30-21,,827,34.23603889,-93.006500000,0,12,1,0,1,1,1,0,6,3,0,3,0,0000000,3,59,4,15,99,99,0,0,0,1,0
5,50023,2,2,0,2,127,0,31,1,2010,1,19,29,1,2,2,US-71-10,,207,34.87776667,-94.096152780,0,12,2,0,1,1,1,0,2,1,0,1,0,0000000,19,29,19,36,99,99,0,0,0,1,1
5,50024,1,1,0,1,113,0,3,2,2010,4,12,22,1,2,2,US-71-08,CR 19,170,34.39843056,-94.404402780,0,35,0,0,2,4,4,0,1,1,0,1,0,0000000,12,30,12,43,99,99,0,0,0,1,0
5,50025,1,1,1,1,113,0,3,2,2010,4,20,47,1,2,2,US-71-09,,47,34.60329444,-94.204758330,0,8,0,0,1,1,1,0,6,10,0,10,0,0000000,20,48,20,54,99,99,0,0,0,1,0
5,50026,2,2,0,2,37,0,5,2,2010,6,11,18,0,3,2,US-64-16,,43,35.24180000,-90.725677780,0,12,6,0,1,1,1,0,1,8,0,8,0,0000000,11,18,11,26,99,99,0,0,0,1,0
5,50027,2,2,0,2,31,0,7,2,2010,1,0,18,1,2,2,US-63-06,,49,35.90674444,-90.813330560,0,12,2,0,1,1,2,0,2,10,0,10,0,0000000,88,88,88,88,88,88,0,0,0,1,1
5,50028,1,1,1,1,119,2320,10,2,2010,4,1,2,1,11,1,I-30-23,,1343,34.69220833,-92.304038890,0,8,0,0,1,1,1,0,3,1,0,1,0,0000000,1,2,1,7,88,88,0,0,0,1,0
5,50029,1,1,0,2,13,0,10,2,2010,4,14,55,0,4,3,SR-205-04,,13,33.79202222,-92.514216670,0,32,0,0,1,1,5,0,1,1,0,1,0,0000000,88,88,88,88,88,88,0,0,0,2,0
5,50030,2,2,0,3,19,0,14,2,2010,1,6,0,1,1,1,I-30-14,63 EB ENTRANCE RAMP,630,33.99660278,-93.184077780,0,12,6,0,5,1,1,0,6,1,0,1,0,0000000,6,5,6,15,99,99,0,0,0,2,0
5,50031,3,3,0,3,127,0,15,2,2010,2,9,37,1,2,2,US-71-10,,187,34.86037778,-94.070575000,0,12,7,0,1,1,1,0,1,1,0,1,0,0000000,88,88,88,88,88,88,0,0,0,1,1
5,50032,1,1,0,1,15,0,15,2,2010,2,0,0,1,2,2,US-412-05,,132,36.20130833,-93.368469440,0,1,0,0,1,1,4,0,6,1,0,1,0,0000000,0,4,0,21,99,99,0,0,0,1,0
5,50033,2,2,0,6,7,315,16,2,2010,3,15,54,1,13,2,US-71-19,DARTMOOR RD.,90,36.43832222,-94.237311110,0,12,6,0,2,3,1,0,1,1,0,1,0,0000000,15,54,15,57,99,99,0,0,0,2,0
5,50034,1,1,0,1,119,2320,17,2,2010,4,1,35,0,16,6,REBSAMEN PARK DR.,LILAC TER.,0,34.76788889,-92.310250000,0,42,0,0,2,3,5,0,3,1,0,1,0,0000000,1,35,1,40,88,88,0,0,0,1,1
5,50035,1,1,1,1,75,0,18,2,2010,5,1,15,1,2,2,US-67-16,,84,36.00800556,-91.003875000,0,8,0,0,1,1,1,0,6,1,0,1,0,0000000,1,20,1,25,88,88,0,0,0,1,1
5,50036,1,1,0,1,131,1370,19,2,2010,6,2,0,1,11,1,I-540-01,,70,35.39233889,-94.365777780,0,23,0,0,1,1,3,0,6,1,0,1,0,0000000,2,43,2,48,99,99,0,0,0,1,1
5,50037,1,1,0,1,61,0,21,2,2010,1,4,4,0,3,3,SR-27-02,,35,33.87471944,-93.964616670,0,34,0,0,1,1,4,0,6,1,0,1,0,0000000,4,4,4,18,88,88,0,0,0,1,1
5,50038,2,2,0,3,41,0,22,2,2010,2,5,5,1,2,2,US-65-17,,40,33.92163889,-91.509761110,0,12,2,0,1,1,1,1,6,8,0,8,0,0000000,99,99,99,99,99,99,0,0,0,1,0
5,50039,3,3,0,3,139,0,25,2,2010,5,7,55,1,2,3,SR-82-06,,65,33.14879722,-92.529472220,0,12,6,0,8,1,1,0,1,1,0,1,0,0000000,7,58,8,6,99,99,0,0,0,1,0
5,50040,2,2,0,4,113,1560,26,2,2010,6,11,8,1,2,2,US-71-08,,16,34.20456111,-94.312991670,0,12,6,0,1,1,1,0,1,4,0,4,0,0000000,11,9,11,27,99,99,0,0,0,2,0
5,50041,1,1,0,3,9,0,27,2,2010,7,11,40,0,4,3,SR-14-01,,130,36.43826944,-93.044327780,0,35,0,0,1,1,4,0,1,1,0,1,0,0000000,11,43,11,57,99,99,0,0,0,1,0
5,50042,2,2,0,3,115,2340,1,3,2010,2,6,20,1,1,1,I-40-22,,768,35.32468333,-93.207386110,0,5,0,0,1,1,1,0,2,1,0,1,0,0000000,88,88,88,88,88,88,19,0,0,2,0
5,50043,2,2,0,2,7,0,1,3,2010,2,9,10,0,3,3,SR-59-01,N. MOUNT OLIVE RD.,91,36.37869167,-94.441866670,0,12,6,0,2,2,1,0,1,1,0,1,0,0000000,9,10,9,18,88,88,0,0,0,1,0
5,50044,2,2,0,2,27,2490,3,3,2010,4,7,5,0,13,2,US-79-01,E. NORTH,176,33.27873611,-93.214788890,0,12,6,0,2,2,1,0,1,1,0,1,0,0000000,7,5,7,10,99,99,0,0,0,1,0
5,50045,2,2,0,2,119,2320,3,3,2010,4,14,15,0,16,6,CHICOT RD.,NOLEN,0,34.66275833,-92.362875000,0,12,6,0,2,3,1,0,1,1,0,1,0,0000000,14,16,14,20,99,99,20,0,0,1,0
5,50046,1,1,0,2,53,3550,3,3,2010,4,20,2,0,4,3,SR-46-02,,176,34.29152778,-92.425188890,0,34,0,0,1,1,4,0,6,1,0,1,0,0000000,20,2,99,99,99,99,0,0,0,1,0
5,50047,1,1,0,1,51,0,5,3,2010,6,22,10,0,4,3,SR-290-01,,81,34.42144167,-93.020511110,0,34,0,0,1,1,4,0,6,1,0,1,0,0000000,88,88,88,88,88,88,0,0,0,1,1
5,50048,1,1,0,1,45,0,6,3,2010,7,15,18,0,4,3,SR-36-01,,73,35.14693333,-92.237519440,0,34,0,0,1,1,4,0,1,1,0,1,0,0000000,15,22,15,31,99,99,0,0,0,1,1
5,50049,2,2,0,2,125,0,6,3,2010,7,18,15,0,6,4,W. JACKMAN TRL.,,0,34.55635278,-92.656825000,0,12,6,0,4,1,1,0,6,1,0,1,0,0000000,18,15,18,27,99,99,0,0,0,1,1
5,50050,2,2,0,2,31,2070,7,3,2010,1,16,42,0,13,3,SR-18-04,NETTLETON AVE.,24,35.82102222,-90.652377780,0,7,0,0,2,2,1,0,1,1,0,1,0,0000000,16,43,16,46,99,99,20,0,0,1,0
5,50051,1,1,0,1,93,0,7,3,2010,1,20,15,0,4,3,SR-77-02,SR-140,122,35.69961667,-90.177841670,0,32,0,0,2,3,4,0,6,1,0,1,0,0000000,20,23,20,33,88,88,0,0,0,1,1
5,50052,2,2,0,2,103,0,10,3,2010,4,15,35,0,14,3,SR-376-01,OLD WIRE RD.,34,33.53681667,-92.868741670,0,12,6,0,2,2,1,0,1,1,0,1,0,0000000,15,35,15,48,99,99,0,0,0,1,0
5,50053,1,1,0,1,93,450,12,3,2010,6,1,58,0,16,6,S. FRANKLIN ST.,,0,35.92188611,-89.900850000,0,10,0,0,6,1,1,0,6,2,0,2,0,665944D,2,4,2,6,88,88,0,0,0,1,1
5,50054,2,2,0,3,7,3390,14,3,2010,1,21,50,1,11,1,I-540-05,,793,36.27310000,-94.150341670,0,12,7,0,1,1,1,0,6,1,0,1,0,0000000,21,50,21,54,99,99,0,0,0,1,1
5,50055,4,4,0,6,45,860,15,3,2010,2,14,52,0,13,2,US-64-08,,21,35.11406389,-92.487222220,0,12,8,0,1,1,1,0,1,1,0,1,0,0000000,14,53,14,58,99,99,0,0,0,1,0
5,50056,2,2,0,2,145,0,17,3,2010,4,1,19,1,2,2,US-167-14,,61,35.30349722,-91.628766670,0,12,2,0,1,1,1,0,6,1,0,1,0,0000000,88,88,88,88,88,88,0,0,0,1,0
5,50057,2,2,0,2,95,550,17,3,2010,4,12,41,0,4,2,US-70-17,,16,34.83106667,-91.378097220,0,12,2,0,1,1,1,0,1,1,0,1,0,0000000,13,38,13,48,99,99,0,0,0,1,0
5,50058,1,1,0,1,83,2811,17,3,2010,4,18,31,0,3,3,SR-22-04,,68,35.28777222,-93.438636110,0,34,0,0,1,1,5,0,1,1,0,1,0,0000000,18,31,18,48,88,88,0,0,0,1,0
5,50059,2,2,0,3,37,0,19,3,2010,6,16,14,0,6,4,CR 744,,0,35.18261389,-90.752586110,0,12,1,0,4,1,1,0,1,1,0,1,0,0000000,16,15,16,23,99,99,0,0,0,1,0
5,50060,1,1,0,1,145,0,20,3,2010,7,20,47,0,4,3,SR-36-03,YARNELL RD,147,35.25683333,-91.871452780,0,42,0,0,2,9,5,0,6,2,0,2,0,0000000,20,49,20,59,88,88,0,0,0,1,1
5,50061,2,2,0,3,143,0,22,3,2010,2,16,27,1,2,2,US-412-02,,156,36.16164722,-94.074897220,0,12,2,0,1,1,1,0,1,1,0,1,0,0000000,16,28,16,29,99,99,0,0,0,1,1
5,50062,3,3,0,3,51,0,24,3,2010,4,4,15,0,3,2,US-70-08,,57,34.43246944,-93.267661110,0,12,8,0,1,1,1,0,6,1,0,1,0,0000000,4,15,4,30,99,99,0,0,0,1,1
5,50063,1,1,0,1,113,0,24,3,2010,4,7,45,0,4,3,SR-8-00,,111,34.53880278,-94.062194440,0,35,0,0,1,1,4,0,1,1,0,1,0,0000000,7,45,7,50,99,99,0,0,0,1,0
5,50064,1,1,0,1,125,0,25,3,2010,5,4,19,1,1,1,I-30-22,,10950,34.50118056,-92.701950000,0,42,0,0,1,1,4,0,6,2,0,2,0,0000000,4,20,4,32,88,88,0,0,0,1,0
5,50065,2,2,0,6,41,0,25,3,2010,5,23,8,1,2,2,US-65-17,,10,33.95076389,-91.537400000,0,12,8,0,1,1,1,1,6,1,0,1,0,0000000,23,11,23,19,99,99,0,0,0,2,0
5,50066,1,1,0,1,59,0,26,3,2010,6,6,58,0,2,2,US-270-07,,32,34.42305278,-92.835847220,0,1,0,0,1,1,4,0,1,1,0,1,0,0000000,88,88,88,88,88,88,0,0,0,1,0
5,50067,1,1,0,5,55,0,27,3,2010,7,1,0,0,4,3,SR-69-10,CR 914,31,35.98731389,-90.488547220,0,59,0,0,2,4,4,0,6,1,0,1,0,0000000,1,11,1,25,99,99,0,0,0,1,1
5,50068,2,2,0,2,55,3030,27,3,2010,7,11,46,1,13,2,US-412-09,,20,36.05236111,-90.447091670,0,12,6,0,4,1,1,0,1,1,0,1,0,0000000,11,46,11,51,88,88,0,0,0,1,0
5,50069,1,1,0,1,23,0,28,3,2010,1,14,26,0,4,3,SR-16-11,,96,35.54791389,-92.217725000,0,1,0,0,1,1,4,0,1,1,0,1,0,0000000,14,26,14,38,88,88,0,0,0,1,1
5,50070,1,1,0,1,7,315,29,3,2010,2,13,42,0,16,6,CHELSEA RD.,,0,36.46988889,-94.254155560,0,1,0,0,1,1,5,0,1,1,0,1,0,0000000,13,50,13,52,99,99,0,0,0,1,0
5,50072,2,2,0,2,93,2970,28,3,2010,1,6,16,0,6,6,W. KEISER,NEWPORT,0,35.69762222,-89.993177780,0,12,2,0,2,2,1,0,6,1,0,1,0,0000000,6,16,6,17,99,99,0,0,0,1,1
5,50073,1,1,0,6,57,0,1,4,2010,5,7,8,1,1,1,I-30-12,,185,33.61800556,-93.791136110,0,34,0,0,1,1,3,0,1,1,0,1,0,0000000,7,11,7,11,99,99,0,0,0,4,0
5,50074,1,1,0,1,71,0,1,4,2010,5,12,0,0,4,3,SR-21-01,,47,35.53617222,-93.428377780,0,42,0,0,1,1,4,0,1,1,0,1,0,0000000,88,88,88,88,88,88,0,0,0,1,1
5,50075,1,1,0,1,55,0,1,4,2010,5,13,5,1,2,2,US-412-08,,28,36.07012222,-90.775050000,0,23,0,0,1,1,4,0,1,1,0,1,0,0000000,88,88,88,88,88,88,0,0,0,1,0
5,50076,2,2,1,3,59,2500,1,4,2010,5,22,57,0,13,2,US-67-08,BANKS ST.,5,34.36340833,-92.803713890,0,12,6,0,2,2,1,0,6,1,0,1,0,0000000,22,57,22,58,99,99,15,19,0,2,0
5,50077,5,5,0,6,143,0,3,4,2010,7,17,53,0,3,2,US-71-16,,56,35.82261667,-94.123444440,0,12,2,0,1,1,1,0,1,1,0,1,0,0000000,17,53,18,4,99,99,19,0,0,2,0
5,50078,1,1,0,1,25,0,4,4,2010,1,2,30,0,4,3,SR-114-00,,94,33.93438889,-92.045088890,0,34,0,0,1,1,5,0,6,1,0,1,0,0000000,2,37,2,49,88,88,0,0,0,1,0
5,50079,1,1,0,2,59,0,4,4,2010,1,6,30,0,3,3,SR-9-04,,61,34.22372500,-92.724994440,0,34,0,0,1,1,5,0,4,1,0,1,0,0000000,6,35,6,49,99,99,0,0,0,1,0
5,50080,2,2,0,3,143,1310,4,4,2010,1,10,47,1,13,3,SR-265-02,JOYCE BLVD.,47,36.11982500,-94.118586110,0,12,6,0,2,2,1,0,1,1,0,1,0,0000000,10,47,10,54,99,99,0,0,0,1,0
5,50081,2,2,0,8,7,315,4,4,2010,1,18,10,0,4,3,SR-340-01,DERWENT RD.,75,36.49416389,-94.206238890,0,12,6,0,2,4,1,0,1,1,0,1,0,0000000,18,13,18,18,99,99,0,0,0,1,1
5,50082,1,1,0,4,63,0,4,4,2010,1,18,42,0,6,4,WALNUT GROVE RD.,,0,35.80885278,-91.391080560,0,38,0,0,1,1,4,0,1,1,0,1,0,0000000,18,42,19,6,99,99,0,0,0,2,1
5,50083,1,1,0,2,21,0,5,4,2010,2,1,5,0,3,2,US-49-01,,28,36.35080278,-90.211400000,0,1,0,0,1,1,2,0,6,1,0,1,0,0000000,99,99,99,99,99,99,0,0,0,1,1
5,50084,2,2,0,4,25,0,5,4,2010,2,16,12,1,2,2,US-79-07,,49,33.86364444,-92.283352780,0,12,2,0,1,1,1,0,1,1,0,1,0,0000000,16,11,16,15,99,99,0,0,0,1,0
5,50085,2,2,0,2,111,1740,5,4,2010,2,17,58,1,2,3,SR-1-16,,1,35.56693333,-90.724388890,0,12,6,0,4,1,1,0,1,1,0,1,0,0000000,18,0,18,3,99,99,0,0,0,1,0
5,50086,1,1,0,1,119,2320,5,4,2010,2,22,48,1,11,1,I-430-21,,96,34.79449167,-92.387811110,0,20,0,0,1,1,5,0,6,1,0,1,0,0000000,22,57,22,57,99,99,0,0,0,1,1
5,50087,2,2,0,3,133,2330,7,4,2010,4,12,9,1,2,2,US-71-05,MELROSE RD,103,33.92940278,-94.175900000,0,12,2,0,2,4,1,0,1,1,0,1,0,0000000,12,9,12,28,99,99,0,0,0,1,0
5,50088,1,1,0,1,127,4000,8,4,2010,5,10,2,0,16,6,EAST CRUMPTOWN ST.,PARK AVE,0,34.88503333,-94.080175000,0,53,0,0,2,4,4,0,1,1,0,1,0,0000000,88,88,88,88,88,88,20,0,0,1,0
5,50089,2,2,0,2,141,0,8,4,2010,5,21,30,1,2,2,US-65-08,,170,35.36791667,-92.407550000,0,12,8,0,1,1,1,0,6,1,0,1,0,0000000,21,33,21,47,99,99,0,0,0,1,0
5,50090,1,1,0,1,85,0,9,4,2010,6,11,31,0,3,3,SR-31-03,,119,34.93745278,-91.874541670,0,1,0,0,4,1,1,0,1,1,0,1,0,0000000,11,35,11,39,88,88,0,0,0,1,0
5,50091,1,1,0,1,31,0,9,4,2010,6,14,27,0,3,3,SR-226-03,,0,35.79150000,-90.810413890,0,10,0,0,6,1,1,0,1,1,0,1,0,787838H,88,88,88,88,88,88,0,0,0,1,0
5,50092,2,2,0,2,143,3670,9,4,2010,6,19,0,0,16,6,CAMBRIDGE ST.,CAMBRIDGE PARK PLACE,0,36.15375556,-94.152425000,0,12,6,0,2,2,1,0,1,1,0,1,0,0000000,19,0,19,9,99,99,6,0,0,1,1
5,50093,1,1,0,3,101,0,10,4,2010,7,16,54,0,6,4,COUNTY RD 58,,0,35.91352222,-93.140372220,0,38,0,0,1,1,5,0,1,1,0,1,0,0000000,16,54,17,8,99,99,0,0,0,1,0
5,50094,1,1,0,2,51,1907,10,4,2010,7,18,57,0,2,2,US-27-06,WESTINGHOUSE DRIVE,0,34.47090000,-92.983902780,0,33,0,0,2,2,4,0,1,1,0,1,0,0000000,18,57,19,0,99,99,0,0,0,1,0
5,50095,1,1,0,1,31,2070,12,4,2010,2,2,17,0,16,6,HEATH LANE,C. W. POST RD,0,35.80693889,-90.601763890,0,42,0,0,2,3,5,0,2,1,0,1,0,0000000,2,23,2,32,88,88,0,0,0,1,0
5,50096,2,2,0,2,117,0,12,4,2010,2,21,26,1,1,1,I-40-42,,1867,34.81757222,-91.653786110,0,12,2,0,1,1,1,0,2,1,0,1,0,0000000,21,27,21,30,88,88,0,0,0,2,1
5,50097,2,2,0,2,5,0,13,4,2010,3,6,40,0,4,3,SR-201-00,PUSH MOUNTAIN RD,0,36.22696667,-92.294083330,0,12,6,0,2,9,1,0,1,1,0,1,0,0000000,88,88,88,88,88,88,0,0,0,1,0
5,50098,3,3,0,5,131,0,14,4,2010,4,20,55,1,2,2,US-71-13,,33,35.10610000,-94.267166670,0,12,8,0,1,1,1,0,2,1,0,1,0,0000000,20,58,21,6,99,99,0,0,0,1,1
5,50099,1,1,1,2,119,2880,14,4,2010,4,22,24,1,11,1,I-40-33,I-440,1589,34.77997222,-92.163963890,0,8,0,1,3,4,1,0,6,1,0,1,0,0000000,88,88,88,88,88,88,0,0,0,1,0
5,50100,1,1,1,1,123,1360,15,4,2010,5,16,13,0,6,6,WASHINGTON,,0,34.99724722,-90.781669440,0,8,0,0,1,1,1,0,1,1,0,1,0,0000000,16,13,16,16,99,99,0,0,0,1,0
5,50101,1,1,0,1,33,0,15,4,2010,5,16,51,0,6,4,OZARK RD,,0,35.59412222,-94.277113890,0,34,0,0,1,1,4,0,1,1,0,1,0,0000000,16,52,17,5,88,88,0,0,0,1,0
5,50102,2,2,0,2,73,2300,15,4,2010,5,18,15,1,2,2,US-82-02,SPRUCE ST,73,33.35525556,-93.577713890,0,12,6,0,2,3,1,0,1,1,0,1,0,0000000,18,15,18,20,99,99,0,0,0,1,0
5,50103,3,3,0,3,135,0,15,4,2010,5,18,23,0,4,3,SR-115-03,,91,35.99703611,-91.488647220,0,12,8,0,1,1,1,0,1,1,0,1,0,0000000,88,88,88,88,88,88,0,0,0,1,0
5,50104,1,1,0,1,123,0,17,4,2010,7,12,30,1,1,1,I-40-51,,2595,35.13258056,-90.485844440,0,34,0,0,5,1,4,0,1,1,0,1,0,0000000,12,35,12,55,99,99,0,0,0,1,0
5,50105,2,2,0,4,93,0,17,4,2010,7,12,35,0,2,3,SR-18-06,,27,35.85016944,-90.130377780,0,24,0,0,1,1,4,0,1,1,0,1,0,0000000,12,36,12,40,99,99,14,0,0,1,0
5,50106,2,2,0,2,99,0,17,4,2010,7,19,15,0,4,3,SR-32-08,NEVADA 108,40,33.55473611,-93.418463890,0,12,6,0,3,2,1,0,1,1,0,1,0,0000000,19,20,19,35,99,99,0,0,0,1,0
5,50107,2,2,0,4,55,3030,18,4,2010,1,20,9,1,13,2,US-412-08,CARROLL RD,172,36.05991944,-90.521266670,0,12,6,0,2,2,1,0,2,1,0,1,0,0000000,20,10,20,12,99,99,0,0,0,2,0
5,50108,1,1,0,3,5,2209,19,4,2010,2,20,36,0,4,3,SR-178-02,BIG MAC RD.,30,36.37867500,-92.529280560,0,53,0,0,2,4,4,0,6,1,0,1,0,0000000,20,36,20,50,99,99,0,0,0,1,0
5,50110,2,2,0,4,127,0,21,4,2010,4,16,30,0,4,3,SR-80-01,,73,34.90288056,-93.999775000,0,12,6,0,1,1,1,0,1,1,0,1,0,0000000,16,30,16,42,99,99,0,0,0,1,1
5,50111,1,1,0,1,91,3810,23,4,2010,6,18,7,0,13,2,US-67-01,,23,33.44601667,-94.011769440,0,43,0,0,1,1,5,0,1,1,0,1,0,0000000,18,7,18,11,88,88,0,0,0,1,0
5,50112,1,1,0,32,115,2340,24,4,2010,7,17,14,1,1,1,I-40-22,,764,35.33039167,-93.229316670,0,24,0,0,1,1,4,0,1,1,0,1,0,0000000,17,17,17,23,99,99,0,0,0,2,0
5,50113,1,1,0,1,49,0,28,4,2010,4,6,9,1,2,2,US-63-01,,131,36.34586111,-91.476222220,0,34,0,0,1,1,5,0,1,1,0,1,0,0000000,88,88,88,88,88,88,0,0,0,1,0
5,50114,1,1,0,2,101,3075,29,4,2010,5,15,32,0,6,4,MURRAY RD.,SR-327,0,35.95182500,-93.262286110,0,5,0,0,3,4,1,0,1,1,0,1,0,0000000,15,32,15,45,99,99,0,0,0,1,0
5,50115,2,2,0,2,13,0,30,4,2010,6,6,5,1,2,2,US-167-03,UNNAMED ACCESS RD.,19,33.36483611,-92.516513890,0,12,6,0,2,3,1,1,6,1,0,1,0,0000000,88,88,88,88,88,88,0,0,0,1,0
5,50116,1,1,0,4,15,0,30,4,2010,6,18,45,0,3,3,SR-23-10,,26,36.34814167,-93.749941670,0,1,0,0,1,1,4,0,1,8,0,8,0,0000000,18,15,18,19,99,99,0,0,0,1,0