STATE,ST_CASE,VE_TOTAL,VE_FORMS,PEDS,PERSONS,COUNTY,CITY,DAY,MONTH,YEAR,DAY_WEEK,HOUR,MINUTE,NHS,ROAD_FNC,ROUTE,TWAY_ID,TWAY_ID2,MILEPT,LATITUDE,LONGITUD,SP_JUR,HARM_EV,MAN_COLL,RELJCT1,RELJCT2,TYP_INT,REL_ROAD,WRK_ZONE,LGT_COND,WEATHER1,WEATHER2,WEATHER,SCH_BUS,RAIL,NOT_HOUR,NOT_MIN,ARR_HOUR,ARR_MIN,HOSP_HR,HOSP_MN,CF1,CF2,CF3,FATALS,DRUNK_DR
5,50117,1,1,0,1,75,3310,30,4,2010,6,23,24,1,2,2,US-63-03,,2,36.24193611,-91.265894440,0,38,0,0,1,1,4,0,6,2,0,2,0,0000000,23,24,23,40,99,99,0,0,0,1,1
5,50118,2,2,0,4,119,2880,7,3,2010,1,19,0,1,2,2,US-165-09,COLONEL MAYNARD,22,34.72122778,-92.120361110,0,12,2,0,2,4,1,0,6,1,0,1,0,0000000,19,0,19,5,99,99,0,0,0,1,0
5,50119,2,2,0,4,23,0,1,5,2010,7,2,38,0,4,3,SR-16-11,,58,35.60490556,-92.202500000,0,12,8,0,1,1,4,0,6,2,0,2,0,0000000,2,42,2,53,99,99,0,0,0,1,1
5,50120,1,1,0,4,19,0,1,5,2010,7,3,2,0,3,3,SR-53-00,,174,33.98464722,-93.184661110,0,42,0,0,1,1,4,0,6,8,0,8,0,0000000,2,54,2,55,99,99,0,0,0,1,1
5,50121,2,2,0,3,7,3610,4,5,2010,3,7,38,0,13,3,SR-59-02,,5,36.16282500,-94.529113890,0,12,8,0,1,1,1,0,1,1,0,1,0,0000000,7,38,7,42,88,88,0,0,0,1,0
5,50122,1,1,0,1,23,0,5,5,2010,4,3,51,0,6,4,JONES RD,,0,35.37631944,-92.053316670,0,38,0,0,1,1,4,0,6,1,0,1,0,0000000,88,88,88,88,88,88,6,0,0,1,0
5,50123,1,1,0,2,95,0,6,5,2010,5,13,40,1,2,2,US-79-14,,88,34.68996944,-91.161805560,0,34,0,0,1,1,4,0,1,1,0,1,0,0000000,13,46,14,0,99,99,0,0,0,1,0
5,50124,1,1,0,2,9,0,7,5,2010,6,3,15,1,2,2,US-65-01,,98,36.36421389,-93.220883330,0,1,0,0,1,1,1,0,6,1,0,1,0,0000000,3,19,3,34,99,99,0,0,0,1,1
5,50125,1,1,0,1,109,0,7,5,2010,6,8,35,0,3,3,SR-27-05,,135,34.22883611,-93.640380560,0,35,0,0,1,1,4,0,1,1,0,1,0,0000000,88,88,88,88,88,88,0,0,0,1,0
5,50126,1,1,0,1,143,0,7,5,2010,6,18,15,0,3,2,US-62-01,PLEASANT HILL RD,56,35.95890278,-94.451436110,0,43,0,0,2,3,4,0,1,1,0,1,0,0000000,88,88,88,88,88,88,0,0,0,1,0
5,50127,1,1,0,3,7,0,7,5,2010,6,21,15,0,6,4,REED AVENUE BC 609A,,0,36.21325556,-94.076313890,0,31,0,0,1,1,4,0,1,1,0,1,0,0000000,19,16,19,20,99,99,0,0,0,1,0
5,50128,2,2,0,2,57,0,8,5,2010,7,5,15,0,4,3,SR-355-02,,39,33.70370556,-93.858388890,0,12,6,0,1,1,1,0,6,1,0,1,0,0000000,88,88,88,88,88,88,0,0,0,1,1
5,50129,3,3,0,3,9,1750,8,5,2010,7,13,10,1,13,2,US-65-02,,18,36.23167500,-93.085183330,0,12,6,0,1,1,1,0,1,1,0,1,0,0000000,13,17,13,22,99,99,0,0,0,1,1
5,50130,1,1,0,2,95,0,8,5,2010,7,13,55,0,4,3,SR-86-03,,89,34.59663611,-91.227700000,0,34,0,0,1,1,4,0,1,1,0,1,0,0000000,13,53,14,10,99,99,0,0,0,1,1
5,50131,1,1,0,4,143,1610,8,5,2010,7,21,25,1,1,1,I-540-04,,568,35.96991389,-94.197163890,0,35,0,0,1,1,4,0,6,1,0,1,0,0000000,21,26,21,57,99,99,0,0,0,1,1
5,50132,2,2,0,3,119,2320,9,5,2010,1,19,19,0,16,6,3RD ST.,,0,34.74878889,-92.294533330,0,12,2,0,1,1,1,0,5,1,0,1,0,0000000,19,22,19,28,99,99,0,0,0,1,1
5,50133,2,2,0,2,31,2070,11,5,2010,3,14,30,0,14,2,US-49-04,,11,35.79643889,-90.731500000,0,12,2,0,1,1,1,0,1,1,0,1,0,0000000,14,34,14,38,99,99,0,0,0,1,0
5,50134,1,1,0,1,51,0,12,5,2010,4,4,45,0,4,3,SR-5-06,,10,34.58696389,-92.968775000,0,34,0,0,1,1,4,0,6,1,0,1,0,0000000,88,88,88,88,88,88,0,0,0,1,1
5,50135,1,1,0,1,103,0,13,5,2010,5,20,35,0,3,3,SR-24-06,,124,33.63025278,-92.943605560,0,42,0,0,1,1,4,0,6,1,0,1,0,0000000,88,88,88,88,88,88,0,0,0,1,0
5,50136,2,2,0,4,87,0,14,5,2010,6,18,0,1,2,2,US-412-04,,2,36.12200000,-93.729600000,0,12,2,0,1,1,1,0,1,1,0,1,0,0000000,18,3,18,11,99,99,0,0,0,1,1
5,50137,1,1,0,1,125,0,16,5,2010,1,8,48,0,6,4,W. BASELINE RD.,,0,34.67243056,-92.456602780,0,18,0,0,1,1,5,0,1,1,0,1,0,0000000,8,52,9,4,99,99,0,0,0,1,0
5,50138,1,1,1,1,7,3390,18,5,2010,3,4,13,1,13,2,US-62-02,,10,36.35603056,-94.161822220,0,8,0,0,1,1,1,0,6,1,0,1,0,0000000,4,17,4,23,99,99,0,0,0,1,0
5,50139,1,1,0,2,7,0,19,5,2010,4,13,50,0,13,3,SR-59-02,,0,36.15726389,-94.527461110,0,35,0,0,1,1,5,0,1,1,0,1,0,0000000,13,52,13,55,99,99,0,0,0,1,0
5,50140,2,2,0,3,89,0,20,5,2010,5,16,30,0,3,3,SR-14-03,CR 5026,63,36.14035278,-92.673066670,0,7,0,0,2,3,1,0,1,1,0,1,0,0000000,88,88,88,88,88,88,0,0,0,1,0
5,50141,2,2,0,2,7,1570,20,5,2010,5,19,3,0,4,3,SR-72-02,,17,36.41468611,-94.428327780,0,12,6,0,1,1,1,0,1,1,0,1,0,0000000,19,6,19,11,99,99,0,0,0,1,0
5,50142,2,2,0,5,145,0,21,5,2010,6,16,54,0,3,3,SR-16-13,,28,35.39086944,-91.811800000,0,12,6,0,1,1,1,0,1,1,0,1,0,0000000,17,10,17,30,99,99,0,0,0,1,0
5,50143,2,2,0,2,149,0,22,5,2010,7,22,18,0,3,3,SR-154-02,,93,35.11309722,-93.167752780,0,12,2,0,1,1,1,0,6,1,0,1,0,0000000,22,20,22,30,99,99,0,0,0,1,0
5,50144,2,2,0,4,143,0,23,5,2010,1,19,10,0,3,2,US-71-16,,46,35.80932222,-94.131030560,0,12,6,0,4,1,1,0,1,1,0,1,0,0000000,19,13,19,40,99,99,0,0,0,1,0
5,50145,1,1,0,1,3,0,23,5,2010,1,19,14,0,4,4,ASHLEY 293,,0,33.19930278,-92.039894440,0,34,0,0,1,1,4,0,1,1,0,1,0,0000000,88,88,88,88,88,88,0,0,0,1,1
5,50146,2,2,0,3,119,2320,24,5,2010,2,10,26,0,16,6,FINANCIAL CENTER PKW,SHACKELFORD RD.,0,34.74859444,-92.394247220,0,12,6,0,2,2,1,0,1,1,0,1,0,0000000,10,27,10,32,99,99,0,0,0,1,0
5,50147,1,1,0,1,99,0,24,5,2010,2,11,19,0,3,2,US-278-07,,43,33.61004444,-93.391341670,0,35,0,0,1,1,4,0,1,1,0,1,0,0000000,88,88,88,88,88,88,0,0,0,1,0
5,50148,2,2,0,4,7,212,25,5,2010,3,14,52,1,2,2,US-62-02,,77,36.40232222,-94.072322220,0,12,6,0,4,1,1,0,1,2,0,2,0,0000000,14,57,15,6,99,99,0,0,0,1,0
5,50149,1,1,0,1,23,0,25,5,2010,3,21,36,0,4,3,SR-92-05,,0,35.62032500,-91.983202780,0,34,0,0,1,1,4,0,6,1,0,1,0,0000000,88,88,88,88,88,88,0,0,0,1,1
5,50150,1,1,1,1,59,0,26,5,2010,4,4,57,0,6,4,WINE DOT RD,,0,34.38824722,-92.722722220,0,8,0,0,1,1,1,0,6,1,0,1,0,0000000,88,88,88,88,88,88,0,0,0,1,0
5,50151,1,1,0,3,95,0,26,5,2010,4,7,30,0,4,3,SR-146-04,,1,34.57492500,-91.187638890,0,35,0,0,1,1,4,0,1,1,0,1,0,0000000,7,59,8,25,99,99,0,0,0,1,0
5,50152,1,1,0,1,21,2413,26,5,2010,4,16,34,0,3,2,US-62-20,,130,36.43378333,-90.383750000,0,35,0,0,1,1,4,0,1,1,0,1,0,0000000,16,36,16,45,88,88,0,0,0,1,1
5,50153,2,2,0,2,31,2070,27,5,2010,5,9,51,1,13,2,US-49-03,PARKER RD,143,35.80427500,-90.669480560,0,12,6,0,2,2,1,0,1,1,0,1,0,0000000,9,59,10,10,88,88,0,0,0,1,0
5,50154,1,1,0,1,63,0,27,5,2010,5,19,35,0,4,3,SR-106-01,,38,35.78408611,-91.721355560,0,53,0,0,1,1,5,0,1,1,0,1,0,0000000,19,29,19,40,99,99,0,0,0,1,1
5,50155,12,12,0,14,125,570,28,5,2010,6,7,45,1,1,1,I-30-22,,1225,34.61417222,-92.508755560,0,39,0,0,1,1,4,0,1,1,0,1,0,0000000,7,45,7,50,99,99,14,0,0,1,0
5,50156,1,1,0,1,89,0,28,5,2010,6,9,38,0,5,3,SR-268-00,,9,36.40740833,-92.869363890,0,34,0,0,1,1,4,0,1,1,0,1,0,0000000,88,88,88,88,88,88,0,0,0,1,1
5,50157,3,3,0,5,141,0,28,5,2010,6,14,30,1,2,2,US-65-07,RED HILL RD.,49,35.73390278,-92.520622220,0,12,6,0,2,3,1,0,1,1,0,1,0,0000000,14,30,15,7,99,99,0,0,0,1,0
5,50158,2,2,0,5,37,0,29,5,2010,7,15,20,1,2,3,SR-1-13,,15,35.19183611,-90.797238890,0,12,6,0,1,1,1,0,1,2,0,2,0,0000000,15,22,15,36,99,99,0,0,0,1,1
5,50159,1,1,0,2,135,0,30,5,2010,1,5,57,0,4,3,SR-58-03,,9,36.25446667,-91.352477780,0,34,0,0,1,1,4,0,2,5,0,5,0,0000000,5,57,6,14,99,99,0,0,0,1,1
5,50160,1,1,0,3,123,0,30,5,2010,1,9,54,1,1,1,I-40-51,,2370,34.99372222,-90.880880560,0,1,0,0,1,1,1,0,1,1,0,1,0,0000000,9,54,9,56,99,99,0,0,0,1,0
5,50161,2,2,0,3,119,2320,31,5,2010,2,9,56,0,16,6,RODNEY PARHAM RD,,0,34.77194722,-92.399533330,0,12,6,0,8,1,1,0,1,1,0,1,0,0000000,9,57,10,0,99,99,0,0,0,1,0
5,50162,1,1,0,1,107,4110,29,5,2010,7,3,13,1,13,2,US-49-10,SR-242,259,34.52683611,-90.640061110,0,42,0,0,2,2,5,0,3,1,0,1,0,0000000,3,13,3,15,88,88,3,0,0,1,1
5,50163,1,1,1,1,35,2550,1,6,2010,3,4,30,1,1,7,I-55-11,,129,35.24436111,-90.218588890,0,8,0,0,1,1,1,0,6,1,0,1,0,0000000,5,3,5,15,99,99,0,0,0,1,0
5,50164,1,1,0,1,119,0,1,6,2010,3,8,25,0,4,3,SR-365-12,,64,34.66042778,-92.232080560,0,42,0,0,1,1,4,0,1,1,0,1,0,0000000,88,88,88,88,88,88,0,0,0,1,0
5,50165,1,1,0,1,31,0,1,6,2010,3,18,1,0,3,3,SR-226-02,,0,35.96888889,-90.985555560,0,10,0,0,6,1,1,0,1,1,0,1,0,787838H,88,88,88,88,88,88,0,0,0,1,0
5,50166,2,2,0,2,69,0,2,6,2010,4,16,30,0,3,2,US-63-14,,68,34.08536389,-92.008094440,0,12,1,0,1,1,1,0,1,1,0,1,0,0000000,16,33,16,44,99,99,0,0,0,1,0
5,50167,1,1,1,1,119,2320,2,6,2010,4,21,2,0,6,4,HIGGINS SWITCH,,0,34.65486389,-92.235241670,0,8,0,0,1,1,1,0,6,1,0,1,0,0000000,88,88,88,88,88,88,0,0,0,1,0
5,50168,1,1,0,4,59,0,3,6,2010,5,14,56,1,1,1,I-30-21,,825,34.23397222,-93.009000000,0,1,0,0,1,1,5,0,1,1,0,1,0,0000000,88,88,88,88,88,88,0,0,0,1,0
5,50169,2,2,0,3,123,0,3,6,2010,5,17,0,1,1,1,I-40-51,,2626,35.14703889,-90.410186110,0,12,6,0,1,1,1,0,1,2,0,2,0,0000000,17,1,17,20,99,99,0,0,0,2,1
5,50170,1,1,0,1,73,0,5,6,2010,7,11,5,0,4,3,SR-160-01,,105,33.09037222,-93.868066670,0,59,0,0,1,1,4,0,1,1,0,1,0,0000000,11,10,11,25,99,99,0,0,0,1,0
5,50171,2,2,0,5,83,0,5,6,2010,7,15,40,0,4,3,SR-217--00,,92,35.12485833,-93.901691670,0,12,6,0,1,1,1,0,1,1,0,1,0,0000000,15,46,15,55,99,99,0,0,0,1,1
5,50172,3,3,0,7,143,4100,5,6,2010,7,18,2,1,1,1,I-540-04,,550,35.97307500,-94.198666670,0,12,1,0,1,1,1,0,1,1,0,1,0,0000000,18,2,18,9,99,99,19,0,0,1,0
5,50173,1,1,0,1,63,0,5,6,2010,7,99,99,0,6,4,SHAMROCK,ROSS LN,0,35.86191111,-91.403491670,0,35,0,0,3,3,4,0,2,1,0,1,0,0000000,3,30,3,51,88,88,0,0,0,1,1
5,50174,1,1,0,1,47,0,6,6,2010,1,3,23,0,4,3,SR-288-01,,36,35.36392500,-93.873838890,0,34,0,0,1,1,4,0,2,1,0,1,0,0000000,3,23,3,38,99,99,0,0,0,1,1
5,50175,1,1,0,3,93,0,6,6,2010,1,19,2,0,6,4,NCR 243,,0,35.92975278,-90.159130560,0,35,0,0,1,1,5,0,1,1,0,1,0,0000000,19,12,19,42,99,99,0,0,0,1,1
5,50176,1,1,0,1,87,2161,9,6,2010,4,7,2,0,4,4,MADISON CO RD 2645,,0,36.05374722,-93.508758330,0,34,0,0,1,1,4,0,1,1,0,1,0,0000000,7,3,7,27,99,99,0,0,0,1,0
5,50177,1,1,0,1,27,2490,10,6,2010,5,16,28,0,14,3,SR-355-08,,11,33.28307778,-93.234680560,0,33,0,0,1,1,4,0,1,10,0,10,0,0000000,16,45,16,48,99,99,0,0,0,1,0
5,50178,1,1,0,1,119,2880,13,6,2010,1,5,33,0,16,6,WEST PERSHING RD,J D ASHLEY LANE,0,34.77965556,-92.277602780,0,33,0,0,3,3,4,0,4,1,0,1,0,0000000,5,33,5,43,88,88,0,0,0,1,1
5,50179,1,1,0,1,119,0,14,6,2010,2,18,0,0,3,3,SR-10-07,,31,34.88015833,-92.723236110,0,24,0,0,1,1,4,1,1,1,0,1,0,0000000,18,0,18,0,99,99,3,0,0,1,0
5,50180,1,1,0,1,45,2600,14,6,2010,2,20,10,1,1,1,I-40-32,,1360,34.97775833,-92.416969440,0,1,0,0,1,1,4,0,5,1,0,1,0,0000000,20,15,20,21,99,99,0,0,0,1,0
5,50181,1,1,1,1,131,1370,17,6,2010,5,9,56,0,16,6,DODSON AVE,SOUTH 16TH ST,0,35.37241944,-94.416663890,0,8,0,0,3,3,1,0,1,1,0,1,0,0000000,9,58,10,2,88,88,0,0,0,1,0
5,50182,2,2,0,13,33,9997,17,6,2010,5,11,40,0,3,3,SR-59-05,,217,35.51249167,-94.354919440,0,12,6,0,1,1,1,0,1,1,0,1,0,0000000,11,45,11,47,99,99,0,0,0,1,0
5,50183,2,2,0,2,51,0,17,6,2010,5,16,48,0,4,3,SR-290,,81,34.42018611,-93.021197220,0,12,8,0,1,1,1,0,1,1,0,1,0,0000000,16,46,16,59,99,99,0,0,0,1,1
5,50184,1,1,0,2,77,0,17,6,2010,5,22,54,0,6,3,SR-78-02,,30,34.83666667,-90.996752780,0,1,0,0,1,1,4,0,6,1,0,1,0,0000000,88,88,88,88,88,88,0,0,0,1,0
5,50185,2,2,0,2,119,2880,18,6,2010,6,19,28,0,16,6,MCCAIN BLVD,,0,34.80030833,-92.259825000,0,12,1,0,1,1,1,0,5,1,0,1,0,0000000,19,31,19,40,99,99,0,0,0,1,1
5,50186,2,2,0,3,99,0,18,6,2010,6,11,53,0,3,3,SR-53-02,,0,33.81295556,-93.141530560,0,12,8,0,1,1,1,0,1,1,0,1,0,0000000,11,53,12,12,99,99,0,0,0,1,0
5,50187,1,1,0,1,115,0,18,6,2010,6,22,40,0,6,4,RUSHING RD.,,0,35.46399167,-93.197236110,0,24,0,0,1,1,4,0,6,1,0,1,0,0000000,88,88,88,88,88,88,0,0,0,1,1
5,50188,1,1,1,1,119,0,19,6,2010,7,5,15,1,2,2,US-67-10,,143,34.92866389,-92.080802780,0,8,0,0,1,1,1,0,6,1,0,1,0,0000000,5,15,5,21,99,99,0,0,0,1,0
5,50189,1,1,0,2,119,1837,19,6,2010,7,15,49,0,6,4,W. HENSLEY RD.,,0,34.50710000,-92.209594440,0,24,0,0,1,1,4,0,1,1,0,1,0,0000000,15,54,16,12,99,99,0,0,0,1,1
5,50190,1,1,0,2,145,3530,19,6,2010,7,10,47,1,2,2,US-67-12,,182,35.22473611,-91.714080560,0,34,0,0,1,1,5,0,1,1,0,1,0,0000000,10,48,10,50,99,99,0,0,0,1,0
5,50191,1,1,1,3,119,2320,20,6,2010,1,9,3,0,13,3,SR-10-08,RIVER MOUNT RD.,76,34.79161111,-92.396713890,0,9,0,0,2,2,1,0,1,1,0,1,0,0000000,9,3,9,9,99,99,0,0,0,1,0
5,50192,1,1,0,1,31,2070,20,6,2010,1,17,50,0,16,6,HARVESTER ST.,GREENBRIAR ST.,0,35.81459444,-90.707208330,0,33,0,0,2,3,5,0,1,1,0,1,0,0000000,17,55,18,1,99,99,0,0,0,1,0
5,50193,2,2,0,2,57,0,21,6,2010,2,6,50,0,3,3,SR-29-03,,0,33.48017222,-93.635530560,0,12,2,0,1,1,1,0,1,1,0,1,0,0000000,6,53,7,10,99,99,0,0,0,1,0
5,50194,2,2,0,2,119,2036,21,6,2010,2,8,20,0,6,6,MADDEN RD,LINDA LN,0,34.88891111,-92.100825000,0,12,6,0,2,2,1,0,1,1,0,1,0,0000000,8,22,8,24,99,99,0,0,0,1,0
5,50195,1,1,0,2,103,0,21,6,2010,2,21,12,0,6,6,QUACHITA 43,,0,33.64479444,-92.788252780,0,34,0,0,1,1,4,0,6,1,0,1,0,0000000,21,13,21,25,88,88,0,0,0,2,1
5,50196,1,1,0,1,67,0,22,6,2010,3,10,35,1,2,2,US-67-15,,147,35.73538333,-91.196372220,0,1,0,0,1,1,3,0,1,1,0,1,0,0000000,10,37,10,53,99,99,0,0,0,1,0
5,50197,1,1,0,1,45,0,22,6,2010,3,22,50,0,6,4,GRAND TRUNK,MORNA DR.,0,35.00558611,-92.316891670,0,42,0,0,2,3,5,0,1,1,0,1,0,0000000,22,50,22,55,88,88,4,0,0,1,1
5,50198,1,1,0,1,19,0,23,6,2010,4,3,20,0,6,4,CEADER GROOVE RD.,,0,34.16078889,-93.109880560,0,32,0,0,1,1,5,0,6,1,0,1,0,0000000,3,22,3,40,88,88,0,0,0,1,1
5,50199,1,1,0,2,91,3810,24,6,2010,5,2,30,1,12,3,SR-549-01,LOOP 245,245,33.38453889,-94.018200000,0,1,0,1,2,4,2,0,6,1,0,1,0,0000000,2,30,2,34,99,99,0,0,0,1,1
5,50200,1,1,0,1,3,0,24,6,2010,5,11,17,1,2,2,US-82-09,,17,33.23613889,-91.772488890,0,24,0,0,1,1,4,0,1,1,0,1,0,0000000,11,17,11,20,99,99,0,0,0,1,0
5,50201,2,2,0,4,85,0,24,6,2010,5,23,55,0,3,3,SR-294-02,DOTSON LN.,30,34.84404722,-92.025636110,0,12,2,0,2,4,1,0,6,1,0,1,0,0000000,0,4,0,23,99,99,0,0,0,1,1
5,50202,1,1,0,1,57,0,25,6,2010,6,13,30,0,4,3,SR-332-04,,32,33.72733889,-93.909244440,0,1,0,0,1,1,4,0,1,1,0,1,0,0000000,88,88,88,88,88,88,0,0,0,1,1
5,50203,2,2,0,3,131,1370,25,6,2010,6,19,24,0,16,6,KINDEAD AVE.,N. 31ST ST.,0,35.38228889,-94.398780560,0,12,6,0,2,3,1,0,1,1,0,1,0,0000000,19,25,19,31,99,99,0,0,0,1,1
5,50204,2,2,0,6,149,0,27,6,2010,1,1,34,0,3,3,SR-27-10,,168,35.20244444,-93.154836110,0,12,2,0,1,1,1,0,6,1,0,1,0,0000000,1,35,1,42,99,99,0,0,0,2,1
5,50205,1,1,0,1,143,3670,27,6,2010,1,5,53,0,16,6,BUTTERFIELD COACH,QUAIL,0,36.14900278,-94.094916670,0,53,0,0,2,3,4,0,4,1,0,1,0,0000000,88,88,88,88,88,88,0,0,0,1,1
5,50206,1,1,0,1,101,0,27,6,2010,1,14,46,0,4,3,SR-21-03,,118,35.99002222,-93.418594440,0,24,0,0,1,1,4,0,1,1,0,1,0,0000000,14,47,15,16,88,88,0,0,0,1,0
5,50207,2,2,0,4,31,0,4,3,2010,5,22,40,0,6,4,CR 407,,0,35.75431389,-90.691322220,0,12,6,0,1,1,1,0,1,1,0,1,0,0000000,22,52,23,4,99,99,0,0,0,1,0
5,50208,3,2,3,4,93,0,1,7,2010,5,15,40,1,1,1,I-55-12,,620,35.87555833,-89.929533330,0,14,0,0,1,1,2,0,1,1,0,1,0,0000000,15,43,15,55,99,99,14,0,0,2,0
5,50209,2,2,0,3,135,0,1,7,2010,5,21,8,1,2,2,US-167-19,FAIRGROUND RD,189,36.18139444,-91.618422220,0,12,1,0,2,9,1,0,6,1,0,1,0,0000000,21,12,21,21,99,99,0,0,0,1,0
5,50210,3,3,0,6,29,0,2,7,2010,6,14,20,0,4,3,SR-124-03,,77,35.33686944,-92.777997220,0,12,2,0,1,1,1,0,1,1,0,1,0,0000000,14,20,14,35,99,99,2,0,0,1,0
5,50211,2,2,0,2,27,2440,2,7,2010,6,16,55,1,2,2,US-79-02,SR-98,54,33.36795556,-93.185691670,0,12,6,0,2,3,1,0,1,1,0,1,0,0000000,16,56,17,6,99,99,0,0,0,1,0
5,50212,1,1,0,4,57,0,3,7,2010,7,7,15,1,1,1,I-30-12,,359,33.73511944,-93.525666670,0,34,0,0,1,1,4,0,1,1,0,1,0,0000000,7,21,7,35,99,99,0,0,0,1,0
5,50213,1,1,0,2,135,9997,4,7,2010,1,1,18,1,2,2,US-67-17,,47,36.28863333,-91.506886110,0,11,0,0,1,1,1,0,6,1,0,1,0,0000000,1,18,1,24,88,88,0,0,0,2,0
5,50214,1,1,0,1,7,0,4,7,2010,1,14,30,0,6,4,GRAMBLING RD,,0,36.37782778,-94.293508330,0,35,0,0,1,1,4,0,1,1,0,1,0,0000000,14,36,14,46,99,99,0,0,0,1,1
5,50215,2,2,0,2,5,0,7,7,2010,4,15,45,0,3,3,SR-5-18,ROSSI RD,175,36.31759722,-92.350580560,0,12,6,0,2,3,1,0,1,1,0,1,0,0000000,88,88,88,88,88,88,0,0,0,1,0
5,50216,1,1,0,6,45,860,8,7,2010,5,19,22,1,11,1,I-40-32,,1289,35.06948611,-92.417658330,0,34,0,0,5,1,4,0,1,1,0,1,0,0000000,19,25,19,30,99,99,0,0,0,1,0
5,50217,1,1,0,1,125,330,11,7,2010,1,0,50,1,1,1,I-30-22,,1131,34.54127778,-92.640494440,0,1,0,0,1,1,3,0,6,1,0,1,0,0000000,0,56,1,8,99,99,0,0,0,1,0
5,50218,1,1,0,1,99,0,12,7,2010,2,15,40,0,4,3,SR-53-03,,189,33.44762778,-93.414258330,0,53,0,0,1,1,4,0,1,1,0,1,0,0000000,15,50,16,6,99,99,0,0,0,1,1
5,50219,2,2,0,3,61,0,12,7,2010,2,17,10,0,4,2,US-278-03,,115,34.00638889,-93.939586110,0,12,2,0,1,1,1,0,1,1,0,1,0,0000000,17,15,17,21,99,99,0,0,0,1,0
5,50220,1,1,1,2,119,2320,13,7,2010,3,0,21,1,11,1,I-30-23,,1300,34.69191944,-92.304177780,0,8,0,0,1,1,1,0,6,1,0,1,0,0000000,88,88,88,88,88,88,0,0,0,1,0
5,50221,3,3,0,3,125,330,13,7,2010,3,23,40,1,11,1,I-30-22,,1160,34.56688889,-92.600202780,0,12,1,0,1,1,1,0,6,1,0,1,0,0000000,88,88,88,88,88,88,0,0,0,1,0
5,50222,1,1,1,1,145,3530,14,7,2010,4,1,26,1,12,2,US-67-12,,197,35.23321111,-91.704175000,0,8,0,0,5,1,1,0,6,1,0,1,0,0000000,88,88,88,88,88,88,0,0,0,1,0
5,50223,1,1,0,1,33,0,15,7,2010,5,21,26,0,4,3,SR-348-01,,35,35.51841389,-94.317733330,0,32,0,0,1,1,4,0,6,1,0,1,0,0000000,21,32,21,40,99,99,0,0,0,1,0
5,50224,1,1,0,1,119,2320,16,7,2010,6,8,3,1,11,1,I-30-23,,1270,34.65003056,-92.416294440,0,24,0,0,1,1,4,0,1,1,0,1,0,0000000,8,3,8,10,88,88,20,0,0,1,0
5,50225,1,1,0,2,67,0,17,7,2010,7,2,30,0,4,2,US-367-21,,12,35.57970833,-91.347069440,0,23,0,0,1,1,4,0,6,1,0,1,0,0000000,2,54,3,5,99,99,0,0,0,1,1
5,50226,1,1,0,1,7,0,17,7,2010,7,11,49,0,6,4,HONEYCREEK RD BC 32,,0,36.45245833,-94.529586110,0,42,0,0,1,1,4,0,1,1,0,1,0,0000000,11,49,12,2,99,99,0,0,0,1,0
5,50227,1,1,0,1,149,0,17,7,2010,7,13,15,1,2,3,SR-7-12,,48,35.01840000,-93.225175000,0,1,0,0,1,1,4,0,1,1,0,1,0,0000000,13,18,13,28,99,99,0,0,0,1,0
5,50228,1,1,1,1,31,2070,17,7,2010,7,22,29,0,13,3,SR-91-02,BRIDGE ST,166,35.84516111,-90.699530560,0,8,0,0,3,2,1,0,2,1,0,1,0,0000000,22,33,22,35,99,99,0,0,0,1,0
5,50229,1,1,0,2,91,0,18,7,2010,1,0,2,0,3,3,SR-196-01,,165,33.35315000,-93.777536110,0,1,0,0,1,1,4,0,6,1,0,1,0,0000000,0,5,0,33,99,99,0,0,0,1,1
5,50230,2,2,0,2,113,0,18,7,2010,1,12,45,1,2,2,US-71-02,,212,34.43378056,-94.411438890,0,12,2,0,1,1,2,0,1,1,0,1,0,0000000,12,47,13,0,99,99,0,0,0,1,0
5,50231,1,1,0,1,83,695,18,7,2010,1,0,55,0,3,3,SR-22-03,,37,35.30146667,-93.853841670,0,59,0,0,1,1,5,0,2,1,0,1,0,0000000,88,88,88,88,88,88,0,0,0,1,1
5,50232,1,1,0,1,49,0,20,7,2010,3,19,50,1,2,2,US-62-12,,83,36.39475556,-91.998225000,0,34,0,0,1,1,4,0,1,1,0,1,0,0000000,20,4,20,7,88,88,0,0,0,1,0
5,50233,2,2,0,2,63,0,21,7,2010,4,5,30,0,6,3,SR-25-04,,51,35.72679444,-91.730775000,0,12,2,0,1,1,1,0,4,1,0,1,0,0000000,5,32,5,45,99,99,0,0,0,2,0
5,50234,1,1,0,1,143,0,22,7,2010,5,22,20,1,1,1,I-540-04,,492,35.86004722,-94.176777780,0,1,0,0,1,1,3,0,6,1,0,1,0,0000000,88,88,88,88,88,88,0,0,0,1,1
5,50235,1,1,0,1,119,2036,23,7,2010,6,19,11,0,6,6,E VALENTINE,,0,34.83582222,-92.130447220,0,1,0,0,1,1,5,0,1,1,0,1,0,0000000,19,12,19,16,99,99,0,0,0,1,1
5,50236,2,2,0,2,77,0,24,7,2010,7,1,44,0,2,2,US-79-15,,184,34.77419167,-90.799941670,0,12,7,0,1,1,1,0,6,1,0,1,0,0000000,1,44,1,49,99,99,0,0,0,1,0
5,50237,1,1,0,2,125,0,24,7,2010,7,18,24,0,6,4,THOMPSON DAIRY RD,,0,34.67327778,-92.608519440,0,38,0,0,1,1,4,0,1,1,0,1,0,0000000,18,26,18,42,99,99,0,0,0,1,1
5,50238,1,1,0,1,145,0,24,7,2010,7,19,28,0,3,3,SR-5-14,,17,35.13078889,-92.098902780,0,1,0,0,1,1,5,0,1,1,0,1,0,0000000,19,47,20,8,99,99,0,0,0,1,1