STATE,ST_CASE,VE_TOTAL,VE_FORMS,PEDS,PERSONS,COUNTY,CITY,DAY,MONTH,YEAR,DAY_WEEK,HOUR,MINUTE,NHS,ROAD_FNC,ROUTE,TWAY_ID,TWAY_ID2,MILEPT,LATITUDE,LONGITUD,SP_JUR,HARM_EV,MAN_COLL,RELJCT1,RELJCT2,TYP_INT,REL_ROAD,WRK_ZONE,LGT_COND,WEATHER1,WEATHER2,WEATHER,SCH_BUS,RAIL,NOT_HOUR,NOT_MIN,ARR_HOUR,ARR_MIN,HOSP_HR,HOSP_MN,CF1,CF2,CF3,FATALS,DRUNK_DR
5,50239,1,1,1,4,27,0,24,7,2010,7,22,28,0,4,4,COLUMBIA COUNTY RD,,0,33.14393056,-93.414902780,0,8,0,0,1,1,1,0,6,1,0,1,0,0000000,88,88,88,88,88,88,0,0,0,1,0
5,50240,2,2,0,2,35,0,25,7,2010,1,23,40,1,1,1,I-40-52,,2719,35.14616111,-90.273455560,0,12,2,0,1,1,1,0,6,1,0,1,0,0000000,23,45,0,0,99,99,99,99,99,1,1
5,50241,1,1,0,1,31,0,26,7,2010,2,5,12,0,6,4,CR  531,,0,35.92332500,-90.359888890,0,1,0,0,1,1,4,0,6,1,0,1,0,0000000,5,19,5,28,88,88,0,0,0,1,1
5,50242,1,1,0,2,33,0,29,7,2010,5,18,20,0,6,4,OLD ROUW RD,,0,35.41403889,-94.308297220,0,1,0,0,1,1,4,0,1,1,0,1,0,0000000,18,27,18,30,88,88,0,0,0,1,0
5,50243,1,1,0,2,85,660,30,7,2010,6,6,30,0,4,3,SR-13-10,WALKERS CHAPEL RD,59,34.86030000,-91.748713890,0,32,0,0,2,3,4,0,6,1,0,1,0,0000000,6,30,6,45,99,99,0,0,0,1,0
5,50244,1,1,1,1,77,0,30,7,2010,6,16,26,0,6,4,LEE COUNTY RD 407,,0,34.79390556,-90.825191670,0,8,0,0,1,1,1,0,1,1,0,1,0,0000000,16,20,16,26,99,99,0,0,0,2,0
5,50245,1,1,0,3,59,0,31,7,2010,7,0,10,0,6,4,COUNTRY CLUB RD,,0,34.27055278,-92.689633330,0,1,0,0,1,1,4,0,6,1,0,1,0,0000000,0,10,0,18,88,88,0,0,0,1,0
5,50246,2,2,0,2,137,0,31,7,2010,7,5,25,0,14,3,SR-14--07,,200,35.74550278,-91.851325000,0,12,2,0,1,1,1,0,6,1,0,1,0,0000000,88,88,88,88,88,88,0,0,0,2,0
5,50247,1,1,0,1,61,0,31,7,2010,7,13,20,0,3,3,SR-27-02,,845,33.87312222,-93.923577780,0,35,0,0,1,1,4,0,1,1,0,1,0,0000000,88,88,88,88,88,88,0,0,0,1,1
5,50248,2,2,0,2,131,1370,31,7,2010,7,15,46,0,16,6,PHOENIX AVE,SOUTH 62 ST,0,35.34841944,-94.365863890,0,12,6,0,2,3,1,0,1,1,0,1,0,0000000,15,46,15,52,99,99,0,0,0,1,0
5,50249,1,1,0,1,7,0,31,7,2010,7,16,54,0,4,4,E MCNELLY RD,SPANKER CREEK RD,0,36.43025000,-94.204583330,0,24,0,0,2,4,4,0,6,1,0,1,0,0000000,17,9,17,19,88,88,0,0,0,1,1
5,50250,1,1,0,1,15,350,19,6,2010,7,15,10,0,4,3,SR-21-05,,106,36.27469167,-93.525475000,0,35,0,0,1,1,5,0,1,1,0,1,0,0000000,15,15,15,26,88,88,0,0,0,1,1
5,50251,2,2,0,3,125,0,20,7,2010,3,11,48,0,6,4,NEWCOMB,UNK RD.,0,34.51000556,-92.726002780,0,12,6,0,2,3,1,0,1,1,0,1,0,0000000,11,49,12,9,99,99,0,0,0,1,0
5,50252,1,1,0,6,95,0,31,7,2010,7,23,25,0,4,3,SR-86-03,,41,34.66003889,-91.270552780,0,32,0,0,1,1,4,0,6,1,0,1,0,0000000,23,37,23,43,99,99,0,0,0,2,0
5,50253,1,1,0,1,131,1370,1,8,2010,1,4,51,1,11,1,I-540-01,,42,35.31484444,-94.397191670,0,25,0,0,1,1,3,0,2,1,0,1,0,0000000,88,88,88,88,88,88,0,0,0,1,1
5,50254,1,1,0,2,105,0,1,8,2010,1,19,38,0,4,3,SR-60-02,,189,34.95393333,-93.137905560,0,5,0,0,1,1,1,0,1,1,0,1,0,0000000,19,38,19,57,99,99,0,0,0,1,0
5,50255,1,1,0,1,115,0,1,8,2010,1,8,23,1,1,1,I-40-22,,916,35.24425278,-92.960644440,0,42,0,0,1,1,4,0,1,1,0,1,0,0000000,88,88,88,88,88,88,0,0,0,1,0
5,50256,1,1,0,1,73,0,2,8,2010,2,10,25,0,4,3,SR-360-01,,30,33.18593333,-93.626872220,0,34,0,0,1,1,4,0,1,1,0,1,0,0000000,10,26,10,45,88,88,0,0,0,1,0
5,50257,2,2,0,5,59,1430,2,8,2010,2,11,30,1,1,1,I-30-21,,827,34.23777778,-93.004330560,0,12,6,0,1,1,1,0,1,1,0,1,0,0000000,11,30,11,46,99,99,0,0,0,1,0
5,50258,1,1,0,1,15,9997,3,8,2010,3,14,29,0,6,6,WOODSDALE,,0,36.48161389,-93.758322220,0,32,0,0,1,1,5,0,1,1,0,1,0,0000000,14,29,14,31,88,88,0,0,0,1,1
5,50259,3,3,0,3,37,0,5,8,2010,5,17,25,1,2,3,SR-1-14,,38,35.30798056,-90.791186110,0,12,2,0,1,1,1,0,1,1,0,1,0,0000000,17,40,17,55,99,99,0,0,0,1,0
5,50260,1,1,1,1,73,3690,5,8,2010,5,22,0,0,6,6,FIRST ST,,0,33.35999722,-93.502905560,0,8,0,0,1,1,1,0,6,1,0,1,0,0000000,22,7,22,19,99,99,0,0,0,1,1
5,50261,1,1,0,1,97,0,6,8,2010,6,14,30,0,3,3,SR-8-02,,272,34.34400278,-93.560341670,0,1,0,0,1,1,4,0,1,2,0,2,0,0000000,14,35,14,38,99,99,0,0,0,1,0
5,50262,2,2,0,2,21,0,6,8,2010,6,17,18,1,2,2,US-67-20,,5,36.36386667,-90.747605560,0,12,8,0,1,1,1,0,1,1,0,1,0,0000000,88,88,88,88,88,88,0,0,0,1,0
5,50263,1,1,1,1,69,3150,6,8,2010,6,23,55,0,6,6,W HEPBURN AVE,S LARCH ST,0,34.21776389,-92.038136110,0,8,0,0,2,3,1,0,6,1,0,1,0,0000000,23,57,0,3,88,88,0,0,0,1,0
5,50264,1,1,0,2,1,0,7,8,2010,7,11,15,0,6,4,ALMYRA AIRPORT RD.,,0,34.41696389,-91.467886110,0,34,0,0,1,1,4,0,1,99,0,99,0,0000000,88,88,88,88,88,88,0,0,0,2,0
5,50265,1,1,0,1,57,1890,7,8,2010,7,20,50,0,16,6,HENRY C. YERGER ST.,,0,33.66312222,-93.585019440,0,30,0,0,1,1,4,0,3,1,0,1,0,0000000,88,88,88,88,88,88,0,0,0,1,1
5,50266,2,2,0,5,7,0,8,8,2010,1,2,12,1,2,2,US-412-01,CHAMBER SPRINGS,79,36.17167778,-94.433647220,0,12,6,0,2,2,1,0,6,1,0,1,0,0000000,2,14,2,24,99,99,0,0,0,2,1
5,50267,1,1,0,1,45,860,8,8,2010,1,7,39,0,6,6,HARDY ST,SO ASH ST,0,35.07250556,-92.447247220,0,32,0,0,2,2,4,0,1,1,0,1,0,0000000,7,42,7,46,99,99,0,0,0,1,0
5,50268,2,2,0,2,45,860,9,8,2010,2,13,50,0,6,6,PRINCE ST,CHAPEL GREEK DRIVE,0,35.08402500,-92.463169440,0,12,1,0,2,3,1,0,1,1,0,1,0,0000000,13,52,13,54,99,99,0,0,0,1,0
5,50269,1,1,0,1,7,0,14,8,2010,7,99,99,0,4,3,SR-94-01,,40,36.35550278,-94.116311110,0,34,0,0,1,1,4,0,9,1,0,1,0,0000000,88,88,88,88,88,88,0,0,0,1,0
5,50270,2,2,0,6,67,304,17,8,2010,3,6,21,0,4,3,SR-37-02,,33,35.40108333,-91.128952780,0,12,1,0,4,1,1,0,1,1,0,1,0,0000000,88,88,88,88,88,88,0,0,0,1,0
5,50271,2,2,0,2,45,0,18,8,2010,4,13,5,1,2,2,US-64-09,,100,35.08415000,-92.265544440,0,12,2,0,1,1,1,0,1,1,0,1,0,0000000,13,5,13,13,99,99,0,0,0,1,0
5,50272,2,2,0,2,59,0,18,8,2010,4,16,35,1,1,1,I-30-21,,1040,34.43721389,-92.780786110,0,12,6,0,1,1,1,0,1,1,0,1,0,0000000,88,88,88,88,88,88,0,0,0,1,0
5,50273,1,1,0,1,45,0,18,8,2010,4,22,20,0,4,3,SR-25-01,,103,35.33399722,-92.254086110,0,1,0,0,1,1,5,0,6,1,0,1,0,0000000,22,37,22,59,99,99,0,0,0,1,1
5,50274,2,2,0,2,119,9997,18,8,2010,4,23,10,0,6,6,3M RD.,,0,34.70796389,-92.230802780,0,12,2,0,1,1,1,0,6,1,0,1,0,0000000,88,88,88,88,88,88,0,0,0,1,2
5,50275,2,2,0,2,145,0,19,8,2010,5,16,25,0,4,3,SR-36-03,,96,35.27701667,-91.935438890,0,12,2,0,1,1,1,0,1,1,0,1,0,0000000,88,88,88,88,88,88,0,0,0,1,1
5,50276,1,1,0,2,31,0,20,8,2010,6,7,20,0,6,4,COUNTY RD 357,,0,35.89235278,-90.792216670,0,10,0,0,6,1,1,0,1,1,0,1,0,668069T,7,35,7,47,88,88,0,0,0,2,0
5,50277,1,1,0,1,103,0,20,8,2010,6,17,30,0,5,3,SR-376-00,,81,33.48808056,-92.839280560,0,34,0,0,1,1,4,0,1,1,0,1,0,0000000,17,33,17,43,88,88,0,0,0,1,1
5,50278,2,2,0,4,51,0,21,8,2010,7,14,50,0,3,3,SR-7-09,,40,34.42974444,-93.084950000,0,12,2,0,1,1,1,0,1,1,0,1,0,0000000,14,53,15,0,99,99,0,0,0,1,0
5,50279,2,2,0,5,7,0,21,8,2010,7,15,8,0,4,3,SR-127-04,,24,36.44617778,-93.968297220,0,12,2,0,1,1,1,0,1,1,0,1,0,0000000,5,13,5,48,99,99,0,0,0,1,1
5,50280,2,2,0,3,105,0,21,8,2010,7,21,31,0,3,3,SR-60-01,,130,35.03424722,-92.696155560,0,12,8,0,1,1,1,0,6,1,0,1,0,0000000,21,31,21,46,99,99,0,0,0,1,1
5,50281,1,1,0,1,19,4150,23,8,2010,2,8,0,0,3,3,SR-53-01,,68,33.83316111,-93.127811110,0,42,0,0,1,1,4,0,1,1,0,1,0,0000000,88,88,88,88,88,88,0,0,0,1,0
5,50282,1,1,0,6,35,0,23,8,2010,2,14,25,0,3,3,SR-50-02,,25,35.02403889,-90.369222220,0,1,0,0,1,1,1,0,1,1,0,1,0,0000000,2,27,2,45,99,99,0,0,0,1,0
5,50283,1,1,0,1,121,0,23,8,2010,2,22,0,0,6,4,OAK RIDGE CENTRAL RD,,0,36.40974722,-91.153822220,0,42,0,0,1,1,4,0,6,1,0,1,0,0000000,9,51,10,22,88,88,0,0,0,1,0
5,50284,2,2,0,2,61,0,24,8,2010,3,5,55,0,3,2,US-70-03,,10,34.09567222,-94.073311110,0,12,2,0,1,1,1,0,6,1,0,1,0,0000000,88,88,88,88,88,88,0,0,0,1,0
5,50285,3,3,0,4,119,2320,25,8,2010,4,7,20,1,11,1,I-430-21,,79,34.77143333,-92.389858330,0,12,6,0,1,1,1,0,1,1,0,1,0,0000000,7,20,7,26,99,99,0,0,0,1,0
5,50286,2,2,0,5,133,0,27,8,2010,6,0,32,1,2,2,US-71-07,,14,34.06508611,-94.325438890,0,12,2,0,1,1,1,0,6,1,0,1,0,0000000,0,33,0,40,99,99,0,0,0,1,0
5,50287,1,1,0,1,123,0,27,8,2010,6,14,10,1,1,1,I-40-51,,2599,35.13275556,-90.486188890,0,58,0,0,5,1,4,0,1,1,0,1,0,0000000,14,15,14,28,99,99,0,0,0,1,1
5,50288,1,1,0,2,27,0,27,8,2010,6,23,45,0,2,2,US-79-02,,58,33.38696667,-93.159450000,0,34,0,0,1,1,4,0,6,1,0,1,0,0000000,23,51,0,0,99,99,0,0,0,2,1
5,50289,1,1,0,1,129,0,28,8,2010,7,11,30,0,4,3,SR-27-17,,0,35.94083611,-92.611441670,0,32,0,0,1,1,4,0,1,1,0,1,0,0000000,88,88,88,88,88,88,0,0,0,1,0
5,50290,2,2,0,3,29,3645,28,8,2010,7,22,58,0,4,3,SR-287-05,,18,35.28370278,-92.681169440,0,12,2,0,1,1,1,0,6,1,0,1,0,0000000,23,3,23,21,99,99,2,0,0,1,0
5,50291,1,1,0,1,53,3550,29,8,2010,1,4,15,0,2,2,US-270-10,,76,34.31315278,-92.259491670,0,32,0,0,1,1,4,0,6,1,0,1,0,0000000,4,34,4,40,99,99,0,0,0,1,0
5,50292,2,2,0,3,15,1280,29,8,2010,1,10,20,0,3,2,US-62-03,,102,36.40655278,-93.758288890,0,12,8,0,1,1,1,0,1,1,0,1,0,0000000,10,25,10,27,88,88,0,0,0,1,1
5,50293,1,1,0,7,15,0,29,8,2010,1,18,21,0,4,3,SR-221-01,,15,36.41181944,-93.561372220,0,18,0,0,1,1,4,0,1,1,0,1,0,0000000,18,25,18,31,99,99,0,0,0,3,1
5,50294,1,1,0,1,31,0,15,5,2010,7,99,99,0,6,4,CR 516,,0,35.91859167,-90.318141670,0,34,0,0,1,1,4,0,6,1,0,1,0,0000000,3,5,3,13,99,99,0,0,0,1,0
5,50295,2,2,0,3,131,1370,25,5,2010,3,13,15,1,13,3,SR-22-01,SO 70TH,44,35.35430000,-94.355263890,0,12,6,0,2,2,1,0,1,1,0,1,0,0000000,13,17,13,18,99,99,0,0,0,1,0
5,50296,2,2,0,2,119,2320,26,7,2010,2,6,12,0,16,6,E. ROOSEVELT RD.,,0,34.72170278,-92.189250000,0,12,99,0,8,1,1,0,1,1,0,1,0,0000000,6,13,6,20,99,99,0,0,0,1,0
5,50297,1,1,0,5,119,2880,1,8,2010,1,14,3,0,16,6,BATESVILLE PK,,0,34.85360000,-92.254138890,0,32,0,0,1,1,4,0,1,1,0,1,0,0000000,14,5,14,12,99,99,0,0,0,1,0
5,50298,1,1,0,1,51,1907,1,9,2010,4,3,1,0,13,3,SR-7-09,CRESTWOOD ST,91,34.48680278,-93.059275000,0,43,0,0,2,3,5,0,6,1,0,1,0,0000000,3,1,3,5,88,88,0,0,0,1,1
5,50299,1,1,0,2,45,9999,1,9,2010,4,19,55,0,4,3,SR-287-01,,48,35.18266667,-92.277194440,0,11,0,0,1,1,1,0,6,1,0,1,0,0000000,20,11,20,34,99,99,0,0,0,1,0
5,50300,2,2,0,2,41,2420,2,9,2010,5,16,30,0,4,3,SR-4-17,,5,33.60765000,-91.366597220,0,12,6,0,4,1,1,0,1,1,0,1,0,0000000,16,32,16,37,99,99,0,0,0,1,0
5,50301,1,1,0,1,145,0,3,9,2010,6,13,34,0,4,4,STONEY POINT CHURCH,,0,35.08715000,-91.944922220,0,53,0,0,1,1,4,0,1,1,0,1,0,0000000,13,36,13,44,88,88,0,0,0,1,0
5,50302,1,1,0,1,139,0,6,9,2010,2,0,45,1,2,2,US-167-00,PINE CREST RD,127,33.16652778,-92.631741670,0,5,0,0,3,3,2,0,6,1,0,1,0,0000000,0,45,1,0,99,99,0,0,0,1,1
5,50303,2,2,0,3,63,0,7,9,2010,3,15,4,0,3,3,SR-25-04,,76,35.74085278,-91.690327780,0,12,2,0,1,1,1,0,1,2,0,2,0,0000000,15,4,15,13,99,99,0,0,0,1,0
5,50304,2,2,0,5,69,3150,8,9,2010,4,14,49,0,16,6,W. 13TH AVE,S. MYRTLE ST,0,34.21641667,-92.036000000,0,12,6,0,2,3,1,0,1,1,0,1,0,0000000,14,52,15,0,99,99,0,0,0,1,0
5,50305,1,1,1,1,117,0,8,9,2010,4,23,15,1,1,1,I-40-42,,0,34.83966667,-91.456875000,0,8,0,1,5,1,1,0,6,1,0,1,0,0000000,88,88,88,88,88,88,0,0,0,1,0
5,50306,2,2,0,2,71,800,10,9,2010,6,5,38,0,3,3,SR-109-04,,8,35.42495556,-93.529572220,0,12,6,0,1,1,1,0,6,5,0,5,0,0000000,5,40,5,45,88,88,0,0,0,1,0
5,50307,1,1,0,2,1,0,11,9,2010,7,4,5,0,4,3,SR-130-06,,42,34.47752500,-91.479044440,0,34,0,0,1,1,4,0,6,1,0,1,0,0000000,4,32,5,15,99,99,0,0,0,1,1
5,50308,2,2,0,2,5,0,11,9,2010,7,9,55,0,4,3,SR-341-00,,25,36.03416667,-92.360041670,0,12,8,0,1,1,1,0,1,1,0,1,0,0000000,88,88,88,88,88,88,0,0,0,1,0
5,50309,3,3,0,4,123,0,11,9,2010,7,14,45,1,1,1,I-40-51,,2537,35.10153056,-90.599011110,0,12,2,0,1,1,1,0,1,1,0,1,0,0000000,14,50,15,9,99,99,0,0,0,3,0
5,50310,1,1,0,1,51,1907,11,9,2010,7,17,40,1,12,2,US-270-05,,182,34.49231944,-93.112866670,0,99,99,0,5,1,4,0,1,1,0,1,0,0000000,17,40,17,45,99,99,0,0,0,1,0
5,50311,1,1,0,1,11,0,11,9,2010,7,20,40,0,4,4,BRADLEY CO RD 4,,0,33.35365278,-92.199347220,0,34,0,0,1,1,4,0,6,1,0,1,0,0000000,88,88,88,88,88,88,0,0,0,1,1
5,50312,1,1,1,1,145,0,12,9,2010,1,5,5,0,4,3,SR-87-01,,24,35.43241389,-91.479905560,0,8,0,0,1,1,1,0,6,1,0,1,0,0000000,88,88,88,88,88,88,0,0,0,1,0
5,50313,1,1,0,2,41,0,12,9,2010,1,11,25,0,4,3,SR-212-06,,20,33.98283333,-91.440411110,0,18,0,0,1,1,2,0,1,1,0,1,0,0000000,11,25,11,46,88,88,0,0,0,1,0
5,50314,3,3,0,8,45,0,12,9,2010,1,12,39,1,2,2,US-64-09,,81,35.08420278,-92.265961110,0,12,6,0,1,1,1,0,1,1,0,1,0,0000000,12,35,12,44,99,99,13,0,0,4,0
5,50315,1,1,0,1,51,0,13,9,2010,2,9,9,1,2,2,US-270-05,,141,34.50950833,-93.174491670,0,35,0,0,1,1,4,0,1,1,0,1,0,0000000,9,9,9,9,99,99,0,0,0,1,0
5,50316,1,1,0,1,85,0,13,9,2010,2,12,14,0,13,3,SR-38-00,,30,34.98685833,-91.953827780,0,34,0,0,1,1,4,0,1,1,0,1,0,0000000,88,88,88,88,88,88,0,0,0,1,0
5,50317,2,2,0,3,119,2320,13,9,2010,2,15,14,1,11,1,I-30-23,,1271,34.65079167,-92.415447220,0,12,7,0,1,1,1,0,1,1,0,1,0,0000000,15,11,15,17,99,99,0,0,0,1,1
5,50318,1,1,0,1,125,0,13,9,2010,2,18,20,0,4,4,CONGO RD.,,0,34.65523889,-92.579061110,0,30,0,0,1,1,4,0,1,1,0,1,0,0000000,18,27,18,35,99,99,0,0,0,1,1
5,50319,1,1,0,2,45,0,14,9,2010,3,14,28,0,6,4,DALTON RD.,,0,35.21081389,-92.150813890,0,34,0,0,1,1,4,0,1,1,0,1,0,0000000,14,29,14,46,99,99,2,0,0,1,0
5,50320,1,1,0,1,139,3720,14,9,2010,3,15,0,0,6,4,NEW LONDON RD.,,0,33.12029167,-92.343138890,0,42,0,0,1,1,4,0,1,1,0,1,0,0000000,88,88,88,88,88,88,0,0,0,1,0
5,50321,1,1,0,1,145,0,14,9,2010,3,16,25,1,2,2,US-67-13,,117,35.33975556,-91.529427780,0,21,0,0,1,1,4,0,1,1,0,1,0,0000000,88,88,88,88,88,88,0,0,0,1,1
5,50322,2,2,0,2,115,3450,15,9,2010,4,9,30,0,13,2,US-64-06,,129,35.27794444,-93.096750000,0,12,6,0,4,1,1,0,1,1,0,1,0,0000000,9,30,9,34,99,99,0,0,0,1,0
5,50323,1,1,0,2,93,0,15,9,2010,4,10,30,1,1,1,I-55-12,,382,35.57538333,-90.138402780,0,51,0,0,1,1,1,0,1,1,0,1,0,0000000,10,40,10,51,99,99,0,0,0,1,0
5,50324,1,1,0,1,91,0,15,9,2010,4,16,4,0,4,3,SR-160-00,CR 161,14,33.11203333,-93.984797220,0,1,0,0,2,4,5,0,1,1,0,1,0,0000000,16,10,16,24,88,88,0,0,0,1,0
5,50325,1,1,0,1,127,0,15,9,2010,4,17,5,0,6,6,SWIFT BENT,,0,34.87578333,-94.000644440,0,34,0,0,1,1,4,0,1,1,0,1,0,0000000,17,8,17,25,99,99,0,0,0,1,1
5,50326,2,2,0,2,119,2880,15,9,2010,4,17,30,1,11,1,I-430-21,,116,34.80983056,-92.357758330,0,12,2,0,1,1,1,0,1,1,0,1,0,0000000,17,29,17,35,99,99,0,0,0,1,1
5,50327,1,1,0,3,149,0,15,9,2010,4,20,47,0,4,3,SR-28-03,,196,34.94528889,-93.414955560,0,42,0,0,1,1,4,0,6,1,0,1,0,0000000,20,54,21,12,99,99,0,0,0,2,1
5,50328,1,1,0,1,35,0,15,9,2010,4,22,0,1,11,1,I-40-52,,2842,35.15315000,-90.095338890,0,1,0,0,1,1,1,0,6,1,0,1,0,0000000,88,88,88,88,88,88,0,0,0,1,1
5,50329,1,1,0,1,37,0,16,9,2010,5,12,39,0,4,3,SR-42-03,,52,35.37519444,-90.704241670,0,1,0,0,1,1,4,0,1,1,0,1,0,0000000,12,30,12,50,88,88,0,0,0,1,0
5,50330,2,2,0,3,91,0,17,9,2010,6,3,0,1,1,1,I-30-11,,83,33.52333056,-93.930358330,0,12,2,0,1,1,1,0,6,1,0,1,0,0000000,2,58,3,8,99,99,0,0,0,1,1
5,50331,1,1,0,1,79,3700,18,9,2010,7,6,30,0,6,4,JAMES RD.,,0,33.85421111,-91.940161110,0,23,0,0,1,1,4,0,1,1,0,1,0,0000000,88,88,88,88,88,88,0,0,0,1,1
5,50332,1,1,0,2,87,0,18,9,2010,7,9,10,0,3,3,SR-23-08,,2490,36.04729444,-93.717327780,0,35,0,0,1,1,4,0,1,1,0,1,0,0000000,9,12,9,19,99,99,0,0,0,1,0
5,50333,3,3,0,3,25,0,18,9,2010,7,9,10,1,2,2,US-167-08,,71,34.05493611,-92.409952780,0,12,8,0,1,1,1,0,1,1,0,1,0,0000000,9,10,9,20,99,99,0,0,0,1,0
5,50334,1,1,0,1,143,3670,18,9,2010,7,18,2,0,6,6,BARCELONA,,0,36.20048889,-94.160369440,0,33,0,0,1,1,4,0,1,1,0,1,0,0000000,18,2,18,4,99,99,0,0,0,1,0
5,50335,1,1,0,2,143,0,18,9,2010,7,20,50,0,6,4,CR 110,,0,35.83496667,-94.007736110,0,42,0,0,1,1,4,0,6,1,0,1,0,0000000,20,56,21,31,99,99,0,0,0,1,0
5,50336,1,1,0,1,121,0,18,9,2010,7,99,99,0,4,3,SR-90-07,,105,36.28389444,-91.251411110,0,34,0,0,1,1,4,0,6,1,0,1,0,0000000,88,88,88,88,88,88,0,0,0,1,1
5,50337,1,1,0,2,67,0,21,9,2010,3,17,51,0,6,4,CR 71,,0,35.86496111,-91.172897220,0,32,0,0,1,1,4,0,1,1,0,1,0,0000000,18,15,18,30,99,99,0,0,0,1,0
5,50338,1,1,0,1,101,0,22,9,2010,4,16,44,0,4,3,SR-740-05,CR-144,123,36.00300833,-93.313322220,0,59,0,0,2,3,4,0,1,1,0,1,0,0000000,16,41,16,50,99,99,0,0,0,1,0
5,50339,1,1,0,1,53,3550,23,9,2010,5,15,4,0,4,3,SR-46-02,,187,34.29828056,-92.410297220,0,42,0,0,1,1,5,0,1,1,0,1,0,0000000,15,4,15,7,99,99,0,0,0,1,0
5,50340,1,1,0,1,91,3810,23,9,2010,5,17,24,1,12,3,SR-245 LOOP,GENOA RD.,34,33.41305278,-94.005875000,0,39,0,0,5,1,3,0,1,1,0,1,0,0000000,17,22,17,30,99,99,20,0,0,1,0
5,50341,3,3,0,4,125,0,24,9,2010,6,15,45,1,2,2,US-70-10,,51,34.52779167,-92.680213890,0,12,2,0,1,1,1,0,1,1,0,1,0,0000000,15,47,15,58,99,99,0,0,0,1,0
5,50342,1,1,0,1,125,0,24,9,2010,6,21,37,0,6,4,FAIRPLAY RD.,,0,34.48630833,-92.722850000,0,42,0,0,1,1,5,0,6,1,0,1,0,0000000,21,38,21,51,88,88,0,0,0,1,1
5,50343,1,1,0,1,75,0,24,9,2010,6,23,56,0,4,3,SR-230-06,,17,35.89715000,-90.952977780,0,1,0,0,1,1,4,0,6,1,0,1,0,0000000,0,7,0,44,88,88,0,0,0,1,1
5,50344,1,1,0,3,137,0,25,9,2010,7,0,35,0,3,3,SR-14-07,,53,35.85886667,-92.032127780,0,32,0,0,1,1,4,0,6,5,0,5,0,0000000,1,2,1,31,88,88,20,0,0,3,1
5,50345,2,2,0,2,37,3070,25,9,2010,7,16,55,0,4,3,SR-75-02,,84,35.27085000,-90.556097220,0,12,2,0,1,1,1,0,1,1,0,1,0,0000000,16,56,17,11,99,99,0,0,0,1,0
5,50346,1,1,0,5,139,3720,25,9,2010,7,23,50,0,6,4,NEW LONDON RD.,,0,33.12851389,-92.338897220,0,42,0,0,1,1,5,0,3,2,0,2,0,0000000,23,58,0,18,99,99,0,0,0,1,0
5,50347,2,2,0,3,119,2320,26,9,2010,1,2,0,0,16,6,8TH STREET,MAIN ST,0,34.74115833,-92.271669440,0,12,6,0,2,2,1,0,2,1,0,1,0,0000000,1,59,2,5,99,99,0,0,0,1,1
5,50348,1,1,0,2,129,0,27,9,2010,2,11,22,0,3,3,SR-14-04,,140,35.99043889,-92.429522220,0,1,0,0,1,1,4,0,1,1,0,1,0,0000000,11,22,12,3,99,99,0,0,0,1,0
5,50349,2,2,0,3,43,0,27,9,2010,2,15,26,1,2,2,US-425-04,SR-35,27,33.64649167,-91.801758330,0,12,6,1,2,3,1,0,1,1,0,1,0,0000000,15,30,15,35,99,99,0,0,0,1,0
5,50350,2,2,0,2,117,1845,28,9,2010,3,10,15,0,3,3,SR-38-01,SR-13,40,34.98873056,-91.737041670,0,12,6,1,2,2,1,0,1,1,0,1,0,0000000,10,16,10,26,99,99,0,0,0,1,0
5,50351,1,1,0,1,123,0,28,9,2010,3,14,10,1,1,1,I-40-51,,2222,34.93231667,-91.085844440,0,1,0,0,1,1,5,0,1,1,0,1,0,0000000,14,10,14,30,99,99,0,0,0,1,0
5,50352,3,1,0,2,45,2600,30,9,2010,5,1,36,1,1,1,I-40-32,,1341,34.97937778,-92.416991670,0,14,0,1,5,1,5,0,6,1,0,1,0,0000000,1,40,1,55,88,88,0,0,0,1,0
5,50353,2,2,0,2,17,0,30,9,2010,5,7,58,1,2,2,US-82-10,,33,33.30538889,-91.405350000,0,12,6,0,8,1,1,0,1,1,0,1,0,0000000,88,88,88,88,88,88,0,0,0,1,0
5,50354,2,2,0,3,7,0,30,9,2010,5,16,34,0,4,3,SR-12-03,,198,36.24143889,-93.904280560,0,12,6,0,1,1,1,0,1,1,0,1,0,0000000,16,26,16,55,99,99,0,0,0,1,0
5,50355,2,2,0,2,121,0,2,9,2010,5,17,13,0,4,3,SR-166-00,,22,36.19037222,-91.051413890,0,12,8,0,1,1,1,0,1,1,0,1,0,0000000,19,13,19,23,99,99,0,0,0,1,0
5,50356,1,1,0,3,93,1040,5,9,2010,1,5,26,0,2,3,SR-18-06,,99,35.86933333,-90.014505560,0,34,0,0,1,1,5,0,6,1,0,1,0,0000000,5,28,5,39,99,99,0,0,0,1,0
5,50357,1,1,0,1,35,0,2,10,2010,7,3,19,0,4,3,SR-50-04,,84,35.30695556,-90.250550000,0,34,0,0,1,1,4,0,6,1,0,1,0,0000000,88,88,88,88,88,88,0,0,0,1,1
5,50358,1,1,0,3,139,0,2,10,2010,7,17,6,0,4,3,SR-160-05,,28,33.31790556,-92.910947220,0,52,0,0,1,1,4,0,1,1,0,1,0,0000000,17,6,17,22,99,99,0,0,0,1,0
5,50359,1,1,0,2,133,0,2,10,2010,7,21,1,1,2,2,US-71-06,,65,34.04624167,-94.219394440,0,1,0,0,1,1,1,0,6,1,0,1,0,0000000,21,1,21,13,99,99,0,0,0,1,0
5,50360,1,1,0,1,119,0,2,10,2010,7,19,8,0,6,4,BATESVILLE PK,,0,34.94875278,-92.188038890,0,32,0,0,1,1,4,0,5,1,0,1,0,0000000,19,11,19,14,88,88,0,0,0,1,1
5,50361,2,2,1,2,7,355,2,10,2010,7,23,20,0,13,2,US-71-18B,,10,36.23465833,-94.137263890,0,8,0,0,1,1,1,0,6,1,0,1,0,0000000,23,28,23,36,88,88,0,0,0,1,0