STATE,ST_CASE,VE_TOTAL,VE_FORMS,PEDS,PERSONS,COUNTY,CITY,DAY,MONTH,YEAR,DAY_WEEK,HOUR,MINUTE,NHS,ROAD_FNC,ROUTE,TWAY_ID,TWAY_ID2,MILEPT,LATITUDE,LONGITUD,SP_JUR,HARM_EV,MAN_COLL,RELJCT1,RELJCT2,TYP_INT,REL_ROAD,WRK_ZONE,LGT_COND,WEATHER1,WEATHER2,WEATHER,SCH_BUS,RAIL,NOT_HOUR,NOT_MIN,ARR_HOUR,ARR_MIN,HOSP_HR,HOSP_MN,CF1,CF2,CF3,FATALS,DRUNK_DR
5,50362,1,1,0,1,87,0,2,10,2010,7,23,37,0,3,3,SR-23-09,,135,36.25296111,-93.739472220,0,53,0,0,1,1,4,0,6,1,0,1,0,0000000,88,88,88,88,88,88,0,0,0,1,1
5,50363,1,1,0,2,143,1310,3,10,2010,1,1,47,0,14,3,SR-112-00,W. ATHLETIC DR.,23,36.05290556,-94.180786110,0,43,0,0,2,3,3,0,3,1,0,1,0,0000000,1,47,1,54,99,99,0,0,0,1,1
5,50364,1,1,0,2,147,0,3,10,2010,1,3,20,0,3,2,US-49-07,,80,35.09599167,-91.102913890,0,23,0,0,1,1,4,0,6,1,0,1,0,0000000,3,26,3,45,99,99,0,0,0,1,0
5,50365,1,1,0,1,93,0,3,10,2010,1,4,55,0,6,4,CR 230,CR 647,0,35.90791944,-89.936597220,0,34,0,0,2,2,4,0,6,1,0,1,0,0000000,5,1,5,11,88,88,0,0,0,1,1
5,50366,1,1,0,1,63,0,3,10,2010,1,19,58,0,4,3,SR-37-06,,20,35.79317222,-91.314066670,0,34,0,0,1,1,4,0,6,1,0,1,0,0000000,19,58,20,22,99,99,0,0,0,1,0
5,50367,2,2,0,2,69,0,4,10,2010,2,13,22,1,1,1,I-530-05,,227,34.40328056,-92.185988890,0,12,8,0,1,1,1,0,1,1,0,1,0,0000000,13,23,13,38,99,99,0,0,0,1,1
5,50368,1,1,0,2,89,0,4,10,2010,2,14,0,0,4,3,SR-202-00,,32,36.25664444,-92.660300000,0,24,0,0,1,1,4,0,1,1,0,1,0,0000000,14,5,14,14,99,99,0,0,0,1,0
5,50369,2,2,0,2,77,0,4,10,2010,2,17,48,1,2,3,SR-1-10,,41,34.83462500,-90.796552780,0,12,2,0,1,1,1,1,1,1,0,1,0,0000000,17,50,17,54,99,99,0,0,0,1,0
5,50370,2,2,0,3,7,0,5,10,2010,3,18,37,1,2,2,US-412-01,,130,36.17758333,-94.346466670,0,34,0,0,1,1,5,0,1,1,0,1,0,0000000,18,41,18,51,99,99,2,0,0,1,0
5,50371,2,2,0,4,3,0,6,10,2010,4,12,28,0,4,3,SR-52-00,,10,33.16747222,-91.940116670,0,12,6,0,1,1,1,0,1,1,0,1,0,0000000,12,28,99,99,99,99,0,0,0,1,0
5,50372,1,1,1,1,51,1912,8,10,2010,6,10,46,0,16,6,MALVERN,JEFFERSON,0,34.50446944,-93.048363890,0,8,0,0,3,2,1,0,1,1,0,1,0,0000000,10,48,10,49,99,99,0,0,0,1,0
5,50373,2,2,0,3,105,0,8,10,2010,6,16,45,0,2,3,SR-7-11,,64,34.80450000,-93.109988890,0,1,0,0,1,1,1,0,1,1,0,1,0,0000000,88,88,88,88,88,88,0,0,0,2,0
5,50374,1,1,0,1,115,0,9,10,2010,7,18,36,0,6,4,ROCK HOLLOW RD.,,0,35.42897778,-92.979602780,0,38,0,0,1,1,4,0,1,1,0,1,0,0000000,18,37,18,55,99,99,0,0,0,1,0
5,50375,1,1,0,1,115,0,10,10,2010,1,4,29,0,3,3,SR-7-15,,131,35.48069722,-93.135138890,0,35,0,0,1,1,5,0,2,1,0,1,0,0000000,88,88,88,88,88,88,20,0,0,1,1
5,50376,1,1,0,1,105,3120,10,10,2010,1,15,15,0,3,3,SR-9-06,,148,35.02946944,-92.792544440,0,34,0,0,1,1,4,0,1,1,0,1,0,0000000,88,88,88,88,88,88,0,0,0,1,0
5,50377,1,1,0,1,79,0,10,10,2010,1,22,0,1,2,2,US-425-05,,81,33.88573611,-91.851905560,0,32,0,0,1,1,4,0,6,1,0,1,0,0000000,88,88,88,88,88,88,0,0,0,1,0
5,50378,1,1,0,1,53,0,11,10,2010,2,8,38,1,2,2,US-167-11,CR 167031,79,34.42246944,-92.369033330,0,35,0,0,2,3,4,0,1,1,0,1,0,0000000,8,43,8,48,88,88,0,0,0,1,0
5,50379,2,2,0,3,141,0,11,10,2010,2,12,40,1,2,2,US-65-08,SR-124 E.,162,35.38871667,-92.388733330,0,72,0,0,2,3,2,0,1,1,0,1,0,0000000,12,48,12,58,99,99,0,0,0,2,0
5,50380,2,2,0,2,31,2070,12,10,2010,3,7,52,0,13,3,SR-91-02,CARAWAY RD.,180,35.84750833,-90.677000000,0,12,6,0,2,2,1,0,1,1,0,1,0,0000000,7,55,8,0,99,99,0,0,0,1,0
5,50381,2,2,0,2,103,0,12,10,2010,3,10,5,1,2,3,SR-7-03,SR-376,101,33.50375833,-92.836788890,0,12,6,0,2,2,1,0,1,1,0,1,0,0000000,10,8,10,15,99,99,0,0,0,1,0
5,50382,1,1,0,2,21,0,12,10,2010,3,19,35,0,3,3,SR-49-01,,13,36.31021389,-90.221186110,0,1,0,0,1,1,2,0,6,2,0,2,0,0000000,19,35,19,49,99,99,0,0,0,1,0
5,50383,1,1,0,1,117,0,13,10,2010,4,10,0,1,1,1,I-40-42,,2007,34.81886667,-91.557869440,0,34,0,0,1,1,4,0,1,1,0,1,0,0000000,10,1,10,19,99,99,0,0,0,1,0
5,50384,2,2,0,5,31,0,16,10,2010,7,16,40,0,2,3,SR-18-04,,180,35.84067222,-90.405336110,0,12,6,0,1,1,1,0,1,1,0,1,0,0000000,16,48,17,4,99,99,0,0,0,1,0
5,50385,2,2,0,3,143,1212,16,10,2010,7,19,5,0,14,3,SR-16-03,,122,36.03004722,-94.028677780,0,12,2,0,1,1,1,0,5,1,0,1,0,0000000,99,99,99,99,99,99,0,0,0,1,1
5,50386,2,1,0,2,119,2320,16,10,2010,7,22,35,1,11,1,I-430-21,,7,34.67094722,-92.406369440,0,14,0,0,1,1,2,0,6,1,0,1,0,0000000,22,38,22,44,99,99,0,0,0,1,1
5,50387,1,1,0,1,119,2320,17,10,2010,1,6,1,0,13,2,US-70-12,,37,34.72141944,-92.329361110,0,43,0,0,1,1,4,0,4,1,0,1,0,0000000,5,59,6,3,99,99,0,0,0,1,0
5,50388,1,1,0,1,1,0,17,10,2010,1,6,0,0,6,4,SHANNON RD.,TINDALL DRIER RD.,0,34.43493056,-91.524116670,0,34,0,0,2,3,4,0,6,1,0,1,0,0000000,88,88,88,88,88,88,0,0,0,1,1
5,50389,1,1,0,1,89,0,17,10,2010,1,12,55,0,3,3,SR-14-03,,19,36.19725556,-92.674313890,0,35,0,0,1,1,5,0,1,1,0,1,0,0000000,3,0,3,4,99,99,0,0,0,1,0
5,50390,1,1,0,1,83,0,17,10,2010,1,17,37,0,6,4,LOGAN HALL RD,TATE RD,0,35.06829167,-93.982458330,0,35,0,0,3,3,4,0,1,1,0,1,0,0000000,17,50,18,25,88,88,0,0,0,1,1
5,50391,1,1,0,1,39,0,18,10,2010,2,0,20,0,3,3,SR-08-08,,17,33.80211667,-92.377680560,0,34,0,0,1,1,5,0,6,1,0,1,0,0000000,0,30,0,34,99,99,0,0,0,1,0
5,50392,2,2,0,2,119,2320,18,10,2010,2,15,8,0,16,6,MISSISSIPPI ST,,0,34.76425000,-92.358413890,0,42,0,0,1,1,3,0,1,1,0,1,0,0000000,15,8,15,10,99,99,0,0,0,1,0
5,50393,1,1,0,2,35,0,18,10,2010,2,19,41,0,4,3,SR-149-05,,112,35.41166667,-90.411666670,0,1,0,0,1,1,1,0,6,1,0,1,0,0000000,19,47,20,9,99,99,0,0,0,1,1
5,50394,1,1,0,1,63,0,20,10,2010,4,11,27,0,4,3,SR-394-00,,37,35.72512222,-91.546711110,0,1,0,0,1,1,4,0,1,1,0,1,0,0000000,11,36,11,45,99,99,0,0,0,1,0
5,50395,1,1,0,1,113,0,20,10,2010,4,15,12,0,4,3,SR-375-00,,52,34.57275000,-94.251688890,0,39,0,0,1,1,4,0,1,1,0,1,0,0000000,88,88,88,88,88,88,0,0,0,1,0
5,50396,1,1,0,1,69,0,20,10,2010,4,16,36,1,2,2,US-79-09,,98,34.16572500,-92.086630560,0,34,0,0,1,1,5,0,1,1,0,1,0,0000000,16,40,16,50,99,99,0,0,0,1,0
5,50397,2,2,0,2,9,1750,21,10,2010,5,9,11,1,13,2,US-65-01,,212,36.23679722,-93.103294440,0,12,6,0,4,1,1,0,1,1,0,1,0,0000000,9,13,9,18,99,99,0,0,0,1,0
5,50398,1,1,0,2,55,3030,23,10,2010,7,3,17,0,16,6,BARD RD.,,0,36.06729444,-90.467583330,0,32,0,0,1,1,4,0,6,1,0,1,0,0000000,3,19,3,26,88,88,0,0,0,2,0
5,50399,3,3,0,9,141,0,23,10,2010,7,16,30,1,2,2,US-65-08,,146,35.41206667,-92.390555560,0,12,1,0,1,1,1,0,1,1,0,1,0,0000000,16,45,17,12,99,99,14,0,0,1,0
5,50400,2,2,0,2,119,2880,25,10,2010,2,20,10,0,2,2,US-165-09,OLD HIGHWAY 30,23,34.72258611,-92.121369440,0,12,2,0,2,4,1,0,6,1,0,1,0,0000000,20,14,20,24,88,88,0,0,0,2,0
5,50401,2,2,0,2,119,2880,27,10,2010,4,18,15,0,13,3,SR-365-11,15TH ST.,162,34.76873611,-92.279072220,0,12,6,0,2,2,1,0,5,1,0,1,1,0000000,18,19,18,25,99,99,0,0,0,1,0
5,50402,2,2,0,4,125,0,28,10,2010,5,7,12,1,2,2,US-70-10,,6,34.56821111,-92.597869440,0,12,2,0,1,1,1,0,1,1,0,1,0,0000000,7,13,7,30,99,99,0,0,0,1,0
5,50403,1,1,0,1,35,0,29,10,2010,6,3,40,0,6,4,BINGS STORE RD.,,0,35.18675556,-90.399655560,0,34,0,0,1,1,4,0,6,1,0,1,0,0000000,3,51,4,7,99,99,0,0,0,1,0
5,50404,2,2,0,5,19,603,29,10,2010,6,19,18,0,3,3,SR-7-07,SR-283,25,34.21458889,-93.083747220,0,12,6,0,2,3,2,0,6,1,0,1,0,0000000,19,16,19,25,99,99,0,0,0,3,0
5,50405,1,1,1,2,115,3450,30,10,2010,7,1,5,0,13,3,SR-7-14,,8,35.23574444,-93.140769440,0,8,0,0,1,1,1,0,6,1,0,1,0,0000000,1,7,1,17,99,99,0,0,0,1,0
5,50406,1,1,0,3,85,660,31,10,2010,1,1,55,0,4,3,SR-236-02,SR-13,63,34.90610000,-91.765063890,0,42,0,0,2,3,5,0,6,1,0,1,0,0000000,1,15,2,15,99,99,0,0,0,1,1
5,50407,1,1,0,2,119,2880,10,10,2010,1,13,50,0,16,6,BATESVILLE PK,,0,34.87939167,-92.238197220,0,1,0,0,1,1,2,0,1,1,0,1,0,0000000,88,88,88,88,88,88,99,99,99,1,1
5,50408,1,1,0,1,117,0,24,10,2010,1,2,30,0,3,3,SR-38-01,,72,34.99203611,-91.692580560,0,34,0,0,1,1,5,0,6,1,0,1,0,0000000,2,56,3,3,88,88,0,0,0,1,0
5,50409,2,2,0,3,103,0,1,8,2010,1,11,12,0,4,3,SR-7-04,,166,33.80636111,-92.831769440,0,11,0,0,1,1,1,0,1,1,0,1,0,0000000,11,12,11,37,99,99,0,0,0,1,0
5,50410,1,1,0,1,65,1905,1,11,2010,2,18,55,0,16,6,VAN WINKLE DR.,,0,36.22689722,-91.742108330,0,42,0,0,1,1,4,0,5,1,0,1,0,0000000,88,88,88,88,88,88,0,0,0,1,0
5,50411,1,1,0,1,115,1130,1,11,2010,2,20,0,0,4,3,SR-27-11,,42,35.42945000,-93.057975000,0,42,0,0,1,1,4,0,6,10,0,10,0,0000000,20,1,20,18,88,88,0,0,0,1,0
5,50412,1,1,1,1,41,0,3,11,2010,4,0,0,1,2,2,US-65-17,,14,33.95416667,-91.536111110,0,8,0,0,1,1,1,1,6,2,0,2,0,0000000,88,88,88,88,88,88,0,0,0,1,0
5,50413,3,3,0,5,85,600,3,11,2010,4,12,52,1,12,2,US-67-11,,36,34.98142222,-92.031530560,0,12,8,0,1,1,1,0,1,8,0,8,0,0000000,12,53,12,57,99,99,0,0,0,2,0
5,50414,1,1,0,2,147,0,5,11,2010,6,5,15,0,3,2,US-64-14,SR-269,78,35.25168333,-91.102377780,0,58,0,0,2,3,4,0,6,1,0,1,0,0000000,5,15,5,32,99,99,0,0,0,1,0
5,50415,1,1,0,2,65,555,5,11,2010,6,13,25,0,3,3,SR-9-13,,58,36.13494722,-91.925783330,0,42,0,0,1,1,4,0,1,1,0,1,0,0000000,13,23,13,32,99,99,0,0,0,1,0
5,50416,2,2,0,4,31,560,5,11,2010,6,17,19,0,6,4,SCHOOL ST.,BERNIS,0,35.90733611,-90.581611110,0,12,6,0,2,3,1,0,5,1,0,1,0,0000000,17,25,17,37,99,99,0,0,0,1,0
5,50417,1,1,0,2,119,2320,5,11,2010,6,23,23,0,16,6,HEINKE RD.,,0,34.63035000,-92.381747220,0,1,0,0,1,1,1,0,6,1,0,1,0,0000000,23,23,23,34,99,99,0,0,0,1,1
5,50418,1,1,0,1,63,0,5,11,2010,6,23,21,0,4,3,SR-37-06,,11,35.78332778,-91.305838890,0,1,0,0,1,1,4,0,6,1,0,1,0,0000000,88,88,88,88,88,88,0,0,0,1,1
5,50419,2,2,0,5,111,3860,6,11,2010,7,19,41,0,14,3,SR-463-02,,20,35.68255833,-90.526800000,0,12,6,0,4,1,1,0,5,1,0,1,0,0000000,19,42,20,15,99,99,0,0,0,1,0
5,50420,2,2,0,3,7,3390,6,11,2010,7,22,45,0,13,2,US-71-18B,,56,36.29050000,-94.127597220,0,12,8,0,1,1,1,0,6,1,0,1,0,0000000,22,47,22,51,99,99,0,0,0,1,1
5,50421,2,2,0,4,69,0,7,11,2010,1,4,0,1,1,1,I-530-05,,208,34.42903611,-92.193102780,0,12,2,0,1,1,1,0,6,1,0,1,0,0000000,4,9,4,20,99,99,0,0,0,1,1
5,50422,2,2,0,2,1,0,7,11,2010,1,5,20,1,2,2,US-79-11,,23,34.42422222,-91.677388890,0,12,8,0,1,1,1,0,6,1,0,1,0,0000000,5,22,5,41,99,99,0,0,0,1,1
5,50423,1,1,0,1,139,1210,8,11,2010,2,11,22,0,13,2,US-167-01B,SR-7 SPUR,31,33.25168056,-92.663411110,0,1,0,0,2,3,4,0,1,1,0,1,0,0000000,11,24,11,26,99,99,0,0,0,1,0
5,50424,1,1,0,1,119,0,8,11,2010,2,14,1,0,4,4,COLONEL GLENN RD,,0,34.73960278,-92.489894440,0,34,0,0,1,1,4,0,1,1,0,1,0,0000000,14,2,14,15,99,99,0,0,0,1,0
5,50425,5,5,0,6,141,820,8,11,2010,2,15,39,1,2,2,US-65-08,,10,35.58686389,-92.451838890,0,12,6,0,1,1,1,1,1,1,0,1,0,0000000,15,39,15,41,99,99,0,0,0,1,1
5,50426,1,1,1,3,35,2550,9,11,2010,3,18,14,1,1,1,I-55-11,,118,35.23649722,-90.215155560,0,8,0,0,1,1,1,0,6,1,0,1,0,0000000,99,99,99,99,88,88,0,0,0,1,0
5,50427,1,1,0,1,69,3150,9,11,2010,3,23,43,0,16,6,WEST SHORT 3RD AVE,HEMLOCK ST,0,34.22638611,-92.051352780,0,34,0,0,2,3,5,0,6,1,0,1,0,0000000,23,43,23,45,99,99,20,0,0,1,1
5,50428,1,1,0,1,143,0,10,11,2010,4,21,51,0,4,4,OLD HWY 68,,0,36.18673611,-94.323441670,0,32,0,0,1,1,4,0,2,1,0,1,0,0000000,21,51,21,59,88,88,0,0,0,1,1
5,50429,1,1,0,1,121,0,10,11,2010,4,10,38,0,4,3,SR-93-01,,27,36.39004167,-91.106208330,0,34,0,0,1,1,4,0,1,2,0,2,0,0000000,10,38,10,51,99,99,0,0,0,1,0
5,50430,3,3,0,4,45,0,11,11,2010,5,9,26,0,4,3,SR-36-01,,246,35.32839722,-92.116938890,0,12,8,0,1,1,1,0,1,1,0,1,0,0000000,88,88,88,88,88,88,0,0,0,1,0
5,50431,2,2,0,2,69,0,11,11,2010,5,22,38,1,2,2,US-79-09,ROBINSON RD,78,34.14423889,-92.104655560,0,12,6,0,3,2,1,0,6,1,0,1,0,0000000,22,39,22,52,99,99,0,0,0,1,1
5,50432,1,1,0,2,35,0,13,11,2010,7,13,9,0,6,4,WHEELER RD.,MARION LAKE RD.,0,35.21848611,-90.115119440,0,30,0,0,2,3,4,8,1,2,0,2,0,0000000,13,9,13,17,99,99,0,0,0,1,0
5,50433,2,2,0,2,75,4010,12,11,2010,6,14,10,0,3,2,US-67-17Y,,3,36.08409167,-90.939525000,0,12,2,0,1,1,1,0,1,1,0,1,0,0000000,14,10,14,15,99,99,0,0,0,1,0
5,50434,1,1,0,1,99,0,12,11,2010,6,17,1,0,3,3,SR-24-05,,158,33.75374722,-93.149213890,0,34,0,0,1,1,4,0,5,1,0,1,0,0000000,99,99,99,99,88,88,0,0,0,1,0
5,50435,1,1,1,3,95,3384,12,11,2010,6,17,48,1,2,2,US-79-13,,26,34.63352500,-91.384963890,0,8,0,0,1,1,1,0,6,1,0,1,0,0000000,17,42,17,55,99,99,0,0,0,1,1
5,50436,2,2,0,5,7,0,12,11,2010,6,21,29,1,2,2,US-412-01,OLD HWY 68,74,36.17370278,-94.443025000,0,12,6,0,2,3,1,0,6,2,0,2,0,0000000,21,34,21,44,99,99,0,0,0,1,1
5,50437,1,1,0,1,143,0,13,11,2010,7,0,39,0,4,3,SR-45-05,,57,36.09648056,-94.096783330,0,34,0,0,1,1,4,0,6,2,0,2,0,0000000,88,88,88,88,88,88,0,0,0,1,1
5,50438,1,1,0,1,139,0,13,11,2010,7,16,32,1,2,3,SR-7-02,,48,33.31080556,-92.689075000,0,42,0,0,1,1,5,0,1,1,0,1,0,0000000,16,37,16,49,99,99,0,0,0,1,0
5,50439,1,1,0,1,111,9997,16,11,2010,3,17,43,1,2,2,US-63-08,,126,35.52730278,-90.434347220,0,1,0,0,1,1,4,0,6,2,0,2,0,0000000,88,88,88,88,88,88,0,0,0,1,0
5,50440,1,1,0,2,105,0,18,11,2010,5,1,30,0,3,3,SR-60-01,,31,35.03098056,-92.618094440,0,34,0,0,1,1,4,0,6,5,0,5,0,0000000,1,35,1,48,99,99,0,0,0,1,1
5,50441,2,2,0,2,23,0,20,11,2010,7,7,1,0,3,3,SR-25-03,,98,35.54423889,-91.955652780,0,12,2,0,1,1,1,0,1,5,0,5,0,0000000,7,1,7,25,99,99,0,0,0,1,0
5,50442,2,2,0,3,127,0,20,11,2010,7,9,42,1,2,2,US-71-10,,148,34.81411944,-94.039577780,0,59,0,0,8,1,4,0,1,1,0,1,0,0000000,9,42,9,52,99,99,0,0,0,1,0
5,50443,2,2,0,3,81,0,21,11,2010,1,17,42,0,3,3,SR-41-02,,15,33.90760833,-94.400883330,0,24,0,0,1,1,4,0,6,1,0,1,0,0000000,99,99,99,99,88,88,0,0,0,1,0
5,50444,1,1,0,1,53,1563,23,11,2010,3,19,13,0,4,3,SR-35-03,,55,34.08405000,-92.298802780,0,53,0,0,1,1,4,0,6,1,0,1,0,0000000,88,88,88,88,88,88,0,0,0,1,0
5,50445,2,2,0,3,93,2240,24,11,2010,4,4,50,0,2,3,SR-18-05,SR-119,15,35.88804167,-90.257750000,0,12,6,1,2,2,1,0,2,2,0,2,0,0000000,4,55,5,1,99,99,0,0,0,2,0
5,50446,1,1,1,1,51,1907,26,11,2010,6,17,30,1,13,2,US-270-06,LOWERY ST.,9,34.49470000,-93.038238890,0,8,0,0,3,3,1,0,2,1,0,1,0,0000000,17,31,17,34,99,99,0,0,0,1,0
5,50447,2,2,0,3,137,0,27,11,2010,7,0,11,0,3,3,SR-5-16,,125,35.81235000,-92.033072220,0,12,2,0,1,1,1,0,6,1,0,1,0,0000000,0,11,0,18,99,99,0,0,0,2,1
5,50448,1,1,0,2,73,0,27,11,2010,7,3,30,0,5,4,LAFAYETTE RD 81,,0,33.27340000,-93.459502780,0,34,0,0,1,1,4,0,6,1,0,1,0,0000000,5,22,5,34,99,99,0,0,0,1,1
5,50449,1,1,0,4,139,0,27,11,2010,7,19,35,1,2,2,US-82-06,,93,33.13679722,-92.495786110,0,35,0,0,1,1,5,0,6,1,0,1,0,0000000,19,51,20,1,99,99,0,0,0,1,0
5,50450,1,1,0,1,43,2680,28,11,2010,1,0,31,0,16,6,JACKSON ST,,0,33.62348333,-91.762961110,0,42,0,0,1,1,4,0,6,1,0,1,0,0000000,88,88,88,88,88,88,20,0,0,1,1
5,50451,1,1,1,2,125,570,28,11,2010,1,10,18,1,11,1,I-30-22,,1229,34.61788056,-92.498788890,0,8,0,0,1,1,1,0,1,1,0,1,0,0000000,10,19,10,25,88,88,0,0,0,1,0
5,50452,1,1,0,1,131,0,29,11,2010,2,7,31,0,4,3,SR-45-01,,228,35.27554444,-94.392255560,0,42,0,0,1,1,4,0,1,2,0,2,0,0000000,88,88,88,88,88,88,0,0,0,1,0
5,50453,1,1,0,1,53,3550,11,11,2010,5,14,55,0,16,4,GRANT CO RD 28,,0,34.22290833,-92.321247220,0,34,0,0,1,1,4,0,1,1,0,1,0,0000000,14,55,15,23,88,88,0,0,0,1,1
5,50454,1,1,0,4,5,2730,25,4,2010,1,4,30,0,6,5,COLLEGE ST.,,0,36.31428611,-92.389419440,0,5,0,0,1,1,1,0,6,1,0,1,0,0000000,88,88,88,88,88,88,0,0,0,1,0
5,50455,1,1,0,1,119,0,25,10,2010,2,18,19,0,6,4,WOODSON LATERAL RD.,,0,34.54099444,-92.217436110,0,42,0,0,1,1,4,0,6,1,0,1,0,0000000,18,19,18,30,88,88,0,0,0,1,0
5,50456,1,1,0,1,45,0,16,11,2010,3,11,53,0,6,4,HARGETT RD.,,0,35.34236389,-92.266363890,0,42,0,0,1,1,5,0,1,1,0,1,0,0000000,88,88,88,88,88,88,0,0,0,1,1
5,50457,2,2,0,2,15,0,2,12,2010,5,12,38,1,2,2,US-412-05,,37,36.15135556,-93.504594440,0,12,8,0,1,1,2,0,1,1,0,1,0,0000000,12,40,13,2,99,99,0,0,0,1,0
5,50458,2,2,0,2,83,0,2,12,2010,5,13,50,0,3,3,SR-10-02,,15,35.16582778,-94.007586110,0,12,6,0,1,1,1,0,1,1,0,1,0,0000000,88,88,88,88,88,88,0,0,0,1,0
5,50459,1,1,0,4,7,3390,2,12,2010,5,23,49,0,16,6,N. ARKANSAS ST.,,0,36.35328333,-94.112769440,0,34,0,0,1,1,4,0,6,1,0,1,0,0000000,0,44,0,50,99,99,0,0,0,1,1
5,50460,2,2,0,2,55,3030,3,12,2010,6,14,51,0,6,6,BARD RD.,N. 22ND AVE.,0,36.06724444,-90.457777780,0,12,6,0,2,2,1,0,1,1,0,1,0,0000000,88,88,88,88,88,88,0,0,0,1,0
5,50461,1,1,0,1,97,0,3,12,2010,6,16,0,0,3,3,SR-8-02,,168,34.44966667,-93.676208330,0,34,0,0,1,1,4,0,1,1,0,1,0,0000000,16,8,16,17,99,99,2,0,0,1,0
5,50462,1,1,1,1,115,3230,3,12,2010,6,17,54,0,3,3,SR-247-00,,19,35.22374722,-93.111502780,0,8,0,0,1,1,1,1,6,1,0,1,0,0000000,88,88,88,88,88,88,0,0,0,1,0
5,50463,2,2,0,7,115,3450,4,12,2010,7,11,26,0,13,3,SR-7-14,,4,35.23087222,-93.142013890,0,12,2,0,1,1,1,0,1,1,0,1,0,0000000,11,26,11,35,99,99,0,0,0,1,0
5,50464,4,3,0,7,5,0,4,12,2010,7,11,40,1,2,2,US-62-10,SWEET GUM,65,36.31085000,-92.419388890,0,12,6,0,2,3,1,0,1,1,0,1,0,0000000,11,45,11,50,99,99,0,0,0,1,0
5,50465,2,2,0,5,135,0,4,12,2010,7,20,56,1,2,2,US-63-02,SR-58,93,36.27427500,-91.341425000,0,12,2,0,2,4,1,0,2,1,0,1,0,0000000,20,56,21,4,99,99,0,0,0,1,0
5,50466,2,2,0,5,141,0,6,12,2010,2,13,49,1,2,2,US-65-07,,78,35.69285556,-92.512113890,0,12,2,0,1,1,1,0,1,1,0,1,0,0000000,13,56,14,35,99,99,0,0,0,4,2
5,50467,3,3,1,3,107,0,6,12,2010,2,17,45,1,2,2,US-49-10,,208,34.51548056,-90.633166670,0,8,0,0,1,1,1,0,6,1,0,1,0,0000000,17,48,17,55,88,88,0,0,0,1,0
5,50468,3,3,0,3,119,2880,8,12,2010,4,8,35,1,11,1,I-40-33,,1533,34.77546111,-92.260694440,0,12,7,0,1,1,1,0,1,1,0,1,0,0000000,8,33,8,37,99,99,0,0,0,1,1
5,50469,1,1,0,1,15,0,9,12,2010,5,22,53,0,4,3,SR-103-04,,237,36.42532222,-93.415247220,0,38,0,0,1,1,5,0,6,1,0,1,0,0000000,88,88,88,88,88,88,0,0,0,1,0
5,50470,1,1,0,1,29,3180,10,12,2010,6,4,57,0,4,3,SR-92-01,,18,35.18335000,-92.637919440,0,1,0,0,1,1,2,0,4,5,0,5,0,0000000,4,59,5,11,99,99,0,0,0,1,0
5,50471,2,2,0,5,7,0,10,12,2010,6,20,40,0,4,3,SR-12-03,,63,36.32065833,-93.985677780,0,12,2,0,1,1,1,0,6,1,0,1,0,0000000,20,44,20,55,99,99,0,0,0,1,1
5,50472,1,1,0,1,11,0,10,12,2010,6,21,20,0,3,2,US-63-16,,50,33.66353333,-92.061997220,0,34,0,0,1,1,4,0,6,1,0,1,0,0000000,21,30,21,42,88,88,0,0,0,1,1
5,50473,2,2,0,2,29,2710,11,12,2010,7,16,19,1,13,3,SR-9-08,,3,35.15668889,-92.717913890,0,12,2,0,1,1,1,0,1,1,0,1,0,0000000,16,19,16,22,99,99,0,0,0,1,0
5,50474,1,1,0,2,89,3280,13,12,2010,2,7,59,0,4,3,SR-125-00,US-62,80,36.24067222,-92.851380560,0,43,0,0,3,3,4,0,1,1,0,1,0,0000000,7,59,8,18,99,99,0,0,0,1,0
5,50475,1,1,1,2,73,0,13,12,2010,2,18,4,1,2,2,US-82-02,,50,33.35867222,-93.623858330,0,8,0,0,1,1,1,0,6,1,0,1,0,0000000,18,0,18,10,99,99,0,0,0,1,0
5,50476,1,1,0,1,127,0,15,12,2010,4,11,42,0,4,3,SR-28-01,TERRY LN.,192,34.94240000,-94.109777780,0,34,0,0,2,3,5,0,1,1,0,1,0,0000000,11,35,11,45,99,99,0,0,0,1,0
5,50477,3,3,0,3,55,3030,15,12,2010,4,21,23,0,16,6,COUNTRY CLUB RD.,DANIEL DR.,0,36.07078333,-90.505327780,0,12,7,0,2,3,1,0,3,2,0,2,0,0000000,21,23,21,28,99,99,0,0,0,1,0
5,50478,1,1,0,1,55,0,16,12,2010,5,5,3,0,3,3,SR-135-04,,33,36.01213611,-90.441383330,0,34,0,0,1,1,4,0,6,8,0,8,0,0000000,88,88,88,88,88,88,0,0,0,1,0
5,50479,2,2,0,3,145,0,16,12,2010,5,9,36,0,3,3,SR-16-13,,95,35.28588056,-91.763519440,0,12,2,0,1,1,1,1,1,1,0,1,0,0000000,9,38,9,49,99,99,0,0,0,1,1
5,50480,1,1,0,1,29,2710,17,12,2010,6,9,18,1,11,1,I-40-31,,1079,35.17430000,-92.719041670,0,1,0,0,1,1,1,0,1,1,0,1,0,0000000,9,18,9,24,99,99,0,0,0,1,0
5,50481,1,1,0,1,29,0,18,12,2010,7,7,10,0,4,2,US-64-07,,162,35.15323056,-92.603372220,0,35,0,0,1,1,4,0,4,1,0,1,0,0000000,88,88,88,88,88,88,0,0,0,1,1
5,50482,1,1,0,5,131,1370,18,12,2010,7,18,32,0,16,6,TAYLOR AVE.,WARD AVE.,0,35.30950556,-94.297050000,0,35,0,0,2,3,5,0,6,1,0,1,0,0000000,18,35,18,48,99,99,0,0,0,1,0
5,50483,2,2,0,2,29,9997,19,12,2010,1,2,50,1,1,1,I-40-31,,1033,35.19546667,-92.798875000,0,1,0,0,1,1,3,0,6,1,0,1,0,0000000,2,38,2,50,99,99,14,0,0,1,2