STATE,ST_CASE,VE_TOTAL,VE_FORMS,PEDS,PERSONS,COUNTY,CITY,DAY,MONTH,YEAR,DAY_WEEK,HOUR,MINUTE,NHS,ROAD_FNC,ROUTE,TWAY_ID,TWAY_ID2,MILEPT,LATITUDE,LONGITUD,SP_JUR,HARM_EV,MAN_COLL,RELJCT1,RELJCT2,TYP_INT,REL_ROAD,WRK_ZONE,LGT_COND,WEATHER1,WEATHER2,WEATHER,SCH_BUS,RAIL,NOT_HOUR,NOT_MIN,ARR_HOUR,ARR_MIN,HOSP_HR,HOSP_MN,CF1,CF2,CF3,FATALS,DRUNK_DR
5,50484,1,1,0,1,125,0,19,12,2010,1,23,55,0,3,3,SR-9-05,,161,34.78247500,-92.759841670,0,32,0,0,1,1,4,0,6,1,0,1,0,0000000,88,88,88,88,88,88,0,0,0,1,0
5,50485,1,1,1,1,51,1907,20,12,2010,2,17,29,0,16,6,MALVERN AVE.,,0,34.50551389,-93.048919440,0,8,0,0,1,1,1,0,6,1,0,1,0,0000000,17,30,17,36,99,99,0,0,0,1,0
5,50486,1,1,1,1,119,2036,21,12,2010,3,19,12,1,12,2,US-67-10,,73,34.83976667,-92.159500000,0,8,0,0,1,1,1,1,6,1,0,1,0,0000000,88,88,88,88,88,88,0,0,0,1,0
5,50487,1,1,1,1,119,2320,21,12,2010,3,23,17,1,11,1,I-30-23,I-630,1393,34.73255000,-92.262197220,0,8,0,1,5,1,1,0,3,1,0,1,0,0000000,88,88,88,88,88,88,0,0,0,1,1
5,50488,1,1,0,1,69,3150,23,12,2010,5,2,50,0,16,4,MONK RD,,0,34.27668611,-92.130575000,0,32,0,0,1,1,4,0,6,1,0,1,0,0000000,3,2,3,12,88,88,0,0,0,1,1
5,50489,1,1,1,1,73,0,23,12,2010,5,21,5,1,2,2,US-82-02,,87,33.36031944,-93.554250000,0,8,0,0,1,1,1,0,6,1,0,1,0,0000000,88,88,88,88,88,88,0,0,0,1,0
5,50490,1,1,0,1,57,0,23,12,2010,5,22,10,0,6,4,HEMPSTEAD RD,,0,33.56521389,-93.560472220,0,34,0,0,1,1,4,0,6,1,0,1,0,0000000,22,15,22,24,99,99,0,0,0,1,1
5,50491,1,1,0,1,59,0,24,12,2010,6,4,37,1,1,1,I-30-21,,868,34.25218056,-92.989611110,0,1,0,0,1,1,5,0,6,1,0,1,0,0000000,88,88,88,88,88,88,0,0,0,1,1
5,50492,2,2,0,3,93,0,25,12,2010,7,20,23,1,1,1,I-55-12,,403,35.59869444,-90.118102780,0,1,0,0,1,1,1,0,6,1,0,1,0,0000000,88,88,88,88,88,88,14,0,0,1,0
5,50493,1,1,0,1,85,0,28,12,2010,3,19,15,1,1,1,I-40-41,,1690,34.80104722,-91.993502780,0,21,0,0,1,1,3,0,6,2,0,2,0,0000000,88,88,88,88,88,88,0,0,0,1,1
5,50494,2,2,0,2,79,0,30,12,2010,5,15,40,1,2,2,US-425,,83,33.94699167,-91.843686110,0,12,8,0,1,1,1,0,1,1,0,1,0,0000000,15,45,15,55,99,99,0,0,0,1,0
5,50495,2,2,0,3,119,2320,30,12,2010,5,15,50,0,16,6,RODNEY PARHAM RD,,0,34.75656389,-92.372616670,0,12,6,0,1,1,1,0,1,3,0,3,0,0000000,15,50,15,53,99,99,0,0,0,1,0
5,50496,1,1,0,1,149,0,31,12,2010,6,11,28,0,3,3,SR-27-08,,67,34.79216667,-93.483352780,0,42,0,0,1,1,5,0,1,1,0,1,0,0000000,11,30,12,5,88,88,0,0,0,1,0
5,50497,1,1,0,2,7,3390,31,12,2010,6,22,40,1,2,3,SR-12-03,,26,36.34109167,-94.097213890,0,38,0,0,1,1,5,0,6,1,0,1,0,0000000,22,35,22,47,99,99,0,0,0,1,0
5,50498,1,1,0,2,113,4160,17,1,2010,1,9,33,0,6,6,OAK ST.,,0,34.30351111,-94.339300000,0,10,0,0,6,1,1,0,1,1,0,1,0,330499R,9,33,9,43,99,99,0,0,0,1,0
5,50499,1,1,0,1,51,0,17,2,2010,4,9,47,0,6,4,TURKEY TROT RD.,,0,34.52891389,-93.122972220,0,42,0,0,1,1,4,0,1,1,0,1,0,0000000,9,48,9,55,99,98,0,0,0,1,0
5,50500,1,1,0,1,119,2320,22,3,2010,2,0,42,0,16,6,W. 3RD ST.,MARTIN LUTHER KING,0,34.74852500,-92.288847220,0,42,0,0,2,3,5,0,3,8,0,8,0,0000000,0,43,0,44,88,88,0,0,0,1,1
5,50501,2,2,0,2,55,3030,16,7,2010,6,15,14,0,16,6,W. COURT ST.,S. 10TH ST.,0,36.05621944,-90.498986110,0,12,6,0,2,3,1,0,1,1,0,1,0,0000000,15,17,15,36,99,99,0,0,0,1,0
5,50502,1,1,0,1,115,0,22,7,2010,5,11,57,0,4,3,SR-164-05,VAUGHN CIR,40,35.38226111,-93.052675000,0,38,0,0,2,4,4,0,1,1,0,1,0,0000000,11,58,12,12,99,99,0,0,0,1,0
5,50503,1,1,0,1,147,0,13,9,2010,2,12,50,0,3,3,SR-38-02,,28,35.00683611,-91.316641670,0,1,0,0,1,1,4,0,1,1,0,1,0,0000000,12,56,13,20,99,99,0,0,0,1,0
5,50504,2,2,0,2,35,0,17,9,2010,6,21,10,0,3,2,US-64-17,,52,35.27198889,-90.488377780,0,12,2,0,1,1,1,0,6,1,0,1,0,0000000,21,12,21,33,99,99,0,0,0,1,1
5,50505,2,2,0,4,145,3530,3,8,2010,3,21,27,0,14,3,SR-267-01,PIONEER RD.,133,35.23964444,-91.740647220,0,12,6,0,2,2,1,0,6,1,0,1,0,0000000,21,30,21,31,99,99,0,0,0,1,1
5,50506,2,2,0,5,59,3412,3,6,2010,5,8,36,1,1,3,SR-30-21,,984,34.39954444,-92.822369440,0,12,1,0,1,1,1,0,6,1,0,1,0,0000000,88,88,88,88,88,88,0,0,0,1,1
5,50507,1,1,0,1,103,0,4,7,2010,1,4,30,0,6,4,OUACHITA 67 CR,,0,33.51789167,-92.796491670,0,34,0,0,1,1,4,0,6,1,0,1,0,0000000,4,34,4,40,88,88,2,0,0,1,0
5,50508,1,1,0,1,77,0,17,9,2010,6,7,10,0,4,3,SR-121-03,,21,34.76414444,-90.899891670,0,34,0,0,1,1,4,0,9,1,0,1,0,0000000,7,10,7,21,99,99,0,0,0,1,1
5,50510,1,1,0,1,125,0,22,12,2010,4,13,12,1,2,2,US-70-10,,49,34.53816667,-92.744950000,0,42,0,0,1,1,4,0,1,1,0,1,0,0000000,13,10,13,30,99,99,0,0,0,1,1
5,50511,1,1,0,1,119,2880,26,12,2010,1,16,32,1,11,1,I-30-21,,128,34.82292778,-92.342705560,0,24,0,1,5,1,4,0,5,1,0,1,0,0000000,17,11,17,17,88,88,0,0,0,1,0
5,50513,1,1,0,2,9,1300,6,3,2010,7,16,49,0,6,4,RALLY HILL RD.,,0,36.15968889,-92.936513890,0,1,0,0,1,1,1,0,1,1,0,1,0,0000000,16,59,17,10,99,99,0,0,0,1,0
5,50514,1,1,0,1,29,0,18,3,2010,5,15,4,0,3,3,SR-154-01,,59,35.12283889,-92.834450000,0,42,0,0,1,1,5,0,1,1,0,1,0,0000000,15,4,15,19,99,99,0,0,0,1,0
5,50515,1,1,1,1,119,2880,23,4,2010,6,22,57,0,13,3,SR-365-11,,168,34.75888056,-92.280811110,0,9,0,0,1,1,1,1,2,1,0,1,0,0000000,23,1,23,6,99,99,2,0,0,1,0
5,50516,1,1,0,1,29,0,8,6,2010,3,9,50,0,6,4,LOCKE LN.,,0,35.09752778,-92.991563890,0,72,0,0,1,1,5,0,1,1,0,1,0,0000000,88,88,88,88,88,88,0,0,0,1,0
5,50517,1,1,1,2,25,2160,12,6,2010,7,18,17,0,6,6,ELM ST.,,0,33.85560833,-92.300627780,0,8,0,0,8,1,1,0,5,1,0,1,0,0000000,8,18,8,30,99,99,0,0,0,1,0
5,50518,1,1,0,3,131,0,9,7,2010,6,18,11,1,2,2,US-71-13,YOUNG RIDGE RD.,69,35.15675833,-94.274583330,0,5,0,0,2,4,1,0,1,1,0,1,0,0000000,88,88,88,88,88,88,0,0,0,1,0
5,50519,2,2,0,3,149,0,14,7,2010,4,15,3,0,4,3,SR-60-03,,34,34.97063056,-93.239797220,0,12,1,0,8,1,1,0,1,1,0,1,0,0000000,15,1,15,22,99,99,0,0,0,1,0
5,50520,1,1,0,1,21,3130,5,8,2010,5,99,99,0,6,6,E. CASTLEBERRY,,0,36.38543889,-90.183500000,0,34,0,0,1,1,5,0,2,1,0,1,0,0000000,23,28,23,30,88,88,0,0,0,1,0
5,50521,1,1,0,1,17,2210,29,8,2010,1,8,18,0,6,4,CALVIN DAVIS RD.,,0,33.23451389,-91.322594440,0,34,0,0,1,1,5,0,1,1,0,1,0,0000000,88,88,88,88,88,88,99,99,99,1,1
8,80001,3,3,0,5,59,0,5,1,2010,3,19,2,1,2,2,US-285,,2296,39.46654167,-105.383461110,0,12,6,0,1,1,1,0,2,1,0,1,0,0000000,99,99,99,99,99,99,0,0,0,2,0
8,80002,2,2,0,2,59,1435,5,1,2010,3,21,26,0,13,3,SR-95,,42,39.71488611,-105.053277780,0,12,2,0,1,1,1,0,3,1,0,1,0,0000000,21,26,21,30,21,55,0,0,0,1,1
8,80003,1,1,0,1,69,0,1,1,2010,6,14,30,0,4,4,74E,,86,40.75731944,-105.361638890,0,23,0,0,1,1,4,0,1,1,0,1,0,0000000,99,99,99,99,88,88,0,0,0,1,0
8,80004,2,2,0,4,103,0,19,1,2010,3,7,10,0,3,3,SR-13,,398,40.02435000,-107.943200000,0,12,6,0,1,1,1,0,4,4,0,4,0,0000000,7,19,7,24,99,99,0,0,0,1,0
8,80005,2,2,0,2,123,0,11,1,2010,2,8,40,1,1,1,I-76,,255,40.00445000,-104.710311110,0,12,1,1,18,1,1,0,1,1,0,1,0,0000000,99,99,99,99,99,99,0,0,0,1,0
8,80006,2,2,0,4,59,0,23,1,2010,7,16,55,1,13,4,W BOWLES AVE,S PIERCE ST,0,39.60970000,-105.072591670,0,12,6,0,3,2,1,0,5,1,0,1,0,0000000,99,99,99,99,99,99,0,0,0,1,0
8,80007,3,3,0,6,41,0,29,1,2010,6,19,20,1,11,1,I-25,,1330,38.73881944,-104.747002780,0,1,0,0,1,1,3,0,2,1,0,1,0,0000000,19,29,19,37,20,55,19,0,0,1,0
8,80008,1,1,0,1,123,0,25,1,2010,2,0,30,0,6,4,80,,0,40.56785833,-104.013700000,0,35,0,0,1,1,4,0,2,6,0,6,0,0000000,99,99,99,99,88,88,0,0,0,1,1
8,80009,2,2,1,3,59,1435,24,1,2010,1,17,48,0,13,2,US-40,,2936,39.74028611,-105.066313890,0,8,0,0,1,1,1,0,3,1,0,1,0,0000000,17,50,17,52,88,88,14,0,0,1,0
8,80010,2,2,0,2,59,2555,16,1,2010,7,12,19,0,14,6,W 32ND AVE,JAY ST,0,39.76208889,-105.065019440,0,12,6,0,2,2,1,0,1,1,0,1,0,0000000,12,19,12,22,12,37,0,0,0,1,0
8,80011,1,1,0,1,1,0,27,1,2010,4,0,1,0,16,4,QUENCY ST,,0,39.87150556,-104.732377780,0,31,0,0,1,1,4,0,2,1,0,1,0,0000000,99,99,99,99,88,88,0,0,0,1,1
8,80012,1,1,0,1,87,0,28,1,2010,5,7,26,1,1,1,I-76,,856,40.26788889,-103.698630560,0,1,0,1,18,1,3,0,1,4,0,4,0,0000000,7,26,99,99,88,88,0,0,0,1,0
8,80013,1,1,0,1,35,0,30,1,2010,7,14,15,1,2,2,US-85,,1934,39.47446944,-104.990772220,0,43,0,0,1,1,5,0,1,1,0,1,0,0000000,14,17,14,29,88,88,0,0,0,1,0
8,80014,2,2,0,3,59,1435,30,1,2010,7,7,24,1,12,2,US-6,,2801,39.72555833,-105.095133330,0,12,1,0,1,1,1,0,1,1,0,1,0,0000000,7,24,7,30,99,99,0,0,0,1,0
8,80015,2,2,0,2,35,1952,30,1,2010,7,21,10,0,13,3,SR-83,STROH RD,569,39.47858333,-104.758130560,0,12,1,0,3,2,1,0,3,1,0,1,0,0000000,21,10,21,12,99,99,0,0,0,1,1
8,80016,2,2,0,3,13,0,4,2,2010,5,17,58,0,4,3,SR-170,66TH ST,46,39.96121389,-105.200505560,0,12,6,0,2,3,1,0,2,1,0,1,0,0000000,99,99,99,99,99,99,0,0,0,1,0
8,80017,2,2,0,6,39,0,8,2,2010,2,8,5,1,1,1,I-70,,3549,39.28791667,-103.789497220,0,31,0,0,1,1,3,0,1,4,0,4,0,0000000,99,99,99,99,99,99,0,0,0,2,0
8,80018,2,2,0,4,83,0,10,2,2010,4,16,4,0,5,4,16,,0,37.60838889,-108.755822220,0,12,2,0,1,1,1,0,1,1,0,1,0,0000000,99,99,99,99,99,99,0,0,0,1,0
8,80019,1,1,0,2,125,0,11,2,2010,5,12,58,0,6,4,KK.5 ROAD,,0,40.08471944,-102.179316670,0,10,0,0,6,1,1,0,1,1,0,1,0,057344Y,99,99,99,99,88,88,0,0,0,2,0
8,80020,1,1,1,1,59,1435,12,2,2010,6,22,5,1,13,3,SR-121,W 17TH AVE,139,39.74400278,-105.081405560,0,8,0,0,3,1,1,0,3,1,0,1,0,0000000,22,11,22,15,22,28,0,0,0,1,0
8,80021,1,1,0,1,59,0,13,2,2010,7,15,15,1,12,3,SR-470 RAMP B,,63,39.62874444,-105.157811110,0,59,0,1,5,1,8,0,1,1,0,1,0,0000000,99,99,99,99,88,88,0,0,0,1,1
8,80022,2,2,0,5,107,0,13,2,2010,7,18,25,1,2,2,US-40,,1173,40.48508889,-107.096230560,0,12,6,0,1,1,1,0,2,1,0,1,0,0000000,18,31,18,50,19,21,0,0,0,1,0
8,80023,2,2,0,7,41,430,14,2,2010,1,2,13,0,13,6,S CIRCLE DR,E FOUNTAIN BLVD,0,38.81748611,-104.780544440,0,12,6,0,2,2,1,0,3,1,0,1,0,0000000,99,99,99,99,99,99,0,0,0,1,2
8,80024,4,3,0,4,31,600,15,2,2010,2,22,39,0,14,6,N IRVING ST,W 26TH AVE,0,39.75481667,-105.029936110,0,12,6,0,2,2,1,0,3,1,0,1,0,0000000,99,99,99,99,99,99,14,0,0,1,1
8,80025,1,1,0,1,23,0,20,2,2010,7,16,17,0,3,3,SR-142,,303,37.21686944,-105.481808330,0,1,0,0,1,1,1,0,1,1,0,1,0,0000000,16,24,16,30,88,88,0,0,0,1,0
8,80026,1,1,0,3,73,0,21,2,2010,1,8,57,0,3,3,SR-71,,768,38.91235000,-103.701011110,0,1,0,0,1,1,4,0,1,1,0,1,0,0000000,9,17,9,36,99,99,0,0,0,1,0
8,80027,1,1,0,2,59,1435,23,2,2010,3,19,46,0,15,6,W DARTMOUTH PL,,0,39.65955278,-105.099341670,0,42,0,0,1,1,4,0,3,1,0,1,0,0000000,19,46,19,57,99,99,0,0,0,1,0
8,80028,1,1,0,1,119,0,27,2,2010,7,12,45,0,3,3,SR-67,,617,38.84436944,-105.144277780,0,1,0,0,1,1,4,0,1,1,0,1,0,0000000,99,99,99,99,88,88,0,0,0,1,0
8,80029,2,2,0,4,123,1070,2,2,2010,3,7,18,0,14,6,F STREET,,0,40.44102222,-104.742975000,0,12,6,0,8,1,1,0,1,1,0,1,1,0000000,7,18,7,23,7,48,0,0,0,1,0
8,80030,2,2,0,3,35,0,26,2,2010,6,7,6,0,3,4,MONARCH BLVD,,0,39.51073056,-104.922200000,0,12,6,0,1,1,1,0,1,1,0,1,0,0000000,7,6,7,10,7,43,0,0,0,1,0
8,80031,1,1,1,1,123,780,20,2,2010,7,3,25,1,12,2,US-85,,2645,40.37519444,-104.694455560,0,8,0,0,1,1,1,0,2,1,0,1,0,0000000,3,28,3,33,88,88,0,0,0,1,0
8,80032,1,1,0,1,35,1952,20,2,2010,7,20,54,0,13,3,SR-83,PINE LN,615,39.54411111,-104.771961110,0,33,0,0,3,2,4,0,3,4,0,4,0,0000000,20,54,21,0,21,25,0,0,0,1,0
8,80033,3,3,0,6,13,1390,22,2,2010,2,18,13,1,13,2,US-287 (SR-42),EXEMPLA CIR,3018,39.97236667,-105.090088890,0,12,2,0,2,2,1,0,3,1,0,1,0,0000000,18,13,18,19,18,42,0,0,0,1,0
8,80034,2,2,0,4,41,0,13,2,2010,7,5,20,0,3,3,SR-115,,341,38.64348889,-104.864683330,0,12,2,0,1,1,1,0,2,1,0,1,0,0000000,5,20,99,99,99,99,0,0,0,2,1
8,80035,2,2,0,3,101,0,3,3,2010,4,15,55,1,2,2,US-50,,3252,38.27302222,-104.440238890,0,12,1,0,1,1,1,0,1,1,0,1,0,0000000,15,57,16,6,16,35,0,0,0,1,0
8,80036,1,1,0,2,69,0,4,3,2010,5,0,45,1,1,1,I-25,,2773,40.69551944,-105.000275000,0,59,0,0,1,1,3,0,3,1,0,1,0,0000000,99,99,99,99,99,99,0,0,0,1,0
8,80037,1,1,0,3,37,0,6,3,2010,7,10,25,1,1,1,I-70,,1860,39.58125000,-106.248394440,0,48,0,0,1,1,4,0,1,1,0,1,0,0000000,10,26,10,43,11,14,0,0,0,1,0
8,80038,1,1,1,1,31,600,9,3,2010,3,13,47,0,14,6,E EASTMAN ST,S TAMARAC DR,0,39.65746667,-104.900077780,0,9,0,0,3,2,1,0,1,1,0,1,0,0000000,13,47,13,50,14,13,0,0,0,1,0
8,80039,1,1,0,1,13,0,9,3,2010,3,23,57,0,6,4,S CHERRYVALE RD,,0,39.97201111,-105.212750000,0,53,0,0,1,1,4,0,2,1,0,1,0,0000000,23,57,0,7,88,88,18,0,0,1,1
8,80040,2,2,0,2,1,110,9,3,2010,3,9,33,0,14,6,E 40TH AVE,N AIRPORT BLVD,0,39.77272778,-104.789891670,0,12,6,1,2,2,1,0,1,1,0,1,0,0000000,9,33,9,38,10,6,0,0,0,1,0
8,80041,4,4,0,7,23,0,15,3,2010,2,10,0,1,2,2,US-160,,2748,37.59103611,-105.246177780,0,12,7,0,1,1,1,0,1,1,0,1,0,0000000,99,99,99,99,88,88,0,0,0,2,0
8,80042,2,2,0,3,31,600,9,3,2010,3,13,0,0,13,6,S MONACO ST PKWY,E CORNELL AVE,0,39.66271667,-104.912813890,0,12,6,0,2,2,1,0,1,1,0,1,0,0000000,13,2,13,2,13,26,0,0,0,1,0
8,80043,3,3,0,5,93,0,14,3,2010,1,13,33,1,2,2,US-285,,2048,39.43157778,-105.761608330,0,12,6,0,1,1,1,0,1,4,0,4,0,0000000,99,99,99,99,99,99,0,0,0,1,0
8,80044,1,1,0,3,31,600,9,3,2010,3,23,51,0,13,6,N WASHINGTON ST,,0,39.78180000,-104.978619440,0,30,0,0,1,1,4,0,3,1,0,1,0,0000000,23,53,23,57,1,3,20,0,0,1,1
8,80045,2,2,0,4,3,0,20,3,2010,7,10,35,1,2,2,US-160,,2445,37.47476111,-105.664519440,0,12,6,0,1,1,1,0,1,1,0,1,0,0000000,10,40,10,50,11,15,0,0,0,1,0
8,80046,1,1,0,1,87,0,21,3,2010,1,16,14,1,2,3,SR-71,,1664,40.14611111,-103.584719440,0,1,0,0,1,1,4,0,1,1,0,1,0,0000000,99,99,99,99,88,88,0,0,0,1,0
8,80047,1,1,1,2,31,600,21,3,2010,1,18,31,0,16,6,W HILLSIDE AVE,,0,39.67098611,-105.020127780,0,15,0,0,1,1,1,0,5,1,0,1,0,0000000,99,99,99,99,99,99,0,0,0,1,0
8,80048,1,1,1,2,1,2427,13,3,2010,7,21,45,1,11,1,I-25,,2186,39.85173889,-104.986047220,0,8,0,0,1,1,1,0,3,1,0,1,0,0000000,21,50,21,54,88,88,0,0,0,1,0
8,80049,1,1,1,2,41,430,15,3,2010,2,6,51,0,14,6,S CIRCLE DR,,0,38.82055556,-104.780561110,0,8,0,0,1,1,1,0,4,1,0,1,0,0000000,6,51,99,99,99,99,0,0,0,1,0
8,80050,2,2,0,2,99,0,24,3,2010,4,5,30,1,2,2,US-287,,744,38.04068889,-102.615569440,0,12,6,0,1,1,1,0,2,4,0,4,0,0000000,99,99,99,99,88,88,0,0,0,1,0
8,80051,2,2,0,3,19,0,25,3,2010,5,16,19,1,1,1,I-70,,2383,39.74749444,-105.545113890,0,12,6,0,1,1,1,0,1,1,0,1,0,0000000,16,19,99,99,88,88,0,0,0,1,1
8,80052,1,1,0,4,37,0,27,3,2010,7,14,37,1,1,1,I-70,,1492,39.67526944,-106.784950000,0,38,0,0,1,1,4,0,1,1,0,1,0,0000000,14,40,14,46,15,17,0,0,0,1,0
8,80053,2,2,0,4,69,1550,2,3,2010,3,12,3,0,14,6,N MADISON AVE,NICKEL DR,0,40.40576111,-105.058725000,0,12,2,0,2,2,1,0,1,1,0,1,0,0000000,12,3,12,6,12,30,0,0,0,1,0
8,80054,1,1,0,3,41,430,25,3,2010,5,19,51,0,16,6,STETSON HILLS BLVD,,0,38.91205000,-104.702819440,0,33,0,0,1,1,3,0,2,1,0,1,0,0000000,99,99,99,99,99,99,0,0,0,1,1
8,80055,2,2,0,2,41,430,25,3,2010,5,16,21,0,13,6,NORTHVIEW DR,PALMER PARK BLVD,0,38.85422500,-104.780447220,0,12,6,0,2,2,1,0,1,1,0,1,0,0000000,99,99,99,99,99,99,0,0,0,1,0
8,80056,1,1,0,1,59,2555,18,3,2010,5,5,44,0,14,6,W 44TH AVE,I-70 ON RAMP,0,39.77832222,-105.136777780,0,1,0,1,3,1,1,1,3,1,0,1,0,0000000,5,45,5,50,6,11,0,0,0,1,1
8,80057,2,2,0,6,1,230,30,3,2010,3,13,29,1,11,1,I-76,,188,39.93218889,-104.794883330,0,12,1,1,19,1,2,0,1,1,0,1,0,0000000,13,30,13,31,14,16,0,0,0,1,0
8,80058,1,1,0,1,59,1000,3,3,2010,4,2,30,1,12,2,US-6,,2724,39.74788889,-105.225772220,0,24,0,0,1,1,4,0,2,1,0,1,0,0000000,2,44,2,52,88,88,0,0,0,1,1
8,80059,1,1,0,2,123,780,17,3,2010,4,2,7,0,16,6,42ND ST,,0,40.37014167,-104.708652780,0,1,0,0,1,1,4,0,2,1,0,1,0,0000000,2,10,2,14,2,35,0,0,0,1,1
8,80060,1,1,0,1,15,0,2,4,2010,6,0,18,1,2,2,US-24,,2253,38.90733056,-105.980361110,0,1,0,0,1,1,4,0,2,1,0,1,0,0000000,99,99,99,99,88,88,0,0,0,1,1
8,80061,3,3,0,14,31,600,3,4,2010,7,16,58,1,13,6,N LINCOLN ST,E 8TH AVE,0,39.72908889,-104.986150000,0,12,6,0,2,2,1,0,1,1,0,1,0,0000000,99,99,99,99,99,99,0,0,0,2,0
8,80062,1,1,0,1,29,0,5,4,2010,2,9,35,0,3,3,SR-92,,118,38.80263889,-107.876330560,0,1,0,0,1,1,4,0,1,1,0,1,0,0000000,9,38,9,52,10,13,0,0,0,1,0
8,80063,2,2,0,2,9,0,7,4,2010,4,10,22,1,2,2,US-287,,27,37.03195833,-102.534547220,0,12,2,0,1,1,1,0,1,1,0,1,0,0000000,10,21,10,42,88,88,0,0,0,1,0
8,80064,1,1,1,1,5,110,5,4,2010,2,17,41,0,14,6,S PEORIA ST,,0,39.69698889,-104.847194440,0,8,0,0,1,1,1,0,1,1,0,1,0,0000000,17,41,17,47,17,54,0,0,0,1,0
8,80065,3,3,0,3,31,600,9,4,2010,6,2,16,1,11,1,I-70,,2768,39.78022222,-104.936100000,0,30,0,1,19,1,4,0,3,1,0,1,0,0000000,99,99,99,99,88,88,14,0,0,1,1
8,80066,3,3,0,8,99,0,10,4,2010,7,0,15,1,2,2,US-287,,578,37.80123889,-102.611613890,0,12,2,0,1,1,1,0,2,1,0,1,0,0000000,99,99,99,99,99,99,0,0,0,1,0
8,80067,1,1,0,2,41,0,10,4,2010,7,1,9,1,2,2,US-24,,3383,39.02735000,-104.320019440,0,31,0,0,1,1,4,0,2,1,0,1,0,0000000,99,99,99,99,88,88,0,0,0,2,1
8,80068,1,1,1,2,31,600,11,4,2010,1,20,29,0,14,6,N PERRY ST,W 29TH AVE,0,39.75849167,-105.039327780,0,9,0,0,2,2,1,0,3,1,0,1,0,0000000,20,29,99,99,88,88,0,0,0,1,1
8,80069,1,1,0,3,77,0,10,4,2010,7,23,45,0,5,4,X 1/2 ROAD,,1,39.36535000,-108.253480560,0,1,0,0,1,1,4,0,2,1,0,1,0,0000000,99,99,99,99,99,99,0,0,0,1,0
8,80070,1,1,0,3,3,0,11,4,2010,1,0,5,1,2,2,US-160,,2301,37.48507500,-105.917975000,0,31,0,0,1,1,4,0,2,1,0,1,0,0000000,0,6,0,18,0,35,0,0,0,1,1
8,80071,1,1,0,4,81,0,12,4,2010,2,20,30,0,6,4,22,,0,40.57946389,-107.527544440,0,1,0,0,1,1,1,0,2,1,0,1,0,0000000,20,54,20,54,21,21,0,0,0,1,0
8,80072,3,3,0,3,31,600,11,4,2010,1,14,49,1,11,1,I-25,,2128,39.76825833,-104.994294440,0,12,7,1,18,1,1,0,1,1,0,1,0,0000000,14,50,14,56,15,8,0,0,0,1,0
8,80073,1,1,0,1,69,0,13,4,2010,3,22,59,0,6,4,29,,0,40.37433056,-105.192069440,0,1,0,0,1,1,1,0,2,1,0,1,0,0000000,99,99,99,99,99,99,0,0,0,1,0
8,80074,2,2,0,2,41,430,13,4,2010,3,17,7,0,13,6,W FILLMORE ST,,0,38.87598333,-104.849447220,0,12,6,0,8,1,1,0,1,1,0,1,0,0000000,99,99,99,99,88,88,0,0,0,1,0
8,80075,1,1,0,1,13,0,14,4,2010,4,14,10,0,4,4,N 75TH ST,,0,40.02760278,-105.178519440,0,34,0,0,1,1,5,0,1,1,0,1,0,0000000,14,14,14,19,14,41,0,0,0,1,0
8,80076,1,1,1,1,59,0,15,4,2010,5,17,45,1,1,1,I-70,,2552,39.70432222,-105.265788890,0,8,0,0,1,1,1,0,1,1,0,1,0,0000000,17,46,17,51,88,88,23,0,0,1,0
8,80077,1,1,1,2,123,0,10,4,2010,7,2,8,0,4,4,49,,0,40.20267500,-104.602730560,0,8,0,0,1,1,1,0,2,1,0,1,0,0000000,99,99,99,99,99,99,19,0,0,1,0
8,80078,2,2,0,2,123,0,16,4,2010,6,12,35,0,4,4,49,,0,40.34693889,-104.602072220,0,12,6,0,1,1,4,0,1,1,0,1,0,0000000,99,99,99,99,88,88,0,0,0,2,0
8,80079,2,2,0,2,69,0,16,4,2010,6,14,35,1,11,1,I-25,,2736,40.64155000,-105.000719440,0,1,0,0,1,1,3,0,1,6,0,6,0,0000000,14,38,14,46,88,88,14,0,0,1,1
8,80080,1,1,0,1,41,430,18,4,2010,1,1,17,0,13,6,N UNION BLVD,,0,38.90103056,-104.779219440,0,24,0,0,1,1,4,0,3,1,0,1,0,0000000,1,19,99,99,99,99,0,0,0,1,1
8,80081,1,1,0,1,65,0,20,4,2010,3,17,0,0,3,3,SR-91,,102,39.36088889,-106.183730560,0,1,0,0,1,1,1,0,1,1,0,1,0,0000000,99,99,99,99,88,88,0,0,0,1,0
8,80082,1,1,0,2,63,0,2,4,2010,6,8,41,0,6,4,48,,0,39.34821111,-102.278336110,0,1,0,0,1,1,4,0,1,1,0,1,0,0000000,8,41,8,45,9,0,0,0,0,2,0
8,80083,1,1,0,1,45,0,12,4,2010,2,8,50,1,1,1,I-70,,825,39.49884167,-107.920083330,0,35,0,0,1,1,3,0,1,1,0,1,0,0000000,8,52,9,5,9,26,0,0,0,1,0
8,80084,2,2,0,2,61,0,22,4,2010,5,13,50,0,6,4,W ROAD,34,0,38.54223056,-102.896344440,0,12,6,0,2,2,1,0,1,1,0,1,0,0000000,99,99,99,99,99,99,0,0,0,1,0
8,80085,1,1,0,3,73,0,23,4,2010,6,14,25,1,1,1,I-70,,3685,39.26528889,-103.546119440,0,31,0,0,1,1,4,0,1,4,0,4,0,0000000,14,26,14,36,15,5,0,0,0,1,0
8,80086,1,1,0,2,71,0,24,4,2010,7,6,35,1,1,1,I-25,,254,37.32014167,-104.556202780,0,31,0,0,1,1,4,0,1,1,0,1,0,0000000,6,35,6,44,88,88,0,0,0,2,0
8,80087,2,2,0,2,39,0,24,4,2010,7,15,35,1,2,2,US-24,,3672,39.19128889,-103.855975000,0,12,8,0,1,1,2,0,1,1,0,1,0,0000000,15,38,15,45,88,88,0,0,0,1,0