STATE,ST_CASE,VE_TOTAL,VE_FORMS,PEDS,PERSONS,COUNTY,CITY,DAY,MONTH,YEAR,DAY_WEEK,HOUR,MINUTE,NHS,ROAD_FNC,ROUTE,TWAY_ID,TWAY_ID2,MILEPT,LATITUDE,LONGITUD,SP_JUR,HARM_EV,MAN_COLL,RELJCT1,RELJCT2,TYP_INT,REL_ROAD,WRK_ZONE,LGT_COND,WEATHER1,WEATHER2,WEATHER,SCH_BUS,RAIL,NOT_HOUR,NOT_MIN,ARR_HOUR,ARR_MIN,HOSP_HR,HOSP_MN,CF1,CF2,CF3,FATALS,DRUNK_DR
8,80088,1,1,1,1,31,600,25,4,2010,1,1,59,1,11,1,I-25,,2095,39.73032500,-105.015394440,0,8,0,1,18,1,1,0,3,1,0,1,0,0000000,99,99,99,99,88,88,0,0,0,1,1
8,80089,2,2,0,4,59,0,21,4,2010,4,13,50,0,4,4,MYERS GULCH ROAD,,0,39.64743056,-105.294275000,0,12,2,0,1,1,1,0,1,1,0,1,0,0000000,13,55,99,99,99,99,0,0,0,1,0
8,80090,2,2,0,2,31,600,28,4,2010,4,17,25,0,14,6,E YALE AVE,S YALE CIR,0,39.66746389,-104.927433330,0,12,2,0,2,3,1,0,1,1,0,1,0,0000000,17,26,17,27,18,8,0,0,0,1,0
8,80091,1,1,0,2,93,0,24,4,2010,7,22,16,1,2,2,US-24,,2539,39.04351944,-105.529650000,0,1,0,0,1,1,4,0,2,1,0,1,0,0000000,22,16,99,99,99,99,0,0,0,1,1
8,80092,1,1,1,1,13,1390,6,4,2010,3,21,46,0,14,6,CITY CENTER CIRCLE,S PUBLIC ROAD,0,39.98845278,-105.090486110,0,9,0,0,3,2,1,0,3,1,0,1,0,0000000,21,46,21,50,99,99,0,0,0,1,0
8,80093,2,2,0,3,69,0,1,5,2010,7,15,20,0,14,4,17,,0,40.62865833,-105.095205560,0,12,2,0,1,1,4,0,1,1,0,1,0,0000000,99,99,99,99,99,99,0,0,0,1,2
8,80094,1,1,0,1,123,0,3,5,2010,2,6,14,0,4,4,43,,0,40.34095000,-104.658711110,0,53,0,0,1,1,4,0,2,1,0,1,0,0000000,6,14,6,17,88,88,0,0,0,1,1
8,80095,1,1,0,2,37,0,5,5,2010,4,6,20,1,1,1,I-70,,1670,39.63484167,-106.516261110,0,31,0,0,1,1,3,0,4,1,0,1,0,0000000,6,22,6,25,7,10,0,0,0,1,0
8,80096,2,2,0,2,41,0,5,5,2010,4,8,5,1,11,1,I-25,,1322,38.73060000,-104.738538890,0,12,1,0,1,1,1,0,1,1,0,1,0,0000000,99,99,99,99,99,99,0,0,0,1,0
8,80097,1,1,0,2,41,430,4,5,2010,3,19,11,1,12,6,S ACADEMY BLVD,,0,38.78556944,-104.757450000,0,1,0,0,1,1,1,0,5,1,0,1,0,0000000,99,99,99,99,99,99,0,0,0,1,1
8,80098,1,1,0,2,73,0,5,5,2010,4,22,0,1,1,1,I-70,,3620,39.26230000,-103.663919440,0,24,0,1,18,1,4,0,3,1,0,1,0,0000000,99,99,99,99,99,99,0,0,0,1,0
8,80099,1,1,0,1,107,0,8,5,2010,7,17,35,0,6,4,80,,29,40.51740000,-107.237786110,0,1,0,0,1,1,4,0,1,1,0,1,0,0000000,18,4,18,9,88,88,0,0,0,1,1
8,80100,2,2,0,2,51,0,9,5,2010,1,13,50,0,3,3,SR-133,,356,39.06893889,-107.365186110,0,1,0,0,1,1,1,0,1,1,0,1,0,0000000,13,55,14,36,15,30,0,0,0,1,0
8,80101,1,1,1,1,31,600,9,5,2010,1,17,36,0,16,6,S CLAY ST,,0,39.70842500,-105.020369440,0,8,0,0,1,1,1,0,1,1,0,1,0,0000000,99,99,99,99,88,88,0,0,0,1,0
8,80102,1,1,0,2,5,110,7,5,2010,6,19,30,1,11,1,I-225,,57,39.68052222,-104.828891670,0,1,0,0,1,1,4,0,5,1,0,1,0,0000000,19,30,19,34,19,50,0,0,0,1,0
8,80103,2,2,0,3,41,0,12,5,2010,4,19,49,0,3,4,CURTIS ROAD,JONES ROAD,0,38.89640556,-104.553455560,0,12,6,0,2,2,1,0,5,1,0,1,0,0000000,99,99,99,99,99,99,0,0,0,1,0
8,80104,1,1,0,1,59,0,22,5,2010,7,7,50,1,1,1,I-70,,2569,39.69879167,-105.237280560,0,24,0,0,1,1,3,0,1,6,0,6,0,0000000,7,55,8,4,88,88,0,0,0,1,0
8,80105,1,1,0,1,41,0,22,5,2010,7,16,5,1,2,2,US-24,,2949,38.88835000,-104.956288890,0,1,0,0,1,1,3,0,1,1,0,1,0,0000000,99,99,99,99,99,99,0,0,0,1,0
8,80106,1,1,0,1,89,0,22,5,2010,7,19,31,0,3,2,US-350,,504,37.75741667,-103.841302780,0,1,0,0,1,1,4,0,1,1,0,1,0,0000000,19,37,20,4,88,88,0,0,0,1,0
8,80107,1,1,1,2,101,2050,22,5,2010,7,1,36,0,13,3,SR-96,,576,38.27139444,-104.579636110,0,9,0,0,1,1,1,0,3,1,0,1,0,0000000,1,36,1,36,88,88,16,0,0,1,0
8,80108,1,1,0,1,55,0,25,5,2010,3,1,0,0,4,4,550,,26,37.77269444,-105.222975000,0,35,0,0,1,1,4,0,2,1,0,1,0,0000000,99,99,99,99,88,88,0,0,0,1,0
8,80109,1,1,0,1,123,1070,22,5,2010,7,16,8,0,14,6,47TH AVE,9TH ST,0,40.42446111,-104.755975000,0,1,0,0,3,3,1,0,1,1,0,1,0,0000000,16,9,16,11,16,26,0,0,0,1,0
8,80110,1,1,0,1,59,2550,27,5,2010,5,6,4,0,14,6,W 100TH AVE,,0,39.87830000,-105.129661110,0,59,0,0,1,1,4,0,2,1,0,1,0,0000000,6,10,6,14,88,88,0,0,0,1,1
8,80111,1,1,0,1,43,0,27,5,2010,5,13,41,0,14,3,SR-115,,229,38.51305278,-104.964213890,0,17,0,0,1,1,4,0,1,1,0,1,0,0000000,13,41,13,57,15,3,0,0,0,1,0
8,80112,2,2,0,2,1,434,27,5,2010,5,14,10,0,13,6,QUEBEC PARKWAY,,0,39.83300000,-104.897916670,0,12,2,0,1,1,1,0,1,1,0,1,0,0000000,14,10,14,10,88,88,0,0,0,2,0
8,80113,1,1,0,1,87,0,28,5,2010,6,18,5,0,4,3,SR-39,,66,40.33806944,-104.056430560,0,31,0,0,1,1,4,0,1,1,0,1,0,0000000,99,99,99,99,99,99,0,0,0,1,1
8,80114,1,1,0,2,101,0,28,5,2010,6,19,25,1,2,2,US-50,SWALLOWS ROAD,3017,38.35536944,-104.842813890,0,1,0,0,2,3,1,0,1,1,0,1,0,0000000,19,25,19,35,19,53,0,0,0,1,1
8,80115,1,1,0,2,9,0,29,5,2010,7,19,39,0,6,4,VV ROAD,,0,37.62056111,-102.551288890,0,1,0,0,1,1,1,0,2,1,0,1,0,0000000,19,33,20,0,20,28,0,0,0,1,1
8,80116,1,1,0,1,27,0,30,5,2010,1,16,15,0,4,3,SR-165,,72,38.10792778,-105.137702780,0,1,0,0,1,1,4,0,1,1,0,1,0,0000000,99,99,99,99,88,88,0,0,0,1,0
8,80117,1,1,0,1,41,0,30,5,2010,1,23,45,0,6,4,BRADLEY ROAD,,0,38.76638056,-104.615288890,0,31,0,0,1,1,4,0,2,1,0,1,0,0000000,99,99,99,99,88,88,0,0,0,1,1
8,80118,1,1,0,2,67,0,31,5,2010,2,10,25,0,5,4,213,,69,37.13971111,-107.893825000,0,1,0,0,1,1,1,0,1,1,0,1,0,0000000,99,99,99,99,99,99,0,0,0,1,0
8,80119,2,2,0,3,123,0,31,5,2010,2,14,20,0,3,3,SR-392,,1067,40.47975000,-104.864419440,0,12,2,0,1,1,1,0,1,1,0,1,0,0000000,99,99,99,99,99,99,0,0,0,2,0
8,80120,2,2,0,4,35,1952,31,5,2010,2,13,53,0,13,6,LINCOLN AVE,TWENTY MILE RD,0,39.53689167,-104.774516670,0,12,6,0,2,2,1,0,1,1,0,1,0,0000000,13,53,14,0,99,99,0,0,0,1,0
8,80121,1,1,0,3,41,430,27,5,2010,5,1,50,1,13,6,N ACADEMY BLVD,,0,38.86248056,-104.757305560,0,33,0,0,1,1,3,0,3,1,0,1,0,0000000,99,99,99,99,99,99,0,0,0,1,0
8,80122,2,2,0,3,5,345,17,5,2010,2,11,35,0,13,6,E DRY CREEK RD,S YOSEMITE ST,0,39.58055000,-104.885672220,0,12,6,0,2,2,1,0,1,1,0,1,0,0000000,11,36,11,40,12,20,0,0,0,1,0
8,80123,1,1,0,3,1,2427,31,5,2010,2,19,17,0,15,6,WELBY RD,,0,39.86000556,-104.950033330,0,35,0,0,1,1,4,0,1,1,0,1,0,0000000,19,17,19,23,88,88,0,0,0,1,1
8,80124,2,1,0,1,41,430,7,5,2010,6,23,54,0,16,6,POTTER DR,,0,38.84645000,-104.752597220,0,14,0,0,1,1,7,0,2,1,0,1,0,0000000,99,99,99,99,99,99,20,0,0,1,1
8,80125,2,2,0,2,41,1710,22,5,2010,7,22,0,0,14,3,SR-105,,55,39.09558333,-104.865133330,0,12,6,0,8,1,1,0,3,1,0,1,0,0000000,22,2,22,4,88,88,0,0,0,1,1
8,80126,1,1,1,1,13,0,2,6,2010,4,15,31,0,14,4,LOOKOUT ROAD,N 79TH ST,0,40.07271111,-105.169141670,0,8,0,0,3,3,1,0,1,1,0,1,0,0000000,99,99,99,99,88,88,0,0,0,1,0
8,80127,2,2,0,2,123,9997,3,6,2010,5,11,50,0,15,3,SR-56,,57,40.30533889,-105.051069440,0,12,2,0,1,1,1,0,1,1,0,1,0,0000000,99,99,99,99,99,99,0,0,0,1,0
8,80128,1,1,0,2,41,430,7,6,2010,2,0,41,1,13,6,N ACADEMY BLVD,,0,38.90477500,-104.775963890,0,33,0,0,1,1,4,0,2,1,0,1,0,0000000,0,42,0,46,99,99,0,0,0,2,1
8,80129,2,2,0,4,31,600,6,6,2010,1,17,38,1,13,3,SR-2,US-40,60,39.74008889,-104.940772220,0,12,6,0,2,2,1,0,1,1,0,1,0,0000000,17,38,99,99,99,99,0,0,0,1,0
8,80130,1,1,0,2,3,0,6,6,2010,1,0,20,0,4,4,12 SOUTH,101,0,37.40067500,-106.020880560,0,11,0,0,2,3,1,0,2,1,0,1,0,0000000,0,35,0,47,1,10,0,0,0,1,0
8,80131,1,1,0,2,35,0,6,6,2010,1,1,15,1,11,1,I-25,,1885,39.47220000,-104.872500000,0,31,0,1,18,1,4,0,3,1,0,1,0,0000000,1,15,99,99,99,99,0,0,0,1,0
8,80132,1,1,0,1,3,0,6,6,2010,1,20,15,0,5,4,3 SOUTH ROAD,,0,37.53051111,-105.928975000,0,59,0,0,1,1,4,0,1,1,0,1,0,0000000,20,24,20,29,88,88,0,0,0,1,1
8,80133,1,1,0,2,101,2050,7,6,2010,2,13,35,0,13,3,SR-96,,532,38.25844722,-104.653377780,0,1,0,0,8,1,1,0,1,1,0,1,0,0000000,13,36,13,44,13,58,0,0,0,1,0
8,80134,2,2,0,2,77,1040,11,6,2010,6,13,10,1,13,3,SR-70 BUSN RT,F ROAD,21,39.09367500,-108.612872220,0,12,6,0,2,3,1,0,1,1,0,1,0,0000000,13,14,13,17,88,88,0,0,0,1,0
8,80135,1,1,0,2,103,0,10,6,2010,5,8,48,0,3,3,SR-64,,389,40.18108333,-108.494097220,0,31,0,0,1,1,4,0,1,1,0,1,0,0000000,8,54,9,24,10,26,0,0,0,1,1
8,80136,1,1,0,1,41,0,11,6,2010,6,19,52,1,2,2,US-24,,2933,38.90486944,-104.970044440,0,24,0,0,1,1,3,0,5,1,0,1,0,0000000,99,99,99,99,88,88,0,0,0,1,1
8,80137,1,1,0,1,71,0,3,6,2010,5,22,0,0,6,4,45.4 ROAD,,0,37.37216944,-104.728138890,0,1,0,0,1,1,4,0,2,1,0,1,0,0000000,0,41,1,13,88,88,0,0,0,1,0
8,80138,1,1,0,1,59,0,14,6,2010,2,7,0,0,3,4,126,,131,39.34848889,-105.252666670,0,42,0,0,1,1,4,0,2,5,0,5,0,0000000,7,21,7,30,88,88,0,0,0,1,1
8,80139,1,1,0,3,101,2050,13,6,2010,1,18,33,1,11,1,I-25,,944,38.21233333,-104.625861110,0,1,0,0,1,1,4,0,1,1,0,1,0,0000000,18,35,18,38,18,57,0,0,0,1,0
8,80140,2,2,0,2,85,0,15,6,2010,3,16,48,0,3,3,SR-348,5600 ROAD,134,38.60620556,-108.040227780,0,12,6,0,2,2,1,0,1,1,0,1,0,0000000,16,46,16,56,17,17,0,0,0,1,0
8,80141,1,1,0,1,35,0,5,6,2010,7,2,32,0,15,4,E INSPIRATION DR,,0,39.55084722,-104.692463890,0,11,0,0,1,1,1,0,2,1,0,1,0,0000000,2,33,99,99,88,88,0,0,0,1,1
8,80142,2,1,0,1,123,0,17,6,2010,5,17,18,0,6,4,58,,0,40.40589722,-104.578444440,0,53,0,0,1,1,4,0,1,1,0,1,0,0000000,17,18,17,25,88,88,0,0,0,1,1
8,80143,1,1,0,1,45,0,17,6,2010,5,21,45,0,3,3,SR-13,,127,39.66264444,-107.893838890,0,31,0,0,1,1,4,0,2,1,0,1,0,0000000,5,38,5,52,88,88,18,0,0,1,1
8,80144,2,2,0,5,41,0,18,6,2010,6,10,9,1,2,2,US-24,PALOMINO DR,3354,39.02623611,-104.376963890,0,12,1,0,2,3,1,0,1,1,0,1,0,0000000,99,99,99,99,88,88,0,0,0,1,0
8,80145,1,1,0,3,5,0,15,6,2010,3,12,14,0,16,4,W GIRARD AVE,S IRVING ST,0,39.65528611,-105.029761110,0,5,0,0,3,3,1,0,1,1,0,1,0,0000000,99,99,99,99,99,99,0,0,0,1,0
8,80146,1,1,0,5,41,890,19,6,2010,7,2,0,1,1,1,I-25,,1272,38.66458056,-104.702344440,0,1,0,0,1,1,1,0,2,1,0,1,0,0000000,2,3,2,13,88,88,0,0,0,2,1
8,80147,1,1,0,1,45,0,19,6,2010,7,16,2,0,3,3,SR-139,,345,39.59537778,-108.811261110,0,24,0,0,1,1,4,0,1,1,0,1,0,0000000,16,8,16,54,88,88,0,0,0,1,0
8,80148,1,1,0,1,35,0,16,6,2010,4,1,58,0,13,4,LINCOLN AVE,,0,39.53673889,-104.906563890,0,33,0,0,1,1,4,0,3,1,0,1,0,0000000,2,20,99,99,88,88,0,0,0,1,1
8,80149,2,2,0,2,13,0,21,6,2010,2,16,30,0,2,2,US-36,,137,40.25678889,-105.341769440,0,12,2,0,1,1,1,0,1,1,0,1,0,0000000,99,99,99,99,99,99,0,0,0,1,0
8,80150,2,2,0,2,13,0,21,6,2010,2,17,55,0,3,4,73RD ST,NIMBUS RD,0,40.11251389,-105.183219440,0,12,2,0,2,2,1,0,1,1,0,1,0,0000000,17,56,18,0,88,88,0,0,0,1,0
8,80151,1,1,0,1,87,0,22,6,2010,3,4,51,1,1,1,I-76,,679,40.25001111,-104.023038890,0,59,0,0,1,1,4,1,4,1,0,1,0,0000000,4,51,4,59,88,88,0,0,0,1,1
8,80152,1,1,0,1,67,0,24,6,2010,5,14,22,1,13,2,US-550,,267,37.33821944,-107.852811110,0,42,0,0,1,1,4,0,1,1,0,1,0,0000000,99,99,99,99,88,88,0,0,0,1,0
8,80153,2,2,0,3,31,600,24,6,2010,5,15,16,1,12,2,US-85,,2106,39.70461667,-104.995480560,0,12,7,1,18,1,1,0,1,1,0,1,0,0000000,99,99,99,99,99,99,0,0,0,1,0
8,80154,1,1,1,1,107,0,23,6,2010,4,8,25,0,6,4,62,,45,40.74966111,-106.961533330,0,9,0,0,1,1,1,0,1,1,0,1,0,0000000,8,27,8,54,9,37,16,0,0,1,0
8,80155,2,2,0,3,13,0,25,6,2010,6,17,5,0,2,2,US-36,,309,40.08247778,-105.282147220,0,12,2,0,1,1,1,0,1,1,0,1,0,0000000,17,5,99,99,99,99,0,0,0,1,1
8,80156,2,1,0,5,63,0,28,6,2010,2,10,30,1,1,1,I-70,,4304,39.29397222,-102.397522220,0,45,0,0,1,1,1,2,1,1,0,1,0,0000000,10,27,10,35,11,13,0,0,0,4,0
8,80157,2,2,0,2,81,0,26,6,2010,7,7,20,0,13,3,SR-13,,879,40.50545833,-107.583286110,0,11,0,0,1,1,1,0,1,1,0,1,0,0000000,7,23,7,26,7,42,14,0,0,1,1
8,80158,2,2,0,2,49,0,29,6,2010,3,12,5,1,2,2,US-40,,2164,40.03144444,-105.939891670,0,12,2,0,1,1,1,0,1,1,0,1,0,0000000,12,7,12,16,88,88,0,0,0,1,0
8,80159,2,2,0,4,77,0,29,6,2010,3,14,3,1,1,1,I-70,,642,39.35211944,-108.176938890,0,12,1,0,1,1,1,0,1,1,0,1,0,0000000,99,99,99,99,99,99,23,0,0,1,0
8,80160,1,1,0,2,69,860,30,6,2010,4,4,0,0,14,6,S LEMAY AVE,,0,40.57465000,-105.057919440,0,43,0,0,1,1,4,0,3,1,0,1,0,0000000,4,0,4,5,88,88,0,0,0,2,1
8,80161,1,1,0,1,49,0,28,6,2010,2,2,0,0,4,3,SR-134,,209,40.11193056,-106.506547220,0,59,0,0,1,1,4,0,2,1,0,1,0,0000000,5,17,5,36,88,88,0,0,0,1,0
8,80162,2,2,1,2,59,2555,11,6,2010,6,3,25,1,11,1,I-70,,2673,39.78433056,-105.111544440,0,12,6,1,18,1,1,0,3,1,0,1,0,0000000,3,25,3,30,88,88,14,19,0,2,1
8,80163,1,1,0,2,5,740,12,6,2010,7,1,46,1,13,2,US-285,,2601,39.65239722,-104.989083330,0,1,0,1,19,1,4,0,3,2,0,2,0,0000000,1,47,1,51,2,7,0,0,0,2,1
8,80164,2,2,0,3,89,0,6,6,2010,1,13,39,0,3,3,SR-10,22,655,37.98227500,-103.674561110,0,12,6,0,2,2,1,0,1,1,0,1,0,0000000,13,36,14,2,14,23,0,0,0,1,0
8,80165,1,1,0,1,67,0,21,6,2010,2,13,30,0,4,4,240,,0,37.31470556,-107.772350000,0,18,0,0,1,1,4,0,1,1,0,1,0,0000000,99,99,99,99,99,99,0,0,0,1,0
8,80166,1,1,0,1,35,1529,24,6,2010,5,1,59,1,11,1,I-25,,1947,39.56100278,-104.871763890,0,1,0,1,19,1,4,0,3,1,0,1,0,0000000,1,59,1,59,88,88,0,0,0,1,1
8,80167,2,2,0,3,31,600,13,6,2010,1,23,4,0,14,6,W BAYAUD AVE,S SANTA FE DR,0,39.71479722,-104.998572220,0,12,6,0,2,2,1,0,3,1,0,1,0,0000000,99,99,99,99,99,99,0,0,0,1,1
8,80168,1,1,0,1,101,2052,18,6,2010,6,17,56,0,13,6,PURCELL BLVD,,0,38.39845000,-104.632133330,0,1,0,0,1,1,1,0,1,1,0,1,0,0000000,99,99,99,99,99,99,0,0,0,1,0
8,80169,3,3,0,5,5,345,27,6,2010,1,15,20,1,13,3,SR-88,S JORDAN RD,205,39.59493889,-104.821072220,0,12,6,0,2,2,1,0,1,1,0,1,0,0000000,15,21,15,25,99,99,0,0,0,1,0
8,80170,3,3,0,3,41,430,8,6,2010,3,14,47,0,13,6,PIKES PEAK AVE,INSTITUTE ST,0,38.83339722,-104.808133330,0,12,6,0,2,2,1,0,1,1,0,1,0,0000000,99,99,99,99,88,88,14,0,0,1,0
8,80171,1,1,0,1,41,430,17,6,2010,5,12,48,1,11,1,I-25,,1422,38.84098889,-104.830216670,0,24,0,1,19,1,3,0,1,1,0,1,0,0000000,99,99,99,99,88,88,0,0,0,1,0
8,80172,2,2,0,2,123,0,1,7,2010,5,15,0,0,3,3,SR-14,,1827,40.63997222,-104.208580560,0,12,6,0,1,1,2,0,1,1,0,1,0,0000000,99,99,99,99,88,88,0,0,0,1,0
8,80173,1,1,0,2,41,0,2,7,2010,6,1,40,1,11,1,I-25,,1303,38.70615000,-104.723311110,0,1,0,0,1,1,3,0,3,1,0,1,0,0000000,99,99,99,99,99,99,0,0,0,1,1
8,80174,1,1,0,1,1,0,3,7,2010,7,6,27,1,11,1,I-25 RAMP E,,2170,39.82677500,-104.984155560,0,24,0,1,5,1,4,0,4,1,0,1,0,0000000,6,27,6,34,88,88,0,0,0,1,1
8,80175,2,2,0,3,45,0,3,7,2010,7,7,10,1,1,1,I-70,,1079,39.57341667,-107.470311110,0,24,0,0,1,1,4,0,1,1,0,1,0,0000000,7,14,7,26,8,0,0,0,0,1,1
8,80176,4,4,0,5,33,0,3,7,2010,7,15,10,1,2,2,US-491,,646,37.78185278,-108.962902780,0,12,2,0,1,1,1,0,1,1,0,1,0,0000000,99,99,99,99,99,99,0,0,0,2,0
8,80177,2,2,0,3,13,200,3,7,2010,7,23,53,1,13,2,US-36,SR-119,350,40.03648333,-105.258488890,0,12,6,0,2,2,1,0,3,1,0,1,0,0000000,23,54,23,54,0,20,0,0,0,1,0
8,80178,1,1,0,1,11,0,4,7,2010,1,12,20,1,2,2,US-50,,4161,38.11423889,-102.936900000,0,11,0,0,1,1,1,0,1,1,0,1,0,0000000,12,30,12,45,13,42,0,0,0,1,0
8,80179,2,1,0,2,101,2050,5,7,2010,2,16,40,0,15,6,REGENCY BLVD,,0,38.24072222,-104.671166670,0,14,0,0,1,1,7,0,1,1,0,1,0,0000000,16,39,16,49,99,99,20,0,0,1,1
8,80180,2,2,0,3,1,0,5,7,2010,2,23,15,1,11,1,I-25,,2152,39.80092222,-104.984908330,0,12,2,1,18,1,1,0,3,1,0,1,0,0000000,99,99,99,99,99,99,0,0,0,1,1
8,80181,2,2,0,3,41,0,6,7,2010,3,23,0,1,13,3,SR-21,GRINNELL ST,1366,38.76735278,-104.718375000,0,1,0,0,3,3,1,1,2,1,0,1,0,0000000,99,99,99,99,99,99,0,0,0,1,1
8,80182,1,1,0,1,9,0,8,7,2010,5,10,15,1,2,2,US-160,,4615,37.38321944,-102.668830560,0,31,0,0,1,1,4,0,1,1,0,1,0,0000000,99,99,99,99,88,88,0,0,0,1,0
8,80183,1,1,0,1,123,0,10,7,2010,7,22,17,0,6,4,39,,0,40.68242222,-104.696205560,0,59,0,0,1,1,4,0,2,1,0,1,0,0000000,99,99,99,99,88,88,0,0,0,1,1
8,80184,3,3,0,5,123,0,12,7,2010,2,9,30,1,1,1,I-25,,2457,40.24016111,-104.980033330,0,12,7,0,1,1,1,1,1,1,0,1,0,0000000,99,99,99,99,99,99,0,0,0,1,0
8,80185,2,2,0,6,41,430,13,7,2010,3,18,28,1,13,2,US-24,SR-21,3082,38.80623889,-104.730375000,0,12,2,0,2,2,1,0,1,1,0,1,0,0000000,18,28,99,99,99,99,0,0,0,1,0
8,80186,3,3,0,3,45,0,12,7,2010,2,11,55,0,3,3,SR-139,,330,39.59061667,-108.824311110,0,1,0,0,1,1,1,0,1,1,0,1,0,0000000,99,99,99,99,88,88,0,0,0,1,1
8,80187,1,1,0,1,9,0,12,7,2010,2,23,0,0,6,4,41,,0,37.21226111,-102.331719440,0,1,0,0,1,1,4,0,2,1,0,1,0,0000000,10,15,99,99,88,88,18,0,0,1,1
8,80188,2,2,0,2,123,0,14,7,2010,4,20,19,1,2,2,US-85,,2434,40.10471111,-104.810600000,0,12,7,0,1,1,1,0,5,1,0,1,0,0000000,99,99,99,99,99,99,0,0,0,1,1
8,80189,1,1,0,1,71,0,16,7,2010,6,9,55,0,4,4,75.1 ROAD,,0,37.21672778,-104.464575000,0,10,0,0,6,1,1,0,1,1,0,1,0,003324M,99,99,99,99,88,88,0,0,0,1,0
8,80190,2,2,0,4,1,0,16,7,2010,6,21,53,0,14,3,SR-53,SR-224,17,39.82363333,-104.987450000,0,12,2,0,2,2,1,0,3,1,0,1,0,0000000,21,54,21,57,22,19,0,0,0,1,1
8,80191,1,1,0,1,41,0,17,7,2010,7,5,7,0,6,4,HEASTON RD,RAMAH HWY,0,39.02786111,-104.147088890,0,31,0,0,3,4,4,0,2,1,0,1,0,0000000,99,99,99,99,88,88,0,0,0,1,0
8,80192,2,2,0,4,19,0,19,7,2010,2,14,15,1,1,1,I-70,,2174,39.69645000,-105.873158330,0,12,1,0,1,1,1,0,1,1,0,1,0,0000000,99,99,99,99,99,99,0,0,0,1,0
8,80193,1,1,0,4,35,0,27,7,2010,3,22,48,1,1,1,I-25,,1640,39.13816944,-104.862316670,0,1,0,0,1,1,1,0,3,1,0,1,0,0000000,99,99,99,99,99,99,0,0,0,1,0
8,80194,2,2,0,3,5,110,21,7,2010,4,22,57,0,13,3,SR-30,I-225 SB RAMP,100,39.72560000,-104.825850000,0,12,2,1,2,2,1,0,3,1,0,1,0,0000000,22,58,23,2,23,15,0,0,0,1,0
8,80195,1,1,0,2,1,434,21,7,2010,4,13,1,1,11,1,I-270 RAMP H,,25,39.79950278,-104.932838890,0,1,0,1,5,1,1,0,1,1,0,1,0,0000000,13,1,13,5,13,20,0,0,0,1,0
8,80196,1,1,0,1,29,0,24,7,2010,7,15,15,0,3,3,SR-65,,166,38.97404722,-107.942208330,0,1,0,0,1,1,4,0,1,1,0,1,0,0000000,15,28,15,42,88,88,20,0,0,1,1
8,80197,3,1,0,3,31,600,26,7,2010,2,1,27,0,15,6,N HOLLY ST,,0,39.77367222,-104.922316670,0,14,0,0,1,1,7,0,3,1,0,1,0,0000000,99,99,99,99,99,99,14,0,0,2,0
8,80198,1,1,0,1,65,0,26,7,2010,2,2,0,0,3,3,SR-91,,85,39.35459722,-106.214650000,0,31,0,0,1,1,4,0,2,1,0,1,0,0000000,99,99,99,99,88,88,0,0,0,1,1
8,80199,2,2,1,3,101,2050,27,7,2010,3,21,23,0,13,3,SR-96,,570,38.27104722,-104.591675000,0,8,0,0,1,1,1,0,3,1,0,1,0,0000000,21,23,21,26,21,33,0,0,0,1,0
8,80200,1,1,0,1,41,430,12,7,2010,2,15,55,0,16,6,N FORGE RD,,0,38.89760556,-104.841050000,0,33,0,0,1,1,4,0,1,1,0,1,0,0000000,15,56,16,1,16,19,0,0,0,1,0
8,80201,1,1,1,1,41,430,15,7,2010,5,21,26,1,2,2,US-24,,3194,38.92291667,-104.620141670,0,8,0,0,1,1,1,0,3,1,0,1,0,0000000,21,26,21,36,99,99,0,0,0,1,0
8,80202,1,1,0,1,117,0,28,7,2010,4,19,25,1,1,1,I-70,,2023,39.59180000,-106.097402780,0,31,0,1,18,1,3,0,3,2,0,2,0,0000000,19,28,19,34,88,88,0,0,0,1,0
8,80203,1,1,0,3,43,0,29,7,2010,5,17,5,0,4,4,123,,0,38.46116944,-105.097661110,0,53,0,0,1,1,4,0,1,1,0,1,0,0000000,99,99,99,99,88,88,0,0,0,3,0
8,80204,1,1,2,1,83,450,7,7,2010,4,21,29,1,13,2,US-160,,392,37.34885833,-108.570569440,0,8,0,0,1,1,1,0,3,1,0,1,0,0000000,21,29,21,30,99,99,0,0,0,1,0
8,80205,1,1,0,2,1,2427,25,7,2010,1,0,17,0,15,6,N WELBY RD,,0,39.85989167,-104.950016670,0,1,0,0,1,1,1,0,3,1,0,1,0,0000000,0,17,0,20,99,99,0,0,0,1,1
8,80206,1,1,0,1,1,0,2,7,2010,6,5,40,1,11,1,I-25 RAMP F,,2170,39.82878889,-104.982444440,0,24,0,1,5,1,4,0,1,1,0,1,0,0000000,5,42,5,50,6,18,0,0,0,1,0
8,80207,3,3,0,3,31,600,13,7,2010,3,10,16,0,13,6,S MONACO ST,E CEDAR AVE,0,39.71309722,-104.912730560,0,12,6,0,2,2,1,0,1,1,0,1,0,0000000,10,16,10,23,10,31,0,0,0,1,0
8,80208,1,1,1,1,31,600,23,7,2010,6,11,1,0,13,3,SR-26,S YUMA ST,133,39.71118333,-105.014472220,0,8,0,0,3,3,1,0,1,1,0,1,0,0000000,99,99,99,99,99,99,0,0,0,1,0
8,80209,2,2,0,2,77,1040,2,8,2010,2,21,35,0,13,6,F ROAD,PLACER ST,0,39.09180833,-108.500172220,0,12,6,0,2,3,1,0,3,1,0,1,0,0000000,99,99,99,99,99,99,0,0,0,1,1
8,80210,2,2,0,4,67,0,2,8,2010,2,6,10,0,4,3,SR-172,513,167,37.16906389,-107.713791670,0,12,6,0,2,3,1,0,4,2,0,2,0,0000000,99,99,99,99,99,99,0,0,0,1,0