STATE,ST_CASE,VE_TOTAL,VE_FORMS,PEDS,PERSONS,COUNTY,CITY,DAY,MONTH,YEAR,DAY_WEEK,HOUR,MINUTE,NHS,ROAD_FNC,ROUTE,TWAY_ID,TWAY_ID2,MILEPT,LATITUDE,LONGITUD,SP_JUR,HARM_EV,MAN_COLL,RELJCT1,RELJCT2,TYP_INT,REL_ROAD,WRK_ZONE,LGT_COND,WEATHER1,WEATHER2,WEATHER,SCH_BUS,RAIL,NOT_HOUR,NOT_MIN,ARR_HOUR,ARR_MIN,HOSP_HR,HOSP_MN,CF1,CF2,CF3,FATALS,DRUNK_DR
8,80211,2,2,0,3,59,0,3,8,2010,3,22,46,1,13,3,SR-121,W KEN CARYL AVE,23,39.58075833,-105.087230560,0,12,2,0,2,2,1,0,3,1,0,1,0,0000000,22,45,22,47,99,99,0,0,0,1,0
8,80212,1,1,0,1,115,0,4,8,2010,4,13,5,0,4,2,US-138,,437,40.93611111,-102.512788890,0,52,0,0,1,1,4,0,1,1,0,1,0,0000000,99,99,99,99,99,99,0,0,0,1,0
8,80213,1,1,0,2,69,0,5,8,2010,5,11,50,1,11,1,I-25,,2664,40.53891389,-104.995500000,0,1,0,0,1,1,1,1,1,1,0,1,0,0000000,99,99,99,99,99,99,0,0,0,1,0
8,80214,1,1,0,1,51,0,5,8,2010,5,12,45,1,2,2,US-50,,1208,38.39034167,-107.439386110,0,41,0,0,1,1,4,0,1,1,0,1,0,0000000,12,51,13,16,13,48,0,0,0,1,0
8,80215,1,1,0,1,45,0,5,8,2010,5,23,59,0,6,4,250,,25,39.58114722,-107.661466670,0,1,0,0,1,1,1,0,2,1,0,1,0,0000000,6,1,6,16,88,88,18,0,0,1,1
8,80216,1,1,0,1,29,0,7,8,2010,7,20,50,0,3,3,SR-133,,62,38.85885000,-107.637850000,0,31,0,0,1,1,4,0,2,2,0,2,0,0000000,21,4,21,20,88,88,0,0,0,1,1
8,80217,2,2,0,4,69,0,8,8,2010,1,14,50,0,4,4,9,70,0,40.75510556,-105.019244440,0,12,6,0,2,2,1,0,1,1,0,1,0,0000000,99,99,99,99,99,99,0,0,0,1,0
8,80218,2,2,0,2,101,2050,7,8,2010,7,9,5,0,14,2,US-50 BUSN RT,S SANTA FE AVE,13,38.25254722,-104.606525000,0,12,6,0,2,3,1,0,1,1,0,1,0,0000000,9,5,99,99,99,99,0,0,0,1,0
8,80219,1,1,0,2,91,0,10,8,2010,3,17,0,1,2,2,US-550,,1145,38.29103056,-107.770019440,0,31,0,0,1,1,4,0,1,1,0,1,0,0000000,17,5,17,16,18,20,0,0,0,1,0
8,80220,1,1,1,1,83,0,11,8,2010,4,10,30,1,13,2,US-160,,350,37.30940556,-108.611313890,0,8,0,0,1,1,1,0,1,1,0,1,0,0000000,10,31,10,36,10,49,0,0,0,1,0
8,80221,2,2,0,2,17,0,9,8,2010,2,11,33,0,2,2,US-40,43,4689,38.81507500,-102.369405560,0,12,6,0,2,2,1,0,1,1,0,1,0,0000000,99,99,99,99,99,99,0,0,0,1,0
8,80222,1,1,0,2,1,434,12,8,2010,5,4,58,0,13,6,N TOWER RD,,0,39.87447500,-104.771863890,0,1,0,0,1,1,4,0,2,1,0,1,0,0000000,4,59,5,10,99,99,0,0,0,1,1
8,80223,1,1,0,1,13,0,12,8,2010,5,16,20,0,3,3,SR-72,,439,40.07513333,-105.507350000,0,31,0,0,1,1,4,0,1,1,0,1,0,0000000,99,99,99,99,88,88,0,0,0,1,1
8,80224,1,1,0,1,31,600,13,8,2010,6,3,0,0,15,6,E EXPOSITION AVE,S OSCEOLA ST,0,39.70397222,-105.038113890,0,38,0,0,3,3,4,0,2,1,0,1,0,0000000,7,18,7,24,88,88,0,0,0,1,1
8,80225,1,1,0,2,55,0,13,8,2010,6,20,7,1,2,2,US-160,,3005,37.59733889,-104.860988890,0,1,0,0,1,1,4,0,5,1,0,1,0,0000000,20,7,20,16,20,29,0,0,0,1,1
8,80226,3,1,0,5,21,315,14,8,2010,7,1,30,0,4,3,SR-15,,225,37.28355000,-106.111005560,0,38,0,0,1,1,4,0,3,1,0,1,0,0000000,1,33,1,49,2,15,0,0,0,3,1
8,80227,1,1,0,1,61,0,14,8,2010,7,6,15,0,6,4,71,,0,38.50983056,-102.216755560,0,1,0,0,1,1,4,0,4,1,0,1,0,0000000,99,99,99,99,88,88,0,0,0,1,0
8,80228,1,1,0,1,59,0,15,8,2010,1,12,0,0,3,4,126,,0,39.39580833,-105.279819440,0,18,0,0,1,1,5,0,1,1,0,1,0,0000000,12,4,12,13,88,88,0,0,0,1,0
8,80229,2,2,0,2,5,740,3,8,2010,3,23,43,0,13,6,W EVANS AVE,S VALLEJO ST,0,39.67866667,-105.013325000,0,12,6,0,3,2,1,0,3,1,0,1,0,0000000,23,45,23,51,88,88,20,0,0,1,1
8,80230,1,1,0,1,69,0,18,8,2010,4,11,5,0,4,4,19,,0,40.47410000,-105.115691670,0,1,0,0,1,1,4,0,1,1,0,1,0,0000000,99,99,99,99,99,99,0,0,0,1,1
8,80231,1,1,0,3,77,0,13,8,2010,6,19,36,0,5,4,DIVIDE ROAD,,0,38.83739167,-108.565616670,0,1,0,0,1,1,4,0,1,1,0,1,0,0000000,19,35,20,5,21,19,0,0,0,1,0
8,80232,1,1,0,1,97,0,21,8,2010,7,23,45,1,13,3,SR-82,,334,39.27625000,-106.893930560,0,1,0,0,1,1,3,0,2,1,0,1,0,0000000,23,48,23,59,88,88,0,0,0,1,1
8,80233,1,1,0,1,33,0,20,8,2010,6,14,10,0,3,3,SR-145,,560,37.77998889,-107.946488890,0,1,0,0,1,1,1,0,1,1,0,1,0,0000000,99,99,99,99,88,88,0,0,0,1,1
8,80234,1,1,1,1,1,230,6,8,2010,6,23,8,0,16,6,N 12TH AVE,WALNUT ST,0,39.98859167,-104.806952780,0,9,0,0,2,2,1,0,3,1,0,1,0,0000000,23,8,23,11,23,47,0,0,0,1,0
8,80235,1,1,0,1,13,0,27,8,2010,6,8,15,0,3,3,SR-119,,282,39.97161111,-105.472211110,0,1,0,0,1,1,4,0,1,1,0,1,0,0000000,8,17,8,24,9,35,0,0,0,1,0
8,80236,1,1,1,2,101,0,28,8,2010,7,0,15,1,1,1,I-25,,1113,38.44843889,-104.605675000,0,8,0,0,1,1,1,0,2,1,0,1,0,0000000,0,27,0,38,88,88,0,0,0,1,0
8,80237,1,1,0,2,45,0,29,8,2010,1,6,30,1,1,1,I-70,,1134,39.56083889,-107.378269440,0,1,0,0,1,1,3,0,4,1,0,1,0,0000000,99,99,99,99,99,99,0,0,0,1,0
8,80238,2,2,0,2,59,0,30,8,2010,2,9,40,1,2,2,US-285,GODDARD RANCH CT,2438,39.58702222,-105.221219440,0,12,6,0,2,3,1,0,1,1,0,1,0,0000000,9,42,9,50,88,88,0,0,0,1,0
8,80239,1,1,0,2,123,1070,29,8,2010,1,16,34,1,12,2,US-85 RAMP,,2660,40.39430556,-104.680752780,0,24,0,1,5,1,4,0,1,1,0,1,0,0000000,16,34,16,39,17,2,0,0,0,2,1
8,80240,1,1,0,1,1,0,31,8,2010,3,2,0,0,3,2,US-36,,1084,39.73980833,-104.099866670,0,11,0,0,1,1,1,0,2,1,0,1,0,0000000,3,38,99,99,88,88,0,0,0,1,0
8,80241,1,1,1,1,9,0,31,8,2010,3,20,50,0,3,2,US-160,,4817,37.38176389,-102.301469440,0,15,0,0,1,1,1,0,2,1,0,1,0,0000000,99,99,99,99,99,99,0,0,0,1,0
8,80242,2,2,0,3,123,870,13,8,2010,6,9,14,1,13,2,US-85,14 1/2 ST,2427,40.09463889,-104.812208330,0,12,6,0,2,2,1,0,1,1,0,1,0,0000000,9,14,99,99,99,99,0,0,0,1,0
8,80243,1,1,0,3,1,230,22,8,2010,1,23,44,0,14,6,E 168TH AVE,,0,40.00047222,-104.794266670,0,35,0,0,1,1,4,0,2,1,0,1,0,0000000,23,44,23,44,88,88,0,0,0,1,1
8,80244,1,1,0,4,119,510,28,8,2010,7,1,9,0,4,5,W CARR AVE,,0,38.74725833,-105.188572220,0,1,0,0,1,1,5,0,2,1,0,1,0,0000000,1,11,1,14,99,99,0,0,0,1,0
8,80245,1,1,0,1,45,990,30,8,2010,2,18,31,0,14,6,S MIDLAND AVE,,0,39.53111389,-107.328825000,0,35,0,0,1,1,4,0,1,1,0,1,0,0000000,18,31,18,37,88,88,0,0,0,1,1
8,80246,2,2,0,3,31,600,22,8,2010,1,1,25,0,13,6,E EVANS AVE,,0,39.67854167,-104.979877780,0,12,2,0,8,1,1,0,3,1,0,1,0,0000000,99,99,99,99,99,99,0,0,0,2,0
8,80247,2,2,0,4,13,1390,29,8,2010,1,11,51,0,14,6,N 119TH ST,,0,39.99691667,-105.074300000,0,12,6,0,1,1,2,0,1,1,0,1,0,0000000,11,51,11,54,99,99,0,0,0,1,0
8,80248,1,1,0,2,53,1420,31,8,2010,3,22,45,0,3,3,SR-149,,720,38.02529444,-107.317358330,0,42,0,0,1,1,4,0,3,1,0,1,0,0000000,22,48,22,57,99,99,0,0,0,1,1
8,80249,2,2,0,2,31,600,27,8,2010,6,0,50,0,13,6,S BROADWAY ST,W MISSISSIPPI AVE,0,39.69663056,-104.987458330,0,12,2,0,2,2,1,0,3,1,0,1,0,0000000,99,99,99,99,88,88,0,0,0,1,2
8,80250,1,1,0,1,77,0,2,9,2010,5,17,0,0,14,3,SR-340,,47,39.11295000,-108.700480560,0,31,0,0,1,1,4,0,1,1,0,1,0,0000000,16,56,17,23,88,88,0,0,0,1,0
8,80251,1,1,0,1,123,1070,2,9,2010,5,22,12,0,14,6,S 11TH AVE,,0,40.40488889,-104.697097220,0,33,0,0,1,1,4,0,3,1,0,1,0,0000000,22,15,22,18,22,32,0,0,0,1,0
8,80252,1,1,0,1,121,0,4,9,2010,7,15,45,0,6,4,0 ROAD,,0,39.56615556,-103.186430560,0,1,0,0,1,1,4,0,1,1,0,1,0,0000000,16,59,17,22,88,88,0,0,0,1,0
8,80253,1,1,1,1,3,0,4,9,2010,7,21,50,1,2,7,US-285 FRONTAGE RD,,331,37.45466111,-105.878133330,0,8,0,0,1,1,1,0,2,1,0,1,0,0000000,21,58,22,5,88,88,0,0,0,1,0
8,80254,1,1,0,4,69,0,6,9,2010,2,5,10,1,2,2,US-287,,3820,40.96463611,-105.373172220,0,17,0,0,1,1,4,0,2,1,0,1,0,0000000,5,20,5,55,99,99,0,0,0,1,0
8,80255,2,2,0,7,87,0,4,9,2010,7,15,5,1,1,1,I-76,,651,40.23988889,-104.071794440,0,1,0,0,1,1,3,0,1,1,0,1,0,0000000,99,99,99,99,99,99,0,0,0,1,1
8,80256,1,1,0,3,49,0,4,9,2010,7,19,5,0,6,4,25,,0,40.17380833,-106.396366670,0,1,0,0,1,1,4,0,5,1,0,1,0,0000000,19,5,19,20,20,4,0,0,0,1,1
8,80257,1,1,0,4,101,0,7,9,2010,3,16,15,1,1,1,I-25,,917,38.17590000,-104.634377780,0,1,0,0,1,1,3,0,1,1,0,1,0,0000000,99,99,99,99,99,99,0,0,0,1,0
8,80258,1,1,0,3,13,1540,8,9,2010,4,19,49,0,13,6,VIA APPIA WAY,S BOULDER RD,0,39.98683333,-105.142113890,0,33,0,0,3,2,4,0,5,1,0,1,0,0000000,19,49,19,53,20,47,0,0,0,1,1
8,80259,2,2,0,2,41,0,9,9,2010,5,20,30,0,16,4,TOURMALINE DR,MERIDIAN ROAD,0,38.97320000,-104.607641670,0,1,0,0,2,3,1,0,2,1,0,1,0,0000000,99,99,99,99,88,88,0,0,0,1,0
8,80260,2,2,0,2,77,1040,10,9,2010,6,10,51,0,15,6,24 1/2 ROAD,,0,39.09047778,-108.598863890,0,12,6,0,8,1,1,0,1,1,0,1,0,0000000,10,51,10,56,88,88,0,0,0,1,0
8,80261,3,3,0,4,101,0,11,9,2010,7,19,59,0,3,2,US-50 BUSN RT,SR-233,74,38.24484444,-104.496838890,0,12,6,0,2,3,1,0,2,1,0,1,0,0000000,19,59,20,5,88,88,0,0,0,2,1
8,80262,2,2,0,3,101,2050,11,9,2010,7,18,26,0,13,6,S PRAIRIE AVE,MESA AVE,0,38.24581944,-104.643794440,0,12,6,0,2,2,1,0,1,1,0,1,0,0000000,18,29,18,33,18,47,0,0,0,1,1
8,80263,1,1,0,2,93,0,13,9,2010,2,17,10,0,3,2,US-24,,2531,39.04776944,-105.543638890,0,1,0,0,1,1,4,0,1,1,0,1,0,0000000,99,99,99,99,99,99,0,0,0,1,0
8,80264,1,1,0,1,41,0,15,9,2010,4,22,27,0,13,3,SR-83,,243,39.04873333,-104.763836110,0,1,0,0,1,1,1,0,2,1,0,1,0,0000000,99,99,99,99,88,88,0,0,0,1,1
8,80265,1,1,0,1,35,0,16,9,2010,5,15,38,1,2,2,US-85,,1921,39.45578056,-104.981263890,0,18,0,0,1,1,4,0,1,1,0,1,0,0000000,15,43,15,50,88,88,0,0,0,1,0
8,80266,2,2,0,3,77,0,10,9,2010,6,8,0,0,3,3,SR-141,,1042,38.60229167,-108.930263890,0,12,6,0,8,1,1,0,1,1,0,1,0,0000000,8,11,99,99,88,88,0,0,0,1,0
8,80267,1,1,0,4,29,0,18,9,2010,7,16,50,1,2,2,US-50,,603,38.77615000,-108.231200000,0,1,0,0,1,1,3,0,1,1,0,1,0,0000000,16,52,16,58,17,57,0,0,0,1,0
8,80268,2,2,0,2,101,2050,7,9,2010,3,16,22,0,13,3,SR-96,,568,38.27096944,-104.594716670,0,1,0,0,1,1,1,0,1,1,0,1,0,0000000,16,23,16,31,16,42,0,0,0,1,0
8,80269,1,1,0,1,123,0,21,9,2010,3,17,19,0,6,4,38,,0,40.26085000,-104.799858330,0,10,0,0,6,1,1,0,1,1,0,1,0,804347G,17,19,17,19,88,88,0,0,0,1,0
8,80270,1,1,0,2,45,0,23,9,2010,5,16,38,0,3,3,SR-139,,345,39.59538056,-108.811230560,0,24,0,0,1,1,4,0,1,1,0,1,0,0000000,16,40,17,23,19,19,0,0,0,1,0
8,80271,1,1,1,3,69,860,18,9,2010,7,22,36,0,14,6,E MULBERRY ST,PETERSON ST,0,40.58148056,-105.071958330,0,8,0,0,3,2,1,0,3,1,0,1,0,0000000,22,36,22,36,22,59,0,0,0,1,0
8,80272,1,1,0,1,101,0,25,9,2010,7,2,25,1,1,1,I-25,,1118,38.45570000,-104.606711110,0,1,0,0,1,1,4,0,2,1,0,1,0,0000000,2,32,2,45,88,88,0,0,0,1,1
8,80273,1,1,0,1,71,0,25,9,2010,7,9,27,1,1,1,I-25,,220,37.28191944,-104.514869440,0,1,0,0,1,1,3,0,1,1,0,1,0,0000000,99,99,99,99,88,88,0,0,0,1,0
8,80274,1,1,0,1,1,2427,26,9,2010,1,2,10,1,13,6,E 104TH AVE,,0,39.88479444,-104.955511110,0,33,0,0,1,1,4,0,3,1,0,1,0,0000000,2,10,2,17,88,88,0,0,0,1,1
8,80275,2,2,0,2,59,1435,9,9,2010,5,15,52,1,13,3,SR-121,W MISSISSIPPI AVE,106,39.69662778,-105.081636110,0,12,6,0,2,2,1,0,1,1,0,1,0,0000000,15,53,15,57,88,88,0,0,0,1,0
8,80276,1,1,0,1,117,0,2,9,2010,5,16,5,0,4,4,UTE PASS ROAD,,41,39.80691111,-106.104569440,0,24,0,0,1,1,4,0,1,1,0,1,0,0000000,16,14,16,36,17,22,0,0,0,1,0
8,80277,2,2,0,3,87,0,16,9,2010,5,16,40,0,2,2,US-34,,1760,40.26309444,-103.555905560,0,12,6,0,1,1,2,0,1,1,0,1,0,0000000,99,99,99,99,99,99,0,0,0,1,0
8,80278,1,1,1,1,31,600,24,9,2010,6,22,22,0,13,3,SR-95,,48,39.72321111,-105.053255560,0,8,0,0,1,1,1,0,3,1,0,1,0,0000000,99,99,99,99,99,99,0,0,0,1,0
8,80279,2,2,0,2,17,0,29,9,2010,4,3,10,1,2,2,US-287,,1271,38.67673056,-102.785950000,0,12,2,0,1,1,2,0,2,1,0,1,0,0000000,99,99,99,99,99,99,0,0,0,1,0
8,80280,1,1,0,1,123,910,4,9,2010,7,20,40,0,16,6,PURITAN WAY,,0,40.08509722,-104.984194440,0,1,0,0,1,1,1,0,1,1,0,1,0,0000000,99,99,99,99,99,99,0,0,0,1,0
8,80281,3,3,0,3,5,110,28,9,2010,3,10,10,0,14,6,E MISSISSIPPI AVE,S URAVAN ST,0,39.69651111,-104.777802780,0,12,6,0,2,2,1,0,1,1,0,1,0,0000000,10,10,10,15,10,36,0,0,0,1,0
8,80282,2,2,0,2,13,0,30,9,2010,5,12,45,1,2,2,US-287,MONARCH ROAD,3109,40.09507500,-105.102900000,0,12,6,0,2,2,1,0,1,1,0,1,0,0000000,12,48,13,7,99,99,0,0,0,1,0
8,80283,3,3,0,3,9,0,29,9,2010,4,22,11,1,2,2,US-287,,221,37.28606944,-102.615463890,0,12,1,0,1,1,1,1,2,1,0,1,0,0000000,99,99,99,99,99,99,0,0,0,1,0
8,80284,4,4,0,5,41,430,27,9,2010,2,17,43,0,13,6,N UNION BLVD,E DUBLIN BLVD,0,38.92581667,-104.775325000,0,12,6,0,2,2,1,0,1,1,0,1,0,0000000,99,99,99,99,99,99,0,0,0,1,0
8,80285,1,1,0,1,45,2280,4,9,2010,7,14,57,0,5,5,N 1ST STREET,,0,39.55477500,-107.662308330,0,33,0,0,1,1,4,0,1,1,0,1,0,0000000,99,99,99,99,88,88,0,0,0,1,0
8,80286,1,1,1,1,31,600,30,9,2010,5,6,36,0,16,6,ALLEY - N FED BLVD,,0,39.71782500,-105.025702780,0,8,0,0,1,1,1,0,2,1,0,1,0,0000000,99,99,99,99,99,99,0,0,0,1,0
8,80287,1,1,0,1,123,0,1,9,2010,4,15,0,0,6,4,86,,0,40.61147778,-104.065058330,0,1,0,0,1,1,4,0,1,1,0,1,0,0000000,15,6,15,43,16,23,0,0,0,1,1
8,80288,1,1,0,2,1,800,22,9,2010,4,1,46,1,13,2,US-287,,2916,39.86874444,-105.025058330,0,1,0,0,1,1,1,0,3,1,0,1,0,0000000,1,45,1,51,2,14,0,0,0,2,1
8,80289,1,1,0,3,1,2550,19,9,2010,1,1,54,0,14,6,W 80TH AVE,TENNYSON ST,0,39.84181111,-105.047219440,0,1,0,0,2,3,1,0,3,1,0,1,0,0000000,1,54,2,0,2,18,0,0,0,1,1
8,80290,1,1,1,1,123,1300,27,9,2010,2,17,20,0,15,3,SR-60,COUNTRY ACRES DR,95,40.33473889,-104.912505560,0,9,0,0,2,2,1,0,5,1,0,1,0,0000000,99,99,99,99,88,88,0,0,0,1,0
8,80291,1,1,1,1,31,600,20,9,2010,2,5,22,0,13,3,SR-26,,133,39.71119167,-105.014861110,0,8,0,0,1,1,1,0,4,1,0,1,0,0000000,5,35,5,42,6,11,0,0,0,1,0
8,80292,1,1,0,2,21,0,1,10,2010,6,18,36,0,6,4,Z ROAD,,0,37.31255556,-105.834519440,0,1,0,0,1,1,4,0,5,1,0,1,0,0000000,18,41,18,57,19,19,0,0,0,1,0
8,80293,1,1,0,1,97,0,2,10,2010,7,15,0,0,3,3,SR-133,,477,39.13387500,-107.263613890,0,1,0,0,1,1,4,0,1,1,0,1,0,0000000,15,4,15,45,88,88,0,0,0,1,1
8,80294,2,2,0,3,93,0,3,10,2010,1,14,58,1,2,2,US-85,,1895,39.27930000,-105.916638890,0,12,2,0,1,1,1,0,1,1,0,1,0,0000000,99,99,99,99,88,88,0,0,0,1,0
8,80295,2,2,0,3,31,600,2,10,2010,7,5,50,0,15,6,S IRVING ST,,0,39.68918056,-105.029716670,0,12,1,0,1,1,1,0,3,1,0,1,0,0000000,5,58,6,2,6,8,0,0,0,1,1
8,80296,2,2,0,2,1,434,3,10,2010,1,11,0,0,16,6,N MONACO ST,E 61ST PL,0,39.80788056,-104.912866670,0,12,6,0,2,3,1,0,1,1,0,1,0,0000000,11,5,11,9,11,31,0,0,0,1,0
8,80297,1,1,0,3,73,0,6,10,2010,4,5,40,0,4,4,T ROAD RAMP,23,0,38.74941111,-103.644694440,0,1,0,0,3,2,4,0,2,1,0,1,0,0000000,5,40,99,99,99,99,0,0,0,1,0
8,80298,1,1,0,1,17,0,7,10,2010,5,13,30,0,6,4,25,,0,38.78467222,-102.703127780,0,10,0,0,6,1,1,0,1,1,0,1,0,805473E,13,43,13,52,88,88,0,0,0,1,0
8,80299,2,2,0,2,125,0,8,10,2010,6,13,48,0,3,2,US-36,,2035,39.69766667,-102.392288890,0,12,2,0,1,1,1,0,1,1,0,1,0,0000000,99,99,99,99,99,99,0,0,0,1,0
8,80300,2,2,0,4,123,0,8,10,2010,6,18,4,0,3,3,SR-66,,505,40.20458056,-104.838680560,0,12,2,0,1,1,1,0,1,1,0,1,0,0000000,99,99,99,99,99,99,0,0,0,1,1
8,80301,1,1,0,1,69,0,9,10,2010,7,13,10,0,3,3,SR-14,,1018,40.68978889,-105.430988890,0,18,0,0,1,1,4,0,1,1,0,1,0,0000000,99,99,99,99,88,88,0,0,0,1,0
8,80302,1,1,0,7,123,0,13,10,2010,4,1,45,0,5,4,13,80,0,40.56629722,-104.944102780,0,24,0,0,3,3,4,0,2,1,0,1,0,0000000,99,99,99,99,99,99,0,0,0,1,1
8,80303,2,2,0,2,1,2427,1,10,2010,6,0,23,0,13,6,E THORNTON PKWY,,0,39.87048611,-104.948552780,0,12,2,0,1,1,1,0,3,1,0,1,0,0000000,0,23,0,27,88,88,0,0,0,1,1
8,80304,1,1,0,1,13,0,13,10,2010,4,11,20,0,3,3,SR-72,,516,40.14428333,-105.480719440,0,53,0,0,1,1,4,0,1,1,0,1,0,0000000,99,99,99,99,99,99,0,0,0,1,0
8,80305,2,2,0,2,123,1800,14,10,2010,5,19,10,0,3,2,US-85,100,2890,40.71045000,-104.782205560,0,12,6,0,2,2,1,0,2,1,0,1,0,0000000,99,99,99,99,88,88,0,0,0,1,1
8,80306,2,2,0,8,83,0,14,10,2010,5,19,9,1,2,2,US-160,US-491,183,37.08930278,-108.732805560,0,12,6,0,2,3,1,0,5,1,0,1,0,0000000,19,9,19,35,99,99,0,0,0,3,0
8,80307,1,1,1,3,77,1040,14,10,2010,5,19,50,0,14,6,N 1ST ST,,0,39.07396389,-108.570875000,0,15,0,0,1,1,1,0,3,1,0,1,0,0000000,19,53,20,1,88,88,0,0,0,1,0
8,80308,2,2,0,6,55,0,9,10,2010,7,8,30,0,3,3,SR-10,123,168,37.74095556,-104.498883330,0,12,2,0,2,2,1,0,1,1,0,1,0,0000000,8,33,8,51,10,8,0,0,0,1,0
8,80309,1,1,0,2,81,0,16,10,2010,7,11,45,0,6,4,10,,257,40.56037222,-108.431358330,0,1,0,0,1,1,4,0,1,1,0,1,0,0000000,12,2,12,47,15,0,0,0,0,1,0
8,80310,2,2,0,3,31,600,1,10,2010,6,12,45,0,13,6,W EVANS AVE,,0,39.67860556,-105.007619440,0,12,6,0,8,1,1,0,1,1,0,1,0,0000000,99,99,99,99,99,99,0,0,0,1,0
8,80311,1,1,0,2,59,0,3,10,2010,1,15,17,0,3,3,SR-74,,177,39.65323333,-105.198500000,0,11,0,0,1,1,1,0,1,1,0,1,0,0000000,99,99,99,99,99,99,0,0,0,1,0
8,80312,1,1,0,1,71,0,12,10,2010,3,13,24,0,4,3,SR-12,,619,37.13101944,-104.625811110,0,1,0,0,1,1,5,0,1,1,0,1,0,0000000,99,99,99,99,88,88,0,0,0,1,1
8,80313,1,1,1,1,77,1040,17,10,2010,1,20,10,0,13,6,HORIZON DR,,0,39.10778056,-108.543475000,0,8,0,0,1,1,1,0,3,1,0,1,0,0000000,20,15,20,19,20,28,0,0,0,1,0
8,80314,2,2,0,4,59,1435,18,10,2010,2,14,7,1,12,3,SR-470,,8,39.70174444,-105.193683330,0,12,1,0,1,1,1,0,1,1,0,1,0,0000000,14,8,14,14,14,51,0,0,0,2,0
8,80315,1,1,0,1,31,600,20,10,2010,4,10,59,0,14,6,DTC BLVD,I-225 RAMP,0,39.63628333,-104.893730560,0,1,0,1,3,2,1,0,1,1,0,1,0,0000000,99,99,99,99,99,99,0,0,0,1,0
8,80316,1,1,0,3,117,0,22,10,2010,6,9,30,1,1,1,I-70,,1996,39.56253611,-106.129366670,0,17,0,0,1,1,4,0,1,4,0,4,0,0000000,9,32,99,99,99,99,0,0,0,1,0
8,80317,1,1,0,2,23,0,22,10,2010,6,17,15,1,2,2,US-160,,2492,37.47273889,-105.580719440,0,38,0,0,1,1,4,0,1,1,0,1,0,0000000,17,15,17,35,17,59,0,0,0,1,0
8,80318,1,1,0,1,5,0,24,10,2010,1,1,0,0,5,4,50,,0,39.56594167,-104.652180560,0,35,0,0,1,1,4,0,2,1,0,1,0,0000000,1,5,1,9,88,88,0,0,0,1,1
8,80319,2,2,0,3,123,0,24,10,2010,1,9,0,0,15,4,6,13,0,40.02940833,-104.942525000,0,12,6,0,2,2,1,0,1,1,0,1,0,0000000,99,99,99,99,99,99,0,0,0,2,0
8,80320,2,2,0,7,1,110,23,10,2010,7,12,23,1,11,1,I-225,,115,39.76157778,-104.827766670,0,12,7,0,1,1,1,0,1,1,0,1,0,0000000,12,23,12,28,12,41,0,0,0,1,0
8,80321,1,1,1,1,3,0,24,10,2010,1,13,37,0,5,4,108 SOUTH RD,,0,37.52081944,-105.894405560,0,9,0,0,1,1,1,0,1,1,0,1,0,0000000,13,41,13,59,88,88,0,0,0,1,0
8,80322,2,2,0,4,15,0,25,10,2010,2,18,30,1,2,2,US-24,,2211,38.85246944,-105.983347220,0,12,6,0,1,1,1,0,2,4,0,4,0,0000000,99,99,99,99,88,88,0,0,0,1,0
8,80323,2,2,0,3,31,600,26,10,2010,3,23,59,0,14,6,W 44TH AVE,N LOWELL BLVD,0,39.77672500,-105.034630560,0,12,6,0,2,2,1,0,3,1,0,1,0,0000000,0,1,0,6,0,29,0,0,0,2,1
8,80324,4,1,0,2,5,740,11,10,2010,2,13,54,1,13,2,US-285,S FOX ST,2597,39.65332778,-104.994666670,0,42,0,0,3,2,4,0,1,1,0,1,0,0000000,13,55,13,58,88,88,0,0,0,2,1
8,80325,1,1,1,1,41,430,12,10,2010,3,15,14,1,11,1,I-25,,1438,38.86532778,-104.833611110,0,8,0,1,18,1,1,0,1,1,0,1,0,0000000,15,14,99,99,99,99,0,0,0,1,0
8,80326,1,1,0,4,83,0,28,10,2010,5,13,14,1,2,2,US-491,,31,37.04278889,-108.739280560,0,1,0,0,8,1,4,0,1,1,0,1,0,0000000,99,99,99,99,99,99,0,0,0,1,0
8,80327,2,2,0,2,123,0,28,10,2010,5,18,15,1,12,2,US-34,,1157,40.39176667,-104.631211110,0,12,1,0,1,1,1,0,5,1,0,1,0,0000000,18,20,18,29,19,9,0,0,0,1,1
8,80328,1,1,1,1,13,0,28,10,2010,5,18,51,1,12,2,US-36,,444,39.94723056,-105.149486110,0,8,0,0,1,1,1,0,2,1,0,1,0,0000000,18,52,19,6,19,25,0,0,0,1,0
8,80329,4,4,1,4,31,600,30,10,2010,7,5,57,1,13,6,E ALAMEDA AVE,,0,39.70973333,-104.889697220,0,8,0,0,8,1,1,0,3,1,0,1,0,0000000,99,99,99,99,88,88,0,0,0,1,0
8,80330,2,2,0,3,59,0,31,10,2010,1,9,25,1,2,2,US-285,,2340,39.50177500,-105.323630560,0,12,2,0,1,1,1,0,1,1,0,1,0,0000000,99,99,99,99,99,99,0,0,0,2,0
8,80331,2,2,0,2,5,110,31,10,2010,1,15,26,0,13,6,E ILIFF AVE,S SABLE BLVD,0,39.67491944,-104.820386110,0,12,6,0,2,2,1,0,1,1,0,1,0,0000000,15,26,15,29,88,88,0,0,0,1,0
8,80332,2,2,0,5,41,0,30,10,2010,7,16,40,0,14,4,FONTAINE BLVD,MARKSHEFFEL RD,0,38.73751389,-104.649852780,0,12,6,0,2,2,1,0,1,1,0,1,0,0000000,99,99,99,99,99,99,0,0,0,1,0