STATE,ST_CASE,VE_TOTAL,VE_FORMS,PEDS,PERSONS,COUNTY,CITY,DAY,MONTH,YEAR,DAY_WEEK,HOUR,MINUTE,NHS,ROAD_FNC,ROUTE,TWAY_ID,TWAY_ID2,MILEPT,LATITUDE,LONGITUD,SP_JUR,HARM_EV,MAN_COLL,RELJCT1,RELJCT2,TYP_INT,REL_ROAD,WRK_ZONE,LGT_COND,WEATHER1,WEATHER2,WEATHER,SCH_BUS,RAIL,NOT_HOUR,NOT_MIN,ARR_HOUR,ARR_MIN,HOSP_HR,HOSP_MN,CF1,CF2,CF3,FATALS,DRUNK_DR
8,80333,1,1,0,1,77,0,26,10,2010,3,19,38,0,15,4,33 ROAD,,0,39.08005000,-108.440761110,0,38,0,0,1,1,4,0,2,1,0,1,0,0000000,19,38,19,40,19,54,0,0,0,1,0
8,80334,1,1,1,4,101,2050,31,10,2010,1,20,32,1,11,1,I-25,,1028,38.32820278,-104.616525000,0,8,0,0,1,1,1,0,2,1,0,1,0,0000000,20,32,20,38,20,48,0,0,0,1,0
8,80335,2,2,0,2,31,600,6,10,2010,4,2,0,1,13,3,SR-2,E 14TH AVE,59,39.73826111,-104.940586110,0,12,6,0,2,2,1,0,3,1,0,1,0,0000000,99,99,99,99,99,99,0,0,0,1,1
8,80336,1,1,1,1,123,1070,21,10,2010,5,10,10,0,13,2,US-34 BUSN RT,14TH AVE,95,40.42264722,-104.701675000,0,15,0,0,3,2,1,0,1,1,0,1,0,0000000,10,10,10,12,10,25,0,0,0,1,0
8,80337,1,1,1,1,13,1530,30,10,2010,7,12,33,0,13,6,9TH AVE,FRANCIS ST,0,40.17398889,-105.116488890,0,8,0,0,3,2,1,0,1,1,0,1,0,0000000,12,33,12,38,12,51,0,0,0,1,0
8,80338,2,2,0,2,69,860,21,10,2010,5,5,52,0,14,6,TRILBY ROAD,TAFT HILL ROAD,0,40.49441389,-105.115594440,0,12,6,0,2,2,1,0,2,1,0,1,0,0000000,5,52,6,2,99,99,0,0,0,1,0
8,80339,1,1,0,1,1,0,4,10,2010,2,10,6,1,11,1,I-76 RAMP H,,59,39.81741944,-104.981911110,0,25,0,1,5,1,4,0,1,1,0,1,0,0000000,99,99,99,99,88,88,0,0,0,1,0
8,80340,1,1,0,1,5,1520,29,10,2010,6,17,47,0,16,6,W STERNE PKWY,,0,39.59393611,-104.993758330,0,33,0,0,1,1,3,0,5,1,0,1,0,0000000,17,49,17,55,88,88,0,0,0,1,0
8,80341,2,2,0,5,123,0,1,11,2010,2,13,40,0,3,3,SR-52,,173,40.08002500,-104.869475000,0,12,2,0,1,1,1,0,1,1,0,1,0,0000000,99,99,99,99,99,99,0,0,0,2,0
8,80342,1,1,0,1,59,1435,3,11,2010,4,1,59,0,15,6,S ROONEY RD,,0,39.69651389,-105.193530560,0,31,0,0,1,1,4,0,2,1,0,1,0,0000000,2,17,2,25,88,88,0,0,0,1,0
8,80343,2,2,0,2,59,0,3,11,2010,4,20,24,1,2,2,US-285,,2384,39.54489444,-105.280630560,0,12,2,0,1,1,1,0,2,1,0,1,0,0000000,20,26,20,33,99,99,0,0,0,1,1
8,80344,3,3,0,3,59,1435,3,11,2010,4,7,0,0,14,6,N GARRISON ST,,0,39.73132778,-105.100238890,0,12,2,0,1,1,1,0,4,1,0,1,0,0000000,7,2,7,5,88,88,0,0,0,1,1
8,80345,1,1,0,4,35,0,1,11,2010,2,19,41,0,13,4,HIGHLANDS RANCH PKWY,,0,39.54032222,-104.961113890,0,33,0,0,1,1,4,0,3,1,0,1,0,0000000,19,42,19,47,20,4,0,0,0,1,0
8,80346,1,1,0,1,123,0,8,11,2010,2,23,43,0,6,4,81,,0,40.00095556,-104.301266670,0,1,0,0,1,1,4,0,2,1,0,1,0,0000000,99,99,99,99,88,88,0,0,0,1,0
8,80347,1,1,0,1,79,0,11,11,2010,5,8,25,1,2,2,US-160,,1629,37.47540278,-106.863488890,0,1,0,0,1,1,4,0,1,4,0,4,0,0000000,99,99,99,99,99,99,0,0,0,1,0
8,80348,1,1,0,1,45,0,12,11,2010,6,9,0,1,1,1,I-70,,1077,39.57343056,-107.474100000,0,35,0,0,1,1,4,0,1,1,0,1,0,0000000,99,99,99,99,88,88,0,0,0,1,0
8,80349,1,1,0,1,121,0,13,11,2010,7,13,45,1,1,1,I-76,,1026,40.36532222,-103.417661110,0,1,0,0,1,1,3,0,1,1,0,1,0,0000000,13,47,13,59,15,28,0,0,0,1,0
8,80350,1,1,0,6,101,0,14,11,2010,1,11,20,1,1,1,I-25,,880,38.12933056,-104.669369440,0,31,0,1,19,1,3,0,1,1,0,1,0,0000000,99,99,99,99,99,99,0,0,0,1,0
8,80351,1,1,0,1,7,0,12,11,2010,6,17,15,1,2,2,US-160,,1324,37.23565000,-107.176880560,0,1,0,0,1,1,4,0,1,1,0,1,0,0000000,17,20,17,30,99,99,0,0,0,1,0
8,80352,2,2,0,2,87,0,5,11,2010,6,17,40,1,2,2,US-34,US-6,1740,40.26102500,-103.593966670,0,12,2,0,2,3,1,0,5,1,0,1,0,0000000,17,42,17,45,18,10,0,0,0,1,0
8,80353,2,2,0,3,31,600,12,11,2010,6,12,30,0,14,6,E 56TH AVE,PENA BLVD,0,39.79836667,-104.787747220,0,12,2,1,3,2,1,0,1,1,0,1,0,0000000,12,30,12,34,99,99,0,0,0,2,0
8,80354,1,1,0,4,67,0,19,11,2010,6,21,55,0,5,4,318,,69,37.09321667,-107.785811110,0,42,0,0,1,1,4,0,2,1,0,1,0,0000000,99,99,99,99,99,99,0,0,0,1,0
8,80355,2,2,0,2,121,0,20,11,2010,7,8,40,0,3,2,US-36,LL ROAD,1648,39.69919444,-103.066186110,0,12,6,0,2,2,1,0,1,5,0,5,0,0000000,99,99,99,99,99,99,0,0,0,1,0
8,80356,1,1,1,1,55,0,20,11,2010,7,23,30,1,1,1,I-25,,501,37.63150000,-104.768391670,0,8,0,1,18,1,1,0,2,1,0,1,0,0000000,99,99,99,99,99,99,0,0,0,1,0
8,80357,1,1,0,2,75,0,21,11,2010,1,20,15,1,1,1,I-76,,1230,40.59729167,-103.186647220,0,1,0,0,1,1,4,0,2,5,0,5,0,0000000,20,21,20,33,21,6,0,0,0,1,0
8,80358,1,1,0,5,35,0,22,11,2010,2,7,40,1,1,1,I-25,,1678,39.19278056,-104.851558330,0,31,0,0,1,1,4,0,1,1,0,1,0,0000000,7,40,99,99,99,99,0,0,0,1,0
8,80359,1,1,0,2,85,0,22,11,2010,2,20,30,0,3,3,SR-141,,573,38.22264444,-108.516052780,0,1,0,0,1,1,1,0,2,1,0,1,0,0000000,20,38,20,54,21,14,0,0,0,1,1
8,80360,2,2,0,7,77,0,23,11,2010,3,18,37,1,1,7,I-70 FRONTAGE RD,,609,39.31473889,-108.213258330,0,12,6,0,8,1,1,0,2,1,0,1,0,0000000,18,34,18,39,20,17,0,0,0,1,1
8,80361,1,1,0,2,1,1771,28,11,2010,1,1,48,0,16,6,N URA LANE,,0,39.88660556,-105.012108330,0,30,0,0,1,1,4,0,3,1,0,1,0,0000000,1,48,1,50,99,99,0,0,0,1,1
8,80362,1,1,0,2,39,0,28,11,2010,1,15,9,0,6,4,105,,0,39.20616389,-104.179438890,0,1,0,0,1,1,4,0,1,1,0,1,0,0000000,99,99,99,99,99,99,0,0,0,1,0
8,80363,1,1,0,2,1,1771,18,11,2010,5,11,54,1,11,1,I-25,,2201,39.87101111,-104.987733330,0,42,0,1,19,1,8,0,1,1,0,1,0,0000000,11,54,99,99,99,99,0,0,0,1,0
8,80364,1,1,0,2,15,0,28,11,2010,1,22,10,0,4,4,162,,0,38.74066111,-106.085288890,0,38,0,0,1,1,4,0,2,1,0,1,0,0000000,99,99,99,99,88,88,0,0,0,1,1
8,80365,2,2,0,2,59,1435,27,11,2010,7,10,5,0,13,2,US-40,SIMMS ST,2903,39.74019167,-105.128266670,0,12,6,0,2,2,1,0,1,1,0,1,0,0000000,10,6,10,11,11,0,0,0,0,1,0
8,80366,1,1,0,1,123,0,29,11,2010,2,1,12,0,3,2,US-85,,2989,40.85098333,-104.795336110,0,31,0,0,1,1,4,0,2,1,0,1,0,0000000,99,99,99,99,99,99,0,0,0,1,1
8,80367,2,2,0,2,31,600,7,11,2010,1,8,0,1,13,2,US-287,I-70 RAMP,2857,39.78380556,-105.025108330,0,12,1,1,3,2,1,0,1,1,0,1,0,0000000,8,8,8,14,8,43,0,0,0,1,0
8,80368,1,1,0,1,15,0,16,11,2010,3,17,5,1,2,2,US-24,,2215,38.85706944,-105.985938890,0,35,0,0,1,1,4,0,2,4,0,4,0,0000000,17,11,17,30,18,35,0,0,0,1,0
8,80369,2,2,0,3,29,590,19,11,2010,6,11,29,1,2,2,US-50,,676,38.76275833,-108.112458330,0,12,2,0,1,1,1,0,1,1,0,1,0,0000000,11,33,11,38,12,22,0,0,0,1,0
8,80370,1,1,0,1,41,430,10,11,2010,4,19,35,0,14,6,VICKERS DR,VISTA RIDGE PT,0,38.91741944,-104.753183330,0,33,0,0,3,1,4,0,1,1,0,1,0,0000000,99,99,99,99,99,99,0,0,0,1,0
8,80371,1,1,0,1,14,253,1,12,2010,4,19,53,1,1,1,I-25,,2293,40.00370833,-104.980861110,0,1,0,1,19,1,3,0,3,1,0,1,0,0000000,19,53,19,58,88,88,19,0,0,1,0
8,80372,2,2,0,3,117,0,1,12,2010,4,20,50,0,2,3,SR-9,,941,39.57739444,-106.061752780,0,12,6,0,1,1,1,0,2,1,0,1,0,0000000,20,53,21,5,21,19,0,0,0,1,0
8,80373,1,1,0,1,117,0,4,12,2010,7,14,0,0,3,3,SR-91,,152,39.41736111,-106.171586110,0,48,0,0,1,1,4,0,1,1,0,1,0,0000000,14,8,14,21,88,88,0,0,0,1,1
8,80374,1,1,0,2,63,0,5,12,2010,1,2,30,0,6,4,X ROAD,,0,39.33110000,-102.159111110,0,1,0,0,1,1,4,0,2,1,0,1,0,0000000,2,49,2,53,99,99,0,0,0,1,1
8,80375,1,1,0,1,21,0,5,12,2010,1,7,50,0,4,4,19,,0,37.23268056,-105.910236110,0,38,0,0,1,1,4,0,1,1,0,1,0,0000000,7,57,8,10,88,88,0,0,0,1,1
8,80376,1,1,0,1,59,1435,2,12,2010,5,15,54,1,12,7,US-6 FRONTAGE RD,,2792,39.72620278,-105.111519440,0,43,0,0,1,1,4,0,1,1,0,1,0,0000000,15,58,16,3,16,18,0,0,0,1,0
8,80377,1,1,0,1,105,0,8,12,2010,4,8,45,0,6,4,15,,0,37.69123889,-106.350755560,0,38,0,0,1,1,4,0,1,1,0,1,0,0000000,8,47,8,55,88,88,0,0,0,1,0
8,80378,2,2,0,2,105,0,8,12,2010,4,14,45,1,2,2,US-160,,2137,37.58203889,-106.185419440,0,12,6,0,1,1,4,0,1,1,0,1,0,0000000,14,52,14,55,15,30,0,0,0,1,0
8,80379,1,1,0,4,123,0,8,12,2010,4,17,12,0,5,4,45,,0,40.05653056,-104.640527780,0,1,0,0,1,1,1,0,2,1,0,1,0,0000000,17,12,17,23,18,35,0,0,0,1,0
8,80380,1,1,0,1,43,0,5,12,2010,1,19,31,0,6,4,127,,0,38.45943056,-105.027358330,0,1,0,0,1,1,1,0,2,1,0,1,0,0000000,19,35,19,49,20,35,0,0,0,1,1
8,80381,3,3,0,7,31,600,10,12,2010,6,22,50,1,12,2,US-85,,2104,39.70149722,-104.994705560,0,12,7,0,1,1,1,0,3,1,0,1,0,0000000,22,53,23,0,23,23,0,0,0,1,0
8,80382,1,1,0,1,13,0,11,12,2010,7,17,30,0,3,3,SR-119,,278,39.97207778,-105.478486110,0,35,0,0,1,1,4,0,2,1,0,1,0,0000000,99,99,99,99,88,88,0,0,0,1,1
8,80383,2,2,0,4,55,0,10,12,2010,6,10,17,1,2,2,US-160,,2968,37.57560556,-104.918261110,0,31,0,0,1,1,4,0,1,1,0,1,0,0000000,10,18,10,28,11,4,0,0,0,1,0
8,80384,1,1,0,2,71,0,13,12,2010,2,6,5,1,1,1,I-25,,292,37.36723056,-104.588300000,0,24,0,0,1,1,3,0,2,1,0,1,0,0000000,99,99,99,99,88,88,0,0,0,1,0
8,80385,1,1,0,1,31,600,4,12,2010,7,11,48,1,11,1,I-25 RAMP G,,2092,39.72465000,-105.015258330,0,25,0,1,5,1,8,0,1,1,0,1,0,0000000,11,50,11,50,11,55,0,0,0,1,0
8,80386,1,1,0,1,5,110,13,12,2010,2,3,35,0,13,6,E QUINCY AVE,,0,39.63854444,-104.785602780,0,33,0,0,1,1,3,0,3,1,0,1,0,0000000,3,35,3,41,4,11,0,0,0,1,1
8,80387,1,1,1,3,59,1435,10,12,2010,6,17,10,1,13,3,SR-121,,122,39.72195833,-105.081669440,0,8,0,0,1,1,1,0,3,1,0,1,0,0000000,17,10,17,14,17,28,0,0,0,1,0
8,80388,1,1,1,2,5,110,14,12,2010,3,6,22,1,13,3,SR-30,E MEXICO AVE,50,39.68569167,-104.865925000,0,8,0,0,3,2,1,0,3,1,0,1,0,0000000,6,22,6,27,6,42,0,0,0,1,0
8,80389,1,1,1,1,1,110,14,12,2010,3,6,26,1,13,2,US-40,N AURORA CT,3059,39.74030000,-104.837700000,0,8,0,0,3,2,1,0,3,1,0,1,0,0000000,6,26,6,33,6,43,0,0,0,1,0
8,80390,2,2,0,3,13,1530,7,12,2010,3,17,31,0,14,6,NELSON RD,75TH ST,0,40.15238611,-105.178313890,0,12,6,0,2,2,1,0,3,1,0,1,0,0000000,17,32,17,36,18,13,0,0,0,1,0
8,80391,1,1,0,1,37,0,17,12,2010,6,0,30,0,4,2,US-6,,1502,39.65965556,-106.815872220,0,1,0,0,1,1,4,0,2,1,0,1,0,0000000,0,35,0,40,88,88,0,0,0,1,1
8,80392,1,1,0,1,39,0,17,12,2010,6,3,45,0,3,3,SR-86,,440,39.27373889,-104.094138890,0,31,0,0,1,1,4,0,2,1,0,1,0,0000000,99,99,99,99,88,88,0,0,0,1,1
8,80393,2,2,0,3,43,0,17,12,2010,6,5,55,0,3,3,SR-115,,219,38.50051944,-104.956538890,0,12,6,0,1,1,1,1,2,4,0,4,0,0000000,99,99,99,99,99,99,4,0,0,1,0
8,80394,2,2,0,2,123,0,19,12,2010,1,6,40,1,2,2,US-85,,2485,40.17759444,-104.817144440,0,12,2,0,1,1,1,0,1,1,0,1,0,0000000,99,99,99,99,88,88,0,0,0,1,1
8,80395,2,2,0,2,67,130,20,12,2010,2,17,12,1,2,2,US-160,N COMMERCE DR,1032,37.23224722,-107.594788890,0,12,6,0,2,3,1,0,5,2,0,2,0,0000000,99,99,99,99,99,99,0,0,0,1,0
8,80396,1,1,0,1,59,1435,20,12,2010,2,3,43,0,13,3,SR-391,W GIRTON DR,2,39.65611667,-105.111019440,0,33,0,0,3,2,4,0,3,1,0,1,0,0000000,3,43,3,46,88,88,0,0,0,1,1
8,80397,2,2,0,4,73,0,24,12,2010,6,6,4,1,2,2,US-40,,4175,38.95158333,-103.224166670,0,31,0,0,1,1,4,0,3,1,0,1,0,0000000,6,4,6,28,7,18,0,0,0,1,0
8,80398,2,2,0,4,39,0,26,12,2010,1,20,5,1,1,1,I-70,,3482,39.35928056,-103.874650000,0,12,2,0,1,1,1,0,2,1,0,1,0,0000000,21,10,99,99,99,99,0,0,0,1,1
8,80399,1,1,0,1,41,0,27,12,2010,2,4,45,0,6,4,SPENCER ROAD,,0,38.98301111,-104.463441670,0,1,0,0,1,1,1,0,2,1,0,1,0,0000000,99,99,99,99,88,88,0,0,0,1,0
8,80400,4,4,0,13,5,345,25,12,2010,7,12,1,1,13,3,SR-177,E DRY CREEK RD,10,39.58060556,-104.960344440,0,12,6,0,2,2,1,0,1,1,0,1,0,0000000,12,1,99,99,99,99,0,0,0,1,0
8,80401,1,1,1,1,81,460,28,12,2010,3,5,15,1,13,2,US-40,,889,40.51404167,-107.583711110,0,8,0,0,1,1,2,0,2,1,0,1,0,0000000,5,19,5,21,5,32,0,0,0,1,0
8,80402,2,2,0,2,69,0,29,12,2010,4,16,40,0,15,4,23,,0,40.58656389,-105.162030560,0,12,1,0,1,1,1,0,5,1,0,1,0,0000000,99,99,99,99,88,88,0,0,0,1,0
8,80403,4,4,0,6,101,0,29,12,2010,4,19,30,1,1,1,I-25,,1141,38.48728056,-104.620488890,0,54,11,1,18,1,1,0,2,1,0,1,0,0000000,99,99,99,99,88,88,14,0,0,1,0
8,80404,2,2,0,2,1,230,14,12,2010,3,17,8,1,11,1,I-76,,228,39.97730000,-104.746252780,0,12,2,0,1,1,1,0,5,1,0,1,0,0000000,99,99,99,99,99,99,0,0,0,1,0
8,80405,2,2,0,2,41,430,9,12,2010,5,11,0,0,13,6,S CIRCLE DR,,0,38.79595000,-104.792997220,0,12,6,0,1,1,1,0,1,1,0,1,0,0000000,11,0,11,7,11,35,0,0,0,1,0
8,80406,1,1,1,1,31,600,12,12,2010,1,17,23,1,13,3,SR-2,,55,39.73349167,-104.940780560,0,8,0,0,1,1,1,0,3,1,0,1,0,0000000,99,99,99,99,99,99,0,0,0,1,0
8,80407,2,2,0,6,123,1220,22,12,2010,4,10,50,1,1,1,I-76,,314,40.07366944,-104.647727780,0,12,6,1,18,1,1,0,1,1,0,1,0,0000000,10,54,10,58,99,99,0,0,0,1,0
8,80408,2,2,0,2,123,1300,14,12,2010,3,19,43,0,15,3,SR-60,I-25 FRONTAGE RD,50,40.34898611,-104.980575000,0,12,6,0,2,2,1,0,2,1,0,1,0,0000000,19,43,99,99,88,88,0,0,0,1,0
8,80409,1,1,3,1,5,1520,17,12,2010,6,7,34,0,13,6,W MINERAL AVE,S UTICA DR,0,39.58058056,-105.046891670,0,8,0,0,3,3,4,0,1,1,0,1,0,0000000,7,34,7,42,99,99,0,0,0,1,0
8,80410,1,1,0,1,45,0,15,11,2010,2,22,10,0,4,2,US-6,,973,39.54831389,-107.689163890,0,1,0,0,1,1,4,0,2,1,0,1,0,0000000,22,15,22,24,22,46,0,0,0,1,1
8,80411,1,1,0,1,101,0,20,11,2010,7,22,15,0,3,3,SR-96,,722,38.25671944,-104.319519440,0,32,0,0,1,1,4,0,2,1,0,1,0,0000000,99,99,99,99,99,99,0,0,0,1,0
9,90001,1,1,0,3,9,790,2,1,2010,7,4,18,1,11,1,I-91,,151,41.46713056,-72.775319440,0,24,0,0,1,1,4,0,2,1,0,1,0,0000000,4,17,4,28,5,9,0,0,0,2,0
9,90002,1,1,0,1,9,538,6,1,2010,4,21,5,0,12,3,SR-15,,418,41.29152778,-73.038205560,0,42,0,0,1,1,4,0,2,1,0,1,0,0000000,21,5,21,10,88,88,0,0,0,1,0
9,90004,2,2,0,2,1,510,8,1,2010,6,1,25,1,11,1,I-95,@ SB X15 ENT RMP,154,41.10663889,-73.418872220,0,12,6,1,17,1,1,0,3,1,0,1,0,0000000,1,25,1,30,88,88,0,0,0,1,0
9,90005,1,1,0,1,3,229,9,1,2010,7,6,25,0,13,3,SR-190,,76,41.98543889,-72.512280560,0,33,0,0,1,1,4,0,4,1,0,1,0,0000000,6,27,6,31,88,88,0,0,0,1,1
9,90006,1,1,0,1,5,286,9,1,2010,7,21,11,0,4,3,SR-222,,65,41.74522222,-73.079252780,0,59,0,0,1,1,4,0,2,1,0,1,0,0000000,21,14,21,20,88,88,0,0,0,1,1
9,90007,3,1,0,1,9,410,10,1,2010,1,10,6,0,14,3,SR-68,,14,41.50549167,-73.032466670,0,53,0,0,1,1,4,0,1,1,0,1,0,0000000,10,6,10,15,99,99,0,0,0,1,0
9,90008,1,1,0,1,1,80,10,1,2010,1,11,56,0,14,6,LINDLEY STREET,N WASHINGTON AVENUE,0,41.19400278,-73.188669440,0,38,0,0,3,3,4,0,1,1,0,1,0,0000000,99,99,99,99,99,99,0,0,0,1,0
9,90009,2,2,1,2,15,670,22,1,2010,6,1,22,0,4,3,SR-171,,167,41.93735556,-71.967702780,0,8,0,0,1,1,1,0,2,1,0,1,0,0000000,1,24,1,32,99,99,0,0,0,1,0
9,90010,1,1,0,2,15,215,22,1,2010,6,6,44,0,4,3,SR-244,MILLSBRIDGE ROAD,6,41.89155833,-72.070780560,0,30,0,0,3,3,4,0,4,1,0,1,0,0000000,6,41,6,48,7,28,0,0,0,1,0
9,90011,2,2,0,7,3,280,23,1,2010,7,23,5,0,16,6,CHANDLER STREET,COOLIDGE STREET,3,41.73866111,-72.703663890,0,12,6,0,2,2,1,0,3,1,0,1,0,0000000,23,6,23,9,23,25,0,0,0,1,1
9,90012,3,3,0,3,3,680,25,1,2010,2,6,24,1,11,1,I-691,,52,41.55325833,-72.857316670,0,12,6,0,1,1,1,0,2,2,0,2,0,0000000,6,12,6,23,7,3,19,0,0,1,0
9,90013,1,1,1,0,1,235,29,1,2010,6,13,44,0,16,6,CARLTON STREET,,1,41.13379722,-73.259216670,0,8,0,0,8,1,1,0,1,1,0,1,0,0000000,13,47,13,50,14,17,0,0,0,1,0
9,90014,2,2,0,2,3,420,4,1,2010,2,17,52,0,16,6,LANDERS AVENUE,EAST STREET #1,1,41.65557222,-72.763686110,0,12,6,0,2,2,1,0,3,1,0,1,0,0000000,99,99,99,99,99,99,0,0,0,1,0
9,90015,1,1,0,1,11,520,12,1,2010,3,2,39,0,15,6,ASYLUM STREET,WESTERN AVENUE,8,41.53316111,-72.093855560,0,39,0,0,3,3,4,0,3,1,0,1,0,0000000,2,39,2,41,99,99,0,0,0,1,1
9,90016,1,1,0,2,1,460,20,1,2010,4,16,1,1,11,1,I-84,,167,41.41881111,-73.262366670,0,24,0,1,19,1,3,0,1,1,0,1,0,0000000,16,1,16,8,16,31,0,0,0,1,0
9,90017,1,1,0,1,3,89,28,1,2010,5,11,44,0,14,3,SR-179,,13,41.80123333,-72.928350000,0,39,0,0,1,1,4,0,1,4,0,4,0,0000000,11,55,12,6,88,88,0,0,0,1,0
9,90018,1,1,0,1,1,832,4,2,2010,5,0,27,0,14,3,SR-57,,79,41.24446667,-73.412941670,0,24,0,0,1,1,4,0,2,1,0,1,0,0000000,0,27,0,33,88,88,0,0,0,1,0
9,90019,1,1,0,1,11,349,4,2,2010,5,3,3,0,14,3,SR-12,,188,41.57932222,-71.998697220,0,53,0,0,1,1,4,0,2,1,0,1,0,0000000,3,3,99,99,99,99,0,0,0,1,1
9,90020,1,1,1,1,11,543,4,2,2010,5,11,54,0,14,2,US-1,WILLOW STREET,1093,41.35418889,-71.966552780,0,8,0,0,3,2,1,0,1,1,0,1,0,0000000,11,54,12,0,12,33,0,0,0,1,0
9,90021,2,2,0,2,5,154,7,2,2010,1,17,12,0,4,3,SR-63,,474,41.91114722,-73.271930560,0,12,2,0,1,1,1,0,1,1,0,1,0,0000000,99,99,99,99,99,99,0,0,0,1,0
9,90022,2,2,0,2,7,295,11,2,2010,5,10,12,0,3,3,SR-81,,129,41.45588333,-72.554719440,0,12,2,0,1,1,1,0,1,1,0,1,0,0000000,10,14,10,16,11,49,0,0,0,1,0
9,90023,1,1,0,1,11,505,16,2,2010,3,2,32,0,6,6,WINTECHOG HILL ROAD,,10,41.45386389,-71.923058330,0,42,0,0,1,1,4,0,2,4,0,4,0,0000000,2,32,99,99,88,88,0,0,0,1,1
9,90024,2,2,0,2,3,280,19,2,2010,6,18,1,0,14,6,PARK STREET,BARTHOLOMEW AVENUE,7,41.75796944,-72.702494440,0,12,6,0,2,3,1,0,5,1,0,1,0,0000000,18,1,18,5,18,20,0,0,0,1,1
9,90025,1,1,0,1,13,691,21,2,2010,1,23,2,0,16,6,FURNACE AVENUE,,5,41.96033056,-72.300708330,0,30,0,0,1,1,4,0,2,1,0,1,0,0000000,23,2,99,99,88,88,0,0,0,1,1
9,90026,1,1,1,1,9,852,24,2,2010,4,6,51,0,16,6,MIDWOOD AVENUE,,6,41.56927222,-72.952341670,0,8,0,0,4,1,4,0,1,2,0,2,0,0000000,6,51,99,99,99,99,0,0,0,1,0
9,90027,2,2,0,4,1,185,19,1,2010,3,14,30,1,11,1,I-95,,120,41.07456111,-73.467575000,0,24,0,0,1,1,4,0,1,2,0,2,0,0000000,14,30,99,99,99,99,0,0,0,1,0
9,90028,1,1,0,1,5,33,6,3,2010,7,2,2,0,16,6,EAST WEST HILL ROAD,,2,41.89340556,-73.013763890,0,53,0,0,1,1,4,0,2,1,0,1,0,0000000,2,2,99,99,88,88,0,0,0,1,1
9,90029,2,2,0,2,1,715,6,3,2010,7,2,11,1,11,1,I-95,,341,41.20020000,-73.116544440,0,25,0,0,1,1,3,0,3,1,0,1,0,0000000,2,11,99,99,88,88,0,0,0,1,0
9,90030,2,2,1,2,13,691,7,3,2010,1,15,34,0,4,3,SR-319,,3,41.97438333,-72.331688890,0,8,0,0,1,1,1,0,1,1,0,1,0,0000000,15,34,99,99,99,99,0,0,0,1,0
9,90031,1,1,0,1,1,256,8,3,2010,2,23,39,0,13,2,US-1,RIVERSIDE AVENUE,44,41.04105556,-73.586366670,0,33,0,0,3,2,4,0,3,1,0,1,0,0000000,23,39,23,43,99,99,0,0,0,1,0
9,90032,1,1,0,1,5,760,11,3,2010,5,11,57,1,12,3,SR-8,,558,41.88162222,-73.071200000,0,24,0,1,19,1,3,0,1,1,0,1,0,0000000,11,57,99,99,99,99,0,0,0,1,0
9,90033,3,3,0,3,13,367,17,3,2010,4,16,9,0,13,2,US-44,,743,41.80733333,-72.300983330,0,12,2,0,1,1,1,0,1,1,0,1,0,0000000,16,9,99,99,99,99,0,0,0,1,0
9,90034,2,2,0,2,1,650,18,3,2010,5,22,18,0,14,3,SR-110,WALNUT TREE HILL RD1,141,41.33463056,-73.174008330,0,12,6,0,2,2,1,0,3,1,0,1,0,0000000,22,18,22,24,22,57,0,0,0,1,1
9,90035,1,1,0,1,11,710,20,3,2010,7,8,0,1,11,1,I-95,,1042,41.37864444,-71.904605560,0,24,0,0,1,1,3,0,1,1,0,1,0,0000000,8,5,8,8,88,88,0,0,0,1,0
9,90036,1,1,1,3,9,360,20,3,2010,7,16,46,1,11,1,I-95,,660,41.29090556,-72.577816670,0,8,0,0,1,1,1,0,1,1,0,1,0,0000000,16,46,16,50,17,9,0,0,0,1,0
9,90037,3,2,0,5,1,700,21,3,2010,1,4,53,0,14,6,STRAWBERRY HILL AVE,,3,41.06387500,-73.532975000,0,33,0,0,1,1,4,0,1,1,0,1,0,0000000,4,53,4,54,6,10,0,0,0,1,1
9,90038,1,1,0,4,11,386,21,3,2010,1,23,42,1,11,1,I-395,,58,41.43508611,-72.119869440,0,1,0,0,1,1,1,0,2,1,0,1,0,0000000,23,45,23,55,0,24,0,0,0,1,1
9,90039,3,3,0,3,11,710,25,3,2010,5,19,3,1,11,1,I-95,,1010,41.37648611,-71.909411110,0,12,2,1,18,1,1,0,5,1,0,1,0,0000000,19,3,99,99,99,99,0,0,0,2,0
9,90040,1,1,1,1,3,280,27,3,2010,7,6,40,0,14,6,RETREAT AVENUE,,4,41.75448333,-72.677275000,0,8,0,0,1,1,1,0,1,1,0,1,0,0000000,6,40,99,99,99,99,0,0,0,1,0
9,90041,4,4,0,5,1,835,29,3,2010,2,10,40,1,11,1,I-95,,180,41.12014444,-73.376966670,0,12,7,0,1,1,1,0,1,2,0,2,0,0000000,10,40,99,99,99,99,0,0,0,1,0
9,90042,1,1,1,1,1,80,18,3,2010,5,11,20,0,16,6,STILLMAN STREET,KOSSUTH STREET,3,41.19262500,-73.182069440,0,9,0,0,3,2,1,0,1,1,0,1,0,0000000,11,18,11,20,99,99,0,0,0,1,0
9,90043,1,1,0,4,1,835,13,3,2010,7,19,17,0,16,6,PARK LANE,CANTERBURY CLOSE PVT,0,41.13847778,-73.348197220,0,16,0,0,3,3,1,0,2,1,0,1,0,0000000,19,11,19,22,99,99,0,0,0,1,1
9,90044,1,1,0,1,3,369,3,1,2010,1,11,5,1,12,3,SR-2,,128,41.65232778,-72.499777780,0,42,0,0,1,1,3,0,1,4,0,4,0,0000000,11,12,11,19,11,31,0,0,0,1,0
9,90045,2,2,0,19,3,280,9,1,2010,7,8,3,1,11,1,I-84,,606,41.76098056,-72.699536110,0,12,7,0,1,1,1,0,1,1,0,1,1,0000000,8,12,8,15,8,45,0,0,0,1,0