STATE,ST_CASE,VE_TOTAL,VE_FORMS,PEDS,PERSONS,COUNTY,CITY,DAY,MONTH,YEAR,DAY_WEEK,HOUR,MINUTE,NHS,ROAD_FNC,ROUTE,TWAY_ID,TWAY_ID2,MILEPT,LATITUDE,LONGITUD,SP_JUR,HARM_EV,MAN_COLL,RELJCT1,RELJCT2,TYP_INT,REL_ROAD,WRK_ZONE,LGT_COND,WEATHER1,WEATHER2,WEATHER,SCH_BUS,RAIL,NOT_HOUR,NOT_MIN,ARR_HOUR,ARR_MIN,HOSP_HR,HOSP_MN,CF1,CF2,CF3,FATALS,DRUNK_DR
9,90046,2,2,0,3,3,842,10,1,2010,1,2,26,1,11,1,I-91,,446,41.85326111,-72.664377780,0,12,1,0,1,1,1,0,3,1,0,1,0,0000000,2,26,2,34,3,1,0,0,0,1,1
9,90047,2,2,0,2,3,229,16,1,2010,7,5,21,1,11,1,I-91,,568,42.00750000,-72.585683330,0,12,7,0,1,1,1,0,3,1,0,1,0,0000000,5,21,99,99,99,99,0,0,0,1,0
9,90048,2,2,0,3,3,280,21,1,2010,5,18,58,1,11,1,I-84,,595,41.74999722,-72.711616670,0,12,1,0,1,1,1,0,3,1,0,1,0,0000000,19,16,19,22,99,99,0,0,0,1,0
9,90049,3,3,0,4,3,214,27,1,2010,4,16,39,0,14,3,SR-20,EAST GRANBY ROAD,273,41.92527222,-72.703500000,0,12,6,0,2,3,1,0,1,1,0,1,0,0000000,16,39,99,99,99,99,0,0,0,1,0
9,90050,1,1,0,1,11,539,30,1,2010,7,9,6,1,11,1,I-95,,819,41.31627222,-72.289394440,0,35,0,0,1,1,4,0,1,1,0,1,0,0000000,9,6,9,18,88,88,0,0,0,1,1
9,90051,3,3,0,3,9,385,7,1,2010,5,15,34,0,13,2,US-1,MEADOWS END RD & CDR,369,41.20945833,-73.083566670,0,12,6,0,2,2,1,0,1,1,0,1,0,0000000,15,30,15,35,15,53,0,0,0,1,0
9,90052,2,2,0,3,7,822,9,2,2010,3,14,54,0,4,3,SR-145,,41,41.32343611,-72.493822220,0,12,1,0,1,1,1,0,1,1,0,1,0,0000000,15,3,15,12,15,21,0,0,0,1,0
9,90053,2,2,0,2,3,89,2,4,2010,6,15,54,0,13,3,SR-4,,347,41.77362500,-72.949572220,0,1,0,0,1,1,1,0,1,1,0,1,0,0000000,15,56,16,13,16,41,0,0,0,1,0
9,90054,1,1,0,1,3,255,6,4,2010,3,0,53,1,12,3,SR-2,,44,41.72629444,-72.610475000,0,42,0,0,1,1,4,0,3,1,0,1,0,0000000,0,53,1,0,1,19,0,0,0,1,0
9,90055,1,1,0,1,9,430,7,4,2010,4,0,8,1,11,1,I-91,@ X3 ENT RMP# 136,12,41.31433889,-72.909380560,0,24,0,0,1,1,4,0,3,1,0,1,0,0000000,0,8,99,99,88,88,0,0,0,1,1
9,90056,2,2,0,2,9,385,7,4,2010,4,3,52,1,11,1,I-95,,410,41.24316667,-73.014527780,0,50,0,0,1,1,1,1,3,1,0,1,0,0000000,3,59,4,5,88,88,0,0,0,1,0
9,90057,1,1,0,1,5,740,8,4,2010,5,7,21,1,12,3,SR-8,,380,41.65279444,-73.079119440,0,31,0,1,19,1,3,0,1,1,0,1,0,0000000,7,22,99,99,88,88,0,0,0,1,1
9,90058,1,1,0,1,1,765,11,4,2010,1,13,57,1,12,3,SR-25,,88,41.28071667,-73.215722220,0,35,0,0,1,1,4,0,1,1,0,1,0,0000000,13,58,99,99,88,88,0,0,0,1,0
9,90059,1,1,0,4,7,380,17,4,2010,7,23,1,0,16,6,MIDDLEFIELD STREET,,0,41.54472500,-72.683322220,0,19,0,0,1,1,4,0,3,1,0,1,0,0000000,23,1,23,8,99,99,0,0,0,2,1
9,90060,1,1,0,1,3,224,16,4,2010,6,23,11,0,16,6,SOUTH WATER STREET,,2,41.90873611,-72.616227780,0,53,0,0,1,1,4,0,3,2,0,2,0,0000000,23,12,23,18,0,0,0,0,0,1,1
9,90061,1,1,0,2,7,160,23,4,2010,6,1,41,1,11,1,I-91,,260,41.60628056,-72.702422220,0,35,0,1,19,1,4,0,3,1,0,1,0,0000000,1,41,1,44,2,6,0,0,0,1,0
9,90062,2,2,0,4,9,430,24,4,2010,7,12,54,1,11,1,I-95,,466,41.28689167,-72.925158330,0,12,1,0,1,1,1,1,1,1,0,1,0,0000000,12,54,13,0,99,99,0,0,0,1,0
9,90063,2,2,0,2,15,843,24,4,2010,7,15,34,1,13,2,US-6,N RIDGE DR EXT PVT,941,41.74112222,-72.177236110,0,12,7,0,2,3,1,0,1,1,0,1,0,0000000,15,34,15,42,16,0,0,0,0,1,0
9,90064,1,1,0,1,13,368,30,4,2010,6,1,37,0,4,3,SR-89,,11,41.77814167,-72.188919440,0,42,0,0,1,1,4,0,2,1,0,1,0,0000000,1,37,1,45,88,88,0,0,0,1,1
9,90065,2,2,0,2,1,650,30,4,2010,6,2,22,0,14,3,SR-108,ISINGLASS ROAD,61,41.27940000,-73.158644440,0,12,6,0,2,2,1,0,3,1,0,1,0,0000000,2,22,2,29,2,57,0,0,0,1,1
9,90066,1,1,0,1,9,360,15,4,2010,5,9,1,1,11,1,I-95,,640,41.28820000,-72.615316670,0,42,0,0,1,1,4,0,1,1,0,1,0,0000000,9,1,9,8,88,88,0,0,0,1,0
9,90067,1,1,0,1,9,410,24,4,2010,7,11,20,0,16,6,NEUMANN STREET,@ CDR TO SC,0,41.49390000,-73.081241670,0,39,0,0,3,3,4,0,1,1,0,1,0,0000000,11,20,11,26,99,99,0,0,0,1,0
9,90068,2,2,0,2,11,440,5,4,2010,2,15,46,0,14,6,HOWARD STREET,,3,41.34678333,-72.100400000,0,12,6,0,8,1,1,0,1,1,0,1,0,0000000,15,47,15,49,15,57,0,0,0,1,1
9,90069,2,2,0,2,1,835,29,4,2010,5,16,1,0,14,6,GREENS FARMS ROAD,,4,41.12294722,-73.353377780,0,12,2,0,1,1,1,0,1,1,0,1,0,0000000,16,2,16,7,16,27,0,0,0,1,0
9,90070,1,1,0,1,7,332,2,4,2010,6,1,7,0,6,6,KLGWRTH VILLAGE PVT,,0,41.34974444,-72.560994440,0,1,0,0,1,1,1,0,3,1,0,1,0,0000000,1,7,1,10,1,59,0,0,0,1,1
9,90071,1,1,0,2,3,229,26,4,2010,2,4,21,0,14,3,SR-191,TOWN FARM ROAD,73,41.95862778,-72.527383330,0,24,0,0,2,4,4,0,3,1,0,1,0,0000000,4,28,4,32,5,3,0,0,0,1,1
9,90072,1,1,0,2,13,293,1,5,2010,7,1,39,0,15,6,OLD HARTFORD ROAD,,2,41.59483333,-72.398133330,0,24,0,0,1,1,4,0,2,1,0,1,0,0000000,1,42,1,44,99,99,0,0,0,1,1
9,90073,1,1,0,2,5,326,1,5,2010,7,13,16,0,4,3,SR-341,,48,41.72111389,-73.452219440,0,34,0,0,1,1,4,0,1,1,0,1,0,0000000,13,15,99,99,99,99,0,0,0,2,0
9,90074,1,1,0,1,3,280,1,5,2010,7,13,46,1,11,1,I-91,,375,41.75419444,-72.659186110,0,25,0,1,19,1,3,0,1,1,0,1,0,0000000,13,52,13,59,88,88,0,0,0,1,0
9,90075,2,2,0,2,11,584,1,5,2010,7,21,53,0,4,3,SR-165,MILLER ROAD,27,41.53430556,-72.019288890,0,12,6,0,2,2,1,0,2,1,0,1,0,0000000,21,56,22,1,22,56,0,0,0,1,1
9,90076,1,1,0,2,9,585,1,5,2010,7,22,45,0,16,6,MORRIS ROAD,,5,41.51355833,-72.995105560,0,33,0,0,1,1,4,0,2,1,0,1,0,0000000,22,42,22,46,99,99,0,0,0,1,1
9,90077,2,2,0,3,3,90,2,5,2010,1,12,13,1,13,2,US-6,@ CDR TO HOME DEPOT,494,41.69650833,-72.906538890,0,12,1,0,3,2,1,0,1,1,0,1,0,0000000,12,15,12,21,12,34,0,0,0,1,0
9,90078,1,1,0,1,1,765,3,5,2010,2,13,40,1,12,3,SR-25,,87,41.28005278,-73.214941670,0,35,0,0,1,1,4,0,1,1,0,1,0,0000000,3,40,99,99,88,88,0,0,0,1,0
9,90079,3,2,1,2,9,790,8,5,2010,7,16,53,1,11,1,I-91,,119,41.43210000,-72.805613890,0,12,7,0,1,1,1,0,1,1,0,1,0,0000000,16,49,16,58,17,32,14,0,0,1,0
9,90080,1,1,0,1,3,224,14,5,2010,6,0,8,1,11,1,I-91,,511,41.92953611,-72.608733330,0,42,0,0,1,1,4,0,3,1,0,1,0,0000000,0,8,99,99,99,99,0,0,0,1,1
9,90081,1,1,0,1,11,140,15,5,2010,7,20,36,1,2,3,SR-2,,269,41.57015556,-72.285480560,0,1,0,0,1,1,3,0,2,1,0,1,0,0000000,20,36,20,43,21,6,0,0,0,1,1
9,90082,1,1,0,4,3,280,17,5,2010,2,3,50,0,14,6,TOWER AVENUE,,6,41.79818333,-72.673819440,0,42,0,0,1,1,4,0,3,1,0,1,0,0000000,3,50,4,1,4,30,0,0,0,3,1
9,90083,4,4,0,4,1,235,15,5,2010,7,22,16,1,11,1,I-95,,229,41.13670556,-73.290597220,0,12,7,0,1,1,1,0,3,1,0,1,0,0000000,22,16,99,99,88,88,0,0,0,1,0
9,90084,3,2,0,2,13,151,21,5,2010,6,0,32,1,2,3,SR-66,,306,41.70210833,-72.301727780,0,31,0,0,1,1,4,0,3,1,0,1,0,0000000,0,32,0,37,1,5,0,0,0,1,1
9,90085,2,2,0,3,3,680,5,5,2010,4,23,47,0,14,3,SR-322,OLD TURNPIKE RD,74,41.56480833,-72.889875000,0,12,6,0,2,2,1,0,3,1,0,1,0,0000000,23,48,23,52,99,99,0,0,0,1,2
9,90086,1,1,0,2,9,810,16,5,2010,1,1,25,0,13,3,SR-69,WASHINGTON ST,161,41.54631944,-73.026388890,0,33,0,0,2,2,4,0,3,1,0,1,0,0000000,1,26,1,32,99,99,0,0,0,1,1
9,90087,1,1,0,1,7,160,23,5,2010,1,14,17,1,11,1,I-91,ON TR 802 RMP,278,41.62397500,-72.685644440,0,30,0,1,5,1,4,0,1,1,0,1,0,0000000,14,17,99,99,88,88,0,0,0,1,1
9,90088,2,1,0,1,1,700,24,5,2010,2,21,57,0,14,6,HOPE STREET,,25,41.08101667,-73.521563890,0,33,0,0,1,1,4,0,3,1,0,1,0,0000000,21,57,22,3,22,38,0,0,0,1,1
9,90089,2,2,0,3,9,585,26,5,2010,4,11,54,0,13,3,SR-69,MARIA HOTCHKISS RD,136,41.52167778,-72.993352780,0,12,6,0,2,3,1,0,1,1,0,1,0,0000000,11,57,12,3,12,23,0,0,0,1,0
9,90090,2,2,0,2,9,430,30,5,2010,1,3,26,0,16,6,SPRING STREET,HOWARD AVENUE,3,41.29420000,-72.933227780,0,12,6,0,2,2,1,0,3,1,0,1,0,0000000,3,26,3,28,99,99,0,0,0,1,1
9,90091,3,3,1,4,3,225,26,5,2010,4,23,51,0,14,2,US-44,,560,41.77564722,-72.628616670,0,9,0,0,1,1,1,0,3,1,0,1,0,0000000,99,99,99,99,99,99,0,0,0,1,0
9,90092,1,1,0,1,11,520,31,5,2010,2,12,19,0,16,6,STOTT AVENUE,,6,41.57766667,-72.111436110,0,33,0,0,1,1,4,0,1,1,0,1,0,0000000,12,19,12,22,12,34,0,0,0,1,0
9,90093,2,2,0,2,9,430,25,5,2010,3,15,15,0,14,6,DAVENPORT AVENUE,WINTHROP AVENUE,3,41.30048056,-72.943227780,0,12,6,0,2,3,1,0,1,1,0,1,0,0000000,15,14,15,18,15,40,0,0,0,1,0
9,90094,1,1,1,1,3,224,27,5,2010,5,11,26,0,16,6,WALMART SC PKG LOT,,0,41.92311667,-72.607141670,0,8,0,0,1,1,1,0,1,1,0,1,0,0000000,11,26,11,30,11,54,0,0,0,1,0
9,90095,1,1,1,1,5,450,3,6,2010,5,22,29,1,13,2,US-7,,324,41.50560556,-73.419013890,0,9,0,0,1,1,2,0,2,1,0,1,0,0000000,22,31,22,37,22,59,0,0,0,1,0
9,90096,1,1,0,1,13,293,4,6,2010,6,18,50,0,5,3,SR-85,,332,41.71855556,-72.436022220,0,59,0,0,1,1,4,0,1,1,0,1,0,0000000,18,51,19,1,88,88,0,0,0,1,1
9,90097,2,2,0,3,15,268,5,6,2010,7,15,57,1,2,2,US-6,,1026,41.77576111,-72.036913890,0,12,2,0,1,1,1,0,1,1,0,1,0,0000000,15,59,16,4,17,6,0,0,0,1,0
9,90098,1,1,0,1,1,170,6,6,2010,1,21,14,1,11,1,I-84,,42,41.39438611,-73.478297220,0,25,0,1,19,1,4,0,3,1,0,1,0,0000000,21,14,21,23,88,88,0,0,0,1,1
9,90099,2,2,0,2,9,200,7,6,2010,2,17,35,0,13,3,SR-34,,116,41.34066389,-73.118950000,0,12,2,0,1,1,1,0,1,1,0,1,0,0000000,17,35,17,39,99,99,0,0,0,1,0
9,90100,3,1,1,2,9,502,8,6,2010,3,2,22,1,11,1,I-91,,36,41.33510833,-72.875747220,0,14,0,0,1,1,2,0,3,1,0,1,0,0000000,2,23,2,32,3,9,0,0,0,1,0
9,90101,2,2,0,2,5,760,8,6,2010,3,13,21,1,13,2,US-202,NEWBURY PLACE,423,41.78632500,-73.143608330,0,12,6,0,2,2,1,0,1,1,0,1,0,0000000,13,22,13,23,99,99,0,0,0,1,0
9,90102,2,2,0,2,7,822,9,6,2010,4,17,10,0,4,3,SR-145,,33,41.31300000,-72.493016670,0,24,0,0,1,1,4,0,1,2,0,2,0,0000000,17,8,17,19,17,48,0,0,0,1,1
9,90103,2,2,0,2,9,430,11,6,2010,6,23,33,1,11,1,I-95,,472,41.29424167,-72.918852780,0,12,1,1,18,1,1,0,3,1,0,1,0,0000000,99,99,99,99,88,88,0,0,0,1,1
9,90104,1,1,0,1,3,237,13,6,2010,1,19,14,1,11,1,I-84,,529,41.70297222,-72.804613890,0,24,0,0,1,1,4,0,1,1,0,1,0,0000000,19,16,19,21,88,88,0,0,0,1,1
9,90105,2,2,0,2,11,260,17,6,2010,5,16,37,1,11,1,I-95,,967,41.35959444,-72.042919440,0,12,1,0,1,1,1,0,1,1,0,1,0,0000000,16,37,16,44,17,12,0,0,0,1,0
9,90106,1,1,0,2,1,610,20,6,2010,1,1,54,0,15,6,LIMESTONE ROAD,,12,41.32324722,-73.490236110,0,35,0,0,1,1,4,0,3,1,0,1,0,0000000,99,99,99,99,99,99,0,0,0,1,1
9,90107,2,2,0,4,9,640,14,6,2010,2,15,24,0,13,3,SR-34,,109,41.34848056,-73.127358330,0,12,2,0,1,1,1,0,1,1,0,1,0,0000000,15,27,15,38,16,15,0,0,0,1,0
9,90108,1,1,0,1,9,430,15,6,2010,3,12,16,0,16,6,CURTIS DRIVE,,4,41.32445833,-72.983336110,0,30,0,0,1,1,4,0,1,1,0,1,0,0000000,12,15,12,20,12,37,0,0,0,1,1
9,90109,2,2,0,3,11,339,23,6,2010,4,1,49,0,13,3,SR-12,,30,41.40377222,-72.079525000,0,12,2,0,1,1,1,0,2,2,0,2,0,0000000,1,46,1,56,2,35,0,0,0,1,1
9,90110,1,1,0,1,15,268,25,6,2010,6,1,44,0,4,3,SR-97,WEST OLD RT 6,178,41.78186667,-72.054955560,0,33,0,0,2,3,4,0,2,1,0,1,0,0000000,1,32,1,37,88,88,20,0,0,1,1
9,90111,2,2,0,2,15,858,4,6,2010,6,12,58,0,4,3,SR-171,PEAKE BROOK RD,182,41.93425000,-71.946191670,0,12,6,0,2,2,1,0,1,1,0,1,0,0000000,12,58,99,99,99,99,0,0,0,1,0
9,90112,1,1,0,2,15,705,26,6,2010,7,18,34,0,4,3,SR-49,,215,41.68602222,-71.849444440,0,30,0,0,1,1,4,0,1,1,0,1,0,0000000,18,34,99,99,99,99,0,0,0,1,0
9,90113,2,1,1,1,3,842,26,6,2010,7,3,29,1,11,1,I-91,,434,41.83311944,-72.665319440,0,14,0,1,19,1,10,0,3,1,0,1,0,0000000,3,29,3,31,99,99,0,0,0,1,1
9,90114,3,3,0,6,3,365,27,6,2010,1,0,31,1,11,1,I-84,,695,41.79794444,-72.557563890,0,12,2,1,18,1,1,0,3,1,0,1,0,0000000,0,31,0,38,99,99,0,0,0,2,2
9,90115,1,1,0,1,15,843,27,6,2010,1,14,2,0,15,3,SR-203,,6,41.68639722,-72.162516670,0,30,0,0,1,1,4,0,1,1,0,1,0,0000000,14,2,14,12,88,88,0,0,0,1,1
9,90116,2,2,0,2,3,842,25,6,2010,6,22,22,1,11,1,I-291,,23,41.80798889,-72.624391670,0,12,1,0,1,1,1,0,3,1,0,1,0,0000000,22,24,22,30,88,88,0,0,0,1,0
9,90117,1,1,0,1,7,295,26,6,2010,7,2,16,0,14,6,CANDLEWOOD HILL ROAD,,11,41.48821389,-72.577169440,0,53,0,0,1,1,4,0,2,1,0,1,0,0000000,2,13,2,24,2,54,0,0,0,1,1
9,90118,1,1,1,0,9,370,10,6,2010,5,23,21,0,14,6,LEWIS AVENUE,,0,41.53914167,-72.808908330,0,19,0,0,8,1,4,0,2,1,0,1,0,0000000,23,21,99,99,88,88,0,0,0,1,0
9,90119,1,1,0,1,11,632,28,6,2010,2,21,42,1,2,3,SR-11,,127,41.49655833,-72.301730560,0,24,0,1,18,1,4,0,2,1,0,1,0,0000000,21,42,21,50,88,88,0,0,0,1,1
9,90120,1,1,0,1,5,492,28,6,2010,2,18,30,0,6,6,STOP & SHOP PKG LOT,,0,42.02405556,-73.323050000,0,30,0,0,1,1,4,0,1,1,0,1,0,0000000,18,30,99,99,99,99,0,0,0,1,0
9,90121,1,1,0,3,9,585,28,6,2010,2,22,22,0,16,6,KARYL LANE,,0,41.51337500,-72.987600000,0,5,0,0,1,1,1,0,2,1,0,1,0,0000000,22,21,22,27,22,40,0,0,0,1,0
9,90122,1,1,0,1,1,510,17,6,2010,5,0,45,0,15,6,WATER STREET,,5,41.09862500,-73.416172220,0,33,0,0,1,1,4,0,3,1,0,1,0,0000000,0,45,0,49,88,88,0,0,0,1,0
9,90123,2,2,0,2,3,258,30,6,2010,4,12,8,0,16,6,DAY STREET,@ DWY TO #143,14,41.97394444,-72.823852780,0,12,6,0,3,3,1,0,1,1,0,1,0,0000000,12,21,12,26,88,88,0,0,0,1,0
9,90124,3,3,0,4,9,810,25,6,2010,6,23,53,0,14,3,SR-847,,47,41.56929722,-73.054188890,0,12,7,0,1,1,1,0,2,1,0,1,0,0000000,23,53,99,99,99,99,0,0,0,1,0
9,90125,2,2,0,2,9,370,24,6,2010,5,15,54,0,12,3,SR-66,,4,41.53421111,-72.755230560,0,12,1,0,1,1,1,0,1,1,0,1,0,0000000,15,56,16,8,16,52,0,0,0,1,0
9,90126,1,1,0,1,15,590,2,7,2010,6,22,56,0,4,3,SR-21,,11,41.89087222,-71.868202780,0,30,0,0,1,1,4,0,2,1,0,1,0,0000000,22,57,22,58,88,88,0,0,0,1,1
9,90127,1,1,1,1,13,691,3,7,2010,7,15,2,0,16,6,FURNACE AVENUE,,11,41.96901667,-72.298138890,0,8,0,0,1,1,1,0,1,1,0,1,0,0000000,14,52,14,59,15,13,0,0,0,2,1
9,90128,1,1,0,1,5,326,4,7,2010,1,9,0,0,3,2,US-7,,497,41.70953333,-73.488663890,0,1,0,0,1,1,4,0,1,1,0,1,0,0000000,9,8,9,10,10,10,0,0,0,1,0
9,90129,1,1,0,1,9,502,4,7,2010,1,17,36,1,12,3,SR-15,,545,41.40555833,-72.861908330,0,42,0,0,1,1,4,0,1,1,0,1,0,0000000,17,36,17,41,88,88,0,0,0,1,0
9,90130,2,2,0,5,1,80,5,7,2010,2,12,3,1,11,1,I-95,,293,41.17429167,-73.188355560,0,1,0,1,18,1,1,0,1,1,0,1,0,0000000,12,4,12,10,12,29,0,0,0,1,0
9,90131,2,1,1,1,1,650,3,7,2010,7,22,3,0,14,3,SR-110,SR-454,111,41.33313333,-73.120847220,0,14,0,0,3,4,2,0,3,1,0,1,0,0000000,22,3,22,6,22,33,0,0,0,1,1
9,90132,2,2,0,2,9,410,7,7,2010,4,15,47,0,15,3,SR-709,,1,41.48701667,-73.051533330,0,12,2,0,1,1,1,0,1,1,0,1,0,0000000,15,48,15,50,16,6,0,0,0,1,0
9,90133,1,1,0,1,15,843,9,7,2010,6,5,35,0,15,3,SR-203,,25,41.71016667,-72.165697220,0,30,0,0,1,1,4,0,1,1,0,1,0,0000000,5,35,5,38,88,88,0,0,0,1,1
9,90134,2,2,0,3,3,225,9,7,2010,6,23,38,1,11,1,I-84,,627,41.76944444,-72.665500000,0,12,1,1,18,1,1,0,3,1,0,1,0,0000000,23,38,99,99,99,99,0,0,0,1,1
9,90135,1,1,0,1,1,80,11,7,2010,1,17,40,1,12,3,SR-8,,21,41.19626111,-73.194861110,0,24,0,1,18,1,3,0,1,1,0,1,0,0000000,17,40,17,44,88,88,0,0,0,1,1
9,90136,1,1,0,4,15,330,12,7,2010,2,19,29,1,11,1,I-395,,413,41.84492500,-71.879177780,0,31,0,1,18,1,3,0,1,1,0,1,0,0000000,19,29,19,29,20,11,0,0,0,1,0
9,90137,2,2,0,2,9,370,15,7,2010,5,15,34,0,13,6,EAST MAIN STREET,WILLOW STREET,28,41.53687778,-72.799105560,0,12,6,0,2,3,1,0,1,1,0,1,0,0000000,15,33,15,36,16,8,0,0,0,1,0
9,90138,1,1,1,1,3,420,19,7,2010,2,4,40,1,12,3,SR-9,SR-72 NB JCT,358,41.66755556,-72.772975000,0,8,0,1,3,1,1,0,3,1,0,1,0,0000000,4,39,4,41,88,88,0,0,0,1,0
9,90139,3,3,0,3,9,669,19,7,2010,2,5,50,0,14,3,SR-67,,173,41.47603056,-73.205283330,0,12,8,0,1,1,1,0,1,1,0,1,0,0000000,5,51,5,52,7,6,0,0,0,1,0
9,90140,1,1,1,1,1,80,6,7,2010,3,13,21,0,15,6,IRANISTAN AVENUE,ADMIRAL STREET,11,41.16783611,-73.200141670,0,9,0,0,2,3,1,0,1,99,0,99,0,0000000,99,99,99,99,88,88,0,0,0,1,0
9,90141,1,1,0,1,13,775,19,7,2010,2,17,25,1,1,1,I-84,,969,42.01984722,-72.150522220,0,31,0,0,1,1,3,0,1,1,0,1,0,0000000,17,25,99,99,88,88,0,0,0,1,0
9,90142,1,1,0,2,9,370,26,7,2010,2,2,38,1,11,1,I-91,,178,41.50627222,-72.769177780,0,42,0,0,1,1,4,0,2,1,0,1,0,0000000,2,43,2,50,88,88,0,0,0,2,0
9,90143,1,1,0,1,9,502,20,7,2010,3,2,12,0,16,6,ST JOHN STREET,,3,41.38601667,-72.855438890,0,42,0,0,1,1,4,0,3,1,0,1,0,0000000,2,12,99,99,88,88,0,0,0,1,1
9,90144,2,2,0,2,9,502,21,7,2010,4,10,40,0,14,3,SR-103,,50,41.38662500,-72.861336110,0,12,2,0,1,1,1,0,1,1,0,1,0,0000000,10,40,10,43,11,12,0,0,0,1,0
9,90145,2,2,0,2,3,224,28,7,2010,4,22,23,1,13,2,US-5,,438,41.87532222,-72.609263890,0,12,2,0,1,1,1,0,2,1,0,1,0,0000000,22,24,22,29,23,1,0,0,0,1,0
9,90146,3,1,0,1,1,185,11,7,2010,1,1,33,0,14,6,HOLLOW TREE RIDGE RD,,38,41.06710833,-73.499822220,0,33,0,0,1,1,4,0,3,1,0,1,0,0000000,1,42,1,46,2,11,0,0,0,1,0
9,90147,3,1,0,3,3,229,2,9,2010,5,16,16,1,11,1,I-91,,564,42.00173611,-72.584847220,0,14,0,1,18,1,2,0,1,1,0,1,0,0000000,16,11,16,16,16,29,14,0,0,1,0
9,90148,1,1,1,1,1,256,3,9,2010,6,8,30,0,13,2,US-1,BYRAM RD,0,41.01258889,-73.654844440,0,8,0,0,3,2,1,0,1,1,0,1,0,0000000,8,30,8,34,99,99,0,0,0,1,0
9,90149,2,2,0,2,15,550,4,9,2010,7,17,20,1,1,1,I-395,,308,41.70306111,-71.900905560,0,12,1,0,1,1,1,0,1,1,0,1,0,0000000,17,21,17,30,88,88,0,0,0,1,0
9,90150,2,2,0,2,9,502,5,9,2010,1,19,20,0,14,2,US-5,TEMPLE STREET,79,41.40759722,-72.844819440,0,12,6,0,2,3,1,0,5,1,0,1,0,0000000,19,21,19,24,99,99,0,0,0,1,0
9,90151,1,1,1,1,5,817,6,9,2010,2,17,45,0,15,6,SUNNYSIDE AVENUE,,1,41.59420000,-73.081086110,0,8,0,0,1,1,1,0,1,1,0,1,0,0000000,99,99,99,99,99,99,0,0,0,1,0
9,90152,1,1,0,1,3,369,8,9,2010,4,16,11,1,12,3,SR-2,,132,41.65065278,-72.493555560,0,31,0,0,1,1,4,0,1,1,0,1,0,0000000,16,12,16,20,16,33,0,0,0,1,0
9,90153,1,1,0,3,15,330,11,9,2010,7,2,28,0,3,3,SR-101,,93,41.84891389,-71.798325000,0,35,0,0,1,1,4,0,2,1,0,1,0,0000000,2,31,2,39,3,10,0,0,0,1,0
9,90154,1,1,0,1,7,130,14,9,2010,3,13,59,0,14,3,SR-81,,1,41.27955278,-72.527861110,0,50,0,0,1,1,1,0,1,1,0,1,0,0000000,13,59,14,9,14,29,0,0,0,1,0
9,90155,3,3,1,3,9,430,16,9,2010,5,23,57,1,11,1,I-95,,482,41.29822778,-72.903405560,0,8,0,0,1,1,1,0,3,2,0,2,0,0000000,0,4,0,10,99,99,23,0,0,1,0
9,90156,1,1,0,1,11,787,11,8,2010,4,9,45,0,4,3,SR-49,,111,41.55501111,-71.851791670,0,42,0,0,1,1,4,0,1,1,0,1,0,0000000,9,45,9,55,10,30,0,0,0,1,0
9,90157,2,2,0,3,5,428,14,8,2010,7,14,29,1,2,2,US-202,,528,41.83030556,-72.985502780,0,12,2,0,1,1,1,0,1,1,0,1,0,0000000,14,29,99,99,99,99,0,0,0,1,0
9,90158,1,1,0,1,1,510,17,9,2010,6,0,47,1,12,3,SR-15,,178,41.14351667,-73.421572220,0,33,0,0,1,1,4,0,2,2,0,2,0,0000000,0,47,99,99,88,88,0,0,0,1,1
9,90159,1,1,0,1,3,225,18,9,2010,7,2,17,1,12,3,SR-2,,35,41.73459444,-72.624911110,0,33,0,1,18,1,4,0,3,1,0,1,0,0000000,2,23,2,32,88,88,0,0,0,1,1
9,90160,1,1,0,1,9,370,18,9,2010,7,23,1,1,12,3,SR-15,,624,41.50501111,-72.790958330,0,24,0,0,1,1,4,0,2,1,0,1,0,0000000,23,4,23,10,88,88,0,0,0,1,0
9,90161,1,1,0,1,9,265,19,9,2010,1,21,6,0,15,3,SR-77,,110,41.42372222,-72.691422220,0,33,0,0,1,1,4,0,2,1,0,1,0,0000000,21,6,21,8,21,49,0,0,0,1,0
9,90162,1,1,0,1,9,430,15,8,2010,1,2,20,0,13,3,SR-10 ELLA T GRASSO,,10,41.29488889,-72.946127780,0,30,0,0,1,1,4,0,3,1,0,1,0,0000000,2,16,2,22,88,88,0,0,0,1,1
9,90163,1,1,0,1,15,104,7,8,2010,7,7,40,0,4,3,SR-169 S CANTERBURY,,98,41.65562778,-71.975202780,0,24,0,0,1,1,4,0,2,1,0,1,0,0000000,7,40,7,49,88,88,0,0,0,1,1
9,90164,2,1,0,1,1,80,13,9,2010,2,4,5,0,16,6,LAKESIDE DRIVE,,7,41.22288611,-73.208752780,0,59,0,0,1,1,1,0,3,1,0,1,0,0000000,4,5,99,99,99,99,0,0,0,1,0
9,90165,1,1,0,1,3,555,21,9,2010,3,22,51,0,14,3,SR-10,STILLWELL DRIVE,290,41.66326111,-72.864138890,0,33,0,0,3,3,4,0,3,1,0,1,0,0000000,22,48,22,49,88,88,0,0,0,1,1
9,90166,2,2,0,2,3,280,18,8,2010,4,0,55,1,11,1,I-84 RAMP,,605,41.75829444,-72.700605560,0,12,2,1,5,1,1,0,3,1,0,1,0,0000000,1,2,1,8,1,22,0,0,0,1,1
9,90167,1,1,0,1,9,502,18,8,2010,4,6,51,1,12,3,SR-15,,576,41.42369722,-72.854533330,0,42,0,0,1,1,4,0,1,1,0,1,0,0000000,6,55,7,7,7,45,0,0,0,1,0
9,90168,1,1,0,1,7,580,26,9,2010,1,17,43,0,6,6,COX ROAD,,11,41.60222222,-72.576444440,0,34,0,0,1,1,4,0,1,1,0,1,0,0000000,99,99,99,99,99,99,0,0,0,1,0