STATE,ST_CASE,VE_TOTAL,VE_FORMS,PEDS,PERSONS,COUNTY,CITY,DAY,MONTH,YEAR,DAY_WEEK,HOUR,MINUTE,NHS,ROAD_FNC,ROUTE,TWAY_ID,TWAY_ID2,MILEPT,LATITUDE,LONGITUD,SP_JUR,HARM_EV,MAN_COLL,RELJCT1,RELJCT2,TYP_INT,REL_ROAD,WRK_ZONE,LGT_COND,WEATHER1,WEATHER2,WEATHER,SCH_BUS,RAIL,NOT_HOUR,NOT_MIN,ARR_HOUR,ARR_MIN,HOSP_HR,HOSP_MN,CF1,CF2,CF3,FATALS,DRUNK_DR
9,90169,1,1,1,1,1,425,18,8,2010,4,16,41,0,14,3,SR-124 OENOKE RIDGE,,93,41.18650556,-73.522841670,0,8,0,0,1,1,1,0,1,1,0,1,0,0000000,16,41,16,51,17,22,0,0,0,1,0
9,90170,1,1,1,1,11,440,30,9,2010,5,4,32,1,11,1,I-95,,938,41.36345000,-72.097252780,0,8,0,0,1,1,1,0,3,2,0,2,0,0000000,4,40,4,45,5,8,0,0,0,1,0
9,90171,1,1,1,2,13,228,9,9,2010,5,18,42,0,13,3,SR-83,,175,41.89947500,-72.459569440,0,9,0,0,1,1,1,0,5,1,0,1,0,0000000,18,42,18,48,99,99,0,0,0,1,0
9,90172,2,2,0,3,9,265,18,9,2010,7,12,31,0,13,3,SR-80,,87,41.34822222,-72.733430560,0,12,2,0,1,1,1,0,1,1,0,1,0,0000000,12,31,12,36,13,15,0,0,0,2,0
9,90173,2,2,0,2,3,838,2,9,2010,5,12,50,1,11,1,I-91,,322,41.68755278,-72.649530560,0,12,1,0,1,1,1,0,1,1,0,1,0,0000000,12,47,12,54,13,12,0,0,0,1,0
9,90174,1,1,1,2,3,255,9,9,2010,5,18,40,0,16,6,COLDSPRING CROSSING,,4,41.66343889,-72.536002780,0,8,0,0,4,1,1,0,1,1,0,1,0,0000000,18,40,18,50,19,17,0,0,0,1,0
9,90175,1,1,0,1,5,802,19,9,2010,1,1,27,1,2,2,US-202,,309,41.70314167,-73.300158330,0,24,0,0,1,1,4,0,2,1,0,1,0,0000000,1,27,1,35,99,99,0,0,0,1,0
9,90176,1,1,1,1,9,370,17,9,2010,6,21,31,0,14,3,SR-70,,103,41.51657778,-72.825269440,0,8,0,0,1,1,2,0,3,1,0,1,0,0000000,21,32,21,38,21,59,0,0,0,1,0
9,90177,1,1,0,1,1,650,3,10,2010,1,4,37,1,12,3,SR-8,,112,41.30118333,-73.101658330,0,30,0,1,18,1,4,0,2,1,0,1,0,0000000,4,40,4,53,5,23,0,0,0,1,1
9,90178,3,3,0,4,1,510,5,10,2010,3,11,43,1,11,1,I-95,@ TR 801 ENT RAMP,154,41.10665556,-73.422427780,0,12,6,1,5,1,1,0,1,2,0,2,0,0000000,11,43,11,51,88,88,0,0,0,1,0
9,90179,2,2,0,3,13,156,9,10,2010,7,9,28,0,15,3,SR-31,PADEN ROAD,108,41.77368889,-72.306997220,0,12,2,0,2,3,1,0,1,1,0,1,0,0000000,9,28,9,38,99,99,0,0,0,1,0
9,90180,2,2,0,2,3,237,12,10,2010,3,9,48,0,13,3,SR-4,,432,41.72572500,-72.817533330,0,12,8,0,1,1,1,0,1,1,0,1,0,0000000,9,49,9,55,10,11,0,0,0,1,1
9,90181,2,2,0,3,5,286,5,8,2010,5,20,20,0,6,6,SOUTH ROAD,,17,41.74680278,-73.055058330,0,12,6,0,1,1,1,0,2,1,0,1,0,0000000,20,20,20,25,21,33,0,0,0,2,1
9,90182,2,2,0,3,5,801,13,10,2010,4,8,4,0,4,3,SR-341,@ DWY TO #25 KENT RD,110,41.74396389,-73.353750000,0,12,6,0,2,3,1,0,1,1,0,1,0,0000000,8,2,8,9,99,99,0,0,0,1,0
9,90183,1,1,1,2,9,370,21,8,2010,7,22,54,1,11,1,I-91,,186,41.51881389,-72.770844440,0,8,0,0,1,1,1,0,3,1,0,1,0,0000000,22,54,23,2,23,30,0,0,0,1,0
9,90184,2,2,0,2,13,64,14,10,2010,5,20,9,0,14,2,US-6,,762,41.78494444,-72.459308330,0,12,6,0,8,1,1,0,3,2,0,2,0,0000000,20,7,20,16,99,99,0,0,0,1,0
9,90185,1,1,0,1,7,160,21,8,2010,7,22,4,0,16,6,SOUTH ST,,12,41.59336389,-72.665033330,0,57,0,0,1,1,4,0,2,1,0,1,0,0000000,22,4,22,4,88,88,0,0,0,1,1
9,90186,3,1,2,7,1,185,16,10,2010,7,2,26,1,11,1,I-95,,115,41.07201389,-73.477269440,0,8,0,0,1,1,2,0,3,1,0,1,0,0000000,2,25,2,31,99,99,23,0,0,2,1
9,90187,3,3,0,4,11,263,2,8,2010,2,15,39,0,4,3,SR-165,,103,41.55433333,-71.882116670,0,12,1,0,8,1,1,0,1,1,0,1,0,0000000,15,38,15,46,16,12,14,0,0,1,0
9,90188,1,1,0,3,15,590,17,10,2010,1,2,57,0,6,6,FIVE MILE RIVER ROAD,,40,41.90940833,-71.800847220,0,30,0,0,1,1,4,0,2,1,0,1,0,0000000,2,58,3,9,3,26,0,0,0,1,0
9,90189,2,2,0,4,3,229,25,8,2010,4,2,32,1,11,1,I-91,,555,41.98610833,-72.588400000,0,12,6,1,5,1,1,0,3,2,0,2,0,0000000,2,32,3,0,3,20,0,0,0,1,1
9,90190,1,1,0,4,13,846,17,10,2010,1,20,3,1,1,1,I-84,,851,41.89484444,-72.293605560,0,1,0,1,5,1,4,0,3,1,0,1,0,0000000,20,3,20,10,99,99,0,0,0,3,1
9,90191,1,1,1,1,9,430,22,8,2010,1,1,44,0,15,6,WHALLEY AVE,CARMEL ST,3,41.31705000,-72.943469440,0,8,0,0,3,3,1,0,3,1,0,1,0,0000000,1,43,1,52,99,99,0,0,0,1,0
9,90192,1,1,0,2,11,263,21,10,2010,5,19,32,0,4,3,SR-201,,169,41.60762222,-71.924066670,0,35,0,0,1,1,4,0,2,2,0,2,0,0000000,19,32,19,38,99,99,0,0,0,1,1
9,90193,2,2,0,3,5,492,27,10,2010,4,14,39,1,2,2,US-44,,98,42.01719444,-73.350580560,0,12,6,0,1,1,1,0,1,1,0,1,0,0000000,14,38,14,43,14,55,0,0,0,1,0
9,90194,1,1,0,2,1,80,27,8,2010,6,1,2,0,14,3,SR-127 EAST MAIN ST,BEVERLY PLACE,28,41.21825000,-73.176277780,0,42,0,0,2,3,4,0,3,1,0,1,0,0000000,99,99,99,99,99,99,0,0,0,1,0
9,90195,1,1,0,1,9,430,29,10,2010,6,19,3,1,11,1,I-91,,19,41.31860000,-72.897269440,0,25,0,0,1,1,4,0,3,1,0,1,0,0000000,19,3,19,8,88,88,0,0,0,1,0
9,90196,1,1,0,1,9,502,30,10,2010,7,3,19,1,13,3,SR-15,,536,41.39564444,-72.872291670,0,42,0,0,1,1,4,0,2,1,0,1,0,0000000,3,20,3,27,88,88,0,0,0,1,1
9,90197,2,1,0,1,9,200,30,10,2010,7,14,39,0,13,3,SR-34,,129,41.32772222,-73.103088890,0,33,0,0,1,1,4,0,1,1,0,1,0,0000000,14,41,14,43,88,88,0,0,0,1,0
9,90198,1,1,0,1,13,156,30,10,2010,7,22,40,0,16,6,LEWIS HILL ROAD,,1,41.79795278,-72.314844440,0,42,0,0,1,1,4,0,2,1,0,1,0,0000000,22,41,22,48,88,88,0,0,0,1,1
9,90199,2,2,0,4,13,368,29,10,2010,6,18,15,0,2,3,SR-195,OLD MANSFIELD HOLLOW,29,41.75383056,-72.192686110,0,12,6,0,2,3,1,0,1,1,0,1,0,0000000,18,15,18,19,99,99,0,0,0,1,0
9,90200,1,1,0,3,1,700,30,10,2010,7,7,21,1,12,3,SR-15,,120,41.11891389,-73.523497220,0,24,0,0,1,1,4,0,1,1,0,1,0,0000000,7,21,7,26,99,99,0,0,0,1,0
9,90201,1,1,0,3,1,700,29,10,2010,6,2,9,1,11,1,I-95,,88,41.05525556,-73.520461110,0,42,0,0,1,1,4,0,3,1,0,1,0,0000000,2,9,2,15,99,99,0,0,0,1,0
9,90202,1,1,1,3,11,140,15,10,2010,6,19,54,0,4,3,SR-149,,80,41.54266389,-72.412722220,0,8,0,0,1,1,1,0,2,1,0,1,0,0000000,19,54,19,56,88,88,0,0,0,1,0
9,90203,2,2,0,2,9,430,27,8,2010,6,7,38,0,16,6,TOWNSEND AVE,WOODWARD AVE,16,41.29310278,-72.892661110,0,12,6,0,2,2,1,0,1,1,0,1,0,0000000,99,99,99,99,99,99,0,0,0,1,0
9,90204,3,2,1,2,9,110,28,8,2010,7,2,33,1,11,1,I-84 EXIT 27 OFF RMP,,400,41.55745556,-72.923038890,0,8,0,1,5,1,1,0,3,1,0,1,0,0000000,2,56,3,5,88,88,14,0,0,1,0
9,90205,2,2,0,7,3,90,31,10,2010,1,19,45,0,14,6,STAFFORD AVENUE,ROSEMARY LANE & CDWY,13,41.70304444,-72.911069440,0,12,6,0,8,1,1,0,3,1,0,1,0,0000000,19,45,19,55,99,99,0,0,0,1,0
9,90206,1,1,1,2,3,680,14,8,2010,7,9,44,1,11,1,I-84,,438,41.60786111,-72.901008330,0,8,0,0,1,1,1,0,1,1,0,1,0,0000000,9,43,9,48,10,28,0,0,0,1,0
9,90207,2,1,0,1,3,90,25,10,2010,2,11,0,0,16,6,PKG LOT ACCESS RD,,0,41.66682778,-72.921186110,0,14,0,0,1,1,5,0,1,1,0,1,0,0000000,11,0,99,99,99,99,0,0,0,1,0
9,90208,1,1,0,1,7,205,29,8,2010,1,0,4,0,13,3,SR-17 N,,135,41.45031944,-72.699063890,0,42,0,0,1,1,5,0,2,1,0,1,0,0000000,0,4,0,12,0,35,0,0,0,1,1
9,90209,2,2,0,2,9,502,31,8,2010,3,17,18,0,14,2,US-5 WASHINGTON AVE,SCRUB OAK RD,89,41.42300000,-72.839338890,0,12,6,0,2,3,1,0,1,1,0,1,0,0000000,17,18,17,22,18,3,0,0,0,1,0
9,90210,1,1,0,4,9,810,2,11,2010,3,0,22,0,15,6,SYLVAN AVENUE,,2,41.53404167,-73.022366670,0,30,0,0,1,1,4,0,3,1,0,1,0,0000000,0,22,0,30,99,99,0,0,0,2,1
9,90211,1,1,0,1,15,858,23,8,2010,2,23,28,0,6,6,BUNGAY HILL RD,,13,41.96125000,-72.059102780,0,30,0,0,1,1,4,0,2,1,0,1,0,0000000,23,28,23,39,99,99,0,0,0,1,0
9,90212,1,1,0,3,13,846,7,8,2010,7,23,13,0,3,3,SR-32 RIVER ROAD,,463,41.92188333,-72.300041670,0,1,0,0,1,1,4,0,2,1,0,1,0,0000000,23,13,23,19,99,99,0,0,0,1,0
9,90213,1,1,0,2,15,268,4,11,2010,5,10,46,0,4,3,SR-97,,210,41.81726389,-72.040700000,0,30,0,0,1,1,4,0,1,2,0,2,0,0000000,10,46,10,52,99,99,0,0,0,1,0
9,90214,1,1,1,1,3,435,5,11,2010,6,18,28,0,15,6,CHURCH STREET,ROWLEY STREET,18,41.64836111,-72.736138890,0,15,0,0,3,2,1,0,2,1,0,1,0,0000000,18,28,18,30,18,52,0,0,0,1,0
9,90215,3,3,0,3,13,7,6,11,2010,7,13,35,1,2,2,US-6,,826,41.73864167,-72.369947220,0,12,2,0,1,1,1,0,1,1,0,1,0,0000000,13,34,13,42,14,16,0,0,0,1,0
9,90216,2,2,0,4,5,760,4,11,2010,5,19,13,1,12,3,SR-8,,558,41.88820556,-73.070594440,0,12,1,0,1,1,1,0,2,2,0,2,0,0000000,19,3,19,12,19,40,0,0,0,1,0
9,90217,1,1,1,1,3,90,16,11,2010,3,16,59,0,16,6,SC PKG LOT ACCESS RD,,0,41.69750278,-72.902741670,0,8,0,0,8,1,1,0,3,2,0,2,0,0000000,16,58,17,6,17,15,0,0,0,1,0
9,90218,1,1,0,2,3,555,17,11,2010,4,3,13,0,16,6,PEARL STREET,,1,41.66601944,-72.873644440,0,42,0,0,1,1,4,0,3,2,0,2,0,0000000,3,17,3,25,3,59,0,0,0,1,1
9,90219,2,2,0,3,9,38,20,11,2010,7,20,55,1,12,3,SR-8,,208,41.42561389,-73.068041670,0,12,7,1,18,1,1,0,2,1,0,1,0,0000000,20,57,21,0,21,19,0,0,0,1,0
9,90220,2,2,0,2,11,520,23,11,2010,3,3,2,1,11,1,I-395,@ X82 SB (RMP# 018),144,41.55681111,-72.104400000,0,12,1,1,18,1,1,0,3,1,0,1,0,0000000,3,2,99,99,99,99,0,0,0,1,0
9,90221,1,1,0,1,5,760,25,11,2010,5,15,47,0,15,6,AETNA AVENUE,,1,41.79792500,-73.142913890,0,53,0,0,1,1,4,0,1,1,0,1,0,0000000,15,47,99,99,88,88,0,0,0,1,0
9,90222,2,2,0,3,15,330,28,11,2010,1,17,28,1,2,2,US-6,COOK HILL ROAD,1141,41.79043056,-71.833219440,0,12,1,0,2,2,1,0,2,1,0,1,0,0000000,17,28,17,32,18,4,0,0,0,1,0
9,90223,1,1,1,1,7,380,23,11,2010,3,17,29,0,13,3,SR-66,,57,41.55633333,-72.668455560,0,8,0,0,1,1,1,0,3,1,0,1,0,0000000,17,29,17,31,17,55,0,0,0,1,0
9,90224,1,1,0,2,13,756,4,12,2010,7,0,41,0,14,3,SR-74,DOYLE RD,97,41.87656389,-72.395719440,0,42,0,0,3,3,4,0,2,1,0,1,0,0000000,0,41,0,49,99,99,0,0,0,1,1
9,90225,1,1,0,2,1,235,4,12,2010,7,15,31,1,11,1,I-95,,260,41.15837222,-73.244525000,0,24,0,1,18,1,4,0,1,1,0,1,0,0000000,15,31,15,37,99,99,0,0,0,1,0
9,90226,2,2,0,2,11,349,5,12,2010,1,17,36,0,4,3,SR-169,,86,41.63036667,-72.002977780,0,12,2,0,1,1,1,0,2,1,0,1,0,0000000,17,35,17,41,18,23,0,0,0,1,0
9,90227,2,2,0,4,11,505,6,12,2010,2,19,45,1,11,1,I-95,,1103,41.43041111,-71.815491670,0,12,1,0,1,1,1,0,2,1,0,1,0,0000000,19,45,19,52,99,99,0,0,0,1,0
9,90228,1,1,0,2,1,235,10,12,2010,6,12,35,0,13,2,US-1,REEF ROAD,249,41.14108611,-73.257527780,0,6,0,0,3,3,1,0,1,1,0,1,0,0000000,12,35,99,99,99,99,0,0,0,1,0
9,90229,1,1,0,1,1,650,11,12,2010,7,5,32,1,12,3,SR-8,,114,41.30336944,-73.100525000,0,17,0,1,5,1,4,0,3,1,0,1,0,0000000,6,3,6,17,88,88,0,0,0,1,0
9,90230,1,1,0,2,3,842,16,12,2010,5,17,40,1,11,1,I-91,ON SB ENT RMP #162,443,41.85204444,-72.665455560,0,59,0,1,5,1,4,0,3,1,0,1,0,0000000,17,40,17,44,18,20,0,0,0,1,1
9,90231,1,1,0,2,7,160,17,12,2010,6,0,48,1,12,3,SR-9,,261,41.59098889,-72.652394440,0,42,0,0,1,1,3,0,2,1,0,1,0,0000000,0,52,1,0,1,47,0,0,0,1,1
9,90232,1,1,0,2,3,660,21,12,2010,3,1,10,0,15,6,W MOUNTAIN ROAD,,12,41.83471667,-72.867088890,0,42,0,0,1,1,4,0,3,1,0,1,0,0000000,1,15,1,21,1,53,0,0,0,1,0
9,90233,1,1,0,1,3,237,17,12,2010,6,23,8,0,15,6,NEW BRITAIN AVENUE,,18,41.73897778,-72.862102780,0,43,0,0,1,1,4,0,3,1,0,1,0,0000000,23,9,23,9,23,34,0,0,0,1,1
9,90234,1,1,0,2,5,760,21,12,2010,3,13,20,0,14,3,SR-4,,218,41.81927222,-73.152025000,0,17,0,0,1,1,4,0,1,1,0,1,0,0000000,13,21,13,23,13,44,0,0,0,2,0
9,90235,2,2,0,2,1,605,2,12,2010,5,19,8,0,4,3,SR-107,,32,41.28673056,-73.398397220,0,12,2,0,1,1,1,0,2,1,0,1,0,0000000,19,8,99,99,99,99,0,0,0,1,0
9,90236,1,1,1,1,1,835,21,12,2010,3,19,5,0,13,2,US-1,WESTFAIR DRIVE,225,41.13840278,-73.303947220,0,8,0,0,3,2,1,0,3,1,0,1,0,0000000,19,4,19,13,19,45,0,0,0,1,0
9,90237,1,1,0,1,5,760,22,12,2010,4,12,28,1,12,3,SR-8,,555,41.87801111,-73.071555560,0,21,0,1,18,1,4,0,1,1,0,1,0,0000000,12,28,12,30,99,99,0,0,0,1,0
9,90238,1,1,0,2,7,190,23,12,2010,5,20,55,1,12,3,SR-9,,74,41.37866111,-72.441433330,0,24,0,1,18,1,3,0,2,1,0,1,0,0000000,21,8,21,33,21,54,0,0,0,1,1
9,90239,1,1,1,1,11,584,4,12,2010,7,4,49,1,2,3,SR-2,,459,41.48825556,-71.980319440,0,8,0,0,1,1,1,0,2,1,0,1,0,0000000,4,49,99,99,99,99,0,0,0,1,0
9,90240,1,1,1,1,3,255,3,12,2010,6,19,52,0,13,3,SR-94,,4,41.71421944,-72.595525000,0,9,0,0,1,1,1,0,2,1,0,1,0,0000000,19,53,19,57,20,18,0,0,0,1,0
9,90241,1,1,0,3,1,765,24,12,2010,6,1,29,1,12,3,SR-15,,329,41.23764722,-73.179747220,0,59,0,1,5,1,4,0,3,1,0,1,0,0000000,1,29,1,47,2,21,0,0,0,1,0
9,90242,1,1,0,2,1,700,28,1,2010,5,1,25,0,13,3,SR-137,,70,41.14628056,-73.548047220,0,24,0,0,1,1,4,0,3,1,0,1,0,0000000,1,25,1,33,1,59,0,0,0,1,1
9,90243,2,1,1,1,1,460,14,1,2010,5,14,35,0,14,3,SR-25,COVERED BRIDGE RD,231,41.42181389,-73.355258330,0,8,0,0,3,3,1,0,1,1,0,1,0,0000000,14,38,14,43,15,4,0,0,0,1,0
9,90244,1,1,1,1,3,842,18,2,2010,5,20,43,0,13,3,SR-218,W WOLCOTT AVENUE,56,41.81765000,-72.682583330,0,8,0,0,3,3,1,0,2,1,0,1,0,0000000,20,43,20,46,99,99,0,0,0,1,0
9,90245,1,1,0,2,9,385,28,2,2010,1,15,18,0,14,6,GULF STREET,,15,41.20824444,-73.043480560,0,30,0,0,1,1,4,0,1,1,0,1,0,0000000,15,20,15,24,15,51,0,0,0,2,0
9,90246,2,2,0,2,1,700,2,3,2010,3,2,32,1,11,1,I-95,,64,41.04491111,-73.564111110,0,12,1,1,18,1,1,0,2,1,0,1,0,0000000,2,34,2,37,3,8,0,0,0,1,0
9,90247,1,1,0,2,1,50,5,4,2010,2,11,53,0,4,3,SR-53,,181,41.34571667,-73.414694440,0,42,0,0,1,1,4,0,1,1,0,1,0,0000000,11,53,11,56,12,24,0,0,0,1,0
9,90248,1,1,0,1,1,425,20,4,2010,3,14,24,0,14,3,SR-124,,66,41.16146667,-73.507880560,0,53,0,0,1,1,4,0,1,1,0,1,0,0000000,14,24,99,99,99,99,0,0,0,1,0
9,90249,3,3,0,4,1,170,20,4,2010,3,21,27,1,11,1,I-84,WB ENT #3 (TR 802),33,41.38476667,-73.479886110,0,12,2,1,5,1,1,0,3,1,0,1,0,0000000,21,32,21,41,22,5,0,0,0,1,1
9,90250,3,3,0,3,9,790,5,4,2010,2,14,34,0,14,3,SR-150,HILL AVENUE,77,41.48725000,-72.821627780,0,12,6,0,2,3,1,0,1,1,0,1,0,0000000,14,35,14,40,15,10,0,0,0,1,0
9,90251,1,1,1,1,9,810,15,4,2010,5,17,5,0,16,6,WILLOW STREET,,6,41.56631111,-73.048702780,0,8,0,0,1,1,1,0,1,1,0,1,0,0000000,88,88,88,88,88,88,0,0,0,1,0
9,90252,2,2,0,3,9,669,11,4,2010,1,13,35,0,14,3,SR-67,NORTH POVERTY RD,147,41.50222222,-73.225597220,0,12,6,0,2,3,1,0,1,1,0,1,0,0000000,13,35,99,99,99,99,0,0,0,1,0
9,90253,2,2,0,4,9,854,8,5,2010,7,12,42,0,13,3,SR-69,,16,41.35643611,-72.983508330,0,12,6,0,1,1,1,0,1,1,0,1,0,0000000,12,42,99,99,99,99,0,0,0,1,0
9,90254,1,1,0,1,9,854,24,7,2010,7,19,52,0,13,3,SR-63,,44,41.37431389,-72.998852780,0,33,0,0,1,1,4,0,5,1,0,1,0,0000000,19,54,99,99,88,88,0,0,0,1,1
9,90255,1,1,1,1,3,280,13,8,2010,6,19,57,0,14,6,ZION STREET,,9,41.74581111,-72.694075000,0,8,0,0,1,1,1,0,1,1,0,1,0,0000000,19,57,19,59,20,10,0,0,0,1,0
9,90256,1,1,1,1,3,280,20,8,2010,6,10,45,0,14,6,BROAD STREET,NEW BRITAIN AVENUE,6,41.74519444,-72.687155560,0,15,0,0,3,2,1,0,1,1,0,1,0,0000000,10,45,10,49,10,59,0,0,0,1,0
9,90257,1,1,0,1,9,854,19,9,2010,1,2,45,0,15,6,BALDWIN ROAD,,6,41.32184722,-73.037066670,0,42,0,0,1,1,4,0,2,1,0,1,0,0000000,99,99,99,99,88,88,0,0,0,1,0
9,90258,1,1,0,2,11,349,28,8,2010,7,22,11,0,6,6,REGINA AVENUE,,3,41.64180278,-72.016980560,0,1,0,0,1,1,1,0,2,1,0,1,0,0000000,22,11,22,20,23,17,0,0,0,1,1
9,90259,3,3,0,4,9,541,6,10,2010,4,11,19,0,14,3,SR-67,GOVERNORS HILL RD,229,41.43447222,-73.116775000,0,12,1,0,3,3,1,0,1,2,0,2,0,0000000,11,19,99,99,99,99,0,0,0,1,0
9,90260,1,1,0,1,9,375,30,10,2010,7,19,37,1,11,1,I-84,,268,41.51094722,-73.131072220,0,42,0,0,1,1,3,0,2,1,0,1,0,0000000,19,37,99,99,88,88,0,0,0,1,0
9,90261,1,1,0,1,9,541,31,10,2010,1,5,5,0,15,3,SR-188,,32,41.40345278,-73.141116670,0,42,0,0,1,1,4,0,3,1,0,1,0,0000000,5,5,99,99,88,88,0,0,0,1,1
9,90262,1,1,1,1,11,811,12,11,2010,6,13,53,0,14,3,SR-156,,224,41.34144167,-72.135758330,0,8,0,0,1,1,1,0,1,1,0,1,0,0000000,13,53,13,56,14,17,0,0,0,1,0
9,90263,1,1,0,2,11,539,29,11,2010,2,1,38,1,11,1,I-95,,827,41.31903056,-72.274955560,0,24,0,0,1,1,4,0,2,1,0,1,0,0000000,1,34,1,53,99,99,0,0,0,1,0
9,90264,1,1,0,5,11,263,7,12,2010,3,16,34,0,4,3,SR-201,,148,41.58931111,-71.901944440,0,42,0,0,1,1,4,0,1,1,0,1,0,0000000,16,33,16,36,17,28,0,0,0,4,0
9,90265,1,1,0,1,15,330,10,12,2010,6,17,55,1,2,2,US-6,,1161,41.79362778,-71.795463890,0,42,0,0,1,1,3,0,3,1,0,1,0,0000000,17,55,18,3,88,88,0,0,0,1,0
9,90267,1,1,0,1,3,101,20,12,2010,2,2,1,0,6,2,US-44,BRISTOL DRIVE,401,41.82983889,-72.902988890,0,33,0,0,3,3,4,0,2,1,0,1,0,0000000,2,6,2,18,88,88,0,0,0,1,1
9,90268,2,2,0,3,5,817,1,7,2010,5,14,48,0,13,3,SR-73,,13,41.58677778,-73.083458330,0,12,2,0,1,1,1,0,1,1,0,1,0,0000000,14,58,99,99,99,99,0,0,0,1,0
9,90269,1,1,1,1,9,385,3,10,2010,1,17,36,0,13,2,US-1,,359,41.20286111,-73.100402780,0,8,0,0,1,1,1,0,3,2,0,2,0,0000000,19,3,19,6,19,29,0,0,0,1,1
9,90270,1,1,0,2,9,370,12,12,2010,1,2,26,0,16,6,HOSLEY AVENUE,,20,41.28968889,-72.840000000,0,17,0,0,1,1,4,0,2,2,0,2,0,0000000,2,26,2,30,3,31,0,0,0,1,1
9,90271,1,1,0,1,9,70,17,5,2010,2,16,44,0,16,6,NORTHFORD ROAD,,5,41.30640833,-72.786958330,0,42,0,0,1,1,4,0,1,1,0,1,0,0000000,99,99,99,99,99,99,0,0,0,1,0
9,90272,1,1,0,1,1,80,1,5,2010,7,20,32,0,16,6,ISLANDBROOK AVENUE,,3,41.20020278,-73.190808330,0,30,0,0,1,1,4,0,1,1,0,1,0,0000000,99,99,99,99,88,88,0,0,0,1,0
9,90273,1,1,0,1,3,90,28,8,2010,7,3,54,0,13,3,SR-69,,253,41.65479722,-72.967211110,0,53,0,0,1,1,4,0,3,1,0,1,0,0000000,3,54,99,99,99,99,0,0,0,1,1
9,90274,1,1,1,1,5,850,20,1,2010,4,19,23,0,13,2,US-44,DIVISION STREET,276,41.92168611,-73.074272220,0,8,0,0,3,2,1,0,3,1,0,1,0,0000000,19,23,19,24,99,99,21,0,0,1,0
9,90275,1,1,1,1,3,280,2,1,2010,7,6,27,0,13,2,US-44,GARDEN STREET,526,41.77786389,-72.685561110,0,8,0,0,3,2,1,0,3,4,0,4,0,0000000,6,27,6,32,88,88,0,0,0,1,0
9,90277,1,1,0,1,9,541,3,7,2010,7,1,33,0,13,3,SR-34,,76,41.38436944,-73.160905560,0,1,0,0,1,1,1,0,2,1,0,1,0,0000000,1,33,99,99,99,99,0,0,0,1,1
9,90278,2,2,0,3,9,385,11,9,2010,7,0,52,0,13,2,US-1,@ CDR TO MCDONALDS,363,41.20529167,-73.093327780,0,12,6,0,2,3,1,0,3,1,0,1,0,0000000,0,53,0,58,1,31,0,0,0,1,1
9,90279,1,1,0,1,9,267,26,5,2010,4,11,42,0,16,6,PINE ROCK AVENUE #2,,4,41.34123333,-72.945313890,0,30,0,0,1,1,4,0,1,1,0,1,0,0000000,11,42,11,43,12,11,0,0,0,1,1
9,90280,1,1,0,1,11,440,21,3,2010,1,0,42,0,14,6,CHESTER STREET,,2,41.35842500,-72.125372220,0,33,0,0,1,1,4,0,3,1,0,1,0,0000000,0,45,0,50,88,88,0,0,0,1,1
9,90281,2,2,0,2,9,852,18,6,2010,6,23,37,0,14,3,SR-322,SR-844,43,41.55876389,-72.947927780,0,12,1,0,2,4,1,0,2,1,0,1,0,0000000,23,37,23,43,23,59,0,0,0,1,2
9,90282,1,1,1,1,1,510,29,6,2010,3,22,56,1,13,2,US-7,,43,41.15730278,-73.421805560,0,8,0,0,1,1,1,0,2,1,0,1,0,0000000,22,56,99,99,99,99,0,0,0,1,0
9,90283,3,3,0,6,3,718,8,7,2010,5,17,9,0,14,3,SR-159,,161,42.02130556,-72.616761110,0,12,2,0,1,1,1,0,1,1,0,1,0,0000000,17,10,17,19,17,46,0,0,0,1,0
9,90284,1,1,1,1,1,170,29,7,2010,5,18,16,0,16,6,STEVENS STREET,,2,41.39366944,-73.459097220,0,8,0,0,1,1,1,0,1,1,0,1,0,0000000,18,16,18,21,18,31,0,0,0,1,0
9,90285,1,1,0,1,3,420,22,7,2010,5,20,0,0,15,6,EDDY GLOVER BLVD,,6,41.69012222,-72.782977780,0,30,0,0,1,1,4,0,1,1,0,1,0,0000000,20,1,20,6,88,88,0,0,0,1,1
9,90286,2,2,0,2,3,280,18,11,2010,5,19,30,0,14,6,RETREAT AVENUE,SEYMOUR STREET PVT,1,41.75202778,-72.680977780,0,12,6,0,2,3,1,0,1,1,0,1,0,0000000,99,99,99,99,99,99,0,0,0,1,0
9,90287,1,1,1,1,3,420,12,11,2010,6,21,20,0,14,6,EAST MAIN STREET,MAIN STREET,0,41.67033056,-72.781172220,0,8,0,0,3,2,1,0,3,1,0,1,0,0000000,21,21,21,23,99,99,0,0,0,1,0
9,90288,2,2,0,2,3,90,26,11,2010,6,6,58,1,13,2,US-6,EATON ROAD,454,41.68160833,-72.976644440,0,12,2,0,2,3,1,0,1,2,0,2,0,0000000,6,58,7,1,7,29,0,0,0,1,0
9,90289,1,1,1,1,1,835,11,12,2010,7,17,36,0,13,2,US-1,,194,41.14141944,-73.360822220,0,8,0,0,1,1,1,0,2,1,0,1,0,0000000,17,33,17,35,17,50,0,0,0,1,0
9,90290,2,1,0,2,1,510,3,10,2010,1,21,38,0,16,6,ST JOHN STREET,,0,41.10693611,-73.405830560,0,14,0,0,1,1,7,0,3,2,0,2,0,0000000,21,39,21,44,22,39,0,0,0,1,0
9,90291,1,1,0,2,9,430,15,10,2010,6,1,40,0,16,6,WEBSTER STREET,,4,41.31651944,-72.934044440,0,42,0,0,1,1,4,0,3,2,0,2,0,0000000,1,41,1,44,88,88,0,0,0,2,1