STATE,ST_CASE,VE_TOTAL,VE_FORMS,PEDS,PERSONS,COUNTY,CITY,DAY,MONTH,YEAR,DAY_WEEK,HOUR,MINUTE,NHS,ROAD_FNC,ROUTE,TWAY_ID,TWAY_ID2,MILEPT,LATITUDE,LONGITUD,SP_JUR,HARM_EV,MAN_COLL,RELJCT1,RELJCT2,TYP_INT,REL_ROAD,WRK_ZONE,LGT_COND,WEATHER1,WEATHER2,WEATHER,SCH_BUS,RAIL,NOT_HOUR,NOT_MIN,ARR_HOUR,ARR_MIN,HOSP_HR,HOSP_MN,CF1,CF2,CF3,FATALS,DRUNK_DR
9,90292,1,1,1,1,3,845,30,10,2010,7,0,0,0,15,6,SPRING STREET,,6,41.93088889,-72.639336110,0,9,0,0,1,1,2,0,2,1,0,1,0,0000000,99,99,99,99,99,99,0,0,0,1,1
9,90293,1,1,0,2,7,580,27,10,2010,4,23,46,1,13,3,SR-66,,81,41.57250278,-72.639116670,0,5,0,0,1,1,1,0,3,2,5,2,0,0000000,23,46,23,49,88,88,0,0,0,1,1
9,90294,1,1,1,3,9,430,7,8,2010,7,18,2,0,13,6,MIDDLETOWN AVENUE,I-91 SB OFF RAMP,7,41.31913333,-72.896516670,0,8,0,0,3,1,1,0,1,1,0,1,0,0000000,99,99,99,99,99,99,0,0,0,1,0
9,90295,4,3,0,6,3,280,10,8,2010,3,18,11,0,14,6,MAIN STREET #1,BELDEN STREET,2,41.77538889,-72.676694440,0,12,1,0,3,2,1,0,1,1,0,1,0,0000000,18,11,18,11,99,99,0,0,0,1,1
9,90296,1,1,0,1,7,220,31,8,2010,3,14,36,0,16,6,CHAPMAN DRIVE,,2,41.62984167,-72.501669440,0,42,0,0,1,1,4,0,1,1,0,1,0,0000000,14,37,14,47,88,88,0,0,0,1,0
9,90297,1,1,0,3,9,538,29,8,2010,1,19,14,0,14,6,DERBY-MILFORD ROAD,,17,41.28391667,-73.051497220,0,42,0,0,1,1,4,0,5,1,0,1,0,0000000,19,19,19,21,19,49,0,0,0,1,0
9,90298,1,1,0,1,1,700,30,8,2010,2,7,39,0,16,6,CLAY HILL ROAD,,3,41.09928889,-73.558569440,0,33,0,0,1,1,4,0,1,1,0,1,0,0000000,7,39,7,44,99,99,0,0,0,1,0
9,90299,1,1,0,2,1,185,4,4,2010,1,1,0,0,16,6,LEROY AVENUE,BAILEY AVENUE,10,41.07689444,-73.474536110,0,5,0,0,2,3,1,0,3,1,0,1,0,0000000,88,88,88,88,88,88,0,0,0,1,0
9,90300,1,1,0,1,7,266,20,5,2010,5,16,3,0,4,3,SR-154,,227,41.47723056,-72.512280560,0,53,0,0,1,1,4,0,1,1,0,1,0,0000000,16,3,16,9,99,99,0,0,0,1,0
9,90301,2,2,0,2,3,229,23,12,2010,5,17,16,1,11,1,I-91,,534,41.95941944,-72.592194440,0,12,7,0,1,1,1,0,3,1,0,1,0,0000000,17,19,17,26,18,14,0,0,0,1,1
9,90302,2,2,0,2,3,435,23,12,2010,5,14,57,0,16,6,LOUIS STREET,PASCONE PLACE,3,41.67010278,-72.721925000,0,12,6,0,2,2,1,0,1,1,0,1,0,0000000,14,57,14,59,16,3,0,0,0,1,0
10,100001,1,1,1,1,3,0,2,1,2010,7,2,26,1,11,1,I-95,,138,39.64740278,-75.743008330,0,8,0,0,1,1,1,0,3,1,0,1,0,0000000,2,27,2,32,88,88,0,0,0,1,0
10,100002,2,2,0,2,5,0,4,1,2010,2,8,22,0,6,4,OLD LANDING ROAD,OLD LANDING ROAD,28,38.71598889,-75.132752780,0,12,6,0,2,2,1,0,1,1,0,1,0,0000000,8,29,8,43,8,58,0,0,0,1,0
10,100003,1,1,1,1,3,0,5,1,2010,3,6,3,1,13,3,SR-7,,8,39.72109444,-75.655213890,0,8,0,0,1,1,1,0,2,1,0,1,0,0000000,6,5,6,10,6,24,0,0,0,1,0
10,100004,2,2,0,5,5,0,10,1,2010,1,12,50,0,4,4,CR40,CR42,54,38.75564444,-75.500380560,0,12,2,0,2,2,1,0,1,1,0,1,0,0000000,12,54,13,15,13,41,0,0,0,1,0
10,100005,1,1,1,3,3,490,9,1,2010,7,14,46,0,16,6,25TH STREET,JESSUP STREET,0,39.75282500,-75.534794440,0,9,0,0,2,2,1,0,1,1,0,1,0,0000000,88,88,88,88,88,88,0,0,0,1,0
10,100006,2,2,0,3,3,0,11,1,2010,2,16,7,0,13,2,US-40,,17,39.60542500,-75.746097220,0,12,1,0,1,1,1,0,1,1,0,1,0,0000000,16,8,16,11,16,41,0,0,0,1,2
10,100007,2,2,0,4,1,0,12,1,2010,3,7,45,0,4,3,SR-10,,65,39.06391389,-75.633402780,0,12,8,0,1,1,1,0,1,1,0,1,0,0000000,7,52,8,14,9,33,0,0,0,2,1
10,100008,1,1,0,1,1,0,28,1,2010,5,18,25,0,6,4,TWIN WILLOWS ROAD,,13,39.25488611,-75.585550000,0,53,0,0,1,1,4,0,2,1,0,1,0,0000000,10,20,10,27,88,88,18,0,0,1,1
10,100009,2,2,0,2,3,0,9,2,2010,3,15,41,1,2,2,US-13,,59,39.61580556,-75.645675000,0,12,6,0,4,1,2,0,1,1,0,1,0,0000000,15,41,15,44,16,24,0,0,0,1,0
10,100010,1,1,1,1,3,0,17,2,2010,4,23,10,1,13,2,US-13,,34,39.74072222,-75.587311110,0,8,0,0,1,1,1,0,2,1,0,1,0,0000000,23,11,23,14,88,88,0,0,0,1,0
10,100011,3,3,0,4,3,0,20,2,2010,7,1,14,0,13,3,SR-7,,21,39.73357778,-75.672600000,0,12,2,0,1,1,1,0,2,1,0,1,0,0000000,1,14,1,20,1,40,0,0,0,2,1
10,100012,2,2,0,3,3,0,25,2,2010,5,16,32,0,3,2,US-13,DUCK CREEK RD,13,39.32420556,-75.621727780,0,18,0,0,2,2,1,0,1,1,0,1,0,0000000,16,33,16,43,17,24,0,0,0,2,0
10,100013,1,1,1,1,3,0,27,2,2010,7,18,32,1,13,3,SR-7,DELAWARE PARK BLVD,57,39.70982778,-75.652627780,0,8,0,0,3,3,1,0,2,1,0,1,0,0000000,18,32,18,36,18,47,0,0,0,1,0
10,100014,1,1,1,3,3,0,6,3,2010,7,23,51,1,13,2,US-13,HARES CO ROAD,46,39.66597222,-75.604477780,0,8,0,0,3,2,1,0,2,1,0,1,0,0000000,23,55,23,59,88,88,0,0,0,1,0
10,100015,1,1,0,1,1,0,4,3,2010,5,21,18,0,6,4,SLAUGHTER STATION RD,,15,39.13358889,-75.710477780,0,32,0,0,1,1,4,0,2,1,0,1,0,0000000,21,22,21,30,21,59,0,0,0,1,1
10,100016,1,1,0,1,1,0,18,3,2010,5,23,20,0,6,4,STILL ROAD,,6,39.05465000,-75.729275000,0,42,0,0,1,1,5,0,2,1,0,1,0,0000000,23,21,23,40,88,88,0,0,0,1,0
10,100017,1,1,1,1,3,0,25,3,2010,5,5,16,0,6,4,CEDAR LANE RD,,36,39.46223889,-75.719833330,0,8,0,0,1,1,1,0,2,1,0,1,0,0000000,5,32,5,41,88,88,0,0,0,1,0
10,100018,2,2,0,2,5,0,26,3,2010,6,14,19,0,4,3,SR-24 &,CR 493,37,38.52070556,-75.633230560,0,12,6,0,2,4,1,0,1,2,0,2,0,0000000,14,22,14,33,15,7,0,0,0,1,0
10,100019,2,2,0,3,5,0,2,4,2010,6,15,9,0,4,3,SR-24,CR421,218,38.55783056,-75.344925000,0,12,6,0,2,2,1,0,1,1,0,1,0,0000000,15,11,15,19,99,99,0,0,0,1,0
10,100021,1,1,1,1,5,0,6,4,2010,3,20,47,0,4,4,LONGNECK ROAD,,45,38.62454167,-75.120391670,0,8,0,0,1,1,1,0,2,1,0,1,0,0000000,20,14,20,18,88,88,0,0,0,1,0
10,100022,1,1,1,1,3,0,6,4,2010,3,21,49,0,16,3,SR-273,,31,39.67706944,-75.686875000,0,8,0,0,1,1,1,0,3,1,0,1,0,0000000,21,50,21,54,88,88,0,0,0,1,0
10,100023,1,1,0,2,3,0,8,4,2010,5,1,4,0,3,2,US-13,,38,39.58214167,-75.658205560,0,30,0,0,1,1,5,0,2,2,0,2,0,0000000,1,4,1,12,1,53,0,0,0,1,1
10,100024,1,1,0,1,5,0,18,4,2010,1,18,17,0,6,4,CLENDANIEL ROAD,,27,38.84151389,-75.457191670,0,42,0,0,1,1,5,0,1,1,0,1,0,0000000,18,25,18,29,88,88,0,0,0,1,1
10,100025,2,2,1,2,3,490,21,4,2010,4,16,12,0,16,5,SHIPLEY STREET,EIGHTH STREET,0,39.74362500,-75.550316670,0,12,6,0,2,2,1,0,1,2,0,2,0,0000000,16,12,99,99,99,99,0,0,0,1,0
10,100026,2,2,0,2,5,0,27,4,2010,3,9,0,0,4,3,SR-24,,395,38.71966944,-75.146655560,0,12,6,0,1,1,1,0,1,10,0,10,0,0000000,9,4,9,10,88,88,0,0,0,1,0
10,100027,1,1,0,1,5,0,30,4,2010,6,7,35,0,6,4,CR302,,4,38.65642778,-75.227422220,0,42,0,0,1,1,5,0,1,1,0,1,0,0000000,7,37,7,43,8,40,0,0,0,1,0
10,100028,1,1,0,1,3,0,30,4,2010,6,0,34,0,3,4,PAPERMILL ROAD,POSSUM PARK ROAD,24,39.71550556,-75.741291670,0,31,0,0,2,2,3,0,6,1,0,1,0,0000000,0,38,0,41,1,9,0,0,0,1,1
10,100029,2,2,0,3,3,490,2,5,2010,1,1,21,0,13,6,PENNSYLVANIA AVENUE,,61,39.75860556,-75.572205560,0,12,6,0,1,1,1,0,3,10,0,10,0,0000000,1,21,99,99,99,99,0,0,0,1,2
10,100030,1,1,1,1,5,0,5,5,2010,4,23,39,1,2,3,SR-1,,41,38.73246111,-75.134855560,0,8,0,0,1,1,1,0,2,1,0,1,0,0000000,23,43,23,58,88,88,0,0,0,1,0
10,100031,2,2,0,3,3,0,8,5,2010,7,16,4,0,4,3,SR-92,,26,39.82580833,-75.556755560,0,12,2,0,1,1,1,0,1,1,0,1,0,0000000,16,7,16,15,16,29,0,0,0,1,0
10,100032,2,2,0,2,5,0,11,5,2010,3,7,27,1,2,2,US-13,CANNON ROAD,94,38.69977778,-75.589627780,0,12,1,0,2,3,1,0,1,1,0,1,0,0000000,7,27,7,34,88,88,0,0,0,1,1
10,100033,3,3,0,11,3,0,21,5,2010,6,14,18,0,14,3,SR-72,,55,39.61679722,-75.719661110,0,12,8,0,1,1,1,0,1,1,0,1,1,0000000,14,19,14,25,14,56,0,0,0,1,1
10,100034,1,1,0,2,3,0,23,5,2010,1,6,58,0,14,3,SR-896,,25,39.71313056,-75.779913890,0,1,0,0,1,1,4,0,1,2,0,2,0,0000000,7,1,7,5,7,32,0,0,0,1,1
10,100035,1,1,1,1,1,320,28,5,2010,6,14,39,0,2,3,SR-1,10TH STREET,9,38.93030278,-75.420113890,0,8,0,0,3,4,1,0,1,10,0,10,0,0000000,14,41,14,42,14,53,0,0,0,1,0
10,100036,2,2,0,2,3,0,1,6,2010,3,14,48,0,13,3,SR-141,,7,39.78905000,-75.696402780,0,12,6,0,4,1,4,0,1,1,0,1,0,0000000,14,48,14,52,88,88,0,0,0,1,0
10,100037,1,1,0,2,3,0,6,6,2010,1,4,16,0,5,4,PORT PENN ROAD,,23,39.51735000,-75.608683330,0,30,0,0,1,1,4,0,2,1,0,1,0,0000000,4,20,4,30,4,59,0,0,0,1,1
10,100038,1,1,0,1,5,0,7,6,2010,2,14,40,1,2,2,US-13,SWAIN ROAD,25,38.67572778,-75.592461110,0,1,0,0,2,3,3,0,1,1,0,1,0,0000000,14,40,14,46,15,12,0,0,0,1,0
10,100039,2,2,0,3,3,0,8,6,2010,3,14,45,0,16,6,REYBOLD ROAD,,7,39.63373611,-75.714650000,0,12,2,0,1,1,1,0,1,1,0,1,0,0000000,14,45,14,50,99,99,0,0,0,1,0
10,100040,1,1,2,1,3,0,8,6,2010,3,19,38,0,15,4,PLEASANT VALLEY RD,,12,39.62092778,-75.771116670,0,8,0,0,1,1,1,0,1,1,0,1,0,0000000,19,38,19,44,20,4,0,0,0,1,0
10,100041,1,1,0,1,3,0,10,6,2010,5,19,8,0,14,2,US-13,,28,39.75293056,-75.508388890,0,33,0,0,1,1,4,0,1,1,0,1,0,0000000,19,8,19,14,19,31,0,0,0,1,0
10,100042,3,1,0,1,5,350,14,6,2010,2,17,57,0,4,4,CR319,SR-5,175,38.76870556,-75.316686110,0,26,0,0,3,3,5,0,1,10,0,10,0,0000000,18,1,18,6,88,88,0,0,0,1,1
10,100043,3,3,0,4,3,360,23,6,2010,4,12,34,0,14,5,PAPERMILL ROAD,LOUVIERS DRIVE,20,39.71128056,-75.743508330,0,12,6,0,2,3,1,0,1,1,0,1,0,0000000,12,34,99,99,99,99,0,0,0,1,0
10,100044,2,2,0,2,5,0,25,6,2010,6,13,19,0,6,4,BEAVER DAM RD,,13,38.54575000,-75.100608330,0,12,2,0,1,1,1,0,1,1,0,1,0,0000000,13,23,13,27,88,88,0,0,0,1,0
10,100045,1,1,0,1,1,0,3,7,2010,7,4,5,0,4,4,SANDTOWN ROAD,,19,39.01638333,-75.639411110,0,34,0,0,1,1,6,0,2,1,0,1,0,0000000,4,10,4,37,5,21,0,0,0,1,1
10,100046,1,1,0,1,5,0,4,7,2010,1,18,11,0,2,3,SR-1,,80,38.75522222,-75.193347220,0,42,0,0,1,1,4,0,1,1,0,1,0,0000000,18,18,18,31,18,52,0,0,0,1,1
10,100047,2,2,0,2,3,0,9,7,2010,6,23,59,1,13,2,US-13,,54,39.70137500,-75.572891670,0,12,1,0,1,1,1,0,3,10,0,10,0,0000000,0,1,0,5,0,22,0,0,0,1,1
10,100048,2,2,0,3,5,0,11,7,2010,1,7,43,1,2,3,SR-18,,110,38.71040278,-75.530319440,0,12,2,0,1,1,1,0,1,1,0,1,0,0000000,7,46,7,58,8,47,0,0,0,1,1
10,100049,1,1,1,1,3,0,16,7,2010,6,8,29,1,13,2,US-13,HESSLER BLVD,47,39.71163611,-75.560766670,0,8,0,0,3,2,1,0,1,1,0,1,0,0000000,8,29,8,32,88,88,0,0,0,1,0
10,100050,1,1,1,1,1,130,16,7,2010,6,16,19,0,14,5,GOVERNORS AVENUE,WILLIAM STREET,30,39.16837500,-75.530975000,0,8,0,0,2,2,1,0,1,1,0,1,0,0000000,16,19,99,99,88,88,16,0,0,1,0
10,100051,2,2,0,3,5,0,14,7,2010,4,12,10,0,4,3,SR-30,MORRIS MILL ROAD,26,38.63242778,-75.296516670,0,12,6,0,2,2,1,0,1,1,0,1,0,0000000,12,10,12,14,12,50,0,0,0,1,0
10,100052,1,1,0,1,5,0,17,7,2010,7,1,17,0,4,3,SR-23,,23,38.74575000,-75.177727780,0,30,0,0,1,1,4,0,2,1,0,1,0,0000000,1,23,1,31,88,88,0,0,0,1,0
10,100053,1,1,1,1,3,0,20,7,2010,3,20,49,0,15,4,OTTS CHAPEL ROAD,,6,39.65045833,-75.780344440,0,8,0,0,1,1,1,0,2,1,0,1,0,0000000,20,50,20,55,88,88,0,0,0,1,0
10,100054,1,1,0,6,3,0,28,7,2010,4,21,48,1,13,2,US-13,,7,39.63477778,-75.655288890,0,1,0,0,1,1,3,0,2,1,0,1,0,0000000,21,48,21,52,22,14,0,0,0,1,1
10,100055,1,1,0,3,1,0,1,8,2010,1,17,45,0,6,4,WILLIAMSVILLE ROAD,,15,38.90539444,-75.486030560,0,42,0,0,1,1,6,0,1,1,0,1,0,0000000,17,51,17,56,99,99,0,0,0,1,1
10,100056,1,1,1,1,5,0,1,8,2010,1,21,10,0,3,4,COUNTY SEAT HIGHWAY,DUKES LUMBER ROAD,41,38.60372500,-75.515469440,0,9,0,0,3,2,1,0,2,1,0,1,0,0000000,21,10,21,18,21,50,0,0,0,1,0
10,100057,2,2,0,3,5,0,3,8,2010,3,12,21,0,6,4,CR525,,13,38.66902500,-75.547913890,0,12,6,0,8,1,1,0,1,1,0,1,0,0000000,12,18,12,25,99,99,0,0,0,1,0
10,100058,2,2,0,2,3,0,5,8,2010,5,6,44,1,11,1,I-495,,14,39.71781667,-75.547055560,0,12,6,1,18,1,1,0,1,1,0,1,0,0000000,6,43,6,50,7,10,0,0,0,1,0
10,100059,2,2,0,3,1,0,6,8,2010,6,20,55,0,4,4,TARAILA ROAD,,13,39.13165833,-75.738888890,0,12,6,0,4,1,1,0,2,10,0,10,0,0000000,21,1,21,9,21,43,0,0,0,1,2
10,100060,2,2,0,2,1,130,15,8,2010,1,1,9,0,6,3,SR-8,,51,39.14763611,-75.664816670,0,12,2,0,1,1,1,0,2,1,0,1,0,0000000,1,12,1,14,1,50,0,0,0,1,1
10,100061,1,1,0,1,5,320,18,8,2010,4,15,42,0,4,3,SR-30,,73,38.88762500,-75.389900000,0,42,0,0,1,1,4,0,1,2,0,2,0,0000000,15,42,99,99,88,88,0,0,0,1,1
10,100062,1,1,0,1,3,0,25,8,2010,4,23,56,0,6,4,MAIN STREET,,4,39.44149722,-75.644130560,0,21,0,0,1,1,4,0,2,1,0,1,0,0000000,23,56,0,4,88,88,0,0,0,1,0
10,100063,2,2,0,5,1,130,27,8,2010,6,16,34,0,14,3,SR-8,,28,39.15575556,-75.589713890,0,12,2,0,1,1,1,0,1,1,0,1,0,0000000,16,43,16,45,17,15,0,0,0,3,0
10,100064,2,2,0,6,5,0,29,8,2010,1,16,12,0,4,4,CR40,CR42,54,38.75568889,-75.500794440,0,12,6,0,2,2,1,0,1,1,0,1,0,0000000,16,12,16,21,16,29,0,0,0,1,0
10,100065,1,1,1,1,3,0,9,9,2010,5,5,5,1,13,2,US-13,,1,39.65467500,-75.616072220,0,8,0,0,1,1,1,0,2,1,0,1,0,0000000,5,7,5,13,5,30,0,0,0,1,0
10,100066,1,1,0,1,3,0,9,9,2010,5,20,42,0,6,4,BLACKBIRD STATION RD,,40,39.37630833,-75.730475000,0,34,0,0,1,1,4,0,2,1,0,1,0,0000000,20,42,20,48,21,36,0,0,0,1,0
10,100067,2,2,0,6,3,0,15,9,2010,4,22,6,0,13,3,SR-48,COURT DRIVE,70,39.75616389,-75.597697220,0,12,6,0,2,2,1,0,2,1,0,1,0,0000000,22,8,22,15,22,30,0,0,0,1,0
10,100068,1,1,0,2,5,0,12,9,2010,1,12,38,0,4,4,PYLE CENTER RD,DAISEY ROAD,51,38.51479444,-75.180386110,0,42,0,0,2,3,4,0,1,2,0,2,0,0000000,12,42,12,50,13,43,0,0,0,2,0
10,100069,1,1,0,1,1,0,29,9,2010,4,19,19,0,3,4,CR44,,23,39.15841667,-75.654344440,0,34,0,0,1,1,4,0,1,1,0,1,0,0000000,19,29,99,99,19,51,0,0,0,1,1
10,100070,2,2,0,2,3,0,4,10,2010,2,9,0,0,16,4,STONEY BATTER ROAD,,11,39.75081944,-75.679922220,0,12,6,0,1,1,1,0,1,2,0,2,0,0000000,9,0,99,99,99,99,0,0,0,1,0
10,100071,2,2,0,2,3,0,7,10,2010,5,1,37,1,2,2,US-13,DENNY ROAD,79,39.57195556,-75.739230560,0,12,1,0,3,2,1,0,3,1,0,1,0,0000000,1,39,1,44,2,7,0,0,0,1,1
10,100072,1,1,1,1,1,0,7,10,2010,5,22,39,0,3,2,US-13,,34,39.22892778,-75.579155560,0,8,0,0,1,1,1,0,2,1,0,1,0,0000000,22,41,22,46,88,88,0,0,0,1,0
10,100073,2,2,1,4,5,0,15,10,2010,6,21,33,0,4,3,SR-20,,31,38.63832778,-75.552636110,0,8,0,0,1,1,1,0,2,1,0,1,0,0000000,21,37,21,42,21,58,0,0,0,1,0
10,100074,1,1,0,2,3,0,28,10,2010,5,15,12,1,2,3,SR-1,,51,39.57552778,-75.657691670,0,24,0,0,1,1,4,0,1,1,0,1,0,0000000,15,13,15,18,88,88,0,0,0,2,0
10,100075,3,3,0,4,1,0,31,10,2010,1,20,12,1,2,2,US-13,,46,38.97836111,-75.568772220,0,12,6,0,1,1,1,0,2,1,0,1,0,0000000,20,15,20,17,88,88,0,0,0,2,0
10,100076,1,1,1,1,1,0,7,11,2010,1,9,0,0,6,4,WILLOW GROVE RD,,74,39.07297778,-75.615550000,0,8,0,0,1,1,1,0,1,1,0,1,0,0000000,9,0,99,99,88,88,0,0,0,1,0
10,100077,1,1,1,1,5,0,8,11,2010,2,17,47,0,6,4,CR546,,27,38.70835278,-75.613316670,0,9,0,0,1,1,1,0,2,1,0,1,0,0000000,17,49,17,54,18,17,0,0,0,1,0
10,100078,1,1,0,1,5,0,11,11,2010,5,8,49,0,6,4,CR265,,2,38.74712222,-75.207252780,0,42,0,0,1,1,6,0,1,1,0,1,0,0000000,8,53,8,56,88,88,0,0,0,1,0
10,100079,2,2,0,2,5,0,22,11,2010,2,0,1,1,2,3,SR-1,,26,38.89049722,-75.386897220,0,12,2,0,1,1,1,0,2,1,0,1,0,0000000,0,19,0,19,88,88,0,0,0,2,1
10,100080,2,2,0,3,1,0,22,11,2010,2,15,40,0,4,4,CANTERBURY ROAD,,44,38.98870278,-75.510319440,0,12,2,0,1,1,1,0,1,1,0,1,0,0000000,15,44,15,54,16,23,0,0,0,1,0
10,100081,2,2,0,6,5,0,26,11,2010,6,18,59,0,4,4,CR298,SR-24,318,38.62008889,-75.198411110,0,12,6,0,2,2,1,0,2,1,0,1,0,0000000,18,59,19,5,19,54,0,0,0,1,1
10,100082,2,2,0,2,5,0,21,11,2010,1,9,21,0,4,3,SR-24,SR-23,55,38.63578056,-75.194550000,0,12,6,0,2,2,1,0,1,1,0,1,0,0000000,9,22,9,25,10,1,0,0,0,1,0
10,100083,1,1,1,1,3,0,6,12,2010,2,7,6,0,14,4,OLD BALTIMORE PIKE,WHITAKER ROAD,50,39.63035000,-75.760775000,0,8,0,0,2,3,4,0,1,1,0,1,0,0000000,7,7,7,13,99,99,0,0,0,1,0
10,100084,2,2,0,2,3,0,9,12,2010,5,19,52,0,3,2,US-13,BOYD'S CORNER RD,17,39.50033333,-75.650138890,0,12,6,0,2,2,1,0,1,1,0,1,0,0000000,9,54,9,58,88,88,0,0,0,1,0
10,100085,1,1,0,1,1,320,11,12,2010,7,1,23,0,3,3,SR-14,,6,38.91748333,-75.420477780,0,1,0,0,1,1,4,0,3,1,0,1,0,0000000,99,99,1,23,1,42,0,0,0,1,1
10,100086,1,1,0,1,3,0,11,12,2010,7,5,47,0,13,3,SR-4,,52,39.72884167,-75.585636110,0,33,0,0,1,1,4,0,2,1,0,1,0,0000000,5,50,5,55,6,24,0,0,0,1,1
10,100087,2,2,0,2,5,0,18,8,2010,4,5,17,0,4,3,SR-24,CR421,218,38.55944167,-75.345611110,0,12,6,0,2,2,1,0,2,2,0,2,0,0000000,5,22,5,26,5,55,0,0,0,1,1
10,100088,1,1,1,1,1,130,15,12,2010,4,20,4,0,13,2,US-13,,17,39.13914722,-75.524825000,0,8,0,0,1,1,1,0,2,1,0,1,0,0000000,99,99,99,99,88,88,0,0,0,1,1
10,100089,1,1,1,1,3,0,16,12,2010,5,2,7,0,13,2,US-13A,,9,39.71999444,-75.556069440,0,8,0,0,1,1,1,0,2,1,0,1,0,0000000,2,9,2,12,88,88,0,0,0,1,0
10,100090,2,2,0,2,1,0,18,12,2010,7,7,25,1,2,2,US-13,PARADISE ALLEY RD,33,38.97175556,-75.567055560,0,12,6,0,2,3,1,0,1,1,0,1,0,0000000,7,27,7,56,99,99,0,0,0,1,1
10,100091,1,1,0,4,1,0,24,12,2010,6,18,2,0,6,3,SR-15,,13,39.08623611,-75.577783330,0,34,0,0,1,1,4,0,2,1,0,1,0,0000000,18,8,18,13,99,99,0,0,0,1,1
10,100092,1,1,0,1,3,0,30,12,2010,5,1,2,1,2,2,US-301,,18,39.46906389,-75.721122220,0,1,0,0,1,1,5,0,2,1,0,1,0,0000000,1,5,1,10,88,88,0,0,0,1,1
10,100093,1,1,0,1,3,0,23,12,2010,5,11,59,1,11,1,I-95,,103,39.69767778,-75.614861110,0,42,0,0,1,1,3,0,1,1,0,1,0,0000000,11,59,12,4,12,36,0,0,0,1,0
11,110001,1,1,0,1,1,10,3,1,2010,1,0,30,0,16,6,ROCK CREEK PARKWAY,,99999,38.90913611,-77.050638890,1,1,0,0,1,1,5,0,6,98,0,98,0,0000000,99,99,99,99,99,99,0,0,0,1,1
11,110002,2,1,1,1,1,10,16,1,2010,7,2,7,1,11,1,I-295 NORTHBOUND,,0,38.89831389,-76.949230560,0,8,0,0,1,1,1,0,3,1,0,1,0,0000000,99,99,99,99,99,99,0,0,0,1,1
11,110003,1,1,0,2,1,10,20,2,2010,7,2,35,0,16,6,HAWAII AVE N.E,,0,38.94685278,-77.008483330,0,30,0,0,1,1,4,0,3,1,0,1,0,0000000,99,99,99,99,99,99,0,0,0,1,1
11,110004,1,1,1,1,1,10,2,3,2010,3,4,20,0,16,6,1800 9TH ST NE,,0,38.91526111,-76.993583330,0,8,0,0,1,1,1,4,3,1,0,1,0,0000000,88,88,88,88,88,88,0,0,0,1,0
11,110005,1,1,1,1,1,10,6,3,2010,7,6,14,0,16,6,CONSTITUTION AVE,14TH ST,0,38.89207778,-77.031947220,0,8,0,0,2,2,1,0,4,1,0,1,0,0000000,99,99,99,99,99,99,0,0,0,1,0
11,110006,1,1,1,1,1,10,30,3,2010,3,21,30,0,16,6,WISCONSIN AVE,M ST,99999,38.90521111,-77.062869440,0,8,0,0,2,2,1,0,1,1,0,1,0,0000000,99,99,99,99,99,99,0,0,0,1,0
11,110007,1,1,1,1,1,10,6,4,2010,3,10,55,0,16,6,WASHINGTON CIRCLE NW,,99999,38.90203056,-77.050122220,0,8,0,0,1,1,1,0,1,1,0,1,0,0000000,99,99,99,99,99,99,0,0,0,1,0
11,110008,1,1,1,1,1,10,8,4,2010,5,21,30,0,16,6,EASTERN AVENUE,,99999,38.90435833,-76.924125000,0,8,0,0,1,1,1,0,3,2,0,2,0,0000000,99,99,99,99,99,99,0,0,0,1,0
11,110009,2,2,0,2,1,10,10,4,2010,7,6,30,0,16,6,EASTERN AVE,NEWTON ST,99999,38.93410833,-76.962147220,0,12,6,0,2,3,1,0,4,1,0,1,0,0000000,99,99,99,99,99,99,0,0,0,1,0
11,110010,1,1,1,1,1,10,12,4,2010,2,18,4,0,16,6,NEW YORK AVE NW,12TH STREET,99999,38.90065278,-77.028138890,0,9,0,0,2,2,1,0,1,1,0,1,0,0000000,88,88,88,88,88,88,0,0,0,1,0
11,110011,2,2,0,7,1,10,19,4,2010,2,18,50,0,16,6,3600 BLK ALABAMA AVE,,99999,38.86366944,-76.956138890,0,12,2,0,98,1,1,0,1,1,0,1,0,0000000,99,99,99,99,99,99,0,0,0,1,0
11,110012,1,1,1,1,1,10,29,4,2010,5,10,21,0,16,6,M STREET SE,HALF STREET SE,99999,38.87648333,-77.007272220,0,8,0,0,2,2,1,0,1,1,0,1,0,0000000,88,88,88,88,88,88,0,0,0,1,0
11,110013,1,1,0,3,1,10,1,6,2010,3,18,12,0,16,6,5200 FIRST STREET NE,,99999,38.95331944,-77.004419440,0,42,0,0,1,1,5,0,1,1,0,1,0,0000000,99,99,99,99,99,99,0,0,0,1,0
11,110014,1,1,1,1,1,10,3,6,2010,5,18,53,0,16,6,MONTELLO AVE N.E.,,99999,38.90868333,-76.986113890,0,8,0,0,1,1,1,0,1,1,0,1,0,0000000,99,99,99,99,99,99,0,0,0,1,0
11,110015,1,1,1,1,1,10,4,6,2010,6,22,50,0,16,6,SOUTHERN AVE SE,,99999,38.83806944,-76.979913890,0,9,0,0,1,1,1,0,3,1,0,1,0,0000000,99,99,99,99,99,99,0,0,0,1,1
11,110016,1,1,1,2,1,10,11,7,2010,1,18,9,0,16,6,WISCONSIN AVENUE,RESERVOIR ROAD,99999,38.91222500,-77.065980560,0,8,0,0,3,3,1,0,1,1,0,1,0,0000000,99,99,99,99,99,99,0,0,0,1,0
11,110017,3,3,0,3,1,10,26,7,2010,2,4,20,0,16,6,100 NEW YORK AVE N.E,,99999,38.90763333,-77.008366670,0,12,7,0,1,1,1,0,3,1,0,1,0,0000000,99,99,99,99,99,99,0,0,0,1,0
11,110018,1,1,0,1,1,10,31,7,2010,7,2,1,1,11,1,I-295 SB,,99999,38.88221389,-77.010727780,0,24,0,0,1,1,3,0,3,1,0,1,0,0000000,88,88,88,88,88,88,0,0,0,1,1