STATE,ST_CASE,VE_TOTAL,VE_FORMS,PEDS,PERSONS,COUNTY,CITY,DAY,MONTH,YEAR,DAY_WEEK,HOUR,MINUTE,NHS,ROAD_FNC,ROUTE,TWAY_ID,TWAY_ID2,MILEPT,LATITUDE,LONGITUD,SP_JUR,HARM_EV,MAN_COLL,RELJCT1,RELJCT2,TYP_INT,REL_ROAD,WRK_ZONE,LGT_COND,WEATHER1,WEATHER2,WEATHER,SCH_BUS,RAIL,NOT_HOUR,NOT_MIN,ARR_HOUR,ARR_MIN,HOSP_HR,HOSP_MN,CF1,CF2,CF3,FATALS,DRUNK_DR
11,110019,1,1,2,1,1,10,8,9,2010,4,20,38,0,16,6,18TH STREET NW,FLORIDA AVE NW,0,38.91693333,-77.041583330,0,33,0,0,2,2,3,0,3,1,0,1,0,0000000,99,99,99,99,99,99,0,0,0,1,1
11,110020,1,1,0,2,1,10,30,10,2010,7,1,33,0,16,6,2400 MLK AVE S.E.,,0,38.86233333,-76.993411110,0,33,0,0,1,1,4,0,3,1,0,1,0,0000000,99,99,99,99,99,99,0,0,0,1,0
11,110021,3,1,1,1,1,10,7,10,2010,5,1,34,0,16,6,CONNECTICUT AVE N.W.,,99999,38.90820000,-77.042313890,0,8,0,0,1,1,1,0,3,1,0,1,0,0000000,99,99,99,99,99,99,0,0,0,1,1
11,110022,1,1,0,1,1,10,5,11,2010,6,17,50,0,16,6,21ST ST NE,MARYLAND AVE NE,0,38.90392500,-76.974100000,0,33,0,0,2,2,4,0,1,1,0,1,0,0000000,99,99,99,99,99,99,0,0,0,1,1
11,110023,1,1,1,1,1,10,8,11,2010,2,0,45,0,16,6,2900 BLOCK S CAPITOL,,0,38.84681111,-77.008108330,0,8,0,0,1,1,1,0,3,1,0,1,0,0000000,99,99,99,99,99,99,0,0,0,1,0
11,110024,1,1,1,2,1,10,12,12,2010,1,2,35,1,11,1,I-295 SOUTHBOUND,,0,38.85758889,-77.003988890,0,8,0,0,1,1,1,0,3,2,0,2,0,0000000,99,99,99,99,99,99,0,0,0,1,1
12,120001,1,1,0,2,11,0,1,1,2010,6,12,58,1,12,3,SR-91,,99998,26.19274167,-80.210163890,0,24,0,0,1,1,4,0,1,10,0,10,0,0000000,12,59,13,4,99,99,0,0,0,1,0
12,120002,1,1,0,1,9,0,1,1,2010,6,99,99,0,6,4,EAU GALLIE BLVD,,0,28.12033333,-80.717722220,0,34,0,0,1,1,4,0,2,10,0,10,0,0000000,8,58,9,8,88,88,0,0,0,1,1
12,120003,1,1,0,2,11,0,1,1,2010,6,16,2,0,13,2,US-441,,99998,26.14581111,-80.202666670,0,30,0,0,1,1,4,0,1,2,0,2,0,0000000,16,2,16,3,99,99,0,0,0,1,0
12,120004,3,1,0,2,86,0,1,1,2010,6,6,45,0,13,3,SR-976,SW 109TH AVE,99998,25.73227500,-80.371738890,0,46,0,0,2,3,4,0,4,10,0,10,0,0000000,6,45,6,51,99,99,0,0,0,1,1
12,120005,2,2,0,3,95,0,1,1,2010,6,0,28,0,6,4,JONES AVE,,0,28.73073056,-81.617988890,0,12,1,0,8,1,1,0,2,10,0,10,0,0000000,0,31,0,40,99,99,0,0,0,2,2
12,120006,2,2,0,6,95,0,2,1,2010,7,19,21,0,6,4,BOGGY CREEK RD,,0,28.37162500,-81.309558330,0,33,0,0,1,1,4,0,2,1,0,1,0,0000000,19,21,19,31,99,99,0,0,0,1,0
12,120007,2,2,0,3,33,0,3,1,2010,1,17,15,0,13,2,US-98,,99998,30.40076111,-87.423722220,0,12,2,0,1,1,1,0,2,1,0,1,0,0000000,17,15,17,30,99,99,0,0,0,1,0
12,120009,1,1,0,1,86,2010,3,1,2010,1,0,0,1,13,2,US-1,,99998,25.73171944,-80.255208330,0,43,0,0,1,1,3,0,3,1,0,1,0,0000000,0,1,0,6,88,88,0,0,0,1,1
12,120010,1,1,1,2,95,0,3,1,2010,1,3,20,0,2,3,SR-50,,99998,28.53692500,-81.004955560,0,8,0,0,1,1,1,0,2,1,0,1,0,0000000,3,22,3,27,88,88,0,0,0,1,0
12,120011,2,2,0,4,65,2100,3,1,2010,1,0,1,1,2,2,US-19,MARTIN ROAD,99998,30.52947500,-83.871211110,0,12,2,0,3,7,1,0,2,1,0,1,0,0000000,0,1,0,4,88,88,0,0,0,1,2
12,120012,2,2,0,2,29,0,4,1,2010,2,7,40,0,6,4,CR-351A,SR-55,0,29.63951389,-83.139819440,0,12,6,0,2,2,1,0,1,1,0,1,0,0000000,7,43,7,46,99,99,0,0,0,1,0
12,120013,2,2,0,2,95,3290,5,1,2010,3,20,40,0,16,6,MARSH RD,,0,28.51442500,-81.644177780,0,12,6,0,1,1,1,0,2,1,0,1,0,0000000,99,99,99,99,88,88,0,0,0,1,0
12,120014,2,2,0,2,1,1130,6,1,2010,4,8,45,0,13,2,US-441,TURKEY SCRATCH RD,99998,29.73543889,-82.380775000,0,12,2,0,3,1,1,0,1,1,0,1,0,0000000,8,46,8,57,99,99,0,0,0,1,0
12,120015,2,2,0,2,85,0,6,1,2010,4,12,55,0,13,2,US-1,,99998,27.10514167,-80.165730560,0,12,2,0,1,1,1,0,1,1,0,1,0,0000000,99,99,99,99,99,99,0,0,0,2,0
12,120016,2,2,0,2,113,0,7,1,2010,5,14,43,0,14,2,US-90,,99998,30.60321944,-87.107550000,0,12,6,0,8,1,1,1,1,10,0,10,0,0000000,14,44,14,49,99,99,0,0,0,1,0
12,120017,3,3,1,1,51,0,7,1,2010,5,5,30,1,2,2,US-27,,99998,26.75405556,-81.002013890,0,12,1,0,1,1,1,0,2,1,0,1,0,0000000,5,32,5,36,99,99,0,0,0,1,0
12,120018,2,2,0,4,101,0,7,1,2010,5,19,50,0,6,4,CR-581,,0,28.23056111,-82.351216670,0,12,2,0,1,1,1,0,2,10,0,10,0,0000000,19,52,20,9,99,99,0,0,0,2,1
12,120019,1,1,0,5,131,0,7,1,2010,5,17,15,1,1,1,I-10,,99998,30.69051389,-86.035930560,0,1,0,0,1,1,1,0,2,2,0,2,0,0000000,17,17,17,29,99,99,0,0,0,1,0
12,120020,1,1,0,3,31,1510,8,1,2010,6,2,8,1,11,1,I-10,,99998,30.31780278,-81.728602780,0,1,0,0,1,1,2,0,3,1,0,1,0,0000000,2,9,2,15,99,99,0,0,0,1,1
12,120021,2,2,0,2,123,2510,20,1,2010,4,7,3,1,13,2,US-19,ASH ST,99998,30.12790278,-83.597147220,0,12,1,1,2,2,1,0,2,5,0,5,0,0000000,7,7,7,12,99,99,0,0,0,1,0
12,120022,1,1,1,1,103,0,8,1,2010,6,18,55,0,6,4,STARKEY RD,,0,27.84218333,-82.762400000,0,8,0,0,1,1,1,0,2,1,0,1,0,0000000,19,0,19,4,99,99,0,0,0,2,0
12,120023,1,1,1,1,71,0,8,1,2010,6,21,37,0,13,2,US-41,,99998,26.66254444,-81.877025000,0,8,0,0,1,1,1,0,3,10,0,10,0,0000000,21,38,21,48,88,88,0,0,0,1,0
12,120024,2,2,0,3,57,0,8,1,2010,6,6,25,0,6,4,WATERS AVE,GOMEZ AVE,0,28.02535000,-82.491050000,0,12,6,0,2,2,1,0,4,10,0,10,0,0000000,6,29,6,29,99,99,0,0,0,1,1
12,120025,1,1,0,1,101,0,8,1,2010,6,8,55,0,6,4,PEACE BLVD,,0,28.39180278,-82.598052780,0,1,0,0,1,1,2,0,1,1,0,1,0,0000000,99,99,99,99,99,99,0,0,0,1,0
12,120026,2,1,0,1,86,2010,9,1,2010,7,0,58,0,16,6,5603 NW 7TH ST,,0,25.77807222,-80.286388890,0,33,0,0,1,1,4,0,3,10,0,10,0,0000000,1,1,1,6,88,88,14,0,0,1,1
12,120027,1,1,1,1,86,2010,16,1,2010,7,18,40,0,13,2,US-41,,99998,25.76579722,-80.216525000,0,8,0,0,1,1,1,0,3,1,0,1,0,0000000,18,46,18,47,99,99,0,0,0,1,0
12,120028,2,2,0,2,133,0,9,1,2010,7,11,30,1,1,1,I-10,,99998,30.75396667,-85.601294440,0,12,1,0,1,1,1,0,1,1,0,1,0,0000000,11,37,11,42,88,88,0,0,0,1,0
12,120029,2,2,0,2,101,0,9,1,2010,7,9,29,0,13,3,SR-52,,99998,28.33101667,-82.668150000,0,12,6,0,8,1,1,0,1,3,0,3,0,0000000,99,99,9,30,99,99,0,0,0,1,0
12,120030,1,1,1,1,101,0,9,1,2010,7,2,39,0,6,4,BLANTON RD,,0,28.41988056,-82.290536110,0,8,0,0,1,1,1,0,2,1,0,1,0,0000000,2,39,2,49,88,88,0,0,0,1,0
12,120031,1,1,0,3,117,0,9,1,2010,7,0,30,0,6,4,LAKE MILLS RD,,0,28.62828333,-81.117338890,0,38,0,0,1,1,4,0,2,1,0,1,0,0000000,0,33,0,37,88,88,0,0,0,2,1
12,120032,1,1,0,3,83,0,10,1,2010,1,20,35,0,6,4,NE 90TH ST RD,,0,29.18643056,-82.231011110,0,1,0,0,1,1,2,0,2,1,0,1,0,0000000,20,39,20,47,99,99,0,0,0,1,1
12,120033,1,1,1,1,86,2010,11,1,2010,2,18,14,0,14,2,US-441,NW 34TH ST,99998,25.80822778,-80.207480560,0,8,0,1,2,2,1,0,3,1,0,1,0,0000000,18,19,18,22,99,99,0,0,0,1,0
12,120034,1,1,1,1,115,2780,19,1,2010,3,6,40,0,16,6,S ORANGE AVE,BAY POINT DR,0,27.32554444,-82.537883330,0,15,0,1,2,4,1,0,3,1,0,1,0,0000000,6,43,6,51,99,99,0,0,0,1,0
12,120035,1,1,0,1,71,0,11,1,2010,2,16,44,1,11,1,I-75,,99998,26.64225278,-81.800825000,0,1,0,0,1,1,3,0,1,1,0,1,0,0000000,16,45,16,50,88,88,0,0,0,1,0
12,120036,2,2,0,3,83,0,12,1,2010,3,10,0,0,6,4,NW 100TH ST,,0,29.29593611,-82.160527780,0,12,1,0,1,1,1,2,1,1,0,1,0,0000000,10,4,10,10,99,99,0,0,0,2,0
12,120037,2,2,1,2,81,0,12,1,2010,3,23,10,0,13,2,US-41,49TH AVE DR,99998,27.45412500,-82.575377780,0,12,6,0,3,2,1,0,2,1,0,1,0,0000000,23,12,23,17,99,99,19,23,0,1,1
12,120038,1,1,1,1,103,0,12,1,2010,3,20,47,0,13,3,SR-693,50TH AVE N,99998,27.81724167,-82.728625000,0,9,0,0,3,1,1,0,3,1,0,1,0,0000000,20,48,20,51,99,99,0,0,0,1,0
12,120039,3,3,0,8,11,771,13,1,2010,4,4,4,1,11,1,I-595,,99998,26.11084722,-80.297775000,0,12,1,0,1,1,1,0,2,1,0,1,0,0000000,4,4,4,12,99,99,0,0,0,1,1
12,120040,2,2,0,3,23,1660,13,1,2010,4,6,55,0,13,3,SR-10-A,SW MCFARLANE AVENUE,99998,30.18738889,-82.648741670,0,12,6,0,2,2,1,0,4,1,0,1,0,0000000,7,0,7,2,99,99,0,0,0,1,0
12,120041,1,1,1,1,55,0,13,1,2010,4,20,0,0,6,4,HIGHLANDS BLVD,FAIR HILL STREET,0,27.21653889,-81.308161110,0,8,0,0,2,3,1,0,2,1,0,1,0,0000000,20,1,20,13,88,88,0,0,0,1,0
12,120042,1,1,1,1,83,0,13,1,2010,4,18,19,1,13,3,SR-326,,99998,29.26692500,-82.191597220,0,8,0,0,1,1,1,0,3,1,0,1,0,0000000,18,20,18,25,99,99,0,0,0,1,0
12,120043,1,1,0,1,71,0,14,1,2010,5,3,40,1,1,1,I-75,,99998,26.72056389,-81.816752780,0,1,0,0,1,1,2,0,2,1,0,1,0,0000000,8,2,8,11,88,88,0,0,0,1,0
12,120044,2,2,0,3,99,0,14,1,2010,5,14,37,0,6,4,CR-880,BROWNS FARM RD,0,26.66141944,-80.560447220,0,12,6,0,2,3,1,0,1,1,0,1,0,0000000,14,39,14,49,99,99,0,0,0,1,0
12,120045,1,1,0,3,127,780,14,1,2010,5,16,14,1,11,1,I-95,,99998,29.19898056,-81.095775000,0,1,0,0,1,1,1,0,1,1,0,1,0,0000000,16,17,16,21,99,99,0,0,0,1,0
12,120046,1,1,0,2,53,0,15,1,2010,6,10,37,0,6,4,BENES ROUSH RD,,0,28.44110278,-82.433483330,0,42,0,0,1,1,4,0,1,1,0,1,0,0000000,10,38,10,46,99,99,0,0,0,1,0
12,120047,2,2,0,3,86,0,16,1,2010,7,10,40,0,14,3,SR-973,SW 82ND ST,99998,25.69354722,-80.333686110,0,12,6,0,2,2,1,0,1,10,0,10,0,0000000,10,44,10,47,99,99,0,0,0,1,0
12,120048,1,1,0,2,73,0,16,1,2010,7,3,40,0,6,4,CR-12,,0,30.66070278,-84.214280560,0,1,0,0,1,1,2,0,2,2,0,2,0,0000000,3,49,4,8,99,99,0,0,0,1,1
12,120049,1,1,0,1,127,0,16,1,2010,7,1,31,0,6,4,FATIO RD,,0,28.98578056,-81.335302780,0,42,0,0,1,1,5,0,2,10,0,10,0,0000000,99,99,1,37,88,88,0,0,0,1,1
12,120050,2,2,0,6,69,0,16,1,2010,7,19,45,0,6,4,CR-561,,0,28.47443056,-81.789605560,0,12,6,0,1,1,1,0,2,10,0,10,0,0000000,19,46,19,56,99,99,0,0,0,1,0
12,120051,1,1,1,1,86,2010,17,1,2010,1,19,15,0,14,3,SR-968,,99998,25.77372500,-80.207872220,0,8,0,0,1,1,1,0,3,1,0,1,0,0000000,99,99,99,99,99,99,0,0,0,1,0
12,120052,1,1,0,4,57,0,17,1,2010,1,12,1,0,6,4,SMALL OAK AVE,,0,27.70319167,-82.310519440,0,5,0,0,1,1,1,0,1,10,0,10,0,0000000,88,88,88,88,88,88,0,0,0,1,0
12,120053,1,1,0,1,107,0,17,1,2010,1,21,55,0,6,4,CR-20A,,0,29.59381389,-81.950408330,0,42,0,0,1,1,5,0,2,1,0,1,0,0000000,22,37,22,47,88,88,0,0,0,1,1
12,120054,1,1,1,1,57,2950,18,1,2010,2,18,32,1,11,1,I-275,,99999,27.94664444,-82.534238890,0,8,0,0,1,1,1,0,3,1,0,1,0,0000000,18,42,18,50,99,99,0,0,0,1,0
12,120055,2,2,0,4,105,0,18,1,2010,2,16,20,1,2,2,US-27,1ST AVE N,99998,27.83261389,-81.590169440,0,12,6,0,2,3,1,0,1,1,0,1,0,0000000,16,23,16,32,99,99,0,0,0,1,0
12,120056,4,4,0,4,127,0,19,1,2010,3,6,38,0,3,3,SR-415,THOPMSON AVE,99998,28.84283333,-81.165438890,0,12,1,0,2,3,1,0,1,10,0,10,0,0000000,6,40,6,42,99,99,0,0,0,1,0
12,120057,1,1,1,1,57,2950,12,2,2010,6,20,30,0,16,6,W COLUMBUS DR,,0,27.96672500,-82.489783330,0,8,0,0,1,1,1,0,3,10,0,10,0,0000000,20,30,20,34,99,99,0,0,0,1,0
12,120058,1,1,0,1,55,0,20,1,2010,4,17,50,0,6,4,COUNTY RD,,0,27.47090556,-81.512300000,0,34,0,0,1,1,4,0,2,1,0,1,0,0000000,18,3,18,15,88,88,0,0,0,1,1
12,120059,1,1,0,1,9,0,22,1,2010,6,17,15,1,12,3,SR-528,,99998,28.41164444,-80.820505560,0,23,0,0,1,1,3,0,1,1,0,1,0,0000000,17,21,17,30,99,99,0,0,0,1,1
12,120060,1,1,1,2,127,0,22,1,2010,6,19,12,0,3,3,SR-415,,99998,28.84343333,-81.164922220,0,8,0,0,1,1,1,0,2,1,0,1,0,0000000,19,15,19,27,88,88,0,0,0,1,0
12,120061,2,2,0,3,83,0,23,1,2010,7,20,9,0,6,4,CR-329,NE 30TH CT,0,29.33892500,-82.095988890,0,12,6,0,2,3,1,0,2,10,0,10,0,0000000,20,17,20,21,88,88,0,0,0,1,1
12,120062,1,1,0,1,86,0,24,1,2010,1,8,22,1,2,2,US-1,,99998,25.38541111,-80.465669440,0,18,0,0,1,1,4,1,1,1,0,1,0,0000000,99,99,99,99,99,99,0,0,0,1,0
12,120063,2,2,0,3,9,2005,24,1,2010,1,5,36,0,16,6,CR-3,,0,28.27874722,-80.666880560,0,12,6,0,1,1,1,0,2,1,0,1,0,0000000,5,38,5,50,99,99,0,0,0,1,1
12,120064,2,2,0,2,86,0,1,1,2010,6,14,25,0,6,4,NW 22ND AVE,,0,25.89548056,-80.235463890,0,12,1,0,1,1,1,0,1,1,0,1,0,0000000,99,99,99,99,99,99,0,0,0,1,0
12,120065,5,5,0,10,86,0,1,1,2010,6,2,43,1,13,3,SR-924,NW 17TH AVE,99998,25.88303611,-80.226727780,0,12,6,0,2,2,1,0,3,1,0,1,0,0000000,2,40,2,42,99,99,0,0,0,1,1
12,120066,2,2,0,3,105,0,5,1,2010,3,10,56,0,13,2,US-98,7301 SR-35,99998,28.13549167,-81.973516670,0,12,6,0,2,2,1,0,1,1,0,1,0,0000000,10,59,11,5,99,99,0,0,0,1,0
12,120067,2,2,0,3,1,1370,17,1,2010,1,19,14,0,2,2,US-441,NW 202ND ST,99998,29.81108333,-82.560111110,0,12,6,0,2,2,1,0,2,1,0,1,0,0000000,19,14,19,15,99,99,0,0,0,1,0
12,120068,2,2,0,2,95,2360,18,1,2010,2,23,47,0,13,3,SR-436,LAKE MARGARET DR,99998,28.50574167,-81.310330560,0,12,6,0,2,2,1,0,2,1,0,1,0,0000000,23,50,23,54,99,99,20,0,0,1,0
12,120069,1,1,1,3,87,1568,1,1,2010,6,12,34,1,13,2,US-1,,99998,25.10392222,-80.430836110,0,8,0,0,1,1,1,0,1,10,0,10,0,0000000,12,29,12,32,99,99,0,0,0,1,0
12,120070,2,2,0,6,105,120,1,1,2010,6,1,28,0,13,2,US-92,BERKLEY RD,99998,28.05707778,-81.817480560,0,12,6,0,2,2,1,0,3,10,0,10,0,0000000,1,29,1,37,99,99,0,0,0,1,0
12,120071,1,1,1,1,57,2950,2,1,2010,7,6,52,0,13,2,US-92,N ROME AVENUE,99998,27.99603611,-82.476430560,0,8,0,0,3,1,1,0,3,1,0,1,0,0000000,6,52,7,0,99,99,0,0,0,1,0
12,120072,1,1,0,1,86,2230,2,1,2010,7,3,5,1,11,1,I-95,,99998,25.94136389,-80.189961110,0,20,0,0,1,1,3,0,3,1,0,1,0,0000000,3,9,3,16,88,88,0,0,0,1,0
12,120073,2,2,0,3,11,771,4,1,2010,2,12,38,1,11,1,I-595,,99998,26.10728611,-80.283000000,0,12,1,0,1,1,1,0,1,1,0,1,0,0000000,12,40,12,48,88,88,0,0,0,1,0
12,120074,1,1,1,3,86,0,12,1,2010,3,16,58,0,13,2,US-441,NORTHWEST 177TH ST,99998,25.93726667,-80.204833330,0,8,0,0,3,1,1,0,3,1,0,1,0,0000000,99,99,19,0,99,99,0,0,0,1,0
12,120075,4,4,0,8,101,0,13,1,2010,4,18,25,0,3,2,US-41,ASBEL ROAD,99998,28.30325556,-82.497636110,0,12,6,0,2,3,1,0,2,1,0,1,0,0000000,18,27,18,28,99,99,0,0,0,1,0
12,120076,2,2,0,2,31,1510,14,1,2010,5,3,30,1,12,3,SR-9A,,99998,30.20862222,-81.513727780,0,12,2,0,1,1,1,0,3,1,0,1,0,0000000,3,33,3,51,99,99,0,0,0,1,1
12,120077,1,1,1,1,57,0,15,1,2010,6,19,8,1,2,3,SR-60,,99998,27.92719444,-82.056927780,0,8,0,0,1,1,1,0,2,1,0,1,0,0000000,19,6,19,19,88,88,0,0,0,1,0
12,120078,2,2,0,2,86,0,16,1,2010,7,6,32,1,11,1,I-75,,99998,25.94965278,-80.351102780,0,12,1,0,1,1,1,0,4,1,0,1,0,0000000,6,32,6,35,88,88,0,0,0,1,1
12,120079,3,3,0,5,11,1050,17,1,2010,1,22,1,1,11,1,I-95,,99998,26.13828611,-80.169258330,0,12,1,0,1,1,1,0,3,10,0,10,0,0000000,22,1,22,4,88,88,0,0,0,1,0
12,120080,1,1,0,1,86,0,17,1,2010,1,3,7,1,2,3,SR-997 SB,,99998,25.73186944,-80.480519440,0,24,0,0,1,1,4,0,2,10,0,10,0,0000000,3,8,3,20,88,88,0,0,0,1,0
12,120081,1,1,0,1,11,2260,18,1,2010,2,8,36,1,11,1,I-95,,99998,26.16625833,-80.159702780,0,24,0,1,5,1,4,0,1,1,0,1,0,0000000,99,99,99,99,88,88,0,0,0,1,0
12,120082,2,2,0,2,9,0,21,1,2010,5,17,24,0,13,2,US-1,,99998,28.01006111,-80.567030560,0,12,2,0,1,1,1,0,1,10,0,10,0,0000000,17,24,17,28,99,99,0,0,0,1,0
12,120083,2,2,0,3,15,0,22,1,2010,6,11,14,1,1,1,I-75,,99999,26.88431667,-81.990838890,0,12,6,0,1,1,1,0,1,10,0,10,0,0000000,11,15,11,21,99,99,0,0,0,1,0
12,120084,2,2,0,2,83,0,22,1,2010,6,18,44,1,2,3,SR-40,SE 188 AVENUE,99998,29.17450556,-81.841472220,0,12,6,0,2,3,1,0,2,1,0,1,0,0000000,99,99,18,52,99,99,0,0,0,1,0
12,120085,2,2,1,2,105,0,22,1,2010,6,18,45,1,13,3,SR-60,S ACUFF ROAD,99998,27.90350278,-81.626841670,0,8,0,0,3,1,1,0,2,10,0,10,0,0000000,18,48,18,54,99,99,0,0,0,1,0
12,120086,3,3,0,4,23,0,23,1,2010,7,12,40,0,3,3,SR-47,,99998,29.94735000,-82.713402780,0,12,8,0,1,1,1,0,1,1,0,1,0,0000000,12,41,12,48,99,99,0,0,0,1,0
12,120087,1,1,0,6,51,0,23,1,2010,7,0,15,0,6,4,CR-835,,0,26.74141389,-80.902483330,0,1,0,0,1,1,2,0,2,5,0,5,0,0000000,0,20,0,29,99,99,0,0,0,2,1
12,120088,1,1,0,1,73,0,23,1,2010,7,14,54,0,6,4,OLD BAINBRIDGE RD,,0,30.57977778,-84.358566670,0,1,0,0,1,1,4,0,1,1,0,1,0,0000000,14,52,15,9,99,99,0,0,0,1,1
12,120089,1,1,0,1,107,2622,23,1,2010,7,2,30,0,3,3,SR-100,,99998,29.73697500,-81.960527780,0,1,0,0,1,1,4,0,2,10,0,10,0,0000000,10,33,99,98,88,88,0,0,0,1,1
12,120090,1,1,0,2,115,0,23,1,2010,7,11,5,1,1,1,I-75,,99998,27.06882222,-82.095188890,0,1,0,0,1,1,3,0,1,10,0,10,0,0000000,11,12,11,21,88,88,0,0,0,2,0
12,120091,1,1,0,1,53,0,24,1,2010,1,14,54,1,13,3,SR-50,,99998,28.53947222,-82.467108330,0,33,0,0,1,1,3,0,1,10,0,10,0,0000000,14,58,15,4,88,88,0,0,0,1,1
12,120092,2,2,0,4,71,2218,25,1,2010,2,12,40,0,13,2,US-41,STOCKTON ST,99998,26.68713889,-81.901272220,0,12,6,0,2,2,1,0,1,1,0,1,0,0000000,12,40,12,45,99,99,0,0,0,1,1
12,120093,2,2,0,2,105,0,25,1,2010,2,18,32,0,6,4,CR-640,,0,27.82091667,-81.757347220,0,12,6,0,8,1,1,0,2,10,0,10,0,0000000,18,34,18,38,88,88,0,0,0,1,0
12,120094,1,1,1,1,57,0,26,1,2010,3,17,47,0,6,4,VAN DYKE RD,CURRIE FORD DR,0,28.12784722,-82.518800000,0,9,0,0,2,3,1,0,1,1,0,1,0,0000000,17,48,17,53,99,99,0,0,0,1,0
12,120095,2,2,1,4,17,0,26,1,2010,3,20,48,1,13,2,US-19,MOOSE LN,99998,28.83522500,-82.579369440,0,8,0,0,2,3,1,0,2,1,0,1,0,0000000,20,48,20,52,88,88,0,0,0,1,0
12,120096,2,2,0,2,21,0,26,1,2010,3,4,55,1,1,1,I-75,,99998,26.16961389,-81.054038890,0,12,1,0,1,1,1,0,2,1,0,1,0,0000000,4,57,5,33,88,88,0,0,0,1,0
12,120097,2,2,0,2,17,0,27,1,2010,4,20,33,1,13,3,SR-44,S ARLENE AVE,99998,28.85050278,-82.377650000,0,12,1,0,2,2,1,0,3,1,0,1,0,0000000,20,35,20,40,99,99,0,0,0,1,1
12,120098,2,2,0,3,83,0,27,1,2010,4,13,50,1,2,2,US-27,CR-326,99998,29.28245000,-82.337208330,0,12,6,0,2,2,1,0,1,1,0,1,0,0000000,13,51,14,2,99,99,0,0,0,1,0
12,120099,1,1,0,1,95,0,27,1,2010,4,2,10,0,6,4,CURRY FORD RD,,0,28.51391389,-81.286661110,0,42,0,0,1,1,3,0,3,1,0,1,0,0000000,2,12,2,18,88,88,0,0,0,1,1
12,120100,1,1,1,3,23,0,29,1,2010,6,22,40,1,11,1,I-75,,99999,30.18232222,-82.689575000,0,8,0,0,1,1,1,0,3,10,0,10,0,0000000,22,59,23,16,88,88,0,0,0,1,0
12,120101,2,2,0,2,97,0,29,1,2010,6,10,13,0,6,4,CR-523,MILDRED BASS RD,0,28.15900000,-81.270169440,0,12,6,0,2,3,1,0,1,1,0,1,0,0000000,10,14,10,23,88,88,0,0,0,1,0
12,120102,2,2,0,3,99,0,29,1,2010,6,6,30,0,5,4,CR-717,,99998,26.81263889,-80.582572220,0,12,2,0,1,1,1,0,2,10,0,10,0,0000000,6,33,6,42,99,99,0,0,0,2,1
12,120103,2,2,0,2,107,887,29,1,2010,6,19,40,0,13,2,US-17,,99998,29.63494444,-81.588725000,0,12,6,0,8,1,1,0,2,10,0,10,0,0000000,19,48,19,50,99,99,0,0,0,1,1
12,120104,1,1,0,1,83,0,31,1,2010,1,13,15,0,6,4,CR-464C,,0,29.07398889,-81.890000000,0,1,0,0,1,1,5,0,1,10,0,10,0,0000000,13,18,13,29,99,99,0,0,0,1,0
12,120105,2,2,0,4,127,780,9,1,2010,7,17,9,0,16,6,TOMOKA RD,MADISON AVE,0,29.21820000,-81.042538890,0,12,6,0,2,2,1,0,1,10,0,10,0,0000000,99,99,99,99,99,99,20,0,0,1,0
12,120106,1,1,1,1,113,0,15,1,2010,6,10,5,0,16,6,CR-191C,,0,30.56704722,-87.016138890,0,8,0,0,1,1,1,0,1,10,0,10,0,0000000,99,99,99,99,99,99,0,0,0,1,0
12,120107,2,2,0,6,1,0,16,1,2010,7,20,50,1,1,1,I-75,,99998,29.49415833,-82.293766670,0,12,1,0,1,1,1,0,3,2,0,2,0,0000000,99,99,99,99,99,99,0,0,0,1,1
12,120108,2,2,0,4,111,0,22,1,2010,6,23,17,1,11,1,I-95,,99998,27.31873333,-80.413558330,0,12,1,0,1,1,1,4,3,10,0,10,0,0000000,23,19,23,28,99,99,0,0,0,1,0
12,120109,1,1,1,1,86,0,24,1,2010,1,22,15,0,13,3,SR-94,,99998,25.68857778,-80.319472220,0,9,0,0,1,1,1,0,3,10,0,10,0,0000000,22,18,22,23,88,88,0,0,0,1,1
12,120110,1,1,1,1,109,0,24,1,2010,1,4,15,0,13,2,US-1,OLD MOULTRIE,99998,29.82923333,-81.322411110,0,8,0,0,2,2,1,0,3,1,0,1,0,0000000,4,16,4,21,99,99,0,0,0,1,0
12,120111,1,1,0,1,105,0,25,1,2010,2,21,10,0,6,4,PIT RD,,0,27.87533889,-81.727425000,0,18,0,0,1,1,1,0,2,1,0,1,0,0000000,21,30,21,46,88,88,0,0,0,1,1
12,120112,1,1,0,2,59,0,26,1,2010,3,13,55,0,16,6,CR-177A,,0,30.85749167,-85.762238890,0,38,0,0,1,1,5,0,1,1,0,1,0,0000000,14,2,14,10,99,99,0,0,0,1,0
12,120113,1,1,0,1,117,2770,26,1,2010,3,17,3,1,11,1,I-4,,99998,28.78912778,-81.348619440,0,21,0,1,5,1,4,0,1,1,0,1,0,0000000,17,1,17,5,88,88,0,0,0,1,0
12,120114,2,2,0,3,17,233,29,1,2010,6,9,20,0,6,4,CR-491,,0,28.95050000,-82.442788890,0,12,2,0,1,1,1,4,1,10,0,10,0,0000000,9,23,9,32,99,99,0,0,0,1,0
12,120115,1,1,0,1,95,0,30,1,2010,7,14,6,0,12,3,SR-429,,99998,28.36430000,-81.610063890,0,5,0,0,1,1,2,0,1,2,0,2,0,0000000,14,8,14,16,88,88,0,0,0,1,0