STATE,ST_CASE,VE_TOTAL,VE_FORMS,PEDS,PERSONS,COUNTY,CITY,DAY,MONTH,YEAR,DAY_WEEK,HOUR,MINUTE,NHS,ROAD_FNC,ROUTE,TWAY_ID,TWAY_ID2,MILEPT,LATITUDE,LONGITUD,SP_JUR,HARM_EV,MAN_COLL,RELJCT1,RELJCT2,TYP_INT,REL_ROAD,WRK_ZONE,LGT_COND,WEATHER1,WEATHER2,WEATHER,SCH_BUS,RAIL,NOT_HOUR,NOT_MIN,ARR_HOUR,ARR_MIN,HOSP_HR,HOSP_MN,CF1,CF2,CF3,FATALS,DRUNK_DR
12,120116,1,1,0,1,101,1409,30,1,2010,7,18,0,1,13,2,US-19,BARTELT RD,99998,28.18474167,-82.740011110,0,5,0,0,2,2,1,0,1,10,0,10,0,0000000,18,2,18,7,99,99,0,0,0,1,1
12,120117,1,1,0,1,21,1465,31,1,2010,1,17,56,0,6,4,RANDALL BLVD.,,0,26.27829444,-81.524347220,0,24,0,0,1,1,4,0,2,10,0,10,0,0000000,17,59,18,9,99,99,0,0,0,1,1
12,120118,3,3,0,3,85,1552,31,1,2010,1,2,15,0,13,2,US-1,CR-707A,99998,27.24446111,-80.272036110,0,12,1,0,3,2,1,0,3,10,0,10,0,0000000,2,19,2,23,88,88,0,0,0,1,1
12,120119,1,1,0,1,95,0,31,1,2010,1,2,0,0,2,3,SR-520,,99998,28.38716111,-80.932083330,0,1,0,0,1,1,3,0,2,1,0,1,0,0000000,2,4,2,23,99,99,0,0,0,1,1
12,120120,2,2,0,2,127,0,2,2,2010,3,9,25,0,2,2,US-17,,99998,29.20068611,-81.437702780,0,12,2,0,1,1,1,0,1,2,0,2,0,0000000,9,27,9,35,99,99,0,0,0,1,0
12,120121,1,1,0,1,95,0,2,2,2010,3,22,50,1,1,3,SR-429,,99998,28.57545833,-81.556877780,0,3,0,0,5,1,5,0,3,1,0,1,0,0000000,22,50,22,59,88,88,0,0,0,1,0
12,120122,1,1,0,2,81,0,2,2,2010,3,8,1,1,11,1,I-75,,99998,27.57783056,-82.514791670,0,1,0,0,1,1,2,0,1,2,0,2,0,0000000,8,2,8,13,99,99,0,0,0,1,0
12,120123,1,1,1,1,31,1510,2,2,2010,3,18,30,1,13,2,US-1,,99998,30.36754444,-81.722002780,0,8,0,0,1,1,1,0,2,10,0,10,0,0000000,18,33,18,37,88,88,0,0,0,1,0
12,120124,2,2,0,2,41,0,3,2,2010,4,20,20,0,3,2,US-129,,99998,29.84128611,-82.865966670,0,12,1,0,1,1,1,0,2,10,0,10,0,0000000,20,26,20,37,99,99,0,0,0,1,0
12,120125,2,2,0,2,71,0,6,2,2010,7,0,13,0,6,4,BEN HILL GRIFFIN PKW,,0,26.45117500,-81.774350000,0,42,0,0,1,1,3,0,3,10,0,10,0,0000000,0,13,0,17,88,88,14,0,0,1,0
12,120126,2,2,0,2,95,0,6,2,2010,7,11,43,0,14,3,SR-551,,99998,28.55227222,-81.285936110,0,12,6,0,8,1,1,0,1,1,0,1,0,0000000,11,47,11,48,88,88,0,0,0,1,0
12,120127,1,1,0,1,15,0,27,1,2010,4,9,0,0,14,3,SR-776,,99998,26.95030000,-82.214411110,0,33,0,0,1,1,4,0,1,1,0,1,0,0000000,9,1,9,11,88,88,0,0,0,1,0
12,120128,1,1,1,4,57,2950,30,1,2010,7,22,25,0,13,2,US-92,,99998,27.96073333,-82.505547220,0,8,0,0,8,1,1,0,3,10,0,10,0,0000000,22,30,22,30,99,99,0,0,0,1,0
12,120129,2,2,0,2,81,340,1,1,2010,6,16,32,0,14,3,SR-64,,99998,27.49572778,-82.603883330,0,12,2,0,1,1,1,0,1,1,0,1,0,0000000,16,30,16,37,99,99,0,0,0,1,0
12,120131,2,2,0,3,11,790,20,1,2010,4,21,50,0,13,2,US-1,SE 7TH CT,99998,26.30834167,-80.092258330,0,12,6,0,2,2,1,0,3,1,0,1,0,0000000,21,50,21,55,99,99,0,0,0,1,0
12,120132,6,6,0,7,99,2660,20,1,2010,4,16,51,1,13,3,SR-710,,99998,26.76883333,-80.061277780,0,12,7,0,1,1,1,0,1,1,0,1,0,0000000,16,51,16,54,99,99,0,0,0,1,0
12,120133,3,3,0,4,31,1510,21,1,2010,5,15,10,0,13,2,US-1,,99998,30.41875833,-81.751350000,0,12,6,0,8,1,1,0,1,2,0,2,0,0000000,99,99,99,99,99,99,0,0,0,1,0
12,120134,2,2,0,6,99,0,22,1,2010,6,20,30,0,14,6,MILITARY TRAIL,W CAMINO REAL,99998,26.34416667,-80.128769440,0,12,6,0,2,2,1,0,3,1,0,1,0,0000000,20,32,20,38,99,99,0,0,0,1,0
12,120135,1,1,0,2,86,844,29,1,2010,6,23,38,0,16,6,NW 107TH AVE,,0,25.80550278,-80.369238890,0,30,0,0,1,1,4,0,3,1,0,1,0,0000000,23,38,23,46,88,88,0,0,0,2,0
12,120136,3,3,0,6,99,0,30,1,2010,7,14,32,0,13,3,SR-882,KUDZA ROAD,99998,26.65214722,-80.132561110,0,12,1,0,3,1,1,0,1,10,0,10,0,0000000,14,34,14,38,99,99,0,0,0,1,0
12,120137,3,3,0,3,105,1690,2,2,2010,3,6,26,0,16,6,N GALLOWAY RD,,0,28.04600556,-82.018058330,0,12,6,0,1,1,1,0,2,5,0,5,0,0000000,6,29,6,39,99,99,14,0,0,1,0
12,120138,1,1,1,1,31,1510,3,2,2010,4,5,57,0,13,2,US-90,DESALVO RD,99998,30.28696667,-81.533541670,0,8,0,0,3,2,1,0,3,1,0,1,0,0000000,99,99,99,99,88,88,0,0,0,1,0
12,120139,2,1,0,1,9,2424,3,2,2010,4,11,54,0,16,6,971 LADONA AVE,,0,27.97480000,-80.657675000,0,14,0,0,1,1,2,0,1,10,0,10,0,0000000,11,56,12,4,99,99,0,0,0,1,0
12,120140,1,1,0,1,5,1850,7,2,2010,1,22,4,0,16,6,E 17TH STREET,,0,30.23282500,-85.638755560,0,1,0,0,1,1,4,0,3,1,0,1,0,0000000,22,11,22,15,88,88,0,0,0,1,1
12,120141,1,1,1,1,105,0,21,1,2010,5,21,5,0,13,2,US-92,FAIRWAY AVE,99998,28.04795833,-81.916125000,0,8,0,0,3,2,1,0,3,10,0,10,0,0000000,21,10,21,14,88,88,0,0,0,1,0
12,120142,1,1,0,3,131,800,7,2,2010,1,2,37,0,16,6,SHOEMAKER DR,,0,30.73675278,-86.134275000,0,42,0,0,1,1,4,0,3,1,0,1,0,0000000,99,99,99,99,99,99,0,0,0,2,0
12,120143,2,2,1,2,86,0,28,1,2010,5,17,34,1,11,1,I-95,,99998,25.86045833,-80.208383330,0,8,0,0,1,1,1,0,5,1,0,1,0,0000000,17,33,17,40,88,88,0,0,0,1,0
12,120144,1,1,1,1,101,0,30,1,2010,7,21,27,1,13,2,US-19,,99998,28.19079722,-82.739905560,0,8,0,0,1,1,1,0,3,10,0,10,0,0000000,21,28,21,32,99,99,0,0,0,1,0
12,120145,4,4,0,12,11,2260,31,1,2010,1,2,23,1,11,1,I-95,,99998,26.15957222,-80.163905560,0,12,1,0,1,1,1,0,3,1,0,1,0,0000000,2,24,2,33,99,99,0,0,0,1,1
12,120146,1,1,0,2,87,1925,2,2,2010,3,17,34,1,13,2,US-1,,99998,24.70835833,-81.110516670,0,38,0,0,1,1,4,0,1,1,0,1,0,0000000,17,34,17,41,99,99,0,0,0,1,1
12,120147,1,1,0,1,83,0,3,2,2010,4,15,0,1,13,3,SR-326,,99999,29.25990000,-82.098400000,0,53,0,0,1,1,4,0,1,1,0,1,0,0000000,15,6,15,15,99,99,0,0,0,1,1
12,120148,1,1,0,2,103,0,4,2,2010,5,19,30,1,11,1,I-275,,99998,27.76204444,-82.663822220,0,34,0,0,1,1,3,0,3,1,0,1,0,0000000,19,32,19,36,99,99,0,0,0,1,0
12,120149,2,2,0,2,83,0,4,2,2010,5,5,30,0,6,4,CR-314A,,0,29.16978333,-81.892625000,0,12,2,0,1,1,1,0,2,1,0,1,0,0000000,5,41,5,46,99,99,0,0,0,1,1
12,120150,1,1,0,1,131,0,5,2,2010,6,4,10,1,1,1,I-10,,99998,30.69188056,-86.013358330,0,42,0,0,1,1,3,0,2,2,0,2,0,0000000,4,10,4,22,88,88,5,0,0,1,0
12,120151,1,1,1,1,89,0,5,2,2010,6,20,0,0,16,6,HENDRICKS ROAD,,0,30.58204722,-81.521044440,0,8,0,0,1,1,1,0,2,10,0,10,0,0000000,20,5,20,14,99,99,0,0,0,1,0
12,120152,1,1,0,2,79,0,5,2,2010,6,15,20,1,1,1,I-10,,99998,30.43557500,-83.472705560,0,34,0,0,1,1,4,0,1,2,0,2,0,0000000,15,34,15,45,99,99,0,0,0,1,0
12,120153,1,1,0,2,131,0,6,2,2010,7,21,35,1,2,2,US-331,,99998,30.48175278,-86.124969440,0,34,0,0,1,1,4,0,2,1,0,1,0,0000000,21,38,21,42,99,99,0,0,0,1,1
12,120154,1,1,1,4,21,0,6,2,2010,7,9,47,0,6,4,MANATEE RD,BEVERLY DR,0,26.04754167,-81.694225000,0,8,0,0,2,3,1,0,1,1,0,1,0,0000000,9,49,9,54,88,88,0,0,0,1,0
12,120155,2,2,0,1,57,0,6,2,2010,7,8,17,1,12,3,SR-589,,99998,28.00654444,-82.545497220,0,12,1,0,1,1,1,0,1,10,0,10,0,0000000,99,99,99,99,99,99,0,0,0,1,0
12,120156,1,1,1,1,71,0,7,2,2010,1,20,30,0,13,3,SR-80,,99998,26.67574444,-81.813313890,0,8,0,0,1,1,1,0,3,1,0,1,0,0000000,20,36,20,41,88,88,0,0,0,1,0
12,120157,2,2,0,3,73,0,7,2,2010,1,21,33,0,13,2,US-27,,99998,30.42927500,-84.197577780,0,12,2,0,1,1,1,0,2,1,0,1,0,0000000,21,33,21,45,99,99,0,0,0,1,1
12,120158,2,1,0,1,5,0,8,2,2010,2,4,15,0,6,4,FOREST DR,,0,30.47946111,-85.430230560,0,14,0,0,1,1,4,0,2,1,0,1,0,0000000,4,20,4,34,88,88,0,0,0,1,1
12,120159,1,1,1,1,49,0,8,2,2010,2,19,7,1,13,2,US-17,,99998,27.57471944,-81.817055560,0,8,0,0,1,1,1,0,2,1,0,1,0,0000000,19,7,19,27,88,88,0,0,0,1,0
12,120160,1,1,0,1,11,0,8,2,2010,2,22,23,1,2,2,US-27,,99998,26.44675278,-80.624713890,0,18,0,0,1,1,1,0,2,1,0,1,0,0000000,23,18,23,41,88,88,19,0,0,1,0
12,120161,2,2,0,4,121,0,9,2,2010,3,13,56,0,3,3,SR-51,168TH ST,99998,30.14406944,-83.165561110,0,12,2,0,3,2,1,0,1,2,0,2,0,0000000,13,56,14,4,99,99,0,0,0,2,0
12,120162,1,1,1,1,103,0,9,2,2010,3,20,35,1,13,2,US-19,,99998,28.09836944,-82.739872220,0,8,0,0,1,1,1,0,3,10,0,10,0,0000000,20,38,20,41,88,88,0,0,0,1,0
12,120163,2,2,0,4,95,0,9,2,2010,3,20,55,0,6,4,HIAWASSEE RD,,0,28.61902222,-81.476150000,0,42,0,0,1,1,3,0,3,10,0,10,0,0000000,20,56,21,4,99,99,0,0,0,2,0
12,120164,2,2,0,2,97,0,9,2,2010,3,7,13,0,2,2,US-192,ARTHUR GALLAGHER BLV,99998,28.19192778,-81.154513890,0,12,6,0,2,3,1,0,1,10,0,10,0,0000000,7,14,7,18,99,99,0,0,0,1,0
12,120165,1,1,0,1,57,0,9,2,2010,3,2,59,1,11,1,I-4,,99998,27.99570833,-82.349416670,0,18,0,0,1,1,1,0,3,1,0,1,0,0000000,3,0,3,10,88,88,0,0,0,1,0
12,120166,2,2,0,6,86,2330,11,2,2010,5,11,13,1,12,3,SR-924,,99998,25.88245000,-80.256200000,0,12,6,0,7,1,1,0,1,1,0,1,0,0000000,11,13,11,18,99,99,0,0,0,1,0
12,120167,1,1,1,1,33,0,12,2,2010,6,2,18,0,6,4,NORTH W STREET,,0,30.44662778,-87.249002780,0,8,0,0,1,1,1,0,2,2,0,2,0,0000000,2,18,2,26,88,88,0,0,0,1,0
12,120168,5,5,0,5,71,0,2,3,2010,3,23,15,0,6,4,CR-876,FIDDLESTICKS BLVD,0,26.54732222,-81.804908330,0,12,1,0,3,2,1,0,3,10,0,10,0,0000000,23,16,23,16,99,99,0,0,0,1,1
12,120169,1,1,0,1,107,0,14,2,2010,1,2,25,0,6,4,CR-309,,0,29.52386389,-81.668777780,0,35,0,0,1,1,4,0,2,1,0,1,0,0000000,2,31,2,39,88,88,0,0,0,1,1
12,120170,2,2,0,2,31,1510,16,2,2010,3,23,52,0,12,3,SR-115,A C SKINNER PKWY,99998,30.24007500,-81.551936110,0,12,1,0,2,2,1,0,3,1,0,1,0,0000000,23,54,23,59,99,99,0,0,0,1,1
12,120171,5,5,0,7,86,1340,14,1,2010,5,16,29,0,13,3,SR-953,3 41ST ST,99998,25.85995833,-80.266736110,0,30,0,0,2,2,4,0,1,1,0,1,0,0000000,16,29,16,32,99,99,0,0,0,1,0
12,120172,1,1,1,4,99,3147,25,1,2010,2,1,13,0,16,6,2987 SHAUGHNESSY DR,,0,26.63592778,-80.199897220,0,8,0,0,1,1,1,0,3,1,0,1,0,0000000,99,99,99,99,99,99,0,0,0,1,0
12,120173,1,1,1,1,86,2230,28,1,2010,5,6,39,0,13,3,SR-826,BISCAYNE BLVD,99998,25.92622500,-80.153977780,0,8,0,0,3,2,1,0,4,1,0,1,0,0000000,6,39,6,40,88,88,0,0,0,1,0
12,120174,3,3,0,3,86,0,1,2,2010,2,18,27,0,14,3,SR-994,QUAIL ROOST DRIVE,99998,25.59546667,-80.372111110,0,59,0,1,3,1,1,0,3,10,0,10,0,0000000,18,27,18,33,99,99,14,0,0,1,0
12,120175,1,1,1,1,57,2950,2,2,2010,3,19,3,0,16,6,CROSS CREEK BLVD,,0,28.14218889,-82.323036110,0,8,0,0,1,1,1,0,3,1,0,1,0,0000000,19,33,19,39,99,99,0,0,0,1,0
12,120176,1,1,1,1,57,0,6,2,2010,7,21,25,0,6,4,MEMORIAL HWY,,0,28.00463333,-82.590108330,0,8,0,0,1,1,1,0,1,1,0,1,0,0000000,21,30,21,31,99,99,0,0,0,1,1
12,120177,1,1,0,1,127,780,6,2,2010,7,13,37,0,16,6,630 BALLOUGH RD,,0,29.22580833,-81.023455560,0,1,0,0,1,1,2,0,1,1,0,1,0,0000000,13,37,13,39,88,88,0,0,0,1,0
12,120178,2,2,0,2,57,2950,10,2,2010,4,16,40,0,16,6,WATERS AVE,,0,28.02533889,-82.466255560,0,12,2,0,8,1,1,0,1,1,0,1,0,0000000,16,41,16,45,88,88,0,0,0,1,1
12,120179,1,1,1,2,117,2770,13,2,2010,7,20,51,0,16,6,SANFORD AVE,,0,28.77663611,-81.264727780,0,8,0,0,1,1,1,0,3,1,0,1,0,0000000,99,99,99,99,99,99,0,0,0,1,0
12,120180,1,1,0,2,86,2906,14,2,2010,1,6,20,1,12,6,WILLIAM LEHMAN CAUSE,,99998,25.95300833,-80.120658330,0,23,0,1,5,1,4,0,3,1,0,1,0,0000000,6,21,6,26,99,99,0,0,0,1,1
12,120182,2,2,0,3,73,2940,23,1,2010,7,23,42,1,11,1,I-10,,99998,30.50142500,-84.230888890,0,12,6,0,1,1,1,0,2,10,0,10,0,0000000,23,47,0,4,99,99,0,0,0,1,0
12,120183,1,1,1,2,103,2530,23,1,2010,7,22,49,0,13,3,SR-694,,99998,27.83926944,-82.710613890,0,8,0,0,1,1,1,0,3,1,0,1,0,0000000,22,49,22,53,99,99,0,0,0,1,0
12,120184,2,2,0,5,61,3070,23,1,2010,7,0,46,0,16,6,21ST ST,8TH AVE,0,27.63982500,-80.389111110,0,12,6,0,2,2,1,0,3,10,0,10,0,0000000,0,46,0,51,99,99,0,0,0,1,1
12,120185,1,1,1,2,55,1730,17,1,2010,1,7,46,1,13,2,US-27,,99998,27.28902778,-81.358336110,0,8,0,0,1,1,1,0,3,1,0,1,0,0000000,99,99,19,48,88,88,0,0,0,1,0
12,120186,5,5,0,8,105,0,2,2,2010,3,18,55,0,13,2,US-92,,99998,28.05957778,-81.797044440,0,12,6,0,1,1,1,0,3,1,0,1,0,0000000,19,1,19,4,99,99,0,0,0,1,1
12,120187,1,1,0,3,107,0,6,2,2010,7,20,35,0,6,4,OLD HIGHWAY 17,,0,29.40236389,-81.514202780,0,42,0,0,1,1,4,0,2,1,0,1,0,0000000,20,41,20,44,99,99,0,0,0,1,1
12,120188,1,1,0,1,91,0,10,2,2010,4,18,17,1,1,1,I-10,,99998,30.72579722,-86.568597220,0,50,0,0,1,1,1,0,2,1,0,1,0,0000000,18,18,18,26,88,88,0,0,0,1,0
12,120189,1,1,1,1,57,0,10,2,2010,4,3,5,0,13,3,SR-597,,99998,28.03351111,-82.504847220,0,8,0,0,1,1,1,0,3,1,0,1,0,0000000,3,7,3,11,88,88,0,0,0,1,0
12,120190,2,2,0,2,133,0,13,2,2010,7,18,30,0,2,3,SR-77,CR-276,99998,30.69897500,-85.563088890,0,12,6,0,2,2,1,0,2,1,0,1,0,0000000,18,36,18,42,99,99,0,0,0,1,1
12,120191,2,2,0,5,55,0,13,2,2010,7,18,45,1,13,2,US-27,SHORELINE DR,99998,27.26536944,-81.346936110,0,12,6,0,2,3,1,0,2,1,0,1,0,0000000,18,48,18,54,99,99,0,0,0,1,0
12,120192,1,1,0,1,83,0,14,2,2010,1,0,45,0,6,4,SE 175 STREET,,0,28.96718611,-81.902222220,0,42,0,0,1,1,4,0,2,1,0,1,0,0000000,0,47,0,54,88,88,0,0,0,1,1
12,120193,1,1,1,5,95,0,16,2,2010,3,19,6,0,16,6,JOHN YOUNG PKWY,,0,28.48631389,-81.417552780,0,8,0,0,1,1,1,0,2,1,0,1,0,0000000,19,9,19,12,99,99,0,0,0,1,0
12,120194,1,1,1,1,31,1510,16,2,2010,3,21,48,0,13,2,US-17,,99998,30.43107500,-81.644461110,0,8,0,0,1,1,1,0,2,1,0,1,0,0000000,21,52,21,57,99,99,0,0,0,1,0
12,120195,1,1,0,1,59,0,17,2,2010,4,13,15,1,1,1,I-10,,99998,30.76099167,-85.651936110,0,42,0,0,1,1,4,0,1,1,0,1,0,0000000,13,16,13,23,88,88,0,0,0,1,0
12,120196,1,1,0,1,103,2730,9,1,2010,7,1,45,0,13,2,US-19,,99998,27.80744722,-82.751202780,0,33,0,0,1,1,4,0,3,10,0,10,0,0000000,1,45,1,48,99,99,0,0,0,1,1
12,120197,1,1,1,2,57,2950,27,1,2010,4,13,6,1,14,3,SR-573,,99998,27.87788333,-82.506413890,0,9,0,0,1,1,1,0,1,1,0,1,0,0000000,99,99,99,99,88,88,0,0,0,1,0
12,120198,1,1,1,1,57,2980,1,1,2010,6,2,0,0,16,6,BULLARD PKWY,,0,28.03254167,-82.383063890,0,8,0,0,1,1,1,0,3,10,0,10,0,0000000,2,1,2,9,99,99,0,0,0,1,0
12,120199,2,2,0,3,86,2020,1,1,2010,6,1,10,0,13,3,SR-934,DICKENS AVENUE,99998,25.85600556,-80.125086110,0,12,6,0,2,2,1,0,3,1,0,1,0,0000000,1,11,1,15,99,99,0,0,0,1,0
12,120200,2,2,0,2,127,2375,13,1,2010,4,14,47,0,13,2,US-1,HERNANDEZ AVENUE,99998,29.28816389,-81.065177780,0,12,6,0,2,3,1,0,1,1,0,1,0,0000000,14,47,14,52,99,99,0,0,0,1,0
12,120201,1,1,0,1,103,570,16,1,2010,7,0,24,0,16,6,LANDMARK DR,,0,28.03494722,-82.717311110,0,30,0,0,1,1,4,0,3,1,0,1,0,0000000,0,24,0,28,99,99,0,0,0,1,1
12,120202,1,1,0,1,31,1510,20,1,2010,4,1,8,0,16,6,7086 HARDENBROOK LN,,0,30.21891389,-81.760625000,0,42,0,0,1,1,4,0,2,1,0,1,0,0000000,99,99,99,99,88,88,0,0,0,1,1
12,120203,1,1,1,2,99,820,20,1,2010,4,18,50,0,16,6,CONGRESS AVE,PARK DR,0,26.45785278,-80.093725000,0,8,0,0,2,2,1,0,2,1,0,1,0,0000000,18,51,18,54,99,99,0,0,0,1,0
12,120204,1,1,1,1,99,1760,14,1,2010,5,18,0,0,16,6,508 N 4TH ST,,0,26.58835556,-80.054286110,0,8,0,0,99,9,99,0,5,1,0,1,0,0000000,18,5,18,8,88,88,0,0,0,1,0
12,120205,1,1,0,2,21,0,26,1,2010,3,12,55,0,6,4,15TH AVE SW,,0,26.20129722,-81.701911110,0,3,0,0,1,1,4,0,1,1,0,1,0,0000000,13,34,13,50,99,99,0,0,0,1,0
12,120206,1,1,0,3,115,0,1,1,2010,6,23,11,0,6,4,ARGONAUT RD,JUPITER RD,0,27.04142778,-82.426730560,0,53,0,0,3,3,4,0,3,10,0,10,0,0000000,23,11,23,20,99,99,20,0,0,1,1
12,120207,1,1,0,1,11,2260,19,1,2010,3,21,50,0,13,3,SR-816,,99998,26.16699444,-80.122061110,0,59,0,0,1,1,3,0,3,1,0,1,0,0000000,21,52,21,56,88,88,0,0,0,1,0
12,120208,1,1,0,1,11,663,3,1,2010,1,11,52,0,16,6,SW 100TH AVE,,0,26.04568889,-80.280533330,0,1,0,0,1,1,1,0,1,1,0,1,0,0000000,99,99,99,99,99,99,0,0,0,1,0
12,120210,1,1,0,1,86,0,18,1,2010,2,8,10,1,13,2,US-1,,99998,25.54024444,-80.407241670,0,25,0,0,1,1,3,0,1,1,0,1,0,0000000,8,14,8,16,99,99,0,0,0,1,0
12,120211,1,1,0,5,97,0,20,1,2010,4,14,12,1,2,3,SR-91,,99998,27.74559722,-80.932836110,0,1,0,0,1,1,3,0,1,1,0,1,0,0000000,99,99,99,99,99,99,0,0,0,1,0
12,120212,2,2,0,2,31,1510,31,1,2010,1,2,30,0,14,3,SR-228,POST ST,99998,30.30905000,-81.722130560,0,12,2,0,2,2,1,0,3,1,0,1,0,0000000,2,37,2,42,99,99,0,0,0,1,1
12,120213,2,2,0,5,101,0,19,1,2010,3,14,41,0,6,4,BAILLIES BLUFF RD,,0,28.18962500,-82.785050000,0,12,8,0,1,1,1,0,1,1,0,1,0,0000000,99,99,99,99,99,99,0,0,0,1,0
12,120214,1,1,1,2,81,340,26,1,2010,3,22,0,0,14,3,SR-64 W,,99998,27.49593889,-82.618325000,0,8,0,0,1,1,1,0,2,1,0,1,0,0000000,22,1,22,5,88,88,0,0,0,1,1
12,120215,1,1,1,1,57,0,7,1,2010,5,6,32,0,6,4,OAKFIELD DR,LAKEWOOD DR,0,27.93430833,-82.310380560,0,8,0,0,3,2,1,0,3,1,0,1,0,0000000,99,99,99,99,99,99,0,0,0,1,0
12,120216,1,1,1,1,11,1050,12,1,2010,3,14,45,0,16,6,NE 40TH ST,3958 N OCEAN BLVD,0,26.17641111,-80.099225000,0,8,0,0,3,1,1,0,1,1,0,1,0,0000000,14,45,14,49,99,99,0,0,0,1,0
12,120217,2,2,0,4,127,0,2,1,2010,7,12,35,0,2,2,US-92,,99998,29.13984167,-81.129188890,0,12,6,0,1,1,1,0,1,1,0,1,0,0000000,99,99,99,99,99,99,0,0,0,1,0
12,120218,2,2,1,3,73,2940,6,1,2010,4,23,15,0,13,2,US-27,,99998,30.48147222,-84.305666670,0,8,0,0,1,1,1,0,3,1,0,1,0,0000000,23,17,23,20,99,99,0,0,0,1,0
12,120219,2,2,0,2,11,760,7,1,2010,5,18,37,0,13,2,US-1,,99998,26.04434722,-80.143427780,0,12,1,0,1,1,1,0,3,1,0,1,0,0000000,99,99,99,99,99,99,0,0,0,1,1
12,120220,2,2,0,2,99,3147,7,1,2010,5,14,57,0,15,6,WELLINGTON TRACE,BIG BLUE TRACE,99998,26.66653611,-80.256991670,0,12,6,0,2,2,1,0,1,1,0,1,0,0000000,99,99,99,99,99,99,0,0,0,1,0
12,120221,1,1,1,3,103,1770,7,1,2010,5,20,39,0,16,6,INDIAN ROCKS RD,,0,27.88309722,-82.832419440,0,8,0,0,8,1,1,0,3,1,0,1,0,0000000,99,99,99,99,99,99,0,0,0,1,0
12,120222,2,2,0,2,86,0,9,1,2010,7,17,38,0,14,3,SR-989,SW 222ND ST,99998,25.56087222,-80.372200000,0,12,2,0,2,3,1,0,5,2,0,2,0,0000000,99,99,17,40,99,99,0,0,0,1,0
12,120223,1,1,1,1,86,0,11,1,2010,2,6,46,0,6,4,SW 240TH ST,SW 108TH PL,0,25.54442500,-80.367508330,0,8,0,0,2,3,1,0,4,1,0,1,0,0000000,99,99,99,99,99,99,0,0,0,1,0
12,120224,2,2,0,3,11,2916,11,1,2010,2,14,11,0,16,6,N PINE ISLAND RD,NW 25TH CT,0,26.15673889,-80.268097220,0,12,6,0,2,2,1,0,1,1,0,1,0,0000000,99,99,99,99,99,99,0,0,0,1,0
12,120225,2,2,0,3,86,670,13,1,2010,4,12,43,0,16,6,INGRAHAM HWY,RIDGEWOOD RD,0,25.70834167,-80.257872220,0,12,6,0,2,2,1,0,1,1,0,1,0,0000000,99,99,99,99,99,99,0,0,0,1,0
12,120226,1,1,0,1,57,0,17,1,2010,1,99,99,0,6,4,HARNEY RD,,0,28.02569722,-82.363750000,0,30,0,0,1,1,4,0,3,2,0,2,0,0000000,99,99,99,99,99,99,0,0,0,1,1
12,120227,2,2,0,3,119,0,20,1,2010,4,9,0,0,13,3,SR-471,SR-50,99998,28.55521667,-82.054675000,0,12,6,0,2,2,1,0,1,10,0,10,0,0000000,99,99,99,99,99,99,0,0,0,1,0
12,120229,1,1,1,1,99,1190,23,1,2010,7,10,13,0,13,3,SR-802,EMPIRE WAY,99998,26.61857500,-80.118519440,0,9,0,0,3,3,1,0,1,1,0,1,0,0000000,99,99,99,99,99,99,0,0,0,1,0
12,120230,2,2,0,5,11,2948,24,1,2010,1,19,33,0,13,3,SR-817,SOUTHGATE BLVD,99998,26.22886389,-80.252991670,0,12,6,0,2,2,1,0,3,1,0,1,0,0000000,99,99,99,99,99,99,0,0,0,1,0
12,120231,1,1,1,1,31,1510,24,1,2010,1,12,44,0,16,6,5000 ST AUGUSTINE RD,2700 CLYDO RD,0,30.27086111,-81.636675000,0,9,0,0,3,3,1,0,1,10,0,10,0,0000000,99,99,99,99,99,99,0,0,0,1,0
12,120232,3,3,0,4,99,820,25,1,2010,2,17,0,0,15,6,LAKE IDA RD,DAVIS RD,99998,26.47308889,-80.097913890,0,12,6,0,2,2,1,0,1,10,0,10,0,0000000,17,0,17,4,99,99,0,0,0,1,1
12,120233,1,1,1,1,103,570,27,1,2010,4,14,50,9,99,9,2619 GULF TO BAY BVD,,99998,27.96048056,-82.728772220,0,8,0,0,4,1,1,0,1,1,0,1,0,0000000,14,51,14,54,99,99,0,0,0,1,0
12,120234,1,1,0,1,131,0,28,1,2010,5,18,35,1,2,3,SR-20,,99998,30.50763889,-86.207002780,0,1,0,0,1,1,2,0,2,1,0,1,0,0000000,99,99,99,99,99,99,0,0,0,1,0
12,120236,3,3,0,5,71,0,31,1,2010,1,16,52,1,11,1,I-75,,99998,26.66807500,-81.799875000,0,12,1,0,1,1,1,0,1,1,0,1,0,0000000,16,53,17,3,99,99,0,0,0,1,0
12,120237,1,1,2,1,117,30,2,1,2010,7,12,16,9,99,9,MONTGOMERY ROAD,,99998,28.68720833,-81.402875000,0,33,0,0,1,1,4,0,1,1,0,1,0,0000000,99,99,99,99,99,99,0,0,0,1,0
12,120238,1,1,1,2,127,780,4,1,2010,2,18,48,0,13,3,SR-400,,99998,29.17241111,-81.035369440,0,8,0,0,1,1,1,0,3,1,0,1,0,0000000,99,99,99,99,99,99,0,0,0,1,0
12,120239,1,1,1,1,127,2190,19,1,2010,3,14,8,0,14,3,SR-44,FLAGLER AVE,99998,29.03858333,-80.902816670,0,9,0,0,2,2,1,1,1,1,0,1,0,0000000,99,99,99,99,99,99,0,0,0,1,0