STATE,ST_CASE,VE_TOTAL,VE_FORMS,PEDS,PERSONS,COUNTY,CITY,DAY,MONTH,YEAR,DAY_WEEK,HOUR,MINUTE,NHS,ROAD_FNC,ROUTE,TWAY_ID,TWAY_ID2,MILEPT,LATITUDE,LONGITUD,SP_JUR,HARM_EV,MAN_COLL,RELJCT1,RELJCT2,TYP_INT,REL_ROAD,WRK_ZONE,LGT_COND,WEATHER1,WEATHER2,WEATHER,SCH_BUS,RAIL,NOT_HOUR,NOT_MIN,ARR_HOUR,ARR_MIN,HOSP_HR,HOSP_MN,CF1,CF2,CF3,FATALS,DRUNK_DR
12,120240,2,2,0,2,11,1781,20,1,2010,4,23,22,0,13,2,US-441,,99998,26.16886667,-80.203144440,0,12,7,0,1,1,1,0,3,1,0,1,0,0000000,23,22,23,28,99,99,0,0,0,1,0
12,120241,4,4,0,8,11,2260,23,1,2010,7,21,55,0,14,3,SR-811,NE 56TH STREET,99998,26.19627222,-80.132450000,0,12,1,0,2,2,1,0,3,10,0,10,0,0000000,21,57,22,2,99,99,0,0,0,1,0
12,120242,2,2,0,4,9,2670,31,1,2010,1,18,32,0,13,3,SR-519,PLUCKEBAUM RD,99998,28.34556389,-80.742530560,0,12,2,0,2,3,1,0,3,1,0,1,0,0000000,99,99,99,99,99,99,0,0,0,1,0
12,120243,2,2,0,4,33,0,25,2,2010,5,12,22,1,13,2,US-29,W 9.5 MILE RD,99998,30.53324722,-87.276936110,0,12,6,0,2,2,1,0,1,1,0,1,0,0000000,12,28,12,38,99,99,0,0,0,1,0
12,120244,2,2,0,4,9,1896,26,2,2010,6,1,17,1,11,1,I-95,,99998,27.98932222,-80.624113890,0,12,1,0,1,1,1,4,2,1,0,1,0,0000000,1,18,1,24,99,99,3,0,0,2,1
12,120245,1,1,0,1,11,0,27,2,2010,7,3,20,1,12,3,SR-821,,99998,25.97247500,-80.251694440,0,30,0,0,1,1,4,0,3,10,0,10,0,0000000,3,25,3,35,88,88,0,0,0,1,1
12,120246,2,2,0,2,31,1510,27,2,2010,7,21,50,1,11,1,I-295,,99998,30.18936944,-81.651769440,0,12,7,0,1,1,1,0,3,1,0,1,0,0000000,21,52,21,59,88,88,0,0,0,1,0
12,120247,2,2,0,3,39,0,1,3,2010,2,20,38,1,2,2,US-27,,99998,30.59904722,-84.417441670,0,12,6,0,4,1,1,0,2,10,0,10,0,0000000,20,41,20,48,99,99,0,0,0,1,1
12,120248,1,1,1,2,9,0,1,3,2010,2,19,25,0,13,3,SR-A1A,WATERS EDGE LN,99998,28.11466389,-80.574452780,0,8,0,0,2,2,1,0,2,1,0,1,0,0000000,19,26,19,30,99,99,0,0,0,1,0
12,120249,1,1,0,1,33,0,5,3,2010,6,3,5,0,6,4,CR-97,,0,30.63883889,-87.384452780,0,24,0,0,1,1,4,0,2,1,0,1,0,0000000,3,8,3,25,88,88,0,0,0,1,1
12,120250,2,2,0,2,33,944,6,3,2010,7,9,57,0,14,2,US-90,HUMMINGBIRD BLVD,99998,30.48215556,-87.251825000,0,12,6,0,2,3,1,0,1,1,0,1,0,0000000,9,59,10,8,88,88,0,0,0,1,0
12,120251,1,1,0,1,35,2439,6,3,2010,7,1,15,0,13,3,SR-100,,99998,29.47553056,-81.218458330,0,33,0,0,1,1,3,0,2,1,0,1,0,0000000,99,99,99,99,88,88,0,0,0,1,1
12,120252,3,3,0,3,71,0,23,2,2010,3,10,40,0,6,4,CR-850,BELLA TERRA BLVD,0,26.45178056,-81.730200000,0,12,6,0,2,3,1,0,1,1,0,1,0,0000000,10,41,10,48,99,99,0,0,0,1,0
12,120253,1,1,0,5,57,2950,28,2,2010,1,3,13,1,11,1,I-275,,99998,27.95644444,-82.476147220,0,24,0,0,1,1,4,0,3,1,0,1,0,0000000,3,17,3,18,99,99,0,0,0,1,1
12,120254,2,2,0,2,57,0,1,3,2010,2,18,55,0,13,2,US-301,I-75,99998,27.90534167,-82.345077780,0,12,6,0,2,3,1,0,3,1,0,1,0,0000000,18,55,19,0,99,99,0,0,0,1,0
12,120255,1,1,1,1,95,0,9,3,2010,3,21,53,0,13,3,SR-50,ROUSE LAKE RD,99998,28.56795833,-81.216827780,0,8,0,0,3,2,1,0,2,1,0,1,0,0000000,21,53,21,59,99,99,0,0,0,1,0
12,120256,3,3,0,4,61,0,11,2,2010,5,12,36,0,3,4,8TH ST,82ND AVE,99998,27.61734444,-80.496138890,0,12,6,0,2,2,1,0,1,1,0,1,0,0000000,12,36,12,39,99,99,0,0,0,1,0
12,120257,2,2,0,2,115,0,15,2,2010,2,22,45,0,14,3,SR-758,SAWYER RD,99998,27.29875556,-82.489322220,0,12,6,0,2,2,1,0,3,1,0,1,0,0000000,22,45,22,49,99,99,0,0,0,1,0
12,120258,1,1,1,1,83,0,17,2,2010,4,17,0,0,3,3,SR-19,,99998,29.16964444,-81.643308330,0,8,0,0,1,1,2,0,1,1,0,1,0,0000000,17,5,17,23,88,88,0,0,0,1,0
12,120259,3,3,0,5,87,0,18,2,2010,5,15,57,1,2,2,US-1,,99998,24.69800556,-81.172936110,0,12,6,0,1,1,1,0,1,8,0,8,0,0000000,15,58,16,10,99,99,14,0,0,2,0
12,120260,2,2,0,6,83,0,18,2,2010,5,19,20,1,2,3,SR-40,,99998,29.16718889,-81.650777780,0,12,2,0,1,1,2,0,2,1,0,1,0,0000000,19,29,19,38,99,99,0,0,0,2,0
12,120261,1,1,1,1,117,0,19,2,2010,6,23,18,0,6,4,CR-46A,TOWNPARK AVENUE,0,28.78652778,-81.356372220,0,8,0,0,3,1,1,0,2,10,0,10,0,0000000,99,99,23,22,99,99,0,0,0,1,1
12,120262,1,1,0,1,127,0,20,2,2010,7,7,25,1,11,1,I-95,,99998,29.13225833,-81.061550000,0,42,0,0,1,1,3,0,4,1,0,1,0,0000000,7,28,7,34,99,99,0,0,0,1,1
12,120264,2,2,0,3,115,0,20,2,2010,7,8,40,0,6,4,WEBBER ST,LOCKWOOD RIDGE RD,0,27.30819444,-82.505313890,0,12,6,0,2,2,1,0,1,10,0,10,0,0000000,8,44,8,47,99,99,0,0,0,1,0
12,120265,3,3,0,3,95,0,20,2,2010,7,10,12,1,12,3,SR-91,,99998,28.54653611,-81.558505560,0,24,0,1,5,1,3,2,1,1,0,1,0,0000000,10,14,10,21,99,99,0,0,0,1,0
12,120266,1,1,1,2,95,0,21,2,2010,1,14,54,0,13,2,US-441,,99998,28.49776944,-81.396869440,0,15,0,0,1,1,1,0,1,1,0,1,0,0000000,99,99,14,56,99,99,0,0,0,1,0
12,120267,2,1,0,1,95,0,21,2,2010,1,1,25,0,6,4,YUCATAN DR,OXALIS DR,0,28.54356389,-81.301869440,0,43,0,0,3,6,4,0,3,1,0,1,0,0000000,1,26,1,32,99,99,0,0,0,1,0
12,120268,1,1,0,1,115,0,3,3,2010,4,7,15,1,1,1,I-75,,99998,27.21065278,-82.444561110,0,42,0,0,1,1,3,0,1,1,0,1,0,0000000,7,17,7,32,99,99,0,0,0,1,0
12,120269,1,1,1,1,83,0,22,2,2010,2,19,30,0,13,2,US-27,,99998,29.00630000,-82.005075000,0,8,0,0,1,1,1,0,2,10,0,10,0,0000000,6,52,6,57,88,88,18,0,0,1,0
12,120270,1,1,0,1,69,0,22,2,2010,2,12,56,0,6,4,CR-100,,0,28.90088056,-81.953591670,0,1,0,0,1,1,4,0,1,10,0,10,0,0000000,12,56,13,8,88,88,0,0,0,1,1
12,120271,1,1,0,1,69,0,23,2,2010,3,14,40,0,6,4,CR-42,,0,28.96136667,-81.577863890,0,24,0,0,1,1,4,0,1,1,0,1,0,0000000,14,44,14,50,88,88,0,0,0,1,1
12,120272,1,1,0,1,97,0,25,2,2010,5,18,1,0,13,2,US-192,,99998,28.24593889,-81.233866670,0,1,0,0,1,1,1,0,1,1,0,1,0,0000000,18,2,18,6,99,99,0,0,0,1,1
12,120273,3,3,0,3,99,1560,26,2,2010,6,20,1,1,11,1,I-95,,99998,26.93320000,-80.149997220,0,12,1,0,1,1,1,4,2,10,0,10,0,0000000,20,1,20,17,99,99,0,0,0,1,0
12,120274,2,2,0,4,71,1823,27,2,2010,7,1,30,0,16,6,CR-884,,0,26.61283889,-81.598111110,0,12,2,0,1,1,1,0,3,1,0,1,0,0000000,1,36,1,41,99,99,0,0,0,2,0
12,120275,1,1,0,3,83,0,27,2,2010,7,3,20,0,6,4,NW 115TH AVE,,0,29.25175278,-82.309483330,0,32,0,0,1,1,4,0,2,1,0,1,0,0000000,3,40,3,51,99,99,0,0,0,1,1
12,120276,1,1,0,1,83,0,28,2,2010,1,11,56,1,2,3,SR-40,,99998,29.21263611,-81.955808330,0,30,0,0,1,1,4,0,1,1,0,1,0,0000000,11,54,12,3,99,99,0,0,0,1,1
12,120277,1,1,0,1,83,0,1,3,2010,2,21,10,0,6,4,CR-42,,0,28.97317778,-81.682369440,0,11,0,0,1,1,1,0,2,1,0,1,0,0000000,21,18,21,22,99,99,0,0,0,1,0
12,120278,2,2,1,2,95,0,1,3,2010,2,14,10,0,13,3,SR-426,BALFOUR DRIVE,99998,28.60203333,-81.317502780,0,12,6,0,2,2,1,0,1,1,0,1,0,0000000,14,12,14,19,99,99,0,0,0,1,0
12,120279,1,1,0,1,127,817,1,3,2010,2,23,50,0,13,2,US-17,,99998,29.11201389,-81.349425000,0,38,0,0,1,1,4,0,2,1,0,1,0,0000000,23,52,23,57,88,88,0,0,0,1,1
12,120280,1,1,0,1,75,0,6,3,2010,7,5,25,0,6,4,CR-326,,0,29.29051667,-82.571955560,0,1,0,0,1,1,4,0,2,1,0,1,0,0000000,5,30,5,48,88,88,0,0,0,1,1
12,120281,1,1,0,1,83,0,7,3,2010,1,18,35,0,6,4,CR-464C,,0,29.08042778,-81.891061110,0,42,0,0,1,1,4,0,5,1,0,1,0,0000000,18,37,18,46,88,88,0,0,0,1,0
12,120282,2,2,0,4,97,0,9,3,2010,3,2,17,0,13,2,US-192,ARABIAN NIGHTS BLVD,99998,28.33291389,-81.531525000,0,12,1,0,2,3,1,0,3,1,0,1,0,0000000,2,18,2,25,99,99,0,0,0,1,1
12,120283,1,1,0,1,21,0,6,2,2010,7,22,55,0,6,4,NIGHT HAWK DR,STRADA MILAN LN,0,26.20449444,-81.739375000,0,33,0,0,3,3,4,0,3,10,0,10,0,0000000,22,55,23,4,99,99,0,0,0,1,1
12,120284,1,1,1,2,15,0,13,3,2010,7,20,51,0,13,2,US-17,MARLYMPIA WAY,99998,26.94245278,-82.032433330,0,9,0,0,2,3,1,0,3,10,0,10,0,0000000,99,99,99,99,99,99,0,0,0,1,0
12,120285,1,1,1,1,71,0,19,2,2010,6,19,9,0,13,3,SR-78,IXORA DR,99998,26.68252500,-81.879402780,0,8,0,0,2,2,1,0,2,1,0,1,0,0000000,19,9,19,16,88,88,0,0,0,1,0
12,120286,1,1,0,1,11,0,22,2,2010,2,12,17,1,12,3,SR-91,,99998,26.31011111,-80.169725000,0,25,0,0,1,1,3,0,1,1,0,1,0,0000000,12,20,12,31,88,88,0,0,0,1,0
12,120287,2,2,0,2,23,0,1,3,2010,2,23,53,1,1,1,I-10,,99998,30.25180278,-82.513502780,0,12,1,0,1,1,1,0,2,10,0,10,0,0000000,23,55,0,9,99,99,0,0,0,1,0
12,120288,1,1,1,1,35,0,5,3,2010,6,6,8,0,2,2,US-1,,99998,29.37808611,-81.182255560,0,8,0,0,1,1,1,0,2,1,0,1,0,0000000,6,10,6,17,88,88,0,0,0,1,0
12,120289,1,1,0,1,55,0,6,3,2010,7,3,20,0,6,4,PLACID VIEW DR,,0,27.23959167,-81.382711110,0,30,0,0,1,1,4,0,3,1,0,1,0,0000000,3,25,3,35,99,99,0,0,0,1,1
12,120290,3,3,0,5,86,844,13,3,2010,7,14,25,1,12,3,SR-826,,99998,25.81650278,-80.321341670,0,12,7,0,1,1,1,0,1,1,0,1,0,0000000,14,29,14,35,99,99,0,0,0,1,0
12,120291,1,1,0,1,21,0,15,3,2010,2,1,21,0,6,4,ORANGE BLOSSOM DR,,0,26.23283333,-81.779063890,0,41,0,0,1,1,3,0,3,1,0,1,0,0000000,1,24,1,26,88,88,0,0,0,1,1
12,120292,1,1,0,1,73,0,1,3,2010,2,3,24,0,6,4,LAKESHORE DR,NORTHSHORE CIRCLE,0,30.49875000,-84.302955560,0,34,0,0,2,3,4,0,2,1,0,1,0,0000000,3,28,3,34,88,88,0,0,0,1,1
12,120293,2,2,0,3,57,0,3,3,2010,4,11,25,0,13,2,US-301,SR-674,99998,27.71241944,-82.335055560,0,12,6,0,2,2,1,0,1,1,0,1,0,0000000,11,31,11,33,99,99,0,0,0,2,0
12,120294,2,2,0,2,71,0,9,3,2010,3,5,55,0,3,3,SR-82,BLACKSTONE DRIVE,99998,26.54810833,-81.640927780,0,12,6,0,2,2,1,0,4,1,0,1,0,0000000,5,57,6,6,88,88,0,0,0,1,0
12,120295,3,3,0,5,57,0,10,3,2010,4,21,40,0,13,3,SR-39,HOLLYWOOD ROAD,99998,27.95238889,-82.121097220,0,12,6,0,2,2,1,0,2,10,0,10,0,0000000,99,99,21,47,99,99,0,0,0,3,1
12,120296,2,2,0,5,57,0,12,3,2010,6,15,20,0,2,2,US-301,,99998,28.12932222,-82.234313890,0,12,6,0,1,1,1,0,1,2,0,2,0,0000000,15,23,15,35,99,99,0,0,0,1,0
12,120297,1,1,0,1,57,0,13,3,2010,7,7,10,1,11,1,I-75,,99998,27.72690833,-82.382902780,0,21,0,0,1,1,4,0,1,1,0,1,0,0000000,99,99,99,99,99,99,0,0,0,1,0
12,120298,1,1,0,1,75,0,13,3,2010,7,8,5,0,3,2,US-41,,99998,29.35160000,-82.455825000,0,53,0,0,1,1,4,0,1,1,0,1,0,0000000,8,8,8,13,88,88,0,0,0,1,0
12,120299,1,1,0,1,11,2916,21,2,2010,1,23,11,0,16,6,NW 94TH AVE,,0,26.17975278,-80.275830560,0,33,0,0,1,1,3,0,3,10,0,10,0,0000000,23,15,23,18,99,99,0,0,0,1,1
12,120300,1,1,1,2,11,1420,22,2,2010,2,19,6,0,12,6,HOLLYWOOD BLVD,,99998,26.01120833,-80.154872220,0,8,0,0,1,1,1,0,3,10,0,10,0,0000000,19,6,19,12,99,99,0,0,0,1,0
12,120301,1,1,0,1,86,0,24,2,2010,4,2,18,0,6,4,SW 303RD ST,,0,25.48589444,-80.452983330,0,42,0,0,1,1,4,0,2,1,0,1,0,0000000,2,19,2,25,99,99,0,0,0,1,1
12,120302,2,2,0,3,117,30,26,2,2010,6,20,3,0,13,3,SR-436,,99998,28.66336944,-81.350077780,0,12,6,0,1,1,1,0,3,1,0,1,0,0000000,20,4,20,7,99,99,0,0,0,1,0
12,120303,1,1,0,1,99,0,3,3,2010,4,18,5,0,14,4,HAVERHILL RD,COMMUNITY DR,99998,26.72117500,-80.118830560,0,1,0,0,3,3,2,0,5,10,0,10,0,0000000,18,7,18,12,88,88,0,0,0,1,0
12,120304,2,2,0,2,99,0,4,3,2010,5,18,5,0,12,4,MILITARY TRAIL,,99998,26.42473889,-80.122066670,0,12,1,0,1,1,1,0,5,1,0,1,0,0000000,18,45,18,51,99,99,0,0,0,1,0
12,120305,2,2,0,2,57,0,5,3,2010,6,14,40,0,6,4,19TH AVE NE,CYPRESS VILLAGE BLVD,0,27.73453611,-82.377391670,0,12,6,0,2,3,1,0,1,1,0,1,0,0000000,14,42,14,46,88,88,0,0,0,1,0
12,120306,1,1,1,1,57,0,7,3,2010,1,21,31,0,6,4,WATERS AVE,,0,28.02538611,-82.508955560,0,8,0,0,1,1,1,0,3,1,0,1,0,0000000,21,32,21,35,88,88,0,0,0,1,0
12,120307,3,3,0,6,61,0,26,2,2010,6,13,4,0,14,4,CR-607,8TH ST,99998,27.61645278,-80.413913890,0,12,6,0,2,2,1,0,1,1,0,1,0,0000000,99,99,99,99,99,99,0,0,0,1,0
12,120308,1,1,1,1,115,0,1,3,2010,2,19,55,0,6,4,TUTTLE AVE,,0,27.30687500,-82.514136110,0,8,0,0,1,1,1,0,2,1,0,1,0,0000000,19,58,20,2,88,88,0,0,0,1,0
12,120309,1,1,0,1,127,0,6,3,2010,7,17,50,1,1,1,I-4,,99998,29.01834722,-81.223383330,0,5,0,0,1,1,1,0,1,1,0,1,0,0000000,17,54,18,1,88,88,0,0,0,1,0
12,120310,1,1,0,1,103,0,6,3,2010,7,19,15,1,11,2,US-19,,99998,27.70890278,-82.679152780,0,38,0,0,1,1,4,0,3,1,0,1,0,0000000,19,21,19,28,88,88,0,0,0,1,1
12,120311,1,1,0,1,127,0,7,3,2010,1,14,52,0,6,4,ENTERPRISE OSTEEN RD,,0,28.85536389,-81.209380560,0,1,0,0,1,1,4,0,1,1,0,1,0,0000000,14,56,15,4,99,99,0,0,0,1,1
12,120312,2,2,0,5,91,0,7,3,2010,1,14,5,1,13,2,US-98,,99998,30.41013889,-86.790897220,0,12,1,0,1,1,1,0,1,1,0,1,0,0000000,14,9,14,23,88,88,0,0,0,1,0
12,120313,2,2,0,3,83,0,7,3,2010,1,13,30,0,6,4,CR-200A,,0,29.23012500,-82.120141670,0,12,2,0,1,1,1,0,1,1,0,1,0,0000000,13,32,13,36,99,99,0,0,0,1,0
12,120314,1,1,0,1,81,0,7,3,2010,1,4,5,1,2,3,SR-70 EAST,,99998,27.37444444,-82.224350000,0,34,0,0,1,1,4,0,2,1,0,1,0,0000000,4,9,4,20,88,88,0,0,0,1,1
12,120315,1,1,1,1,95,0,10,3,2010,4,5,37,0,6,4,BOGGY CREEK ROAD,,0,28.35678056,-81.309733330,0,8,0,0,1,1,1,0,2,1,0,1,0,0000000,5,39,5,48,88,88,0,0,0,1,0
12,120316,1,1,0,1,81,0,10,3,2010,4,13,10,1,11,1,I-75,,99998,27.40674722,-82.453616670,0,1,0,0,1,1,4,0,1,1,0,1,0,0000000,13,11,13,17,99,99,0,0,0,1,0
12,120317,1,1,0,1,81,0,11,3,2010,5,0,45,0,6,4,SINGLETARY ROAD,,0,27.35053889,-82.250952780,0,30,0,0,1,1,4,0,2,1,0,1,0,0000000,0,48,1,8,88,88,0,0,0,1,0
12,120318,1,1,0,2,131,0,11,3,2010,5,7,0,1,1,1,I-10,,99998,30.70062778,-85.971352780,0,42,0,0,1,1,3,0,1,2,0,2,0,0000000,7,12,7,23,88,88,5,0,0,2,0
12,120319,4,4,0,7,119,0,13,3,2010,7,18,53,0,6,4,CR-476,,0,28.64460000,-82.184527780,0,12,2,0,1,1,1,0,2,10,0,10,0,0000000,18,53,19,0,99,99,0,0,0,4,3
12,120320,1,1,0,4,131,0,13,3,2010,7,18,12,1,2,2,US-331,,99998,30.89810000,-86.281641670,0,1,0,0,1,1,2,0,2,1,0,1,0,0000000,18,15,18,26,99,99,0,0,0,1,0
12,120321,1,1,0,1,103,0,13,3,2010,7,14,35,0,14,3,SR-686,,99998,27.91620278,-82.709611110,0,33,0,0,1,1,4,0,1,1,0,1,0,0000000,99,99,99,99,99,99,0,0,0,1,0
12,120322,1,1,1,1,95,0,14,3,2010,1,21,47,0,15,3,SR-482,,99998,28.45101389,-81.477741670,0,8,0,0,1,1,1,0,2,1,0,1,0,0000000,21,49,21,55,99,99,0,0,0,1,0
12,120323,2,2,0,3,31,1510,6,3,2010,7,13,25,0,13,2,US-17,N OCEAN ST,99998,30.33203056,-81.655261110,0,12,6,0,2,2,1,0,1,1,0,1,0,0000000,99,99,99,99,99,99,0,0,0,1,1
12,120324,4,4,0,8,21,0,11,3,2010,5,13,29,0,13,2,US-41,99TH AVE N,99998,26.26151389,-81.801466670,0,12,1,0,2,2,1,0,1,10,0,10,0,0000000,99,99,99,99,99,99,0,0,0,1,0
12,120325,2,2,0,3,86,0,27,2,2010,7,20,37,0,6,4,SW 122ND AVE,SW 24TH TERR,0,25.74601667,-80.392177780,0,12,6,0,2,3,1,0,3,1,0,1,0,0000000,20,37,20,42,99,99,0,0,0,1,0
12,120326,2,2,0,2,57,0,28,2,2010,1,4,7,0,6,4,EHRLICH RD,,0,28.08468611,-82.510102780,0,12,1,0,1,1,1,0,3,1,0,1,0,0000000,4,8,4,12,88,88,0,0,0,1,1
12,120327,1,1,0,3,101,0,12,2,2010,6,17,35,1,1,1,I-75,,99998,28.35401667,-82.320041670,0,42,0,0,1,1,4,0,1,2,0,2,0,0000000,17,35,17,47,99,99,0,0,0,1,0
12,120328,1,1,1,1,101,0,18,2,2010,5,18,34,0,13,2,US-301,,99998,28.21079167,-82.182130560,0,9,0,0,1,1,1,0,5,1,0,1,0,0000000,18,34,18,40,99,99,0,0,0,1,0
12,120329,1,1,1,1,61,0,26,2,2010,6,21,10,1,1,1,I-95,,99998,27.70875833,-80.542144440,0,8,0,0,1,1,1,0,2,1,0,1,0,0000000,21,11,21,23,88,88,0,0,0,1,0
12,120330,1,1,0,3,86,0,28,2,2010,1,7,10,1,12,3,SR-821,,99998,25.69082500,-80.388916670,0,24,0,0,1,1,4,0,1,1,0,1,0,0000000,99,99,7,20,99,99,0,0,0,2,1
12,120331,1,1,0,1,15,0,3,3,2010,4,14,0,1,2,2,US-17,PALM SHORES RD,99998,27.00605556,-81.958502780,0,34,0,0,3,2,4,0,1,1,0,1,0,0000000,14,2,14,8,99,99,0,0,0,1,0
12,120332,1,1,0,1,95,0,3,3,2010,4,20,50,0,16,6,PLYMOUTH SORRENTO RD,,0,28.52964722,-81.579688890,0,42,0,0,1,1,4,0,3,1,0,1,0,0000000,99,99,99,99,88,88,0,0,0,1,1
12,120333,1,1,1,6,31,1510,4,3,2010,5,18,30,1,12,2,US-1,,99998,30.32757500,-81.636722220,0,8,0,1,5,1,1,0,1,1,0,1,0,0000000,99,99,99,99,99,99,0,0,0,1,0
12,120334,1,1,0,1,117,0,7,3,2010,1,11,8,0,2,3,SR-46,COCHRAN RD,99998,28.74330278,-81.126222220,0,1,0,0,3,2,1,0,1,1,0,1,0,0000000,11,11,11,12,99,99,0,0,0,1,0
12,120335,1,1,1,2,127,0,7,3,2010,1,21,58,1,1,1,I-4,,99998,29.07353611,-81.178836110,0,8,0,0,1,1,1,0,2,1,0,1,0,0000000,21,59,22,3,99,99,0,0,0,1,0
12,120336,1,1,0,57,39,0,8,3,2010,2,15,9,0,6,4,CR-269A,,0,30.67456667,-84.822455560,0,42,0,0,1,1,4,0,1,1,0,1,1,0000000,15,12,15,19,99,99,0,0,0,1,0
12,120337,1,1,0,1,121,0,8,3,2010,2,23,50,0,6,4,41ST RD,,0,29.94675278,-82.826902780,0,35,0,0,1,1,4,0,2,1,0,1,0,0000000,23,54,0,7,88,88,0,0,0,1,1
12,120338,2,2,0,2,85,0,11,3,2010,5,5,49,1,2,3,SR-710,,99998,27.06693056,-80.538358330,0,12,6,0,8,1,1,0,2,10,0,10,0,0000000,5,51,6,0,88,88,0,0,0,1,0
12,120339,3,3,0,4,109,0,12,3,2010,6,11,54,0,13,2,US-1,,99998,29.95246111,-81.342363890,0,12,1,0,1,1,1,0,1,2,0,2,0,0000000,11,54,12,1,99,99,0,0,0,1,1
12,120340,1,1,0,2,37,0,13,3,2010,7,13,18,0,2,2,US-98,,99998,29.89641944,-84.560716670,0,16,0,0,1,1,1,0,1,6,0,6,0,0000000,13,20,13,43,88,88,0,0,0,2,0
12,120341,1,1,1,3,13,0,14,3,2010,1,19,5,0,3,3,SR-71,,99998,30.26397778,-85.183802780,0,8,0,0,1,1,1,0,2,1,0,1,0,0000000,19,9,19,19,88,88,0,0,0,1,0
12,120342,1,1,0,2,75,0,14,3,2010,1,21,13,0,6,4,CR-323,CR-322,0,29.33033333,-82.438800000,0,1,0,0,3,3,2,0,2,10,0,10,0,0000000,21,36,21,40,99,99,0,0,0,1,1
12,120343,2,2,0,2,23,0,14,3,2010,1,0,13,0,2,2,US-441,,99998,30.33777222,-82.624069440,0,12,2,0,1,1,1,0,2,10,0,10,0,0000000,0,16,0,28,88,88,0,0,0,1,1
12,120344,2,2,0,3,73,0,14,3,2010,1,18,20,0,6,4,TRAM RD,,0,30.37033889,-84.105705560,0,53,0,0,1,1,4,0,1,1,0,1,0,0000000,18,23,18,33,99,99,0,0,0,3,0
12,120345,2,2,0,2,101,0,15,3,2010,2,22,32,0,6,4,MADISON ST,MOOG RD,0,28.20984444,-82.715361110,0,12,6,0,2,2,1,0,3,10,0,10,0,0000000,22,32,22,38,99,99,0,0,0,1,0
12,120346,2,2,0,3,3,0,15,3,2010,2,0,10,1,1,1,I-10,,99998,30.27978611,-82.058366670,0,12,1,0,1,1,1,0,2,1,0,1,0,0000000,0,12,0,18,88,88,0,0,0,2,0
12,120347,1,1,1,2,33,0,16,3,2010,3,21,10,0,16,6,CR-95A,,0,30.55984167,-87.285925000,0,8,0,0,1,1,1,0,2,1,0,1,0,0000000,21,12,21,28,88,88,0,0,0,1,0
12,120348,1,1,0,1,21,0,16,3,2010,3,1,29,0,2,3,SR-29,,99998,26.49581111,-81.434913890,0,1,0,0,1,1,2,0,2,1,0,1,0,0000000,1,34,1,45,88,88,0,0,0,1,1
12,120350,1,1,0,2,93,0,18,3,2010,5,0,30,0,14,3,SR-78,,99998,27.19590000,-80.834708330,0,38,0,0,1,1,4,0,2,1,0,1,0,0000000,0,35,0,42,99,99,0,0,0,1,0
12,120351,3,3,0,7,95,0,18,3,2010,5,20,54,0,6,4,OAK RIDGE ROAD,,0,28.47243889,-81.408680560,0,12,2,0,1,1,1,0,3,10,0,10,0,0000000,20,56,20,59,99,99,0,0,0,1,0
12,120352,2,2,0,3,117,0,18,3,2010,5,14,5,0,13,3,SR-46,,99998,28.81138611,-81.358002780,0,12,1,0,1,1,1,0,1,10,0,10,0,0000000,14,5,14,7,99,99,0,0,0,1,0
12,120353,2,1,0,1,9,0,19,3,2010,6,3,19,0,6,4,BRANDYWINE LANE,,0,28.06588333,-80.699505560,0,53,0,0,1,1,4,0,2,1,0,1,0,0000000,99,99,3,27,88,88,0,0,0,1,1
12,120354,1,1,0,1,119,0,19,3,2010,6,21,30,0,6,4,CR-702,,0,28.65350833,-81.965508330,0,1,0,0,1,1,4,0,2,1,0,1,0,0000000,21,40,21,55,99,99,0,0,0,1,0
12,120355,1,1,0,3,95,0,20,3,2010,7,19,12,0,6,4,PAMLICO ST,,0,28.59250000,-81.278388890,0,5,0,0,1,1,1,0,1,1,0,1,0,0000000,19,13,19,22,99,99,0,0,0,1,0
12,120356,1,1,1,1,33,0,21,3,2010,1,20,49,0,13,2,US-90,,99998,30.43907778,-87.280975000,0,8,0,0,1,1,1,0,2,1,0,1,0,0000000,20,49,21,0,88,88,0,0,0,1,0
12,120357,1,1,0,1,23,0,21,3,2010,1,2,15,0,14,2,US-90,,99998,30.18625278,-82.602866670,0,33,0,0,1,1,4,0,2,10,0,10,0,0000000,2,21,2,29,88,88,0,0,0,1,1
12,120359,3,3,0,3,95,0,22,2,2010,2,6,50,0,6,4,UNIVERSITY BLVD,,0,28.60032778,-81.273997220,0,12,6,0,1,1,1,0,1,10,0,10,0,0000000,6,53,6,55,99,99,0,0,0,1,0
12,120360,1,1,0,2,11,672,4,2,2010,5,8,6,1,12,3,SR-869,,99998,26.23484167,-80.296088890,0,24,0,0,1,1,4,0,1,1,0,1,0,0000000,8,8,8,12,99,99,0,0,0,1,0
12,120361,3,3,0,3,127,780,6,3,2010,7,0,45,0,13,3,SR-600,,99998,29.21393611,-81.016950000,0,24,0,0,1,1,4,0,3,1,0,1,0,0000000,0,45,0,45,88,88,0,0,0,1,0
12,120362,1,1,1,1,103,2530,14,3,2010,1,0,45,0,13,3,SR-694,,99998,27.83928611,-82.704202780,0,8,0,0,1,1,1,0,3,10,0,10,0,0000000,0,45,0,48,99,99,0,0,0,1,1