STATE,ST_CASE,VE_TOTAL,VE_FORMS,PEDS,PERSONS,COUNTY,CITY,DAY,MONTH,YEAR,DAY_WEEK,HOUR,MINUTE,NHS,ROAD_FNC,ROUTE,TWAY_ID,TWAY_ID2,MILEPT,LATITUDE,LONGITUD,SP_JUR,HARM_EV,MAN_COLL,RELJCT1,RELJCT2,TYP_INT,REL_ROAD,WRK_ZONE,LGT_COND,WEATHER1,WEATHER2,WEATHER,SCH_BUS,RAIL,NOT_HOUR,NOT_MIN,ARR_HOUR,ARR_MIN,HOSP_HR,HOSP_MN,CF1,CF2,CF3,FATALS,DRUNK_DR
12,120363,1,1,0,2,51,600,20,3,2010,7,16,22,0,6,4,WEST FEEDER CANAL RD,,0,26.32541111,-80.998183330,0,1,0,0,1,1,2,0,1,1,0,1,0,0000000,16,29,16,37,99,99,0,0,0,1,0
12,120364,1,1,0,3,115,2235,20,3,2010,7,17,31,0,16,6,LANGLAIS DR,,0,27.06033889,-82.081797220,0,1,0,0,1,1,1,0,1,1,0,1,0,0000000,99,99,17,34,99,99,0,0,0,1,0
12,120365,1,1,1,1,95,2360,19,3,2010,6,20,20,0,13,3,SR-527,,99998,28.50746944,-81.376263890,0,9,0,0,1,1,1,0,3,1,0,1,0,0000000,20,22,20,26,99,99,0,0,0,1,0
12,120366,2,2,0,3,81,0,21,3,2010,1,14,10,1,13,3,SR-70,87TH STREET E,99998,27.43878889,-82.451430560,0,12,6,0,2,2,1,0,1,2,0,2,0,0000000,14,13,14,15,99,99,0,0,0,1,0
12,120367,2,2,0,4,127,2190,28,2,2010,1,16,34,0,13,3,SR-A1A,,99998,29.02724167,-80.890375000,0,12,6,0,1,1,1,0,1,1,0,1,0,0000000,16,34,16,37,99,99,0,0,0,1,0
12,120368,2,2,0,3,99,0,6,3,2010,7,5,27,1,2,2,US-27,,99998,26.66551389,-80.716691670,0,12,1,0,1,1,1,0,2,1,0,1,0,0000000,5,36,5,46,88,88,0,0,0,2,1
12,120369,2,2,0,2,15,0,10,3,2010,4,8,16,0,3,3,SR-776,WILMINGTON BLVD,99998,26.93457222,-82.301800000,0,12,8,0,2,2,1,0,1,1,0,1,0,0000000,8,18,8,26,99,99,0,0,0,1,0
12,120370,1,1,1,1,57,0,15,3,2010,2,23,45,0,13,3,SR-580,,99998,27.99653056,-82.567583330,0,8,0,0,1,1,1,0,3,1,0,1,0,0000000,99,99,99,99,99,99,0,0,0,1,0
12,120371,1,1,0,1,57,0,21,3,2010,1,3,28,1,1,1,I-75,,99998,27.93866389,-82.329997220,0,59,0,1,5,1,4,0,3,1,0,1,0,0000000,3,35,3,43,99,99,0,0,0,1,1
12,120372,1,1,0,1,83,0,22,3,2010,2,7,50,0,6,4,CR-336,,0,29.06356111,-82.522730560,0,42,0,0,1,1,4,0,1,10,0,10,0,0000000,7,57,8,2,88,88,0,0,0,1,0
12,120373,2,2,0,4,51,0,26,3,2010,6,7,24,1,2,3,SR-80,SR-80,99998,26.75385000,-81.081161110,0,12,6,0,2,3,1,0,1,10,0,10,0,0000000,99,99,99,99,99,99,0,0,0,1,0
12,120374,1,1,0,1,113,0,28,3,2010,1,0,26,0,14,2,US-90,SR-87,99998,30.63493889,-86.972344440,0,33,0,0,2,2,3,0,2,1,0,1,0,0000000,1,11,1,15,88,88,0,0,0,1,1
12,120375,2,2,0,33,55,0,22,2,2010,2,14,15,1,2,2,US-27,LYKES RD,99998,27.35511111,-81.388994440,0,12,6,0,2,2,1,0,1,1,0,1,0,0000000,14,16,14,23,99,99,0,0,0,5,0
12,120376,1,1,1,1,81,0,22,2,2010,2,19,55,0,6,4,26TH ST W,,0,27.44291944,-82.587650000,0,8,0,0,8,1,1,0,2,10,0,10,0,0000000,20,0,20,3,99,99,0,0,0,1,0
12,120377,1,1,1,1,57,2950,12,3,2010,6,2,40,0,13,3,SR-60,,99998,27.95224444,-82.386988890,0,8,0,0,1,1,1,0,3,2,0,2,0,0000000,2,45,2,55,88,88,0,0,0,1,0
12,120378,1,1,1,1,86,0,16,3,2010,3,6,50,0,14,3,SR-860,NW 48TH PLACE,99998,25.93968611,-80.281355560,0,8,0,0,3,3,1,0,3,1,0,1,0,0000000,7,0,7,7,99,99,0,0,0,1,0
12,120379,1,1,0,2,21,0,21,3,2010,1,0,47,0,2,2,US-41,CR-92,99998,25.99431111,-81.592683330,0,30,0,0,3,1,4,0,3,1,0,1,0,0000000,0,51,1,3,99,99,0,0,0,1,1
12,120380,1,1,1,1,95,2360,14,2,2010,1,23,3,0,16,6,CONROY RD,S KIRKMAN RD,0,28.49389444,-81.461272220,0,8,0,0,3,1,1,0,3,1,0,1,0,0000000,23,3,23,3,99,99,0,0,0,1,0
12,120381,2,2,0,2,105,0,1,2,2010,2,18,40,0,13,2,US-17,NINETY ONE MINE RD,99998,27.94400833,-81.798213890,0,12,6,0,2,2,1,0,3,2,0,2,0,0000000,18,42,18,44,99,99,0,0,0,1,1
12,120382,1,1,1,1,123,2510,4,3,2010,5,19,37,0,13,2,US-221,CHURCH ST,99998,30.10592500,-83.579402780,0,9,0,0,2,3,1,0,3,1,0,1,0,0000000,19,39,19,41,88,88,0,0,0,1,0
12,120383,2,2,0,2,11,2468,8,3,2010,2,10,30,0,13,3,SR-823,,99998,26.02452500,-80.312252780,0,12,7,0,1,1,1,0,1,1,0,1,0,0000000,10,31,10,37,99,99,0,0,0,1,0
12,120384,1,1,0,1,31,1510,9,3,2010,3,14,18,0,16,6,12194 ACREE RD,,0,30.46260278,-81.833350000,0,30,0,0,1,1,4,0,1,1,0,1,0,0000000,16,18,16,25,99,99,0,0,0,1,1
12,120385,2,2,0,3,95,0,10,3,2010,4,12,50,0,14,3,SR-15,,99998,28.50802222,-81.331025000,0,12,2,0,1,1,1,0,1,1,0,1,0,0000000,12,51,12,53,99,99,0,0,0,1,0
12,120386,2,2,0,2,127,0,11,3,2010,5,20,31,0,13,2,US-17,MERCERS FERNERY RD,99998,29.06466111,-81.304616670,0,12,6,0,2,2,1,0,2,10,0,10,0,0000000,20,33,20,35,99,99,0,0,0,1,0
12,120387,1,1,1,1,87,1568,13,3,2010,7,2,11,1,13,2,US-1,TARPON BASIN DRIVE,99998,25.11328889,-80.423022220,0,8,0,0,2,2,1,0,2,1,0,1,0,0000000,2,11,2,16,88,88,0,0,0,1,0
12,120388,2,2,0,4,31,1510,18,3,2010,5,20,30,0,14,3,SR-116,,99998,30.35244444,-81.546938890,0,1,0,0,1,1,4,0,3,1,0,1,0,0000000,20,30,20,38,99,99,0,0,0,2,1
12,120389,1,1,0,2,111,1080,18,3,2010,5,0,59,0,6,4,2100 BLOCK S INDIAN,,0,27.42429167,-80.315036110,0,31,0,0,1,1,4,0,3,1,0,1,0,0000000,0,59,1,5,99,99,0,0,0,1,1
12,120390,1,1,1,1,57,0,19,3,2010,6,6,50,0,13,2,US-301,E FOWLER AVENUE,99998,28.05342500,-82.332219440,0,9,0,0,2,3,1,0,2,10,0,10,0,0000000,6,50,6,56,88,88,0,0,0,1,0
12,120391,1,1,1,3,127,0,20,3,2010,7,14,40,0,6,4,S OCEAN BEACH,,0,29.32880833,-81.057605560,0,8,0,0,1,1,1,0,1,1,0,1,0,0000000,14,42,14,45,88,88,0,0,0,1,0
12,120392,1,1,0,2,99,330,20,3,2010,7,5,10,1,11,1,I-95,,99998,26.52176944,-80.072833330,0,31,0,0,1,1,4,0,3,10,0,10,0,0000000,5,11,5,15,99,99,0,0,0,1,1
12,120393,1,1,1,1,11,771,20,3,2010,7,2,47,0,13,2,US-441,,99998,26.07872778,-80.204605560,0,8,0,0,1,1,2,0,6,1,0,1,0,0000000,2,47,2,50,88,88,0,0,0,1,0
12,120394,3,3,0,5,99,290,21,3,2010,1,0,15,1,11,1,I-95,,99998,26.40460278,-80.089805560,0,12,7,0,1,1,1,0,3,10,0,10,0,0000000,0,16,0,24,99,99,0,0,0,1,1
12,120395,1,1,0,1,99,0,24,3,2010,4,10,35,1,2,2,US-27,,99998,26.61308611,-80.712261110,0,1,0,0,1,1,2,0,1,1,0,1,0,0000000,10,39,11,2,88,88,0,0,0,1,0
12,120396,1,1,0,1,71,0,24,3,2010,4,10,55,0,6,4,BASS RD,,0,26.50547778,-81.911069440,0,31,0,0,1,1,3,0,1,1,0,1,0,0000000,10,56,10,58,99,99,0,0,0,1,0
12,120397,2,2,0,4,101,0,25,3,2010,5,21,50,0,6,4,CONGRESS ST,,0,28.27640000,-82.707244440,0,12,8,0,1,1,1,0,2,2,0,2,0,0000000,21,51,21,57,99,99,0,0,0,1,0
12,120398,1,1,0,5,81,0,25,3,2010,5,23,29,1,1,1,I-75,,99998,27.61213611,-82.491713890,0,42,0,0,1,1,4,0,2,2,0,2,0,0000000,23,29,23,46,99,99,0,0,0,1,0
12,120399,2,2,0,2,35,0,25,3,2010,5,3,30,0,2,2,US-1,PLANTATION BAY DR,99998,29.40687222,-81.196808330,0,12,6,0,2,3,1,0,2,1,0,1,0,0000000,3,44,3,49,88,88,0,0,0,1,1
12,120400,1,1,0,1,107,0,26,3,2010,6,2,50,0,3,3,SR-100,,99998,29.73257500,-81.958094440,0,38,0,0,1,1,4,0,2,10,0,10,0,0000000,2,59,3,3,88,88,0,0,0,1,1
12,120401,1,1,0,4,63,0,27,3,2010,7,0,46,1,1,1,I-10,,99998,30.63548056,-84.908338890,0,1,0,0,1,1,3,0,2,10,0,10,0,0000000,99,99,0,56,99,99,0,0,0,1,0
12,120402,1,1,0,1,9,2424,27,3,2010,7,22,17,0,16,6,875 NE EMERSON DR,,0,28.01609167,-80.645900000,0,39,0,0,1,1,4,0,3,1,0,1,0,0000000,22,17,22,22,99,99,0,0,0,1,0
12,120403,2,1,0,1,83,0,27,3,2010,7,5,0,0,16,6,CR-314,,0,29.27543611,-81.881194440,0,14,0,0,1,1,2,0,2,1,0,1,0,0000000,5,9,5,21,88,88,0,0,0,1,0
12,120404,3,3,0,4,131,0,29,3,2010,2,8,10,1,2,2,US-331,,99998,30.65369444,-86.115730560,0,12,6,0,1,1,1,0,1,10,0,10,0,0000000,8,10,8,14,99,99,0,0,0,1,0
12,120405,2,2,0,5,11,1050,18,2,2010,5,22,15,0,13,3,SR-845,NW 9TH AVE,99998,26.15158333,-80.154497220,0,12,1,0,2,2,1,0,3,1,0,1,0,0000000,22,16,22,18,99,99,0,0,0,1,0
12,120406,1,1,1,1,9,0,19,2,2010,6,22,42,0,13,2,US-1,,99998,28.44054722,-80.762600000,0,8,0,0,1,1,1,0,2,1,0,1,0,0000000,22,43,22,48,88,88,0,0,0,1,0
12,120407,1,1,0,2,69,0,19,2,2010,6,19,36,0,6,4,CR-42,,0,29.00841389,-81.408205560,0,42,0,0,1,1,4,0,2,1,0,1,0,0000000,99,99,99,99,99,99,0,0,0,2,0
12,120408,2,2,0,9,86,2010,20,2,2010,7,2,30,1,11,1,I-395,,99998,25.78721389,-80.181369440,0,12,6,0,1,1,1,0,3,10,0,10,0,0000000,2,32,2,36,99,99,0,0,0,1,0
12,120409,3,3,0,4,86,0,11,3,2010,5,5,37,0,6,4,NW 32ND AVE,NW 88TH ST,0,25.85464722,-80.250261110,0,12,8,0,3,2,1,0,3,1,0,1,0,0000000,5,37,5,43,99,99,0,0,0,1,1
12,120410,2,2,0,2,11,771,13,3,2010,7,16,27,0,13,3,SR-817,,99998,26.07649444,-80.252025000,0,12,6,0,8,1,1,0,1,1,0,1,0,0000000,16,27,16,33,88,88,0,0,0,1,1
12,120411,2,2,0,5,71,1070,13,3,2010,7,17,50,0,16,6,PRINCE ST,,0,26.63284722,-81.854577780,0,12,6,0,4,1,1,0,1,1,0,1,0,0000000,17,53,17,58,99,99,0,0,0,1,0
12,120412,2,2,0,3,23,0,18,3,2010,5,11,25,0,14,2,US-90,NW HALL OF FAME DR,99998,30.17949444,-82.694858330,0,12,6,0,2,3,1,0,1,1,0,1,0,0000000,11,31,11,34,99,99,0,0,0,1,0
12,120413,1,1,0,2,86,0,19,3,2010,6,3,20,0,6,4,NE 6TH AVE,NW 152ND ST,0,25.91413889,-80.209727780,0,42,0,0,3,1,5,0,2,1,0,1,0,0000000,3,22,3,29,88,88,0,0,0,2,0
12,120414,1,1,0,2,23,0,20,3,2010,7,18,1,0,6,4,SW BARWICK TERRACE,,0,30.15525833,-82.739688890,0,42,0,0,1,1,4,0,1,1,0,1,0,0000000,18,1,18,8,99,99,0,0,0,1,0
12,120416,2,2,0,2,83,0,23,3,2010,3,11,50,0,13,2,US-441,SE 135TH STREET,99998,29.02583056,-82.019344440,0,12,6,0,2,3,1,0,1,1,0,1,0,0000000,11,53,11,56,88,88,0,0,0,1,0
12,120417,2,1,0,1,101,0,25,3,2010,5,21,20,0,6,4,ALPINE PRKWY,,0,28.32878889,-82.688422220,0,53,0,0,1,1,4,0,3,2,0,2,0,0000000,21,21,21,29,99,99,14,0,0,1,1
12,120418,3,3,2,1,11,1420,26,3,2010,6,4,18,1,11,1,I-95,,99998,26.03031944,-80.164938890,0,12,6,0,1,1,1,0,3,2,0,2,0,0000000,4,20,4,25,99,99,19,0,0,1,0
12,120419,2,2,0,2,11,1782,29,3,2010,2,22,59,0,13,3,SR-817,,99998,26.18828333,-80.251855560,0,12,1,0,1,1,1,0,3,1,0,1,0,0000000,22,59,23,3,88,88,0,0,0,1,0
12,120420,1,1,0,3,51,0,27,3,2010,7,23,38,0,6,4,CR-832,,0,26.60276389,-81.348094440,0,34,0,0,1,1,4,0,2,1,0,1,0,0000000,23,38,23,50,99,99,0,0,0,1,1
12,120421,3,3,0,3,31,1510,29,3,2010,2,7,0,1,11,1,I-10,,99998,30.32039167,-81.690797220,0,12,1,0,1,1,1,4,4,10,0,10,0,0000000,7,7,7,11,99,99,0,0,0,1,0
12,120422,2,2,0,4,97,0,31,3,2010,4,3,25,0,2,2,US-192,,99998,28.21699167,-81.177169440,0,12,2,0,1,1,1,0,2,1,0,1,0,0000000,3,29,3,37,99,99,0,0,0,1,1
12,120423,1,1,1,1,95,0,1,4,2010,5,13,35,0,6,4,BIG PINE RD,,0,28.41056667,-81.558058330,0,9,0,0,1,1,1,0,1,1,0,1,0,0000000,13,36,13,43,88,88,0,0,0,1,0
12,120424,2,2,0,2,95,0,2,4,2010,6,0,31,0,6,4,CR-419,CYPRESS LAKE GLEN BL,0,28.56716389,-81.127330560,0,12,6,0,2,3,1,0,3,1,0,1,0,0000000,0,32,0,37,88,88,0,0,0,1,1
12,120425,1,1,0,3,63,0,3,4,2010,7,7,40,0,6,4,BEVIS RD,,0,30.96068333,-85.147444440,0,42,0,0,1,1,4,0,1,10,0,10,0,0000000,7,43,7,58,88,88,0,0,0,3,0
12,120426,1,1,1,2,99,1559,4,4,2010,1,6,30,0,16,6,CR-A1A,,0,26.87812500,-80.053038890,0,8,0,0,1,1,1,0,3,1,0,1,0,0000000,6,46,7,0,99,99,0,0,0,1,0
12,120427,2,2,0,2,101,0,19,2,2010,6,8,47,1,13,2,US-19,SALT SPRINGS ROAD,99998,28.28904722,-82.712158330,0,12,6,0,2,3,1,0,1,1,0,1,0,0000000,8,51,8,56,88,88,0,0,0,1,1
12,120428,1,1,0,1,9,3175,25,2,2010,5,23,2,0,16,6,CR-509,FLANAGAN AVENUE,0,28.05732222,-80.671233330,0,43,0,0,2,3,3,0,2,1,0,1,0,0000000,23,3,23,6,88,88,0,0,0,1,1
12,120429,1,1,1,2,127,787,5,3,2010,6,23,34,0,16,6,W HIGHBANKS ROAD,,0,28.89017222,-81.331822220,0,9,0,0,1,1,1,0,3,1,0,1,0,0000000,23,37,23,40,99,99,0,0,0,1,0
12,120430,1,1,0,3,81,340,12,3,2010,6,19,20,0,14,3,SR-64 W,,99998,27.49585278,-82.609216670,0,33,0,0,1,1,4,0,3,10,0,10,0,0000000,99,99,99,99,99,99,0,0,0,1,1
12,120431,1,1,1,2,86,0,14,3,2010,1,20,5,0,6,4,SW 24TH STREET,,0,25.74717222,-80.351558330,0,8,0,0,1,1,1,0,3,1,0,1,0,0000000,20,5,20,6,99,99,0,0,0,1,0
12,120432,2,2,0,2,121,0,18,3,2010,5,23,4,0,6,4,CR-136,,0,30.29008889,-83.129433330,0,12,6,0,1,1,1,0,2,1,0,1,0,0000000,23,6,23,11,88,88,0,0,0,1,0
12,120433,1,1,0,1,113,0,25,3,2010,5,13,0,0,3,3,SR-4,,99998,30.85433333,-86.831966670,0,34,0,0,1,1,4,0,1,2,0,2,0,0000000,13,2,13,14,99,99,0,0,0,1,0
12,120434,1,1,1,1,115,0,29,3,2010,2,4,28,0,13,2,US-41,,99998,27.38658056,-82.558472220,0,8,0,0,8,1,1,0,3,2,0,2,0,0000000,4,30,4,35,88,88,0,0,0,1,0
12,120435,1,1,0,2,99,0,30,3,2010,3,1,50,0,6,4,CALOOSA BLVD,,0,26.87764722,-80.247388890,0,59,0,0,1,1,4,0,2,1,0,1,0,0000000,3,52,4,4,88,88,0,0,0,2,1
12,120436,3,3,0,6,113,0,31,3,2010,4,14,34,0,3,3,SR-87,,99998,30.54317222,-86.902213890,0,12,6,0,1,1,2,0,1,1,0,1,0,0000000,14,34,14,43,99,99,14,0,0,1,0
12,120437,1,1,1,1,107,0,31,3,2010,4,18,20,0,6,4,7017 SILVER LAKE DR,,0,29.62247778,-81.714533330,0,8,0,0,1,1,1,0,1,1,0,1,0,0000000,18,23,18,25,99,99,0,0,0,1,0
12,120438,1,1,0,1,131,0,4,4,2010,1,19,5,0,6,4,CR-181,,0,30.66218611,-85.918636110,0,42,0,0,1,1,4,0,1,1,0,1,0,0000000,19,9,19,15,88,88,0,0,0,1,1
12,120439,2,2,0,2,113,0,5,4,2010,2,19,19,0,14,2,US-90,SIMMONS RD,99998,30.60246667,-87.153200000,0,1,0,0,2,7,1,1,2,1,0,1,0,0000000,19,21,19,25,88,88,0,0,0,1,1
12,120440,2,2,0,2,81,0,8,4,2010,5,18,30,0,6,4,53RD AVE W,51ST ST W,0,27.44787500,-82.612466670,0,12,6,0,2,3,1,0,1,1,0,1,0,0000000,18,33,18,36,99,99,0,0,0,1,0
12,120441,1,1,0,1,107,0,9,2,2010,3,12,50,0,6,4,SILVER LAKE DR,,0,29.61577222,-81.687955560,0,42,0,0,1,1,4,0,1,2,0,2,0,0000000,99,99,99,99,99,99,0,0,0,1,0
12,120442,1,1,0,1,61,0,18,2,2010,5,12,45,1,2,3,SR-60,,99998,27.64171667,-80.693550000,0,1,0,0,1,1,4,0,1,10,0,10,0,0000000,12,46,13,7,88,88,0,0,0,1,0
12,120443,1,1,1,1,57,0,14,2,2010,1,1,18,0,13,3,SR-580,,99998,27.99658056,-82.547963890,0,8,0,0,1,1,1,0,2,10,0,10,0,0000000,99,99,99,99,99,99,0,0,0,1,0
12,120444,2,2,0,2,71,457,2,2,2010,3,9,7,0,16,6,KISMET PKWY,CHIQUITA BLVD,0,26.69691944,-82.006450000,0,12,6,0,2,2,1,0,1,2,0,2,0,0000000,99,99,99,99,88,88,0,0,0,1,0
12,120445,2,2,0,5,49,3120,2,2,2010,3,16,18,1,13,2,US-17,STENSTROM RD,99998,27.53295833,-81.809350000,0,12,6,0,2,2,1,0,1,10,0,10,0,0000000,16,19,16,22,99,99,0,0,0,1,0
12,120446,1,1,0,1,91,0,17,2,2010,4,6,35,0,2,3,SR-85,,99998,30.89304722,-86.507044440,0,33,0,0,1,1,4,0,1,1,0,1,0,0000000,99,99,99,99,99,99,0,0,0,1,0
12,120447,1,1,1,3,9,454,18,2,2010,5,20,36,0,13,3,SR-A1A,LUNAR AVE,99998,28.37799722,-80.605638890,0,8,0,0,2,3,1,0,3,1,0,1,0,0000000,20,40,20,49,88,88,0,0,0,1,0
12,120448,2,2,0,2,93,0,25,2,2010,5,13,34,0,2,2,US-441,NE 115TH DR,99998,27.34843611,-80.821727780,0,12,6,0,2,3,1,0,1,1,0,1,0,0000000,13,35,13,43,99,99,0,0,0,1,0
12,120449,1,1,1,1,127,0,2,2,2010,3,18,57,0,13,3,SR-A1A,,99998,29.32316389,-81.055236110,0,8,0,0,1,1,1,0,3,10,0,10,0,0000000,99,99,99,99,99,99,0,0,0,1,0
12,120450,1,1,0,2,131,0,21,2,2010,1,12,10,1,1,1,I-10,,99998,30.73416667,-86.372191670,0,1,0,0,1,1,4,0,1,10,0,10,0,0000000,99,99,99,99,99,99,0,0,0,1,0
12,120451,1,1,0,1,103,2730,11,2,2010,5,1,41,0,16,6,38TH AVE,,0,27.80640833,-82.706141670,0,30,0,0,1,1,4,0,3,1,0,1,0,0000000,1,43,1,45,88,88,0,0,0,1,1
12,120452,2,2,0,2,99,3147,12,2,2010,6,1,5,0,15,6,LAKE WORTH RD,120TH AVE S,99998,26.62218333,-80.236536110,0,12,6,0,2,2,1,0,3,1,0,1,0,0000000,1,12,1,19,99,99,0,0,0,1,1
12,120453,1,1,1,1,11,2916,13,2,2010,7,22,20,0,13,3,SR-817,,99998,26.15072500,-80.257019440,0,8,0,0,1,1,1,0,3,1,0,1,0,0000000,22,20,22,23,99,99,0,0,0,1,0
12,120454,3,3,0,5,86,2010,13,2,2010,7,15,9,0,13,3,SR-953,NW 3RD ST,99998,25.77515833,-80.263916670,0,12,6,0,2,2,1,0,1,1,0,1,0,0000000,15,9,15,15,99,99,0,0,0,1,0
12,120455,2,2,0,2,86,2025,15,2,2010,2,14,43,0,16,6,NW 154TH ST,FAIRWAY DR,0,25.91177222,-80.321002780,0,12,6,0,2,3,1,0,1,1,0,1,0,0000000,15,0,15,6,99,99,0,0,0,1,0
12,120456,1,1,1,1,57,0,14,2,2010,1,19,5,0,6,4,BALM RD,GRADY SWEAT LN,0,27.75926111,-82.266719440,0,8,0,0,2,3,1,0,2,1,0,1,0,0000000,19,10,19,20,88,88,0,0,0,1,0
12,120457,1,1,1,1,31,1510,17,2,2010,4,9,13,0,16,6,HERSCHEL ST,GOODWIN ST,0,30.31258333,-81.682875000,0,8,0,0,3,2,1,0,1,1,0,1,0,0000000,99,99,99,99,99,99,0,0,0,1,0
12,120458,2,2,0,2,99,0,21,2,2010,1,11,26,0,14,4,CR-706,132ND TERR N,99998,26.94255278,-80.242475000,0,12,2,0,2,3,1,0,1,1,0,1,0,0000000,11,27,11,36,88,88,0,0,0,1,0
12,120459,1,1,1,1,95,2360,22,2,2010,2,19,54,0,16,6,CURRY FORD RD,,0,28.52422778,-81.341066670,0,8,0,0,1,1,1,0,3,2,0,2,0,0000000,99,99,19,56,99,99,0,0,0,1,0
12,120461,1,1,1,1,87,1580,3,3,2010,4,14,43,1,13,2,US-1,7TH ST,99998,24.56327222,-81.776227780,0,8,0,0,3,1,1,0,1,1,0,1,0,0000000,14,44,14,48,99,99,0,0,0,1,0
12,120462,2,2,0,2,86,1340,12,2,2010,6,7,0,0,16,6,WEST 70TH PLACE,WEST 28TH AVENUE,0,25.88668889,-80.339702780,0,12,6,0,2,3,1,0,1,1,0,1,0,0000000,7,0,7,4,99,99,0,0,0,1,0
12,120463,1,1,0,1,1,0,5,2,2010,6,14,28,1,11,1,I-75,,99998,29.62360000,-82.390386110,0,34,0,0,1,1,4,0,1,2,0,2,0,0000000,14,29,14,47,88,88,0,0,0,1,0
12,120464,2,2,0,2,86,9999,17,2,2010,4,16,14,1,12,3,SR-821,,99998,25.94704722,-80.353702780,0,12,1,0,1,1,8,0,1,1,0,1,0,0000000,16,15,16,19,99,99,0,0,0,1,0
12,120465,1,1,0,3,47,0,24,2,2010,4,6,35,1,1,1,I-75,,99998,30.50836667,-83.048636110,0,42,0,0,1,1,4,0,4,1,0,1,0,0000000,10,42,10,55,99,99,0,0,0,1,0
12,120466,2,2,0,3,53,0,24,2,2010,4,8,22,1,13,2,US-19,ST ANDREWS BLVD,99998,28.53831944,-82.566052780,0,12,6,0,2,2,1,0,1,10,0,10,0,0000000,8,24,8,29,88,88,0,0,0,1,0
12,120467,1,1,1,1,33,0,25,2,2010,5,18,58,0,6,4,GROW DRIVE,,0,30.52573889,-87.189863890,0,8,0,0,1,1,1,0,2,1,0,1,0,0000000,18,59,19,9,99,99,0,0,0,1,0
12,120468,1,1,1,1,11,1782,12,2,2010,6,11,15,0,13,3,SR-842,,99998,26.12138611,-80.186805560,0,8,0,0,1,1,1,0,1,1,0,1,0,0000000,11,26,11,33,99,99,0,0,0,1,0
12,120469,2,2,0,4,57,2950,18,2,2010,5,2,15,1,13,2,US-92,,99998,27.93088889,-82.505869440,0,33,0,0,1,1,4,0,3,1,0,1,0,0000000,2,16,2,17,99,99,0,0,0,1,1
12,120470,2,2,1,2,127,2580,26,2,2010,6,14,56,0,16,6,CR-483,VICTORIA GARDENS BLV,0,29.11426389,-81.018480560,0,8,0,0,2,2,1,0,1,1,0,1,0,0000000,14,56,15,1,99,99,0,0,0,1,0
12,120471,2,2,0,3,111,1080,2,3,2010,3,18,10,0,13,3,SR-615,VIRGINIA AVE,99998,27.42570556,-80.350394440,0,12,6,0,2,2,1,0,1,1,0,1,0,0000000,99,99,99,99,99,99,0,0,0,1,0
12,120472,1,1,1,2,11,2570,3,3,2010,4,22,33,0,14,3,SR-811,,99998,26.27162222,-80.114069440,0,8,0,0,1,1,1,0,3,1,0,1,0,0000000,22,34,22,36,99,99,0,0,0,1,0
12,120473,1,1,0,1,86,2030,7,3,2010,1,22,34,1,11,1,I-95,,99998,25.86491111,-80.208219440,0,31,0,0,1,1,4,0,3,1,0,1,0,0000000,22,35,22,41,88,88,0,0,0,1,1
12,120474,2,2,0,3,85,0,14,3,2010,1,22,48,0,6,4,CR-A1A,OSPERY ST,0,27.10156111,-80.151433330,0,12,1,0,3,2,1,0,3,1,0,1,0,0000000,99,99,99,99,88,88,0,0,0,1,2
12,120475,2,2,0,2,11,771,19,3,2010,6,8,9,0,16,6,9400PINE RIDGE DR,,0,26.09365278,-80.273858330,0,12,1,0,1,1,1,0,1,1,0,1,0,0000000,8,9,8,13,99,99,0,0,0,1,0
12,120476,1,1,0,1,83,2270,20,3,2010,7,3,48,0,16,6,CR-475,,0,29.14180833,-82.135002780,0,42,0,0,1,1,4,0,2,1,0,1,0,0000000,3,49,3,58,88,88,0,0,0,1,1
12,120477,2,2,0,2,61,0,21,3,2010,1,12,55,0,6,4,OLD DIXIE HWY,,0,27.58810000,-80.380108330,0,12,2,0,1,1,1,0,1,1,0,1,0,0000000,12,57,99,99,99,99,0,0,0,1,0
12,120479,1,1,0,1,53,0,26,3,2010,6,2,0,0,3,2,US-41,,99998,28.65821667,-82.324419440,0,38,0,0,1,1,4,0,2,1,0,1,0,0000000,2,2,2,6,88,88,0,0,0,1,1
12,120480,1,1,0,1,127,0,26,3,2010,6,16,20,1,11,1,I-95,,99998,29.39015833,-81.149225000,0,1,0,0,1,1,2,0,1,1,0,1,0,0000000,99,99,16,27,99,99,0,0,0,1,0
12,120481,1,1,1,1,9,620,27,3,2010,7,22,40,1,12,3,SR-528,,99998,28.40021667,-80.754555560,0,8,0,0,1,1,1,0,2,1,0,1,0,0000000,22,48,22,52,99,99,0,0,0,1,0
12,120482,3,3,0,3,27,0,30,3,2010,3,17,44,1,2,2,US-17,,99998,27.08285833,-81.956144440,0,12,7,0,1,1,1,0,5,1,0,1,0,0000000,99,99,17,47,88,88,14,0,0,1,0
12,120483,2,2,0,2,87,0,31,3,2010,4,8,28,1,13,2,US-1,,99998,24.57905000,-81.734505560,0,12,6,0,1,1,1,0,1,1,0,1,0,0000000,8,31,8,35,99,99,0,0,0,1,1
12,120484,1,1,0,3,65,0,1,4,2010,5,13,0,1,1,1,I-10,,99998,30.47654722,-83.894047220,0,42,0,0,1,1,4,0,1,1,0,1,0,0000000,13,0,13,11,88,88,0,0,0,3,0
12,120485,2,2,0,2,117,0,2,4,2010,6,12,45,0,13,3,SR-46,,99998,28.81188889,-81.367525000,0,12,2,0,1,1,1,0,1,1,0,1,0,0000000,12,38,12,44,88,88,0,0,0,1,1