STATE,ST_CASE,VE_TOTAL,VE_FORMS,PEDS,PERSONS,COUNTY,CITY,DAY,MONTH,YEAR,DAY_WEEK,HOUR,MINUTE,NHS,ROAD_FNC,ROUTE,TWAY_ID,TWAY_ID2,MILEPT,LATITUDE,LONGITUD,SP_JUR,HARM_EV,MAN_COLL,RELJCT1,RELJCT2,TYP_INT,REL_ROAD,WRK_ZONE,LGT_COND,WEATHER1,WEATHER2,WEATHER,SCH_BUS,RAIL,NOT_HOUR,NOT_MIN,ARR_HOUR,ARR_MIN,HOSP_HR,HOSP_MN,CF1,CF2,CF3,FATALS,DRUNK_DR
12,120486,3,3,0,9,89,0,2,4,2010,6,16,40,1,2,2,US-1,,99998,30.66317500,-81.884761110,0,12,6,0,1,1,3,0,1,1,0,1,0,0000000,16,45,16,50,99,99,0,0,0,6,0
12,120487,2,2,0,2,11,2541,2,4,2010,6,15,48,1,12,3,SR-91,,99998,26.11220000,-80.218444440,0,12,1,0,1,1,1,0,1,1,0,1,0,0000000,15,39,16,17,99,99,0,0,0,1,0
12,120488,1,1,0,1,11,771,3,4,2010,7,22,1,1,11,1,I-75,,99998,26.06624722,-80.354900000,0,35,0,0,1,1,4,0,2,10,0,10,0,0000000,22,1,22,6,88,88,0,0,0,1,0
12,120489,1,1,0,1,107,0,3,4,2010,7,0,20,0,2,2,US-17,,99998,29.47199167,-81.532480560,0,1,0,0,1,1,4,0,2,1,0,1,0,0000000,0,22,0,26,88,88,0,0,0,1,1
12,120490,3,3,0,6,71,0,3,4,2010,7,11,9,0,6,4,CR-884,E 14TH ST,0,26.65138889,-81.598088890,0,12,6,0,2,2,1,0,1,1,0,1,0,0000000,99,99,99,99,99,99,0,0,0,1,0
12,120491,1,1,0,1,83,0,4,4,2010,1,4,35,0,6,4,CR-315,,0,29.29731389,-81.978080560,0,42,0,0,1,1,4,0,2,1,0,1,0,0000000,4,47,5,1,88,88,0,0,0,1,1
12,120492,1,1,0,2,9,0,4,4,2010,1,18,42,0,13,2,US-1,,99998,28.20551667,-80.661944440,0,1,0,1,5,1,1,0,1,1,0,1,0,0000000,18,42,18,48,99,99,0,0,0,1,1
12,120493,3,3,0,4,107,2420,5,4,2010,2,10,6,0,16,6,ST JOHNS AVE,N 13TH ST,0,29.64822778,-81.642483330,0,12,6,0,2,2,1,0,1,1,0,1,0,0000000,99,99,99,99,99,99,0,0,0,1,0
12,120494,2,2,0,2,31,1510,5,4,2010,2,11,31,1,13,2,US-17,AVENT DR,99998,30.21510833,-81.703891670,0,12,6,0,2,2,1,0,1,1,0,1,0,0000000,11,32,11,38,99,99,0,0,0,1,0
12,120495,2,2,0,6,21,0,5,4,2010,2,15,55,0,2,2,US-41,,99998,25.81862222,-80.888502780,0,12,2,0,1,1,1,0,1,1,0,1,0,0000000,15,57,16,38,99,99,0,0,0,1,0
12,120496,1,1,0,1,86,2010,7,4,2010,4,18,30,1,11,1,I-95,,99998,25.78555556,-80.193458330,0,24,0,1,5,1,4,0,1,10,0,10,0,0000000,18,32,18,44,88,88,0,0,0,1,0
12,120497,2,2,0,3,89,430,7,4,2010,4,12,30,1,2,2,US-1,,99998,30.57313056,-81.834902780,0,12,6,0,8,1,1,0,1,1,0,1,0,0000000,12,32,12,36,88,88,0,0,0,2,0
12,120498,1,1,0,1,57,0,7,4,2010,4,13,53,1,11,1,I-275,,99998,28.10098611,-82.445766670,0,1,0,0,1,1,4,0,1,1,0,1,0,0000000,13,54,14,2,88,88,0,0,0,1,0
12,120499,1,1,0,1,47,0,7,4,2010,4,2,5,0,6,4,CR-143,,0,30.50252500,-83.219950000,0,1,0,0,1,1,4,0,2,1,0,1,0,0000000,2,10,2,23,88,88,0,0,0,1,1
12,120500,1,1,0,1,86,0,8,4,2010,5,15,25,1,12,3,SR-924,,99998,25.89580833,-80.282291670,0,24,0,0,1,1,4,0,1,1,0,1,0,0000000,15,25,15,31,88,88,0,0,0,1,0
12,120502,2,2,0,4,63,0,9,4,2010,6,10,50,0,4,3,SR-2,CR-167,99998,30.95181389,-85.240088890,0,12,6,0,2,2,1,0,1,1,0,1,0,0000000,10,55,10,57,99,99,0,0,0,1,0
12,120503,1,1,0,2,11,790,9,4,2010,6,2,10,1,11,1,I-95,,99998,26.28658611,-80.124680560,0,42,0,0,1,1,4,0,3,1,0,1,0,0000000,2,14,2,18,99,99,0,0,0,1,0
12,120504,1,1,0,1,127,0,10,4,2010,7,11,58,0,6,4,CR-415,,0,29.09268056,-81.068630560,0,11,0,0,1,1,1,0,1,1,0,1,0,0000000,12,0,12,3,88,88,0,0,0,1,0
12,120505,1,1,0,1,21,0,11,4,2010,1,14,48,1,11,1,I-75,,99998,26.16426389,-81.718861110,0,42,0,0,1,1,3,0,1,2,0,2,0,0000000,14,49,14,56,88,88,0,0,0,1,0
12,120506,1,1,1,1,21,0,12,4,2010,2,7,42,0,6,4,CR-856,,0,26.15392500,-81.740833330,0,8,0,0,1,1,1,0,1,1,0,1,0,0000000,7,44,7,52,99,99,0,0,0,1,0
12,120507,1,1,0,1,86,0,21,3,2010,1,18,59,0,6,4,SW 21ST ST,,0,25.75130278,-80.311077780,0,18,0,0,1,1,2,0,5,1,0,1,0,0000000,19,0,19,8,99,99,0,0,0,1,0
12,120508,1,1,0,1,57,0,4,4,2010,1,3,26,0,6,4,HANLEY RD,,0,27.99764444,-82.562833330,0,30,0,0,1,1,4,0,3,1,0,1,0,0000000,3,28,3,34,88,88,0,0,0,1,1
12,120509,1,1,1,2,105,1740,26,2,2010,6,21,0,1,13,2,US-27,,99998,27.91754167,-81.604552780,0,8,0,0,1,1,1,0,2,1,0,1,0,0000000,21,0,21,10,88,88,0,0,0,1,0
12,120510,2,2,0,3,105,0,10,3,2010,4,16,0,0,6,4,SUTTON RD,SUTTON HILLS SOUTH,0,28.07555833,-82.014933330,0,12,6,0,2,2,1,0,1,1,0,1,0,0000000,16,4,16,14,99,99,0,0,0,1,0
12,120511,2,1,0,3,81,0,13,4,2010,3,1,39,1,11,1,I-75 RAMP,,99998,27.39035556,-82.449119440,0,14,0,1,5,1,2,0,3,1,0,1,0,0000000,99,99,99,99,99,99,0,0,0,1,0
12,120512,1,1,0,1,9,0,7,3,2010,1,15,55,1,1,1,I-95,,99998,28.73805556,-80.884777780,0,1,0,0,1,1,3,0,1,1,0,1,0,0000000,15,59,16,7,88,88,0,0,0,1,0
12,120513,1,1,1,1,57,2950,10,2,2010,4,6,10,0,13,2,US-41,HILLSBOROUGH AVE. E,99998,27.99610556,-82.426494440,0,9,0,0,3,2,1,0,3,1,0,1,0,0000000,6,12,6,16,88,88,0,0,0,1,0
12,120514,1,1,2,1,21,0,9,3,2010,3,21,29,0,13,2,US-41,CR-31,99998,26.13826667,-81.782775000,0,8,0,0,3,2,1,0,3,10,0,10,0,0000000,99,99,99,99,99,99,0,0,0,1,0
12,120515,2,2,1,5,73,2940,20,3,2010,7,2,31,0,14,2,US-90,BREVARD STREET,99998,30.44876667,-84.304130560,0,8,0,0,3,1,1,0,3,1,0,1,0,0000000,99,99,99,99,88,88,0,0,0,1,0
12,120516,1,1,1,1,11,790,1,4,2010,5,2,3,1,1,1,I-95,SW 10TH STREET,99998,26.30452222,-80.119469440,0,8,0,0,3,1,1,0,2,1,0,1,0,0000000,2,5,2,8,88,88,0,0,0,1,0
12,120517,1,1,2,1,105,0,1,4,2010,5,6,46,1,13,2,US-27,,99998,28.22618889,-81.645975000,0,8,0,0,1,1,1,0,3,1,0,1,0,0000000,99,99,99,99,99,99,0,0,0,1,0
12,120518,2,2,0,2,23,0,2,4,2010,6,13,40,0,3,3,SR-47,,99998,30.11044444,-82.659794440,0,12,1,0,8,1,1,0,1,1,0,1,0,0000000,99,99,99,99,99,99,0,0,0,1,0
12,120519,2,2,0,2,93,0,2,4,2010,6,8,18,0,13,2,US-98,,99998,27.20085000,-80.774188890,0,12,6,0,4,1,1,0,1,1,0,1,0,0000000,8,20,8,23,88,88,0,0,0,1,0
12,120520,4,4,0,8,86,2526,3,4,2010,7,20,40,1,13,2,US-1,SW 98TH ST,99998,25.67941389,-80.317013890,0,12,1,0,3,2,1,0,3,1,0,1,0,0000000,20,40,20,44,99,99,0,0,0,1,1
12,120521,3,2,0,7,57,2950,4,4,2010,1,3,3,0,13,3,SR-574,ALBANY AVE,99998,27.98131111,-82.480658330,0,12,6,0,2,2,1,0,3,1,0,1,0,0000000,3,3,99,99,99,99,0,0,0,1,1
12,120522,1,1,0,1,117,0,4,4,2010,1,5,39,0,14,3,SR-426,TRINITY PREP LANE,99998,28.61429444,-81.272661110,0,24,0,0,2,2,4,0,2,5,0,5,0,0000000,5,40,5,45,88,88,0,0,0,1,1
12,120523,1,1,1,1,117,0,5,4,2010,2,18,59,0,6,4,OXFORD RD,FERNWOOD BLVD,0,28.65590556,-81.340005560,0,8,0,0,3,2,1,0,5,10,0,10,0,0000000,19,1,19,4,99,99,0,0,0,1,0
12,120524,2,2,0,3,5,0,6,4,2010,3,18,31,1,2,3,SR-77,,99998,30.33678611,-85.660047220,0,1,0,0,1,1,3,0,2,1,0,1,0,0000000,18,33,18,46,99,99,0,0,0,1,1
12,120525,1,1,0,1,103,0,8,4,2010,5,14,9,9,99,9,2333 FEATHER SOUND D,FEATHER SOUND DR,0,27.90596389,-82.666252780,0,3,0,0,3,3,4,0,1,1,0,1,0,0000000,14,10,14,16,88,88,0,0,0,1,0
12,120526,2,2,0,2,73,0,8,4,2010,5,22,54,1,2,2,US-319,,99998,30.62711667,-84.169800000,0,12,1,0,1,1,1,0,2,10,0,10,0,0000000,22,58,23,9,88,88,0,0,0,1,1
12,120527,1,1,1,1,1,0,9,4,2010,6,14,30,1,1,1,I-75,,99998,29.59638611,-82.368063890,0,8,0,0,1,1,1,0,1,1,0,1,0,0000000,14,34,14,45,88,88,0,0,0,1,0
12,120528,1,1,0,3,99,3190,9,4,2010,6,18,31,0,15,6,GEORGIA AVE,,99998,26.64827500,-80.059233330,0,31,0,0,1,1,4,0,1,10,0,10,0,0000000,18,35,18,44,99,99,0,0,0,1,0
12,120530,1,1,0,1,75,0,10,4,2010,7,9,50,1,2,2,US-27,,99998,29.47653611,-82.691194440,0,42,0,0,1,1,4,0,1,1,0,1,0,0000000,9,55,9,58,88,88,0,0,0,1,0
12,120531,2,2,0,4,57,0,11,4,2010,1,23,20,1,11,1,I-4,,99998,28.02638056,-82.228502780,0,12,6,0,1,1,1,0,2,1,0,1,0,0000000,23,23,23,31,99,99,0,0,0,1,0
12,120532,2,2,0,2,1,0,11,4,2010,1,13,30,1,2,3,SR-331,,99998,29.61476667,-82.340705560,0,12,1,0,1,1,1,0,1,1,0,1,0,0000000,13,34,13,41,99,99,0,0,0,1,0
12,120533,1,1,1,3,55,0,12,4,2010,2,6,35,0,6,4,POWERLINE RD,,0,27.52486667,-81.433152780,0,9,0,0,1,1,1,0,2,1,0,1,0,0000000,6,39,6,48,88,88,0,0,0,1,0
12,120535,1,1,1,1,33,2085,15,4,2010,5,19,48,0,6,4,CR-95A,,0,30.70416111,-87.334163890,0,8,0,0,8,1,1,0,2,1,0,1,0,0000000,19,49,20,9,99,99,0,0,0,1,0
12,120536,3,3,0,5,95,0,15,4,2010,5,1,25,0,13,3,SR-50,SR-551,99998,28.56823333,-81.286027780,0,12,1,0,2,2,1,0,2,1,0,1,0,0000000,1,25,1,30,99,99,0,0,0,1,0
12,120537,2,2,0,2,73,0,16,4,2010,6,16,16,0,13,3,SR-263,,99998,30.48800000,-84.363188890,0,12,2,0,1,1,1,0,1,1,0,1,0,0000000,16,17,16,24,99,99,0,0,0,1,0
12,120538,2,2,0,2,33,0,17,4,2010,7,0,10,1,11,1,I-10,,99998,30.55517222,-87.359850000,0,12,7,0,1,1,1,0,3,10,0,10,0,0000000,99,99,99,99,99,99,0,0,0,1,1
12,120539,1,1,0,4,71,0,17,4,2010,7,12,52,1,11,1,I-75,,99998,26.39176667,-81.772105560,0,1,0,0,1,1,2,0,1,1,0,1,0,0000000,12,54,13,1,99,99,0,0,0,1,0
12,120540,1,1,0,1,115,0,17,4,2010,7,23,30,0,6,4,VAMO ROAD,,0,27.22552500,-82.497369440,0,38,0,0,1,1,4,0,2,10,0,10,0,0000000,23,31,23,37,88,88,20,0,0,1,1
12,120541,1,1,0,2,101,0,18,4,2010,1,22,50,0,6,4,PASCO ROAD,,0,28.34289722,-82.306786110,0,1,0,0,1,1,4,0,2,10,0,10,0,0000000,22,51,23,1,99,99,0,0,0,1,1
12,120542,1,1,0,1,101,0,18,4,2010,1,22,38,1,2,3,SR-589,,99998,28.40555000,-82.512569440,0,35,0,0,1,1,4,0,2,10,0,10,0,0000000,22,39,22,55,88,88,0,0,0,1,0
12,120543,2,2,0,3,39,2630,18,2,2010,5,9,30,0,14,3,SR-12,,99998,30.59245556,-84.563925000,0,12,2,0,1,1,1,0,1,1,0,1,0,0000000,9,35,9,37,88,88,0,0,0,1,1
12,120545,1,1,0,1,11,2948,9,4,2010,6,10,20,0,13,3,SR-817,NW 61ST STREET,99998,26.19952778,-80.252286110,0,39,0,0,3,1,4,0,1,1,0,1,0,0000000,99,99,99,99,99,99,0,0,0,1,0
12,120546,1,1,1,2,11,2260,2,2,2010,3,19,48,0,13,3,SR-845,NW 9TH AVE,99998,26.18111944,-80.154886110,0,9,0,0,2,2,1,0,3,1,0,1,0,0000000,19,50,19,52,99,99,0,0,0,1,0
12,120547,2,2,0,2,83,2270,4,2,2010,5,22,14,0,16,6,NE 36TH AVE,NE 14TH ST,0,29.12033889,-82.051258330,0,12,6,0,2,2,1,0,3,1,0,1,0,0000000,22,15,22,20,99,99,0,0,0,1,1
12,120548,1,1,0,1,107,2420,5,2,2010,6,15,36,1,13,2,US-17,,99998,29.64696389,-81.628630560,0,25,0,0,1,1,3,0,1,2,0,2,0,0000000,99,99,15,40,99,99,0,0,0,1,1
12,120550,1,1,0,1,127,0,6,2,2010,7,21,26,1,11,1,I-95,,99998,29.04641944,-81.007202780,0,1,0,0,1,1,3,0,2,10,0,10,0,0000000,99,99,99,99,99,99,0,0,0,1,0
12,120551,1,1,0,1,117,1705,10,2,2010,4,15,36,0,16,6,W LAKE MARY BLVD,,0,28.75627222,-81.349550000,0,39,0,0,8,1,4,0,1,1,0,1,0,0000000,99,99,99,99,99,99,0,0,0,1,0
12,120552,6,6,0,11,97,0,11,2,2010,5,14,50,0,13,2,US-192,CELEBRATION PLACE,99998,28.33268056,-81.534541670,0,12,1,0,3,2,1,0,1,1,0,1,0,0000000,99,99,99,99,99,99,0,0,0,1,0
12,120553,1,1,0,1,57,0,11,2,2010,5,16,24,0,6,4,127TH AVE,,0,28.06147222,-82.354525000,0,5,0,0,1,1,2,0,1,1,0,1,0,0000000,99,99,99,99,99,99,0,0,0,1,0
12,120554,2,2,0,2,57,0,14,2,2010,1,13,5,0,6,4,LAKEWOOD DR,WINDHORST RD,0,27.95963889,-82.310408330,0,12,2,0,2,2,1,0,1,1,0,1,0,0000000,99,99,99,99,99,99,0,0,0,1,0
12,120555,1,1,0,5,9,1990,15,2,2010,2,11,47,0,16,6,AVACADO AVE,,0,28.14391667,-80.636905560,0,1,0,0,1,1,1,0,1,1,0,1,0,0000000,99,99,99,99,99,99,0,0,0,1,0
12,120556,1,1,1,1,86,0,15,2,2010,2,20,12,0,13,3,SR-9,NW 87TH TERR,99998,25.85413333,-80.242088890,0,8,0,0,2,2,1,0,3,1,0,1,0,0000000,99,99,99,99,99,99,0,0,0,1,0
12,120557,1,1,0,3,115,2780,18,2,2010,5,13,20,0,13,2,US-301,OAK ST,99998,27.33139444,-82.530994440,0,19,0,0,2,2,4,0,1,98,0,98,0,0000000,99,99,99,99,99,99,19,0,0,2,0
12,120558,1,1,0,2,97,0,19,2,2010,6,10,50,0,13,2,US-192,CRABGRASS RD,99998,28.13168056,-81.010188890,0,35,0,0,2,3,4,0,1,1,0,1,0,0000000,10,52,11,2,99,99,0,0,0,1,0
12,120560,3,3,0,5,11,633,20,2,2010,7,12,38,0,14,6,COCONUT CREEK PKWY,BANKS RD,99998,26.24454722,-80.194669440,0,12,2,0,2,2,1,0,1,1,0,1,0,0000000,99,99,99,99,99,99,0,0,0,1,0
12,120561,1,1,0,1,19,1200,21,2,2010,1,16,45,0,13,3,SR-16,BAY ST,99998,29.99040833,-81.685350000,0,1,0,0,2,3,1,0,1,10,0,10,0,0000000,99,99,99,99,99,99,0,0,0,1,0
12,120562,1,1,1,1,83,2270,22,2,2010,2,20,35,0,16,6,SW 19TH AVE RD,SW24TH AVE,0,29.09357778,-82.100136110,0,8,0,0,2,2,1,0,3,2,0,2,0,0000000,99,99,99,99,99,99,0,0,0,1,0
12,120563,1,1,1,1,86,2220,22,2,2010,2,10,4,1,13,3,SR-924,NW 10TH AVE,99998,25.88352778,-80.214608330,0,8,0,0,3,1,1,0,1,10,0,10,0,0000000,99,99,99,99,99,99,0,0,0,1,0
12,120564,1,1,1,2,71,0,23,2,2010,3,18,40,0,16,6,HOMESTEAD RD,,0,26.60048056,-81.642794440,0,8,0,0,1,1,1,0,3,1,0,1,0,0000000,99,99,99,99,99,99,0,0,0,1,0
12,120565,1,1,1,2,86,0,25,2,2010,5,23,56,0,13,3,SR-9,NW 101ST ST,99998,25.86673333,-80.242388890,0,8,0,0,3,2,1,0,3,1,0,1,0,0000000,99,99,99,99,88,88,0,0,0,1,0
12,120566,1,1,1,1,86,0,25,2,2010,5,8,47,0,6,4,N MIAMI AVENUE,NW 83RD STREET,0,25.85107500,-80.197036110,0,8,0,0,3,1,1,0,1,1,0,1,1,0000000,8,47,8,51,99,99,0,0,0,1,0
12,120567,1,1,0,1,99,0,27,2,2010,7,12,21,1,12,3,SR-91,,99998,26.93838611,-80.154552780,0,1,0,1,5,1,2,0,1,10,0,10,0,0000000,12,21,12,27,99,99,0,0,0,1,0
12,120568,1,1,0,2,23,0,27,2,2010,7,23,0,0,6,4,CR-341,,0,30.18356667,-82.655063890,0,52,0,0,1,1,4,0,2,1,0,1,0,0000000,99,99,99,99,99,99,0,0,0,1,1
12,120569,1,1,0,1,95,2360,28,2,2010,1,20,54,0,16,6,EUNICE AVENUE,BRYN MAUR STREET,0,28.57466667,-81.422638890,0,34,0,0,2,3,4,0,3,1,0,1,0,0000000,99,99,99,99,99,99,0,0,0,1,1
12,120570,1,1,1,1,131,800,2,3,2010,3,18,33,1,3,2,US-90,,99998,30.72537778,-86.127919440,0,8,0,0,1,1,1,0,2,1,0,1,0,0000000,99,99,99,99,99,99,0,0,0,1,0
12,120571,3,3,0,7,31,1510,2,3,2010,3,13,12,1,11,1,I-95,,99998,30.39363889,-81.668150000,0,12,1,0,1,1,1,0,1,1,0,1,0,0000000,99,99,99,99,99,99,0,0,0,1,0
12,120573,1,1,1,1,11,2260,5,3,2010,6,19,39,0,13,3,SR-816,,99998,26.16658889,-80.138075000,0,8,0,0,1,1,1,0,3,1,0,1,0,0000000,99,99,99,99,99,99,0,0,0,1,0
12,120574,1,1,0,2,73,2940,8,3,2010,2,1,2,0,16,6,ROBERTS AVE,,0,30.42921111,-84.335130560,0,34,0,0,1,1,4,0,3,1,0,1,0,0000000,1,4,1,11,99,99,20,0,0,1,0
12,120575,4,3,0,4,105,3300,9,3,2010,3,13,35,0,13,3,SR-544,IDLYWILD DR,99998,28.04635000,-81.759963890,0,12,6,0,2,2,1,0,1,1,0,1,0,0000000,99,99,99,99,99,99,0,0,0,1,0
12,120576,3,3,0,4,105,1690,10,3,2010,4,15,30,0,16,6,CARPENTERS WAY,CORPORATE DR,0,28.10058889,-81.971811110,0,12,6,0,2,2,1,0,1,1,0,1,0,0000000,99,99,99,99,99,99,0,0,0,1,0
12,120577,1,1,1,2,86,0,11,3,2010,5,19,49,0,14,3,SR-985,,99998,25.68780000,-80.365933330,0,15,0,0,1,1,1,0,3,1,0,1,0,0000000,99,99,99,99,99,99,0,0,0,1,0
12,120578,1,1,1,1,86,0,11,3,2010,5,19,0,0,13,2,US-441,,99998,25.95796667,-80.205752780,0,8,0,0,1,1,1,0,3,1,0,1,0,0000000,99,99,99,99,99,99,0,0,0,1,0
12,120579,1,1,0,2,117,0,14,3,2010,1,15,15,0,2,3,SR-46,,99998,28.71641111,-81.054425000,0,11,0,0,1,1,2,0,1,1,0,1,0,0000000,99,99,99,99,99,99,0,0,0,1,0
12,120580,1,1,1,1,21,2150,15,3,2010,2,11,34,0,13,2,US-41,,99998,26.15024167,-81.795888890,0,8,0,0,4,1,1,0,1,1,0,1,0,0000000,99,99,99,99,99,99,0,0,0,1,0
12,120581,2,2,0,3,86,2526,16,3,2010,3,12,14,1,13,2,US-1,SW 117TH ST,99998,25.66306389,-80.325186110,0,12,6,0,2,3,1,0,1,1,0,1,0,0000000,12,18,12,21,99,99,0,0,0,1,0
12,120582,1,1,0,1,97,0,20,3,2010,7,8,50,0,13,2,US-192,SHADY LANE,99998,28.28408889,-81.351325000,0,1,0,0,2,2,1,0,1,1,0,1,0,0000000,8,54,9,0,99,99,0,0,0,1,0
12,120583,6,4,0,5,11,1420,21,3,2010,1,12,17,0,13,2,US-1,,99998,25.99995000,-80.142805560,0,12,1,0,1,1,1,0,1,10,0,10,0,0000000,99,99,99,99,99,99,0,0,0,1,0
12,120584,4,2,0,2,11,1420,8,4,2010,5,20,46,0,13,2,US-441,WEST PARK RD,99998,26.02861667,-80.208305560,0,12,2,0,3,3,1,0,3,1,0,1,0,0000000,20,47,20,50,99,99,0,0,0,1,0
12,120585,2,2,0,2,127,810,20,4,2010,3,22,32,0,13,3,SR-44,,99998,29.02807500,-81.306780560,0,12,6,0,8,1,1,0,3,1,0,1,0,0000000,22,23,22,37,88,88,0,0,0,1,0
12,120586,2,2,0,4,69,0,18,4,2010,1,16,40,1,2,2,US-27,MARQUAX DR,99998,28.40381944,-81.697833330,0,12,6,0,2,2,1,0,1,2,0,2,0,0000000,16,42,16,46,99,99,0,0,0,1,0
12,120587,2,2,0,2,71,2218,20,4,2010,3,15,39,0,13,3,SR-78,BEACHWOOD DR,99998,26.68212500,-81.885702780,0,12,6,0,2,2,1,0,1,10,0,10,0,0000000,15,36,15,40,99,99,0,0,0,1,0
12,120588,1,1,0,1,71,457,4,2,2010,5,22,8,0,16,6,DEL PRADO BLVD N,,0,26.72527222,-81.906694440,0,1,0,0,1,1,2,0,3,1,0,1,0,0000000,99,99,99,99,99,99,0,0,0,1,1
12,120589,2,2,0,2,99,0,6,3,2010,7,15,6,0,14,6,YAMATO ROAD,LAKERIDGE BLVD,99998,26.39427222,-80.192350000,0,12,6,0,2,3,1,0,1,1,0,1,0,0000000,15,6,15,10,99,99,0,0,0,1,0
12,120590,2,2,0,2,86,0,28,3,2010,1,5,56,1,11,1,I-75,SW 72ND ST,99998,25.70296667,-80.317386110,0,12,6,1,2,3,1,0,3,1,0,1,0,0000000,5,58,6,4,99,99,0,0,0,1,0
12,120591,1,1,0,1,111,0,28,3,2010,1,5,45,0,14,4,CR-707,,99998,27.30847500,-80.259441670,0,43,0,0,1,1,4,0,2,10,1,10,0,0000000,10,57,11,3,88,88,0,0,0,1,1
12,120592,4,4,0,6,11,2468,2,4,2010,6,22,57,0,13,3,SR-817,PEMBROKE ROAD,99998,25.99458333,-80.247602780,0,12,1,0,2,2,1,0,3,1,0,1,0,0000000,99,99,99,99,99,99,0,0,0,2,2
12,120593,1,1,0,1,31,1510,2,4,2010,6,2,14,0,14,3,SR-13,,99998,30.19921944,-81.619880560,0,33,0,0,1,1,4,0,3,1,0,1,0,0000000,2,15,2,19,88,88,0,0,0,1,1
12,120594,1,1,0,1,86,0,3,4,2010,7,18,29,0,13,3,SR-934,,99998,25.83986389,-80.309941670,0,41,0,0,1,1,3,0,1,1,0,1,0,0000000,18,31,18,31,88,88,0,0,0,1,1
12,120595,2,2,0,2,53,0,5,4,2010,2,11,12,1,13,3,SR-50,OVENBIRD RD,99998,28.52313333,-82.560508330,0,12,6,0,2,3,1,0,1,1,0,1,0,0000000,99,99,11,12,88,88,0,0,0,1,0
12,120596,1,1,1,1,83,0,9,4,2010,6,1,45,0,13,2,US-301,,99998,28.97937778,-82.041361110,0,8,0,0,1,1,1,0,2,2,0,2,0,0000000,99,99,99,99,99,99,0,0,0,1,0
12,120597,1,1,0,2,73,0,10,4,2010,7,16,45,0,6,4,SMITH CREEK RD,,0,30.34247222,-84.688797220,0,1,0,0,1,1,4,0,1,1,0,1,0,0000000,16,50,17,9,99,99,0,0,0,1,0
12,120598,1,1,1,1,86,0,10,4,2010,7,21,9,0,6,4,SW 168TH ST,,0,25.60870833,-80.515141670,0,8,0,0,1,1,1,0,2,1,0,1,0,0000000,21,9,21,23,88,88,0,0,0,1,0
12,120599,1,1,1,1,103,3010,14,4,2010,4,20,25,0,14,3,SR-699,,99998,27.75584167,-82.763969440,0,8,0,0,1,1,1,0,3,1,0,1,0,0000000,20,25,20,29,99,99,0,0,0,1,0
12,120600,1,1,0,2,127,0,15,4,2010,5,17,44,1,1,1,I-95,,99998,28.91069444,-80.934077780,0,42,0,0,1,1,3,0,1,10,0,10,0,0000000,17,45,17,59,99,99,0,0,0,1,0
12,120601,2,2,0,2,31,1510,16,4,2010,6,13,40,0,14,3,SR-105,,99998,30.40380556,-81.506836110,0,12,2,0,1,1,1,0,1,1,0,1,0,0000000,13,41,13,56,99,99,0,0,0,1,0
12,120602,1,1,0,2,86,0,17,4,2010,7,5,23,1,12,3,SR-874,,99998,25.65406389,-80.381311110,0,18,0,0,1,1,2,4,3,10,0,10,0,0000000,5,25,5,33,99,99,0,0,0,1,1
12,120603,1,1,0,3,131,0,17,4,2010,7,15,40,0,4,3,SR-81,,99998,30.68408056,-85.936413890,0,42,0,0,1,1,4,0,1,1,0,1,0,0000000,15,44,15,53,99,99,0,0,0,1,0
12,120604,1,1,0,3,53,0,18,4,2010,1,18,11,0,6,4,CR-581,CHENOAK RD,0,28.45900556,-82.370636110,0,32,0,0,2,3,4,0,1,2,0,2,0,0000000,18,11,18,23,99,99,0,0,0,2,1
12,120605,2,2,0,3,71,0,20,4,2010,3,21,28,0,13,2,US-41,DIPLOMAT PKWY,99998,26.68896944,-81.901222220,0,12,6,0,2,3,1,0,3,10,0,10,0,0000000,22,30,22,35,99,99,0,0,0,2,1
12,120606,1,1,1,2,117,0,21,4,2010,4,0,53,0,13,3,SR-46,,99998,28.81163611,-81.321269440,0,8,0,0,1,1,1,0,2,2,0,2,0,0000000,0,54,1,0,88,88,0,0,0,1,0
12,120607,1,1,0,1,35,0,21,4,2010,4,6,15,0,2,2,US-1,,99998,29.40783611,-81.198513890,0,59,0,0,1,1,4,0,2,10,0,10,0,0000000,6,23,6,31,88,88,0,0,0,1,0
12,120608,2,2,0,3,21,0,23,4,2010,6,9,42,0,14,3,SR-951,CR-952,99998,25.98228611,-81.702944440,0,12,6,0,2,2,1,0,1,1,0,1,0,0000000,9,43,9,48,99,99,0,0,0,1,0
12,120609,1,1,0,3,63,0,23,4,2010,6,5,10,0,3,2,US-90,,99998,30.74076111,-85.146869440,0,32,0,0,1,1,4,0,2,5,0,5,0,0000000,5,11,5,17,99,99,0,0,0,1,0
12,120610,2,2,0,2,53,0,23,4,2010,6,23,31,1,2,2,US-98,,99998,28.53663889,-82.340427780,0,12,2,0,1,1,1,0,2,1,0,1,0,0000000,23,26,23,32,88,88,0,0,0,1,1
12,120611,1,1,0,1,119,0,24,4,2010,7,14,21,9,99,4,ST JAMES CIR,,99998,28.95424167,-82.002947220,0,18,0,0,1,1,5,0,1,1,0,1,0,0000000,14,16,14,26,88,88,0,0,0,1,1