STATE,ST_CASE,VE_TOTAL,VE_FORMS,PEDS,PERSONS,COUNTY,CITY,DAY,MONTH,YEAR,DAY_WEEK,HOUR,MINUTE,NHS,ROAD_FNC,ROUTE,TWAY_ID,TWAY_ID2,MILEPT,LATITUDE,LONGITUD,SP_JUR,HARM_EV,MAN_COLL,RELJCT1,RELJCT2,TYP_INT,REL_ROAD,WRK_ZONE,LGT_COND,WEATHER1,WEATHER2,WEATHER,SCH_BUS,RAIL,NOT_HOUR,NOT_MIN,ARR_HOUR,ARR_MIN,HOSP_HR,HOSP_MN,CF1,CF2,CF3,FATALS,DRUNK_DR
12,120612,2,2,0,10,105,0,24,4,2010,7,16,5,0,3,3,SR-33,,99998,28.33650278,-81.831997220,0,12,6,0,1,1,1,0,1,1,0,1,0,0000000,16,15,16,29,99,99,0,0,0,1,0
12,120613,2,2,0,3,105,0,24,4,2010,7,12,20,1,13,2,US-27,POITRAS RD 2,99998,28.32841389,-81.670583330,0,12,6,0,2,2,1,0,1,1,0,1,0,0000000,12,20,12,29,99,99,0,0,0,1,0
12,120615,1,1,0,1,87,0,7,2,2010,1,0,3,1,13,2,US-1,,99998,24.66637500,-81.500350000,0,42,0,0,1,1,4,0,2,1,0,1,0,0000000,0,1,0,2,88,88,0,0,0,1,1
12,120616,2,2,0,3,15,0,5,3,2010,6,22,12,0,14,3,SR-776,BEACH RD,99998,26.94105000,-82.349213890,0,12,1,0,3,3,1,0,3,1,0,1,0,0000000,99,99,99,99,99,99,0,0,0,1,0
12,120617,2,2,0,3,57,0,26,4,2010,2,17,44,0,6,4,COLLEGE AVE,8TH ST,0,27.71324444,-82.444808330,0,12,2,0,2,3,1,0,1,1,0,1,0,0000000,17,45,17,51,99,99,0,0,0,2,0
12,120618,1,1,1,1,127,0,19,4,2010,2,20,19,0,13,3,SR-A1A,,99998,29.31984722,-81.053611110,0,8,0,0,1,1,1,0,3,1,0,1,0,0000000,20,19,20,24,99,99,0,0,0,1,0
12,120619,1,1,1,1,86,0,4,4,2010,1,1,55,0,6,4,W PARK DR,,0,25.77225000,-80.364702780,0,8,0,0,1,1,1,0,3,1,0,1,0,0000000,1,55,1,59,88,88,0,0,0,1,0
12,120620,2,2,0,2,31,1510,20,4,2010,3,6,43,0,14,3,SR-103,DAYTON RD,99998,30.28115833,-81.755263890,0,12,6,0,2,3,1,0,4,1,0,1,0,0000000,6,43,6,45,88,88,0,0,0,1,1
12,120621,1,1,0,1,83,2270,21,4,2010,4,22,30,0,16,6,SW 19TH AVE,,0,28.98608889,-82.162511110,0,33,0,0,1,1,4,0,3,10,0,10,0,0000000,99,99,99,99,88,88,0,0,0,1,1
12,120622,3,3,0,4,99,1190,22,4,2010,5,15,45,0,12,6,JOG RD,MELALEUCA LN,99998,26.60818333,-80.146830560,0,12,6,0,2,2,1,0,1,1,0,1,0,0000000,15,46,15,51,99,99,0,0,0,1,0
12,120623,3,3,0,6,95,2360,24,4,2010,7,23,10,0,13,2,US-17,N GARLAND AVE,99998,28.55310833,-81.381747220,0,12,1,0,3,1,1,0,3,1,0,1,0,0000000,23,10,23,15,99,99,20,0,0,2,0
12,120624,2,2,0,2,83,0,10,4,2010,7,17,40,0,13,2,US-27,,99998,29.12781667,-82.103694440,0,12,6,0,4,1,1,0,1,1,0,1,0,0000000,99,99,99,99,99,99,0,0,0,1,0
12,120625,1,1,1,1,86,1340,16,4,2010,6,6,28,0,16,6,W 29TH ST,W 12TH AVE,0,25.84804444,-80.306347220,0,8,0,0,2,2,1,0,4,1,0,1,1,0000000,6,28,6,31,99,99,0,0,0,1,0
12,120626,1,1,0,1,69,0,16,4,2010,6,23,56,0,6,4,LAKE ELLA RD,,0,28.88706667,-81.935905560,0,42,0,0,1,1,4,0,2,1,0,1,0,0000000,23,59,0,9,99,99,0,0,0,1,1
12,120627,1,1,0,1,99,0,20,4,2010,3,13,21,0,15,4,CR-798,,99998,26.35375000,-80.153427780,0,42,0,0,1,1,3,0,1,10,0,10,0,0000000,13,21,13,24,99,99,0,0,0,1,0
12,120628,2,2,0,2,83,2270,21,4,2010,4,18,18,0,16,6,NE 25TH AVENUE,NE 7TH STREET,0,29.19325278,-82.103233330,0,12,6,0,2,3,1,0,1,1,0,1,0,0000000,18,22,18,27,88,88,0,0,0,1,0
12,120629,1,1,0,1,63,0,25,4,2010,1,13,5,0,6,4,CR-165,,0,30.90165556,-85.132747220,0,42,0,0,1,1,4,0,1,1,0,1,0,0000000,13,8,13,15,99,99,0,0,0,1,1
12,120630,1,1,0,1,31,1510,27,4,2010,3,19,47,1,11,1,I-95,,99998,30.22131111,-81.573966670,0,1,0,1,5,1,2,0,1,10,0,10,0,0000000,99,99,99,99,99,99,0,0,0,1,1
12,120631,1,1,0,2,33,0,30,4,2010,6,2,10,1,13,2,US-29,,99998,30.58438333,-87.301547220,0,1,0,0,1,1,4,0,2,10,0,10,0,0000000,99,99,99,99,99,99,0,0,0,1,1
12,120632,1,1,0,3,127,810,28,2,2010,1,18,16,0,13,2,US-17,,99998,28.99867222,-81.302486110,0,33,0,0,1,1,4,0,1,1,0,1,0,0000000,99,99,99,99,99,99,0,0,0,1,1
12,120633,1,1,0,2,103,570,12,3,2010,6,99,99,1,15,2,US-19,,99998,27.98953611,-82.729855560,0,42,0,0,1,1,4,0,3,2,0,2,0,0000000,1,52,1,55,99,99,0,0,0,1,1
12,120634,2,1,0,1,99,290,31,3,2010,4,16,6,0,16,6,N DIXIE HWY,,0,26.38123333,-80.082397220,0,59,0,0,1,1,4,0,1,1,0,1,0,0000000,99,99,99,99,88,88,0,0,0,1,0
12,120635,1,1,0,1,11,1050,11,4,2010,1,1,32,0,13,2,US-1,,99998,26.13741944,-80.126886110,0,41,0,0,1,1,3,0,3,1,0,1,0,0000000,1,33,1,42,88,88,0,0,0,1,0
12,120636,1,1,0,2,107,0,11,4,2010,1,20,18,0,6,4,OREGON AVE,,0,29.64345278,-81.901972220,0,11,0,0,1,1,1,0,5,1,0,1,0,0000000,20,25,20,41,99,99,0,0,0,1,0
12,120637,2,2,0,2,119,0,20,4,2010,3,6,23,1,2,3,SR-44,,99998,28.87940278,-82.119005560,0,12,1,0,1,1,1,0,2,5,0,5,0,0000000,99,99,6,29,88,88,0,0,0,1,0
12,120638,1,1,0,1,31,1510,20,4,2010,3,19,50,1,12,3,SR-9A,,99998,30.25446944,-81.516708330,0,24,0,0,1,1,3,0,5,10,0,10,0,0000000,19,53,20,1,99,99,0,0,0,1,0
12,120639,2,2,0,2,75,0,20,4,2010,3,18,50,0,6,4,CR-345,,0,29.36696389,-82.888605560,0,12,2,0,1,1,1,0,1,1,0,1,0,0000000,18,54,19,5,99,99,0,0,0,1,0
12,120640,2,2,0,2,11,0,21,4,2010,4,5,33,1,12,3,SR-91,,99998,26.20550556,-80.199272220,0,12,6,0,1,1,1,0,3,1,0,1,0,0000000,99,99,5,40,99,99,0,0,0,1,0
12,120641,3,3,0,5,115,0,23,4,2010,6,10,50,0,6,4,CENTER ROAD,LARCHWOOD DRIVE,0,27.07900000,-82.418794440,0,12,6,0,2,3,1,0,1,1,0,1,0,0000000,10,51,10,54,99,99,0,0,0,1,0
12,120642,1,1,0,1,81,0,23,4,2010,6,19,40,0,6,4,145TH STREET E,,0,27.47671111,-82.395519440,0,33,0,0,1,1,2,0,2,1,0,1,0,0000000,19,44,19,51,88,88,0,0,0,1,1
12,120643,1,1,0,1,101,1755,24,4,2010,7,20,44,0,3,2,US-41,,99998,28.28858333,-82.488261110,0,18,0,0,1,1,1,0,2,1,0,1,0,0000000,20,45,20,49,99,99,0,0,0,1,1
12,120644,2,2,0,3,57,0,25,4,2010,1,3,54,1,11,1,I-275,,99998,28.10661389,-82.432672220,0,12,2,0,1,1,1,0,2,1,0,1,0,0000000,3,55,4,3,99,99,0,0,0,1,1
12,120645,2,2,0,2,53,0,26,4,2010,2,15,27,0,6,4,CR-476,,0,28.62786944,-82.417502780,0,12,2,0,1,1,1,0,1,10,0,10,0,0000000,15,22,15,31,88,88,0,0,0,1,0
12,120646,3,2,0,3,11,3193,26,4,2010,2,15,35,1,11,1,I-75,,99998,26.12655833,-80.363638890,0,14,0,0,1,1,2,0,1,10,0,10,0,0000000,15,35,15,45,88,88,0,0,0,1,0
12,120647,2,2,0,2,107,0,28,4,2010,4,17,35,1,2,3,SR-20,,99998,29.60930000,-82.010300000,0,12,2,0,1,1,1,0,1,1,0,1,0,0000000,99,99,5,37,99,99,0,0,0,1,0
12,120648,1,1,1,5,31,1510,29,4,2010,5,20,14,0,14,3,SR-104,,99998,30.42998333,-81.658438890,0,8,0,0,1,1,1,0,5,10,0,10,0,0000000,20,20,20,28,99,99,0,0,0,1,0
12,120649,1,1,0,2,81,0,2,5,2010,1,3,18,0,6,4,COOPER CREEK BLVD,,0,27.39892222,-82.457369440,0,41,0,0,1,1,4,0,3,1,0,1,0,0000000,3,20,3,28,99,99,0,0,0,1,1
12,120650,2,2,0,3,105,120,16,3,2010,3,10,11,0,3,3,SR-559,SR-559,99998,28.16659444,-81.801805560,0,12,6,0,2,2,1,0,1,1,0,1,0,0000000,10,11,10,14,99,99,0,0,0,1,0
12,120651,2,2,0,2,111,0,26,4,2010,2,12,12,0,6,4,SPANISH LAKES BLVD,,0,27.52482778,-80.451975000,0,12,2,0,1,1,1,0,1,10,0,10,0,0000000,12,14,12,19,99,99,0,0,0,1,0
12,120652,2,2,1,2,107,887,30,4,2010,6,23,0,0,13,2,US-17,,99998,29.64184444,-81.591072220,0,8,0,0,1,1,1,0,3,10,0,10,0,0000000,23,0,23,8,88,88,0,0,0,1,0
12,120653,2,2,0,3,109,0,23,2,2010,3,7,59,0,6,4,CR-13,DON MANUEL RD,0,29.76919167,-81.477944440,0,12,6,0,2,2,1,0,1,1,0,1,0,0000000,8,0,8,8,88,88,0,0,0,1,0
12,120654,1,1,0,1,131,0,4,2,2010,5,17,40,0,6,4,COLLINSWORTH RD,,0,30.96259167,-86.123702780,0,34,0,0,1,1,4,0,2,10,0,10,0,0000000,17,48,17,50,88,88,0,0,0,1,1
12,120655,1,1,0,1,95,0,15,2,2010,2,8,56,1,12,3,SR-417,,99998,28.47568889,-81.238200000,0,3,0,0,1,1,4,0,1,10,0,10,0,0000000,8,57,9,5,99,99,0,0,0,1,0
12,120656,2,2,0,2,99,2660,24,2,2010,4,3,26,0,13,3,SR-809,SR-708,99998,26.78354722,-80.107366670,0,12,6,0,2,2,1,0,3,10,0,10,0,0000000,99,99,99,99,99,99,0,0,0,1,1
12,120657,2,2,0,2,86,0,29,1,2010,6,0,35,0,16,6,NW 16TH AVE,NW 1ST ST,0,25.77428889,-80.221400000,0,12,6,0,2,2,1,0,3,1,0,1,0,0000000,99,99,99,99,99,99,0,0,0,1,0
12,120658,2,2,0,2,11,1782,15,2,2010,2,23,49,0,13,2,US-441,NW 21ST ST,99998,26.15379722,-80.202980560,0,12,6,0,2,3,1,0,3,10,0,10,0,0000000,23,49,23,55,99,99,0,0,0,1,1
12,120659,1,1,0,1,21,1926,24,2,2010,4,19,30,0,16,6,SANDHILL ST,,0,25.92862222,-81.705591670,0,39,0,0,1,1,5,0,3,2,0,2,0,0000000,11,30,11,30,88,88,0,0,0,1,0
12,120661,1,1,1,1,11,790,2,4,2010,6,9,40,0,13,3,SR-834,MILITARY TRAIL,99998,26.27478611,-80.135861110,0,9,0,0,2,2,1,0,1,1,0,1,0,0000000,9,45,9,51,88,88,0,0,0,1,0
12,120662,1,1,1,1,95,2360,6,4,2010,3,19,25,0,16,6,CARTER ST,,0,28.53471944,-81.391105560,0,8,0,0,1,1,1,0,1,1,0,1,0,0000000,19,27,19,35,99,99,0,0,0,1,1
12,120663,2,2,0,2,55,130,9,4,2010,6,1,17,1,13,2,US-27,SHOP 16TH RD,99998,27.61013056,-81.514391670,0,33,0,0,2,2,4,0,3,1,0,1,0,0000000,1,18,1,23,99,99,0,0,0,1,1
12,120664,1,1,0,1,31,1510,11,4,2010,1,5,6,0,16,6,BARTRAM PARK BLVD,,0,30.12966111,-81.541283330,0,30,0,0,1,1,2,0,3,1,0,1,0,0000000,99,99,99,99,88,88,0,0,0,1,1
12,120665,1,1,1,1,31,1510,11,4,2010,1,6,30,1,13,2,US-17,,99998,30.21031389,-81.705166670,0,8,0,0,1,1,1,0,2,1,0,1,0,0000000,99,99,99,99,88,88,0,0,0,1,0
12,120666,2,2,0,2,73,2940,13,4,2010,3,16,16,0,16,6,N SHAMROCK,ROSCREA DR,0,30.52656111,-84.221658330,0,53,0,0,2,3,4,0,1,1,0,1,0,0000000,99,99,16,16,99,99,0,0,0,1,1
12,120668,2,2,0,2,105,0,22,4,2010,5,8,10,0,6,4,BELLEVIEW DR,9TH ST,0,27.88298056,-81.572991670,0,12,6,0,2,2,1,0,1,1,0,1,1,0000000,8,14,8,21,99,99,0,0,0,1,0
12,120669,2,2,0,2,86,2010,24,4,2010,7,7,37,0,16,6,NW 7TH ST,,0,25.78013611,-80.218586110,0,12,6,0,8,1,1,4,1,1,0,1,0,0000000,7,39,7,43,99,99,0,0,0,1,0
12,120670,1,1,0,1,127,2580,24,4,2010,7,23,10,0,13,3,SR-5A,RIDGEWOOD AVE,99998,29.10795278,-80.973752780,0,33,0,1,3,3,3,0,3,1,0,1,0,0000000,23,10,23,16,88,88,0,0,0,1,1
12,120671,2,2,0,3,31,1510,27,4,2010,3,9,27,0,13,2,US-17,700 N PEARL,99998,30.33408889,-81.661044440,0,12,6,0,2,2,1,0,1,1,0,1,0,0000000,99,99,99,99,99,99,0,0,0,1,0
12,120672,1,1,1,1,71,457,27,4,2010,3,19,17,0,16,6,DEL PRADO BLVD,,0,26.65921667,-81.941083330,0,9,0,0,1,1,1,0,1,1,0,1,0,0000000,19,18,19,24,99,99,0,0,0,1,0
12,120673,1,1,1,1,99,0,28,4,2010,4,20,25,0,15,4,LAWRENCE RD,,99998,26.58300556,-80.105197220,0,8,0,0,1,1,1,0,3,1,0,1,0,0000000,20,27,20,31,99,99,0,0,0,1,0
12,120674,1,1,0,1,127,2580,28,4,2010,4,2,30,0,16,6,4261 SPRUCE CREEK RD,,0,29.13467500,-80.994313890,0,42,0,0,1,1,4,0,2,1,0,1,0,0000000,2,30,2,30,99,99,0,0,0,1,1
12,120675,1,1,1,5,87,1568,28,4,2010,4,21,14,1,13,2,US-1,,99998,25.04258056,-80.492988890,0,8,0,0,1,1,1,4,2,1,0,1,0,0000000,21,12,21,19,99,99,0,0,0,1,0
12,120676,1,1,0,1,57,0,30,4,2010,6,18,26,0,6,4,4202 OLD MULBERRY RD,,0,27.95902222,-82.063816670,0,1,0,0,1,1,4,0,1,10,0,10,0,0000000,18,32,18,41,88,88,0,0,0,1,0
12,120677,1,1,0,1,99,0,30,4,2010,6,4,40,1,2,2,US-441,,99998,26.72552778,-80.515516670,0,1,0,0,1,1,4,0,2,1,0,1,0,0000000,6,55,7,5,88,88,0,0,0,1,0
12,120678,2,2,1,3,101,0,30,4,2010,6,23,35,1,13,2,US-19,,99998,28.43018889,-82.641550000,0,8,0,0,1,1,1,0,2,10,0,10,0,0000000,23,37,23,42,88,88,0,0,0,1,0
12,120679,2,2,0,3,101,0,30,4,2010,6,19,15,0,6,4,TRINITY BLVD,TAMARIND BLVD,0,28.18110278,-82.648497220,0,12,2,0,2,2,1,0,1,1,0,1,0,0000000,19,17,19,21,99,99,0,0,0,1,1
12,120680,2,2,0,4,31,1510,1,5,2010,7,2,25,0,13,2,US-17,,99998,30.55731111,-81.620277780,0,12,2,0,1,1,1,0,3,2,0,2,0,0000000,2,21,2,32,99,99,0,0,0,1,1
12,120681,3,3,0,3,33,0,1,5,2010,7,5,42,1,11,1,I-10,,99998,30.44924167,-87.219627780,0,12,2,0,1,1,1,0,4,5,0,5,0,0000000,5,43,5,48,99,99,0,0,0,1,1
12,120682,1,1,0,1,57,2950,2,5,2010,1,9,16,1,11,1,I-75,,99998,28.15928611,-82.393463890,0,1,0,0,1,1,3,0,1,1,0,1,0,0000000,9,19,9,26,88,88,0,0,0,1,0
12,120684,2,2,0,2,95,0,2,5,2010,1,22,0,0,14,3,SR-15,GATLIN AVENUE,99998,28.49510556,-81.330486110,0,12,6,0,2,2,1,0,3,1,0,1,0,0000000,22,4,22,6,99,99,0,0,0,1,0
12,120685,4,4,0,7,87,0,3,5,2010,2,20,40,1,13,2,US-1,,99998,25.17768056,-80.378047220,0,12,6,0,1,1,1,0,2,1,0,1,0,0000000,99,99,99,99,99,99,0,0,0,1,1
12,120686,2,2,0,2,69,960,3,5,2010,2,16,18,0,16,6,DAVID WALKER DR,HUFFSTETLER RD,0,28.82630556,-81.700586110,0,12,6,0,2,3,1,0,1,1,0,1,0,0000000,99,99,16,37,99,99,0,0,0,1,0
12,120687,2,2,0,2,17,0,3,5,2010,2,18,8,0,6,4,CR-495,EMERALD OAKS DR,0,28.95296389,-82.579888890,0,12,1,0,2,3,1,0,1,1,0,1,0,0000000,99,99,99,99,99,99,0,0,0,1,0
12,120688,2,2,0,4,39,0,3,5,2010,2,18,2,1,1,1,I-10,,99998,30.48529444,-84.399247220,0,24,0,0,1,1,4,0,1,1,0,1,0,0000000,18,2,18,2,99,99,0,0,0,1,0
12,120689,2,2,0,2,61,0,3,5,2010,2,12,10,1,1,1,I-95,,99998,27.56379167,-80.485497220,0,12,6,0,1,1,1,0,1,1,0,1,0,0000000,12,10,12,22,88,88,0,0,0,1,0
12,120690,1,1,0,1,15,0,3,5,2010,2,8,43,0,6,4,RIVERSIDE DR,,0,26.94296111,-82.019055560,0,21,0,0,1,1,4,0,1,1,0,1,0,0000000,8,44,8,51,99,99,0,0,0,1,0
12,120691,1,1,0,1,131,0,4,5,2010,3,7,7,1,1,1,I-10,,99998,30.70166111,-85.965775000,0,42,0,0,1,1,2,0,1,2,0,2,0,0000000,7,10,7,26,88,88,0,0,0,1,0
12,120692,3,2,0,2,103,2730,4,5,2010,3,21,24,1,11,1,I-275,,99998,27.85311111,-82.664047220,0,14,0,0,1,1,3,0,3,1,0,1,0,0000000,21,25,21,31,99,99,14,0,0,1,0
12,120693,1,1,1,1,57,0,4,5,2010,3,99,99,0,6,4,27TH ST SE,,0,27.70701944,-82.398197220,0,8,0,0,1,1,1,0,9,1,0,1,0,0000000,99,99,99,99,88,88,0,0,0,1,0
12,120694,2,2,0,3,86,0,4,5,2010,3,7,41,0,13,2,US-41,SW 97TH AVE,99998,25.76152222,-80.352386110,0,12,6,0,2,2,1,0,1,1,0,1,0,0000000,7,44,7,51,99,99,0,0,0,1,0
12,120695,1,1,1,1,55,0,5,5,2010,4,9,55,1,13,2,US-27,,99998,27.62481111,-81.514686110,0,8,0,0,1,1,4,0,1,1,0,1,0,0000000,9,57,10,1,88,88,0,0,0,1,0
12,120696,1,1,0,1,11,771,6,5,2010,5,2,30,0,16,6,SW 154TH AVE,,0,26.06343333,-80.346680560,0,24,0,0,1,1,4,0,3,1,0,1,0,0000000,2,35,2,40,88,88,0,0,0,1,0
12,120697,1,1,0,1,59,0,6,5,2010,5,16,50,1,1,1,I-10,,99998,30.76082222,-85.730377780,0,42,0,0,1,1,3,0,1,1,0,1,0,0000000,16,55,17,1,88,88,0,0,0,1,0
12,120698,3,3,1,6,33,0,6,5,2010,5,23,50,0,16,6,NEW CHEMSTRAND ROAD,,0,30.54556944,-87.262138890,0,8,0,0,1,1,1,0,2,1,0,1,0,0000000,23,52,23,57,88,88,0,0,0,1,0
12,120699,1,1,0,2,21,0,8,5,2010,7,10,0,1,1,1,I-75,,99998,26.16843889,-81.685113890,0,24,0,0,1,1,4,0,1,1,0,1,0,0000000,10,1,10,13,88,88,0,0,0,2,0
12,120700,1,1,1,1,31,1510,8,5,2010,7,5,0,0,13,2,US-1,,99998,30.29749444,-81.769113890,0,8,0,0,1,1,1,0,3,1,0,1,0,0000000,5,9,5,13,88,88,0,0,0,1,0
12,120701,2,2,0,3,33,0,8,5,2010,7,22,58,0,14,2,US-90,SR-10A,99998,30.54159722,-87.196669440,0,12,6,0,2,3,1,0,2,1,0,1,0,0000000,22,58,23,5,99,99,0,0,0,1,0
12,120702,2,2,0,3,97,0,9,5,2010,1,9,20,0,6,4,BOGGY CREEK ROAD,TURNBERRY BLVD,0,28.33356111,-81.278500000,0,12,6,0,2,2,1,0,1,1,0,1,0,0000000,9,22,9,32,99,99,0,0,0,1,0
12,120703,1,1,0,2,127,0,10,5,2010,2,18,45,1,2,3,SR-40,,99998,29.20388889,-81.372063890,0,34,0,0,1,1,4,0,1,1,0,1,0,0000000,18,50,19,2,99,99,0,0,0,1,0
12,120704,2,2,0,3,27,0,10,5,2010,2,7,52,1,2,3,SR-70,,99998,27.20879167,-81.808619440,0,12,6,0,1,1,1,0,1,1,0,1,0,0000000,7,54,7,57,99,99,0,0,0,1,0
12,120705,3,3,0,3,3,1860,4,5,2010,3,11,49,0,14,2,US-90,SR-22,99998,30.28247778,-82.121922220,0,12,6,0,3,1,1,0,1,1,0,1,0,0000000,99,99,99,99,99,99,0,0,0,1,0
12,120707,3,3,0,4,127,825,18,2,2010,5,14,10,0,16,6,SAXON BLVD,ALLADIN DR,0,28.90272500,-81.244255560,0,12,6,0,2,3,1,0,1,1,0,1,0,0000000,14,10,99,99,99,99,0,0,0,1,0
12,120708,2,2,0,6,103,570,26,3,2010,6,13,35,0,14,2,US-19,COURT ST,99998,27.96195833,-82.795875000,0,12,6,0,2,2,1,0,1,1,0,1,0,0000000,99,99,99,99,99,99,0,0,0,1,0
12,120709,1,1,1,1,117,480,4,5,2010,3,22,0,9,99,9,PARKING LOT 1430,,99998,28.62715000,-81.316569440,0,8,0,0,1,1,1,0,3,1,0,1,0,0000000,99,99,99,99,99,99,0,0,0,1,0
12,120710,2,1,0,1,109,2690,7,5,2010,6,0,21,0,13,2,US-1,SR-5,99998,29.90309722,-81.320402780,0,14,0,0,2,3,4,0,3,1,0,1,0,0000000,0,21,0,29,88,88,0,0,0,1,1
12,120711,2,2,0,4,57,0,10,5,2010,2,14,4,0,6,4,14TH ST NW,11TH AVE NW,0,27.72800000,-82.451555560,0,12,6,0,2,2,1,0,1,1,0,1,0,0000000,14,5,14,10,99,99,0,0,0,1,0
12,120712,2,2,0,2,81,0,13,5,2010,5,21,20,0,13,3,SR-70,15TH ST E,99998,27.44769444,-82.546700000,0,12,2,0,2,2,1,0,2,1,0,1,0,0000000,21,22,21,27,99,99,0,0,0,1,0
12,120713,1,1,0,1,101,0,25,4,2010,1,1,17,0,6,4,CR-1,,0,28.23872500,-82.673241670,0,24,0,0,1,1,3,0,2,1,0,1,0,0000000,1,20,1,28,88,88,0,0,0,1,1
12,120714,1,1,0,1,86,0,1,5,2010,7,6,44,0,14,3,SR-860,,99998,25.94228611,-80.334177780,0,42,0,0,1,1,3,0,4,10,0,10,0,0000000,6,45,6,47,88,88,0,0,0,1,0
12,120715,1,1,0,4,81,0,2,5,2010,1,13,30,1,11,1,I-75,,99998,27.58231944,-82.514833330,0,1,0,0,1,1,3,0,1,1,0,1,0,0000000,13,35,13,43,99,99,0,0,0,1,0
12,120716,1,1,1,1,89,0,8,5,2010,7,22,45,0,6,4,FORD ROAD,,0,30.43591111,-81.886386110,0,8,0,0,1,1,1,0,2,10,0,10,0,0000000,22,50,22,57,88,88,0,0,0,1,0
12,120717,1,1,0,1,17,0,8,5,2010,7,2,25,0,3,2,US-41,,99998,28.96857778,-82.419350000,0,42,0,0,1,1,4,0,2,10,0,10,0,0000000,2,27,2,30,88,88,0,0,0,1,0
12,120718,2,2,0,6,3,0,8,5,2010,7,22,4,1,1,1,I-10,,99998,30.25635556,-82.451838890,0,12,2,0,1,1,1,0,2,1,0,1,0,0000000,22,7,22,15,99,99,0,0,0,1,1
12,120719,2,1,1,1,86,0,9,5,2010,1,23,0,1,12,3,SR-826,,99998,25.77267778,-80.320616670,0,8,0,0,1,1,1,0,3,10,0,10,0,0000000,23,5,23,11,88,88,16,0,0,1,1
12,120720,1,1,0,2,31,1510,10,5,2010,2,4,58,1,11,1,I-295,,99998,30.33210278,-81.762677780,0,1,0,0,1,1,1,0,4,1,0,1,0,0000000,4,58,5,4,99,99,0,0,0,1,0
12,120721,2,2,0,3,99,0,10,5,2010,2,11,10,1,12,3,SR-91,,99998,26.49645833,-80.172644440,0,12,1,0,1,1,1,0,1,1,0,1,0,0000000,11,13,11,19,99,99,0,0,0,1,0
12,120722,1,1,1,1,81,0,11,5,2010,3,22,31,0,13,2,US-301,15TH ST,99998,27.47511667,-82.546497220,0,9,0,0,2,2,1,0,3,1,0,1,0,0000000,22,33,22,41,88,88,0,0,0,1,0
12,120723,1,1,0,3,97,0,11,5,2010,3,22,30,0,2,2,US-192,,99998,28.11283889,-80.921313890,0,1,0,0,1,1,4,0,2,1,0,1,0,0000000,22,31,22,49,99,99,0,0,0,1,0
12,120724,1,1,1,1,119,0,12,5,2010,4,21,15,0,2,2,US-301,,99998,28.88423056,-82.037163890,0,8,0,0,1,1,1,0,2,1,0,1,0,0000000,21,17,21,23,88,88,0,0,0,1,0
12,120725,1,1,1,1,99,290,13,5,2010,5,19,35,1,11,1,I-95,,99998,26.36739722,-80.118650000,0,8,0,0,1,1,1,0,5,10,0,10,0,0000000,19,39,19,41,88,88,19,0,0,1,0
12,120726,1,1,0,1,51,0,15,5,2010,7,18,15,0,6,4,CR-833,,0,26.46956389,-81.124805560,0,24,0,0,1,1,4,0,1,1,0,1,0,0000000,18,16,18,38,88,88,0,0,0,1,0
12,120727,2,2,0,4,125,1650,16,5,2010,1,13,20,0,4,3,SR-231,SR-238,99998,30.02108056,-82.344972220,0,12,6,0,2,2,1,0,1,10,0,10,0,0000000,13,33,13,38,99,99,0,0,0,2,0
12,120728,1,1,0,3,113,0,18,5,2010,3,16,46,0,3,2,US-90,,99998,30.62738333,-86.967902780,0,42,0,0,1,1,4,0,1,2,0,2,0,0000000,16,43,16,58,99,99,0,0,0,1,0
12,120730,1,1,1,1,11,1050,17,4,2010,7,20,33,0,13,3,SR-838,,99998,26.13652500,-80.161975000,0,8,0,0,1,1,1,0,3,1,0,1,0,0000000,99,99,99,99,99,99,0,0,0,1,0
12,120731,3,3,0,7,127,780,24,4,2010,7,16,49,1,13,2,US-92,WILLIAMSON BLVD,99998,29.18181111,-81.079138890,0,12,6,0,2,2,1,0,1,1,0,1,0,0000000,99,99,99,99,99,99,0,0,0,1,0
12,120732,1,1,1,1,86,0,17,1,2010,1,8,8,0,6,4,5400 RICKENBACKER CS,,0,25.74265278,-80.172269440,0,9,0,0,1,1,4,0,1,1,0,1,0,0000000,99,99,99,99,99,99,0,0,0,1,1
12,120733,1,1,1,1,11,1782,15,2,2010,2,12,59,0,15,6,1700 NW 55TH AVE,,99998,26.14732500,-80.223311110,0,8,0,0,1,1,1,0,1,1,0,1,0,0000000,99,99,99,99,99,99,0,0,0,1,0
12,120734,2,2,0,3,85,0,26,2,2010,6,14,18,0,15,6,JENSEN BCH BLVD,,99998,27.24381111,-80.231522220,0,12,6,0,4,1,1,0,1,1,0,1,0,0000000,99,99,99,99,99,99,0,0,0,2,0
12,120735,1,1,2,1,11,1050,10,3,2010,4,19,34,0,15,6,EAST LAS OLAS,SE 11TH AVE,99998,26.11927778,-80.132250000,0,8,0,0,2,3,1,0,3,1,0,1,0,0000000,99,99,99,99,99,99,0,0,0,1,0
12,120736,2,2,0,2,105,1270,10,3,2010,4,21,30,0,13,2,US-92,,99998,28.10681111,-81.660238890,0,12,2,0,1,1,1,0,3,1,0,1,0,0000000,99,99,99,99,99,99,0,0,0,1,1