STATE,ST_CASE,VE_TOTAL,VE_FORMS,PEDS,PERSONS,COUNTY,CITY,DAY,MONTH,YEAR,DAY_WEEK,HOUR,MINUTE,NHS,ROAD_FNC,ROUTE,TWAY_ID,TWAY_ID2,MILEPT,LATITUDE,LONGITUD,SP_JUR,HARM_EV,MAN_COLL,RELJCT1,RELJCT2,TYP_INT,REL_ROAD,WRK_ZONE,LGT_COND,WEATHER1,WEATHER2,WEATHER,SCH_BUS,RAIL,NOT_HOUR,NOT_MIN,ARR_HOUR,ARR_MIN,HOSP_HR,HOSP_MN,CF1,CF2,CF3,FATALS,DRUNK_DR
12,120737,3,3,0,3,31,1510,17,3,2010,4,12,0,0,12,3,SR-115,,99998,30.24056111,-81.551941670,0,12,7,0,1,1,1,0,1,2,0,2,0,0000000,99,99,99,99,99,99,0,0,0,1,1
12,120738,1,1,1,1,11,0,25,3,2010,5,22,15,0,13,2,US-441,SR-736,99998,26.10447222,-80.201386110,0,9,0,0,2,2,1,0,3,1,0,1,0,0000000,22,15,22,24,88,88,0,0,0,1,0
12,120739,2,2,0,3,103,2730,27,3,2010,7,9,18,0,14,2,US-19,8TH ST N,99998,27.77663611,-82.644625000,0,12,6,0,2,2,1,0,1,1,0,1,0,0000000,99,99,99,99,99,99,0,0,0,1,0
12,120740,1,1,1,1,86,2220,31,3,2010,4,15,5,0,13,2,US-1,,99998,25.89971667,-80.160605560,0,8,0,0,1,1,1,0,1,1,0,1,0,0000000,99,99,99,99,99,99,0,0,0,1,0
12,120741,1,1,0,1,99,0,19,1,2010,3,23,55,0,15,6,5443 VIA DELRAY,,99998,26.47608611,-80.126852780,0,42,0,0,1,1,3,0,2,1,0,1,0,0000000,99,99,99,99,99,99,0,0,0,1,1
12,120743,1,1,1,1,31,1510,4,4,2010,1,20,50,0,14,3,SR-109,,99998,30.33685278,-81.602600000,0,8,0,0,1,1,1,0,3,1,0,1,0,0000000,99,99,99,99,99,99,0,0,0,1,0
12,120744,1,1,1,1,11,3193,6,4,2010,3,3,0,1,13,2,US-27,,99998,26.06238333,-80.433669440,0,8,0,0,99,9,99,0,2,1,0,1,0,0000000,3,17,3,30,88,88,0,0,0,1,0
12,120745,1,1,1,1,86,1340,8,4,2010,5,19,2,0,16,6,W 29TH STREET,,0,25.84803889,-80.290147220,0,8,0,0,1,1,1,0,1,10,0,10,0,0000000,99,99,99,99,99,99,0,0,0,1,0
12,120747,1,1,0,1,86,2010,19,4,2010,2,18,45,1,11,1,I-195,,99998,25.81153611,-80.188797220,0,39,0,0,1,1,3,0,1,2,0,2,0,0000000,99,99,99,99,99,99,0,0,0,1,0
12,120748,1,1,0,1,86,0,20,4,2010,3,22,16,1,12,3,SR-836,,99998,25.78124722,-80.337225000,0,1,0,0,1,1,2,0,3,2,0,2,0,0000000,99,99,99,99,99,99,0,0,0,1,0
12,120749,1,1,1,1,71,0,21,4,2010,4,0,10,0,13,2,US-41,SOUTH RD,99998,26.57690833,-81.871963890,0,9,0,0,2,3,1,0,3,1,0,1,0,0000000,99,99,99,99,99,99,0,0,0,1,0
12,120750,1,1,0,1,57,2950,21,4,2010,4,8,34,1,11,1,I-275,,99998,27.95623611,-82.491652780,0,1,0,0,1,1,1,4,1,10,0,10,0,0000000,8,35,8,40,99,99,0,0,0,1,0
12,120751,4,4,0,5,115,2780,22,4,2010,5,7,23,0,16,6,BAHIA VISTA,EUCLID,0,27.32283056,-82.517961110,0,12,1,0,3,2,1,0,1,1,0,1,0,0000000,99,99,99,99,99,99,0,0,0,1,0
12,120753,2,2,0,2,127,2580,23,4,2010,6,17,44,0,13,2,US-1,,99998,29.13798611,-80.984725000,0,12,1,0,8,1,1,0,1,1,0,1,0,0000000,99,99,99,99,99,99,0,0,0,1,0
12,120754,2,2,0,2,103,1770,23,4,2010,6,13,48,0,14,3,SR-686,EAST BAY DR,99998,27.91640000,-82.734316670,0,12,6,0,2,2,1,0,1,1,0,1,0,0000000,99,99,99,99,99,99,0,0,0,1,0
12,120755,1,1,0,1,95,0,25,4,2010,1,16,32,0,13,2,US-441,,99998,28.69038889,-81.354769440,0,1,0,0,1,1,1,0,1,1,0,1,0,0000000,16,33,16,58,99,99,0,0,0,1,0
12,120756,2,2,0,2,129,0,29,4,2010,5,13,46,0,2,2,US-98,,99998,30.19936667,-84.180238890,0,12,1,0,4,1,1,0,1,1,0,1,0,0000000,13,46,13,48,99,99,0,0,0,1,0
12,120757,4,4,0,4,11,2541,30,4,2010,6,23,20,1,12,3,SR-91,,99998,26.11546667,-80.218605560,0,12,1,0,1,1,1,0,3,1,0,1,0,0000000,23,41,23,48,88,88,0,0,0,1,1
12,120758,2,2,0,3,86,0,16,3,2010,3,1,10,0,13,3,SR-948,NW 53RD AVENUE,99998,25.80840000,-80.264341670,0,12,6,0,2,3,1,0,3,1,0,1,0,0000000,99,99,99,99,99,99,0,0,0,1,0
12,120759,2,2,0,1,57,2950,19,3,2010,6,3,20,0,16,6,N 12TH STREET,,0,27.96773611,-82.447047220,0,12,2,0,1,1,1,0,3,1,0,1,0,0000000,3,21,3,28,99,99,20,6,0,1,1
12,120760,2,2,0,4,57,2950,19,3,2010,6,11,55,0,13,3,SR-574,,99998,27.98139722,-82.501975000,0,12,1,0,1,1,1,0,1,1,0,1,0,0000000,99,99,99,99,99,99,0,0,0,1,0
12,120761,1,1,1,1,57,2950,26,3,2010,6,6,55,0,13,3,SR-60,,99998,27.94478889,-82.486288890,0,8,0,0,1,1,1,0,3,10,0,10,0,0000000,6,57,7,3,88,88,0,0,0,1,0
12,120762,2,2,0,2,86,670,15,4,2010,5,17,14,0,16,6,BROOKER ST,FROW AVE,0,25.72878056,-80.255755560,0,12,6,0,2,2,1,0,1,1,0,1,0,0000000,17,15,17,18,99,99,0,0,0,1,0
12,120763,4,2,0,2,11,2219,28,4,2010,4,13,8,0,14,6,FOREST BLVD,ROCK ISLAND RD,99998,26.22250278,-80.220505560,0,12,6,0,2,2,1,0,1,1,0,1,0,0000000,13,9,13,14,99,99,0,0,0,1,0
12,120764,1,1,0,1,15,0,8,5,2010,7,21,45,0,6,4,COOK BROWN RD,,0,26.79914167,-81.794361110,0,1,0,0,1,1,4,0,2,1,0,1,0,0000000,22,2,22,2,88,88,0,0,0,1,1
12,120765,1,1,0,2,31,1510,8,5,2010,7,2,44,1,11,1,I-295,,99998,30.25834444,-81.763225000,0,24,0,0,1,1,3,0,3,10,0,10,0,0000000,2,46,2,52,99,99,0,0,0,1,1
12,120766,1,1,0,2,117,0,11,5,2010,3,19,20,0,6,4,CR-427,,0,28.74043889,-81.295861110,0,33,0,0,1,1,4,0,1,1,0,1,0,0000000,19,25,19,29,99,99,0,0,0,1,1
12,120767,2,2,0,2,19,1200,13,5,2010,5,21,6,0,13,2,US-17,HEATH RD,99998,30.02211944,-81.705419440,0,12,6,0,2,2,1,0,3,1,0,1,0,0000000,21,3,21,11,88,88,0,0,0,1,0
12,120768,1,1,0,1,86,0,13,5,2010,5,9,10,1,11,1,I-95,,99998,25.97087500,-80.165433330,0,1,0,0,1,1,1,0,1,10,0,10,0,0000000,9,16,9,24,88,88,0,0,0,1,0
12,120769,2,1,0,2,86,0,15,5,2010,7,20,34,1,12,3,SR-821,,99998,25.90925833,-80.382113890,0,14,0,0,1,1,2,0,2,1,0,1,0,0000000,20,36,20,42,99,99,0,0,0,1,0
12,120770,1,1,0,1,83,0,15,5,2010,7,17,55,0,6,4,NE 203RD AVE RD,NE 127TH STREET RD,0,29.34781667,-81.819888890,0,1,0,0,3,1,1,0,1,10,0,10,0,0000000,17,55,18,6,99,99,0,0,0,1,1
12,120771,1,1,1,1,127,0,15,5,2010,7,22,16,0,13,2,US-1,,99998,29.33673056,-81.132394440,0,8,0,0,1,1,1,0,2,1,0,1,0,0000000,22,16,22,22,88,88,0,0,0,1,1
12,120772,1,1,0,1,39,0,16,5,2010,1,0,45,0,6,4,CR-12,CR-12B,0,30.65668056,-84.382155560,0,43,0,0,3,1,4,0,2,1,0,1,0,0000000,0,49,1,4,88,88,0,0,0,1,0
12,120773,2,2,0,2,83,0,17,5,2010,2,18,5,1,2,3,SR-40,,99998,29.20035556,-81.932280560,0,12,6,0,1,1,1,0,1,1,0,1,0,0000000,18,9,18,14,88,88,0,0,0,1,0
12,120774,1,1,0,1,61,0,17,5,2010,2,11,35,0,6,4,106TH AVENUE,S 81ST STREET,0,27.74176667,-80.544063890,0,1,0,0,3,1,4,0,1,10,0,10,0,0000000,11,56,12,9,88,88,0,0,0,1,0
12,120775,2,1,1,1,73,0,17,5,2010,2,17,50,0,14,2,US-90,,99998,30.46267778,-84.392580560,0,14,0,0,1,1,2,0,1,1,0,1,0,0000000,17,52,18,2,99,99,0,0,0,1,0
12,120776,2,1,0,3,117,0,18,5,2010,3,21,16,1,11,1,I-4,,99998,28.68080833,-81.388419440,0,14,0,0,1,1,2,0,2,1,0,1,0,0000000,21,18,21,26,99,99,0,0,0,1,0
12,120777,1,1,1,1,81,0,20,5,2010,5,20,23,0,13,2,US-41,,99998,27.47543056,-82.575383330,0,8,0,0,1,1,1,0,3,1,0,1,0,0000000,20,25,20,30,99,99,0,0,0,1,0
12,120778,1,1,0,1,93,0,20,5,2010,5,19,15,1,2,3,SR-91,,99998,27.64032222,-80.851355560,0,1,0,0,1,1,1,0,5,1,0,1,0,0000000,19,18,19,42,88,88,0,0,0,1,1
12,120779,1,1,0,1,13,0,21,5,2010,6,19,55,0,3,3,SR-71,,99998,30.23904722,-85.209763890,0,1,0,0,1,1,4,0,5,1,0,1,0,0000000,19,56,20,13,88,88,0,0,0,1,1
12,120780,1,1,0,3,127,0,21,5,2010,6,14,59,1,11,1,I-4,,99998,28.93550556,-81.264127780,0,24,0,0,1,1,3,0,1,1,0,1,0,0000000,14,59,15,4,99,99,0,0,0,1,0
12,120781,1,1,1,2,127,0,22,5,2010,7,22,26,0,6,4,DOYLE RD,,0,28.86322778,-81.209391670,0,9,0,0,1,1,1,0,2,1,0,1,0,0000000,22,26,22,29,99,99,0,0,0,1,0
12,120782,1,1,0,2,99,0,22,5,2010,7,8,28,1,12,3,SR-91,,99998,26.63610556,-80.173975000,0,1,0,0,1,1,4,0,1,1,0,1,0,0000000,8,30,8,38,99,99,0,0,0,1,0
12,120783,1,1,0,5,55,0,22,5,2010,7,10,15,1,2,3,SR-70,,99998,27.20900556,-81.212277780,0,38,0,0,1,1,4,0,1,1,0,1,0,0000000,10,17,10,32,99,99,0,0,0,2,0
12,120784,1,1,0,2,103,2730,28,4,2010,4,13,21,1,11,1,I-275,,99998,27.87778611,-82.675380560,0,1,0,0,5,1,11,0,1,1,0,1,0,0000000,99,99,99,99,99,99,0,0,0,1,0
12,120785,2,2,2,5,69,0,24,4,2010,7,3,8,0,6,4,CR-44,,0,28.87567778,-81.749680560,0,12,1,0,1,1,1,0,2,1,0,1,0,0000000,99,99,99,99,99,99,0,0,0,1,0
12,120786,1,1,1,1,61,0,17,5,2010,2,21,5,0,15,4,CR-605,10TH PL,99998,27.62160278,-80.393680560,0,9,0,0,3,1,1,0,2,1,0,1,0,0000000,21,8,21,12,88,88,0,0,0,1,0
12,120787,1,1,0,1,23,0,19,5,2010,4,3,30,1,1,1,I-75,,99998,30.26940833,-82.755761110,0,42,0,0,1,1,4,0,3,1,0,1,0,0000000,3,31,3,42,88,88,0,0,0,1,0
12,120788,2,2,0,2,101,0,26,5,2010,4,12,40,0,13,3,SR-54,,99998,28.20621389,-82.676600000,0,12,6,0,1,1,1,0,1,1,0,1,0,0000000,12,42,12,46,88,88,0,0,0,1,0
12,120789,4,4,1,4,86,0,28,3,2010,1,20,59,0,6,4,NW 62ND STREET,NW 22ND AVENUE,0,25.83140278,-80.233080560,0,12,1,0,3,2,1,0,3,1,0,1,0,0000000,21,0,21,5,99,99,0,0,0,1,1
12,120790,2,2,0,2,103,2730,27,1,2010,4,18,52,0,16,6,16TH STREET N,54TH AVENUE N,0,27.82115278,-82.655008330,0,12,6,0,2,2,1,0,3,1,0,1,0,0000000,18,52,18,53,99,99,0,0,0,1,0
12,120791,2,2,0,2,86,0,17,3,2010,4,5,5,0,16,6,NW 37TH AVENUE,,0,25.93224167,-80.260980560,0,12,1,0,1,1,1,0,3,1,0,1,1,0000000,99,99,99,99,88,88,0,0,0,1,1
12,120792,2,2,0,2,127,1410,3,4,2010,7,1,6,0,13,2,US-1,,99998,29.25485556,-81.046522220,0,12,1,0,1,1,1,0,2,1,0,1,0,0000000,1,6,1,17,99,99,0,0,0,1,2
12,120793,1,1,1,3,103,2730,12,4,2010,2,20,42,0,14,2,US-92,,99998,27.83553611,-82.638655560,0,8,0,0,1,1,1,0,3,1,0,1,0,0000000,99,99,99,99,99,99,0,0,0,1,0
12,120794,2,2,0,3,86,2010,16,4,2010,6,8,17,0,16,6,NW 16TH ST,NW 37TH AVE,0,25.78861667,-80.255986110,0,12,6,0,2,3,1,0,1,1,0,1,0,0000000,99,99,99,99,99,99,0,0,0,1,0
12,120795,1,1,0,1,93,0,20,4,2010,3,4,44,0,2,2,US-98,,99998,27.41212500,-80.813938890,0,53,0,0,1,1,4,0,2,1,0,1,0,0000000,4,44,4,44,88,88,0,0,0,1,1
12,120796,1,1,0,1,11,2468,23,4,2010,6,19,55,0,12,6,PEMBROKE RD,,99998,25.99437778,-80.257294440,0,34,0,0,1,1,4,0,3,1,0,1,0,0000000,99,99,19,58,99,99,0,0,0,1,0
12,120797,3,3,0,7,86,0,1,5,2010,7,17,36,0,6,4,SW 184TH ST,SW 169TH AVE,0,25.59469167,-80.466300000,0,12,2,0,2,3,1,0,1,1,0,1,0,0000000,17,45,17,58,99,99,0,0,0,2,0
12,120798,2,2,0,4,11,2468,3,5,2010,2,17,35,0,12,6,SHERIDAN ST,NW 76TH AVE,99998,26.03109444,-80.240622220,0,12,6,0,2,2,1,0,1,1,0,1,0,0000000,17,35,17,37,99,99,0,0,0,1,0
12,120799,1,1,1,1,86,1340,3,5,2010,2,9,53,0,13,3,SR-953,E OKEECHOBEE RD,99998,25.82268611,-80.280116670,0,15,0,0,3,2,1,0,1,10,0,10,0,0000000,99,99,99,99,88,88,0,0,0,1,0
12,120800,2,2,0,2,109,2571,3,5,2010,2,21,24,0,14,3,SR-A1A,CORONA RD,99998,30.21663889,-81.381388890,0,12,1,0,2,2,1,0,3,1,0,1,0,0000000,99,99,99,99,99,99,0,0,0,1,0
12,120801,1,1,1,1,105,1690,4,5,2010,3,18,57,0,14,3,SR-563,LIME STREET,99998,28.04049722,-81.959963890,0,15,0,0,2,2,1,0,1,1,0,1,0,0000000,18,56,19,9,99,99,0,0,0,1,0
12,120802,1,1,0,1,31,1510,5,5,2010,4,23,30,0,16,6,ASHLEY MELISSE BLVD,,0,30.34039722,-81.476961110,0,42,0,0,1,1,4,0,3,1,0,1,0,0000000,23,44,23,51,88,88,0,0,0,1,1
12,120803,1,1,1,1,11,2260,7,5,2010,6,21,34,0,13,3,SR-870,,99998,26.18890278,-80.130405560,0,8,0,0,1,1,1,0,3,1,0,1,0,0000000,21,36,21,41,88,88,0,0,0,1,0
12,120804,1,1,1,1,105,1690,7,5,2010,6,5,17,0,14,3,SR-33,,99998,28.10337778,-81.944666670,0,8,0,0,1,1,1,0,2,1,0,1,0,0000000,99,99,99,99,99,99,0,0,0,1,0
12,120805,2,2,0,3,86,1340,8,5,2010,7,14,55,0,16,6,WEST 32ND ST,WEST 14TH AVE,0,25.85070278,-80.310402780,0,12,6,0,2,2,1,0,1,10,0,10,0,0000000,14,56,15,2,88,88,0,0,0,1,0
12,120806,3,3,0,7,11,2541,9,5,2010,1,9,56,0,14,6,N PINE ISLAND RD,NW 9TH PL,99998,26.13489722,-80.269186110,0,12,6,0,2,2,1,0,1,1,0,1,0,0000000,9,59,9,59,99,99,0,0,0,1,0
12,120807,2,2,0,3,83,2270,12,5,2010,4,20,53,0,14,3,SR-464,SE 3RD AVE,99998,29.17171111,-82.134338890,0,12,6,0,2,2,1,0,3,1,0,1,0,0000000,99,99,99,99,99,99,0,0,0,1,0
12,120808,1,1,0,1,115,2235,13,5,2010,5,2,39,0,16,6,S CRANBERRY BLVD,,0,27.05369444,-82.187697220,0,42,0,0,1,1,4,0,3,1,0,1,0,0000000,2,45,2,52,88,88,0,0,0,1,1
12,120809,1,1,1,1,103,1770,14,5,2010,6,17,52,0,14,3,SR-686,,99998,27.91673056,-82.773044440,0,8,0,0,1,1,1,0,1,10,0,10,0,0000000,99,99,99,99,99,99,0,0,0,1,0
12,120810,2,2,0,3,103,1770,16,5,2010,1,2,12,0,14,3,SR-686,HUNTINGTON DR,99998,27.91661944,-82.757861110,0,12,6,0,2,2,1,0,3,1,0,1,0,0000000,2,12,2,13,99,99,0,0,0,1,1
12,120811,2,2,0,2,83,2270,22,5,2010,7,14,35,0,13,2,US-27,,99998,29.20531111,-82.182391670,0,12,6,0,8,1,1,0,1,1,0,1,0,0000000,14,36,14,42,99,99,0,0,0,1,0
12,120812,4,4,0,5,31,1510,22,4,2010,5,2,40,0,13,2,US-90,,99998,30.28662500,-81.543230560,0,12,1,0,1,1,1,0,3,1,0,1,0,0000000,2,43,2,47,99,99,0,0,0,1,0
12,120813,2,2,0,2,127,780,10,5,2010,2,15,14,0,16,6,N CLYDE MORRIS BLVD,,0,29.21342500,-81.061977780,0,12,6,0,1,1,1,0,1,10,0,10,0,0000000,99,99,99,99,99,99,0,0,0,1,0
12,120814,2,2,0,4,57,0,14,5,2010,6,18,58,0,6,4,CLEMONS ROAD,CAMPHOR DRIVE,0,27.98415833,-82.084350000,0,12,6,0,2,3,1,0,5,1,0,1,0,0000000,18,58,19,6,88,88,0,0,0,1,0
12,120815,1,1,1,1,57,2675,17,5,2010,2,5,41,0,13,3,SR-674,,99998,27.71295556,-82.404177780,0,8,0,0,1,1,1,0,3,10,0,10,0,0000000,5,42,5,46,88,88,0,0,0,1,0
12,120816,2,2,0,3,95,0,23,3,2010,3,21,7,0,6,4,PLYMOUTH SORRENTO RD,,0,28.75326944,-81.559883330,0,12,6,0,4,1,1,0,3,1,0,1,0,0000000,99,99,99,99,99,99,0,0,0,1,0
12,120817,2,2,0,2,17,0,30,3,2010,3,12,50,1,13,2,US-19,SW MAYO DR,99998,28.87868056,-82.581016670,0,12,6,0,2,3,1,0,1,1,0,1,0,0000000,99,99,99,99,99,99,0,0,0,1,0
12,120818,2,2,0,3,99,0,28,4,2010,4,8,35,0,6,4,13800 S JOG RD,LAKE IDA RD,0,26.47289722,-80.147022220,0,12,6,0,2,3,1,0,1,1,0,1,0,0000000,99,99,99,99,99,99,0,0,0,1,0
12,120819,1,1,1,1,11,1420,4,5,2010,3,17,44,0,16,6,N23RD AVE,,0,26.02473889,-80.153277780,0,8,0,0,1,1,1,0,1,1,0,1,0,0000000,17,44,17,46,99,99,0,0,0,1,0
12,120820,1,1,0,1,35,2439,16,5,2010,1,3,5,0,16,6,TOWN CENTER BLVD,,0,29.48413611,-81.196138890,0,33,0,0,1,1,4,0,3,1,0,1,0,0000000,3,9,3,14,99,99,0,0,0,1,1
12,120821,2,2,0,2,1,0,19,5,2010,4,4,20,0,2,2,US-27,NW 94TH AVE,99998,29.74235000,-82.607100000,0,12,6,0,2,2,1,0,2,1,0,1,0,0000000,4,29,4,42,88,88,0,0,0,1,0
12,120822,1,1,1,2,5,0,21,5,2010,6,22,10,1,13,2,US-98,,99998,30.24266944,-85.917536110,0,8,0,0,1,1,1,0,2,1,0,1,0,0000000,22,13,22,20,99,99,0,0,0,1,0
12,120823,1,1,0,3,93,0,21,5,2010,6,10,22,0,6,4,CR-24,,0,27.46517500,-80.869244440,0,5,0,0,1,1,2,0,1,1,0,1,0,0000000,10,22,10,35,88,88,0,0,0,1,0
12,120824,1,1,0,1,71,0,23,5,2010,1,18,0,0,6,4,IMPERIAL ST,,0,26.35480278,-81.770152780,0,1,0,0,1,1,4,0,1,1,0,1,0,0000000,99,99,99,99,88,88,0,0,0,1,0
12,120825,2,2,0,3,95,0,23,5,2010,1,21,11,0,14,3,SR-551,,99998,28.52111111,-81.286600000,0,12,6,0,1,1,1,0,3,1,0,1,0,0000000,22,13,22,18,99,99,0,0,0,1,0
12,120826,1,1,0,1,101,0,23,5,2010,1,21,20,0,6,4,MENTMORE BLVD,,0,28.20089444,-82.501547220,0,33,0,0,1,1,4,0,3,1,0,1,0,0000000,21,45,21,56,88,88,0,0,0,1,1
12,120827,2,2,0,7,127,817,23,5,2010,1,1,10,0,16,6,GRAND AVE,WHEELER ST,0,29.11991111,-81.353933330,0,12,6,0,2,2,1,0,3,1,0,1,0,0000000,1,11,1,21,99,99,0,0,0,2,1
12,120828,1,1,0,1,39,0,24,5,2010,2,10,30,1,2,2,US-27,HINSON ST,99998,30.65074722,-84.417127780,0,42,0,0,3,1,4,0,1,1,0,1,0,0000000,10,39,10,52,88,88,0,0,0,1,0
12,120829,1,1,0,1,117,0,26,5,2010,4,18,35,0,2,3,SR-46,,99998,28.71668611,-81.057116670,0,34,0,0,1,1,4,0,1,1,0,1,0,0000000,18,37,18,44,88,88,0,0,0,1,0
12,120830,1,1,0,2,23,0,26,5,2010,4,13,25,0,6,4,CR-18,,0,29.92228611,-82.691475000,0,42,0,0,1,1,4,0,1,1,0,1,0,0000000,13,27,13,38,99,99,0,0,0,1,0
12,120831,2,2,0,4,127,0,26,5,2010,4,4,1,1,11,1,I-95,,99998,29.00320278,-80.981269440,0,12,1,0,1,1,1,0,2,1,0,1,0,0000000,4,5,4,15,99,99,0,0,0,1,0
12,120832,1,1,1,1,101,0,27,5,2010,5,17,34,0,13,2,US-301,,99998,28.22616389,-82.179988890,0,9,0,0,1,1,2,0,1,1,0,1,0,0000000,17,34,17,39,99,99,0,0,0,1,0
12,120833,1,1,0,1,127,0,27,5,2010,5,15,15,1,11,1,I-95,,99998,29.39015556,-81.149013890,0,34,0,0,1,1,4,0,1,1,0,1,0,0000000,15,19,15,28,88,88,0,0,0,1,0
12,120834,1,1,0,2,121,0,27,5,2010,5,21,50,0,6,4,HOGAN RD,,0,30.30300278,-82.870475000,0,5,0,0,1,1,1,0,2,1,0,1,0,0000000,22,4,22,12,99,99,0,0,0,1,0
12,120835,1,1,0,1,71,0,28,5,2010,6,22,50,0,3,3,SR-82,,99998,26.52050278,-81.571919440,0,34,0,0,1,1,4,0,2,1,0,1,0,0000000,22,56,23,8,88,88,0,0,0,1,1
12,120836,1,1,1,2,53,2882,28,5,2010,6,22,20,1,13,2,US-19,,99998,28.48369167,-82.606411110,0,8,0,0,1,1,1,0,3,1,0,1,0,0000000,22,30,22,36,88,88,0,0,0,1,0
12,120837,1,1,1,1,57,0,28,5,2010,6,21,15,0,13,2,US-301,EL FAIR BLVD,99998,27.99030000,-82.358766670,0,8,0,0,2,3,1,0,3,10,0,10,0,0000000,21,16,21,23,88,88,0,0,0,1,0
12,120838,2,2,0,3,101,0,28,5,2010,6,13,30,0,3,2,US-41,,99998,28.29767500,-82.493752780,0,31,0,0,8,1,4,0,1,10,0,10,0,0000000,13,33,13,36,99,99,0,0,0,1,0
12,120839,1,1,0,3,9,0,29,5,2010,7,23,35,0,6,4,HOLDER RD,,0,28.65553611,-80.864716670,0,38,0,0,1,1,4,0,3,10,0,10,0,0000000,99,99,99,99,99,99,0,0,0,1,1
12,120840,2,2,0,3,23,0,29,5,2010,7,20,20,1,1,1,I-10,,99998,30.27146944,-82.775663890,0,12,6,0,1,1,1,0,5,2,0,2,0,0000000,20,23,20,35,99,99,0,0,0,1,0
12,120841,1,1,0,5,91,0,29,5,2010,7,18,10,1,1,1,I-10,,99998,30.71876667,-86.457422220,0,1,0,0,1,1,2,0,1,2,0,2,0,0000000,18,12,18,21,99,99,0,0,0,1,0
12,120842,1,1,0,3,57,0,30,5,2010,1,22,47,1,13,3,SR-60,,99998,27.93760833,-82.202588890,0,34,0,0,1,1,4,0,2,2,0,2,0,0000000,22,52,22,55,99,99,0,0,0,1,0
12,120843,1,1,1,2,85,1482,31,5,2010,2,21,43,1,13,3,SR-710,SW JACKSON AVENUE,99998,27.01913611,-80.464752780,0,8,0,0,2,3,1,0,3,2,0,2,0,0000000,21,41,21,45,99,99,0,0,0,1,0
12,120844,1,1,0,2,85,0,1,6,2010,3,16,20,1,2,3,SR-91,,99998,26.97196389,-80.178308330,0,30,0,0,1,1,4,0,1,2,0,2,0,0000000,16,24,16,36,99,99,0,0,0,1,0
12,120845,2,2,0,3,113,0,2,6,2010,4,18,25,0,6,4,OLD HICKORY HAMMOCK,,0,30.59520000,-86.997130560,0,12,6,0,8,1,1,0,1,10,0,10,0,0000000,18,31,18,43,99,99,0,0,0,1,0
12,120846,2,2,0,2,55,0,13,5,2010,5,1,58,0,6,4,WEST STRYKER RD,NORTH OLEANDER DR,0,27.61747500,-81.522555560,0,12,6,0,2,2,1,0,2,1,0,1,0,0000000,1,58,2,7,99,99,0,0,0,1,1
12,120847,2,2,0,2,86,0,25,4,2010,1,6,25,0,6,4,SW 248TH ST,,0,25.53585833,-80.471002780,0,12,2,0,1,1,4,0,3,1,0,1,0,0000000,6,25,6,35,99,99,0,0,0,1,0
12,120848,1,1,1,1,69,1820,4,5,2010,3,22,53,0,13,2,US-27,CR-466A,99998,28.83751111,-81.891716670,0,8,0,0,3,2,1,0,3,10,0,10,0,0000000,22,57,23,2,99,99,0,0,0,1,0
12,120849,2,2,0,2,9,1483,6,5,2010,5,9,23,0,13,3,SR-A1A,GROSSE POINT DR,99998,28.09788611,-80.568880560,0,12,6,0,3,3,1,0,1,1,0,1,0,0000000,9,23,9,25,99,99,0,0,0,1,0
12,120850,3,3,0,5,11,1420,9,5,2010,1,3,21,0,14,6,STIRLING RD,,99998,26.04681111,-80.200650000,0,12,7,0,1,1,1,0,3,1,0,1,0,0000000,3,22,3,30,88,88,0,0,0,1,0
12,120851,1,1,0,1,73,2940,3,6,2010,5,3,32,0,16,6,3500 COMMONWEALT BLV,COMMONWEALTH LN,0,30.47470000,-84.355719440,0,33,0,0,2,4,4,0,3,1,0,1,0,0000000,99,99,99,99,88,88,0,0,0,1,0
12,120852,1,1,0,1,57,2950,9,2,2010,3,8,0,1,13,3,SR-589,,99998,27.96583611,-82.546472220,0,25,0,0,1,1,3,0,1,1,0,1,0,0000000,99,99,99,99,88,88,0,0,0,1,0
12,120853,1,1,1,1,86,0,21,2,2010,1,99,99,0,16,6,NW 17TH AVENUE,,0,25.78968889,-80.223119440,0,8,0,0,99,9,1,0,3,1,0,1,0,0000000,4,53,5,2,88,88,0,0,0,1,0
12,120854,1,1,0,5,61,0,29,5,2010,7,17,52,1,1,1,I-95,,99998,27.61139444,-80.512608330,0,1,0,0,1,1,1,0,1,1,0,1,0,0000000,17,54,18,2,99,99,0,0,0,4,0
12,120855,1,1,1,1,95,0,4,5,2010,3,0,17,0,13,2,US-441,,99998,28.47278889,-81.396513890,0,8,0,0,1,1,1,0,3,1,0,1,0,0000000,99,99,0,17,99,99,0,0,0,1,0
12,120857,1,1,1,1,103,2730,24,4,2010,7,22,38,0,14,2,US-92,,99998,27.79645556,-82.638569440,0,8,0,0,1,1,1,0,3,1,0,1,0,0000000,99,99,99,99,99,99,0,0,0,1,0
12,120858,2,2,0,3,71,0,1,5,2010,7,15,30,1,1,1,I-75,,99998,26.76074722,-81.873336110,0,12,6,0,1,1,1,0,1,1,0,1,0,0000000,15,33,15,40,99,99,0,0,0,2,1
12,120859,1,1,0,3,11,2219,1,5,2010,7,11,9,1,12,3,SR-91,,99998,26.20850833,-80.196761110,0,20,0,0,1,1,1,0,1,1,0,1,0,0000000,99,99,99,99,99,99,0,0,0,1,0