STATE,ST_CASE,VE_TOTAL,VE_FORMS,PEDS,PERSONS,COUNTY,CITY,DAY,MONTH,YEAR,DAY_WEEK,HOUR,MINUTE,NHS,ROAD_FNC,ROUTE,TWAY_ID,TWAY_ID2,MILEPT,LATITUDE,LONGITUD,SP_JUR,HARM_EV,MAN_COLL,RELJCT1,RELJCT2,TYP_INT,REL_ROAD,WRK_ZONE,LGT_COND,WEATHER1,WEATHER2,WEATHER,SCH_BUS,RAIL,NOT_HOUR,NOT_MIN,ARR_HOUR,ARR_MIN,HOSP_HR,HOSP_MN,CF1,CF2,CF3,FATALS,DRUNK_DR
12,120860,2,2,0,5,11,672,2,5,2010,1,1,14,0,13,2,US-441,,99998,26.28642222,-80.201875000,0,12,1,0,1,1,1,0,3,1,0,1,0,0000000,99,99,99,99,99,99,0,0,0,1,2
12,120861,1,1,1,2,73,2940,4,5,2010,3,22,5,0,16,6,S BRONOUGH ST,W GEORGIA ST,0,30.44801389,-84.284363890,0,9,0,0,2,2,1,0,3,1,0,1,0,0000000,99,99,99,99,99,99,0,0,0,1,0
12,120862,1,1,0,1,31,1510,16,5,2010,1,3,20,0,13,3,SR-228,,99998,30.20934722,-81.959294440,0,34,0,0,1,1,4,0,2,10,0,10,0,0000000,3,28,3,46,99,99,0,0,0,1,1
12,120863,1,1,1,1,21,0,5,5,2010,4,15,50,0,13,3,SR-29,N 4TH ST,99998,26.41858056,-81.420550000,0,9,0,0,3,3,1,0,1,10,0,10,0,0000000,99,99,99,99,99,99,0,0,0,1,0
12,120864,1,1,1,1,101,0,6,5,2010,5,12,24,1,13,2,US-19,,99998,28.33721389,-82.699144440,0,15,0,0,8,1,1,0,1,10,0,10,0,0000000,99,99,99,99,99,99,0,0,0,1,0
12,120865,2,2,0,2,119,0,7,5,2010,6,23,5,0,6,4,CR-222,,0,28.90190000,-82.083372220,0,12,2,0,1,1,1,0,2,1,0,1,0,0000000,23,15,23,33,99,99,0,0,0,1,0
12,120866,2,2,0,2,31,1510,13,5,2010,5,15,31,1,12,3,SR-9A,,99998,30.29948333,-81.522888890,0,12,7,0,1,1,1,0,1,1,0,1,0,0000000,17,31,17,31,88,88,0,0,0,1,1
12,120867,1,1,0,2,35,2439,14,6,2010,2,17,50,1,11,1,I-95,,99998,29.60683611,-81.251913890,0,1,0,0,1,1,3,0,1,1,0,1,0,0000000,17,53,18,0,99,99,0,0,0,1,0
12,120868,2,2,0,2,21,0,20,5,2010,5,15,18,0,6,4,COUNTY BARN RD,,0,26.12716111,-81.730213890,0,12,6,0,4,1,1,0,1,10,0,10,0,0000000,99,99,99,99,99,99,0,0,0,2,0
12,120869,1,1,0,1,86,2010,20,5,2010,5,22,53,1,11,1,I-95,,99998,25.75886944,-80.199938890,0,24,0,0,1,1,4,0,3,1,0,1,0,0000000,22,52,23,2,88,88,0,0,0,1,0
12,120870,1,1,1,3,95,0,21,5,2010,6,21,0,0,6,4,PINE HILLS ROAD,,0,28.59698333,-81.451425000,0,8,0,0,1,1,1,0,3,1,0,1,0,0000000,21,4,21,5,99,99,0,0,0,1,0
12,120871,1,1,0,1,83,0,24,5,2010,2,11,25,0,6,4,NE 1ST ST RD,,0,29.19195000,-81.936066670,0,38,0,0,1,1,4,0,1,1,0,1,0,0000000,11,3,11,39,88,88,0,0,0,1,0
12,120872,1,1,0,1,85,0,24,5,2010,2,16,13,1,1,1,I-95,,99998,27.12732500,-80.303663890,0,1,0,0,1,1,3,0,1,1,0,1,0,0000000,16,12,16,22,99,99,0,0,0,1,0
12,120873,5,5,0,6,85,0,25,5,2010,3,7,53,1,1,1,I-95,,99998,26.99807500,-80.198650000,0,12,6,0,1,1,1,0,1,1,0,1,0,0000000,7,54,8,8,99,99,14,0,0,1,0
12,120874,1,1,0,1,21,0,27,5,2010,5,15,10,0,13,2,US-41,,99998,26.31243611,-81.804977780,0,42,0,0,1,1,3,0,1,1,0,1,0,0000000,15,13,15,18,99,99,0,0,0,1,0
12,120875,2,2,0,2,1,0,28,5,2010,6,1,52,0,13,2,US-441,,99998,29.61816111,-82.340369440,0,12,1,0,1,1,1,0,3,1,0,1,0,0000000,1,54,1,59,99,99,0,0,0,1,0
12,120876,1,1,1,1,103,0,28,5,2010,6,20,56,0,13,2,US-19,,99998,27.86190000,-82.786969440,0,8,0,0,1,1,1,0,2,1,0,1,0,0000000,20,56,20,59,88,88,0,0,0,1,0
12,120877,3,3,1,7,11,2948,29,5,2010,7,20,42,1,12,3,SR-91,,99998,26.18256389,-80.218144440,0,8,0,0,1,1,1,0,3,1,0,1,0,0000000,21,44,21,50,88,88,0,0,0,1,0
12,120878,2,2,0,2,95,0,29,5,2010,7,8,53,0,6,3,SR-527,SR-482,0,28.45096111,-81.363363890,0,12,6,0,2,2,1,0,1,1,0,1,0,0000000,8,55,9,0,99,99,0,0,0,1,0
12,120879,2,2,0,3,5,0,29,5,2010,7,15,50,0,6,4,SANDY CREEK ROAD,,0,30.14098889,-85.443180560,0,12,2,0,1,1,1,0,1,1,0,1,0,0000000,15,57,16,14,99,99,0,0,0,1,1
12,120880,2,2,0,3,61,0,30,5,2010,1,17,13,0,14,4,CR-613,77TH STREET,99998,27.73389722,-80.445730560,0,12,6,0,2,2,1,0,1,1,0,1,0,0000000,17,15,17,21,99,99,0,0,0,1,0
12,120882,1,1,0,1,95,0,30,5,2010,1,2,10,1,12,3,SR-91,,99998,28.38278333,-81.391000000,0,43,0,0,1,1,4,0,2,10,0,10,0,0000000,8,30,8,35,88,88,0,0,0,1,1
12,120883,1,1,0,4,87,0,30,5,2010,1,4,18,1,13,2,US-1,,99998,24.57307500,-81.742122220,0,33,0,0,1,1,4,0,2,10,0,10,0,0000000,99,99,4,18,99,99,0,0,0,1,1
12,120884,2,2,0,2,99,330,6,2,2010,7,18,49,0,16,6,N SEACREST BLVD,MENTONE RD,0,26.56494722,-80.066527780,0,12,6,0,2,3,1,0,3,1,0,1,0,0000000,99,99,99,99,99,99,0,0,0,1,0
12,120885,2,2,0,6,111,0,28,2,2010,1,19,40,0,14,3,SR-A1A,,99998,27.27380278,-80.206483330,0,12,6,0,8,1,1,0,2,1,0,1,0,0000000,99,99,99,99,99,99,0,0,0,1,0
12,120886,1,1,1,2,111,1080,7,3,2010,1,23,30,0,15,6,S 13TH ST,,99998,27.43617222,-80.337102780,0,8,0,0,1,1,1,0,3,1,0,1,0,0000000,99,99,99,99,99,99,0,0,0,1,0
12,120887,1,1,0,1,69,0,8,5,2010,7,21,30,0,6,4,CR-452,,0,28.95152778,-81.785327780,0,1,0,0,1,1,2,0,2,1,0,1,0,0000000,21,40,21,49,88,88,0,0,0,1,0
12,120888,2,2,0,2,41,0,1,6,2010,3,18,57,0,6,4,CR-313,CR-334,0,29.63491111,-82.881783330,0,12,6,0,2,2,1,0,1,1,0,1,0,0000000,18,58,19,7,99,99,0,0,0,1,0
12,120889,1,1,1,1,95,0,2,6,2010,4,2,50,0,14,3,SR-15,,99998,28.48236389,-81.330891670,0,9,0,0,1,1,1,0,3,1,0,1,0,0000000,2,54,2,56,88,88,0,0,0,1,1
12,120890,2,2,0,4,101,0,3,6,2010,5,17,10,0,2,3,SR-54,,99998,28.22227500,-82.277377780,0,12,6,0,1,1,1,0,1,10,0,10,0,0000000,17,11,17,19,99,99,0,0,0,1,1
12,120891,1,1,1,1,86,0,3,6,2010,5,9,59,0,6,4,IVES DAIRY RD,NE 3RD COURT,0,25.95761667,-80.195258330,0,8,0,0,2,3,1,0,1,10,0,10,0,0000000,9,55,10,0,99,99,0,0,0,1,0
12,120892,2,2,0,7,91,0,4,6,2010,6,20,35,1,13,2,US-98,,99998,30.41090000,-86.764691670,0,12,7,0,1,1,1,0,2,10,0,10,0,0000000,20,41,20,51,99,99,0,0,0,1,0
12,120893,3,3,0,3,95,0,4,6,2010,6,3,20,1,11,1,I-4,,99998,28.41064444,-81.475413890,0,24,0,0,1,1,3,0,2,2,0,2,0,0000000,3,22,3,31,99,99,0,0,0,1,1
12,120894,1,1,1,1,95,0,4,6,2010,6,20,56,0,6,4,WATERFORD LAKES PKWY,,0,28.55646111,-81.199816670,0,8,0,0,1,1,1,0,3,1,0,1,0,0000000,20,55,21,0,99,99,0,0,0,1,0
12,120895,2,2,0,2,133,0,6,6,2010,1,16,18,0,3,3,SR-79,,99998,30.59438611,-85.780336110,0,12,2,0,1,1,1,0,1,2,0,2,0,0000000,16,19,16,33,88,88,0,0,0,1,1
12,120896,1,1,0,1,101,0,8,6,2010,3,2,25,1,1,1,I-75,,99998,28.31874722,-82.325208330,0,42,0,0,1,1,4,0,2,10,0,10,0,0000000,2,33,2,50,88,88,0,0,0,1,1
12,120897,1,1,0,3,97,1590,14,5,2010,6,8,24,0,16,6,2900 DYER BLVD,,0,28.33307500,-81.433813890,0,42,0,0,1,1,4,0,1,1,0,1,0,0000000,8,24,8,32,88,88,0,0,0,1,0
12,120898,1,1,1,1,103,2730,19,1,2010,3,18,27,0,16,6,1ST AVE N,11TH AVE N,0,27.77199444,-82.649750000,0,15,0,0,2,2,1,0,3,1,0,1,0,0000000,18,27,18,29,99,99,0,0,0,1,0
12,120899,2,2,0,2,99,2660,7,4,2010,4,20,18,0,14,3,SR-A1A,,99998,26.78333889,-80.052052780,0,12,1,0,1,1,1,0,3,1,0,1,0,0000000,20,18,20,21,88,88,0,0,0,1,1
12,120900,1,1,0,1,86,1440,7,5,2010,6,23,21,1,13,2,US-1,,99998,25.46716389,-80.473663890,0,42,0,0,1,1,3,0,3,1,0,1,0,0000000,23,21,23,28,88,88,0,0,0,1,1
12,120901,2,2,0,2,99,2660,11,5,2010,3,8,42,0,13,3,SR-809,W BLUE HERON BLVD,99998,26.78503056,-80.107105560,0,12,6,0,2,2,1,0,1,1,0,1,0,0000000,8,43,8,45,99,99,0,0,0,1,0
12,120902,2,2,0,2,99,2660,23,5,2010,1,18,11,0,16,6,AVENUE S,26TH ST,0,26.78350556,-80.080725000,0,12,6,0,2,3,1,0,1,1,0,1,0,0000000,99,99,99,99,99,99,0,0,0,1,0
12,120903,2,2,0,3,99,0,27,5,2010,5,17,21,0,13,2,US-1,PLEASANT DR,99998,26.85563889,-80.057466670,0,12,6,0,2,3,1,0,1,1,0,1,0,0000000,17,19,17,24,99,99,0,0,0,1,0
12,120904,1,1,1,1,31,1510,30,5,2010,1,23,19,1,14,3,SR-101,MAZAMA RD,99998,30.36179722,-81.412333330,0,8,0,0,3,2,1,0,3,1,0,1,0,0000000,23,22,23,26,88,88,0,0,0,1,0
12,120905,2,2,0,2,95,2360,30,5,2010,1,23,35,0,13,3,SR-435,,99998,28.50708611,-81.458897220,0,12,6,0,8,1,1,0,3,1,0,1,0,0000000,23,36,23,42,99,99,0,0,0,1,1
12,120906,1,1,1,1,99,0,6,6,2010,1,20,22,0,6,4,924 DOGWOOD RD,,0,26.69651667,-80.102911110,0,8,0,0,1,1,2,0,5,2,0,2,0,0000000,20,22,20,29,99,99,0,0,0,1,0
12,120907,1,1,0,2,31,1510,7,6,2010,2,20,27,0,16,6,SHINDLER DR,,0,30.23612778,-81.798158330,0,5,0,0,1,1,1,8,6,99,0,99,0,0000000,99,99,99,99,99,99,0,0,0,1,0
12,120908,1,1,1,2,57,0,7,6,2010,2,17,20,0,6,4,BLOOMINGDALE AVE,HURLEY RD,0,27.89363611,-82.260077780,0,9,0,0,2,3,1,0,1,10,0,10,0,0000000,17,24,17,30,88,88,0,0,0,1,0
12,120909,1,1,0,1,31,1510,10,6,2010,5,20,25,0,16,6,1232 COLE RD,,0,30.46857500,-81.649919440,0,34,0,0,1,1,4,0,1,1,0,1,0,0000000,20,25,20,32,99,99,0,0,0,1,0
12,120910,1,1,0,1,127,2375,21,5,2010,6,19,8,0,16,6,2000 N BEACH ST,,0,29.33952778,-81.083263890,0,42,0,0,1,1,4,0,1,1,0,1,0,0000000,19,14,19,14,88,88,0,0,0,1,1
12,120911,1,1,1,1,21,1926,17,3,2010,4,9,8,0,16,6,PARK AVENUE,,0,25.95293889,-81.724644440,0,8,0,0,8,1,1,0,1,2,0,2,0,0000000,9,10,9,13,99,99,0,0,0,1,0
12,120912,1,1,1,2,127,780,1,6,2010,3,20,24,0,13,2,US-92,,99998,29.22097222,-81.009338890,0,8,0,0,1,1,1,0,5,1,0,1,0,0000000,20,25,20,29,99,99,0,0,0,2,0
12,120913,2,2,1,2,127,1410,1,2,2010,2,0,34,0,6,4,LPGA BLVD,,0,29.24166944,-81.051663890,0,8,0,0,1,1,1,0,3,1,0,1,0,0000000,99,99,99,99,99,99,0,0,0,1,0
12,120914,1,1,1,1,93,0,2,4,2010,6,23,41,1,13,3,SR-70 W,,99998,27.24355556,-80.867480560,0,8,0,0,1,1,2,0,2,1,0,1,0,0000000,23,41,23,49,88,88,0,0,0,1,1
12,120915,1,1,0,2,127,2190,23,4,2010,6,14,37,0,13,2,US-1,,99998,29.07091667,-80.950113890,0,18,0,0,1,1,1,0,1,1,0,1,0,0000000,99,99,99,99,99,99,0,0,0,1,0
12,120916,2,2,0,2,31,1510,25,5,2010,3,16,20,0,16,6,6400 YOUNGER MAN CIR,,0,30.19714722,-81.746525000,0,12,1,0,1,1,1,0,1,1,0,1,0,0000000,99,99,99,99,88,88,0,0,0,1,0
12,120917,2,2,0,4,11,3193,26,5,2010,4,20,4,0,14,3,SR-84,INDIAN TRCE,99998,26.13581111,-80.400469440,0,12,6,0,2,3,1,0,3,1,0,1,0,0000000,99,99,99,99,99,99,0,0,0,1,0
12,120918,2,2,1,3,57,0,29,5,2010,7,12,56,0,13,2,US-301,RIVER ROAD,99998,27.65988611,-82.367483330,0,12,1,0,3,1,1,0,1,1,0,1,0,0000000,99,99,99,99,99,99,0,0,0,1,0
12,120919,1,1,2,1,71,457,2,6,2010,4,19,41,0,16,6,NE 11TH TERRACE,,0,26.67353056,-81.953769440,0,8,0,0,8,1,1,0,1,10,1,10,0,0000000,19,42,19,47,99,99,0,0,0,1,0
12,120920,1,1,0,1,57,0,2,6,2010,4,10,1,0,6,4,BRUCE B DOWNS BLV,131ST AVENUE,0,28.06555000,-82.425969440,0,33,0,0,3,3,4,0,1,1,0,1,0,0000000,10,16,10,19,88,88,0,0,0,1,1
12,120921,3,3,0,5,57,0,3,6,2010,5,12,49,0,6,4,LITHIA PINECREST RD,,0,27.89619444,-82.246102780,0,12,6,0,4,1,1,0,1,2,0,2,0,0000000,12,50,12,57,99,99,0,0,0,1,0
12,120922,1,1,0,2,19,0,5,6,2010,7,5,20,0,3,3,SR-21,,99998,29.89738611,-81.902261110,0,42,0,0,1,1,4,0,2,5,0,5,0,0000000,5,26,5,42,88,88,0,0,0,2,1
12,120923,2,2,0,2,81,0,8,6,2010,3,16,0,0,14,3,SR-684,,99998,27.46207500,-82.665444440,0,12,1,0,1,1,1,0,1,1,0,1,0,0000000,16,3,16,3,99,99,0,0,0,1,1
12,120924,1,1,1,1,87,1580,11,6,2010,6,15,1,1,13,2,US-1,,99998,24.56753889,-81.770072220,0,9,0,0,1,1,1,0,1,1,0,1,0,0000000,15,2,15,4,88,88,0,0,0,1,0
12,120926,1,1,1,1,86,0,31,5,2010,2,7,47,0,13,3,SR-976,,99998,25.73256667,-80.354975000,0,8,0,0,1,1,1,0,1,10,0,10,0,0000000,99,99,99,99,99,99,0,0,0,1,0
12,120927,1,1,1,1,113,0,13,6,2010,1,16,4,1,13,2,US-98,,99998,30.40997500,-86.837186110,0,9,0,0,1,1,1,0,1,1,0,1,0,0000000,99,99,99,99,99,99,0,0,0,1,0
12,120928,2,1,0,2,127,780,24,3,2010,4,12,47,0,16,6,CEDAR HIGHLANDS BLVD,,0,29.21764444,-81.067019440,0,30,0,0,1,1,5,0,1,1,0,1,0,0000000,99,99,99,99,99,99,0,0,0,1,0
12,120929,1,1,1,1,83,0,28,5,2010,6,9,1,0,6,4,CR-42,,0,28.98168889,-81.937430560,0,8,0,0,1,1,1,0,1,1,0,1,0,0000000,9,4,9,14,99,99,0,0,0,1,0
12,120930,1,1,1,1,31,1510,31,5,2010,2,22,37,0,13,3,SR-21,I-295,99998,30.19729722,-81.739444440,0,8,0,1,2,2,1,0,3,1,0,1,0,0000000,22,31,22,36,88,88,0,0,0,1,0
12,120931,1,1,0,6,95,0,31,5,2010,2,2,50,1,12,3,SR-91,,99998,28.42504167,-81.397288890,0,24,0,0,1,1,3,0,3,10,0,10,0,0000000,2,53,3,2,99,99,0,0,0,1,0
12,120932,1,1,0,1,15,0,3,6,2010,5,2,40,0,6,4,PEACHLAND BLVD,,0,27.01778889,-82.127533330,0,38,0,0,1,1,4,0,3,1,0,1,0,0000000,2,32,2,52,99,99,0,0,0,1,1
12,120933,1,1,1,1,65,0,4,6,2010,6,22,25,0,6,4,CR-149A,,0,30.62091111,-83.776127780,0,8,0,0,1,1,1,0,2,1,0,1,0,0000000,22,27,22,39,99,99,0,0,0,1,0
12,120934,3,3,1,5,71,0,5,6,2010,7,21,7,0,13,3,SR-78,,99998,26.68257222,-81.879025000,0,8,0,0,1,1,1,0,2,1,0,1,0,0000000,21,7,21,12,88,88,0,0,0,1,0
12,120935,2,2,0,2,69,41,5,6,2010,7,23,39,0,6,4,CR-42,,0,28.96760278,-81.656566670,0,12,8,0,1,1,1,0,2,1,0,1,0,0000000,23,41,23,46,88,88,0,0,0,1,2
12,120936,1,1,0,1,47,0,5,6,2010,7,1,10,0,3,2,US-41,,99998,30.52416389,-82.999444440,0,42,0,0,1,1,4,0,2,1,0,1,0,0000000,1,14,1,20,88,88,0,0,0,1,1
12,120937,1,1,0,2,53,2882,5,6,2010,7,2,30,0,6,4,MARINER BLVD,CASA GRANDE CIR,0,28.44803056,-82.539822220,0,33,0,0,2,3,4,0,3,1,0,1,0,0000000,2,38,2,46,88,88,0,0,0,2,0
12,120938,2,2,0,2,95,0,5,6,2010,7,20,55,0,13,2,US-441,,99998,28.60225000,-81.419263890,0,12,6,0,8,1,1,0,3,1,0,1,0,0000000,20,55,21,0,88,88,0,0,0,1,1
12,120939,2,2,0,2,85,0,7,6,2010,2,21,31,1,12,3,SR-91,,99998,27.14915000,-80.296305560,0,12,1,0,1,1,1,0,2,1,0,1,0,0000000,21,39,21,41,99,99,0,0,0,1,0
12,120940,2,2,0,2,133,0,9,6,2010,4,10,50,0,2,3,SR-77,,99998,30.51291667,-85.657161110,0,12,6,0,1,1,1,0,1,1,0,1,0,0000000,99,99,99,99,99,99,0,0,0,1,0
12,120942,1,1,0,1,81,0,10,6,2010,5,10,30,1,11,1,I-75,,99998,27.50484167,-82.485916670,0,1,0,0,1,1,4,0,1,1,0,1,0,0000000,10,32,10,39,88,88,0,0,0,1,0
12,120943,1,1,0,2,15,0,10,6,2010,5,3,0,0,6,4,WILMINGTON BLVD,,0,26.94282222,-82.237597220,0,1,0,0,1,1,4,0,2,1,0,1,0,0000000,3,17,3,28,99,99,0,0,0,2,0
12,120944,1,1,0,2,33,0,11,6,2010,6,1,21,0,13,2,US-98,,99998,30.39813333,-87.419569440,0,30,0,0,1,1,4,0,3,1,0,1,0,0000000,2,24,2,27,99,99,0,0,0,1,1
12,120945,1,1,0,3,35,410,12,6,2010,7,17,45,0,2,2,US-1,,99998,29.43123056,-81.229430560,0,1,0,0,1,1,3,0,1,1,0,1,0,0000000,17,47,17,55,99,99,0,0,0,2,1
12,120946,2,2,0,2,103,0,12,6,2010,7,23,37,1,13,2,US-19,WINDING CREEK BLVD,99998,28.03229444,-82.738280560,0,12,6,0,2,3,1,0,3,2,0,2,0,0000000,23,38,23,44,99,99,0,0,0,1,1
12,120947,3,1,1,2,105,0,13,6,2010,1,1,47,1,11,1,I-4,,99998,28.03696667,-82.054202780,0,14,0,0,1,1,2,0,3,1,0,1,0,0000000,99,99,99,99,99,99,0,0,0,1,0
12,120948,1,1,0,1,81,0,18,6,2010,6,12,14,1,11,1,I-275,,99998,27.58501944,-82.521872220,0,1,0,1,5,1,2,0,1,1,0,1,0,0000000,12,16,12,23,99,99,0,0,0,1,0
12,120949,2,2,1,2,31,1510,2,5,2010,1,23,35,1,13,2,US-301,,99998,30.28583333,-81.982758330,0,8,0,0,1,1,1,0,2,1,0,1,0,0000000,23,39,23,56,99,99,0,0,0,1,0
12,120950,1,1,0,1,31,1510,2,5,2010,1,3,25,0,16,6,OLD KINGS RD,,0,30.21728611,-81.589044440,0,42,0,0,1,1,4,0,3,10,0,10,0,0000000,4,50,5,30,88,88,0,0,0,1,0
12,120951,3,3,0,7,95,2360,1,6,2010,3,22,3,1,11,1,I-4,,99998,28.49633611,-81.448238890,0,12,1,0,1,1,1,0,3,2,0,2,0,0000000,22,4,22,13,99,99,0,0,0,1,0
12,120952,1,1,1,2,57,2950,5,6,2010,7,3,2,0,13,3,SR-60,N HIMES AVENUE,99998,27.94475833,-82.501513890,0,8,0,0,3,1,1,0,3,1,0,1,0,0000000,3,4,3,10,99,99,0,0,0,1,0
12,120953,2,2,0,2,115,0,6,6,2010,1,22,12,0,13,2,US-41,BAY ACRES AVENUE,99998,27.19162778,-82.488311110,0,12,6,0,2,3,1,0,3,1,0,1,0,0000000,22,13,22,19,88,88,0,0,0,1,0
12,120954,2,2,0,4,109,1300,8,6,2010,3,7,45,1,3,3,SR-207,SR-206,99998,29.72530278,-81.482605560,0,12,1,0,3,1,1,0,1,10,0,10,0,0000000,7,29,7,45,99,99,0,0,0,1,0
12,120955,2,2,0,2,69,0,12,6,2010,7,5,20,0,3,3,SR-19,,99998,29.12713889,-81.621080560,0,12,2,0,1,1,1,0,1,1,0,1,0,0000000,5,30,5,35,99,99,0,0,0,1,0
12,120957,1,1,0,2,121,0,12,6,2010,7,19,24,0,6,4,CR-349,,0,30.03857500,-82.944969440,0,42,0,0,1,1,4,0,1,10,0,10,0,0000000,19,24,19,31,99,99,0,0,0,1,1
12,120958,1,1,0,1,71,0,13,6,2010,1,2,46,0,6,4,CEMETERY RD,,0,26.67127222,-81.714094440,0,34,0,0,1,1,4,0,2,1,0,1,0,0000000,2,47,2,54,88,88,0,0,0,1,1
12,120959,2,2,0,6,75,0,15,6,2010,3,8,40,1,2,2,US-27,CR-347,99998,29.47466389,-82.822969440,0,12,6,0,2,2,1,0,1,1,0,1,0,0000000,8,43,8,48,99,99,0,0,0,1,1
12,120960,1,1,0,1,75,0,15,6,2010,3,14,58,0,3,3,SR-121,,99998,29.37476944,-82.472466670,0,30,0,0,1,1,4,0,1,1,0,1,0,0000000,14,59,15,4,88,88,0,0,0,1,0
12,120961,2,2,0,3,85,2438,16,6,2010,4,5,41,0,16,6,SW MAPP RD,SW CATALINA ST,0,27.15460000,-80.269697220,0,12,2,0,2,3,1,0,2,1,0,1,0,0000000,5,41,5,48,88,88,0,0,0,1,0
12,120962,1,1,1,1,83,0,17,6,2010,5,3,10,0,6,4,CR-25,,0,29.04213889,-81.971591670,0,8,0,0,1,1,1,0,2,10,0,10,0,0000000,99,99,99,99,88,88,0,0,0,1,0
12,120963,2,2,0,2,131,0,17,6,2010,5,21,24,0,3,2,US-90,,99998,30.74612222,-86.218944440,0,12,2,0,1,1,1,0,2,1,0,1,0,0000000,21,25,21,30,99,99,0,0,0,1,0
12,120964,2,2,0,2,101,0,18,6,2010,6,21,16,1,1,1,I-75,,99998,28.36868889,-82.319483330,0,12,1,0,1,1,1,0,2,10,0,10,0,0000000,21,17,21,33,88,88,0,0,0,1,0
12,120965,1,1,0,5,61,0,19,6,2010,7,12,35,1,2,3,SR-91,,99998,27.55949167,-80.732261110,0,1,0,0,1,1,2,0,1,10,0,10,0,0000000,12,45,13,18,99,99,0,0,0,1,0
12,120966,1,1,0,1,59,0,20,6,2010,1,2,30,0,6,4,CR-179A,,0,30.80530278,-85.865491670,0,1,0,0,1,1,1,0,2,1,0,1,0,0000000,2,41,2,44,99,99,0,0,0,1,1
12,120967,1,1,1,2,33,0,20,6,2010,1,3,7,0,6,4,WILDE LAKE BLVD,,0,30.51989167,-87.326638890,0,8,0,0,1,1,1,0,2,10,0,10,0,0000000,99,99,3,14,99,99,0,0,0,1,1
12,120968,1,1,0,1,127,0,20,6,2010,1,18,45,1,1,1,I-4,,99998,29.06324444,-81.189027780,0,42,0,0,1,1,4,0,1,10,0,10,0,0000000,18,52,19,1,88,88,0,0,0,1,1
12,120969,2,2,0,4,119,0,20,6,2010,1,17,0,0,3,3,SR-471,,99998,28.43178889,-82.055169440,0,12,6,0,1,1,1,0,1,10,0,10,0,0000000,17,0,17,13,99,99,0,0,0,2,0
12,120970,2,2,0,2,115,0,18,6,2010,6,19,25,0,6,4,CR-780,,0,27.33540833,-82.316761110,0,12,2,0,1,1,1,0,1,10,0,10,0,0000000,19,28,19,34,99,99,0,0,0,2,0
12,120971,2,1,1,1,71,457,12,4,2010,2,6,28,0,16,6,SKYLINE BLVD,,0,26.57318611,-81.990827780,0,8,0,0,1,1,1,0,4,1,0,1,0,0000000,6,29,6,49,99,99,0,0,0,1,0
12,120972,2,2,0,2,86,0,3,6,2010,5,15,12,0,14,3,SR-959,SW 2ND TR,99998,25.76856667,-80.288050000,0,12,6,0,2,3,1,0,1,10,0,10,1,0000000,15,0,15,3,88,88,0,0,0,1,0
12,120973,1,1,0,1,57,0,9,6,2010,4,9,48,0,6,4,BLOOMINGDALE AVE,,0,27.89376389,-82.284463890,0,33,0,0,1,1,4,0,1,1,0,1,0,0000000,99,99,99,99,99,99,0,0,0,1,0
12,120974,1,1,0,1,57,0,10,6,2010,5,19,21,0,6,4,BALM RIVERVIEW RD,,0,27.78956111,-82.280711110,0,34,0,0,1,1,4,0,1,1,0,1,0,0000000,19,26,19,35,88,88,0,0,0,1,1
12,120975,1,1,0,6,49,0,13,6,2010,1,11,40,1,2,2,US-17,,99998,27.47601667,-81.798019440,0,24,0,0,1,1,4,0,1,1,0,1,0,0000000,99,99,99,99,99,99,0,0,0,1,0
12,120976,1,1,0,1,9,1896,21,6,2010,2,14,34,1,1,1,I-95,,99998,27.95362222,-80.609602780,0,24,0,0,1,1,3,0,1,1,0,1,0,0000000,99,99,99,99,99,99,0,0,0,1,0
12,120977,2,2,0,3,11,1050,22,6,2010,3,20,24,0,14,3,SR-736,SE 3RD AVE,99998,26.10761389,-80.140086110,0,12,2,0,2,2,1,0,5,1,0,1,0,0000000,99,99,99,99,99,99,0,0,0,1,0
12,120978,1,1,0,2,9,3000,5,3,2010,6,0,1,0,14,3,SR-50,CHENEY HWY,99998,28.55440278,-80.846580560,0,30,0,0,3,8,4,0,3,1,0,1,0,0000000,99,99,99,99,99,99,0,0,0,1,1
12,120979,1,1,1,1,103,1770,8,3,2010,2,5,11,0,16,6,INDIAN ROCKS RD,,0,27.90010000,-82.824755560,0,8,0,0,1,1,1,0,2,1,0,1,0,0000000,5,10,5,17,88,88,0,0,0,1,0
12,120980,1,1,1,1,73,2940,23,3,2010,3,7,51,0,13,3,SR-366,WHITE DR,99998,30.44103611,-84.325944440,0,8,0,0,2,3,1,0,1,1,0,1,0,0000000,7,45,7,51,99,99,0,0,0,1,0
12,120981,2,2,0,6,105,0,6,4,2010,3,19,4,0,13,2,US-92,,99998,28.04782222,-81.916366670,0,12,1,0,8,1,1,0,5,1,0,1,0,0000000,19,7,19,15,99,99,0,0,0,1,1
12,120982,2,2,0,2,105,0,18,5,2010,3,8,25,1,2,3,SR-60,CR-630,99998,27.80620278,-81.316016670,0,12,6,0,2,3,1,0,1,5,0,5,0,0000000,8,28,8,40,99,99,0,0,0,1,0
12,120983,1,1,1,1,86,1340,2,6,2010,4,21,1,0,13,3,SR-953,E 28TH STREET,99998,25.84802222,-80.266394440,0,9,0,0,2,2,1,0,3,10,0,10,0,0000000,21,3,21,6,88,88,0,0,0,1,0