STATE,ST_CASE,VE_TOTAL,VE_FORMS,PEDS,PERSONS,COUNTY,CITY,DAY,MONTH,YEAR,DAY_WEEK,HOUR,MINUTE,NHS,ROAD_FNC,ROUTE,TWAY_ID,TWAY_ID2,MILEPT,LATITUDE,LONGITUD,SP_JUR,HARM_EV,MAN_COLL,RELJCT1,RELJCT2,TYP_INT,REL_ROAD,WRK_ZONE,LGT_COND,WEATHER1,WEATHER2,WEATHER,SCH_BUS,RAIL,NOT_HOUR,NOT_MIN,ARR_HOUR,ARR_MIN,HOSP_HR,HOSP_MN,CF1,CF2,CF3,FATALS,DRUNK_DR
12,120984,2,2,0,2,103,570,4,6,2010,6,16,42,0,13,3,SR-60,,99998,27.96097500,-82.794341670,0,33,0,0,1,1,3,0,1,1,0,1,0,0000000,16,44,16,46,99,99,0,0,0,1,1
12,120985,2,2,0,3,57,0,5,6,2010,7,22,57,0,6,4,WILDER ROAD NORTH,QUAIL OAKS DRIVE,0,28.05492778,-82.097072220,0,12,2,0,2,3,1,0,2,1,0,1,0,0000000,22,58,23,7,99,99,0,0,0,1,1
12,120986,1,1,1,1,127,780,7,6,2010,2,23,25,0,13,2,US-1,,99998,29.22171111,-81.028680560,0,8,0,0,1,1,1,0,3,1,0,1,0,0000000,23,25,23,30,99,99,0,0,0,1,0
12,120987,1,1,0,1,86,2441,9,6,2010,4,1,35,0,16,6,OLD CUTLER ROAD,,0,25.61145833,-80.310288890,0,24,0,0,1,1,4,0,2,10,0,10,0,0000000,99,99,99,99,88,88,0,0,0,1,0
12,120988,2,2,0,2,103,2530,11,6,2010,6,6,13,1,13,2,US-19,GATEWAY CENTER BLVD,99998,27.85049722,-82.691633330,0,12,6,0,2,3,1,0,3,1,0,1,0,0000000,6,14,6,20,99,99,0,0,0,1,0
12,120989,1,1,1,1,103,570,15,6,2010,3,22,23,0,13,3,SR-60,,99998,27.96063333,-82.768733330,0,8,0,0,1,1,1,0,3,1,0,1,0,0000000,99,99,22,26,99,99,0,0,0,1,0
12,120990,3,3,0,3,11,2468,18,6,2010,6,10,40,0,14,6,DOUGLAS RD,WASHINGTON ST,99998,26.00145556,-80.263483330,0,12,2,0,2,2,1,0,1,10,0,10,0,0000000,10,43,10,47,99,99,0,0,0,1,0
12,120991,8,8,0,17,103,570,19,6,2010,7,18,13,1,13,2,US-19,BELLEAIR RD,99998,27.94035556,-82.730194440,0,12,7,0,3,1,1,4,1,10,0,10,0,0000000,99,99,18,17,99,99,0,0,0,2,0
12,120992,1,1,0,1,86,2010,20,6,2010,1,13,21,0,16,6,NW 40TH ST,,0,25.81273611,-80.220844440,0,59,0,0,1,1,4,0,1,1,0,1,0,0000000,13,23,13,26,88,88,20,0,0,1,1
12,120993,1,1,0,1,127,2375,20,6,2010,1,13,29,0,16,6,N BEACH ST,,0,29.34050278,-81.083788890,0,24,0,0,1,1,4,0,1,1,0,1,0,0000000,13,32,13,40,88,88,0,0,0,1,0
12,120994,2,2,0,5,7,0,11,6,2010,6,10,45,0,14,3,SR-21,,99998,29.77604444,-82.049836110,0,12,1,0,8,1,1,0,1,1,0,1,0,0000000,99,99,99,99,99,99,0,0,0,1,0
12,120995,1,1,1,2,95,0,23,6,2010,4,2,38,0,6,4,LANDSTAR BLVD,,0,28.37266111,-81.366575000,0,9,0,0,1,1,1,0,3,1,0,1,0,0000000,2,40,2,40,99,99,0,0,0,1,1
12,120996,4,3,0,6,11,672,5,6,2010,7,11,27,0,14,6,WILES RD,,99998,26.28684444,-80.245863890,0,12,6,0,8,1,1,0,1,10,0,10,0,0000000,11,27,11,30,99,99,0,0,0,1,0
12,120997,2,2,0,6,105,1690,23,5,2010,1,22,19,0,14,3,SR-539,10TH ST,99998,28.06235278,-81.975150000,0,12,6,0,2,2,1,0,3,1,0,1,0,0000000,22,20,22,28,99,99,0,0,0,1,1
12,120998,1,1,0,2,49,0,30,5,2010,1,4,55,0,2,3,SR-64,,99998,27.49890833,-81.816919440,0,1,0,0,1,1,4,0,2,1,0,1,0,0000000,4,57,5,13,88,88,0,0,0,2,1
12,120999,1,1,1,2,11,672,2,6,2010,4,23,10,0,13,3,SR-817,,99998,26.23750556,-80.254891670,0,8,0,0,1,1,1,0,3,1,0,1,0,0000000,23,10,23,14,88,88,0,0,0,1,0
12,121000,1,1,0,1,31,1510,11,6,2010,6,13,9,1,11,1,I-295,,99998,30.26918056,-81.520119440,0,3,0,0,1,1,4,0,1,1,0,1,0,0000000,99,99,99,99,99,99,0,0,0,1,0
12,121004,1,1,0,1,69,0,16,6,2010,4,13,24,0,6,4,CR-46A,,0,28.82911667,-81.517061110,0,42,0,0,1,1,4,0,1,10,0,10,0,0000000,13,26,13,37,88,88,0,0,0,1,0
12,121005,1,1,1,2,95,0,16,6,2010,4,17,27,0,2,3,SR-50,,99998,28.53689722,-81.007666670,0,8,0,0,1,1,4,0,1,10,0,10,0,0000000,17,28,17,38,88,88,0,0,0,1,0
12,121006,2,2,0,4,109,0,17,6,2010,5,23,23,0,2,2,US-1,,99998,30.09544722,-81.469313890,0,12,6,0,1,1,1,0,2,10,0,10,0,0000000,23,24,23,32,99,99,0,0,0,1,0
12,121007,2,2,0,3,85,0,18,6,2010,6,0,20,0,14,6,SE WILLOUGHBY BLVD,,99998,27.16305278,-80.242305560,0,12,6,0,1,1,1,0,2,1,0,1,0,0000000,0,14,0,20,99,99,0,0,0,1,2
12,121008,2,2,0,2,86,2230,18,6,2010,6,3,30,1,11,1,I-95,,99998,25.94710000,-80.185438890,0,12,2,0,1,1,1,0,3,1,0,1,0,0000000,3,29,3,43,88,88,0,0,0,2,2
12,121009,1,1,0,2,7,0,20,6,2010,1,3,30,0,6,4,NW 216TH ST,CR-200A,0,30.03011389,-82.081680560,0,42,0,0,3,3,5,0,2,1,0,1,0,0000000,12,36,12,43,99,99,0,0,0,1,1
12,121010,1,1,1,2,95,0,21,6,2010,2,21,0,0,13,3,SR-50,,99998,28.55539722,-81.112166670,0,8,0,0,1,1,1,0,2,1,0,1,0,0000000,21,6,21,10,88,88,0,0,0,1,0
12,121011,1,1,0,4,83,0,21,6,2010,2,4,5,0,2,2,US-441,,99998,29.39838889,-82.200288890,0,24,0,0,1,1,4,0,2,1,0,1,0,0000000,4,3,4,18,99,99,0,0,0,1,1
12,121012,1,1,1,1,69,0,21,6,2010,2,6,54,0,6,4,DUBA RD,,0,28.73131389,-81.659688890,0,8,0,0,1,1,1,0,2,1,0,1,0,0000000,6,54,7,1,88,88,0,0,0,1,1
12,121013,2,2,0,2,9,0,21,6,2010,2,10,25,0,13,3,SR-3,,99998,28.40018056,-80.705302780,0,12,6,0,8,1,1,0,1,1,0,1,0,0000000,99,99,99,99,99,99,0,0,0,1,0
12,121014,1,1,0,2,31,1510,22,6,2010,3,9,25,1,11,1,I-295,,99998,30.19250556,-81.728661110,0,30,0,0,1,1,4,0,1,1,0,1,0,0000000,9,29,9,32,88,88,0,0,0,2,0
12,121015,2,2,0,6,99,330,23,6,2010,4,15,12,1,11,1,I-95,,99998,26.52369444,-80.072650000,0,12,6,0,1,1,1,0,1,10,0,10,0,0000000,15,10,15,16,99,99,0,0,0,1,0
12,121016,1,1,0,1,103,0,24,6,2010,5,0,16,1,11,1,I-375,,99998,27.77718333,-82.655983330,0,26,0,0,1,1,4,0,3,1,0,1,0,0000000,99,99,99,99,88,88,21,0,0,1,1
12,121017,1,1,0,7,15,0,25,6,2010,6,21,30,1,11,1,I-75,,99998,26.92630833,-82.015097220,0,1,0,0,1,1,3,0,2,10,0,10,0,0000000,21,35,21,43,99,99,0,0,0,1,0
12,121018,1,1,0,1,113,0,26,6,2010,7,16,9,0,14,3,SR-87,,99998,30.72256111,-87.044827780,0,42,0,0,1,1,4,0,1,1,0,1,0,0000000,16,7,16,14,88,88,0,0,0,1,1
12,121019,1,1,0,1,83,0,26,6,2010,7,16,50,0,6,4,SEA CLIFF AVE,,0,29.15655556,-82.495375000,0,35,0,0,1,1,4,0,1,10,0,10,0,0000000,16,56,17,6,88,88,0,0,0,1,1
12,121020,3,3,0,5,1,0,26,6,2010,7,13,4,1,11,1,I-75,,99998,29.66785278,-82.425786110,0,12,9,0,1,1,1,0,1,10,0,10,0,0000000,13,8,13,11,99,99,0,0,0,1,0
12,121021,2,2,0,3,33,0,27,6,2010,1,20,41,0,13,2,US-98,,99998,30.43644444,-87.278266670,0,12,6,0,8,1,1,0,3,1,0,1,0,0000000,20,43,20,45,88,88,0,0,0,1,1
12,121022,1,1,0,1,1,0,30,6,2010,4,15,0,0,3,3,SR-121,,99998,29.53978611,-82.400755560,0,42,0,0,1,1,4,0,1,10,0,10,0,0000000,15,4,15,12,99,99,0,0,0,1,0
12,121023,1,1,0,2,71,0,22,6,2010,3,3,0,0,3,3,SR-82,,99998,26.52066667,-81.572380560,0,1,0,0,1,1,4,0,2,1,0,1,0,0000000,99,99,99,99,99,99,0,0,0,1,0
12,121024,1,1,1,1,31,1510,25,6,2010,6,20,13,0,16,6,MCDUFF AVE S,,0,30.32489444,-81.705477780,0,9,0,0,1,1,11,0,3,10,0,10,0,0000000,20,13,20,15,99,99,0,0,0,1,1
12,121025,1,1,0,1,127,1410,17,1,2010,1,16,12,0,16,6,RIVERSIDE DR,SAN ROBAR DR,0,29.24526111,-81.036261110,0,30,0,0,2,3,4,0,1,1,0,1,0,0000000,16,12,16,17,99,99,0,0,0,1,0
12,121026,1,1,1,2,115,2780,25,1,2010,2,7,0,0,13,2,US-301,,99998,27.34036944,-82.530997220,0,8,0,0,1,1,1,0,3,1,0,1,0,0000000,99,99,99,99,99,99,0,0,0,1,0
12,121027,3,3,0,3,99,330,2,2,2010,3,16,45,0,13,3,SR-804,SW 8TH STREET,99998,26.52879722,-80.079463890,0,12,6,0,2,2,1,0,1,10,0,10,0,0000000,99,99,99,99,99,99,0,0,0,1,0
12,121028,1,1,0,1,71,0,25,2,2010,5,8,21,0,16,6,FEM TRAIL DRIVE,,0,26.65988056,-81.920844440,0,3,0,0,1,1,4,0,1,1,0,1,0,0000000,8,24,8,30,88,88,0,0,0,1,1
12,121029,2,2,0,3,113,2070,27,2,2010,7,19,15,0,14,3,SR-89,HAMILTON BRIDGE ROAD,99998,30.62322222,-87.056330560,0,12,6,0,2,2,1,0,3,1,0,1,0,0000000,19,15,19,26,99,99,0,0,0,1,1
12,121030,2,2,0,2,86,2010,25,3,2010,5,5,15,0,6,4,NW 15TH AVENUE,62ND STREET,0,25.83177222,-80.222861110,0,12,6,0,2,2,1,0,3,1,0,1,0,0000000,99,99,99,99,99,99,0,0,0,1,0
12,121031,1,1,0,1,127,0,3,7,2010,7,5,55,0,16,6,KEPLER ROAD,,0,29.04476944,-81.260588890,0,30,0,0,1,1,4,0,4,1,0,1,0,0000000,5,59,6,4,88,88,0,0,0,1,1
12,121032,2,2,0,3,86,0,6,6,2010,1,12,10,0,13,2,US-1,SE 26TH ROAD,99998,25.75049444,-80.204019440,0,12,6,0,2,2,1,0,1,1,0,1,0,0000000,99,99,99,99,99,99,0,0,0,1,0
12,121033,2,2,0,5,57,0,19,6,2010,7,18,3,0,6,4,EHRLICH ROAD,FARMINGTON BLVD,0,28.08083889,-82.550622220,0,12,6,0,2,2,1,0,1,10,0,10,0,0000000,18,4,18,9,99,99,0,0,0,1,0
12,121034,2,2,0,2,69,0,26,5,2010,4,6,15,0,6,4,EAGLES NEST ROAD,GRAYS AIRPORT ROAD,0,28.88704167,-81.891472220,0,12,6,0,2,2,1,0,4,1,0,1,0,0000000,99,99,99,99,99,99,0,0,0,1,0
12,121035,2,2,0,2,5,1850,9,6,2010,4,13,9,0,14,3,SR-390,FLORIDA AVENUE,99998,30.23761667,-85.649941670,0,12,6,0,2,2,1,0,1,1,0,1,0,0000000,13,10,13,12,99,99,0,0,0,1,0
12,121036,2,2,0,4,79,0,11,6,2010,6,20,42,1,1,1,I-10,,99998,30.43113611,-83.589802780,0,12,7,0,1,1,1,0,2,1,0,1,0,0000000,20,42,20,45,99,99,0,0,0,1,0
12,121037,4,2,1,2,101,0,14,6,2010,2,18,30,0,6,4,LOUIS AVE,LUCAS ST,0,28.17416111,-82.743619440,0,12,6,0,2,3,1,0,1,1,0,1,0,0000000,18,31,18,39,99,99,0,0,0,1,0
12,121038,2,2,0,2,95,0,16,6,2010,4,12,56,0,13,3,SR-500,PLYMOUTH SORRENTO RD,99998,28.69343889,-81.556652780,0,12,6,0,2,3,1,0,1,1,0,1,0,0000000,13,1,13,3,99,99,0,0,0,1,0
12,121039,2,2,0,2,89,0,19,6,2010,7,2,30,1,2,3,SR-200,,99998,30.60385278,-81.750486110,0,12,2,0,1,1,1,4,2,1,0,1,0,0000000,2,43,2,52,88,88,0,0,0,1,0
12,121040,2,2,0,4,86,2220,19,6,2010,7,23,30,1,11,1,I-95,,99998,25.90762222,-80.210261110,0,12,1,0,1,1,1,0,3,10,0,10,0,0000000,23,33,23,41,99,99,0,0,0,1,1
12,121041,1,1,1,9,105,1740,21,6,2010,2,5,45,1,13,3,SR-60,,99998,27.90283333,-81.609333330,0,8,0,0,1,1,1,0,3,1,0,1,0,0000000,5,51,5,53,88,88,0,0,0,1,0
12,121042,1,1,0,1,33,1867,21,6,2010,2,2,50,0,6,4,PINE BARREN RD,,0,30.92622222,-87.380655560,0,42,0,0,1,1,4,0,2,1,0,1,0,0000000,2,53,3,11,88,88,0,0,0,1,1
12,121043,2,1,0,1,87,1568,22,6,2010,3,22,22,1,13,2,US-1,,99998,25.11791111,-80.418852780,0,14,0,0,1,1,4,0,3,1,0,1,0,0000000,22,24,22,28,99,99,0,0,0,1,0
12,121044,1,1,0,1,83,0,24,6,2010,5,0,5,0,2,2,US-441,,99998,29.46825833,-82.223288890,0,42,0,0,1,1,4,0,2,1,0,1,0,0000000,0,11,0,17,88,88,0,0,0,1,1
12,121045,2,2,0,2,95,3310,24,6,2010,5,12,46,0,13,3,SR-426,,99998,28.59342222,-81.385150000,0,12,2,0,1,1,1,0,1,10,0,10,0,0000000,12,47,12,53,99,99,0,0,0,1,0
12,121046,1,1,0,3,95,0,24,6,2010,5,18,3,1,2,3,SR-528,,99998,28.45148611,-81.105044440,0,59,0,0,1,1,3,0,1,1,0,1,0,0000000,18,5,18,18,99,99,0,0,0,1,0
12,121047,1,1,0,2,57,0,25,6,2010,6,15,7,0,13,2,US-301,US-301,99998,27.74077500,-82.335233330,0,34,0,0,3,3,4,0,1,1,0,1,0,0000000,15,7,15,16,99,99,0,0,0,1,0
12,121048,1,1,0,2,101,0,26,6,2010,7,2,50,0,6,4,WIRE RD,,0,28.29053333,-82.184805560,0,34,0,0,1,1,4,0,2,10,0,10,0,0000000,99,99,2,53,99,99,0,0,0,1,1
12,121049,1,1,0,1,37,60,26,6,2010,7,1,55,0,16,6,CENTER ST,,0,29.71670833,-84.994397220,0,53,0,0,1,1,4,0,3,1,0,1,0,0000000,1,58,2,10,88,88,0,0,0,1,1
12,121050,1,1,0,3,83,0,26,6,2010,7,18,2,1,11,1,I-75,,99998,29.00362500,-82.149755560,0,24,0,0,1,1,3,0,1,1,0,1,0,0000000,17,59,18,8,99,99,0,0,0,1,0
12,121051,1,1,0,5,99,1750,26,6,2010,7,6,57,1,11,1,I-95,,99998,26.63060833,-80.067336110,0,34,0,0,1,1,4,0,4,10,0,10,0,0000000,6,59,7,4,99,99,0,0,0,2,0
12,121052,1,1,0,3,53,0,27,6,2010,1,8,13,1,1,1,I-75,,99998,28.54386111,-82.236761110,0,24,0,0,1,1,3,0,1,1,0,1,0,0000000,8,13,8,21,99,99,0,0,0,1,1
12,121053,1,1,0,1,87,0,27,6,2010,1,0,41,0,16,6,INDIAN MOUND T,,0,24.98787222,-80.550291670,0,1,0,0,1,1,4,0,2,1,0,1,0,0000000,0,39,0,45,88,88,0,0,0,1,1
12,121054,1,1,1,1,95,0,28,6,2010,2,22,20,0,13,3,SR-436,,99998,28.56116111,-81.310830560,0,8,0,0,1,1,1,0,2,1,0,1,0,0000000,22,21,22,23,99,99,0,0,0,1,0
12,121055,2,2,0,5,93,0,30,6,2010,4,11,10,0,2,2,US-441,,99998,27.28978333,-80.828133330,0,54,11,0,1,1,1,0,1,1,0,1,0,0000000,11,12,11,17,99,99,14,0,0,1,0
12,121056,2,2,0,4,113,0,3,7,2010,7,21,50,0,14,2,US-90,DIAMOND ST,99998,30.59324722,-87.174033330,0,12,6,0,2,3,1,0,2,1,0,1,0,0000000,21,50,22,2,99,99,0,0,0,1,1
12,121057,1,1,1,1,69,0,4,7,2010,1,22,16,0,2,3,SR-50,,99998,28.57675000,-81.926011110,0,8,0,0,1,1,1,0,2,10,0,10,0,0000000,22,16,22,22,99,99,0,0,0,1,0
12,121058,1,1,0,6,9,3073,4,7,2010,1,18,10,1,11,1,I-95,,99998,28.24303333,-80.722336110,0,1,0,0,1,1,4,1,1,2,0,2,0,0000000,18,13,18,23,99,99,0,0,0,1,0
12,121059,2,2,0,5,9,0,4,7,2010,1,14,33,1,11,1,I-95,,99998,28.50448333,-80.840794440,0,1,0,0,1,1,4,0,1,2,0,2,0,0000000,14,35,14,41,99,99,14,0,0,3,0
12,121060,2,2,0,4,73,2940,2,5,2010,1,13,57,0,13,2,US-319,SHUMARD OAK BLVD,99998,30.38712778,-84.235363890,0,12,6,0,2,2,1,8,8,98,0,98,0,0000000,99,99,99,99,99,99,0,0,0,1,0
12,121061,3,3,0,4,105,0,11,5,2010,3,19,40,0,13,2,US-98,ILLINOIS AVE,99998,28.00586111,-81.905386110,0,12,7,0,3,2,1,0,1,1,0,1,0,0000000,99,99,99,99,99,99,0,0,0,1,0
12,121062,1,1,0,3,99,1760,14,5,2010,6,16,49,0,16,6,W PERRY ST,S 11TH ST,0,26.57777500,-80.061286110,0,5,0,0,3,3,1,0,1,1,0,1,0,0000000,99,99,99,99,99,99,0,0,0,1,0
12,121063,2,2,0,3,86,0,15,5,2010,7,4,57,0,6,4,SW 216TH ST,SW 142ND AVE,0,25.56586667,-80.429405560,0,12,2,0,3,2,1,0,2,1,0,1,0,0000000,99,99,99,99,99,99,0,0,0,1,0
12,121064,1,1,0,1,105,0,27,5,2010,5,11,40,1,1,1,I-4,,99998,28.22292222,-81.663091670,0,1,0,0,1,1,3,0,1,1,0,1,0,0000000,99,99,99,99,99,99,0,0,0,1,0
12,121065,1,1,0,1,101,0,28,5,2010,6,22,23,0,6,4,RICHLAND RD,BRYANT VIEW CT,0,28.28836667,-82.161750000,0,1,0,0,3,3,1,0,2,2,0,2,0,0000000,22,26,22,36,88,88,0,0,0,1,1
12,121066,1,1,1,1,55,130,25,1,2010,2,19,33,1,13,2,US-27,PALMETTO ST,99998,27.60665278,-81.514375000,0,8,0,0,3,2,1,0,3,1,0,1,0,0000000,19,40,99,99,88,88,0,0,0,1,0
12,121067,1,1,0,1,99,0,19,2,2010,6,12,50,9,99,9,5200 BRISATA CIR,,99998,26.53083333,-80.124944440,0,1,0,0,1,1,4,0,1,1,0,1,0,0000000,12,52,12,57,99,99,0,0,0,1,0
12,121068,1,1,0,1,33,0,21,2,2010,1,1,42,0,16,6,SUMMIT BLVD,,0,30.45939444,-87.187925000,0,30,0,0,1,1,4,0,3,1,0,1,0,0000000,1,42,1,50,88,88,0,0,0,1,1
12,121069,1,1,1,1,86,1340,28,2,2010,1,22,44,0,13,3,SR-932,WEST 49TH ST,99998,25.86655556,-80.306830560,0,8,0,0,3,2,1,0,3,1,0,1,0,0000000,99,99,99,99,99,99,0,0,0,1,0
12,121070,1,1,0,3,11,2916,27,3,2010,7,0,55,0,13,3,SR-823,SAWGRASS EXPRESSWAY,99998,26.16980556,-80.316497220,0,33,0,0,3,3,4,0,3,1,0,1,0,0000000,0,59,1,5,99,99,0,0,0,1,0
12,121071,1,1,0,1,86,2010,2,4,2010,6,23,40,0,16,6,NW 37TH AVE,,0,25.94536944,-80.261616670,0,33,0,0,1,1,4,0,3,1,0,1,0,0000000,23,14,23,20,88,88,0,0,0,1,0
12,121072,2,2,0,2,105,0,19,4,2010,2,18,0,0,13,2,US-17,,99998,27.94500833,-81.796733330,0,1,0,0,1,1,1,0,1,10,0,10,0,0000000,17,58,18,3,88,88,14,0,0,1,0
12,121073,2,2,0,3,81,340,5,5,2010,4,23,33,0,16,6,17TH AVE,,0,27.48480278,-82.603705560,0,12,7,0,1,1,1,0,2,1,0,1,0,0000000,23,33,23,40,99,99,0,0,0,1,0
12,121074,2,2,0,3,105,0,15,5,2010,7,22,19,1,13,2,US-27,CITRUS RIDGE DR,99998,28.21212778,-81.639988890,0,12,6,0,2,2,1,0,2,1,0,1,0,0000000,22,19,22,26,99,99,0,0,0,1,0
12,121075,1,1,1,2,11,2916,16,5,2010,1,1,1,0,13,3,SR-817,,99998,26.17040278,-80.256222220,0,8,0,0,1,1,1,0,3,1,0,1,0,0000000,1,6,1,9,99,99,0,0,0,1,0
12,121076,2,2,0,4,9,3175,22,5,2010,7,22,2,1,13,2,US-192,US-192,99998,28.07890833,-80.672597220,0,12,6,0,2,2,1,0,3,1,0,1,0,0000000,22,4,22,6,99,99,0,0,0,1,0
12,121077,2,2,0,4,86,0,12,6,2010,7,18,0,0,13,2,US-41,,99998,25.78390278,-80.174697220,0,24,0,0,1,1,3,0,1,1,0,1,0,0000000,99,99,99,99,99,99,0,0,0,1,1
12,121078,2,2,0,2,99,0,18,6,2010,6,13,51,0,14,3,SR-802,,99998,26.61724722,-80.082586110,0,12,6,0,8,1,1,0,1,1,0,1,0,0000000,13,52,13,54,99,99,0,0,0,1,0
12,121079,1,1,1,1,99,0,20,6,2010,1,2,8,0,13,3,SR-809,,99998,26.68722778,-80.111863890,0,8,0,0,1,1,1,0,2,10,0,10,0,0000000,2,8,2,16,99,99,0,0,0,1,0
12,121080,1,1,0,1,86,0,22,6,2010,3,4,39,0,6,4,215 STREET,,0,25.97410556,-80.155252780,0,30,0,0,1,1,4,0,3,1,0,1,0,0000000,4,38,4,47,99,99,0,0,0,1,0
12,121081,2,2,1,2,87,1580,8,7,2010,5,22,47,1,13,2,US-1,,99998,24.57060556,-81.752797220,0,9,0,0,1,1,1,0,2,10,0,10,0,0000000,22,48,22,52,99,99,0,0,0,1,0
12,121082,3,3,0,2,11,0,3,4,2010,7,3,20,1,1,1,I-95,,99998,26.06236389,-80.164011110,0,12,1,0,1,1,1,0,3,10,0,10,0,0000000,3,22,3,27,99,99,0,0,0,1,0
12,121083,2,2,0,4,31,0,20,5,2010,5,18,28,0,6,4,CR-121,,0,30.30961667,-82.008647220,0,24,0,0,1,1,4,0,1,1,0,1,0,0000000,18,19,18,30,99,99,0,0,0,1,0
12,121084,2,2,0,2,15,0,6,7,2010,3,13,35,0,6,4,COCHRAN BLVD,,0,27.00530833,-82.135263890,0,12,6,0,8,1,1,0,1,10,0,10,0,0000000,99,99,99,99,99,99,0,0,0,1,1
12,121085,1,1,1,1,69,0,16,6,2010,4,22,50,0,2,2,US-192,,99998,28.34693056,-81.666200000,0,8,0,0,1,1,1,0,3,1,0,1,0,0000000,22,52,23,0,88,88,0,0,0,1,1
12,121087,1,1,0,1,83,0,23,6,2010,4,21,35,0,6,4,CR-225A,,0,29.30942500,-82.246861110,0,34,0,0,1,1,4,0,2,1,0,1,0,0000000,99,99,99,99,99,99,0,0,0,1,1
12,121088,2,2,0,2,19,0,24,6,2010,5,10,15,0,6,4,CR-220,EAST WEST PARKWAY,0,30.10215278,-81.719919440,0,12,6,0,2,2,1,0,1,1,0,1,0,0000000,10,16,10,19,99,99,0,0,0,1,0
12,121089,1,1,0,1,5,0,26,6,2010,7,1,26,1,13,3,SR-77,,99998,30.30665278,-85.650444440,0,1,0,0,1,1,3,0,2,10,0,10,0,0000000,99,99,99,99,99,99,0,0,0,1,1
12,121090,1,1,0,7,53,0,1,7,2010,5,17,25,0,6,4,BURWELL RD,,0,28.49718056,-82.157091670,0,1,0,0,1,1,1,0,1,10,0,10,0,0000000,17,12,17,21,99,99,0,0,0,1,0
12,121091,1,1,0,2,23,0,5,7,2010,2,22,40,0,6,4,CR-252,,0,30.09528611,-82.510277780,0,38,0,0,1,1,4,0,2,1,0,1,0,0000000,22,42,22,58,99,99,0,0,0,1,0
12,121092,1,1,0,1,11,2570,5,7,2010,2,20,0,1,11,1,I-95,,99998,26.25685278,-80.135486110,0,1,0,1,5,1,4,0,2,10,0,10,0,0000000,20,0,20,7,88,88,0,0,0,1,0
12,121093,1,1,1,1,91,0,6,7,2010,3,14,30,1,2,3,SR-20,,99998,30.48710278,-86.419497220,0,8,0,0,1,1,1,0,1,2,0,2,0,0000000,99,99,99,99,99,99,0,0,0,1,0
12,121094,2,2,0,10,23,0,8,7,2010,5,8,30,1,1,1,I-10,,99998,30.26237222,-82.736277780,0,12,1,0,1,1,1,0,1,1,0,1,0,0000000,8,34,8,46,99,99,0,0,0,2,0
12,121095,1,1,0,1,5,0,8,7,2010,5,16,43,0,6,4,LAIRD STREET,,0,30.17840278,-85.777155560,0,59,0,0,1,1,4,0,1,1,0,1,0,0000000,16,33,16,39,99,99,0,0,0,1,0
12,121096,1,1,1,1,86,0,10,7,2010,7,23,15,0,14,3,SR-989,,99998,25.57229722,-80.372258330,0,8,0,0,1,1,1,0,3,10,0,10,0,0000000,23,13,23,13,99,99,0,0,0,1,0
12,121098,3,3,0,5,43,0,10,7,2010,7,8,30,1,2,3,SR-29,CR-74,99998,26.91741667,-81.322086110,0,12,6,0,2,3,1,0,1,1,0,1,0,0000000,8,33,8,43,99,99,0,0,0,1,0
12,121099,2,2,0,7,21,0,10,7,2010,7,16,36,0,2,2,US-41,,99998,25.89824167,-81.286725000,0,12,2,0,1,1,1,0,1,1,0,1,0,0000000,16,37,16,51,99,99,0,0,0,1,0
12,121100,1,1,1,2,9,0,11,7,2010,1,20,55,0,13,3,SR-A1A,,99998,28.31633889,-80.610100000,0,8,0,0,1,1,1,0,3,1,0,1,0,0000000,21,0,21,5,99,99,0,0,0,1,0
12,121101,2,2,0,6,3,0,11,7,2010,1,3,20,0,3,2,US-90,,99998,30.21294444,-82.386130560,0,12,2,0,1,1,1,0,2,10,0,10,0,0000000,3,20,3,30,99,99,0,0,0,1,2
12,121102,2,2,0,3,9,2005,13,7,2010,3,17,21,0,16,6,NEWFOUND HARBOR DR,WORLEY AVE,0,28.34682222,-80.665055560,0,12,6,0,2,2,1,0,1,1,0,1,0,0000000,17,22,17,31,99,99,0,0,0,1,0
12,121103,2,2,0,3,99,1190,26,4,2010,2,16,5,0,16,6,SWAIN BLVD,FOURTH ST,0,26.62877778,-80.124930560,0,12,6,0,2,2,1,0,1,1,0,1,0,0000000,16,5,16,8,99,99,0,0,0,1,0
12,121104,2,2,0,2,103,2730,11,5,2010,3,14,49,0,13,2,US-19,BURLINGTON AVE N,99998,27.77375556,-82.679347220,0,12,6,0,2,2,1,0,1,1,0,1,0,0000000,99,99,99,99,99,99,0,0,0,1,0
12,121105,1,1,0,3,71,457,11,6,2010,6,19,58,0,16,6,CR-867A,,0,26.71541111,-81.923808330,0,42,0,0,1,1,4,0,1,1,0,1,0,0000000,19,59,20,2,99,99,0,0,0,1,1
12,121106,2,2,0,3,89,0,2,7,2010,6,12,30,0,6,4,CR-108,,0,30.55428333,-81.900663890,0,12,2,0,1,1,1,0,1,2,0,2,0,0000000,12,38,12,47,99,99,0,0,0,1,0
12,121107,2,2,0,4,125,0,2,7,2010,6,20,58,0,6,4,CR-241,CR-18,0,29.95080000,-82.507150000,0,12,6,0,2,2,1,0,2,10,0,10,0,0000000,21,0,21,6,99,99,20,0,0,1,0
12,121108,4,4,0,8,91,835,3,7,2010,7,13,15,1,13,2,US-98,CR-2378,99998,30.38566944,-86.460880560,0,12,6,0,2,2,1,0,1,1,0,1,0,0000000,13,17,13,19,99,99,14,20,0,1,0