STATE,ST_CASE,VE_TOTAL,VE_FORMS,PEDS,PERSONS,COUNTY,CITY,DAY,MONTH,YEAR,DAY_WEEK,HOUR,MINUTE,NHS,ROAD_FNC,ROUTE,TWAY_ID,TWAY_ID2,MILEPT,LATITUDE,LONGITUD,SP_JUR,HARM_EV,MAN_COLL,RELJCT1,RELJCT2,TYP_INT,REL_ROAD,WRK_ZONE,LGT_COND,WEATHER1,WEATHER2,WEATHER,SCH_BUS,RAIL,NOT_HOUR,NOT_MIN,ARR_HOUR,ARR_MIN,HOSP_HR,HOSP_MN,CF1,CF2,CF3,FATALS,DRUNK_DR
12,121109,1,1,0,1,127,0,3,7,2010,7,7,20,1,1,1,I-4,,99998,29.10293889,-81.150625000,0,42,0,0,1,1,4,0,1,10,0,10,0,0000000,7,24,7,36,88,88,0,0,0,1,0
12,121110,2,2,0,2,85,0,4,7,2010,1,5,4,1,1,1,I-95,,99998,26.98723333,-80.188522220,0,12,2,0,1,1,1,0,2,10,0,10,0,0000000,5,6,5,23,99,99,0,0,0,1,1
12,121111,1,1,0,1,111,0,6,7,2010,3,21,55,0,13,2,US-1,,99998,27.51314444,-80.351827780,0,1,0,0,1,1,3,0,2,1,0,1,0,0000000,21,49,21,54,99,99,0,0,0,1,0
12,121112,2,2,0,2,95,0,8,7,2010,5,9,2,0,14,3,SR-551,BRYAN ROAD,99998,28.54664722,-81.285886110,0,12,6,0,2,3,1,0,1,1,0,1,0,0000000,9,4,9,8,99,99,0,0,0,1,0
12,121113,1,1,1,1,101,0,9,7,2010,6,23,21,0,6,4,CONGRESS ST,,0,28.27220278,-82.707352780,0,8,0,0,1,1,1,0,2,1,0,1,0,0000000,23,26,23,33,99,99,0,0,0,1,0
12,121114,1,1,1,1,11,1050,16,1,2010,7,12,53,0,16,6,1319 NW 7TH ST,,0,26.13108333,-80.159536110,0,8,0,0,1,1,1,0,1,1,0,1,0,0000000,12,55,12,58,99,99,0,0,0,1,0
12,121115,1,1,0,2,11,790,29,1,2010,6,15,3,0,14,3,SR-810,POWERLINE RD,99998,26.31772222,-80.152880560,0,42,0,0,2,2,4,0,1,1,0,1,0,0000000,99,99,99,99,99,99,0,0,0,1,0
12,121116,1,1,1,1,57,0,25,5,2010,3,13,32,0,6,4,GUNN HWY,LINEBAUGH AVE,0,28.04000278,-82.508900000,0,8,0,0,3,2,1,0,1,10,0,10,0,0000000,99,99,99,99,88,88,0,0,0,1,0
12,121117,1,1,1,1,86,1340,1,6,2010,3,23,9,0,16,6,W 16TH AVE,W 44TH PL,0,25.86250833,-80.314755560,0,8,0,0,3,2,1,0,3,10,0,10,0,0000000,99,99,99,99,99,99,0,0,0,1,0
12,121118,2,2,0,3,86,0,8,6,2010,3,6,5,0,14,3,SR-825,NW 137TH AVE,99998,25.77258056,-80.417413890,0,12,6,0,2,3,1,0,4,1,0,1,0,0000000,6,7,6,13,88,88,0,0,0,1,1
12,121119,2,2,0,2,86,0,9,6,2010,4,21,11,0,6,4,SW 137TH AVE,SW 136TH ST,0,25.64108611,-80.414827780,0,12,6,0,2,2,1,0,3,1,0,1,0,0000000,21,11,21,16,99,99,0,0,0,1,0
12,121120,1,1,1,3,99,0,23,6,2010,4,8,35,0,13,3,SR-704,,99998,26.70705833,-80.115272220,0,8,0,0,1,1,1,0,1,1,0,1,0,0000000,99,99,99,99,99,99,0,0,0,1,0
12,121121,1,1,1,1,11,2260,24,6,2010,5,22,58,0,14,3,SR-811,,99998,26.17614444,-80.133052780,0,9,0,0,1,1,1,0,3,1,0,1,0,0000000,22,58,23,3,99,99,0,0,0,1,0
12,121122,1,1,0,1,69,580,25,6,2010,6,23,57,0,16,3,SR-50,,0,28.54538056,-81.762525000,0,42,0,0,1,1,4,0,3,1,0,1,0,0000000,23,58,0,3,88,88,0,0,0,1,1
12,121123,2,2,0,4,11,672,27,6,2010,1,5,29,0,14,6,RIVERSIDE DR,,99998,26.23547222,-80.249072220,0,12,2,0,1,1,1,0,3,1,0,1,0,0000000,5,30,5,35,99,99,0,0,0,1,0
12,121124,2,2,0,3,57,0,2,7,2010,6,9,27,0,6,4,MORRIS BRIDGE RD,,0,28.08303333,-82.322858330,0,12,6,0,1,1,1,0,1,2,0,2,0,0000000,9,27,9,43,99,99,0,0,0,1,0
12,121125,1,1,0,1,31,1510,4,7,2010,1,3,0,0,16,6,HODGES BLVD,,0,30.29183333,-81.458988890,0,38,0,0,1,1,4,0,3,10,0,10,0,0000000,3,4,3,11,88,88,0,0,0,1,0
12,121126,1,1,1,1,86,2010,15,7,2010,5,21,20,0,16,6,NW 7TH ST,,0,25.77869722,-80.268494440,0,8,0,0,1,1,1,0,3,10,0,10,0,0000000,21,21,21,24,88,88,0,0,0,1,0
12,121127,2,2,0,3,31,1510,19,6,2010,7,22,55,1,11,1,I-295,,99998,30.19741389,-81.741083330,0,1,0,0,1,1,1,0,3,1,0,1,0,0000000,99,99,99,99,88,88,0,0,0,1,0
12,121128,1,1,0,1,57,2950,5,6,2010,7,16,5,0,14,3,SR-585,,99998,27.99126667,-82.434800000,0,30,0,0,1,1,4,0,1,1,0,1,0,0000000,99,99,99,99,99,99,0,0,0,1,0
12,121129,1,1,1,1,31,1510,22,6,2010,3,6,0,0,16,6,12139 DUNN CREEK RD,,0,30.46126944,-81.591863890,0,8,0,0,1,1,1,0,3,10,0,10,0,0000000,99,99,99,99,99,99,0,0,0,1,0
12,121130,3,3,0,5,57,0,4,7,2010,1,23,17,0,6,4,VANDYKE RD,,0,28.12821389,-82.543305560,0,12,2,0,1,1,1,0,2,10,0,10,0,0000000,23,25,23,35,99,99,0,0,0,1,1
12,121131,1,1,1,1,57,0,5,7,2010,2,4,37,0,6,4,78TH STREET SOUTH,,0,27.90824444,-82.368669440,0,8,0,0,1,1,1,0,2,2,0,2,0,0000000,4,37,4,41,88,88,0,0,0,1,0
12,121132,1,1,1,1,31,1510,10,7,2010,7,20,45,0,16,6,YELLOW BLUFF ROAD,,0,30.48305833,-81.576727780,0,9,0,0,1,1,1,0,2,1,0,1,0,0000000,20,48,20,53,99,99,0,0,0,1,0
12,121133,1,1,0,1,57,0,13,7,2010,3,14,49,0,6,4,TOWN CENTER,,0,27.92903889,-82.320011110,0,34,0,0,1,1,4,0,1,1,0,1,0,0000000,14,50,14,55,99,99,0,0,0,1,0
12,121134,2,2,0,3,11,2916,3,2,2010,4,16,46,0,14,6,HIATUS RD,W OAKLAND PARK BLVD,99998,26.16846944,-80.296150000,0,12,1,0,2,2,1,0,1,10,0,10,0,0000000,99,99,99,99,99,99,0,0,0,1,0
12,121135,1,1,1,1,11,1050,3,3,2010,4,20,4,0,14,3,SR-736,,99998,26.10461111,-80.197027780,0,8,0,0,1,1,1,0,3,1,0,1,0,0000000,99,99,99,99,99,99,0,0,0,1,0
12,121136,2,2,0,3,111,2601,21,3,2010,1,18,35,0,13,2,US-1 SOUTH,PORT ST LUCIE BLVD S,99998,27.27110000,-80.288475000,0,12,6,0,2,2,1,0,5,2,0,2,0,0000000,99,99,99,99,99,99,0,0,0,1,0
12,121137,1,1,1,1,11,1050,31,3,2010,4,12,45,0,15,6,E LAS OLAS BLVD,SE 2ND AVENUE,99998,26.11911667,-80.141358330,0,8,0,0,3,2,1,0,1,1,0,1,0,0000000,12,44,12,44,99,99,0,0,0,1,0
12,121138,1,1,1,1,91,710,6,4,2010,3,22,24,0,13,3,SR-85,,99998,30.75123889,-86.563800000,0,8,0,0,1,1,1,0,3,10,0,10,0,0000000,22,24,22,26,99,99,0,0,0,1,0
12,121139,7,3,0,7,111,1080,16,4,2010,6,15,4,0,13,2,US-1,,99998,27.40630000,-80.325888890,0,12,6,0,1,1,1,0,1,2,0,2,0,0000000,99,99,99,99,99,99,14,0,0,1,0
12,121140,1,1,1,1,11,1050,18,4,2010,1,21,38,0,14,3,SR-A1A,HARBOR DR,99998,26.10840278,-80.107144440,0,8,0,0,3,2,1,0,3,2,0,2,0,0000000,99,99,99,99,99,99,0,0,0,1,0
12,121141,2,2,0,3,81,340,27,4,2010,3,18,53,0,16,6,2ND STREET EAST,RIVERSIDE DRIVE EAST,0,27.49827222,-82.561211110,0,12,6,0,2,2,1,0,5,1,0,1,0,0000000,99,99,99,99,99,99,0,0,0,1,0
12,121142,1,1,0,1,31,1510,9,6,2010,4,16,49,1,11,1,I-295,,99998,30.46006667,-81.654488890,0,42,0,0,1,1,4,0,1,1,0,1,0,0000000,16,52,16,57,99,99,0,0,0,1,0
12,121143,2,2,0,4,5,0,21,6,2010,2,13,41,0,6,4,TRANSMITTER RD,PICADILLY LN,0,30.22354444,-85.607266670,0,12,2,0,2,3,1,0,1,2,0,2,0,0000000,13,42,13,51,99,99,0,0,0,1,0
12,121144,2,2,0,3,37,0,22,6,2010,3,12,55,0,6,4,CR-384,,0,29.73140278,-85.012130560,0,12,6,0,1,1,1,0,1,10,0,10,0,0000000,12,55,13,1,99,99,0,0,0,1,0
12,121145,2,2,0,5,69,1820,8,5,2010,7,12,10,0,13,2,US-27,GUNSTON ST,99998,28.79720000,-81.887672220,0,12,6,0,3,2,1,0,1,1,0,1,0,0000000,12,14,12,14,99,99,0,0,0,1,0
12,121146,1,1,1,1,11,1280,17,6,2010,5,20,25,0,13,3,SR-858,,0,25.98615000,-80.124566670,0,9,0,0,8,1,1,0,5,1,0,1,0,0000000,20,32,20,36,99,99,0,0,0,1,0
12,121147,1,1,0,1,11,2916,2,7,2010,6,22,20,0,13,3,SR-816,,99998,26.16501389,-80.240766670,0,33,0,0,1,1,3,0,2,10,0,10,0,0000000,22,21,22,25,88,88,0,0,0,1,0
12,121148,2,2,0,2,86,0,7,7,2010,4,15,48,0,6,4,NW 83RD STREET,NW 14TH AVENUE,0,25.85035833,-80.221475000,0,12,6,0,2,2,1,0,1,1,0,1,0,0000000,15,48,15,55,99,99,0,0,0,1,0
12,121149,4,4,0,14,95,2360,16,7,2010,6,0,13,0,13,3,SR-436,PERSHING AVENUE,99998,28.49863056,-81.310336110,0,12,1,0,3,2,1,0,3,1,0,1,0,0000000,0,15,0,25,99,99,0,0,0,1,1
12,121150,2,2,0,3,1,1130,17,7,2010,7,2,47,0,13,2,US-441,SW 21ST AVENUE,99998,29.63344167,-82.339450000,0,12,6,0,2,3,1,0,3,1,0,1,0,0000000,2,47,2,52,88,88,0,0,0,1,1
12,121151,3,3,0,4,86,0,6,7,2010,3,19,28,0,16,6,W FLAGLER ST,,0,25.76911667,-80.347883330,0,12,7,0,1,1,1,0,1,1,0,1,0,0000000,19,28,19,35,88,88,0,0,0,2,0
12,121152,2,2,0,3,17,0,15,5,2010,7,15,16,0,6,4,CR-48,S ISTACHATTA RD,0,28.74159444,-82.273747220,0,12,1,0,3,3,1,0,1,1,0,1,0,0000000,99,99,99,99,99,99,0,0,0,1,0
12,121153,3,3,0,4,86,3180,1,7,2010,5,13,0,0,16,6,SW 16TH ST,SW 63RD AVE,0,25.75597500,-80.297663890,0,12,6,0,2,2,1,0,1,1,0,1,0,0000000,99,99,99,99,99,99,0,0,0,1,0
12,121154,1,1,0,1,83,0,3,7,2010,7,7,29,1,1,1,I-75,,99998,29.38097500,-82.233238890,0,1,0,0,1,1,2,0,1,10,0,10,0,0000000,99,99,99,99,99,99,0,0,0,1,0
12,121155,1,1,0,1,101,0,12,7,2010,2,16,30,0,2,2,US-301,,99998,28.18620833,-82.206169440,0,1,0,0,1,1,4,0,1,1,0,1,0,0000000,16,31,16,39,99,99,0,0,0,1,0
12,121156,2,2,0,2,33,0,19,7,2010,2,16,42,0,14,3,SR-727,TABAID LN,99998,30.40889444,-87.317638890,0,12,1,0,2,3,1,0,1,1,0,1,0,0000000,99,99,99,99,99,99,0,0,0,1,0
12,121157,2,2,0,5,103,1880,10,3,2010,4,19,15,0,14,3,SR-699,GULF BLVD,99998,27.79840556,-82.798000000,0,12,6,0,2,3,1,0,3,10,0,10,0,0000000,19,16,19,21,99,99,0,0,0,1,0
12,121158,1,1,1,1,99,2660,19,3,2010,6,22,2,1,13,3,SR-708,SR-708,99998,26.78307500,-80.092069440,0,33,0,0,3,2,4,0,3,1,0,1,0,0000000,22,8,22,12,99,99,0,0,0,1,0
12,121159,1,1,0,1,71,1070,9,5,2010,1,0,33,0,16,6,MC GREGOR BLVD,,0,26.63340000,-81.880738890,0,25,0,0,1,1,3,0,3,1,0,1,0,0000000,99,99,99,99,99,99,0,0,0,1,0
12,121160,2,2,0,2,33,520,14,5,2010,6,14,35,1,2,2,US-29,SR-4,99998,30.98141111,-87.257527780,0,12,6,0,2,3,1,0,1,1,0,1,0,0000000,99,99,99,99,99,99,0,0,0,1,0
12,121161,1,1,1,2,86,0,25,5,2010,3,5,48,0,6,4,SW 147TH AVENUE,,0,25.71248889,-80.431002780,0,8,0,0,1,1,1,0,2,1,0,1,0,0000000,5,52,5,57,88,88,0,0,0,1,0
12,121162,2,2,0,2,101,0,11,6,2010,6,9,25,0,3,2,US-41,,99998,28.40055000,-82.481338890,0,12,1,0,8,1,1,0,1,1,0,1,0,0000000,99,99,99,99,99,99,0,0,0,1,0
12,121163,1,1,0,1,86,0,11,6,2010,6,19,10,0,6,4,SW 62ND STREET,,0,25.70916111,-80.418769440,0,1,0,0,1,1,3,0,1,1,0,1,0,0000000,19,16,19,22,88,88,0,0,0,1,0
12,121164,2,2,0,3,17,1445,22,6,2010,3,6,30,1,13,2,US-19,S SUFFOLK TERR,99998,28.78248333,-82.558655560,0,12,6,0,2,2,1,0,4,1,0,1,0,0000000,99,99,99,99,99,99,0,0,0,1,0
12,121165,1,1,0,3,105,0,25,6,2010,6,12,25,0,6,4,W HIGHLAND ST,,0,28.03310000,-82.001072220,0,52,0,0,1,1,4,0,1,10,0,10,0,0000000,12,20,12,33,99,99,0,0,0,1,0
12,121166,2,2,0,3,41,0,3,7,2010,7,10,49,0,3,2,US-129,CR-340,99998,29.79607500,-82.866869440,0,12,6,0,2,2,1,0,1,1,0,1,0,0000000,10,49,10,54,88,88,0,0,0,1,0
12,121167,1,1,1,1,31,1510,7,7,2010,4,17,20,0,16,6,CEDAR POINT RD,,0,30.46370833,-81.545580560,0,9,0,0,1,1,1,0,1,1,0,1,0,0000000,17,30,17,35,88,88,0,0,0,1,0
12,121168,1,1,0,2,131,0,8,7,2010,5,20,55,1,1,1,I-10,,99998,30.69540556,-86.147469440,0,1,0,0,1,1,1,0,2,1,0,1,0,0000000,20,58,21,6,99,99,0,0,0,1,0
12,121169,2,2,0,2,109,0,8,7,2010,5,14,38,0,6,4,WILDWOOD DR,S WINTER HAWK DR,0,29.81662778,-81.344141670,0,12,2,0,2,2,1,0,1,1,0,1,0,0000000,14,39,14,49,88,88,0,0,0,1,0
12,121170,2,2,0,3,86,0,10,7,2010,7,15,10,0,13,3,SR-9,NW 119TH ST,99998,25.88280833,-80.243163890,0,12,6,0,2,2,1,0,1,2,0,2,0,0000000,15,10,15,15,99,99,0,0,0,1,0
12,121171,1,1,0,1,86,0,10,7,2010,7,3,35,1,11,1,I-395,,99998,25.78188056,-80.330561110,0,34,0,0,1,1,4,1,3,10,0,10,0,0000000,3,39,3,49,99,99,0,0,0,1,1
12,121172,2,2,0,5,39,0,11,7,2010,1,12,40,0,4,3,SR-267,,99998,30.50553056,-84.608980560,0,12,6,0,1,1,1,0,1,1,0,1,0,0000000,12,40,12,55,99,99,0,0,0,2,0
12,121173,1,1,1,2,81,0,11,7,2010,1,2,20,0,6,4,301 BLVD E,,0,27.46073889,-82.555388890,0,8,0,0,1,1,1,0,2,1,0,1,0,0000000,2,24,2,32,99,99,0,0,0,1,0
12,121174,1,1,1,3,97,0,12,7,2010,2,21,13,0,6,4,BOGGY CREEK,,0,28.33606111,-81.300033330,0,8,0,0,1,1,1,0,2,1,0,1,0,0000000,21,14,21,25,99,99,0,0,0,1,0
12,121175,2,2,0,2,117,0,12,7,2010,2,20,5,0,6,4,N HUNT CLUB BLVD,WINCHESTER PLACE,0,28.69953889,-81.443997220,0,12,6,0,2,3,1,0,5,1,0,1,0,0000000,20,2,20,9,99,99,0,0,0,1,0
12,121176,2,2,0,2,105,0,12,7,2010,2,15,15,0,13,2,US-98,LITTLE CYPRESS DRIVE,99998,28.18656667,-81.997605560,0,12,6,0,2,3,1,0,1,1,0,1,0,0000000,15,23,15,32,99,99,0,0,0,1,0
12,121177,2,2,0,2,17,0,12,7,2010,2,21,0,0,6,4,FOREST RIDGE BLVD,,0,28.90251944,-82.447377780,0,12,2,0,1,1,1,0,2,1,0,1,0,0000000,21,2,21,7,99,99,0,0,0,1,0
12,121178,2,2,0,2,71,1823,13,7,2010,3,17,21,0,3,3,SR-82,,99998,26.57993889,-81.709577780,0,12,6,0,1,1,1,0,1,2,0,2,0,0000000,17,22,17,23,99,99,0,0,0,1,0
12,121179,1,1,0,2,75,0,13,7,2010,3,14,0,1,2,2,US-19,CR-40A,99998,29.04795278,-82.662641670,0,1,0,0,2,3,1,0,1,1,0,1,0,0000000,14,3,14,28,99,99,0,0,0,2,0
12,121180,1,1,1,2,107,0,13,7,2010,3,1,30,0,13,2,US-17,,99998,29.58303889,-81.614738890,0,8,0,0,1,1,1,0,2,1,0,1,0,0000000,1,28,1,36,99,99,0,0,0,1,0
12,121181,4,4,0,4,121,0,14,7,2010,4,9,33,0,3,2,US-90,,99998,30.25778611,-82.905447220,0,12,2,0,1,1,1,0,1,1,0,1,0,0000000,9,37,9,46,99,99,14,0,0,1,0
12,121182,1,1,1,2,103,0,14,7,2010,4,1,34,0,13,3,SR-688,,99998,27.89444722,-82.751580560,0,8,0,0,1,1,1,0,2,10,0,10,0,0000000,1,37,1,43,88,88,0,0,0,1,0
12,121183,2,2,0,2,3,0,14,7,2010,4,16,16,0,3,2,US-90,I-10,99998,30.23945556,-82.302502780,0,12,6,1,2,2,1,0,1,10,0,10,0,0000000,16,16,16,33,88,88,0,0,0,1,0
12,121184,3,3,0,6,83,0,15,7,2010,5,21,35,0,14,3,SR-35,,99998,29.08893611,-82.053525000,0,12,2,0,1,1,1,0,2,10,0,10,0,0000000,21,37,21,43,88,88,0,0,0,1,1
12,121185,1,1,1,1,95,0,15,7,2010,5,22,15,0,13,2,US-441,41ST ST,99998,28.50178889,-81.397113890,0,8,0,0,2,3,1,0,3,1,0,1,0,0000000,22,16,22,19,99,99,0,0,0,1,0
12,121186,2,2,1,6,95,0,15,7,2010,5,22,43,0,13,2,US-441,,99998,28.64498611,-81.460327780,0,8,0,0,1,1,1,0,2,1,0,1,0,0000000,22,44,22,48,88,88,0,0,0,1,0
12,121187,2,2,0,2,69,0,15,7,2010,5,17,19,0,3,3,SR-44,,99998,28.85147222,-81.555461110,0,12,6,0,1,1,1,0,1,2,0,2,0,0000000,17,19,17,20,88,88,0,0,0,1,0
12,121188,1,1,0,1,19,0,16,7,2010,6,11,34,0,13,3,SR-21,EDSON DR,99998,30.17504444,-81.745019440,0,19,0,0,2,2,4,0,1,1,0,1,0,0000000,11,35,11,44,99,99,0,0,0,1,0
12,121189,1,1,0,1,113,0,17,7,2010,7,13,42,1,1,1,I-10,,99998,30.63335833,-86.925216670,0,35,0,0,1,1,4,0,1,2,0,2,0,0000000,13,43,13,57,88,88,0,0,0,1,0
12,121190,1,1,0,9,115,2235,17,7,2010,7,21,40,1,1,1,I-75,,99998,27.09947778,-82.235841670,0,1,0,0,1,1,4,0,2,1,0,1,0,0000000,21,53,21,59,99,99,0,0,0,1,0
12,121191,1,1,1,1,127,0,18,7,2010,1,15,18,9,99,9,NEW SMYRNA BEACH,,99998,29.21885000,-81.029411110,0,8,0,0,1,1,1,0,1,1,0,1,0,0000000,15,18,15,25,99,99,0,0,0,1,0
12,121192,3,3,0,9,127,780,18,7,2010,1,1,22,1,11,1,I-95,,99998,29.17578889,-81.087180560,0,12,2,0,1,1,1,0,2,1,0,1,0,0000000,1,29,1,37,99,99,14,0,0,1,1
12,121193,2,2,0,7,89,0,18,7,2010,1,22,50,0,2,2,US-1,RATLIFF ROAD,99998,30.51083056,-81.793261110,0,12,6,0,2,2,1,0,2,1,0,1,0,0000000,22,45,22,52,99,99,0,0,0,1,0
12,121194,1,1,1,2,83,0,19,7,2010,2,13,40,1,13,2,US-27,NW 46 TERRACE,99998,29.21000000,-82.190000000,0,15,0,0,3,3,1,0,1,1,0,1,0,0000000,13,42,13,46,99,99,0,0,0,1,0
12,121195,2,2,0,5,107,2420,19,7,2010,2,18,45,1,14,3,SR-100,SR-19,99998,29.65832500,-81.668441670,0,12,6,0,2,2,1,0,1,1,0,1,0,0000000,18,44,18,46,99,99,0,0,0,1,0
12,121196,2,2,0,2,15,0,19,7,2010,2,13,20,0,6,4,JONES LOOP RD,TAYLOR RD,0,26.89497500,-82.011372220,0,12,6,0,2,2,1,0,1,10,0,10,0,0000000,13,22,13,32,99,99,0,0,0,1,0
12,121197,1,1,0,1,93,0,20,7,2010,3,4,30,1,2,3,SR-70,,99998,27.26200278,-80.743202780,0,52,0,0,1,1,4,0,2,1,0,1,0,0000000,4,31,4,44,88,88,0,0,0,1,0
12,121198,2,2,0,2,67,0,20,7,2010,3,8,25,0,3,3,SR-51,,99998,30.09899722,-83.171730560,0,12,2,0,1,1,1,0,1,1,0,1,0,0000000,8,25,8,28,99,99,0,0,0,1,0
12,121199,1,1,0,1,33,0,20,7,2010,3,21,5,0,6,4,CR-97,,0,30.55843889,-87.339961110,0,1,0,0,1,1,4,0,2,1,0,1,0,0000000,99,99,21,5,88,88,0,0,0,1,0
12,121200,1,1,0,1,23,0,21,7,2010,4,11,30,0,6,4,SW BOBCAT DR,,0,29.87133056,-82.653933330,0,32,0,0,8,1,4,0,1,1,0,1,0,0000000,11,31,11,40,99,99,0,0,0,1,0
12,121201,3,3,0,3,11,3193,21,7,2010,4,2,53,1,11,1,I-75,,99998,26.12548056,-80.360391670,0,12,1,0,1,1,1,0,2,10,0,10,0,0000000,2,53,3,4,99,99,0,0,0,1,1
12,121202,1,1,0,1,27,0,22,7,2010,5,23,11,0,6,4,SE PEACE RIVER ST,CR-769,0,27.06139167,-82.025708330,0,30,0,0,3,3,4,0,3,1,0,1,0,0000000,23,13,23,17,88,88,0,0,0,1,1
12,121203,1,1,0,7,1,0,22,7,2010,5,14,49,1,11,1,I-75,,99998,29.63827222,-82.342752780,0,1,0,0,1,1,1,0,1,1,0,1,0,0000000,99,99,99,99,99,99,0,0,0,1,0
12,121204,2,2,1,4,127,0,23,7,2010,6,21,6,0,14,3,SR-11,JUNE TERRACE,99998,29.07983056,-81.305272220,0,8,0,0,2,3,1,0,3,1,0,1,0,0000000,21,7,21,9,99,99,0,0,0,1,0
12,121205,1,1,0,1,91,0,23,7,2010,6,4,25,1,13,3,SR-85,,99998,30.46198056,-86.564652780,0,1,0,0,1,1,4,0,2,1,0,1,0,0000000,4,32,4,42,88,88,0,0,0,1,0
12,121206,2,2,0,2,33,0,23,7,2010,6,14,0,0,3,2,US-90,RUBY FISH CAMP RD,99998,30.52236944,-87.442616670,0,12,1,0,2,3,1,0,1,10,0,10,0,0000000,14,1,14,14,99,99,0,0,0,1,0
12,121207,1,1,0,1,37,0,23,7,2010,6,8,11,0,2,2,US-98,,99998,29.72063333,-85.108388890,0,42,0,0,1,1,4,0,1,10,0,10,0,0000000,8,7,8,18,88,88,0,0,0,1,1
12,121208,1,1,0,1,101,0,23,7,2010,6,20,5,0,13,3,SR-54,,99998,28.18996111,-82.614116670,0,58,0,0,1,1,4,0,5,10,0,10,0,0000000,20,6,20,9,88,88,0,0,0,1,1
12,121209,2,2,0,2,11,3193,24,7,2010,7,3,0,1,11,1,I-75,,99998,26.09260556,-80.363113890,0,12,2,0,1,1,1,0,3,2,0,2,0,0000000,2,57,3,6,88,88,0,0,0,1,1
12,121210,1,1,0,3,7,0,24,7,2010,7,0,40,0,6,4,SW 163RD STREET,,0,29.94576944,-82.185469440,0,1,0,0,1,1,4,0,2,10,0,10,0,0000000,0,46,0,58,99,99,0,0,0,1,1
12,121211,2,2,0,2,9,0,25,7,2010,1,3,55,1,11,1,I-95,,99998,28.31082500,-80.762288890,0,12,1,0,1,1,1,0,2,10,0,10,0,0000000,3,59,4,8,88,88,0,0,0,1,1
12,121212,1,1,0,2,87,1568,25,7,2010,1,13,5,1,13,2,US-1,,99998,25.07036944,-80.467255560,0,30,0,0,1,1,4,0,1,2,0,2,0,0000000,13,12,13,17,88,88,0,0,0,2,1
12,121213,3,3,0,3,101,0,12,7,2010,2,14,30,0,13,3,SR-52,ZIMMERMAN ROAD,99998,28.33121389,-82.691180560,0,12,6,0,2,2,1,0,1,10,0,10,0,0000000,14,32,14,39,99,99,0,0,0,1,0
12,121214,1,1,0,2,11,2876,12,7,2010,2,16,50,0,16,4,SW 172ND AVENUE,,0,26.05135833,-80.377919440,0,5,0,0,1,1,4,0,1,1,0,1,0,0000000,16,54,16,58,99,99,0,0,0,1,0
12,121215,2,2,0,3,111,2601,26,3,2010,6,22,19,0,14,6,SW BAYSHORE BLVD,SW CROSSTOWN PKWY,99998,27.29655833,-80.367775000,0,12,1,0,2,9,1,0,3,1,0,1,0,0000000,22,19,22,26,99,99,0,0,0,1,0
12,121216,2,2,0,3,103,2873,10,4,2010,7,11,40,0,16,6,GULFPORT BLVD S,64TH STREET S,0,27.75795833,-82.724305560,0,12,6,0,2,2,1,0,1,1,0,1,0,0000000,11,46,11,49,99,99,0,0,0,1,0
12,121217,1,1,1,1,127,787,1,6,2010,3,16,10,0,16,6,W. HIGHBANKS ROAD,,0,28.89017500,-81.331747220,0,8,0,0,1,1,1,0,1,10,0,10,0,0000000,99,99,99,99,99,99,0,0,0,1,0
12,121218,1,1,1,2,69,2970,5,7,2010,2,3,25,0,16,6,DORA AVE,,0,28.81765556,-81.704302780,0,8,0,0,1,1,1,0,2,10,0,10,0,0000000,3,25,3,30,88,88,0,0,0,1,0
12,121219,2,2,0,3,9,620,10,7,2010,7,12,6,1,12,3,SR-524,I-95,99998,28.37440000,-80.804583330,0,12,6,1,3,1,1,0,1,1,0,1,0,0000000,12,1,12,9,99,99,0,0,0,1,0
12,121220,2,2,0,3,103,2730,15,3,2010,2,13,40,0,16,6,CENTRAL AVE,PASADENA AVE,0,27.77086944,-82.731630560,0,12,6,0,2,2,1,0,1,1,0,1,0,0000000,13,39,13,43,99,99,0,0,0,1,1
12,121221,1,1,1,1,71,312,10,6,2010,5,15,9,0,16,6,BOURBONNIER DR,,0,26.33790556,-81.758194440,0,15,0,0,1,1,1,0,1,1,0,1,0,0000000,99,99,99,99,99,99,0,0,0,1,0
12,121222,1,1,1,2,117,0,13,7,2010,3,8,25,0,6,4,RED BUG LAKE RD,OVIEDO MARKETPLACE B,0,28.65625278,-81.236805560,0,8,0,0,2,2,1,0,1,1,0,1,0,0000000,8,27,8,34,99,99,0,0,0,1,0
12,121223,2,2,0,2,101,750,28,6,2010,2,13,8,0,13,3,SR-52,SAINT JOE RD,99998,28.35450833,-82.204686110,0,12,6,0,2,2,1,0,1,1,0,1,0,0000000,13,12,13,13,99,99,0,0,0,1,0
12,121224,2,2,0,2,11,2083,6,7,2010,3,19,49,0,16,6,SW 145TH AVE,SW 29TH ST,0,25.98228056,-80.340113890,0,12,6,0,2,2,1,0,5,1,0,1,0,0000000,99,99,99,99,99,99,0,0,0,1,0
12,121225,1,1,0,1,15,2620,14,7,2010,4,2,0,0,16,6,ELIZABETH ST,,0,26.93169722,-82.044177780,0,34,0,0,1,1,4,0,3,1,0,1,0,0000000,2,5,99,99,99,99,0,0,0,1,1
12,121226,1,1,1,1,101,0,15,7,2010,5,23,40,0,13,3,SR-54,,99998,28.21711944,-82.719894440,0,8,0,0,1,1,1,0,3,1,0,1,0,0000000,23,41,23,46,88,88,0,0,0,1,0