STATE,ST_CASE,VE_TOTAL,VE_FORMS,PEDS,PERSONS,COUNTY,CITY,DAY,MONTH,YEAR,DAY_WEEK,HOUR,MINUTE,NHS,ROAD_FNC,ROUTE,TWAY_ID,TWAY_ID2,MILEPT,LATITUDE,LONGITUD,SP_JUR,HARM_EV,MAN_COLL,RELJCT1,RELJCT2,TYP_INT,REL_ROAD,WRK_ZONE,LGT_COND,WEATHER1,WEATHER2,WEATHER,SCH_BUS,RAIL,NOT_HOUR,NOT_MIN,ARR_HOUR,ARR_MIN,HOSP_HR,HOSP_MN,CF1,CF2,CF3,FATALS,DRUNK_DR
12,121227,1,1,1,1,86,0,23,7,2010,6,6,42,0,13,2,US-41,SW 132ND AVE,99998,25.76106389,-80.409833330,0,8,0,0,3,2,1,0,4,2,0,2,0,0000000,99,99,6,45,88,88,0,0,0,1,0
12,121228,1,1,0,4,61,0,23,7,2010,6,9,36,1,1,1,I-95,,99998,27.73862778,-80.548977780,0,1,0,0,1,1,3,0,1,10,0,10,0,0000000,9,36,9,45,99,99,0,0,0,2,0
12,121229,2,2,0,8,53,0,24,7,2010,7,20,40,0,6,4,UMBRELLA ROCK ST,GOODSTONE DR,0,28.56315278,-82.174741670,0,12,6,0,2,2,1,0,5,10,0,10,0,0000000,99,99,20,48,99,99,0,0,0,2,0
12,121230,1,1,1,3,61,0,25,7,2010,1,0,13,0,6,4,87TH STREET,,0,27.75262778,-80.525986110,0,8,0,0,1,1,1,0,3,1,0,1,0,0000000,0,13,0,19,99,99,0,0,0,1,0
12,121232,2,2,0,6,81,0,26,7,2010,2,22,30,0,6,4,69TH STREET EAST,SIM BARCO ROAD,0,27.57547222,-82.517475000,0,12,1,0,2,3,1,0,2,1,0,1,0,0000000,22,33,22,41,99,99,0,0,0,1,0
12,121233,1,1,0,6,61,0,27,7,2010,3,18,49,1,1,1,I-95,,99998,27.73832500,-80.548561110,0,1,0,0,1,1,3,0,1,1,0,1,0,0000000,18,44,18,50,99,99,0,0,0,1,0
12,121235,1,1,1,1,101,0,29,7,2010,5,9,50,1,13,2,US-19,,99998,28.33565833,-82.699075000,0,8,0,0,1,1,1,0,1,1,0,1,0,0000000,9,52,9,59,88,88,0,0,0,1,0
12,121236,1,1,0,1,95,0,30,7,2010,6,4,15,0,6,4,CLARCONA OCOEE ROAD,,0,28.60703889,-81.525788890,0,42,0,0,1,1,4,0,2,1,0,1,0,0000000,4,17,4,24,88,88,0,0,0,1,0
12,121237,2,2,0,2,67,0,30,7,2010,6,11,18,0,2,2,US-27,,99998,30.05092222,-83.086475000,0,12,6,0,1,1,4,0,1,1,0,1,0,0000000,11,20,11,31,99,99,0,0,0,1,0
12,121238,2,2,0,7,9,3000,30,7,2010,6,16,0,1,11,1,I-95,,99998,28.62547778,-80.853319440,0,12,6,0,1,1,1,0,1,10,0,10,0,0000000,16,3,16,11,99,99,0,0,0,1,0
12,121239,1,1,0,1,113,0,30,7,2010,6,3,44,0,6,4,FLORIDA TOWN ROAD,,0,30.59820278,-87.161086110,0,19,0,0,1,1,4,0,2,1,0,1,0,0000000,3,45,3,53,88,88,0,0,0,1,1
12,121240,1,1,1,1,109,0,31,7,2010,7,0,50,0,2,3,SR-16,FACTORY OUTLETS DR,99998,29.92075833,-81.416383330,0,8,0,0,3,2,1,0,2,1,0,1,0,0000000,0,53,1,2,88,88,0,0,0,1,0
12,121241,1,1,0,9,81,0,31,7,2010,7,7,36,1,11,1,I-75,,99998,27.53259167,-82.509383330,0,59,0,0,1,1,4,0,1,1,0,1,0,0000000,7,38,7,48,99,99,0,0,0,2,0
12,121242,1,1,0,1,81,0,31,7,2010,7,20,29,0,6,4,60TH DR E,,0,27.43515556,-82.535466670,0,1,0,0,1,1,1,0,5,1,0,1,0,0000000,20,30,20,31,99,99,0,0,0,1,0
12,121243,1,1,0,1,86,1566,31,7,2010,7,3,35,0,12,3,SR-878,,99998,25.69494444,-80.343394440,0,42,0,1,5,1,4,0,3,1,0,1,0,0000000,99,99,3,47,88,88,0,0,0,1,1
12,121244,1,1,0,1,55,0,1,8,2010,1,10,15,0,6,4,CR-17,,0,27.39427778,-81.400741670,0,42,0,0,1,1,4,0,1,1,0,1,0,0000000,10,18,10,28,88,88,0,0,0,1,1
12,121245,1,1,1,1,99,0,6,6,2010,1,19,5,9,99,9,N GLADES RD,,99998,26.36786944,-80.184744440,0,8,0,0,1,1,1,0,1,2,0,2,0,0000000,99,99,99,99,99,99,0,0,0,1,0
12,121246,4,2,0,4,1,10,2,3,2010,3,18,43,0,2,2,US-441,,99998,29.80285278,-82.519883330,0,12,7,0,1,1,1,0,3,10,0,10,0,0000000,18,42,18,48,88,88,0,0,0,3,0
12,121247,1,1,0,1,69,0,22,5,2010,7,14,50,0,16,6,MITCHEL WAY,,0,28.92653889,-81.526019440,0,1,0,0,1,1,4,0,1,1,0,1,0,0000000,14,54,15,2,88,88,0,0,0,1,1
12,121248,3,3,0,6,111,2601,23,5,2010,1,17,43,0,16,6,SE THORNHILL DR,SE SANDIA DR,0,27.28914444,-80.338050000,0,12,6,0,2,2,1,0,1,1,0,1,0,0000000,99,99,99,99,99,99,0,0,0,1,0
12,121249,2,2,0,2,85,2438,25,5,2010,3,15,2,0,13,3,SR-714,,99998,27.17228333,-80.266527780,0,12,6,0,8,1,1,0,1,1,0,1,0,0000000,99,99,99,99,99,99,0,0,0,1,0
12,121250,1,1,0,1,11,1280,30,5,2010,1,4,25,0,16,6,LAYNE BLVD,,0,25.98212500,-80.131566670,0,25,0,0,1,1,3,0,3,1,0,1,0,0000000,4,28,4,32,88,88,0,0,0,1,1
12,121251,2,2,0,2,105,120,29,6,2010,3,11,35,0,14,3,SR-559,ADAMS RD,99998,28.09943056,-81.789308330,0,12,6,0,2,3,1,0,1,1,0,1,0,0000000,11,39,11,47,88,88,0,0,0,1,0
12,121252,1,1,1,1,125,0,19,7,2010,2,2,10,0,3,3,SR-100,,99998,30.01079167,-82.299805560,0,8,0,0,1,1,1,0,2,1,0,1,0,0000000,2,13,2,17,88,88,0,0,0,1,0
12,121253,1,1,1,1,99,0,25,7,2010,1,4,34,0,13,3,SR-809,,99998,26.73387778,-80.109902780,0,8,0,0,1,1,1,0,3,1,0,1,0,0000000,4,36,4,41,88,88,0,0,0,1,0
12,121254,1,1,1,1,57,0,26,7,2010,2,13,6,0,6,4,BROADWAY AVE,LAKEWOOD DR,0,27.97692222,-82.310600000,0,9,0,0,2,2,1,0,1,1,0,1,0,0000000,99,99,99,99,99,99,0,0,0,1,0
12,121255,1,1,0,1,11,2541,27,7,2010,3,12,27,0,16,6,W SUNRISE BLVD,,0,26.14596111,-80.293150000,0,42,0,0,1,1,3,0,1,1,0,1,0,0000000,12,36,12,36,88,88,0,0,0,1,0
12,121256,1,1,1,1,11,2570,28,7,2010,4,21,51,0,13,3,SR-834,,99998,26.27520000,-80.109741670,0,8,0,0,1,1,1,0,3,1,0,1,0,0000000,21,52,21,54,88,88,0,0,0,1,0
12,121257,1,1,0,3,123,0,28,7,2010,4,22,0,0,2,2,US-98,,99998,30.14286389,-83.815855560,0,1,0,0,1,1,4,0,2,1,0,1,0,0000000,22,4,22,20,99,99,0,0,0,1,1
12,121258,2,2,0,2,3,1860,29,7,2010,5,23,51,0,14,3,SR-121,SOUTH BLVD,99998,30.27643333,-82.122513890,0,12,6,0,2,2,1,0,2,1,0,1,0,0000000,23,51,23,54,99,99,0,0,0,1,1
12,121259,3,3,0,4,11,2468,31,7,2010,7,7,10,1,13,2,US-27,JOHNSON STREET,99998,26.01514167,-80.432588890,0,12,1,0,3,1,1,0,4,1,0,1,0,0000000,7,10,7,14,88,88,0,0,0,2,0
12,121260,2,2,0,2,85,2900,3,7,2010,7,20,19,0,13,2,US-1,SE CONTRACTORS WAY,99998,27.18331111,-80.242166670,0,12,6,0,2,3,1,0,3,2,0,2,0,0000000,99,99,99,99,99,99,0,0,0,1,0
12,121262,1,1,0,1,11,2916,4,7,2010,1,3,36,1,11,3,SR-869,,99998,26.17573611,-80.311583330,0,59,0,1,5,1,4,0,3,2,0,2,0,0000000,99,99,99,99,99,99,0,0,0,1,0
12,121263,1,1,1,1,57,2950,29,7,2010,5,6,0,0,16,6,W BROREIN STREET,S HYDE PARK AVE,0,27.94315278,-82.463911110,0,9,0,0,3,2,1,0,4,1,0,1,0,0000000,6,7,6,9,99,99,0,0,0,1,0
12,121264,1,1,0,1,9,630,30,7,2010,6,2,15,0,16,6,ANTIGUA DRIVE,,0,28.33700833,-80.613641670,0,42,0,0,1,1,4,0,2,1,0,1,0,0000000,2,20,2,27,88,88,0,0,0,1,1
12,121265,1,1,0,1,69,0,4,8,2010,4,2,40,0,6,4,CR-44,,0,28.88263889,-81.723008330,0,30,0,0,1,1,4,0,2,1,0,1,0,0000000,2,48,2,54,88,88,0,0,0,1,1
12,121266,2,2,0,2,127,2580,28,3,2010,1,0,37,0,13,2,US-1,SR-421,99998,29.14313889,-80.987391670,0,12,2,0,2,2,1,0,3,1,0,1,0,0000000,99,99,99,99,99,99,0,0,0,1,0
12,121267,1,1,0,1,86,1340,8,7,2010,5,9,44,1,13,2,US-27,,99998,25.82154167,-80.278711110,0,41,0,0,1,1,3,0,1,2,0,2,0,0000000,9,45,9,50,99,99,0,0,0,1,0
12,121268,2,2,0,4,86,2010,5,8,2010,5,14,10,0,14,2,US-27,37TH AVENUE NW,99998,25.80862222,-80.256486110,0,12,1,0,2,2,1,0,1,1,0,1,0,0000000,99,99,99,99,99,99,0,0,0,2,0
12,121269,1,1,0,2,111,2601,19,3,2010,6,2,41,0,16,6,NW EAST TORINO PKWY,,0,27.34142222,-80.383600000,0,24,0,0,1,1,4,0,3,1,0,1,0,0000000,99,99,99,99,99,99,0,0,0,1,1
12,121270,1,1,0,4,105,0,23,4,2010,6,18,40,0,6,4,CHIPPENDALE RD,,0,28.12617222,-81.930669440,0,5,0,0,1,1,1,0,1,1,0,1,0,0000000,99,99,99,99,99,99,0,0,0,1,0
12,121271,1,1,0,1,91,0,8,5,2010,7,19,0,1,2,3,SR-85,,99998,30.52260278,-86.494933330,0,1,0,0,1,1,3,0,1,1,0,1,0,0000000,19,13,19,15,88,88,0,0,0,1,1
12,121272,2,2,0,3,86,0,5,6,2010,7,11,17,0,6,4,NW 30TH AVE,NW 30TH ST,0,25.80340556,-80.244141670,0,12,6,0,2,2,1,0,1,1,0,1,0,0000000,99,99,99,99,99,99,0,0,0,1,0
12,121273,1,1,0,1,99,290,6,6,2010,1,11,40,0,13,2,US-1,SR-5,99998,26.35052222,-80.086369440,0,33,0,0,2,2,4,0,1,1,0,1,0,0000000,99,99,99,99,99,99,0,0,0,1,0
12,121274,2,2,0,3,11,771,8,6,2010,3,8,41,1,11,1,I-75,SW 148TH AVE,99998,26.06287500,-80.350269440,0,12,6,0,2,3,1,0,1,1,0,1,0,0000000,99,99,99,99,99,99,0,0,0,1,0
12,121275,2,2,0,2,11,3193,14,6,2010,2,6,16,1,13,2,US-27,,99998,26.05254167,-80.433311110,0,12,1,0,1,1,1,0,4,1,0,1,0,0000000,6,16,6,16,99,99,0,0,0,1,0
12,121276,1,1,0,2,127,2375,22,6,2010,3,1,20,0,16,6,ORMOND LAKES BLVD,,0,29.32483333,-81.100636110,0,42,0,0,1,1,4,0,3,1,0,1,0,0000000,1,23,1,32,99,99,0,0,0,1,0
12,121277,2,2,0,2,95,2360,3,7,2010,7,16,55,0,13,3,SR-50,MERCY DR,99998,28.55254444,-81.430397220,0,12,6,0,2,2,1,0,1,10,0,10,0,0000000,99,99,99,99,99,99,0,0,0,1,0
12,121278,4,4,0,10,95,0,5,7,2010,2,14,36,1,11,1,I-4,,99998,28.59333889,-81.382147220,0,12,1,0,1,1,1,0,1,1,0,1,0,0000000,14,38,14,42,99,99,0,0,0,1,0
12,121279,3,3,0,3,9,1990,7,7,2010,4,13,53,0,13,2,US-1,POST RD,99998,28.17211944,-80.647383330,0,12,6,0,2,2,1,0,1,1,0,1,0,0000000,99,99,99,99,99,99,0,0,0,1,0
12,121280,2,2,0,2,95,2360,8,7,2010,5,18,28,0,16,6,S DIVISION AVE,COLUMBIA ST,0,28.52788056,-81.384733330,0,12,6,0,2,3,1,0,1,1,0,1,0,0000000,18,30,18,35,99,99,0,0,0,1,0
12,121282,1,1,1,1,31,1510,10,7,2010,7,9,56,0,16,6,5300N SANTA MONICA B,,0,30.27499167,-81.613286110,0,8,0,0,1,1,1,0,1,1,0,1,0,0000000,99,99,99,99,99,99,0,0,0,1,0
12,121283,1,1,0,2,19,0,17,7,2010,7,4,10,0,3,3,SR-21,,99998,30.06158889,-81.875788890,0,42,0,0,1,1,4,0,2,5,0,5,0,0000000,4,10,4,22,99,99,0,0,0,1,1
12,121284,3,2,0,4,81,0,18,7,2010,1,12,0,0,6,4,57TH AVE W,,0,27.44053889,-82.571200000,0,12,1,0,1,1,1,0,1,1,0,1,0,0000000,12,7,12,11,99,99,0,0,0,1,0
12,121285,2,2,0,3,131,0,26,7,2010,2,12,40,1,2,2,US-331,,99998,30.66825278,-86.122902780,0,12,6,0,1,1,1,0,1,10,0,10,0,0000000,12,48,12,48,99,99,0,0,0,1,0
12,121286,1,1,1,1,86,1178,27,7,2010,3,22,50,0,14,3,SR-989,SOUTHWEST 216TH ST,99998,25.56635833,-80.372219440,0,8,0,0,3,2,1,0,3,1,0,1,0,0000000,22,52,22,55,88,88,0,0,0,1,0
12,121287,2,2,0,3,11,1280,28,7,2010,4,23,47,1,11,1,I-95,,99998,26.12298611,-80.170869440,0,12,1,0,1,1,1,4,3,1,0,1,0,0000000,23,47,23,58,99,99,0,0,0,1,1
12,121288,1,1,0,1,69,0,29,7,2010,5,21,10,0,3,3,SR-44,,99998,28.98386944,-81.401208330,0,1,0,0,1,1,4,0,2,1,0,1,0,0000000,21,16,21,22,88,88,0,0,0,1,0
12,121289,1,1,1,1,83,0,29,7,2010,5,21,30,0,13,2,US-441,,99998,28.97470000,-81.979700000,0,15,0,0,1,1,1,0,2,1,0,1,0,0000000,21,37,21,43,99,99,0,0,0,1,0
12,121290,2,2,0,2,11,760,29,7,2010,5,0,8,1,11,1,I-95,,99998,26.05076667,-80.161952780,0,12,1,0,1,1,1,0,3,1,0,1,0,0000000,0,6,0,9,99,99,0,0,0,1,2
12,121291,2,2,0,3,69,0,29,7,2010,5,13,41,0,14,3,SR-44,COUNTRYSIDE BLVD,99998,28.81846389,-81.945675000,0,12,6,0,2,3,1,0,1,1,0,1,0,0000000,99,99,99,99,99,99,0,0,0,1,0
12,121292,3,3,0,8,57,0,30,7,2010,6,19,9,0,13,3,SR-580,,99998,28.02397222,-82.629297220,0,12,6,0,1,1,1,0,5,1,0,1,0,0000000,19,11,19,17,99,99,0,0,0,1,0
12,121293,2,2,0,2,3,0,31,7,2010,7,20,8,0,3,3,SR-121,,99998,30.21674722,-82.152316670,0,12,6,0,1,1,1,0,5,2,0,2,0,0000000,20,10,20,19,88,88,0,0,0,1,1
12,121294,1,1,1,1,95,0,1,8,2010,1,20,50,0,13,3,SR-527,,99998,28.55048889,-81.191911110,0,8,0,0,1,1,1,0,3,1,0,1,0,0000000,20,47,20,59,88,88,0,0,0,1,0
12,121295,1,1,0,2,21,0,2,8,2010,2,0,10,0,6,4,ANTHEM PKWY,,0,26.34517500,-81.429022220,0,35,0,0,1,1,4,0,2,1,0,1,0,0000000,0,17,0,30,99,99,0,0,0,1,0
12,121296,2,2,0,2,103,0,2,8,2010,2,10,55,0,13,3,SR-693,SR-693,99998,27.82095278,-82.728580560,0,12,6,0,2,2,1,0,1,1,0,1,0,0000000,10,53,10,56,99,99,0,0,0,1,0
12,121297,1,1,0,1,127,0,3,8,2010,3,0,40,0,6,4,OSTEEN-MAYTOWN RD,,0,28.84630833,-81.085452780,0,34,0,0,1,1,4,0,2,1,0,1,0,0000000,11,12,11,13,88,88,0,0,0,1,0
12,121298,1,1,0,1,7,0,3,8,2010,3,17,55,0,6,4,CR-225A,,0,30.04656667,-82.140022220,0,52,0,0,1,1,4,0,1,10,0,10,0,0000000,17,58,18,3,88,88,0,0,0,1,1
12,121299,1,1,0,1,99,820,4,8,2010,4,8,50,1,11,1,I-95,,99998,26.43765556,-80.089258330,0,24,0,0,1,1,4,0,1,10,0,10,0,0000000,8,51,9,5,88,88,0,0,0,1,0
12,121300,1,1,0,1,83,0,4,8,2010,4,4,0,0,2,2,US-41,,99998,29.19748333,-82.437255560,0,1,0,0,1,1,4,0,2,1,0,1,0,0000000,4,8,4,19,88,88,0,0,0,1,1
12,121301,2,2,0,2,57,0,4,8,2010,4,22,55,1,11,1,I-275,,99998,27.93968889,-82.554144440,0,12,1,0,1,1,1,0,3,1,0,1,0,0000000,99,99,99,99,99,99,0,0,0,1,2
12,121302,1,1,0,1,43,0,5,8,2010,5,18,45,0,3,3,SR-78,,99998,27.11040278,-80.938747220,0,42,0,0,1,1,4,0,1,1,0,1,0,0000000,18,49,18,58,88,88,0,0,0,1,0
12,121303,2,2,0,2,103,0,6,8,2010,6,21,15,0,6,4,CR-611,BRYAN LN,0,28.13126667,-82.697272220,0,12,6,0,2,3,1,0,3,1,0,1,0,0000000,99,99,21,17,99,99,0,0,0,1,1
12,121305,1,1,0,1,33,0,7,8,2010,7,2,50,0,13,2,US-90,,99998,30.53030000,-87.188658330,0,41,0,0,1,1,4,0,2,10,0,10,0,0000000,2,52,3,2,88,88,0,0,0,1,1
12,121306,1,1,0,1,7,2890,7,8,2010,7,20,52,0,15,3,SR-230,,99998,29.93926944,-82.091344440,0,42,0,0,1,1,4,0,3,10,0,10,0,0000000,20,52,20,56,88,88,0,0,0,1,1
12,121307,1,1,0,2,9,3000,7,8,2010,7,23,40,1,11,1,I-95,,99998,28.62028611,-80.851377780,0,24,0,0,1,1,3,0,2,2,0,2,0,0000000,23,45,23,51,88,88,0,0,0,1,1
12,121308,1,1,0,1,95,0,7,8,2010,7,3,8,0,6,4,CR-435,,0,28.52831667,-81.504669440,0,35,0,0,1,1,4,0,2,1,0,1,0,0000000,3,8,3,12,88,88,0,0,0,1,1
12,121309,2,2,0,3,133,0,8,8,2010,1,10,15,0,3,3,SR-79,,99998,30.59976111,-85.756397220,0,12,2,0,1,1,1,0,1,1,0,1,0,0000000,10,18,10,35,99,99,0,0,0,1,0
12,121310,1,1,0,7,107,0,8,8,2010,1,0,30,0,3,3,SR-100,,99998,29.70557778,-81.780369440,0,42,0,0,1,1,4,0,2,1,0,1,0,0000000,0,43,0,53,99,99,0,0,0,2,0
12,121311,2,2,0,2,121,0,4,8,2010,4,14,15,0,6,4,CR-249,,0,30.40770000,-83.080733330,0,12,8,0,1,1,1,0,1,10,0,10,0,0000000,14,18,14,36,99,99,0,0,0,1,0
12,121312,3,3,0,7,95,0,9,8,2010,2,20,28,0,14,3,SR-551,RIO PINAR LAKES BLVD,99998,28.52020833,-81.287747220,0,12,6,0,2,2,1,4,3,10,0,10,0,0000000,20,28,20,34,99,99,0,0,0,2,0
12,121313,1,1,0,2,127,2375,18,7,2010,1,23,56,0,13,2,US-1,,99998,29.28823889,-81.065072220,0,42,0,0,1,1,3,0,3,1,0,1,0,0000000,23,59,0,3,99,99,0,0,0,1,1
12,121314,2,2,0,3,11,2083,22,7,2010,5,16,10,0,13,3,SR-823,MIRAMAR BLVD,99998,25.97869722,-80.295263890,0,12,6,0,2,2,1,0,1,1,0,1,0,0000000,16,10,16,14,99,99,0,0,0,1,0
12,121315,1,1,0,1,127,2580,25,7,2010,1,13,45,0,16,6,105 KENT CT,,0,29.10190278,-80.993758330,0,5,0,0,4,1,1,0,1,1,0,1,0,0000000,13,46,13,49,88,88,0,0,0,1,0
12,121316,1,1,1,1,95,2290,26,7,2010,2,3,15,0,16,6,CR-50,SR-438,0,28.54598333,-81.652213890,0,8,0,0,2,3,1,0,3,10,0,10,0,0000000,3,23,3,26,88,88,0,0,0,1,0
12,121317,2,2,0,2,103,570,10,7,2010,7,22,32,0,13,2,US-19,BELLEAIR RD,99998,27.93891389,-82.787458330,0,12,2,0,2,2,1,0,3,1,0,1,0,0000000,22,32,22,35,88,88,0,0,0,1,1
12,121318,1,1,0,3,15,0,18,7,2010,1,15,30,0,16,6,CHRISTINE DR,FAIRWAY DR,0,26.88288056,-81.995172220,0,5,0,0,2,3,1,0,1,1,0,1,0,0000000,99,99,99,99,99,99,0,0,0,1,0
12,121319,2,2,0,2,86,0,28,7,2010,4,10,45,0,6,4,NW 151ST ST,NW 6TH AVE,0,25.91314167,-80.209702780,0,12,6,0,2,2,1,0,1,1,0,1,0,0000000,10,46,10,53,99,99,0,0,0,1,0
12,121320,1,1,1,1,99,2431,6,8,2010,6,0,52,0,16,6,CR-809A,,0,26.80854722,-80.088561110,0,15,0,0,1,1,1,0,2,1,0,1,0,0000000,0,53,0,59,1,0,0,0,0,1,0
12,121321,1,1,0,2,113,0,8,8,2010,1,17,47,1,13,2,US-98,,99998,30.40223056,-86.928247220,0,53,0,0,1,1,4,0,1,1,0,1,0,0000000,17,52,17,59,99,99,0,0,0,1,1
12,121322,1,1,1,1,11,2260,1,5,2010,7,0,15,0,13,3,SR-845,NW 9TH AVE,99998,26.17375556,-80.154669440,0,8,0,0,3,2,1,0,3,1,0,1,0,0000000,99,99,99,99,99,99,0,0,0,1,0
12,121323,1,1,1,3,91,710,17,5,2010,2,0,41,0,16,6,LLOYD STREET N,JUNIPER DRIVE,0,30.76434167,-86.576411110,0,8,0,0,2,3,1,0,3,10,0,10,0,0000000,99,99,99,99,99,99,0,0,0,1,0
12,121324,2,2,0,2,11,1050,28,5,2010,6,8,39,0,13,2,US-1,47TH STREET NE,99998,26.18515278,-80.117819440,0,12,6,0,2,2,1,0,1,1,0,1,0,0000000,99,99,99,99,99,99,0,0,0,1,0
12,121325,1,1,1,1,86,670,10,6,2010,5,20,59,0,16,6,ALHAMBRA CIRCLE,SEGOVIA STREET,0,25.75154167,-80.266869440,0,9,0,0,2,2,1,0,3,1,0,1,0,0000000,21,0,21,6,88,88,0,0,0,1,0
12,121326,2,2,0,7,101,0,25,7,2010,1,15,48,1,1,1,I-75,,99998,28.42651389,-82.281502780,0,12,1,0,1,1,1,0,1,1,0,1,0,0000000,15,49,15,57,99,99,0,0,0,2,0
12,121327,1,1,0,1,35,2439,1,8,2010,1,14,0,0,2,2,US-1,,99998,29.42636111,-81.221466670,0,33,0,0,1,1,3,0,1,10,0,10,0,0000000,99,99,99,99,99,99,0,0,0,1,0
12,121328,3,2,0,3,91,1091,23,6,2010,4,22,35,0,16,6,COUNTRY CLUB AVENUE,,0,30.45875278,-86.612469440,0,12,6,0,8,1,1,0,3,10,0,10,0,0000000,22,35,22,39,99,99,0,0,0,1,1
12,121329,1,1,0,17,97,0,17,7,2010,7,20,1,1,2,3,SR-91,,99998,27.77333056,-80.963358330,0,1,0,0,1,1,3,0,1,1,0,1,0,0000000,20,3,20,32,99,99,0,0,0,1,0
12,121330,2,2,0,4,57,0,2,8,2010,2,18,11,0,14,3,SR-676,MAYDELL DR,99998,27.92273889,-82.385047220,0,12,6,0,2,2,1,0,1,1,0,1,0,0000000,18,11,18,14,99,99,0,0,0,1,0
12,121332,2,2,0,4,86,0,6,8,2010,6,6,45,1,2,3,SR-967,,99998,25.67305278,-80.481322220,0,12,6,0,1,1,1,0,1,10,0,10,0,0000000,6,47,6,57,99,99,0,0,0,1,0
12,121333,1,1,0,2,73,0,6,8,2010,6,11,0,0,6,4,CR-59,,0,30.54712778,-84.045366670,0,42,0,0,1,1,4,0,1,1,0,1,0,0000000,11,4,11,18,99,99,0,0,0,1,0
12,121334,1,1,1,2,15,0,7,8,2010,7,21,15,0,3,3,SR-776,WOODWARD AVE,99998,26.98166111,-82.207119440,0,8,0,0,2,3,1,0,3,10,0,10,0,0000000,21,18,21,21,88,88,0,0,0,1,1
12,121336,2,2,0,4,115,0,8,8,2010,1,12,29,1,1,1,I-75,,99998,27.11086111,-82.382986110,0,12,6,1,5,1,1,0,1,2,0,2,0,0000000,12,31,12,35,99,99,0,0,0,1,0
12,121337,2,2,0,2,86,2025,9,8,2010,2,22,34,1,1,1,I-75,,99998,25.89853611,-80.332636110,0,12,7,1,5,1,1,0,3,2,0,2,0,0000000,22,29,22,35,99,99,0,0,0,1,0
12,121338,2,2,0,2,86,1566,9,8,2010,2,14,21,0,13,3,SR-94,SW 142ND AVENUE,99998,25.68505556,-80.424802780,0,12,6,0,2,2,1,0,1,2,0,2,0,0000000,14,17,14,19,99,99,0,0,0,1,0
12,121339,1,1,1,1,11,1782,10,8,2010,3,5,59,0,15,6,INVERRARY BLVD,,99998,26.17616944,-80.239941670,0,8,0,0,1,1,1,0,3,2,0,2,0,0000000,5,59,6,6,99,99,0,0,0,1,0
12,121340,1,1,1,1,33,0,11,8,2010,4,0,14,0,15,3,SR-290,EASTWOOD LANE,99998,30.35126944,-87.182763890,0,8,0,0,2,3,1,0,3,1,0,1,0,0000000,0,20,0,28,99,99,0,0,0,1,0
12,121341,1,1,0,1,95,0,11,8,2010,4,3,26,0,16,6,UNIVERSITY BLVD,,0,28.59723611,-81.262513890,0,1,0,0,1,1,4,0,3,1,0,1,0,0000000,3,27,3,32,88,88,0,0,0,1,1
12,121342,2,2,0,5,115,0,13,8,2010,6,15,11,0,14,3,SR-72,RAND BLVD,99998,27.26913056,-82.458402780,0,12,6,0,2,2,1,0,1,1,0,1,0,0000000,15,13,15,17,99,99,0,0,0,2,0
12,121343,1,1,1,1,95,0,15,8,2010,1,4,55,1,12,3,SR-528,,99998,28.42113889,-81.458980560,0,8,0,0,1,1,1,0,2,1,0,1,0,0000000,4,56,5,1,88,88,0,0,0,1,0
12,121344,2,2,0,2,57,0,16,8,2010,2,16,35,0,13,3,SR-580,ARRAWANA AVE,99998,27.79230000,-82.371600000,0,12,6,0,2,3,1,0,1,10,0,10,0,0000000,16,37,16,43,88,88,0,0,0,1,0
12,121345,1,1,1,1,95,0,16,8,2010,2,1,26,0,13,3,SR-436,,99998,28.56259444,-81.310950000,0,8,0,0,1,1,1,0,2,1,0,1,0,0000000,1,26,1,29,88,88,0,0,0,1,0
12,121346,2,2,0,2,115,2235,18,8,2010,4,13,53,1,1,1,I-75,,99998,27.09915833,-82.164713890,0,12,6,0,1,1,1,0,1,1,0,1,0,0000000,13,55,14,2,99,99,0,0,0,1,0
12,121347,2,2,0,4,85,0,7,8,2010,7,16,44,1,1,1,I-95,,99998,27.12740278,-80.309694440,0,12,1,0,1,1,1,0,1,1,0,1,0,0000000,99,99,99,99,99,99,0,0,0,1,0
12,121348,3,1,0,1,57,0,22,7,2010,5,19,15,0,6,4,NORTHBRIDGE BLVD,,0,28.01792500,-82.575880560,0,14,0,0,1,1,5,0,3,1,0,1,0,0000000,99,99,99,99,99,99,0,0,0,1,0
12,121350,2,2,0,2,31,1510,7,8,2010,7,1,34,0,16,6,GATE PARKWAY,,0,30.25648889,-81.537969440,0,12,2,0,1,1,1,0,3,10,0,10,0,0000000,1,35,1,41,99,99,0,0,0,1,2
12,121351,1,1,2,2,27,80,26,6,2010,7,0,0,0,16,6,BREVARD AVENUE S,,0,27.20742778,-81.861752780,0,8,0,0,1,1,1,0,3,1,0,1,0,0000000,0,1,0,5,88,88,0,0,0,1,1
12,121352,2,2,1,5,113,2070,15,5,2010,7,20,37,0,14,2,US-90,SUNAGO DRIVE,99998,30.60718611,-87.062675000,0,8,0,0,2,3,1,0,2,1,0,1,0,0000000,20,39,20,41,99,99,0,0,0,1,0
12,121353,2,2,0,3,99,0,14,8,2010,7,19,34,0,14,4,LANTANA RD,,99998,26.58955000,-80.141494440,0,12,99,0,1,1,1,0,1,1,0,1,0,0000000,19,33,19,39,99,99,0,0,0,1,1