STATE,ST_CASE,VE_TOTAL,VE_FORMS,PEDS,PERSONS,COUNTY,CITY,DAY,MONTH,YEAR,DAY_WEEK,HOUR,MINUTE,NHS,ROAD_FNC,ROUTE,TWAY_ID,TWAY_ID2,MILEPT,LATITUDE,LONGITUD,SP_JUR,HARM_EV,MAN_COLL,RELJCT1,RELJCT2,TYP_INT,REL_ROAD,WRK_ZONE,LGT_COND,WEATHER1,WEATHER2,WEATHER,SCH_BUS,RAIL,NOT_HOUR,NOT_MIN,ARR_HOUR,ARR_MIN,HOSP_HR,HOSP_MN,CF1,CF2,CF3,FATALS,DRUNK_DR
12,121354,1,1,0,4,99,0,15,8,2010,1,13,42,1,2,2,US-27,,99998,26.41055000,-80.596444440,0,1,0,0,1,1,3,0,1,10,0,10,0,0000000,13,43,13,59,99,99,0,0,0,1,0
12,121355,2,2,0,2,109,0,20,3,2010,7,23,16,0,6,4,SHORES BLVD,DELTONA BLVD,0,29.81573056,-81.316600000,0,12,6,0,2,2,1,0,3,1,0,1,0,0000000,23,16,23,22,99,99,0,0,0,1,1
12,121356,1,1,0,2,86,0,1,5,2010,7,23,44,0,6,4,147TH AVENUE SW,,0,25.52302778,-80.428916670,0,30,0,0,1,1,4,0,2,1,0,1,0,0000000,23,44,23,52,99,99,0,0,0,1,0
12,121357,1,1,1,1,11,2948,6,5,2010,5,20,35,0,13,2,US-441,SR-870,99998,26.18653889,-80.203608330,0,8,0,0,2,2,1,0,3,10,0,10,0,0000000,20,35,20,38,99,99,0,0,0,1,0
12,121358,2,2,1,2,115,2780,7,5,2010,6,9,45,0,16,6,DR MLK JR WAY,LEON AVE,0,27.35974722,-82.540783330,0,12,6,0,2,2,1,0,1,1,0,1,0,0000000,99,99,9,47,99,99,0,0,0,1,0
12,121359,2,2,0,3,99,290,21,5,2010,6,18,31,0,15,4,CAIN RD,,99998,26.37818056,-80.211922220,0,12,6,0,1,1,1,0,1,1,0,1,0,0000000,18,31,18,37,99,99,0,0,0,2,1
12,121360,1,1,0,1,99,1560,26,5,2010,4,18,10,0,13,2,US-1,,99998,26.95006667,-80.085277780,0,33,0,0,1,1,4,0,1,1,0,1,0,0000000,18,10,18,13,99,99,0,0,0,1,1
12,121361,1,1,1,1,99,3190,26,5,2010,4,21,58,0,14,6,HAVERHILL ROAD,,99998,26.73917778,-80.118144440,0,8,0,0,1,1,1,0,3,1,0,1,0,0000000,21,52,21,57,99,99,0,0,0,1,0
12,121362,1,1,0,1,86,844,2,6,2010,4,17,39,0,16,6,NW 82ND STREET,,0,25.85022500,-80.378755560,0,39,0,0,1,1,4,0,1,1,0,1,0,0000000,99,99,99,99,99,99,0,0,0,1,0
12,121363,2,2,1,2,71,1070,5,6,2010,7,23,21,0,14,3,SR-82,,99998,26.63036944,-81.788002780,0,8,0,0,1,1,1,4,2,1,0,1,0,0000000,23,21,23,25,99,99,0,0,0,1,0
12,121364,2,2,0,3,17,0,19,6,2010,7,16,29,0,14,2,US-41,E. INVERNESS BLVD,99998,28.81857222,-82.316180560,0,12,6,0,2,3,1,0,1,10,0,10,0,0000000,16,31,16,35,99,99,0,0,0,1,0
12,121365,1,1,0,2,39,0,2,7,2010,6,1,0,0,6,4,CR-159,,0,30.52467778,-84.446094440,0,32,0,0,1,1,4,0,2,10,0,10,0,0000000,1,2,1,12,99,99,0,0,0,1,0
12,121366,2,2,0,3,31,1510,5,7,2010,2,12,30,0,14,3,SR-152,,99998,30.21863333,-81.552483330,0,12,1,0,8,1,1,0,1,1,0,1,0,0000000,99,99,99,99,88,88,0,0,0,1,0
12,121367,2,2,0,2,127,810,10,7,2010,7,0,12,0,14,3,SR-15A,INTERNATIONAL SPEEDW,99998,29.05440556,-81.324980560,0,12,6,0,2,2,1,0,2,1,0,1,0,0000000,99,99,99,99,88,88,0,0,0,1,1
12,121370,2,2,0,3,105,0,31,7,2010,7,21,10,0,2,2,US-98,,99998,28.23362500,-82.038580560,0,12,2,0,1,1,1,0,2,10,0,10,0,0000000,21,23,21,39,99,99,0,0,0,2,1
12,121371,1,1,0,2,19,0,7,8,2010,7,19,53,0,6,4,CR-214,,0,29.77243056,-82.009583330,0,1,0,0,1,1,4,0,3,2,0,2,0,0000000,19,57,20,1,99,99,0,0,0,1,0
12,121372,2,2,0,3,23,0,16,8,2010,2,14,45,0,2,2,US-41,,99998,30.07420556,-82.600583330,0,12,2,0,1,1,1,0,1,1,0,1,0,0000000,14,47,14,51,99,99,0,0,0,1,0
12,121373,2,2,0,4,23,0,18,8,2010,4,10,30,0,6,4,CR-131,CR-240,0,30.07215833,-82.639536110,0,12,6,0,2,2,1,0,1,1,0,1,0,0000000,10,37,10,41,99,99,0,0,0,1,0
12,121374,2,2,0,1,9,0,19,8,2010,5,1,40,1,1,1,I-95,,99998,28.78508889,-80.897652780,0,12,6,0,1,1,1,0,2,1,0,1,0,0000000,1,44,1,55,88,88,0,0,0,1,0
12,121375,1,1,1,1,21,0,21,8,2010,7,17,55,0,6,4,CR-886,50TH ST,0,26.17872222,-81.708500000,0,15,0,0,2,2,1,0,1,2,0,2,0,0000000,17,57,18,2,99,99,0,0,0,1,0
12,121376,1,1,1,3,23,0,22,8,2010,1,5,48,1,1,1,I-10,,99998,30.25165556,-82.542344440,0,8,0,0,1,1,1,0,2,1,0,1,0,0000000,5,54,6,7,88,88,0,0,0,1,0
12,121377,2,2,0,8,105,0,7,8,2010,7,13,15,1,2,3,SR-60,,99998,27.89423889,-81.935588890,0,59,0,0,1,1,3,0,1,2,0,2,0,0000000,13,19,13,29,99,99,0,0,0,2,0
12,121378,2,2,0,6,121,0,8,8,2010,1,14,40,0,3,2,US-90,FALMOUTH SPRING ENTR,99998,30.36317778,-83.133625000,0,12,1,0,2,3,1,0,1,1,0,1,0,0000000,14,42,14,52,99,99,0,0,0,1,0
12,121379,1,1,1,1,73,2940,10,8,2010,3,9,42,0,16,6,W JEFFERSON ST,S WOODWARD AVE,0,30.43963611,-84.298138890,0,15,0,0,3,2,1,4,1,1,0,1,0,0000000,9,42,9,47,99,99,0,0,0,1,0
12,121380,1,1,0,1,109,0,14,8,2010,7,1,25,1,1,1,I-95,,99998,29.90762778,-81.409186110,0,34,0,0,1,1,4,0,2,10,0,10,0,0000000,1,27,1,39,88,88,0,0,0,1,0
12,121381,1,1,0,1,123,0,14,8,2010,7,22,30,0,6,4,JODY MORGAN RD,,0,29.77227500,-83.557619440,0,42,0,0,1,1,4,0,2,1,0,1,0,0000000,22,36,23,7,88,88,0,0,0,1,1
12,121382,1,1,1,1,95,0,14,8,2010,7,2,42,0,13,2,US-441,,99998,28.47908611,-81.396716670,0,8,0,0,1,1,1,0,3,1,0,1,0,0000000,2,45,2,49,88,88,0,0,0,1,0
12,121383,1,1,0,1,63,0,16,8,2010,2,0,5,0,3,3,SR-71,,99998,30.69978611,-85.183675000,0,34,0,0,1,1,4,0,2,1,0,1,0,0000000,0,7,0,20,88,88,0,0,0,1,1
12,121384,1,1,0,5,86,0,16,8,2010,2,20,32,0,13,2,US-41,SW 93RD AVE,99998,25.76165278,-80.346288890,0,39,0,0,2,3,4,0,3,10,0,10,0,0000000,20,43,20,57,99,99,0,0,0,1,0
12,121385,2,2,0,2,81,0,16,8,2010,2,20,53,0,6,4,26TH ST W,33RD AVE W,0,27.47167222,-82.587677780,0,12,1,0,3,3,1,0,2,1,0,1,0,0000000,20,55,20,59,88,88,0,0,0,1,1
12,121386,2,2,1,2,95,0,16,8,2010,2,21,35,0,13,3,SR-50,,99998,28.56843889,-81.278038890,0,8,0,0,1,1,1,0,2,1,0,1,0,0000000,21,22,21,26,99,99,0,0,0,1,0
12,121387,1,1,0,1,97,0,16,8,2010,2,7,48,1,2,3,SR-91,,99998,27.91032222,-81.050705560,0,24,0,0,1,1,4,0,1,10,0,10,0,0000000,7,52,8,4,99,99,0,0,0,1,0
12,121388,2,2,0,2,95,0,17,8,2010,3,5,34,0,6,4,MAGNOLIA HOMES RD,CALLOWAY DRIVE,0,28.63665833,-81.427288890,0,12,6,0,2,3,1,0,3,1,0,1,0,0000000,5,35,5,43,99,99,0,0,0,1,0
12,121389,3,3,0,4,125,0,20,8,2010,6,16,35,0,3,3,SR-121,,99998,29.95396944,-82.413619440,0,12,1,0,1,1,1,0,1,2,0,2,0,0000000,16,41,16,44,88,88,0,0,0,1,0
12,121390,1,1,0,2,53,0,21,8,2010,7,11,35,0,6,4,CR-572,,0,28.48948056,-82.400663890,0,38,0,0,1,1,4,0,1,10,0,10,0,0000000,11,38,11,41,99,99,0,0,0,1,0
12,121391,2,2,0,2,95,0,23,8,2010,2,10,44,0,13,2,US-441,BOY SCOUT BLVD,99998,28.69031389,-81.546855560,0,12,6,0,2,2,1,0,1,1,0,1,0,0000000,10,48,10,52,99,99,0,0,0,1,0
12,121392,1,1,1,1,33,0,24,8,2010,3,1,19,0,6,4,CR-399,,0,30.33400556,-87.135969440,0,8,0,0,1,1,4,0,3,1,0,1,0,0000000,1,19,1,26,99,99,0,0,0,1,0
12,121393,2,2,0,4,86,0,19,5,2010,4,7,0,0,13,3,SR-976,SW 107TH AVENUE,99998,25.73224167,-80.367736110,0,12,6,0,2,2,1,0,1,1,0,1,0,0000000,99,99,99,99,99,99,0,0,0,1,0
12,121394,1,1,0,2,99,290,22,5,2010,7,22,25,1,11,1,I-95,,99998,26.39771389,-80.090880560,0,1,0,0,1,1,4,0,3,1,0,1,0,0000000,99,99,99,99,99,99,0,0,0,1,0
12,121395,2,2,0,2,85,0,12,8,2010,5,18,24,0,13,3,SR-714,,99998,27.17346667,-80.262525000,0,12,6,0,1,1,1,0,1,1,0,1,0,0000000,99,99,99,99,99,99,0,0,0,1,1
12,121396,1,1,0,2,101,0,13,8,2010,6,13,5,0,6,4,CR-77,,0,28.23376389,-82.693172220,0,43,0,0,1,1,4,0,1,1,0,1,0,0000000,13,3,13,10,99,99,0,0,0,1,0
12,121397,1,1,1,3,57,0,17,8,2010,3,10,21,0,6,4,BLOOMINGDALE AVENUE,PROVIDENCE ROAD,0,27.89363889,-82.318533330,0,8,0,0,3,2,1,0,1,1,0,1,0,0000000,10,22,10,27,99,99,0,0,0,1,0
12,121398,1,1,1,1,31,1510,18,8,2010,4,20,20,1,12,3,SR-9A,,99998,30.17881389,-81.515200000,0,8,0,0,1,1,1,0,3,10,0,10,0,0000000,20,24,20,33,88,88,0,0,0,1,0
12,121400,3,3,0,5,57,0,22,8,2010,1,1,9,0,13,3,SR-580,TAMPA SHORES BLVD,99998,28.00743611,-82.603577780,0,12,6,0,2,3,1,0,2,10,0,10,0,0000000,1,17,1,19,99,99,0,0,0,1,1
12,121401,1,1,1,1,117,2770,23,5,2010,1,18,17,0,16,6,E SEMINOLE BLVD,,0,28.81258889,-81.259422220,0,8,0,0,1,1,1,0,1,1,0,1,0,0000000,18,18,18,24,99,99,0,0,0,1,1
12,121402,1,1,1,1,86,0,14,6,2010,2,12,20,0,13,2,US-41,,99998,25.76529722,-80.234705560,0,8,0,0,1,1,4,0,1,1,0,1,0,0000000,99,99,99,99,99,99,0,0,0,1,0
12,121403,1,1,1,1,105,1690,20,7,2010,3,1,12,0,13,3,SR-35,EAST MAIN STREET,99998,28.04418611,-81.947150000,0,8,0,0,3,2,1,0,3,1,0,1,0,0000000,1,12,1,18,88,88,0,0,0,1,0
12,121404,1,1,0,2,33,2490,2,8,2010,2,20,46,0,13,2,US-90,,99998,30.45908889,-87.166133330,0,24,0,0,1,1,4,0,3,10,0,10,0,0000000,20,51,21,7,99,99,0,0,0,1,0
12,121405,1,1,0,2,86,0,15,8,2010,1,0,50,1,12,3,SR-826,,99998,25.92715556,-80.225191670,0,24,0,0,1,1,4,0,3,1,0,1,0,0000000,0,50,0,57,99,99,0,0,0,1,0
12,121406,2,2,0,3,99,0,18,8,2010,4,20,34,0,13,3,SR-809,COMMUNITY DRIVE,99998,26.72127222,-80.110508330,0,12,6,0,2,2,1,0,3,1,0,1,0,0000000,20,22,20,24,99,99,0,0,0,2,1
12,121407,1,1,0,1,83,0,24,8,2010,3,5,15,1,11,1,I-75,,99998,29.23992222,-82.189780560,0,38,0,0,1,1,4,0,2,2,0,2,0,0000000,5,15,5,23,88,88,0,0,0,1,0
12,121408,1,1,1,2,86,2010,28,8,2010,7,10,25,0,16,6,N. MIAMI,,0,25.82282778,-80.195844440,0,9,0,0,1,1,1,0,1,10,0,10,0,0000000,10,33,10,36,88,88,0,0,0,1,0
12,121409,1,1,0,2,127,0,22,8,2010,1,16,10,0,6,4,OLD DAYTONA RD,,0,29.07301944,-81.254480560,0,16,0,0,1,1,1,0,1,2,0,2,0,0000000,16,12,16,14,99,99,0,0,0,1,0
12,121410,1,1,0,4,86,2025,22,8,2010,1,7,25,1,12,3,SR-826,,99998,25.91003333,-80.318083330,0,35,0,0,1,1,4,0,1,10,0,10,0,0000000,7,34,7,38,99,99,0,0,0,2,1
12,121411,2,2,0,2,83,0,23,8,2010,2,14,20,0,6,4,CR-328,,0,29.18728333,-82.360177780,0,12,2,0,1,1,1,0,1,2,0,2,0,0000000,14,25,14,32,99,99,0,0,0,1,0
12,121412,2,2,0,2,105,0,24,8,2010,3,6,15,0,6,4,COUNTY LINE RD,DRANE FIELD RD,0,27.99669444,-82.055919440,0,12,1,0,3,2,1,0,4,1,0,1,0,0000000,6,19,6,28,88,88,0,0,0,1,0
12,121413,2,2,0,9,97,0,24,8,2010,3,12,15,0,6,4,POINCIANA BLVD,,0,28.27505556,-81.474211110,0,12,6,0,1,1,1,0,1,2,0,2,0,0000000,12,17,12,24,99,99,0,0,0,3,1
12,121414,1,1,0,2,11,771,27,8,2010,6,3,14,1,1,1,I-595,,99998,26.08403611,-80.194980560,0,59,0,0,1,1,4,0,3,10,0,10,0,0000000,99,99,3,25,99,99,0,0,0,1,1
12,121415,1,1,0,1,21,0,27,8,2010,6,5,33,0,6,4,NW 5TH AVE,,0,26.23782500,-81.703572220,0,59,0,0,1,1,4,0,2,1,0,1,0,0000000,5,36,5,47,88,88,0,0,0,1,0
12,121416,2,2,0,2,113,0,27,8,2010,6,17,11,1,11,1,I-10,,99998,30.59180000,-87.003286110,0,12,6,0,1,1,1,0,1,2,0,2,0,0000000,17,11,17,20,99,99,0,0,0,1,0
12,121417,2,2,0,2,97,0,27,8,2010,6,19,57,1,2,3,SR-60,,99998,27.72884722,-81.011355560,0,12,2,0,1,1,1,0,3,2,0,2,0,0000000,20,13,20,24,99,99,0,0,0,1,0
12,121418,3,3,0,3,57,0,28,8,2010,7,2,20,0,13,3,SR-580,,99998,28.02397222,-82.629375000,0,12,1,0,1,1,1,0,2,10,0,10,0,0000000,2,22,2,31,99,99,0,0,0,1,1
12,121419,1,1,1,2,49,0,29,8,2010,1,16,57,1,13,2,US-17,,99998,27.57530556,-81.817511110,0,8,0,0,1,1,1,0,1,10,0,10,0,0000000,17,0,17,5,88,88,0,0,0,1,0
12,121420,1,1,0,1,69,0,23,8,2010,2,20,5,0,6,4,MAGGIE JONES ROAD,,0,28.74596111,-81.877927780,0,42,0,0,1,1,4,0,1,10,0,10,0,0000000,20,5,20,13,88,88,0,0,0,1,1
12,121421,1,1,0,1,95,0,31,8,2010,3,20,41,0,13,3,SR-423,,99998,28.60686944,-81.393730560,0,30,0,0,1,1,4,0,3,1,0,1,0,0000000,20,43,20,48,99,99,0,0,0,1,1
12,121422,1,1,1,1,71,457,23,6,2010,4,21,52,0,16,6,TRAFALGAR PKWY,SW 6TH AVENUE,0,26.62303333,-81.986900000,0,9,0,0,3,2,1,0,2,1,0,1,0,0000000,21,55,22,0,88,88,0,0,0,1,0
12,121423,1,1,0,1,99,0,16,7,2010,6,13,59,1,2,2,US-98,,99998,26.71467778,-80.425200000,0,3,0,0,1,1,4,0,1,10,0,10,0,0000000,13,59,14,7,88,88,0,0,0,1,0
12,121424,2,1,0,1,86,0,1,8,2010,1,18,48,0,14,2,US-441,,99998,25.84794444,-80.209363890,0,14,0,0,1,1,4,0,1,1,0,1,0,0000000,18,55,19,0,88,88,0,0,0,1,0
12,121425,2,2,0,3,86,0,1,8,2010,1,4,17,0,14,3,SR-909,NE 150TH ST,99998,25.91384167,-80.164438890,0,12,7,0,2,2,1,1,3,1,0,1,0,0000000,4,17,4,20,99,99,0,0,0,1,0
12,121426,1,1,1,1,86,0,2,8,2010,2,12,0,1,12,3,SR-924,NW 32ND AVENUE,99998,25.88256944,-80.251275000,0,8,0,0,3,2,1,0,1,1,0,1,0,0000000,99,99,99,99,99,99,0,0,0,1,0
12,121427,1,1,1,1,99,1560,11,8,2010,4,9,40,0,14,6,MILITARY TRAIL,,99998,26.92576667,-80.102116670,0,8,0,0,1,1,1,0,1,1,0,1,0,0000000,99,99,99,99,88,88,0,0,0,1,0
12,121428,2,2,0,2,99,0,14,8,2010,7,5,10,1,2,2,US-98,,99998,26.68681111,-80.386780560,0,12,1,0,1,1,1,0,3,1,0,1,0,0000000,5,11,5,23,88,88,0,0,0,1,0
12,121429,1,1,1,2,69,2130,28,8,2010,7,1,23,0,13,2,US-441,,99998,28.82339722,-81.643772220,0,8,0,0,1,1,1,0,2,1,0,1,0,0000000,1,24,1,26,88,88,0,0,0,1,0
12,121430,1,1,0,1,73,2940,30,8,2010,2,2,11,0,16,6,LIVE OAK PLANTATION,,0,30.48995278,-84.270072220,0,42,0,0,1,1,4,0,3,1,0,1,0,0000000,2,19,2,23,88,88,0,0,0,1,0
12,121431,1,1,0,2,99,330,2,9,2010,5,17,50,1,1,1,I-95,,99998,26.67683056,-80.071350000,0,43,0,0,5,1,8,0,1,1,0,1,0,0000000,17,57,18,2,99,99,0,0,0,1,1
12,121432,1,1,1,2,103,570,25,7,2010,1,19,46,0,16,6,MANDALAY AVE,,0,27.98583611,-82.826625000,0,43,0,0,1,1,4,0,1,2,0,2,0,0000000,99,99,99,99,99,99,0,0,0,1,0
12,121433,1,1,0,1,51,0,31,7,2010,7,12,25,0,6,4,FT DENAUD RD,,0,26.76132222,-80.946600000,0,42,0,0,1,1,4,0,1,1,0,1,0,0000000,99,99,99,99,99,99,0,0,0,1,0
12,121435,2,2,0,3,11,672,7,8,2010,7,16,53,0,14,6,ROYAL PALM BLVD,,99998,26.25924167,-80.246588890,0,12,7,0,1,1,1,0,1,10,0,10,0,0000000,16,54,16,56,99,99,0,0,0,1,0
12,121436,2,2,0,2,11,2083,9,8,2010,2,16,5,0,12,6,MIRAMAR PKWY,SW 62ND AVE,99998,25.98448611,-80.210702780,0,12,6,0,2,2,1,0,1,10,0,10,0,0000000,16,5,16,8,99,99,0,0,0,1,0
12,121437,4,4,0,5,117,0,24,8,2010,3,14,45,0,13,3,SR-46,SR-415,99998,28.78656111,-81.212872220,0,12,6,0,2,2,1,0,1,2,0,2,0,0000000,14,48,14,53,99,99,0,0,0,1,0
12,121438,1,1,0,1,31,1510,28,8,2010,7,19,54,0,14,3,SR-105,,99998,30.41198889,-81.577233330,0,33,0,0,1,1,3,0,3,10,0,10,0,0000000,19,54,20,8,88,88,0,0,0,1,1
12,121439,1,1,0,1,31,1510,29,8,2010,1,4,30,0,12,3,SR-11,,99998,30.35535000,-81.552961110,0,30,0,0,1,1,3,0,3,2,0,2,0,0000000,4,35,4,42,99,99,0,0,0,1,0
12,121440,2,2,0,4,95,0,29,8,2010,1,0,30,1,12,3,SR-417,,99998,28.52531111,-81.250694440,0,12,7,0,1,1,1,0,2,10,0,10,0,0000000,0,33,0,38,99,99,0,0,0,1,0
12,121441,3,2,0,3,57,0,30,8,2010,2,11,45,0,6,4,PARSONS AVENUE NORTH,WINDHORST ROAD WEST,0,27.95965833,-82.285905560,0,12,6,0,2,2,1,0,1,1,0,1,0,0000000,11,47,11,52,99,99,0,0,0,1,0
12,121442,2,2,0,5,83,0,31,8,2010,3,0,12,0,6,4,CR-200A,,0,29.30978889,-82.116113890,0,12,6,0,1,1,1,0,2,1,0,1,0,0000000,0,16,0,23,99,99,0,0,0,4,1
12,121443,1,1,0,1,57,0,31,8,2010,3,11,55,0,13,2,US-301,US-301,99998,27.77005556,-82.335050000,0,24,0,0,3,2,4,0,1,1,0,1,0,0000000,11,58,12,4,88,88,0,0,0,1,0
12,121444,2,2,0,3,103,0,1,9,2010,4,5,40,0,13,3,SR-688,130TH AVE N,99998,27.89130556,-82.809772220,0,12,6,0,2,3,1,0,3,1,0,1,1,0000000,5,43,5,47,99,99,0,0,0,1,0
12,121445,2,2,0,2,86,0,18,7,2010,1,0,50,0,6,4,SW 152ND AVE,SW 298TH TERR,0,25.48994722,-80.436636110,0,12,6,0,2,2,1,0,2,1,0,1,0,0000000,0,51,0,57,88,88,0,0,0,1,1
12,121446,2,2,0,4,83,0,14,8,2010,7,14,0,0,6,4,CR-200A,NE 63RD STREET,0,29.25000000,-82.110000000,0,12,6,0,2,2,1,0,1,1,0,1,0,0000000,14,6,14,11,88,88,0,0,0,1,0
12,121447,2,2,0,3,101,0,17,8,2010,3,16,40,0,2,3,SR-52,,99998,28.32631944,-82.528641670,0,12,2,0,1,1,1,0,1,10,0,10,0,0000000,16,41,16,49,99,99,0,0,0,1,0
12,121448,2,2,0,2,127,810,9,7,2010,6,13,32,0,13,3,SR-44,BOUNDARY AVENUE,99998,29.02796944,-81.320025000,0,12,6,0,2,2,1,0,1,1,0,1,0,0000000,13,34,13,39,99,99,0,0,0,1,0
12,121449,2,2,0,2,99,2446,23,8,2010,2,21,30,0,14,6,10TH AVENUE NORTH,,99998,26.62910000,-80.102208330,0,12,2,0,1,1,1,0,3,10,0,10,0,0000000,21,36,21,39,99,99,0,0,0,1,0
12,121450,2,2,0,7,133,0,24,8,2010,3,5,30,1,2,3,SR-20,,99998,30.45083889,-85.897433330,0,12,6,0,1,1,1,0,4,1,0,1,0,0000000,5,32,5,54,99,99,0,0,0,1,0
12,121451,4,4,0,6,117,30,28,8,2010,7,1,25,1,11,1,I-4,,99998,28.66928611,-81.388788890,0,12,1,0,1,1,1,0,2,10,0,10,0,0000000,1,26,1,35,99,99,19,0,0,1,2
12,121452,1,1,0,1,109,0,31,8,2010,3,22,40,0,3,3,SR-206,,99998,29.75698889,-81.278300000,0,11,0,0,1,1,1,0,2,1,0,1,0,0000000,99,99,22,50,99,99,0,0,0,1,0
12,121453,1,1,0,1,21,0,31,8,2010,3,21,55,1,1,1,I-75,,99998,26.17441667,-81.736488890,0,21,0,1,5,1,4,0,3,1,0,1,0,0000000,22,0,22,8,88,88,0,0,0,1,0
12,121454,2,2,0,5,83,0,3,9,2010,6,23,20,0,6,4,CR-484,MARION OAKS TRAIL,0,29.03425000,-82.252541670,0,12,2,0,2,3,1,0,2,1,0,1,0,0000000,23,27,23,29,99,99,0,0,0,1,1
12,121455,1,1,0,1,91,0,3,9,2010,6,11,45,0,3,2,US-90,,99998,30.72423889,-86.711397220,0,59,0,0,1,1,4,0,1,1,0,1,0,0000000,11,45,11,56,88,88,0,0,0,1,1
12,121456,1,1,0,1,115,0,3,9,2010,6,0,0,0,14,3,SR-776,,99998,26.94606111,-82.352761110,0,1,0,0,1,1,4,0,3,1,0,1,0,0000000,2,16,2,28,88,88,0,0,0,1,1
12,121457,1,1,1,1,127,0,4,9,2010,7,21,10,0,14,3,SR-15A,,99998,29.00211667,-81.314705560,0,8,0,0,1,1,1,0,2,1,0,1,0,0000000,21,11,21,16,88,88,0,0,0,1,0
12,121458,1,1,0,1,91,0,4,9,2010,7,4,45,0,6,4,CR-188,,0,30.79461111,-86.511738890,0,1,0,0,1,1,2,0,2,1,0,1,0,0000000,4,52,5,3,88,88,0,0,0,1,1
12,121459,2,2,0,2,23,0,4,9,2010,7,16,25,0,2,2,US-441,,99998,29.88304722,-82.609080560,0,12,6,0,1,1,1,0,1,10,0,10,0,0000000,16,28,16,45,88,88,0,0,0,2,0
12,121460,1,1,0,1,77,0,5,9,2010,1,2,55,0,3,3,SR-65,,99998,30.41725833,-84.783383330,0,1,0,0,1,1,4,0,2,1,0,1,0,0000000,3,3,3,9,99,99,0,0,0,1,1
12,121461,1,1,0,2,111,0,6,9,2010,2,15,14,1,11,1,I-95,,99998,27.46517500,-80.418591670,0,42,0,0,1,1,4,0,1,2,0,2,0,0000000,15,15,15,30,99,99,5,0,0,1,0
12,121462,1,1,1,1,9,620,6,9,2010,2,5,44,0,13,3,SR-520,,99998,28.35576667,-80.736355560,0,8,0,0,1,1,1,0,3,1,0,1,0,0000000,5,46,5,51,88,88,0,0,0,1,0
12,121464,2,2,0,2,11,1927,26,8,2010,5,21,4,0,13,2,US-441,,99998,26.22817500,-80.204980560,0,12,6,0,8,1,1,0,3,1,0,1,0,0000000,99,99,99,99,88,88,0,0,0,1,0
12,121465,2,2,0,3,86,1340,1,9,2010,4,14,33,0,6,4,57TH AVENUE NW,138TH STREET NW,0,25.90247222,-80.292094440,0,12,2,0,2,2,1,0,1,1,0,1,0,0000000,99,99,99,99,99,99,0,0,0,1,0
12,121467,1,1,0,1,115,0,2,9,2010,5,2,45,1,11,1,I-75,,99998,27.30814722,-82.448116670,0,24,0,0,1,1,4,0,2,1,0,1,0,0000000,2,58,3,7,88,88,0,0,0,1,1
12,121468,1,1,0,3,31,1510,2,9,2010,5,19,34,1,12,3,SR-9A,,99998,30.43313056,-81.579030560,0,34,0,0,1,1,3,0,5,1,0,1,0,0000000,19,34,19,41,99,99,0,0,0,1,1
12,121469,2,2,0,2,9,0,2,9,2010,5,10,5,1,2,2,US-1,,99998,27.93452778,-80.528833330,0,12,1,0,1,1,1,0,1,1,0,1,0,0000000,10,9,10,15,99,99,0,0,0,1,1
12,121470,1,1,0,2,103,0,3,9,2010,6,15,16,9,99,9,7400 46TH AVE,,99998,27.81080556,-82.743302780,0,42,0,0,1,1,4,0,1,1,0,1,0,0000000,15,12,15,18,99,99,0,0,0,1,0
12,121471,2,2,0,2,119,0,8,9,2010,4,8,43,0,2,3,SR-50,,99998,28.55879444,-82.043588890,0,12,2,0,1,1,1,0,1,1,0,1,0,0000000,8,42,8,53,88,88,0,0,0,1,0
12,121472,1,1,0,1,83,0,9,9,2010,5,23,55,0,6,4,N MAGNOLIA AVE,,0,29.35914444,-82.138350000,0,42,0,0,1,1,4,0,2,1,0,1,0,0000000,0,0,0,8,99,99,0,0,0,1,1
12,121473,2,2,0,2,1,0,9,9,2010,5,16,22,0,14,3,SR-24,63RD BLVD,99998,29.60506667,-82.409513890,0,12,6,0,2,2,1,0,1,1,0,1,0,0000000,16,24,16,26,99,99,0,0,0,1,0
12,121474,1,1,0,1,99,820,16,8,2010,2,9,34,0,14,6,LINTON BLVD,,99998,26.43940278,-80.090794440,0,18,0,0,6,1,1,0,1,1,0,1,0,628160C,9,34,9,36,88,88,0,0,0,1,0
12,121475,2,2,0,7,86,0,19,8,2010,5,18,4,0,13,3,SR-9,,99998,25.89138889,-80.243463890,0,12,6,0,1,1,1,0,1,1,0,1,0,0000000,99,99,99,99,99,99,0,0,0,1,0
12,121476,1,1,1,2,86,2010,2,8,2010,2,5,55,0,13,3,SR-9,,99998,25.76679444,-80.238980560,0,8,0,0,1,1,1,0,3,1,0,1,0,0000000,5,56,6,0,88,88,0,0,0,1,0
12,121477,1,1,0,1,99,3190,30,8,2010,2,13,0,0,15,6,36TH STREET,,99998,26.74593611,-80.059658330,0,18,0,0,6,1,1,0,1,1,0,1,0,272405C,13,2,13,10,88,88,0,0,0,1,1
12,121478,2,2,0,3,57,0,3,9,2010,6,14,26,0,6,4,TARPON SPRINGS RD,,0,28.14933333,-82.591127780,0,12,6,0,1,1,1,0,1,1,0,1,0,0000000,99,99,99,99,99,99,0,0,0,1,1