STATE,ST_CASE,VE_TOTAL,VE_FORMS,PEDS,PERSONS,COUNTY,CITY,DAY,MONTH,YEAR,DAY_WEEK,HOUR,MINUTE,NHS,ROAD_FNC,ROUTE,TWAY_ID,TWAY_ID2,MILEPT,LATITUDE,LONGITUD,SP_JUR,HARM_EV,MAN_COLL,RELJCT1,RELJCT2,TYP_INT,REL_ROAD,WRK_ZONE,LGT_COND,WEATHER1,WEATHER2,WEATHER,SCH_BUS,RAIL,NOT_HOUR,NOT_MIN,ARR_HOUR,ARR_MIN,HOSP_HR,HOSP_MN,CF1,CF2,CF3,FATALS,DRUNK_DR
12,121479,1,1,0,2,57,0,4,9,2010,7,2,53,0,6,4,GORNTO LAKE RD,,0,27.91524444,-82.323763890,0,33,0,0,1,1,4,0,3,1,0,1,0,0000000,99,99,99,99,99,99,0,0,0,1,0
12,121480,1,1,2,1,57,0,28,8,2010,7,1,25,0,13,3,SR-39,,99998,27.94084444,-82.121033330,0,8,0,0,1,1,1,0,2,10,0,10,0,0000000,99,99,99,99,99,99,0,0,0,1,0
12,121481,1,1,0,2,65,0,30,8,2010,2,16,15,0,6,4,CR-257,,0,30.58210278,-83.756225000,0,42,0,0,1,1,4,0,1,1,0,1,1,0000000,16,16,16,27,99,99,0,0,0,1,0
12,121482,1,1,0,5,47,0,5,9,2010,1,3,20,0,6,4,CR-152,,0,30.58103056,-83.195602780,0,34,0,0,1,1,4,0,2,1,0,1,0,0000000,3,26,3,39,99,99,0,0,0,1,1
12,121483,2,2,0,4,86,0,6,9,2010,2,16,55,1,12,3,SR-826,,99998,25.83121111,-80.321652780,0,12,1,0,1,1,1,0,1,10,0,10,0,0000000,16,59,17,2,99,99,0,0,0,1,0
12,121484,2,2,0,2,86,0,7,9,2010,3,22,32,1,2,3,SR-997,,99998,25.58193889,-80.478330560,0,12,6,0,8,1,1,0,2,2,0,2,0,0000000,22,32,22,40,88,88,0,0,0,1,1
12,121485,1,1,1,1,109,0,7,9,2010,3,21,15,0,13,2,US-1,,99998,29.93855000,-81.334019440,0,8,0,0,1,1,4,0,2,1,0,1,0,0000000,99,99,99,99,88,88,0,0,0,1,0
12,121486,1,1,0,3,85,0,9,9,2010,5,15,30,1,2,3,SR-710,,99998,27.07845556,-80.556538890,0,10,0,0,6,1,1,0,1,10,0,10,0,628074F,15,32,15,40,99,99,0,0,0,1,0
12,121487,2,2,0,6,5,0,13,9,2010,2,15,5,1,13,3,SR-77,CR-388,99998,30.32228611,-85.659755560,0,12,6,0,2,2,1,0,1,1,0,1,0,0000000,15,13,99,99,99,99,0,0,0,1,0
12,121488,2,2,0,4,101,0,13,9,2010,2,14,50,0,13,2,US-41,WILLOW BEND PKWY,99998,28.17180833,-82.461275000,0,12,6,0,2,2,1,0,1,1,0,1,0,0000000,14,51,14,57,99,99,0,0,0,1,0
12,121489,2,2,0,2,103,2730,26,7,2010,2,23,52,0,16,6,MLK JR STREET N,,0,27.84702778,-82.646919440,0,12,1,0,1,1,1,0,3,1,0,1,0,0000000,23,50,23,53,99,99,0,0,0,1,1
12,121490,1,1,1,1,57,0,9,9,2010,5,7,13,0,6,4,CR-581,COVE BEND DRIVE,0,28.08065000,-82.423652780,0,9,0,0,2,3,1,0,1,1,0,1,0,0000000,7,13,7,19,99,99,0,0,0,1,0
12,121491,2,2,0,3,85,0,28,8,2010,7,7,23,1,1,1,I-95,,99998,27.12711389,-80.341258330,0,12,1,0,1,1,1,0,1,1,0,1,0,0000000,7,24,7,38,99,99,0,0,0,1,1
12,121492,1,1,1,1,109,0,2,9,2010,5,23,10,0,13,2,US-1,,99998,29.94473889,-81.337788890,0,8,0,0,1,1,1,0,3,1,0,1,0,0000000,23,0,23,15,99,99,0,0,0,1,0
12,121493,2,2,0,2,9,620,6,9,2010,2,9,35,0,14,3,SR-524,,99998,28.37460000,-80.804286110,0,12,6,1,5,1,1,0,1,10,0,10,0,0000000,9,35,9,41,88,88,0,0,0,1,0
12,121494,1,1,1,1,99,0,7,9,2010,3,21,11,0,14,4,LYONS BLVD,,99998,26.37135278,-80.186594440,0,8,0,0,1,1,1,0,3,2,0,2,0,0000000,21,12,21,16,88,88,0,0,0,1,0
12,121495,2,2,1,2,1,0,8,9,2010,4,9,24,1,2,3,SR-26,,99998,29.65402500,-82.507263890,0,8,0,0,1,1,1,0,1,1,0,1,0,0000000,9,26,9,32,99,99,14,0,0,1,0
12,121496,1,1,1,2,97,0,9,9,2010,5,19,50,0,6,4,FLORIDA PKWY,,0,28.32780000,-81.364288890,0,8,0,0,1,1,1,0,3,2,0,2,0,0000000,21,54,21,56,99,99,0,0,0,1,0
12,121498,1,1,0,2,105,1690,13,9,2010,2,12,30,1,12,3,SR-570,,99998,27.99459167,-81.949211110,0,1,0,0,1,1,3,0,1,10,0,10,0,0000000,12,30,12,39,99,99,0,0,0,1,0
12,121500,2,2,0,5,86,2010,15,9,2010,4,15,41,1,11,1,I-395,,99998,25.78578889,-80.254288890,0,12,1,0,1,1,1,0,1,1,0,1,0,0000000,99,99,99,99,99,99,0,0,0,1,0
12,121501,1,1,1,1,95,0,15,9,2010,4,23,16,0,13,2,US-441,,99998,28.69071944,-81.548102780,0,8,0,0,1,1,1,0,3,10,0,10,0,0000000,23,16,23,23,88,88,0,0,0,1,0
12,121502,2,2,0,2,37,0,15,9,2010,4,7,16,0,2,2,US-98,,99998,29.86389722,-84.621688890,0,12,2,0,1,1,1,0,1,1,0,1,0,0000000,7,18,7,20,99,99,0,0,0,1,0
12,121503,1,1,0,2,1,0,16,9,2010,5,17,33,1,1,1,I-75,,99998,29.85309444,-82.536163890,0,1,0,0,1,1,4,0,1,1,0,1,0,0000000,17,36,17,48,99,99,0,0,0,1,0
12,121505,1,1,0,1,29,0,18,9,2010,7,14,40,0,6,4,CR-55A,,0,29.59104444,-83.057688890,0,43,0,0,1,1,4,0,1,1,0,1,0,0000000,14,44,14,49,88,88,0,0,0,1,0
12,121506,1,1,0,1,103,2730,18,9,2010,7,11,35,1,11,1,I-275,,99998,27.87366944,-82.663527780,0,52,0,0,1,1,3,0,1,1,0,1,0,0000000,11,35,11,45,99,99,0,0,0,1,0
12,121507,2,2,0,2,101,0,4,9,2010,7,22,22,0,6,4,CR-524,CR-1,0,28.28048889,-82.676019440,0,12,2,0,2,2,1,0,3,1,0,1,0,0000000,22,23,22,33,99,99,0,0,0,1,1
12,121508,2,2,0,2,103,2730,11,9,2010,7,3,10,1,11,1,I-375,,99998,27.77660556,-82.647483330,0,12,2,0,1,1,1,0,3,1,0,1,0,0000000,3,11,3,17,99,99,0,0,0,1,2
12,121509,1,1,1,1,95,0,12,9,2010,1,15,25,0,13,3,SR-527,,99998,28.46058889,-81.366194440,0,8,0,0,1,1,1,0,1,10,0,10,0,0000000,15,28,15,32,99,99,0,0,0,1,0
12,121510,3,3,0,3,63,2830,17,9,2010,6,14,40,0,6,4,CR-271,,0,30.72184167,-85.186480560,0,12,1,0,1,1,1,0,1,10,0,10,0,0000000,14,42,14,45,99,99,0,0,0,1,0
12,121511,2,2,0,4,73,0,4,9,2010,7,15,19,0,6,4,TRAM ROAD,WW KELLEY ROAD,0,30.37046111,-84.126286110,0,12,6,0,2,2,1,0,1,1,0,1,0,0000000,15,21,15,34,99,99,0,0,0,1,0
12,121512,1,1,0,2,11,672,6,9,2010,2,15,51,0,14,6,CORAL SPRINGS DRIVE,,99998,26.25898611,-80.265902780,0,42,0,0,1,1,4,0,1,10,0,10,0,0000000,15,50,15,57,99,99,0,0,0,1,0
12,121513,2,2,0,3,11,1050,10,9,2010,6,21,38,0,13,2,US-1,,99998,26.13655278,-80.151844440,0,12,1,1,5,1,1,0,3,1,0,1,0,0000000,21,38,21,40,88,88,0,0,0,1,1
12,121514,3,3,0,3,9,2073,30,8,2010,2,12,12,0,14,3,SR-46,N CARPENTER RD,99998,28.66598611,-80.872819440,0,12,6,0,2,2,1,0,1,10,0,10,0,0000000,12,13,12,19,99,99,0,0,0,1,0
12,121515,1,1,0,5,85,0,15,9,2010,4,7,10,0,3,3,SR-76,,99998,27.05872778,-80.306063890,0,42,0,0,1,1,4,0,1,1,0,1,0,0000000,7,18,7,25,99,99,0,0,0,1,0
12,121516,3,3,0,4,33,0,19,9,2010,1,22,30,0,13,3,SR-292,CAPTAIN KIDD REEF,99998,30.29083056,-87.471216670,0,12,1,0,2,3,1,0,3,1,0,1,0,0000000,22,34,22,53,99,99,0,0,0,1,3
12,121517,3,2,0,2,31,1510,20,9,2010,2,13,1,1,11,1,I-295,,99998,30.31828889,-81.769888890,0,12,7,1,5,1,1,0,1,1,0,1,0,0000000,13,5,13,7,88,88,0,0,0,1,0
12,121518,2,2,0,3,97,0,1,9,2010,4,18,27,1,1,1,I-75,,99998,27.69753056,-80.898427780,0,12,8,1,5,1,1,0,1,1,0,1,0,0000000,18,27,18,46,88,88,0,0,0,2,0
12,121519,1,1,0,3,105,0,7,7,2010,4,23,17,0,4,3,SR-17,,99998,27.78734444,-81.538913890,0,1,0,0,1,1,1,0,3,1,0,1,0,0000000,23,11,23,19,99,99,0,0,0,1,1
12,121520,1,1,0,1,15,0,13,9,2010,2,6,53,0,3,3,SR-31,,99998,27.01826389,-81.760736110,0,34,0,0,1,1,4,0,4,1,0,1,0,0000000,6,58,7,17,88,88,0,0,0,1,1
12,121521,2,2,0,6,57,2950,2,9,2010,5,20,40,0,16,6,34TH ST N,CHELSEA ST E,0,27.98510278,-82.422377780,0,12,6,0,2,2,1,0,3,1,0,1,0,0000000,20,42,20,48,99,99,0,0,0,3,2
12,121522,1,1,1,1,31,1510,6,9,2010,2,1,53,0,16,6,7550 GARDEN ST,,0,30.40820833,-81.781197220,0,8,0,0,1,1,1,0,2,1,0,1,0,0000000,1,54,2,0,88,88,0,0,0,1,0
12,121523,1,1,0,2,129,0,10,9,2010,6,0,5,0,6,4,CR-375,,0,30.25358056,-84.685277780,0,24,0,0,1,1,4,0,2,1,0,1,0,0000000,0,53,1,5,99,99,0,0,0,1,1
12,121524,1,1,0,1,31,1510,12,9,2010,1,9,1,1,11,1,I-295,,99998,30.35743333,-81.760941670,0,34,0,0,1,1,4,0,1,1,0,1,0,0000000,9,1,9,7,88,88,0,0,0,1,1
12,121525,1,1,1,1,17,1445,13,9,2010,2,0,29,1,13,2,US-19,GROVER CLEVELAND BLV,99998,28.80300833,-82.576100000,0,8,0,0,3,1,1,0,3,1,0,1,0,0000000,0,30,0,36,99,99,0,0,0,1,0
12,121526,1,1,1,1,81,0,14,9,2010,3,21,23,0,13,2,US-41,,99998,27.47650556,-82.575061110,0,8,0,0,1,1,1,0,3,1,0,1,0,0000000,21,24,21,29,99,99,0,0,0,1,0
12,121527,1,1,1,1,115,2235,15,9,2010,4,19,0,0,16,6,E HILLSBOROUGH BLVD,,0,27.04600556,-82.069705560,0,8,0,0,1,1,1,0,5,1,0,1,0,0000000,19,16,19,24,99,99,0,0,0,1,0
12,121528,1,1,0,3,9,454,16,9,2010,5,16,40,0,16,6,CR-405,,0,28.63101389,-80.826105560,0,1,0,0,1,1,4,0,1,10,0,10,0,0000000,16,44,16,45,99,99,0,0,0,1,0
12,121529,1,1,0,1,61,0,16,9,2010,5,19,10,0,6,4,HARBOR DRIVE N,,0,27.68410278,-80.394947220,0,42,0,0,1,1,3,0,3,1,0,1,0,0000000,99,99,99,99,99,99,0,0,0,1,1
12,121530,2,2,0,3,101,0,18,9,2010,7,12,18,0,6,4,CONGRESS STREET,,0,28.27873889,-82.707230560,0,12,6,0,8,1,1,0,1,1,0,1,0,0000000,12,19,12,25,99,99,0,0,0,1,0
12,121531,1,1,0,8,11,1050,18,9,2010,7,10,7,1,11,1,I-95,,99998,26.13098611,-80.169213890,0,1,0,0,1,1,1,0,1,10,0,10,0,0000000,10,8,10,11,99,99,0,0,0,2,0
12,121532,1,1,0,5,86,0,8,7,2010,5,12,49,0,6,4,SW 152ND STREET,,0,25.62724167,-80.385366670,0,38,0,0,1,1,4,0,1,1,0,1,0,0000000,99,99,99,99,88,88,0,0,0,5,0
12,121533,1,1,0,1,127,2190,9,7,2010,6,14,9,0,16,6,AIRPORT ROAD,,0,29.04781667,-81.040502780,0,42,0,0,1,1,3,0,1,1,0,1,0,0000000,99,99,99,99,99,99,0,0,0,1,0
12,121534,2,2,0,7,11,1050,21,7,2010,4,20,15,0,15,6,NW 19TH STREET,,99998,26.15131389,-80.169961110,0,12,1,0,1,1,1,0,3,1,0,1,0,0000000,99,99,99,99,99,99,0,0,0,1,0
12,121535,1,1,0,1,115,3050,27,7,2010,3,11,54,0,13,2,US-41,ALBEE FARM ROAD,99998,27.09823611,-82.433661110,0,43,0,0,3,3,4,0,1,1,0,1,0,0000000,99,99,99,99,99,99,0,0,0,1,0
12,121536,1,1,0,1,89,0,12,9,2010,1,18,45,0,6,4,AMELIA CONCOURSE,,0,30.59210556,-81.522202780,0,33,0,0,1,1,3,0,1,10,0,10,0,0000000,19,0,19,3,88,88,0,0,0,1,1
12,121537,1,1,0,1,31,1510,12,9,2010,1,11,3,0,16,6,9727 TOUCHTON RD,,0,30.26836111,-81.554716670,0,3,0,0,1,1,4,0,1,1,0,1,0,0000000,12,57,13,30,88,88,0,0,0,1,1
12,121538,2,2,0,2,99,330,16,9,2010,5,9,45,1,11,1,I-95,,99998,26.54224444,-80.072344440,0,12,6,0,1,1,1,0,1,1,0,1,0,0000000,99,99,99,99,99,99,0,0,0,1,0
12,121539,2,2,0,2,97,1590,6,8,2010,6,13,57,0,16,6,N JOHN YOUNG PKWY,W DONEGAN AVE,0,28.31891389,-81.415950000,0,12,6,0,2,2,1,0,1,1,0,1,0,0000000,13,58,14,2,99,99,0,0,0,1,0
12,121540,2,2,0,2,33,0,18,9,2010,7,1,45,0,13,3,SR-95,VAN PELT LN,99998,30.47210000,-87.246175000,0,12,6,0,2,2,1,0,2,1,0,1,0,0000000,1,48,2,5,99,99,23,0,0,1,1
12,121541,1,1,0,2,31,1510,18,9,2010,7,18,55,1,11,1,I-95,,99998,30.33646111,-81.669780560,0,1,0,1,5,1,1,0,1,1,0,1,0,0000000,19,7,19,12,99,99,0,0,0,2,0
12,121542,1,1,0,4,21,0,19,9,2010,1,13,53,1,1,1,I-75,,99998,26.16862778,-81.074711110,0,1,0,0,1,1,4,0,1,1,0,1,0,0000000,13,54,14,26,99,99,0,0,0,2,0
12,121543,1,1,0,3,127,2580,19,9,2010,1,14,48,1,11,1,I-95,,99998,29.11624722,-81.038211110,0,1,0,0,1,1,3,0,1,10,0,10,0,0000000,14,50,14,56,99,99,0,0,0,1,0
12,121545,2,2,0,2,17,0,20,9,2010,2,20,10,1,2,3,SR-44,S HIGHVIEW AVE,99998,28.85587500,-82.439433330,0,12,1,0,3,1,1,0,3,1,0,1,0,0000000,20,13,20,19,88,88,0,0,0,1,0
12,121546,4,4,0,5,101,0,21,9,2010,3,15,18,0,16,6,CR-524,GALEN WILSON BLVD,0,28.28028056,-82.683802780,0,12,1,0,3,1,1,0,1,1,0,1,0,0000000,15,19,15,21,99,99,0,0,0,1,0
12,121547,1,1,0,1,83,0,18,9,2010,7,2,12,0,13,2,US-441,,99998,29.11361667,-82.095691670,0,32,0,0,1,1,4,0,3,1,0,1,0,0000000,2,15,2,23,99,99,0,0,0,1,1
12,121548,1,1,0,3,107,2786,18,9,2010,7,2,35,0,6,4,CR-309,,0,29.52479167,-81.667647220,0,42,0,0,1,1,4,0,2,1,0,1,0,0000000,2,38,2,43,99,99,0,0,0,2,1
12,121549,1,1,1,1,19,0,20,9,2010,2,0,12,0,13,3,SR-21,,99998,30.17504722,-81.744988890,0,8,0,0,1,1,1,0,3,1,0,1,0,0000000,0,13,0,18,88,88,0,0,0,1,0
12,121550,1,1,0,1,57,2950,22,9,2010,4,3,26,0,16,6,MANHATTAN AVE S,,0,27.91887500,-82.517869440,0,42,0,0,1,1,4,0,3,1,0,1,0,0000000,3,26,3,33,88,88,0,0,0,1,1
12,121551,1,1,0,1,81,0,20,6,2010,1,3,20,0,3,3,SR-62,,99998,27.58733056,-82.232397220,0,1,0,0,1,1,1,0,2,1,0,1,0,0000000,3,35,3,53,88,88,0,0,0,1,1
12,121552,1,1,1,1,99,0,15,7,2010,5,16,48,0,14,4,10TH AVE N,,99998,26.62816944,-80.077091670,0,9,0,0,4,1,1,0,1,1,0,1,0,0000000,99,99,99,99,99,99,0,0,0,1,0
12,121553,2,2,0,3,105,1690,24,7,2010,7,2,1,0,16,6,CR-582,,0,28.08054167,-81.989919440,0,12,1,0,1,1,1,0,3,10,0,10,0,0000000,99,99,2,7,88,88,0,0,0,1,1
12,121554,2,2,0,2,11,2083,7,8,2010,7,19,5,0,13,3,SR-823,MIRAMAR BLVD,99998,25.98616111,-80.303547220,0,12,6,0,2,2,1,0,1,1,0,1,0,0000000,99,99,99,99,99,99,0,0,0,1,0
12,121555,1,1,1,1,127,780,9,8,2010,2,4,22,0,13,3,SR-A1A,,99998,29.24007778,-81.014652780,0,8,0,0,1,1,1,0,3,1,0,1,0,0000000,99,99,99,99,99,99,0,0,0,1,0
12,121556,1,1,0,1,99,1560,11,8,2010,4,9,58,0,13,3,SR-706,CENTRAL BLVD,99998,26.93442500,-80.134286110,0,42,0,0,3,2,4,0,1,1,0,1,0,0000000,99,99,99,99,99,99,0,0,0,1,0
12,121557,2,2,0,3,127,0,15,8,2010,1,22,51,1,11,1,I-95,,99998,29.23847778,-81.109475000,0,12,1,0,1,1,1,0,2,1,0,1,0,0000000,22,51,22,56,99,99,0,0,0,1,1
12,121558,2,2,0,3,99,2430,16,8,2010,2,16,32,0,14,3,SR-704,,99998,26.70593889,-80.045794440,0,12,1,0,1,1,1,0,1,1,0,1,0,0000000,99,99,99,99,99,99,0,0,0,1,0
12,121559,1,1,1,1,57,0,16,8,2010,2,20,35,0,13,3,SR-580,OVERLOOK DR,99998,28.03260278,-82.397063890,0,8,0,0,2,2,1,0,3,1,0,1,0,0000000,99,99,99,99,99,99,0,0,0,1,0
12,121560,2,2,0,2,86,1340,21,8,2010,7,4,13,0,13,3,SR-823,,99998,25.88710556,-80.291450000,0,12,2,0,1,1,1,0,3,10,0,10,0,0000000,4,14,4,33,99,99,0,0,0,1,0
12,121561,1,1,1,1,83,2270,21,8,2010,7,22,29,0,14,3,SR-464,,99998,29.17167778,-82.150383330,0,8,0,0,1,1,1,0,2,10,0,10,0,0000000,22,30,22,34,88,88,0,0,0,1,0
12,121562,2,2,0,8,127,2580,23,8,2010,2,18,21,0,13,3,SR-5A,SPRUCE CREEK RD,99998,29.11709444,-80.993355560,0,12,6,0,2,2,1,0,1,1,0,1,0,0000000,99,99,99,99,99,99,0,0,0,1,0
12,121563,2,2,0,2,99,3190,23,3,2010,3,0,6,0,14,6,45TH ST,VILLAGE BLVD,99998,26.75932500,-80.100363890,0,12,1,0,2,2,1,0,3,10,0,10,0,0000000,0,9,0,24,88,88,0,0,0,1,0
12,121564,1,1,0,1,9,1990,31,8,2010,3,2,20,0,16,6,N WICKHAM RD,,0,28.15597222,-80.672050000,0,34,0,0,1,1,4,0,3,1,0,1,0,0000000,2,21,2,25,99,99,0,0,0,1,1
12,121565,1,1,0,1,97,0,18,9,2010,7,0,7,0,6,4,ROYAL PALM DR,,0,28.32175000,-81.365930560,0,42,0,0,1,1,4,0,3,1,0,1,0,0000000,0,7,0,15,99,99,0,0,0,1,1
12,121566,2,2,0,2,103,570,12,4,2010,2,1,44,0,16,6,BELCHER RD,DREW ST,0,27.96795833,-82.746211110,0,12,6,0,2,2,1,0,3,10,0,10,0,0000000,1,45,1,48,99,99,20,0,0,1,1
12,121567,3,3,0,3,101,0,16,9,2010,5,18,18,0,13,2,US-301,US-98,99998,28.32415556,-82.187505560,0,12,6,0,2,3,1,0,2,1,0,1,0,0000000,99,99,99,99,99,99,14,0,0,1,0
12,121568,1,1,1,2,57,0,20,9,2010,2,22,13,0,13,3,SR-574,HIGHVIEW ROAD,99998,27.98147500,-82.298597220,0,8,0,0,2,2,1,0,2,1,0,1,0,0000000,22,15,22,18,99,99,0,0,0,1,0
12,121569,4,4,0,4,97,0,21,9,2010,3,14,15,0,6,4,NARCOOSEE RD,,0,28.32200278,-81.235769440,0,12,2,0,1,1,1,0,1,1,0,1,0,0000000,14,17,14,23,99,99,0,0,0,1,0
12,121570,1,1,1,1,57,0,24,9,2010,6,20,48,1,13,3,SR-60,,99998,27.93807222,-82.297700000,0,8,0,0,1,1,1,0,3,10,0,10,0,0000000,20,49,20,49,99,99,0,0,0,1,0
12,121571,2,2,0,2,41,0,25,9,2010,7,14,30,1,2,3,SR-26,,99998,29.61315556,-82.850694440,0,12,6,0,1,1,1,0,1,10,0,10,0,0000000,14,36,14,48,99,99,0,0,0,1,1
12,121572,2,2,0,3,71,0,25,9,2010,7,15,40,0,6,4,BABCOCK ROAD,,0,26.48199722,-81.836894440,0,12,6,0,8,1,1,0,1,1,0,1,0,0000000,15,42,15,54,88,88,0,0,0,1,0
12,121573,2,2,0,3,33,0,26,9,2010,1,21,35,1,14,3,SR-173,,99998,30.37156111,-87.357605560,0,12,2,0,1,1,1,0,2,10,0,10,0,0000000,21,36,21,49,99,99,0,0,0,1,1
12,121574,1,1,1,1,99,0,31,8,2010,3,20,34,0,13,3,SR-704,N MILITARY TRAIL,99998,26.70696944,-80.111141670,0,9,0,0,3,2,1,0,3,1,0,1,0,0000000,20,34,20,38,99,99,0,0,0,1,0
12,121575,1,1,1,2,86,0,19,9,2010,1,20,25,1,13,2,US-1,136TH STREET SW,99998,25.64430833,-80.334038890,0,8,0,0,3,2,1,0,3,1,0,1,0,0000000,20,26,20,30,99,99,0,0,0,1,0
12,121576,2,2,0,2,119,0,20,9,2010,2,13,10,1,1,1,I-75,,99998,28.74091944,-82.108891670,0,12,7,0,1,1,1,0,1,1,0,1,0,0000000,13,29,13,37,88,88,0,0,0,1,1
12,121578,1,1,1,1,127,0,25,9,2010,7,11,38,0,13,3,SR-A1A,,99998,29.33456389,-81.059430560,0,8,0,0,1,1,1,0,1,1,0,1,0,0000000,11,39,11,42,99,99,0,0,0,1,0
12,121579,1,1,0,1,83,0,26,9,2010,1,20,50,0,6,4,CR-484,SE 122ND PL,0,29.04400000,-82.061000000,0,34,0,0,2,3,4,0,2,10,0,10,0,0000000,99,99,99,99,99,99,0,0,0,1,0
12,121580,1,1,0,1,9,2424,9,9,2010,5,1,30,0,16,6,WALKER ST,,0,27.94335000,-80.628461110,0,34,0,0,1,1,4,0,2,1,0,1,0,0000000,6,25,6,35,88,88,0,0,0,1,1
12,121581,1,1,0,1,61,0,11,9,2010,7,20,3,0,13,2,US-1,,99998,27.55882778,-80.368122220,0,25,0,0,1,1,3,0,2,1,0,1,0,0000000,20,4,20,8,99,99,0,0,0,1,1
12,121582,3,3,0,5,31,1510,20,9,2010,2,11,35,1,11,1,I-95,,99998,30.28186111,-81.620794440,0,24,0,0,1,1,4,0,1,1,0,1,0,0000000,11,38,11,38,99,99,0,0,0,1,0
12,121583,1,1,0,1,105,0,23,9,2010,5,4,4,1,11,1,I-4,,99998,28.15295556,-81.850688890,0,52,0,0,1,1,4,0,3,1,0,1,0,0000000,4,6,4,18,88,88,0,0,0,1,0
12,121584,2,2,0,2,9,630,24,9,2010,6,20,30,0,13,3,SR-520,,99998,28.35780000,-80.632722220,0,12,1,0,1,1,1,0,3,10,0,10,0,0000000,20,34,20,35,88,88,0,0,0,1,1
12,121585,1,1,0,1,57,0,25,9,2010,7,19,13,0,6,4,GIBSONTON DRIVE,,0,27.85652222,-82.337530560,0,30,0,0,1,1,4,0,5,1,0,1,0,0000000,19,16,19,19,99,99,0,0,0,1,1
12,121586,2,2,0,2,89,0,25,9,2010,7,3,14,1,2,2,US-301,,99998,30.41590556,-81.929011110,0,12,2,0,1,1,1,0,2,1,0,1,0,0000000,3,19,3,22,99,99,0,0,0,1,1
12,121587,2,2,0,10,86,0,28,8,2010,7,16,16,0,16,6,NW 17TH AVE,NW 112ND ST,0,25.87660000,-80.226413890,0,12,6,0,2,2,1,0,1,2,0,2,0,0000000,16,16,16,24,99,99,0,0,0,3,0
12,121588,2,2,0,2,115,0,2,9,2010,5,18,35,0,13,3,SR-780,RICHARDSON WAY,99998,27.33833056,-82.468127780,0,12,6,0,2,3,1,0,1,1,0,1,0,0000000,99,99,99,99,99,99,0,0,0,1,0
12,121589,1,1,1,2,35,2439,18,9,2010,7,23,25,0,14,3,SR-A1A,,99998,29.59476111,-81.194711110,0,9,0,0,1,1,1,0,2,1,0,1,0,0000000,23,25,23,30,99,99,0,0,0,1,0
12,121590,1,1,1,1,57,0,25,9,2010,7,1,49,0,6,4,CR-581,,0,28.05780000,-82.426177780,0,9,0,0,1,1,1,0,2,1,0,1,0,0000000,1,52,1,57,88,88,0,0,0,1,0
12,121591,3,3,0,7,95,0,23,9,2010,5,15,35,0,13,3,SR-436,,99998,28.60121944,-81.307327780,0,12,6,0,1,1,1,0,1,10,0,10,0,0000000,15,35,15,38,99,99,0,0,0,1,0
12,121592,2,2,0,3,31,1510,24,9,2010,6,1,14,1,11,1,I-95,,99998,30.46565833,-81.647852780,0,12,1,0,1,1,1,0,3,1,0,1,0,0000000,1,13,1,25,88,88,0,0,0,1,1
12,121593,1,1,1,1,95,0,24,9,2010,6,7,14,0,2,3,SR-50,,99998,28.53607500,-81.044713890,0,8,0,0,1,1,4,0,1,10,0,10,0,0000000,7,16,7,22,99,99,0,0,0,1,0
12,121594,3,3,0,3,95,0,24,9,2010,6,19,58,0,2,3,SR-50,,99998,28.53603056,-81.060347220,0,12,2,0,1,1,1,0,2,2,0,2,0,0000000,19,57,20,4,99,99,19,0,0,1,0
12,121595,4,4,0,4,101,0,24,9,2010,6,8,25,0,2,3,SR-52,,99998,28.32135000,-82.436208330,0,12,6,0,1,1,1,0,1,1,0,1,0,0000000,8,25,8,37,99,99,0,0,0,2,0
12,121596,2,2,0,6,95,0,26,9,2010,1,3,18,0,14,3,SR-435,,99998,28.54238333,-81.458286110,0,59,0,0,1,1,3,0,3,10,0,10,0,0000000,99,99,99,99,99,99,0,0,0,1,0
12,121597,1,1,1,2,107,0,27,9,2010,2,21,30,0,6,4,DAWN AVE,,0,29.67142222,-81.866600000,0,8,0,0,1,1,1,0,2,10,0,10,0,0000000,21,30,21,38,99,99,0,0,0,1,1
12,121598,1,1,0,2,33,0,28,9,2010,3,22,20,0,13,3,SR-292,,99998,30.32401667,-87.416722220,0,1,0,0,1,1,1,0,2,1,0,1,0,0000000,22,23,22,29,88,88,0,0,0,1,0
12,121599,3,3,0,8,85,0,29,9,2010,4,19,0,0,13,3,SR-76,POMEROY ST,99998,27.14633889,-80.244888890,0,12,6,0,2,2,1,0,5,2,0,2,0,0000000,19,1,19,8,99,99,0,0,0,1,0
12,121600,4,4,0,4,31,1510,29,9,2010,4,20,10,0,13,2,US-17,,99998,30.45638333,-81.629380560,0,12,6,1,5,1,1,0,2,2,0,2,0,0000000,20,16,20,20,99,99,0,0,0,1,0
12,121601,1,1,1,1,119,2984,2,10,2010,7,0,6,0,6,4,CR-466,,0,28.92726667,-82.005316670,0,8,0,0,1,1,1,0,3,1,0,1,0,0000000,0,6,0,13,99,99,0,0,0,1,0
12,121602,2,2,0,5,7,0,3,10,2010,1,18,34,0,3,3,SR-16,NW 83RD ST,99998,30.06259444,-82.181080560,0,12,6,0,2,2,1,0,1,10,0,10,0,0000000,18,35,18,44,99,99,0,0,0,2,0
12,121603,1,1,0,1,103,570,28,8,2010,7,23,53,1,13,2,US-19,,99998,28.00386111,-82.729641670,0,31,0,0,1,1,3,0,3,10,0,10,0,0000000,23,54,23,56,88,88,0,0,0,1,0