STATE,ST_CASE,VE_TOTAL,VE_FORMS,PEDS,PERSONS,COUNTY,CITY,DAY,MONTH,YEAR,DAY_WEEK,HOUR,MINUTE,NHS,ROAD_FNC,ROUTE,TWAY_ID,TWAY_ID2,MILEPT,LATITUDE,LONGITUD,SP_JUR,HARM_EV,MAN_COLL,RELJCT1,RELJCT2,TYP_INT,REL_ROAD,WRK_ZONE,LGT_COND,WEATHER1,WEATHER2,WEATHER,SCH_BUS,RAIL,NOT_HOUR,NOT_MIN,ARR_HOUR,ARR_MIN,HOSP_HR,HOSP_MN,CF1,CF2,CF3,FATALS,DRUNK_DR
12,121604,1,1,0,1,86,0,5,9,2010,1,21,28,0,6,4,SW 83RD AVE,,0,25.68004722,-80.329252780,0,42,0,0,1,1,4,0,2,10,0,10,0,0000000,21,28,21,33,88,88,0,0,0,1,1
12,121605,2,2,0,2,86,0,7,9,2010,3,11,36,0,6,4,SW 127TH AVE,SW 47TH ST,0,25.72220556,-80.399322220,0,12,6,0,2,2,1,0,1,1,0,1,0,0000000,11,36,11,42,99,99,0,0,0,1,0
12,121606,1,1,1,1,86,0,10,9,2010,6,7,28,0,13,3,SR-826,,99998,25.92818611,-80.196297220,0,8,0,0,1,1,1,0,1,1,0,1,0,0000000,99,99,7,28,99,99,0,0,0,1,0
12,121607,1,1,1,1,86,1340,12,9,2010,1,21,8,0,13,3,SR-823,,99998,25.84877222,-80.290138890,0,8,0,0,1,1,1,0,2,10,0,10,0,0000000,99,99,99,99,88,88,0,0,0,1,0
12,121608,2,2,0,2,57,2950,21,9,2010,3,5,18,0,14,2,US-41,SCOTT STREET,99998,27.95638611,-82.459505560,0,12,6,0,2,2,1,0,3,1,0,1,0,0000000,5,19,5,24,88,88,0,0,0,1,0
12,121609,2,2,0,7,86,2010,23,9,2010,5,12,43,0,16,6,NW 3RD AVENUE,NW 5TH STREET,0,25.77879167,-80.199533330,0,12,6,0,2,2,1,0,1,2,0,2,0,0000000,99,99,99,99,99,99,0,0,0,1,0
12,121610,1,1,1,1,11,1050,25,9,2010,7,0,21,0,13,3,SR-870,N POWERLINE RD,99998,26.18855000,-80.155275000,0,8,0,0,3,1,1,0,3,2,0,2,0,0000000,0,17,0,17,88,88,0,0,0,1,0
12,121611,2,2,0,2,9,2424,29,9,2010,4,21,42,0,16,6,NW JUPITER BLVD,NW ELMONT ST,0,28.02424722,-80.696400000,0,12,6,0,3,1,1,0,3,1,0,1,0,0000000,21,42,21,47,88,88,0,0,0,1,1
12,121612,1,1,0,1,103,2652,30,9,2010,5,13,34,0,16,6,1ST STREET,176TH AVENUE,0,27.82641111,-82.824841670,0,53,0,0,3,3,4,0,1,1,0,1,0,0000000,99,99,99,99,99,99,0,0,0,1,0
12,121613,3,1,2,1,9,2424,2,10,2010,7,0,58,0,13,2,US-1,BROADVIEW DRIVE,99998,28.04648333,-80.586591670,0,1,0,0,2,3,4,0,3,1,0,1,0,0000000,0,58,1,1,99,99,0,0,0,1,0
12,121614,1,1,1,2,105,0,25,8,2010,4,22,16,0,6,4,SPRIT LAKE ROAD,,0,27.98643333,-81.784211110,0,9,0,0,1,1,1,0,2,1,0,1,0,0000000,22,21,22,25,88,88,0,0,0,1,0
12,121615,2,2,1,2,73,0,31,8,2010,3,6,24,0,16,6,SPRINGHILL ROAD,,0,30.40317500,-84.309147220,0,8,0,0,1,1,1,0,2,98,0,98,1,0000000,6,27,6,34,88,88,0,0,0,1,0
12,121616,1,1,1,0,101,2180,2,9,2010,5,23,45,9,99,9,6724 US-19,,99998,28.20984167,-82.739444440,0,8,0,0,1,1,1,0,2,1,0,1,0,0000000,23,48,23,54,88,88,0,0,0,1,0
12,121617,1,1,1,1,11,2916,13,9,2010,2,15,10,0,15,6,NW 44TH STREET,NW 94TH AVENUE,99998,26.17922222,-80.275816670,0,8,0,0,3,2,1,0,1,1,0,1,0,0000000,15,11,15,15,99,99,0,0,0,1,0
12,121618,1,1,0,2,31,1510,14,9,2010,3,19,12,0,14,3,SR-103,,99998,30.29934722,-81.751738890,0,59,0,0,1,1,4,0,1,1,0,1,0,0000000,99,99,99,99,99,99,0,0,0,1,1
12,121619,1,1,0,2,99,0,16,9,2010,5,5,48,0,13,3,SR-704,,99998,26.70639444,-80.090877780,0,31,0,0,1,1,4,0,3,1,0,1,0,0000000,5,54,6,0,99,99,0,0,0,1,0
12,121620,1,1,1,1,35,2439,18,9,2010,7,21,50,1,11,1,I-95,,99998,29.57781667,-81.234233330,0,8,0,0,1,1,1,0,2,1,0,1,0,0000000,20,57,22,2,88,88,19,0,0,1,0
12,121621,1,1,1,1,105,0,19,9,2010,1,3,5,0,13,2,US-98,,99998,28.13875278,-81.973547220,0,9,0,0,1,1,1,0,2,1,0,1,0,0000000,3,59,4,26,88,88,0,0,0,1,0
12,121622,1,1,0,2,131,0,1,10,2010,6,19,20,0,2,3,SR-85,,99998,30.96699444,-86.377772220,0,34,0,0,1,1,4,0,2,1,0,1,0,0000000,19,13,19,23,99,99,0,0,0,1,1
12,121623,1,1,0,1,11,760,2,10,2010,7,4,2,1,11,1,I-95,,99998,26.06155000,-80.163752780,0,25,0,0,1,1,3,0,3,1,0,1,0,0000000,4,5,4,12,88,88,0,0,0,1,0
12,121624,1,1,0,1,121,0,2,10,2010,7,3,30,0,6,4,GOLDKIST BLVD,80TH TERRACE,0,30.30451111,-83.008425000,0,43,0,0,3,3,4,0,2,1,0,1,0,0000000,7,22,7,25,88,88,0,0,0,1,1
12,121625,1,1,0,1,131,0,2,10,2010,7,20,15,1,2,2,US-98,,99998,30.32694722,-86.051994440,0,1,0,0,1,1,4,0,2,1,0,1,0,0000000,99,99,99,99,99,99,0,0,0,1,0
12,121626,2,2,0,3,47,0,2,10,2010,7,14,38,1,1,1,I-75,,99998,30.45615000,-82.945108330,0,12,1,0,1,1,1,0,1,1,0,1,0,0000000,15,19,99,99,99,99,0,0,0,1,1
12,121627,2,2,0,9,71,0,2,10,2010,7,20,34,0,2,2,US-41,AVENIDA DEL VERA,99998,26.76704167,-81.929394440,0,12,6,0,2,4,1,0,2,1,0,1,0,0000000,20,35,20,39,99,99,0,0,0,2,0
12,121628,1,1,1,1,71,2218,4,10,2010,2,6,20,0,13,3,SR-78,,99998,26.69275833,-81.856797220,0,8,0,0,1,1,1,0,2,1,0,1,0,0000000,6,21,6,28,99,99,0,0,0,1,0
12,121630,1,1,1,1,5,0,6,10,2010,4,8,55,1,2,3,SR-20,,99998,30.43973889,-85.776680560,0,9,0,0,1,1,2,0,1,1,0,1,0,0000000,8,59,9,21,88,88,0,0,0,1,0
12,121631,1,1,0,3,97,0,6,10,2010,4,2,34,0,13,2,US-192,,99998,28.34592500,-81.603955560,0,33,0,0,1,1,4,0,3,1,0,1,0,0000000,2,35,2,43,99,99,0,0,0,1,1
12,121632,2,2,0,3,33,0,7,10,2010,5,3,35,1,14,3,SR-173,SORRENTO RD,99998,30.36065556,-87.358722220,0,12,6,0,2,2,1,0,3,1,0,1,0,0000000,3,35,3,47,99,99,0,0,0,1,1
12,121633,1,1,1,1,117,0,8,10,2010,6,20,0,0,13,2,US-17,,99998,28.65608889,-81.345138890,0,8,0,0,1,1,1,0,2,1,0,1,0,0000000,20,3,20,5,99,99,0,0,0,1,0
12,121634,2,2,0,2,105,0,14,8,2010,7,15,16,1,13,2,US-27,CHARLES STREET,99998,27.71173333,-81.560966670,0,12,6,0,2,2,1,0,1,1,0,1,0,0000000,15,16,15,25,99,99,0,0,0,1,1
12,121635,1,1,1,1,81,340,20,9,2010,2,21,5,0,13,2,US-41,,99998,27.49755278,-82.563055560,0,8,0,0,1,1,1,0,3,1,0,1,0,0000000,21,7,21,8,88,88,0,0,0,1,0
12,121636,1,1,1,1,95,0,26,9,2010,1,3,50,0,6,4,LANDSTAR BLVD,MISLEY DR,0,28.35390278,-81.361272220,0,8,0,0,2,3,1,0,3,10,0,10,0,0000000,3,52,3,58,88,88,0,0,0,1,0
12,121637,1,1,0,2,101,0,30,9,2010,5,21,22,0,6,4,SHEFFEY LANE,NEWSOME ROAD,0,28.30290833,-82.171013890,0,42,0,0,3,1,4,0,2,1,0,1,0,0000000,21,22,21,30,88,88,0,0,0,2,0
12,121638,2,2,0,3,57,0,30,9,2010,5,19,23,1,1,1,I-4,,99998,27.98891667,-82.373180560,0,12,6,1,5,1,1,0,3,1,0,1,0,0000000,19,23,19,33,88,88,0,0,0,1,0
12,121639,1,1,1,1,103,0,2,10,2010,7,2,54,1,13,3,SR-688,,99998,27.89394444,-82.684833330,0,8,0,0,1,1,1,0,2,1,0,1,0,0000000,2,55,3,1,88,88,0,0,0,1,0
12,121640,2,2,0,2,101,0,2,10,2010,7,11,31,0,6,4,CR-535,BOHNNON ROAD,0,28.20793611,-82.241966670,0,12,7,0,2,2,1,0,1,1,0,1,0,0000000,11,31,11,36,99,99,0,0,0,1,0
12,121641,3,3,0,4,31,1510,3,10,2010,1,6,25,0,14,3,SR-105,,99998,30.39763333,-81.501183330,0,12,2,0,1,1,1,0,3,1,0,1,0,0000000,6,31,6,38,88,88,0,0,0,1,0
12,121642,1,1,1,1,95,2360,3,10,2010,1,22,28,0,13,3,SR-436,PERSHING AVENUE,99998,28.49891111,-81.310347220,0,8,0,0,3,2,1,0,3,1,0,1,0,0000000,22,29,22,35,88,88,0,0,0,1,0
12,121643,2,2,0,2,57,0,4,10,2010,2,20,56,0,6,4,ANDERSON ROAD,,0,28.01723056,-82.534005560,0,12,2,0,1,1,1,0,3,1,0,1,0,0000000,21,7,21,14,99,99,0,0,0,1,1
12,121644,1,1,1,1,81,0,5,10,2010,3,20,43,0,13,2,US-41,69TH AVENUE W,99998,27.41851944,-82.575538890,0,8,0,0,3,2,1,0,2,1,0,1,0,0000000,20,44,20,47,88,88,0,0,0,1,0
12,121645,2,2,0,4,23,0,7,10,2010,5,19,54,0,13,2,US-441,,99998,30.24353333,-82.638322220,0,12,7,0,8,1,1,0,2,1,0,1,0,0000000,19,56,20,2,99,99,0,0,0,2,0
12,121646,2,2,1,3,95,0,8,10,2010,6,22,40,0,14,3,SR-426,,99998,28.60760556,-81.292869440,0,8,0,0,1,1,1,0,2,1,0,1,0,0000000,22,44,22,49,88,88,0,0,0,1,0
12,121647,1,1,0,1,57,2950,28,9,2010,3,23,56,0,13,3,SR-580,,99998,28.03259722,-82.439963890,0,33,0,0,1,1,4,0,3,10,0,10,0,0000000,23,56,23,59,88,88,0,0,0,1,0
12,121648,1,1,1,1,103,3010,19,9,2010,1,21,57,0,14,3,SR-699,106 AVENUE,99998,27.76810278,-82.768916670,0,8,0,0,2,2,1,0,3,10,0,10,0,0000000,99,99,22,59,99,99,0,0,0,1,1
12,121649,1,1,0,3,3,0,5,10,2010,3,22,50,0,6,4,ARNOLD RHODEN ROAD,,0,30.24842778,-82.248405560,0,34,0,0,1,1,4,0,2,1,0,1,0,0000000,23,0,23,6,99,99,0,0,0,1,1
12,121650,1,1,0,1,23,0,6,10,2010,4,10,35,0,3,3,SR-247,,99998,30.13693889,-82.709147220,0,34,0,0,1,1,4,0,1,1,0,1,0,0000000,10,38,10,42,88,88,0,0,0,1,0
12,121651,1,1,0,1,101,0,7,10,2010,5,2,18,1,13,2,US-19,,99998,28.41618333,-82.648366670,0,30,0,0,1,1,4,0,3,1,0,1,0,0000000,2,19,2,27,88,88,0,0,0,1,1
12,121652,1,1,1,1,11,1782,8,2,2010,2,19,25,0,13,3,SR-817,,99998,26.18663611,-80.251994440,0,9,0,0,1,1,1,0,3,1,0,1,0,0000000,99,99,99,99,99,99,0,0,0,1,0
12,121653,1,1,1,1,73,0,10,10,2010,1,13,49,0,13,3,SR-61,,99998,30.40044722,-84.280983330,0,8,0,0,1,1,4,0,1,1,0,1,0,0000000,13,50,13,58,99,99,0,0,0,2,0
12,121654,2,2,0,2,5,2451,5,9,2010,1,4,22,0,14,3,SR-30,SHALIMAR STREET,99998,30.23036667,-85.905638890,0,12,6,0,2,3,1,0,2,1,0,1,0,0000000,4,25,4,30,88,88,0,0,0,2,1
12,121655,2,2,0,3,73,2940,16,9,2010,5,0,12,0,13,2,US-319,,99998,30.48236667,-84.236866670,0,12,6,0,4,1,1,0,3,1,0,1,0,0000000,0,12,0,12,88,88,0,0,0,1,0
12,121656,3,3,0,6,57,0,26,9,2010,1,2,15,1,11,1,I-4,,99998,28.01978889,-82.258844440,0,12,2,0,1,1,1,0,3,1,0,1,0,0000000,2,16,2,37,99,99,0,0,0,2,0
12,121657,1,1,0,1,103,2730,27,9,2010,2,9,0,1,11,1,I-275,,99998,27.78540833,-82.661244440,0,24,0,0,1,1,3,0,1,1,0,1,0,0000000,8,57,9,3,99,99,0,0,0,1,0
12,121658,1,1,1,1,86,0,28,9,2010,3,3,35,1,12,3,SR-826,,99998,25.79296389,-80.321113890,0,8,0,0,1,1,1,0,3,10,0,10,0,0000000,3,38,3,49,88,88,0,0,0,1,0
12,121659,1,1,0,1,86,0,1,10,2010,6,15,26,1,12,3,SR-821,,99998,25.76229722,-80.385250000,0,24,0,0,1,1,3,0,1,1,0,1,0,0000000,15,27,15,33,88,88,0,0,0,1,0
12,121660,1,1,1,2,101,0,4,10,2010,2,17,25,0,6,4,SAINT JOE RD,,0,28.36507222,-82.229094440,0,9,0,0,1,1,1,0,1,1,0,1,0,0000000,17,26,17,32,99,99,0,0,0,1,0
12,121661,3,3,0,4,53,0,8,10,2010,6,13,40,1,13,3,SR-50,MARINER BLVD,99998,28.53370833,-82.511566670,0,12,6,0,2,2,1,0,1,1,0,1,0,0000000,13,42,13,48,88,88,0,0,0,1,0
12,121662,1,1,0,2,39,0,9,10,2010,7,13,12,1,1,1,I-10,,99998,30.60721944,-84.741452780,0,43,0,0,1,1,3,0,1,1,0,1,0,0000000,13,15,13,25,99,99,0,0,0,1,0
12,121663,1,1,0,3,5,0,9,10,2010,7,2,25,1,2,2,US-231,,99998,30.51831389,-85.409027780,0,1,0,0,1,1,4,0,2,1,0,1,0,0000000,2,32,2,48,99,99,0,0,0,1,1
12,121664,1,1,0,1,53,0,9,10,2010,7,19,49,0,2,3,SR-50,,99998,28.50767778,-82.134511110,0,42,0,0,1,1,4,0,2,1,0,1,0,0000000,19,47,19,50,99,99,0,0,0,1,0
12,121665,3,3,0,5,63,0,10,10,2010,1,19,28,1,2,2,US-231,,99998,30.58412500,-85.394438890,0,1,0,0,1,1,3,0,2,1,0,1,0,0000000,99,99,99,99,99,99,0,0,0,1,2
12,121666,3,3,0,7,95,0,11,10,2010,2,11,35,0,13,3,SR-426,,99998,28.60309722,-81.313525000,0,42,0,0,1,1,3,0,1,1,0,1,0,0000000,11,38,11,44,99,99,0,0,0,2,0
12,121667,1,1,0,2,81,0,11,10,2010,2,22,25,0,6,4,WAUCHULA RD,,0,27.42904167,-82.133102780,0,38,0,0,1,1,4,0,2,1,0,1,0,0000000,22,29,22,39,99,99,0,0,0,1,1
12,121668,1,1,1,3,33,0,12,10,2010,3,19,0,0,3,2,US-90,,99998,30.53576944,-87.384955560,0,8,0,0,1,1,1,0,2,10,0,10,0,0000000,99,99,99,99,99,99,0,0,0,1,0
12,121669,2,2,0,2,5,0,13,10,2010,4,16,0,1,13,2,US-98,KELLY ST,99998,30.26186944,-85.957947220,0,12,6,0,3,3,1,0,1,1,0,1,0,0000000,16,5,16,14,99,99,0,0,0,1,0
12,121670,1,1,0,1,21,0,13,10,2010,4,5,32,0,6,4,CR-896,FOREST LAKES BLVD,0,26.21140278,-81.780458330,0,46,0,0,2,2,4,0,3,2,0,2,0,0000000,5,33,5,36,88,88,0,0,0,1,0
12,121671,1,1,0,1,49,0,14,10,2010,5,17,51,0,6,4,CREWSVILLE ROAD,,0,27.41148611,-81.592561110,0,30,0,0,1,1,4,0,1,1,0,1,0,0000000,17,57,18,17,88,88,0,0,0,1,1
12,121672,1,1,0,2,17,0,16,10,2010,7,19,55,0,6,4,CARDINAL STREET WEST,,0,28.76404722,-82.500769440,0,1,0,0,1,1,1,0,2,1,0,1,0,0000000,19,55,20,4,99,99,0,0,0,1,0
12,121673,1,1,0,1,9,3000,23,7,2010,6,13,4,0,13,2,US-1,PALMETTO STREET,99998,28.60918333,-80.807586110,0,33,0,0,3,3,4,1,1,1,0,1,0,0000000,99,99,99,99,99,99,0,0,0,1,0
12,121674,3,3,0,3,103,2730,1,8,2010,1,11,22,0,13,2,US-19,22ND AVENUE SOUTH,99998,27.74836389,-82.679383330,0,1,0,0,2,2,1,0,1,1,0,1,0,0000000,11,22,11,26,99,99,0,0,0,1,0
12,121675,2,2,0,6,103,2730,1,8,2010,1,0,46,0,16,6,22ND AVENUE NORTH,DR MARTIN LUTHER KIN,0,27.79207500,-82.646755560,0,12,6,0,2,2,1,0,3,1,0,1,0,0000000,0,46,0,47,99,99,0,0,0,4,1
12,121676,1,1,0,1,31,1510,5,8,2010,5,18,24,0,16,6,OLD PLANK ROAD,,0,30.33295278,-81.834680560,0,1,0,0,1,1,1,0,1,1,0,1,0,0000000,99,99,99,99,99,99,0,0,0,1,0
12,121677,3,3,0,3,81,340,31,8,2010,3,5,42,0,14,3,SR-64,46TH ST W,99998,27.49577500,-82.606983330,0,12,6,0,2,2,1,0,3,1,0,1,0,0000000,5,43,5,47,88,88,0,0,0,1,1
12,121678,1,1,1,1,69,1240,19,9,2010,1,19,13,0,16,6,JIM PAYNE RD,SEA EAGLE AVE,0,28.56897500,-81.854080560,0,8,0,0,2,2,1,0,5,1,0,1,0,0000000,99,99,99,99,99,99,0,0,0,1,1
12,121679,1,1,0,1,105,0,26,7,2010,2,16,53,1,2,3,SR-60,,99998,27.91646389,-81.729375000,0,34,0,0,1,1,4,0,1,1,0,1,0,0000000,16,53,16,53,88,88,0,0,0,1,0
12,121680,1,1,1,1,105,0,19,8,2010,5,16,57,0,13,2,US-17,SR-659,99998,28.04796944,-81.908011110,0,15,0,0,3,2,1,0,1,1,0,1,0,0000000,16,57,17,2,99,99,0,0,0,1,0
12,121681,2,2,0,7,105,0,20,8,2010,6,18,55,0,14,3,SR-655,,99998,28.02888889,-81.778911110,0,12,6,0,1,1,1,0,1,10,0,10,0,0000000,99,99,99,99,99,99,0,0,0,1,0
12,121682,2,2,0,2,105,0,30,8,2010,2,19,59,0,3,3,SR-33,DEEN STILL RD,99998,28.25850000,-81.824627780,0,12,6,0,2,2,1,0,5,1,0,1,0,0000000,21,48,22,1,88,88,0,0,0,1,0
12,121683,1,1,1,1,57,2950,13,9,2010,2,20,14,0,16,6,CR-587,,0,27.94558889,-82.524230560,0,8,0,0,1,1,1,0,3,10,0,10,0,0000000,99,99,99,99,99,99,0,0,0,1,0
12,121684,2,2,0,3,103,0,2,10,2010,7,21,31,1,13,2,US-19 NORTH,BILGORE GROVE BLVD,99998,28.05954167,-82.738775000,0,12,6,0,2,3,1,0,3,1,0,1,0,0000000,21,32,21,35,99,99,0,0,0,1,0
12,121685,1,1,0,4,105,0,2,10,2010,7,3,12,0,6,4,CR-542,,0,28.03015278,-82.015369440,0,59,0,0,1,1,4,0,2,1,0,1,0,0000000,3,14,3,27,99,99,0,0,0,1,1
12,121686,2,2,0,2,11,790,8,10,2010,6,12,5,1,11,1,I-95,,99998,26.28954444,-80.123750000,0,1,0,0,1,1,4,0,1,1,0,1,0,0000000,99,99,99,99,99,99,21,14,0,1,0
12,121687,1,1,0,6,99,1560,11,10,2010,2,6,35,1,11,1,I-95,,99998,26.93025833,-80.149297220,0,25,0,0,1,1,3,4,4,1,0,1,0,0000000,6,39,6,41,99,99,0,0,0,1,0
12,121688,1,1,0,3,11,1050,12,10,2010,3,18,48,1,11,1,I-595,,99998,26.08173333,-80.164630560,0,39,0,0,1,1,3,0,2,1,0,1,0,0000000,18,48,18,50,99,99,0,0,0,1,0
12,121689,1,1,2,1,101,0,13,10,2010,4,8,15,0,6,4,NIGHT HERON DR,AMBLESIDE DR,0,28.26322778,-82.454766670,0,8,0,0,3,3,1,0,1,1,0,1,0,0000000,8,15,8,27,99,99,0,0,0,1,0
12,121690,1,1,0,1,53,0,14,10,2010,5,8,49,1,13,2,US-19,GRIZZLY BEAR LN,99998,28.56029444,-82.560819440,0,42,0,0,2,3,4,0,1,1,0,1,0,0000000,8,50,8,56,88,88,0,0,0,1,0
12,121691,2,2,0,3,31,1510,9,10,2010,7,15,25,0,13,3,SR-21,DORMINY AVENUE,99998,30.25206111,-81.743055560,0,1,0,0,2,3,1,0,1,1,0,1,0,0000000,15,27,15,30,88,88,0,0,0,1,0
12,121692,1,1,0,1,123,0,19,10,2010,3,7,5,1,2,2,US-27,,99998,30.23699167,-83.688075000,0,42,0,0,1,1,4,0,4,1,0,1,0,0000000,7,11,7,33,99,99,0,0,0,1,0
12,121693,2,2,0,2,111,2601,3,4,2010,7,22,53,0,14,6,FLORESTA DRIVE SE,WEST VIRGINIA DRIVE,99998,27.30314167,-80.327938890,0,12,6,0,2,2,1,0,3,1,0,1,0,0000000,22,53,23,1,88,88,0,0,0,1,0
12,121694,2,2,0,2,99,0,8,10,2010,6,10,19,0,6,4,SEMINOLE PRATT ROAD,SYCAMORE DRIVE,0,26.73880833,-80.307955560,0,12,1,0,3,3,1,0,1,1,0,1,0,0000000,10,20,10,24,99,99,0,0,0,1,1
12,121695,2,2,0,2,86,1340,24,9,2010,6,19,41,0,14,3,SR-934,NW 79TH STREET,99998,25.84545556,-80.257777780,0,12,2,0,2,2,1,0,3,2,0,2,0,0000000,19,41,19,47,99,99,0,0,0,1,0
12,121696,1,1,0,1,95,2360,4,10,2010,2,2,45,1,11,1,I-4,,99998,28.53550278,-81.383222220,0,1,0,0,1,1,4,0,3,1,0,1,0,0000000,2,46,2,53,88,88,0,0,0,1,1
12,121697,2,2,1,2,11,771,13,10,2010,4,9,3,0,14,3,SR-84,,99998,26.08480278,-80.187005560,0,12,7,0,1,1,1,0,1,10,0,10,0,0000000,9,3,9,8,99,99,0,0,0,1,0
12,121698,1,1,0,3,86,2230,3,10,2010,1,1,40,1,11,1,I-95,,99998,25.95426667,-80.176875000,0,43,0,0,1,1,4,0,3,1,0,1,0,0000000,1,46,1,49,99,99,0,0,0,2,0
12,121699,2,2,0,3,127,0,18,10,2010,2,20,5,1,11,1,I-95,,99998,29.22671389,-81.105608330,0,12,1,0,1,1,1,0,2,1,0,1,0,0000000,20,8,20,14,99,99,0,0,0,1,1
12,121700,2,2,0,4,15,0,16,10,2010,7,20,37,0,6,4,CR-765,,0,26.88005000,-82.023516670,0,12,2,0,1,1,1,0,2,1,0,1,0,0000000,99,99,99,99,99,99,0,0,0,1,0
12,121701,3,3,0,4,111,1080,7,8,2010,7,20,39,0,13,2,US-1 SOUTH,CR-712,99998,27.37421944,-80.326000000,0,12,1,0,2,2,1,0,3,2,0,2,0,0000000,20,39,20,43,99,99,0,0,0,1,0
12,121702,1,1,0,5,111,2601,5,7,2010,2,1,19,0,16,6,SE PORT ST LUCIE BLV,,0,27.27195556,-80.330422220,0,30,0,0,1,1,4,0,3,2,0,2,0,0000000,1,20,1,27,99,99,0,0,0,1,0
12,121703,3,3,0,6,105,1690,8,9,2010,4,12,12,0,14,3,SR-37,PKWY FRONTAGE RD N,99998,27.99665833,-81.957144440,0,12,6,0,2,2,1,0,1,1,0,1,0,0000000,12,23,12,27,99,99,0,0,0,2,0
12,121704,2,2,0,2,99,330,19,9,2010,1,18,0,0,13,3,SR-804,,99998,26.52807222,-80.083366670,0,12,2,0,1,1,1,0,1,10,0,10,0,0000000,18,0,18,3,88,88,0,0,0,1,0
12,121706,1,1,1,1,86,2020,3,9,2010,6,9,4,0,13,3,SR-A1A,,99998,25.78048333,-80.131755560,0,8,0,0,1,1,1,0,1,10,0,10,0,0000000,9,5,9,7,88,88,0,0,0,1,0
12,121707,1,1,0,1,86,0,3,9,2010,6,4,15,0,6,4,SW 197TH AVE,,0,25.55030278,-80.513777780,0,30,0,0,1,1,4,0,1,1,0,1,0,0000000,9,45,11,15,88,88,0,0,0,1,1
12,121708,1,1,0,1,53,0,12,10,2010,3,6,45,0,6,4,CR-581,,0,28.44617500,-82.370766670,0,11,0,0,1,1,1,0,4,1,0,1,0,0000000,6,50,7,3,88,88,0,0,0,1,0
12,121709,1,1,0,1,86,0,10,9,2010,6,22,6,0,6,4,SW 152ND ST,,0,25.62687222,-80.395486110,0,30,0,0,1,1,4,0,3,1,0,1,0,0000000,22,6,22,10,99,99,20,0,0,1,0
12,121710,1,1,1,2,86,0,16,9,2010,5,16,5,0,6,4,173RD STREET,,0,25.60651389,-80.431680560,0,42,0,0,1,1,4,0,1,10,0,10,0,0000000,16,6,16,11,88,88,0,0,0,1,0
12,121711,2,2,0,2,73,0,16,9,2010,5,7,40,0,13,2,US-319,,99998,30.37598611,-84.278997220,0,12,1,0,1,1,1,0,1,1,0,1,0,0000000,99,99,99,99,99,99,0,0,0,1,0
12,121712,1,1,0,2,86,0,18,9,2010,7,22,13,0,6,4,123RD COURT,,0,25.68276111,-80.395755560,0,42,0,0,1,1,3,0,3,1,0,1,0,0000000,22,15,22,23,99,99,0,0,0,1,0
12,121713,3,3,1,5,86,0,29,9,2010,4,6,10,0,14,3,SR-944,,99998,25.82410556,-80.235338890,0,8,0,0,1,1,1,0,2,2,0,2,0,0000000,99,99,99,99,99,99,0,0,0,1,0
12,121714,2,2,0,2,119,0,19,10,2010,3,16,42,0,16,4,CR-476,,0,28.64420278,-82.255780560,0,12,2,0,4,1,1,0,1,1,0,1,0,0000000,16,44,16,56,99,99,0,0,0,1,0
12,121715,1,1,1,1,21,1926,22,7,2010,5,13,5,0,16,6,KENDALL DRIVE,RICHARDS COURT,0,25.95572222,-81.741780560,0,8,0,0,2,3,1,0,1,1,0,1,0,0000000,13,5,13,15,99,99,0,0,0,1,0
12,121716,1,1,1,1,86,0,10,9,2010,6,13,20,0,13,2,US-41,,99998,25.76110278,-80.352372220,0,8,0,0,8,1,1,0,1,10,0,10,0,0000000,99,99,99,99,99,99,0,0,0,1,0
12,121717,2,2,0,2,11,1420,15,9,2010,4,15,40,0,13,2,US-441,,99998,26.00580556,-80.207480560,0,12,2,0,1,1,1,0,1,1,0,1,0,0000000,99,99,99,99,99,99,0,0,0,1,0
12,121718,1,1,0,1,31,1510,27,9,2010,2,3,5,0,16,6,MONCRIEF ROAD,,0,30.35999444,-81.676044440,0,30,0,0,1,1,4,0,3,10,0,10,0,0000000,3,11,3,11,88,88,0,0,0,1,1
12,121719,2,2,0,2,103,2730,28,9,2010,3,0,15,0,16,6,21ST AVENUE,8TH STREET,0,27.74938056,-82.644530560,0,12,6,0,2,2,1,0,3,1,0,1,0,0000000,99,99,99,99,99,99,0,0,0,1,0
12,121720,1,1,1,1,11,760,1,9,2010,4,21,20,0,13,3,SR-818,,99998,26.06225556,-80.185141670,0,8,0,0,8,1,1,0,3,1,0,1,0,0000000,21,23,21,26,21,42,0,0,0,1,0
12,121721,2,2,0,2,99,0,4,9,2010,7,14,2,9,99,9,1489 N MILITARY TR,,99998,26.69884444,-80.111305560,0,12,2,0,4,1,1,0,1,10,0,10,0,0000000,16,2,16,8,99,99,0,0,0,1,0
12,121722,1,1,0,4,109,0,4,9,2010,7,17,18,0,6,4,MYRTEL STREET,,0,29.94674722,-81.307322220,0,5,0,0,1,1,1,0,1,1,0,1,0,0000000,99,99,99,99,99,99,0,0,0,1,0
12,121723,1,1,0,2,21,2150,5,9,2010,1,8,23,0,16,6,CR-851,,0,26.14973056,-81.790805560,0,30,0,0,1,1,4,0,1,1,0,1,0,0000000,99,99,8,28,99,99,0,0,0,2,0