STATE,ST_CASE,VE_TOTAL,VE_FORMS,PEDS,PERSONS,COUNTY,CITY,DAY,MONTH,YEAR,DAY_WEEK,HOUR,MINUTE,NHS,ROAD_FNC,ROUTE,TWAY_ID,TWAY_ID2,MILEPT,LATITUDE,LONGITUD,SP_JUR,HARM_EV,MAN_COLL,RELJCT1,RELJCT2,TYP_INT,REL_ROAD,WRK_ZONE,LGT_COND,WEATHER1,WEATHER2,WEATHER,SCH_BUS,RAIL,NOT_HOUR,NOT_MIN,ARR_HOUR,ARR_MIN,HOSP_HR,HOSP_MN,CF1,CF2,CF3,FATALS,DRUNK_DR
12,121725,2,2,0,2,86,2441,6,9,2010,2,19,48,1,13,2,US-1,SW-175 STREET,99998,25.60698889,-80.348241670,0,12,6,0,2,3,1,0,1,2,0,2,0,0000000,99,99,99,99,99,99,0,0,0,1,0
12,121726,2,2,0,3,95,0,9,10,2010,7,13,10,0,6,4,WORLD CENTER DRIVE,CONTINENTAL GATEWAY,0,28.35814444,-81.507711110,0,12,6,0,2,3,1,0,1,1,0,1,0,0000000,13,10,13,16,99,99,0,0,0,1,0
12,121727,1,1,1,2,1,1130,11,9,2010,7,22,40,0,16,6,SW 20TH AVE,,0,29.63424722,-82.372952780,0,8,0,0,1,1,1,0,2,1,0,1,0,0000000,99,99,99,99,99,99,0,0,0,1,0
12,121728,2,2,0,3,103,570,20,9,2010,2,4,45,0,14,3,SR-590,,99998,27.98266389,-82.715430560,0,12,6,0,8,1,1,0,3,1,0,1,0,0000000,4,48,4,55,99,99,0,0,0,1,1
12,121729,1,1,0,1,11,2916,30,9,2010,5,3,50,0,14,3,SR-84,,99998,26.11885556,-80.347308330,0,21,0,1,5,1,4,0,2,2,0,2,0,0000000,3,51,4,4,88,88,0,0,0,1,0
12,121730,2,2,0,2,123,0,7,10,2010,5,14,40,1,2,2,US-19,,99998,30.17163889,-83.631127780,0,12,6,0,4,1,1,0,1,1,0,1,0,0000000,99,99,99,99,99,99,0,0,0,1,0
12,121731,2,2,0,2,103,2730,3,9,2010,6,21,54,0,16,6,5TH AVE S,31ST ST S,0,27.76648056,-82.675344440,0,12,6,0,2,2,1,4,3,1,0,1,0,0000000,21,54,21,55,88,88,20,0,0,1,1
12,121732,1,1,0,1,73,2940,13,10,2010,4,3,30,1,11,1,I-10,,99998,30.47839722,-84.345505560,0,24,0,0,1,1,4,0,3,1,0,1,0,0000000,3,31,3,38,99,99,0,0,0,1,1
12,121733,2,2,0,2,83,0,14,10,2010,5,17,30,0,6,4,CR-475,SE 95TH STREET,0,29.08482500,-82.136269440,0,12,6,0,2,2,1,0,1,1,0,1,0,0000000,99,99,99,99,99,99,0,0,0,1,0
12,121734,2,2,0,3,57,0,14,10,2010,5,15,0,1,11,1,I-75,,99998,27.94675556,-82.328891670,0,12,6,0,1,1,1,0,1,1,0,1,0,0000000,15,1,15,8,99,99,0,0,0,1,0
12,121735,2,2,1,5,99,1750,16,10,2010,7,6,30,1,11,1,I-95,,99998,26.61907778,-80.068330560,0,8,0,0,1,1,1,0,3,1,0,1,0,0000000,6,35,6,42,88,88,0,0,0,1,0
12,121736,1,1,1,1,95,0,19,10,2010,3,20,32,0,14,3,SR-438,MERCY DRIVE,99998,28.57166944,-81.430747220,0,8,0,0,3,7,1,0,3,1,0,1,0,0000000,20,35,20,39,99,99,0,0,0,1,0
12,121737,3,3,1,6,9,2005,20,10,2010,4,20,6,1,12,3,SR-528,,99998,28.40500556,-80.656041670,0,12,1,0,1,1,1,0,2,10,0,10,0,0000000,20,3,20,6,99,99,0,0,0,1,0
12,121738,1,1,0,1,86,0,15,9,2010,4,19,36,0,6,4,NW 136TH PLACE,NW 136TH PLACE,0,25.77870278,-80.416408330,0,43,0,0,3,3,4,0,3,2,0,2,0,0000000,19,36,19,43,99,99,0,0,0,1,0
12,121739,5,1,0,1,86,2010,24,10,2010,1,4,12,1,13,2,US-1,,99998,25.73144444,-80.255427780,0,38,0,0,1,1,4,0,3,10,0,10,0,0000000,4,19,4,23,88,88,0,0,0,1,0
12,121740,1,1,0,1,111,2601,9,2,2010,3,19,0,0,15,6,WEST MORELAND BLVD,,99998,27.25566944,-80.298063890,0,1,0,0,1,1,1,1,3,2,0,2,0,0000000,19,2,19,12,99,99,0,0,0,1,0
12,121741,1,1,1,2,71,457,23,9,2010,5,0,52,0,16,6,SE 45TH STREET,,0,26.56858333,-81.966602780,0,8,0,0,4,1,1,0,2,1,0,1,0,0000000,0,52,1,3,88,88,0,0,0,1,0
12,121742,1,1,0,1,11,1050,17,10,2010,1,10,30,1,11,1,I-95,,99998,26.12918333,-80.169241670,0,24,0,0,1,1,3,0,1,1,0,1,0,0000000,10,29,10,32,99,99,0,0,0,1,0
12,121743,1,1,0,1,131,0,17,10,2010,1,20,0,1,13,2,US-98,S GERONIMO STREET,99998,30.37516944,-86.359758330,0,33,0,0,2,3,3,0,2,1,0,1,0,0000000,20,1,20,4,88,88,0,0,0,1,1
12,121744,1,1,0,2,13,0,19,10,2010,3,13,55,0,3,3,SR-71,SR-73,99998,30.23508056,-85.208136110,0,34,0,0,3,3,4,0,1,10,0,10,0,0000000,13,58,14,14,99,99,0,0,0,1,1
12,121745,2,2,0,2,49,0,19,10,2010,3,12,0,1,2,2,US-17,,99998,27.45364722,-81.797194440,0,12,6,0,1,1,1,0,1,1,0,1,0,0000000,12,2,12,12,88,88,0,0,0,1,1
12,121746,1,1,0,1,1,0,20,10,2010,4,20,57,0,6,4,CR-241,,0,29.63088333,-82.523761110,0,11,0,0,1,1,1,0,2,1,0,1,0,0000000,21,2,21,10,99,99,0,0,0,1,0
12,121747,2,2,0,6,71,0,2,10,2010,7,22,11,0,3,3,SR-82,SUNSHINE BLVD,99998,26.56637222,-81.678338890,0,12,6,0,2,3,1,0,2,1,0,1,0,0000000,22,15,22,22,99,99,0,0,0,1,1
12,121748,2,2,0,5,93,0,13,10,2010,4,20,24,0,2,2,US-441,,99998,27.61088056,-80.854761110,0,12,6,0,1,1,1,0,2,1,0,1,0,0000000,20,24,20,44,99,99,0,0,0,2,0
12,121749,1,1,0,1,95,0,14,10,2010,5,6,29,0,2,3,SR-520,,99998,28.50710556,-81.055786110,0,38,0,0,1,1,4,0,2,10,0,10,0,0000000,6,28,6,37,88,88,0,0,0,1,0
12,121750,3,1,1,2,86,0,1,10,2010,6,7,52,0,6,4,SW 9TH STREET,,0,25.76355278,-80.265750000,0,8,0,0,1,1,4,0,1,1,0,1,0,0000000,7,52,7,58,99,99,0,0,0,1,1
12,121751,1,1,0,1,95,2290,2,10,2010,7,15,29,0,16,6,CLARCONA OCOEE ROAD,,0,28.60917778,-81.516086110,0,24,0,0,1,1,4,4,1,1,0,1,0,0000000,15,28,15,29,99,99,20,0,0,1,1
12,121752,1,1,0,1,57,2950,3,10,2010,1,15,22,0,16,6,W IDLEWILD AVE,,0,28.00133333,-82.483238890,0,1,0,0,1,1,1,0,1,1,0,1,0,0000000,99,99,99,99,99,99,0,0,0,1,0
12,121753,1,1,1,1,57,0,8,10,2010,6,22,50,0,6,4,COLLEGE AVENUE,,0,27.71324167,-82.436847220,0,8,0,0,1,1,1,0,2,1,0,1,0,0000000,23,7,23,13,88,88,0,0,0,1,0
12,121754,3,3,0,4,57,0,11,10,2010,2,7,59,0,6,4,HIGHWAY 579,PRUETT ROAD,0,28.02154444,-82.302516670,0,12,6,0,2,2,1,0,1,1,0,1,0,0000000,8,1,8,6,88,88,0,0,0,1,0
12,121755,2,2,0,2,57,0,12,10,2010,3,1,36,0,13,2,US-301,RHODINE RD,99998,27.82205833,-82.331005560,0,12,1,0,3,3,1,2,2,1,0,1,0,0000000,1,36,1,44,88,88,0,0,0,1,1
12,121757,2,2,0,4,99,0,10,10,2010,1,1,55,0,13,4,NORTHLAKE BLVD,,99998,26.81183056,-80.258338890,0,12,1,0,1,1,1,0,2,1,0,1,0,0000000,1,57,2,6,99,99,0,0,0,1,1
12,121758,1,1,0,5,86,2220,11,10,2010,2,16,15,0,16,6,127TH STREET,,0,25.89179444,-80.193394440,0,42,0,0,1,1,4,0,1,1,0,1,0,0000000,16,19,16,29,99,99,0,0,0,1,0
12,121759,2,2,0,6,105,0,28,9,2010,3,7,55,0,6,4,CR-640,,0,27.85080278,-82.021158330,0,12,2,0,1,1,1,0,1,1,0,1,0,0000000,8,1,8,12,99,99,0,0,0,1,0
12,121760,2,2,0,3,105,1670,11,10,2010,2,13,30,0,16,6,CR-542,,0,28.04064444,-81.611913890,0,12,2,0,1,1,1,0,1,1,0,1,0,0000000,13,37,13,44,99,99,0,0,0,1,1
12,121761,1,1,1,1,11,2916,16,10,2010,7,3,18,0,12,6,W OAKLAND PARK BLVD,,99998,26.16869167,-80.309783330,0,8,0,0,1,1,1,0,2,1,0,1,0,0000000,3,18,3,23,88,88,0,0,0,1,0
12,121763,1,1,0,2,81,0,20,10,2010,4,20,52,1,11,1,I-75,,99998,27.50686389,-82.491275000,0,1,0,0,1,1,1,0,2,1,0,1,0,0000000,20,54,21,1,99,99,0,0,0,1,0
12,121764,1,1,1,1,86,0,7,9,2010,3,3,17,0,13,3,SR-9,,99998,25.78259444,-80.239513890,0,8,0,0,1,1,1,0,3,2,0,2,0,0000000,99,99,99,99,99,99,0,0,0,1,0
12,121765,1,1,0,8,1,1130,16,10,2010,7,0,53,1,13,3,SR-331,SW 29TH DRIVE,99998,29.60781111,-82.365222220,0,42,0,0,3,2,5,0,3,1,0,1,0,0000000,0,55,1,4,99,99,0,0,0,1,1
12,121766,1,1,1,1,49,320,16,4,2010,6,20,57,1,13,2,US-17,,99998,27.63113889,-81.824991670,0,8,0,0,1,1,1,0,2,1,0,1,0,0000000,20,57,21,5,88,88,0,0,0,1,0
12,121767,2,2,0,2,83,0,4,1,2010,2,16,33,0,13,3,SR-40,SR-35,99998,29.21546667,-82.059630560,0,12,6,0,3,3,1,0,1,1,0,1,0,0000000,99,99,99,99,99,99,0,0,0,1,0
12,121769,5,5,0,11,57,2950,26,9,2010,1,10,18,0,16,6,N HINES AVENUE,W SPRUCE STREET,0,27.95945833,-82.501422220,0,12,6,0,2,3,1,0,1,1,0,1,0,0000000,10,18,10,21,99,99,0,0,0,1,0
12,121770,2,2,0,17,11,1420,9,10,2010,7,7,15,0,13,2,US-1,,99998,26.02208889,-80.143261110,0,12,1,0,1,1,1,0,1,1,0,1,0,0000000,7,15,7,19,99,99,0,0,0,1,1
12,121771,4,4,0,5,101,0,13,10,2010,4,13,4,1,13,2,US-19,GULF TRAVE BLVD,99998,28.20177500,-82.739672220,0,12,1,0,3,3,1,0,1,1,0,1,0,0000000,13,6,13,10,99,99,0,0,0,1,0
12,121772,1,1,0,2,35,0,15,10,2010,6,14,33,0,6,4,OLD DIXIE HWY,,0,29.40371667,-81.157302780,0,1,0,0,1,1,1,0,1,1,0,1,0,0000000,99,99,99,99,99,99,0,0,0,1,0
12,121773,1,1,1,2,86,0,18,10,2010,2,5,44,1,13,2,US-1,SW 224TH ST,99998,25.55890833,-80.389111110,0,8,0,0,2,2,1,0,3,1,0,1,0,0000000,99,99,5,45,88,88,0,0,0,1,0
12,121774,1,1,0,2,89,430,19,10,2010,3,16,10,1,2,2,US-301,,99998,30.54458889,-81.848697220,0,42,0,0,1,1,4,0,1,1,0,1,0,0000000,16,12,16,25,99,99,0,0,0,1,0
12,121776,2,2,0,2,83,0,23,10,2010,7,12,45,0,6,4,CR-200A,NE 77TH STREET,0,29.26666667,-82.111866670,0,12,6,0,2,3,1,0,1,1,0,1,0,0000000,12,46,12,49,99,99,0,0,0,1,1
12,121777,1,1,0,1,95,0,24,10,2010,1,2,52,0,6,4,LAKE UNDERHILL ROAD,,0,28.54393056,-81.196827780,0,33,0,0,1,1,4,0,3,1,0,1,0,0000000,2,53,2,55,99,99,0,0,0,1,1
12,121778,3,3,0,4,21,0,24,10,2010,1,14,0,0,6,4,CR-951,,0,26.18222778,-81.687102780,0,12,1,0,1,1,1,0,1,10,0,10,0,0000000,14,3,14,11,99,99,0,0,0,1,1
12,121779,1,1,0,2,83,0,24,10,2010,1,1,38,0,6,4,CR-314A,,0,29.24083333,-81.875161110,0,42,0,0,1,1,4,0,2,1,0,1,0,0000000,1,37,1,47,99,99,0,0,0,1,0
12,121780,1,1,1,1,113,0,25,10,2010,2,20,17,1,13,2,US-98,,99998,30.40030556,-86.996105560,0,8,0,0,1,1,1,1,3,1,0,1,0,0000000,20,18,20,19,88,88,0,0,0,1,1
12,121781,5,5,0,8,101,0,26,10,2010,3,16,58,0,6,4,CR-1,,0,28.27375556,-82.674333330,0,12,1,0,1,1,1,0,1,10,0,10,0,0000000,17,0,17,5,99,99,0,0,0,2,0
12,121782,1,1,0,1,49,0,27,10,2010,4,0,30,0,2,3,SR-64,,99998,27.48556667,-82.013855560,0,35,0,0,1,1,4,0,2,1,0,1,0,0000000,7,30,7,47,88,88,0,0,0,1,0
12,121783,1,1,0,1,103,0,4,10,2010,2,23,6,1,11,1,I-275,,99998,27.79627222,-82.661519440,0,24,0,0,1,1,4,0,3,1,0,1,0,0000000,23,7,23,10,88,88,0,0,0,1,0
12,121785,1,1,0,1,99,2674,4,10,2010,2,7,30,0,15,6,ROYAL PALM BEACH BLV,,99998,26.72188611,-80.227311110,0,1,0,0,1,1,4,0,1,1,0,1,0,0000000,7,29,7,34,99,99,0,0,0,1,0
12,121786,2,2,0,2,127,825,8,10,2010,6,16,30,0,6,4,HAULOVER BOULEVARD,BLACKBURN AVENUE,0,28.94693333,-81.202675000,0,12,6,0,2,2,1,0,1,1,0,1,0,0000000,16,31,16,37,88,88,0,0,0,1,0
12,121787,1,1,1,1,95,0,25,10,2010,2,20,34,0,14,3,SR-438,,99998,28.57749722,-81.476697220,0,8,0,0,8,1,1,0,3,1,0,1,0,0000000,20,34,20,37,99,99,0,0,0,1,0
12,121788,2,2,0,3,101,0,28,10,2010,5,10,48,1,13,2,US-41,,99998,28.18970000,-82.466319440,0,12,6,0,1,1,1,0,1,10,0,10,0,0000000,10,48,10,53,88,88,0,0,0,1,0
12,121789,2,2,0,3,31,1510,8,10,2010,6,9,14,0,13,2,US-90,DESALVO ROAD,99998,30.28691944,-81.534461110,0,12,6,0,2,2,1,0,1,1,0,1,0,0000000,9,14,9,20,99,99,0,0,0,1,1
12,121790,1,1,0,1,86,0,17,8,2010,3,0,38,1,12,3,SR-874,,99998,25.72355556,-80.318594440,0,25,0,0,1,1,4,1,3,2,0,2,0,0000000,0,38,0,49,88,88,0,0,0,1,1
12,121791,2,2,0,3,9,3000,3,9,2010,6,13,0,0,13,3,SR-406,NORTH BROWN AVENUE,99998,28.61536111,-80.816033330,0,12,6,0,2,2,1,0,1,1,0,1,0,0000000,13,0,13,3,99,99,0,0,0,1,0
12,121792,2,2,0,2,127,780,10,9,2010,6,20,49,0,13,3,SR-A1A,AUDITORIUM BLVD,99998,29.22832778,-81.008875000,0,12,1,0,2,2,1,0,3,1,0,1,0,0000000,99,99,99,99,99,99,0,0,0,1,0
12,121793,1,1,0,1,105,0,18,9,2010,7,14,20,0,6,4,EAGLE LAKE LOOP RD,HONEY BELL RD,0,27.96952778,-81.733972220,0,43,0,0,2,3,4,0,1,1,0,1,0,0000000,14,24,14,29,99,99,0,0,0,1,0
12,121794,1,1,0,1,21,0,2,11,2010,3,21,4,0,6,4,SANDPIPER DRIVE,FIDDLERS CREEK PKWY,0,26.03160000,-81.673947220,0,33,0,0,3,3,4,0,3,1,0,1,0,0000000,21,5,21,17,88,88,0,0,0,1,0
12,121795,2,2,0,7,95,2360,2,10,2010,7,1,12,0,13,3,SR-436,,99998,28.50560833,-81.310350000,0,12,1,0,1,1,1,0,3,1,0,1,0,0000000,1,13,1,18,99,99,0,0,0,1,1
12,121796,2,2,0,2,127,2375,7,10,2010,5,2,54,0,13,3,SR-5A,FERNERY TRAIL,99998,29.27096667,-81.081194440,0,12,6,0,2,2,1,0,3,1,0,1,0,0000000,2,54,2,59,88,88,0,0,0,1,1
12,121797,1,1,1,1,31,1510,10,9,2010,6,6,0,0,14,3,SR-116,,99998,30.39493889,-81.435855560,0,9,0,0,1,1,1,0,3,1,0,1,0,0000000,99,99,99,99,99,99,0,0,0,1,0
12,121798,1,1,0,2,69,580,10,10,2010,1,1,53,0,16,6,LAKESHORE DRIVE,RAMIE ROAD,0,28.54342222,-81.748744440,0,59,0,0,2,3,4,0,3,1,0,1,0,0000000,1,53,2,3,99,99,0,0,0,1,1
12,121799,1,1,1,1,115,2780,27,8,2010,6,16,19,0,13,2,US-41,,99998,27.37074722,-82.552911110,0,8,0,0,8,1,1,0,1,1,0,1,0,0000000,16,18,16,23,99,99,0,0,0,1,0
12,121800,1,1,1,1,86,0,12,10,2010,3,19,49,0,14,2,US-441,,99998,25.87457778,-80.210150000,0,8,0,0,1,1,1,0,3,10,0,10,0,0000000,19,49,19,58,88,88,0,0,0,1,0
12,121801,1,1,1,1,31,1510,15,10,2010,6,16,48,0,13,2,US-1,,99998,30.35472222,-81.653863890,0,9,0,0,1,1,1,0,1,1,0,1,1,0000000,16,51,16,55,88,88,0,0,0,1,0
12,121802,1,1,1,1,109,2690,16,10,2010,7,3,36,0,13,2,US-1,,99998,29.92525000,-81.325919440,0,8,0,0,1,1,1,0,3,1,0,1,0,0000000,3,36,3,44,88,88,0,0,0,1,0
12,121803,2,2,0,6,11,2468,17,10,2010,1,11,14,0,13,3,SR-820,SR-820,99998,26.00759444,-80.279819440,0,12,6,0,2,2,1,0,1,1,0,1,0,0000000,11,14,11,15,99,99,0,0,0,1,0
12,121804,3,3,0,7,97,0,22,10,2010,6,20,17,1,2,3,SR-60,,99998,27.79850278,-81.169825000,0,12,2,0,1,1,1,0,2,1,0,1,0,0000000,20,17,20,45,99,99,0,0,0,1,0
12,121805,2,2,0,2,57,0,23,10,2010,7,19,10,0,6,4,VALRICO RD,,0,27.96743056,-82.252841670,0,12,6,0,8,1,1,0,5,1,0,1,0,0000000,19,10,19,18,88,88,0,0,0,1,1
12,121806,2,2,0,3,85,1405,25,10,2010,2,12,46,0,13,2,US-1,SE POINCIANA LN,99998,27.10603889,-80.166636110,0,12,6,0,2,3,1,0,1,1,0,1,0,0000000,99,99,99,99,99,99,0,0,0,1,0
12,121807,1,1,0,1,53,0,25,10,2010,2,6,30,0,6,4,SUNSHINE GROVE ROAD,HEXAM ROAD,0,28.58467222,-82.500458330,0,59,0,0,3,4,4,0,2,1,0,1,0,0000000,8,24,99,99,88,88,0,0,0,1,0
12,121808,1,1,0,1,95,0,26,10,2010,3,18,0,0,2,3,SR-50,,99998,28.54351389,-80.940847220,0,1,0,0,1,1,1,0,2,1,0,1,0,0000000,18,2,18,11,88,88,0,0,0,1,1
12,121809,2,2,0,3,53,0,27,10,2010,4,5,53,0,6,4,COUNTY LINE ROAD,COBBLESTONE DRIVE,0,28.43395278,-82.602372220,0,12,6,0,2,3,1,0,3,1,0,1,0,0000000,5,53,6,1,99,99,0,0,0,1,0
12,121810,1,1,0,1,89,1010,28,10,2010,5,16,43,0,16,6,BUCCANEER TRAIL,,0,30.59681111,-81.459569440,0,42,0,0,1,1,4,0,1,1,0,1,0,0000000,16,43,16,46,99,99,0,0,0,1,0
12,121811,2,2,0,2,113,0,29,10,2010,6,21,28,0,14,2,US-90,,99998,30.59434722,-87.172475000,0,12,2,0,1,1,1,0,2,1,0,1,0,0000000,21,30,21,35,99,99,0,0,0,1,1
12,121812,2,2,0,4,95,0,29,10,2010,6,20,57,0,13,3,SR-436,HIBISCUS ROAD,99998,28.54809167,-81.310588890,0,12,6,0,2,3,1,0,3,1,0,1,0,0000000,20,57,20,57,99,99,0,0,0,1,1
12,121813,2,2,0,2,115,0,30,10,2010,7,19,2,0,3,3,SR-72,,99998,27.24260278,-82.332119440,0,11,0,0,1,1,1,0,2,1,0,1,0,0000000,19,3,19,14,99,99,0,0,0,1,0
12,121814,1,1,1,2,127,0,30,10,2010,7,19,30,0,13,2,US-17,,99998,29.07654722,-81.311677780,0,8,0,0,1,1,1,0,2,1,0,1,0,0000000,19,39,19,41,88,88,0,0,0,1,0
12,121815,1,1,1,2,86,1440,3,10,2010,1,4,0,1,13,2,US-1,NE 8TH STREET,99998,25.47721111,-80.465030560,0,9,0,0,3,2,1,0,3,1,0,1,0,0000000,4,1,4,7,99,99,0,0,0,1,1
12,121816,2,2,0,3,86,1440,6,10,2010,4,18,11,0,16,6,SE 8TH ST,SE 28TH AVE,0,25.46263056,-80.436241670,0,12,6,0,2,2,1,0,1,1,0,1,0,0000000,18,13,18,18,99,99,0,0,0,1,1
12,121817,1,1,0,1,95,2360,26,10,2010,3,1,5,0,16,6,1719 W CENTRAL BLVD,,0,28.54280000,-81.403738890,0,42,0,0,1,1,4,0,3,1,0,1,0,0000000,1,5,1,11,99,99,0,0,0,1,1
12,121818,2,2,0,3,86,0,9,10,2010,7,0,20,0,6,4,SW 104TH ST,SW 156TH AVE,0,25.66966389,-80.448191670,0,12,6,0,2,2,1,0,3,1,0,1,0,0000000,0,20,0,24,88,88,0,0,0,1,0
12,121819,1,1,0,5,99,0,16,10,2010,7,22,28,0,6,4,C ROAD,COLLECTING CANAL RD,0,26.68865556,-80.282394440,0,30,0,0,3,1,4,0,2,1,0,1,0,0000000,22,39,22,40,88,88,0,0,0,1,1
12,121820,1,1,1,1,81,340,23,10,2010,7,21,28,0,13,3,SR-64E,CARLTON ARMS BLVD,99998,27.49846111,-82.515636110,0,8,0,0,2,3,1,0,2,1,0,1,0,0000000,99,99,99,99,88,88,0,0,0,1,0
12,121821,1,1,1,2,53,0,25,10,2010,2,21,37,1,13,2,US-19,,99998,28.49157222,-82.598847220,0,8,0,0,1,1,1,0,3,1,0,1,0,0000000,22,59,23,4,88,88,0,0,0,1,1
12,121822,1,1,0,1,57,0,29,10,2010,6,18,56,1,11,1,I-75,,99998,27.99400278,-82.326233330,0,38,0,0,1,1,4,0,5,1,0,1,0,0000000,19,8,19,16,99,99,0,0,0,1,0
12,121823,1,1,1,1,57,2950,29,10,2010,6,19,18,0,16,6,E BROADWAY AVE,N 57TH STREET,0,27.96437500,-82.391463890,0,8,0,0,3,2,1,0,3,1,0,1,0,0000000,19,21,19,23,99,99,0,0,0,1,0
12,121824,1,1,0,1,61,0,30,10,2010,7,14,22,1,2,3,SR-60,,99998,27.64749444,-80.778200000,0,32,0,0,1,1,4,0,1,1,0,1,0,0000000,99,99,99,99,99,99,0,0,0,1,0
12,121825,2,2,1,2,31,1510,31,10,2010,1,2,15,1,11,1,I-295,,99998,30.43202500,-81.728711110,0,12,1,0,1,1,1,0,2,10,0,10,0,0000000,2,20,2,27,99,99,19,0,0,1,0
12,121826,1,1,1,1,115,0,31,10,2010,1,1,40,1,1,1,I-75,,99998,27.10922500,-82.372980560,0,8,0,0,1,1,1,1,2,1,0,1,0,0000000,1,45,1,50,99,99,0,0,0,1,0
12,121827,4,4,0,4,101,0,1,11,2010,2,7,15,0,13,3,SR-54,,99998,28.19821389,-82.644733330,0,12,2,0,1,1,1,0,2,1,0,1,0,0000000,7,18,7,20,99,99,0,0,0,1,0
12,121828,1,1,1,1,57,0,1,11,2010,2,16,35,0,13,3,SR-582,,99998,28.05446389,-82.358955560,0,9,0,1,19,1,8,0,1,1,0,1,0,0000000,16,35,16,40,88,88,0,0,0,1,0
12,121829,1,1,0,1,9,2005,2,11,2010,3,0,38,0,16,6,CR-3,,0,28.33201389,-80.689794440,0,42,0,0,1,1,4,0,2,1,0,1,0,0000000,0,39,0,47,88,88,0,0,0,1,1
12,121830,1,1,0,2,31,1510,7,10,2010,5,1,48,0,16,6,SAN JUAN AVENUE,LANE AVENUE,0,30.28201111,-81.755188890,0,53,0,0,3,3,4,0,3,1,0,1,0,0000000,99,99,99,99,99,99,0,0,0,1,1
12,121831,2,2,0,2,103,2730,5,9,2010,1,2,33,0,13,2,US-19,34TH AVE N,99998,27.80285278,-82.679461110,0,12,6,0,2,2,1,0,3,1,0,1,0,0000000,2,34,2,35,99,99,0,0,0,1,2
12,121832,4,4,0,7,127,780,15,10,2010,6,21,58,0,16,6,GEORGE W ENGRAM BLVD,MLK BLVD,0,29.21559167,-81.032705560,0,12,6,0,2,2,1,0,3,1,0,1,0,0000000,21,58,22,4,99,99,0,0,0,1,1
12,121833,1,1,1,1,57,0,18,10,2010,2,22,15,0,6,4,PLANTATION BLVD,,0,28.04238333,-82.522613890,0,8,0,0,1,1,1,0,2,1,0,1,0,0000000,99,99,99,99,88,88,0,0,0,1,0
12,121834,1,1,1,1,105,1270,20,10,2010,4,6,45,0,16,6,HINSON AVENUE,,0,28.10676111,-81.597047220,0,8,0,0,1,1,1,0,2,1,0,1,0,0000000,7,59,8,4,88,88,0,0,0,1,0
12,121835,1,1,1,1,95,2360,30,9,2010,5,8,17,0,13,3,SR-436,LA COSTA DRIVE,99998,28.52758056,-81.310516670,0,8,0,0,3,2,1,0,1,10,0,10,0,0000000,99,99,99,99,99,99,0,0,0,1,0
12,121836,2,2,0,3,21,0,31,10,2010,1,1,51,0,6,4,CR-896,I-75 RAMP,0,26.21171667,-81.734372220,0,12,1,1,2,9,1,0,3,1,0,1,0,0000000,1,52,1,58,88,88,0,0,0,2,0
12,121837,1,1,1,1,103,1770,1,11,2010,2,19,26,0,13,2,US-19,127TH PLACE NORTH,99998,27.88889167,-82.787038890,0,8,0,0,3,3,1,0,3,1,0,1,0,0000000,19,24,19,29,88,88,0,0,0,1,0
12,121838,1,1,0,2,31,1510,16,10,2010,7,20,50,0,16,6,NATHAN HALE ROAD,,0,30.22535000,-81.915933330,0,32,0,0,1,1,4,0,3,1,0,1,0,0000000,20,52,99,99,99,99,0,0,0,1,1
12,121839,2,1,0,1,103,2730,28,8,2010,7,1,9,0,16,6,1ST AVENUE,,0,27.77029167,-82.655983330,0,14,0,0,1,1,2,0,3,1,0,1,0,0000000,1,8,1,12,88,88,0,0,0,1,1
12,121840,2,2,0,4,103,2730,30,8,2010,2,22,48,0,16,6,16TH STREET S,9TH AVENUE S,0,27.76111389,-82.654802780,0,12,6,0,2,2,1,0,3,1,0,1,0,0000000,22,47,22,51,99,99,0,0,0,1,0
12,121841,3,3,0,3,99,3147,16,10,2010,7,10,27,0,13,2,US-441,,99998,26.62466389,-80.204491670,0,12,7,0,1,1,1,0,1,1,0,1,0,0000000,99,99,99,99,99,99,0,0,0,1,0
12,121842,2,2,0,7,129,0,23,10,2010,7,21,50,0,2,2,US-319,,99998,30.13336667,-84.387855560,0,12,6,0,8,1,1,0,2,1,0,1,0,0000000,99,99,99,99,99,99,0,0,0,2,0
12,121843,1,1,0,1,83,2270,29,10,2010,6,0,31,0,14,3,SR-464,,99998,29.17162500,-82.119716670,0,43,0,0,1,1,4,0,2,1,0,1,0,0000000,0,32,0,36,88,88,0,0,0,1,1
12,121844,2,2,0,2,99,2660,31,10,2010,1,19,20,0,14,2,US-1,10TH STREET W,99998,26.72243056,-80.051658330,0,12,1,0,2,9,1,0,3,1,0,1,0,0000000,99,99,99,99,99,99,0,0,0,1,1
12,121845,1,1,0,1,31,1510,22,10,2010,6,2,5,0,16,6,GATE PARKWAY WEST,,0,30.25995833,-81.556263890,0,30,0,0,1,1,4,0,3,1,0,1,0,0000000,2,13,2,18,88,88,0,0,0,1,1
12,121846,1,1,1,2,31,1510,29,10,2010,6,6,51,0,13,2,US-17,,99998,30.33278889,-81.658850000,0,8,0,0,1,1,1,0,3,1,0,1,0,0000000,6,54,6,58,88,88,0,0,0,1,0