STATE,ST_CASE,VE_TOTAL,VE_FORMS,PEDS,PERSONS,COUNTY,CITY,DAY,MONTH,YEAR,DAY_WEEK,HOUR,MINUTE,NHS,ROAD_FNC,ROUTE,TWAY_ID,TWAY_ID2,MILEPT,LATITUDE,LONGITUD,SP_JUR,HARM_EV,MAN_COLL,RELJCT1,RELJCT2,TYP_INT,REL_ROAD,WRK_ZONE,LGT_COND,WEATHER1,WEATHER2,WEATHER,SCH_BUS,RAIL,NOT_HOUR,NOT_MIN,ARR_HOUR,ARR_MIN,HOSP_HR,HOSP_MN,CF1,CF2,CF3,FATALS,DRUNK_DR
12,121847,1,1,0,1,75,0,30,10,2010,7,23,45,0,6,4,NE 140TH AVENUE,,0,29.37575278,-82.540047220,0,38,0,0,1,1,4,0,2,1,0,1,0,0000000,0,0,0,7,88,88,0,0,0,1,1
12,121848,1,1,1,1,127,0,31,10,2010,1,7,8,0,13,2,US-1,,99998,29.33432500,-81.129141670,0,8,0,0,1,1,1,0,4,1,0,1,0,0000000,7,9,7,11,88,88,0,0,0,1,0
12,121849,1,1,0,2,105,0,31,10,2010,1,2,20,1,13,2,US-98,,99998,27.98654722,-81.892622220,0,24,0,0,1,1,4,0,2,1,0,1,0,0000000,2,22,2,24,99,99,0,0,0,1,1
12,121850,2,2,1,2,11,771,3,11,2010,4,3,25,1,11,1,I-595,,99998,26.11911667,-80.336730560,0,8,0,0,1,1,1,0,2,1,0,1,0,0000000,3,28,3,37,88,88,0,0,0,1,0
12,121851,2,2,0,3,86,0,3,11,2010,4,21,14,1,2,2,US-1,,99998,25.36838056,-80.461958330,0,12,6,0,1,1,1,1,2,2,0,2,0,0000000,21,15,21,27,99,99,0,0,0,1,1
12,121852,1,1,0,2,31,1510,7,11,2010,1,2,0,0,14,3,SR-105,,99998,30.41057222,-81.623944440,0,1,0,0,1,1,4,0,6,1,0,1,0,0000000,6,58,7,10,99,99,0,0,0,2,1
12,121853,2,2,0,2,57,2950,22,10,2010,6,7,57,0,16,6,BROADWAY AVE E,43RD ST N,0,27.96019722,-82.410047220,0,12,6,0,2,2,1,0,1,1,0,1,0,0000000,99,99,99,99,99,99,0,0,0,1,0
12,121854,2,2,1,4,57,2950,16,10,2010,7,7,2,0,13,3,SR-580,CHURCH AVE N,99998,27.99617222,-82.507297220,0,8,0,0,3,3,1,0,3,1,0,1,0,0000000,99,99,99,99,88,88,0,0,0,1,0
12,121855,1,1,0,1,121,0,24,10,2010,1,4,25,0,3,2,US-129,,99998,29.97791944,-82.933644440,0,30,0,0,1,1,4,0,2,5,0,5,0,0000000,99,99,99,99,99,99,0,0,0,1,0
12,121856,1,1,0,1,17,1500,25,10,2010,2,17,9,0,16,6,E VINE STREET,,0,28.84315556,-82.325630560,0,1,0,0,1,1,4,0,1,1,0,1,0,0000000,17,9,17,12,99,99,0,0,0,1,0
12,121857,2,2,0,3,57,0,31,10,2010,1,21,44,0,6,4,BRANCH FORBES ROAD,,0,28.03646111,-82.187036110,0,12,2,0,8,1,1,0,2,1,0,1,0,0000000,21,45,21,45,99,99,0,0,0,1,2
12,121858,1,1,0,2,47,0,1,11,2010,2,18,0,0,6,4,CR-249,,0,30.46529167,-83.046652780,0,1,0,0,1,1,4,0,1,1,0,1,0,0000000,18,6,18,13,99,99,0,0,0,1,1
12,121859,1,1,0,2,17,0,6,11,2010,7,1,30,0,6,4,CR-495,,0,28.95151667,-82.580850000,0,43,0,0,1,1,4,0,2,1,0,1,0,0000000,1,35,1,43,88,88,0,0,0,2,0
12,121860,2,2,0,4,19,0,6,11,2010,7,6,55,1,2,2,US-301,CR-218,99998,30.15212222,-82.032958330,0,12,1,0,3,2,1,0,2,1,0,1,0,0000000,7,0,7,12,99,99,0,0,0,1,0
12,121861,1,1,0,1,17,0,12,11,2010,6,17,22,0,6,4,CR-480,,0,28.69830556,-82.436577780,0,1,0,0,1,1,4,0,1,1,0,1,0,0000000,17,25,17,32,88,88,0,0,0,1,0
12,121862,1,1,0,1,99,0,27,10,2010,4,20,59,1,2,2,US-27,CORKSCREW BLVD,99998,26.68072778,-80.744297220,0,1,0,0,2,3,2,0,2,1,0,1,0,0000000,21,2,21,16,88,88,0,0,0,1,0
12,121863,3,1,4,1,101,0,5,11,2010,6,19,40,0,6,4,KINGS MANOR AVE,,0,28.34542500,-82.691952780,0,53,0,0,1,1,4,0,3,1,0,1,0,0000000,19,44,19,47,99,99,0,0,0,1,0
12,121864,1,1,0,2,33,0,9,11,2010,3,18,5,0,6,4,OMEGA DRIVE,,0,30.70579167,-87.342863890,0,38,0,0,1,1,4,0,2,1,0,1,0,0000000,18,9,18,32,99,99,0,0,0,1,1
12,121865,1,1,1,1,117,2770,11,11,2010,5,1,56,0,13,2,US-17,15TH STREET,99998,28.79862778,-81.273088890,0,8,0,0,3,2,1,0,3,1,0,1,0,0000000,1,56,2,2,88,88,0,0,0,1,0
12,121866,1,1,0,2,11,2083,5,10,2010,3,1,54,0,16,6,SW 172ND AVENUE,MIRAMAR PARKWAY,0,25.97823333,-80.375725000,0,1,0,0,3,2,4,0,3,1,0,1,0,0000000,1,58,2,0,99,99,0,0,0,2,0
12,121867,1,1,0,2,127,2580,29,10,2010,6,22,36,0,13,2,US-1,,99998,29.12978889,-80.981400000,0,1,0,0,1,1,4,0,3,1,0,1,0,0000000,22,36,22,39,99,99,0,0,0,1,0
12,121868,1,1,1,1,73,2940,11,11,2010,5,19,30,0,14,2,US-90,,99998,30.46541111,-84.213413890,0,8,0,0,1,1,1,0,2,1,0,1,0,0000000,19,34,19,43,88,88,0,0,0,1,0
12,121869,1,1,0,2,113,0,13,11,2010,7,15,59,1,1,1,I-10,,99998,30.62551389,-86.942427780,0,1,0,0,1,1,4,0,1,1,0,1,0,0000000,99,99,99,99,99,99,0,0,0,1,0
12,121870,2,2,0,3,61,3070,21,10,2010,5,23,30,0,13,3,SR-60,27TH AVENUE,99998,27.63839167,-80.413763890,0,12,2,0,2,7,1,0,3,1,0,1,0,0000000,23,31,23,35,99,99,0,0,0,1,0
12,121871,1,1,1,1,86,1340,1,11,2010,2,11,40,0,16,6,W 12TH AVE,W 46TH ST,0,25.86389167,-80.306752780,0,8,0,0,3,2,1,0,1,10,0,10,0,0000000,11,41,11,50,88,88,0,0,0,1,0
12,121872,1,1,0,1,103,0,7,11,2010,1,2,49,1,13,3,SR-688,,99998,27.89380000,-82.690450000,0,1,0,0,1,1,4,0,3,1,0,1,0,0000000,2,50,2,56,88,88,0,0,0,1,1
12,121873,2,2,0,3,87,0,8,11,2010,2,22,55,1,2,2,US-1,,99998,25.20230000,-80.419491670,0,25,0,0,1,1,3,0,2,1,0,1,0,0000000,99,99,23,4,99,99,0,0,0,1,1
12,121874,1,1,0,1,81,0,11,11,2010,5,5,50,0,2,2,US-19,,99998,27.58399167,-82.584572220,0,42,0,0,1,1,4,0,3,1,0,1,0,0000000,5,56,6,7,88,88,0,0,0,1,1
12,121875,2,2,0,3,9,0,11,11,2010,5,10,30,0,6,4,CR-507,DAVIS LANE,0,27.89602500,-80.622397220,0,12,6,0,2,3,1,0,1,1,0,1,0,0000000,10,39,10,47,99,99,0,0,0,1,0
12,121876,2,2,0,3,87,1925,13,11,2010,7,18,15,1,13,2,US-1,,99998,24.71981111,-81.063666670,0,12,8,0,1,1,1,0,2,1,0,1,0,0000000,18,19,18,23,88,88,0,0,0,1,1
12,121877,1,1,1,1,105,0,30,10,2010,7,20,8,0,2,2,US-17,,99998,28.20880556,-81.576350000,0,8,0,0,1,1,1,0,2,1,0,1,0,0000000,20,15,20,18,88,88,0,0,0,1,0
12,121878,2,2,0,2,11,2468,27,10,2010,4,21,40,0,13,3,SR-820,NW 96TH AVE,99998,26.00850556,-80.273469440,0,12,6,0,2,2,1,0,2,1,0,1,0,0000000,21,40,21,41,99,99,0,0,0,1,0
12,121879,2,2,0,4,86,1340,30,10,2010,7,2,29,0,16,6,8TH AVENUE W,68TH STREET W,0,25.88432500,-80.299538890,0,12,6,0,2,2,1,0,3,1,0,1,0,0000000,2,35,2,37,99,99,0,0,0,1,0
12,121880,1,1,0,1,99,2410,9,11,2010,3,7,15,9,99,9,35427 MILL ROAD,,99998,26.84605278,-80.617352780,0,1,0,0,1,1,5,0,2,1,0,1,0,0000000,8,52,9,1,88,88,0,0,0,1,0
12,121881,1,1,0,2,57,0,10,11,2010,4,22,49,0,6,4,NATURES WAY BLVD,,0,27.87556111,-82.262216670,0,42,0,0,1,1,4,0,3,1,0,1,0,0000000,22,51,22,59,99,99,0,0,0,1,1
12,121882,1,1,0,1,131,0,14,10,2010,5,21,50,0,6,4,CR-181,,0,30.98360833,-86.187847220,0,1,0,0,1,1,4,0,2,1,0,1,0,0000000,22,8,22,17,88,88,0,0,0,1,1
12,121883,2,2,1,5,103,2730,10,7,2010,7,7,22,0,14,2,US-92,4TH STREET S,99998,27.77031111,-82.638458330,0,12,6,0,2,2,1,0,1,1,0,1,0,0000000,7,22,7,23,88,88,0,0,0,1,0
12,121884,2,2,0,2,115,2780,4,9,2010,7,3,12,0,13,2,US-41,,99998,27.30820833,-82.530038890,0,12,1,0,1,1,1,0,3,1,0,1,0,0000000,3,12,3,16,88,88,0,0,0,1,1
12,121885,1,1,1,1,86,2010,6,9,2010,2,22,53,0,13,3,SR-934,,99998,25.84739444,-80.198061110,0,8,0,0,1,1,1,0,3,10,0,10,0,0000000,99,99,99,99,99,99,0,0,0,1,0
12,121886,7,7,0,9,103,2730,7,9,2010,3,13,6,0,14,2,US-19,49TH STREET NORTH,99998,27.77719722,-82.699644440,0,12,1,0,3,2,1,0,1,1,0,1,0,0000000,13,6,13,9,99,99,0,0,0,1,0
12,121887,1,1,1,1,101,2180,10,9,2010,6,20,7,0,16,6,CRAFTS STREET,,0,28.23655000,-82.723305560,0,9,0,0,8,1,1,0,3,1,0,1,0,0000000,20,4,20,10,99,99,0,0,0,1,0
12,121888,1,1,0,1,103,2740,11,9,2010,7,11,5,0,14,3,SR-693,75TH AVENUE,99998,27.74410278,-82.748033330,0,42,0,0,2,3,4,0,1,1,0,1,0,0000000,99,99,99,99,99,99,0,0,0,1,0
12,121889,1,1,1,1,103,2730,12,9,2010,1,23,59,0,14,2,US-92,,99998,27.83913056,-82.638705560,0,9,0,0,1,1,1,0,3,1,0,1,0,0000000,22,59,23,2,99,99,0,0,0,1,0
12,121890,2,2,1,3,91,1091,18,9,2010,7,22,18,1,13,2,US-98,,99998,30.40575000,-86.627869440,0,8,0,0,1,1,1,0,3,1,0,1,0,0000000,22,18,22,20,88,88,0,0,0,1,0
12,121891,1,1,0,1,85,1562,19,9,2010,1,3,21,0,16,6,SOUTH BEACH ROAD,PITOU TRAIL,0,27.06416389,-80.115061110,0,42,0,0,3,3,4,0,8,10,0,10,0,0000000,99,99,99,99,99,99,0,0,0,1,0
12,121892,2,2,0,5,99,2674,24,9,2010,6,5,52,1,13,2,US-98,,99998,26.68031667,-80.195263890,0,12,1,0,1,1,1,0,3,2,0,2,0,0000000,5,53,5,59,99,99,0,0,0,1,0
12,121893,1,1,0,6,105,0,25,9,2010,7,3,5,0,6,4,COUNTY LINE ROAD,,0,27.94581111,-82.055338890,0,1,0,0,1,1,4,0,2,1,0,1,0,0000000,3,6,3,23,99,99,0,0,0,1,1
12,121894,1,1,1,1,55,2800,28,9,2010,3,6,19,0,15,3,SR-17,N RIDGEWOOD DR,99998,27.50108889,-81.439308330,0,8,0,0,3,2,1,0,3,10,0,10,0,0000000,6,20,6,26,99,99,0,0,0,1,0
12,121895,1,1,1,1,57,2950,30,9,2010,5,23,13,0,13,2,US-92,,99998,27.99616389,-82.497250000,0,8,0,0,1,1,1,0,3,1,0,1,0,0000000,23,15,23,18,99,99,0,0,0,1,0
12,121896,3,3,1,5,57,2950,1,10,2010,6,7,30,0,16,6,N HIMES AVE,W SPRUCE ST,0,27.95944722,-82.501397220,0,12,6,0,2,2,1,0,1,1,0,1,0,0000000,7,34,7,44,88,88,0,0,0,1,0
12,121897,1,1,0,1,99,290,3,10,2010,1,13,40,0,16,6,E COUNTRY CLUB BLVD,,0,26.42059167,-80.080294440,0,59,0,0,1,1,4,0,1,1,0,1,0,0000000,13,40,13,48,99,99,0,0,0,1,0
12,121898,2,2,0,3,87,1568,5,11,2010,6,22,38,1,13,2,US-1,KAY DRIVE,99998,25.11001389,-80.425713890,0,12,2,0,2,3,1,0,3,1,0,1,0,0000000,22,35,22,40,88,88,0,0,0,1,1
12,121899,1,1,1,1,86,1440,4,10,2010,2,6,45,0,16,6,E PALM DRIVE,,0,25.44834722,-80.431788890,0,8,0,0,1,1,1,0,2,1,0,1,0,0000000,6,46,6,50,88,88,0,0,0,1,0
12,121900,1,1,0,1,57,2540,6,10,2010,4,0,14,0,13,3,SR-39,,99998,27.96708889,-82.121363890,0,34,0,0,1,1,4,0,2,1,0,1,0,0000000,99,99,99,99,88,88,0,0,0,1,0
12,121901,1,1,0,1,9,2424,9,10,2010,7,0,53,0,13,2,US-1,,99998,28.05748611,-80.590344440,0,30,0,0,1,1,4,0,3,1,0,1,0,0000000,0,56,1,5,88,88,0,0,0,1,1
12,121902,4,4,0,8,99,0,10,10,2010,1,13,56,0,12,4,PALMETTO PARK ROAD,BOCA DEL MAR DRIVE,99998,26.35058333,-80.137411110,0,12,6,0,2,2,1,0,1,1,0,1,0,0000000,13,56,14,0,99,99,0,0,0,1,0
12,121903,1,1,0,2,91,835,12,10,2010,3,4,27,1,13,2,US-98,,99998,30.39182778,-86.494611110,0,31,0,0,1,1,4,0,3,1,0,1,0,0000000,4,27,4,33,88,88,0,0,0,1,1
12,121904,1,1,0,3,31,1510,15,10,2010,6,11,35,1,11,1,I-95,,99998,30.28724722,-81.626305560,0,1,0,0,1,1,4,0,1,1,0,1,0,0000000,11,38,11,47,99,99,0,0,0,1,0
12,121905,1,1,0,1,11,2468,17,10,2010,1,5,40,0,13,3,SR-824,,99998,25.99579722,-80.177350000,0,30,0,0,1,1,4,0,3,10,0,10,0,0000000,5,44,99,99,99,99,0,0,0,1,0
12,121906,2,2,0,3,69,1820,18,10,2010,2,0,41,0,13,2,US-441,SR-44,99998,28.80303611,-81.887652780,0,12,6,0,2,2,1,0,3,1,0,1,0,0000000,0,41,0,50,99,99,0,0,0,1,0
12,121907,2,2,0,4,99,0,20,10,2010,4,8,47,0,13,2,US-441,CENTRAL PARK BLVD N,99998,26.35718889,-80.203272220,0,12,6,0,2,2,1,0,1,1,0,1,0,0000000,99,99,99,99,99,99,0,0,0,1,0
12,121908,1,1,0,3,97,0,22,10,2010,6,10,45,0,2,2,US-441,,99998,27.70176111,-81.042869440,0,1,0,0,1,1,4,0,1,1,0,1,0,0000000,10,47,11,5,99,99,0,0,0,1,0
12,121910,2,2,0,6,86,2010,22,10,2010,6,18,26,0,16,6,NW 175TH STREET,NW 39TH AVENUE,0,25.93291667,-80.265033330,0,12,6,0,2,2,1,0,5,1,0,1,0,0000000,18,27,18,31,99,99,0,0,0,1,0
12,121912,1,1,1,2,86,0,22,10,2010,6,19,15,0,14,3,SR-934,,99998,25.84642222,-80.225375000,0,9,0,0,1,1,1,0,3,1,0,1,0,0000000,19,15,19,20,88,88,0,0,0,1,0
12,121913,2,2,0,3,81,2440,25,10,2010,2,15,0,0,13,2,US-41,3RD AVE W,99998,27.52113611,-82.566172220,0,12,6,0,2,2,1,0,1,1,0,1,0,0000000,15,9,15,12,99,99,0,0,0,1,0
12,121914,1,1,0,1,11,2541,25,10,2010,2,0,15,0,14,6,W BROWARD BLVD,,99998,26.12088889,-80.274975000,0,33,0,0,1,1,4,0,3,2,0,2,0,0000000,0,18,0,23,88,88,0,0,0,1,0
12,121915,2,2,0,3,86,2025,27,10,2010,4,10,32,1,11,1,I-75,,99998,25.90616389,-80.349175000,0,12,2,0,1,1,1,0,1,1,0,1,0,0000000,10,35,10,40,99,99,0,0,0,2,0
12,121916,1,1,0,1,69,0,28,10,2010,5,17,55,1,2,3,SR-25,,99998,28.40874722,-81.369969440,0,1,0,0,1,1,4,0,1,10,0,10,0,0000000,17,56,18,1,88,88,0,0,0,1,1
12,121917,1,1,1,1,57,2950,28,10,2010,5,19,30,0,13,3,SR-60,50TH STREET,99998,27.95219444,-82.401750000,0,8,0,0,3,1,1,0,2,1,0,1,0,0000000,19,32,19,32,99,99,0,0,0,1,0
12,121918,1,1,0,2,99,2674,30,10,2010,7,11,39,1,13,2,US-98,ROYAL PALM BCH BLVD,99998,26.68116111,-80.229775000,0,39,0,0,3,2,4,0,1,1,0,1,0,0000000,11,40,11,45,99,99,0,0,0,1,0
12,121919,4,4,0,5,57,2950,30,10,2010,7,3,54,0,14,3,SR-45,E HILLSBOROUGH AVE,99998,27.99610556,-82.451133330,0,12,6,0,2,2,1,0,3,1,0,1,0,0000000,3,54,3,58,99,99,0,0,0,1,1
12,121920,1,1,2,3,57,2950,30,10,2010,7,1,57,0,16,6,S HARBOUR ISALND BLV,,0,27.93976944,-82.454475000,0,43,0,0,1,1,4,0,3,1,0,1,0,0000000,1,57,2,4,99,99,0,0,0,2,1
12,121921,1,1,2,1,95,0,3,11,2010,4,6,35,0,6,4,VALENCIA COLLEGE LN,,0,28.55385278,-81.258600000,0,8,0,0,1,1,1,0,2,1,0,1,0,0000000,6,37,6,42,99,99,0,0,0,1,0
12,121922,2,2,0,2,103,0,3,11,2010,4,20,20,0,6,4,CR-611,,0,27.93208056,-82.700958330,0,12,1,0,1,1,1,0,3,1,0,1,0,0000000,20,22,20,28,99,99,0,0,0,1,0
12,121923,1,1,1,1,95,2360,4,11,2010,5,13,58,0,13,3,SR-527,E EVANS STREET,99998,28.57759167,-81.373000000,0,8,0,0,3,3,1,0,1,10,0,10,0,0000000,99,99,99,99,99,99,0,0,0,1,0
12,121924,4,4,0,6,86,0,5,11,2010,6,8,20,0,14,3,SR-985,SW 24TH STREET,99998,25.74718056,-80.367647220,0,12,1,0,2,2,1,0,3,2,0,2,0,0000000,99,99,99,99,99,99,0,0,0,1,1
12,121925,2,2,0,2,105,1690,3,10,2010,1,1,6,0,13,2,US-92,SR-517,99998,28.04148056,-81.990077780,0,12,6,0,2,2,1,0,3,1,0,1,0,0000000,1,7,1,13,99,99,0,0,0,1,2
12,121926,3,3,0,5,11,2083,5,11,2010,6,8,20,0,13,3,SR-817,,99998,25.98494444,-80.247391670,0,12,1,0,1,1,1,0,1,1,0,1,0,0000000,99,99,99,99,99,99,0,0,0,1,0
12,121927,1,1,1,1,99,0,5,11,2010,6,8,48,0,6,4,MANSFIELD HOLLOW RD,LAKE CHAMPLAIN CT,0,26.47083056,-80.167697220,0,8,0,0,2,3,1,0,1,1,0,1,0,0000000,8,48,8,53,99,99,0,0,0,1,0
12,121928,1,1,0,2,89,0,5,11,2010,6,21,15,1,14,3,SR-A1A,,99998,30.62100000,-81.496969440,0,42,0,0,1,1,3,0,3,1,0,1,0,0000000,21,18,21,22,99,99,0,0,0,1,0
12,121929,1,1,1,4,97,0,5,11,2010,6,23,47,0,13,2,US-192,ORANGE AVENUE,99998,28.24603889,-81.264286110,0,9,0,0,2,2,1,0,3,1,0,1,0,0000000,99,99,99,99,99,99,0,0,0,1,0
12,121930,1,1,1,1,86,2930,8,11,2010,2,19,33,0,16,6,113TH CT,,0,25.76824167,-80.379969440,0,8,0,0,1,1,1,0,3,1,0,1,0,0000000,19,33,19,45,88,88,0,0,0,1,0
12,121931,1,1,0,1,86,2010,9,11,2010,3,12,0,1,12,3,SR-821,,99998,25.59314444,-80.370322220,0,1,0,0,1,1,3,0,1,1,0,1,0,0000000,12,17,12,37,99,99,0,0,0,1,0
12,121932,1,1,0,1,109,0,10,11,2010,4,8,0,0,6,4,INTERNATIONAL GOLF,CENTER PLACE WAY,0,29.98805833,-81.455200000,0,5,0,0,2,2,1,0,1,1,0,1,0,0000000,8,3,8,9,88,88,0,0,0,1,1
12,121933,2,2,0,2,57,2950,11,11,2010,5,4,45,0,13,3,SR-580,N ARMENIA AVENUE,99998,28.03341667,-82.484116670,0,12,6,0,2,2,1,0,3,1,0,1,0,0000000,4,48,4,55,88,88,0,0,0,1,0
12,121934,1,1,1,1,86,2010,12,11,2010,6,16,33,0,16,6,NE 2ND AVENUE,NE 27TH STREET,0,25.80280556,-80.191000000,0,8,0,0,3,2,1,0,1,1,0,1,0,0000000,4,37,4,41,88,88,0,0,0,1,0
12,121935,3,3,0,4,127,0,12,11,2010,6,19,22,0,2,3,SR-44,,99998,29.05485000,-81.353150000,0,12,8,0,1,1,1,0,2,1,0,1,0,0000000,19,18,19,29,99,99,0,0,0,1,0
12,121936,2,2,0,4,111,0,12,11,2010,6,17,43,1,11,1,I-95,,99998,27.53362778,-80.460594440,0,12,6,0,1,1,1,0,5,10,0,10,0,0000000,17,45,18,20,99,99,0,0,0,2,0
12,121937,1,1,0,1,19,2056,13,11,2010,7,3,10,0,6,4,CR-218,,0,30.02860278,-81.807611110,0,1,0,0,1,1,4,0,2,1,0,1,0,0000000,99,99,99,99,99,99,0,0,0,1,1
12,121938,1,1,0,1,31,1510,13,11,2010,7,19,0,1,11,1,I-95,,99998,30.48171111,-81.644277780,0,42,0,1,5,1,4,0,3,1,0,1,0,0000000,7,57,8,4,88,88,0,0,0,1,0
12,121939,1,1,1,1,86,2010,14,11,2010,1,19,18,0,13,2,US-1,,99998,25.75129444,-80.202597220,0,8,0,0,1,1,1,0,2,1,0,1,0,0000000,19,22,19,30,99,99,0,0,0,1,0
12,121940,2,2,0,2,31,1510,14,11,2010,1,0,20,1,13,3,SR-10,ST JOHNS BLUFF RD,99998,30.32440278,-81.523780560,0,12,6,0,2,2,1,0,3,1,0,1,0,0000000,0,22,0,37,99,99,0,0,0,1,1
12,121941,2,2,0,6,3,0,16,11,2010,3,18,40,0,3,2,US-90,CR-123,99998,30.27020000,-82.191363890,0,12,6,0,2,3,1,0,2,10,0,10,0,0000000,18,43,18,50,99,99,0,0,0,2,1
12,121942,3,3,0,4,99,0,16,11,2010,3,11,48,0,13,3,SR-802,KIRK ROAD,99998,26.61796667,-80.105413890,0,12,6,0,2,2,1,0,1,1,0,1,0,0000000,11,49,11,50,99,99,0,0,0,1,0
12,121943,1,1,1,2,11,2083,16,11,2010,3,18,32,0,16,6,SW 160TH AVENUE,,0,25.98263333,-80.359752780,0,8,0,0,1,1,1,0,2,1,0,1,0,0000000,18,33,18,35,99,99,0,0,0,1,0
12,121944,1,1,1,1,117,2770,16,11,2010,3,18,46,0,13,2,US-17,,99998,28.76685000,-81.282283330,0,8,0,0,1,1,1,0,3,1,0,1,0,0000000,18,47,18,57,99,99,0,0,0,1,0
12,121945,2,1,5,1,11,1050,16,11,2010,3,20,33,1,11,1,I-95,,99998,26.14509444,-80.169533330,0,14,0,0,1,1,4,0,3,1,0,1,0,0000000,20,40,20,44,99,99,0,0,0,2,1
12,121946,1,1,0,1,31,1510,18,11,2010,5,11,12,1,11,1,I-295,,99998,30.21061667,-81.759675000,0,42,0,0,1,1,4,0,1,1,0,1,0,0000000,11,15,11,22,88,88,0,0,0,1,0
12,121947,3,3,0,3,115,0,19,11,2010,6,0,2,1,1,1,I-75,,99998,27.17526667,-82.435236110,0,12,1,0,1,1,1,4,2,1,0,1,0,0000000,0,5,0,24,88,88,0,0,0,1,1
12,121948,1,1,0,1,95,0,19,11,2010,6,1,20,0,6,4,PEPPER MILL BLVD,,0,28.39016389,-81.413000000,0,1,0,0,1,1,2,0,3,1,0,1,0,0000000,1,26,1,32,88,88,0,0,0,1,1
12,121949,2,2,2,2,31,1510,20,11,2010,7,18,27,0,14,3,SR-134,HARLOW BLVD,99998,30.24840833,-81.757594440,0,8,0,0,3,2,1,0,2,1,0,1,0,0000000,99,99,99,99,99,99,0,0,0,2,0
12,121950,2,2,0,6,86,0,20,11,2010,7,21,24,1,12,3,SR-836,,99998,25.78041667,-80.312052780,0,24,0,0,1,1,3,0,2,10,0,10,0,0000000,21,25,21,30,88,88,0,0,0,1,0
12,121951,1,1,0,1,11,771,20,11,2010,7,7,52,0,15,6,6900 SW 148TH AVE,,99998,26.02958333,-80.345047220,0,24,0,0,1,1,4,0,1,1,0,1,0,0000000,7,52,7,59,88,88,0,0,0,1,0
12,121952,1,1,1,1,91,0,20,11,2010,7,20,47,0,14,3,SR-188,,99998,30.44949722,-86.627083330,0,8,0,0,8,1,1,0,2,1,0,1,0,0000000,8,48,8,55,99,99,0,0,0,1,0
12,121953,1,1,1,1,69,0,11,12,2010,7,19,0,0,6,4,DEAL DRIVE,,0,28.80117778,-81.535441670,0,8,0,0,1,1,2,0,2,1,0,1,0,0000000,99,99,99,99,99,99,0,0,0,1,1
12,121954,2,2,0,4,35,2439,20,11,2010,7,0,4,0,16,6,PINE LAKES PKWY,WOODBURY DR,0,29.53091667,-81.251772220,0,12,6,0,2,3,1,0,3,1,0,1,0,0000000,0,5,0,11,99,99,0,0,0,2,1
12,121955,2,2,0,2,86,2010,21,11,2010,1,13,25,1,11,1,I-295,,99998,25.84584444,-80.207630560,0,12,1,0,1,1,2,0,1,10,0,10,0,0000000,13,36,13,42,88,88,0,0,0,1,1
12,121956,2,2,0,2,103,2530,22,11,2010,2,18,5,0,13,3,SR-694,62ND WAY,99998,27.83913333,-82.721161110,0,12,6,0,2,2,1,0,3,1,0,1,0,0000000,18,5,18,10,99,99,0,0,0,1,0
12,121957,2,2,0,2,3,0,22,11,2010,2,6,15,0,3,3,SR-121,,99998,30.14416667,-82.186033330,0,12,6,0,1,1,1,0,2,10,0,10,0,0000000,6,15,6,29,99,99,0,0,0,1,1
12,121958,2,2,0,4,9,0,24,11,2010,4,21,12,0,6,4,GRISSOM PARKWAY,,0,28.43646944,-80.788347220,0,12,1,0,1,1,1,0,2,1,0,1,0,0000000,21,13,21,19,99,99,0,0,0,1,1
12,121959,1,1,0,1,57,0,25,11,2010,5,3,2,0,6,4,BETHLEHEM ROAD,,0,28.03854722,-82.203708330,0,34,0,0,1,1,4,0,3,10,0,10,0,0000000,3,4,3,14,99,99,0,0,0,1,1
12,121960,2,2,0,6,109,0,25,11,2010,5,11,5,1,1,1,I-95,,99998,29.70471389,-81.329444440,0,12,7,0,1,1,1,0,1,1,0,1,0,0000000,11,9,11,22,99,99,0,0,0,1,0
12,121961,1,1,1,2,113,0,26,11,2010,6,22,26,1,13,2,US-98,,99998,30.40403611,-86.967733330,0,9,0,0,1,1,2,0,2,1,0,1,0,0000000,22,23,22,32,88,88,0,0,0,1,1
12,121962,1,1,0,6,19,0,26,11,2010,6,23,58,0,6,4,BELLAMY RD,SPANISH TRAIL,0,29.79821667,-81.890866670,0,1,0,0,2,3,4,0,2,2,0,2,0,0000000,23,59,0,8,99,99,0,0,0,1,0
12,121963,1,1,1,1,86,1566,27,11,2010,7,22,7,0,13,3,SR-94,,99998,25.68609444,-80.390222220,0,8,0,0,1,1,1,0,3,1,0,1,0,0000000,22,6,22,10,99,99,0,0,0,1,0
12,121964,1,1,0,1,49,0,28,11,2010,1,8,15,0,6,4,CREWSVILLE ROAD,,0,27.40030556,-81.613680560,0,1,0,0,1,1,4,0,1,1,0,1,0,0000000,8,20,8,46,88,88,0,0,0,1,0
12,121965,2,2,0,5,101,2180,30,11,2010,3,7,55,1,13,2,US-HWY 19,,99998,28.22733611,-82.732152780,0,12,6,0,1,1,1,0,1,1,0,1,0,0000000,99,99,99,99,99,99,0,0,0,1,0
12,121966,1,1,1,1,9,1990,2,11,2010,3,19,32,0,13,2,US-1,E NEW HAVEN AVENUE,99998,28.07876944,-80.602933330,0,8,0,0,3,2,1,0,3,1,0,1,0,0000000,99,99,99,99,99,99,0,0,0,1,0