STATE,ST_CASE,VE_TOTAL,VE_FORMS,PEDS,PERSONS,COUNTY,CITY,DAY,MONTH,YEAR,DAY_WEEK,HOUR,MINUTE,NHS,ROAD_FNC,ROUTE,TWAY_ID,TWAY_ID2,MILEPT,LATITUDE,LONGITUD,SP_JUR,HARM_EV,MAN_COLL,RELJCT1,RELJCT2,TYP_INT,REL_ROAD,WRK_ZONE,LGT_COND,WEATHER1,WEATHER2,WEATHER,SCH_BUS,RAIL,NOT_HOUR,NOT_MIN,ARR_HOUR,ARR_MIN,HOSP_HR,HOSP_MN,CF1,CF2,CF3,FATALS,DRUNK_DR
12,121967,1,1,0,1,71,457,9,11,2010,3,19,18,0,16,6,NW 9TH TERRACE,,0,26.66982222,-82.018405560,0,53,0,0,1,1,4,0,3,1,0,1,0,0000000,19,19,19,24,99,99,0,0,0,1,1
12,121968,1,1,1,2,103,2730,13,11,2010,7,23,54,0,14,2,US-92,,99998,27.80523611,-82.638655560,0,8,0,0,1,1,1,0,3,1,0,1,0,0000000,23,55,23,57,99,99,0,0,0,1,0
12,121969,2,2,0,4,86,0,13,11,2010,7,99,99,0,6,4,SW 97TH AVE,SW 44TH ST,0,25.72699444,-80.351427780,0,12,6,0,2,2,1,0,3,1,0,1,0,0000000,20,20,20,25,99,99,0,0,0,1,0
12,121970,2,2,0,2,31,1510,15,11,2010,2,18,20,0,14,3,SR-228,,99998,30.30278889,-81.759963890,0,12,6,0,8,1,1,0,3,1,0,1,0,0000000,18,24,18,28,99,99,0,0,0,1,0
12,121971,1,1,1,1,11,2916,19,11,2010,6,16,0,0,12,6,W OAKLAND PARK BLVD,,99998,26.17012222,-80.285736110,0,8,0,0,1,1,1,0,1,1,0,1,0,0000000,16,0,16,3,99,99,0,0,0,1,0
12,121972,1,1,0,2,86,0,21,11,2010,1,3,42,0,13,3,SR-825,SW 104TH ST,99998,25.66955278,-80.416466670,0,42,0,0,3,2,3,0,3,1,0,1,0,0000000,3,42,3,50,99,99,0,0,0,1,0
12,121973,1,1,0,2,71,1070,28,11,2010,1,3,58,0,16,6,VERONICA S. SHOEMAKE,HUMBERSIDE LN,0,26.59766389,-81.841105560,0,33,0,0,2,2,4,0,3,1,0,1,0,0000000,3,59,4,7,99,99,0,0,0,1,1
12,121974,1,1,0,1,103,1770,3,12,2010,6,2,49,0,16,6,WEST BAY DR,,0,27.91675833,-82.794558330,0,42,0,0,1,1,4,0,3,1,0,1,0,0000000,99,99,99,99,99,99,0,0,0,1,0
12,121975,2,2,0,3,95,2360,6,12,2010,2,11,12,0,14,3,SR-15,S PRIMROSE DR,99998,28.53792778,-81.347680560,0,12,6,0,2,2,1,0,1,1,0,1,0,0000000,11,13,11,17,99,99,0,0,0,1,0
12,121976,2,2,0,4,86,0,19,11,2010,6,20,54,0,6,4,SW 72ND ST,,0,25.69948889,-80.430875000,0,42,0,0,1,1,3,0,3,1,0,1,0,0000000,21,3,21,3,99,99,0,0,0,2,0
12,121977,1,1,1,1,71,0,28,11,2010,1,0,0,0,13,2,US-41,BROWN RD,99998,26.67969167,-81.900836110,0,8,0,0,2,3,1,0,2,10,0,10,0,0000000,99,99,99,99,88,88,0,0,0,1,0
12,121978,1,1,1,2,86,1030,22,11,2010,2,2,40,0,16,6,NE 1ST AVENUE,E PALM DRIVE,0,25.44793056,-80.475200000,0,8,0,0,3,2,1,0,3,1,0,1,0,0000000,2,40,2,50,88,88,0,0,0,1,0
12,121979,2,2,0,4,9,3175,20,11,2010,7,21,40,0,16,6,DAIRY ROAD,DORCHESTER AVENUE,0,28.07507500,-80.637930560,0,12,1,0,2,3,1,0,3,10,0,10,0,0000000,21,41,21,44,99,99,0,0,0,1,0
12,121980,1,1,1,1,99,1190,8,9,2010,4,14,31,0,12,6,13TH ROAD SOUTH,SOUTH JOG ROAD,99998,26.65806944,-80.145216670,0,9,0,0,3,3,1,0,1,1,0,1,0,0000000,14,32,14,37,88,88,0,0,0,1,0
12,121981,3,3,0,6,99,3190,3,12,2010,6,14,53,0,13,3,SR-688,,99998,27.89417222,-82.741791670,0,12,6,0,1,1,1,0,1,1,0,1,0,0000000,14,54,14,56,99,99,0,0,0,1,0
12,121982,1,1,0,1,95,2360,4,10,2010,2,2,58,1,11,1,I-4,,99998,28.51176667,-81.395408330,0,44,0,0,1,1,1,0,3,1,0,1,0,0000000,99,99,99,99,99,99,0,0,0,1,1
12,121983,1,1,1,1,71,1070,19,11,2010,6,15,53,0,16,6,ROANOKE DR,,0,26.65685556,-81.827513890,0,8,0,0,1,1,1,0,1,1,0,1,0,0000000,99,99,99,99,99,99,0,0,0,1,0
12,121984,1,1,1,1,93,0,28,9,2010,3,21,5,0,6,4,NE 16TH AVE,,0,27.24902222,-80.813083330,0,8,0,0,1,1,1,0,2,2,0,2,0,0000000,99,99,99,99,99,99,0,0,0,1,1
12,121985,1,1,0,1,11,3193,14,9,2010,3,13,52,1,11,1,I-75,,99998,26.13144167,-80.384413890,0,51,0,0,1,1,3,0,1,2,0,2,0,0000000,13,52,13,58,88,88,0,0,0,1,0
12,121986,1,1,1,1,31,1510,15,8,2010,1,17,20,0,16,6,SPRING PARK RD,,0,30.29792500,-81.631302780,0,8,0,0,99,9,99,0,1,1,0,1,0,0000000,99,99,99,99,88,88,0,0,0,1,0
12,121987,1,1,1,1,97,1590,27,9,2010,2,22,0,0,16,6,W COLUMBIA AVENUE,DELMOS AVENUE,0,28.30809444,-81.420261110,0,9,0,0,3,2,1,0,3,10,0,10,0,0000000,21,59,22,4,99,99,0,0,0,1,1
12,121989,2,2,0,6,57,2950,20,11,2010,7,21,37,0,16,6,EL PORTAL DRIVE,WEST WOOD STREET,0,28.02715833,-82.469755560,0,12,6,0,2,2,1,0,3,10,0,10,0,0000000,21,37,21,44,99,99,0,0,0,1,1
12,121990,1,1,1,1,69,1820,28,9,2010,3,19,55,0,16,6,W MAIN STREET,PARK CENTER STREET,0,28.81260278,-81.913866670,0,9,0,0,3,2,1,0,3,2,0,2,0,0000000,19,55,20,0,99,99,0,0,0,1,0
12,121991,2,2,0,3,57,2540,15,10,2010,6,20,30,0,13,2,US-92,N PARK ROAD,99998,28.01869167,-82.105016670,0,12,6,0,2,2,1,0,3,1,0,1,0,0000000,20,35,20,41,99,99,0,0,0,1,1
12,121992,1,1,1,1,86,125,27,11,2010,7,16,30,0,16,6,NE 29TH PLACE,,0,25.96177778,-80.141891670,0,8,0,0,1,1,1,0,1,1,0,1,0,0000000,16,48,16,48,88,88,0,0,0,1,0
12,121993,2,2,0,3,57,0,5,12,2010,1,9,34,0,6,4,CR-582,,0,28.09926389,-82.580344440,0,12,6,0,1,1,1,0,1,10,0,10,0,0000000,9,34,9,40,99,99,0,0,0,1,0
12,121994,2,2,0,3,99,0,20,11,2010,7,19,28,0,12,4,JOG ROAD,N ORIOLE BLVD,99998,26.46506389,-80.146938890,0,12,6,0,2,2,1,0,3,1,0,1,0,0000000,19,28,19,33,99,99,0,0,0,2,0
12,121995,1,1,1,1,99,0,26,11,2010,6,18,48,0,12,4,MILITARY TRAIL,,99998,26.57148611,-80.113511110,0,8,0,0,1,1,1,0,2,1,0,1,0,0000000,18,49,18,54,99,99,0,0,0,1,0
12,121996,1,1,0,1,11,790,9,12,2010,5,1,18,0,16,6,S MILITARY TRAIL,,0,26.30768889,-80.127433330,0,42,0,0,1,1,3,0,3,1,0,1,0,0000000,1,18,1,26,88,88,0,0,0,1,1
12,121997,2,2,0,2,35,2439,3,11,2010,4,6,5,0,16,6,COLBERT LANE,,0,29.51587778,-81.163911110,0,12,2,0,1,1,1,0,2,10,0,10,0,0000000,6,10,6,18,88,88,0,0,0,2,0
12,121998,1,1,0,1,99,3190,29,11,2010,2,22,29,0,15,6,1600 SUMMIT BLVD,,9733,26.66598333,-80.071813890,0,10,0,0,6,1,1,0,3,1,0,1,0,628138P,99,99,99,99,88,88,0,0,0,1,1
12,121999,2,2,0,2,99,0,2,12,2010,5,8,14,1,2,2,US-27,,99998,26.60817500,-80.712433330,0,12,7,0,1,1,1,0,1,1,0,1,0,0000000,8,13,8,15,99,99,0,0,0,1,0
12,122000,2,2,0,4,99,0,3,12,2010,6,20,34,0,14,4,LANTANA RD,LAKE OSBORNE DR,99998,26.58749167,-80.076769440,0,12,6,0,2,3,1,0,3,1,0,1,0,0000000,20,35,20,36,99,99,0,0,0,1,0
12,122002,3,3,0,3,57,2950,4,11,2010,5,21,22,0,13,2,US-41,E SLIGH AVE,99998,28.01068611,-82.451288890,0,12,6,0,2,2,1,0,3,10,0,10,0,0000000,21,22,21,27,99,99,0,0,0,1,1
12,122003,2,2,0,2,99,0,28,11,2010,1,4,15,0,13,3,SR-882,HAVERHILL RD,99998,26.65181111,-80.120619440,0,12,6,0,2,2,1,0,3,1,0,1,0,0000000,4,15,4,24,99,99,0,0,0,1,1
12,122004,2,2,0,2,99,3190,20,11,2010,7,11,23,0,15,9,VILLAGE BLVD,PALM BEACH LAKES BLV,99998,26.71171389,-80.096094440,0,12,6,0,2,2,1,0,1,1,0,1,0,0000000,11,26,11,32,99,99,0,0,0,1,0
12,122005,1,1,1,1,1,1130,4,12,2010,7,3,43,0,16,6,MAIN ST N,,0,29.69272222,-82.319194440,0,8,0,0,1,1,1,0,2,1,0,1,0,0000000,3,49,3,54,88,88,0,0,0,1,0
12,122006,3,3,0,3,101,2180,10,12,2010,6,15,28,1,13,2,US-19,,99998,28.26175000,-82.727736110,0,12,7,0,1,1,1,0,1,1,0,1,0,0000000,15,29,15,33,99,99,0,0,0,1,0
12,122007,1,1,0,2,9,2785,12,9,2010,1,6,37,0,13,3,SR-A1A,SCORPION COURT,99998,28.18663056,-80.593055560,0,30,0,0,2,3,4,0,4,1,0,1,0,0000000,6,38,6,42,99,99,0,0,0,1,0
12,122008,1,1,1,1,86,0,30,8,2010,2,2,53,0,16,6,OLD CUTLER ROAD,SW 170TH TERRACE,0,25.61271389,-80.310313890,0,8,0,0,2,3,1,0,2,2,0,2,0,0000000,99,99,99,99,99,99,0,0,0,1,0
12,122009,1,1,0,1,99,3190,19,10,2010,3,7,8,0,13,3,SR-704,,99998,26.70853333,-80.174672220,0,32,0,0,1,1,4,0,2,1,0,1,0,0000000,7,8,7,13,88,88,0,0,0,1,1
12,122010,3,3,0,4,131,0,3,11,2010,4,7,55,1,2,2,US-331,,99998,30.46738611,-86.130188890,0,12,2,0,1,1,1,0,1,10,0,10,0,0000000,7,56,7,58,99,99,0,0,0,1,0
12,122011,4,4,0,8,115,0,7,11,2010,1,16,20,0,13,2,US-301,CR-610,99998,27.38842778,-82.531494440,0,12,7,0,3,2,1,0,1,1,0,1,0,0000000,99,99,99,99,99,99,0,0,0,1,1
12,122012,2,2,0,3,95,0,7,11,2010,1,23,12,0,6,4,CR-435,MCCORMICK,0,28.62195000,-81.498752780,0,12,6,0,2,3,1,0,3,1,0,1,0,0000000,99,99,99,99,99,99,0,0,0,2,1
12,122013,2,1,0,2,11,0,11,11,2010,5,23,16,1,12,3,SR-91 NB,,99998,26.25133889,-80.166480560,0,14,0,0,1,1,2,0,3,1,0,1,0,0000000,99,99,99,99,99,99,0,0,0,1,1
12,122014,2,2,0,2,17,0,12,11,2010,6,18,51,1,13,3,SR-44,WEST CURLEW STREET,99998,28.88967222,-82.546647220,0,12,6,0,2,3,1,0,2,1,0,1,0,0000000,99,99,99,99,99,99,0,0,0,1,1
12,122015,1,1,0,4,119,0,13,11,2010,7,4,40,0,2,3,SR-50,,99998,28.67044722,-82.100997220,0,1,0,0,1,1,4,0,2,1,0,1,0,0000000,99,99,99,99,99,99,0,0,0,2,0
12,122016,1,1,0,4,49,0,14,11,2010,1,14,0,0,6,4,TEN MILE GRADE,,0,27.35178056,-81.661805560,0,1,0,0,1,1,2,0,1,1,0,1,0,0000000,99,99,99,99,99,99,0,0,0,1,0
12,122017,3,3,0,6,71,0,14,11,2010,1,19,48,0,3,3,SR-82,,99998,26.54317778,-81.636105560,0,12,1,0,1,1,1,0,2,1,0,1,0,0000000,99,99,99,99,99,99,0,0,0,1,0
12,122018,1,1,0,2,61,0,15,11,2010,2,13,13,1,13,3,SR-60,,99998,27.63823889,-80.430833330,0,30,0,0,1,1,4,0,1,10,0,10,0,0000000,99,99,99,99,99,99,0,0,0,2,0
12,122019,1,1,1,2,57,0,16,11,2010,3,5,1,0,13,2,US-41,34TH AVE S,99998,27.91866111,-82.401791670,0,9,0,0,3,3,1,0,2,1,0,1,0,0000000,99,99,99,99,88,88,0,0,0,1,0
12,122020,1,1,0,4,75,0,16,11,2010,3,4,5,0,6,4,NW 110TH STREET,,0,29.48921944,-82.905416670,0,42,0,0,1,1,4,0,2,10,0,10,0,0000000,99,99,99,99,99,99,0,0,0,3,1
12,122021,1,1,1,1,95,0,17,11,2010,4,17,59,0,16,6,HIAWASSEE RD,,0,28.59250556,-81.476019440,0,8,0,0,1,1,1,0,3,1,0,1,0,0000000,99,99,99,99,99,99,0,0,0,1,0
12,122022,2,2,0,4,83,0,17,11,2010,4,7,31,0,13,2,US-301,NE 35TH STREET,99998,29.22824722,-82.148816670,0,12,6,0,2,3,1,0,1,1,0,1,0,0000000,99,99,99,99,99,99,0,0,0,1,0
12,122023,1,1,0,4,101,0,19,11,2010,6,18,45,1,1,1,I-75,,99998,28.31278889,-82.325355560,0,1,0,0,1,1,3,0,2,1,0,1,0,0000000,18,48,18,58,99,99,0,0,0,1,0
12,122025,2,2,0,2,73,0,19,11,2010,6,18,40,0,2,3,SR-20,BEN STOUTAMIRE RD,99998,30.39670833,-84.606308330,0,12,1,0,2,2,1,0,5,1,0,1,0,0000000,18,44,18,45,99,99,0,0,0,1,0
12,122026,1,1,1,4,101,0,20,11,2010,7,23,25,0,13,3,SR-54,,99998,28.19075833,-82.612413890,0,8,0,0,1,1,1,0,2,1,0,1,0,0000000,99,99,99,99,88,88,19,0,0,1,0
12,122028,1,1,0,1,95,0,21,11,2010,1,0,0,0,6,4,CR-526,NOME DRIVE,0,28.54198333,-81.446994440,0,33,0,0,2,2,4,0,3,1,0,1,0,0000000,99,99,99,99,99,99,0,0,0,1,1
12,122029,1,1,0,2,35,2439,21,11,2010,1,1,45,0,13,2,US-1,,99998,29.51164722,-81.264011110,0,1,0,0,1,1,3,0,2,1,0,1,0,0000000,1,50,1,58,99,99,0,0,0,1,1
12,122030,1,1,1,2,69,1240,21,11,2010,1,7,20,1,2,2,US-27,,99998,28.63103333,-81.773000000,0,9,0,0,1,1,1,0,1,1,0,1,0,0000000,99,99,99,99,99,99,0,0,0,1,0
12,122031,1,1,0,4,93,2300,21,11,2010,1,5,30,0,6,4,CR-68,,0,27.44969167,-80.807036110,0,1,0,0,1,1,4,0,2,10,0,10,0,0000000,99,99,99,99,99,99,0,0,0,1,1
12,122032,1,1,1,2,101,0,22,11,2010,2,19,30,0,3,2,US-41,,99998,28.43281944,-82.462402780,0,8,0,0,1,1,1,0,2,1,0,1,0,0000000,19,33,19,49,99,99,0,0,0,1,0
12,122033,1,1,0,1,121,0,23,11,2010,3,23,0,0,3,2,US-129,,99998,29.93451667,-82.860305560,0,35,0,0,1,1,4,0,2,1,0,1,0,0000000,99,99,99,99,88,88,0,0,0,1,1
12,122035,1,1,0,1,97,0,24,11,2010,4,22,24,0,6,4,PLEASANT HILL ROAD,,0,28.18862222,-81.437863890,0,1,0,0,1,1,3,0,2,1,0,1,0,0000000,99,99,99,99,88,88,0,0,0,1,1
12,122036,3,3,0,3,127,0,24,11,2010,4,2,3,0,13,2,US-1,,99998,29.33725000,-81.132983330,0,12,6,1,5,1,1,0,2,1,0,1,0,0000000,99,99,99,99,99,99,0,0,0,1,1
12,122037,2,2,0,2,85,1552,24,11,2010,4,23,35,0,13,2,US-1,,99998,27.24302222,-80.271500000,0,12,1,0,1,1,1,0,3,1,0,1,0,0000000,99,99,99,99,99,99,0,0,0,1,1
12,122039,2,2,0,6,11,1420,25,11,2010,5,18,10,1,11,1,I-95,,99998,26.00458333,-80.167102780,0,12,7,0,1,1,1,0,3,10,0,10,0,0000000,18,12,18,16,99,99,0,0,0,1,0
12,122040,3,3,0,5,131,0,26,11,2010,6,9,45,1,2,2,US-331,,99998,30.39822222,-86.169786110,0,12,6,0,1,1,1,0,1,10,0,10,0,0000000,99,99,99,99,99,99,0,0,0,2,0
12,122041,3,3,0,4,103,0,26,11,2010,6,10,5,0,14,3,SR-586,COUNTRYSIDE BLVD,99998,28.04871389,-82.718266670,0,12,6,0,2,2,1,0,1,10,0,10,0,0000000,99,99,99,99,99,99,0,0,0,2,0
12,122042,1,1,0,2,107,0,27,11,2010,7,2,26,0,3,3,SR-100,,99998,29.66880556,-81.700205560,0,34,0,0,1,1,4,0,2,10,0,10,0,0000000,2,27,2,36,99,99,0,0,0,1,1
12,122043,2,2,0,4,57,0,27,11,2010,7,18,45,1,11,1,I-75,,99998,27.71126667,-82.385783330,0,12,6,0,1,1,1,0,3,1,0,1,0,0000000,99,99,99,99,99,99,0,0,0,1,1
12,122045,2,2,0,3,95,0,28,11,2010,1,2,52,0,13,3,SR-414,ROSE AVE,99998,28.64005278,-81.443391670,0,12,6,0,2,2,1,0,3,1,0,1,0,0000000,99,99,99,99,99,99,0,0,0,1,2
12,122046,1,1,0,1,115,0,29,11,2010,2,6,55,1,1,1,I-75,,99998,27.10000556,-82.282536110,0,34,0,0,1,1,4,0,1,5,0,5,0,0000000,99,99,99,99,88,88,0,0,0,1,0
12,122047,2,2,0,2,127,920,29,11,2010,2,23,0,1,1,1,I-95,,99998,28.79883333,-80.901500000,0,1,0,0,1,1,3,0,2,2,0,2,0,0000000,99,99,99,99,88,88,0,0,0,1,1
12,122048,3,3,0,7,21,0,29,11,2010,2,19,25,0,3,3,SR-82,,99998,26.49431667,-81.468405560,0,12,2,0,1,1,1,0,2,1,0,1,0,0000000,99,99,99,99,99,99,14,0,0,1,0
12,122049,2,2,0,3,1,0,30,11,2010,3,8,20,1,11,1,I-75,,99998,29.66906389,-82.427486110,0,12,6,0,1,1,1,0,1,10,0,10,0,0000000,99,99,99,99,99,99,0,0,0,1,1
12,122050,3,3,0,4,131,0,30,11,2010,3,20,5,1,1,1,I-10,,99998,30.70975278,-86.168030560,0,12,2,0,1,1,1,0,2,2,0,2,0,0000000,99,99,99,99,99,99,0,0,0,2,0
12,122051,2,2,0,3,5,2450,30,11,2010,3,17,35,0,16,6,CR-2315,,0,30.21133056,-85.557716670,0,12,6,0,1,1,1,0,2,2,0,2,0,0000000,99,99,99,99,99,99,0,0,0,1,0
12,122052,1,1,1,1,95,0,30,11,2010,3,16,0,0,13,3,SR-423,,99998,28.60644722,-81.394177780,0,8,0,0,1,1,1,0,1,1,0,1,0,0000000,99,99,99,99,99,99,0,0,0,1,0
12,122053,2,2,0,2,53,0,30,11,2010,3,6,10,0,3,2,US-41,CR-481,99998,28.60893056,-82.359638890,0,12,6,0,2,4,1,0,2,10,0,10,0,0000000,99,99,99,99,99,99,0,0,0,1,0
12,122055,2,2,0,2,17,0,3,12,2010,6,12,56,0,6,4,CR-491,N SMITH TERRACE,0,28.96579444,-82.420766670,0,12,6,0,2,2,1,4,1,1,0,1,0,0000000,99,99,99,99,99,99,0,0,0,1,0
12,122056,3,3,0,3,127,0,3,12,2010,6,5,38,1,11,1,I-95,,99998,29.33585556,-81.130997220,0,12,7,0,1,1,1,0,2,1,0,1,0,0000000,99,99,99,99,88,88,0,0,0,1,1
12,122057,2,1,3,1,86,1340,3,12,2010,6,13,40,0,12,3,SR-826,,99998,25.87130000,-80.322938890,0,14,0,0,1,1,8,0,1,1,0,1,0,0000000,13,50,13,54,99,99,0,0,0,1,0
12,122058,1,1,0,1,103,0,4,12,2010,7,23,30,0,6,4,N BELCHER RD,,0,28.09668889,-82.746905560,0,33,0,0,1,1,3,0,2,1,0,1,0,0000000,99,99,99,99,99,99,0,0,0,1,1
12,122059,1,1,0,1,53,0,4,12,2010,7,21,0,0,6,4,CR-484,,0,28.52691389,-82.301191670,0,1,0,0,1,1,4,0,2,10,0,10,0,0000000,99,99,99,99,88,88,0,0,0,1,0
12,122062,2,2,0,6,95,0,6,12,2010,2,6,15,0,6,4,OLD WINTER GARDEN RD,POWERS DRIVE,0,28.53831667,-81.467600000,0,12,6,0,2,3,1,0,4,1,0,1,0,0000000,99,99,99,99,99,99,0,0,0,1,0
12,122063,1,1,1,1,119,0,10,12,2010,6,16,38,0,6,4,CR-721,,0,28.57000833,-82.034127780,0,8,0,0,1,1,1,0,1,10,0,10,0,0000000,16,39,16,49,88,88,0,0,0,1,0
12,122064,2,2,0,5,109,0,10,12,2010,6,13,20,0,13,2,US-1,BRAINARD DRIVE,99998,29.82603889,-81.322180560,0,12,1,0,2,3,1,0,1,2,0,2,0,0000000,99,99,99,99,99,99,0,0,0,1,0
12,122065,2,2,0,4,53,0,11,12,2010,7,3,42,1,1,1,I-75,,99998,28.56241389,-82.236133330,0,24,0,0,1,1,3,0,2,5,0,5,0,0000000,99,99,99,99,99,99,0,0,0,1,1
12,122066,1,1,0,2,47,0,11,12,2010,7,3,10,0,6,4,CR-51,,0,30.53055833,-82.939266670,0,42,0,0,1,1,4,0,2,2,0,2,0,0000000,99,99,99,99,88,88,0,0,0,2,1
12,122067,1,1,0,1,133,0,17,12,2010,6,12,0,0,2,3,SR-77,,99998,30.56353889,-85.613863890,0,24,0,0,1,1,4,0,9,99,0,99,0,0000000,99,99,99,99,88,88,0,0,0,1,0
12,122068,5,5,0,12,127,780,6,11,2010,7,20,28,0,13,3,SR-5A,,99998,29.18818889,-81.031450000,0,1,0,0,1,1,3,0,2,1,0,1,0,0000000,20,32,20,35,99,99,0,0,0,1,0
12,122069,2,2,0,3,86,0,26,11,2010,6,0,2,0,6,4,SW 117TH AVE,SW 168TH ST,0,25.61247500,-80.381672220,0,12,6,0,2,7,1,0,3,1,0,1,0,0000000,0,2,0,7,99,99,0,0,0,2,1
12,122070,1,1,0,2,11,1050,2,12,2010,5,3,30,1,11,1,I-95,,99998,26.11995833,-80.168911110,0,41,0,0,1,1,8,0,3,1,0,1,0,0000000,3,32,3,35,88,88,0,0,0,2,1
12,122071,1,1,1,2,86,0,5,12,2010,1,21,22,0,6,4,SW 26TH,,0,25.74348611,-80.416725000,0,8,0,0,1,1,1,0,3,1,0,1,0,0000000,21,27,21,29,88,88,0,0,0,1,0
12,122072,1,1,0,1,1,10,12,12,2010,1,17,39,0,2,2,US-441,,99998,29.77672500,-82.446455560,0,42,0,0,1,1,3,0,1,1,0,1,0,0000000,17,41,17,43,99,99,0,0,0,1,0
12,122073,1,1,1,1,17,0,13,12,2010,2,18,42,1,13,3,SR-44,,99998,28.85090278,-82.378094440,0,8,0,0,1,1,1,0,2,1,0,1,0,0000000,99,99,99,99,99,99,0,0,0,1,0
12,122074,1,1,1,3,9,0,19,12,2010,1,18,48,0,13,3,SR-520,NEWFOUND HARBOR DR,99998,28.35734444,-80.669088890,0,8,0,0,3,2,1,0,2,1,0,1,0,0000000,99,99,99,99,88,88,0,0,0,1,0
12,122075,1,1,0,1,21,0,20,12,2010,2,11,47,0,6,4,CR-881,,0,26.23591389,-81.752447220,0,42,0,0,1,1,3,0,1,1,0,1,0,0000000,99,99,99,99,99,99,0,0,0,1,0
12,122076,2,2,0,2,11,1050,18,8,2010,4,14,40,0,13,2,US-1,,99998,26.18194722,-80.119391670,0,12,6,0,8,1,1,0,1,1,0,1,0,0000000,99,99,99,99,99,99,0,0,0,1,0
12,122078,1,1,0,1,15,0,5,11,2010,6,12,34,0,14,3,SR-776,,99998,26.96601111,-82.210900000,0,30,0,0,1,1,4,0,1,10,0,10,0,0000000,12,36,12,36,88,88,0,0,0,1,0
12,122079,2,2,0,4,95,0,1,12,2010,4,7,2,0,13,3,SR-436,DRIGGS DRIVE,99998,28.59901111,-81.306533330,0,12,6,0,2,3,1,0,1,10,0,10,0,0000000,99,99,99,99,99,99,0,0,0,1,0
12,122080,1,1,0,3,99,290,1,12,2010,4,19,50,1,11,1,I-95,,99998,26.38702500,-80.104027780,0,30,0,0,1,1,4,0,3,1,0,1,0,0000000,99,99,99,99,99,99,0,0,0,1,0
12,122081,2,2,0,2,31,1510,2,12,2010,5,9,32,0,13,2,US-17,,99998,30.25022500,-81.698311110,0,12,1,0,1,1,1,0,1,1,0,1,0,0000000,9,46,9,48,88,88,0,0,0,1,0
12,122082,1,1,1,1,51,600,3,12,2010,6,6,2,1,13,2,US-27,,99998,26.75424722,-80.938869440,0,8,0,0,1,1,11,0,3,1,0,1,0,0000000,99,99,99,99,99,99,0,0,0,1,0
12,122083,1,1,1,1,83,0,3,12,2010,6,21,55,0,6,4,CR-464,,0,29.10233056,-82.010513890,0,8,0,0,1,1,1,0,3,1,0,1,0,0000000,99,99,99,99,99,99,0,0,0,1,0
12,122084,1,1,0,3,97,0,6,12,2010,2,19,20,1,2,3,SR-91,,99998,27.96594722,-81.103530560,0,1,0,0,1,1,1,0,2,10,0,10,0,0000000,99,99,99,99,99,99,0,0,0,1,1
12,122085,1,1,0,1,11,672,9,12,2010,5,4,33,1,12,3,SR-869,,99998,26.29160556,-80.298252780,0,1,0,0,1,1,1,0,3,10,0,10,0,0000000,99,99,99,99,99,99,0,0,0,1,1
12,122086,3,3,0,8,11,0,9,12,2010,5,0,19,1,2,2,US-27,,99998,26.23139444,-80.460702780,0,12,1,0,1,1,1,0,2,1,0,1,0,0000000,99,99,99,99,99,99,0,0,0,3,0
12,122087,2,2,0,7,91,0,10,12,2010,6,8,5,1,13,3,SR-20,,99998,30.48547778,-86.418980560,0,12,1,0,1,1,1,0,1,1,0,1,0,0000000,99,99,99,99,99,99,0,0,0,1,0
12,122088,2,2,0,5,71,1823,10,12,2010,6,6,18,0,6,4,CR-876,CR-884,0,26.61691389,-81.714405560,0,12,6,0,2,2,1,0,2,1,0,1,0,0000000,99,99,99,99,99,99,0,0,0,1,0
12,122089,2,2,0,3,95,0,10,12,2010,6,11,49,0,14,3,SR-434,LAKE WESTERN DR,99998,28.61020000,-81.415161110,0,12,6,0,2,3,1,0,1,1,0,1,0,0000000,99,99,99,99,99,99,0,0,0,1,0
12,122090,1,1,0,2,117,0,11,12,2010,7,4,25,0,16,6,OLD MIMS RD,,0,28.71431111,-81.114761110,0,43,0,0,1,1,4,0,2,5,0,5,0,0000000,99,99,99,99,88,88,0,0,0,2,1
12,122091,2,2,0,2,99,0,11,12,2010,7,9,17,0,14,6,10TH AVENUE,,99998,26.62858889,-80.090780560,0,12,6,0,8,1,1,0,1,1,0,1,0,0000000,99,99,99,99,99,99,0,0,0,1,1
12,122092,1,1,0,1,31,1510,12,12,2010,1,2,20,1,11,3,SR-9A,,99998,30.35315000,-81.553075000,0,33,0,1,5,1,4,0,3,5,0,5,0,0000000,99,99,99,99,99,99,0,0,0,1,1
12,122093,2,2,0,2,11,3193,14,12,2010,3,23,53,1,11,1,I-75,,99998,26.09074167,-80.363183330,0,12,7,0,1,1,1,0,3,1,0,1,0,0000000,99,99,99,99,99,99,0,0,0,1,1
12,122094,1,1,0,1,69,0,14,12,2010,3,23,50,0,16,6,LAKE ERIE ROAD,,0,28.46971389,-81.844211110,0,18,0,0,1,1,4,0,2,1,0,1,0,0000000,99,99,99,99,88,88,0,0,0,1,1
12,122095,1,1,1,1,57,0,15,12,2010,4,13,40,0,13,2,US-41,,99998,28.08673889,-82.459255560,0,8,0,0,1,1,1,0,1,1,0,1,0,0000000,99,99,99,99,99,99,0,0,0,1,0