STATE,ST_CASE,VE_TOTAL,VE_FORMS,PEDS,PERSONS,COUNTY,CITY,DAY,MONTH,YEAR,DAY_WEEK,HOUR,MINUTE,NHS,ROAD_FNC,ROUTE,TWAY_ID,TWAY_ID2,MILEPT,LATITUDE,LONGITUD,SP_JUR,HARM_EV,MAN_COLL,RELJCT1,RELJCT2,TYP_INT,REL_ROAD,WRK_ZONE,LGT_COND,WEATHER1,WEATHER2,WEATHER,SCH_BUS,RAIL,NOT_HOUR,NOT_MIN,ARR_HOUR,ARR_MIN,HOSP_HR,HOSP_MN,CF1,CF2,CF3,FATALS,DRUNK_DR
12,122096,2,2,0,2,89,0,16,12,2010,5,18,15,0,2,2,US-1,RATLIFF ROAD,99998,30.51078056,-81.793738890,0,12,6,0,2,2,1,0,2,1,0,1,0,0000000,99,99,99,99,99,99,0,0,0,1,1
12,122097,2,1,0,1,57,0,17,12,2010,6,21,15,1,11,1,I-75,,99998,27.85307222,-82.346361110,0,14,0,0,1,1,2,0,3,1,0,1,0,0000000,99,99,99,99,88,88,0,0,0,1,1
12,122098,1,1,0,3,81,0,18,12,2010,7,3,17,1,2,3,SR-70,,99998,27.38518889,-82.245338890,0,34,0,0,1,1,4,0,2,1,0,1,0,0000000,3,22,3,35,99,99,0,0,0,1,1
12,122099,1,1,1,1,86,2010,10,12,2010,6,18,10,0,14,2,US-441,,99998,25.82313056,-80.267369440,0,8,0,0,1,1,1,0,1,1,0,1,0,0000000,99,99,99,99,99,99,0,0,0,1,0
12,122100,1,1,0,1,51,0,20,12,2010,2,6,0,0,6,4,CR-835,,0,26.65324444,-80.902511110,0,43,0,0,1,1,4,0,4,1,0,1,0,0000000,99,99,99,99,88,88,0,0,0,1,0
12,122101,1,1,1,1,57,0,20,12,2010,2,20,43,0,13,3,SR-580,,99998,28.01272778,-82.504997220,0,8,0,0,1,1,1,0,3,1,0,1,0,0000000,99,99,99,99,88,88,0,0,0,1,0
12,122102,2,2,0,5,57,0,21,12,2010,3,20,58,1,13,3,SR-60,MILLER ROAD,99998,27.99983333,-82.244500000,0,12,6,0,2,2,1,0,3,1,0,1,0,0000000,99,99,99,99,99,99,0,0,0,1,0
12,122103,2,2,0,2,115,0,21,12,2010,3,13,23,0,6,4,BAHIA VISTA STREET,HONORE AVENUE,0,27.32306667,-82.464511110,0,12,6,0,2,2,1,0,1,1,0,1,0,0000000,99,99,99,99,99,99,0,0,0,1,0
12,122104,1,1,1,1,91,0,22,12,2010,4,17,25,0,6,4,JAMES LEE ROAD,,0,30.44416667,-86.617591670,0,8,0,0,1,1,1,0,2,1,0,1,0,0000000,99,99,99,99,99,99,0,0,0,1,0
12,122105,2,2,0,2,119,0,22,12,2010,4,17,13,0,2,2,US-301,,99998,28.62170278,-82.132663890,0,12,2,0,1,1,1,0,1,10,0,10,0,0000000,99,99,99,99,88,88,0,0,0,2,2
12,122106,2,2,0,2,99,0,2,12,2010,5,15,18,0,15,4,BENOIST FARMS ROAD,GOLDEN RIVER DRIVE,99998,26.69926389,-80.172944440,0,12,1,0,2,2,1,0,1,1,0,1,0,0000000,15,19,15,26,88,88,0,0,0,1,0
12,122107,1,1,0,3,57,0,3,12,2010,6,15,44,0,6,4,HARNEY ROAD,,0,27.99160556,-82.387533330,0,42,0,0,1,1,4,0,1,1,0,1,0,0000000,99,99,99,99,99,99,0,0,0,1,0
12,122108,1,1,1,4,39,0,11,12,2010,7,18,46,1,2,2,US-27,,99998,30.68037222,-84.383763890,0,8,0,0,1,1,1,0,2,1,0,1,0,0000000,99,99,99,99,88,88,0,0,0,1,0
12,122109,1,1,0,1,99,0,15,12,2010,4,8,17,0,15,4,BOCA RIO ROAD,,99998,26.35944444,-80.171383330,0,3,0,0,1,1,5,0,1,1,0,1,0,0000000,8,19,8,23,99,99,0,0,0,1,0
12,122110,2,2,0,4,101,0,15,12,2010,4,20,55,1,13,2,US-19,BOUGENVILLE DR,99998,28.31186111,-82.699388890,0,12,1,0,2,3,1,0,3,10,0,10,0,0000000,20,56,21,5,99,99,0,0,0,1,1
12,122111,1,1,1,1,127,2375,17,12,2010,6,1,25,0,13,2,US-1,,99998,29.30782222,-81.097088890,0,8,0,0,1,1,1,0,3,1,0,1,0,0000000,1,25,1,29,88,88,19,0,0,1,0
12,122112,1,1,1,1,57,0,17,12,2010,6,20,43,0,6,4,CR-672,,0,27.79225000,-82.372005560,0,8,0,0,1,1,1,0,2,1,0,1,0,0000000,20,44,20,51,88,88,19,0,0,1,0
12,122113,2,2,0,5,101,0,18,12,2010,7,22,43,0,6,4,BLANTON RD,CR-41,0,28.34781389,-82.201052780,0,12,6,0,2,3,1,0,2,5,0,5,0,0000000,99,99,99,99,99,99,0,0,0,1,0
12,122115,1,1,0,1,9,2424,27,12,2010,2,3,20,1,11,1,I-95 EXIT RAMP,,99998,28.03731667,-80.659330560,0,1,0,1,5,1,4,0,2,1,0,1,0,0000000,99,99,99,99,88,88,0,0,0,1,1
12,122116,2,2,0,2,69,1820,14,12,2010,3,14,18,0,14,3,SR-44,LAKE PORT BLVD,99998,28.80669167,-81.860891670,0,12,6,0,2,3,1,0,1,1,0,1,0,0000000,99,99,99,99,99,99,0,0,0,1,0
12,122117,2,2,0,3,45,2600,15,12,2010,4,9,8,0,2,2,US-98,,99998,29.82962778,-85.311963890,0,12,2,0,1,1,1,0,1,1,0,1,0,0000000,9,9,9,14,99,99,0,0,0,2,0
12,122118,2,2,0,2,86,1340,25,10,2010,2,18,2,0,16,6,PALM AVENUE,E 43RD STREET,0,25.86133333,-80.282841670,0,12,6,0,2,2,1,0,1,10,0,10,0,0000000,18,2,18,9,88,88,0,0,0,1,0
12,122119,1,1,1,2,86,1340,28,11,2010,1,21,17,0,14,3,SR-934,EAST 21ST STREET,99998,25.84092500,-80.280044440,0,8,0,0,3,2,1,0,3,10,0,10,0,0000000,22,42,22,55,88,88,0,0,0,1,0
12,122120,1,1,1,1,11,760,8,12,2010,4,18,58,0,13,3,SR-818,,99998,26.06227500,-80.187497220,0,9,0,0,1,1,1,0,2,1,0,1,0,0000000,18,58,18,59,88,88,0,0,0,1,0
12,122121,1,1,1,3,11,771,18,12,2010,7,1,25,1,11,3,SR-7,,99998,26.09091667,-80.201011110,0,8,0,0,1,1,1,2,2,1,0,1,0,0000000,1,27,1,32,88,88,19,0,0,1,0
12,122122,1,1,1,2,117,30,24,12,2010,6,20,10,0,13,3,SR-434,,99998,28.65423333,-81.418525000,0,9,0,0,1,1,1,0,3,1,0,1,0,0000000,20,12,20,14,99,99,0,0,0,1,0
12,122123,2,2,0,3,105,1740,29,8,2010,1,14,38,0,16,6,CHALET SUZANNE RD,EAGLE RIDGE DRIVE,0,27.95133611,-81.616894440,0,12,6,0,2,3,1,0,1,10,0,10,0,0000000,14,38,14,38,99,99,0,0,0,1,0
12,122124,1,1,0,1,103,570,30,9,2010,5,15,20,0,13,3,SR-580,RIGSBY LANE,99998,28.02669722,-82.704866670,0,33,0,0,2,2,4,0,1,1,0,1,0,0000000,15,21,15,23,99,99,0,0,0,1,0
12,122125,1,1,1,1,86,670,13,11,2010,7,19,21,0,14,3,SR-959,,99998,25.72966111,-80.286327780,0,8,0,0,1,1,1,0,3,1,0,1,0,0000000,99,99,99,99,99,99,0,0,0,1,0
12,122126,1,1,0,1,57,0,13,11,2010,7,23,55,0,6,4,HANNA RD,DEBUEL RD,0,28.12788056,-82.442877780,0,1,0,0,2,3,1,0,3,1,0,1,0,0000000,99,99,99,99,99,99,0,0,0,1,0
12,122127,1,1,0,1,17,1500,19,11,2010,6,7,52,0,14,2,US-41,INVERNESS REGIONAL P,99998,28.86198889,-82.352233330,0,33,0,0,2,3,4,0,1,1,0,1,0,0000000,7,55,7,58,99,99,0,0,0,1,0
12,122128,1,1,1,1,105,0,29,11,2010,2,6,5,0,6,4,CHASE RD,,0,28.14669444,-81.982075000,0,8,0,0,1,1,1,0,2,10,0,10,0,0000000,6,8,99,99,88,88,0,0,0,1,0
12,122129,1,1,0,3,71,1070,2,12,2010,5,1,41,0,16,6,SOUTH STREET,,0,26.63024722,-81.847302780,0,42,0,0,1,1,4,0,3,2,0,2,0,0000000,1,42,1,48,99,99,20,0,0,1,0
12,122130,2,2,0,4,105,1740,3,12,2010,6,13,59,0,16,6,BUCK MOORE ROAD,SUNSET DRIVE,0,27.90146389,-81.556038890,0,12,2,0,2,2,1,0,1,1,0,1,0,0000000,13,59,14,11,99,99,0,0,0,2,0
12,122131,2,2,0,2,86,0,4,12,2010,7,4,30,1,12,3,SR-821,,99998,25.90212500,-80.385011110,0,12,2,1,18,1,1,0,3,1,0,1,0,0000000,99,99,99,99,99,99,0,0,0,1,2
12,122132,2,1,0,1,105,0,16,12,2010,5,15,20,0,6,4,TURNER ROAD,,0,27.90948056,-82.036802780,0,34,0,0,1,1,4,0,1,1,0,1,0,0000000,99,99,99,99,88,88,0,0,0,1,1
12,122133,1,1,0,1,5,2450,17,12,2010,6,2,35,1,13,2,US-98,HICKORY AVENUE,99998,30.17539167,-85.697327780,0,33,0,0,3,3,4,0,3,10,0,10,0,0000000,2,36,2,37,88,88,0,0,0,1,1
12,122134,2,2,1,1,95,0,17,12,2010,6,1,48,0,6,4,CR-420,,0,28.58748889,-81.124375000,0,12,1,0,1,1,1,0,2,1,0,1,0,0000000,99,99,99,99,99,99,0,0,0,1,0
12,122135,1,1,0,2,119,0,18,12,2010,7,21,50,0,6,4,CR-478,,0,28.61645556,-82.106136110,0,34,0,0,1,1,4,0,2,1,0,1,0,0000000,99,99,99,99,99,99,0,0,0,1,0
12,122136,1,1,1,1,101,0,19,12,2010,1,19,18,0,6,4,CR-1,JASMINE BLVD,0,28.30816111,-82.666319440,0,9,0,0,3,2,1,0,3,1,0,1,0,0000000,99,99,99,99,99,99,0,0,0,1,0
12,122137,2,1,1,1,86,2010,20,12,2010,2,4,50,1,12,3,SR-836,,99998,25.78150000,-80.373666670,0,14,0,0,1,1,2,0,3,10,0,10,0,0000000,99,99,99,99,88,88,0,0,0,1,1
12,122138,1,1,0,1,31,1510,20,12,2010,2,23,15,0,14,3,SR-134,,99998,30.24629722,-81.873833330,0,1,0,0,1,1,4,0,2,1,0,1,0,0000000,99,99,99,99,88,88,20,0,0,1,1
12,122139,2,2,2,3,95,0,23,12,2010,5,18,53,0,13,3,SR-434,SCIENCE DR,99998,28.58317222,-81.207697220,0,8,0,0,3,2,1,0,3,1,0,1,0,0000000,99,99,99,99,99,99,0,0,0,1,0
12,122140,2,1,1,1,99,1750,24,12,2010,6,14,32,1,11,1,I-95,,99998,26.58203889,-80.068988890,0,14,0,0,1,1,8,0,1,10,0,10,0,0000000,99,99,99,99,88,88,0,0,0,1,1
12,122141,1,1,1,1,83,0,24,12,2010,6,3,25,0,6,4,NE 45TH AVENUE RD,,0,29.42061111,-82.082747220,0,8,0,0,1,1,1,0,2,1,0,1,0,0000000,99,99,99,99,88,88,0,0,0,1,0
12,122142,2,2,0,5,101,0,24,12,2010,6,13,55,0,13,3,SR-54,COMMUNITY DR,99998,28.19187222,-82.606333330,0,12,6,0,2,3,1,0,1,1,0,1,0,0000000,13,54,13,57,88,88,0,0,0,1,0
12,122143,1,1,1,2,11,1782,25,12,2010,7,22,14,0,13,3,SR-870,,99998,26.19388611,-80.245566670,0,8,0,0,1,1,1,8,3,1,0,1,0,0000000,22,14,22,20,99,99,19,0,0,1,0
12,122144,1,1,0,1,31,1510,25,12,2010,7,13,0,1,11,1,I-10,,99998,30.31696111,-81.768669440,0,24,0,1,5,1,4,0,1,1,0,1,0,0000000,13,5,13,10,88,88,0,0,0,1,0
12,122145,1,1,1,1,95,0,26,12,2010,1,17,49,9,99,9,RIVERSIDE DRIVE,,99998,28.38587778,-81.537244440,0,8,0,0,1,1,1,0,5,1,0,1,0,0000000,99,99,99,99,99,99,0,0,0,1,0
12,122146,2,2,0,4,57,2540,27,12,2010,2,18,38,0,13,2,US-92,WILDER ROAD,99998,28.02018889,-82.096752780,0,12,2,0,2,3,1,0,2,1,0,1,0,0000000,99,99,99,99,99,99,0,0,0,1,0
12,122147,1,1,0,9,35,0,5,12,2010,1,23,0,1,11,1,I-95,,99998,29.59036111,-81.242847220,0,1,0,0,1,1,4,0,2,10,0,10,0,0000000,99,99,99,99,99,99,0,0,0,5,0
12,122148,2,2,0,2,103,2730,30,9,2010,5,0,1,0,16,6,18TH AVENUE S,21ST STREET S,0,27.75206944,-82.660902780,0,12,6,0,2,3,1,0,3,1,0,1,0,0000000,0,3,0,4,99,99,0,0,0,1,0
12,122149,1,1,0,1,9,2424,24,10,2010,1,1,17,0,16,6,NW MINTON ROAD,NW AMERICANA BLVD,0,28.01103611,-80.671983330,0,30,0,0,2,2,4,0,3,1,0,1,0,0000000,1,18,1,21,88,88,0,0,0,1,0
12,122150,2,2,0,3,117,0,20,11,2010,7,21,59,0,16,6,CR-46A,CR-46A,0,28.78643889,-81.316319440,0,12,6,0,2,3,1,0,3,1,0,1,0,0000000,99,99,99,99,99,99,0,0,0,1,1
12,122151,1,1,1,1,9,2424,24,11,2010,4,18,27,0,16,6,NE PALM BAY RD,,0,28.03505278,-80.618400000,0,8,0,0,1,1,1,0,1,1,0,1,0,0000000,18,28,18,30,88,88,0,0,0,1,0
12,122152,2,2,0,4,49,0,28,11,2010,1,13,35,1,13,2,US-17,REA ROAD,99998,27.45933333,-81.999833330,0,12,6,0,2,2,1,0,1,1,0,1,0,0000000,99,99,99,99,99,99,0,0,0,1,0
12,122153,2,2,0,2,127,0,28,11,2010,1,10,58,9,99,9,W MAIN ST,S HIGH ST,99998,28.98471944,-81.235933330,0,12,6,0,2,2,1,0,1,1,0,1,0,0000000,99,99,99,99,99,99,0,0,0,1,0
12,122154,1,1,1,1,9,630,1,12,2010,4,23,48,0,13,3,SR-520,,99998,28.35796111,-80.614005560,0,15,0,0,1,1,1,0,2,1,0,1,0,0000000,23,57,0,3,99,99,0,0,0,1,0
12,122155,1,1,1,1,83,0,2,12,2010,5,22,18,0,6,4,CR-464,,0,29.15671667,-82.178550000,0,8,0,0,1,1,1,0,2,1,0,1,0,0000000,99,99,99,99,88,88,0,0,0,1,0
12,122156,2,2,0,3,35,2439,7,12,2010,3,10,58,0,13,3,SR-100,I-95,99998,29.47617222,-81.183350000,0,12,6,0,2,2,1,0,1,1,0,1,0,0000000,99,99,99,99,99,99,0,0,0,1,0
12,122157,1,1,0,1,17,0,9,12,2010,5,0,0,0,6,4,W CARDINAL STREET,,0,28.76403889,-82.529994440,0,1,0,0,1,1,4,0,2,1,0,1,0,0000000,99,99,99,99,88,88,0,0,0,1,1
12,122158,2,2,0,2,81,340,16,12,2010,5,23,26,0,14,3,SR-64,,99998,27.49588333,-82.612558330,0,12,1,0,1,1,1,0,3,1,0,1,0,0000000,23,26,23,32,99,99,0,0,0,1,1
12,122159,2,2,0,2,9,0,18,12,2010,7,9,52,0,6,4,WICKHAM RD,HOOK PLACE,0,28.20769444,-80.672172220,0,12,6,0,2,3,1,0,1,2,0,2,0,0000000,99,99,99,99,99,99,0,0,0,1,0
12,122160,1,1,1,1,86,0,19,12,2010,1,6,15,0,13,2,US-41,SW 5TH AVENUE,99998,25.76711389,-80.202447220,0,8,0,0,2,2,1,0,4,1,0,1,0,0000000,6,15,6,18,99,99,0,0,0,1,0
12,122161,2,2,0,2,95,2360,19,12,2010,1,3,15,0,16,6,VINELAND RD,,0,28.48286389,-81.453652780,0,12,2,0,1,1,1,0,3,5,0,5,0,0000000,3,15,3,19,99,99,0,0,0,1,0
12,122162,3,3,0,5,99,820,23,12,2010,5,11,28,0,12,6,MILITARY TRL,LINTON BLVD,99998,26.43562778,-80.122244440,0,12,6,0,2,2,1,0,1,1,0,1,0,0000000,99,99,99,99,99,99,0,0,0,1,0
12,122164,3,3,0,6,17,0,24,12,2010,6,20,0,0,3,2,US-41,,99998,28.72461944,-82.303511110,0,12,2,0,1,1,1,0,2,1,0,1,0,0000000,99,99,99,99,99,99,0,0,0,1,0
12,122165,1,1,1,1,31,110,24,12,2010,6,18,50,0,13,3,SR-10,ATLANTIC BLVD,99998,30.32460556,-81.405983330,0,8,0,0,3,1,1,0,2,1,0,1,0,0000000,18,50,18,53,99,99,0,0,0,1,1
12,122166,1,1,0,7,86,1440,25,12,2010,7,22,0,0,16,6,NE 8TH ST,WATERSTONE WAY,0,25.47771667,-80.420047220,0,1,0,0,2,2,4,0,3,1,0,1,0,0000000,22,3,22,7,99,99,0,0,0,1,1
12,122167,1,1,0,1,21,0,28,12,2010,3,13,5,0,6,4,LELY RESORT BLVD,,0,26.30727778,-81.742094440,0,33,0,0,1,1,4,0,1,1,0,1,0,0000000,99,99,99,99,99,99,0,0,0,1,0
12,122168,1,1,0,1,29,0,29,12,2010,4,20,35,0,6,4,CR-349,,0,29.54651111,-82.990780560,0,1,0,0,1,1,1,0,2,1,0,1,0,0000000,99,99,99,99,99,99,0,0,0,1,1
12,122169,1,1,1,1,57,0,30,12,2010,5,17,15,0,6,4,ANDERSON ROAD,,0,27.99975278,-82.525961110,0,8,0,0,1,1,1,0,2,1,0,1,0,0000000,99,99,99,99,88,88,0,0,0,1,0
12,122170,1,1,0,1,5,0,30,12,2010,5,11,40,0,6,4,WAHOO ROAD,,0,30.15232500,-85.748072220,0,42,0,0,1,1,4,0,1,10,0,10,0,0000000,99,99,99,99,88,88,0,0,0,1,1
12,122171,2,2,0,2,9,0,30,12,2010,5,21,25,0,6,4,COURTENAY PKWY,,0,28.48318056,-80.678611110,0,12,2,0,1,1,1,0,2,10,0,10,0,0000000,99,99,99,99,99,99,0,0,0,1,1
12,122172,2,2,0,3,57,2950,30,12,2010,5,16,1,1,11,1,I-275,,99998,27.95071111,-82.519902780,0,12,1,0,1,1,1,0,1,1,0,1,0,0000000,99,99,99,99,99,99,0,0,0,1,0
12,122173,1,1,1,1,86,2010,30,12,2010,5,0,25,1,11,1,I-395,,99998,25.78625556,-80.188588890,0,8,0,0,1,1,1,1,3,10,0,10,0,0000000,99,99,99,99,88,88,0,0,0,1,0
12,122174,1,1,0,1,115,0,30,12,2010,5,9,11,1,1,1,I-75 RAMP,,99998,27.29570556,-82.447394440,0,1,0,1,5,1,8,0,1,1,0,1,0,0000000,99,99,99,99,88,88,0,0,0,1,0
12,122175,2,2,0,3,95,0,30,12,2010,5,21,0,0,13,3,SR-436,TERRY BROOK DRIVE,99998,28.58108333,-81.307897220,0,12,6,0,2,3,1,0,2,1,0,1,0,0000000,99,99,99,99,88,88,0,0,0,1,0
12,122176,1,1,0,1,21,0,31,12,2010,6,15,14,0,2,2,US-41,,99998,25.84486111,-80.919594440,0,42,0,0,1,1,4,0,1,1,0,1,0,0000000,99,99,99,99,88,88,0,0,0,1,1
12,122177,1,1,0,1,89,0,31,12,2010,6,22,30,0,6,4,CR-121,,0,30.45815833,-82.001577780,0,34,0,0,1,1,4,0,2,5,0,5,0,0000000,99,99,99,99,88,88,0,0,0,1,0
12,122178,1,1,1,1,86,670,6,7,2010,3,16,44,0,16,6,ANDALUSIA AVENUE,GALIANO STREET,0,25.74877778,-80.256363890,0,8,0,0,3,2,1,0,1,10,0,10,0,0000000,16,44,16,47,99,99,0,0,0,1,0
12,122179,1,1,1,3,111,2601,28,10,2010,5,14,27,0,15,6,SW CASHMERE BLVD,ST LUCIE WEST BLVD,99998,27.31766667,-80.379255560,0,9,0,0,3,2,1,0,1,98,0,98,0,0000000,99,99,99,99,99,99,0,0,0,1,0
12,122180,2,2,1,2,83,0,29,10,2010,6,20,25,0,6,4,CR-326,,0,29.26716111,-82.215380560,0,9,0,0,1,1,1,0,2,1,0,1,0,0000000,99,99,99,99,88,88,0,0,0,1,0
12,122181,2,2,0,2,111,0,23,11,2010,3,10,34,1,11,1,I-95,,99998,27.37453056,-80.408958330,0,12,2,1,5,1,1,0,1,1,0,1,0,0000000,99,99,99,99,99,99,0,0,0,1,0
12,122182,1,1,0,1,127,0,25,11,2010,5,22,35,1,11,1,I-95 RAMP,,99998,29.15656111,-81.070725000,0,42,0,1,5,1,4,0,3,1,0,1,0,0000000,22,36,22,42,99,99,0,0,0,1,0
12,122183,1,1,1,4,31,110,28,11,2010,1,1,51,0,16,6,E COAST DR,3RD ST,0,30.32805556,-81.397416670,0,9,0,0,2,2,1,0,3,1,0,1,0,0000000,99,99,99,99,99,99,0,0,0,1,0
12,122184,3,3,0,4,105,0,18,12,2010,7,6,56,1,2,3,SR-60,,99998,27.80577778,-81.303461110,0,12,6,0,1,1,1,0,4,10,0,10,0,0000000,99,99,99,99,99,99,0,0,0,1,0
12,122185,1,1,0,3,71,0,24,12,2010,6,2,24,0,6,4,KIMBERLY TERRACE,,0,26.52640000,-81.901069440,0,42,0,0,1,1,4,0,2,1,0,1,0,0000000,99,99,99,99,99,99,0,0,0,1,1
12,122186,1,1,0,1,31,1510,28,12,2010,3,22,40,1,11,1,I-295 SB EXIT RAMP,,99998,30.17620278,-81.558830560,0,59,0,1,5,1,4,0,3,1,0,1,0,0000000,99,99,99,99,88,88,0,0,0,1,0
12,122187,2,2,0,3,71,0,28,12,2010,3,23,35,0,13,2,US-41,,99998,26.50182778,-81.856080560,0,12,6,0,8,1,1,0,2,1,0,1,0,0000000,99,99,99,99,99,99,0,0,0,2,1
12,122188,2,2,0,2,115,0,28,12,2010,3,19,55,0,6,4,CATTLEMEN ROAD,,0,27.33638611,-82.450244440,0,12,2,0,1,1,1,0,3,1,0,1,0,0000000,99,99,99,99,99,99,0,0,0,1,0
12,122189,1,1,0,1,83,0,29,12,2010,4,11,25,0,6,4,SW INDIAN HILL DRIVE,,0,29.17010278,-82.510463890,0,30,0,0,1,1,4,0,1,1,0,1,0,0000000,99,99,99,99,88,88,0,0,0,1,1
12,122190,3,3,1,12,87,1568,29,12,2010,4,19,33,1,13,2,US-1,,99998,25.09625833,-80.438655560,0,9,0,0,1,1,1,0,2,1,0,1,0,0000000,99,99,99,99,88,88,0,0,0,1,0
12,122191,1,1,1,1,95,0,29,12,2010,4,18,30,0,6,4,DOVEHILL DRIVE,THOMPSON ROAD,0,28.67544444,-81.488722220,0,8,0,0,3,3,1,0,2,1,0,1,0,0000000,99,99,99,99,99,99,0,0,0,1,0
12,122192,1,1,1,2,127,0,29,12,2010,4,18,20,0,14,3,SR-15A,,99998,29.02367778,-81.324125000,0,8,0,0,1,1,1,0,2,1,0,1,0,0000000,99,99,99,99,99,99,0,0,0,1,0
12,122193,2,2,0,2,111,2601,3,2,2010,4,6,0,0,15,6,SW DEL RIO BLVD,,99998,27.28856944,-80.407380560,0,12,8,0,1,1,1,0,3,10,0,10,0,0000000,5,54,6,5,88,88,0,0,0,1,0
12,122194,1,1,1,1,91,1091,17,11,2010,4,17,54,1,13,2,US-98,,99998,30.40433333,-86.616461110,0,8,0,0,1,1,1,0,3,1,0,1,0,0000000,17,54,17,58,99,99,0,0,0,1,0
12,122195,2,2,0,3,99,1560,7,11,2010,1,16,54,0,15,6,CENTRAL BLVD,W INDIAN CREEK DR,99998,26.91759722,-80.134519440,0,12,6,0,2,2,1,0,1,10,0,10,0,0000000,99,99,99,99,99,99,0,0,0,1,0
12,122196,1,1,1,1,111,0,22,11,2010,2,22,3,0,15,6,KINGS HWY,,99998,27.52923889,-80.398213890,0,8,0,0,1,1,1,0,3,10,0,10,0,0000000,22,5,22,9,99,99,0,0,0,1,0
12,122197,2,2,0,4,105,0,20,12,2010,2,10,15,0,6,4,N 10TH ST,PATTERSON RD,0,28.14308889,-81.623397220,0,12,6,0,2,2,1,0,1,1,0,1,0,0000000,10,18,10,26,99,99,0,0,0,1,0
12,122198,1,1,1,1,57,2950,18,11,2010,5,6,20,0,13,3,SR-574,,99998,27.98132778,-82.490472220,0,8,0,0,1,1,1,0,3,1,0,1,0,0000000,6,23,6,30,99,99,0,0,0,1,0
12,122199,1,1,0,7,127,2340,11,12,2010,7,1,33,0,16,6,HARLEY BLVD,,0,28.91672500,-81.288125000,0,30,0,0,1,1,4,0,2,10,0,10,0,0000000,1,34,1,40,99,99,0,0,0,2,0
12,122200,1,1,0,1,57,2950,13,12,2010,2,21,13,0,16,6,N HOWARD AVE,,0,27.95511111,-82.482930560,0,19,0,0,1,1,4,0,3,1,0,1,0,0000000,21,15,21,19,88,88,0,0,0,1,0
12,122201,1,1,0,2,86,0,18,12,2010,7,5,7,0,6,4,HAMMOCKS BLVD,,0,25.67582778,-80.440069440,0,1,0,0,1,1,4,0,3,1,0,1,0,0000000,5,1,5,11,99,99,0,0,0,1,1
12,122202,3,3,0,3,103,1770,27,12,2010,2,19,13,1,12,2,US-19,,99998,27.90815833,-82.728955560,0,25,0,0,1,1,3,0,3,1,0,1,0,0000000,19,12,19,14,88,88,14,0,0,1,0
12,122203,1,1,1,1,86,0,23,10,2010,7,6,34,0,6,4,SW 117TH AVE,,0,25.59471944,-80.380880560,0,8,0,0,1,1,1,0,2,1,0,1,0,0000000,6,35,6,43,99,99,0,0,0,1,0
12,122204,2,2,0,3,57,0,3,11,2010,4,21,41,0,6,4,CR-587,ANDERSON RD,0,28.06083333,-82.540561110,0,12,6,0,2,2,1,0,2,1,0,1,0,0000000,99,99,99,99,99,99,0,0,0,1,0
12,122205,1,1,1,1,11,1420,6,11,2010,7,22,7,0,14,3,SR-A1A,,99998,25.98895278,-80.119025000,0,8,0,0,1,1,1,0,3,1,0,1,0,0000000,22,7,22,8,99,99,0,0,0,1,0
12,122206,1,1,1,2,127,0,12,11,2010,6,18,8,0,16,6,E GRAVES AVE,,0,28.94868056,-81.263533330,0,8,0,0,1,1,1,0,2,1,0,1,0,0000000,18,10,18,16,88,88,0,0,0,1,0
12,122207,3,1,1,2,11,1782,22,5,2010,7,9,7,0,16,6,NW 36TH AVE,,0,26.13494444,-80.196636110,0,14,0,0,1,1,4,0,1,1,0,1,0,0000000,99,99,99,99,99,99,0,0,0,2,0
12,122208,1,1,0,1,103,2730,26,10,2010,3,14,34,0,16,6,16TH ST,BURLINGTON AVE N,0,27.77385000,-82.654863890,0,44,0,0,2,2,4,0,1,1,0,1,0,0000000,22,50,22,51,88,88,20,0,0,1,1
12,122209,2,2,0,2,19,0,15,11,2010,2,18,20,0,6,4,LONG BAY RD,BRONCO RD,0,30.10431389,-81.864613890,0,12,2,0,3,3,1,0,2,1,0,1,0,0000000,99,99,99,99,99,99,0,0,0,1,0
12,122210,1,1,1,1,86,2010,11,7,2010,1,20,50,0,16,6,NW 17TH AVE,70TH ST,0,25.83845556,-80.225236110,0,8,0,0,2,2,1,0,2,1,0,1,0,0000000,99,99,99,99,99,99,0,0,0,1,0
12,122211,1,1,0,1,11,2468,26,9,2010,1,5,35,0,15,6,TAFT ST,,99998,26.02298611,-80.267847220,0,33,0,0,1,1,4,0,2,1,0,1,0,0000000,5,41,5,46,99,99,0,0,0,1,0
12,122212,1,1,1,1,11,1050,17,10,2010,1,6,58,0,14,3,SR-A1A,E SUNRISE BLVD,99998,26.13816389,-80.102938890,0,8,0,0,3,3,1,0,4,10,0,10,0,0000000,99,99,99,99,99,99,0,0,0,1,0
12,122214,1,1,1,2,127,2190,17,11,2010,4,20,15,0,13,3,SR-44,,99998,29.01333889,-80.954530560,0,8,0,0,1,1,1,0,3,1,0,1,0,0000000,20,17,20,21,88,88,0,0,0,1,0
12,122215,2,2,0,2,86,1340,20,11,2010,7,19,45,0,16,6,E 4TH AVENUE,E 40TH STREET,0,25.85884722,-80.274663890,0,12,6,0,2,2,1,0,3,10,0,10,0,0000000,99,99,99,99,99,99,0,0,0,1,0