STATE,ST_CASE,VE_TOTAL,VE_FORMS,PEDS,PERSONS,COUNTY,CITY,DAY,MONTH,YEAR,DAY_WEEK,HOUR,MINUTE,NHS,ROAD_FNC,ROUTE,TWAY_ID,TWAY_ID2,MILEPT,LATITUDE,LONGITUD,SP_JUR,HARM_EV,MAN_COLL,RELJCT1,RELJCT2,TYP_INT,REL_ROAD,WRK_ZONE,LGT_COND,WEATHER1,WEATHER2,WEATHER,SCH_BUS,RAIL,NOT_HOUR,NOT_MIN,ARR_HOUR,ARR_MIN,HOSP_HR,HOSP_MN,CF1,CF2,CF3,FATALS,DRUNK_DR
12,122216,2,2,0,5,86,0,25,11,2010,5,18,24,0,16,6,ORIENTAL BLVD,NW 33RD COURT,0,25.91143056,-80.255141670,0,12,6,0,2,3,1,0,3,1,0,1,0,0000000,18,45,18,47,99,99,0,0,0,1,0
12,122217,1,1,1,1,86,2230,26,11,2010,6,18,42,0,16,6,NE 159TH STREET,NE 12TH AVENUE,0,25.92169722,-80.175927780,0,9,0,0,3,2,1,0,2,1,0,1,0,0000000,99,99,99,99,99,99,0,0,0,1,0
12,122218,1,1,1,1,95,2360,26,11,2010,6,3,32,0,14,3,SR-482,,99998,28.45068056,-81.452811110,0,15,0,0,1,1,1,0,2,1,0,1,0,0000000,99,99,99,99,99,99,0,0,0,1,0
12,122219,1,1,0,1,11,1420,26,11,2010,6,3,0,0,16,6,JEFFERSON STREET,S 56TH AVENUE,0,26.00447500,-80.199144440,0,38,0,0,3,2,4,0,3,1,0,1,0,0000000,3,0,3,8,99,99,0,0,0,1,0
12,122220,1,1,1,1,127,1410,30,11,2010,3,21,12,0,16,6,CALLE GRANDE STREET,,0,29.25935000,-81.057305560,0,9,0,0,1,1,1,0,2,1,0,1,0,0000000,99,99,99,99,99,99,0,0,0,1,0
12,122221,2,1,0,2,105,0,30,11,2010,3,3,20,0,13,2,US-92,,99998,28.04797222,-81.870766670,0,1,0,0,1,1,1,0,2,1,0,1,0,0000000,3,21,3,33,88,88,0,0,0,2,1
12,122222,2,2,0,2,105,3300,30,11,2010,3,13,42,0,14,2,US-92,LYNCHBURG ROAD,99998,28.06773889,-81.751519440,0,12,6,0,2,3,1,0,1,1,0,1,0,0000000,13,43,13,52,99,99,0,0,0,1,0
12,122223,1,1,0,1,86,0,5,12,2010,1,4,5,1,11,1,I-195,,99998,25.81041667,-80.142686110,0,42,0,0,1,1,4,0,3,1,0,1,0,0000000,99,99,99,99,88,88,0,0,0,1,1
12,122224,1,1,0,1,31,1510,12,12,2010,1,8,47,0,13,3,SR-21,DORMINY AVE,99998,30.25206389,-81.743050000,0,1,0,0,2,3,4,0,2,10,0,10,0,0000000,8,47,8,50,99,99,0,0,0,1,1
12,122225,1,1,0,1,81,0,17,12,2010,6,16,45,0,2,3,SR-64,,99998,27.47351111,-82.207802780,0,34,0,0,1,1,4,0,1,1,0,1,0,0000000,99,99,99,99,88,88,0,0,0,1,1
12,122226,1,1,0,1,83,0,19,12,2010,1,3,10,0,6,4,SW 156TH PL,,0,28.99530278,-82.243222220,0,42,0,0,1,1,4,0,2,10,0,10,0,0000000,99,99,99,99,88,88,0,0,0,1,1
12,122227,2,2,0,4,1,0,30,12,2010,5,13,30,0,14,3,SR-24,SW 81ST ST,99998,29.59453056,-82.429744440,0,12,6,0,2,2,1,0,1,1,0,1,0,0000000,99,99,99,99,99,99,0,0,0,2,0
12,122228,1,1,0,1,19,0,31,12,2010,6,3,18,0,6,4,NOLAN RD,,0,30.12025833,-81.949169440,0,1,0,0,1,1,4,0,2,1,0,1,0,0000000,99,99,99,99,88,88,0,0,0,1,1
12,122229,2,2,0,2,31,1510,31,12,2010,6,11,39,0,16,6,2314 LAKE SHORE BLVD,,0,30.27645556,-81.734925000,0,12,6,0,1,1,1,0,1,1,0,1,0,0000000,11,40,11,47,99,99,0,0,0,1,0
12,122230,1,1,0,1,15,0,31,12,2010,6,14,56,0,16,6,PLACIDA ROAD,,0,26.83774167,-82.272780560,0,59,0,0,1,1,4,0,1,1,0,1,0,0000000,99,99,99,99,99,99,0,0,0,1,0
12,122231,3,3,0,4,85,0,31,12,2010,6,16,48,1,2,3,SR-710,,99998,27.10301389,-80.592802780,0,12,1,0,1,1,1,0,1,1,0,1,0,0000000,99,99,99,99,88,88,0,0,0,1,0
12,122232,1,1,0,1,11,2541,19,12,2010,1,2,20,0,16,6,CENTRAL PARK PLACE,,0,26.12291111,-80.276741670,0,42,0,0,1,1,4,0,3,10,0,10,0,0000000,2,21,2,23,99,99,0,0,0,1,0
12,122233,2,2,0,2,69,1820,24,12,2010,6,7,30,0,13,2,US-441,CR-473,99998,28.81886389,-81.773577780,0,12,6,0,2,2,1,0,1,1,0,1,0,0000000,7,34,7,36,99,99,0,0,0,1,0
12,122234,1,1,1,1,11,2570,2,11,2010,3,15,5,0,2,3,SR-834,,99998,26.27477222,-80.139791670,0,8,0,0,1,1,1,0,1,1,0,1,0,0000000,99,99,99,99,99,99,0,0,0,1,0
12,122235,1,1,1,1,11,1420,29,11,2010,2,10,58,0,14,3,SR-822,SHERIDAN ST,99998,26.03342778,-80.149586110,0,8,0,0,3,3,1,0,1,1,0,1,0,0000000,99,99,99,99,99,99,0,0,0,1,0
12,122236,1,1,0,2,31,1510,30,11,2010,3,22,37,0,16,6,SOLOMON RD,,0,30.20620833,-81.938300000,0,38,0,0,1,1,4,0,2,1,0,1,0,0000000,99,99,99,99,99,99,0,0,0,1,1
12,122237,6,6,0,9,73,2940,2,12,2010,5,16,10,0,6,4,W TENNESSEE ST,MACOMB STREET,0,30.44470278,-84.288491670,0,12,6,0,2,2,1,0,1,1,0,1,0,0000000,16,15,16,15,99,99,14,0,0,1,0
12,122238,2,2,0,2,99,0,3,12,2010,6,10,59,0,13,3,SR-704,,99998,26.70726389,-80.131802780,0,12,1,0,1,1,1,0,1,1,0,1,0,0000000,99,99,99,99,99,99,0,0,0,1,0
12,122239,1,1,0,1,105,3300,4,12,2010,7,14,32,0,14,3,SR-540,10TH STREET SE,99998,28.00462778,-81.710883330,0,43,0,0,2,3,3,0,1,1,0,1,0,0000000,99,99,99,99,99,99,0,0,0,1,0
12,122240,2,2,0,2,73,0,11,12,2010,7,21,33,0,6,3,SR-371,,0,30.41461944,-84.344419440,0,12,2,0,1,1,1,0,9,1,0,1,0,0000000,99,99,99,99,99,99,0,0,0,1,1
12,122241,1,1,0,1,17,0,29,8,2010,1,4,55,0,16,6,W HOMOSASSA TRAIL,,0,28.81870278,-82.535227780,0,42,0,0,1,1,4,0,2,1,0,1,0,0000000,99,99,99,99,99,99,0,0,0,1,1
12,122242,1,1,1,1,127,1410,30,8,2010,2,20,55,0,13,2,US-1,,99998,29.22670278,-81.031222220,0,8,0,0,1,1,1,0,3,1,0,1,0,0000000,99,99,99,99,99,99,0,0,0,1,0
12,122243,2,2,0,2,119,0,24,9,2010,6,23,36,0,2,2,US-301,,99998,28.88102778,-82.037241670,0,12,6,0,1,1,1,1,2,2,0,2,0,0000000,23,36,23,41,88,88,0,0,0,1,0
12,122244,2,2,0,5,127,787,25,11,2010,5,18,11,0,13,2,US-17,PINE MEADOW DR,99998,28.89706389,-81.305208330,0,12,6,0,2,2,1,0,3,1,0,1,0,0000000,18,11,18,16,99,99,0,0,0,1,0
12,122245,2,2,0,2,71,0,22,12,2010,4,11,51,0,13,2,US-41,,99998,26.37362500,-81.807958330,0,12,2,0,1,1,1,0,1,1,0,1,0,0000000,99,99,99,99,99,99,0,0,0,1,0
12,122246,1,1,0,1,125,0,23,12,2010,5,16,26,0,6,4,CR-229,,0,30.06281111,-82.236669440,0,1,0,0,1,1,4,0,1,1,0,1,0,0000000,99,99,99,99,88,88,20,0,0,1,0
12,122247,1,1,1,1,11,760,23,12,2010,5,20,5,0,13,3,SR-818,SW 32ND AVE,99998,26.06238889,-80.185502780,0,8,0,0,3,2,1,0,3,1,0,1,0,0000000,20,6,20,10,88,88,0,0,0,1,1
12,122248,1,1,1,1,95,0,30,12,2010,5,21,59,0,6,4,CR-502,,0,28.47233889,-81.408819440,0,8,0,0,1,1,1,0,3,1,0,1,0,0000000,99,99,99,99,99,99,0,0,0,1,0
12,122249,1,1,0,1,103,2530,3,10,2010,1,16,29,0,16,6,58TH STREET,91ST AVENUE,0,27.85459167,-82.712452780,0,30,0,0,2,2,4,0,1,10,0,10,0,0000000,99,99,99,99,99,99,0,0,0,1,1
12,122250,2,2,2,3,127,782,16,10,2010,7,19,59,0,13,3,SR-A1A,,99998,29.14751667,-80.967222220,0,8,0,0,1,1,1,0,3,1,0,1,0,0000000,99,99,99,99,99,99,0,0,0,1,0
12,122251,1,1,1,1,11,0,20,10,2010,4,22,9,0,13,3,SR-858,,99998,25.98427500,-80.195983330,0,15,0,0,1,1,1,0,3,2,0,2,0,0000000,99,99,99,99,99,99,0,0,0,1,0
12,122252,1,1,1,2,11,1400,11,12,2010,7,19,0,0,15,3,SR-A1A,,99998,26.27581111,-80.080333330,0,8,0,0,1,1,1,0,2,1,0,1,0,0000000,99,99,99,99,99,99,0,0,0,1,0
12,122253,1,1,0,1,103,0,20,12,2010,2,12,0,0,16,6,CR-501,,0,27.86645833,-82.742844440,0,42,0,0,1,1,4,0,1,1,0,1,0,0000000,99,99,99,99,99,99,0,0,0,1,0
12,122254,2,2,0,3,31,1510,22,12,2010,4,10,3,0,13,2,US-90,CAMDEN AVE,99998,30.30383611,-81.630916670,0,12,6,0,2,2,1,0,1,10,0,10,0,0000000,99,99,99,99,99,99,0,0,0,1,0
12,122255,4,4,0,5,99,0,10,11,2010,4,10,0,0,13,3,SR-809,,99998,26.50760556,-80.123066670,0,12,6,0,1,1,1,8,1,1,0,1,0,0000000,99,99,99,99,99,99,0,0,0,1,0
12,122256,1,1,1,1,11,1050,2,11,2010,3,22,54,0,14,6,NW 31ST AVE,,99998,26.14834444,-80.186713890,0,9,0,0,1,1,1,0,2,1,0,1,0,0000000,99,99,99,99,99,99,0,0,0,1,1
12,122257,1,1,0,1,103,570,11,11,2010,5,7,32,0,16,6,DRUID RD,,0,27.95719722,-82.783141670,0,43,0,0,1,1,4,0,1,1,0,1,0,0000000,7,32,7,35,99,99,0,0,0,1,0
12,122258,2,2,0,3,95,70,29,11,2010,2,5,56,0,16,6,BINION RD,,0,28.64736111,-81.552308330,0,12,6,0,1,1,1,0,2,10,0,10,0,0000000,6,15,6,17,99,99,0,0,0,2,0
12,122259,1,1,1,1,95,70,10,12,2010,6,19,15,0,16,6,PARK AVE,,0,28.66551111,-81.509425000,0,8,0,0,1,1,1,0,3,10,0,10,0,0000000,19,19,19,23,99,99,0,0,0,1,0
12,122260,2,2,0,4,71,0,8,11,2010,2,21,14,0,6,4,E 6TH ST,,0,26.62143056,-81.615027780,0,12,2,0,1,1,1,0,3,1,0,1,0,0000000,21,16,21,21,99,99,0,0,0,2,0
12,122261,1,1,0,1,105,0,19,11,2010,6,17,15,0,6,4,LAKESHORE PKWY,,0,28.25111944,-81.601669440,0,33,0,0,1,1,4,0,1,1,0,1,0,0000000,17,17,17,29,99,99,0,0,0,1,1
12,122262,1,1,1,1,86,670,5,12,2010,1,1,2,0,16,6,SAN AMARO DRIVE,LIGURIA AVENUE,0,25.71327500,-80.283286110,0,8,0,0,2,3,1,0,3,1,0,1,0,0000000,1,2,1,8,99,99,0,0,0,1,0
12,122263,2,2,0,3,111,1080,30,9,2010,5,9,53,0,13,3,SR-615,,99998,27.44466389,-80.349941670,0,12,2,0,1,1,1,0,1,1,0,1,0,0000000,99,99,99,99,99,99,0,0,0,2,0
12,122264,1,1,1,1,71,1070,5,12,2010,1,20,47,0,14,3,SR-82,WRIGHT ST,99998,26.64091389,-81.849800000,0,9,0,0,2,3,1,0,3,1,0,1,0,0000000,20,48,20,52,88,88,0,0,0,1,0
12,122265,1,1,0,1,71,1070,9,12,2010,5,1,30,0,16,6,TREELINE AVE,PLANTATION GARDEN DR,0,26.56857778,-81.782802780,0,33,0,0,2,3,3,0,3,10,0,10,0,0000000,1,34,1,35,88,88,0,0,0,1,1
12,122266,2,2,0,7,31,1510,7,10,2010,5,11,43,0,14,3,SR-208,SR-103,99998,30.27008333,-81.756427780,0,12,6,0,2,2,1,0,1,1,0,1,0,0000000,99,99,99,99,99,99,0,0,0,1,0
12,122267,2,2,0,2,117,480,7,11,2010,1,1,5,0,13,3,SR-436,HOWELL BRANCH RD,99998,28.62524722,-81.315852780,0,12,6,0,2,4,1,0,3,1,0,1,0,0000000,99,99,99,99,99,99,0,0,0,1,0
12,122268,1,1,0,1,109,0,16,11,2010,3,5,46,0,6,4,WILDWOOD DR,,0,29.82657778,-81.350261110,0,42,0,0,1,1,4,0,2,10,0,10,0,0000000,5,49,5,57,88,88,0,0,0,1,0
12,122269,1,1,0,1,86,2220,13,12,2010,2,5,5,0,16,6,NW 127TH STREET,,0,25.89087500,-80.215177780,0,42,0,0,1,1,3,0,2,1,0,1,0,0000000,5,8,5,16,88,88,0,0,0,1,1
12,122271,1,1,1,3,11,672,20,12,2010,2,11,31,0,13,3,SR-817,RAMBLEWOOD DRIVE,99998,26.24432222,-80.253452780,0,8,0,0,3,2,1,0,1,1,0,1,0,0000000,11,31,11,33,99,99,0,0,0,1,0
12,122272,2,2,0,3,31,1510,22,12,2010,4,11,8,0,14,3,SR-134,JAMMES ROAD,99998,30.24840556,-81.747269440,0,12,6,0,2,2,1,0,1,1,0,1,0,0000000,99,99,99,99,99,99,0,0,0,1,0
12,122273,2,2,0,3,95,2360,27,12,2010,2,3,56,0,16,6,INTERNATIONAL DR,GRAND NATIONAL DR,0,28.46243611,-81.456269440,0,12,6,0,2,2,1,0,3,1,0,1,0,0000000,3,57,4,4,99,99,0,0,0,1,0
12,122274,2,2,0,2,86,2330,8,11,2010,2,10,45,0,13,3,SR-9,NW 132ND STREET,99998,25.89451389,-80.243408330,0,12,6,0,2,3,1,0,1,10,0,10,0,0000000,99,99,99,99,99,99,0,0,0,1,0
12,122275,1,1,1,1,86,0,1,12,2010,4,18,5,0,6,4,NW 17TH AVE,,0,25.85608056,-80.225711110,0,8,0,0,1,1,1,0,2,1,0,1,0,0000000,18,7,18,7,88,88,0,0,0,1,0
12,122276,1,1,1,1,11,1420,12,12,2010,1,3,55,1,11,1,I-95,,99998,26.03527222,-80.164283330,0,8,0,0,1,1,1,0,3,1,0,1,0,0000000,99,99,99,99,88,88,0,0,0,1,0
12,122277,1,1,1,1,9,0,21,12,2010,3,8,50,0,6,4,CR-3,,0,28.21914167,-80.644172220,0,8,0,0,1,1,1,0,1,1,0,1,0,0000000,99,99,99,99,99,99,0,0,0,1,0
12,122278,1,1,0,1,105,1690,23,12,2010,5,1,37,0,16,6,CLEVELAND HEIGHTS BL,CHATFIELD DRIVE,0,28.00680833,-81.948791670,0,42,0,0,2,3,4,0,3,1,0,1,0,0000000,1,37,1,45,99,99,0,0,0,1,1
12,122279,1,1,2,1,57,2950,24,12,2010,6,21,38,0,16,6,BAY TO BAY BLVD,,0,27.91986111,-82.517241670,0,8,0,0,1,1,1,0,3,1,0,1,0,0000000,21,40,21,45,99,99,0,0,0,1,0
12,122280,1,1,1,1,95,0,29,12,2010,4,0,40,0,13,2,US-17,,99998,28.50153056,-81.396897220,0,8,0,0,1,1,1,0,3,1,0,1,0,0000000,99,99,99,99,88,88,0,0,0,1,0
12,122281,2,2,0,2,103,2730,29,11,2010,2,17,12,0,16,6,1ST AVENUE,PARK STREET,0,27.76992222,-82.740908330,0,12,6,0,2,2,1,0,1,1,0,1,0,0000000,17,10,17,13,99,99,0,0,0,1,0
12,122282,2,2,0,5,61,0,30,12,2010,5,18,25,0,13,2,US-1,53RD STREET,99998,27.68961667,-80.407594440,0,12,6,0,2,2,1,0,3,1,0,1,0,0000000,99,99,99,99,99,99,0,0,0,1,0
12,122283,2,2,0,2,105,0,29,12,2010,4,18,50,0,6,4,WAVERLY ROAD,LAKE LEE DRIVE,0,27.97858056,-81.610113890,0,12,2,0,2,3,1,0,2,1,0,1,0,0000000,99,99,99,99,99,99,0,0,0,2,0
12,122284,1,1,0,1,86,0,3,12,2010,6,21,33,0,6,4,SW 144TH AVENUE,,0,25.49255000,-80.424588890,0,3,0,0,1,1,4,0,2,1,0,1,0,0000000,99,99,99,99,99,99,0,0,0,1,0
12,122285,2,2,0,3,69,1240,22,12,2010,4,14,14,0,13,3,SR-50,GADSON AVE,99998,28.55793333,-81.847394440,0,12,6,0,2,3,1,0,1,1,0,1,0,0000000,99,99,99,99,99,99,0,0,0,1,0
12,122286,1,1,1,1,127,2375,13,11,2010,7,16,25,9,99,9,BLUEWATER CIR,,99998,29.25016111,-81.096661110,0,8,0,0,4,1,1,0,1,1,0,1,0,0000000,16,25,16,34,99,99,0,0,0,2,0
12,122287,1,1,0,1,89,0,30,12,2010,5,14,15,1,1,1,I-10,,99998,30.28294444,-82.042280560,0,1,0,0,1,1,4,0,1,1,0,1,0,0000000,99,99,99,99,99,99,0,0,0,1,0
12,122288,1,1,1,1,86,2010,24,10,2010,1,0,24,0,16,6,NW 7TH ST,,0,25.77982778,-80.227730560,0,8,0,0,1,1,1,0,3,1,0,1,0,0000000,99,99,99,99,99,99,0,0,0,1,0
12,122289,1,1,0,2,101,750,7,11,2010,1,2,5,0,16,6,BLANTON RD,,0,28.37605278,-82.212344440,0,1,0,0,1,1,4,0,2,1,0,1,0,0000000,99,99,99,99,99,99,20,0,0,1,0
12,122290,1,1,1,1,86,0,19,11,2010,6,6,14,0,13,2,US-441,NW 203RD TER,99998,25.96125556,-80.205869440,0,8,0,0,3,2,1,0,3,1,0,1,0,0000000,99,99,99,99,99,99,0,0,0,1,0
12,122291,2,2,1,5,86,2010,5,12,2010,1,18,12,0,16,6,NW 7TH STREET,,0,25.77821944,-80.283502780,0,8,0,0,1,1,1,0,3,10,0,10,0,0000000,18,17,18,22,88,88,0,0,0,1,0
12,122292,2,2,0,2,11,2570,26,12,2010,1,14,41,0,13,3,SR-811,SW 3RD STREET,99998,26.22672778,-80.127911110,0,12,6,0,2,2,1,0,1,1,0,1,0,0000000,99,99,99,99,99,99,0,0,0,1,0
12,122294,2,2,0,4,86,0,31,12,2010,6,18,30,1,12,3,SR-826,,99998,25.85413056,-80.322661110,0,12,1,1,18,1,1,0,3,1,0,1,0,0000000,99,99,99,99,99,99,0,0,0,1,0
12,122295,1,1,0,1,11,2570,26,12,2010,1,16,7,0,16,6,SW 5TH COURT,,0,26.22362778,-80.141194440,0,30,0,0,1,1,4,0,1,1,0,1,0,0000000,16,7,16,12,88,88,0,0,0,1,0
12,122296,1,1,1,2,95,0,22,12,2010,4,21,4,0,6,4,CR-424,,0,28.61187222,-81.417388890,0,8,0,0,1,1,1,0,3,1,0,1,0,0000000,99,99,99,99,99,99,0,0,0,1,0
12,122297,1,1,0,2,11,2083,31,12,2010,6,4,11,0,6,4,OKEECHOBEE ROAD,,0,25.95190000,-80.431166670,0,3,0,0,1,1,4,0,2,99,0,99,0,0000000,99,99,99,99,99,99,0,0,0,1,0
12,122298,1,1,0,2,86,0,5,12,2010,1,6,28,0,13,2,US-41,,99998,25.76088333,-80.443330560,0,33,0,0,1,1,4,0,4,1,0,1,0,0000000,99,99,99,99,88,88,0,0,0,2,0
12,122299,1,1,0,1,109,1300,7,12,2010,3,1,40,0,6,4,CR-13,,0,29.67843889,-81.431752780,0,1,0,0,1,1,4,0,2,1,0,1,0,0000000,1,40,1,54,88,88,0,0,0,1,1
12,122300,2,2,0,2,11,1927,10,12,2010,6,16,55,0,16,6,W ATLANTIC BLVD,ROCK ISLAND ROAD,0,26.23553333,-80.221716670,0,12,6,0,2,2,1,0,1,1,0,1,0,0000000,16,55,16,55,99,99,0,0,0,1,0
12,122301,1,1,1,1,83,2270,15,12,2010,4,23,52,0,6,4,NE 25TH AVENUE,,0,29.20330278,-82.103286110,0,15,0,0,1,1,1,0,2,1,0,1,0,0000000,99,99,99,99,99,99,0,0,0,1,0
12,122302,1,1,1,1,11,1420,21,12,2010,3,18,41,1,2,3,SR-7,FLAGLER ST,99998,25.99687500,-80.207105560,0,15,0,0,3,3,1,0,2,1,0,1,0,0000000,99,99,99,99,99,99,0,0,0,1,0
12,122303,2,2,0,3,57,0,22,12,2010,4,14,9,0,13,3,SR-582,JEFFERSON RD,99998,28.05416111,-82.343830560,0,12,6,0,2,2,1,0,1,1,0,1,0,0000000,99,99,99,99,99,99,0,0,0,1,0
12,122304,1,1,1,2,127,780,12,11,2010,6,18,5,0,13,2,US-1,MADISON AVE,99998,29.22342500,-81.029605560,0,8,0,0,3,2,1,0,3,1,0,1,0,0000000,99,99,99,99,99,99,0,0,0,1,0
12,122305,1,1,1,2,103,2730,21,10,2010,5,6,48,1,16,6,28TH ST,,0,27.71801944,-82.670886110,0,8,0,0,1,1,1,0,3,1,0,1,0,0000000,6,49,6,51,99,99,0,0,0,1,0
12,122306,1,1,1,1,127,810,19,12,2010,1,13,28,0,13,2,US- 92,,99998,29.05484444,-81.295708330,0,9,0,0,1,1,1,0,1,1,0,1,0,0000000,99,99,99,99,99,99,0,0,0,1,0
12,122307,2,2,0,3,111,2601,11,8,2010,4,11,44,0,13,3,SR-716,SE GOWIN DRIVE,99998,27.27105278,-80.294250000,0,12,6,0,2,2,1,0,1,1,0,1,0,0000000,99,99,99,99,99,99,0,0,0,1,0
12,122308,1,1,1,1,86,1340,13,11,2010,7,10,8,0,16,6,PALM AVENUE,,0,25.86366389,-80.282925000,0,8,0,0,1,1,1,0,1,10,0,10,0,0000000,99,99,99,99,99,99,0,0,0,1,0
12,122309,1,1,1,1,17,1500,27,11,2010,7,11,34,0,14,2,US-41,EDEN DRIVE,99998,28.82323889,-82.318219440,0,9,0,0,3,2,1,0,1,1,0,1,0,0000000,99,99,99,99,99,99,0,0,0,1,0
12,122310,3,3,0,3,105,0,4,12,2010,7,8,0,1,13,2,US-98,CLUBHOUSE ROAD,99998,27.96756944,-81.879641670,0,12,6,0,2,2,1,0,1,1,0,1,0,0000000,99,99,99,99,99,99,0,0,0,1,0
12,122311,1,1,1,1,11,1050,21,7,2010,4,21,24,0,13,2,US-1,,99998,26.13814167,-80.106841670,0,8,0,0,1,1,1,0,3,1,0,1,0,0000000,99,99,99,99,99,99,0,0,0,1,0
12,122312,1,1,1,3,73,0,22,11,2010,2,19,30,0,2,3,SR-20,,99998,30.42229444,-84.540380560,0,8,0,0,1,1,1,0,2,1,0,1,0,0000000,19,30,19,30,88,88,0,0,0,1,0
12,122313,1,1,0,1,105,0,1,12,2010,4,7,55,0,6,4,ROCKRIDGE RD,DEER RUN,0,28.19349444,-81.999727780,0,34,0,0,3,3,4,0,1,1,0,1,0,0000000,7,55,8,3,88,88,0,0,0,1,0
12,122314,2,2,0,5,69,0,17,9,2010,6,18,56,0,6,4,LAKE UNIT RD,IDLEWILD DR,0,28.88294722,-81.882866670,0,12,6,0,2,2,1,0,1,1,0,1,0,0000000,18,58,19,1,99,99,0,0,0,1,0
12,122316,3,3,0,4,105,1670,3,12,2010,6,13,21,0,15,3,SR-17,CR-546,99998,28.05536944,-81.619866670,0,12,6,0,2,2,1,0,1,1,0,1,0,0000000,99,99,99,99,99,99,0,0,0,1,0
12,122317,2,1,0,1,33,0,3,11,2010,4,8,54,1,11,1,I-10,,99998,30.50591111,-87.164138890,0,39,0,0,1,1,4,0,1,2,0,2,0,0000000,8,55,9,2,99,99,0,0,0,1,0
12,122318,1,1,0,4,31,1510,23,11,2010,3,3,5,0,16,6,RAMPART RD,,0,30.22387778,-81.764222220,0,30,0,0,1,1,4,0,3,1,0,1,0,0000000,99,99,99,99,99,99,0,0,0,1,1
12,122319,1,1,0,1,49,0,25,12,2010,7,1,35,0,16,6,CR-664A,,0,27.62418056,-81.776880560,0,30,0,0,1,1,4,0,2,1,0,1,0,0000000,99,99,99,99,88,88,0,0,0,1,1
12,122320,1,1,1,1,73,2940,29,12,2010,4,15,16,0,6,4,S. ADAMS STREET,JAKES STREET,0,30.42851667,-84.281708330,0,8,0,0,2,7,1,0,1,1,0,1,0,0000000,99,99,99,99,99,99,0,0,0,1,0
12,122321,1,1,0,1,111,2601,4,11,2010,5,0,40,0,16,6,SW CRYSTAL RIVER BLV,SW LAKE FOREST WAY,0,27.31214722,-80.377788890,0,41,0,0,3,3,4,0,3,10,0,10,0,0000000,0,50,1,2,88,88,0,0,0,1,1
12,122322,1,1,1,1,103,2730,30,11,2010,3,22,0,0,14,2,US-92,,99998,27.78603333,-82.638511110,0,15,0,0,1,1,1,0,3,1,0,1,0,0000000,22,0,22,2,99,99,0,0,0,1,0
12,122323,2,1,2,1,105,0,12,12,2010,1,10,30,0,6,4,SPRIT LAKE RD,,0,28.02785000,-81.776072220,0,38,0,0,1,1,5,0,1,1,0,1,0,0000000,10,30,10,38,99,99,0,0,0,1,0
12,122324,1,1,1,1,11,2219,22,12,2010,4,16,53,0,16,6,TAM O SHANTER BLVD,,0,26.21456111,-80.222022220,0,8,0,0,1,1,1,0,1,1,0,1,0,0000000,99,99,99,99,99,99,0,0,0,1,0
12,122325,3,3,0,3,105,0,21,12,2010,3,12,15,0,13,2,US-98,GIB-GALLOWAY RD,99998,28.11369167,-81.973827780,0,12,1,0,3,1,1,0,1,1,0,1,0,0000000,13,15,13,25,99,99,0,0,0,1,0
12,122326,1,1,0,1,105,0,23,12,2010,5,0,5,1,13,2,US-27,,99998,28.31165000,-81.667705560,0,1,0,0,1,1,1,0,2,10,0,10,0,0000000,99,99,0,12,88,88,0,0,0,1,1
12,122327,1,1,0,2,75,540,29,10,2010,6,12,5,1,2,2,US-19,N YOUNG BLVD,99998,29.49657500,-82.868325000,0,7,0,0,2,2,1,0,1,1,0,1,0,0000000,99,99,99,99,99,99,0,0,0,1,0
12,122328,1,1,0,1,71,457,21,12,2010,3,15,6,0,16,6,CR-765,NW 14TH TERRACE,0,26.67912778,-82.039466670,0,1,0,0,2,2,4,0,1,1,0,1,0,0000000,99,99,99,99,99,99,0,0,0,1,0
12,122329,1,1,2,1,97,1590,4,11,2010,5,18,48,0,16,6,DYER BLVD,COLUMBIA AVE,0,28.30805278,-81.436530560,0,8,0,0,3,2,1,0,3,2,0,2,0,0000000,18,49,18,56,99,99,0,0,0,1,0
12,122330,1,1,0,4,97,1590,24,11,2010,4,23,19,0,13,2,US-192,,99998,28.30445556,-81.391322220,0,42,0,0,1,1,4,0,3,1,0,1,0,0000000,99,99,99,99,99,99,0,0,0,1,0
12,122331,1,1,0,1,103,2730,26,12,2010,1,3,36,0,16,6,5TH AVENUE S,16TH STREET S,0,27.76658611,-82.655933330,0,21,0,0,3,4,4,0,3,1,0,1,0,0000000,99,99,99,99,88,88,0,0,0,1,1
12,122332,2,2,0,2,86,0,5,12,2010,1,7,25,0,13,2,US-41,SW 117TH AVENUE,99998,25.76101944,-80.378400000,0,12,1,0,2,3,1,0,1,1,0,1,0,0000000,99,99,99,99,99,99,0,0,0,1,0
12,122333,1,1,1,1,105,0,22,12,2010,4,18,41,1,13,2,US-98,,99998,27.73366944,-81.573700000,0,8,0,0,1,1,1,0,2,1,0,1,0,0000000,18,41,18,45,88,88,0,0,0,1,0
12,122334,2,2,0,3,33,0,30,12,2010,5,22,15,1,14,3,SR-297,,99998,30.48730000,-87.306455560,0,12,6,0,1,1,1,0,2,10,0,10,0,0000000,99,99,99,99,99,99,0,0,0,1,0