STATE,ST_CASE,VE_TOTAL,VE_FORMS,PEDS,PERSONS,COUNTY,CITY,DAY,MONTH,YEAR,DAY_WEEK,HOUR,MINUTE,NHS,ROAD_FNC,ROUTE,TWAY_ID,TWAY_ID2,MILEPT,LATITUDE,LONGITUD,SP_JUR,HARM_EV,MAN_COLL,RELJCT1,RELJCT2,TYP_INT,REL_ROAD,WRK_ZONE,LGT_COND,WEATHER1,WEATHER2,WEATHER,SCH_BUS,RAIL,NOT_HOUR,NOT_MIN,ARR_HOUR,ARR_MIN,HOSP_HR,HOSP_MN,CF1,CF2,CF3,FATALS,DRUNK_DR
12,122335,1,1,0,3,71,0,20,11,2010,7,20,0,0,6,4,TPI ROAD,,0,26.44009167,-81.595077780,0,5,0,0,1,1,1,0,3,1,0,1,0,0000000,20,4,20,22,88,88,0,0,0,1,0
12,122336,1,1,0,1,127,2580,16,12,2010,5,2,24,0,16,6,HERBERT STREET,,0,29.14325833,-80.992930560,0,10,0,0,6,1,1,0,3,1,0,1,0,271957N,99,99,99,99,88,88,19,0,0,1,0
12,122337,3,3,0,5,111,2601,28,12,2010,3,14,57,0,13,2,US-1,SE VETERANS MEM PKWY,99998,27.29821389,-80.304094440,0,12,7,0,3,2,1,0,1,1,0,1,0,0000000,99,99,99,99,99,99,0,0,0,1,0
12,122338,1,1,1,3,11,1927,31,12,2010,6,21,11,0,4,3,SR-7,SW 6TH STREET,99998,26.11343056,-80.201786110,0,8,0,0,3,3,1,0,3,1,0,1,0,0000000,99,99,99,99,99,99,0,0,0,1,0
12,122339,1,1,1,1,103,570,8,12,2010,4,19,40,0,6,4,GULF TO BAY,,0,27.96068889,-82.774500000,0,8,0,0,1,1,1,0,3,1,0,1,0,0000000,99,99,99,99,99,99,0,0,0,1,1
12,122340,1,1,0,2,71,0,23,12,2010,5,16,24,0,16,6,SAN CARLOS BLVD,,0,26.49437222,-81.943288890,0,5,0,0,1,1,1,0,1,1,0,1,0,0000000,99,99,99,99,99,99,0,0,0,1,1
12,122341,2,2,0,2,86,2330,1,10,2010,6,21,15,0,4,3,SR-9,NW 127TH STREET,99998,25.89008889,-80.243416670,0,12,6,0,2,3,1,0,3,10,0,10,0,0000000,21,16,21,25,99,99,0,0,0,1,0
12,122342,2,2,0,2,86,1030,31,12,2010,6,23,43,1,2,2,US-1,DAVIS PARKWAY EAST,99998,25.45518056,-80.475238890,0,12,2,0,2,2,1,0,3,1,0,1,0,0000000,23,43,23,47,88,88,0,0,0,1,0
12,122344,2,2,0,2,53,0,13,9,2010,2,10,15,0,16,6,MEDICAL PARK LANE,WISCON ROAD,0,28.53402778,-82.407119440,0,12,6,0,2,2,1,0,1,1,0,1,0,0000000,99,99,99,99,99,99,0,0,0,1,0
12,122345,1,1,0,2,86,735,18,9,2010,7,4,59,0,16,6,CARIBBEAN BOULEVARD,,0,25.58111944,-80.346350000,0,42,0,0,1,1,4,0,2,1,0,1,0,0000000,99,99,99,99,99,99,0,0,0,1,0
12,122346,2,2,0,2,11,2570,15,12,2010,4,15,14,0,13,3,SR-814,NW 31ST AVENUE,99998,26.23135833,-80.165630560,0,12,6,0,2,3,1,0,1,1,0,1,0,0000000,99,99,99,99,99,99,0,0,0,1,0
13,130001,1,1,0,1,15,0,1,1,2010,6,3,55,0,4,3,SR-140,,80,34.38720278,-84.873741670,0,18,0,0,1,1,4,0,2,1,0,1,0,0000000,88,88,88,88,88,88,0,0,0,1,1
13,130002,1,1,1,0,21,3390,1,1,2010,6,13,46,0,16,6,MEAD RD,,4,32.77865000,-83.637886110,0,8,0,0,1,1,1,0,1,1,0,1,0,0000000,13,47,13,54,88,88,23,0,0,1,0
13,130003,1,1,0,1,51,4910,1,1,2010,6,2,12,0,14,4,WILMINGTON ISLAND RD,,99999,32.00499167,-80.994063890,0,19,0,0,8,1,5,0,2,1,0,1,0,0000000,2,14,2,19,88,88,0,0,0,1,1
13,130004,1,1,0,2,57,0,1,1,2010,6,17,51,0,16,4,SHOAL CREEK RD,,10,34.25187778,-84.503338890,0,35,0,0,1,1,4,0,2,10,0,10,0,0000000,17,51,17,54,18,16,0,0,0,1,0
13,130005,1,1,0,1,105,0,1,1,2010,6,7,30,0,4,4,HARMONY RD,,52,34.18463056,-82.872427780,0,34,0,0,1,1,4,0,1,10,0,10,0,0000000,7,30,7,39,88,88,2,0,0,1,1
13,130006,2,2,0,3,71,0,2,1,2010,7,7,44,0,16,4,SYLVESTER DR,,5,31.20327778,-83.794183330,0,12,2,0,1,1,1,0,1,1,0,1,0,0000000,7,45,7,49,8,22,0,0,0,1,0
13,130007,2,2,0,3,77,3750,3,1,2010,1,15,51,0,3,3,SR-14,W CAMP ST,78,33.28683611,-84.767719440,0,12,6,0,2,2,1,0,1,1,0,1,0,0000000,15,51,15,55,16,54,0,0,0,1,1
13,130008,1,1,0,2,139,0,3,1,2010,1,16,24,0,16,4,OLD FLOWERY BRANCH R,,4,34.26330000,-83.870680560,0,42,0,0,1,1,4,0,1,1,0,1,0,0000000,16,24,16,36,17,39,0,0,0,1,1
13,130009,1,1,0,4,45,0,4,1,2010,2,14,41,0,9,4,LAKEVIEW PKWY,,99999,33.62342778,-84.930430560,0,42,0,0,1,1,6,0,1,1,0,1,0,0000000,14,41,14,54,15,49,0,0,0,1,0
13,130010,1,1,1,1,121,280,5,1,2010,3,18,29,1,11,1,I-285 RAMP,,93,33.76616944,-84.502080560,0,8,0,0,5,1,1,0,1,1,0,1,0,0000000,88,88,88,88,88,88,0,0,0,1,0
13,130011,1,1,0,2,175,1780,6,1,2010,4,15,26,0,6,4,ROBERT WEBB RD,,1,99.99990000,999.999900000,0,34,0,0,1,1,4,0,1,1,0,1,0,0000000,15,26,15,35,16,56,0,0,0,1,1
13,130012,1,1,0,1,57,0,7,1,2010,5,20,49,0,16,4,PRIEST RD,,3,34.08205833,-84.640044440,0,42,0,0,1,1,4,0,2,4,0,4,0,0000000,20,49,21,0,88,88,0,0,0,1,0
13,130013,1,1,1,1,93,0,7,1,2010,5,19,10,0,3,3,SR-90,,102,32.13493889,-83.871625000,0,8,0,0,1,1,1,0,2,1,0,1,0,0000000,88,88,88,88,88,88,0,0,0,1,0
13,130014,1,1,0,1,151,0,7,1,2010,5,18,5,0,5,4,INDIAN CREEK RD,,8,33.33045556,-84.125188890,0,23,0,0,1,1,4,0,2,10,0,10,0,0000000,18,8,18,31,88,88,0,0,0,1,0
13,130015,1,1,0,3,217,0,7,1,2010,5,0,18,0,16,4,COVERED BRIDGE RD,,5,33.51749722,-83.977152780,0,35,0,0,1,1,6,0,2,1,0,1,0,0000000,99,99,99,99,99,99,0,0,0,1,0
13,130016,1,1,0,1,309,0,7,1,2010,5,22,23,0,4,3,SR-149,CR-173,3,32.05782778,-82.813052780,0,35,0,0,3,3,5,0,2,10,0,10,0,0000000,88,88,88,88,88,88,0,0,0,1,1
13,130017,2,2,0,5,187,0,8,1,2010,6,17,26,0,5,4,OAK GROVE RD,,37,34.55716667,-84.054313890,0,12,6,0,1,1,1,0,1,10,0,10,0,0000000,17,33,17,44,18,13,0,0,0,2,0
13,130018,1,1,0,1,255,0,8,1,2010,6,5,2,0,3,3,SR-155,,74,33.26684167,-84.214819440,0,35,0,0,1,1,6,0,2,10,0,10,0,0000000,88,88,88,88,88,88,0,0,0,1,0
13,130019,1,1,0,1,19,3890,9,1,2010,7,0,20,0,3,3,SR-125,AVERA ST,119,31.20944167,-83.249802780,0,31,0,0,3,3,4,0,3,1,0,1,0,0000000,0,23,0,28,0,38,0,0,0,1,1
13,130020,2,2,1,4,73,0,9,1,2010,7,23,4,0,13,3,SR-383,OWENS RD,34,33.52205833,-82.141663890,0,8,0,0,3,9,1,0,3,1,0,1,0,0000000,23,9,23,14,88,88,0,0,0,1,0
13,130021,1,1,0,1,123,0,9,1,2010,7,14,30,0,9,4,MONOCLE DR,,99999,34.67295833,-84.549000000,0,42,0,0,1,1,4,0,1,1,0,1,0,0000000,14,33,15,10,88,88,0,0,0,1,0
13,130022,1,1,0,1,233,0,9,1,2010,7,11,49,0,4,4,COLLARD VALLEY RD,,97,34.07694167,-85.102930560,0,34,0,0,1,1,5,0,1,1,0,1,0,0000000,11,49,11,56,12,29,0,0,0,1,0
13,130023,1,1,1,1,63,0,10,1,2010,1,17,29,0,14,4,FLINT RIVER RD,,27,99.99990000,999.999900000,0,8,0,0,99,8,99,0,2,1,0,1,0,0000000,17,29,17,33,88,88,0,0,0,1,0
13,130024,2,2,0,3,123,2000,11,1,2010,2,12,32,0,19,3,SR-52,FIRST AVE,99999,34.68624444,-84.474563890,0,12,2,0,2,3,1,0,1,1,0,1,0,0000000,12,32,12,33,12,52,0,0,0,1,0
13,130025,1,1,0,1,133,0,11,1,2010,2,23,1,0,6,4,WALKER CHURCH RD,,19,33.48180000,-83.181611110,0,34,0,0,1,1,5,0,2,1,0,1,0,0000000,88,88,88,88,88,88,0,0,0,1,1
13,130026,1,1,0,2,135,0,11,1,2010,2,18,52,0,14,3,SR-124,OLD FOUNTAIN RD,185,34.00738333,-83.965652780,0,34,0,0,3,2,6,0,3,1,0,1,0,0000000,18,52,19,1,99,99,0,0,0,1,1
13,130027,2,2,0,3,175,1780,11,1,2010,2,10,47,0,3,3,SR-19,WHIPPLES CROSSING RD,292,32.54048333,-83.046983330,0,12,2,0,3,3,1,0,1,1,0,1,0,0000000,11,2,11,12,11,41,0,0,0,1,0
13,130028,2,2,0,2,211,4830,11,1,2010,2,9,27,1,1,1,I-20,,26,33.59608611,-83.638594440,0,12,6,0,1,1,1,0,1,1,0,1,0,0000000,88,88,88,88,88,88,0,0,0,1,0
13,130029,2,2,0,3,245,310,11,1,2010,2,14,25,0,13,3,SR-28,PATRIOTS WAY,103,33.51325833,-82.050811110,0,12,2,0,2,2,1,0,1,1,0,1,0,0000000,14,30,14,44,14,52,0,0,0,1,0
13,130030,2,2,0,3,63,0,14,1,2010,5,15,19,0,15,4,E FAYETTEVILLE RD,VALLEY LAKE DR,6,33.58970556,-84.436497220,0,12,6,0,2,2,1,0,1,1,0,1,0,0000000,15,21,15,28,15,41,0,0,0,1,0
13,130031,2,2,0,3,63,0,14,1,2010,5,3,52,1,11,1,I-75,,70,33.60084167,-84.391930560,0,24,0,0,1,1,4,0,2,10,0,10,0,0000000,3,52,3,55,4,37,0,0,0,2,0
13,130032,2,2,0,2,115,4760,14,1,2010,5,13,27,0,13,3,SR-20,BURNETT FERRY RD,150,34.26915000,-85.215688890,0,12,2,0,2,2,1,0,1,1,0,1,0,0000000,13,27,13,31,13,54,0,0,0,2,0
13,130033,1,1,0,1,115,0,15,1,2010,6,15,22,0,6,4,CUNNINGHAM RD,,22,34.17900278,-85.276908330,0,23,0,0,1,1,4,0,1,1,0,1,0,0000000,15,22,15,31,16,3,0,0,0,1,0
13,130034,2,2,0,2,135,0,15,1,2010,6,20,15,0,16,4,KILCREASE RD,,2,33.95485833,-83.833708330,0,12,2,0,1,1,1,0,2,1,0,1,0,0000000,88,88,88,88,88,88,0,0,0,1,1
13,130035,1,1,0,2,151,0,15,1,2010,6,16,3,0,16,4,CONKLE RD,,0,33.43559444,-84.292902780,0,42,0,0,1,1,5,0,1,1,0,1,0,0000000,88,88,88,88,88,88,99,99,99,1,1
13,130036,1,1,0,1,223,0,15,1,2010,6,2,56,0,9,4,BURTS RD,,6,34.02300000,-84.868138890,0,34,0,0,1,1,5,0,2,1,0,1,0,0000000,2,56,3,11,4,14,0,0,0,1,0
13,130037,2,2,0,3,303,0,15,1,2010,6,18,44,0,3,3,SR-15,,70,32.91738611,-82.798333330,0,12,6,0,8,1,1,0,2,1,0,1,0,0000000,18,46,18,57,19,35,0,0,0,1,0
13,130038,2,2,0,2,9,3620,16,1,2010,7,11,30,0,13,3,SR-24,,199,33.14608611,-83.272847220,0,12,2,0,1,1,1,0,1,2,0,2,0,0000000,11,30,11,41,12,3,0,0,0,1,0
13,130039,2,2,1,2,95,90,16,1,2010,7,20,4,1,13,3,SR-520 BU,SR-91,41,31.57524444,-84.155766670,0,8,0,0,2,2,1,1,3,2,0,2,0,0000000,88,88,88,88,88,88,0,0,0,1,0
13,130040,1,1,0,1,157,0,16,1,2010,7,18,43,0,4,3,SR-332,,33,34.09943889,-83.706013890,0,42,0,0,1,1,5,0,2,2,0,2,0,0000000,18,43,18,51,19,27,0,0,0,1,0
13,130041,1,1,1,1,185,0,16,1,2010,7,4,30,0,15,4,N OAK ST EXT,,15,30.88994444,-83.278555560,0,8,0,0,1,1,1,0,2,2,0,2,0,0000000,88,88,88,88,88,88,0,0,0,1,0
13,130042,1,1,1,1,67,5070,17,1,2010,1,10,34,0,14,4,WINDY HILLS RD,,44,33.89596944,-84.499144440,0,9,0,0,1,1,1,0,1,2,0,2,0,0000000,10,34,10,39,11,1,0,0,0,1,0
13,130043,1,1,0,1,139,0,17,1,2010,1,12,3,0,6,4,OCONEE CIR,,8,34.33126389,-83.760794440,0,42,0,0,1,1,5,0,1,2,0,2,0,0000000,12,5,12,10,88,88,0,0,0,1,1
13,130044,2,2,0,5,175,0,17,1,2010,1,11,22,0,4,3,SR-257,,99999,99.99990000,999.999900000,0,54,11,0,1,1,1,0,1,10,0,10,0,0000000,88,88,88,88,88,88,14,0,0,1,0
13,130045,1,1,0,1,245,310,22,1,2010,6,15,58,0,14,3,SR-56,,83,33.35130556,-81.981311110,0,59,0,0,1,1,6,0,1,1,0,1,0,0000000,88,88,88,88,88,88,0,0,0,1,1
13,130046,1,1,0,1,121,280,23,1,2010,7,2,14,0,14,6,STONE HOGAN CONN. SW,,3,33.67785556,-84.496494440,0,33,0,0,1,1,6,0,2,1,0,1,0,0000000,88,88,88,88,88,88,0,0,0,1,0
13,130047,1,1,0,1,25,2750,24,1,2010,1,21,29,1,2,3,SR-520,,40,31.18090000,-82.139669440,0,33,0,0,1,1,6,0,2,1,0,1,0,0000000,99,99,99,99,99,99,0,0,0,1,1
13,130048,2,2,0,3,87,0,25,1,2010,2,12,3,1,2,3,SR-38,SR-310,14,30.97043333,-84.733472220,0,12,6,0,2,2,1,0,1,1,0,1,0,0000000,12,4,12,14,12,45,0,0,0,2,0
13,130049,4,4,0,6,121,4882,25,1,2010,2,14,0,1,11,1,I-285/SR-407,,218,33.90867778,-84.430147220,0,12,6,0,1,1,1,0,1,1,0,1,0,0000000,14,26,14,36,15,0,0,0,0,1,0
13,130050,1,1,0,1,157,0,26,1,2010,3,10,21,1,2,3,SR-15,,30,34.06069444,-83.421227780,0,43,0,0,1,1,3,0,1,1,0,1,0,0000000,10,23,10,30,10,57,0,0,0,1,0
13,130051,1,1,1,1,121,280,26,1,2010,3,20,48,1,11,1,I-75/SR-401,,70,33.74487778,-84.389955560,0,8,0,0,1,1,1,0,2,1,0,1,0,0000000,88,88,88,88,88,88,0,0,0,1,0
13,130052,2,2,0,5,81,0,27,1,2010,4,22,55,1,1,1,I-75/SR-401,,65,31.90415833,-83.737150000,0,12,6,0,1,1,1,0,2,1,0,1,0,0000000,23,9,23,16,23,47,0,0,0,3,0
13,130053,1,1,2,2,31,0,28,1,2010,5,20,39,1,2,3,SR-73,,91,32.38432778,-81.834133330,0,8,0,0,1,1,1,0,2,1,0,1,0,0000000,88,88,88,88,88,88,0,0,0,2,0
13,130054,1,1,0,1,75,0,28,1,2010,5,10,0,0,5,4,BARNEYVILLE ROAD,,8,31.22707778,-83.481847220,0,34,0,0,1,1,6,0,1,1,0,1,0,0000000,88,88,88,88,88,88,0,0,0,1,0
13,130055,1,1,0,1,139,2160,28,1,2010,5,20,17,0,14,3,SR-13,MYERS STREET,42,34.18324722,-83.925977780,0,30,0,0,2,9,6,0,3,10,0,10,0,0000000,20,17,20,22,23,19,0,0,0,1,1
13,130056,1,1,0,1,189,1600,29,1,2010,6,23,0,0,4,6,IRON HILL ROAD,,21,33.36429722,-82.398877780,0,1,0,0,1,1,1,0,2,10,0,10,0,0000000,99,99,99,99,99,99,0,0,0,1,1
13,130058,4,4,2,2,121,280,30,1,2010,7,19,54,1,11,1,I-20/SR-402,,87,33.74502222,-84.390513890,0,12,6,0,1,1,1,0,2,2,0,2,0,0000000,19,58,20,5,20,16,14,19,0,2,0
13,130059,2,2,0,5,117,0,31,1,2010,1,20,22,0,9,3,SR-53,,11,34.33043056,-84.011205560,0,12,2,0,1,1,1,0,2,10,0,10,0,0000000,20,22,20,35,21,30,0,0,0,2,2
13,130060,3,3,0,3,67,3440,18,1,2010,2,18,44,0,14,3,SR-280,BENTLEY RD,6,33.92250278,-84.476613890,0,12,6,0,2,2,1,0,3,1,0,1,0,0000000,18,45,18,51,19,13,0,0,0,1,0
13,130061,1,1,0,1,77,3950,18,1,2010,2,10,45,0,13,6,NEWNAN CROSSING BYP,,99999,99.99990000,999.999900000,0,35,0,0,1,1,5,0,1,1,0,1,0,0000000,10,48,10,53,11,33,0,0,0,1,0
13,130062,1,1,1,1,67,3440,19,1,2010,3,16,12,0,16,4,FRANKLIN RD,,7,33.92224444,-84.492180560,0,15,0,0,8,1,1,0,1,1,0,1,0,0000000,16,14,16,20,16,45,0,0,0,1,0
13,130063,1,1,0,1,73,0,19,1,2010,3,5,46,0,16,4,COX RD,,5,33.52721111,-82.147950000,0,33,0,0,1,1,4,0,3,1,0,1,0,0000000,5,49,5,54,6,17,0,0,0,1,0
13,130064,1,1,3,1,89,0,20,1,2010,4,15,17,0,16,4,CENTRAL DR,,9,33.81206389,-84.201213890,0,8,0,0,1,1,4,0,1,1,0,1,0,0000000,15,19,15,33,16,2,0,0,0,1,0
13,130065,1,1,1,1,121,1900,20,1,2010,4,21,5,0,14,4,WASHINGTON RD,,44,33.67163056,-84.459500000,0,8,0,0,1,1,1,0,3,2,0,2,0,0000000,21,5,21,10,21,47,0,0,0,1,0
13,130066,1,1,1,1,45,0,21,1,2010,5,19,4,0,13,3,SR-61,,0,33.61545833,-84.998325000,0,8,0,0,1,1,1,0,2,2,0,2,0,0000000,19,4,19,14,20,1,0,0,0,1,0
13,130067,1,1,0,1,105,0,21,1,2010,5,23,36,0,6,4,SEYMOUR RD,DEEP CREEK RD,0,34.17318056,-83.043080560,0,34,0,0,3,2,5,0,2,2,0,2,0,0000000,23,39,23,57,88,88,0,0,0,1,0
13,130068,3,3,0,3,119,0,21,1,2010,5,18,51,1,1,1,I-85,,99999,34.37517778,-83.257377780,0,25,0,0,1,1,3,0,2,2,0,2,0,0000000,18,51,19,6,19,26,0,0,0,1,0
13,130069,1,1,0,1,117,0,22,1,2010,6,20,13,0,15,4,CASTLEBERRY RD,,9,34.18429444,-84.181708330,0,34,0,0,1,1,5,0,2,10,0,10,0,0000000,88,88,88,88,88,88,0,0,0,1,0
13,130070,1,1,0,1,77,3950,24,1,2010,1,99,99,0,13,6,NEWNAN CROSSING BYP,,6,33.38268333,-84.762461110,0,33,0,0,1,1,6,0,2,10,0,10,0,0000000,9,51,10,0,88,88,0,0,0,1,1
13,130071,1,1,1,1,121,4790,1,2,2010,2,19,45,0,13,6,HOLCOMB BRIDGE ROAD,,81,34.02243056,-84.326483330,0,8,0,0,1,1,1,0,3,10,0,10,0,0000000,19,46,19,46,19,58,0,0,0,1,0
13,130072,1,1,1,1,67,0,2,2,2010,3,6,24,0,13,3,SR-8,QUEENS MILL ROAD,72,33.80457778,-84.526533330,0,8,0,0,3,2,1,0,3,2,0,2,0,0000000,6,25,6,31,88,88,0,0,0,1,0
13,130073,2,2,0,3,139,0,2,2,2010,3,8,21,1,13,3,SR-365,ATHENS STREET,71,34.40220000,-83.679858330,0,12,6,0,2,3,1,0,1,2,0,2,0,0000000,8,23,8,28,8,54,0,0,0,2,0
13,130074,1,1,0,1,83,0,3,2,2010,4,18,36,1,1,1,I-59/SR-406,,142,34.90330278,-85.492580560,0,35,0,0,1,1,6,0,5,10,0,10,0,0000000,18,36,18,36,88,88,0,0,0,1,0
13,130075,2,2,0,2,169,0,3,2,2010,4,14,47,1,13,3,SR-49,,80,32.94227500,-83.485041670,0,35,0,0,1,1,6,0,1,1,0,1,0,0000000,14,47,14,57,88,88,0,0,0,1,0
13,130076,1,1,0,1,295,0,3,2,2010,4,15,52,0,6,4,FOSTER MILL DRIVE,,16,34.67502222,-85.289247220,0,34,0,0,1,1,6,0,1,1,0,1,0,0000000,15,54,16,12,17,3,0,0,0,1,1
13,130077,1,1,1,1,77,3950,4,2,2010,5,3,51,0,16,6,NEWNAN CROSSING,,6,33.38268333,-84.762438890,0,8,0,0,1,1,1,0,2,1,0,1,0,0000000,3,51,4,0,88,88,0,0,0,1,0
13,130078,2,2,0,2,139,0,4,2,2010,5,12,35,1,13,3,SR-11,,148,34.35445556,-83.824030560,0,12,8,0,1,1,1,0,1,2,0,2,0,0000000,12,35,12,41,13,6,0,0,0,1,0
13,130079,1,1,0,1,143,0,4,2,2010,5,22,6,1,1,1,I-20/SR-402,,45,33.69001389,-85.196119440,0,24,0,0,1,1,4,0,2,2,0,2,0,0000000,22,6,22,38,88,88,0,0,0,1,0
13,130080,1,1,0,2,89,0,5,2,2010,6,20,30,0,14,4,LAVISTA ROAD,,79,33.85247222,-84.229475000,0,30,0,0,1,1,6,0,3,2,0,2,0,0000000,20,30,20,39,21,0,0,0,0,1,1
13,130081,1,1,1,1,73,0,6,2,2010,7,20,52,0,13,3,SR-383,OWENS ROAD,34,33.52204167,-82.141813890,0,8,0,0,3,2,1,0,3,1,0,1,0,0000000,88,88,88,88,88,88,0,0,0,1,0
13,130082,1,1,1,2,89,0,6,2,2010,7,10,0,0,14,3,SR-8,,116,33.86412500,-84.197394440,0,24,0,0,1,1,6,0,1,10,0,10,0,0000000,10,15,10,25,11,0,0,0,0,1,1
13,130083,2,2,0,2,1,0,8,2,2010,2,17,40,0,5,4,PAT LEWIS ROAD,J R HARPER ROAD,21,31.65957222,-82.414583330,0,12,6,0,2,2,1,0,1,1,0,1,0,0000000,17,43,17,51,18,23,0,0,0,1,0
13,130084,1,1,0,1,67,0,8,2,2010,2,1,43,0,16,4,HICKORTY GROVE ROAD,,14,34.06279167,-84.641588890,0,42,0,0,1,1,6,0,3,1,0,1,0,0000000,1,43,1,55,88,88,0,0,0,1,1
13,130085,2,2,0,6,11,0,9,2,2010,3,16,48,0,4,3,SR-51,,141,34.34541944,-83.473972220,0,12,2,0,1,1,1,0,1,10,0,10,0,0000000,16,48,16,55,17,30,0,0,0,1,0
13,130086,1,1,0,1,65,0,9,2,2010,3,14,43,0,6,4,HUBBARDSVILLE ROAD,,18,99.99990000,999.999900000,0,42,0,0,1,1,6,0,1,2,0,2,0,0000000,14,43,15,14,88,88,0,0,0,1,0
13,130087,1,1,0,2,143,0,9,2,2010,3,20,4,0,5,4,JACKSVONVILLE ROAD,,61,33.80582500,-85.208908330,0,35,0,0,1,1,6,0,2,1,0,1,0,0000000,20,4,20,13,20,50,0,0,0,1,0
13,130088,1,1,1,1,169,0,9,2,2010,3,6,46,0,16,4,CHAPMAN ROAD,GRAYSTONE CIRCLE,32,32.90095556,-83.540769440,0,8,0,0,3,3,1,0,2,10,0,10,1,0000000,88,88,88,88,88,88,0,0,0,1,0
13,130089,2,2,0,4,13,0,11,2,2010,5,15,16,0,16,4,CORINTH CHURCH ROAD,RUSSELL CEMETARY,7,33.96738889,-83.706763890,0,12,2,0,3,3,1,0,1,1,0,1,0,0000000,15,16,15,23,15,52,0,0,0,1,0
13,130090,2,2,0,3,15,0,11,2,2010,5,21,41,1,2,3,SR-20,DEMPSEY ROAD,18,34.20356944,-85.013688890,0,12,6,0,2,3,1,0,2,10,0,10,0,0000000,88,88,88,88,88,88,0,0,0,2,0
13,130091,1,1,0,1,139,0,11,2,2010,5,20,49,0,14,3,SR-347,,3,34.16563611,-84.001613890,0,38,0,0,1,1,6,0,2,10,0,10,0,0000000,20,49,20,55,21,28,0,0,0,1,0
13,130092,1,1,0,1,21,3390,13,2,2010,7,6,6,1,11,1,I-75/SR-401,,93,32.80651944,-83.657755560,0,25,0,0,1,1,3,0,3,4,0,4,0,0000000,6,7,6,15,6,46,0,0,0,1,0
13,130093,1,1,0,1,51,4910,14,2,2010,1,2,30,0,13,3,SR-204,,220,32.03787500,-81.105000000,0,42,0,0,1,1,3,0,3,1,0,1,0,0000000,2,30,2,32,2,57,0,0,0,1,1
13,130094,2,2,0,4,89,0,14,2,2010,1,0,6,0,14,3,SR-12,YOUNG ROAD,55,33.72749722,-84.186430560,0,12,6,0,2,3,1,0,2,10,0,10,0,0000000,0,7,0,15,0,32,0,0,0,2,1
13,130095,2,2,0,4,139,2285,14,2,2010,1,15,34,0,13,3,SR-369,SPRING ROAD,65,34.28296389,-83.850788890,0,12,6,0,2,3,1,0,1,10,0,10,0,0000000,15,36,15,48,16,12,0,0,0,1,0
13,130096,1,1,0,1,321,0,14,2,2010,1,16,35,0,3,3,SR-112,,117,31.49664167,-83.857205560,0,35,0,0,1,1,6,0,1,1,0,1,0,0000000,16,35,16,47,17,21,0,0,0,1,0
13,130097,1,1,0,1,121,0,15,2,2010,2,14,15,1,11,1,I-285/SR-407,,8,33.63634722,-84.492222220,0,42,0,0,1,1,6,0,1,1,0,1,0,0000000,14,15,14,30,14,58,0,0,0,1,0
13,130098,1,1,1,1,15,0,17,2,2010,4,19,2,0,13,4,BURNT HICKORY ROAD,,33,34.19476667,-84.835394440,0,8,0,0,1,1,1,0,2,1,0,1,0,0000000,19,2,19,10,88,88,0,0,0,1,0
13,130099,1,1,1,1,269,0,17,2,2010,4,21,36,0,2,3,SR-96,,80,99.99990000,999.999900000,0,8,0,0,1,1,1,0,2,1,0,1,0,0000000,21,36,21,47,88,88,0,0,0,1,0
13,130100,2,2,0,4,15,980,18,2,2010,5,14,55,0,13,3,SR-61,,122,34.22863889,-84.785141670,0,12,2,0,1,1,1,0,1,1,0,1,0,0000000,14,55,14,59,16,25,0,0,0,1,0
13,130101,2,2,0,6,315,0,18,2,2010,5,15,58,0,3,3,SR-30,,112,31.95562222,-83.435605560,0,12,2,0,1,1,1,0,1,1,0,1,0,0000000,16,9,16,11,16,33,0,0,0,5,0
13,130102,1,1,0,1,51,4910,21,2,2010,1,15,24,0,14,6,MONTGOMER STREET,WEST 31ST,29,32.06285000,-81.102700000,0,42,0,0,2,2,6,0,1,1,0,1,0,0000000,15,24,15,27,15,45,0,0,0,1,0
13,130103,1,1,0,2,135,800,21,2,2010,1,1,50,1,2,1,I-985/SR-365,,72,34.12908889,-83.962369440,0,42,0,0,1,1,6,0,2,1,0,1,0,0000000,88,88,88,88,88,88,0,0,0,2,0
13,130104,1,1,1,1,121,5640,22,2,2010,2,21,18,0,14,3,SR-138,,26,33.57030833,-84.550480560,0,8,0,0,1,1,1,0,2,1,0,1,0,0000000,88,88,88,88,88,88,0,0,0,1,0
13,130105,1,1,1,1,59,270,6,3,2010,7,6,26,0,14,3,SR-15,CRESCENT DRIVE,56,33.98660556,-83.420583330,0,9,0,0,2,3,1,0,2,1,0,1,0,0000000,6,33,6,39,6,54,0,0,0,1,0
13,130106,2,2,1,3,95,0,4,3,2010,5,16,59,0,14,3,SR-91,,154,31.61660556,-84.138836110,0,8,0,0,1,1,1,0,1,1,0,1,0,0000000,16,59,17,5,88,88,23,0,0,1,0
13,130107,2,2,0,3,135,0,6,3,2010,7,22,36,0,14,3,SR-120,MEADOW CHURCH RD,55,33.97835000,-84.099805560,0,12,2,0,2,2,1,0,2,1,0,1,0,0000000,22,36,22,44,23,0,0,0,0,1,0
13,130108,1,1,0,1,59,270,8,3,2010,2,1,18,0,15,4,COLLEGE STATION ROAD,,3,33.92133611,-83.347822220,0,33,0,0,1,1,4,0,2,1,0,1,0,0000000,1,18,1,29,1,56,0,0,0,1,0