STATE,ST_CASE,VE_TOTAL,VE_FORMS,PEDS,PERSONS,COUNTY,CITY,DAY,MONTH,YEAR,DAY_WEEK,HOUR,MINUTE,NHS,ROAD_FNC,ROUTE,TWAY_ID,TWAY_ID2,MILEPT,LATITUDE,LONGITUD,SP_JUR,HARM_EV,MAN_COLL,RELJCT1,RELJCT2,TYP_INT,REL_ROAD,WRK_ZONE,LGT_COND,WEATHER1,WEATHER2,WEATHER,SCH_BUS,RAIL,NOT_HOUR,NOT_MIN,ARR_HOUR,ARR_MIN,HOSP_HR,HOSP_MN,CF1,CF2,CF3,FATALS,DRUNK_DR
13,130230,1,1,0,1,13,0,6,4,2010,3,10,54,0,3,3,SR-11,,101,34.02191667,-83.683763890,0,43,0,0,1,1,6,0,1,1,0,1,0,0000000,10,54,11,1,88,88,0,0,0,1,0
13,130231,2,2,0,2,51,0,6,4,2010,3,8,19,1,13,4,HARRY TRUMAN PKWY,,99999,31.97510000,-81.097083330,0,12,7,0,1,1,1,0,1,1,0,1,0,0000000,8,23,8,25,8,48,0,0,0,1,0
13,130232,2,2,0,6,45,0,29,3,2010,2,14,15,0,3,3,SR-101,,29,33.76302222,-84.948369440,0,12,2,0,1,1,1,0,1,10,0,10,0,0000000,14,18,14,23,14,50,0,0,0,1,0
13,130233,1,1,0,2,189,1600,30,3,2010,3,15,48,0,6,4,FORT CREEK RD,,10,33.34372222,-82.412138890,0,32,0,0,1,1,4,0,1,1,0,1,0,0000000,99,99,99,99,99,99,0,0,0,1,0
13,130234,5,1,0,6,215,1280,4,1,2010,2,13,43,0,15,6,ARMOUR RD,,9,32.50756389,-84.953533330,0,30,0,0,1,1,4,0,1,10,0,10,0,0000000,13,47,13,56,14,22,0,0,0,1,0
13,130235,1,1,1,3,277,5490,2,4,2010,6,20,53,0,4,4,UNION RD,,36,31.39531667,-83.516305560,0,8,0,0,1,1,1,0,2,1,0,1,0,0000000,20,53,20,57,21,16,0,0,0,1,0
13,130236,1,1,0,2,43,0,3,4,2010,7,2,46,0,9,4,STILLMORE METTER HWY,,99999,32.41978333,-82.141386110,0,42,0,0,1,1,4,0,2,1,0,1,0,0000000,88,88,88,88,88,88,0,0,0,2,1
13,130237,2,2,0,2,85,0,3,4,2010,7,20,44,0,2,3,SR-53,,129,34.38486111,-84.074883330,0,12,2,0,1,1,1,0,2,10,0,10,0,0000000,20,44,20,55,22,11,0,0,0,1,0
13,130238,1,1,0,1,213,0,3,4,2010,7,3,34,0,4,4,SPRING PLACE SMYRNA,,8,34.74617222,-84.808755560,0,31,0,0,1,1,4,0,2,1,0,1,0,0000000,3,39,3,48,88,88,0,0,0,1,1
13,130239,1,1,0,1,23,1220,5,4,2010,2,13,55,0,6,4,SAM BUTLER RD,,8,32.43048889,-83.212702780,0,34,0,0,1,1,4,0,1,1,0,1,0,0000000,14,3,14,12,88,88,0,0,0,1,0
13,130240,2,2,0,2,31,0,7,4,2010,4,0,32,1,2,2,US-80 / SR-26,,380,32.28608056,-81.537952780,0,12,2,0,1,1,1,0,2,1,0,1,0,0000000,88,88,88,88,88,88,0,0,0,1,1
13,130241,1,1,0,1,213,0,7,4,2010,4,11,20,0,4,3,SR-225,,165,34.83290833,-84.808586110,0,34,0,0,1,1,4,0,1,1,0,1,0,0000000,11,20,11,30,12,20,0,0,0,1,0
13,130242,1,1,0,1,57,0,8,4,2010,5,14,42,0,4,3,SR-108,,120,34.34317500,-84.514458330,0,35,0,0,1,1,4,0,1,2,0,2,0,0000000,14,42,14,49,88,88,0,0,0,1,0
13,130243,1,1,0,1,121,280,8,4,2010,5,12,45,0,14,3,SR-42,VICKERS ST,21,33.72179722,-84.349466670,0,38,0,0,3,9,5,0,1,10,0,10,0,0000000,88,88,88,88,88,88,0,0,0,1,0
13,130244,2,2,0,2,205,0,8,4,2010,5,10,43,1,2,2,US-19 / SR-3,SR-93,53,31.37959167,-84.150075000,0,12,6,0,2,2,1,0,1,10,0,10,0,0000000,10,44,10,47,88,88,0,0,0,1,0
13,130245,1,1,0,1,121,0,9,4,2010,6,6,17,1,13,3,SR-6,,27,33.69957778,-84.576888890,0,42,0,0,1,1,4,0,4,10,0,10,0,0000000,6,17,6,22,88,88,0,0,0,1,0
13,130246,1,1,0,1,175,0,9,4,2010,6,15,32,1,1,1,I-16,,299,32.45730556,-82.767261110,0,32,0,0,1,1,4,0,1,1,0,1,0,0000000,88,88,88,88,88,88,0,0,0,1,0
13,130247,1,1,1,2,121,280,10,4,2010,7,0,1,0,14,3,SR-14,WHITE ST,231,33.73221389,-84.414208330,0,8,0,0,3,3,1,0,3,10,0,10,0,0000000,0,1,0,5,88,88,0,0,0,1,0
13,130248,3,3,0,3,121,280,10,4,2010,7,22,2,1,11,1,I-20,,24,33.75855278,-84.493286110,0,12,1,1,19,1,8,0,3,10,0,10,0,0000000,88,88,88,88,88,88,0,0,0,1,0
13,130249,1,1,0,1,63,1250,11,4,2010,1,16,3,0,14,3,SR-139,,54,33.62541111,-84.446388890,0,33,0,0,1,1,4,0,1,1,0,1,0,0000000,16,8,16,22,88,88,0,0,0,1,0
13,130250,3,3,0,5,51,4910,11,4,2010,1,15,17,1,13,3,SR-204,MERCY BLVD,164,31.98286111,-81.152788890,0,12,6,0,2,2,1,0,1,1,0,1,0,0000000,15,18,15,26,15,52,0,0,0,1,0
13,130251,2,2,0,2,47,0,13,4,2010,3,10,30,0,6,4,LEE CLARKSTON RD,,19,34.86123333,-85.261638890,0,12,2,0,1,1,1,0,1,1,0,1,0,0000000,10,33,10,38,11,14,0,0,0,1,0
13,130252,2,2,0,2,77,0,15,4,2010,5,7,37,0,16,4,PALMETTO TYRONE RD,MINIX RD,0,33.46792222,-84.641450000,0,12,6,1,3,3,1,0,1,1,0,1,0,0000000,7,37,7,40,8,19,0,0,0,1,0
13,130253,1,1,0,1,299,5850,15,4,2010,5,18,11,0,14,6,BRUNEL ST,,6,31.19759167,-82.358069440,0,33,0,0,1,1,4,0,1,1,0,1,0,0000000,18,11,18,16,18,32,0,0,0,1,1
13,130254,1,1,1,1,89,0,16,4,2010,6,2,18,1,13,2,US-278 / SR-12,,40,33.73376667,-84.211413890,0,8,0,0,1,1,1,0,2,1,0,1,0,0000000,2,18,2,31,2,55,0,0,0,1,0
13,130255,2,2,0,3,69,0,16,4,2010,6,22,29,0,3,3,SR-32,SR-268,19,31.57198056,-83.028763890,0,12,6,0,2,2,1,0,2,1,0,1,0,0000000,22,29,22,53,23,35,0,0,0,2,0
13,130256,2,2,0,3,89,0,16,4,2010,6,4,18,0,14,4,PANTHERSVILLE RD,,25,33.66743611,-84.279897220,0,12,2,0,1,1,1,0,3,1,0,1,0,0000000,4,18,4,24,5,0,0,0,0,1,0
13,130257,2,2,0,2,123,0,16,4,2010,6,13,48,0,2,3,SR-515 / SR-5,SR-382,49,34.62080833,-84.516825000,0,12,6,0,2,3,1,0,1,1,0,1,0,0000000,13,48,13,56,88,88,0,0,0,1,0
13,130258,2,2,0,2,143,0,16,4,2010,6,16,40,1,2,2,US-27 / SR-1,BUSH MILL RD,35,33.74470833,-85.162758330,0,12,6,0,2,2,1,0,1,1,0,1,0,0000000,16,40,16,44,17,30,0,0,0,1,0
13,130259,1,1,0,1,245,310,16,4,2010,6,0,38,1,13,3,SR-121,,101,33.37385000,-82.031263890,0,33,0,0,1,1,6,0,2,1,0,1,0,0000000,0,45,1,2,1,12,0,0,0,1,0
13,130260,2,2,1,3,51,4910,17,4,2010,7,10,46,0,13,6,SKIDAWAY ROAD,42ND STREET,1,32.04290556,-81.063447220,0,12,6,0,2,3,1,0,1,1,0,1,0,0000000,10,46,10,53,11,12,0,0,0,2,0
13,130261,1,1,0,1,121,280,17,4,2010,7,19,0,1,11,1,I-75/SR-401,,85,33.75883056,-84.379355560,0,39,0,1,5,1,4,0,1,1,0,1,0,0000000,19,34,19,39,19,50,0,0,0,1,0
13,130262,1,1,0,4,67,0,18,4,2010,1,2,37,0,13,4,ERNEST BARRETT PKWY.,,14,33.98489722,-84.604511110,0,43,0,0,1,1,6,0,2,1,0,1,0,0000000,2,41,2,49,3,32,0,0,0,1,1
13,130263,1,1,0,2,121,280,18,4,2010,1,3,30,0,13,6,PEACHTREE ROAD,COLONIAL HOMES DR.,31,99.99990000,999.999900000,0,30,0,0,2,2,6,0,3,1,0,1,0,0000000,3,38,3,45,4,8,0,0,0,1,1
13,130264,1,1,0,1,157,0,18,4,2010,1,0,47,1,1,1,I-85/SR-403,,108,99.99990000,999.999900000,0,57,0,0,1,1,3,0,2,1,0,1,0,0000000,0,48,0,56,88,88,0,0,0,1,0
13,130265,2,2,0,2,199,0,18,4,2010,1,18,54,0,3,3,SR-41,,32,32.87643333,-84.640602780,0,12,8,0,1,1,1,0,1,1,0,1,0,0000000,18,50,18,55,19,24,0,0,0,1,0
13,130266,1,1,1,1,263,5350,18,4,2010,1,20,51,0,3,3,SR-41,,117,99.99990000,999.999900000,0,8,0,0,1,1,1,0,2,1,0,1,0,0000000,20,51,20,53,88,88,0,0,0,1,0
13,130267,1,1,0,1,269,0,18,4,2010,1,3,57,0,6,4,FOUNTAIN ROAD,,99999,99.99990000,999.999900000,0,38,0,0,1,1,6,0,2,1,0,1,0,0000000,3,57,4,18,88,88,0,0,0,1,1
13,130268,1,1,1,1,63,0,19,4,2010,2,23,26,0,13,3,SR-85,,17,99.99990000,999.999900000,0,8,0,0,1,1,1,0,2,1,0,1,0,0000000,23,28,23,32,23,54,0,0,0,1,0
13,130269,1,1,0,2,73,0,19,4,2010,2,20,12,0,4,3,SR-150,,47,33.60618333,-82.395594440,0,59,0,0,1,1,6,0,2,1,0,1,0,0000000,20,13,20,17,21,3,0,0,0,1,1
13,130270,1,1,0,1,121,120,19,4,2010,2,6,52,0,12,3,SR-400,,166,34.04097778,-84.310005560,0,42,0,0,1,1,6,0,1,1,0,1,0,0000000,6,55,7,4,7,32,0,0,0,1,0
13,130271,1,1,0,1,35,0,20,4,2010,3,21,24,0,4,4,KEYS FERRY ROAD,,65,33.40269444,-83.934666670,0,42,0,0,1,1,6,0,2,2,0,2,0,0000000,99,99,99,99,88,88,0,0,0,1,0
13,130272,1,1,0,1,157,0,20,4,2010,3,7,32,0,6,4,ANTIOCH CHURCH,,22,34.07958889,-83.431613890,0,34,0,0,1,1,6,0,2,1,0,1,0,0000000,7,32,7,38,88,88,0,0,0,1,1
13,130273,1,1,0,1,105,0,24,4,2010,7,17,14,0,5,4,WELCOME CHURCH ROAD,,17,34.03921667,-82.669566670,0,32,0,0,1,1,6,0,1,2,0,2,0,0000000,17,14,17,36,18,48,0,0,0,1,1
13,130274,1,1,1,1,21,3390,28,1,2010,5,18,18,1,13,3,SR-247,,80,32.77306944,-83.659786110,0,9,0,0,1,1,1,0,2,1,0,1,0,0000000,18,18,18,28,18,48,0,0,0,1,0
13,130275,1,1,0,2,185,0,2,4,2010,6,15,53,1,11,1,I-75,,141,30.77736389,-83.295719440,0,24,0,0,1,1,3,0,1,1,0,1,0,0000000,99,99,99,99,99,99,0,0,0,1,1
13,130276,2,2,0,2,297,0,5,4,2010,2,11,57,0,6,4,BRADLEY GIN RD,,18,33.87523611,-83.630922220,0,12,2,0,1,1,1,0,1,1,0,1,0,0000000,11,58,12,8,12,40,0,0,0,1,0
13,130277,2,2,0,2,305,0,6,4,2010,3,7,20,0,5,4,HORTENSE RD,,90,31.44736389,-82.021083330,0,12,2,0,1,1,1,0,1,1,0,1,0,0000000,7,20,7,36,8,2,0,0,0,1,0
13,130278,1,1,0,2,39,0,8,4,2010,5,20,51,1,1,1,I-95,,210,31.04531389,-81.650294440,0,1,0,0,1,1,4,0,2,10,0,10,0,0000000,88,88,88,88,88,88,0,0,0,2,0
13,130279,1,1,0,1,39,0,10,4,2010,7,12,7,0,6,4,GRIFFIN BLUFF RD,,20,99.99990000,999.999900000,0,38,0,0,1,1,4,0,1,1,0,1,0,0000000,88,88,88,88,88,88,0,0,0,1,0
13,130280,1,1,2,2,67,0,10,4,2010,7,21,30,0,14,3,SR-5,,89,33.90701111,-84.561761110,0,8,0,0,1,1,1,0,3,1,0,1,0,0000000,21,30,21,33,21,52,0,0,0,1,0
13,130281,4,4,0,4,9,3620,12,4,2010,2,6,59,1,13,3,SR-49,,78,33.06884167,-83.264972220,0,12,1,0,8,1,1,0,1,1,0,1,0,0000000,7,4,7,9,7,28,0,0,0,1,0
13,130282,1,1,0,1,127,0,12,4,2010,2,3,0,0,13,3,SR-25SP,,22,99.99990000,999.999900000,0,35,0,0,1,1,5,0,2,1,0,1,0,0000000,88,88,88,88,88,88,0,0,0,1,1
13,130283,2,2,0,3,139,0,13,4,2010,3,17,10,0,14,3,SR-347,,44,99.99990000,999.999900000,0,53,0,0,1,1,4,0,1,1,0,1,0,0000000,99,99,99,99,99,99,0,0,0,1,1
13,130284,2,2,0,5,163,3250,14,4,2010,4,19,0,0,2,3,SR-4,,222,33.11756944,-82.405141670,0,12,6,0,1,1,1,0,1,1,0,1,0,0000000,19,0,19,7,19,44,0,0,0,2,1
13,130285,6,1,0,1,21,0,17,4,2010,7,4,42,0,13,3,SR-87,,127,32.91768333,-83.708427780,0,59,0,0,1,1,4,0,3,10,0,10,0,0000000,88,88,88,88,88,88,14,0,0,1,0
13,130286,2,2,1,2,121,4882,17,4,2010,7,1,21,1,12,3,SR-400,,124,99.99990000,999.999900000,0,8,0,0,1,1,1,0,2,1,0,1,0,0000000,1,23,1,30,88,88,0,0,0,1,1
13,130287,1,1,0,2,97,0,18,4,2010,1,18,20,1,11,1,I-20,,145,99.99990000,999.999900000,0,24,0,0,1,1,3,0,1,1,0,1,0,0000000,99,99,99,99,99,99,0,0,0,1,1
13,130288,3,3,0,4,127,0,19,4,2010,2,20,22,0,3,3,SR-303,,53,99.99990000,999.999900000,0,12,8,0,1,1,1,1,3,10,0,10,0,0000000,20,22,20,26,21,22,0,0,0,1,1
13,130289,2,2,0,2,57,0,21,4,2010,4,8,5,0,2,3,SR-20,,187,34.25112222,-84.369188890,0,12,2,0,1,1,1,0,1,10,0,10,0,0000000,8,5,8,9,9,15,0,0,0,1,0
13,130290,2,2,0,2,31,5204,22,4,2010,5,16,36,0,4,4,CO RD 927,ASH BRANCH CHURCH RD,96,99.99990000,999.999900000,0,12,6,0,2,2,1,0,1,1,0,1,0,0000000,16,36,16,46,18,40,0,0,0,1,0
13,130291,3,3,0,4,85,0,23,4,2010,6,16,52,0,2,3,SR-53,,167,34.35132778,-84.030400000,0,12,8,0,1,1,1,0,1,1,0,1,0,0000000,16,52,17,1,88,88,0,0,0,1,0
13,130292,1,1,0,1,229,0,23,4,2010,6,5,59,0,4,3,SR-203,,24,31.35468056,-82.285775000,0,30,0,0,1,1,4,0,2,1,0,1,0,0000000,88,88,88,88,88,88,0,0,0,1,0
13,130293,2,2,0,2,57,0,24,4,2010,7,23,23,0,14,3,SR-140,,242,34.15250556,-84.405041670,0,12,2,0,1,1,1,0,2,10,0,10,0,0000000,23,23,23,28,99,99,0,0,0,1,1
13,130294,1,1,0,1,139,0,24,4,2010,7,19,6,0,5,4,HOG MOUNTAIN RD,,5,34.14119167,-83.929763890,0,32,0,0,1,1,4,0,5,2,0,2,0,0000000,19,6,19,17,19,48,0,0,0,1,1
13,130295,1,1,0,4,283,5100,25,4,2010,1,12,8,1,1,1,I-16,,132,99.99990000,999.999900000,0,42,0,0,1,1,4,0,1,1,0,1,0,0000000,12,20,12,45,13,35,0,0,0,1,0
13,130296,1,1,0,1,1,0,26,4,2010,2,10,59,0,4,3,SR-122,,70,99.99990000,999.999900000,0,1,0,0,1,1,1,0,1,1,0,1,0,0000000,99,99,99,99,88,88,0,0,0,1,0
13,130297,1,1,0,1,25,0,27,4,2010,3,21,18,0,9,4,SLOAN HILL RD,,99999,99.99990000,999.999900000,0,1,0,0,1,1,1,0,2,1,0,1,0,0000000,21,19,21,34,22,43,0,0,0,1,0
13,130298,1,1,0,1,123,0,27,4,2010,3,18,58,0,4,4,BOARDTOWN RD,,10,34.82767500,-84.407294440,0,42,0,0,1,1,4,0,1,10,0,10,0,0000000,18,58,19,16,88,88,0,0,0,1,1
13,130299,1,1,0,1,133,0,28,4,2010,4,6,2,0,3,3,SR-15,,50,33.52230833,-83.061919440,0,42,0,0,1,1,4,0,1,1,0,1,0,0000000,99,99,99,99,88,88,0,0,0,1,0
13,130300,2,2,0,3,153,5790,28,4,2010,4,11,49,1,13,3,SR-96,,45,32.55437500,-83.645847220,0,12,2,0,1,1,1,0,1,1,0,1,0,0000000,11,49,11,54,12,40,0,0,0,1,0
13,130301,1,1,0,1,133,0,29,4,2010,5,9,42,1,1,1,I-20,,25,33.53840833,-83.236005560,0,1,0,0,1,1,1,0,1,1,0,1,0,0000000,99,99,99,99,99,99,0,0,0,1,0
13,130302,1,1,1,1,235,2620,30,4,2010,6,13,24,0,6,4,CANNON RD,,18,32.33522778,-83.437336110,0,9,0,0,1,1,1,0,1,1,0,1,0,0000000,99,99,99,99,99,99,0,0,0,1,0
13,130303,2,2,0,2,217,0,6,1,2010,4,17,46,0,4,3,SR-142,DIXIE RD,64,33.57370833,-83.770269440,0,12,6,0,2,2,1,0,2,1,0,1,0,0000000,17,48,17,57,18,30,0,0,0,1,0
13,130304,2,2,0,2,89,0,24,2,2010,4,17,28,0,15,4,RAINBOW DR,,22,33.70833333,-84.234866670,0,12,1,0,1,1,1,0,1,1,0,1,0,0000000,17,28,17,39,18,58,0,0,0,1,0
13,130305,1,1,2,1,153,5790,23,3,2010,3,21,19,0,13,3,SR-247CO,COLLINS AVE,22,32.61835278,-83.680100000,0,8,0,0,3,2,1,0,3,1,0,1,0,0000000,21,21,21,25,21,56,0,0,0,2,0
13,130306,2,2,0,2,51,0,11,4,2010,1,12,20,0,14,4,JOHNNY MERCER BLVD,,28,32.01466667,-80.985997220,0,12,6,0,8,1,1,0,1,1,0,1,0,0000000,12,20,12,29,13,9,0,0,0,1,0
13,130308,3,3,0,4,51,4910,19,4,2010,2,17,30,0,13,3,SR-204 SP,HODGSON MEMORIAL DR,7,31.99641111,-81.115291670,0,12,6,0,2,2,1,0,1,1,0,1,0,0000000,17,35,17,39,18,10,0,0,0,1,0
13,130309,1,1,0,2,97,0,24,4,2010,7,20,6,1,1,1,I-20,,25,33.72162778,-84.879041670,0,1,0,0,1,1,3,0,1,2,0,2,0,0000000,20,6,20,16,20,53,0,0,0,1,0
13,130310,2,2,0,2,89,0,25,4,2010,1,4,7,1,11,1,I-85,,48,33.86720833,-84.285627780,0,12,2,0,1,1,1,0,3,1,0,1,0,0000000,4,7,4,10,5,10,0,0,0,1,2
13,130311,1,1,0,1,157,0,25,4,2010,1,2,41,0,6,4,MOUNTAIN CREEK ROAD,,35,34.15729167,-83.692988890,0,42,0,0,1,1,6,0,2,2,0,2,0,0000000,88,88,88,88,88,88,0,0,0,1,1
13,130312,2,2,0,5,213,0,25,4,2010,1,13,34,0,4,3,SR-225,MITCHELL BRIDGE ROAD,149,34.81153056,-84.815847220,0,12,6,0,2,2,1,0,1,1,0,1,0,0000000,13,34,13,41,15,6,0,0,0,2,0
13,130313,1,1,0,1,67,0,26,4,2010,2,21,7,0,15,4,JAMERSON ROAD,,37,34.06563611,-84.468619440,0,42,0,0,1,1,6,0,2,1,0,1,0,0000000,21,7,21,13,22,25,0,0,0,1,0
13,130314,2,2,0,5,95,90,27,4,2010,3,19,41,1,13,3,SR-62,SR-234,167,31.54906389,-84.176752780,0,12,6,0,2,4,1,0,1,1,0,1,0,0000000,19,42,20,0,20,6,0,0,0,1,0
13,130315,1,1,0,1,319,0,27,4,2010,3,13,38,0,4,3,SR-112,,55,32.63688056,-83.156397220,0,34,0,0,1,1,6,1,1,10,0,10,0,0000000,88,88,88,88,88,88,0,0,0,1,0
13,130316,2,2,0,3,69,750,28,4,2010,4,21,41,1,2,3,SR-31,,170,31.63451111,-82.897061110,0,12,1,0,1,1,1,0,2,1,0,1,0,0000000,21,42,21,51,22,15,0,0,0,2,0
13,130317,1,1,0,1,153,4340,28,4,2010,4,13,30,1,11,1,I-75,,93,32.41786389,-83.761138890,0,34,0,0,1,1,6,0,1,1,0,1,0,0000000,13,33,13,50,88,88,0,0,0,1,0
13,130318,1,1,0,2,175,1780,28,4,2010,4,8,58,0,14,3,SR-19,,185,32.52266389,-82.900622220,0,34,0,0,1,1,6,0,1,1,0,1,0,0000000,8,59,9,5,9,27,0,0,0,1,0
13,130319,1,1,0,1,67,0,29,4,2010,5,2,41,0,16,4,SEWELL MILL,,25,33.98160556,-84.467569440,0,34,0,0,1,1,6,0,2,1,0,1,0,0000000,2,41,2,46,88,88,0,0,0,1,1
13,130320,2,2,0,4,245,310,11,2,2010,5,12,4,0,13,6,WRIGHTSBORO ROAD,HEARD AVENUE,9,33.46692778,-82.010686110,0,12,6,1,2,2,1,0,1,1,0,1,0,0000000,12,4,12,10,12,30,20,0,0,1,0
13,130322,1,1,1,1,97,0,25,3,2010,5,7,14,0,16,4,HUEY ROAD,,0,33.76128333,-84.732700000,0,8,0,0,1,1,1,0,2,1,0,1,0,0000000,7,17,7,35,8,4,0,0,0,1,0
13,130323,1,1,1,1,151,0,2,4,2010,6,21,35,1,13,3,SR-138,,25,33.54016111,-84.204669440,0,8,0,0,1,1,1,0,3,1,0,1,0,0000000,21,35,21,35,22,10,0,0,0,1,0
13,130324,2,2,0,2,121,280,12,4,2010,2,12,18,1,11,1,I-285/SR-407,,98,33.76498611,-84.493875000,0,12,7,0,1,1,1,0,1,1,0,1,0,0000000,12,19,12,24,12,39,0,0,0,1,0
13,130325,2,2,0,2,277,5620,28,4,2010,4,14,57,1,2,3,SR-520,,9,31.47157222,-83.650697220,0,12,1,0,1,1,1,0,1,1,0,1,0,0000000,14,57,15,5,15,33,0,0,0,1,0
13,130326,2,2,0,3,69,0,1,5,2010,7,17,31,0,4,3,SR-268,CORBITT RD,76,31.62248889,-82.925877780,0,12,7,0,3,3,1,0,1,1,0,1,0,0000000,17,31,17,42,18,11,0,0,0,1,0
13,130327,1,1,1,2,217,1380,1,5,2010,7,15,38,0,14,3,SR-81,,101,33.59322222,-83.872811110,0,8,0,0,1,1,1,0,1,1,0,1,0,0000000,15,38,15,48,16,0,0,0,0,1,1
13,130328,2,2,0,5,283,0,1,5,2010,7,13,7,1,1,1,I-16,,132,32.42887500,-82.478572220,0,12,1,0,1,1,1,0,1,1,0,1,0,0000000,13,11,13,18,14,10,0,0,0,1,0
13,130329,2,2,0,3,21,0,4,5,2010,3,13,22,0,14,2,US-23,,156,32.90435833,-83.689336110,0,12,6,0,8,1,1,0,1,1,0,1,0,0000000,99,99,99,99,99,99,0,0,0,1,0
13,130330,1,1,1,1,193,0,5,5,2010,4,17,40,0,4,3,SR-127,,28,32.44018611,-84.133708330,0,8,0,0,1,1,1,0,1,1,0,1,0,0000000,88,88,88,88,88,88,0,0,0,1,0
13,130331,1,1,1,1,95,90,6,5,2010,5,1,14,1,12,3,SR-520,,13,31.61977778,-84.211783330,0,8,0,0,1,1,1,0,2,1,0,1,0,0000000,1,14,1,22,88,88,0,0,0,1,0
13,130332,1,1,0,1,297,3710,6,5,2010,5,2,57,0,4,4,BOLD SPRINGS RD,,99999,33.86390278,-83.750872220,0,33,0,0,1,1,4,0,2,1,0,1,0,0000000,88,88,88,88,88,88,0,0,0,1,1
13,130333,3,3,0,8,67,0,7,5,2010,6,14,43,0,13,3,SR-176,MIDWAY RD,56,33.91691667,-84.691058330,0,12,6,0,2,3,1,0,1,1,0,1,0,0000000,14,45,14,52,15,42,0,0,0,1,0
13,130334,2,2,0,2,139,0,11,5,2010,3,14,45,0,13,3,SR-369,CHEROKEE TRAIL,22,34.27336389,-83.915952780,0,12,2,0,2,3,1,0,1,10,0,10,0,0000000,14,46,14,53,15,59,0,0,0,1,0
13,130335,2,2,0,2,31,0,12,5,2010,4,13,50,0,4,4,LAKEVIEW RD,MALLARD POND RD,67,32.55401667,-81.788694440,0,12,2,0,2,3,1,0,1,10,0,10,0,0000000,99,99,99,99,99,99,0,0,0,1,0
13,130336,2,2,0,2,47,2210,12,5,2010,4,8,28,0,14,3,SR-2 / BATTLEFIELD P,DYER BRIDGE RD,41,34.93577778,-85.198527780,0,12,6,0,2,2,1,0,1,10,0,10,0,0000000,8,28,8,31,88,88,0,0,0,1,0
13,130337,1,1,1,1,185,0,14,2,2010,1,3,21,0,2,3,SR-38,,146,30.85206389,-83.222888890,0,8,0,0,1,1,1,0,2,1,0,1,0,0000000,99,99,99,99,88,88,0,0,0,1,0
13,130338,2,2,0,4,175,1780,1,5,2010,7,11,2,0,3,3,SR-19,SR026,333,32.39764722,-82.842558330,0,12,6,0,2,2,1,0,1,1,0,1,0,0000000,99,99,99,99,99,99,0,0,0,1,0
13,130339,1,1,0,2,269,0,1,5,2010,7,20,29,9,9,4,WAINWRIGHT CEMETARY,,11,99.99990000,999.999900000,0,35,0,0,1,1,6,0,2,1,0,1,0,0000000,99,99,99,99,99,99,0,0,0,1,0
13,130340,1,1,1,3,89,280,2,5,2010,1,10,48,0,16,6,HARDEE STREET,HUTCHINSON STREET,8,33.75343333,-84.340763890,0,9,0,0,2,2,1,0,1,1,0,1,0,0000000,10,48,10,57,99,99,0,0,0,1,0
13,130341,1,1,0,4,31,0,3,5,2010,2,16,8,1,2,3,SR-73,,46,32.32915278,-81.875975000,0,34,0,0,1,1,6,0,1,10,0,10,0,0000000,16,9,16,21,16,44,0,0,0,2,0
13,130342,1,1,1,2,63,0,3,5,2010,2,20,50,1,13,3,SR-3,,103,33.56503611,-84.371525000,0,8,0,0,1,1,1,0,2,10,0,10,0,0000000,20,54,21,2,21,15,0,0,0,1,0
13,130343,2,2,1,1,89,0,3,5,2010,2,12,50,0,12,3,SR-410,,135,33.82140556,-84.169863890,0,8,0,0,1,1,1,0,1,2,1,2,0,0000000,13,0,13,17,14,6,23,0,0,1,0
13,130344,1,1,0,1,121,1250,3,5,2010,2,1,24,0,15,6,HERSCHEL ROAD,,9,33.64206389,-84.473147220,0,30,0,0,1,1,6,0,3,10,0,10,0,0000000,88,88,88,88,88,88,0,0,0,1,1
13,130345,1,1,2,1,277,1134,5,5,2010,4,7,14,0,4,6,WHIDDON MILL RD,,57,31.48388611,-83.561797220,0,8,0,0,1,1,1,0,4,5,0,5,1,0000000,7,16,7,24,7,37,0,0,0,1,0
13,130346,3,3,0,5,313,0,5,5,2010,4,10,13,1,11,1,I-75,,48,34.78476667,-85.000813890,0,1,0,0,1,1,1,0,1,1,0,1,0,0000000,10,14,10,19,88,88,0,0,0,1,0
13,130347,1,1,0,2,71,0,5,5,2010,4,18,56,0,16,4,SYLVESTER DRIVE,,3,31.20103611,-83.792938890,0,34,0,0,1,1,6,0,1,10,0,10,0,0000000,18,56,19,1,19,27,0,0,0,1,1
13,130348,2,2,0,3,147,0,5,5,2010,4,6,33,0,4,3,SR-51,,85,34.36026667,-82.971905560,0,12,7,0,8,1,1,0,1,10,0,10,0,0000000,6,34,6,37,88,88,0,0,0,1,0
13,130349,1,1,0,2,313,0,6,5,2010,5,3,0,1,1,1,I-75,,140,34.80520556,-85.016327780,0,52,0,0,1,1,6,0,2,1,0,1,0,0000000,7,4,7,44,10,43,0,0,0,1,1
13,130350,1,1,0,1,319,3370,6,5,2010,5,14,16,0,4,3,SR-112,,301,32.88530000,-83.130841670,0,34,0,0,1,1,6,0,1,1,0,1,0,0000000,14,25,14,32,88,88,0,0,0,1,0
13,130351,2,2,0,2,89,0,8,5,2010,7,1,0,1,11,1,I-285,,99999,33.66826389,-84.339036110,0,1,0,0,1,1,1,0,3,1,0,1,0,0000000,1,17,1,30,88,88,0,0,0,1,0