STATE,ST_CASE,VE_TOTAL,VE_FORMS,PEDS,PERSONS,COUNTY,CITY,DAY,MONTH,YEAR,DAY_WEEK,HOUR,MINUTE,NHS,ROAD_FNC,ROUTE,TWAY_ID,TWAY_ID2,MILEPT,LATITUDE,LONGITUD,SP_JUR,HARM_EV,MAN_COLL,RELJCT1,RELJCT2,TYP_INT,REL_ROAD,WRK_ZONE,LGT_COND,WEATHER1,WEATHER2,WEATHER,SCH_BUS,RAIL,NOT_HOUR,NOT_MIN,ARR_HOUR,ARR_MIN,HOSP_HR,HOSP_MN,CF1,CF2,CF3,FATALS,DRUNK_DR
13,130352,1,1,0,1,313,0,8,5,2010,7,21,35,0,6,4,E NANCE SPRINGS RD,,34,34.63945833,-84.932922220,0,1,0,0,1,1,1,0,1,1,0,1,0,0000000,21,1,21,16,21,43,0,0,0,1,1
13,130353,1,1,0,2,157,0,9,5,2010,1,0,52,0,3,3,SR-15,,17,34.01282778,-83.482702780,0,35,0,0,1,1,6,0,2,1,0,1,0,0000000,0,52,0,59,1,24,0,0,0,1,1
13,130354,1,1,0,1,73,0,10,5,2010,2,9,3,0,4,4,RAY OWENS ROAD,,68,33.57098889,-82.320813890,0,42,0,0,1,1,6,0,1,1,0,1,0,0000000,9,6,9,10,88,88,0,0,0,1,0
13,130355,2,2,0,4,13,0,11,5,2010,3,17,27,0,14,3,SR-8,,42,34.00160278,-83.799247220,0,12,2,0,1,1,1,0,1,10,0,10,0,0000000,17,29,17,35,18,8,0,0,0,1,1
13,130356,2,2,0,3,67,0,11,5,2010,3,15,58,0,14,4,JOHNSON FERRY ROAD,SEWELL MILL ROAD,9,33.99528889,-84.433922220,0,12,6,0,2,2,1,0,1,10,0,10,0,0000000,16,1,16,19,16,45,0,0,0,1,0
13,130357,1,1,0,1,15,0,12,5,2010,4,16,36,1,2,3,SR-20,,86,34.22363611,-84.889188890,0,35,0,0,1,1,6,0,1,1,0,1,0,0000000,16,36,16,44,88,88,0,0,0,1,0
13,130358,1,1,0,2,75,0,12,5,2010,4,3,8,0,4,4,MASSEY POST ROAD,,34,31.17844167,-83.384772220,0,32,0,0,1,1,6,0,2,1,0,1,0,0000000,3,11,3,26,4,18,0,0,0,1,1
13,130359,1,1,0,1,119,0,14,5,2010,6,3,51,0,6,4,HARRISON BRIDGE ROAD,,43,34.33767778,-83.226777780,0,59,0,0,1,1,6,0,2,10,0,10,0,0000000,3,58,3,58,88,88,0,0,0,1,1
13,130360,2,2,0,2,73,0,15,5,2010,7,18,5,0,3,3,SR-47,,46,33.63952500,-82.304805560,0,12,2,0,1,1,1,0,1,1,0,1,0,0000000,18,5,18,12,18,43,0,0,0,2,0
13,130361,2,2,0,4,121,280,16,5,2010,1,5,11,1,11,1,I-75,,103,33.76038333,-84.380363890,0,12,1,0,1,1,1,1,3,1,0,1,0,0000000,5,15,5,21,5,57,0,0,0,1,1
13,130362,2,2,0,2,245,310,17,5,2010,2,4,48,1,11,1,I-20,,1,33.48770556,-82.107933330,0,24,0,0,1,1,6,1,2,2,0,2,0,0000000,4,57,4,58,5,17,0,0,0,1,0
13,130363,1,1,0,1,135,0,22,5,2010,7,2,20,0,15,4,OLD PEACHTREE RD,,63,34.03493333,-83.990522220,0,30,0,0,1,1,6,0,2,10,0,10,0,0000000,88,88,88,88,88,88,0,0,0,1,1
13,130364,1,1,0,1,131,0,23,5,2010,1,7,7,0,3,3,SR-111,,24,30.71831944,-84.347919440,0,34,0,0,1,1,6,0,2,1,0,1,0,0000000,7,7,7,26,88,88,0,0,0,1,0
13,130365,1,1,0,4,183,0,5,2,2010,6,1,40,0,5,4,GEORGE SWINDELL RD,,31,31.81738889,-81.872972220,0,1,0,0,1,1,4,0,2,10,0,10,0,0000000,99,99,99,99,99,99,0,0,0,1,1
13,130366,4,4,0,4,77,3950,30,4,2010,6,12,15,1,2,2,US-27 ALT / SR-16,HENRY BRYANT RD,33,33.43323611,-84.868258330,0,12,1,0,2,3,1,0,1,1,0,1,0,0000000,99,99,99,99,99,99,0,0,0,1,0
13,130367,2,2,0,2,305,0,2,5,2010,1,20,22,1,2,3,SR-38,,99,31.79428611,-81.607388890,0,12,2,0,1,1,1,1,5,1,0,1,0,0000000,99,99,99,99,99,99,0,0,0,1,1
13,130368,2,2,0,2,21,0,3,5,2010,2,22,44,0,6,4,JOE TAMPLIN BLVD,,13,32.80308333,-83.554908330,0,12,1,0,1,1,1,0,3,2,0,2,0,0000000,88,88,88,88,88,88,0,0,0,1,1
13,130369,1,1,0,1,145,2550,3,5,2010,2,12,0,0,4,3,SR-116,,207,99.99990000,999.999900000,0,32,0,0,1,1,4,0,1,2,0,2,0,0000000,88,88,88,88,88,88,0,0,0,1,0
13,130370,2,2,0,5,295,0,5,5,2010,4,13,16,0,9,3,SR-2,PARK CITY RD,269,34.95438056,-85.267919440,0,12,6,0,2,2,1,0,1,1,0,1,0,0000000,13,17,13,20,88,88,0,0,0,1,0
13,130371,2,2,0,2,97,0,7,5,2010,6,13,18,0,14,4,LEE RD,,22,33.75944444,-84.651030560,0,12,6,0,1,1,1,0,1,1,0,1,0,0000000,88,88,88,88,88,88,0,0,0,1,1
13,130372,1,1,0,3,217,0,8,5,2010,7,18,14,0,15,4,ALMON RD,,6,33.62111389,-83.925794440,0,53,0,0,1,1,4,0,1,1,0,1,0,0000000,99,99,99,99,99,99,0,0,0,2,0
13,130373,1,1,0,1,133,2490,13,5,2010,5,1,53,0,9,4,PENFIELD RD,,20,99.99990000,999.999900000,0,42,0,0,1,1,4,0,2,1,0,1,0,0000000,1,53,2,2,2,58,0,0,0,1,1
13,130374,1,1,0,2,185,0,13,5,2010,5,21,21,0,6,4,STEWART CIR,,4,30.90441111,-83.343127780,0,32,0,0,1,1,4,0,2,1,0,1,0,0000000,99,99,99,99,99,99,0,0,0,2,0
13,130375,3,3,0,4,77,3750,19,5,2010,4,16,28,0,3,3,SR-41,BEXTON RD,30,33.26631944,-84.761208330,0,12,1,0,3,3,1,0,1,1,0,1,0,0000000,16,28,16,32,17,26,0,0,0,1,0
13,130376,1,1,1,1,245,310,19,5,2010,4,11,57,0,14,4,WALTON WAY,HICKMAN RD,12,33.47558056,-82.009344440,0,9,0,0,3,2,1,0,1,1,0,1,0,0000000,11,57,11,59,12,19,16,0,0,1,0
13,130377,2,2,0,4,167,3030,12,5,2010,4,9,43,0,3,3,SR-78,CR-113,294,32.80011667,-82.532600000,0,12,6,0,2,2,1,0,1,1,0,1,0,0000000,9,43,10,5,10,52,0,0,0,1,0
13,130378,1,1,0,2,275,0,12,5,2010,4,21,46,0,4,3,SR-188,,117,31.00277222,-83.945480560,0,34,0,0,1,1,6,0,2,1,0,1,0,0000000,21,46,22,6,22,31,0,0,0,1,1
13,130379,2,2,0,2,159,0,13,5,2010,5,16,1,0,4,4,JACKSON LAKE ROAD,,99999,99.99990000,999.999900000,0,12,8,0,1,1,2,0,1,1,0,1,0,0000000,88,88,88,88,88,88,0,0,0,1,0
13,130380,1,1,1,2,193,4150,14,5,2010,6,23,15,0,3,3,SR-49,,81,32.27867778,-84.075322220,0,8,0,0,1,1,1,0,3,1,0,1,0,0000000,23,12,23,17,23,54,0,0,0,1,0
13,130381,1,1,0,2,289,0,15,5,2010,7,5,6,1,1,1,I-16,,19,99.99990000,999.999900000,0,35,0,0,1,1,6,0,2,1,0,1,0,0000000,5,15,5,30,6,1,0,0,0,1,1
13,130382,2,2,0,2,95,90,16,5,2010,1,4,7,0,14,4,RADIUM SPRINGS RD,EAST OAKRIDGE DR,76,31.55242778,-84.137055560,0,12,6,0,2,2,1,0,3,1,0,1,0,0000000,4,7,4,15,88,88,0,0,0,1,0
13,130383,1,1,0,1,285,3050,16,5,2010,1,0,6,0,14,6,COUNTRY CLUB ROAD,,91,33.05637222,-85.056152780,0,33,0,0,1,1,6,0,3,1,0,1,0,0000000,88,88,88,88,88,88,0,0,0,1,1
13,130384,2,2,0,3,153,4340,17,5,2010,2,9,0,1,11,1,I-75,,143,32.49380000,-83.742491670,0,12,6,0,1,1,1,0,1,10,0,10,0,0000000,9,44,9,52,10,25,0,0,0,1,0
13,130385,2,2,0,2,275,0,19,5,2010,4,15,18,0,6,3,SR-3,SR-35,15,30.87418056,-83.956619440,0,12,6,0,2,2,1,0,1,1,0,1,0,0000000,15,18,15,24,88,88,0,0,0,1,0
13,130386,1,1,0,1,47,0,20,5,2010,5,20,12,0,6,4,HOOPER ROAD,,10,34.80011389,-85.167044440,0,34,0,0,1,1,6,0,5,1,0,1,0,0000000,20,12,20,17,88,88,0,0,0,1,1
13,130387,1,1,0,1,13,0,21,5,2010,6,18,48,0,4,3,SR-8,,8,33.97440000,-83.674900000,0,42,0,0,1,1,6,0,1,10,0,10,0,0000000,18,48,18,54,88,88,0,0,0,1,0
13,130388,1,1,0,1,199,5780,22,5,2010,7,17,5,0,3,3,SR-85 AL,,6,99.99990000,999.999900000,0,43,0,0,1,1,6,0,1,1,0,1,0,0000000,17,5,17,19,18,58,0,0,0,1,0
13,130389,3,3,0,4,293,0,22,5,2010,7,18,13,0,3,3,SR-74,LONG FARM COURT,9,32.97358611,-84.490550000,0,12,1,0,2,3,1,0,1,1,0,1,0,0000000,99,99,99,99,99,99,0,0,0,1,1
13,130390,2,2,0,2,13,0,23,5,2010,1,7,4,1,2,3,SR-316,SR-53,108,33.94186389,-83.715991670,0,12,6,0,2,2,1,0,1,5,0,5,0,0000000,7,4,7,11,88,88,0,0,0,1,0
13,130391,1,1,1,3,21,3390,23,5,2010,1,17,26,1,13,6,EISENHOSWER PARKWAY,C STREET,129,32.81391389,-83.652197220,0,8,0,0,3,2,1,0,1,1,0,1,0,0000000,17,26,17,35,17,39,0,0,0,1,0
13,130392,1,1,0,3,31,4577,23,5,2010,1,13,45,1,1,1,I-16,,5,99.99990000,999.999900000,0,32,0,0,1,1,6,0,1,1,0,1,0,0000000,13,55,14,9,14,30,0,0,0,1,0
13,130393,1,1,0,1,51,4910,23,5,2010,1,15,19,1,13,6,TRUMAN PARKWAY,,24,32.00066944,-81.079508330,0,1,0,0,1,1,3,0,1,1,0,1,0,0000000,15,21,15,35,15,48,0,0,0,1,0
13,130394,2,2,0,3,267,3410,23,5,2010,1,22,39,0,6,4,CR-36,,4,32.19704167,-82.019591670,0,12,2,0,1,1,1,0,2,10,0,10,0,0000000,22,43,22,47,23,10,0,0,0,2,1
13,130395,2,2,0,2,115,0,24,5,2010,2,11,37,1,13,3,SR-1,CALHOUN ROAD,44,34.27938333,-85.126147220,0,12,6,0,2,2,1,0,1,1,0,1,0,0000000,11,37,11,41,12,59,0,0,0,1,0
13,130396,2,2,0,2,245,2670,26,5,2010,4,7,23,0,14,3,SR-88,,70,33.31066111,-82.107933330,0,12,2,0,1,1,1,0,1,1,0,1,0,0000000,7,24,7,24,88,88,0,0,0,1,0
13,130397,1,1,0,1,245,310,26,5,2010,4,23,54,0,14,4,HEPHZIBAH-MCBEAN RD,,27,33.27950833,-82.079672220,0,30,0,0,1,1,6,0,2,1,0,1,0,0000000,88,88,88,88,88,88,0,0,0,1,0
13,130398,1,1,0,3,153,4340,27,5,2010,5,6,18,1,11,1,I-75,,106,32.44979167,-83.754380560,0,35,0,0,1,1,6,0,1,1,0,1,0,0000000,99,99,99,99,99,99,0,0,0,2,0
13,130399,2,2,0,2,121,280,28,5,2010,6,1,30,1,11,1,I-75,,107,33.79082778,-84.390761110,0,12,1,0,1,1,1,0,3,1,0,1,0,0000000,88,88,88,88,88,88,0,0,0,1,2
13,130400,2,2,0,3,95,90,31,5,2010,2,7,42,0,13,6,OAKRIDGE DRIVE,,6,31.54906389,-84.208358330,0,12,1,0,8,1,1,0,1,1,0,1,0,0000000,88,88,88,88,88,88,0,0,0,1,0
13,130401,1,1,0,3,285,0,20,5,2010,5,11,35,0,9,4,HAMMETT RD,,12,33.14013889,-84.975150000,0,32,0,0,1,1,4,0,1,1,0,1,0,0000000,11,35,11,43,12,30,0,0,0,2,0
13,130402,1,1,0,2,67,0,23,5,2010,1,0,17,0,14,4,POWERS FERRY RD,AKERS MILL RD,58,33.89953889,-84.446436110,0,33,0,0,3,3,4,0,3,1,0,1,0,0000000,0,18,0,24,0,50,0,0,0,1,0
13,130403,1,1,0,1,167,6080,26,5,2010,4,0,30,0,6,4,NEW BUCKEYE RD,,7,32.73974722,-82.854980560,0,42,0,0,1,1,4,0,2,10,0,10,0,0000000,88,88,88,88,88,88,0,0,0,1,1
13,130404,2,2,0,2,97,0,31,5,2010,2,12,20,0,9,4,RIVERSIDE PKWY,,8,33.75667222,-84.569150000,0,12,2,0,1,1,1,0,1,10,0,10,0,0000000,88,88,88,88,88,88,0,0,0,1,0
13,130405,1,1,1,1,121,280,31,5,2010,2,6,16,0,19,3,SR-166,,0,99.99990000,999.999900000,0,8,0,0,1,1,1,0,4,2,0,2,0,0000000,6,20,6,36,6,58,0,0,0,1,0
13,130406,2,2,0,2,103,0,5,1,2010,3,14,47,0,2,3,SR-119,,2,32.22570278,-81.509761110,0,12,6,0,8,1,1,0,1,1,0,1,0,0000000,88,88,88,88,88,88,0,0,0,1,1
13,130407,2,2,0,2,267,0,6,1,2010,4,18,24,0,6,3,SR-144,,99,31.93286111,-81.968050000,0,12,1,0,8,1,1,0,2,1,0,1,0,0000000,18,25,18,36,19,8,0,0,0,1,0
13,130408,3,2,2,1,95,0,8,1,2010,6,15,26,0,3,3,SR-133,,68,31.52759167,-84.085363890,0,12,7,0,1,1,1,0,1,1,0,1,0,0000000,15,26,15,32,88,88,0,0,0,1,0
13,130409,1,1,0,3,285,3050,14,2,2010,1,6,14,1,11,1,I-85,,175,33.05283611,-84.956975000,0,52,0,0,5,1,4,0,2,1,0,1,0,0000000,6,14,6,28,7,34,0,0,0,1,0
13,130410,2,2,0,4,299,5850,29,3,2010,2,16,15,1,13,3,SR-520,CRAWFORD ST,214,31.20869722,-82.372425000,0,12,6,0,2,2,1,0,1,10,0,10,0,0000000,16,15,16,21,16,48,0,0,0,1,0
13,130411,1,1,0,1,151,0,5,4,2010,2,20,23,0,9,4,SNAPPING SHOALS RD,,40,33.45690278,-84.019061110,0,34,0,0,1,1,4,0,2,1,0,1,0,0000000,20,23,20,23,21,29,0,0,0,1,1
13,130412,1,1,0,1,89,0,6,4,2010,3,23,35,1,12,2,US-78 / SR-10,,133,33.82520278,-84.152486110,0,42,0,0,5,1,4,0,2,1,0,1,0,0000000,23,38,23,44,0,23,0,0,0,1,0
13,130413,2,2,0,3,15,0,15,4,2010,5,11,34,0,13,3,SR-3,,166,34.25485833,-84.858650000,0,12,7,0,1,1,1,0,1,1,0,1,0,0000000,99,99,99,99,99,99,0,0,0,1,0
13,130414,1,1,1,1,121,280,23,4,2010,6,2,46,0,15,6,JOSEPH E BOONE BLVD,,52,33.76354444,-84.432297220,0,8,0,0,8,1,1,0,3,1,0,1,0,0000000,2,48,3,0,3,20,0,0,0,1,0
13,130415,2,2,0,2,151,0,23,4,2010,6,6,49,0,13,3,SR-155,MILLERS MILL ROAD,150,33.53082500,-84.139652780,0,12,2,0,2,2,1,0,3,1,0,1,0,0000000,6,49,6,49,88,88,0,0,0,1,0
13,130416,1,1,0,1,151,0,14,5,2010,6,11,24,0,15,4,THURMAN ROAD,EAST ATLANTA ROAD,20,33.58153611,-84.225783330,0,43,0,0,2,3,6,0,1,1,0,1,0,0000000,11,24,11,24,12,20,0,0,0,1,0
13,130417,2,2,0,2,299,0,29,4,2010,5,21,38,1,2,3,SR-520,,99999,31.26719722,-82.632980560,0,12,1,0,1,1,1,0,1,1,0,1,0,0000000,99,99,99,99,99,99,0,0,0,1,0
13,130418,2,2,0,2,179,0,30,4,2010,6,16,54,0,3,3,SR-25,,139,99.99990000,999.999900000,0,12,8,0,1,1,1,0,1,1,0,1,0,0000000,16,54,17,8,17,50,0,0,0,1,0
13,130419,1,1,0,1,29,0,3,5,2010,2,19,4,0,6,4,BLACK CREEK CHURCH,,45,99.99990000,999.999900000,0,42,0,0,1,1,6,0,1,2,0,2,0,0000000,19,4,19,8,20,13,0,0,0,1,1
13,130420,1,1,0,2,51,0,18,5,2010,3,17,29,1,1,1,I-16,,1,32.08188333,-81.273100000,0,1,0,0,1,1,3,0,1,1,0,1,0,0000000,17,41,17,49,18,39,0,0,0,1,0
13,130421,1,1,0,1,51,4910,29,5,2010,7,23,44,0,14,6,CHATHAM PARKWAY,,29,32.04876944,-81.165447220,0,33,0,0,1,1,5,0,2,1,0,1,0,0000000,23,44,23,46,23,54,0,0,0,1,0
13,130422,1,1,0,5,121,4882,22,5,2010,7,4,30,0,15,6,LAKE FORREST DRIVE,,12,33.90456389,-84.387122220,0,42,0,0,1,1,6,0,2,10,0,10,0,0000000,5,43,5,43,6,11,0,0,0,1,1
13,130423,2,2,0,3,291,0,22,5,2010,7,13,0,1,2,3,SR-11,,10,34.74829444,-83.919002780,0,12,2,0,1,1,1,0,1,1,0,1,0,0000000,13,0,13,14,88,88,0,0,0,1,0
13,130424,1,1,0,1,5,110,26,5,2010,4,20,51,0,4,6,OLD DIXIE SCHOOL RD,,26,31.58347222,-82.536786110,0,59,0,0,1,1,6,0,2,1,0,1,0,0000000,20,51,21,3,88,88,0,0,0,1,1
13,130425,1,1,0,1,53,0,28,5,2010,6,19,58,1,2,3,SR-1,,28,32.26982500,-84.785850000,0,59,0,0,1,1,6,0,5,10,0,10,0,0000000,19,58,20,6,88,88,0,0,0,1,0
13,130426,2,2,0,2,105,0,1,6,2010,3,13,27,0,5,4,PULLIAM MILL RD,,62,34.22695556,-83.008855560,0,12,1,0,1,1,1,0,1,1,0,1,0,0000000,13,27,13,46,88,88,0,0,0,1,0
13,130427,2,2,0,2,279,5700,1,6,2010,3,15,12,0,15,6,CHURCH ST,SEVENTH ST,3,32.21063333,-82.417416670,0,12,6,0,2,2,1,0,1,10,0,10,0,0000000,15,13,15,18,99,99,0,0,0,1,0
13,130428,1,1,0,2,39,0,2,6,2010,4,15,42,0,4,3,SR-110,,250,31.10685278,-81.774202780,0,32,0,0,1,1,4,0,1,10,0,10,0,0000000,15,42,15,47,16,29,0,0,0,1,0
13,130429,2,2,0,3,217,9997,2,6,2010,4,16,15,0,6,4,CONLEY DITCH RD,,12,33.39900000,-83.853869440,0,12,2,0,1,1,1,0,1,10,0,10,0,0000000,99,99,99,99,99,99,0,0,0,1,0
13,130430,2,2,0,4,157,2920,3,6,2010,5,17,6,0,3,3,SR-11,GALILEE CHURCH RD,42,34.09189444,-83.615666670,0,12,6,0,2,2,1,0,1,10,0,10,0,0000000,17,7,17,14,17,49,0,0,0,1,0
13,130431,2,2,0,4,305,0,5,6,2010,7,11,4,0,4,3,SR-203,OLD SCREVEN RD,103,31.56183889,-81.981219440,0,12,6,0,2,2,1,0,1,1,0,1,0,0000000,11,5,11,10,88,88,0,0,0,2,0
13,130432,2,2,0,2,223,0,6,6,2010,1,13,50,0,6,4,HARMONY GROVE CH RD,GROVE RD,12,34.06819444,-84.822866670,0,12,6,0,2,3,1,0,1,1,0,1,0,0000000,13,51,14,3,14,38,0,0,0,1,0
13,130433,2,2,0,3,137,0,7,6,2010,2,19,36,0,4,4,OLD HIST HWY 441,GLENN HARDMAN RD,30,34.68496944,-83.424655560,0,12,6,0,2,2,1,0,1,10,0,10,0,0000000,19,36,19,41,20,9,0,0,0,1,0
13,130434,1,1,1,5,245,310,6,6,2010,1,21,5,0,16,4,BOYKIN RD,,10,33.35919444,-82.075036110,0,8,0,0,1,1,1,0,2,1,0,1,0,0000000,21,6,21,10,21,29,0,0,0,1,0
13,130435,1,1,0,3,195,0,9,6,2010,4,11,37,0,4,3,SR-281,,57,34.20027500,-83.140147220,0,1,0,0,1,1,4,0,1,1,0,1,0,0000000,11,38,11,45,99,99,0,0,0,1,0
13,130436,1,1,0,2,45,970,10,6,2010,5,18,27,0,19,6,S PARK ST,,100,33.55543611,-85.073425000,0,33,0,0,1,1,4,0,1,10,0,10,0,0000000,18,27,18,36,18,52,0,0,0,1,0
13,130437,2,2,1,4,89,0,10,6,2010,5,1,1,1,11,1,I-285,,146,33.77859722,-84.242097220,0,8,0,0,1,1,1,0,2,10,0,10,0,0000000,88,88,88,88,88,88,0,0,0,1,0
13,130438,2,2,0,3,115,0,10,6,2010,5,16,37,1,2,2,US-27 / SR-1,SR-156,232,34.39225278,-85.189663890,0,12,6,0,2,3,1,0,1,10,0,10,0,0000000,16,37,16,44,17,1,0,0,0,1,0
13,130439,2,2,0,3,121,280,10,6,2010,5,23,9,0,14,3,SR-9 / ROSWELL RD,,58,33.85056944,-84.383036110,0,12,2,0,1,1,1,0,3,10,0,10,0,0000000,23,9,99,99,99,99,0,0,0,1,1
13,130440,2,2,0,3,143,0,11,6,2010,6,9,57,0,4,3,SR-100,POPLAR SPRINGS RD,118,33.81739167,-85.292100000,0,12,6,0,2,2,1,0,1,1,0,1,0,0000000,9,57,10,14,11,9,0,0,0,1,0
13,130441,1,1,0,1,73,0,11,6,2010,6,5,33,0,4,4,WHITE OAK RD,,44,33.54352222,-82.358194440,0,18,0,0,1,1,1,0,2,1,0,1,0,0000000,5,44,5,56,88,88,0,0,0,1,0
13,130442,1,1,0,1,89,0,12,6,2010,7,23,10,0,16,4,NORTHERN AVE,,6,33.80035000,-84.247477780,9,42,0,0,1,1,4,0,2,10,0,10,0,0000000,23,45,23,58,88,88,0,0,0,1,1
13,130443,1,1,0,1,129,0,12,6,2010,7,10,5,0,9,3,SR-3,,99999,34.39710000,-84.934552780,0,34,0,0,1,1,5,0,1,10,0,10,0,0000000,10,5,10,16,88,88,0,0,0,1,0
13,130444,2,2,0,3,137,1360,12,6,2010,7,12,11,0,4,3,SR-105,GALLOWAY ST,20,34.51471944,-83.528486110,0,12,6,0,2,2,1,0,1,1,0,1,0,0000000,12,12,12,16,12,35,0,0,0,1,0
13,130445,1,1,0,4,233,0,13,6,2010,1,15,42,0,4,4,MORGAN VALLEY RD,,116,33.97937222,-85.104025000,0,42,0,0,1,1,4,0,1,1,0,1,0,0000000,15,42,15,48,16,34,0,0,0,1,0
13,130446,2,2,0,3,135,5300,3,6,2010,5,11,33,0,15,4,SUWANEE ROAD,,23,34.08441389,-84.072972220,0,12,6,0,8,1,1,0,1,1,0,1,0,0000000,88,88,88,88,88,88,0,0,0,1,0
13,130447,1,1,0,1,135,0,6,6,2010,1,3,30,1,13,3,SR-316,,142,33.97366944,-83.871602780,0,24,0,0,1,1,5,0,2,1,0,1,0,0000000,88,88,88,88,88,88,0,0,0,1,1
13,130448,2,2,0,2,15,0,5,6,2010,7,3,7,0,16,4,BATES ROAD,,16,34.10155278,-84.774669440,0,12,1,0,1,1,1,0,2,10,0,10,0,0000000,3,7,3,13,3,28,0,0,0,1,2
13,130449,1,1,0,2,63,0,5,6,2010,7,20,13,0,16,4,GARDENWALD BLVD,,3,33.59515833,-84.400986110,0,34,0,0,1,1,5,1,1,1,0,1,0,0000000,20,14,20,19,20,41,0,0,0,1,0
13,130450,2,2,0,2,87,0,5,6,2010,7,13,17,0,4,3,SR-262,OPEN POND ROAD,206,30.95165556,-84.414869440,0,12,6,1,2,2,1,0,1,1,0,1,0,0000000,13,18,13,31,15,22,0,0,0,1,0
13,130451,1,1,1,3,15,0,6,6,2010,1,5,10,0,13,3,SR-3,MARKET PALCE BLVD,108,34.19851111,-84.792372220,0,8,0,0,3,2,1,0,2,10,0,10,0,0000000,5,10,5,14,6,18,0,0,0,1,0
13,130452,1,1,0,1,175,0,11,6,2010,6,22,26,0,3,3,SR-117,,47,99.99990000,999.999900000,0,53,0,0,1,1,6,0,2,1,0,1,0,0000000,99,99,99,99,99,99,0,0,0,1,1
13,130453,1,1,1,1,165,3630,14,6,2010,2,10,0,0,3,3,SR-67,,149,32.80419444,-81.929877780,0,8,0,0,8,1,1,0,1,1,0,1,0,0000000,99,99,99,99,99,99,0,0,0,1,0
13,130454,2,2,0,2,257,0,16,6,2010,4,11,13,1,13,3,SR-17,MEMORIAL DRIVE,83,34.54435278,-83.285077780,0,12,6,0,2,2,1,0,1,1,0,1,0,0000000,11,13,11,21,11,44,0,0,0,1,0
13,130455,1,1,0,1,223,0,17,6,2010,5,10,55,0,14,3,SR-12,,130,33.87426389,-84.858397220,0,53,0,0,1,1,6,0,1,1,0,1,0,0000000,10,55,11,1,12,8,0,0,0,1,0
13,130456,1,1,0,1,159,0,7,6,2010,2,17,5,0,5,4,PENNINGTON RD,,18,99.99990000,999.999900000,0,34,0,0,1,1,4,0,1,1,0,1,0,0000000,99,99,99,99,99,99,0,0,0,1,1
13,130457,2,2,0,3,227,2910,7,6,2010,2,13,45,1,2,3,SR-515 / SR-5,INDUSTRIAL BLVD,56,34.45163333,-84.450883330,0,12,6,0,2,2,1,0,1,1,0,1,0,0000000,13,45,13,49,14,5,0,0,0,1,0
13,130458,2,2,0,2,39,4850,9,6,2010,4,15,40,0,14,6,ST MARYS RD,HADDOCK RD,0,30.75991111,-81.648013890,0,12,6,0,2,2,1,0,1,1,0,1,0,0000000,15,41,15,45,88,88,0,0,0,1,0
13,130459,2,2,0,2,297,0,11,6,2010,6,5,19,0,3,3,SR-11,,173,33.87165278,-83.719894440,0,12,2,0,1,1,1,2,2,1,0,1,0,0000000,5,19,5,26,5,58,0,0,0,1,0
13,130460,1,1,1,1,21,3390,13,6,2010,1,0,10,0,14,3,SR-247,MONTPELIER AVE,123,32.83215833,-83.662608330,0,8,0,0,3,9,1,0,3,1,0,1,0,0000000,88,88,88,88,88,88,0,0,0,1,0
13,130461,1,1,1,1,21,3390,13,6,2010,1,21,31,0,14,6,NAPIER AVE,,18,32.84478889,-83.688280560,0,8,0,0,1,1,1,0,2,1,0,1,0,0000000,21,31,21,34,22,0,0,0,0,1,0
13,130462,3,3,0,8,45,0,13,6,2010,1,12,47,0,4,2,US-78,WINDY MILL WAY,30,33.73700278,-85.000522220,0,12,7,0,3,2,1,0,1,1,0,1,0,0000000,12,47,12,53,13,55,0,0,0,1,0
13,130463,2,2,0,3,121,280,13,6,2010,1,21,45,1,11,1,I-75,,92,99.99990000,999.999900000,0,1,0,1,5,1,1,0,3,10,0,10,0,0000000,88,88,88,88,88,88,0,0,0,1,1
13,130464,1,1,0,1,151,0,14,6,2010,2,19,38,0,14,4,SWAN LAKE RD,,20,33.57720278,-84.189400000,0,53,0,0,1,1,4,0,1,1,0,1,0,0000000,19,38,19,38,20,4,0,0,0,1,1
13,130465,2,2,0,2,121,280,16,6,2010,4,7,48,0,14,3,SR-14,DILL AVE,221,33.71825278,-84.425166670,0,12,6,0,2,2,1,0,1,1,0,1,0,0000000,7,50,7,55,88,88,0,0,0,1,0
13,130466,2,2,0,2,279,5700,18,6,2010,6,18,40,0,5,4,AIMWELL RD,,6,32.16727222,-82.386672220,0,1,0,0,1,1,1,0,1,10,0,10,0,0000000,99,99,99,99,99,99,0,0,0,1,0
13,130467,2,2,0,2,121,280,19,6,2010,7,14,39,0,13,3,SR-9,PEACHTREE WAY,41,33.82757500,-84.387450000,0,12,1,0,3,3,1,0,1,1,0,1,0,0000000,14,39,14,57,15,14,0,0,0,1,0
13,130468,1,1,0,1,97,1770,28,6,2010,2,16,17,0,14,4,DOUGLAS BLVD,,23,33.73058056,-84.739275000,0,34,0,0,1,1,4,0,1,1,0,1,0,0000000,16,17,16,21,16,47,0,0,0,1,0
13,130469,1,1,0,3,267,4580,30,6,2010,4,6,33,0,3,3,SR-23,,212,32.08469722,-82.115169440,0,30,0,0,1,1,4,0,1,1,0,1,0,0000000,6,33,6,39,6,52,0,0,0,1,0
13,130470,1,1,1,1,67,0,3,7,2010,7,23,48,0,14,3,SR-5,,93,33.91334167,-84.555497220,0,8,0,0,1,1,1,0,3,1,0,1,0,0000000,23,48,23,52,0,17,0,0,0,1,0