STATE,ST_CASE,VE_TOTAL,VE_FORMS,PEDS,PERSONS,COUNTY,CITY,DAY,MONTH,YEAR,DAY_WEEK,HOUR,MINUTE,NHS,ROAD_FNC,ROUTE,TWAY_ID,TWAY_ID2,MILEPT,LATITUDE,LONGITUD,SP_JUR,HARM_EV,MAN_COLL,RELJCT1,RELJCT2,TYP_INT,REL_ROAD,WRK_ZONE,LGT_COND,WEATHER1,WEATHER2,WEATHER,SCH_BUS,RAIL,NOT_HOUR,NOT_MIN,ARR_HOUR,ARR_MIN,HOSP_HR,HOSP_MN,CF1,CF2,CF3,FATALS,DRUNK_DR
13,130471,1,1,0,2,217,1380,3,7,2010,7,12,50,0,14,3,SR-81,,111,33.60466111,-83.864652780,0,10,0,0,6,1,1,0,1,1,0,1,0,733227T,99,99,99,99,99,99,0,0,0,1,0
13,130472,1,1,0,1,283,0,3,7,2010,7,13,30,0,4,3,SR-46,,165,32.34008611,-82.653122220,0,1,0,0,1,1,4,0,1,1,0,1,0,0000000,88,88,88,88,88,88,0,0,0,1,0
13,130473,2,1,2,1,179,2730,4,7,2010,1,21,47,0,16,6,CHEROKEE CIR,,6,31.81510000,-81.604311110,0,53,0,0,1,1,4,0,3,1,0,1,0,0000000,21,47,21,52,22,8,0,0,0,1,1
13,130474,1,1,0,1,145,4375,9,7,2010,6,22,12,0,4,3,SR-18,LETTIE ST,116,32.86152500,-84.861747220,0,1,0,0,3,9,6,0,2,2,0,2,0,0000000,22,12,22,19,88,88,0,0,0,1,0
13,130475,1,1,0,1,217,0,10,7,2010,7,16,7,0,14,4,BROWN BRIDGE RD,,83,33.58962500,-83.892997220,0,42,0,0,1,1,4,0,1,1,0,1,0,0000000,88,88,88,88,88,88,0,0,0,1,1
13,130476,2,2,0,3,45,0,12,7,2010,2,16,34,1,1,1,I-20,,76,33.70328611,-85.057761110,0,12,7,0,1,1,1,0,1,10,0,10,0,0000000,16,34,16,40,18,36,0,0,0,2,0
13,130477,2,2,0,3,67,0,12,7,2010,2,16,5,0,14,3,SR-5,CALLOWAY RD,71,33.88768056,-84.584444440,0,12,6,0,2,2,1,0,1,10,0,10,0,0000000,16,6,16,22,16,54,0,0,0,1,0
13,130478,1,1,0,1,227,0,12,7,2010,2,10,7,1,2,3,SR-5,,152,34.54214444,-84.517780560,0,32,0,0,1,1,4,0,1,10,0,10,0,0000000,10,7,10,15,11,23,0,0,0,1,0
13,130479,2,2,0,3,297,0,13,7,2010,3,14,42,0,4,4,GRATIS RD,,50,33.86435000,-83.686525000,0,12,2,0,1,1,1,0,1,1,0,1,0,0000000,14,46,14,54,15,26,0,0,0,1,0
13,130480,1,1,0,1,3,0,14,7,2010,4,14,5,0,5,4,COGDELL RD,,54,31.16698333,-82.718380560,0,1,0,0,1,1,4,0,1,1,0,1,0,0000000,99,99,99,99,99,99,0,0,0,1,0
13,130481,5,2,0,4,121,280,1,6,2010,3,12,10,0,13,3,SR-8,,45,33.77217222,-84.440875000,0,12,6,0,1,1,1,0,1,1,0,1,0,0000000,12,11,12,17,12,44,0,0,0,1,0
13,130482,1,1,0,1,319,2870,1,6,2010,3,19,0,1,2,3,SR-29,,40,99.99990000,999.999900000,0,1,0,0,1,1,6,1,1,1,0,1,0,0000000,88,88,88,88,88,88,0,0,0,1,1
13,130483,1,1,0,2,277,0,2,6,2010,4,16,40,0,6,4,ADCOCK ROAD,,5,31.33303889,-83.489463890,0,34,0,0,1,1,6,0,1,1,0,1,0,0000000,99,99,99,99,99,99,0,0,0,2,0
13,130484,2,2,0,3,175,0,19,6,2010,7,18,23,0,4,3,SR-199,,90,32.48152778,-82.818761110,0,12,6,0,1,1,1,0,1,1,0,1,0,0000000,99,99,99,99,99,99,0,0,0,2,1
13,130485,1,1,1,1,135,3990,20,6,2010,1,0,37,0,14,4,PEACHTREE IND. BLVD.,,51,33.96131944,-84.207672220,0,8,0,0,1,1,1,0,2,1,0,1,0,0000000,88,88,88,88,88,88,0,0,0,1,0
13,130486,2,2,0,5,135,0,28,6,2010,2,3,43,0,14,4,OLD NORCROSS RD.,,16,33.95071111,-84.098002780,0,12,2,0,1,1,1,0,2,1,0,1,0,0000000,3,43,3,45,4,23,0,0,0,1,0
13,130487,1,1,1,1,135,0,28,6,2010,2,11,17,0,15,4,LITTLE MILL ROAD,,16,34.12926667,-84.022750000,0,8,0,0,1,1,6,0,1,1,0,1,0,0000000,88,88,88,88,88,88,0,0,0,1,0
13,130488,2,2,0,3,29,4655,14,6,2010,2,10,27,1,1,1,I-95,,108,31.97098611,-81.317666670,0,12,1,0,1,1,1,1,1,1,0,1,0,0000000,10,27,10,34,12,1,0,0,0,1,0
13,130489,2,2,0,5,121,280,14,6,2010,2,13,4,1,11,1,I-20,,28,33.76305833,-84.489541670,0,12,1,0,1,1,1,0,1,1,0,1,0,0000000,99,99,99,99,99,99,0,0,0,2,0
13,130490,1,1,0,2,43,0,15,6,2010,3,19,56,0,6,4,BLANROCK ROAD,SALEM CHURCH RD.,33,32.42043611,-82.007080560,0,35,0,0,3,3,6,0,1,1,0,1,0,0000000,19,56,20,5,20,30,0,0,0,1,0
13,130491,2,2,0,2,185,0,15,6,2010,3,20,50,0,4,3,SR-376,,90,30.69068056,-83.171933330,0,12,2,0,1,1,1,0,2,1,0,1,0,0000000,20,55,20,58,88,88,0,0,0,1,1
13,130492,1,1,0,1,277,5490,15,6,2010,3,21,8,0,15,6,GOLDEN ROAD,,8,31.43059444,-83.503100000,0,59,0,0,6,1,1,0,2,10,0,10,0,723198H,88,88,88,88,88,88,0,0,0,1,0
13,130493,1,1,0,1,115,0,17,6,2010,5,19,6,0,16,4,BELLS FERRY ROAD,,5,34.36541944,-85.100527780,0,34,0,0,1,1,6,0,1,10,0,10,0,0000000,19,6,19,16,20,18,0,0,0,1,0
13,130494,1,1,0,2,187,0,17,6,2010,5,21,15,1,2,3,SR-11,,2,34.66575833,-83.879155560,0,11,0,0,1,1,1,0,2,1,0,1,0,0000000,88,88,88,88,88,88,0,0,0,1,1
13,130495,1,1,0,1,51,0,18,6,2010,6,2,32,1,13,3,SR-26,,277,32.02481389,-80.966363890,0,1,0,0,1,1,6,0,2,1,0,1,0,0000000,2,41,2,43,88,88,0,0,0,1,1
13,130496,2,2,0,4,189,5470,18,6,2010,6,9,58,0,4,6,MT. PLEASANT RD.,OLD MILLEDGEVILLE RD,69,33.41749167,-82.528697220,0,12,6,0,2,2,1,0,1,1,0,1,0,0000000,99,99,99,99,99,99,0,0,0,1,0
13,130497,2,2,0,2,121,280,19,6,2010,7,4,8,0,14,6,W PEACHTREE STREET,17TH STREET,14,33.79188889,-84.387755560,0,12,6,0,2,2,1,0,3,1,0,1,0,0000000,4,10,4,12,4,54,0,0,0,1,2
13,130498,1,1,0,1,189,5470,19,6,2010,7,7,15,0,6,6,OLD MILLEDGEVILLE RD,,26,99.99990000,999.999900000,0,1,0,0,1,1,1,0,1,1,0,1,0,0000000,99,99,99,99,99,99,0,0,0,1,1
13,130499,2,2,0,3,97,1770,21,6,2010,2,15,15,0,2,3,SR-5,,42,33.62903889,-84.831147220,0,11,0,0,1,1,1,0,1,1,0,1,0,0000000,88,88,88,88,88,88,14,0,0,1,0
13,130500,1,1,0,1,289,0,22,6,2010,3,1,37,0,3,3,SR-19,,61,32.64985556,-83.314647220,0,18,0,0,1,1,1,0,2,1,0,1,0,0000000,88,88,88,88,88,88,0,0,0,1,0
13,130501,3,3,0,6,63,0,24,6,2010,5,23,2,1,11,1,I-285,,40,33.62210556,-84.426800000,0,12,1,0,1,1,1,0,3,1,0,1,0,0000000,23,2,23,12,23,46,0,0,0,1,0
13,130502,1,1,0,1,69,0,24,6,2010,5,5,43,0,6,4,MCKINNON ROAD,,0,31.47069167,-82.822730560,0,1,0,0,1,1,1,0,2,1,0,1,0,0000000,5,43,5,49,88,88,0,0,0,1,0
13,130503,1,1,0,3,135,800,24,6,2010,5,23,39,0,16,4,DOC HUGHES ROAD,,5,34.08017500,-83.893425000,0,35,0,0,1,1,6,0,2,1,0,1,0,0000000,23,39,23,47,88,88,0,0,0,3,1
13,130504,2,2,0,6,153,4340,24,6,2010,5,4,35,1,1,1,I-75,,73,99.99990000,999.999900000,0,12,1,0,1,1,1,0,2,1,0,1,0,0000000,4,40,4,57,5,30,0,0,0,1,0
13,130505,2,2,0,2,225,2220,25,6,2010,6,13,59,1,2,3,SR-49,WOOLFORK ROAD,32,99.99990000,999.999900000,0,12,6,0,2,2,1,0,1,1,0,1,0,0000000,13,59,14,6,88,88,0,0,0,1,1
13,130506,1,1,0,4,107,0,26,6,2010,7,6,0,1,1,1,I-16,,61,99.99990000,999.999900000,0,34,0,0,1,1,6,0,4,1,0,1,0,0000000,6,9,6,24,7,5,0,0,0,1,0
13,130507,1,1,0,4,135,0,26,6,2010,7,18,25,0,16,4,HAMILTON MILL PKWY.,,9,99.99990000,999.999900000,0,42,0,0,1,1,3,0,1,10,0,10,0,0000000,18,26,18,30,19,3,0,0,0,1,0
13,130508,2,2,0,2,85,0,15,6,2010,3,8,41,0,3,3,SR-9,RECREATION ROAD,86,99.99990000,999.999900000,0,12,6,0,2,3,1,0,1,10,0,10,0,0000000,8,41,8,46,9,2,0,0,0,1,0
13,130509,3,3,0,5,229,530,9,6,2010,4,6,36,1,13,2,US-84 / SR-38,,13,31.25203889,-82.306277780,0,12,7,0,1,1,1,0,1,1,0,1,0,0000000,6,36,6,48,7,37,0,0,0,3,0
13,130510,2,2,0,2,205,0,11,6,2010,6,22,42,0,3,3,SR-97,,46,31.15426111,-84.397980560,0,12,6,0,8,1,1,0,2,1,0,1,0,0000000,99,99,99,99,99,99,0,0,0,1,0
13,130511,2,2,0,2,305,2960,11,6,2010,6,9,47,1,13,2,US-341,HICKORY ST,168,31.60296944,-81.875436110,0,12,6,0,2,2,1,0,1,1,0,1,0,0000000,99,99,99,99,99,99,0,0,0,1,0
13,130512,1,1,0,2,189,1600,12,6,2010,7,3,45,0,3,2,US-221,,35,33.34773889,-82.347913890,0,42,0,0,1,1,4,0,2,1,0,1,0,0000000,99,99,99,99,99,99,0,0,0,1,0
13,130513,2,2,0,4,305,0,13,6,2010,1,12,39,1,13,2,US-84 / SR-38,,116,31.59219167,-81.949313890,0,12,2,0,1,1,1,4,1,10,0,10,0,0000000,99,99,99,99,99,99,0,0,0,1,0
13,130514,1,1,0,1,119,960,15,6,2010,3,7,42,0,4,3,SR-198,,11,34.39154167,-83.368163890,0,35,0,0,1,1,4,0,1,1,0,1,0,0000000,99,99,99,99,99,99,0,0,0,1,0
13,130515,1,1,0,1,33,3000,16,6,2010,4,21,39,0,6,4,POOLE MELTON RD,,10,33.23648889,-82.138461110,0,34,0,0,1,1,4,0,2,1,0,1,0,0000000,21,39,21,48,88,88,0,0,0,1,1
13,130516,1,1,1,1,99,0,19,6,2010,7,0,40,0,4,3,SR-273,,89,31.17726667,-84.950152780,0,8,0,0,1,1,1,0,2,1,0,1,0,0000000,88,88,88,88,88,88,0,0,0,1,0
13,130517,1,1,0,1,261,0,20,6,2010,1,22,14,0,4,3,SR-45,,3,31.97145833,-84.439502780,0,42,0,0,1,1,4,0,2,1,0,1,0,0000000,99,99,99,99,99,99,0,0,0,1,0
13,130518,1,1,0,1,139,0,22,6,2010,3,13,47,0,5,4,YELLOW CREEK RD,,16,99.99990000,999.999900000,0,34,0,0,1,1,4,0,1,1,0,1,0,0000000,99,99,99,99,88,88,0,0,0,1,1
13,130519,1,1,0,2,165,0,24,6,2010,5,22,33,1,2,3,SR-121,,113,32.81111944,-81.948286110,0,24,0,0,1,1,5,1,2,1,0,1,0,0000000,22,33,22,37,22,52,0,0,0,1,1
13,130520,1,1,0,2,157,0,25,6,2010,6,5,4,0,3,3,SR-15,,168,34.15581667,-83.512616670,0,35,0,0,1,1,6,0,2,1,0,1,0,0000000,5,4,5,11,6,12,0,0,0,1,0
13,130521,1,1,0,1,25,0,27,6,2010,1,3,32,0,9,4,BALL PARK ROAD,,18,99.99990000,999.999900000,0,42,0,0,1,1,6,0,2,10,0,10,0,0000000,3,35,3,46,88,88,0,0,0,1,0
13,130522,2,2,0,2,121,4882,28,6,2010,2,11,0,1,11,1,I-285,,232,33.91592500,-84.406844440,0,12,7,0,1,1,1,0,1,1,0,1,0,0000000,11,3,11,15,11,36,0,0,0,1,0
13,130523,1,1,0,1,29,4655,29,6,2010,3,18,38,1,1,1,I-95,,108,31.96554444,-81.323333330,0,1,0,0,1,1,1,1,1,10,0,10,0,0000000,88,88,88,88,88,88,0,0,0,1,0
13,130524,2,2,0,3,51,553,29,6,2010,3,18,26,0,13,6,JIMMY DELOACH PKWY.,BENTON BLVD.,99999,32.16378889,-81.233147220,0,12,6,0,2,2,1,0,1,1,0,1,0,0000000,18,27,18,30,19,20,0,0,0,1,0
13,130525,1,1,0,1,241,0,29,6,2010,3,12,32,0,4,4,BRIDGE CREEK ROAD,,99999,34.85841389,-83.463777780,0,1,0,0,1,1,6,0,1,10,0,10,0,0000000,12,32,12,40,88,88,0,0,0,1,0
13,130526,2,2,0,2,179,3590,30,6,2010,4,21,40,1,13,3,SR-38,,173,99.99990000,999.999900000,0,12,6,0,8,1,1,0,2,1,0,1,0,0000000,21,40,21,45,22,32,0,0,0,1,0
13,130527,1,1,0,1,185,0,30,6,2010,4,19,0,0,4,3,SR-376,,32,30.68486944,-83.248363890,0,34,0,0,1,1,6,0,1,2,0,2,0,0000000,19,3,19,9,88,88,0,0,0,1,1
13,130528,1,1,0,1,109,1160,2,7,2010,6,11,37,0,4,3,SR-129,,81,32.17546667,-81.924061110,0,30,0,0,1,1,6,0,1,1,0,1,0,0000000,11,37,11,42,11,59,0,0,0,1,0
13,130529,1,1,0,2,223,0,2,7,2010,6,14,36,0,16,4,COLE LAKE ROAD,,13,33.89692222,-84.859322220,0,35,0,0,1,1,6,0,1,10,0,10,0,0000000,14,36,14,44,88,88,0,0,0,1,0
13,130530,1,1,0,3,115,4760,3,7,2010,7,18,23,0,14,3,SR-101,,88,34.21473056,-85.159213890,0,5,0,0,1,1,1,0,1,1,0,1,0,0000000,18,23,18,25,18,45,0,0,0,1,0
13,130531,1,1,0,1,289,2930,4,7,2010,1,12,59,1,1,1,I-16,,33,32.71788611,-83.528430560,0,24,0,0,1,1,3,0,1,1,0,1,0,0000000,88,88,88,88,88,88,0,0,0,1,0
13,130532,1,1,0,1,245,310,5,7,2010,2,3,36,0,14,3,SR-56,,88,33.35616111,-81.986330560,0,1,0,0,1,1,1,0,2,1,0,1,0,0000000,3,50,4,3,88,88,0,0,0,1,1
13,130533,2,2,0,2,67,0,6,7,2010,3,22,33,1,11,1,I-20,,12,33.77527778,-84.578633330,0,12,1,0,1,1,1,0,2,1,0,1,0,0000000,22,35,22,37,23,42,0,0,0,1,0
13,130534,1,1,0,1,269,0,10,7,2010,7,14,27,1,2,3,SR-96,,99999,99.99990000,999.999900000,0,34,0,0,1,1,6,0,1,10,0,10,0,0000000,99,99,99,99,88,88,0,0,0,1,0
13,130535,2,2,0,7,51,4910,11,7,2010,1,11,26,1,11,1,I-16,,36,32.10586111,-81.339619440,0,12,6,0,1,1,1,0,1,1,0,1,0,0000000,11,26,11,36,12,10,0,0,0,1,0
13,130536,1,1,0,1,59,270,13,7,2010,3,21,2,1,13,3,SR-72,,1,33.99277778,-83.338766670,0,33,0,0,1,1,3,0,3,1,0,1,0,0000000,21,2,21,6,21,33,0,0,0,1,0
13,130537,1,1,1,1,59,270,13,7,2010,3,21,55,0,13,4,NORTH AVENUE,,9,33.97039444,-83.367777780,0,8,0,0,1,1,1,0,3,10,0,10,0,0000000,21,59,22,4,88,88,0,0,0,1,0
13,130538,2,2,0,6,87,370,16,7,2010,6,18,8,0,14,3,SR-97,OLD QUINCY ROAD,202,30.88539444,-84.594125000,0,12,2,0,2,4,1,0,1,10,0,10,0,0000000,18,8,18,14,18,48,0,0,0,1,0
13,130539,1,1,0,1,245,310,18,7,2010,1,2,26,0,13,4,WINDSOR SPRING ROAD,JULIUS DRIVE,99999,99.99990000,999.999900000,0,1,0,0,3,3,1,0,3,1,0,1,0,0000000,2,29,2,34,88,88,0,0,0,1,1
13,130540,1,1,1,1,51,4910,20,7,2010,3,21,33,0,14,3,SR-17,,99999,31.99941389,-81.248916670,0,9,0,0,1,1,1,0,3,1,0,1,0,0000000,21,33,21,38,22,6,0,0,0,1,0
13,130541,3,3,0,3,135,1810,10,7,2010,7,8,55,0,16,4,SUGARLOAF PKWY.,OLD PEACHTREE RD.,114,34.01314722,-84.110277780,0,12,6,0,2,2,1,0,1,10,0,10,0,0000000,8,55,9,1,9,31,0,0,0,1,0
13,130542,1,1,0,1,135,0,5,7,2010,2,22,11,0,16,4,WEST PRICE ROAD,,10,99.99990000,999.999900000,0,33,0,0,1,1,6,0,2,1,0,1,0,0000000,22,11,22,17,22,48,0,0,0,1,0
13,130543,1,1,0,1,255,0,17,7,2010,7,23,41,1,2,3,SR-3,,18,33.21262500,-84.289083330,0,1,0,0,1,1,1,0,2,10,0,10,0,0000000,23,41,23,46,88,88,0,0,0,1,1
13,130544,1,1,0,1,45,0,20,7,2010,3,12,35,0,4,4,TYUS-CARROLLTON ROAD,,99999,99.99990000,999.999900000,0,18,0,0,1,1,6,0,1,1,0,1,0,0000000,99,99,99,99,99,99,0,0,0,1,0
13,130545,2,2,0,2,47,2210,20,7,2010,3,19,46,0,14,6,BATTLEFIELD PKWY.,LAFAYETTE ROAD,3,34.95549722,-85.259119440,0,12,6,0,2,2,1,0,1,10,0,10,0,0000000,19,48,19,54,20,19,0,0,0,1,0
13,130546,1,1,1,1,277,0,20,7,2010,3,5,29,0,13,3,SR-35,NEW RIVER CHURCH RD.,141,31.45660000,-83.473027780,0,9,0,0,3,2,1,0,2,1,0,1,0,0000000,5,29,5,37,5,52,0,0,0,1,0
13,130547,2,2,0,2,67,5070,21,7,2010,4,6,46,0,13,6,EAST-WEST CONN SE,HIGHLANDS RIDGE RD,73,33.84037222,-84.518186110,0,12,6,0,2,2,1,0,1,1,0,1,0,0000000,6,46,6,50,99,99,0,0,0,1,0
13,130548,1,1,0,1,299,0,21,7,2010,4,13,15,1,2,3,SR-520,,136,31.25635833,-82.466425000,0,1,0,0,1,1,1,0,1,1,0,1,0,0000000,13,17,13,26,14,17,0,0,0,1,0
13,130549,1,1,0,1,69,0,22,7,2010,5,6,3,0,14,3,SR-135,,48,31.45703889,-82.888950000,0,34,0,0,1,1,6,0,4,1,0,1,0,0000000,6,7,6,12,88,88,0,0,0,1,0
13,130550,1,1,0,1,15,0,24,7,2010,7,16,16,0,6,4,GRIFFIN ROAD,,5,34.27374444,-84.874363890,0,35,0,0,1,1,6,0,1,10,0,10,0,0000000,16,16,16,19,17,14,0,0,0,1,0
13,130551,1,1,0,1,59,270,24,7,2010,7,16,20,0,15,6,BOLEY DRIVE,,8,33.98165833,-83.370694440,0,30,0,0,1,1,6,0,1,1,0,1,0,0000000,16,21,16,30,88,88,0,0,0,1,0
13,130552,1,1,0,1,171,0,24,7,2010,7,1,22,0,5,4,S 6TH STREET,CAMP ROAD,2,33.17962222,-84.245311110,0,32,0,0,2,2,6,0,2,1,0,1,0,0000000,88,88,88,88,88,88,0,0,0,1,1
13,130553,3,3,0,5,67,0,25,7,2010,1,10,2,1,11,1,I-575,,173,34.00172778,-84.562002780,0,12,7,0,1,1,1,0,1,1,0,1,0,0000000,10,3,10,8,10,47,0,0,0,1,0
13,130554,1,1,0,3,289,0,24,7,2010,7,23,21,0,6,4,HUBER CLAY CO. ROAD,,99999,32.71281389,-83.523066670,0,1,0,0,1,1,2,0,2,1,0,1,0,0000000,23,22,23,44,0,37,0,0,0,1,1
13,130555,2,2,0,4,19,0,26,7,2010,2,18,55,0,3,3,SR-76,,36,31.19870556,-83.283255560,0,12,2,0,1,1,1,0,1,1,0,1,0,0000000,88,88,88,88,88,88,0,0,0,1,0
13,130556,1,1,0,1,169,0,23,7,2010,6,99,99,0,3,3,SR-11,,80,32.99468056,-83.561433330,0,35,0,0,1,1,6,0,1,1,0,1,0,0000000,88,88,88,88,88,88,0,0,0,1,0
13,130557,2,2,0,4,217,0,27,7,2010,3,16,19,0,14,3,SR-138,,1,33.74140000,-83.853963890,0,12,2,0,1,1,1,0,1,1,0,1,0,0000000,16,19,16,28,17,31,0,0,0,1,0
13,130558,1,1,1,1,19,3890,29,7,2010,5,9,5,0,3,3,SR-125,BERRIEN STREET,118,31.20588333,-83.253322220,0,15,0,0,2,2,1,0,1,1,0,1,0,0000000,9,6,9,8,9,55,0,0,0,1,0
13,130559,2,2,0,3,97,0,30,7,2010,6,10,14,0,3,4,SWEETWATER ROAD,,99999,99.99990000,999.999900000,0,12,2,0,1,1,1,0,1,1,0,1,0,0000000,10,14,10,28,11,4,0,0,0,1,0
13,130560,1,1,0,3,135,3100,26,7,2010,2,20,38,0,16,6,SIMONTON ROAD,,8,33.93221667,-83.965030560,0,34,0,0,1,1,6,0,1,1,0,1,0,0000000,20,40,20,46,21,47,0,0,0,1,0
13,130561,1,1,0,1,63,0,2,8,2010,2,23,12,1,11,1,I-675,,15,33.57079167,-84.274363890,0,21,0,0,1,1,3,0,3,1,0,1,0,0000000,23,12,23,20,88,88,0,0,0,1,1
13,130562,1,1,1,1,135,3158,7,8,2010,7,21,31,0,14,6,INDIAN TRAIL ROAD,,6,33.90062778,-84.148063890,0,8,0,0,1,1,1,0,2,1,0,1,0,0000000,21,33,21,38,88,88,0,0,0,1,0
13,130563,1,1,0,1,245,580,7,8,2010,7,5,42,0,15,6,CHURCH STREET,CARPENTER LANE,99999,33.29640556,-82.200780560,0,42,0,0,2,4,6,0,3,10,0,10,0,0000000,5,45,6,3,88,88,0,0,0,1,0
13,130564,1,1,0,1,135,5080,8,8,2010,1,19,45,0,12,6,RONALD REAGAN PKWY,,47,33.88992222,-84.050925000,0,59,0,0,1,1,6,0,1,1,0,1,0,0000000,88,88,88,88,88,88,0,0,0,1,0
13,130565,1,1,0,1,169,0,14,8,2010,7,4,17,0,4,3,SR-18,,233,32.92997500,-83.406036110,0,32,0,0,1,1,6,0,2,1,0,1,0,0000000,4,18,4,29,88,88,0,0,0,1,1
13,130566,1,1,1,3,67,3440,6,7,2010,3,22,24,0,16,4,FRANKLIN RD,PARKWAY PL,20,33.93725000,-84.506050000,0,8,0,0,3,3,1,0,2,10,0,10,0,0000000,22,25,22,32,23,10,0,0,0,1,0
13,130567,1,1,1,1,89,0,7,7,2010,4,11,47,0,13,3,SR-155,,186,33.84400000,-84.314919440,0,8,0,0,1,1,1,0,1,10,0,10,0,0000000,11,48,11,58,12,34,15,0,0,1,0
13,130568,1,1,0,1,213,0,7,7,2010,4,19,55,0,4,3,SR-282,,25,34.69676944,-84.735177780,0,34,0,0,1,1,4,0,1,1,0,1,0,0000000,19,55,20,3,20,39,0,0,0,1,0
13,130569,1,1,1,1,39,4850,9,7,2010,6,7,7,0,13,3,SR-40,,199,30.75712222,-81.595533330,0,33,0,0,1,1,4,0,1,1,0,1,0,0000000,7,10,7,13,8,28,0,0,0,1,0
13,130570,1,1,0,2,129,0,10,7,2010,7,11,50,1,11,1,I-75,,36,34.45086389,-84.919586110,0,1,0,0,1,1,1,0,1,1,0,1,0,0000000,11,50,11,56,12,39,0,0,0,1,0
13,130571,1,1,0,2,189,5470,10,7,2010,7,22,50,0,6,4,ROUSSEAU CREEK RD,,99999,33.58555000,-82.442083330,0,34,0,0,1,1,4,0,2,1,0,1,0,0000000,99,99,99,99,99,99,0,0,0,1,1
13,130572,1,1,0,2,301,0,11,7,2010,1,17,44,1,1,1,I-20,,29,33.50329167,-82.769622220,0,42,0,0,1,1,4,0,1,2,0,2,0,0000000,99,99,99,99,99,99,0,0,0,1,0
13,130573,1,1,0,2,121,280,17,7,2010,7,4,8,1,11,1,I-75,,28,33.79320000,-84.392852780,0,35,0,0,5,1,4,0,3,1,0,1,0,0000000,4,12,4,25,5,4,0,0,0,1,0
13,130574,1,1,0,1,45,0,18,7,2010,1,19,31,0,9,3,SR-100,,99999,99.99990000,999.999900000,0,1,0,0,1,1,4,0,1,1,0,1,0,0000000,19,31,19,39,20,12,0,0,0,1,1
13,130575,2,2,0,2,235,2620,19,7,2010,2,11,45,0,3,3,SR-11,GOOSENECK RD,89,32.24774722,-83.473055560,0,12,6,0,2,2,1,2,1,1,0,1,0,0000000,99,99,99,99,99,99,0,0,0,1,0
13,130576,2,2,0,5,267,0,20,7,2010,3,11,42,0,3,3,SR-73,,29,31.97867222,-81.917861110,0,59,0,0,1,1,2,0,1,1,0,1,0,0000000,11,42,11,49,12,25,0,0,0,1,0
13,130577,3,3,0,7,97,0,22,7,2010,5,16,30,0,4,2,US-78 / SR-8,HAMRICK RD,99999,99.99990000,999.999900000,0,12,6,0,2,3,1,0,1,1,0,1,0,0000000,99,99,99,99,99,99,0,0,0,1,0
13,130578,1,1,0,1,179,2218,22,7,2010,5,3,50,0,3,3,SR-144,,95,31.95580278,-81.493877780,2,34,0,0,1,1,4,0,6,99,0,99,0,0000000,3,50,99,99,99,99,0,0,0,1,0
13,130579,1,1,1,1,89,280,23,7,2010,6,21,18,0,14,3,SR-260,PATTERSON ST,3,33.74012500,-84.343161110,0,8,0,0,2,3,1,0,3,1,0,1,0,0000000,21,18,21,20,88,88,0,0,0,1,0
13,130580,1,1,0,1,227,0,24,7,2010,7,18,16,0,5,4,BIG RIDGE RD,,2,34.47118056,-84.612916670,0,32,0,0,1,1,4,0,1,1,0,1,0,0000000,18,16,18,22,88,88,0,0,0,1,0
13,130581,1,1,0,1,263,0,24,7,2010,7,23,24,0,3,3,SR-190,,2,32.85960000,-84.550052780,0,42,0,0,1,1,4,0,2,1,0,1,0,0000000,23,25,23,40,0,34,0,0,0,1,0
13,130582,2,2,0,5,95,0,25,7,2010,1,18,49,0,13,3,SR-520,COUNTY LINE RD,158,31.55525278,-83.997402780,0,12,6,0,2,2,1,0,1,1,0,1,0,0000000,18,50,19,3,19,32,0,0,0,1,0
13,130583,1,1,0,1,51,0,31,7,2010,7,20,42,0,16,4,SOUTHBRIDGE RD,,13,99.99990000,999.999900000,0,3,0,0,1,1,6,0,3,1,0,1,0,0000000,20,42,20,48,21,26,0,0,0,1,0
13,130584,2,2,0,3,135,3230,31,7,2010,7,13,27,0,13,3,SR-10,,129,33.84967500,-83.917488890,0,12,6,0,8,1,1,0,1,1,0,1,0,0000000,13,27,13,42,14,5,0,0,0,1,0
13,130585,1,1,0,5,47,0,1,8,2010,1,12,2,1,11,1,I-75,,80,34.92492778,-85.150608330,0,1,0,0,1,1,1,0,1,1,0,1,0,0000000,12,2,12,9,12,43,0,0,0,1,0
13,130586,1,1,0,2,81,1340,2,8,2010,2,17,11,0,6,4,LISTONIA RD,,27,31.96454167,-83.657455560,0,34,0,0,1,1,4,0,1,1,0,1,0,0000000,99,99,99,99,99,99,0,0,0,1,0
13,130587,2,2,0,2,171,0,6,8,2010,6,3,30,1,1,1,I-75,,10,33.15645000,-84.035411110,0,12,7,0,1,1,1,0,2,1,0,1,0,0000000,88,88,88,88,88,88,0,0,0,1,1
13,130588,1,1,0,1,81,0,7,8,2010,7,4,34,1,13,2,US-41 / SR-7,,75,31.89825556,-83.760408330,0,34,0,0,1,1,4,0,2,10,0,10,0,0000000,4,34,4,42,6,0,0,0,0,1,0
13,130589,2,2,0,3,299,5850,24,4,2010,7,18,8,0,2,3,SR-38,SMITH RD,138,31.16985000,-82.414283330,0,12,6,0,2,3,1,0,1,1,0,1,0,0000000,18,12,18,22,18,58,0,0,0,1,1
13,130590,1,1,1,1,21,0,20,5,2010,5,4,38,0,16,4,SKIPPERTON RD,BENTON DR,5,32.73655833,-83.704530560,0,9,0,0,2,3,1,0,2,1,0,1,0,0000000,99,99,99,99,99,99,0,0,0,1,0