STATE,ST_CASE,VE_TOTAL,VE_FORMS,PEDS,PERSONS,COUNTY,CITY,DAY,MONTH,YEAR,DAY_WEEK,HOUR,MINUTE,NHS,ROAD_FNC,ROUTE,TWAY_ID,TWAY_ID2,MILEPT,LATITUDE,LONGITUD,SP_JUR,HARM_EV,MAN_COLL,RELJCT1,RELJCT2,TYP_INT,REL_ROAD,WRK_ZONE,LGT_COND,WEATHER1,WEATHER2,WEATHER,SCH_BUS,RAIL,NOT_HOUR,NOT_MIN,ARR_HOUR,ARR_MIN,HOSP_HR,HOSP_MN,CF1,CF2,CF3,FATALS,DRUNK_DR
13,130591,2,2,0,2,113,4278,1,6,2010,3,13,20,0,16,6,CROSSTOWN DR,CROSSTOWN CT,8,33.37518611,-84.563763890,0,12,6,0,2,3,1,0,1,1,0,1,0,0000000,13,20,13,23,14,30,0,0,0,1,0
13,130592,1,1,0,4,131,0,1,7,2010,5,19,0,0,3,3,SR-111,,99999,30.83746667,-84.239944440,0,34,0,0,1,1,4,0,1,2,0,2,0,0000000,19,8,19,22,20,17,0,0,0,1,1
13,130593,1,1,0,1,295,0,1,7,2010,5,4,3,0,14,3,SR-193,CHATTANOOGA VALLEY R,226,34.98077500,-85.334550000,0,1,0,0,2,3,1,0,2,1,0,1,0,0000000,4,4,4,12,88,88,20,0,0,1,1
13,130594,2,2,0,2,67,20,2,7,2010,6,0,16,1,11,1,I-75,,150,34.05386944,-84.593138890,0,12,6,0,1,1,1,0,2,1,0,1,0,0000000,0,17,0,21,0,52,20,0,0,1,0
13,130595,1,1,0,2,111,3770,3,7,2010,7,10,20,0,4,3,SR-60,,109,34.81346944,-84.186022220,0,1,0,0,1,1,1,0,1,1,0,1,0,0000000,99,99,99,99,99,99,0,0,0,1,0
13,130596,1,1,0,2,275,0,2,7,2010,6,23,45,0,3,3,SR-122,,72,30.90148889,-83.839030560,0,34,0,0,1,1,4,0,2,1,0,1,0,0000000,0,7,0,16,99,99,0,0,0,1,0
13,130597,1,1,0,5,39,0,6,7,2010,3,16,25,1,1,1,I-95,,139,30.95048889,-81.685280560,0,1,0,0,1,1,1,0,1,1,0,1,0,0000000,99,99,99,99,99,99,0,0,0,2,0
13,130598,3,3,0,6,219,0,7,7,2010,4,7,45,0,13,3,SR-10,,30,33.93904444,-83.455655560,0,12,1,0,1,1,1,2,1,1,0,1,0,0000000,99,99,99,99,7,51,0,0,0,1,0
13,130599,1,1,0,1,59,270,8,7,2010,5,21,50,0,9,3,SR-72/HULL RD,,99999,33.97578611,-83.354688890,0,34,0,0,1,1,4,0,2,1,0,1,0,0000000,88,88,88,88,88,88,0,0,0,1,0
13,130600,1,1,0,1,61,0,9,7,2010,6,13,35,0,2,3,SR-1,,0,31.61443056,-84.834880560,0,34,0,0,1,1,4,0,1,1,0,1,0,0000000,13,35,13,51,14,14,0,0,0,1,0
13,130601,3,3,0,3,121,0,11,7,2010,1,2,48,0,14,3,SR-279,,42,33.61049444,-84.471458330,0,12,1,0,8,1,1,0,6,1,0,1,0,0000000,2,48,2,51,3,14,0,0,0,1,1
13,130602,3,3,0,4,21,0,14,7,2010,4,18,10,1,13,3,SR-11/HAWKINSVILLE R,,46,32.73823889,-83.655791670,0,12,6,0,1,1,1,0,1,1,0,1,0,0000000,18,10,18,15,18,43,0,0,0,1,0
13,130603,2,2,0,4,157,1300,14,7,2010,4,14,47,0,13,3,SR-15,SR-326,144,34.21329722,-83.441955560,0,12,6,0,2,2,1,0,1,1,0,1,0,0000000,14,52,15,2,15,48,0,0,0,1,0
13,130604,1,1,0,1,279,0,7,8,2010,7,12,58,0,4,3,SR-178,,99999,99.99990000,999.999900000,0,42,0,0,1,1,6,0,1,1,0,1,0,0000000,88,88,88,88,88,88,0,0,0,1,0
13,130605,1,1,0,2,57,920,8,8,2010,1,16,30,1,11,1,I-575,,128,34.24375556,-84.467333330,0,57,0,0,1,1,3,0,1,1,0,1,0,0000000,16,37,16,50,17,26,0,0,0,1,0
13,130606,2,2,0,2,117,1440,9,8,2010,2,17,10,0,14,6,PIRKLE FERRY ROAD,LANIER 400 PKWY.,15,34.20860833,-84.127422220,0,12,6,0,2,3,1,0,1,1,0,1,0,0000000,17,11,17,15,17,52,0,0,0,1,1
13,130607,1,1,0,2,67,3440,10,8,2010,3,11,10,0,13,6,ERNEST W. BARRETT PK,,25,33.97141111,-84.611077780,0,42,0,0,1,1,3,0,1,10,0,10,0,0000000,11,10,11,27,12,1,0,0,0,1,0
13,130608,1,1,0,1,117,0,10,8,2010,3,6,32,0,16,4,PENDLEY ROAD,,2,34.16361111,-84.154286110,0,42,0,0,1,1,6,0,2,1,0,1,0,0000000,6,41,6,48,88,88,0,0,0,1,0
13,130609,2,2,0,3,277,0,12,8,2010,5,1,38,1,1,1,I-75,,151,99.99990000,999.999900000,0,18,0,0,1,1,1,0,2,10,0,10,0,0000000,88,88,88,88,88,88,0,0,0,1,0
13,130610,3,3,0,4,113,0,13,8,2010,6,15,55,0,13,3,SR-54,HUIET ROAD,61,33.44771667,-84.518722220,0,12,6,0,2,2,1,1,1,1,0,1,0,0000000,15,55,16,7,17,2,0,0,0,1,0
13,130611,2,2,0,2,121,5640,13,8,2010,6,19,41,0,13,3,SR-14,DERRICK ROAD,83,33.62432222,-84.584491670,0,12,6,0,2,2,1,0,1,10,0,10,0,0000000,19,41,19,48,20,38,0,0,0,1,0
13,130612,1,1,0,1,195,0,15,7,2010,5,12,41,0,3,3,SR-8,,56,34.07806389,-83.254877780,0,42,0,0,1,1,4,0,1,1,0,1,0,0000000,12,41,12,48,13,16,0,0,0,1,0
13,130613,2,2,0,3,35,0,17,7,2010,7,16,55,0,3,3,SR-36,,153,33.37942222,-83.906236110,0,12,6,0,1,1,1,0,1,2,0,2,0,0000000,99,99,99,99,99,99,0,0,0,1,0
13,130614,2,2,0,4,223,0,14,8,2010,7,18,56,0,15,4,OLD CARTERSVILLE RD.,,51,33.96726389,-84.792844440,0,12,2,0,1,1,1,0,1,1,0,1,0,0000000,18,59,19,0,88,88,0,0,0,1,0
13,130615,1,1,1,1,157,670,17,7,2010,7,22,5,1,1,1,I-85,,7,34.11209722,-83.777161110,0,8,0,0,1,1,1,0,1,1,0,1,0,0000000,88,88,88,88,88,88,19,0,0,1,0
13,130616,2,2,0,2,93,0,15,8,2010,1,4,5,1,1,1,I-75,,66,32.12090833,-83.761633330,0,12,1,0,1,1,1,0,3,1,0,1,0,0000000,88,88,88,88,88,88,0,0,0,1,0
13,130617,2,1,0,1,33,0,18,7,2010,1,16,42,0,6,4,BRIER CREEK ESTATES,,10,33.12272778,-81.965508330,0,38,0,0,1,1,4,0,1,1,0,1,0,0000000,16,42,16,49,17,25,0,0,0,1,0
13,130618,1,1,0,1,67,3440,18,7,2010,1,3,41,1,11,1,I-75,,36,33.92371944,-84.485244440,0,23,0,1,5,1,4,0,3,1,0,1,0,0000000,3,55,3,55,99,99,0,0,0,1,0
13,130619,1,1,0,1,127,0,21,7,2010,4,7,30,0,5,4,BUCK SWAMP RD,,4,31.13305278,-81.620355560,0,53,0,0,1,1,4,0,1,1,0,1,0,0000000,8,27,8,33,88,88,0,0,0,1,0
13,130620,2,2,0,3,51,4910,16,8,2010,2,19,1,1,13,1,I-516/SR-21,,2,32.03935000,-81.143602780,0,12,7,0,1,1,1,0,1,10,0,10,0,0000000,19,3,19,9,19,31,0,0,0,2,0
13,130621,1,1,0,2,287,0,21,7,2010,4,15,43,1,1,1,I-75,,63,31.67428333,-83.614538890,0,1,0,0,1,1,2,0,1,1,0,1,0,0000000,15,43,15,48,16,10,0,0,0,1,0
13,130622,1,1,0,1,115,0,17,8,2010,3,5,27,1,2,3,SR-1,,230,34.39083333,-85.186680560,9,11,0,0,1,1,1,0,2,2,0,2,0,0000000,5,28,5,35,88,88,0,0,0,1,0
13,130623,2,2,0,6,13,5980,23,7,2010,6,14,44,0,4,3,SR-8,,69,33.99240278,-83.754863890,0,12,6,0,8,1,1,4,1,1,0,1,0,0000000,14,44,14,55,15,19,0,0,0,1,0
13,130624,1,1,0,1,283,0,17,8,2010,3,14,30,1,1,1,I-16,,72,32.42551667,-82.548661110,0,42,0,0,1,1,6,0,1,2,0,2,0,0000000,14,50,15,0,88,88,0,0,0,1,0
13,130625,1,1,0,1,101,0,24,7,2010,7,21,0,0,6,4,J FRANK CULPEPPER RD,,28,30.67298889,-83.101477780,0,34,0,0,1,1,4,0,2,10,0,10,0,0000000,88,88,88,88,88,88,0,0,0,1,1
13,130626,1,1,0,1,145,0,24,7,2010,7,16,30,0,4,3,SR-208,,23,32.70290556,-84.819013890,0,35,0,0,1,1,4,0,1,10,0,10,0,0000000,16,33,16,43,17,19,0,0,0,1,1
13,130627,2,2,0,3,205,0,24,7,2010,7,16,6,0,14,4,OLD GA HWY 3,,58,31.20683611,-84.178727780,0,12,2,0,1,1,1,0,1,1,0,1,0,0000000,16,8,16,20,17,8,0,0,0,1,1
13,130628,2,2,0,5,15,0,21,8,2010,7,20,4,0,16,4,SANDTOWN ROAD,,33,34.10235278,-84.720038890,0,12,8,0,1,1,1,0,5,10,0,10,0,0000000,20,4,20,13,21,16,0,0,0,1,0
13,130629,1,1,0,1,185,0,27,7,2010,3,23,0,0,4,3,SR-376,,110,30.70201111,-83.142566670,0,34,0,0,1,1,4,0,2,2,0,2,0,0000000,88,88,88,88,88,88,0,0,0,1,1
13,130630,1,1,1,1,121,280,28,7,2010,4,8,10,0,13,3,SR-10,,9,33.76259444,-84.364055560,0,8,0,0,1,1,3,2,1,1,0,1,0,0000000,8,12,8,16,88,88,0,0,0,1,0
13,130631,2,2,0,2,51,0,21,8,2010,7,10,42,0,15,4,WILD HERON ROAD,,99999,99.99990000,999.999900000,0,12,1,0,8,1,1,0,1,1,0,1,0,0000000,10,45,10,50,11,14,0,0,0,1,0
13,130632,1,1,0,1,89,0,21,8,2010,7,11,50,0,15,4,SNAPFINGER WOODS DR,,7,33.71138333,-84.198552780,0,21,0,0,1,1,6,0,1,1,0,1,0,0000000,12,42,12,48,88,88,0,0,0,1,1
13,130633,2,2,0,3,115,0,21,8,2010,7,15,26,0,4,3,SR-156,HAYWOOD VALLEY ROAD,3,34.39586111,-85.184747220,0,12,6,0,2,2,1,0,1,1,0,1,0,0000000,15,26,15,31,15,54,0,0,0,2,0
13,130634,1,1,0,1,255,0,22,8,2010,1,0,40,0,6,4,WALKERS MILL ROAD,,52,33.30126389,-84.173511110,0,11,0,0,1,1,1,0,3,10,0,10,0,0000000,0,50,0,58,1,38,0,0,0,1,1
13,130635,3,3,0,7,45,0,23,8,2010,2,12,49,1,13,3,SR-1,PRIMARY SCHOOL ROAD,90,33.54431111,-85.073747220,0,12,2,0,2,2,1,0,1,1,0,1,0,0000000,12,49,12,53,13,26,0,0,0,1,0
13,130636,1,1,1,1,63,1250,24,8,2010,3,22,8,1,11,1,I-85,,133,33.64765278,-84.447613890,0,8,0,0,1,1,1,0,2,10,0,10,0,0000000,88,88,88,88,88,88,0,0,0,1,0
13,130637,1,1,0,1,105,0,24,8,2010,3,23,2,0,6,4,WAHATCHEE CREEK RD,,10,34.08149167,-82.752563890,0,42,0,0,1,1,6,0,2,1,0,1,0,0000000,23,3,23,16,88,88,0,0,0,1,0
13,130638,2,1,0,10,39,0,31,7,2010,7,7,11,1,1,1,I-95,,159,30.96696944,-81.677308330,0,18,0,0,1,1,2,0,4,1,0,1,0,0000000,99,99,99,99,99,99,0,0,0,2,0
13,130639,2,2,0,2,115,0,27,8,2010,6,10,9,1,13,3,SR-1 LOOP,CALHOUN ROAD,44,34.27933056,-85.126319440,0,12,6,0,2,2,1,0,1,1,0,1,0,0000000,10,9,10,14,10,30,0,0,0,1,0
13,130640,2,2,0,2,135,1470,28,8,2010,7,6,9,0,14,3,SR-8,,204,33.98859722,-83.891322220,0,12,2,0,1,1,1,0,2,1,0,1,0,0000000,6,9,6,14,6,37,0,0,0,1,0
13,130641,1,1,1,1,3,4280,3,8,2010,3,19,3,0,2,3,SR-31,,85,31.28650833,-82.855405560,0,9,0,0,8,1,1,0,1,1,0,1,0,0000000,88,88,88,88,88,88,0,0,0,1,0
13,130642,1,1,0,1,135,0,4,9,2010,7,5,40,1,13,3,SR-20,RIVERSIDE ROAD,8,34.12338611,-84.081888890,0,34,0,0,2,3,6,2,2,1,0,1,0,0000000,88,88,88,88,88,88,0,0,0,1,1
13,130643,1,1,0,1,153,4340,8,8,2010,1,18,16,0,6,4,SANDEFUR RD,,99999,32.51248611,-83.673683330,0,33,0,0,1,1,4,0,1,1,0,1,0,0000000,18,16,18,27,19,5,0,0,0,1,1
13,130644,2,2,0,3,51,4475,22,6,2010,3,7,46,1,13,3,SR-21,SR-30,116,32.19849444,-81.197761110,0,12,6,0,2,2,1,0,1,1,0,1,0,0000000,7,50,7,59,8,27,0,0,0,1,0
13,130645,2,2,0,2,291,540,23,6,2010,4,14,31,1,2,3,SR-11,,99999,34.98266389,-84.070880560,0,12,1,0,8,1,1,0,1,10,0,10,0,0000000,88,88,88,88,88,88,0,0,0,1,0
13,130646,1,1,0,6,103,0,27,6,2010,1,2,47,0,4,4,STILLWELL-CLYO RD,,99999,99.99990000,999.999900000,0,1,0,0,1,1,1,0,2,10,0,10,0,0000000,2,53,3,8,4,22,0,0,0,2,0
13,130647,1,1,0,1,297,3230,30,6,2010,4,6,23,0,16,4,OLD LOGANVILLE ROAD,HARRISON ROAD,1,33.84812500,-83.919688890,0,43,0,0,2,3,6,0,1,1,0,1,0,0000000,88,88,88,88,88,88,0,0,0,1,1
13,130648,1,1,0,1,221,0,4,7,2010,1,6,36,0,5,4,HARRIS ROAD,,2,33.95355833,-83.111550000,0,34,0,0,1,1,6,0,2,1,0,1,0,0000000,88,88,88,88,88,88,0,0,0,1,0
13,130649,1,1,1,1,11,0,6,7,2010,3,18,2,0,4,3,SR-63,,61,34.37477222,-83.401894440,0,8,0,0,1,1,1,0,1,1,0,1,0,0000000,88,88,88,88,88,88,0,0,0,1,0
13,130650,1,1,0,5,285,3050,8,7,2010,5,7,54,1,1,1,I-185,,62,32.96672778,-84.955880560,0,1,0,0,1,1,1,0,1,1,0,1,0,0000000,8,19,8,29,9,22,0,0,0,1,0
13,130651,2,2,0,2,139,0,20,7,2010,3,23,21,0,4,3,SR-284,,95,34.44821944,-83.779505560,0,12,2,0,1,1,1,0,2,1,0,1,0,0000000,23,21,23,27,1,4,0,0,0,1,0
13,130652,2,2,0,3,179,0,21,7,2010,4,19,48,1,1,1,I-95,,43,99.99990000,999.999900000,0,12,1,0,1,1,1,0,1,1,0,1,0,0000000,88,88,88,88,88,88,0,0,0,1,0
13,130653,1,1,1,1,215,1280,26,7,2010,2,23,23,0,14,6,MLK BLVD,,5,32.46038333,-84.973111110,0,8,0,0,1,1,6,0,3,10,0,10,0,0000000,23,25,23,29,23,48,0,0,0,1,1
13,130654,1,1,1,2,89,0,16,5,2010,1,12,54,0,14,4,PANTHERSVILLE RD,,7,99.99990000,999.999900000,0,8,0,0,1,1,1,0,1,1,0,1,0,0000000,12,54,12,58,13,36,0,0,0,1,0
13,130655,2,2,0,3,215,1280,21,5,2010,6,14,1,1,13,3,SR-22SP,BOXWOOD BLVD,29,32.47953611,-84.944472220,0,12,6,0,2,2,1,0,1,10,0,10,0,0000000,14,2,14,5,14,30,0,0,0,1,0
13,130656,1,1,0,1,275,0,27,7,2010,3,7,4,0,6,4,HAMP ROGERS ROAD,,99999,99.99990000,999.999900000,0,42,0,0,1,1,6,0,1,1,0,1,0,0000000,7,6,7,20,8,46,0,0,0,1,1
13,130657,2,2,0,3,169,2460,25,5,2010,3,10,43,0,4,3,SR-18,BILL CONN PKWY,99999,99.99990000,999.999900000,0,12,6,0,2,3,1,0,1,1,0,1,0,0000000,10,45,10,47,11,36,0,0,0,1,0
13,130658,1,1,1,1,11,0,31,7,2010,7,6,5,1,2,3,SR-15,,50,34.30053333,-83.475816670,0,8,0,0,1,1,1,2,2,10,0,10,0,0000000,6,6,6,18,88,88,0,0,0,1,0
13,130659,2,2,0,2,151,0,1,6,2010,3,16,59,0,15,4,ROCK QUARRY RD,,18,33.51749722,-84.230052780,0,12,2,0,8,1,1,0,1,1,0,1,0,0000000,16,59,17,6,18,4,0,0,0,1,0
13,130660,1,1,0,1,21,3390,2,6,2010,4,10,20,1,11,1,I-75,,106,32.83018333,-83.654777780,0,24,0,0,1,1,4,0,1,10,0,10,0,0000000,10,20,10,27,10,56,0,0,0,1,1
13,130661,2,2,0,3,89,0,3,6,2010,5,19,34,0,13,4,S HAIRSTON RD,,38,33.74382778,-84.196011110,0,33,0,0,1,1,4,0,1,10,0,10,0,0000000,19,35,19,40,20,21,0,0,0,1,0
13,130662,1,1,0,1,93,0,5,6,2010,7,10,47,1,1,1,I-75,,66,32.12055833,-83.761241670,0,52,0,0,1,1,4,0,1,1,0,1,0,0000000,10,33,10,37,11,14,0,0,0,1,0
13,130664,1,1,2,2,45,0,11,6,2010,6,21,15,0,6,4,HOLLY DR,,1,33.60701944,-84.988705560,0,8,0,0,1,1,2,0,5,1,0,1,0,0000000,99,99,99,99,99,99,0,0,0,1,0
13,130665,1,1,1,1,89,0,12,6,2010,7,1,0,0,14,3,SR-155,,99999,33.69513333,-84.262688890,0,8,0,0,1,1,1,0,2,1,0,1,0,0000000,1,2,1,6,88,88,0,0,0,1,0
13,130666,2,2,0,3,137,0,20,6,2010,1,11,43,1,2,3,SR-365,ALTO MUD CREEK RD,21,34.46808056,-83.599358330,0,12,6,0,2,3,1,0,1,1,0,1,0,0000000,11,43,12,16,12,34,0,0,0,1,0
13,130667,1,1,0,2,151,0,20,6,2010,1,9,52,0,4,4,JACKSON LAKE RD,,35,33.46230278,-83.957916670,0,34,0,0,1,1,4,0,1,1,0,1,0,0000000,99,99,99,99,99,99,0,0,0,2,1
13,130668,1,1,0,1,221,0,11,6,2010,6,6,37,0,4,4,COLLIER CHURCH RD,WATSON MILL RD,99999,34.01977500,-83.125819440,0,38,0,0,3,2,4,0,2,1,0,1,0,0000000,88,88,88,88,88,88,0,0,0,1,1
13,130669,1,1,0,1,303,0,10,8,2010,3,22,10,0,4,4,OLD SAVANNAH RD,,91,32.91290000,-82.705808330,0,34,0,0,1,1,4,0,2,1,0,1,0,0000000,4,19,4,33,88,88,18,0,0,1,0
13,130670,2,2,0,2,185,0,11,8,2010,4,7,19,0,16,4,KNIGHTS ACADEMY RD,TWIG DR,9,30.89691389,-83.252352780,0,12,6,0,2,3,1,0,1,1,0,1,0,0000000,99,99,99,99,99,99,0,0,0,1,0
13,130671,1,1,0,3,255,0,12,8,2010,5,21,9,0,6,4,GINNY LANE,,0,33.28675556,-84.129588890,0,5,0,0,1,1,1,0,2,1,0,1,0,0000000,21,9,21,25,21,46,0,0,0,1,1
13,130672,1,1,0,3,27,0,21,8,2010,7,18,45,0,3,3,SR-133,,198,31.03156111,-83.584500000,0,34,0,0,1,1,4,0,1,2,0,2,0,0000000,99,99,99,99,99,99,0,0,0,1,1
13,130673,2,1,2,1,15,0,22,8,2010,1,5,45,1,1,1,I-75,,129,34.21496111,-84.754597220,0,8,0,0,1,1,1,0,2,10,0,10,0,0000000,5,45,5,54,6,36,19,0,0,1,0
13,130674,1,1,0,1,67,0,22,8,2010,1,16,27,1,11,1,I-20,,0,33.77025556,-84.541211110,0,1,0,0,1,1,1,0,1,1,0,1,0,0000000,16,29,16,37,17,19,0,0,0,1,0
13,130675,1,1,1,1,69,5872,22,8,2010,1,22,1,0,5,4,MOORE RD,,99999,31.61305000,-82.732758330,0,8,0,0,1,1,1,0,2,2,0,2,0,0000000,22,5,22,18,22,46,0,0,0,1,0
13,130676,1,1,0,2,117,0,23,8,2010,2,99,99,0,14,4,OLD ATLANTA RD,,47,34.13523889,-84.150005560,0,32,0,0,1,1,5,0,2,1,0,1,0,0000000,7,3,7,7,7,13,0,0,0,1,1
13,130677,1,1,0,2,31,730,26,8,2010,5,2,13,0,3,3,SR-119,,43,99.99990000,999.999900000,0,32,0,0,8,1,4,0,2,1,0,1,0,0000000,2,13,2,33,3,31,0,0,0,1,1
13,130678,1,1,0,2,175,0,29,8,2010,1,2,4,0,6,4,WALKE DAIRY RD,,19,32.53408333,-83.005036110,0,42,0,0,1,1,4,0,2,1,0,1,0,0000000,2,4,2,14,2,25,0,0,0,1,0
13,130679,2,2,0,2,319,0,30,8,2010,2,13,7,0,2,3,SR-57,,25,99.99990000,999.999900000,0,12,8,0,1,1,1,0,1,1,0,1,0,0000000,88,88,88,88,88,88,0,0,0,1,0
13,130680,1,1,0,1,31,730,31,8,2010,3,19,0,0,3,3,SR-26,,319,32.33544444,-81.603913890,0,11,0,0,1,1,1,0,1,1,0,1,0,0000000,88,88,88,88,88,88,0,0,0,1,0
13,130681,1,1,1,1,141,0,31,8,2010,3,12,22,0,3,3,SR-16,,190,33.31582500,-82.872405560,0,9,0,0,1,1,1,0,1,1,0,1,0,0000000,12,34,12,44,99,99,0,0,0,1,0
13,130682,2,2,0,5,293,5450,1,9,2010,4,18,30,1,13,3,SR-3,DELUXE CIRCLE,167,32.90963889,-84.330347220,0,12,6,0,2,2,1,0,1,1,0,1,0,0000000,18,31,18,33,19,12,0,0,0,1,0
13,130683,1,1,0,2,213,0,2,9,2010,5,15,31,0,6,4,BOOGER BRANCH ROAD,,4,34.97524444,-84.737313890,0,42,0,0,1,1,6,0,1,1,0,1,0,0000000,15,31,15,46,88,88,0,0,0,1,0
13,130684,2,2,0,4,89,0,4,9,2010,7,18,11,1,11,1,I-285,,218,33.69731667,-84.283591670,0,12,7,0,1,1,1,0,1,1,0,1,0,0000000,18,11,18,20,18,25,0,0,0,1,0
13,130685,1,1,0,1,279,0,2,9,2010,5,17,13,0,4,4,LYONS CENTER ROAD,,93,32.18176944,-82.347013890,0,1,0,0,1,1,6,0,1,1,0,1,0,0000000,17,16,17,26,17,57,0,0,0,1,1
13,130686,2,2,0,3,175,1780,4,9,2010,7,21,26,0,14,6,AIRPORT ROAD,,6,99.99990000,999.999900000,0,12,6,0,8,1,1,0,2,1,0,1,0,0000000,21,26,21,31,21,47,0,0,0,1,0
13,130687,1,1,0,2,233,0,5,9,2010,1,19,21,0,6,4,GARMON ROAD,,2,33.95380833,-85.340144440,0,34,0,0,1,1,6,0,1,1,0,1,0,0000000,19,21,19,30,21,10,0,0,0,1,1
13,130688,1,1,1,1,59,270,9,9,2010,5,11,39,0,13,3,SR-15,SUNSET DRIVE,42,33.97206944,-83.412236110,0,8,0,1,3,2,1,0,1,1,0,1,0,0000000,11,40,11,47,11,59,0,0,0,1,0
13,130689,2,2,0,2,59,270,9,9,2010,5,7,48,0,13,6,ATLANTA HIGHWAY,,9,33.94165000,-83.500600000,0,12,6,0,5,1,1,0,1,10,0,10,0,0000000,88,88,88,88,88,88,0,0,0,1,0
13,130690,2,2,1,2,67,3440,10,9,2010,6,21,20,0,14,6,COBB PARKWAY N,,83,33.96457500,-84.532972220,0,8,0,0,1,1,1,0,3,1,0,1,0,0000000,88,88,88,88,88,88,0,0,0,1,0
13,130691,1,1,0,4,81,200,10,9,2010,6,20,4,1,1,1,I-75,,32,31.83866389,-83.714983330,0,1,0,0,1,1,1,0,5,1,0,1,0,0000000,20,4,20,14,20,41,0,0,0,1,0
13,130692,2,2,0,6,15,0,12,9,2010,1,12,32,0,3,3,SR-113,OLD STILESBORO ROAD,40,34.10525000,-84.917150000,0,12,6,0,2,2,1,0,1,1,0,1,0,0000000,12,32,12,47,13,39,0,0,0,1,0
13,130693,1,1,1,1,67,3440,16,9,2010,5,23,51,0,16,6,POWERS FERRY PLACE,,0,33.92377778,-84.482352780,0,8,0,0,1,1,1,0,3,10,0,10,0,0000000,23,52,23,57,0,16,0,0,0,1,0
13,130694,2,2,0,2,115,0,17,9,2010,6,6,52,0,14,3,SR-101,,67,34.18427500,-85.152538890,0,12,2,0,1,1,1,0,2,1,0,1,0,0000000,6,52,6,56,7,21,0,0,0,1,0
13,130695,1,1,1,1,135,1810,20,9,2010,2,20,15,1,13,4,PLEASANT HILL ROAD,,36,33.95496667,-84.131583330,0,8,0,0,1,1,1,0,3,1,0,1,0,0000000,88,88,88,88,88,88,0,0,0,1,0
13,130696,1,1,0,1,135,0,24,9,2010,6,0,19,0,15,4,OLD ROSSER ROAD SW,,7,33.86074167,-84.163877780,0,11,0,0,1,1,1,0,3,1,0,1,0,0000000,0,19,0,22,88,88,0,0,0,1,0
13,130697,4,4,0,7,135,1810,27,9,2010,2,15,52,0,14,4,BOGGS ROAD,,5,33.95551667,-84.094527780,0,12,1,0,1,1,1,0,1,1,0,1,0,0000000,15,52,15,57,16,13,0,0,0,1,0
13,130698,2,2,0,2,51,4910,1,10,2010,6,16,1,1,13,3,SR-204,GROVE POINT ROAD,111,31.99106111,-81.226816670,0,12,1,0,2,2,1,0,1,1,0,1,0,0000000,16,4,16,8,16,41,0,0,0,1,1
13,130699,2,2,0,2,115,0,1,10,2010,6,23,22,0,13,3,SR-1,,55,34.17406944,-85.207858330,0,12,6,0,8,1,1,0,3,1,0,1,0,0000000,23,23,23,26,88,88,0,0,0,1,0
13,130700,1,1,0,2,139,0,6,8,2010,6,22,2,0,6,4,LAWSON ROBINSON ROAD,,9,34.39140000,-83.944130560,0,42,0,0,1,1,6,0,2,10,0,10,0,0000000,22,2,22,15,22,48,0,0,0,1,1
13,130701,4,1,0,5,139,2285,6,8,2010,6,19,26,0,2,6,HARBOUR LANDING DR.,,99999,34.33158333,-83.934388890,0,14,0,0,1,1,2,0,5,10,0,10,0,0000000,19,26,19,48,20,35,14,0,0,1,0
13,130702,1,1,0,1,215,1280,22,8,2010,1,8,15,1,13,6,2ND AVENUE,27TH STREET,12,32.48900278,-84.990213890,0,30,0,0,2,2,6,0,1,1,0,1,0,0000000,8,15,8,20,8,35,0,0,0,1,0
13,130703,2,2,0,2,215,1280,27,8,2010,6,19,20,0,13,3,SR-01,RIVER ROAD,104,32.49561111,-84.980236110,0,12,6,0,2,2,1,0,3,10,0,10,0,0000000,19,20,19,33,20,7,0,0,0,1,0
13,130704,1,1,0,2,103,9999,31,1,2010,1,19,57,0,5,4,COURTHOUSE RD,MIDLAND RD,13,32.26293889,-81.363983330,0,42,0,0,3,2,4,0,2,1,0,1,0,0000000,88,88,88,88,88,88,0,0,0,1,1
13,130705,2,2,0,2,151,0,22,3,2010,2,13,14,0,3,3,SR-42,,2,33.32055556,-84.057980560,0,12,2,0,1,1,1,0,1,10,0,10,0,0000000,13,14,13,14,13,41,0,0,0,1,0
13,130706,1,1,1,2,65,2800,8,4,2010,5,17,20,0,6,6,BROWN ST,,15,31.02916111,-82.758088890,0,8,0,0,1,1,1,0,1,1,0,1,0,0000000,88,88,88,88,88,88,0,0,0,1,0
13,130707,2,2,0,3,151,0,17,4,2010,7,10,23,1,1,1,I-75,,38,33.35068056,-84.124547220,0,1,0,0,1,1,1,0,1,1,0,1,0,0000000,10,24,10,38,11,33,14,0,0,1,0
13,130708,2,2,0,2,151,3220,5,5,2010,4,10,2,0,3,3,SR-42,PEEKSVILLE RD,41,33.34885556,-84.110419440,0,12,1,0,3,2,1,0,1,1,0,1,0,0000000,10,3,10,3,10,42,0,0,0,1,0
13,130709,1,1,0,1,209,0,8,5,2010,7,0,50,0,6,4,GIBBS BRIDGE RD,,75,32.07376944,-82.474525000,0,34,0,0,1,1,4,0,2,1,0,1,0,0000000,88,88,88,88,88,88,0,0,0,1,1
13,130710,2,1,0,2,247,1320,14,5,2010,6,23,24,0,16,4,WILSON RD,,17,33.69520556,-83.997641670,0,34,0,0,1,1,4,0,2,1,0,1,0,0000000,23,24,23,32,0,36,0,0,0,1,1