STATE,ST_CASE,VE_TOTAL,VE_FORMS,PEDS,PERSONS,COUNTY,CITY,DAY,MONTH,YEAR,DAY_WEEK,HOUR,MINUTE,NHS,ROAD_FNC,ROUTE,TWAY_ID,TWAY_ID2,MILEPT,LATITUDE,LONGITUD,SP_JUR,HARM_EV,MAN_COLL,RELJCT1,RELJCT2,TYP_INT,REL_ROAD,WRK_ZONE,LGT_COND,WEATHER1,WEATHER2,WEATHER,SCH_BUS,RAIL,NOT_HOUR,NOT_MIN,ARR_HOUR,ARR_MIN,HOSP_HR,HOSP_MN,CF1,CF2,CF3,FATALS,DRUNK_DR
13,130711,2,2,0,3,51,4450,17,5,2010,2,16,16,1,11,1,I-16,,1558,32.08641111,-81.286822220,0,12,6,0,1,1,1,0,1,2,0,2,0,0000000,99,99,99,99,99,99,0,0,0,1,0
13,130712,2,2,0,2,151,0,20,5,2010,5,14,32,0,4,4,HAMPTON LOCUST GROVE,ROCKY CREEK RD,20,33.37643333,-84.240236110,0,12,6,0,2,2,1,0,1,1,0,1,0,0000000,99,99,99,99,99,99,0,0,0,1,1
13,130713,1,1,0,3,151,0,21,5,2010,6,19,21,0,15,4,FLOYD RD,,15,33.36368333,-84.279400000,0,35,0,0,1,1,4,0,1,10,0,10,0,0000000,19,21,19,21,21,24,0,0,0,2,0
13,130714,2,2,0,2,237,0,2,6,2010,4,13,0,0,13,3,SR-24,SR-44,97,33.29705556,-83.384719440,0,12,6,0,2,2,1,1,1,1,0,1,0,0000000,13,0,13,2,14,20,0,0,0,1,0
13,130715,2,2,0,2,247,1320,11,6,2010,6,6,50,0,14,3,SR-212,,38,33.60843611,-84.074813890,0,12,8,0,1,1,1,0,1,1,0,1,0,0000000,6,50,6,50,7,51,0,0,0,1,0
13,130716,1,1,0,2,247,0,17,6,2010,5,14,18,1,11,1,I-20,,9,33.68316111,-84.063080560,0,24,0,1,5,1,4,0,1,1,0,1,0,0000000,14,19,14,19,14,40,0,0,0,2,0
13,130717,1,1,1,1,121,4882,25,6,2010,6,22,58,0,14,3,SR-9,,82,33.88150556,-84.379800000,0,8,0,0,1,1,4,0,3,1,0,1,0,0000000,22,58,23,5,23,17,0,0,0,1,0
13,130718,1,1,0,2,127,0,26,6,2010,7,13,53,1,1,1,I-95,,388,31.26760278,-81.492913890,0,24,0,0,1,1,3,1,1,1,0,1,0,0000000,13,53,14,6,14,24,0,0,0,1,0
13,130719,1,1,0,1,103,2520,27,6,2010,1,20,52,0,4,3,SR-17,,61,32.22038889,-81.369294440,0,18,0,0,1,1,1,0,2,2,0,2,0,0000000,88,88,88,88,88,88,0,0,0,1,0
13,130720,1,1,0,1,151,0,16,7,2010,6,14,0,0,16,4,ELLIOTT RD,,0,33.50567500,-84.115633330,0,43,0,0,1,1,4,0,1,1,0,1,0,0000000,99,99,99,99,99,99,18,0,0,1,0
13,130721,2,2,0,2,175,1780,19,7,2010,2,16,9,0,3,3,SR-29,MARIE CHURCH RD,193,32.58641111,-82.942288890,0,12,6,0,2,2,1,0,1,1,0,1,0,0000000,99,99,99,99,99,99,0,0,0,1,1
13,130722,1,1,0,2,299,0,24,7,2010,7,16,4,0,4,4,JAMESTOWN RD,,44,31.32128889,-82.389700000,0,53,0,0,1,1,4,0,1,1,0,1,0,0000000,16,7,16,15,16,38,0,0,0,1,1
13,130723,1,1,0,3,135,0,26,7,2010,2,18,29,0,16,4,MONFORT RD,,7,33.94872222,-84.029536110,0,53,0,0,1,1,4,0,1,2,0,2,0,0000000,18,29,18,45,19,14,0,0,0,1,1
13,130724,1,1,0,2,51,4910,31,7,2010,7,3,29,0,15,6,E 52ND STREET,,23,32.04570556,-81.104127780,0,33,0,0,1,1,4,0,3,1,0,1,0,0000000,99,99,99,99,99,99,20,0,0,1,1
13,130725,3,2,0,7,39,0,2,8,2010,2,15,22,1,1,1,I-95,,220,31.05628889,-81.639908330,0,45,0,0,1,1,3,2,1,10,0,10,0,0000000,99,99,99,99,99,99,0,0,0,1,0
13,130726,1,1,0,1,157,2810,2,8,2010,2,7,0,0,19,4,W JEFFERSON ST,,99999,99.99990000,999.999900000,0,42,0,0,1,1,4,0,4,10,0,10,0,0000000,88,88,88,88,88,88,0,0,0,1,0
13,130727,1,1,0,2,185,0,2,8,2010,2,10,36,0,3,3,SR-31,,30,30.66888611,-83.316986110,0,53,0,0,1,1,4,0,1,10,0,10,0,0000000,99,99,99,99,99,99,0,0,0,1,0
13,130728,1,1,0,1,305,0,2,8,2010,2,21,17,0,3,3,SR-169,,119,31.76139722,-82.017102780,0,34,0,0,1,1,4,0,2,2,0,2,0,0000000,88,88,88,88,88,88,0,0,0,1,1
13,130729,1,1,0,1,103,5130,4,8,2010,4,6,55,0,3,3,SR-21,,100,32.34986667,-81.283055560,0,33,0,0,1,1,3,0,1,1,0,1,0,0000000,88,88,88,88,88,88,0,0,0,1,0
13,130730,1,1,0,2,113,0,5,8,2010,5,20,44,0,15,4,KENWOOD RD,,69,33.50985000,-84.457441670,0,35,0,0,1,1,4,0,5,1,0,1,0,0000000,20,44,20,49,22,5,0,0,0,1,1
13,130731,1,1,1,1,51,2290,7,8,2010,7,3,30,0,13,3,SR-25,,72,32.04057778,-81.198172220,0,8,0,0,1,1,1,0,2,10,0,10,0,0000000,88,88,88,88,88,88,0,0,0,1,0
13,130732,1,1,0,2,119,0,7,8,2010,7,17,42,1,1,1,I-85,,1740,34.45175000,-83.109577780,0,1,0,0,1,1,1,0,1,1,0,1,0,0000000,99,99,99,99,99,99,0,0,0,1,0
13,130733,1,1,0,2,153,4340,8,9,2010,4,8,14,1,1,1,I-75,,154,32.51104722,-83.742922220,0,42,0,0,1,1,6,0,1,1,0,1,0,0000000,8,14,8,25,10,13,0,0,0,2,0
13,130734,1,1,0,2,67,0,10,9,2010,6,3,48,0,15,4,KENNESAW DUE WEST,,15,33.99637222,-84.628544440,0,42,0,0,1,1,6,0,2,1,0,1,0,0000000,3,48,3,56,88,88,20,0,0,1,1
13,130735,1,1,0,1,263,0,10,9,2010,6,20,30,0,4,3,SR-315,,43,32.66394444,-84.625133330,0,35,0,0,1,1,6,0,2,1,0,1,0,0000000,20,30,20,57,88,88,0,0,0,1,0
13,130736,2,2,0,6,151,0,11,9,2010,7,21,45,0,5,4,LEGUIN MILL ROAD,CARDELL DRIVE,17,33.37611667,-84.070988890,0,12,8,0,2,3,1,0,2,10,0,10,0,0000000,21,53,21,53,23,10,0,0,0,1,1
13,130737,1,1,0,1,21,0,12,9,2010,1,6,44,0,4,4,HARTLEY BRIDGE ROAD,FULTON MILL ROAD,6,32.72283333,-83.767147220,0,42,0,0,3,3,6,0,4,10,0,10,0,0000000,88,88,88,88,88,88,0,0,0,1,0
13,130738,1,1,0,1,21,3390,12,9,2010,1,16,46,1,11,1,I-75,,99999,32.82482500,-83.657391670,0,24,0,0,1,1,4,0,1,1,0,1,0,0000000,16,46,16,57,17,3,0,0,0,1,0
13,130739,2,2,0,2,21,3390,12,9,2010,1,17,46,0,15,6,SECOND STREET,PEBBLE STREET,12,32.82181389,-83.641275000,0,12,6,0,2,2,1,0,1,1,0,1,0,0000000,17,46,17,49,18,6,0,0,0,1,0
13,130740,1,1,1,1,231,0,15,9,2010,4,7,10,0,4,3,SR-362,WOODCREEK ROAD,60,33.16994167,-84.403025000,0,8,0,0,3,2,1,0,4,1,0,1,0,0000000,7,14,7,22,88,88,0,0,0,1,0
13,130741,1,1,1,1,9,3620,19,9,2010,1,20,43,0,14,6,N. JEFFERSON STREET,,18,33.10660556,-83.230813890,0,8,0,0,1,1,1,0,3,1,0,1,0,0000000,20,45,20,50,21,5,0,0,0,1,0
13,130742,1,1,0,1,185,5680,21,9,2010,3,1,27,0,14,6,N. FORREST STREET,,6,30.84791389,-83.266475000,0,34,0,0,1,1,6,0,3,10,0,10,0,0000000,1,27,1,35,88,88,0,0,0,1,0
13,130743,3,3,0,3,57,920,22,9,2010,4,19,29,1,11,1,I-575 RAMP,SR-140,113,34.22345833,-84.484261110,0,12,6,1,2,2,1,0,1,1,0,1,0,0000000,19,32,19,44,20,12,0,0,0,1,0
13,130744,1,1,0,1,245,310,24,9,2010,6,11,40,1,11,1,I-520 RAMP,,32,33.45301667,-82.074544440,0,1,0,1,5,1,1,0,1,1,0,1,0,0000000,11,41,11,47,12,1,0,0,0,1,1
13,130745,2,2,0,3,63,4690,25,9,2010,7,11,40,0,13,3,SR-85,KING ROAD,44,33.57881944,-84.412036110,0,12,6,0,2,2,1,0,1,1,0,1,0,0000000,11,40,11,40,11,55,0,0,0,1,0
13,130746,1,1,0,1,97,0,25,9,2010,7,2,5,0,14,3,SR-8,,57,33.73047778,-84.811491670,0,33,0,0,1,1,6,0,2,1,0,1,0,0000000,2,5,2,12,88,88,0,0,0,1,0
13,130747,1,1,0,1,185,0,25,9,2010,7,0,36,1,1,1,I-75,,272,30.96401389,-83.379686110,0,25,0,0,1,1,3,1,2,1,0,1,0,0000000,0,36,0,52,1,19,0,0,0,1,0
13,130748,1,1,0,2,285,3050,25,9,2010,7,2,4,0,14,6,LUKKEN INDUSTRIAL DR,GORDEN COMMERCIAL DR,25,33.01746111,-85.068447220,0,30,0,0,2,3,6,0,3,1,0,1,0,0000000,2,8,2,10,2,39,0,0,0,1,1
13,130749,2,2,0,3,45,5730,26,9,2010,1,16,30,1,1,1,I-20,,153,33.72282222,-84.925111110,0,12,6,0,1,1,1,0,1,2,0,2,0,0000000,16,30,16,40,17,13,0,0,0,1,0
13,130750,2,2,0,3,177,0,8,8,2010,1,21,38,0,13,2,US-19 / SR-3,CREEKSIDE DR,30,31.66656111,-84.172875000,0,12,6,0,2,3,1,0,2,1,0,1,0,0000000,21,38,21,41,22,6,0,0,0,3,0
13,130751,1,1,0,1,89,0,26,9,2010,1,3,20,1,11,1,I-285,,208,33.69913611,-84.266144440,0,25,0,0,1,1,3,0,2,2,0,2,0,0000000,3,50,3,56,88,88,0,0,0,1,1
13,130752,1,1,0,1,87,0,9,8,2010,2,7,8,1,2,3,SR-1,,12,30.70535833,-84.390319440,0,34,0,0,1,1,4,0,1,10,0,10,0,0000000,99,99,99,99,99,99,0,0,0,1,0
13,130753,1,1,0,4,175,1780,26,9,2010,1,14,10,1,1,1,I-16,,151,32.49655000,-82.974713890,0,7,0,0,1,1,6,0,1,10,0,10,0,0000000,88,88,88,88,88,88,0,0,0,1,0
13,130754,2,2,0,2,275,5460,9,8,2010,2,18,54,0,13,3,SR-300 / SR-3,,155,30.98507778,-84.040969440,0,12,1,0,1,1,1,0,1,1,0,1,0,0000000,18,54,19,4,19,35,0,0,0,1,0
13,130755,2,2,0,2,111,3770,11,8,2010,4,12,35,1,2,2,US-76 / SR-2,LOVING RD,103,34.88888333,-84.223552780,0,12,6,0,2,2,1,0,1,1,0,1,0,0000000,88,88,88,88,88,88,0,0,0,1,0
13,130756,1,1,0,3,29,0,27,9,2010,2,12,6,1,1,1,I-16,,52,32.17926389,-81.457186110,0,34,0,0,1,1,6,0,1,2,0,2,0,0000000,88,88,88,88,88,88,0,0,0,1,0
13,130757,1,1,0,1,123,2000,11,8,2010,4,17,14,0,4,3,SR-136,,5,34.57847500,-84.648144440,0,34,0,0,1,1,4,0,1,1,0,1,0,0000000,88,88,88,88,88,88,0,0,0,1,1
13,130758,2,2,0,2,31,5170,27,9,2010,2,19,42,0,4,6,LAKE VIEW ROAD,METTS ROAD,55,32.53679167,-81.786066670,0,12,6,0,2,2,1,0,2,2,0,2,0,0000000,19,42,19,51,20,22,0,0,0,1,0
13,130759,2,2,0,3,199,0,11,8,2010,4,7,54,0,9,3,SR-74,,99999,99.99990000,999.999900000,0,12,2,0,1,1,1,0,1,1,0,1,0,0000000,7,54,8,5,99,99,0,0,0,1,0
13,130760,2,2,1,2,97,0,27,9,2010,2,20,26,0,14,3,SR-92,,132,33.77600833,-84.747269440,0,8,0,0,1,1,1,0,2,10,0,10,0,0000000,20,26,20,34,88,88,0,0,0,1,0
13,130761,2,2,0,3,45,0,28,9,2010,3,14,49,0,4,3,SR-8,,44,33.73783056,-84.975986110,0,12,6,0,4,1,1,0,1,1,0,1,0,0000000,14,53,15,9,15,33,0,0,0,1,0
13,130762,5,5,0,8,237,0,11,8,2010,4,14,19,1,2,2,US-441 / SR-24,,212,33.42604167,-83.370222220,0,12,8,0,1,1,1,0,1,1,0,1,0,0000000,14,20,14,29,15,45,0,0,0,1,1
13,130763,5,5,0,7,15,0,29,9,2010,4,17,34,1,2,3,SR-20,,174,34.20569722,-84.771044440,0,12,2,0,1,1,1,0,1,1,0,1,0,0000000,17,34,17,38,17,50,0,0,0,1,0
13,130764,2,2,0,4,51,2290,13,8,2010,6,12,50,0,13,2,US-80/SR-26,CHATHAM PKWY,108,32.08687500,-81.159300000,0,12,6,0,2,3,1,0,1,1,0,1,0,0000000,99,99,99,99,99,99,0,0,0,2,0
13,130765,1,1,1,3,233,4730,14,8,2010,7,0,20,0,3,3,SR-6BU / PIEDMONT AV,LANE ST,28,34.00648056,-85.041555560,0,9,0,0,2,9,1,0,3,1,0,1,0,0000000,0,20,0,20,1,26,0,0,0,1,1
13,130766,1,1,0,4,133,0,16,8,2010,2,20,54,0,3,2,US-278 / SR-12,,131,33.58874444,-83.150694440,0,43,0,0,1,1,4,0,1,1,0,1,0,0000000,99,99,99,99,99,99,0,0,0,3,1
13,130767,2,2,0,3,195,2850,17,8,2010,3,8,29,0,3,3,SR-106,,127,34.20821389,-83.282961110,0,53,0,0,1,1,4,0,1,2,0,2,0,0000000,8,36,8,44,9,24,0,0,0,1,0
13,130768,1,1,0,1,21,0,21,8,2010,7,12,57,1,11,1,I-475,,96,32.87734722,-83.765908330,0,24,0,1,5,1,4,0,1,1,0,1,0,0000000,88,88,88,88,88,88,0,0,0,1,0
13,130769,2,2,0,3,109,1490,21,8,2010,7,14,19,0,2,3,SR-30,,95,32.15158889,-81.800586110,0,12,8,0,1,1,1,0,1,1,0,1,0,0000000,14,19,14,24,14,39,0,0,0,1,1
13,130770,1,1,0,3,157,0,22,8,2010,1,14,12,0,5,4,SANFORD RD,,18,34.10320556,-83.392883330,0,38,0,0,1,1,4,0,1,1,0,1,0,0000000,99,99,99,99,99,99,0,0,0,1,1
13,130771,2,2,0,6,89,0,24,8,2010,3,4,15,1,11,1,I-285,,235,33.69196944,-84.295586110,0,12,99,0,1,1,1,0,2,1,0,1,0,0000000,4,15,4,30,4,56,0,0,0,1,1
13,130772,2,2,0,2,49,9997,27,8,2010,6,20,45,1,2,2,US-1 / SR-4,,169,30.98903333,-82.124497220,0,12,2,0,1,1,1,0,2,1,0,1,0,0000000,99,99,99,99,99,99,0,0,0,2,0
13,130773,1,1,0,1,179,0,28,8,2010,7,99,99,0,6,4,BRIAR BAY RD,,80,31.71862222,-81.484544440,0,1,0,0,1,1,1,0,1,10,0,10,0,0000000,88,88,88,88,88,88,6,0,0,1,1
13,130774,1,1,0,1,191,0,28,8,2010,7,99,99,0,9,4,EAST WEST AUTOBAN,,99999,99.99990000,999.999900000,0,34,0,0,1,1,4,0,2,1,0,1,0,0000000,88,88,88,88,88,88,0,0,0,1,1
13,130775,2,1,0,1,121,4790,29,8,2010,1,8,17,0,9,6,DOGWOOD RD,,99999,34.02202778,-84.330569440,0,33,0,0,1,1,4,0,1,1,0,1,0,0000000,8,19,8,24,9,4,0,0,0,1,0
13,130776,1,1,0,1,135,0,30,8,2010,2,4,18,1,11,1,I-85,,159,34.04380556,-84.032105560,0,52,0,0,1,1,3,2,2,1,0,1,0,0000000,88,88,88,88,88,88,99,99,99,1,0
13,130777,3,3,1,3,121,5640,31,8,2010,3,5,46,1,11,1,I-85,,86,33.58482500,-84.513230560,0,12,1,0,1,1,1,0,2,1,0,1,0,0000000,5,46,6,0,6,15,0,0,0,1,0
13,130778,2,2,0,2,139,0,6,7,2010,3,11,40,0,13,3,SR-60,I-985,75,34.26808611,-83.818902780,0,12,6,1,2,3,1,0,1,1,0,1,0,0000000,99,99,99,99,99,99,0,0,0,1,0
13,130779,1,1,0,2,299,0,5,8,2010,5,2,30,0,14,4,AUGUSTA AVENUE,,5,31.22223333,-82.388147220,0,31,0,0,1,1,6,0,2,1,0,1,0,0000000,2,33,2,37,3,23,0,0,0,1,1
13,130780,1,1,0,1,215,1280,13,8,2010,6,5,11,0,16,6,GATEWAY ROAD,,4,32.52566667,-84.889038890,0,34,0,0,1,1,6,0,2,10,0,10,0,0000000,88,88,88,88,88,88,0,0,0,1,1
13,130781,1,1,0,2,91,0,30,8,2010,2,12,48,1,13,3,SR-27,,110,32.18481944,-83.170538890,0,34,0,0,1,1,6,0,1,1,0,1,0,0000000,99,99,99,99,99,99,0,0,0,1,0
13,130782,2,2,0,8,85,1590,1,9,2010,4,10,26,0,19,2,US-19,,99999,99.99990000,999.999900000,0,12,6,0,8,1,1,0,1,1,0,1,0,0000000,10,27,10,35,11,17,0,0,0,1,0
13,130783,2,2,0,3,57,0,4,9,2010,7,14,53,1,2,3,SR-20,,18,34.22205000,-84.622847220,0,12,2,0,1,1,1,0,1,1,0,1,0,0000000,14,53,14,53,15,40,0,0,0,1,0
13,130784,2,2,0,5,121,280,4,9,2010,7,3,37,1,11,1,I-20,,10,33.75086389,-84.454836110,0,12,1,0,1,1,1,0,2,1,0,1,0,0000000,3,40,3,44,4,3,0,0,0,1,1
13,130785,2,2,0,2,185,5680,5,9,2010,1,9,28,0,14,3,SR-125,SR-7,0,30.88265000,-83.273438890,0,12,6,0,2,2,1,0,1,1,0,1,0,0000000,99,99,99,99,99,99,0,0,0,1,0
13,130786,1,1,0,2,295,0,5,9,2010,1,13,46,0,4,3,SR-193,,69,34.74559722,-85.338341670,0,24,0,0,1,1,4,0,1,1,0,1,0,0000000,13,46,13,59,15,5,0,0,0,1,0
13,130787,2,2,0,3,297,0,5,9,2010,1,4,14,0,14,3,SR-138,,34,33.75031944,-83.835597220,0,12,2,0,1,1,1,0,2,1,0,1,0,0000000,4,15,4,25,4,58,0,0,0,1,2
13,130788,1,1,0,1,173,0,6,9,2010,2,2,6,0,4,3,SR-122,,99999,99.99990000,999.999900000,0,53,0,0,1,1,4,0,2,1,0,1,0,0000000,88,88,88,88,88,88,0,0,0,1,1
13,130789,1,1,0,1,151,0,7,9,2010,3,11,59,1,11,1,I-75,,159,33.50235833,-84.227038890,0,42,0,0,1,1,3,0,1,1,0,1,0,0000000,88,88,88,88,88,88,0,0,0,1,0
13,130790,2,2,0,2,45,0,1,10,2010,6,8,58,0,3,3,SR-166,,32,33.56405278,-85.210819440,0,12,6,0,1,1,1,0,1,1,0,1,0,0000000,8,58,9,6,9,49,0,0,0,1,0
13,130791,2,2,0,3,253,1740,1,10,2010,6,11,25,1,2,6,3RD STREET,,50,31.04043333,-84.882108330,0,12,1,0,1,1,1,0,1,1,0,1,0,0000000,99,99,99,99,99,99,0,0,0,1,0
13,130792,2,2,0,2,97,0,3,10,2010,1,0,8,1,11,1,I-20,,136,33.75380000,-84.705727780,0,12,7,0,1,1,1,0,2,1,0,1,0,0000000,88,88,88,88,88,88,0,0,0,1,1
13,130793,1,1,0,16,45,970,4,10,2010,2,13,39,0,4,3,SR-113,,99999,99.99990000,999.999900000,0,32,0,0,1,1,6,0,1,1,0,1,1,0000000,13,39,13,52,15,26,0,0,0,1,0
13,130794,2,2,0,2,47,0,5,10,2010,3,19,28,0,14,3,SR-2,,75,34.92795278,-85.148913890,0,12,1,0,1,1,1,0,5,1,0,1,0,0000000,19,28,19,33,20,28,0,0,0,1,1
13,130795,4,4,0,5,89,0,5,10,2010,3,20,16,0,14,4,REDAN ROAD,MARTIN ROAD,48,33.75975833,-84.178491670,0,12,1,0,2,3,1,0,2,1,0,1,0,0000000,20,18,20,30,21,14,0,0,0,1,0
13,130796,1,1,0,3,217,0,5,10,2010,3,13,20,1,11,1,I-20,,88,33.61083056,-83.807508330,0,1,0,0,1,1,3,0,1,1,0,1,0,0000000,13,20,13,26,14,0,0,0,0,1,0
13,130797,1,1,0,1,233,0,5,10,2010,3,8,8,1,2,3,SR-1,,156,34.08920278,-85.237041670,0,59,0,0,1,1,6,1,1,1,0,1,0,0000000,8,8,8,14,88,88,0,0,0,1,0
13,130798,1,1,0,1,245,310,5,10,2010,3,22,33,1,13,3,SR-121,PINE HAVEN ROAD,115,33.39361389,-82.026563890,0,33,0,0,3,3,3,0,3,1,0,1,0,0000000,22,35,22,41,88,88,0,0,0,1,1
13,130799,1,1,1,1,89,0,6,10,2010,4,6,25,0,14,3,SR-42,BRIARCLIFF ROAD,131,33.82761111,-84.329788890,0,8,0,0,3,2,1,0,3,1,0,1,0,0000000,6,27,6,35,7,0,0,0,0,1,0
13,130800,2,2,0,6,151,3220,6,10,2010,4,17,18,0,3,3,SR-42,,131,33.34117778,-84.100900000,0,12,1,0,1,1,1,0,1,1,0,1,0,0000000,17,21,17,31,18,13,0,0,0,1,0
13,130801,1,1,1,1,247,0,7,10,2010,5,17,43,0,14,4,STANTON ROAD,,8,33.60477222,-84.024211110,0,8,0,0,1,1,1,0,1,1,0,1,0,0000000,17,47,17,47,18,1,0,0,0,1,0
13,130802,1,1,0,1,55,0,8,10,2010,6,15,12,1,2,3,SR-1,,67,34.47118333,-85.302958330,0,35,0,0,1,1,6,1,1,1,0,1,0,0000000,15,12,15,19,99,99,0,0,0,1,0
13,130803,2,2,0,3,175,0,8,10,2010,6,8,0,0,4,4,DUBLIN EASTMAN ROAD,SPRINGHAVEN ROAD,85,32.45118611,-83.009305560,0,12,6,0,2,2,1,0,1,1,0,1,0,0000000,9,17,9,21,10,38,0,0,0,1,0
13,130804,2,2,0,3,73,0,9,10,2010,7,18,42,0,14,4,WHEELER ROAD,TOWER DRIVE,9,33.48786667,-82.124155560,0,12,2,0,2,2,1,0,1,1,0,1,0,0000000,18,43,18,44,20,16,0,0,0,1,0
13,130805,1,1,1,1,135,0,9,10,2010,7,9,4,0,16,4,BEAVER ROAD,,11,99.99990000,999.999900000,0,8,0,0,1,1,1,0,1,1,0,1,0,0000000,9,4,9,9,9,35,0,0,0,1,0
13,130806,2,2,0,5,135,0,9,10,2010,7,11,50,0,15,4,OLD NORCROSS ROAD,CRUSE ROAD,31,33.95245556,-84.058113890,0,12,6,0,2,2,1,0,1,1,0,1,0,0000000,11,50,11,56,12,30,0,0,0,1,0
13,130807,2,2,0,3,113,0,11,10,2010,2,8,51,0,6,4,MCBRIDE ROAD,ANTIOCH ROAD,0,33.38736944,-84.443719440,0,12,6,0,2,2,1,0,1,1,0,1,0,0000000,8,51,8,57,9,35,0,0,0,1,0
13,130808,1,1,0,1,227,0,12,10,2010,3,23,22,0,4,3,SR-136,,28,34.52029444,-84.569319440,0,35,0,0,1,1,6,1,2,1,0,1,0,0000000,23,22,23,34,88,88,0,0,0,1,1
13,130809,1,1,0,1,45,0,13,10,2010,4,7,38,0,3,3,SR-166,,96,33.56305000,-85.200969440,0,35,0,0,1,1,6,1,1,1,0,1,0,0000000,7,38,7,49,8,18,0,0,0,1,0
13,130810,2,2,0,2,67,320,13,10,2010,4,21,47,1,13,3,SR-278,,69,33.82186944,-84.659850000,0,12,1,0,1,1,1,0,2,1,0,1,0,0000000,21,47,22,5,22,40,0,0,0,1,0
13,130811,1,1,1,1,59,270,16,10,2010,7,22,55,0,14,6,TALLASSEE ROAD,,38,33.96941667,-83.440047220,0,8,0,0,1,1,1,0,2,1,0,1,0,0000000,22,55,23,1,23,15,0,0,0,1,0
13,130812,1,1,1,1,121,4882,17,10,2010,1,3,11,1,12,3,SR-400,,139,34.00918056,-84.333908330,0,8,0,0,1,1,1,0,2,1,0,1,0,0000000,3,12,3,21,88,88,0,0,0,1,0
13,130813,2,2,0,5,223,0,17,10,2010,1,13,14,0,4,4,MULBERRY ROCK ROAD,,14,33.83725278,-84.953541670,0,12,6,0,8,1,1,0,1,1,0,1,0,0000000,13,14,13,23,99,99,0,0,0,1,0
13,130814,4,4,0,6,51,4475,21,10,2010,5,17,46,1,11,1,I-95,,152,32.17781111,-81.205680560,0,12,1,0,1,1,1,0,1,1,0,1,0,0000000,17,49,17,56,18,45,0,0,0,1,0
13,130815,1,1,0,1,295,0,21,10,2010,5,13,49,0,6,4,VILLANOW MILL CREEK,,19,34.69852500,-85.068897220,0,38,0,0,1,1,6,0,1,1,0,1,0,0000000,13,49,14,13,88,88,0,0,0,1,0
13,130817,1,1,0,1,143,0,24,10,2010,1,6,33,0,4,4,MORGAN ROAD,,22,33.78114444,-85.138763890,0,42,0,0,1,1,6,0,2,1,0,1,0,0000000,6,33,6,36,88,88,0,0,0,1,0
13,130818,2,2,0,4,15,0,25,10,2010,2,15,48,0,3,3,SR-140,,4,34.36876667,-84.998688890,0,12,2,0,1,1,1,0,1,10,0,10,0,0000000,15,48,15,55,17,11,0,0,0,4,0
13,130819,2,2,0,2,261,3140,25,10,2010,2,22,9,1,2,3,SR-30,,185,32.04482222,-84.179005560,0,12,6,0,1,1,1,0,2,10,0,10,0,0000000,22,9,22,28,23,23,0,0,0,1,0
13,130820,1,1,1,1,121,2060,28,10,2010,5,4,16,0,13,3,SR-74,MEADOW GLENN PARKWAY,99999,33.53606389,-84.576938890,0,8,0,1,3,3,1,0,2,2,0,2,0,0000000,4,16,4,27,88,88,0,0,0,1,0
13,130821,1,1,1,0,135,0,29,10,2010,6,12,38,0,16,4,AMBER CREEK DRIVE,,2,34.05102500,-83.939775000,0,8,0,0,1,1,1,0,1,1,0,1,0,0000000,88,88,88,88,88,88,0,0,0,1,0
13,130822,1,1,0,2,135,0,1,11,2010,2,19,56,0,16,4,MCDONOUGH DRIVE,YOUNG COURT,5,33.90714444,-84.215655560,0,33,0,0,3,3,6,0,2,1,0,1,0,0000000,19,56,20,1,20,24,0,0,0,1,1
13,130823,1,1,0,1,121,120,4,10,2010,2,11,21,1,12,3,SR-400,,163,34.03927222,-84.311613890,0,24,0,1,19,1,6,0,1,10,0,10,0,0000000,11,22,11,30,88,88,0,0,0,1,0
13,130824,1,1,0,1,121,280,7,5,2010,6,14,17,1,11,1,I-20 EB,,16,33.76533889,-84.510708330,0,35,0,0,1,1,4,0,1,1,0,1,0,0000000,99,99,99,99,99,99,0,0,0,1,0
13,130825,2,2,0,4,77,0,23,5,2010,1,2,19,0,6,3,SR-34,,99999,99.99990000,999.999900000,0,5,0,0,1,1,1,0,6,1,0,1,0,0000000,88,88,88,88,88,88,14,0,0,1,1
13,130826,1,1,1,2,21,3390,4,6,2010,6,1,11,0,14,6,HOUSTON AVE,QUINLAN DR,24,32.80499722,-83.649213890,0,8,0,0,3,3,1,0,3,1,0,1,0,0000000,1,14,1,18,1,38,0,0,0,1,0
13,130827,1,1,0,1,157,670,24,6,2010,5,14,5,0,19,6,FRIENDSHIP RD,,99999,34.10574722,-83.872997220,0,18,0,0,1,1,5,0,1,1,0,1,0,0000000,14,5,14,10,14,35,3,0,0,1,0
13,130828,2,2,0,4,51,4910,24,7,2010,7,10,14,0,13,6,E ANDERSON ST,WATERS AVE,15,32.05806944,-81.081811110,0,12,6,0,2,2,1,0,1,1,0,1,0,0000000,10,14,10,15,10,30,0,0,0,1,0
13,130829,5,5,0,9,77,3950,27,8,2010,6,15,30,0,13,3,SR-34 BYP,,60,33.39580833,-84.760894440,0,12,7,0,1,1,1,0,1,1,0,1,0,0000000,15,30,15,34,15,56,0,0,0,1,0
13,130830,1,1,1,1,89,5580,2,9,2010,5,99,99,0,14,3,SR-236 / LAVISTA RD,,99999,99.99990000,999.999900000,0,8,0,0,1,1,1,0,9,99,0,99,0,0000000,88,88,88,88,88,88,0,0,0,1,0
13,130831,1,1,1,1,179,0,3,9,2010,6,20,40,0,6,4,ISLE OF WIGHT RD,,30,31.81487222,-81.362927780,0,9,0,0,1,1,1,0,2,1,0,1,0,0000000,99,99,99,99,99,99,0,0,0,1,0