STATE,ST_CASE,VE_TOTAL,VE_FORMS,PEDS,PERSONS,COUNTY,CITY,DAY,MONTH,YEAR,DAY_WEEK,HOUR,MINUTE,NHS,ROAD_FNC,ROUTE,TWAY_ID,TWAY_ID2,MILEPT,LATITUDE,LONGITUD,SP_JUR,HARM_EV,MAN_COLL,RELJCT1,RELJCT2,TYP_INT,REL_ROAD,WRK_ZONE,LGT_COND,WEATHER1,WEATHER2,WEATHER,SCH_BUS,RAIL,NOT_HOUR,NOT_MIN,ARR_HOUR,ARR_MIN,HOSP_HR,HOSP_MN,CF1,CF2,CF3,FATALS,DRUNK_DR
13,130832,2,2,1,1,7,0,6,9,2010,2,22,40,0,4,3,SR-200,,9,99.99990000,999.999900000,0,8,0,0,1,1,1,0,2,1,0,1,0,0000000,99,99,99,99,99,99,0,0,0,1,0
13,130833,1,1,0,2,179,0,9,9,2010,5,16,32,1,1,1,I-95 NB,,103,31.78881389,-81.375925000,0,1,0,0,1,1,1,0,1,1,0,1,0,0000000,99,99,99,99,99,99,0,0,0,2,0
13,130834,1,1,0,1,285,3050,9,9,2010,5,17,8,1,1,1,I-185 SB,,39,32.93881944,-84.954850000,0,23,0,0,1,1,4,0,1,1,0,1,0,0000000,99,99,99,99,99,99,0,0,0,1,0
13,130835,1,1,0,1,71,3800,10,9,2010,6,20,35,0,6,4,BAY RD,,40,31.20619444,-83.926855560,0,34,0,0,1,1,5,0,2,1,0,1,0,0000000,88,88,88,88,88,88,0,0,0,1,1
13,130836,2,2,3,1,277,5490,10,9,2010,6,9,17,1,13,2,US-319 / SR-35,,92,31.43353333,-83.534911110,0,12,2,0,1,1,1,0,1,1,0,1,0,0000000,9,21,9,29,9,42,14,0,0,1,0
13,130837,2,2,0,4,285,0,11,9,2010,7,10,32,0,14,3,SR-14 SP,COOLEY RD,15,33.01594167,-85.005641670,0,12,6,0,2,2,1,0,1,1,0,1,0,0000000,10,32,10,39,11,4,0,0,0,1,0
13,130838,2,2,0,5,285,3050,11,9,2010,7,17,28,1,1,1,I-85 SB,,81,32.97533333,-85.060594440,0,12,7,0,1,1,1,0,1,1,0,1,0,0000000,17,29,17,37,19,2,0,0,0,1,0
13,130839,2,2,0,3,51,4910,12,9,2010,1,9,16,0,14,6,LIBERTY ST,PRICE ST,2,32.07326111,-81.088294440,0,12,6,0,2,2,1,0,1,10,0,10,0,0000000,9,19,9,26,9,48,0,0,0,1,0
13,130840,2,2,0,2,103,0,14,9,2010,3,15,1,0,4,4,SANDHILL RD,,13,32.20263333,-81.391675000,0,12,8,0,1,1,2,0,1,1,0,1,0,0000000,88,88,88,88,88,88,0,0,0,1,0
13,130841,2,1,1,2,71,0,17,9,2010,6,23,5,0,3,3,SR-33,,201,31.31203056,-83.826369440,0,8,0,0,1,1,2,0,2,1,0,1,0,0000000,23,11,23,22,0,1,0,0,0,1,1
13,130842,1,1,1,5,135,0,17,9,2010,6,20,12,0,14,3,SR-124 / BRASELTON H,JIM MOORE RD,252,34.06922778,-83.905925000,0,8,0,0,3,1,1,2,2,1,0,1,0,0000000,20,12,20,18,20,47,0,0,0,1,0
13,130843,1,1,0,1,275,0,18,9,2010,7,7,12,1,2,3,SR-3,,208,99.99990000,999.999900000,0,34,0,0,1,1,5,0,2,1,0,1,0,0000000,88,88,88,88,88,88,0,0,0,1,1
13,130844,1,1,0,2,61,0,19,9,2010,1,12,50,0,9,4,CR-20,,99999,31.54500278,-84.884533330,0,42,0,0,1,1,4,0,1,1,0,1,0,0000000,88,88,88,88,88,88,0,0,0,2,0
13,130845,1,1,0,2,285,0,19,9,2010,1,16,0,1,1,1,I-85,,4,32.87570278,-85.154147220,0,1,0,0,1,1,1,0,1,1,0,1,0,0000000,99,99,99,99,99,99,0,0,0,1,0
13,130846,3,2,0,2,153,4340,20,9,2010,2,11,54,0,6,4,SANDEFUR RD,,13,32.53047778,-83.697052780,0,12,2,0,1,1,1,1,1,1,0,1,0,0000000,11,55,12,5,12,58,0,0,0,1,0
13,130847,2,2,0,2,197,790,20,9,2010,2,18,10,0,6,4,FT PERRY RD/CR-48,SADDLE TRAIL,19,32.50149167,-84.468361110,0,12,1,0,3,3,1,0,1,1,0,1,0,0000000,88,88,88,88,88,88,0,0,0,1,0
13,130848,1,1,0,2,277,0,20,9,2010,2,8,40,1,1,1,I-75 NB,,193,31.58078333,-83.552666670,0,34,0,0,1,1,4,0,1,1,0,1,0,0000000,8,42,8,50,9,6,0,0,0,1,0
13,130849,2,2,0,3,215,1280,21,9,2010,3,7,34,1,11,1,I-185,,10,32.42000556,-84.927638890,0,25,0,0,1,1,3,1,1,1,0,1,0,0000000,7,34,7,41,88,88,0,0,0,1,0
13,130850,2,2,0,3,39,3010,24,9,2010,6,14,25,1,11,1,I-95,,33,30.79251944,-81.659680560,0,12,2,0,1,1,1,0,1,1,0,1,0,0000000,14,27,14,30,15,20,0,0,0,1,0
13,130851,2,2,0,3,217,0,26,9,2010,1,19,22,0,14,3,SR-20,,22,33.53238611,-84.025861110,0,12,6,0,1,1,1,0,2,2,0,2,0,0000000,99,99,99,99,99,99,0,0,0,2,0
13,130852,2,2,0,3,317,0,27,9,2010,2,13,28,0,3,3,SR-47,SR-10,93,33.72641389,-82.714961110,0,12,6,0,2,2,1,0,1,1,0,1,0,0000000,13,28,13,32,14,50,0,0,0,1,0
13,130853,2,2,0,2,51,0,30,9,2010,5,6,30,0,14,3,SR-17,SR-204,0,32.00000556,-81.248563890,0,12,6,0,2,3,1,0,4,10,0,10,0,0000000,99,99,99,99,99,99,0,0,0,1,0
13,130854,1,1,0,1,227,0,1,10,2010,6,21,6,0,4,3,SR-136,,2,34.53072778,-84.570405560,0,35,0,0,1,1,4,1,2,1,0,1,0,0000000,21,6,21,15,88,88,0,0,0,1,1
13,130855,1,1,0,1,95,90,2,10,2010,7,7,53,0,13,3,SR-3,,99999,31.61666111,-84.177438890,0,24,0,0,5,1,4,0,2,1,0,1,0,0000000,7,53,7,57,9,3,0,0,0,1,0
13,130856,2,2,0,4,77,0,3,10,2010,1,23,44,0,14,3,SR-34,SULLIVAN RD,175,33.40452778,-84.707050000,0,12,2,0,3,3,1,0,2,1,0,1,0,0000000,23,46,23,59,1,0,0,0,0,1,1
13,130857,3,3,0,7,77,0,6,10,2010,4,13,1,0,14,3,SR-34,SULLIVAN RD,175,33.40453056,-84.707055560,0,12,6,0,2,9,1,0,1,1,0,1,0,0000000,13,3,13,5,13,38,19,0,0,1,0
13,130858,1,1,0,2,121,280,6,10,2010,4,16,34,1,11,1,I-285,,89,33.73743611,-84.500777780,0,24,0,0,1,1,4,0,1,1,0,1,0,0000000,99,99,99,99,99,99,0,0,0,1,0
13,130859,1,1,0,1,137,0,2,9,2010,5,22,3,0,2,3,SR-419 / SR-365,,138,34.57559167,-83.464019440,0,1,0,0,1,1,4,0,2,1,0,1,0,0000000,99,99,99,99,99,99,0,0,0,1,1
13,130860,1,1,2,1,139,0,4,9,2010,7,6,45,0,15,4,SLOAN MILL RD,,0,34.21261667,-83.837902780,0,9,0,0,1,1,1,0,4,10,0,10,0,0000000,99,99,99,99,99,99,0,0,0,1,0
13,130861,2,1,1,2,151,2560,5,9,2010,1,22,5,1,13,3,SR-3,,52,33.39959167,-84.311958330,0,8,0,0,1,1,1,0,3,1,0,1,0,0000000,88,88,88,88,88,88,14,0,0,1,0
13,130862,1,1,0,2,179,3590,8,9,2010,4,19,53,0,4,4,DORCHESTER VILLAGE R,,1,31.76017500,-81.366783330,0,32,0,0,1,1,4,0,2,1,0,1,0,0000000,99,99,99,99,99,99,0,0,0,1,1
13,130863,2,2,0,6,123,2000,11,9,2010,7,18,54,0,3,3,SR-282,,4,34.66516667,-84.650119440,0,12,2,0,1,1,1,0,1,2,0,2,0,0000000,99,99,99,99,99,99,0,0,0,2,0
13,130864,1,1,0,1,139,0,11,9,2010,7,1,8,0,13,3,SR-369,,108,34.31621944,-83.788588890,0,33,0,1,18,1,3,2,2,1,0,1,0,0000000,99,99,99,99,99,99,0,0,0,1,1
13,130865,1,1,1,1,185,0,11,9,2010,7,1,45,0,6,4,WHITE WATER RD,,28,30.73982778,-83.267347220,0,8,0,0,1,1,1,0,2,1,0,1,0,0000000,88,88,88,88,88,88,0,0,0,2,1
13,130866,1,1,0,1,311,0,12,9,2010,1,12,8,0,4,4,SKY LAKE RD,,99999,34.73045833,-83.663355560,0,34,0,0,1,1,5,0,1,1,0,1,0,0000000,88,88,88,88,88,88,99,99,99,1,0
13,130867,1,1,0,5,123,2000,15,9,2010,4,16,4,0,2,3,SR-515,,142,34.72206944,-84.443388890,0,34,0,0,1,1,3,0,1,1,0,1,0,0000000,16,4,16,11,16,40,0,0,0,2,0
13,130868,3,3,0,3,77,0,18,9,2010,7,7,26,0,14,3,SR-16,,110,33.34126667,-84.669205560,0,12,6,0,1,1,1,0,1,1,0,1,0,0000000,7,26,7,32,99,99,0,0,0,1,1
13,130869,1,1,0,1,123,2000,21,9,2010,3,9,19,0,6,4,WEEKS RD,,99999,34.72788333,-84.507625000,0,42,0,0,1,1,4,0,1,1,0,1,0,0000000,99,99,99,99,99,99,0,0,0,1,0
13,130870,1,1,0,1,211,0,24,9,2010,6,22,30,1,1,1,I-20,,18,33.59727500,-83.642661110,0,42,0,0,1,1,4,0,1,1,0,1,0,0000000,88,88,88,88,88,88,0,0,0,1,0
13,130871,1,1,0,1,221,0,24,9,2010,6,19,15,0,3,3,SR-77,,197,33.88516111,-83.061686110,0,1,0,0,1,1,1,0,5,1,0,1,0,0000000,19,15,19,22,88,88,0,0,0,1,0
13,130872,1,1,0,1,97,0,25,9,2010,7,14,46,0,3,3,SR-166,,1,33.60610278,-84.902441670,0,35,0,0,1,1,4,0,1,1,0,1,0,0000000,88,88,88,88,88,88,0,0,0,1,0
13,130873,1,1,0,1,153,0,25,9,2010,7,1,46,0,14,4,OLD HAWKINSVILLE RD,,5,32.54997778,-83.578930560,0,34,0,0,1,1,4,0,2,1,0,1,0,0000000,1,46,2,1,2,36,0,0,0,1,1
13,130874,1,1,0,1,291,540,30,9,2010,5,9,20,1,2,3,SR-11,,217,34.95578889,-84.054808330,0,32,0,0,1,1,4,0,1,2,0,2,0,0000000,88,88,88,88,88,88,0,0,0,1,0
13,130875,1,1,0,2,207,0,2,10,2010,7,3,7,0,6,4,KLOPFER RD,,2,32.94838889,-83.795733330,0,32,0,0,1,1,4,0,2,1,0,1,0,0000000,3,7,3,9,4,5,0,0,0,1,0
13,130876,1,1,1,1,63,0,18,6,2010,6,99,99,0,13,3,SR-138,,99999,99.99990000,999.999900000,9,8,0,0,1,1,1,0,6,99,0,99,0,0000000,88,88,88,88,88,88,0,0,0,1,0
13,130877,1,1,0,1,89,0,29,8,2010,1,20,19,0,5,4,KINGSHIP DR,COURTNEY PL,99999,33.65831389,-84.227300000,0,33,0,0,2,9,4,0,5,1,0,1,0,0000000,20,21,20,23,20,40,0,0,0,1,0
13,130878,1,1,0,2,285,0,13,8,2010,6,18,40,0,5,4,NEW HUTCHISON MILL,,20,32.96467500,-85.072738890,0,35,0,0,1,1,6,0,1,1,0,1,0,0000000,18,41,18,49,19,30,0,0,0,1,0
13,130879,2,2,0,5,45,970,25,9,2010,7,11,41,0,14,6,NEWNAN ROAD,OLYMPIC DRIVE,99999,99.99990000,999.999900000,0,12,6,0,2,3,1,0,1,1,0,1,0,0000000,11,41,11,45,12,34,0,0,0,1,0
13,130880,1,1,0,1,51,2290,27,9,2010,2,4,21,0,13,3,SR-26,MAIN STREET,122,32.09775556,-81.140791670,0,33,0,0,3,2,6,0,3,10,0,10,0,0000000,88,88,88,88,88,88,0,0,0,1,0
13,130881,1,1,1,1,21,3390,1,10,2010,6,19,56,0,16,6,HALL ST,,4,32.85249722,-83.605597220,0,8,0,0,1,1,1,0,2,1,0,1,0,0000000,19,56,20,2,20,22,0,0,0,1,1
13,130882,2,2,0,7,157,1300,29,9,2010,4,18,45,1,13,3,SR-15,SR-326,144,34.21336389,-83.441827780,0,12,6,0,2,2,1,2,1,2,0,2,0,0000000,18,56,19,13,19,43,0,0,0,2,0
13,130883,1,1,0,1,137,0,1,10,2010,6,7,5,0,6,4,FAIRVIEW SCHOOL RD,DIXON RD,5,34.59674722,-83.609866670,0,1,0,0,3,3,1,0,1,1,0,1,0,0000000,99,99,99,99,99,99,0,0,0,1,0
13,130884,1,1,0,2,23,0,10,10,2010,1,11,10,0,3,3,SR-87,,6,32.32505556,-83.288769440,0,1,0,0,1,1,6,0,1,1,0,1,0,0000000,11,30,11,42,12,0,0,0,0,1,1
13,130885,1,1,1,1,285,0,1,10,2010,6,23,50,0,4,3,SR-219,,85,32.99084167,-85.029452780,0,8,0,1,18,1,1,0,2,1,0,1,0,0000000,99,99,99,99,99,99,0,0,0,1,0
13,130886,1,1,0,1,305,2960,1,10,2010,6,0,33,0,13,3,SR-38,,129,31.60185278,-81.926855560,0,20,0,0,1,1,4,1,3,10,0,10,0,0000000,88,88,88,88,88,88,0,0,0,1,1
13,130887,2,2,0,5,71,0,2,10,2010,7,20,37,0,4,4,ELLENTON OMEGA RD,ELTON CLARK RD,62,31.19989444,-83.582600000,0,12,6,0,2,2,1,0,2,1,0,1,0,0000000,99,99,99,99,99,99,0,0,0,1,0
13,130888,1,1,0,2,279,5700,13,10,2010,4,8,14,0,4,4,CR-335,,22,32.33176389,-82.184922220,0,34,0,0,1,1,6,0,1,1,0,1,0,0000000,8,17,8,24,8,52,0,0,0,1,0
13,130889,1,1,1,1,63,0,3,10,2010,1,0,59,1,13,3,SR-3,,108,33.57443056,-84.371944440,0,8,0,0,1,1,1,0,3,1,0,1,0,0000000,1,7,1,18,1,20,0,0,0,1,0
13,130890,1,1,0,19,99,0,3,10,2010,1,18,38,0,9,3,SR-1,,99999,99.99990000,999.999900000,0,1,0,0,1,1,1,0,1,1,0,1,0,0000000,18,47,18,56,19,46,0,0,0,4,0
13,130891,2,2,0,5,121,5640,16,10,2010,7,20,12,0,16,6,SHANNON BLVD,,8,33.57880000,-84.535802780,0,12,6,0,8,1,1,0,3,1,0,1,0,0000000,20,12,20,21,21,10,0,0,0,1,1
13,130892,2,2,0,3,153,5790,4,10,2010,2,11,36,1,13,6,RUSSELL PKWY,S HOUSTON LAKE RD,0,32.59250833,-83.668108330,0,12,6,0,2,2,1,0,1,1,0,1,0,0000000,11,36,11,39,12,39,0,0,0,1,0
13,130893,2,2,0,3,225,2220,4,10,2010,2,8,55,0,3,3,SR-7,,47,32.51990278,-83.863180560,0,12,2,0,1,1,1,0,1,1,0,1,0,0000000,8,55,9,3,9,55,0,0,0,1,0
13,130894,1,1,1,1,245,310,16,10,2010,7,20,53,0,16,6,TRAVIS ROAD,,3,33.36779167,-82.069050000,0,8,0,0,1,1,1,0,3,1,0,1,0,0000000,20,54,20,56,21,18,0,0,0,1,0
13,130895,1,1,0,2,83,0,17,10,2010,1,16,56,1,1,1,I-24,,34,34.97617778,-85.418508330,0,18,0,0,1,1,1,0,1,1,0,1,0,0000000,16,58,17,13,17,40,19,0,0,1,0
13,130896,1,1,0,1,45,0,19,10,2010,3,22,16,0,6,4,N. HELTON ROAD,,5,33.64038333,-84.903052780,0,34,0,0,1,1,6,0,2,1,0,1,0,0000000,22,16,22,32,23,55,0,0,0,1,0
13,130897,2,2,0,2,179,2730,19,10,2010,3,20,41,1,13,3,SR-38,FLOWERS DRIVE,46,31.81963056,-81.600330560,0,12,6,0,2,3,1,0,3,1,0,1,0,0000000,20,42,20,46,21,41,0,0,0,1,0
13,130898,2,2,1,2,151,0,5,10,2010,3,7,18,0,13,3,SR-920,ROSEWOOD DR,85,33.44907500,-84.159102780,9,8,0,0,3,3,1,0,1,1,0,1,0,0000000,7,18,7,26,8,13,0,0,0,1,0
13,130899,1,1,0,2,175,0,5,10,2010,3,13,58,0,5,4,SNELLBRIDGE RD,,26,32.59039444,-82.767144440,0,34,0,0,1,1,4,0,1,1,0,1,0,0000000,99,99,99,99,99,99,0,0,0,1,0
13,130900,1,1,1,1,143,0,20,10,2010,4,4,1,0,3,3,SR-8,,18,33.74072222,-85.326947220,0,8,0,0,1,1,1,1,2,2,0,2,0,0000000,88,88,88,88,88,88,0,0,0,1,0
13,130901,2,2,0,7,275,0,8,10,2010,6,18,16,1,2,2,US-84,EASON CROSSING,166,30.81125000,-83.849722220,0,12,6,0,2,2,1,0,1,1,0,1,0,0000000,99,99,99,99,99,99,0,0,0,1,0
13,130902,2,2,0,4,31,5170,21,10,2010,5,15,26,1,2,3,SR-73,,99999,99.99990000,999.999900000,0,12,2,0,1,1,1,0,1,1,0,1,0,0000000,15,28,15,34,15,58,0,0,0,1,0
13,130903,2,2,0,2,241,0,22,10,2010,6,14,34,0,4,3,SR-28,,169,99.99990000,999.999900000,0,12,8,0,1,1,1,0,1,1,0,1,0,0000000,14,34,14,57,15,41,0,0,0,1,0
13,130904,3,3,1,6,175,0,24,10,2010,1,1,18,1,11,1,I-16,,161,99.99990000,999.999900000,0,12,7,0,1,1,1,0,2,1,0,1,0,0000000,1,18,1,32,99,99,0,0,0,1,0
13,130905,3,3,1,3,89,0,25,10,2010,2,22,15,0,14,4,FLAT SHOALS PKWY,,71,33.69795833,-84.264986110,0,8,0,0,1,1,1,0,6,10,0,10,0,0000000,88,88,88,88,88,88,0,0,0,1,0
13,130906,1,1,0,1,121,4790,26,10,2010,3,2,37,0,14,6,PINE GROVE ROAD,COLEMAN ROAD,3,34.02417500,-84.367211110,0,42,0,0,3,3,6,0,3,10,0,10,0,0000000,2,38,2,43,3,7,0,0,0,1,0
13,130907,2,2,0,2,51,4910,27,10,2010,4,15,34,0,16,6,TELFAIR ROAD,W. GWINNETT STREET,3,32.08270278,-81.138969440,0,12,6,0,2,3,1,0,1,1,0,1,0,0000000,15,34,15,39,99,99,0,0,0,1,1
13,130908,2,2,0,2,55,0,27,10,2010,4,16,24,0,4,4,TRION-TELOGA RD,HARRISBURG RD,35,34.53837778,-85.358533330,0,12,6,0,2,2,1,0,1,1,0,1,0,0000000,16,24,16,33,17,9,0,0,0,1,0
13,130909,1,1,0,1,315,0,27,10,2010,4,15,45,0,4,3,SR-112,,184,32.09026389,-83.503175000,0,1,0,0,1,1,6,0,1,10,0,10,0,0000000,88,88,88,88,88,88,0,0,0,1,0
13,130910,2,2,0,2,1,440,28,10,2010,5,18,30,0,6,6,LUCKIE STREET,PARKER AVENUE,2,31.77732222,-82.350941670,0,12,6,0,2,2,1,0,5,1,0,1,0,0000000,18,48,18,56,18,58,0,0,0,1,1
13,130911,2,2,0,3,67,2990,28,10,2010,5,21,0,0,16,3,SR-3,MACK DOBBS ROAD,158,34.02685833,-84.637641670,0,12,6,0,2,2,1,0,2,1,0,1,0,0000000,21,2,21,8,21,31,0,0,0,1,0
13,130912,1,1,1,1,117,0,28,10,2010,5,17,54,1,13,3,SR-20,,125,34.15785833,-84.109997220,0,8,0,0,1,1,1,0,1,1,0,1,0,0000000,88,88,88,88,88,88,0,0,0,1,0
13,130913,1,1,0,1,51,0,29,10,2010,6,2,15,1,2,3,SR-80,,280,32.03876667,-80.955075000,0,42,0,0,1,1,6,0,2,1,0,1,0,0000000,88,88,88,88,88,88,0,0,0,1,1
13,130914,2,2,0,6,89,0,29,10,2010,6,20,19,0,15,4,KELLEY CHAPEL ROAD,,4,33.69153056,-84.218938890,0,12,2,0,1,1,1,0,3,1,0,1,0,0000000,20,19,20,26,21,19,0,0,0,1,0
13,130915,2,2,0,5,137,0,29,10,2010,6,15,6,0,4,3,SR-384,,22,99.99990000,999.999900000,0,12,2,0,1,1,1,0,1,1,0,1,0,0000000,15,6,15,17,15,41,0,0,0,1,0
13,130916,3,3,0,3,169,0,30,10,2010,7,19,26,0,3,3,SR-49,,88,32.94564444,-83.470858330,0,12,8,0,1,1,1,0,2,1,0,1,0,0000000,19,26,19,42,20,39,0,0,0,1,1
13,130917,1,1,0,2,135,800,31,10,2010,1,13,58,1,11,1,I-85,,263,34.08511667,-83.857655560,0,7,0,0,1,1,1,2,1,1,0,1,0,0000000,13,58,14,14,14,51,0,0,0,1,0
13,130918,1,1,1,1,33,0,16,10,2010,7,12,34,0,4,3,SR-80,,10,33.20449167,-81.853572220,0,9,0,0,1,1,1,0,1,1,0,1,0,0000000,12,34,12,50,13,11,0,0,0,1,0
13,130919,1,1,0,4,121,280,16,10,2010,7,3,51,1,11,1,I-20 RAMP,,101,33.76683889,-84.495141670,0,35,0,1,5,1,8,0,3,1,0,1,0,0000000,3,51,3,55,99,99,0,0,0,2,1
13,130920,1,1,0,1,205,4290,16,10,2010,7,2,9,0,4,6,OLD PELHAM ROAD,,36,31.18183611,-84.192138890,0,35,0,0,1,1,6,0,2,1,0,1,0,0000000,2,9,2,16,88,88,0,0,0,1,1
13,130921,1,1,0,2,205,880,16,10,2010,7,18,44,0,16,6,BAGGS FERRY ROAD,,67,99.99990000,999.999900000,0,35,0,0,1,1,6,0,1,1,0,1,0,0000000,18,44,18,53,20,2,0,0,0,1,1
13,130922,1,1,0,2,229,0,16,10,2010,7,1,17,0,3,3,SR-15,,170,31.39355833,-82.228525000,0,42,0,0,1,1,6,0,2,1,0,1,0,0000000,1,20,1,30,2,0,0,0,0,1,1
13,130923,1,1,0,1,13,300,18,10,2010,2,20,2,0,5,6,DEE KENNEDY ROAD,,39,34.05673056,-83.828516670,0,42,0,0,1,1,6,0,2,1,0,1,0,0000000,88,88,88,88,88,88,0,0,0,1,1
13,130924,1,1,0,3,215,1280,18,10,2010,2,17,52,0,16,6,PINEBROOK DRIVE,,31,32.48630833,-84.917772220,0,53,0,0,1,1,6,0,1,1,0,1,0,0000000,17,54,17,57,18,29,0,0,0,1,0
13,130925,1,1,0,1,157,1300,19,10,2010,3,23,51,0,3,3,SR-98,EAGLE TRACE LANE,105,34.19139444,-83.410455560,0,34,0,0,2,3,6,2,2,1,0,1,0,0000000,88,88,88,88,88,88,0,0,0,1,1
13,130926,1,1,1,2,189,0,19,10,2010,3,7,14,0,14,4,MESANA ROAD,,18,33.45806667,-82.528566670,0,8,0,0,8,1,1,0,4,1,0,1,1,0000000,99,99,99,99,99,99,0,0,0,1,0
13,130927,2,2,0,2,217,0,22,10,2010,6,5,19,0,14,4,BROWN BRIDGE ROAD,,73,33.58428889,-83.906858330,0,11,0,0,1,1,1,0,2,1,0,1,0,0000000,5,19,5,25,6,53,0,0,0,1,0
13,130928,1,1,0,1,217,0,22,10,2010,6,22,3,0,4,4,DIXIE ROAD,,32,33.55341111,-83.783325000,0,42,0,0,1,1,6,0,2,1,0,1,0,0000000,22,3,22,19,22,47,0,0,0,1,1
13,130929,1,1,0,2,273,4900,22,10,2010,6,12,0,1,2,3,SR-520,,232,31.91011389,-84.531019440,0,42,0,0,1,1,6,0,1,1,0,1,0,0000000,12,3,12,17,12,40,0,0,0,1,0
13,130930,1,1,1,1,135,1810,23,10,2010,7,20,20,0,13,6,PEACHTREE IND BLVD,,54,34.00016111,-84.168041670,0,8,0,0,1,1,1,0,3,10,0,10,0,0000000,20,20,20,24,20,40,0,0,0,1,0
13,130931,1,1,0,2,263,0,24,10,2010,1,23,45,0,6,4,RISING SUN ROAD,,5,99.99990000,999.999900000,0,42,0,0,1,1,6,0,2,1,0,1,0,0000000,23,45,0,12,1,32,0,0,0,1,0
13,130932,3,3,0,7,135,3990,9,10,2010,7,21,19,0,19,3,SR-378,BEAVER FALLS RD,99999,33.93997222,-84.195138890,0,12,7,0,2,9,1,0,2,1,0,1,0,0000000,21,11,21,23,21,52,0,0,0,2,1
13,130933,2,2,0,3,15,0,27,10,2010,4,9,29,1,2,3,SR-20,REYNOLDS BRIDGE RD,33,34.21132222,-84.971202780,0,12,6,0,3,3,1,0,1,2,1,2,0,0000000,9,29,9,40,10,11,0,0,0,1,0
13,130934,1,1,0,1,171,0,27,10,2010,4,22,45,0,3,3,SR-36,,24,33.00671944,-84.191086110,0,35,0,0,1,1,6,0,2,2,0,2,0,0000000,88,88,88,88,88,88,0,0,0,1,1
13,130935,1,1,1,1,293,5450,9,10,2010,7,12,43,0,14,4,E LEE ST,OGLETHORPE WAY,126,32.88628889,-84.323538890,0,8,0,0,3,3,1,0,1,1,0,1,0,0000000,13,41,13,47,14,1,0,0,0,1,0
13,130936,1,1,0,2,121,280,28,10,2010,5,10,36,0,14,6,UNIVERSITY AVE.,MAYLAND CIRCLE,2,33.72221667,-84.405877780,0,30,0,0,2,3,6,0,1,1,0,1,0,0000000,10,37,10,40,11,24,0,0,0,1,1
13,130937,1,1,0,1,11,2790,29,10,2010,6,20,0,0,6,6,PAYNE ROAD,,99999,34.37227500,-83.456119440,0,1,0,0,1,1,6,0,2,1,0,1,0,0000000,88,88,88,88,88,88,0,0,0,1,0
13,130938,2,2,0,5,67,0,10,10,2010,1,12,41,0,9,4,OLD MOUNTAIN RD,,99999,33.97821667,-84.588686110,0,12,2,0,1,1,1,0,1,1,0,1,0,0000000,12,41,12,48,13,39,0,0,0,1,0
13,130939,1,1,0,2,187,0,30,10,2010,7,21,48,0,5,4,CASTLEBERRY BRIDGE,,60,34.50857222,-83.975027780,0,42,0,0,1,1,6,0,2,10,0,10,0,0000000,99,99,99,99,99,99,0,0,0,1,1
13,130940,1,1,0,1,247,1320,10,10,2010,1,6,8,1,11,1,I-20 EB,,59,33.64494722,-83.991647220,0,34,0,0,1,1,5,0,2,1,0,1,0,0000000,88,88,88,88,88,88,0,0,0,1,1
13,130941,1,1,0,1,273,4240,10,10,2010,1,3,45,0,5,4,JONES RD,BUSBY RD,24,31.84338056,-84.488308330,9,35,0,0,3,3,5,0,2,1,0,1,0,0000000,88,88,88,88,88,88,0,0,0,1,1
13,130942,4,4,0,6,199,0,30,10,2010,7,11,26,0,3,3,SR-85,PINE KNOLL DRIVE,47,32.90236111,-84.680663890,0,12,1,1,2,3,1,0,1,1,0,1,0,0000000,11,26,11,29,13,7,0,0,0,1,0
13,130943,2,2,0,2,163,0,11,10,2010,2,15,5,0,4,3,SR-24,,52,33.00715000,-82.370725000,0,12,6,0,8,1,1,0,1,1,0,1,0,0000000,88,88,88,88,88,88,0,0,0,1,0
13,130944,1,1,0,1,185,0,12,10,2010,3,13,4,1,1,1,I-75,,292,30.99276667,-83.388827780,0,25,0,0,1,1,3,0,1,1,0,1,0,0000000,88,88,88,88,88,88,0,0,0,1,0
13,130945,1,1,1,1,121,280,14,10,2010,5,12,7,0,16,6,MORGAN ST,BOULEVARD,0,33.76873333,-84.371866670,0,8,0,0,3,3,1,0,1,1,0,1,0,0000000,88,88,88,88,88,88,0,0,0,1,0
13,130946,1,1,0,1,121,9997,31,10,2010,1,17,57,0,15,6,HOPEWELL ROAD,,38,34.12653056,-84.301527780,0,34,0,0,1,1,6,0,5,1,0,1,0,0000000,88,88,88,88,88,88,0,0,0,1,1
13,130947,1,1,0,1,21,0,16,10,2010,7,22,40,0,9,4,CAVALIER DR,,99999,99.99990000,999.999900000,0,31,0,0,1,1,5,0,2,1,0,1,0,0000000,22,40,22,52,23,15,0,0,0,1,1
13,130949,2,1,0,1,139,0,31,10,2010,1,4,3,0,4,4,OLD CORNELIA HWY,,31,34.33578333,-83.741119440,0,35,0,0,1,1,6,0,2,1,0,1,0,0000000,4,3,4,14,6,45,0,0,0,1,0
13,130950,1,1,0,4,279,3340,31,10,2010,1,2,16,0,6,6,C V MOSLEY ROAD,,7,32.22846667,-82.353622220,0,35,0,0,1,1,6,0,2,1,0,1,0,0000000,99,99,99,99,99,99,0,0,0,1,1
13,130951,2,2,0,3,57,0,26,10,2010,3,11,28,0,4,4,HIGHTOWER ROAD,,44,34.29288333,-84.264030560,0,12,2,0,1,1,1,0,1,10,0,10,0,0000000,11,28,11,28,12,47,0,0,0,1,0