STATE,ST_CASE,VE_TOTAL,VE_FORMS,PEDS,PERSONS,COUNTY,CITY,DAY,MONTH,YEAR,DAY_WEEK,HOUR,MINUTE,NHS,ROAD_FNC,ROUTE,TWAY_ID,TWAY_ID2,MILEPT,LATITUDE,LONGITUD,SP_JUR,HARM_EV,MAN_COLL,RELJCT1,RELJCT2,TYP_INT,REL_ROAD,WRK_ZONE,LGT_COND,WEATHER1,WEATHER2,WEATHER,SCH_BUS,RAIL,NOT_HOUR,NOT_MIN,ARR_HOUR,ARR_MIN,HOSP_HR,HOSP_MN,CF1,CF2,CF3,FATALS,DRUNK_DR
13,130952,2,2,0,2,67,0,1,11,2010,2,15,45,0,13,3,SR-8,SOUTH GORDON ROAD,26,33.81557778,-84.600005560,0,12,6,0,2,2,1,0,1,1,0,1,0,0000000,15,47,15,52,16,37,0,0,0,1,0
13,130953,1,1,1,2,223,0,1,11,2010,2,22,30,0,14,3,SR-61,,136,33.94766667,-84.848119440,0,8,0,0,1,1,1,0,2,1,0,1,0,0000000,22,30,22,40,88,88,0,0,0,1,0
13,130954,2,2,0,3,89,280,3,11,2010,4,10,0,0,14,6,MEMORIAL DRIVE,DAHLGREN STREET,2,33.74773333,-84.345452780,0,12,2,0,2,3,1,0,1,2,0,2,0,0000000,99,99,99,99,99,99,0,0,0,1,0
13,130955,1,1,0,1,117,0,3,11,2010,4,23,34,0,15,4,CASTLEBERRY ROAD,,26,34.18821667,-84.164780560,0,30,0,0,1,1,6,0,2,2,0,2,0,0000000,23,39,23,46,88,88,0,0,0,1,1
13,130956,2,2,0,4,137,140,3,11,2010,4,12,35,1,2,3,SR-365,MT. ZION ROAD,13,34.45836667,-83.608200000,0,12,6,0,2,2,1,2,1,10,0,10,0,0000000,12,36,12,45,13,11,0,0,0,3,0
13,130957,1,1,0,2,227,0,4,11,2010,5,15,17,0,5,4,GRANDVIEW ROAD,,58,34.52027778,-84.413108330,0,42,0,0,1,1,6,0,1,1,0,1,0,0000000,15,17,15,26,16,28,0,0,0,1,0
13,130958,1,1,0,1,89,0,5,11,2010,6,0,58,0,14,4,ROCKBRIDGE ROAD,,58,33.78990000,-84.183511110,0,24,0,0,1,1,6,0,3,1,0,1,0,0000000,88,88,88,88,88,88,0,0,0,1,1
13,130959,1,1,1,1,89,0,5,11,2010,6,13,0,0,14,4,COVINGTON HWY.,,77,33.74987500,-84.227263890,0,8,0,0,1,1,1,0,1,10,0,10,0,0000000,13,0,13,5,13,17,0,0,0,1,0
13,130960,2,2,0,5,73,0,6,11,2010,7,10,54,0,14,4,HEREFORD FARM ROAD,,33,33.52978611,-82.171961110,0,12,6,0,4,1,1,0,1,1,0,1,0,0000000,10,57,11,0,11,42,0,0,0,1,0
13,130961,1,1,1,1,63,0,9,11,2010,3,21,38,0,13,4,TARA BLVD.,,3,33.58194722,-84.377188890,0,8,0,0,1,1,1,0,2,1,0,1,0,0000000,21,38,21,38,22,5,0,0,0,1,0
13,130962,1,1,1,1,63,0,1,11,2010,2,0,3,1,13,3,SR-138,DAVIDSON PKWY,124,33.55375833,-84.265747220,0,8,0,0,3,2,1,0,3,1,0,1,0,0000000,0,4,0,15,88,88,0,0,0,1,0
13,130963,2,2,0,3,121,280,3,11,2010,4,11,25,0,14,3,SR-139,,128,33.75184722,-84.465683330,0,12,6,0,1,1,1,0,1,2,0,2,0,0000000,11,28,11,33,12,6,0,0,0,1,0
13,130964,1,1,1,1,127,0,5,11,2010,6,6,57,0,13,3,SR-27,,171,31.19714444,-81.506066670,0,8,0,0,1,1,1,0,2,1,0,1,0,0000000,88,88,88,88,88,88,99,99,99,1,0
13,130965,1,1,1,2,131,0,5,11,2010,6,16,38,0,6,4,MATHIS RD,,10,30.94833889,-84.163058330,0,8,0,0,8,1,1,0,1,1,0,1,0,0000000,99,99,99,99,99,99,0,0,0,1,0
13,130966,2,2,0,2,205,4870,9,11,2010,3,15,59,0,3,3,SR-37,SR-93,205,31.23193611,-84.032738890,0,12,6,0,2,2,1,0,1,1,0,1,0,0000000,88,88,88,88,88,88,0,0,0,1,0
13,130967,1,1,0,1,231,0,9,11,2010,3,22,27,0,5,4,PEDENVILLE RD,FLAT SHOALS RD,0,33.06845000,-84.502327780,0,35,0,0,3,3,6,0,2,1,0,1,0,0000000,22,27,22,35,88,88,0,0,0,1,1
13,130968,1,1,0,1,51,4450,10,11,2010,4,23,57,1,11,1,I-95 N,,84,32.08491667,-81.240413890,0,52,0,0,1,1,3,1,2,1,0,1,0,0000000,88,88,88,88,88,88,0,0,0,1,0
13,130969,1,1,0,1,67,0,10,11,2010,4,16,45,0,14,4,JOHNSON FERRY RD,,21,34.01123611,-84.432902780,0,33,0,0,1,1,4,0,1,1,0,1,0,0000000,16,46,16,50,88,88,0,0,0,1,0
13,130970,1,1,1,1,135,0,19,11,2010,6,19,22,0,13,4,JIMMY CARTER BLVD,MEADOWBROOK DR,15,33.88803889,-84.194063890,0,8,0,0,3,2,1,0,2,1,0,1,0,0000000,19,22,19,26,19,55,0,0,0,1,0
13,130971,2,2,0,3,47,4680,21,11,2010,1,20,16,0,14,3,SR-3,,99999,34.91825556,-85.122847220,0,12,2,0,1,1,1,0,2,1,0,1,0,0000000,20,16,20,19,22,1,0,0,0,1,1
13,130972,3,3,0,4,87,370,22,11,2010,2,10,25,0,14,3,SR-253,BUTLER FERRY RD,113,30.90903889,-84.595827780,0,12,6,0,2,2,1,0,1,1,0,1,0,0000000,10,25,10,28,88,88,0,0,0,1,0
13,130973,2,2,0,3,117,0,22,11,2010,2,12,38,0,14,4,OLD ATLANTA RD,MATHIS AIRPORT PKWY,55,34.11111944,-84.152522220,0,12,6,0,2,2,1,0,1,1,0,1,0,0000000,12,38,12,50,13,31,0,0,0,1,0
13,130974,2,2,0,2,121,4790,24,11,2010,4,8,15,1,13,3,SR-92,,738,34.04286389,-84.356063890,0,12,8,0,1,1,1,0,1,10,0,10,0,0000000,8,17,8,21,8,36,0,0,0,1,0
13,130975,2,2,0,4,159,0,24,11,2010,4,18,30,0,4,4,POST RD,BAR BRIDGE RD,71,33.40454722,-83.663463890,0,12,6,0,2,9,1,0,1,1,0,1,0,0000000,18,31,18,41,19,45,0,0,0,2,0
13,130976,1,1,0,1,57,0,25,11,2010,5,12,49,1,11,1,I-575,,71,34.17335000,-84.512816670,0,57,0,0,1,1,3,0,1,1,0,1,0,0000000,12,49,13,2,13,19,0,0,0,1,0
13,130977,2,2,0,3,21,3390,26,11,2010,6,4,58,1,13,3,SR-247,SR-11,80,32.72987778,-83.655358330,0,12,6,0,3,4,1,0,3,2,0,2,0,0000000,5,14,5,24,5,34,0,0,0,1,0
13,130978,1,1,2,1,121,280,26,11,2010,6,22,16,0,16,6,10TH STREET,,99999,33.78177778,-84.372436110,0,8,0,0,8,1,1,0,3,1,0,1,0,0000000,22,16,22,20,22,30,0,0,0,1,0
13,130979,3,3,0,6,45,0,30,11,2010,3,15,30,0,3,3,SR-101,,99999,33.75549444,-84.937127780,0,12,1,0,1,1,1,0,1,2,0,2,0,0000000,15,33,15,47,16,7,0,0,0,1,0
13,130980,3,3,0,3,55,0,30,11,2010,3,13,44,0,2,3,SR-1,,85,34.46591111,-85.330605560,0,12,6,0,1,1,1,0,1,2,0,2,0,0000000,13,44,13,48,14,25,0,0,0,1,0
13,130981,1,1,1,1,67,0,1,12,2010,4,21,12,0,15,4,FLOYD RD,,4,33.82435556,-84.575711110,0,8,0,0,1,1,1,0,2,1,0,1,0,0000000,21,12,21,15,21,42,0,0,0,1,0
13,130982,1,1,1,1,121,280,9,11,2010,3,19,23,0,14,6,BUTNER ROAD,,108,33.68563889,-84.530869440,0,8,0,0,1,1,1,0,2,1,0,1,0,0000000,19,23,19,38,20,9,0,0,0,1,0
13,130983,1,1,0,1,135,0,9,11,2010,3,21,32,0,16,4,HOG MOUNTAIN ROAD,,24,34.05564722,-83.885272220,0,33,0,0,1,1,6,0,2,1,0,1,0,0000000,88,88,88,88,88,88,0,0,0,1,1
13,130984,1,1,0,1,89,0,10,11,2010,4,6,30,0,15,4,SNAPFINGER WOODS DR.,,99999,99.99990000,999.999900000,0,42,0,0,1,1,6,0,4,1,0,1,0,0000000,6,50,6,59,88,88,0,0,0,1,0
13,130985,2,2,0,4,89,0,11,11,2010,5,15,10,0,14,4,FLAKES MILL ROAD,,99999,33.64420556,-84.228230560,0,12,8,0,1,1,1,0,1,1,0,1,0,0000000,15,19,15,25,16,37,0,0,0,1,0
13,130986,2,2,0,2,119,3090,11,11,2010,5,9,30,1,2,3,SR-17,,99999,34.43785000,-83.108611110,0,12,6,0,4,1,1,0,1,10,0,10,0,0000000,9,30,9,32,10,4,0,0,0,1,0
13,130987,2,2,1,5,135,1470,11,11,2010,5,17,4,0,16,6,OLD FOUNTAIN ROAD,,26,34.02518889,-83.925955560,0,9,0,0,1,1,1,0,1,1,0,1,0,0000000,17,4,17,7,88,88,0,0,0,1,0
13,130988,2,2,0,2,151,0,12,11,2010,6,14,52,0,6,4,MOUNT BETHEL ROAD,SANDY RIDGE ROAD,35,33.43862222,-83.994427780,0,12,6,0,2,2,1,0,1,1,0,1,0,0000000,14,53,14,53,16,24,0,0,0,1,0
13,130989,2,2,0,5,257,5530,12,11,2010,6,6,26,0,4,6,ROCK CREEK ROAD,VANMAR DRIVE,2,34.56266111,-83.287397220,0,12,2,0,2,3,1,0,2,1,0,1,0,0000000,6,33,6,42,6,55,0,0,0,1,0
13,130990,2,2,0,3,227,2910,13,11,2010,7,13,36,1,2,3,SR-5,SR-53,132,34.46541667,-84.458533330,0,12,6,0,2,2,1,0,1,1,0,1,0,0000000,13,38,13,41,13,51,0,0,0,1,0
13,130991,1,1,1,1,63,3780,14,11,2010,1,22,29,1,11,1,I-75,,39,33.57731667,-84.342941670,0,8,0,0,1,1,1,1,2,10,0,10,0,0000000,22,30,22,34,88,88,0,0,0,1,0
13,130992,2,2,0,3,135,3100,14,11,2010,1,15,17,0,14,6,LAWRENCEVILLE SUWANE,TAYLOR ROAD,59,34.00459167,-84.040647220,0,12,11,0,2,3,1,0,1,1,0,1,0,0000000,15,27,15,33,15,51,0,0,0,1,0
13,130993,2,2,0,2,247,1320,18,11,2010,5,1,23,1,13,3,SR-138,E. FAIRVIEW RD.,28,33.59994722,-84.101113890,0,12,6,0,2,2,1,0,3,1,0,1,0,0000000,1,43,1,43,2,30,0,0,0,1,1
13,130994,3,3,0,5,73,0,20,11,2010,7,9,27,0,13,3,SR-104,,68,33.55657778,-82.160030560,0,12,2,0,1,1,1,0,1,1,0,1,0,0000000,9,29,9,36,9,59,0,0,0,1,0
13,130995,2,2,0,4,151,0,20,11,2010,7,1,24,1,11,1,I-75,,123,33.46302500,-84.210033330,0,12,6,0,1,1,1,0,2,1,0,1,0,0000000,1,30,1,30,2,47,0,0,0,1,0
13,130996,1,1,1,1,67,3440,22,11,2010,2,22,52,0,15,6,S. MARIETTA PKWY.,ATALNTA STREET,114,33.94763333,-84.548572220,0,8,0,0,3,2,1,0,3,1,0,1,0,0000000,22,52,22,58,23,10,0,0,0,1,0
13,130997,2,2,0,9,117,0,23,11,2010,3,6,59,0,14,4,BETHELVIEW ROAD,KELLY MILL ROAD,27,34.20063889,-84.196686110,0,12,2,0,2,2,1,0,4,4,0,4,0,0000000,6,59,7,6,8,54,0,0,0,1,0
13,130998,2,2,0,2,135,3100,23,11,2010,3,19,6,1,13,3,SR-316,HURRICANE TRAIL,79,33.98760278,-83.938294440,0,12,6,0,2,3,1,0,2,10,0,10,0,0000000,19,7,19,13,88,88,0,0,0,1,0
13,130999,1,1,0,1,227,0,23,11,2010,3,5,8,0,2,3,SR-53,,258,34.42087778,-84.323566670,0,42,0,0,1,1,6,0,2,10,0,10,0,0000000,5,8,5,21,88,88,0,0,0,1,0
13,131000,1,1,0,1,135,0,30,11,2010,3,15,24,0,16,4,S. ROCKBRIDGE ROAD,,22,33.80076111,-84.093002780,0,16,0,0,1,1,1,0,1,4,0,4,0,0000000,15,26,15,29,88,88,0,0,0,1,0
13,131001,3,3,0,3,135,3100,23,11,2010,3,10,24,0,14,3,SR-20,WEBB GINN HOUSE RD.,199,33.91220278,-83.969813890,0,12,6,0,2,2,1,2,1,1,0,1,0,0000000,10,24,10,30,11,11,0,0,0,1,0
13,131002,2,2,0,2,113,4278,15,7,2010,5,8,4,0,13,3,SR-74,,128,33.36211667,-84.562200000,0,12,2,0,1,1,1,0,1,1,0,1,0,0000000,8,4,8,10,9,19,0,0,0,1,0
13,131003,2,2,0,2,161,0,7,10,2010,5,19,43,0,9,4,POST RD,,99999,31.68584722,-82.629847220,0,12,1,0,1,1,1,0,5,1,0,1,0,0000000,19,44,20,0,20,21,0,0,0,1,1
13,131004,2,2,0,3,77,0,12,10,2010,3,20,23,0,4,4,NEW CORINTH RD,,99999,33.29404722,-84.869225000,0,11,0,0,1,1,1,0,2,1,0,1,0,0000000,20,23,20,30,21,40,0,0,0,1,0
13,131005,2,2,0,2,121,4882,14,10,2010,5,14,49,0,14,6,ABERNATHY RD,WRIGHT RD,15,33.93653333,-84.382777780,0,12,6,0,2,2,1,1,1,1,0,1,0,0000000,14,51,14,57,15,43,0,0,0,1,0
13,131006,2,2,0,4,225,2220,16,10,2010,7,21,0,0,14,4,WILLOW LAKE RD,MATHEWS ST,18,32.52700833,-83.903280560,0,12,6,0,2,3,1,0,2,1,0,1,0,0000000,21,21,21,57,22,19,0,0,0,1,1
13,131007,1,1,0,2,233,210,21,10,2010,5,13,35,0,3,3,SR-101,,94,34.05856944,-85.071205560,0,32,0,0,1,1,4,0,1,1,0,1,0,0000000,13,35,13,42,14,17,0,0,0,1,0
13,131008,1,1,0,2,25,0,30,10,2010,7,21,16,0,6,4,FENDIG RD,,22,31.33152500,-81.848658330,0,1,0,0,1,1,1,0,2,1,0,1,0,0000000,88,88,88,88,88,88,0,0,0,1,1
13,131009,1,1,0,1,139,0,30,10,2010,7,21,7,0,9,4,RETREAT DR,,99999,99.99990000,999.999900000,0,33,0,0,1,1,4,0,2,1,0,1,0,0000000,99,99,99,99,99,99,0,0,0,1,0
13,131010,4,4,0,5,45,0,1,11,2010,2,15,55,0,3,3,SR-166,,88,33.55906667,-85.181986110,0,12,11,0,8,1,1,0,1,1,0,1,0,0000000,99,99,99,99,99,99,0,0,0,1,0
13,131011,1,1,1,1,77,0,1,11,2010,2,19,34,0,14,3,SR-154,,17,33.36125833,-84.662047220,0,8,0,0,1,1,1,0,2,1,0,1,0,0000000,19,40,19,44,20,27,0,0,0,1,1
13,131012,1,1,0,1,45,970,2,11,2010,3,10,55,0,16,6,CANTERBERRY DR,,4,33.56835278,-85.059463890,0,43,0,0,1,1,6,0,1,10,0,10,0,0000000,10,56,11,1,11,48,0,0,0,1,0
13,131013,4,4,0,6,153,0,2,11,2010,3,6,44,0,4,3,SR-127,BROKEN ARROW TRL,21,32.44094444,-83.800602780,0,12,6,0,2,3,1,0,2,1,0,1,0,0000000,6,45,6,55,99,99,0,0,0,1,0
13,131014,1,1,0,1,321,5340,3,11,2010,4,7,45,1,2,3,SR-520,,29,31.55243611,-83.948055560,0,1,0,0,1,1,3,0,1,1,0,1,0,0000000,88,88,88,88,88,88,0,0,0,1,0
13,131015,2,2,0,4,139,0,4,11,2010,5,20,10,0,9,3,SR-365,MOUNTAIN VIEW PKWY,99999,34.41456389,-83.658988890,0,12,6,0,2,3,1,2,2,10,0,10,0,0000000,99,99,99,99,99,99,0,0,0,1,0
13,131016,2,2,0,6,13,0,5,11,2010,6,23,37,0,6,4,ROBERTSON BRIDGE RD,,19,33.93649167,-83.619336110,0,31,0,0,1,1,4,0,2,10,0,10,0,0000000,23,39,23,49,0,34,0,0,0,1,0
13,131017,2,2,0,2,139,0,5,11,2010,6,7,44,0,4,4,JOE CHANDLER RD,,13,34.31866667,-83.698525000,0,12,2,0,1,1,1,0,1,1,0,1,0,0000000,99,99,99,99,99,99,0,0,0,2,0
13,131018,1,1,1,1,121,280,17,11,2010,4,16,0,1,11,1,I-85,,188,33.68406667,-84.408022220,0,8,0,0,1,1,1,0,1,1,0,1,0,0000000,99,99,99,99,99,99,0,0,0,1,0
13,131019,1,1,0,1,121,280,18,11,2010,5,23,50,1,11,1,I-285,,124,33.78669167,-84.492975000,0,25,0,0,1,1,3,0,6,1,0,1,0,0000000,99,99,99,99,99,99,0,0,0,1,0
13,131020,1,1,0,1,157,0,18,11,2010,5,10,17,0,4,3,SR-334,,99999,99.99990000,999.999900000,9,35,0,0,1,1,6,0,1,1,0,1,0,0000000,10,17,10,26,88,88,0,0,0,1,0
13,131021,2,2,0,2,29,4655,19,11,2010,6,7,19,0,14,3,SR-144,BRISBON HALL ROAD,122,31.92073333,-81.287650000,0,12,6,0,2,3,1,0,1,1,0,1,1,0000000,7,19,7,23,8,5,0,0,0,1,0
13,131022,2,2,0,7,151,0,19,11,2010,6,18,0,1,2,3,SR-3,SR-81,43,33.42645278,-84.285736110,0,12,6,0,2,2,1,0,2,10,0,10,0,0000000,18,8,18,8,19,0,0,0,0,1,0
13,131023,2,2,0,3,269,0,19,11,2010,6,10,55,0,5,4,MONFORT ROAD,,99999,99.99990000,999.999900000,0,12,6,0,8,1,1,0,1,1,0,1,0,0000000,99,99,99,99,88,88,0,0,0,1,0
13,131024,2,2,0,2,305,0,19,11,2010,6,6,31,0,4,3,SR-203,,11,31.56096667,-82.132908330,0,12,2,0,1,1,1,0,2,1,0,1,0,0000000,88,88,88,88,88,88,0,0,0,1,0
13,131025,1,1,0,1,91,0,20,11,2010,7,15,0,0,4,3,SR-257,,6,32.35446111,-83.234011110,0,1,0,0,1,1,1,0,1,1,0,1,0,0000000,15,1,15,6,15,31,0,0,0,1,0
13,131026,1,1,0,3,123,2000,20,11,2010,7,14,13,0,4,3,SR-52,,99999,34.59202500,-84.311163890,0,35,0,0,1,1,6,0,1,10,0,10,0,0000000,14,13,14,25,16,50,0,0,0,1,0
13,131027,1,1,0,1,191,0,21,11,2010,1,21,43,0,6,4,SHELLMAN BLUFF ROAD,,99999,99.99990000,999.999900000,0,34,0,0,1,1,6,0,1,1,0,1,0,0000000,21,44,21,56,88,88,0,0,0,1,1
13,131028,2,2,0,3,139,0,22,11,2010,2,15,0,0,5,4,HARMONY CHURCH ROAD,,26,34.24401944,-83.704941670,0,12,6,0,1,1,1,0,1,1,0,1,0,0000000,15,5,15,13,16,29,0,0,0,1,0
13,131029,1,1,0,1,185,0,22,11,2010,2,22,38,0,16,4,VIENNA CHURCH ROAD,RADAR SITE ROAD,14,30.97346944,-83.222250000,0,59,0,0,3,3,6,0,2,1,0,1,0,0000000,88,88,88,88,88,88,0,0,0,1,1
13,131030,1,1,0,1,25,0,23,11,2010,3,1,20,0,6,4,POST ROAD,,99999,99.99990000,999.999900000,0,42,0,0,1,1,6,0,2,5,0,5,0,0000000,1,24,1,35,2,13,0,0,0,1,1
13,131031,1,1,0,1,137,0,23,11,2010,3,20,55,0,4,3,SR-384,,33,34.53145000,-83.611794440,0,42,0,0,1,1,6,0,2,5,0,5,0,0000000,88,88,88,88,88,88,0,0,0,1,0
13,131032,2,2,0,3,183,3280,23,11,2010,3,19,10,1,2,3,SR-38,N. MACON STREET,65,31.71438611,-81.743688890,0,12,6,0,2,3,1,0,3,1,0,1,0,0000000,19,55,20,8,20,44,0,0,0,1,0
13,131033,1,1,0,2,277,0,23,11,2010,3,6,57,0,6,4,BROOKFIELD TURNER CH,,50,31.45370833,-83.365952780,0,30,0,0,1,1,6,0,4,5,0,5,0,0000000,6,57,7,10,7,35,0,0,0,1,1
13,131034,1,1,0,3,311,0,23,11,2010,3,23,13,0,4,3,SR-356,,2,34.71334167,-83.738330560,0,35,0,0,1,1,6,0,2,10,0,10,0,0000000,88,88,88,88,88,88,0,0,0,1,1
13,131035,1,1,0,1,77,0,25,11,2010,5,19,44,0,6,4,ELDERS MILL ROAD,,56,33.29762500,-84.628694440,0,18,0,0,1,1,6,0,2,1,0,1,0,0000000,99,99,99,99,99,99,0,0,0,1,0
13,131036,2,2,0,3,175,0,25,11,2010,5,11,40,0,3,3,SR-31,BREWTON LOVETT ROAD,304,32.57520556,-82.838244440,0,12,1,0,2,3,1,0,1,10,0,10,0,0000000,11,45,11,52,12,17,0,0,0,1,0
13,131037,1,1,1,1,45,0,26,11,2010,6,21,43,0,16,4,BLANDENBURG ROAD,,99999,99.99990000,999.999900000,0,8,0,0,1,1,1,0,2,1,0,1,0,0000000,21,43,21,49,23,22,0,0,0,1,0
13,131038,2,2,0,3,175,1780,24,11,2010,4,18,33,0,3,3,SR-117,SR-19,117,32.42766111,-82.941927780,0,12,7,0,2,2,1,0,2,10,0,10,0,0000000,18,33,18,38,18,51,0,0,0,1,0
13,131039,1,1,0,1,147,0,26,11,2010,6,19,17,0,6,4,WOODLAND WAY,,99999,34.25469722,-82.916091670,0,11,0,0,1,1,1,0,2,10,0,10,0,0000000,19,17,19,27,20,49,0,0,0,1,0
13,131040,1,1,0,1,321,0,27,11,2010,7,22,4,0,4,4,EVERGREEN ROAD,,60,31.41139444,-83.879563890,0,34,0,0,1,1,6,0,2,1,0,1,0,0000000,22,4,22,10,88,88,0,0,0,1,0
13,131041,3,3,0,4,255,0,29,11,2010,2,18,15,1,13,3,SR-3,BIRDIE ROAD,93,33.31934167,-84.289447220,0,12,6,0,2,2,1,0,3,2,0,2,0,0000000,99,99,99,99,99,99,0,0,0,1,0
13,131042,2,2,0,3,167,0,30,11,2010,3,6,20,0,4,3,SR-171,,63,32.71044722,-82.516163890,0,12,6,0,8,1,1,0,2,10,0,10,0,0000000,99,99,99,99,99,99,0,0,0,1,0
13,131043,2,2,0,2,189,5470,30,11,2010,3,7,24,0,14,6,MT PLEASANT CHURCH,,61,33.40616944,-82.529383330,0,12,8,0,8,1,1,0,1,1,0,1,0,0000000,88,88,88,88,88,88,0,0,0,1,0
13,131044,1,1,0,2,57,0,27,11,2010,7,21,39,0,5,4,UNION HILL ROAD,,22,34.19868889,-84.360000000,0,42,0,0,1,1,6,0,2,1,0,1,0,0000000,88,88,88,88,88,88,0,0,0,2,1
13,131045,2,2,0,2,15,980,6,11,2010,7,16,26,0,13,3,SR-61,EUHARLEE RD,50,34.14671111,-84.832630560,0,12,6,0,2,2,1,0,1,1,0,1,0,0000000,16,26,16,33,17,6,0,0,0,1,0
13,131046,3,3,0,3,153,5790,8,11,2010,2,17,41,0,13,3,SR-247 CO,,36,32.61828611,-83.656650000,0,12,6,0,8,1,1,0,1,1,0,1,0,0000000,17,41,17,46,18,19,0,0,0,1,0
13,131047,2,2,0,2,217,1380,8,11,2010,2,16,33,0,16,4,STONE ST,,2,33.61684444,-83.870938890,0,12,6,0,8,1,1,0,1,1,0,1,0,0000000,16,34,16,42,16,44,0,0,0,1,1
13,131048,2,2,0,4,293,0,8,11,2010,2,18,40,0,3,3,SR-74,,70,32.91236111,-84.427786110,0,12,6,0,1,1,1,0,2,1,0,1,0,0000000,18,40,18,48,19,22,0,0,0,1,0
13,131049,1,1,1,1,199,0,9,11,2010,3,17,21,0,4,4,IMLAC RD,,99,33.02399444,-84.560994440,0,9,0,0,1,1,1,0,1,1,0,1,0,0000000,88,88,88,88,88,88,0,0,0,1,0
13,131050,2,2,0,4,229,0,9,11,2010,3,21,50,0,3,3,SR-15,ST JOHNS CHURCH RD,32,31.25106389,-82.200922220,0,12,6,0,2,2,1,0,2,1,0,1,0,0000000,21,50,22,18,23,3,0,0,0,2,0
13,131051,2,1,1,2,33,0,11,11,2010,5,23,41,0,3,3,SR-24,,155,33.04983889,-81.946302780,0,14,0,0,1,1,2,0,2,1,0,1,0,0000000,88,88,88,88,88,88,19,0,0,1,1
13,131052,1,1,0,1,69,5872,11,11,2010,5,17,47,0,15,4,NEW FOREST HWY,,15,31.52857222,-82.806947220,0,35,0,0,1,1,6,0,5,1,0,1,0,0000000,17,48,17,56,19,10,0,0,0,1,1
13,131053,1,1,0,2,133,0,11,11,2010,5,16,26,0,5,4,BETHESDA CHURCH RD,,25,33.65452222,-83.005475000,0,35,0,0,1,1,4,0,1,1,0,1,0,0000000,99,99,99,99,99,99,0,0,0,1,0
13,131054,1,1,0,1,179,0,11,11,2010,5,14,15,1,1,1,I-95,,43,31.70233889,-81.390730560,0,42,0,0,1,1,3,0,1,1,0,1,0,0000000,88,88,88,88,88,88,0,0,0,1,0
13,131055,2,2,0,3,255,0,11,11,2010,5,0,40,0,4,4,COUNTY LINE RD,6TH ST,16,33.18900556,-84.248219440,0,12,6,0,2,2,1,0,2,1,0,1,0,0000000,99,99,99,99,99,99,0,0,0,1,1
13,131056,1,1,1,1,177,9997,12,11,2010,6,18,21,0,14,3,SR-91,,21,31.64162222,-84.103302780,0,8,0,0,1,1,1,0,1,1,0,1,0,0000000,18,21,18,24,18,45,0,0,0,1,0
13,131057,1,1,0,1,267,0,12,11,2010,6,20,0,0,5,4,SAM GREEN RD,,20,32.21563333,-82.028819440,0,34,0,0,1,1,4,0,1,1,0,1,0,0000000,88,88,88,88,88,88,0,0,0,1,1
13,131058,4,4,0,6,299,5850,12,11,2010,6,18,9,1,13,3,SR-520,DIXIE AVE,238,31.20604444,-82.331316670,0,12,1,0,3,3,1,0,3,1,0,1,0,0000000,18,9,18,16,18,56,0,0,0,1,0
13,131059,1,1,0,1,197,790,13,11,2010,7,8,9,0,3,3,SR-26 / E 6TH AVE,,90,32.31818611,-84.509352780,0,38,0,0,1,1,4,0,1,1,0,1,0,0000000,8,9,8,14,8,57,0,0,0,1,0
13,131060,1,1,2,2,5,110,14,11,2010,1,22,52,1,2,3,SR-4,,85,31.55581111,-82.466811110,0,8,0,0,1,1,1,0,3,1,0,1,0,0000000,88,88,88,88,88,88,0,0,0,2,0
13,131061,1,1,0,1,31,0,14,11,2010,1,1,3,1,2,3,SR-67,,304,99.99990000,999.999900000,0,1,0,0,1,1,1,0,2,1,0,1,0,0000000,99,99,99,99,99,99,0,0,0,1,0
13,131062,1,1,1,1,89,0,14,11,2010,1,18,29,0,13,3,SR-13,CLIFF VALLEY WAY,15,33.84199167,-84.329777780,0,8,0,0,3,9,11,0,3,2,0,2,0,0000000,18,29,18,34,19,2,0,0,0,1,0
13,131063,1,1,1,1,89,0,14,11,2010,1,21,20,0,13,3,SR-13,CLAIRMONT TERR,29,33.85657500,-84.313533330,0,8,0,0,3,9,1,0,3,2,0,2,0,0000000,21,28,21,34,22,0,0,0,0,1,0
13,131064,1,1,0,1,311,1190,14,11,2010,1,1,44,0,4,3,SR-384,,69,34.62163056,-83.680263890,0,32,0,0,1,1,4,0,2,1,0,1,0,0000000,88,88,88,88,88,88,0,0,0,1,1
13,131065,2,2,0,3,137,0,15,11,2010,2,9,28,1,2,3,SR-15,WILLINGHAM AVE,2,34.49455833,-83.534086110,0,12,6,0,2,2,1,0,1,2,0,2,0,0000000,9,28,9,37,9,52,0,0,0,2,0
13,131066,1,1,1,2,273,1580,1,12,2010,4,18,45,1,13,3,SR-520,,121,31.77433056,-84.448127780,0,8,0,0,1,1,1,0,3,1,0,1,0,0000000,18,45,18,46,19,22,0,0,0,1,0
13,131067,1,1,0,1,317,0,1,12,2010,4,15,46,0,4,4,CALLAWAY RD,,1,33.78974167,-82.883133330,0,1,0,0,1,1,4,0,1,1,0,1,0,0000000,15,51,15,58,17,16,0,0,0,1,1
13,131068,1,1,0,1,297,0,3,12,2010,6,11,30,0,6,4,PARTAIN RD,,0,33.90567500,-83.692700000,0,1,0,0,1,1,4,0,1,1,0,1,0,0000000,99,99,99,99,99,99,0,0,0,1,0