STATE,ST_CASE,VE_TOTAL,VE_FORMS,PEDS,PERSONS,COUNTY,CITY,DAY,MONTH,YEAR,DAY_WEEK,HOUR,MINUTE,NHS,ROAD_FNC,ROUTE,TWAY_ID,TWAY_ID2,MILEPT,LATITUDE,LONGITUD,SP_JUR,HARM_EV,MAN_COLL,RELJCT1,RELJCT2,TYP_INT,REL_ROAD,WRK_ZONE,LGT_COND,WEATHER1,WEATHER2,WEATHER,SCH_BUS,RAIL,NOT_HOUR,NOT_MIN,ARR_HOUR,ARR_MIN,HOSP_HR,HOSP_MN,CF1,CF2,CF3,FATALS,DRUNK_DR
13,131069,2,2,0,1,63,0,4,12,2010,7,6,56,1,11,1,I-285 RAMP,,37,33.62719722,-84.418802780,0,12,1,1,5,1,1,0,2,1,0,1,0,0000000,88,88,88,88,88,88,0,0,0,1,0
13,131070,1,1,0,1,185,0,4,12,2010,7,12,10,0,6,4,SKIPPER BRIDGE RD,,6,30.98229444,-83.283119440,0,43,0,0,1,1,4,0,1,1,0,1,0,0000000,99,99,99,99,99,99,0,0,0,1,1
13,131071,1,1,0,1,295,0,4,12,2010,7,20,28,0,6,4,OLD LAFAYETTE RD,,4,34.84581944,-85.255286110,0,34,0,0,1,1,5,0,2,10,0,10,0,0000000,88,88,88,88,88,88,0,0,0,1,1
13,131072,2,2,0,4,297,3710,4,12,2010,7,0,21,0,13,3,SR-10 BU,SR-138,7,33.79508333,-83.742669440,0,12,6,0,2,2,1,0,3,1,0,1,0,0000000,88,88,88,88,88,88,0,0,0,1,0
13,131073,1,1,0,5,57,920,5,12,2010,1,0,32,0,6,4,MCCURRY LANE,MCCURRY TRAIL,2,34.28635556,-84.528147220,0,35,0,0,3,3,4,0,2,10,0,10,0,0000000,0,32,0,42,0,56,0,0,0,1,0
13,131074,1,1,1,1,127,0,5,12,2010,1,18,5,0,13,3,SR-27,PERRY LANE RD,137,31.24085833,-81.542088890,0,8,0,0,3,9,1,0,5,99,0,99,0,0000000,18,6,18,9,88,88,0,0,0,1,0
13,131075,1,1,0,1,301,0,5,12,2010,1,18,5,0,5,4,W ELAM CHURCH RD,,61,33.40982500,-82.761211110,0,1,0,0,1,1,1,0,2,1,0,1,0,0000000,99,99,99,99,99,99,0,0,0,1,1
13,131076,1,1,0,1,49,0,6,12,2010,2,2,25,0,4,3,SR-23,,100,30.48367500,-82.043255560,0,1,0,0,1,1,1,0,2,1,0,1,0,0000000,88,88,88,88,88,88,0,0,0,1,1
13,131077,1,1,0,1,321,0,6,12,2010,2,23,14,0,5,4,JEWEL CROWE RD,,12,31.62506667,-83.975325000,0,34,0,0,1,1,4,0,2,1,0,1,0,0000000,88,88,88,88,88,88,0,0,0,1,1
13,131078,1,1,1,1,33,0,9,12,2010,5,16,20,0,4,3,SR-23,,281,33.20826111,-81.938877780,0,8,0,0,1,1,1,0,1,1,0,1,0,0000000,99,99,99,99,99,99,0,0,0,1,0
13,131079,1,1,0,1,217,0,10,12,2010,6,7,16,0,13,3,SR-142 BYP / CR-653,,5,33.55876667,-83.883297220,0,35,0,0,1,1,4,0,2,1,0,1,0,0000000,88,88,88,88,88,88,0,0,0,1,1
13,131080,1,1,1,1,21,3390,11,12,2010,7,3,31,0,13,3,SR-19,,75,32.84811667,-83.608166670,0,8,0,0,1,1,1,0,2,1,0,1,0,0000000,3,32,3,35,88,88,0,0,0,1,0
13,131081,1,1,0,5,31,0,11,12,2010,7,9,20,1,1,1,I-16,,241,32.23103611,-81.641013890,0,42,0,0,1,1,3,0,1,1,0,1,0,0000000,99,99,99,99,99,99,0,0,0,1,0
13,131082,2,2,0,5,251,0,11,12,2010,7,14,20,0,4,4,JARRELL POND RD,CAPTOLA RD,78,32.62539722,-81.634977780,0,12,6,0,2,2,1,0,1,10,0,10,0,0000000,14,32,14,46,15,23,0,0,0,1,0
13,131083,1,1,0,1,209,5670,12,12,2010,1,12,2,0,4,3,SR-56,,9,32.02632500,-82.478597220,0,35,0,0,1,1,4,0,1,10,0,10,0,0000000,12,17,12,36,12,55,0,0,0,1,0
13,131084,1,1,1,2,85,1590,15,12,2010,4,17,48,1,2,3,SR-400,,63,34.40866111,-83.996947220,0,8,0,0,1,1,1,0,2,3,0,3,0,0000000,88,88,88,88,88,88,0,0,0,1,0
13,131085,1,1,0,1,121,4882,15,12,2010,4,3,36,0,14,3,SR-947/JOHNSON FERRY,,5,33.94071111,-84.401388890,0,35,0,0,1,1,4,1,2,1,0,1,0,0000000,3,36,3,44,4,14,0,0,0,1,1
13,131086,1,1,0,1,33,0,17,12,2010,6,7,0,0,4,4,STORY MILL RD,CORLEY RD,135,33.22773611,-82.091450000,0,42,0,0,3,3,4,0,1,10,0,10,0,0000000,88,88,88,88,88,88,0,0,0,1,0
13,131087,2,2,0,2,13,0,20,12,2010,2,10,0,0,3,3,SR-53,,21,34.03427222,-83.714402780,0,12,2,0,1,1,1,0,1,1,0,1,0,0000000,88,88,88,88,88,88,0,0,0,1,0
13,131088,2,2,0,2,121,4882,20,12,2010,2,22,45,0,14,3,SR-947/JOHNSON FERRY,,4,33.94014722,-84.400622220,0,12,2,0,1,1,1,1,2,1,0,1,0,0000000,22,45,22,49,23,18,0,0,0,1,1
13,131089,1,1,0,4,159,4980,20,12,2010,2,7,33,0,3,3,SR-83,,251,33.42241667,-83.556797220,0,34,0,0,1,1,4,0,1,1,0,1,0,0000000,88,88,88,88,88,88,0,0,0,1,0
13,131090,1,1,2,1,59,270,5,12,2010,1,9,21,0,14,6,BARNETT SHOALS ROAD,,26,33.88687500,-83.320269440,0,8,0,0,1,1,6,0,1,1,0,1,0,0000000,9,31,9,36,10,24,0,0,0,1,0
13,131091,2,2,0,2,135,3100,6,12,2010,2,4,56,0,14,3,SR-8,,101,33.93191389,-84.043072220,0,12,2,0,1,1,1,0,2,1,0,1,0,0000000,88,88,88,88,88,88,0,0,0,2,1
13,131092,1,1,1,1,135,1810,7,12,2010,3,20,36,1,13,6,PLEASANT HILL ROAD,GWINNETT PLACE DRIVE,37,33.95535833,-84.132186110,0,8,0,0,3,2,1,0,3,1,0,1,0,0000000,20,36,20,41,20,56,0,0,0,1,0
13,131093,1,1,0,1,21,3390,8,12,2010,4,19,43,0,16,6,BLOOMFIELD ROAD,ROCKY CREEK ROAD,4,32.78712222,-83.707430560,0,30,0,0,2,3,6,0,2,10,0,10,0,0000000,19,46,19,53,20,20,0,0,0,1,1
13,131094,1,1,0,1,143,5370,8,12,2010,4,12,0,0,4,3,SR-120,HIGHLAND DRIVE,12,33.76171944,-85.274483330,0,35,0,0,2,3,6,0,1,10,0,10,0,0000000,12,0,12,14,12,38,0,0,0,1,0
13,131095,1,1,0,3,71,3800,8,12,2010,4,7,40,0,3,3,SR-37,,99999,99.99990000,999.999900000,0,35,0,0,1,1,6,0,1,1,0,1,0,0000000,7,42,7,49,8,20,0,0,0,1,0
13,131096,2,2,0,8,135,0,9,12,2010,5,17,48,0,13,4,JIMMY CARTER BLVD.,GALE DRIVE,25,33.89934444,-84.203488890,9,12,6,0,2,2,1,0,3,1,0,1,0,0000000,17,49,17,53,18,31,0,0,0,1,0
13,131097,1,1,0,1,169,0,11,12,2010,7,4,2,0,6,4,NORTH CROSS ROAD,,20,33.05502222,-83.539438890,0,42,0,0,1,1,6,0,2,1,0,1,0,0000000,4,9,4,17,5,18,0,0,0,1,0
13,131098,2,2,0,3,135,0,12,12,2010,1,3,17,1,11,1,I-85,,23,33.91109722,-84.216877780,0,12,1,0,1,1,1,0,3,2,0,2,0,0000000,3,21,3,31,4,13,0,0,0,1,1
13,131099,3,3,0,10,135,1810,12,12,2010,1,3,36,0,16,4,STEVE REYNOLDS BLVD.,,5,33.95909444,-84.141841670,0,12,7,0,1,1,1,0,2,2,0,2,0,0000000,3,38,3,44,4,38,0,0,0,2,3
13,131100,2,2,0,3,51,0,13,12,2010,2,0,14,1,13,4,ISLAND EXPRESSWAY,,252,32.03823889,-80.992241670,0,12,1,0,1,1,1,3,2,1,0,1,0,0000000,88,88,88,88,88,88,0,0,0,1,0
13,131101,1,1,0,1,115,0,15,12,2010,4,22,11,0,13,3,SR-53,,221,34.33211389,-85.089711110,0,24,0,0,1,1,3,0,2,3,0,3,0,0000000,22,11,22,15,1,15,0,0,0,1,0
13,131102,2,2,0,3,51,4450,16,12,2010,5,6,14,0,14,3,SR-80,,35,32.12352778,-81.271019440,0,12,6,0,1,1,1,0,3,1,0,1,0,0000000,88,88,88,88,88,88,0,0,0,1,0
13,131103,2,2,0,4,51,4910,18,12,2010,7,7,25,0,13,6,ABERCORN STREET,DERENNE AVENUE,213,32.02826944,-81.108305560,0,12,1,0,2,2,1,0,1,4,0,4,0,0000000,7,29,7,32,8,7,0,0,0,1,0
13,131104,1,1,0,1,215,1280,19,12,2010,1,12,41,0,14,6,VETERANS PKWY.,GREY ROCK ROAD,188,32.59677500,-84.908825000,0,42,0,0,3,3,6,0,1,1,0,1,0,0000000,12,41,12,50,88,88,0,0,0,1,0
13,131105,1,1,1,1,59,270,20,12,2010,2,18,8,0,13,3,SR-10,,98,99.99990000,999.999900000,0,8,0,0,1,1,1,0,2,1,0,1,0,0000000,18,10,18,14,18,54,0,0,0,1,0
13,131106,1,1,0,2,105,0,24,12,2010,6,5,44,0,5,4,OLD NORCROSS ROAD,,48,34.09824722,-82.766705560,0,42,0,0,1,1,6,0,2,10,0,10,0,0000000,5,45,5,57,7,8,0,0,0,1,1
13,131107,2,2,0,3,135,0,27,12,2010,2,14,6,1,13,3,SR-20,PINEDALE CIRCLE,26,34.11173333,-84.054786110,0,12,6,0,2,3,1,0,1,1,0,1,0,0000000,14,30,14,36,15,22,0,0,0,1,0
13,131108,1,1,0,1,135,3990,31,12,2010,6,23,33,0,16,4,OAKBROOK PKWY.,,18,99.99990000,999.999900000,0,42,0,0,1,1,6,0,2,10,0,10,0,0000000,88,88,88,88,88,88,0,0,0,1,1
13,131109,1,1,0,1,149,0,1,12,2010,4,16,39,0,3,3,SR-34,,99999,99.99990000,999.999900000,0,34,0,0,1,1,6,0,1,1,0,1,0,0000000,16,39,16,43,17,30,0,0,0,1,1
13,131110,1,1,0,1,151,0,11,12,2010,7,17,41,0,13,4,JONESBORO ROAD,,21,33.46846667,-84.265716670,0,32,0,0,1,1,6,0,2,10,0,10,0,0000000,17,41,17,41,18,16,0,0,0,1,1
13,131111,1,1,0,1,121,4790,9,12,2010,5,17,31,0,16,6,SLOAN STREET,,1,34.01435556,-84.357897220,0,42,0,0,1,1,6,0,1,1,0,1,0,0000000,88,88,88,88,88,88,0,0,0,1,0
13,131112,1,1,1,3,121,280,11,12,2010,7,1,12,1,11,1,I-285,,90,33.75367500,-84.495722220,0,8,0,0,1,1,1,0,3,10,0,10,0,0000000,88,88,88,88,88,88,20,0,0,1,0
13,131113,1,1,0,1,51,4450,14,12,2010,3,11,11,1,11,1,I-95,,50,32.14108056,-81.241000000,0,34,0,1,5,1,8,0,1,1,0,1,0,0000000,11,13,11,17,11,44,0,0,0,1,0
13,131114,1,1,1,3,299,5850,20,12,2010,2,21,32,1,13,3,SR-4,,29,31.23166389,-82.368708330,0,9,0,0,6,1,1,0,3,1,0,1,0,637621H,21,35,21,40,22,38,0,0,0,1,0
13,131115,1,1,1,3,51,4910,21,12,2010,3,18,8,1,13,1,I-516,,99999,32.03154444,-81.119655560,0,8,0,0,1,1,1,0,2,1,0,1,0,0000000,18,11,18,23,88,88,0,0,0,1,0
13,131116,2,2,0,3,67,0,23,12,2010,5,13,45,0,14,4,POWDER SPRINGS ROAD,,46,33.89140000,-84.611741670,0,12,2,0,1,1,1,0,1,1,0,1,0,0000000,13,47,13,49,14,14,0,0,0,1,1
13,131117,1,1,1,1,245,310,26,12,2010,1,18,38,1,11,1,I-520,DEANS BRIDGE ROAD,55,33.42356111,-82.058944440,0,8,0,1,3,1,1,0,2,10,0,10,0,0000000,18,41,18,43,19,6,0,0,0,1,1
13,131118,2,2,0,3,135,0,31,12,2010,6,13,37,0,16,4,LOUIS ROAD,BRUCE WAY,4,33.88340278,-84.107100000,0,12,6,0,2,3,1,0,1,1,0,1,0,0000000,13,37,13,46,14,18,0,0,0,1,0
13,131119,1,1,0,1,189,0,20,12,2010,2,17,27,0,14,4,MT. PLEASANT ROAD,,75,33.42656944,-82.526808330,0,35,0,0,1,1,6,0,1,1,0,1,0,0000000,88,88,88,88,88,88,0,0,0,1,1
13,131120,2,2,0,3,225,0,20,12,2010,2,11,11,1,2,3,SR-96,SR-49,18,32.55860556,-83.883491670,0,12,6,0,2,3,1,0,1,1,0,1,0,0000000,88,88,88,88,88,88,20,0,0,1,0
13,131121,2,2,0,2,93,0,21,12,2010,3,14,17,0,6,4,PLEASANT VALLEY ROAD,SLOSHEYE TRIAL ROAD,9,32.12418056,-83.838730560,0,12,6,0,2,2,1,0,1,1,0,1,0,0000000,14,12,14,18,14,46,0,0,0,1,0
13,131122,2,2,0,2,127,0,21,12,2010,3,12,35,1,13,3,SR-27,ANDERSON WAY,162,31.21313056,-81.514905560,0,12,6,0,2,3,1,0,1,1,0,1,0,0000000,12,36,12,38,12,52,0,0,0,1,0
13,131123,2,2,0,2,19,0,22,12,2010,4,18,45,0,4,3,SR-168,SR-135,102,31.16364167,-83.087755560,0,12,6,0,2,2,1,0,2,1,0,1,0,0000000,18,51,19,1,19,41,0,0,0,1,0
13,131124,1,1,0,1,293,0,22,12,2010,4,14,46,0,6,4,THOMPSON ROAD,,99999,99.99990000,999.999900000,0,34,0,0,1,1,6,0,1,1,0,1,0,0000000,14,47,14,56,15,50,0,0,0,1,0
13,131125,1,1,0,1,21,3390,23,12,2010,5,16,25,1,11,1,I-16,,3,32.85341667,-83.634280560,0,1,0,0,1,1,1,0,1,1,0,1,0,0000000,16,26,16,26,16,49,0,0,0,1,0
13,131126,2,2,0,3,151,0,23,12,2010,5,5,56,0,3,3,SR-155,,40,33.39497500,-84.174027780,0,12,6,0,1,1,1,0,2,1,0,1,0,0000000,88,88,88,88,88,88,0,0,0,1,0
13,131127,2,2,0,6,313,0,23,12,2010,5,18,0,0,3,3,SR-286,,10,34.79565556,-84.889019440,0,12,2,0,1,1,1,0,2,10,0,10,0,0000000,18,19,18,28,18,49,0,0,0,1,0
13,131128,2,2,0,3,51,4910,24,12,2010,6,17,25,0,14,6,EAST BROAD STREET,SEILER AVENUE,2,32.05480833,-81.093091670,0,12,6,0,2,2,1,0,5,1,0,1,0,0000000,17,26,17,29,17,55,0,0,0,1,2
13,131129,1,1,0,1,177,0,24,12,2010,6,16,20,0,14,3,SR-133,HALEY DRIVE,7,31.63358056,-84.162805560,0,1,0,0,2,2,1,0,1,1,0,1,0,0000000,16,22,16,24,88,88,0,0,0,1,1
13,131130,1,1,0,1,227,2910,25,12,2010,7,8,41,1,2,3,SR-53,,21,99.99990000,999.999900000,0,53,0,0,1,1,6,0,1,4,0,4,0,0000000,88,88,88,88,88,88,0,0,0,1,0
13,131131,1,1,0,2,259,3310,27,12,2010,2,13,30,0,3,3,SR-27,,99999,99.99990000,999.999900000,0,35,0,0,1,1,6,0,1,1,0,1,0,0000000,14,48,15,31,16,15,0,0,0,2,0
13,131132,1,1,0,1,189,0,28,12,2010,3,15,30,0,3,3,SR-47,,31,33.34761111,-82.348000000,0,31,0,0,1,1,6,0,1,1,0,1,0,0000000,99,99,99,99,99,99,0,0,0,1,0
13,131133,1,1,0,1,121,0,29,12,2010,4,3,38,0,14,4,WASHINGTON ROAD,,8,33.63659722,-84.492136110,0,43,0,0,1,1,6,1,3,1,0,1,0,0000000,3,41,3,45,4,9,0,0,0,1,1
13,131134,2,2,0,2,147,0,29,12,2010,4,16,19,0,3,3,SR-77,,99999,99.99990000,999.999900000,0,12,6,0,1,1,2,0,1,1,0,1,0,0000000,16,19,16,29,17,5,0,0,0,1,1
13,131135,2,2,0,3,161,0,29,12,2010,4,19,16,0,6,4,CLAXTON ROAD,,99999,31.88958333,-82.625105560,0,12,2,0,1,1,1,0,2,1,0,1,0,0000000,19,16,19,25,99,99,0,0,0,1,0
13,131136,1,1,0,1,7,0,31,12,2010,6,16,49,0,3,4,COLQUITT FORD ROAD,,234,31.40504167,-84.285327780,0,42,0,0,1,1,6,0,1,1,0,1,0,0000000,16,49,17,8,88,88,0,0,0,1,0
13,131137,1,1,1,1,69,0,31,12,2010,6,18,17,0,14,3,SR-135,,123,31.52845278,-82.817066670,0,8,0,0,1,1,1,0,2,1,0,1,0,0000000,18,17,18,20,88,88,0,0,0,1,0
13,131138,2,2,0,2,139,2160,31,12,2010,6,14,36,0,6,6,MCEVER ROAD,RADFORD ROAD,0,34.19964722,-83.920977780,0,12,2,0,2,3,1,0,1,1,0,1,0,0000000,14,36,14,43,15,17,0,0,0,1,0
13,131139,2,2,0,5,83,0,15,12,2010,4,19,20,1,1,1,I-24,,15,34.97181667,-85.443891670,0,24,0,0,1,1,4,0,2,3,0,3,0,0000000,99,99,99,99,99,99,0,0,0,1,0
13,131140,4,4,0,5,189,0,9,12,2010,5,20,47,1,1,1,I-20,,8,99.99990000,999.999900000,0,54,11,0,1,1,1,0,2,1,0,1,0,0000000,88,88,88,88,88,88,14,0,0,2,0
13,131141,2,2,1,2,127,760,25,12,2010,7,20,55,0,14,6,4TH STREET,KELWIN AVENUE,10,31.17868056,-81.488577780,0,8,0,0,3,3,1,0,2,2,0,2,0,0000000,20,56,20,56,21,9,0,0,0,1,0
13,131142,2,1,1,2,39,0,28,3,2010,1,17,30,1,1,1,I-95,,223,31.05655833,-81.639308330,0,8,0,0,1,1,2,0,1,1,0,1,0,0000000,99,99,99,99,99,99,0,0,0,1,0
13,131143,3,3,0,5,153,0,4,4,2010,1,13,51,0,3,3,SR-11,SR-96,187,32.54656111,-83.719930560,0,12,6,0,2,9,1,0,1,1,0,1,0,0000000,13,53,13,58,14,31,0,0,0,1,0
13,131144,1,1,0,2,85,0,25,6,2010,6,22,20,1,2,3,SR-400,WHITMIRE DR,8,34.34548611,-84.051038890,0,5,0,0,2,2,1,0,2,10,0,10,0,0000000,88,88,88,88,88,88,0,0,0,1,1
13,131145,1,1,0,1,187,0,10,7,2010,7,15,55,1,2,3,SR-11,,72,34.71900556,-83.907008330,0,42,0,0,1,1,5,0,1,1,0,1,0,0000000,99,99,99,99,99,99,0,0,0,1,0
13,131147,2,2,1,3,89,0,20,12,2010,2,18,47,0,16,4,ROCKBRIDGE RD,ORCHARD DR,99999,33.78720278,-84.165627780,0,8,0,0,3,3,1,0,3,1,0,1,0,0000000,88,88,88,88,88,88,0,0,0,1,0
13,131148,1,1,0,1,15,5910,22,9,2010,4,7,10,0,13,3,SR-61,,171,34.28596111,-84.743536110,0,42,0,0,1,1,6,0,2,10,0,10,0,0000000,88,88,88,88,88,88,0,0,0,1,1
13,131149,1,1,0,1,163,5750,4,10,2010,2,16,26,0,3,6,S. MAIN STREET,,12,32.85786944,-82.404605560,0,31,0,0,1,1,4,0,1,1,0,1,0,0000000,16,26,16,37,16,59,0,0,0,1,0
13,131150,2,2,0,2,133,0,19,10,2010,3,10,39,0,3,3,SR-15,,83,33.54405833,-83.095436110,0,24,0,0,1,1,4,0,1,1,0,1,0,0000000,88,88,88,88,88,88,0,0,0,1,0
13,131151,1,1,0,1,89,0,9,12,2010,5,14,15,0,16,4,LYNN LANE,,2,33.73900833,-84.257991670,0,53,0,0,1,1,6,0,1,1,0,1,0,0000000,14,22,14,30,14,50,0,0,0,1,0
13,131152,1,1,0,3,95,0,18,12,2010,7,4,56,1,13,3,SR-3,,28,31.48315556,-84.116950000,0,59,0,0,1,1,4,1,3,10,0,10,0,0000000,4,56,5,3,5,30,3,0,0,1,0
13,131153,1,1,0,1,105,0,16,12,2010,5,16,20,0,2,3,SR-72,,54,34.09339167,-82.922538890,0,32,0,0,1,1,4,0,1,2,0,2,0,0000000,16,20,16,29,17,25,0,0,0,1,0
13,131154,1,1,0,3,67,0,1,5,2010,7,12,33,0,16,4,E LAKE PKWY/ CR-374,,12,33.96996944,-84.490066670,0,33,0,0,1,1,4,0,1,99,0,99,0,0000000,88,88,88,88,88,88,0,0,0,1,0
13,131155,1,1,0,5,53,0,19,11,2010,6,22,30,0,9,4,MARNE ROAD,,99999,99.99990000,999.999900000,2,1,0,0,1,1,1,0,6,1,0,1,0,0000000,99,99,99,99,99,99,0,0,0,1,1
13,131156,1,1,0,1,89,0,30,11,2010,3,8,45,0,16,4,ELAM ROAD,CRAGHILL DRIVE,8,33.78042222,-84.201097220,0,42,0,0,2,3,5,0,1,2,0,2,0,0000000,8,45,8,58,9,52,0,0,0,1,0
13,131157,2,2,0,3,157,670,30,11,2010,3,17,59,0,3,3,SR-53,,29,34.12026111,-83.763177780,0,12,6,0,8,1,1,0,3,2,0,2,0,0000000,99,99,99,99,99,99,0,0,0,1,0
13,131158,2,2,0,2,215,2195,13,12,2010,2,18,37,1,13,6,VICTORY DRIVE,BORDER DRIVE,54,32.40534444,-84.930586110,2,12,6,0,2,3,1,0,3,1,0,1,0,0000000,99,99,99,99,99,99,0,0,0,1,0
15,150001,2,1,0,1,1,7600,1,1,2010,6,0,1,0,6,4,PIKAKE STREET,,0,19.20198056,-155.477272220,0,14,0,0,1,1,2,0,3,5,0,5,0,0000000,0,3,0,23,1,11,0,0,0,1,1
15,150002,1,1,0,4,3,2760,1,1,2010,6,16,42,1,2,3,SR-83,,0,21.54480556,-157.846016670,0,52,0,0,1,1,4,0,1,10,0,10,0,0000000,16,47,17,1,17,45,0,0,0,1,0
15,150003,1,1,1,1,3,2400,7,1,2010,5,9,31,0,15,4,7711,KAIOLU STREET,0,21.28205278,-157.829086110,0,8,0,0,2,2,1,0,1,1,0,1,0,0000000,9,34,9,39,10,2,0,0,0,1,0
15,150004,1,1,1,1,1,3002,10,1,2010,1,15,1,0,15,4,186,,0,19.61647500,-155.983113890,0,8,0,0,1,1,1,0,1,1,0,1,0,0000000,15,10,15,17,15,43,0,0,0,2,1
15,150005,1,1,1,1,3,2400,12,1,2010,3,8,49,1,12,3,SR-61,LOWER DOWSETT AVENUE,0,21.33788889,-157.837422220,0,8,0,0,3,3,1,0,1,1,0,1,0,0000000,8,50,8,59,9,14,0,0,0,1,0
15,150006,1,1,0,2,1,1900,14,1,2010,5,14,15,0,4,3,SR-220,,10,19.86505000,-155.117783330,0,24,0,0,1,1,4,0,1,6,10,6,0,0000000,14,17,14,33,15,4,0,0,0,1,0
15,150007,1,1,1,1,3,2400,14,1,2010,5,14,59,0,13,3,SR-98,AALA STREET,0,21.31720833,-157.860061110,0,8,0,0,2,2,1,0,1,1,0,1,0,0000000,14,59,15,4,15,12,0,0,0,1,0
15,150008,1,1,1,1,3,2400,18,1,2010,2,23,15,0,16,4,WALINA STREET,,0,21.27879444,-157.824608330,0,8,0,0,1,1,1,0,3,1,0,1,0,0000000,23,19,23,29,23,43,0,0,0,1,1
15,150009,2,2,0,5,1,7700,19,1,2010,3,18,53,0,4,4,138,,0,19.52646389,-154.923147220,0,12,2,0,1,1,1,0,2,1,0,1,0,0000000,18,53,19,11,19,59,0,0,0,1,1
15,150010,2,2,0,3,7,9993,19,1,2010,3,22,15,0,2,3,SR-50,,74,21.94325556,-159.478483330,0,12,2,0,1,1,1,0,2,1,0,1,0,0000000,22,17,22,26,23,0,0,0,0,1,1
15,150011,2,2,0,2,7,5100,22,1,2010,6,16,2,0,3,3,SR-50,MALUHIA ROAD,68,21.95061944,-159.465952780,0,12,2,0,2,3,1,0,1,1,0,1,0,0000000,16,2,16,12,16,36,0,0,0,1,0
15,150012,1,1,0,2,3,6900,23,1,2010,7,17,40,0,15,4,8743,,0,21.38520000,-158.144577780,0,33,0,0,1,1,4,0,1,1,0,1,0,0000000,17,49,17,54,18,26,0,0,0,1,1
15,150013,2,2,0,2,3,2400,23,1,2010,7,22,0,0,15,4,7646,7644,0,21.31530278,-157.812005560,0,12,6,0,2,7,1,0,3,1,0,1,0,0000000,22,5,22,9,22,32,0,0,0,1,0
15,150014,1,1,1,1,9,4800,26,1,2010,3,21,9,1,14,3,SR-31,,68,20.76470278,-156.450752780,0,8,0,0,1,1,1,0,2,1,0,1,0,0000000,21,10,21,18,88,88,0,0,0,1,0
15,150015,2,2,0,2,9,8500,27,1,2010,4,11,54,0,15,3,SR-377,,9,20.82818889,-156.317541670,0,12,6,0,1,1,2,0,1,2,0,2,0,0000000,11,57,12,5,12,35,0,0,0,1,0
15,150016,1,1,0,1,1,2000,8,2,2010,2,4,2,0,2,4,180,,0,19.61170556,-155.949383330,0,42,0,0,1,1,4,0,3,1,0,1,0,0000000,99,99,99,99,88,88,0,0,0,1,0
15,150017,1,1,0,2,3,3000,9,2,2010,3,5,59,0,14,4,NORTH KALAHEO AVENUE,,0,21.41069167,-157.744702780,0,38,0,0,1,1,4,0,3,1,0,1,0,0000000,6,9,6,21,6,53,0,0,0,1,0
15,150018,3,3,0,4,7,6100,11,2,2010,5,9,20,0,3,3,SR-50,,101,21.92331111,-159.503105560,0,12,2,0,1,1,1,0,1,1,0,1,0,0000000,9,22,9,36,10,17,0,0,0,1,0
15,150019,1,1,1,1,3,2400,19,2,2010,6,6,35,0,16,4,UNIVERSITY AVE,,0,21.28730833,-157.826169440,0,8,0,0,1,1,1,0,4,2,10,2,1,0000000,6,37,6,43,88,88,0,0,0,1,0
15,150020,2,2,0,2,7,5100,19,2,2010,6,9,56,0,3,3,SR-50,,84,21.93038611,-159.485522220,0,12,2,0,1,1,1,0,1,1,0,1,0,0000000,9,59,10,9,10,57,0,0,0,2,0
15,150021,2,2,0,4,1,3002,23,2,2010,3,20,0,1,2,3,SR-19,,880,19.80500556,-155.993372220,0,12,2,0,1,1,1,0,2,1,0,1,0,0000000,20,7,20,22,21,1,0,0,0,1,1
15,150022,2,2,0,2,3,3627,27,2,2010,7,4,21,1,11,1,I-H-1,,4,21.38978611,-158.021336110,0,12,1,0,1,1,1,0,3,1,0,1,0,0000000,4,22,4,30,5,23,0,0,0,1,1
15,150023,1,1,0,1,1,3002,6,3,2010,7,0,52,0,16,4,HONOKOHUA STREET,,0,99.99990000,999.999900000,0,33,0,0,1,1,4,0,3,1,0,1,0,0000000,0,52,0,59,1,25,0,0,0,1,1
15,150024,1,1,0,1,3,100,12,3,2010,6,11,13,1,11,1,I-H-3,,99999,21.40480833,-157.851272220,0,25,0,0,1,1,3,0,1,1,0,1,0,0000000,11,13,11,25,11,51,20,0,0,1,0
15,150025,1,1,0,1,3,9200,13,3,2010,7,13,22,0,15,4,8542,,0,21.45200000,-158.177869440,0,30,0,0,1,1,2,0,1,1,0,1,0,0000000,13,21,13,25,88,88,0,0,0,1,0
15,150026,1,1,0,1,3,9600,13,3,2010,7,21,20,0,16,4,MANAGERS DRIVE,,0,21.38930833,-158.010236110,0,30,0,0,1,1,4,0,3,1,0,1,0,0000000,21,24,21,29,21,58,0,0,0,1,1
15,150027,2,2,1,2,9,2900,17,3,2010,4,5,39,1,13,3,SR-311,,2,20.88768333,-156.465730560,0,8,0,0,1,1,1,0,2,1,0,1,0,0000000,5,39,5,47,88,88,14,0,0,1,0
15,150028,2,2,0,7,3,3000,17,3,2010,4,18,36,1,13,3,SR-72,,99999,21.37561111,-157.747094440,0,12,6,0,7,1,1,0,5,2,10,2,0,0000000,18,38,18,42,18,58,0,0,0,1,0
15,150029,1,1,0,2,3,2400,17,3,2010,4,23,24,1,12,3,SR-61,,99999,21.36321111,-157.798797220,0,59,0,0,1,1,2,0,3,2,0,2,0,0000000,23,26,23,36,0,3,0,0,0,1,1