STATE,ST_CASE,VE_TOTAL,VE_FORMS,PEDS,PERSONS,COUNTY,CITY,DAY,MONTH,YEAR,DAY_WEEK,HOUR,MINUTE,NHS,ROAD_FNC,ROUTE,TWAY_ID,TWAY_ID2,MILEPT,LATITUDE,LONGITUD,SP_JUR,HARM_EV,MAN_COLL,RELJCT1,RELJCT2,TYP_INT,REL_ROAD,WRK_ZONE,LGT_COND,WEATHER1,WEATHER2,WEATHER,SCH_BUS,RAIL,NOT_HOUR,NOT_MIN,ARR_HOUR,ARR_MIN,HOSP_HR,HOSP_MN,CF1,CF2,CF3,FATALS,DRUNK_DR
15,150030,1,1,1,1,9,5600,18,3,2010,5,0,17,1,3,3,SR-30,,216,20.88666944,-156.682869440,0,8,0,0,1,1,1,0,3,10,0,10,0,0000000,0,17,0,29,88,88,0,0,0,1,0
15,150031,1,1,0,1,9,3900,29,3,2010,2,23,3,0,4,4,450,,14,21.08158611,-157.001872220,0,59,0,0,1,1,2,0,3,1,0,1,0,0000000,23,2,23,5,88,88,0,0,0,1,1
15,150032,2,1,0,1,3,3000,3,4,2010,7,19,55,0,15,4,6017,,0,21.38690833,-157.729866670,0,14,0,0,1,1,4,0,3,2,0,2,0,0000000,20,0,20,3,20,31,0,0,0,1,1
15,150033,4,4,0,6,9,2900,11,4,2010,1,10,20,1,3,3,SR-37,KEAHUA,33,20.86735278,-156.380811110,0,12,1,0,3,2,1,0,1,1,0,1,0,0000000,10,22,10,31,99,99,0,0,0,1,0
15,150034,1,1,0,1,3,9600,14,4,2010,4,21,50,0,13,4,7101,OLD FORT WEAVER ROAD,0,21.37445278,-158.030425000,0,35,0,0,3,4,8,0,3,1,0,1,0,0000000,21,52,21,54,22,7,0,0,0,1,1
15,150035,1,1,0,1,1,2000,13,4,2010,3,15,45,0,15,4,180,,49,19.63444444,-155.949233330,0,1,0,0,1,1,4,0,1,2,10,2,0,0000000,99,99,99,99,88,88,0,0,0,1,0
15,150036,1,1,0,1,1,1700,16,4,2010,6,22,30,0,3,3,SR-11,,321,19.42050000,-155.304258330,1,24,0,0,1,1,4,0,2,10,0,10,0,0000000,22,22,22,28,88,88,0,0,0,1,1
15,150037,1,1,0,1,9,5600,20,4,2010,3,99,99,1,13,3,SR-30,,109,20.79160000,-156.564022220,0,35,0,0,1,1,2,0,1,1,0,1,0,0000000,88,88,88,88,88,88,0,0,0,1,1
15,150038,2,2,0,4,1,7600,28,4,2010,4,5,30,0,3,3,SR-11,,577,19.15781667,-155.505638890,0,11,0,0,1,1,1,0,4,1,0,1,0,0000000,5,32,5,43,6,3,0,0,0,1,0
15,150039,1,1,0,2,3,9100,1,5,2010,7,2,40,0,3,4,KAUKONAHUA ROAD,,8,21.52890000,-158.080172220,0,24,0,0,1,1,4,0,2,10,0,10,0,0000000,2,40,2,54,3,34,0,0,0,1,1
15,150040,1,1,0,11,3,9998,7,5,2010,6,1,30,0,16,4,ROOSEVELT AVENUE,,0,21.32377778,-158.070602780,0,33,0,0,1,1,4,0,2,1,0,1,0,0000000,1,31,1,39,2,44,0,0,0,1,0
15,150041,2,2,0,3,3,100,7,5,2010,6,4,45,1,1,1,I-H-3,,99999,21.40556944,-157.854008330,0,12,1,0,1,1,1,0,3,1,0,1,0,0000000,4,49,4,49,6,0,0,0,0,1,0
15,150042,2,2,0,3,3,3500,8,5,2010,7,15,50,1,13,3,SR-83,,99999,21.44937778,-157.833080560,0,12,6,0,1,1,1,0,1,1,0,1,0,0000000,15,50,15,56,16,27,0,0,0,1,0
15,150043,2,2,0,5,3,2400,9,5,2010,1,15,35,1,13,3,SR-92,CAMP CATLIN ROAD,0,21.33695000,-157.913447220,0,12,6,0,2,2,1,0,1,1,0,1,0,0000000,15,37,15,44,16,0,0,0,0,1,1
15,150044,1,1,0,1,3,1600,13,5,2010,5,21,52,1,2,3,SR-83,,99999,21.57897222,-157.884777780,0,59,0,0,1,1,2,0,3,1,0,1,0,0000000,22,2,22,21,88,88,0,0,0,1,0
15,150045,2,2,0,4,3,8900,13,5,2010,5,22,55,0,15,3,SR-7012,IHIIHI AVENUE,0,21.51129167,-158.018922220,0,12,6,0,2,2,1,0,3,1,0,1,0,0000000,22,54,22,59,23,39,0,0,0,1,1
15,150046,2,2,0,6,1,3250,19,5,2010,4,18,30,1,2,3,SR-19,PAPALELE ROAD,398,20.06313333,-155.417658330,0,12,2,0,2,3,1,0,3,1,0,1,0,0000000,18,30,18,36,19,16,0,0,0,1,0
15,150047,2,2,0,2,1,1900,21,5,2010,6,11,5,0,13,7,2770,,0,19.71801111,-155.070091670,0,12,9,0,8,1,1,0,1,1,0,1,0,0000000,11,5,11,10,11,25,0,0,0,1,0
15,150048,2,2,1,2,3,3627,22,5,2010,7,1,35,1,1,1,I-H-1,,99999,21.33247500,-158.091133330,0,12,1,0,1,1,1,0,2,1,0,1,0,0000000,1,38,1,43,2,42,14,0,0,1,0
15,150049,3,3,0,8,1,3002,22,5,2010,7,23,54,0,15,3,SR-190,,385,19.66807222,-155.981097220,0,12,8,0,1,1,1,0,6,1,0,1,0,0000000,23,54,23,59,99,99,14,0,0,2,1
15,150050,2,2,0,3,1,3002,23,5,2010,1,18,45,0,15,3,SR-190,MAHILANI DRIVE,0,19.72727778,-155.978822220,0,12,6,0,2,3,1,0,5,98,0,98,0,0000000,18,49,18,58,19,27,0,0,0,1,2
15,150051,1,1,0,2,3,3627,25,5,2010,3,18,4,1,1,1,I-H-1,,99999,21.37332222,-158.052266670,0,35,0,0,1,1,4,0,1,1,0,1,0,0000000,18,5,18,11,18,30,0,0,0,1,0
15,150052,1,1,0,2,1,1700,28,5,2010,6,7,15,0,3,3,SR-11,,347,19.32815278,-155.400752780,1,35,0,0,1,1,4,0,1,10,0,10,0,0000000,7,17,99,99,88,88,0,0,0,1,0
15,150053,1,1,0,4,1,3400,31,5,2010,2,17,32,0,6,8,MANA ROAD,,0,99.99990000,999.999900000,0,5,0,0,4,1,1,0,1,10,0,10,0,0000000,17,38,17,45,18,1,0,0,0,1,0
15,150054,2,2,0,3,7,4900,1,6,2010,3,17,15,0,3,3,SR-56,,225,22.20152222,-159.402061110,0,12,2,0,1,1,1,0,1,1,0,1,0,0000000,17,17,17,22,18,17,0,0,0,1,0
15,150055,2,2,0,3,1,6700,2,6,2010,4,14,49,0,3,3,SR-11,,99999,19.54741944,-155.112075000,0,12,6,0,1,1,1,0,1,1,0,1,0,0000000,14,49,15,9,88,88,0,0,0,1,1
15,150056,1,1,0,1,3,9200,18,6,2010,6,2,15,1,13,3,SR-93,,99999,21.48565833,-158.229733330,0,41,0,0,1,1,4,0,3,2,0,2,0,0000000,2,15,2,28,88,88,0,0,0,1,1
15,150057,1,1,1,2,3,2400,19,6,2010,7,2,48,0,13,4,KAPIOLANI BOULEVARD,KAMAKEE STREET,0,21.29635278,-157.849900000,0,8,0,0,2,3,1,0,3,1,0,1,0,0000000,2,47,2,51,3,17,19,0,0,1,1
15,150058,2,2,0,3,1,9997,20,6,2010,1,18,45,0,5,4,KAMAOA ROAD,,0,19.03842778,-155.649491670,0,12,2,0,1,1,1,0,5,10,2,2,0,0000000,18,45,19,2,20,36,0,0,0,1,0
15,150059,1,1,0,1,7,200,23,6,2010,4,21,24,0,4,4,KUKUIHALE ROAD,,0,22.14216667,-159.298913890,0,58,0,0,1,1,2,0,3,1,0,1,0,0000000,21,29,21,38,88,88,0,0,0,1,0
15,150060,2,2,1,4,9,5600,20,5,2010,5,20,59,1,13,3,SR-30,,232,20.90496389,-156.686152780,0,8,0,0,1,1,1,0,2,1,0,1,0,0000000,21,0,21,14,88,88,14,0,0,1,0
15,150061,1,1,0,2,3,2400,28,6,2010,2,13,10,0,6,4,NAHIOLEA STREET,,0,21.37760556,-157.913280560,0,5,0,0,1,1,1,0,1,1,0,1,0,0000000,13,11,13,17,13,48,0,0,0,1,0
15,150062,1,1,0,3,9,9300,3,7,2010,7,2,4,1,13,3,SR-30,,13,20.86651111,-156.502775000,0,35,0,0,1,1,4,0,7,1,0,1,0,0000000,2,6,2,16,2,32,0,0,0,1,1
15,150063,2,2,0,2,7,8400,5,7,2010,2,9,43,1,13,3,SR-50,,22,21.96494722,-159.399927780,0,12,2,0,1,1,1,0,1,10,0,10,0,0000000,9,44,9,52,10,26,0,0,0,1,1
15,150064,1,1,1,1,3,2400,6,7,2010,3,6,10,0,14,3,SR-63,ELUWENE STREET,99999,21.32755556,-157.879158330,0,8,0,0,2,3,1,0,4,10,2,2,0,0000000,6,15,6,25,6,54,0,0,0,1,0
15,150065,1,1,1,1,3,2400,10,7,2010,7,6,40,0,14,4,WAIAKAMILO ROAD,N. KING STREET,0,21.32847500,-157.871988890,0,8,0,0,2,2,1,0,4,10,2,2,0,0000000,6,39,6,44,6,57,0,0,0,1,0
15,150066,1,1,0,2,7,3600,18,7,2010,1,0,55,1,13,3,SR-56,,70,22.05791111,-159.324536110,0,17,0,0,1,1,4,0,6,1,0,1,0,0000000,0,57,1,2,1,25,0,0,0,1,1
15,150067,2,2,0,2,3,2400,23,7,2010,6,22,42,0,13,4,WAIALAE AVENUE,SAINT LOUIS DRIVE,0,21.28881389,-157.811650000,0,12,2,0,2,3,1,0,3,1,0,1,0,0000000,22,41,22,45,23,12,0,0,0,1,0
15,150068,2,2,0,5,3,9400,25,7,2010,1,1,43,1,13,3,SR-72,,99999,21.32767778,-157.687455560,0,12,6,0,8,1,1,0,3,1,0,1,0,0000000,1,43,1,49,2,36,0,0,0,1,1
15,150069,1,1,1,1,3,3500,26,7,2010,2,17,27,0,14,4,6510,,0,21.41651667,-157.801222220,0,8,0,0,8,1,1,0,1,1,0,1,0,0000000,17,37,17,39,18,13,0,0,0,1,0
15,150070,2,2,0,2,3,2400,28,7,2010,4,21,40,1,13,3,SR-92,ACCESS ROAD,99999,21.31944167,-157.876508330,0,12,6,0,2,2,1,0,3,10,2,2,0,0000000,21,52,22,0,22,17,0,0,0,1,1
15,150071,1,1,0,1,1,7700,28,7,2010,4,21,20,0,9,9,AINALOA DRIVE,MACADAMIA DRIVE,0,19.53055000,-154.980697220,0,30,0,0,3,3,4,0,2,10,0,10,0,0000000,21,25,21,32,22,37,0,0,0,1,1
15,150072,1,1,0,2,1,3002,30,7,2010,6,0,55,0,15,3,SR-190,,369,19.66208056,-155.981438890,0,17,0,0,1,1,4,0,6,1,0,1,0,0000000,1,0,1,6,1,39,0,0,0,1,1
15,150073,1,1,0,1,7,4900,30,7,2010,6,0,30,0,3,3,SR-56,,250,22.20814722,-159.432305560,0,35,0,0,1,1,4,0,2,1,0,1,0,0000000,0,37,0,42,1,47,0,0,0,1,1
15,150074,2,2,0,4,1,2100,1,8,2010,1,18,10,0,3,3,SR-11,,879,19.18440833,-155.863466670,0,12,2,0,1,1,1,0,5,1,0,1,0,0000000,18,13,18,29,19,2,0,0,0,1,1
15,150075,1,1,1,1,3,501,13,8,2010,6,16,13,0,14,3,SR-76,KAIMALIE STREET,99999,21.31988056,-158.014983330,0,8,0,0,2,3,1,0,1,1,0,1,0,0000000,16,16,16,22,17,1,0,0,0,1,0
15,150076,1,1,2,2,3,9600,22,8,2010,1,8,27,0,13,3,SR-93,,99999,21.38641944,-157.998205560,0,33,0,0,1,1,5,0,1,1,0,1,0,0000000,8,30,8,36,8,58,0,0,0,1,1
15,150077,2,2,0,3,9,2900,29,8,2010,1,11,26,0,14,3,SR-37,,99999,20.88467500,-156.427588890,0,12,6,0,1,1,1,0,1,1,0,1,0,0000000,11,27,11,41,12,55,0,0,0,1,0
15,150078,1,1,1,1,3,2400,3,9,2010,6,15,56,0,14,4,WAIAKAMILO ROAD,DILLINGHAM BLVD.,0,21.32391944,-157.875938890,0,9,0,0,2,2,1,0,1,1,0,1,0,0000000,15,57,16,1,16,13,0,0,0,1,0
15,150079,1,1,0,1,3,2400,12,9,2010,1,1,9,0,15,4,KAHALA AVENUE,,0,21.27210000,-157.775066670,0,33,0,0,1,1,4,0,2,1,0,1,0,0000000,1,10,1,19,88,88,0,0,0,1,1
15,150080,1,1,1,1,1,1900,14,9,2010,3,8,45,0,16,6,HAILE STREET,KINAOOLE STREET,0,19.72348333,-155.087944440,0,8,0,0,2,2,1,0,1,2,0,2,0,0000000,8,49,8,52,9,17,0,0,0,1,0
15,150081,1,1,0,1,3,3627,18,9,2010,7,7,40,1,11,1,I-H-1,,99999,21.35246111,-158.067255560,0,24,0,0,1,1,4,0,1,1,0,1,0,0000000,7,42,7,48,8,8,0,0,0,1,0
15,150082,2,2,0,3,1,1900,22,9,2010,4,10,0,1,2,3,SR-19,KULANA STREET,50,19.77168889,-155.092908330,0,12,6,0,2,3,1,0,1,10,0,10,0,0000000,10,6,10,13,10,37,0,0,0,1,0
15,150083,1,1,0,2,3,9600,27,9,2010,2,5,20,0,15,4,LUMIAINA STREET,,0,21.40521111,-157.997711110,0,33,0,0,1,1,4,0,4,1,0,1,0,0000000,5,23,5,32,6,7,0,0,0,1,0
15,150084,1,1,1,2,3,2400,29,9,2010,4,19,40,0,13,3,SR-83,,99999,21.33312222,-157.888963890,0,9,0,1,5,1,1,0,3,2,0,2,0,0000000,19,41,19,48,20,16,0,0,0,1,0
15,150085,1,1,0,1,3,3500,29,9,2010,4,22,39,1,2,3,SR-83,,99999,21.48985000,-157.850522220,0,42,0,0,1,1,3,0,3,10,2,2,0,0000000,22,41,22,51,23,48,0,0,0,1,1
15,150086,1,1,1,2,3,9200,9,10,2010,7,4,10,1,13,3,SR-93,,99999,21.38283333,-158.146950000,0,33,0,0,1,1,5,0,3,1,0,1,0,0000000,4,16,4,27,5,17,0,0,0,1,1
15,150087,2,2,0,2,3,2400,15,10,2010,6,7,20,1,11,3,SR-78,,99999,21.35692500,-157.898950000,0,12,6,0,5,1,1,0,1,1,0,1,0,0000000,7,25,7,38,7,49,0,0,0,1,0
15,150088,2,2,0,2,3,2400,16,10,2010,7,12,40,1,12,3,SR-61,,99999,21.36578889,-157.779925000,0,25,0,0,1,1,3,0,1,1,0,1,0,0000000,12,43,12,57,13,22,0,0,0,1,0
15,150089,2,2,0,2,1,300,17,10,2010,1,9,0,0,3,3,SR-11,,99999,19.21520833,-155.871405560,0,12,2,0,1,1,1,0,1,1,0,1,0,0000000,9,5,9,34,10,32,0,0,0,1,0
15,150090,1,1,1,1,3,2400,25,10,2010,2,16,40,0,15,4,KALIA ROAD,MALUHIA ROAD,0,21.28264722,-157.834311110,0,8,0,0,2,2,1,0,1,1,0,1,1,0000000,16,43,16,49,17,10,0,0,0,1,0
15,150091,2,2,0,2,3,2400,28,10,2010,5,19,30,0,15,4,ISENBERG STREET,SOUTH KING STREET,0,21.29317500,-157.825511110,0,12,6,0,2,2,1,0,6,10,0,10,0,0000000,19,33,19,36,19,59,0,0,0,1,0
15,150092,2,2,0,2,9,2900,29,10,2010,6,18,27,0,15,4,S. KAMEHAMEHA AVENUE,KUUHOA STREET,0,20.86971944,-156.480663890,0,12,6,0,2,3,1,0,5,1,0,1,0,0000000,18,27,18,34,18,58,0,0,0,1,0
15,150093,1,1,1,1,3,9200,2,11,2010,3,10,50,1,13,3,SR-93,ALAWA PLACE,99999,21.45752222,-158.201622220,0,8,0,0,2,2,1,0,1,1,0,1,0,0000000,10,59,11,4,11,28,0,0,0,1,0
15,150094,1,1,1,2,3,2400,12,11,2010,6,5,49,0,14,4,NUUANU AVE.,KAUILIA ST.,0,21.31211111,-157.860208330,0,8,0,0,2,3,1,0,4,1,0,1,0,0000000,5,53,5,56,6,13,0,0,0,1,0
15,150095,1,1,0,1,1,2500,14,11,2010,1,20,22,1,2,3,SR-19,,140,19.88148056,-155.117941670,0,24,0,0,1,1,4,0,2,99,0,99,0,0000000,20,23,20,36,21,5,0,0,0,1,1
15,150096,1,1,1,1,9,2900,15,11,2010,2,21,48,1,13,3,SR-32,WHARF STREET,99999,20.89191389,-156.465825000,0,8,0,0,2,3,1,0,5,1,0,1,0,0000000,21,48,21,53,22,5,0,0,0,1,0
15,150097,1,1,1,1,3,3500,18,11,2010,5,5,19,1,13,3,SR-83,,99999,21.44388056,-157.832766670,0,8,0,0,1,1,6,0,3,1,0,1,0,0000000,5,21,5,28,88,88,0,0,0,1,0
15,150098,4,1,0,5,3,1000,21,11,2010,1,22,23,1,2,3,SR-83,,99999,21.64666944,-158.062888890,0,38,0,0,1,1,4,0,6,1,0,1,0,0000000,22,27,22,38,23,47,0,0,0,1,1
15,150099,1,1,1,1,3,2400,21,11,2010,1,23,5,0,13,4,S. KING STREET,VICTORIA STREET,0,21.30151944,-157.848761110,0,8,0,0,2,2,1,0,3,1,0,1,0,0000000,23,7,23,12,88,88,0,0,0,1,0
15,150100,1,1,1,1,3,2400,27,11,2010,7,5,20,1,13,3,SR-63,KALIHI STREET,99999,21.33427222,-157.871538890,0,8,0,0,2,3,1,0,6,10,0,10,0,0000000,5,21,5,27,99,99,0,0,0,1,1
15,150101,1,1,0,4,3,8900,28,11,2010,1,0,52,0,3,4,KAUKONAHUA ROAD,,0,21.52494722,-158.076094440,0,30,0,0,1,1,4,0,6,10,2,2,0,0000000,0,56,1,14,99,99,0,0,0,2,1
15,150102,2,1,0,1,3,3627,28,11,2010,1,19,52,1,11,1,I-H-1,,99999,21.34094722,-158.079358330,0,14,0,0,1,1,2,0,2,1,0,1,0,0000000,19,55,19,55,20,42,23,0,0,1,1
15,150103,1,1,0,1,3,100,1,12,2010,4,6,14,1,11,1,I-H-201,,99999,21.37238333,-157.920002780,0,35,0,1,5,1,4,0,4,10,2,2,0,0000000,6,9,6,14,6,50,0,0,0,1,0
15,150104,1,1,0,1,3,9600,10,12,2010,6,4,21,1,11,1,I-H-1,,99999,21.39031667,-158.020113890,0,35,0,0,1,1,4,0,3,2,0,2,0,0000000,4,22,4,28,4,40,0,0,0,1,1
15,150105,1,1,0,1,1,7700,11,12,2010,7,1,0,0,6,8,KAIMU-KAPOHO ROAD,,0,19.45732500,-154.842338890,0,3,0,0,1,1,5,0,6,10,0,10,0,0000000,1,18,1,41,99,99,0,0,0,1,0
15,150107,2,2,0,10,1,3002,18,12,2010,7,15,50,1,2,3,SR-19,KEALAKEHE PARKWAY,976,19.67128056,-156.015558330,0,12,6,0,2,2,1,0,1,1,0,1,0,0000000,15,54,16,6,16,36,0,0,0,1,0
15,150108,1,1,1,1,3,6625,17,12,2010,6,23,10,1,13,3,SR-99,,99999,21.47858889,-158.026527780,0,9,0,0,1,1,1,0,3,1,0,1,0,0000000,23,12,23,18,23,42,0,0,0,1,0
15,150109,2,2,0,3,1,3002,19,12,2010,1,19,6,0,13,3,SR-11,,1210,19.63678611,-155.979122220,0,12,2,0,1,1,1,0,5,1,0,1,0,0000000,19,13,19,33,20,22,0,0,0,1,0
15,150110,1,1,0,3,1,3625,30,12,2010,5,13,0,0,6,8,PRATT ROAD,,0,20.23896667,-155.805294440,0,1,0,0,1,1,1,0,1,1,0,1,0,0000000,13,16,13,25,13,51,0,0,0,1,0
16,160001,2,2,0,4,27,0,9,1,2010,7,18,22,1,2,3,SR-55,MALT RD,86,43.60329167,-116.752491670,0,12,6,0,2,2,1,0,2,1,0,1,0,0000000,18,23,18,33,99,99,0,0,0,1,0
16,160002,1,1,0,2,5,0,18,1,2010,2,15,40,1,1,1,I-15,,640,42.80913056,-112.376561110,0,1,0,0,1,1,3,0,1,1,0,1,0,0000000,15,45,15,49,99,99,0,0,0,1,0
16,160003,1,1,1,1,67,1590,20,1,2010,4,10,20,0,14,6,ONEIDA ST,,516,42.61131944,-113.677533330,0,9,0,0,8,1,1,0,1,1,0,1,0,0000000,10,21,10,24,88,88,0,0,0,1,0
16,160004,1,1,0,1,37,0,23,1,2010,7,2,0,1,2,2,US-93,,2591,44.64368056,-114.102844440,0,42,0,0,1,1,5,0,2,1,0,1,0,0000000,8,0,8,30,88,88,0,0,0,1,0
16,160005,2,2,0,4,33,0,5,1,2010,3,17,35,1,1,1,I-15,,1897,44.48490278,-112.235522220,0,12,7,1,18,1,1,0,2,4,10,4,0,0000000,17,45,18,19,99,99,0,0,0,1,0
16,160006,1,1,0,3,5,1430,26,1,2010,3,22,4,0,16,6,MCKINLEY AVE,Z ST,0,42.89857222,-112.456141670,0,43,0,0,3,3,5,0,3,10,0,10,0,0000000,22,5,22,11,99,99,0,0,0,1,1
16,160007,1,1,0,1,65,0,29,1,2010,6,23,36,1,2,2,US-20,,3274,43.74742778,-111.855347220,0,11,0,0,1,1,1,0,2,5,0,5,0,0000000,99,99,99,99,88,88,0,0,0,1,0
16,160008,1,1,0,2,27,0,14,1,2010,5,9,41,0,3,3,SR-45,,187,43.45410556,-116.573208330,0,35,0,0,1,1,4,0,1,1,0,1,0,0000000,9,42,9,51,99,99,0,0,0,1,0
16,160009,1,1,0,1,77,0,10,2,2010,4,99,99,1,1,1,I-86,,522,42.88706944,-112.639002780,3,35,0,0,1,1,3,0,2,10,0,10,0,0000000,1,38,2,1,88,88,0,0,0,1,1
16,160010,1,1,0,1,49,0,22,2,2010,2,15,15,0,3,3,SR-13,,168,46.02441389,-115.974341670,3,35,0,0,1,1,4,0,1,10,0,10,0,0000000,15,16,15,31,88,88,0,0,0,1,1
16,160011,2,2,0,2,1,435,13,2,2010,7,13,49,0,13,3,SR-44,STATE ST,164,43.69489722,-116.377405560,0,12,6,0,2,3,1,0,1,10,0,10,0,0000000,13,50,13,56,99,99,0,0,0,1,0
16,160012,1,1,0,1,1,160,15,2,2010,2,20,7,0,14,6,CURTIS RD,,7,43.60026944,-116.253677780,0,24,0,0,1,1,4,0,3,1,0,1,0,0000000,20,9,20,11,88,88,0,0,0,1,0
16,160013,2,2,0,2,11,0,26,2,2010,6,12,27,0,3,3,SR-39,400 SOUTH RD,398,43.13919444,-112.581569440,0,12,6,1,2,2,1,0,1,10,0,10,0,0000000,12,29,12,33,99,99,0,0,0,1,0
16,160014,1,1,0,2,11,0,17,2,2010,4,21,52,0,6,8,SHEEPSKIN RD,,0,43.03684167,-112.494219440,3,42,0,0,1,1,5,0,2,10,0,10,0,0000000,21,55,21,58,88,88,0,0,0,2,1
16,160015,1,1,0,5,53,0,1,3,2010,2,9,40,1,1,1,I-84,,1975,42.57610833,-113.991555560,0,1,0,0,1,1,3,0,1,1,0,1,0,0000000,9,52,10,3,99,99,0,0,0,1,0
16,160016,1,1,0,1,49,0,7,3,2010,1,10,22,0,4,3,SR-162,,158,46.14726667,-116.087538890,3,42,0,0,1,1,5,0,1,1,0,1,0,0000000,10,25,10,42,88,88,0,0,0,1,0
16,160017,1,1,0,1,5,0,10,3,2010,4,19,30,0,6,4,SMITH CANYON RD,,0,42.55059444,-112.059994440,0,1,0,0,1,1,1,0,2,1,0,1,0,0000000,99,99,99,99,88,88,0,0,0,1,1
16,160018,1,1,0,2,31,0,10,3,2010,4,7,54,0,4,3,SR-27,,141,42.43226944,-113.813844440,0,1,0,0,1,1,5,0,1,1,0,1,0,0000000,7,55,8,5,99,99,0,0,0,1,0
16,160019,1,1,0,1,11,0,14,3,2010,1,3,20,1,1,1,I-15,,888,43.14943333,-112.388886110,3,24,0,1,19,1,3,0,2,10,0,10,0,0000000,3,31,3,36,99,99,0,0,0,1,0
16,160020,1,1,0,2,31,0,11,3,2010,5,14,26,0,6,4,ROCK CREEK RD,,0,42.16986111,-114.259444440,0,1,0,0,1,1,4,0,1,1,0,1,0,0000000,99,99,99,99,88,88,0,0,0,1,1
16,160021,1,1,0,1,65,0,20,3,2010,7,8,8,0,4,4,6000 WEST RD,,1040,43.88353056,-111.897336110,0,34,0,0,1,1,5,0,1,1,0,1,0,0000000,8,16,8,26,88,88,0,0,0,1,1
16,160022,1,1,0,1,61,0,20,3,2010,7,99,99,0,4,3,SR-64,,257,46.22545278,-116.066263890,3,35,0,0,1,1,4,0,1,1,0,1,0,0000000,88,88,88,88,88,88,0,0,0,1,0
16,160023,1,1,0,1,19,790,27,3,2010,7,18,9,0,13,6,SCIENCE CENTER DR,,2,43.51511389,-112.042308330,0,33,0,0,1,1,4,0,1,1,0,1,0,0000000,18,14,18,21,99,99,0,0,0,1,1
16,160024,1,1,0,3,5,0,26,3,2010,6,19,49,1,1,1,I-15,,259,42.36303056,-112.215963890,0,18,0,0,1,1,1,0,1,10,0,10,0,0000000,19,55,20,12,99,99,0,0,0,1,0
16,160025,1,1,0,5,53,830,29,3,2010,2,10,13,1,1,1,I-84,,1675,42.69401667,-114.522333330,0,1,0,0,1,1,3,0,1,10,0,10,0,0000000,10,13,10,19,99,99,0,0,0,1,0
16,160026,1,1,0,1,79,0,29,3,2010,2,21,30,0,4,4,PRICHARD CREEK RD,,287,47.62495278,-115.885913890,0,34,0,0,1,1,4,0,2,10,0,10,0,0000000,21,38,21,40,88,88,0,0,0,1,0
16,160027,1,1,0,1,55,688,29,3,2010,2,18,5,0,14,6,RAMSEY RD,,169,47.77295000,-116.808122220,0,38,0,0,1,1,4,0,1,10,0,10,0,0000000,18,11,18,16,88,88,0,0,0,1,0
16,160028,2,2,0,3,5,1430,19,3,2010,6,19,2,0,14,6,SATTERFIELD DR,SUMMIT DR,107,42.90500833,-112.412661110,0,12,6,0,2,3,1,0,1,1,0,1,0,0000000,19,4,19,6,99,99,0,0,0,1,0
16,160029,1,1,0,1,85,0,22,3,2010,2,16,36,0,4,4,WARREN WAGON RD,,130,45.08199167,-116.050794440,0,42,0,0,1,1,4,0,1,1,0,1,0,0000000,16,42,17,1,88,88,0,0,0,1,1
16,160030,1,1,0,5,39,0,2,4,2010,6,18,25,1,1,1,I-84,,1189,42.96423889,-115.333041670,0,1,0,0,1,1,4,0,1,4,10,4,0,0000000,18,28,18,32,99,99,0,0,0,1,0
16,160031,1,1,0,1,49,0,4,4,2010,1,15,7,1,2,2,US-12,,1201,46.33373611,-115.346372220,0,35,0,0,1,1,4,0,1,10,0,10,0,0000000,15,14,16,7,88,88,0,0,0,1,0
16,160032,2,2,0,2,27,0,11,4,2010,1,9,18,0,15,6,OLD US 30,,3,43.71167222,-116.695394440,0,12,2,0,1,1,1,0,1,10,0,10,0,0000000,9,20,9,26,99,99,0,0,0,1,0
16,160033,1,1,0,4,71,0,15,4,2010,5,12,45,1,1,1,I-84,,2631,42.14439444,-112.979686110,0,1,0,0,1,1,3,0,1,10,0,10,0,0000000,12,48,13,24,99,99,0,0,0,2,0
16,160034,1,1,0,4,13,0,15,4,2010,5,14,45,1,2,2,US-93,,2122,43.36247500,-113.829002780,0,1,0,0,1,1,1,0,1,1,0,1,0,0000000,14,47,15,1,99,99,0,0,0,1,0
16,160035,1,1,0,1,79,0,18,4,2010,1,7,5,0,4,4,SILVER VALLEY RD,,85,47.54776111,-116.221450000,0,43,0,0,1,1,5,0,1,1,0,1,0,0000000,7,10,7,24,99,99,0,0,0,1,0
16,160036,1,1,1,3,9,385,19,4,2010,2,5,34,0,6,5,DESMET RD,,0,47.14823333,-116.916900000,3,8,0,0,1,1,1,0,4,1,0,1,0,0000000,5,36,5,57,99,99,0,0,0,1,1
16,160037,2,2,0,2,1,160,21,4,2010,4,7,21,0,14,6,MAPLE GROVE RD,,145,43.59693611,-116.294102780,0,12,2,0,1,1,1,0,1,10,0,10,0,0000000,7,22,7,25,99,99,0,0,0,1,0
16,160038,2,2,0,3,55,0,23,4,2010,6,20,41,1,2,3,SR-53,,34,47.76315556,-116.981822220,0,12,2,0,1,1,1,0,2,10,0,10,0,0000000,20,44,20,45,99,99,0,0,0,1,1
16,160039,5,5,0,7,55,0,6,4,2010,3,14,11,1,2,2,US-95,,4423,47.86054167,-116.749972220,0,12,2,0,1,1,1,0,1,2,4,4,0,0000000,14,10,14,30,99,99,0,0,0,1,0