STATE,ST_CASE,VE_TOTAL,VE_FORMS,PEDS,PERSONS,COUNTY,CITY,DAY,MONTH,YEAR,DAY_WEEK,HOUR,MINUTE,NHS,ROAD_FNC,ROUTE,TWAY_ID,TWAY_ID2,MILEPT,LATITUDE,LONGITUD,SP_JUR,HARM_EV,MAN_COLL,RELJCT1,RELJCT2,TYP_INT,REL_ROAD,WRK_ZONE,LGT_COND,WEATHER1,WEATHER2,WEATHER,SCH_BUS,RAIL,NOT_HOUR,NOT_MIN,ARR_HOUR,ARR_MIN,HOSP_HR,HOSP_MN,CF1,CF2,CF3,FATALS,DRUNK_DR
16,160040,1,1,0,2,43,0,4,5,2010,3,22,20,0,4,4,SAND CREEK RD,W RIVER RD,0,43.98482500,-111.638530560,0,38,0,0,2,4,5,0,2,1,0,1,0,0000000,22,43,22,52,99,99,0,0,0,1,0
16,160041,2,2,0,2,29,0,13,5,2010,5,17,22,0,6,4,CENTRAL RD,HEGSTROM RD,0,42.63480278,-111.798494440,0,12,6,0,2,2,1,0,1,1,0,1,0,0000000,17,23,17,30,99,99,0,0,0,1,0
16,160042,1,1,0,1,49,0,14,5,2010,6,19,13,0,6,4,TOLL RD,BROADWAY,0,46.14138611,-115.966844440,3,1,0,0,3,4,5,0,1,1,0,1,0,0000000,19,18,19,27,99,99,0,0,0,1,1
16,160043,1,1,0,1,69,0,15,5,2010,7,1,50,1,2,2,US-95,,2933,46.36876667,-116.728619440,3,35,0,0,1,1,4,0,2,1,0,1,0,0000000,3,0,4,14,88,88,18,0,0,1,0
16,160044,1,1,0,1,19,0,16,5,2010,1,17,29,0,4,4,YORK  RD,,60,43.43885000,-111.961800000,0,30,0,0,1,1,4,0,1,1,0,1,0,0000000,17,29,17,39,99,99,0,0,0,1,0
16,160045,1,1,0,1,43,0,17,5,2010,2,11,19,0,4,3,SR-32,,169,43.97907500,-111.317925000,0,1,0,0,1,1,1,0,1,10,0,10,0,0000000,11,22,11,40,88,88,0,0,0,1,0
16,160046,1,1,0,1,63,0,25,5,2010,3,5,26,0,3,3,SR-75,,921,43.19140278,-114.321891670,0,1,0,0,1,1,2,0,4,1,0,1,0,0000000,5,26,5,47,88,88,0,0,0,1,0
16,160047,1,1,0,3,55,0,9,5,2010,1,18,1,0,5,4,WOLF LODGE CREEK RD,,0,47.64006944,-116.621363890,0,5,0,0,1,1,1,0,1,1,0,1,0,0000000,18,3,18,18,88,88,0,0,0,1,0
16,160048,1,1,0,3,11,0,28,5,2010,6,16,12,0,6,4,400 SOUTH RD,,0,43.13915278,-112.539225000,0,34,0,0,1,1,5,0,1,10,0,10,0,0000000,16,13,16,29,99,99,0,0,0,1,0
16,160049,1,1,0,1,11,0,5,6,2010,7,1,0,0,4,4,2200 WEST RD,,1028,43.06327500,-112.731572220,0,38,0,0,1,1,5,0,2,10,2,2,0,0000000,88,88,88,88,88,88,0,0,0,1,1
16,160050,1,1,0,1,27,0,6,6,2010,1,22,15,1,2,3,SR-55,,65,43.60032222,-116.792638890,0,24,0,0,1,1,4,0,2,10,0,10,0,0000000,22,15,22,26,88,88,0,0,0,1,1
16,160051,1,1,0,1,17,0,9,6,2010,4,99,99,0,5,4,BOTTLE BAY RD,,0,48.26082778,-116.482544440,0,42,0,0,1,1,4,0,2,10,2,2,0,0000000,8,53,9,3,88,88,18,0,0,1,1
16,160052,2,2,0,2,53,0,12,6,2010,7,15,15,0,4,3,SR-50,,44,42.57255833,-114.296188890,0,12,2,0,1,1,1,0,1,1,0,1,0,0000000,15,16,15,33,88,88,0,0,0,1,1
16,160053,1,1,0,2,55,300,17,5,2010,2,19,14,0,16,6,LAKESIDE AVE,9TH ST,0,47.67418611,-116.773736110,0,1,0,0,3,1,1,0,1,10,0,10,0,0000000,19,16,19,21,99,99,0,0,0,1,0
16,160054,1,1,0,1,5,0,21,5,2010,6,17,53,1,11,1,I-15,,646,42.81616389,-112.383313890,0,1,0,0,1,1,3,0,1,10,0,10,0,0000000,17,56,18,3,99,99,0,0,0,1,0
16,160055,1,1,0,3,77,0,22,5,2010,7,6,43,1,1,1,I-86,,221,42.62516389,-113.092383330,0,1,0,0,1,1,3,0,1,10,0,10,0,0000000,6,48,7,5,99,99,0,0,0,2,0
16,160056,1,1,0,4,39,0,6,6,2010,1,2,30,1,1,1,I-84,,1166,42.95478889,-115.375994440,0,1,0,0,1,1,3,0,2,2,0,2,0,0000000,2,30,2,56,99,99,0,0,0,2,1
16,160057,1,1,0,1,59,0,7,6,2010,2,6,0,1,2,2,US-93,,3401,45.57812222,-113.964744440,0,35,0,0,1,1,4,0,1,10,2,2,0,0000000,7,14,7,25,88,88,0,0,0,1,0
16,160058,1,1,0,1,15,0,9,6,2010,4,21,0,0,3,3,SR-21,,448,43.86887778,-115.751202780,0,42,0,0,1,1,4,0,9,10,0,10,0,0000000,12,9,14,3,88,88,18,0,0,1,1
16,160059,1,1,0,1,19,0,21,5,2010,6,13,45,0,9,8,LONG GULCH RD,,0,43.37450000,-111.302038890,0,1,0,0,1,1,4,0,1,10,0,10,0,0000000,15,31,15,45,88,88,0,0,0,1,0
16,160060,2,2,0,5,1,1070,14,6,2010,2,20,20,0,13,6,FAIRVIEW AVE,EAGLE RD,715,43.61949444,-116.354988890,0,12,6,1,3,1,1,0,1,10,0,10,0,0000000,20,23,20,26,99,99,0,0,0,1,0
16,160061,1,1,0,1,1,435,22,5,2010,7,9,16,0,14,6,W STATE ST,N BALLENTYNE LN,162,43.69560278,-116.376533330,0,38,0,0,3,4,5,0,1,10,0,10,0,0000000,9,17,9,21,88,88,0,0,0,1,0
16,160062,1,1,0,1,77,0,18,6,2010,6,16,45,0,9,4,POVEY RD,,0,42.82760833,-112.924511110,0,30,0,0,1,1,5,0,1,1,0,1,0,0000000,17,1,17,10,88,88,0,0,0,1,1
16,160063,2,2,0,5,67,0,9,6,2010,4,21,4,0,13,3,SR-24,100 NORTH RD,65,42.63413333,-113.648836110,0,12,6,1,2,3,1,0,5,1,0,1,0,0000000,21,5,21,10,99,99,0,0,0,1,1
16,160064,2,2,0,3,3,0,27,6,2010,1,16,45,1,2,2,US-95,,1321,44.67713333,-116.449755560,0,12,2,0,1,1,1,0,1,1,0,1,0,0000000,16,49,16,58,99,99,0,0,0,1,0
16,160065,2,2,0,5,57,0,27,6,2010,1,18,29,1,2,2,US-95,,3405,46.66852222,-117.024994440,0,12,2,0,1,1,1,0,1,1,0,1,0,0000000,18,31,18,34,99,99,0,0,0,1,0
16,160066,1,1,0,1,49,0,28,6,2010,2,6,15,1,2,2,US-95,,2063,45.55673333,-116.298350000,0,35,0,0,1,1,4,0,1,1,0,1,0,0000000,6,28,6,40,88,88,0,0,0,1,1
16,160067,2,2,0,2,5,1430,28,6,2010,2,16,45,0,6,4,OLD US 91,I-15 IC63 SB ON RAMP,0,42.79655556,-112.360375000,0,12,6,1,2,3,1,0,1,1,0,1,0,0000000,16,45,16,58,99,99,0,0,0,1,0
16,160068,1,1,0,2,53,0,8,5,2010,7,18,40,0,6,4,1700 EAST RD,,0,42.58642778,-114.190830560,0,5,0,0,1,1,1,0,1,1,0,1,0,0000000,19,5,19,27,99,99,0,0,0,1,0
16,160069,1,1,0,1,55,0,26,6,2010,7,16,40,0,4,4,RIVERVIEW DR,,20,47.69743056,-116.934422220,0,34,0,0,1,1,4,0,1,1,0,1,0,0000000,16,41,16,47,99,99,0,0,0,1,1
16,160070,1,1,1,3,81,0,29,6,2010,3,21,45,0,4,4,8000 SOUTH RD,,11,43.60700556,-111.148383330,0,9,0,0,1,1,2,0,2,2,10,2,0,0000000,21,51,21,57,99,99,0,0,0,1,0
16,160071,1,1,0,1,51,0,5,7,2010,2,13,47,1,1,1,I-15,,1501,43.93234722,-112.214805560,0,1,0,0,1,1,4,0,1,1,0,1,0,0000000,13,52,14,15,99,99,0,0,0,1,0
16,160072,2,2,0,2,69,0,6,7,2010,3,11,53,1,2,2,US-95,NEZ PERCE RD,3078,46.43312500,-116.912127780,0,12,6,0,2,3,1,0,1,1,0,1,0,0000000,11,54,12,5,88,88,0,0,0,1,0
16,160073,1,1,0,1,19,0,8,7,2010,5,1,56,0,5,4,N 5TH WEST RD,,0,43.55978333,-112.038844440,0,38,0,0,1,1,4,0,2,1,0,1,0,0000000,1,56,2,5,88,88,0,0,0,1,1
16,160074,1,1,0,1,15,760,8,7,2010,5,13,31,1,2,3,SR-55,,619,43.88716944,-116.207672220,0,24,0,0,1,1,4,0,1,1,0,1,0,0000000,13,31,13,38,88,88,0,0,0,1,0
16,160075,2,2,0,2,53,0,10,7,2010,7,21,21,0,4,4,3900 NORTH RD,,78,42.56232778,-114.306144440,0,12,8,0,1,1,1,0,5,10,0,10,0,0000000,21,23,21,31,99,99,0,0,0,1,1
16,160076,1,1,0,2,59,0,11,7,2010,1,2,0,0,6,4,WARM SPRINGS RD,,0,45.00879444,-113.622127780,0,38,0,0,1,1,4,0,2,1,0,1,0,0000000,2,17,99,99,99,99,0,0,0,1,1
16,160077,1,1,0,3,17,1640,11,7,2010,1,13,46,0,3,3,SR-200,,389,48.32323611,-116.379666670,0,1,0,0,1,1,1,0,1,1,0,1,0,0000000,13,47,13,55,99,99,0,0,0,1,0
16,160078,2,2,0,3,83,0,11,7,2010,1,17,55,0,3,2,US-30,3900 EAST RD,2282,42.53323889,-114.286330560,0,12,6,0,2,2,1,0,1,1,0,1,0,0000000,17,56,17,58,88,88,0,0,0,1,1
16,160079,1,1,0,1,5,0,12,7,2010,2,14,52,0,4,4,HOOT OWL RD,,46,42.85821667,-112.266566670,0,1,0,0,1,1,4,0,1,1,0,1,0,0000000,14,50,15,8,88,88,0,0,0,1,1
16,160080,1,1,0,1,83,0,10,7,2010,7,14,5,0,4,4,ROCK CREEK RD,,3,42.22887222,-114.274519440,0,42,0,0,1,1,5,0,1,10,0,10,0,0000000,14,12,14,55,88,88,0,0,0,1,1
16,160081,1,1,1,1,11,0,14,7,2010,4,21,59,0,5,4,1050 WEST RD,35 SOUTH RD,0,43.19183333,-112.504763890,0,8,0,0,2,3,1,0,2,1,0,1,0,0000000,21,59,22,5,99,99,0,0,0,1,0
16,160082,2,2,0,2,43,0,16,7,2010,6,2,44,1,2,2,US-20,,3940,44.51618056,-111.327072220,0,12,2,0,1,1,1,0,2,1,0,1,0,0000000,2,55,3,5,99,99,0,0,0,1,1
16,160083,2,2,0,3,41,1480,17,7,2010,7,9,39,0,3,2,US-91,2ND SOUTH ST,81,42.09210000,-111.876644440,0,12,1,0,3,2,1,0,1,1,0,1,0,0000000,9,39,9,44,99,99,0,0,0,2,0
16,160084,1,1,0,1,55,0,10,7,2010,7,16,0,0,9,8,FSR 413,,0,47.64999444,-116.366086110,0,42,0,0,1,1,4,0,1,1,0,1,0,0000000,17,0,17,34,88,88,0,0,0,1,1
16,160085,1,1,0,1,9,0,20,7,2010,3,11,17,0,3,3,SR-3,,650,47.12495833,-116.394716670,0,42,0,0,1,1,5,0,1,10,0,10,0,0000000,11,25,11,35,88,88,0,0,0,1,1
16,160086,1,1,0,2,49,0,22,7,2010,5,9,45,1,2,2,US-12,,1510,46.47205278,-114.892019440,0,1,0,0,1,1,1,0,1,1,0,1,0,0000000,9,55,10,15,88,88,0,0,0,1,0
16,160087,1,1,0,5,11,0,26,6,2010,7,17,12,0,6,8,SHEEPSKIN RD,,0,43.05277222,-112.567763890,3,1,0,0,1,1,2,0,1,1,0,1,0,0000000,17,14,17,25,99,99,0,0,0,1,1
16,160088,1,1,0,1,31,0,24,7,2010,7,22,34,0,4,3,SR-77,,305,42.56547778,-113.623675000,0,1,0,0,1,1,2,0,2,1,0,1,0,0000000,22,34,22,43,99,99,0,0,0,1,1
16,160089,1,1,0,2,1,1070,1,7,2010,5,3,17,0,3,4,BLACK CAT RD,,147,43.58111389,-116.453619440,0,38,0,0,1,1,4,0,2,1,0,1,0,0000000,3,18,3,28,99,99,0,0,0,1,1
16,160090,1,1,1,1,1,0,30,7,2010,6,23,58,1,2,2,US-20,,330,43.66307778,-116.498608330,0,9,0,0,1,1,1,0,2,1,0,1,0,0000000,0,2,0,11,88,88,0,0,0,1,0
16,160091,1,1,0,1,29,0,25,6,2010,6,19,25,0,4,3,SR-34,,837,42.98715556,-111.500030560,0,35,0,0,1,1,4,0,1,10,0,10,0,0000000,19,33,20,11,99,99,0,0,0,1,1
16,160092,2,2,0,6,27,210,31,7,2010,7,17,47,0,14,6,HOMEDALE RD,MIDWAY RD,146,43.61940556,-116.632950000,0,12,6,0,2,2,1,0,1,1,0,1,0,0000000,99,99,99,99,99,99,0,0,0,1,0
16,160093,1,1,0,1,7,0,23,7,2010,6,99,99,0,9,4,SLEIGHTS CANYON RD,,0,42.23076944,-111.437516670,0,35,0,0,1,1,5,0,2,1,0,1,0,0000000,11,38,11,50,88,88,18,0,0,1,1
16,160094,3,3,0,3,5,0,28,7,2010,4,14,9,1,1,1,I-15,,482,42.67568056,-112.215402780,0,12,1,0,1,1,1,0,1,1,0,1,0,0000000,14,10,14,30,99,99,0,0,0,1,0
16,160095,1,1,0,1,39,0,25,7,2010,1,14,20,0,4,4,OLD US 30,,1509,42.96236667,-115.290108330,0,1,0,0,1,1,4,0,1,1,0,1,0,0000000,14,20,14,22,99,99,0,0,0,1,1
16,160096,1,1,0,4,31,0,30,7,2010,6,21,45,0,9,4,ROCK CREEK RD,,0,42.16673056,-114.271741670,0,5,0,0,1,1,1,0,5,1,0,1,0,0000000,22,0,99,99,99,99,0,0,0,1,0
16,160097,2,2,0,2,17,0,5,8,2010,5,17,45,0,3,3,SR-41,,224,48.00335000,-116.900591670,0,12,2,0,1,1,1,0,1,1,0,1,0,0000000,17,52,18,2,99,99,0,0,0,1,0
16,160098,2,2,0,4,17,0,8,8,2010,1,12,40,0,4,3,SR-57,PENINSULA RD,35,48.22617222,-116.904902780,0,12,2,0,3,3,1,0,1,1,0,1,0,0000000,12,41,12,47,99,99,0,0,0,1,0
16,160099,1,1,0,1,49,0,7,8,2010,7,12,25,1,2,2,US-12,,1489,46.46878611,-114.924280560,0,1,0,0,1,1,4,0,1,1,0,1,0,0000000,12,49,13,11,99,99,0,0,0,1,0
16,160100,1,1,0,2,13,0,6,8,2010,6,14,17,0,9,4,CROY CREEK RD,,0,43.39987222,-114.499361110,0,34,0,0,1,1,4,0,1,1,0,1,0,0000000,14,18,14,53,99,99,0,0,0,1,0
16,160101,2,2,0,5,39,0,12,8,2010,5,20,42,1,1,1,I-84,,1197,42.96249167,-115.315163890,0,12,2,0,1,1,1,0,1,1,0,1,0,0000000,20,44,20,48,99,99,0,0,0,4,1
16,160102,1,1,0,3,83,0,12,8,2010,5,1,56,0,6,4,3900 NORTH RD,,0,42.56399722,-114.769761110,0,18,0,0,1,1,4,0,2,10,0,10,0,0000000,1,57,2,19,88,88,0,0,0,1,1
16,160103,1,1,1,1,27,1200,21,7,2010,4,11,31,0,13,3,SR-45,12TH ST SOUTH,269,43.57042222,-116.570600000,0,8,0,0,3,2,1,0,1,1,0,1,0,0000000,11,31,11,33,99,99,0,0,0,1,0
16,160104,1,1,0,11,29,0,13,8,2010,6,5,26,1,2,2,US-30,,4024,42.65857222,-111.653477780,0,1,0,0,1,1,1,0,2,1,0,1,0,0000000,5,26,5,39,99,99,0,0,0,2,0
16,160105,1,1,2,1,17,0,14,8,2010,7,6,23,0,3,3,SR-41,,304,48.06630833,-117.023430560,0,9,0,0,1,1,2,0,1,1,0,1,0,0000000,6,26,6,41,99,99,0,0,0,1,1
16,160106,3,3,0,6,85,0,16,8,2010,2,12,48,1,2,3,SR-55,,1090,44.43758056,-115.999444440,0,12,7,0,1,1,1,0,1,1,0,1,0,0000000,99,99,99,99,99,99,0,0,0,1,0
16,160107,2,2,0,6,17,0,21,8,2010,7,17,35,0,4,3,SR-57,,87,48.28450556,-116.958316670,0,12,6,0,4,1,1,0,1,10,0,10,0,0000000,17,37,17,45,99,99,0,0,0,1,1
16,160108,1,1,0,3,53,0,18,8,2010,4,99,99,0,9,4,300 NORTH RD,,0,42.76748056,-114.504544440,0,59,0,0,1,1,4,0,1,1,0,1,0,0000000,88,88,88,88,88,88,18,0,0,3,0
16,160109,2,2,0,4,1,1070,24,8,2010,3,5,15,0,14,6,LOCUST GROVE ST,PINE AVE,185,43.61214167,-116.374563890,0,12,6,0,2,2,1,0,3,1,0,1,0,0000000,5,15,5,20,99,99,0,0,0,1,0
16,160110,2,2,0,2,67,0,25,8,2010,4,21,7,0,3,3,SR-24,,14,42.58257778,-113.717541670,0,12,2,0,1,1,1,0,2,1,0,1,0,0000000,21,9,21,14,99,99,0,0,0,2,0
16,160111,1,1,0,1,17,0,28,8,2010,7,19,30,1,2,2,US-95,,4518,47.98682222,-116.697894440,0,31,0,0,1,1,4,0,2,1,0,1,0,0000000,12,24,12,28,88,88,0,0,0,1,1
16,160112,1,1,0,2,51,0,29,8,2010,1,3,12,0,3,3,SR-33,,602,43.82885278,-112.168505560,0,1,0,0,1,1,1,0,2,1,0,1,0,0000000,3,14,3,30,88,88,0,0,0,2,1
16,160113,1,1,0,4,15,0,28,8,2010,7,19,15,0,4,4,ARROW ROCK RD,,1114,43.60288611,-115.887141670,0,1,0,0,1,1,4,0,1,1,0,1,0,0000000,19,19,19,31,99,99,3,0,0,3,1
16,160114,1,1,0,1,1,0,27,8,2010,6,5,13,0,3,6,FLOATING FEATHER RD,,1047,43.70705556,-116.422855560,0,1,0,0,1,1,5,0,2,1,0,1,0,0000000,15,15,15,24,88,88,0,0,0,1,0
16,160115,2,2,0,3,53,0,26,8,2010,5,17,0,1,1,1,I-84,,1979,42.57614722,-113.983716670,0,12,7,0,1,1,1,0,1,1,0,1,0,0000000,17,0,17,3,99,99,19,0,0,1,0
16,160116,2,2,0,3,27,0,24,8,2010,3,15,12,0,14,6,MIDWAY RD,LONESTAR R,30,43.57583889,-116.632925000,0,12,6,0,2,2,1,0,1,1,0,1,0,0000000,15,14,15,19,99,99,0,0,0,1,0
16,160117,2,2,0,4,1,160,5,9,2010,1,0,25,1,11,1,I-84,,546,43.56464722,-116.193022220,0,52,0,1,19,1,3,4,3,1,0,1,0,0000000,0,28,0,31,99,99,14,0,0,1,0
16,160118,1,1,0,1,55,1460,5,9,2010,1,3,31,1,11,1,I-90,,20,47.70873333,-117.003050000,0,26,0,1,19,1,3,0,3,1,0,1,0,0000000,3,41,3,48,88,88,0,0,0,1,1
16,160119,1,1,0,4,13,0,5,9,2010,1,6,55,0,5,4,MULDOON CANYON RD,,0,43.50398889,-114.115116670,0,34,0,0,1,1,4,0,4,1,0,1,0,0000000,6,56,7,10,99,99,0,0,0,1,1
16,160120,1,1,0,2,55,0,4,9,2010,7,17,30,0,4,4,HAYDEN LAKE RD,,1047,47.74432778,-116.710291670,0,42,0,0,1,1,4,0,2,1,0,1,0,0000000,88,88,88,88,88,88,0,0,0,2,0
16,160121,1,1,0,1,27,0,10,9,2010,6,2,45,0,13,2,US-20,,285,43.66319722,-116.588422220,0,1,0,0,1,1,2,0,2,10,0,10,0,0000000,7,21,7,28,88,88,0,0,0,1,0
16,160122,1,1,1,1,27,1080,10,9,2010,6,7,41,0,13,3,SR-44,HIGLAND DR,34,43.70636389,-116.632638890,0,8,0,0,3,2,1,0,4,1,0,1,0,0000000,7,43,7,51,99,99,0,0,0,1,0
16,160123,1,1,0,2,63,0,11,9,2010,7,99,99,1,2,2,US-93,,1869,43.09444444,-114.086816670,0,35,0,0,1,1,4,0,4,1,0,1,0,0000000,7,26,7,54,88,88,0,0,0,2,1
16,160124,2,2,0,2,49,0,12,9,2010,1,12,15,1,2,2,US-95,,2597,46.11930278,-116.352413890,3,12,8,0,1,1,1,0,1,1,0,1,0,0000000,12,21,12,35,99,99,0,0,0,1,0
16,160125,1,1,0,1,59,0,7,9,2010,3,14,30,1,2,2,US-93,,3184,45.34935556,-113.918780560,0,1,0,0,1,1,2,0,1,1,0,1,0,0000000,14,39,14,49,88,88,0,0,0,1,1
16,160126,1,1,0,2,33,0,15,9,2010,4,15,40,1,1,1,I-15,,1867,44.44417500,-112.216227780,0,31,0,0,1,1,3,0,1,1,0,1,0,0000000,15,40,16,16,99,99,0,0,0,1,0
16,160127,1,1,0,3,83,0,12,9,2010,1,1,0,0,5,4,3900 NORTH RD,,0,42.56395556,-114.621422220,0,58,0,0,1,1,5,0,2,1,0,1,0,0000000,1,2,1,6,99,99,0,0,0,2,1
16,160128,2,2,0,3,39,600,18,9,2010,7,17,14,0,4,4,OLD US 30,1ST EAST AVE,1207,42.95832222,-115.290172220,0,12,6,0,2,2,1,0,1,1,0,1,0,0000000,17,15,17,20,88,88,0,0,0,1,1
16,160129,1,1,0,1,39,1150,10,9,2010,6,20,7,0,16,6,MIDNIGHT BLUE WAY,,0,43.12585833,-115.747113890,0,5,0,0,1,1,1,0,1,1,0,1,0,0000000,20,8,20,14,99,99,0,0,0,1,0
16,160130,1,1,0,1,39,0,21,9,2010,3,17,51,1,1,1,I-84,,764,43.32079167,-115.927969440,0,1,0,0,1,1,2,0,1,1,0,1,0,0000000,17,53,18,9,88,88,0,0,0,1,0
16,160131,1,1,0,1,29,0,16,9,2010,5,16,30,0,6,4,BLACKFOOT RIVER RD,,0,42.79721111,-111.361425000,0,35,0,0,1,1,4,0,1,1,0,1,0,0000000,16,53,17,30,99,99,0,0,0,1,1
16,160132,1,1,0,3,37,0,12,9,2010,1,99,99,0,9,8,PINYON PEAK LOOKOUT,,0,44.50752778,-114.976302780,0,35,0,0,1,1,4,0,1,1,0,1,0,0000000,18,9,19,25,99,99,0,0,0,1,1
16,160133,2,2,0,2,15,0,25,9,2010,7,13,7,0,3,3,SR-21,,422,43.84045833,-115.779180560,0,12,2,0,1,1,1,0,1,1,0,1,0,0000000,13,16,13,47,99,99,0,0,0,1,0
16,160134,2,2,0,4,47,0,28,9,2010,3,8,21,0,4,3,SR-46,2100 SOUTH RD,89,42.89480278,-114.712750000,0,12,6,0,2,2,1,0,1,1,0,1,0,0000000,8,22,8,26,99,99,0,0,0,1,0
16,160135,1,1,1,1,67,0,29,9,2010,4,19,55,0,16,6,100 WEST RD,,0,42.60148889,-113.687625000,0,8,0,0,1,1,1,0,2,10,0,10,0,0000000,19,57,99,99,99,99,0,0,0,1,0
16,160136,2,2,0,4,11,535,29,9,2010,4,20,38,0,4,2,US-91,SHEEPSKIN RD,888,43.03654722,-112.435025000,3,12,6,0,2,2,1,0,2,1,0,1,0,0000000,20,41,20,43,99,99,0,0,0,2,1
16,160137,1,1,0,1,15,0,29,9,2010,4,99,99,0,4,4,ARROW ROCK RD,,1124,43.60682222,-115.859672220,0,35,0,0,1,1,4,0,9,1,0,1,0,0000000,12,12,12,44,88,88,18,0,0,1,0
16,160138,2,2,0,3,83,0,26,9,2010,1,20,10,1,2,2,US-93,,78,42.10799167,-114.688147220,0,12,8,0,1,1,1,0,2,1,0,1,0,0000000,20,12,20,46,99,99,0,0,0,1,1
16,160139,2,2,0,2,1,160,26,9,2010,1,15,39,0,13,6,STATE ST,,244,43.64343889,-116.240361110,0,12,2,0,1,1,1,0,1,1,0,1,0,0000000,15,40,15,45,99,99,0,0,0,1,0
16,160140,1,1,0,1,57,0,4,10,2010,2,8,40,0,6,4,UNIONTOWN RD,,0,46.55307500,-116.990691670,0,1,0,0,1,1,2,0,1,10,0,10,0,0000000,8,43,8,53,88,88,0,0,0,1,0
16,160141,2,2,0,2,43,0,4,10,2010,2,11,30,1,2,2,US-20,,3629,44.10395278,-111.452191670,0,12,8,0,1,1,1,0,1,10,0,10,0,0000000,11,32,11,44,99,99,0,0,0,1,0
16,160142,2,2,0,2,19,790,4,10,2010,2,18,52,0,13,6,HITT RD,1ST ST,120,43.49645556,-111.984183330,0,12,6,0,2,2,1,0,5,1,0,1,0,0000000,18,53,18,57,99,99,0,0,0,1,0
16,160143,1,1,0,1,35,0,5,10,2010,3,15,54,0,4,4,WELLS BENCH RD,,0,46.48115556,-116.257927780,0,42,0,0,1,1,4,0,1,10,0,10,0,0000000,15,51,15,56,99,99,0,0,0,1,1
16,160144,1,1,0,1,27,0,7,10,2010,5,3,57,0,13,3,SR-55,,117,43.60420278,-116.691325000,0,1,0,0,1,1,2,0,2,10,0,10,0,0000000,4,1,4,6,88,88,0,0,0,1,1
16,160145,1,1,0,1,1,160,7,10,2010,5,23,39,0,16,6,LUSK DR,ANN MORRISON PARK DR,0,43.60557778,-116.211591670,0,33,0,0,3,3,4,0,3,10,0,10,0,0000000,23,39,23,41,99,99,0,0,0,1,1
16,160146,2,2,0,6,27,210,9,10,2010,7,20,4,1,11,1,I-84,,285,43.66435278,-116.663263890,0,12,8,1,18,1,1,0,3,1,0,1,0,0000000,20,7,20,9,99,99,0,0,0,2,0
16,160147,1,1,0,1,75,0,11,10,2010,2,0,14,1,2,2,US-95,,727,44.13194722,-116.903147220,0,30,0,0,1,1,4,0,6,2,10,2,0,0000000,0,16,0,33,88,88,20,0,0,1,1
16,160148,1,1,0,1,85,0,22,10,2010,6,2,45,1,2,3,SR-55,,1072,44.41099167,-115.999775000,0,59,0,0,1,1,4,0,2,10,0,10,0,0000000,2,48,3,1,88,88,0,0,0,1,1
16,160149,2,2,0,2,61,0,20,10,2010,4,14,7,0,5,4,SHORT CUT RD,,0,46.23827500,-116.389716670,3,12,8,0,1,1,1,0,1,1,0,1,0,0000000,14,8,14,27,99,99,0,0,0,1,0
16,160150,1,1,1,1,1,160,9,10,2010,7,21,54,0,13,6,FAIRVIEW AVE,,769,43.61895833,-116.247569440,0,8,0,0,1,1,1,0,2,10,0,10,0,0000000,21,54,21,56,99,99,0,0,0,1,0
16,160151,2,2,0,3,55,0,9,10,2010,7,14,10,0,14,6,MCGUIRE RD,PRAIRIE AVE,34,47.74513889,-116.980433330,0,12,6,0,2,2,1,0,1,10,0,10,0,0000000,14,14,14,29,99,99,0,0,0,1,0
16,160152,1,1,0,2,53,0,12,10,2010,3,13,13,1,1,1,I-84 IC168 EB OFF RA,,3,42.68732222,-114.518819440,0,38,0,1,5,1,4,0,1,1,0,1,0,0000000,13,13,13,16,99,99,0,0,0,1,0
16,160153,1,1,0,1,43,0,13,10,2010,4,21,1,0,4,3,SR-32,,132,43.96930556,-111.249427780,0,1,0,0,1,1,4,0,2,1,0,1,0,0000000,21,13,21,20,88,88,0,0,0,1,0
16,160154,1,1,0,1,57,0,17,10,2010,1,99,99,0,4,3,SR-8,,408,46.81160556,-116.359338890,0,34,0,0,1,1,4,0,9,1,0,1,0,0000000,9,22,9,56,88,88,18,0,0,1,0
16,160155,1,1,0,1,27,0,18,10,2010,2,11,16,0,3,3,SR-19,,108,43.66885833,-116.876016670,0,42,0,0,1,1,5,0,1,1,0,1,0,0000000,11,18,11,22,88,88,0,0,0,1,0
16,160156,2,2,0,2,65,1520,19,10,2010,3,6,10,1,2,2,US-20,7TH EAST RD,3394,43.89466389,-111.737333330,0,12,6,0,2,2,1,0,2,1,0,1,0,0000000,6,14,6,20,99,99,0,0,0,1,0
16,160157,2,2,0,2,81,0,19,10,2010,3,11,24,0,3,3,SR-33,,1225,43.87803889,-111.322161110,0,12,6,0,1,1,1,0,1,1,0,1,0,0000000,11,26,12,4,99,99,0,0,0,1,0
16,160158,1,1,2,1,19,790,23,10,2010,7,10,47,0,14,6,17TH ST,JENNIE LEE DR,59,43.48244722,-112.016016670,0,8,0,0,3,3,1,0,1,1,0,1,0,0000000,10,47,10,50,99,99,0,0,0,1,0
16,160159,2,2,0,4,13,0,26,10,2010,3,7,30,1,2,2,US-20,,1752,43.32801111,-114.335627780,0,12,6,0,1,1,1,0,2,1,0,1,0,0000000,7,33,7,49,99,99,0,0,0,1,0
16,160160,1,1,1,1,27,210,27,10,2010,4,7,2,0,13,3,SR-19,,197,43.66972778,-116.700797220,0,8,0,0,1,1,1,0,3,1,0,1,0,0000000,7,7,7,9,99,99,0,0,0,1,0