STATE,ST_CASE,VE_TOTAL,VE_FORMS,PEDS,PERSONS,COUNTY,CITY,DAY,MONTH,YEAR,DAY_WEEK,HOUR,MINUTE,NHS,ROAD_FNC,ROUTE,TWAY_ID,TWAY_ID2,MILEPT,LATITUDE,LONGITUD,SP_JUR,HARM_EV,MAN_COLL,RELJCT1,RELJCT2,TYP_INT,REL_ROAD,WRK_ZONE,LGT_COND,WEATHER1,WEATHER2,WEATHER,SCH_BUS,RAIL,NOT_HOUR,NOT_MIN,ARR_HOUR,ARR_MIN,HOSP_HR,HOSP_MN,CF1,CF2,CF3,FATALS,DRUNK_DR
16,160161,2,2,0,2,47,0,28,10,2010,5,20,51,1,1,1,I-84,,1398,42.92983333,-114.942888890,0,12,2,0,1,1,1,0,2,1,0,1,0,0000000,20,51,21,6,99,99,0,0,0,2,1
16,160162,3,3,0,4,27,1200,16,9,2010,5,23,11,0,13,6,KARCHER RD,NAMPA-CALDWELL BLVD,161,43.60532500,-116.602997220,0,12,6,0,2,2,1,0,3,1,0,1,0,0000000,23,11,23,19,99,99,0,0,0,1,0
16,160163,2,2,0,2,39,1150,30,10,2010,7,17,25,1,11,1,I-84,,905,43.17297222,-115.742327780,0,12,8,0,1,1,1,0,1,1,0,1,0,0000000,17,26,17,28,99,99,0,0,0,1,0
16,160164,1,1,0,1,9,0,18,10,2010,2,12,32,0,4,4,ST JOE RIVER RD,,100,47.33009444,-116.403963890,0,42,0,0,1,1,4,0,1,1,0,1,0,0000000,12,36,12,47,99,99,0,0,0,1,0
16,160165,1,1,0,1,43,0,31,10,2010,1,1,47,0,4,4,300 NORTH RD,,103,43.92709722,-111.827391670,0,1,0,0,1,1,2,0,2,2,10,2,0,0000000,88,88,88,88,88,88,4,20,0,1,1
16,160166,2,2,0,4,55,0,16,10,2010,7,17,35,0,4,4,HAYDEN AVE,GREENSFERRY RD,1020,47.75946111,-116.915863890,0,12,6,0,2,2,1,0,1,1,0,1,0,0000000,17,37,17,39,99,99,0,0,0,1,0
16,160167,2,2,0,2,19,0,1,11,2010,2,18,45,0,4,4,S 45TH W RD,,37,43.47631944,-112.122930560,0,12,2,0,8,1,1,0,2,1,0,1,0,0000000,18,45,18,50,88,88,0,0,0,1,0
16,160168,1,1,0,1,27,0,3,11,2010,4,99,99,0,6,4,TRAVIS RD,,0,43.70098611,-116.891988890,0,35,0,0,1,1,4,0,2,1,0,1,0,0000000,6,19,6,23,88,88,0,0,0,1,1
16,160169,1,1,0,2,1,160,8,11,2010,2,21,9,1,11,1,I-184 IC 2 EB OFF,,0,43.61539167,-116.258316670,0,42,0,1,5,1,4,0,3,10,0,10,0,0000000,21,9,21,14,99,99,0,0,0,1,0
16,160170,2,2,0,2,37,0,11,11,2010,5,18,40,1,2,2,US-93,FISH HATCHERY RD,1184,43.99564444,-113.758408330,0,12,2,0,2,3,1,0,2,1,0,1,0,0000000,18,46,19,1,99,99,0,0,0,1,1
16,160171,1,1,0,1,49,0,14,11,2010,1,6,35,1,2,2,US-95,,2078,45.57679444,-116.301836110,0,31,0,0,1,1,4,0,1,10,2,2,0,0000000,6,37,6,57,88,88,0,0,0,1,0
16,160172,3,3,0,4,53,0,12,11,2010,6,12,55,1,2,2,US-93,,631,42.78718056,-114.433461110,0,12,8,0,1,1,1,0,1,10,0,10,0,0000000,12,57,13,6,99,99,0,0,0,1,0
16,160173,1,1,0,3,31,0,20,11,2010,7,8,45,1,1,1,I-84,,2586,42.19913889,-113.025122220,0,1,0,0,1,1,3,0,1,4,10,4,0,0000000,8,51,9,35,99,99,0,0,0,1,0
16,160174,1,1,0,6,57,0,21,11,2010,1,2,48,0,4,3,SR-16,,1037,46.92213611,-116.965227780,0,35,0,0,1,1,4,0,2,10,0,10,0,0000000,2,53,3,15,99,99,0,0,0,1,1
16,160175,1,1,0,2,21,0,25,11,2010,5,8,0,1,2,2,US-95,,5087,48.71093333,-116.304213890,0,24,0,0,1,1,4,0,1,10,4,4,0,0000000,14,55,14,58,99,99,0,0,0,1,0
16,160176,2,2,0,4,55,0,26,11,2010,6,16,30,1,2,2,US-95,,4228,47.61635000,-116.875025000,0,12,6,0,1,1,1,0,2,10,4,4,0,0000000,16,37,16,50,99,99,0,0,0,2,0
16,160177,3,2,1,7,53,0,28,11,2010,1,15,29,1,1,1,I-84,,1877,42.57590833,-114.183105560,0,8,0,0,1,1,3,0,1,4,6,4,0,0000000,15,31,15,57,99,99,19,0,0,1,0
16,160178,1,1,0,1,71,0,11,11,2010,5,9,0,0,4,3,SR-36,,1058,42.19124722,-112.143525000,0,24,0,0,1,1,4,0,1,1,0,1,0,0000000,9,5,9,15,99,99,0,0,0,1,0
16,160179,2,2,0,6,57,0,3,12,2010,6,15,40,1,2,2,US-95,,3503,46.80367778,-116.999672220,0,12,2,0,1,1,1,0,1,1,0,1,0,0000000,15,45,15,56,99,99,0,0,0,1,0
16,160180,1,1,2,1,83,1830,28,11,2010,1,17,53,0,15,6,ELIZABETH BLVD,,15,42.55574444,-114.446319440,0,8,0,0,1,1,1,0,2,10,0,10,0,0000000,17,54,18,4,99,99,0,0,0,1,0
16,160182,1,1,0,1,69,0,8,12,2010,4,11,38,0,14,6,SNAKE RIVER AVE,HELLS GATE RD,72,46.37385000,-117.048683330,0,43,0,0,3,3,5,0,1,1,0,1,0,0000000,11,43,11,48,99,99,0,0,0,1,0
16,160183,2,2,0,3,61,0,18,12,2010,7,8,57,1,2,2,US-95,,2818,46.28384722,-116.594661110,3,12,2,0,1,1,1,0,1,10,0,10,0,0000000,8,59,9,20,99,99,0,0,0,1,1
16,160184,2,2,0,2,55,1460,15,12,2010,4,15,30,1,11,1,I-90,,34,47.71171111,-116.973494440,0,12,7,0,1,1,1,0,1,10,0,10,0,0000000,15,34,15,38,99,99,0,0,0,1,0
16,160185,1,1,0,2,27,210,24,12,2010,6,8,32,1,11,1,I-84,,280,43.66779722,-116.672422220,0,1,0,0,1,1,2,0,1,1,0,1,0,0000000,8,34,8,40,99,99,0,0,0,1,0
16,160186,2,2,0,4,1,570,26,11,2010,6,2,4,1,12,2,US-20,,435,43.65386667,-116.290877780,0,12,2,0,1,1,1,0,2,10,0,10,0,0000000,2,5,2,8,99,99,0,0,0,3,2
17,170001,2,2,0,4,197,9390,2,1,2010,7,18,37,0,14,6,COAL CITY ROAD,RIVER ROAD,20,41.29059722,-88.158202780,0,12,6,0,2,3,1,0,1,1,0,1,0,0000000,18,37,99,99,99,99,0,0,0,1,0
17,170002,2,2,0,4,91,0,4,1,2010,2,10,50,0,2,3,SR-50,6000N ROAD,78,41.20674444,-87.848777780,0,12,6,0,2,2,1,0,1,1,0,1,0,0000000,10,53,99,99,99,99,0,0,0,1,0
17,170003,1,1,0,1,19,1550,3,1,2010,1,5,8,0,14,6,BRADLEY AVENUE,,0,40.12726944,-88.236308330,0,10,0,0,6,1,1,0,3,1,0,1,0,289067H,5,8,99,99,99,99,0,0,0,1,1
17,170004,1,1,0,1,119,0,2,1,2010,7,2,6,0,4,3,SR-157,,314,38.84543611,-89.894986110,0,34,0,0,1,1,4,0,2,1,0,1,0,0000000,2,6,99,99,88,88,0,0,0,1,1
17,170005,4,4,0,5,23,0,5,1,2010,3,2,15,1,1,1,I-70,,1581,39.42925833,-87.567311110,0,12,8,0,1,1,1,0,2,1,0,1,0,0000000,2,26,99,99,99,99,0,0,0,1,1
17,170006,2,2,0,2,31,0,7,1,2010,5,11,32,1,11,1,I-294,,380,41.68639722,-87.781019440,0,24,0,0,1,1,4,0,1,4,0,4,0,0000000,11,33,99,99,99,99,0,0,0,1,0
17,170007,2,1,0,5,121,0,7,1,2010,5,8,2,1,1,1,I-57,,1146,38.59988056,-88.967386110,0,34,0,0,1,1,4,0,1,4,0,4,0,0000000,8,2,99,99,99,99,0,0,0,2,0
17,170008,2,2,0,4,51,0,7,1,2010,5,13,20,0,4,4,CR-2,CR-1850,0,39.00562778,-88.956427780,0,12,6,0,2,2,1,0,1,1,0,1,0,0000000,13,54,99,99,99,99,0,0,0,1,0
17,170009,2,2,0,7,49,2650,7,1,2010,5,9,41,1,11,1,I-57,,1581,39.10306111,-88.573886110,0,12,6,0,1,1,1,0,1,4,0,4,0,0000000,9,41,99,99,99,99,0,0,0,1,0
17,170010,2,2,0,2,185,0,10,1,2010,1,18,35,1,2,3,SR-1,,723,38.32063611,-87.921380560,0,12,2,0,1,1,1,0,2,1,0,1,0,0000000,18,44,99,99,99,99,0,0,0,2,0
17,170011,1,1,1,1,21,6700,23,1,2010,7,23,21,0,14,3,SR-29,,5,39.39277500,-89.079419440,0,8,0,0,1,1,1,0,3,2,0,2,0,0000000,23,21,99,99,99,99,0,0,0,1,0
17,170012,1,1,0,3,163,2610,5,1,2010,3,17,19,0,16,6,CASEYVILLE AVENUE,,0,38.62770000,-90.120500000,0,30,0,0,1,1,4,0,1,1,0,1,0,0000000,17,19,99,99,99,99,0,0,0,1,1
17,170013,1,1,0,1,197,887,11,1,2010,2,11,15,1,11,1,I-55,,2658,41.67306111,-88.090963890,0,34,0,0,1,1,4,0,1,1,0,1,0,0000000,11,15,99,99,99,99,0,0,0,1,0
17,170014,2,2,0,3,51,0,13,1,2010,4,16,53,0,4,4,CR-1,,0,39.13250278,-89.138636110,0,12,2,0,1,1,1,0,5,1,0,1,0,0000000,16,53,99,99,99,99,0,0,0,1,0
17,170015,2,2,0,4,167,0,14,1,2010,5,21,33,0,3,3,SR-97,CR-46,90,39.82868333,-89.758511110,0,12,2,0,2,2,1,0,2,1,0,1,0,0000000,21,33,99,99,99,99,0,0,0,1,0
17,170016,1,1,0,1,75,0,31,1,2010,1,7,48,0,6,4,CR-300,,0,40.85928056,-88.071855560,0,42,0,0,1,1,4,0,2,1,0,1,0,0000000,7,48,99,99,88,88,0,0,0,1,1
17,170017,1,1,0,1,183,0,27,1,2010,4,19,16,0,15,4,CR-2300,,0,40.20462500,-87.615322220,0,10,0,0,6,1,1,0,2,4,0,4,0,353704J,19,16,99,99,88,88,0,0,0,1,0
17,170018,2,2,0,2,83,0,21,1,2010,5,18,20,0,2,3,SR-16,,71,39.10868611,-90.538844440,0,12,6,0,1,1,1,0,2,5,0,5,0,0000000,18,20,99,99,99,99,0,0,0,1,1
17,170019,1,1,0,1,19,0,15,1,2010,6,7,30,0,6,4,CR-2500,,0,40.31795556,-87.987711110,0,34,0,0,1,1,4,0,4,8,0,8,0,0000000,7,43,99,99,88,88,0,0,0,1,0
17,170020,1,1,0,1,19,0,16,1,2010,7,0,49,0,4,4,CR-18,,0,40.02544444,-88.458272220,0,34,0,0,1,1,4,0,2,8,0,8,0,0000000,0,49,99,99,88,88,0,0,0,1,1
17,170021,1,1,1,1,19,1550,22,1,2010,6,22,11,0,14,6,KIRBY,,0,40.09812500,-88.250986110,0,8,0,0,1,1,1,0,3,5,0,5,0,0000000,22,11,99,99,88,88,0,0,0,1,1
17,170022,2,2,0,2,75,0,16,1,2010,7,4,14,1,1,1,I-57,,2991,40.96373611,-87.920530560,0,12,2,0,1,1,1,0,2,1,0,1,0,0000000,4,14,99,99,88,88,0,0,0,1,0
17,170023,2,2,0,5,31,140,24,1,2010,1,16,1,1,13,3,SR-50,W 122ND ST,413,41.67143611,-87.738966670,0,12,6,0,2,3,1,0,1,1,0,1,0,0000000,16,3,99,99,99,99,0,0,0,1,1
17,170024,2,2,0,4,45,0,25,1,2010,2,17,24,0,3,2,US-150,,2603,39.60725833,-87.594616670,0,12,2,0,1,1,1,0,2,4,0,4,0,0000000,17,29,99,99,99,99,0,0,0,1,0
17,170025,1,1,0,1,79,0,24,1,2010,1,21,50,0,6,5,300TH,,0,39.06791389,-88.316580560,0,34,0,0,1,1,4,0,2,1,0,1,0,0000000,22,4,99,99,88,88,0,0,0,1,0
17,170026,1,1,0,1,1,0,29,1,2010,6,16,50,0,4,4,CR-51,,0,39.78878611,-91.295613890,0,35,0,0,1,1,4,0,1,1,0,1,0,0000000,16,51,99,99,88,88,0,0,0,1,0
17,170027,2,2,0,3,173,0,17,1,2010,1,19,20,0,4,4,CR-21,,0,39.62377500,-88.877430560,0,12,2,0,1,1,1,0,2,5,0,5,0,0000000,19,22,99,99,99,99,0,0,0,2,2
17,170029,1,1,0,5,157,0,19,1,2010,3,10,21,0,3,3,SR-13,,410,38.19438056,-89.638775000,0,34,0,0,1,1,4,0,1,5,0,5,0,0000000,10,22,99,99,99,99,0,0,0,1,0
17,170030,2,2,0,2,179,0,20,1,2010,4,7,20,0,13,3,SR-29,,988,40.49859722,-89.663908330,0,12,2,0,1,1,1,0,1,2,0,2,0,0000000,7,24,99,99,99,99,0,0,0,1,0
17,170031,2,2,0,3,3,0,20,1,2010,4,15,18,1,2,3,SR-3,,295,37.33175556,-89.412294440,0,12,2,0,1,1,1,0,1,5,0,5,0,0000000,15,19,99,99,99,99,0,0,0,1,0
17,170032,1,1,0,1,31,850,3,1,2010,1,0,0,1,13,6,BURR OAK AVENUE,,157,41.66233333,-87.704983330,0,33,0,0,1,1,3,0,3,1,0,1,0,0000000,0,12,99,99,88,88,0,0,0,1,1
17,170033,2,2,0,2,31,1670,2,1,2010,7,14,10,0,14,6,KEDZIE AVENUE,112TH PLACE,15,41.68880278,-87.700722220,0,12,6,0,2,3,1,0,1,1,0,1,0,0000000,14,11,99,99,99,99,0,0,0,1,0
17,170034,2,2,0,3,31,1670,7,1,2010,5,21,7,0,15,6,VINCENNES AVENUE,74TH STREET,78,41.75996389,-87.630525000,0,12,6,0,2,3,1,0,3,4,0,4,0,0000000,21,7,99,99,99,99,0,0,0,1,1
17,170035,1,1,1,1,31,1670,8,1,2010,6,17,55,1,13,3,SR-50,HUBBARD STREET,563,41.88858056,-87.745591670,0,8,0,0,3,3,1,0,3,1,0,1,0,0000000,17,57,99,99,99,99,0,0,0,1,0
17,170036,1,1,0,2,31,1670,9,1,2010,7,2,0,0,16,6,AUGUSTA BOULEVARD,,0,41.89873889,-87.743769440,0,42,0,0,1,1,4,0,2,1,0,1,0,0000000,2,4,99,99,99,99,0,0,0,1,1
17,170037,1,1,1,1,113,840,13,1,2010,4,17,25,1,13,6,VETERANS PARKWAY,,239,40.45848611,-89.004052780,0,8,0,0,1,1,1,0,2,1,0,1,0,0000000,17,25,99,99,99,99,0,0,0,1,0
17,170038,1,1,0,1,31,1670,13,1,2010,4,10,40,0,15,6,COMMERCIAL AVENUE,,0,41.74269167,-87.551583330,0,30,0,0,1,1,4,0,1,1,0,1,0,0000000,10,40,99,99,99,99,0,0,0,1,1
17,170039,2,2,0,4,183,2220,22,1,2010,6,11,30,0,14,6,WINTER AVENUE,,0,40.16014444,-87.619352780,0,12,7,0,1,1,1,0,1,1,0,1,0,0000000,11,31,99,99,99,99,0,0,0,2,1
17,170041,1,1,0,2,83,0,30,1,2010,7,3,53,0,4,4,CR-6,BARTLETT RD,0,39.04340278,-90.336691670,0,34,0,0,3,4,4,0,2,1,0,1,0,0000000,3,53,99,99,99,99,0,0,0,1,1
17,170043,2,2,0,4,47,3590,15,2,2010,2,9,10,0,3,3,SR-130,,3,38.27680833,-87.997472220,0,12,6,0,1,1,1,0,1,99,0,99,0,0000000,9,10,99,99,88,88,0,0,0,1,0
17,170044,2,2,0,3,93,0,20,2,2010,7,15,51,0,4,4,CR-11,,0,41.53048056,-88.274047220,0,12,2,0,1,1,1,0,1,1,0,1,0,0000000,15,51,99,99,99,99,0,0,0,1,1
17,170045,1,1,0,1,143,550,19,1,2010,3,3,8,0,14,6,GARFIELD AVENUE,ADAMS STREET,0,40.65020833,-89.652016670,0,39,0,0,3,3,4,0,3,5,0,5,0,0000000,3,8,99,99,99,99,0,0,0,1,1
17,170046,2,1,1,1,31,0,15,2,2010,2,23,55,1,11,1,I-294,,435,41.63280556,-87.708727780,0,8,0,0,1,1,2,0,2,4,0,4,0,0000000,23,55,99,99,88,88,0,0,0,1,0
17,170047,2,2,0,2,163,0,27,1,2010,4,16,16,0,14,5,DOUGLAS RD,,0,38.42465556,-89.956377780,0,12,6,0,1,1,1,0,1,4,0,4,1,0000000,16,16,99,99,99,99,0,0,0,1,1
17,170048,1,1,1,1,201,5087,1,3,2010,2,18,20,1,13,3,SR-251,ROOSEVELT ROAD,1239,42.34703056,-89.050100000,0,8,0,0,3,7,1,0,5,1,0,1,0,0000000,18,22,99,99,99,99,0,0,0,1,0
17,170049,1,1,0,1,201,7460,28,2,2010,1,23,3,0,14,6,WHITMAN STREET,,0,42.28176667,-89.095625000,0,38,0,0,1,1,4,0,3,1,0,1,0,0000000,23,3,99,99,88,88,0,0,0,1,1
17,170050,1,1,0,1,63,0,4,3,2010,5,0,47,0,14,4,CR-29,,0,41.34383611,-88.396719440,0,24,0,0,1,1,4,0,3,1,0,1,0,0000000,0,47,99,99,88,88,0,0,0,1,1
17,170051,1,1,0,1,137,0,4,3,2010,5,16,20,0,6,6,BASE LINE ROAD,,0,39.78745278,-90.313197220,0,10,0,0,6,1,1,0,1,1,0,1,0,078357H,16,26,99,99,88,88,0,0,0,1,0
17,170053,2,2,0,7,167,8220,31,1,2010,1,13,24,0,14,6,LAWRENCE,CHATHAM,0,39.79405556,-89.687041670,0,12,6,0,2,2,1,0,1,1,0,1,0,0000000,13,24,99,99,99,99,0,0,0,1,2
17,170054,1,1,0,2,43,740,18,1,2010,2,16,14,0,16,6,YORK STREET,,0,41.95196667,-87.939558330,0,42,0,0,1,1,4,0,1,1,0,1,0,0000000,16,25,99,99,88,88,0,0,0,2,0
17,170055,2,2,0,2,31,6650,6,1,2010,4,13,40,1,13,2,US-14,MAPLE AVE,432,42.12488611,-88.066388890,0,12,6,0,2,2,1,0,1,1,0,1,0,0000000,13,45,99,99,99,99,0,0,0,1,0
17,170056,2,2,0,2,117,0,2,2,2010,3,21,48,0,3,3,SR-4,,1404,39.46379722,-89.780852780,0,12,2,0,1,1,1,0,2,1,0,1,0,0000000,21,48,99,99,99,99,0,0,0,2,0
17,170057,1,1,0,2,21,0,5,2,2010,6,1,35,0,3,3,SR-104,,1210,39.57901667,-89.397055560,0,42,0,0,1,1,4,0,2,2,0,2,0,0000000,1,35,99,99,99,99,0,0,0,1,1
17,170058,2,2,0,6,113,0,5,2,2010,6,15,48,1,2,2,US-24,,1659,40.74601389,-88.931741670,0,12,6,0,1,1,1,0,1,4,0,4,0,0000000,15,49,99,99,99,99,0,0,0,1,0
17,170059,1,1,0,1,19,0,5,2,2010,6,8,10,0,6,4,CR-400,,0,39.93718611,-88.258152780,0,24,0,0,1,1,4,0,1,3,0,3,0,0000000,8,11,99,99,88,88,0,0,0,1,0
17,170060,4,4,0,4,197,0,7,2,2010,1,14,55,1,11,1,I-80,,1425,41.55194722,-87.912683330,0,25,0,0,1,1,3,0,1,1,0,1,0,0000000,14,55,99,99,99,99,0,0,0,1,0
17,170061,2,2,0,3,61,0,7,2,2010,1,1,37,1,2,2,US-67,,291,39.23092222,-90.393405560,0,12,2,0,1,1,1,0,2,1,0,1,0,0000000,1,37,99,99,99,99,0,0,0,1,2
17,170062,2,2,0,3,117,0,10,2,2010,4,6,29,0,4,4,CR-40,,0,39.02515278,-90.067119440,0,12,6,0,1,1,1,0,4,1,0,1,0,0000000,6,29,99,99,88,88,0,0,0,1,0
17,170063,3,3,0,7,19,0,5,2,2010,6,17,54,1,1,1,I-074,,1754,40.17782500,-88.336858330,0,12,2,0,1,1,1,0,2,4,0,4,0,0000000,17,55,99,99,99,99,0,0,0,1,1
17,170064,1,1,0,2,95,0,7,2,2010,1,1,1,0,6,4,CR-29,,0,40.72095000,-90.203419440,0,34,0,0,1,1,4,0,2,1,0,1,0,0000000,1,1,99,99,99,99,0,0,0,1,1
17,170065,2,2,0,3,119,0,16,2,2010,3,17,45,0,3,3,SR-160,,328,38.72901111,-89.690066670,0,12,2,0,1,1,1,0,2,1,0,1,0,0000000,18,3,99,99,99,99,0,0,0,1,1
17,170066,2,2,0,2,137,0,1,2,2010,2,9,28,0,4,4,CR-5,CR-21,0,39.67407222,-90.040952780,0,12,6,0,2,2,1,0,1,1,0,1,0,0000000,9,28,99,99,88,88,0,0,0,1,1
17,170067,2,2,0,3,167,0,4,2,2010,5,18,59,0,4,4,CR-40,,0,39.67034722,-89.545713890,0,12,1,0,1,1,1,0,2,1,0,1,0,0000000,18,59,99,99,99,99,0,0,0,1,0
17,170068,1,1,0,2,31,2330,9,2,2010,3,20,7,0,13,2,US-45,,3918,42.05092500,-87.886847220,0,10,0,0,6,1,1,0,3,4,0,4,0,174107H,20,8,99,99,99,99,0,0,0,1,1
17,170069,1,1,0,1,183,0,29,1,2010,6,19,13,0,16,6,CR-1750,,0,40.19600278,-87.612736110,0,34,0,0,1,1,4,0,2,1,0,1,0,0000000,19,13,99,99,99,99,0,0,0,1,1
17,170070,3,3,0,6,97,585,20,2,2010,7,9,58,0,14,3,SR-131,KENOSHA,116,42.44383889,-87.876163890,0,12,2,0,2,4,1,0,1,4,0,4,0,0000000,9,58,99,99,99,99,0,0,0,1,3
17,170071,1,1,0,2,197,887,10,1,2010,1,1,52,0,16,6,LINDSEY,,0,41.70167500,-88.107000000,0,33,0,0,1,1,4,0,3,1,0,1,0,0000000,1,52,99,99,99,99,0,0,0,1,1
17,170072,1,1,0,1,105,0,15,1,2010,6,7,50,0,6,4,3300N,,0,41.11310000,-88.304263890,0,34,0,0,1,1,4,0,2,2,0,2,0,0000000,7,50,99,99,99,99,0,0,0,1,0
17,170073,1,1,0,4,197,2035,30,1,2010,7,1,31,1,13,6,WEBER,,0,41.55869722,-88.121447220,0,42,0,0,1,1,4,0,3,1,0,1,0,0000000,1,31,99,99,88,88,0,0,0,4,1
17,170075,4,4,0,5,31,3820,4,2,2010,5,12,38,0,14,6,KEDZIE,175TH,0,41.57171944,-87.694394440,0,12,6,0,2,2,1,0,1,1,0,1,0,0000000,12,38,99,99,99,99,0,0,0,1,0
17,170076,2,2,0,4,201,0,25,2,2010,5,19,4,0,14,4,CR-25,,0,42.38806944,-88.953986110,0,12,2,0,1,1,1,0,2,1,0,1,0,0000000,19,4,99,99,99,99,0,0,0,1,0
17,170077,1,1,0,2,27,0,27,2,2010,7,0,16,0,4,4,CR-1400,CR-900,0,38.62548333,-89.535147220,0,1,0,0,2,2,4,0,2,1,0,1,0,0000000,0,16,99,99,99,99,0,0,0,2,1
17,170078,1,1,0,1,31,1670,22,2,2010,2,5,6,1,13,2,US-41,,198,41.95301944,-87.644763890,0,42,0,1,19,1,10,0,3,4,0,4,0,0000000,5,6,99,99,99,99,20,0,0,1,0
17,170079,4,4,0,4,197,7491,9,2,2010,3,8,27,0,13,3,SR-53,,365,41.61459722,-88.076508330,0,12,6,0,1,1,1,0,1,4,0,4,0,0000000,8,27,99,99,99,99,0,0,0,1,1
17,170080,1,1,1,2,55,9190,6,3,2010,7,3,18,1,11,1,I-57,,720,38.00285000,-88.931300000,0,8,0,0,1,1,1,0,2,1,0,1,0,0000000,3,20,99,99,88,88,0,0,0,1,0
17,170081,2,2,0,4,197,0,8,3,2010,2,17,7,0,15,6,NEW LENOX ROAD,CHERRY HILL ROAD,0,41.51097778,-88.023533330,0,12,6,0,2,2,1,0,1,1,0,1,0,0000000,19,7,99,99,99,99,0,0,0,1,0
17,170082,2,2,0,4,119,3550,12,3,2010,6,16,28,1,13,3,SR-3,MISSOURI AVENUE,1556,38.73654722,-90.134980560,0,12,6,1,2,3,1,0,1,2,0,2,0,0000000,16,28,99,99,99,99,0,0,0,2,1
17,170083,1,1,0,3,75,0,6,3,2010,7,16,21,1,1,1,I-57,,2826,40.74509167,-88.006525000,0,1,0,0,1,1,3,0,1,1,0,1,0,0000000,16,21,99,99,99,99,0,0,0,1,0
17,170084,2,2,0,4,31,1670,20,1,2010,4,7,53,0,14,6,INDIANA AVENUE,32ND STREET,0,41.83648333,-87.621888890,0,12,6,0,2,2,1,0,1,1,0,1,0,0000000,7,59,99,99,99,99,0,0,0,1,0
17,170085,2,2,0,6,31,1670,1,2,2010,2,21,38,1,13,3,SR-50,PARKER AVENUE,592,41.93060278,-87.746586110,0,12,6,0,2,3,1,0,3,1,0,1,0,0000000,21,40,99,99,99,99,0,0,0,3,1
17,170086,1,1,1,1,31,1680,2,2,2010,3,22,0,0,15,6,COTTAGE GROVE AVENUE,,0,41.50977500,-87.597008330,0,9,0,0,1,1,1,0,2,8,0,8,0,0000000,22,10,99,99,99,99,0,0,0,1,0
17,170087,1,1,1,1,31,1670,2,2,2010,3,4,30,0,16,6,STATE STREET,,0,41.88206111,-87.627805560,0,8,0,0,1,1,1,0,2,1,0,1,0,0000000,4,38,99,99,99,99,0,0,0,1,0
17,170088,1,1,0,2,31,1670,4,2,2010,5,2,16,0,15,6,107ST STREET,,0,41.70006389,-87.608913890,0,21,0,0,1,1,3,0,3,1,0,1,0,0000000,2,16,99,99,99,99,0,0,0,2,1
17,170089,2,2,0,2,91,5200,5,2,2010,6,10,33,0,13,3,SR-50,,98,41.23530556,-87.841513890,0,12,6,0,1,1,1,0,1,1,0,1,0,0000000,10,33,99,99,99,99,0,0,0,1,0
17,170090,1,1,1,1,31,1670,9,2,2010,3,14,15,0,16,6,MORSE AVENUE,,0,42.00795556,-87.664858330,0,8,0,0,1,1,1,0,1,3,0,3,0,0000000,14,20,99,99,99,99,0,0,0,1,0
17,170091,1,1,1,2,31,1670,21,1,2010,5,17,10,0,14,6,LAWRENCE,SPRINGFIELD,26,41.96826667,-87.725605560,0,8,0,0,3,2,1,0,3,2,0,2,0,0000000,17,12,99,99,99,99,0,0,0,1,0
17,170092,1,1,0,2,31,1670,23,1,2010,7,2,30,0,15,6,JACKSON,,0,41.87691111,-87.742019440,0,30,0,0,1,1,4,0,3,1,0,1,0,0000000,2,31,99,99,99,99,0,0,0,1,1
17,170093,1,1,0,2,135,9490,20,2,2010,7,3,35,0,4,4,MAIN,,0,39.25016389,-89.354402780,0,10,0,0,6,1,1,0,2,1,0,1,0,542152T,3,35,99,99,99,99,0,0,0,1,0
17,170094,2,2,0,2,89,9115,13,1,2010,4,1,15,0,14,3,SR-25,,200,41.95246944,-88.305433330,0,12,6,0,1,1,1,0,2,1,0,1,0,0000000,1,23,99,99,88,88,0,0,0,1,1
17,170095,2,1,0,2,31,1670,19,1,2010,3,2,26,1,13,6,IRVING PARK ROAD,,279,41.95331389,-87.756744440,0,14,0,0,1,1,7,0,2,1,0,1,0,0000000,2,27,99,99,99,99,0,0,0,1,1
17,170096,2,2,0,3,31,1670,10,1,2010,1,19,20,0,14,6,76TH STREET,COTTAGE GROVE AVENUE,35,41.75675556,-87.605377780,0,12,6,0,2,2,1,0,3,1,0,1,0,0000000,19,40,99,99,99,99,0,0,0,1,1
17,170097,2,2,0,3,99,0,20,1,2010,4,9,18,0,4,6,15TH ROAD,950TH ROAD,0,41.14897778,-88.980063890,0,12,6,0,2,2,1,0,1,1,0,1,0,0000000,9,18,99,99,99,99,0,0,0,1,0
17,170098,1,1,0,1,31,3820,12,2,2010,6,15,7,0,14,6,GOVERNORS HIGHWAY,,73,41.56879167,-87.681155560,0,33,0,0,1,1,3,0,1,1,0,1,0,0000000,15,7,99,99,99,99,0,0,0,1,0
17,170099,1,1,2,1,31,1670,16,2,2010,3,18,30,0,14,6,ASHLAND AVENUE,,0,41.76061111,-87.663686110,0,8,0,0,1,1,1,0,3,1,0,1,0,0000000,18,35,99,99,99,99,0,0,0,1,1
17,170100,1,1,0,1,55,0,16,3,2010,3,7,26,0,3,3,SR-14,,68,37.97573611,-89.109325000,0,32,0,0,1,1,4,0,1,1,0,1,0,0000000,7,26,99,99,99,99,0,0,0,1,0
17,170101,1,1,0,1,31,1670,7,3,2010,1,4,10,1,13,6,LAKE SHORE DRIVE,,123,41.85210833,-87.614208330,0,24,0,0,1,1,4,0,3,1,0,1,0,0000000,4,13,99,99,99,99,0,0,0,1,1