STATE,ST_CASE,VE_TOTAL,VE_FORMS,PEDS,PERSONS,COUNTY,CITY,DAY,MONTH,YEAR,DAY_WEEK,HOUR,MINUTE,NHS,ROAD_FNC,ROUTE,TWAY_ID,TWAY_ID2,MILEPT,LATITUDE,LONGITUD,SP_JUR,HARM_EV,MAN_COLL,RELJCT1,RELJCT2,TYP_INT,REL_ROAD,WRK_ZONE,LGT_COND,WEATHER1,WEATHER2,WEATHER,SCH_BUS,RAIL,NOT_HOUR,NOT_MIN,ARR_HOUR,ARR_MIN,HOSP_HR,HOSP_MN,CF1,CF2,CF3,FATALS,DRUNK_DR
17,170102,2,2,0,4,31,6240,20,2,2010,7,4,10,1,13,3,SR-19,SR-43,253,41.95277222,-87.807255560,0,12,6,0,2,2,1,0,3,4,0,4,0,0000000,4,10,99,99,99,99,0,0,0,1,1
17,170103,1,1,1,1,31,1670,23,2,2010,3,5,25,0,14,6,69TH,HALSTED,0,41.76881389,-87.644502780,0,8,0,0,3,2,1,0,3,4,0,4,0,0000000,5,27,99,99,99,99,0,0,0,1,0
17,170104,1,1,1,1,31,1670,23,2,2010,3,17,4,0,15,6,DES PLAINES ST,ADAMS ST,30,41.87927222,-87.644036110,0,8,0,0,3,2,1,0,1,1,0,1,0,0000000,17,5,17,99,17,99,0,0,0,1,0
17,170105,2,2,0,2,111,2100,2,3,2010,3,13,13,0,13,3,SR-176,MT THABOR,108,42.24791389,-88.403591670,0,12,6,0,2,3,1,0,1,1,0,1,0,0000000,13,13,99,99,88,88,0,0,0,1,0
17,170106,1,1,0,1,135,3010,10,3,2010,4,0,4,0,4,4,FILLMORE TRAIL,,0,39.11764167,-89.285588890,0,35,0,0,1,1,4,0,2,2,0,2,0,0000000,0,4,99,99,88,88,0,0,0,1,0
17,170108,1,1,0,2,63,0,15,3,2010,2,0,44,0,3,3,SR-53,,57,41.23149167,-88.252894440,0,42,0,0,1,1,4,0,2,1,0,1,0,0000000,0,44,99,99,99,99,0,0,0,1,1
17,170109,2,1,0,2,89,0,23,3,2010,3,7,35,1,11,1,I-90,,517,42.08359167,-88.341736110,0,14,0,0,1,1,2,0,1,1,0,1,0,0000000,7,38,99,99,88,88,0,0,0,1,0
17,170110,1,1,0,1,163,670,26,3,2010,6,5,48,0,13,3,SR-15,,140,38.49485556,-89.973472220,0,42,0,0,1,1,4,0,2,1,0,1,0,0000000,5,48,99,99,88,88,0,0,0,1,1
17,170111,2,2,0,4,119,0,14,3,2010,1,20,2,1,11,1,I-270,,3,38.76213056,-90.152436110,0,12,1,0,1,1,1,0,3,1,0,1,0,0000000,20,2,99,99,88,88,0,0,0,1,0
17,170112,2,2,0,3,91,0,28,3,2010,1,18,53,0,4,4,CR-8,BERNARD ROAD,0,41.19214444,-87.799141670,0,12,6,0,2,2,1,0,1,1,0,1,0,0000000,18,53,99,99,99,99,0,0,0,1,0
17,170113,1,1,1,2,111,0,18,3,2010,5,18,28,0,6,6,GRAF ROAD,MAXON ROAD,0,42.44404167,-88.667677780,1,9,0,0,3,2,1,0,1,1,0,1,0,0000000,18,28,99,99,88,88,0,0,0,1,0
17,170114,2,2,0,3,63,0,17,3,2010,4,7,0,0,6,5,MIDDLE RD,W MINOOKA RD,0,41.44439167,-88.442838890,0,12,6,0,2,2,1,0,1,1,0,1,0,0000000,7,0,99,99,88,88,0,0,0,1,0
17,170115,1,1,0,3,31,1670,9,3,2010,3,22,0,1,11,1,I-57,,3567,41.71234444,-87.652508330,0,35,0,0,1,1,4,0,3,8,0,8,0,0000000,22,5,99,99,99,99,0,0,0,1,1
17,170117,1,1,0,2,163,0,19,3,2010,6,14,50,1,11,1,I-255,,193,38.65331111,-90.033516670,0,35,0,0,1,1,4,0,1,1,0,1,0,0000000,14,50,99,99,99,99,0,0,0,1,0
17,170118,2,2,0,2,163,0,19,3,2010,6,18,30,0,14,3,SR-163,,62,38.54715000,-90.100508330,0,12,6,0,8,1,1,0,1,1,0,1,0,0000000,18,35,99,99,99,99,0,0,0,1,1
17,170119,2,2,0,2,141,0,17,2,2010,4,8,37,0,4,4,CR-4,,0,41.92158611,-89.217100000,0,12,2,0,1,1,1,0,1,1,0,1,0,0000000,8,37,99,99,99,99,0,0,0,1,0
17,170120,1,1,2,1,115,5910,14,3,2010,1,0,23,0,16,6,BELL STREET,,0,39.77031667,-88.876997220,0,19,0,0,1,1,5,0,3,2,0,2,0,0000000,0,23,99,99,99,99,20,0,0,1,1
17,170121,1,1,0,1,31,1670,9,3,2010,3,4,13,0,15,6,CANFIELD AVENUE,,11,41.99054167,-87.822519440,0,30,0,0,1,1,4,0,2,5,0,5,0,0000000,4,13,99,99,99,99,0,0,0,1,1
17,170122,2,2,0,2,31,1670,13,3,2010,7,0,39,0,15,6,ELSTON AVENUE,DIVISION STREET,0,41.90351389,-87.658419440,0,12,6,0,2,2,1,0,3,1,0,1,0,0000000,0,40,99,99,99,99,0,0,0,1,0
17,170123,2,2,0,2,141,0,8,1,2010,6,0,16,0,4,4,CR-5,,0,41.97743889,-89.317983330,0,12,6,0,1,1,1,0,2,3,0,3,0,0000000,0,16,99,99,88,88,0,0,0,1,0
17,170124,1,1,0,2,43,0,29,1,2010,6,19,45,0,14,6,SWIFT ROAD,,0,41.89696667,-88.044988890,0,30,0,0,1,1,4,0,2,8,0,8,0,0000000,19,45,99,99,99,99,0,0,0,1,1
17,170126,1,1,1,1,31,6650,18,2,2010,5,6,14,1,13,6,NORTHWEST HIGHWAY,BENTON STREET,446,42.12052778,-88.041311110,0,8,0,0,3,2,1,0,3,1,0,1,0,0000000,6,15,99,99,99,99,0,0,0,1,0
17,170127,3,3,0,5,201,7460,1,3,2010,2,13,42,0,14,6,SPRING CREEK RD,N MULFORD RD,0,42.29677500,-88.999572220,0,12,6,0,2,2,1,0,1,1,0,1,0,0000000,13,42,99,99,99,99,0,0,0,1,0
17,170128,3,3,0,3,197,0,30,3,2010,3,11,30,0,14,2,US-6,,1491,41.54758889,-88.010252780,0,12,1,0,1,1,1,0,1,1,0,1,0,0000000,11,30,99,99,99,99,19,0,0,1,0
17,170129,1,1,1,1,31,1670,4,3,2010,5,8,7,0,16,6,FULTON ST,ASHLAND AVE,0,41.88650833,-87.666797220,0,8,0,0,3,3,1,0,1,1,0,1,0,0000000,8,8,99,99,99,99,0,0,0,1,0
17,170130,2,2,0,2,173,0,3,4,2010,7,7,55,0,2,3,SR-16,,1051,39.40575000,-88.915797220,0,12,2,0,1,1,1,0,1,2,0,2,0,0000000,7,56,99,99,88,88,0,0,0,2,0
17,170131,1,1,0,1,69,0,1,4,2010,5,20,5,0,6,6,TUCKERHILL ROAD,,0,37.55481667,-88.140391670,0,42,0,0,1,1,4,0,2,1,0,1,0,0000000,20,15,99,99,99,99,0,0,0,1,0
17,170132,2,2,0,2,143,0,18,3,2010,5,10,12,0,3,3,SR-78,W SHISSLER RD,888,40.82926111,-89.965977780,0,12,6,0,2,2,1,0,1,5,0,5,0,0000000,10,12,99,99,99,99,0,0,0,1,1
17,170133,1,1,0,1,197,4910,20,3,2010,7,0,26,0,14,6,NEW AVE,,13,41.61185000,-88.051644440,0,34,0,0,1,1,4,0,2,1,0,1,0,0000000,0,26,99,99,88,88,0,0,0,1,1
17,170134,1,1,3,1,59,0,24,3,2010,4,13,50,0,4,4,SHAWNEETOWN NEW HAVE,,0,37.81584722,-88.169800000,0,9,0,0,1,1,1,0,1,1,0,1,0,0000000,13,51,99,99,99,99,0,0,0,1,0
17,170135,1,1,0,1,197,4300,6,4,2010,3,23,45,1,11,1,I-80,,1322,41.51227778,-88.094397220,0,24,0,0,1,1,3,0,2,1,0,1,0,0000000,23,48,99,99,88,88,0,0,0,1,1
17,170136,1,1,0,1,97,4650,2,4,2010,6,10,44,1,13,2,US-12,,264,42.20312500,-88.111472220,0,43,0,0,1,1,4,0,1,1,0,1,0,0000000,10,44,99,99,99,99,0,0,0,1,0
17,170137,2,2,0,2,27,0,8,4,2010,5,20,31,1,2,2,US-50,,435,38.61566389,-89.614602780,0,12,2,0,1,1,1,0,3,1,0,1,0,0000000,20,31,99,99,99,99,0,0,0,1,1
17,170138,2,2,0,2,133,0,8,4,2010,5,5,35,1,2,3,SR-3,LL ROAD,1146,38.25230556,-90.074288890,0,12,6,1,2,2,1,0,2,1,0,1,0,0000000,5,47,99,99,99,99,0,0,0,1,1
17,170139,1,1,0,2,51,0,4,4,2010,1,1,32,1,2,2,US-51,,1416,38.88556944,-89.085875000,0,34,0,0,1,1,4,0,2,1,0,1,0,0000000,1,32,99,99,88,88,0,0,0,2,1
17,170140,1,1,0,2,31,8410,1,4,2010,5,19,37,1,11,1,I-55,,0,41.79356111,-87.817905560,0,24,0,1,5,1,4,0,3,1,0,1,0,0000000,19,41,99,99,99,99,0,0,0,2,0
17,170142,1,1,1,5,31,1670,30,3,2010,3,16,39,0,14,6,CHICAGO AVENUE,LAWLER AVENUE,0,41.89495278,-87.751941670,0,9,0,0,3,3,1,0,1,1,0,1,0,0000000,16,40,99,99,99,99,0,0,0,1,0
17,170143,1,1,3,1,31,0,21,2,2010,1,2,25,1,12,3,SR-394,,101,41.51739722,-87.578447220,0,8,0,0,1,1,2,0,2,1,0,1,0,0000000,2,26,99,99,99,99,0,0,0,1,0
17,170144,1,1,1,1,163,8430,30,3,2010,3,22,14,1,13,3,SR-159,,229,38.53712778,-89.983572220,0,8,0,0,1,1,1,0,3,1,0,1,0,0000000,22,14,99,99,99,99,0,0,0,1,0
17,170145,1,1,1,1,31,1670,18,3,2010,5,13,35,0,14,6,ASHALND AVENUE,HARRISON STREET,25,41.87403889,-87.666547220,0,8,0,0,3,2,1,0,1,1,0,1,0,0000000,13,40,99,99,99,99,0,0,0,1,0
17,170146,1,1,2,1,31,1670,19,3,2010,6,14,52,0,14,6,18TH PLACE,ASHLAND AVENUE,13,41.85688056,-87.666155560,0,8,0,0,3,2,1,0,1,1,0,1,0,0000000,14,52,14,99,99,99,0,0,0,1,0
17,170147,1,1,0,4,57,0,3,4,2010,7,19,24,0,6,6,ROBERTS ROAD,,0,40.65695278,-90.408644440,0,30,0,0,1,1,4,0,1,1,0,1,0,0000000,19,24,99,99,99,99,0,0,0,2,0
17,170148,2,2,0,5,31,1670,1,4,2010,5,2,40,1,13,6,ROOSEVELT ROAD,CANAL STREET,126,41.86725556,-87.639238890,0,12,6,0,2,2,1,0,3,1,0,1,0,0000000,2,40,99,99,99,99,0,0,0,1,1
17,170149,2,2,0,5,31,1670,15,3,2010,2,22,57,1,11,1,I-55,,2870,41.81846389,-87.739488890,0,25,0,1,19,1,3,0,3,1,0,1,0,0000000,22,58,99,99,99,99,14,0,0,1,0
17,170150,1,1,0,3,31,1670,21,2,2010,1,22,30,1,13,3,SR-50,,493,41.78835278,-87.741386110,0,21,0,0,1,1,3,0,3,4,0,4,0,0000000,22,30,99,99,99,99,0,0,0,1,1
17,170151,1,1,0,1,31,1670,2,4,2010,6,5,36,0,15,6,ARCHER AVENUE,,91,41.84339722,-87.654336110,0,43,0,0,1,1,4,0,3,1,0,1,0,0000000,5,54,99,99,88,88,0,0,0,1,0
17,170152,2,2,0,2,199,0,12,4,2010,2,9,5,0,3,3,SR-37,SR-148,455,37.61627222,-88.980341670,0,12,6,0,2,3,1,0,1,1,0,1,0,0000000,9,6,99,99,99,99,0,0,0,1,0
17,170153,1,1,0,1,31,1670,5,2,2010,6,0,40,0,14,6,LAKE STREET,,0,41.88438056,-87.705305560,0,21,0,0,1,1,4,0,3,1,0,1,0,0000000,0,42,99,99,99,99,0,0,0,1,1
17,170154,2,2,0,2,31,1670,7,2,2010,1,6,50,1,13,6,WESTERN AVENUE,MONTROSE AVENUE,0,41.96130833,-87.688686110,0,12,1,0,2,2,1,0,1,1,0,1,0,0000000,6,51,99,99,99,99,0,0,0,1,1
17,170155,1,1,0,1,31,1670,13,2,2010,7,2,45,0,14,6,BELMONT AVENUE,LINDER AVENUE,0,41.93861667,-87.764047220,0,30,0,0,3,2,4,0,3,1,0,1,0,0000000,2,45,99,99,99,99,0,0,0,1,1
17,170156,1,1,0,1,99,0,13,4,2010,3,12,15,0,3,3,SR-71,,249,41.31042778,-88.935872220,0,34,0,0,1,1,4,0,1,1,0,1,0,0000000,12,20,99,99,99,99,0,0,0,1,0
17,170157,1,1,0,1,191,0,14,4,2010,4,4,30,1,1,1,I-67,,951,38.26730278,-88.626050000,0,21,0,0,1,1,4,0,2,1,0,1,0,0000000,4,36,99,99,88,88,0,0,0,1,0
17,170158,2,2,0,2,117,0,10,4,2010,7,14,35,0,3,3,SR-111,,722,39.45458056,-89.991613890,0,12,6,0,1,1,2,0,1,1,0,1,0,0000000,14,35,99,99,88,88,0,0,0,1,0
17,170159,1,1,0,5,67,0,1,4,2010,5,6,15,1,2,2,US-136,,199,40.41453611,-91.014800000,0,34,0,0,1,1,3,0,2,1,0,1,0,0000000,6,18,99,99,99,99,0,0,0,2,0
17,170160,2,2,0,4,31,6650,14,2,2010,1,20,1,1,13,2,US-14,MARTIN,436,42.12486667,-88.059502780,0,12,6,0,2,3,1,0,2,1,0,1,0,0000000,20,1,99,99,99,99,0,0,0,1,0
17,170161,2,2,0,5,105,0,28,3,2010,1,15,20,0,3,3,SR-116,N 3300 E ROAD,1561,40.87757222,-88.300519440,0,12,6,0,2,2,1,0,1,1,0,1,0,0000000,15,25,99,99,99,99,0,0,0,2,0
17,170162,2,2,0,2,167,8220,8,4,2010,5,7,28,1,13,3,SR-4,8TH STREET,1696,39.84334444,-89.644811110,0,12,6,0,2,2,1,0,1,1,0,1,0,0000000,7,28,99,99,99,99,0,0,0,1,0
17,170163,1,1,0,1,15,0,7,4,2010,4,5,16,0,3,3,SR-40,,972,41.97231667,-89.805444440,0,34,0,0,1,1,4,0,2,1,0,1,0,0000000,5,16,99,99,88,88,0,0,0,1,0
17,170164,1,1,0,1,57,0,1,4,2010,5,19,42,0,6,4,CR-2500,,0,40.55443056,-90.404022220,0,11,0,0,1,1,1,0,5,1,0,1,0,0000000,19,42,99,99,88,88,0,0,0,1,0
17,170165,1,1,0,4,31,1670,6,3,2010,7,2,0,1,13,6,GARFIELD BOULEVARD,,0,41.79423333,-87.651855560,0,42,0,0,1,1,4,0,3,1,0,1,0,0000000,2,0,99,99,99,99,0,0,0,4,1
17,170167,1,1,0,2,43,9250,29,3,2010,2,21,37,0,16,6,RICHMOND AVENUE,,0,41.77469722,-87.964819440,0,3,0,0,1,1,5,0,2,1,0,1,0,0000000,21,37,99,99,99,99,0,0,0,1,0
17,170168,1,1,0,1,35,0,5,4,2010,2,15,30,0,4,4,CR-2,,0,39.35273056,-88.248658330,0,34,0,0,1,1,4,0,1,1,0,1,0,0000000,15,45,99,99,99,99,0,0,0,1,0
17,170170,2,2,0,2,89,0,10,4,2010,7,16,58,0,4,4,CR-62,LASHER ROAD,0,41.80775556,-88.528183330,0,12,6,0,2,2,1,0,1,1,0,1,0,0000000,16,58,99,99,99,99,0,0,0,1,0
17,170171,2,2,0,3,89,0,14,4,2010,4,13,50,1,13,3,SR-47,OLD OAKS ROAD,1193,41.80096667,-88.461233330,0,12,6,0,2,2,1,0,1,1,0,1,0,0000000,13,52,99,99,99,99,0,0,0,2,0
17,170172,2,2,0,3,203,0,13,4,2010,3,8,13,1,2,2,US-24,CR-7,1540,40.73526111,-89.157277780,0,12,6,0,2,2,1,0,1,1,0,1,0,0000000,8,14,99,99,88,88,0,0,0,1,0
17,170173,2,2,0,3,31,512,8,4,2010,5,16,15,0,13,3,SR-68,,72,42.12821944,-88.142944440,0,12,2,0,1,1,1,0,1,1,0,1,0,0000000,16,19,99,99,99,99,0,0,0,2,1
17,170174,2,2,0,2,63,0,20,4,2010,3,6,41,0,14,2,US-6,,1192,41.37076111,-88.474858330,0,12,2,0,1,1,1,0,1,1,0,1,0,0000000,6,41,99,99,88,88,0,0,0,1,0
17,170175,1,1,0,1,169,0,18,4,2010,1,1,7,1,2,2,US-67,,1142,40.24076944,-90.593783330,0,24,0,0,1,1,4,0,2,1,0,1,0,0000000,1,7,99,99,99,99,0,0,0,1,1
17,170176,1,1,1,1,197,8270,24,2,2010,4,18,9,0,14,6,34TH STREET,,0,41.46980000,-87.633658330,0,8,0,0,1,1,1,0,2,1,0,1,0,0000000,18,9,99,99,99,99,0,0,0,1,0
17,170177,1,1,2,1,31,5044,28,2,2010,1,2,18,0,14,6,GLENWOOD DYER ROAD,,49,41.52675556,-87.566152780,0,8,0,0,1,1,1,0,2,2,0,2,0,0000000,2,18,99,99,99,99,0,0,0,1,0
17,170178,2,2,0,2,89,560,20,3,2010,7,3,40,1,13,4,CR-8,CR-34,0,41.86496389,-88.340372220,0,12,6,0,2,2,1,0,3,1,0,1,0,0000000,3,43,99,99,99,99,0,0,0,1,1
17,170179,1,1,0,2,31,1670,12,4,2010,2,4,5,1,13,6,WESTERN AVENUE,,167,41.81034444,-87.684491670,0,31,0,0,1,1,4,0,3,1,0,1,0,0000000,4,6,99,99,99,99,0,0,0,1,1
17,170180,2,2,0,2,31,1670,15,4,2010,5,2,35,1,13,6,LARAMIE AVENUE,55TH STREET,0,41.79289722,-87.752513890,0,12,6,0,2,2,1,0,3,1,0,1,0,0000000,2,35,99,99,99,99,0,0,0,1,0
17,170181,2,2,0,6,111,2100,10,4,2010,7,23,47,0,15,6,HUNTLEY ROAD,,0,42.21054167,-88.364422220,0,12,6,0,1,1,1,0,2,1,0,1,0,0000000,23,47,99,99,99,99,0,0,0,1,1
17,170182,2,2,0,5,145,9350,17,4,2010,7,11,10,0,3,3,SR-4,,187,37.98056667,-89.587019440,0,12,2,0,1,1,1,1,1,1,0,1,0,0000000,11,13,99,99,99,99,0,0,0,1,0
17,170183,2,2,0,2,97,3670,12,2,2010,6,8,43,1,13,3,SR-132,BRIDLEWOOD,82,42.38596389,-87.981013890,0,12,6,0,2,2,1,0,1,1,0,1,0,0000000,8,43,99,99,99,99,0,0,0,1,0
17,170184,1,1,0,1,83,0,1,4,2010,5,18,56,0,2,3,SR-16,,165,39.11615278,-90.369888890,0,34,0,0,1,1,4,0,1,1,0,1,0,0000000,18,56,99,99,99,99,0,0,0,1,0
17,170185,1,1,0,8,113,0,18,4,2010,1,10,44,1,1,1,I-55,,1457,40.32701389,-89.153908330,0,7,0,0,1,1,4,0,1,1,0,1,0,0000000,10,44,99,99,99,99,0,0,0,1,0
17,170186,2,2,2,2,43,4940,19,4,2010,2,20,16,1,13,3,SR-38,MAIN,821,41.86009167,-88.017386110,0,12,6,0,3,1,1,0,3,1,0,1,0,0000000,20,16,99,99,99,99,0,0,0,1,0
17,170187,2,2,0,2,101,0,15,4,2010,5,10,55,1,2,3,SR-1,,1125,38.81249167,-87.684716670,0,12,6,0,1,1,1,0,1,1,0,1,0,0000000,10,57,99,99,99,99,0,0,0,1,0
17,170188,1,1,0,1,153,0,16,4,2010,6,12,27,0,4,2,US-51,,64,37.17009722,-89.196280560,0,23,0,0,1,1,4,0,1,1,0,1,0,0000000,12,29,99,99,88,88,0,0,0,1,0
17,170189,3,3,0,3,69,0,23,4,2010,6,4,20,0,3,3,SR-34,,115,37.52543611,-88.414288890,0,12,2,0,1,1,1,0,2,1,0,1,0,0000000,4,27,99,99,99,99,0,0,0,1,0
17,170190,1,1,0,1,19,0,30,4,2010,6,14,3,0,14,3,SR-10,,881,40.12028611,-88.319563890,0,1,0,0,1,1,1,3,1,6,1,6,0,0000000,14,5,99,99,99,99,0,0,0,1,0
17,170191,2,2,0,2,19,1550,29,4,2010,5,22,44,1,13,2,US-150,ELM STREET,1854,40.11261667,-88.250055560,0,12,6,0,2,2,1,0,3,1,0,1,0,0000000,22,46,99,99,99,99,0,0,0,1,1
17,170192,1,1,0,1,197,0,21,4,2010,4,11,6,1,11,1,I-80,,0,41.51172222,-88.121283330,0,1,0,1,5,1,4,0,1,1,0,1,0,0000000,11,9,99,99,99,99,0,0,0,1,0
17,170193,2,2,0,3,97,0,1,5,2010,7,2,35,1,11,1,I-94,,180,42.25465556,-87.901241670,0,12,1,0,1,1,1,0,3,1,0,1,0,0000000,2,42,99,99,99,99,0,0,0,1,1
17,170194,1,1,0,3,29,0,28,4,2010,4,15,58,1,11,1,I-57,,1880,39.46263889,-88.324155560,0,31,0,0,1,1,4,0,1,1,0,1,0,0000000,15,59,99,99,99,99,0,0,0,1,0
17,170195,1,1,1,2,119,7073,11,4,2010,1,17,34,0,16,6,IRIS AVENUE,,0,38.72785278,-90.066963890,0,9,0,0,1,1,1,0,1,1,0,1,0,0000000,17,34,99,99,99,99,0,0,0,1,0
17,170197,1,1,0,3,31,1670,5,5,2010,4,23,24,1,11,1,I-290,,0,41.87583889,-87.689072220,0,1,0,1,5,1,4,1,3,1,0,1,0,0000000,23,24,99,99,99,99,0,0,0,1,1
17,170198,1,1,0,1,111,0,4,5,2010,3,22,1,0,15,4,COUNTRY CLUB ROAD,,0,42.28727778,-88.373694440,0,34,0,0,1,1,4,0,2,1,0,1,0,0000000,22,1,99,99,88,88,0,0,0,1,1
17,170200,2,2,0,3,109,0,29,3,2010,2,9,55,1,2,2,US-67,,1215,40.33555278,-90.619355560,0,12,2,0,1,1,1,0,1,1,0,1,0,0000000,9,58,99,99,99,99,0,0,0,1,0
17,170201,3,3,0,5,43,540,9,4,2010,6,18,36,1,13,3,SR-59,ARMY TRAIL,308,41.94678056,-88.208069440,0,12,6,0,2,2,1,0,1,1,0,1,0,0000000,18,36,99,99,99,99,0,0,0,1,0
17,170202,2,2,0,2,167,0,21,4,2010,4,13,0,0,4,5,WAVERLY ROAD,W LOAMI ROAD,0,39.67490556,-89.927666670,0,12,6,0,2,2,1,0,1,1,0,1,0,0000000,13,0,99,99,88,88,0,0,0,1,0
17,170203,1,1,0,1,167,0,22,4,2010,5,6,14,0,14,4,CR-23,,0,39.72052500,-89.677341670,0,53,0,0,1,1,4,0,2,99,0,99,0,0000000,6,14,99,99,88,88,0,0,0,1,1
17,170204,3,2,0,2,31,9300,25,3,2010,5,3,38,1,13,3,SR-83,HINTZ RD,627,42.12426389,-87.936813890,0,12,6,0,2,2,1,0,3,1,0,1,0,0000000,3,38,99,99,99,99,0,0,0,1,1
17,170205,1,1,0,5,127,0,17,4,2010,7,14,0,0,6,5,MERMET LAKE LEVEE,,0,37.24963056,-88.834247220,0,1,0,0,1,1,4,0,1,1,0,1,0,0000000,14,8,99,99,99,99,0,0,0,3,1
17,170206,1,1,0,2,81,0,10,4,2010,7,12,30,0,6,4,CR-700,,0,38.22852778,-88.934244440,0,34,0,0,1,1,4,0,1,1,0,1,0,0000000,12,32,99,99,99,99,0,0,0,1,0
17,170207,1,1,1,1,31,1670,18,4,2010,1,20,25,0,15,6,NARRAGANSETT AVENUE,60TH STREET,0,41.78318056,-87.781469440,0,9,0,0,3,2,1,0,3,1,0,1,0,0000000,20,33,99,99,99,99,0,0,0,1,0
17,170208,1,1,1,1,31,1670,20,4,2010,3,17,38,1,13,2,US-20,NORMAL AVENUE,776,41.72162500,-87.635922220,0,8,0,0,3,2,1,0,1,1,0,1,0,0000000,17,42,99,99,99,99,0,0,0,1,0
17,170209,2,2,0,6,109,5100,4,5,2010,3,23,36,1,13,2,US-136,CHARLES STREET,391,40.45883611,-90.678216670,0,12,6,0,2,2,1,0,3,1,0,1,0,0000000,23,36,99,99,99,99,0,0,0,1,0
17,170210,1,1,1,1,167,8220,6,5,2010,5,22,28,0,13,6,DIRKSEN PARKWAY,,58,39.84216944,-89.604388890,0,8,0,0,1,1,1,0,2,1,0,1,0,0000000,22,28,99,99,99,99,0,0,0,1,0
17,170211,1,1,0,1,163,0,3,5,2010,2,23,30,0,14,6,SCOTT TROY ROAD,,0,38.64950278,-89.874666670,0,41,0,0,1,1,4,0,2,99,0,99,0,0000000,21,23,99,99,88,88,18,0,0,1,1
17,170212,2,2,0,2,75,0,28,4,2010,4,11,55,0,6,4,CR-400,CR-1100,0,40.64823056,-88.044825000,0,12,6,0,2,2,1,0,1,1,0,1,0,0000000,12,8,99,99,99,99,0,0,0,1,0
17,170213,5,2,0,5,31,1670,6,5,2010,5,13,52,0,16,6,30TH STREET,DRAKE AVENUE,0,41.83891389,-87.713413890,0,12,1,0,3,2,1,0,1,1,0,1,0,0000000,14,0,99,99,99,99,0,0,0,1,0
17,170214,1,1,0,1,95,0,19,4,2010,2,6,58,0,4,4,CR-8,,0,40.82755833,-90.290363890,0,31,0,0,1,1,4,0,1,1,0,1,0,0000000,6,58,99,99,88,88,0,0,0,1,0
17,170215,2,2,0,4,99,0,10,4,2010,7,18,12,0,3,2,US-6,9TH ROAD,890,41.36052222,-88.991033330,0,12,6,0,2,2,1,0,1,1,0,1,0,0000000,18,12,99,99,99,99,0,0,0,1,1
17,170216,1,1,0,1,31,1670,1,5,2010,7,16,34,0,15,6,CALIFORNIA AVENUE,ARDMORE AVENUE,0,41.98676111,-87.699297220,0,1,0,0,2,2,1,0,1,1,0,1,0,0000000,16,49,99,99,99,99,0,0,0,1,1
17,170217,1,1,1,1,31,1670,10,5,2010,2,10,4,0,15,6,EMERALD AVENUE,ROOT STREET,0,41.81893889,-87.644552780,0,33,0,0,2,7,4,0,1,1,0,1,0,0000000,10,7,99,99,88,88,0,0,0,1,0
17,170218,2,2,0,4,31,2890,6,5,2010,5,20,57,0,16,6,100TH STREET,TURNER AVENUE,0,41.71156389,-87.705213890,0,12,6,0,2,2,1,0,3,1,0,1,0,0000000,20,57,99,99,99,99,0,0,0,1,0
17,170219,3,3,0,3,197,7491,29,4,2010,5,14,53,0,14,6,ROMEOVILLE ROAD,135TH STREET,0,41.63999722,-88.085444440,0,12,7,0,3,3,1,0,1,1,0,1,0,0000000,14,53,99,99,99,99,14,0,0,1,1
17,170220,1,1,0,1,161,0,9,5,2010,1,1,55,0,4,4,CR-BB,,0,41.67807222,-90.280066670,0,34,0,0,1,1,4,0,2,1,0,1,0,0000000,2,4,99,99,88,88,0,0,0,1,1
17,170221,1,1,0,1,183,0,11,5,2010,3,9,25,1,1,1,I-74,,2028,40.12445556,-87.844330560,0,24,0,0,1,1,3,0,1,1,0,1,0,0000000,9,27,99,99,88,88,0,0,0,1,0
17,170222,1,1,0,1,133,0,12,5,2010,4,1,5,0,13,3,SR-158,,9,38.43856389,-90.167241670,0,35,0,0,1,1,4,0,2,1,0,1,0,0000000,1,5,99,99,88,88,0,0,0,1,1
17,170223,2,2,0,2,45,0,13,5,2010,5,9,12,0,4,4,CR-11,OLD REDMON ROAD,0,39.64410278,-87.853225000,0,12,6,0,2,2,1,0,1,1,0,1,0,0000000,9,12,99,99,99,99,0,0,0,1,0
17,170224,3,3,0,4,167,0,11,5,2010,3,12,17,0,3,3,SR-97,,72,39.83255278,-89.772719440,0,12,1,0,1,1,1,0,1,1,0,1,0,0000000,12,19,99,99,88,88,0,0,0,1,0
17,170225,1,1,0,1,91,0,8,5,2010,7,12,0,1,11,1,I-57,,3105,41.10134167,-87.835061110,0,18,0,0,1,1,3,0,1,1,0,1,0,0000000,12,0,99,99,99,99,0,0,0,1,0
17,170227,2,2,0,5,197,0,15,3,2010,2,11,52,1,2,4,CR-25,PEOTONE ROAD,0,41.32240833,-87.958991670,0,12,6,0,2,2,1,0,1,1,0,1,0,0000000,11,52,99,99,99,99,0,0,0,1,0
17,170228,6,6,3,6,31,1670,7,5,2010,6,15,30,1,13,6,ARCHER AVE,KEDZIE AVE,58,41.81409167,-87.704208330,0,12,7,0,2,2,1,0,1,1,0,1,0,0000000,15,33,99,99,99,99,0,0,0,1,1
17,170229,3,3,0,3,31,6650,1,4,2010,5,10,25,0,13,6,EUCLID AVENUE,ROSELLE ROAD,0,42.08499722,-88.077927780,0,12,1,0,2,2,1,0,1,1,0,1,0,0000000,10,29,99,99,99,99,0,0,0,1,0