STATE,ST_CASE,VE_TOTAL,VE_FORMS,PEDS,PERSONS,COUNTY,CITY,DAY,MONTH,YEAR,DAY_WEEK,HOUR,MINUTE,NHS,ROAD_FNC,ROUTE,TWAY_ID,TWAY_ID2,MILEPT,LATITUDE,LONGITUD,SP_JUR,HARM_EV,MAN_COLL,RELJCT1,RELJCT2,TYP_INT,REL_ROAD,WRK_ZONE,LGT_COND,WEATHER1,WEATHER2,WEATHER,SCH_BUS,RAIL,NOT_HOUR,NOT_MIN,ARR_HOUR,ARR_MIN,HOSP_HR,HOSP_MN,CF1,CF2,CF3,FATALS,DRUNK_DR
17,170230,1,1,0,1,75,0,10,5,2010,2,2,59,0,4,4,CR-4,,0,40.93032500,-87.886711110,0,34,0,0,1,1,4,0,2,1,0,1,0,0000000,2,59,99,99,88,88,0,0,0,1,1
17,170231,1,1,0,1,31,1670,4,4,2010,1,5,7,0,14,6,CERMAK ROAD,,94,41.85146111,-87.738252780,0,33,0,0,1,1,4,0,3,1,0,1,0,0000000,5,7,99,99,99,99,0,0,0,1,1
17,170233,3,3,0,3,21,0,5,5,2010,4,7,53,0,13,3,SR-48,1550 NORTH ROAD,285,39.57493056,-89.258616670,0,12,1,0,3,3,1,0,1,1,0,1,0,0000000,7,53,99,99,99,99,0,0,0,1,0
17,170234,2,2,0,6,31,1670,12,5,2010,4,23,28,0,15,6,JACKSON BOULEVARD,KEELER AVENUE,0,41.87703056,-87.730455560,0,12,6,0,2,2,1,0,3,2,0,2,0,0000000,23,30,99,99,99,99,0,0,0,1,0
17,170235,2,2,0,2,31,1670,3,5,2010,2,21,52,1,11,1,I-55,,2918,41.84474444,-87.653319440,0,12,6,0,1,1,1,0,3,1,0,1,0,0000000,21,53,99,99,99,99,0,0,0,1,2
17,170236,1,1,0,1,31,1670,7,4,2010,4,7,18,1,13,3,SR-171,,359,41.94592222,-87.836508330,0,16,0,0,1,1,1,0,1,2,0,2,0,0000000,7,20,99,99,99,99,0,0,0,1,0
17,170237,1,1,0,2,43,2225,2,5,2010,1,5,48,0,14,4,CR-31,CLARENDON HILLS ROAD,0,41.75708611,-87.954586110,0,30,0,0,3,2,4,0,4,1,0,1,0,0000000,5,49,99,99,99,99,0,0,0,2,1
17,170238,1,1,1,1,43,9180,20,5,2010,5,22,4,1,13,3,SR-59,WASHINGTON STREET,262,41.88509444,-88.194486110,0,8,0,0,2,2,1,1,2,1,0,1,0,0000000,22,4,99,99,99,99,0,0,0,1,0
17,170239,3,3,0,5,179,2070,2,5,2010,1,14,26,0,13,3,SR-29,,1110,40.63673056,-89.608130560,0,12,7,0,1,1,1,0,1,1,0,1,0,0000000,14,26,99,99,99,99,0,0,0,1,0
17,170241,1,1,0,2,27,0,22,5,2010,7,16,32,0,4,4,CR-15,,0,38.67441667,-89.337538890,0,7,0,0,1,1,1,0,1,1,0,1,0,0000000,16,32,99,99,99,99,0,0,0,1,0
17,170242,1,1,0,1,197,7000,23,5,2010,1,1,1,0,15,5,S RIVER RD,,0,41.59518611,-88.220916670,0,52,0,0,1,1,4,0,3,1,0,1,0,0000000,1,1,99,99,99,99,0,0,0,1,1
17,170243,1,1,0,2,125,570,22,5,2010,7,17,2,0,4,4,CR-900,,0,40.19221667,-90.136250000,0,1,0,0,1,1,4,0,1,1,0,1,0,0000000,17,4,99,99,99,99,0,0,0,1,0
17,170244,1,1,1,3,197,4300,3,4,2010,7,15,26,0,14,6,RUBY STREET,HICKORY STREET,0,41.53755000,-88.086650000,0,8,0,0,2,2,1,0,1,1,0,1,0,0000000,15,26,99,99,99,99,0,0,0,1,0
17,170245,1,1,0,1,101,0,21,5,2010,6,12,5,0,3,3,SR-33,,935,38.69837778,-87.522766670,0,42,0,0,1,1,4,0,1,2,0,2,0,0000000,12,5,99,99,88,88,0,0,0,1,0
17,170246,2,2,0,2,85,0,23,5,2010,1,20,30,0,4,4,CR-3,SLAUGHTERHOUSE ROAD,0,42.49581111,-90.016333330,0,12,6,0,2,2,1,0,5,1,0,1,0,0000000,20,30,99,99,99,99,0,0,0,1,1
17,170248,1,1,0,1,19,0,22,5,2010,7,10,8,1,1,1,I-57,,2526,40.34176111,-88.165080560,0,44,0,0,1,1,1,1,1,1,0,1,0,0000000,10,8,99,99,99,99,0,0,0,1,0
17,170249,2,2,0,2,131,0,29,4,2010,5,7,28,0,3,3,SR-17,,106,41.20129167,-90.824802780,0,12,2,0,1,1,1,0,1,1,0,1,0,0000000,7,28,99,99,99,99,0,0,0,1,0
17,170250,4,4,0,6,197,0,2,5,2010,1,15,13,0,15,6,WASHINGTON,BRIGGS,0,41.52251389,-88.043063890,0,12,6,1,2,2,1,0,1,1,0,1,0,0000000,15,13,99,99,99,99,0,0,0,1,0
17,170251,1,1,0,1,131,0,29,5,2010,7,1,59,0,5,4,CR-300,,0,41.30347222,-90.512538890,0,38,0,0,1,1,4,0,2,1,0,1,0,0000000,2,18,99,99,88,88,0,0,0,1,1
17,170252,2,2,0,3,183,0,26,5,2010,4,20,36,1,2,3,SR-1,CR-000,2303,40.48795556,-87.689333330,0,12,6,0,2,2,1,0,5,1,0,1,0,0000000,20,36,99,99,99,99,0,0,0,1,0
17,170253,1,1,0,1,73,0,12,5,2010,4,3,17,0,3,3,SR-51,,140,41.29518889,-90.121386110,0,34,0,0,1,1,4,0,2,1,0,1,0,0000000,3,17,99,99,88,88,0,0,0,1,1
17,170254,2,2,0,2,103,0,15,5,2010,7,23,12,0,14,5,PALMYRA RD,,72,41.85127778,-89.509905560,0,12,2,0,8,1,1,0,2,1,0,1,0,0000000,23,12,99,99,99,99,0,0,0,1,1
17,170255,2,2,0,3,25,0,25,5,2010,3,21,48,1,2,2,US-50,325TH,988,38.65263889,-88.635250000,0,12,6,1,2,2,1,0,2,1,0,1,0,0000000,21,48,99,99,99,99,0,0,0,1,0
17,170256,2,2,0,2,83,0,29,5,2010,7,13,12,0,2,3,SR-16,,152,39.11651111,-90.394005560,0,12,6,0,8,1,1,0,1,1,0,1,0,0000000,13,12,99,99,99,99,0,0,0,1,0
17,170257,1,1,0,1,23,0,26,5,2010,4,16,12,1,2,3,SR-1,,1477,39.31588889,-87.672855560,0,31,0,0,1,1,4,0,1,1,0,1,0,0000000,16,12,99,99,99,99,0,0,0,1,0
17,170258,1,1,0,2,63,0,26,5,2010,4,20,57,0,6,6,BAKER ROAD,,0,41.28394167,-88.449297220,0,1,0,0,1,1,4,0,2,1,0,1,0,0000000,20,57,99,99,99,99,0,0,0,1,0
17,170259,1,1,0,1,29,0,29,5,2010,7,18,57,0,4,4,CR-16,,0,39.60127500,-88.294158330,0,35,0,0,1,1,4,0,1,1,0,1,0,0000000,18,57,99,99,99,99,0,0,0,1,1
17,170260,1,1,0,1,201,0,30,5,2010,1,20,3,0,13,3,SR-2,,619,42.37569722,-89.078436110,0,1,0,0,1,1,1,0,5,1,0,1,0,0000000,20,3,99,99,88,88,0,0,0,1,1
17,170261,1,1,0,3,195,0,26,5,2010,4,16,33,0,5,4,CR-23,,0,41.72890833,-89.924216670,0,34,0,0,1,1,4,0,1,1,0,1,0,0000000,16,33,99,99,99,99,0,0,0,1,0
17,170262,2,2,0,2,137,0,29,5,2010,7,12,27,0,3,3,SR-78,LITERBERRY TRIOPIA R,118,39.85153333,-90.220766670,0,12,6,0,2,2,1,0,1,1,0,1,0,0000000,12,27,99,99,99,99,0,0,0,1,0
17,170263,1,1,0,2,197,8270,10,5,2010,2,3,15,0,14,6,STEGER ROAD,,0,41.46976667,-87.644775000,0,42,0,0,1,1,4,0,2,1,0,1,0,0000000,3,15,99,99,99,99,0,0,0,1,1
17,170264,9,9,0,21,29,0,31,5,2010,2,17,2,1,1,1,I-57,,1926,39.52719722,-88.313241670,0,12,1,1,18,1,1,1,1,1,0,1,0,0000000,17,3,99,99,99,99,3,0,0,3,0
17,170265,1,1,0,1,63,0,19,5,2010,4,16,55,0,4,4,CR-18,,0,41.29652500,-88.266586110,0,34,0,0,1,1,4,0,1,1,0,1,0,0000000,16,55,99,99,99,99,0,0,0,1,0
17,170266,1,1,1,1,31,1670,12,5,2010,4,20,47,0,14,6,COTTAGE GROVE,53RD ST,0,41.79860278,-87.606327780,0,8,0,0,3,3,1,0,3,2,0,2,0,0000000,20,49,99,99,99,99,0,0,0,1,0
17,170267,2,2,0,3,119,0,28,5,2010,6,11,6,1,11,1,I-55,,620,38.66236667,-90.100819440,0,12,7,0,1,1,1,1,1,1,0,1,0,0000000,11,9,99,99,99,99,0,0,0,1,0
17,170268,2,2,0,2,37,0,27,5,2010,5,12,44,0,6,5,HOWISON,DUFFY,0,41.77674444,-88.715222220,0,12,6,0,2,2,1,0,1,1,0,1,0,0000000,12,44,99,99,99,99,0,0,0,1,0
17,170269,2,2,0,3,9,0,22,5,2010,7,15,40,0,6,4,CR-1000,,0,39.90861667,-90.718702780,0,12,2,0,1,1,1,0,1,1,0,1,0,0000000,15,40,99,99,88,88,0,0,0,1,0
17,170270,2,2,0,2,119,9550,23,5,2010,1,21,32,1,13,3,SR-3,AMOCO CUTOFF,1642,38.85258333,-90.103525000,0,12,2,0,2,2,1,0,2,1,0,1,0,0000000,21,32,99,99,99,99,0,0,0,1,1
17,170271,1,1,0,1,37,0,15,5,2010,7,21,2,0,16,5,FAIRWIND,,0,41.65369167,-88.633413890,0,33,0,0,1,1,4,0,3,1,0,1,0,0000000,21,2,99,99,99,99,0,0,0,1,1
17,170272,1,1,0,1,167,0,28,5,2010,6,0,0,0,3,3,SR-97,,69,39.83114722,-89.768000000,0,34,0,0,1,1,4,0,2,1,0,1,0,0000000,5,37,99,99,88,88,0,0,0,1,1
17,170273,1,1,0,1,197,0,4,6,2010,6,13,24,0,14,2,US-6,,1525,41.54873611,-87.943850000,0,42,0,0,1,1,4,0,1,1,0,1,0,0000000,13,29,99,99,99,99,0,0,0,1,0
17,170274,1,1,0,1,143,0,28,5,2010,6,6,0,0,6,4,BRIMFIELD,CR-23,0,40.80718611,-89.889683330,0,35,0,0,3,1,4,0,2,1,0,1,0,0000000,6,48,99,99,88,88,0,0,0,1,1
17,170275,1,1,0,1,197,0,10,3,2010,4,2,19,0,15,6,LILY CACHE,,0,41.57868611,-88.186286110,0,42,0,0,1,1,4,0,2,2,0,2,0,0000000,2,19,99,99,88,88,0,0,0,1,1
17,170276,1,1,1,1,167,8220,18,5,2010,3,20,34,0,16,6,JEFFERSON STREET,,13,39.80488333,-89.669502780,0,8,0,0,1,1,1,0,3,1,0,1,0,0000000,20,35,99,99,88,88,0,0,0,1,1
17,170277,1,1,1,1,111,1440,13,5,2010,5,22,55,1,13,2,US-14,,3192,42.20994444,-88.242616670,0,8,0,0,1,1,1,0,3,1,0,1,0,0000000,22,55,99,99,99,99,0,0,0,1,0
17,170278,3,3,1,4,31,1670,6,3,2010,7,23,17,0,14,6,87TH,,66,41.73653889,-87.612813890,0,8,0,0,1,1,1,0,3,1,0,1,0,0000000,23,22,99,99,99,99,14,0,0,1,1
17,170279,1,1,0,1,197,4300,21,5,2010,6,13,0,0,14,4,CR-42,,0,41.48389167,-88.099880560,0,32,0,0,1,1,4,0,1,1,0,1,0,0000000,13,0,99,99,99,99,0,0,0,1,0
17,170280,1,1,1,2,19,8770,16,5,2010,1,20,20,0,14,6,MAIN STREET,,0,40.11243611,-88.209497220,0,8,0,0,1,1,1,0,5,1,0,1,0,0000000,20,20,99,99,99,99,0,0,0,1,0
17,170281,4,4,0,5,31,1670,9,3,2010,3,15,0,0,15,3,SR-72,EAST RIVER,1084,41.98785000,-87.846475000,0,12,6,0,2,2,1,0,1,2,0,2,0,0000000,15,10,99,99,99,99,0,0,0,1,0
17,170282,1,1,1,1,31,1670,27,3,2010,7,19,49,1,13,6,INDIANA,,205,41.65967222,-87.618519440,0,8,0,0,1,1,1,0,2,1,0,1,0,0000000,19,49,99,99,99,99,0,0,0,1,0
17,170283,2,1,0,1,31,1670,31,3,2010,4,23,30,1,13,3,SR-43,,189,41.77711389,-87.800963890,0,14,0,0,1,1,5,0,3,99,0,99,0,0000000,23,35,99,99,88,88,0,0,0,1,1
17,170284,3,3,0,4,31,1670,16,4,2010,6,19,30,0,14,6,63RD STREET,HOYNE AVENUE,0,41.77928889,-87.676350000,0,12,6,0,2,2,1,0,1,1,0,1,0,0000000,19,30,99,99,99,99,0,0,0,1,0
17,170285,1,1,1,3,161,2580,15,5,2010,7,23,52,0,14,6,AVENUE OF THE CITIES,,0,41.48976111,-90.460547220,0,8,0,0,1,1,1,0,2,1,0,1,0,0000000,23,52,99,99,88,88,0,0,0,1,0
17,170286,1,1,0,1,31,1670,26,4,2010,2,20,30,1,13,6,ROOSEVELT ROAD,,126,41.86726667,-87.638550000,0,33,0,0,1,1,3,0,2,1,0,1,0,0000000,20,30,99,99,99,99,0,0,0,1,0
17,170287,4,1,1,2,31,1670,29,5,2010,7,5,47,0,15,6,ASHLAND BOULEVARD,,0,42.00795556,-87.670038890,0,14,0,0,1,1,4,4,1,1,0,1,0,0000000,6,3,99,99,99,99,0,0,0,1,1
17,170288,1,1,0,1,91,4380,7,6,2010,2,2,38,0,14,6,GRINNELL ROAD,,0,41.13327222,-87.837211110,0,21,0,0,1,1,4,0,3,1,0,1,0,0000000,2,38,99,99,88,88,0,0,0,1,1
17,170289,2,2,0,6,91,0,6,6,2010,1,18,2,0,6,5,12000 EAST ROAD,,0,41.26864167,-87.645080560,0,12,6,0,1,1,1,0,1,2,0,2,0,0000000,18,2,99,99,99,99,0,0,0,1,1
17,170290,1,1,1,1,63,0,9,6,2010,4,16,16,0,6,6,REED ROAD,,0,41.25817778,-88.318019440,0,8,0,0,1,1,1,0,1,1,0,1,0,0000000,16,16,99,99,99,99,0,0,0,1,0
17,170291,1,1,0,1,141,0,15,5,2010,7,17,53,0,4,4,CR-33,,0,42.12797778,-89.221541670,0,10,0,0,6,1,1,0,1,1,0,1,0,372350T,17,52,99,99,88,88,0,0,0,1,1
17,170292,1,1,0,1,195,8280,2,6,2010,4,17,50,0,16,6,18TH STREET,,0,41.80250556,-89.708127780,0,5,0,0,1,1,1,0,1,1,0,1,0,0000000,18,4,99,99,99,99,0,0,0,1,0
17,170293,2,2,0,2,89,0,31,5,2010,2,13,55,1,13,3,SR-47,BIG TIMBER,1419,42.11071111,-88.445275000,0,12,6,0,2,2,1,0,1,1,0,1,0,0000000,13,57,99,99,99,99,0,0,0,1,0
17,170294,2,2,0,2,111,0,7,6,2010,2,15,54,1,2,2,US-14,,108,42.35865000,-88.557952780,0,12,2,0,1,1,1,0,1,1,0,1,0,0000000,15,54,99,99,88,88,0,0,0,1,0
17,170296,1,1,0,3,73,0,29,5,2010,7,23,58,0,4,4,CR-16,,0,41.32394167,-90.200886110,0,1,0,0,1,1,1,0,2,1,0,1,0,0000000,23,58,99,99,88,88,0,0,0,1,1
17,170297,2,2,0,2,73,0,6,5,2010,5,16,35,0,4,4,CR-2,,0,41.49886389,-90.291266670,0,12,6,0,8,1,1,0,1,1,0,1,0,0000000,16,35,99,99,99,99,0,0,0,1,0
17,170298,2,2,0,5,201,5000,12,6,2010,7,10,16,1,13,6,JUNIPER LANE,ALPINE ROAD,0,42.34243056,-89.028752780,0,12,6,0,2,2,1,0,1,2,0,2,0,0000000,10,16,99,99,99,99,0,0,0,1,0
17,170299,2,2,0,5,19,0,5,6,2010,7,13,45,0,6,4,CR-20,CR-26,0,40.25420556,-88.078380560,0,12,6,0,2,2,1,0,1,1,0,1,0,0000000,13,45,99,99,99,99,0,0,0,1,0
17,170300,1,1,1,1,7,710,7,6,2010,2,18,32,0,14,6,LOCUST,,0,42.25405278,-88.848013890,0,8,0,0,1,1,1,0,1,1,0,1,0,0000000,18,32,99,99,99,99,0,0,0,1,1
17,170301,1,1,0,1,97,9090,31,5,2010,2,18,39,0,16,6,ANDERSON ROAD,,0,42.25168333,-88.159305560,0,42,0,0,1,1,4,0,1,1,0,1,0,0000000,18,39,99,99,88,88,0,0,0,1,1
17,170302,1,1,0,1,115,2250,26,5,2010,4,18,40,0,13,6,SOUTHSIDE DRIVE,,6,39.82391667,-88.963888890,0,30,0,0,1,1,4,0,1,1,0,1,0,0000000,18,41,99,99,99,99,0,0,0,1,1
17,170303,2,2,0,2,31,1670,10,6,2010,5,12,44,1,11,1,I-94,,0,41.69281944,-87.599288890,0,33,0,1,5,1,4,0,1,1,0,1,0,0000000,12,44,99,99,99,99,0,0,0,1,0
17,170304,2,2,0,2,1,0,4,6,2010,6,17,4,0,4,5,2800TH AVENUE,1500TH STREET,0,40.16810556,-91.222975000,0,12,6,0,2,2,1,0,1,1,0,1,0,0000000,17,4,99,99,99,99,0,0,0,1,1
17,170305,1,1,0,2,163,1460,13,6,2010,1,17,37,1,1,1,I-255,,168,38.62570556,-90.067786110,0,52,0,0,1,1,3,0,1,2,0,2,0,0000000,17,37,99,99,88,88,0,0,0,1,0
17,170306,1,1,0,1,85,0,22,5,2010,7,21,14,0,6,5,MILL CREEK,,0,42.41018056,-90.202175000,0,11,0,0,1,1,1,0,2,1,0,1,0,0000000,21,14,99,99,88,88,0,0,0,1,1
17,170307,1,1,0,3,23,0,9,6,2010,4,15,1,1,1,1,I-70,,1574,39.42651944,-87.579333330,0,1,0,0,1,1,1,0,1,1,0,1,0,0000000,15,1,99,99,99,99,0,0,0,1,0
17,170308,1,1,0,2,57,0,22,5,2010,7,0,42,0,6,4,CR-11,,0,40.32477500,-90.162155560,0,34,0,0,1,1,4,0,2,1,0,1,0,0000000,0,42,99,99,99,99,0,0,0,1,1
17,170309,2,2,0,2,93,9630,4,6,2010,6,18,35,1,13,3,SR-47,,1090,41.65838611,-88.442625000,0,12,6,0,8,1,1,0,1,1,0,1,0,0000000,18,36,99,99,99,99,0,0,0,1,2
17,170310,2,2,0,2,31,0,15,4,2010,5,15,50,1,13,5,SANDERS RD,WILLOW RD,151,42.10927222,-87.876505560,0,12,1,0,2,2,1,0,1,1,0,1,0,0000000,15,55,99,99,99,99,0,0,0,1,0
17,170311,1,1,0,3,97,0,2,5,2010,1,2,58,0,16,5,STANTON POINT RD,,0,42.39805278,-88.145633330,0,5,0,0,1,1,1,0,2,2,0,2,0,0000000,2,58,99,99,99,99,0,0,0,1,1
17,170312,1,1,0,1,31,1670,26,2,2010,6,19,56,0,15,6,67TH STREET,,0,41.77151944,-87.712933330,0,21,0,0,1,1,6,0,3,1,0,1,0,0000000,19,56,99,99,99,99,0,0,0,1,0
17,170313,1,1,1,8,31,1670,11,6,2010,6,21,15,1,13,6,91ST STREET,STONY ISLAND AVENUE,19,41.72960278,-87.585047220,0,8,0,0,2,2,1,0,3,1,0,1,0,0000000,21,20,99,99,99,99,0,0,0,1,0
17,170314,1,1,0,1,77,0,8,6,2010,3,2,12,1,2,3,SR-149,,13,37.76410000,-89.445100000,0,11,0,0,1,1,1,0,2,1,0,1,0,0000000,2,12,99,99,99,99,0,0,0,1,0
17,170315,1,1,0,2,141,0,17,5,2010,2,3,49,0,5,4,HOLCOMB,,0,42.06340833,-89.157055560,0,11,0,0,1,1,1,0,2,1,0,1,0,0000000,3,49,99,99,99,99,0,0,0,1,1
17,170316,1,1,0,2,31,2719,13,6,2010,1,19,40,1,13,3,SR-72,,1009,42.02576111,-87.965816670,0,1,0,0,1,1,4,0,5,8,0,8,0,0000000,19,40,99,99,99,99,0,0,0,2,1
17,170317,1,1,0,2,31,8410,12,6,2010,7,16,27,1,11,1,I-55,,0,41.79640278,-87.814386110,0,52,0,1,5,1,8,0,1,1,0,1,0,0000000,16,27,99,99,88,88,0,0,0,1,1
17,170318,1,1,1,1,199,3870,13,6,2010,1,21,51,0,13,3,SR-148,W CLARK TRAIL,128,37.78878889,-89.027780560,0,8,0,0,3,2,1,0,3,1,0,1,0,0000000,21,51,99,99,99,99,0,0,0,1,0
17,170319,2,2,0,4,31,7320,25,5,2010,3,20,41,0,14,3,SR-1,,3192,41.65570278,-87.641191670,0,12,2,0,1,1,1,0,5,1,0,1,0,0000000,20,41,99,99,88,88,0,0,0,2,0
17,170320,2,2,0,2,77,0,10,6,2010,5,9,2,0,3,2,US-51,,618,37.82342222,-89.228586110,0,12,2,0,1,1,1,0,1,1,0,1,0,0000000,9,2,99,99,99,99,0,0,0,1,0
17,170321,5,2,0,3,31,1670,4,6,2010,6,9,18,0,14,6,COTTAGE GROVE AVENUE,58TH STREET,0,41.78952222,-87.606116670,0,12,2,0,2,3,1,0,1,1,0,1,0,0000000,9,20,99,99,99,99,0,0,0,1,0
17,170322,1,1,1,1,31,1670,5,5,2010,4,17,5,0,14,6,CHICAGO AVE,,0,41.89593611,-87.678236110,0,8,0,0,1,1,1,0,1,1,0,1,0,0000000,17,8,99,99,99,99,0,0,0,1,0
17,170323,1,1,0,2,143,0,21,6,2010,2,17,34,1,2,2,US-24,,1144,40.55546944,-89.785427780,0,5,0,0,1,1,1,0,1,1,0,1,0,0000000,17,34,99,99,99,99,0,0,0,1,0
17,170324,1,1,0,2,31,5450,28,5,2010,6,19,58,0,14,6,25TH AVENUE,,15,41.91490833,-87.864650000,0,33,0,0,1,1,2,0,3,1,0,1,0,0000000,19,58,99,99,99,99,0,0,0,1,1
17,170326,2,2,0,3,183,0,19,6,2010,7,22,33,0,6,6,WALNUT CORNER ROAD,,0,40.22098611,-87.566038890,0,12,2,0,1,1,1,0,2,1,0,1,0,0000000,22,33,99,99,99,99,0,0,0,1,2
17,170327,1,1,0,2,163,2610,19,6,2010,7,22,3,0,15,6,SUMMIT AVENUE,,3,38.61178611,-90.097808330,0,31,0,0,1,1,4,0,2,1,0,1,0,0000000,22,3,99,99,99,99,0,0,0,1,1
17,170329,1,1,0,4,163,0,23,6,2010,4,19,45,1,11,1,I-64,,124,38.59917222,-89.981713890,0,1,0,1,5,1,8,0,1,1,0,1,0,0000000,19,45,99,99,99,99,0,0,0,1,1
17,170330,2,2,0,3,31,1680,10,5,2010,2,15,13,0,16,6,DIXIE HIGHWAY,LINDEN LANE,7,41.51859444,-87.648527780,0,12,6,0,2,3,1,0,1,1,0,1,0,0000000,15,13,99,99,99,99,0,0,0,1,0
17,170331,2,2,0,2,43,0,18,6,2010,6,15,30,1,13,3,SR-83,BLUFF RD,327,41.70969722,-87.945050000,0,12,2,0,2,2,1,0,1,1,0,1,0,0000000,15,30,99,99,99,99,0,0,0,1,0
17,170332,1,1,1,1,31,1670,12,6,2010,7,22,55,0,16,6,WABANSIA,,0,41.91074167,-87.803808330,0,8,0,0,1,1,1,0,2,1,0,1,0,0000000,22,59,99,99,99,99,0,0,0,1,0
17,170334,1,1,0,1,83,0,11,6,2010,6,3,9,0,6,6,VICTORY SCHOOL ROAD,,0,39.17431667,-90.305952780,0,35,0,0,1,1,4,0,2,1,0,1,0,0000000,3,9,99,99,88,88,0,0,0,1,1
17,170335,1,1,0,1,43,0,26,6,2010,7,13,51,1,13,3,SR-64,,1148,41.90292778,-88.082944440,0,25,0,0,1,1,4,0,1,1,0,1,0,0000000,13,51,99,99,88,88,2,0,0,1,1
17,170336,1,1,0,1,179,0,1,7,2010,5,11,0,0,6,6,ROTH ROAD,,0,40.61179722,-89.503105560,0,42,0,0,1,1,4,0,1,1,0,1,0,0000000,11,0,99,99,99,99,0,0,0,1,0
17,170337,2,2,0,3,19,0,30,6,2010,4,19,6,0,4,4,CR-16,CR 1200E,0,39.90829722,-88.236683330,0,12,6,0,2,2,1,0,1,1,0,1,0,0000000,19,10,99,99,99,99,0,0,0,1,0
17,170338,1,1,0,1,31,0,10,6,2010,5,23,25,1,11,1,I-57,,3449,41.56656389,-87.744563890,0,44,0,0,1,1,1,1,3,1,0,1,0,0000000,23,28,99,99,99,99,3,0,0,1,0
17,170339,1,1,1,1,31,1670,22,6,2010,3,18,45,0,14,6,79TH ST,COLFAX AVE,0,41.75180556,-87.561358330,0,8,0,0,3,2,1,0,1,5,0,5,0,0000000,18,50,99,99,99,99,0,0,0,1,0
17,170340,1,1,0,1,111,0,2,7,2010,6,1,10,0,16,6,LIVE OAK ROAD,,0,42.27375556,-88.324177780,0,34,0,0,1,1,4,0,2,1,0,1,0,0000000,1,10,99,99,88,88,0,0,0,1,1
17,170341,1,1,1,3,31,0,30,5,2010,1,21,25,1,13,2,US-6,,1665,41.60366667,-87.721730560,0,8,0,0,1,1,1,0,2,1,0,1,0,0000000,21,25,99,99,99,99,0,0,0,1,0
17,170343,2,2,0,4,59,0,28,6,2010,2,9,41,1,2,2,US-45,SR-141,790,37.90908889,-88.356911110,0,12,1,0,2,3,1,0,1,1,0,1,0,0000000,10,8,99,99,99,99,0,0,0,1,0
17,170344,1,1,0,1,197,8763,16,4,2010,6,21,36,0,15,6,STUNKEL RD,,0,41.45633333,-87.724591670,0,10,0,0,6,1,1,0,3,1,0,1,0,289680Y,21,36,99,99,88,88,0,0,0,1,0
17,170345,1,1,0,1,97,8933,21,6,2010,2,16,59,0,13,2,US-41,,597,42.43979722,-87.937977780,0,42,0,0,1,1,4,0,1,1,0,1,0,0000000,16,59,99,99,88,88,0,0,0,1,1
17,170346,1,1,0,1,31,1670,2,7,2010,6,2,10,1,11,1,I-94,,0,41.78431389,-87.630450000,0,20,0,1,5,1,6,0,3,1,0,1,0,0000000,2,14,99,99,99,99,0,0,0,1,1
17,170347,1,1,0,3,117,0,6,7,2010,3,0,40,0,6,6,BARNETT ROAD,,0,39.26336944,-89.810861110,0,23,0,0,1,1,4,0,2,1,0,1,0,0000000,0,40,99,99,99,99,0,0,0,1,1
17,170348,2,2,0,2,111,4625,3,7,2010,7,13,55,1,13,6,RANDALL ROAD,MILLER ROAD,0,42.19036111,-88.335533330,0,12,6,0,2,2,1,0,1,1,0,1,0,0000000,13,55,99,99,99,99,0,0,0,1,1
17,170349,1,1,0,1,87,0,11,6,2010,6,11,44,1,1,1,I-24,,199,37.37853056,-88.817702780,0,35,0,0,1,1,3,0,1,2,0,2,0,0000000,11,44,99,99,88,88,0,0,0,1,0
17,170350,1,1,0,1,75,0,20,6,2010,1,18,3,1,2,3,SR-1,,2434,40.67718889,-87.690897220,0,44,0,0,1,1,1,0,1,1,0,1,0,0000000,18,3,99,99,99,99,0,0,0,1,0
17,170351,1,1,0,4,97,7550,23,6,2010,4,17,29,0,14,4,WILSON ROAD,,0,42.33141667,-88.122486110,0,34,0,0,1,1,4,0,1,1,0,1,0,0000000,17,29,99,99,99,99,0,0,0,1,1
17,170353,2,2,0,3,31,1670,3,7,2010,7,3,50,1,11,1,I-55,,2932,41.84720278,-87.629797220,0,12,6,0,1,1,1,0,3,1,0,1,0,0000000,3,53,99,99,99,99,0,0,0,1,2
17,170354,1,1,0,3,127,0,10,7,2010,7,19,15,1,1,1,I-24,,357,37.18279722,-88.682386110,0,1,0,0,1,1,4,0,1,1,0,1,0,0000000,19,31,99,99,99,99,0,0,0,2,0
17,170355,1,1,1,1,43,9250,11,7,2010,1,8,29,1,13,3,SR-83,,405,41.82099167,-87.953388890,0,9,0,0,1,1,1,0,1,1,0,1,0,0000000,8,29,99,99,99,99,0,0,0,1,0
17,170356,1,1,0,3,21,0,27,5,2010,5,19,13,0,13,3,SR-48,,287,39.57764722,-89.255713890,0,5,0,0,1,1,1,0,1,1,0,1,0,0000000,19,13,99,99,99,99,0,0,0,1,0
17,170357,2,2,0,2,75,0,17,5,2010,2,18,20,0,6,4,CR-700,200E ROAD,0,40.58980278,-88.080530560,0,12,6,0,2,2,1,0,1,2,0,2,0,0000000,18,20,99,99,99,99,0,0,0,1,1
17,170358,2,2,0,2,35,0,29,6,2010,3,7,45,0,4,2,US-45,,1848,39.28505556,-88.468572220,0,12,6,0,8,1,1,0,1,1,0,1,0,0000000,7,45,99,99,99,99,0,0,0,2,0