STATE,ST_CASE,VE_TOTAL,VE_FORMS,PEDS,PERSONS,COUNTY,CITY,DAY,MONTH,YEAR,DAY_WEEK,HOUR,MINUTE,NHS,ROAD_FNC,ROUTE,TWAY_ID,TWAY_ID2,MILEPT,LATITUDE,LONGITUD,SP_JUR,HARM_EV,MAN_COLL,RELJCT1,RELJCT2,TYP_INT,REL_ROAD,WRK_ZONE,LGT_COND,WEATHER1,WEATHER2,WEATHER,SCH_BUS,RAIL,NOT_HOUR,NOT_MIN,ARR_HOUR,ARR_MIN,HOSP_HR,HOSP_MN,CF1,CF2,CF3,FATALS,DRUNK_DR
17,170359,2,2,0,5,143,0,2,7,2010,6,17,0,1,1,1,I-74,,857,40.74775556,-89.686186110,0,1,0,0,1,1,1,0,1,1,0,1,0,0000000,17,0,99,99,88,88,0,0,0,1,1
17,170360,1,1,0,1,31,1670,26,6,2010,7,3,27,0,16,6,EDMAIRE STREET,,0,41.68789722,-87.670833330,0,43,0,0,6,1,4,0,2,1,0,1,0,608831U,3,27,99,99,88,88,0,0,0,1,1
17,170361,1,1,0,2,105,0,20,6,2010,1,0,25,0,4,4,CR-28,,0,40.96450556,-88.729588890,0,52,0,0,1,1,4,0,2,1,0,1,0,0000000,0,25,99,99,99,99,0,0,0,1,1
17,170362,3,1,0,1,31,1670,24,6,2010,5,16,30,0,16,6,LINDER,,0,41.91318333,-87.763155560,0,42,0,0,1,1,4,0,1,1,0,1,0,0000000,16,31,99,99,99,99,0,0,0,1,1
17,170363,1,1,0,2,31,1670,1,5,2010,7,0,36,1,14,6,BELMONT AVENUE,KOLMAR AVENUE,0,41.93891111,-87.740672220,0,30,0,0,3,3,4,0,3,2,0,2,0,0000000,0,37,99,99,99,99,0,0,0,1,0
17,170364,1,1,0,1,31,1670,28,6,2010,2,4,44,0,14,3,SR-1,,3196,41.66148333,-87.641330560,0,30,0,0,1,1,4,0,4,1,0,1,0,0000000,6,0,99,99,88,88,0,0,0,1,1
17,170365,1,1,0,2,165,0,1,7,2010,5,1,36,0,3,3,SR-34,,330,37.78302778,-88.540063890,0,42,0,0,1,1,4,0,2,1,0,1,0,0000000,1,36,99,99,99,99,0,0,0,1,1
17,170366,1,1,0,5,31,9380,28,6,2010,2,2,33,0,14,6,SHERIDAN ROAD,,72,42.07625556,-87.686411110,0,33,0,0,1,1,4,0,3,1,0,1,0,0000000,2,33,99,99,99,99,0,0,0,2,1
17,170367,2,2,0,3,5,0,26,6,2010,7,15,38,0,4,4,CR-16,,0,39.02782222,-89.388530560,0,12,2,0,1,1,1,0,1,1,0,1,0,0000000,15,42,99,99,99,99,0,0,0,1,0
17,170368,2,2,0,3,31,5410,8,7,2010,5,22,27,1,13,6,CHICAGO AVENUE,1ST AVENUE,323,41.89364444,-87.834583330,0,12,6,0,2,2,1,0,3,1,0,1,0,0000000,22,27,99,99,99,99,0,0,0,3,0
17,170369,2,2,0,4,183,0,8,7,2010,5,12,20,1,11,1,I-74,,2154,40.11014722,-87.617650000,0,12,6,0,1,1,1,0,1,2,0,2,0,0000000,12,23,99,99,99,99,0,0,0,3,0
17,170371,2,2,0,2,119,1910,15,7,2010,5,18,35,0,13,3,SR-157,,191,38.72185556,-90.009055560,0,12,2,0,1,1,1,0,1,1,0,1,0,0000000,18,35,99,99,99,99,0,0,0,1,1
17,170372,1,1,0,1,179,0,13,7,2010,3,3,0,0,6,6,ALLENTOWN ROAD,,0,40.55358056,-89.598450000,0,32,0,0,1,1,4,0,2,1,0,1,0,0000000,5,6,99,99,99,99,0,0,0,1,0
17,170374,1,1,0,3,87,0,11,6,2010,6,23,59,1,1,3,SR-24,,51,37.55813889,-88.944886110,0,1,0,0,1,1,3,0,2,1,0,1,0,0000000,23,59,99,99,99,99,18,0,0,1,0
17,170375,2,2,0,5,201,5000,10,7,2010,7,23,46,0,13,4,CR-55,MATERIAL AVENUE,0,42.31809167,-89.038008330,0,12,6,0,2,2,1,0,3,1,0,1,0,0000000,23,46,99,99,99,99,0,0,0,1,1
17,170376,2,2,0,2,21,0,29,6,2010,3,17,54,0,3,3,SR-48,,124,39.41369167,-89.461341670,0,12,2,0,1,1,1,0,1,1,0,1,0,0000000,17,54,99,99,99,99,0,0,0,1,1
17,170377,1,1,0,1,19,0,14,7,2010,4,5,30,0,3,2,US-136,,1885,40.31290556,-88.007138890,0,34,0,0,1,1,4,0,4,5,0,5,0,0000000,5,37,99,99,99,99,0,0,0,1,0
17,170378,2,2,0,5,31,1670,2,7,2010,6,22,55,0,14,6,79TH ST,GREEN ST,0,41.75061944,-87.645266670,0,12,6,0,2,2,1,0,3,1,0,1,0,0000000,22,55,99,99,99,99,0,0,0,1,1
17,170379,1,1,0,1,31,1670,2,6,2010,4,3,20,1,14,6,47TH STREET,,0,41.80880556,-87.650019440,0,30,0,0,1,1,4,0,3,2,0,2,0,0000000,3,24,99,99,99,99,5,0,0,1,1
17,170380,1,1,0,1,57,0,10,7,2010,7,0,38,1,2,2,US-136,CAMP ELLIS RD,606,40.35643611,-90.362183330,0,11,0,0,3,2,1,0,2,1,0,1,0,0000000,0,38,99,99,88,88,0,0,0,1,0
17,170381,1,1,0,1,89,9997,5,7,2010,2,16,39,0,13,4,SILVER GLEN RD,,0,41.97096111,-88.423875000,0,34,0,0,1,1,4,0,1,1,0,1,0,0000000,16,39,99,99,99,99,0,0,0,1,1
17,170382,1,1,0,3,43,9440,27,6,2010,1,13,48,1,13,3,SR-38,,752,41.85715278,-88.150033330,0,42,0,0,1,1,4,0,1,1,0,1,0,0000000,13,48,99,99,99,99,0,0,0,1,0
17,170383,2,2,0,3,31,1670,3,7,2010,7,1,24,0,13,6,47TH,KING DRIVE,40,41.80939167,-87.616583330,0,12,6,0,2,2,1,0,3,1,0,1,0,0000000,1,24,99,99,99,99,0,0,0,1,1
17,170384,2,2,0,2,37,0,14,7,2010,4,8,53,0,3,3,SR-38,,485,41.90822500,-88.647877780,0,12,6,0,4,1,1,0,1,1,0,1,0,0000000,8,53,99,99,99,99,0,0,0,1,0
17,170385,1,1,0,1,41,8740,12,7,2010,2,9,0,1,1,1,I-57,,2110,39.78486111,-88.264461110,0,11,0,0,1,1,1,0,1,1,0,1,0,0000000,9,2,99,99,99,99,0,0,0,1,0
17,170386,1,1,0,1,201,0,18,7,2010,1,22,45,0,6,4,CR-19,,0,42.45933889,-89.351569440,0,32,0,0,1,1,4,0,2,1,0,1,0,0000000,12,40,99,99,88,88,18,0,0,1,1
17,170387,2,2,0,4,201,7460,23,5,2010,1,20,50,0,13,4,OLDE CREEK RD,N PERRYVILLE RD,0,42.30429167,-88.979225000,0,12,6,0,2,2,1,0,2,1,0,1,0,0000000,20,50,99,99,99,99,0,0,0,1,0
17,170388,1,1,0,1,201,0,21,7,2010,4,16,20,0,15,4,CR-71,,0,42.39823611,-89.035563890,0,1,0,0,1,1,4,1,1,1,0,1,0,0000000,16,20,99,99,88,88,0,0,0,1,1
17,170389,1,1,0,1,121,7730,30,5,2010,1,8,59,1,13,2,US-50,,778,38.62136389,-89.012261110,0,42,0,0,1,1,4,0,1,1,0,1,0,0000000,8,59,99,99,88,88,0,0,0,1,0
17,170390,2,2,0,2,31,540,22,6,2010,3,7,59,1,13,2,US-20,,1478,42.01506667,-88.221955560,0,12,2,0,1,1,1,0,1,1,0,1,0,0000000,7,59,99,99,99,99,0,0,0,1,0
17,170391,1,1,1,1,97,9997,11,7,2010,1,20,54,1,13,3,SR-137,,187,42.42366667,-87.825697220,0,9,0,0,1,1,1,0,2,2,0,2,0,0000000,20,54,99,99,99,99,0,0,0,1,0
17,170394,3,3,0,3,43,0,17,6,2010,5,5,58,1,13,2,US-34,,1852,41.73234167,-88.261733330,0,12,2,0,1,1,1,0,4,1,0,1,0,0000000,5,58,99,99,99,99,0,0,0,1,1
17,170395,1,1,0,1,97,3679,2,7,2010,6,20,16,1,13,3,SR-120,,249,42.34421667,-88.061347220,0,42,0,0,1,1,4,0,5,1,0,1,0,0000000,20,16,99,99,99,99,0,0,0,1,1
17,170396,3,3,0,3,43,5980,2,7,2010,6,11,10,0,13,6,CHICAGO AVENUE,NAPER BOULEVARD,0,41.77909167,-88.109741670,0,12,1,0,2,2,1,0,1,1,0,1,0,0000000,11,13,99,99,99,99,0,0,0,1,0
17,170397,1,1,0,1,111,0,22,7,2010,5,6,0,0,6,6,HEMMINGSEN ROAD,,0,42.22604722,-88.504822220,0,1,0,0,1,1,4,0,2,1,0,1,0,0000000,6,0,99,99,88,88,0,0,0,1,1
17,170398,2,2,0,2,201,0,24,7,2010,7,14,0,0,13,3,SR-2,CR-61,521,42.24067222,-89.109913890,0,34,0,0,2,3,4,0,1,1,0,1,0,0000000,14,0,99,99,99,99,0,0,0,1,0
17,170399,1,1,1,1,197,0,22,7,2010,5,0,40,1,13,2,US-52,,1507,41.40985000,-87.977391670,0,8,0,0,1,1,1,0,2,1,0,1,0,0000000,0,40,99,99,88,88,0,0,0,1,0
17,170400,1,1,2,2,197,0,23,7,2010,6,2,24,0,13,2,US-52,,1557,41.35149722,-87.959661110,0,8,0,0,1,1,1,0,2,1,0,1,0,0000000,2,24,99,99,99,99,0,0,0,2,0
17,170401,2,2,0,4,179,0,23,7,2010,6,20,0,1,13,2,US-24,,1335,40.71766111,-89.537941670,0,12,1,0,1,1,1,0,1,1,0,1,0,0000000,20,0,99,99,88,88,0,0,0,1,0
17,170402,1,1,0,2,31,0,24,7,2010,7,12,39,1,11,1,I-80,,1512,41.56122222,-87.753913890,0,1,0,0,1,1,1,1,1,1,0,1,0,0000000,12,41,99,99,99,99,0,0,0,1,0
17,170403,1,1,0,1,157,0,11,7,2010,1,3,27,0,6,5,RUNGE,,0,38.03838611,-89.801988890,0,35,0,0,1,1,4,0,2,1,0,1,0,0000000,3,27,99,99,99,99,0,0,0,1,1
17,170404,1,1,0,2,201,1650,25,7,2010,1,13,40,0,13,2,US-20,,1013,42.23903611,-88.952619440,0,24,0,0,1,1,4,0,1,1,0,1,0,0000000,13,41,99,99,99,99,99,99,99,1,0
17,170405,7,7,0,11,55,0,15,7,2010,5,14,1,1,11,1,I-57,,658,38.12508889,-88.911830560,0,12,1,0,1,1,1,1,1,1,0,1,0,0000000,14,1,99,99,99,99,0,0,0,2,0
17,170406,1,1,0,2,113,840,12,6,2010,7,12,8,1,13,2,US-51,WASHINGTON STREET,176,40.47943889,-89.028911110,0,5,0,0,2,2,1,0,1,1,0,1,0,0000000,12,10,99,99,99,99,0,0,0,1,0
17,170407,2,2,0,5,31,0,17,7,2010,7,14,15,1,13,3,SR-50,,544,41.86171389,-87.744638890,0,12,6,0,1,1,1,0,1,1,0,1,0,0000000,14,20,99,99,99,99,0,0,0,1,0
17,170408,1,1,0,3,31,1670,11,7,2010,1,2,47,1,11,1,I-290,,277,41.87581667,-87.683494440,0,25,0,0,1,1,4,0,3,1,0,1,0,0000000,1,45,99,99,99,99,0,0,0,1,1
17,170409,1,1,0,1,115,0,2,7,2010,6,16,52,0,6,6,SCHELLABARGER ROAD,,0,39.94927222,-88.976038890,0,52,0,0,1,1,4,0,1,1,0,1,0,0000000,16,52,99,99,88,88,0,0,0,1,0
17,170410,2,2,0,4,97,0,19,7,2010,2,19,53,1,12,3,SR-120,,293,42.34020000,-87.978397220,0,12,6,0,7,1,1,0,5,1,0,1,0,0000000,19,53,99,99,99,99,0,0,0,1,1
17,170411,3,3,0,3,199,0,17,7,2010,7,10,15,1,1,1,I-57,,455,37.62745556,-88.984022220,0,12,6,0,1,1,1,0,1,1,0,1,0,0000000,10,15,99,99,99,99,0,0,0,1,1
17,170412,1,1,0,1,201,0,3,7,2010,7,16,4,0,14,4,CR-13,,0,42.33220833,-89.116758330,0,1,0,0,1,1,1,0,1,1,0,1,0,0000000,16,4,99,99,99,99,0,0,0,1,0
17,170413,1,1,0,1,93,0,31,7,2010,7,3,5,1,13,3,SR-71,HILLTOP RD,628,41.63318333,-88.408891670,0,34,0,0,3,1,4,0,2,1,0,1,0,0000000,3,5,99,99,88,88,0,0,0,1,1
17,170414,2,2,0,2,43,0,29,7,2010,5,21,13,0,14,4,SCHMALE ROAD,LONGVIEW DRIVE,0,41.93248333,-88.101050000,0,12,6,0,2,3,1,0,1,1,0,1,0,0000000,21,13,99,99,88,88,0,0,0,1,0
17,170415,2,2,0,6,201,1650,30,7,2010,6,12,53,0,13,2,US-20,MILL ROAD,1011,42.23892500,-88.955783330,0,12,6,0,2,2,1,0,1,1,0,1,0,0000000,12,57,99,99,99,99,0,0,0,1,0
17,170416,1,1,1,1,135,0,29,7,2010,5,20,40,0,4,6,FRONTAGE ROAD,,98,39.51615000,-89.645947220,0,9,0,0,1,1,1,0,5,1,0,1,0,0000000,20,40,99,99,88,88,0,0,0,1,0
17,170417,2,2,0,6,201,7460,1,8,2010,1,2,9,1,13,2,US-20,1ST ST,178,42.27013611,-89.087244440,0,12,6,0,2,2,1,0,3,1,0,1,0,0000000,2,9,99,99,99,99,0,0,0,1,2
17,170418,1,1,0,2,31,1670,14,5,2010,6,15,31,0,16,6,HONORE STREET,,0,41.91095556,-87.673827780,0,5,0,0,1,1,1,0,1,1,0,1,0,0000000,15,34,99,99,99,99,0,0,0,1,0
17,170419,1,1,0,3,31,1670,3,5,2010,2,21,50,0,16,6,CLYDE AVENUE,,0,41.76624722,-87.573844440,0,10,0,0,6,1,1,0,3,1,0,1,0,289545F,21,50,99,99,99,99,0,0,0,1,1
17,170420,2,2,0,2,167,0,29,7,2010,5,22,31,0,6,6,WOLF CREEK,FARRAND RD,0,39.91039444,-89.573313890,0,12,6,0,2,2,1,0,2,1,0,1,0,0000000,22,32,99,99,99,99,0,0,0,1,0
17,170421,2,2,0,4,179,2600,26,6,2010,7,23,35,1,13,3,SR-8,,397,40.68563889,-89.508030560,0,12,8,0,1,1,1,0,3,1,0,1,0,0000000,23,37,99,99,99,99,0,0,0,1,0
17,170422,3,3,0,4,189,5990,30,6,2010,4,10,25,1,2,3,SR-127,FAIRVIEW LANE,891,38.33116944,-89.380933330,0,12,8,0,3,3,1,0,1,1,0,1,0,0000000,10,25,99,99,99,99,0,0,0,1,0
17,170423,1,1,0,1,151,0,4,7,2010,1,22,12,0,6,6,NEW HARMONY ROAD,,0,37.12120556,-88.445663890,0,1,0,0,1,1,1,0,2,1,0,1,0,0000000,22,31,99,99,99,99,0,0,0,1,1
17,170424,1,1,0,2,19,0,2,8,2010,2,13,10,0,4,4,CR-1,,0,40.17894444,-88.277294440,0,34,0,0,1,1,4,0,1,1,0,1,0,0000000,13,10,99,99,99,99,0,0,0,1,0
17,170425,1,1,0,1,31,1670,21,6,2010,2,1,0,1,11,1,I-55,,0,41.82446944,-87.720894440,0,24,0,1,5,1,4,0,3,1,0,1,0,0000000,1,0,99,99,88,88,0,0,0,1,0
17,170426,1,1,0,1,105,0,2,7,2010,6,8,35,0,6,4,CR-19,,0,40.76203611,-88.242491670,0,23,0,0,1,1,4,0,1,1,0,1,0,0000000,8,35,99,99,88,88,0,0,0,1,0
17,170427,2,2,0,3,73,0,7,7,2010,4,13,38,0,4,2,US-6,,264,41.42355278,-90.101152780,0,12,8,0,1,1,1,0,1,1,0,1,0,0000000,13,38,99,99,88,88,0,0,0,1,0
17,170428,2,2,0,3,43,0,11,7,2010,1,20,40,1,13,3,SR-56,,183,41.83013611,-88.134105560,0,12,6,0,4,1,1,0,2,2,0,2,0,0000000,20,45,99,99,99,99,0,0,0,1,0
17,170429,2,2,0,2,139,0,25,7,2010,1,19,32,0,3,3,SR-32,CR-4,299,39.52089167,-88.608497220,0,12,6,0,2,2,1,0,1,1,0,1,0,0000000,19,33,99,99,99,99,0,0,0,1,0
17,170430,1,1,0,1,163,0,23,7,2010,6,12,45,0,14,6,STATE STREET,,0,38.52853333,-90.221402780,0,34,0,0,1,1,4,0,1,1,0,1,0,0000000,12,46,99,99,99,99,0,0,0,1,1
17,170431,1,1,0,1,31,6730,11,7,2010,1,4,35,0,16,6,MINOCQUA STREET,SUWANEE ST,0,41.48101667,-87.698461110,0,33,0,0,3,4,6,0,3,1,0,1,0,0000000,4,36,99,99,88,88,0,0,0,1,1
17,170432,1,1,0,2,161,7470,30,7,2010,6,19,19,0,16,6,OLD BLACKHAWK RD,,0,41.46868333,-90.544511110,0,42,0,0,1,1,4,0,1,1,0,1,0,0000000,19,12,99,99,99,99,0,0,0,1,0
17,170433,1,1,1,1,111,0,26,7,2010,2,0,15,1,13,3,SR-120,,156,42.33845000,-88.230938890,0,8,0,0,1,1,1,0,2,1,0,1,0,0000000,0,15,99,99,99,99,0,0,0,1,0
17,170434,1,1,0,1,31,0,6,8,2010,6,1,36,1,11,1,I-57,,3538,41.67255833,-87.662186110,0,35,0,0,1,1,4,0,3,1,0,1,0,0000000,1,36,99,99,88,88,0,0,0,1,1
17,170435,1,1,0,1,93,0,23,6,2010,4,17,21,0,14,3,SR-126,,33,41.61470000,-88.393041670,0,42,0,0,1,1,4,0,1,1,0,1,0,0000000,17,21,99,99,88,88,0,0,0,1,1
17,170436,1,1,0,1,197,0,14,7,2010,4,19,11,1,13,4,CR-36,,0,41.59430833,-88.179800000,0,24,0,0,1,1,4,0,1,1,0,1,0,0000000,19,11,99,99,99,99,0,0,0,1,0
17,170437,2,2,0,4,27,0,30,7,2010,6,17,4,0,3,3,SR-127,,1170,38.72282500,-89.371927780,0,12,2,0,1,1,1,0,1,1,0,1,0,0000000,17,4,99,99,99,99,0,0,0,1,1
17,170438,1,1,1,1,19,1550,5,8,2010,5,1,57,1,13,3,SR-10,,905,40.11280556,-88.272513890,0,8,0,0,1,1,1,0,3,1,0,1,0,0000000,1,57,99,99,99,99,0,0,0,1,0
17,170439,1,1,0,2,119,0,7,8,2010,7,11,50,0,6,4,CR-51,,0,38.88938333,-89.857280560,0,1,0,0,1,1,1,0,1,1,0,1,0,0000000,12,5,99,99,99,99,0,0,0,1,0
17,170440,1,1,0,1,89,0,15,7,2010,5,21,24,0,13,3,SR-25,,300,42.08074167,-88.258366670,0,30,0,0,1,1,4,0,2,1,0,1,0,0000000,21,24,99,99,99,99,0,0,0,1,0
17,170441,1,1,1,1,35,0,30,7,2010,6,12,55,1,1,1,I-70,,1184,39.22257500,-88.234727780,0,8,0,0,1,1,1,2,1,1,0,1,0,0000000,12,58,99,99,88,88,0,0,0,1,0
17,170442,1,1,0,2,107,0,1,8,2010,1,3,5,0,6,4,CR-10,,0,40.06239722,-89.268083330,0,1,0,0,1,1,4,0,2,5,1,5,0,0000000,3,5,99,99,99,99,0,0,0,1,1
17,170443,3,3,0,6,29,0,7,8,2010,7,9,46,1,1,1,I-57,,1923,39.52266667,-88.313291670,0,12,1,1,18,1,1,0,1,1,0,1,0,0000000,9,48,99,99,99,99,0,0,0,1,0
17,170444,4,4,0,5,119,0,9,8,2010,2,6,54,1,1,1,I-70,,334,38.78656944,-89.654258330,0,12,1,0,1,1,1,0,1,1,0,1,0,0000000,6,54,99,99,99,99,0,0,0,2,0
17,170446,1,1,0,1,85,0,10,7,2010,7,15,55,0,4,4,CR-8,,0,42.33745278,-90.391258330,0,1,0,0,1,1,4,0,1,1,0,1,0,0000000,15,59,99,99,99,99,0,0,0,1,0
17,170447,2,1,0,1,31,4350,16,7,2010,6,19,9,0,16,6,HEATHER TRAIL,,0,41.76066944,-87.830822220,0,33,0,0,1,1,4,0,1,1,0,1,0,0000000,19,9,99,99,88,88,0,0,0,1,0
17,170448,3,3,0,4,43,0,8,8,2010,1,23,12,1,11,1,I-88,,126,41.80648889,-88.149400000,0,12,7,0,1,1,1,0,2,1,0,1,0,0000000,23,12,99,99,88,88,14,0,0,2,0
17,170449,2,2,1,2,201,7460,3,6,2010,5,1,40,0,14,6,SANDY HOLLOW RD,,0,42.22359167,-89.052558330,0,9,0,0,1,1,1,0,2,1,0,1,0,0000000,1,45,99,99,88,88,0,0,0,1,0
17,170450,2,2,0,2,59,0,9,8,2010,2,11,22,1,2,3,SR-13,,1492,37.69498056,-88.138869440,0,12,8,0,1,1,1,0,1,1,0,1,0,0000000,11,22,99,99,99,99,0,0,0,1,0
17,170451,1,1,0,2,49,0,10,8,2010,3,20,20,0,6,6,100TH STREET,,0,39.02859722,-88.786002780,0,1,0,0,1,1,4,0,1,1,0,1,0,0000000,20,20,99,99,99,99,0,0,0,1,0
17,170452,2,2,0,2,111,0,12,8,2010,5,1,12,1,1,1,I-90,,373,42.17036111,-88.596641670,0,12,1,0,1,1,1,1,2,1,0,1,0,0000000,1,12,99,99,99,99,0,0,0,1,0
17,170453,3,1,1,2,95,0,10,8,2010,3,23,40,0,4,3,SR-8,,51,40.77926944,-90.052747220,0,14,0,0,1,1,2,0,2,2,0,2,0,0000000,23,58,99,99,99,99,0,0,0,1,0
17,170454,2,2,0,2,201,0,10,8,2010,3,12,26,0,2,5,SPRINGFIELD AVENUE,,0,42.26158889,-89.135855560,0,12,6,0,1,1,1,0,1,1,0,1,0,0000000,12,26,12,99,99,99,0,0,0,1,0
17,170455,1,1,0,2,31,1670,29,7,2010,5,0,52,0,14,6,HALSTED STREET,,0,41.77267222,-87.644602780,0,30,0,0,1,1,4,0,3,1,0,1,0,0000000,0,52,99,99,99,99,20,0,0,1,0
17,170456,2,2,0,7,85,0,31,7,2010,7,18,39,0,3,2,US-20,SR-84,110,42.45384444,-90.458211110,0,12,6,0,2,4,1,0,1,1,0,1,0,0000000,18,39,99,99,99,99,0,0,0,1,0
17,170457,1,1,0,2,181,0,31,7,2010,7,22,5,0,2,3,SR-146,,290,37.45334444,-89.172738890,0,11,0,0,1,1,1,0,2,1,0,1,0,0000000,22,5,99,99,99,99,0,0,0,1,0
17,170458,1,1,0,1,43,9355,1,8,2010,1,8,57,0,16,6,WILLOWBROOK CENTRE P,,0,41.75590000,-87.938652780,0,33,0,0,1,1,4,0,1,1,0,1,0,0000000,8,57,99,99,99,99,0,0,0,1,0
17,170459,1,1,1,1,143,6850,5,8,2010,5,1,45,0,14,6,MARTIN LUTHER KING D,,7,40.68663889,-89.626152780,0,8,0,0,1,1,1,0,2,1,0,1,0,0000000,1,50,99,99,99,99,0,0,0,1,1
17,170460,1,1,1,1,31,1690,21,5,2010,6,23,48,1,13,2,US-12,NASHVILLE,699,41.71952500,-87.784716670,0,8,0,0,3,2,1,0,3,1,0,1,0,0000000,23,48,99,99,99,99,0,0,0,1,0
17,170461,2,2,0,2,109,0,13,8,2010,6,21,25,0,6,5,2000TH ROAD,,0,40.57191389,-90.535975000,0,12,2,0,1,1,1,0,2,1,0,1,0,0000000,21,26,99,99,99,99,0,0,0,1,2
17,170462,1,1,0,1,43,5980,28,6,2010,2,23,46,0,16,6,FREEDOM DR,,0,41.80439722,-88.126058330,0,33,0,0,1,1,3,0,3,1,0,1,0,0000000,23,42,99,99,99,99,0,0,0,1,1
17,170463,5,5,0,7,31,3820,18,6,2010,6,17,25,0,14,6,KEDZIE AVE,175TH ST,0,41.57173056,-87.694363890,0,12,2,0,2,2,1,0,5,2,0,2,0,0000000,17,25,99,99,99,99,0,0,0,1,0
17,170464,1,1,0,1,103,0,24,7,2010,7,20,13,0,6,6,LOCUST ROAD,,0,41.78860000,-88.981027780,0,35,0,0,1,1,4,0,5,1,0,1,0,0000000,20,13,99,99,88,88,0,0,0,1,1
17,170465,1,1,0,1,161,0,14,8,2010,7,3,0,0,4,3,SR-2,,14,41.54916944,-90.316413890,0,1,0,0,1,1,4,0,2,2,0,2,0,0000000,3,51,99,99,88,88,0,0,0,1,1
17,170466,2,2,0,4,123,0,6,8,2010,6,11,27,0,4,4,CR-13,CR-8,0,41.07549444,-89.592191670,0,12,6,0,2,2,1,0,1,1,0,1,0,0000000,11,27,99,99,99,99,0,0,0,1,0
17,170467,1,1,0,2,195,0,8,8,2010,1,22,4,0,4,4,CR-13,,0,41.71658889,-90.142050000,0,35,0,0,1,1,4,0,2,1,0,1,0,0000000,22,4,99,99,88,88,0,0,0,2,1
17,170468,3,3,0,4,31,7350,16,7,2010,6,13,30,1,13,3,SR-171,FOREST AVENUE,277,41.82804167,-87.828838890,0,12,2,0,2,2,1,0,1,1,0,1,0,0000000,13,30,99,99,99,99,0,0,0,1,0
17,170471,1,1,0,2,167,0,13,8,2010,6,17,8,0,14,6,PALM ROAD,,32,39.63269722,-89.647675000,0,38,0,0,1,1,4,0,1,1,0,1,0,0000000,17,9,99,99,99,99,0,0,0,1,1
17,170472,1,1,0,1,163,670,18,8,2010,4,18,18,0,13,3,SR-15,,0,38.49822778,-89.985286110,0,52,0,1,5,1,8,0,1,1,0,1,0,0000000,18,18,99,99,99,99,0,0,0,1,0
17,170473,2,2,0,2,197,0,19,8,2010,5,9,20,1,11,1,I-57,,3301,41.36426944,-87.801050000,0,12,1,0,1,1,1,1,1,1,0,1,0,0000000,9,23,99,99,99,99,3,19,0,1,0
17,170474,2,2,0,2,201,7460,4,7,2010,1,2,46,0,14,3,SR-251,,1133,42.21310833,-89.072116670,0,12,1,0,1,1,1,0,3,1,0,1,0,0000000,2,46,99,99,88,88,0,0,0,1,1
17,170475,1,1,0,1,31,2330,4,8,2010,4,8,8,0,14,6,DES PLAINES RIVER RO,,119,42.03917778,-87.883338890,0,10,0,0,6,1,1,0,1,2,0,2,0,173908X,8,8,99,99,88,88,0,0,0,1,0
17,170476,2,2,0,3,75,0,8,8,2010,1,23,10,0,3,2,US-52,,1936,40.88775278,-87.830972220,0,12,2,0,1,1,1,0,2,1,0,1,0,0000000,23,16,99,99,99,99,0,0,0,1,1
17,170477,1,1,1,1,31,0,20,8,2010,6,1,24,1,11,1,I-57,,3501,41.62291667,-87.681327780,0,8,0,0,1,1,1,0,2,1,0,1,0,0000000,1,23,99,99,88,88,0,0,0,1,0
17,170479,1,1,0,1,39,0,21,8,2010,7,22,20,0,4,4,CR-10,,0,40.22400000,-88.740275000,0,34,0,0,1,1,4,0,2,1,0,1,0,0000000,11,49,99,99,88,88,0,0,0,1,1
17,170480,1,1,0,2,31,1670,20,8,2010,6,13,20,1,11,1,I-94,,0,41.76045278,-87.625236110,0,1,0,1,5,1,8,0,1,1,0,1,0,0000000,13,23,99,99,99,99,0,0,0,2,1
17,170481,1,1,1,1,31,0,22,8,2010,1,2,15,1,11,1,I-57,,3442,41.55666944,-87.743327780,0,8,0,0,1,1,1,0,3,1,0,1,0,0000000,2,17,99,99,99,99,0,0,0,1,1
17,170482,2,2,0,2,31,1670,23,8,2010,2,1,37,1,11,1,I-90,,554,41.82734167,-87.630155560,0,12,1,0,1,1,1,0,3,1,0,1,0,0000000,1,39,99,99,88,88,0,0,0,1,1
17,170483,2,2,0,3,191,0,20,8,2010,6,12,12,0,4,4,CR-1900,BIG FOUR RD,0,38.60122778,-88.330883330,0,12,6,0,2,2,1,0,1,1,0,1,0,0000000,12,12,99,99,88,88,0,0,0,1,1
17,170484,1,1,0,1,187,4530,22,8,2010,1,6,10,0,6,6,RAILROAD ST,WEST ST,0,40.86561389,-90.758805560,0,34,0,0,3,3,5,0,1,1,0,1,0,0000000,6,20,99,99,88,88,0,0,0,1,1
17,170485,1,1,0,1,31,2330,18,8,2010,4,15,46,0,16,6,CRAIG,,0,41.99855556,-87.872500000,0,59,0,0,1,1,4,0,1,1,0,1,0,0000000,15,46,99,99,99,99,0,0,0,1,0
17,170486,1,1,0,1,31,1670,15,8,2010,1,5,0,1,13,2,US-41,,145,41.88351667,-87.615527780,0,25,0,0,1,1,3,0,3,1,0,1,0,0000000,5,10,99,99,88,88,0,0,0,1,1
17,170487,1,1,0,6,99,0,15,8,2010,1,19,49,0,6,6,2053RD ROAD,,0,41.23458611,-88.927350000,0,30,0,0,1,1,4,0,5,1,0,1,0,0000000,19,49,99,99,99,99,0,0,0,3,1
17,170488,1,1,1,1,89,7640,6,8,2010,6,7,20,1,13,3,SR-64,SR-31,173,41.91337500,-88.315533330,0,8,0,0,3,2,1,0,1,1,0,1,0,0000000,7,20,99,99,88,88,0,0,0,1,0