STATE,ST_CASE,VE_TOTAL,VE_FORMS,PEDS,PERSONS,COUNTY,CITY,DAY,MONTH,YEAR,DAY_WEEK,HOUR,MINUTE,NHS,ROAD_FNC,ROUTE,TWAY_ID,TWAY_ID2,MILEPT,LATITUDE,LONGITUD,SP_JUR,HARM_EV,MAN_COLL,RELJCT1,RELJCT2,TYP_INT,REL_ROAD,WRK_ZONE,LGT_COND,WEATHER1,WEATHER2,WEATHER,SCH_BUS,RAIL,NOT_HOUR,NOT_MIN,ARR_HOUR,ARR_MIN,HOSP_HR,HOSP_MN,CF1,CF2,CF3,FATALS,DRUNK_DR
17,170489,1,1,1,1,31,8340,9,8,2010,2,21,46,1,13,2,US-45,,530,41.90628611,-87.883866670,0,9,0,0,1,1,1,1,3,1,0,1,0,0000000,21,47,99,99,99,99,0,0,0,1,0
17,170490,1,1,0,1,173,0,22,8,2010,1,20,10,0,4,4,CR-33,,0,39.31686944,-88.569077780,0,11,0,0,1,1,1,0,2,1,0,1,0,0000000,21,0,99,99,99,99,0,0,0,1,1
17,170491,1,1,1,1,167,8220,8,8,2010,1,3,37,0,14,6,M L KING JR,,0,39.78488333,-89.631002780,0,9,0,0,1,1,1,0,2,1,0,1,0,0000000,3,37,99,99,99,99,0,0,0,1,1
17,170492,3,3,0,5,31,1670,13,8,2010,6,17,20,0,14,3,SR-1,,3219,41.69549167,-87.642430560,0,12,1,0,1,1,1,0,1,1,0,1,0,0000000,17,22,99,99,99,99,0,0,0,1,0
17,170493,2,2,0,6,31,0,31,5,2010,2,14,0,0,14,5,SAUK TRAIL,,51,41.49568056,-87.541411110,0,12,6,0,1,1,1,0,1,2,0,2,0,0000000,14,0,99,99,99,99,0,0,0,1,1
17,170494,1,1,0,1,81,0,27,7,2010,3,11,32,0,6,5,HOLIDAY RD,,0,38.47145000,-88.713838890,0,10,0,0,6,1,1,0,1,1,0,1,0,295148W,11,35,99,99,88,88,0,0,0,1,0
17,170495,3,3,0,3,197,0,19,8,2010,5,16,58,1,1,1,I-57,,3255,41.30241111,-87.827197220,0,12,1,0,1,1,1,1,1,1,0,1,0,0000000,17,0,99,99,99,99,0,0,0,1,0
17,170496,3,3,0,3,31,2390,20,7,2010,3,18,30,1,13,3,SR-83,GREENWOOD ROAD,104,41.62258333,-87.594208330,0,12,1,0,2,2,1,0,1,1,0,1,0,0000000,18,30,99,99,99,99,0,0,0,1,0
17,170497,2,2,0,2,61,0,26,8,2010,5,15,21,0,3,3,SR-108,,96,39.30231111,-90.436797220,0,12,6,0,8,1,1,0,1,1,0,1,0,0000000,15,21,99,99,88,88,0,0,0,1,1
17,170498,2,2,0,3,201,0,26,8,2010,5,7,16,0,6,6,ROTARY ROAD,,0,42.17324167,-89.017033330,0,12,1,0,1,1,1,0,1,1,0,1,1,0000000,7,16,99,99,99,99,0,0,0,1,0
17,170499,2,2,0,2,197,0,26,8,2010,5,17,49,0,13,3,SR-50,N PEOTONE RD,187,41.35403611,-87.778658330,0,12,6,0,2,2,1,0,1,1,0,1,0,0000000,17,59,99,99,88,88,0,0,0,1,0
17,170500,1,1,0,1,55,0,14,8,2010,7,1,24,0,4,4,CR-38,,0,37.98549167,-89.118830560,0,1,0,0,1,1,1,0,2,1,0,1,0,0000000,1,24,99,99,99,99,0,0,0,1,1
17,170501,2,2,0,2,49,0,22,8,2010,1,11,37,0,3,6,2300TH STREET,,35,38.96274444,-88.381147220,0,12,1,0,1,1,1,0,1,1,0,1,0,0000000,11,39,99,99,99,99,0,0,0,1,0
17,170502,2,2,0,3,31,1670,23,8,2010,2,6,5,0,14,6,NAGLE AVENUE,,0,41.99031389,-87.787605560,0,12,7,0,1,1,1,0,1,1,0,1,0,0000000,6,6,99,99,99,99,0,0,0,1,0
17,170503,2,2,0,2,201,0,26,8,2010,5,0,4,0,13,4,CR-84,PERRYVILLE ROAD,0,42.25332778,-88.980061110,0,12,6,0,2,2,1,0,3,1,0,1,0,0000000,0,4,99,99,99,99,0,0,0,1,1
17,170504,1,1,0,2,141,0,18,7,2010,1,18,56,0,4,4,CR-22,,0,41.94087500,-89.098241670,0,34,0,0,1,1,4,0,1,1,0,1,0,0000000,18,56,99,99,99,99,0,0,0,1,1
17,170505,1,1,0,1,119,0,8,8,2010,1,0,14,0,5,4,CR-54,LEUSCHER RD,0,38.91800833,-89.664916670,0,1,0,0,2,3,4,0,2,1,0,1,0,0000000,0,14,99,99,99,99,0,0,0,1,1
17,170506,2,2,0,3,97,0,11,8,2010,4,19,11,1,13,3,SR-137,CLOVER LN,58,42.30558611,-87.928294440,0,12,6,0,2,3,1,0,1,1,0,1,0,0000000,19,11,99,99,99,99,0,0,0,1,0
17,170507,1,1,0,1,119,8820,28,8,2010,7,14,10,0,15,6,KLEIN AVENUE,,0,38.67878611,-90.169811110,0,33,0,0,1,1,4,0,1,1,0,1,0,0000000,14,10,99,99,99,99,0,0,0,1,0
17,170508,2,2,0,3,35,0,11,8,2010,4,17,38,0,6,4,CR-150,,0,39.19305000,-88.349025000,0,12,2,0,1,1,1,0,1,1,0,1,0,0000000,17,39,99,99,99,99,0,0,0,1,0
17,170509,1,1,1,2,201,0,29,8,2010,1,3,51,1,13,3,SR-173,,45,42.37015833,-88.948922220,0,8,0,0,1,1,1,0,2,1,0,1,0,0000000,3,51,99,99,88,88,0,0,0,1,0
17,170510,1,1,0,1,167,0,13,8,2010,6,19,9,0,4,4,CR-12,,0,39.79561111,-89.468408330,0,1,0,0,1,1,4,0,2,2,0,2,0,0000000,19,9,99,99,99,99,0,0,0,1,0
17,170511,1,1,0,1,197,950,13,8,2010,6,10,41,0,6,6,HICKORY STREET,,0,41.26038889,-88.243630560,0,1,0,0,1,1,1,0,1,1,0,1,0,0000000,10,41,99,99,99,99,0,0,0,1,0
17,170512,2,2,0,4,137,0,28,8,2010,7,16,30,0,4,3,SR-104,FLINN ROAD,826,39.63704167,-90.082816670,0,12,6,0,2,3,1,0,1,1,0,1,0,0000000,16,30,99,99,99,99,0,0,0,1,0
17,170513,1,1,0,1,67,0,27,8,2010,6,2,30,0,3,3,SR-96,,48,40.62417222,-91.210905560,0,1,0,0,1,1,4,0,2,1,0,1,0,0000000,6,30,99,99,88,88,0,0,0,1,1
17,170514,2,2,0,2,83,0,31,8,2010,3,10,34,0,2,3,SR-16,OTTERVILLE ROAD,154,39.11642500,-90.389411110,0,12,6,0,2,2,1,0,1,1,0,1,0,0000000,10,35,99,99,88,88,0,0,0,1,0
17,170515,1,1,0,1,97,0,21,8,2010,7,3,11,0,14,6,WILMOT,,0,42.49067500,-88.176355560,0,34,0,0,1,1,4,0,2,5,0,5,0,0000000,3,11,99,99,88,88,0,0,0,1,1
17,170516,1,1,0,1,151,0,31,8,2010,3,8,15,0,3,3,SR-146,,618,37.37996667,-88.599672220,0,42,0,0,1,1,4,0,1,1,0,1,0,0000000,8,19,99,99,88,88,0,0,0,1,0
17,170517,1,1,0,2,31,2330,25,8,2010,4,16,44,0,14,6,ALGONQUIN RD,KOLPIN DR,3,42.03019444,-87.933297220,0,46,0,0,2,2,4,0,1,1,0,1,0,0000000,16,44,99,99,99,99,0,0,0,1,0
17,170518,1,1,0,2,49,0,22,8,2010,1,13,51,1,11,1,I-57,,0,39.14501389,-88.530255560,0,32,0,1,5,1,8,0,1,1,0,1,0,0000000,13,51,99,99,99,99,0,0,0,1,0
17,170519,2,2,1,4,97,0,1,9,2010,4,22,9,0,14,4,CR-45,,0,42.36278889,-87.927036110,0,8,0,0,1,1,1,0,2,1,0,1,0,0000000,22,9,99,99,99,99,0,0,0,1,1
17,170520,1,1,1,5,31,1670,29,8,2010,1,21,9,1,11,1,I-90,,579,41.79110556,-87.630669440,0,9,0,0,1,1,1,0,3,1,0,1,0,0000000,21,10,99,99,88,88,0,0,0,1,0
17,170521,2,2,0,8,31,5040,4,9,2010,7,4,23,1,13,3,SR-171,,269,41.81876389,-87.833286110,0,12,1,0,1,1,1,0,2,1,0,1,0,0000000,4,23,99,99,99,99,0,0,0,1,1
17,170522,3,3,0,5,195,0,3,9,2010,6,21,15,1,2,3,SR-84,,416,41.91808611,-90.109819440,0,12,2,0,1,1,1,0,2,1,0,1,0,0000000,21,15,99,99,99,99,0,0,0,1,0
17,170523,1,1,0,4,117,0,8,5,2010,7,3,30,0,3,3,SR-108,,289,39.30379444,-90.078686110,0,34,0,0,1,1,4,0,2,1,0,1,0,0000000,3,30,99,99,99,99,0,0,0,1,1
17,170524,1,1,0,1,31,0,18,8,2010,4,7,50,1,12,6,ELGIN O'HARE EXPY,,25,41.99378889,-88.078447220,0,1,0,0,1,1,1,0,1,1,0,1,0,0000000,7,57,99,99,99,99,0,0,0,1,0
17,170525,1,1,0,2,109,0,4,9,2010,7,10,19,0,6,4,CR-700,,0,40.45623889,-90.773419440,0,34,0,0,1,1,4,0,1,1,0,1,0,0000000,10,19,99,99,99,99,0,0,0,1,0
17,170526,1,1,0,1,97,3670,7,9,2010,3,14,0,0,16,6,MAGNOLIA STREET,,0,42.37890000,-87.892213890,0,30,0,0,1,1,4,0,1,1,0,1,0,0000000,14,1,99,99,99,99,0,0,0,1,1
17,170527,4,3,0,3,19,0,31,8,2010,3,13,50,1,1,1,I-74,,1962,40.11994167,-87.968119440,0,12,1,0,1,1,1,0,1,1,0,1,0,0000000,13,50,99,99,99,99,0,0,0,1,0
17,170528,3,3,0,3,77,0,7,9,2010,3,14,34,1,2,2,US-51,,495,37.65294167,-89.233747220,0,24,0,0,1,1,4,1,1,1,0,1,0,0000000,14,34,99,99,99,99,0,0,0,1,0
17,170530,2,2,0,6,191,0,3,9,2010,6,22,3,0,2,2,US-45,,1060,38.28603056,-88.351577780,0,12,2,0,1,1,1,0,2,1,0,1,0,0000000,22,5,99,99,99,99,0,0,0,2,0
17,170531,2,2,0,2,37,2280,27,8,2010,6,20,27,0,14,6,S ANNIE GLIDDEN RD,ASHLEY DR,0,41.91917778,-88.773747220,0,12,6,0,2,3,1,0,3,1,0,1,0,0000000,20,27,99,99,99,99,0,0,0,1,0
17,170532,1,1,0,2,167,8220,27,8,2010,6,2,59,0,16,6,16TH STREET,,0,39.80873611,-89.633005560,0,30,0,0,1,1,4,0,3,1,0,1,0,0000000,2,59,99,99,99,99,0,0,0,1,1
17,170533,2,2,0,4,97,0,12,8,2010,5,1,26,0,14,4,CR-18,,0,42.42574167,-88.168625000,0,12,2,0,1,1,1,0,2,1,0,1,0,0000000,1,26,99,99,99,99,0,0,0,1,2
17,170534,1,1,0,2,49,0,25,8,2010,4,14,7,0,3,3,SR-33,1800TH ST,206,39.10392222,-88.467438890,0,1,0,0,2,2,1,0,1,1,0,1,0,0000000,14,7,14,99,99,99,0,0,0,1,0
17,170535,1,1,0,2,197,0,4,9,2010,7,13,17,1,11,1,I-55,,2395,41.32786111,-88.190908330,0,1,0,0,1,1,1,1,1,1,0,1,0,0000000,13,17,99,99,99,99,3,0,0,1,0
17,170536,2,2,0,2,111,0,20,7,2010,3,23,24,1,13,3,SR-176,BAY VIEW BEACH RD,199,42.26972222,-88.237641670,0,12,6,0,2,3,1,0,2,1,0,1,0,0000000,23,25,99,99,99,99,0,0,0,1,1
17,170537,3,3,0,4,43,5980,10,8,2010,3,15,55,0,14,6,RICKERT DRIVE,,0,41.75863056,-88.186986110,0,12,6,0,8,1,1,0,1,1,0,1,0,0000000,15,55,99,99,99,99,0,0,0,1,0
17,170538,1,1,0,3,31,1670,20,8,2010,6,19,22,1,11,1,I-90,,1011,41.77272500,-87.617722220,0,25,0,0,1,1,3,0,5,1,0,1,0,0000000,19,22,99,99,99,99,0,0,0,1,0
17,170539,1,1,0,1,157,0,21,8,2010,7,6,18,0,6,6,ZEIGLER MINE ROAD,,0,38.16123056,-89.673855560,0,1,0,0,1,1,4,0,2,2,0,2,0,0000000,88,88,88,88,88,88,0,0,0,1,1
17,170540,2,2,0,4,113,840,21,8,2010,7,18,52,1,13,6,OAKLAND AVENUE,VETERANS PARKWAY,272,40.47352500,-88.952661110,0,1,0,0,2,2,1,0,1,1,0,1,0,0000000,18,52,99,99,99,99,0,0,0,1,0
17,170541,2,2,0,2,163,5260,25,8,2010,4,18,56,0,3,3,SR-13,,321,38.25966944,-89.758736110,0,12,8,0,1,1,1,0,1,1,0,1,0,0000000,18,56,99,99,99,99,0,0,0,1,0
17,170543,1,1,1,1,33,0,8,9,2010,4,18,27,1,2,3,SR-1,,1182,38.89533611,-87.684538890,0,8,0,0,1,1,4,1,1,1,0,1,0,0000000,18,29,99,99,99,99,0,0,0,1,0
17,170544,3,3,0,5,197,0,12,9,2010,1,16,22,1,11,1,I-80,,1417,41.54564167,-87.928186110,0,12,1,0,1,1,1,0,1,1,0,1,0,0000000,16,22,99,99,99,99,0,0,0,1,1
17,170547,2,2,0,7,43,9180,12,9,2010,1,2,51,1,13,3,SR-59,LESTER STREET,254,41.87293333,-88.194777780,0,12,6,0,2,2,1,0,2,1,0,1,0,0000000,2,51,99,99,99,99,0,0,0,1,2
17,170548,1,1,1,1,163,2610,8,9,2010,4,20,59,0,15,6,15TH,,0,38.60988611,-90.157130560,0,8,0,0,1,1,1,0,3,1,0,1,0,0000000,20,59,99,99,99,99,0,0,0,1,0
17,170549,1,1,1,1,119,7073,2,9,2010,5,21,32,1,14,6,HORSESHOE LAKE ROAD,,12,38.70808889,-90.070488890,0,8,0,0,1,1,1,0,2,2,0,2,0,0000000,21,32,99,99,88,88,0,0,0,1,0
17,170551,2,2,0,2,5,0,13,9,2010,2,18,53,0,4,2,US-40,STATE ST,407,38.82868333,-89.528483330,0,12,6,0,2,3,1,0,1,1,0,1,0,0000000,18,53,99,99,99,99,0,0,0,1,0
17,170552,1,1,0,1,11,0,27,8,2010,6,19,27,0,4,2,US-6,,588,41.36696944,-89.498925000,0,35,0,0,1,1,4,0,1,1,0,1,0,0000000,19,27,99,99,99,99,0,0,0,1,0
17,170553,2,2,0,3,203,5640,28,8,2010,7,19,47,0,4,6,CHESTNUT,MORAN,0,40.90977222,-89.034663890,0,12,6,0,2,3,1,0,5,1,0,1,0,0000000,19,47,99,99,99,99,0,0,0,1,0
17,170554,1,1,0,4,95,0,30,8,2010,2,21,3,0,6,5,KNOX ROAD,,0,41.06696389,-90.203605560,0,34,0,0,1,1,4,0,2,1,0,1,0,0000000,21,3,99,99,99,99,0,0,0,1,0
17,170555,1,1,0,1,163,0,31,8,2010,3,16,19,0,4,4,FLORAVILLE RD,,0,38.39081667,-90.063536110,0,1,0,0,1,1,5,0,1,1,0,1,0,0000000,16,19,99,99,88,88,0,0,0,1,1
17,170556,1,1,0,1,191,0,9,9,2010,5,6,30,0,3,3,SR-15,,1185,38.37476389,-88.212025000,0,11,0,0,1,1,1,0,4,1,0,1,0,0000000,6,35,99,99,99,99,0,0,0,1,0
17,170557,2,2,0,2,157,0,14,9,2010,3,13,26,1,2,3,SR-3,CR-6,807,37.88517500,-89.786511110,0,12,6,0,2,3,1,0,1,1,0,1,0,0000000,13,26,99,99,99,99,0,0,0,1,0
17,170558,1,1,0,1,203,0,29,8,2010,1,17,15,0,4,4,CR-19,,0,40.79154167,-89.427680560,0,24,0,0,1,1,4,0,1,1,0,1,0,0000000,17,15,99,99,99,99,0,0,0,1,1
17,170559,4,4,0,6,119,0,25,8,2010,4,15,15,0,14,5,HUMBERT,,0,38.93107222,-90.152350000,0,12,7,0,1,1,1,0,1,1,0,1,0,0000000,15,22,99,99,99,99,0,0,0,1,0
17,170560,1,1,0,2,31,1670,15,8,2010,1,1,55,1,11,1,I-94,,606,41.75206111,-87.625000000,0,33,0,1,5,1,8,0,3,1,0,1,0,0000000,2,6,99,99,99,99,0,0,0,1,1
17,170561,1,1,1,1,31,1670,2,9,2010,5,23,31,0,15,6,SOUTH CHICAGO AVENUE,,19,41.74235556,-87.572858330,0,9,0,0,1,1,4,0,3,2,0,2,0,0000000,23,45,99,99,99,99,0,0,0,1,0
17,170562,3,3,0,4,31,1670,4,9,2010,7,18,13,0,14,6,74TH STREET,HALSTED,0,41.75973889,-87.644280560,0,12,1,0,2,2,1,0,1,1,0,1,0,0000000,18,13,99,99,99,99,0,0,0,1,0
17,170563,1,1,1,1,31,1670,5,9,2010,1,9,42,0,15,6,FARWELL AVENUE,RIDGE BOULEVARD,12,42.00641944,-87.680741670,0,9,0,0,3,2,1,0,1,1,0,1,0,0000000,9,43,99,99,88,88,0,0,0,1,0
17,170564,1,1,1,1,31,2330,6,9,2010,2,20,7,0,14,6,WOLF ROAD,,6,42.06376667,-87.909013890,0,9,0,0,1,1,1,0,2,1,0,1,0,0000000,20,7,99,99,99,99,0,0,0,1,0
17,170565,2,1,0,1,45,0,9,9,2010,5,11,41,0,4,4,CR-4,,0,39.55584167,-87.655616670,0,38,0,0,1,1,4,0,1,1,0,1,0,0000000,11,41,99,99,99,99,0,0,0,1,0
17,170566,2,2,0,2,31,0,12,9,2010,1,2,58,1,11,1,I-294,,478,41.57901111,-87.675200000,0,12,2,0,1,1,1,0,2,1,0,1,0,0000000,2,58,99,99,99,99,0,0,0,2,0
17,170567,2,2,0,3,113,0,14,9,2010,3,16,21,0,3,3,SR-9,,1616,40.47144722,-88.525952780,0,12,6,0,1,1,1,0,1,1,0,1,0,0000000,16,21,99,99,99,99,0,0,0,1,0
17,170568,1,1,0,1,83,0,19,9,2010,1,2,36,0,4,4,CR-9,,0,39.03801111,-90.399386110,0,32,0,0,1,1,4,0,2,2,0,2,0,0000000,2,36,99,99,88,88,0,0,0,1,1
17,170570,2,2,0,7,43,3416,5,9,2010,1,9,25,1,13,3,SR-64,BLOOMINGDALE ROAD,1149,41.90295278,-88.081975000,0,12,6,0,2,2,1,0,1,1,0,1,0,0000000,9,27,99,99,99,99,0,0,0,1,0
17,170571,1,1,0,1,203,0,23,8,2010,2,0,56,0,4,3,SR-26,,71,40.83222222,-89.515744440,0,24,0,0,1,1,4,0,2,1,0,1,0,0000000,0,56,99,99,99,99,0,0,0,1,0
17,170572,1,1,1,1,31,6240,31,8,2010,3,20,0,1,13,3,SR-19,FOREST PRESERVE,251,41.95271111,-87.809761110,0,9,0,0,3,7,1,0,3,1,0,1,0,0000000,20,0,99,99,99,99,0,0,0,1,0
17,170573,1,1,1,1,31,5870,26,8,2010,5,2,10,1,13,3,SR-58,BUSSE ROAD,158,42.04820000,-87.960255560,0,9,0,0,3,2,1,0,3,1,0,1,0,0000000,2,10,99,99,99,99,0,0,0,1,0
17,170574,2,2,0,3,31,4750,9,9,2010,5,9,47,0,16,6,SMITH ROAD,,0,41.64507222,-88.027772220,0,12,2,0,1,1,1,0,1,1,0,1,0,0000000,9,47,99,99,99,99,0,0,0,1,0
17,170575,2,2,0,6,161,5670,6,8,2010,6,15,30,0,14,6,RIVER ROAD,,0,41.51402222,-90.497816670,0,12,6,0,8,1,1,0,1,1,0,1,0,0000000,15,30,99,99,99,99,0,0,0,1,0
17,170576,1,1,0,3,31,1670,28,8,2010,7,18,30,1,13,6,130TH ST,,209,41.65911389,-87.613141670,0,30,0,0,1,1,4,0,1,1,0,1,0,0000000,18,40,99,99,99,99,0,0,0,1,0
17,170577,1,1,0,5,31,1670,20,8,2010,6,1,20,0,14,3,SR-1,114TH STREET,3213,41.68689167,-87.642272220,0,33,0,0,3,2,3,0,3,1,0,1,0,0000000,2,0,99,99,99,99,20,0,0,2,0
17,170578,1,1,1,1,31,1670,29,8,2010,1,5,25,1,13,6,WESTERN,,0,41.95973056,-87.688666670,0,8,0,0,1,1,1,0,3,1,0,1,0,0000000,5,27,99,99,99,99,0,0,0,1,1
17,170579,3,3,0,4,31,1670,31,8,2010,3,13,47,0,14,6,DIVERSEY,KEDZIE,10,41.93203611,-87.707419440,0,12,6,0,2,2,1,0,1,1,0,1,0,0000000,13,47,99,99,99,99,0,0,0,1,0
17,170580,1,1,1,1,53,0,20,9,2010,2,6,9,0,3,3,SR-9,900 EAST ROAD,1750,40.45739722,-88.290955560,0,9,0,0,3,2,1,0,2,1,0,1,0,0000000,6,17,99,99,88,88,0,0,0,1,0
17,170581,1,1,0,1,29,0,21,9,2010,3,19,49,0,4,4,CR-900N,,57,39.50688889,-88.261391670,0,1,0,0,1,1,4,0,2,1,0,1,0,0000000,19,49,99,99,99,99,0,0,0,1,1
17,170582,1,1,0,2,89,460,1,2,2010,2,21,0,0,16,6,PINE AVENUE,,0,41.77783056,-88.302291670,0,5,0,0,1,1,1,0,3,1,0,1,0,0000000,21,0,99,99,88,88,0,0,0,1,0
17,170583,1,1,0,1,143,0,9,8,2010,2,11,58,0,6,6,FEUCHT ROAD,,0,40.92421111,-89.716502780,0,21,0,0,1,1,4,0,1,1,0,1,0,0000000,11,58,99,99,88,88,0,0,0,1,1
17,170584,1,1,0,1,143,0,11,8,2010,4,12,34,0,15,4,CR-62,,0,40.75582222,-89.686761110,0,35,0,0,1,1,4,0,1,1,0,1,0,0000000,12,42,99,99,99,99,0,0,0,1,0
17,170585,2,2,0,2,77,1350,13,9,2010,2,15,44,1,13,3,SR-13,GLENVIEW DRIVE,870,37.72826944,-89.237327780,0,12,6,0,2,2,1,0,1,1,0,1,0,0000000,15,44,99,99,88,88,0,0,0,1,0
17,170588,2,2,0,2,197,0,21,9,2010,3,0,58,1,13,3,SR-7,,91,41.59118333,-88.066427780,0,12,2,0,1,1,1,0,2,1,0,1,0,0000000,0,58,99,99,99,99,0,0,0,1,1
17,170589,3,3,0,3,55,0,24,9,2010,6,7,31,1,11,1,I-57,,732,38.01929444,-88.925666670,0,11,0,0,1,1,1,0,1,1,0,1,0,0000000,7,32,99,99,99,99,14,0,0,1,0
17,170590,1,1,1,1,31,0,22,9,2010,4,20,12,1,11,1,I-90,,568,42.06665833,-88.249483330,0,8,0,0,1,1,1,0,2,1,0,1,0,0000000,20,14,99,99,99,99,0,0,0,1,0
17,170591,1,1,0,1,99,0,17,9,2010,6,3,0,1,11,1,I-80,,891,41.36888611,-88.858463890,0,34,0,0,1,1,4,0,2,1,0,1,0,0000000,4,54,99,99,88,88,0,0,0,1,0
17,170592,1,1,0,1,89,460,17,8,2010,3,19,37,0,16,6,GRANDVIEW DRIVE,,0,41.75529444,-88.277072220,0,31,0,0,1,1,4,0,5,1,0,1,0,0000000,19,37,99,99,99,99,0,0,0,1,0
17,170593,2,2,0,4,161,0,26,9,2010,1,17,36,1,2,2,US-67,176TH AVENUE,1972,41.34216944,-90.578661110,0,12,6,0,2,2,1,0,1,1,0,1,0,0000000,17,36,99,99,99,99,0,0,0,1,0
17,170594,2,2,0,2,161,2580,28,8,2010,7,19,31,1,13,3,SR-92,,383,41.51624444,-90.433175000,0,1,0,0,1,1,1,0,1,1,0,1,0,0000000,19,31,99,99,99,99,0,0,0,1,1
17,170595,1,1,1,1,31,3100,14,9,2010,3,8,10,0,14,6,MADISON STREET,ELGIN AVENUE,0,41.87961944,-87.806102780,0,8,0,0,3,3,1,0,1,1,0,1,0,0000000,8,10,99,99,99,99,0,0,0,1,0
17,170596,2,2,0,3,197,0,24,9,2010,6,20,44,0,13,3,SR-50,PEOTONE ROAD,187,41.35401944,-87.778600000,0,12,6,0,2,2,1,0,2,1,0,1,0,0000000,20,44,99,99,99,99,0,0,0,1,1
17,170597,1,1,0,1,5,0,24,9,2010,6,8,41,1,1,1,I-70,,419,38.83253611,-89.516763890,0,52,0,0,1,1,4,0,1,1,0,1,0,0000000,8,41,99,99,99,99,0,0,0,1,0
17,170598,1,1,0,1,37,0,17,9,2010,6,18,43,0,4,4,CR-3,,0,42.01391111,-88.767063890,0,34,0,0,1,1,4,0,1,1,0,1,0,0000000,18,43,99,99,99,99,0,0,0,1,1
17,170599,2,2,0,2,141,0,8,9,2010,4,10,23,0,3,3,SR-54,FREEPORT ROAD,316,42.05480833,-89.626861110,0,12,6,0,2,2,1,0,1,1,0,1,0,0000000,10,23,99,99,99,99,0,0,0,1,0
17,170600,1,1,0,1,201,5000,20,9,2010,2,0,9,1,13,3,SR-251,,0,42.32235278,-89.057933330,0,19,0,0,1,1,4,0,3,1,0,1,0,0000000,0,24,99,99,88,88,0,0,0,1,0
17,170601,4,4,0,5,31,1670,9,8,2010,2,16,6,0,14,6,W BELMONT,,17,41.93766667,-87.831550000,0,12,2,0,1,1,1,0,1,1,0,1,0,0000000,16,6,99,99,99,99,14,0,0,1,0
17,170603,2,2,0,2,163,0,29,9,2010,4,13,59,0,3,3,SR-159,CLUB CONGRESS ROAD,82,38.33009444,-89.995075000,0,24,0,0,2,3,4,0,1,1,0,1,0,0000000,13,59,99,99,99,99,0,0,0,1,0
17,170604,2,2,0,3,15,0,13,8,2010,6,16,30,0,3,2,US-52,,36,42.09932500,-90.113044440,0,12,6,0,1,1,1,0,1,2,0,2,0,0000000,16,34,99,99,99,99,0,0,0,1,0
17,170605,1,1,0,4,31,0,15,8,2010,1,18,8,0,14,5,183RD ST,,10,41.55736944,-87.763363890,0,1,0,0,1,1,1,0,1,1,0,1,0,0000000,18,11,99,99,99,99,0,0,0,1,0
17,170606,1,1,0,1,89,0,2,10,2010,7,11,18,1,11,1,I-88,,1085,41.82341389,-88.475527780,0,24,0,0,1,1,3,0,1,1,0,1,0,0000000,11,18,99,99,88,88,0,0,0,1,0
17,170607,1,1,1,1,105,0,29,9,2010,4,18,17,0,3,3,SR-116,1900 EAST ROAD,1413,40.88894444,-88.566725000,0,9,0,0,3,2,1,0,1,1,0,1,0,0000000,18,18,99,99,99,99,0,0,0,1,0
17,170608,1,1,0,1,29,0,26,9,2010,1,0,34,0,6,4,CR-16,,0,39.60820000,-88.400544440,0,21,0,0,1,1,4,0,2,2,0,2,0,0000000,0,34,99,99,99,99,0,0,0,1,1
17,170609,1,1,0,1,189,0,3,10,2010,1,17,3,1,1,1,I-64,,367,38.47711667,-89.580236110,0,42,0,0,1,1,3,0,1,1,0,1,0,0000000,17,3,99,99,99,99,0,0,0,1,0
17,170610,1,1,0,1,31,7502,27,9,2010,2,18,23,1,11,1,I-90 RAMP,,0,41.99153056,-87.866666670,0,31,0,1,5,1,8,0,1,1,0,1,0,0000000,18,25,99,99,99,99,0,0,0,1,0
17,170611,1,1,1,1,29,0,2,10,2010,7,0,47,1,11,1,I-57,,1877,39.45998611,-88.327547220,0,8,0,0,1,1,1,0,2,1,0,1,0,0000000,0,47,99,99,88,88,0,0,0,1,0
17,170612,2,2,0,2,165,0,5,10,2010,3,8,2,0,13,2,US-45,,593,37.70444444,-88.574941670,0,12,2,0,1,1,1,0,1,1,0,1,0,0000000,8,2,99,99,88,88,0,0,0,1,0
17,170613,1,1,0,1,175,0,21,7,2010,4,17,45,0,6,5,650 EAST,,0,41.21120000,-89.858852780,0,38,0,0,1,1,4,0,1,1,0,1,0,0000000,99,99,99,99,88,88,2,0,0,1,1
17,170614,1,1,1,1,37,8450,12,9,2010,1,1,7,0,13,3,SR-23,,887,41.96789444,-88.718858330,0,8,0,0,1,1,1,0,3,1,0,1,0,0000000,1,7,99,99,99,99,0,0,0,1,1
17,170615,1,1,0,2,167,0,21,9,2010,3,18,24,0,4,4,CR-10,,0,39.65260278,-89.927305560,0,34,0,0,1,1,4,0,1,1,0,1,0,0000000,18,28,99,99,99,99,0,0,0,1,0
17,170616,3,3,0,3,31,1670,23,9,2010,5,14,50,0,14,6,DEVON AVENUE,,53,41.99716111,-87.770075000,0,12,8,0,1,1,1,0,1,1,0,1,0,0000000,14,54,99,99,99,99,0,0,0,1,0
17,170617,2,2,0,2,197,0,17,9,2010,6,7,29,0,15,4,CR-54,SPENCER ROAD,0,41.49606944,-88.042030560,0,12,6,0,2,2,1,0,1,1,0,1,0,0000000,7,40,99,99,88,88,0,0,0,1,0
17,170618,2,1,0,1,119,3760,28,9,2010,3,15,38,1,13,3,SR-3,,1631,38.83699722,-90.097822220,0,14,0,0,1,1,4,3,1,1,0,1,0,0000000,15,38,99,99,99,99,0,0,0,1,0