STATE,ST_CASE,VE_TOTAL,VE_FORMS,PEDS,PERSONS,COUNTY,CITY,DAY,MONTH,YEAR,DAY_WEEK,HOUR,MINUTE,NHS,ROAD_FNC,ROUTE,TWAY_ID,TWAY_ID2,MILEPT,LATITUDE,LONGITUD,SP_JUR,HARM_EV,MAN_COLL,RELJCT1,RELJCT2,TYP_INT,REL_ROAD,WRK_ZONE,LGT_COND,WEATHER1,WEATHER2,WEATHER,SCH_BUS,RAIL,NOT_HOUR,NOT_MIN,ARR_HOUR,ARR_MIN,HOSP_HR,HOSP_MN,CF1,CF2,CF3,FATALS,DRUNK_DR
17,170619,2,2,0,7,187,0,2,10,2010,7,6,31,0,3,3,SR-116,,286,40.73038056,-90.517050000,0,12,2,0,1,1,1,0,4,2,0,2,0,0000000,6,31,99,99,99,99,0,0,0,1,0
17,170620,1,1,1,1,31,1670,23,9,2010,5,9,55,0,13,3,SR-19,,315,41.95405000,-87.686205560,0,8,0,0,1,1,1,0,1,1,0,1,0,0000000,10,0,99,99,99,99,0,0,0,1,0
17,170621,1,1,0,1,133,0,2,9,2010,5,2,26,0,4,4,CR-5,,0,38.19515556,-90.052700000,0,34,0,0,1,1,4,0,2,1,0,1,0,0000000,2,26,99,99,99,99,0,0,0,1,1
17,170622,1,1,1,1,163,120,29,9,2010,4,19,30,0,14,3,SR-163,,92,38.58502500,-90.112394440,0,8,0,0,1,1,1,0,3,1,0,1,0,0000000,19,30,19,33,99,99,0,0,0,1,0
17,170623,1,1,0,1,157,0,6,10,2010,4,17,7,0,2,3,SR-154,,20,38.20331944,-89.959575000,0,34,0,0,1,1,4,0,1,1,0,1,0,0000000,17,11,99,99,99,99,0,0,0,1,1
17,170624,2,2,1,2,43,2440,6,10,2010,4,19,21,1,13,3,SR-56,,229,41.83169167,-88.045866670,0,8,0,0,1,1,1,0,2,1,0,1,0,0000000,19,21,99,99,99,99,0,0,0,1,0
17,170625,1,1,0,1,201,0,6,10,2010,4,22,40,0,15,4,CR-71,,0,42.39810556,-89.037413890,0,11,0,0,1,1,1,0,2,1,0,1,0,0000000,22,43,99,99,88,88,0,0,0,1,1
17,170626,1,1,1,1,121,0,8,9,2010,4,18,51,0,6,4,CR-900,,0,38.60534444,-89.111705560,0,8,0,0,1,1,1,0,1,1,0,1,0,0000000,18,51,99,99,88,88,0,0,0,1,0
17,170627,1,1,0,1,143,0,8,9,2010,4,12,3,0,6,4,CR-69,,0,40.80711111,-89.889733330,0,35,0,0,1,1,4,0,1,1,0,1,0,0000000,12,3,99,99,88,88,0,0,0,1,0
17,170628,2,2,0,2,51,0,8,10,2010,6,10,20,1,2,2,US-51,800N,1394,38.85269167,-89.087952780,0,54,11,0,2,3,1,0,1,1,0,1,0,0000000,10,21,99,99,99,99,14,0,0,1,0
17,170629,2,2,3,2,197,0,9,10,2010,7,6,58,1,11,1,I-55,,2506,41.49052500,-88.197677780,0,12,1,1,18,1,1,0,1,1,0,1,0,0000000,7,1,99,99,99,99,19,0,0,1,0
17,170630,3,3,0,3,31,1670,8,10,2010,6,23,40,1,11,1,I-94,,590,41.77650833,-87.628658330,0,25,0,0,1,1,3,0,3,1,0,1,0,0000000,23,42,99,99,99,99,0,0,0,1,1
17,170631,1,1,0,1,35,0,9,10,2010,7,17,5,0,4,4,CR-6,,0,39.21860556,-88.243163890,0,24,0,0,1,1,4,0,1,1,0,1,0,0000000,17,6,99,99,99,99,0,0,0,1,1
17,170632,1,1,0,3,125,0,10,10,2010,1,5,22,0,6,4,CR-750,,0,40.17098333,-89.876083330,0,35,0,0,1,1,4,0,2,1,0,1,0,0000000,5,22,99,99,99,99,0,0,0,2,1
17,170633,1,1,0,1,55,0,11,10,2010,2,0,52,0,6,6,MILLIONAIRES ROAD,,0,37.99815000,-89.137255560,0,43,0,0,1,1,4,0,2,1,0,1,0,0000000,0,52,99,99,88,88,0,0,0,1,1
17,170634,2,2,0,5,167,8220,10,10,2010,1,14,54,1,11,1,I-55,,905,39.71963333,-89.643805560,0,12,7,0,1,1,1,0,1,1,0,1,0,0000000,14,54,99,99,99,99,0,0,0,1,0
17,170635,2,2,0,4,177,0,3,10,2010,1,3,57,0,4,4,CR-6,,0,42.41110000,-89.860397220,0,12,2,0,1,1,1,0,2,1,0,1,0,0000000,3,57,99,99,99,99,0,0,0,1,1
17,170636,1,1,1,0,31,1670,19,6,2010,7,14,51,0,16,8,KEDZIE AVENUE,,0,41.95466389,-87.708041670,0,8,0,0,1,1,1,0,1,1,0,1,0,0000000,99,99,99,99,99,99,0,0,0,1,0
17,170637,1,1,1,1,31,140,30,9,2010,5,15,44,0,16,6,SPRINGFIELD AVENUE,123RD STREET,0,41.66934444,-87.717697220,0,9,0,0,3,2,1,0,1,1,0,1,0,0000000,15,44,99,99,99,99,0,0,0,1,0
17,170638,2,2,0,2,43,5980,10,9,2010,6,17,54,0,14,4,CR-17,,0,41.77759167,-88.115802780,0,12,7,0,1,1,1,0,1,1,0,1,0,0000000,17,54,99,99,99,99,0,0,0,1,1
17,170639,1,1,1,1,31,1670,24,7,2010,7,3,15,1,11,1,I-94,,595,41.76899444,-87.625625000,0,8,0,0,1,1,1,0,3,2,0,2,0,0000000,3,20,99,99,88,88,23,0,0,1,0
17,170640,2,2,0,5,23,0,9,10,2010,7,23,11,1,2,3,SR-1,300TH ROAD,1390,39.19411111,-87.679877780,0,12,6,0,2,2,1,0,2,1,0,1,0,0000000,23,11,99,99,99,99,0,0,0,2,1
17,170642,3,3,0,3,89,2690,10,9,2010,6,15,2,0,13,4,CR-21,,0,42.05831111,-88.320133330,0,12,2,0,1,1,1,0,1,1,0,1,0,0000000,15,2,99,99,88,88,0,0,0,1,0
17,170643,2,2,0,2,157,1660,15,9,2010,4,19,40,1,13,3,SR-3,,854,37.93590556,-89.864622220,0,12,2,0,1,1,1,0,2,2,0,2,0,0000000,19,40,99,99,99,99,0,0,0,1,0
17,170644,2,2,0,2,49,2650,24,9,2010,6,15,8,0,13,3,SR-23,,3,39.12566111,-88.557819440,0,12,6,0,8,1,1,0,1,1,0,1,0,0000000,15,8,99,99,88,88,0,0,0,1,0
17,170645,1,1,0,1,31,1185,23,9,2010,5,18,30,0,16,6,LUNA AVENUE,,0,41.74938333,-87.759600000,0,42,0,0,1,1,4,0,5,1,0,1,0,0000000,18,32,99,99,99,99,0,0,0,1,0
17,170646,2,2,0,2,89,0,5,10,2010,3,14,34,0,2,3,SR-72,,674,42.08826389,-88.578622220,0,12,2,0,1,1,1,0,1,1,0,1,0,0000000,14,35,99,99,99,99,0,0,0,1,0
17,170647,1,1,0,1,163,0,7,10,2010,5,23,42,0,6,4,CR-49,,0,38.26867500,-89.820430560,0,1,0,0,1,1,4,0,2,1,0,1,0,0000000,23,42,99,99,99,99,0,0,0,1,1
17,170648,1,1,0,3,113,0,19,8,2010,5,8,20,0,6,6,1300 EAST ROAD,,0,40.40068333,-89.018022220,0,42,0,0,1,1,4,0,1,1,0,1,0,0000000,8,20,99,99,99,99,0,0,0,1,0
17,170650,4,1,0,1,99,0,12,9,2010,1,18,47,0,6,6,752ND ROAD,,0,41.49973611,-89.021852780,0,14,0,0,1,1,4,0,1,1,0,1,0,0000000,18,47,99,99,99,99,0,0,0,1,1
17,170651,1,1,0,3,31,1670,30,7,2010,6,0,30,0,14,6,47TH STREET,SACRAMENTO,0,41.80820833,-87.699077780,0,33,0,0,3,2,4,0,3,1,0,1,0,0000000,0,30,99,99,88,88,0,0,0,3,1
17,170652,1,1,0,1,21,0,17,10,2010,1,2,33,0,4,4,CR-22,,115,39.70720833,-89.270427780,0,34,0,0,1,1,4,0,2,1,0,1,0,0000000,2,36,99,99,88,88,0,0,0,1,1
17,170653,2,2,0,2,167,0,14,10,2010,5,17,37,1,1,2,US-36,,1143,39.83904167,-89.410138890,0,12,1,1,18,1,1,1,1,1,0,1,0,0000000,17,37,99,99,99,99,0,0,0,1,1
17,170654,2,2,0,3,39,0,15,10,2010,6,18,0,0,6,6,1900,,0,40.07675833,-88.149722220,0,12,2,0,1,1,1,0,1,1,0,1,0,0000000,18,0,99,99,99,99,0,0,0,1,0
17,170655,2,2,0,2,7,0,30,9,2010,5,4,1,0,13,2,US-20,,1097,42.24330833,-88.789750000,0,12,2,0,1,1,1,0,2,1,0,1,0,0000000,4,1,99,99,99,99,0,0,0,1,1
17,170656,2,2,0,2,31,1670,7,10,2010,5,17,54,1,13,3,SR-43,61ST STREET,191,41.78092778,-87.801077780,0,12,6,0,2,2,1,0,1,1,0,1,0,0000000,17,56,99,99,99,99,0,0,0,1,0
17,170657,2,2,0,5,27,1510,9,10,2010,7,19,14,0,13,3,SR-161,HARTING DRIVE,527,38.53399722,-89.175213890,0,12,6,0,2,3,1,0,3,1,0,1,0,0000000,19,14,99,99,99,99,0,0,0,1,1
17,170658,1,1,1,1,31,6240,3,10,2010,1,22,3,1,13,3,SR-43,IRVING PARK ROAD,253,41.95276944,-87.807255560,0,8,0,0,3,2,1,0,3,1,0,1,0,0000000,22,3,99,99,99,99,0,0,0,1,0
17,170659,3,3,0,4,107,0,15,10,2010,6,15,22,1,1,1,I-55,,1326,40.18593056,-89.313183330,0,12,2,0,1,1,1,0,1,1,0,1,0,0000000,15,25,99,99,99,99,0,0,0,1,0
17,170660,2,2,0,2,31,512,15,10,2010,6,8,20,1,13,3,SR-62,,165,42.13136944,-88.225236110,0,12,2,0,1,1,1,0,1,1,0,1,0,0000000,8,20,99,99,99,99,0,0,0,1,0
17,170661,1,1,0,2,119,3550,17,10,2010,1,22,20,1,13,3,SR-162,,8,38.70330000,-90.108102780,0,34,0,0,1,1,4,0,3,1,0,1,0,0000000,22,20,99,99,99,99,0,0,0,2,1
17,170662,4,4,0,8,31,1670,15,8,2010,1,6,40,0,14,6,FULLERTON AVENUE,KILBOURN AVENUE,94,41.92432500,-87.738997220,0,12,1,0,3,1,1,0,1,1,0,1,0,0000000,6,40,99,99,99,99,0,0,0,1,1
17,170663,2,2,0,6,31,1670,15,8,2010,1,12,28,0,14,6,ASHLAND AVENUE,CARMEN AVENUE,0,41.97433056,-87.669594440,0,12,6,0,2,2,1,0,1,1,0,1,0,0000000,12,28,99,99,99,99,0,0,0,1,0
17,170664,2,2,0,2,31,1670,5,9,2010,1,10,58,0,14,6,63RD STREET,,0,41.77983611,-87.640025000,0,33,0,0,1,1,4,0,1,1,0,1,0,0000000,10,58,99,99,88,88,0,0,0,1,0
17,170665,1,1,1,1,31,1670,6,9,2010,2,20,30,0,16,6,SOUTH CHICAGO AVENUE,,6,41.72940833,-87.554877780,0,8,0,0,1,1,1,0,3,5,0,5,0,0000000,20,32,99,99,99,99,0,0,0,1,0
17,170666,2,2,0,3,119,9550,22,9,2010,4,11,26,0,13,3,SR-111,WESLEY DRIVE,199,38.86649444,-90.067725000,0,12,6,0,2,2,1,0,1,1,0,1,0,0000000,11,26,99,99,99,99,0,0,0,1,0
17,170667,1,1,0,1,203,0,11,10,2010,2,15,26,0,4,4,CR-1,,0,40.80118889,-89.273797220,0,51,0,0,1,1,1,1,1,1,0,1,0,0000000,15,26,99,99,88,88,0,0,0,1,0
17,170669,2,2,0,2,143,0,18,10,2010,2,12,47,1,1,1,I-74,,861,40.74480278,-89.676347220,0,12,6,1,5,1,1,0,1,1,0,1,0,0000000,12,50,99,99,99,99,0,0,0,1,0
17,170670,2,2,0,2,31,0,20,8,2010,6,14,25,1,13,2,US-12,,519,41.92181667,-87.884333330,0,12,7,0,1,1,1,0,1,1,0,1,0,0000000,14,29,14,99,99,99,14,0,0,1,0
17,170671,2,2,0,2,89,0,4,10,2010,2,8,45,0,4,4,CR-22,,0,42.04581944,-88.411102780,0,12,1,0,1,1,1,0,1,1,0,1,0,0000000,8,45,99,99,99,99,0,0,0,1,0
17,170672,1,1,0,1,183,0,9,10,2010,7,8,44,0,15,5,OAKWOOD AVENUE,,0,40.12673611,-87.658925000,0,1,0,0,1,1,4,0,1,1,0,1,0,0000000,8,44,99,99,88,88,0,0,0,1,1
17,170674,1,1,1,1,97,4958,29,9,2010,4,0,37,0,13,3,SR-53,SR-83,808,42.17583889,-87.989236110,0,8,0,0,3,3,1,0,2,1,0,1,0,0000000,0,37,99,99,99,99,0,0,0,1,0
17,170675,1,1,0,6,143,6850,19,8,2010,5,17,48,0,15,4,CR-44,,0,40.77514722,-89.689186110,0,42,0,0,1,1,4,0,1,1,0,1,0,0000000,5,59,99,99,99,99,0,0,0,1,0
17,170676,2,2,0,2,145,0,9,10,2010,7,5,49,1,2,3,SR-27,,742,38.11686389,-89.390763890,0,12,6,0,8,1,1,0,4,1,0,1,0,0000000,5,49,99,99,99,99,0,0,0,1,0
17,170677,1,1,0,1,31,8620,9,10,2010,7,18,43,0,15,6,80TH AVENUE,NOTTINGHAM DRIVE,0,41.59103889,-87.813325000,0,33,0,0,3,1,4,0,1,1,0,1,0,0000000,18,43,99,99,99,99,0,0,0,1,1
17,170678,2,2,0,2,31,1670,10,10,2010,1,23,35,1,13,2,US-41,,197,41.95052500,-87.644372220,0,12,1,0,1,1,1,0,3,1,0,1,0,0000000,23,40,99,99,88,88,0,0,0,1,1
17,170679,1,1,0,1,195,0,13,10,2010,4,1,1,0,6,6,FENTON ROAD,,0,41.81538611,-90.085830560,0,1,0,0,1,1,4,0,2,1,0,1,0,0000000,1,1,99,99,99,99,0,0,0,1,1
17,170680,2,2,0,2,99,0,20,10,2010,4,11,30,0,4,4,CR-43,CR-33,0,41.41161944,-89.010361110,0,12,6,0,2,2,1,0,1,1,0,1,0,0000000,11,34,99,99,99,99,0,0,0,1,0
17,170681,2,2,0,3,19,0,23,10,2010,7,18,53,1,1,1,I-57,,2277,40.01466667,-88.303775000,0,12,8,0,1,1,3,0,2,1,0,1,0,0000000,18,53,99,99,99,99,0,0,0,1,0
17,170682,1,1,0,1,17,0,16,10,2010,7,16,35,0,4,4,CR-10,,0,39.94203333,-90.248733330,0,34,0,0,1,1,4,0,1,1,0,1,0,0000000,16,43,99,99,99,99,0,0,0,1,1
17,170683,2,2,0,2,201,0,20,10,2010,4,8,14,0,4,4,CR-17,ROCKTON AVENUE,0,42.36837500,-89.078308330,0,12,6,0,2,2,1,0,1,1,0,1,0,0000000,8,14,99,99,88,88,0,0,0,1,1
17,170684,2,2,0,3,119,0,22,10,2010,6,4,46,0,13,3,SR-143,BENDER ROAD,98,38.83609444,-90.014461110,0,12,1,0,2,3,1,0,2,1,0,1,0,0000000,4,46,99,99,99,99,0,0,0,1,1
17,170685,1,1,0,1,201,7460,22,10,2010,6,22,9,0,15,6,CEDAR STREET,,0,42.27026944,-89.103958330,0,42,0,0,1,1,4,0,3,1,0,1,0,0000000,22,9,99,99,88,88,0,0,0,1,0
17,170686,4,4,0,7,201,0,15,10,2010,6,10,23,1,11,1,I-90,,167,42.25681667,-88.964994440,0,12,1,0,1,1,1,0,1,1,0,1,0,0000000,10,23,99,99,99,99,3,0,0,2,0
17,170687,2,2,0,2,181,1860,29,10,2010,6,10,15,0,4,2,US-51,,62,37.53878889,-89.261486110,0,12,2,0,1,1,1,0,1,1,0,1,0,0000000,10,24,99,99,99,99,0,0,0,1,0
17,170688,2,2,0,3,43,2750,9,9,2010,5,11,27,1,13,3,SR-38,,866,41.86170556,-87.930483330,0,12,6,0,1,1,1,1,1,1,0,1,0,0000000,11,28,99,99,99,99,3,0,0,1,0
17,170689,1,1,0,1,177,0,31,10,2010,1,1,28,0,4,6,HARLEM CENTER ROAD,,0,42.31941389,-89.690600000,0,31,0,0,1,1,4,0,2,1,0,1,0,0000000,1,28,99,99,99,99,0,0,0,1,1
17,170690,2,2,0,3,81,5900,29,10,2010,6,10,30,1,11,1,I-57,,961,38.33324167,-88.956847220,0,12,6,0,1,1,1,0,1,1,0,1,0,0000000,10,31,99,99,99,99,0,0,0,1,0
17,170691,1,1,0,2,31,1670,2,10,2010,7,12,12,1,13,2,US-41,,81,41.79950278,-87.581344440,0,30,0,0,1,1,4,0,1,2,0,2,0,0000000,12,15,99,99,99,99,0,0,0,1,0
17,170692,2,2,0,3,31,1670,31,10,2010,1,3,50,1,11,1,I-90,,489,41.90912778,-87.663505560,0,12,6,0,1,1,1,0,3,1,0,1,0,0000000,4,0,99,99,99,99,0,0,0,1,1
17,170693,1,1,0,2,97,230,25,10,2010,2,0,40,0,14,4,CR-36,,0,42.47986944,-88.062169440,0,32,0,0,1,1,4,0,2,1,0,1,0,0000000,0,40,99,99,99,99,0,0,0,1,0
17,170695,1,1,0,1,191,0,1,11,2010,2,13,17,0,3,3,SR-15,CR-3,1190,38.37735278,-88.203552780,0,1,0,0,3,2,1,0,1,1,0,1,0,0000000,13,19,99,99,88,88,0,0,0,1,0
17,170696,2,2,0,9,49,2650,2,10,2010,7,18,6,0,14,2,US-40,OUTER BELT WEST,982,39.11078333,-88.575302780,0,12,6,0,2,3,1,1,1,1,0,1,0,0000000,18,6,99,99,99,99,0,0,0,2,0
17,170697,2,2,0,2,93,0,23,8,2010,2,13,4,1,13,2,US-34,FARNSWORTH ROAD,1841,41.72238333,-88.276341670,0,12,6,0,2,2,1,0,1,1,0,1,0,0000000,13,4,99,99,99,99,0,0,0,1,0
17,170698,1,1,0,1,27,0,8,10,2010,6,19,3,0,3,3,SR-127,,1128,38.66267778,-89.372405560,0,1,0,0,1,1,4,0,1,1,0,1,0,0000000,19,3,99,99,99,99,0,0,0,1,1
17,170699,1,1,0,1,199,0,8,10,2010,6,5,35,0,4,4,CR-12,,0,37.68061389,-88.803713890,0,34,0,0,1,1,4,0,2,1,0,1,0,0000000,5,35,99,99,88,88,0,0,0,1,0
17,170700,2,2,0,3,133,1930,15,10,2010,6,16,0,1,13,3,SR-3,VALMEYER DRIVE,1318,38.44396111,-90.215688890,0,12,6,0,2,2,1,0,1,1,0,1,0,0000000,16,0,99,99,99,99,0,0,0,1,0
17,170701,1,1,1,1,43,4940,25,10,2010,2,10,35,0,16,6,PARK AVENUE,GREAT WESTERN TRAIL,0,41.89137222,-88.019983330,0,9,0,0,3,2,1,0,1,1,0,1,0,0000000,10,35,99,99,99,99,0,0,0,1,0
17,170703,1,1,0,2,97,512,24,10,2010,1,4,21,0,14,6,LAKE COOK RD,,42,42.15428889,-88.157055560,0,11,0,0,1,1,1,0,2,2,0,2,0,0000000,4,21,99,99,88,88,0,0,0,1,1
17,170704,1,1,1,1,31,8300,18,8,2010,4,13,40,1,13,3,SR-43,40TH,218,41.81941944,-87.802491670,0,8,0,0,3,3,1,0,1,1,0,1,0,0000000,13,40,99,99,99,99,0,0,0,1,0
17,170705,1,1,0,1,97,0,26,10,2010,3,20,17,0,13,3,SR-83,,777,42.30073889,-88.032075000,0,34,0,0,1,1,4,0,2,6,0,6,0,0000000,20,17,99,99,88,88,0,0,0,1,1
17,170707,1,1,0,3,197,0,28,10,2010,5,5,6,0,16,6,GOUGAR ROAD,,0,41.39992500,-88.000419440,0,34,0,0,1,1,4,0,2,1,0,1,0,0000000,5,6,99,99,99,99,0,0,0,1,0
17,170708,2,2,0,2,197,2060,3,11,2010,4,5,39,1,13,3,SR-394,STEGER ROAD,67,41.47005833,-87.577352780,0,12,6,0,2,2,1,0,3,1,0,1,0,0000000,5,40,99,99,88,88,0,0,0,1,0
17,170709,1,1,1,1,31,0,24,9,2010,6,19,45,1,13,3,SR-58,STEVEN DRIVE,217,42.05432222,-87.848697220,0,8,0,0,3,3,1,0,3,1,0,1,0,0000000,19,51,99,99,99,99,0,0,0,1,0
17,170710,1,1,0,1,81,0,4,10,2010,2,1,30,0,3,3,SR-15,,858,38.33856944,-88.779416670,0,42,0,0,1,1,4,0,2,1,0,1,0,0000000,1,34,99,99,88,88,0,0,0,1,1
17,170711,1,1,1,1,161,5670,31,10,2010,1,18,28,0,16,6,25TH STREET,,0,41.49798333,-90.501858330,0,8,0,0,1,1,1,0,3,1,0,1,0,0000000,18,48,99,99,99,99,0,0,0,1,0
17,170712,2,2,0,3,173,0,1,11,2010,2,12,25,0,2,3,SR-16,2900E ROAD,1229,39.42638611,-88.603000000,0,12,2,0,3,3,1,0,1,1,0,1,0,0000000,12,26,99,99,99,99,0,0,0,2,0
17,170713,1,1,0,2,19,0,1,10,2010,6,0,5,0,6,5,300N,,0,39.92323889,-88.195619440,0,23,0,0,1,1,4,0,2,1,0,1,0,0000000,1,56,99,99,99,99,0,0,0,1,1
17,170714,3,3,0,3,81,5900,21,10,2010,5,14,22,1,11,1,I-57,,0,38.29961944,-88.944175000,0,12,1,1,5,1,1,0,1,1,0,1,0,0000000,14,22,99,99,99,99,0,0,0,1,0
17,170715,1,1,0,1,115,2250,4,10,2010,2,17,43,0,13,3,SR-105,,63,39.85328611,-88.887661110,0,33,0,0,1,1,3,0,1,1,0,1,0,0000000,17,43,99,99,99,99,0,0,0,1,0
17,170716,2,2,0,3,119,3400,30,10,2010,7,18,35,0,13,6,MERIDIAN ROAD,ST LOUIS ROAD,238,38.77794167,-89.984577780,0,12,6,0,2,2,1,0,2,1,0,1,0,0000000,18,35,99,99,99,99,0,0,0,1,0
17,170718,1,1,0,2,119,3550,6,11,2010,7,23,32,0,14,6,MADISON AVENUE,,0,38.69679722,-90.150130560,0,33,0,0,1,1,5,0,3,1,0,1,0,0000000,23,32,99,99,99,99,0,0,0,1,0
17,170719,2,2,0,3,133,1930,1,11,2010,2,14,42,0,16,6,GALL ROAD,,0,38.43145556,-90.196258330,0,12,2,0,1,1,1,0,1,1,0,1,0,0000000,14,42,99,99,99,99,0,0,0,1,0
17,170720,2,2,0,5,45,0,3,11,2010,4,6,18,1,2,3,SR-1,,1610,39.50211944,-87.680186110,0,12,2,0,1,1,1,0,3,1,0,1,0,0000000,6,30,99,99,99,99,0,0,0,1,0
17,170721,1,1,0,1,31,1670,5,11,2010,6,0,5,1,11,1,I-90,,538,41.84670000,-87.639844440,0,25,0,0,1,1,3,0,3,1,0,1,0,0000000,0,10,99,99,99,99,0,0,0,1,1
17,170722,1,1,0,2,31,0,31,10,2010,1,23,20,1,11,1,I-57,,3437,41.54966667,-87.743200000,0,1,0,0,1,1,1,0,3,1,0,1,0,0000000,23,40,99,99,99,99,0,0,0,1,1
17,170723,3,3,0,4,91,0,2,11,2010,3,15,40,1,2,3,SR-1,CR-9,2882,41.23664722,-87.662444440,0,12,6,0,2,3,1,0,1,1,0,1,0,0000000,15,44,99,99,99,99,0,0,0,1,0
17,170724,3,3,0,3,143,6850,8,11,2010,2,11,36,1,13,2,US-150,,8815,40.72923333,-89.567747220,0,12,6,0,1,1,1,0,1,1,0,1,0,0000000,11,36,99,99,99,99,0,0,0,1,0
17,170725,2,2,0,2,5,0,7,11,2010,1,2,1,0,14,3,SR-140,,438,38.90198889,-89.386352780,0,12,2,0,1,1,1,0,2,1,0,1,0,0000000,2,1,99,99,88,88,0,0,0,1,1
17,170728,1,1,0,1,31,1670,5,11,2010,6,1,16,1,11,1,I-55,,2915,41.84250833,-87.657647220,0,25,0,0,1,1,3,0,3,2,0,2,0,0000000,1,16,99,99,99,99,0,0,0,1,1
17,170729,1,1,1,3,197,4300,11,11,2010,5,6,40,1,13,3,SR-7,,24,41.53270833,-88.125013890,0,8,0,0,1,1,1,0,4,1,0,1,0,0000000,6,44,99,99,99,99,0,0,0,1,0
17,170730,2,1,1,1,5,0,13,11,2010,7,7,5,1,11,1,I-70,,486,38.86472778,-89.401030560,0,14,0,0,1,1,4,0,4,1,0,1,0,0000000,7,9,99,99,99,99,0,0,0,1,0
17,170731,1,1,1,1,197,4300,15,9,2010,4,19,13,0,13,2,US-6,,1452,41.52858056,-88.072608330,0,8,0,0,1,1,1,0,2,1,0,1,0,0000000,19,13,99,99,99,99,0,0,0,1,0
17,170732,1,1,1,1,27,0,5,11,2010,6,22,34,0,4,4,CR-2,,0,38.72067778,-89.291411110,0,8,0,0,1,1,1,0,2,1,0,1,0,0000000,22,34,99,99,99,99,0,0,0,1,0
17,170733,1,1,1,1,81,5900,13,11,2010,7,16,41,1,11,1,I-57,,945,38.30972222,-88.950402780,0,8,0,0,1,1,1,0,1,1,0,1,0,0000000,16,51,99,99,99,99,0,0,0,1,0
17,170734,2,2,0,2,97,0,14,9,2010,3,13,4,0,13,3,SR-60,,25,42.31458333,-88.105469440,0,12,8,0,1,1,1,0,1,1,0,1,0,0000000,13,14,99,99,99,99,0,0,0,1,1
17,170735,1,1,0,2,113,0,13,8,2010,6,0,30,0,14,4,CR-29,,0,40.46503889,-88.901938890,0,5,0,0,1,1,1,0,3,1,0,1,0,0000000,0,33,99,99,99,99,0,0,0,1,0
17,170736,1,1,0,1,143,0,9,10,2010,7,15,34,0,15,6,FARMINGTON ROAD,,39,40.69771111,-89.664230560,0,1,0,0,1,1,4,0,1,1,0,1,0,0000000,15,34,99,99,99,99,0,0,0,1,0
17,170737,2,2,0,4,43,3731,15,11,2010,2,0,5,0,13,6,COUNTY FARM ROAD,,0,41.98289722,-88.149630560,0,12,2,0,1,1,1,0,2,1,0,1,0,0000000,0,5,99,99,99,99,0,0,0,1,1
17,170738,1,1,1,1,43,0,9,11,2010,3,21,39,1,13,3,SR-64,GLENRISE AVENUE,1163,41.90378889,-88.054633330,0,8,0,0,3,3,1,0,3,1,0,1,0,0000000,21,39,99,99,99,99,0,0,0,1,0
17,170739,1,1,0,2,31,0,6,11,2010,7,4,38,1,11,1,I-90,,0,42.04085556,-87.981369440,0,35,0,1,5,1,4,0,3,1,0,1,0,0000000,4,38,99,99,99,99,0,0,0,1,1
17,170740,2,2,0,2,31,1670,25,10,2010,2,22,55,1,13,3,SR-43,SR-72,330,41.98110556,-87.806952780,0,12,6,0,2,2,1,0,3,1,0,1,0,0000000,22,59,99,99,99,99,0,0,0,1,0
17,170742,1,1,0,2,75,4195,11,11,2010,5,4,13,0,4,2,US-52,,2094,40.82947778,-87.586708330,0,42,0,0,1,1,4,0,2,1,0,1,0,0000000,4,13,99,99,99,99,0,0,0,1,1
17,170743,2,2,0,2,71,0,12,11,2010,6,14,17,0,3,5,CARMAN,,5,40.68746389,-91.070225000,0,12,2,0,1,1,1,0,1,1,0,1,0,0000000,14,17,99,99,99,99,0,0,0,1,0
17,170744,2,2,0,2,23,0,12,11,2010,6,16,55,0,4,4,CR-8,,0,39.46028611,-87.887986110,0,12,8,0,1,1,1,0,5,1,0,1,0,0000000,17,1,99,99,99,99,0,0,0,1,0
17,170745,1,1,0,2,133,0,16,11,2010,3,23,10,0,3,3,SR-156,,86,38.32672778,-90.137113890,0,35,0,0,1,1,4,0,2,1,0,1,0,0000000,23,10,99,99,99,99,0,0,0,1,1
17,170746,1,1,0,1,157,0,19,11,2010,6,22,19,0,4,4,CR-3,,0,38.00010833,-89.808597220,0,30,0,0,1,1,4,0,2,1,0,1,0,0000000,22,19,99,99,99,99,0,0,0,1,1
17,170747,2,2,0,2,31,5380,10,9,2010,6,20,15,1,13,3,SR-50,SOUTHWICK DRIVE,295,41.50232500,-87.732386110,0,12,6,0,2,2,1,0,3,1,0,1,0,0000000,20,15,99,99,99,99,0,0,0,1,1
17,170748,1,1,1,1,97,9090,16,9,2010,5,20,24,1,13,3,SR-176,,252,42.25782222,-88.152977780,0,8,0,0,1,1,1,0,3,1,0,1,0,0000000,20,24,99,99,99,99,0,0,0,1,0
17,170749,1,1,0,1,143,0,25,9,2010,7,2,35,0,6,6,EVANS MILL ROAD,,0,40.87141667,-89.736330560,0,5,0,0,1,1,1,0,2,1,0,1,0,0000000,2,35,99,99,99,99,0,0,0,1,1
17,170750,2,2,0,3,27,0,17,11,2010,4,4,53,1,1,1,I-64,,361,38.48315833,-89.588613890,0,12,2,0,1,1,3,0,2,1,0,1,0,0000000,4,53,99,99,99,99,0,0,0,2,1