STATE,ST_CASE,VE_TOTAL,VE_FORMS,PEDS,PERSONS,COUNTY,CITY,DAY,MONTH,YEAR,DAY_WEEK,HOUR,MINUTE,NHS,ROAD_FNC,ROUTE,TWAY_ID,TWAY_ID2,MILEPT,LATITUDE,LONGITUD,SP_JUR,HARM_EV,MAN_COLL,RELJCT1,RELJCT2,TYP_INT,REL_ROAD,WRK_ZONE,LGT_COND,WEATHER1,WEATHER2,WEATHER,SCH_BUS,RAIL,NOT_HOUR,NOT_MIN,ARR_HOUR,ARR_MIN,HOSP_HR,HOSP_MN,CF1,CF2,CF3,FATALS,DRUNK_DR
17,170751,1,1,0,1,31,1670,26,9,2010,1,3,41,0,15,2,US-41,,0,41.80491667,-87.583491670,0,33,0,1,5,1,8,0,3,1,0,1,0,0000000,3,43,99,99,99,99,0,0,0,1,1
17,170752,1,1,1,5,31,1260,4,7,2010,1,19,55,0,16,6,166TH PLACE,,0,41.58745833,-87.526144440,0,8,0,0,1,1,1,0,1,1,0,1,0,0000000,19,55,99,99,99,99,0,0,0,1,0
17,170753,2,2,0,2,97,7560,21,8,2010,7,16,46,0,14,4,CR-28,MEADOW GREEN LANE,0,42.38163889,-88.091394440,0,12,6,0,2,3,1,0,1,1,0,1,0,0000000,16,46,99,99,99,99,0,0,0,1,1
17,170754,1,1,0,3,75,0,6,11,2010,7,10,48,0,6,4,CR-2,,0,40.85920833,-87.803383330,0,34,0,0,1,1,4,0,1,1,0,1,0,0000000,10,48,99,99,99,99,0,0,0,1,1
17,170755,2,2,0,2,119,160,15,11,2010,2,13,12,0,16,6,MILTON ROAD,MILTON DRIVE,0,38.89068889,-90.131500000,0,12,6,0,2,3,1,0,1,1,0,1,0,0000000,13,12,99,99,99,99,0,0,0,1,0
17,170756,1,1,0,1,163,2610,12,11,2010,6,6,19,0,15,6,8TH STREET,,0,38.63021389,-90.146738890,0,39,0,0,1,1,4,0,4,1,0,1,0,0000000,6,19,99,99,88,88,0,0,0,1,1
17,170757,1,1,1,1,31,2330,5,11,2010,6,18,20,0,14,6,ALGONQUIN ROAD,,19,42.03101389,-87.901363890,0,8,0,0,1,1,1,0,3,1,0,1,0,0000000,18,21,99,99,88,88,0,0,0,1,0
17,170758,1,1,0,1,201,0,26,10,2010,3,1,39,0,6,6,DICKENSON ROAD,,0,42.31248611,-89.212594440,0,35,0,0,1,1,4,0,2,1,0,1,0,0000000,1,39,99,99,99,99,0,0,0,1,1
17,170759,1,1,1,1,31,5790,30,9,2010,5,9,17,1,13,2,US-14,OAKTON STREET,604,42.02643056,-87.793775000,0,9,0,0,3,2,1,1,1,1,0,1,0,0000000,9,17,99,99,99,99,0,0,0,1,0
17,170760,1,1,0,1,31,3190,30,9,2010,5,17,49,0,14,6,GRAND AVENUE,GEORGE STREET,20,41.93018889,-87.881050000,0,5,0,0,2,3,1,0,1,1,0,1,0,0000000,17,47,99,99,99,99,0,0,0,1,0
17,170761,2,2,0,2,157,0,18,11,2010,5,6,25,0,2,3,SR-3,,791,37.87214444,-89.764533330,0,12,2,0,1,1,1,0,1,1,0,1,0,0000000,6,36,99,99,99,99,0,0,0,1,0
17,170762,1,1,1,1,119,3550,18,11,2010,5,14,58,1,13,3,SR-3,OLD CHAIN OF ROCKS,1575,38.76215556,-90.124300000,0,8,0,0,3,2,1,0,1,1,0,1,0,0000000,14,58,99,99,99,99,0,0,0,1,0
17,170763,2,2,1,3,31,0,15,8,2010,1,19,49,0,15,6,GREENWOOD ROAD,154TH STREET,0,41.61539444,-87.586694440,0,9,0,0,2,2,1,0,1,1,0,1,0,0000000,19,49,99,99,99,99,0,0,0,1,0
17,170764,1,1,1,1,163,0,18,11,2010,5,2,43,1,13,3,SR-203,,9,38.65745000,-90.135505560,0,8,0,0,1,1,1,0,2,2,0,2,0,0000000,2,43,99,99,99,99,0,0,0,1,0
17,170766,1,1,1,1,31,6380,7,8,2010,7,16,36,1,13,3,SR-50,155TH STREET,370,41.61056667,-87.736755560,0,8,0,0,3,2,1,0,1,1,0,1,0,0000000,16,36,99,99,99,99,0,0,0,1,0
17,170767,1,1,0,1,93,0,24,10,2010,1,18,44,0,4,4,CR-1,,0,41.56968056,-88.579613890,0,1,0,0,1,1,1,0,5,1,0,1,0,0000000,18,44,99,99,99,99,0,0,0,1,1
17,170768,2,2,0,4,99,0,31,10,2010,1,11,30,0,6,6,28TH ROAD,,0,41.38671944,-88.632808330,0,12,2,0,1,1,1,0,1,1,0,1,0,0000000,11,30,99,99,99,99,0,0,0,1,0
17,170769,1,1,2,1,89,6270,25,10,2010,2,2,0,0,19,6,GRANT STREET,,0,41.80475278,-88.321719440,0,8,0,0,1,1,1,0,3,1,0,1,0,0000000,2,2,99,99,99,99,0,0,0,1,1
17,170770,1,1,1,1,31,1670,6,11,2010,7,2,13,0,15,6,RACINE,,0,41.76330278,-87.654080560,0,8,0,0,1,1,1,0,3,1,0,1,0,0000000,2,15,99,99,99,99,0,0,0,1,1
17,170771,1,1,0,1,11,0,14,10,2010,5,16,20,0,4,4,CR-33,,0,41.40784444,-89.247263890,0,1,0,0,1,1,4,0,3,1,0,1,0,0000000,16,25,99,99,88,88,0,0,0,1,0
17,170772,1,1,0,1,11,0,2,10,2010,7,15,44,0,4,4,CR-8,,0,41.49199167,-89.588469440,0,32,0,0,1,1,4,0,1,1,0,1,0,0000000,15,44,99,99,99,99,0,0,0,1,1
17,170773,1,1,1,1,31,3105,17,9,2010,6,14,59,1,13,1,I-55,SR-43,204,41.80054444,-87.801788890,0,8,0,1,3,2,1,1,1,1,0,1,0,0000000,14,59,99,99,99,99,0,0,0,1,0
17,170774,1,1,2,1,103,0,9,11,2010,3,15,55,0,4,4,CR-16,,0,41.81636111,-89.528091670,0,8,0,0,1,1,1,0,1,1,0,1,0,0000000,15,55,99,99,99,99,0,0,0,2,0
17,170775,1,1,0,1,99,0,10,11,2010,4,20,15,0,6,5,2350TH RD,,0,41.27158056,-88.612075000,0,32,0,0,1,1,4,0,2,1,0,1,0,0000000,20,29,99,99,99,99,0,0,0,1,0
17,170776,2,2,0,2,55,0,15,11,2010,2,15,54,0,3,3,SR-148,,206,37.88812222,-89.061483330,0,12,2,0,1,1,1,0,1,1,0,1,0,0000000,15,54,15,99,99,99,0,0,0,1,0
17,170777,1,1,0,1,135,0,27,10,2010,4,16,56,0,4,4,CR-7,,0,39.13806667,-89.278827780,0,1,0,0,1,1,4,0,1,1,0,1,0,0000000,16,56,99,99,88,88,0,0,0,1,0
17,170778,2,2,0,5,167,0,26,11,2010,6,13,0,0,3,3,SR-29,,515,39.88074444,-89.664611110,0,12,2,0,1,1,1,0,1,1,0,1,0,0000000,13,0,99,99,99,99,0,0,0,2,0
17,170779,2,2,0,4,201,0,26,11,2010,6,16,40,0,3,3,SR-75,SR-70,178,42.41886944,-89.331394440,0,12,2,0,2,2,1,0,2,1,0,1,0,0000000,16,42,99,99,99,99,0,0,0,1,1
17,170780,1,1,0,1,107,0,27,11,2010,7,4,47,1,2,2,US-136,,1067,40.30636667,-89.552930560,0,1,0,0,1,1,4,0,2,1,0,1,0,0000000,4,47,99,99,99,99,0,0,0,1,1
17,170781,3,2,0,3,119,0,28,11,2010,1,21,53,1,1,1,I-70,,316,38.78746667,-89.683472220,0,12,7,0,1,1,1,0,2,1,0,1,0,0000000,21,53,99,99,99,99,0,0,0,1,0
17,170782,1,1,0,1,199,0,8,11,2010,2,12,34,0,4,4,CR-25,,0,37.65354722,-89.078030560,0,42,0,0,1,1,4,0,1,1,0,1,0,0000000,12,34,99,99,88,88,0,0,0,1,0
17,170783,1,1,0,1,7,0,2,11,2010,3,6,41,0,6,6,IRENE ROAD,,0,42.18857222,-88.900594440,0,1,0,0,1,1,4,0,2,1,0,1,0,0000000,6,41,99,99,99,99,0,0,0,1,0
17,170784,2,2,0,3,197,887,15,10,2010,6,15,25,0,13,3,SR-53,BEACONRIDGE DRIVE,421,41.69019722,-88.067944440,0,12,6,0,2,2,1,0,1,1,0,1,0,0000000,15,25,99,99,99,99,0,0,0,1,0
17,170785,1,1,0,1,197,5690,9,10,2010,7,0,38,0,13,3,SR-50,,241,41.42462778,-87.742294440,0,30,0,0,1,1,4,0,3,1,0,1,0,0000000,0,38,99,99,88,88,0,0,0,1,1
17,170786,2,2,0,3,31,2890,4,10,2010,2,21,41,1,13,2,US-20,CENTRAL PARK AVENUE,736,41.72065833,-87.711602780,0,12,6,0,2,2,1,0,3,1,0,1,0,0000000,21,41,99,99,99,99,0,0,0,1,0
17,170787,1,1,1,1,31,1670,13,9,2010,2,8,5,0,15,6,67TH STREET,EAST END AVENUE,0,41.77335000,-87.583825000,0,8,0,0,3,3,1,0,1,1,0,1,0,0000000,8,5,99,99,99,99,0,0,0,1,0
17,170788,2,2,0,2,31,0,21,9,2010,3,11,37,1,13,3,SR-72,,1023,42.01308333,-87.947461110,0,12,6,0,1,1,1,0,1,1,0,1,0,0000000,11,40,99,99,99,99,0,0,0,1,0
17,170789,1,1,0,2,197,0,27,11,2010,7,16,0,1,11,1,I-55,,2360,41.29380556,-88.226438890,0,30,0,0,1,1,4,0,1,1,0,1,0,0000000,16,8,99,99,99,99,0,0,0,1,0
17,170790,1,1,0,2,31,1670,21,11,2010,1,2,15,1,11,1,I-94,,618,41.73566944,-87.624550000,0,33,0,0,1,1,4,0,3,1,0,1,0,0000000,2,17,99,99,99,99,0,0,0,1,1
17,170791,1,1,0,1,111,0,27,11,2010,7,22,29,0,16,6,QUEEN ANNE ROAD,,0,42.36813889,-88.413897220,0,34,0,0,1,1,4,0,2,1,0,1,0,0000000,22,30,99,99,88,88,0,0,0,1,1
17,170792,1,1,0,1,111,0,27,11,2010,7,5,54,0,16,6,QUEEN ANNE ROAD,,0,42.39645278,-88.413938890,0,23,0,0,1,1,4,0,2,1,0,1,0,0000000,5,56,99,99,88,88,0,0,0,1,1
17,170793,1,1,0,4,177,0,25,11,2010,5,17,50,1,2,3,SR-26,,1185,42.21425556,-89.630230560,0,1,0,0,1,1,4,0,2,1,0,1,0,0000000,17,50,99,99,99,99,0,0,0,1,1
17,170794,2,2,0,2,89,8388,24,11,2010,4,12,30,0,13,2,US-30,,926,41.76544167,-88.442747220,0,12,6,1,18,1,1,0,1,1,0,1,0,0000000,12,30,99,99,99,99,0,0,0,1,0
17,170795,1,1,2,1,163,0,27,11,2010,7,3,30,0,13,3,SR-157,,41,38.54973333,-90.124100000,0,8,0,0,1,1,4,0,2,1,0,1,0,0000000,3,34,99,99,99,99,0,0,0,1,1
17,170796,2,2,0,2,163,1910,7,12,2010,3,10,5,0,13,3,SR-157,,141,38.65311111,-90.019575000,0,12,2,0,1,1,1,0,1,1,0,1,0,0000000,10,6,99,99,99,99,0,0,0,1,0
17,170797,1,1,1,1,97,6290,24,11,2010,4,6,8,0,16,4,CR-78,,0,42.33423889,-87.876552780,0,8,0,0,1,1,1,0,2,8,0,8,0,0000000,6,8,99,99,88,88,0,0,0,1,0
17,170798,1,1,1,2,77,0,20,11,2010,7,0,49,0,3,2,US-51,,604,37.80706111,-89.226205560,0,8,0,0,1,1,1,0,2,1,0,1,0,0000000,0,49,99,99,88,88,0,0,0,1,1
17,170799,1,1,0,1,197,0,5,11,2010,6,10,36,0,16,6,ROYAL COUNTY DOWN DR,,0,41.68885278,-88.212466670,0,43,0,0,1,1,4,0,1,1,0,1,0,0000000,10,36,99,99,88,88,0,0,0,1,1
17,170800,2,2,0,2,31,1730,4,11,2010,5,7,18,0,15,6,LARAMIE AVENUE,,0,41.83341944,-87.753586110,0,12,6,0,1,1,1,0,1,1,0,1,0,0000000,7,18,99,99,99,99,0,0,0,1,0
17,170801,1,1,2,2,197,887,13,11,2010,7,2,23,0,16,6,WOODCREEK DRIVE,,0,41.68842222,-88.081025000,0,41,0,0,1,1,4,0,2,1,0,1,0,0000000,2,23,99,99,99,99,0,0,0,1,1
17,170802,2,2,0,2,43,830,15,11,2010,2,7,28,0,14,4,CR-23,,0,41.94080278,-88.118977780,0,12,2,0,1,1,1,0,1,1,0,1,0,0000000,7,28,7,99,99,99,0,0,0,1,0
17,170803,1,1,0,1,41,0,4,11,2010,5,18,50,0,4,4,CR-16,,0,39.74749167,-88.378105560,0,10,0,0,6,1,1,0,2,1,0,1,0,167028E,18,52,99,99,88,88,0,0,0,1,0
17,170804,1,1,0,4,31,1670,19,11,2010,6,13,47,0,14,6,111TH STREET,,13,41.69243889,-87.636888890,0,33,0,0,1,1,4,0,1,1,0,1,0,0000000,13,51,99,99,99,99,0,0,0,2,1
17,170805,1,1,1,1,183,2220,29,11,2010,2,17,43,0,13,2,US-136,STATE STREET,2227,40.13171667,-87.594694440,0,8,0,0,3,3,1,0,3,2,0,2,0,0000000,17,43,99,99,88,88,0,0,0,1,0
17,170806,1,1,0,1,83,0,4,12,2010,7,18,20,0,2,3,SR-16,,115,39.11264722,-90.460825000,0,24,0,0,1,1,4,0,2,1,0,1,0,0000000,18,20,99,99,88,88,0,0,0,1,1
17,170807,3,3,0,4,119,160,21,11,2010,1,13,45,0,13,6,ALBY STREET,BIG ARCH ROAD,0,38.92696944,-90.178297220,0,12,1,0,3,3,1,0,1,1,0,1,0,0000000,13,45,99,99,99,99,0,0,0,1,1
17,170808,2,2,0,2,31,2719,27,11,2010,7,12,10,0,14,6,ELMHURST ROAD,GREENLEAF AVENUE,7,42.00434444,-87.940213890,0,12,6,0,2,2,1,0,1,1,0,1,0,0000000,12,11,99,99,99,99,0,0,0,1,0
17,170809,2,2,0,3,31,0,2,12,2010,5,21,9,1,11,1,I-90,,692,42.05439167,-88.014147220,0,12,1,0,1,1,1,0,3,1,0,1,0,0000000,21,9,99,99,99,99,0,0,0,1,0
17,170810,2,2,0,2,11,7140,4,12,2010,7,9,26,1,13,3,SR-26,,575,41.41760556,-89.468611110,0,12,6,0,1,1,1,0,1,4,0,4,0,0000000,9,27,99,99,99,99,0,0,0,1,0
17,170811,3,3,0,6,163,0,10,12,2010,6,23,39,0,14,6,SAINT CLAIR AVENUE,,25,38.60664167,-90.075005560,0,12,6,0,1,1,1,0,2,1,0,1,0,0000000,23,39,99,99,99,99,14,0,0,1,2
17,170812,1,1,0,1,19,0,13,12,2010,2,10,14,0,4,4,CR-11,,0,40.22423889,-88.252477780,0,1,0,0,1,1,4,0,1,1,0,1,0,0000000,10,14,99,99,99,99,0,0,0,1,1
17,170813,1,1,0,1,201,7460,10,11,2010,4,1,3,0,14,6,MONTAGUE,MICHIGAN,0,42.25201111,-89.129380560,0,30,0,0,3,3,4,0,3,1,0,1,0,0000000,1,3,1,99,88,88,0,0,0,1,1
17,170814,2,2,0,3,145,0,22,11,2010,2,12,38,0,4,4,CR-4,PYATT-CUTLER RD,0,37.99870000,-89.566188890,0,12,6,0,2,2,1,0,1,1,0,1,0,0000000,12,38,99,99,99,99,0,0,0,2,1
17,170815,2,2,0,2,43,20,30,11,2010,3,6,40,0,16,4,CR-22,MICHAEL LN,0,41.93781944,-87.988697220,0,12,6,0,2,3,1,0,4,1,0,1,0,0000000,6,42,6,99,99,99,0,0,0,1,1
17,170816,1,1,0,5,31,5280,22,10,2010,6,16,34,0,16,6,TURNER AVENUE,,0,41.58734167,-87.698202780,0,31,0,0,1,1,4,0,1,1,0,1,0,0000000,16,34,99,99,99,99,0,0,0,1,0
17,170817,1,1,0,1,95,3260,8,11,2010,2,22,46,1,12,2,US-34,,433,40.95869722,-90.402858330,0,1,0,0,1,1,3,0,2,1,0,1,0,0000000,22,46,99,99,88,88,0,0,0,1,0
17,170818,2,2,0,3,31,1670,26,11,2010,6,23,5,0,14,6,PULASKI ROAD,ADDISON STREET,305,41.94638056,-87.727397220,0,12,6,0,2,2,1,0,3,1,0,1,0,0000000,99,99,99,99,99,99,0,0,0,2,1
17,170819,2,2,0,3,35,0,30,11,2010,3,16,55,1,1,1,I-70,,1314,39.30190278,-88.023752780,0,18,0,0,1,1,3,0,2,1,0,1,0,0000000,16,57,99,99,99,99,14,0,0,1,0
17,170820,1,1,0,1,163,0,5,12,2010,1,8,58,0,6,6,TOWN HALL ROAD,,0,38.52798611,-90.088325000,0,35,0,0,1,1,4,0,2,99,0,99,0,0000000,8,58,99,99,88,88,0,0,0,1,1
17,170821,2,2,0,2,15,0,7,11,2010,1,1,46,0,4,4,CR-10,,0,42.13921944,-90.037836110,0,12,2,0,1,1,1,0,2,1,0,1,0,0000000,1,46,99,99,99,99,0,0,0,1,2
17,170822,1,1,0,3,117,0,21,11,2010,1,23,2,0,4,4,CR-58,,0,39.47940556,-89.747902780,0,34,0,0,1,1,4,0,2,1,0,1,0,0000000,23,2,99,99,99,99,0,0,0,1,1
17,170823,1,1,0,1,117,0,27,11,2010,7,19,50,0,6,6,BOUNDS ROAD,,0,39.15661111,-90.073102780,0,18,0,0,1,1,4,0,2,1,0,1,0,0000000,19,56,99,99,99,99,0,0,0,1,1
17,170824,2,2,0,2,47,50,17,11,2010,4,10,0,0,3,3,SR-15,,1269,38.37763889,-88.058105560,0,12,6,0,8,1,4,0,1,1,0,1,0,0000000,10,0,99,99,99,99,0,0,0,1,0
17,170825,2,2,0,2,97,0,9,12,2010,5,16,39,0,14,3,SR-131,,115,42.44345000,-87.876130560,0,12,6,0,1,1,1,0,2,3,0,3,0,0000000,16,39,99,99,99,99,0,0,0,1,0
17,170826,1,1,0,1,81,0,12,12,2010,1,7,56,1,1,1,I-57,,926,38.28683889,-88.940602780,0,51,0,0,1,1,3,0,1,3,0,3,0,0000000,7,56,99,99,88,88,0,0,0,1,0
17,170827,1,1,1,1,163,2610,12,12,2010,1,1,22,0,16,6,26TH STREET,CLEVELAND AVENUE,0,38.60743611,-90.131947220,0,8,0,0,3,7,1,0,3,4,0,4,0,0000000,1,22,99,99,88,88,0,0,0,1,0
17,170828,3,3,0,6,143,6850,15,12,2010,4,12,30,1,11,1,I-74,STERLING AVENUE,0,40.73770556,-89.631830560,0,12,7,1,2,2,1,0,1,1,0,1,0,0000000,12,31,99,99,99,99,0,0,0,1,0
17,170829,3,3,0,3,167,0,6,11,2010,7,22,50,0,4,2,US-36,,60,39.85270000,-89.497122220,0,12,2,0,1,1,1,0,2,1,0,1,0,0000000,22,50,99,99,99,99,0,0,0,1,0
17,170830,1,1,1,1,31,0,7,11,2010,1,3,0,0,13,6,ROSELLE ROAD,,0,41.99916111,-88.080172220,0,8,0,0,1,1,1,0,2,1,0,1,0,0000000,3,0,99,99,99,99,0,0,0,1,0
17,170831,1,1,0,1,139,0,21,11,2010,1,18,7,0,3,3,SR-32,,457,39.71933889,-88.651783330,0,34,0,0,1,1,4,0,2,1,0,1,0,0000000,18,7,99,99,99,99,0,0,0,1,1
17,170832,1,1,1,1,37,0,1,12,2010,4,18,14,0,14,5,PEACE RD,FREED RD,0,42.00575833,-88.707733330,0,8,0,0,3,2,1,0,2,1,0,1,0,0000000,18,14,18,99,99,99,0,0,0,1,0
17,170833,1,1,0,3,31,1670,4,12,2010,7,5,20,1,14,6,ASHLAND,,0,41.82345278,-87.665341670,0,33,0,0,1,1,4,0,3,4,0,4,0,0000000,5,33,5,99,99,99,0,0,0,1,1
17,170834,1,1,0,1,31,1670,4,12,2010,7,6,21,0,14,6,LAKE ST,KOSTNER AVE,0,41.88593056,-87.735616670,0,21,0,0,2,2,1,0,3,4,0,4,0,0000000,6,21,6,99,99,99,0,0,0,1,1
17,170835,1,1,0,2,143,0,27,10,2010,4,20,20,1,11,1,I-474,,50,40.67564722,-89.673136110,0,24,0,0,1,1,3,0,2,1,0,1,0,0000000,20,0,20,99,99,99,0,0,0,1,0
17,170836,1,1,0,3,11,0,16,12,2010,5,11,49,1,1,1,I-80,,610,41.40010278,-89.384900000,0,1,0,0,1,1,4,0,1,4,3,4,0,0000000,11,49,99,99,99,99,0,0,0,1,0
17,170837,1,1,0,1,81,0,20,11,2010,7,1,0,0,6,6,BOYD ROAD,,0,38.38666111,-89.008461110,0,1,0,0,1,1,4,0,2,1,0,1,0,0000000,1,6,99,99,99,99,0,0,0,1,1
17,170838,1,1,1,1,31,6180,12,12,2010,1,18,9,1,13,3,SR-21,OAK AVENUE,20,42.04232500,-87.828255560,0,8,0,0,3,1,1,0,3,4,0,4,0,0000000,18,9,99,99,99,99,0,0,0,1,0
17,170839,1,1,0,3,143,0,4,12,2010,7,16,21,0,14,4,CR-R51,,0,40.68923056,-89.653158330,0,35,0,0,1,1,4,0,1,4,0,4,0,0000000,16,21,16,99,99,99,0,0,0,1,0
17,170840,3,3,0,4,143,0,7,12,2010,3,17,3,0,3,3,SR-40,,184,40.92658056,-89.629597220,0,12,2,0,1,1,1,0,2,1,0,1,0,0000000,17,3,17,99,99,99,0,0,0,1,0
17,170841,1,1,0,4,167,0,25,12,2010,7,9,46,0,4,5,DIVERNON,,0,39.56730833,-89.689097220,0,34,0,0,1,1,4,0,1,1,0,1,0,0000000,9,46,9,99,99,99,0,0,0,1,0
17,170842,3,3,0,3,11,0,16,12,2010,5,4,53,1,1,1,I-80,,459,41.39073889,-89.664472220,0,12,2,0,1,1,1,0,2,4,0,4,0,0000000,4,53,99,99,99,99,0,0,0,1,0
17,170843,3,3,0,5,163,0,23,12,2010,5,17,19,1,11,1,I-55,,116,38.62121111,-90.165622220,0,12,1,0,1,1,1,0,2,1,0,1,0,0000000,17,19,99,99,88,88,0,0,0,1,0
17,170844,2,2,0,2,189,0,15,12,2010,4,20,42,1,1,1,I-64,,577,38.38990833,-89.229391670,0,12,6,0,1,1,1,0,2,3,0,3,0,0000000,20,42,99,99,88,88,0,0,0,1,0
17,170845,1,1,0,1,99,0,24,12,2010,6,11,47,1,1,1,I-80,,783,41.36830556,-89.064413890,0,1,0,1,18,1,8,0,1,4,0,4,0,0000000,11,47,99,99,99,99,0,0,0,1,0
17,170846,4,4,0,14,49,0,15,12,2010,4,22,0,1,1,1,I-57,,1430,38.91773333,-88.684022220,0,12,6,0,1,1,1,0,2,2,0,2,0,0000000,22,0,99,99,99,99,14,0,0,2,0
17,170847,2,2,0,6,49,0,24,12,2010,6,19,22,0,4,3,SR-37,,1513,38.99556111,-88.578869440,0,12,2,0,1,1,1,0,2,4,0,4,0,0000000,19,22,99,99,99,99,0,0,0,2,1
17,170848,1,1,1,1,29,0,12,12,2010,1,16,5,1,1,1,I-57,,1931,39.53475278,-88.313461110,0,8,0,0,1,1,4,0,1,4,0,4,0,0000000,16,5,99,99,99,99,19,0,0,1,0
17,170849,2,2,0,2,113,0,24,12,2010,6,14,50,1,1,1,I-55,,1520,40.39367500,-89.076525000,0,12,6,0,1,1,1,0,1,4,0,4,0,0000000,14,50,99,99,99,99,0,0,0,1,0
17,170850,1,1,0,3,29,0,29,12,2010,4,20,9,0,6,4,CR-550 N,,0,39.45547222,-88.269997220,0,42,0,0,1,1,4,0,2,2,0,2,0,0000000,20,9,99,99,99,99,0,0,0,1,0
17,170851,2,2,0,4,55,0,24,12,2010,6,10,0,0,3,3,SR-14,URBAIN ROAD,109,37.97946944,-89.034961110,0,12,2,0,2,2,1,0,1,4,0,4,0,0000000,10,0,99,99,99,99,0,0,0,1,0
17,170852,1,1,0,3,31,1670,26,12,2010,1,1,50,0,15,6,HARRISON STREET,,0,41.87421111,-87.667616670,0,33,0,0,1,1,4,0,3,1,0,1,0,0000000,2,0,99,99,99,99,0,0,0,1,1
17,170853,1,1,1,1,31,1670,27,12,2010,2,8,0,0,14,2,US-41,,21,41.72835000,-87.542830560,0,8,0,0,1,1,1,0,1,1,0,1,0,0000000,8,30,99,99,99,99,19,0,0,1,0
17,170854,2,2,0,3,191,0,27,12,2010,2,17,15,0,4,4,CR-25,,0,38.60373333,-88.489058330,0,12,2,0,1,1,1,0,2,1,0,1,0,0000000,17,20,99,99,99,99,0,0,0,1,0
17,170855,2,2,0,2,97,0,28,12,2010,3,19,21,1,13,2,US-41,SR-173,616,42.46540833,-87.946419440,0,12,6,0,2,2,1,0,2,1,0,1,0,0000000,19,21,99,99,99,99,0,0,0,1,0
17,170856,1,1,0,1,43,2440,4,5,2010,3,9,42,0,16,6,AUTHORITY DRIVE,,0,41.80535278,-88.049877780,0,33,0,0,1,1,4,0,1,1,0,1,0,0000000,9,42,99,99,99,99,0,0,0,1,0
17,170857,2,2,0,3,89,0,10,9,2010,6,14,37,1,13,3,SR-47,PLATO RD,1352,42.01937500,-88.464075000,0,12,6,0,2,2,1,0,1,1,0,1,0,0000000,14,37,99,99,99,99,0,0,0,1,0
17,170858,1,1,1,1,89,2690,13,11,2010,7,18,9,0,14,6,DUNDEE AVENUE,,0,42.04367222,-88.278236110,0,8,0,0,1,1,1,0,3,1,0,1,0,0000000,18,9,99,99,99,99,0,0,0,1,0
17,170859,1,1,0,1,141,0,16,11,2010,3,23,42,0,4,4,CR-5,,0,42.00166111,-89.317763890,0,34,0,0,1,1,4,0,2,1,0,1,0,0000000,23,42,99,99,88,88,0,0,0,1,1
17,170860,2,2,0,3,141,0,21,11,2010,1,14,15,0,2,3,SR-2,,336,42.07876389,-89.330263890,0,12,6,0,1,1,1,0,1,1,0,1,0,0000000,14,15,99,99,99,99,0,0,0,1,1
17,170861,2,2,0,7,97,9997,13,12,2010,2,9,22,1,13,2,US-45,ROLLINS RD,4172,42.38246667,-88.004233330,0,12,6,0,2,2,1,0,1,1,0,1,0,0000000,9,22,99,99,99,99,0,0,0,1,0
17,170862,2,2,0,6,75,0,23,12,2010,5,14,52,0,4,2,US-52,,2047,40.89165556,-87.617325000,0,12,8,0,1,1,1,0,1,1,0,1,0,0000000,14,52,99,99,99,99,0,0,0,1,1
17,170863,3,3,0,3,143,1700,21,11,2010,1,12,18,1,13,3,SR-29,CLOVERDALE ROAD,0,40.90766944,-89.492530560,0,12,6,0,2,2,1,0,1,2,0,2,0,0000000,12,18,99,99,99,99,0,0,0,1,0
17,170864,1,1,0,2,99,0,5,12,2010,1,1,42,0,4,4,CR-6,,0,41.23836944,-88.655433330,0,30,0,0,1,1,4,0,2,4,0,4,0,0000000,1,42,99,99,88,88,0,0,0,1,1
17,170865,1,1,0,2,33,0,17,12,2010,6,6,20,0,6,5,850E,,0,38.97248889,-87.786125000,0,34,0,0,1,1,4,0,4,1,0,1,0,0000000,6,23,99,99,99,99,0,0,0,1,0
17,170866,2,2,0,3,123,0,24,12,2010,6,12,54,1,2,3,SR-29,,1395,40.98393056,-89.449652780,0,12,2,0,1,1,1,0,1,4,0,4,0,0000000,12,54,99,99,99,99,0,0,0,1,0
17,170868,1,1,0,1,97,9100,12,10,2010,3,17,40,0,14,3,SR-131,DUGGALD,67,42.37316667,-87.882486110,0,1,0,0,2,3,1,0,1,1,0,1,0,0000000,17,43,99,99,99,99,0,0,0,1,0
17,170869,1,1,0,1,203,2860,4,11,2010,5,9,30,1,2,2,US-24,,1459,40.71941944,-89.308247220,0,19,0,0,1,1,5,0,1,1,0,1,0,0000000,9,30,99,99,99,99,0,0,0,1,0
17,170870,2,1,0,2,113,840,5,11,2010,6,23,10,0,14,6,MARKET,,0,40.48220000,-89.002361110,0,14,0,0,1,1,7,0,3,1,0,1,0,0000000,23,10,99,99,99,99,0,0,0,1,1
17,170871,2,2,0,3,43,0,13,11,2010,7,21,0,0,15,5,GARYS MILL,,0,41.86061389,-88.167863890,0,12,10,0,1,1,1,0,2,1,0,1,0,0000000,21,0,99,99,99,99,0,0,0,1,0
17,170872,1,1,1,1,97,9090,14,11,2010,1,4,8,1,13,3,SR-176,,269,42.26276389,-88.122663890,0,8,0,0,1,1,1,0,2,1,0,1,0,0000000,4,8,99,99,88,88,0,0,0,1,0
17,170873,2,2,0,3,113,0,4,12,2010,7,10,50,0,4,4,CR-21,,0,40.41450833,-88.764597220,0,12,2,0,1,1,1,0,1,4,0,4,0,0000000,10,50,99,99,99,99,0,0,0,2,0