STATE,ST_CASE,VE_TOTAL,VE_FORMS,PEDS,PERSONS,COUNTY,CITY,DAY,MONTH,YEAR,DAY_WEEK,HOUR,MINUTE,NHS,ROAD_FNC,ROUTE,TWAY_ID,TWAY_ID2,MILEPT,LATITUDE,LONGITUD,SP_JUR,HARM_EV,MAN_COLL,RELJCT1,RELJCT2,TYP_INT,REL_ROAD,WRK_ZONE,LGT_COND,WEATHER1,WEATHER2,WEATHER,SCH_BUS,RAIL,NOT_HOUR,NOT_MIN,ARR_HOUR,ARR_MIN,HOSP_HR,HOSP_MN,CF1,CF2,CF3,FATALS,DRUNK_DR
17,170874,1,1,0,1,97,9090,5,12,2010,1,3,21,1,13,2,US-12,,189,42.29302500,-88.160052780,0,34,0,0,1,1,4,0,2,1,0,1,0,0000000,3,21,99,99,99,99,0,0,0,1,1
17,170875,3,3,0,6,3,0,20,12,2010,2,18,0,0,3,3,SR-3,,217,37.23487222,-89.456991670,0,12,8,0,1,1,1,0,2,1,0,1,0,0000000,18,17,99,99,99,99,0,0,0,3,0
17,170876,1,1,0,1,165,0,9,7,2010,6,22,12,0,6,5,GREENHILL,,0,37.84207778,-88.466438890,0,11,0,0,1,1,1,0,2,1,0,1,0,0000000,22,12,99,99,99,99,0,0,0,1,1
17,170877,1,1,1,1,89,2690,22,11,2010,2,19,24,0,14,6,MCLEAN BOULEVARD,,26,42.01363333,-88.314652780,0,8,0,0,1,1,1,0,2,1,0,1,0,0000000,19,24,99,99,99,99,0,0,0,1,0
17,170878,1,1,1,1,31,6690,3,12,2010,6,16,57,0,16,6,ST MORITZ DRIVE,,0,41.67581389,-87.817427780,0,8,0,0,1,1,1,0,2,1,0,1,0,0000000,16,58,99,99,99,99,0,0,0,1,0
17,170880,1,1,0,1,43,0,28,12,2010,3,12,11,0,16,6,BARRETT,,0,41.77275278,-88.015016670,0,42,0,0,1,1,4,0,1,1,0,1,0,0000000,12,11,99,99,99,99,0,0,0,1,0
17,170881,2,2,0,2,97,3580,11,10,2010,2,18,43,0,13,3,SR-83,,781,42.30625833,-88.028997220,0,12,2,0,1,1,1,0,2,1,0,1,0,0000000,18,43,99,99,99,99,0,0,0,1,1
17,170882,2,2,0,2,179,2600,20,10,2010,4,10,19,1,11,1,I-74,,95,40.67036944,-89.573633330,0,12,1,0,1,1,1,1,1,1,0,1,0,0000000,10,19,10,22,99,99,0,0,0,1,0
17,170883,2,2,0,3,31,1670,15,11,2010,2,1,55,0,15,6,DIVISION STREET,,0,41.90215000,-87.764027780,0,12,6,0,8,1,1,0,3,1,0,1,0,0000000,1,56,99,99,99,99,0,0,0,1,0
17,170884,2,2,0,2,179,6840,6,11,2010,7,19,20,0,14,6,BROADWAY ROAD,10TH STREET,0,40.56771389,-89.637675000,0,12,1,0,2,2,1,0,3,1,0,1,0,0000000,19,20,99,99,99,99,0,0,0,1,1
17,170885,2,2,0,3,31,1670,30,10,2010,7,18,4,1,13,3,SR-19,,199,41.95164167,-87.906775000,0,12,2,0,4,1,1,0,2,1,0,1,0,0000000,18,10,99,99,99,99,0,0,0,1,0
17,170886,1,1,1,1,97,0,23,10,2010,7,20,25,1,13,3,SR-21,,226,42.31666944,-87.962297220,0,8,0,0,1,1,1,0,2,2,0,2,0,0000000,20,25,99,99,99,99,0,0,0,1,0
17,170887,2,2,0,2,31,1670,8,11,2010,2,11,50,1,15,6,DAMEN,,0,41.84850278,-87.675738890,0,44,0,0,1,1,1,0,1,1,0,1,0,0000000,11,58,99,99,99,99,14,0,0,1,0
17,170888,1,1,0,2,31,1670,26,9,2010,1,2,21,0,16,6,ESCANABA AVENUE,,0,41.72345278,-87.553858330,0,21,0,0,1,1,3,0,3,2,0,2,0,0000000,2,20,99,99,99,99,0,0,0,1,0
17,170889,2,2,0,3,141,0,11,12,2010,7,14,33,1,2,3,SR-26,,1164,42.18407778,-89.629266670,0,12,6,0,1,1,1,0,1,4,0,4,0,0000000,14,33,99,99,99,99,0,0,0,1,0
17,170890,1,1,1,1,31,1670,20,12,2010,2,14,25,0,16,6,RIDGEWAY AVENUE,THOMAS STREET,0,41.90088889,-87.720138890,0,33,0,0,2,2,4,0,1,1,0,1,0,0000000,14,26,99,99,99,99,0,0,0,1,0
17,170891,1,1,0,2,31,8620,22,12,2010,4,1,29,0,15,6,OAK PARK AVENUE,,6,41.54711667,-87.783388890,0,43,0,0,1,1,4,0,2,1,0,1,0,0000000,1,29,99,99,99,99,0,0,0,1,1
17,170892,1,1,0,2,31,1670,30,12,2010,5,18,40,0,16,6,97TH STREET,,0,41.71796111,-87.633416670,0,10,0,0,6,1,1,0,3,2,0,2,0,867232L,18,40,99,99,99,99,0,0,0,1,1
17,170893,2,2,0,4,103,0,15,11,2010,2,6,30,1,1,1,I-39,,934,41.84072500,-89.009861110,0,12,7,0,1,1,1,0,4,1,0,1,0,0000000,6,31,99,99,99,99,0,0,0,1,0
17,170894,2,2,0,3,39,0,16,8,2010,2,7,49,0,6,4,CR-16,IMPERIAL ROAD,0,40.26800000,-88.861550000,0,12,6,0,2,2,1,0,1,1,0,1,0,0000000,7,50,99,99,99,99,0,0,0,1,0
17,170895,2,2,0,3,31,7813,3,12,2010,6,20,31,0,15,6,WOODFIELD ROAD,WEST FRONTAGE ROAD,4,42.04299167,-88.031411110,0,12,6,0,2,2,1,0,3,1,0,1,0,0000000,20,31,99,99,99,99,0,0,0,1,1
17,170896,2,2,0,4,111,4286,25,12,2010,7,21,9,0,14,6,JOHNSBURG ROAD,,0,42.37911111,-88.255083330,0,12,2,0,1,1,1,0,3,4,0,4,0,0000000,21,9,99,99,99,99,0,0,0,1,0
17,170897,2,2,0,2,97,9100,23,12,2010,5,2,4,0,14,6,BELVIDERE STREET,GREEN BAY ROAD,347,42.34930000,-87.874177780,0,12,6,0,2,2,1,0,3,1,0,1,0,0000000,2,4,99,99,99,99,0,0,0,1,2
17,170898,2,2,0,4,121,0,9,5,2010,1,0,14,0,6,6,MCNICOL ROAD,,0,38.73860278,-89.013730560,0,12,1,0,1,1,1,0,2,1,0,1,0,0000000,0,14,99,99,99,99,0,0,0,1,1
17,170899,1,1,0,1,31,5870,3,12,2010,6,7,48,1,13,3,SR-83,,595,42.07701944,-87.936811110,0,42,0,0,1,1,4,0,1,1,0,1,0,0000000,7,49,99,99,99,99,0,0,0,1,0
17,170900,2,2,0,2,31,3790,14,12,2010,3,17,42,1,13,3,SR-83,LOOMIS,134,41.62259722,-87.651141670,0,12,6,0,2,2,1,0,3,1,0,1,1,0000000,17,42,99,99,99,99,0,0,0,1,0
17,170901,1,1,1,1,43,460,12,12,2010,1,4,30,1,13,3,SR-56,,128,41.81907778,-88.236958330,0,8,0,0,1,1,2,0,2,4,0,4,0,0000000,4,28,99,99,99,99,0,0,0,1,0
17,170902,2,2,0,2,29,1590,21,12,2010,3,13,55,0,13,3,SR-16,CR-28,1421,39.48445000,-88.266500000,0,12,6,0,2,2,1,0,1,1,0,1,0,0000000,13,57,99,99,99,99,0,0,0,1,0
17,170903,2,2,0,2,97,9100,13,12,2010,2,16,20,0,14,3,SR-131,WESTWAUKEE ROAD,58,42.36180000,-87.875758330,0,12,6,0,2,3,1,0,5,1,0,1,0,0000000,16,20,99,99,99,99,0,0,0,1,2
17,170904,1,1,0,1,63,5750,14,7,2010,4,11,32,0,16,6,BENTON STREET,PRICE STREET,0,41.36299444,-88.416875000,0,1,0,0,2,2,1,0,1,1,0,1,0,0000000,11,32,99,99,99,99,0,0,0,1,0
17,170905,2,2,0,2,43,0,1,12,2010,4,12,27,0,15,4,CR-2,,0,41.76901111,-88.051583330,0,12,2,0,1,1,1,0,1,1,0,1,0,0000000,12,27,99,99,99,99,0,0,0,1,0
17,170906,1,1,1,2,31,1670,8,10,2010,6,18,55,0,13,6,MICHIGAN AVENUE,WATER STREET,12,41.88681944,-87.624530560,0,8,0,0,3,2,1,0,3,1,0,1,0,0000000,18,55,99,99,99,99,0,0,0,1,0
17,170907,1,1,1,1,31,1670,19,3,2010,6,19,24,1,13,2,US-14,PETERSON STREET,671,41.99050000,-87.689672220,0,8,0,0,3,2,1,0,3,1,0,1,0,0000000,19,25,99,99,99,99,0,0,0,1,0
17,170908,1,1,0,2,25,0,26,11,2010,6,5,30,0,2,2,US-45,,1545,38.87113056,-88.518944440,0,6,0,0,1,1,1,0,2,1,0,1,0,0000000,88,88,88,88,88,88,0,0,0,1,0
17,170909,3,3,0,4,31,5044,28,5,2010,6,14,40,0,14,6,JOE ORR,LOVE DR,0,41.52091944,-87.568650000,0,12,1,0,2,3,1,0,1,1,0,1,0,0000000,14,40,99,99,99,99,0,0,0,1,0
17,170910,1,1,0,1,43,2225,3,2,2010,4,18,57,1,11,1,I-55,,2709,41.71667778,-88.007322220,0,25,0,0,1,1,3,0,3,1,0,1,0,0000000,18,57,99,99,99,99,0,0,0,1,0
17,170911,2,2,0,2,103,0,8,7,2010,5,11,25,1,13,3,SR-26,WALTON DR,862,41.82591111,-89.475150000,0,12,6,0,2,2,1,0,1,1,0,1,0,0000000,11,25,99,99,99,99,0,0,0,1,0
17,170912,1,1,0,1,51,8800,23,12,2010,5,13,12,0,15,6,5TH ST,,0,38.96155278,-89.096094440,0,10,0,0,6,1,1,0,1,1,0,1,0,546494G,13,12,99,99,99,99,0,0,0,1,0
18,180001,1,1,0,2,97,2210,1,1,2010,6,4,9,1,11,1,I-65,,1018,39.64298333,-86.074383330,0,24,0,0,1,1,3,0,2,1,0,1,0,0000000,4,9,4,16,99,99,0,0,0,1,0
18,180002,1,1,0,2,105,380,5,1,2010,3,21,54,0,16,4,OLD HWY 37,,0,39.25013611,-86.501241670,0,31,0,0,1,1,4,0,2,1,0,1,0,0000000,21,54,21,55,99,99,0,0,0,1,0
18,180003,2,2,0,2,41,1000,5,1,2010,3,5,45,0,4,3,SR-44,,0,39.63243056,-85.215841670,0,12,1,0,1,1,1,0,2,4,0,4,0,0000000,5,45,5,58,99,99,0,0,0,1,0
18,180004,2,2,0,2,141,3100,9,1,2010,7,21,19,0,6,4,BYRKIT ST,,0,41.68012500,-86.157736110,0,12,2,0,1,1,1,0,3,10,0,10,0,0000000,21,19,21,19,99,99,20,0,0,1,1
18,180005,2,2,0,3,151,1680,8,1,2010,6,11,20,0,16,4,CR-50,,0,41.72133056,-84.998625000,0,12,2,0,1,1,1,0,1,1,0,1,0,0000000,11,24,11,34,99,99,0,0,0,1,0
18,180006,2,2,1,4,71,1090,9,1,2010,7,7,10,1,1,1,I-65,,352,38.76566111,-85.831011110,0,8,0,0,1,1,1,0,3,4,0,4,0,0000000,7,16,7,32,99,99,23,0,0,1,0
18,180007,2,2,0,2,47,550,7,1,2010,5,11,15,0,3,2,US-52,,0,39.39438611,-84.991736110,0,12,6,0,1,1,1,0,1,11,0,11,0,0000000,11,21,11,29,99,99,0,0,0,1,0
18,180008,2,2,0,4,149,3620,8,1,2010,6,7,23,0,4,3,SR-39,,0,41.25555000,-86.737833330,0,12,6,0,1,1,1,0,1,1,0,1,0,0000000,7,23,7,35,99,99,0,0,0,1,0
18,180009,3,3,0,5,117,3780,11,1,2010,2,19,21,0,4,3,SR-37,,0,38.68520833,-86.454505560,0,54,11,0,1,1,1,0,2,10,0,10,0,0000000,19,21,19,24,99,99,14,0,0,3,0
18,180010,1,1,0,1,127,4025,7,1,2010,5,0,49,1,1,1,I-80,,241,41.57203333,-87.133447220,0,43,0,0,1,1,1,0,3,1,0,1,0,0000000,1,9,1,12,88,88,0,0,0,1,0
18,180011,1,1,0,1,91,5085,12,1,2010,3,20,23,0,16,4,BAILEY RD,CR-900,0,41.42533611,-86.871727780,0,24,0,0,3,3,4,0,2,1,0,1,0,0000000,20,24,20,24,88,88,0,0,0,1,1
18,180012,1,1,0,1,51,4060,8,1,2010,6,9,54,0,3,2,US-41,,0,38.28269444,-87.567516670,0,34,0,0,1,1,4,0,1,11,0,11,0,0000000,9,54,10,10,88,88,0,0,0,1,0
18,180013,1,1,0,2,53,2850,13,1,2010,4,23,48,0,4,3,SR-18,,0,40.55254722,-85.477238890,0,30,0,0,1,1,4,0,2,1,0,1,0,0000000,23,48,23,53,99,99,0,0,0,1,1
18,180014,2,2,0,13,15,1200,7,1,2010,5,7,33,0,3,2,US-421,,0,40.55998333,-86.653375000,0,12,6,0,1,1,1,0,2,11,0,11,1,0000000,7,33,7,45,99,99,0,0,0,1,0
18,180015,3,3,0,3,127,4960,12,1,2010,3,19,53,0,3,2,US-30,,0,41.44473611,-86.995561110,0,12,6,0,1,1,1,0,2,10,0,10,0,0000000,19,57,19,58,88,88,0,0,0,1,0
18,180016,1,1,0,2,125,4985,11,1,2010,2,19,30,0,4,3,SR-64,,0,38.30529444,-87.093430560,0,35,0,0,1,1,6,0,2,4,0,4,0,0000000,12,19,12,36,88,88,18,0,0,2,1
18,180017,2,2,0,3,39,1830,15,1,2010,6,12,46,0,16,4,CR-37,CR-38,0,41.55230278,-85.712800000,0,12,6,0,2,2,1,0,1,10,0,10,0,0000000,12,51,13,12,88,88,0,0,0,2,0
18,180018,1,1,1,1,127,4025,15,1,2010,6,5,47,0,6,4,JENSEN DR,,0,41.60681111,-87.108686110,0,8,0,0,1,1,1,0,3,2,0,2,0,0000000,5,49,5,54,99,99,0,0,0,1,0
18,180019,1,1,1,1,89,2010,17,1,2010,1,2,58,0,6,4,COLUMBIA AVE,,0,41.60591389,-87.500161110,0,8,0,0,1,1,1,0,3,1,0,1,0,0000000,2,59,3,4,88,88,0,0,0,1,1
18,180020,1,1,0,1,97,2210,10,1,2010,1,4,8,0,16,4,SOUTHEASTERN AVE,,0,39.73201111,-86.057969440,0,30,0,0,1,1,4,0,3,1,0,1,0,0000000,4,10,4,21,99,99,0,0,0,1,0
18,180021,2,2,0,2,147,830,21,1,2010,5,6,29,0,3,2,US-231,,0,38.03886389,-87.036438890,0,12,1,0,6,1,1,0,2,2,0,2,1,9999999,6,29,6,34,99,99,0,0,0,1,0
18,180022,1,1,0,3,167,4141,17,1,2010,1,2,40,0,15,3,SR-46,,0,39.39023889,-87.302127780,0,24,0,0,1,1,4,0,2,5,0,5,0,0000000,2,47,2,59,99,99,0,0,0,1,1
18,180023,1,1,2,1,175,4340,16,1,2010,7,9,0,0,4,3,SR-160,,0,38.56803333,-85.866008330,0,49,0,0,1,1,1,0,1,5,10,5,0,0000000,9,4,9,22,88,88,0,0,0,2,0
18,180024,1,1,1,1,97,2210,20,1,2010,4,0,6,0,6,4,EMERSON AVE,,0,39.68014167,-86.082730560,0,8,0,0,1,1,1,0,3,1,0,1,0,0000000,0,6,0,6,99,99,19,0,0,1,0
18,180025,1,1,0,1,179,4930,21,1,2010,5,0,6,0,3,2,US-224,,0,40.82968889,-85.283561110,0,34,0,0,1,1,6,0,2,3,0,3,0,0000000,0,6,0,19,88,88,0,0,0,1,0
18,180026,2,2,0,3,167,4840,24,1,2010,1,11,26,0,4,3,SR-63,,0,39.34425556,-87.497863890,0,12,6,0,1,1,1,0,1,10,0,10,0,0000000,11,29,11,37,99,99,0,0,0,1,0
18,180027,1,1,1,1,127,4025,24,1,2010,1,0,27,0,6,4,HAMTROM RD,,0,41.58026944,-87.168661110,0,8,0,0,1,1,1,0,2,1,0,1,0,0000000,0,27,0,30,99,99,0,0,0,1,0
18,180028,1,1,1,3,81,1950,25,1,2010,2,19,15,0,14,2,US-31,,0,39.60638889,-86.108811110,0,8,0,0,1,1,1,0,3,10,0,10,0,0000000,19,15,19,16,99,99,0,0,0,1,0
18,180029,1,1,1,1,157,2480,25,1,2010,2,21,5,1,1,1,I-65,,1730,40.42913056,-86.830594440,0,8,0,0,1,1,1,0,2,11,0,11,0,0000000,21,9,21,19,99,99,0,0,0,1,0
18,180030,1,1,0,1,61,1030,27,1,2010,4,5,24,1,1,1,I-64,,990,38.24144722,-86.188830560,0,39,0,0,1,1,6,0,2,1,0,1,0,0000000,5,24,5,34,99,99,0,0,0,1,0
18,180031,1,1,0,1,61,3572,28,1,2010,5,6,2,0,4,3,SR-64,,0,38.30718056,-86.057280560,0,42,0,0,1,1,6,0,2,1,0,1,0,0000000,6,2,6,5,88,88,0,0,0,1,0
18,180032,1,1,0,1,97,2210,27,1,2010,4,23,35,1,11,1,I-465,,96,39.71685000,-86.264338890,0,30,0,0,1,1,5,0,3,10,0,10,0,0000000,23,35,23,47,88,88,0,0,0,1,0
18,180033,2,2,0,2,61,1030,19,1,2010,3,18,13,0,15,3,SR-62,MCKINSTER ST,0,38.21300556,-86.131438890,0,12,2,0,2,3,1,0,3,5,0,5,0,0000000,18,13,18,15,99,99,0,0,0,1,0
18,180034,1,1,0,1,95,140,29,1,2010,6,5,11,0,6,4,NICHOL AVE,FOUNTAIN ST,0,40.10224722,-85.709619440,0,42,0,0,2,3,4,0,2,1,0,1,0,0000000,5,12,5,15,88,88,0,0,0,1,1
18,180035,2,2,1,2,97,2210,7,1,2010,5,19,53,0,6,4,82ND ST,,0,39.90519444,-86.082602780,0,8,0,0,1,1,1,0,3,11,0,11,0,0000000,19,54,19,59,88,88,0,0,0,1,0
18,180036,2,2,0,4,55,360,23,1,2010,7,14,25,0,4,3,SR-58,,0,38.91781667,-86.908722220,0,12,2,0,1,1,1,0,1,10,0,10,0,0000000,14,56,15,15,99,99,0,0,0,1,0
18,180037,1,1,0,1,83,575,26,1,2010,3,10,11,0,4,3,SR-67,,0,38.76323611,-87.387958330,0,34,0,0,1,1,6,0,1,1,0,1,0,0000000,10,12,10,15,99,99,0,0,0,1,0
18,180038,2,2,0,2,21,1027,1,2,2010,2,7,50,0,16,4,CR-200,,0,39.36038333,-87.215438890,0,12,2,0,1,1,1,0,4,1,0,1,0,0000000,7,50,8,5,99,99,0,0,0,1,0
18,180039,2,2,0,2,87,2500,25,1,2010,2,21,30,0,3,2,US-20,,0,41.64076667,-85.497816670,0,12,2,0,1,1,1,0,2,4,0,4,0,0000000,21,30,21,35,99,99,0,0,0,1,0
18,180040,1,1,0,1,73,4090,31,1,2010,1,3,7,0,16,4,MAINE STREET,,0,40.76144722,-87.153747220,0,18,0,0,1,1,5,0,3,1,0,1,0,0000000,3,7,3,13,88,88,20,0,0,1,1
18,180041,1,1,0,1,83,575,4,2,2010,5,17,53,0,4,3,SR-550,,0,38.79854722,-87.444091670,0,35,0,0,1,1,4,0,1,10,0,10,0,0000000,17,54,17,57,99,99,0,0,0,1,0
18,180042,2,2,0,3,177,1350,5,2,2010,6,14,49,0,3,2,US-35,,0,39.98264444,-85.122541670,0,12,6,0,1,1,1,0,1,4,0,4,0,0000000,14,51,15,7,88,88,0,0,0,2,0
18,180043,2,2,0,2,127,2440,7,2,2010,1,15,28,0,16,4,CR-500,CR-900,0,41.30324722,-86.968158330,0,12,6,0,2,2,1,0,1,10,0,10,0,0000000,15,28,15,46,99,99,0,0,0,1,0
18,180044,1,1,1,1,97,2210,8,1,2010,6,20,48,0,6,4,BELMONT AVE,,0,39.77615556,-86.197036110,0,8,0,0,1,1,1,0,2,10,0,10,0,0000000,20,48,20,51,88,88,0,0,0,1,0
18,180045,1,1,1,1,97,2210,30,1,2010,7,23,2,0,6,4,FENTON AVE,,0,39.77035000,-86.018013890,0,8,0,0,1,1,1,0,2,10,0,10,0,0000000,23,4,23,8,99,99,0,0,0,1,1
18,180046,2,2,0,2,83,575,9,2,2010,3,4,59,0,4,3,SR-67,,0,38.76341944,-87.392033330,0,12,6,0,1,1,1,0,2,4,0,4,0,0000000,4,59,5,10,99,99,0,0,0,1,0
18,180047,1,1,0,1,89,2010,10,2,2010,4,20,54,0,6,4,SHEFFIELD AVE,,0,41.63215556,-87.518636110,0,18,0,0,1,1,6,0,2,1,0,1,0,0000000,99,99,99,99,88,88,0,0,0,1,0
18,180048,1,1,0,1,53,1490,9,2,2010,3,10,45,0,6,4,4TH ST,,0,40.41937778,-85.645294440,0,10,0,0,6,1,1,0,1,4,0,4,0,9999999,10,45,10,47,99,99,0,0,0,1,0
18,180049,2,2,0,3,79,3670,5,2,2010,6,11,19,0,4,3,SR-7,,0,39.10219167,-85.742841670,0,12,2,0,1,1,1,0,1,2,0,2,0,0000000,11,20,11,28,99,99,0,0,0,2,0
18,180051,1,1,0,1,51,3690,11,2,2010,5,6,40,0,4,3,SR-64,,0,38.17019444,-87.470055560,0,42,0,0,1,1,6,0,4,1,0,1,0,0000000,6,40,6,57,88,88,0,0,0,1,0
18,180052,1,1,0,1,97,2210,15,2,2010,2,19,50,0,6,4,21ST ST,,0,39.79442500,-86.269969440,0,38,0,0,1,1,6,0,2,4,0,4,0,0000000,19,54,19,55,99,99,0,0,0,1,0
18,180053,3,3,0,3,97,2210,15,2,2010,2,8,0,0,6,4,MICHIGAN RD,THORNEY CROFT DR,0,39.90111111,-86.217869440,0,12,6,0,2,3,1,0,1,4,0,4,0,0000000,8,1,8,30,88,88,0,0,0,1,0
18,180054,2,2,0,3,173,410,15,2,2010,2,11,25,0,4,3,SR-261,,0,38.02828333,-87.339377780,0,12,2,0,1,1,1,0,1,4,0,4,0,0000000,11,25,11,29,99,99,0,0,0,1,0
18,180055,3,3,0,3,85,5110,13,1,2010,4,13,22,0,4,3,SR-15,,0,41.29193056,-85.857725000,0,12,6,0,1,1,1,0,1,1,0,1,0,0000000,13,22,13,29,99,99,0,0,0,1,0
18,180056,2,2,0,19,145,4470,24,1,2010,1,3,30,1,1,1,I-65,,800,39.36134444,-85.942397220,0,12,1,0,1,1,1,0,2,2,0,2,0,0000000,3,30,3,45,99,99,0,0,0,2,0
18,180057,2,2,0,3,81,4880,14,2,2010,1,17,31,0,16,4,CR-300,,0,39.52195278,-86.004108330,0,12,7,0,1,1,1,0,5,10,0,10,0,0000000,17,31,17,45,99,99,0,0,0,1,0
18,180058,2,2,0,2,35,3360,17,2,2010,4,13,0,0,3,2,US-35,,0,40.27710278,-85.442433330,0,12,2,1,5,1,1,0,1,10,0,10,0,0000000,13,3,13,5,99,99,0,0,0,1,0
18,180059,1,1,0,1,157,2480,18,2,2010,5,6,4,0,6,4,VETERANS MEMORIAL PK,,0,99.99990000,999.999900000,0,30,0,0,1,1,4,0,2,1,0,1,0,0000000,6,4,6,14,88,88,0,0,0,1,0
18,180060,1,1,0,1,3,1580,21,2,2010,1,14,45,0,16,4,BASS RD,,0,41.08879722,-85.202408330,0,42,0,0,1,1,6,0,1,10,0,10,0,0000000,15,21,15,31,88,88,0,0,0,1,1
18,180061,2,2,0,22,17,1710,20,2,2010,7,7,26,0,3,2,US-35,,0,40.60665556,-86.206283330,0,24,0,0,1,1,4,0,4,11,0,11,1,0000000,7,26,7,39,99,99,0,0,0,1,0
18,180062,3,3,0,3,97,2210,19,2,2010,6,13,54,1,11,1,I-465,,0,39.81908333,-86.276322220,0,12,1,1,5,1,1,0,1,1,0,1,0,0000000,13,56,14,0,99,99,0,0,0,1,0
18,180063,2,2,0,5,97,2210,21,2,2010,1,15,17,0,6,4,LYNHURST DR,,0,39.77582500,-86.250744440,0,12,2,0,1,1,1,0,1,10,0,10,0,0000000,15,19,15,23,99,99,0,0,0,1,2
18,180064,2,2,0,2,51,1630,19,2,2010,6,16,24,0,16,4,CR-450,CR-50,0,38.36238889,-87.482844440,0,12,6,0,2,2,1,0,1,1,0,1,0,0000000,16,24,16,31,99,99,0,0,0,1,0
18,180065,2,2,0,6,39,5050,22,2,2010,2,7,55,0,4,3,SR-119,,0,41.51474722,-85.982866670,0,12,6,0,1,1,1,0,1,3,0,3,0,0000000,7,56,8,7,99,99,0,0,0,1,0
18,180066,3,3,0,5,91,2370,23,2,2010,3,9,5,0,3,2,US-35,,0,41.53749444,-86.701183330,0,12,6,0,1,1,1,0,1,4,0,4,0,0000000,9,7,9,15,99,99,0,0,0,3,0
18,180067,1,1,0,1,113,2670,23,2,2010,3,7,40,0,3,2,US-33,,0,41.43722500,-85.586194440,0,1,0,0,1,1,4,0,1,4,0,4,0,0000000,7,40,7,51,88,88,0,0,0,1,0
18,180068,2,2,0,2,113,1080,23,2,2010,3,7,54,0,3,2,US-33,,0,41.39541944,-85.552683330,0,12,6,0,1,1,1,0,1,4,0,4,0,0000000,7,56,8,2,88,88,0,0,0,1,0
18,180069,1,1,0,1,117,3780,23,2,2010,3,22,0,0,4,3,SR-37,,0,38.64449444,-86.459483330,0,1,0,0,1,1,4,0,2,10,0,10,0,0000000,22,41,22,48,99,99,0,0,0,1,1
18,180070,2,2,0,4,5,990,12,2,2010,6,14,56,0,4,3,SR-46,,0,39.19960278,-85.978919440,0,12,2,0,1,1,1,0,1,1,0,1,0,0000000,14,56,15,1,99,99,0,0,0,2,0
18,180071,1,1,0,1,107,1060,22,2,2010,2,10,35,0,16,4,CR-550,,0,39.96495000,-87.006655560,0,32,0,0,1,1,4,0,1,10,0,10,0,0000000,10,35,10,40,88,88,0,0,0,1,1
18,180072,1,1,0,3,137,4780,25,2,2010,5,5,0,1,1,1,I-74,,1565,39.28143333,-85.085550000,0,43,0,0,1,1,3,0,2,11,0,11,0,0000000,5,8,5,18,99,99,0,0,0,1,0
18,180073,2,2,0,2,97,2210,23,2,2010,3,18,58,0,6,4,COUNTY LINE RD,,0,39.63517500,-86.171350000,0,12,2,0,1,1,1,0,2,1,0,1,0,0000000,18,58,19,1,99,99,0,0,0,1,0
18,180074,2,2,0,2,31,1910,24,2,2010,4,7,21,0,4,3,SR-3,,0,39.27319444,-85.575255560,0,12,2,0,1,1,1,0,1,10,0,10,0,0000000,7,21,7,21,99,99,0,0,0,1,0
18,180075,1,1,0,1,117,3860,26,2,2010,6,2,0,0,16,4,UNIONVILLE RD,,0,38.50989167,-86.497077780,0,34,0,0,1,1,6,0,2,10,0,10,0,0000000,5,14,5,20,88,88,0,0,0,1,1
18,180076,2,2,0,2,43,1939,19,2,2010,6,13,17,0,14,2,US-150,,0,38.36743611,-85.965355560,0,24,0,0,1,1,6,0,1,1,0,1,0,0000000,13,17,13,20,99,99,0,0,0,1,0
18,180077,2,2,0,3,147,1140,24,2,2010,4,7,20,0,16,4,CR-1600,,0,99.99990000,999.999900000,0,12,6,0,1,1,1,0,1,4,0,4,0,0000000,7,22,7,24,99,99,0,0,0,1,0
18,180078,1,1,0,2,67,1930,26,2,2010,6,8,40,0,16,4,CR-1100,,0,40.26354722,-85.704344440,0,30,0,0,1,1,6,0,1,1,0,1,0,0000000,8,42,8,44,99,99,0,0,0,1,1
18,180079,1,1,0,1,73,4100,27,2,2010,7,1,0,0,16,4,CR-300,,0,40.97011389,-87.079738890,0,23,0,0,1,1,6,0,2,4,0,4,0,0000000,6,31,6,39,88,88,0,0,0,1,1
18,180080,2,2,0,6,141,4580,23,2,2010,3,17,19,0,4,3,SR-2,QUINCE RD,0,41.67214167,-86.380691670,0,12,6,0,2,2,1,0,1,4,0,4,0,0000000,17,23,17,23,99,99,0,0,0,1,0
18,180082,2,2,0,3,89,2760,23,2,2010,3,5,20,1,1,1,I-65,,2350,41.21611111,-87.294058330,0,12,2,0,1,1,1,0,2,4,0,4,0,0000000,5,24,5,44,99,99,0,0,0,2,0
18,180083,1,1,0,1,145,4470,27,2,2010,7,4,48,0,4,3,SR-9,,0,39.66114722,-85.773352780,0,42,0,0,1,1,6,0,2,10,0,10,0,0000000,4,48,4,51,88,88,0,0,0,1,0
18,180084,4,3,2,2,97,2210,21,2,2010,1,22,38,1,11,1,I-465,,330,39.91970278,-86.106802780,0,12,6,0,1,1,1,2,3,1,0,1,0,0000000,22,38,22,52,99,99,14,23,0,1,1
18,180085,1,1,0,1,163,1480,1,3,2010,2,0,39,0,6,4,LINCOLN AVE,,0,37.96944167,-87.456663890,0,42,0,0,1,1,6,1,2,1,0,1,0,0000000,0,40,0,44,88,88,0,0,0,1,1