STATE,ST_CASE,VE_TOTAL,VE_FORMS,PEDS,PERSONS,COUNTY,CITY,DAY,MONTH,YEAR,DAY_WEEK,HOUR,MINUTE,NHS,ROAD_FNC,ROUTE,TWAY_ID,TWAY_ID2,MILEPT,LATITUDE,LONGITUD,SP_JUR,HARM_EV,MAN_COLL,RELJCT1,RELJCT2,TYP_INT,REL_ROAD,WRK_ZONE,LGT_COND,WEATHER1,WEATHER2,WEATHER,SCH_BUS,RAIL,NOT_HOUR,NOT_MIN,ARR_HOUR,ARR_MIN,HOSP_HR,HOSP_MN,CF1,CF2,CF3,FATALS,DRUNK_DR
18,180086,1,1,0,2,85,5110,2,3,2010,3,4,23,0,16,4,OLD ROAD 30,,0,41.24838611,-85.910855560,0,42,0,0,1,1,6,0,2,1,0,1,0,0000000,4,23,4,31,99,99,0,0,0,1,1
18,180087,1,1,0,1,39,1410,2,3,2010,3,18,0,0,16,4,CR-118,,0,41.64527500,-86.025158330,0,53,0,0,1,1,4,0,1,10,0,10,0,0000000,18,3,18,9,88,88,0,0,0,1,0
18,180088,1,1,0,1,35,3360,2,3,2010,3,0,5,0,6,4,16TH ST,MEEKER AVE,0,40.17466111,-85.357975000,0,43,0,0,2,2,1,0,3,1,0,1,0,0000000,0,5,0,10,88,88,0,0,0,1,1
18,180089,1,1,1,0,157,2480,1,1,2010,6,15,36,0,6,4,UNION ST,,0,40.42480833,-86.876555560,0,8,0,0,1,1,1,0,1,4,0,4,0,0000000,15,36,15,39,88,88,0,0,0,1,0
18,180090,1,1,0,2,73,4090,28,2,2010,1,22,5,0,14,2,US-24,DIVISION ST,0,40.76586944,-87.152330560,0,33,0,0,3,2,4,0,2,2,10,2,0,0000000,22,6,22,10,88,88,0,0,0,2,0
18,180091,1,1,0,1,17,2768,3,3,2010,4,0,0,0,16,4,CR-1000,,0,40.90961944,-86.281472220,0,42,0,0,1,1,6,0,2,10,0,10,0,0000000,3,43,3,59,88,88,0,0,0,1,1
18,180092,1,1,0,3,85,4560,11,2,2010,5,11,25,0,16,4,CR-900,,0,41.10137778,-85.877294440,0,42,0,0,1,1,6,0,1,1,0,1,0,0000000,11,30,11,40,99,99,0,0,0,1,0
18,180093,2,2,0,2,19,800,5,3,2010,6,15,55,0,4,3,SR-160,,0,38.51660833,-85.730266670,0,12,2,0,1,1,1,0,1,1,0,1,0,0000000,15,56,16,1,99,99,0,0,0,2,1
18,180094,1,1,0,1,183,980,4,3,2010,5,22,7,0,4,3,SR-114,US-24,0,41.00451667,-85.348319440,0,42,0,0,2,3,6,0,2,1,0,1,0,0000000,22,7,22,26,88,88,0,0,0,1,1
18,180095,1,1,0,1,183,980,7,3,2010,1,15,11,0,16,4,CR-300,,0,41.11874167,-85.376558330,0,30,0,0,1,1,6,0,1,1,0,1,0,0000000,15,11,15,15,88,88,0,0,0,1,0
18,180096,2,2,0,5,77,1285,2,3,2010,3,16,20,0,4,3,SR-7,,0,38.84666111,-85.509166670,0,12,2,0,1,1,1,0,1,1,0,1,0,0000000,16,20,16,31,99,99,0,0,0,2,0
18,180097,1,1,0,1,95,70,6,3,2010,7,23,48,0,6,4,CR-1300,SR-9,0,40.29235833,-85.671902780,0,42,0,0,2,2,6,0,2,1,0,1,0,0000000,23,48,23,49,99,99,0,0,0,1,1
18,180098,2,2,0,3,97,2210,5,3,2010,6,6,55,0,6,4,KEYSTONE AVE,,0,39.82191944,-86.121525000,0,33,0,0,1,1,3,0,4,1,0,1,1,0000000,6,56,7,0,99,99,0,0,0,1,0
18,180099,2,2,0,3,35,1760,8,3,2010,2,17,19,1,1,1,I-69,,450,40.28076944,-85.557961110,0,1,0,0,1,1,4,0,1,1,0,1,0,0000000,17,21,17,27,88,88,14,0,0,1,0
18,180100,1,1,0,1,83,5260,6,3,2010,7,10,45,0,16,4,NIMMICHT RD,,0,38.67943056,-87.285197220,0,30,0,0,1,1,6,0,1,1,0,1,0,0000000,11,7,11,16,88,88,0,0,0,1,0
18,180101,2,2,0,2,89,1730,8,3,2010,2,6,55,0,15,3,SR-53,49TH AVE,0,41.52948611,-87.336169440,0,12,6,0,2,2,1,0,1,1,0,1,0,0000000,6,59,7,15,99,99,0,0,0,1,0
18,180102,1,1,0,2,71,4440,1,3,2010,2,12,56,0,3,2,US-50,COUNTY AVE,0,38.96333056,-85.827191670,0,34,0,0,2,3,5,0,1,1,0,1,0,0000000,12,56,12,57,99,99,0,0,0,1,0
18,180103,1,1,1,1,63,3990,9,3,2010,3,6,23,0,6,4,STANLEY RD,CHAD CT,0,39.68985000,-86.376175000,0,8,0,0,3,2,1,0,2,1,0,1,0,0000000,6,25,6,28,99,99,0,0,0,1,0
18,180104,1,1,0,1,85,3680,13,3,2010,7,1,55,0,16,4,CR-450,,0,41.30208889,-85.656880560,0,42,0,0,1,1,6,0,2,2,10,2,0,0000000,1,55,2,0,88,88,0,0,0,1,1
18,180105,2,2,0,2,19,800,10,3,2010,4,23,0,0,15,3,SR-62,,0,38.44485000,-85.654822220,0,12,6,1,17,1,1,0,2,1,0,1,0,0000000,23,0,23,0,99,99,0,0,0,1,0
18,180106,1,1,0,1,181,3130,8,3,2010,2,9,0,0,16,4,CR-200,,0,40.87224722,-86.911169440,0,10,0,0,6,1,1,0,1,5,0,5,0,9999999,9,1,9,17,99,99,0,0,0,1,0
18,180107,2,2,0,3,93,300,10,3,2010,4,9,32,0,14,2,US-50,LIMESTONE DR,0,38.86126389,-86.512097220,0,12,6,0,3,3,1,0,1,1,0,1,0,0000000,9,32,9,35,99,99,0,0,0,1,0
18,180109,2,2,0,3,37,2180,12,3,2010,6,14,48,0,3,2,US-231,,0,38.31371389,-86.954727780,0,12,2,0,1,1,1,0,1,2,0,2,0,0000000,14,48,14,54,99,99,0,0,0,1,0
18,180110,1,1,0,1,135,4920,19,3,2010,6,8,53,0,4,3,SR-32,,0,40.18077500,-84.832477780,0,34,0,0,1,1,4,0,1,1,0,1,0,0000000,8,55,9,3,99,99,0,0,0,1,0
18,180111,1,1,1,1,89,2515,16,3,2010,3,1,28,1,11,1,I-80,,126,41.56995833,-87.296813890,0,8,0,0,1,1,1,1,2,1,0,1,0,0000000,1,29,1,32,88,88,0,0,0,1,0
18,180112,1,1,0,1,5,990,17,3,2010,4,22,7,0,3,2,US-31,,0,39.15455833,-85.842361110,0,35,0,0,1,1,4,0,1,1,0,1,0,0000000,22,7,22,12,88,88,0,0,0,1,1
18,180113,2,2,0,3,169,3650,20,3,2010,7,6,31,0,4,3,SR-15,CR-1400,0,41.02860833,-85.890941670,0,12,6,0,2,2,1,0,2,10,0,10,0,0000000,6,31,6,44,99,99,0,0,0,2,0
18,180114,1,1,0,1,91,2570,21,3,2010,1,1,0,0,15,3,SR-39,,0,41.56896667,-86.740150000,0,1,0,0,1,1,4,0,2,1,0,1,0,0000000,6,31,6,34,88,88,0,0,0,1,1
18,180115,1,1,1,1,127,4960,16,3,2010,3,15,4,0,6,4,CALUMET AVE,,0,41.50729167,-87.037619440,0,8,0,0,1,1,1,0,1,1,0,1,0,0000000,15,4,15,6,99,99,0,0,0,1,0
18,180116,1,1,0,2,53,2850,10,3,2010,4,0,47,0,6,4,30TH ST,,0,40.53400833,-85.652847220,0,42,0,0,1,1,6,0,2,2,0,2,0,0000000,0,47,0,49,99,99,0,0,0,1,1
18,180117,3,2,0,3,143,4400,24,3,2010,4,6,57,1,1,1,I-65,,310,38.70698611,-85.794558330,0,14,0,0,1,1,5,0,1,1,0,1,0,0000000,6,57,7,13,99,99,23,0,0,2,0
18,180118,1,1,0,1,91,2570,18,3,2010,5,17,35,0,16,4,CR-100,,0,41.59262500,-86.843533330,0,53,0,0,1,1,4,0,1,1,0,1,0,0000000,17,35,17,41,99,99,0,0,0,1,0
18,180119,2,2,0,2,39,1410,25,3,2010,5,6,40,0,3,2,US-33,CR-3,0,41.67047500,-86.003380560,0,12,6,0,3,3,1,0,2,2,0,2,0,0000000,6,40,6,50,88,88,0,0,0,1,0
18,180120,1,1,0,1,7,1600,25,3,2010,5,18,25,0,14,2,US-52,SOUTH GRANT AVE,0,40.61156111,-87.314883330,0,52,0,0,3,3,6,0,1,10,0,10,0,0000000,18,25,18,28,88,88,0,0,0,1,0
18,180121,1,1,1,1,97,2210,25,3,2010,5,10,23,0,16,4,21ST ST,,0,39.79644722,-86.031719440,0,8,0,0,1,1,1,0,1,10,0,10,0,0000000,10,24,10,42,88,88,0,0,0,1,1
18,180122,1,1,0,1,35,3360,27,3,2010,7,14,12,0,6,4,NORTH WALNUT,,0,40.22869444,-85.387030560,0,39,0,0,1,1,6,0,1,1,0,1,0,0000000,14,14,14,19,88,88,0,0,0,1,0
18,180123,2,2,0,2,73,5250,27,3,2010,7,10,5,0,4,3,SR-10,CR-200,0,41.18821389,-87.084161110,0,12,6,0,2,2,1,0,1,1,0,1,0,0000000,10,6,10,10,88,88,0,0,0,1,0
18,180124,1,1,0,1,57,1540,21,3,2010,1,1,30,0,6,4,BREAKWATER DR,,0,99.99990000,999.999900000,0,33,0,0,1,1,6,0,2,1,0,1,0,0000000,12,50,12,50,99,99,0,0,0,1,1
18,180125,2,2,0,2,41,1000,25,3,2010,5,13,10,0,4,3,SR-44,,0,39.63583611,-85.054091670,0,12,2,0,1,1,1,0,1,1,0,1,0,0000000,13,15,13,21,99,99,0,0,0,1,1
18,180126,3,3,0,5,183,980,26,3,2010,6,17,31,0,3,2,US-30,SR-9,0,41.16896389,-85.485819440,0,12,1,0,2,2,1,0,1,1,0,1,0,0000000,17,31,17,34,99,99,14,0,0,1,0
18,180127,1,1,0,1,91,2990,20,3,2010,7,4,0,0,6,4,WOODLAWN AVE,,0,41.70111389,-86.914386110,0,38,0,0,1,1,6,0,2,10,0,10,0,0000000,7,34,7,52,88,88,0,0,0,1,1
18,180128,1,1,2,1,71,4440,21,3,2010,1,2,3,0,3,2,US-31,,0,38.95351944,-85.834658330,0,9,0,0,1,1,1,0,2,1,0,1,0,0000000,2,4,2,6,99,99,0,0,0,2,0
18,180129,4,4,0,8,167,4840,31,3,2010,4,17,25,0,16,4,OHIO ST,25TH ST,0,39.46537500,-87.378891670,0,12,6,0,2,2,1,0,1,10,0,10,0,0000000,17,25,17,28,99,99,0,0,0,1,0
18,180130,2,2,0,2,11,2630,29,3,2010,2,7,25,0,4,3,SR-47,,0,40.12947500,-86.263788890,0,12,2,0,1,1,1,0,4,10,0,10,0,0000000,7,25,7,38,99,99,0,0,0,1,0
18,180131,2,2,0,2,67,1930,1,4,2010,5,12,5,0,16,4,CR-1350,CR-300,0,40.52221667,-85.873283330,0,12,6,0,2,2,1,0,1,1,0,1,0,0000000,12,9,12,13,88,88,0,0,0,1,0
18,180132,2,2,0,2,93,3110,1,4,2010,5,13,31,0,6,4,DOC HAMILTON BLVD,RABBITSVILLE RD,0,38.74583333,-86.474891670,0,12,6,0,2,2,1,0,1,1,0,1,0,0000000,13,31,13,36,88,88,0,0,0,1,0
18,180133,2,2,0,2,73,5250,2,4,2010,6,20,20,0,4,3,SR-49,,0,41.24528889,-87.044936110,0,12,1,0,1,1,1,0,2,1,0,1,0,0000000,20,22,20,25,99,99,0,0,0,1,0
18,180134,2,2,0,2,177,4120,4,4,2010,1,16,40,0,6,4,A ST,11TH ST,0,39.83068611,-84.887838890,0,12,6,0,2,2,1,0,1,1,0,1,0,0000000,16,40,16,42,99,99,0,0,0,1,0
18,180135,1,1,1,1,5,990,31,3,2010,4,15,55,0,6,4,ROCKYFORD RD,,0,39.23796944,-85.880127780,0,8,0,0,1,1,1,0,1,1,0,1,0,0000000,15,55,16,0,99,99,0,0,0,1,0
18,180136,1,1,0,1,87,2500,3,4,2010,7,7,5,1,1,1,I-80,,1280,41.73968056,-85.285233330,0,35,0,0,1,1,6,0,2,1,0,1,0,0000000,7,5,7,12,88,88,0,0,0,1,1
18,180137,1,1,0,3,149,3620,26,3,2010,6,13,51,0,16,4,CR-450,,0,41.23673611,-86.785555560,0,30,0,0,1,1,6,0,1,1,0,1,0,0000000,13,51,14,1,99,99,0,0,0,1,0
18,180138,4,4,0,4,73,4090,29,3,2010,2,10,31,1,1,1,I-65,,2020,40.78596944,-87.132438890,0,12,1,0,1,1,1,0,1,1,0,1,0,0000000,10,32,10,34,99,99,19,0,0,1,0
18,180139,2,2,0,5,123,4820,2,4,2010,6,6,40,0,4,3,SR-37,,0,38.25112222,-86.596727780,0,12,6,0,1,1,1,0,2,1,0,1,0,0000000,6,44,7,2,88,88,0,0,0,1,0
18,180140,1,1,0,2,59,1890,27,3,2010,7,19,0,0,16,4,CR-100,,0,39.77193333,-85.827683330,0,43,0,0,1,1,6,0,1,10,0,10,0,0000000,19,1,19,4,99,99,0,0,0,1,0
18,180141,1,1,1,1,67,2430,10,4,2010,7,23,25,0,14,2,US-31,,0,40.45570000,-86.112986110,0,8,0,0,1,1,1,0,2,1,0,1,0,0000000,23,25,23,25,88,88,0,0,0,1,0
18,180142,2,2,0,2,95,140,6,4,2010,3,16,21,0,6,4,19TH ST,JACKSON ST,0,40.09741111,-85.680463890,0,12,6,0,2,2,1,0,1,1,0,1,0,0000000,16,22,16,26,99,99,0,0,0,1,0
18,180143,1,1,0,3,57,710,9,4,2010,6,22,51,0,6,4,RIVER RD,,0,40.00026667,-86.033936110,0,30,0,0,1,1,4,0,2,1,0,1,0,0000000,23,51,23,51,99,99,20,0,0,2,0
18,180144,2,2,0,3,167,4840,10,4,2010,7,14,40,0,16,4,HARLAN DR,BONO DR,0,39.34704167,-87.376586110,0,12,6,0,2,2,1,0,1,1,0,1,0,0000000,14,42,15,1,99,99,0,0,0,1,0
18,180145,2,2,0,3,135,5350,11,4,2010,1,20,15,0,16,4,CR-300,BLOOMINGTONSPORT RD,0,40.12166667,-84.988516670,0,12,6,0,2,2,1,0,5,1,0,1,0,0000000,20,21,20,30,99,99,0,0,0,1,0
18,180146,1,1,0,1,141,3100,11,4,2010,1,15,30,0,16,4,DRAGOON TRAIL,,0,41.62987778,-86.118994440,0,1,0,0,1,1,4,0,1,1,0,1,0,0000000,15,32,15,38,88,88,0,0,0,1,1
18,180147,3,3,1,5,61,3572,3,4,2010,7,21,5,0,4,3,SR-135,,0,38.32866111,-86.098222220,0,8,0,0,1,1,1,0,2,1,0,1,0,0000000,21,5,21,9,99,99,19,0,0,1,0
18,180148,1,1,0,1,153,4750,3,4,2010,7,21,8,0,4,3,SR-154,,0,39.11750833,-87.510480560,0,30,0,0,1,1,6,0,5,1,0,1,0,0000000,21,8,21,15,99,99,0,0,0,1,1
18,180149,2,2,0,5,153,4750,15,4,2010,5,13,20,0,3,2,US-41,CR-300,0,39.12859444,-87.413836110,0,12,6,0,2,2,1,0,1,1,0,1,0,0000000,13,23,13,26,99,99,0,0,0,1,0
18,180150,2,2,0,4,113,2670,15,4,2010,5,8,30,0,3,2,US-6,,0,41.45559444,-85.538691670,0,12,2,0,1,1,1,0,1,1,0,1,0,0000000,8,31,8,36,99,99,0,0,0,2,0
18,180151,2,2,0,2,107,1060,17,4,2010,7,15,0,0,14,2,US-231,CR-150,0,40.01774722,-86.903897220,0,12,6,0,2,2,1,0,1,1,0,1,0,0000000,15,1,15,5,99,99,0,0,0,1,0
18,180152,1,1,0,1,57,3590,16,4,2010,6,12,25,0,16,4,191ST,,0,40.06703611,-85.882358330,0,42,0,0,1,1,6,0,1,10,0,10,0,0000000,12,27,12,34,88,88,0,0,0,1,1
18,180153,2,1,0,1,45,2110,22,3,2010,2,20,30,0,14,2,US-136,SR-341,0,40.10637222,-87.160463890,0,30,0,0,2,3,6,0,3,1,0,1,0,0000000,20,43,20,53,99,99,0,0,0,1,0
18,180154,2,2,0,2,127,4960,16,4,2010,6,15,51,0,3,2,US-30,CR-600,0,41.47077222,-87.181405560,0,1,0,0,2,2,1,0,1,1,0,1,0,0000000,15,53,16,0,99,99,0,0,0,1,1
18,180155,2,2,0,3,79,3670,16,4,2010,6,17,38,0,4,3,SR-7,SR-3,0,39.01571667,-85.641175000,0,12,6,1,3,3,1,0,1,10,0,10,0,0000000,17,38,17,41,99,99,0,0,0,1,0
18,180156,2,2,0,2,7,1600,15,4,2010,5,16,7,0,14,2,US-52,,0,40.60613333,-87.307319440,0,12,6,0,1,1,1,0,1,1,0,1,0,0000000,16,7,16,10,99,99,0,0,0,1,0
18,180157,2,2,0,2,143,2652,12,4,2010,2,16,12,0,4,3,SR-203,SR-362,0,38.60426111,-85.648727780,0,12,6,0,2,3,1,0,1,1,0,1,0,0000000,16,15,16,26,99,99,0,0,0,1,0
18,180158,5,5,0,10,43,3400,15,4,2010,5,14,34,0,4,3,SR-111,,0,38.21525556,-85.868883330,0,12,8,0,1,1,1,0,1,1,0,1,0,0000000,14,35,14,46,99,99,0,0,0,1,0
18,180159,2,2,0,2,57,3590,19,4,2010,2,16,51,0,4,3,SR-37,,0,40.13328056,-85.911455560,0,12,6,0,1,1,1,0,1,1,0,1,0,0000000,16,51,16,59,88,88,0,0,0,1,0
18,180160,2,2,0,2,81,1950,15,4,2010,5,17,10,0,6,4,STETSON LANE,ACRE DR,0,39.59252778,-86.114616670,0,12,6,0,2,3,1,0,1,1,0,1,0,0000000,17,10,17,15,99,99,0,0,0,1,0
18,180161,2,2,0,4,35,3360,18,4,2010,1,11,49,0,15,3,SR-332,NEBO RD,0,40.21945278,-85.462044440,0,12,6,0,2,2,1,0,1,1,0,1,0,0000000,11,50,11,53,99,99,0,0,0,1,1
18,180162,1,1,0,2,89,1100,18,4,2010,1,11,28,0,16,4,RANDOLPH ST,,0,41.40585000,-87.239083330,0,42,0,0,1,1,6,0,1,1,0,1,0,0000000,11,28,11,50,99,99,0,0,0,2,0
18,180163,1,1,0,1,147,4364,21,4,2010,4,15,30,0,16,4,HUFFMAN MILL RD,SR-545,0,38.07195556,-86.811733330,0,35,0,0,3,3,6,0,1,1,0,1,0,0000000,15,38,15,44,99,99,0,0,0,1,0
18,180164,2,2,0,2,175,4340,16,4,2010,6,7,8,0,16,4,CANTON SOUTH BOSTON,ELLIOTT RD,0,38.60454722,-85.998316670,0,12,6,0,2,3,1,0,4,10,0,10,0,0000000,7,9,7,18,99,99,0,0,0,1,0
18,180165,2,2,0,4,97,2210,20,4,2010,3,9,20,0,6,4,KESSLER BLVD,,0,39.86287778,-86.169033330,0,12,2,0,1,1,1,0,1,1,0,1,0,0000000,9,20,9,20,99,99,20,0,0,1,0
18,180166,1,1,0,1,81,1950,28,1,2010,5,13,7,0,6,4,CR-75,,0,39.58687222,-86.091055560,0,33,0,0,1,1,6,0,1,1,0,1,0,0000000,13,7,13,8,99,99,0,0,0,1,0
18,180167,2,2,0,4,69,4180,16,4,2010,6,14,47,0,4,3,SR-114,,0,41.00762500,-85.394669440,0,12,8,0,1,1,1,0,1,1,0,1,0,0000000,14,52,15,0,99,99,0,0,0,1,0
18,180168,1,1,0,1,105,380,17,4,2010,7,23,0,0,4,3,SR-46,,0,39.16653611,-86.455363890,0,30,0,0,1,1,6,0,3,1,0,1,0,0000000,23,18,23,36,88,88,0,0,0,1,0
18,180169,1,1,0,2,105,380,21,4,2010,4,17,44,0,4,3,SR-446,,0,39.02345278,-86.405925000,0,1,0,0,1,1,4,0,1,1,0,1,0,0000000,17,44,17,52,99,99,0,0,0,1,1
18,180170,1,1,0,1,89,2120,24,4,2010,7,20,59,0,6,4,53RD AVE,,0,41.52204167,-87.308177780,0,42,0,0,1,1,4,0,2,2,0,2,0,0000000,21,0,21,10,88,88,0,0,0,1,1
18,180171,2,2,0,3,97,2210,24,4,2010,7,11,24,0,6,4,KENTUCKY AVE,HEATHROW WAY,0,39.67997778,-86.288488890,0,12,1,0,3,2,1,0,1,10,0,10,0,0000000,11,27,11,37,99,99,0,0,0,1,0
18,180172,1,1,0,1,167,4840,17,4,2010,7,1,44,0,6,4,MARGARET DR,,0,39.43400556,-87.369419440,0,34,0,0,1,1,6,0,2,1,0,1,0,0000000,1,44,1,52,88,88,0,0,0,1,0
18,180173,2,2,0,3,113,4225,25,4,2010,1,22,45,0,4,3,SR-9,,0,41.50471944,-85.370980560,0,24,0,0,1,1,6,0,2,2,0,2,0,0000000,22,46,22,57,88,88,0,0,0,1,0
18,180174,2,2,0,3,49,4190,27,4,2010,3,12,5,0,3,2,US-31,6TH ST,0,41.06873889,-86.240144440,0,12,6,0,2,2,1,0,1,1,0,1,0,0000000,12,6,12,9,99,99,0,0,0,1,0
18,180175,2,2,0,3,145,4470,14,4,2010,4,18,55,0,16,4,CR-850,CR-250,0,39.40088611,-85.827211110,0,12,6,0,2,2,1,0,1,1,0,1,0,0000000,18,58,19,8,99,99,0,0,0,1,0
18,180176,1,1,0,1,147,4200,23,4,2010,6,15,4,0,16,4,CR-200,,0,37.87282222,-87.092572220,0,35,0,0,1,1,6,0,1,1,0,1,0,0000000,15,4,15,8,99,99,0,0,0,1,0
18,180177,1,1,1,1,73,1206,24,4,2010,7,10,24,0,15,3,SR-10,,0,41.18815000,-87.198744440,0,9,0,0,1,1,1,0,1,10,0,10,0,0000000,10,24,10,26,99,99,0,0,0,1,0
18,180178,1,1,0,2,153,700,20,4,2010,3,1,12,0,3,2,US-41,CR-475,0,39.01471667,-87.401561110,0,34,0,0,3,3,6,0,2,1,0,1,0,0000000,1,12,1,24,99,99,0,0,0,1,1
18,180179,1,1,0,1,177,4120,29,4,2010,5,13,0,0,4,3,SR-227,,0,39.78505833,-84.873161110,0,1,0,0,1,1,6,0,1,1,0,1,0,0000000,13,2,13,8,88,88,0,0,0,1,0
18,180180,2,2,0,3,97,2210,2,4,2010,6,21,46,0,6,4,38ST TH,,0,39.82396389,-86.225852780,0,12,6,1,5,1,1,0,2,1,0,1,0,0000000,21,47,21,50,99,99,0,0,0,1,0
18,180181,2,2,0,4,167,4840,28,4,2010,4,19,23,0,6,4,27TH ST,BEECH ST,0,39.48695278,-87.376927780,0,12,6,0,2,2,1,0,1,1,0,1,0,0000000,19,24,19,29,99,99,0,0,0,1,0
18,180182,3,2,0,5,167,4840,2,5,2010,1,19,13,0,6,4,LIBERTY AVE,,0,39.47304167,-87.379161110,0,1,0,0,1,1,1,0,1,1,0,1,0,0000000,19,14,19,17,99,99,0,0,0,1,1
18,180183,1,1,0,1,137,2133,26,4,2010,2,22,24,0,3,2,US-50,,0,39.06424722,-85.442047220,0,42,0,0,1,1,6,0,2,1,0,1,0,0000000,22,24,22,30,88,88,0,0,0,1,1
18,180184,1,1,0,1,149,2420,28,4,2010,4,13,28,0,4,3,SR-8,,0,41.28812500,-86.524886110,0,1,0,0,1,1,4,0,1,1,0,1,0,0000000,13,28,13,31,99,99,0,0,0,1,0
18,180185,1,1,0,1,3,2645,3,5,2010,2,10,0,0,16,4,LOCHNER RD,,0,41.24361111,-85.005255560,0,42,0,0,1,1,4,0,1,1,0,1,0,0000000,10,12,10,39,88,88,0,0,0,1,0
18,180186,2,2,0,2,167,4840,28,4,2010,4,15,35,1,1,1,I-70,,90,39.43153889,-87.390888890,0,12,1,0,1,1,1,0,1,1,0,1,0,0000000,15,36,15,38,88,88,0,0,0,1,0
18,180187,2,1,0,1,41,1000,2,5,2010,1,21,32,0,6,4,WOODLAND AVE,,0,39.66174167,-85.142069440,0,14,0,0,1,1,7,0,3,10,0,10,0,0000000,21,32,21,35,99,99,0,0,0,1,1
18,180188,2,2,0,3,51,2816,3,5,2010,2,10,59,0,4,3,SR-57,CR-950,0,38.25415556,-87.391863890,0,12,6,0,3,3,1,0,1,1,0,1,0,0000000,10,59,11,5,99,99,0,0,0,1,0
18,180189,1,1,1,2,127,4030,30,4,2010,6,3,3,1,11,1,I-94,,231,41.61386944,-87.086588890,0,8,0,0,1,1,1,1,2,1,0,1,0,0000000,3,3,3,3,99,99,3,0,0,1,1
18,180190,5,5,0,7,19,4420,6,5,2010,5,11,45,0,4,3,SR-60,EBENEZER CHURCH RD,0,38.44175833,-85.823863890,0,12,1,0,1,1,1,1,1,1,0,1,0,0000000,11,48,11,53,99,99,3,0,0,1,0
18,180191,1,1,0,3,133,950,17,4,2010,7,16,0,0,4,3,SR-42,,0,39.49658889,-86.719208330,0,42,0,0,1,1,6,0,1,1,0,1,0,0000000,16,0,16,10,99,99,0,0,0,1,1
18,180192,1,1,0,1,73,4100,8,5,2010,7,0,25,0,16,4,CR-700,,0,40.91236667,-86.933000000,0,34,0,0,1,1,6,0,2,10,0,10,0,0000000,2,43,3,14,99,99,0,0,0,1,1
18,180193,1,1,0,1,97,2210,5,5,2010,4,3,15,0,6,4,SOUTHPORT RD,WEST ST,0,39.66491389,-86.123886110,0,31,0,0,2,2,6,0,2,1,0,1,0,0000000,3,21,3,21,88,88,20,0,0,1,1
18,180194,1,1,0,1,143,4400,8,5,2010,7,21,59,0,16,4,TERRY RD,,0,38.74377500,-85.739708330,0,1,0,0,1,1,4,0,2,10,0,10,0,0000000,21,59,22,5,99,99,0,0,0,1,0
18,180195,1,1,0,1,17,3587,4,5,2010,3,5,32,0,16,4,CR-1000,,0,40.77924167,-86.169891670,0,42,0,0,1,1,6,0,2,5,0,5,0,0000000,5,36,5,47,99,99,0,0,0,1,0
18,180196,1,1,0,1,95,1440,30,4,2010,6,17,13,0,4,3,SR-37,,0,40.32138611,-85.785627780,0,32,0,0,1,1,6,0,1,1,0,1,0,0000000,17,13,17,17,88,88,0,0,0,1,0
18,180197,1,1,0,1,29,2610,30,4,2010,6,21,59,0,15,3,SR-48,,0,39.10502222,-84.878311110,0,33,0,0,1,1,6,0,2,10,0,10,0,0000000,21,59,21,59,99,99,0,0,0,1,1
18,180198,1,1,0,1,145,4470,30,4,2010,6,22,32,0,16,4,CR-800,,0,39.40963889,-85.769105560,0,30,0,0,1,1,6,0,2,10,0,10,0,0000000,22,32,22,44,88,88,0,0,0,1,0
18,180199,1,1,0,1,97,2210,11,5,2010,3,0,15,0,6,4,BROOKVILLE RD,ENGLISH AVE,0,39.76051944,-86.075950000,0,33,0,0,2,7,6,0,2,2,0,2,0,0000000,0,26,0,26,88,88,0,0,0,1,1
18,180200,1,1,2,3,11,5490,8,5,2010,7,3,7,0,4,3,SR-32,CR-900,0,40.04078056,-86.298883330,0,19,0,0,3,3,6,0,2,1,0,1,0,0000000,3,7,3,25,99,99,15,0,0,1,1
18,180201,2,2,0,3,141,4580,9,5,2010,1,19,6,0,6,4,MISHAWAKA AVE,36TH ST,0,41.66592222,-86.198130560,0,12,6,0,2,2,1,0,1,1,0,1,0,0000000,19,6,19,11,99,99,0,0,0,1,2
18,180202,1,1,0,1,57,4480,10,4,2010,7,6,28,0,4,3,SR-47,MAPLE RUN RD,0,40.12991944,-86.225811110,0,34,0,0,1,1,6,0,4,10,0,10,0,0000000,6,29,6,31,99,99,0,0,0,1,1
18,180203,1,1,0,1,155,9997,2,3,2010,3,20,45,0,4,3,SR-250,,0,38.87339444,-85.042247220,0,42,0,0,1,1,6,0,2,1,0,1,0,0000000,20,52,21,17,99,99,0,0,0,1,1
18,180204,1,1,1,1,41,1000,10,5,2010,2,17,0,0,16,4,CR-50,,0,39.64951667,-85.278325000,0,9,0,0,1,1,1,0,1,1,0,1,0,0000000,17,4,17,15,88,88,0,0,0,1,0
18,180205,2,2,0,2,105,380,13,5,2010,5,16,49,0,4,3,SR-446,,0,39.10512222,-86.431075000,0,12,2,0,1,1,1,0,1,10,0,10,0,0000000,16,49,16,59,99,99,0,0,0,1,0
18,180206,1,1,0,1,61,1030,12,5,2010,4,19,40,0,4,3,SR-135,,0,38.14839444,-86.144313890,0,53,0,0,1,1,4,0,1,1,0,1,0,0000000,19,42,19,48,88,88,0,0,0,1,0
18,180207,2,2,0,5,177,4120,15,5,2010,7,15,52,1,1,1,I-70,,1490,39.86748889,-84.925433330,0,57,0,0,1,1,3,0,1,10,0,10,0,0000000,15,54,16,2,88,88,14,0,0,1,0