STATE,ST_CASE,VE_TOTAL,VE_FORMS,PEDS,PERSONS,COUNTY,CITY,DAY,MONTH,YEAR,DAY_WEEK,HOUR,MINUTE,NHS,ROAD_FNC,ROUTE,TWAY_ID,TWAY_ID2,MILEPT,LATITUDE,LONGITUD,SP_JUR,HARM_EV,MAN_COLL,RELJCT1,RELJCT2,TYP_INT,REL_ROAD,WRK_ZONE,LGT_COND,WEATHER1,WEATHER2,WEATHER,SCH_BUS,RAIL,NOT_HOUR,NOT_MIN,ARR_HOUR,ARR_MIN,HOSP_HR,HOSP_MN,CF1,CF2,CF3,FATALS,DRUNK_DR
18,180208,1,1,0,2,89,2010,15,5,2010,7,16,14,0,6,4,177TH ST,BIRCH DR,0,41.57429722,-87.489711110,0,1,0,0,2,3,1,0,1,10,0,10,0,0000000,16,14,16,21,99,99,0,0,0,1,0
18,180209,2,2,0,2,65,3020,30,4,2010,6,23,0,0,3,2,US-36,,0,40.00473889,-85.528308330,0,12,1,0,1,1,1,0,2,10,0,10,0,0000000,23,3,23,12,99,99,0,0,0,1,1
18,180210,2,2,0,2,91,2570,14,5,2010,6,20,53,0,4,3,SR-2,,0,41.54770833,-86.897563890,0,12,2,0,1,1,1,0,2,1,0,1,0,0000000,20,54,20,58,99,99,0,0,0,1,1
18,180211,1,1,0,1,97,2210,10,5,2010,2,1,3,0,6,4,ALLISONVILLE RD,,0,39.83846389,-86.118908330,0,18,0,0,1,1,4,0,2,1,0,1,0,0000000,1,4,1,7,99,99,0,0,0,1,0
18,180212,1,1,0,5,89,1310,2,5,2010,1,0,14,0,14,2,US-20,,0,41.64607500,-87.481213890,0,33,0,0,1,1,4,0,3,2,0,2,0,0000000,0,14,0,17,99,99,0,0,0,1,1
18,180213,1,1,0,1,105,380,15,5,2010,7,2,14,0,16,4,MONROE DAM RD,,0,39.02058333,-86.524886110,0,42,0,0,1,1,6,0,2,1,0,1,0,0000000,2,16,2,16,99,99,0,0,0,1,1
18,180214,1,1,1,1,39,3010,31,3,2010,4,15,50,0,16,4,CR-39,,0,41.60605833,-85.695291670,0,8,0,0,1,1,1,0,1,10,0,10,0,0000000,15,50,15,58,99,99,23,0,0,1,0
18,180215,2,2,0,2,79,3670,4,5,2010,3,15,43,0,4,3,SR-7,,0,38.98770278,-85.611563890,0,12,2,0,1,1,1,0,1,1,0,1,0,0000000,15,43,15,44,99,99,0,0,0,1,0
18,180216,1,1,0,2,27,3190,17,5,2010,2,8,0,0,3,2,US-50,,0,38.66513889,-86.925202780,0,34,0,0,1,1,6,0,1,2,0,2,0,0000000,8,2,8,13,99,99,0,0,0,2,0
18,180217,1,1,0,2,157,2480,15,5,2010,7,3,36,0,3,2,US-231,,0,40.27310833,-86.903572220,0,34,0,0,1,1,6,0,2,1,0,1,0,0000000,3,36,3,44,99,99,0,0,0,1,1
18,180218,3,2,0,3,97,2210,19,5,2010,4,6,5,0,6,4,COLLEGE AVE,33RD ST,0,39.81595278,-86.145044440,0,12,6,0,2,2,1,0,3,10,0,10,0,0000000,6,9,6,11,99,99,0,0,0,1,0
18,180219,1,1,0,2,127,4960,19,5,2010,4,13,33,0,14,2,US-30,AXE AVE,0,41.45699444,-87.054883330,0,24,0,0,3,3,3,0,1,1,0,1,0,0000000,13,34,13,36,99,99,0,0,0,1,0
18,180220,1,1,0,1,89,1100,17,5,2010,2,12,45,0,16,4,RANDOLPH ST,104TH ST,0,41.42901944,-87.238913890,0,42,0,0,3,3,6,0,1,10,2,2,0,0000000,12,45,13,15,99,99,0,0,0,1,0
18,180221,2,2,0,2,35,3360,20,5,2010,5,8,56,0,4,3,SR-67,MEEKER AVE,0,40.15117222,-85.357761110,0,12,6,0,2,2,1,0,1,1,0,1,0,0000000,8,56,9,8,99,99,0,0,0,1,0
18,180222,2,2,0,2,57,4480,21,5,2010,6,6,10,0,3,2,US-31,,0,40.14633889,-86.127319440,0,12,2,0,1,1,1,0,4,10,0,10,0,0000000,6,12,6,35,99,99,0,0,0,1,0
18,180223,1,1,0,2,29,5190,22,5,2010,7,19,55,0,16,4,PINHOOK RD,,0,39.26761389,-84.854022220,0,24,0,0,1,1,6,0,2,1,0,1,0,0000000,19,55,20,14,99,99,0,0,0,1,1
18,180224,1,1,0,4,73,1206,22,5,2010,7,2,16,0,16,4,CR-1100,CR-1100,0,41.17351667,-87.256766670,0,38,0,0,3,3,6,0,2,5,0,5,0,0000000,2,16,2,21,99,99,0,0,0,2,1
18,180225,1,1,0,1,5,990,19,5,2010,4,8,10,0,16,4,STATE ST,,0,39.18144167,-85.866566670,0,53,0,0,1,1,6,0,1,2,0,2,0,0000000,8,11,8,13,99,99,0,0,0,1,0
18,180226,1,1,0,1,71,3598,14,5,2010,6,21,57,0,16,4,CR-825,CR-200,0,38.90462778,-86.192680560,0,34,0,0,2,2,6,0,2,1,0,1,0,0000000,21,57,22,8,99,99,0,0,0,1,0
18,180227,1,1,0,2,105,380,18,5,2010,3,2,17,0,6,4,ARLINGTON RD,,0,39.19791389,-86.558488890,0,42,0,0,1,1,4,0,2,1,0,1,0,0000000,2,17,2,31,99,99,0,0,0,1,0
18,180228,1,1,1,1,55,360,25,5,2010,3,8,35,0,14,2,US-231,,0,39.02692222,-86.944380560,0,30,0,0,1,1,4,0,1,1,0,1,0,0000000,8,38,8,40,99,99,0,0,0,1,0
18,180229,1,1,0,1,121,4210,23,5,2010,1,15,35,0,16,4,CATLIN RD,,0,39.85338889,-87.418300000,0,35,0,0,1,1,6,0,1,1,0,1,0,0000000,10,25,10,32,88,88,18,0,0,1,0
18,180230,1,1,0,2,113,250,25,5,2010,3,21,36,0,4,3,SR-3,,0,41.33621944,-85.221291670,0,11,0,0,1,1,1,0,2,1,0,1,0,0000000,21,37,21,48,99,99,0,0,0,1,0
18,180231,2,2,0,3,97,2210,25,5,2010,3,23,36,0,6,4,MASSACHUSETTS AVE,,0,39.78868611,-86.127061110,0,12,2,0,1,1,1,0,2,1,0,1,0,0000000,23,36,23,36,88,88,0,0,0,2,1
18,180232,3,3,0,8,5,990,30,4,2010,6,15,46,0,4,3,SR-9,,0,39.17325833,-85.842019440,0,12,1,0,1,1,1,0,1,1,0,1,0,0000000,15,46,15,59,99,99,0,0,0,1,0
18,180233,2,1,0,2,3,1580,30,4,2010,6,15,3,0,6,4,CLINTON ST,,0,41.05513333,-85.137583330,0,33,0,0,1,1,6,0,1,1,0,1,0,0000000,15,4,15,6,99,99,0,0,0,1,0
18,180234,1,1,0,1,107,1060,29,5,2010,7,2,47,0,14,2,US-231,,0,40.05764444,-86.908550000,0,34,0,0,1,1,6,0,2,1,0,1,0,0000000,2,48,2,50,88,88,0,0,0,1,1
18,180235,2,2,0,2,147,1860,28,5,2010,6,6,22,0,4,3,SR-66,,0,37.95793611,-86.921252780,0,12,2,0,1,1,1,0,1,10,0,10,0,0000000,6,22,6,39,99,99,0,0,0,1,0
18,180236,1,1,1,1,97,2210,30,5,2010,1,22,16,0,6,4,42ND ST,,0,39.83348889,-86.004925000,0,8,0,0,1,1,1,0,2,1,0,1,0,0000000,22,16,22,16,99,99,0,0,0,1,0
18,180237,2,2,0,3,39,1410,28,5,2010,6,20,19,0,3,2,US-20,ROWE ST,0,41.67740000,-85.925747220,0,12,2,0,3,3,1,0,1,1,0,1,0,0000000,20,19,20,26,99,99,0,0,0,1,1
18,180239,1,1,0,1,19,2270,30,5,2010,1,15,55,1,11,1,I-265,,620,38.33588333,-85.816161110,0,34,0,1,5,1,6,0,1,10,0,10,0,0000000,15,55,16,0,99,99,0,0,0,1,0
18,180240,1,1,0,1,69,3320,30,5,2010,1,2,30,0,16,4,CR-600,,0,40.74065556,-85.558088890,0,24,0,0,1,1,4,0,2,1,0,1,0,0000000,2,36,2,48,88,88,0,0,0,1,1
18,180241,1,1,0,1,141,4580,5,5,2010,4,18,20,0,16,4,GRANT RD,,0,41.66464167,-86.361208330,0,43,0,0,1,1,4,0,1,1,0,1,0,0000000,18,21,18,23,99,99,0,0,0,1,0
18,180242,2,1,0,2,71,4440,6,5,2010,5,7,35,0,14,2,US-50,,0,38.95013056,-85.911369440,0,14,0,0,1,1,2,0,1,1,0,1,0,0000000,7,42,7,42,99,99,0,0,0,1,0
18,180243,2,2,0,2,127,4960,28,5,2010,6,11,21,0,15,3,SR-49,VALE PARK RD,0,41.49275278,-87.021625000,0,12,1,0,2,2,1,0,1,1,0,1,0,0000000,11,21,11,25,88,88,0,0,0,1,0
18,180244,1,1,0,1,153,4750,4,4,2010,1,9,34,0,6,4,SILVER ST,,0,39.08458889,-87.414694440,0,35,0,0,1,1,6,0,1,1,0,1,0,0000000,9,34,9,35,99,99,0,0,0,1,0
18,180245,2,2,0,4,145,4470,28,5,2010,6,17,10,0,6,4,PROGRESS RD,MARKET PLACE DR,0,39.52360556,-85.742666670,0,12,6,0,3,3,1,0,1,1,0,1,0,0000000,17,11,17,14,99,99,0,0,0,1,0
18,180246,2,2,0,4,59,1890,28,5,2010,6,17,12,0,15,3,SR-9,NEW RD,0,39.81413889,-85.770263890,0,12,6,0,3,3,1,1,1,1,0,1,0,0000000,17,12,17,18,99,99,0,0,0,1,0
18,180247,1,1,0,4,97,2210,31,5,2010,2,3,5,0,6,4,MOLLER RD,DUNK DR,0,39.82040278,-86.256322220,0,42,0,0,2,2,6,0,2,10,0,10,0,0000000,3,12,3,17,88,88,0,0,0,1,0
18,180248,1,1,0,2,129,3340,26,5,2010,4,23,19,0,16,4,BASE RD,,0,37.95756389,-87.925430560,0,34,0,0,1,1,4,0,2,1,0,1,0,0000000,23,27,23,35,99,99,0,0,0,1,1
18,180249,2,2,0,2,61,3850,1,6,2010,3,16,30,0,4,3,SR-135,,0,38.34583056,-86.101011110,0,12,1,0,1,1,1,0,1,1,0,1,0,0000000,16,34,16,37,99,99,0,0,0,1,0
18,180250,2,2,0,2,5,990,1,6,2010,3,21,22,0,15,3,SR-46,MORGAN WILLOW TR,0,39.20000833,-85.944733330,0,12,6,0,2,3,1,0,5,1,0,1,0,0000000,21,23,21,27,99,99,0,0,0,1,0
18,180251,2,2,0,2,51,1630,3,6,2010,5,13,30,0,4,3,SR-64,,0,38.32697778,-87.417355560,0,12,2,0,1,1,1,0,1,1,0,1,0,0000000,13,31,13,36,99,99,0,0,0,1,0
18,180252,2,2,0,17,97,2210,5,6,2010,7,13,50,0,6,4,SOUTH ST,DELAWARE ST,0,39.76134444,-86.154741670,0,12,6,0,2,2,1,0,1,10,0,10,0,0000000,13,51,13,53,99,99,0,0,0,1,0
18,180253,2,2,0,2,89,4300,7,6,2010,2,11,5,0,14,2,US-231,,0,41.42115278,-87.444263890,0,12,2,0,1,1,1,0,1,1,0,1,0,0000000,11,12,11,20,99,99,0,0,0,2,0
18,180254,2,2,0,3,97,2210,30,5,2010,1,13,38,0,6,4,SHADELAND AVE,38TH STREET,0,39.82574444,-86.045888890,0,12,6,0,2,7,1,0,1,1,0,1,0,0000000,13,39,13,41,99,99,0,0,0,1,0
18,180255,1,1,0,1,101,4520,30,5,2010,1,15,20,0,6,4,WEST RIVER RD,MCBRIDES BLUFF RD,0,38.67050000,-86.794438890,0,34,0,0,3,3,4,0,1,1,0,1,0,0000000,15,21,15,30,99,99,0,0,0,1,1
18,180256,1,1,0,1,145,4470,4,6,2010,6,21,35,0,16,4,CR-600,,0,39.69424444,-85.896691670,0,24,0,0,1,1,4,0,2,10,0,10,0,0000000,22,21,22,32,88,88,0,0,0,1,0
18,180257,1,1,0,1,181,5400,6,6,2010,1,14,35,1,1,1,I-65,,1950,40.66443889,-87.035022220,0,1,0,0,1,1,3,0,1,1,0,1,0,0000000,14,35,14,55,88,88,0,0,0,1,0
18,180258,1,1,0,1,27,670,31,5,2010,2,0,30,0,16,4,CR-650,,0,38.75061944,-87.007297220,0,24,0,0,1,1,6,0,2,1,0,1,0,0000000,6,1,6,20,88,88,0,0,0,1,1
18,180259,2,2,0,3,167,4840,7,6,2010,2,16,47,0,15,3,SR-46,BILL FARR DR,0,39.43378056,-87.333047220,0,12,6,0,2,2,1,0,1,1,0,1,0,0000000,16,47,16,54,99,99,0,0,0,1,0
18,180260,2,2,0,2,71,4440,7,6,2010,2,16,25,0,16,4,CR-450,CR-100,0,38.94298056,-86.020911110,0,12,6,0,2,2,1,0,1,1,0,1,0,0000000,16,25,16,37,99,99,0,0,0,1,1
18,180261,1,1,0,1,53,2850,9,6,2010,4,16,36,0,6,4,MCCLURE ST,11TH,0,40.55104167,-85.656144440,0,42,0,0,3,3,4,0,1,1,0,1,0,0000000,16,36,16,36,99,99,0,0,0,1,0
18,180262,2,2,0,4,97,310,3,5,2010,2,16,13,0,6,4,25TH AVE,ALBANY ST,0,39.72328333,-86.111241670,0,12,6,0,2,2,1,0,1,1,0,1,0,0000000,16,14,16,17,99,99,0,0,0,1,0
18,180263,2,2,2,4,97,2210,23,5,2010,1,18,22,0,6,4,NELSON ST,MADISON AVE,0,39.72788333,-86.153111110,0,33,0,0,2,2,6,0,1,1,0,1,0,0000000,18,22,18,27,99,99,0,0,0,1,1
18,180265,2,2,0,5,95,140,5,6,2010,7,12,1,0,16,4,CR-50,CR-500,0,40.03323333,-85.673275000,0,12,6,0,2,2,1,0,1,1,0,1,0,0000000,12,1,12,4,99,99,0,0,0,1,0
18,180266,3,3,0,6,163,1480,5,6,2010,7,13,56,0,15,3,SR-62,,330,37.99649167,-87.466461110,0,12,2,0,1,1,1,0,1,10,0,10,0,0000000,14,8,14,17,99,99,0,0,0,1,1
18,180267,1,1,0,2,57,3590,12,6,2010,7,4,45,0,16,4,196TH ST,MONTANA RD,0,40.07445000,-85.869066670,0,30,0,0,3,3,4,0,2,10,0,10,0,0000000,4,46,5,2,99,99,0,0,0,1,1
18,180268,1,1,0,1,31,1910,29,5,2010,7,19,19,0,14,2,US-421,CLEO LANE,0,39.35799444,-85.512536110,0,1,0,0,2,3,1,0,1,1,0,1,0,0000000,19,19,19,22,99,99,0,0,0,1,1
18,180269,2,2,0,2,169,2510,5,6,2010,7,16,23,0,16,4,AMERICA RD,CR-400,0,40.76864722,-85.710502780,0,12,6,0,2,2,1,0,1,1,0,1,0,0000000,16,24,16,34,99,99,0,0,0,1,0
18,180270,3,3,0,5,127,820,9,6,2010,4,17,32,0,3,2,US-20,CR-300,0,41.65109722,-87.009338890,0,12,1,0,2,3,1,0,1,1,0,1,0,0000000,17,33,17,44,99,99,0,0,0,1,1
18,180271,2,2,0,2,73,1206,12,6,2010,7,16,30,0,4,3,SR-10,,0,41.14460833,-87.247527780,0,12,2,0,1,1,1,0,1,2,0,2,0,0000000,16,32,16,34,99,99,0,0,0,1,0
18,180272,1,1,0,1,173,3430,12,6,2010,7,9,45,0,4,3,SR-66,,0,37.93258889,-87.345663890,0,35,0,0,1,1,6,1,1,1,0,1,0,0000000,9,47,10,0,88,88,2,0,0,1,0
18,180273,1,1,0,2,97,2210,6,6,2010,1,1,19,0,6,4,EDGEWOOD AVE,,0,39.68071944,-86.079619440,0,1,0,0,1,1,4,0,2,10,0,10,0,0000000,1,22,1,32,99,99,0,0,0,1,1
18,180274,2,2,0,3,15,604,11,6,2010,6,14,43,0,16,4,CR-700,CR-350,0,40.44559167,-86.458905560,0,12,6,0,2,2,1,0,1,1,0,1,0,0000000,14,45,14,57,99,99,0,0,0,1,0
18,180275,1,1,0,2,17,2730,12,6,2010,7,14,30,0,3,2,US-24,,0,40.73411944,-86.303272220,0,1,0,0,1,1,3,0,1,10,0,10,0,0000000,14,36,14,38,99,99,0,0,0,1,0
18,180276,1,1,0,1,179,2860,12,6,2010,7,0,23,0,4,3,SR-116,,0,40.81283611,-85.296950000,0,34,0,0,1,1,6,0,2,10,0,10,0,0000000,0,23,0,34,88,88,0,0,0,1,0
18,180277,2,2,0,2,3,1580,12,6,2010,7,19,24,0,6,4,WAYNE TR,SANTA ANA DR,0,41.02868889,-85.078275000,0,12,1,0,2,3,1,0,3,10,0,10,0,0000000,20,4,20,38,99,99,0,0,0,1,0
18,180279,1,1,1,1,89,1730,1,6,2010,3,21,55,0,15,3,SR-53,25TH AVE,0,41.57312500,-87.336791670,0,8,0,0,2,2,1,0,3,1,0,1,0,0000000,22,3,22,9,99,99,0,0,0,1,1
18,180280,2,2,0,4,89,2010,11,6,2010,6,18,25,1,1,1,I-90,,89,41.61073889,-87.459111110,0,12,7,0,1,1,1,0,1,1,0,1,0,0000000,18,30,18,38,99,99,0,0,0,1,0
18,180281,2,2,0,2,57,710,12,6,2010,7,16,43,0,6,4,98TH STREET,KEYSTONE PKWY,0,39.92945278,-86.229113890,0,12,6,0,2,2,1,0,1,1,0,1,0,0000000,16,43,16,45,99,99,0,0,0,1,1
18,180282,1,1,0,1,83,3150,10,6,2010,5,20,28,0,4,3,SR-61,,0,38.63598056,-87.424800000,0,34,0,0,1,1,4,0,1,10,0,10,0,0000000,20,28,20,36,88,88,0,0,0,1,0
18,180283,2,2,0,3,141,3100,14,6,2010,2,17,15,0,15,3,SR-23,CLEVELAND RD,0,41.72386389,-86.187825000,0,12,6,0,2,2,1,0,1,10,0,10,0,0000000,17,15,17,17,99,99,0,0,0,1,0
18,180284,2,2,0,2,3,2178,15,6,2010,3,13,37,0,3,2,US-33,,0,41.19325278,-85.295447220,0,12,2,0,1,1,1,0,1,1,0,1,0,0000000,13,38,13,47,99,99,0,0,0,1,0
18,180285,2,2,0,4,73,1206,16,6,2010,4,18,35,0,16,4,CR-1200,,0,41.18824722,-87.216166670,0,12,2,0,1,1,1,0,1,1,0,1,0,0000000,18,35,18,38,99,99,0,0,0,2,0
18,180286,2,2,0,2,91,2570,17,6,2010,5,6,38,0,3,2,US-20,SR-2,0,41.67281111,-86.589233330,0,12,1,0,2,7,1,0,1,1,0,1,0,0000000,6,38,6,40,99,99,0,0,0,1,0
18,180287,3,3,0,3,89,2972,17,6,2010,5,16,0,0,15,3,SR-55,,0,41.51137222,-87.360319440,0,12,2,0,1,1,1,0,1,1,0,1,0,0000000,16,0,16,3,99,99,0,0,0,1,0
18,180288,2,1,0,3,143,4400,15,6,2010,3,23,45,1,1,1,I-65,,235,38.60518611,-85.781338890,0,14,0,0,1,1,2,0,2,1,0,1,0,0000000,23,48,23,54,99,99,23,0,0,1,0
18,180289,1,1,0,3,91,2570,18,6,2010,6,19,12,0,16,4,CR-350,CR-600,0,41.69451389,-86.632088890,0,42,0,0,2,2,6,0,1,2,0,2,0,0000000,19,14,19,20,99,99,0,0,0,2,0
18,180290,2,2,0,3,63,560,20,6,2010,1,22,36,0,15,3,SR-267,NORTHFIELD DR,0,39.85711111,-86.392880560,0,12,6,0,2,2,1,0,2,1,0,1,0,0000000,22,36,22,38,99,99,0,0,0,1,0
18,180291,2,2,0,5,19,4420,17,6,2010,5,5,40,1,1,1,I-65,,215,38.57370278,-85.778802780,0,12,1,0,1,1,1,0,2,1,0,1,0,0000000,5,40,5,51,88,88,0,0,0,1,0
18,180292,2,2,0,7,79,3670,9,6,2010,4,11,54,0,16,4,CR-150,CR-400,0,38.96349722,-85.539388890,0,12,6,0,2,2,1,0,1,1,0,1,0,0000000,11,54,12,1,99,99,0,0,0,1,0
18,180293,2,2,0,4,5,990,21,6,2010,2,20,23,0,15,3,SR-46,SR-11,0,39.20093333,-85.925961110,0,12,6,1,2,7,1,0,1,1,0,1,0,0000000,20,23,20,24,99,99,0,0,0,1,1
18,180294,2,2,0,5,87,2500,22,3,2010,2,15,3,0,3,2,US-20,,0,41.64187500,-85.387802780,0,12,6,0,1,1,1,0,1,10,0,10,0,0000000,15,4,15,8,99,99,0,0,0,1,0
18,180295,1,1,0,1,87,2500,23,4,2010,6,3,10,0,16,4,CR-275,,0,41.60645833,-85.205497220,0,42,0,0,1,1,6,0,2,10,0,10,0,0000000,3,11,3,23,88,88,0,0,0,1,1
18,180296,1,1,1,1,87,2500,27,4,2010,3,16,9,0,4,3,SR-9,,0,41.61993333,-85.414752780,0,49,0,0,1,1,1,0,1,1,0,1,0,0000000,16,10,16,13,99,99,0,0,0,1,0
18,180297,1,1,0,2,87,2500,4,6,2010,6,21,12,0,16,4,CR-600,,0,41.73282778,-85.201722220,0,42,0,0,1,1,6,0,1,1,0,1,0,0000000,21,12,21,21,99,99,0,0,0,1,1
18,180298,1,1,1,1,91,2570,24,6,2010,5,2,6,0,3,2,US-20,,0,41.67240556,-86.633313890,0,8,0,0,1,1,1,0,2,1,0,1,0,0000000,2,6,2,10,88,88,0,0,0,1,0
18,180299,1,1,0,1,127,4960,22,6,2010,3,21,33,0,14,2,US-30,,0,41.45713611,-87.055319440,0,25,0,0,1,1,3,0,2,10,0,10,0,0000000,21,33,21,34,99,99,0,0,0,1,0
18,180300,3,3,0,4,89,2010,22,6,2010,3,17,27,0,14,2,US-41,,0,41.65540833,-87.508850000,0,12,2,0,1,1,1,0,1,1,0,1,0,0000000,17,27,17,40,99,99,0,0,0,1,0
18,180301,2,2,0,3,97,2210,23,6,2010,4,22,47,0,6,4,TROY AVE,MADISON AVE,0,39.72261944,-86.150188890,0,12,6,0,2,2,1,0,2,1,0,1,0,0000000,22,47,22,50,88,88,0,0,0,1,1
18,180302,1,1,0,1,109,2890,10,6,2010,5,6,0,0,16,4,DILLMAN RD,,0,39.44481111,-86.275205560,0,11,0,0,1,1,1,0,4,1,0,1,0,0000000,6,18,6,24,99,99,0,0,0,1,0
18,180303,2,2,1,2,89,1730,19,6,2010,7,22,18,0,6,4,RIDGE RD,,0,41.54809444,-87.373966670,0,8,0,0,1,1,1,0,2,1,0,1,0,0000000,22,20,22,20,99,99,0,0,0,1,0
18,180304,2,2,0,3,7,430,24,6,2010,5,2,17,0,3,2,US-41,SR-352,0,40.52116111,-87.375797220,0,12,6,0,2,2,1,0,2,10,0,10,0,0000000,2,17,2,24,99,99,0,0,0,1,0
18,180305,1,1,0,2,63,560,22,6,2010,3,23,0,0,16,4,ODELL STREET,ATHERTON CT,0,39.81568056,-86.387852780,0,5,0,0,2,3,1,0,3,1,0,1,0,0000000,1,8,1,8,88,88,0,0,0,1,0
18,180306,1,1,1,2,53,2280,26,6,2010,7,17,25,0,4,3,SR-15,61ST STREET,0,40.49765000,-85.634169440,0,8,0,0,3,3,1,0,1,1,0,1,0,0000000,17,25,17,31,99,99,0,0,0,1,0
18,180307,1,1,0,2,119,4630,26,6,2010,7,15,37,0,4,3,SR-42,,0,39.44495833,-86.865861110,0,30,0,0,1,1,4,0,1,1,0,1,0,0000000,15,37,15,59,99,99,0,0,0,1,0
18,180308,1,1,0,1,163,9997,26,6,2010,7,6,47,0,16,4,DARMSTADT RD,,0,38.10312222,-87.577427780,0,53,0,0,1,1,4,0,1,1,0,1,0,0000000,6,48,7,2,88,88,0,0,0,1,0
18,180309,1,1,0,1,61,2540,24,6,2010,5,13,9,1,1,1,I-64,,1115,38.25698611,-86.015566670,0,25,0,0,1,1,6,0,1,1,0,1,0,0000000,13,9,13,18,88,88,0,0,0,1,0
18,180310,2,2,1,5,77,2830,12,6,2010,7,18,51,0,4,3,SR-256,,0,38.73701389,-85.641430560,0,12,1,0,1,1,1,0,1,1,0,1,0,0000000,18,51,19,5,99,99,14,0,0,1,0
18,180311,2,2,0,2,163,1480,27,6,2010,1,8,21,0,3,2,US-41,HILLSDALE RD,0,38.07958056,-87.555455560,0,12,6,1,2,2,1,0,1,10,0,10,0,0000000,8,22,8,27,99,99,0,0,0,1,0
18,180312,1,1,0,1,11,2630,1,7,2010,5,2,28,1,1,1,I-74,,530,39.93343889,-86.599522220,0,35,0,0,1,1,3,0,2,1,0,1,0,0000000,2,33,2,42,88,88,0,0,0,1,0
18,180313,1,1,0,2,39,480,12,6,2010,7,12,49,0,16,4,CR-21,,0,41.75415278,-85.802363890,0,5,0,0,1,1,1,0,1,10,0,10,0,0000000,12,49,12,56,99,99,0,0,0,1,0
18,180315,1,1,0,5,31,1910,25,6,2010,6,0,29,0,4,3,SR-3,,0,39.30986389,-85.576630560,0,38,0,0,1,1,6,0,2,1,0,1,0,0000000,1,3,1,20,99,99,20,0,0,1,0
18,180316,2,2,0,3,153,2970,29,5,2010,7,13,51,0,4,3,SR-63,CR-75,0,39.09584167,-87.556308330,0,1,0,0,3,3,6,0,1,1,0,1,0,0000000,13,51,14,2,99,99,0,0,0,1,0
18,180317,1,1,0,1,169,4170,1,7,2010,5,18,45,0,6,4,CR-700,,0,40.88503333,-85.924416670,0,1,0,0,1,1,6,0,1,1,0,1,0,0000000,18,45,18,53,99,99,0,0,0,1,0
18,180318,2,1,0,2,39,1410,2,7,2010,6,13,0,0,6,4,FULTON ST,,0,41.68767500,-85.991494440,0,33,0,0,1,1,5,0,1,1,0,1,0,0000000,13,0,13,5,99,99,0,0,0,1,0
18,180319,1,1,0,1,57,3590,3,7,2010,7,4,6,0,16,4,GRAY ROAD,,0,40.01183889,-86.089725000,0,42,0,0,1,1,6,0,2,1,0,1,0,0000000,4,6,4,12,88,88,0,0,0,1,1
18,180320,2,2,0,3,97,2210,3,7,2010,7,18,13,0,6,4,EMERSON AVE,,0,39.76038611,-86.083375000,0,12,6,0,8,1,1,0,1,1,0,1,0,0000000,18,14,18,18,88,88,0,0,0,1,1
18,180321,2,2,0,2,39,1830,4,7,2010,1,17,4,0,4,3,SR-15,,0,41.46865000,-85.840258330,0,12,6,0,1,1,1,0,1,10,0,10,0,0000000,17,4,17,19,88,88,0,0,0,1,0
18,180322,1,1,1,1,39,1410,4,7,2010,1,22,17,0,15,3,SR-19,,0,41.74883889,-85.975313890,0,8,0,0,1,1,1,0,2,1,0,1,0,0000000,22,17,22,25,99,99,0,0,0,1,0
18,180323,1,1,0,1,167,4840,5,7,2010,2,20,30,0,16,4,FRENCH DR,,0,39.28874167,-87.444991670,0,42,0,0,1,1,6,0,1,1,0,1,0,0000000,20,34,20,53,99,99,0,0,0,1,0
18,180324,1,1,0,1,127,2080,3,7,2010,7,18,44,0,4,3,SR-8,,0,41.31817222,-87.161322220,0,42,0,0,1,1,6,0,1,1,0,1,0,0000000,18,44,18,57,99,99,0,0,0,1,1
18,180325,2,2,0,2,33,1720,5,7,2010,2,16,21,0,4,3,SR-205,CR-3,0,41.30321667,-85.174769440,0,12,6,0,2,2,1,0,1,1,0,1,0,0000000,16,22,16,28,99,99,0,0,0,1,0
18,180326,2,2,0,4,103,3940,4,7,2010,1,13,11,0,16,4,CR-500,CR-550,0,40.69350000,-85.968938890,0,12,6,0,2,2,1,0,1,1,0,1,0,0000000,13,11,13,31,99,99,0,0,0,1,0
18,180327,1,1,0,1,55,2690,1,7,2010,5,22,45,0,6,4,SW 9TH ST,SW C ST,0,39.03111389,-87.176941670,0,35,0,0,3,3,6,0,2,1,0,1,0,0000000,23,14,23,38,88,88,0,0,0,1,0
18,180328,1,1,0,1,39,1830,6,7,2010,3,1,34,0,16,4,CR-36,,0,41.56686389,-85.711083330,0,11,0,0,1,1,1,0,2,1,0,1,0,0000000,1,34,1,40,88,88,0,0,0,1,1
18,180329,1,1,0,2,127,2080,4,7,2010,1,22,38,0,16,4,DEER VALLEY RD,HAPPY VALLEY RD,0,41.41056944,-87.215402780,0,5,0,0,3,3,1,0,2,1,0,1,0,0000000,22,41,23,5,99,99,0,0,0,1,0
18,180330,1,1,0,1,3,1580,10,7,2010,7,3,17,0,6,4,PARNELL AVE,CURDES AVE,0,41.10121667,-85.131338890,0,33,0,0,2,2,6,0,2,1,0,1,0,0000000,3,19,3,21,99,99,0,0,0,1,1
18,180331,1,1,0,1,95,70,7,7,2010,4,7,18,0,4,3,SR-28,,0,40.27847778,-85.728377780,0,32,0,0,1,1,6,0,1,1,0,1,0,0000000,7,18,7,24,88,88,0,0,0,1,0