STATE,ST_CASE,VE_TOTAL,VE_FORMS,PEDS,PERSONS,COUNTY,CITY,DAY,MONTH,YEAR,DAY_WEEK,HOUR,MINUTE,NHS,ROAD_FNC,ROUTE,TWAY_ID,TWAY_ID2,MILEPT,LATITUDE,LONGITUD,SP_JUR,HARM_EV,MAN_COLL,RELJCT1,RELJCT2,TYP_INT,REL_ROAD,WRK_ZONE,LGT_COND,WEATHER1,WEATHER2,WEATHER,SCH_BUS,RAIL,NOT_HOUR,NOT_MIN,ARR_HOUR,ARR_MIN,HOSP_HR,HOSP_MN,CF1,CF2,CF3,FATALS,DRUNK_DR
18,180332,1,1,0,3,93,4903,11,7,2010,1,2,5,0,16,4,TUNNELTON DENNISON,,0,38.74980000,-86.330136110,0,42,0,0,1,1,6,0,2,1,0,1,0,0000000,2,5,2,20,99,99,0,0,0,1,0
18,180333,2,2,0,3,97,2210,11,7,2010,1,0,30,0,6,4,MERIDIAN ST,SOUTHERN PLAZA DR,0,39.70335556,-86.158561110,0,12,2,0,3,3,1,0,2,1,0,1,0,0000000,0,32,0,35,99,99,0,0,0,1,1
18,180334,2,2,0,5,131,5340,2,7,2010,6,17,17,0,16,4,CR-200,CR-500,0,41.08491389,-86.699380560,0,12,6,0,2,2,1,0,1,1,0,1,0,0000000,18,17,18,23,99,99,0,0,0,1,0
18,180335,2,2,0,3,105,380,9,7,2010,6,14,18,0,4,3,SR-37,WAYPORT RD,0,39.25709444,-86.525411110,0,12,1,0,2,2,1,0,1,1,0,1,0,0000000,14,21,14,35,99,99,0,0,0,1,0
18,180336,1,1,0,1,129,4050,30,6,2010,4,19,2,0,16,4,BLAKE RD,,0,38.10369722,-87.734155560,0,58,0,0,1,1,6,0,1,1,0,1,0,0000000,19,8,19,18,88,88,0,0,0,1,0
18,180337,2,2,0,3,147,4200,11,7,2010,1,15,18,0,4,3,SR-161,,0,99.99990000,999.999900000,0,12,2,0,1,1,1,0,1,1,0,1,0,0000000,15,18,15,25,99,99,0,0,0,1,0
18,180338,3,1,0,1,27,5120,5,7,2010,2,15,16,0,6,4,BEDFORD RD,,0,38.66038056,-87.165011110,0,14,0,0,1,1,7,0,1,1,0,1,0,0000000,15,16,15,17,99,99,0,0,0,1,0
18,180339,2,2,0,3,39,1830,13,7,2010,3,16,1,0,3,2,US-6,,0,41.45022222,-85.769447220,0,12,8,0,1,1,1,0,1,10,0,10,0,0000000,16,1,16,16,99,99,0,0,0,1,0
18,180340,1,1,0,1,59,5310,9,7,2010,6,6,5,0,4,3,SR-234,,0,39.90176944,-85.677738890,0,42,0,0,1,1,6,0,4,10,0,10,0,0000000,6,5,6,14,88,88,0,0,0,1,0
18,180341,3,3,0,9,89,1100,7,7,2010,4,12,7,0,15,3,SR-55,MOHAWK DR,0,41.41046667,-87.354741670,0,12,2,0,3,3,1,0,1,1,0,1,0,0000000,12,7,12,9,99,99,0,0,0,1,0
18,180342,1,1,0,1,77,2830,11,7,2010,1,15,41,0,4,3,SR-250,,0,38.83439167,-85.576758330,0,42,0,0,1,1,6,0,1,1,0,1,0,0000000,15,41,15,51,88,88,0,0,0,1,0
18,180343,2,2,0,2,63,900,13,7,2010,3,4,45,0,4,3,SR-39,,0,39.61547500,-86.480341670,0,12,6,0,1,1,1,0,2,1,0,1,0,0000000,5,15,5,38,88,88,0,0,0,1,0
18,180344,1,1,0,1,105,380,11,7,2010,1,14,20,0,6,4,CURRY PIKE,,0,39.14914167,-86.582672220,0,43,0,0,1,1,6,0,1,1,0,1,0,0000000,14,20,14,22,99,99,0,0,0,1,0
18,180345,1,1,0,1,127,4025,8,7,2010,5,1,35,1,1,1,I-94,,185,41.60219167,-87.181516670,0,42,0,0,1,1,6,0,2,1,0,1,0,0000000,1,46,1,51,88,88,0,0,0,1,0
18,180346,1,1,0,1,169,5040,16,7,2010,6,1,50,0,16,4,OLD SR - 15,,0,40.75330278,-85.806580560,0,30,0,0,1,1,6,0,2,1,0,1,0,0000000,1,58,2,3,88,88,0,0,0,1,1
18,180347,2,2,0,3,57,3590,17,7,2010,7,15,36,0,4,3,SR-37,,0,40.07439444,-85.982866670,0,12,2,0,1,1,1,0,1,1,0,1,0,0000000,15,38,15,43,99,99,0,0,0,1,1
18,180348,1,1,0,1,89,760,17,7,2010,7,8,58,0,16,4,MAGOUN ST,,0,41.34485556,-87.479580560,0,42,0,0,1,1,6,0,2,1,0,1,0,0000000,8,59,9,9,88,88,0,0,0,1,0
18,180349,5,5,0,9,89,1730,9,7,2010,6,15,12,0,6,4,GRANT ST,24TH AVE,0,41.57519722,-87.356672220,0,12,6,0,2,2,1,0,1,1,0,1,0,0000000,15,19,15,31,99,99,14,0,0,1,0
18,180350,3,3,0,4,33,1720,14,7,2010,4,10,35,0,16,4,CR-327,,0,41.30837500,-85.136061110,0,12,2,0,1,1,1,0,1,1,0,1,0,0000000,10,40,10,48,99,99,0,0,0,1,1
18,180351,1,1,0,2,93,9997,18,7,2010,1,15,58,0,16,4,OLD FARM RD,,0,99.99990000,999.999900000,0,42,0,0,1,1,6,0,1,10,0,10,0,0000000,15,58,16,9,99,99,0,0,0,1,0
18,180352,2,2,0,2,145,4470,13,7,2010,3,16,20,0,4,3,SR-252,CR-425,0,39.36393333,-85.863561110,0,12,6,0,3,3,1,0,1,1,0,1,0,0000000,16,20,16,35,99,99,0,0,0,1,0
18,180353,1,1,0,1,145,4470,14,7,2010,4,15,48,0,4,3,SR-9,,0,39.42439167,-85.751122220,0,38,0,0,1,1,6,0,1,1,0,1,0,0000000,15,48,15,50,88,88,0,0,0,1,0
18,180354,1,1,0,4,39,3380,20,7,2010,3,7,18,0,6,4,CHEYENNE ST,,0,41.44813056,-86.023744440,0,5,0,0,1,1,1,0,1,1,0,1,0,0000000,7,18,7,23,99,99,0,0,0,1,0
18,180355,2,2,0,2,105,380,20,7,2010,3,6,50,0,6,4,LEONARD SPRINGS RD,,0,39.12393333,-86.583080560,0,12,2,0,1,1,1,0,4,2,0,2,0,0000000,6,50,6,55,99,99,0,0,0,1,1
18,180356,2,2,0,2,3,1580,2,7,2010,6,8,23,0,6,4,COVINGTON RD,SCOTT RD,0,41.06000278,-85.274850000,0,12,6,0,3,3,1,0,2,1,0,1,0,0000000,8,24,8,27,99,99,0,0,0,1,0
18,180357,2,2,0,3,83,5030,19,7,2010,2,14,17,0,16,4,SOUTH HART STREET,,0,99.99990000,999.999900000,0,12,2,0,1,1,1,0,1,1,0,1,0,0000000,14,23,14,29,99,99,0,0,0,1,1
18,180358,1,1,0,1,11,2240,24,7,2010,7,16,15,0,16,4,CR-800,,0,39.92316667,-86.585183330,0,24,0,0,1,1,6,0,1,1,0,1,0,0000000,16,18,16,33,88,88,0,0,0,1,0
18,180359,2,2,0,2,43,3400,16,7,2010,6,11,42,0,14,2,US-150,PAOLI PIKE,0,38.33499167,-85.901583330,0,12,6,1,2,2,1,0,1,1,0,1,0,0000000,11,42,11,44,99,99,0,0,0,1,0
18,180360,2,2,0,2,159,2121,22,7,2010,5,6,59,0,4,3,SR-28,SR-213,0,40.28541944,-85.957030560,0,12,6,0,2,2,1,0,1,5,0,5,0,0000000,7,0,7,5,99,99,0,0,0,1,0
18,180361,1,1,0,1,127,4960,24,7,2010,7,6,58,0,4,3,SR-149,,0,41.50710000,-87.123986110,0,30,0,0,1,1,6,0,2,10,0,10,0,0000000,7,1,7,4,99,99,0,0,0,1,0
18,180362,1,1,1,1,157,2480,24,7,2010,7,13,53,1,11,1,I-65,,1710,40.40980278,-86.813063890,0,8,0,0,1,1,1,0,1,1,0,1,0,0000000,13,53,13,53,88,88,0,0,0,1,0
18,180363,4,4,0,6,127,4960,26,7,2010,2,16,0,0,4,3,SR-2,,0,41.50613611,-86.954983330,0,12,1,0,1,1,1,0,1,1,0,1,0,0000000,16,3,16,11,99,99,0,0,0,1,0
18,180364,1,1,0,3,57,4480,26,7,2010,2,13,22,0,16,4,LAMONG RD,,0,40.18861111,-86.204480560,0,34,0,0,1,1,6,0,1,1,0,1,0,0000000,13,23,13,36,99,99,0,0,0,1,0
18,180365,2,2,0,2,167,4840,1,6,2010,3,23,10,0,6,4,HASSELBURGER AVE,,0,39.54270556,-87.370061110,0,12,1,0,1,1,1,0,2,1,0,1,0,0000000,23,16,23,22,99,99,0,0,0,1,1
18,180366,2,2,0,2,67,2430,28,7,2010,4,16,21,0,3,2,US-35,,0,40.47718333,-86.070155560,0,30,0,0,1,1,6,4,1,1,0,1,0,0000000,16,22,16,28,99,99,0,0,0,1,0
18,180367,1,1,0,1,47,550,26,7,2010,2,17,23,0,16,4,SAINT MARYS RD,,0,39.38333889,-85.085419440,0,11,0,0,1,1,1,0,1,1,0,1,0,0000000,17,23,17,33,88,88,0,0,0,1,0
18,180368,1,1,0,1,61,3850,30,7,2010,6,1,55,0,16,4,HANCOCK CHAPEL ROAD,,0,38.36753611,-86.112041670,0,42,0,0,1,1,6,0,2,1,0,1,0,0000000,10,37,10,47,88,88,0,0,0,1,1
18,180369,1,1,1,3,97,2210,28,7,2010,4,21,43,0,6,4,30TH ST,,0,39.81173333,-85.981880560,0,8,0,0,1,1,1,0,2,1,0,1,0,0000000,21,45,21,52,99,99,0,0,0,1,0
18,180370,1,1,0,4,89,1730,23,7,2010,6,9,16,0,14,2,US-12,,0,41.61003611,-87.222561110,0,10,0,0,6,1,1,0,1,1,0,1,0,870876S,9,20,9,28,99,99,0,0,0,2,0
18,180371,2,1,1,3,89,2120,1,8,2010,1,15,58,1,11,1,I-65,,2566,41.51937500,-87.318563890,0,14,0,0,1,1,2,0,1,1,0,1,0,0000000,16,5,16,10,99,99,23,0,0,1,0
18,180372,1,1,0,1,87,2165,17,6,2010,5,19,58,0,16,4,CR-600,CR-50,0,41.72880833,-85.418100000,0,31,0,0,2,3,4,0,1,1,0,1,0,0000000,19,58,20,3,88,88,0,0,0,1,1
18,180373,2,2,0,3,11,2630,30,7,2010,6,14,30,0,16,4,CR-300,CR-150,0,40.08306389,-86.496991670,0,12,6,0,2,2,1,0,1,10,0,10,0,0000000,14,30,14,38,15,22,0,0,0,1,0
18,180374,2,2,0,2,23,2390,2,8,2010,2,7,48,0,3,2,US-421,,0,40.17769167,-86.353397220,0,12,2,0,1,1,1,0,1,1,0,1,0,0000000,7,49,8,3,99,99,0,0,0,1,0
18,180375,2,1,0,1,143,4400,6,7,2010,3,21,55,0,6,4,HIGH ST,BOND ST,0,38.68852500,-85.772775000,0,18,0,0,2,2,6,0,2,1,0,1,0,0000000,21,55,21,55,88,88,20,0,0,1,0
18,180376,2,2,0,3,87,4870,15,6,2010,3,13,42,0,16,4,CR-700,,0,41.53967778,-85.509725000,0,12,1,0,8,1,1,0,1,1,0,1,0,0000000,13,44,13,53,99,99,0,0,0,1,0
18,180377,2,2,0,5,39,3060,3,8,2010,3,11,58,0,16,4,CR-37,CR-40,0,41.53771944,-85.712672220,0,12,6,0,2,2,1,0,1,2,0,2,0,0000000,12,0,12,16,99,99,0,0,0,1,0
18,180378,2,2,0,2,103,3940,2,8,2010,2,13,52,0,3,2,US-31,EEL RIVER,0,40.80640278,-86.129550000,0,12,1,0,2,2,1,0,1,1,0,1,0,0000000,13,54,13,56,99,99,0,0,0,2,0
18,180379,2,2,0,4,141,4580,30,7,2010,6,22,43,0,4,3,SR-933,DOUGLAS RD,0,41.70893333,-86.250400000,0,1,0,0,2,2,1,0,2,1,0,1,0,0000000,22,43,22,45,99,99,0,0,0,1,1
18,180380,2,2,0,2,19,800,3,8,2010,3,8,20,0,16,4,SUNSET TRAIL RD,EMERALD LAKE DR,0,38.47986389,-85.670786110,0,12,2,0,3,3,1,0,1,1,0,1,0,0000000,8,23,8,31,99,99,0,0,0,1,0
18,180381,2,2,0,2,31,1910,21,6,2010,2,23,42,0,16,4,CR-700,CR-700,0,39.23393056,-85.613000000,0,12,6,0,2,2,1,0,2,1,0,1,0,0000000,23,42,23,51,88,88,0,0,0,1,0
18,180382,1,1,0,1,89,1100,3,8,2010,3,23,17,0,3,2,US-231,,0,41.33681667,-87.225738890,0,34,0,0,1,1,6,0,2,1,0,1,0,0000000,23,17,23,25,88,88,0,0,0,1,1
18,180383,2,2,0,3,89,1100,4,8,2010,4,9,31,0,15,3,SR-55,BURRELL DR,0,41.39115278,-87.354772220,0,12,6,0,2,3,1,0,1,1,0,1,0,0000000,9,31,9,32,99,99,0,0,0,1,0
18,180384,4,4,0,5,97,2210,6,8,2010,6,11,21,0,6,4,56TH ST,BRENDON WAY DR,0,39.85510278,-86.054450000,0,12,1,0,3,2,1,0,1,1,0,1,0,0000000,11,21,11,21,99,99,20,0,0,1,1
18,180385,2,2,0,2,99,4010,17,7,2010,7,7,12,0,3,2,US-31,,0,41.31613333,-86.275441670,0,12,1,0,1,1,1,0,1,5,0,5,0,0000000,7,16,7,16,99,99,0,0,0,1,0
18,180386,2,2,0,3,85,3680,3,8,2010,3,16,27,0,4,3,SR-13,CR-500,0,41.30886111,-85.691063890,0,1,0,0,2,2,1,0,1,1,0,1,0,0000000,16,27,16,35,88,88,0,0,0,1,0
18,180387,2,2,0,2,39,1830,6,8,2010,6,17,56,0,16,4,CR-19,,0,41.55699167,-85.867038890,0,12,2,0,1,1,5,0,1,1,0,1,0,0000000,17,56,18,6,99,99,0,0,0,1,0
18,180388,2,2,0,3,43,3400,6,8,2010,6,22,50,0,15,3,SR-311,PLANTATION DR,0,38.36383333,-85.781044440,0,12,1,0,2,2,1,0,2,1,0,1,0,0000000,22,50,22,52,99,99,0,0,0,1,0
18,180389,1,1,0,5,143,240,16,7,2010,6,17,45,0,6,4,MAIN STREET,,0,38.74332222,-85.799144440,0,34,0,0,1,1,6,0,1,1,0,1,0,0000000,17,47,17,52,99,99,0,0,0,1,1
18,180390,1,1,0,5,39,1830,21,7,2010,4,21,48,0,15,3,SR-15,SR-119,0,41.57570833,-85.832147220,0,33,0,0,2,2,6,0,1,1,0,1,0,0000000,21,48,21,50,99,99,0,0,0,1,0
18,180391,1,1,0,1,167,4840,8,8,2010,1,3,0,0,6,4,9TH STREET,,0,39.44719722,-87.404652780,0,33,0,0,1,1,6,0,2,1,0,1,0,0000000,3,15,3,18,88,88,0,0,0,1,1
18,180392,1,1,0,1,89,4300,8,8,2010,1,2,50,0,14,2,US-231,,0,41.42116944,-87.441344440,0,1,0,0,1,1,5,0,2,1,0,1,0,0000000,2,50,2,55,88,88,0,0,0,1,1
18,180393,2,2,0,3,111,3270,31,7,2010,7,14,59,0,4,3,SR-10,CR-108,0,41.14476111,-87.412033330,0,12,6,0,3,3,1,0,1,1,0,1,0,0000000,14,59,15,15,99,99,0,0,0,2,1
18,180394,1,1,0,3,23,1640,2,8,2010,2,0,4,1,1,1,I-65,,1580,40.26374444,-86.656980560,0,34,0,0,1,1,3,0,2,1,0,1,0,0000000,0,6,0,14,99,99,0,0,0,1,0
18,180395,1,1,0,1,137,3030,7,8,2010,7,23,55,0,4,3,SR-101,,0,39.16327500,-85.131683330,0,42,0,0,1,1,5,0,2,1,0,1,0,0000000,23,55,23,56,88,88,0,0,0,1,0
18,180396,2,2,0,2,149,2420,2,7,2010,6,11,38,0,3,2,US-35,,0,41.31778611,-86.621016670,0,12,2,0,1,1,1,0,1,1,0,1,0,0000000,11,38,11,41,99,99,0,0,0,1,0
18,180397,2,2,0,4,27,5120,22,7,2010,5,18,22,0,15,3,SR-50,BUSSARD RD,0,38.65435000,-87.147416670,0,12,6,0,3,3,1,0,1,1,0,1,0,0000000,18,22,18,25,99,99,0,0,0,1,0
18,180398,2,2,0,5,83,1190,7,8,2010,7,23,52,0,4,3,SR-241,DECKER RD,0,38.53870000,-87.501211110,0,12,6,0,2,2,1,0,2,1,0,1,0,0000000,23,52,23,59,99,99,0,0,0,1,1
18,180399,2,2,0,2,81,4880,11,8,2010,4,6,36,0,16,4,SPEARSVILLE RD,,0,99.99990000,999.999900000,0,12,2,0,1,1,1,0,4,1,0,1,0,0000000,6,38,6,44,88,88,0,0,0,1,0
18,180400,1,1,1,1,95,140,10,8,2010,3,11,8,0,16,4,CROSS STREET,,0,40.13515278,-85.632247220,0,9,0,0,1,1,1,0,1,1,0,1,0,0000000,11,8,11,23,99,99,0,0,0,1,0
18,180401,1,1,0,1,85,4810,1,8,2010,1,2,59,0,16,4,BOWSER RD,,0,41.40770000,-85.763977780,0,1,0,0,1,1,5,0,2,1,0,1,0,0000000,2,59,3,12,99,99,0,0,0,1,1
18,180402,1,1,0,1,29,3230,2,6,2010,4,18,47,0,16,4,NORTH HOGAN RD,,0,39.11825833,-85.028344440,0,42,0,0,1,1,6,0,1,10,0,10,0,0000000,18,47,19,1,99,99,0,0,0,1,0
18,180403,1,1,0,1,39,1830,12,8,2010,5,21,5,0,6,4,MONROE ST,,0,41.58076667,-85.806119440,0,30,0,0,1,1,4,0,5,1,0,1,0,0000000,21,9,21,18,99,99,0,0,0,1,1
18,180404,1,1,0,2,57,5180,11,7,2010,1,5,14,0,16,4,E 191ST STREET,,0,40.06459167,-86.135472220,0,30,0,0,1,1,4,0,2,1,0,1,0,0000000,5,14,5,16,99,99,0,0,0,1,1
18,180405,1,1,0,2,79,3670,14,8,2010,7,18,16,0,16,4,CR-800,,0,39.10305556,-85.602808330,0,35,0,0,1,1,6,0,1,1,0,1,0,0000000,18,18,18,23,99,99,0,0,0,1,1
18,180406,2,2,0,2,141,3790,6,8,2010,6,9,38,0,16,4,MCKINLEY HWY,,0,41.68874444,-86.077880560,0,12,1,0,1,1,1,0,1,10,0,10,0,0000000,9,39,9,43,99,99,0,0,0,1,0
18,180407,1,1,0,1,29,1880,14,8,2010,7,14,48,0,6,4,STATELINE RD,,0,99.99990000,999.999900000,0,30,0,0,1,1,5,0,1,10,0,10,0,0000000,14,48,14,48,88,88,0,0,0,1,0
18,180408,1,1,0,2,89,4380,13,8,2010,6,10,22,0,14,2,US-41,,0,41.68374444,-87.508977780,0,19,0,0,8,1,5,0,1,1,0,1,0,0000000,10,22,10,25,99,99,0,0,0,1,0
18,180409,2,2,0,2,127,4960,14,8,2010,7,11,58,0,3,2,US-30,CR-450,0,41.44208333,-86.978761110,0,12,6,0,2,2,1,0,1,1,0,1,0,0000000,12,0,12,6,88,88,0,0,0,1,0
18,180410,2,2,0,2,31,1910,12,8,2010,5,19,15,0,3,2,US-421,,0,39.26189722,-85.374155560,0,1,0,0,1,1,1,0,1,1,0,1,0,0000000,19,22,19,32,99,99,0,0,0,1,1
18,180411,1,1,0,1,29,230,16,8,2010,2,12,18,0,16,4,NORTH HOGAN RD,,0,39.08457222,-84.962511110,0,42,0,0,1,1,5,0,1,1,0,1,0,0000000,12,18,12,30,88,88,0,0,0,1,0
18,180412,1,1,0,2,145,4470,11,8,2010,4,9,57,1,1,1,I-74,,1160,39.52225000,-85.728422220,0,1,0,0,1,1,1,0,1,1,0,1,0,0000000,9,57,10,1,99,99,0,0,0,2,0
18,180413,1,1,1,1,51,4060,12,8,2010,5,10,32,0,15,3,SR-64,HART ST,0,38.35545556,-87.569102780,0,8,0,0,3,2,1,0,1,1,0,1,0,0000000,10,32,10,32,99,99,0,0,0,1,0
18,180414,2,2,0,5,87,2500,13,8,2010,6,22,55,0,3,2,US-20,,0,41.64110556,-85.387458330,0,12,2,0,1,1,1,1,2,1,0,1,0,0000000,22,58,22,58,99,99,4,0,0,2,0
18,180416,1,1,1,1,3,1850,18,8,2010,4,17,15,0,16,4,THIMLAR RD,,0,41.16566667,-84.936933330,0,9,0,0,1,1,1,0,1,1,0,1,0,0000000,17,20,17,32,88,88,0,0,0,1,0
18,180417,1,1,0,1,97,2210,15,8,2010,1,3,18,0,6,4,34TH ST,,0,39.81835833,-86.071766670,0,1,0,0,1,1,1,0,2,1,0,1,0,0000000,3,18,3,20,99,99,0,0,0,1,1
18,180418,2,2,0,3,89,1100,7,8,2010,7,4,5,1,1,1,I-65,,2490,41.41701667,-87.321352780,0,12,1,0,1,1,1,0,2,1,0,1,0,0000000,4,8,4,32,99,99,0,0,0,1,1
18,180419,2,2,0,3,127,4960,24,7,2010,7,15,6,0,14,2,US-30,HORSEPRAIRE AVE,0,41.46003056,-87.067594440,0,12,6,0,2,2,1,0,1,1,0,1,0,0000000,15,6,15,7,99,99,0,0,0,1,0
18,180420,2,2,0,2,27,5120,19,8,2010,5,10,19,0,3,2,US-50,CR-300,0,38.65515278,-87.110080560,0,12,6,0,2,2,1,0,1,1,0,1,0,0000000,10,19,10,22,99,99,0,0,0,1,0
18,180421,1,1,1,1,113,250,18,8,2010,4,12,12,0,4,3,SR-3,,0,41.29799167,-85.190563890,0,9,0,0,1,1,1,0,1,1,0,1,0,0000000,12,12,12,17,99,99,0,0,0,1,0
18,180422,2,2,0,2,169,5040,22,8,2010,1,12,55,0,15,3,SR-15,SR-24,0,40.81562778,-85.838586110,0,12,6,0,2,3,1,0,1,1,0,1,0,0000000,12,55,12,59,88,88,0,0,0,1,0
18,180423,1,1,0,1,165,740,20,8,2010,6,19,45,0,4,3,SR-234,,0,39.94623333,-87.525994440,0,34,0,0,1,1,6,0,1,1,0,1,0,0000000,19,45,19,50,99,99,0,0,0,1,1
18,180424,1,1,0,1,89,1970,22,8,2010,1,0,14,0,6,4,ARBOGAST ST,,0,41.50827222,-87.419177780,0,38,0,0,1,1,6,0,2,1,0,1,0,0000000,0,14,1,0,88,88,0,0,0,1,1
18,180425,1,1,0,1,181,3200,20,8,2010,6,9,27,0,6,4,ILLINOIS ST,JEFFERSON ST,0,40.74257222,-86.763430560,0,42,0,0,2,2,6,0,1,1,0,1,0,0000000,9,27,9,32,99,99,0,0,0,1,0
18,180426,2,2,0,2,119,4630,5,6,2010,7,6,50,0,4,3,SR-46,,0,39.28392500,-86.728777780,0,12,2,0,1,1,1,0,4,1,0,1,0,0000000,6,50,6,52,88,88,0,0,0,1,0
18,180427,2,2,0,3,29,3230,21,8,2010,7,16,50,0,16,4,CHESTERVILLE RD,,0,39.05115278,-85.009330560,0,12,2,0,1,1,1,0,1,1,0,1,0,0000000,16,54,17,9,99,99,0,0,0,2,0
18,180428,2,2,0,4,99,4010,19,8,2010,5,17,22,0,6,4,MICHIGAN ST,US-30,0,41.36077222,-86.311800000,0,12,6,0,2,3,1,0,1,1,0,1,0,0000000,17,22,17,22,99,99,0,0,0,1,0
18,180429,2,2,0,6,121,4210,21,8,2010,7,12,30,0,4,3,SR-59,,0,39.64472500,-87.107033330,0,12,2,0,1,1,1,0,1,1,0,1,0,0000000,12,33,12,43,99,99,0,0,0,2,0
18,180430,2,2,0,4,97,2210,15,8,2010,1,21,20,0,6,4,56TH ST,I-465 RAMP,0,39.85274722,-86.278933330,0,12,6,0,2,3,1,0,2,1,0,1,0,0000000,21,20,21,27,99,99,0,0,0,1,1
18,180431,2,2,0,3,35,3360,22,8,2010,1,19,16,0,4,3,SR-28,CR-300,0,40.27716944,-85.330725000,0,12,6,0,2,2,1,0,1,1,0,1,0,0000000,19,18,19,24,99,99,0,0,0,1,0
18,180432,2,2,0,3,17,2730,19,8,2010,5,17,10,0,3,2,US-24,,0,40.75327222,-86.364383330,0,12,2,0,1,1,1,0,1,1,0,1,0,0000000,17,10,17,17,99,99,0,0,0,1,0
18,180433,2,2,0,2,59,1890,17,8,2010,3,17,0,1,1,1,I-70,,980,39.81964444,-85.876222220,0,12,1,0,1,1,1,0,1,1,0,1,0,0000000,17,0,17,5,88,88,19,0,0,1,1
18,180435,3,3,0,3,39,1410,2,8,2010,2,13,41,0,6,4,NAPPANEE ST,,0,41.66976944,-86.003175000,0,12,1,0,1,1,1,0,1,1,0,1,0,0000000,13,40,13,45,99,99,0,0,0,1,0
18,180436,2,2,0,3,33,5130,23,8,2010,2,21,0,0,16,4,CR-28,CR-31,0,41.42582778,-85.043911110,0,12,6,0,2,2,1,0,2,1,0,1,0,0000000,21,16,21,20,99,99,0,0,0,2,0
18,180437,2,2,0,6,33,5130,31,7,2010,7,16,50,0,6,4,N WAYNE STREET,WASHINGTON STREET,0,41.43690833,-85.017822220,0,12,6,0,2,2,1,0,1,1,0,1,0,0000000,16,54,16,54,99,99,0,0,0,1,0
18,180438,1,1,1,1,95,140,30,7,2010,6,16,45,0,6,4,MAIN ST,,0,40.10518889,-85.678511110,0,8,0,0,1,1,1,0,1,1,0,1,0,0000000,16,45,16,45,99,99,0,0,0,1,0
18,180439,2,2,0,2,157,5200,24,8,2010,3,8,23,0,4,3,SR-43,,0,40.43705000,-86.897605560,0,12,6,0,1,1,1,0,1,1,0,1,0,0000000,8,24,8,27,99,99,0,0,0,1,1
18,180440,2,2,0,4,161,2660,25,8,2010,4,11,52,0,16,4,BOWNSVILLE RD,,0,99.99990000,999.999900000,0,12,8,0,1,1,1,0,1,1,0,1,0,0000000,11,52,11,56,99,99,0,0,0,2,0
18,180441,3,3,0,3,117,1690,14,7,2010,4,15,9,0,3,2,US-150,,0,38.57823333,-86.569088890,0,12,2,0,1,1,1,0,1,1,0,1,0,0000000,15,9,15,17,99,99,0,0,0,1,0
18,180442,1,1,0,1,83,5030,22,8,2010,1,3,42,0,3,2,US-50,US-41,0,38.68323056,-87.490311110,0,1,0,0,2,4,5,0,2,1,0,1,0,0000000,3,42,3,50,88,88,0,0,0,1,1
18,180443,2,2,0,4,35,3360,26,8,2010,5,20,35,0,16,4,CR-400,,0,40.16434722,-85.578647220,0,12,2,0,1,1,1,0,5,1,0,1,0,0000000,20,38,20,45,99,99,0,0,0,1,0
18,180444,3,3,0,3,5,990,26,8,2010,5,21,23,0,3,2,US-31,LONG RD,0,39.23790278,-85.931883330,0,12,6,0,2,2,1,0,2,1,0,1,0,0000000,21,24,21,27,99,99,0,0,0,1,0
18,180445,2,2,0,2,61,2910,26,8,2010,5,16,20,0,16,4,HETH WASHINGTON RD,,0,38.10031944,-86.176844440,0,12,6,0,4,1,1,0,1,1,0,1,0,0000000,16,21,16,30,88,88,0,0,0,1,0
18,180446,2,2,0,4,55,5450,27,8,2010,6,21,8,0,15,3,SR-157,SMITH FERRY RD,0,39.11467778,-86.975327780,0,12,2,0,3,4,1,0,2,1,0,1,0,0000000,21,9,21,15,99,99,0,0,0,1,0
18,180447,3,3,0,5,117,3780,28,8,2010,7,15,44,0,4,3,SR-37,,0,38.63899722,-86.459141670,0,12,2,0,1,1,1,0,1,1,0,1,0,0000000,15,44,15,51,99,99,0,0,0,1,0
18,180448,1,1,0,3,85,600,31,8,2010,3,1,15,0,16,4,CR-700,,0,41.10399722,-85.965700000,0,42,0,0,1,1,6,0,2,1,0,1,0,0000000,1,15,1,30,99,99,0,0,0,1,1
18,180449,2,2,0,3,129,3470,21,8,2010,7,8,58,0,4,3,SR-69,SR-66,0,38.12855556,-87.917522220,0,12,6,0,2,3,1,0,1,10,0,10,0,0000000,9,0,9,13,99,99,0,0,0,1,0
18,180450,2,2,0,3,73,4100,25,8,2010,4,17,55,1,1,1,I-65,,2170,40.97658056,-87.250630560,0,12,1,0,1,1,1,0,1,1,0,1,0,0000000,17,57,18,6,88,88,0,0,0,2,0
18,180451,1,1,0,1,145,4470,27,8,2010,6,2,14,0,16,4,FRONTAGE ROAD,,0,39.64309722,-85.910586110,0,42,0,0,1,1,6,0,2,1,0,1,0,0000000,2,15,2,34,88,88,0,0,0,1,1
18,180452,1,1,1,1,3,1580,27,8,2010,6,1,50,0,6,4,CLINTON ST,,0,41.10477222,-85.138550000,0,8,0,0,1,1,1,0,2,1,0,1,0,0000000,1,50,1,51,99,99,0,0,0,1,0
18,180453,1,1,0,3,71,570,26,8,2010,5,17,51,0,16,4,CR-400,,0,38.93551111,-86.058483330,0,1,0,0,1,1,1,0,1,1,0,1,0,0000000,17,56,18,8,99,99,0,0,0,1,0
18,180454,2,2,0,3,169,5040,1,9,2010,4,11,30,0,15,3,SR-15,FULTON ST,0,40.79373333,-85.820388890,0,12,1,0,2,3,1,0,1,1,0,1,0,0000000,11,23,11,26,99,99,0,0,0,1,0