STATE,ST_CASE,VE_TOTAL,VE_FORMS,PEDS,PERSONS,COUNTY,CITY,DAY,MONTH,YEAR,DAY_WEEK,HOUR,MINUTE,NHS,ROAD_FNC,ROUTE,TWAY_ID,TWAY_ID2,MILEPT,LATITUDE,LONGITUD,SP_JUR,HARM_EV,MAN_COLL,RELJCT1,RELJCT2,TYP_INT,REL_ROAD,WRK_ZONE,LGT_COND,WEATHER1,WEATHER2,WEATHER,SCH_BUS,RAIL,NOT_HOUR,NOT_MIN,ARR_HOUR,ARR_MIN,HOSP_HR,HOSP_MN,CF1,CF2,CF3,FATALS,DRUNK_DR
18,180455,2,2,0,5,95,140,2,9,2010,5,13,20,0,6,4,38TH ST,LAYTON RD,0,40.07603611,-85.749322220,0,12,6,0,2,2,1,0,1,1,0,1,0,0000000,13,20,13,27,99,99,0,0,0,1,0
18,180456,1,1,0,1,141,4580,7,9,2010,3,0,1,0,6,4,LINDEN AVE,,0,41.67938056,-86.278677780,0,19,0,0,1,1,6,0,3,10,0,10,0,0000000,0,2,0,8,99,99,0,0,0,1,0
18,180457,2,2,0,2,97,2210,6,8,2010,6,3,55,1,11,1,I-70,,841,39.79002222,-86.128177780,0,12,2,0,1,1,1,0,2,1,0,1,0,0000000,3,56,3,58,99,99,0,0,0,1,1
18,180458,2,2,0,2,97,2210,26,8,2010,5,18,1,0,6,4,MENDENHALL RD,MILHOUSE RD,0,39.67660833,-86.288680560,0,12,6,0,2,2,1,0,1,1,0,1,0,0000000,19,29,19,52,99,99,0,0,0,1,0
18,180460,2,2,0,7,175,4340,4,9,2010,7,17,19,0,4,3,SR- 56,DOG TROT RD,0,38.57085000,-86.188086110,0,12,6,0,2,2,1,0,1,1,0,1,0,0000000,17,19,17,26,99,99,0,0,0,1,0
18,180461,1,1,1,1,89,1730,2,9,2010,5,5,50,0,6,4,GRANT ST,,0,41.56453611,-87.356072220,0,8,0,0,1,1,5,0,4,2,0,2,0,0000000,5,54,6,10,99,99,0,0,0,1,0
18,180462,1,1,1,1,29,5190,7,9,2010,3,15,31,0,16,4,DEARBORN RD,,0,39.24049722,-84.871616670,0,8,0,0,1,1,1,0,1,1,0,1,0,0000000,15,31,15,34,88,88,0,0,0,1,0
18,180463,2,2,0,3,169,2490,1,9,2010,4,12,9,0,4,3,SR-15,CR-1200,0,40.65267222,-85.711138890,0,12,6,0,2,2,1,0,1,1,0,1,0,0000000,12,11,12,19,99,99,0,0,0,2,0
18,180464,2,2,0,2,169,3650,4,9,2010,7,17,55,0,16,4,CR-400,CR-1400,0,41.02860556,-85.871933330,0,12,6,0,2,2,1,0,1,1,0,1,0,0000000,18,1,18,11,88,88,0,0,0,1,0
18,180465,1,1,0,1,141,4580,13,9,2010,2,2,0,0,16,4,MIAMI RD,,0,41.56440833,-86.229200000,0,30,0,0,1,1,5,0,2,1,0,1,0,0000000,2,9,2,15,88,88,0,0,0,1,1
18,180466,1,1,0,1,175,4340,11,9,2010,7,0,40,0,15,3,SR- 60,,0,38.59810833,-86.083619440,0,1,0,0,1,1,5,0,2,1,0,1,0,0000000,0,45,0,48,99,99,0,0,0,1,1
18,180467,2,2,0,5,95,140,6,9,2010,2,18,36,0,15,3,SR-9,,0,40.13285556,-85.657352780,0,12,6,0,8,1,1,0,1,1,0,1,0,0000000,18,38,18,40,99,99,0,0,0,1,1
18,180468,2,2,0,2,127,4960,11,9,2010,7,22,27,0,3,2,US-6,,0,41.55002222,-87.046566670,0,12,2,0,1,1,1,0,2,1,0,1,0,0000000,22,27,22,28,99,99,0,0,0,1,2
18,180469,1,1,0,1,97,2210,12,9,2010,1,2,8,0,6,4,MASSACHUSETTS AVE,,0,39.79627222,-86.112041670,0,30,0,0,1,1,5,0,2,10,0,10,0,0000000,2,17,2,25,88,88,0,0,0,1,1
18,180470,1,1,0,1,1,1180,12,9,2010,1,15,6,0,16,4,WINCHESTER RD,,0,40.88681667,-84.996758330,0,30,0,0,1,1,5,0,1,1,0,1,0,0000000,15,6,15,14,99,99,0,0,0,1,0
18,180471,1,1,0,1,33,220,13,9,2010,2,13,55,1,1,1,I-69,,1290,41.36230278,-85.083766670,0,32,0,0,1,1,6,0,1,1,0,1,0,0000000,13,55,14,0,88,88,0,0,0,1,0
18,180472,2,2,0,4,61,1030,6,9,2010,2,13,35,0,4,3,SR-62,,0,38.22226944,-86.009130560,0,12,6,0,1,1,1,0,1,1,0,1,0,0000000,13,35,13,46,99,99,0,0,0,1,0
18,180473,1,1,0,1,97,2210,26,8,2010,5,3,17,0,6,4,FRANKLIN RD,,0,39.80418333,-86.027283330,0,42,0,0,1,1,5,0,2,1,0,1,0,0000000,3,19,3,21,99,99,0,0,0,1,1
18,180474,2,2,0,3,67,2430,13,9,2010,2,19,46,0,15,3,SR-22,CR-400,0,40.47722500,-86.050930560,0,12,6,0,2,2,1,0,5,1,0,1,0,0000000,19,46,19,52,88,88,0,0,0,1,0
18,180475,1,1,0,1,3,3480,14,9,2010,3,16,10,0,6,4,MOELLER RD,,0,41.05581389,-85.003638890,0,42,0,0,1,1,6,0,1,1,0,1,0,0000000,16,11,16,12,88,88,0,0,0,1,0
18,180476,2,2,0,3,97,2210,8,9,2010,4,9,55,1,1,1,I-65,,1027,39.65823056,-86.078802780,0,12,1,0,1,1,1,0,1,1,0,1,0,0000000,9,56,9,58,99,99,0,0,0,1,0
18,180477,2,2,0,3,39,1410,25,6,2010,6,16,37,0,4,3,SR-120,CR-19,0,41.70489444,-85.871302780,0,12,6,0,2,3,1,0,1,1,0,1,0,0000000,16,37,16,43,99,99,0,0,0,1,0
18,180478,2,2,0,4,127,4030,20,8,2010,6,21,35,0,14,2,US-20,WAVERLY RD,0,41.63195000,-87.067347220,0,12,1,0,2,2,1,0,3,1,0,1,0,0000000,21,40,21,43,99,99,0,0,0,1,1
18,180479,2,2,0,4,157,2480,19,9,2010,1,10,51,0,16,4,CR-975,SR-28,0,40.25821944,-86.719283330,0,12,6,0,2,2,1,0,1,10,0,10,0,0000000,10,52,11,4,99,99,0,0,0,2,0
18,180480,1,1,0,1,101,2750,20,9,2010,2,12,5,0,3,2,US-231,,0,38.70829722,-86.918713890,0,34,0,0,1,1,6,0,1,1,0,1,0,0000000,12,7,12,12,88,88,0,0,0,1,0
18,180481,1,1,1,1,97,2210,12,9,2010,1,20,10,0,16,4,GRAY RD,,0,39.68552778,-86.096786110,0,9,0,0,1,1,1,0,2,1,0,1,0,0000000,20,14,20,17,99,99,0,0,0,1,0
18,180482,2,2,0,2,75,4330,17,9,2010,6,19,51,0,16,4,CR-700,,0,40.38203889,-84.843269440,0,12,2,0,1,1,1,0,1,1,0,1,0,0000000,19,51,20,0,88,88,0,0,0,1,1
18,180483,3,3,0,4,97,2210,18,9,2010,7,10,10,0,6,4,KENTUCKY AVE,MANN RD,0,39.71425833,-86.238330560,0,12,6,0,3,3,1,0,1,1,0,1,0,0000000,10,13,10,14,99,99,0,0,0,1,0
18,180484,1,1,0,1,97,2210,18,9,2010,7,0,43,0,6,4,MITTHOEFER RD,,0,39.80993611,-85.990852780,0,30,0,0,1,1,4,0,2,1,0,1,0,0000000,1,1,1,14,99,99,0,0,0,1,1
18,180485,2,2,0,2,127,4025,21,9,2010,3,15,33,0,15,3,SR-249,,0,41.60348056,-87.173911110,0,12,6,1,5,1,1,0,1,10,0,10,0,0000000,15,39,15,44,88,88,0,0,0,2,0
18,180486,2,2,0,3,87,2500,23,8,2010,2,4,15,0,16,4,CR-900,CR-100,0,41.62732778,-85.247994440,0,12,6,0,2,7,1,0,2,10,0,10,0,0000000,4,15,4,35,99,99,0,0,0,1,0
18,180487,2,2,0,2,27,3190,21,9,2010,3,13,48,0,3,2,US-50,CR-100,0,38.65535278,-87.061844440,0,12,6,0,2,4,1,0,1,1,0,1,0,0000000,13,48,13,56,88,88,0,0,0,1,0
18,180488,2,2,0,2,59,1890,9,9,2010,5,8,30,0,4,3,SR-9,,0,39.88230833,-85.770522220,0,12,2,0,1,1,1,0,1,1,0,1,0,0000000,8,31,8,33,99,99,0,0,0,1,0
18,180489,2,2,0,4,149,2420,9,9,2010,5,10,0,0,16,4,CR-200,CR-100,0,41.27360000,-86.678319440,0,12,6,0,2,2,1,0,1,1,0,1,0,0000000,10,0,10,7,99,99,0,0,0,1,0
18,180490,2,2,0,4,149,1974,11,9,2010,7,3,55,0,3,2,US-30,CR-1100,0,41.36891944,-86.489588890,0,12,6,0,3,1,1,0,2,1,0,1,0,0000000,3,57,4,0,88,88,0,0,0,2,1
18,180491,1,1,0,1,57,170,26,9,2010,1,1,45,0,16,4,266TH ST,,0,40.17635278,-85.957791670,0,34,0,0,1,1,4,0,2,10,0,10,0,0000000,7,10,7,21,88,88,0,0,0,1,1
18,180493,2,2,0,5,167,5230,26,9,2010,1,21,37,0,4,3,SR-63,BOLTON RD,0,39.52551389,-87.436230560,0,12,6,0,2,2,1,0,2,1,0,1,0,0000000,21,40,21,49,99,99,0,0,0,2,0
18,180494,2,2,0,4,33,220,27,9,2010,2,12,7,0,16,4,CR-427,CR-72,0,99.99990000,999.999900000,0,12,6,0,2,2,1,0,1,10,0,10,0,0000000,12,7,12,17,99,99,0,0,0,1,0
18,180495,2,2,0,3,97,2210,19,7,2010,2,18,19,0,6,4,56TH ST,,0,39.85283056,-86.276322220,0,12,7,0,1,1,1,0,1,2,0,2,0,0000000,18,21,18,27,99,99,0,0,0,1,0
18,180496,1,1,1,1,97,2210,29,7,2010,5,22,20,0,6,4,21ST ST,,0,39.79670000,-86.009494440,0,8,0,0,1,1,1,0,2,1,0,1,0,0000000,22,22,22,24,99,99,0,0,0,1,0
18,180497,1,1,0,1,97,2210,5,8,2010,5,5,15,0,6,4,RAYMOND ST,,0,39.73735556,-86.143800000,0,1,0,0,1,1,1,0,2,2,0,2,0,0000000,5,15,5,16,99,99,0,0,0,1,0
18,180498,1,1,1,1,97,2210,14,9,2010,3,8,24,0,6,4,30TH ST,,0,39.81061389,-86.139894440,0,9,0,0,1,1,1,0,1,1,0,1,0,0000000,8,24,8,33,99,99,0,0,0,1,0
18,180499,1,1,0,1,45,9997,4,9,2010,7,8,5,0,16,4,CR-300,,0,40.36355000,-87.354527780,0,30,0,0,1,1,5,0,1,1,0,1,0,0000000,8,8,8,21,99,99,0,0,0,1,1
18,180500,3,3,0,6,63,560,23,9,2010,5,7,50,0,4,3,SR-267,,0,39.88906111,-86.392363890,0,12,1,0,1,1,1,0,1,10,0,10,0,0000000,7,53,7,58,88,88,0,0,0,1,0
18,180501,1,1,0,1,97,310,25,9,2010,7,3,45,0,6,4,CHURCHMAN AVE,,0,99.99990000,999.999900000,0,34,0,0,1,1,5,0,2,1,0,1,0,0000000,3,47,3,49,99,99,0,0,0,1,0
18,180502,1,1,0,1,141,3100,14,9,2010,3,13,40,0,6,4,MERRIFIELD AVE,,0,41.66303889,-86.167402780,0,33,0,0,1,1,5,0,1,1,0,1,0,0000000,13,40,13,45,99,99,0,0,0,1,0
18,180503,2,2,0,2,97,2210,29,9,2010,4,23,51,1,11,1,I-65,,1134,39.78275000,-86.163411110,0,12,2,0,1,1,1,0,2,1,0,1,0,0000000,23,51,23,57,99,99,0,0,0,1,1
18,180504,2,2,0,2,177,640,26,9,2010,1,13,30,1,1,1,I-70,,1355,39.85306111,-85.178805560,0,24,0,0,1,1,5,0,1,1,0,1,0,0000000,14,20,14,35,99,99,0,0,0,1,0
18,180505,1,1,0,1,89,2120,26,9,2010,1,14,43,0,6,4,37TH AVE,,0,41.55091944,-87.260027780,0,33,0,0,1,1,5,0,1,1,0,1,0,0000000,13,43,13,46,99,99,0,0,0,1,0
18,180506,1,1,0,1,127,4025,1,10,2010,6,19,20,0,14,2,US-20,DOMBEY RD,0,41.59278611,-87.212647220,0,24,0,0,3,3,5,1,2,10,0,10,0,0000000,19,20,19,24,88,88,20,0,0,1,1
18,180507,2,2,0,2,93,300,2,10,2010,7,10,12,0,4,3,SR-37,,0,38.82673611,-86.511325000,0,12,1,0,1,1,1,0,1,1,0,1,0,0000000,10,12,10,12,99,99,0,0,0,1,0
18,180508,1,1,0,3,97,2210,16,9,2010,5,3,14,0,6,4,MINNESOTA ST,,0,39.74553056,-86.090386110,0,30,0,0,1,1,6,0,3,10,0,10,0,0000000,3,16,3,20,99,99,0,0,0,1,0
18,180509,2,2,0,2,97,2210,1,10,2010,6,14,20,0,6,4,BROOKVILLE RD,,0,39.76242500,-86.084769440,0,12,6,0,8,1,1,0,1,1,0,1,0,0000000,14,23,14,56,88,88,0,0,0,1,1
18,180510,1,1,0,3,63,900,2,10,2010,7,22,0,0,16,4,CR-200,,0,39.69960833,-86.485705560,0,30,0,0,1,1,6,0,2,10,0,10,0,0000000,22,3,22,8,99,99,0,0,0,1,1
18,180511,1,1,0,1,3,1850,5,10,2010,3,15,42,0,16,4,BULL RAPIDS RD,,0,41.20636111,-84.903630560,0,1,0,0,1,1,5,0,1,1,0,1,0,0000000,15,43,15,54,88,88,0,0,0,1,0
18,180512,1,1,1,1,19,2270,4,10,2010,2,22,23,0,6,4,10TH,,0,38.28131389,-85.742625000,0,8,0,0,1,1,1,0,2,1,0,1,0,0000000,22,23,22,25,99,99,0,0,0,1,0
18,180513,3,3,0,6,109,2890,5,10,2010,3,12,7,0,4,3,SR-67,BUFFALO RD,0,39.40788056,-86.512097220,0,12,1,0,2,2,1,0,1,1,0,1,0,0000000,12,7,12,19,99,99,0,0,0,1,0
18,180514,1,1,0,1,35,1340,5,10,2010,3,7,54,0,16,4,EATON WHEELING PIKE,,0,40.35491667,-85.441702780,0,24,0,0,1,1,5,0,1,1,0,1,0,0000000,7,58,8,9,99,99,0,0,0,1,0
18,180515,1,1,1,2,99,4010,3,8,2010,3,15,52,0,16,4,LINCOLN HWY,,0,41.33067778,-86.261558330,0,9,0,0,1,1,1,0,1,1,0,1,0,0000000,15,52,15,52,99,99,0,0,0,1,0
18,180516,2,2,0,3,99,4010,10,9,2010,6,16,12,0,16,4,9C RD,,0,41.33531944,-86.429872220,0,12,2,0,1,1,1,0,1,1,0,1,0,0000000,16,12,16,20,99,99,0,0,0,1,1
18,180517,2,2,0,5,125,4690,6,9,2010,2,15,52,0,4,3,SR-64,CR-1100,0,99.99990000,999.999900000,0,12,6,0,2,2,1,0,1,1,0,1,0,0000000,15,52,16,19,99,99,0,0,0,1,0
18,180518,1,1,0,1,59,5310,24,9,2010,6,21,48,0,4,3,SR-109,,0,39.89202500,-85.615425000,0,1,0,0,1,1,5,0,2,1,0,1,0,0000000,21,48,22,29,88,88,0,0,0,1,0
18,180519,1,1,1,4,65,2400,30,9,2010,5,0,34,0,3,2,US-40,,0,39.79335278,-85.564400000,0,9,0,0,1,1,1,0,2,1,0,1,0,0000000,0,34,0,49,88,88,0,0,0,1,0
18,180520,1,1,0,4,55,2810,27,9,2010,2,20,10,0,16,4,CR-200,,0,38.99447222,-87.096433330,0,32,0,0,1,1,6,0,1,1,0,1,0,0000000,7,48,8,3,99,99,0,0,0,1,0
18,180521,1,1,1,1,97,2600,6,9,2010,2,21,47,0,14,2,US-36,,0,39.84401944,-86.011169440,0,8,0,0,1,1,3,0,2,1,0,1,0,0000000,21,48,21,49,99,99,0,0,0,1,0
18,180522,1,1,0,2,19,4420,7,10,2010,5,23,15,0,16,4,PIXLEY KNOB RD,,0,38.52228333,-85.826825000,0,34,0,0,1,1,6,0,2,1,0,1,0,0000000,23,27,23,32,99,99,0,0,0,1,0
18,180523,1,1,0,1,145,4470,2,10,2010,7,21,35,0,16,4,CR-300,,0,39.56939167,-85.827383330,0,30,0,0,1,1,6,0,2,1,0,1,0,0000000,21,35,21,41,88,88,0,0,0,1,0
18,180524,1,1,0,1,79,3670,10,10,2010,1,3,33,0,16,4,CR-575,,0,39.07694167,-85.719280560,0,35,0,0,1,1,6,0,2,1,0,1,0,0000000,3,36,3,43,88,88,0,0,0,1,1
18,180525,2,2,0,3,53,2850,1,10,2010,6,12,30,0,16,4,CR-200,CR-400,0,40.52397500,-85.596555560,0,12,1,0,2,2,1,0,1,1,0,1,0,0000000,12,32,12,36,99,99,0,0,0,1,0
18,180526,1,1,0,2,5,990,10,10,2010,1,16,12,0,16,4,DEAVER RD,,0,39.14973056,-85.925788890,0,42,0,0,1,1,6,0,1,1,0,1,0,0000000,16,12,16,16,88,88,0,0,0,2,1
18,180527,2,2,0,3,89,4380,8,10,2010,6,20,3,0,14,2,US-30,JANICE DRIVE,0,41.49089444,-87.481397220,0,12,6,0,3,2,1,0,3,1,0,1,0,0000000,20,30,20,37,99,99,0,0,0,1,1
18,180528,2,2,0,2,119,4630,7,10,2010,5,15,28,0,16,4,TEXAS PIKE,,0,39.31743333,-86.783236110,0,12,2,0,1,1,1,0,1,1,0,1,0,0000000,15,28,15,32,99,99,0,0,0,1,0
18,180529,2,2,0,2,63,560,9,10,2010,7,18,45,0,6,4,NORTHFIELD DR,EASTPOINT CIRCLE,0,39.84660278,-86.376958330,0,12,8,0,2,3,1,0,1,1,0,1,0,0000000,18,45,18,47,88,88,0,0,0,1,1
18,180530,2,2,0,2,97,2210,10,10,2010,1,14,15,0,6,4,16TH ST,MARTIN LUTHER KING,0,39.78855556,-86.168602780,0,12,6,0,2,2,1,0,1,1,0,1,0,0000000,14,15,14,17,99,99,0,0,0,1,1
18,180531,2,2,0,4,91,2990,2,10,2010,7,20,22,0,3,2,US-421,CR-300,0,41.65143056,-86.894216670,0,12,6,0,2,2,1,0,3,2,0,2,0,0000000,20,22,20,35,99,99,0,0,0,1,0
18,180532,2,2,0,2,183,980,10,10,2010,1,16,19,0,3,2,US-30,CR-300,0,41.14123889,-85.434752780,0,12,1,0,2,2,1,0,1,1,0,1,0,0000000,16,19,16,23,99,99,0,0,0,1,0
18,180533,1,1,0,2,109,2890,10,10,2010,1,21,24,0,6,4,MAPLE GROVE RD,,0,39.46508889,-86.325330560,0,42,0,0,1,1,5,0,2,1,0,1,0,0000000,21,24,21,31,99,99,0,0,0,1,0
18,180534,2,2,0,4,49,1700,28,9,2010,3,20,15,0,4,3,SR-114,,0,40.94600000,-86.302327780,0,12,1,0,1,1,1,0,2,1,0,1,0,0000000,17,0,17,5,99,99,0,0,0,1,0
18,180536,1,1,0,2,141,2530,7,10,2010,5,23,50,0,3,2,US-31,,0,41.51680278,-86.283358330,0,24,0,0,1,1,5,0,2,1,0,1,0,0000000,23,57,0,1,99,99,0,0,0,1,1
18,180537,1,1,0,1,39,1830,18,9,2010,7,5,27,0,16,4,CR-31,CR-38,0,41.55188333,-85.770908330,0,19,0,0,2,2,5,0,2,1,0,1,0,0000000,5,51,6,26,99,99,0,0,0,1,1
18,180538,2,2,0,2,145,4470,24,9,2010,6,6,46,1,1,1,I-74,,1060,39.61782222,-85.869311110,0,12,1,0,1,1,1,0,2,1,0,1,0,0000000,6,46,6,56,99,99,0,0,0,1,0
18,180539,2,2,0,2,53,1490,9,10,2010,7,8,45,0,16,4,CR-150,CR-800,0,40.43724722,-85.644608330,0,12,6,0,2,2,1,0,1,1,0,1,0,0000000,8,42,8,48,99,99,0,0,0,1,0
18,180540,2,2,0,2,63,3990,13,10,2010,4,23,50,0,3,2,US-40,SR-267,0,39.71114722,-86.375369440,0,12,1,0,2,2,1,0,2,1,0,1,0,0000000,0,9,0,26,99,99,0,0,0,1,0
18,180541,2,2,0,3,79,3670,23,9,2010,5,5,13,0,4,3,SR-3,CR-500,0,38.91151111,-85.621586110,0,12,6,0,2,2,1,0,2,5,0,5,0,0000000,5,13,5,20,99,99,0,0,0,1,0
18,180542,1,1,0,2,169,3650,1,10,2010,6,5,24,0,6,4,MILL ST,,0,41.00427778,-85.767238890,0,42,0,0,1,1,6,0,3,2,0,2,0,0000000,5,24,5,28,88,88,0,0,0,1,0
18,180543,1,1,0,5,97,2210,16,10,2010,7,15,58,0,6,4,ROCKVILLE RD,,0,39.76441111,-86.279538890,0,5,0,0,1,1,1,0,1,1,0,1,0,0000000,16,0,16,2,99,99,0,0,0,1,0
18,180544,1,1,1,1,81,1950,16,10,2010,7,8,53,1,1,1,I-65,,1000,39.62522500,-86.074147220,0,8,0,0,1,1,1,0,1,1,0,1,0,0000000,8,54,9,2,99,99,0,0,0,1,0
18,180545,1,1,0,1,97,2210,16,10,2010,7,23,51,0,6,4,SOUTHPORT RD,,0,39.66035556,-85.971277780,0,5,0,0,1,1,5,0,2,1,0,1,0,0000000,23,57,0,4,88,88,0,0,0,1,1
18,180546,1,1,1,1,89,2515,16,10,2010,7,23,28,0,15,3,SR-51,,0,41.58296389,-87.240630560,0,8,0,0,1,1,1,0,2,1,0,1,0,0000000,0,5,0,25,99,99,0,0,0,1,1
18,180547,2,2,0,5,91,5085,17,10,2010,1,23,0,0,3,2,US-421,,0,41.37577778,-86.891555560,0,12,1,0,1,1,1,0,2,1,0,1,0,0000000,23,2,23,9,88,88,0,0,0,1,1
18,180548,1,1,0,2,105,380,16,10,2010,7,17,26,0,15,3,SR-37,,0,39.18674722,-86.546730560,0,1,0,0,1,1,1,0,1,1,0,1,0,0000000,17,57,18,1,99,99,0,0,0,1,0
18,180549,2,2,0,3,21,770,15,10,2010,6,13,17,0,4,3,SR-59,SR-46,0,39.38646389,-87.110600000,0,12,6,0,2,2,1,0,1,1,0,1,0,0000000,13,17,13,22,99,99,0,0,0,1,0
18,180550,1,1,0,1,157,2480,16,10,2010,7,19,39,0,6,4,COLUMBIA ST,,0,40.41823333,-86.895525000,0,33,0,0,1,1,5,0,2,1,0,1,0,0000000,19,39,19,42,99,99,0,0,0,1,0
18,180551,1,1,0,1,73,1206,19,10,2010,3,1,30,0,16,4,CR-700,,0,41.22450556,-87.180288890,0,1,0,0,1,1,5,0,2,5,0,5,0,0000000,7,39,7,47,88,88,0,0,0,1,1
18,180552,3,2,0,4,89,1730,14,10,2010,5,21,3,0,6,4,HARRISON ST,43RD PLACE,0,41.53955000,-87.345986110,0,12,2,0,3,3,1,0,2,1,0,1,0,0000000,21,5,21,11,99,99,0,0,0,1,0
18,180553,2,1,0,3,119,4630,15,10,2010,6,16,23,0,3,2,US-231,,0,39.45733611,-86.774461110,0,14,0,0,1,1,4,0,1,1,0,1,0,0000000,16,23,16,40,99,99,0,0,0,1,0
18,180554,1,1,0,1,141,3440,9,10,2010,7,22,47,0,3,2,US-20,,0,41.71162222,-86.411119440,0,53,0,0,1,1,4,0,2,1,0,1,0,0000000,22,47,22,53,99,99,0,0,0,1,0
18,180555,1,1,0,7,69,5090,19,10,2010,3,14,41,1,1,1,I-69,,760,40.70865278,-85.451661110,0,18,0,0,1,1,1,0,1,1,0,1,0,0000000,14,42,14,51,99,99,0,0,0,1,0
18,180556,1,1,0,1,167,5230,21,10,2010,5,18,25,0,16,4,NEW GOSHEN RD,,0,39.57832222,-87.468830560,0,34,0,0,1,1,4,0,5,1,0,1,0,0000000,18,29,18,41,88,88,0,0,0,1,0
18,180557,1,1,0,1,95,140,22,10,2010,6,5,34,0,6,4,38TH ST,,0,40.07639722,-85.658372220,0,31,0,0,1,1,6,0,3,1,0,1,0,0000000,5,38,5,41,99,99,0,0,0,1,0
18,180558,1,1,0,1,39,480,22,10,2010,6,23,40,0,4,3,SR-15,,0,41.69326389,-85.816847220,0,34,0,0,1,1,6,0,2,1,0,1,0,0000000,23,40,23,45,88,88,0,0,0,1,1
18,180559,1,1,0,1,17,2730,24,10,2010,1,5,0,0,6,4,WABASH AVE,,0,40.74700556,-86.383008330,0,42,0,0,1,1,6,0,6,10,0,10,0,0000000,6,13,6,17,88,88,0,0,0,1,1
18,180560,1,1,0,1,3,2645,24,10,2010,1,10,45,0,16,4,WHEELOCK RD,,0,41.18078611,-85.026541670,0,43,0,0,1,1,5,0,1,10,0,10,0,0000000,10,49,10,53,88,88,0,0,0,1,0
18,180561,1,1,1,1,127,4960,21,10,2010,5,18,38,0,15,3,SR-149,,0,99.99990000,999.999900000,0,9,0,0,1,1,1,0,2,1,0,1,0,0000000,18,39,18,47,88,88,0,0,0,1,0
18,180562,2,2,0,3,141,4580,23,10,2010,7,5,25,1,1,1,I-80,,764,41.72257778,-86.256752780,0,12,1,1,5,1,1,0,2,10,0,10,0,0000000,5,27,5,44,88,88,0,0,0,1,0
18,180563,1,1,0,3,97,2210,19,9,2010,1,3,15,0,6,4,LAFAYETTE RD,TIBBS AVE,0,39.80504167,-86.216497220,0,30,0,0,2,2,5,0,2,1,0,1,0,0000000,3,16,3,35,99,99,0,0,0,1,1
18,180564,2,2,0,2,127,4960,26,10,2010,3,6,8,0,3,2,US-30,,0,41.47103056,-87.205611110,0,12,1,0,1,1,1,0,2,6,0,6,0,0000000,6,9,6,18,88,88,0,0,0,1,0
18,180565,1,1,0,1,149,2420,7,10,2010,5,12,45,0,4,3,SR-8,,0,41.33164444,-86.620844440,0,10,0,0,6,1,1,0,1,1,0,1,0,9999999,12,45,12,52,99,99,0,0,0,1,1
18,180566,2,2,0,3,157,2480,2,10,2010,7,2,5,1,11,1,I-65,,1720,40.42097778,-86.824177780,0,12,8,1,5,1,1,0,2,1,0,1,0,0000000,2,5,2,19,99,99,0,0,0,1,0
18,180567,1,1,0,1,47,550,10,10,2010,1,15,45,0,4,3,SR-252,,0,39.41681667,-84.995041670,0,34,0,0,1,1,4,0,1,1,0,1,0,0000000,15,46,15,48,88,88,0,0,0,1,0
18,180568,1,1,0,3,19,4420,26,10,2010,3,17,3,1,11,1,I-65,,175,38.50445278,-85.770836110,0,52,0,0,1,1,3,0,1,10,0,10,0,0000000,17,5,17,6,99,99,0,0,0,1,0
18,180569,2,2,0,2,95,3910,23,10,2010,7,20,21,0,4,3,SR-38,,0,39.98935278,-85.682716670,0,12,2,0,1,1,1,0,2,10,0,10,0,0000000,20,21,20,26,99,99,0,0,0,1,0
18,180570,2,2,0,3,89,2090,17,10,2010,1,18,50,0,6,4,45TH ST,DELAWARE PKWY,0,41.53743056,-87.455033330,0,12,1,0,3,3,1,0,2,1,0,1,0,0000000,18,50,18,54,99,99,0,0,0,1,0
18,180571,1,1,2,1,65,3450,7,10,2010,5,7,15,0,6,4,CR- 100,,0,39.91743889,-85.419044440,0,8,0,0,1,1,1,0,2,1,0,1,0,0000000,7,18,7,18,99,99,0,0,0,1,0
18,180572,2,2,0,2,69,5090,29,10,2010,6,11,43,0,4,3,SR-218,,0,40.65412500,-85.395913890,0,12,2,0,1,1,1,0,1,1,0,1,0,0000000,11,46,12,3,88,88,0,0,0,1,0
18,180573,3,3,0,4,81,4880,29,10,2010,6,14,54,0,4,3,SR-252,CR-200,0,39.40867778,-86.139336110,0,12,1,0,3,3,1,0,1,1,0,1,0,0000000,14,56,14,59,99,99,0,0,0,1,0
18,180574,1,1,0,2,39,1830,29,10,2010,6,17,20,0,15,3,SR-15,,0,41.57160000,-85.830258330,0,42,0,0,1,1,5,0,1,1,0,1,0,0000000,17,20,17,22,99,99,0,0,0,1,0
18,180575,2,2,0,2,3,3480,30,10,2010,7,7,15,0,3,2,US-24,,0,41.10069722,-84.969377780,0,12,2,0,1,1,1,0,2,1,0,1,0,0000000,7,16,7,27,99,99,0,0,0,1,0
18,180576,1,1,0,1,35,3360,30,10,2010,7,3,0,0,16,4,CR-500,,0,40.26276111,-85.349522220,0,1,0,0,1,1,5,0,2,1,0,1,0,0000000,3,48,3,54,99,99,0,0,0,1,1
18,180577,2,2,0,2,161,2660,27,10,2010,4,8,16,0,3,2,US-27,,0,39.70536944,-84.927705560,0,12,2,0,1,1,1,0,1,1,0,1,0,0000000,8,16,8,19,99,99,0,0,0,1,0
18,180578,1,1,0,2,79,3670,22,10,2010,6,21,0,0,16,4,CR-200,,0,39.01481667,-85.525733330,0,38,0,0,1,1,4,0,2,1,0,1,0,0000000,21,4,21,6,99,99,20,0,0,2,0