STATE,ST_CASE,VE_TOTAL,VE_FORMS,PEDS,PERSONS,COUNTY,CITY,DAY,MONTH,YEAR,DAY_WEEK,HOUR,MINUTE,NHS,ROAD_FNC,ROUTE,TWAY_ID,TWAY_ID2,MILEPT,LATITUDE,LONGITUD,SP_JUR,HARM_EV,MAN_COLL,RELJCT1,RELJCT2,TYP_INT,REL_ROAD,WRK_ZONE,LGT_COND,WEATHER1,WEATHER2,WEATHER,SCH_BUS,RAIL,NOT_HOUR,NOT_MIN,ARR_HOUR,ARR_MIN,HOSP_HR,HOSP_MN,CF1,CF2,CF3,FATALS,DRUNK_DR
18,180579,2,2,0,2,71,570,13,10,2010,4,6,25,0,3,2,US-50,,0,38.90870000,-85.988788890,0,12,8,0,1,1,1,0,2,10,0,10,0,0000000,6,30,6,33,99,99,0,0,0,1,0
18,180580,1,1,0,1,121,2880,19,9,2010,1,19,5,0,16,4,MARSHALL RD,,0,39.77386111,-87.220152780,0,1,0,0,1,1,6,0,5,1,0,1,0,0000000,19,5,19,18,99,99,0,0,0,1,0
18,180581,2,2,0,5,51,3830,2,11,2010,3,13,16,0,4,3,SR-168,,0,38.25418889,-87.652230560,0,12,2,0,1,1,1,0,1,1,0,1,0,0000000,13,17,13,18,99,99,0,0,0,3,0
18,180582,2,2,0,4,99,2550,28,10,2010,5,17,27,0,3,2,US-31,1ST ROAD,0,41.46251111,-86.307308330,0,12,6,0,2,2,1,0,5,10,0,10,0,0000000,17,27,17,41,99,99,0,0,0,1,0
18,180583,1,1,0,2,31,1910,3,11,2010,4,15,49,0,16,4,NE 80 RD,,0,39.35713056,-85.408916670,0,38,0,0,1,1,4,0,1,1,0,1,0,0000000,15,43,15,59,99,99,0,0,0,1,0
18,180584,1,1,0,1,63,3990,2,11,2010,3,1,46,1,11,1,I-70,,690,39.68773889,-86.323786110,0,24,0,0,1,1,5,0,2,1,0,1,0,0000000,1,46,1,48,88,88,0,0,0,1,1
18,180585,2,2,0,2,113,2320,4,11,2010,5,21,50,0,3,2,US-6,,0,41.45263333,-85.366344440,0,12,2,0,1,1,1,0,2,1,0,1,0,0000000,21,50,21,57,99,99,0,0,0,1,0
18,180586,2,2,0,2,91,5085,5,11,2010,6,14,19,0,3,2,US-30,CR-1100,0,41.43426389,-86.910266670,0,12,8,0,2,2,1,0,1,10,0,10,0,0000000,14,19,14,25,99,99,0,0,0,1,0
18,180587,1,1,0,1,147,1860,6,11,2010,7,3,55,0,4,3,SR-66,,0,37.93920000,-86.980397220,0,42,0,0,1,1,6,0,2,1,0,1,0,0000000,3,56,4,8,88,88,0,0,0,1,1
18,180588,2,2,0,3,83,3700,2,11,2010,3,15,32,0,3,2,US-41,OLD US-41,0,38.88190556,-87.441755560,0,12,6,0,2,2,1,0,1,1,0,1,0,0000000,15,34,15,37,99,99,0,0,0,1,0
18,180589,1,1,0,1,89,1730,27,10,2010,4,2,5,0,6,4,GRANT ST,9TH AVE,0,41.59442500,-87.356866670,0,52,0,0,3,4,5,0,2,1,0,1,0,0000000,2,15,2,17,99,99,0,0,0,1,1
18,180590,2,2,0,4,43,1939,6,11,2010,7,21,25,0,3,2,US-150,,0,38.37779722,-86.003636110,0,12,6,0,1,1,1,0,2,1,0,1,0,0000000,21,47,22,5,99,99,0,0,0,2,0
18,180591,3,3,0,4,3,1850,9,11,2010,3,15,29,0,16,4,TONKEL RD,,0,41.22973333,-85.077438890,0,12,2,0,1,1,1,0,1,1,0,1,0,0000000,15,31,15,39,99,99,0,0,0,2,0
18,180592,2,2,0,4,71,4440,5,11,2010,6,19,3,0,3,2,US-31,CR-700,0,38.98396667,-85.835152780,0,12,6,0,2,2,1,0,2,1,0,1,0,0000000,0,14,0,16,99,99,0,0,0,1,0
18,180593,2,2,0,2,15,1200,12,11,2010,6,5,19,0,15,3,SR-25,,0,40.59629444,-86.656294440,0,12,2,0,1,1,1,0,2,1,0,1,0,0000000,5,20,5,26,99,99,0,0,0,1,0
18,180594,2,2,0,9,91,2990,31,10,2010,1,2,15,1,1,1,I-94,,450,41.70158611,-86.807872220,0,12,1,0,1,1,1,0,2,1,0,1,0,0000000,2,19,2,36,99,99,23,0,0,1,1
18,180595,2,2,0,5,99,4010,12,11,2010,6,18,11,0,3,2,US-30,PLYMOUTH GOSHEN TR,0,41.36043611,-86.292080560,0,12,6,0,2,2,1,0,2,1,0,1,0,0000000,18,11,18,15,99,99,0,0,0,1,0
18,180596,3,1,1,1,89,2120,4,11,2010,5,23,41,1,11,1,I-65,,2581,41.56262778,-87.306852780,0,14,0,0,1,1,2,0,3,10,0,10,0,0000000,23,43,23,46,88,88,15,0,0,1,1
18,180597,2,1,0,3,161,2660,13,11,2010,7,2,35,0,3,2,US-27,,0,39.65031111,-84.927413890,0,14,0,0,1,1,2,0,2,1,0,1,0,0000000,2,25,2,32,99,99,0,0,0,1,0
18,180598,1,1,0,1,83,5030,8,11,2010,2,13,30,0,3,2,US-41,,0,38.69421944,-87.494655560,0,50,0,1,5,1,8,0,1,1,0,1,0,0000000,13,33,13,37,88,88,0,0,0,1,1
18,180599,1,1,0,1,11,2630,16,11,2010,3,2,42,0,16,4,CR-25,CR-450,0,39.97389722,-86.473647220,0,34,0,0,3,3,5,0,2,1,0,1,0,0000000,2,42,2,51,88,88,0,0,0,1,1
18,180600,2,2,0,3,97,2210,14,11,2010,1,11,23,0,6,4,ROCKVILLE RD,,0,39.76428056,-86.289366670,0,12,6,0,8,1,1,0,1,1,0,1,0,0000000,11,23,11,24,99,99,0,0,0,1,0
18,180601,4,4,0,4,3,1580,15,11,2010,2,12,54,0,6,4,JEFFERSON BLVD,,0,41.03786667,-85.244894440,0,12,1,0,1,1,1,0,1,1,0,1,0,0000000,12,54,12,54,99,99,0,0,0,1,0
18,180602,1,1,0,2,71,1090,7,11,2010,1,18,32,1,1,1,I-65,,375,38.78911389,-85.820388890,0,35,0,0,1,1,5,0,2,1,0,1,0,0000000,18,32,18,36,99,99,0,0,0,1,0
18,180603,5,5,0,7,169,5040,15,11,2010,2,13,51,0,4,3,SR-13,,0,40.84725556,-85.791636110,0,12,1,0,1,1,1,1,1,1,0,1,0,0000000,13,51,13,53,99,99,0,0,0,1,0
18,180604,2,2,0,2,181,5400,9,11,2010,3,7,53,0,16,4,DIVISION RD,CR-1100,0,40.75096389,-87.079697220,0,12,2,0,2,2,1,0,1,1,0,1,0,0000000,7,55,8,7,88,88,0,0,0,1,0
18,180605,2,2,0,4,61,3572,3,4,2010,7,21,5,0,4,3,SR-135,DOGWOOD DR,0,38.32886389,-86.098136110,0,12,8,0,3,3,1,0,2,1,0,1,0,0000000,21,5,21,9,99,99,0,0,0,1,0
18,180606,1,1,0,1,19,800,24,4,2010,7,10,55,0,4,3,SR-403,,0,38.42279722,-85.724988890,0,42,0,0,1,1,5,0,1,1,0,1,0,0000000,10,57,10,58,99,99,0,0,0,1,0
18,180607,2,2,0,2,13,3390,16,11,2010,3,5,57,0,4,3,SR-46,,0,39.19554444,-86.096077780,0,12,2,0,1,1,1,0,2,10,0,10,0,0000000,5,57,6,12,99,99,0,0,0,1,0
18,180608,1,1,0,1,143,4400,7,9,2010,3,17,20,1,11,1,I-65,,99999,38.58826389,-85.778933330,0,38,0,0,1,1,5,0,1,1,0,1,0,0000000,17,23,17,27,88,88,0,0,0,1,0
18,180609,2,2,0,2,149,1974,2,11,2010,3,14,19,0,3,2,US-30,,0,41.36869167,-86.486436110,0,12,6,0,4,1,1,0,1,1,0,1,0,0000000,14,18,14,33,99,99,0,0,0,1,0
18,180610,1,1,1,1,97,2210,13,11,2010,7,5,42,0,6,4,GERMAN CHURCH RD,,0,39.81196389,-85.971966670,0,8,0,0,1,1,1,0,2,1,0,1,0,0000000,5,44,5,49,88,88,0,0,0,1,0
18,180611,1,1,0,2,25,3080,31,10,2010,1,10,20,0,4,3,SR-66,,0,38.37100278,-86.331597220,0,34,0,0,1,1,5,0,1,1,0,1,0,0000000,10,21,10,39,99,99,0,0,0,1,0
18,180612,2,2,0,3,163,1480,8,11,2010,2,18,35,0,3,2,US-41,RUSHER CREEK RD,0,38.15784444,-87.550822220,0,12,6,0,2,2,1,0,2,1,0,1,0,0000000,18,38,18,38,88,88,0,0,0,1,0
18,180613,1,1,0,1,83,5030,9,11,2010,3,13,25,0,16,4,SIXTH ST,,0,38.53890000,-87.603091670,0,32,0,0,1,1,5,0,1,1,0,1,0,0000000,13,28,13,36,88,88,0,0,0,1,0
18,180614,1,1,0,1,11,5280,13,11,2010,7,4,14,0,6,4,INDIGO BLUE BLVD,,0,39.98783889,-86.346830560,0,5,0,0,1,1,5,0,2,1,0,1,0,0000000,4,14,4,17,99,99,0,0,0,1,1
18,180615,1,1,0,1,57,3590,16,11,2010,3,5,5,0,6,4,MILL FARM RD,,0,40.06033611,-86.059169440,0,34,0,0,1,1,5,0,2,1,0,1,0,0000000,5,6,5,11,99,99,0,0,0,1,0
18,180616,1,1,1,1,19,2270,18,11,2010,5,18,19,0,6,4,10TH STREET,THOMPSON LN,0,38.31702500,-85.715844440,0,8,0,0,2,3,1,0,2,1,0,1,0,0000000,18,28,18,31,88,88,19,0,0,1,0
18,180617,1,1,0,2,21,450,18,11,2010,5,19,30,0,16,4,BOWLING GR POLAND RD,,0,39.40566111,-86.983652780,0,42,0,0,1,1,4,0,2,1,0,1,0,0000000,19,31,20,9,99,99,0,0,0,1,1
18,180618,1,1,1,4,89,2972,31,10,2010,1,4,13,0,14,2,US-30,,0,41.47128611,-87.372894440,0,8,0,0,1,1,1,0,2,10,0,10,0,0000000,4,13,4,17,88,88,0,0,0,1,0
18,180620,1,1,0,3,23,1640,20,11,2010,7,21,1,1,1,1,I-65,,1530,40.26411944,-86.657433330,0,1,0,0,1,1,3,0,2,1,0,1,0,0000000,21,1,21,12,99,99,0,0,0,1,0
18,180621,1,1,0,1,145,4470,25,7,2010,1,7,35,0,16,4,BOGGSTOWN RD,CR-500,0,39.54771111,-85.875661110,0,42,0,0,3,3,4,0,1,1,0,1,0,0000000,7,36,7,43,99,99,0,0,0,1,0
18,180622,2,2,0,2,93,300,22,11,2010,2,14,44,0,4,3,SR-37,,0,38.86136389,-86.521111110,0,12,6,0,8,1,1,0,1,10,0,10,0,0000000,14,44,14,49,99,99,0,0,0,1,0
18,180623,1,1,0,1,15,1200,5,7,2010,2,7,15,0,3,2,US-421,,0,40.46170833,-86.631575000,0,35,0,0,1,1,5,0,4,1,0,1,0,0000000,7,15,7,20,99,99,0,0,0,1,0
18,180624,1,1,0,1,31,1910,28,8,2010,7,6,0,0,14,2,US-421,,0,39.33247222,-85.475050000,0,43,0,0,1,1,5,0,2,1,0,1,0,0000000,6,0,6,2,99,99,0,0,0,1,1
18,180625,3,1,1,2,89,1730,17,11,2010,4,13,34,0,15,3,SR-53,,0,41.54051389,-87.336588890,0,8,0,0,1,1,7,0,1,1,0,1,0,0000000,13,40,13,45,99,99,14,0,0,1,0
18,180626,1,1,1,1,95,140,23,11,2010,3,14,30,0,16,4,CR-100,,0,40.02285000,-85.692158330,0,8,0,0,1,1,1,0,1,1,0,1,0,0000000,14,33,14,38,99,99,0,0,0,1,0
18,180627,1,1,0,1,153,4750,22,11,2010,2,3,10,0,16,4,CR-300,,0,39.04038611,-87.441858330,0,34,0,0,1,1,6,0,2,1,0,1,0,0000000,3,10,3,22,88,88,0,0,0,1,1
18,180628,1,1,2,1,55,2250,7,11,2010,1,20,8,0,15,3,SR-48,,0,39.16311667,-87.202852780,0,8,0,0,1,1,1,0,3,1,0,1,0,0000000,20,9,20,11,99,99,0,0,0,1,0
18,180629,2,1,0,1,99,4010,25,11,2010,5,22,13,0,6,4,NORTH OAK DR,HARRISON ST,0,41.34709444,-86.328677780,0,14,0,0,3,3,6,0,3,1,0,1,0,0000000,22,13,22,14,99,99,0,0,0,1,0
18,180630,4,4,0,6,81,4880,27,11,2010,7,11,50,0,4,3,SR-252,CR-25,0,39.40912500,-86.108983330,0,12,1,0,2,2,1,0,1,1,0,1,0,0000000,11,50,11,56,99,99,0,0,0,1,0
18,180631,1,1,1,4,67,2430,27,11,2010,7,21,23,0,6,4,JEFFERSON ST,,0,40.49083056,-86.142258330,0,8,0,0,1,1,1,0,3,1,0,1,0,0000000,21,24,21,27,99,99,0,0,0,1,0
18,180632,2,2,0,2,181,5400,15,10,2010,6,15,36,0,16,4,CR-600,CR-325,0,40.70367500,-86.985625000,0,12,6,0,2,2,1,0,1,1,0,1,0,0000000,15,36,15,49,99,99,0,0,0,1,0
18,180633,1,1,0,1,163,1480,16,10,2010,7,1,14,0,16,4,UPPER MOUNT VERNON,,0,37.99056667,-87.651619440,0,42,0,0,1,1,4,0,2,1,0,1,0,0000000,1,14,1,22,99,99,0,0,0,1,1
18,180634,2,2,0,3,97,2210,24,11,2010,4,19,59,0,6,4,ALLISONVILLE,BARRWILL DR,0,39.88108333,-86.090808330,0,12,2,0,2,3,1,0,3,2,0,2,0,0000000,20,0,20,3,99,99,0,0,0,1,0
18,180635,2,2,0,2,97,2210,21,11,2010,1,4,29,0,6,4,PENDLETON PIKE,,0,39.87185278,-85.957127780,0,12,6,0,1,1,1,0,2,1,0,1,0,0000000,4,29,4,29,99,99,0,0,0,2,1
18,180636,6,6,0,6,127,820,24,11,2010,4,7,45,0,15,3,SR-49,GATEWAY BLVD,0,41.57628889,-87.045708330,0,12,2,0,2,2,1,0,1,1,0,1,0,0000000,7,47,7,50,99,99,0,0,0,1,0
18,180637,3,3,0,8,141,4580,24,10,2010,1,13,11,0,14,2,US-31,,0,99.99990000,999.999900000,0,12,1,0,1,1,1,0,1,1,0,1,0,0000000,13,11,13,11,99,99,0,0,0,1,0
18,180638,2,2,0,3,89,2972,25,11,2010,5,16,32,0,6,4,61ST AVE,KENTUCKY PLACE,0,41.50729167,-87.321933330,0,12,6,0,2,7,1,0,2,10,0,10,0,0000000,16,33,16,34,88,88,0,0,0,1,0
18,180639,2,2,0,2,147,1780,25,11,2010,5,12,3,0,4,3,SR-162,,0,38.11396389,-87.029913890,0,12,6,0,1,1,1,0,1,2,0,2,0,0000000,12,8,12,19,99,99,0,0,0,1,0
18,180640,1,1,0,1,59,1890,30,11,2010,3,6,44,0,16,4,CR-300,,0,39.82828056,-85.790219440,0,11,0,0,1,1,1,0,2,10,0,10,0,0000000,6,44,6,45,88,88,0,0,0,1,0
18,180641,2,2,0,2,3,2178,2,12,2010,5,17,30,0,3,2,US-33,,0,41.19883889,-85.301113890,0,12,2,0,1,1,1,0,2,1,0,1,0,0000000,17,32,17,36,99,99,0,0,0,1,0
18,180642,3,3,0,5,63,251,17,6,2010,5,15,45,0,6,4,CR-800,CR-200,0,39.73368611,-86.381002780,0,12,6,0,2,3,1,0,1,1,0,1,0,0000000,15,47,15,50,99,99,0,0,0,1,0
18,180643,1,1,1,1,97,2210,30,11,2010,3,18,30,0,6,4,KESSLER NORTH DR,,0,39.80016111,-86.211433330,0,8,0,0,1,1,1,0,2,10,0,10,0,0000000,17,50,18,10,99,99,0,0,0,1,0
18,180644,1,1,0,2,81,1650,20,11,2010,7,13,28,0,6,4,GRAHAM RD,,0,39.52086111,-86.059083330,0,31,0,0,1,1,5,0,1,10,0,10,0,0000000,13,28,13,33,99,99,0,0,0,1,0
18,180645,1,1,0,1,37,2260,21,11,2010,1,17,9,0,16,4,CR-130,,0,99.99990000,999.999900000,0,34,0,0,1,1,4,0,1,10,0,10,0,0000000,17,9,17,26,88,88,0,0,0,1,0
18,180646,2,2,0,3,97,2210,25,11,2010,5,15,50,0,6,4,10TH ST,,0,39.78215833,-86.016511110,0,12,2,0,1,1,1,0,1,2,0,2,0,0000000,15,57,15,58,99,99,0,0,0,1,0
18,180647,1,1,0,4,113,60,27,11,2010,7,3,30,0,16,4,CR-500,,0,41.27961389,-85.401363890,0,30,0,0,1,1,5,0,2,10,0,10,0,0000000,3,31,3,35,99,99,0,0,0,1,1
18,180648,2,2,0,3,97,2210,27,11,2010,7,22,54,0,6,4,MADISON AVE,SHELBY ST,0,39.70124444,-86.139205560,0,12,1,1,2,7,1,0,2,1,0,1,0,0000000,22,56,22,58,99,99,0,0,0,1,0
18,180649,1,1,0,1,71,9997,30,11,2010,3,15,19,0,16,4,CR-1190,,0,99.99990000,999.999900000,0,42,0,0,1,1,5,0,1,10,0,10,0,0000000,15,19,15,33,88,88,0,0,0,1,0
18,180650,2,2,0,4,97,2210,30,11,2010,3,15,14,0,6,4,GEORGETOWN RD,84TH ST,0,39.90697222,-86.240744440,0,12,2,0,2,2,1,0,1,1,0,1,0,0000000,15,14,15,18,99,99,0,0,0,1,0
18,180651,3,3,0,7,89,2972,2,12,2010,5,18,32,0,15,3,SR-55,,0,41.48581944,-87.365513890,0,12,2,0,1,1,1,0,2,1,0,1,0,0000000,18,32,18,33,99,99,0,0,0,1,0
18,180652,1,1,1,1,127,4960,2,12,2010,5,18,45,0,16,4,SAGER RD,,0,41.42747500,-87.046738890,0,8,0,0,1,1,1,0,2,10,0,10,0,0000000,18,46,18,53,99,99,0,0,0,1,0
18,180653,1,1,2,1,97,2210,3,12,2010,6,6,26,1,11,1,I-74,,936,39.73207500,-86.043977780,0,8,0,0,1,1,2,0,2,10,0,10,0,0000000,6,26,6,29,99,99,0,0,0,1,0
18,180654,2,2,0,4,23,1640,3,12,2010,6,17,25,0,16,4,CR-200,,0,40.35197222,-86.468497220,0,12,2,0,1,1,1,0,5,10,0,10,0,0000000,17,35,17,41,99,99,0,0,0,1,1
18,180655,1,1,1,1,39,1830,3,12,2010,6,10,20,0,6,4,CLINTON ST,,0,41.58665556,-85.867380560,0,8,0,0,1,1,1,0,1,10,0,10,0,0000000,10,20,10,21,88,88,0,0,0,1,0
18,180656,2,2,0,3,73,1206,3,12,2010,6,5,33,1,1,1,I-65,,2270,41.10916944,-87.265347220,0,12,1,0,1,1,1,0,2,1,0,1,0,0000000,5,36,5,51,88,88,0,0,0,2,0
18,180657,1,1,0,2,153,700,4,12,2010,7,19,51,0,3,2,US-41,,0,38.99644167,-87.401647220,0,30,0,0,1,1,5,0,2,3,0,3,0,0000000,19,51,19,59,99,99,0,0,0,1,0
18,180658,1,1,0,2,91,2570,4,12,2010,7,7,36,0,16,4,CR-500,,0,41.53299722,-86.826838890,0,42,0,0,1,1,5,0,1,4,0,4,0,0000000,7,36,7,46,99,99,0,0,0,1,0
18,180659,1,1,0,1,1,1180,4,12,2010,7,22,57,0,16,4,CR-300,,0,40.75883056,-84.995469440,0,1,0,0,1,1,5,0,2,1,0,1,0,0000000,22,58,23,4,88,88,0,0,0,1,0
18,180660,1,1,0,2,19,800,8,12,2010,4,14,45,0,4,3,SR-160,,0,38.52839444,-85.737819440,0,31,0,0,1,1,5,0,1,1,0,1,0,0000000,14,49,14,50,99,99,0,0,0,1,0
18,180661,1,1,0,1,173,410,9,12,2010,5,13,58,0,4,3,SR-62,,0,38.03970833,-87.225866670,0,34,0,0,1,1,4,0,1,10,0,10,0,0000000,13,59,14,14,88,88,0,0,0,1,0
18,180662,2,2,0,4,57,170,10,12,2010,6,11,38,0,3,2,US-31,236ST,0,40.13091944,-86.128350000,0,12,6,0,2,2,1,0,1,1,0,1,0,0000000,11,39,11,40,99,99,0,0,0,1,0
18,180663,2,2,0,5,167,5230,12,12,2010,1,13,15,0,16,4,ILLIANA DR,,0,39.43755278,-87.531508330,0,12,2,0,1,1,1,0,1,4,0,4,0,0000000,13,15,13,26,99,99,0,0,0,1,0
18,180664,1,1,0,1,89,2010,11,12,2010,7,8,46,0,6,4,150TH ST,,0,41.62301389,-87.507905560,0,30,0,0,1,1,5,0,1,10,0,10,0,0000000,8,47,8,50,88,88,0,0,0,1,0
18,180665,2,2,0,2,167,4840,19,11,2010,6,7,20,0,6,4,FRUITRIDGE AVE,MAPLE AVE,0,39.49198611,-87.360533330,0,12,1,0,2,2,1,0,4,1,0,1,0,0000000,7,20,7,24,99,99,0,0,0,1,0
18,180666,2,2,0,3,3,1580,12,12,2010,1,16,57,0,6,4,ARDMORE AVE,,0,41.02057778,-85.189102780,0,12,6,0,1,1,1,0,2,4,0,4,0,0000000,16,59,17,2,99,99,0,0,0,1,0
18,180667,1,1,0,1,45,1040,1,10,2010,6,11,45,0,4,3,SR-32,,0,40.05140278,-87.338047220,0,42,0,0,1,1,5,0,1,1,0,1,0,0000000,11,46,11,59,99,99,0,0,0,1,0
18,180668,1,1,0,1,145,4470,10,12,2010,6,17,50,0,16,4,MORRISTOWN RD,,0,39.61222778,-85.739125000,0,42,0,0,1,1,4,0,2,10,0,10,0,0000000,17,51,17,53,99,99,0,0,0,1,0
18,180669,2,2,0,2,89,2010,15,12,2010,4,11,16,0,6,4,GRAND AVE,,0,41.58797222,-87.442255560,0,12,6,0,4,1,1,0,1,1,0,1,0,0000000,11,21,11,34,99,99,0,0,0,1,0
18,180670,1,1,0,1,95,3910,16,12,2010,5,13,30,0,4,3,SR-38,,0,40.00955556,-85.787772220,0,34,0,0,1,1,4,0,1,1,0,1,0,0000000,13,30,13,33,99,99,0,0,0,1,0
18,180671,2,2,0,3,73,4090,16,12,2010,5,11,15,1,1,1,I-65,,2050,40.81874722,-87.163511110,0,12,1,0,1,1,1,0,1,10,0,10,0,0000000,11,15,11,39,99,99,0,0,0,1,0
18,180672,2,2,1,5,105,380,18,12,2010,7,1,41,0,16,4,COCKRELL RD,,0,39.10174167,-86.577094440,0,12,1,0,1,1,1,0,2,1,0,1,0,0000000,1,41,1,46,99,99,0,0,0,1,0
18,180673,2,2,0,5,19,2270,20,12,2010,2,21,34,0,4,3,SR-62,STACY SPRINGS CT,0,38.38640833,-85.684691670,0,34,0,0,3,3,5,0,2,4,0,4,0,0000000,21,35,21,40,99,99,0,0,0,1,0
18,180674,2,2,0,2,139,4270,20,12,2010,2,6,30,0,4,3,SR-44,,0,39.57311111,-85.594525000,0,12,2,0,1,1,1,0,2,10,0,10,0,0000000,6,33,6,35,99,99,0,0,0,1,0
18,180675,2,2,0,2,101,4520,20,12,2010,2,17,0,0,3,2,US-50,,0,38.67683333,-86.798000000,0,12,2,0,1,1,1,0,3,1,0,1,0,0000000,17,8,17,22,88,88,0,0,0,2,0
18,180676,1,1,0,1,153,2200,25,12,2010,7,9,27,0,4,3,SR-48,,0,39.18628056,-87.266600000,0,34,0,0,1,1,4,0,1,10,0,10,0,0000000,9,27,9,43,99,99,0,0,0,1,0
18,180677,3,3,0,5,115,4150,26,10,2010,3,18,2,0,4,3,SR-56,,0,39.00921389,-84.877238890,0,12,2,0,1,1,1,0,1,1,0,1,0,0000000,18,4,18,4,99,99,0,0,0,1,0
18,180678,2,2,0,3,3,1580,22,12,2010,4,17,11,0,6,4,TILLMAN RD,,0,41.01760000,-85.107050000,0,12,8,0,1,1,1,0,5,10,0,10,0,0000000,17,14,17,45,99,99,20,0,0,1,1
18,180679,2,2,0,2,71,4440,15,12,2010,4,13,36,0,3,2,US-31,CR-700,0,38.98389722,-85.834894440,0,12,6,0,2,2,1,0,1,10,0,10,0,0000000,13,36,13,39,99,99,0,0,0,1,0
18,180680,1,1,1,1,23,1640,24,12,2010,6,10,32,0,14,2,US-421,EAST ST,0,40.27975278,-86.504877780,0,9,0,0,3,2,1,0,1,10,0,10,0,0000000,10,33,10,34,99,99,0,0,0,1,0
18,180681,2,2,0,4,105,380,27,12,2010,2,9,30,0,4,3,SR-37,SAMPLE RD,0,39.26597222,-86.522561110,0,12,6,0,2,2,1,0,1,1,0,1,0,0000000,9,40,9,40,99,99,0,0,0,1,0
18,180682,1,1,0,3,97,2210,26,12,2010,1,22,25,0,6,4,MICHIGAN ST,,0,39.77461667,-86.107430560,0,21,0,0,1,1,5,0,3,1,0,1,0,0000000,22,27,22,32,99,99,0,0,0,1,1
18,180683,1,1,0,2,117,3780,24,12,2010,6,20,5,0,4,3,SR-56,,0,38.55742778,-86.348902780,0,35,0,0,1,1,6,0,2,10,0,10,0,0000000,20,6,20,19,99,99,0,0,0,1,0
18,180684,1,1,0,1,5,990,27,12,2010,2,8,52,0,6,4,WASHINGTON ST,25TH STREET,0,39.22269167,-85.921588890,0,43,0,0,3,1,6,0,1,1,0,1,0,0000000,8,52,8,55,88,88,0,0,0,1,1
18,180685,1,1,0,2,167,4840,24,12,2010,6,1,17,0,6,4,9TH STREET,,0,39.46758889,-87.404447220,0,42,0,0,1,1,4,0,3,1,0,1,0,0000000,1,19,1,23,99,99,0,0,0,1,1
18,180686,2,2,0,6,3,1580,10,12,2010,6,1,20,0,6,4,SOUTH ANTHONY BLVD,,0,41.05629722,-85.113766670,0,12,6,0,1,1,1,0,3,11,0,11,0,0000000,1,20,2,59,99,99,0,0,0,1,0
18,180687,2,2,0,5,105,380,10,12,2010,6,12,20,0,6,4,WALNUT STREET,NORTH DR,0,39.14411667,-86.531808330,0,12,1,0,2,3,1,0,1,1,0,1,0,0000000,12,20,12,22,99,99,0,0,0,1,0
18,180688,1,1,2,1,97,2210,19,12,2010,1,18,0,0,6,4,BLUFF RD,,0,39.67125556,-86.178816670,0,8,0,0,1,1,4,0,2,10,0,10,0,0000000,18,5,18,10,99,99,0,0,0,1,1
18,180689,1,1,1,1,97,2210,23,12,2010,5,8,23,0,6,4,GEORGETOWN RD,,0,39.88194722,-86.244391670,0,8,0,0,1,1,1,0,1,1,0,1,0,0000000,8,25,8,33,99,99,0,0,0,1,0
18,180690,1,1,2,1,43,3400,28,12,2010,3,19,17,0,6,4,SLATE RUN RD,,0,38.31492500,-85.800475000,0,8,0,0,1,1,1,0,2,10,0,10,0,0000000,19,19,19,23,99,99,0,0,0,2,0
18,180691,1,1,0,2,57,850,29,12,2010,4,23,38,0,16,4,256 ST,,0,40.16182222,-85.958405560,0,42,0,0,1,1,5,0,2,10,0,10,0,0000000,23,38,23,47,99,99,0,0,0,1,0
18,180692,2,2,0,3,89,1730,18,12,2010,7,18,6,1,11,1,I-80,,115,41.56803611,-87.305647220,0,20,0,1,5,1,8,1,2,1,0,1,0,0000000,18,7,18,7,99,99,0,0,0,1,0
18,180693,2,2,0,4,95,70,29,12,2010,4,19,6,0,4,3,SR-9,,0,40.23419722,-85.667008330,0,12,2,0,1,1,1,0,2,10,0,10,0,0000000,19,7,19,9,99,99,0,0,0,1,0
18,180694,2,2,0,3,89,1100,31,12,2010,6,22,37,0,6,4,GRANT ST,137TH AVE,0,41.36933611,-87.354783330,0,12,6,0,3,3,1,0,2,2,0,2,0,0000000,22,37,23,10,99,99,0,0,0,2,1
18,180695,1,1,0,1,91,2990,31,12,2010,6,15,28,0,3,2,US-35,,0,41.68248056,-86.791369440,0,42,0,0,1,1,5,0,1,2,0,2,0,0000000,15,28,15,35,88,88,0,0,0,1,0
18,180696,1,1,4,1,95,140,22,8,2010,1,3,21,0,6,4,16TH ST,ARROW AVE,0,40.09983889,-85.701536110,0,8,0,0,2,2,6,0,2,1,0,1,0,0000000,5,23,5,31,99,99,0,0,0,1,1
18,180697,2,2,0,2,137,3800,17,12,2010,6,9,50,0,4,3,SR-350,,0,39.14337500,-85.262016670,0,12,2,0,1,1,1,0,1,3,0,3,0,0000000,9,53,10,4,99,99,0,0,0,1,0
18,180698,2,2,0,5,3,1580,31,12,2010,6,14,46,0,6,4,LAFAYETTE ST,PETITT AVE,0,41.03916111,-85.132455560,0,12,6,0,2,2,1,0,1,10,0,10,0,0000000,14,47,14,49,99,99,0,0,0,1,0
18,180699,2,2,0,4,17,2730,27,12,2010,2,15,28,0,4,3,SR-17,CR-200,0,40.79376667,-86.374297220,0,12,6,0,2,2,1,0,1,1,0,1,0,0000000,15,8,15,12,99,99,0,0,0,1,0