STATE,ST_CASE,VE_TOTAL,VE_FORMS,PEDS,PERSONS,COUNTY,CITY,DAY,MONTH,YEAR,DAY_WEEK,HOUR,MINUTE,NHS,ROAD_FNC,ROUTE,TWAY_ID,TWAY_ID2,MILEPT,LATITUDE,LONGITUD,SP_JUR,HARM_EV,MAN_COLL,RELJCT1,RELJCT2,TYP_INT,REL_ROAD,WRK_ZONE,LGT_COND,WEATHER1,WEATHER2,WEATHER,SCH_BUS,RAIL,NOT_HOUR,NOT_MIN,ARR_HOUR,ARR_MIN,HOSP_HR,HOSP_MN,CF1,CF2,CF3,FATALS,DRUNK_DR
18,180700,2,2,0,3,149,2420,26,12,2010,1,13,45,0,3,2,US-35,CR-210,0,99.99990000,999.999900000,0,12,6,0,2,2,1,0,1,10,0,10,0,0000000,13,45,13,51,99,99,0,0,0,1,0
18,180701,1,1,0,1,29,2610,29,12,2010,4,15,11,0,4,3,SR-1,,0,39.24117778,-84.947897220,0,59,0,0,1,1,6,0,1,10,0,10,0,0000000,15,11,15,16,99,99,0,0,0,1,0
18,180702,1,1,0,1,165,940,30,10,2010,7,22,58,0,6,4,NORTH 7TH STREET,,0,39.66234444,-87.405369440,0,52,0,0,1,1,4,0,3,1,0,1,0,0000000,23,58,0,4,99,99,0,0,0,1,1
18,180703,1,1,0,1,57,1540,10,12,2010,6,0,40,0,16,4,113ST,,0,39.95351111,-85.890008330,0,42,0,0,1,1,5,0,2,4,0,4,0,0000000,0,53,1,7,99,99,0,0,0,1,0
18,180704,2,2,0,3,89,2972,22,11,2010,2,23,30,0,15,3,SR-53,,0,41.51605000,-87.336072220,0,12,6,0,1,1,1,0,3,10,0,10,0,0000000,23,33,23,34,99,99,0,0,0,1,2
18,180705,1,1,0,1,137,280,31,12,2010,6,22,22,0,16,4,DELAWARE RD,,0,99.99990000,999.999900000,0,34,0,0,1,1,5,0,2,2,0,2,0,0000000,22,50,22,55,88,88,0,0,0,1,1
18,180706,1,1,0,2,59,1890,29,12,2010,4,19,30,0,16,4,CR-100,,0,39.79774722,-85.914677780,0,5,0,0,1,1,1,0,2,2,0,2,0,0000000,19,30,19,35,99,99,0,0,0,1,0
18,180707,2,2,0,2,123,4820,26,11,2010,6,16,32,0,15,3,SR-66,,0,37.94094722,-86.762552780,0,12,6,0,8,1,1,0,1,1,0,1,0,0000000,18,20,19,3,99,99,0,0,0,1,0
18,180708,1,1,0,1,97,2210,23,7,2010,6,0,45,0,6,4,MADISON AVE,,0,39.73969167,-86.154580560,0,30,0,0,1,1,4,0,3,1,0,1,0,0000000,0,59,1,0,88,88,0,0,0,1,0
18,180709,1,1,1,1,57,5180,20,12,2010,2,18,30,0,6,4,GREYHOUND PASS,ACCESS RD,0,40.00358056,-86.129455560,0,8,0,0,3,2,1,0,3,10,0,10,0,0000000,18,32,18,33,99,99,0,0,0,1,0
18,180710,1,1,0,3,47,550,4,9,2010,7,1,0,0,4,3,SR-252,,0,39.41471111,-84.981736110,0,34,0,0,1,1,5,0,2,1,0,1,0,0000000,1,6,1,8,99,99,0,0,0,1,1
18,180711,1,1,0,6,25,2620,26,12,2010,1,9,38,0,4,3,SR-64,,920,38.24263889,-86.359608330,0,35,0,0,1,1,6,0,1,10,0,10,0,0000000,9,41,9,57,99,99,0,0,0,1,0
18,180712,2,2,0,2,63,3990,30,12,2010,5,17,51,0,14,2,US-40,CR-900,0,39.71618611,-86.361275000,0,12,2,0,2,2,1,0,2,10,0,10,0,0000000,17,52,17,55,99,99,0,0,0,1,0
18,180713,2,2,0,2,133,950,21,12,2010,3,1,0,1,1,1,I-70,,470,39.55398889,-86.694488890,0,12,6,0,1,1,1,0,2,3,0,3,0,0000000,1,8,1,17,88,88,0,0,0,1,0
18,180714,1,1,0,1,13,3390,5,11,2010,6,6,30,0,4,3,SR-46,,0,39.20058333,-86.118994440,0,53,0,0,1,1,4,0,2,2,0,2,0,0000000,6,30,6,40,99,99,0,0,0,1,0
19,190001,2,2,0,3,153,0,6,1,2010,4,15,20,1,1,1,I-80,,168,41.64944167,-93.629580560,0,12,11,0,1,1,1,0,1,4,0,4,0,0000000,15,34,15,36,88,88,0,0,0,1,0
19,190002,3,3,0,3,155,0,7,1,2010,5,3,38,1,1,1,I-80,,369,41.49759167,-95.387988890,0,12,1,0,1,1,1,0,2,4,0,4,0,0000000,88,88,88,88,88,88,0,0,0,1,0
19,190003,2,2,0,2,161,0,11,1,2010,2,9,11,0,3,3,SR-175,,50,42.31184444,-95.208519440,0,12,2,0,1,1,1,0,1,1,0,1,0,0000000,9,18,9,39,10,15,0,0,0,1,0
19,190004,2,2,0,6,163,2080,15,1,2010,6,23,0,1,13,2,US-67,,21,41.52827500,-90.552025000,0,12,1,0,1,1,1,0,3,1,0,1,0,0000000,23,20,23,24,23,37,0,0,0,3,1
19,190005,1,1,0,1,13,8790,16,1,2010,7,16,40,0,16,6,INDEPENDENCE AVE.,,0,42.49831111,-92.318033330,0,50,0,0,1,1,3,0,5,1,0,1,0,0000000,16,41,16,44,17,37,0,0,0,1,0
19,190006,1,1,0,1,173,0,18,1,2010,2,7,5,0,3,3,SR-25,,19,40.74869722,-94.471444440,0,1,0,0,1,1,4,0,4,5,0,5,0,0000000,7,13,7,32,8,2,0,0,0,1,0
19,190007,2,2,0,2,111,0,19,1,2010,3,7,13,0,4,4,303RD AVE,180TH ST,0,40.69631944,-91.329850000,0,12,6,0,2,2,1,0,4,5,0,5,0,0000000,7,16,7,26,8,0,0,0,0,1,0
19,190008,1,1,0,1,155,0,24,1,2010,1,17,15,1,1,1,I-80,,239,41.45560000,-95.599844440,0,1,0,0,1,1,4,0,5,4,7,4,0,0000000,88,88,88,88,88,88,0,0,0,1,0
19,190009,2,1,0,3,163,2080,21,1,2010,5,2,39,0,16,6,N CLARK ST,,0,41.53903333,-90.622652780,0,14,0,0,1,1,7,0,3,2,0,2,0,0000000,2,43,2,48,3,10,0,0,0,1,1
19,190010,1,1,0,1,153,9180,24,1,2010,1,22,56,1,11,1,I-235,,32,41.59333889,-93.715297220,0,25,0,0,1,1,4,0,3,4,0,4,0,0000000,22,56,23,6,88,88,0,0,0,1,0
19,190011,2,2,0,2,53,0,13,1,2010,4,9,50,0,6,4,MCGRUDER CREEK RD,PLEASANTON RD,0,40.71089167,-93.740505560,0,12,6,0,2,4,1,0,1,1,0,1,0,0000000,9,53,10,1,10,27,0,0,0,1,0
19,190012,2,2,0,2,139,5930,25,1,2010,2,9,56,1,13,2,US-61,,91,41.41584167,-91.088191670,0,12,6,0,1,1,1,0,1,4,0,4,0,0000000,10,0,10,2,10,28,0,0,0,1,0
19,190013,2,2,0,2,95,0,25,1,2010,2,14,10,1,1,1,I-80,,20,41.69611389,-92.254013890,0,12,2,0,1,1,1,0,1,4,0,4,0,0000000,14,13,14,40,88,88,0,0,0,1,0
19,190014,3,3,0,3,133,0,25,1,2010,2,8,57,1,1,1,I-29,,237,42.19742778,-96.241802780,0,12,2,0,1,1,1,0,1,11,4,4,0,0000000,9,1,9,13,9,39,0,0,0,1,0
19,190015,1,1,0,1,155,1900,2,2,2010,3,99,99,1,11,1,I-29,,133,41.28828333,-95.866822220,0,35,0,1,5,1,4,0,9,1,0,1,0,0000000,88,88,88,88,88,88,0,0,0,1,0
19,190016,2,2,0,2,127,0,28,1,2010,5,14,16,0,3,3,SR-14,SR-330,184,42.12332778,-92.903638890,0,12,6,0,2,2,1,0,1,1,0,1,0,0000000,14,16,14,22,14,33,0,0,0,1,0
19,190017,2,2,0,3,77,0,2,2,2010,3,7,41,0,4,4,WHITE POLE RD,350TH STREET,0,41.50370833,-94.275152780,0,12,2,0,2,3,1,0,1,1,0,1,0,0000000,7,46,7,52,9,10,0,0,0,1,0
19,190018,2,2,0,2,75,0,2,2,2010,3,8,8,1,2,2,US-20,,124,42.46292778,-92.749708330,0,12,6,0,1,1,1,0,1,1,0,1,0,0000000,8,12,8,25,88,88,0,0,0,1,0
19,190019,2,2,0,3,155,0,3,2,2010,4,7,13,1,1,1,I-29,,227,41.41851944,-95.900675000,0,12,6,0,1,1,1,1,4,1,0,1,0,0000000,7,13,7,29,8,14,0,0,0,1,0
19,190020,2,2,0,2,147,0,4,2,2010,5,7,32,0,3,3,SR-14,,217,43.17768333,-94.757511110,0,12,6,0,1,1,1,0,1,3,0,3,0,0000000,7,36,7,48,99,99,0,0,0,1,0
19,190021,1,1,0,2,61,2430,4,2,2010,5,12,38,1,13,2,US-52,,125,42.51449167,-90.671902780,0,6,0,0,1,1,1,1,1,1,0,1,0,0000000,12,43,12,48,13,10,0,0,0,1,0
19,190022,1,1,0,4,105,0,6,2,2010,7,0,30,0,6,4,130TH STREET,,0,42.12142500,-91.205755560,0,1,0,0,1,1,4,0,2,10,0,10,0,0000000,0,31,0,43,1,19,0,0,0,1,0
19,190023,1,1,0,1,151,0,6,2,2010,7,3,41,0,3,3,SR-10,,53,42.83508056,-94.812327780,0,42,0,0,1,1,4,0,2,4,0,4,0,0000000,3,42,3,47,88,88,0,0,0,1,1
19,190024,2,2,0,5,115,0,6,2,2010,7,1,37,0,3,3,SR-70,,17,41.30238056,-91.356394440,0,12,2,0,1,1,1,0,2,1,0,1,0,0000000,1,43,1,50,99,99,0,0,0,4,2
19,190025,2,2,0,3,35,0,7,2,2010,1,6,8,0,3,3,SR-3,,105,42.79824167,-95.646252780,0,12,6,0,1,1,1,0,2,4,0,4,0,0000000,6,8,6,25,6,51,0,0,0,1,0
19,190026,1,1,0,3,153,210,9,2,2010,3,19,10,1,13,2,US-65,,112,41.64491667,-93.510863890,0,1,0,0,1,1,3,0,2,1,0,1,0,0000000,19,12,19,25,19,41,0,0,0,1,0
19,190027,2,2,0,2,147,0,9,2,2010,3,6,15,0,3,3,SR-4,,247,43.22218889,-94.758311110,0,12,6,0,1,1,1,0,2,4,11,4,0,0000000,6,22,6,27,88,88,0,0,0,1,0
19,190028,3,3,0,3,31,0,11,2,2010,5,16,30,1,1,1,I-80,,136,41.64469444,-91.100008330,0,12,6,0,1,1,1,0,1,1,0,1,0,0000000,16,37,16,53,17,31,0,0,0,1,0
19,190029,5,5,0,5,85,0,16,2,2010,3,11,45,1,1,1,I-29,,23,41.53855556,-95.917711110,0,12,1,0,1,1,1,0,1,1,0,1,0,0000000,11,45,11,59,12,36,0,0,0,1,0
19,190030,3,3,0,5,103,0,16,2,2010,3,16,36,1,1,1,I-80,,12,41.68773611,-91.808397220,0,12,1,0,1,1,1,0,1,1,0,1,0,0000000,16,37,16,49,17,32,19,0,0,1,0
19,190031,2,2,0,2,193,7850,17,2,2010,4,16,46,0,14,3,SR-376,LINE DR.,8,42.44358611,-96.371086110,0,12,6,0,2,2,1,0,1,1,0,1,0,0000000,16,48,16,53,88,88,0,0,0,1,0
19,190032,2,2,0,2,135,0,19,2,2010,6,16,50,1,2,2,US-34,735TH AVE,231,41.01587778,-92.658352780,0,12,6,0,2,2,1,0,1,4,0,4,0,0000000,16,53,17,3,88,88,0,0,0,1,0
19,190033,1,1,0,1,85,0,20,2,2010,7,2,35,0,3,3,SR-191,,21,41.54841111,-95.580191670,0,31,0,0,1,1,4,0,2,1,0,1,0,0000000,2,38,2,53,88,88,0,0,0,1,0
19,190034,2,2,0,5,123,0,21,2,2010,1,17,5,1,2,2,US-63,,144,41.37402500,-92.655797220,0,12,6,0,1,1,1,0,1,4,0,4,0,0000000,17,9,17,17,17,30,0,0,0,1,0
19,190035,2,2,0,2,41,7940,23,2,2010,3,15,1,1,13,2,US-18,E 30TH ST,122,43.16916111,-95.147511110,0,12,2,0,2,2,1,0,1,1,0,1,0,0000000,15,3,15,6,15,17,0,0,0,1,0
19,190036,2,2,0,2,113,0,24,2,2010,4,15,25,1,2,2,US-151,,279,42.04720556,-91.491786110,0,12,1,0,1,1,1,0,1,1,0,1,1,0000000,15,25,15,36,88,88,0,0,0,1,0
19,190037,2,2,0,12,127,0,26,2,2010,6,18,53,0,4,4,IOWA AVE W,HIGHLAND ACRES RD,0,42.00750278,-91.961488890,0,12,6,0,2,2,1,0,2,1,0,1,0,0000000,18,53,19,14,19,24,0,0,0,1,0
19,190038,1,1,0,4,145,0,27,2,2010,7,1,18,0,4,4,T AVE,,0,40.70878333,-95.018261110,0,35,0,0,1,1,4,0,2,1,0,1,0,0000000,1,20,1,25,1,53,0,0,0,1,1
19,190039,2,2,0,2,111,0,8,2,2010,2,6,44,1,2,2,US-218,,145,40.56983333,-91.515077780,0,12,6,0,1,1,1,0,2,4,0,4,0,0000000,6,49,7,5,7,34,0,0,0,1,0
19,190040,2,2,0,5,111,0,16,2,2010,3,18,38,0,4,4,303RD AVENUE,,0,40.73561111,-91.328436110,0,12,6,0,1,1,1,0,2,1,0,1,0,0000000,18,50,19,0,19,48,0,0,0,3,0
19,190041,2,2,0,2,113,0,3,3,2010,4,14,47,1,2,2,US-30,OLD RIVER RD,149,41.92581111,-91.555580560,0,12,6,0,2,2,1,0,1,1,0,1,0,0000000,14,49,14,50,88,88,0,0,0,1,0
19,190042,1,1,2,3,163,0,11,3,2010,5,23,55,1,1,1,I-80,,244,41.59754444,-90.433197220,0,8,0,0,1,1,1,0,2,1,0,1,0,0000000,0,3,0,6,88,88,0,0,0,2,0
19,190043,2,2,0,4,131,0,4,3,2010,5,7,35,0,3,3,SR-9,T29,39,43.28427778,-92.924997220,0,12,6,0,2,2,1,0,1,5,0,5,0,0000000,7,37,7,49,99,99,0,0,0,1,0
19,190044,2,2,0,2,75,0,11,3,2010,5,6,20,0,3,3,SR-14,D65,0,42.25273056,-92.943497220,0,12,6,0,2,2,1,0,4,5,0,5,0,0000000,6,22,6,40,7,6,0,0,0,1,0
19,190045,1,1,0,1,113,0,14,3,2010,1,19,28,0,4,4,BLAIRSFERRY RD,,0,42.06921111,-91.784961110,0,3,0,0,1,1,5,0,1,1,0,1,0,0000000,99,99,99,99,99,99,0,0,0,1,1
19,190046,1,1,0,2,131,0,16,3,2010,3,14,8,1,2,2,US-218,,291,43.49245278,-92.943483330,0,42,0,0,1,1,4,0,1,2,0,2,0,0000000,14,10,14,32,88,88,0,0,0,2,0
19,190047,1,1,0,4,85,0,17,3,2010,4,7,58,0,3,3,SR-191,,0,41.51506111,-95.589450000,0,1,0,0,1,1,4,0,1,1,0,1,0,0000000,8,20,8,45,9,2,0,0,0,1,0
19,190048,1,1,1,1,69,0,25,1,2010,2,13,7,1,1,1,I-35 SB,,171,42.83535556,-93.349738890,0,8,0,0,1,1,3,0,1,11,0,11,0,0000000,13,7,99,99,88,88,19,0,0,1,0
19,190049,2,2,0,2,83,4060,17,3,2010,4,15,22,1,13,2,US-65,,227,42.50379444,-93.262380560,0,12,6,0,1,1,1,0,1,1,0,1,0,0000000,15,23,15,29,88,88,0,0,0,1,0
19,190050,1,1,0,3,17,0,21,3,2010,1,2,45,0,6,4,240TH ST,,0,42.70046389,-92.510150000,0,1,0,0,1,1,1,0,2,1,0,1,0,0000000,2,45,2,54,3,10,0,0,0,1,1
19,190051,2,2,0,3,107,0,22,3,2010,2,12,5,0,3,3,SR-22,SR-21,202,41.45224167,-92.355102780,0,12,6,0,2,2,1,0,1,1,0,1,0,0000000,12,5,12,18,99,99,0,0,0,1,0
19,190052,2,2,0,4,123,0,22,3,2010,2,15,16,0,4,4,220TH ST,,0,41.33565833,-92.629191670,0,12,6,0,1,1,1,0,1,1,0,1,0,0000000,15,18,15,24,16,12,0,0,0,1,0
19,190053,2,2,0,2,163,0,24,3,2010,4,18,42,1,2,2,US-61,,49,41.50887222,-90.693811110,0,12,1,0,8,1,1,0,1,2,0,2,0,0000000,18,43,18,50,99,99,0,0,0,1,0
19,190054,1,1,0,4,153,0,29,3,2010,2,21,44,0,4,4,NW 16TH STREET,,0,41.49000000,-93.639069440,0,1,0,0,1,1,4,0,2,1,0,1,0,0000000,21,48,22,1,22,34,0,0,0,1,1
19,190055,2,2,0,2,67,0,31,3,2010,4,12,21,0,4,4,ECHO AVENUE,,0,43.09012778,-92.944825000,0,12,1,0,1,1,1,0,1,1,0,1,1,0000000,12,27,12,52,13,15,0,0,0,1,0
19,190056,2,2,0,2,179,6490,2,4,2010,6,14,18,0,16,6,HUTCHINSON AVENUE,,0,41.02220000,-92.386069440,0,12,6,0,1,1,1,0,1,2,0,2,0,0000000,14,22,14,23,14,38,0,0,0,1,0
19,190057,1,1,0,1,173,0,4,4,2010,1,18,0,0,4,4,HILLCREST AVE,202ND STREET,0,40.75214722,-94.790005560,0,34,0,0,2,3,4,0,1,1,0,1,0,0000000,88,88,88,88,88,88,0,0,0,1,0
19,190058,2,2,0,4,49,0,20,3,2010,7,23,40,1,1,1,I-80,,31,41.51778889,-94.153047220,0,12,6,0,1,1,1,0,2,4,0,4,0,0000000,23,41,0,4,99,99,0,0,0,1,0
19,190059,2,2,0,3,45,1630,23,3,2010,3,13,50,0,16,6,N BLUFF BLVD,4TH AVE N,0,41.84959167,-90.198111110,0,12,6,0,2,2,1,0,1,1,0,1,0,0000000,88,88,88,88,88,88,0,0,0,1,0
19,190060,1,1,0,1,99,0,9,4,2010,6,17,27,0,4,4,NORTH STREET,,0,41.58043056,-93.016452780,0,42,0,0,1,1,4,0,1,1,0,1,0,0000000,17,44,17,56,18,22,0,0,0,1,0
19,190061,2,2,0,2,43,0,9,4,2010,6,7,33,1,2,2,US-52,,222,42.90518889,-91.256447220,0,12,6,0,1,1,1,0,1,1,0,1,0,0000000,7,33,7,43,88,88,0,0,0,1,0
19,190062,2,2,0,3,175,0,10,4,2010,7,10,33,0,3,3,SR-25,130TH,197,41.11480278,-94.414166670,0,12,6,0,2,2,1,0,1,1,0,1,0,0000000,10,33,10,38,10,52,0,0,0,1,0
19,190063,2,2,0,3,153,2260,11,4,2010,1,18,26,0,16,6,E 30TH STREET,,0,41.59431389,-93.558372220,0,12,7,0,1,1,1,0,1,1,0,1,0,0000000,18,27,18,30,18,47,0,0,0,1,2
19,190064,1,1,0,1,155,0,13,4,2010,3,2,45,0,3,3,SR-92,,128,41.23274722,-95.681669440,0,1,0,0,1,1,4,0,2,1,0,1,0,0000000,88,88,88,88,88,88,0,0,0,1,0
19,190065,2,2,0,2,139,0,15,4,2010,5,14,40,0,3,3,SR-38,,47,41.50029722,-91.039430560,0,12,2,0,1,1,1,0,1,1,0,1,0,0000000,88,88,88,88,88,88,0,0,0,1,0
19,190066,1,1,0,1,33,5370,17,4,2010,7,15,3,0,16,6,10TH STREET NW,,0,43.16142778,-93.220905560,0,30,0,0,1,1,4,0,1,1,0,1,0,0000000,15,3,15,9,15,21,0,0,0,1,0
19,190067,1,1,0,1,15,0,19,4,2010,2,12,59,0,6,4,110TH STREET,,0,42.19550556,-93.865588890,0,32,0,0,1,1,4,0,1,1,0,1,0,0000000,13,0,13,12,88,88,0,0,0,1,0
19,190068,2,2,0,2,27,1250,19,4,2010,2,14,28,1,13,2,US-30,BELLA VISTA DR.,129,42.06423333,-94.846727780,0,12,6,0,2,4,1,0,1,1,0,1,0,0000000,14,29,14,35,15,10,0,0,0,1,0
19,190069,2,2,0,3,37,0,19,4,2010,2,17,58,0,4,4,SOUTH LINN STREET,,0,43.04030000,-92.317833330,0,12,2,0,1,1,1,0,1,1,0,1,0,0000000,18,1,18,5,99,99,0,0,0,1,0
19,190070,1,1,0,1,193,0,24,4,2010,7,15,46,0,4,4,D25,,0,42.36186944,-96.175475000,0,31,0,0,1,1,4,0,1,1,0,1,0,0000000,88,88,88,88,88,88,0,0,0,1,1
19,190071,1,1,0,1,71,0,1,4,2010,5,17,0,0,4,4,195TH AVE,,0,40.71560556,-95.808952780,0,34,0,0,1,1,4,0,1,1,0,1,0,0000000,17,8,17,16,17,35,0,0,0,1,0
19,190072,2,2,0,2,117,0,10,4,2010,7,11,50,1,2,2,US-34,US-65,94,41.02677778,-93.460983330,0,12,6,0,2,2,1,0,1,1,0,1,0,0000000,11,53,12,20,12,50,0,0,0,1,0
19,190073,1,1,0,2,47,0,24,4,2010,7,19,24,0,3,3,SR-141,,77,42.04706667,-95.523291670,0,1,0,0,1,1,4,0,1,1,0,1,0,0000000,19,25,19,40,20,10,0,0,0,1,1
19,190074,1,1,0,2,87,0,24,4,2010,7,20,19,0,4,4,FRANKLIN AVE,,0,40.91503333,-91.622058330,0,34,0,0,1,1,4,0,2,2,0,2,0,0000000,20,19,20,27,20,53,0,0,0,1,1
19,190075,2,2,0,2,167,0,26,4,2010,2,99,99,1,2,2,US-18,,170,43.19584722,-96.177308330,0,12,2,0,1,1,1,0,1,2,0,2,0,0000000,17,52,18,24,19,5,0,0,0,1,0
19,190076,1,1,0,1,7,0,28,4,2010,4,9,52,0,3,3,SR-0005,,1,40.59067500,-92.980536110,0,1,0,0,1,1,4,0,1,1,0,1,0,0000000,9,54,10,12,10,40,0,0,0,1,0
19,190077,1,1,0,1,179,6490,17,4,2010,7,19,59,0,16,6,220TH AVE,87TH ST,0,41.02777778,-92.584638890,0,1,0,0,2,2,1,0,2,1,0,1,0,0000000,20,7,20,55,99,99,0,0,0,1,0
19,190078,1,1,0,1,87,0,29,4,2010,5,13,51,1,2,2,US-218,,252,41.15916667,-91.541194440,0,1,0,0,1,1,3,0,1,1,0,1,0,0000000,13,51,14,6,99,99,0,0,0,1,0
19,190079,2,2,0,3,129,0,30,4,2010,6,14,17,0,4,4,221ST STREET,195TH STREET,0,41.00893611,-95.804350000,0,12,2,0,2,3,1,0,1,1,0,1,0,0000000,14,20,14,26,15,18,0,0,0,1,0
19,190080,1,1,0,2,153,2260,3,5,2010,2,2,35,0,3,3,SR-28,PLEASANT DR,59,41.59136944,-93.703502780,0,33,0,0,2,3,2,0,3,1,0,1,0,0000000,2,38,2,42,3,0,0,0,0,2,1
19,190081,1,1,0,1,153,0,4,5,2010,3,14,57,1,1,1,I-80,,196,41.65146944,-93.579827780,0,24,0,1,5,1,3,0,1,1,0,1,0,0000000,88,88,88,88,88,88,0,0,0,1,0
19,190082,1,1,0,1,45,0,4,5,2010,3,1,25,0,6,4,130TH STREET,,0,41.98978056,-90.741055560,0,1,0,0,1,1,4,0,3,1,0,1,0,0000000,1,33,1,44,88,88,0,0,0,1,0
19,190083,1,1,0,1,49,0,1,5,2010,7,19,17,0,4,4,F60,,0,41.59789722,-94.099908330,0,1,0,0,1,1,1,0,5,1,0,1,0,0000000,19,20,19,29,20,5,0,0,0,1,1
19,190084,2,2,0,2,87,5870,5,5,2010,4,14,54,1,2,2,US-218,E WASHINGTON STREET,0,40.96013611,-91.521877780,0,12,6,0,2,2,1,0,1,1,0,1,0,0000000,14,57,15,2,15,18,0,0,0,1,0
19,190085,1,1,1,1,153,6765,13,5,2010,5,21,30,0,16,6,CYPRESS DR,HICKORY BLVD,0,41.58705000,-93.513711110,0,8,0,0,2,2,1,0,3,1,0,1,0,0000000,21,30,21,39,22,2,0,0,0,1,0
19,190086,2,2,0,5,15,0,13,5,2010,5,11,26,1,2,2,US-30,B AVE,10,42.03464722,-94.144808330,0,12,1,0,2,2,1,0,1,1,0,1,0,0000000,11,26,11,40,99,99,0,0,0,2,0
19,190087,1,1,0,2,81,0,15,5,2010,7,14,15,0,4,4,170TH ST,,0,43.00982500,-93.699116670,0,5,0,0,1,1,1,0,1,1,0,1,0,0000000,14,17,14,33,88,88,0,0,0,1,0
19,190088,1,1,0,1,187,0,15,5,2010,7,0,15,0,6,4,GYPSUM HOLLOW RD,,0,42.48158333,-94.167941670,0,30,0,0,1,1,4,0,2,1,0,1,0,0000000,0,17,0,23,0,45,0,0,0,1,0
19,190089,2,2,0,5,15,0,18,5,2010,3,16,19,1,2,2,US-30,,176,42.03477778,-93.823883330,0,12,6,0,8,1,1,0,1,1,0,1,0,0000000,16,21,16,28,16,50,0,0,0,1,0
19,190090,1,1,0,2,17,0,30,4,2010,6,1,5,0,6,4,180TH ST,,0,42.78812222,-92.533905560,0,5,0,0,1,1,1,0,2,1,0,1,0,0000000,1,9,1,19,88,88,0,0,0,1,0
19,190091,1,1,1,1,57,1120,21,5,2010,6,22,17,0,16,6,DIVISION ST,8TH STREET,0,40.80749444,-91.109652780,0,8,0,0,3,2,1,0,3,1,0,1,0,0000000,22,17,22,20,22,37,0,0,0,1,0
19,190092,3,3,0,7,153,280,6,5,2010,5,15,32,0,16,6,SE CREEKVIEW DR,SE TONES DR,0,41.70425833,-93.571216670,0,12,6,0,2,3,1,0,1,1,0,1,0,0000000,15,42,15,58,16,29,0,0,0,2,0
19,190093,2,2,0,4,163,2080,21,5,2010,6,2,7,0,16,6,W LOCUST ST.,,0,41.53825278,-90.584766670,0,12,6,0,1,1,1,0,3,2,0,2,0,0000000,2,8,2,12,2,33,0,0,0,1,1
19,190094,2,2,0,2,121,0,22,5,2010,7,23,39,0,3,3,SR-92,,0,41.35583889,-93.910911110,0,12,2,0,1,1,1,0,2,1,0,1,0,0000000,23,46,0,12,0,35,0,0,0,1,0
19,190095,2,2,0,8,163,2080,22,5,2010,7,15,47,1,13,2,US-6,,147,41.56816389,-90.639005560,0,12,6,0,1,1,1,0,1,1,0,1,0,0000000,15,59,16,6,16,26,0,0,0,3,0
19,190096,3,3,0,5,163,2080,22,5,2010,7,3,2,1,11,1,I-80,,183,41.59511667,-90.550194440,0,12,6,0,1,1,1,0,2,5,0,5,0,0000000,3,5,3,12,3,35,0,0,0,1,0
19,190097,1,1,0,1,155,1900,22,5,2010,7,1,24,1,11,1,I-29,,34,41.21166111,-95.823722220,0,1,0,0,1,1,4,0,2,1,0,1,0,0000000,1,26,1,38,88,88,0,0,0,1,0
19,190098,1,1,0,1,187,0,23,5,2010,1,20,0,0,4,4,RACINE AVENUE,,0,42.30970000,-94.066747220,0,1,0,0,1,1,4,0,1,1,0,1,0,0000000,20,20,20,32,99,99,0,0,0,1,0
19,190099,1,1,0,1,41,0,23,5,2010,1,13,25,0,6,4,505TH ST,,0,42.91844722,-95.301725000,0,51,0,0,1,1,1,0,1,1,0,1,0,0000000,13,28,13,38,14,15,0,0,0,1,0
19,190100,1,1,0,1,191,0,23,5,2010,1,19,55,0,4,4,POLE LINE RD,,0,43.34329444,-91.880425000,0,1,0,0,1,1,4,0,1,1,0,1,0,0000000,19,56,20,7,20,25,0,0,0,1,0
19,190101,2,2,0,2,167,0,24,5,2010,2,15,33,0,4,4,K30,,0,43.13445278,-96.294502780,0,12,2,0,1,1,1,0,1,1,0,1,0,0000000,15,33,15,38,88,88,0,0,0,1,0
19,190102,1,1,1,1,21,0,26,5,2010,4,19,58,0,3,3,SR-10,,152,42.85084444,-94.923397220,0,9,0,0,1,1,1,0,1,1,0,1,0,0000000,19,58,20,5,20,28,0,0,0,1,0
19,190103,2,2,0,3,65,0,26,5,2010,4,17,0,0,3,3,SR-56,200TH ST,39,42.92061944,-91.759858330,0,12,6,0,2,3,1,0,1,1,0,1,0,0000000,17,6,17,11,17,29,0,0,0,1,0
19,190104,2,2,0,2,9,0,27,5,2010,5,13,3,1,2,2,US-71,SR-44,121,41.66680833,-94.905152780,0,12,6,0,2,2,1,0,1,1,0,1,0,0000000,13,4,13,8,13,24,0,0,0,1,0
19,190105,1,1,0,1,171,0,29,5,2010,7,21,30,0,3,3,SR-21,,196,42.14022222,-92.299180560,0,1,0,0,1,1,4,0,2,1,0,1,0,0000000,21,35,21,37,88,88,0,0,0,1,1
19,190106,1,1,0,2,129,0,31,5,2010,2,13,16,0,4,4,LEVI RD,,0,41.00802500,-95.747702780,0,31,0,0,1,1,4,0,1,1,0,1,0,0000000,13,17,13,22,14,16,0,0,0,1,0
19,190107,2,2,0,3,197,0,1,6,2010,3,16,23,0,6,4,240TH STREET,KEOKUK AVE.,0,42.70263611,-93.774655560,0,12,6,0,2,2,1,0,1,1,0,1,0,0000000,16,23,16,28,17,0,0,0,0,1,0