STATE,ST_CASE,VE_TOTAL,VE_FORMS,PEDS,PERSONS,COUNTY,CITY,DAY,MONTH,YEAR,DAY_WEEK,HOUR,MINUTE,NHS,ROAD_FNC,ROUTE,TWAY_ID,TWAY_ID2,MILEPT,LATITUDE,LONGITUD,SP_JUR,HARM_EV,MAN_COLL,RELJCT1,RELJCT2,TYP_INT,REL_ROAD,WRK_ZONE,LGT_COND,WEATHER1,WEATHER2,WEATHER,SCH_BUS,RAIL,NOT_HOUR,NOT_MIN,ARR_HOUR,ARR_MIN,HOSP_HR,HOSP_MN,CF1,CF2,CF3,FATALS,DRUNK_DR
19,190108,1,1,0,2,149,4660,3,6,2010,5,11,44,1,13,2,US-75,,159,42.76783611,-96.209208330,0,1,0,1,5,1,3,0,1,1,0,1,0,0000000,11,44,11,58,12,21,0,0,0,1,0
19,190109,2,2,0,5,87,0,4,6,2010,6,14,30,0,4,4,SALEM RD,BENTON AVE,0,40.83515833,-91.701169440,0,12,6,0,2,2,1,0,1,1,0,1,0,0000000,14,30,14,48,15,14,0,0,0,1,0
19,190110,1,1,0,2,29,0,4,6,2010,6,17,32,0,4,4,HIGHLAND ROAD,,0,41.40465278,-95.033250000,0,31,0,0,1,1,4,0,1,1,0,1,0,0000000,17,32,17,33,17,49,0,0,0,1,1
19,190111,1,1,0,1,43,0,5,6,2010,7,12,54,0,4,4,MAIN ST,,0,42.93038611,-91.385530560,0,21,0,0,1,1,4,0,1,2,0,2,0,0000000,12,55,13,10,13,22,0,0,0,1,0
19,190112,4,4,0,7,153,8980,6,6,2010,1,14,0,1,1,1,I-35 SOUTH,,19,41.53869444,-93.774950000,0,12,6,1,5,1,1,0,1,1,0,1,0,0000000,14,2,14,9,14,28,0,0,0,1,0
19,190113,1,1,0,1,101,0,7,6,2010,2,17,33,0,6,4,250TH ST.,,0,40.94413611,-94.741002780,0,1,0,0,1,1,4,0,1,1,0,1,0,0000000,88,88,88,88,88,88,0,0,0,1,0
19,190114,2,2,0,2,55,0,11,6,2010,6,16,5,1,2,2,US-20,7TH ST SW,237,42.47115556,-91.134191670,0,12,6,0,2,2,1,0,1,1,0,1,0,0000000,16,5,16,10,99,99,0,0,0,1,0
19,190115,1,1,0,1,13,1330,12,6,2010,7,10,39,0,14,3,SR-58,,234,42.47380278,-92.445894440,0,57,0,0,1,1,3,0,1,2,0,2,0,0000000,10,40,10,49,88,88,0,0,0,1,0
19,190116,2,2,0,2,97,0,8,6,2010,3,20,15,0,6,4,540TH AVE,,0,42.11803889,-90.277000000,0,12,2,0,1,1,1,0,5,1,0,1,0,0000000,88,88,88,88,88,88,0,0,0,1,1
19,190117,1,1,0,2,195,0,9,6,2010,4,22,48,1,1,1,I-35,,49,43.33496944,-93.348808330,0,7,0,0,1,1,2,0,2,1,0,1,0,0000000,22,48,23,6,88,88,0,0,0,1,0
19,190118,2,2,0,2,3,0,10,6,2010,5,17,8,0,4,4,QUINCE AVE,150TH ST,0,41.08600278,-94.604013890,0,12,6,0,2,2,1,0,1,1,0,1,0,0000000,16,58,17,43,99,99,0,0,0,1,0
19,190119,1,1,0,2,163,2080,17,6,2010,5,0,30,0,14,6,RODKINGHAM RD,STURDEVANT ST,0,41.52042778,-90.598869440,0,33,0,0,2,2,4,0,3,1,0,1,0,0000000,0,38,0,43,1,0,0,0,0,1,0
19,190120,2,2,0,2,163,2080,12,6,2010,7,3,47,1,11,1,I-280,,67,41.50511944,-90.671266670,0,12,2,0,1,1,1,0,3,1,0,1,0,0000000,3,48,3,56,4,31,0,0,0,1,0
19,190121,1,1,0,1,159,0,18,6,2010,6,19,51,1,2,2,US-169,P33,77,40.61316944,-94.282366670,0,42,0,0,2,4,4,0,1,1,0,1,0,0000000,19,51,20,6,88,88,0,0,0,1,1
19,190122,2,2,0,2,153,8980,19,6,2010,7,13,32,1,1,1,I-80,,226,41.59213611,-93.798266670,0,35,0,0,1,1,3,0,1,1,0,1,0,0000000,13,32,13,37,88,88,0,0,0,1,0
19,190123,1,1,0,7,121,0,21,6,2010,2,9,38,1,1,1,I-80,,9,41.49414722,-94.223508330,0,57,0,0,1,1,3,0,1,2,0,2,0,0000000,9,39,9,48,10,57,0,0,0,1,0
19,190124,2,2,0,3,193,0,22,6,2010,3,12,10,0,4,4,110TH ST,,0,42.54750833,-95.940183330,0,12,2,0,1,1,1,0,1,1,0,1,0,0000000,12,15,12,24,13,9,0,0,0,1,0
19,190125,2,2,0,4,125,0,25,6,2010,6,5,45,0,4,4,T17,,0,41.27051111,-92.956863890,0,12,2,0,1,1,1,0,3,1,0,1,0,0000000,5,53,6,17,6,51,0,0,0,2,0
19,190126,1,1,1,1,113,1340,25,6,2010,6,3,55,0,16,6,BLAIRS FERRY RD NE,,0,42.03506944,-91.646655560,0,8,0,0,1,1,1,0,3,1,0,1,0,0000000,4,14,4,22,88,88,0,0,0,1,0
19,190127,2,2,0,2,113,0,26,6,2010,7,13,6,0,6,4,PRAIRIEBURG RD,,0,42.18549167,-91.423225000,0,54,11,0,1,1,1,0,1,1,0,1,0,0000000,13,9,13,23,88,88,14,0,0,1,0
19,190128,2,2,0,2,137,7100,26,6,2010,7,13,4,0,16,6,CORNING ST,2ND AVE,0,41.01137500,-95.230341670,0,12,6,0,2,2,1,0,1,1,0,1,0,0000000,13,5,13,7,13,35,0,0,0,1,1
19,190129,1,1,0,6,105,0,2,6,2010,4,20,20,1,12,2,US-151,,212,42.27794444,-91.135627780,0,1,0,0,1,1,4,0,5,1,0,1,0,0000000,20,20,20,35,21,30,0,0,0,2,0
19,190131,1,1,0,1,121,0,28,6,2010,2,13,5,0,6,4,TERRACE AVE,,0,41.31816111,-93.885172220,0,1,0,0,1,1,4,0,1,1,0,1,0,0000000,13,16,13,48,14,18,0,0,0,1,0
19,190132,3,3,0,6,85,0,19,6,2010,7,13,35,1,2,2,US-30,280TH ST,157,41.60270278,-95.828427780,0,12,1,0,2,3,1,0,1,1,0,1,0,0000000,13,35,13,42,99,99,0,0,0,1,0
19,190133,2,2,0,4,43,0,19,6,2010,7,16,9,0,3,3,SR-13,HIGH ST NE,215,42.86385000,-91.389941670,0,12,1,0,2,3,1,0,1,1,0,1,0,0000000,16,13,16,15,16,31,0,0,0,1,0
19,190134,2,2,0,2,117,0,28,6,2010,2,19,7,0,4,4,H32,S23,0,41.02887500,-93.365805560,0,12,6,0,2,2,1,0,1,1,0,1,0,0000000,19,19,19,36,20,9,0,0,0,1,0
19,190135,1,1,1,1,85,0,29,6,2010,3,17,35,0,4,4,AUSTIN AVE,,0,41.80988056,-96.048316670,0,9,0,0,1,1,1,0,1,1,0,1,0,0000000,17,40,17,51,88,88,0,0,0,1,0
19,190136,1,1,0,2,45,0,30,6,2010,4,15,40,1,2,2,US-61,,0,41.80289167,-90.567213890,0,24,0,0,1,1,4,0,1,1,0,1,0,0000000,15,43,16,3,88,88,0,0,0,2,0
19,190137,1,1,0,3,187,0,1,7,2010,5,19,30,0,4,4,120TH ST,,0,42.61608889,-94.032172220,0,1,0,0,1,1,4,0,1,1,0,1,0,0000000,19,34,19,39,99,99,0,0,0,1,0
19,190138,1,1,1,0,153,2260,2,7,2010,6,16,34,0,16,6,PLEASANT DR,,0,41.59137222,-93.695513890,0,33,0,0,1,1,4,0,1,1,0,1,0,0000000,16,35,16,40,88,88,0,0,0,1,0
19,190139,1,1,0,1,103,0,3,7,2010,7,20,30,1,1,1,I-380,,20,41.72355833,-91.642055560,0,21,0,0,1,1,4,0,5,1,0,1,0,0000000,88,88,88,88,88,88,0,0,0,1,0
19,190140,1,1,0,1,31,0,5,7,2010,2,20,16,0,6,4,YANKEE AVE,,0,41.68355556,-90.918597220,0,1,0,0,1,1,1,0,5,1,0,1,0,0000000,88,88,88,88,88,88,0,0,0,1,0
19,190141,1,1,0,3,153,0,6,7,2010,3,4,0,0,4,4,NE BLUFF DR,,0,41.77881944,-93.460983330,0,1,0,0,1,1,4,0,2,1,0,1,0,0000000,4,23,4,47,88,88,0,0,0,1,0
19,190142,3,3,0,3,81,0,30,6,2010,4,9,40,1,2,2,US-18,,140,43.10491389,-93.688986110,0,12,6,0,1,1,1,0,1,1,0,1,0,0000000,88,88,88,88,88,88,0,0,0,1,0
19,190143,1,1,0,1,153,2260,28,6,2010,2,14,38,0,16,6,E ARMY POST RD,SE 4TH ST.,0,41.52636944,-93.608950000,0,43,0,0,2,2,1,1,1,1,0,1,0,0000000,14,38,14,43,15,11,0,0,0,1,0
19,190144,2,2,0,3,61,0,5,7,2010,2,7,55,1,2,2,US-20,,192,42.45177222,-90.777616670,0,12,6,0,1,1,1,0,1,2,0,2,0,0000000,8,0,8,7,8,31,0,0,0,1,0
19,190145,3,3,0,4,13,8790,25,6,2010,6,17,40,1,13,2,US-63,FLETCHER AVE,146,42.48940833,-92.367169440,0,12,6,0,2,2,1,0,1,1,0,1,0,0000000,17,40,17,45,18,5,0,0,0,1,0
19,190146,2,2,0,2,181,0,7,7,2010,4,8,44,1,2,2,US-65,,15,41.18500278,-93.500097220,0,12,2,0,1,1,1,0,1,1,0,1,0,0000000,8,59,9,25,9,52,0,0,0,1,0
19,190147,2,2,0,3,153,0,8,7,2010,5,17,5,1,1,1,I-35,,296,41.79197222,-93.570391670,0,12,1,0,1,1,1,0,1,1,0,1,0,0000000,17,5,17,32,17,47,19,0,0,1,0
19,190148,2,2,0,4,111,4250,8,7,2010,5,11,15,0,16,2,US-218,,23,40.42482778,-91.411605560,0,12,2,0,1,1,1,0,1,1,0,1,0,0000000,11,17,11,33,11,49,0,0,0,1,0
19,190149,1,1,1,1,49,0,9,7,2010,6,17,5,0,4,4,K AVE,290TH ST,0,41.61500556,-94.086272220,0,9,0,0,2,3,1,0,1,1,0,1,0,0000000,17,8,17,13,88,88,0,0,0,1,0
19,190150,2,2,0,2,139,0,12,7,2010,2,11,46,1,2,2,US-61,,208,41.50383333,-90.935180560,0,12,1,0,1,1,1,0,1,1,0,1,0,0000000,11,46,12,4,99,99,0,0,0,1,0
19,190151,3,3,0,3,25,0,12,7,2010,2,15,15,1,2,2,US-20,,221,42.39828611,-94.421600000,0,12,8,0,1,1,1,0,1,1,0,1,0,0000000,15,16,15,28,15,46,0,0,0,1,0
19,190152,2,2,0,2,177,0,13,7,2010,3,10,57,0,3,3,SR-16,SPRUCE AVE,208,40.81355000,-91.833816670,0,12,6,0,2,2,1,0,1,1,0,1,0,0000000,10,58,11,8,11,28,0,0,0,1,0
19,190153,2,2,0,3,155,0,13,7,2010,3,8,35,0,3,3,SR-6,EMERALD AVE,116,41.28267778,-95.712841670,0,12,8,0,2,2,1,0,1,1,0,1,0,0000000,8,41,8,48,99,99,0,0,0,1,0
19,190154,2,2,0,3,61,0,17,7,2010,7,15,23,0,4,4,BALLTOWN RD,,0,42.63282778,-90.864013890,0,12,8,0,1,1,1,0,1,1,0,1,0,0000000,15,23,15,31,99,99,0,0,0,1,0
19,190155,1,1,0,1,43,0,17,7,2010,7,8,10,0,4,4,NO NAME RD,,0,42.96103611,-91.362969440,0,42,0,0,1,1,4,0,1,1,0,1,0,0000000,8,10,8,25,8,45,0,0,0,1,0
19,190156,1,1,0,2,7,0,18,7,2010,1,6,36,0,4,4,S70,,0,40.89238056,-93.029616670,0,42,0,0,1,1,4,0,1,1,0,1,0,0000000,6,37,6,57,88,88,0,0,0,1,0
19,190157,1,1,0,1,153,8980,21,7,2010,4,12,9,1,1,1,I-35,I-80,57,41.59518333,-93.778205560,0,35,0,1,3,1,8,0,1,1,0,1,0,0000000,12,9,12,18,12,47,0,0,0,1,0
19,190158,1,1,0,1,153,2260,16,7,2010,6,1,59,1,13,2,US-69,,67,41.60013056,-93.600397220,0,30,0,0,1,1,4,0,3,1,0,1,0,0000000,2,1,2,7,2,22,0,0,0,1,1
19,190159,1,1,0,1,31,0,23,7,2010,6,6,30,0,4,4,F44,,0,41.67063611,-91.250491670,0,1,0,0,1,1,4,0,2,1,0,1,0,0000000,99,99,99,99,88,88,0,0,0,1,0
19,190160,1,1,0,3,87,0,24,7,2010,7,1,30,0,6,6,JAMES AVE,HENRY WASHINGTON ST,0,41.16270833,-91.542897220,0,31,0,0,2,4,4,0,2,1,0,1,0,0000000,1,31,1,46,2,21,0,0,0,1,0
19,190161,2,2,0,2,45,1190,24,6,2010,5,21,23,1,13,2,US-67,THOMPSON LANE,71,41.79426667,-90.270844440,0,11,0,0,2,3,1,0,2,1,0,1,0,0000000,21,23,21,44,99,99,0,0,0,1,0
19,190162,1,1,0,4,103,0,25,7,2010,1,1,36,0,6,4,HERBERT HOOVER HWY,,0,41.67101111,-91.474761110,0,1,0,0,1,1,4,0,2,1,0,1,0,0000000,88,88,88,88,88,88,0,0,0,4,1
19,190163,2,2,0,3,21,0,25,7,2010,1,15,24,0,3,3,SR-3,M44,90,42.74878333,-95.210088890,0,12,6,0,2,2,1,0,1,1,0,1,0,0000000,15,26,15,35,88,88,0,0,0,3,0
19,190164,2,2,0,5,177,0,26,7,2010,2,12,36,0,4,4,275TH ST,V64,0,40.64530278,-92.082863890,0,12,6,0,2,4,1,0,1,1,0,1,0,0000000,12,38,12,50,13,13,0,0,0,1,0
19,190165,1,1,0,1,119,0,30,7,2010,6,23,32,0,4,4,260TH STREET,L22/LILLY,0,43.27243889,-95.921525000,0,11,0,0,2,2,1,0,2,1,0,1,0,0000000,88,88,88,88,88,88,0,0,0,1,1
19,190166,1,1,0,1,83,0,29,7,2010,5,15,41,0,6,4,290TH ST,,0,42.28167500,-93.415836110,0,1,0,0,1,1,4,0,1,1,0,1,0,0000000,88,88,88,88,88,88,0,0,0,1,0
19,190167,1,1,0,1,5,0,1,8,2010,1,20,50,0,3,3,SR-9,GUN TOWER RD,159,43.33968333,-91.389250000,0,35,0,0,2,3,4,0,5,1,0,1,0,0000000,20,53,21,0,21,43,0,0,0,1,1
19,190168,1,1,0,1,25,0,3,8,2010,3,14,19,0,4,4,190TH ST,FAIRFAX AVE,0,42.51720833,-94.816116670,0,1,0,0,2,3,1,0,1,1,0,1,0,0000000,14,26,14,39,88,88,0,0,0,1,0
19,190169,1,1,0,2,13,0,4,8,2010,4,20,13,0,4,4,FOX RD,,0,42.43727500,-92.103138890,0,1,0,0,1,1,4,0,1,1,0,1,0,0000000,20,13,20,22,99,99,0,0,0,1,1
19,190170,2,2,0,2,137,7100,4,8,2010,4,14,13,1,13,2,US-34,4TH STREET,81,41.02596667,-95.228097220,0,12,6,0,2,2,1,0,1,1,0,1,0,0000000,14,14,14,17,14,32,0,0,0,1,0
19,190171,1,1,0,1,153,0,10,7,2010,7,17,15,1,1,1,I-80,,229,41.67587778,-93.423313890,0,1,0,0,1,1,1,0,1,1,0,1,0,0000000,17,15,17,21,17,44,19,0,0,1,0
19,190172,1,1,0,1,41,0,5,8,2010,5,17,33,0,6,4,390TH STREET,,0,43.08361111,-95.053750000,0,1,0,0,1,1,4,0,1,1,0,1,0,0000000,17,33,17,47,18,15,0,0,0,1,0
19,190173,1,1,0,2,19,0,6,8,2010,6,5,35,0,3,3,SR-281,,26,42.64207500,-92.022672220,0,1,0,0,1,1,5,0,2,1,0,1,0,0000000,5,54,6,11,99,99,0,0,0,2,1
19,190174,2,2,0,3,153,8980,7,8,2010,7,13,0,0,16,6,42ND ST,,0,41.59224167,-93.761505560,0,12,2,0,1,1,1,0,1,1,0,1,0,0000000,13,1,13,4,99,99,0,0,0,1,0
19,190175,1,1,0,5,13,1330,7,8,2010,7,18,40,0,16,6,RIDGEWAY AVE,,0,99.99990000,999.999900000,0,5,0,0,1,1,1,0,1,1,0,1,0,0000000,18,43,18,48,19,12,0,0,0,1,0
19,190176,2,2,0,2,89,0,7,8,2010,7,17,49,1,2,2,US-63,,143,43.42729444,-92.298533330,0,12,2,0,1,1,1,0,1,1,0,1,0,0000000,88,88,88,88,88,88,0,0,0,1,0
19,190177,2,2,0,2,97,0,2,7,2010,6,15,50,0,6,4,230TH AVE,,0,42.37479444,-90.656916670,0,12,9,0,4,1,1,0,1,1,0,1,0,0000000,15,56,16,8,16,32,0,0,0,1,1
19,190178,5,5,0,5,85,0,9,8,2010,2,17,45,1,1,1,I-29,,230,41.80088333,-96.054483330,0,12,2,0,1,1,1,1,1,1,0,1,0,0000000,17,47,18,0,99,99,0,0,0,4,1
19,190179,1,1,0,1,1,0,10,8,2010,3,21,53,0,6,4,250TH ST,,0,41.28750000,-94.610444440,0,35,0,0,1,1,4,0,2,1,0,1,0,0000000,21,55,22,3,88,88,0,0,0,1,0
19,190180,3,3,0,11,153,0,11,8,2010,4,3,0,0,6,4,NE 54TH AVE,,0,41.65863333,-93.444008330,0,12,1,0,1,1,4,0,2,2,0,2,0,0000000,3,55,4,10,99,99,0,0,0,1,1
19,190181,1,1,1,1,113,1340,29,7,2010,5,18,5,0,16,6,WILSON AVE DR,C STREET,0,41.95577500,-91.647983330,0,9,0,0,2,3,1,0,1,1,0,1,0,0000000,18,8,18,13,18,33,0,0,0,1,0
19,190182,1,1,1,1,191,0,11,8,2010,4,16,4,0,6,4,CONOVER RD,,0,43.21610833,-91.879736110,0,9,0,0,16,1,1,0,1,1,0,1,0,0000000,16,4,16,17,88,88,0,0,0,1,0
19,190183,1,1,0,1,113,0,16,7,2010,6,12,6,0,3,3,SR-13,,178,42.18306389,-91.545455560,0,1,0,0,1,1,4,0,1,1,0,1,0,0000000,12,8,12,13,88,88,0,0,0,1,0
19,190184,4,4,0,6,21,0,11,8,2010,4,12,3,1,2,2,US-71,480TH STREET,180,42.82186389,-95.151161110,0,12,6,0,2,2,1,0,1,1,0,1,0,0000000,12,4,12,14,12,46,0,0,0,1,0
19,190185,2,2,0,2,163,790,12,8,2010,5,5,35,1,13,2,US-67,,0,41.54986389,-90.449297220,0,11,0,0,1,1,1,0,4,1,0,1,0,0000000,5,36,5,44,5,57,0,0,0,1,0
19,190186,3,3,0,11,99,0,14,8,2010,7,11,14,1,1,1,I-80,,94,41.68505556,-93.160638890,0,12,7,0,1,1,1,0,1,1,0,1,0,0000000,11,14,11,22,99,99,0,0,0,7,0
19,190187,2,2,0,4,49,0,16,8,2010,2,16,7,0,4,4,260TH ST,R16 AVE,0,41.65836944,-93.960266670,0,12,6,0,2,2,1,0,1,1,0,1,0,0000000,16,16,16,36,16,55,0,0,0,1,0
19,190188,2,2,0,4,181,0,17,8,2010,3,16,20,0,3,3,SR-28,,107,41.50902500,-93.674783330,0,12,2,0,1,1,1,0,1,1,0,1,0,0000000,16,22,16,25,17,5,0,0,0,1,0
19,190189,2,2,0,2,49,0,17,8,2010,3,16,35,1,13,2,US-6,NW 159TH ST,253,41.61490278,-93.836905560,0,12,6,0,2,3,1,0,1,2,0,2,0,0000000,16,37,16,47,17,21,0,0,0,1,0
19,190190,2,2,0,2,33,5370,13,8,2010,6,22,34,0,16,3,SR-122,,64,43.14830000,-93.228713890,0,12,6,0,1,1,1,1,3,1,0,1,0,0000000,22,36,22,38,99,99,0,0,0,1,0
19,190191,2,2,0,3,189,0,11,8,2010,4,8,53,0,6,6,480TH ST,130TH AVE,0,43.45865556,-93.716269440,0,12,6,0,2,2,1,0,1,1,0,1,0,0000000,8,55,9,11,88,88,0,0,0,1,0
19,190192,2,2,0,2,147,0,16,8,2010,2,17,48,0,3,3,SR-4,490TH ST,18,42.93775833,-94.678638890,0,12,6,0,2,2,1,0,1,1,0,1,0,0000000,17,48,17,55,88,88,0,0,0,1,0
19,190193,2,2,0,2,9,0,17,8,2010,3,18,44,0,6,4,300TH ST,,0,41.57638889,-94.715422220,0,12,2,0,1,1,1,0,1,1,0,1,0,0000000,88,88,88,88,88,88,0,0,0,1,0
19,190194,1,1,0,2,135,0,19,8,2010,5,22,39,0,4,4,189TH ST,,0,41.02818056,-92.679558330,0,32,0,0,1,1,4,0,2,1,0,1,0,0000000,22,41,22,51,23,18,0,0,0,1,0
19,190195,1,1,0,1,17,8840,19,8,2010,5,4,33,0,14,6,12TH ST NW,,0,42.75179167,-92.488786110,0,42,0,0,1,1,4,0,3,1,0,1,0,0000000,88,88,88,88,88,88,0,0,0,1,0
19,190196,1,1,0,1,165,0,21,8,2010,7,22,2,0,3,3,SR-44,,30,41.64616111,-95.498466670,0,35,0,0,1,1,4,0,2,1,0,1,0,0000000,22,6,22,20,88,88,0,0,0,1,1
19,190197,1,1,0,1,61,0,15,3,2010,2,8,28,0,16,6,3RD AVE SE,,0,42.48278889,-91.124083330,0,21,0,0,1,1,4,0,1,1,0,1,0,0000000,8,28,8,35,9,9,0,0,0,1,0
19,190198,1,1,1,1,179,6490,14,9,2010,3,15,37,0,14,6,FINLEY AVE,N ADELLA ST,0,41.00215000,-92.427077780,0,9,0,0,3,2,1,0,1,1,0,1,0,0000000,15,37,15,55,16,11,0,0,0,1,0
19,190199,1,1,0,1,129,0,22,8,2010,1,23,47,0,6,4,190TH STREET,,0,41.01646944,-95.823461110,0,1,0,0,1,1,4,0,2,1,0,1,0,073080W,23,48,23,58,88,88,0,0,0,1,0
19,190200,1,1,0,1,125,4380,22,8,2010,1,9,15,0,3,3,SR-14,BELL AVE,114,41.30625278,-93.109494440,0,31,0,0,2,2,4,0,1,1,0,1,0,0000000,9,18,9,25,9,36,0,0,0,1,0
19,190201,2,2,0,3,11,0,21,8,2010,7,1,40,0,3,3,SR-150,HUTTON DR,130,42.24790556,-91.890827780,0,12,1,0,2,2,1,0,3,1,0,1,0,0000000,88,88,88,88,88,88,0,0,0,1,1
19,190202,1,1,0,1,111,0,22,8,2010,1,3,32,0,6,4,115TH ST/255TH AVE,,0,40.79136389,-91.417900000,0,42,0,0,1,1,4,0,2,5,0,5,0,0000000,3,32,3,58,4,30,0,0,0,1,0
19,190203,3,3,0,6,163,0,22,8,2010,1,17,26,1,2,2,US-67,,165,41.62321389,-90.348050000,0,12,6,0,8,1,1,0,1,1,0,1,0,0000000,17,29,17,38,18,3,0,0,0,1,1
19,190204,1,1,0,1,65,0,3,8,2010,3,1,0,0,4,4,CEDAR RD,,0,42.93927778,-91.646058330,0,1,0,0,1,1,4,0,2,1,0,1,0,0000000,99,99,99,99,99,99,0,0,0,1,1
19,190205,2,2,0,2,153,8980,23,8,2010,2,0,17,1,11,1,I-35,,9,41.52404444,-93.772900000,0,12,1,0,1,1,1,0,2,1,0,1,0,0000000,0,18,0,25,88,88,0,0,0,1,0
19,190206,3,3,0,4,99,0,23,8,2010,2,15,40,1,1,1,I-80,,124,41.68089444,-93.096986110,0,12,6,0,1,1,1,0,1,1,0,1,0,0000000,15,45,15,48,16,28,0,0,0,1,0
19,190207,1,1,0,1,181,0,6,8,2010,6,19,45,0,6,4,NEVADA STREET,,0,41.30795556,-93.746797220,0,1,0,0,1,1,4,0,1,1,0,1,0,0000000,19,59,20,15,88,88,0,0,0,1,0
19,190208,3,3,1,4,113,1340,14,8,2010,7,1,5,1,11,1,I-380,,109,42.01250000,-91.666683330,0,8,0,0,1,1,1,0,3,1,0,1,0,0000000,1,7,1,10,88,88,0,0,0,1,0
19,190209,2,2,0,2,47,0,25,8,2010,4,21,56,0,6,4,350TH STREET,,0,41.92255556,-95.189388890,0,12,2,0,1,1,1,0,2,1,0,1,0,0000000,21,56,22,4,99,99,0,0,0,1,1
19,190210,2,2,0,2,11,0,25,8,2010,4,4,18,1,2,2,US-30,,109,41.96367500,-92.084952780,0,12,2,0,1,1,1,0,2,1,0,1,0,0000000,4,18,4,32,88,88,0,0,0,2,0
19,190211,1,1,0,1,13,8790,27,8,2010,6,11,23,1,13,2,US-218,,194,42.52353333,-92.389291670,0,38,0,0,1,1,4,0,1,1,0,1,0,0000000,11,24,11,33,88,88,0,0,0,1,0
19,190212,1,1,0,2,179,0,28,8,2010,7,7,40,0,3,3,SR-16,,54,40.92391389,-92.230511110,0,42,0,0,1,1,4,0,2,1,0,1,0,0000000,99,99,99,99,99,99,0,0,0,1,0
19,190213,1,1,0,3,195,0,29,8,2010,1,10,30,0,6,4,420TH STREET,,0,43.37136111,-93.142352780,0,1,0,0,1,1,4,0,1,1,0,1,0,0000000,10,40,10,57,99,99,0,0,0,1,1
19,190214,1,1,0,1,149,0,30,8,2010,2,11,35,0,6,4,OTTER AVE,,0,42.82063056,-96.075686110,0,10,0,0,6,1,1,0,1,1,0,1,0,307628V,11,40,11,45,12,33,0,0,0,1,0
19,190215,2,2,0,4,99,0,15,8,2010,1,14,4,1,1,1,I-80,,297,41.69536389,-92.781586110,0,1,0,0,1,1,3,0,1,1,0,1,0,0000000,14,7,14,17,14,44,0,0,0,1,0
19,190216,2,2,0,3,157,3500,27,8,2010,6,14,18,0,16,6,1ST AVE,BROAD STREET,0,41.73887222,-92.724116670,0,12,6,0,2,4,1,0,1,1,0,1,0,0000000,14,21,14,24,99,99,0,0,0,1,0
19,190217,1,1,1,1,53,0,21,8,2010,7,8,54,0,4,4,ELK CHAPEL RD,,0,40.67533889,-93.957936110,0,49,0,0,1,1,1,0,1,1,0,1,0,0000000,8,56,9,9,9,52,0,0,0,1,0
19,190218,1,1,0,1,49,0,4,9,2010,7,7,44,1,1,1,I-80,,129,41.54513333,-93.967463890,0,24,0,0,1,1,4,0,1,1,0,1,0,0000000,7,44,7,52,88,88,0,0,0,1,0
19,190219,1,1,1,1,13,8790,3,9,2010,6,22,45,0,16,6,TEXAS ST,,0,42.45746667,-92.311475000,0,9,0,0,1,1,4,0,2,1,0,1,0,0000000,88,88,88,88,88,88,0,0,0,1,0
19,190221,1,1,0,2,183,0,4,9,2010,7,17,5,0,4,4,RIVERSIDE ROAD,,0,41.46720833,-91.580052780,0,1,0,0,1,1,4,0,1,1,0,1,0,0000000,17,14,17,29,17,59,0,0,0,1,1
19,190222,1,1,0,1,187,0,5,9,2010,1,19,20,0,6,4,QUAIL AVE,,0,42.26998611,-94.086630560,0,35,0,0,1,1,4,0,5,1,0,1,0,0000000,19,24,19,29,20,9,0,0,0,1,0
19,190223,1,1,0,1,193,0,5,9,2010,1,18,37,0,4,4,OLD HWY 141,,0,42.25752778,-95.973186110,0,1,0,0,1,1,4,0,1,1,0,1,0,0000000,18,45,19,24,19,49,0,0,0,1,0
19,190224,1,1,0,1,153,8980,6,9,2010,2,22,58,1,11,1,I-235,50TH ST,0,41.59280833,-93.771172220,0,25,0,1,3,3,4,0,1,1,0,1,0,0000000,88,88,88,88,88,88,0,0,0,1,0
19,190225,3,3,0,3,185,0,7,9,2010,3,8,14,0,3,3,SR-2,,170,40.75343056,-93.231686110,0,12,6,0,1,1,1,0,1,1,0,1,0,0000000,8,14,8,20,8,45,0,0,0,3,0
19,190226,2,2,0,2,39,0,7,9,2010,3,17,45,1,1,1,I-35,,145,41.10930556,-93.780888890,0,12,1,0,1,1,1,0,1,1,0,1,0,0000000,88,88,88,88,88,88,0,0,0,1,0
19,190227,1,1,0,3,67,0,6,9,2010,2,3,45,0,6,4,230TH ST.,,0,43.02308611,-92.915711110,0,1,0,0,1,1,4,0,2,1,0,1,0,0000000,3,45,4,15,99,99,0,0,0,1,1
19,190229,2,2,0,2,103,4050,9,9,2010,5,9,49,0,3,3,SR-1,MILLER AVE,0,41.64740000,-91.546516670,0,12,7,0,2,2,1,0,1,1,0,1,0,0000000,9,52,9,54,10,4,0,0,0,1,0
19,190230,2,2,0,3,129,0,10,9,2010,6,14,16,1,2,2,US-34,,220,41.03072222,-95.519211110,0,12,6,0,1,1,1,0,1,1,0,1,0,0000000,88,88,88,88,88,88,0,0,0,1,0
19,190231,1,1,0,2,113,0,11,9,2010,7,18,2,0,4,4,CENTRAL CITY ROAD,,0,42.19713889,-91.671408330,0,1,0,0,1,1,1,0,1,1,0,1,0,0000000,18,3,18,13,18,27,0,0,0,1,0
19,190232,1,1,0,1,169,8110,12,9,2010,1,20,37,1,11,1,I-35,,229,41.19091111,-93.570633330,0,35,0,1,5,1,4,0,2,1,0,1,0,0000000,20,37,20,45,88,88,0,0,0,1,0
19,190233,1,1,0,1,179,0,13,9,2010,2,18,26,1,2,2,US-34,,176,40.99860833,-92.335936110,0,35,0,0,1,1,4,0,5,1,0,1,0,0000000,18,30,18,36,18,54,0,0,0,1,0