STATE,ST_CASE,VE_TOTAL,VE_FORMS,PEDS,PERSONS,COUNTY,CITY,DAY,MONTH,YEAR,DAY_WEEK,HOUR,MINUTE,NHS,ROAD_FNC,ROUTE,TWAY_ID,TWAY_ID2,MILEPT,LATITUDE,LONGITUD,SP_JUR,HARM_EV,MAN_COLL,RELJCT1,RELJCT2,TYP_INT,REL_ROAD,WRK_ZONE,LGT_COND,WEATHER1,WEATHER2,WEATHER,SCH_BUS,RAIL,NOT_HOUR,NOT_MIN,ARR_HOUR,ARR_MIN,HOSP_HR,HOSP_MN,CF1,CF2,CF3,FATALS,DRUNK_DR
19,190234,2,2,0,3,33,0,16,9,2010,5,10,0,1,2,2,US-65/18,,133,43.10170556,-93.201316670,0,12,2,0,1,1,1,0,1,1,0,1,0,0000000,10,4,10,12,10,25,0,0,0,1,0
19,190235,1,1,0,1,115,0,16,9,2010,5,22,21,0,6,4,V AVENUE,,0,41.38944444,-91.408852780,0,1,0,0,1,1,1,0,2,1,0,1,0,0000000,22,28,22,37,88,88,0,0,0,1,0
19,190236,1,1,0,1,153,2260,24,9,2010,6,5,0,0,3,3,SR-5,,151,41.49880000,-93.625563890,0,52,0,0,1,1,4,0,2,1,0,1,0,0000000,88,88,88,88,88,88,0,0,0,1,0
19,190237,1,1,1,1,49,8820,24,9,2010,6,17,58,0,16,6,SE PARKER DR,,0,41.60908611,-93.860897220,0,8,0,0,8,1,1,0,1,1,0,1,0,0000000,18,0,18,5,18,24,0,0,0,1,0
19,190238,2,2,0,2,129,0,20,9,2010,2,8,40,1,1,1,I-29,,96,41.03980833,-95.818886110,0,12,6,1,18,1,1,1,1,1,0,1,0,0000000,8,41,8,48,88,88,0,0,0,1,0
19,190239,2,2,0,2,181,0,24,9,2010,6,16,15,1,2,2,US-65,SCOTCH RIDGE RD,247,41.47211111,-93.559158330,0,12,6,0,2,2,1,0,1,1,0,1,0,0000000,16,18,16,26,99,99,0,0,0,1,0
19,190240,1,1,0,1,113,1340,25,9,2010,7,0,45,0,16,6,COE RD NE,,0,41.98793056,-91.660427780,0,1,0,0,1,1,4,1,3,1,0,1,0,0000000,0,54,0,58,1,10,0,0,0,1,0
19,190241,3,3,0,4,127,5320,27,9,2010,2,9,35,0,13,6,S 18TH AVE,E ANSON ST,0,42.03831667,-92.883972220,0,12,6,0,2,2,1,0,1,1,0,1,0,0000000,9,36,9,42,99,99,0,0,0,1,0
19,190242,1,1,0,1,11,0,28,9,2010,3,17,51,0,3,3,SR-150,,25,42.19450000,-92.017536110,0,42,0,0,1,1,4,0,1,1,0,1,0,0000000,17,51,17,56,88,88,0,0,0,1,1
19,190243,1,1,0,1,153,2260,30,9,2010,5,6,13,0,16,6,E MCKINLEY AVE,,0,41.54077222,-93.598844440,0,30,0,0,1,1,4,0,4,1,0,1,0,0000000,6,13,6,18,6,43,0,0,0,1,0
19,190244,1,1,0,2,73,0,1,10,2010,6,23,1,0,4,4,230TH ST,,0,42.02251667,-94.259800000,0,32,0,0,1,1,4,0,2,1,0,1,0,0000000,23,5,23,12,88,88,0,0,0,2,1
19,190245,2,2,0,2,29,460,1,10,2010,6,15,39,1,13,2,US-6 / 7TH ST,,124,41.40385833,-94.991186110,0,12,6,0,8,1,1,0,1,1,0,1,0,0000000,15,42,15,43,15,56,0,0,0,1,0
19,190246,3,3,0,4,79,0,1,10,2010,6,13,0,0,4,4,JAMES ST,MACKINLAY KANTOR DR,0,42.47177500,-93.853308330,0,12,6,0,2,2,1,0,1,1,0,1,0,0000000,13,5,13,20,13,44,0,0,0,1,0
19,190247,1,1,1,1,157,0,6,10,2010,4,12,15,0,3,3,SR-85,,7,41.58514444,-92.489336110,0,9,0,0,1,1,1,0,1,1,0,1,0,0000000,12,17,12,20,99,99,0,0,0,1,0
19,190248,1,1,0,1,99,0,6,10,2010,4,14,1,0,6,4,N 107TH AVE W,,0,41.84899722,-93.244927780,0,2,0,0,1,1,1,0,1,1,0,1,0,0000000,14,5,14,21,88,88,0,0,0,1,0
19,190249,2,2,0,3,153,8980,7,10,2010,5,16,12,1,1,1,I-235,,6,41.59223889,-93.763369440,0,12,1,0,5,1,1,0,1,1,0,1,0,0000000,16,12,16,18,16,41,0,0,0,1,0
19,190250,1,1,0,3,111,0,7,10,2010,5,11,0,1,2,2,US-61,,82,40.50124167,-91.443055560,0,1,0,0,1,1,1,0,1,1,0,1,0,0000000,11,57,11,58,12,28,0,0,0,1,0
19,190251,1,1,0,1,5,0,7,10,2010,5,20,35,0,4,4,CHERRY VALLEY DR,,0,43.11237222,-91.547355560,0,1,0,0,1,1,4,0,2,1,0,1,0,0000000,20,38,20,43,88,88,0,0,0,1,0
19,190252,1,1,0,1,13,1330,8,10,2010,6,16,56,0,4,4,UNIVERSITY AVE,,0,42.50677778,-92.465752780,0,30,0,0,1,1,4,0,1,1,0,1,0,0000000,88,88,88,88,88,88,0,0,0,1,1
19,190253,2,2,0,2,141,0,8,10,2010,6,18,10,1,2,2,US-59,,30,42.95685278,-95.544463890,0,12,2,0,1,1,1,0,1,1,0,1,0,0000000,88,88,88,88,88,88,0,0,0,1,0
19,190254,1,1,0,3,87,0,8,10,2010,6,22,9,0,4,4,SALEM RD,,0,40.82763611,-91.416469440,0,35,0,0,1,1,4,0,2,1,0,1,0,0000000,22,10,22,25,22,54,0,0,0,1,1
19,190255,1,1,0,2,71,0,9,10,2010,7,8,49,1,2,2,US-59,,110,40.89029444,-95.389713890,0,1,0,0,1,1,1,0,1,1,0,1,0,0000000,8,47,8,58,99,99,0,0,0,1,1
19,190256,2,2,0,4,193,7850,9,10,2010,7,13,20,0,4,4,HAMILTON BLVD,OUTER DR. N,0,42.54366667,-96.407472220,0,12,6,0,2,2,1,0,1,1,0,1,0,0000000,13,21,13,26,13,53,0,0,0,1,0
19,190257,1,1,0,1,155,1900,10,10,2010,1,13,43,1,11,1,I-29,,107,41.27007500,-95.905527780,0,1,0,0,1,1,4,0,1,1,0,1,0,0000000,13,43,13,51,14,22,0,0,0,1,1
19,190258,1,1,0,4,11,0,8,10,2010,6,14,33,0,6,4,68TH STREET,,0,42.03640833,-92.222683330,0,1,0,0,1,1,4,0,1,1,0,1,0,0000000,14,33,14,39,15,38,0,0,0,1,0
19,190259,2,2,0,5,155,0,10,10,2010,1,19,35,0,4,4,WABASH AVE,OVERLAND TRL,0,41.21198611,-95.798958330,0,12,6,0,2,2,1,0,2,1,0,1,0,0000000,19,50,20,8,20,33,0,0,0,1,1
19,190260,2,2,0,2,85,0,11,10,2010,2,5,46,0,3,3,SR-2,,245,40.71746667,-94.046811110,0,12,2,0,1,1,1,0,2,6,0,6,0,0000000,5,51,6,12,6,55,0,0,0,1,0
19,190261,3,3,0,3,153,2260,11,10,2010,2,6,25,1,13,2,US-69,,55,41.58696389,-93.596847220,0,12,6,0,1,1,1,0,4,1,0,1,0,0000000,6,26,6,31,99,99,0,0,0,1,0
19,190262,1,1,1,1,169,230,2,10,2010,7,21,59,0,16,6,SOUTH 16TH ST,,0,42.00834722,-93.625058330,0,8,0,0,1,1,1,0,3,1,0,1,0,0000000,22,0,22,4,22,53,0,0,0,1,0
19,190263,4,4,0,5,99,0,11,10,2010,2,18,35,1,1,1,I-80,,90,41.69003056,-93.178469440,0,12,1,0,1,1,1,1,5,1,0,1,0,0000000,18,37,18,42,88,88,0,0,0,1,0
19,190264,1,1,0,1,153,0,12,10,2010,3,2,49,0,3,3,SR-141,,28,41.72609444,-93.775266670,0,30,0,0,1,1,3,0,2,1,0,1,0,0000000,88,88,88,88,88,88,0,0,0,1,1
19,190265,2,2,0,2,5,0,14,10,2010,5,5,55,0,3,3,SR-9,,93,43.28144444,-91.475494440,0,12,2,0,1,1,1,0,2,1,0,1,0,0000000,5,58,6,5,6,20,0,0,0,2,2
19,190266,1,1,0,1,191,0,16,10,2010,7,2,56,1,2,2,US-52,,15,43.10190000,-91.634986110,0,43,0,0,1,1,4,0,2,1,0,1,0,0000000,3,0,3,7,3,33,0,0,0,1,1
19,190267,2,2,0,4,167,0,15,10,2010,6,11,21,0,4,4,400TH STREET,,0,43.06923056,-95.929200000,0,12,1,0,1,1,1,0,1,1,0,1,0,0000000,11,22,11,26,11,44,0,0,0,1,0
19,190268,2,2,0,2,51,0,16,10,2010,7,15,0,0,4,4,MAIN STREET,,0,40.86349444,-92.337663890,0,12,1,0,1,1,1,0,1,1,0,1,0,0000000,15,3,15,14,15,43,0,0,0,1,0
19,190269,1,1,0,2,155,0,16,10,2010,7,18,23,0,6,4,MUDHOLLOW ROAD,,0,41.30635556,-95.825461110,0,42,0,0,1,1,4,0,1,1,0,1,0,0000000,18,22,18,28,18,42,0,0,0,2,0
19,190270,1,1,0,2,61,2430,22,10,2010,6,23,40,0,16,6,BURDEN,WINDSOR AVE,0,41.52423056,-90.669416670,0,42,0,0,2,4,4,0,3,1,0,1,0,0000000,23,42,23,49,0,22,0,0,0,1,1
19,190271,1,1,0,3,149,0,24,10,2010,1,0,20,0,3,3,SR-3,,126,42.80793611,-96.444150000,0,59,0,0,1,1,4,0,2,1,0,1,0,0000000,0,22,0,37,99,99,0,0,0,2,1
19,190272,1,1,0,1,133,0,22,9,2010,4,17,0,0,6,4,115TH STREET,,0,42.19192778,-96.133344440,0,1,0,0,1,1,4,0,1,1,0,1,0,0000000,17,47,17,58,88,88,0,0,0,1,0
19,190273,1,1,1,1,153,9180,5,10,2010,3,17,10,0,16,6,70TH STREET,UNIVERSITY AVE,0,41.60036111,-93.713036110,0,8,0,0,3,2,1,0,1,1,0,1,0,0000000,17,12,17,16,17,36,0,0,0,1,0
19,190274,1,1,1,1,163,2080,24,10,2010,1,2,56,0,16,6,W LOCUST ST,,0,41.53826389,-90.582225000,0,8,0,0,1,1,1,0,3,2,0,2,0,0000000,2,57,3,1,3,10,0,0,0,1,1
19,190275,1,1,1,1,153,2260,25,10,2010,2,7,45,1,13,2,US-69,MAURY,53,41.58124444,-93.596863890,0,15,0,0,3,2,1,0,4,1,0,1,0,0000000,88,88,88,88,88,88,0,0,0,1,0
19,190276,1,1,0,1,153,2260,25,10,2010,2,2,13,0,16,6,MAURY STREET,,0,41.58093889,-93.599938890,0,43,0,0,1,1,1,0,3,1,0,1,0,0000000,2,13,2,18,2,31,0,0,0,1,1
19,190277,2,1,0,1,21,0,8,9,2010,4,15,50,0,4,4,630TH ST.,,0,42.60457222,-95.184100000,0,14,0,0,1,1,2,1,1,1,0,1,0,0000000,15,55,16,2,88,88,0,0,0,1,0
19,190278,1,1,0,2,33,5370,27,10,2010,4,12,19,0,16,6,BIRCH DR,,0,43.15363889,-93.167708330,0,42,0,0,1,1,4,0,1,1,0,1,0,0000000,12,20,12,27,12,50,0,0,0,1,0
19,190279,3,3,0,5,181,4020,28,10,2010,5,8,50,1,13,2,US-65,,181,41.37774167,-93.558513890,0,12,6,0,1,1,1,0,1,1,0,1,0,0000000,8,57,9,11,9,49,0,0,0,1,0
19,190280,1,1,0,2,57,1120,30,10,2010,7,12,1,0,16,6,GNAHN ST.,,0,40.82950278,-91.114197220,0,35,0,0,1,1,1,0,1,1,0,1,0,0000000,12,1,12,6,12,25,0,0,0,1,0
19,190281,2,2,0,2,59,7960,29,10,2010,6,14,27,0,4,4,175TH STREET,SUNNER AVE,0,43.39290556,-95.112369440,0,12,6,0,2,2,1,0,1,1,0,1,0,0000000,14,30,14,32,14,58,0,0,0,1,0
19,190282,1,1,0,1,135,0,3,10,2010,1,0,12,0,4,4,520TH AVE,,0,40.94368056,-93.060025000,0,34,0,0,1,1,4,0,2,1,0,1,0,0000000,88,88,88,88,88,88,0,0,0,1,1
19,190283,1,1,1,1,131,0,19,10,2010,3,11,4,0,4,4,S 5TH ST,VINE ST,0,43.27824444,-92.814583330,0,8,0,0,2,2,1,0,1,1,0,1,0,0000000,11,5,11,10,99,99,0,0,0,1,0
19,190284,2,2,0,4,153,0,31,10,2010,1,10,30,0,3,3,SR-415,NW 54TH,19,41.65857222,-93.620219440,0,12,6,0,2,2,1,0,1,1,0,1,0,0000000,10,37,10,45,99,99,0,0,0,1,0
19,190285,2,2,0,2,79,0,1,11,2010,2,15,15,0,4,4,210TH ST,,0,42.48591944,-93.830677780,0,12,2,0,4,1,1,0,1,1,0,1,0,0000000,15,17,15,24,15,50,0,0,0,1,0
19,190286,1,1,0,1,149,0,1,11,2010,2,20,59,0,3,3,SR-12,,130,42.72933333,-96.611288890,0,1,0,0,1,1,4,0,2,1,0,1,0,0000000,20,59,21,10,88,88,0,0,0,1,1
19,190287,2,2,0,4,163,2080,2,11,2010,3,0,36,1,2,2,US-6,MARQUETTE ST.,180,41.56010000,-90.591044440,0,12,6,0,2,2,1,0,3,1,0,1,0,0000000,0,38,0,40,1,35,0,0,0,1,0
19,190288,2,2,0,2,9,0,2,11,2010,3,9,58,0,4,4,150TH STREET,BLUEBIRD AVE,0,41.79135833,-95.073708330,0,12,6,0,2,2,1,0,1,1,0,1,0,0000000,88,88,88,88,88,88,0,0,0,1,0
19,190289,1,1,0,1,181,0,2,11,2010,3,16,25,0,6,4,140TH AVE,,0,41.31960000,-93.539325000,0,35,0,0,1,1,4,0,1,1,0,1,0,0000000,88,88,88,88,88,88,0,0,0,1,0
19,190290,1,1,0,1,155,1900,5,11,2010,6,9,14,1,11,1,I-29,,107,41.27048333,-95.904363890,0,30,0,0,1,1,4,0,1,1,0,1,0,0000000,9,16,9,21,88,88,0,0,0,1,0
19,190291,1,1,1,1,71,0,5,11,2010,6,23,30,1,1,1,I-29,,101,40.68746111,-95.781763890,0,8,0,0,1,1,1,0,2,1,0,1,0,0000000,23,34,23,50,88,88,0,0,0,1,0
19,190292,1,1,0,2,47,0,5,11,2010,6,6,0,0,6,4,BOYER VALLEY RD,,0,42.00373333,-95.374333330,0,1,0,0,1,1,4,0,2,1,0,1,0,0000000,6,22,6,30,99,99,0,0,0,2,0
19,190293,2,2,0,2,11,0,5,11,2010,6,15,51,0,4,4,77TH ST,,0,41.90596667,-92.026625000,0,12,1,0,1,1,1,0,1,1,0,1,0,0000000,15,51,15,58,16,35,0,0,0,1,0
19,190294,1,1,0,4,113,1340,8,11,2010,2,1,40,0,4,4,COTTAGE GROVE AVE SE,,0,41.99506944,-91.623747220,0,1,0,0,1,1,4,0,3,1,0,1,0,0000000,1,41,1,46,2,8,0,0,0,1,1
19,190295,3,3,0,5,163,2080,7,11,2010,1,11,49,1,2,2,US-6,MARQUETTE ST,180,41.56010000,-90.591041670,0,12,6,0,2,2,1,0,1,1,0,1,0,0000000,11,50,11,55,12,16,0,0,0,1,0
19,190296,2,2,0,4,103,0,9,11,2010,3,19,4,1,2,2,US-218,,61,41.60324722,-91.549500000,0,12,1,0,1,1,1,0,2,1,0,1,0,0000000,19,6,19,11,19,31,0,0,0,1,0
19,190297,1,1,0,1,61,0,10,11,2010,4,19,22,0,4,4,POTTER HILL DR,GRAF RD,0,42.50112778,-90.865019440,0,1,0,0,2,3,4,0,2,1,0,1,0,0000000,19,26,19,30,19,54,0,0,0,1,0
19,190298,2,2,0,2,41,0,10,11,2010,4,15,35,0,6,4,340TH ST,280TH AVE,0,43.15573056,-95.033077780,0,12,6,0,2,2,1,0,1,1,0,1,0,0000000,88,88,88,88,88,88,0,0,0,1,0
19,190299,2,2,0,2,85,0,11,11,2010,5,8,47,1,2,2,US-30,,147,41.59400000,-95.834411110,0,12,8,0,1,1,1,0,1,1,0,1,0,0000000,9,5,9,10,9,22,0,0,0,1,0
19,190300,2,2,0,2,111,0,11,11,2010,5,8,43,0,3,3,SR-2,,140,40.63071111,-91.466702780,0,12,2,0,1,1,1,0,1,1,0,1,0,0000000,8,46,8,55,9,27,0,0,0,1,0
19,190301,1,1,0,1,187,0,12,11,2010,6,1,7,0,4,4,PARAGON AVE,,0,42.56970000,-94.148719440,0,42,0,0,1,1,4,0,2,1,0,1,0,0000000,1,17,1,24,88,88,0,0,0,1,0
19,190302,2,1,0,2,13,1330,13,11,2010,7,1,23,0,16,6,WALNUT STREET,,0,42.52763889,-92.436391670,0,14,0,0,8,1,4,0,2,2,0,2,0,0000000,1,23,1,29,1,36,0,0,0,1,1
19,190303,1,1,0,1,1,0,16,11,2010,3,19,44,0,3,3,SR-92,,20,41.25878056,-94.644455560,0,35,0,0,1,1,4,0,2,1,0,1,0,0000000,19,45,19,51,88,88,0,0,0,1,0
19,190304,1,1,0,1,49,8820,17,11,2010,4,3,48,0,16,6,UTE AVE,340TH TRL,0,41.54684167,-93.885341670,0,31,0,0,2,3,4,0,2,1,0,1,0,0000000,88,88,88,88,88,88,0,0,0,1,0
19,190305,1,1,0,2,153,0,18,11,2010,5,10,0,0,3,3,SR-415,,37,41.68355278,-93.619858330,0,1,0,0,1,1,3,0,1,1,0,1,0,0000000,10,14,10,26,10,58,0,0,0,1,0
19,190306,1,1,0,1,61,0,19,11,2010,6,2,15,0,4,4,OLD IA 966,,0,42.47733056,-90.831677780,0,32,0,0,1,1,4,0,2,1,0,1,0,0000000,2,15,2,24,88,88,0,0,0,1,1
19,190307,2,2,0,4,153,920,19,11,2010,6,1,22,1,13,2,US-65,2ND ST NE,177,41.70255556,-93.443111110,0,12,6,0,2,2,1,0,2,1,0,1,0,0000000,1,22,1,39,2,3,0,0,0,1,1
19,190308,2,2,0,4,127,0,19,11,2010,6,18,1,1,2,2,US-30,YATES AVE,220,42.00727778,-92.804000000,0,12,6,0,2,2,1,0,2,1,0,1,0,0000000,88,88,88,88,88,88,0,0,0,1,0
19,190309,1,1,0,1,125,0,19,11,2010,6,19,40,0,4,4,T-15,T-17,0,41.34296667,-92.991766670,0,1,0,0,2,4,4,0,2,1,0,1,0,0000000,88,88,88,88,88,88,0,0,0,1,1
19,190310,2,2,0,2,59,380,19,11,2010,6,17,48,1,13,2,US-71,,74,43.36415556,-95.136166670,0,12,8,0,1,1,1,0,3,1,0,1,0,0000000,17,51,18,6,18,44,0,0,0,1,0
19,190311,2,2,0,8,163,2080,19,11,2010,6,11,42,1,13,2,US-61,,125,41.52933611,-90.574019440,0,12,1,0,1,1,1,0,1,1,0,1,0,0000000,11,45,11,51,12,28,0,0,0,1,0
19,190312,1,1,0,2,69,0,20,11,2010,7,8,42,0,4,4,C47,,0,42.67368889,-93.477069440,0,43,0,0,1,1,4,0,1,1,0,1,0,0000000,88,88,88,88,88,88,0,0,0,2,0
19,190313,1,1,0,1,153,8980,20,11,2010,7,0,40,0,3,3,SR-5,,53,41.52119444,-93.721988890,0,1,0,0,1,1,4,0,2,1,0,1,0,0000000,0,40,0,51,88,88,0,0,0,1,0
19,190314,1,1,0,1,29,0,20,11,2010,7,14,0,0,6,4,WITCHITA RD,,0,41.18750278,-94.953113890,0,23,0,0,1,1,4,0,1,1,0,1,0,0000000,88,88,88,88,88,88,0,0,0,1,0
19,190315,2,2,0,2,187,0,21,11,2010,1,12,48,0,6,4,320TH ST,JOHNSON AVE,0,42.32532500,-94.222950000,0,12,6,0,2,2,1,0,1,1,0,1,0,0000000,12,52,12,59,13,32,0,0,0,1,0
19,190316,1,1,0,1,177,0,21,11,2010,1,23,46,0,6,4,PEACH AVE,,0,40.76930556,-91.889002780,0,42,0,0,1,1,4,0,2,1,0,1,0,0000000,23,46,23,58,0,20,0,0,0,1,0
19,190317,2,2,0,2,151,0,22,11,2010,2,6,35,0,3,3,SR-10,,0,42.85067778,-94.901633330,0,12,2,0,1,1,1,0,4,3,0,3,0,0000000,6,36,6,53,88,88,0,0,0,1,0
19,190318,2,2,0,2,71,0,23,11,2010,3,15,50,0,3,3,SR-2,,270,40.74289444,-95.398913890,0,12,2,0,1,1,1,0,1,1,0,1,0,0000000,15,51,15,56,99,99,0,0,0,1,0
19,190319,1,1,0,1,179,0,23,11,2010,3,7,18,0,6,4,ANGLE RD,,0,41.07107500,-92.401091670,0,42,0,0,1,1,4,0,1,1,0,1,0,0000000,88,88,88,88,88,88,0,0,0,1,0
19,190320,2,2,0,2,153,0,24,11,2010,4,10,47,0,3,3,SR-17,,33,41.80343889,-93.812905560,0,12,2,0,1,1,1,0,1,1,0,1,0,0000000,10,47,11,2,88,88,0,0,0,1,0
19,190321,1,1,0,1,85,0,25,11,2010,5,1,15,0,3,3,SR-127,MORGAN AVE,112,41.68928056,-95.843186110,0,1,0,0,2,3,4,0,2,1,0,1,0,0000000,5,9,5,21,6,16,0,0,0,1,1
19,190322,2,2,0,3,195,0,24,11,2010,4,12,8,0,3,3,SR-9,,206,43.28409444,-93.103636110,0,12,6,0,1,1,1,0,1,3,0,3,0,0000000,12,14,12,34,13,7,0,0,0,1,0
19,190323,1,1,0,1,33,0,24,11,2010,4,11,30,1,1,1,I-35,,121,43.08697222,-93.342747220,0,1,0,0,1,1,3,0,1,3,0,3,0,0000000,11,30,11,44,99,99,0,0,0,1,0
19,190324,2,2,0,2,49,6670,27,11,2010,7,10,24,0,16,6,PARK ST,8TH STREET,0,41.84927222,-94.096916670,0,12,6,0,2,2,1,0,1,1,0,1,0,0000000,10,26,10,40,11,7,0,0,0,1,0
19,190325,2,2,0,4,137,0,28,11,2010,1,17,41,0,3,3,SR-48,,31,40.94891389,-95.232944440,0,12,2,0,1,1,1,0,2,1,0,1,0,0000000,17,47,18,27,18,57,0,0,0,2,0
19,190326,1,1,0,1,167,0,28,11,2010,1,0,1,0,3,3,SR-10,,3,43.05100000,-96.489161110,0,24,0,0,1,1,4,0,2,1,0,1,0,0000000,88,88,88,88,88,88,0,0,0,1,1
19,190327,1,1,0,1,133,0,28,11,2010,1,19,41,0,6,4,BERRY AVE,,0,42.12765833,-96.252288890,0,1,0,0,1,1,4,0,2,1,0,1,0,0000000,19,41,19,52,88,88,0,0,0,1,0
19,190328,1,1,0,1,181,0,28,11,2010,1,4,29,1,1,1,I-35,,225,41.48903611,-93.780113890,0,1,0,0,1,1,4,0,2,1,0,1,0,0000000,4,29,4,44,5,8,0,0,0,1,0
19,190329,1,1,0,2,127,0,4,12,2010,7,7,37,0,3,3,SR-14,,175,42.12002222,-92.903722220,0,1,0,0,1,1,4,0,1,4,6,4,0,0000000,7,37,7,42,8,0,0,0,0,1,0
19,190330,2,1,0,1,103,0,24,9,2010,6,2,0,0,3,3,SR-965,,0,41.84893611,-91.675455560,0,14,0,0,1,1,7,1,2,1,0,1,0,0000000,88,88,88,88,88,88,0,0,0,1,1
19,190331,3,3,0,3,167,6380,29,11,2010,2,14,14,0,16,3,SR-10,LINCOLN AVE,0,42.99749444,-96.046363890,0,12,6,0,2,2,1,0,1,4,0,4,0,0000000,14,14,14,17,14,39,0,0,0,1,0
19,190332,1,1,0,2,183,0,4,12,2010,7,7,27,1,2,2,US-218,,74,41.26985278,-91.537891670,0,1,0,0,1,1,3,0,1,4,0,4,0,0000000,7,27,7,42,8,26,0,0,0,1,0
19,190333,1,1,0,1,99,0,5,12,2010,1,0,24,0,4,4,F17,,0,41.32022778,-93.249658330,0,53,0,0,1,1,4,0,2,1,0,1,0,0000000,0,24,0,49,1,28,0,0,0,1,0
19,190334,2,2,0,2,31,0,5,12,2010,1,12,50,0,4,4,310TH ST,YANKEE AVE,0,41.64071389,-90.919077780,0,12,6,0,2,2,1,0,1,1,0,1,0,0000000,88,88,88,88,88,88,0,0,0,1,0
19,190335,1,1,0,1,155,0,6,12,2010,2,18,20,1,1,1,I-80,,448,41.49740278,-95.245450000,0,1,0,0,1,1,4,0,2,1,0,1,0,0000000,18,24,18,31,88,88,0,0,0,1,0
19,190336,1,1,0,1,13,8790,5,12,2010,1,3,26,0,16,6,MIDWAY ST,,0,42.50131944,-92.405419440,0,42,0,0,1,1,4,0,2,1,0,1,0,0000000,3,28,3,35,88,88,0,0,0,1,0
19,190337,1,1,1,1,153,0,9,12,2010,5,21,33,1,1,1,I-35,,286,41.78461389,-93.570605560,0,8,0,0,1,1,1,0,2,1,0,1,0,0000000,21,33,21,40,88,88,0,0,0,1,0
19,190338,2,2,0,2,15,0,9,12,2010,5,21,29,1,2,2,US-30,L AVE,110,42.03366944,-93.950819440,0,12,6,0,2,2,1,0,2,1,0,1,0,0000000,21,30,21,32,88,88,0,0,0,1,0
19,190339,1,1,0,1,93,0,9,12,2010,5,16,0,0,3,3,SR-175,,62,42.32898889,-91.574530560,0,42,0,0,1,1,4,0,1,1,0,1,0,0000000,16,0,16,5,88,88,0,0,0,1,0
19,190340,1,1,0,2,51,0,10,12,2010,6,17,49,1,2,2,US-63,,6,40.60525278,-92.523944440,0,11,0,0,1,1,1,0,2,1,0,1,0,0000000,17,51,18,10,18,55,0,0,0,1,0
19,190341,1,1,0,1,129,0,13,12,2010,2,18,25,1,1,1,I-29,,100,41.04555278,-95.819666670,0,1,0,0,1,1,4,0,2,1,0,1,0,0000000,18,24,18,30,88,88,0,0,0,1,0
19,190342,2,2,0,2,153,2260,21,12,2010,3,13,39,0,13,6,MLK PKWY,,0,41.61816944,-93.647397220,0,12,6,0,4,1,1,0,1,1,0,1,0,0000000,88,88,88,88,88,88,0,0,0,1,0
19,190343,1,1,1,1,111,0,21,12,2010,3,21,25,1,2,2,US-61,,72,40.49130000,-91.443975000,0,8,0,0,1,1,1,0,2,1,0,1,0,0000000,21,25,21,32,21,52,0,0,0,1,0
19,190344,2,1,1,1,117,0,22,12,2010,4,19,30,1,2,2,US-65,,26,40.92983056,-93.470933330,0,8,0,0,1,1,1,0,2,1,0,1,0,0000000,88,88,88,88,88,88,19,0,0,1,0
19,190345,1,1,0,1,171,0,23,12,2010,5,2,40,0,6,4,295TH STREET,,0,42.01436667,-92.649438890,0,19,0,0,1,1,5,0,2,1,0,1,0,0000000,88,88,88,88,88,88,0,0,0,1,1
19,190346,2,2,0,4,127,0,26,12,2010,1,15,14,0,6,4,180TH STREET,,0,42.09222778,-93.032516670,0,12,2,0,1,1,1,0,1,1,0,1,0,0000000,15,26,15,41,16,15,0,0,0,1,0
19,190347,2,2,0,2,99,0,23,12,2010,5,14,35,0,3,3,SR-224,,1,41.68348889,-92.902891670,0,12,2,0,1,1,1,0,1,1,0,1,0,0000000,14,40,14,47,15,30,0,0,0,1,0
19,190348,2,2,0,2,147,0,27,12,2010,2,12,53,0,6,4,540TH AVE,,0,43.01490278,-94.521436110,0,12,2,0,1,1,1,0,1,1,0,1,0,0000000,12,55,13,17,13,32,0,0,0,1,0
19,190349,1,1,0,1,181,0,30,12,2010,5,12,43,0,3,3,SR-5,,166,41.50757500,-93.644980560,0,21,0,0,1,1,4,0,1,1,0,1,0,0000000,12,45,12,53,88,88,0,0,0,1,0
19,190350,1,1,1,1,83,4060,30,12,2010,5,19,0,0,16,6,DALE DR,,0,42.52147778,-93.279733330,0,8,0,0,1,1,1,0,3,1,0,1,0,0000000,88,88,88,88,88,88,0,0,0,1,0
19,190351,2,2,0,2,105,0,14,12,2010,3,17,17,1,2,2,US-151,LINN-JONES RD,350,42.07028889,-91.364802780,0,12,6,0,2,2,1,0,3,1,0,1,0,0000000,17,25,17,35,18,2,0,0,0,1,0
20,200001,1,1,0,1,173,5880,9,1,2010,7,7,0,1,1,1,I-235,,50,37.64590833,-97.400236110,0,52,0,1,7,1,3,0,1,10,0,10,0,0000000,99,99,99,99,88,88,0,0,0,1,1
20,200002,1,1,0,1,31,0,8,1,2010,6,19,1,0,4,4,22ND,,0,38.34704167,-95.896569440,0,1,0,0,1,1,4,0,2,1,0,1,0,0000000,19,5,19,27,20,26,0,0,0,1,1
20,200003,1,1,0,1,173,0,12,1,2010,3,13,26,0,4,5,167TH,,0,37.67879444,-97.535247220,0,42,0,0,1,1,4,0,1,10,0,10,0,0000000,13,26,13,34,88,88,0,0,0,1,1
20,200004,2,2,0,5,173,0,13,1,2010,4,15,19,0,4,4,S RIDGE,W 47TH,0,37.60879167,-97.427444440,0,12,6,1,2,2,1,0,1,1,0,1,0,0000000,15,19,15,29,15,48,0,0,0,1,0