STATE,ST_CASE,VE_TOTAL,VE_FORMS,PEDS,PERSONS,COUNTY,CITY,DAY,MONTH,YEAR,DAY_WEEK,HOUR,MINUTE,NHS,ROAD_FNC,ROUTE,TWAY_ID,TWAY_ID2,MILEPT,LATITUDE,LONGITUD,SP_JUR,HARM_EV,MAN_COLL,RELJCT1,RELJCT2,TYP_INT,REL_ROAD,WRK_ZONE,LGT_COND,WEATHER1,WEATHER2,WEATHER,SCH_BUS,RAIL,NOT_HOUR,NOT_MIN,ARR_HOUR,ARR_MIN,HOSP_HR,HOSP_MN,CF1,CF2,CF3,FATALS,DRUNK_DR
20,200005,1,1,0,1,173,5880,1,1,2010,6,4,18,0,16,5,N KANSAS,,0,37.71071389,-97.316980560,0,33,0,0,1,1,4,0,3,1,0,1,0,0000000,4,18,4,22,4,32,0,0,0,1,1
20,200006,2,2,0,2,149,4880,5,1,2010,3,9,10,0,4,3,SR-63,DURINK,0,39.19700833,-96.069430560,0,12,6,0,2,2,1,0,1,1,0,1,0,0000000,9,13,9,18,9,43,0,0,0,1,0
20,200007,1,1,0,1,27,0,16,1,2010,7,2,0,0,4,4,13TH,,0,39.30760556,-97.189436110,0,35,0,0,1,1,4,0,2,5,0,5,0,0000000,88,88,88,88,88,88,0,0,0,1,1
20,200008,1,1,0,1,81,4910,12,1,2010,3,22,35,0,3,2,US-56,,597,37.41707222,-101.022205560,0,1,0,0,1,1,4,0,2,10,0,10,0,0000000,22,42,22,52,23,8,0,0,0,1,1
20,200009,2,2,0,2,91,3645,13,1,2010,4,10,27,0,12,6,SHAWNEE MISSION PKWY,ROBINHOOD RD,0,39.01491667,-94.701461110,0,12,6,0,2,2,1,0,1,10,0,10,0,0000000,10,37,10,40,11,0,0,0,0,1,0
20,200010,1,1,0,1,173,0,13,1,2010,4,9,0,0,4,6,71ST,,0,37.56417500,-97.527008330,0,43,0,0,1,1,4,0,1,10,0,10,0,0000000,9,8,9,17,9,50,0,0,0,1,1
20,200011,1,1,0,1,113,3430,20,1,2010,4,21,5,0,14,6,N CENTENNIAL,E FIRST,0,38.37678889,-97.630177780,0,43,0,0,3,6,4,0,3,10,5,5,0,0000000,21,8,21,12,21,40,0,0,0,1,1
20,200012,1,1,0,1,121,0,19,1,2010,3,17,23,1,2,2,US-169,,1402,38.69488889,-94.836388890,0,21,0,0,1,1,4,0,2,10,0,10,0,0000000,17,30,17,41,88,88,0,0,0,1,0
20,200013,2,2,0,10,55,1950,16,1,2010,7,9,44,1,2,2,US-50,3RD,668,38.00400833,-100.866508330,0,12,6,0,2,2,1,0,1,10,0,10,0,0000000,9,48,9,51,10,6,0,0,0,1,0
20,200014,1,1,0,2,161,3490,31,1,2010,1,12,28,0,13,6,KIMBALL,GRAND MERE,0,39.20179722,-96.638058330,0,43,0,0,3,6,4,0,1,10,0,10,0,0000000,12,28,12,33,13,45,0,0,0,1,0
20,200015,1,1,1,1,79,4000,26,1,2010,3,15,47,0,13,3,SR-15,7TH,1035,38.03619444,-97.345905560,0,8,0,0,3,2,1,0,1,1,0,1,0,0000000,15,49,15,54,16,25,0,0,0,1,0
20,200016,2,2,0,3,151,0,29,1,2010,6,12,28,1,2,2,US-24,,1274,37.64597500,-98.535519440,0,12,6,0,1,1,1,1,1,3,0,3,0,0000000,12,29,12,46,99,99,0,0,0,1,0
20,200017,4,4,0,14,59,0,16,1,2010,7,7,16,1,1,1,I-35,,1943,38.68015000,-95.135422220,0,12,1,0,1,1,1,0,2,5,3,3,0,0000000,7,35,7,45,99,99,0,0,0,1,0
20,200018,2,2,0,4,183,0,1,2,2010,2,14,16,1,2,2,US-36,,1819,39.78585000,-98.481444440,0,12,2,0,1,1,1,0,1,1,0,1,0,0000000,88,88,88,88,88,88,0,0,0,3,1
20,200019,2,2,0,2,31,0,2,2,2010,3,14,4,1,2,2,US-75,,1025,38.28185278,-95.741044440,0,12,2,0,1,1,1,0,1,1,0,1,0,0000000,14,6,14,12,88,88,0,0,0,1,0
20,200020,1,1,0,1,77,180,2,2,2010,3,19,46,0,3,3,SR-2,,337,37.16414722,-98.039588890,0,35,0,0,1,1,4,0,2,1,0,1,0,0000000,19,52,20,5,20,18,0,0,0,1,1
20,200021,1,1,0,1,169,0,3,2,2010,4,9,50,0,3,3,SR-140,,0,38.79262778,-97.770938890,0,42,0,0,1,1,5,0,1,1,0,1,0,0000000,9,51,10,6,10,28,0,0,0,1,0
20,200022,2,2,0,2,57,1370,5,2,2010,6,7,25,1,2,2,US-400,,1275,37.74309722,-99.970608330,0,12,2,0,1,1,1,0,1,1,0,1,0,0000000,7,28,7,38,88,88,0,0,0,2,0
20,200023,2,2,0,2,139,0,5,2,2010,6,7,10,1,2,2,US-56,,4050,38.78279167,-95.664225000,0,12,2,0,1,1,1,0,4,4,0,4,0,0000000,7,15,7,37,8,42,0,0,0,1,0
20,200026,2,2,0,2,87,0,12,2,2010,6,17,35,0,4,4,FURGUSON RD,,0,39.15296111,-95.411797220,0,12,2,0,1,1,1,0,5,1,0,1,0,0000000,17,40,17,53,18,44,0,0,0,1,2
20,200027,1,1,0,4,63,4620,12,2,2010,6,1,25,1,1,1,I-70,,1071,39.06131667,-100.248097220,0,1,0,0,1,1,3,0,2,1,0,1,0,0000000,1,32,1,40,1,49,0,0,0,2,1
20,200028,3,3,0,3,155,0,17,2,2010,4,20,30,1,2,3,SR-61,,454,37.99183333,-98.041650000,0,12,1,0,1,1,1,0,2,1,0,1,0,0000000,20,37,20,50,21,39,0,0,0,1,0
20,200029,2,2,0,3,15,0,19,2,2010,6,19,55,1,2,2,US-54,,2317,37.67994722,-97.053050000,0,12,1,0,1,1,1,0,2,1,0,1,0,0000000,19,56,20,5,20,22,0,0,0,1,1
20,200030,2,2,0,3,115,3540,20,2,2010,7,17,15,0,3,2,US-56,,3022,38.36339722,-97.026530560,0,12,6,0,1,1,1,0,1,3,0,3,0,0000000,17,15,17,20,18,10,0,0,0,2,0
20,200031,2,2,0,4,209,1510,20,2,2010,7,14,35,1,1,1,I-435,,80,39.04845278,-94.789694440,0,12,1,0,1,1,1,0,1,4,0,4,0,0000000,14,40,14,47,15,17,0,0,0,1,0
20,200032,1,1,0,6,93,1280,21,2,2010,1,9,2,0,4,4,COUNTY RD Y,,0,37.95990000,-101.130180560,0,35,0,0,1,1,5,0,1,4,0,4,0,0000000,9,6,9,17,10,30,0,0,0,1,0
20,200033,1,1,0,7,209,0,21,2,2010,1,14,6,1,1,1,I-70,,4185,39.10408889,-94.854755560,0,24,0,0,1,1,4,0,1,4,0,4,0,0000000,14,6,14,14,14,31,0,0,0,1,0
20,200034,1,1,0,2,175,0,27,2,2010,7,1,20,0,4,6,KANSAS AVE,,0,37.20408056,-100.901527780,0,1,0,0,1,1,4,0,3,1,0,1,0,0000000,1,27,1,32,1,53,0,0,0,1,1
20,200035,1,1,0,1,177,0,21,2,2010,1,2,50,1,1,1,I-70,,3536,39.05125278,-95.807388890,0,38,0,0,1,1,5,0,2,3,0,3,0,0000000,4,59,5,44,88,88,0,0,0,1,0
20,200036,2,2,0,6,191,0,24,2,2010,4,21,20,1,1,1,I-35,,26,37.03750278,-97.338525000,0,12,6,0,7,1,1,0,2,1,0,1,0,0000000,21,24,21,44,22,58,0,0,0,4,1
20,200038,1,1,0,1,111,0,10,3,2010,4,18,35,0,3,3,SR-99,,960,38.26595000,-96.177063890,0,1,0,0,1,1,4,0,5,2,0,2,0,0000000,18,49,19,56,88,88,0,0,0,1,1
20,200039,1,1,0,1,31,0,7,3,2010,1,2,49,0,4,6,NATIVE,,0,38.19421111,-95.721475000,0,34,0,0,1,1,4,0,2,1,0,1,0,0000000,3,12,3,28,88,88,0,0,0,1,1
20,200040,1,1,0,2,109,0,11,3,2010,5,16,24,0,3,2,US-40,,458,39.04851944,-101.267852780,0,1,0,0,1,1,1,0,1,1,0,1,0,0000000,16,30,16,43,17,12,0,0,0,1,1
20,200041,2,2,0,2,173,0,11,3,2010,5,13,10,1,13,3,SR-254,GREENWICH,73,37.79595000,-97.208405560,0,12,6,0,2,2,1,0,1,1,0,1,0,0000000,13,10,13,19,99,99,0,0,0,1,0
20,200042,2,2,0,2,177,0,8,3,2010,2,5,20,1,2,3,SR-4,,3382,39.12872778,-95.593758330,0,12,2,0,1,1,1,0,2,1,0,1,0,0000000,5,25,5,33,5,52,0,0,0,1,1
20,200043,2,2,0,2,173,0,12,3,2010,6,13,22,0,2,3,SR-42,TYLER,773,37.63081944,-97.446669440,0,12,6,0,2,2,1,0,1,1,0,1,0,0000000,13,28,13,32,13,57,0,0,0,1,0
20,200044,3,3,0,6,191,0,15,3,2010,2,4,32,1,1,1,I-35,,313,37.44597222,-97.323075000,0,12,2,0,1,1,1,0,2,1,0,1,0,0000000,4,46,5,5,5,32,0,0,0,4,1
20,200045,1,1,0,3,91,4285,16,3,2010,3,1,7,0,14,6,W 151ST,,0,38.85408056,-94.666700000,0,33,0,0,98,8,4,0,3,1,0,1,0,0000000,1,7,1,12,1,26,0,0,0,2,1
20,200046,2,2,0,2,133,0,16,3,2010,3,5,55,0,3,2,US-56,,616,37.69149444,-95.161086110,0,12,2,0,1,1,1,0,2,1,0,1,0,0000000,6,10,6,20,7,11,0,0,0,1,0
20,200047,2,2,0,2,91,0,20,3,2010,7,4,18,1,2,2,US-169,,4437,38.80787778,-94.675713890,0,12,1,0,1,1,1,0,2,4,0,4,0,0000000,88,88,88,88,88,88,0,0,0,1,0
20,200048,1,1,0,1,91,4285,20,3,2010,7,16,57,0,16,6,91ST,,0,38.96394722,-94.709530560,0,42,0,0,1,1,4,0,1,4,0,4,0,0000000,16,58,17,5,17,25,0,0,0,1,1
20,200049,2,2,0,2,151,0,23,3,2010,3,3,15,1,2,2,US-54,,1460,37.64570278,-98.600663890,0,12,2,0,1,1,1,0,2,1,0,1,0,0000000,3,15,3,22,88,88,0,0,0,1,1
20,200050,1,1,0,3,85,0,25,3,2010,5,12,33,0,4,3,SR-9,,2846,39.62426667,-95.768080560,0,34,0,0,1,1,4,0,1,1,0,1,0,0000000,12,36,12,49,13,26,0,0,0,1,0
20,200051,1,1,0,1,155,0,13,3,2010,7,14,41,0,4,5,PRETTY PRAIRIE,,0,37.77743056,-98.037013890,0,43,0,0,1,1,4,0,1,1,0,1,0,0000000,14,43,14,49,15,38,0,0,0,1,0
20,200052,2,2,0,2,175,0,25,3,2010,5,13,30,0,6,6,COUNTY RD R,COUNTY RD 15,0,37.25725000,-100.761622220,0,12,6,0,2,2,1,0,1,1,0,1,0,0000000,13,36,13,54,14,25,0,0,0,1,0
20,200053,2,2,0,4,111,0,26,3,2010,6,13,4,1,2,2,US-50,COUNTY RD F,3396,38.41250833,-96.262722220,0,12,6,0,2,2,1,0,1,1,0,1,0,0000000,13,16,13,29,15,6,0,0,0,1,0
20,200054,1,1,0,3,77,0,26,3,2010,6,15,0,0,6,4,NE 10TH AVE,,0,37.23005556,-98.021391670,0,38,0,0,1,1,5,0,1,1,0,1,0,0000000,15,3,15,12,16,6,0,0,0,1,0
20,200055,2,2,0,2,113,0,29,3,2010,2,22,19,0,4,3,SR-260,,12,38.21559167,-97.519197220,0,12,1,0,1,1,1,0,2,1,0,1,0,0000000,22,26,22,28,88,88,0,0,0,1,0
20,200056,2,2,0,3,35,0,30,3,2010,3,9,24,1,2,2,US-77,222ND,120,37.15812778,-97.030563890,0,12,6,0,2,2,1,0,1,1,0,1,0,0000000,99,99,99,99,99,99,0,0,0,1,0
20,200057,2,2,0,3,85,0,2,4,2010,6,14,35,1,2,2,US-75,158,1790,39.33243889,-95.721816670,0,12,6,0,2,2,1,0,1,1,0,1,0,0000000,14,38,14,46,15,28,0,0,0,1,0
20,200058,2,2,0,3,45,3010,4,4,2010,1,19,53,1,1,1,I-70,,3859,38.98930278,-95.258675000,0,25,0,1,5,1,3,0,3,1,0,1,0,0000000,19,58,20,3,20,53,0,0,0,1,1
20,200059,1,1,0,1,207,0,5,4,2010,2,10,30,0,6,4,200TH,,0,38.01016389,-95.724391670,0,43,0,0,1,1,4,0,1,1,0,1,0,0000000,10,32,10,42,88,88,0,0,0,1,0
20,200060,1,1,0,1,53,0,6,4,2010,3,13,38,1,1,1,I-70,,2075,38.84973611,-98.439561110,0,58,0,0,1,1,3,0,1,1,0,1,0,0000000,13,40,13,49,88,88,0,0,0,1,0
20,200061,2,2,0,2,173,0,22,4,2010,5,10,45,0,3,3,SR-53,OLIVER,0,37.47615278,-97.277841670,0,12,1,0,3,3,1,0,1,1,0,1,0,0000000,10,45,10,55,99,99,0,0,0,1,0
20,200062,1,1,0,2,95,0,12,4,2010,2,20,58,0,4,3,SR-42,,432,37.45912222,-97.962769440,0,11,0,0,1,1,1,0,2,1,0,1,0,0000000,21,3,21,13,22,20,0,0,0,1,0
20,200063,2,2,0,4,55,1950,24,1,2010,1,6,53,1,2,2,US-50,SORUCE,709,37.96788333,-100.839213890,0,12,6,0,2,2,1,0,3,1,0,1,0,0000000,6,56,6,59,88,88,0,0,0,3,1
20,200064,2,2,0,2,43,0,28,1,2010,5,11,2,1,2,2,US-36,,3846,39.78743333,-95.022125000,0,12,6,0,1,1,1,0,1,1,0,1,0,0000000,11,4,11,51,88,88,0,0,0,1,0
20,200065,1,1,0,3,173,0,11,1,2010,2,23,50,0,6,6,MERIDIAN,63RD,0,37.57873333,-97.370797220,0,25,0,0,2,3,4,1,3,1,0,1,0,0000000,23,53,23,56,0,28,0,0,0,1,1
20,200066,1,1,0,3,1,2930,12,1,2010,3,23,40,0,6,6,NEBRASKA,,0,37.90790833,-95.274811110,0,38,0,0,1,1,4,0,2,1,0,1,0,0000000,88,88,88,88,88,88,0,0,0,1,1
20,200067,2,2,0,6,209,2820,17,1,2010,1,19,19,0,14,6,9TH,QUINARD,0,39.13425556,-94.632797220,0,12,6,0,2,2,1,0,3,5,0,5,0,0000000,19,28,19,37,20,0,20,0,0,1,0
20,200068,1,1,1,1,91,4285,21,1,2010,5,22,29,0,13,6,87TH,MASTIN,0,38.97108889,-94.702836110,0,8,0,0,2,2,1,0,3,2,0,2,0,0000000,22,29,22,35,22,46,0,0,0,1,1
20,200069,1,1,0,1,203,0,7,2,2010,1,23,0,0,3,3,SR-25,,1025,38.27861667,-101.337202780,0,38,0,0,1,1,5,0,2,1,0,1,0,0000000,0,24,0,44,88,88,0,0,0,1,0
20,200070,1,1,0,1,173,5880,7,2,2010,1,2,58,0,14,6,W 29TH,,0,37.73766667,-97.355261110,0,33,0,0,1,1,4,0,3,1,0,1,0,0000000,99,99,99,99,88,88,0,0,0,1,1
20,200071,1,1,0,1,15,0,31,3,2010,4,23,25,0,6,4,140TH,,0,38.08539167,-96.610336110,0,10,0,0,6,1,1,0,2,1,0,1,0,009536L,99,99,0,17,88,88,0,0,0,1,0
20,200072,1,1,0,1,173,5880,21,3,2010,1,4,30,0,13,6,ARKANSAS,,0,37.71193611,-97.345391670,0,30,0,0,1,1,4,0,3,1,0,1,0,0000000,4,31,4,45,4,50,0,0,0,1,1
20,200073,1,1,1,1,209,2820,4,3,2010,5,8,9,0,19,6,66TH,PARKVIEW,0,39.14690278,-94.730558330,0,8,0,0,3,2,4,0,1,1,0,1,1,0000000,8,23,8,28,88,88,0,0,0,1,1
20,200074,1,1,0,8,209,2820,7,3,2010,1,3,59,0,15,6,55TH,,0,39.05518333,-94.706097220,0,33,0,0,1,1,3,0,3,1,0,1,0,0000000,4,5,4,17,4,32,0,0,0,1,1
20,200075,1,1,0,1,139,0,1,4,2010,5,3,53,0,3,3,SR-268,,1,38.63792500,-95.684825000,0,35,0,0,1,1,4,0,2,6,0,6,0,0000000,88,88,88,88,88,88,0,0,0,1,1
20,200076,1,1,0,2,173,5880,2,4,2010,6,2,13,0,14,6,GROVE AVE,,0,37.68572222,-97.308138890,0,33,0,0,1,1,4,0,3,1,0,1,0,0000000,2,14,2,18,2,30,0,0,0,1,1
20,200077,1,1,0,1,91,4140,5,4,2010,2,14,45,0,14,6,NORTHGATE ST,,0,38.90646389,-94.816388890,0,32,0,0,1,1,3,0,1,1,0,1,0,0000000,14,47,14,57,15,10,0,0,0,1,1
20,200078,2,2,0,2,197,0,11,4,2010,1,13,0,0,3,3,SR-99,,1541,38.90840000,-96.280402780,0,12,2,0,1,1,1,0,1,1,0,1,0,0000000,13,6,13,18,88,88,0,0,0,1,0
20,200079,3,3,0,3,69,950,13,4,2010,3,15,0,1,2,2,US-50,,1026,37.80680000,-100.332127780,0,12,7,0,1,1,1,0,1,6,0,6,0,0000000,15,1,15,8,15,37,0,0,0,1,0
20,200080,1,1,0,1,9,0,14,4,2010,4,16,0,0,6,6,NW 10,,0,38.37651944,-98.905277780,0,35,0,0,1,1,4,0,1,6,0,6,0,0000000,16,5,16,11,88,88,0,0,0,1,0
20,200081,1,1,0,2,85,0,15,4,2010,5,17,30,0,4,6,110 RD,,0,39.24588056,-95.796316670,0,34,0,0,1,1,4,0,1,1,0,1,0,0000000,17,52,18,16,18,57,0,0,0,1,0
20,200082,1,1,0,2,193,0,16,4,2010,6,13,36,1,1,1,I-70,,368,39.34969722,-101.352997220,0,43,0,0,1,1,4,0,1,1,0,1,0,0000000,13,40,13,52,14,32,0,0,0,1,0
20,200083,1,1,0,1,185,0,17,4,2010,7,12,43,0,5,6,NE 20,,0,37.98493333,-98.693705560,0,38,0,0,1,1,4,0,1,1,0,1,0,0000000,12,46,12,49,88,88,0,0,0,1,0
20,200084,3,3,0,3,193,1060,21,4,2010,4,13,4,1,2,2,US-83,,1733,39.42936389,-100.870027780,0,12,8,0,1,1,1,0,1,1,0,1,0,0000000,13,11,13,22,88,88,0,0,0,1,3
20,200085,2,2,0,2,11,0,21,4,2010,4,5,5,1,2,2,US-69,,580,37.71180000,-94.704552780,0,12,2,0,1,1,1,0,2,1,0,1,0,0000000,5,8,5,23,88,88,0,0,0,1,2
20,200086,2,2,0,5,61,0,25,4,2010,1,0,10,1,2,2,US-77,,1464,38.91133889,-96.854094440,0,12,2,0,1,1,1,0,2,1,0,1,0,0000000,0,14,0,23,88,88,0,0,0,1,1
20,200087,1,1,0,2,57,0,25,4,2010,1,0,45,0,6,6,RD-11,,0,37.82334444,-100.017472220,0,30,0,0,1,1,4,0,2,6,0,6,0,0000000,0,54,1,0,1,21,0,0,0,1,1
20,200088,2,2,0,2,69,0,26,4,2010,2,17,45,0,6,6,RD-R,RD-7,0,37.75198611,-100.543786110,0,12,6,0,2,2,1,0,1,1,0,1,0,0000000,19,48,20,11,88,88,0,0,0,2,2
20,200089,1,1,0,4,37,0,30,4,2010,6,22,10,0,6,6,520,,0,37.36756389,-94.650822220,0,42,0,0,1,1,4,0,2,1,0,1,0,0000000,22,16,22,21,23,7,0,0,0,1,1
20,200090,1,1,0,1,51,0,17,4,2010,7,1,0,0,6,6,300TH,,0,38.98796944,-99.230919440,0,35,0,0,1,1,4,0,2,1,0,1,0,0000000,1,8,1,20,88,88,0,0,0,1,1
20,200091,2,2,0,3,103,0,18,4,2010,1,13,36,0,3,3,SR-32,,95,39.00984722,-95.017833330,0,12,2,0,1,1,1,0,1,1,0,1,0,0000000,13,39,13,50,14,45,0,0,0,1,0
20,200092,2,2,0,2,11,0,20,4,2010,3,10,55,1,2,2,US-69,SR-7,623,37.87105833,-94.706269440,0,12,6,0,2,2,1,0,1,1,0,1,0,0000000,10,56,11,0,88,88,0,0,0,1,0
20,200093,1,1,0,3,139,0,21,4,2010,4,23,50,0,6,6,245,,0,38.62371111,-95.758897220,0,32,0,0,1,1,4,0,2,1,0,1,0,0000000,23,59,0,31,1,14,0,0,0,1,1
20,200094,1,1,0,2,209,2820,3,4,2010,7,18,33,0,16,6,DONOHOO,,0,39.15828333,-94.727211110,0,42,0,0,1,1,4,0,1,1,0,1,0,0000000,18,35,18,39,88,88,0,0,0,1,0
20,200095,1,1,0,1,209,2820,3,4,2010,7,19,20,0,15,6,97TH,,0,39.15908333,-94.803772220,0,42,0,0,1,1,4,0,5,1,0,1,0,0000000,19,29,19,50,20,20,0,0,0,1,1
20,200097,1,1,0,1,29,0,1,5,2010,7,22,0,0,4,6,UNION RD,,0,39.61124167,-97.536963890,0,32,0,0,1,1,4,0,2,1,0,1,0,0000000,88,88,88,88,88,88,0,0,0,1,1
20,200098,1,1,0,1,173,0,1,5,2010,7,22,30,0,4,6,375TH,,0,37.59328889,-97.771538890,0,32,0,0,1,1,4,0,2,1,0,1,0,0000000,22,37,23,5,23,14,0,0,0,1,1
20,200099,1,1,0,4,1,0,18,2,2010,5,23,7,0,4,5,TEXAS RD,,0,37.99453889,-95.483208330,0,1,0,0,1,1,4,0,2,1,0,1,0,0000000,23,8,23,17,0,30,0,0,0,1,1
20,200100,2,2,0,2,121,0,25,4,2010,1,17,49,0,3,3,SR-68,OSAWATOMIE RD,0,38.62223611,-94.938355560,0,12,6,0,2,2,1,0,1,1,0,1,0,0000000,17,49,18,3,88,88,0,0,0,1,0
20,200101,2,2,0,3,155,0,27,4,2010,3,7,48,0,4,5,W TRAILWEST,WHITESIDE,0,37.97031944,-98.013925000,0,12,6,0,2,2,1,0,1,1,0,1,0,0000000,7,54,8,6,8,46,0,0,0,2,0
20,200102,1,1,1,1,173,5880,1,5,2010,7,21,4,0,13,6,W CENTRAL,,0,37.69373611,-97.350969440,0,8,0,0,1,1,1,0,3,1,0,1,0,0000000,21,8,21,10,21,15,0,0,0,1,0
20,200103,1,1,0,1,89,0,2,5,2010,1,0,35,0,4,3,SR-128,,240,39.82884167,-98.344116670,0,34,0,0,1,1,4,0,2,1,0,1,0,0000000,0,43,0,57,1,24,0,0,0,1,1
20,200104,1,1,0,1,91,3080,2,5,2010,1,17,10,1,2,3,SR-7,,1588,38.97515833,-94.854155560,0,1,0,0,1,1,1,0,1,1,0,1,0,0000000,88,88,88,88,88,88,0,0,0,1,0
20,200105,2,2,2,2,173,5880,3,4,2010,7,21,53,0,15,6,CLEVELAND,,0,37.70351667,-97.322302780,0,8,0,0,1,1,1,0,3,1,0,1,0,0000000,21,55,21,57,22,5,0,0,0,1,1
20,200106,2,2,0,5,175,0,4,5,2010,3,14,5,1,2,2,US-83,,513,37.39143611,-100.872344440,0,12,8,0,1,1,1,0,1,1,0,1,0,0000000,14,12,14,30,15,4,0,0,0,1,0
20,200107,2,2,0,2,189,2610,3,5,2010,2,8,45,0,3,2,US-56,1ST,346,37.22110278,-101.316261110,0,12,6,0,3,4,1,0,1,1,0,1,0,0000000,99,98,99,98,88,88,0,0,0,1,0
20,200108,2,2,0,2,159,0,7,5,2010,6,7,12,1,2,2,US-56,15TH,0,38.34791667,-98.220519440,0,12,1,0,2,2,1,0,1,1,0,1,0,0000000,7,13,7,16,7,38,0,0,0,1,0
20,200109,2,2,0,4,173,5880,14,5,2010,6,12,4,0,13,6,AMIDON,,0,37.73685278,-97.363413890,0,12,2,0,1,1,1,0,1,1,0,1,0,0000000,12,13,12,24,12,41,0,0,0,2,0
20,200110,2,2,0,2,125,2670,14,5,2010,6,13,47,1,2,2,US-19,US-160,170,37.22431389,-95.586547220,0,12,6,0,2,2,1,0,1,1,0,1,0,0000000,13,52,13,53,88,88,0,0,0,1,0
20,200111,2,2,0,2,155,2660,18,5,2010,3,15,42,1,13,2,US-50,,2425,38.02929722,-97.902430560,0,32,0,0,1,1,3,0,1,1,0,1,0,0000000,15,46,15,53,88,88,14,0,0,1,0
20,200112,2,2,0,2,173,5880,19,5,2010,4,1,39,1,1,1,I-135,,72,37.69692778,-97.316894440,0,12,1,0,1,1,1,0,2,2,0,2,0,0000000,1,43,1,47,88,88,0,0,0,1,0
20,200113,1,1,0,3,43,5450,19,5,2010,4,2,30,0,4,4,175TH RD,,0,39.76203611,-95.048216670,0,1,0,0,1,1,2,0,3,1,0,1,0,0000000,3,27,3,32,4,4,0,0,0,1,1
20,200114,1,1,0,1,209,2820,19,5,2010,4,20,50,0,14,3,SR-5,,71,39.14330833,-94.711761110,0,53,0,0,1,1,4,0,3,2,0,2,0,0000000,20,56,21,5,21,22,0,0,0,1,0
20,200115,1,1,0,1,173,0,20,5,2010,5,17,15,1,1,1,I-35,,332,37.47492500,-97.322816670,0,38,0,0,1,1,4,0,1,1,0,1,0,0000000,17,22,17,54,18,7,0,0,0,1,1
20,200117,1,1,0,1,15,0,21,5,2010,6,14,57,1,1,1,I-35,,704,37.80808889,-96.918897220,0,1,0,0,1,1,4,0,1,1,0,1,0,0000000,14,59,15,7,15,31,0,0,0,1,0
20,200118,5,5,0,11,103,0,22,5,2010,7,14,55,0,3,3,SR-32,222ND,54,39.00384444,-95.093794440,0,12,6,0,2,2,1,0,1,1,0,1,0,0000000,14,58,15,20,16,6,0,0,0,2,1
20,200119,1,1,0,1,59,0,22,5,2010,7,17,30,0,4,4,SAND CREEK RD,,0,38.65273889,-95.349741670,0,1,0,0,1,1,4,0,1,1,0,1,0,0000000,17,35,17,58,18,28,0,0,0,1,1
20,200120,1,1,0,3,43,0,25,5,2010,3,20,40,0,5,4,215TH,,0,39.82040278,-95.025558330,0,35,0,0,1,1,4,0,2,1,0,1,0,0000000,20,42,20,52,21,39,0,0,0,1,0
20,200121,1,1,0,1,173,0,25,5,2010,3,19,41,0,4,4,W 21ST,,0,37.72185000,-97.544602780,0,11,0,0,1,1,1,0,1,1,0,1,0,0000000,19,42,19,50,88,88,0,0,0,1,0
20,200122,1,1,0,6,177,0,26,5,2010,4,15,28,1,1,1,I-70,,1878,39.01845000,-95.514794440,0,34,0,0,1,1,4,0,1,1,0,1,0,0000000,15,32,15,44,16,19,0,0,0,2,0
20,200123,1,1,0,2,3,0,27,5,2010,5,8,11,1,2,2,US-169,,833,38.12692778,-95.338925000,0,34,0,0,1,1,4,0,1,1,0,1,0,0000000,8,14,8,31,9,10,0,0,0,1,1
20,200124,1,1,0,2,173,0,28,5,2010,6,20,34,1,2,2,US-54,,0,37.67988056,-97.153988890,0,1,0,0,1,1,3,0,1,1,0,1,0,0000000,20,34,20,43,88,88,0,0,0,2,0
20,200125,1,1,0,1,173,0,30,5,2010,1,22,50,0,6,4,159TH,,0,37.63156667,-97.153816670,0,17,0,0,1,1,4,0,2,2,0,2,0,0000000,22,51,23,1,23,31,0,0,0,1,1
20,200126,2,2,0,2,123,440,1,6,2010,3,16,26,1,2,2,US-24,8TH,2219,39.48112222,-98.135375000,0,12,6,0,2,2,1,0,1,1,0,1,0,0000000,16,28,16,33,16,50,0,0,0,1,0
20,200127,2,2,0,2,173,5880,2,6,2010,4,8,39,0,13,6,MCARTHUR,ENGLEWOOD,0,37.62048611,-97.296552780,0,12,6,0,2,2,1,0,1,1,0,1,0,0000000,8,40,8,45,9,13,0,0,0,1,0
20,200128,2,2,0,3,197,0,2,6,2010,4,16,23,0,3,3,SR-99,I-70,1642,39.06658056,-96.288986110,0,12,6,1,2,2,1,0,1,1,0,1,0,0000000,16,28,16,35,17,15,0,0,0,1,0
20,200129,2,2,0,8,31,0,4,6,2010,6,14,26,1,2,2,US-75,I-35,999,38.24303333,-95.738469440,0,12,1,0,3,4,1,0,1,1,0,1,0,0000000,14,27,14,30,14,43,0,0,0,3,0
20,200130,1,1,0,1,125,2670,10,5,2010,2,5,56,0,13,6,10TH,,0,37.22332222,-95.711430560,0,31,0,0,1,1,4,0,4,2,0,2,0,0000000,6,3,6,8,6,30,0,0,0,1,0
20,200131,3,3,1,2,173,5880,4,6,2010,6,14,1,1,2,2,US-54,,2154,37.67784167,-97.349680560,0,12,1,0,1,1,1,0,1,1,0,1,0,0000000,14,2,14,7,88,88,0,0,0,1,1
20,200132,2,2,0,2,139,0,4,6,2010,6,0,9,1,2,2,US-75,,1159,38.49014444,-95.723877780,0,12,6,0,1,1,1,0,2,1,0,1,0,0000000,0,29,0,42,1,15,0,0,0,1,1
20,200134,2,2,0,3,173,5880,5,6,2010,7,12,1,0,16,6,47TH,EUCLID,0,37.60818056,-97.362386110,0,12,2,0,2,3,1,0,1,1,0,1,0,0000000,12,0,12,6,99,99,0,0,0,1,0