STATE,ST_CASE,VE_TOTAL,VE_FORMS,PEDS,PERSONS,COUNTY,CITY,DAY,MONTH,YEAR,DAY_WEEK,HOUR,MINUTE,NHS,ROAD_FNC,ROUTE,TWAY_ID,TWAY_ID2,MILEPT,LATITUDE,LONGITUD,SP_JUR,HARM_EV,MAN_COLL,RELJCT1,RELJCT2,TYP_INT,REL_ROAD,WRK_ZONE,LGT_COND,WEATHER1,WEATHER2,WEATHER,SCH_BUS,RAIL,NOT_HOUR,NOT_MIN,ARR_HOUR,ARR_MIN,HOSP_HR,HOSP_MN,CF1,CF2,CF3,FATALS,DRUNK_DR
20,200135,1,1,0,1,91,4285,5,6,2010,7,20,10,0,13,6,METCALF,,0,38.95413611,-94.668158330,0,42,0,0,1,1,4,0,5,1,0,1,0,0000000,20,26,20,34,21,4,0,0,0,1,0
20,200136,1,1,0,1,117,0,6,6,2010,1,17,40,1,2,2,US-77,,2314,39.86389722,-96.667069440,0,21,0,0,1,1,4,0,1,1,0,1,0,0000000,17,45,17,49,88,88,0,0,0,1,0
20,200137,4,4,0,5,173,5880,7,6,2010,2,15,27,0,13,6,SENECA,MACARTHUR,0,37.62252500,-97.352513890,0,12,6,0,2,2,1,0,1,1,0,1,0,0000000,17,27,17,35,17,45,0,0,0,1,0
20,200138,1,1,0,2,91,3080,14,5,2010,6,17,30,0,16,6,83RD,,0,38.98083056,-94.717597220,0,34,0,0,8,1,4,0,1,1,0,1,0,0000000,17,30,17,38,18,0,0,0,0,1,1
20,200139,2,2,0,3,169,0,21,5,2010,6,14,45,0,4,4,SIMPSON,LAPSLEY,0,38.65287500,-97.538422220,0,12,6,0,2,2,1,0,1,1,0,1,0,0000000,14,49,15,7,15,36,0,0,0,3,0
20,200140,2,2,0,5,61,0,22,5,2010,7,13,14,0,14,3,SR-18,SPRING VALLEY RD,1667,39.03018611,-96.872636110,0,12,6,0,2,2,1,0,1,1,0,1,0,0000000,13,17,13,24,13,46,0,0,0,1,1
20,200141,1,1,0,1,167,0,31,5,2010,2,14,29,0,6,6,LUCAS PARK,SWIM BEACH RD,0,38.94205278,-98.535347220,1,1,0,0,3,3,1,0,1,1,0,1,0,0000000,14,32,14,40,15,50,0,0,0,1,0
20,200142,1,1,0,2,17,0,17,1,2010,1,9,10,0,3,3,SR-150,,83,38.36319444,-96.814613890,0,32,0,0,1,1,4,0,1,3,5,3,0,0000000,9,11,9,29,9,53,0,0,0,1,0
20,200143,1,1,0,4,17,0,13,2,2010,7,16,53,0,5,4,OLD HWY-50,,0,38.38795833,-96.486738890,0,1,0,0,1,1,4,0,1,1,0,1,0,0000000,16,53,17,6,17,52,0,0,0,1,0
20,200144,2,2,0,3,173,2392,8,3,2010,2,16,9,0,14,2,US-81,GRAND/71ST,531,37.56499167,-97.334747220,0,12,6,0,2,2,1,0,1,2,0,2,0,0000000,16,11,16,15,16,43,0,0,0,1,0
20,200145,2,2,0,4,155,0,8,6,2010,3,15,56,1,2,2,US-50,DEAN,2360,37.99968056,-98.033066670,0,12,6,0,2,2,1,0,1,1,0,1,0,0000000,16,0,16,20,17,20,0,0,0,1,0
20,200146,1,1,0,4,37,0,10,6,2010,5,4,10,0,6,6,230,,0,37.34532500,-94.687213890,0,32,0,0,1,1,4,0,2,1,0,1,0,0000000,5,22,5,30,6,22,0,0,0,2,1
20,200147,1,1,0,1,81,0,12,6,2010,7,22,20,0,4,4,HH,,0,37.47840000,-100.962294440,0,34,0,0,1,1,4,0,2,1,0,1,0,0000000,22,42,22,52,23,7,0,0,0,1,1
20,200148,2,2,0,4,99,3830,16,6,2010,4,17,45,0,6,6,GRAY,1ST,0,37.20052778,-95.411969440,0,12,6,0,2,3,1,0,1,1,0,1,0,0000000,17,57,18,7,18,33,0,0,0,1,0
20,200149,2,2,0,2,15,0,17,6,2010,5,8,50,0,6,6,HOPKINS SWITCH RD,50TH,0,37.89788611,-96.933402780,0,12,6,0,2,2,1,0,1,1,0,1,0,0000000,8,53,9,4,88,88,0,0,0,1,0
20,200150,1,1,0,3,1,0,19,6,2010,7,22,20,1,2,2,US-169,,624,37.82937778,-95.409650000,0,1,0,0,1,1,4,0,2,1,0,1,0,0000000,22,19,22,25,23,0,0,0,0,1,0
20,200151,1,1,0,1,43,0,20,6,2010,1,4,0,0,6,6,LARKINBURG,,0,39.73333056,-95.115852780,0,43,0,0,1,1,4,0,2,1,0,1,0,0000000,11,0,11,14,88,88,18,0,0,1,1
20,200152,2,2,0,3,185,0,23,6,2010,4,12,55,1,2,2,US-50,,2084,37.95665000,-98.510283330,0,12,2,0,1,1,1,0,1,1,0,1,0,0000000,12,56,13,8,88,88,0,0,0,1,0
20,200153,3,3,0,3,95,0,25,6,2010,6,15,45,1,2,2,US-54,,0,37.64631667,-98.337936110,0,12,8,0,1,1,1,0,1,1,0,1,0,0000000,15,48,15,58,16,19,0,0,0,1,0
20,200154,1,1,0,1,151,0,28,6,2010,2,16,25,0,6,6,40TH,,0,37.64278056,-98.813094440,0,10,0,0,6,1,1,0,1,1,0,1,0,605371J,16,26,16,28,88,88,0,0,0,1,0
20,200155,1,1,0,2,121,0,28,6,2010,2,10,27,0,4,6,359TH ST,,0,38.47616944,-94.654169440,0,23,0,0,1,1,4,0,1,1,0,1,0,0000000,10,33,10,45,11,30,0,0,0,1,0
20,200156,2,2,0,2,191,0,29,6,2010,3,14,50,0,3,3,SR-42,,677,37.47404167,-97.677555560,0,12,2,0,1,1,1,0,1,1,0,1,0,0000000,14,53,15,8,16,32,0,0,0,1,0
20,200157,2,2,0,7,57,0,29,6,2010,3,17,50,0,4,6,102RD,MARSHAL,0,37.73705556,-100.179091670,0,12,6,0,2,2,1,0,1,1,0,1,0,0000000,18,15,18,20,18,56,0,0,0,4,1
20,200158,2,2,0,2,161,0,29,6,2010,3,7,48,1,2,2,US-24,COUNTY RD 402,3068,39.26356111,-96.682005560,0,12,6,0,2,2,1,0,1,1,0,1,0,0000000,7,52,8,3,99,99,0,0,0,1,0
20,200159,1,1,0,1,195,0,29,6,2010,3,14,6,0,6,6,J RD,,0,38.82794167,-99.879455560,0,38,0,0,1,1,4,0,1,1,0,1,0,0000000,14,8,14,17,88,88,0,0,0,1,0
20,200160,1,1,0,7,119,3600,29,6,2010,3,0,30,1,2,2,US-54,,516,37.28634444,-100.204238890,0,24,0,0,1,1,3,0,2,1,0,1,0,0000000,0,54,1,4,1,23,0,0,0,1,0
20,200161,2,2,0,6,57,0,30,6,2010,4,5,43,1,13,2,US-400,COUNTY RD 114,1241,37.74004167,-99.960822220,0,12,1,0,2,3,1,0,4,1,0,1,0,0000000,5,47,5,52,6,29,0,0,0,1,1
20,200162,2,2,0,2,119,0,30,6,2010,4,15,4,1,2,2,US-54,,554,37.29481389,-100.303802780,0,12,2,0,1,1,1,0,1,1,0,1,0,0000000,15,4,15,17,15,57,0,0,0,1,0
20,200163,1,1,1,1,57,0,21,6,2010,2,22,42,1,13,2,US-50,,1179,37.75890833,-100.063133330,0,8,0,0,1,1,1,0,2,1,0,1,0,0000000,0,7,0,25,88,88,0,0,0,1,0
20,200164,1,1,0,2,133,0,24,3,2010,4,9,20,0,3,3,SR-47,US-59,0,37.51571667,-95.270175000,0,43,0,0,2,3,4,0,1,1,0,1,0,0000000,9,24,9,33,10,5,0,0,0,1,0
20,200165,1,1,0,1,53,0,27,6,2010,1,7,0,0,6,6,L RD,,0,38.71230278,-98.341369440,0,38,0,0,1,1,4,0,1,1,0,1,0,0000000,88,88,88,88,88,88,0,0,0,1,1
20,200166,2,2,0,3,177,5400,15,6,2010,3,8,29,0,13,6,12TH,MULVANE,0,39.04585278,-95.699413890,0,12,6,0,2,2,1,0,1,1,0,1,0,0000000,8,31,8,34,8,52,0,0,0,1,0
20,200167,1,1,0,1,103,0,13,6,2010,1,1,0,0,6,6,147TH,,0,39.14038056,-94.920072220,0,1,0,0,1,1,4,0,2,98,0,98,0,0000000,7,44,8,0,8,42,0,0,0,1,0
20,200168,2,2,0,2,125,0,6,7,2010,3,11,0,1,2,2,US-75,,45,37.10721667,-95.915450000,0,12,6,0,1,1,1,0,1,2,0,2,0,0000000,11,12,11,27,88,88,0,0,0,1,2
20,200169,2,2,0,3,3,0,7,7,2010,4,13,20,0,3,2,US-59,SR-31,888,38.19852778,-95.251463890,0,12,6,0,2,3,1,0,1,1,0,1,0,0000000,13,34,13,41,14,20,0,0,0,1,0
20,200170,1,1,0,1,41,0,8,7,2010,5,20,24,0,3,3,SR-15,,1810,39.03185278,-97.213383330,0,1,0,0,1,1,1,0,1,1,0,1,0,0000000,20,24,20,37,88,88,0,0,0,1,0
20,200171,1,1,0,1,177,0,8,7,2010,5,14,30,0,6,6,WILSON RD,,0,39.18237222,-95.701561110,0,31,0,0,1,1,4,0,1,2,0,2,0,0000000,14,54,99,97,99,97,0,0,0,1,1
20,200172,1,1,0,1,113,0,9,7,2010,6,21,10,0,3,2,US-56,,2517,38.37826944,-97.593613890,0,42,0,0,1,1,4,0,2,1,0,1,0,0000000,21,18,21,32,88,88,0,0,0,1,0
20,200173,2,2,0,2,57,0,9,7,2010,6,5,48,1,2,2,US-50,,1298,37.79025278,-99.878769440,0,12,2,0,1,1,1,0,4,1,0,1,0,0000000,5,50,6,0,88,88,0,0,0,2,0
20,200174,2,2,0,2,173,5880,9,7,2010,6,22,2,0,14,6,TYLER,BEKEMEYER,0,37.69672500,-97.444783330,0,12,6,0,2,3,1,0,3,1,0,1,0,0000000,22,3,22,5,22,15,0,0,0,1,2
20,200175,2,2,0,4,125,0,10,7,2010,7,11,15,1,2,2,US-400,,3903,37.34689444,-95.530758330,0,12,2,1,18,1,1,0,1,1,0,1,0,0000000,11,18,11,19,12,8,0,0,0,2,0
20,200176,2,2,0,5,55,0,10,7,2010,7,18,3,0,6,6,SCHULMAN,FARMLAND,0,37.97478611,-100.810719440,0,12,6,1,2,2,1,0,1,1,0,1,0,0000000,18,4,18,11,18,31,0,0,0,1,1
20,200177,1,1,0,1,95,0,10,7,2010,7,23,0,0,6,6,20TH,,0,37.67702778,-97.853850000,0,42,0,0,1,1,4,0,2,1,0,1,0,0000000,23,0,23,24,88,88,0,0,0,1,1
20,200178,1,1,0,1,209,2820,10,7,2010,7,1,8,0,14,6,PARELLE,,0,39.12886111,-94.657172220,0,30,0,0,1,1,4,0,3,1,0,1,0,0000000,1,9,1,12,88,88,0,0,0,1,0
20,200179,1,1,0,1,131,0,13,7,2010,3,22,49,0,6,6,176TH,,0,39.88655833,-95.852280560,0,34,0,0,1,1,4,0,2,1,0,1,0,0000000,22,50,22,57,88,88,0,0,0,1,1
20,200180,2,2,0,3,173,5880,14,7,2010,4,0,10,1,2,2,US-54,KELLOGG,0,37.67926944,-97.210291670,0,12,6,0,2,2,1,0,3,1,0,1,0,0000000,0,10,0,15,88,88,0,0,0,1,2
20,200181,1,1,1,2,209,580,16,7,2010,6,18,20,0,16,6,INSLEY,ALLCUTT,0,39.06018333,-94.883250000,0,15,0,0,3,2,1,0,1,1,0,1,0,0000000,18,19,18,25,18,56,0,0,0,1,0
20,200182,1,1,0,2,169,4900,29,8,2010,1,2,5,0,6,6,OHIO,,0,38.88528611,-97.593869440,0,32,0,0,1,1,4,0,3,1,0,1,0,0000000,2,5,2,14,2,46,0,0,0,1,1
20,200183,2,2,0,3,127,0,16,7,2010,6,18,13,0,6,6,150,,0,38.59970000,-96.363830560,0,12,2,0,1,1,1,0,1,1,0,1,0,0000000,18,40,19,34,20,29,0,0,0,1,0
20,200184,1,1,0,1,159,0,17,7,2010,7,23,15,0,6,6,20TH,,0,38.20264444,-98.124819440,0,34,0,0,1,1,4,0,2,1,0,1,0,0000000,10,50,10,55,88,88,0,0,0,1,1
20,200185,1,1,0,1,175,0,19,7,2010,2,22,59,1,2,2,US-83,,176,37.21830000,-100.867538890,0,32,0,0,1,1,4,0,2,1,0,1,0,0000000,23,0,23,22,88,88,0,0,0,1,1
20,200186,2,2,0,3,149,0,21,7,2010,4,16,25,1,2,2,US-24,LAKE ELBO RD,3212,39.19773889,-96.483994440,0,12,6,0,2,2,1,0,1,1,0,1,0,0000000,88,88,88,88,88,88,0,0,0,1,0
20,200187,2,2,0,2,17,0,21,7,2010,4,2,59,1,2,2,US-50,,3366,38.40517778,-96.389922220,0,12,2,0,1,1,1,0,2,2,0,2,0,0000000,88,88,88,88,88,88,0,0,0,1,1
20,200188,1,1,0,1,59,0,23,7,2010,6,22,15,0,6,6,CALIFORNIA,,0,38.53816389,-95.471963890,0,42,0,0,1,1,4,0,2,1,0,1,0,0000000,22,29,22,50,88,88,0,0,0,1,0
20,200189,1,1,0,3,81,0,24,7,2010,7,20,45,0,6,4,COUNTY RD 240,,0,37.40275556,-100.805741670,0,1,0,0,1,1,4,0,2,1,0,1,0,0000000,20,53,21,24,22,21,0,0,0,1,0
20,200190,3,3,0,4,15,0,24,7,2010,7,15,30,1,2,2,US-54,,2279,37.67981389,-97.121372220,0,12,7,0,1,1,1,0,1,1,0,1,0,0000000,15,33,15,37,16,8,0,0,0,1,0
20,200191,1,1,0,1,209,2820,25,7,2010,1,3,36,1,2,1,I-70,,4101,39.10595278,-94.836302780,0,24,0,0,1,1,4,0,2,1,0,1,0,0000000,3,48,3,57,88,88,0,0,0,1,0
20,200192,1,1,0,1,87,0,26,7,2010,2,15,30,1,2,3,SR-4,,3534,39.26123333,-95.516852780,0,42,0,0,1,1,4,0,1,2,0,2,0,0000000,11,0,12,20,88,88,0,0,0,1,0
20,200193,2,2,0,5,87,0,28,7,2010,4,7,50,0,4,4,134TH,MERIDEN RD,0,39.28874167,-95.570927780,0,12,6,0,2,2,1,0,1,1,0,1,0,0000000,7,57,8,19,9,4,0,0,0,3,0
20,200194,3,3,0,3,173,5880,28,7,2010,4,12,8,1,2,2,US-54,,2182,37.67967778,-97.298527780,0,12,7,0,1,1,1,0,1,1,0,1,0,0000000,12,8,12,12,12,23,0,0,0,1,0
20,200195,2,2,0,3,179,0,28,7,2010,4,14,30,1,2,2,US-83,SR-383,0,39.55964722,-100.535888890,0,12,6,0,2,2,1,0,1,1,0,1,0,0000000,14,34,14,41,15,14,0,0,0,1,0
20,200196,2,2,0,2,53,0,31,7,2010,7,17,45,0,6,4,AVENUE X,9TH,0,38.53688611,-98.331586110,0,12,6,0,2,2,1,0,1,1,0,1,0,0000000,17,49,17,54,17,59,0,0,0,2,0
20,200197,2,2,0,3,103,2975,7,7,2010,4,21,24,0,13,6,ESINHOWER,,0,39.26721389,-94.909516670,0,12,2,0,1,1,1,0,3,2,0,2,0,0000000,21,25,21,30,22,17,0,0,0,1,1
20,200198,1,1,0,1,177,0,29,7,2010,5,21,22,0,4,6,WESTEDGE,37TH,0,38.99717500,-95.637875000,0,5,0,0,3,9,1,0,2,1,0,1,0,0000000,21,24,21,30,21,48,0,0,0,1,0
20,200199,1,1,0,1,173,0,1,8,2010,1,19,34,0,6,4,61ST,,0,37.79371111,-97.580825000,0,32,0,0,1,1,4,0,1,1,0,1,0,0000000,19,34,19,49,88,88,0,0,0,1,0
20,200200,1,1,0,1,185,0,1,8,2010,1,7,23,1,2,2,US-281,,780,37.98946667,-98.747005560,0,11,0,0,1,1,1,0,1,1,0,1,0,0000000,7,23,7,28,7,52,0,0,0,1,0
20,200201,1,1,0,2,85,0,2,8,2010,2,2,57,0,6,6,W 4 RD,,0,39.43771667,-95.617275000,0,1,0,0,1,1,1,0,2,1,0,1,0,0000000,3,1,3,22,88,88,0,0,0,1,1
20,200202,1,1,0,1,59,0,3,8,2010,3,20,0,0,6,4,EISENHOWER,,0,38.46111667,-95.287513890,0,1,0,0,1,1,4,0,1,1,0,1,0,0000000,20,3,20,17,88,88,0,0,0,1,1
20,200203,1,1,0,1,69,0,5,8,2010,5,7,47,1,2,2,US-50,,850,37.87620833,-100.638541670,0,1,0,0,1,1,2,0,1,1,0,1,0,0000000,7,47,8,5,8,30,0,0,0,1,0
20,200204,1,1,0,1,115,0,26,3,2010,6,16,10,0,6,6,REMINGTON,,0,38.48456944,-97.040433330,0,34,0,0,1,1,4,0,1,1,0,1,0,0000000,16,9,16,47,17,57,0,0,0,1,0
20,200205,1,1,0,1,177,5400,5,8,2010,5,10,15,1,1,1,I-70,,3550,39.03358611,-95.593758330,0,35,0,1,19,1,4,0,1,1,0,1,0,0000000,10,16,10,26,88,88,0,0,0,1,1
20,200206,1,1,0,3,17,0,6,8,2010,6,7,30,1,1,1,I-35,,1082,38.17464722,-96.471977780,0,34,0,0,1,1,4,0,1,1,0,1,0,0000000,7,46,7,58,9,1,0,0,0,2,0
20,200207,1,1,0,4,27,0,7,8,2010,7,1,50,0,6,6,SAGE,FIRST RD,0,39.13219167,-97.001380560,0,35,0,0,3,3,4,0,2,1,0,1,0,0000000,2,12,2,37,3,45,0,0,0,1,1
20,200208,1,1,0,1,5,260,8,8,2010,1,14,13,0,16,6,286TH,,0,39.56580000,-95.172758330,0,30,0,0,1,1,4,0,1,1,0,1,0,0000000,14,14,14,23,15,23,0,0,0,1,1
20,200209,1,1,0,1,197,0,8,8,2010,1,12,13,0,3,3,SR-4,,2830,38.87018611,-96.215858330,0,59,0,0,1,1,4,0,1,1,0,1,0,0000000,12,15,12,32,88,88,0,0,0,1,0
20,200210,2,2,0,2,133,870,10,8,2010,3,14,0,0,13,6,CHERRY,PLUMMER,0,37.68911944,-95.471363890,0,12,6,0,2,2,1,0,1,1,0,1,0,0000000,14,4,14,5,14,26,0,0,0,1,1
20,200211,2,2,0,2,91,3030,10,8,2010,3,21,40,0,14,6,151ST,ASH,0,38.85461389,-94.646444440,0,12,6,0,2,2,1,0,3,1,0,1,0,0000000,21,42,21,45,22,22,0,0,0,1,1
20,200212,2,2,0,2,29,0,10,8,2010,3,10,10,0,4,3,SR-28,80TH,0,39.58875833,-97.782097220,0,12,6,0,2,2,1,0,1,1,0,1,0,0000000,10,14,10,24,88,88,0,0,0,1,0
20,200213,1,1,0,1,79,0,10,8,2010,3,13,46,0,3,3,SR-196,,98,37.95692222,-97.158280560,0,10,0,0,6,1,1,0,1,1,0,1,0,594996X,13,47,14,3,88,88,0,0,0,1,0
20,200214,2,2,0,2,35,0,11,8,2010,4,15,44,1,2,2,US-77,252,0,37.11433611,-97.036913890,0,12,6,0,2,2,1,0,1,1,0,1,0,0000000,15,43,15,47,16,10,0,0,0,1,1
20,200215,1,1,0,1,173,0,11,8,2010,4,6,37,0,6,5,101ST,,0,37.86875556,-97.260847220,0,1,0,0,1,1,4,0,3,1,0,1,0,0000000,6,37,6,48,88,88,0,0,0,1,1
20,200216,1,1,0,2,133,0,12,8,2010,5,11,40,0,3,3,SR-39,,302,37.68144167,-95.252322220,0,23,0,0,1,1,4,0,1,1,0,1,0,0000000,11,46,11,52,88,88,0,0,0,2,0
20,200217,3,3,0,4,209,2820,12,8,2010,5,11,46,1,1,1,I-70,,4102,39.10601944,-94.841280560,0,12,1,0,1,1,1,2,1,1,0,1,0,0000000,11,48,11,55,12,44,0,0,0,1,0
20,200218,3,3,0,8,173,0,14,8,2010,7,11,57,1,13,3,SR-254,GREENWICH RD,74,37.79601667,-97.208575000,0,12,6,0,2,4,1,0,1,1,0,1,0,0000000,12,1,12,10,12,45,0,0,0,2,0
20,200219,1,1,0,1,91,4140,27,8,2010,6,5,40,1,2,2,US-169,,1460,38.81122222,-94.827719440,0,1,0,0,1,1,3,0,2,1,0,1,0,0000000,88,88,88,88,88,88,0,0,0,1,1
20,200220,3,3,0,5,103,3020,6,6,2010,1,16,19,0,14,6,10TH,CHEROKEE,0,39.31630556,-94.928569440,0,12,6,0,2,2,1,0,1,1,0,1,0,0000000,16,19,16,28,17,2,0,0,0,1,0
20,200221,3,3,0,5,155,2660,11,6,2010,6,20,31,1,13,3,SR-16,COUNTY RD G,0,38.04315556,-97.903891670,0,12,6,0,2,2,1,0,5,1,0,1,0,0000000,20,35,20,40,21,12,0,0,0,1,0
20,200222,1,1,0,1,105,0,27,6,2010,1,22,0,0,5,4,170TH,,0,39.09250000,-98.195113890,0,38,0,0,1,1,4,0,2,1,0,1,0,0000000,22,16,22,23,88,88,0,0,0,1,1
20,200223,1,1,0,1,189,0,22,7,2010,5,4,0,0,3,3,SR-51,,0,37.17098611,-101.287766670,0,32,0,0,1,1,4,0,2,1,0,1,0,0000000,4,6,4,16,88,88,0,0,0,1,1
20,200224,2,2,0,4,191,0,29,7,2010,5,14,55,1,2,3,SR-15,,0,37.47240556,-97.225913890,0,12,6,0,1,1,1,0,1,2,0,2,0,0000000,14,58,15,1,15,48,0,0,0,1,0
20,200225,3,3,0,8,173,5880,25,7,2010,1,22,45,0,14,6,29TH,WOODLAWN,0,37.73800556,-97.349511110,0,12,8,0,3,2,1,0,3,2,0,2,0,0000000,22,47,22,51,23,21,0,0,0,1,1
20,200226,3,3,0,3,173,5880,16,8,2010,2,16,38,0,2,3,SR-42,,796,37.64400556,-97.404613890,0,12,7,0,1,1,1,0,1,1,0,1,0,0000000,16,38,16,45,17,15,0,0,0,1,0
20,200227,3,3,0,5,91,4545,5,8,2010,5,16,45,0,14,6,NALL,69TH,0,39.00411111,-94.649277780,0,12,6,0,2,2,1,0,1,1,0,1,0,0000000,16,46,16,50,17,35,0,0,0,1,0
20,200228,1,1,0,1,173,0,6,8,2010,6,7,12,0,4,5,151ST,,0,37.87336389,-97.519025000,0,43,0,0,1,1,4,0,1,1,0,1,0,0000000,7,20,7,32,8,8,0,0,0,1,0
20,200229,1,1,0,2,173,0,30,8,2010,2,13,45,0,4,4,71 ST,,0,37.49065833,-97.424697220,0,35,0,0,1,1,4,0,1,1,0,1,0,0000000,13,47,14,5,14,47,0,0,0,1,0
20,200230,1,1,0,1,29,0,14,8,2010,7,0,55,0,4,6,UNION,,0,39.61401944,-97.902088890,0,23,0,0,1,1,4,0,2,1,0,1,0,0000000,88,88,88,88,88,88,0,0,0,1,1
20,200231,1,1,0,1,33,0,15,8,2010,1,1,33,0,3,2,US-160,,1776,37.19341667,-99.335633330,0,23,0,0,1,1,4,0,2,1,0,1,0,0000000,1,33,1,46,88,88,0,0,0,1,1
20,200232,2,2,0,3,173,0,16,8,2010,2,2,20,1,13,3,SR-254,WEBB,63,37.79615278,-97.226858330,0,12,6,0,2,2,1,0,3,1,0,1,0,0000000,2,22,2,30,99,99,0,0,0,1,1
20,200233,2,2,0,2,91,1340,19,8,2010,5,8,20,1,2,3,SR-10,,169,38.96181111,-95.003500000,0,12,2,0,1,1,1,0,1,1,0,1,0,0000000,8,25,8,31,9,6,0,0,0,1,0
20,200234,2,2,0,4,139,0,20,8,2010,6,12,31,1,2,2,US-75,,1201,38.50116111,-95.696583330,0,12,2,0,1,1,1,0,1,1,0,1,0,0000000,12,31,12,48,13,31,0,0,0,2,0
20,200235,1,1,0,1,209,2820,20,8,2010,6,17,31,1,1,1,I-70,,4131,39.10528889,-94.786777780,0,31,0,0,1,1,4,0,1,2,0,2,0,0000000,17,35,17,50,18,13,0,0,0,1,0
20,200236,1,1,0,4,125,0,21,8,2010,7,19,45,0,6,4,2400,,0,37.08229722,-95.868758330,0,1,0,0,1,1,4,0,1,1,0,1,0,0000000,19,50,20,19,99,99,0,0,0,1,0
20,200237,1,1,0,1,15,0,21,8,2010,7,6,35,1,2,2,US-54,,0,37.67981389,-97.038375000,0,35,0,0,1,1,3,0,4,1,0,1,0,0000000,88,88,88,88,88,88,0,0,0,1,1
20,200238,1,1,0,1,147,0,23,8,2010,2,1,0,1,2,2,US-36,,0,39.77054722,-99.069727780,0,34,0,0,1,1,4,0,2,1,0,1,0,0000000,4,17,4,22,88,88,0,0,0,1,1
20,200239,1,1,0,1,147,0,23,8,2010,2,1,0,1,2,2,US-56,,0,39.77107500,-99.067025000,0,34,0,0,1,1,4,0,2,1,0,1,0,0000000,4,17,4,22,88,88,0,0,0,1,1
20,200240,2,2,0,3,209,1510,24,8,2010,3,16,7,0,13,3,SR-32,98,0,39.06091667,-94.807377780,0,12,6,0,2,2,1,0,1,1,0,1,0,0000000,16,11,16,17,17,3,0,0,0,2,0
20,200242,2,2,0,2,163,0,27,8,2010,6,17,47,0,3,2,US-24,,1546,39.44375000,-99.242163890,0,12,2,0,1,1,1,0,1,1,0,1,0,0000000,17,49,17,54,18,32,0,0,0,1,0
20,200243,1,1,0,1,175,0,29,8,2010,1,1,55,0,6,4,C RD,3 RD,0,37.09051389,-101.013108330,0,1,0,0,2,2,4,0,2,1,0,1,0,0000000,88,88,88,88,88,88,0,0,0,1,1
20,200244,1,1,0,3,67,0,29,8,2010,1,7,7,0,4,3,SR-190,,57,37.47948889,-101.107522220,0,1,0,0,1,1,4,0,4,1,0,1,0,0000000,7,8,7,22,7,30,0,0,0,1,0
20,200245,3,3,0,9,45,0,28,8,2010,7,20,13,0,2,2,US-59,,1228,38.50089167,-95.267513890,0,12,8,0,1,1,1,0,5,1,0,1,0,0000000,20,13,20,21,99,99,0,0,0,1,0
20,200246,2,2,0,2,191,0,3,9,2010,6,9,15,0,3,3,SR-42,ARGONIA,548,37.45918889,-97.770425000,0,12,6,0,2,2,1,0,1,1,0,1,0,0000000,9,18,9,23,88,88,0,0,0,1,0
20,200247,1,1,0,1,91,4140,20,8,2010,6,18,7,0,15,6,151ST,,0,38.85488056,-94.844369440,0,43,0,0,1,1,4,0,9,99,0,99,0,0000000,88,88,88,88,88,88,0,0,0,1,1
20,200250,2,2,0,2,1,0,22,4,2010,5,16,10,1,2,2,US-54,,3282,37.92219722,-95.344677780,0,12,2,0,1,1,1,0,1,2,8,2,0,0000000,16,14,16,25,16,44,0,0,0,1,0
20,200251,2,2,0,3,173,5880,20,8,2010,6,18,0,0,13,6,OLIVER,11TH,0,37.70487500,-97.280844440,0,12,6,0,2,2,1,0,1,1,0,1,0,0000000,17,52,17,59,18,12,0,0,0,1,0
20,200252,2,2,0,2,43,0,5,9,2010,1,18,46,1,2,2,US-36,,3783,39.79587500,-95.086327780,0,12,2,0,1,1,1,0,1,1,0,1,0,0000000,18,50,18,55,19,45,0,0,0,1,0
20,200253,2,2,0,5,209,0,5,9,2010,1,23,20,0,15,6,86,,0,39.09250000,-94.779911110,0,24,0,0,1,1,4,0,3,1,0,1,0,0000000,23,23,23,28,0,12,0,0,0,1,2
20,200254,1,1,0,4,7,0,7,9,2010,3,18,10,0,6,4,PIXLEY RD,,0,37.30956111,-98.515777780,0,35,0,0,1,1,4,0,1,1,0,1,0,0000000,18,16,18,27,18,49,7,0,0,1,1
20,200255,2,2,0,6,111,0,8,9,2010,4,15,31,0,4,4,F ROAD,,0,38.54064722,-96.263580560,0,12,8,0,1,1,1,0,1,1,0,1,0,0000000,15,33,16,3,16,38,0,0,0,3,0
20,200256,1,1,0,1,137,0,8,9,2010,4,17,40,1,2,3,SR-383,,309,39.83938611,-99.885636110,0,43,0,0,1,1,4,0,1,1,0,1,0,0000000,17,44,17,53,18,50,0,0,0,1,0
20,200258,1,1,1,2,177,0,12,9,2010,1,16,30,0,6,5,53RD,,0,38.97128889,-95.749197220,0,9,0,0,1,1,1,0,1,1,0,1,0,0000000,16,28,16,38,88,88,0,0,0,1,1
20,200259,2,2,0,3,1,0,12,9,2010,1,8,13,1,13,2,US-54,,3334,37.92219722,-95.414372220,0,12,8,0,1,1,1,0,1,1,0,1,0,0000000,8,16,8,17,88,88,0,0,0,1,0
20,200260,1,1,0,1,59,0,15,9,2010,4,5,8,0,6,5,CLOUD,,0,38.43395833,-95.223311110,0,1,0,0,1,1,4,0,2,1,0,1,0,0000000,6,5,6,19,88,88,0,0,0,1,0
20,200261,2,1,0,1,57,1370,18,9,2010,7,4,9,0,16,4,ROBIN,,0,37.77560000,-100.002450000,0,14,0,0,1,1,7,0,3,1,0,1,0,0000000,4,12,4,16,88,88,0,0,0,1,1
20,200262,2,2,0,2,177,0,19,9,2010,1,10,55,0,4,4,93RD,BERRYTON RD,0,38.89911667,-95.632125000,0,12,6,0,2,2,1,0,1,1,0,1,0,0000000,11,0,11,12,11,45,0,0,0,1,0