STATE,ST_CASE,VE_TOTAL,VE_FORMS,PEDS,PERSONS,COUNTY,CITY,DAY,MONTH,YEAR,DAY_WEEK,HOUR,MINUTE,NHS,ROAD_FNC,ROUTE,TWAY_ID,TWAY_ID2,MILEPT,LATITUDE,LONGITUD,SP_JUR,HARM_EV,MAN_COLL,RELJCT1,RELJCT2,TYP_INT,REL_ROAD,WRK_ZONE,LGT_COND,WEATHER1,WEATHER2,WEATHER,SCH_BUS,RAIL,NOT_HOUR,NOT_MIN,ARR_HOUR,ARR_MIN,HOSP_HR,HOSP_MN,CF1,CF2,CF3,FATALS,DRUNK_DR
20,200263,1,1,0,1,177,5400,11,8,2010,4,11,40,0,16,8,WATERWORKS DR,,0,39.07117778,-95.704650000,0,10,0,0,6,1,1,0,1,1,0,1,0,9999999,11,42,11,48,12,4,0,0,0,1,0
20,200264,2,2,0,3,91,0,23,8,2010,2,17,54,0,6,5,FOUR CORNERS,159 TH,0,38.84044167,-94.973975000,0,12,6,0,2,2,1,0,1,1,0,1,0,0000000,17,58,18,14,18,44,0,0,0,1,0
20,200265,1,1,1,3,91,1970,2,9,2010,5,15,34,0,16,6,MADISON,,0,38.81857778,-94.943419440,0,8,0,0,1,1,1,0,1,1,0,1,0,0000000,15,34,15,40,16,3,21,0,0,1,0
20,200266,1,1,0,2,59,0,17,9,2010,6,3,35,1,1,1,I-35,,1862,38.60728056,-95.232838890,0,21,0,0,1,1,4,0,2,5,0,5,0,0000000,3,42,3,48,4,35,0,0,0,1,1
20,200267,2,2,0,3,155,2660,20,9,2010,2,9,11,0,4,5,56TH,HENDRICKS,0,38.11470556,-97.959508330,0,12,6,0,2,2,1,0,1,1,0,1,0,0000000,9,16,9,22,10,3,0,0,0,1,0
20,200268,1,1,0,1,155,2660,20,9,2010,2,7,33,0,6,5,SEGO,SR-96,0,38.14805833,-98.179322220,0,1,0,0,3,2,4,0,4,1,0,1,0,0000000,88,88,88,88,88,88,0,0,0,1,0
20,200269,2,2,0,2,181,2110,22,9,2010,4,10,0,0,6,4,COUNTY RD 65,,0,39.35095833,-101.833563890,0,12,2,0,1,1,1,0,9,1,0,1,0,0000000,0,20,0,38,0,58,0,0,0,1,1
20,200270,2,2,0,2,117,0,23,9,2010,5,16,43,1,2,2,US-36,,3098,39.84235278,-96.303577780,0,12,8,0,1,1,1,0,1,1,0,1,0,0000000,16,50,16,57,88,88,0,0,0,1,1
20,200271,2,2,0,2,185,0,24,9,2010,6,5,45,0,3,2,US-281,SR-19,897,38.15939722,-98.748550000,0,12,6,0,2,2,1,0,2,5,0,5,0,0000000,5,51,6,7,7,13,0,0,0,1,0
20,200272,1,1,0,1,55,0,25,9,2010,7,0,28,0,6,4,TENNIS RD,,0,38.16385000,-101.051044440,0,1,0,0,1,1,4,0,2,1,0,1,0,0000000,8,50,9,15,88,88,0,0,0,1,1
20,200273,1,1,0,1,151,0,25,9,2010,7,14,16,0,6,4,30 AVE,,0,37.68846111,-98.669238890,0,10,0,0,6,1,1,0,1,1,0,1,0,605385F,14,21,14,24,88,88,0,0,0,1,0
20,200274,1,1,0,2,21,0,27,9,2010,2,6,20,1,2,2,US-400,,4174,37.07887222,-94.713136110,0,38,0,0,1,1,4,0,2,1,0,1,0,0000000,6,26,6,52,88,88,0,0,0,1,0
20,200275,1,1,0,1,37,0,27,9,2010,2,14,40,0,3,3,SR-47,,495,37.51381111,-94.702836110,0,35,0,0,1,1,4,0,1,1,0,1,0,0000000,14,46,14,56,15,36,0,0,0,1,1
20,200276,2,2,0,2,173,5880,27,9,2010,2,23,58,0,12,5,SOUTHWEST BLVD,MAY ST,0,37.65909167,-97.382641670,0,12,1,1,2,2,1,0,3,1,0,1,0,0000000,0,0,0,4,88,88,0,0,0,1,1
20,200277,1,1,0,1,33,0,28,9,2010,3,19,15,0,6,4,CR-3,,0,37.20244167,-99.509011110,0,11,0,0,1,1,1,0,2,1,0,1,0,0000000,19,18,19,24,88,88,0,0,0,1,1
20,200278,1,1,1,1,91,3080,28,9,2010,3,12,53,1,1,1,I-435,,87,38.94459167,-94.770983330,0,8,0,0,1,1,2,0,1,1,0,1,0,0000000,12,58,13,4,13,31,0,0,0,1,0
20,200279,2,2,0,4,177,0,27,9,2010,2,18,50,1,13,3,SR-4,,3361,39.09596389,-95.595816670,0,12,6,0,1,1,1,0,1,1,0,1,0,0000000,18,55,19,5,19,40,0,0,0,1,0
20,200280,2,2,0,3,51,0,29,9,2010,4,6,21,1,1,1,I-70,,1568,38.91534722,-99.361038890,0,12,6,0,7,1,1,0,2,1,0,1,0,0000000,6,23,6,29,88,88,0,0,0,1,0
20,200281,2,2,0,3,57,0,29,9,2010,4,1,55,1,2,2,US-54,,761,37.72863889,-99.921683330,0,12,6,0,1,1,1,0,2,1,0,1,0,0000000,1,59,2,18,2,44,0,0,0,2,0
20,200282,1,1,0,2,125,0,1,10,2010,6,17,33,0,3,2,US-160,,4015,37.22533889,-95.776147220,0,24,0,0,1,1,4,0,1,1,0,1,0,0000000,17,46,18,8,19,4,0,0,0,1,0
20,200283,1,1,0,1,139,0,1,10,2010,6,18,53,0,3,2,US-56,,3834,38.70755000,-95.839663890,0,34,0,0,1,1,4,0,5,1,0,1,0,0000000,18,56,18,57,88,88,0,0,0,1,0
20,200284,1,1,4,5,155,0,5,9,2010,1,16,30,0,6,4,RIVERTON RD,,0,38.01726389,-98.087997220,0,8,0,0,1,1,1,0,1,7,0,7,0,0000000,16,36,16,51,17,32,0,0,0,1,0
20,200285,2,2,0,3,69,0,2,10,2010,7,12,15,0,5,4,RD 9,,0,37.55900278,-100.508080560,0,12,8,0,1,1,1,0,1,1,0,1,0,0000000,12,16,12,20,88,88,0,0,0,1,0
20,200286,1,1,0,1,35,0,2,10,2010,7,12,12,0,6,4,71ST,,0,37.17262778,-97.021636110,0,10,0,0,6,1,1,0,1,1,0,1,0,009462W,12,14,12,24,12,48,0,0,0,1,1
20,200287,2,2,0,3,15,0,2,10,2010,7,16,40,0,2,2,US-54,,2596,37.81066667,-96.782255560,0,12,2,0,1,1,1,0,1,1,0,1,0,0000000,16,41,16,50,18,3,0,0,0,1,0
20,200288,1,1,0,1,17,0,10,5,2010,2,99,99,0,4,3,SR-177,,378,38.29236111,-96.541672220,0,1,0,0,1,1,4,0,2,1,0,1,0,0000000,1,22,1,35,88,88,0,0,0,1,0
20,200289,1,1,0,3,43,0,2,10,2010,7,16,50,0,5,4,215,,0,39.82027222,-95.024441670,0,1,0,0,1,1,4,0,1,1,0,1,0,0000000,16,53,17,6,17,37,0,0,0,1,1
20,200290,1,1,0,1,1,2620,3,10,2010,1,20,19,0,4,4,HAWAII,300,0,37.82043056,-95.510158330,0,31,0,0,2,3,4,0,2,1,0,1,0,0000000,20,21,20,30,88,88,0,0,0,1,1
20,200291,2,2,0,3,173,5880,4,10,2010,2,18,50,0,16,5,2ND,MILLWOOD,0,37.68782778,-97.360411110,0,12,6,0,2,2,1,0,3,1,0,1,0,0000000,18,52,18,58,19,28,0,0,0,1,0
20,200292,1,1,0,2,21,0,4,10,2010,2,2,0,0,6,4,STAR VALLEY,,0,37.25301389,-94.917411110,0,1,0,0,1,1,4,0,2,1,0,1,0,0000000,6,29,6,43,7,43,0,0,0,1,1
20,200293,1,1,0,1,39,2750,5,10,2010,3,4,15,0,4,4,COUNTY RD 340,,0,39.71299722,-100.390319440,0,1,0,0,1,1,4,0,2,1,0,1,0,0000000,88,88,88,88,88,88,0,0,0,1,1
20,200294,1,1,0,1,111,1660,5,10,2010,3,23,50,1,1,1,I-35,,1269,38.41486111,-96.236972220,0,31,0,1,5,1,4,0,3,1,0,1,0,0000000,88,88,88,88,88,88,0,0,0,1,1
20,200295,1,1,0,1,111,0,7,10,2010,5,20,20,0,4,4,ROAD F5,,0,38.45002500,-96.253022220,0,1,0,0,1,1,4,0,2,1,0,1,0,0000000,20,27,20,34,88,88,0,0,0,1,1
20,200296,2,2,0,2,91,4285,8,10,2010,6,21,10,0,14,6,119TH,THREE LAKES PKWY,0,38.91280833,-94.694425000,0,12,6,0,3,2,1,0,3,1,0,1,0,0000000,21,10,21,15,88,88,0,0,0,1,1
20,200297,1,1,0,1,173,5880,8,10,2010,6,3,24,0,15,6,CENTRAL,,0,37.69346389,-97.498683330,0,24,0,0,1,1,4,0,2,1,0,1,0,0000000,3,42,3,46,88,88,0,0,0,1,1
20,200298,2,2,0,2,93,2940,9,10,2010,7,5,12,1,2,2,US-50,,354,37.94555000,-101.402436110,0,12,8,0,1,1,1,0,2,1,0,1,0,0000000,5,18,5,30,5,52,0,0,0,2,1
20,200299,1,1,0,1,173,5880,9,10,2010,7,19,21,1,1,1,I-235,,165,37.67240833,-97.399291670,0,24,0,1,5,1,4,0,5,1,0,1,0,0000000,19,24,19,31,88,88,0,0,0,1,0
20,200300,3,3,0,4,103,0,10,10,2010,1,20,48,0,3,3,SR-32,,62,39.00404444,-95.077400000,0,12,2,0,1,1,1,0,2,1,0,1,0,0000000,20,50,20,58,88,88,0,0,0,3,2
20,200301,1,1,0,1,57,0,12,10,2010,3,99,99,0,4,4,GARNETT,,0,37.82605556,-99.971294440,0,34,0,0,1,1,4,0,1,1,0,1,0,0000000,12,16,12,23,12,35,0,0,0,1,1
20,200302,2,2,0,2,85,0,13,10,2010,4,6,40,1,2,2,US-75,,1878,39.45620833,-95.748080560,0,12,6,0,8,1,1,0,4,1,0,1,0,0000000,6,48,6,50,7,39,0,0,0,1,0
20,200303,2,2,0,2,45,3010,14,10,2010,5,1,31,0,13,6,CLINTON,INVERNESS,0,38.94285556,-95.297900000,0,12,6,0,2,2,1,0,3,1,0,1,0,0000000,1,31,1,38,88,88,0,0,0,1,2
20,200304,2,2,0,6,5,0,15,10,2010,6,19,3,1,2,2,US-50,,1951,39.44845556,-95.285969440,0,12,6,0,1,1,1,0,5,1,0,1,0,0000000,19,6,20,1,20,38,0,0,0,2,2
20,200305,1,1,0,1,173,5880,16,10,2010,7,3,18,0,13,6,OLIVER,,0,37.74574167,-97.280675000,0,43,0,0,1,1,3,0,3,1,0,1,0,0000000,3,18,3,21,3,48,0,0,0,1,1
20,200306,1,1,0,2,11,0,16,10,2010,7,3,0,0,4,5,INDIAN RD,,0,37.79079444,-94.721547220,0,34,0,0,1,1,4,0,2,1,0,1,0,0000000,88,88,88,88,88,88,0,0,0,2,1
20,200307,2,2,0,2,135,0,16,10,2010,7,13,10,0,4,4,60 RD,,0,38.45090000,-100.062788890,0,12,2,0,1,1,1,0,1,1,0,1,0,0000000,13,21,13,53,16,40,0,0,0,1,0
20,200308,1,1,0,1,91,4285,17,10,2010,1,2,39,1,2,2,US-69,,1370,38.85194167,-94.677513890,0,31,0,0,1,1,4,0,2,1,0,1,0,0000000,2,46,2,51,88,88,0,0,0,1,0
20,200309,2,2,0,2,91,1340,18,10,2010,2,22,22,1,2,3,SR-10,,255,38.96107778,-94.991055560,0,12,2,0,1,1,1,0,2,1,0,1,0,0000000,22,22,22,26,22,56,0,0,0,1,2
20,200310,1,1,0,3,205,0,20,10,2010,4,17,34,0,4,4,6600 ROAD,,0,37.38570833,-95.574188890,0,34,0,0,1,1,4,0,1,1,0,1,0,0000000,17,37,17,54,18,21,0,0,0,1,1
20,200311,1,1,0,2,207,0,22,10,2010,6,14,41,1,2,2,US-75,,798,37.95394444,-95.739669440,0,42,0,0,1,1,4,0,1,1,0,1,0,0000000,14,56,15,32,16,29,0,0,0,1,0
20,200312,1,1,0,2,103,0,22,10,2010,6,0,1,0,6,5,LEAVENWORTH RD,,0,39.14310833,-95.089416670,0,38,0,0,1,1,4,0,2,1,0,1,0,0000000,0,1,0,17,88,88,0,0,0,1,1
20,200313,1,1,0,1,51,0,23,10,2010,7,2,30,0,4,4,270TH,,0,38.84071111,-99.281216670,0,1,0,0,1,1,4,0,2,1,0,1,0,0000000,2,39,2,48,88,88,0,0,0,1,1
20,200314,1,1,0,1,113,0,25,10,2010,2,11,15,0,6,4,14TH AVE,,0,38.60063889,-97.667255560,0,1,0,0,1,1,4,0,1,1,0,1,0,0000000,11,32,11,35,13,2,0,0,0,1,0
20,200315,2,2,0,2,165,0,26,10,2010,3,20,29,0,2,3,SR-96,,1542,38.46649167,-99.064408330,0,12,2,0,1,1,1,0,2,1,0,1,0,0000000,20,35,20,44,21,24,0,0,0,1,2
20,200317,1,1,0,1,61,0,30,10,2010,7,19,55,0,3,3,SR-177,,912,39.01931667,-96.539269440,0,43,0,0,1,1,4,0,2,1,0,1,0,0000000,20,2,20,20,21,23,0,0,0,1,1
20,200319,1,1,0,1,67,0,1,11,2010,2,8,15,0,5,5,S RD,,0,37.60063333,-101.236611110,0,1,0,0,1,1,4,0,4,1,0,1,0,0000000,8,46,8,57,88,88,0,0,0,1,0
20,200320,2,2,0,3,125,0,1,11,2010,2,15,20,1,2,2,US-169,US-160,171,37.22404167,-95.585861110,0,12,6,0,2,2,1,0,1,1,0,1,0,0000000,15,29,15,35,16,29,0,0,0,2,0
20,200321,1,1,0,2,63,0,19,9,2010,1,15,9,1,1,1,I-70,,1000,39.09762778,-100.368691670,0,5,0,0,1,1,1,0,1,1,0,1,0,0000000,15,31,15,36,16,42,0,0,0,1,0
20,200322,2,2,0,6,189,3800,15,10,2010,6,21,55,0,4,3,SR-56,COUNTY RD 20,0,37.19943333,-101.339263890,0,12,6,0,2,2,1,0,3,1,0,1,0,0000000,22,31,22,41,22,55,0,0,0,1,0
20,200323,1,1,0,1,5,0,23,10,2010,7,19,30,1,2,2,US-75,,341,39.48403889,-95.113450000,0,38,0,0,1,1,4,0,1,1,0,1,0,0000000,12,27,12,39,88,88,0,0,0,1,0
20,200324,2,2,0,2,121,4220,2,11,2010,3,19,40,1,2,2,US-169,,1124,38.45789167,-94.964447220,0,12,2,0,1,1,1,0,2,1,0,1,0,0000000,19,42,19,55,20,40,0,0,0,1,2
20,200325,1,1,0,2,103,0,4,11,2010,5,0,21,0,4,4,EISENHOWER,,0,39.26734722,-94.981613890,0,43,0,0,1,1,4,0,2,1,0,1,0,0000000,0,23,0,39,0,55,0,0,0,1,1
20,200326,2,2,0,3,13,0,4,11,2010,5,16,55,1,2,2,US-36,,3425,39.84136389,-95.715380560,0,12,6,0,8,1,1,0,1,1,0,1,0,0000000,17,5,17,6,17,24,0,0,0,1,2
20,200327,1,1,0,2,161,3490,7,11,2010,1,22,12,0,2,3,SR-18,,1881,39.16853333,-96.613169440,0,1,0,0,1,1,3,0,2,1,0,1,0,0000000,22,16,22,22,22,45,0,0,0,1,1
20,200328,1,1,0,2,173,0,8,11,2010,2,20,30,0,4,4,RIDGE,,0,37.56798333,-97.426758330,0,43,0,0,1,1,4,0,2,1,0,1,0,0000000,20,36,20,58,21,22,0,0,0,2,1
20,200329,2,2,0,2,1,0,8,11,2010,2,3,50,1,13,2,US-169,,692,37.92226389,-95.380211110,0,12,2,0,1,1,1,0,3,1,0,1,0,0000000,3,52,3,54,88,88,0,0,0,1,1
20,200330,1,1,0,1,173,0,10,11,2010,4,13,40,0,4,6,ROCK RD,,0,37.81846389,-97.246169440,0,34,0,0,4,1,4,0,1,1,0,1,0,0000000,13,37,13,42,14,34,0,0,0,1,0
20,200331,2,2,0,2,39,0,10,11,2010,4,8,38,1,2,2,US-83,,2168,39.79956944,-100.535888890,0,12,8,0,1,1,1,0,1,1,0,1,0,0000000,8,42,8,49,88,88,0,0,0,1,1
20,200332,2,2,0,2,209,2820,10,11,2010,4,16,3,0,13,3,SR-32,88TH ST,242,39.06325000,-94.783944440,0,12,1,0,3,4,1,0,1,1,0,1,0,0000000,16,3,16,22,16,40,0,0,0,1,2
20,200333,1,1,0,1,175,3160,14,11,2010,1,6,30,0,6,4,ROAD 1,,0,37.27569167,-100.834580560,0,34,0,0,1,1,4,0,2,2,0,2,0,0000000,6,44,6,52,88,88,0,0,0,1,1
20,200334,1,1,1,2,209,2820,16,11,2010,3,7,15,0,16,6,SHAWNEE RD,,0,39.06864722,-94.626788890,0,8,0,0,1,1,4,0,4,1,0,1,0,0000000,7,35,7,42,88,88,0,0,0,1,0
20,200335,2,2,0,3,165,0,18,11,2010,5,11,20,0,6,4,CR-320,AVE G,0,38.69649722,-99.190750000,0,12,6,0,2,2,1,0,1,1,0,1,0,0000000,11,24,11,40,12,27,0,0,0,2,2
20,200336,1,1,0,2,161,3490,18,11,2010,5,3,20,1,2,2,US-24,,3110,39.24767500,-96.603127780,0,1,0,0,1,1,3,0,2,5,0,5,0,0000000,3,33,3,43,88,88,0,0,0,2,0
20,200337,1,1,0,2,35,0,18,11,2010,5,99,99,0,6,5,322ND,,0,37.01269722,-96.931513890,0,1,0,0,1,1,5,0,2,1,0,1,0,0000000,88,88,88,88,88,88,18,0,0,2,1
20,200338,1,1,0,1,79,4000,20,11,2010,7,13,56,1,2,2,US-50,,2780,38.08410833,-97.291833330,0,31,0,0,1,1,4,0,1,1,0,1,0,0000000,13,56,14,0,14,38,0,0,0,1,1
20,200339,1,1,2,1,103,3020,20,11,2010,7,1,2,0,16,6,CHEROKEE ST,,0,39.31763333,-94.950541670,0,53,0,0,1,1,4,0,2,1,0,1,0,0000000,1,2,1,9,1,42,0,0,0,2,1
20,200340,1,1,0,2,209,2820,21,11,2010,1,6,13,0,16,6,BOOTH,,0,39.05465000,-94.614430560,0,30,0,0,1,1,4,0,4,1,0,1,0,0000000,6,16,6,20,6,30,0,0,0,1,0
20,200341,2,2,0,3,85,0,22,11,2010,2,6,33,1,2,2,US-75,SR-9,2002,39.61395278,-95.731516670,0,12,6,0,2,2,1,0,2,2,0,2,0,0000000,6,35,6,57,7,24,0,0,0,1,2
20,200342,2,2,0,4,173,5880,22,11,2010,2,13,30,0,14,6,MERIDIAN,1ST,0,37.68589167,-97.371269440,0,12,6,0,2,2,1,0,1,1,0,1,0,0000000,13,31,13,37,88,88,0,0,0,1,1
20,200343,2,2,0,5,145,0,23,11,2010,3,16,19,0,6,4,O RD,120TH,0,38.20419444,-99.115905560,0,12,6,0,2,2,1,0,5,1,0,1,0,0000000,16,21,16,27,16,55,0,0,0,2,2
20,200344,2,2,0,5,45,0,23,11,2010,3,3,40,0,2,2,US-24,,0,39.02265000,-95.234300000,0,12,1,0,1,1,1,0,2,1,0,1,0,0000000,3,38,3,52,4,56,0,0,0,1,1
20,200345,2,2,0,5,85,0,25,11,2010,5,10,44,0,6,6,K ROAD,,0,39.54919167,-95.849619440,0,12,8,0,1,1,1,0,1,1,0,1,0,0000000,10,45,11,2,12,5,0,0,0,1,0
20,200346,1,1,0,1,139,0,25,11,2010,5,2,11,0,4,4,JORDAN,,0,38.83088333,-95.696755560,0,31,0,0,1,1,4,0,2,1,0,1,0,0000000,2,11,2,25,88,88,0,0,0,1,1
20,200347,1,1,0,3,57,0,27,11,2010,7,23,38,0,6,6,129,,0,37.77824444,-99.687194440,0,1,0,0,1,1,1,0,2,1,0,1,0,0000000,23,44,23,59,0,30,0,0,0,1,1
20,200348,2,2,0,4,173,0,23,11,2010,3,14,35,0,4,4,263RD,63RD,0,37.57662222,-97.643394440,0,12,6,0,2,2,1,0,1,1,0,1,0,0000000,14,37,14,46,15,42,0,0,0,1,0
20,200349,2,2,0,2,209,2820,28,11,2010,1,1,15,1,1,1,I-35,,2338,39.06185000,-94.626788890,0,12,2,0,1,1,1,0,3,1,0,1,0,0000000,1,19,1,30,1,53,0,0,0,1,1
20,200350,1,1,0,1,15,0,29,11,2010,2,13,50,0,4,6,HAVERHILL,,0,37.68708056,-96.881216670,0,34,0,0,1,1,4,0,1,1,0,1,0,0000000,13,55,14,11,14,29,0,0,0,1,1
20,200351,2,2,0,4,91,4140,1,12,2010,4,10,27,0,16,6,IOWA,CATALPA,0,38.89103333,-94.825572220,0,12,2,0,3,3,1,0,1,1,0,1,0,0000000,10,28,10,58,11,21,0,0,0,1,2
20,200352,1,1,0,1,209,2820,2,12,2010,5,23,15,1,1,1,I-70,,4237,39.11008333,-94.609450000,0,26,0,0,1,1,3,0,3,1,0,1,0,0000000,23,19,23,25,88,88,0,0,0,1,1
20,200353,2,2,0,3,175,0,3,12,2010,6,16,10,0,6,4,COUNTYRD O,COUNTY RD 6,0,37.11734722,-100.815011110,0,12,6,0,2,2,1,0,1,1,0,1,0,0000000,16,10,16,21,16,41,0,0,0,1,0
20,200354,1,1,0,1,91,3645,4,12,2010,7,0,30,1,1,1,I-35,,2271,38.99457222,-94.696569440,0,26,0,0,1,1,3,0,3,1,0,1,0,0000000,0,37,0,38,88,88,0,0,0,1,1
20,200355,2,2,0,5,91,1970,8,12,2010,4,17,8,0,13,2,US-56,,4473,38.81135556,-94.878444440,0,12,2,0,1,1,1,0,1,1,0,1,0,0000000,17,13,17,45,18,16,0,0,0,2,2
20,200356,1,1,1,1,175,3160,2,11,2010,3,19,13,0,14,6,KANSAS AVE,,0,37.03298056,-100.922641670,0,15,0,0,1,1,1,0,3,1,0,1,0,0000000,19,15,19,20,19,32,0,0,0,1,0
20,200357,2,2,0,2,37,0,9,12,2010,5,9,8,1,2,2,US-69,,413,37.48766389,-94.706269440,0,12,1,0,1,1,1,2,1,1,0,1,0,0000000,9,9,9,11,88,88,0,0,0,1,1
20,200358,1,1,0,2,43,5690,9,12,2010,5,3,22,1,13,2,US-36,,3863,39.76104722,-94.946938890,0,32,0,0,1,1,4,0,3,1,0,1,0,0000000,3,25,3,37,3,52,0,0,0,1,1
20,200359,2,2,0,2,51,0,11,12,2010,7,2,24,1,1,1,I-70,,1481,38.94926389,-99.516219440,0,12,2,0,1,1,1,0,2,1,0,1,0,0000000,2,24,2,35,88,88,0,0,0,1,1
20,200360,2,2,0,3,61,0,15,12,2010,4,18,15,1,1,1,I-70,,3131,39.06338056,-96.555747220,0,12,7,0,1,1,1,0,2,2,3,3,0,0000000,18,24,18,38,19,33,0,0,0,1,0
20,200361,2,2,0,2,209,2820,16,12,2010,5,16,51,0,13,6,STATE AVE,,0,39.12206944,-94.842566670,0,12,6,0,1,1,1,0,5,1,0,1,0,0000000,16,52,16,56,17,38,0,0,0,1,2
20,200362,3,3,0,3,155,2660,16,12,2010,5,17,8,0,13,6,AVENUE A,POPLAR,0,38.05106389,-97.928525000,0,12,6,0,2,2,1,0,5,1,0,1,0,0000000,17,8,17,15,88,88,0,0,0,1,0
20,200363,2,2,0,3,173,5880,17,12,2010,6,22,0,0,13,6,OLIVER,CESSNA,0,37.65195556,-97.280288890,0,12,8,0,3,1,1,0,3,1,0,1,0,0000000,22,56,23,0,23,37,0,0,0,1,1
20,200364,2,2,0,2,13,0,18,12,2010,7,13,17,1,2,2,US-75,,779,39.83734444,-95.735119440,0,12,6,0,1,1,1,0,1,4,0,4,0,0000000,13,19,13,38,88,88,0,0,0,1,0
20,200365,2,2,0,2,173,5880,18,12,2010,7,10,18,0,13,6,MACARTHUR,,0,37.62293333,-97.340497220,0,12,6,1,5,1,1,0,1,1,0,1,0,0000000,99,98,99,98,88,88,0,0,0,1,2
20,200366,2,2,0,6,173,5880,18,12,2010,7,19,37,1,2,2,US-54,,2131,37.67403889,-97.391738890,0,12,1,0,1,1,1,0,3,1,0,1,0,0000000,19,38,19,44,20,36,0,0,0,1,1
20,200367,1,1,0,1,123,440,18,12,2010,7,23,7,0,3,3,SR-14,,1619,39.44189444,-98.116922220,0,43,0,0,1,1,4,0,2,1,0,1,0,0000000,23,11,23,17,23,35,0,0,0,1,1
20,200368,1,1,0,1,19,0,19,12,2010,1,18,3,0,4,4,BRONCO,,0,37.01221667,-95.976133330,0,42,0,0,1,1,4,0,2,1,0,1,0,0000000,18,19,18,42,88,88,0,0,0,1,1
20,200369,1,1,0,1,173,0,19,12,2010,1,11,26,0,6,6,47TH,,0,37.60811111,-97.367877780,0,53,0,0,1,1,4,0,1,1,0,1,0,0000000,11,26,11,34,11,57,13,0,0,1,0
20,200370,1,1,1,2,173,4342,19,12,2010,1,6,5,1,1,1,I-135,,143,37.79764444,-97.328566670,0,8,0,0,1,1,1,0,2,1,0,1,0,0000000,99,99,99,99,88,88,0,0,0,1,0
20,200371,1,1,0,1,41,0,19,12,2010,1,99,99,0,4,4,2300,,0,38.93003611,-97.263850000,0,1,0,0,1,1,4,0,2,1,0,1,0,0000000,3,44,3,54,4,0,0,0,0,1,1
20,200372,1,1,0,1,155,0,19,12,2010,1,0,45,0,4,6,PRETTY PRAIRIE,,0,37.77763611,-97.919255560,0,1,0,0,1,1,4,0,2,1,0,1,0,0000000,6,51,6,54,88,88,0,0,0,1,1
20,200373,2,2,0,2,51,0,21,12,2010,3,18,0,1,1,1,I-70,,1533,38.92309167,-99.425583330,0,12,1,0,1,1,1,0,2,1,0,1,0,0000000,18,6,18,15,18,38,0,0,0,1,0
20,200374,2,2,0,4,73,0,21,12,2010,3,8,37,0,3,3,SR-58,HH ROAD,125,38.11321944,-95.961800000,0,12,6,0,2,2,1,0,1,1,0,1,0,0000000,8,34,8,52,10,9,0,0,0,2,1
20,200375,2,2,0,3,177,5400,21,12,2010,3,17,10,0,13,6,HUNTOON,FAIRLAWN,0,39.04391944,-95.743275000,0,12,6,0,2,2,1,0,5,1,0,1,0,0000000,17,12,17,18,17,49,0,0,0,1,0
20,200376,1,1,0,1,35,0,23,12,2010,5,99,99,0,4,4,132ND,,0,37.28846389,-96.979322220,0,23,0,0,1,1,4,0,2,3,0,3,0,0000000,21,36,21,44,88,88,0,0,0,1,0
20,200377,2,2,0,4,173,5880,23,12,2010,5,12,50,0,13,6,PAWNEE,,0,37.64991667,-97.333030560,0,12,6,0,8,1,1,0,1,1,0,1,0,0000000,99,99,99,99,99,99,0,0,0,1,1
20,200378,2,2,0,3,59,0,24,12,2010,6,17,20,1,1,1,I-35,,1870,38.61881389,-95.232497220,0,12,6,0,1,1,1,0,5,2,0,2,0,0000000,17,26,17,34,18,28,0,0,0,1,1
20,200379,1,1,0,4,91,4285,24,12,2010,6,14,4,0,14,6,NIEMAN,,0,38.96288056,-94.714422220,0,30,0,0,1,1,4,0,1,3,0,3,0,0000000,14,5,14,10,14,28,0,0,0,1,0
20,200380,1,1,0,1,41,0,26,12,2010,1,1,40,0,4,4,500,,0,38.62377778,-96.999577780,0,31,0,0,1,1,4,0,2,1,0,1,0,0000000,1,41,1,53,88,88,0,0,0,1,1
20,200381,2,2,0,3,89,3500,28,12,2010,3,11,10,1,2,2,US-36,,2089,39.78505833,-98.218202780,0,12,2,0,1,1,1,0,1,1,0,1,0,0000000,11,14,11,17,12,0,0,0,0,1,0
20,200382,1,1,1,1,177,5400,28,12,2010,3,7,20,0,13,6,29TH,OAKLEY,0,39.01505000,-95.716325000,0,8,0,0,3,2,1,0,1,1,0,1,0,0000000,7,21,7,31,88,88,0,0,0,1,1
20,200383,1,1,0,1,183,0,30,12,2010,5,18,30,0,6,6,190TH,,0,39.84360278,-98.604355560,0,32,0,0,1,1,4,0,5,1,0,1,0,0000000,20,26,20,33,88,88,0,0,0,1,1
20,200384,1,1,0,1,1,0,12,9,2010,1,2,0,0,6,6,GEORGIA,,0,37.81032778,-95.492563890,0,23,0,0,1,1,4,0,2,1,0,1,0,0000000,10,43,10,51,88,88,0,0,0,1,1
20,200385,2,2,0,2,91,5090,31,10,2010,1,11,10,1,2,3,SR-7,75TH,1600,38.99303889,-94.853211110,0,12,6,0,2,2,1,0,1,1,0,1,0,0000000,11,13,11,17,11,53,0,0,0,1,0
20,200386,3,3,0,7,1,2700,6,11,2010,7,16,50,0,3,6,1400,OREGON,0,37.95150833,-95.381927780,0,12,6,0,2,2,1,0,5,1,0,1,0,0000000,16,53,17,9,17,44,0,0,0,1,1
20,200387,1,1,1,2,169,4900,21,12,2010,3,0,10,1,1,1,I-135,,914,38.81510000,-97.634811110,0,8,0,0,1,1,1,0,2,1,0,1,0,0000000,0,12,0,20,0,36,0,0,0,1,0