STATE,ST_CASE,VE_TOTAL,VE_FORMS,PEDS,PERSONS,COUNTY,CITY,DAY,MONTH,YEAR,DAY_WEEK,HOUR,MINUTE,NHS,ROAD_FNC,ROUTE,TWAY_ID,TWAY_ID2,MILEPT,LATITUDE,LONGITUD,SP_JUR,HARM_EV,MAN_COLL,RELJCT1,RELJCT2,TYP_INT,REL_ROAD,WRK_ZONE,LGT_COND,WEATHER1,WEATHER2,WEATHER,SCH_BUS,RAIL,NOT_HOUR,NOT_MIN,ARR_HOUR,ARR_MIN,HOSP_HR,HOSP_MN,CF1,CF2,CF3,FATALS,DRUNK_DR
20,200388,1,1,0,1,155,0,11,2,2010,5,12,30,1,2,2,US-50,,2370,38.01510000,-97.974700000,0,21,0,0,1,1,4,0,1,1,0,1,0,0000000,12,36,12,39,88,88,0,0,0,1,0
21,210001,1,1,0,3,185,0,1,1,2010,6,2,55,0,6,4,WORTHINGTON LANE,,1,38.33354444,-85.548497220,0,42,0,0,1,1,4,0,3,10,0,10,0,0000000,2,59,3,12,3,41,0,0,0,1,1
21,210002,1,1,0,5,141,0,1,1,2010,6,4,16,0,3,2,US-79,,99999,36.74225556,-87.057036110,0,1,0,0,1,1,4,0,2,1,0,1,0,0000000,4,23,4,38,5,10,0,0,0,1,1
21,210003,1,1,0,2,195,0,1,1,2010,6,8,30,1,2,2,US-460,,230,37.37036111,-82.250561110,0,1,0,0,1,1,2,0,6,10,0,10,0,0000000,8,40,8,57,9,51,0,0,0,1,0
21,210004,2,2,0,3,209,0,2,1,2010,7,16,11,0,2,2,US-25,,8,38.16700556,-84.553872220,0,12,6,0,1,1,1,0,1,1,0,1,0,0000000,16,13,16,18,16,42,0,0,0,1,1
21,210005,1,1,0,1,195,2640,3,1,2010,1,18,12,1,13,2,US-23,,273,37.50094167,-82.532044440,0,31,0,0,1,1,4,0,5,1,0,1,0,0000000,18,14,18,18,18,31,0,0,0,1,0
21,210006,1,1,0,1,111,2090,4,1,2010,2,1,50,1,11,1,I-265 RAMP,,1,38.14760278,-85.544336110,0,35,0,1,5,1,4,0,3,1,0,1,0,0000000,99,99,99,99,88,88,0,0,0,1,0
21,210007,1,1,0,2,21,860,4,1,2010,2,2,50,0,6,5,POPPLEWELL RD,,0,37.61293889,-84.773769440,0,35,0,0,1,1,4,0,2,10,0,10,0,0000000,2,52,2,56,3,23,0,0,0,1,0
21,210008,2,2,0,6,199,0,4,1,2010,2,8,4,0,5,3,SR-2227,,12,37.10981111,-84.621730560,0,12,2,0,1,1,1,0,1,4,0,4,0,0000000,8,7,8,12,8,32,0,0,0,1,0
21,210009,2,2,0,2,151,3387,4,1,2010,2,21,18,0,3,3,SR-52,,217,37.71808056,-84.100255560,0,12,7,0,1,1,1,0,2,10,0,10,0,0000000,88,88,88,88,88,88,0,0,0,1,0
21,210010,2,2,0,2,151,0,5,1,2010,3,7,55,0,3,3,SR-52,,139,37.73932778,-84.233636110,0,12,2,0,1,1,1,0,1,11,0,11,0,0000000,7,58,8,5,99,99,0,0,0,1,0
21,210011,2,2,0,2,87,0,5,1,2010,3,9,5,0,5,3,SR-565,,7,37.20978889,-85.436638890,0,12,2,0,1,1,1,0,1,1,0,1,0,0000000,9,6,9,12,88,88,0,0,0,1,0
21,210012,1,1,0,1,9,0,4,1,2010,2,21,0,0,6,4,IRON MTN RD,,17,37.06870000,-86.033200000,0,42,0,0,1,1,4,0,2,10,0,10,0,0000000,21,3,21,21,22,25,0,0,0,1,0
21,210013,1,1,0,1,9,0,7,1,2010,5,15,39,0,6,4,HERBERT TURNER ROAD,,71,37.11638889,-86.000891670,0,42,0,0,1,1,4,0,1,4,0,4,0,0000000,15,39,15,49,88,88,0,0,0,1,0
21,210014,1,1,0,1,43,0,6,1,2010,4,12,27,1,1,1,I-64,,1600,38.32566667,-83.133244440,0,35,0,0,1,1,3,0,1,10,0,10,0,0000000,12,27,12,29,99,99,0,0,0,1,0
21,210015,1,1,1,1,199,0,6,1,2010,4,23,4,0,3,3,SR-90,,24,36.98618611,-84.631055560,0,8,0,0,1,1,1,0,2,1,0,1,0,0000000,23,10,23,18,23,51,0,0,0,1,0
21,210016,1,1,1,2,111,2090,8,1,2010,6,19,38,0,13,3,SR-61,,52,38.15487500,-85.695891670,0,8,0,0,1,1,1,0,2,4,0,4,0,0000000,19,38,19,47,20,22,0,0,0,1,0
21,210017,1,1,0,1,83,0,8,1,2010,6,19,45,0,5,3,SR-381,,26,36.53298611,-88.553325000,0,42,0,0,1,1,4,0,2,10,0,10,0,0000000,20,12,20,28,88,88,0,0,0,1,1
21,210018,2,2,0,3,227,350,10,1,2010,1,9,53,0,6,5,CAVE MILL RD,,1,36.94240556,-86.450150000,0,12,2,0,1,1,1,0,1,10,0,10,0,0000000,9,53,9,58,10,24,0,0,0,1,1
21,210019,2,2,0,4,235,0,12,1,2010,3,17,6,0,6,2,US-25,,369,36.90145000,-84.169863890,0,12,6,0,1,1,1,0,1,1,0,1,0,0000000,17,7,17,24,17,59,0,0,0,1,1
21,210020,2,2,0,2,37,0,13,1,2010,4,8,59,0,13,2,US-27,MIDWAY DR EAST,80,38.93657222,-84.394505560,0,12,6,0,2,3,1,0,1,1,0,1,0,0000000,8,59,9,4,9,27,0,0,0,1,0
21,210021,2,2,0,6,43,0,13,1,2010,4,15,18,1,2,3,SR-9,SR-7,113,38.45943611,-83.070202780,0,12,6,0,2,2,1,0,1,1,0,1,0,0000000,15,18,15,28,17,10,0,0,0,1,0
21,210022,1,1,0,1,51,0,13,1,2010,4,18,22,0,4,3,SR-11,,96,37.21788889,-83.788175000,0,35,0,0,1,1,4,0,2,1,0,1,0,0000000,18,25,18,32,88,88,0,0,0,1,1
21,210023,2,2,0,2,5,0,13,1,2010,4,18,22,1,2,2,US-127,,1,37.94433333,-84.869083330,0,12,6,0,4,1,1,0,5,1,0,1,0,0000000,18,22,18,29,18,50,0,0,0,1,0
21,210024,2,2,0,3,47,0,13,1,2010,4,19,20,0,4,3,SR-272,,77,36.86108056,-87.533311110,0,12,8,0,1,1,1,0,2,1,0,1,0,0000000,19,21,19,28,20,4,0,0,0,1,1
21,210025,2,2,0,2,125,0,14,1,2010,5,6,55,0,5,3,SR-1956,,90,37.15138889,-84.150166670,0,12,2,0,1,1,1,0,4,10,0,10,0,0000000,6,57,7,8,99,99,2,0,0,1,1
21,210026,2,2,0,2,125,0,14,1,2010,5,9,40,0,4,3,SR-490,,58,37.25202222,-84.094891670,0,12,6,0,1,1,1,0,1,1,0,1,0,0000000,9,42,9,55,88,88,0,0,0,1,0
21,210027,1,1,0,1,51,0,14,1,2010,5,19,49,0,4,3,SR-11,,13,37.03373333,-83.815900000,0,17,0,0,1,1,4,0,2,1,0,1,0,0000000,19,49,20,1,88,88,0,0,0,1,0
21,210028,1,1,1,4,93,0,15,1,2010,6,20,15,0,3,3,SR-1600,,58,37.74503056,-85.950077780,0,8,0,0,1,1,1,0,2,1,0,1,0,0000000,20,19,20,25,88,88,0,0,0,1,0
21,210029,2,2,0,2,239,0,17,1,2010,1,11,44,1,2,2,US-60,SR-1967,126,38.04386667,-84.656652780,0,12,6,0,2,2,1,0,1,2,0,2,0,0000000,11,44,11,50,88,88,0,0,0,1,0
21,210030,1,1,0,1,131,3687,17,1,2010,1,13,30,0,4,3,SR-80,,86,37.20018611,-83.288555560,0,24,0,0,1,1,4,0,1,2,0,2,0,0000000,99,99,99,99,88,88,0,0,0,1,0
21,210031,2,2,4,1,111,2090,17,1,2010,1,16,24,0,14,3,SR-146,,4,38.25344722,-85.612463890,0,8,0,0,1,1,1,0,2,2,0,2,0,0000000,99,99,99,99,99,99,19,0,0,2,0
21,210032,1,1,0,1,135,1133,18,1,2010,2,0,7,0,6,4,SHAWNEE BOTTOMS,,1,38.69100556,-83.051911110,0,10,0,0,6,1,1,0,2,10,0,10,0,229154x,0,7,0,16,88,88,0,0,0,1,1
21,210033,1,1,0,1,219,0,18,1,2010,2,5,0,0,6,4,MIMMS RD,ADAMS RD,6,36.73308889,-87.298350000,0,1,0,0,2,3,4,0,2,5,0,5,0,0000000,5,26,5,57,88,88,0,0,0,1,0
21,210034,3,3,0,3,67,1980,18,1,2010,2,12,55,0,14,2,US-25,,193,38.11716944,-84.521427780,0,12,2,0,1,1,1,0,1,1,0,1,0,0000000,12,56,13,4,13,31,0,0,0,1,0
21,210035,1,1,1,1,111,2090,5,1,2010,3,21,37,0,16,5,HUNSINGER LN,,1,38.21695833,-85.623922220,0,8,0,0,1,1,1,0,2,1,0,1,0,0000000,21,37,21,46,22,5,0,0,0,1,0
21,210036,4,4,0,4,67,1980,19,1,2010,3,23,15,1,12,3,SR-4,,166,37.99200278,-84.477697220,0,12,8,0,1,1,1,0,2,10,0,10,0,0000000,23,16,23,21,0,9,14,0,0,1,1
21,210037,2,2,0,5,239,3360,21,1,2010,5,7,20,0,14,3,SR-33,,128,38.03730833,-84.724866670,0,12,2,0,1,1,1,0,4,2,0,2,1,0000000,7,24,7,29,99,99,0,0,0,1,0
21,210038,1,1,0,1,185,1316,21,1,2010,5,8,58,0,13,2,US-42,,33,38.40652222,-85.566544440,0,30,0,0,1,1,4,0,1,2,0,2,0,0000000,9,1,9,5,88,88,0,0,0,1,0
21,210039,2,2,0,2,115,1374,21,1,2010,5,10,20,1,2,2,US-23,,6,37.74869444,-82.798119440,0,12,2,0,1,1,1,0,1,10,0,10,0,0000000,10,25,10,34,88,88,0,0,0,1,0
21,210040,2,2,0,4,19,0,17,1,2010,1,12,56,1,2,2,US-23,SR-757,59,38.32453889,-82.580625000,0,12,6,0,2,2,1,0,1,2,0,2,0,0000000,12,59,13,25,13,51,0,0,0,1,0
21,210041,1,1,0,2,13,2220,22,1,2010,6,15,7,0,15,3,SR-441,NAPIER DRIVE,36,36.63114722,-83.720025000,0,35,0,0,3,3,4,0,1,10,0,10,0,0000000,15,8,15,10,99,99,0,0,0,1,0
21,210042,1,1,0,3,77,0,23,1,2010,7,19,55,0,4,2,US-42,,102,38.77971389,-84.833680560,0,42,0,0,1,1,4,0,2,10,0,10,0,0000000,20,4,20,7,21,7,0,0,0,2,1
21,210043,2,2,0,2,59,0,26,1,2010,3,6,13,0,3,3,SR-54,,114,37.70008611,-86.927219440,0,12,6,0,1,1,1,0,4,4,0,4,0,0000000,99,99,7,13,7,50,0,0,0,1,0
21,210044,2,2,0,9,111,2090,26,1,2010,3,9,42,0,13,2,US-150,,14,38.24640556,-85.765541670,0,12,1,0,1,1,1,0,1,10,0,10,0,0000000,9,51,10,1,10,23,0,0,0,1,0
21,210045,1,1,0,2,109,0,7,1,2010,5,14,6,0,6,4,ZEKES POINT RD,,6,37.35190000,-83.889530560,0,42,0,0,1,1,4,0,1,4,0,4,0,0000000,14,7,14,26,99,99,0,0,0,1,0
21,210046,1,1,1,2,19,120,21,1,2010,5,7,5,0,6,5,BELLMONT ST.,,3,38.45936944,-82.631069440,0,8,0,0,1,1,1,0,3,10,0,10,0,0000000,7,10,7,14,7,24,0,0,0,1,0
21,210047,2,1,0,1,191,0,27,1,2010,4,8,45,0,5,3,SR-330,,103,38.65019167,-84.381266670,0,14,0,0,1,1,5,0,1,1,0,1,0,0000000,8,45,99,99,88,88,0,0,0,1,0
21,210048,1,1,0,1,193,0,19,1,2010,3,12,41,0,5,3,SR-451,,120,37.27825278,-83.299927780,0,3,0,0,1,1,5,0,1,1,0,1,0,0000000,12,41,13,4,88,88,0,0,0,1,0
21,210049,1,1,0,2,145,0,28,1,2010,5,22,2,0,5,3,SR-1954,SR-3075,31,37.00791667,-88.596752780,0,59,0,0,3,3,4,0,2,10,0,10,0,0000000,22,5,22,9,88,88,0,0,0,2,1
21,210050,2,2,0,3,125,0,27,1,2010,4,13,20,0,14,2,US-25,,155,37.14985000,-84.103861110,0,12,6,0,8,1,1,0,1,1,0,1,0,0000000,13,38,13,45,14,23,0,0,0,1,0
21,210051,2,2,0,2,67,1980,31,1,2010,1,8,35,0,5,3,SR-1681,,18,38.08775556,-84.596786110,0,12,1,0,1,1,1,0,1,1,0,1,0,0000000,8,38,8,48,9,13,23,0,0,1,1
21,210052,1,1,0,2,217,0,26,1,2010,3,11,32,0,5,3,SR-569,,14,37.40401667,-85.504661110,0,42,0,0,1,1,4,0,1,4,0,4,0,0000000,11,35,11,45,99,99,0,0,0,1,0
21,210053,2,2,0,3,121,0,23,1,2010,7,18,12,1,2,2,US-25E,J GOODIN BRANCH RD,69,36.87138056,-83.832163890,0,12,6,0,2,2,1,0,2,10,0,10,0,0000000,18,14,18,16,18,58,0,0,0,1,0
21,210054,2,2,0,2,39,0,9,1,2010,7,8,20,0,4,3,SR-80,,113,36.79890833,-88.867636110,0,12,2,0,1,1,1,0,1,1,0,1,0,0000000,8,30,8,40,9,30,0,0,0,1,1
21,210055,2,2,0,2,133,1712,2,2,2010,3,12,31,1,2,3,SR-15,,75,37.16715556,-82.876697220,0,12,6,0,1,1,1,0,1,2,10,2,0,0000000,99,99,99,99,88,88,0,0,0,1,0
21,210056,1,1,1,1,215,3240,3,2,2010,4,10,21,0,3,3,SR-44,JEFFERSON ST.,89,38.03129167,-85.342933330,0,8,0,0,3,2,1,0,1,10,0,10,0,0000000,88,88,88,88,88,88,0,0,0,1,0
21,210057,2,2,0,2,199,0,5,2,2010,6,7,33,0,2,3,SR-461,TOMMY RD,22,37.18514167,-84.473361110,0,12,8,0,3,3,1,0,4,2,10,2,0,0000000,7,36,7,50,8,29,0,0,0,1,0
21,210058,2,2,0,2,19,0,5,2,2010,6,12,18,1,2,2,US-23,CARDINAL ROAD,29,38.28120278,-82.581502780,0,12,6,0,2,2,1,0,1,2,10,2,0,0000000,12,21,12,32,88,88,0,0,0,1,0
21,210059,1,1,0,3,107,0,7,2,2010,1,18,29,0,5,3,SR-254,,83,37.42039444,-87.410188890,0,35,0,0,1,1,4,0,2,10,0,10,0,0000000,18,33,18,47,19,20,0,0,0,1,0
21,210060,1,1,0,1,43,0,11,2,2010,5,12,25,0,6,4,BEGO LN,,0,38.25623611,-83.275305560,0,21,0,0,1,1,4,0,1,10,0,10,0,0000000,12,26,12,35,88,88,0,0,0,1,1
21,210061,1,1,0,1,101,0,13,2,2010,7,3,51,1,2,8,EB-9004,,723,37.73311944,-87.519836110,0,52,0,0,1,1,3,0,2,1,0,1,0,0000000,3,54,4,9,4,26,0,0,0,1,1
21,210062,1,1,0,2,107,0,14,2,2010,1,3,25,1,2,8,WK-9001,,406,37.21279722,-87.403105560,0,52,0,0,1,1,3,0,2,10,0,10,0,0000000,3,27,3,42,4,10,0,0,0,1,0
21,210063,1,1,0,1,155,0,15,2,2010,2,14,6,0,6,4,POPES CREEK RD,,40,37.51721389,-85.189619440,0,1,0,0,1,1,4,0,1,10,0,10,0,0000000,14,9,14,21,88,88,0,0,0,1,0
21,210064,2,2,0,2,151,0,16,2,2010,3,14,14,0,3,2,US-421,,55,37.58278056,-84.210977780,0,12,2,0,1,1,1,0,1,10,0,10,0,0000000,14,14,14,24,88,88,0,0,0,1,1
21,210065,1,1,0,3,49,0,16,2,2010,3,15,26,0,3,2,US-60,,37,38.00928333,-84.216641670,0,30,0,0,1,1,4,0,1,11,7,11,0,0000000,99,99,99,99,99,99,0,0,0,1,0
21,210066,2,2,0,2,13,2220,15,2,2010,2,16,30,0,15,3,SR-2079,22ND STREET,14,36.60441667,-83.717063890,0,12,6,0,2,2,1,0,1,4,0,4,0,0000000,16,31,16,32,16,44,0,0,0,1,0
21,210067,1,1,0,2,227,0,17,2,2010,4,2,26,1,1,1,I-65,,360,37.03555000,-86.236025000,0,42,0,0,1,1,4,0,3,1,0,1,0,0000000,2,33,2,42,88,88,0,0,0,1,0
21,210068,2,2,0,2,47,2455,16,2,2010,3,13,34,0,14,3,SR-115,SR-400,2,36.64103056,-87.414305560,0,12,6,0,2,3,1,0,1,1,0,1,0,0000000,13,37,13,42,88,88,0,0,0,1,1
21,210069,3,3,0,4,145,0,12,2,2010,6,13,10,0,13,2,US-60,,179,37.04673333,-88.557616670,0,12,6,0,4,1,1,0,1,10,0,10,0,0000000,13,14,13,26,13,50,0,0,0,1,0
21,210070,2,1,0,3,213,0,12,2,2010,6,5,3,1,1,1,I-65 RAMP #6 NB,,1,36.71680278,-86.520852780,0,14,0,1,5,1,2,0,3,10,0,10,0,0000000,5,7,5,13,88,88,0,0,0,1,1
21,210071,1,1,0,2,145,0,19,2,2010,6,10,3,0,6,4,HENDRON ROAD,,7,37.02740556,-88.634830560,0,34,0,0,1,1,4,0,1,1,0,1,0,0000000,10,6,10,15,10,31,0,0,0,1,1
21,210072,2,2,0,5,107,2450,20,2,2010,7,4,29,0,4,2,US-62,US-41,153,37.19221944,-87.441730560,0,12,6,1,2,2,1,0,3,1,0,1,0,0000000,4,36,5,2,5,36,20,0,0,1,1
21,210073,1,1,0,1,17,0,21,2,2010,1,21,10,0,5,3,SR-1939,,100,38.19650556,-84.315347220,0,42,0,0,1,1,4,0,2,1,0,1,0,0000000,21,15,21,21,22,34,0,0,0,1,1
21,210074,1,1,1,1,59,2490,19,2,2010,6,23,50,1,13,2,US-60,,111,37.77190278,-87.147544440,0,8,0,0,1,1,1,0,3,1,0,1,0,0000000,23,55,23,56,99,99,0,0,0,1,0
21,210075,1,1,0,2,195,0,27,2,2010,7,0,26,0,5,3,SR-194,,416,37.42961389,-82.235841670,0,50,0,0,1,1,4,0,2,4,0,4,0,0000000,0,30,1,4,2,4,0,0,0,1,1
21,210076,1,1,1,2,111,2090,28,2,2010,1,1,50,0,16,5,INDIAN TRAIL EAST,,10,38.17073333,-85.687136110,0,8,0,0,1,1,1,0,3,1,0,1,0,0000000,1,51,1,53,88,88,0,0,0,1,0
21,210077,1,1,0,5,93,0,28,2,2010,1,4,25,1,13,2,US-31W,,335,37.94937500,-85.995997220,0,25,0,0,1,1,4,0,2,10,0,10,0,0000000,4,30,4,46,5,40,0,0,0,3,1
21,210078,2,2,0,2,111,2090,23,2,2010,3,19,3,0,14,3,SR-907,,58,38.14224444,-85.779491670,0,12,1,0,1,1,1,0,2,10,0,10,0,0000000,99,99,99,99,99,99,0,0,0,1,0
21,210079,2,2,0,4,111,2090,1,2,2010,2,17,21,0,15,3,SR-2055,,17,38.10038889,-85.750094440,0,12,2,0,1,1,1,0,1,1,0,1,0,0000000,17,21,17,35,99,99,0,0,0,1,0
21,210080,1,1,0,1,235,3580,18,2,2010,5,14,17,0,14,2,US-25W,,123,36.73086944,-84.155875000,0,42,0,0,1,1,4,0,1,1,0,1,0,0000000,14,33,14,40,88,88,0,0,0,1,0
21,210081,1,1,0,1,67,1980,19,2,2010,6,8,7,1,12,3,SR-4,,82,38.07444722,-84.500227780,0,42,0,0,1,1,4,0,4,1,0,1,0,0000000,8,9,8,12,8,38,0,0,0,1,0
21,210082,2,2,0,4,13,2650,31,1,2010,1,14,25,1,2,2,US-119,,17,36.73021667,-83.666125000,0,12,2,0,1,1,1,0,1,10,0,10,0,0000000,14,25,14,29,15,2,0,0,0,1,0
21,210083,1,1,0,2,29,0,16,1,2010,7,5,56,1,11,1,I-65 SB,,1223,38.06671111,-85.699583330,0,1,0,0,1,1,1,0,2,10,0,10,0,0000000,5,58,6,9,99,99,0,0,0,1,0
21,210084,3,3,0,7,9,0,27,2,2010,7,13,55,0,3,3,SR-90,,43,37.06860278,-85.961880560,0,12,1,0,1,1,1,0,1,10,0,10,0,0000000,13,55,14,0,14,43,0,0,0,1,0
21,210085,3,3,0,6,211,2980,26,2,2010,6,7,26,1,1,1,I-64,,320,38.19316667,-85.275750000,0,12,6,0,1,1,1,0,1,1,0,1,0,0000000,7,26,7,32,7,46,0,0,0,1,0
21,210086,2,2,0,2,43,0,15,2,2010,2,12,47,1,1,1,I-64,,1540,38.31957222,-83.235597220,0,12,1,0,1,1,1,0,1,4,0,4,0,0000000,12,52,12,57,13,32,0,0,0,1,0
21,210087,1,1,0,1,43,0,19,1,2010,3,14,29,0,6,3,SR-1947,US-60,0,38.33100278,-82.993522220,0,35,0,0,3,1,4,0,1,1,0,1,0,0000000,14,34,14,37,88,88,0,0,0,1,0
21,210088,1,1,0,1,195,26,26,1,2010,3,10,40,0,5,3,SR-292,,0,37.62368056,-82.207175000,0,42,0,0,1,1,4,0,1,10,0,10,0,0000000,10,47,11,5,11,25,0,0,0,1,1
21,210089,1,1,0,3,27,0,9,1,2010,7,3,22,0,16,5,TAR SPRINGS RD,,8,37.80001944,-86.628569440,0,1,0,0,1,1,4,0,2,10,0,10,0,0000000,3,22,3,35,4,10,0,0,0,1,1
21,210090,1,1,0,4,199,460,17,2,2010,4,23,38,1,13,2,US-27,LOST LODGE ROAD,103,36.90344167,-84.504175000,0,31,0,0,3,2,4,0,3,1,0,1,0,0000000,23,38,23,48,0,4,0,0,0,1,0
21,210091,3,3,0,6,81,940,12,2,2010,6,15,46,0,3,2,US-25,BUSINESS BLVD,150,38.68394722,-84.580608330,0,12,6,0,2,3,1,0,1,1,0,1,0,0000000,15,49,15,54,16,24,0,0,0,1,0
21,210092,1,1,0,2,183,0,20,2,2010,7,22,0,1,2,3,SR-9001 WK PKWAY,,680,37.33628333,-86.950091670,0,1,0,0,1,1,1,0,2,1,0,1,0,0000000,22,4,22,21,0,14,0,0,0,1,1
21,210093,2,2,0,2,171,0,1,3,2010,2,16,18,0,5,3,SR-100,SR-98,3,36.71838333,-85.973252780,0,12,6,0,3,3,1,0,1,1,0,1,0,0000000,16,18,16,41,17,40,0,0,0,1,0
21,210094,2,2,0,4,63,0,2,3,2010,3,18,20,0,3,3,SR-7,,121,38.13499444,-83.075094440,0,12,2,0,1,1,1,0,2,10,0,10,0,0000000,18,23,18,32,99,99,0,0,0,1,0
21,210095,1,1,0,4,125,0,4,3,2010,5,7,31,0,4,3,SR-490,,58,37.25222778,-84.095105560,0,34,0,0,1,1,4,0,4,10,0,10,0,0000000,7,33,7,45,8,23,0,0,0,1,0
21,210096,2,2,0,4,73,0,5,3,2010,6,0,24,1,1,1,I-64E,,518,38.15804722,-84.899897220,0,12,1,0,1,1,1,0,2,1,0,1,0,0000000,0,26,0,36,1,8,19,0,0,1,0
21,210097,2,2,0,4,79,1890,7,3,2010,1,13,15,1,2,2,US-27,SR-39,21,37.60661667,-84.580222220,0,12,6,0,2,2,1,0,1,1,0,1,0,0000000,13,17,13,19,13,58,0,0,0,1,0
21,210098,2,2,0,2,235,0,8,3,2010,2,22,44,1,11,1,I-75,,262,36.93435278,-84.125619440,0,12,1,0,1,1,1,0,2,1,0,1,0,0000000,22,46,22,53,88,88,0,0,0,1,0
21,210099,2,2,0,3,137,0,10,3,2010,4,7,59,1,2,2,US-127,SR-2141,41,37.46521944,-84.821277780,0,12,6,0,2,2,1,0,1,10,0,10,0,0000000,7,59,8,2,8,22,0,0,0,1,0
21,210100,1,1,0,1,111,2090,10,3,2010,4,8,45,1,13,2,US-31E,,101,38.19040000,-85.648855560,0,1,0,0,1,1,3,0,1,10,0,10,0,0000000,8,45,8,47,9,12,0,0,0,1,0
21,210101,2,2,0,2,93,2724,11,3,2010,5,6,50,1,13,2,US-31W,ENDEAVOR WAY,245,37.79610278,-85.915661110,0,12,6,0,2,3,1,0,4,10,0,10,0,0000000,6,51,6,57,7,10,0,0,0,1,0
21,210102,2,2,0,3,51,0,11,3,2010,5,19,55,0,4,3,SR-11,,103,37.23388056,-83.749466670,0,12,2,0,1,1,1,0,2,10,0,10,0,0000000,19,57,20,2,20,32,0,0,0,2,1
21,210103,1,1,0,1,173,0,6,3,2010,7,17,9,0,16,4,DOUBLE GATE RD,,1,37.99359167,-83.803238890,0,38,0,0,1,1,4,0,1,1,0,1,0,0000000,17,10,17,31,18,18,0,0,0,1,0
21,210104,2,2,0,2,15,3400,12,3,2010,6,0,20,0,14,2,US-25,,25,38.88545556,-84.601291670,0,12,6,0,8,1,1,0,2,10,0,10,0,0000000,0,27,0,34,1,3,0,0,0,1,1
21,210105,1,1,0,2,67,1980,11,3,2010,5,15,10,0,2,2,US-25,,187,38.10008333,-84.514088890,0,59,0,0,1,1,3,0,1,1,0,1,0,0000000,15,14,15,20,15,40,0,0,0,1,0
21,210106,1,1,1,1,59,2621,6,3,2010,7,18,10,0,16,4,OLD KY-54,,49,37.73108056,-86.984252780,0,8,0,0,1,1,1,0,5,1,0,1,0,0000000,18,17,18,25,18,37,0,0,0,1,0
21,210107,1,1,0,3,145,0,13,3,2010,7,12,42,1,2,2,US-60,,94,37.07219722,-88.700266670,0,1,0,0,1,1,3,0,1,10,0,10,0,0000000,12,44,12,48,99,99,0,0,0,1,0
21,210108,3,3,0,4,169,0,14,3,2010,1,16,52,0,4,2,US-68,,20,36.99874722,-85.699838890,0,12,6,0,1,1,1,0,1,10,0,10,0,0000000,16,52,16,56,17,24,0,0,0,1,0
21,210109,1,1,0,2,145,0,17,3,2010,4,20,8,0,4,2,US-62,,41,37.02037222,-88.784080560,0,11,0,0,1,1,1,0,2,10,0,10,0,0000000,20,10,20,21,20,48,0,0,0,1,0
21,210110,1,1,0,1,111,2090,19,3,2010,6,0,47,0,13,2,US-150,DIXIE HWY,10,38.24893333,-85.782038890,0,31,0,0,3,3,4,0,3,1,0,1,0,0000000,0,47,0,52,88,88,0,0,0,1,0
21,210111,1,1,0,1,219,0,19,3,2010,6,12,5,0,6,3,SR-890,,36,37.03335833,-87.168961110,0,1,0,0,1,1,4,0,1,1,0,1,0,0000000,12,12,13,17,13,24,0,0,0,1,0
21,210112,2,2,0,4,9,1310,17,3,2010,4,19,28,0,14,3,SR-3160,,8,37.02486111,-85.934244440,0,12,2,0,1,1,1,0,2,10,0,10,0,0000000,19,33,19,37,20,7,0,0,0,1,1
21,210113,2,2,0,3,67,1980,18,3,2010,5,18,44,0,13,2,US-68,DOGWOOD TRACE BLVD,2,37.98993889,-84.590841670,0,12,2,0,2,2,1,0,1,1,0,1,0,0000000,18,45,18,54,19,18,0,0,0,1,0
21,210114,1,1,0,1,111,2090,25,3,2010,5,5,38,1,11,1,I-64,,138,38.22439167,-85.582980560,0,25,0,0,1,1,3,0,3,10,0,10,0,0000000,5,38,5,40,88,88,0,0,0,1,0
21,210115,1,1,0,1,117,817,6,3,2010,7,21,39,1,11,1,I-275,,811,39.02578611,-84.549922220,0,52,0,0,1,1,4,0,3,1,0,1,0,0000000,21,39,21,50,22,40,0,0,0,1,0
21,210116,2,2,0,13,99,0,26,3,2010,6,5,17,1,1,1,I-65,,614,37.24915278,-85.925402780,0,57,0,0,1,1,3,0,2,1,0,1,0,0000000,5,18,5,29,6,49,0,0,0,11,0
21,210117,2,1,0,1,117,1170,26,3,2010,6,22,21,1,11,1,I-75,,1869,39.05111944,-84.563183330,0,14,0,0,1,1,2,0,3,10,0,10,0,0000000,99,99,99,99,99,99,0,0,0,1,0
21,210118,1,1,0,2,121,1328,26,3,2010,6,23,39,0,2,2,US-25,,221,36.94608611,-84.000863890,0,35,0,0,1,1,4,0,2,1,0,1,0,0000000,23,39,23,44,0,28,0,0,0,1,1
21,210119,1,1,0,1,73,0,27,3,2010,7,7,23,0,16,4,OLD LAWRENCEBURG RD,,3,38.14096944,-84.898138890,0,42,0,0,1,1,4,0,2,10,0,10,0,0000000,7,26,7,32,88,88,0,0,0,1,1
21,210120,1,1,0,1,111,2090,27,3,2010,7,1,30,0,14,3,SR-1020,,87,38.19416111,-85.766691670,0,31,0,0,1,1,4,0,3,1,0,1,0,0000000,99,99,99,99,88,88,0,0,0,1,1
21,210121,2,2,0,2,45,0,27,3,2010,7,12,44,0,4,3,SR-49,,56,37.36824722,-84.963025000,0,12,1,0,1,1,1,0,1,1,0,1,0,0000000,12,44,12,56,99,99,0,0,0,1,0