STATE,ST_CASE,VE_TOTAL,VE_FORMS,PEDS,PERSONS,COUNTY,CITY,DAY,MONTH,YEAR,DAY_WEEK,HOUR,MINUTE,NHS,ROAD_FNC,ROUTE,TWAY_ID,TWAY_ID2,MILEPT,LATITUDE,LONGITUD,SP_JUR,HARM_EV,MAN_COLL,RELJCT1,RELJCT2,TYP_INT,REL_ROAD,WRK_ZONE,LGT_COND,WEATHER1,WEATHER2,WEATHER,SCH_BUS,RAIL,NOT_HOUR,NOT_MIN,ARR_HOUR,ARR_MIN,HOSP_HR,HOSP_MN,CF1,CF2,CF3,FATALS,DRUNK_DR
21,210122,2,2,0,2,195,0,27,3,2010,7,16,25,0,4,3,SR-122,,98,37.38676389,-82.550066670,0,12,6,0,1,1,1,0,1,1,0,1,0,0000000,16,27,16,34,88,88,0,0,0,2,0
21,210123,1,1,0,2,185,0,27,3,2010,7,17,3,0,6,3,SR-524,,88,38.50542778,-85.399433330,0,1,0,0,1,1,2,0,1,1,0,1,0,0000000,17,3,17,21,88,88,0,0,0,1,0
21,210124,1,1,0,3,239,0,27,3,2010,7,23,54,0,16,4,DRY RIDGE RD,,24,38.01083889,-84.683605560,0,42,0,0,1,1,4,0,2,10,0,10,0,0000000,23,56,0,7,0,47,0,0,0,2,0
21,210125,1,1,0,1,113,2410,28,3,2010,1,0,19,0,14,2,US-27,,38,37.90204167,-84.563819440,0,33,0,0,1,1,4,0,3,10,0,10,0,0000000,0,21,0,22,88,88,0,0,0,1,1
21,210126,1,1,1,1,11,2860,28,3,2010,1,20,48,0,4,2,US-60,,181,38.12935833,-83.584972220,0,8,0,0,1,1,1,0,2,1,0,1,0,0000000,20,48,20,55,88,88,0,0,0,1,0
21,210127,1,1,0,2,103,517,28,3,2010,1,22,48,1,1,1,I-71,,333,38.51721389,-85.235925000,0,21,0,0,1,1,3,0,2,6,10,6,0,0000000,22,53,23,2,88,88,0,0,0,1,1
21,210128,1,1,2,1,195,2341,29,3,2010,2,8,33,0,4,3,SR-1499,US-460,0,37.38264167,-82.254897220,0,8,0,0,3,3,4,0,1,10,0,10,0,0000000,8,40,8,52,99,99,0,0,0,2,0
21,210129,2,2,0,3,207,0,30,3,2010,3,20,21,0,4,3,SR-379,,139,36.98551667,-85.140611110,0,12,6,0,1,1,1,0,2,1,0,1,0,0000000,20,23,20,32,20,57,0,0,0,1,1
21,210130,1,1,0,2,227,0,11,3,2010,5,9,59,0,16,4,MEMPHIS JUNCTION RD,,9,36.93637778,-86.482830560,0,30,0,0,1,1,4,0,1,10,0,10,0,0000000,10,1,10,4,10,38,0,0,0,1,0
21,210131,3,3,0,3,151,0,31,3,2010,4,6,38,0,5,3,SR-1016,,30,37.60416944,-84.243463890,0,12,2,0,1,1,1,0,2,10,0,10,0,0000000,6,39,6,45,99,99,14,0,0,1,0
21,210132,1,1,0,3,95,2571,31,3,2010,4,14,20,0,5,3,SR-72,,31,36.73654444,-83.426741670,0,35,0,0,1,1,4,0,1,1,0,1,0,0000000,14,31,14,54,15,44,0,0,0,1,0
21,210133,2,2,0,2,81,3590,19,3,2010,6,16,12,0,4,2,US-25,,89,38.59996944,-84.578461110,0,12,2,0,1,1,1,0,1,1,0,1,0,0000000,16,13,16,20,16,41,0,0,0,1,0
21,210135,2,2,0,4,81,0,25,3,2010,5,20,41,0,4,3,SR-36,SR-330,211,38.54158611,-84.515761110,0,12,6,0,2,3,1,0,2,2,0,2,0,0000000,20,43,21,18,21,27,0,0,0,1,0
21,210136,1,1,1,2,37,3110,28,3,2010,1,22,26,1,5,2,US-27,,202,39.07397778,-84.474263890,0,8,0,0,1,1,1,0,3,2,0,2,0,0000000,22,26,22,28,22,40,0,0,0,1,0
21,210137,2,2,0,3,157,0,26,3,2010,6,18,53,0,4,2,US-62,,27,37.00577500,-88.433847220,0,12,1,0,1,1,1,0,1,1,0,1,0,0000000,18,53,19,0,19,39,0,0,0,1,0
21,210138,2,2,0,3,29,0,16,3,2010,3,14,36,0,3,3,SR-61,,62,37.86763889,-85.712500000,0,12,2,0,1,1,1,0,1,10,0,10,0,0000000,14,38,14,49,99,99,0,0,0,1,0
21,210139,3,3,0,4,29,1572,27,3,2010,7,20,20,1,1,1,I-65,,1223,38.06684444,-85.699583330,0,12,7,0,1,1,1,0,2,1,0,1,0,0000000,21,20,99,99,88,88,0,0,0,1,1
21,210140,2,2,0,3,59,2490,10,3,2010,4,18,32,1,13,2,US-60,,161,37.78843333,-87.063775000,0,12,2,0,1,1,1,0,5,1,0,1,0,0000000,99,99,99,99,99,99,0,0,0,1,0
21,210141,1,1,0,1,73,0,18,3,2010,5,2,34,0,5,3,SR-1689,,10,38.21721111,-84.797716670,0,38,0,0,1,1,4,0,2,1,0,1,0,0000000,2,45,3,0,3,53,0,0,0,1,1
21,210142,1,1,0,1,25,0,8,2,2010,2,3,40,0,4,3,SR-28,,50,37.35139722,-83.483091670,0,35,0,0,1,1,4,0,2,1,0,1,0,0000000,3,40,4,14,5,52,0,0,0,1,1
21,210143,5,5,0,6,209,1280,3,4,2010,7,16,43,0,14,2,US-460,,79,38.19636944,-84.584297220,0,7,0,0,1,1,4,0,1,1,0,1,0,0000000,16,43,16,47,18,24,0,0,0,1,1
21,210144,2,2,0,6,47,0,2,4,2010,6,22,12,1,1,1,I-24,,933,36.68769444,-87.423363890,0,12,1,0,1,1,1,0,2,1,0,1,0,0000000,22,13,22,21,23,7,0,0,0,1,1
21,210145,1,1,1,1,111,2090,4,4,2010,1,2,30,0,16,6,BROADWAY WEST,,2,38.24802222,-85.780477780,0,8,0,0,1,1,1,0,3,1,0,1,0,0000000,2,32,2,37,88,88,0,0,0,1,0
21,210146,1,1,0,2,177,0,4,4,2010,1,18,45,0,6,4,HUNT ROAD,,1,37.10344444,-86.921016670,0,1,0,0,1,1,4,0,1,1,0,1,0,0000000,18,46,19,10,19,44,0,0,0,1,1
21,210147,2,2,0,2,67,1980,5,4,2010,2,6,32,0,4,3,SR-57,,92,38.07782500,-84.303075000,0,12,2,0,1,1,1,0,4,10,0,10,0,0000000,6,34,6,51,7,18,0,0,0,1,1
21,210148,1,1,0,1,9,1310,6,4,2010,3,23,48,0,16,5,SCOTTIE DRIVE,,4,37.00848889,-85.885919440,0,42,0,0,1,1,4,1,2,1,0,1,0,0000000,23,50,23,58,88,88,0,0,0,1,0
21,210149,1,1,0,1,77,3420,7,4,2010,4,2,29,0,4,2,US-42,,125,38.78603611,-84.805225000,0,35,0,0,1,1,4,0,2,10,0,10,0,0000000,99,99,99,99,88,88,0,0,0,1,1
21,210150,2,2,0,5,129,0,7,4,2010,4,10,0,0,3,3,SR-11,,22,37.54661944,-83.725347220,0,34,0,0,1,1,4,0,1,1,0,1,0,0000000,10,8,10,11,88,88,0,0,0,4,0
21,210151,1,1,0,2,127,0,7,4,2010,4,19,14,0,4,3,SR-3,,32,37.98371667,-82.536550000,0,42,0,0,1,1,4,0,1,1,0,1,0,0000000,19,15,19,33,99,99,0,0,0,1,1
21,210152,2,2,0,2,145,2520,6,4,2010,3,13,10,0,14,3,SR-284,BETHEL ST.,4,37.05255833,-88.575938890,0,12,6,0,2,3,1,0,1,1,0,1,0,0000000,13,16,13,20,13,46,0,0,0,1,0
21,210153,1,1,0,2,97,0,8,4,2010,5,8,35,0,3,2,US-62,,32,38.31512778,-84.375000000,0,1,0,0,1,1,4,0,1,2,0,2,0,0000000,8,47,8,56,9,37,0,0,0,1,0
21,210154,1,1,0,1,67,1980,8,4,2010,5,16,5,0,16,6,MAN O WAR BLVD,OSBOURN WAY,0,37.96991389,-84.511041670,0,30,0,0,3,3,4,0,1,1,0,1,0,0000000,16,6,16,11,88,88,0,0,0,1,0
21,210155,2,2,0,3,219,0,8,4,2010,5,19,23,0,6,4,OLD RAILROAD LANE,,13,36.66659444,-87.169819440,0,12,1,0,1,1,1,0,2,1,0,1,0,0000000,19,24,19,36,20,5,0,0,0,1,1
21,210156,2,2,0,2,113,2410,9,4,2010,6,12,55,1,13,2,US-27,,132,37.93691944,-84.547991670,0,12,2,0,1,1,1,0,1,1,0,1,0,0000000,12,58,13,2,13,36,0,0,0,1,0
21,210157,2,2,0,7,15,0,9,4,2010,6,19,52,0,4,3,SR-14,,67,38.84435278,-84.634766670,0,12,2,0,1,1,1,0,1,1,0,1,0,0000000,19,52,20,2,20,46,0,0,0,2,1
21,210158,1,1,0,1,195,0,10,4,2010,7,9,57,0,4,3,SR-80,,10,37.31799167,-82.364330560,0,35,0,0,1,1,4,0,1,1,0,1,0,0000000,9,58,10,7,88,88,0,0,0,1,0
21,210159,1,1,0,1,137,0,10,4,2010,7,12,37,0,5,3,SR-618,,29,37.36742778,-84.487094440,0,1,0,0,1,1,4,0,1,1,0,1,0,0000000,13,0,13,19,88,88,0,0,0,1,0
21,210160,1,1,1,1,95,0,10,4,2010,7,20,45,0,5,3,SR-840,,32,36.85002500,-83.347436110,0,8,0,0,1,1,1,0,2,1,0,1,0,0000000,20,49,20,56,21,34,0,0,0,1,0
21,210161,1,1,0,5,73,0,11,4,2010,1,8,53,1,1,1,I-64,,594,38.16763056,-84.759736110,0,1,0,0,1,1,3,0,1,1,0,1,0,0000000,8,53,9,0,9,28,0,0,0,1,0
21,210163,3,3,0,4,9,0,10,4,2010,7,10,20,0,5,3,SR-249,,83,36.86640278,-85.924244440,0,12,7,0,1,1,1,0,1,1,0,1,0,0000000,10,20,10,29,11,1,0,0,0,1,0
21,210164,1,1,1,1,111,2090,2,4,2010,6,4,47,0,15,3,SR-2051,,41,38.20244167,-85.853905560,0,9,0,0,1,1,1,0,2,10,0,10,0,0000000,4,48,4,54,5,51,0,0,0,1,1
21,210165,1,1,0,1,125,0,11,4,2010,1,16,39,0,5,3,SR-312,,20,37.00193611,-84.163813890,0,42,0,0,1,1,4,0,1,1,0,1,0,0000000,16,40,16,55,18,0,0,0,0,1,1
21,210166,1,1,0,2,9,0,14,4,2010,4,0,37,0,4,3,SR-63,,108,36.93373611,-85.877208330,0,35,0,0,1,1,4,0,2,1,0,1,0,0000000,1,0,1,10,88,88,0,0,0,1,1
21,210167,1,1,1,1,139,1927,14,4,2010,4,20,48,0,2,2,US-60,,4,37.03976389,-88.525172220,0,8,0,0,1,1,1,0,2,1,0,1,0,0000000,20,49,21,0,88,88,0,0,0,1,0
21,210168,1,1,0,1,25,0,14,4,2010,4,17,0,0,6,5,PRESS HOWARD FORK,,5,37.53532222,-83.234052780,0,42,0,0,1,1,4,0,1,10,0,10,0,0000000,99,99,99,99,99,99,0,0,0,1,0
21,210169,2,2,0,2,233,0,16,4,2010,6,11,16,0,4,3,SR-120,,6,37.39303889,-87.831272220,0,12,2,0,1,1,1,0,1,1,0,1,0,0000000,11,20,11,35,12,21,0,0,0,1,0
21,210170,2,2,0,3,111,1740,14,4,2010,4,21,36,0,13,3,SR-155,,116,38.21663889,-85.593752780,0,12,6,0,1,1,1,0,2,1,0,1,0,0000000,21,37,21,38,21,59,0,0,0,1,0
21,210171,2,2,0,3,175,0,19,4,2010,2,15,10,0,3,3,SR-519,,46,37.98080833,-83.335075000,0,12,8,0,1,1,1,0,1,1,0,1,0,0000000,15,13,15,25,16,1,0,0,0,1,1
21,210172,2,2,0,2,111,1740,1,4,2010,5,20,39,1,11,1,I-265,,264,38.23356111,-85.504488890,0,12,1,0,1,1,1,0,2,1,0,1,0,0000000,20,39,20,45,99,99,0,0,0,1,0
21,210173,3,2,0,3,89,2800,20,4,2010,3,14,38,1,13,2,US-23,,15,38.51677778,-82.684222220,0,12,6,0,1,1,1,0,1,1,0,1,0,0000000,14,44,14,50,15,15,14,0,0,1,0
21,210174,1,1,0,1,179,0,10,4,2010,7,1,30,0,4,2,US-62,,298,37.89639444,-85.264033330,0,42,0,0,1,1,4,0,2,1,0,1,0,0000000,1,34,1,55,88,88,0,0,0,1,1
21,210175,1,1,1,4,233,0,21,4,2010,4,3,55,1,2,8,EB-9004,,647,37.63564444,-87.509880560,0,8,0,0,1,1,1,0,2,1,0,1,0,0000000,3,57,4,27,88,88,19,0,0,1,1
21,210176,1,1,0,1,111,2090,23,4,2010,6,2,40,1,11,1,I-264 EB,,120,38.19077222,-85.716705560,0,18,0,0,1,1,2,1,3,2,0,2,0,0000000,99,99,99,99,88,88,0,0,0,1,1
21,210177,2,1,0,1,239,0,23,4,2010,6,12,15,0,6,5,HUNTERTOWN RD,,5,38.04126389,-84.713452780,0,31,0,0,1,1,4,0,1,10,0,10,0,0000000,12,16,12,20,88,88,0,0,0,1,1
21,210178,1,1,0,1,125,0,24,4,2010,7,9,50,0,4,3,SR-312,,42,37.00097500,-84.165402780,0,42,0,0,1,1,4,0,1,10,0,10,0,0000000,9,53,10,5,88,88,0,0,0,1,0
21,210179,2,2,0,3,11,0,24,4,2010,7,11,2,1,1,1,I-64,,1189,38.12267500,-83.785172220,0,12,6,0,1,1,1,0,1,1,0,1,0,0000000,11,2,11,6,12,7,0,0,0,2,0
21,210180,1,1,0,1,81,0,13,4,2010,3,15,35,0,6,4,ELLISTON NAPOLEON RD,,10,38.73416667,-84.746216670,0,42,0,0,1,1,4,0,1,1,0,1,0,0000000,15,47,16,7,88,88,0,0,0,1,0
21,210181,3,1,1,2,67,1980,29,4,2010,5,22,7,0,16,6,LIMESTONE NORTH,,8,38.05430833,-84.485463890,0,8,0,0,1,1,1,0,3,1,0,1,0,0000000,22,8,22,16,22,28,0,0,0,1,1
21,210182,1,1,0,4,95,0,30,4,2010,6,0,5,0,6,3,SR-522,,7,36.88140556,-83.289500000,0,35,0,0,1,1,4,0,2,1,0,1,0,0000000,99,99,99,99,88,88,0,0,0,1,1
21,210183,1,1,0,2,111,2090,30,4,2010,6,17,37,0,16,6,PAGES LN EAST,,1,38.12898611,-85.845794440,0,34,0,0,1,1,4,0,1,1,0,1,0,0000000,17,38,17,44,18,15,0,0,0,1,1
21,210184,2,2,0,2,125,0,29,4,2010,5,15,37,0,6,4,SIM SMITH RD,,1,37.25185278,-84.054422220,0,12,6,0,1,1,1,0,1,1,0,1,0,0000000,15,37,15,51,16,47,0,0,0,1,0
21,210185,1,1,0,1,125,0,24,4,2010,7,22,55,0,6,3,SR-1803,,84,37.09434722,-83.887138890,0,1,0,0,1,1,1,0,2,10,0,10,0,0000000,22,55,23,10,23,45,0,0,0,1,1
21,210186,1,1,0,3,165,0,30,4,2010,6,11,45,0,5,3,SR-1569,,20,37.90035833,-83.497852780,0,5,0,0,1,1,1,0,1,1,0,1,0,0000000,11,51,12,5,12,51,0,0,0,1,0
21,210187,1,1,1,1,145,2520,26,3,2010,6,8,43,0,14,2,US-62,,117,37.05768611,-88.653725000,0,9,0,0,1,1,2,0,1,1,0,1,0,0000000,8,44,8,49,9,6,0,0,0,1,0
21,210188,1,1,0,1,83,0,23,4,2010,6,18,6,0,5,3,SR-1748,,65,36.69846389,-88.733738890,0,42,0,0,1,1,4,0,5,10,0,10,0,0000000,18,12,18,20,88,88,0,0,0,1,0
21,210189,1,1,1,1,125,0,6,3,2010,7,22,32,1,13,2,US-25E,SR-3431,6,36.97140833,-84.092080560,0,8,0,0,2,2,1,0,2,10,0,10,0,0000000,22,32,22,40,22,52,0,0,0,1,0
21,210190,2,2,0,4,221,0,4,3,2010,5,14,20,0,4,3,SR-164,,264,36.75655833,-87.668452780,0,12,1,0,1,1,1,0,1,1,0,1,0,0000000,14,20,14,40,15,14,0,0,0,1,0
21,210191,2,2,0,2,145,0,28,4,2010,4,12,40,0,13,2,US-60,,184,37.04593056,-88.554955560,0,12,6,0,1,1,1,0,1,1,0,1,0,0000000,12,44,12,49,13,15,0,0,0,1,1
21,210192,1,1,0,1,25,701,4,4,2010,1,9,21,0,4,3,SR-476,,64,37.46678611,-83.267183330,0,32,0,0,1,1,4,0,1,1,0,1,0,0000000,99,99,99,99,99,99,0,0,0,1,0
21,210193,1,1,1,2,115,2530,3,5,2010,2,20,40,0,4,3,SR-321,,68,37.80076389,-82.800780560,0,8,0,0,1,1,1,0,2,1,0,1,0,0000000,20,42,20,44,21,7,0,0,0,1,0
21,210194,1,1,0,3,35,0,2,5,2010,1,3,14,1,2,2,US-641,,29,36.53391667,-88.324755560,0,38,0,0,1,1,4,0,2,2,0,2,0,0000000,3,14,3,15,3,42,0,0,0,1,1
21,210195,3,3,0,6,113,0,5,5,2010,4,7,55,0,5,3,SR-1541,,78,37.84995000,-84.518766670,0,12,6,0,1,1,1,0,1,1,0,1,0,0000000,8,0,8,15,8,50,0,0,0,1,1
21,210196,1,1,0,1,213,0,5,5,2010,4,15,36,0,4,3,SR-383,,3,36.65161944,-86.695175000,0,35,0,0,1,1,4,0,1,1,0,1,0,0000000,15,37,15,52,88,88,0,0,0,1,1
21,210197,2,2,0,2,111,2090,6,5,2010,5,12,48,1,13,2,US-31E,I-264 WB RAMP,120,38.21104167,-85.671130560,0,33,0,1,2,2,2,0,1,1,0,1,0,0000000,99,99,99,99,88,88,0,0,0,1,0
21,210198,3,3,0,3,177,1360,5,5,2010,4,12,43,0,4,3,SR-189 BYPASS,SR-2533,110,37.22188889,-87.176450000,0,12,6,0,2,2,1,0,1,1,0,1,0,0000000,12,46,12,50,13,13,0,0,0,1,0
21,210199,1,1,0,1,213,0,7,5,2010,6,18,45,0,6,4,ROBEY BETHEL GROVE R,,47,36.75477222,-86.647883330,0,32,0,0,1,1,4,0,1,10,0,10,0,0000000,18,54,19,8,88,88,0,0,0,1,0
21,210200,3,3,0,6,161,0,8,5,2010,7,15,29,1,13,2,US-68,,107,38.58105000,-83.828430560,0,12,6,0,1,1,1,0,1,1,0,1,0,0000000,15,29,15,35,16,25,0,0,0,1,0
21,210201,3,3,0,6,111,2090,8,5,2010,7,17,53,0,14,3,SR-1931,,69,38.17680556,-85.798330560,0,12,8,0,1,1,1,0,1,10,0,10,0,0000000,17,54,17,56,18,33,0,0,0,1,1
21,210202,1,1,0,1,209,0,9,5,2010,1,13,25,0,5,3,SR-922,,81,38.28330000,-84.502586110,0,42,0,0,1,1,4,0,1,1,0,1,0,0000000,13,26,13,40,14,50,0,0,0,1,0
21,210203,1,1,0,1,189,0,9,5,2010,1,17,15,0,4,3,SR-30,,122,37.48388333,-83.652991670,0,1,0,0,1,1,4,0,1,1,0,1,0,0000000,88,88,88,88,88,88,0,0,0,1,0
21,210204,2,2,0,5,151,0,10,5,2010,2,1,30,1,1,1,I-75,,930,37.81585278,-84.323286110,0,12,1,0,1,1,1,0,2,1,0,1,0,0000000,1,31,1,41,2,51,0,0,0,1,0
21,210205,1,1,0,2,133,0,10,5,2010,2,18,13,0,5,3,SR-1103,,139,37.11546667,-83.050461110,0,1,0,0,1,1,4,0,1,1,0,1,0,0000000,99,99,99,99,99,99,0,0,0,1,1
21,210206,2,2,0,4,213,1230,15,5,2010,7,21,56,0,3,3,SR-100,SR-73,117,36.71762778,-86.542225000,0,12,6,0,2,3,1,0,2,1,0,1,0,0000000,21,57,22,3,22,19,0,0,0,1,0
21,210207,1,1,0,4,17,0,14,5,2010,6,21,42,0,6,4,COLVILLE RD,,11,38.31785556,-84.201622220,0,21,0,0,1,1,4,0,2,10,0,10,0,0000000,21,43,21,58,22,30,0,0,0,1,0
21,210208,2,2,0,4,119,1819,17,5,2010,2,19,30,0,6,4,PUNCHEON RD,,4,37.29884167,-82.786961110,0,12,2,0,1,1,1,0,1,2,0,2,0,0000000,88,88,88,88,88,88,0,0,0,1,0
21,210209,1,1,0,2,225,0,20,5,2010,5,17,0,0,6,3,SR-2834,,29,37.65277222,-88.061086110,0,30,0,0,1,1,4,0,1,10,0,10,0,0000000,17,16,17,39,18,10,0,0,0,1,1
21,210210,3,3,0,3,67,1980,20,5,2010,5,22,0,0,3,2,US-421,SR-1977,57,38.10991111,-84.583225000,0,12,6,0,2,2,1,0,3,2,0,2,0,0000000,22,0,22,7,22,29,0,0,0,1,0
21,210211,1,1,0,3,193,341,21,5,2010,6,13,51,0,6,4,SAM CAMPBELL BRANCH,,0,37.31345000,-83.248772220,0,30,0,0,1,1,4,0,1,1,0,1,0,0000000,99,99,99,99,99,99,0,0,0,1,1
21,210212,1,1,1,2,73,0,21,5,2010,6,21,21,1,1,1,I-64,,527,38.15764167,-84.899941670,0,8,0,0,1,1,1,0,3,2,10,2,0,0000000,88,88,88,88,88,88,0,0,0,1,0
21,210213,2,2,0,3,193,0,23,5,2010,1,15,51,1,2,3,SR-15,HARVEY LANE,188,37.32652222,-83.249588890,0,12,6,0,2,3,1,0,1,1,0,1,0,0000000,15,51,15,59,16,30,0,0,0,1,0
21,210214,1,1,0,1,109,0,23,5,2010,1,18,48,0,3,2,US-421,,197,37.46579722,-84.035969440,0,24,0,0,1,1,4,0,1,1,0,1,0,0000000,18,49,18,56,88,88,0,0,0,1,0
21,210215,1,1,0,1,141,0,24,5,2010,2,4,41,1,2,2,US-68,,176,36.83608056,-86.799072220,0,11,0,0,1,1,1,0,2,1,0,1,0,0000000,4,42,4,53,88,88,0,0,0,1,0
21,210216,1,1,0,1,195,2979,25,5,2010,3,1,11,0,4,3,SR-22,,110,37.38792500,-82.525219440,0,24,0,0,1,1,4,0,2,1,0,1,0,0000000,88,88,88,88,88,88,0,0,0,1,0
21,210217,2,2,0,2,111,2090,22,5,2010,7,23,32,0,13,3,SR-1747,HEADLEY HILL RD,162,38.27760833,-85.565172220,0,12,6,0,2,3,1,0,2,1,0,1,0,0000000,23,33,23,47,0,9,0,0,0,1,1
21,210218,1,1,1,1,205,0,26,5,2010,4,4,15,1,1,1,I-64,,1386,38.20035000,-83.467727780,0,8,0,0,1,1,1,0,2,5,0,5,0,0000000,6,28,6,33,88,88,23,0,0,1,0
21,210219,1,1,0,3,93,0,26,5,2010,4,20,20,0,5,3,SR-567,,13,37.67780833,-85.816847220,0,30,0,0,1,1,4,0,5,1,0,1,0,0000000,20,27,20,38,21,8,0,0,0,1,1
21,210220,2,2,0,2,89,0,27,5,2010,5,16,45,0,5,3,SR-207,,81,38.46713056,-82.834038890,0,12,2,0,1,1,1,0,1,1,0,1,0,0000000,16,46,16,56,17,42,0,0,0,1,1
21,210221,1,1,0,2,81,0,27,5,2010,5,23,12,0,5,3,SR-491,,8,38.78058333,-84.629230560,0,30,0,0,1,1,4,0,2,1,0,1,0,0000000,23,14,23,29,23,45,0,0,0,1,1
21,210222,3,1,0,1,235,0,28,5,2010,6,14,40,0,4,2,US-25W,,141,36.75000000,-84.000000000,0,35,0,0,1,1,5,0,1,1,0,1,0,0000000,14,42,14,50,99,98,0,0,0,1,0
21,210223,2,2,0,5,205,0,29,5,2010,7,14,19,0,4,3,SR-801,,73,38.10140000,-83.500086110,0,1,0,0,8,1,1,0,1,1,0,1,0,0000000,14,20,14,40,99,99,14,0,0,1,0
21,210224,2,2,0,6,49,3610,29,5,2010,7,15,10,0,14,2,US-60,SR-1958,46,38.00696667,-84.210591670,0,12,6,0,2,2,1,0,1,1,0,1,0,0000000,15,12,15,17,15,39,0,0,0,1,1
21,210225,1,1,0,1,25,0,28,5,2010,6,21,51,0,5,3,SR-1278,,8,37.40108611,-83.333572220,0,35,0,0,1,1,4,0,2,2,0,2,0,0000000,21,51,22,15,99,99,0,0,0,1,1
21,210226,2,2,0,2,185,1870,30,5,2010,1,13,19,0,13,3,SR-53,,57,38.39453333,-85.366677780,0,12,6,0,1,1,1,0,1,1,0,1,0,0000000,13,20,13,27,88,88,0,0,0,1,1
21,210227,2,2,0,2,107,0,31,5,2010,2,13,30,0,15,3,SR-481,CRESTVIEW DRIVE,20,37.30601111,-87.487219440,0,12,6,0,2,3,1,0,1,1,0,1,0,0000000,13,34,13,39,88,88,0,0,0,1,0
21,210228,2,2,0,3,175,0,31,5,2010,2,21,9,0,3,3,SR-7,,20,37.93258889,-83.265080560,0,12,6,0,1,1,1,0,2,10,0,10,0,0000000,21,12,21,18,99,99,0,0,0,1,0
21,210229,1,1,0,1,111,2090,24,5,2010,2,21,6,0,15,3,SR-1065,,122,38.15005000,-85.578561110,0,17,0,0,1,1,4,0,3,1,0,1,0,0000000,21,7,21,10,88,88,0,0,0,1,1
21,210230,1,1,0,5,99,0,28,5,2010,6,8,3,1,1,1,I-65,,685,37.35132778,-85.900211110,0,24,0,0,1,1,3,0,1,10,0,10,0,0000000,9,13,9,31,10,2,0,0,0,1,0
21,210231,1,1,0,1,213,1230,29,5,2010,7,11,35,0,14,2,US-31W,,57,36.69846389,-86.572008330,0,32,0,0,1,1,4,0,1,1,0,1,0,0000000,11,35,11,37,11,47,0,0,0,1,0
21,210232,2,2,0,3,205,2270,26,5,2010,4,14,30,0,13,3,SR-32,CLINIC DRIVE,77,38.18029722,-83.449186110,0,12,6,0,2,3,1,0,1,1,0,1,0,0000000,14,32,14,35,14,43,0,0,0,2,1
21,210233,1,1,0,5,101,0,31,5,2010,2,5,52,1,2,8,EB9004,,75,37.77875278,-87.543483330,0,52,0,0,1,1,3,0,4,1,0,1,0,0000000,5,55,6,31,6,59,0,0,0,1,0
21,210234,2,2,0,2,179,0,16,5,2010,1,7,37,0,4,3,SR-52,,97,37.65229722,-85.568691670,0,12,2,0,1,1,1,0,1,5,0,5,0,0000000,7,37,7,57,9,38,0,0,0,1,0
21,210235,3,3,0,3,59,0,5,5,2010,4,23,5,0,4,2,US-231,,79,37.68626667,-87.050255560,0,12,2,0,1,1,1,0,2,1,0,1,0,0000000,23,13,23,21,23,57,0,0,0,1,1
21,210236,1,1,0,1,31,0,6,5,2010,5,9,50,0,4,2,US-231,,138,37.25038333,-86.683675000,0,34,0,0,1,1,4,0,1,1,0,1,0,0000000,9,50,9,58,10,30,0,0,0,1,0
21,210237,1,1,0,1,65,0,24,3,2010,4,17,30,0,4,3,SR-213,,26,37.73559722,-83.867138890,0,42,0,0,1,1,4,0,1,10,0,10,0,0000000,17,39,17,52,18,27,0,0,0,1,0
21,210238,1,1,0,1,121,0,17,4,2010,7,20,50,0,5,3,SR-718,,25,36.88265000,-83.700650000,0,30,0,0,1,1,4,0,2,1,0,1,0,0000000,20,53,21,6,21,28,0,0,0,1,1
21,210239,2,2,0,2,199,0,22,5,2010,7,7,6,0,5,3,SR-196,,79,37.06767778,-84.775272220,0,12,2,0,1,1,1,0,1,10,0,10,0,0000000,7,11,99,98,88,88,0,0,0,1,0
21,210240,1,1,0,1,55,0,25,5,2010,3,22,22,0,6,3,SR-2132,,19,37.29972778,-88.152063890,0,32,0,0,1,1,4,0,2,10,0,10,0,0000000,22,32,22,37,88,88,0,0,0,1,1
21,210241,1,1,0,1,83,3620,29,6,2010,3,22,44,0,4,3,SR-339,,112,36.63481389,-88.717175000,0,1,0,0,1,1,4,0,2,1,0,1,0,0000000,22,49,23,0,23,35,0,0,0,1,1
21,210242,1,1,0,2,111,2090,1,6,2010,3,5,28,0,16,5,NORTHWESTERN PARKWAY,,17,38.27474444,-85.801269440,0,53,0,0,1,1,4,0,3,1,0,1,0,0000000,5,29,5,32,6,2,0,0,0,1,1
21,210243,1,1,0,1,211,0,3,6,2010,5,5,52,0,3,3,SR-55,,140,38.28616389,-85.203608330,0,35,0,0,1,1,4,0,4,1,0,1,0,0000000,5,53,6,5,88,88,0,0,0,1,0
21,210244,2,2,0,2,65,0,4,6,2010,6,8,20,0,3,3,SR-52,,104,37.68351389,-83.948463890,0,12,6,0,1,1,1,0,1,1,0,1,0,0000000,8,22,8,28,8,43,14,0,0,1,0
21,210245,1,1,0,2,239,0,4,6,2010,6,14,6,0,4,3,SR-33,,100,37.98226111,-84.722872220,0,53,0,0,1,1,4,0,1,1,0,1,0,0000000,14,6,14,13,88,88,0,0,0,1,0
21,210246,2,2,0,2,209,0,4,6,2010,6,18,47,0,13,2,US-460,US-62,60,38.21457778,-84.540283330,0,12,6,0,2,2,1,0,1,1,0,1,0,0000000,18,49,18,52,19,10,0,0,0,1,0