STATE,ST_CASE,VE_TOTAL,VE_FORMS,PEDS,PERSONS,COUNTY,CITY,DAY,MONTH,YEAR,DAY_WEEK,HOUR,MINUTE,NHS,ROAD_FNC,ROUTE,TWAY_ID,TWAY_ID2,MILEPT,LATITUDE,LONGITUD,SP_JUR,HARM_EV,MAN_COLL,RELJCT1,RELJCT2,TYP_INT,REL_ROAD,WRK_ZONE,LGT_COND,WEATHER1,WEATHER2,WEATHER,SCH_BUS,RAIL,NOT_HOUR,NOT_MIN,ARR_HOUR,ARR_MIN,HOSP_HR,HOSP_MN,CF1,CF2,CF3,FATALS,DRUNK_DR
21,210247,2,2,0,7,151,2750,3,6,2010,5,13,28,0,14,3,SR-52,SPIRIT DRIVE,132,37.74313056,-84.261361110,0,12,6,0,2,3,1,0,1,1,0,1,0,0000000,13,32,13,34,14,22,0,0,0,3,1
21,210248,1,1,0,1,89,0,5,6,2010,7,17,37,0,6,4,HOODS RUN RD,,16,38.51670833,-82.965402780,0,42,0,0,1,1,4,0,1,1,0,1,0,0000000,17,39,17,57,88,88,0,0,0,1,0
21,210249,1,1,1,6,235,0,5,6,2010,7,21,59,1,1,1,I-75,,81,36.68249722,-84.134844440,0,8,0,0,1,1,1,0,2,1,0,1,0,0000000,21,59,22,3,88,88,0,0,0,1,0
21,210250,2,2,0,3,15,1150,6,6,2010,1,23,45,1,11,1,I-75,,1775,38.95122500,-84.633980560,0,12,1,0,1,1,1,0,3,1,0,1,0,0000000,23,47,23,54,88,88,0,0,0,1,1
21,210251,1,1,0,2,101,0,7,6,2010,2,17,5,0,6,4,OLD HENDERSON EVANSV,,2,37.88484722,-87.571763890,0,1,0,0,1,1,2,0,1,1,0,1,0,0000000,17,6,17,12,88,88,0,0,0,1,1
21,210252,1,1,0,2,183,0,7,6,2010,2,19,30,0,4,3,SR-69,,123,37.43315833,-86.929408330,0,34,0,0,1,1,4,0,5,1,0,1,0,0000000,19,31,19,34,88,88,0,0,0,2,0
21,210253,2,2,0,4,133,0,8,6,2010,3,7,13,1,2,2,US-119,,231,37.15658889,-82.715850000,0,12,2,0,1,1,1,0,1,1,0,1,0,0000000,99,99,99,99,99,99,0,0,0,1,0
21,210254,1,1,1,1,19,120,7,6,2010,2,20,23,0,16,5,GREENFIELD,SKYLINE DR.,11,38.42084722,-82.670102780,0,8,0,0,3,2,1,0,5,1,0,1,0,0000000,20,28,20,37,21,1,0,0,0,1,0
21,210255,1,1,0,1,93,1000,9,6,2010,4,20,29,0,14,3,SR-567,,9,37.67746944,-85.816741670,0,53,0,0,1,1,4,0,1,1,0,1,0,0000000,20,29,20,38,99,99,0,0,0,1,0
21,210256,3,3,0,4,65,0,10,6,2010,5,16,57,0,3,3,SR-52,SR-1353,1,37.71651944,-84.097122220,0,12,8,0,3,3,1,0,1,1,0,1,0,0000000,17,0,17,10,17,30,0,0,0,1,0
21,210257,2,2,0,2,9,0,9,6,2010,4,12,0,0,4,2,US-68,,23,37.02568333,-86.083288890,0,12,2,0,1,1,1,0,1,10,0,10,0,0000000,12,9,12,22,12,48,0,0,0,1,0
21,210258,2,2,0,3,101,1510,12,6,2010,7,3,4,0,13,2,US-41,WATSON LN,174,37.87514167,-87.567794440,0,12,6,0,2,2,1,0,3,1,0,1,0,0000000,3,4,3,8,3,32,0,0,0,1,1
21,210259,1,1,0,1,71,1716,12,6,2010,7,14,30,1,2,2,US-23,,85,37.60328333,-82.689627780,0,24,0,0,1,1,4,0,1,1,0,1,0,0000000,99,99,99,99,99,99,0,0,0,1,0
21,210260,1,1,0,1,19,610,12,6,2010,7,14,28,0,4,3,SR-538,,43,38.38291111,-82.633452780,0,53,0,0,1,1,4,0,1,2,0,2,0,0000000,14,32,14,38,88,88,0,0,0,1,1
21,210261,3,3,0,5,27,0,12,6,2010,7,16,39,0,2,2,US-60,,314,37.87749444,-86.238297220,0,12,6,0,1,1,1,0,1,1,0,1,0,0000000,16,40,16,44,17,16,0,0,0,1,1
21,210262,1,1,0,1,111,2090,12,6,2010,7,20,7,0,16,6,BELMAR DR.,,9,38.19970833,-85.717316670,0,35,0,0,1,1,4,0,1,1,0,1,0,0000000,99,99,99,99,88,88,0,0,0,1,0
21,210263,2,2,0,2,137,0,14,6,2010,2,10,30,0,5,3,SR-3276,,6,37.33044722,-84.658241670,0,12,2,0,1,1,1,0,1,10,0,10,0,0000000,10,39,10,43,11,30,0,0,0,1,0
21,210264,1,1,1,1,111,2090,14,6,2010,2,22,42,1,13,2,US-31W,,66,38.08128889,-85.882100000,0,8,0,0,1,1,1,0,2,2,0,2,0,0000000,22,42,22,48,88,88,0,0,0,1,0
21,210265,2,1,0,2,81,0,10,6,2010,5,13,40,1,1,1,I-75,,1567,38.65089722,-84.586872220,0,45,0,0,1,1,2,2,1,1,0,1,0,0000000,88,88,88,88,88,88,0,0,0,1,0
21,210266,2,2,0,2,111,2090,16,6,2010,4,4,15,0,16,5,GLENGARRY DRIVE,,2,38.12314722,-85.750050000,0,12,2,0,1,1,1,0,2,1,0,1,0,0000000,88,88,88,88,88,88,0,0,0,1,1
21,210267,1,1,0,4,145,0,15,6,2010,3,22,5,0,14,3,SR-131,,33,36.98418056,-88.515127780,0,1,0,0,1,1,4,0,2,1,0,1,0,0000000,22,9,22,20,22,55,0,0,0,2,1
21,210268,2,1,0,1,111,2090,17,6,2010,5,17,51,0,16,5,HANSES DR.,,0,38.15814722,-85.679669440,0,1,0,0,1,1,4,0,1,1,0,1,0,0000000,17,51,17,59,88,88,0,0,0,1,1
21,210269,3,3,0,6,93,2724,6,6,2010,1,7,55,1,13,2,US-31W,SR-313,244,37.79538889,-85.915297220,0,12,6,0,2,2,1,0,1,1,0,1,0,0000000,8,3,8,17,8,56,20,0,0,1,2
21,210270,2,1,0,2,209,0,18,6,2010,6,5,45,1,1,1,I-64,,684,38.15858611,-84.615197220,0,14,0,0,1,1,2,0,4,1,0,1,0,0000000,5,51,5,57,6,47,0,0,0,1,0
21,210271,2,2,0,2,59,0,18,6,2010,6,7,12,1,13,2,US-60,HAWES BLVD,184,37.81907222,-87.040127780,0,12,6,0,2,2,1,0,1,1,0,1,0,0000000,7,15,7,20,7,42,0,0,0,1,0
21,210272,2,2,0,5,101,0,18,6,2010,6,10,10,1,13,3,SR-425,SR-1299,33,37.78738611,-87.592641670,0,12,6,0,2,2,1,0,1,1,0,1,0,0000000,10,10,10,31,10,44,0,0,0,3,0
21,210273,2,2,0,4,19,120,18,6,2010,6,12,19,0,14,3,SR-168,,34,38.43977500,-82.635083330,0,12,2,0,1,1,1,0,1,1,0,1,0,0000000,12,22,12,25,12,55,0,0,0,1,0
21,210274,2,2,0,4,177,0,19,6,2010,7,0,16,1,2,3,SR-9001 WK PKWAY,,483,37.23565833,-87.266850000,0,1,0,0,1,1,3,0,3,1,0,1,0,0000000,0,33,1,7,1,52,0,0,0,2,0
21,210275,1,1,0,2,127,0,19,6,2010,7,19,5,0,6,5,LEFT FORK LAUREL RD,,23,37.98550833,-82.867469440,0,42,0,0,1,1,4,0,1,1,0,1,0,0000000,19,5,19,45,21,10,0,0,0,1,0
21,210276,2,1,0,3,107,0,20,6,2010,1,12,40,1,2,3,SR-9004 EB PARKWAY,,363,37.23111389,-87.445463890,0,14,0,0,1,1,2,0,1,1,0,1,0,0000000,12,47,12,56,13,37,0,0,0,1,0
21,210277,1,1,0,2,37,0,20,6,2010,1,13,6,1,2,3,SR-9,,21,38.88752500,-84.266638890,0,1,0,0,1,1,1,0,1,1,0,1,0,0000000,13,7,13,13,13,47,0,0,0,1,0
21,210278,1,1,0,1,127,0,20,6,2010,1,15,24,0,4,3,SR-201,,128,38.11686667,-82.854725000,0,24,0,0,1,1,4,0,1,1,0,1,0,0000000,15,25,16,4,88,88,0,0,0,1,0
21,210279,1,1,0,1,83,0,16,6,2010,4,13,0,0,6,3,SR-534,,27,36.88772222,-88.515344440,0,35,0,0,1,1,4,0,1,1,0,1,0,0000000,13,5,13,18,13,48,0,0,0,1,0
21,210280,2,2,0,3,27,0,21,6,2010,2,11,23,0,3,3,SR-79,,106,37.68650278,-86.412450000,0,12,2,0,1,1,1,0,1,1,0,1,0,0000000,11,25,11,40,12,7,0,0,0,2,0
21,210281,1,1,0,1,19,0,19,6,2010,7,6,20,1,2,2,US-23,,35,38.28269444,-82.581825000,0,1,0,0,1,1,2,0,4,10,0,10,0,0000000,6,24,6,42,7,18,0,0,0,1,1
21,210282,2,2,0,3,27,0,19,6,2010,7,8,59,0,5,3,SR-1401,,19,37.73780278,-86.382836110,0,12,6,0,1,1,1,0,1,10,0,10,0,0000000,9,0,9,7,9,44,0,0,0,1,0
21,210283,1,1,0,1,51,0,13,6,2010,1,1,20,0,4,3,SR-11,,135,37.22475833,-83.700200000,0,42,0,0,1,1,4,0,2,5,0,5,0,0000000,9,54,10,9,88,88,18,0,0,1,1
21,210284,1,1,0,2,149,0,13,6,2010,1,9,9,0,4,3,SR-56,,83,37.63724167,-87.373925000,0,30,0,0,1,1,4,0,1,1,0,1,0,0000000,9,12,9,28,10,1,0,0,0,1,0
21,210285,1,1,0,2,25,2297,21,6,2010,2,22,51,0,4,3,SR-28,,23,37.38898056,-83.500213890,0,30,0,0,1,1,4,0,2,5,0,5,0,0000000,99,99,99,99,99,99,0,0,0,1,1
21,210286,1,1,0,1,117,3239,21,6,2010,2,7,38,1,11,1,I-275,,777,39.02225000,-84.489025000,0,1,0,0,1,1,1,0,1,1,0,1,0,0000000,99,99,99,99,99,99,0,0,0,1,0
21,210287,2,2,0,4,111,2090,22,6,2010,3,18,19,0,16,5,BROADWAY WEST,HAZEL STREET,8,38.24970833,-85.804530560,0,12,6,0,2,3,1,0,1,1,0,1,0,0000000,18,19,18,27,18,43,0,0,0,1,0
21,210288,2,2,0,2,111,2090,23,6,2010,4,14,52,0,3,3,SR-155,,10,38.15352500,-85.433377780,0,12,2,0,1,1,2,0,1,1,0,1,0,0000000,15,0,15,20,16,13,0,0,0,1,0
21,210289,2,2,0,3,153,0,25,6,2010,6,12,9,0,5,3,SR-1593,,36,37.78669167,-83.166805560,0,12,6,0,1,1,1,0,1,1,0,1,0,0000000,12,15,12,27,13,14,0,0,0,1,0
21,210290,2,2,0,4,163,0,11,6,2010,6,13,18,0,4,3,SR-1638,,40,37.93658333,-86.063461110,0,12,2,0,1,1,1,0,1,2,0,2,0,0000000,13,19,13,29,15,30,0,0,0,1,0
21,210291,1,1,0,1,211,2980,26,6,2010,7,7,25,1,2,1,I-64 RAMP,,4,38.19323333,-85.273261110,0,1,0,0,5,1,2,0,4,1,0,1,0,0000000,7,26,7,32,8,10,0,0,0,1,0
21,210292,2,2,0,2,177,0,26,6,2010,7,11,7,0,2,2,US-431,,44,37.11724444,-87.003994440,0,12,2,0,1,1,1,0,1,1,0,1,0,0000000,11,7,11,23,88,88,0,0,0,1,0
21,210293,1,1,0,5,65,0,26,6,2010,7,15,17,0,6,3,SR-1209,,54,37.60335278,-83.923658330,0,1,0,0,1,1,4,0,1,1,0,1,0,0000000,15,18,15,30,99,99,0,0,0,1,0
21,210294,1,1,0,2,121,0,26,6,2010,7,16,26,0,5,3,SR-718,,9,36.87629167,-83.729425000,0,34,0,0,1,1,4,0,1,1,0,1,0,0000000,16,27,16,38,99,99,0,0,0,1,0
21,210295,2,2,0,2,49,0,28,6,2010,2,20,11,0,6,3,SR-2888,,7,38.02896111,-84.249386110,0,12,2,0,1,1,1,0,1,1,0,1,0,0000000,20,19,20,26,21,2,0,0,0,1,1
21,210296,2,2,0,3,137,0,28,6,2010,2,17,24,0,4,3,SR-78,,110,37.52133333,-84.691672220,0,24,0,0,1,1,4,0,1,2,10,2,0,0000000,17,24,17,31,17,53,0,0,0,2,0
21,210297,1,1,0,1,225,0,27,6,2010,1,17,40,0,5,3,SR-1508,,41,37.53678611,-88.070052780,0,35,0,0,1,1,4,0,1,1,0,1,0,0000000,11,3,11,20,88,88,18,0,0,1,1
21,210298,1,1,0,1,117,0,15,6,2010,3,19,30,0,4,3,SR-177,,92,38.80941667,-84.437827780,0,42,0,0,1,1,4,0,1,10,0,10,0,0000000,19,40,19,45,88,88,0,0,0,1,1
21,210299,2,2,0,5,27,0,28,6,2010,2,11,25,0,2,2,US-60,,55,37.83317500,-86.566944440,0,12,6,0,1,1,1,0,1,10,0,10,0,0000000,11,25,11,37,12,2,0,0,0,1,0
21,210300,3,1,1,1,111,2090,26,6,2010,7,20,3,0,16,4,SHENANDOAH DR.,,2,38.30458611,-85.541352780,0,9,0,0,1,1,1,0,1,1,0,1,0,0000000,99,99,99,99,99,99,0,0,0,1,1
21,210301,1,1,0,1,71,0,16,6,2010,4,4,50,1,2,3,SR-80,,61,37.52187778,-82.793611110,0,39,0,0,1,1,3,0,2,1,0,1,0,0000000,88,88,88,88,88,88,0,0,0,1,0
21,210302,1,1,0,2,111,2090,30,6,2010,4,2,17,0,15,3,SR-2055,,23,38.10585833,-85.760091670,0,1,0,0,1,1,4,0,2,1,0,1,0,0000000,99,99,99,99,99,99,20,0,0,1,1
21,210303,2,2,0,3,209,1280,30,6,2010,4,18,37,0,2,2,US-25,,14,38.16756111,-84.554427780,0,12,2,0,1,1,1,0,1,10,0,10,0,0000000,18,37,18,42,19,10,0,0,0,2,0
21,210304,2,2,0,3,143,970,20,6,2010,1,12,45,0,2,2,US-641,US-62,104,37.09864444,-88.063413890,0,12,2,0,2,3,1,0,1,1,0,1,0,0000000,12,45,12,46,13,14,0,0,0,1,0
21,210305,1,1,0,1,155,2056,26,6,2010,7,20,15,0,5,3,SR-49,,280,37.63360556,-85.391150000,0,5,0,0,1,1,1,0,1,1,0,1,0,0000000,20,16,20,29,99,99,0,0,0,1,1
21,210306,2,2,0,2,111,2090,26,6,2010,7,7,30,0,13,3,SR-61,,62,38.16678611,-85.704861110,0,12,6,0,1,1,1,0,1,1,0,1,0,0000000,7,40,7,50,8,24,0,0,0,1,0
21,210307,2,2,0,5,159,0,25,6,2010,6,17,28,0,3,3,SR-40,,127,37.84998333,-82.504105560,0,12,2,0,1,1,1,0,1,1,0,1,0,0000000,99,99,99,99,99,99,0,0,0,1,1
21,210308,2,2,0,3,21,0,12,6,2010,7,13,45,0,3,3,SR-52,,20,37.63231389,-84.714547220,0,12,2,0,1,1,1,0,1,10,0,10,0,0000000,13,51,13,53,14,32,0,0,0,2,0
21,210309,1,1,0,1,27,0,16,6,2010,4,19,21,0,5,3,SR-144,,17,37.85079722,-86.567588890,0,1,0,0,1,1,4,0,1,1,0,1,0,0000000,19,24,19,36,88,88,0,0,0,1,0
21,210310,1,1,0,1,73,0,1,7,2010,5,13,50,1,1,1,I-64E,,492,38.15112778,-84.950022220,0,1,0,0,1,1,2,0,1,1,0,1,0,0000000,13,50,14,0,99,99,0,0,0,1,0
21,210311,1,1,0,1,187,0,2,7,2010,6,1,39,0,4,3,SR-355,,51,38.44992500,-84.908480560,0,35,0,0,1,1,4,0,2,1,0,1,0,0000000,1,44,2,2,88,88,0,0,0,1,0
21,210312,1,1,0,1,145,0,2,7,2010,6,9,17,0,4,2,US-62,,78,37.03824444,-88.722491670,0,1,0,0,1,1,2,0,1,1,0,1,0,0000000,9,21,9,30,88,88,0,0,0,1,0
21,210313,1,1,0,2,55,0,2,7,2010,6,14,34,0,3,2,US-60,,120,37.35644444,-88.048380560,0,42,0,0,1,1,4,0,1,1,0,1,0,0000000,14,36,14,42,88,88,0,0,0,2,1
21,210314,2,2,0,2,67,1980,3,7,2010,7,23,28,1,13,2,US-60,,71,38.04969722,-84.520783330,0,12,1,0,1,1,1,0,3,1,0,1,0,0000000,23,30,23,35,23,45,0,0,0,1,1
21,210315,1,1,0,1,85,0,4,7,2010,1,0,43,0,4,3,SR-54,,141,37.48834444,-86.366658330,0,42,0,0,1,1,4,0,2,10,0,10,0,0000000,0,45,0,52,1,19,0,0,0,1,0
21,210316,1,1,0,2,107,0,4,7,2010,1,5,58,1,2,3,SR-9004 EB PKWAY,,500,37.41738056,-87.472500000,0,35,0,0,1,1,4,0,1,10,0,10,0,0000000,6,3,6,15,7,12,0,0,0,1,1
21,210317,1,1,0,1,13,0,4,7,2010,1,14,5,0,5,3,SR-188,,3,36.65846944,-83.683375000,0,42,0,0,1,1,4,0,1,1,0,1,0,0000000,14,9,14,20,14,57,0,0,0,1,0
21,210318,1,1,0,1,219,0,5,7,2010,2,4,14,0,4,3,SR-181,,223,36.95057778,-87.153855560,0,24,0,0,1,1,4,0,2,1,0,1,0,0000000,88,88,88,88,88,88,0,0,0,1,0
21,210319,1,1,0,1,89,0,7,7,2010,4,16,29,0,5,3,SR-784,,11,38.42192222,-82.916780560,0,42,0,0,1,1,4,0,1,1,0,1,0,0000000,16,31,16,56,88,88,0,0,0,1,0
21,210320,1,1,0,1,169,0,4,7,2010,1,23,25,0,6,3,SR-2387,,67,36.95376667,-85.699366670,0,42,0,0,1,1,4,0,2,1,0,1,0,0000000,23,29,23,45,88,88,0,0,0,1,0
21,210321,7,7,0,15,9,0,9,7,2010,6,14,20,1,1,1,I-65,,513,37.12531944,-85.990247220,0,12,1,0,1,1,1,0,1,2,10,2,0,0000000,14,20,14,48,15,24,19,0,0,1,0
21,210322,2,2,0,2,13,0,6,7,2010,3,12,11,1,2,2,US-119,,37,36.72072222,-83.633422220,0,12,2,0,1,1,1,0,1,1,0,1,0,0000000,12,15,12,18,12,41,0,0,0,1,0
21,210323,2,2,0,3,137,0,9,7,2010,6,22,17,1,2,2,US-27,,211,37.57298333,-84.613780560,0,12,2,0,1,1,1,0,2,1,0,1,0,0000000,22,19,22,26,99,99,0,0,0,2,1
21,210324,2,2,0,6,43,2480,10,7,2010,7,18,0,0,4,2,US-60,SR-2531,84,38.29290000,-83.184441670,0,12,6,0,2,3,1,0,1,10,0,10,0,0000000,18,13,18,30,18,45,0,0,0,1,0
21,210325,2,2,0,2,51,0,12,7,2010,2,7,0,1,1,8,HR-9006,,308,37.18565556,-83.617200000,0,12,2,0,1,1,1,0,1,10,0,10,0,0000000,7,25,7,37,8,18,0,0,0,1,0
21,210326,1,1,1,2,111,2090,12,7,2010,2,22,6,0,13,3,SR-61,,9,38.08525556,-85.667438890,0,8,0,0,1,1,1,0,2,1,0,1,0,0000000,22,6,22,12,88,88,0,0,0,1,0
21,210327,1,1,0,1,225,0,13,7,2010,3,15,18,0,3,3,SR-56,,86,37.68361667,-87.983494440,0,35,0,0,1,1,4,0,1,1,0,1,0,0000000,15,22,15,30,88,88,0,0,0,1,0
21,210328,1,1,0,1,145,0,12,7,2010,2,23,1,0,6,4,OLD HINKLEVILLE RD,,9,37.05421944,-88.776655560,0,1,0,0,1,1,4,0,2,10,0,10,0,0000000,23,4,23,17,88,88,0,0,0,1,1
21,210329,2,2,1,2,145,0,7,7,2010,4,19,50,1,1,1,I-24,,0,37.13247222,-88.687347220,0,12,1,0,1,1,1,0,1,1,0,1,0,0000000,19,55,20,3,21,50,0,0,0,2,0
21,210330,2,2,0,3,111,2090,14,7,2010,4,6,8,0,16,5,GRADE LANE,,37,38.13320556,-85.737947220,0,12,2,0,1,1,1,0,2,1,0,1,0,0000000,6,8,6,13,7,10,0,0,0,2,0
21,210331,2,2,0,4,93,1000,14,7,2010,4,8,22,0,14,2,US-31W,,177,37.70518056,-85.871972220,0,12,2,0,1,1,1,0,1,1,0,1,0,0000000,8,28,8,29,8,39,0,0,0,2,0
21,210332,1,1,0,1,97,0,14,7,2010,4,9,40,0,3,2,US-27,,100,38.43449722,-84.285222220,0,32,0,0,1,1,5,0,1,1,0,1,0,0000000,99,99,99,99,88,88,0,0,0,1,0
21,210333,2,2,0,3,173,0,7,7,2010,4,17,37,0,14,2,US-60,SR-686,71,38.07472500,-83.918697220,0,12,6,0,2,2,1,0,1,1,0,1,0,0000000,17,37,17,44,17,58,0,0,0,1,0
21,210334,1,1,1,1,111,2090,16,7,2010,6,2,17,1,2,2,US-31W,,99999,38.12318056,-85.853819440,0,8,0,0,1,1,1,0,2,2,0,2,0,0000000,2,17,2,22,2,49,0,0,0,1,1
21,210335,1,1,0,1,83,0,16,7,2010,6,5,43,0,6,3,SR-994,,16,36.89947778,-88.628188890,0,1,0,0,1,1,4,0,4,5,0,5,0,0000000,5,49,6,12,6,32,0,0,0,1,0
21,210336,4,4,0,5,229,0,16,7,2010,6,7,26,0,3,2,US-150,,50,37.71387222,-85.269869440,0,12,8,0,1,1,1,0,1,1,0,1,0,0000000,7,28,7,37,8,3,0,0,0,1,0
21,210337,1,1,1,1,77,0,16,7,2010,6,17,40,0,5,3,SR-16,,83,38.78416389,-84.717208330,0,8,0,0,1,1,1,0,1,1,0,1,0,0000000,17,45,18,1,19,5,0,0,0,1,0
21,210338,2,2,0,3,235,0,15,7,2010,5,18,54,0,6,3,SR-1064,VERNE RD,21,36.71890000,-84.045711110,0,12,6,0,2,2,1,0,1,1,0,1,0,0000000,18,56,19,9,19,49,0,0,0,1,0
21,210339,1,1,0,2,95,0,11,7,2010,1,20,30,0,5,3,SR-510,,19,36.95932222,-83.150797220,0,35,0,0,1,1,4,0,5,1,0,1,0,0000000,20,31,21,5,21,49,0,0,0,1,0
21,210340,2,2,0,3,111,2090,12,7,2010,2,17,58,0,16,5,BRIARCLIFF RD,PINECROFT DR.,1,38.13411667,-85.697222220,0,12,6,0,2,2,1,0,1,1,0,1,0,0000000,99,99,99,99,99,99,0,0,0,1,0
21,210341,1,1,0,2,67,1980,18,7,2010,1,6,37,1,1,1,I-75 RAMP,,1,38.07877222,-84.457183330,0,24,0,1,5,1,4,0,4,10,0,10,0,0000000,6,39,6,42,7,13,0,0,0,1,0
21,210342,4,4,0,7,111,2090,18,7,2010,1,15,11,1,11,1,I-65,,1368,38.25014444,-85.750952780,0,12,1,0,1,1,1,0,1,10,0,10,0,0000000,15,12,15,21,15,29,0,0,0,1,0
21,210343,1,1,0,3,43,0,18,7,2010,1,17,45,1,1,1,I-64,,1692,38.33354444,-82.986344440,0,1,0,0,1,1,3,0,1,1,0,1,0,0000000,17,46,17,54,99,99,0,0,0,1,0
21,210344,1,1,0,1,37,0,20,7,2010,3,2,15,0,4,3,SR-8,,257,38.86681111,-84.244280560,0,35,0,0,1,1,4,0,2,10,0,10,0,0000000,2,15,2,30,88,88,0,0,0,1,1
21,210345,2,2,0,4,145,2520,20,7,2010,3,8,37,1,2,2,US-60,SR-998,95,37.07271944,-88.699494440,0,12,6,0,2,2,1,0,1,1,0,1,0,0000000,8,38,8,44,9,9,0,0,0,1,0
21,210346,1,1,0,1,55,0,16,7,2010,6,17,17,0,6,3,SR-387,,7,37.43844167,-88.117733330,0,1,0,0,1,1,4,0,1,1,0,1,0,0000000,17,18,17,29,88,88,0,0,0,1,0
21,210347,1,1,0,2,221,0,21,7,2010,4,11,25,0,6,4,RILEY HOLLOW RD,,9,36.84631667,-87.871486110,0,42,0,0,1,1,4,0,1,10,0,10,0,0000000,11,33,11,39,12,7,0,0,0,1,0
21,210348,2,2,0,2,109,0,21,7,2010,4,12,30,0,3,3,SR-30,,99,37.32771667,-83.944216670,0,12,6,0,1,1,1,0,1,2,10,2,0,0000000,12,31,12,54,88,88,0,0,0,1,0
21,210349,1,1,0,2,203,0,10,7,2010,7,2,32,1,1,1,I-75 SB,,620,37.36838333,-84.315605560,0,57,0,0,1,1,4,0,3,1,0,1,0,0000000,2,32,2,37,3,2,0,0,0,1,0
21,210350,2,2,0,2,29,0,2,7,2010,6,19,19,0,15,3,SR-1116,LAKEVIEW TR,17,38.06360278,-85.648405560,0,12,2,0,2,8,1,0,1,1,0,1,0,0000000,19,20,19,25,19,48,0,0,0,1,0
21,210351,1,1,2,1,111,2090,21,7,2010,4,15,34,0,14,3,SR-3064,,8,38.27349722,-85.797011110,0,8,0,0,1,1,1,0,1,1,0,1,0,0000000,99,99,99,99,88,88,0,0,0,1,0
21,210352,1,1,0,1,65,0,1,7,2010,5,16,50,0,5,3,SR-594,,88,37.62449722,-83.995541670,0,1,0,0,1,1,4,0,1,1,0,1,0,0000000,16,51,16,59,17,40,0,0,0,1,0
21,210353,2,2,0,2,111,2090,22,7,2010,5,15,8,0,13,3,SR-61,OLD FERN VALLEY RD,53,38.15482500,-85.695933330,0,12,6,0,2,2,1,0,1,1,0,1,0,0000000,15,8,15,12,15,34,0,0,0,1,0
21,210354,1,1,0,1,155,0,24,7,2010,7,11,25,0,5,3,SR-208,,97,37.53511667,-85.279225000,0,24,0,0,1,1,4,0,1,1,0,1,0,0000000,11,29,11,33,12,8,2,0,0,1,0
21,210355,2,2,0,2,173,0,24,7,2010,7,15,24,0,3,3,SR-11,BUNKER HILL RD,130,38.12966667,-83.958780560,0,12,2,0,2,2,1,0,1,1,0,1,0,0000000,15,26,15,33,15,57,0,0,0,1,0
21,210356,3,3,0,4,47,0,24,7,2010,7,16,48,0,4,2,US-41,,226,36.99977778,-87.488122220,0,12,8,0,1,1,1,0,1,1,0,1,0,0000000,16,48,16,59,18,2,0,0,0,1,0
21,210357,2,2,0,4,137,1798,24,7,2010,7,17,35,0,5,3,SR-501,OLD SOUTH FORK RD,25,37.37384167,-84.689591670,0,12,6,0,2,2,1,0,1,1,0,1,0,0000000,99,99,99,99,99,99,0,0,0,1,0
21,210358,1,1,0,4,85,0,25,7,2010,1,14,6,0,6,4,PANTHER CREEK RD,,6,37.56665833,-86.446180560,0,1,0,0,1,1,1,0,1,1,0,1,0,0000000,14,8,14,21,14,41,0,0,0,1,0
21,210359,1,1,0,1,211,2980,25,7,2010,1,22,39,1,1,1,I-64,,322,38.18591389,-85.250086110,0,31,0,0,1,1,4,0,2,1,0,1,0,0000000,22,41,99,99,88,88,0,0,0,1,1
21,210360,2,2,0,3,59,0,27,7,2010,3,16,10,1,2,8,WN-9007,,595,37.59763889,-86.970819440,0,12,10,0,1,1,1,0,1,1,0,1,0,0000000,16,26,16,50,17,12,0,0,0,1,0
21,210361,1,1,1,3,111,2090,28,7,2010,4,17,10,1,11,1,I-264WB,,110,38.19031111,-85.756855560,0,8,0,0,1,1,1,0,1,10,0,10,0,0000000,17,14,17,20,17,45,0,0,0,1,0
21,210362,2,2,0,2,195,2620,29,7,2010,5,8,55,0,5,3,SR-3419,,53,37.48344167,-82.183055560,0,12,2,0,1,1,1,0,1,10,0,10,0,0000000,9,9,9,15,88,88,0,0,0,1,0
21,210363,1,1,0,1,179,2390,29,7,2010,5,20,30,0,4,3,SR-52,,80,37.65450556,-85.578561110,0,31,0,0,1,1,4,0,1,1,0,1,0,0000000,20,39,20,51,99,99,0,0,0,1,1
21,210364,1,1,0,1,61,0,30,7,2010,6,1,45,0,6,4,LOGSDON RD,,11,37.13271111,-86.335544440,0,1,0,0,1,1,2,0,2,10,0,10,0,0000000,1,53,2,14,88,88,0,0,0,1,0
21,210365,2,2,0,2,27,0,30,7,2010,6,16,45,0,2,2,US-60,,317,37.87786944,-86.238383330,0,12,8,0,1,1,1,0,1,1,0,1,0,0000000,16,48,16,54,88,88,0,0,0,1,0
21,210366,2,2,0,4,125,0,30,7,2010,6,22,44,1,13,2,US-25E,STEWART RD SOUTH,14,36.97465000,-84.102722220,0,12,6,0,2,2,1,0,2,1,0,1,0,0000000,22,45,22,52,23,54,0,0,0,1,0
21,210367,3,3,0,4,11,0,8,7,2010,5,15,0,1,1,1,I-64,,1204,38.12432778,-83.756805560,0,12,6,0,1,1,1,0,1,1,0,1,0,0000000,17,16,17,21,99,99,0,0,0,1,0
21,210368,1,1,0,1,9,0,30,7,2010,6,13,25,0,6,4,CARDEN RD,,20,37.04339444,-85.975872220,0,42,0,0,1,1,4,0,1,1,0,1,0,0000000,13,30,13,31,88,88,0,0,0,1,0