STATE,ST_CASE,VE_TOTAL,VE_FORMS,PEDS,PERSONS,COUNTY,CITY,DAY,MONTH,YEAR,DAY_WEEK,HOUR,MINUTE,NHS,ROAD_FNC,ROUTE,TWAY_ID,TWAY_ID2,MILEPT,LATITUDE,LONGITUD,SP_JUR,HARM_EV,MAN_COLL,RELJCT1,RELJCT2,TYP_INT,REL_ROAD,WRK_ZONE,LGT_COND,WEATHER1,WEATHER2,WEATHER,SCH_BUS,RAIL,NOT_HOUR,NOT_MIN,ARR_HOUR,ARR_MIN,HOSP_HR,HOSP_MN,CF1,CF2,CF3,FATALS,DRUNK_DR
21,210369,1,1,0,1,47,1620,23,7,2010,6,12,7,1,13,2,US-41,,115,36.80041944,-87.472200000,0,1,0,0,1,1,1,0,1,1,0,1,0,0000000,12,9,12,12,13,18,0,0,0,1,0
21,210370,2,2,0,2,67,1980,31,7,2010,7,19,28,0,99,3,SR-1973,,219,38.13982222,-84.513016670,0,12,6,0,7,1,1,0,1,1,0,1,0,0000000,99,99,99,99,99,99,0,0,0,1,1
21,210371,2,2,0,2,77,0,15,7,2010,5,16,40,1,1,1,I-71,,683,38.78419722,-84.748922220,0,12,1,0,1,1,1,0,1,1,0,1,0,0000000,16,43,17,0,18,0,3,0,0,1,0
21,210372,1,1,0,1,199,0,22,6,2010,3,18,13,1,2,3,SR-9008,,832,37.09585278,-84.700127780,0,24,0,0,1,1,4,0,1,1,0,1,0,0000000,18,13,18,20,88,88,0,0,0,1,1
21,210373,1,1,0,1,125,0,12,6,2010,7,12,18,0,6,3,SR-1810,,30,37.00604722,-83.936491670,0,42,0,0,1,1,4,0,1,10,0,10,0,0000000,12,20,12,25,13,18,0,0,0,1,0
21,210374,1,1,0,1,159,0,9,6,2010,4,10,35,1,2,3,SR-645,,23,37.88352500,-82.554788890,0,24,0,0,1,1,3,0,1,2,0,2,0,0000000,10,37,10,44,11,20,0,0,0,1,0
21,210375,2,2,0,2,97,0,29,7,2010,5,5,41,0,3,2,US-62,,35,38.30616944,-84.396713890,0,12,2,0,1,1,1,0,2,10,0,10,0,0000000,5,47,5,57,88,88,0,0,0,2,0
21,210376,1,1,0,2,13,0,20,7,2010,3,16,46,0,4,3,SR-186,,18,36.59430556,-83.766547220,0,16,0,0,1,1,1,0,1,10,0,10,0,0000000,16,49,16,51,17,7,0,0,0,1,1
21,210377,2,2,0,3,93,1000,27,7,2010,3,11,55,0,14,2,US-31W,,185,37.71395556,-85.877080560,0,12,6,0,8,1,1,0,1,10,0,10,0,0000000,11,59,12,3,12,27,0,0,0,1,0
21,210378,1,1,0,1,69,1140,31,7,2010,7,7,58,0,3,3,SR-11,SR-11 BYPASS,104,38.41217222,-83.739080560,0,30,0,0,3,2,4,0,1,1,0,1,0,0000000,8,0,8,2,88,88,0,0,0,1,0
21,210379,2,2,0,3,33,0,23,7,2010,6,15,47,1,2,2,US-641,,1,37.17129444,-88.043533330,0,12,2,0,1,1,2,0,1,1,0,1,0,0000000,15,47,16,11,99,99,0,0,0,1,0
21,210380,1,1,0,1,15,1150,1,8,2010,1,2,14,1,1,1,I-75 RAMP,,2,38.95281667,-84.633608330,0,1,0,0,5,1,4,0,2,1,0,1,0,0000000,2,14,2,35,88,88,0,0,0,1,1
21,210381,2,2,0,2,119,2892,2,8,2010,2,5,11,0,2,3,SR-15,,89,37.22223056,-83.032091670,0,12,2,0,1,1,1,0,2,10,0,10,0,0000000,99,99,99,99,99,99,0,0,0,1,0
21,210382,2,2,0,2,69,0,2,8,2010,2,5,0,1,2,2,US-68,,14,38.45436111,-83.951855560,0,12,6,0,1,1,1,0,2,5,0,5,0,0000000,5,9,5,23,99,99,0,0,0,1,0
21,210383,1,1,0,1,105,0,2,8,2010,2,14,28,0,5,3,SR-924,,26,36.57618056,-88.854761110,0,1,0,0,1,1,2,0,1,1,0,1,0,0000000,14,28,14,40,88,88,0,0,0,1,0
21,210384,1,1,0,4,239,0,2,8,2010,2,15,35,0,16,3,SR-1659,,10,38.06025556,-84.740294440,0,53,0,0,1,1,4,0,1,1,0,1,0,0000000,15,38,15,42,16,35,0,0,0,3,0
21,210385,2,2,0,2,59,2490,2,8,2010,2,20,45,1,13,2,US-60,,109,37.77331111,-87.153788890,0,12,6,0,1,1,1,0,3,1,0,1,0,0000000,20,48,20,54,22,25,0,0,0,1,0
21,210386,2,2,0,3,111,2090,4,8,2010,4,7,49,0,5,3,SR-148,,11,38.18716389,-85.449300000,0,12,2,0,1,1,1,0,4,1,0,1,0,0000000,7,51,8,1,8,57,0,0,0,1,1
21,210387,1,1,0,2,47,0,3,8,2010,3,5,45,1,2,8,EB9004,,150,36.93342778,-87.469838890,0,34,0,0,1,1,4,0,4,1,0,1,0,0000000,5,48,5,59,88,88,0,0,0,2,0
21,210388,1,1,0,1,111,2090,4,8,2010,4,15,27,0,16,5,RIVER BIRCH DR.,,0,38.11473889,-85.575472220,0,42,0,0,1,1,5,0,1,1,0,1,0,0000000,15,27,15,44,16,5,0,0,0,1,1
21,210389,1,1,0,1,195,2637,5,8,2010,5,15,7,0,4,3,SR-194,,341,37.45172778,-82.317038890,0,16,0,0,1,1,1,0,1,2,0,2,0,0000000,15,14,15,54,88,88,0,0,0,1,0
21,210390,2,2,0,3,191,0,5,8,2010,5,18,15,0,2,3,SR-27,,153,38.76670000,-84.352855560,0,12,6,0,8,1,1,0,1,1,0,1,0,0000000,18,18,18,22,19,14,0,0,0,1,1
21,210391,1,1,1,3,67,1980,7,8,2010,7,3,38,0,5,3,SR-1681,,23,38.08741944,-84.594383330,0,8,0,0,1,1,1,0,2,1,0,1,0,0000000,3,39,3,46,4,16,0,0,0,1,1
21,210392,1,1,0,1,195,240,7,8,2010,7,16,30,1,2,2,US-119,,217,37.59981667,-82.276052780,0,24,0,0,1,1,4,0,1,10,0,10,0,0000000,16,35,16,39,16,59,0,0,0,1,1
21,210393,1,1,0,2,231,0,8,8,2010,1,8,23,0,5,3,SR-92,,67,36.84981944,-84.873805560,0,35,0,0,1,1,4,0,1,1,0,1,0,0000000,8,29,8,33,8,52,0,0,0,1,0
21,210394,1,1,0,1,211,0,8,8,2010,1,20,49,0,3,3,SR-55,,43,38.16810278,-85.298538890,0,42,0,0,1,1,4,0,2,1,0,1,0,0000000,20,51,20,56,88,88,0,0,0,1,1
21,210395,1,1,0,1,59,0,9,8,2010,2,15,16,0,14,3,SR-81,,109,37.75409167,-87.166944440,0,1,0,0,1,1,4,0,1,1,0,1,0,0000000,15,19,15,23,88,88,0,0,0,1,0
21,210396,1,1,0,2,71,2670,9,8,2010,2,23,40,0,4,3,SR-1428,,118,37.67152500,-82.716750000,0,1,0,0,1,1,1,0,2,10,0,10,0,0000000,23,41,23,43,0,14,0,0,0,1,0
21,210397,3,3,0,9,127,0,6,8,2010,6,13,0,1,2,2,US-23,SR-645,48,37.95221389,-82.668927780,0,12,6,0,2,2,1,2,1,1,0,1,0,0000000,13,6,13,22,13,45,0,0,0,1,0
21,210398,3,3,0,4,15,0,11,8,2010,4,15,6,1,1,1,I-71,,731,38.83720000,-84.680086110,0,12,6,0,1,1,1,0,1,2,0,2,0,0000000,15,7,15,14,88,88,0,0,0,2,0
21,210399,2,2,0,6,211,0,11,8,2010,4,17,55,1,1,1,I-64,,401,38.16344444,-85.117436110,0,24,0,0,1,1,3,0,1,10,0,10,0,0000000,99,99,99,99,99,99,0,0,0,1,0
21,210400,1,1,0,1,117,0,8,8,2010,1,9,41,0,4,2,US-25,,11,38.80015278,-84.593697220,0,1,0,0,1,1,5,0,1,1,0,1,0,0000000,9,43,9,57,10,22,0,0,0,1,0
21,210401,1,1,0,1,167,0,12,8,2010,5,14,49,0,4,3,SR-33,,21,37.73359444,-84.755616670,0,30,0,0,1,1,4,0,1,1,0,1,0,0000000,14,49,15,9,88,88,0,0,0,1,0
21,210402,1,1,0,1,107,0,12,8,2010,5,17,21,1,2,3,SR-9001,,265,37.19676667,-87.651586110,0,1,0,0,1,1,3,0,1,10,0,10,0,0000000,17,25,17,44,88,88,0,0,0,1,0
21,210403,1,1,0,1,123,0,3,8,2010,3,16,21,0,3,2,US-31E,,178,37.61674722,-85.629586110,0,1,0,0,1,1,2,0,1,1,0,1,0,0000000,16,22,16,37,88,88,0,0,0,1,0
21,210404,1,1,0,2,179,0,1,8,2010,1,18,9,0,4,2,US-62,,291,37.90279444,-85.283602780,0,32,0,0,1,1,4,0,1,1,0,1,0,0000000,18,11,18,13,99,99,0,0,0,2,1
21,210405,1,1,1,1,25,1720,1,8,2010,1,21,59,1,2,3,SR-15,,177,37.55720000,-83.382755560,0,8,0,0,1,1,1,0,2,1,0,1,0,0000000,22,4,22,4,22,14,0,0,0,1,0
21,210406,1,1,0,1,151,0,13,8,2010,6,0,35,0,5,3,SR-594,,19,37.57733889,-84.171325000,0,42,0,0,1,1,4,0,2,1,0,1,0,0000000,0,39,0,52,88,88,0,0,0,1,1
21,210407,1,1,0,2,111,2090,13,8,2010,6,4,42,1,1,1,I-265,,2,38.11909444,-85.633791670,0,1,0,1,5,1,4,0,2,1,0,1,0,0000000,99,99,99,99,99,99,0,0,0,1,1
21,210408,1,1,0,1,101,0,13,8,2010,6,14,50,0,14,3,SR-136,,171,37.81288611,-87.683130560,0,42,0,0,1,1,4,0,1,1,0,1,0,0000000,14,51,14,58,88,88,0,0,0,1,1
21,210409,1,1,0,1,193,955,13,8,2010,6,0,0,0,4,3,SR-476,,81,37.34273056,-83.124619440,0,35,0,0,1,1,4,0,2,10,0,10,0,0000000,13,24,13,36,88,88,0,0,0,1,0
21,210410,1,1,0,3,205,0,14,8,2010,7,2,45,0,3,3,SR-519,,78,38.13327500,-83.419188890,0,5,0,0,1,1,1,0,2,10,0,10,0,0000000,2,47,2,49,99,99,0,0,0,1,0
21,210411,1,1,0,4,49,0,14,8,2010,7,4,1,0,5,3,SR-1927,,47,37.99048056,-84.233722220,0,35,0,0,1,1,5,0,2,1,0,1,0,0000000,4,6,4,9,4,38,0,0,0,1,1
21,210412,1,1,0,2,117,0,14,8,2010,7,7,11,0,14,3,SR-536,,28,38.93294167,-84.566875000,0,38,0,0,1,1,4,0,1,1,0,1,0,0000000,7,11,7,20,7,50,0,0,0,1,1
21,210413,1,1,0,1,137,0,15,8,2010,1,1,5,0,6,4,VIC GREER ROAD,,1,37.35337500,-84.599705560,0,1,0,0,1,1,4,0,2,10,0,10,0,0000000,1,10,1,26,2,21,0,0,0,1,1
21,210414,2,2,0,2,237,0,16,8,2010,2,15,41,0,5,3,SR-746,,1,37.74832222,-83.525361110,0,12,2,0,1,1,1,0,1,1,0,1,1,0000000,15,42,15,43,17,11,0,0,0,1,0
21,210415,1,1,1,1,111,1740,16,8,2010,2,17,49,0,14,3,SR-1819,,77,38.16661667,-85.569719440,0,8,0,0,1,1,1,0,1,1,0,1,0,0000000,17,49,17,54,18,21,0,0,0,1,0
21,210416,1,1,0,2,51,0,17,8,2010,3,20,3,0,6,3,SR-3469,,7,37.08339167,-83.743930560,0,1,0,0,1,1,4,0,5,2,0,2,0,0000000,20,3,20,12,20,42,0,0,0,1,0
21,210417,2,2,0,3,29,0,8,8,2010,1,9,45,0,5,3,SR-1417,,9,38.01330833,-85.799961110,0,12,2,0,1,1,1,0,1,1,0,1,0,0000000,9,45,9,52,10,20,0,0,0,1,0
21,210418,1,1,0,1,45,0,8,8,2010,1,16,27,0,4,3,SR-70,,24,37.30188056,-85.108594440,0,42,0,0,1,1,4,0,1,1,0,1,0,0000000,16,27,16,43,17,46,0,0,0,1,0
21,210419,2,2,0,3,69,1140,20,8,2010,6,16,20,0,3,3,SR-11,,110,38.40067222,-83.746591670,0,12,2,0,1,1,2,0,1,1,0,1,0,0000000,16,33,16,35,16,45,0,0,0,2,0
21,210420,1,1,0,1,83,1100,20,8,2010,6,15,0,0,4,3,SR-80,,17,36.79633056,-88.786438890,0,35,0,0,1,1,4,0,1,10,0,10,0,0000000,19,43,19,55,88,88,0,0,0,1,0
21,210421,3,3,0,5,15,1150,6,8,2010,6,9,55,0,13,2,US-25,,111,39.00434444,-84.619188890,0,12,7,0,1,1,1,0,1,1,0,1,0,0000000,9,56,9,59,10,25,0,0,0,1,0
21,210422,1,1,0,1,75,0,21,8,2010,7,6,25,0,5,3,SR-11,,69,36.50218611,-88.983508330,0,35,0,0,1,1,4,0,1,10,0,10,0,0000000,6,38,6,51,7,20,0,0,0,1,0
21,210423,1,1,0,1,197,0,21,8,2010,7,12,43,1,2,3,SR-9000,,350,37.78387500,-83.648700000,0,1,0,0,1,1,3,0,1,2,0,2,0,0000000,12,54,12,58,13,49,0,0,0,1,0
21,210424,2,2,0,3,121,0,22,8,2010,1,22,11,0,6,4,WARRIORS PATH,,16,36.85043611,-83.764141670,0,12,2,0,1,1,1,0,2,1,0,1,0,0000000,22,18,22,29,23,25,0,0,0,1,0
21,210425,4,4,1,4,15,1150,25,8,2010,4,0,49,1,11,1,I-75,,1764,38.91558056,-84.628672220,0,12,2,0,1,1,1,0,3,1,0,1,0,0000000,0,50,1,1,1,44,0,0,0,1,0
21,210426,3,3,1,3,41,0,25,8,2010,4,0,35,0,5,3,SR-47,,73,38.69998056,-85.035811110,0,12,8,0,1,1,1,0,2,1,0,1,0,0000000,0,39,0,50,88,88,19,0,0,1,1
21,210427,2,2,1,3,111,2090,25,8,2010,4,10,43,0,16,5,23RD ST,HILL ST.,17,38.22918056,-85.795197220,0,12,6,0,2,2,1,0,1,1,0,1,0,0000000,10,44,10,53,11,10,0,0,0,1,0
21,210428,2,2,1,2,71,1426,25,8,2010,4,22,1,1,2,2,US-23,,7,37.53368889,-82.617788890,0,8,0,0,1,1,1,0,2,1,0,1,0,0000000,88,88,88,88,88,88,0,0,0,1,0
21,210429,2,2,0,3,139,0,26,8,2010,5,7,36,0,5,3,SR-70,,1,37.13900556,-88.383163890,0,12,8,0,1,1,1,0,4,1,0,1,0,0000000,7,40,7,49,8,19,0,0,0,1,0
21,210430,1,1,0,1,211,0,26,8,2010,5,21,12,0,5,3,SR-148,,69,38.14670833,-85.322400000,0,35,0,0,1,1,4,0,2,1,0,1,0,0000000,21,12,21,20,88,88,0,0,0,1,0
21,210431,1,1,1,1,93,0,26,8,2010,5,22,15,1,1,1,I-65,,997,37.77488611,-85.778716670,0,8,0,0,1,1,1,0,2,1,0,1,0,0000000,22,27,22,42,88,88,0,0,0,1,0
21,210432,1,1,0,1,37,0,18,8,2010,4,3,15,0,5,3,SR-10,,60,38.91948611,-84.333586110,0,1,0,0,1,1,4,0,2,1,0,1,0,0000000,3,16,3,27,88,88,0,0,0,1,1
21,210433,1,1,0,2,37,0,14,8,2010,7,21,11,0,15,3,SR-8,,62,39.06664722,-84.437741670,0,10,0,0,6,1,1,0,5,10,0,10,0,9999999,21,12,21,21,21,46,0,0,0,1,1
21,210434,2,2,0,2,95,840,28,8,2010,7,7,5,1,2,2,US-119,,317,36.96878611,-83.017975000,0,12,6,0,1,1,1,0,4,5,0,5,0,0000000,99,99,99,99,88,88,0,0,0,1,0
21,210435,2,2,0,4,15,455,28,8,2010,7,12,35,0,16,4,ROGERS LANE,HOLLY HILL DR.,6,39.01985556,-84.718841670,0,12,6,0,2,3,1,0,1,1,0,1,0,0000000,12,35,12,39,88,88,0,0,0,1,0
21,210436,1,1,0,1,111,2090,28,8,2010,7,20,1,0,16,5,INDEPENDENCE SCHOOL,,7,38.10140000,-85.583497220,0,42,0,0,1,1,4,0,1,1,0,1,0,0000000,99,99,99,99,88,88,0,0,0,1,1
21,210437,1,1,1,1,237,0,28,8,2010,7,21,13,0,4,3,SR-191,,79,37.77848333,-83.433522220,0,8,0,0,1,1,1,0,2,1,0,1,0,0000000,99,99,99,99,99,99,0,0,0,1,0
21,210438,1,1,0,2,117,800,26,8,2010,5,2,55,1,11,1,I-75,,1898,39.06704722,-84.520697220,0,31,0,0,1,1,4,0,3,1,0,1,0,0000000,2,55,3,0,3,18,20,0,0,1,1
21,210439,2,2,0,5,133,1750,30,8,2010,2,20,49,1,2,2,US-23,,7,37.14663611,-82.620491670,0,12,2,0,1,1,1,0,2,1,0,1,0,0000000,21,4,21,50,22,33,0,0,0,2,1
21,210440,1,1,0,1,195,1794,30,8,2010,2,21,52,0,3,3,SR-632,,35,37.48609722,-82.283563890,0,42,0,0,1,1,4,0,2,1,0,1,0,0000000,21,58,22,16,88,88,0,0,0,1,0
21,210441,2,2,0,2,37,50,28,8,2010,7,3,22,0,13,2,US-27,VIEPOINT DRIVE,121,38.98485000,-84.402058330,0,12,1,0,3,2,1,0,3,1,0,1,0,0000000,3,23,3,27,3,57,0,0,0,1,0
21,210442,1,1,0,4,3,0,5,8,2010,5,13,12,0,4,3,SR-98,,38,36.76068611,-86.118780560,0,1,0,0,1,1,4,0,1,1,0,1,0,0000000,13,13,13,20,13,57,0,0,0,1,0
21,210443,1,1,0,1,239,0,17,8,2010,3,16,53,0,6,4,FORDS MILL RD,,9,37.95133889,-84.724888890,0,35,0,0,1,1,4,0,1,1,0,1,0,0000000,16,53,17,5,17,56,0,0,0,1,1
21,210444,1,1,0,1,11,0,25,8,2010,4,12,0,0,5,3,SR-1325,,64,38.26571389,-83.791908330,0,24,0,0,1,1,4,0,1,1,0,1,0,0000000,12,11,12,26,88,88,0,0,0,1,0
21,210445,1,1,0,1,109,0,6,8,2010,6,2,5,0,3,2,US-421,,7,37.30160556,-83.875208330,0,42,0,0,1,1,4,0,2,5,0,5,0,0000000,2,5,2,24,88,88,0,0,0,1,0
21,210446,1,1,0,2,235,770,23,8,2010,2,20,55,1,11,1,I-75,,256,36.92375278,-84.128236110,0,1,0,0,1,1,3,0,2,1,0,1,0,0000000,99,99,99,99,99,99,0,0,0,1,0
21,210447,1,1,0,1,151,270,11,8,2010,4,11,13,0,16,5,MAYDE ROAD,,12,37.61450278,-84.303588890,0,10,0,0,6,1,1,0,1,1,0,1,0,353537M,11,14,11,20,88,88,0,0,0,1,0
21,210448,2,2,0,2,199,0,24,8,2010,3,6,37,0,4,3,SR-192,,181,37.02091944,-84.323586110,0,12,2,0,1,1,1,0,4,8,0,8,0,0000000,6,38,7,4,88,88,0,0,0,1,0
21,210449,2,2,0,6,93,1000,3,8,2010,3,19,23,1,13,2,US-31WB,COLLEGE ST,13,37.69195278,-85.872052780,0,12,6,0,2,2,1,0,1,1,0,1,0,0000000,19,28,19,34,19,40,0,0,0,1,0
21,210450,2,2,0,3,227,0,13,8,2010,6,7,15,1,11,1,I-65,,239,36.95236111,-86.406483330,0,12,7,0,1,1,1,0,1,10,0,10,0,0000000,7,15,7,23,7,52,0,0,0,1,0
21,210451,2,2,0,2,29,707,25,8,2010,4,15,46,0,3,3,SR-245,,43,37.92104444,-85.645036110,0,12,2,0,1,1,1,0,1,1,0,1,0,0000000,15,47,15,59,16,37,0,0,0,1,0
21,210452,1,1,0,2,3,0,1,9,2010,4,15,15,0,4,3,SR-101,,32,36.78646667,-86.184738890,0,42,0,0,1,1,4,0,1,1,0,1,0,0000000,15,15,15,23,15,47,0,0,0,1,0
21,210453,1,1,0,1,93,0,2,9,2010,5,11,0,0,6,5,UPPER COLESBURG RD,,16,37.74974722,-85.779105560,0,1,0,0,1,1,4,0,1,1,0,1,0,0000000,15,17,15,29,88,88,0,0,0,1,0
21,210454,2,2,0,2,95,0,3,9,2010,6,8,24,0,13,2,US-421,,34,36.76398611,-83.172683330,0,12,6,0,8,1,1,0,1,5,0,5,0,0000000,8,29,8,38,88,88,0,0,0,1,0
21,210455,1,1,0,1,111,2090,6,9,2010,2,4,14,0,16,5,BROAD RUN RD,,10,38.11548333,-85.541997220,0,53,0,0,1,1,4,0,2,1,0,1,0,0000000,4,17,4,30,5,4,0,0,0,1,1
21,210456,1,1,0,1,231,0,6,9,2010,2,8,8,0,5,3,SR-92,,53,36.84786111,-84.871358330,0,38,0,0,1,1,4,0,1,1,0,1,0,0000000,8,11,8,19,8,40,0,0,0,1,0
21,210457,1,1,0,1,193,788,6,9,2010,2,19,50,0,4,3,SR-7,,134,37.12617500,-83.049944440,0,24,0,0,1,1,4,0,5,10,0,10,0,0000000,99,99,99,99,99,99,0,0,0,1,1
21,210458,1,1,0,1,47,0,7,9,2010,3,15,4,1,2,3,SR-9004,,202,37.00125000,-87.463058330,0,24,0,0,1,1,4,0,1,1,0,1,0,0000000,15,7,15,28,15,57,0,0,0,1,0
21,210459,1,1,0,1,47,0,5,9,2010,1,15,10,0,6,3,SR-800,,112,37.03003333,-87.404866670,0,1,0,0,1,1,4,0,1,1,0,1,0,0000000,15,16,15,37,16,0,0,0,0,1,0
21,210460,1,1,0,2,89,0,5,9,2010,1,18,26,0,6,4,CULP CREEK RD,,13,38.46578611,-82.801680560,0,1,0,0,1,1,4,0,1,10,0,10,0,0000000,18,36,18,56,19,41,0,0,0,1,0
21,210461,1,1,0,1,221,0,8,9,2010,4,8,2,0,4,3,SR-139,,2,36.63736389,-87.820586110,0,42,0,0,1,1,4,0,1,1,0,1,0,0000000,8,24,8,44,88,88,0,0,0,1,0
21,210462,1,1,0,1,21,0,8,9,2010,4,14,18,0,6,4,BONTA LANE,,6,37.60046111,-84.783511110,0,1,0,0,1,1,4,0,1,10,0,10,0,0000000,14,21,14,27,15,22,0,0,0,1,0
21,210463,2,2,0,2,67,1980,5,9,2010,1,12,55,0,15,3,SR-1681,COX ST.,76,38.05170833,-84.507308330,0,12,6,0,2,2,1,0,1,1,0,1,0,0000000,12,57,13,0,13,27,0,0,0,1,0
21,210464,2,2,0,2,199,0,10,9,2010,6,14,8,1,2,3,SR-80,,321,37.15768333,-84.416713890,0,12,6,0,1,1,1,0,1,2,0,2,0,0000000,14,8,14,23,88,88,0,0,0,1,0
21,210465,2,2,0,2,119,0,10,9,2010,6,17,15,1,2,3,SR-15,,31,37.21371944,-82.948922220,0,12,2,0,1,1,1,0,1,2,0,2,0,0000000,99,99,99,99,99,99,0,0,0,1,1
21,210466,1,1,0,1,167,0,11,9,2010,7,3,27,0,5,3,SR-1160,,89,37.85415278,-84.900327780,0,42,0,0,1,1,4,0,2,2,0,2,0,0000000,3,51,4,4,88,88,0,0,0,1,0
21,210467,1,1,0,1,211,0,11,9,2010,7,11,6,0,3,2,US-60,,54,38.21761667,-85.300125000,0,53,0,0,1,1,4,0,1,10,0,10,0,0000000,11,6,11,12,88,88,0,0,0,1,0
21,210468,1,1,0,1,195,2620,12,9,2010,1,22,0,0,4,3,SR-194,,567,37.51769167,-82.153872220,0,31,0,0,1,1,4,0,2,1,0,1,0,0000000,22,5,22,8,88,88,0,0,0,1,1
21,210469,2,2,0,3,93,0,13,9,2010,2,16,45,1,1,1,I-65SB,,801,37.51673889,-85.885663890,0,12,1,0,1,1,1,1,1,1,0,1,0,0000000,16,45,17,3,17,36,0,0,0,1,0
21,210470,4,4,0,7,111,2090,13,9,2010,2,8,0,0,13,2,US-60A,,6,38.18797222,-85.784597220,0,12,7,0,1,1,1,0,1,1,0,1,1,0000000,8,5,8,9,9,3,0,0,0,1,0
21,210471,3,3,0,3,5,1900,15,9,2010,4,10,37,1,13,2,US-127,US-62,32,38.03693889,-84.896358330,0,12,1,0,3,2,1,0,1,1,0,1,0,0000000,10,40,10,59,11,24,0,0,0,1,0
21,210472,2,2,0,4,47,0,16,9,2010,5,11,55,1,11,1,I-24,,880,36.67953611,-87.399844440,0,12,6,0,1,1,1,0,1,1,0,1,0,0000000,11,55,12,5,13,22,0,0,0,1,0
21,210473,2,2,0,2,125,0,16,9,2010,5,20,13,0,4,3,SR-80,,178,37.08257222,-83.964900000,0,12,2,0,1,1,1,0,2,1,0,1,0,0000000,20,14,20,29,20,59,0,0,0,1,1
21,210474,1,1,0,3,167,0,13,9,2010,2,20,41,0,5,3,SR-390,,96,37.80608889,-84.899125000,0,52,0,0,1,1,4,0,2,1,0,1,0,0000000,20,45,20,50,21,25,0,0,0,1,0
21,210475,2,2,0,2,59,2490,17,9,2010,6,22,45,0,14,3,SR-2698,US-60 RAMP,23,37.77378611,-87.148169440,0,12,6,0,2,3,1,0,3,1,0,1,0,0000000,22,51,23,0,23,15,0,0,0,1,0
21,210476,2,2,0,2,111,2090,16,9,2010,5,9,24,1,11,1,I-65,,1254,38.11984167,-85.701672220,0,12,7,0,1,1,1,0,1,2,0,2,0,0000000,9,32,9,48,10,23,0,0,0,1,0
21,210477,1,1,0,1,27,0,18,9,2010,7,0,51,0,4,3,SR-86,,261,37.70365278,-86.201133330,0,11,0,0,1,1,1,0,2,1,0,1,0,0000000,0,53,1,15,88,88,0,0,0,1,1
21,210478,1,1,0,1,111,1740,18,9,2010,7,12,51,1,11,1,I-64,,168,38.22324722,-85.532513890,0,25,0,0,1,1,3,0,1,1,0,1,0,0000000,12,53,12,59,13,35,0,0,0,1,0
21,210479,1,1,0,1,163,0,19,9,2010,1,1,2,0,2,2,US-60,,15,37.88237222,-86.200147220,0,39,0,0,1,1,4,0,2,1,0,1,0,0000000,1,3,1,12,1,55,0,0,0,1,0
21,210480,1,1,0,2,43,0,19,9,2010,1,13,14,0,6,3,SR-1947,,14,38.34589722,-82.968405560,0,42,0,0,1,1,4,0,1,1,0,1,0,0000000,13,21,13,26,99,99,0,0,0,2,0
21,210481,1,1,0,1,9,0,19,9,2010,1,16,17,0,6,4,HARRY KING RD,,24,37.05706111,-85.961322220,0,1,0,0,1,1,1,0,1,1,0,1,0,0000000,16,17,16,27,99,99,0,0,0,1,1
21,210482,1,1,0,4,47,2580,19,9,2010,1,18,5,0,6,5,DUFFY ST,,2,36.77428056,-87.353369440,0,10,0,0,6,1,1,0,1,1,0,1,0,345246C,18,17,18,28,19,30,0,0,0,3,0
21,210483,2,2,0,2,51,0,21,9,2010,3,19,54,0,5,3,SR-66,,328,37.26595833,-83.640161110,0,12,2,0,8,1,1,0,2,1,0,1,0,0000000,19,56,20,14,20,46,0,0,0,1,1
21,210484,2,2,0,2,151,2750,23,9,2010,5,13,56,1,13,2,US-25,,122,37.68326111,-84.259900000,0,12,6,0,8,1,1,0,1,1,0,1,0,0000000,14,0,14,1,88,88,0,0,0,1,0
21,210485,1,1,0,2,15,3400,23,9,2010,5,3,30,1,1,1,I-75,,1721,38.86627778,-84.623908330,0,24,0,0,1,1,4,0,2,10,0,10,0,0000000,3,30,3,36,4,9,0,0,0,1,0
21,210486,2,2,0,2,111,2090,24,9,2010,6,16,47,0,5,3,SR-1819,,12,38.12287500,-85.483547220,0,12,2,0,1,1,1,0,1,10,0,10,0,0000000,16,48,17,17,99,99,0,0,0,1,0
21,210487,2,2,0,4,111,2090,25,9,2010,7,16,46,0,13,2,US-60,,41,38.19954167,-85.734430560,0,12,1,0,1,1,1,0,1,1,0,1,0,0000000,16,49,99,99,99,99,0,0,0,1,0
21,210488,1,1,0,1,47,0,25,9,2010,7,18,15,0,5,3,SR-115,,128,36.79684444,-87.323027780,0,35,0,0,1,1,4,0,1,1,0,1,0,0000000,18,32,18,49,88,88,0,0,0,1,0
21,210489,1,1,1,1,237,0,26,9,2010,1,15,58,0,4,3,SR-715,,35,37.73328889,-83.645697220,0,8,0,0,1,1,1,0,1,10,0,10,0,0000000,16,0,16,3,88,88,0,0,0,1,0
21,210490,1,1,0,2,157,0,26,9,2010,1,17,50,0,6,3,SR-1477,,0,36.86774167,-88.329819440,0,42,0,0,1,1,4,0,1,1,0,1,0,0000000,17,56,18,1,18,24,0,0,0,1,1
21,210491,2,2,0,4,179,0,26,9,2010,1,20,50,0,5,3,SR-46,,69,37.74075556,-85.507105560,0,12,2,0,1,1,1,0,2,1,0,1,0,0000000,20,57,21,6,21,41,0,0,0,1,1
21,210492,1,1,1,2,25,0,4,9,2010,7,4,15,0,4,3,SR-1812,,18,37.53338056,-83.345588890,0,8,0,0,1,1,1,0,2,5,0,5,0,0000000,4,51,4,56,88,88,0,0,0,1,0