STATE,ST_CASE,VE_TOTAL,VE_FORMS,PEDS,PERSONS,COUNTY,CITY,DAY,MONTH,YEAR,DAY_WEEK,HOUR,MINUTE,NHS,ROAD_FNC,ROUTE,TWAY_ID,TWAY_ID2,MILEPT,LATITUDE,LONGITUD,SP_JUR,HARM_EV,MAN_COLL,RELJCT1,RELJCT2,TYP_INT,REL_ROAD,WRK_ZONE,LGT_COND,WEATHER1,WEATHER2,WEATHER,SCH_BUS,RAIL,NOT_HOUR,NOT_MIN,ARR_HOUR,ARR_MIN,HOSP_HR,HOSP_MN,CF1,CF2,CF3,FATALS,DRUNK_DR
21,210493,2,2,0,2,151,2750,4,9,2010,7,8,33,0,13,3,SR-876,BOGGS LANE,92,37.73108611,-84.286255560,0,12,6,0,2,2,1,0,1,1,0,1,0,0000000,8,35,8,39,8,54,0,0,0,1,0
21,210494,2,2,0,2,35,2350,13,9,2010,2,16,53,1,13,2,US-641,MAX HURT DR,110,36.65864167,-88.305713890,0,12,1,0,3,3,1,0,1,1,0,1,0,0000000,16,53,16,58,17,14,0,0,0,1,0
21,210495,1,1,0,1,59,2490,28,9,2010,3,12,16,0,16,8,NEW HARTFORD RD,,99999,37.73347500,-87.089213890,0,31,0,0,1,1,4,0,1,1,0,1,0,0000000,12,17,12,21,12,36,0,0,0,1,0
21,210496,1,1,0,2,9,0,27,9,2010,2,21,30,1,4,3,SR-63,,105,36.93380556,-85.877208330,0,1,0,0,1,1,4,0,2,1,0,1,0,0000000,21,31,21,38,22,3,0,0,0,1,0
21,210497,2,2,0,3,93,0,22,9,2010,4,13,4,0,4,2,US-31W,SR-84,0,37.51983611,-85.880213890,0,12,6,0,2,2,1,0,1,1,0,1,0,0000000,13,5,13,16,13,54,0,0,0,1,0
21,210498,1,1,0,2,79,0,19,9,2010,1,15,9,0,3,3,SR-1295,,8,37.61403611,-84.499680560,0,38,0,0,1,1,4,0,1,1,0,1,0,0000000,15,14,15,21,16,3,0,0,0,1,0
21,210499,1,1,0,3,125,0,27,9,2010,2,12,19,0,4,3,SR-472,,13,37.13626944,-84.049958330,0,42,0,0,1,1,4,0,1,2,0,2,0,0000000,12,19,12,30,13,11,0,0,0,1,0
21,210500,1,1,0,1,151,0,26,9,2010,1,22,41,1,11,1,I-75,,850,37.70083333,-84.317880560,0,1,0,0,1,1,4,0,2,10,0,10,0,0000000,22,46,22,59,23,12,0,0,0,1,0
21,210501,1,1,1,1,215,0,30,9,2010,5,9,23,0,5,3,SR-248,,3,38.04183889,-85.240130560,0,9,0,0,1,1,1,0,1,1,0,1,0,0000000,9,27,9,39,99,99,0,0,0,1,0
21,210502,2,2,0,3,51,0,12,9,2010,1,15,56,0,13,3,SR-80,,59,37.12398611,-83.772038890,0,12,6,0,1,1,1,0,1,1,0,1,0,0000000,16,0,16,3,16,53,0,0,0,1,0
21,210503,1,1,0,2,143,0,30,9,2010,5,0,1,1,1,1,I-24E,,533,36.97567778,-87.899766670,0,1,0,0,1,1,3,0,2,1,0,1,0,0000000,0,25,1,4,1,50,0,0,0,1,0
21,210504,1,1,0,2,163,990,27,9,2010,2,11,56,0,6,3,SR-1736,,5,37.94377500,-86.166394440,0,10,0,0,6,1,1,0,1,1,0,1,0,344070r,11,57,12,3,13,0,0,0,0,1,0
21,210505,1,1,0,1,163,0,26,9,2010,1,11,52,0,4,3,SR-1638,,7,37.95438333,-86.114272220,0,32,0,0,1,1,4,0,1,1,0,1,0,0000000,11,56,11,57,99,99,0,0,0,1,0
21,210506,1,1,0,2,81,3590,20,9,2010,2,4,0,1,1,1,I-75,,1565,38.64958889,-84.586572220,0,1,0,0,1,1,2,0,3,10,0,10,0,0000000,4,9,4,16,4,26,0,0,0,1,0
21,210507,2,2,0,6,19,558,28,9,2010,3,21,24,0,13,3,SR-180,,15,38.37053056,-82.700486110,0,12,2,0,1,1,1,0,2,1,0,1,0,0000000,21,31,21,56,22,24,0,0,0,1,1
21,210508,2,2,0,7,111,2090,15,9,2010,4,21,30,1,13,2,US-31W,,100,38.12409167,-85.853047220,0,12,6,0,8,1,1,0,3,1,0,1,0,0000000,21,30,21,33,22,2,0,0,0,1,0
21,210509,1,1,1,1,227,350,29,9,2010,4,17,7,0,16,5,RICHLAND WAY,COTTONWOOD DR,2,36.98308333,-86.411997220,0,9,0,0,2,3,1,0,1,1,0,1,0,0000000,17,9,17,14,17,24,0,0,0,1,0
21,210510,1,1,0,1,73,0,23,9,2010,5,20,42,0,6,3,SR-898,,6,38.23885556,-84.862519440,0,1,0,0,1,1,4,0,1,1,0,1,0,0000000,20,42,20,50,99,99,0,0,0,1,0
21,210511,1,1,0,1,235,0,16,9,2010,5,9,54,1,1,1,I-75,,189,36.83072222,-84.164027780,0,1,0,0,1,1,3,0,1,1,0,1,0,0000000,99,99,99,99,99,99,0,0,0,1,0
21,210512,3,3,0,4,29,0,30,8,2010,2,11,22,0,13,3,SR-61,,188,38.03348889,-85.689066670,0,12,8,0,1,1,1,0,1,1,0,1,0,0000000,11,22,11,27,99,99,0,0,0,1,0
21,210513,1,1,0,1,197,0,11,9,2010,7,8,18,0,5,3,SR-1057,,18,37.81659722,-83.919452780,0,42,0,0,1,1,4,0,1,10,0,10,0,0000000,8,19,8,45,88,88,0,0,0,1,0
21,210514,1,1,0,1,121,0,2,8,2010,2,16,27,1,2,2,US-25E,,135,36.90011111,-83.888811110,0,35,0,0,1,1,4,0,1,1,0,1,0,0000000,16,30,16,35,16,56,0,0,0,1,0
21,210515,1,1,0,1,209,0,25,2,2010,5,20,30,0,5,3,SR-922,,77,38.26658889,-84.497050000,0,42,0,0,1,1,4,0,2,1,0,1,0,0000000,99,99,99,99,88,88,0,0,0,1,1
21,210516,1,1,0,2,57,0,23,8,2010,2,13,55,0,5,3,SR-214,,44,36.64597222,-85.396213890,0,1,0,0,1,1,4,0,1,1,0,1,0,0000000,13,55,14,7,14,30,0,0,0,1,0
21,210517,1,1,0,2,155,0,14,8,2010,7,18,0,0,5,3,SR-527,,86,37.56665833,-85.429558330,0,1,0,0,1,1,4,0,1,2,0,2,0,0000000,18,0,18,15,18,45,0,0,0,1,1
21,210518,2,2,0,3,195,0,2,10,2010,7,14,4,0,4,3,SR-122,,124,37.38959444,-82.523933330,0,12,6,0,98,1,1,0,1,1,0,1,0,0000000,99,99,99,99,99,99,0,0,0,2,0
21,210519,1,1,0,1,53,0,2,10,2010,7,19,32,0,5,3,SR-696,,37,36.68666111,-85.056152780,0,1,0,0,1,1,1,0,2,1,0,1,0,0000000,19,36,19,45,88,88,0,0,0,1,1
21,210520,2,2,0,3,35,0,2,10,2010,7,19,21,0,6,4,ROBERTSON RD SOUTH,,8,36.58416667,-88.350247220,0,12,2,0,1,1,1,0,2,1,0,1,0,0000000,19,22,19,25,19,47,0,0,0,1,0
21,210521,1,1,0,2,155,0,2,10,2010,7,1,40,0,4,3,SR-527,,152,37.66666667,-85.443805560,0,35,0,0,1,1,5,0,2,1,0,1,0,0000000,1,40,1,50,2,30,0,0,0,1,1
21,210522,2,2,0,2,111,2090,3,10,2010,1,4,22,0,13,3,SR-1865,,49,38.16567222,-85.780219440,0,12,2,0,1,1,1,0,3,10,0,10,0,0000000,4,22,4,33,99,99,0,0,0,1,1
21,210523,2,2,0,2,161,0,4,10,2010,2,21,0,1,13,2,US-68,,106,38.58266111,-83.827913890,0,12,2,0,1,1,1,0,2,10,0,10,0,0000000,21,2,21,9,21,26,0,0,0,1,0
21,210524,2,2,0,2,67,1980,1,10,2010,6,12,38,0,5,3,SR-1681,SR-1977,17,38.09059444,-84.601400000,0,12,6,0,2,3,1,0,1,1,0,1,0,0000000,12,40,12,52,13,13,0,0,0,1,0
21,210525,2,2,0,2,59,0,6,10,2010,4,6,25,0,2,2,US-431,MARKSBERRY ROAD EAST,57,37.64985833,-87.122419440,0,12,1,0,3,2,1,0,2,1,0,1,0,0000000,6,49,6,54,7,18,0,0,0,1,0
21,210526,1,1,0,1,205,0,3,10,2010,1,5,45,0,3,3,SR-519,,54,38.09937500,-83.411036110,0,32,0,0,1,1,4,0,2,1,0,1,0,0000000,5,50,5,54,99,99,0,0,0,1,0
21,210527,2,2,0,2,169,0,8,10,2010,6,15,22,0,3,3,SR-90,CEMETERY RD,29,36.88363611,-85.699452780,0,12,2,0,2,3,1,0,1,1,0,1,0,0000000,15,22,15,38,16,5,0,0,0,1,0
21,210528,1,1,0,2,45,0,8,10,2010,6,17,20,0,4,3,SR-49,,115,37.43602222,-85.013066670,0,19,0,0,1,1,5,0,1,1,0,1,0,0000000,17,45,17,54,88,88,0,0,0,1,1
21,210529,1,1,0,1,181,0,9,10,2010,7,11,12,0,5,3,SR-3315,,4,38.30340833,-83.889327780,0,35,0,0,1,1,4,0,1,1,0,1,0,0000000,11,14,11,26,12,12,0,0,0,1,0
21,210530,2,2,0,4,239,3360,9,10,2010,7,16,51,1,13,2,US-60,US-60 BYPASS,93,38.05093056,-84.715008330,0,12,6,0,2,3,1,0,1,1,0,1,0,0000000,16,52,16,54,17,31,0,0,0,2,0
21,210531,1,1,0,1,163,0,10,10,2010,1,1,34,0,6,4,CHARLIE PILE RD,,0,37.89006111,-86.239586110,0,34,0,0,1,1,4,0,2,1,0,1,0,0000000,99,99,99,99,88,88,0,0,0,1,1
21,210532,1,1,1,5,67,1980,10,10,2010,1,19,32,1,13,2,US-25,RICHMOND SERVICE RD,106,38.01171667,-84.458427780,0,8,0,0,2,2,1,0,3,1,0,1,0,0000000,19,32,19,35,19,48,0,0,0,1,0
21,210533,2,2,0,2,73,1220,11,10,2010,2,3,23,1,11,2,US-60,SR-676,121,38.18858056,-84.821833330,0,12,2,1,3,3,1,0,3,10,0,10,0,0000000,3,26,3,36,4,14,0,0,0,1,1
21,210534,2,2,0,7,195,2640,10,10,2010,1,20,22,1,2,2,US-23,,301,37.53222500,-82.577577780,0,12,2,0,8,1,1,0,2,1,0,1,0,0000000,20,23,20,31,20,48,0,0,0,1,0
21,210535,3,3,0,5,177,0,12,10,2010,3,15,10,0,5,3,SR-171,,101,37.15846944,-87.197113890,0,12,2,0,1,1,1,0,1,2,0,2,0,0000000,15,11,15,19,15,33,0,0,0,2,0
21,210536,1,1,0,1,29,0,12,10,2010,3,16,20,0,6,4,FLATLICK RD,,0,38.05079444,-85.549291670,0,1,0,0,1,1,2,0,1,1,0,1,0,0000000,16,21,16,27,17,30,0,0,0,1,0
21,210537,2,2,0,3,39,0,12,10,2010,3,18,10,0,6,3,SR-1628,,41,36.92924167,-88.846350000,0,12,2,0,1,1,1,0,5,1,0,1,0,0000000,18,14,18,29,88,88,0,0,0,1,1
21,210538,1,1,0,1,71,2670,12,10,2010,3,18,39,0,6,3,SR-3386,,29,37.67566944,-82.683619440,0,1,0,0,1,1,4,0,1,1,0,1,0,0000000,18,39,18,50,88,88,0,0,0,1,0
21,210539,2,2,0,2,163,0,11,10,2010,2,17,15,1,2,2,US-60,SR-144,79,37.88183056,-86.100025000,0,12,2,0,2,2,1,0,1,1,0,1,0,0000000,17,16,17,42,99,99,0,0,0,1,0
21,210540,1,1,1,1,97,850,1,10,2010,6,10,19,0,13,2,US-27,,99999,38.36766944,-84.314961110,0,8,0,0,1,1,1,0,1,1,0,1,0,0000000,10,21,10,23,10,30,0,0,0,1,0
21,210541,1,1,1,1,121,0,13,10,2010,4,6,25,1,2,2,US-25E,,156,36.91140278,-83.913661110,0,8,0,0,1,1,1,0,2,5,0,5,0,0000000,99,99,99,99,88,88,0,0,0,1,0
21,210542,1,1,1,1,47,1620,11,10,2010,2,11,47,0,16,6,EAST 1ST STREET,LEWIS STREET,7,36.86684167,-87.472597220,0,9,0,0,2,3,1,0,1,1,0,1,0,0000000,11,49,11,51,12,6,0,0,0,1,0
21,210543,2,2,0,9,67,1980,10,10,2010,1,16,55,0,13,3,SR-922,,1,38.06110833,-84.500613890,0,12,1,0,1,1,2,0,1,1,0,1,0,0000000,17,1,17,5,17,17,0,0,0,1,0
21,210544,2,2,0,4,33,2690,3,10,2010,1,23,12,0,14,2,US-62,,36,37.10680556,-87.916716670,0,12,6,0,8,1,1,0,3,1,0,1,0,0000000,23,12,23,15,23,35,0,0,0,1,1
21,210545,2,2,0,7,137,0,13,10,2010,4,21,5,0,3,2,US-150,SINGLETON LANE,173,37.43467500,-84.466044440,0,12,2,0,2,2,1,0,2,2,0,2,0,0000000,99,99,99,99,99,99,0,0,0,1,0
21,210546,1,1,0,2,103,0,14,10,2010,5,10,54,0,5,3,SR-712,,10,38.41096111,-85.300683330,0,42,0,0,1,1,4,0,1,10,0,10,0,0000000,10,57,11,8,12,0,0,0,0,1,0
21,210547,2,2,0,2,227,0,12,10,2010,3,10,2,0,3,3,SR-101,,121,37.08363333,-86.216411110,0,12,2,0,1,1,1,0,1,2,0,2,0,0000000,10,4,10,17,10,41,0,0,0,1,0
21,210548,1,1,0,3,35,0,16,10,2010,7,17,43,0,5,3,SR-280,,63,36.60395278,-88.150563890,0,1,0,0,1,1,1,0,1,1,0,1,0,0000000,17,50,18,6,18,33,0,0,0,1,0
21,210549,2,2,0,3,111,2090,18,10,2010,2,18,43,0,13,3,SR-1020,OLD TOWN RD,52,38.14819167,-85.760372220,0,12,6,0,2,3,1,0,1,1,0,1,0,0000000,18,44,18,54,19,20,0,0,0,1,0
21,210550,2,2,0,2,93,0,20,10,2010,4,9,40,1,1,1,I-65,,949,37.71906667,-85.828455560,0,12,7,0,1,1,1,0,1,1,0,1,0,0000000,99,99,99,99,88,88,0,0,0,1,0
21,210551,3,3,0,3,125,0,20,10,2010,4,13,25,1,2,3,SR-80,,28,37.15812778,-84.244150000,0,12,8,0,1,1,1,0,1,1,0,1,0,0000000,13,27,13,40,13,55,0,0,0,1,0
21,210552,2,2,0,2,179,170,14,10,2010,5,16,23,0,3,3,SR-245,PATRIOT DR.,73,37.85167778,-85.509080560,0,12,6,0,2,3,1,0,1,1,0,1,0,0000000,16,24,16,27,16,33,0,0,0,1,0
21,210553,1,1,0,1,179,0,12,10,2010,3,22,8,0,5,3,SR-605,,75,37.79944167,-85.371922220,0,42,0,0,1,1,4,0,2,1,0,1,0,0000000,22,12,22,14,88,88,0,0,0,1,0
21,210554,3,3,0,3,211,0,22,10,2010,6,14,59,0,13,2,US-60,,122,38.21006389,-85.184727780,0,12,1,0,1,1,1,0,1,1,0,1,0,0000000,15,0,15,3,88,88,14,0,0,1,0
21,210555,2,2,0,2,111,2090,23,10,2010,7,16,9,1,12,3,SR-841,,22,38.09153889,-85.837769440,0,12,7,0,1,1,1,0,1,1,0,1,0,0000000,99,99,99,99,88,88,0,0,0,1,0
21,210556,1,1,0,3,137,0,23,10,2010,7,22,43,1,2,2,US-150,,2,37.58563611,-84.715747220,0,39,0,0,1,1,4,0,2,10,0,10,0,0000000,22,43,22,46,99,99,0,0,0,1,1
21,210557,1,1,0,1,25,1720,22,10,2010,6,19,3,0,6,4,PANBOWL RD,,9,37.56679444,-83.367519440,0,1,0,0,1,1,4,0,2,1,0,1,0,0000000,88,88,88,88,88,88,0,0,0,1,1
21,210558,1,1,0,2,1,0,22,10,2010,6,23,41,0,5,3,SR-92,,10,37.04829167,-85.240002780,0,35,0,0,1,1,4,0,2,1,0,1,0,0000000,23,55,0,3,0,31,0,0,0,1,1
21,210559,1,1,0,1,131,848,24,10,2010,1,9,0,0,6,5,BEECH BOTTOM RD,,5,37.09277222,-83.257483330,0,1,0,0,1,1,4,0,1,10,0,10,0,0000000,9,2,9,3,88,88,0,0,0,1,1
21,210560,1,1,0,4,193,1827,23,10,2010,7,8,51,0,5,3,SR-451,,160,37.30041111,-83.339494440,0,42,0,0,1,1,4,0,1,1,0,1,0,0000000,8,51,9,15,10,15,0,0,0,1,1
21,210561,1,1,0,3,111,2090,26,10,2010,3,2,34,0,15,3,SR-1230,,57,38.16105000,-85.894030560,0,30,0,0,1,1,4,0,2,10,0,10,0,0000000,2,34,2,45,3,17,0,0,0,1,1
21,210562,1,1,0,3,151,0,26,10,2010,3,16,55,0,3,3,SR-52,,44,37.65963333,-84.357747220,0,42,0,0,1,1,4,0,1,2,0,2,0,0000000,99,99,99,99,99,99,0,0,0,1,0
21,210563,1,1,1,1,111,2090,27,10,2010,4,7,44,1,11,1,I-264 RAMP,,1,38.18807222,-85.726488890,0,8,0,1,5,1,2,0,4,1,0,1,0,0000000,7,45,7,50,88,88,0,0,0,1,0
21,210564,1,1,1,1,111,2090,28,10,2010,5,7,14,1,13,2,US-31E,,84,38.17241944,-85.610833330,0,8,0,0,1,1,1,0,2,1,0,1,0,0000000,99,99,99,99,88,88,0,0,0,1,0
21,210565,1,1,0,2,119,0,28,10,2010,5,6,15,0,5,3,SR-1087,,114,37.39300556,-82.982138890,0,42,0,0,1,1,5,0,2,1,0,1,0,0000000,8,46,9,3,88,88,0,0,0,2,1
21,210566,1,1,0,1,47,0,29,10,2010,6,13,25,0,5,3,SR-507,,92,36.90879444,-87.316975000,0,53,0,0,1,1,5,0,1,1,0,1,0,0000000,13,39,13,57,14,48,0,0,0,1,0
21,210567,2,2,0,2,227,0,29,10,2010,6,14,0,0,3,3,SR-880,SR-2665,27,37.00018889,-86.487766670,0,12,6,0,3,2,1,0,1,1,0,1,0,0000000,14,5,14,18,15,5,0,0,0,1,0
21,210568,1,1,0,1,149,0,30,10,2010,7,3,14,1,2,2,US-431,,37,37.45145556,-87.141152780,0,42,0,0,1,1,4,0,2,1,0,1,0,0000000,3,14,3,32,88,88,0,0,0,1,1
21,210569,1,1,0,2,151,0,30,10,2010,7,4,12,1,1,1,I-75 NB,,970,37.86679167,-84.332727780,0,43,0,1,19,1,4,0,3,1,0,1,0,0000000,4,12,4,24,5,6,0,0,0,1,1
21,210570,2,2,0,2,125,0,30,10,2010,7,8,33,1,2,3,SR-80,WHITE OAK RD,53,37.15645278,-84.202136110,0,12,6,0,2,2,1,0,1,1,0,1,0,0000000,8,33,8,41,10,8,0,0,0,1,0
21,210571,4,4,0,6,21,0,30,10,2010,7,15,55,0,3,2,US-150,,108,37.63520278,-84.800677780,0,12,8,0,1,1,1,0,1,1,0,1,0,0000000,15,55,16,0,16,45,0,0,0,1,0
21,210572,1,1,0,3,57,0,30,10,2010,7,23,33,0,3,3,SR-61,,103,36.75081667,-85.369563890,0,35,0,0,1,1,4,0,6,1,0,1,0,0000000,23,33,23,42,0,5,0,0,0,1,1
21,210573,2,2,0,3,179,0,3,10,2010,1,8,10,0,3,3,SR-245,,98,37.87820833,-85.540236110,0,12,2,0,1,1,1,0,1,10,0,10,0,0000000,99,99,99,99,99,99,0,0,0,1,0
21,210574,1,1,0,1,67,1980,10,10,2010,1,1,59,0,16,8,SPURR RD,,0,38.10410278,-84.517350000,0,10,0,0,6,1,1,0,2,1,0,1,0,25JT807,2,3,2,9,88,88,0,0,0,1,1
21,210575,1,1,0,3,51,0,23,10,2010,7,13,35,0,6,3,SR-2000,,22,37.06603333,-83.628358330,0,42,0,0,1,1,4,0,1,1,0,1,0,0000000,13,42,14,1,14,34,0,0,0,2,0
21,210576,2,2,0,6,223,0,23,10,2010,7,16,45,0,4,2,US-42,,133,38.62163056,-85.240861110,0,12,2,0,1,1,1,0,1,1,0,1,0,0000000,16,49,16,55,88,88,0,0,0,1,0
21,210578,2,2,0,3,179,170,27,10,2010,4,7,22,0,13,2,US-31E,,149,37.82002222,-85.463205560,0,12,6,0,8,1,1,0,3,1,0,1,0,0000000,7,28,7,32,7,58,0,0,0,1,0
21,210579,1,1,0,1,173,0,16,10,2010,7,17,15,0,6,4,STEPSTONE RD,,40,38.07860278,-83.818902780,0,1,0,0,1,1,4,0,1,1,0,1,0,0000000,17,15,17,30,88,88,0,0,0,1,1
21,210580,2,1,0,2,29,0,30,10,2010,7,4,29,0,3,3,SR-245,,18,37.91887778,-85.599933330,0,14,0,0,1,1,4,0,2,1,0,1,0,0000000,4,29,4,37,99,99,0,0,0,1,1
21,210581,1,1,0,1,55,0,1,10,2010,6,17,26,1,2,2,US-60,,216,37.45333056,-87.958088890,0,53,0,0,1,1,4,0,1,1,0,1,0,0000000,17,27,18,21,18,41,0,0,0,1,0
21,210582,1,1,0,2,183,0,16,9,2010,5,15,31,0,6,5,SHREVE RD,,26,37.56540000,-86.665133330,0,35,0,0,1,1,4,0,1,1,0,1,0,0000000,15,33,15,51,16,33,0,0,0,1,1
21,210583,2,2,0,6,115,1374,29,9,2010,4,15,27,0,3,3,SR-321,,34,37.76688056,-82.785758330,0,12,8,0,1,1,1,0,1,1,0,1,0,0000000,15,29,15,36,15,58,0,0,0,1,1
21,210584,2,2,0,3,1,740,27,4,2010,3,15,42,1,2,3,SR-55,SR-55 BYPASS,96,37.08335833,-85.299825000,0,12,6,0,2,2,1,0,1,2,0,2,0,0000000,15,48,16,0,16,19,0,0,0,1,0
21,210585,1,1,0,5,127,0,16,10,2010,7,22,35,0,4,3,SR-3,SR-644,125,38.08716389,-82.582661110,0,35,0,0,3,3,4,0,2,1,0,1,0,0000000,22,37,22,44,99,99,0,0,0,1,0
21,210586,2,2,0,2,87,0,7,9,2010,3,17,25,0,6,4,ROBERT LANDIS RD.,,9,37.15737500,-85.517663890,0,12,9,0,1,1,1,0,1,1,0,1,0,0000000,17,26,17,38,17,55,0,0,0,1,0
21,210587,1,1,0,1,151,0,1,11,2010,2,17,54,0,5,3,SR-594,,53,37.59168889,-84.118108330,0,38,0,0,1,1,5,0,1,1,0,1,0,0000000,17,55,18,12,88,88,0,0,0,1,1
21,210588,2,2,0,2,163,360,2,11,2010,3,5,46,0,4,3,SR-933,SR-448,52,37.99126667,-86.161780560,0,12,6,0,2,3,1,0,3,1,0,1,0,0000000,5,46,5,53,6,45,0,0,0,1,0
21,210589,1,1,0,1,227,2460,2,11,2010,3,9,59,0,16,4,VINE ST.,,0,37.04108333,-86.249275000,0,10,0,0,6,1,1,0,1,1,0,1,0,9999999,10,0,10,26,88,88,0,0,0,1,0
21,210590,2,2,0,2,229,0,3,11,2010,4,9,28,0,2,3,SR-55,,12,37.63421667,-85.255966670,0,12,2,0,1,1,1,0,1,2,0,2,0,0000000,9,32,9,37,9,58,0,0,0,1,0
21,210591,1,1,0,1,119,0,4,11,2010,5,15,0,1,2,3,SR-15,,71,37.22561389,-83.023983330,0,1,0,0,1,1,4,0,1,10,0,10,0,0000000,15,2,15,14,88,88,0,0,0,1,0
21,210592,1,1,0,2,35,0,5,11,2010,6,14,30,0,6,3,SR-1536,,47,36.59720000,-88.188500000,0,35,0,0,1,1,4,0,1,1,0,1,0,0000000,14,37,14,55,88,88,0,0,0,2,1
21,210593,2,2,0,3,159,1680,6,11,2010,7,15,0,0,4,3,SR-2032,,28,37.80011944,-82.468486110,0,12,2,0,1,1,1,0,1,1,0,1,0,0000000,15,0,15,12,16,30,0,0,0,1,0
21,210594,1,1,0,1,111,2090,7,11,2010,1,23,17,1,11,8,CRITTENDEN DR. RAMP,,2,38.19026667,-85.751766670,0,25,0,1,5,1,4,0,3,1,0,1,0,0000000,99,99,99,99,88,88,0,0,0,1,0
21,210595,3,3,0,5,57,0,9,11,2010,3,18,35,0,3,3,SR-90,,216,36.76841944,-85.249744440,0,12,2,0,1,1,1,0,1,1,0,1,0,0000000,18,40,18,48,99,99,0,0,0,1,0
21,210596,1,1,0,4,165,0,10,11,2010,4,13,50,0,3,2,US-460,,36,37.95638056,-83.703802780,0,34,0,0,1,1,4,0,1,1,0,1,0,0000000,13,58,13,59,14,52,0,0,0,1,0
21,210597,2,2,0,3,19,558,11,11,2010,5,13,23,0,13,2,US-60,,59,38.39871944,-82.711130560,0,12,2,0,1,1,1,0,1,1,0,1,0,0000000,13,23,13,33,14,3,0,0,0,1,0
21,210598,2,2,0,4,71,1426,13,11,2010,7,9,45,0,4,3,SR-979,,182,37.52487222,-82.644008330,0,11,0,0,1,1,1,0,1,1,0,1,0,0000000,9,55,10,1,88,88,14,0,0,1,0
21,210599,1,1,0,1,37,0,13,11,2010,7,13,2,0,4,3,SR-154,,26,38.83589722,-84.336977780,0,1,0,0,1,1,4,0,1,1,0,1,0,0000000,13,3,13,10,88,88,0,0,0,1,0
21,210600,1,1,0,1,111,2090,14,11,2010,1,11,15,1,11,1,I-64 RAMP,,0,38.23608889,-85.620702780,0,25,0,1,5,1,3,0,1,1,0,1,0,0000000,11,17,11,26,88,88,0,0,0,1,1
21,210601,1,1,0,1,85,680,15,11,2010,2,8,10,0,4,2,US-62,,237,37.48950278,-86.252502780,0,34,0,0,1,1,4,0,1,1,0,1,0,0000000,8,15,8,22,8,46,0,0,0,1,0
21,210602,1,1,0,2,73,0,15,11,2010,2,18,4,0,6,4,MILLS LANE,,4,38.11213889,-84.906119440,0,38,0,0,1,1,4,0,2,10,0,10,0,0000000,99,99,99,99,99,99,0,0,0,1,0
21,210603,1,1,0,2,13,514,13,11,2010,7,7,17,1,2,2,US-119,,81,36.75133333,-83.607244440,0,35,0,0,1,1,4,0,1,1,0,1,0,0000000,7,17,7,33,8,16,0,0,0,1,0
21,210604,1,1,1,1,101,1510,13,11,2010,7,17,25,1,13,2,US-41A,,151,37.81402222,-87.571077780,0,8,0,0,1,1,1,0,3,2,0,2,0,0000000,17,30,17,33,17,50,0,0,0,1,0
21,210605,1,1,1,1,163,0,3,11,2010,4,20,49,0,3,3,SR-144,,355,37.81503889,-86.001105560,0,8,0,0,1,1,1,0,2,10,0,10,0,0000000,20,54,21,1,21,24,0,0,0,1,0
21,210606,2,2,0,4,111,2090,16,11,2010,3,8,31,1,11,1,I-64,,120,38.23535000,-85.616111110,0,12,7,0,1,1,1,0,1,10,0,10,0,0000000,8,33,8,44,9,3,0,0,0,1,0
21,210607,2,2,0,6,63,2885,16,11,2010,3,14,1,0,3,3,SR-7,SR-32,71,38.08768611,-83.124158330,0,12,6,1,2,3,1,0,1,2,0,2,0,0000000,14,7,14,25,15,40,0,0,0,1,0
21,210608,1,1,0,1,103,0,16,11,2010,3,8,50,0,6,3,SR-1359,,14,38.35316667,-85.133272220,0,1,0,0,1,1,4,0,1,2,0,2,0,0000000,8,56,9,0,9,45,0,0,0,1,0
21,210609,2,2,0,2,67,1980,16,11,2010,3,23,23,0,4,2,US-25,SR-1973,223,38.15268056,-84.544558330,0,12,6,0,2,2,1,0,2,2,0,2,0,0000000,23,23,23,31,88,88,0,0,0,1,1
21,210610,2,2,0,7,35,0,12,11,2010,6,16,54,1,2,2,US-641,SR-80,17,36.65186111,-88.306947220,0,12,6,0,2,2,1,0,5,1,0,1,0,0000000,16,55,17,5,17,30,0,0,0,1,0
21,210611,1,1,1,1,111,1740,19,11,2010,6,4,45,0,13,3,SR-1747,,128,38.24043889,-85.577016670,0,9,0,0,1,1,1,0,2,10,0,10,0,0000000,4,48,4,52,88,88,0,0,0,1,0
21,210612,2,2,0,3,211,0,19,11,2010,6,12,48,1,1,1,I-64,,276,38.20493611,-85.333300000,0,12,7,0,1,1,1,0,1,10,0,10,0,0000000,12,51,12,59,13,17,0,0,0,1,0
21,210613,2,2,0,2,161,0,18,11,2010,5,19,20,1,2,3,SR-435,SR-9,149,38.66503889,-83.910913890,0,12,6,0,2,2,1,0,3,1,0,1,0,0000000,99,99,99,99,88,88,0,0,0,1,1
21,210614,2,2,0,2,9,0,20,11,2010,7,6,52,0,3,2,US-31E,DUNEDIN WAY,63,36.90934167,-86.000977780,0,12,6,0,2,3,1,0,1,1,0,1,0,0000000,6,52,7,0,7,31,0,0,0,1,0
21,210615,1,1,2,1,227,0,20,11,2010,7,17,39,0,13,2,US-68,NEWBOUND WAY,105,36.98376944,-86.486519440,0,8,0,0,2,2,1,0,2,1,0,1,0,0000000,17,42,17,47,18,7,0,0,0,2,0