STATE,ST_CASE,VE_TOTAL,VE_FORMS,PEDS,PERSONS,COUNTY,CITY,DAY,MONTH,YEAR,DAY_WEEK,HOUR,MINUTE,NHS,ROAD_FNC,ROUTE,TWAY_ID,TWAY_ID2,MILEPT,LATITUDE,LONGITUD,SP_JUR,HARM_EV,MAN_COLL,RELJCT1,RELJCT2,TYP_INT,REL_ROAD,WRK_ZONE,LGT_COND,WEATHER1,WEATHER2,WEATHER,SCH_BUS,RAIL,NOT_HOUR,NOT_MIN,ARR_HOUR,ARR_MIN,HOSP_HR,HOSP_MN,CF1,CF2,CF3,FATALS,DRUNK_DR
21,210616,2,2,0,4,111,2090,13,11,2010,7,20,48,0,14,3,SR-907,,41,38.11744167,-85.806313890,0,12,6,0,1,1,1,0,2,2,0,2,0,0000000,20,48,21,1,21,29,0,0,0,1,0
21,210617,1,1,0,1,151,0,21,11,2010,1,9,29,0,5,3,SR-499,,28,37.65925278,-84.217705560,0,53,0,0,1,1,4,0,1,1,0,1,0,0000000,9,30,9,37,88,88,0,0,0,1,1
21,210618,2,2,0,3,67,1980,9,11,2010,3,18,18,0,13,2,US-68,LANE ALLEN RD,43,38.02635833,-84.534902780,0,12,2,0,2,2,1,0,2,1,0,1,0,0000000,18,20,18,24,18,42,0,0,0,1,0
21,210619,2,2,0,3,67,1980,22,11,2010,2,10,19,0,16,5,LANSDOWNE DR,,15,37.98733611,-84.515461110,0,12,6,0,8,1,1,0,1,1,0,1,0,0000000,10,19,10,32,10,49,0,0,0,1,0
21,210620,3,3,0,3,133,3530,21,11,2010,1,19,21,1,2,3,SR-15,STONE AVE,17,37.11782778,-82.834166670,0,12,1,0,3,3,1,0,2,1,0,1,0,0000000,99,99,99,99,99,99,0,0,0,1,1
21,210621,1,1,0,1,151,2750,23,11,2010,3,5,20,0,13,2,US-25,,146,37.71696111,-84.269727780,0,42,0,0,1,1,4,0,2,2,0,2,0,0000000,5,24,5,32,88,88,0,0,0,1,0
21,210622,1,1,0,1,125,0,23,11,2010,3,10,17,0,6,4,TWIN BRANCH RD,,8,37.21303611,-84.048113890,0,42,0,0,1,1,4,0,1,2,0,2,0,0000000,10,17,10,26,88,88,0,0,0,1,0
21,210623,1,1,0,1,111,2090,7,11,2010,1,3,0,0,16,5,PAGE LN EAST,,0,38.11683333,-85.835452780,0,39,0,0,1,1,4,0,2,1,0,1,0,0000000,3,2,3,11,88,88,0,0,0,1,1
21,210624,2,2,0,3,179,0,21,11,2010,1,0,54,0,4,3,SR-55,,33,37.86689167,-85.299869440,0,12,2,0,1,1,1,0,2,1,0,1,0,0000000,0,57,1,7,2,18,0,0,0,1,1
21,210625,2,2,0,2,81,0,24,11,2010,4,1,11,0,4,2,US-25,,198,38.73470278,-84.597344440,0,12,2,0,1,1,1,0,2,1,0,1,0,0000000,1,14,1,20,2,15,0,0,0,1,1
21,210626,1,1,0,1,91,0,24,11,2010,4,22,25,0,4,3,SR-69,,105,37.84022500,-86.756113890,0,42,0,0,1,1,4,0,2,2,0,2,0,0000000,3,49,3,54,88,88,18,0,0,1,0
21,210627,1,1,0,1,19,610,3,11,2010,4,8,44,0,14,3,SR-168,,2,38.42027500,-82.604655560,0,34,0,0,1,1,4,0,1,1,0,1,0,0000000,8,48,8,51,9,22,0,0,0,1,0
21,210628,1,1,0,2,157,0,25,11,2010,5,2,50,1,2,2,US-68,,275,36.77251111,-88.117947220,0,42,0,0,1,1,4,0,2,10,0,10,0,0000000,7,4,7,17,8,21,0,0,0,1,1
21,210629,1,1,0,4,189,0,25,11,2010,5,20,29,0,4,3,SR-30,,172,37.46014444,-83.583983330,0,1,0,0,1,1,4,0,2,2,0,2,0,0000000,20,30,20,40,21,29,0,0,0,1,1
21,210630,1,1,0,1,211,0,26,11,2010,6,11,43,0,4,3,SR-395,,108,38.15021667,-85.053750000,0,42,0,0,1,1,4,0,1,1,0,1,0,0000000,11,44,11,46,88,88,0,0,0,1,0
21,210631,2,2,0,4,185,0,25,11,2010,5,16,29,1,11,1,I-71,,152,38.35525278,-85.474319440,0,12,8,0,1,1,1,0,1,2,0,2,0,0000000,16,31,16,36,17,32,0,0,0,2,1
21,210632,1,1,0,2,157,0,27,11,2010,7,20,21,0,6,3,SR-782,,12,36.93503889,-88.384838890,0,35,0,0,1,1,5,0,2,1,0,1,0,0000000,20,24,20,31,21,4,20,0,0,1,1
21,210633,2,2,0,3,221,0,28,11,2010,1,16,15,1,2,2,US-68BP,US-68B,163,36.83892778,-87.860186110,0,12,6,0,2,3,1,0,1,1,0,1,0,0000000,16,15,16,26,16,43,0,0,0,1,0
21,210634,3,3,0,4,205,0,28,11,2010,1,19,16,0,4,3,SR-377,,30,38.23629167,-83.450002780,0,12,2,0,1,1,1,0,2,1,0,1,0,0000000,19,24,19,29,19,52,0,0,0,1,0
21,210635,2,2,0,2,215,3240,29,11,2010,2,10,53,0,3,3,SR-44,SR-1633,84,38.03033889,-85.352588890,0,12,6,0,2,3,1,0,1,1,0,1,0,0000000,10,53,10,53,88,88,0,0,0,1,0
21,210636,1,1,0,3,73,0,29,11,2010,2,13,6,1,1,1,I-64,,504,38.15468889,-84.933327780,0,1,0,0,1,1,4,0,1,10,0,10,0,0000000,99,99,99,99,88,88,0,0,0,3,0
21,210637,1,1,1,1,93,1000,29,11,2010,2,15,54,0,14,3,SR-251,BEECH ST,5,37.70232222,-85.857166670,0,8,0,0,2,2,1,0,1,1,0,1,0,0000000,15,54,15,59,16,4,0,0,0,1,0
21,210638,1,1,0,1,49,0,7,11,2010,1,3,25,1,2,3,SR-9000,,24,37.99264444,-84.111413890,0,52,0,0,1,1,4,0,2,1,0,1,0,0000000,3,28,3,32,88,88,0,0,0,1,1
21,210639,2,2,0,4,121,0,9,11,2010,3,16,34,0,4,3,SR-830,RIGHT FORK EAST RD,37,36.94052778,-84.054208330,0,12,6,0,2,2,1,0,1,1,0,1,0,0000000,16,37,16,39,17,16,0,0,0,1,0
21,210640,1,1,0,5,11,0,15,11,2010,2,14,45,0,5,3,SR-1325,,51,38.24990833,-83.785213890,0,35,0,0,1,1,4,0,1,10,0,10,0,0000000,14,48,15,4,88,88,0,0,0,1,0
21,210641,1,1,0,1,39,0,30,11,2010,3,16,58,0,4,3,SR-80,,117,36.79828889,-88.867205560,0,1,0,0,1,1,4,0,2,10,0,10,0,0000000,16,59,17,13,88,88,0,0,0,1,1
21,210642,2,2,0,3,117,1050,15,11,2010,2,17,58,1,1,1,I-75,,1,39.03071944,-84.607705560,0,20,0,1,19,1,4,0,3,1,0,1,0,0000000,17,58,18,21,19,8,0,0,0,1,0
21,210643,2,2,0,3,9,1310,13,11,2010,7,21,30,0,13,2,US-31,US-68,142,36.99545833,-85.912055560,0,12,6,0,2,2,1,0,3,10,0,10,0,0000000,21,30,21,32,21,59,0,0,0,1,0
21,210644,2,2,0,2,125,0,1,5,2010,7,10,30,0,4,3,SR-80,,172,37.08339167,-83.971425000,0,12,6,0,8,1,1,0,1,10,0,10,0,0000000,10,30,10,40,10,59,0,0,0,1,0
21,210645,1,1,1,0,133,0,1,11,2010,2,15,4,0,6,4,BENTLEY LOOP,,1,37.14964444,-82.671175000,0,8,0,0,1,1,1,0,1,1,0,1,0,0000000,15,7,15,17,16,55,0,0,0,1,0
21,210646,1,1,0,1,147,0,2,11,2010,3,5,12,0,5,3,SR-1470,,72,36.63332500,-84.367469440,0,1,0,0,1,1,1,0,2,10,0,10,0,0000000,5,13,5,28,88,88,0,0,0,1,0
21,210647,2,2,0,4,123,0,22,11,2010,2,14,21,0,4,3,SR-357,,70,37.53351667,-85.775069440,0,12,2,0,1,1,1,0,1,1,0,1,0,0000000,14,22,14,28,15,19,0,0,0,1,0
21,210648,1,1,0,2,183,0,16,9,2010,5,15,25,0,6,4,TAFFY RD,,13,37.56910556,-86.909280560,0,35,0,0,1,1,4,0,1,1,0,1,0,0000000,15,29,15,44,99,99,0,0,0,1,1
21,210649,2,2,0,2,35,2350,1,12,2010,4,14,40,0,14,3,SR-94,7TH STREET SOUTH,102,36.61025833,-88.305402780,0,12,6,0,2,2,1,0,1,1,0,1,0,0000000,14,41,14,43,14,55,0,0,0,1,0
21,210650,1,1,0,1,125,0,3,12,2010,6,1,20,0,6,3,SR-1223,SR-2392,16,36.96580278,-84.084550000,0,35,0,0,3,2,4,0,2,1,0,1,0,0000000,1,28,1,40,88,88,0,0,0,1,1
21,210651,2,2,0,3,75,0,2,12,2010,5,14,18,0,4,3,SR-125,SR-166,17,36.52626111,-89.125558330,0,12,2,0,2,3,1,0,1,1,0,1,0,0000000,14,21,14,25,15,2,0,0,0,1,0
21,210652,1,1,0,2,87,0,4,12,2010,7,13,17,0,4,3,SR-88,,100,37.27015833,-85.531525000,0,38,0,0,1,1,4,0,1,10,0,10,0,0000000,13,19,13,26,13,52,0,0,0,1,0
21,210653,1,1,0,1,207,0,5,12,2010,1,1,50,1,2,2,US-127,,95,36.94035556,-85.098980560,0,42,0,0,1,1,4,0,2,4,0,4,0,0000000,1,54,2,5,88,88,0,0,0,1,1
21,210654,1,1,1,1,111,2090,8,12,2010,4,4,55,1,13,3,SR-1934,,58,38.15581944,-85.885019440,0,8,0,0,1,1,1,0,2,10,0,10,0,0000000,4,55,5,1,5,32,0,0,0,1,0
21,210655,2,2,0,3,85,0,8,12,2010,4,9,3,0,6,4,HARDIN SPRINGS RD,,4,37.54593889,-86.155686110,0,12,6,0,1,1,1,0,1,1,0,1,0,0000000,9,3,9,19,10,0,0,0,0,1,0
21,210656,2,1,0,1,193,0,8,12,2010,4,18,8,0,2,3,SR-80,,137,37.34006944,-83.147450000,0,14,0,0,1,1,2,0,5,10,0,10,0,0000000,99,99,99,99,88,88,0,0,0,1,1
21,210657,1,1,0,2,111,2090,9,12,2010,5,1,15,0,13,2,US-150,,15,38.24593333,-85.764427780,0,30,0,0,1,1,4,0,2,1,0,1,0,0000000,1,17,1,21,1,45,0,0,0,1,1
21,210658,2,2,1,2,195,0,9,12,2010,5,22,27,1,13,2,US-23,,285,37.51197222,-82.553844440,0,8,0,0,1,1,1,0,2,1,0,1,0,0000000,99,99,99,99,88,88,0,0,0,1,0
21,210659,1,1,1,2,47,2580,10,12,2010,6,17,26,0,3,2,US-41,,32,36.77467778,-87.345558330,0,8,0,0,1,1,1,0,2,10,0,10,0,0000000,17,29,17,38,88,88,0,0,0,1,0
21,210660,1,1,1,1,111,2090,11,12,2010,7,17,43,0,16,6,MURPHY LANE,,2,38.30445278,-85.534658330,0,8,0,0,1,1,1,0,2,2,0,2,0,0000000,17,43,17,46,99,99,0,0,0,1,0
21,210661,1,1,0,1,151,0,11,12,2010,7,17,47,0,5,3,SR-876,,14,37.70915278,-84.399719440,0,42,0,0,1,1,4,0,2,2,0,2,0,0000000,17,47,17,58,88,88,0,0,0,1,0
21,210662,2,2,0,2,59,0,8,12,2010,4,15,59,0,14,3,SR-81,LYDDANE BRIDGE RD,106,37.74737222,-87.175913890,0,12,6,0,2,2,1,0,1,1,0,1,0,0000000,16,1,16,8,17,39,0,0,0,1,0
21,210663,2,2,0,2,29,0,14,12,2010,3,16,50,0,3,3,SR-245,,35,37.92124722,-85.633622220,0,24,0,0,1,1,4,0,5,10,0,10,0,0000000,17,18,17,44,18,3,0,0,0,1,0
21,210664,2,2,0,2,61,0,15,12,2010,4,15,14,0,5,3,SR-259,,41,37.11840833,-86.152466670,0,12,1,0,1,1,1,0,1,10,0,10,0,0000000,15,15,15,28,88,88,0,0,0,1,0
21,210665,1,1,0,1,207,0,16,12,2010,5,12,29,0,4,3,SR-80,,64,37.07606667,-85.023536110,0,34,0,0,1,1,4,0,1,10,0,10,0,0000000,12,29,12,39,88,88,0,0,0,1,0
21,210666,1,1,0,2,31,0,15,12,2010,4,14,22,1,2,3,SR-9007,,267,37.20015000,-86.697877780,0,52,0,0,1,1,3,0,1,10,0,10,0,0000000,14,23,14,30,14,40,0,0,0,1,0
21,210667,3,3,0,5,195,921,17,12,2010,6,9,35,1,2,2,US-460,,110,37.35081667,-82.391411110,0,12,2,0,1,1,1,0,1,2,0,2,0,0000000,9,42,9,55,10,51,0,0,0,1,0
21,210668,2,2,0,5,53,0,17,12,2010,6,15,33,0,3,3,SR-90,,20,36.75786667,-85.195883330,0,12,2,0,1,1,1,0,1,10,0,10,0,0000000,15,34,15,41,15,56,0,0,0,4,1
21,210669,1,1,0,1,65,0,15,12,2010,4,17,22,0,5,3,SR-851,,107,37.60076944,-83.889886110,0,42,0,0,1,1,4,0,1,10,0,10,0,0000000,13,45,14,50,88,88,18,0,0,1,0
21,210670,3,3,0,3,133,1822,18,12,2010,7,12,5,1,2,2,US-119,,223,37.14985000,-82.734905560,0,12,6,0,1,1,1,0,1,10,0,10,0,0000000,12,15,12,23,12,55,0,0,0,1,0
21,210671,1,1,0,2,189,0,19,12,2010,1,4,0,0,6,3,SR-3504,,3,37.48126111,-83.696680560,0,32,0,0,1,1,4,0,2,1,0,1,0,0000000,4,32,4,35,5,28,0,0,0,1,0
21,210672,1,1,0,1,21,0,14,12,2010,3,20,10,0,4,3,SR-34,,50,37.59464722,-84.905433330,0,42,0,0,1,1,4,0,1,10,0,10,0,0000000,7,53,8,3,99,99,0,0,0,1,0
21,210673,1,1,1,1,67,1980,15,12,2010,4,19,9,0,13,2,US-68,ELAINE DR,52,38.03418333,-84.522072220,0,8,0,0,3,3,1,0,2,1,0,1,0,0000000,19,10,19,15,88,88,0,0,0,1,0
21,210674,1,1,0,4,227,0,23,12,2010,5,18,6,1,1,1,I-65,,316,37.01160000,-86.308336110,0,1,0,0,1,1,2,0,2,10,0,10,0,0000000,18,19,18,29,18,52,0,0,0,1,0
21,210675,2,2,0,2,195,921,27,12,2010,2,11,8,1,2,2,US-460,,114,37.34904167,-82.392138890,0,12,2,0,1,1,1,0,1,10,0,10,0,0000000,11,10,11,22,13,1,0,0,0,1,0
21,210676,2,2,0,4,111,2090,28,12,2010,3,10,55,1,13,2,US-31W,,108,38.13577222,-85.844077780,0,12,2,0,1,1,1,0,1,1,0,1,0,0000000,11,0,11,3,11,35,0,0,0,1,0
21,210677,2,2,0,2,121,0,29,12,2010,4,8,15,0,4,3,SR-17,,217,37.00008611,-83.827227780,0,12,2,0,1,1,1,0,1,10,0,10,0,0000000,99,99,99,99,88,88,0,0,0,1,0
21,210678,1,1,0,3,67,1980,28,12,2010,3,9,8,1,1,1,I-75,,992,37.89863056,-84.355861110,0,42,0,0,1,1,4,0,1,1,0,1,0,0000000,9,18,9,37,10,13,0,0,0,1,0
21,210679,1,1,1,3,137,0,30,12,2010,5,17,50,1,2,2,US-127 N,WATERFALL ST.,91,37.56235278,-84.798080560,0,8,0,0,3,2,1,0,2,1,0,1,0,0000000,17,56,18,0,18,22,0,0,0,1,0
21,210680,1,1,0,1,179,0,10,12,2010,6,18,3,0,4,2,US-62,,248,37.87509167,-85.309094440,0,59,0,0,1,1,4,0,2,1,0,1,0,0000000,18,7,18,18,88,88,0,0,0,1,1
21,210681,1,1,0,1,153,0,19,12,2010,1,1,46,1,2,2,US-460,SR-114,146,37.73177778,-83.014627780,0,35,0,0,3,3,4,0,3,10,0,10,0,0000000,1,47,1,52,88,88,0,0,0,1,0
21,210682,1,1,0,2,111,2090,22,12,2010,4,23,29,1,13,2,US-31W,,61,38.06691389,-85.885147220,0,40,0,0,1,1,4,0,2,10,0,10,0,0000000,23,29,23,33,88,88,0,0,0,2,1
21,210683,1,1,0,1,117,800,25,12,2010,7,13,28,1,11,1,I-75 N,,1904,39.06754722,-84.520438890,0,24,0,0,1,1,4,0,1,1,0,1,0,0000000,13,29,13,33,13,58,0,0,0,1,1
21,210684,2,2,0,2,113,0,17,12,2010,6,12,28,0,4,3,SR-169,,78,37.89206111,-84.525202780,0,12,2,0,1,1,1,0,1,1,0,1,0,0000000,12,30,12,37,13,12,0,0,0,1,0
21,210685,2,2,0,2,151,0,3,12,2010,6,20,45,0,3,3,SR-52,BRASSFIELD RD,210,37.71801389,-84.103475000,0,12,6,0,2,2,1,0,2,10,0,10,0,0000000,20,46,21,1,21,25,0,0,0,1,1
21,210686,1,1,0,1,9,0,25,7,2010,1,18,10,0,6,4,J. BROWN RD,,4,37.07723056,-86.026425000,0,1,0,0,1,1,4,0,1,1,0,1,0,0000000,18,10,18,18,18,42,0,0,0,1,0
21,210687,1,1,0,1,65,0,23,9,2010,5,18,30,0,6,4,EADES DR,,4,37.75141111,-83.957305560,0,58,0,0,1,1,4,0,1,1,0,1,0,0000000,18,39,18,47,88,88,0,0,0,1,0
21,210688,3,3,0,9,125,2040,5,12,2010,1,16,30,0,13,3,SR-192,SR-229,204,37.11064722,-84.067488890,0,12,6,0,2,2,1,0,1,4,0,4,0,0000000,16,32,16,36,16,55,0,0,0,1,1
21,210689,2,2,0,2,199,0,21,11,2010,1,17,44,0,2,3,SR-914,IMOGENE DR.,50,37.06788333,-84.569986110,0,12,6,0,2,2,1,0,2,1,0,1,0,0000000,17,51,17,59,99,99,0,0,0,1,0
21,210690,1,1,0,2,235,0,15,11,2010,2,19,40,0,6,5,PERKINS ST.,,0,36.90278889,-84.085063890,0,10,0,0,6,1,1,0,2,2,0,2,0,9999999,19,47,20,0,20,39,0,0,0,1,1
21,210691,1,1,0,1,21,0,3,11,2010,4,10,49,1,2,2,US-150B,,21,37.62091111,-84.748019440,0,34,0,0,1,1,4,0,1,2,0,2,0,0000000,10,51,10,56,11,20,0,0,0,1,1
21,210692,1,1,0,3,29,0,28,12,2010,3,15,17,0,6,4,BEECH GROVE RD,,0,37.93279167,-85.755930560,0,34,0,0,1,1,4,0,1,1,0,1,0,0000000,15,19,15,28,16,14,0,0,0,1,0
21,210693,2,2,0,5,141,0,8,10,2010,6,16,35,1,13,2,US-68 BYPASS,NEWTOWN RD,112,36.86697778,-86.888594440,0,12,6,0,2,2,1,0,1,1,0,1,0,0000000,16,36,16,49,17,22,0,0,0,1,0
21,210694,1,1,0,1,141,0,10,12,2010,6,7,20,0,6,4,IRON MOUNTAIN RD,,9,37.05291667,-86.967858330,0,5,0,0,1,1,2,0,1,1,0,1,0,0000000,7,27,7,48,88,88,0,0,0,1,0
21,210695,2,2,0,3,159,205,16,12,2010,5,16,20,0,6,3,SR-2031,,4,37.84535833,-82.442083330,0,12,2,0,1,1,1,0,5,4,0,4,0,0000000,16,25,16,55,18,6,0,0,0,1,0
21,210696,2,2,0,2,29,0,14,12,2010,3,17,21,0,4,3,SR-44,NICHOLS HILL RD,13,38.01388333,-85.886305560,0,12,2,0,2,3,1,0,2,10,0,10,0,0000000,17,21,17,34,19,4,0,0,0,1,0
21,210697,1,1,0,1,57,0,11,10,2010,2,6,34,0,3,3,SR-61,,99998,36.70699722,-85.369133330,0,1,0,0,1,1,4,0,4,1,0,1,0,0000000,99,99,99,99,99,99,0,0,0,1,0
22,220001,1,1,1,2,89,0,1,1,2010,6,2,44,1,2,2,US-90,,2258,29.82198889,-90.471219440,0,8,0,0,1,1,1,0,2,1,0,1,0,0000000,2,44,2,55,88,88,0,0,0,1,1
22,220002,2,2,0,7,19,0,1,1,2010,6,12,54,1,11,1,I-10,,365,30.24580000,-93.122688890,0,18,0,0,1,1,1,0,1,1,0,1,0,0000000,13,3,13,11,13,27,14,0,0,1,0
22,220003,1,1,0,1,31,0,2,1,2010,7,1,31,0,5,3,SR-481,,85,31.95266944,-93.777600000,0,38,0,0,1,1,5,0,2,1,0,1,0,0000000,1,32,1,48,88,88,0,0,0,1,0
22,220004,1,1,0,1,13,0,2,1,2010,7,9,0,0,4,3,SR-4,,335,32.25500000,-92.997050000,0,42,0,0,1,1,5,0,1,1,0,1,0,0000000,9,14,9,42,88,88,0,0,0,1,0
22,220005,1,1,1,4,99,250,1,1,2010,6,0,30,1,13,3,SR-94,,79,30.28396111,-91.906580560,0,8,0,0,1,1,1,0,3,2,0,2,0,0000000,0,34,0,36,88,88,0,0,0,1,0
22,220006,2,2,0,2,75,0,2,1,2010,7,15,20,0,4,3,SR-39,,10,29.54766944,-89.742311110,0,12,6,0,1,1,1,0,1,1,0,1,0,0000000,15,32,15,37,17,3,0,0,0,1,1
22,220007,2,2,0,2,127,0,4,1,2010,2,17,50,1,2,2,US-167,,1746,32.12796111,-92.690488890,0,12,2,0,1,1,2,0,5,1,0,1,0,0000000,18,2,18,15,88,88,0,0,0,1,0
22,220008,1,1,0,1,51,1190,4,1,2010,2,19,47,0,14,3,SR-49,,29,30.02231111,-90.239330560,0,31,0,0,1,1,4,0,3,1,0,1,0,0000000,19,47,19,47,20,13,0,0,0,1,0
22,220009,1,1,0,1,109,0,5,1,2010,3,21,1,0,15,6,SOUTHDOWN MANDALAY,,0,29.60911944,-90.847200000,0,34,0,0,1,1,4,0,2,1,0,1,0,0000000,21,5,21,22,88,88,0,0,0,1,1
22,220010,1,1,0,1,87,0,6,1,2010,4,12,10,0,15,3,SR-300,,137,29.86668889,-89.851719440,0,30,0,0,1,1,4,0,1,1,0,1,0,0000000,12,18,12,25,88,88,0,0,0,1,0
22,220011,1,1,1,2,9,0,8,1,2010,6,13,10,0,4,3,SR-107,,102,30.86006389,-91.958538890,0,8,0,0,1,1,1,0,1,1,0,1,0,0000000,13,20,13,44,88,88,0,0,0,1,0
22,220012,1,1,0,1,69,0,9,1,2010,7,21,16,1,1,1,I-49,,1435,31.78683889,-93.197050000,0,21,0,1,19,1,3,0,2,1,0,1,0,0000000,21,19,21,29,88,88,0,0,0,1,0
22,220013,1,1,0,4,99,0,9,1,2010,7,2,20,0,14,3,SR-182,,1143,30.10696944,-91.922880560,0,43,0,0,1,1,4,0,2,1,0,1,0,0000000,2,21,2,34,3,4,0,0,0,1,0
22,220014,2,2,0,2,105,0,9,1,2010,7,23,50,0,4,2,US-51,,612,30.89236111,-90.512030560,0,12,2,0,1,1,1,0,2,1,0,1,0,0000000,23,59,0,6,0,57,0,0,0,1,2
22,220015,2,2,0,3,71,1690,9,1,2010,7,4,30,0,14,6,SAINT CHARLES AVE,SAINT JOSEPH ST,0,29.94433889,-90.072161110,0,12,6,0,2,2,1,0,3,1,0,1,0,0000000,99,99,99,99,99,99,0,0,0,1,1
22,220016,1,1,0,1,105,0,12,1,2010,3,6,55,1,11,1,I-12,,367,30.47938889,-90.515050000,0,1,0,0,1,1,2,0,1,1,0,1,0,0000000,6,58,7,7,88,88,0,0,0,1,0
22,220017,2,2,0,2,19,0,12,1,2010,3,19,26,1,13,2,US-717,GLORIA DRIVE,57,30.31503056,-93.197719440,0,12,6,0,2,3,1,0,2,1,0,1,0,0000000,19,26,19,35,20,35,0,0,0,1,0
22,220018,1,1,0,1,99,0,13,1,2010,4,14,19,0,5,3,SR-347,,166,30.24011111,-91.867411110,0,35,0,0,1,1,4,0,1,1,0,1,0,0000000,88,88,88,88,88,88,0,0,0,1,1
22,220019,2,2,0,2,95,0,14,1,2010,5,15,45,0,14,3,SR-628,,10,30.05218056,-90.473161110,0,12,6,0,1,1,1,0,1,1,0,1,0,0000000,15,55,16,5,88,88,0,0,0,1,0
22,220020,1,1,1,1,51,0,14,1,2010,5,99,99,1,13,2,US-90,,2504,29.95473056,-90.178230560,0,8,0,0,1,1,1,0,3,10,0,10,0,0000000,18,48,18,55,88,88,0,0,0,1,0
22,220021,1,1,1,1,99,0,15,1,2010,6,0,20,1,13,3,SR-31,,196,30.24471944,-91.885319440,0,8,0,0,1,1,1,0,2,1,0,1,0,0000000,0,27,0,34,88,88,0,0,0,1,0
22,220022,1,1,0,1,95,0,16,1,2010,7,18,25,0,14,3,SR-53,,14,30.07513889,-90.552380560,0,38,0,0,1,1,4,0,3,10,0,10,0,0000000,18,26,18,33,88,88,0,0,0,1,0
22,220023,1,1,0,1,113,0,5,1,2010,3,12,46,0,6,4,CYPRESS POINT ROAD,,0,30.06006944,-92.621319440,0,23,0,0,1,1,4,0,1,1,0,1,0,0000000,12,48,13,11,88,88,0,0,0,1,0
22,220024,1,1,1,1,45,0,16,1,2010,7,7,54,0,6,4,L DUBOIS ROAD,,0,29.96341944,-91.864030560,0,8,0,0,1,1,1,0,4,10,0,10,0,0000000,8,3,8,5,88,88,0,0,0,1,0
22,220025,1,1,1,2,1,520,16,1,2010,7,18,22,0,14,2,US-90,,857,30.22711944,-92.362530560,0,8,0,0,1,1,1,0,2,1,0,1,0,0000000,18,22,18,24,99,99,0,0,0,1,0
22,220026,1,1,0,1,59,0,17,1,2010,1,14,37,0,4,3,SR-459,,89,31.76643056,-92.020419440,0,42,0,0,1,1,5,0,1,1,0,1,0,0000000,14,37,14,50,88,88,0,0,0,1,1
22,220027,1,1,0,1,75,300,17,1,2010,1,18,0,1,14,3,SR-23,,139,29.34236111,-89.518769440,0,33,0,0,1,1,3,0,2,1,0,1,0,0000000,18,7,18,23,19,18,0,0,0,1,1
22,220028,1,1,0,2,77,0,18,1,2010,2,6,50,0,3,3,SR-1,,2062,30.92136111,-91.699611110,0,42,0,0,1,1,5,0,1,1,0,1,0,0000000,7,8,7,24,8,57,0,0,0,1,0
22,220029,1,1,0,2,1,0,23,1,2010,7,20,0,0,3,3,SR-35,,404,30.38718889,-92.237761110,0,53,0,0,1,1,4,0,2,1,0,1,0,0000000,20,7,20,19,20,44,0,0,0,1,1
22,220030,2,1,0,9,1,0,25,1,2010,2,2,40,1,1,1,I-10,,708,30.23524722,-92.549963890,0,14,0,0,1,1,2,0,2,1,0,1,0,0000000,2,41,2,52,4,1,23,0,0,1,0
22,220031,2,2,0,5,17,0,22,1,2010,6,6,39,1,2,2,US-71,,2132,32.76870000,-93.846200000,0,12,2,0,1,1,1,0,1,5,0,5,0,0000000,6,40,6,59,7,55,0,0,0,2,0
22,220032,1,1,1,2,87,1951,25,1,2010,2,22,47,1,13,3,SR-46,,414,29.86791944,-89.888811110,0,8,0,0,1,1,1,0,3,1,0,1,0,0000000,22,48,22,59,88,88,0,0,0,1,0
22,220033,1,1,0,1,89,0,26,1,2010,3,13,55,0,14,3,SR-18,,585,29.93201944,-90.318488890,0,34,0,0,1,1,4,0,1,1,0,1,0,0000000,13,57,14,10,14,46,0,0,0,1,1
22,220034,2,2,0,3,97,0,29,1,2010,6,6,30,1,13,2,US-190,I-49 OFF RAMP,1202,30.53146111,-92.067400000,0,12,6,1,2,2,1,0,4,2,0,2,0,0000000,6,38,6,42,7,18,0,0,0,1,0
22,220035,2,2,1,2,33,0,31,1,2010,1,1,55,0,14,3,SR-67,,190,30.70863056,-91.080430560,0,8,0,0,1,1,1,0,3,1,0,1,0,0000000,99,98,99,98,88,88,19,0,0,1,0
22,220036,1,1,1,1,101,0,23,1,2010,7,13,0,0,6,4,VILLAGE LANE,,0,29.68293889,-91.103438890,0,8,0,0,1,1,1,0,1,1,0,1,0,0000000,13,5,13,15,13,40,0,0,0,1,0
22,220037,1,1,1,1,45,1680,19,1,2010,3,7,14,0,15,6,ANDERSON STREET,MYRTIS STREET,0,30.00860000,-91.840880560,0,8,0,0,2,2,2,0,1,1,0,1,0,0000000,7,14,7,21,8,3,0,0,0,1,1
22,220038,1,1,0,2,109,0,21,1,2010,5,1,17,0,15,4,SAVANNE ROAD,,0,29.58663889,-90.815369440,0,53,0,0,1,1,4,0,3,10,0,10,0,0000000,1,17,1,25,1,59,20,0,0,1,0
22,220039,1,1,0,2,19,0,22,1,2010,6,1,10,0,4,3,SR-108,FABACHER ROAD,704,30.13938056,-93.501769440,0,34,0,0,3,3,4,0,2,1,0,1,0,0000000,1,33,1,44,2,34,0,0,0,1,1
22,220040,1,1,0,1,63,0,1,2,2010,2,19,39,0,6,4,MARY KINCHEN ROAD,,0,30.56916944,-90.620069440,0,35,0,0,1,1,4,0,2,10,0,10,0,0000000,19,39,20,5,88,88,0,0,0,1,0