STATE,ST_CASE,VE_TOTAL,VE_FORMS,PEDS,PERSONS,COUNTY,CITY,DAY,MONTH,YEAR,DAY_WEEK,HOUR,MINUTE,NHS,ROAD_FNC,ROUTE,TWAY_ID,TWAY_ID2,MILEPT,LATITUDE,LONGITUD,SP_JUR,HARM_EV,MAN_COLL,RELJCT1,RELJCT2,TYP_INT,REL_ROAD,WRK_ZONE,LGT_COND,WEATHER1,WEATHER2,WEATHER,SCH_BUS,RAIL,NOT_HOUR,NOT_MIN,ARR_HOUR,ARR_MIN,HOSP_HR,HOSP_MN,CF1,CF2,CF3,FATALS,DRUNK_DR
22,220041,1,1,1,1,109,0,3,2,2010,4,5,52,1,13,3,SR-20,,138,29.75760000,-90.816800000,0,8,0,0,1,1,1,0,3,1,0,1,0,0000000,5,56,5,59,88,88,16,0,0,1,0
22,220042,2,2,0,2,69,1650,3,2,2010,4,21,50,1,13,3,SR-1,,3179,31.72420000,-93.084561110,0,12,6,0,8,1,1,0,2,2,0,2,0,0000000,21,51,22,0,88,88,0,0,0,1,0
22,220043,1,1,0,2,63,2350,4,2,2010,5,4,30,0,16,6,PENDARVISE LANE,,0,30.48236111,-90.882611110,0,18,0,0,1,1,4,0,2,2,0,2,0,0000000,4,36,4,45,5,19,0,0,0,1,0
22,220044,1,1,0,2,79,0,4,2,2010,5,7,20,0,4,3,SR-112,,335,30.89253889,-92.789619440,0,42,0,0,1,1,4,0,4,2,0,2,0,0000000,7,27,7,43,8,22,0,0,0,1,0
22,220045,1,1,0,1,43,0,4,2,2010,5,14,30,0,4,3,SR-8,,681,31.41996944,-92.672069440,0,34,0,0,1,1,4,0,1,2,0,2,0,0000000,14,35,14,43,15,30,0,0,0,1,1
22,220046,2,2,0,2,39,0,6,2,2010,7,13,22,0,3,3,SR-13,,419,30.55931111,-92.429319440,0,12,2,0,8,1,1,0,1,1,0,1,0,0000000,13,30,13,45,14,45,0,0,0,1,0
22,220047,1,1,1,1,73,0,6,2,2010,7,20,40,1,13,3,SR-617,,6,32.49586944,-92.157438890,0,8,0,0,1,1,1,0,3,1,0,1,0,0000000,20,42,20,45,88,88,0,0,0,1,0
22,220048,2,2,0,6,89,0,7,2,2010,1,2,45,1,1,1,I-10,,2128,30.07273611,-90.396705560,0,12,1,0,1,1,1,0,2,1,0,1,0,0000000,99,99,99,99,99,99,0,0,0,2,2
22,220049,2,2,0,2,109,0,7,2,2010,1,7,3,0,14,3,SR-311,KRUMBHAAR STREET,7,29.58738056,-90.733019440,0,12,6,0,2,3,1,0,1,1,0,1,0,0000000,7,7,7,14,7,42,0,0,0,1,0
22,220050,1,1,1,1,113,0,8,2,2010,2,2,19,0,4,3,SR-699,,117,30.07941944,-92.128738890,0,8,0,0,1,1,1,1,2,1,0,1,0,0000000,2,24,2,34,88,88,4,0,0,1,1
22,220051,1,1,0,1,7,0,8,2,2010,2,2,32,0,16,3,SR-1010,,27,29.83875000,-90.991850000,0,34,0,0,1,1,4,0,2,1,0,1,0,0000000,3,44,3,59,88,88,0,0,0,1,1
22,220052,4,4,0,7,51,1190,10,2,2010,4,15,34,1,11,1,I-10,,2228,30.00861944,-90.255300000,0,12,6,0,1,1,1,0,1,10,0,10,0,0000000,15,37,15,38,88,88,0,0,0,3,0
22,220053,1,1,0,1,15,230,10,2,2010,4,20,8,1,11,7,I-20 SERVICE ROAD,,254,32.53560000,-93.644730560,0,26,0,0,1,1,4,0,2,10,0,10,0,0000000,20,8,20,16,88,88,0,0,0,1,1
22,220054,1,1,0,1,69,0,11,2,2010,5,18,49,0,3,3,SR-117,,174,31.38893056,-93.164269440,0,42,0,0,1,1,5,0,2,4,0,4,0,0000000,18,49,19,46,88,88,0,0,0,1,0
22,220056,1,1,0,1,109,0,11,2,2010,5,13,33,0,4,3,SR-182,,345,29.64461389,-90.963480560,0,1,0,0,1,1,4,0,1,2,0,2,0,0000000,13,41,14,6,88,88,0,0,0,1,1
22,220057,1,1,1,2,17,2130,11,2,2010,5,18,53,0,16,6,FORD ST,N PIERRE AVE,0,32.51096111,-93.763219440,0,8,0,0,3,2,1,0,3,4,0,4,0,0000000,18,53,18,57,19,24,0,0,0,1,0
22,220058,1,1,0,5,29,0,12,2,2010,6,3,50,1,2,2,US-84,,1688,31.60793056,-91.619219440,0,42,0,0,1,1,4,0,2,4,0,4,0,0000000,4,0,4,19,5,26,0,0,0,2,0
22,220059,2,2,0,2,93,0,12,2,2010,6,12,22,0,3,3,SR-70,,463,30.10508056,-90.877519440,0,12,2,0,1,1,1,0,1,10,0,10,0,0000000,12,23,12,38,99,99,0,0,0,1,0
22,220060,1,1,0,5,81,0,12,2,2010,6,18,0,0,4,3,SR-1,,3617,32.18263056,-93.481080560,0,53,0,0,1,1,4,0,1,1,0,1,0,0000000,18,1,18,12,19,51,0,0,0,2,0
22,220061,2,2,0,11,17,0,13,2,2010,7,9,25,1,2,2,US-71,,2264,32.94870000,-93.894200000,0,12,2,0,1,1,1,0,1,1,0,1,0,0000000,9,28,9,50,10,16,0,0,0,2,0
22,220062,1,1,0,1,81,0,13,2,2010,7,16,0,0,3,2,US-71,,1449,31.99281111,-93.279388890,0,42,0,0,1,1,4,0,1,1,0,1,0,0000000,99,99,99,99,88,88,0,0,0,1,0
22,220063,1,1,0,1,51,0,14,2,2010,1,23,8,0,4,3,SR-1,,59,29.20811944,-90.033769440,0,32,0,0,1,1,4,0,3,10,0,10,0,0000000,23,8,23,15,88,88,0,0,0,1,1
22,220064,1,1,0,1,89,0,15,2,2010,2,23,11,0,14,3,SR-18,,520,29.96756111,-90.405030560,0,32,0,0,1,1,4,0,3,1,0,1,0,0000000,99,99,23,17,0,15,0,0,0,1,1
22,220065,1,1,0,2,11,0,16,2,2010,3,9,0,0,6,4,PARISH LINE ROAD,,0,30.87795000,-93.276511110,0,42,0,0,1,1,4,0,1,1,0,1,0,0000000,9,4,9,15,9,38,0,0,0,1,1
22,220066,1,1,0,4,55,1230,16,2,2010,3,16,37,1,11,1,I-49,,7,30.26983889,-92.017819440,0,34,0,0,1,1,4,0,1,1,0,1,0,0000000,16,38,16,45,17,4,0,0,0,1,0
22,220067,1,1,1,2,109,0,16,2,2010,3,2,43,0,6,4,ADELINE DRIVE,TONY CROCHET CT,0,29.66698056,-90.719688890,0,8,0,0,2,2,1,0,3,1,0,1,0,0000000,99,99,2,57,99,99,16,0,0,1,0
22,220068,1,1,0,1,51,1190,17,2,2010,4,12,15,1,13,2,US-61,,115,29.97996944,-90.277650000,0,33,0,0,1,1,4,0,1,1,0,1,0,0000000,12,18,12,27,88,88,0,0,0,1,0
22,220069,2,2,0,4,43,0,17,2,2010,4,10,55,0,5,3,SR-123,,70,31.59386111,-92.516238890,0,12,2,0,1,1,1,0,1,1,0,1,0,0000000,11,4,11,24,88,88,0,0,0,1,0
22,220070,2,2,0,2,7,0,18,2,2010,5,13,17,0,14,3,SR-1,,996,29.92191111,-90.991280560,0,12,6,0,8,1,1,0,1,1,0,1,0,0000000,13,21,13,29,13,41,0,0,0,1,0
22,220071,3,3,0,5,57,0,18,2,2010,5,16,0,0,5,3,SR-308,,632,29.59115000,-90.446788890,0,12,6,0,1,1,1,0,1,1,0,1,0,0000000,16,4,16,16,16,59,0,0,0,1,1
22,220072,2,2,0,4,7,0,19,2,2010,6,13,55,0,14,3,SR-1,,1098,30.01976111,-91.047980560,0,12,2,0,1,1,1,0,1,1,0,1,0,0000000,13,58,14,8,15,22,0,0,0,1,0
22,220073,1,1,0,2,79,0,19,2,2010,6,21,50,0,5,3,SR-1199,,29,31.17036111,-92.703519440,0,35,0,0,1,1,5,0,2,1,0,1,0,0000000,22,4,22,25,88,88,0,0,0,1,1
22,220074,3,3,0,4,65,0,20,2,2010,7,19,20,1,1,1,I-220,,1557,32.43723056,-91.456350000,0,12,1,0,1,1,1,0,2,1,0,1,0,0000000,19,30,19,40,20,30,14,0,0,1,1
22,220075,1,1,0,1,111,0,20,2,2010,7,22,26,0,6,4,JOHN HAYE RD,,0,32.67696389,-92.216386110,0,35,0,0,1,1,4,0,2,1,0,1,0,0000000,88,88,88,88,88,88,0,0,0,1,1
22,220076,4,4,0,5,17,2130,22,2,2010,2,6,56,1,11,1,I-20,,121,32.45770000,-93.840350000,0,12,6,0,1,1,1,0,1,1,0,1,0,0000000,6,58,7,1,7,45,0,0,0,1,0
22,220077,2,2,0,4,1,0,23,2,2010,3,16,20,1,1,1,I-10,,852,30.24271944,-92.311988890,0,12,7,0,1,1,1,0,1,1,0,1,0,0000000,16,26,16,34,17,25,0,0,0,2,0
22,220078,2,2,0,2,15,230,10,1,2010,1,8,12,1,11,1,I-220,,156,32.55816944,-93.648738890,0,12,1,0,1,1,1,0,1,1,0,1,0,0000000,8,15,8,21,9,2,0,0,0,1,0
22,220079,1,1,0,1,29,0,26,2,2010,6,99,99,0,4,3,SR-129,,247,31.49328889,-91.704400000,0,53,0,0,1,1,4,0,2,1,0,1,0,0000000,6,21,6,34,88,88,0,0,0,1,1
22,220080,1,1,0,2,33,150,27,2,2010,7,1,29,1,11,1,I-10,,1641,30.37850278,-91.060519440,0,42,0,0,1,1,4,1,2,2,0,2,0,0000000,1,37,1,39,2,12,0,0,0,1,1
22,220081,2,2,0,2,57,0,27,2,2010,7,8,50,0,3,3,SR-24,,291,29.54476111,-90.473319440,0,12,2,0,1,1,1,0,1,1,0,1,0,0000000,8,53,9,6,10,22,0,0,0,1,0
22,220082,2,2,0,2,91,0,27,2,2010,7,13,30,0,3,3,SR-16,,369,30.65150556,-90.903611110,0,12,2,0,1,1,1,0,1,1,0,1,0,0000000,13,31,13,48,14,33,0,0,0,1,1
22,220083,1,1,0,1,97,0,28,2,2010,1,2,40,0,6,3,SR-742,,1,30.52003056,-92.044269440,0,38,0,0,1,1,5,0,2,1,0,1,0,0000000,2,51,3,17,88,88,0,0,0,1,1
22,220084,1,1,0,1,77,0,28,2,2010,1,14,30,0,5,3,SR-411,,17,30.53666111,-91.540019440,0,1,0,0,1,1,5,0,1,1,0,1,0,0000000,14,51,15,12,88,88,0,0,0,1,1
22,220085,3,3,0,7,5,0,28,2,2010,1,17,20,0,3,3,SR-70,,496,30.14991944,-90.874069440,0,12,6,0,1,1,1,0,1,1,0,1,0,0000000,17,20,17,25,18,16,0,0,0,2,0
22,220086,1,1,0,2,109,0,1,3,2010,2,4,29,0,14,3,SR-660,BAYOU GARDENS BLVD,27,29.65003889,-90.726838890,0,30,0,0,2,3,4,0,3,1,0,1,0,0000000,4,35,4,43,88,88,0,0,0,2,1
22,220087,1,1,0,1,15,0,1,3,2010,2,11,5,0,4,3,SR-157,,64,33.00031944,-93.537269440,0,42,0,0,1,1,5,0,1,2,0,2,0,0000000,11,6,11,22,88,88,0,0,0,1,0
22,220088,2,2,0,3,117,0,1,3,2010,2,17,25,0,3,3,SR-10,,2383,30.85753889,-89.963911110,0,12,2,0,1,1,1,0,2,2,0,2,0,0000000,17,31,17,33,17,55,0,0,0,2,0
22,220089,2,2,0,2,89,0,2,3,2010,3,8,33,1,13,2,US-90,,2406,29.91453889,-90.277150000,0,12,1,0,7,1,1,0,1,1,0,1,0,0000000,8,43,9,4,88,88,0,0,0,1,0
22,220090,1,1,0,2,49,0,1,1,2010,6,3,5,0,6,4,SHORTSTRAW RD,,0,32.48890000,-92.522461110,0,1,0,0,1,1,4,0,2,1,0,1,0,0000000,3,40,3,59,4,50,0,0,0,1,1
22,220092,2,2,0,2,103,2180,3,3,2010,4,13,49,1,11,1,I-10,,2664,30.28151111,-89.750619440,0,12,7,0,1,1,1,0,1,1,0,1,0,0000000,88,88,88,88,88,88,0,0,0,1,0
22,220093,2,2,0,2,19,1250,4,3,2010,5,5,57,0,16,6,FIRST AVE.,E. THIRD ST.,0,30.22385000,-93.201400000,0,12,6,0,2,2,1,0,1,1,0,1,0,0000000,6,0,6,4,6,43,0,0,0,1,0
22,220094,1,1,0,1,99,0,6,3,2010,7,0,55,0,5,3,SR-347,,83,30.15388056,-91.808380560,0,42,0,0,1,1,5,0,2,1,0,1,0,0000000,0,58,1,6,88,88,0,0,0,1,0
22,220095,1,1,0,2,19,0,6,3,2010,7,2,25,0,6,4,GUM ISLAND RD,,0,30.18376944,-93.487830560,0,38,0,0,1,1,4,0,2,1,0,1,0,0000000,2,30,2,45,3,16,0,0,0,2,1
22,220096,1,1,0,1,73,2410,5,3,2010,6,14,10,1,13,3,SR-34,,851,32.49426111,-92.143738890,0,10,0,0,6,1,1,0,1,1,0,1,0,302517L,99,98,99,98,88,88,0,0,0,1,0
22,220097,2,2,0,2,17,2130,22,1,2010,6,17,24,0,14,3,SR-3194,JONES MABRY,17,32.54350000,-93.807061110,0,12,6,0,2,2,1,0,1,1,0,1,0,0000000,17,24,17,26,17,50,0,0,0,1,0
22,220098,1,1,0,1,25,0,7,3,2010,1,14,24,0,6,3,SR-921,,51,31.77611111,-91.615880560,0,32,0,0,1,1,4,0,1,1,0,1,0,0000000,14,40,14,59,88,88,0,0,0,1,0
22,220099,1,1,0,1,53,0,10,3,2010,4,2,15,0,6,3,SR-102,,218,30.30595556,-92.652661110,0,43,0,0,1,1,4,0,2,10,0,10,0,0000000,2,25,2,44,3,1,0,0,0,1,0
22,220100,2,2,0,3,19,0,10,3,2010,4,7,23,0,4,2,US-90,,105,30.20568056,-93.554961110,0,12,2,0,1,1,1,0,1,5,0,5,0,0000000,7,29,7,34,9,26,0,0,0,2,0
22,220101,1,1,0,1,57,0,5,3,2010,6,99,99,0,15,3,SR-657,,11,29.57196944,-90.382569440,0,43,0,0,1,1,5,0,9,99,0,99,0,0000000,16,59,17,16,88,88,18,0,0,1,1
22,220102,1,1,0,1,105,0,10,3,2010,4,20,30,0,14,3,SR-443,SR-1064,30,30.54851111,-90.429138890,0,42,0,0,3,3,5,0,2,10,0,10,0,0000000,7,4,7,18,88,88,18,0,0,1,0
22,220103,1,1,0,2,63,0,11,3,2010,5,0,30,0,4,3,SR-63,,262,30.64355000,-90.876011110,0,34,0,0,1,1,4,0,2,2,0,2,0,0000000,0,39,0,58,1,49,0,0,0,1,1
22,220104,1,1,0,1,85,0,12,3,2010,6,23,18,0,4,3,SR-174,,9,31.77786111,-93.756861110,0,35,0,0,1,1,4,0,2,1,0,1,0,0000000,23,24,23,51,88,88,0,0,0,1,0
22,220105,2,1,0,1,17,2130,12,3,2010,6,22,39,0,14,6,KINGSTON RD,,0,32.42490000,-93.780050000,0,30,0,0,1,1,4,0,3,1,0,1,0,0000000,22,39,22,44,88,88,0,0,0,1,1
22,220106,1,1,0,2,101,0,15,3,2010,2,13,9,0,4,3,SR-317,,65,29.63871944,-91.511180560,0,42,0,0,1,1,4,0,1,1,0,1,0,0000000,13,9,13,28,14,15,0,0,0,1,0
22,220107,2,2,0,2,65,0,16,3,2010,3,8,58,1,1,1,I-20,,1797,32.33888056,-91.067900000,0,12,7,0,1,1,1,0,1,1,0,1,0,0000000,8,59,9,13,88,88,0,0,0,1,0
22,220108,2,2,0,2,11,0,17,3,2010,4,13,39,0,3,2,US-190,,88,30.82153889,-93.515250000,0,12,6,0,1,1,1,0,1,1,0,1,0,0000000,13,54,14,10,88,88,0,0,0,1,0
22,220109,2,2,0,2,81,0,17,3,2010,4,20,21,0,4,3,SR-1,SR-509,3584,32.13581944,-93.479211110,0,12,6,0,2,3,1,0,2,1,0,1,0,0000000,20,26,20,38,21,40,0,0,0,1,0
22,220110,2,2,0,2,67,0,17,3,2010,4,22,40,0,3,3,SR-2,,1611,32.77116111,-91.679300000,0,12,2,0,1,1,1,0,2,1,0,1,0,0000000,22,47,22,56,99,99,0,0,0,1,0
22,220111,2,2,0,5,63,0,18,3,2010,5,20,31,0,15,3,SR-1026,,83,30.50846111,-90.934419440,0,12,2,0,1,1,1,0,2,1,0,1,0,0000000,20,31,20,37,21,23,0,0,0,1,1
22,220112,1,1,0,1,123,0,19,3,2010,6,4,46,0,6,4,MITCHNER ROAD,,0,32.58225556,-91.588369440,0,35,0,0,1,1,4,0,2,1,0,1,0,0000000,4,46,4,54,88,88,0,0,0,1,0
22,220113,1,1,0,2,113,0,19,3,2010,6,20,34,0,6,4,ST. ELMO RD,,0,29.94853889,-92.005888890,0,32,0,0,1,1,4,0,3,1,0,1,0,0000000,20,38,20,49,21,9,0,0,0,1,1
22,220114,2,2,0,3,117,0,20,3,2010,7,16,20,1,2,3,SR-21,POOLES BLUFF RD,303,30.70901111,-89.854461110,0,12,6,0,2,2,1,0,1,1,0,1,0,0000000,16,27,16,34,16,55,0,0,0,2,1
22,220115,1,1,1,3,97,0,20,3,2010,7,16,14,0,3,2,US-190,LA-758,1036,30.50438889,-92.340838890,0,9,0,0,2,2,1,0,1,1,0,1,0,0000000,16,14,16,30,16,43,0,0,0,1,0
22,220116,1,1,0,1,55,1230,15,3,2010,2,2,34,1,11,1,I-49,,2,30.26231111,-92.017138890,0,42,0,1,5,1,4,0,3,1,0,1,0,0000000,2,35,2,41,88,88,0,0,0,1,1
22,220117,2,2,0,2,59,0,11,3,2010,5,8,23,1,2,3,SR-28,,744,31.44758889,-92.124861110,0,12,2,0,1,1,1,0,1,1,0,1,0,0000000,8,28,8,49,9,51,0,0,0,1,0
22,220118,2,2,0,3,5,2189,12,3,2010,6,16,25,0,14,3,SR-22,,82,30.17671111,-90.872338890,0,12,1,0,1,1,1,0,1,1,0,1,0,0000000,16,26,17,5,88,88,0,0,0,1,0
22,220119,1,1,1,2,33,150,17,3,2010,4,6,41,1,13,2,US-190,,1851,30.46181944,-91.041280560,0,8,0,0,1,1,1,0,3,1,0,1,0,0000000,6,42,6,54,99,99,0,0,0,1,0
22,220120,1,1,0,1,97,0,16,3,2010,3,20,43,0,4,3,SR-10,,1127,30.68916944,-91.736938890,0,59,0,0,1,1,4,0,2,1,0,1,0,0000000,20,43,20,55,88,88,0,0,0,1,0
22,220121,2,2,0,8,105,0,20,3,2010,7,19,20,0,4,3,SR-10,,2117,30.81416111,-90.363438890,0,12,6,0,8,1,1,0,2,2,0,2,0,0000000,19,21,19,50,20,40,0,0,0,1,0
22,220122,1,1,1,2,103,0,21,3,2010,1,5,15,1,11,1,I-12,,656,30.41582500,-90.045519440,0,8,0,1,18,1,1,0,2,1,0,1,0,0000000,5,15,5,25,6,25,19,0,0,1,0
22,220123,2,2,0,6,69,0,22,3,2010,2,23,2,0,4,3,SR-1,,3124,31.66451111,-93.043661110,0,12,2,0,1,1,1,0,2,1,0,1,0,0000000,23,2,23,14,23,58,0,0,0,1,1
22,220124,3,3,0,4,15,0,23,3,2010,3,7,41,0,15,3,SR-157,DAVIS RD,117,32.48293889,-93.509700000,0,12,6,0,2,2,1,0,1,1,0,1,1,0000000,7,43,7,53,8,50,14,0,0,1,1
22,220125,1,1,0,2,39,0,24,3,2010,4,17,35,0,3,2,US-167,,586,30.67106944,-92.214600000,0,34,0,0,1,1,4,0,1,1,0,1,0,0000000,17,38,18,1,18,39,0,0,0,1,0
22,220126,1,1,0,3,29,0,29,3,2010,2,0,20,0,6,4,MOOSE LODGE RD,,0,31.58055833,-91.496450000,0,34,0,0,1,1,4,1,2,1,0,1,0,0000000,0,45,0,56,1,35,0,0,0,1,1
22,220127,2,2,0,6,99,0,29,3,2010,2,7,53,0,4,3,SR-182,,1119,30.07974722,-91.898211110,0,12,2,0,1,1,1,0,1,1,0,1,0,0000000,7,55,8,7,9,59,0,0,0,2,0
22,220128,1,1,0,1,5,0,25,3,2010,5,2,56,1,1,1,I-10,,1835,30.16836944,-90.866261110,0,42,0,0,1,1,4,0,7,1,0,1,0,0000000,3,7,3,15,88,88,0,0,0,1,1
22,220129,2,2,0,2,55,0,26,3,2010,6,10,40,0,14,3,SR-93,,83,30.26340000,-92.110119440,0,12,6,0,1,1,1,0,1,1,0,1,0,0000000,10,42,10,52,11,24,0,0,0,1,1
22,220130,1,1,0,1,47,0,27,3,2010,7,2,19,0,4,3,SR-75,,67,30.13235000,-91.287311110,0,35,0,0,1,1,4,0,2,1,0,1,0,0000000,2,19,2,20,88,88,0,0,0,1,1
22,220131,1,1,1,1,17,2130,27,3,2010,7,23,25,1,13,3,SR-526,,84,32.40208056,-93.797838890,0,8,0,0,1,1,1,0,3,1,0,1,0,0000000,23,25,23,28,88,88,0,0,0,1,0
22,220132,1,1,0,1,55,0,25,3,2010,5,10,50,0,6,4,W. CONGRESS ST.,,0,30.19746944,-92.221500000,0,30,0,0,1,1,4,0,1,1,0,1,0,0000000,10,54,11,0,88,88,0,0,0,1,0
22,220133,1,1,1,1,33,0,24,2,2010,4,19,50,0,14,6,N. FLANNERY RD,DELORES DR.,0,30.49761111,-91.042888890,0,8,0,0,2,2,1,0,7,1,0,1,0,0000000,19,50,19,57,88,88,0,0,0,1,0
22,220134,4,3,0,3,31,0,10,3,2010,4,16,15,0,3,2,US-84,,24,31.97338056,-93.968869440,0,12,2,0,1,1,1,0,1,1,0,1,0,0000000,16,19,16,24,17,21,0,0,0,1,0
22,220135,2,2,0,2,15,230,24,3,2010,4,10,35,1,13,3,SR-511,SUNFLOWER BLVD.,172,32.45887778,-93.669711110,0,12,1,0,3,3,1,0,1,1,0,1,0,0000000,10,36,10,40,11,1,0,0,0,1,1
22,220136,1,1,1,1,97,1800,30,3,2010,3,22,17,0,15,3,SR-357,,92,30.53098056,-92.099211110,0,9,0,0,1,1,1,0,3,1,0,1,0,0000000,22,17,22,26,88,88,0,0,0,1,0
22,220137,1,1,0,1,37,0,13,1,2010,4,14,56,0,6,4,CARRUTH ROAD,,0,30.92670000,-91.089738890,0,35,0,0,1,1,4,0,1,1,0,1,0,0000000,14,56,15,22,88,88,0,0,0,1,0
22,220138,2,2,0,4,47,2082,13,3,2010,7,15,9,0,5,3,SR-75,,347,30.21898889,-91.076488890,0,12,2,0,1,1,1,0,1,1,0,1,0,0000000,15,9,15,30,99,99,0,0,0,1,0
22,220139,1,1,0,1,105,0,5,4,2010,2,3,54,1,1,1,I-12,,522,30.48018056,-90.255030560,0,42,0,0,1,1,4,0,2,1,0,1,0,0000000,3,58,4,6,88,88,0,0,0,1,1
22,220140,1,1,0,2,19,0,1,4,2010,5,20,20,1,1,1,I-10,,91,30.18638056,-93.563580560,0,24,0,0,1,1,4,0,2,1,0,1,0,0000000,20,22,20,28,21,7,0,0,0,1,0
22,220141,3,3,0,5,119,0,7,4,2010,4,5,35,0,3,2,US-371,,555,32.64121944,-93.365938890,0,12,2,0,1,1,1,0,2,1,0,1,0,0000000,5,42,6,27,99,99,0,0,0,1,0
22,220142,2,2,0,2,33,150,1,4,2010,5,18,35,0,14,3,SR-408,,83,30.54778889,-91.052719440,0,12,6,0,8,1,1,0,1,1,0,1,0,0000000,18,36,18,44,88,88,0,0,0,1,0
22,220143,2,2,0,2,1,0,5,4,2010,2,18,40,0,3,3,SR-13,,331,30.43745000,-92.409438890,0,12,2,0,1,1,1,0,1,1,0,1,0,0000000,18,46,18,51,19,11,0,0,0,1,0
22,220144,1,1,0,1,47,960,6,4,2010,3,7,34,0,6,6,CEDAR STREET,,0,30.40971111,-91.434688890,0,10,0,0,6,1,1,0,1,1,0,1,0,447062K,7,35,7,42,8,28,23,0,0,1,0
22,220145,2,2,0,2,1,0,6,4,2010,3,13,30,0,4,3,SR-91,,433,30.43681944,-92.474250000,0,12,6,0,8,1,1,0,1,1,0,1,0,0000000,13,35,13,49,88,88,0,0,0,1,0
22,220146,2,2,0,2,99,0,3,4,2010,7,16,51,0,6,4,VIEUX JACQUET RD,,0,30.09978889,-91.925280560,0,12,6,0,8,1,1,0,1,1,0,1,0,0000000,16,46,16,55,17,38,0,0,0,1,0
22,220147,1,1,0,5,17,2130,2,4,2010,6,21,15,0,14,6,JEFFERSON PAIGE RD,,0,32.47966111,-93.873619440,0,42,0,0,1,1,5,0,6,1,0,1,0,0000000,21,32,21,44,22,31,0,0,0,1,0
22,220148,2,2,0,2,63,570,7,4,2010,4,20,20,1,13,2,US-190,,1901,30.47233889,-90.963861110,0,12,6,0,8,1,1,0,3,2,0,2,0,0000000,20,27,20,38,88,88,0,0,0,1,1
22,220149,1,1,0,2,29,0,9,4,2010,6,2,5,0,4,3,SR-568,,18,31.64751944,-91.537638890,0,1,0,0,1,1,1,0,2,1,0,1,0,0000000,2,10,2,17,2,41,0,0,0,1,1
22,220150,4,3,0,6,47,0,9,4,2010,6,4,55,1,1,1,I-10,,1402,30.42032222,-91.427111110,0,14,0,0,1,1,2,0,2,1,0,1,0,0000000,5,7,5,36,6,20,0,0,0,4,0
22,220151,2,2,0,4,95,0,9,4,2010,6,22,0,1,11,1,I-10,,2112,30.08298056,-90.421411110,0,12,1,0,1,1,1,0,2,1,0,1,0,0000000,22,14,22,25,23,15,0,0,0,1,0
22,220152,1,1,0,4,5,0,9,4,2010,6,22,18,1,1,1,I-10,,1894,30.14670000,-90.770061110,0,42,0,0,1,1,4,0,2,1,0,1,0,0000000,22,24,22,33,23,18,0,0,0,1,0
22,220153,1,1,0,1,23,0,9,4,2010,6,19,0,0,4,3,SR-384,,198,30.02578889,-93.265538890,0,34,0,0,1,1,4,0,1,1,0,1,0,0000000,19,1,19,9,99,99,0,0,0,1,1
22,220154,1,1,0,1,1,0,10,4,2010,7,99,99,1,1,1,I-10,,759,30.23308056,-92.465261110,0,59,0,1,5,1,8,0,2,1,0,1,0,0000000,7,15,7,24,88,88,18,0,0,1,0
22,220155,3,2,0,3,105,0,10,4,2010,7,18,44,1,11,1,I-55,,268,30.45055833,-90.468638890,0,12,7,0,1,1,1,0,1,1,0,1,0,0000000,18,52,19,1,19,16,0,0,0,2,1
22,220156,1,1,1,1,101,0,10,4,2010,7,20,30,1,2,2,US-90,,1478,29.84081111,-91.576319440,0,8,0,0,1,1,1,0,2,1,0,1,0,0000000,20,40,20,58,88,88,0,0,0,1,0
22,220157,1,1,0,2,105,0,10,4,2010,7,21,15,1,1,1,I-55,,532,30.82146944,-90.533238890,0,1,0,0,1,1,1,0,2,1,0,1,0,0000000,21,17,21,29,88,88,0,0,0,2,0
22,220158,1,1,1,1,19,0,10,4,2010,7,1,25,0,15,4,PATTON STREET,,0,30.21323056,-93.375311110,0,8,0,0,1,1,2,0,3,1,0,1,0,0000000,1,32,1,37,88,88,0,0,0,1,1
22,220159,2,2,0,2,55,1230,11,4,2010,1,13,27,0,14,6,E KALISTE SALOOM RD,,0,30.19280000,-92.010511110,0,12,6,0,8,1,1,0,1,1,0,1,0,0000000,13,27,13,33,13,54,0,0,0,1,0
22,220160,1,1,0,1,105,980,11,4,2010,1,9,20,1,11,1,I-55,,310,30.50268056,-90.503438890,0,35,0,0,1,1,3,0,1,1,0,1,0,0000000,9,21,9,27,9,55,0,0,0,1,0
22,220161,1,1,0,1,87,0,11,4,2010,1,22,34,1,13,3,SR-46,,57,29.94133889,-89.976219440,0,33,0,0,1,1,3,0,3,1,0,1,0,0000000,22,34,22,41,23,14,0,0,0,1,0
22,220162,2,2,0,4,117,0,12,4,2010,2,21,35,0,3,3,SR-10,,2418,30.82636944,-89.919838890,0,12,2,0,1,1,1,0,2,1,0,1,0,0000000,21,36,21,46,22,20,0,0,0,3,0
22,220163,2,2,0,3,9,0,13,4,2010,3,16,15,0,3,3,SR-1,GAUTHIER SUBDIVISION,2185,30.99513056,-91.874630560,0,12,6,0,2,3,1,0,1,1,0,1,0,0000000,16,22,16,36,17,46,0,0,0,1,1
22,220164,1,1,0,2,79,0,14,4,2010,4,19,17,1,1,1,I-49,,688,31.08923889,-92.442869440,0,35,0,0,1,1,4,0,1,1,0,1,0,0000000,19,20,19,36,20,6,0,0,0,1,1
22,220165,1,1,0,2,69,0,15,4,2010,5,2,2,0,5,3,SR-494,,95,31.71238889,-93.018172220,0,24,0,0,1,1,4,0,2,1,0,1,0,0000000,99,98,99,98,99,98,0,0,0,1,1
22,220166,2,2,0,2,45,0,14,4,2010,4,13,30,1,13,2,US-90,SR-88,1217,30.05073889,-91.929438890,0,12,6,1,2,2,1,0,1,10,0,10,0,0000000,13,41,13,51,88,88,0,0,0,1,0