STATE,ST_CASE,VE_TOTAL,VE_FORMS,PEDS,PERSONS,COUNTY,CITY,DAY,MONTH,YEAR,DAY_WEEK,HOUR,MINUTE,NHS,ROAD_FNC,ROUTE,TWAY_ID,TWAY_ID2,MILEPT,LATITUDE,LONGITUD,SP_JUR,HARM_EV,MAN_COLL,RELJCT1,RELJCT2,TYP_INT,REL_ROAD,WRK_ZONE,LGT_COND,WEATHER1,WEATHER2,WEATHER,SCH_BUS,RAIL,NOT_HOUR,NOT_MIN,ARR_HOUR,ARR_MIN,HOSP_HR,HOSP_MN,CF1,CF2,CF3,FATALS,DRUNK_DR
22,220167,1,1,0,1,69,0,15,4,2010,5,14,10,0,5,3,SR-494,,105,31.72128889,-93.030780560,0,1,0,0,1,1,4,0,1,1,0,1,0,0000000,14,17,14,22,88,88,0,0,0,1,0
22,220168,2,2,0,2,13,0,16,4,2010,6,6,40,0,4,3,SR-9,,254,32.19733056,-93.016550000,0,12,2,0,1,1,1,0,1,1,0,1,0,0000000,6,45,6,52,88,88,0,0,0,1,1
22,220169,2,2,0,4,117,0,16,4,2010,6,22,0,0,3,3,SR-10,,2392,30.85133056,-89.951280560,0,12,2,0,1,1,2,0,2,1,0,1,0,0000000,22,7,22,14,22,38,0,0,0,3,1
22,220170,1,1,0,1,67,0,17,4,2010,7,99,99,0,6,3,SR-592,,38,32.80115000,-91.951911110,0,34,0,0,1,1,4,0,9,1,0,1,0,0000000,88,88,88,88,88,88,0,0,0,1,1
22,220171,1,1,0,2,57,0,9,4,2010,6,1,22,0,15,3,SR-308,,291,29.81777222,-90.884186110,0,32,0,0,1,1,4,0,2,1,0,1,0,0000000,1,40,1,51,2,17,0,0,0,2,1
22,220172,2,2,0,4,5,0,8,4,2010,5,5,21,0,14,3,SR-431,,22,30.23901944,-90.869900000,0,12,2,0,1,1,1,0,2,2,0,2,0,0000000,5,27,5,36,6,37,0,0,0,1,0
22,220173,3,3,0,5,71,1690,27,3,2010,7,13,30,1,11,1,I-610,,12,29.99486944,-90.104138890,0,12,2,0,1,1,1,0,1,1,0,1,0,0000000,99,98,99,98,88,88,0,0,0,2,0
22,220174,2,2,0,3,119,2200,8,4,2010,5,10,28,0,14,3,SR-157,,682,33.00938056,-93.476380560,0,12,2,0,1,1,1,0,1,1,0,1,0,0000000,10,28,10,34,99,99,0,0,0,1,0
22,220175,2,2,1,8,71,1690,14,2,2010,1,3,41,1,11,1,I-10,,2343,29.95788056,-90.093988890,0,8,0,1,18,1,1,0,3,10,0,10,0,0000000,3,41,3,45,88,88,0,0,0,1,0
22,220176,2,2,0,2,71,1690,16,2,2010,3,8,55,1,13,3,SR-39,DESIRE ST.,524,29.97078056,-90.039261110,0,12,6,0,2,2,1,0,1,1,0,1,0,0000000,99,99,99,99,99,99,0,0,0,1,0
22,220177,1,1,0,1,45,0,17,4,2010,7,17,17,0,5,3,SR-344,,26,30.04669722,-91.768713890,0,35,0,0,1,1,4,0,1,1,0,1,0,0000000,17,31,17,41,88,88,0,0,0,1,1
22,220178,2,2,0,2,79,40,17,4,2010,7,5,47,1,13,3,SR-28,MCKEITHEN DR.,452,31.29588056,-92.533080560,0,12,6,0,2,2,1,0,3,5,0,5,0,0000000,5,47,5,56,99,99,0,0,0,1,0
22,220179,1,1,1,1,117,0,17,4,2010,7,20,20,1,13,3,SR-21,,340,30.75948056,-89.847030560,0,9,0,0,1,1,1,0,2,1,0,1,0,0000000,20,20,20,23,20,41,0,0,0,1,0
22,220180,1,1,0,2,7,0,18,4,2010,1,19,48,0,6,3,SR-662,,73,29.71678889,-91.049480560,0,42,0,0,1,1,4,0,2,1,0,1,0,0000000,19,52,20,9,21,19,0,0,0,1,0
22,220181,2,2,0,4,101,110,18,4,2010,1,12,40,0,16,6,RALPH DARDEN MEMORIA,,0,29.85733889,-91.551038890,0,12,2,0,1,1,1,0,1,10,0,10,0,0000000,12,43,13,14,13,52,0,0,0,1,0
22,220182,2,2,0,4,99,250,18,4,2010,1,1,10,0,4,3,SR-347,,211,30.28715000,-91.873950000,0,12,2,0,1,1,1,0,3,2,0,2,0,0000000,1,10,1,12,99,99,0,0,0,1,1
22,220183,1,1,1,2,73,2410,14,4,2010,4,1,50,1,13,3,SR-34,,851,32.49481111,-92.143600000,0,8,0,0,1,1,1,0,2,1,0,1,0,0000000,1,55,1,59,2,15,19,0,0,1,1
22,220184,1,1,0,3,105,0,3,4,2010,7,20,20,0,5,3,SR-1054,,265,30.94613056,-90.448550000,0,42,0,0,1,1,4,0,2,1,0,1,0,0000000,20,31,21,0,22,9,0,0,0,1,1
22,220185,1,1,0,1,95,0,17,4,2010,7,2,10,1,1,1,I-10,,2008,30.11515000,-90.588788890,0,42,0,0,1,1,4,0,2,1,0,1,0,0000000,2,21,2,42,88,88,0,0,0,1,1
22,220186,2,2,0,2,55,1230,20,4,2010,3,23,30,0,14,3,SR-182,,1351,30.35471944,-92.051800000,0,12,2,0,1,1,1,0,2,1,0,1,0,0000000,23,32,23,41,0,27,0,0,0,1,0
22,220187,2,2,0,5,63,570,21,4,2010,4,11,0,0,14,3,SR-1032,SR-1034,91,30.44880000,-90.969538890,0,12,6,0,2,3,1,0,1,1,0,1,0,0000000,11,5,11,13,11,43,0,0,0,1,0
22,220188,1,1,0,1,67,0,22,4,2010,5,22,5,0,6,4,COOPER LAKE RD,,0,32.79363889,-91.870819440,0,42,0,0,1,1,4,0,2,1,0,1,0,0000000,22,8,22,11,88,88,0,0,0,1,1
22,220189,1,1,0,1,63,0,24,4,2010,7,2,35,0,4,3,SR-16,,171,30.41268056,-90.915480560,0,52,0,0,1,1,4,0,2,2,0,2,0,0000000,2,40,2,51,88,88,0,0,0,1,1
22,220190,1,1,0,1,109,0,24,4,2010,7,13,0,0,4,3,SR-182,,300,29.61651111,-90.897775000,0,34,0,0,1,1,4,0,1,10,0,10,0,0000000,88,88,88,88,88,88,0,0,0,1,1
22,220191,2,2,0,2,19,0,24,4,2010,7,13,15,0,6,3,SR-397,TANK FARM RD,79,30.12570000,-93.145750000,0,12,6,0,2,2,1,0,1,1,0,1,0,0000000,13,19,13,30,14,11,0,0,0,1,0
22,220192,2,2,0,3,53,2390,25,4,2010,1,21,9,0,4,2,US-90,,565,30.23215000,-92.796269440,0,12,2,0,1,1,1,0,3,1,0,1,0,0000000,21,11,21,50,99,99,0,0,0,1,1
22,220193,4,4,0,5,103,0,25,4,2010,1,14,40,0,4,2,US-190,SIERRA RD,2379,30.49493056,-90.182230560,0,12,1,0,3,3,1,0,1,1,0,1,0,0000000,14,41,14,51,15,11,0,0,0,1,0
22,220194,2,2,0,4,55,1230,25,4,2010,1,23,45,1,11,1,I-49,,19,30.28733056,-92.022238890,0,12,7,0,1,1,1,0,3,1,0,1,0,0000000,23,46,23,50,0,10,0,0,0,1,1
22,220195,1,1,0,4,99,0,30,4,2010,6,0,26,1,13,3,SR-94,,43,30.25112222,-91.950644440,0,35,0,0,1,1,4,0,2,1,0,1,0,0000000,0,27,0,33,0,58,0,0,0,1,1
22,220196,1,1,0,1,47,0,21,4,2010,4,4,30,0,4,3,SR-69,SR-995,78,30.12245000,-91.157811110,0,34,0,0,2,3,4,0,2,10,0,10,0,0000000,88,88,88,88,88,88,0,0,0,1,0
22,220197,1,1,0,1,65,0,30,4,2010,6,2,10,0,4,2,US-80,,1927,32.33651111,-91.011930560,0,34,0,0,1,1,4,0,2,1,0,1,0,0000000,19,45,19,53,88,88,0,0,0,1,1
22,220198,1,1,0,1,55,330,20,4,2010,3,0,45,1,11,1,I-49,,30,30.30198056,-92.027738890,0,34,0,0,1,1,4,0,2,1,0,1,0,0000000,0,45,0,53,88,88,0,0,0,1,1
22,220199,1,1,0,2,85,0,23,4,2010,6,99,99,0,4,3,SR-191,,470,31.67823889,-93.715930560,0,11,0,0,1,1,1,0,9,99,0,99,0,0000000,88,88,88,88,88,88,0,0,0,2,1
22,220200,4,4,0,7,77,1700,27,4,2010,3,13,58,0,14,3,SR-1,,1828,30.68670000,-91.465719440,0,12,1,0,8,1,1,0,1,1,0,1,0,0000000,14,0,14,6,14,35,0,0,0,1,0
22,220201,1,1,0,4,51,1545,1,5,2010,7,23,8,0,14,6,W. METAIRIE AVE.,,0,29.98438056,-90.209080560,0,33,0,0,1,1,3,0,3,10,0,10,0,0000000,23,10,23,12,23,46,0,0,0,1,0
22,220202,2,2,0,2,5,0,7,5,2010,6,7,13,0,6,4,DAIGLE RD,,0,30.29553056,-90.955469440,0,12,6,0,1,1,1,0,1,10,0,10,0,0000000,7,16,7,28,88,88,0,0,0,1,0
22,220203,1,1,0,2,17,2130,8,5,2010,7,16,38,0,14,3,SR-523,,41,32.41875000,-93.736338890,0,10,0,0,6,1,1,0,1,1,0,1,0,794331E,16,42,16,48,17,13,0,0,0,1,0
22,220204,2,2,0,3,55,0,1,5,2010,7,21,28,0,15,6,CHEMIN METAIRIE RD,FORTUNE RD,0,30.12380000,-92.015711110,0,12,6,0,2,2,1,0,3,1,0,1,0,0000000,21,28,21,34,22,3,0,0,0,1,0
22,220205,1,1,0,1,45,1120,1,5,2010,7,2,14,0,14,6,DUROCHER ST./MKL,,0,29.91703056,-91.680430560,0,32,0,0,1,1,4,0,3,10,0,10,0,0000000,2,16,2,21,88,88,0,0,0,1,0
22,220206,1,1,0,1,113,0,8,5,2010,7,3,45,0,6,4,NORTH RD,,0,29.97118889,-92.048400000,0,43,0,0,1,1,5,0,2,1,0,1,0,0000000,3,47,3,55,5,3,0,0,0,1,1
22,220207,1,1,0,1,45,0,2,5,2010,1,22,21,0,15,4,DANIELLE RD,,0,30.04918056,-91.743080560,0,32,0,0,1,1,4,0,2,1,0,1,0,0000000,22,23,22,35,88,88,0,0,0,1,0
22,220208,1,1,0,1,33,0,3,5,2010,2,2,24,0,14,3,SR-964,HECK YOUNG RD,23,30.61291111,-91.202111110,0,34,0,0,3,3,4,0,2,5,0,5,0,0000000,2,24,2,49,88,88,0,0,0,1,0
22,220209,1,1,0,2,33,150,4,5,2010,3,8,9,1,11,1,I-10,,1550,30.43900000,-91.189088890,0,1,0,0,1,1,4,0,1,1,0,1,0,0000000,8,10,8,26,8,40,0,0,0,1,0
22,220210,1,1,0,1,105,0,22,5,2010,7,16,36,0,6,4,CUT OFF RD,,0,30.94163056,-90.464869440,0,42,0,0,1,1,4,0,1,1,0,1,0,0000000,16,38,16,53,88,88,0,0,0,1,0
22,220211,2,2,0,2,17,0,20,5,2010,5,14,21,0,3,3,SR-1,FERRY LAKE RD,4121,32.74108889,-93.976500000,0,12,6,0,2,2,1,0,1,10,0,10,1,0000000,14,21,14,22,99,99,0,0,0,1,0
22,220212,4,1,2,4,51,1005,23,5,2010,1,22,10,1,13,6,LAPALCO BLVD,,0,29.87341944,-90.052550000,0,33,0,0,1,1,4,0,3,1,0,1,0,0000000,22,13,22,18,22,46,0,0,0,1,1
22,220213,1,1,1,2,73,1560,29,3,2010,2,20,2,1,13,7,US-165,,1763,32.48846944,-92.082780560,0,8,0,0,1,1,1,0,2,1,0,1,0,0000000,20,2,20,6,20,28,0,0,0,1,0
22,220214,2,2,0,3,87,1518,10,5,2010,2,10,43,0,14,3,SR-46,LANDRY CT,99,29.91821111,-89.914330560,0,12,6,0,2,3,1,0,1,1,0,1,0,0000000,10,50,10,55,11,25,0,0,0,1,0
22,220215,1,1,0,2,1,0,14,5,2010,6,0,40,0,6,4,TRUMPS RD,,0,30.23036944,-92.531611110,0,42,0,1,18,1,4,0,2,10,0,10,0,0000000,0,53,1,13,1,41,0,0,0,1,1
22,220216,3,2,0,4,15,230,14,5,2010,6,17,59,1,11,1,I-20,,240,32.53031111,-93.667319440,0,14,0,0,1,1,2,0,1,10,0,10,0,0000000,17,57,18,4,18,34,0,0,0,1,0
22,220217,1,1,0,1,17,0,21,5,2010,6,20,48,0,6,6,BAIN BLVD,,0,32.35490000,-93.875300000,0,1,0,0,1,1,1,0,3,1,0,1,0,0000000,20,49,20,52,88,88,0,0,0,1,1
22,220218,1,1,0,4,61,2070,22,5,2010,7,12,59,1,11,1,I-20,,861,32.54036111,-92.630288890,0,1,0,0,1,1,3,0,1,1,0,1,0,0000000,13,0,13,7,13,27,0,0,0,1,0
22,220219,1,1,0,1,55,330,25,5,2010,3,20,40,1,11,1,I-49,,35,30.30991944,-92.029800000,0,34,0,0,1,1,10,0,2,10,0,10,0,0000000,20,40,20,44,21,12,0,0,0,1,1
22,220220,1,1,1,1,39,2320,26,5,2010,4,17,9,0,16,6,LARAN ST.,W. JEFFERSON ST.,0,30.69143889,-92.274150000,0,9,0,0,2,2,1,0,1,10,0,10,0,0000000,17,9,17,18,17,33,0,0,0,1,1
22,220221,2,2,0,5,79,0,1,5,2010,7,16,0,0,4,3,SR-3170,,30,31.17776944,-92.367700000,0,12,2,0,1,1,1,0,1,10,0,10,0,0000000,16,2,16,9,17,1,0,0,0,3,0
22,220222,1,1,0,1,31,0,3,5,2010,2,1,30,0,4,3,SR-175,,408,32.06251111,-93.693961110,0,42,0,0,1,1,4,0,2,1,0,1,0,0000000,1,33,1,40,88,88,0,0,0,1,1
22,220223,2,2,0,7,5,0,2,5,2010,1,20,10,0,14,3,SR-42,,220,30.34210000,-90.884050000,0,12,6,0,1,1,1,0,2,10,0,10,0,0000000,20,11,20,25,21,10,0,0,0,2,1
22,220224,1,1,0,1,105,0,5,5,2010,4,6,32,1,13,3,SR-3234,,4,30.51898056,-90.496461110,0,42,0,0,1,1,4,0,1,1,0,1,0,0000000,6,38,6,45,88,88,0,0,0,1,1
22,220225,1,1,0,1,103,0,5,5,2010,4,14,24,1,11,1,I-10,,2680,30.30410000,-89.740811110,0,42,0,0,1,1,4,0,1,1,0,1,0,0000000,14,29,14,37,88,88,0,0,0,1,0
22,220226,5,5,0,11,53,0,5,5,2010,4,15,35,1,2,2,US-165,,60,30.30686111,-92.950169440,0,34,0,0,1,1,4,0,1,1,0,1,0,0000000,15,37,15,53,16,52,14,0,0,2,0
22,220227,1,1,0,1,113,0,5,5,2010,4,19,0,0,4,3,SR-333,,36,29.80057778,-92.139288890,0,42,0,0,1,1,4,0,1,1,0,1,0,0000000,19,0,19,17,88,88,0,0,0,1,1
22,220228,2,2,0,2,89,0,6,5,2010,5,4,15,1,11,1,I-310,,72,29.94081111,-90.375000000,0,12,1,0,1,1,1,0,2,1,0,1,0,0000000,4,24,4,35,88,88,0,0,0,1,1
22,220229,2,2,0,3,117,0,6,5,2010,5,0,40,0,3,3,SR-21,,474,30.94401111,-89.817630560,0,12,2,0,1,1,1,0,2,1,0,1,0,0000000,0,46,0,56,1,29,0,0,0,1,0
22,220230,1,1,0,1,73,0,7,5,2010,6,9,5,0,14,3,SR-616,,28,32.53733056,-92.201088890,0,59,0,0,1,1,4,0,1,1,0,1,0,0000000,9,8,9,17,9,40,0,0,0,1,0
22,220231,3,3,0,3,5,0,7,5,2010,6,14,30,0,3,3,SR-70,,402,30.06708889,-90.970211110,0,12,6,0,1,1,1,0,1,1,0,1,0,0000000,14,56,15,9,88,88,14,0,0,1,0
22,220232,1,1,0,1,123,0,7,5,2010,6,18,30,0,6,3,SR-589,,113,32.84026944,-91.350211110,0,30,0,0,1,1,4,0,1,1,0,1,0,0000000,18,34,18,42,88,88,0,0,0,1,1
22,220233,4,4,0,4,33,150,30,3,2010,3,19,38,1,13,3,SR-67,CHIPPAWA ST.,20,30.47358889,-91.162280560,0,12,1,0,3,2,1,0,3,1,0,1,0,0000000,19,39,19,47,20,1,0,0,0,1,1
22,220234,1,1,0,2,105,0,9,5,2010,1,18,20,0,4,3,SR-445,,162,30.65628889,-90.311280560,0,1,0,0,1,1,4,0,1,1,0,1,0,0000000,18,26,18,40,19,23,0,0,0,1,1
22,220235,1,1,0,3,81,0,10,5,2010,2,3,30,0,3,2,US-371,,102,32.05328889,-93.335261110,0,34,0,0,1,1,4,0,2,1,0,1,0,0000000,3,37,3,48,5,30,0,0,0,1,1
22,220236,2,2,0,2,7,0,12,5,2010,4,6,2,0,3,3,SR-70,,243,30.00821944,-91.193080560,0,12,2,0,1,1,1,0,4,1,0,1,0,0000000,6,8,6,25,6,46,0,0,0,1,0
22,220237,2,2,0,2,27,0,13,5,2010,5,17,22,0,3,2,US-79,,599,32.69788889,-93.179050000,0,12,2,0,1,1,1,0,1,10,0,10,0,0000000,17,36,17,45,18,55,0,0,0,1,0
22,220238,2,2,0,4,39,0,14,5,2010,6,14,22,0,5,3,SR-104,,296,30.60551111,-92.257988890,0,12,2,0,1,1,1,0,1,1,0,1,0,0000000,14,25,14,37,15,29,0,0,0,2,1
22,220239,1,1,0,1,13,0,14,5,2010,6,16,57,0,6,4,CRAWFORD RD,,0,32.57665000,-92.935638890,0,53,0,0,1,1,4,0,1,1,0,1,0,0000000,16,57,17,0,88,88,4,2,0,1,1
22,220240,1,1,0,3,45,0,14,5,2010,6,18,10,0,5,3,SR-89,,39,30.00528056,-91.981011110,0,31,0,0,1,1,4,0,1,1,0,1,0,0000000,18,16,18,27,18,54,0,0,0,1,1
22,220241,3,3,0,7,33,150,14,5,2010,6,20,1,1,11,1,I-12,,78,30.44584444,-90.994297220,0,12,2,0,1,1,1,0,2,1,0,1,0,0000000,20,3,20,10,20,49,0,0,0,1,0
22,220242,1,1,2,1,39,0,14,5,2010,6,22,50,0,6,3,SR-757,,2,30.51014444,-92.530772220,0,8,0,0,1,1,1,0,2,1,0,1,0,0000000,22,59,23,14,88,88,0,0,0,1,0
22,220243,2,2,0,5,47,0,15,5,2010,7,14,55,1,1,1,I-10,,1383,30.41273056,-91.458638890,0,12,6,0,1,1,1,0,1,2,0,2,0,0000000,15,3,15,26,16,9,0,0,0,1,0
22,220244,2,2,0,2,89,0,17,5,2010,2,8,55,1,13,2,US-90,,2316,29.88681111,-90.419980560,0,12,2,0,1,1,1,0,1,1,0,1,0,0000000,8,55,9,4,88,88,0,0,0,1,1
22,220245,1,1,0,1,115,0,17,5,2010,2,16,10,0,4,3,SR-463,,105,31.07196944,-92.862538890,0,1,0,0,1,1,1,0,1,1,0,1,0,0000000,16,10,16,44,88,88,0,0,0,1,0
22,220246,1,1,0,2,105,0,22,5,2010,7,2,20,1,1,1,I-55,,331,30.53388056,-90.504069440,0,35,0,0,1,1,4,0,2,1,0,1,0,0000000,2,20,2,26,3,3,0,0,0,1,0
22,220247,1,1,0,5,35,0,22,5,2010,7,22,0,0,16,3,SR-3181,,23,32.78573889,-91.187269440,0,34,0,0,1,1,4,0,2,1,0,1,0,0000000,22,12,22,15,23,0,0,0,0,1,0
22,220248,1,1,0,2,13,70,23,5,2010,1,5,0,1,1,1,I-20,,681,32.56701944,-92.934830560,0,18,0,0,1,1,1,0,2,1,0,1,0,0000000,5,2,5,9,5,56,0,0,0,1,0
22,220249,1,1,0,2,9,0,23,5,2010,1,13,21,0,6,4,OLD RIVER LANE,,0,31.09466111,-91.958469440,0,34,0,0,1,1,4,0,1,1,0,1,0,0000000,13,21,13,46,15,8,0,0,0,1,1
22,220250,1,1,0,3,53,0,23,5,2010,1,16,5,1,11,7,I-10 N. SERVICE RD,,644,30.24718889,-92.655650000,0,35,0,0,1,1,10,0,1,1,0,1,0,0000000,16,13,16,14,16,31,0,0,0,2,0
22,220251,1,1,0,1,113,0,24,5,2010,2,17,20,0,4,3,SR-333,,48,29.81851944,-92.140711110,0,34,0,0,1,1,4,0,1,1,0,1,0,0000000,17,24,17,41,18,5,0,0,0,1,1
22,220252,2,2,0,3,33,150,24,5,2010,2,21,55,1,13,3,SR-42,PECAN TREE DR.,53,30.35646944,-91.115861110,0,12,6,0,2,3,1,0,3,1,0,1,0,0000000,21,55,22,3,22,19,0,0,0,1,0
22,220253,2,2,0,3,43,0,28,5,2010,6,9,52,1,2,2,US-165,ANTONE HILLS RD,1014,31.55543889,-92.411388890,0,12,1,0,3,4,1,0,1,1,0,1,0,0000000,9,57,10,19,10,56,0,0,0,1,0
22,220254,1,1,0,1,101,0,27,5,2010,5,23,15,0,15,3,SR-326,,24,29.85541111,-91.533219440,0,53,0,0,1,1,4,0,2,1,0,1,0,0000000,23,18,23,26,23,46,0,0,0,1,1
22,220255,1,1,0,1,91,0,29,5,2010,7,18,0,0,4,3,SR-43,,379,30.92076111,-90.681580560,0,42,0,0,1,1,4,0,1,1,0,1,0,0000000,18,15,18,39,88,88,0,0,0,1,0
22,220256,1,1,0,2,95,1270,31,5,2010,2,9,32,1,11,1,I-55,,3,30.08953056,-90.437230560,0,23,0,0,1,1,4,0,1,10,0,10,0,0000000,88,88,88,88,88,88,0,0,0,2,0
22,220257,1,1,0,1,105,0,27,5,2010,5,23,0,0,4,3,SR-22,,534,30.44041944,-90.382019440,0,24,0,0,1,1,4,0,2,1,0,1,0,0000000,23,4,23,18,23,41,0,0,0,1,0
22,220258,1,1,0,2,93,0,8,5,2010,7,3,32,0,4,3,SR-3214,SR-44,219,30.05206944,-90.837761110,0,35,0,0,3,3,5,0,2,1,0,1,0,0000000,3,33,4,2,4,47,0,0,0,1,1
22,220259,1,1,1,1,57,0,13,5,2010,5,5,39,1,2,2,US-90,SR-631,2252,29.82170000,-90.480830560,0,8,0,0,3,2,1,0,4,1,0,1,0,0000000,5,45,5,57,88,88,0,0,0,1,0
22,220260,2,2,0,3,29,0,16,5,2010,1,19,23,0,4,3,SR-568,SR-900,34,31.66285000,-91.517600000,0,12,2,0,2,3,1,0,5,1,0,1,0,0000000,19,24,19,27,88,88,0,0,0,1,1
22,220261,1,1,0,1,105,980,23,5,2010,1,4,0,0,6,4,WARDLINE RD,I-55 ON-OFF RAMPS,0,30.51915000,-90.504980560,0,31,0,1,3,2,3,0,3,1,0,1,0,0000000,4,5,4,15,88,88,0,0,0,1,1
22,220262,2,2,0,2,97,0,22,5,2010,7,12,10,0,14,3,SR-13,,394,30.52158056,-92.423319440,0,12,6,0,8,1,1,0,1,1,0,1,0,0000000,12,12,12,22,12,41,0,0,0,1,0
22,220263,3,3,0,5,119,0,25,5,2010,3,17,50,1,1,1,I-20,,395,32.58025000,-93.419961110,0,12,2,0,1,1,1,0,1,1,0,1,0,0000000,18,25,18,34,19,38,0,0,0,2,0
22,220264,1,1,0,1,61,0,27,5,2010,5,19,15,0,6,4,JACKSON ROAD,,0,32.49723889,-92.783561110,0,34,0,0,1,1,4,0,1,1,0,1,0,0000000,19,32,19,45,20,24,0,0,0,1,0
22,220265,2,2,0,3,33,0,12,5,2010,4,15,19,1,13,3,SR-1248,,18,30.34555000,-91.112130560,0,12,1,0,1,1,1,0,1,1,0,1,0,0000000,15,19,15,31,15,54,0,0,0,1,0
22,220266,1,1,0,2,119,2200,1,6,2010,3,3,8,0,15,6,WALNUT ROAD,,0,32.99130000,-93.451169440,0,32,0,0,1,1,4,0,3,1,0,1,0,0000000,3,11,3,16,99,99,0,0,0,1,0
22,220267,1,1,0,1,9,0,2,6,2010,4,9,30,0,6,4,SPRING BAYOU ROAD,,0,31.14140556,-92.036722220,0,42,0,0,1,1,4,0,1,1,0,1,0,0000000,9,36,9,42,10,1,0,0,0,1,0
22,220268,2,2,0,2,5,0,2,6,2010,4,16,30,0,4,3,SR-75,,0,30.20278889,-91.024250000,0,12,6,0,1,1,1,0,1,1,0,1,0,0000000,16,35,16,42,17,15,0,0,0,1,0
22,220269,1,1,0,1,105,0,3,6,2010,5,8,39,1,1,1,I-55,,364,30.58156944,-90.504838890,0,42,0,0,1,1,4,0,1,1,0,1,0,0000000,8,43,8,48,88,88,0,0,0,1,0
22,220270,2,2,0,3,5,0,3,6,2010,5,11,45,0,14,3,SR-431,,8,30.21906944,-90.870169440,0,12,2,0,1,1,1,0,1,2,0,2,0,0000000,11,52,12,7,12,27,0,0,0,2,1
22,220271,1,1,0,1,73,0,3,6,2010,5,21,50,0,4,3,SR-557,,91,32.33665833,-92.222338890,0,42,0,0,1,1,4,0,2,10,0,10,0,0000000,21,53,22,7,88,88,0,0,0,1,0
22,220272,3,3,0,5,5,0,4,6,2010,6,16,19,1,1,1,I-10,,1876,30.15253889,-90.800791670,0,12,2,0,1,1,1,0,1,1,0,1,0,0000000,16,24,16,35,17,23,0,0,0,1,0
22,220273,1,1,0,3,77,0,9,6,2010,4,6,7,0,3,3,SR-1,,2092,30.94603056,-91.728550000,0,59,0,0,1,1,4,0,4,1,0,1,0,0000000,6,5,6,31,7,21,0,0,0,1,1
22,220274,2,2,0,2,11,0,9,6,2010,4,19,15,0,15,3,SR-112,,1,30.84413889,-93.251211110,0,12,6,0,8,1,1,0,1,1,0,1,0,0000000,19,22,19,30,19,53,0,0,0,1,1
22,220275,2,2,0,2,37,0,10,6,2010,5,7,35,0,3,3,SR-19,,294,30.93340000,-91.106238890,0,12,6,0,1,1,1,0,1,1,0,1,0,0000000,7,38,7,49,88,88,0,0,0,1,0
22,220276,1,1,0,1,19,0,10,6,2010,5,22,4,0,14,3,SR-14,,77,30.15848611,-93.139213890,0,32,0,0,1,1,4,0,2,1,0,1,0,0000000,22,6,22,14,88,88,0,0,0,1,1
22,220277,2,2,0,3,67,0,11,6,2010,6,14,53,1,4,2,US-425,,902,32.68628889,-91.773080560,0,12,6,0,1,1,1,0,1,1,0,1,0,0000000,15,5,99,99,99,99,0,0,0,2,0
22,220278,1,1,0,1,85,0,12,6,2010,7,7,30,0,4,3,SR-174,,65,31.78518056,-93.664750000,0,34,0,0,1,1,4,0,1,1,0,1,0,0000000,7,46,8,13,88,88,0,0,0,1,0
22,220279,1,1,0,2,19,0,12,6,2010,7,21,10,1,11,1,I-10,,340,30.24535556,-93.163891670,0,24,0,1,5,1,4,4,2,1,0,1,0,0000000,21,21,21,27,21,54,0,0,0,1,1
22,220280,2,2,0,4,77,0,13,6,2010,1,2,35,0,4,3,SR-415,,206,30.66293056,-91.349719440,0,12,2,0,1,1,1,0,2,1,0,1,0,0000000,2,39,3,2,3,58,0,0,0,1,0
22,220281,2,2,0,8,99,0,13,6,2010,1,18,35,1,1,1,I-10,,1144,30.31393889,-91.841311110,0,35,0,0,1,1,3,0,1,1,0,1,0,0000000,18,34,18,48,19,21,14,0,0,1,1
22,220282,1,1,0,1,111,0,14,6,2010,2,17,15,0,5,3,SR-552,,88,32.65656944,-92.312269440,0,34,0,0,1,1,4,0,1,1,0,1,0,0000000,17,52,18,11,19,15,0,0,0,1,0
22,220283,2,2,0,3,45,1680,20,6,2010,1,20,10,0,15,3,SR-674,,96,30.00878056,-91.845461110,0,12,2,0,1,1,1,0,2,1,0,1,0,0000000,20,10,20,17,21,27,0,0,0,1,0
22,220284,2,2,0,2,65,0,21,6,2010,2,16,17,1,2,2,US-65,,513,32.33920000,-91.209038890,0,12,2,0,1,1,1,0,1,1,0,1,0,0000000,16,20,16,23,17,30,0,0,0,1,1
22,220285,2,2,0,2,125,0,22,6,2010,3,7,0,0,3,3,SR-10,,1500,30.84463889,-91.289000000,0,12,2,0,1,1,1,0,1,1,0,1,0,0000000,7,0,7,11,8,1,0,0,0,1,0
22,220286,2,2,0,2,105,0,23,6,2010,4,0,32,1,11,1,I-55,,330,30.52401944,-90.503569440,0,12,2,0,1,1,1,0,2,1,0,1,0,0000000,0,33,0,45,1,55,0,0,0,1,0
22,220287,2,2,0,3,89,0,23,6,2010,4,15,45,0,3,2,US-61,,167,29.98718889,-90.361250000,0,12,2,0,1,1,1,0,1,10,0,10,0,0000000,15,48,15,59,16,38,0,0,0,1,0
22,220288,1,1,0,5,109,0,25,6,2010,6,1,28,0,6,4,SHRIMPERS ROW,,0,29.41938889,-90.701861110,0,34,0,0,1,1,4,0,3,10,0,10,0,0000000,1,37,1,52,2,26,0,0,0,1,1
22,220289,1,1,0,1,15,0,24,6,2010,5,12,4,0,4,3,SR-157,,619,32.98031111,-93.568430560,0,1,0,0,1,1,2,0,1,10,0,10,0,0000000,12,2,12,17,88,88,0,0,0,1,0