STATE,ST_CASE,VE_TOTAL,VE_FORMS,PEDS,PERSONS,COUNTY,CITY,DAY,MONTH,YEAR,DAY_WEEK,HOUR,MINUTE,NHS,ROAD_FNC,ROUTE,TWAY_ID,TWAY_ID2,MILEPT,LATITUDE,LONGITUD,SP_JUR,HARM_EV,MAN_COLL,RELJCT1,RELJCT2,TYP_INT,REL_ROAD,WRK_ZONE,LGT_COND,WEATHER1,WEATHER2,WEATHER,SCH_BUS,RAIL,NOT_HOUR,NOT_MIN,ARR_HOUR,ARR_MIN,HOSP_HR,HOSP_MN,CF1,CF2,CF3,FATALS,DRUNK_DR
22,220290,3,3,0,7,1,0,26,6,2010,7,22,25,0,4,3,SR-365,SR-367,70,30.36361111,-92.330661110,0,12,6,0,2,2,1,0,2,1,0,1,0,0000000,22,35,22,51,23,50,0,0,0,1,1
22,220291,1,1,0,3,7,0,26,6,2010,7,23,55,0,6,3,SR-1016-2,,8,29.89841944,-91.206519440,0,32,0,0,1,1,4,0,2,1,0,1,0,0000000,23,59,0,22,1,2,0,0,0,1,1
22,220292,1,1,0,2,61,0,27,6,2010,1,11,10,1,1,1,I-20,,915,32.53949167,-92.538213890,0,1,0,0,1,1,4,0,1,1,0,1,0,0000000,11,10,11,15,11,39,0,0,0,1,0
22,220293,1,1,0,3,117,0,27,6,2010,1,4,50,0,6,3,SR-424,,215,30.94713889,-90.016202780,0,42,0,0,1,1,4,0,4,1,0,1,0,0000000,5,8,5,23,88,88,0,0,0,2,1
22,220294,3,3,0,4,57,0,28,6,2010,2,16,13,1,2,2,US-90,,2192,29.76073889,-90.551530560,0,12,6,0,1,1,1,0,1,2,0,2,0,0000000,16,16,16,27,16,59,0,0,0,1,0
22,220295,1,1,0,1,93,0,25,6,2010,6,14,45,0,15,3,SR-3125,,132,30.06693056,-90.690588890,0,34,0,0,1,1,4,0,1,1,0,1,0,0000000,14,47,14,52,15,7,0,0,0,1,0
22,220296,1,1,0,1,65,0,28,6,2010,2,99,99,1,1,1,I-20,,1802,32.33618889,-91.059861110,0,38,0,0,1,1,4,0,2,1,0,1,0,0000000,88,88,88,88,88,88,0,0,0,1,0
22,220297,3,3,0,8,113,0,30,6,2010,4,17,10,0,4,3,SR-35,,104,29.98055000,-92.283811110,0,12,2,0,8,1,1,0,1,2,0,2,0,0000000,17,12,17,14,18,5,0,0,0,1,0
22,220298,2,2,0,2,31,1420,2,6,2010,4,11,56,1,13,2,US-171,CHURCH ST.,1414,32.02186944,-93.713730560,0,12,6,0,2,2,1,0,1,1,0,1,0,0000000,99,99,99,99,99,99,0,0,0,1,0
22,220300,1,1,0,2,17,2130,29,6,2010,3,15,47,0,14,3,SR-511,,87,32.43851111,-93.811511110,0,42,0,0,1,1,3,0,1,2,0,2,0,0000000,99,99,99,99,99,99,0,0,0,1,0
22,220301,2,2,0,2,15,230,7,5,2010,6,22,38,1,11,1,I-20 ON-RAMP,,195,32.51320000,-93.737200000,0,12,1,1,5,1,1,0,3,1,0,1,0,0000000,22,38,22,44,23,3,0,0,0,1,1
22,220302,3,2,0,3,109,0,2,7,2010,6,2,19,1,13,3,SR-24,,31,29.70161111,-90.789150000,0,12,7,0,1,1,1,0,3,10,0,10,0,0000000,2,24,2,31,88,88,0,0,0,3,1
22,220303,1,1,0,1,69,0,2,7,2010,6,12,53,0,5,3,SR-120,,169,31.73783611,-93.416138890,0,1,0,0,1,1,4,0,1,10,0,10,0,0000000,12,54,13,14,88,88,0,0,0,1,1
22,220304,1,1,0,1,13,0,8,7,2010,5,99,99,0,6,3,SR-794,,51,32.52643889,-93.083738890,0,34,0,0,1,1,4,0,1,1,0,1,0,0000000,14,53,15,13,16,4,0,0,0,1,1
22,220305,3,3,0,6,103,0,9,7,2010,6,9,0,1,1,1,I-59,,112,30.46056944,-89.697280560,0,12,2,0,1,1,1,0,1,1,0,1,0,0000000,9,32,9,50,10,38,14,0,0,4,0
22,220306,1,1,0,1,99,0,9,7,2010,6,22,40,0,5,3,SR-347,,8,30.05205556,-91.812791670,0,34,0,0,1,1,4,0,2,1,0,1,0,0000000,22,43,22,56,88,88,0,0,0,1,1
22,220307,3,3,0,4,105,0,12,7,2010,2,10,40,1,11,1,I-55,,296,30.48533889,-90.493386110,0,1,0,0,1,1,3,0,1,1,0,1,0,0000000,10,47,10,50,11,14,0,0,0,1,0
22,220308,1,1,0,1,9,0,15,7,2010,5,21,25,0,5,3,SR-454,,96,31.17280833,-92.194244440,0,34,0,0,1,1,4,0,2,1,0,1,0,0000000,21,35,21,56,88,88,0,0,0,1,1
22,220309,1,1,0,1,115,0,15,7,2010,5,21,40,0,4,3,SR-10,,266,30.91108889,-92.887888890,0,42,0,0,1,1,4,0,2,1,0,1,0,0000000,0,7,0,28,88,88,0,0,0,1,0
22,220310,1,1,1,1,7,0,16,7,2010,6,4,22,0,4,3,SR-182,,427,29.66403889,-91.056650000,0,8,0,0,1,1,1,0,2,1,0,1,0,0000000,4,27,4,43,88,88,19,0,0,1,0
22,220311,1,1,0,3,73,0,17,7,2010,7,2,20,0,15,3,SR-3033,,41,32.45563056,-92.186761110,0,3,0,0,1,1,5,0,2,10,0,10,0,0000000,2,39,2,50,3,26,0,0,0,1,0
22,220312,1,1,0,1,73,0,6,7,2010,3,20,39,0,4,2,US-80,,1113,32.52297500,-92.314155560,0,35,0,0,1,1,4,0,5,2,0,2,0,0000000,99,99,99,99,88,88,0,0,0,1,0
22,220313,1,1,0,2,55,2120,11,7,2010,1,4,8,0,16,6,ELMIRA ROAD,,0,30.25538889,-92.078988890,0,59,0,0,1,1,4,0,7,1,0,1,0,0000000,4,13,4,19,88,88,0,0,0,1,0
22,220314,2,2,0,2,63,0,17,7,2010,7,19,31,0,4,2,US-190,,2112,30.50431111,-90.621380560,0,12,2,0,1,1,1,0,5,10,0,10,0,0000000,19,33,19,46,21,2,0,0,0,1,0
22,220315,1,1,0,2,55,0,20,7,2010,3,18,5,0,15,3,SR-1252,,9,30.34478056,-92.029788890,0,35,0,0,1,1,4,4,1,1,0,1,0,0000000,18,10,18,18,19,11,0,0,0,1,0
22,220316,1,1,0,1,15,0,22,7,2010,5,4,35,0,15,3,SR-612,,27,32.44755000,-93.602688890,0,42,0,0,1,1,4,0,2,1,0,1,0,0000000,4,41,4,52,88,88,0,0,0,1,0
22,220317,3,2,0,2,55,0,23,7,2010,6,13,15,0,14,3,SR-342,,99,30.18118056,-92.132569440,0,12,6,0,8,1,1,0,1,1,0,1,0,0000000,13,15,13,25,13,59,0,0,0,1,0
22,220318,2,2,0,6,61,0,23,7,2010,6,14,58,1,1,1,I-20,,965,32.52933889,-92.453488890,0,12,6,0,1,1,1,0,1,1,0,1,0,0000000,15,2,15,12,16,10,0,0,0,2,0
22,220319,1,1,0,6,37,0,24,7,2010,7,5,14,0,4,3,SR-964,,151,30.74771944,-91.281411110,0,43,0,0,1,1,4,0,4,10,0,10,0,0000000,5,15,5,31,6,23,0,0,0,1,0
22,220320,1,1,0,2,79,0,24,7,2010,7,10,44,0,6,4,WILLIAMS LAKE ROAD,,0,31.27936944,-92.347950000,0,34,0,0,1,1,4,0,1,1,0,1,0,0000000,10,46,11,7,88,88,0,0,0,2,0
22,220321,1,1,0,5,41,0,25,7,2010,1,3,50,0,6,4,NORWOOD ROAD,,0,32.21175000,-91.672880560,0,42,0,0,1,1,4,0,2,1,0,1,0,0000000,3,56,4,7,4,52,0,0,0,1,0
22,220322,1,1,1,1,47,0,25,7,2010,1,22,35,0,4,3,SR-75,,107,30.16015833,-91.334838890,0,9,0,0,1,1,1,0,2,1,0,1,0,0000000,22,23,22,36,88,88,0,0,0,1,1
22,220323,1,1,0,2,33,0,27,7,2010,3,99,99,0,14,3,SR-67,,169,30.68040000,-91.094788890,0,1,0,0,1,1,4,0,2,1,0,1,0,0000000,7,19,7,29,88,88,0,0,0,2,1
22,220324,1,1,1,1,109,0,28,7,2010,4,3,25,0,14,4,BAYOU GARDENS BLVD,,0,29.63991944,-90.748319440,0,8,0,0,1,1,1,0,3,1,0,1,0,0000000,3,31,3,47,4,3,0,0,0,1,0
22,220325,3,3,0,4,15,0,29,7,2010,5,18,40,1,11,1,I-220,,92,32.55605000,-93.757280560,0,12,6,0,1,1,1,0,1,1,0,1,0,0000000,18,48,18,56,19,22,0,0,0,1,0
22,220326,2,2,0,2,91,0,30,7,2010,6,19,30,0,3,3,SR-16,,421,30.68945000,-90.830188890,0,12,2,0,1,1,1,0,1,1,0,1,0,0000000,19,33,19,44,88,88,0,0,0,2,1
22,220327,1,1,0,5,111,0,31,7,2010,7,3,16,0,6,4,TIGER BEND ROAD,,0,32.84796111,-92.267469440,0,34,0,0,1,1,4,0,2,1,0,1,0,0000000,3,13,3,31,4,13,0,0,0,1,1
22,220328,2,2,0,2,7,0,31,7,2010,7,21,3,0,3,3,SR-70,,245,30.01008889,-91.191550000,0,12,2,0,1,1,1,0,3,1,0,1,0,0000000,21,7,21,43,22,19,0,0,0,1,0
22,220329,2,2,0,3,17,2130,14,7,2010,4,18,20,1,11,1,I-220,,30,32.49520000,-93.821369440,0,12,6,1,5,1,1,0,1,1,0,1,0,0000000,18,20,18,33,18,56,0,0,0,1,0
22,220330,1,1,0,1,17,0,19,7,2010,2,23,24,0,6,4,BARRON ROAD,,0,32.34728056,-93.785269440,0,34,0,0,1,1,4,1,2,1,0,1,0,0000000,23,24,23,31,88,88,3,0,0,1,1
22,220331,1,1,0,4,105,0,18,6,2010,6,13,28,0,4,4,CAPACE RD,,0,30.66061111,-90.507488890,0,10,0,0,6,1,1,0,1,1,0,1,0,300176N,13,28,13,36,88,88,0,0,0,4,0
22,220332,1,1,0,1,47,0,24,6,2010,5,22,1,0,6,4,AUGUSTA RD.,,0,30.20326111,-91.188430560,0,34,0,0,1,1,4,0,2,1,0,1,0,0000000,22,2,22,12,88,88,0,0,0,1,0
22,220333,1,1,1,3,19,1250,5,7,2010,2,1,16,1,13,3,SR-14,,11,30.21811111,-93.180188890,0,8,0,0,1,1,1,0,3,1,0,1,0,0000000,1,18,1,24,1,32,0,0,0,1,1
22,220334,2,2,0,2,55,1230,16,7,2010,6,15,53,1,11,7,I-10 N. FRONTAGE RD,,1030,30.25813889,-92.020038890,0,12,2,0,1,1,1,0,1,1,0,1,0,0000000,15,53,16,1,88,88,0,0,0,1,0
22,220335,1,1,0,1,105,0,18,7,2010,1,2,17,0,6,4,S. RANGE RD,,0,30.46136111,-90.443930560,0,35,0,0,1,1,4,0,3,1,0,1,0,0000000,2,17,2,26,88,88,0,0,0,1,1
22,220336,1,1,0,2,127,0,1,8,2010,1,18,10,0,4,3,SR-34,,71,31.74820000,-92.830769440,0,42,0,0,1,1,4,0,1,1,0,1,0,0000000,18,11,18,28,99,99,0,0,0,1,0
22,220337,1,1,0,2,15,0,2,8,2010,2,23,25,0,6,3,SR-160,OLD PLAIN DEALING,0,32.79070278,-93.761741670,0,42,0,0,3,3,4,0,2,1,0,1,0,0000000,23,28,23,37,88,88,0,0,0,2,0
22,220338,2,2,0,2,57,0,3,8,2010,3,21,55,0,3,3,SR-24,,285,29.54764167,-90.484063890,0,12,2,0,1,1,1,0,2,1,0,1,0,0000000,22,4,22,23,22,56,0,0,0,2,0
22,220339,1,1,1,2,121,0,3,8,2010,3,0,25,1,1,1,I-10,,1481,30.45208056,-91.300505560,0,8,0,0,1,1,1,0,2,1,0,1,0,0000000,0,33,0,47,88,88,0,0,0,1,0
22,220340,2,2,0,8,77,0,5,8,2010,5,13,30,1,2,2,US-190,SR-1,1582,30.54366111,-91.438430560,0,12,6,0,2,3,1,0,1,2,0,2,0,0000000,13,40,13,57,14,24,0,0,0,1,0
22,220341,1,1,0,1,111,0,6,8,2010,6,23,22,0,4,3,SR-143,,157,32.69910000,-92.214861110,0,42,0,0,1,1,4,0,2,1,0,1,0,0000000,99,99,99,99,88,88,0,0,0,1,1
22,220342,1,1,0,1,79,0,7,8,2010,7,21,18,0,4,3,SR-115,,552,31.35211111,-92.165080560,0,41,0,0,1,1,4,0,2,1,0,1,0,0000000,21,23,21,43,88,88,0,0,0,1,0
22,220343,2,2,1,3,5,0,8,8,2010,1,23,35,0,3,3,SR-70,,427,30.09325000,-90.937088890,0,8,0,0,1,1,1,0,2,1,0,1,0,0000000,23,42,23,43,0,7,0,0,0,1,0
22,220344,2,2,0,2,57,0,9,8,2010,2,9,43,0,4,3,SR-20,CHOCTAW RD,237,29.88546111,-90.791430560,0,12,6,0,2,3,1,0,1,1,0,1,0,0000000,9,50,10,5,10,41,0,0,0,1,0
22,220345,1,1,0,1,119,0,9,8,2010,2,22,20,0,15,4,GERMANTOWN RD,,0,32.66765000,-93.256030560,0,42,0,0,1,1,4,0,2,1,0,1,0,0000000,22,23,22,32,88,88,0,0,0,1,1
22,220346,1,1,1,2,75,9898,11,8,2010,4,2,2,1,14,3,SR-23,,29,29.29766944,-89.374669440,0,8,0,0,1,1,1,0,2,1,0,1,0,0000000,2,4,2,11,3,15,0,0,0,1,0
22,220347,1,1,0,3,59,0,12,8,2010,5,0,35,0,4,3,SR-500,RAMBLER RD,241,31.70421944,-92.217130560,0,1,0,0,2,3,4,0,2,1,0,1,0,0000000,0,45,0,47,1,18,0,0,0,1,1
22,220348,2,2,0,3,57,0,13,8,2010,6,11,10,0,14,3,SR-316,,21,29.68913056,-90.758450000,0,12,2,0,8,1,1,0,1,10,0,10,0,0000000,11,14,11,24,11,47,0,0,0,1,1
22,220349,2,2,0,2,105,0,13,8,2010,6,21,0,1,1,1,I-55,,178,30.33348889,-90.411269440,0,12,1,0,1,1,1,0,2,1,0,1,0,0000000,21,2,21,14,88,88,0,0,0,1,1
22,220350,1,1,0,1,119,0,13,8,2010,6,22,50,0,4,3,SR-531,,41,32.48538056,-93.236450000,0,1,0,0,1,1,1,0,2,10,0,10,0,0000000,23,13,23,29,0,1,0,0,0,1,0
22,220351,1,1,0,1,51,1488,14,8,2010,7,1,51,0,15,3,SR-45,,177,29.84830000,-90.116800000,0,32,0,0,1,1,4,0,2,10,0,10,0,0000000,1,51,1,58,88,88,0,0,0,1,1
22,220352,3,2,3,2,55,0,14,8,2010,7,13,30,1,11,1,I-49,,50,30.33091944,-92.036780560,0,12,7,0,1,1,1,0,1,1,0,1,0,0000000,13,40,13,44,14,12,23,0,0,1,0
22,220353,1,1,0,1,39,0,15,8,2010,1,2,15,0,5,3,SR-1161,,53,30.67136944,-92.304519440,0,35,0,0,1,1,4,0,2,1,0,1,0,0000000,88,88,88,88,88,88,0,0,0,1,1
22,220354,1,1,0,1,13,0,15,8,2010,1,13,27,0,4,2,US-80,,679,32.54773056,-93.004900000,0,1,0,0,1,1,1,0,1,10,0,10,0,0000000,13,41,14,3,14,48,0,0,0,1,0
22,220355,1,1,0,1,21,0,16,8,2010,2,12,25,0,5,3,SR-846,,141,32.21153889,-92.190486110,0,38,0,0,1,1,4,0,1,1,0,1,0,0000000,12,34,12,49,13,37,0,0,0,1,0
22,220356,1,1,0,1,95,0,17,8,2010,3,22,12,1,1,1,I-10,,2001,30.11626111,-90.600111110,0,42,0,0,1,1,4,0,2,10,0,10,0,0000000,22,25,22,44,88,88,0,0,0,1,0
22,220357,1,1,0,1,115,0,19,8,2010,5,19,24,0,6,4,JARRELL LOOP RD,,0,31.00420000,-93.514519440,0,42,0,0,1,1,4,0,5,10,0,10,0,0000000,19,26,19,59,88,88,0,0,0,1,0
22,220358,1,1,0,2,25,0,20,8,2010,6,19,50,0,5,3,SR-124,,478,31.88363056,-91.822019440,0,1,0,0,1,1,1,0,5,1,0,1,0,0000000,19,52,20,5,21,0,0,0,0,1,0
22,220359,1,1,0,2,69,0,21,8,2010,7,11,10,0,6,4,BILLY STILES RD,,0,31.93970000,-93.113930560,0,42,0,0,1,1,4,0,1,1,0,1,0,0000000,11,35,12,6,12,54,0,0,0,1,0
22,220360,1,1,0,1,61,0,21,8,2010,7,18,3,0,6,4,STABLE RD,,0,32.56863056,-92.584169440,0,42,0,0,1,1,4,0,1,1,0,1,0,0000000,18,5,18,12,88,88,0,0,0,1,1
22,220361,1,1,0,4,119,0,22,8,2010,1,18,35,1,11,1,I-20,,446,32.59101111,-93.333369440,0,1,0,0,1,1,1,0,1,1,0,1,0,0000000,18,38,18,43,19,18,0,0,0,1,0
22,220362,2,2,0,2,75,0,23,8,2010,2,17,30,0,4,3,SR-39,,281,29.81018889,-89.998380560,0,12,6,0,1,1,1,0,1,2,0,2,0,0000000,17,41,17,46,18,30,0,0,0,1,0
22,220363,2,2,0,3,53,0,26,8,2010,5,10,30,1,2,2,US-165,,120,30.38586944,-92.906369440,0,12,6,0,7,1,1,0,1,1,0,1,0,0000000,10,32,10,33,11,4,0,0,0,1,0
22,220364,1,1,0,1,47,0,29,8,2010,1,6,40,0,6,3,SR-991,,1,30.28801111,-91.210750000,0,35,0,0,1,1,4,0,4,2,0,2,0,0000000,7,17,7,30,88,88,0,0,0,1,0
22,220365,1,1,0,1,15,0,2,7,2010,6,16,1,0,3,3,SR-3,,289,32.92613889,-93.701830560,0,42,0,0,1,1,4,0,1,1,0,1,0,0000000,16,8,16,16,17,23,0,0,0,1,0
22,220366,1,1,1,1,55,1230,29,8,2010,1,22,36,1,11,1,I-10,,1021,30.25278056,-92.032811110,0,8,0,0,1,1,1,0,3,1,0,1,0,0000000,22,38,22,42,22,53,0,0,0,1,0
22,220367,1,1,0,2,17,0,5,8,2010,5,6,30,0,6,4,KEITHVILLE KEATCHIE,,0,32.30380000,-93.849400000,0,30,0,0,1,1,4,0,1,1,0,1,0,0000000,6,51,7,8,7,27,0,0,0,1,0
22,220368,1,1,0,2,71,1690,23,1,2010,7,1,30,1,11,1,I-10,,2437,30.03226944,-89.987400000,0,1,0,0,1,1,10,0,2,1,0,1,0,0000000,99,99,99,99,88,88,0,0,0,1,1
22,220369,1,1,0,1,27,0,26,9,2010,1,99,99,0,6,3,SR-521,,62,32.94055000,-93.228650000,0,42,0,0,1,1,5,0,9,1,0,1,0,0000000,13,12,99,99,88,88,4,0,0,1,0
22,220370,2,2,0,2,113,0,8,9,2010,4,17,3,0,4,3,SR-333,TURTLE AVENUE,22,29.78586111,-92.153988890,0,12,6,0,2,2,1,0,1,1,0,1,0,0000000,17,3,17,26,18,37,0,0,0,1,1
22,220371,1,1,0,2,13,0,11,9,2010,7,14,8,0,6,4,OSCAR KILPATRICK RD,,0,32.54598889,-93.119730560,0,10,0,0,6,1,1,0,1,10,0,10,0,302599V,14,25,14,51,88,88,0,0,0,2,0
22,220372,1,1,0,1,65,0,12,9,2010,1,2,50,0,4,3,SR-577,,355,32.48688056,-91.427980560,0,42,0,0,1,1,5,0,2,1,0,1,0,0000000,2,57,3,15,3,47,0,0,0,1,1
22,220373,2,2,0,3,31,0,11,9,2010,7,23,31,1,13,2,US-84,,175,32.01308056,-93.742069440,0,12,2,0,1,1,1,0,2,1,0,1,0,0000000,23,35,23,39,88,88,0,0,0,2,1
22,220374,1,1,0,1,103,0,12,9,2010,1,14,10,1,11,1,I-12,,810,30.31101944,-89.818888890,0,42,0,1,18,1,5,0,1,1,0,1,0,0000000,14,10,14,19,14,37,0,0,0,1,0
22,220375,1,1,0,1,117,0,15,9,2010,4,20,35,0,5,3,SR-438,,318,30.96338056,-89.861969440,0,53,0,0,1,1,4,0,2,1,0,1,0,0000000,20,48,20,58,88,88,0,0,0,1,1
22,220376,1,1,0,3,109,0,17,9,2010,6,20,10,1,12,2,US-90,,1986,29.68476111,-90.839019440,0,72,0,0,1,1,1,0,2,1,0,1,0,0000000,20,15,20,27,21,0,0,0,0,1,0
22,220377,1,1,0,1,109,1070,18,9,2010,7,0,10,0,14,3,SR-659,,33,29.57878889,-90.655841670,0,35,0,0,1,1,4,0,3,1,0,1,0,0000000,0,11,0,21,88,88,0,0,0,1,1
22,220378,2,2,0,2,21,0,13,9,2010,2,17,55,0,4,3,SR-126,,658,31.95436944,-92.045038890,0,12,2,0,1,1,1,0,1,1,0,1,0,0000000,18,5,18,24,19,16,0,0,0,1,0
22,220379,2,2,0,4,113,0,15,9,2010,4,18,0,0,3,2,US-167,SR-699,75,30.07946944,-92.124330560,0,12,6,0,2,2,1,0,1,1,0,1,0,0000000,18,1,18,16,18,37,0,0,0,1,0
22,220380,3,3,0,3,101,0,19,9,2010,1,16,30,1,2,2,US-90,,1419,29.88051111,-91.661900000,0,12,1,0,1,1,1,0,1,1,0,1,0,0000000,16,38,16,45,17,38,0,0,0,1,0
22,220381,1,1,0,1,81,0,20,9,2010,2,10,0,0,6,3,SR-786,,30,32.11121111,-93.253388890,0,42,0,0,1,1,5,0,1,1,0,1,0,0000000,10,11,10,23,88,88,0,0,0,1,0
22,220382,1,1,0,2,11,0,22,9,2010,4,19,55,1,2,2,US-171,,181,30.48086111,-93.232800000,0,11,0,0,1,1,1,0,2,1,0,1,0,0000000,19,58,20,14,21,1,0,0,0,1,0
22,220383,1,1,0,2,25,0,22,9,2010,4,23,41,0,6,4,BROWN ROAD,,0,31.65121111,-91.894269440,0,42,0,0,1,1,5,0,2,1,0,1,0,0000000,23,44,23,57,1,6,0,0,0,1,1
22,220384,1,1,0,2,113,0,24,9,2010,6,15,0,0,5,3,SR-696,,77,30.02103889,-92.146000000,0,34,0,0,1,1,4,0,1,10,0,10,0,0000000,15,2,15,11,15,50,0,0,0,2,0
22,220385,2,2,0,2,93,0,23,9,2010,5,21,30,0,3,2,US-61,,444,30.12491944,-90.768350000,0,12,1,0,1,1,1,0,2,1,0,1,0,0000000,21,31,21,42,22,15,0,0,0,1,1
22,220386,2,1,0,4,95,0,24,9,2010,6,5,13,0,3,3,SR-3127,,235,29.99686111,-90.638438890,0,14,0,0,1,1,4,0,2,1,0,1,0,0000000,5,14,5,43,6,26,23,0,0,2,0
22,220387,2,2,0,2,1,0,25,9,2010,7,7,20,0,6,3,SR-3067,,7,30.37780000,-92.482469440,0,12,1,0,1,1,1,0,1,1,0,1,0,0000000,7,23,7,42,88,88,0,0,0,1,0
22,220388,1,1,0,4,109,0,26,9,2010,1,99,99,0,14,3,SR-182,,123,29.63996944,-90.693269440,0,23,0,0,1,1,4,0,2,1,0,1,0,0000000,88,88,88,88,88,88,0,0,0,4,0
22,220389,1,1,0,2,69,0,26,9,2010,1,9,10,0,6,3,SR-490,,86,31.49199722,-92.810000000,0,42,0,0,1,1,5,0,1,1,0,1,0,0000000,9,17,9,52,10,36,0,0,0,1,1
22,220390,1,1,0,5,7,0,26,9,2010,1,17,53,0,3,3,SR-70,,303,30.00578889,-91.098950000,0,1,0,0,1,1,1,0,1,1,0,1,0,0000000,17,57,18,9,19,34,0,0,0,1,1
22,220391,1,1,0,1,43,0,27,9,2010,2,17,35,0,6,4,CRAWFORD LOOP,,0,31.47131944,-92.415930560,0,42,0,0,1,1,5,0,1,1,0,1,0,0000000,17,44,18,8,88,88,4,0,0,1,1
22,220392,2,2,0,4,115,0,28,9,2010,3,15,45,1,2,3,SR-28,,60,31.16070000,-93.165211110,0,12,1,0,1,1,1,0,1,1,0,1,1,0000000,15,47,15,53,16,41,0,0,0,1,0
22,220393,1,1,0,1,43,0,28,9,2010,3,16,11,0,3,2,US-71,,1131,31.70058889,-92.906980560,0,42,0,0,1,1,5,0,1,1,0,1,0,0000000,16,13,16,41,88,88,0,0,0,1,0
22,220394,1,1,2,1,19,9997,29,9,2010,4,6,50,0,14,3,SR-378,SCHOOL ST.,75,30.30061111,-93.202180560,0,18,0,0,2,3,1,0,4,1,0,1,0,0000000,6,55,7,0,7,42,0,0,0,1,0
22,220395,2,2,0,2,103,0,30,9,2010,5,18,20,0,4,2,US-190,,2385,30.49441111,-90.173405560,0,12,6,0,1,1,1,0,1,1,0,1,0,0000000,18,23,18,25,18,55,0,0,0,1,0
22,220396,1,1,0,1,69,0,2,9,2010,5,17,46,0,6,3,SR-494,,8,31.62639722,-93.028138890,0,53,0,0,1,1,4,0,1,1,0,1,0,0000000,17,58,18,33,19,26,0,0,0,1,1
22,220397,1,1,0,1,63,570,2,9,2010,5,18,33,1,11,1,I-12,,96,30.45270000,-90.966111110,0,38,0,0,1,1,5,1,5,1,0,1,0,0000000,18,35,18,51,88,88,0,0,0,1,0
22,220398,1,1,0,1,17,2130,1,5,2010,7,0,35,0,14,6,LINE AVENUE,,0,32.46598056,-93.746030560,0,33,0,0,1,1,4,0,3,10,0,10,0,0000000,0,39,0,42,88,88,0,0,0,1,1
22,220399,1,1,0,2,17,2130,5,6,2010,7,0,49,0,14,3,SR-3194,,6,32.54236944,-93.825969440,0,42,0,0,1,1,5,0,3,1,0,1,0,0000000,0,51,0,54,99,99,0,0,0,1,1
22,220400,1,1,1,1,51,920,3,10,2010,1,4,20,0,4,3,SR-1,,10,29.24798889,-89.967730560,0,8,0,0,1,1,1,0,2,1,0,1,0,0000000,4,23,4,25,88,88,0,0,0,1,0
22,220401,2,2,0,2,11,0,7,10,2010,5,5,50,0,14,3,SR-3226,TAYLOR RD.,15,30.86110000,-93.353430560,0,12,1,0,3,2,1,0,2,1,0,1,0,0000000,5,50,6,2,7,17,0,0,0,1,1
22,220402,1,1,0,5,103,0,8,10,2010,6,2,20,0,4,2,US-190,,2341,30.50360000,-90.243358330,0,42,0,0,1,1,5,0,2,1,0,1,0,0000000,2,31,2,38,3,18,0,0,0,1,0
22,220403,1,1,0,1,79,0,8,10,2010,6,4,25,0,3,3,SR-1,,2562,31.20456111,-92.358930560,0,32,0,0,1,1,5,0,2,1,0,1,0,0000000,4,29,4,41,88,88,0,0,0,1,1
22,220404,1,1,0,1,127,0,8,10,2010,6,19,30,0,6,3,SR-477,,34,31.78343056,-92.924780560,0,11,0,0,1,1,1,0,2,1,0,1,0,0000000,19,39,19,59,88,88,0,0,0,1,1
22,220405,2,2,0,3,67,0,9,10,2010,7,18,40,0,3,2,US-165,,2144,32.84776111,-91.767288890,0,12,8,0,1,1,1,0,1,1,0,1,0,0000000,18,43,18,55,88,88,0,0,0,1,1
22,220406,2,2,0,3,33,150,9,10,2010,7,19,36,0,14,3,SR-408,FOSTER RD,47,30.52936944,-91.108088890,0,12,6,0,2,3,1,0,3,1,0,1,0,0000000,19,43,19,51,20,10,0,0,0,1,0
22,220407,3,3,0,7,97,0,9,10,2010,7,21,34,0,4,3,SR-182,ST. ANN AVE.,1452,30.45981944,-92.100230560,0,12,6,0,2,3,1,0,2,1,0,1,0,0000000,20,0,20,15,21,4,14,0,0,2,0
22,220408,2,2,0,5,45,0,10,10,2010,1,19,55,0,6,3,SR-679,,1,30.09283056,-91.736361110,0,12,7,0,1,1,1,0,2,1,0,1,0,0000000,20,0,20,15,21,4,0,0,0,1,0
22,220409,2,2,0,2,79,0,12,10,2010,3,16,21,0,3,2,US-71,GENE BALL DRIVE,622,31.22993889,-92.428969440,0,12,6,0,2,3,1,0,1,10,0,10,0,0000000,16,23,16,30,16,52,0,0,0,1,0
22,220410,1,1,0,1,73,0,14,10,2010,5,0,30,1,1,1,I-20,,1191,32.49840000,-92.075061110,0,24,0,1,18,1,3,0,3,1,0,1,0,0000000,0,34,0,42,1,0,0,0,0,1,0
22,220411,1,1,1,3,5,1953,13,10,2010,4,20,0,1,13,3,SR-42,,191,30.32359722,-90.924805560,0,8,0,0,1,1,1,0,2,1,0,1,0,0000000,20,6,20,20,20,35,0,0,0,1,0
22,220412,2,2,0,3,89,0,14,10,2010,5,10,45,0,3,3,SR-3127,,310,30.00693056,-90.522330560,0,12,6,0,1,1,2,0,1,1,0,1,0,0000000,11,0,11,17,11,42,0,0,0,3,0
22,220413,2,2,0,3,73,0,15,10,2010,6,17,10,0,14,3,SR-139,,28,32.55991111,-92.004544440,0,12,6,0,1,1,1,0,1,1,0,1,0,0000000,17,16,17,29,17,59,0,0,0,1,0
22,220414,1,1,0,1,19,0,14,10,2010,5,19,43,1,1,1,I-10,,166,30.20903889,-93.442380560,0,34,0,0,1,1,4,0,2,1,0,1,0,0000000,19,44,19,56,88,88,0,0,0,1,0