STATE,ST_CASE,VE_TOTAL,VE_FORMS,PEDS,PERSONS,COUNTY,CITY,DAY,MONTH,YEAR,DAY_WEEK,HOUR,MINUTE,NHS,ROAD_FNC,ROUTE,TWAY_ID,TWAY_ID2,MILEPT,LATITUDE,LONGITUD,SP_JUR,HARM_EV,MAN_COLL,RELJCT1,RELJCT2,TYP_INT,REL_ROAD,WRK_ZONE,LGT_COND,WEATHER1,WEATHER2,WEATHER,SCH_BUS,RAIL,NOT_HOUR,NOT_MIN,ARR_HOUR,ARR_MIN,HOSP_HR,HOSP_MN,CF1,CF2,CF3,FATALS,DRUNK_DR
22,220415,3,3,0,6,109,0,15,10,2010,6,13,25,0,14,6,INDUSTRIAL BLVD,,0,29.57226389,-90.695013890,0,12,8,0,1,1,1,0,1,1,0,1,0,0000000,13,32,13,38,14,18,0,0,0,2,0
22,220416,1,1,0,4,123,0,14,10,2010,5,9,10,0,4,3,SR-134,,459,32.62013889,-91.406238890,0,59,0,0,1,1,4,0,1,1,0,1,0,0000000,9,20,9,28,10,26,0,0,0,1,0
22,220417,1,1,0,2,85,0,16,10,2010,7,2,20,0,6,3,SR-1215,,23,31.53201111,-93.690300000,0,52,0,0,1,1,4,0,2,1,0,1,0,0000000,2,22,2,42,3,29,0,0,0,1,1
22,220418,1,1,0,2,97,0,16,10,2010,7,2,55,0,5,3,SR-103,,90,30.62686944,-92.170536110,0,35,0,0,1,1,5,0,2,1,0,1,0,0000000,2,58,3,3,4,24,0,0,0,1,1
22,220419,1,1,0,1,39,0,17,10,2010,1,3,99,0,6,4,ROZAS ROAD,,0,30.58616111,-92.304069440,0,34,0,0,1,1,4,0,2,1,0,1,0,0000000,3,21,3,40,4,20,0,0,0,1,1
22,220420,1,1,0,1,41,2450,24,5,2010,2,19,12,0,15,3,SR-618,,9,32.17696944,-91.741411110,0,18,0,0,1,1,4,0,1,1,0,1,0,0000000,19,14,19,17,88,88,0,0,0,1,0
22,220421,1,1,1,1,101,0,18,10,2010,2,4,9,0,14,2,US-90,,44,29.67516944,-91.136988890,0,8,0,0,1,1,2,0,2,1,0,1,0,0000000,4,9,4,25,88,88,0,0,0,1,0
22,220422,1,1,0,1,53,0,19,10,2010,3,10,44,1,1,1,I-10,,516,30.24673889,-92.870138890,0,35,0,0,1,1,10,0,1,1,0,1,0,0000000,10,47,10,57,88,88,0,0,0,1,1
22,220423,1,1,0,3,103,0,19,10,2010,3,13,20,0,14,3,SR-1090,,19,30.32556111,-89.733480560,0,42,0,0,1,1,4,0,1,1,0,1,0,0000000,13,25,13,33,14,6,0,0,0,1,0
22,220424,2,2,0,2,9,2160,22,5,2010,7,12,0,0,3,3,SR-1,MLK DRIVE,2145,30.98148056,-91.810911110,0,12,1,0,2,4,1,0,1,1,0,1,0,0000000,12,4,12,15,88,88,0,0,0,1,1
22,220425,1,1,0,1,47,1870,15,8,2010,1,20,11,0,6,3,SR-997,,4,30.06468056,-91.280288890,0,35,0,0,1,1,5,0,5,1,0,1,0,0000000,20,11,99,99,99,99,0,0,0,1,1
22,220426,1,1,0,3,57,0,15,10,2010,6,3,50,1,3,3,SR-1,,172,29.17073056,-90.192488890,0,30,0,0,1,1,4,0,2,1,0,1,0,0000000,3,54,4,6,88,88,0,0,0,1,1
22,220427,1,1,0,1,115,0,12,10,2010,3,17,22,0,4,3,SR-111,,202,31.11258056,-93.502861110,0,34,0,0,1,1,4,0,1,1,0,1,0,0000000,17,24,17,46,18,14,0,0,0,1,0
22,220428,1,1,0,1,39,0,12,10,2010,3,99,99,0,3,2,US-190,,893,30.48058889,-92.571230560,0,35,0,0,1,1,4,1,1,1,0,1,0,0000000,16,19,16,31,88,88,0,0,0,1,0
22,220429,2,2,0,2,81,0,16,10,2010,7,4,20,0,3,2,US-84,,384,32.06311944,-93.424088890,0,12,8,0,1,1,1,0,2,1,0,1,0,0000000,4,40,4,58,6,4,0,0,0,1,0
22,220430,2,2,0,2,51,0,18,10,2010,2,5,6,1,13,2,US-90,,2461,29.90943889,-90.185230560,0,12,6,0,7,1,1,0,2,1,0,1,0,0000000,5,8,5,13,6,0,0,0,0,1,0
22,220431,2,2,0,2,49,0,20,10,2010,4,14,28,0,4,3,SR-146,,394,32.48742222,-92.579413890,0,12,2,0,1,1,1,0,1,1,0,1,0,0000000,14,29,14,36,14,58,0,0,0,1,0
22,220432,1,1,0,1,27,0,20,10,2010,4,7,22,0,4,3,SR-2,,699,32.81038056,-93.065919440,0,32,0,0,1,1,4,0,1,5,0,5,0,0000000,7,25,7,33,7,48,0,0,0,1,0
22,220433,2,2,0,2,121,0,21,10,2010,5,11,49,0,5,3,SR-413,,21,30.50580000,-91.397200000,0,12,2,0,1,1,1,0,1,1,0,1,0,0000000,11,54,12,16,12,42,0,0,0,1,0
22,220434,2,2,0,4,19,0,20,10,2010,4,20,1,0,4,3,SR-27,,917,30.32425556,-93.368325000,0,12,2,0,1,1,1,0,2,1,0,1,0,0000000,20,2,20,5,21,17,0,0,0,1,1
22,220435,2,1,0,1,103,0,22,10,2010,6,6,10,0,3,3,SR-41,,147,30.52601944,-89.856488890,0,14,0,0,1,1,2,0,2,1,0,1,0,0000000,6,15,6,30,88,88,23,0,0,1,0
22,220436,1,1,0,2,57,0,22,10,2010,6,19,13,0,15,3,SR-308,,565,29.64396944,-90.522180560,0,30,0,0,1,1,4,0,3,1,0,1,0,0000000,19,20,19,29,20,28,0,0,0,1,0
22,220437,1,1,1,1,95,0,23,10,2010,7,21,30,0,14,2,US-61,,271,30.07361111,-90.501569440,0,8,0,0,1,1,1,0,3,1,0,1,0,0000000,21,31,21,36,88,88,0,0,0,1,0
22,220438,1,1,0,1,55,1230,27,10,2010,4,21,4,1,13,4,AMBASSADOR CAFFERY,,0,30.22048889,-92.075380560,0,33,0,0,1,1,4,0,2,1,0,1,0,0000000,21,5,21,15,88,88,0,0,0,1,0
22,220439,1,1,1,2,13,0,29,10,2010,6,12,11,0,4,3,SR-147,,239,32.35106944,-92.808980560,0,8,0,0,1,1,1,0,1,1,0,1,0,0000000,12,11,12,31,88,88,0,0,0,1,0
22,220440,2,2,0,3,99,0,31,10,2010,1,15,99,0,6,3,SR-997,,101,29.93903889,-91.255500000,0,1,0,0,1,1,1,0,1,1,0,1,0,0000000,15,37,16,1,88,88,0,0,0,1,0
22,220441,1,1,0,1,17,2130,7,10,2010,5,23,23,1,11,1,I-20 ON RAMP,,193,32.51113056,-93.740861110,0,23,0,1,5,1,4,0,3,1,0,1,0,0000000,88,88,88,88,88,88,0,0,0,1,0
22,220442,2,2,0,3,55,1230,9,10,2010,7,2,16,1,11,1,I-10 ON RAMP,SR-185,99999,30.25068056,-92.035988890,0,12,6,1,2,3,1,0,3,1,0,1,0,0000000,2,16,2,22,2,41,0,0,0,1,1
22,220443,1,1,0,1,17,0,16,10,2010,7,4,43,0,5,3,SR-170,,58,32.85213056,-93.968588890,0,42,0,0,1,1,5,0,2,1,0,1,0,0000000,88,88,88,88,88,88,0,0,0,1,0
22,220444,2,1,1,1,15,230,25,10,2010,2,20,23,1,11,1,I-20,,203,32.51396111,-93.724419440,0,8,0,1,18,1,1,0,2,10,0,10,0,0000000,20,24,20,32,88,88,23,0,0,1,1
22,220445,1,1,0,2,123,0,23,11,2010,3,6,37,0,6,4,NORTH OLD KILBOURNE,,0,32.89126944,-91.396638890,0,42,0,0,1,1,4,0,1,10,0,10,0,0000000,6,43,6,47,7,29,0,0,0,1,0
22,220446,1,1,0,1,103,0,25,11,2010,5,2,30,0,5,3,SR-435,,34,30.50315000,-89.990950000,0,53,0,0,1,1,4,0,2,10,0,10,0,0000000,3,35,3,45,88,88,0,0,0,1,1
22,220447,2,2,0,2,105,0,25,11,2010,5,18,27,0,15,3,SR-1040,N BILLVILLE RD,28,30.48622778,-90.533277780,0,12,6,0,2,2,1,0,2,1,0,1,0,0000000,18,30,18,40,19,14,0,0,0,1,0
22,220448,1,1,0,1,69,0,26,11,2010,6,4,10,1,2,3,SR-6,,379,31.71571111,-93.210819440,0,53,0,0,1,1,4,0,2,1,0,1,0,0000000,4,10,4,17,5,55,0,0,0,1,0
22,220449,1,1,0,5,57,0,26,11,2010,6,18,14,0,14,3,SR-3235,SR-24,356,29.56481944,-90.385050000,0,34,0,0,3,4,4,0,3,10,0,10,0,0000000,18,18,18,24,19,7,0,0,0,1,1
22,220450,1,1,1,2,109,0,27,11,2010,7,5,39,0,14,3,SR-315,,181,29.55213889,-90.718880560,0,8,0,0,1,1,1,0,2,1,0,1,0,0000000,5,42,5,55,88,88,0,0,0,1,0
22,220451,1,1,0,1,57,0,27,11,2010,7,20,7,1,2,2,US-90,,2246,29.81571111,-90.488080560,0,59,0,0,1,1,3,0,2,1,0,1,0,0000000,20,13,20,29,88,88,0,0,0,1,0
22,220452,2,2,0,3,55,0,28,11,2010,1,18,19,0,4,3,SR-339,SAVOY ROAD,98,30.09446389,-92.032052780,0,12,6,0,2,2,1,0,2,1,0,1,0,0000000,18,20,18,35,19,21,0,0,0,1,0
22,220453,1,1,0,1,89,0,29,11,2010,2,12,40,1,11,1,I-310,,88,29.92386111,-90.393769440,0,31,0,0,1,1,4,0,1,1,0,1,0,0000000,88,88,88,88,88,88,0,0,0,1,0
22,220454,1,1,0,1,57,0,16,9,2010,5,17,20,1,3,3,SR-1,,553,29.59495000,-90.479600000,0,42,0,0,1,1,4,0,1,1,0,1,0,0000000,17,23,17,23,17,56,0,0,0,1,0
22,220455,1,1,1,1,55,1230,31,10,2010,1,20,52,1,13,2,US-167,,216,30.23671111,-92.012800000,0,9,0,0,8,1,1,0,3,1,0,1,0,0000000,20,53,20,59,21,11,16,0,0,1,0
22,220456,2,2,0,2,57,0,3,11,2010,4,4,10,0,3,3,SR-24,,319,29.53916111,-90.431400000,0,12,6,0,1,1,1,0,2,2,0,2,0,0000000,4,17,4,45,88,88,0,0,0,1,0
22,220457,2,2,0,2,109,0,3,11,2010,4,23,28,0,14,4,SOUTH HOLLYWOOD RD,,0,29.60166111,-90.756269440,0,12,2,0,1,1,1,0,3,10,0,10,0,0000000,23,35,23,41,0,11,0,0,0,1,1
22,220458,3,2,1,2,33,0,7,11,2010,1,7,7,1,13,3,SR-42,,119,30.35441944,-91.017688890,0,12,6,0,8,1,1,1,4,1,0,1,0,0000000,7,8,7,19,88,88,0,0,0,1,0
22,220459,1,1,0,1,97,0,9,11,2010,3,4,12,0,4,3,SR-107,,80,30.84041389,-91.974263890,0,42,0,0,1,1,4,0,2,1,0,1,0,0000000,4,12,4,53,88,88,0,0,0,1,0
22,220460,2,2,0,4,97,0,10,11,2010,4,22,15,0,3,2,US-190,,1010,30.49518889,-92.378858330,0,12,6,0,8,1,1,0,2,1,0,1,0,0000000,22,24,22,31,22,51,0,0,0,1,1
22,220461,2,2,0,2,39,0,13,11,2010,7,16,30,0,4,2,US-167,,677,30.73890000,-92.309488890,0,12,2,0,1,1,1,0,1,2,0,2,0,0000000,16,31,16,40,16,50,0,0,0,1,1
22,220462,1,1,0,2,33,9997,12,11,2010,6,19,50,0,15,3,SR-410,,6,30.54276111,-91.086630560,0,35,0,0,1,1,4,0,2,1,0,1,0,0000000,20,7,20,14,20,37,0,0,0,1,1
22,220463,3,3,0,3,121,0,15,11,2010,2,9,0,1,1,1,I-10,,1493,30.45335000,-91.280761110,0,12,1,0,1,1,1,0,1,10,0,10,0,0000000,9,2,9,13,9,51,0,0,0,1,0
22,220464,1,1,0,2,31,0,20,11,2010,7,2,15,0,4,3,SR-5,,117,32.13661944,-93.935061110,0,41,0,0,1,1,4,0,2,5,0,5,0,0000000,2,32,2,47,88,88,0,0,0,1,1
22,220465,1,1,0,1,81,0,21,11,2010,1,18,30,0,5,3,SR-480,,50,31.96143889,-93.295497220,0,42,0,0,1,1,4,0,2,1,0,1,0,0000000,19,9,19,15,88,88,0,0,0,1,1
22,220467,1,1,0,5,71,1690,17,10,2010,1,2,30,0,14,5,MORRISON RD.,GANNON RD.,0,30.05850000,-89.954600000,0,33,0,0,3,3,4,0,2,1,0,1,0,0000000,99,99,99,99,99,99,0,0,0,2,1
22,220468,2,2,0,3,17,2130,20,11,2010,7,18,0,0,15,3,SR-538,RAVENDALE,4,32.55955000,-93.775838890,0,12,6,0,2,4,1,0,3,1,0,1,0,0000000,18,24,18,31,18,54,0,0,0,1,0
22,220469,1,1,0,1,15,230,8,10,2010,6,19,42,1,11,1,I-220 EXIT RAMP,SHED RD.,86,32.55595000,-93.659219440,0,33,0,1,3,3,3,0,5,1,0,1,0,0000000,19,45,19,50,20,16,0,0,0,1,0
22,220470,2,2,0,3,111,0,8,12,2010,4,8,30,0,4,3,SR-15,SR-550,1846,32.90505000,-92.519469440,0,12,6,0,2,2,1,0,1,2,0,2,0,0000000,8,48,9,1,9,32,0,0,0,1,0
22,220471,1,1,1,2,87,350,9,12,2010,5,17,40,0,14,3,SR-46,RIVEREDGE DR.,76,29.93040000,-89.948011110,0,8,0,0,2,2,1,0,3,1,0,1,0,0000000,17,43,17,50,88,88,0,0,0,1,0
22,220472,2,2,0,5,19,0,9,12,2010,5,6,0,0,4,3,SR-27,,978,30.39836111,-93.415080560,0,12,2,0,1,1,1,0,2,1,0,1,0,0000000,6,16,6,25,7,11,0,0,0,2,0
22,220473,2,2,0,4,109,1070,9,12,2010,5,11,7,1,13,3,SR-24,,32,29.70058056,-90.788719440,0,12,7,0,1,1,1,0,1,1,0,1,0,0000000,11,19,11,30,12,2,0,0,0,1,0
22,220474,1,1,0,1,63,0,8,12,2010,4,22,21,0,4,3,SR-16,,141,30.38523056,-90.880430560,0,53,0,0,1,1,4,0,2,1,0,1,0,0000000,22,21,22,34,88,88,0,0,0,1,1
22,220475,1,1,1,2,103,0,10,12,2010,6,22,27,1,11,1,I-12,,846,30.30988889,-89.758830560,0,8,0,0,1,1,1,0,2,1,0,1,0,0000000,88,88,88,88,88,88,0,0,0,1,0
22,220476,2,1,0,2,83,0,16,12,2010,5,4,15,1,1,1,I-20,,1295,32.48045000,-91.898900000,0,14,0,0,1,1,2,0,2,10,6,6,0,0000000,4,20,4,30,88,88,0,0,0,1,0
22,220477,1,1,0,1,77,0,16,12,2010,5,3,50,0,6,3,SR-418,,53,30.88968056,-91.669311110,0,1,0,0,1,1,4,0,2,10,0,10,0,0000000,4,6,4,34,88,88,0,0,0,1,1
22,220478,2,2,0,2,3,0,16,12,2010,5,16,13,1,2,2,US-165,GREEN OAKS CEM. RD.,226,30.52353056,-92.825861110,0,12,6,0,2,2,1,0,1,2,0,2,0,0000000,16,7,16,8,16,45,0,0,0,1,0
22,220479,1,1,0,1,13,0,16,12,2010,5,10,40,1,1,1,I-20,,626,32.56098889,-93.028930560,0,42,0,0,1,1,4,0,1,10,0,10,0,0000000,88,88,88,88,88,88,0,0,0,1,1
22,220480,1,1,0,3,53,0,17,12,2010,6,15,18,1,11,1,I-10,,644,30.24668056,-92.655350000,0,24,0,1,18,1,3,0,1,10,0,10,0,0000000,15,18,15,24,16,27,0,0,0,1,0
22,220481,1,1,0,2,99,0,17,12,2010,6,2,40,0,4,3,SR-355,,1,30.33589722,-91.855561110,0,3,0,0,1,1,5,0,2,1,0,1,0,0000000,2,43,2,55,88,88,0,0,0,1,0
22,220482,2,2,0,2,19,9898,18,12,2010,7,13,32,0,14,3,SR-378,,26,30.27476944,-93.258130560,0,12,6,0,8,1,1,0,1,1,0,1,0,0000000,13,33,13,37,14,13,0,0,0,1,0
22,220483,1,1,0,2,65,0,19,12,2010,1,99,99,1,1,1,I-20,,1743,32.37323889,-91.149411110,0,35,0,0,1,1,3,0,9,1,0,1,0,0000000,88,88,88,88,88,88,0,0,0,2,0
22,220484,2,2,0,3,59,0,1,12,2010,4,13,35,0,4,3,SR-127,,207,31.73091111,-92.154438890,0,12,8,0,1,1,1,0,1,1,0,1,0,0000000,13,49,14,2,15,6,0,0,0,1,0
22,220485,1,1,1,1,105,0,1,12,2010,4,23,40,1,11,1,I-55,,495,30.76536944,-90.532780560,0,8,0,0,1,1,1,0,2,1,0,1,0,0000000,23,43,23,50,88,88,0,0,0,1,0
22,220486,2,2,0,23,97,0,1,12,2010,4,7,15,1,2,2,US-190,,1245,30.54778889,-92.000261110,0,12,1,0,1,1,1,0,1,1,0,1,1,0000000,7,16,7,20,7,30,0,0,0,1,0
22,220487,3,3,0,3,57,0,3,12,2010,6,8,37,0,15,3,SR-308,,434,29.73770000,-90.676980560,0,12,2,0,8,1,1,0,1,1,0,1,0,0000000,88,88,88,88,88,88,0,0,0,1,0
22,220488,1,1,0,1,113,0,4,12,2010,7,15,20,0,4,3,SR-82,,1082,29.77686111,-92.336411110,0,1,0,0,1,1,4,0,1,1,0,1,0,0000000,15,30,15,53,88,88,0,0,0,1,1
22,220489,1,1,0,1,99,0,4,12,2010,7,17,5,0,6,3,SR-341,,7,30.32663889,-91.909819440,0,34,0,0,1,1,4,0,5,1,0,1,0,0000000,99,98,99,98,88,88,0,0,0,1,1
22,220490,2,2,0,2,101,0,4,12,2010,7,3,15,1,2,2,US-90,,1636,29.70198056,-91.382288890,0,12,1,0,1,1,1,0,2,1,0,1,0,0000000,3,38,3,47,88,88,0,0,0,1,0
22,220491,2,2,0,5,85,0,4,12,2010,7,4,10,1,2,3,SR-6,,29,31.48896111,-93.705930560,0,33,0,0,1,1,4,0,2,1,0,1,0,0000000,4,11,4,33,5,16,0,0,0,1,0
22,220492,2,1,1,4,103,0,4,12,2010,7,19,40,1,11,1,I-10,,2679,30.30226389,-89.743244440,0,14,0,1,5,1,2,0,2,1,0,1,0,0000000,19,43,19,50,20,11,23,0,0,1,0
22,220493,1,1,2,1,97,0,4,12,2010,7,23,40,0,3,2,US-90,,1008,30.49508056,-92.381630560,0,8,0,0,1,1,1,0,2,1,0,1,0,0000000,23,42,23,47,0,1,0,0,0,1,0
22,220494,2,2,0,2,97,0,5,12,2010,1,17,56,1,1,1,I-49,,214,30.55112500,-92.052672220,0,12,2,0,1,1,1,0,2,1,0,1,0,0000000,17,49,17,56,18,48,0,0,0,1,0
22,220495,1,1,0,2,31,0,5,12,2010,1,2,18,0,4,3,SR-191,,693,31.92691111,-93.892938890,0,42,0,0,1,1,4,0,2,1,0,1,0,0000000,2,23,2,34,88,88,0,0,0,2,1
22,220496,2,2,0,5,59,0,5,12,2010,1,14,10,0,5,3,SR-127,,98,31.58591111,-92.142091670,0,12,2,0,1,1,1,0,1,1,0,1,0,0000000,14,15,14,29,99,99,0,0,0,1,0
22,220497,2,2,0,3,73,0,7,12,2010,3,23,45,0,14,3,SR-139,,51,32.58808056,-91.985780560,0,12,2,0,1,1,1,0,2,1,0,1,0,0000000,23,53,0,0,0,50,0,0,0,1,1
22,220498,2,2,0,2,71,1690,19,2,2010,6,16,10,1,13,5,CANAL STREET,,0,29.97933889,-90.107888890,0,12,1,0,1,1,1,0,1,1,0,1,0,0000000,99,99,99,99,99,99,0,0,0,1,0
22,220500,1,1,0,4,97,0,9,5,2010,1,22,0,0,3,3,SR-35,,493,30.48051111,-92.182411110,0,53,0,0,1,1,4,0,3,1,0,1,0,0000000,22,10,22,31,22,57,0,0,0,1,1
22,220501,3,3,0,8,1,520,15,5,2010,7,6,43,1,11,1,I-10,,820,30.23543056,-92.364930560,0,12,6,0,1,1,1,0,4,2,0,2,0,0000000,6,43,6,46,7,56,0,0,0,2,0
22,220502,2,2,0,2,101,1830,19,6,2010,7,18,40,1,2,2,US-90,RED CYPRESS ROAD,1675,29.69120000,-91.319050000,0,12,6,0,2,2,1,0,1,1,0,1,0,0000000,18,44,18,51,19,34,0,0,0,1,0
22,220503,1,1,0,1,45,0,21,6,2010,2,21,53,0,15,4,DARNELL RD,,0,29.91958056,-91.784588890,0,43,0,0,1,1,4,0,2,1,0,1,0,0000000,21,53,22,6,88,88,0,0,0,1,1
22,220504,1,1,1,2,101,1600,5,7,2010,2,5,0,0,16,5,GENERAL MCARTHUR ST,,0,29.70466111,-91.207111110,0,8,0,0,1,1,1,0,3,1,0,1,0,0000000,88,88,88,88,88,88,0,0,0,1,0
22,220505,1,1,0,1,73,1560,7,7,2010,4,99,99,1,13,2,US-80,,1262,32.52151944,-92.082769440,0,33,0,0,1,1,4,0,3,10,0,10,0,0000000,99,98,99,98,88,88,0,0,0,1,1
22,220506,2,1,1,1,15,230,7,7,2010,4,23,2,0,16,5,PRESTON BLVD,,0,32.52056944,-93.712561110,0,8,0,0,1,1,1,0,3,1,0,1,0,0000000,23,2,23,8,23,23,0,0,0,1,0
22,220507,1,1,0,3,19,1250,8,7,2010,5,3,50,1,1,1,I-210,,53,30.19683889,-93.235050000,0,59,0,1,19,1,4,1,2,1,0,1,0,0000000,3,54,4,1,4,24,4,0,0,1,1
22,220508,1,1,0,1,17,2130,8,7,2010,5,8,25,1,11,1,I-20,,156,32.47626944,-93.784130560,0,38,0,0,1,1,4,0,1,1,0,1,0,0000000,8,24,8,30,8,41,0,0,0,1,0
22,220509,2,2,0,2,115,1300,10,7,2010,7,9,49,1,13,2,US-171,,650,31.11990000,-93.269230560,0,12,6,0,1,1,1,0,1,1,0,1,0,0000000,9,43,9,49,10,3,0,0,0,1,0
22,220510,1,1,0,1,17,2130,11,7,2010,1,4,23,1,13,5,E CROCKETT,CLYDE FANT,0,32.51498056,-93.742861110,0,38,0,0,3,3,4,0,3,10,0,10,0,0000000,4,29,4,31,4,48,0,0,0,1,0
22,220511,2,2,0,2,15,230,14,7,2010,4,8,36,1,11,1,I-20,,202,32.51395000,-93.725450000,0,12,1,0,1,1,1,0,1,1,0,1,0,0000000,8,36,8,40,88,88,0,0,0,1,0
22,220512,1,1,0,2,55,0,16,7,2010,6,21,15,0,14,4,MILLS ST,,0,30.28260000,-92.091300000,0,32,0,0,1,1,4,0,2,1,0,1,0,0000000,21,19,21,31,22,0,0,0,0,1,0
22,220513,1,1,1,2,79,40,20,7,2010,3,0,29,1,13,2,US-167,INDUSTRIAL DR,24,31.27420000,-92.445630560,0,8,0,0,3,3,1,0,2,1,0,1,0,0000000,0,28,0,34,88,88,19,0,0,1,0
22,220514,2,2,0,3,79,40,23,7,2010,6,19,56,0,15,5,STERKX RD,GOVERNMENT ST,0,31.26638056,-92.452330560,0,12,6,0,2,2,1,0,5,1,0,1,0,0000000,19,49,19,58,20,17,0,0,0,1,0
22,220515,2,2,0,4,11,0,23,7,2010,6,22,53,0,6,4,ADDIE T. NATIONS RD,,0,30.85020000,-93.452950000,0,12,1,0,1,1,1,0,2,1,0,1,0,0000000,22,56,23,8,1,3,0,0,0,1,0
22,220516,2,2,0,4,55,1230,29,7,2010,5,0,37,1,13,2,US-167,NE FRONTAGE RD.,227,30.25206944,-92.013761110,0,12,1,0,3,2,1,0,3,1,0,1,0,0000000,0,37,0,42,1,16,0,0,0,1,0
22,220517,1,1,0,1,71,1690,31,7,2010,7,2,20,0,16,5,RELIGIOUS ST.,CELESTE ST.,0,29.92818889,-90.068002780,0,30,0,0,3,8,4,0,3,1,0,1,0,0000000,99,98,99,98,88,88,0,0,0,1,1
22,220518,2,2,0,3,101,190,2,8,2010,2,14,45,1,13,2,US-90,BERWICK SOUTH RD.,1731,29.69016944,-91.231061110,0,12,6,0,2,2,1,0,1,1,0,1,0,0000000,14,46,14,53,15,17,0,0,0,2,0
22,220519,2,2,0,6,115,2060,3,8,2010,3,21,3,1,13,2,US-171,,511,30.92538056,-93.282419440,0,12,1,0,1,1,1,0,1,1,0,1,0,0000000,21,3,21,12,21,58,0,0,0,1,1
22,220520,2,2,0,2,55,2120,9,8,2010,2,7,42,0,14,3,SR-93,,79,30.25735000,-92.108111110,0,12,2,0,1,1,1,0,1,1,0,1,0,0000000,7,45,7,55,8,34,0,0,0,1,0
22,220521,2,2,0,3,5,870,13,8,2010,6,9,52,1,13,3,SR-30,SR-44,257,30.21088889,-90.920530560,0,12,6,0,2,2,1,0,1,10,0,10,0,0000000,9,52,9,55,10,16,0,0,0,1,0
22,220522,1,1,0,4,79,40,15,8,2010,1,3,0,1,13,2,US-71,,689,31.30511111,-92.479661110,0,1,0,0,1,1,10,0,3,1,0,1,0,0000000,3,6,3,10,99,99,0,0,0,1,1
22,220523,2,2,0,2,45,1680,3,9,2010,6,12,0,0,6,3,SR-682,JEFFERSON ISLAND RD,22,29.98435000,-91.956950000,0,12,6,0,2,2,1,0,1,1,0,1,0,0000000,12,5,12,17,88,88,0,0,0,1,0
22,220524,1,1,0,1,17,2130,11,9,2010,7,19,25,1,11,1,I-220,,3,32.46103056,-93.846161110,0,24,0,1,19,1,4,0,1,1,0,1,0,0000000,19,25,19,34,19,58,0,0,0,1,0
22,220526,1,1,1,1,101,0,21,8,2010,7,18,48,0,6,5,EASY ST,,0,29.81120000,-91.476430560,0,9,0,0,1,1,1,0,1,1,0,1,0,0000000,18,58,19,11,19,32,0,0,0,1,0
22,220527,1,1,0,2,105,1910,23,9,2010,5,17,10,0,14,2,US-51,,22,30.43771111,-90.446061110,0,40,0,0,1,1,4,0,1,1,0,1,0,0000000,17,11,17,20,88,88,0,0,0,1,0
22,220528,2,2,0,3,17,0,30,9,2010,5,7,28,0,6,4,S LAKESHORE DR,,0,32.50210000,-93.879300000,0,11,0,0,1,1,1,0,1,1,0,1,0,0000000,7,38,7,51,8,14,14,0,0,1,0
22,220529,1,1,0,1,71,1690,19,5,2010,4,22,51,1,11,1,I-510,,5,30.02280000,-89.939338890,0,31,0,0,1,1,3,0,2,10,0,10,0,0000000,22,51,23,1,88,88,0,0,0,1,1
22,220530,1,1,1,1,71,1690,16,8,2010,2,22,35,1,13,2,US-90,LAPEYROUSE,2603,29.97993889,-90.074669440,0,9,0,0,2,2,1,0,3,2,0,2,0,0000000,22,41,22,47,23,0,0,0,0,1,0
22,220531,1,1,0,1,115,0,8,9,2010,4,23,0,1,2,2,US-171,,596,31.04248611,-93.275238890,0,23,0,0,1,1,4,0,2,1,0,1,0,0000000,23,2,23,15,23,45,0,0,0,1,1
22,220532,1,1,0,1,47,2082,1,10,2010,6,23,28,0,5,3,SR-75,,272,30.28626111,-91.153388890,0,35,0,0,1,1,4,0,7,1,0,1,0,0000000,99,99,23,34,88,88,0,0,0,1,1
22,220533,1,1,1,1,19,1250,4,10,2010,2,7,28,1,13,3,SR-3186,,0,30.17618056,-93.213061110,0,8,0,0,1,1,1,0,1,1,0,1,0,0000000,7,31,7,39,7,57,0,0,0,1,0
22,220534,2,2,1,3,19,1250,1,10,2010,6,22,41,1,13,3,SR-14,,18,30.20796944,-93.180119440,0,8,0,0,1,1,1,0,3,1,0,1,0,0000000,22,42,22,59,88,88,0,0,0,1,0
22,220535,1,1,0,1,17,0,6,10,2010,4,12,54,1,1,1,I-20,,19,32.45191944,-94.011538890,0,24,0,0,1,1,3,0,1,1,0,1,0,0000000,13,3,13,13,13,32,0,0,0,1,0
22,220536,1,1,0,1,33,0,8,10,2010,6,5,4,0,14,3,SR-964,HECK YOUNG RD,23,30.61290000,-91.202100000,0,35,0,0,3,3,4,0,2,5,0,5,0,0000000,5,4,5,9,88,88,0,0,0,1,0
22,220537,2,2,0,2,51,0,9,10,2010,7,20,43,0,14,4,VETERANS BLVD,,0,30.00471944,-90.211600000,0,12,6,1,5,1,1,0,3,1,0,1,0,0000000,20,44,20,47,21,1,0,0,0,1,0
22,220538,1,1,1,1,55,1230,11,10,2010,2,19,4,1,13,2,US-167,,200,30.22113889,-92.016480560,0,8,0,0,1,1,1,0,3,2,0,2,0,0000000,19,4,19,16,19,30,0,0,0,1,0
22,220539,1,1,0,1,19,1250,11,10,2010,2,23,99,1,13,3,SR-1138-2,,2,30.17301944,-93.249250000,0,42,0,0,1,1,5,0,3,2,0,2,0,0000000,2,14,2,19,88,88,18,0,0,1,0