STATE,ST_CASE,VE_TOTAL,VE_FORMS,PEDS,PERSONS,COUNTY,CITY,DAY,MONTH,YEAR,DAY_WEEK,HOUR,MINUTE,NHS,ROAD_FNC,ROUTE,TWAY_ID,TWAY_ID2,MILEPT,LATITUDE,LONGITUD,SP_JUR,HARM_EV,MAN_COLL,RELJCT1,RELJCT2,TYP_INT,REL_ROAD,WRK_ZONE,LGT_COND,WEATHER1,WEATHER2,WEATHER,SCH_BUS,RAIL,NOT_HOUR,NOT_MIN,ARR_HOUR,ARR_MIN,HOSP_HR,HOSP_MN,CF1,CF2,CF3,FATALS,DRUNK_DR
22,220540,2,2,0,4,19,1250,20,10,2010,4,7,41,1,11,1,I-210,,106,30.21943889,-93.168500000,0,12,6,0,1,1,1,4,1,10,0,10,0,0000000,7,47,8,6,8,49,0,0,0,2,0
22,220541,1,1,1,1,79,1850,25,10,2010,2,5,59,1,12,2,US-167,,1120,31.31563056,-92.433080560,0,8,0,0,1,1,1,0,1,1,0,1,0,0000000,6,1,6,15,88,88,19,0,0,1,0
22,220542,1,1,0,1,51,1190,31,10,2010,1,10,7,0,16,5,GEORGIA AVE.,,0,30.03166111,-90.237300000,0,38,0,0,1,1,4,0,1,1,0,1,0,0000000,10,15,10,18,88,88,0,0,0,1,0
22,220543,2,2,0,3,55,1230,6,11,2010,7,20,49,0,14,5,2000 S. COLLEGE DR.,,0,30.18973056,-92.002219440,0,12,6,0,1,1,1,0,3,1,0,1,0,0000000,21,0,21,6,21,30,0,0,0,1,1
22,220544,1,1,0,1,51,1190,7,11,2010,1,23,34,0,16,5,JOE YENNI LVD,,0,30.03886944,-90.252688890,0,33,0,0,1,1,4,0,3,1,0,1,0,0000000,23,37,23,42,0,25,0,0,0,1,1
22,220545,2,2,0,4,17,0,9,11,2010,3,7,28,0,14,3,SR-525,,29,32.33378889,-93.903650000,0,12,6,0,1,1,4,0,1,5,0,5,0,0000000,7,31,7,37,8,7,0,0,0,1,0
22,220547,1,1,1,1,55,1230,12,11,2010,6,22,12,0,16,5,HAZEL ST.,,0,30.22868889,-92.001769440,0,8,0,0,1,1,1,0,2,10,0,10,0,0000000,22,12,22,18,22,37,4,0,0,1,0
22,220548,1,1,0,1,71,1690,14,11,2010,1,21,55,1,11,1,I-10,,2384,29.99245000,-90.048850000,0,99,0,0,1,1,1,0,3,1,0,1,0,0000000,21,55,22,4,22,50,19,23,0,1,0
22,220549,1,1,0,2,17,2130,15,11,2010,2,15,40,1,11,1,I-20,,152,32.47380000,-93.791580560,0,1,0,0,1,1,1,0,1,10,0,10,0,0000000,15,43,15,51,16,21,0,0,0,1,0
22,220550,1,1,0,1,19,2210,19,11,2010,6,4,0,1,11,1,I-10,,205,30.21588889,-93.377480560,0,33,0,1,5,1,4,0,3,1,0,1,0,0000000,4,0,4,10,4,25,0,0,0,1,1
22,220551,1,1,0,1,71,1690,24,11,2010,4,2,38,1,11,1,I-10 EXIT RAMP,,2338,29.96256111,-90.100730560,0,24,0,1,5,1,4,0,3,1,0,1,0,0000000,99,99,99,99,99,99,0,0,0,1,1
22,220552,1,1,0,1,15,1010,26,11,2010,6,13,10,0,15,3,SR-3227,,10,32.54566944,-93.497619440,0,42,0,0,1,1,5,0,1,1,0,1,0,0000000,13,10,13,18,13,57,0,0,0,1,0
22,220553,2,2,0,2,17,2130,27,11,2010,7,2,28,1,11,1,I-220,,0,32.55675000,-93.776911110,0,12,1,1,18,1,1,0,3,1,0,1,0,0000000,2,33,2,38,99,99,0,0,0,1,0
22,220554,1,1,0,2,57,0,25,9,2010,7,14,18,0,15,4,BOWIE RD,,0,29.78428889,-90.801819440,0,5,0,0,1,1,1,0,1,2,0,2,0,0000000,14,22,14,29,14,34,0,0,0,1,0
22,220555,2,2,0,3,47,2430,6,9,2010,2,18,24,1,2,3,SR-1,LACROIX RD,1290,30.17576944,-91.162319440,0,12,6,0,2,2,1,0,1,1,0,1,0,0000000,18,11,18,21,18,51,0,0,0,1,0
22,220556,2,2,0,2,33,150,29,6,2010,3,21,55,1,11,1,I-12,,66,30.44016944,-91.016000000,0,12,1,0,1,1,1,1,3,10,0,10,0,0000000,22,1,22,9,22,99,0,0,0,1,1
22,220557,2,2,0,2,33,150,21,7,2010,4,3,20,1,11,1,I-12,,67,30.44061944,-91.014219440,0,12,1,0,1,1,1,1,3,1,0,1,0,0000000,3,24,3,30,88,88,3,0,0,1,0
22,220558,1,1,1,1,33,150,13,10,2010,4,6,32,1,13,2,US-190,,24,30.45098889,-91.137338890,0,8,0,0,1,1,1,0,2,1,0,1,0,0000000,99,99,99,99,88,88,0,0,0,1,0
22,220559,1,1,0,1,33,150,20,10,2010,4,22,20,1,11,1,I-10,,2,30.44023056,-91.179119440,0,23,0,1,5,1,4,0,2,1,0,1,0,0000000,22,26,22,30,22,49,0,0,0,1,0
22,220560,1,1,1,1,33,150,4,11,2010,5,12,10,0,15,5,WOODDALE BLVD,,0,30.46023889,-91.109580560,0,15,0,0,1,1,1,0,1,1,0,1,0,0000000,12,15,12,20,99,99,0,0,0,1,0
22,220561,1,1,1,1,17,2130,27,12,2010,2,5,53,1,11,1,I-220,,84,32.55690000,-93.772800000,0,8,0,0,1,1,1,0,2,1,0,1,0,0000000,88,88,88,88,88,88,19,23,0,1,0
22,220562,1,1,0,1,9,0,2,12,2010,5,18,21,0,5,3,SR-453,,9,31.16703056,-92.135961110,0,32,0,0,1,1,4,0,2,1,0,1,0,0000000,18,27,18,38,19,4,0,0,0,1,0
22,220563,1,1,1,1,17,2130,9,12,2010,5,17,44,0,14,5,LINWOOD DRIVE,,0,32.45895000,-93.763050000,0,8,0,0,1,1,1,0,3,1,0,1,0,0000000,17,44,17,49,17,58,0,0,0,1,0
22,220564,2,2,0,2,67,140,9,12,2010,5,18,40,1,13,2,US-425,,1060,32.79846944,-91.906438890,0,12,2,0,1,1,1,0,2,1,0,1,0,0000000,18,41,18,47,19,14,0,0,0,1,1
22,220565,1,1,0,2,73,1560,14,12,2010,3,23,44,1,13,2,US-165,W. ELMWOOD DR.,1813,32.55980000,-92.075361110,0,46,0,0,3,2,3,0,2,1,0,1,0,0000000,23,45,23,48,0,26,0,0,0,1,0
22,220566,1,1,0,2,73,1560,25,12,2010,7,3,8,1,13,2,US-80,,1233,32.50603889,-92.124650000,0,33,0,0,1,1,4,0,2,2,0,2,0,0000000,3,16,3,18,3,30,0,0,0,1,1
22,220567,1,1,1,1,5,0,20,12,2010,2,22,48,0,14,3,SR-42,,224,30.33912778,-90.879705560,0,8,0,0,1,1,1,0,2,10,0,10,0,0000000,22,48,22,59,23,44,0,0,0,1,0
22,220568,1,1,1,2,11,0,21,12,2010,3,19,10,0,4,3,SR-112,,25,30.86078889,-93.218219440,0,8,0,0,1,1,1,0,2,1,0,1,0,0000000,19,17,19,42,88,88,0,0,0,1,0
22,220569,1,1,0,2,19,0,21,12,2010,3,19,17,0,14,3,SR-385,,96,30.15193056,-93.213719440,0,33,0,0,1,1,4,0,2,10,0,10,0,0000000,19,18,19,29,19,44,0,0,0,1,1
22,220570,1,1,1,1,113,0,23,12,2010,5,99,99,0,4,3,SR-339,,64,30.04996111,-92.023311110,0,8,0,0,1,1,1,0,2,1,0,1,0,0000000,3,16,3,29,88,88,19,23,0,1,0
22,220571,2,2,0,8,73,1560,23,12,2010,5,18,30,0,15,4,OLD HWY 15,,0,32.52563889,-92.230238890,0,12,6,0,8,1,1,0,2,1,0,1,0,0000000,18,33,18,42,18,47,0,0,0,1,0
22,220572,1,1,0,1,57,0,4,12,2010,7,11,22,0,14,3,SR-182,,100,29.66576111,-90.668600000,0,42,0,0,1,1,4,0,1,1,0,1,0,0000000,11,27,11,39,88,88,0,0,0,1,0
22,220573,1,1,0,1,61,0,20,12,2010,2,9,51,1,1,1,I-20,,753,32.54778889,-92.815216670,0,1,0,0,1,1,3,0,1,1,0,1,0,0000000,99,98,99,98,88,88,0,0,0,1,0
22,220574,3,3,0,4,103,0,20,12,2010,2,7,55,0,4,3,SR-437,TICE ROAD,42,30.53061944,-90.074830560,0,12,1,0,3,3,1,0,1,1,0,1,0,0000000,8,5,8,11,9,12,0,0,0,1,0
22,220575,2,2,0,2,81,500,20,12,2010,2,16,10,0,3,2,US-71,,1503,32.03998889,-93.339300000,0,12,6,0,1,1,2,0,1,1,0,1,0,0000000,16,13,16,21,99,99,0,0,0,1,0
22,220576,2,2,0,2,47,0,19,12,2010,1,18,45,1,13,3,SR-1,SR-1148,1401,30.31488889,-91.249100000,0,12,6,0,2,3,1,0,3,1,0,1,0,0000000,18,48,18,51,88,88,0,0,0,1,1
22,220577,1,1,0,2,57,0,21,12,2010,3,3,0,0,15,3,SR-308,,709,29.53966944,-90.334719440,0,1,0,0,1,1,4,0,3,1,0,1,0,0000000,99,99,99,99,99,99,0,0,0,1,1
22,220578,1,1,0,1,53,0,23,12,2010,5,19,59,1,11,7,I-10,,64,30.24896944,-92.654630560,0,34,0,0,1,1,4,0,2,1,0,1,0,0000000,20,3,20,6,20,16,0,0,0,1,1
22,220579,1,1,0,3,29,0,24,12,2010,6,2,0,0,6,4,FISHERMAN DR,,0,31.61951111,-91.539288890,0,42,0,0,1,1,4,0,2,1,0,1,0,0000000,2,19,2,26,2,59,0,0,0,1,1
22,220580,1,1,0,1,93,0,26,12,2010,1,1,50,0,4,3,SR-18,,284,30.02258056,-90.699811110,0,34,0,0,1,1,4,0,3,1,0,1,0,0000000,1,51,2,1,88,88,0,0,0,1,0
22,220581,2,2,0,3,53,0,26,12,2010,1,0,23,1,2,2,US-165,,51,30.29528611,-92.956761110,0,12,2,0,1,1,1,0,2,1,0,1,0,0000000,0,27,0,49,1,48,0,0,0,1,1
22,220582,2,2,0,3,117,0,28,12,2010,3,12,4,0,4,3,SR-430,,28,30.88746944,-90.139100000,0,12,2,0,1,1,1,0,1,10,0,10,0,0000000,12,9,12,12,12,47,0,0,0,1,0
22,220583,1,1,0,2,13,0,29,12,2010,4,3,0,0,4,3,SR-155,,331,32.23011944,-92.921138890,0,35,0,0,1,1,4,0,2,8,0,8,0,0000000,3,9,3,40,88,88,0,0,0,1,0
22,220584,1,1,0,4,103,0,30,12,2010,5,13,0,1,1,1,I-12,,567,30.45998889,-90.185188890,0,1,0,0,1,1,3,0,1,1,0,1,0,0000000,13,5,13,13,14,0,0,0,0,1,0
22,220585,1,1,0,1,27,0,30,12,2010,5,11,49,0,3,2,US-79,,636,32.73321389,-93.133475000,0,42,0,0,1,1,5,0,1,2,0,2,0,0000000,11,53,12,2,88,88,0,0,0,1,0
22,220586,1,1,0,1,31,0,30,12,2010,5,22,50,0,6,4,RUBY DRY ROAD,,0,32.09180000,-93.948011110,0,42,0,0,1,1,5,0,2,10,0,10,0,0000000,23,1,23,18,88,88,0,0,0,1,1
22,220587,1,1,0,2,119,0,30,12,2010,5,20,15,0,6,4,CAMP ZION ROAD,,0,32.48331944,-93.440519440,0,1,0,0,1,1,4,0,2,10,0,10,0,0000000,20,15,20,32,88,88,0,0,0,1,1
22,220588,1,1,0,1,27,0,31,12,2010,6,0,40,0,3,2,US-79,,615,32.71396111,-93.160669440,0,53,0,0,1,1,4,0,2,10,0,10,0,0000000,0,45,0,58,88,88,0,0,0,1,1
22,220589,1,1,1,1,33,150,11,7,2010,1,20,39,0,16,5,9900 W. TAMS,,0,30.46718889,-91.073761110,0,8,0,0,1,1,1,0,2,1,0,1,0,0000000,20,39,20,46,20,59,0,0,0,1,0
22,220590,2,2,0,3,33,150,12,7,2010,2,17,21,0,14,3,SR-427,,13,30.42588056,-91.150538890,0,12,6,0,8,1,1,0,1,1,0,1,0,0000000,17,22,17,25,17,54,0,0,0,1,0
22,220591,3,3,0,3,33,150,8,10,2010,6,23,55,0,14,3,SR-408,VETERAN'S MEMORIAL,21,30.52133056,-91.160850000,0,12,1,0,3,2,1,0,3,1,0,1,0,0000000,23,57,0,3,88,88,0,0,0,1,0
22,220592,3,3,0,7,33,150,4,11,2010,5,19,51,1,11,1,I-110,,68,30.52226944,-91.162180560,0,12,2,0,1,1,1,0,3,1,0,1,0,0000000,19,51,20,1,20,24,0,0,0,1,0
22,220593,1,1,1,1,33,150,19,8,2010,5,21,15,0,16,5,CADILLAC STREET,,0,30.51783056,-91.137019440,0,9,0,0,1,1,1,0,3,1,0,1,0,0000000,21,19,21,26,21,42,4,0,0,1,0
22,220594,3,3,0,5,79,40,22,4,2010,5,20,33,1,11,1,I-49,,849,31.29261944,-92.443219440,0,12,6,1,17,1,1,0,3,1,0,1,0,0000000,20,34,20,38,21,2,0,0,0,1,0
22,220596,1,1,1,5,79,40,20,11,2010,7,21,30,1,13,2,US-71 SERVICE RD,NELSON RD,67,31.29146111,-92.476561110,0,15,0,0,2,2,1,0,2,10,0,10,0,0000000,21,30,21,30,88,88,0,0,0,1,0
22,220597,2,2,1,2,9,1480,13,12,2010,2,10,18,0,15,3,SR-1190,,10,31.14036944,-92.045150000,0,8,0,0,1,1,1,0,1,1,0,1,0,0000000,10,18,10,28,11,0,0,0,0,1,0
22,220598,1,1,1,1,19,1250,10,9,2010,6,22,23,1,11,1,I-210 EXIT RAMP,,73,30.19711944,-93.201038890,0,8,0,1,5,1,1,0,2,1,0,1,0,0000000,22,26,22,33,22,47,0,0,0,1,0
22,220599,1,1,0,6,71,1690,25,3,2010,5,2,15,1,11,1,I-10,,2371,29.97691111,-90.062030560,0,24,0,1,5,1,4,0,3,1,0,1,0,0000000,2,15,2,17,2,30,0,0,0,1,0
22,220600,1,1,0,1,81,0,11,12,2010,7,20,15,0,6,3,SR-515,,48,32.14811944,-93.424000000,0,1,0,0,1,1,4,0,2,1,0,1,0,0000000,20,18,20,29,88,88,0,0,0,1,1
22,220601,1,1,1,1,101,1600,6,11,2010,7,2,0,1,12,2,US-90,,1757,29.70228889,-91.190369440,0,8,0,1,18,1,1,0,2,1,0,1,0,0000000,2,13,2,18,2,40,19,23,0,1,0
22,220602,1,1,1,1,71,1690,18,2,2010,5,18,35,1,13,2,US-90,ADAMS,2547,29.95333056,-90.117180560,0,9,0,0,2,2,1,0,3,10,0,10,0,0000000,99,99,99,99,99,99,0,0,0,1,0
22,220603,1,1,0,1,103,1400,25,12,2010,7,2,35,0,14,5,N CAUSEWAY BLVD,,0,30.37516111,-90.092361110,0,23,0,0,1,1,4,0,2,1,0,1,0,0000000,2,42,2,45,3,37,0,0,0,1,0
22,220605,2,2,0,5,73,2022,12,3,2010,6,22,30,1,13,2,US-165,RICHWOOD RD,17,32.43748889,-92.105330560,0,12,6,0,2,2,1,0,2,1,0,1,0,0000000,22,30,22,37,22,53,0,0,0,2,1
22,220606,2,2,0,2,79,40,11,5,2010,3,6,35,1,13,2,US-71,,663,31.27126944,-92.469480560,0,12,7,0,1,1,1,0,1,1,0,1,0,0000000,6,33,6,36,99,99,0,0,0,1,0
22,220607,1,1,0,1,71,1690,18,9,2010,7,4,33,1,13,3,SR-39,,519,29.96873889,-90.030230560,0,30,0,0,1,1,4,0,3,1,0,1,0,0000000,3,40,3,48,99,99,0,0,0,1,1
22,220608,1,1,0,2,1,0,8,10,2010,6,4,6,0,4,2,US-90,,808,30.18756111,-92.421750000,0,10,0,0,6,1,1,0,2,10,0,10,0,9999999,4,8,4,16,88,88,0,0,0,2,0
22,220609,1,1,1,1,5,0,13,8,2010,6,7,7,0,6,4,RIVER HIGHLANDS DR,,0,30.23363056,-90.750930560,0,8,0,0,1,1,1,0,9,99,0,99,0,0000000,7,11,7,42,88,88,0,0,0,1,0
22,220610,2,2,0,3,49,1150,27,11,2010,7,0,59,1,2,2,US-167,HARRISON ST,1836,32.24885000,-92.719250000,0,12,6,0,2,2,1,0,3,1,0,1,0,0000000,1,1,1,3,1,16,0,0,0,1,1
22,220611,1,1,0,1,61,885,16,9,2010,5,12,8,0,16,5,RWE JONES AVE,,0,32.54575000,-92.709350000,0,42,0,0,1,1,4,0,1,1,0,1,0,0000000,12,10,12,15,88,88,0,0,0,1,0
22,220612,1,1,0,5,19,2210,26,9,2010,1,2,24,1,11,1,I-20,,242,30.22136944,-93.317311110,0,1,0,0,1,1,3,0,2,1,0,1,0,0000000,2,27,2,37,2,54,13,0,0,1,1
22,220613,2,2,0,3,55,650,3,3,2010,4,17,35,1,11,1,I-10,,920,30.24765000,-92.201369440,0,12,2,0,1,1,1,0,1,1,0,1,0,0000000,17,33,17,51,18,26,0,0,0,3,0
22,220614,1,1,0,1,71,1690,10,4,2010,7,0,24,1,12,2,US-90,,132,29.95201111,-90.085888890,0,23,0,0,1,1,4,0,3,1,0,1,0,0000000,99,99,99,99,88,88,20,0,0,1,0
22,220615,1,1,0,1,79,0,5,6,2010,7,22,13,0,6,4,CHICKAMAW RD,,0,31.08690000,-92.412938890,0,42,0,0,1,1,4,0,2,1,0,1,0,0000000,22,15,22,22,88,88,20,0,0,1,1
22,220616,1,1,1,1,33,150,12,10,2010,3,9,4,1,13,2,US-61,,801,30.50911944,-91.149988890,0,8,0,0,1,1,1,0,1,1,0,1,0,0000000,9,5,9,11,9,33,16,0,0,1,0
22,220617,1,1,0,1,109,1070,1,5,2010,7,1,15,0,14,4,INDUSTRIAL BLVD,,0,29.57383889,-90.706669440,0,34,0,0,1,1,4,0,3,1,0,1,0,0000000,1,14,1,14,1,48,0,0,0,1,1
22,220618,1,1,0,1,109,1070,6,5,2010,5,14,22,0,14,3,SR-182,,192,29.57413056,-90.754588890,0,1,0,0,1,1,4,0,1,1,0,1,0,0000000,14,27,14,33,15,1,0,0,0,1,0
22,220620,2,2,0,2,29,2310,24,7,2010,7,15,2,1,13,2,US-84,N SPRUCE ST,1824,31.56698056,-91.428319440,0,12,6,0,2,2,1,0,1,10,0,10,0,0000000,15,5,15,6,99,99,0,0,0,1,1
22,220621,1,1,0,1,33,0,6,8,2010,6,18,53,0,6,4,SCOTT BARR RD,,0,30.71063889,-91.022969440,0,34,0,0,1,1,4,0,5,1,0,1,0,0000000,18,49,19,10,88,88,1,0,0,1,1
22,220622,2,2,0,3,3,1740,27,10,2010,4,17,52,0,16,5,W 5TH AVE,,0,30.81360000,-92.666619440,0,12,2,0,1,1,1,0,1,1,0,1,0,0000000,17,56,18,1,18,15,0,0,0,1,1
22,220623,1,1,0,1,51,0,20,11,2010,7,1,37,0,15,3,SR-45,,176,29.84643889,-90.119080560,0,43,0,0,1,1,4,0,3,5,0,5,0,0000000,1,39,1,51,88,88,0,0,0,1,1
22,220624,2,2,0,3,109,0,17,12,2010,6,17,26,0,15,4,COUNRTY DR,,0,29.55281944,-90.605080560,0,54,11,0,1,1,2,0,5,1,0,1,0,0000000,17,31,17,48,18,25,14,0,0,2,0
22,220625,1,1,1,4,103,510,22,12,2010,4,23,17,1,13,2,US-190,,2438,30.48738056,-90.094330560,0,8,0,0,1,1,1,0,2,1,0,1,0,0000000,23,21,23,26,23,43,0,0,0,1,0
22,220626,1,1,0,1,79,40,16,12,2010,5,9,24,1,13,2,US-71,,651,31.27521111,-92.469261110,0,1,0,0,1,1,1,0,1,10,0,10,0,0000000,9,25,9,36,10,4,0,0,0,1,0
22,220627,3,3,0,3,17,0,14,10,2010,5,19,21,0,3,3,SR-1,,4032,32.63630000,-93.894300000,0,12,8,0,1,1,1,0,5,1,0,1,0,0000000,19,21,19,26,19,53,0,0,0,1,0
22,220629,3,3,0,3,19,1100,17,9,2010,6,12,44,0,4,2,US-90,S. BARKLEY AVE.,442,30.23140000,-93.000780560,0,12,1,0,3,3,1,0,1,10,0,10,0,0000000,12,44,13,8,13,50,0,0,0,1,0
22,220630,1,1,0,1,73,1560,14,11,2010,1,7,41,0,14,3,SR-594,,9,32.50285000,-92.095980560,0,32,0,0,1,1,4,0,1,1,0,1,0,0000000,7,48,7,54,88,88,0,0,0,1,0
22,220631,2,2,1,2,33,150,31,1,2010,1,3,5,1,11,1,I-10,,1581,30.42346111,-91.144550000,0,12,2,0,1,1,1,0,3,1,0,1,0,0000000,7,3,7,10,88,88,19,0,0,1,0
22,220632,1,1,0,4,33,150,10,5,2010,2,2,42,0,14,3,SR-30,,37,30.39170000,-91.174300000,0,32,0,0,1,1,4,0,2,1,0,1,0,0000000,2,55,3,0,3,22,0,0,0,3,1
22,220633,1,1,0,1,33,150,11,5,2010,3,17,14,0,16,5,MONARCH AVE,,0,30.51548889,-91.146738890,0,18,0,0,1,1,4,0,1,1,0,1,0,0000000,17,14,17,18,88,88,0,0,0,1,1
22,220634,1,1,0,3,33,150,15,5,2010,7,19,19,1,11,1,I-110,,13,30.45633889,-91.180330560,0,59,0,0,1,1,4,0,3,10,0,10,0,0000000,19,20,19,36,99,99,0,0,0,1,1
22,220635,2,2,0,5,33,150,19,5,2010,4,12,25,1,13,2,US-190,,1847,30.46060000,-91.047611110,0,12,6,0,7,1,1,0,1,1,0,1,0,0000000,12,36,12,55,13,38,0,0,0,1,0
22,220636,2,2,0,2,33,150,21,6,2010,2,21,26,1,11,1,I-10,,1589,30.42196944,-91.130580560,0,12,1,0,1,1,1,4,3,1,0,1,0,0000000,21,26,21,31,22,0,0,0,0,1,1
22,220637,1,1,1,1,33,150,3,9,2010,6,20,31,0,13,3,SR-3064,,6,30.40298056,-91.104550000,0,8,0,0,1,1,1,0,3,1,0,1,0,0000000,20,32,20,33,20,43,0,0,0,1,0
22,220638,1,1,1,1,33,150,23,9,2010,5,23,0,1,13,2,US-61,,759,30.46676944,-91.105700000,0,8,0,0,1,1,1,0,2,1,0,1,0,0000000,23,3,23,14,23,22,0,0,0,1,0
22,220639,2,2,0,5,33,150,3,10,2010,1,18,50,0,15,6,N. ARDENWOOD DR.,RENOIR AVE.,0,30.46093056,-91.127769440,0,12,6,0,2,2,1,0,2,1,0,1,0,0000000,18,52,18,59,19,39,0,0,0,1,1
22,220640,2,2,0,2,33,150,5,11,2010,6,14,28,1,13,3,SR-67,MAIN ST,5,30.45200000,-91.166000000,0,12,6,0,2,2,1,0,1,1,0,1,0,0000000,14,30,14,35,14,42,0,0,0,1,0
22,220641,2,2,0,4,41,2460,28,11,2010,1,15,0,1,16,5,PINE STREET,KANSAS STREET,0,31.97946944,-91.652300000,0,12,6,0,2,3,1,0,1,1,0,1,0,0000000,15,21,15,35,16,1,0,0,0,1,1
22,220642,1,1,0,1,33,150,11,12,2010,7,6,11,1,13,2,US-190,,1863,30.46486111,-91.021280560,0,34,0,0,1,1,10,0,2,1,0,1,0,0000000,6,19,6,33,88,88,0,0,0,1,1
22,220643,2,2,0,2,71,1690,7,11,2010,1,4,30,0,3,2,US-190,,2882,30.16831944,-89.736250000,0,12,2,0,1,1,1,0,2,1,0,1,0,0000000,99,99,99,99,99,99,0,0,0,1,1
22,220644,1,1,0,1,71,1690,13,12,2010,2,4,0,1,11,1,I-10,,2410,30.00943056,-90.013530560,0,24,0,0,1,1,4,0,3,1,0,1,0,0000000,99,99,99,99,99,99,0,0,0,1,0
22,220645,1,1,0,2,71,1690,13,2,2010,7,16,15,0,14,3,SR-428,WEST HOMESTEAD ST,71,29.93915000,-90.019511110,0,5,0,0,2,2,1,0,1,99,0,99,0,0000000,99,99,99,99,99,99,0,0,0,1,0
22,220646,1,1,1,5,7,0,20,2,2010,7,12,50,0,6,4,ANDRAS ST,,0,29.72028056,-91.044519440,0,8,0,0,1,1,1,0,1,1,0,1,0,0000000,12,55,13,15,88,88,0,0,0,1,0
22,220647,1,1,1,1,33,0,7,4,2010,4,2,39,1,13,5,GREENWELL SPRINGS RD,PAULSON ST,0,30.46510000,-91.134300000,0,8,0,0,3,2,1,0,3,1,0,1,0,0000000,2,39,2,45,99,99,0,0,0,1,0
22,220648,1,1,0,1,71,1690,15,4,2010,5,13,1,1,13,5,EARHART,,0,29.95543889,-90.095780560,0,24,0,1,5,1,4,0,1,1,0,1,0,0000000,13,1,13,7,13,32,0,0,0,1,0
22,220649,1,1,1,1,33,150,2,11,2010,3,19,20,1,13,2,US-61,,774,30.48488056,-91.118800000,0,8,0,0,1,1,1,0,2,1,0,1,0,0000000,19,20,19,25,88,88,0,0,0,1,1
22,220650,1,1,0,2,71,1690,11,11,2010,5,1,11,1,11,1,I-10,,2352,29.95543056,-90.081369440,0,25,0,0,1,1,4,0,3,1,0,1,0,0000000,1,14,1,19,1,38,0,0,0,1,1
22,220651,2,2,0,2,71,1690,21,11,2010,1,13,30,1,13,5,CANAL STREET,,0,29.96713889,-90.089611110,0,12,6,0,8,1,1,0,1,1,0,1,0,0000000,13,33,13,35,13,53,0,0,0,1,0
22,220652,1,1,1,2,71,1690,5,12,2010,1,19,0,1,11,1,I-10,,2447,30.03928889,-89.972219440,0,9,0,0,1,1,1,0,3,1,0,1,0,0000000,99,99,99,99,88,88,0,0,0,1,0
22,220653,1,1,0,1,71,1690,10,12,2010,6,23,15,1,11,1,I-10,,2384,29.99276944,-90.048788890,0,20,0,1,18,1,4,0,3,1,0,1,0,0000000,23,17,23,23,23,42,0,0,0,1,0
22,220654,4,1,0,1,71,1690,22,12,2010,4,21,59,0,14,5,CROWDER BLVD,,0,30.03218056,-89.995061110,0,33,0,0,1,1,4,0,3,1,0,1,0,0000000,21,59,99,99,88,88,0,0,0,1,1
22,220655,2,2,0,5,39,0,18,11,2010,5,16,46,0,4,3,SR-106,,51,30.78666944,-92.488180560,0,12,6,0,1,1,1,0,1,1,0,1,0,0000000,16,48,18,0,18,17,0,0,0,1,0
23,230001,2,2,0,3,31,6025,1,1,2010,6,16,25,0,5,6,ELM STREET,,0,43.74685556,-70.884344440,0,12,2,0,1,1,1,0,5,4,0,4,0,0000000,16,25,16,29,88,88,0,0,0,1,1
23,230002,1,1,1,1,27,8230,6,1,2010,4,16,48,0,4,3,SR-220,,0,44.51835833,-69.273777780,0,8,0,0,1,1,1,0,2,1,0,1,0,0000000,16,50,17,13,18,13,0,0,0,1,0
23,230003,1,1,0,2,5,3250,14,1,2010,5,15,16,0,4,3,SR-114,,0,43.64060833,-70.420902780,0,35,0,0,1,1,5,0,1,1,0,1,0,0000000,15,17,15,25,15,55,0,0,0,1,0
23,230004,1,1,0,4,25,7203,14,1,2010,5,23,17,0,4,6,SAINT ALBANS ROAD,,0,44.85939722,-69.371280560,0,48,0,0,1,1,6,0,2,1,0,1,0,0000000,23,22,23,34,0,5,0,0,0,1,1
23,230005,5,5,0,6,27,7300,19,1,2010,3,12,23,1,2,2,US-1,SPRUCE KNOLL LANE,0,44.43341111,-68.955775000,0,12,6,0,2,3,1,0,1,4,0,4,0,0000000,12,30,12,37,13,36,0,0,0,1,0
23,230006,2,2,0,3,31,7250,20,1,2010,4,8,57,0,5,6,122 GRAMMAR ROAD,,0,43.45217222,-70.757102780,0,12,6,0,1,1,1,0,1,4,0,4,0,0000000,8,57,9,6,9,18,0,0,0,1,0
23,230007,1,1,0,1,3,7356,28,1,2010,5,4,20,0,4,2,US-2,,0,46.12929167,-68.166133330,0,1,0,1,5,1,5,0,2,1,0,1,0,0000000,4,37,4,48,88,88,0,0,0,1,0
23,230008,2,2,0,4,9,9997,29,1,2010,6,8,30,0,2,3,SR-9,,0,44.85848611,-68.283463890,0,12,6,0,1,1,1,0,1,1,0,1,0,0000000,8,40,9,28,10,12,0,0,0,2,0
23,230009,2,2,0,2,1,80,30,1,2010,7,22,32,0,6,6,750 BROAD STREET,,0,44.06520278,-70.236797220,0,12,2,0,1,1,1,0,2,10,0,10,0,0000000,22,35,22,43,22,58,0,0,0,1,1
23,230010,1,1,1,1,13,8200,1,2,2010,2,4,56,0,4,2,US-1,,0,44.08351667,-69.168119440,0,8,0,0,1,1,1,0,2,1,0,1,0,0000000,4,56,5,12,88,88,0,0,0,1,0
23,230011,1,1,0,1,13,8500,8,2,2010,2,22,20,0,6,6,BARRETT HILL ROAD,,0,44.22539722,-69.257555560,0,1,0,0,1,1,6,0,2,1,0,1,0,0000000,22,25,22,36,88,88,0,0,0,1,0