STATE,ST_CASE,VE_TOTAL,VE_FORMS,PEDS,PERSONS,COUNTY,CITY,DAY,MONTH,YEAR,DAY_WEEK,HOUR,MINUTE,NHS,ROAD_FNC,ROUTE,TWAY_ID,TWAY_ID2,MILEPT,LATITUDE,LONGITUD,SP_JUR,HARM_EV,MAN_COLL,RELJCT1,RELJCT2,TYP_INT,REL_ROAD,WRK_ZONE,LGT_COND,WEATHER1,WEATHER2,WEATHER,SCH_BUS,RAIL,NOT_HOUR,NOT_MIN,ARR_HOUR,ARR_MIN,HOSP_HR,HOSP_MN,CF1,CF2,CF3,FATALS,DRUNK_DR
23,230012,2,2,0,4,3,9997,16,2,2010,3,10,30,0,4,3,SR-161,,0,47.09227222,-68.993283330,0,12,2,0,1,1,1,0,1,4,0,4,0,0000000,10,47,11,3,12,3,0,0,0,1,0
23,230013,2,2,0,2,3,6450,26,2,2010,6,10,51,1,2,2,US-1,,0,46.66834722,-68.012408330,0,12,6,0,1,1,1,0,1,3,0,3,0,0000000,10,51,11,2,11,47,0,0,0,1,0
23,230014,2,2,0,3,31,3710,5,2,2010,6,15,4,0,3,3,SR-202,,0,43.57454722,-70.641402780,0,12,2,0,1,1,1,0,1,10,0,10,0,0000000,15,6,15,23,16,6,0,0,0,1,0
23,230015,1,1,0,1,1,7199,13,2,2010,7,13,15,0,3,3,SR-9,,0,44.10897500,-70.116805560,0,34,0,0,1,1,6,0,1,1,0,1,0,0000000,13,18,13,24,14,0,0,0,0,1,0
23,230016,1,1,0,1,5,3250,16,2,2010,3,10,56,0,3,3,SR-25,,0,43.67948056,-70.444936110,0,42,0,0,1,1,6,0,1,10,0,10,0,0000000,10,56,11,2,11,32,0,0,0,1,0
23,230017,1,1,0,1,19,13,7,3,2010,1,22,0,0,15,3,SR-16,,0,44.90543611,-68.684291670,0,35,0,0,1,1,6,0,2,1,0,1,0,0000000,22,25,22,42,88,88,0,0,0,1,0
23,230018,2,2,0,5,5,7850,14,3,2010,1,0,21,0,6,6,OAK HILL ROAD,,0,43.73631389,-70.550852780,0,12,7,0,1,1,2,0,2,1,0,1,0,0000000,0,26,0,36,1,17,0,0,0,1,2
23,230019,1,1,0,1,15,8850,14,3,2010,1,15,53,0,6,6,FRIENSHIP ROAD,,0,44.03559167,-69.329225000,0,42,0,0,4,1,6,0,1,2,0,2,0,0000000,15,55,16,4,88,88,0,0,0,1,0
23,230020,1,1,0,1,5,7850,20,3,2010,7,22,12,0,6,6,600 RIVER ROAD,,0,43.70622778,-70.629644440,0,42,0,0,1,1,6,0,2,1,0,1,0,0000000,22,20,22,27,23,9,0,0,0,1,1
23,230021,1,1,0,1,5,2700,26,3,2010,6,10,32,1,1,1,I-95,,0,43.76985556,-70.312758330,0,24,0,1,5,1,6,0,1,1,0,1,0,0000000,10,36,10,42,88,88,0,0,0,1,0
23,230022,1,1,1,1,19,5900,30,1,2010,7,5,41,0,6,6,15 MIDDLE STREET,,0,44.88239167,-68.668500000,0,8,0,0,1,1,1,0,3,1,0,1,0,0000000,5,42,5,44,88,88,0,0,0,1,1
23,230023,2,2,0,2,3,4900,23,3,2010,3,15,13,0,5,2,US-1,,0,47.34312778,-68.239175000,0,12,6,0,1,1,1,0,1,4,0,4,0,0000000,15,13,15,22,15,53,0,0,0,1,0
23,230024,1,1,0,2,23,820,3,4,2010,7,19,55,1,1,1,I-295,,0,43.99738333,-69.933386110,0,11,0,0,1,1,1,0,2,1,0,1,0,0000000,20,5,20,19,21,19,0,0,0,1,0
23,230025,1,1,0,2,31,30,8,4,2010,5,18,29,1,1,1,I-95,,0,43.49994444,-70.487508330,0,42,0,0,1,1,6,0,1,1,0,1,0,0000000,18,30,18,40,19,31,0,0,0,1,0
23,230026,2,2,0,2,11,7,12,4,2010,2,18,57,0,4,3,SR-202,,0,44.53408333,-69.434452780,0,12,2,0,1,1,1,0,5,1,0,1,0,0000000,18,58,19,6,88,88,0,0,0,1,0
23,230027,1,1,0,1,31,7450,21,4,2010,4,18,6,0,4,3,SR-91,,0,43.20392500,-70.773411110,0,17,0,0,1,1,6,0,5,10,0,10,0,0000000,18,8,18,13,88,88,0,0,0,1,1
23,230028,1,1,0,1,21,1,18,4,2010,1,3,42,0,6,6,BACK ABBOT ROAD,,0,45.18590833,-69.453677780,0,30,0,0,1,1,6,0,2,10,0,10,0,0000000,3,45,3,53,88,88,0,0,0,1,1
23,230029,1,1,0,2,21,9997,30,4,2010,6,19,30,0,4,3,SR-11,,0,45.06533611,-68.950025000,0,34,0,0,1,1,5,0,5,1,0,1,0,0000000,20,10,20,26,21,26,0,0,0,1,1
23,230030,2,2,0,4,9,8355,15,5,2010,7,1,20,0,3,3,SR-3,,0,44.44873333,-68.369636110,0,12,2,0,1,1,1,0,2,10,0,10,0,0000000,1,45,2,3,2,39,0,0,0,2,1
23,230031,1,1,0,3,7,9100,17,4,2010,7,20,40,0,3,2,US-2,SR-4,0,44.58190833,-70.225638890,0,35,0,0,3,4,5,0,2,4,0,4,0,0000000,20,44,20,56,21,34,0,0,0,1,1
23,230032,1,1,0,1,1,6227,12,3,2010,6,22,30,0,6,6,126 BAILEY HILL ROAD,,0,44.05138611,-70.355930560,0,42,0,0,1,1,6,0,2,1,0,1,0,0000000,22,35,22,40,88,88,0,0,0,1,1
23,230033,3,3,0,3,7,9100,30,3,2010,3,14,48,0,3,3,SR-2,,0,44.58111389,-70.222550000,0,12,8,0,1,1,1,0,1,2,0,2,0,0000000,14,49,14,51,88,88,0,0,0,1,0
23,230034,2,2,0,5,5,7265,8,5,2010,7,17,24,0,6,6,PAYNE ROAD,HOLMES ROAD,0,43.60886111,-70.361766670,0,12,6,0,2,2,6,0,1,10,0,10,0,0000000,17,24,17,35,18,5,0,0,0,1,0
23,230035,1,1,0,2,5,9000,21,5,2010,6,1,25,0,2,3,SR-25,,0,43.67811389,-70.354386110,0,24,0,0,1,1,5,0,2,10,0,10,0,0000000,1,29,1,33,1,53,0,0,0,1,0
23,230036,1,1,0,1,13,7000,10,4,2010,7,12,6,0,6,6,400 MAIN STREET,SCHOOL STREET,0,44.10422778,-69.109411110,0,33,0,1,2,4,5,0,1,1,0,1,0,0000000,12,6,12,10,12,29,0,0,0,1,0
23,230037,1,1,0,1,5,3050,6,5,2010,5,8,25,0,4,2,US-1,,0,43.82629167,-70.136975000,0,42,0,0,1,1,6,0,1,2,0,2,0,0000000,8,25,8,29,88,88,0,0,0,1,0
23,230038,3,2,2,5,31,8905,22,5,2010,7,8,52,0,3,3,SR-9,,0,43.33017222,-70.573083330,0,12,6,0,1,1,6,0,1,1,0,1,0,0000000,8,53,9,2,9,44,0,0,0,1,0
23,230039,1,1,0,3,19,2505,15,6,2010,3,21,15,0,3,2,US-2,,0,45.27488611,-68.642577780,0,42,0,0,1,1,6,0,2,1,0,1,0,0000000,21,20,21,23,21,43,0,0,0,2,0
23,230040,2,2,0,6,5,7850,16,6,2010,4,13,59,0,3,3,SR-25,,0,43.73588056,-70.554372220,0,12,2,0,1,1,6,0,1,1,0,1,0,0000000,14,0,14,3,14,30,0,0,0,1,0
23,230041,2,2,0,4,1,4350,16,4,2010,6,10,32,0,2,3,SR-126,RANDALL ROAD,0,44.10348889,-70.174227780,0,12,1,0,2,2,1,0,1,2,0,2,0,0000000,10,35,10,37,11,20,0,0,0,1,0
23,230042,1,1,0,2,13,25,28,5,2010,6,15,48,0,6,6,SENNEBEC ROAD,,0,44.25024167,-69.258327780,0,42,0,0,1,1,6,0,1,1,0,1,0,0000000,15,48,15,56,16,48,0,0,0,1,0
23,230043,1,1,0,1,3,9997,10,6,2010,5,11,30,1,1,1,I-95,,0,45.84643889,-68.430319440,0,24,0,0,1,1,3,0,1,1,0,1,0,0000000,11,44,11,54,12,44,0,0,0,1,0
23,230044,1,1,0,1,5,2700,17,6,2010,5,23,10,0,6,6,134 BLACKSTRAP ROAD,,0,43.73395556,-70.315247220,0,42,0,0,1,1,6,0,2,1,0,1,0,0000000,23,13,23,24,88,88,0,0,0,1,0
23,230045,1,1,0,1,1,7199,27,6,2010,1,14,10,0,4,3,SR-126,,0,44.10903611,-70.116891670,0,17,0,0,1,1,6,0,1,1,0,1,0,0000000,14,11,14,16,88,88,0,0,0,1,0
23,230046,1,1,0,2,19,4348,1,7,2010,5,19,3,0,4,3,SR-6,,0,45.37626667,-68.225697220,0,34,0,0,1,1,6,0,1,1,0,1,0,0000000,19,5,19,17,19,50,0,0,0,1,1
23,230047,1,1,0,1,31,6025,24,4,2010,7,3,52,0,6,6,1576 NORTH ROAD,,0,43.73786389,-70.851775000,0,42,0,0,1,1,6,0,2,1,0,1,0,0000000,3,53,4,4,88,88,0,0,0,1,1
23,230048,2,2,0,3,21,6010,15,6,2010,3,15,0,0,4,3,SR-150,,0,45.06151667,-69.458400000,0,12,7,0,1,1,6,0,1,1,0,1,0,0000000,15,10,15,20,16,10,0,0,0,1,0
23,230049,1,1,0,1,27,5607,29,6,2010,3,22,19,0,4,3,SR-52,,0,44.37857500,-69.033927780,0,34,0,0,1,1,6,0,2,1,0,1,0,0000000,22,19,22,34,88,88,0,0,0,1,1
23,230050,2,2,0,2,17,1075,19,6,2010,7,18,20,0,4,3,SR-113,,0,43.90667500,-70.846022220,0,12,1,0,1,1,1,0,1,10,0,10,0,0000000,18,22,18,38,18,54,0,0,0,1,0
23,230051,1,1,0,1,25,2650,5,7,2010,2,10,13,0,4,3,SR-201,,0,44.71984444,-69.785241670,0,34,0,0,1,1,6,0,1,1,0,1,0,0000000,10,13,10,17,88,88,0,0,0,1,1
23,230052,1,1,0,1,5,7850,8,7,2010,5,12,1,0,3,3,SR-113,,0,43.73172500,-70.585700000,0,53,0,0,1,1,6,0,1,1,0,1,0,0000000,12,1,12,9,88,88,0,0,0,1,0
23,230053,1,1,0,3,31,9800,11,7,2010,1,23,20,1,1,1,I-95,,0,43.15422778,-70.671100000,0,11,0,0,1,1,1,0,2,2,0,2,0,0000000,23,20,23,25,23,53,0,0,0,1,0
23,230054,1,1,0,1,25,20,17,7,2010,7,23,24,0,6,6,BROWN HILL ROAD,,0,44.81314167,-69.990719440,0,17,0,0,1,1,6,0,2,10,0,10,0,0000000,23,29,23,39,88,88,0,0,0,1,1
23,230055,2,2,0,2,27,8560,7,7,2010,4,5,0,0,3,2,US-202,,0,44.54815556,-69.392738890,0,12,2,0,1,1,1,0,4,10,0,10,0,0000000,5,27,5,38,6,30,0,0,0,1,0
23,230056,2,2,0,4,17,4690,24,7,2010,7,14,25,0,4,3,SR-5,WESTWAY ROAD,0,44.21340278,-70.880097220,0,12,1,1,2,4,1,0,1,10,0,10,0,0000000,14,30,14,41,15,25,0,0,0,1,0
23,230057,1,1,0,1,11,5700,6,5,2010,5,10,45,0,6,6,HIGH STREET,,0,44.55537222,-69.737863890,0,30,0,0,1,1,6,0,1,1,0,1,0,0000000,10,47,10,52,88,88,0,0,0,1,0
23,230058,2,2,0,6,31,7250,15,7,2010,5,20,25,0,6,6,140 NEW DAM ROAD,,0,43.43366389,-70.721741670,0,12,2,0,1,1,1,0,5,1,0,1,0,0000000,20,25,20,31,21,15,0,0,0,1,0
23,230059,1,1,0,1,31,7250,23,7,2010,6,0,6,0,6,6,1 CARPENTER STREET,,0,43.46893056,-70.785683330,0,42,0,0,1,1,6,0,3,1,0,1,0,0000000,0,11,0,14,88,88,0,0,0,1,1
23,230060,1,1,0,1,15,4025,19,6,2010,7,6,44,0,3,3,SR-213,,0,44.11519722,-69.521913890,0,53,0,0,1,1,6,0,4,1,0,1,0,0000000,6,45,6,52,88,88,0,0,0,1,0
23,230061,2,2,0,2,3,1500,21,6,2010,2,14,0,0,3,2,US-1,,0,46.81339444,-67.996444440,0,12,1,0,1,1,1,1,1,1,0,1,0,0000000,14,18,14,23,14,45,0,0,0,1,0
23,230062,2,2,0,2,5,950,2,8,2010,2,17,25,0,3,2,US-302,,0,44.00090278,-70.663977780,0,1,0,0,1,1,4,0,1,1,0,1,0,0000000,17,25,17,30,18,5,0,0,0,1,1
23,230063,2,2,0,2,1,4350,2,8,2010,2,18,48,0,3,3,SR-196,,0,44.07716389,-70.188816670,0,12,6,0,4,1,1,0,1,1,0,1,0,0000000,18,50,18,54,19,6,0,0,0,2,0
23,230064,1,1,0,1,1,2214,8,6,2010,3,16,15,0,6,6,QUAKER MEETING ROAD,,0,43.93987222,-70.068913890,0,17,0,0,1,1,6,0,1,1,0,1,0,0000000,16,17,16,26,88,88,0,0,0,1,0
23,230065,2,2,0,3,23,8350,12,8,2010,5,3,59,0,6,6,MEADOW ROAD,,0,43.95414722,-69.972094440,0,12,2,0,1,1,1,0,2,1,0,1,0,0000000,4,15,4,22,5,1,0,0,0,2,1
23,230066,2,2,0,3,19,1720,14,8,2010,7,11,10,0,3,3,SR-9,,0,44.82044722,-68.467000000,0,12,2,0,1,1,1,0,1,1,0,1,0,0000000,11,13,11,33,12,8,0,0,0,1,0
23,230067,1,1,0,1,9,3037,15,6,2010,3,0,10,0,3,3,SR-142,,0,44.62517500,-70.475236110,0,31,0,0,1,1,6,0,2,1,0,1,0,0000000,0,35,0,54,88,88,0,0,0,1,1
23,230068,1,1,0,1,25,1824,5,8,2010,5,0,0,0,6,6,MOLUNKUS ROAD,,0,44.81052222,-69.714002780,0,1,0,0,1,1,4,0,2,1,0,1,0,0000000,0,6,0,14,88,88,0,0,0,1,1
23,230069,1,1,0,2,31,7200,15,8,2010,1,1,50,1,1,1,I-95,,0,43.49882222,-70.488366670,0,1,0,1,5,1,4,0,3,1,0,1,0,0000000,1,55,2,3,88,88,0,0,0,1,1
23,230070,2,2,0,2,7,9100,12,6,2010,7,21,43,1,2,2,US-2,,0,44.58111389,-70.222891670,0,12,6,0,4,1,1,0,5,1,0,1,0,0000000,21,43,21,47,88,88,0,0,0,1,0
23,230071,2,2,0,3,31,10,13,8,2010,6,16,23,0,3,3,SR-111,SACO ROAD,0,43.47571944,-70.709552780,0,12,2,1,2,4,1,0,1,1,0,1,0,0000000,16,23,16,25,17,23,0,0,0,1,0
23,230072,2,2,0,2,31,7200,27,7,2010,3,20,38,0,3,2,US-1,MILL BROOK ROAD,0,43.50150000,-70.442791670,0,12,6,1,2,2,1,0,3,1,0,1,0,0000000,20,39,20,46,88,88,0,0,0,1,0
23,230073,1,1,0,2,7,2750,3,7,2010,7,23,35,0,6,6,MOSHER HILL ROAD,,0,44.70270278,-70.108994440,0,31,0,0,1,1,6,0,2,1,0,1,0,0000000,12,43,12,50,88,88,0,0,0,2,1
23,230074,1,1,0,3,29,172,10,7,2010,7,3,45,0,6,6,SO PRINCETON ROAD,,0,45.08618611,-67.502833330,0,42,0,0,1,1,6,0,2,1,0,1,0,0000000,3,54,4,3,4,28,0,0,0,1,1
23,230075,1,1,1,1,31,7200,11,7,2010,1,9,42,0,4,3,SR-1,CLEVELAND STREET,0,43.50349167,-70.440216670,0,8,0,0,3,3,1,0,1,1,0,1,0,0000000,9,43,9,45,10,8,0,0,0,1,0
23,230076,2,2,0,4,31,30,15,7,2010,5,12,48,0,2,3,SR-111,,0,43.47852222,-70.588961110,0,12,2,0,1,1,1,0,1,1,0,1,0,0000000,12,51,12,56,13,24,0,0,0,1,0
23,230077,1,1,0,1,3,5459,8,7,2010,5,13,15,0,4,3,SR-161,,0,46.93526111,-68.123475000,0,32,0,0,1,1,6,0,1,1,0,1,0,0000000,13,15,13,31,13,59,0,0,0,1,0
23,230078,1,1,0,1,29,4700,2,8,2010,2,10,25,0,6,6,SOUTH LUBEC ROAD,,0,44.82440278,-66.993169440,0,34,0,0,1,1,6,0,1,1,0,1,0,0000000,10,27,10,32,11,0,0,0,0,1,1
23,230079,1,1,0,1,5,7265,31,7,2010,7,3,55,0,6,6,HAIGIS PARKWAY,,0,43.58399722,-70.361422220,0,30,0,0,1,1,6,0,2,1,0,1,0,0000000,3,56,3,59,4,20,0,0,0,1,0
23,230080,1,1,0,3,5,1540,29,8,2010,1,1,11,0,4,3,SR-11,,0,43.98620833,-70.488280560,0,17,0,0,1,1,6,0,2,1,0,1,0,0000000,99,99,99,99,99,99,20,0,0,2,1
23,230081,2,2,0,2,1,5050,10,7,2010,7,22,7,0,4,3,SR-121,,0,44.11070000,-70.390005560,0,12,6,0,8,1,1,0,3,1,0,1,0,0000000,22,7,22,15,22,41,0,0,0,1,0
23,230082,1,1,0,1,11,5700,2,7,2010,6,18,27,0,4,3,SR-137,,0,44.54534167,-69.696663890,0,33,0,0,1,1,5,0,1,1,0,1,0,0000000,99,99,99,99,88,88,0,0,0,1,0
23,230083,2,2,0,2,19,830,4,8,2010,4,16,20,0,6,6,130 TEN ROAD,,0,44.90561667,-68.598975000,0,32,0,0,1,1,5,0,1,1,0,1,0,0000000,16,19,16,31,17,19,0,0,0,1,0
23,230084,1,1,0,2,31,8905,10,7,2010,7,10,46,0,4,3,SR-109,,0,43.32723889,-70.618744440,0,42,0,0,1,1,6,0,1,1,0,1,0,0000000,10,47,10,56,11,27,0,0,0,1,0
23,230085,2,2,0,4,29,172,22,7,2010,5,15,2,0,3,2,US-1,,0,45.12641111,-67.323961110,0,12,2,0,1,1,1,0,1,10,0,10,0,0000000,15,2,15,6,15,52,0,0,0,1,0
23,230086,1,1,1,1,5,9119,31,7,2010,7,14,50,0,15,6,RIVER ROAD,,0,43.70281667,-70.377216670,0,8,0,0,1,1,1,0,1,1,0,1,0,0000000,14,54,15,2,15,30,0,0,0,1,0
23,230087,2,2,0,2,5,2700,27,8,2010,6,19,11,0,6,6,281 MIDDLE ROAD,,0,43.73445278,-70.237227780,0,12,2,0,1,1,1,0,5,1,0,1,0,0000000,19,12,19,14,88,88,0,0,0,1,1
23,230088,2,2,0,2,5,3608,1,9,2010,4,11,9,0,6,6,TEMPLE HILL ROAD,BOLSTERS MILL ROAD,0,44.14692500,-70.632991670,0,12,6,1,2,2,6,0,1,1,0,1,0,0000000,11,12,11,22,88,88,0,0,0,1,0
23,230089,1,1,0,1,29,3607,2,9,2010,5,21,29,0,3,2,US-1,,0,44.61607222,-67.851647220,0,30,0,0,1,1,6,0,2,1,0,1,0,0000000,22,40,22,42,88,88,0,0,0,1,1
23,230090,1,1,1,1,9,5860,28,7,2010,4,18,35,0,4,3,SR-1,NARRAMISIC DRIVE,0,44.57506111,-68.745575000,0,9,0,1,3,2,1,0,1,1,0,1,0,0000000,18,37,18,42,88,88,0,0,0,1,0
23,230091,1,1,0,1,29,8340,17,8,2010,3,18,27,0,4,3,SR-6,,0,45.43550278,-67.708569440,0,34,0,0,1,1,6,0,2,1,0,1,0,0000000,18,31,18,46,88,88,0,0,0,1,1
23,230092,1,1,0,1,9,3037,14,7,2010,4,8,9,0,4,3,SR-182,,0,44.60843611,-68.203211110,0,52,0,0,1,1,6,0,1,2,0,2,0,0000000,8,13,8,23,8,55,0,0,0,1,0
23,230093,3,2,0,3,11,420,9,7,2010,6,21,10,0,4,3,SR-27,CENTER DRIVE,0,44.51939722,-69.879141670,0,12,6,0,2,3,1,0,5,1,0,1,0,0000000,21,10,21,10,22,10,0,0,0,1,0
23,230094,3,3,0,4,17,6353,29,8,2010,1,18,4,0,4,3,SR-160,,0,43.80758889,-70.889283330,0,12,2,0,1,1,1,0,1,1,0,1,0,0000000,18,7,18,28,19,26,0,0,0,1,1
23,230095,1,1,0,2,31,8905,11,9,2010,7,0,39,0,6,6,TATNIC ROAD,,0,43.27170556,-70.598144440,0,39,0,0,1,1,6,0,2,1,0,1,0,0000000,0,38,0,48,1,20,0,0,0,2,0
23,230096,2,2,0,4,9,1959,14,9,2010,3,16,0,0,4,3,SR-1A,,0,44.72758889,-68.622150000,0,12,2,0,1,1,1,0,1,1,0,1,0,0000000,16,1,16,8,17,0,0,0,0,3,0
23,230098,1,1,0,3,3,5440,19,9,2010,1,19,28,0,3,2,US-2,,0,46.12560556,-67.939625000,0,11,0,0,1,1,1,0,2,1,0,1,0,0000000,19,29,19,35,20,10,0,0,0,1,0
23,230099,2,2,0,2,5,9700,6,10,2010,4,15,48,1,1,1,I-295,,0,43.78745278,-70.186072220,0,12,6,0,1,1,1,0,1,2,0,2,0,0000000,15,49,15,59,16,34,0,0,0,1,0
23,230100,1,1,1,1,19,250,12,10,2010,3,18,1,0,3,2,US-2,NORTH HILDRETH RD,0,44.79511389,-68.837672220,0,8,0,0,3,2,1,0,5,1,0,1,0,0000000,18,3,18,7,18,52,0,0,0,1,0
23,230101,1,1,0,1,19,9997,30,8,2010,2,11,4,1,1,1,I-95 SB,,0,45.85128333,-68.426886110,0,24,0,0,1,1,3,0,1,1,0,1,0,0000000,11,5,11,18,88,88,0,0,0,1,0
23,230102,2,2,0,5,17,1180,19,10,2010,3,19,48,0,4,3,SR-124,SR-117,0,44.26874444,-70.324086110,0,12,6,0,2,2,1,0,2,1,0,1,0,0000000,19,52,19,54,20,44,0,0,0,1,0
23,230103,1,1,0,1,9,8115,15,10,2010,6,21,45,0,6,6,NEWBURY NECK ROAD,,0,44.44407500,-68.466969440,0,42,0,0,1,1,6,0,2,2,0,2,0,0000000,7,2,7,11,88,88,0,0,0,1,0
23,230104,1,1,0,1,25,5342,20,10,2010,4,13,21,0,2,3,SR-201,,0,45.07158056,-69.890213890,0,24,0,0,1,1,4,0,1,1,0,1,0,0000000,13,23,13,27,88,88,0,0,0,1,0
23,230105,2,2,0,3,25,2650,20,10,2010,4,17,20,0,4,3,SR-139,,0,44.58814444,-69.595041670,0,12,8,0,1,1,1,0,1,1,0,1,0,0000000,17,19,17,26,18,20,0,0,0,2,0
23,230106,2,2,0,3,19,5450,20,10,2010,4,7,48,0,3,2,US-2,ELM STREET,0,44.83554444,-69.271375000,0,12,6,0,2,3,1,0,1,1,0,1,0,0000000,7,57,8,15,9,0,0,0,0,1,0
23,230107,1,1,0,4,5,3608,21,10,2010,5,20,22,0,4,3,SR-35,,0,44.02139722,-70.617800000,0,42,0,0,1,1,6,0,2,10,0,10,0,0000000,20,20,20,40,21,3,0,0,0,1,0
23,230108,1,1,1,1,31,10,13,10,2010,4,7,50,0,6,6,SACO ROAD,KENNEBUNK ROAD,0,43.47640556,-70.716333330,0,8,0,0,3,4,1,0,1,1,0,1,0,0000000,7,57,7,59,8,29,0,0,0,1,0
23,230109,1,1,1,1,7,5455,21,9,2010,3,7,27,0,4,3,SR-134,,0,44.59181111,-70.033550000,0,8,0,0,1,1,1,0,4,1,0,1,0,0000000,7,30,7,43,88,88,0,0,0,1,0
23,230110,1,1,0,2,9,6130,24,10,2010,1,0,10,0,4,3,SR-166,,0,44.44824167,-68.780680560,0,42,0,0,1,1,6,0,2,1,0,1,0,0000000,0,27,0,30,1,12,0,0,0,1,1
23,230111,1,1,0,1,29,172,6,11,2010,7,21,41,0,4,2,US-1,,0,45.12635000,-67.324305560,0,35,0,0,1,1,6,0,3,1,0,1,0,0000000,21,45,21,50,88,88,0,0,0,1,1
23,230112,1,1,1,2,11,160,9,11,2010,3,10,34,0,4,2,US- 201,WILLOW STREET,0,44.31856667,-69.766788890,0,8,0,0,3,4,1,0,1,1,0,1,0,0000000,10,36,10,38,10,43,0,0,0,1,0
23,230113,1,1,0,2,1,80,22,10,2010,6,21,48,0,6,6,47 STONE ROAD,,0,44.18072778,-70.239458330,0,42,0,0,1,1,6,0,2,1,0,1,0,0000000,22,10,22,11,22,28,0,0,0,1,0
23,230114,1,1,0,4,27,7300,16,9,2010,5,15,37,0,2,3,SR-3,,0,44.46245556,-68.906763890,0,42,0,0,1,1,6,0,1,1,0,1,0,0000000,15,38,15,39,16,11,0,0,0,2,0
23,230115,1,1,0,3,13,3712,8,11,2010,2,22,44,0,5,6,BARNESTOWN ROAD,,0,44.25153056,-69.154730560,0,42,0,0,1,1,6,0,2,1,0,1,0,0000000,22,45,22,54,88,88,0,0,0,3,1
23,230116,1,1,0,5,5,5433,15,11,2010,2,18,20,1,1,1,I-95 SB,,0,43.90076389,-70.337016670,0,42,0,0,1,1,6,0,2,2,0,2,0,0000000,18,28,18,39,18,50,0,0,0,1,0
23,230117,1,1,0,2,19,250,16,11,2010,3,15,42,0,6,6,1786 ESSEX STREET,,0,44.86146667,-68.775013890,0,42,0,0,1,1,6,0,1,1,0,1,0,0000000,15,43,15,47,16,30,0,0,0,2,1
23,230118,1,1,0,2,19,3425,13,11,2010,7,19,15,0,6,6,CARDVILLE ROAD,,0,45.03550278,-68.596572220,0,42,0,0,1,1,6,0,2,1,0,1,0,0000000,19,16,19,33,20,10,0,0,0,1,0
23,230119,2,2,0,2,3,3055,30,10,2010,7,14,9,0,6,6,PARADIS AVENUE,,0,47.25756389,-68.383797220,0,12,1,0,1,1,1,0,1,1,0,1,0,0000000,14,17,14,28,15,3,0,0,0,1,1
23,230120,2,2,0,4,5,6410,16,11,2010,3,6,53,0,3,6,SKYLINE DRIVE,,0,43.64874722,-70.328463890,0,12,7,0,1,1,1,0,4,2,0,2,0,0000000,7,5,7,9,88,88,0,0,0,1,0
23,230121,1,1,0,1,15,5430,26,10,2010,3,14,51,1,2,2,US-1,,0,44.00497778,-69.609547220,0,42,0,0,1,1,6,0,9,99,0,99,0,0000000,88,88,88,88,88,88,0,0,0,1,1
23,230122,2,2,0,5,7,9997,6,9,2010,2,10,5,0,4,3,SR-142,WEST SIDE ROAD,0,44.80522500,-70.326233330,0,12,6,0,2,2,1,0,1,1,0,1,0,0000000,10,9,10,12,10,50,0,0,0,1,0
23,230123,1,1,0,1,5,9000,21,11,2010,1,2,35,0,3,6,250 WARREN AVENUE,,0,43.68525278,-70.344686110,0,42,0,0,1,1,6,0,3,1,0,1,0,0000000,2,41,2,45,88,88,0,0,0,1,1
23,230124,1,1,0,1,23,8350,29,11,2010,2,14,30,1,1,1,I-295,,0,43.94555833,-69.976644440,0,42,0,0,1,1,6,0,1,1,0,1,0,0000000,14,30,14,35,14,55,0,0,0,1,0
23,230125,1,1,1,1,11,160,8,12,2010,4,6,50,0,15,6,44 SEWELL STREET,,0,44.31279444,-69.782580560,0,8,0,0,4,1,1,0,1,1,0,1,0,0000000,6,51,6,54,88,88,0,0,0,1,0
23,230126,2,2,0,2,15,800,18,10,2010,2,9,25,0,4,3,SR-27,MCKOWN POINT ROAD,0,43.84591667,-69.649630560,0,12,6,0,2,2,1,0,1,1,0,1,0,0000000,9,29,9,32,9,50,0,0,0,1,0
23,230127,1,1,0,2,27,8360,5,12,2010,1,17,33,0,4,2,US-202,,0,44.66297500,-69.258327780,0,24,0,0,1,1,6,0,2,3,0,3,0,0000000,17,35,17,58,18,30,0,0,0,1,1
23,230128,1,1,0,1,17,3100,17,12,2010,6,22,10,0,4,3,SR-5,,0,43.97786944,-70.926361110,0,34,0,0,1,1,6,0,2,1,0,1,0,0000000,22,18,22,30,88,88,0,0,0,1,1
23,230129,2,2,0,3,11,1651,29,10,2010,6,8,15,0,4,3,SR-226,,0,44.25350000,-69.713830560,0,12,2,0,1,1,1,0,1,1,0,1,0,0000000,8,17,8,25,8,43,0,0,0,1,0
23,230130,1,1,0,1,1,7199,20,10,2010,4,12,58,0,6,6,MARSH ROAD,,0,44.11766389,-70.026425000,0,31,0,0,1,1,6,0,1,1,0,1,0,0000000,12,59,13,10,88,88,0,0,0,1,0
23,230131,1,1,0,1,3,1758,20,12,2010,2,15,5,0,4,6,JEMTLAND ROAD,,0,47.01291667,-68.063563890,0,42,0,0,1,1,6,0,1,10,0,10,0,0000000,15,14,15,21,88,88,0,0,0,1,1
23,230132,1,1,0,2,9,8355,22,11,2010,2,18,0,0,99,8,SEAL COVE BOAT RAMP,,0,44.28177222,-68.407830560,0,43,0,0,1,1,6,0,3,5,0,5,0,0000000,7,30,7,50,88,88,0,0,0,2,0
23,230133,2,2,0,2,31,4750,9,11,2010,3,17,10,0,6,6,604 CLARKS WOOD RD,,0,43.52950833,-70.655650000,0,12,2,0,1,1,1,0,5,2,0,2,0,0000000,17,23,17,30,18,30,0,0,0,1,0