STATE,ST_CASE,VE_TOTAL,VE_FORMS,PEDS,PERSONS,COUNTY,CITY,DAY,MONTH,YEAR,DAY_WEEK,HOUR,MINUTE,NHS,ROAD_FNC,ROUTE,TWAY_ID,TWAY_ID2,MILEPT,LATITUDE,LONGITUD,SP_JUR,HARM_EV,MAN_COLL,RELJCT1,RELJCT2,TYP_INT,REL_ROAD,WRK_ZONE,LGT_COND,WEATHER1,WEATHER2,WEATHER,SCH_BUS,RAIL,NOT_HOUR,NOT_MIN,ARR_HOUR,ARR_MIN,HOSP_HR,HOSP_MN,CF1,CF2,CF3,FATALS,DRUNK_DR
23,230134,3,3,0,4,31,1958,30,11,2010,3,9,59,0,4,3,SR-5,SR-35,0,43.54456667,-70.592650000,0,12,1,0,2,2,1,0,1,10,0,10,0,0000000,10,2,10,6,10,39,0,0,0,1,0
23,230135,1,1,0,1,5,1851,11,10,2010,2,17,12,0,6,6,PLEASANT VALLEY ROAD,,0,43.82313333,-70.278166670,0,1,0,0,1,1,1,0,1,1,0,1,0,0000000,17,14,17,18,17,48,0,0,0,1,0
23,230136,2,2,0,5,3,6450,28,12,2010,3,18,4,1,2,2,US-1,,0,46.70461667,-68.008288890,0,12,2,0,1,1,1,0,2,6,0,6,0,0000000,18,2,18,8,18,50,0,0,0,1,0
23,230137,1,1,0,1,31,30,1,11,2010,2,4,58,0,4,2,US-1,,0,43.39295000,-70.533255560,0,30,0,0,1,1,6,0,2,1,0,1,0,0000000,5,2,5,7,88,88,0,0,0,1,0
23,230138,1,1,0,1,25,1490,28,4,2010,4,15,20,1,2,2,US-201,,0,45.22461111,-69.999388890,0,59,0,0,1,1,6,0,1,2,0,2,0,0000000,15,23,15,36,16,36,0,0,0,1,0
23,230139,2,1,0,2,31,5750,12,12,2010,1,19,15,0,6,6,208 TEMPLE AVENUE,,0,43.50728889,-70.405625000,0,14,0,0,1,1,6,0,3,2,0,2,0,0000000,19,21,19,27,20,23,0,0,0,1,0
23,230140,1,1,1,1,5,1150,13,12,2010,2,18,14,0,15,3,SR-24,,0,43.89708889,-69.907722220,0,8,0,0,1,1,1,0,2,2,0,2,0,0000000,18,18,18,21,19,3,0,0,0,1,0
23,230141,1,1,0,1,31,8905,26,12,2010,1,19,15,0,6,6,WIRE ROAD,,0,43.36961944,-70.634450000,0,42,0,0,1,1,6,0,2,4,0,4,0,0000000,19,17,19,20,20,0,0,0,0,1,0
23,230142,1,1,0,1,27,8360,15,12,2010,4,10,55,0,4,2,US-202,,0,44.66291389,-69.258069440,0,30,0,0,1,1,6,0,1,4,0,4,0,0000000,10,58,11,10,88,88,0,0,0,1,0
23,230143,2,2,0,2,1,80,14,12,2010,3,6,22,0,4,3,SR-121,,0,44.08869444,-70.233708330,0,12,2,0,1,1,1,0,2,10,0,10,0,0000000,6,22,6,30,7,21,0,0,0,1,0
23,230144,2,2,0,3,27,9997,15,12,2010,4,7,45,0,6,6,BAILEYVILLE ROAD,,0,44.52661944,-69.236527780,0,12,6,0,1,1,1,0,1,4,0,4,0,0000000,7,55,8,6,88,88,0,0,0,2,0
23,230145,1,1,0,1,7,9100,22,12,2010,4,18,27,1,2,2,US-2,,0,44.58093056,-70.222550000,0,34,0,0,1,1,6,0,2,4,0,4,0,0000000,18,28,18,33,19,0,0,0,0,1,0
24,240001,1,1,1,1,47,1230,2,1,2010,7,19,46,1,2,2,US-13,SR-756,54,38.07512222,-75.558300000,0,9,0,0,3,2,1,0,2,1,0,1,0,0000000,99,99,99,99,99,99,0,0,0,1,0
24,240002,1,1,1,3,3,0,1,1,2010,6,1,59,0,14,4,CO-2930,,0,38.94728611,-76.487180560,0,8,0,0,1,1,1,0,2,5,0,5,0,0000000,99,99,99,99,88,88,0,0,0,1,0
24,240003,3,3,0,3,35,0,5,1,2010,3,17,42,1,2,2,US-301,SR-304,205,39.02758611,-76.026419440,0,12,6,0,2,2,1,0,3,1,0,1,0,0000000,17,42,17,51,18,43,0,0,0,1,0
24,240004,2,1,1,1,5,0,11,1,2010,2,10,0,1,11,1,I-695,,57,39.28708056,-76.739675000,0,8,0,1,19,1,2,0,1,1,0,1,0,0000000,99,99,99,99,88,88,0,0,0,1,0
24,240005,1,1,1,1,5,0,13,1,2010,4,18,24,0,13,2,US-40,,191,39.35401111,-76.453086110,0,8,0,0,1,1,1,4,3,1,0,1,0,0000000,99,99,99,99,88,88,0,0,0,1,0
24,240006,1,1,0,1,31,0,19,1,2010,3,22,49,0,4,3,SR-107,,35,39.12566667,-77.356280560,0,42,0,0,1,1,6,0,2,1,0,1,0,0000000,99,99,99,99,88,88,0,0,0,1,1
24,240007,1,1,0,1,31,0,20,1,2010,4,0,50,0,14,3,SR-191,PEMBROKE RD,53,38.97819444,-77.109216670,0,43,0,0,2,4,6,0,3,1,0,1,0,0000000,99,99,99,99,99,99,0,0,0,1,1
24,240008,2,2,0,2,17,0,21,1,2010,5,19,7,1,2,2,US-301,CO-117,174,38.56615278,-76.983519440,0,12,6,0,2,3,1,0,2,4,0,4,0,0000000,99,99,99,99,99,99,0,0,0,1,0
24,240009,1,1,1,1,31,0,23,1,2010,7,18,5,0,13,3,SR-97,,42,39.05290278,-77.050969440,0,8,0,0,1,1,1,0,3,1,0,1,0,0000000,99,99,99,99,99,99,0,0,0,1,1
24,240010,1,1,1,1,31,0,26,1,2010,3,9,51,0,16,6,FIRSTFIELD RD,,9,39.14492222,-77.219263890,0,8,0,0,1,1,1,0,1,1,0,1,0,0000000,99,99,99,99,99,99,0,0,0,1,0
24,240011,1,1,0,2,37,0,29,1,2010,6,13,31,9,99,9,FERGUSON RD,,0,38.36336389,-76.563044440,0,42,0,0,1,1,6,0,1,1,0,1,0,0000000,13,36,13,47,14,2,0,0,0,1,0
24,240012,1,1,1,1,43,0,30,1,2010,7,12,22,0,13,2,US-40,,379,39.62566111,-77.698219440,0,8,0,0,1,1,1,0,1,2,0,2,0,0000000,99,99,99,99,88,88,0,0,0,1,0
24,240013,1,1,1,1,25,0,1,2,2010,2,23,47,0,14,3,SR-7,,106,39.49073611,-76.209144440,0,8,0,0,1,1,1,0,2,1,0,1,0,0000000,99,99,99,99,88,88,0,0,0,1,0
24,240014,1,1,1,1,5,0,1,2,2010,2,23,54,0,13,2,US-40,,38,39.29173889,-76.711552780,0,8,0,0,1,1,1,0,2,1,0,1,0,0000000,99,99,99,99,99,99,0,0,0,1,0
24,240015,1,1,0,5,43,0,12,2,2010,6,3,58,1,11,1,I-81,,49,39.63245556,-77.771863890,0,24,0,0,1,1,3,0,2,1,0,1,0,0000000,99,99,99,99,99,99,0,0,0,1,1
24,240016,2,2,0,5,15,0,17,2,2010,4,1,45,0,13,2,US-40,CO-214,164,39.60228333,-75.800472220,0,12,6,0,2,2,1,0,6,1,0,1,0,0000000,99,99,99,99,99,99,0,0,0,2,1
24,240017,1,1,0,1,13,0,24,2,2010,4,99,99,0,5,4,CO-12,,0,39.62056667,-77.247705560,0,42,0,0,1,1,6,0,2,1,0,1,0,0000000,21,40,22,3,22,36,0,0,0,1,1
24,240018,2,2,2,1,25,0,24,2,2010,4,23,20,1,11,1,I-95,,24,39.44799167,-76.327772220,0,12,1,0,1,1,1,0,2,1,0,1,0,0000000,99,99,99,99,99,99,19,0,0,1,0
24,240019,1,1,1,1,37,0,14,2,2010,1,18,44,0,6,4,CO-828,,4,38.50988333,-76.767750000,0,8,0,0,1,1,1,0,2,1,0,1,0,0000000,99,99,99,99,99,99,0,0,0,1,0
24,240020,1,1,1,1,33,0,17,2,2010,4,2,48,0,13,2,US-1,,119,39.07969167,-76.865311110,0,8,0,0,1,1,1,0,3,1,0,1,0,0000000,99,99,99,99,99,99,0,0,0,1,0
24,240021,2,2,0,3,31,0,11,2,2010,5,20,1,0,13,3,SR-28,HURLEY AVE,207,39.08916944,-77.178183330,0,12,6,0,2,2,1,0,3,1,0,1,0,0000000,99,99,99,99,99,99,0,0,0,1,1
24,240022,1,1,0,2,31,0,20,2,2010,7,23,20,0,16,4,CO-1302,,5,39.01187222,-76.980416670,0,42,0,0,1,1,6,0,3,1,0,1,0,0000000,99,99,99,99,99,99,0,0,0,1,1
24,240023,1,1,0,2,3,0,27,2,2010,7,6,19,1,12,3,SR-100,,39,39.14783611,-76.697530560,0,24,0,0,1,1,3,0,2,4,0,4,0,0000000,99,99,99,99,99,99,0,0,0,1,0
24,240024,2,2,0,3,13,0,6,3,2010,7,8,5,1,2,3,SR-140,BETHEL RD,50,39.53883333,-76.931075000,0,12,6,0,2,2,1,0,1,1,0,1,0,0000000,99,99,99,99,99,99,0,0,0,1,0
24,240025,1,1,1,1,510,50,3,1,2010,1,1,14,0,13,6,WABASH AVE,,0,39.34297778,-76.689700000,0,8,0,0,1,1,1,0,3,1,0,1,0,0000000,99,99,99,99,99,99,0,0,0,1,1
24,240026,1,1,0,1,43,0,1,1,2010,6,17,9,1,11,1,I-81,,82,39.67079444,-77.735480560,0,1,0,0,1,1,3,0,2,1,0,1,0,0000000,99,99,99,99,88,88,0,0,0,1,1
24,240027,1,1,1,1,31,0,17,1,2010,1,7,5,0,13,3,SR-97,,20,39.02210000,-77.045016670,0,8,0,0,1,1,1,0,1,2,0,2,0,0000000,99,99,99,99,99,99,0,0,0,1,0
24,240028,1,1,0,2,17,890,23,1,2010,7,20,12,0,3,3,SR-225,RIPELY PARK DR,8,38.54719167,-77.062150000,0,31,0,0,3,1,6,0,1,1,0,1,0,0000000,99,99,99,99,99,99,0,0,0,1,0
24,240029,1,1,0,1,5,0,6,3,2010,7,12,29,0,4,4,CO-298,,16,39.53926389,-76.550588890,0,42,0,0,1,1,6,0,1,1,0,1,0,0000000,12,31,12,36,99,99,0,0,0,1,0
24,240030,2,2,0,4,17,0,7,3,2010,1,14,42,1,2,3,SR-5,BILLINGSLEY RD,74,38.57501111,-76.862069440,0,12,6,1,2,3,1,0,1,1,0,1,0,0000000,99,99,99,99,99,99,0,0,0,1,0
24,240031,1,1,0,1,5,0,12,3,2010,6,11,57,0,15,4,CO-3140,,0,39.23012500,-76.686502780,0,33,0,0,1,1,4,0,1,2,0,2,0,0000000,99,99,99,99,88,88,0,0,0,1,0
24,240032,2,2,0,3,31,0,14,3,2010,1,4,18,0,3,3,SR-28,,98,39.12932778,-77.345358330,0,12,2,0,1,1,1,0,2,2,0,2,0,0000000,99,99,99,99,99,99,0,0,0,1,1
24,240033,2,2,0,3,510,50,21,1,2010,5,13,32,0,14,6,DUNDALK AVE,KANE STREET,0,39.28341111,-76.536941670,0,12,6,0,2,4,1,0,1,1,0,1,0,0000000,99,99,99,99,99,99,0,0,0,1,1
24,240034,2,1,0,5,25,0,5,2,2010,6,15,9,0,14,3,SR-462,,23,39.54879444,-76.167525000,0,14,0,0,1,1,2,0,1,1,0,1,0,0000000,15,19,15,25,16,22,0,0,0,1,0
24,240035,3,3,0,3,3,0,6,4,2010,3,0,33,0,13,3,SR-170,,75,39.18443611,-76.690663890,0,12,2,0,1,1,1,0,3,1,0,1,0,0000000,99,99,99,99,99,99,0,0,0,1,0
24,240036,1,1,1,1,33,710,6,3,2010,7,5,37,0,13,3,SR-193,,68,38.99470556,-76.880522220,0,8,0,0,1,1,1,0,3,1,0,1,0,0000000,99,99,99,99,88,88,0,0,0,1,0
24,240037,1,1,0,1,3,0,14,3,2010,1,7,20,1,12,3,SR-100,,19,39.12183611,-76.562819440,0,42,0,0,1,1,6,0,4,2,0,2,0,0000000,99,99,99,99,88,88,0,0,0,1,0
24,240038,2,2,0,3,5,0,7,1,2010,5,20,12,0,13,2,US-1,METROPOLITAN BLVD,3,39.22009444,-76.702875000,0,12,2,1,2,3,1,0,1,1,0,1,0,0000000,15,0,15,5,15,43,0,0,0,1,0
24,240039,2,2,0,3,510,50,27,2,2010,7,2,40,0,15,6,LINWOOD AVE,MCELDERRY ST,0,39.29800833,-76.576680560,0,12,6,0,2,2,1,0,3,4,0,4,0,0000000,99,99,99,99,99,99,0,0,0,1,1
24,240040,2,2,0,7,21,0,14,3,2010,1,13,27,1,2,2,US-15,C0-287,52,39.33851389,-77.508675000,0,12,1,0,3,2,1,0,1,2,0,2,0,0000000,99,99,99,99,99,99,0,0,0,1,0
24,240042,1,1,0,2,33,1558,4,2,2010,5,18,3,0,14,4,CO-123,,17,38.78210556,-76.924069440,0,42,0,0,1,1,6,0,1,1,0,1,0,0000000,99,99,99,99,99,99,0,0,0,1,0
24,240043,1,1,0,1,33,0,19,3,2010,6,3,39,1,2,2,US-301,,226,38.93521111,-76.717594440,0,34,0,0,1,1,3,0,2,1,0,1,0,0000000,99,99,99,99,88,88,0,0,0,1,1
24,240044,1,1,1,1,33,805,18,2,2010,5,5,52,1,12,3,SR-5,,150,38.85311111,-76.956611110,0,8,0,0,1,1,1,0,2,1,0,1,0,0000000,99,99,99,99,88,88,0,0,0,1,0
24,240045,1,1,1,1,510,50,17,2,2010,4,6,53,0,13,2,US-1,,0,39.32981667,-76.563527780,0,39,0,0,1,1,4,0,1,1,0,1,0,0000000,99,99,99,99,99,99,0,0,0,1,0
24,240046,3,3,0,6,31,0,6,3,2010,7,16,42,0,13,4,CO-5221,CO-7011,3,39.14750278,-77.169341670,0,12,6,0,2,2,1,0,1,1,0,1,0,0000000,99,99,99,99,99,99,0,0,0,1,0
24,240047,1,1,1,1,17,0,19,3,2010,6,22,44,1,2,2,US-301,,257,38.65277222,-76.879877780,0,8,0,0,1,1,1,0,3,1,0,1,0,0000000,99,99,99,99,99,99,0,0,0,1,0
24,240048,3,3,0,5,17,0,27,3,2010,7,17,44,1,2,2,US-301,,233,38.62806944,-76.909188890,0,12,7,0,1,1,1,0,1,1,0,1,0,0000000,17,49,18,2,18,38,0,0,0,1,0
24,240049,1,1,0,1,35,0,29,3,2010,2,19,10,0,4,3,SR-309,,71,38.99177222,-76.034916670,0,34,0,0,1,1,6,0,2,1,0,1,0,0000000,19,9,19,21,19,47,0,0,0,1,0
24,240050,2,2,0,2,13,0,31,3,2010,4,16,40,0,3,3,SR-31,MEDFORD RD,61,39.54965556,-77.055958330,0,12,6,0,2,2,1,0,1,1,0,1,0,0000000,16,44,16,52,17,13,0,0,0,1,0
24,240051,1,1,0,1,5,0,22,3,2010,2,7,1,0,14,4,CO-6781,,4,39.44325278,-76.820011110,0,1,0,0,1,1,1,0,1,2,0,2,0,0000000,7,1,7,4,7,40,0,0,0,1,0
24,240052,1,1,1,1,25,0,2,4,2010,6,21,50,0,13,2,US-40,CAROL AVE,122,39.49913889,-76.172075000,0,8,0,0,2,9,1,0,3,1,0,1,0,0000000,99,99,99,99,99,99,0,0,0,1,0
24,240053,1,1,0,1,45,0,3,4,2010,7,0,17,1,2,2,US-13,,8,38.40156944,-75.570208330,0,1,0,0,1,1,3,0,2,1,0,1,0,0000000,0,12,0,16,0,40,0,0,0,1,1
24,240054,2,2,0,2,21,0,5,4,2010,2,10,37,0,14,3,SR-75,OLD NEW MARKET RD,88,39.39143333,-77.261780560,0,12,6,0,2,3,1,0,1,1,0,1,0,0000000,99,99,99,99,88,88,0,0,0,1,0
24,240055,1,1,0,1,510,50,4,4,2010,1,17,25,1,11,1,I-83,,0,39.30558056,-76.612130560,0,39,0,0,1,1,4,0,1,1,0,1,0,0000000,99,99,99,99,88,88,0,0,0,1,1
24,240056,2,2,0,2,33,0,8,4,2010,5,9,56,0,13,3,SR-214,SR-193,67,38.90008333,-76.792375000,0,12,6,0,2,2,1,0,1,1,0,1,0,0000000,99,99,99,99,99,99,0,0,0,1,0
24,240057,1,1,0,1,15,0,11,4,2010,1,8,23,0,3,3,SR-272,,85,39.57690833,-75.943969440,0,1,0,0,1,1,5,0,1,1,0,1,0,0000000,99,99,99,99,88,88,0,0,0,1,0
24,240058,3,1,2,1,33,100,1,2,2010,2,20,10,0,14,3,SR-212,,53,39.02344444,-76.966930560,0,14,0,0,1,1,2,0,3,1,0,1,0,0000000,99,99,99,99,88,88,0,0,0,2,1
24,240059,1,1,0,1,33,0,15,2,2010,2,0,0,1,13,2,US-301,,14,38.81403056,-76.742763890,0,48,0,0,1,1,3,0,3,1,0,1,0,0000000,99,99,99,99,99,99,0,0,0,1,0
24,240060,3,3,0,4,33,1175,4,2,2010,5,14,59,0,13,3,SR-414,JOHN HANSON LANE,13,38.80529444,-76.975150000,0,12,6,0,2,2,1,0,1,1,0,1,0,0000000,99,99,99,99,99,99,0,0,0,1,0
24,240061,1,1,0,1,33,370,27,2,2010,7,6,55,0,13,2,US-1,,52,39.00097500,-76.931247220,0,33,0,0,1,1,5,0,4,1,0,1,0,0000000,99,99,99,99,99,99,0,0,0,1,0
24,240062,2,2,0,3,510,50,20,1,2010,4,23,36,0,13,6,E. MONUMENT STREET,N. KRESSON STREET,0,39.29971667,-76.560458330,0,12,6,0,2,2,1,0,3,1,0,1,0,0000000,99,99,99,99,99,99,0,0,0,2,2
24,240063,2,2,0,3,37,0,4,5,2010,3,18,24,1,2,3,SR-235,MERVELL DEAN RD,204,38.31283889,-76.534902780,0,12,6,0,2,2,1,0,1,1,0,1,0,0000000,18,25,18,32,18,45,0,0,0,1,0
24,240064,2,2,0,2,33,900,25,3,2010,5,2,21,0,13,2,US-1,CHERRY LANE,129,39.09163333,-76.857691670,0,12,6,0,2,2,1,0,3,2,0,2,0,0000000,99,99,99,99,99,99,0,0,0,1,0
24,240065,1,1,0,5,33,1400,25,3,2010,5,23,55,0,14,4,CO-366,JAMES FARMER WAY,0,38.89580000,-76.906036110,0,33,0,0,2,3,4,0,3,2,0,2,0,0000000,99,99,99,99,99,99,0,0,0,2,0
24,240066,1,1,0,2,33,900,6,3,2010,7,8,57,0,13,3,SR-197,,109,39.04855278,-76.830697220,0,42,0,0,1,1,6,0,1,1,0,1,0,0000000,99,99,99,99,99,99,0,0,0,1,0
24,240067,2,2,0,2,33,1400,17,3,2010,4,17,11,0,14,3,SR-704,ADDISON RD,2,38.89631111,-76.906355560,0,12,6,0,2,2,1,0,1,1,0,1,0,0000000,99,99,99,99,99,99,0,0,0,1,0
24,240068,1,1,2,1,5,0,6,4,2010,3,16,37,0,4,3,SR-128,,52,39.52149722,-76.766383330,0,9,0,0,1,1,1,0,1,1,0,1,0,0000000,16,37,16,57,17,56,0,0,0,1,0
24,240069,1,1,1,1,5,0,6,4,2010,3,19,5,0,14,2,US-40,,36,39.29139722,-76.716455560,0,8,0,0,1,1,1,0,1,1,0,1,0,0000000,99,99,99,99,88,88,0,0,0,1,0
24,240070,2,2,0,4,25,0,4,4,2010,1,10,15,0,15,4,CO-246,ATKISSON RD,17,39.47459722,-76.339102780,0,1,0,0,2,3,1,0,1,1,0,1,0,0000000,10,9,10,16,10,39,0,0,0,1,1
24,240071,2,2,0,2,5,0,8,4,2010,5,22,56,0,13,3,SR-45,,97,39.50092778,-76.650711110,0,12,6,0,1,1,1,0,2,2,0,2,0,0000000,22,58,23,1,99,99,0,0,0,1,0
24,240072,1,1,0,3,23,0,11,4,2010,1,13,52,1,11,1,I-68,,138,39.68228889,-79.239150000,0,1,0,0,1,1,5,0,1,1,0,1,0,0000000,99,99,99,99,99,99,0,0,0,2,0
24,240073,4,4,0,9,33,0,10,4,2010,7,13,22,0,14,3,SR-202,TECHNOLOGY WAY,83,38.90833333,-76.834913890,0,12,6,0,2,3,1,0,1,1,0,1,0,0000000,99,99,99,99,99,99,0,0,0,1,0
24,240074,1,1,0,3,5,0,5,4,2010,2,14,10,0,13,3,SR-140,,73,39.43998889,-76.805452780,0,33,0,0,1,1,4,0,1,1,0,1,0,0000000,14,10,14,14,15,0,0,0,0,1,0
24,240075,1,1,0,1,5,0,16,4,2010,6,13,14,0,13,3,SR-144,,5,39.26269722,-76.786494440,0,1,0,0,1,1,5,0,1,1,0,1,0,0000000,13,15,13,28,14,11,0,0,0,1,0
24,240076,1,1,0,1,33,0,16,4,2010,6,14,18,1,2,2,US-301,,226,38.92820000,-76.716586110,0,42,0,0,1,1,3,0,1,1,0,1,0,0000000,99,99,99,99,88,88,0,0,0,1,1
24,240077,3,3,0,3,25,0,16,4,2010,6,14,1,0,3,3,SR-165,CO-77,83,39.62711111,-76.474841670,0,12,6,0,2,2,1,0,1,1,0,1,0,0000000,99,99,99,99,99,99,0,0,0,1,0
24,240078,1,1,0,1,3,0,15,4,2010,5,10,46,1,11,1,I-895 SPUR,,0,39.20209722,-76.615477780,0,24,0,0,1,1,4,0,1,1,0,1,0,0000000,99,99,99,99,88,88,0,0,0,1,0
24,240079,1,1,0,1,13,0,17,4,2010,7,16,0,0,5,4,CO-283,,23,39.52734444,-77.055105560,0,42,0,0,1,1,5,0,1,1,0,1,0,0000000,15,56,16,3,16,32,0,0,0,1,1
24,240080,1,1,0,1,33,0,22,4,2010,5,19,54,0,13,3,SR-214 RAMP,,39,38.89160000,-76.844858330,0,24,0,1,5,1,4,0,1,1,0,1,0,0000000,99,99,99,99,88,88,0,0,0,1,0
24,240081,1,1,0,1,5,0,18,4,2010,1,4,1,0,13,3,SR-45,,110,39.52738056,-76.644875000,0,24,0,0,1,1,4,0,2,1,0,1,0,0000000,99,99,99,99,88,88,0,0,0,1,1
24,240082,2,2,0,3,15,0,24,4,2010,7,21,41,0,3,3,SR-213,,138,39.53386944,-75.811372220,0,12,6,0,1,1,1,0,2,2,0,2,0,0000000,21,40,21,52,22,34,0,0,0,1,0
24,240083,2,2,0,2,25,0,30,4,2010,6,18,33,0,13,2,US-40,,71,39.46157778,-76.252886110,0,12,7,0,1,1,1,0,1,1,0,1,0,0000000,18,42,18,50,19,19,0,0,0,1,0
24,240084,2,2,0,2,9,0,3,5,2010,2,18,19,0,4,3,SR-264,,0,38.41935000,-76.544419440,0,12,6,0,4,1,1,0,1,1,0,1,0,0000000,18,19,18,30,19,11,0,0,0,1,0
24,240085,1,1,0,4,1,0,4,5,2010,3,8,16,1,11,1,I-68,,211,39.71220556,-78.605719440,0,24,0,0,1,1,4,0,9,1,0,1,0,0000000,99,99,99,99,99,99,18,0,0,3,1
24,240086,2,2,4,4,510,50,16,1,2010,7,12,14,0,14,6,EUTAW ST,,0,39.29159722,-76.621141670,0,33,0,0,1,1,5,0,1,1,0,1,0,0000000,99,99,99,99,99,99,0,0,0,2,0
24,240087,3,2,0,3,27,0,19,4,2010,2,16,44,1,11,1,I-95,,33,39.15262778,-76.838377780,0,14,0,0,1,1,2,0,1,1,0,1,0,0000000,99,99,99,99,88,88,0,0,0,1,0
24,240088,2,2,0,3,17,0,6,5,2010,5,11,28,1,13,2,US-301,SR-234,57,38.40739722,-76.953477780,0,12,6,0,2,3,1,0,1,1,0,1,0,0000000,11,26,11,31,12,15,0,0,0,1,0
24,240089,2,2,0,3,3,0,7,4,2010,4,22,36,0,14,3,SR-174,,0,39.13614444,-76.665280560,0,12,2,0,1,1,1,0,3,1,0,1,0,0000000,99,99,99,99,99,99,0,0,0,3,1
24,240090,2,2,0,2,5,0,14,4,2010,4,8,30,0,5,4,RAPHEL ROAD,,0,39.43135278,-76.409052780,0,12,2,0,1,1,1,0,1,1,0,1,0,0000000,8,35,8,41,99,99,0,0,0,1,0
24,240091,1,1,1,1,15,0,26,4,2010,2,21,27,1,11,1,I-95,,74,39.62635000,-75.981275000,0,8,0,0,1,1,1,0,2,2,0,2,0,0000000,21,43,21,49,22,30,0,0,0,1,0
24,240092,2,2,0,2,5,0,27,4,2010,3,10,30,0,16,4,CO-6382,,5,39.34292778,-76.749780560,0,12,2,0,1,1,1,0,1,1,0,1,0,0000000,10,30,10,37,99,99,0,0,0,1,0
24,240093,2,2,0,4,17,0,2,5,2010,1,20,25,0,4,3,SR-224,BICKNELL RD,211,38.57299722,-77.157069440,0,12,6,0,2,2,1,0,1,1,0,1,0,0000000,20,24,20,37,21,5,0,0,0,1,1
24,240094,2,2,0,3,45,0,5,5,2010,4,3,10,1,2,2,US-50,,284,38.38446667,-75.373100000,0,12,2,0,1,1,1,0,3,1,0,1,0,0000000,3,19,3,27,3,54,0,0,0,2,1
24,240095,3,3,0,5,25,0,4,5,2010,3,20,54,1,2,2,US-1,WHITEFORD RD,143,39.63709167,-76.267647220,0,12,2,0,2,2,1,0,3,1,0,1,0,0000000,99,99,99,99,99,99,0,0,0,1,1
24,240096,1,1,0,1,510,50,6,3,2010,7,3,9,1,11,1,I-895,,0,39.30713889,-76.543122220,0,24,0,0,1,1,4,4,3,1,0,1,0,0000000,99,99,99,99,99,99,0,0,0,1,1
24,240097,2,2,0,2,510,50,20,2,2010,7,21,35,0,14,6,O'DONNELL ST,,0,39.28035278,-76.571316670,0,12,2,0,1,1,1,0,3,1,0,1,0,0000000,99,99,99,99,99,99,0,0,0,1,1
24,240098,1,1,0,1,27,0,27,3,2010,7,11,30,0,14,4,CO-1140,,11,39.17869722,-76.828852780,0,42,0,0,1,1,6,0,1,1,0,1,0,0000000,99,99,99,99,88,88,0,0,0,1,0
24,240099,2,2,0,4,27,0,3,3,2010,4,14,52,1,12,2,US-29,I-70 RAMP,0,39.29314167,-76.825483330,0,12,6,1,2,3,1,0,1,1,0,1,0,0000000,14,52,15,11,15,41,0,0,0,2,0
24,240100,1,1,0,4,510,50,22,3,2010,2,2,10,1,13,2,US-40,,0,39.29254444,-76.703902780,0,30,0,0,1,1,6,0,3,1,0,1,0,0000000,99,99,99,99,99,99,0,0,0,1,0
24,240101,1,1,0,3,510,50,2,1,2010,7,2,14,0,13,6,W. PATAPSCO AVE,,0,39.24322222,-76.630238890,0,43,0,0,1,1,3,0,3,1,0,1,0,0000000,99,99,99,99,99,99,0,0,0,1,1
24,240102,1,1,0,1,31,0,4,4,2010,1,2,21,0,13,4,CO-1659,,31,39.05955000,-77.061250000,0,31,0,0,1,1,4,0,3,1,0,1,0,0000000,99,99,99,99,99,99,0,0,0,1,0
24,240103,1,1,1,1,31,0,2,4,2010,6,5,54,0,3,3,SR-586,,38,39.05625000,-77.083158330,0,33,0,0,1,1,4,0,1,1,0,1,0,0000000,99,99,99,99,88,88,0,0,0,1,0
24,240104,1,1,0,1,31,0,11,4,2010,1,11,59,0,4,3,SR-121,,36,39.23241944,-77.284227780,0,1,0,0,1,1,6,0,1,1,0,1,0,0000000,99,99,99,99,88,88,0,0,0,1,0
24,240105,2,2,0,2,13,0,2,4,2010,6,8,47,0,3,3,SR-27,,105,39.48102500,-77.065530560,0,12,2,0,1,1,1,0,1,1,0,1,0,0000000,99,99,99,99,99,99,0,0,0,1,0
24,240106,3,3,0,4,37,0,26,4,2010,2,17,26,0,3,3,SR-234,CHAPTICO HILL LN,31,38.37269167,-76.796588890,0,12,1,0,2,3,1,0,1,2,0,2,0,0000000,17,27,17,40,18,27,0,0,0,1,0
24,240107,2,2,0,4,510,50,28,4,2010,4,11,40,0,14,6,GWYNN OAK AVE,BELLE AVE,0,39.33469444,-76.694011110,0,12,6,0,2,2,1,0,1,1,0,1,0,0000000,99,99,99,99,99,99,0,0,0,1,0
24,240108,1,1,0,1,3,0,1,5,2010,7,0,46,0,15,3,SR-648,,0,39.21661111,-76.644766670,0,39,0,0,1,1,5,0,3,1,0,1,0,0000000,99,99,99,99,88,88,0,0,0,1,1
24,240109,2,2,1,2,43,0,6,5,2010,5,1,20,0,3,3,SR-65,,9,39.47227778,-77.747541670,0,8,0,0,1,1,1,0,2,1,0,1,0,0000000,99,99,99,99,99,99,23,0,0,1,1
24,240110,2,2,0,2,21,0,6,5,2010,5,18,18,0,4,2,US-40,CO-692,6,39.53310833,-77.595147220,0,12,6,0,2,3,1,0,1,1,0,1,0,0000000,99,99,99,99,99,99,0,0,0,1,1
24,240111,1,1,0,1,11,0,8,5,2010,7,12,31,0,3,3,SR-313,,259,39.03231944,-75.786866670,0,30,0,0,1,1,6,0,1,6,0,6,0,0000000,99,99,99,99,88,88,0,0,0,1,1
24,240112,1,1,1,1,13,0,8,5,2010,7,12,31,0,5,4,CO-466,,2,39.54538611,-76.921891670,0,8,0,0,1,1,1,0,1,1,0,1,0,0000000,99,99,99,99,88,88,0,0,0,1,0