STATE,ST_CASE,VE_TOTAL,VE_FORMS,PEDS,PERSONS,COUNTY,CITY,DAY,MONTH,YEAR,DAY_WEEK,HOUR,MINUTE,NHS,ROAD_FNC,ROUTE,TWAY_ID,TWAY_ID2,MILEPT,LATITUDE,LONGITUD,SP_JUR,HARM_EV,MAN_COLL,RELJCT1,RELJCT2,TYP_INT,REL_ROAD,WRK_ZONE,LGT_COND,WEATHER1,WEATHER2,WEATHER,SCH_BUS,RAIL,NOT_HOUR,NOT_MIN,ARR_HOUR,ARR_MIN,HOSP_HR,HOSP_MN,CF1,CF2,CF3,FATALS,DRUNK_DR
24,240113,1,1,0,1,25,0,8,5,2010,7,15,7,0,6,3,SR-156,,0,39.55346111,-76.234088890,0,30,0,0,1,1,6,0,1,1,0,1,0,0000000,15,4,15,14,99,99,0,0,0,1,0
24,240114,1,1,0,2,31,0,11,5,2010,3,17,25,0,13,3,SR-97,,154,39.21356944,-77.061152780,0,53,0,0,1,1,6,0,1,2,0,2,0,0000000,99,99,99,99,99,99,0,0,0,1,0
24,240115,1,1,0,1,25,0,12,5,2010,4,14,24,0,16,4,CO-274,,17,39.49374167,-76.418666670,0,1,0,0,1,1,4,0,1,1,0,1,0,0000000,14,35,14,41,99,99,0,0,0,1,0
24,240116,1,1,0,2,15,0,15,5,2010,7,0,58,0,6,4,CO-67,,26,39.57823889,-76.032041670,0,42,0,0,1,1,4,0,2,1,0,1,0,0000000,99,99,99,99,99,99,0,0,0,2,1
24,240117,2,2,0,6,33,0,15,5,2010,7,8,42,0,13,2,US-301,SR-978,7,38.89651111,-76.718688890,0,12,6,0,2,2,1,0,1,1,0,1,0,0000000,99,99,99,99,99,99,0,0,0,1,0
24,240118,1,1,0,1,13,0,15,5,2010,7,17,59,0,4,4,CO-192,,6,39.70632778,-76.844602780,0,53,0,0,1,1,6,0,1,1,0,1,0,0000000,99,99,99,99,99,99,0,0,0,1,1
24,240119,1,1,1,1,3,0,20,5,2010,5,22,3,1,11,1,I-97,,144,39.16064722,-76.644658330,0,8,0,0,1,1,1,0,3,1,0,1,0,0000000,99,99,99,99,99,99,0,0,0,1,0
24,240120,1,1,1,2,31,0,16,5,2010,1,20,32,0,4,3,SR-118,,57,39.18107500,-77.262694440,0,8,0,0,1,1,1,0,1,1,0,1,0,0000000,99,99,99,99,99,99,0,0,0,1,0
24,240121,2,2,0,2,45,0,25,5,2010,3,12,18,1,2,2,US-50,CO-733,258,38.38520000,-75.422688890,0,12,6,0,2,2,1,0,1,1,0,1,0,0000000,99,99,99,99,99,99,0,0,0,1,0
24,240122,1,1,0,2,15,0,30,5,2010,1,11,5,1,11,1,I-95,,150,39.64221389,-75.863900000,0,1,0,0,1,1,3,0,1,1,0,1,0,0000000,99,99,99,99,99,99,0,0,0,1,0
24,240123,3,3,0,4,25,0,16,5,2010,1,22,35,0,14,3,SR-543,,85,39.55658333,-76.329930560,0,12,2,0,1,1,1,0,2,1,0,1,0,0000000,99,99,99,99,99,99,0,0,0,1,1
24,240124,2,1,0,2,33,0,26,5,2010,4,15,48,1,11,1,I-595,,5,38.94622500,-76.852327780,0,14,0,0,1,1,2,0,1,1,0,1,0,0000000,99,99,99,99,88,88,0,0,0,1,0
24,240125,1,1,1,1,47,0,5,6,2010,7,1,36,0,13,3,SR-528,,62,38.36443889,-75.072122220,0,8,0,0,1,1,1,0,3,1,0,1,0,0000000,99,99,99,99,99,99,0,0,0,1,0
24,240126,1,1,0,1,43,0,6,6,2010,1,2,24,0,4,2,US-40,,193,39.64314722,-78.017983330,0,24,0,0,1,1,4,0,2,1,0,1,0,0000000,99,99,99,99,88,88,0,0,0,1,1
24,240127,1,1,0,1,21,0,26,4,2010,2,0,10,0,5,3,SR-180,,38,39.34777222,-77.606905560,0,41,0,0,1,1,6,0,2,1,0,1,0,0000000,99,99,99,99,99,99,0,0,0,1,0
24,240128,1,1,0,1,3,0,19,1,2010,3,13,0,0,14,3,SR-175,,49,39.09639722,-76.721005560,0,33,0,0,1,1,4,0,1,1,0,1,0,0000000,99,99,99,99,99,99,0,0,0,1,0
24,240129,1,1,0,1,33,1620,30,1,2010,7,2,28,0,4,3,SR-382,,97,38.73073611,-76.755655560,0,42,0,0,1,1,6,0,2,1,0,1,0,0000000,99,99,99,99,99,99,0,0,0,1,0
24,240130,2,2,0,4,17,0,14,1,2010,5,14,57,1,2,2,US-301,,10,99.99990000,999.999900000,0,12,98,0,98,8,98,0,1,1,0,1,0,0000000,99,99,99,99,99,99,0,0,0,1,0
24,240132,1,1,0,2,5,0,9,4,2010,6,22,10,0,13,3,SR-150,,2,39.29903611,-76.497416670,0,33,0,0,1,1,4,0,3,1,0,1,0,0000000,22,10,22,14,99,99,0,0,0,1,1
24,240133,1,1,0,1,9,0,17,4,2010,7,0,30,0,6,8,LONG BEACH DR,,0,38.45678056,-76.477805560,0,42,0,0,1,1,4,0,2,1,0,1,0,0000000,99,99,99,99,99,99,0,0,0,1,1
24,240134,1,1,0,1,47,0,18,4,2010,1,20,54,0,5,4,CO-53,,4,38.05110000,-75.567913890,0,34,0,0,1,1,6,0,2,1,0,1,0,0000000,99,99,99,99,88,88,0,0,0,1,1
24,240135,1,1,1,1,5,0,25,4,2010,1,16,0,0,14,3,SR-7,,26,39.33797222,-76.488952780,0,8,0,0,1,1,4,0,1,1,0,1,0,0000000,16,4,16,5,16,33,0,0,0,1,0
24,240136,1,1,0,1,33,1620,28,4,2010,4,0,31,1,13,2,US-301,,0,38.82497778,-76.735136110,0,24,0,0,1,1,4,4,2,1,0,1,0,0000000,99,99,99,99,99,99,0,0,0,1,0
24,240137,2,2,0,2,3,9898,23,4,2010,6,18,13,0,14,3,SR-176,CANDLEWOOD RD,0,39.15845000,-76.703066670,0,12,6,0,2,2,1,0,1,1,0,1,0,0000000,99,99,99,99,99,99,0,0,0,1,0
24,240138,1,1,1,2,5,0,1,5,2010,7,20,38,0,13,2,US-1,,181,39.38205278,-76.500633330,0,8,0,0,1,1,1,0,3,1,0,1,0,0000000,20,39,20,43,21,27,0,0,0,1,0
24,240139,1,1,1,1,3,0,7,5,2010,6,23,38,0,14,3,SR-713,,0,39.15153611,-76.720727780,0,8,0,0,1,1,1,0,2,1,0,1,0,0000000,99,99,99,99,99,99,0,0,0,1,0
24,240140,2,2,0,3,21,0,15,5,2010,7,10,24,1,2,2,US-15,CO-585,300,39.64067778,-77.401547220,0,12,6,0,2,2,1,0,1,1,0,1,0,0000000,99,99,99,99,99,99,0,0,0,2,0
24,240141,1,1,0,1,5,0,21,5,2010,6,0,28,0,13,3,SR-146,,2,39.42943056,-76.595736110,0,17,0,0,1,1,6,0,3,1,0,1,0,0000000,99,99,99,99,88,88,0,0,0,1,1
24,240142,1,1,0,1,27,0,24,5,2010,2,5,24,1,1,1,I-70,,121,39.31193889,-76.964508330,0,42,0,0,1,1,6,0,1,2,0,2,0,0000000,99,99,99,99,88,88,0,0,0,1,0
24,240143,2,2,0,6,31,0,16,5,2010,1,20,33,0,15,4,CO-4140,RIDGE HGTS DR,7,39.17853889,-77.179555560,0,12,6,1,2,3,1,0,3,1,0,1,0,0000000,99,99,99,99,99,99,0,0,0,1,0
24,240144,2,2,0,3,33,0,1,6,2010,3,9,53,1,13,2,US-301,FRANK TIPPETT RD,64,38.73533889,-76.826019440,0,12,6,1,2,2,1,0,1,1,0,1,0,0000000,99,99,99,99,99,99,0,0,0,1,1
24,240145,2,2,1,2,3,0,3,6,2010,5,0,58,1,12,2,US-50,,132,39.02531944,-76.468019440,0,8,0,0,1,1,1,4,2,1,0,1,0,0000000,99,99,99,99,88,88,0,0,0,1,0
24,240146,2,2,0,3,11,0,8,6,2010,3,12,41,0,4,3,SR-480,,22,38.93223889,-75.904713890,0,12,6,0,1,1,1,0,1,1,0,1,0,0000000,12,40,12,49,13,31,0,0,0,1,0
24,240147,1,1,1,1,37,0,8,6,2010,3,22,47,0,3,3,SR-5,,442,38.49158889,-76.775250000,0,8,0,0,1,1,1,0,2,1,0,1,0,0000000,99,99,99,99,99,99,0,0,0,1,1
24,240148,2,2,0,2,13,0,10,6,2010,5,18,27,1,2,3,SR-3-,EBBVALE RD,82,39.68539167,-76.892966670,0,12,2,1,2,3,1,0,1,1,0,1,0,0000000,18,25,18,28,18,57,0,0,0,1,0
24,240149,2,2,0,3,3,0,11,6,2010,6,14,56,0,14,3,SR-168,,0,39.22430833,-76.659294440,0,12,9,0,4,1,1,0,1,1,0,1,0,0000000,99,99,99,99,99,99,0,0,0,1,0
24,240150,1,1,1,1,3,0,10,6,2010,5,12,50,0,13,3,SR-450,,0,38.97654167,-76.508691670,0,8,0,0,4,1,4,0,1,1,0,1,0,0000000,99,99,99,99,99,99,0,0,0,1,0
24,240151,2,2,0,5,25,0,13,6,2010,1,18,9,1,11,1,I-95,,77,39.48423611,-76.251641670,0,12,7,0,1,1,1,0,1,1,0,1,0,0000000,99,99,99,99,99,99,0,0,0,1,0
24,240152,1,1,0,1,5,0,11,6,2010,6,0,30,0,16,4,CO-6246,,4,39.44556667,-76.643652780,0,33,0,0,1,1,4,0,3,1,0,1,0,0000000,0,30,0,41,99,99,0,0,0,1,1
24,240153,1,1,0,1,43,0,18,6,2010,6,18,3,0,5,4,CO-799,,17,39.51907222,-77.767925000,0,17,0,0,1,1,4,0,1,1,0,1,0,0000000,17,55,18,5,18,36,0,0,0,1,0
24,240154,1,1,0,2,9,0,20,6,2010,1,16,53,0,6,4,CO-541,,2,38.46951667,-76.593283330,0,32,0,0,1,1,6,0,1,1,0,1,0,0000000,16,56,17,7,99,99,0,0,0,1,1
24,240155,3,3,0,6,510,50,16,3,2010,3,11,10,0,13,6,EASTERN AVE,,0,39.28811111,-76.531608330,0,12,1,0,1,1,1,0,1,1,0,1,0,0000000,99,99,99,99,99,99,0,0,0,1,0
24,240156,3,3,0,3,25,0,17,6,2010,5,16,55,0,4,3,SR-147,,26,39.50559722,-76.385922220,0,12,1,0,1,1,1,0,1,1,0,1,0,0000000,99,99,99,99,88,88,0,0,0,1,0
24,240157,1,1,1,1,13,0,21,6,2010,2,14,55,0,4,3,SR-97,,203,39.62598611,-76.999138890,0,8,0,0,1,1,2,0,1,1,0,1,0,0000000,99,99,99,99,88,88,0,0,0,1,0
24,240158,2,2,0,3,45,0,25,6,2010,6,12,20,1,2,2,US-50,CO-733,258,38.38513056,-75.422344440,0,12,6,1,2,2,1,0,1,1,0,1,0,0000000,99,99,99,99,99,99,0,0,0,1,0
24,240159,1,1,0,1,23,0,26,6,2010,7,10,22,1,1,1,I-68,,63,39.67657500,-79.381413890,0,24,0,0,1,1,3,0,1,1,0,1,0,0000000,99,99,99,99,88,88,0,0,0,1,0
24,240160,2,2,0,2,43,0,26,6,2010,7,18,32,0,4,4,CO-114,,19,39.70273056,-77.778352780,0,30,0,0,1,1,6,0,1,1,0,1,0,0000000,18,29,18,36,19,8,0,0,0,1,1
24,240161,1,1,0,2,1,0,29,6,2010,3,0,52,0,14,6,FREDERICK ST,,0,39.65563056,-78.760847220,0,25,0,0,1,1,3,0,3,1,0,1,0,0000000,0,52,0,56,1,14,0,0,0,1,1
24,240162,2,2,0,2,510,50,4,4,2010,1,17,41,0,16,6,HILLBURN AVE,RUECKERT AVE,0,39.34243056,-76.557455560,0,12,6,0,2,2,1,0,1,1,0,1,0,0000000,99,99,99,99,99,99,0,0,0,1,0
24,240163,2,2,1,2,33,1175,11,4,2010,1,2,16,0,14,3,SR-210,,140,38.81672500,-76.998986110,0,12,1,0,1,1,1,0,3,1,0,1,0,0000000,99,99,99,99,99,99,0,0,0,1,0
24,240164,2,2,0,2,25,0,23,4,2010,6,19,6,0,14,4,CO-508,CO-1180,23,39.40541944,-76.343713890,0,12,6,0,2,2,1,0,1,1,0,1,0,0000000,19,9,19,15,19,49,0,0,0,1,1
24,240165,2,2,0,2,17,0,4,5,2010,3,14,10,1,2,3,SR-231,,70,38.52518056,-76.727922220,0,12,6,0,1,1,1,0,1,1,0,1,0,0000000,14,8,14,15,14,51,0,0,0,1,0
24,240166,1,1,0,2,33,879,12,5,2010,4,19,38,0,15,4,CO-76,,25,38.90583611,-76.853505560,0,33,0,0,1,1,6,0,5,1,0,1,0,0000000,99,99,99,99,99,99,0,0,0,1,1
24,240167,1,1,1,1,1,0,21,5,2010,6,9,58,0,6,3,SR-144,,107,39.70473333,-78.572311110,0,15,0,0,1,1,1,0,1,1,0,1,0,0000000,9,56,10,4,10,32,0,0,0,1,0
24,240168,1,1,1,1,31,0,24,5,2010,2,20,46,0,13,3,SR-650,ELTON RD,33,39.02035833,-76.976555560,0,8,0,0,3,3,1,0,3,1,0,1,0,0000000,99,99,99,99,99,99,0,0,0,1,0
24,240169,1,1,0,1,31,0,27,5,2010,5,14,42,1,11,1,I-495,,56,39.01540000,-77.121825000,0,31,0,1,5,1,8,0,1,1,0,1,0,0000000,99,99,99,99,88,88,0,0,0,1,0
24,240170,1,1,0,1,31,0,18,3,2010,5,14,50,0,13,3,SR-586,,0,39.05791667,-77.085388890,0,38,0,0,1,1,6,0,1,1,0,1,0,0000000,99,99,99,99,99,99,0,0,0,1,0
24,240171,1,1,0,1,27,0,4,5,2010,3,20,16,0,15,4,CO-416,,8,39.13338889,-76.832522220,0,42,0,0,1,1,6,0,2,1,0,1,0,0000000,99,99,99,99,99,99,0,0,0,1,0
24,240172,2,2,0,2,13,0,23,5,2010,1,22,32,0,3,3,SR-27,GILLS FALL RD,45,39.40854444,-77.128744440,0,12,6,0,2,2,1,0,2,2,0,2,0,0000000,99,99,99,99,99,99,0,0,0,1,1
24,240173,1,1,1,1,33,1175,10,5,2010,2,13,30,0,6,3,SR-210 ACCESS RD,,0,38.82054444,-77.001050000,0,8,0,0,1,1,6,0,1,1,0,1,0,0000000,99,99,99,99,99,99,0,0,0,1,1
24,240174,1,1,1,7,33,0,30,5,2010,1,3,15,1,11,1,I-95,,131,38.87369444,-76.843572220,0,8,0,0,1,1,1,0,2,1,0,1,0,0000000,99,99,99,99,88,88,0,0,0,1,0
24,240175,1,1,1,1,3,0,2,6,2010,4,21,2,1,13,3,SR-2,,0,39.08766944,-76.555052780,0,8,0,0,1,1,1,0,2,1,0,1,0,0000000,99,99,99,99,88,88,0,0,0,1,0
24,240176,1,1,1,2,3,0,5,6,2010,7,21,52,0,14,3,SR-648,FERNDALE RD,0,39.18318889,-76.639916670,0,8,0,0,3,3,1,0,3,1,0,1,0,0000000,99,99,99,99,99,99,0,0,0,1,0
24,240177,2,2,0,2,21,0,28,6,2010,2,14,36,0,3,3,SR-26,BESSIE CLEMSON RD,115,39.47979722,-77.207450000,0,12,6,0,3,3,1,0,1,1,0,1,0,0000000,99,99,99,99,88,88,0,0,0,1,0
24,240178,1,1,1,1,5,0,28,6,2010,2,22,5,1,11,1,I-695,,0,39.34312500,-76.494800000,0,8,0,0,1,1,1,0,2,1,0,1,0,0000000,22,3,22,9,99,99,0,0,0,1,0
24,240179,1,1,0,1,31,0,16,6,2010,4,13,7,0,15,4,CO-78,,10,39.09036667,-77.014547220,0,53,0,0,1,1,6,0,1,1,0,1,0,0000000,99,99,99,99,99,99,0,0,0,1,0
24,240180,2,2,0,2,25,0,29,6,2010,3,10,10,0,3,3,SR-152,CO-260,61,39.47618611,-76.379827780,0,12,6,0,2,2,1,0,1,1,0,1,0,0000000,10,11,10,17,10,30,0,0,0,1,0
24,240181,1,1,0,4,31,0,23,6,2010,4,22,38,0,14,3,SR-182,,15,39.08447222,-77.046216670,0,33,0,0,1,1,4,0,2,1,0,1,0,0000000,99,99,99,99,99,99,0,0,0,2,0
24,240182,2,2,0,2,27,0,4,7,2010,1,12,53,0,15,4,CO-991,FORELAND GARTH,12,39.20750000,-76.813766670,0,12,6,0,2,3,1,0,1,1,0,1,0,0000000,99,99,99,99,99,99,0,0,0,1,0
24,240183,3,1,0,1,43,0,10,7,2010,7,10,51,0,16,6,CHESTNUT ST,,4,39.63235833,-77.727455560,0,14,0,0,1,1,7,0,1,1,0,1,0,0000000,10,50,10,53,11,7,0,0,0,1,0
24,240184,2,1,0,1,43,0,11,7,2010,1,3,57,0,4,2,US-40,,271,39.65865278,-77.883100000,0,33,0,0,1,1,4,0,2,1,0,1,0,0000000,99,99,99,99,88,88,20,0,0,1,0
24,240185,1,1,0,1,35,0,12,7,2010,2,5,39,0,5,3,SR-304,,60,39.02608611,-76.020327780,0,1,0,0,1,1,5,0,4,1,0,1,0,0000000,99,99,99,99,88,88,0,0,0,1,1
24,240186,1,1,0,1,33,0,21,7,2010,4,16,22,1,11,1,I-95,,43,38.81235833,-76.961888890,0,24,0,0,1,1,4,0,1,1,0,1,0,0000000,99,99,99,99,99,99,0,0,0,1,0
24,240187,4,3,0,3,27,0,25,6,2010,6,11,55,0,3,3,SR-97,FREDERICK RD,63,39.32061944,-77.019480560,0,12,6,0,2,2,1,0,1,1,0,1,0,0000000,99,99,99,99,99,99,0,0,0,1,0
24,240188,1,1,1,1,15,0,16,4,2010,6,13,57,0,6,4,CO-117,,25,39.54410278,-76.009897220,0,8,0,0,1,1,2,0,1,1,0,1,0,0000000,99,99,99,99,99,99,0,0,0,1,0
24,240189,1,1,0,1,15,0,3,5,2010,2,20,58,0,6,4,CO-26,,12,39.68539167,-76.115813890,0,42,0,0,1,1,6,0,2,1,0,1,0,0000000,99,99,99,99,88,88,0,0,0,1,0
24,240190,1,1,0,1,510,50,3,5,2010,2,12,22,1,13,2,US-40,,0,39.30485000,-76.538572220,0,33,0,0,1,1,4,0,1,1,0,1,0,0000000,99,99,99,99,99,99,0,0,0,1,0
24,240191,2,1,0,1,5,0,25,5,2010,3,18,39,0,14,4,CO-1800,,22,39.35807778,-76.752302780,0,14,0,0,1,1,7,0,1,1,0,1,0,0000000,99,99,99,99,88,88,0,0,0,1,0
24,240192,2,2,0,2,31,0,26,5,2010,4,16,0,0,16,4,CO-3752,CO-7058,3,39.01862500,-77.175005560,0,12,2,1,3,3,1,0,1,1,0,1,0,0000000,99,99,99,99,99,99,99,99,99,1,0
24,240193,1,1,1,1,5,0,23,6,2010,4,0,50,0,14,4,CO-1900,,41,39.32701111,-76.735316670,0,8,0,0,1,1,1,0,3,1,0,1,0,0000000,0,51,0,55,1,32,0,0,0,1,0
24,240194,1,1,0,1,3,0,16,6,2010,4,17,29,1,12,3,SR-295,,151,39.06943056,-76.831352780,0,1,0,0,1,1,3,0,1,1,0,1,0,0000000,99,99,99,99,99,99,0,0,0,1,0
24,240195,2,2,0,2,37,0,26,6,2010,7,23,17,1,2,3,SR-235,BECK RD,196,38.33499167,-76.558913890,0,12,6,0,2,2,1,0,2,1,0,1,0,0000000,23,33,23,43,0,20,0,0,0,1,0
24,240196,3,3,0,3,27,0,8,6,2010,3,7,55,0,16,3,SR-216,CO-2542,61,39.15951667,-76.933008330,0,12,1,0,2,3,1,0,1,1,0,1,0,0000000,7,55,8,4,8,55,0,0,0,1,0
24,240197,1,1,0,1,9,0,4,7,2010,1,2,14,1,2,3,SR-231,,15,38.50689444,-76.637877780,0,24,0,0,1,1,4,0,3,1,0,1,0,0000000,99,99,99,99,88,88,0,0,0,1,1
24,240198,1,1,1,1,5,0,25,6,2010,6,9,31,0,15,4,CO-5297,YORKWAY,4,39.25854722,-76.514741670,0,8,0,1,3,2,1,0,1,1,0,1,0,0000000,9,31,9,34,9,55,0,0,0,1,0
24,240199,1,1,1,2,510,50,2,7,2010,6,14,0,1,13,2,US-40,,0,39.30172778,-76.548358330,0,8,0,0,1,1,1,0,1,1,0,1,0,0000000,99,99,99,99,99,99,0,0,0,1,0
24,240200,2,2,0,2,5,0,3,7,2010,7,3,12,0,12,3,SR-41,TAYLOR AVE,10,39.38042222,-76.556338890,0,12,2,0,2,2,1,0,3,1,0,1,0,0000000,99,99,99,99,88,88,0,0,0,1,2
24,240201,1,1,0,1,21,0,19,7,2010,2,23,18,1,2,2,US-15,,195,39.49894167,-77.398938890,0,1,0,0,1,1,3,0,2,1,0,1,0,0000000,99,99,99,99,88,88,0,0,0,1,1
24,240202,4,4,0,5,13,0,20,7,2010,3,7,33,0,3,3,SR-27,,158,39.53873333,-77.020683330,0,12,2,0,1,1,1,0,1,1,0,1,0,0000000,7,36,7,47,8,16,0,0,0,1,0
24,240203,3,3,0,6,13,0,29,7,2010,5,19,0,0,3,3,SR-482,,5,39.60026667,-76.932663890,0,12,1,0,1,1,1,0,1,1,0,1,0,0000000,99,99,99,99,88,88,0,0,0,1,0
24,240204,1,1,0,2,17,0,23,6,2010,4,14,30,0,6,4,CO-117,,0,38.56788889,-76.994933330,0,42,0,0,1,1,6,0,1,1,0,1,0,0000000,14,31,14,42,99,99,0,0,0,1,1
24,240205,2,2,0,2,33,900,29,7,2010,5,16,2,0,13,3,SR-198,NINTH STREET,28,39.10180833,-76.860530560,0,12,6,1,2,3,1,0,1,1,0,1,0,0000000,99,99,99,99,99,99,0,0,0,1,0
24,240206,1,1,1,1,510,50,13,5,2010,5,1,34,0,13,6,HOWARD ST,DOLPHIN ST,0,39.30433333,-76.620733330,0,8,0,0,3,2,1,0,3,1,0,1,0,0000000,99,99,99,99,99,99,0,0,0,1,0
24,240207,1,1,0,1,510,50,30,5,2010,1,17,45,0,15,6,GILMOR ST,,0,39.28976389,-76.642458330,0,30,0,0,1,1,4,0,1,1,0,1,0,0000000,99,99,99,99,99,99,0,0,0,1,0
24,240208,1,1,1,1,33,0,19,6,2010,7,23,35,1,2,2,US-301,,24,38.69713333,-76.870436110,0,8,0,0,1,1,1,0,2,1,0,1,0,0000000,99,99,99,99,88,88,0,0,0,1,0
24,240209,1,1,0,2,510,50,21,6,2010,2,0,54,1,11,1,I-83,,0,39.30594444,-76.612450000,0,39,0,0,1,1,4,0,3,1,0,1,0,0000000,99,99,99,99,88,88,0,0,0,1,1
24,240210,3,3,1,5,5,0,6,7,2010,3,22,50,0,13,2,US-40,,240,39.40983889,-76.388669440,0,12,1,0,1,1,1,0,2,1,0,1,0,0000000,22,51,22,55,99,99,0,0,0,2,0
24,240211,1,1,0,1,5,0,11,7,2010,1,17,16,1,11,1,I-695 RAMP,,255,39.38693889,-76.529677780,0,39,0,1,5,1,4,0,1,1,0,1,0,0000000,99,99,99,99,88,88,0,0,0,1,0
24,240212,1,1,0,3,510,50,5,4,2010,2,23,17,0,14,6,SINCLAIR LANE,MORAVIA RD,0,39.32194722,-76.548700000,0,43,0,0,3,2,3,0,3,1,0,1,0,0000000,99,99,99,99,99,99,0,0,0,1,1
24,240213,1,1,1,1,510,50,13,6,2010,1,2,55,0,15,6,WOODBOURNE AVE,,0,39.35520556,-76.606980560,0,8,0,0,1,1,1,0,3,1,0,1,0,0000000,99,99,99,99,99,99,0,0,0,1,0
24,240214,1,1,1,1,5,0,26,7,2010,2,17,12,0,13,2,US-1,,158,39.35681667,-76.528313890,0,8,0,0,4,1,1,0,1,1,0,1,0,0000000,17,11,17,15,17,30,0,0,0,1,0
24,240215,1,1,0,1,17,0,3,7,2010,7,23,58,0,15,4,CO-873,PLAZA DR,3,38.62527778,-76.922022220,0,1,0,0,2,2,1,0,2,1,0,1,0,0000000,23,59,0,6,0,25,0,0,0,1,1
24,240216,1,1,0,1,31,0,15,5,2010,7,1,45,1,13,4,CO-141,,5,39.17851389,-77.268305560,0,33,0,0,1,1,4,0,3,1,0,1,0,0000000,99,99,99,99,88,88,0,0,0,1,1
24,240217,2,2,0,4,510,50,19,6,2010,7,18,34,0,13,6,N. CALVERT ST,E. 28TH ST,0,39.32208056,-76.614661110,0,12,6,0,2,2,1,0,1,1,0,1,0,0000000,99,99,99,99,99,99,0,0,0,1,0
24,240218,2,2,0,5,5,0,6,7,2010,3,15,21,0,13,3,SR-45,CO-1034,34,39.41739722,-76.614875000,0,12,6,0,2,2,1,0,1,1,0,1,0,0000000,15,33,15,43,16,10,0,0,0,1,0
24,240219,3,3,0,3,1,0,22,5,2010,7,20,49,1,11,1,I-68,,246,39.70474444,-78.566408330,0,12,1,0,1,1,1,0,2,2,0,2,0,0000000,99,99,99,99,88,88,0,0,0,1,0
24,240220,3,2,0,2,5,0,31,7,2010,7,22,52,0,13,2,US-40,CONTRACTORS RD,162,39.32762500,-76.495141670,0,12,1,0,2,3,1,0,3,1,0,1,0,0000000,22,52,22,55,99,99,0,0,0,1,0
24,240221,2,2,0,2,23,0,13,8,2010,6,23,9,1,2,2,US-219,,269,39.68010833,-79.263097220,0,12,2,0,1,1,1,0,2,1,0,1,0,0000000,99,99,99,99,88,88,0,0,0,1,1
24,240222,1,1,1,1,31,0,25,6,2010,6,19,5,0,3,3,SR-27,,11,39.22364167,-77.237191670,0,9,0,0,1,1,2,0,1,1,0,1,0,0000000,99,99,99,99,99,99,0,0,0,1,1
24,240223,1,1,0,1,31,0,17,6,2010,5,6,37,0,16,4,CO-3235,,3,39.05745000,-77.113016670,0,1,0,0,1,1,1,0,1,1,0,1,0,0000000,99,99,99,99,88,88,0,0,0,1,0
24,240224,3,1,0,1,29,0,30,6,2010,4,16,43,0,4,3,SR-292,,44,39.36869444,-76.062716670,0,14,0,0,1,1,4,0,1,1,0,1,0,0000000,16,34,16,43,17,36,14,0,0,1,1
24,240225,1,1,0,1,31,130,1,5,2010,7,10,47,0,16,4,OLD GEORGETOWN RD,,0,99.99990000,999.999900000,0,18,0,0,8,1,6,0,1,1,0,1,0,0000000,99,99,99,99,99,99,0,0,0,1,0
24,240226,1,1,1,1,13,0,24,8,2010,3,14,52,0,4,3,SR-75,CO-1553,20,39.56844722,-77.153591670,0,9,0,0,3,2,1,0,1,1,0,1,0,0000000,99,99,99,99,88,88,0,0,0,1,0
24,240227,2,2,0,4,5,0,4,7,2010,1,12,3,1,11,1,I-83,,175,39.59676111,-76.665858330,0,12,1,0,1,1,1,0,1,1,0,1,0,0000000,99,99,99,99,99,99,0,0,0,1,0
24,240228,2,2,0,4,5,0,18,7,2010,1,0,39,0,14,4,CO-3482,,28,39.38606111,-76.537402780,0,1,0,0,1,1,1,0,3,1,0,1,0,0000000,99,99,99,99,99,99,0,0,0,1,1
24,240229,2,2,0,2,31,0,29,7,2010,5,21,3,1,12,2,US-29,BLACKBURN RD,100,39.10418889,-76.933113890,0,12,1,0,2,2,1,0,3,1,0,1,0,0000000,99,99,99,99,99,99,0,0,0,1,0
24,240230,1,1,0,1,5,0,9,8,2010,2,2,14,0,15,4,CO-8007,,9,39.27959722,-76.490433330,0,30,0,0,1,1,6,0,3,1,0,1,0,0000000,99,99,99,99,88,88,0,0,0,1,1
24,240231,2,1,0,2,21,0,5,7,2010,2,21,27,0,6,4,CO-1253,,8,39.64793056,-77.399283330,0,31,0,0,1,1,6,0,2,1,0,1,0,0000000,99,99,99,99,99,99,0,0,0,1,1
24,240232,2,2,0,4,35,0,1,8,2010,1,8,16,0,5,3,SR-8,,59,38.95824167,-76.340291670,0,12,6,0,1,1,1,0,1,1,0,1,0,0000000,8,27,8,39,9,12,0,0,0,2,1
24,240233,2,2,0,2,31,0,7,8,2010,7,8,50,0,14,3,SR-187,,26,39.01660833,-77.119580560,0,33,0,0,1,1,4,0,1,1,0,1,0,0000000,99,99,99,99,88,88,0,0,0,2,1
24,240234,2,2,0,2,5,0,13,8,2010,6,9,20,0,13,4,CO-5212,,3,39.27156667,-76.509122220,0,33,0,0,1,1,4,0,1,1,0,1,0,0000000,99,99,99,99,88,88,0,0,0,1,1
24,240235,2,1,0,1,13,0,13,8,2010,6,21,8,0,3,3,SR-27,,90,39.46465833,-77.079736110,0,14,0,0,1,1,2,0,1,1,0,1,0,0000000,5,26,5,49,6,25,0,0,0,1,1
24,240236,2,2,1,5,43,0,14,8,2010,7,22,57,1,11,1,I-70,,290,39.60575556,-77.726855560,0,8,0,0,1,1,1,0,2,1,0,1,0,0000000,99,99,99,99,88,88,14,0,0,1,0