STATE,ST_CASE,VE_TOTAL,VE_FORMS,PEDS,PERSONS,COUNTY,CITY,DAY,MONTH,YEAR,DAY_WEEK,HOUR,MINUTE,NHS,ROAD_FNC,ROUTE,TWAY_ID,TWAY_ID2,MILEPT,LATITUDE,LONGITUD,SP_JUR,HARM_EV,MAN_COLL,RELJCT1,RELJCT2,TYP_INT,REL_ROAD,WRK_ZONE,LGT_COND,WEATHER1,WEATHER2,WEATHER,SCH_BUS,RAIL,NOT_HOUR,NOT_MIN,ARR_HOUR,ARR_MIN,HOSP_HR,HOSP_MN,CF1,CF2,CF3,FATALS,DRUNK_DR
24,240237,2,2,0,3,45,0,13,8,2010,6,15,3,1,2,2,US-50,US-13,60,38.39922500,-75.572805560,0,12,6,0,2,2,1,0,1,1,0,1,0,0000000,99,99,99,99,99,99,0,0,0,1,0
24,240238,2,2,0,5,33,0,22,8,2010,1,6,23,1,11,1,I-595,,66,38.95323611,-76.738086110,0,12,1,0,1,1,1,0,1,1,0,1,0,0000000,99,99,99,99,88,88,0,0,0,1,1
24,240239,2,2,0,2,15,0,23,8,2010,2,5,3,0,4,3,SR-274,,37,39.66451667,-76.014833330,0,12,2,0,1,1,1,0,2,1,0,1,0,0000000,5,26,5,49,6,25,0,0,0,1,0
24,240241,1,1,1,1,31,0,13,6,2010,1,21,58,0,13,3,SR-586,,33,39.05636667,-77.082675000,0,8,0,0,1,1,1,0,3,1,0,1,0,0000000,99,99,99,99,99,99,0,0,0,1,0
24,240242,1,1,0,1,15,0,22,6,2010,3,13,42,0,4,3,SR-7,,52,39.60156667,-75.936725000,0,30,0,0,1,1,6,0,1,1,0,1,0,0000000,99,99,99,99,88,88,0,0,0,1,0
24,240243,2,2,0,3,27,0,10,7,2010,7,20,9,0,13,2,US-40,,74,39.29569167,-76.901905560,0,12,1,0,1,1,1,0,5,1,0,1,0,0000000,20,2,20,19,21,14,0,0,0,1,1
24,240244,1,1,0,1,33,240,8,7,2010,5,1,6,0,13,3,SR-214,,3,38.88871944,-76.907741670,0,31,0,0,1,1,6,0,2,1,0,1,0,0000000,99,99,99,99,88,88,0,0,0,1,1
24,240245,2,2,0,2,33,100,7,7,2010,4,11,50,0,14,4,CO-14,,24,39.04477778,-76.951577780,0,12,6,0,8,1,1,0,1,1,0,1,0,0000000,99,99,99,99,99,99,0,0,0,1,1
24,240246,2,2,0,2,33,175,12,7,2010,2,17,34,0,4,3,SR-381,,119,38.69040000,-76.820525000,0,12,2,0,1,1,1,0,1,2,0,2,0,0000000,99,99,99,99,99,99,0,0,0,1,1
24,240247,2,2,0,4,33,370,1,7,2010,5,1,36,0,14,4,CO-14,,8,39.01971667,-76.939058330,0,12,2,0,1,1,1,0,3,1,0,1,0,0000000,99,99,99,99,99,99,0,0,0,1,1
24,240248,2,2,0,2,25,0,11,7,2010,1,13,9,0,3,3,SR-165,NELSON MILL RD,80,39.62246667,-76.476280560,0,12,1,0,3,3,1,0,1,1,0,1,0,0000000,13,6,13,12,99,99,0,0,0,1,0
24,240249,3,1,0,1,33,1175,15,7,2010,5,17,5,0,16,4,CO-1442,,4,38.80838056,-76.979325000,0,14,0,0,1,1,7,0,1,1,0,1,0,0000000,99,99,99,99,99,99,0,0,0,1,0
24,240250,1,1,0,1,33,1520,19,7,2010,2,1,5,0,16,3,SR-248,,8,38.85270833,-76.934122220,0,42,0,0,1,1,6,0,3,1,0,1,0,0000000,99,99,99,99,88,88,0,0,0,1,1
24,240251,2,2,0,9,47,0,24,7,2010,7,11,32,1,2,2,US-113,CO-87,64,38.11571944,-75.462277780,0,12,6,0,2,2,1,0,1,1,0,1,0,0000000,99,99,99,99,99,99,0,0,0,1,0
24,240252,1,1,0,4,33,1620,22,7,2010,5,23,33,0,16,4,CO-4279,,3,38.81133889,-76.809613890,0,30,0,0,1,1,6,0,2,1,0,1,0,0000000,99,99,99,99,99,99,0,0,0,1,0
24,240253,1,1,1,1,33,830,17,7,2010,7,0,49,0,13,3,SR-193,,9,38.98388056,-76.978969440,0,8,0,0,1,1,1,0,3,2,0,2,0,0000000,99,99,99,99,99,99,0,0,0,1,0
24,240254,2,2,0,4,1,0,28,7,2010,4,15,10,0,13,3,SR-35,,9,39.70631111,-78.782036110,0,12,2,0,1,1,1,0,1,1,0,1,0,0000000,15,12,15,17,15,47,0,0,0,1,1
24,240255,2,2,0,8,510,50,14,7,2010,4,2,41,1,11,1,I-95,,12,39.27143333,-76.652941670,0,12,1,0,1,1,1,0,3,2,0,2,0,0000000,99,99,99,99,99,99,23,0,0,1,1
24,240256,2,2,0,2,5,0,25,7,2010,1,2,58,1,11,1,I-695,,211,39.41394167,-76.602152780,0,12,1,1,5,1,1,0,2,1,0,1,0,0000000,99,99,99,99,88,88,0,0,0,1,0
24,240257,2,2,0,2,21,0,28,8,2010,7,6,45,1,2,2,US-340,,21,39.34398889,-77.634458330,0,12,2,0,1,1,1,0,1,1,0,1,0,0000000,99,99,99,99,99,99,0,0,0,1,1
24,240258,2,2,0,2,41,0,9,9,2010,5,9,58,1,13,2,US-50,LONGWOODS RD,46,38.81554444,-76.060002780,0,12,6,0,2,3,1,0,1,1,0,1,0,0000000,9,54,10,5,10,29,0,0,0,1,0
24,240259,2,2,0,2,5,0,10,9,2010,6,2,55,1,11,1,I-795,,39,39.41796111,-76.797352780,0,12,2,0,1,1,1,0,3,1,0,1,0,0000000,2,58,3,7,3,20,0,0,0,1,2
24,240260,2,2,0,2,25,0,13,9,2010,2,8,23,0,2,3,SR-22,,55,39.55918333,-76.252575000,0,1,0,0,1,1,1,0,3,1,0,1,0,0000000,8,21,8,27,8,53,0,0,0,1,0
24,240261,2,2,0,2,21,0,24,7,2010,7,12,2,0,16,4,CO-397,MOLESWORTH ENTRANCE,15,39.35201944,-77.227363890,0,12,2,0,2,3,1,0,1,1,0,1,0,0000000,99,99,99,99,99,99,0,0,0,1,0
24,240262,1,1,1,1,35,0,22,8,2010,1,20,50,0,9,3,SR-835,,7,38.97712500,-76.315252780,0,9,0,0,1,1,2,0,2,1,0,1,0,0000000,99,99,99,99,99,99,0,0,0,1,0
24,240263,2,2,0,4,21,0,22,8,2010,1,2,2,1,11,1,I-70,,218,39.38566111,-77.296372220,0,12,2,0,1,1,1,0,2,1,0,1,0,0000000,99,99,99,99,99,99,0,0,0,1,1
24,240264,1,1,0,4,21,0,22,8,2010,1,2,17,1,11,1,I-70,,17,39.50768333,-77.590255560,0,1,0,0,1,1,3,0,2,1,0,1,0,0000000,99,99,99,99,99,99,0,0,0,1,1
24,240265,1,1,0,1,3,0,27,8,2010,6,20,6,0,14,3,SR-177,,56,39.11471111,-76.501794440,0,30,0,0,1,1,6,0,3,1,0,1,0,0000000,99,99,99,99,99,99,0,0,0,1,1
24,240266,1,1,0,8,510,50,30,5,2010,1,18,20,0,13,3,SR-41,,0,39.36915833,-76.572838890,0,43,0,0,1,1,3,0,1,1,0,1,0,0000000,99,99,99,99,99,99,0,0,0,1,1
24,240267,2,2,0,6,31,0,27,6,2010,1,17,49,0,6,4,CO-2603,,59,39.07820833,-77.338600000,0,12,2,0,1,1,1,0,1,2,0,2,0,0000000,99,99,99,99,99,99,0,0,0,1,0
24,240268,2,2,0,4,29,0,19,7,2010,2,20,32,0,4,3,SR-290,,108,39.35513889,-75.835447220,0,12,6,0,1,1,1,0,5,2,0,2,0,0000000,20,19,20,45,21,17,0,0,0,1,0
24,240269,1,1,0,2,33,175,7,8,2010,7,3,17,0,6,4,CO-172,,18,38.71853333,-76.770400000,0,42,0,0,1,1,6,0,2,1,0,1,0,0000000,99,99,99,99,99,99,0,0,0,2,1
24,240270,2,2,1,2,33,830,22,8,2010,1,20,49,0,13,3,SR-193,,13,38.98410000,-76.972683330,0,8,0,0,1,1,1,0,3,1,0,1,0,0000000,99,99,99,99,99,99,0,0,0,1,0
24,240271,1,1,0,1,15,0,28,8,2010,7,2,14,0,6,4,CO-9,,19,39.69939444,-76.143622220,0,53,0,0,1,1,6,0,2,1,0,1,0,0000000,99,99,99,99,88,88,0,0,0,1,1
24,240272,1,1,0,1,21,1080,29,8,2010,1,1,45,0,5,4,CO-692,,19,39.55755556,-77.580422220,0,31,0,0,1,1,6,0,2,1,0,1,0,0000000,99,99,99,99,88,88,0,0,0,1,1
24,240273,1,1,0,2,47,0,28,8,2010,7,17,10,0,4,4,CO-28,,23,38.15116111,-75.461741670,0,42,0,0,1,1,4,0,1,1,0,1,0,0000000,99,99,99,99,99,99,0,0,0,1,1
24,240274,1,1,0,1,33,885,26,8,2010,5,8,2,0,14,3,SR-704,,51,38.94716111,-76.843700000,0,33,0,0,1,1,3,0,1,1,0,1,0,0000000,99,99,99,99,88,88,0,0,0,1,0
24,240275,2,2,0,3,33,240,6,8,2010,6,8,6,0,16,4,CO-367,SHADY GLEN DR,19,38.87416111,-76.880908330,0,12,6,0,2,2,1,0,3,1,0,1,0,0000000,99,99,99,99,99,99,0,0,0,1,0
24,240276,2,2,0,4,9,0,22,7,2010,5,16,35,0,5,4,CO-133,,19,38.70085000,-76.618008330,0,12,6,0,1,1,1,0,1,1,0,1,0,0000000,16,35,16,52,99,99,0,0,0,1,1
24,240277,1,1,3,1,3,0,8,8,2010,1,10,16,0,16,4,CO-5584,,4,39.10348056,-76.806772220,0,30,0,0,1,1,6,0,1,1,0,1,0,0000000,99,99,99,99,99,99,0,0,0,1,0
24,240278,2,2,0,3,1,0,12,8,2010,5,18,39,1,11,1,I-68,,221,39.71408611,-78.609002780,0,24,0,0,1,1,4,0,1,2,0,2,0,0000000,99,99,99,99,99,99,0,0,0,1,0
24,240279,3,1,3,1,21,540,8,8,2010,1,11,20,0,4,2,US-15BU,,10,39.70577500,-77.326250000,0,14,0,0,1,1,4,0,1,1,0,1,0,0000000,99,99,99,99,99,99,0,0,0,3,0
24,240280,2,2,0,3,33,1400,26,1,2010,3,16,46,0,13,3,SR-214,OLD CENTRAL AVE,8,38.88688333,-76.901688890,0,12,6,0,2,3,1,0,5,1,0,1,0,0000000,99,99,99,99,99,99,0,0,0,1,0
24,240281,2,2,0,2,33,565,10,4,2010,7,2,58,1,12,3,SR-210,,68,38.71398611,-76.990138890,0,12,1,0,1,1,1,0,2,1,0,1,0,0000000,99,99,99,99,99,99,0,0,0,1,1
24,240282,2,2,0,3,5,0,8,9,2010,4,18,12,0,3,3,SR-146,,87,39.51039722,-76.562219440,0,12,8,0,1,1,1,0,1,1,0,1,0,0000000,18,13,18,17,99,99,0,0,0,1,1
24,240283,2,2,0,5,39,0,30,9,2010,5,19,19,1,2,2,US-13,CAMP RD,88,38.13254722,-75.698730560,0,12,6,0,2,2,1,0,3,2,0,2,0,0000000,99,99,99,99,99,99,0,0,0,1,1
24,240284,2,2,0,2,33,0,30,9,2010,5,14,49,1,13,2,US-301,HEATHERMORE BLVD,96,38.77617778,-76.800044440,0,12,1,0,3,8,1,0,1,2,0,2,0,0000000,99,99,99,99,99,99,0,0,0,1,0
24,240285,2,2,0,2,31,0,18,10,2010,2,4,37,1,11,1,I-495,,56,39.01358056,-77.131447220,0,12,1,0,1,1,1,0,2,1,0,1,0,0000000,99,99,99,99,99,99,0,0,0,1,2
24,240286,3,1,0,1,13,0,6,10,2010,4,20,36,1,13,3,SR-140,,75,39.56024444,-76.966694440,0,33,0,0,1,1,6,0,3,2,0,2,0,0000000,20,33,20,39,20,54,0,0,0,1,1
24,240287,3,3,0,3,21,0,11,10,2010,2,16,6,0,4,2,US-40,,26,39.51672222,-77.569700000,0,12,1,0,4,1,1,0,1,1,0,1,0,0000000,99,99,99,99,88,88,0,0,0,1,1
24,240288,4,4,0,4,39,0,27,4,2010,3,11,39,1,2,2,US-12,MANOKIN AVE,134,38.20373889,-75.698536110,0,12,6,0,2,2,1,0,1,1,0,1,0,0000000,99,99,99,99,99,99,0,0,0,1,0
24,240289,1,1,1,1,33,1022,4,5,2010,3,20,33,0,14,3,SR-193,,175,38.89758056,-76.790313890,0,8,0,0,1,1,1,0,3,1,0,1,0,0000000,99,99,99,99,88,88,0,0,0,1,0
24,240290,2,2,0,4,33,882,9,5,2010,1,3,30,0,13,3,SR-650,,27,39.00117778,-76.982102780,0,12,1,0,1,1,1,0,3,1,0,1,0,0000000,99,99,99,99,99,99,0,0,0,3,1
24,240291,1,1,1,1,33,0,5,6,2010,7,15,53,0,15,4,CO-126,,52,38.79552778,-76.915475000,0,8,0,0,1,1,1,0,1,1,0,1,0,0000000,99,99,99,99,99,99,0,0,0,1,0
24,240292,1,1,0,2,33,0,6,6,2010,1,0,31,0,14,4,CO-232,,9,38.99417222,-76.959802780,0,1,0,0,1,1,5,0,3,1,0,1,0,0000000,99,99,99,99,99,99,0,0,0,1,1
24,240293,1,1,0,2,21,580,5,9,2010,1,2,21,0,15,4,CO-719,,12,39.43824722,-77.437991670,0,30,0,0,1,1,6,0,2,1,0,1,0,0000000,99,99,99,99,99,99,0,0,0,1,1
24,240294,4,4,0,7,33,0,2,11,2010,3,20,10,1,12,3,SR-5,CO-599,31,38.70225833,-76.876402780,0,12,1,0,3,3,1,0,3,1,0,1,0,0000000,99,99,99,99,88,88,0,0,0,1,0
24,240295,1,1,0,1,33,0,3,11,2010,4,4,37,0,13,3,SR-214,,94,38.90071944,-76.734008330,0,42,0,0,1,1,6,0,2,1,0,1,0,0000000,99,99,99,99,88,88,0,0,0,1,0
24,240296,1,1,1,1,33,983,4,11,2010,5,1,56,1,12,3,SR-5,,127,38.82937778,-76.931075000,0,8,0,0,1,1,1,0,2,2,0,2,0,0000000,99,99,99,99,99,99,0,0,0,1,0
24,240297,1,1,0,2,5,0,5,12,2010,1,18,37,0,5,4,CO-447,,14,39.47155000,-76.779200000,0,42,0,0,1,1,6,0,2,1,0,1,0,0000000,18,41,18,46,99,99,0,0,0,1,0
24,240298,3,3,0,3,5,0,7,12,2010,3,14,36,0,13,3,SR-150,CO-4728,46,39.31998889,-76.455144440,0,12,6,0,2,2,1,0,1,1,0,1,0,0000000,14,36,14,39,99,99,0,0,0,1,0
24,240299,4,4,0,4,33,0,2,11,2010,3,15,31,1,2,2,US-301,BRANDYWINE RD,29,38.69917500,-76.869019440,0,12,1,0,3,1,1,0,1,1,0,1,0,0000000,99,99,99,99,99,99,0,0,0,1,0
24,240300,1,1,1,3,37,0,22,10,2010,6,22,28,0,3,3,SR-234,,8,38.39939167,-76.831083330,0,8,0,0,1,1,1,0,2,1,0,1,0,0000000,99,99,99,99,99,99,0,0,0,1,0
24,240301,2,2,0,5,510,50,20,10,2010,4,9,56,1,13,2,US-40,,0,39.29368889,-76.641494440,0,12,1,0,1,1,1,0,1,1,0,1,0,0000000,99,99,99,99,99,99,0,0,0,1,1
24,240302,1,1,1,1,510,50,19,8,2010,5,16,20,0,14,6,WINDSOR MILL RD,LYNHURST AVE,0,39.31326667,-76.683433330,0,9,0,0,2,2,1,0,1,1,0,1,0,0000000,99,99,99,99,99,99,0,0,0,1,0
24,240303,2,2,0,4,33,0,20,7,2010,3,10,3,0,14,4,CO-76,,32,38.89637778,-76.851597220,0,12,1,0,4,1,1,0,1,1,0,1,0,0000000,99,99,99,99,99,99,0,0,0,1,0
24,240304,1,1,1,1,33,450,11,8,2010,4,21,44,0,14,4,CO-3074,,14,38.86236667,-76.912686110,0,8,0,0,1,1,1,0,1,1,0,1,0,0000000,99,99,99,99,99,99,0,0,0,1,0
24,240305,4,4,0,10,47,0,1,11,2010,2,16,50,1,2,2,US-113,,209,38.24566389,-75.295658330,0,12,2,0,1,1,1,0,1,1,0,1,0,0000000,99,99,99,99,99,99,0,0,0,4,0
24,240306,1,1,0,3,21,0,18,7,2010,1,2,3,0,16,6,MU-200,,2,39.41081667,-77.413380560,0,19,0,0,1,1,5,0,3,1,0,1,0,0000000,99,99,99,99,99,99,0,0,0,1,1
24,240307,1,1,0,1,510,50,6,8,2010,6,20,30,0,13,6,NORTHERN PKWY,,0,39.36210833,-76.634122220,0,1,0,0,1,1,1,0,5,1,0,1,0,0000000,99,99,99,99,99,99,0,0,0,1,0
24,240308,2,2,0,2,1,0,9,8,2010,2,15,28,1,2,2,US-220,,128,39.58047222,-78.847247220,0,12,6,0,8,1,1,0,1,1,0,1,0,0000000,15,25,15,36,16,4,0,0,0,1,0
24,240309,1,1,0,1,33,570,17,8,2010,3,23,35,0,14,3,SR-210,,139,38.81249167,-76.998452780,0,41,0,0,1,1,3,0,2,1,0,1,0,0000000,99,99,99,99,99,99,0,0,0,1,0
24,240310,1,1,0,2,5,0,3,9,2010,6,16,28,0,13,8,1403 MERRITT BLVD,,0,39.27152500,-76.502652780,0,33,0,0,1,1,5,0,1,1,0,1,0,0000000,16,32,16,38,17,7,0,0,0,1,0
24,240311,1,1,0,2,33,370,8,8,2010,1,3,53,0,13,3,SR-193,,41,39.00160556,-76.930755560,0,25,0,0,1,1,4,0,2,1,0,1,0,0000000,99,99,99,99,99,99,0,0,0,1,1
24,240312,1,1,0,1,1,0,17,9,2010,6,20,54,0,3,3,SR-51,BRICE HOLLOW RD,84,39.56818333,-78.707000000,0,32,0,0,2,3,6,0,2,1,0,1,0,0000000,99,99,99,99,88,88,0,0,0,1,0
24,240313,2,2,0,5,33,450,16,9,2010,5,0,4,0,14,4,CO-3074,,16,38.86006111,-76.909447220,0,12,8,0,1,1,1,0,3,1,0,1,0,0000000,99,99,99,99,99,99,0,0,0,3,0
24,240314,1,1,1,1,33,0,19,9,2010,1,5,30,0,13,3,SR-202,,70,38.89049722,-76.824216670,0,9,0,0,1,1,1,0,2,1,0,1,0,0000000,99,99,99,99,99,99,0,0,0,1,0
24,240315,1,1,0,1,19,0,21,9,2010,3,13,52,0,4,3,SR-14,,84,38.57575000,-75.829011110,0,31,0,0,1,1,6,0,1,1,0,1,0,0000000,99,99,99,99,99,99,0,0,0,1,0
24,240316,2,2,0,4,25,0,18,9,2010,7,18,7,1,11,1,I-95,,165,39.56341944,-76.122036110,0,12,1,0,1,1,1,0,1,1,0,1,0,0000000,99,99,99,99,88,88,0,0,0,1,1
24,240317,2,2,0,2,17,0,25,9,2010,7,20,57,1,2,3,SR-5,,132,38.65097222,-76.873044440,0,12,1,0,1,1,1,0,3,1,0,1,0,0000000,20,56,21,1,21,50,0,0,0,1,1
24,240318,1,1,0,1,5,0,24,9,2010,6,21,19,0,16,8,GLENN MICHAELS LN,,0,39.35959444,-76.775680560,0,30,0,0,1,1,5,0,1,1,0,1,0,0000000,21,32,21,34,21,43,0,0,0,1,1
24,240319,2,2,1,2,9,0,27,9,2010,2,19,44,1,2,3,SR-2,FOX RUN BLVD,197,38.55299722,-76.594447220,0,8,0,0,2,2,1,0,3,2,0,2,0,0000000,99,99,99,99,99,99,0,0,0,1,0
24,240320,2,2,1,2,13,0,30,9,2010,5,21,28,1,13,3,SR-140,,82,39.56791111,-76.979238890,0,8,0,0,1,1,1,0,2,2,0,2,0,0000000,99,99,99,99,99,99,0,0,0,1,0
24,240321,1,1,0,1,9,0,1,10,2010,6,15,16,0,15,3,SR-497,,26,38.37831944,-76.392155560,0,42,0,0,1,1,6,0,1,1,0,1,0,0000000,15,28,15,35,16,14,0,0,0,1,0
24,240322,1,1,0,1,37,0,3,10,2010,1,0,31,0,5,3,SR-6,,33,38.46732500,-76.735930560,0,42,0,0,1,1,6,0,2,1,0,1,0,0000000,0,31,0,39,1,32,0,0,0,1,1
24,240323,1,1,0,3,1,0,12,9,2010,1,17,54,1,11,1,I-68,,221,39.71002500,-78.603572220,0,24,0,0,1,1,4,0,1,1,0,1,0,0000000,17,53,18,14,18,40,0,0,0,1,0
24,240324,1,1,0,1,35,0,13,9,2010,2,0,25,0,6,4,CO-158,,22,38.93173889,-76.131133330,0,42,0,0,1,1,6,0,2,1,0,1,0,0000000,99,99,99,99,88,88,0,0,0,1,1
24,240325,1,1,0,1,11,0,5,9,2010,1,8,25,0,6,4,CO-208,,22,38.71759444,-75.832958330,0,1,0,0,1,1,6,0,2,1,0,1,0,0000000,99,99,99,99,99,99,0,0,0,1,0
24,240326,2,2,0,2,15,0,4,9,2010,7,7,2,0,4,2,US-40,CO-167,91,39.61230000,-75.932263890,0,12,6,0,2,2,1,0,1,1,0,1,0,0000000,99,99,99,99,99,99,0,0,0,1,0
24,240327,2,2,0,2,5,0,27,9,2010,2,11,45,0,4,4,CO-722,,55,39.44010278,-76.712980560,0,53,0,0,1,1,6,0,1,2,0,2,0,0000000,11,57,12,8,99,99,0,0,0,1,0
24,240328,1,1,1,2,510,50,25,7,2010,1,22,47,0,13,6,ENSOR ST,MADISON ST,0,39.29893889,-76.603802780,0,8,0,0,3,2,1,0,3,1,0,1,0,0000000,99,99,99,99,99,99,0,0,0,1,0
24,240329,1,1,1,1,33,240,14,9,2010,3,6,21,0,16,4,GARRETT MORGAN BLVD,,0,38.89008889,-76.862850000,0,8,0,0,1,1,1,0,3,1,0,1,0,0000000,99,99,99,99,99,99,0,0,0,1,0
24,240330,1,1,1,3,3,0,1,10,2010,6,22,53,0,13,3,SR-173,,59,39.16859167,-76.531577780,0,8,0,0,1,1,1,0,2,1,0,1,0,0000000,99,99,99,99,99,99,0,0,0,1,1
24,240331,2,2,0,2,31,0,6,9,2010,2,13,25,0,13,3,SR-198,DINO DR,40,39.10912500,-76.923094440,0,12,6,0,2,3,1,0,1,1,0,1,0,0000000,99,99,99,99,99,99,0,0,0,1,0
24,240332,1,1,1,1,31,0,25,9,2010,7,20,12,0,14,4,CO-725,,4,38.99871667,-76.991222220,0,8,0,0,1,1,1,0,3,1,0,1,0,0000000,99,99,99,99,99,99,0,0,0,1,0
24,240333,1,1,1,2,31,0,7,10,2010,5,19,43,0,13,3,SR-335,,84,39.07309444,-77.134055560,0,8,0,0,1,1,1,0,2,1,0,1,0,0000000,99,99,99,99,99,99,0,0,0,1,0
24,240334,1,1,1,1,11,0,8,10,2010,6,5,53,0,3,3,SR-313,,47,38.71498333,-75.788197220,0,8,0,0,1,1,1,0,2,1,0,1,0,0000000,99,99,99,99,88,88,0,0,0,1,0
24,240335,2,2,0,2,27,0,8,10,2010,6,23,14,1,11,1,I-70,,38,39.34510833,-77.078650000,0,12,1,0,1,1,1,0,2,1,0,1,0,0000000,99,99,99,99,88,88,23,0,0,1,1
24,240336,1,1,0,1,33,900,9,10,2010,7,3,22,0,15,4,CO-1,,8,39.10658611,-76.893888890,0,40,0,0,1,1,6,0,3,1,0,1,0,0000000,99,99,99,99,88,88,0,0,0,1,1
24,240337,2,2,0,2,5,0,11,10,2010,2,21,5,0,14,3,SR-588,,7,39.34099444,-76.505216670,0,12,2,0,8,1,1,0,3,1,0,1,0,0000000,21,5,21,9,99,99,0,0,0,1,0
24,240338,1,1,1,1,5,0,27,9,2010,2,20,20,0,13,4,CO-2000,,37,39.32045556,-76.758213890,0,8,0,0,1,1,1,0,3,1,0,1,0,0000000,20,20,20,25,99,99,0,0,0,1,0
24,240339,1,1,2,2,31,0,10,10,2010,1,3,0,0,13,3,SR-355,CO-4122,61,39.04711944,-77.112769440,0,8,0,0,2,2,1,0,3,1,0,1,0,0000000,99,99,99,99,99,99,0,0,0,2,1
24,240340,1,1,1,1,3,0,13,10,2010,4,6,26,0,14,3,SR-173,KEMBO RD,0,39.19098889,-76.554194440,0,8,0,0,3,3,1,0,3,1,0,1,0,0000000,99,99,99,99,88,88,0,0,0,1,0
24,240341,1,1,0,1,33,370,10,10,2010,1,10,49,0,13,2,US-1,,57,39.00719722,-76.929661110,0,33,0,0,1,1,4,0,1,1,0,1,0,0000000,99,99,99,99,99,99,0,0,0,1,0
24,240342,1,1,1,1,23,0,7,9,2010,3,5,55,0,5,4,CO-216,,2,39.67185000,-79.112119440,0,8,0,0,1,1,1,0,2,1,0,1,0,0000000,99,99,99,99,88,88,0,0,0,1,0
24,240343,1,1,0,1,23,0,5,9,2010,1,1,5,0,4,3,SR-560,,1,39.38622500,-79.343133330,0,35,0,0,1,1,6,0,2,1,0,1,0,0000000,1,20,1,30,1,56,0,0,0,1,1
24,240344,2,2,0,5,3,0,15,9,2010,4,20,33,1,12,3,SR-295,,103,39.18403611,-76.718472220,0,12,2,0,1,1,1,0,2,1,0,1,0,0000000,99,99,99,99,99,99,0,0,0,1,0
24,240345,2,2,0,2,33,900,17,9,2010,6,13,59,0,13,3,SR-198,BUSINESS ENTRANCE,41,39.09569722,-76.838400000,0,12,6,0,2,2,1,0,1,1,0,1,0,0000000,99,99,99,99,99,99,0,0,0,1,0
24,240346,1,1,0,1,33,1520,9,9,2010,5,6,40,0,16,4,CO-218,,2,38.85528333,-76.939702780,0,33,0,0,1,1,4,0,4,1,0,1,0,0000000,99,99,99,99,99,99,0,0,0,1,1
24,240347,1,1,0,2,11,0,2,10,2010,7,2,21,0,6,4,CO-18,,51,39.06935556,-75.757191670,0,35,0,0,1,1,4,0,2,1,0,1,0,0000000,2,37,2,58,3,52,0,0,0,1,1
24,240348,1,1,1,1,510,50,12,10,2010,3,11,39,0,15,6,SHANNON DR,SINCLAIR LN,0,39.31753333,-76.555716670,0,8,0,0,3,2,1,0,1,1,0,1,0,0000000,99,99,99,99,99,99,0,0,0,1,0
24,240349,1,1,0,2,5,0,17,10,2010,1,2,18,0,14,3,SR-122,,12,39.31192222,-76.722594440,0,33,0,0,1,1,4,0,2,1,0,1,0,0000000,2,19,2,23,99,99,0,0,0,1,1
24,240350,2,2,1,3,31,0,11,10,2010,2,23,52,1,11,1,I-270,,114,39.14636944,-77.214833330,0,8,0,0,1,1,1,0,2,1,0,1,0,0000000,99,99,99,99,88,88,0,0,0,1,0
24,240351,1,1,2,1,17,0,21,10,2010,5,13,30,0,13,3,SR-228,,1,38.65253889,-76.992552780,0,8,0,0,1,1,3,4,1,1,0,1,0,0000000,13,29,13,34,14,33,0,0,0,2,0
24,240352,2,2,0,2,35,0,24,10,2010,1,2,44,0,3,3,SR-213,,5,39.17891389,-76.000927780,0,12,2,0,1,1,1,0,2,1,0,1,0,0000000,99,99,99,99,99,99,0,0,0,1,2
24,240353,1,1,0,1,5,0,15,10,2010,6,22,4,0,13,3,SR-139,,11,39.41457778,-76.629991670,0,24,0,0,1,1,6,0,2,1,0,1,0,0000000,22,7,22,15,22,47,0,0,0,1,0
24,240354,1,1,1,1,33,240,10,10,2010,1,21,35,0,13,3,SR-214,,24,38.88929722,-76.868913890,0,8,0,0,1,1,1,0,3,1,0,1,0,0000000,99,99,99,99,99,99,0,0,0,1,0
24,240355,1,1,0,1,11,0,15,10,2010,6,18,1,0,5,3,SR-314,,49,38.95920833,-75.753136110,0,42,0,0,1,1,6,0,1,1,0,1,0,0000000,99,99,99,99,88,88,0,0,0,1,1
24,240356,1,1,0,5,510,50,24,10,2010,1,0,54,0,14,6,GWYNN FALLS,,0,39.31545278,-76.659063890,0,33,0,0,1,1,3,0,2,1,0,1,0,0000000,99,99,99,99,99,99,0,0,0,1,0
24,240357,2,2,0,3,510,50,17,10,2010,1,2,2,0,13,3,SR-147,WOODHOME AVE,0,39.36651944,-76.549300000,0,12,2,0,2,3,1,0,3,1,0,1,0,0000000,99,99,99,99,99,99,0,0,0,1,0
24,240358,2,1,3,1,3,0,27,9,2010,2,13,0,1,12,2,US-50,,147,39.02663889,-76.443305560,0,14,0,0,1,1,2,0,1,1,0,1,0,0000000,99,99,99,99,99,99,0,0,0,1,0
24,240359,1,1,1,0,5,0,1,9,2010,4,16,53,0,14,4,CO-3353,,4,39.39997222,-76.578997220,0,8,0,0,1,1,6,0,1,1,0,1,0,0000000,16,53,16,58,17,30,17,0,0,1,0
24,240360,2,2,0,3,3,0,11,9,2010,7,23,40,0,14,4,CO-1546,,28,39.16547222,-76.561316670,0,12,1,0,1,1,1,0,2,1,0,1,0,0000000,99,99,99,99,99,99,19,0,0,1,1
24,240361,1,1,0,4,3,0,18,10,2010,2,17,41,0,5,4,CO-2715,,0,38.95253333,-76.676502780,0,30,0,0,1,1,4,0,1,1,0,1,0,0000000,99,99,99,99,99,99,0,0,0,1,0