STATE,ST_CASE,VE_TOTAL,VE_FORMS,PEDS,PERSONS,COUNTY,CITY,DAY,MONTH,YEAR,DAY_WEEK,HOUR,MINUTE,NHS,ROAD_FNC,ROUTE,TWAY_ID,TWAY_ID2,MILEPT,LATITUDE,LONGITUD,SP_JUR,HARM_EV,MAN_COLL,RELJCT1,RELJCT2,TYP_INT,REL_ROAD,WRK_ZONE,LGT_COND,WEATHER1,WEATHER2,WEATHER,SCH_BUS,RAIL,NOT_HOUR,NOT_MIN,ARR_HOUR,ARR_MIN,HOSP_HR,HOSP_MN,CF1,CF2,CF3,FATALS,DRUNK_DR
24,240362,1,1,0,1,510,50,25,7,2010,1,22,0,0,14,6,MONROE ST,,0,39.27724722,-76.644766670,0,33,0,0,1,1,4,0,3,1,0,1,0,0000000,99,99,99,99,99,99,0,0,0,1,0
24,240363,1,1,0,2,510,50,4,8,2010,4,9,1,1,11,1,I-95,,64,39.26442500,-76.590027780,0,20,0,0,1,1,4,0,1,1,0,1,0,0000000,99,99,99,99,99,99,0,0,0,1,0
24,240364,1,1,1,0,43,0,21,9,2010,3,21,45,0,6,4,CO-74,,2,39.71643056,-77.899116670,0,8,0,0,1,1,4,0,2,1,0,1,0,0000000,99,99,99,99,99,99,0,0,0,1,0
24,240365,2,2,0,4,25,0,2,9,2010,5,17,1,0,3,3,SR-136,,103,39.61878056,-76.257477780,0,1,0,0,1,1,1,0,1,1,0,1,0,0000000,17,1,17,15,17,51,0,0,0,1,0
24,240366,1,1,1,1,25,0,17,9,2010,6,21,44,0,13,3,SR-24,CO-224,118,39.55805833,-76.370472220,0,8,0,0,3,2,1,0,3,1,0,1,0,0000000,99,99,99,99,99,99,0,0,0,1,0
24,240367,1,1,0,1,47,0,10,11,2010,4,1,36,0,15,4,CO-583,,0,38.37868056,-75.132719440,0,53,0,0,1,1,6,0,2,1,0,1,0,0000000,99,99,99,99,88,88,0,0,0,1,1
24,240368,2,2,0,2,31,0,14,11,2010,1,1,45,0,14,4,CO-537,,2,38.99716667,-77.091225000,0,12,6,0,1,1,1,0,3,1,0,1,0,0000000,99,99,99,99,99,99,0,0,0,1,1
24,240369,1,1,0,1,5,0,14,11,2010,1,20,26,0,4,4,CO-23,,42,39.64194722,-76.779633330,0,43,0,0,1,1,6,0,2,1,0,1,0,0000000,99,99,99,99,88,88,0,0,0,1,0
24,240370,1,1,0,3,47,0,26,11,2010,6,14,16,1,2,2,US-13,,2120,38.02923056,-75.542077780,0,32,0,0,1,1,4,0,1,1,0,1,0,0000000,99,99,99,99,99,99,0,0,0,1,0
24,240371,3,3,0,3,33,0,6,11,2010,7,5,54,1,11,1,I-95,,17,38.98830278,-76.883183330,0,12,1,0,1,1,1,0,3,1,0,1,0,0000000,99,99,99,99,99,99,0,0,0,1,0
24,240372,1,1,1,2,3,0,2,11,2010,3,22,2,1,11,1,I-695,,20,39.21928889,-76.658991670,0,8,0,0,1,1,1,0,1,1,0,1,0,0000000,99,99,99,99,99,99,0,0,0,1,0
24,240373,1,1,0,1,21,0,7,11,2010,1,14,19,0,3,2,US-40A,,42,39.44892778,-77.560108330,0,33,0,0,1,1,4,0,1,1,0,1,0,0000000,99,99,99,99,99,99,0,0,0,1,1
24,240374,1,1,0,1,41,0,6,11,2010,7,4,4,0,3,3,SR-33,,216,38.78212222,-76.104955560,0,30,0,0,1,1,6,0,3,1,0,1,0,0000000,99,99,99,99,99,99,0,0,0,1,1
24,240375,1,1,0,1,13,0,14,11,2010,1,6,36,0,5,4,CO-54,,24,39.64548611,-77.056388890,0,42,0,0,1,1,6,0,2,1,0,1,0,0000000,99,99,99,99,88,88,0,0,0,1,1
24,240376,2,2,0,2,5,0,16,11,2010,3,6,54,0,13,3,SR-45,,105,39.50649167,-76.645775000,0,12,2,0,1,1,1,0,1,1,0,1,0,0000000,99,99,99,99,88,88,0,0,0,1,0
24,240377,2,2,0,2,25,0,24,11,2010,4,14,8,0,4,3,SR-136,CO-93,220,39.69708333,-76.451369440,0,12,6,0,2,2,1,0,1,1,0,1,0,0000000,99,99,99,99,99,99,0,0,0,1,1
24,240378,1,1,1,2,33,1175,27,5,2010,5,21,40,0,13,3,SR-214,,9,38.80502778,-76.976502780,0,8,0,0,1,1,1,0,2,2,0,2,0,0000000,99,99,99,99,99,99,0,0,0,1,0
24,240379,4,4,0,4,37,0,12,7,2010,2,15,56,0,3,3,SR-5,,255,38.28320000,-76.615991670,0,12,1,0,1,1,1,0,1,1,0,1,0,0000000,16,0,16,3,16,11,0,0,0,1,0
24,240380,2,2,0,4,3,0,23,8,2010,2,15,15,0,3,3,SR-424,CO-2697,72,39.01044722,-76.681352780,0,12,6,0,2,3,1,0,1,1,0,1,0,0000000,99,99,99,99,99,99,0,0,0,1,0
24,240381,2,1,0,1,17,0,29,8,2010,1,15,28,0,6,4,CO-853,,0,38.54088056,-77.082738890,0,14,0,0,1,1,4,0,1,1,0,1,0,0000000,15,28,15,35,99,99,0,0,0,1,0
24,240382,2,2,0,4,1,0,3,10,2010,1,15,54,1,2,2,US-220,CO-264,127,39.57898333,-78.847397220,0,12,6,0,2,3,1,0,1,1,0,1,0,0000000,99,99,99,99,99,99,0,0,0,1,0
24,240383,3,3,0,7,9,0,8,10,2010,6,11,30,1,2,3,SR-2,SR-4,275,38.66071667,-76.606980560,0,12,1,0,2,3,1,0,1,1,0,1,0,0000000,11,38,12,4,12,29,0,0,0,1,0
24,240384,3,3,0,6,5,0,28,10,2010,5,15,17,0,14,3,SR-940,SR-140,14,39.41809444,-76.780133330,0,12,6,0,2,3,1,0,1,1,0,1,0,0000000,15,19,15,26,16,3,0,0,0,1,0
24,240385,1,1,0,3,31,0,29,10,2010,6,22,4,0,6,4,CO-68,,0,39.16537222,-77.029738890,0,42,0,0,1,1,6,0,2,1,0,1,0,0000000,99,99,99,99,99,99,0,0,0,1,1
24,240386,2,2,0,2,17,0,26,11,2010,6,20,2,1,2,2,US-301,,238,38.63267778,-76.904072220,0,12,1,0,7,1,1,0,3,1,0,1,0,0000000,99,99,99,99,88,88,0,0,0,1,0
24,240387,2,1,0,1,33,1022,30,11,2010,3,6,19,0,16,4,CO-3459,,8,38.91230833,-76.823444440,0,53,0,0,1,1,6,0,3,1,0,1,0,0000000,99,99,99,99,99,99,0,0,0,1,0
24,240389,1,1,0,3,33,569,29,11,2010,2,2,3,1,12,3,SR-4,,116,38.84973611,-76.903266670,0,35,0,0,1,1,4,0,2,1,0,1,0,0000000,99,99,99,99,99,99,0,0,0,1,1
24,240390,1,1,1,1,5,0,1,11,2010,2,20,38,0,13,3,SR-45,,49,39.43785833,-76.625047220,0,8,0,0,1,1,1,0,3,1,0,1,0,0000000,20,39,20,43,21,10,0,0,0,1,0
24,240391,1,1,0,1,5,0,21,11,2010,1,16,26,0,15,4,CO-5278,,12,39.26115833,-76.512758330,0,33,0,0,1,1,6,0,5,1,0,1,0,0000000,99,99,99,99,99,99,0,0,0,1,1
24,240392,1,1,1,1,13,0,23,11,2010,3,1,53,1,2,3,SR-140,,20,39.49794722,-76.893472220,0,8,0,0,1,1,1,0,2,1,0,1,0,0000000,99,99,99,99,88,88,0,0,0,1,0
24,240393,2,1,0,2,43,0,27,11,2010,7,23,31,1,11,1,I-70,,277,39.60645000,-77.773333330,0,14,0,0,1,1,2,0,2,1,0,1,0,0000000,99,99,99,99,99,99,0,0,0,1,0
24,240394,1,1,0,2,31,0,27,11,2010,7,2,11,0,16,4,CO-87,,7,39.12376944,-76.928716670,0,42,0,0,1,1,6,0,2,1,0,1,0,0000000,99,99,99,99,99,99,0,0,0,1,1
24,240395,2,2,0,3,15,0,29,11,2010,2,17,52,0,3,3,SR-273,,123,39.70359722,-75.872966670,0,12,6,0,8,1,1,0,2,1,0,1,0,0000000,99,99,99,99,99,99,0,0,0,1,1
24,240396,2,2,0,3,33,710,23,10,2010,7,4,39,0,13,3,SR-193,FRANKFORT DR,75,38.99300556,-76.868763890,0,12,6,0,2,2,1,0,3,1,0,1,0,0000000,99,99,99,99,99,99,0,0,0,1,1
24,240397,2,2,0,6,3,1018,22,10,2010,6,12,42,0,14,4,CO-5461,,0,39.09689444,-76.624402780,0,12,6,0,8,1,1,0,1,1,0,1,0,0000000,99,99,99,99,99,99,0,0,0,1,0
24,240398,1,1,0,1,1,0,16,12,2010,5,6,15,1,13,3,SR-53,,29,39.59788333,-78.835230560,0,42,0,0,1,1,6,0,2,1,0,1,0,0000000,99,99,99,99,88,88,0,0,0,1,0
24,240399,1,1,0,1,45,980,4,10,2010,2,19,20,0,6,4,CO-38,,0,38.45850000,-75.738561110,0,42,0,0,1,1,6,0,2,1,0,1,0,0000000,99,99,99,99,88,88,0,0,0,1,0
24,240400,1,1,0,2,23,0,6,10,2010,4,22,58,0,5,4,CO-131,,11,39.43088889,-79.333477780,0,42,0,0,1,1,6,0,2,2,0,2,0,0000000,99,99,99,99,99,99,0,0,0,1,1
24,240401,1,1,0,3,23,0,10,10,2010,1,4,55,0,4,4,CO-131,,11,39.47122222,-79.339866670,0,42,0,0,1,1,6,0,2,1,0,1,0,0000000,99,99,99,99,99,99,0,0,0,1,1
24,240402,1,1,0,4,39,0,6,11,2010,7,1,59,1,2,2,US-13,,169,38.23777500,-75.683183330,0,42,0,0,1,1,6,0,2,1,0,1,0,0000000,2,5,2,16,2,43,0,0,0,1,1
24,240403,1,1,1,1,31,0,7,11,2010,1,8,32,0,14,4,CO-2722,CO-4092,14,39.09191667,-77.070411110,0,8,0,0,2,2,1,0,1,1,0,1,0,0000000,99,99,99,99,99,99,0,0,0,1,0
24,240404,2,2,0,3,31,0,20,11,2010,7,15,29,0,14,4,CO-4359,,11,39.04838611,-76.952233330,0,12,2,0,1,1,1,0,1,1,0,1,0,0000000,99,99,99,99,99,99,20,0,0,1,0
24,240405,2,2,0,3,43,0,24,11,2010,4,7,21,1,11,1,I-70,,266,39.60651389,-77.772216670,0,12,7,0,1,1,1,0,1,1,0,1,0,0000000,99,99,99,99,99,99,0,0,0,1,0
24,240406,1,1,1,1,33,830,18,12,2010,7,2,21,0,16,6,MU-9380,,0,38.95266667,-76.955000000,0,8,0,0,1,1,1,0,2,1,0,1,0,0000000,99,99,99,99,88,88,0,0,0,1,0
24,240407,2,2,0,2,11,0,19,12,2010,1,13,51,0,3,3,SR-313,SR-315,33,38.69608611,-75.789258330,0,12,6,0,2,2,1,0,1,1,0,1,0,0000000,99,99,99,99,88,88,0,0,0,1,0
24,240408,1,1,2,1,33,240,8,12,2010,4,17,39,0,15,4,CO-367,,29,38.86296944,-76.901594440,0,8,0,0,1,1,1,0,2,1,0,1,0,0000000,99,99,99,99,99,99,0,0,0,1,0
24,240409,1,1,0,3,33,900,16,12,2010,5,1,47,0,13,3,SR-197,,122,39.06488889,-76.839419440,0,24,0,0,1,1,4,0,3,1,0,1,0,0000000,99,99,99,99,99,99,0,0,0,1,1
24,240410,1,1,0,2,33,170,18,12,2010,7,2,10,0,14,4,CO-49,,32,38.98660000,-76.731391670,0,33,0,0,1,1,4,0,3,1,0,1,0,0000000,99,99,99,99,99,99,0,0,0,1,0
24,240411,4,4,0,5,27,0,10,11,2010,4,7,58,0,14,3,SR-175,,51,39.21065833,-76.829130560,0,12,2,0,1,1,1,0,1,1,0,1,0,0000000,99,99,99,99,99,99,0,0,0,2,0
24,240412,4,3,0,3,31,0,21,11,2010,1,15,31,0,15,4,CO-4763,,16,39.16441667,-77.273144440,0,1,0,0,1,1,1,0,1,1,0,1,0,0000000,99,99,99,99,99,99,0,0,0,1,0
24,240413,1,1,1,2,35,0,21,12,2010,3,18,16,1,2,2,US-50,,47,38.97590000,-76.289836110,0,8,0,0,1,1,1,0,3,1,0,1,0,0000000,99,99,99,99,88,88,0,0,0,1,0
24,240414,1,1,1,1,5,0,31,12,2010,6,5,58,0,12,3,SR-43,WALTHER BLVD,6,39.38113333,-76.512222220,0,8,0,0,3,2,1,0,3,1,0,1,0,0000000,99,99,99,99,99,99,0,0,0,1,0
24,240415,1,1,0,1,27,0,22,12,2010,4,20,1,1,11,1,I-95,,55,39.16577222,-76.811127780,0,42,0,0,1,1,3,0,1,1,0,1,0,0000000,99,99,99,99,88,88,0,0,0,1,0
24,240416,3,3,1,4,35,0,2,12,2010,5,15,10,0,4,3,SR-213,ROUND TOP RD,219,39.20080000,-76.044102780,0,9,0,0,3,3,1,0,1,1,0,1,0,0000000,99,99,99,99,99,99,0,0,0,1,0
24,240417,1,1,0,1,5,0,24,12,2010,6,0,7,1,11,1,I-695 RAMP,,289,39.35029444,-76.494411110,0,25,0,1,5,1,4,0,3,1,0,1,0,0000000,99,99,99,99,99,99,0,0,0,1,1
24,240418,1,1,0,2,15,0,12,8,2010,5,3,29,0,4,4,CO-76,,49,39.63442222,-76.055602780,0,30,0,0,1,1,6,0,2,1,0,1,0,0000000,99,99,99,99,99,99,0,0,0,1,0
24,240419,2,2,0,2,510,50,25,7,2010,1,15,19,0,14,6,MONROE ST,MCHENRY ST,0,39.28424167,-76.646697220,0,12,6,0,2,2,1,0,1,1,0,1,0,0000000,99,99,99,99,99,99,0,0,0,1,0
24,240420,1,1,0,2,25,0,26,9,2010,1,2,4,0,15,4,CO-617,,16,39.58240833,-76.378327780,0,33,0,0,1,1,4,0,3,1,0,1,0,0000000,2,8,2,16,3,8,0,0,0,1,1
24,240421,1,1,2,2,47,110,20,10,2010,4,8,51,0,4,3,SR-377,,0,38.32465556,-75.218572220,0,19,0,0,1,1,5,0,1,2,0,2,0,0000000,99,99,99,99,99,99,0,0,0,1,0
24,240422,2,2,0,2,27,0,9,10,2010,7,2,52,1,12,2,US-29,,22,39.16296111,-76.886550000,0,12,2,0,1,1,1,0,3,1,0,1,0,0000000,2,52,3,1,3,23,0,0,0,1,1
24,240423,1,1,0,1,27,0,19,10,2010,3,21,49,0,6,4,CO-41,,5,39.28885833,-77.014288890,0,42,0,0,1,1,6,0,2,1,0,1,0,0000000,99,99,99,99,99,99,0,0,0,1,1
24,240424,2,2,0,3,31,0,18,10,2010,2,0,13,0,13,3,SR-586,,24,39.06514722,-77.098144440,0,12,1,0,1,1,1,0,3,1,0,1,0,0000000,99,99,99,99,99,99,0,0,0,1,0
24,240425,1,1,1,1,510,50,12,11,2010,6,16,0,0,13,2,US-1,,0,39.32043056,-76.575050000,0,8,0,0,1,1,1,0,1,1,0,1,0,0000000,99,99,99,99,99,99,0,0,0,1,0
24,240426,1,1,0,1,27,0,15,10,2010,6,16,28,0,6,4,CO-35,,0,39.35027778,-76.983325000,0,42,0,0,1,1,6,0,1,1,0,1,0,0000000,99,99,99,99,88,88,0,0,0,1,1
24,240427,2,2,0,4,37,0,3,12,2010,6,12,24,0,4,3,SR-5,,400,38.44632778,-76.742119440,0,12,6,0,4,1,1,0,1,1,0,1,0,0000000,12,24,12,32,13,0,0,0,0,1,0
24,240428,1,1,1,1,43,0,2,12,2010,5,18,39,0,5,3,SR-144,,23,39.69833611,-78.209336110,0,8,0,0,1,1,1,0,2,1,0,1,0,0000000,99,99,99,99,99,99,0,0,0,1,0
24,240429,3,3,0,4,5,0,22,11,2010,2,17,19,0,15,4,CO-5600,GUY WAY,10,39.26046944,-76.491108330,0,12,2,0,2,2,1,0,3,1,0,1,0,0000000,17,23,17,29,17,53,0,0,0,1,0
24,240430,2,2,0,2,21,0,6,12,2010,2,21,34,0,5,3,SR-80,,123,39.33851389,-77.230197220,0,12,2,0,1,1,1,0,2,1,0,1,0,0000000,99,99,99,99,99,99,0,0,0,1,1
24,240431,2,2,0,4,37,0,4,12,2010,7,15,40,1,2,3,SR-235,JONES WHARF RD,224,38.36639167,-76.590627780,0,12,6,0,2,3,1,0,1,1,0,1,0,0000000,99,99,99,99,99,99,0,0,0,1,0
24,240432,2,2,0,2,21,0,8,12,2010,4,2,41,1,11,1,I-70,,154,39.40071944,-77.406063890,0,12,2,0,1,1,1,0,3,1,0,1,0,0000000,99,99,99,99,88,88,0,0,0,1,1
24,240433,1,1,0,1,45,0,9,12,2010,5,18,52,0,6,4,CO-111,,8,38.37170833,-75.675802780,0,42,0,0,1,1,6,0,2,1,0,1,0,0000000,99,99,99,99,88,88,0,0,0,1,1
24,240434,1,1,0,1,3,0,12,12,2010,1,21,20,0,3,3,SR-214,,0,38.90604444,-76.530966670,0,43,0,0,1,1,6,0,3,1,0,1,0,0000000,99,99,99,99,99,99,0,0,0,1,1
24,240435,1,1,0,2,21,0,14,12,2010,3,19,21,0,16,4,CO-398,,5,39.32912778,-77.232877780,0,42,0,0,1,1,6,0,2,1,0,1,0,0000000,99,99,99,99,99,99,0,0,0,1,1
24,240436,1,1,1,2,5,0,11,12,2010,7,18,24,0,14,4,CO-1500,,1,39.37521389,-76.703394440,0,8,0,0,1,1,1,0,3,1,0,1,0,0000000,18,24,18,31,18,53,0,0,0,1,0
24,240437,1,1,0,1,17,0,14,12,2010,3,7,48,1,2,3,SR-5,,87,38.59220278,-76.868538890,0,42,0,0,1,1,6,0,1,1,0,1,0,0000000,99,99,99,99,88,88,0,0,0,1,0
24,240438,4,4,0,5,3,0,9,12,2010,5,7,47,0,14,3,SR-710,BLADES LN,12,39.19971944,-76.595563890,0,12,1,0,3,3,1,0,4,1,0,1,0,0000000,99,99,99,99,99,99,0,0,0,1,0
24,240439,2,2,0,2,11,0,18,12,2010,7,22,6,1,2,3,SR-404,SR-312,30,38.91524444,-75.894413890,0,12,6,0,2,2,1,0,2,1,0,1,0,0000000,99,99,99,99,88,88,0,0,0,1,1
24,240440,2,1,0,1,27,0,10,12,2010,6,22,41,0,14,3,SR-103,,48,39.23005833,-76.791494440,0,30,0,0,1,1,6,0,3,1,0,1,0,0000000,99,99,99,99,88,88,0,0,0,1,1
24,240441,1,1,0,4,43,0,22,12,2010,4,15,53,0,6,4,CO-592,,0,39.47029167,-77.706041670,0,42,0,0,1,1,6,0,1,1,0,1,0,0000000,99,99,99,99,99,99,0,0,0,1,0
24,240442,1,1,0,1,3,0,24,12,2010,6,2,5,0,16,4,CO-1684,,0,39.13621944,-76.533186110,0,42,0,0,1,1,6,0,3,1,0,1,0,0000000,99,99,99,99,99,99,0,0,0,1,1
24,240443,1,1,0,1,35,0,3,12,2010,6,8,5,0,6,3,SR-213,,38,38.99480556,-76.075044440,0,24,0,0,1,1,4,0,1,1,0,1,0,0000000,8,6,8,7,8,45,0,0,0,1,1
24,240444,1,1,0,2,27,0,31,12,2010,6,15,31,1,11,1,I-70,,160,39.29611389,-76.855975000,0,1,0,0,1,1,4,0,1,1,0,1,0,0000000,15,29,15,38,99,99,0,0,0,1,1
24,240445,2,2,0,5,17,0,29,12,2010,4,16,21,1,2,3,SR-5,GALLANT GREEN RD,29,38.54625278,-76.797136110,0,12,6,0,2,3,1,0,1,1,0,1,0,0000000,99,99,99,99,99,99,0,0,0,1,0
24,240446,1,1,0,1,41,0,31,12,2010,6,22,6,0,6,3,SR-565,,26,38.69204167,-76.062597220,0,42,0,0,1,1,6,0,2,1,0,1,0,0000000,99,99,99,99,88,88,0,0,0,1,1
24,240447,2,1,3,1,31,1360,29,12,2010,4,17,40,0,16,6,FREDERICK AVE,,4,39.09424722,-77.152755560,0,14,0,0,4,1,4,0,1,1,0,1,0,0000000,99,99,99,99,99,99,0,0,0,1,0
24,240448,1,1,0,1,27,0,23,12,2010,5,19,50,0,4,3,SR-144,,104,39.30408611,-76.958047220,0,34,0,0,1,1,6,0,2,1,0,1,0,0000000,99,99,99,99,88,88,0,0,0,1,1
24,240449,1,1,0,2,5,0,8,12,2010,4,15,7,0,15,4,CO-811,,21,39.45236667,-76.606130560,0,5,0,0,1,1,1,0,1,1,0,1,1,0000000,99,99,99,99,99,99,0,0,0,1,0
24,240450,1,1,0,3,31,0,12,12,2010,1,10,1,0,13,3,SR-650,,147,39.16626944,-77.015416670,0,42,0,0,1,1,6,0,1,2,0,2,0,0000000,99,99,99,99,99,99,0,0,0,1,0
24,240451,1,1,0,1,3,0,14,12,2010,3,15,46,1,13,3,SR-2,,0,39.14796667,-76.609597220,0,33,0,0,1,1,6,0,1,1,0,1,0,0000000,99,99,99,99,99,99,0,0,0,1,0
24,240452,2,2,1,5,33,240,21,12,2010,3,18,37,0,14,4,CO-3074,,0,38.86631944,-76.916741670,0,8,0,0,1,1,1,0,3,1,0,1,0,0000000,99,99,99,99,99,99,0,0,0,1,0
24,240453,1,1,0,1,33,0,28,9,2010,3,17,49,0,16,4,CO-199,,8,38.76941667,-76.936966670,0,42,0,0,1,1,6,0,1,1,0,1,0,0000000,99,99,99,99,99,99,0,0,0,1,0
24,240454,1,1,0,1,33,0,17,3,2010,4,3,45,1,12,3,SR-295,,69,99.99990000,999.999900000,9,99,99,8,98,8,98,0,2,1,0,1,0,0000000,99,99,99,99,88,88,0,0,0,1,1
24,240455,1,1,0,3,33,0,4,4,2010,1,2,54,1,12,3,SR-295,,69,39.00437778,-76.863527780,1,99,98,8,98,8,98,0,2,1,0,1,0,0000000,99,99,99,99,99,99,0,0,0,2,1
24,240456,1,1,0,2,33,0,27,9,2010,2,4,2,1,12,3,SR-295,,65,38.99457222,-76.881852780,0,99,99,8,98,8,98,0,2,2,0,2,0,0000000,99,99,99,99,99,99,0,0,0,1,1
24,240457,1,1,0,1,43,0,2,10,2010,7,2,35,0,4,2,US-40AL,,95,39.51541389,-77.657363890,0,42,0,0,1,1,6,0,3,1,0,1,0,0000000,99,99,99,99,88,88,0,0,0,1,0
24,240458,1,1,0,1,5,0,28,10,2010,5,10,13,0,4,3,SR-25,,90,39.49033056,-76.708688890,0,31,0,0,1,1,6,0,1,1,0,1,0,0000000,10,15,10,31,99,99,0,0,0,1,1
24,240459,2,2,1,2,33,0,19,11,2010,6,0,55,1,12,3,SR-295,,115,39.05481667,-76.840180560,1,12,98,0,1,1,1,0,2,1,0,1,0,0000000,99,99,99,99,99,99,0,0,0,1,0
24,240460,2,2,0,2,25,0,11,9,2010,7,1,29,0,15,4,CO-512,,20,39.42417778,-76.316205560,0,12,2,0,1,1,1,0,3,1,0,1,0,0000000,2,33,2,37,3,3,0,0,0,1,1
24,240461,1,1,0,1,15,1200,20,11,2010,7,5,42,0,13,2,US-40,,9,39.57274722,-76.064872220,0,24,0,0,1,1,4,0,3,1,0,1,0,0000000,99,99,99,99,88,88,0,0,0,1,0
24,240462,1,1,0,1,41,0,5,12,2010,1,5,21,0,5,4,CO-39,,14,38.84198056,-76.129461110,0,32,0,0,1,1,6,0,2,1,0,1,0,0000000,99,99,99,99,88,88,0,0,0,1,0
24,240463,2,2,0,3,510,50,3,10,2010,1,22,25,0,13,6,POTEE ST,W. PATAPSCO AVE,0,39.23906667,-76.611055560,0,12,6,0,2,2,1,0,3,2,0,2,0,0000000,99,99,99,99,99,99,0,0,0,1,1
24,240464,1,1,0,2,33,0,4,12,2010,7,23,44,0,14,3,SR-218,,16,38.85088889,-76.929133330,0,1,0,0,1,1,3,0,2,1,0,1,0,0000000,99,99,99,99,99,99,0,0,0,1,1
24,240465,3,3,0,4,510,50,11,9,2010,7,19,0,0,13,3,SR-151,,0,39.30346944,-76.554294440,0,12,7,0,1,1,1,0,1,1,0,1,0,0000000,99,99,99,99,99,99,0,0,0,1,1
24,240466,1,1,1,1,33,0,24,12,2010,6,22,46,1,12,8,GV-119,,5,38.85233889,-76.951750000,1,8,0,0,1,1,1,0,2,1,0,1,0,0000000,99,99,99,99,99,99,0,0,0,1,0
24,240467,3,3,0,4,33,9898,26,12,2010,1,1,5,1,12,3,SR-295,,115,39.05271944,-76.841897220,0,12,98,0,1,1,1,0,2,1,0,1,0,0000000,99,99,99,99,99,99,0,0,0,2,0
25,250001,1,1,0,1,13,1477,2,1,2010,7,15,15,0,4,8,563 MONSON ROAD,,99998,42.11318611,-72.400416670,0,17,0,0,1,1,5,0,1,10,0,10,0,0000000,15,19,15,28,16,19,0,0,0,1,0
25,250002,1,1,1,1,1,121,1,1,2010,6,3,0,0,16,8,HEAD OF THE BAY ROAD,,99998,41.76558889,-70.622272220,0,8,0,0,1,1,2,0,2,99,0,99,0,0000000,8,45,8,55,88,88,0,0,0,1,0
25,250003,4,4,0,4,9,35,4,1,2010,2,6,43,1,11,1,I-93,,99998,42.66186389,-71.192950000,0,12,1,0,1,1,1,0,1,99,0,99,0,0000000,6,45,6,59,7,23,0,0,0,1,0
25,250004,2,2,0,3,11,1150,10,1,2010,1,13,26,1,2,3,SR-2,,99998,42.60736944,-72.642288890,0,12,6,0,1,1,1,0,1,98,0,98,0,0000000,99,99,13,38,99,99,0,0,0,1,1
25,250005,1,1,1,1,25,120,14,1,2010,5,20,4,1,11,1,I-93,,99998,42.29686667,-71.046866670,0,8,0,0,1,1,1,0,3,10,0,10,0,0000000,20,3,20,12,20,21,0,0,0,1,0
25,250006,2,1,0,1,23,685,14,1,2010,5,14,31,0,16,8,SPRING STREET,,99998,42.14972222,-70.754700000,0,14,0,0,1,1,4,0,1,1,0,1,0,0000000,14,30,14,37,15,23,0,0,0,1,0
25,250007,1,1,0,1,27,610,18,1,2010,2,10,35,1,12,3,SR-2,,99998,42.55029722,-71.768875000,0,48,0,0,1,1,3,0,1,1,0,1,0,0000000,10,39,10,39,88,88,0,0,0,1,0
25,250008,1,1,0,1,13,500,19,1,2010,3,12,37,0,14,2,US-5 NORTHHAMPTON ST,OLD FERRY ROAD,99998,42.26181111,-72.609244440,0,30,0,0,3,3,5,0,1,10,8,8,0,0000000,12,39,12,45,99,99,0,0,0,1,1
25,250009,1,1,0,2,5,1441,23,1,2010,7,0,57,1,11,1,I-195,,165,41.67271944,-71.088066670,0,26,0,0,1,1,4,0,2,1,0,1,0,0000000,1,3,1,6,99,99,0,0,0,1,1
25,250010,4,1,0,3,13,1270,19,1,2010,3,1,10,0,16,8,PARKER STREET,,99998,42.12854444,-72.495875000,0,33,0,0,1,1,4,0,3,10,0,10,0,0000000,1,14,1,18,1,42,14,0,0,1,1
25,250011,1,1,0,1,5,320,24,1,2010,1,20,28,1,11,1,I-195,,99998,41.68544444,-71.136902780,0,24,0,0,1,1,4,0,3,1,0,1,0,0000000,20,49,20,55,21,26,0,0,0,1,1
25,250012,1,1,1,1,21,1276,25,1,2010,2,17,15,1,13,3,SR-27 CANTON STREET,,99998,42.12630278,-71.107291670,0,8,0,0,1,1,1,0,3,2,0,2,0,0000000,17,15,17,17,99,99,0,0,0,1,0
25,250013,1,1,1,1,21,1276,25,1,2010,2,16,41,1,12,3,SR-27,PARK AVENUE,99998,42.12168889,-71.096663890,0,8,0,0,3,2,1,0,3,2,0,2,0,0000000,16,42,16,42,16,59,0,0,0,1,0
25,250014,1,1,1,3,17,170,26,1,2010,3,11,40,0,14,3,SR-2A,WESTERN AVENUE,99998,42.36539444,-71.104544440,0,8,0,0,2,2,3,0,1,1,0,1,0,0000000,11,42,11,45,11,59,15,0,0,1,0
25,250015,1,1,0,1,7,940,1,2,2010,2,17,42,0,16,8,EASTVILLE AVENUE,,99998,41.45951667,-70.571966670,0,42,0,0,4,1,5,0,5,98,0,98,0,0000000,17,44,17,48,18,1,0,0,0,1,0
25,250016,1,1,0,1,17,124,1,2,2010,2,9,10,1,11,1,I-495,,99998,42.48823889,-71.543827780,0,42,0,0,1,1,3,0,1,1,0,1,0,0000000,9,18,9,27,88,88,0,0,0,1,0
25,250017,1,1,1,1,5,850,4,2,2010,5,7,35,0,16,8,BROCK AVENUE,,99998,41.61422222,-70.918036110,0,8,0,0,1,1,1,0,1,1,0,1,0,0000000,7,37,7,39,7,56,0,0,0,1,0