STATE,ST_CASE,VE_TOTAL,VE_FORMS,PEDS,PERSONS,COUNTY,CITY,DAY,MONTH,YEAR,DAY_WEEK,HOUR,MINUTE,NHS,ROAD_FNC,ROUTE,TWAY_ID,TWAY_ID2,MILEPT,LATITUDE,LONGITUD,SP_JUR,HARM_EV,MAN_COLL,RELJCT1,RELJCT2,TYP_INT,REL_ROAD,WRK_ZONE,LGT_COND,WEATHER1,WEATHER2,WEATHER,SCH_BUS,RAIL,NOT_HOUR,NOT_MIN,ARR_HOUR,ARR_MIN,HOSP_HR,HOSP_MN,CF1,CF2,CF3,FATALS,DRUNK_DR
25,250018,1,1,1,1,9,765,5,2,2010,6,8,22,0,14,3,SR-110,,99998,42.69846111,-71.225052780,0,8,0,0,1,1,2,0,1,1,0,1,0,0000000,8,22,8,30,99,99,0,0,0,1,1
25,250019,1,1,0,1,27,1278,6,2,2010,7,1,16,0,16,8,FISK HILL ROAD,,99998,42.09115278,-72.059583330,0,39,0,0,1,1,5,0,3,1,0,1,0,0000000,1,16,1,23,2,0,0,0,0,1,1
25,250020,1,1,0,1,27,1283,7,2,2010,1,0,41,0,14,3,SR-68,CROTTY AVENUE,99998,42.59795556,-72.049969440,0,30,0,0,3,3,4,0,3,1,0,1,0,0000000,0,44,0,46,88,88,0,0,0,1,1
25,250021,1,1,0,1,21,1276,8,2,2010,2,0,57,0,16,8,PAGE STREET,,99998,42.15016944,-71.073130560,0,42,0,0,1,1,5,0,3,1,0,1,0,0000000,1,2,1,5,88,88,0,0,0,1,1
25,250022,1,1,0,1,27,123,20,2,2010,7,2,21,0,14,3,SR-70,,99998,42.33183611,-71.746988890,0,30,0,0,1,1,5,0,3,1,0,1,0,0000000,2,21,2,27,88,88,0,0,0,1,1
25,250023,1,1,0,2,27,745,28,2,2010,1,1,16,0,16,8,BATES STREET,,99998,42.08083333,-71.500997220,0,42,0,0,1,1,5,0,2,10,0,10,0,0000000,1,16,1,22,99,99,0,0,0,1,1
25,250024,1,1,0,1,27,1520,1,3,2010,2,0,35,1,11,1,I-190,,99998,42.29086667,-71.798830560,0,24,0,0,1,1,4,0,3,1,0,1,0,0000000,0,36,0,44,0,56,0,0,0,1,1
25,250025,1,1,0,1,27,902,4,3,2010,5,23,31,0,16,8,HILL STREET,,99998,42.15513333,-71.680469440,0,42,0,0,1,1,4,0,3,10,0,10,0,0000000,23,34,23,36,88,88,0,0,0,1,1
25,250026,1,1,0,1,1,260,6,3,2010,7,23,30,0,16,8,DEPOT STREET,,99998,41.68368056,-70.127105560,0,53,0,0,1,1,5,0,3,1,0,1,0,0000000,23,29,23,37,88,88,0,0,0,1,1
25,250027,1,1,0,1,23,1360,8,3,2010,2,20,10,1,11,1,I-495,,10,41.78526389,-70.735816670,0,35,0,0,1,1,5,0,2,1,0,1,0,0000000,99,99,99,99,88,88,0,0,0,1,0
25,250028,1,1,0,1,13,500,12,3,2010,6,4,2,0,16,8,ST JEROME AVENUE,W FRANKLIN STREET,99998,42.20525278,-72.625636110,0,24,0,0,2,4,4,0,3,1,0,1,0,0000000,4,5,4,8,4,34,0,0,0,1,1
25,250029,1,1,0,1,27,745,16,3,2010,3,15,43,0,16,8,BATES STREET,,99998,42.08300000,-71.501083330,0,42,0,0,1,1,5,0,1,1,0,1,0,0000000,15,43,15,52,88,88,0,0,0,1,0
25,250030,1,1,0,1,1,121,9,4,2010,6,0,44,0,16,8,COUNTY ROAD,DEPOT ROAD,99998,41.67182222,-70.609130560,0,1,0,0,2,3,1,0,2,1,0,1,0,0000000,0,45,0,51,1,19,0,0,0,1,0
25,250031,1,1,0,1,23,1130,31,3,2010,4,20,7,0,16,8,CLAPP ROAD,HIGHLAND CROSSING RO,99998,42.19889444,-70.817700000,0,42,0,0,2,3,5,0,3,1,0,1,0,0000000,20,6,20,12,99,99,0,0,0,1,1
25,250032,1,1,0,1,17,1377,17,3,2010,4,2,4,0,12,3,SR-27,,99998,42.33894167,-71.360663890,0,42,0,0,1,1,5,0,3,1,0,1,0,0000000,2,5,2,9,2,33,0,0,0,1,1
25,250033,1,1,0,1,9,1386,18,3,2010,5,2,47,1,12,3,SR-128,,99998,42.58661389,-70.818944440,0,24,0,0,1,1,3,0,3,1,0,1,0,0000000,2,47,2,59,88,88,0,0,0,1,1
25,250034,1,1,0,1,23,130,21,3,2010,1,17,23,0,16,8,CENTER STREET,,99998,41.99279722,-70.987644440,0,38,0,0,1,1,5,0,1,1,0,1,0,0000000,17,23,17,25,18,10,0,0,0,1,0
25,250035,1,1,0,1,23,1360,24,4,2010,7,15,37,1,11,1,I-195,,99998,41.77291111,-70.743886110,0,24,0,0,1,1,2,0,1,1,0,1,0,0000000,88,88,88,88,88,88,0,0,0,1,0
25,250036,1,1,0,1,17,375,18,4,2010,1,23,32,0,16,8,GROVE STREET,,99998,42.32930000,-71.459969440,0,53,0,0,1,1,4,0,3,10,0,10,0,0000000,23,33,23,6,0,7,0,0,0,1,0
25,250038,1,1,0,1,9,35,14,4,2010,4,22,30,1,11,1,I-93,,99998,42.66258889,-71.193252780,0,1,0,0,1,1,3,0,3,1,0,1,0,0000000,22,34,22,41,23,7,0,0,0,1,0
25,250039,1,1,0,1,1,1120,24,3,2010,4,21,0,0,12,3,SR-130,KIAHS WAY,99998,41.72885556,-70.490341670,0,43,0,0,2,2,4,0,2,1,0,1,0,0000000,21,1,21,6,21,47,0,0,0,1,0
25,250040,1,1,0,1,5,1441,25,3,2010,5,22,26,0,16,8,DIVISION ROAD,,99998,41.56081111,-71.029786110,0,42,0,0,1,1,4,0,2,10,0,10,0,0000000,23,46,23,48,88,88,0,0,0,1,1
25,250041,1,1,0,2,9,650,14,3,2010,1,21,44,1,12,3,SR-107,,99998,42.45411389,-70.978547220,0,99,98,0,1,1,4,0,3,2,0,2,0,0000000,21,48,21,51,99,99,0,0,0,1,0
25,250042,1,1,1,1,9,859,16,3,2010,3,19,30,1,1,1,I-95,,99998,42.78343333,-70.924772220,0,8,0,0,1,1,1,0,2,10,0,10,0,0000000,19,34,19,43,20,3,0,0,0,1,0
25,250043,1,1,1,1,27,785,31,3,2010,4,4,41,0,12,3,SR-122,,99998,42.23163056,-71.743297220,0,8,0,0,1,1,1,0,3,2,0,2,0,0000000,99,99,99,99,99,99,0,0,0,1,0
25,250044,1,1,0,1,13,990,3,4,2010,7,1,43,0,16,8,MAIN STREET,,99998,42.18643056,-72.348661110,0,30,0,0,1,1,5,0,3,1,0,1,0,0000000,99,99,99,99,99,99,0,0,0,1,0
25,250045,2,2,0,4,27,263,24,1,2010,1,11,30,0,14,3,SR-31,DUDLEY SOUTHBRIDGE R,99998,42.05623889,-71.951522220,0,12,6,0,2,2,1,0,1,1,0,1,0,0000000,11,30,11,35,12,7,0,0,0,1,0
25,250046,3,3,0,3,9,470,29,1,2010,6,18,7,0,14,3,SR-110,TOBEY AVE,99998,42.76289444,-71.132011110,0,12,2,0,2,3,1,0,3,1,0,1,0,0000000,99,99,99,99,99,99,0,0,0,1,0
25,250047,2,2,0,2,17,535,29,1,2010,6,5,58,0,12,3,SR-62,,99998,42.39481111,-71.579875000,0,12,2,0,1,1,1,0,6,1,0,1,0,0000000,17,58,17,59,99,99,0,0,0,1,0
25,250048,2,2,0,10,27,1278,19,2,2010,6,21,0,1,11,1,I-84,,99998,42.07119722,-72.100202780,0,12,6,0,1,1,1,0,2,1,0,1,0,0000000,21,14,21,18,22,22,0,0,0,1,0
25,250049,2,2,0,2,17,1490,23,2,2010,3,1,17,1,11,1,I-93,,99998,42.53809444,-71.135186110,0,24,0,0,1,1,3,0,2,1,0,1,0,0000000,1,19,1,27,1,57,0,0,0,1,0
25,250050,1,1,0,3,21,925,28,2,2010,1,0,17,0,16,8,WINTER STREET,SPRUCE ROAD,99998,42.19876667,-71.217155560,0,30,0,0,2,3,4,0,3,1,0,1,0,0000000,0,15,0,20,99,99,0,0,0,1,1
25,250051,2,2,0,2,13,1446,12,3,2010,6,11,14,1,12,2,US-5,DAGGETT DRIVE,99998,42.13183889,-72.626066670,0,24,0,1,2,8,3,0,1,1,0,1,0,0000000,88,88,88,88,88,88,14,0,0,1,0
25,250052,1,1,0,3,5,50,13,3,2010,7,22,1,1,11,1,I-95,,99998,41.90007222,-71.366330560,0,24,0,0,1,1,4,0,2,2,6,2,0,0000000,22,2,22,8,22,12,0,0,0,1,0
25,250053,2,2,0,2,15,437,17,3,2010,4,20,20,0,16,8,CARVER STREET,MEADOW GLENN DRIVE,99998,42.22737222,-72.489252780,0,54,11,0,2,3,1,0,2,1,0,1,0,0000000,88,88,88,88,88,88,14,0,0,1,1
25,250054,1,1,1,1,25,1070,1,4,2010,5,6,15,0,12,3,SR-1A,JOHN AVENUE,99998,42.43891389,-70.971336110,0,8,0,0,3,4,1,0,4,10,0,10,0,0000000,6,19,6,25,88,88,0,0,0,1,0
25,250055,1,1,0,1,5,1064,1,5,2010,7,16,39,1,12,3,SR-24,,99998,41.90566389,-71.043005560,0,33,0,1,5,1,4,0,1,1,0,1,0,0000000,16,40,16,43,88,88,0,0,0,1,0
25,250056,1,1,0,6,21,1276,2,5,2010,1,1,30,1,12,3,SR-24,,99998,42.15872778,-71.069225000,0,1,0,0,1,1,1,0,3,1,0,1,0,0000000,1,52,2,3,2,22,0,0,0,1,1
25,250057,2,2,0,4,13,624,26,3,2010,6,9,56,1,11,1,I-91,,8,42.02557778,-72.590361110,0,12,6,0,1,1,1,0,1,1,0,1,0,0000000,9,57,10,4,99,99,0,0,0,2,0
25,250058,1,1,0,1,27,1100,23,5,2010,1,17,19,0,3,3,SR-122,,99998,42.37110000,-71.970491670,0,42,0,0,1,1,5,0,1,1,0,1,0,0000000,17,19,17,30,99,99,0,0,0,1,0
25,250059,1,1,1,2,23,1130,24,5,2010,2,8,20,0,16,8,KENT STREET,FRONT STREET,99998,42.19229722,-70.726202780,0,8,0,0,3,2,1,0,1,1,0,1,0,0000000,8,19,8,21,8,54,0,0,0,1,0
25,250060,1,1,1,1,13,292,8,5,2010,7,11,0,0,12,3,SR-83,,99998,42.08121667,-72.538519440,0,8,0,0,8,1,1,0,1,2,10,2,0,0000000,99,99,99,99,99,99,0,0,0,1,0
25,250061,1,1,0,1,21,1060,29,5,2010,7,22,31,0,16,8,WAMPATUCK ROAD,,99998,42.20006944,-71.000047220,0,17,0,0,1,1,5,0,2,1,0,1,0,0000000,22,44,22,52,23,3,0,0,0,1,1
25,250062,1,1,0,2,23,1005,22,4,2010,5,13,40,1,12,3,SR-3,,256,42.09663056,-70.750752780,0,1,0,0,1,1,1,0,1,1,0,1,0,0000000,13,31,13,36,13,59,0,0,0,1,0
25,250063,1,1,0,1,13,1247,13,5,2010,5,21,2,0,16,8,SOUTH LONGYARD ROAD,GRANAUDO CIRCLE,0,42.04770000,-72.748975000,0,42,0,0,2,3,5,0,2,10,0,10,0,0000000,21,12,21,21,88,88,0,0,0,1,1
25,250064,1,1,0,3,11,1381,11,5,2010,3,0,29,0,6,8,WEST ORANGE ROAD,,0,42.59751389,-72.354411110,0,24,0,0,1,1,4,0,2,1,0,1,0,0000000,0,19,0,27,1,3,0,0,0,1,1
25,250065,1,1,0,2,3,9997,29,5,2010,7,18,14,1,2,3,SR-2,,0,42.68943889,-73.023461110,0,30,0,0,1,1,5,0,1,1,0,1,0,0000000,99,99,99,99,99,99,0,0,0,2,0
25,250066,2,2,0,2,27,1520,7,3,2010,1,14,54,0,12,3,SR-122,,0,42.23430000,-71.746558330,0,12,2,0,1,1,1,0,1,1,0,1,0,0000000,99,99,99,99,99,99,0,0,0,1,0
25,250067,1,1,1,1,5,1280,26,4,2010,2,16,10,0,14,3,SR-140,,0,41.90451389,-71.103258330,0,8,0,0,1,1,1,0,1,10,0,10,0,0000000,16,9,16,13,16,36,0,0,0,1,0
25,250068,1,1,0,8,21,925,30,4,2010,6,2,0,1,11,1,I-95,,0,42.17600000,-71.167375000,0,24,0,0,1,1,3,0,2,1,0,1,0,0000000,99,99,99,99,99,99,0,0,0,1,1
25,250069,2,2,1,2,23,270,27,3,2010,7,19,50,0,12,3,SR-18,,0,42.02844722,-70.958719440,0,8,0,0,1,1,1,0,3,1,0,1,0,0000000,19,44,19,45,20,5,14,0,0,1,0
25,250070,1,1,1,1,5,1067,3,4,2010,7,2,40,1,11,1,I-195,,0,41.78219167,-71.288919440,0,8,0,0,1,1,1,0,2,1,0,1,0,0000000,2,45,2,54,3,17,23,0,0,1,0
25,250071,1,1,1,3,21,1140,9,5,2010,1,20,47,1,12,2,US-1,,0,42.12235556,-71.231788890,0,8,0,0,1,1,1,0,2,1,0,1,0,0000000,20,48,20,54,88,88,0,0,0,1,0
25,250072,1,1,1,1,1,1120,14,5,2010,6,5,17,0,16,8,ASA MEIGGS ROAD,,0,41.66621111,-70.463777780,0,8,0,0,1,1,4,0,4,2,10,2,0,0000000,5,21,5,30,5,54,0,0,0,1,0
25,250073,1,1,1,1,17,870,17,5,2010,2,17,15,0,14,3,SR-30,LOWELL AVENUE,0,42.33824444,-71.211577780,0,9,0,0,2,2,1,0,1,1,0,1,0,0000000,99,99,99,99,99,99,0,0,0,1,0
25,250074,1,1,0,1,27,1269,24,4,2010,7,15,54,1,12,3,SR-146,,99998,42.12070000,-71.706561110,0,34,0,0,1,1,3,0,1,1,0,1,0,0000000,99,99,99,99,99,99,0,0,0,1,1
25,250075,1,1,0,1,27,1520,1,5,2010,7,18,29,0,16,8,BLACKSTONE RIVER ROA,,99998,42.22921667,-71.789044440,0,10,0,0,6,1,5,0,1,10,0,10,0,9999999,18,33,18,37,88,88,0,0,0,1,0
25,250076,2,2,0,3,23,1040,29,5,2010,7,20,17,1,12,3,SR-3,,99998,41.13333333,-70.000000000,0,24,0,0,1,1,4,0,2,10,0,10,0,0000000,22,35,22,36,99,99,14,0,0,1,1
25,250077,1,1,0,1,13,1270,21,5,2010,6,12,44,0,12,3,SR-141,,99998,42.15965000,-72.512683330,0,32,0,0,1,1,5,0,1,1,0,1,0,0000000,12,46,12,52,88,88,0,0,0,1,0
25,250078,2,2,0,3,5,1280,22,5,2010,7,1,58,0,16,8,WEST WATER STREET,,99998,41.88630556,-71.090038890,0,33,0,0,1,1,4,0,3,1,0,1,0,0000000,1,27,1,31,99,99,0,0,0,1,0
25,250079,1,1,0,1,23,1005,14,2,2010,1,3,11,1,12,3,SR-27,LITTLEBROOK ROAD,99998,42.02936111,-70.801622220,0,31,0,0,2,4,5,0,2,1,0,1,0,0000000,3,16,3,23,4,35,0,0,0,1,0
25,250080,2,2,0,5,5,850,3,4,2010,7,10,9,0,16,8,PHILLIPS ROAD,CHARLES L MCCOMBS BL,99998,41.70534444,-70.945586110,0,12,6,0,2,3,1,0,1,1,0,1,0,0000000,10,10,10,16,10,35,0,0,0,1,0
25,250081,2,2,0,2,13,114,5,2,2010,6,22,25,1,1,1,I-90,,291,42.18782778,-72.928447220,0,35,0,0,1,1,3,0,3,1,0,1,0,0000000,22,31,22,41,88,88,0,0,0,1,1
25,250082,2,2,0,3,9,470,18,5,2010,3,10,25,1,11,1,I-495,,99998,42.79965278,-71.094547220,0,12,7,0,1,1,1,0,1,98,0,98,0,0000000,10,25,10,32,11,7,0,0,0,1,1
25,250083,2,2,0,3,27,1310,30,5,2010,1,11,10,0,12,3,SR-140,,99998,42.15547500,-71.573783330,0,12,2,0,1,1,1,0,1,1,0,1,0,0000000,11,10,11,11,11,16,0,0,0,1,0
25,250084,1,1,0,1,23,685,23,6,2010,4,18,48,0,16,8,CHURCH STREET,,99998,42.13201944,-70.710427780,0,35,0,0,1,1,4,0,1,1,0,1,0,0000000,18,47,18,52,19,25,0,0,0,1,0
25,250085,1,1,0,1,27,123,25,6,2010,6,14,18,0,14,3,SR-70,,0,42.37731389,-71.711197220,0,42,0,0,1,1,4,0,1,1,0,1,0,0000000,14,20,14,25,14,51,0,0,0,1,0
25,250086,1,1,0,1,3,203,26,6,2010,7,5,38,0,6,8,BLOTZ ROAD,,99998,42.40016667,-73.000072220,0,58,0,0,1,1,5,0,1,1,0,1,0,0000000,99,99,99,99,99,99,0,0,0,1,0
25,250087,1,1,1,1,17,1431,29,6,2010,3,12,43,0,14,3,SR-225,,99998,42.54916111,-71.416538890,0,8,0,0,1,1,1,0,1,1,0,1,0,0000000,12,44,12,53,13,39,0,0,0,1,0
25,250088,1,1,1,1,13,1430,29,6,2010,3,18,27,1,12,2,US-20,NOBLE STREET,99998,42.11808889,-72.736425000,0,9,0,0,2,3,1,0,1,10,0,10,0,0000000,18,26,18,29,19,2,0,0,0,1,0
25,250089,1,1,0,1,15,1230,22,6,2010,3,7,53,0,16,8,CANAL STREET,WEST MAIN STREET,99998,42.21604167,-72.601450000,0,35,0,0,3,9,5,0,3,1,0,1,0,0000000,23,28,99,99,88,88,0,0,0,1,0
25,250090,2,2,0,4,13,1430,23,6,2010,4,17,28,0,16,8,NOTRE DAME STREET,DARTMOUTH STREET,99998,42.13489444,-72.737647220,0,12,6,0,2,2,1,0,1,1,0,1,0,0000000,17,28,17,31,99,99,0,0,0,1,0
25,250091,1,1,0,1,17,660,13,6,2010,1,10,41,1,12,3,SR-99,,99998,42.43644444,-71.038113890,0,30,0,0,1,1,4,8,1,2,0,2,0,0000000,6,50,6,55,7,15,0,0,0,1,1
25,250092,1,1,0,2,5,1064,18,6,2010,6,8,43,1,11,1,I-495,,99998,41.94346667,-71.017341670,0,30,0,0,5,1,3,0,1,1,0,1,0,0000000,8,44,8,51,9,17,0,0,0,1,0
25,250093,1,1,0,1,9,650,4,6,2010,6,0,57,1,12,3,SR-107,BELLEAIRE AVENUE,99998,42.48944167,-70.936747220,0,42,0,0,2,3,5,0,3,1,0,1,0,0000000,0,58,1,4,88,88,0,0,0,1,1
25,250094,2,2,0,2,5,850,15,6,2010,3,6,3,0,16,8,BELLEVILLE AVENUE,WASHBURN STREET,99998,41.65399722,-70.923786110,0,12,6,0,2,3,1,0,1,1,0,1,0,0000000,6,7,6,11,6,27,0,0,0,1,0
25,250095,2,2,0,2,27,1520,26,4,2010,2,18,18,0,16,8,BURNCOAT STREET,DOROTHY ROAD,99998,42.30645000,-71.789388890,0,12,6,0,2,4,1,0,5,2,10,2,0,0000000,18,18,18,30,18,52,0,0,0,1,0
25,250096,3,2,1,2,5,670,18,6,2010,6,1,26,1,11,1,I-95,,99998,42.02388889,-71.260713890,0,12,1,1,5,1,1,1,7,1,0,1,0,0000000,1,27,1,36,1,53,0,0,0,1,2
25,250097,3,3,0,3,21,230,7,6,2010,2,18,2,1,12,3,SR-3A,SANCTUARY POND ROAD,99998,42.24135556,-70.826111110,0,12,2,0,2,3,1,0,1,1,0,1,0,0000000,18,3,18,8,18,28,0,0,0,1,0
25,250098,4,4,0,5,27,780,8,3,2010,2,14,21,0,12,3,SR-16,NORTH STREET,99998,42.14934167,-71.508036110,0,12,1,0,2,3,1,0,1,1,0,1,0,0000000,14,24,14,27,99,99,0,0,0,1,0
25,250099,5,2,0,6,9,650,21,3,2010,1,1,0,0,16,8,EASTERN AVENUE,GLENWOOD STREET,99998,42.48311111,-70.938463890,0,12,6,0,2,2,1,0,3,1,0,1,0,0000000,1,8,1,13,99,99,0,0,0,1,1
25,250100,1,1,1,1,7,1442,6,7,2010,3,14,2,0,16,8,STATE ROAD,,99998,41.45372778,-70.604066670,0,9,0,0,1,1,4,0,1,1,0,1,0,0000000,99,99,99,99,99,99,0,0,0,1,0
25,250101,1,1,0,1,17,375,5,7,2010,2,7,40,0,12,3,SR-135,,99998,42.27165556,-71.443747220,0,30,0,0,1,1,4,0,1,1,0,1,0,0000000,99,99,99,99,99,99,0,0,0,1,0
25,250102,1,1,1,1,5,850,4,7,2010,1,18,39,0,16,8,COVE STREET,RODNEY FRENCH BLVD,99998,41.61621111,-70.919838890,0,8,0,0,3,2,1,0,1,1,0,1,0,0000000,99,99,99,99,99,99,0,0,0,1,0
25,250103,1,1,1,2,1,540,18,5,2010,3,21,50,0,16,8,NORTH STREET,,99998,41.65341944,-70.286322220,0,15,0,0,1,1,1,0,3,10,2,2,0,0000000,21,53,21,56,22,7,0,0,0,1,1
25,250104,2,2,0,4,1,184,27,6,2010,1,1,0,1,12,3,SR-28,,99998,41.65724167,-70.346805560,0,12,6,0,8,1,1,0,3,1,0,1,0,0000000,1,59,2,4,99,99,0,0,0,1,1
25,250105,1,1,0,1,27,1500,7,3,2010,1,23,15,0,16,8,CENTRAL STREET,,99998,42.70186667,-72.046022220,0,48,0,0,1,1,4,0,2,1,0,1,0,0000000,23,16,23,21,88,88,0,0,0,1,1
25,250106,1,1,0,4,3,1145,9,3,2010,3,21,39,0,6,8,HOME ROAD,,99998,42.11516111,-73.320427780,0,42,0,0,1,1,5,0,1,1,0,1,0,0000000,21,39,21,57,22,28,0,0,0,1,0
25,250107,1,1,1,2,3,440,24,3,2010,4,20,58,1,12,2,US-7,,99998,42.20308889,-73.347130560,0,8,0,0,1,1,1,0,2,1,0,1,0,0000000,21,0,21,10,21,23,0,0,0,1,0
25,250108,1,1,1,1,25,120,7,4,2010,4,18,2,1,12,3,SR-9,HEATH STREET,99998,42.33414167,-71.113027780,0,9,0,0,2,2,1,0,1,1,0,1,0,0000000,18,2,18,5,18,14,0,0,0,1,0
25,250109,1,1,0,1,27,999,12,4,2010,2,16,8,0,12,3,SR-122,,99998,42.30670556,-71.923200000,0,42,0,0,1,1,5,0,1,1,0,1,0,0000000,16,8,16,12,88,88,0,0,0,1,1
25,250110,1,1,1,1,21,1035,14,4,2010,4,22,41,1,11,1,I-495,,350,42.03514167,-71.289166670,0,8,0,0,1,1,1,0,2,1,0,1,0,0000000,22,47,22,53,88,88,0,0,0,1,0
25,250111,1,1,0,1,3,10,22,4,2010,5,5,27,0,16,8,BUCKLIN ROAD,,99998,42.59650278,-73.108691670,0,34,0,0,1,1,4,0,4,1,0,1,0,0000000,5,30,5,36,88,88,0,0,0,1,1
25,250112,1,1,1,1,13,1270,4,7,2010,1,2,15,0,16,8,STATE STREET,ELLIOT STREET,99998,42.10611944,-72.585638890,0,8,0,0,3,3,1,0,3,1,0,1,0,0000000,2,13,2,15,2,35,0,0,0,1,0
25,250113,1,1,0,2,17,1190,9,7,2010,6,21,10,0,13,3,SR-28,,99998,42.38454167,-71.091500000,0,33,0,0,1,1,4,0,3,98,0,98,0,0000000,20,57,21,2,21,15,0,0,0,1,0
25,250114,1,1,0,1,23,1040,15,7,2010,5,6,5,1,13,3,SR-3,,99998,41.87068056,-70.597866670,0,1,0,0,1,1,1,0,1,1,0,1,0,0000000,6,12,6,16,6,28,0,0,0,1,0
25,250115,1,1,1,1,1,1425,17,7,2010,7,0,3,1,13,3,SR-28,ALLAIN WAY,99998,41.66669167,-70.163927780,0,8,0,0,2,3,2,0,3,10,0,10,0,0000000,0,3,0,7,0,28,0,0,0,1,0
25,250116,1,1,0,1,25,120,30,7,2010,6,19,58,0,16,8,STORROW DRIVE,,99998,42.36513889,-71.071244440,0,33,0,0,1,1,1,0,1,10,0,10,0,0000000,19,57,20,6,20,23,0,0,0,1,0
25,250117,1,1,0,1,9,35,26,7,2010,2,17,30,1,11,1,I-495,,99998,42.66192500,-71.196686110,0,24,0,1,5,1,3,0,1,1,0,1,0,0000000,17,39,17,40,18,4,0,0,0,1,0
25,250118,1,1,0,1,27,585,24,7,2010,7,18,11,0,14,3,SR-56,,99998,42.21936389,-71.911011110,0,24,0,0,1,1,4,0,1,1,0,1,0,0000000,18,12,18,16,88,88,0,0,0,1,1
25,250119,1,1,0,1,3,88,19,7,2010,2,15,27,1,1,1,I-90,,168,42.23843056,-73.056763890,0,24,0,0,1,1,4,0,1,1,0,1,0,0000000,15,35,15,36,88,88,0,0,0,1,0
25,250120,1,1,0,1,17,1340,30,7,2010,6,17,35,0,16,8,TRAPELO ROAD,,99998,42.39126111,-71.198272220,0,30,0,0,1,1,5,0,1,1,0,1,0,0000000,17,38,17,43,88,88,0,0,0,1,0
25,250121,2,2,0,2,3,34,15,6,2010,3,17,0,1,2,2,US-7,CLAYTON ROAD,99998,42.04311111,-73.326016670,0,12,2,0,2,2,1,0,1,1,0,1,0,0000000,17,28,17,39,99,99,0,0,0,1,0
25,250122,2,1,0,1,23,130,12,7,2010,2,9,25,1,12,3,SR-24,,99998,41.96395833,-71.028241670,0,14,0,0,1,1,2,0,1,1,0,1,0,0000000,99,99,99,99,99,99,23,0,0,1,0
25,250123,2,2,0,3,27,1520,17,7,2010,7,3,20,1,11,1,I-190,,99998,42.29450000,-71.799730560,0,12,2,0,1,1,1,0,3,1,0,1,0,0000000,3,27,3,28,4,0,0,0,0,3,1
25,250124,1,1,0,2,9,859,21,7,2010,4,11,15,1,1,1,I-95,,99998,42.77725833,-70.928077780,0,1,0,0,1,1,3,0,1,1,0,1,0,0000000,99,99,99,99,99,99,0,0,0,1,0
25,250125,2,2,0,2,23,770,23,7,2010,6,17,20,1,11,1,I-495,,99998,41.83663611,-70.823277780,0,12,6,0,1,1,1,0,3,10,0,10,0,0000000,17,25,17,34,18,33,0,0,0,1,0
25,250126,2,2,0,4,9,650,30,7,2010,6,16,23,0,12,3,SR-1A,HANSON STREET,99998,42.44860556,-70.963783330,0,12,1,0,2,3,1,0,1,1,0,1,0,0000000,16,29,16,35,99,99,0,0,0,1,0
25,250127,3,3,0,3,21,125,25,7,2010,1,18,57,0,16,8,HAYWARD STREET,,99998,42.17848056,-71.014166670,0,12,1,0,1,1,1,0,1,1,0,1,0,0000000,18,59,19,3,19,22,0,0,0,1,1
25,250128,1,1,1,4,17,845,16,1,2010,7,19,48,0,12,3,SR-135,,99998,42.28334167,-71.379805560,0,9,0,0,8,1,1,0,3,1,0,1,0,0000000,19,49,19,53,20,16,0,0,0,1,0
25,250129,3,2,0,3,17,845,25,5,2010,3,16,13,1,13,3,SR-9,,0,42.29959444,-71.365213890,0,12,8,0,1,1,1,0,1,1,0,1,0,0000000,99,99,99,99,99,99,0,0,0,1,0
25,250130,1,1,0,1,25,120,17,7,2010,7,19,48,0,16,8,RUTHERFORD AVENUE,,99998,42.37579167,-71.063688890,0,38,0,0,1,1,3,0,1,1,0,1,0,0000000,19,49,19,57,99,99,0,0,0,1,1
25,250131,4,4,0,6,9,765,27,7,2010,3,21,42,0,14,3,SR-113,,99998,42.68079444,-71.230116670,0,12,8,0,1,1,1,0,3,1,0,1,0,0000000,21,47,21,53,22,36,0,0,0,2,1
25,250132,2,2,0,3,17,870,8,7,2010,5,14,14,0,16,8,GRANT AVENUE,WARD STREET,99998,42.33964167,-71.184025000,0,12,6,0,2,3,1,0,1,1,0,1,0,0000000,14,14,14,17,14,40,0,0,0,1,0
25,250133,1,1,1,1,25,120,9,8,2010,2,16,17,0,19,3,SR-30,KELTON STREET,0,42.34839444,-71.140766670,0,9,0,0,2,3,1,0,1,1,0,1,0,0000000,16,17,16,24,16,41,0,0,0,1,0
25,250134,1,1,0,1,13,472,8,8,2010,1,17,39,0,6,8,WILBRAHAM ROAD,,99998,42.07216944,-72.435436110,0,53,0,0,1,1,5,0,1,1,0,1,0,0000000,17,42,17,50,88,88,0,0,0,1,1
25,250135,1,1,0,1,5,850,8,8,2010,1,22,58,0,16,8,COUNTY STREET,,0,41.62455278,-70.925502780,0,42,0,0,1,1,5,0,3,1,0,1,0,0000000,23,0,23,2,23,25,0,0,0,1,0
25,250136,1,1,0,3,1,121,4,8,2010,4,12,53,1,13,3,SR-25,,80,41.78769722,-70.585786110,0,1,0,0,1,1,3,0,1,1,0,1,0,0000000,12,56,13,0,13,41,0,0,0,1,1