STATE,ST_CASE,VE_TOTAL,VE_FORMS,PEDS,PERSONS,COUNTY,CITY,DAY,MONTH,YEAR,DAY_WEEK,HOUR,MINUTE,NHS,ROAD_FNC,ROUTE,TWAY_ID,TWAY_ID2,MILEPT,LATITUDE,LONGITUD,SP_JUR,HARM_EV,MAN_COLL,RELJCT1,RELJCT2,TYP_INT,REL_ROAD,WRK_ZONE,LGT_COND,WEATHER1,WEATHER2,WEATHER,SCH_BUS,RAIL,NOT_HOUR,NOT_MIN,ARR_HOUR,ARR_MIN,HOSP_HR,HOSP_MN,CF1,CF2,CF3,FATALS,DRUNK_DR
25,250137,1,1,0,1,17,1279,13,8,2010,6,2,36,0,16,8,DUTTON ROAD,,99998,42.38073889,-71.451816670,0,42,0,0,1,1,5,0,2,1,0,1,0,0000000,2,40,2,45,88,88,0,0,0,1,1
25,250138,1,1,0,2,21,1276,13,8,2010,6,2,13,0,13,3,SR-24,,99998,42.15856944,-71.069441670,0,1,0,0,1,1,3,0,2,1,0,1,0,0000000,2,18,2,22,99,99,0,0,0,1,0
25,250139,1,1,0,1,5,850,16,8,2010,2,5,28,1,13,3,SR-140,,36,41.65649722,-70.938719440,0,1,0,0,1,1,1,0,4,1,0,1,0,0000000,5,40,5,46,6,31,0,0,0,1,0
25,250140,1,1,1,1,21,125,18,8,2010,4,23,3,1,11,1,I-93,,99998,42.22260556,-71.032191670,0,8,0,0,1,1,1,0,3,10,0,10,0,0000000,23,3,23,6,88,88,0,0,0,1,0
25,250141,1,1,0,1,17,870,23,8,2010,2,21,46,0,16,8,BELLEVUE,,0,42.35245556,-71.194838890,0,33,0,0,1,1,5,0,3,2,0,2,0,0000000,21,47,21,52,22,34,0,0,0,1,0
25,250142,1,1,1,1,25,200,19,8,2010,5,23,14,0,16,8,BROADWAY STREET,,99998,42.39721944,-71.027469440,0,8,0,0,1,1,1,0,3,1,0,1,0,0000000,23,16,23,18,23,37,20,0,0,1,0
25,250143,1,1,0,1,5,924,31,1,2010,1,7,6,1,13,3,SR-123,AUSTIN STREET,0,41.95987222,-71.205569440,0,30,0,0,2,3,4,0,1,1,0,1,0,0000000,7,6,7,9,7,21,0,0,0,1,0
25,250144,1,1,0,1,1,469,26,8,2010,5,17,22,0,16,8,DEPOT ROAD,,0,41.69662778,-70.037069440,0,24,0,0,1,1,4,0,1,1,0,1,0,0000000,17,22,17,27,88,88,0,0,0,1,0
25,250145,2,2,0,2,9,1110,28,8,2010,7,1,25,1,12,3,SR-114,LIBERTY HILL AVENUE,99998,42.52999722,-70.906533330,0,12,6,0,2,3,1,0,3,1,0,1,0,0000000,1,22,1,26,1,51,0,0,0,1,1
25,250146,2,2,0,4,23,1040,24,7,2010,7,17,10,0,16,8,BEAVER DAM ROAD,LONG RIDGE ROAD,99998,41.89461111,-70.583380560,0,12,6,0,2,3,1,0,1,10,2,2,0,0000000,17,9,17,15,17,50,0,0,0,1,1
25,250147,2,2,0,3,17,1065,2,8,2010,2,9,22,0,12,3,SR-28,WASHINGTON STREET,99998,42.52126944,-71.103602780,0,12,6,0,2,2,1,0,1,1,0,1,0,0000000,9,22,9,24,9,49,0,0,0,1,0
25,250148,2,2,0,2,1,330,6,8,2010,6,8,1,0,16,8,TURNER ROAD,THOMAS B LANDERS RD,99998,41.60652222,-70.575313890,0,12,2,0,2,4,1,0,1,1,0,1,0,0000000,8,1,8,7,8,25,0,0,0,1,0
25,250149,2,2,0,2,5,1064,7,8,2010,7,8,12,1,12,2,US-44,,0,41.92220556,-71.021633330,0,26,0,1,18,1,3,0,1,1,0,1,0,0000000,8,17,8,19,8,50,0,0,0,1,0
25,250150,1,1,0,1,17,617,24,10,2010,1,0,32,0,16,8,TRAPELO ROAD,,0,42.42561111,-71.299294440,0,33,0,0,8,1,4,0,2,1,0,1,0,0000000,0,33,0,35,0,59,0,0,0,1,1
25,250151,1,1,0,4,13,500,25,10,2010,2,0,36,1,11,1,I-91,,132,42.16257500,-72.646150000,0,1,0,0,1,1,3,0,2,10,0,10,0,0000000,0,37,0,44,1,1,20,0,0,1,0
25,250152,1,1,0,1,9,35,27,10,2010,4,23,40,1,12,3,SR-125,,99998,42.59896667,-71.133813890,0,42,0,0,1,1,4,0,2,1,0,1,0,0000000,23,36,23,44,0,8,0,0,0,1,1
25,250153,1,1,0,1,15,890,12,9,2010,1,15,28,0,14,3,SR-66,,0,42.30321389,-72.685805560,0,24,0,0,1,1,4,0,1,1,0,1,0,0000000,15,30,15,37,88,88,0,0,0,1,1
25,250154,1,1,0,2,17,630,4,9,2010,7,6,3,1,14,3,SR-113,,99998,42.64317778,-71.342383330,0,30,0,0,1,1,4,0,4,1,0,1,0,0000000,6,0,6,7,99,99,0,0,0,1,1
25,250155,1,1,1,1,17,660,30,9,2010,5,16,55,0,16,8,DEXTER STREET,CLIFTON STREET,0,42.43156667,-71.079825000,0,8,0,0,3,2,1,0,1,10,0,10,0,0000000,16,56,16,59,17,30,0,0,0,1,0
25,250156,1,1,0,1,23,770,25,9,2010,7,18,53,0,16,8,SUMMER STREET,,99998,41.92878333,-70.918208330,0,17,0,0,1,1,5,0,2,10,0,10,0,0000000,18,54,19,3,19,37,0,0,0,1,0
25,250157,1,1,1,1,21,1060,15,9,2010,4,7,53,1,12,3,SR-3A,ELM STREET,99998,42.25031389,-70.997344440,0,8,0,0,3,2,1,0,1,1,0,1,0,0000000,7,56,7,58,99,99,0,0,0,1,0
25,250158,1,1,0,3,9,20,14,9,2010,3,15,42,1,11,1,I-495,,0,42.84098333,-70.932755560,0,59,0,1,5,1,2,0,1,1,0,1,0,0000000,15,41,15,46,16,15,0,0,0,1,0
25,250159,2,2,0,2,9,570,18,8,2010,4,20,0,0,16,8,MARSTON STREET,STORROW STREET,99998,42.70911944,-71.142138890,0,33,0,0,2,4,1,0,5,1,0,1,0,0000000,99,99,99,99,99,99,14,0,0,1,1
25,250160,1,1,0,1,21,1035,30,10,2010,7,15,15,1,11,1,I-495,,35,42.03520556,-71.288738890,0,24,0,0,1,1,4,0,1,1,0,1,0,0000000,15,14,15,22,88,88,0,0,0,1,0
25,250162,1,1,0,1,27,1320,24,10,2010,1,4,35,1,12,3,SR-146,,10,42.01626944,-71.591033330,0,35,0,0,1,1,4,0,2,1,0,1,0,0000000,4,32,4,45,88,88,0,0,0,1,1
25,250163,1,1,0,1,5,50,22,7,2010,5,16,8,1,11,1,I-95,,99998,41.93363611,-71.320152780,0,42,0,0,1,1,3,0,1,98,0,98,0,0000000,16,8,16,17,16,38,0,0,0,1,0
25,250164,1,1,1,1,27,350,19,1,2010,3,20,55,0,16,8,PRINCETON ROAD,AUTHORITY DRIVE,99998,42.55200556,-71.845608330,0,8,0,0,3,3,1,0,2,8,0,8,0,0000000,99,99,99,99,99,99,13,0,0,1,0
25,250165,1,1,0,2,21,1382,11,10,2010,2,15,36,1,13,3,SR-128,,99998,42.31663889,-71.234191670,0,24,0,0,1,1,3,0,1,1,0,1,0,0000000,15,39,15,42,99,99,0,0,0,2,0
25,250166,2,2,0,2,17,870,26,6,2010,7,6,12,0,16,8,BEACON STREET,,99998,42.33247222,-71.177758330,0,12,2,0,4,1,1,0,1,1,0,1,0,0000000,6,14,6,21,7,9,0,0,0,1,0
25,250167,2,2,0,6,5,1280,12,8,2010,5,19,44,0,14,3,SR-138,SOMERSET AVENUE,99998,41.88898889,-71.095963890,0,12,6,0,2,7,1,0,1,1,0,1,0,0000000,19,42,19,50,20,31,0,0,0,1,1
25,250168,2,2,0,4,27,55,15,8,2010,1,9,35,1,12,2,US-20,COOLIDGE STREET,0,42.18795556,-71.831444440,0,12,99,0,2,9,1,0,1,1,0,1,0,0000000,9,41,9,44,10,14,0,0,0,2,0
25,250169,2,2,0,3,17,1510,16,8,2010,2,16,43,0,16,8,COMMERCE WAY,ATLANTIC AVENUE,99998,42.51842222,-71.138705560,0,12,6,0,2,2,1,0,1,10,0,10,0,0000000,16,45,16,54,17,28,0,0,0,1,0
25,250170,2,2,0,2,9,100,24,8,2010,3,11,58,0,16,8,HART STREET,,99998,42.57602778,-70.816755560,0,12,2,0,1,1,1,0,1,2,1,2,0,0000000,12,3,12,12,12,41,0,0,0,1,0
25,250171,2,2,0,2,25,1070,28,8,2010,7,1,25,0,12,3,SR-16,WINTHROP AVENUE,99998,42.40546111,-71.005497220,0,12,6,0,2,2,1,0,3,1,0,1,0,0000000,1,29,1,31,99,99,20,0,0,2,1
25,250172,2,2,1,2,15,1230,28,8,2010,7,15,27,0,16,8,BRAINERD STREET,,0,42.23925833,-72.592505560,0,8,0,0,1,1,5,0,1,1,0,1,0,0000000,15,35,15,39,15,50,0,0,0,1,0
25,250173,1,1,0,2,21,730,11,10,2010,2,21,22,0,14,8,HOLLISTON STREET,,0,42.14622222,-71.406841670,0,33,0,0,1,1,4,0,3,1,0,1,0,0000000,21,23,21,30,22,19,0,0,0,1,1
25,250174,1,1,1,1,25,1070,11,10,2010,2,6,50,0,12,3,SR-1A,,0,42.41274722,-70.994166670,0,8,0,0,1,1,1,0,1,1,0,1,0,0000000,6,47,6,53,7,4,0,0,0,1,0
25,250175,1,1,0,2,25,1070,13,10,2010,4,7,59,1,12,3,SR-107,,99998,42.42928611,-70.998888890,0,24,0,0,1,1,4,0,1,1,0,1,0,0000000,7,53,7,58,99,99,0,0,0,1,0
25,250176,1,1,0,1,9,1125,16,10,2010,7,15,45,1,12,2,US-1,,99998,42.44436111,-71.025838890,0,5,0,0,1,1,1,0,1,1,0,1,0,0000000,16,7,16,17,16,33,0,0,0,1,0
25,250177,1,1,0,3,27,252,21,10,2010,5,21,58,0,5,3,SR-16,,0,42.05732222,-71.802005560,0,42,0,0,1,1,4,0,2,1,0,1,0,0000000,21,59,22,9,22,46,0,0,0,1,1
25,250178,1,1,0,2,21,1530,23,10,2010,7,20,57,1,11,1,I-495,,0,42.03680000,-71.303158330,0,42,0,0,1,1,3,0,2,1,0,1,0,0000000,21,1,21,5,21,37,0,0,0,1,0
25,250179,1,1,0,1,5,670,2,11,2010,3,22,7,1,11,1,I-495,,99998,41.99821944,-71.197500000,0,1,0,0,1,1,3,0,2,1,0,1,0,0000000,22,8,22,16,22,46,0,0,0,1,1
25,250180,1,1,1,3,15,890,17,10,2010,1,3,53,0,14,8,FLORENCE ROAD,,99998,42.31013333,-72.674302780,0,8,0,0,1,1,1,0,3,1,0,1,0,0000000,3,54,3,59,88,88,0,0,0,1,0
25,250181,1,1,1,1,25,120,5,11,2010,6,10,12,0,16,8,DIMOCK STREET,WASHINGTON STREET,99998,42.31933611,-71.095791670,0,8,0,0,3,3,1,0,1,2,0,2,0,0000000,10,12,10,17,10,28,0,0,0,1,0
25,250182,1,1,0,1,21,180,6,11,2010,7,3,7,0,16,8,WALPOLE STREET,,0,42.15519722,-71.166258330,0,42,0,0,1,1,4,0,3,1,0,1,0,0000000,3,12,3,14,88,88,0,0,0,1,1
25,250183,1,1,0,1,27,1278,9,11,2010,3,21,22,1,11,1,I-84,,0,42.03603333,-72.135544440,0,35,0,0,1,1,3,0,3,3,0,3,0,0000000,21,27,21,36,88,88,0,0,0,1,0
25,250184,1,1,1,1,5,850,12,11,2010,6,23,2,0,16,8,COUNTY STREET,MERRIMAC STREET,99998,41.64706944,-70.932541670,0,8,0,0,3,2,1,0,3,1,0,1,0,0000000,23,3,23,7,23,21,0,0,0,1,0
25,250185,1,1,0,1,27,565,17,11,2010,4,23,15,1,1,1,I-190,,0,42.49251111,-71.723300000,0,11,0,0,1,1,1,0,2,98,0,98,0,0000000,88,88,88,88,88,88,0,0,0,1,0
25,250186,1,1,0,1,27,1520,20,11,2010,7,20,30,1,11,1,I-190,,0,42.29127778,-71.798744440,0,24,0,1,5,1,4,0,3,1,0,1,0,0000000,20,35,20,42,20,57,0,0,0,1,1
25,250187,1,1,1,1,17,375,20,11,2010,7,5,57,0,12,3,SR-126,LAWRENCE STREET,99998,42.28346944,-71.414394440,0,8,0,0,3,3,1,0,3,1,0,1,0,0000000,5,59,6,2,6,35,0,0,0,1,0
25,250188,1,1,1,1,21,925,9,8,2010,2,14,34,0,16,8,WASHINGTON STREET,DEAN STREET,99998,42.18108611,-71.205138890,0,8,0,0,2,2,1,0,1,1,0,1,0,0000000,14,35,14,37,14,44,0,0,0,1,0
25,250190,1,1,1,1,21,1140,5,4,2010,2,17,5,0,13,3,SR-27,CLARKE STREET,0,42.11140278,-71.192866670,0,8,0,0,3,4,1,0,8,98,0,98,0,0000000,17,4,17,6,17,23,0,0,0,1,0
25,250191,2,2,0,2,5,1441,31,8,2010,3,16,25,1,11,1,I-195,,163,41.66047222,-71.065491670,0,12,2,0,1,1,1,0,1,1,0,1,0,0000000,16,19,16,24,99,99,0,0,0,2,0
25,250192,2,2,0,2,21,1063,22,8,2010,1,13,35,0,13,3,SR-24,,99998,42.18814722,-71.078025000,0,12,1,0,1,1,1,1,1,10,0,10,0,0000000,13,35,13,45,99,99,0,0,0,1,0
25,250193,3,3,0,6,11,960,3,9,2010,6,15,15,1,12,3,SR-2,,712,42.59201667,-72.334500000,0,12,8,0,1,1,1,4,1,1,0,1,0,0000000,15,22,15,29,16,7,0,0,0,1,0
25,250194,1,1,1,1,25,200,14,12,2010,3,22,12,0,16,8,BLOSSSOM STREET,MAPLE STREET,99998,42.39950278,-71.036825000,0,8,0,0,2,2,1,0,3,1,0,1,0,0000000,99,99,99,99,99,99,0,0,0,1,0
25,250195,1,1,1,1,3,1030,14,12,2010,3,17,54,0,16,8,WEST STREET,SOUTH ONOTA STREET,99998,42.45025278,-73.265419440,0,8,0,0,3,3,1,0,3,1,0,1,0,0000000,17,55,17,58,18,11,0,0,0,1,0
25,250196,1,1,0,1,9,765,8,12,2010,4,13,59,1,13,3,SR-110,LOWELL STREET,99998,42.70691111,-71.207200000,0,42,0,0,2,3,4,0,1,1,0,1,0,0000000,13,47,13,50,14,16,0,0,0,1,0
25,250197,1,1,0,1,21,847,15,12,2010,4,16,5,1,11,1,I-95,,99998,42.26822778,-71.202994440,0,24,0,0,1,1,2,0,1,98,0,98,0,0000000,16,7,16,14,16,37,0,0,0,1,0
25,250198,1,1,0,1,21,253,16,12,2010,5,6,52,0,16,8,MILLER HILL ROAD,,99998,42.23690556,-71.308480560,0,53,0,0,1,1,5,0,4,1,0,1,0,0000000,6,55,7,1,99,99,0,0,0,1,1
25,250199,1,1,0,1,23,677,17,12,2010,6,20,25,0,16,8,POINT ROAD,,99998,41.68381111,-70.721397220,0,40,0,0,1,1,4,0,2,1,0,1,0,0000000,20,28,20,32,99,99,0,0,0,1,1
25,250200,1,1,0,2,27,1269,18,12,2010,7,1,15,0,6,8,WHITINS ROAD,,99998,42.09892222,-71.718922220,0,18,0,0,1,1,5,0,2,1,0,1,0,0000000,1,15,1,21,88,88,0,0,0,2,1
25,250201,1,1,0,1,9,675,22,12,2010,4,11,22,0,16,8,PHILLIPS STREET,LOCUST STREET,99998,42.49178333,-70.863188890,0,42,0,0,2,8,4,0,1,4,3,4,0,0000000,11,23,11,27,11,50,0,0,0,1,0
25,250202,1,1,1,1,5,1133,17,12,2010,6,23,25,1,11,1,I-195,,99998,41.81895278,-71.402036110,0,8,0,0,1,1,1,0,2,1,0,1,0,0000000,23,29,23,39,23,59,0,0,0,1,0
25,250203,1,1,1,1,27,390,19,12,2010,1,16,19,0,16,8,285 ELM STREET,,99998,42.57090833,-71.982850000,0,8,0,0,1,1,6,0,5,10,0,10,0,0000000,16,21,16,23,16,44,0,0,0,1,0
25,250204,1,1,1,1,5,850,22,12,2010,4,17,19,0,16,8,JENNY LIND STREET,,99998,41.63552500,-70.951766670,0,8,0,0,1,1,1,0,3,4,0,4,0,0000000,17,21,17,23,99,99,0,0,0,1,0
25,250205,2,2,0,3,23,770,10,9,2010,6,9,22,1,11,1,I-495,,99998,41.89657500,-70.954386110,0,12,2,0,1,1,1,0,1,98,0,98,0,0000000,9,30,9,34,10,21,0,0,0,2,0
25,250206,1,1,1,1,9,1125,28,1,2010,5,17,16,0,16,8,CENTRAL STREET,,99998,42.46348611,-71.010130560,0,8,0,0,1,1,1,0,8,98,0,98,0,0000000,99,99,99,99,99,99,0,0,0,1,0
25,250207,2,2,0,4,17,630,11,9,2010,7,0,20,0,16,8,PRINCETON BOULEVARD,FOSTER STREET,99998,42.63534722,-71.338777780,0,12,6,0,2,2,1,0,3,1,0,1,0,0000000,0,23,0,29,0,59,0,0,0,1,2
25,250208,2,2,0,2,5,254,27,4,2010,3,17,44,1,12,2,US-44,,99998,41.87288333,-71.186427780,0,12,2,0,1,1,1,0,5,2,0,2,0,0000000,17,44,17,55,99,99,0,0,0,1,0
25,250209,2,2,0,4,17,1340,5,5,2010,4,16,30,0,16,8,ADAM STREET,WALNUT STREET,99998,42.36995000,-71.239719440,0,12,6,0,2,2,1,0,1,1,0,1,0,0000000,16,37,16,38,16,56,0,0,0,1,0
25,250210,1,1,0,1,9,860,30,5,2010,1,23,26,0,16,8,PINE HILL ROAD,,99998,42.82776389,-70.917950000,0,42,0,0,1,1,5,0,3,1,0,1,0,0000000,23,28,23,35,0,53,0,0,0,1,1
25,250211,1,1,0,1,17,1335,27,6,2010,1,17,12,0,16,8,VERNON STREET,,99998,42.52329444,-71.065236110,0,33,0,0,1,1,4,0,1,1,0,1,0,0000000,17,15,17,23,17,43,0,0,0,1,1
25,250212,2,2,0,4,5,251,1,7,2010,5,11,28,0,16,8,TUCKER ROAD,COUNTRY CLUB BLVD,99998,41.61807222,-70.980950000,0,12,6,0,2,3,1,0,1,1,0,1,0,0000000,99,99,99,99,99,99,0,0,0,1,0
25,250213,2,2,0,2,27,1520,2,7,2010,6,1,56,0,16,8,BLACKSTONE RIVER RD,WHIPPLE STREET,99998,42.23315556,-71.795138890,0,12,6,0,2,3,1,0,3,1,0,1,0,0000000,1,56,2,4,2,23,0,0,0,1,1
25,250214,2,2,0,2,17,1503,8,7,2010,5,19,30,0,16,8,HIGHLAND,,99998,42.46614444,-71.121283330,0,12,2,0,1,1,1,0,5,1,0,1,0,0000000,99,99,99,99,99,99,0,0,0,1,1
25,250215,2,2,0,2,9,1092,15,7,2010,5,14,35,0,3,3,SR-133,,99998,42.70426389,-70.929108330,0,12,2,0,1,1,1,0,1,1,0,1,0,0000000,14,50,14,54,15,33,0,0,0,1,1
25,250216,1,1,0,1,5,251,23,7,2010,6,21,25,0,16,8,SMITHNECK ROAD,,99998,41.56524167,-70.951852780,0,18,0,0,1,1,2,0,2,2,0,2,0,0000000,99,99,99,99,99,99,0,0,0,1,1
25,250217,1,1,0,3,27,436,14,11,2010,1,0,45,1,11,1,I-90,,979,42.22336944,-71.718922220,0,1,0,0,1,1,1,0,2,1,0,1,0,0000000,1,2,1,6,99,99,0,0,0,2,1
25,250218,1,1,1,1,5,850,29,10,2010,6,15,30,0,14,2,US-6,PLEASANT STREET,99998,41.63815278,-70.928163890,0,15,0,0,3,7,1,0,1,1,0,1,0,0000000,15,30,15,36,15,59,0,0,0,1,0
25,250219,1,1,0,2,23,1475,15,10,2010,6,6,20,1,12,3,SR-27,,99998,42.08102500,-70.940780560,0,19,0,0,1,1,5,0,3,2,0,2,0,0000000,6,23,6,23,7,5,0,0,0,1,0
25,250220,1,1,0,1,17,1340,25,11,2010,5,0,37,0,16,8,LEXINGTON STREET,,99998,42.40970556,-71.234494440,0,24,0,0,1,1,4,0,3,1,0,1,0,0000000,0,38,0,40,88,88,0,0,0,1,1
25,250221,2,2,0,4,27,1172,8,6,2010,3,11,26,0,14,3,SR-140,GOLD STREET,99998,42.26803611,-71.710680560,0,12,1,0,2,2,1,0,1,10,0,10,0,0000000,11,27,11,31,12,0,0,0,0,1,0
25,250222,1,1,1,2,17,615,21,11,2010,1,19,31,0,16,8,WORTHEN ROAD,,99998,42.45253056,-71.234322220,0,8,0,0,1,1,1,0,3,1,0,1,0,0000000,19,31,19,32,19,53,0,0,0,1,0
25,250223,1,1,0,1,17,615,18,11,2010,5,23,0,1,11,1,I-95,,99998,42.43644444,-71.259513890,0,24,0,0,1,1,3,0,2,1,0,1,0,0000000,23,5,23,15,23,30,0,0,0,1,1
25,250224,1,1,1,1,27,1520,13,11,2010,7,12,30,0,16,8,PIEDMONT STREET,PLEASANT STREET,99998,42.26428889,-71.812650000,0,8,0,0,3,3,1,0,1,1,0,1,0,0000000,12,30,12,36,13,1,0,0,0,1,0
25,250225,1,1,0,2,23,140,11,12,2010,7,0,41,0,16,8,COURT STREET,,99998,42.09239444,-70.996613890,0,30,0,0,1,1,4,0,3,1,0,1,0,0000000,0,42,0,47,1,15,0,0,0,1,1
25,250226,1,1,0,1,5,320,11,12,2010,7,8,15,1,12,3,SR-24,,99998,41.68172778,-71.126302780,0,59,0,0,1,1,3,0,1,1,0,1,0,0000000,8,18,8,26,9,7,0,0,0,1,0
25,250227,1,1,1,1,13,1270,12,12,2010,1,18,28,0,16,8,SPRINGFIELD STREET,CRESTWOOD STREET,99998,42.12967500,-72.600575000,0,8,0,0,3,4,1,0,5,10,2,2,0,0000000,18,31,18,34,18,52,0,0,0,1,0
25,250228,1,1,0,1,17,261,30,12,2010,5,99,99,0,16,8,AVIS AVENUE,,99998,42.68451667,-71.305733330,0,42,0,0,1,1,2,0,2,1,0,1,0,0000000,7,13,7,15,88,88,0,0,0,1,1
25,250229,1,1,0,3,23,140,11,12,2010,7,11,13,1,12,3,SR-24,,99998,42.09013333,-71.060213890,0,26,0,0,1,1,4,0,1,10,0,10,0,0000000,11,16,11,23,11,59,0,0,0,1,0
25,250230,1,1,0,3,5,7,4,12,2010,7,1,14,0,16,8,MENDALL ROAD,,99998,41.70444722,-70.883016670,0,42,0,0,1,1,5,0,3,1,0,1,0,0000000,1,17,1,23,99,99,0,0,0,1,1
25,250231,1,1,0,1,27,350,9,1,2010,7,12,37,0,16,8,ASHBURNHAM HILL ROAD,WILLIAM ROAD,99998,42.59782778,-71.824150000,0,42,0,0,3,4,4,0,1,1,0,1,0,0000000,12,37,12,49,88,88,0,0,0,1,0
25,250232,2,2,0,3,21,1336,11,1,2010,2,15,19,0,14,3,SR-1A,HANSON AVENUE,99998,42.15004167,-71.250113890,0,12,1,0,3,3,1,0,1,1,0,1,0,0000000,15,22,15,28,15,46,0,0,0,1,0
25,250233,1,1,0,1,13,210,18,1,2010,2,18,47,1,11,1,I-391,,99998,42.15675556,-72.610230560,0,34,0,0,1,1,5,0,3,1,0,1,0,0000000,18,56,19,5,19,50,0,0,0,1,0
25,250234,1,1,0,1,17,1340,27,1,2010,4,3,8,1,12,2,US-20,NEWTON STREET,99998,42.37763056,-71.229600000,0,33,0,0,2,2,4,0,3,1,0,1,0,0000000,3,13,3,14,3,43,0,0,0,1,0
25,250235,2,2,0,2,5,850,8,3,2010,2,16,29,0,16,8,HATHAWAY ROAD,SHAWMUT AVENUE,99998,41.65970278,-70.947905560,0,12,6,0,2,2,1,0,1,1,0,1,0,0000000,99,99,99,99,99,99,0,0,0,1,0
25,250236,1,1,0,2,17,1282,3,4,2010,7,11,25,0,12,3,SR-38,,99998,42.59397500,-71.210633330,0,33,0,0,4,1,4,0,1,1,0,1,0,0000000,11,30,11,38,12,14,0,0,0,1,0
25,250237,1,1,0,1,27,610,14,4,2010,4,14,52,0,12,3,SR-13,NORTHMEADOW ROAD,99998,42.56844167,-71.746216670,0,33,0,0,2,3,4,0,1,1,0,1,0,0000000,15,2,15,10,15,32,0,0,0,1,0
25,250238,1,1,0,1,5,315,19,5,2010,4,23,1,0,16,8,SCONTICUT NECK ROAD,ORCHARD STREET,99998,41.63077778,-70.871944440,0,33,0,0,2,2,4,0,3,2,5,2,0,0000000,23,4,23,6,23,39,0,0,0,1,0
25,250239,1,1,1,1,1,330,28,10,2010,5,21,0,1,12,3,SR-28,,99998,41.57891944,-70.559263890,0,8,0,0,1,1,1,0,2,1,0,1,0,0000000,21,0,21,1,21,43,0,0,0,1,0
25,250240,1,1,1,1,25,200,30,10,2010,7,6,32,1,12,3,SR-16,WASHINGTON STREET,99998,42.40400278,-71.037083330,0,8,0,0,3,8,1,0,1,1,0,1,0,0000000,6,35,6,37,7,2,0,0,0,1,0
25,250241,2,2,0,5,27,1210,7,12,2010,3,7,25,0,6,8,SAYLES STREET,SOUTH STREET,99998,42.07675556,-72.044133330,0,12,6,0,2,2,1,0,1,10,0,10,0,0000000,7,27,7,28,7,38,0,0,0,1,0
25,250242,1,1,0,1,17,630,7,11,2010,1,7,18,0,16,8,BROADWAY STREET,SUFFOLK STREET,99998,42.64463056,-71.317233330,0,24,0,0,2,3,4,0,3,1,0,1,0,0000000,7,16,7,46,8,20,0,0,0,1,1
25,250243,1,1,1,1,17,630,26,11,2010,6,16,0,0,16,8,PAWTUCKET STREET,,99998,42.64923889,-71.329077780,0,8,0,0,1,1,1,0,5,1,0,1,0,0000000,15,57,16,2,16,17,0,0,0,1,0
25,250244,2,2,0,2,5,1280,7,12,2010,3,13,55,1,12,3,SR-140,,99998,41.87313889,-71.054977780,0,12,6,1,5,1,1,0,1,10,0,10,0,0000000,13,56,14,3,99,99,0,0,0,2,0
25,250245,2,2,0,4,21,1336,11,12,2010,7,3,18,1,11,1,I-95,,99998,42.15147222,-71.195783330,0,12,7,0,1,1,1,0,2,1,0,1,0,0000000,3,27,3,34,99,99,0,0,0,1,0
25,250246,3,2,0,2,5,1280,2,10,2010,7,12,9,0,16,8,WEST WATER STREET,SECOND STREET,99998,41.88585833,-71.090555560,0,14,0,0,2,3,5,0,1,1,0,1,0,0000000,12,8,12,13,12,37,14,0,0,1,0
25,250247,2,2,0,2,13,624,11,12,2010,7,5,13,1,11,1,I-91,,8,42.02551389,-72.590447220,0,12,2,0,1,1,1,0,3,1,0,1,0,0000000,5,16,5,25,88,88,0,0,0,2,1
25,250248,2,2,0,4,23,270,30,12,2010,5,20,6,1,13,3,SR-18,,99998,42.02124167,-70.959491670,0,12,2,0,1,1,1,0,3,1,0,1,0,0000000,20,5,20,7,20,46,0,0,0,1,0
25,250249,2,2,1,2,5,850,30,12,2010,5,6,43,1,14,3,SR-18,BOWLES STREET,99998,41.69906389,-70.935630560,0,8,0,0,2,8,1,0,1,1,0,1,0,0000000,6,47,6,56,88,88,0,0,0,1,0
25,250250,3,3,0,3,23,1085,2,6,2010,4,13,21,0,12,3,SR-123,SPRING STREET,99998,42.11891667,-70.917433330,0,12,1,0,2,3,1,0,1,1,0,1,0,0000000,99,99,99,99,99,99,0,0,0,1,0
25,250251,1,1,0,1,27,510,16,1,2010,7,16,5,0,12,3,SR-16,,99998,42.12178056,-71.543055560,0,1,0,0,1,1,1,0,5,1,0,1,0,0000000,16,46,16,51,17,6,0,0,0,1,0
25,250252,1,1,1,0,9,460,31,7,2010,7,10,35,0,16,8,PANDORA DRIVE,,99998,42.74430278,-71.020516670,0,8,0,0,8,1,1,0,1,98,0,98,0,0000000,10,37,10,46,10,56,0,0,0,1,0
25,250253,1,1,0,2,21,1336,13,10,2010,4,1,45,1,11,1,I-95,,99998,42.15176111,-71.195783330,0,1,0,0,1,1,1,0,2,1,0,1,0,0000000,1,44,1,52,99,99,0,0,0,1,0
25,250254,2,2,0,3,21,1336,13,9,2010,2,17,18,0,16,8,ROBBINS RD,,99998,42.15462222,-71.252347220,0,12,1,0,1,1,1,0,1,10,0,10,0,0000000,17,20,17,23,17,50,0,0,0,1,1