STATE,ST_CASE,VE_TOTAL,VE_FORMS,PEDS,PERSONS,COUNTY,CITY,DAY,MONTH,YEAR,DAY_WEEK,HOUR,MINUTE,NHS,ROAD_FNC,ROUTE,TWAY_ID,TWAY_ID2,MILEPT,LATITUDE,LONGITUD,SP_JUR,HARM_EV,MAN_COLL,RELJCT1,RELJCT2,TYP_INT,REL_ROAD,WRK_ZONE,LGT_COND,WEATHER1,WEATHER2,WEATHER,SCH_BUS,RAIL,NOT_HOUR,NOT_MIN,ARR_HOUR,ARR_MIN,HOSP_HR,HOSP_MN,CF1,CF2,CF3,FATALS,DRUNK_DR
25,250255,1,1,0,1,27,123,7,12,2010,3,5,50,0,16,8,CENTRAL STREET,,99998,42.34331944,-71.698150000,0,42,0,0,1,1,4,0,2,1,0,1,0,0000000,5,50,6,2,6,37,0,0,0,1,0
25,250256,2,1,0,2,23,926,13,9,2010,2,15,44,0,13,3,SR-3,,286,42.11694444,-70.778388890,0,14,0,0,1,1,4,0,1,1,0,1,0,0000000,15,44,15,51,99,99,23,0,0,1,1
25,250257,2,1,0,2,17,720,7,12,2010,3,22,43,1,11,1,I-93,,99998,42.41141667,-71.103944440,0,14,0,0,1,1,4,0,3,98,0,98,0,0000000,22,43,22,49,88,88,23,0,0,1,0
25,250258,1,1,1,1,9,460,1,11,2010,2,14,8,0,13,3,SR-97,,99998,42.74115000,-71.021547220,0,8,0,0,1,1,1,0,1,1,0,1,0,0000000,14,8,14,19,14,27,0,0,0,1,0
25,250260,2,2,0,3,25,120,1,12,2010,4,17,50,0,14,3,SR-2A,,99998,42.35232778,-71.090555560,0,12,2,0,1,1,1,0,3,2,0,2,0,0000000,17,50,17,55,18,22,0,0,0,1,0
25,250261,2,2,0,2,27,1172,21,11,2010,1,14,34,0,14,3,SR-140,CLEWS ST,99998,42.24785556,-71.710850000,0,12,6,0,2,3,1,0,1,1,0,1,0,0000000,14,36,14,42,14,58,0,0,0,1,0
25,250262,1,1,1,2,13,1270,20,11,2010,7,3,32,0,16,8,WORTHINGTON ST,,99998,42.11185000,-72.584438890,0,8,0,0,1,1,1,8,3,1,0,1,0,0000000,3,33,3,36,3,53,0,0,0,1,1
25,250263,2,2,0,2,1,694,17,11,2010,4,12,22,1,12,3,SR-28,,99998,41.61833056,-70.487766670,0,12,2,0,1,1,1,0,1,1,0,1,0,0000000,12,24,12,28,99,99,0,0,0,1,0
25,250264,2,2,0,4,23,2,18,11,2010,5,18,49,0,16,8,ROCKLAND ST,,99998,42.11032222,-70.962925000,0,12,6,0,8,1,1,0,3,1,0,1,0,0000000,18,49,14,53,99,99,0,0,0,1,0
25,250265,1,1,0,1,3,10,19,9,2010,1,12,35,0,16,8,NOTCH ROAD,,99998,42.62720278,-73.127402780,0,24,0,0,1,1,4,0,1,98,0,98,0,0000000,12,48,99,97,99,97,0,0,0,1,0
25,250266,1,1,0,1,27,785,18,9,2010,7,1,9,0,16,8,GREENWOOD STREET,,99998,42.20003889,-71.784838890,0,30,0,0,1,1,4,0,3,1,0,1,0,0000000,1,17,1,21,88,88,0,0,0,1,1
25,250267,2,2,0,3,5,1441,30,12,2010,5,19,39,0,14,3,SR-88,SR-177,99998,41.63353611,-71.078625000,0,12,2,0,2,8,1,0,2,1,0,1,0,0000000,19,43,19,44,99,99,0,0,0,2,2
25,250268,1,1,0,1,1,121,10,8,2010,3,13,50,0,16,8,SHORE ROAD,TROWBRIDGE ROAD,99998,41.74153889,-70.599002780,0,42,0,0,2,7,4,0,1,1,0,1,0,0000000,99,99,99,99,99,99,0,0,0,1,0
25,250269,1,1,0,1,23,1400,28,11,2010,1,5,52,0,16,8,COPELAND STREET,,99998,42.03495000,-71.011333330,0,43,0,0,1,1,4,0,6,1,0,1,0,0000000,5,59,6,1,6,23,0,0,0,1,0
25,250270,2,2,0,2,3,1030,14,11,2010,1,22,38,0,16,8,ONOTA ST,WEST UNION ST,99998,42.45576111,-73.264216670,0,12,6,0,2,2,1,0,3,10,0,10,0,0000000,99,98,99,98,88,88,0,0,0,1,0
25,250271,2,2,0,2,5,1064,8,11,2010,2,4,32,1,11,1,I-495,,178,41.92405833,-70.996569440,0,24,0,0,1,1,4,0,2,3,0,3,0,0000000,4,39,4,46,88,88,0,0,0,1,0
25,250272,2,2,0,4,23,1400,19,10,2010,3,23,4,1,12,3,SR-106,,99998,42.02086111,-71.003094440,0,12,2,0,1,1,1,0,3,1,0,1,0,0000000,23,6,23,12,23,44,0,0,0,1,0
25,250273,2,2,0,3,3,1030,23,10,2010,7,16,57,1,13,2,US-20,,99998,42.42541944,-73.260355560,0,12,2,0,1,1,1,0,1,10,0,10,0,0000000,17,2,17,6,17,17,0,0,0,1,0
25,250274,2,2,0,6,25,120,16,10,2010,7,19,30,0,16,8,NORTH WASHINGTON ST,CAUSEWAY ST,99998,42.36742222,-71.058969440,0,12,6,0,2,2,1,0,5,1,0,1,0,0000000,19,30,19,35,19,58,0,0,0,1,0
25,250275,1,1,1,1,17,375,11,10,2010,2,17,2,1,13,3,SR-9,,99998,42.29737222,-71.451902780,0,8,0,0,1,1,1,0,1,1,0,1,0,0000000,17,4,17,6,17,30,0,0,0,1,0
25,250276,2,2,0,3,27,1172,9,10,2010,7,13,25,1,11,1,I-290,MAIN STREET,99998,42.29572222,-71.751452780,0,1,0,1,2,2,1,0,1,1,0,1,0,0000000,13,25,13,30,13,40,0,0,0,1,1
25,250277,1,1,1,1,1,540,19,11,2010,6,17,54,1,12,3,SR-28,,99998,41.65822778,-70.271044440,0,8,0,0,3,8,1,0,3,1,0,1,0,0000000,17,54,17,56,18,8,0,0,0,1,0
25,250278,2,2,0,2,21,180,8,10,2010,6,4,30,1,11,1,I-95,,99998,42.18795556,-71.156386110,0,12,7,0,1,1,1,0,2,1,0,1,0,0000000,4,41,4,50,5,34,0,0,0,1,0
25,250279,1,1,0,1,27,1269,11,9,2010,7,1,45,0,6,8,WHITTINS ROAD,,99998,42.09535556,-71.734972220,0,18,0,0,1,1,4,0,3,1,0,1,0,0000000,1,50,1,59,88,88,0,0,0,1,1
25,250280,1,1,0,1,5,924,11,2,2010,5,23,37,0,16,8,OAK STREET,,99998,41.97155278,-71.227025000,0,42,0,0,1,1,4,0,2,1,0,1,0,0000000,88,88,88,88,88,88,0,0,0,1,1
25,250281,1,1,0,2,13,15,20,11,2010,7,5,3,0,14,3,SR-187,,99998,42.03877500,-72.685719440,0,42,0,0,1,1,4,0,3,1,0,1,0,0000000,5,5,5,11,5,34,0,0,0,2,1
25,250282,2,2,0,2,5,50,5,10,2010,3,5,18,1,11,1,I-95,,99998,41.92450556,-71.328908330,0,24,0,0,1,1,4,0,2,2,0,2,0,0000000,5,36,5,43,6,17,0,0,0,1,0
25,250283,1,1,0,1,1,1535,1,9,2010,4,0,18,1,12,3,SR-28,,99998,41.65296944,-70.214652780,0,42,0,0,1,1,2,0,3,1,0,1,0,0000000,0,20,0,23,88,88,0,0,0,1,1
25,250284,2,2,0,2,5,50,24,9,2010,6,6,56,0,16,8,THURBER AVE,CHAPEL HILL DR,99998,41.91061389,-71.300063890,0,1,0,0,2,2,1,0,1,10,0,10,0,0000000,6,57,6,59,7,25,0,0,0,1,0
25,250285,2,1,0,1,5,320,25,9,2010,7,1,47,0,16,8,N MAIN ST,HASKELL ST,99998,41.73513333,-71.134158330,0,30,0,0,3,3,4,0,3,1,0,1,0,0000000,1,47,1,52,88,88,0,0,0,1,1
25,250286,2,1,1,2,17,375,14,9,2010,3,22,43,1,13,3,SR-9,CALIFORNIA AVE,99998,42.29737222,-71.483488890,0,8,0,0,3,2,1,2,3,1,0,1,0,0000000,22,48,22,52,88,88,0,0,0,1,1
25,250287,2,2,0,2,11,1150,24,9,2010,6,16,47,1,2,3,SR-2,SHELBURNE CENTER RD,99998,42.59138333,-72.686147220,0,12,6,0,2,3,1,0,1,1,0,1,0,0000000,88,88,88,88,88,88,0,0,0,1,1
25,250288,2,2,0,2,17,90,15,11,2010,2,8,6,1,12,2,US-3,,99998,42.49728889,-71.237583330,0,12,6,0,1,1,1,0,1,10,0,10,0,0000000,8,6,8,7,99,99,0,0,0,1,0
25,250289,1,1,0,1,5,251,28,12,2010,3,17,46,0,16,8,HIGH HILL ROAD,PINE ISLAND ROAD,99998,41.70989444,-70.991419440,0,42,0,0,2,3,4,0,3,1,0,1,0,0000000,99,99,99,99,99,99,0,0,0,1,1
25,250290,1,1,0,1,17,617,9,11,2010,3,10,57,0,14,3,SR-2A,BEDFORD ROAD,99998,42.45012500,-71.289597220,0,42,0,0,3,3,5,0,1,1,0,1,0,0000000,10,57,11,3,11,25,0,0,0,1,0
25,250291,1,1,3,1,13,210,28,11,2010,1,11,38,0,16,8,GROVE STREET,,99998,42.15385833,-72.584438890,0,43,0,0,3,8,5,0,1,1,0,1,0,0000000,11,40,11,41,99,99,0,0,0,1,0
25,250292,2,2,0,3,27,1310,22,10,2010,6,15,19,0,12,3,SR-140,,99998,42.16342778,-71.585930560,0,12,6,0,8,1,1,0,1,1,0,1,0,0000000,99,99,99,99,99,99,0,0,0,1,0
25,250293,2,2,0,3,13,210,17,5,2010,2,11,45,0,12,3,SR-116,,99998,42.16906667,-72.614477780,0,12,8,0,1,1,1,0,1,1,0,1,0,0000000,99,99,99,99,99,99,0,0,0,1,0
25,250294,2,1,0,1,13,210,2,4,2010,6,15,32,0,12,3,SR-141,GRATTAN STREET,99998,42.16893889,-72.593444440,0,14,0,0,2,8,4,0,1,1,0,1,0,0000000,99,99,99,99,99,99,0,0,0,1,0
25,250295,1,1,1,1,9,35,12,12,2010,1,15,5,1,12,3,SR-125,,99998,42.60035556,-71.133383330,0,8,0,0,98,8,98,0,1,98,0,98,0,0000000,15,7,15,12,15,42,0,0,0,1,1
25,250296,2,2,0,2,3,1030,7,12,2010,3,18,20,0,16,8,WEST STREET,,99998,42.45145556,-73.269452780,0,12,2,0,1,1,1,0,3,1,0,1,0,0000000,18,23,18,29,18,49,0,0,0,1,1
25,250297,1,1,1,1,21,58,15,10,2010,6,18,47,0,12,3,SR-28,FAGAN DRIVE,99998,42.12935833,-71.038455560,0,8,0,0,2,3,1,0,6,2,0,2,0,0000000,18,47,18,47,19,14,0,0,0,1,0
25,250298,1,1,0,2,23,926,18,7,2010,1,3,43,0,16,8,HIGH STREET,OAK STREET,99998,42.16800000,-70.711972220,0,33,0,0,2,3,4,0,8,10,0,10,0,0000000,3,43,3,54,4,19,0,0,0,1,1
25,250299,2,2,0,3,5,251,21,10,2010,5,18,2,0,16,8,HIGH HILL ROAD,,99998,41.70188333,-70.988416670,0,12,6,0,4,1,1,0,5,1,0,1,0,0000000,99,99,99,99,99,99,0,0,0,1,1
25,250300,2,2,0,4,27,1520,15,6,2010,3,13,40,1,2,3,SR-9,,99998,42.21138889,-72.085000000,0,12,6,0,8,1,1,0,1,1,0,1,0,0000000,13,42,13,49,99,99,0,0,0,1,0
25,250301,1,1,0,2,27,117,2,3,2010,3,9,16,1,1,1,I-495,,682,42.45183333,-71.581077780,0,1,0,0,1,1,4,0,1,1,0,1,0,0000000,9,17,9,30,99,99,0,0,0,1,0
25,250302,2,2,0,4,13,990,23,9,2010,5,20,24,0,2,2,US-20,,99998,42.15385833,-72.376813890,0,12,2,0,1,1,1,0,6,1,0,1,0,0000000,20,26,20,30,21,20,0,0,0,2,0
25,250303,2,2,0,3,13,210,20,2,2010,7,14,45,0,16,8,MEETING HOUSE ROAD,MEADOW STREET,99998,42.16849167,-72.614477780,0,12,2,0,2,3,1,0,1,1,0,1,0,0000000,14,49,15,0,15,25,0,0,0,1,0
25,250304,1,1,0,2,9,1000,18,4,2010,1,1,32,1,11,1,I-95,,99998,42.52177500,-70.995197220,0,35,0,1,5,1,3,0,3,1,0,1,0,0000000,1,41,1,47,2,27,0,0,0,1,0
25,250305,2,2,0,3,1,1388,4,8,2010,4,19,56,1,12,2,US-6,,99998,41.69701389,-70.385283330,0,12,6,0,1,1,1,0,5,10,0,10,0,0000000,99,99,99,99,20,16,0,0,0,1,0
25,250306,2,2,0,2,5,1441,14,9,2010,3,14,51,0,6,8,OLD COUNTY ROAD,,99998,41.61948611,-71.046694440,0,12,2,0,1,1,1,0,1,1,0,1,0,0000000,14,51,14,57,15,29,0,0,0,1,0
25,250307,1,1,0,2,21,58,17,10,2010,1,14,40,0,16,8,MEMORIAL DRIVE,,99998,42.11713333,-71.030902780,0,31,0,0,1,1,5,0,1,98,0,98,0,0000000,14,41,14,44,15,9,0,0,0,1,0
25,250308,2,1,0,1,5,1441,4,9,2010,7,14,6,0,6,8,ROBERT STREET,,99998,41.62551667,-71.127977780,0,38,0,0,1,1,5,0,1,1,0,1,0,0000000,14,6,14,11,88,88,0,0,0,1,1
25,250309,3,3,0,9,27,1273,17,10,2010,1,17,47,1,11,1,I-190,LEOMINSTER RD,99998,42.45854722,-71.747075000,0,12,6,1,3,2,1,0,1,1,0,1,0,0000000,17,47,17,50,18,21,0,0,0,1,0
25,250310,1,1,0,1,15,93,2,8,2010,2,9,38,0,16,8,LIBERTY STREET,,99998,42.21790278,-72.375183330,0,35,0,0,1,1,4,0,1,10,0,10,0,0000000,9,39,9,46,10,21,0,0,0,1,0
25,250311,2,2,0,2,9,470,17,7,2010,7,4,17,1,11,1,I-495,,99998,42.80046944,-71.094116670,0,24,0,0,1,1,3,0,1,1,0,1,0,0000000,4,17,4,33,88,88,0,0,0,1,1
25,250312,4,4,0,6,17,615,19,8,2010,5,14,15,1,12,3,SR-2,,1290,42.50551389,-71.486663890,0,12,2,0,1,1,1,0,1,1,0,1,0,0000000,14,15,14,16,99,99,0,0,0,1,1
25,250313,1,1,1,1,25,120,20,9,2010,2,16,30,0,16,8,MELNEA CASS BOULEVAR,MASSACHUSETTS AVENUE,99998,42.33310556,-71.072530560,0,9,0,0,3,2,1,0,1,98,0,98,0,0000000,16,30,16,31,16,38,0,0,0,1,0
25,250314,1,1,1,2,25,120,27,8,2010,6,10,0,0,16,8,BEACON STREET,,99998,42.33650278,-71.148583330,0,15,0,0,1,1,1,0,1,98,0,98,0,0000000,99,99,99,99,99,99,0,0,0,1,0
25,250315,1,1,1,11,25,120,21,12,2010,3,8,49,0,16,8,HUNTINGTON AVENUE,LOUIS PRANG STREET,99998,42.33913333,-71.096819440,0,8,0,0,3,2,1,0,1,98,0,98,0,0000000,8,49,8,52,9,7,16,0,0,1,0
25,250316,1,1,1,1,25,120,28,12,2010,3,12,45,0,14,3,SR-145,CHELSEA STREET,99998,42.37876111,-71.028530560,0,8,0,0,3,8,1,0,1,1,0,1,0,0000000,12,45,12,48,13,11,0,0,0,1,0
25,250317,2,2,0,4,13,15,22,8,2010,1,15,53,0,14,3,SR-75,WASHINGTON AVENUE,99998,42.08446944,-72.628886110,0,12,6,0,2,2,1,0,1,2,10,2,0,0000000,99,99,99,99,99,99,0,0,0,1,0
25,250318,1,1,1,2,17,660,12,11,2010,6,17,57,0,16,8,LYNN STREET,DAVIS STREET,99998,42.43000278,-71.029291670,0,8,0,0,3,2,1,0,8,10,0,10,0,0000000,99,99,99,99,99,99,0,0,0,1,1
25,250319,2,2,0,3,17,660,1,8,2010,1,0,42,0,16,8,LEBANON STREEET,,99998,42.43534444,-71.045388890,0,12,2,0,1,1,1,0,2,1,0,1,0,0000000,99,99,99,99,99,99,0,0,0,1,1
25,250320,2,2,0,6,13,1477,25,11,2010,5,1,46,0,12,3,SR-20,THREE RIVERS ROAD,99998,42.15239167,-72.395588890,0,12,2,8,2,8,1,0,2,1,0,1,0,0000000,99,99,99,99,99,99,0,0,0,1,1
25,250321,1,1,1,1,3,10,24,12,2010,6,10,32,0,6,8,PARK STREET,,99998,42.62315278,-73.120005560,0,8,0,0,1,1,1,0,1,1,0,1,0,0000000,99,99,99,99,99,99,0,0,0,1,0
25,250322,1,1,0,1,21,710,12,12,2010,1,12,1,0,16,8,DOVER ROAD,,99998,42.18864167,-71.333316670,0,35,0,0,1,1,5,0,1,98,0,98,0,0000000,88,88,88,88,88,88,0,0,0,1,0
25,250323,2,2,0,2,13,1247,24,11,2010,4,9,18,0,15,3,SR-10,,0,42.01265556,-72.794930560,0,12,6,0,1,1,1,0,1,1,0,1,0,0000000,99,99,99,99,99,99,0,0,0,1,0
25,250324,2,2,0,2,17,1340,6,10,2010,4,12,38,0,16,8,TRAPELO ROAD,PINE VALE ROAD,0,42.41290278,-71.244291670,0,12,6,0,2,3,1,0,1,2,0,2,0,0000000,99,99,99,99,99,99,0,0,0,1,0
25,250325,2,2,0,2,25,120,14,11,2010,1,23,43,0,16,8,TREMONT STREET,,0,42.33192778,-71.093791670,0,12,1,0,1,1,1,0,3,1,0,1,0,0000000,99,99,99,99,99,99,22,0,0,1,1
25,250326,1,1,0,1,13,1446,22,9,2010,4,22,9,0,12,2,US-5,,99998,42.13394167,-72.626194440,0,24,0,1,5,1,4,0,2,10,0,10,0,0000000,99,99,99,99,99,99,0,0,0,1,0
25,250327,1,1,0,3,11,1150,9,7,2010,6,16,44,1,2,3,SR-2,,99998,42.58647778,-72.714625000,0,24,0,0,1,1,5,0,1,1,0,1,0,0000000,99,99,99,99,99,99,0,0,0,1,0
25,250328,2,2,2,3,17,240,16,12,2010,5,12,1,0,16,8,WALDEN STREET,,99998,42.45975833,-71.349427780,0,12,1,0,1,1,1,0,1,98,0,98,0,0000000,99,99,99,99,99,99,16,0,0,1,0
25,250329,1,1,1,1,25,120,1,2,2010,2,6,30,0,16,8,WEST 4TH STREET,,0,42.34232222,-71.060094440,0,8,0,0,1,1,1,0,4,1,0,1,0,0000000,99,99,99,99,99,99,0,0,0,1,0
25,250330,1,1,1,2,25,120,18,3,2010,5,22,20,0,16,8,ALBANY STREET,TRAVELER STREET,99998,42.34395278,-71.062069440,0,8,0,0,2,2,1,0,3,1,0,1,0,0000000,99,99,99,99,99,99,0,0,0,1,0
25,250331,1,1,1,1,25,120,24,3,2010,4,16,18,0,16,8,E STREET,WEST BROADWAY,99998,42.33781111,-71.049266670,0,8,0,0,3,2,1,0,1,1,0,1,0,0000000,99,99,99,99,99,99,0,0,0,1,0
25,250332,1,1,1,1,21,1063,16,12,2010,5,6,23,0,12,3,SR-28,HALL STREET,99998,42.19472500,-71.060530560,0,8,0,0,2,3,1,0,3,1,0,1,0,0000000,99,99,99,99,99,99,0,0,0,1,0
25,250333,3,1,0,3,25,120,8,1,2010,6,0,20,0,16,8,HARRISON AVE,,99998,42.34492778,-71.063330560,0,14,0,0,1,1,4,0,8,1,0,1,0,0000000,99,99,99,99,99,99,0,0,0,1,0
25,250334,1,1,1,1,25,120,1,3,2010,2,18,56,0,16,8,COMMONWEALTH AVE,ALLSTON STREET,99998,42.34862222,-71.137569440,0,8,0,0,3,2,1,0,3,1,0,1,0,0000000,99,99,99,99,99,99,0,0,0,1,0
26,260001,2,2,0,8,165,0,3,1,2010,1,15,25,1,12,2,US-131,,45,44.27994444,-85.388702780,0,12,6,0,1,1,1,0,1,4,0,4,0,0000000,15,30,15,34,99,99,0,0,0,1,0
26,260002,1,1,0,1,31,0,10,1,2010,1,1,0,0,6,4,ALPENA STATE,,24,45.62739444,-84.371566670,0,35,0,0,1,1,6,0,2,1,0,1,0,0000000,1,32,99,99,88,88,22,0,0,1,1
26,260003,2,2,0,4,103,4447,2,1,2010,7,12,20,0,3,3,SR-553,CO RD NB,80,46.39060278,-87.407175000,0,12,6,0,3,1,1,0,1,4,0,4,0,0000000,12,21,12,30,99,99,0,0,0,1,0
26,260004,1,1,0,1,57,0,12,1,2010,3,8,45,1,2,2,US-127,,237,43.42333056,-84.677102780,0,1,0,0,1,1,5,0,1,1,0,1,0,0000000,8,47,9,0,99,99,0,0,0,1,0
26,260005,1,1,0,1,145,565,14,1,2010,5,12,0,1,11,1,I-75,,127,43.38059722,-83.877611110,0,25,0,0,1,1,3,0,1,1,0,1,0,0000000,99,99,99,99,88,88,0,0,0,1,0
26,260006,1,1,0,1,105,0,21,1,2010,5,20,14,0,4,4,STILES,,47,43.99480556,-86.340113890,0,42,0,0,1,1,6,0,2,1,0,1,0,0000000,20,14,20,20,88,88,0,0,0,1,1
26,260007,2,2,0,3,123,3490,1,1,2010,6,23,0,0,3,3,SR-82,PINE LAKE,3,43.40461111,-85.800013890,0,12,6,0,2,3,1,0,3,1,0,1,0,0000000,23,3,23,10,99,99,0,0,0,2,1
26,260008,1,1,0,1,163,1260,2,1,2010,7,2,10,0,14,6,JOY,,104,42.35856111,-83.170155560,0,33,0,0,1,1,4,0,3,10,0,10,0,0000000,99,99,99,99,99,99,0,0,0,1,1
26,260009,2,2,0,3,21,0,5,1,2010,3,17,53,0,3,4,RED ARROW,,154,41.90821667,-86.587908330,0,12,6,0,1,1,1,0,2,11,0,11,0,0000000,17,53,18,2,99,99,0,0,0,2,0
26,260010,2,2,0,2,91,4516,6,1,2010,4,7,40,0,4,4,WESTON,,16,41.73481389,-84.183169440,0,12,1,0,1,1,1,0,4,10,0,10,1,0000000,7,40,7,45,99,99,22,0,0,1,0
26,260011,3,3,0,4,163,2850,6,1,2010,4,11,34,0,14,6,NEWBURGH RD,AMRHEIN,66,42.37465833,-83.411647220,0,12,6,0,2,2,1,0,1,10,0,10,0,0000000,11,34,11,38,99,99,20,0,0,1,0
26,260012,2,2,0,5,125,3712,11,1,2010,2,6,59,0,14,4,JOSLYN,,78,42.76068889,-83.283191670,0,12,6,0,1,1,1,0,2,11,0,11,0,0000000,7,6,7,10,99,99,0,0,0,3,0
26,260013,2,2,0,2,139,0,12,1,2010,3,7,21,0,14,4,PORT SHELDON,,74,42.88542222,-85.876522220,0,12,2,0,1,1,1,0,4,10,0,10,0,0000000,7,22,7,25,88,88,0,0,0,1,0
26,260014,1,1,1,1,63,0,12,1,2010,3,6,26,0,3,3,SR-25,,67,43.79491944,-83.377605560,0,8,0,0,1,1,1,0,2,10,0,10,0,0000000,99,99,99,99,88,88,0,0,0,1,0
26,260015,2,2,0,2,25,0,14,1,2010,5,15,50,0,6,4,6 MILE,,28,42.20337500,-85.178397220,0,12,2,0,1,1,1,0,1,10,0,10,0,0000000,99,99,99,99,88,88,22,0,0,1,0
26,260016,1,1,1,2,163,4166,11,1,2010,2,18,45,0,14,4,W CHICAGO,,4,42.35934444,-83.305977780,0,8,0,0,1,1,1,0,3,10,0,10,0,0000000,18,45,18,51,88,88,0,0,0,1,0
26,260017,1,1,0,2,1,0,23,1,2010,7,99,99,0,4,4,HUBBARD LAKE,,121,44.75651667,-83.526177780,0,48,0,0,1,1,6,0,2,1,0,1,0,0000000,8,0,8,20,88,88,0,0,0,2,0
26,260018,2,2,0,2,123,0,28,1,2010,5,7,54,0,3,3,SR-37,,9,43.43628056,-85.791077780,0,12,6,0,1,1,1,0,2,4,0,4,0,0000000,7,55,8,8,99,99,0,0,0,1,0
26,260019,2,2,0,3,61,0,28,1,2010,5,10,39,0,3,2,US-41,,61,47.16711944,-88.521630560,0,12,2,0,1,1,1,0,1,11,0,11,0,0000000,10,42,10,46,99,99,0,0,0,1,0
26,260020,4,3,0,6,99,4330,13,1,2010,4,16,30,1,13,3,SR-3,UTICA,41,42.50393333,-82.932272220,0,12,6,0,2,2,1,0,1,1,0,1,0,0000000,16,30,16,35,99,99,20,0,0,2,0
26,260021,2,2,0,2,77,4030,7,1,2010,5,5,50,0,13,6,SPRINKLE RD,,42,42.23647778,-85.540516670,0,12,6,0,1,1,1,0,3,10,0,10,0,0000000,5,52,5,58,99,99,0,0,0,1,0
26,260022,3,3,0,7,99,4330,14,1,2010,5,23,19,1,11,1,I-94,,43,42.51045833,-82.918463890,0,12,8,0,1,1,1,0,3,1,0,1,0,0000000,23,25,23,28,99,99,20,0,0,3,0
26,260023,2,2,0,2,125,1081,5,1,2010,3,10,6,1,13,3,SR-5,MAPLE RD,10,42.54122500,-83.451525000,0,12,6,0,2,2,1,0,1,4,11,4,0,0000000,10,6,10,15,99,99,0,0,0,1,0
26,260024,1,1,0,2,81,0,10,1,2010,1,2,30,0,6,4,TIMPSON AVE SE,,41,42.86954444,-85.390619440,0,42,0,0,1,1,5,0,2,1,0,1,0,0000000,2,40,2,47,88,88,0,0,0,2,1
26,260025,2,2,0,2,93,0,20,1,2010,4,7,45,0,13,3,SR-96,,143,42.59565833,-83.898413890,0,12,2,0,1,1,1,0,4,10,0,10,0,0000000,7,54,8,3,99,99,0,0,0,1,0
26,260026,2,2,0,6,79,0,24,1,2010,1,14,53,0,4,4,INGERSOLL,SHIPPY,10,44.56974167,-85.312958330,0,12,6,0,3,2,1,0,1,2,0,2,0,0000000,14,53,15,8,99,99,22,0,0,1,0
26,260027,1,1,1,1,99,4330,25,1,2010,2,17,12,0,13,3,SR-97,,42,42.50608611,-82.960338890,0,8,0,0,1,1,1,0,1,1,0,1,0,0000000,17,13,17,15,99,99,0,0,0,1,0
26,260028,1,1,1,1,49,1730,18,1,2010,2,3,20,0,15,6,N CHEVROLET AVE,,23,43.03555556,-83.715977780,0,8,0,0,1,1,1,0,2,5,0,5,0,0000000,3,21,3,31,99,99,0,0,0,1,0
26,260029,1,1,0,1,99,850,29,1,2010,6,9,48,0,15,6,11 MILE,,27,42.49412500,-82.971969440,0,10,0,0,6,1,1,0,1,1,0,1,0,511099Y,9,49,9,54,99,99,0,0,0,1,0
26,260030,3,3,0,4,33,4480,10,1,2010,1,9,23,0,14,6,E PORTAGE AVE,BINGHAM ST,12,46.49951111,-84.343619440,0,12,6,0,2,2,1,0,1,1,0,1,0,0000000,9,25,9,27,99,99,0,0,0,1,0
26,260031,1,1,0,1,71,0,2,1,2010,7,21,10,1,2,2,US-2,,172,46.09933333,-88.679022220,0,48,0,0,1,1,4,0,3,1,0,1,0,0000000,99,99,99,99,99,99,0,0,0,1,0
26,260032,2,2,0,2,81,5319,13,1,2010,4,12,58,1,12,2,US-131,,94,42.90309444,-85.677308330,0,35,0,0,1,1,3,0,1,1,0,1,0,0000000,13,0,13,2,88,88,0,0,0,1,0
26,260033,4,4,0,4,77,3727,28,1,2010,5,16,57,0,13,4,9TH,N,10,42.24532500,-85.677652780,0,12,6,0,2,2,1,0,1,4,0,4,0,0000000,16,59,17,2,99,99,0,0,0,1,0
26,260034,2,2,0,2,27,0,2,2,2010,3,8,5,0,4,4,DAILEY,PEAVINE,111,41.95534167,-86.087816670,0,12,6,0,2,2,1,0,1,4,0,4,0,0000000,8,5,8,12,99,99,0,0,0,1,0
26,260035,2,2,0,3,77,47,2,2,2010,3,7,10,0,4,4,RAVINE,OWEN,26,42.36853333,-85.678136110,0,12,6,0,3,4,1,0,4,4,0,4,0,0000000,7,11,7,25,99,99,0,0,0,1,0
26,260036,1,1,1,1,99,4330,19,1,2010,3,18,49,1,13,3,SR-3,CONNECTICUT ST,48,42.51175833,-82.926938890,0,9,0,0,3,1,1,0,3,10,0,10,0,0000000,18,50,18,55,88,88,0,0,0,1,0
26,260037,1,1,0,1,25,2310,6,2,2010,7,2,2,0,3,3,SR-60,W MAIN,185,42.14735278,-84.814227780,0,59,0,0,3,4,4,0,3,10,0,10,0,0000000,2,10,2,25,88,88,20,0,0,1,1
26,260038,2,2,0,5,55,0,5,1,2010,3,18,56,1,13,2,US-31,,103,44.72030000,-85.645975000,0,12,1,0,1,1,1,0,2,4,11,4,0,0000000,18,56,19,13,99,99,19,0,0,1,0