STATE,ST_CASE,VE_TOTAL,VE_FORMS,PEDS,PERSONS,COUNTY,CITY,DAY,MONTH,YEAR,DAY_WEEK,HOUR,MINUTE,NHS,ROAD_FNC,ROUTE,TWAY_ID,TWAY_ID2,MILEPT,LATITUDE,LONGITUD,SP_JUR,HARM_EV,MAN_COLL,RELJCT1,RELJCT2,TYP_INT,REL_ROAD,WRK_ZONE,LGT_COND,WEATHER1,WEATHER2,WEATHER,SCH_BUS,RAIL,NOT_HOUR,NOT_MIN,ARR_HOUR,ARR_MIN,HOSP_HR,HOSP_MN,CF1,CF2,CF3,FATALS,DRUNK_DR
26,260039,2,2,0,7,81,0,6,2,2010,7,9,0,1,1,1,I-96,,249,42.87833889,-85.420202780,0,12,7,0,1,1,1,0,1,1,0,1,0,0000000,9,0,9,8,99,99,0,0,0,1,0
26,260040,2,2,0,2,17,0,21,1,2010,5,7,3,0,3,3,SR-13,,218,43.84067222,-83.966447220,0,12,6,0,4,1,1,0,2,10,0,10,0,0000000,7,3,7,8,99,99,0,0,0,1,1
26,260041,2,2,0,3,33,4480,24,1,2010,1,15,38,0,15,6,SEYMOUR ST,,28,46.47455278,-84.338136110,0,18,0,0,1,1,4,0,1,3,0,3,0,0000000,15,41,15,46,99,99,0,0,0,1,0
26,260042,1,1,0,1,165,0,31,1,2010,1,16,22,0,3,3,SR-37,,13,44.18338611,-85.800250000,0,42,0,0,1,1,6,0,1,4,0,4,0,0000000,16,22,16,47,88,88,0,0,0,1,1
26,260043,1,1,1,1,125,1690,12,1,2010,3,9,58,1,13,3,SR-1,,118,42.46161944,-83.135038890,0,8,0,0,1,1,1,0,1,1,0,1,0,0000000,9,58,10,0,99,99,0,0,0,1,0
26,260044,1,1,1,1,99,2934,26,1,2010,3,21,33,1,13,4,GARFIELD RD,,65,42.62764167,-82.953430560,0,8,0,0,1,1,1,0,2,4,0,4,0,0000000,99,99,99,99,99,99,0,0,0,1,0
26,260045,2,2,0,2,147,2558,8,2,2010,2,7,2,0,14,4,RANGE,GRISWOLD,91,42.96531111,-82.502411110,0,12,6,0,2,2,1,0,3,1,0,1,0,0000000,7,3,7,9,99,99,0,0,0,1,0
26,260046,2,2,0,5,149,1100,10,2,2010,4,9,42,1,2,2,US-131,,50,41.82828889,-85.662802780,0,12,2,0,1,1,1,0,1,10,0,10,0,0000000,9,44,9,54,99,99,0,0,0,1,0
26,260047,2,2,0,2,139,2400,21,1,2010,5,17,57,0,15,6,HIGHLAND DR,WINDSOR HILL DR,2,42.85534722,-85.878213890,0,12,6,0,2,3,1,0,3,10,0,10,0,0000000,17,59,18,2,99,99,0,0,0,1,0
26,260048,1,1,0,2,81,0,11,2,2010,5,23,30,0,4,4,20 MILE,,11,43.26445556,-85.370205560,0,42,0,0,1,1,6,0,2,4,0,4,0,0000000,23,34,23,40,88,88,22,0,0,1,1
26,260049,1,1,1,1,163,1260,28,1,2010,5,0,35,1,11,1,I-75,,24,42.35916111,-83.053102780,0,8,0,0,1,1,1,0,3,4,0,4,0,0000000,99,99,99,99,99,99,0,0,0,1,0
26,260050,1,1,1,1,69,0,10,2,2010,4,22,25,0,4,4,TOWNLINE,,59,44.25060833,-83.564327780,0,8,0,0,1,1,1,0,2,10,0,10,0,0000000,99,99,99,99,88,88,22,0,0,1,1
26,260051,1,1,0,1,103,3050,13,2,2010,7,0,2,1,13,2,US-41,,212,46.51910556,-87.385822220,0,24,0,0,1,1,4,0,2,10,0,10,0,0000000,0,6,0,14,88,88,0,0,0,1,0
26,260052,1,1,0,1,21,0,16,2,2010,3,12,59,0,4,4,CLEVELAND,,90,41.88806111,-86.494244440,0,42,0,0,1,1,6,0,1,1,0,1,0,0000000,12,59,13,9,88,88,0,0,0,1,0
26,260053,2,2,0,3,125,208,1,2,2010,2,9,33,1,13,3,SR-24,HARMON RD,15,42.70058333,-83.242494440,0,12,6,0,2,3,1,0,1,1,0,1,0,0000000,9,35,9,40,99,99,0,0,0,1,0
26,260054,2,2,0,4,117,0,24,2,2010,4,7,40,0,4,4,CRYSTAL,,55,43.19904444,-84.915991670,0,12,6,0,1,1,1,0,1,4,0,4,0,0000000,7,42,7,59,88,88,0,0,0,1,0
26,260055,2,2,0,2,147,0,27,2,2010,7,20,35,0,6,4,SHORT CUT,MCKINLEY,10,42.69636111,-82.568736110,0,12,6,0,2,2,1,0,2,10,0,10,0,0000000,20,40,20,48,88,88,22,0,0,1,2
26,260056,1,1,0,1,59,0,5,2,2010,6,21,20,0,4,4,TERRITORIAL RD,,84,41.70881111,-84.643983330,0,30,0,0,1,1,4,0,2,4,0,4,0,0000000,21,24,99,99,99,99,0,0,0,1,0
26,260057,2,2,0,2,41,0,5,2,2010,6,6,45,0,3,3,SR-35,,239,46.13399167,-87.211769440,0,11,0,0,1,1,2,0,2,10,0,10,0,0000000,99,99,99,99,99,99,0,0,0,1,0
26,260058,3,3,0,3,125,4567,21,2,2010,1,16,37,0,14,6,LAHSER,ELEVEN MILE,30,42.48698889,-83.261422220,0,12,6,0,2,2,1,0,1,10,0,10,0,0000000,99,99,99,99,99,99,0,0,0,2,0
26,260059,1,1,0,1,149,4760,23,2,2010,3,19,25,0,15,6,E LAFAYETTE,,27,41.81053889,-85.403508330,0,11,0,0,1,1,1,0,2,4,0,4,0,0000000,99,99,99,99,99,99,0,0,0,1,0
26,260060,1,1,0,1,81,0,1,3,2010,2,18,28,0,3,4,LINCOLN LAKE,,145,43.07518889,-85.352397220,0,34,0,0,1,1,4,0,5,10,0,10,0,0000000,18,28,18,28,88,88,22,0,0,1,1
26,260061,1,1,0,1,143,0,5,2,2010,6,22,30,0,4,4,HILLCREST RD,DAYTON,45,44.45751944,-84.744686110,0,42,0,0,3,1,5,0,2,4,0,4,0,0000000,2,21,2,32,99,99,18,0,0,1,1
26,260062,1,1,1,1,99,2181,7,3,2010,1,23,14,0,13,4,JEFFERSON,CASA GRANDE,78,42.55202778,-82.853083330,0,8,0,0,3,3,1,0,3,1,0,1,0,0000000,23,51,23,53,88,88,0,0,0,1,0
26,260063,3,3,0,3,161,0,9,2,2010,3,9,3,1,11,1,I-94,,261,42.22458611,-83.671258330,0,12,7,0,1,1,1,0,1,4,0,4,0,0000000,99,99,99,99,99,99,0,0,0,1,0
26,260064,2,2,0,2,49,0,9,2,2010,3,14,3,0,4,4,DODGE RD,,93,43.15176944,-83.510197220,0,12,6,0,1,1,1,0,1,4,0,4,0,0000000,14,5,14,20,99,99,0,0,0,1,0
26,260065,2,2,0,2,17,0,9,2,2010,3,9,56,1,11,1,I-75,,22,43.55441389,-83.944913890,0,12,1,0,1,1,1,0,1,4,0,4,0,0000000,9,58,10,5,99,99,0,0,0,1,0
26,260066,2,2,0,3,73,0,9,2,2010,3,15,51,1,2,3,SR-20,,199,43.61190833,-84.650097220,0,12,2,0,1,1,1,0,1,4,0,4,0,0000000,99,99,99,99,99,99,0,0,0,1,0
26,260067,2,2,0,3,33,325,13,2,2010,7,15,32,0,4,4,W LAKESHORE DR,,186,46.43821111,-84.608444440,0,12,6,0,16,1,1,0,1,1,0,1,0,0000000,15,34,15,40,99,99,0,0,0,1,0
26,260068,3,3,0,3,99,1440,8,2,2010,2,14,17,1,13,3,SR-3,,22,42.47830000,-82.949352780,0,12,1,0,7,1,1,0,1,1,0,1,0,0000000,14,6,14,10,99,99,0,0,0,1,0
26,260069,1,1,1,1,147,4060,8,2,2010,2,8,10,0,14,6,7TH,LAPEER,11,42.97579444,-82.427613890,0,9,0,0,3,2,1,0,1,1,0,1,0,0000000,99,99,99,99,99,99,0,0,0,1,0
26,260070,2,2,0,5,145,0,22,2,2010,2,15,50,1,2,3,SR-46,,113,43.40722222,-83.747847220,0,12,2,0,1,1,1,0,1,4,0,4,0,0000000,15,50,15,53,99,99,0,0,0,1,0
26,260071,2,2,0,2,157,0,27,2,2010,7,6,30,0,14,3,SR-81,SUNRISE DR,188,43.51650278,-83.360130560,0,12,6,0,2,3,1,0,2,10,0,10,0,0000000,99,99,99,99,99,99,0,0,0,1,0
26,260072,2,2,0,3,99,3390,27,1,2010,4,15,1,1,13,3,SR-3,JOY BLVD,6,42.61020000,-82.871075000,0,12,6,0,2,2,1,0,1,1,0,1,0,0000000,99,99,99,99,99,99,0,0,0,1,0
26,260073,1,1,0,1,49,0,2,2,2010,3,9,26,0,14,4,E BRISTOL,,83,42.97590833,-83.569275000,0,34,0,0,1,1,4,0,1,10,0,10,0,0000000,9,26,9,33,88,88,0,0,0,1,0
26,260074,2,2,0,3,49,0,28,2,2010,1,23,57,0,14,3,SR-15,,136,43.06368889,-83.518086110,0,12,2,0,1,1,1,0,3,10,0,10,0,0000000,23,57,0,6,99,99,0,0,0,1,1
26,260075,2,2,0,3,101,0,10,2,2010,4,15,39,0,4,4,13 MILE RD,,12,44.43045000,-86.106152780,0,12,6,0,1,1,1,0,1,10,0,10,0,0000000,15,39,15,45,99,99,22,0,0,2,0
26,260076,2,2,0,2,99,4380,22,2,2010,2,16,25,1,11,1,I-94,,67,42.53727500,-82.901961110,0,12,9,0,1,1,1,0,1,4,0,4,0,0000000,16,25,16,35,88,88,0,0,0,1,0
26,260077,2,2,0,2,81,0,6,1,2010,4,7,50,0,3,4,LINCOLN LAKE,,141,43.06948333,-85.352525000,0,12,6,0,1,1,1,0,4,2,0,2,0,0000000,7,53,8,5,99,99,22,0,0,1,0
26,260078,1,1,0,1,65,0,18,1,2010,2,14,0,1,11,1,I-96,,163,42.66539722,-84.292022220,0,24,0,0,1,1,4,0,1,10,0,10,0,0000000,88,88,88,88,88,88,0,0,0,1,0
26,260079,2,2,0,2,163,2430,22,2,2010,2,5,30,0,13,6,CHERRYHILL,,1,42.31100556,-83.339741670,0,12,6,0,1,1,1,0,2,4,0,4,0,0000000,5,30,99,99,99,99,0,0,0,1,0
26,260081,2,2,0,3,163,0,2,2,2010,3,14,50,1,12,3,SR-14,,41,42.38479167,-83.476641670,0,24,0,0,1,1,3,0,1,4,0,4,0,0000000,99,99,99,99,99,99,0,0,0,1,0
26,260082,2,2,0,2,159,0,8,3,2010,2,20,40,0,3,3,SR-43,,241,42.30285000,-85.848583330,0,12,8,0,1,1,1,0,2,1,0,1,0,0000000,20,41,20,46,88,88,0,0,0,1,1
26,260083,3,3,0,3,161,0,12,3,2010,6,16,3,1,12,2,US-23,,83,42.20223056,-83.685080560,0,12,6,0,1,1,1,0,1,1,0,1,0,0000000,16,4,16,10,88,88,0,0,0,1,0
26,260084,2,2,0,3,163,1260,31,1,2010,1,1,45,1,11,1,I-75,,62,42.40844167,-83.079344440,0,12,7,0,1,1,1,0,3,10,0,10,0,0000000,1,50,2,0,99,99,0,0,0,1,1
26,260085,1,1,1,1,49,1730,13,3,2010,7,2,5,0,13,6,DAVISON RD,,15,43.03304722,-83.645733330,0,8,0,0,1,1,1,0,3,2,0,2,0,0000000,99,99,99,99,99,99,0,0,0,1,0
26,260086,1,1,0,1,145,0,13,3,2010,7,23,50,0,4,4,W RIDGE,,7,43.14314444,-84.233722220,0,1,0,0,1,1,1,0,2,10,0,10,0,0000000,23,53,0,11,99,99,0,0,0,1,1
26,260087,1,1,0,2,67,0,16,3,2010,3,8,20,0,3,3,SR-21,PEWAMO,1,43.00166667,-84.873311110,0,59,0,0,3,4,4,0,1,1,0,1,0,0000000,8,23,8,37,99,99,0,0,0,1,1
26,260088,1,1,0,1,125,5166,17,3,2010,4,13,34,0,13,4,COMMERCE,,134,42.59166944,-83.437213890,0,42,0,0,1,1,6,0,1,1,0,1,0,0000000,13,34,13,40,88,88,0,0,0,1,1
26,260089,2,2,0,2,25,0,18,3,2010,5,18,7,1,1,1,I-69,,148,42.27861111,-84.994075000,0,31,0,0,1,1,4,0,1,1,0,1,0,0000000,18,8,18,9,99,99,0,0,0,1,0
26,260090,2,2,0,2,115,0,19,2,2010,6,15,55,0,14,3,SR-125,GREENWYCKE,130,41.89475833,-83.416116670,0,12,6,0,2,3,1,0,1,1,0,1,0,0000000,15,56,16,4,99,99,0,0,0,1,0
26,260091,1,1,1,2,49,686,11,3,2010,5,23,40,0,15,6,E HEMPHILL,,33,42.98203889,-83.647511110,0,8,0,0,1,1,1,0,3,2,0,2,0,0000000,23,44,23,47,88,88,0,0,0,1,1
26,260092,2,2,0,2,137,1542,18,3,2010,5,11,50,1,2,3,SR-32,,40,45.06129167,-84.781408330,0,12,2,0,1,1,1,0,1,1,0,1,0,0000000,11,50,12,2,99,99,0,0,0,1,0
26,260093,3,3,0,7,99,1810,14,3,2010,1,15,31,0,13,3,SR-97,,76,42.54436944,-82.931200000,0,12,2,0,1,1,1,0,1,10,0,10,0,0000000,15,31,15,34,99,99,0,0,0,1,0
26,260094,1,1,1,2,91,20,19,3,2010,6,20,2,0,15,6,CHURCH,,4,41.89611111,-84.022691670,0,8,0,0,1,1,1,0,2,1,0,1,0,0000000,99,99,99,99,99,99,0,0,0,1,0
26,260095,2,2,0,3,111,0,26,2,2010,6,19,10,1,2,3,SR-20,,16,43.61040000,-84.576402780,0,12,6,0,1,1,1,0,2,10,0,10,0,0000000,19,10,19,15,99,99,22,0,0,1,0
26,260096,1,1,0,1,77,0,19,3,2010,6,9,0,1,13,3,SR-43,H,26,42.31802778,-85.533316670,0,33,0,0,3,3,4,0,1,1,0,1,0,0000000,9,2,9,5,99,99,0,0,0,1,0
26,260097,2,1,0,1,69,3725,20,3,2010,7,23,19,1,13,2,US-23,,261,44.44802778,-83.330138890,0,34,0,0,1,1,4,0,3,1,0,1,0,0000000,23,20,23,24,99,99,20,0,0,1,0
26,260098,1,1,0,1,39,0,1,3,2010,2,17,30,0,6,4,VISTA,,30,44.76518611,-84.635947220,0,58,0,0,1,1,6,0,1,1,0,1,0,0000000,99,99,99,99,99,99,22,0,0,1,1
26,260099,3,3,0,3,99,0,18,3,2010,5,21,39,0,4,4,FISHER,,4,42.80714444,-83.074686110,0,12,1,0,1,1,1,0,2,1,0,1,0,0000000,99,99,99,99,88,88,0,0,0,2,0
26,260100,5,5,0,5,81,5089,24,3,2010,4,12,42,1,13,3,SR-11,,48,42.93922500,-85.774855560,0,12,1,0,8,1,1,0,1,1,0,1,0,0000000,12,42,12,50,88,88,0,0,0,1,0
26,260101,2,2,1,2,91,0,17,3,2010,4,5,32,1,13,2,US-223,,209,41.87493056,-84.041461110,0,8,0,0,1,1,1,0,2,1,0,1,0,0000000,5,31,5,34,88,88,0,0,0,1,0
26,260102,1,1,0,2,23,305,1,3,2010,2,10,33,0,13,2,US-12,,141,41.93069444,-85.067536110,0,42,0,0,1,1,5,0,1,1,0,1,0,0000000,10,33,10,43,88,88,0,0,0,2,0
26,260103,2,2,0,5,21,420,2,4,2010,6,11,50,1,13,3,SR-139,,38,42.09755833,-86.434652780,0,12,6,0,8,1,1,0,1,10,0,10,0,0000000,11,52,12,0,99,99,0,0,0,1,0
26,260104,1,1,0,1,161,4430,23,3,2010,3,2,56,0,14,6,N MAPLE RD,,11,42.18528611,-83.773550000,0,42,0,0,1,1,5,0,2,1,0,1,0,0000000,99,99,99,99,88,88,0,0,0,1,1
26,260105,2,2,0,2,145,0,24,3,2010,4,15,20,1,13,3,SR-46,,136,43.41601667,-84.099775000,0,12,6,0,8,1,1,0,1,1,0,1,0,0000000,99,99,99,99,99,99,0,0,0,1,0
26,260106,1,1,1,1,81,0,3,4,2010,7,23,55,0,6,4,14 MILE,,8,43.17529444,-85.636325000,0,8,0,0,1,1,1,0,2,1,0,1,0,0000000,23,55,0,6,88,88,22,19,0,1,0
26,260107,1,1,2,2,77,2520,6,4,2010,3,1,5,1,13,3,SR-43,HOTOP,1,42.29826944,-85.568769440,0,9,0,0,2,2,1,0,3,10,0,10,0,0000000,99,99,99,99,99,99,0,0,0,1,0
26,260108,1,1,1,1,81,0,18,3,2010,5,23,1,1,11,1,I-96,,14,42.95943056,-85.573991670,0,8,0,0,1,1,1,0,2,1,0,1,0,0000000,23,1,23,11,88,88,0,0,0,1,0
26,260109,1,1,0,1,75,0,26,3,2010,6,0,59,0,6,4,BOHNE RD,,20,42.27838611,-84.165172220,0,42,0,0,1,1,5,0,2,1,0,1,0,0000000,99,99,99,99,88,88,0,0,0,1,1
26,260110,1,1,0,1,25,310,2,4,2010,6,11,23,0,14,6,MAIN ST,E KINGMAN AVE,70,42.30508611,-85.169722220,0,33,0,0,3,2,4,0,1,1,0,1,0,0000000,11,23,99,99,88,88,0,0,0,1,1
26,260111,1,1,1,1,49,1731,15,1,2010,6,23,11,1,13,3,SR-21,,92,43.00223056,-83.746955560,0,8,0,0,1,1,1,0,2,1,0,1,0,0000000,23,11,23,13,99,99,0,0,0,1,0
26,260112,1,1,0,1,109,1180,17,3,2010,4,9,7,0,4,4,COUNTY ROAD 358,,50,45.46350556,-87.605327780,0,10,0,0,6,1,1,0,1,1,0,1,0,180495X,9,8,9,14,99,99,0,0,0,1,0
26,260113,1,1,0,1,121,0,27,3,2010,7,2,44,1,12,2,US-31,,218,43.40433056,-86.307563890,0,35,0,0,1,1,3,0,2,10,0,10,0,0000000,2,44,2,50,99,99,0,0,0,1,1
26,260114,2,2,0,2,87,0,31,3,2010,4,18,19,0,3,3,SR-24,,240,43.22675556,-83.313875000,0,12,1,0,8,1,1,0,1,1,0,1,0,0000000,18,22,18,27,99,99,0,0,0,1,0
26,260115,1,1,1,1,113,0,1,4,2010,5,5,50,0,3,3,SR-66,,31,44.20925000,-85.214361110,0,9,0,0,1,1,2,0,2,1,0,1,0,0000000,5,59,6,3,88,88,0,0,0,1,0
26,260116,2,2,0,3,77,3727,22,2,2010,2,13,37,0,14,4,STADIUM AVE,,34,42.25436389,-85.701780560,0,12,6,0,1,1,1,0,1,10,0,10,0,0000000,13,40,13,43,99,99,0,0,0,1,0
26,260117,2,2,0,2,123,0,17,3,2010,4,17,15,0,6,4,RAMSHORN DR,,17,43.49765833,-85.935366670,0,12,6,0,1,1,1,0,1,1,0,1,0,0000000,17,15,17,20,88,88,0,0,0,1,1
26,260118,1,1,0,1,127,0,30,3,2010,3,21,10,0,4,4,120TH,,71,43.80348333,-86.258383330,0,1,0,0,1,1,5,0,2,10,0,10,0,0000000,21,25,21,37,99,99,22,20,0,1,1
26,260119,2,2,0,4,163,1210,28,3,2010,1,9,14,1,13,3,SR-153,CHASE RD,185,42.32927500,-83.185933330,0,12,6,0,2,2,1,0,1,10,0,10,0,0000000,9,14,9,14,99,99,0,0,0,1,0
26,260120,1,1,0,6,121,1850,2,4,2010,6,14,30,1,12,2,US-12,,53,43.19397500,-86.260030560,0,1,0,0,1,1,3,0,1,10,0,10,0,0000000,14,30,14,35,99,99,0,0,0,1,0
26,260122,1,1,1,1,21,0,20,3,2010,7,0,32,0,14,4,CLEVELAND,OUTER,6,42.05901944,-86.494802780,0,8,0,0,3,3,1,0,3,10,0,10,0,0000000,0,32,0,36,88,88,19,0,0,1,0
26,260123,2,2,0,2,49,1731,9,3,2010,3,13,39,0,14,4,DYE,COURT,26,43.00627778,-83.782769440,0,12,6,0,2,2,1,0,1,1,0,1,0,0000000,13,39,13,44,99,99,0,0,0,1,0
26,260124,2,2,0,2,117,4566,31,3,2010,4,16,8,0,3,3,SR-66,SIDNEY,89,43.24904722,-85.073580560,0,12,6,0,2,2,1,0,1,1,0,1,0,0000000,16,8,16,10,99,99,0,0,0,1,0
26,260125,2,2,0,3,139,0,7,4,2010,4,17,39,1,2,2,US-31,PORT SHELDON,85,42.88523333,-86.123511110,0,12,6,0,2,2,1,0,1,2,0,2,0,0000000,17,42,17,43,99,99,0,0,0,1,0
26,260126,1,1,1,1,145,0,29,3,2010,2,19,23,0,6,4,BURT RD,,20,43.23588889,-83.824616670,0,9,0,0,1,1,1,0,1,1,0,1,0,0000000,99,99,99,99,99,99,0,0,0,1,1
26,260127,2,2,0,2,137,0,3,4,2010,7,23,9,0,14,4,OLD 27,,52,44.93130833,-84.687327780,0,12,2,0,1,1,1,0,2,10,0,10,0,0000000,23,13,23,18,99,99,0,0,0,1,1
26,260128,1,1,0,1,65,1430,16,4,2010,6,10,55,1,13,2,US-127,,53,42.72395278,-84.511777780,0,18,0,0,1,1,1,0,1,1,0,1,0,0000000,10,55,11,0,99,99,0,0,0,1,0
26,260129,1,1,1,4,81,5319,18,4,2010,1,18,22,0,13,6,DIVISION AVE,,99,42.90376667,-85.665577780,0,8,0,0,1,1,1,0,1,1,0,1,0,0000000,18,28,18,32,99,99,0,0,0,1,0
26,260130,1,1,0,1,77,4200,31,3,2010,4,21,13,0,16,4,E C AVE,,1,42.39438333,-85.423433330,0,34,0,0,1,1,5,0,2,1,0,1,0,0000000,99,99,99,99,88,88,0,0,0,1,1
26,260131,1,1,0,1,51,0,2,1,2010,7,0,40,0,6,4,ANDERSON,,6,43.86304722,-84.314683330,0,1,0,0,1,1,5,0,2,1,0,1,0,0000000,0,50,1,12,88,88,0,0,0,1,1
26,260132,1,1,1,1,161,0,22,3,2010,2,22,14,0,13,4,ELLSWORTH,,26,42.23053611,-83.648636110,0,8,0,0,1,1,1,0,3,2,0,2,0,0000000,22,15,22,19,99,99,0,0,0,1,0
26,260133,1,1,0,1,69,0,1,4,2010,5,99,99,0,6,4,ORA LAKE,,17,44.38489722,-83.849136110,0,42,0,0,1,1,6,0,2,1,0,1,0,0000000,7,40,7,45,88,88,22,0,0,1,1
26,260134,2,2,0,4,99,2934,13,4,2010,3,17,38,0,14,4,22 MILE,,62,42.65691667,-82.954041670,0,12,6,0,1,1,1,0,1,10,0,10,0,0000000,99,99,99,99,99,99,0,0,0,1,0
26,260135,2,2,0,5,163,5140,3,4,2010,7,19,50,1,13,2,US-12,VENOY,99,42.28338056,-83.363325000,0,12,6,0,2,2,1,0,1,1,0,1,0,0000000,99,99,99,99,99,99,0,0,0,1,1
26,260136,2,2,0,2,155,0,2,4,2010,6,12,46,0,14,3,SR-52,,145,42.97336389,-84.186641670,0,12,7,0,1,1,1,0,1,1,0,1,0,0000000,12,46,12,49,99,99,0,0,0,1,0
26,260137,3,3,0,5,77,2520,26,4,2010,2,15,19,1,13,3,SR-43,KING,109,42.29474722,-85.572541670,0,12,6,0,2,3,1,0,1,1,0,1,0,0000000,99,99,99,99,99,99,0,0,0,1,0
26,260138,1,1,0,2,25,310,12,4,2010,2,13,8,0,14,3,SR-37,,7,42.35502222,-85.230663890,0,1,0,0,1,1,2,0,1,1,0,1,0,0000000,13,8,13,15,99,99,0,0,0,1,0
26,260139,1,1,0,1,47,0,17,4,2010,7,11,5,0,16,4,INTERTOWN RD,HOWARD RD,35,45.34141111,-84.955705560,0,1,0,0,3,1,1,0,1,10,0,10,0,0000000,11,7,11,13,99,99,0,0,0,1,0
26,260140,4,4,0,4,125,4905,12,3,2010,6,13,30,0,13,6,MAPLE,DEQUINDRE,202,42.54939722,-83.088166670,0,12,2,0,2,2,1,0,1,10,0,10,0,0000000,99,99,99,99,99,99,0,0,0,1,0
26,260141,2,2,0,2,125,5255,13,4,2010,3,9,38,0,13,6,WIXOM RD,,35,42.51181111,-83.536955560,0,12,2,0,1,1,1,0,1,2,0,2,0,0000000,99,99,99,99,88,88,0,0,0,1,0
26,260142,1,1,0,1,145,0,6,2,2010,7,5,22,0,3,3,SR-13,,15,43.28907778,-83.952950000,0,32,0,0,1,1,5,0,2,1,0,1,0,0000000,5,22,5,29,88,88,0,0,0,1,1
26,260143,1,1,0,2,63,0,21,2,2010,1,1,41,0,4,4,KINDE,,63,43.93536111,-83.122752780,0,5,0,0,1,1,1,0,2,10,0,10,0,0000000,99,99,99,99,99,99,0,0,0,1,1
26,260144,2,2,0,3,125,0,1,4,2010,5,2,13,0,14,4,GRAND RIVER AVE,,68,42.49974167,-83.560811110,0,12,8,0,1,1,1,0,2,1,0,1,0,0000000,2,22,2,23,99,99,0,0,0,1,1
26,260146,1,1,1,1,65,0,11,3,2010,5,6,21,0,3,3,SR-43,,110,42.70659722,-84.354808330,0,9,0,0,1,1,2,0,2,5,0,5,0,0000000,6,27,6,32,88,88,0,0,0,1,0
26,260147,1,1,0,1,5,0,10,2,2010,4,17,4,0,2,3,SR-89,19TH ST,83,42.46241389,-85.736500000,0,52,0,0,3,1,4,0,5,10,0,10,0,0000000,99,99,99,99,88,88,0,0,0,1,0
26,260148,2,2,1,5,145,0,15,4,2010,5,17,12,0,4,4,SWAN CREEK RD,MILLER RD,151,43.37943889,-84.071927780,0,12,6,0,2,2,1,0,1,1,0,1,0,0000000,17,12,17,17,99,99,0,0,0,1,0
26,260149,1,1,0,1,97,0,26,2,2010,6,19,45,0,6,4,BARKER RD,,7,46.21807500,-85.821741670,0,42,0,0,1,1,5,0,3,10,0,10,0,0000000,19,51,20,18,99,99,0,0,0,1,1
26,260150,2,2,0,2,53,0,2,2,2010,3,3,41,1,2,2,US-2,GRANDVIEW,46,46.47757500,-90.104680560,0,12,2,0,2,3,1,0,3,4,0,4,0,0000000,3,42,3,50,88,88,0,0,0,1,1
26,260151,1,1,1,1,49,686,26,3,2010,6,19,43,0,16,6,E COURT ST,,1,43.01916667,-83.589661110,0,9,0,0,1,1,1,0,5,1,0,1,0,0000000,19,43,19,48,88,88,0,0,0,1,0
26,260152,1,1,1,1,163,4166,31,3,2010,4,15,59,0,16,4,PICKFORD,GLENMORE,3,42.42305000,-83.295550000,0,15,0,0,2,3,1,0,1,1,0,1,0,0000000,16,0,16,2,99,99,0,0,0,1,0
26,260153,1,1,2,1,145,0,2,4,2010,6,0,20,0,6,4,SEYMOUR,,19,43.24262500,-83.874286110,0,8,0,0,1,1,2,0,2,1,0,1,0,0000000,0,30,0,40,88,88,22,0,0,2,0
26,260154,3,3,0,6,103,3050,24,4,2010,7,10,7,1,13,2,US-415,,223,46.52235833,-87.390091670,0,12,2,0,1,1,1,0,1,10,0,10,0,0000000,10,8,10,13,99,99,0,0,0,1,0
26,260155,1,1,0,1,5,0,16,4,2010,6,15,10,0,4,4,62ND ST,,55,42.49843611,-86.148808330,0,1,0,0,1,1,5,0,1,1,0,1,0,0000000,99,99,99,99,88,88,0,0,0,1,0
26,260156,1,1,0,1,91,0,23,4,2010,6,11,30,0,6,4,STEARNS,,9,41.88585833,-83.793755560,0,34,0,0,1,1,6,0,1,1,0,1,0,0000000,11,36,11,40,99,99,22,0,0,1,0
26,260157,1,1,0,1,163,0,2,2,2010,3,12,14,0,14,4,SIBLEY,,47,42.16674444,-83.310527780,0,30,0,0,1,1,6,0,1,10,0,10,0,0000000,99,99,99,99,99,99,0,0,0,1,1
26,260158,4,4,0,4,67,0,21,4,2010,4,8,19,0,4,4,JORDAN LAKE,PORTLAND,66,42.87162500,-85.134194440,0,12,6,0,2,2,1,0,1,1,0,1,0,0000000,8,19,8,33,88,88,0,0,0,1,0
26,260159,1,1,0,4,55,0,24,4,2010,7,2,45,0,4,4,SOUTH LONG LAKE,,34,44.69388889,-85.738419440,0,59,0,0,1,1,6,0,2,1,0,1,0,0000000,3,1,3,16,99,99,0,0,0,1,1
26,260160,1,1,0,2,49,0,25,1,2010,2,19,42,0,15,4,NORTH RD,,16,42.81035556,-83.727352780,0,42,0,0,1,1,5,0,2,4,0,4,0,0000000,99,99,99,99,99,99,0,0,0,1,1
26,260161,2,2,2,5,163,738,21,4,2010,4,21,41,1,13,2,US-12,,62,42.27968333,-83.432266670,0,8,0,0,1,1,1,0,2,1,0,1,0,0000000,21,40,21,45,99,99,0,0,0,1,1
26,260162,2,2,0,3,163,738,25,4,2010,1,16,35,1,13,2,US-12,,56,42.28030833,-83.438608330,0,12,9,0,1,1,1,0,1,2,0,2,0,0000000,16,35,16,40,99,99,0,0,0,1,0
26,260163,1,1,0,2,81,0,18,4,2010,1,15,4,0,4,3,SR-21,,147,42.92913056,-85.430952780,0,1,0,0,1,1,2,0,1,1,0,1,0,0000000,99,99,99,99,99,99,0,0,0,1,0