STATE,ST_CASE,VE_TOTAL,VE_FORMS,PEDS,PERSONS,COUNTY,CITY,DAY,MONTH,YEAR,DAY_WEEK,HOUR,MINUTE,NHS,ROAD_FNC,ROUTE,TWAY_ID,TWAY_ID2,MILEPT,LATITUDE,LONGITUD,SP_JUR,HARM_EV,MAN_COLL,RELJCT1,RELJCT2,TYP_INT,REL_ROAD,WRK_ZONE,LGT_COND,WEATHER1,WEATHER2,WEATHER,SCH_BUS,RAIL,NOT_HOUR,NOT_MIN,ARR_HOUR,ARR_MIN,HOSP_HR,HOSP_MN,CF1,CF2,CF3,FATALS,DRUNK_DR
26,260164,1,1,0,1,163,1260,11,4,2010,1,5,48,0,13,6,WYOMING,,45,42.39500278,-83.159402780,0,30,0,0,1,1,6,0,4,1,0,1,0,0000000,99,99,99,99,88,88,0,0,0,1,1
26,260165,1,1,1,2,75,2500,23,4,2010,6,21,3,0,14,6,BROWN,,15,42.24956944,-84.433208330,0,8,0,0,1,1,1,0,3,10,0,10,0,0000000,99,99,99,99,99,99,0,0,0,1,0
26,260166,1,1,0,1,117,0,8,5,2010,7,16,28,0,6,4,N DOUGLAS,,43,43.44185833,-84.865736110,0,1,0,0,1,1,5,0,1,2,0,2,0,0000000,16,28,16,44,99,99,22,0,0,1,1
26,260167,1,1,1,3,55,0,21,4,2010,4,21,36,1,13,2,US-31,STATE ST,62,44.66495000,-85.693763890,0,8,0,0,3,1,1,0,2,1,0,1,0,0000000,21,36,21,41,99,99,0,0,0,1,0
26,260168,2,2,0,6,55,0,25,4,2010,1,15,4,0,4,4,SUMMIT CITY,SPARLING RD,40,44.57015556,-85.516144440,0,12,6,0,2,2,1,0,1,10,0,10,0,0000000,15,10,15,23,99,99,0,0,0,1,0
26,260169,2,2,0,4,15,0,26,2,2010,6,12,49,0,14,3,SR-43,HEATH,21,42.64648333,-85.319775000,0,12,6,0,2,2,1,0,1,4,0,4,0,0000000,99,99,99,99,99,99,0,0,0,1,0
26,260170,2,2,0,2,125,4905,26,4,2010,2,12,20,0,14,6,LIVERNOIS AVE,,11,42.56432222,-83.147791670,0,12,6,0,8,1,1,0,1,1,0,1,0,0000000,12,21,12,23,88,88,0,0,0,1,0
26,260171,1,1,0,1,109,0,27,3,2010,7,16,43,0,6,4,STATE,,44,45.57232500,-87.781855560,0,35,0,0,1,1,4,0,1,10,0,10,0,0000000,16,44,17,15,99,99,22,0,0,1,1
26,260172,1,1,0,1,21,0,29,4,2010,5,1,37,0,14,4,NILES-BUCHANAN,,26,41.82801111,-86.338241670,0,42,0,0,1,1,5,0,3,1,0,1,0,0000000,99,99,99,99,88,88,0,0,0,1,0
26,260173,1,1,0,2,111,0,4,5,2010,3,6,30,0,6,4,N JEFFERSON RD,,65,43.72051944,-84.226994440,0,53,0,0,1,1,4,0,4,1,0,1,0,0000000,99,99,6,51,99,99,0,0,0,1,1
26,260174,1,1,0,1,141,0,30,3,2010,3,21,57,0,4,4,METZ,,42,45.28788611,-83.856152780,0,34,0,0,1,1,6,0,2,10,0,10,0,0000000,21,59,22,2,88,88,22,0,0,1,1
26,260176,1,1,0,1,5,0,31,3,2010,4,18,49,0,6,4,108TH,,74,42.47967778,-85.847961110,0,18,0,0,1,1,6,0,1,1,0,1,0,0000000,18,49,18,55,88,88,22,0,0,1,1
26,260177,2,2,0,3,121,0,9,3,2010,3,11,19,1,13,2,US-31BR,GETTY,24,43.25443889,-86.223641670,0,12,1,0,3,3,1,0,1,1,0,1,0,0000000,99,99,99,99,99,99,0,0,0,1,0
26,260178,1,1,1,1,145,0,3,5,2010,2,22,27,0,4,4,LINCOLN RD,,16,43.15573056,-83.988666670,0,8,0,0,1,1,1,0,2,10,0,10,0,0000000,99,99,22,34,88,88,0,0,0,1,0
26,260179,2,2,0,4,125,5255,21,4,2010,4,16,25,0,14,6,WIXOM,W MAPLE,5,42.53156389,-83.536433330,0,12,6,0,2,2,1,0,1,1,0,1,0,0000000,99,99,99,99,99,99,0,0,0,1,0
26,260180,2,2,0,2,147,0,3,5,2010,2,11,5,0,14,4,RANGE,ASHLEY,86,42.95723056,-82.502130560,0,12,6,0,2,3,1,0,1,1,0,1,0,0000000,11,6,11,16,88,88,0,0,0,1,0
26,260181,1,1,2,1,21,0,9,5,2010,1,2,8,0,14,4,EMPIRE,,18,42.10156667,-86.431352780,0,8,0,0,1,1,2,0,2,1,0,1,0,0000000,99,99,99,99,99,99,0,0,0,1,1
26,260182,1,1,0,1,125,0,20,2,2010,7,19,0,1,11,1,I-75,,295,42.73608889,-83.379602780,0,21,0,0,1,1,3,0,2,10,0,10,0,0000000,19,7,19,13,88,88,0,0,0,1,0
26,260183,3,3,0,4,21,0,15,4,2010,5,16,10,0,4,4,E SHAWNEE RD,GARR RD,85,41.94320000,-86.398130560,0,12,6,0,2,2,1,0,1,1,0,1,0,0000000,99,99,99,99,99,99,0,0,0,1,0
26,260184,1,1,1,2,81,2010,10,5,2010,2,20,30,0,13,6,MARKET,WESTON,63,42.96217778,-85.674155560,0,8,0,0,2,3,1,0,1,10,0,10,0,0000000,20,30,20,33,88,88,0,0,0,1,0
26,260185,1,1,1,1,99,2181,9,5,2010,1,9,9,0,14,4,JEFFERSON,,97,42.57048056,-82.833513890,0,8,0,0,99,9,99,0,9,99,0,99,0,0000000,9,25,9,27,99,99,0,0,0,1,1
26,260186,1,1,0,4,21,0,16,5,2010,1,5,38,1,13,3,SR-139,EMPIRE,41,42.10167778,-86.434433330,0,30,0,0,3,2,4,0,3,1,0,1,0,0000000,5,38,5,44,99,99,0,0,0,1,0
26,260187,1,1,1,1,127,2250,25,4,2010,1,13,18,0,3,3,SR-20,S BON ST,233,43.56859167,-86.043758330,0,9,0,0,2,3,1,0,1,10,0,10,0,0000000,13,18,13,24,99,99,0,0,0,1,0
26,260188,2,2,0,2,49,0,30,4,2010,6,17,41,0,16,4,CYPRESS DR,MAGNOLIA DR,2,43.09266667,-83.703269440,0,12,2,0,2,2,1,0,1,1,0,1,0,0000000,17,41,17,48,99,99,0,0,0,1,1
26,260189,1,1,0,2,163,4975,3,4,2010,7,23,2,1,11,1,I-94,,10,42.21898333,-83.531402780,0,34,0,0,1,1,5,0,2,10,0,10,0,0000000,99,99,99,99,99,99,0,0,0,1,1
26,260191,2,2,0,2,21,0,15,5,2010,7,2,21,1,11,1,I-94,,28,42.06616111,-86.440538890,0,12,1,0,1,1,1,0,2,1,0,1,0,0000000,2,21,2,30,99,99,0,0,0,1,2
26,260194,1,1,0,1,163,1260,13,5,2010,5,10,21,1,13,3,SR-102,,67,42.44499444,-83.191127780,0,30,0,0,1,1,3,0,1,10,0,10,0,0000000,99,99,99,99,99,99,0,0,0,1,0
26,260195,2,2,0,4,57,550,3,3,2010,4,11,5,1,2,3,SR-46,WHEELER,204,43.40800833,-84.439158330,0,12,6,0,2,2,1,0,1,10,0,10,0,0000000,11,10,11,14,99,99,0,0,0,1,0
26,260196,2,2,0,2,125,4020,25,3,2010,5,6,54,0,13,6,BALDWIN,COLGATE,23,42.67787222,-83.300683330,0,12,6,0,2,2,1,0,3,2,0,2,0,0000000,6,59,7,4,88,88,0,0,0,1,0
26,260197,1,1,0,1,67,0,19,5,2010,4,23,55,0,4,4,RIVERSIDE,,19,42.94013611,-85.180263890,0,42,0,0,1,1,6,0,2,1,0,1,0,0000000,23,56,0,7,88,88,0,0,0,1,0
26,260198,2,1,0,1,121,3450,23,5,2010,1,12,51,1,13,6,E LAKETON,SMITH,23,43.21968056,-86.235883330,0,14,0,0,3,2,6,0,1,1,0,1,0,0000000,99,99,99,99,99,99,0,0,0,1,1
26,260199,2,2,0,4,147,926,22,5,2010,7,13,23,0,4,4,INDIAN TRAIL,MEISNER,36,42.75675833,-82.551580560,0,12,6,0,2,2,1,0,1,1,0,1,0,0000000,13,28,13,31,99,99,0,0,0,1,0
26,260200,1,1,1,1,145,4350,12,5,2010,4,21,44,0,14,6,WILLIAMSON,,21,43.38667222,-83.928561110,0,9,0,0,1,1,2,0,2,1,0,1,0,0000000,99,99,99,99,88,88,0,0,0,1,0
26,260201,1,1,1,3,163,0,17,4,2010,7,6,11,1,11,1,I-275,,2,42.09698056,-83.377219440,0,8,0,0,1,1,1,1,4,10,0,10,0,0000000,6,11,6,16,88,88,0,0,0,1,0
26,260202,2,2,0,5,35,0,19,5,2010,4,15,20,0,3,3,SR-127BR,,14,43.83491389,-84.768341670,0,12,1,0,1,1,1,0,1,1,0,1,0,0000000,15,22,15,24,99,99,0,0,0,1,1
26,260203,1,1,0,1,161,0,24,5,2010,2,6,0,0,4,4,GOODRICH,,1,42.08201111,-83.822786110,0,43,0,0,1,1,6,0,4,1,0,1,0,0000000,6,0,6,99,88,88,0,0,0,1,0
26,260204,2,2,0,2,163,2850,22,2,2010,2,10,4,0,14,6,JOY,,26,42.35500000,-83.321530560,0,12,6,0,1,1,1,0,1,4,0,4,0,0000000,10,5,10,15,99,99,0,0,0,1,0
26,260205,2,2,0,2,91,0,2,5,2010,1,0,18,0,15,4,WOLF CREEK,,9,41.92468056,-84.094355560,0,12,2,0,1,1,1,0,2,1,0,1,0,0000000,0,17,0,24,88,88,0,0,0,2,2
26,260206,2,2,0,2,81,2010,15,5,2010,7,11,20,1,12,2,US-131,,153,42.98321667,-85.676997220,0,12,1,0,1,1,1,0,1,1,0,1,0,0000000,99,99,99,99,99,99,0,0,0,1,0
26,260207,2,2,0,3,47,0,20,5,2010,5,13,24,0,4,4,N PLEASANTVIEW,,75,45.67228889,-84.876402780,0,12,2,0,1,1,1,0,1,1,0,1,0,0000000,13,26,13,47,88,88,22,0,0,1,0
26,260208,1,1,0,2,73,0,16,5,2010,1,19,20,0,4,4,SHEPHERD,,26,43.50406667,-84.687444440,0,5,0,0,1,1,1,0,1,1,0,1,0,0000000,19,22,19,27,99,99,0,0,0,1,1
26,260209,2,2,0,2,75,0,19,5,2010,4,12,14,0,6,4,BROWN,,87,42.40675833,-84.625347220,0,12,2,0,1,1,4,0,1,1,0,1,0,0000000,12,16,12,34,99,99,22,0,0,1,0
26,260210,1,1,0,1,151,0,19,3,2010,6,12,33,0,3,3,SR-25,,166,43.40147778,-82.541141670,0,32,0,0,1,1,4,0,1,1,0,1,0,0000000,99,99,99,99,99,99,0,0,0,1,0
26,260211,1,1,1,2,45,890,16,4,2010,6,22,5,0,14,3,SR-50,,188,42.57038611,-84.835975000,0,8,0,0,1,1,1,0,2,1,0,1,0,0000000,22,8,22,9,88,88,0,0,0,1,0
26,260212,2,2,0,2,15,0,23,4,2010,6,8,32,0,4,4,PATTERSON,133,42,42.66022222,-85.544669440,0,12,6,0,2,2,1,0,1,1,0,1,0,0000000,8,34,8,55,99,99,0,0,0,1,0
26,260213,1,1,0,2,21,0,27,5,2010,5,16,38,1,1,1,I-96,,132,41.89969722,-86.589816670,0,1,0,0,1,1,1,0,1,1,0,1,0,0000000,16,39,16,50,99,99,0,0,0,1,0
26,260214,2,2,0,3,81,0,30,5,2010,1,12,20,0,4,4,PARNELL,2 MILE,53,43.00155556,-85.410911110,0,12,6,0,2,2,1,0,1,10,0,10,0,0000000,12,22,12,32,99,99,22,0,0,1,0
26,260215,1,1,0,1,47,0,28,4,2010,4,21,35,0,6,4,LIGHTFOOT,,20,45.46070278,-84.995683330,0,42,0,0,1,1,6,0,5,1,0,1,0,0000000,88,88,88,88,88,88,22,0,0,1,0
26,260216,1,1,0,3,99,4521,22,5,2010,7,20,36,0,14,4,HAYES,22 MILE,60,42.65649722,-82.974586110,0,31,0,0,3,2,5,0,1,1,0,1,0,0000000,20,37,20,40,99,99,0,0,0,1,0
26,260217,1,1,0,2,49,0,30,5,2010,1,2,59,0,6,4,WILSON,,128,43.16523333,-83.610119440,0,1,0,0,1,1,5,0,2,1,0,1,0,0000000,2,59,3,6,99,99,22,0,0,1,1
26,260218,2,2,0,2,93,0,2,6,2010,4,10,6,1,3,3,SR-59,,78,42.63034444,-83.846755560,0,12,6,0,4,1,1,0,1,2,0,2,0,0000000,10,8,10,15,88,88,22,0,0,1,0
26,260219,1,1,0,2,59,0,9,5,2010,1,1,37,0,4,4,HILLSDALE,,107,41.85568889,-84.631633330,0,42,0,0,1,1,6,0,2,1,0,1,0,0000000,1,40,1,49,88,88,0,0,0,2,1
26,260220,2,2,0,3,99,0,28,5,2010,6,19,15,0,3,4,32 MILE,,18,42.80163611,-83.063355560,0,12,2,0,1,1,1,0,1,1,0,1,0,0000000,19,18,19,24,88,88,22,0,0,1,0
26,260221,3,3,0,7,19,0,13,5,2010,5,14,31,1,2,2,US-31,,235,44.65883889,-85.819766670,0,12,1,0,1,1,1,0,1,2,0,2,0,0000000,14,33,14,38,99,99,22,0,0,1,0
26,260222,1,1,1,4,49,1730,15,5,2010,7,0,15,0,16,6,ALMA,,3,43.07307222,-83.707925000,0,8,0,0,8,1,1,0,3,1,0,1,0,0000000,0,15,0,21,99,99,0,0,0,1,0
26,260223,1,1,0,2,81,0,23,5,2010,1,7,40,0,14,3,SR-21,,158,42.92531111,-85.410119440,0,35,0,0,1,1,6,0,1,1,0,1,0,0000000,8,7,8,29,88,88,22,0,0,2,0
26,260224,3,3,0,3,99,2181,21,5,2010,6,10,22,0,16,4,N RIVER,,4,42.59686667,-82.821463890,0,12,8,0,1,1,1,0,1,10,0,10,0,0000000,10,0,10,1,99,99,0,0,0,1,0
26,260225,2,2,0,4,75,0,30,5,2010,1,21,26,0,13,4,SPRING ARBOR,ROBINSON,138,42.22553056,-84.462419440,0,12,6,0,2,2,1,0,2,1,0,1,0,0000000,99,99,99,99,88,88,0,0,0,1,0
26,260226,1,1,1,2,21,0,3,6,2010,5,22,24,1,11,1,I-94,,260,42.05448611,-86.477080560,0,8,0,0,1,1,1,0,2,1,0,1,0,0000000,99,99,99,99,88,88,0,0,0,1,0
26,260227,2,2,1,2,75,4648,18,2,2010,5,19,50,0,4,4,SEARS RD,,61,42.16748333,-84.529688890,0,8,0,0,1,1,1,0,2,1,0,1,0,0000000,19,50,20,2,88,88,0,0,0,1,0
26,260228,2,2,0,2,165,0,5,5,2010,4,0,10,1,13,3,SR-115,W DIVISION ST,230,44.25246389,-85.461483330,0,12,6,0,2,2,1,0,3,1,0,1,0,0000000,0,11,0,20,88,88,0,0,0,1,0
26,260229,1,1,0,3,19,0,11,5,2010,3,16,54,0,4,4,PIONEER RD,,3,44.54657222,-85.998572220,0,1,0,0,1,1,2,0,1,2,0,2,0,0000000,16,54,17,2,99,99,22,0,0,1,0
26,260230,2,2,0,3,163,1210,17,5,2010,2,8,51,0,13,6,OUTER DRIVE BLVD,PARKER ST,17,42.29694167,-83.260391670,0,12,6,0,2,2,1,0,1,1,0,1,0,0000000,8,55,9,0,99,99,0,0,0,1,0
26,260231,1,1,0,2,73,0,14,5,2010,6,15,30,0,6,4,S VANDECAR RD,,77,43.57568333,-84.887583330,0,34,0,0,1,1,5,0,1,1,0,1,0,0000000,99,99,99,99,99,99,22,0,0,1,0
26,260232,2,2,0,2,163,2850,21,5,2010,6,15,56,0,13,6,7 MILE RD,VICTOR PKWY,7,42.42517778,-83.419891670,0,12,6,0,2,2,1,0,1,10,0,10,0,0000000,15,56,16,0,99,99,0,0,0,1,0
26,260233,1,1,0,1,115,0,20,5,2010,5,2,48,0,13,3,SR-24,,132,41.89694167,-83.431891670,0,42,0,0,1,1,5,0,2,1,0,1,0,0000000,2,51,2,56,99,99,0,0,0,1,1
26,260234,2,2,0,2,125,1650,1,6,2010,3,12,13,0,14,6,FARMINGTON RD,,3,42.44463056,-83.375475000,0,12,2,0,1,1,1,0,1,1,0,1,0,0000000,12,24,12,31,99,99,0,0,0,1,0
26,260235,2,2,0,2,125,4905,4,6,2010,6,0,8,1,11,1,I-75,,144,42.60493611,-83.190086110,0,12,6,0,1,1,1,0,2,1,0,1,0,0000000,99,99,99,99,99,99,0,0,0,1,1
26,260236,1,1,0,1,145,0,13,6,2010,1,1,29,0,15,4,RIVER RD,,110,43.49923889,-84.116247220,0,53,0,0,1,1,5,0,2,10,0,10,0,0000000,99,99,99,99,88,88,0,0,0,1,1
26,260237,1,1,0,1,105,0,13,6,2010,1,6,40,0,4,4,MASTEN RD,,39,43.87282778,-86.058938890,0,53,0,0,1,1,4,0,2,1,0,1,0,0000000,6,44,7,5,88,88,0,0,0,1,1
26,260238,1,1,1,1,163,1260,27,1,2010,4,19,54,0,13,6,MARTIN LUTHER KING J,,19,42.34383056,-83.066019440,0,15,0,0,1,1,1,0,2,10,0,10,0,0000000,99,99,99,99,99,99,0,0,0,1,0
26,260239,2,2,0,4,163,1260,29,1,2010,6,20,8,0,14,6,CONANT,MINNESOTA,30,42.42377222,-83.067155560,0,12,6,0,2,2,1,0,3,1,0,1,0,0000000,99,99,99,99,99,99,0,0,0,1,0
26,260240,1,1,0,1,49,0,8,2,2010,2,13,20,0,6,4,MCCUMSEY,,4,43.19195833,-83.695230560,0,21,0,0,1,1,4,0,1,1,0,1,0,0000000,99,99,99,99,88,88,0,0,0,1,0
26,260241,1,1,1,1,163,1260,7,2,2010,1,2,30,1,13,3,SR-85,,145,42.27095833,-83.159991670,0,8,0,0,1,1,1,0,3,1,0,1,0,0000000,99,99,99,99,99,99,0,0,0,1,0
26,260242,1,1,0,1,163,1260,20,2,2010,7,4,48,0,16,6,CRANE,,6,42.36444722,-82.993797220,0,42,0,0,1,1,5,0,3,1,0,1,0,0000000,99,99,99,99,88,88,0,0,0,1,1
26,260243,3,3,0,7,163,1260,20,2,2010,7,10,30,1,13,6,MOUNT ELLIOT AVE,E EDSEL FORD SERVICE,29,42.37958889,-83.034291670,0,12,6,0,2,2,1,0,1,1,0,1,0,0000000,99,99,99,99,99,99,0,0,0,2,0
26,260244,1,1,1,1,163,1260,2,3,2010,3,5,30,1,13,6,LIVERNOIS,,60,42.37955278,-83.139244440,0,8,0,0,1,1,1,0,2,1,0,1,0,0000000,99,99,99,99,99,99,0,0,0,1,0
26,260245,1,1,0,2,163,1260,18,3,2010,5,2,5,0,13,6,W VERNOR,,37,42.32850833,-83.078983330,0,30,0,0,1,1,4,0,3,1,0,1,0,0000000,99,99,99,99,99,99,0,0,0,1,0
26,260246,2,2,0,2,125,4020,8,4,2010,5,23,39,0,14,6,AUBURN RD,S MARSHALL,11,42.63473611,-83.269894440,0,12,6,0,2,2,1,0,2,1,0,1,0,0000000,23,42,23,46,99,99,0,0,0,1,1
26,260247,2,2,0,3,149,0,13,1,2010,4,17,25,0,3,3,SR-66,BONHAM RD,112,41.91901667,-85.409766670,0,12,2,0,2,2,1,0,1,10,0,10,0,0000000,99,99,99,99,99,99,0,0,0,1,0
26,260248,2,2,0,3,99,5110,3,4,2010,7,14,40,1,13,6,MOUND,ARDEN,71,42.53138056,-83.047997220,0,12,6,0,2,2,1,0,1,10,0,10,0,0000000,99,99,99,99,99,99,0,0,0,1,0
26,260249,1,1,1,2,49,0,8,5,2010,7,0,44,0,14,4,W STANLEY RD,,71,43.10476667,-83.712033330,0,8,0,0,1,1,1,0,3,2,0,2,0,0000000,0,43,0,45,88,88,0,0,0,1,0
26,260250,1,1,1,1,163,633,13,5,2010,5,10,30,1,11,1,I-75,,18,42.09169444,-83.241911110,0,8,0,0,1,1,1,0,1,1,0,1,0,0000000,10,32,10,40,88,88,0,0,0,1,0
26,260251,2,2,0,3,81,2010,20,5,2010,5,9,10,1,11,2,US-131,,146,42.97277778,-85.677233330,0,33,0,1,5,1,4,0,1,1,0,1,0,0000000,9,10,9,22,99,99,0,0,0,1,0
26,260252,1,1,1,1,49,0,21,5,2010,6,2,23,0,14,4,E HILL RD,,121,42.94519167,-83.620125000,0,8,0,0,1,1,1,0,3,1,0,1,0,0000000,2,25,2,27,99,99,0,0,0,1,0
26,260253,1,1,0,2,93,0,23,5,2010,1,15,21,1,2,2,US-23 RAMP 007B,,1,42.52333333,-83.755677780,0,52,0,1,5,1,4,0,1,1,0,1,0,0000000,15,21,15,27,99,99,0,0,0,1,0
26,260254,1,1,1,1,67,2440,25,5,2010,3,18,58,0,15,6,W WASHINGTON,PLEASANT ST,7,42.98345833,-85.064983330,0,9,0,0,3,3,1,0,1,1,0,1,0,0000000,99,99,99,99,99,99,0,0,0,1,0
26,260255,1,1,0,1,101,0,28,5,2010,6,18,3,0,6,4,LITZEN,,5,44.37741111,-85.860169440,0,42,0,0,1,1,6,0,1,1,0,1,0,0000000,18,4,18,32,88,88,22,0,0,1,0
26,260256,1,1,0,1,9,0,29,5,2010,7,3,0,0,6,4,MOHRMAN RD,,3,45.10014167,-85.247036110,0,34,0,0,1,1,5,0,3,1,0,1,0,0000000,7,50,99,97,99,97,0,0,0,1,1
26,260257,1,1,1,1,121,3450,29,5,2010,7,1,3,1,13,3,SR-46,,22,43.23420833,-86.205883330,0,8,0,0,1,1,1,0,3,1,0,1,0,0000000,1,4,1,14,88,88,0,0,0,1,1
26,260258,2,2,0,2,159,0,14,1,2010,5,18,15,0,3,3,SR-43,,24,42.30286389,-85.842897220,0,53,0,0,1,1,4,0,2,1,0,1,0,0000000,99,99,99,99,99,99,22,0,0,1,1
26,260259,1,1,0,2,163,1260,14,1,2010,5,0,8,1,11,1,I-96,,153,42.38515556,-83.155069440,0,39,0,0,1,1,4,0,3,1,0,1,0,0000000,0,8,99,99,99,99,0,0,0,1,1
26,260260,1,1,1,1,163,5140,15,3,2010,2,12,40,0,13,6,WARREN RD,,32,42.34364444,-83.199005560,0,8,0,0,1,1,1,0,1,1,0,1,0,0000000,99,99,99,99,88,88,0,0,0,1,0
26,260261,1,1,1,1,163,1260,6,3,2010,7,18,58,0,14,6,DEXTER,,15,42.37506667,-83.120966670,0,8,0,0,1,1,1,0,3,1,0,1,0,0000000,99,99,99,99,99,99,0,0,0,1,0
26,260263,5,5,0,8,163,1260,30,3,2010,3,18,10,0,16,6,BILTMORE,PURITAN,5,42.40850000,-83.210650000,0,12,6,0,2,2,1,0,1,1,0,1,0,0000000,99,99,99,99,99,99,0,0,0,1,0
26,260264,2,2,0,4,115,0,4,4,2010,1,7,38,0,4,4,TEAL,,35,41.85923889,-83.682313890,0,12,2,0,1,1,1,0,4,5,0,5,0,0000000,7,42,7,52,99,99,22,0,0,2,0
26,260265,2,2,0,4,163,1260,29,4,2010,5,15,15,0,14,6,14TH,ATKINSON,14,42.37600000,-83.103452780,0,12,6,0,2,2,1,0,1,1,0,1,0,0000000,99,99,99,99,99,99,0,0,0,1,1
26,260266,2,2,0,2,163,1260,2,4,2010,6,1,15,0,13,6,PLYMOUTH,,154,42.37173056,-83.253650000,0,12,2,0,1,1,1,0,3,1,0,1,0,0000000,99,99,99,99,99,99,0,0,0,1,0
26,260267,1,1,1,1,163,1260,4,4,2010,1,22,40,1,13,3,SR-3,,79,42.43489167,-82.977819440,0,8,0,0,1,1,1,0,2,10,0,10,0,0000000,99,99,99,99,99,99,0,0,0,1,0
26,260268,2,2,0,3,163,1260,4,4,2010,1,2,19,1,13,6,W WARREN,JEFFRIES FWY,52,42.34658889,-83.096180560,0,12,6,0,3,2,1,0,3,1,0,1,0,0000000,99,99,99,99,99,99,0,0,0,2,2
26,260269,2,2,0,2,163,4766,2,4,2010,6,21,35,0,14,4,SAVAGE RD,,17,42.17305278,-83.432102780,0,12,6,0,8,1,1,0,2,1,0,1,0,0000000,99,99,99,99,88,88,0,0,0,1,1
26,260270,1,1,0,2,163,1260,20,5,2010,5,15,0,0,16,6,PERSHING,,1,42.30707778,-83.121083330,0,33,0,0,1,1,4,0,1,1,0,1,1,0000000,99,99,99,99,99,99,0,0,0,1,0
26,260271,1,1,0,1,81,0,30,5,2010,1,21,55,1,2,2,US-131,,380,43.28110556,-85.541266670,0,1,0,0,1,1,1,0,6,1,0,1,0,0000000,21,56,99,99,88,88,0,0,0,1,1
26,260272,3,3,0,3,75,0,18,5,2010,3,9,42,1,11,1,I-94,,289,42.29268889,-84.160472220,0,12,6,0,1,1,1,1,1,2,0,2,0,0000000,9,42,9,50,99,99,0,0,0,1,0
26,260273,1,1,1,1,99,4330,29,5,2010,7,23,8,1,1,1,I-94 RAMP 005B,SR-3,5,42.52714722,-82.917111110,0,9,0,1,2,2,1,0,3,1,0,1,0,0000000,23,10,23,13,99,99,0,0,0,1,1
26,260274,1,1,0,1,65,0,2,6,2010,4,18,6,0,4,4,ZIMMER RD,,90,42.74223611,-84.317580560,0,34,0,0,1,1,5,0,1,1,0,1,0,0000000,18,6,18,10,88,88,0,0,0,1,1
26,260275,2,2,0,2,163,1260,6,6,2010,1,3,10,1,11,1,I-75,,192,42.30371389,-83.113894440,0,12,1,0,1,1,1,0,3,2,0,2,0,0000000,99,99,99,99,88,88,0,0,0,1,1
26,260276,1,1,0,4,93,0,3,6,2010,5,7,16,1,11,1,I-96 RAMP 006C,,1,42.53321389,-83.766366670,0,1,0,1,5,1,5,0,1,1,0,1,0,0000000,7,15,7,18,99,99,0,0,0,1,0
26,260277,3,3,0,6,163,5176,9,6,2010,4,13,5,0,14,6,CHERRY HILL RD,,84,42.31004167,-83.381138890,0,12,1,0,1,1,1,0,1,1,0,1,0,0000000,13,6,13,9,99,99,0,0,0,1,0
26,260278,3,3,0,3,25,310,8,6,2010,3,17,38,0,14,3,SR-89,,17,42.35752778,-85.268602780,0,12,7,0,1,1,1,0,1,2,0,2,0,0000000,17,38,17,40,99,99,0,0,0,1,0
26,260279,2,2,0,3,139,0,9,6,2010,4,17,30,0,14,4,136TH AVE,,12,42.82619444,-86.117577780,0,12,2,0,8,1,1,0,1,1,0,1,0,0000000,17,31,17,33,99,99,0,0,0,1,0
26,260280,2,2,0,2,49,686,10,6,2010,5,13,55,0,13,6,S CENTER RD,,32,42.97646944,-83.633327780,0,12,2,0,1,1,1,0,1,1,0,1,0,0000000,13,57,14,5,99,99,0,0,0,1,0
26,260281,2,2,0,2,77,1084,11,6,2010,6,6,21,0,3,4,E MN AVE,S 36TH ST,10,42.25256389,-85.413744440,0,12,6,0,2,2,1,0,4,10,0,10,0,0000000,6,21,6,30,99,99,0,0,0,1,1
26,260282,1,1,0,1,159,0,13,6,2010,1,19,48,0,5,4,COUNTY RD 669,,51,42.14388611,-85.867363890,0,42,0,0,1,1,5,0,1,1,0,1,0,0000000,19,50,20,2,88,88,22,0,0,1,0
26,260283,1,1,1,1,125,4020,13,6,2010,1,2,9,1,13,3,SR-59,HENDERSON ST,202,42.63617778,-83.306622220,0,8,0,0,3,3,1,0,2,2,0,2,0,0000000,2,12,2,16,99,99,0,0,0,1,0
26,260284,1,1,0,1,81,6,16,6,2010,4,5,40,0,15,4,PETTIS AVE NE,,64,43.02680278,-85.530313890,0,18,0,0,1,1,1,0,2,10,0,10,0,0000000,5,45,5,55,88,88,22,0,0,1,0
26,260285,2,2,0,4,121,1850,16,6,2010,4,19,3,0,15,4,S DANGL RD,S CLINE RD,21,43.17575000,-86.165525000,0,12,6,0,2,2,1,0,1,1,0,1,0,0000000,19,3,19,10,88,88,0,0,0,1,1
26,260286,1,1,0,1,121,0,18,6,2010,6,17,35,1,12,2,US-31 RAMP 0100A,,5,43.25759722,-86.211005560,0,24,0,1,5,1,4,0,1,10,0,10,0,0000000,17,35,17,40,99,99,0,0,0,1,0
26,260287,1,1,0,1,17,0,20,6,2010,1,99,99,0,6,4,OLD BEAVER RD,,10,43.66651111,-83.969741670,0,1,0,0,1,1,5,0,2,8,0,8,0,0000000,11,6,11,14,88,88,22,0,0,1,1
26,260288,2,2,0,2,93,0,18,6,2010,6,10,23,1,1,1,I-96,,9,42.65065000,-84.131602780,0,12,7,0,1,1,1,0,1,1,0,1,0,0000000,10,23,10,35,88,88,0,0,0,1,1
26,260289,1,1,0,1,139,0,19,6,2010,7,16,22,1,1,1,I-96,,46,43.07231389,-86.067677780,0,1,0,0,1,1,5,0,1,1,0,1,0,0000000,16,23,16,25,88,88,0,0,0,1,0