STATE,ST_CASE,VE_TOTAL,VE_FORMS,PEDS,PERSONS,COUNTY,CITY,DAY,MONTH,YEAR,DAY_WEEK,HOUR,MINUTE,NHS,ROAD_FNC,ROUTE,TWAY_ID,TWAY_ID2,MILEPT,LATITUDE,LONGITUD,SP_JUR,HARM_EV,MAN_COLL,RELJCT1,RELJCT2,TYP_INT,REL_ROAD,WRK_ZONE,LGT_COND,WEATHER1,WEATHER2,WEATHER,SCH_BUS,RAIL,NOT_HOUR,NOT_MIN,ARR_HOUR,ARR_MIN,HOSP_HR,HOSP_MN,CF1,CF2,CF3,FATALS,DRUNK_DR
26,260290,1,1,0,1,65,2700,8,6,2010,3,10,57,0,13,6,MARTIN LUTHER KING,,76,42.75434167,-84.567883330,0,33,0,0,1,1,4,0,1,10,0,10,0,0000000,99,99,99,99,99,99,0,0,0,1,0
26,260291,2,2,0,3,163,1260,30,6,2010,4,1,35,0,13,6,PLYMOUTH RD,BURT RD,158,42.37184444,-83.246208330,0,12,6,0,2,2,1,0,3,1,0,1,0,0000000,99,99,99,99,99,99,0,0,0,2,1
26,260292,2,2,0,2,163,1260,12,7,2010,2,0,15,0,13,6,GREENFIELD,W OUTER DR,106,42.41948333,-83.199436110,0,12,1,0,3,2,1,0,3,10,0,10,0,0000000,99,99,99,99,88,88,0,0,0,1,1
26,260293,1,1,1,1,163,1260,25,4,2010,1,20,44,1,11,1,I-94,,238,42.33234167,-83.138336110,0,8,0,0,1,1,1,0,3,1,0,1,0,0000000,99,99,99,99,99,99,0,0,0,1,0
26,260294,2,2,0,2,33,3945,22,6,2010,3,8,45,0,3,3,SR-129,,136,46.26885833,-84.363519440,0,12,1,0,1,1,1,1,1,2,0,2,0,0000000,8,46,8,51,88,88,22,0,0,1,1
26,260295,1,1,1,1,163,4220,13,5,2010,5,11,34,0,16,6,HOLFORD RD,VISGER RD,1,42.26261111,-83.149125000,0,8,0,0,3,3,1,0,1,10,0,10,0,0000000,11,38,11,45,99,99,0,0,0,1,0
26,260296,2,2,0,2,99,5110,19,5,2010,4,6,42,1,13,6,MOUND RD,,56,42.52869722,-83.047477780,0,12,1,0,1,1,1,0,1,1,0,1,0,0000000,99,99,99,99,88,88,0,0,0,1,0
26,260297,2,2,0,2,115,0,25,5,2010,3,13,48,0,3,3,SR-50,GEIGER RD,124,41.94306111,-83.534922220,0,12,1,0,3,3,1,0,1,1,0,1,0,0000000,13,58,14,24,99,99,0,0,0,1,0
26,260298,1,1,0,1,11,0,28,5,2010,6,2,29,0,4,4,MELITA,,116,44.07550000,-84.015905560,0,1,0,0,1,1,1,0,2,1,0,1,0,0000000,2,31,2,44,88,88,0,0,0,1,1
26,260299,1,1,0,4,119,0,2,5,2010,1,1,53,0,4,4,COUNTY ROAD 459,,52,45.10791667,-83.941711110,0,30,0,0,1,1,5,0,2,10,0,10,0,0000000,99,99,99,99,99,99,0,0,0,1,1
26,260300,2,2,0,1,21,0,14,5,2010,6,1,58,0,13,3,SR-51,,23,41.79443333,-86.249216670,0,12,6,0,8,1,1,0,3,1,0,1,0,0000000,99,99,99,99,99,99,0,0,0,1,0
26,260301,1,1,0,1,49,1730,4,5,2010,3,15,15,0,16,6,MABEL AVE,,3,43.03661389,-83.670758330,0,1,0,0,1,1,1,0,1,1,0,1,0,0000000,99,99,99,99,99,99,0,0,0,1,0
26,260302,1,1,0,1,39,0,31,5,2010,2,22,26,0,3,3,SR-72,,138,44.61455556,-84.447333330,0,11,0,0,1,1,1,0,2,1,0,1,0,0000000,99,99,99,99,88,88,0,0,0,1,0
26,260303,1,1,1,1,81,2010,3,6,2010,5,16,7,0,13,6,LEONARD ST NE,,24,42.98439444,-85.619130560,0,8,0,0,8,1,1,0,1,1,0,1,0,0000000,16,8,16,11,99,99,0,0,0,1,0
26,260304,1,1,0,2,39,0,11,6,2010,6,23,54,1,1,1,I-75,,180,44.75834444,-84.708077780,0,42,0,0,1,1,5,0,2,2,0,2,0,0000000,23,54,0,5,99,99,0,0,0,1,0
26,260305,1,1,0,5,129,0,12,6,2010,7,0,21,0,6,4,JACKPINE RD,,1,44.17758056,-84.045325000,0,42,0,0,1,1,5,0,2,10,0,10,0,0000000,0,22,0,34,99,99,22,0,0,1,1
26,260306,1,1,0,1,97,0,18,6,2010,6,2,20,0,4,4,H-33,,73,46.19131389,-85.739580560,0,35,0,0,1,1,5,0,2,1,0,1,0,0000000,2,20,2,37,88,88,0,0,0,1,1
26,260307,3,3,0,10,79,0,17,6,2010,5,16,34,1,2,2,US-131,,176,44.80428056,-85.145272220,0,12,1,0,1,1,1,0,1,1,0,1,0,0000000,16,34,16,42,99,99,0,0,0,1,0
26,260309,2,2,0,2,147,4060,22,6,2010,3,22,35,1,12,1,I-94,,1,42.99507222,-82.444161110,0,12,1,0,1,1,1,0,1,1,0,1,0,0000000,22,37,23,4,99,99,0,0,0,1,0
26,260310,2,2,0,2,161,0,24,6,2010,5,20,13,0,13,2,US-12 BL,RAWSONVILLE RD,4,42.25611389,-83.544088890,0,12,6,0,2,2,1,0,1,1,0,1,0,0000000,20,14,20,16,99,99,0,0,0,1,0
26,260311,3,3,0,3,75,0,25,6,2010,6,17,39,0,4,4,MOUNT HOPE RD,,50,42.26549444,-84.204122220,0,12,2,0,1,1,1,0,1,1,0,1,0,0000000,17,41,18,0,99,99,0,0,0,1,0
26,260312,1,1,1,1,147,0,24,6,2010,5,20,19,0,6,4,BRYCE RD,,100,43.01500278,-82.771713890,0,9,0,0,8,1,1,0,1,10,0,10,0,0000000,20,20,20,28,88,88,0,0,0,1,0
26,260313,1,1,0,2,161,0,18,6,2010,6,21,20,0,4,4,N TERRITORIAL RD,,61,42.39118333,-83.968633330,0,18,0,0,1,1,1,0,2,2,0,2,0,0000000,21,17,21,22,99,99,0,0,0,1,0
26,260314,2,2,0,2,163,2850,25,6,2010,6,14,2,1,13,6,MERRIMAN,7 MILE RD,146,42.42657500,-83.355355560,0,12,6,0,2,2,1,0,1,1,0,1,0,0000000,14,2,14,6,99,99,0,0,0,1,0
26,260315,2,2,0,3,47,0,25,6,2010,6,13,49,1,1,1,I-75,,1,45.76364722,-84.733391670,0,24,0,0,1,1,3,0,1,2,0,2,0,0000000,13,50,13,56,99,99,0,0,0,1,0
26,260316,1,1,1,1,115,1340,18,3,2010,5,22,49,1,2,2,US-23,,165,41.95635278,-83.672030560,0,9,0,0,1,1,1,0,2,1,0,1,0,0000000,10,51,10,57,88,88,0,0,0,1,1
26,260317,1,1,0,1,153,0,17,4,2010,7,16,20,0,4,4,COUNTY RD 436,,81,46.15369167,-85.999411110,0,42,0,0,1,1,5,0,1,1,0,1,0,0000000,16,30,16,50,88,88,22,0,0,1,1
26,260318,1,1,0,1,163,1212,26,6,2010,7,15,24,0,14,6,ANN ARBOR TRAIL,,95,42.33917778,-83.260277780,0,33,0,0,1,1,4,0,1,1,0,1,0,0000000,15,24,15,32,99,99,0,0,0,1,0
26,260319,2,2,0,6,81,0,25,6,2010,6,14,45,0,14,4,84TH ST SE,,171,42.81240000,-85.446619440,0,12,6,0,8,1,1,0,1,10,0,10,0,0000000,14,47,99,99,99,99,22,0,0,4,0
26,260320,2,2,0,2,47,0,16,7,2010,6,17,19,1,2,2,US-31,,81,45.42186667,-84.824700000,0,12,1,0,8,1,1,0,1,1,0,1,0,0000000,17,21,17,28,88,88,0,0,0,1,0
26,260321,1,1,0,3,145,0,16,7,2010,6,18,37,0,6,4,S FENMORE RD,,134,43.32159444,-84.349986110,0,42,0,0,1,1,5,0,1,1,0,1,0,0000000,18,36,18,58,99,99,22,0,0,2,1
26,260322,1,1,0,3,21,0,17,7,2010,7,2,22,0,4,4,E NAPIER AVE,,71,42.09107778,-86.349277780,0,1,0,0,1,1,5,0,2,1,0,1,0,0000000,99,99,99,99,88,88,0,0,0,1,1
26,260323,2,1,1,1,123,0,24,5,2010,2,14,20,0,6,5,OLD MAPLE TRL,,99999,99.99990000,999.999900000,9,14,0,0,1,1,2,0,1,1,0,1,0,0000000,14,20,14,26,99,99,0,0,0,1,0
26,260324,1,1,0,1,129,0,16,6,2010,4,16,14,0,4,4,SAGE LAKE RD,,101,44.30722778,-83.922863890,0,42,0,0,1,1,6,0,1,1,0,1,0,0000000,16,16,16,30,88,88,22,0,0,1,1
26,260325,3,3,0,3,55,0,16,6,2010,4,15,8,0,2,3,SR-37,RED SCHOOL RD,36,44.60669444,-85.655855560,0,12,1,0,2,3,1,0,1,10,0,10,0,0000000,99,99,99,99,99,99,0,0,0,1,0
26,260326,2,2,0,2,81,5319,17,6,2010,5,9,5,1,11,1,I-196,,63,42.94510556,-85.711200000,0,24,0,0,1,1,4,0,1,1,0,1,0,0000000,9,7,9,14,88,88,0,0,0,1,0
26,260327,1,1,0,1,99,5110,18,6,2010,6,7,16,1,11,1,I-696 RAMP 018B,,6,42.49395833,-83.045502780,0,1,0,1,5,1,5,0,1,1,0,1,0,0000000,99,99,99,99,99,99,0,0,0,1,0
26,260328,2,2,0,2,163,1212,27,6,2010,1,1,40,0,13,6,N INKSTER RD,ANN ARBOR TRL,168,42.35105278,-83.312619440,0,12,2,0,3,2,1,0,3,1,0,1,0,0000000,1,43,1,52,88,88,0,0,0,1,1
26,260329,3,3,0,3,129,0,27,6,2010,1,7,0,0,4,4,RAU RD,,75,44.23328611,-84.241452780,0,12,8,0,1,1,1,0,1,10,0,10,0,0000000,7,7,7,12,88,88,22,0,0,1,1
26,260330,2,2,0,3,139,0,27,6,2010,1,13,43,0,14,4,RILEY ST,128TH AVE,57,42.82648889,-86.098119440,0,12,6,0,2,2,1,0,1,1,0,1,0,0000000,13,44,13,47,99,99,0,0,0,1,0
26,260331,1,1,1,1,81,2010,26,6,2010,7,22,15,0,13,6,BURTON ST,,3,42.92710278,-85.603205560,0,8,0,0,1,1,1,0,2,1,0,1,0,0000000,22,18,22,20,99,99,0,0,0,1,0
26,260332,2,2,0,2,127,0,28,6,2010,2,14,41,0,4,4,WINSTON RD,64TH AVE,10,43.50868889,-86.397738890,0,12,8,0,2,2,1,0,1,1,0,1,0,0000000,14,41,14,52,88,88,22,0,0,1,0
26,260333,1,1,0,2,49,0,18,4,2010,1,17,19,0,16,4,W FRANCES RD,,20,43.13419722,-83.724286110,0,34,0,0,1,1,4,0,1,1,0,1,0,0000000,17,19,17,25,99,99,22,0,0,1,0
26,260334,2,2,0,3,39,0,23,5,2010,1,19,4,0,4,4,N STEPHAN BRIDGE RD,SHAW PARK RD,119,44.67100278,-84.577602780,0,12,6,0,2,2,1,0,1,1,0,1,0,0000000,99,99,99,99,99,99,0,0,0,1,0
26,260335,1,1,0,1,163,1260,15,5,2010,7,6,15,1,12,3,SR-8,,51,42.41336111,-83.068180560,0,18,0,0,1,1,3,1,4,1,0,1,0,0000000,6,27,6,38,99,99,0,0,0,1,1
26,260336,2,2,0,2,111,0,4,5,2010,3,11,33,0,4,4,N SHAFFER RD,N EASTMAN RD,60,43.75586111,-84.246936110,0,12,1,0,3,1,1,0,1,1,0,1,0,0000000,99,99,99,99,99,99,0,0,0,1,0
26,260337,1,1,0,3,163,2850,29,6,2010,3,3,20,0,16,6,ECKLES,,5,42.39455278,-83.431061110,0,42,0,0,1,1,6,0,2,10,0,10,0,0000000,3,25,3,32,99,99,0,0,0,1,0
26,260338,1,1,0,1,163,1260,28,5,2010,6,20,45,1,11,1,I-96,,104,42.38447500,-83.241569440,0,39,0,0,1,1,4,0,5,1,0,1,0,0000000,20,55,21,0,99,99,0,0,0,1,0
26,260339,1,1,1,1,91,0,10,6,2010,5,10,28,0,4,4,SUTTON RD,,36,41.94923056,-83.935611110,0,8,0,0,1,1,1,0,1,1,0,1,0,0000000,10,29,10,32,99,99,0,0,0,1,0
26,260340,4,4,0,9,51,0,25,6,2010,6,11,20,0,3,3,SR-61,,85,43.98079167,-84.438150000,0,12,2,0,1,1,1,0,1,1,0,1,0,0000000,11,24,11,28,99,99,0,0,0,2,0
26,260341,1,1,0,1,81,2010,28,6,2010,2,21,3,1,12,2,US-131 RAMP 077H,,2,42.97340278,-85.679294440,0,26,0,1,5,1,4,0,5,1,0,1,0,0000000,21,4,21,10,88,88,0,0,0,1,0
26,260342,1,1,0,1,31,0,29,6,2010,3,18,41,1,1,1,I-75,,360,45.68019444,-84.683813890,0,42,0,0,1,1,5,0,1,1,0,1,0,0000000,18,42,18,53,88,88,0,0,0,1,0
26,260343,1,1,0,1,125,510,30,6,2010,4,2,37,0,13,6,LONG LAKE,,67,42.58861111,-83.234577780,0,42,0,0,1,1,5,0,2,1,0,1,0,0000000,2,38,2,41,88,88,0,0,0,1,1
26,260344,2,2,0,2,81,0,30,6,2010,4,15,20,0,14,3,SR-21,,148,42.92873056,-85.429958330,0,12,2,0,8,1,2,0,1,1,0,1,0,0000000,99,99,99,99,88,88,0,0,0,1,0
26,260345,2,2,0,3,125,3632,30,6,2010,4,22,34,0,16,4,SHELDON RD,SNELL RD,15,42.73345278,-83.125986110,0,12,6,0,2,2,1,0,2,1,0,1,0,0000000,22,39,22,43,88,88,22,0,0,1,0
26,260346,1,1,0,3,159,0,5,6,2010,7,2,16,0,6,4,8TH AVE,30.5 ST,1,42.39015278,-85.847747220,0,1,0,0,3,3,5,0,2,10,0,10,0,0000000,99,99,99,99,99,99,0,0,0,1,1
26,260347,2,2,0,3,1,3247,15,6,2010,3,22,12,0,3,4,F-41,,21,44.54204167,-83.421947220,0,12,2,0,1,1,1,0,2,10,0,10,0,0000000,99,99,99,99,99,99,0,0,0,1,0
26,260348,1,1,0,1,163,1260,19,6,2010,7,23,15,1,11,1,I-94,,263,42.35133611,-83.095786110,0,1,0,0,1,1,1,0,3,1,0,1,0,0000000,99,99,99,99,99,99,0,0,0,1,0
26,260349,1,1,1,1,107,480,29,6,2010,3,21,19,0,16,6,SECOND AVE,ADAMS ST,2,43.70204722,-85.475952780,0,8,0,0,3,2,1,0,1,10,0,10,0,0000000,99,99,99,99,99,99,0,0,0,1,0
26,260350,1,1,0,2,125,1650,2,7,2010,6,20,4,0,16,6,LANSBURY LN,,3,42.46416111,-83.408597220,0,53,0,0,1,1,4,0,5,1,0,1,0,0000000,20,4,20,15,99,99,0,0,0,1,0
26,260351,1,1,0,1,67,0,2,7,2010,6,16,15,0,6,4,GRAND RIVER TRAIL RD,,13,42.81847778,-84.841897220,0,42,0,0,1,1,5,0,1,1,0,1,0,0000000,99,99,99,99,88,88,22,0,0,1,0
26,260352,2,2,0,2,49,1730,3,7,2010,7,1,30,0,14,6,E STEWART AVE,I-475 RAMP 036F,10,43.05409444,-83.673913890,0,12,6,0,2,2,1,0,3,1,0,1,0,0000000,1,36,1,43,99,99,0,0,0,1,0
26,260353,1,1,0,1,147,2558,4,7,2010,1,15,40,1,1,1,I-69,,215,42.98858333,-82.579538890,0,1,0,0,1,1,1,0,1,1,0,1,0,0000000,99,99,99,99,99,99,0,0,0,1,0
26,260354,1,1,0,1,147,0,6,7,2010,3,10,45,0,3,3,SR-19,,33,42.95925000,-82.763377780,0,24,0,0,1,1,4,0,1,1,0,1,0,0000000,10,48,10,55,88,88,0,0,0,1,0
26,260355,2,2,0,4,27,0,7,7,2010,4,17,13,0,3,3,SR-60,SR-40,68,41.90425278,-85.795750000,0,12,6,0,2,2,1,0,1,1,0,1,0,0000000,17,13,17,17,99,99,0,0,0,2,0
26,260356,3,3,0,3,27,0,7,7,2010,4,12,48,0,3,4,BARRON LAKE,,20,41.86820556,-86.175502780,0,12,2,0,1,1,1,0,1,1,0,1,0,0000000,12,48,12,52,99,99,0,0,0,2,0
26,260357,3,3,0,6,1,3247,7,7,2010,4,15,30,0,4,4,S STOUT RD,,4,44.57481667,-83.624411110,0,12,7,0,1,1,1,0,1,2,0,2,0,0000000,15,31,15,47,99,99,22,0,0,1,1
26,260358,2,2,0,2,157,0,7,7,2010,4,21,35,0,4,4,CEMETERY RD,,121,43.58665000,-83.174116670,0,11,0,0,1,1,1,0,2,1,0,1,0,0000000,21,38,21,43,99,99,0,0,0,1,0
26,260359,1,1,1,1,163,1212,8,7,2010,5,0,3,0,16,6,KATHERINE,,8,42.28176111,-83.249933330,0,8,0,0,1,1,1,0,2,1,0,1,0,0000000,0,4,0,11,99,99,0,0,0,1,0
26,260360,3,3,0,6,17,0,9,7,2010,6,9,16,1,11,1,I-75,,3,43.52693333,-83.941908330,0,12,7,0,1,1,1,1,1,1,0,1,0,0000000,9,16,9,24,99,99,0,0,0,1,0
26,260361,2,2,0,3,11,0,9,7,2010,6,15,43,1,1,1,I-75,,149,44.10532222,-84.115405560,0,12,1,0,1,1,1,0,1,1,0,1,0,0000000,15,46,15,58,99,99,0,0,0,2,0
26,260362,1,1,1,1,73,0,9,7,2010,6,21,57,1,2,3,SR-20,S WISE RD,200,43.61192222,-84.648038890,0,8,0,0,3,2,1,0,3,1,0,1,0,0000000,21,1,21,7,88,88,0,0,0,1,0
26,260363,2,2,0,2,87,0,10,7,2010,7,18,22,0,3,3,SR-24,,224,43.20320556,-83.312936110,0,12,6,0,8,1,1,0,1,1,0,1,0,0000000,18,24,18,33,88,88,0,0,0,1,0
26,260364,2,2,0,3,67,0,10,7,2010,7,20,37,0,3,3,SR-21,,93,42.97295000,-85.129205560,0,12,2,0,1,1,1,0,2,1,0,1,0,0000000,20,39,20,41,88,88,22,0,0,3,0
26,260365,1,1,1,3,117,1158,10,7,2010,7,23,45,0,5,4,E SYDNEY RD,,15,43.25680278,-84.907027780,0,8,0,0,1,1,1,0,2,1,0,1,0,0000000,23,49,23,54,99,99,0,0,0,1,0
26,260366,1,1,0,1,47,0,13,7,2010,3,5,0,0,5,4,W STUTZMANVILLE RD,,40,45.50774444,-85.018205560,0,11,0,0,1,1,1,0,4,1,0,1,0,0000000,5,11,5,20,88,88,22,0,0,1,0
26,260367,1,1,0,1,21,570,13,7,2010,3,10,20,1,11,1,I-94 RAMP 016C,,1,41.93271667,-86.572525000,0,1,0,1,5,1,1,0,1,1,0,1,0,0000000,10,26,10,31,88,88,0,0,0,1,0
26,260368,1,1,0,1,157,0,14,7,2010,4,14,55,0,6,4,EDWARD RD,,49,43.30472778,-83.393538890,0,42,0,0,1,1,5,0,1,1,0,1,0,0000000,14,56,15,7,99,99,22,0,0,1,0
26,260369,2,2,0,3,125,0,13,7,2010,3,10,43,0,14,6,LAKEVILLE RD,,11,42.82565556,-83.235255560,0,12,2,0,1,1,1,0,1,10,0,10,0,0000000,10,43,10,51,99,99,0,0,0,1,0
26,260370,1,1,0,1,49,0,15,7,2010,5,17,34,0,5,4,N MCKINLEY RD,,57,43.14195556,-83.859777780,0,1,0,0,1,1,5,0,1,2,0,2,0,0000000,17,34,17,44,99,99,0,0,0,1,0
26,260371,1,1,0,1,159,0,19,7,2010,2,12,45,0,5,4,CR 380,,37,42.35394444,-85.922763890,0,11,0,0,1,1,1,0,1,1,0,1,0,0000000,12,47,12,53,88,88,22,0,0,1,0
26,260372,2,2,0,3,49,686,20,7,2010,3,21,36,1,13,3,SR-54,,56,42.98484167,-83.653313890,0,12,1,0,1,1,1,0,5,1,0,1,0,0000000,21,38,21,39,99,99,0,0,0,1,1
26,260373,2,2,0,6,95,0,16,7,2010,6,23,23,1,2,3,SR-28,,155,46.30369722,-85.431319440,0,12,8,0,1,1,1,0,2,1,0,1,0,0000000,23,25,23,45,99,99,0,0,0,1,1
26,260374,1,1,0,1,81,0,6,7,2010,3,5,33,0,6,4,18 MILE RD NE,,16,43.23486111,-85.523027780,0,11,0,0,1,1,1,0,2,1,0,1,0,0000000,99,99,99,99,99,99,22,0,0,1,0
26,260375,2,2,0,3,125,4020,21,7,2010,4,14,36,1,13,3,SR-24 BUS,RAPID ST,6,42.62715278,-83.286213890,0,12,6,0,2,2,1,0,1,1,0,1,0,0000000,14,37,14,40,99,99,0,0,0,1,0
26,260376,2,2,0,6,5,0,22,7,2010,5,16,42,0,4,4,10TH,120TH,103,42.56632500,-85.641572220,0,12,2,0,2,2,1,0,1,2,0,2,0,0000000,16,42,99,99,99,99,0,0,0,1,0
26,260377,1,1,0,1,81,0,22,7,2010,5,4,24,0,4,4,ALGOMA AVE NE,,85,43.23986667,-85.611097220,0,42,0,0,1,1,5,0,2,1,0,1,0,0000000,99,99,99,99,88,88,22,0,0,1,1
26,260378,1,1,1,5,55,0,24,7,2010,7,0,14,1,2,3,SR-72,,59,44.77037222,-85.380033330,0,8,0,0,1,1,1,0,2,1,0,1,0,0000000,0,18,0,22,88,88,0,0,0,1,0
26,260379,3,3,0,5,159,0,24,7,2010,7,10,45,0,3,3,SR-40,78TH AVE,50,42.13458056,-85.851580560,0,12,6,0,3,3,1,0,1,10,0,10,0,0000000,10,48,11,0,88,88,0,0,0,1,0
26,260380,1,1,0,1,55,0,24,7,2010,7,16,15,0,6,4,BLAIR TOWNHALL RD,,24,44.62903056,-85.584683330,0,1,0,0,1,1,1,0,1,10,0,10,0,0000000,16,42,16,55,88,88,22,0,0,1,1
26,260381,2,2,0,2,15,0,25,7,2010,1,14,0,0,5,4,BROWN,,107,42.75601389,-85.134950000,0,12,2,0,1,1,1,0,1,1,0,1,0,0000000,14,8,14,11,99,99,22,0,0,1,0
26,260382,1,1,0,3,67,0,23,7,2010,6,23,37,0,5,4,N WHITES BRIDGE RD,,25,43.07623889,-85.262913890,0,42,0,0,1,1,5,0,2,1,0,1,0,0000000,23,39,23,44,99,99,0,0,0,2,1
26,260383,3,3,0,4,17,2543,22,7,2010,5,13,53,0,14,3,SR-13,BEAVER RD,96,43.66767778,-83.951644440,0,12,6,0,2,2,1,0,1,10,0,10,0,0000000,13,53,13,58,99,99,0,0,0,1,0
26,260384,1,1,0,1,3,0,22,7,2010,5,16,30,0,4,4,H58,,244,46.52572222,-86.231833330,0,42,0,0,1,1,5,0,1,1,0,1,0,0000000,16,53,17,8,99,99,0,0,0,1,0
26,260385,1,1,0,4,149,0,25,7,2010,1,13,46,0,4,4,LUTZ RD,,69,41.89945000,-85.624436110,0,42,0,0,1,1,5,0,1,1,0,1,0,0000000,13,47,13,55,99,99,0,0,0,1,1
26,260386,1,1,1,1,81,691,26,7,2010,2,20,47,1,12,2,US-131,,13,42.78632500,-85.668169440,0,8,0,0,1,1,1,0,5,1,0,1,0,0000000,20,48,20,58,88,88,19,0,0,1,0
26,260387,3,3,0,4,1,0,23,7,2010,6,12,23,0,3,3,SR-65,,31,44.54655278,-83.720125000,0,12,8,0,1,1,1,0,1,10,0,10,0,0000000,12,23,12,29,99,99,0,0,0,1,0
26,260388,2,2,0,3,139,0,28,7,2010,4,16,50,0,16,4,QUINCY ST,N 168TH AVE,41,42.84080000,-86.198377780,0,12,6,0,2,2,1,0,1,1,0,1,0,0000000,16,53,17,2,99,99,0,0,0,2,0
26,260389,1,1,0,4,51,0,27,7,2010,3,20,5,0,6,4,LYLE RD,,74,43.82893611,-84.478225000,0,42,0,0,1,1,6,0,1,1,0,1,0,0000000,20,7,20,17,99,99,22,0,0,3,1
26,260390,1,1,0,1,163,1920,31,7,2010,7,21,5,0,13,6,MIDDLEBELT RD,,137,42.31582222,-83.330652780,0,31,0,0,1,1,4,0,1,1,0,1,0,0000000,21,7,21,9,99,99,0,0,0,1,0
26,260391,1,1,0,1,125,512,15,7,2010,5,13,26,1,13,3,SR-24,E QUARTON RD,78,42.55511667,-83.285122220,0,34,0,0,3,2,5,1,1,10,0,10,0,0000000,13,31,13,31,99,99,0,0,0,1,0
26,260392,1,1,0,2,23,305,31,7,2010,7,19,28,0,6,4,W BATER,,15,41.91270833,-85.068752780,0,11,0,0,1,1,1,0,1,1,0,1,0,0000000,99,99,99,99,99,99,0,0,0,1,0
26,260393,2,2,0,3,111,3240,2,7,2010,6,14,58,0,14,6,N WHEELER ST,MORNING WAY,5,43.64103333,-84.233252780,0,12,6,0,2,3,1,0,1,1,0,1,0,0000000,99,99,99,99,99,99,0,0,0,1,0
26,260394,1,1,0,1,75,0,4,7,2010,1,3,24,0,4,4,HANOVER RD,,115,42.10036667,-84.488388890,0,24,0,0,1,1,4,0,2,1,0,1,0,0000000,99,99,99,99,88,88,0,0,0,1,1
26,260395,1,1,0,1,21,0,23,7,2010,6,12,19,0,6,4,PARDEE RD,,8,41.78008889,-86.533016670,0,33,0,0,1,1,5,0,1,1,0,1,0,0000000,99,99,99,99,88,88,22,0,0,1,0
26,260396,1,1,1,1,147,0,28,7,2010,4,0,17,0,14,6,24TH ST,MINNIE ST,16,42.96393333,-82.452191670,0,8,0,0,3,1,1,0,2,1,0,1,0,0000000,99,99,99,99,99,99,0,0,0,1,0
26,260397,2,2,0,3,23,1935,1,8,2010,1,17,4,0,3,4,MARSHALL RD,DAYBURG RD,51,42.01465556,-85.000888890,0,12,6,0,2,2,1,0,1,1,0,1,0,0000000,17,4,17,15,99,99,0,0,0,2,0
26,260398,3,3,0,8,87,0,23,7,2010,6,17,52,0,3,3,SR-24,,219,43.19649722,-83.312797220,0,12,1,0,8,1,1,0,1,1,0,1,0,0000000,99,99,99,99,99,99,0,0,0,1,0
26,260400,1,1,1,1,163,1260,22,4,2010,5,0,10,0,14,6,CHALMERS,EVANSTON,25,42.40554722,-82.965041670,0,8,0,0,3,2,1,0,3,10,0,10,0,0000000,99,99,99,99,99,99,0,0,0,1,0
26,260401,1,1,0,6,163,1260,5,5,2010,4,14,20,0,14,6,JOHN KRONK,,13,42.32334167,-83.122275000,0,30,0,0,1,1,4,0,1,1,0,1,0,0000000,99,99,99,99,99,99,0,0,0,2,0
26,260402,1,1,1,1,163,1260,10,5,2010,2,20,0,0,14,6,MCGRAW,,29,42.34971667,-83.107500000,1,9,0,0,1,1,1,0,1,1,0,1,0,0000000,99,99,99,99,99,99,0,0,0,1,0
26,260403,1,1,0,2,163,1260,16,5,2010,1,4,5,1,11,1,I-96,,88,42.38564167,-83.271094440,0,33,0,0,1,1,4,0,3,1,0,1,0,0000000,99,99,99,99,99,99,0,0,0,1,1
26,260404,2,2,0,3,163,1260,23,5,2010,1,22,10,0,14,6,E STATE FAIR,,18,42.43951667,-83.102616670,0,12,1,0,1,1,1,0,3,1,0,1,0,0000000,99,99,99,99,99,99,0,0,0,1,1
26,260406,2,2,0,4,5,0,30,5,2010,1,16,58,0,6,4,34TH ST,,50,42.52088333,-85.877294440,0,12,6,0,1,1,1,0,1,1,0,1,0,0000000,99,99,99,99,88,88,0,0,0,1,1
26,260407,1,1,0,4,163,1260,9,6,2010,4,0,30,1,13,3,SR-53,,8,42.38838611,-83.021661110,0,33,0,0,1,1,4,0,3,2,0,2,0,0000000,99,99,99,99,99,99,0,0,0,2,1
26,260409,1,1,1,2,163,1260,13,6,2010,1,1,21,0,14,6,DEXTER,,21,42.38261667,-83.126069440,0,8,0,0,1,1,1,0,3,1,0,1,0,0000000,99,99,99,99,99,99,0,0,0,1,0
26,260410,1,1,1,2,163,1260,25,6,2010,6,17,0,0,16,6,SAINT MARTINS,,13,42.43669722,-83.166975000,0,9,0,0,1,1,1,0,1,1,0,1,0,0000000,99,99,99,99,99,99,0,0,0,1,0
26,260411,1,1,0,2,163,1260,26,1,2010,3,11,43,1,11,1,I-94,,361,42.42013889,-82.932611110,0,35,0,0,1,1,5,0,1,10,0,10,0,0000000,99,99,99,99,99,99,0,0,0,1,0
26,260412,3,3,0,4,65,2700,24,2,2010,4,13,30,1,11,1,I-496/US-127,,68,42.69803333,-84.503894440,0,12,6,0,7,1,1,0,1,4,0,4,0,0000000,99,99,99,99,99,99,0,0,0,1,0
26,260413,1,1,0,2,145,0,1,5,2010,7,21,54,0,6,4,DICE,,31,43.46225000,-84.307500000,0,34,0,0,1,1,5,0,2,10,0,10,0,0000000,21,55,22,4,99,99,22,0,0,1,1