STATE,ST_CASE,VE_TOTAL,VE_FORMS,PEDS,PERSONS,COUNTY,CITY,DAY,MONTH,YEAR,DAY_WEEK,HOUR,MINUTE,NHS,ROAD_FNC,ROUTE,TWAY_ID,TWAY_ID2,MILEPT,LATITUDE,LONGITUD,SP_JUR,HARM_EV,MAN_COLL,RELJCT1,RELJCT2,TYP_INT,REL_ROAD,WRK_ZONE,LGT_COND,WEATHER1,WEATHER2,WEATHER,SCH_BUS,RAIL,NOT_HOUR,NOT_MIN,ARR_HOUR,ARR_MIN,HOSP_HR,HOSP_MN,CF1,CF2,CF3,FATALS,DRUNK_DR
26,260414,1,1,0,3,5,0,8,5,2010,7,17,58,0,6,4,44TH ST,,15,42.44074444,-85.973466670,0,42,0,0,1,1,5,0,1,1,0,1,0,0000000,18,11,18,27,99,99,5,22,0,1,0
26,260415,2,2,0,2,5,0,9,6,2010,4,15,24,0,6,4,133RD,,15,42.66312500,-86.024841670,0,12,2,0,8,1,1,0,1,1,0,1,0,0000000,15,24,15,30,88,88,22,0,0,1,0
26,260416,1,1,1,1,99,4731,23,6,2010,4,18,30,0,13,6,DEQUINDRE RD,14 MILE RD,61,42.53484444,-83.086886110,0,9,0,0,3,2,1,0,1,1,0,1,0,0000000,18,34,18,40,99,99,0,0,0,1,0
26,260417,3,3,0,4,41,1748,24,6,2010,5,14,15,0,2,3,SR-35,CO RD 521,108,45.67939167,-87.139677780,0,12,1,0,2,2,1,0,1,1,0,1,0,0000000,14,16,14,31,99,99,0,0,0,2,0
26,260419,2,2,0,4,133,0,11,8,2010,4,11,42,0,6,4,220TH AVE,3 MILE RD,30,43.85891944,-85.523350000,0,12,6,0,2,2,1,0,1,1,0,1,0,0000000,99,99,99,99,99,99,0,0,0,1,0
26,260420,2,2,0,7,113,0,1,7,2010,5,17,54,0,4,4,E PROSPER RD,S 7 MILE RD,10,44.24346111,-85.073525000,0,12,6,0,2,2,1,0,1,1,0,1,0,0000000,17,57,18,9,99,99,22,0,0,1,0
26,260421,2,2,0,3,81,785,1,7,2010,5,7,50,1,13,3,SR-11,,181,42.91273889,-85.541416670,0,12,6,0,8,1,1,0,1,1,0,1,0,0000000,99,99,99,99,88,88,0,0,0,1,0
26,260422,2,2,0,2,65,2700,2,7,2010,6,20,6,1,13,3,SR-43,DELTA RIVER DR,12,42.76358056,-84.579505560,0,12,6,0,3,3,1,0,1,1,0,1,0,0000000,20,8,20,11,99,99,0,0,0,1,0
26,260423,1,1,1,1,115,0,10,7,2010,7,22,20,1,2,2,US-24,,264,42.06587222,-83.314041670,0,8,0,0,1,1,1,0,2,1,0,1,0,0000000,22,23,22,31,88,88,0,0,0,1,0
26,260424,1,1,0,2,125,512,16,7,2010,6,18,14,1,11,1,I-75,,120,42.60984722,-83.220266670,0,59,0,0,1,1,6,0,1,1,0,1,0,0000000,18,16,18,21,99,99,0,0,0,1,1
26,260425,2,2,0,2,57,5185,19,7,2010,2,9,50,1,2,3,SR-46,,197,43.40796944,-84.444266670,0,12,2,0,1,1,1,0,1,10,0,10,0,0000000,99,99,99,99,88,88,0,0,0,1,0
26,260426,2,2,0,2,49,1731,16,7,2010,6,7,10,0,14,4,LENNON RD,DUTCHER RD,83,42.98736667,-83.764330560,0,12,6,0,2,2,1,0,1,1,0,1,0,0000000,7,10,7,12,88,88,0,0,0,1,0
26,260427,1,1,2,2,165,0,20,7,2010,3,19,15,0,4,4,16 RD,,172,44.41107500,-85.511488890,0,15,0,0,1,1,1,0,1,1,0,1,0,0000000,19,20,19,25,99,99,0,0,0,1,0
26,260428,2,2,0,2,77,47,23,7,2010,6,5,50,1,2,4,W D AVE,N SECOND ST,14,42.37505556,-85.746650000,0,12,6,0,2,2,1,0,2,10,0,10,0,0000000,5,51,5,55,99,99,0,0,0,1,0
26,260429,2,2,0,2,49,0,27,7,2010,3,21,30,0,5,4,BALDWIN RD,,52,42.88388889,-83.824569440,0,12,1,0,1,1,1,0,2,1,0,1,0,0000000,21,33,21,38,99,99,0,0,0,1,1
26,260430,1,1,0,3,137,0,30,7,2010,6,13,10,1,11,1,I-75,,76,44.95841944,-84.673544440,0,24,0,0,1,1,3,0,1,1,0,1,0,0000000,13,15,13,20,99,99,0,0,0,1,0
26,260431,2,2,0,5,91,4282,29,7,2010,5,10,50,0,4,4,ROME RD,N ROLLIN HWY,22,41.94278889,-84.323897220,0,12,6,0,2,2,1,0,1,1,0,1,0,0000000,10,50,10,56,99,99,0,0,0,1,0
26,260432,2,2,0,3,161,0,28,7,2010,4,9,10,1,11,1,I-94,,129,42.29823333,-83.881955560,0,12,1,0,1,1,1,0,1,10,0,10,0,0000000,9,11,9,18,99,99,0,0,0,1,0
26,260433,3,3,0,4,125,2935,29,7,2010,5,11,29,0,14,6,11 MILE RD,STEPHENSON HWY,90,42.49060556,-83.115788890,0,12,6,0,2,2,1,0,1,1,0,1,0,0000000,11,32,11,34,99,99,0,0,0,1,0
26,260434,2,2,0,6,163,1260,9,7,2010,6,22,42,0,14,6,FENKELL,,72,42.40215556,-83.174208330,0,12,6,0,1,1,1,0,3,1,0,1,0,0000000,99,99,99,99,99,99,0,0,0,1,1
26,260435,1,1,1,1,163,1260,31,7,2010,7,2,0,9,13,6,W VERNOR,CASGRAIN,17,42.31558056,-83.112933330,0,8,0,0,2,3,1,0,2,1,0,1,0,0000000,99,99,99,99,99,99,0,0,0,1,0
26,260436,1,1,0,1,1,0,3,7,2010,7,15,0,0,3,3,SR-65,,3,44.72303056,-83.807422220,0,34,0,0,1,1,5,0,1,1,0,1,0,0000000,99,99,99,99,99,99,0,0,0,1,0
26,260437,1,1,1,1,145,0,24,7,2010,7,0,35,0,4,4,FERGUS RD,,71,43.25590833,-84.028844440,0,8,0,0,1,1,1,0,2,10,0,10,0,0000000,99,99,99,99,99,99,22,0,0,1,0
26,260438,1,1,1,1,77,2520,26,7,2010,2,22,5,1,13,3,SR-43,HUMPHREY ST,7,42.30340000,-85.564405560,0,8,0,0,3,2,1,0,3,1,0,1,0,0000000,99,99,99,99,99,99,0,0,0,1,1
26,260439,1,1,0,1,65,0,31,7,2010,7,3,28,0,16,4,BEEMAN RD,,13,42.71330556,-84.295288890,0,42,0,0,1,1,5,0,2,1,0,1,0,0000000,99,99,99,99,88,88,0,0,0,1,1
26,260440,1,1,0,3,163,1260,5,4,2010,2,4,8,1,12,3,SR-8,,16,42.40697222,-83.086288890,0,1,0,0,1,1,3,0,3,10,0,10,0,0000000,99,99,99,99,99,99,0,0,0,1,1
26,260441,2,2,0,4,33,325,30,5,2010,1,20,20,0,4,4,LAKESHORE DR,,209,46.41281667,-84.588680560,0,12,2,0,1,1,1,0,1,1,0,1,0,0000000,20,30,99,99,99,99,0,0,0,2,1
26,260442,3,3,0,8,21,0,3,7,2010,7,19,36,0,3,2,US-12,,45,41.79888889,-86.633625000,0,12,2,0,1,1,1,0,1,1,0,1,0,0000000,19,43,19,47,99,99,0,0,0,1,1
26,260443,1,1,0,2,15,0,15,7,2010,5,14,40,0,5,4,CRESSEY,,21,42.42856944,-85.501919440,0,42,0,0,1,1,5,0,1,1,0,1,0,0000000,14,40,14,53,88,88,22,0,0,2,0
26,260444,2,2,0,5,65,0,16,7,2010,6,19,4,0,4,4,BARNES,EDGAR,52,42.52408333,-84.502597220,0,12,6,0,2,2,1,0,1,1,0,1,0,0000000,19,5,19,9,99,99,22,0,0,1,0
26,260445,2,2,0,3,129,0,10,4,2010,7,21,10,0,4,4,SHADY SHORES,,7,44.37385833,-83.984088890,0,12,7,0,1,1,1,0,2,1,0,1,0,0000000,99,99,99,99,99,99,22,0,0,1,0
26,260446,1,1,0,1,163,1260,21,4,2010,4,5,37,0,13,7,I-75 SERVICE DR,BEART ST,1,42.30461111,-83.111572220,0,33,0,0,3,1,4,0,3,1,0,1,0,0000000,99,99,99,99,99,99,0,0,0,1,0
26,260447,2,2,0,3,147,0,3,5,2010,2,19,1,0,6,3,SR-21,SR-19,105,42.99732778,-82.763283330,0,12,6,0,2,2,1,0,5,1,0,1,0,0000000,19,2,19,3,99,99,0,0,0,1,1
26,260448,2,2,0,2,155,0,20,7,2010,3,16,3,0,3,3,SR-13,,75,43.07048611,-83.928766670,0,12,2,0,1,1,2,0,1,1,0,1,0,0000000,99,99,99,99,88,88,0,0,0,1,0
26,260449,2,2,0,4,163,1260,19,7,2010,2,17,40,1,11,1,I-96,,130,42.37907778,-83.198100000,0,12,7,0,1,1,1,0,1,1,0,1,0,0000000,99,99,99,99,99,99,0,0,0,1,0
26,260450,1,1,1,1,163,1260,28,7,2010,4,10,14,1,12,3,SR-39,,149,42.43634167,-83.219666670,0,8,0,0,1,1,1,0,1,10,0,10,0,0000000,99,99,99,99,99,99,0,0,0,1,0
26,260451,1,1,0,2,3,0,1,8,2010,1,17,30,0,4,4,CO RD H-58,,242,46.52141944,-86.261461110,0,42,0,0,1,1,6,0,1,1,0,1,0,0000000,17,47,18,13,99,99,0,0,0,1,0
26,260452,1,1,0,1,85,0,3,8,2010,3,10,40,1,2,2,US-10,,231,43.88801944,-85.640202780,0,42,0,0,1,1,5,0,1,1,0,1,0,0000000,10,44,10,55,88,88,0,0,0,1,0
26,260453,1,1,2,1,67,4070,4,8,2010,4,10,12,0,4,6,W GRAND RIVER AVE,KENT ST,30,42.87051111,-84.902483330,0,8,0,0,3,2,1,0,1,10,0,10,0,0000000,10,12,10,17,99,99,0,0,0,1,1
26,260454,2,2,0,4,145,4350,30,3,2010,3,17,12,1,13,3,SR-58,HILL ST,4,43.43645278,-83.951436110,0,12,6,0,2,2,1,0,1,1,0,1,0,0000000,99,99,99,99,99,99,0,0,0,1,1
26,260455,2,2,0,2,47,0,28,5,2010,6,21,4,0,4,4,W ROBINSON RD,,42,45.56836111,-85.027822220,0,12,8,0,1,1,1,0,5,1,0,1,0,0000000,21,4,21,14,88,88,22,0,0,1,0
26,260456,2,2,0,3,93,0,21,6,2010,2,15,3,0,14,3,SR-36,,1,42.45186111,-83.785375000,0,12,2,0,1,1,1,0,1,1,0,1,0,0000000,15,6,15,13,99,99,0,0,0,1,0
26,260457,1,1,0,2,161,4799,20,6,2010,1,2,48,1,2,3,SR-14,,72,42.33691111,-83.609183330,0,1,0,0,1,1,5,0,2,1,0,1,0,0000000,99,99,99,99,99,99,0,0,0,1,1
26,260458,2,2,0,3,163,3140,24,6,2010,5,13,35,0,16,6,HANNA AVE,,7,42.28262222,-83.190766670,0,12,6,0,8,1,1,0,1,1,0,1,0,0000000,99,99,99,99,99,99,0,0,0,1,0
26,260459,2,2,0,4,163,4815,7,7,2010,4,15,51,0,13,6,ECORSE,,157,42.25621667,-83.241669440,0,12,6,0,8,1,1,0,1,1,0,1,0,0000000,15,52,15,56,99,99,0,0,0,1,1
26,260460,1,1,1,1,163,5176,4,8,2010,4,22,3,0,14,6,CHERRY HILL RD,WILDWOOD,85,42.31006667,-83.378900000,0,8,0,0,3,2,1,0,3,10,0,10,0,0000000,22,6,22,12,88,88,0,0,0,1,1
26,260461,1,1,1,1,125,4567,4,8,2010,4,23,14,1,12,3,SR-10,,86,42.46085556,-83.224277780,0,8,0,0,1,1,1,0,3,99,0,99,0,0000000,23,11,23,14,99,99,0,0,0,1,0
26,260462,1,1,1,2,125,2230,6,8,2010,6,23,0,1,11,1,I-75,,6,42.45556389,-83.095838890,0,8,0,0,1,1,1,0,2,1,0,1,0,0000000,23,0,23,11,88,88,0,0,0,1,0
26,260463,1,1,0,2,113,0,7,8,2010,7,1,16,0,5,4,E CUTCHEON RD,,43,44.40941389,-85.080486110,0,42,0,0,1,1,5,0,2,1,0,1,0,0000000,1,21,1,38,88,88,22,0,0,1,1
26,260464,1,1,0,1,29,0,7,8,2010,7,4,45,0,4,4,BEHLING,,34,45.17568889,-85.080336110,0,42,0,0,1,1,5,0,2,10,0,10,0,0000000,4,45,4,45,88,88,22,0,0,1,1
26,260465,2,2,0,5,125,0,6,8,2010,6,17,50,0,14,4,PONTIAC TRL,,61,42.50473889,-83.632200000,0,12,6,0,8,1,1,0,1,10,0,10,0,0000000,17,51,17,55,99,99,0,0,0,2,1
26,260466,1,1,1,1,73,0,7,8,2010,7,23,5,0,4,4,S WINN RD,,80,43.58327500,-84.907425000,0,9,0,0,1,1,1,0,2,1,0,1,0,0000000,23,7,23,23,88,88,0,0,0,1,0
26,260467,1,1,0,1,75,0,9,8,2010,2,17,6,0,15,4,SPRINGPORT RD,,30,42.29261111,-84.480377780,0,42,0,0,1,1,5,0,1,1,0,1,0,0000000,17,6,17,11,88,88,22,0,0,1,1
26,260468,2,2,0,2,47,0,10,8,2010,3,10,39,0,5,4,NORTH CONWAY,E HATHAWAY RD,10,45.43527500,-84.863286110,0,12,6,0,2,2,1,0,1,1,0,1,0,0000000,10,39,10,41,99,99,22,0,0,1,0
26,260469,2,2,0,2,163,5279,9,8,2010,2,23,50,0,14,6,VANHORN RD,,68,42.12635278,-83.218441670,0,12,1,0,1,1,1,0,2,1,0,1,0,0000000,23,58,0,0,99,99,0,0,0,1,1
26,260470,1,1,0,1,77,4030,10,8,2010,3,1,17,1,11,1,I-94,,86,42.23788333,-85.602347220,0,59,0,0,1,1,2,0,2,1,0,1,0,0000000,1,17,1,23,88,88,0,0,0,1,0
26,260471,2,2,0,2,67,0,11,8,2010,4,12,16,0,4,4,E GRAND RIVER AVE,KEEFER HWY,2,42.87142222,-84.956008330,0,12,6,0,2,2,1,0,1,2,0,2,0,0000000,12,17,12,25,88,88,0,0,0,1,0
26,260472,2,2,0,3,91,0,11,8,2010,4,9,50,0,5,4,MORENCI,MUNSON,1,41.70990278,-84.328555560,0,12,6,0,2,2,1,0,1,10,0,10,0,0000000,9,55,10,10,99,99,0,0,0,1,0
26,260473,1,1,0,1,163,90,12,8,2010,5,20,32,1,12,3,SR-39,,28,42.26741389,-83.224172220,0,18,0,0,1,1,1,1,3,10,0,10,0,0000000,20,33,99,99,88,88,20,0,0,1,1
26,260474,2,2,0,3,17,0,13,8,2010,6,22,27,0,3,3,SR-13,,169,43.77117778,-83.975425000,0,12,1,0,1,1,1,0,2,1,0,1,0,0000000,22,29,22,36,99,99,0,0,0,1,1
26,260476,1,1,0,2,91,0,13,8,2010,6,20,8,0,5,4,SHEPHERD RD,,3,41.97180000,-84.227133330,0,38,0,0,1,1,5,0,1,1,0,1,0,0000000,20,8,20,16,99,99,22,0,0,1,0
26,260477,1,1,0,1,1,2058,13,8,2010,6,23,22,0,14,4,CEDAR LAKE RD,,1,44.51319167,-83.340761110,0,1,0,0,1,1,5,0,2,1,0,1,0,0000000,23,27,23,39,88,88,0,0,0,1,1
26,260478,2,2,0,2,25,355,15,8,2010,1,8,47,0,5,4,N ULDRIKS DR,HAMILTON RD,33,42.40585556,-85.280097220,0,12,6,0,2,2,1,0,1,10,0,10,0,0000000,8,49,9,3,88,88,0,0,0,1,1
26,260479,1,1,0,2,33,325,14,8,2010,7,12,6,0,4,4,SALT POINT RD,,128,46.42324444,-84.909222220,0,1,0,0,1,1,5,0,1,1,0,1,0,0000000,12,12,12,41,99,99,0,0,0,1,0
26,260480,2,2,0,2,163,738,15,8,2010,1,1,35,1,11,1,I-275,,188,42.34478056,-83.440294440,0,12,1,0,1,1,1,0,2,10,0,10,0,0000000,99,99,99,99,99,99,0,0,0,1,1
26,260481,1,1,1,1,163,2850,9,8,2010,2,9,7,0,15,6,LYNDON,FARMINGTON,2,42.38989167,-83.373275000,0,9,0,0,3,2,1,0,1,10,0,10,0,0000000,9,8,9,10,99,99,0,0,0,1,0
26,260482,1,1,0,1,125,3632,13,8,2010,6,2,15,0,4,4,STONEY CREEK RD,,5,42.77618056,-83.188336110,0,42,0,0,1,1,5,0,2,1,0,1,0,0000000,2,19,2,24,88,88,22,0,0,1,1
26,260483,1,1,0,2,81,2010,14,8,2010,7,23,41,0,16,6,CAULFIELD AVE SW,,4,42.94644722,-85.678636110,0,59,0,0,1,1,4,0,3,1,0,1,0,0000000,23,41,23,44,99,99,20,0,0,2,0
26,260484,1,1,1,3,139,0,13,8,2010,6,21,25,0,14,4,COTTONWOOD,,22,42.91395833,-85.801025000,0,8,0,0,1,1,1,0,2,10,0,10,0,0000000,21,26,21,32,99,99,0,0,0,1,0
26,260485,1,1,0,2,163,1260,8,8,2010,1,3,30,0,14,6,CONANT AVE,,1,42.38616667,-83.039344440,0,30,0,0,1,1,4,0,3,10,0,10,0,0000000,99,99,99,99,99,99,0,0,0,1,0
26,260486,1,1,0,3,25,931,1,8,2010,1,16,26,0,4,4,22 MILE RD,,5,42.07964722,-84.855619440,0,42,0,0,1,1,5,0,1,1,0,1,0,0000000,99,99,99,99,99,99,0,0,0,1,0
26,260487,2,2,0,6,163,1260,20,8,2010,6,16,34,0,16,6,GLENFIELD,ANNSBURY,8,42.41292778,-82.986411110,0,12,6,0,2,2,1,0,1,1,0,1,0,0000000,99,99,99,99,99,99,0,0,0,1,1
26,260488,1,1,1,2,147,926,1,8,2010,1,21,30,0,6,4,ST CLAIR,,72,42.79986111,-82.592308330,0,9,0,0,1,1,1,0,2,1,0,1,0,0000000,99,99,99,99,99,99,0,0,0,1,0
26,260489,2,2,1,3,163,1933,6,8,2010,6,0,6,1,11,1,I-75,,22,42.09689167,-83.241533330,0,8,0,0,1,1,1,0,2,1,0,1,0,0000000,99,99,99,99,88,88,0,0,0,1,0
26,260490,1,1,0,1,163,1210,7,8,2010,7,21,30,0,13,6,OUTER DR,,14,42.27854167,-83.218788890,0,42,0,0,1,1,5,0,3,1,0,1,0,0000000,99,99,99,99,99,99,0,0,0,1,0
26,260491,1,1,0,1,81,0,10,8,2010,3,5,48,0,4,4,ALDEN NASH AVE,,57,42.79734444,-85.369102780,0,11,0,0,1,1,1,0,2,5,0,5,0,0000000,99,99,99,99,88,88,0,0,0,1,0
26,260493,1,1,0,1,163,1260,7,7,2010,4,2,42,1,11,1,I-75,,162,42.27555556,-83.160094440,0,59,0,0,1,1,3,0,3,1,0,1,0,0000000,99,99,99,99,88,88,0,0,0,1,1
26,260494,1,1,1,1,125,1652,25,7,2010,1,22,46,0,14,6,MIDDLEBELT RD,,16,42.46425833,-83.337419440,0,9,0,0,1,1,1,0,2,1,0,1,0,0000000,22,48,22,56,88,88,0,0,0,1,1
26,260495,2,2,0,2,121,0,11,8,2010,4,2,3,1,12,2,US-31,,222,43.40881111,-86.313836110,0,12,2,0,1,1,1,0,2,1,0,1,0,0000000,99,99,99,99,88,88,0,0,0,2,2
26,260496,2,2,0,2,21,0,13,8,2010,6,16,35,0,5,4,HINCHMAN RD,HOLDEN RD,10,41.97187222,-86.514066670,0,12,6,0,2,2,1,0,1,1,0,1,0,0000000,16,38,16,48,99,99,22,0,0,1,1
26,260497,2,2,0,2,103,0,14,8,2010,7,0,2,1,13,2,US-41,,192,46.48789167,-87.351313890,0,12,6,0,8,1,1,0,3,2,0,2,0,0000000,0,2,0,12,99,99,0,0,0,1,0
26,260498,1,1,0,3,51,0,14,8,2010,7,0,10,0,6,4,EATON RD,,5,44.04510556,-84.437200000,0,34,0,0,1,1,5,0,2,1,0,1,0,0000000,0,32,0,42,99,99,0,0,0,1,1
26,260499,3,3,0,12,31,0,13,8,2010,6,10,20,0,3,3,SR-68,,68,45.37422222,-84.506788890,0,12,1,0,1,1,1,0,1,1,0,1,0,0000000,10,24,10,32,99,99,0,0,0,1,0
26,260500,2,2,0,5,73,0,15,8,2010,1,22,49,0,14,4,ISABELLA RD,REMUS RD,23,43.59726944,-84.747680560,0,12,6,0,2,2,1,0,2,1,0,1,0,0000000,22,50,22,55,99,99,0,0,0,1,0
26,260501,2,2,0,4,21,0,16,8,2010,2,16,30,1,11,1,I-94,,374,42.16744444,-86.323377780,0,12,1,0,1,1,1,0,1,1,0,1,0,0000000,16,30,16,40,99,99,0,0,0,1,0
26,260502,3,3,0,6,93,2211,16,8,2010,2,9,9,0,4,4,OLD US-23,,176,42.67273611,-83.759847220,0,12,8,0,1,1,1,0,1,1,0,1,0,0000000,9,9,9,20,99,99,0,0,0,1,0
26,260503,1,1,0,1,115,0,16,8,2010,2,10,59,0,6,4,DOTY,,10,41.96269722,-83.536588890,0,34,0,0,1,1,5,0,1,1,0,1,0,0000000,11,8,11,15,88,88,0,0,0,1,0
26,260504,1,1,1,2,163,2430,16,8,2010,2,16,15,0,13,6,MIDDLEBELT,,113,42.27999444,-83.329208330,0,8,0,0,1,1,1,0,1,1,0,1,0,0000000,99,99,99,99,99,99,0,0,0,1,0
26,260505,1,1,2,1,59,0,18,8,2010,4,20,23,0,4,4,S HILLSDALE RD,,94,41.83687500,-84.631375000,0,9,0,0,1,1,1,0,1,1,0,1,0,0000000,20,25,20,36,99,99,22,0,0,1,1
26,260506,3,3,0,3,163,2850,20,8,2010,6,2,13,1,11,1,I-96,,46,42.38270833,-83.359400000,0,12,1,0,1,1,1,0,3,1,0,1,0,0000000,2,16,2,21,88,88,0,0,0,1,0
26,260507,1,1,1,1,163,1260,20,8,2010,6,23,16,1,12,3,SR-10,,112,42.33665833,-83.064905560,0,8,0,0,1,1,1,0,3,1,0,1,0,0000000,23,18,23,23,99,99,19,0,0,1,1
26,260508,1,1,0,2,163,5279,22,8,2010,1,2,25,0,14,6,VAN HORN,,59,42.12471111,-83.237163890,0,10,0,0,6,1,1,0,3,1,0,1,0,258116S,2,25,2,27,99,99,20,0,0,1,1
26,260509,1,1,1,1,81,5319,21,8,2010,7,5,37,0,13,6,CHICAGO DR,,45,42.93549167,-85.705183330,0,8,0,0,1,1,1,0,3,2,0,2,0,0000000,5,37,5,40,99,99,0,0,0,1,0
26,260510,1,1,0,1,121,3450,20,8,2010,6,0,54,0,16,6,OTTAWA ST,,1,43.23998611,-86.243905560,0,24,0,0,1,1,5,0,3,1,0,1,0,0000000,99,99,99,99,88,88,0,0,0,1,1
26,260511,1,1,0,1,145,0,23,8,2010,2,9,10,0,4,4,S HEMLOCK RD,,59,43.21470000,-84.228250000,0,1,0,0,1,1,5,0,7,10,0,10,0,0000000,99,99,99,99,88,88,0,0,0,1,1
26,260512,2,2,0,3,145,0,20,8,2010,6,12,22,0,4,4,PORTSMOUTH RD,HOLLAND RD,54,43.41434444,-83.837186110,0,12,6,0,2,2,1,0,1,10,0,10,0,0000000,12,20,12,25,99,99,0,0,0,1,0
26,260513,2,2,0,2,45,0,23,8,2010,2,22,15,0,14,3,SR-99,,170,42.65038889,-84.602880560,0,12,1,0,1,1,1,0,2,1,0,1,0,0000000,22,22,22,29,88,88,0,0,0,1,0
26,260514,1,1,0,1,149,0,24,8,2010,3,19,57,0,6,4,WALNUT DR,,56,41.95080000,-85.760725000,0,59,0,0,1,1,2,0,1,1,0,1,0,0000000,19,57,20,11,88,88,0,0,0,1,1
26,260515,1,1,0,1,81,4260,25,8,2010,4,13,33,0,16,6,SUMMIT,,2,43.12447500,-85.565816670,0,42,0,0,1,1,5,0,1,10,0,10,0,0000000,13,33,13,38,99,99,0,0,0,1,1
26,260516,2,2,0,3,63,0,24,8,2010,3,14,54,0,6,4,RICHARDSON,MOORE,118,43.83383889,-83.141397220,0,12,6,0,2,2,1,0,1,10,0,10,0,0000000,99,99,99,99,99,99,0,0,0,1,0
26,260517,1,1,0,4,163,1260,26,8,2010,5,22,30,1,12,3,SR-10,,1,42.39867222,-83.110219440,0,24,0,1,5,1,4,0,3,1,0,1,0,0000000,22,30,22,35,99,99,20,0,0,1,0
26,260518,2,2,0,5,81,2010,21,2,2010,1,1,5,0,14,6,BUS US-131,CHERRY ST,2,42.95970556,-85.671327780,0,12,6,0,2,2,1,0,3,10,0,10,0,0000000,1,7,1,15,99,99,0,0,0,1,1
26,260519,1,1,0,1,69,0,28,3,2010,1,10,20,0,4,4,KINGS CORNER,,21,44.51141111,-83.415755560,0,42,0,0,1,1,5,0,1,10,0,10,0,0000000,99,99,99,99,99,99,0,0,0,1,0
26,260520,1,1,0,2,157,0,29,3,2010,2,15,0,1,2,3,SR-25,,55,43.60979444,-83.599305560,0,42,0,0,1,1,4,0,1,1,0,1,0,0000000,99,99,99,99,99,99,0,0,0,1,0
26,260521,1,1,0,1,109,3170,9,5,2010,1,22,43,0,13,3,SR-35,,17,45.15376111,-87.596333330,0,42,0,0,1,1,5,0,2,10,0,10,0,0000000,22,45,22,55,88,88,0,0,0,1,0
26,260522,2,2,0,3,99,4731,9,6,2010,4,21,28,0,14,6,17 MILE,MOUND,20,42.57976111,-83.050227780,0,12,6,0,2,2,1,0,3,10,0,10,0,0000000,99,99,99,99,99,99,0,0,0,1,0
26,260523,2,2,0,3,163,1260,11,6,2010,6,19,30,0,13,6,7 MILE,,227,42.43477222,-82.990250000,0,12,6,0,8,1,1,0,1,1,0,1,0,0000000,99,99,99,99,99,99,0,0,0,1,0
26,260524,1,1,0,1,99,919,18,6,2010,6,19,29,0,14,4,JEFFERSON,,21,42.65457500,-82.801500000,0,53,0,0,1,1,4,0,1,1,0,1,0,0000000,19,30,19,36,99,99,0,0,0,1,1
26,260525,2,2,0,2,59,0,16,3,2010,3,11,20,0,3,3,SR-49,,126,41.87593333,-84.748080560,0,12,1,0,1,1,1,0,1,1,0,1,0,0000000,99,99,99,99,99,99,0,0,0,1,0
26,260526,2,2,0,3,147,4060,21,6,2010,2,15,40,0,14,6,GRATIOT,,21,43.02820833,-82.437394440,0,12,1,0,1,1,1,0,1,10,0,10,0,0000000,99,99,99,99,99,99,0,0,0,1,0
26,260527,1,1,1,1,81,2010,1,7,2010,5,22,25,0,13,6,LEONARD,GILL,1,42.98460833,-85.666061110,0,8,0,0,3,3,1,0,3,1,0,1,0,0000000,22,26,22,28,99,99,0,0,0,1,0
26,260528,1,1,0,1,63,0,26,7,2010,2,14,57,0,3,3,SR-25,,290,44.03518889,-82.863477780,0,11,0,0,1,1,1,0,1,1,0,1,0,0000000,14,57,99,99,99,99,0,0,0,1,0
26,260529,1,1,0,1,163,1260,1,7,2010,5,22,4,1,11,1,I-94,,265,42.35186111,-83.093386110,0,1,0,0,1,1,1,0,3,1,0,1,0,0000000,99,99,99,99,99,99,0,0,0,1,1
26,260530,1,1,0,1,125,0,6,7,2010,3,13,0,0,6,4,BUCKHORN LAKE,,2,42.72808333,-83.628036110,0,1,0,0,1,1,5,0,1,1,0,1,0,0000000,99,99,99,99,99,99,0,0,0,1,0
26,260531,2,2,0,3,49,1731,4,8,2010,4,12,34,0,14,4,VAN SLYKE,MARK,18,42.96965278,-83.712719440,0,12,6,0,2,3,1,0,1,10,0,10,0,0000000,99,99,99,99,99,99,0,0,0,1,0
26,260532,2,1,0,1,147,787,27,8,2010,6,0,26,1,1,1,I-94,,69,42.80711389,-82.637744440,0,14,0,1,18,1,5,1,2,1,0,1,0,0000000,99,99,99,99,88,88,0,0,0,1,1
26,260534,2,2,0,3,99,919,6,8,2010,6,14,20,0,14,4,JEFFERSON AVE,,21,42.65479722,-82.801194440,0,12,2,0,1,1,1,0,1,1,0,1,0,0000000,14,21,14,24,99,99,0,0,0,2,1
26,260535,1,1,1,1,125,490,19,8,2010,5,20,31,0,16,6,BOWERS,S OLD WOODWARD,1,42.54273611,-83.210316670,0,8,0,0,3,1,1,0,5,1,0,1,0,0000000,20,40,20,42,88,88,0,0,0,1,0
26,260537,2,1,0,1,49,1730,29,8,2010,1,1,58,0,16,6,TRUMBELL AVE,,2,43.04889722,-83.724380560,0,14,0,0,1,1,7,0,3,1,0,1,0,0000000,99,99,99,99,88,88,0,0,0,1,1
26,260538,2,2,0,2,151,0,30,8,2010,2,10,20,0,4,3,SR-19,E MARLETTE RD,149,43.33379444,-82.825197220,0,12,6,0,2,2,1,0,1,1,0,1,0,0000000,10,21,10,28,99,99,0,0,0,1,0