STATE,ST_CASE,VE_TOTAL,VE_FORMS,PEDS,PERSONS,COUNTY,CITY,DAY,MONTH,YEAR,DAY_WEEK,HOUR,MINUTE,NHS,ROAD_FNC,ROUTE,TWAY_ID,TWAY_ID2,MILEPT,LATITUDE,LONGITUD,SP_JUR,HARM_EV,MAN_COLL,RELJCT1,RELJCT2,TYP_INT,REL_ROAD,WRK_ZONE,LGT_COND,WEATHER1,WEATHER2,WEATHER,SCH_BUS,RAIL,NOT_HOUR,NOT_MIN,ARR_HOUR,ARR_MIN,HOSP_HR,HOSP_MN,CF1,CF2,CF3,FATALS,DRUNK_DR
26,260539,1,1,0,1,7,0,31,8,2010,3,2,59,0,4,4,SPRUCE RD,,60,44.94612778,-83.506247220,0,59,0,0,1,1,5,0,2,1,0,1,0,0000000,3,0,3,9,88,88,0,0,0,1,1
26,260540,1,1,0,1,57,0,30,8,2010,2,13,20,1,12,2,US-127,,188,43.37996944,-84.604302780,0,24,0,0,1,1,3,0,1,10,0,10,0,0000000,13,21,99,99,99,99,0,0,0,1,0
26,260541,1,1,1,1,149,0,31,8,2010,3,12,40,0,13,2,US-12,,158,41.79557500,-85.457341670,0,9,0,0,1,1,1,0,1,1,0,1,0,0000000,12,47,12,47,88,88,0,0,0,1,0
26,260542,1,1,0,1,163,2850,29,8,2010,1,20,28,0,16,6,ALLEN,KNOLSON,3,42.38839167,-83.426625000,0,42,0,0,3,1,5,0,2,1,0,1,0,0000000,20,28,20,37,99,99,0,0,0,1,0
26,260543,2,2,0,3,139,0,29,8,2010,1,22,20,0,6,4,104TH AVE,QUINCY ST,21,42.84130556,-86.039408330,0,12,6,0,2,2,1,0,2,1,0,1,0,0000000,22,24,22,28,99,99,0,0,0,1,0
26,260544,2,2,0,3,125,1652,27,8,2010,6,12,55,0,13,6,12 MILE RD,,84,42.49936389,-83.354227780,0,12,2,0,1,1,1,0,1,1,0,1,0,0000000,12,55,13,0,99,99,0,0,0,1,0
26,260545,2,2,0,3,49,0,7,8,2010,7,14,14,0,14,3,SR-57,LEWIS RD,127,43.17858889,-83.680141670,0,12,6,0,2,2,1,0,1,1,0,1,0,0000000,99,99,99,99,99,99,0,0,0,1,0
26,260546,1,1,0,1,93,0,9,8,2010,2,19,38,0,6,3,SR-36,,9,42.45799722,-84.045188890,0,42,0,0,1,1,5,0,1,1,0,1,0,0000000,99,99,99,99,99,99,0,0,0,1,1
26,260547,2,2,0,2,99,0,16,8,2010,2,0,11,1,2,3,SR-53,,209,42.83405833,-83.020419440,0,12,1,0,1,1,1,0,2,1,0,1,0,0000000,99,99,99,99,88,88,0,0,0,1,1
26,260548,2,2,0,2,101,2960,30,8,2010,2,11,15,0,14,6,MAPLE ST,4TH ST,46,44.24317778,-86.323975000,0,1,0,0,2,2,1,0,1,1,0,1,0,0000000,99,99,99,99,88,88,0,0,0,1,0
26,260549,1,1,0,1,55,4880,21,8,2010,7,13,25,0,4,3,SR-37,,58,44.84271111,-85.531697220,0,32,0,0,1,1,5,0,1,10,0,10,0,0000000,99,99,99,99,99,99,0,0,0,1,0
26,260550,1,1,0,1,81,0,30,8,2010,2,13,20,0,4,4,CEDAR SPRINGS AVE,,18,43.25477222,-85.551375000,0,53,0,0,1,1,5,0,1,1,0,1,0,0000000,99,99,99,99,88,88,0,0,0,1,0
26,260551,2,2,0,3,99,5110,26,8,2010,5,19,38,0,14,6,SCHOENHERR RD,,16,42.47138333,-82.986475000,0,12,2,0,1,1,1,0,1,1,0,1,0,0000000,19,37,19,40,99,99,0,0,0,1,1
26,260552,2,2,0,2,149,0,14,8,2010,7,0,43,0,4,4,CENTREVILLE/CONSTANT,,20,41.86347778,-85.623830560,0,12,1,0,1,1,1,0,2,1,0,1,0,0000000,99,99,99,99,88,88,0,0,0,1,1
26,260553,2,2,0,2,31,0,24,8,2010,3,11,33,0,3,3,SR-27,PAULY RD,133,45.60009167,-84.475041670,0,12,6,0,3,3,1,0,1,10,0,10,0,0000000,99,99,99,99,99,99,0,0,0,1,0
26,260554,1,1,1,1,163,1260,27,5,2010,5,20,25,0,13,6,7 MILE RD,LINDSAY,112,42.43016389,-83.213994440,0,8,0,0,3,2,1,0,3,1,0,1,0,0000000,99,99,99,99,99,99,0,0,0,1,0
26,260555,2,2,0,2,125,3628,30,8,2010,2,14,12,1,12,3,SR-5,,42,42.49502778,-83.446766670,0,12,7,0,1,1,1,0,1,1,0,1,0,0000000,99,99,99,99,88,88,0,0,0,1,0
26,260556,2,2,0,2,5,0,1,8,2010,1,2,48,0,4,4,56TH ST,,55,42.51364722,-86.091572220,0,12,2,0,1,1,1,0,2,1,0,1,0,0000000,99,99,99,99,99,99,0,0,0,1,1
26,260557,2,2,0,3,163,1260,15,8,2010,1,1,30,1,13,6,E MCNICHOLS,MAINE ST,243,42.41862222,-83.075141670,0,12,6,0,2,3,1,0,3,10,0,10,0,0000000,99,99,99,99,99,99,0,0,0,1,1
26,260558,1,1,1,1,163,4240,16,8,2010,2,10,7,0,14,6,KING RD,,59,42.15577778,-83.191383330,0,15,0,0,8,1,1,0,1,1,0,1,0,0000000,99,99,99,99,99,99,0,0,0,1,0
26,260559,1,1,0,5,163,4815,20,8,2010,6,19,12,1,12,1,I-75,,1,42.18609167,-83.243311110,0,1,0,0,1,1,5,0,1,1,0,1,0,0000000,99,99,99,99,99,99,0,0,0,1,1
26,260560,2,2,0,2,49,1731,31,8,2010,3,21,55,0,16,4,PASADENA AVE,LINDEN RD,7,43.04593333,-83.772794440,0,12,6,0,2,2,1,0,3,10,0,10,0,0000000,99,99,99,99,99,99,0,0,0,1,0
26,260561,2,2,0,2,75,0,1,9,2010,4,14,30,0,3,3,SR-60,CONCORD,44,42.18591389,-84.635550000,0,12,1,0,2,3,1,0,1,1,0,1,0,0000000,99,99,99,99,88,88,0,0,0,1,0
26,260563,1,1,0,5,157,0,4,9,2010,7,1,30,0,4,4,S KINGSTON RD,,27,43.36226667,-83.189336110,0,42,0,0,1,1,5,0,2,1,0,1,0,0000000,2,23,2,37,88,88,0,0,0,5,1
26,260564,1,1,0,2,147,0,4,9,2010,7,2,16,1,11,1,I-94,,238,42.99039167,-82.461158330,0,1,0,0,1,1,5,0,2,1,0,1,0,0000000,2,19,99,99,99,99,0,0,0,1,1
26,260565,1,1,0,2,47,0,4,9,2010,7,12,42,0,4,4,PINETREE TRL,,1,45.44902500,-85.046219440,0,43,0,0,1,1,5,0,1,10,0,10,0,0000000,12,42,12,48,99,99,0,0,0,1,0
26,260567,1,1,0,1,107,0,5,9,2010,1,9,10,0,3,3,SR-20,,9,43.69170556,-85.245916670,0,38,0,0,1,1,5,0,1,1,0,1,0,0000000,9,11,9,26,88,88,0,0,0,1,0
26,260568,1,1,0,1,143,0,5,9,2010,1,3,19,0,14,3,SR-55,,37,44.33003056,-84.783905560,0,33,0,0,8,1,4,0,2,1,0,1,0,0000000,3,19,3,25,99,99,0,0,0,1,1
26,260569,2,2,0,2,21,0,3,9,2010,6,21,30,0,4,3,SR-140,,7,41.86502500,-86.267897220,0,12,6,0,1,1,1,0,2,1,0,1,0,0000000,21,33,21,41,88,88,0,0,0,1,0
26,260570,2,2,0,5,17,0,6,9,2010,2,17,8,0,6,4,FRASER RD,KITCHEN RD,79,43.78216111,-84.007269440,0,12,6,0,2,2,1,0,1,1,0,1,0,0000000,17,9,17,11,99,99,0,0,0,1,0
26,260571,1,1,1,1,163,4815,7,9,2010,3,20,47,1,11,1,I-94,,162,42.26568889,-83.241494440,0,8,0,0,1,1,2,0,3,10,0,10,0,0000000,20,57,21,0,99,99,0,0,0,1,0
26,260572,2,2,0,2,17,0,1,9,2010,4,13,33,0,4,4,ERICKSON RD,9 MILE RD,53,43.79680278,-84.067133330,0,12,6,0,2,2,1,0,1,10,0,10,0,0000000,13,33,13,43,99,99,0,0,0,1,0
26,260573,1,1,0,1,157,0,7,9,2010,3,9,56,0,5,4,WALSH RD,,46,43.62870556,-83.252027780,0,59,0,0,1,1,4,0,1,1,0,1,0,0000000,9,56,10,11,99,99,0,0,0,1,0
26,260574,1,1,0,4,99,2181,5,9,2010,1,1,52,1,11,1,I-94,,123,42.60166389,-82.856361110,0,34,0,0,1,1,5,0,2,1,0,1,0,0000000,1,54,2,0,99,99,0,0,0,1,0
26,260575,1,1,0,1,149,0,6,9,2010,2,23,5,0,4,4,RIVERSIDE DR,,24,41.81024167,-85.715625000,0,42,0,0,1,1,5,0,2,1,0,1,0,0000000,99,99,99,99,88,88,0,0,0,1,1
26,260576,2,2,0,3,139,1110,8,9,2010,4,16,30,0,4,6,CLEVELAND ST,68TH AVE,56,43.07462222,-85.956900000,0,12,6,0,2,2,1,0,1,10,0,10,0,0000000,16,30,16,33,99,99,0,0,0,1,0
26,260577,1,1,0,1,25,310,10,9,2010,6,3,31,0,15,6,MEACHEM AVE,UPTON AVE,8,42.31790833,-85.199755560,0,42,0,0,3,3,5,0,3,1,0,1,0,0000000,3,31,3,32,88,88,0,0,0,1,1
26,260578,1,1,0,2,125,2230,12,9,2010,1,2,8,1,11,1,I-75,,15,42.46102222,-83.105850000,0,5,0,0,1,1,1,0,3,1,0,1,0,0000000,2,9,2,15,88,88,0,0,0,1,0
26,260579,1,1,0,3,161,4426,12,9,2010,1,16,59,0,4,4,SIX MILE RD,,61,42.40388333,-83.604208330,0,42,0,0,1,1,5,0,1,1,0,1,0,0000000,17,1,17,11,99,99,0,0,0,1,0
26,260580,2,2,0,6,93,0,11,9,2010,7,17,28,1,11,1,I-96,,22,42.64767500,-84.105019440,0,12,1,0,1,1,1,0,1,2,0,2,0,0000000,99,99,99,99,99,99,0,0,0,1,0
26,260581,1,1,1,1,81,5319,13,9,2010,2,8,35,1,13,3,SR-11,DEHOOP AVE SW,103,42.91359722,-85.695452780,0,15,0,0,3,2,1,0,1,1,0,1,0,0000000,8,35,8,38,88,88,0,0,0,1,0
26,260582,2,2,0,3,75,4648,13,9,2010,2,11,45,0,14,3,SR-60,MATHEWS RD,79,42.20114167,-84.569861110,0,12,6,0,2,2,1,0,1,1,0,1,0,0000000,11,50,11,55,99,99,0,0,0,1,1
26,260583,2,2,0,3,145,0,5,9,2010,1,8,48,0,14,4,TITTABAWASSEE RD,,169,43.48085000,-84.033472220,0,12,2,0,1,1,1,0,1,1,0,1,0,0000000,8,48,8,53,88,88,0,0,0,1,1
26,260584,1,1,0,1,155,0,15,9,2010,4,0,33,0,3,3,SR-52,,75,42.88305556,-84.221763890,0,34,0,0,1,1,5,0,2,10,0,10,0,0000000,0,37,0,39,88,88,0,0,0,1,0
26,260585,1,1,0,1,163,90,13,9,2010,2,7,10,1,11,1,I-94,,185,42.40545278,-82.958580560,0,1,0,0,1,1,3,0,4,1,0,1,0,0000000,7,21,7,23,99,99,0,0,0,1,0
26,260586,1,1,0,1,107,0,16,9,2010,5,3,5,0,4,3,SR-131,,113,43.61802778,-85.483975000,0,42,0,0,1,1,5,0,2,2,0,2,0,0000000,3,14,3,18,88,88,0,0,0,1,1
26,260587,1,1,0,1,49,1730,15,9,2010,4,3,2,1,11,1,I-475,,72,43.01926944,-83.684791670,0,25,0,0,1,1,3,0,3,1,0,1,0,0000000,3,2,3,10,88,88,0,0,0,1,0
26,260588,1,1,0,1,81,0,17,9,2010,6,2,50,0,6,4,SOLON,,33,43.22656944,-85.607272220,0,42,0,0,1,1,5,0,2,1,0,1,0,0000000,2,50,3,2,88,88,0,0,0,1,0
26,260590,1,1,0,1,135,0,19,9,2010,1,14,12,0,3,3,SR-72,,80,44.64484167,-84.231383330,0,34,0,0,1,1,5,0,1,1,0,1,0,0000000,13,41,13,45,88,88,0,0,0,1,0
26,260591,1,1,0,1,75,0,18,9,2010,7,22,11,0,3,3,SR-50,PARMA,34,42.39985000,-84.600433330,0,59,0,0,2,3,5,0,2,10,0,10,0,0000000,22,13,22,29,88,88,0,0,0,1,1
26,260592,1,1,1,4,115,0,19,9,2010,1,20,38,1,11,1,I-75,,178,41.96127778,-83.352586110,0,8,0,1,18,1,1,0,2,1,0,1,0,0000000,20,39,20,52,88,88,0,0,0,1,0
26,260593,1,1,0,1,163,2820,4,9,2010,7,1,3,1,13,3,SR-85,,128,42.24971667,-83.177488890,0,58,0,0,1,1,1,0,3,1,0,1,0,0000000,1,3,1,6,99,99,0,0,0,1,1
26,260594,1,1,0,1,21,0,19,9,2010,1,23,15,0,6,4,DEFIELD,,20,42.21798333,-86.310997220,0,42,0,0,1,1,4,0,2,1,0,1,0,0000000,23,15,23,20,88,88,0,0,0,1,1
26,260595,1,1,1,1,121,0,24,9,2010,6,2,25,0,3,4,WHITEHALL,,51,43.31980833,-86.261644440,0,8,0,0,1,1,1,0,3,10,0,10,0,0000000,2,30,2,40,88,88,0,0,0,1,0
26,260596,1,1,0,1,81,131,24,9,2010,6,14,40,0,4,4,7 MILE,,22,43.07261944,-85.734258330,0,1,0,0,1,1,5,0,1,10,0,10,0,0000000,14,40,14,45,88,88,0,0,0,1,0
26,260597,1,1,0,1,45,0,25,9,2010,7,1,12,0,3,3,SR-43,,40,42.75536389,-84.970750000,0,53,0,0,1,1,4,0,2,1,0,1,0,0000000,1,31,1,46,88,88,0,0,0,1,1
26,260598,1,1,0,1,17,0,25,9,2010,7,16,36,0,3,3,SR-13,,4,43.52739444,-83.881472220,0,34,0,0,1,1,5,0,1,10,0,10,0,0000000,16,37,16,41,88,88,0,0,0,1,1
26,260599,1,1,0,1,161,0,25,9,2010,7,21,26,1,1,1,I-94,,100,42.29794444,-83.937541670,0,23,0,0,1,1,3,0,2,1,0,1,0,0000000,99,99,99,99,88,88,0,0,0,1,0
26,260600,1,1,0,1,121,0,27,9,2010,2,10,3,1,2,2,US-31,,166,43.34649722,-86.247138890,0,1,0,0,1,1,5,0,1,1,0,1,0,0000000,99,99,99,99,88,88,0,0,0,1,0
26,260601,1,1,0,1,53,0,28,9,2010,3,22,23,0,4,4,POWDERHORN,,13,46.48905556,-90.083686110,0,35,0,0,1,1,4,0,2,1,0,1,0,0000000,22,23,22,29,99,99,0,0,0,1,1
26,260602,2,2,0,3,149,0,18,9,2010,7,17,59,1,13,2,US-131,SR-60,4,41.92705556,-85.652138890,0,12,6,0,2,2,1,0,1,10,0,10,0,0000000,18,1,18,3,88,88,20,0,0,1,1
26,260603,2,2,0,3,163,4295,19,9,2010,1,12,57,1,11,1,I-94,,115,42.24353056,-83.324097220,0,12,1,0,1,1,1,1,1,10,0,10,0,0000000,99,99,99,99,88,88,0,0,0,2,0
26,260604,2,2,0,2,163,4295,28,9,2010,3,5,48,1,11,1,I-275,,91,42.21573333,-83.410013890,0,12,11,0,1,1,1,0,2,10,0,10,0,0000000,5,48,5,58,99,99,19,0,0,1,0
26,260605,1,1,0,1,93,0,26,9,2010,1,2,50,0,16,4,HARTLAND RD,,1,42.78298333,-83.716347220,0,59,0,0,1,1,5,0,2,10,0,10,0,0000000,2,58,3,10,99,99,0,0,0,1,1
26,260606,2,2,0,4,163,1920,29,9,2010,4,14,10,0,13,6,E WARREN RD,,118,42.34016389,-83.324850000,0,12,1,0,1,1,1,0,1,1,0,1,0,0000000,14,14,14,16,99,99,0,0,0,1,0
26,260607,2,2,0,2,115,0,29,9,2010,4,18,40,0,14,4,LEWIS AVE,SMITH RD,4,41.73606667,-83.567158330,0,12,6,0,2,2,1,0,1,1,0,1,0,0000000,18,43,18,46,99,99,0,0,0,1,2
26,260608,2,2,0,2,25,310,29,9,2010,4,15,53,0,15,6,W TERRITORIAL AVE,,16,42.30472778,-85.218691670,0,12,2,0,1,1,1,0,1,1,0,1,0,0000000,15,54,16,4,99,99,0,0,0,1,1
26,260609,1,1,0,1,3,0,30,9,2010,5,16,46,0,6,4,HURRICANE TRUCK TRL,,1,46.60355278,-86.213519440,0,42,0,0,1,1,5,0,1,10,0,10,0,0000000,16,46,17,19,88,88,0,0,0,1,1
26,260610,2,2,0,2,75,2764,29,9,2010,4,13,15,0,16,4,WATTS,,12,42.25638056,-84.355783330,0,12,6,0,8,1,1,0,1,1,0,1,0,0000000,13,19,13,24,99,99,0,0,0,1,0
26,260611,1,1,0,1,139,4807,30,9,2010,5,22,14,0,15,4,LUCE ST,,3,42.95000833,-85.845958330,0,53,0,0,1,1,5,0,2,1,0,1,0,0000000,22,14,22,19,88,88,0,0,0,1,1
26,260612,2,2,0,2,165,0,29,9,2010,4,10,15,0,13,3,SR-34,CECIL,121,44.28109444,-85.396600000,0,12,6,0,2,2,1,0,1,10,0,10,0,0000000,10,15,10,15,99,99,0,0,0,1,0
26,260613,2,2,0,2,77,3727,27,9,2010,2,16,20,0,6,4,W J AVE,,5,42.30254722,-85.756058330,0,12,6,0,1,1,1,0,1,1,0,1,0,0000000,16,32,16,47,99,99,0,0,0,1,0
26,260614,1,1,0,1,115,0,6,9,2010,2,6,23,0,6,4,LABO,,7,42.02226389,-83.406658330,0,42,0,0,1,1,5,0,4,2,0,2,0,0000000,6,26,6,47,99,99,0,0,0,1,0
26,260615,1,1,0,1,81,0,5,9,2010,1,9,0,0,6,4,CUMBERLAND,BENNETT,16,42.95095833,-85.390944440,0,35,0,0,3,3,5,0,1,1,0,1,0,0000000,99,98,99,98,88,88,0,0,0,1,0
26,260616,2,2,0,2,81,0,8,9,2010,4,8,57,0,15,4,CANNONSBURG,,88,43.05693333,-85.555633330,0,12,2,0,1,1,1,0,1,10,0,10,0,0000000,99,99,99,99,99,99,0,0,0,1,0
26,260617,1,1,0,1,149,0,10,9,2010,6,23,55,0,4,4,COLON,,44,41.96019167,-85.331905560,0,59,0,0,1,1,2,0,2,1,0,1,0,0000000,99,99,99,99,99,99,0,0,0,1,1
26,260618,1,1,1,1,149,3625,12,9,2010,1,17,26,0,4,4,NOTTAWA,TRUCKENMILLER,40,41.92627500,-85.448711110,0,9,0,0,3,3,1,0,1,1,0,1,0,0000000,99,99,99,99,99,99,0,0,0,1,0
26,260619,1,1,0,3,121,0,13,9,2010,2,16,14,0,4,4,SQUIRES,,3,43.28295278,-85.908150000,0,34,0,0,1,1,5,0,1,1,0,1,0,0000000,16,14,16,28,99,99,0,0,0,1,0
26,260620,1,1,0,2,49,1980,11,9,2010,7,2,41,0,16,4,VASSAR,,9,42.95956389,-83.573813890,0,34,0,0,1,1,5,0,2,10,0,10,0,0000000,99,99,99,99,99,99,0,0,0,1,1
26,260621,2,2,0,2,15,0,13,9,2010,2,20,30,0,3,3,SR-37,PEETS,54,42.67474444,-85.427283330,0,12,6,0,2,3,1,0,2,10,0,10,0,0000000,99,99,99,99,88,88,22,0,0,1,1
26,260622,2,2,0,6,147,3080,13,9,2010,2,18,5,1,13,3,SR-25,HURON,149,42.91382222,-82.490608330,0,12,2,0,2,2,1,0,1,1,0,1,0,0000000,99,99,99,99,99,99,0,0,0,1,0
26,260623,1,1,0,1,163,4766,15,9,2010,4,20,12,0,15,4,WILLIS,,31,42.16051667,-83.481041670,0,18,0,0,1,1,1,0,2,1,0,1,0,0000000,99,99,99,99,99,99,0,0,0,1,0
26,260624,1,1,2,1,59,3381,18,9,2010,7,21,6,0,4,4,KNOWLES,,49,42.01314444,-84.526233330,0,8,0,0,1,1,1,0,2,1,0,1,0,0000000,99,99,99,99,99,99,0,0,0,1,0
26,260625,2,2,0,4,163,1260,19,9,2010,1,23,10,1,13,3,SR-3,,63,42.41384167,-82.991644440,0,12,1,0,1,1,1,0,3,10,0,10,0,0000000,99,99,99,99,99,99,0,0,0,1,1
26,260626,2,2,0,3,99,0,19,9,2010,1,16,44,0,4,4,NORTH,33 MILE,135,42.82090278,-82.883605560,0,12,1,0,2,3,1,0,1,1,0,1,0,0000000,99,99,99,99,99,99,0,0,0,1,0
26,260627,2,2,0,2,163,1260,22,9,2010,4,16,40,1,13,2,US-24,,173,42.43874444,-83.278844440,0,12,2,0,1,1,1,0,1,10,0,10,0,0000000,99,99,99,99,99,99,0,0,0,1,0
26,260628,1,1,0,2,51,0,25,10,2010,2,14,5,0,6,4,CEDAR LAKE,,23,44.09447500,-84.348822220,0,34,0,0,1,1,4,0,1,10,0,10,0,0000000,14,9,14,23,99,99,22,0,0,1,1
26,260629,1,1,0,2,129,0,11,7,2010,1,15,15,0,16,4,TIMBER LANE,,7,44.20781389,-84.055152780,0,42,0,0,1,1,5,0,1,10,0,10,0,0000000,15,34,15,39,99,99,0,0,0,1,0
26,260630,2,2,0,2,145,0,31,7,2010,7,10,50,0,4,4,GASPER RD,VOLKMER RD,43,43.18963333,-84.050683330,0,12,6,0,2,2,1,0,1,2,0,2,0,0000000,10,50,11,0,99,99,0,0,0,1,0
26,260631,1,1,1,1,163,1260,11,8,2010,4,13,58,1,11,1,I-75/DAVISON RAMP,,1,42.40803056,-83.080563890,0,9,0,1,5,1,1,0,1,1,0,1,0,0000000,99,99,99,99,99,99,0,0,0,1,0
26,260632,2,2,0,2,149,0,13,9,2010,2,18,50,0,3,3,SR-60,,112,42.00715556,-85.433672220,0,12,8,0,1,1,1,0,1,1,0,1,0,0000000,99,99,99,99,99,99,0,0,0,1,2
26,260633,2,2,0,2,147,0,28,9,2010,3,14,29,1,11,1,I-94,,240,42.99041389,-82.456108330,0,12,1,0,1,1,1,0,1,2,0,2,0,0000000,99,99,99,99,88,88,0,0,0,1,0
26,260634,2,2,0,5,81,2553,2,10,2010,7,1,19,1,13,3,SR-37,44TH ST SE,60,42.88362222,-85.565111110,0,12,6,0,2,2,1,0,3,2,0,2,0,0000000,1,22,1,44,99,99,0,0,0,1,0
26,260636,1,1,1,1,155,0,2,10,2010,7,19,26,0,4,3,SR-78,,44,42.81466111,-84.283188890,0,9,0,0,1,1,1,0,5,2,0,2,0,0000000,19,26,19,35,99,99,0,0,0,1,0
26,260637,1,1,0,4,115,0,2,10,2010,7,0,14,0,15,4,POINTE AUX PEAUX,,10,41.95210278,-83.280941670,0,34,0,0,1,1,4,0,2,10,0,10,0,0000000,99,99,99,99,99,99,0,0,0,1,1
26,260638,1,1,0,1,77,4030,4,10,2010,2,6,53,1,13,6,S WESTNEDGE AVE,,22,42.23674444,-85.589525000,0,20,0,0,1,1,3,0,3,1,0,1,0,0000000,6,54,6,59,88,88,0,0,0,1,0
26,260639,1,1,0,2,5,0,29,9,2010,4,22,7,0,6,4,126TH,,45,42.60797778,-86.163013890,0,42,0,0,1,1,5,0,2,1,0,1,0,0000000,22,9,22,16,99,99,22,0,0,1,0
26,260640,1,1,0,2,7,0,4,10,2010,2,6,50,0,6,4,LAKE WINYAH RD,,14,45.09061944,-83.509213890,0,35,0,0,1,1,5,0,4,1,0,1,0,0000000,6,53,7,2,99,99,0,0,0,1,1
26,260641,2,2,0,3,125,0,3,10,2010,1,11,40,0,15,4,MILFORD RD,MILL RIVER BLVD,22,42.49418333,-83.614525000,0,12,6,0,2,3,1,0,1,10,0,10,0,0000000,11,40,11,49,99,99,0,0,0,1,0
26,260642,2,2,0,4,117,0,4,10,2010,2,14,55,0,6,3,SR-46,YOUNGMAN RD,65,43.43138333,-85.283250000,0,12,6,0,2,2,1,0,1,1,0,1,0,0000000,15,0,15,2,99,99,0,0,0,1,0
26,260643,2,2,0,4,117,0,4,10,2010,2,10,55,1,2,3,SR-82,WEST COUNTY LINE RD,324,43.39574722,-85.562563890,0,12,6,0,2,2,1,0,1,1,0,1,0,0000000,10,57,11,11,99,99,0,0,0,2,0
26,260644,2,2,0,2,21,4564,4,10,2010,2,20,28,0,3,4,SODUS PKWY,,29,42.04975000,-86.369969440,0,12,2,0,1,1,1,0,2,1,0,1,0,0000000,99,99,99,99,99,99,0,0,0,1,1
26,260645,1,1,0,2,145,546,5,10,2010,3,20,30,0,4,4,BRANT RD,,75,43.25915556,-84.221250000,0,11,0,0,1,1,1,0,2,1,0,1,0,0000000,20,29,20,46,99,99,0,0,0,1,1
26,260646,2,2,0,3,33,0,6,10,2010,4,12,50,1,2,3,SR-28,SR-123,108,46.34559167,-85.030886110,0,12,6,0,2,2,1,0,1,1,0,1,0,0000000,12,54,99,99,99,99,0,0,0,1,0
26,260647,1,1,0,1,115,0,6,10,2010,4,18,36,0,4,4,ANN ARBOR RD,,25,41.99479444,-83.673327780,0,34,0,0,1,1,5,0,5,1,0,1,0,0000000,18,40,18,44,88,88,0,0,0,1,1
26,260648,1,1,1,1,81,2010,7,10,2010,5,14,50,0,15,6,PERKINS AVE NE,LEONARD ST NE,1,42.98440278,-85.620258330,0,8,0,0,3,3,1,0,1,1,0,1,0,0000000,14,50,14,51,88,88,0,0,0,1,0
26,260649,1,1,1,1,99,2933,7,10,2010,5,2,47,0,14,4,21 MILE RD,,68,42.64347500,-82.906341670,0,8,0,0,1,1,1,0,2,10,0,10,0,0000000,2,49,2,55,99,99,0,0,0,1,0
26,260650,1,1,0,1,67,0,8,10,2010,6,17,48,0,6,4,MAYNARD RD,,17,42.89293333,-84.911327780,0,34,0,0,1,1,5,0,1,1,0,1,0,0000000,17,50,17,58,88,88,0,0,0,1,1
26,260651,1,1,0,4,83,0,9,10,2010,7,13,15,0,3,2,US-41,,148,47.42894444,-87.983505560,0,24,0,0,1,1,4,0,1,1,0,1,0,0000000,13,18,13,49,99,99,0,0,0,1,0
26,260652,1,1,0,1,145,0,10,10,2010,1,10,0,0,6,4,W BURT RD,,25,43.23446667,-84.001283330,0,42,0,0,1,1,5,0,1,1,0,1,0,0000000,99,99,99,99,99,99,22,0,0,1,0
26,260653,2,2,0,4,35,0,9,10,2010,7,17,20,0,3,3,SR-61,KIRBY AVE,4,44.04461667,-85.074533330,0,12,6,0,2,3,1,0,1,1,0,1,0,0000000,17,28,17,39,88,88,22,0,0,1,1
26,260654,2,2,0,4,163,4815,27,10,2010,4,14,20,0,13,6,ECORSE,WILLIAM,154,42.25611389,-83.246602780,0,12,6,0,2,3,1,0,1,1,0,1,0,0000000,14,21,14,24,99,99,0,0,0,2,0
26,260655,2,2,0,9,93,0,10,10,2010,1,15,29,1,12,2,US-23,,43,42.48864167,-83.757136110,0,12,2,0,1,1,1,0,1,1,0,1,0,0000000,15,29,15,34,99,99,0,0,0,5,0
26,260656,2,2,0,3,163,0,6,10,2010,4,3,43,1,13,3,SR-85,OLD FORT RD,16,42.09939722,-83.225116670,0,12,6,0,2,2,1,0,2,1,0,1,0,0000000,3,44,3,47,99,99,0,0,0,1,1
26,260657,1,1,0,1,41,0,10,10,2010,1,21,20,0,4,4,D RD,,95,45.73611944,-87.304819440,0,11,0,0,1,1,1,0,2,1,0,1,0,0000000,21,23,21,40,99,99,0,0,0,1,0
26,260658,1,1,1,1,161,0,11,10,2010,2,11,42,1,13,3,SR-17,,42,42.25163611,-83.668638890,0,8,0,0,1,1,1,0,1,1,0,1,0,0000000,11,46,11,48,99,99,0,0,0,1,0
26,260659,1,1,0,2,65,0,1,10,2010,6,18,30,0,6,4,HOWELL,EDGAR,1,42.59656667,-84.503275000,0,42,0,0,3,3,5,0,1,10,0,10,0,0000000,18,30,18,50,99,99,0,0,0,1,1
26,260660,2,2,0,4,45,0,23,4,2010,6,23,21,0,3,3,SR-50,VERMONTVILLE,143,42.62596111,-84.864405560,0,12,6,0,2,2,1,0,2,1,0,1,0,0000000,23,25,23,30,99,99,0,0,0,1,1
26,260661,1,1,0,1,163,1260,17,5,2010,2,1,40,1,11,1,I-96,,1,42.38516944,-83.156686110,0,30,0,0,1,1,3,0,3,10,0,10,0,0000000,99,99,99,99,99,99,0,0,0,1,1
26,260662,1,1,1,2,163,1260,1,6,2010,3,22,41,0,14,6,NEVADA,CONLEY,30,42.42603056,-83.051641670,0,8,0,0,3,3,1,0,3,1,0,1,0,0000000,99,99,99,99,99,99,0,0,0,1,0