STATE,ST_CASE,VE_TOTAL,VE_FORMS,PEDS,PERSONS,COUNTY,CITY,DAY,MONTH,YEAR,DAY_WEEK,HOUR,MINUTE,NHS,ROAD_FNC,ROUTE,TWAY_ID,TWAY_ID2,MILEPT,LATITUDE,LONGITUD,SP_JUR,HARM_EV,MAN_COLL,RELJCT1,RELJCT2,TYP_INT,REL_ROAD,WRK_ZONE,LGT_COND,WEATHER1,WEATHER2,WEATHER,SCH_BUS,RAIL,NOT_HOUR,NOT_MIN,ARR_HOUR,ARR_MIN,HOSP_HR,HOSP_MN,CF1,CF2,CF3,FATALS,DRUNK_DR
26,260663,1,1,1,1,163,1260,21,7,2010,4,22,15,1,13,3,SR-5,PREVOST,36,42.39444722,-83.202863890,0,8,0,1,3,2,1,0,3,1,0,1,0,0000000,99,99,99,99,99,99,0,0,0,1,0
26,260664,2,2,0,5,163,1260,22,7,2010,5,18,45,0,14,6,MCGRAW,WESTERN,2,42.33024167,-83.153794440,0,12,6,0,3,3,1,0,1,2,0,2,0,0000000,99,99,99,99,99,99,0,0,0,1,0
26,260665,2,1,1,1,163,1260,3,8,2010,3,13,25,1,13,2,US-12,29TH ST,45,42.33120556,-83.106011110,0,18,0,0,3,2,7,0,1,1,0,1,0,0000000,99,99,99,99,99,99,0,0,0,1,0
26,260666,1,1,0,1,15,2220,28,8,2010,7,17,44,0,14,3,SR-37,,9,42.64857222,-85.307775000,0,35,0,0,1,1,4,0,1,1,0,1,0,0000000,99,99,99,99,88,88,0,0,0,1,0
26,260668,2,2,0,3,85,0,14,8,2010,7,10,30,0,4,4,FRANK SMITH,,20,43.95976944,-85.652461110,0,12,2,0,1,1,1,0,1,10,0,10,0,0000000,99,99,99,99,99,99,0,0,0,1,0
26,260669,2,2,0,2,163,1260,26,9,2010,1,3,45,1,13,6,E WARREN,FRENCH,50,42.38478889,-82.990530560,0,12,6,0,2,2,1,0,3,1,0,1,0,0000000,99,99,99,99,99,99,0,0,0,1,0
26,260670,1,1,0,1,143,0,23,9,2010,5,11,55,0,4,4,GREENWOOD RD,,13,44.17532222,-84.372377780,0,42,0,0,1,1,5,0,1,10,0,10,0,0000000,99,99,99,99,99,99,22,0,0,1,0
26,260671,2,2,0,3,59,0,12,10,2010,3,8,18,0,5,4,JEROME RD,,27,41.93763889,-84.459386110,0,12,8,0,1,1,1,0,1,1,0,1,0,0000000,8,22,8,27,99,99,0,0,0,1,0
26,260672,1,1,0,1,159,0,11,10,2010,2,18,0,1,1,1,I-94,,118,42.19116111,-85.993422220,0,57,0,0,1,1,3,0,1,1,0,1,0,0000000,99,99,99,99,88,88,0,0,0,1,0
26,260673,1,1,0,3,163,1260,29,8,2010,1,5,40,0,14,6,SCHOOLCRAFT,,127,42.38693611,-83.203608330,0,42,0,0,1,1,5,0,4,1,0,1,0,0000000,99,99,99,99,99,99,0,0,0,1,0
26,260674,2,2,0,2,45,4100,17,9,2010,6,22,41,0,14,6,LANSING,COTTAGE,65,42.62310556,-84.740130560,0,12,6,0,2,2,1,0,2,1,0,1,0,0000000,22,42,22,47,99,99,0,0,0,1,0
26,260675,1,1,1,1,49,1730,11,10,2010,2,19,24,0,14,6,S CHEVROLET,GLENWOOD AVE,1,43.00743611,-83.707441670,0,8,0,0,3,2,1,0,5,10,0,10,0,0000000,19,25,19,35,99,99,0,0,0,1,0
26,260676,1,1,0,3,65,0,13,10,2010,4,1,30,0,4,4,WILLIAMSTON,,43,42.56581111,-84.298316670,0,59,0,0,1,1,5,0,2,1,0,1,0,0000000,1,30,1,48,99,99,22,0,0,1,1
26,260677,2,2,0,4,139,0,13,10,2010,4,12,19,0,16,4,NEW HOLLAND ST,168TH AVE,5,42.85538611,-86.197986110,0,12,6,0,2,2,1,0,1,10,0,10,0,0000000,12,20,12,26,99,99,0,0,0,1,0
26,260678,1,1,1,2,125,4251,13,10,2010,4,19,9,0,14,6,AUBURN RD,,58,42.63485000,-83.177538890,0,8,0,0,1,1,1,0,2,2,0,2,0,0000000,19,9,19,11,99,99,0,0,0,1,0
26,260679,1,1,0,5,11,0,16,10,2010,7,8,42,1,11,1,I-75,,129,44.07950833,-84.097863890,0,1,0,0,1,1,3,0,1,1,0,1,0,0000000,99,99,99,99,99,99,0,0,0,2,0
26,260680,1,1,0,1,125,2935,16,10,2010,7,17,57,0,16,6,COUZENS AVE,,1,42.49964167,-83.094988890,0,33,0,0,1,1,4,0,1,1,0,1,0,0000000,17,59,18,3,88,88,0,0,0,1,1
26,260681,1,1,0,1,75,5283,17,10,2010,1,11,48,0,4,4,CLEAR LAKE RD,,46,42.34424167,-84.141375000,0,59,0,0,1,1,5,0,1,1,0,1,0,0000000,11,48,12,0,88,88,0,0,0,1,0
26,260682,1,1,1,1,125,0,17,10,2010,1,20,5,0,15,4,ANDERSONVILLE RD,,7,42.72252500,-83.480575000,0,8,0,0,1,1,1,0,2,1,0,1,0,0000000,20,6,20,13,88,88,0,0,0,1,0
26,260683,2,2,0,6,115,0,3,10,2010,1,14,40,1,2,2,US-223,BACON RD,39,41.79803056,-83.691361110,0,12,2,1,3,2,1,0,1,1,0,1,0,0000000,14,43,14,54,99,99,0,0,0,1,0
26,260684,2,2,0,2,67,0,17,10,2010,1,13,54,0,3,3,SR-44,,51,43.08773056,-85.212375000,0,12,2,0,1,1,1,0,1,1,0,1,0,0000000,99,99,99,99,88,88,0,0,0,1,0
26,260685,1,1,1,1,115,0,17,10,2010,1,1,12,0,14,3,SR-125,,188,41.97230833,-83.373458330,0,9,0,0,1,1,1,0,2,1,0,1,0,0000000,1,16,1,20,88,88,0,0,0,1,0
26,260686,2,2,0,3,81,0,10,10,2010,1,14,5,0,15,4,KNAPP ST,GRAND RIVER DR NE,47,43.00571944,-85.547225000,0,12,2,0,2,2,1,0,1,1,0,1,0,0000000,14,8,14,16,99,99,0,0,0,1,0
26,260687,1,1,1,1,125,4020,12,10,2010,3,5,46,0,16,6,HIGHWOOD,WALTON,7,42.67721389,-83.290063890,0,9,0,0,3,3,1,0,2,10,0,10,0,0000000,5,47,5,50,99,99,0,0,0,1,0
26,260688,2,2,0,3,117,0,19,10,2010,3,8,15,0,6,4,N NEFF RD,N MCBRIDE RD,40,43.35028611,-85.024436110,0,12,6,0,2,2,1,0,1,1,0,1,0,0000000,8,17,8,24,99,99,0,0,0,2,0
26,260689,1,1,0,1,161,0,14,10,2010,5,16,36,0,4,4,N TERRITORIAL RD,,68,42.39186944,-83.955311110,0,1,0,0,1,1,5,0,1,10,0,10,0,0000000,16,36,16,45,88,88,0,0,0,1,1
26,260690,1,1,0,1,71,4680,15,10,2010,6,21,15,0,3,3,SR-189,,21,46.01185000,-88.637116670,0,34,0,0,1,1,5,0,2,1,0,1,0,0000000,99,99,99,99,88,88,0,0,0,1,1
26,260691,1,1,0,1,157,4915,19,10,2010,3,13,45,0,4,4,HART RD,,46,43.39238056,-83.679875000,0,34,0,0,1,1,5,0,1,1,0,1,0,0000000,13,47,13,57,99,99,22,0,0,1,1
26,260692,1,1,0,3,93,0,21,10,2010,5,2,36,1,11,1,I-96,,220,42.53446389,-83.768402780,0,24,0,0,1,1,4,0,2,1,0,1,0,0000000,2,38,2,47,99,99,0,0,0,1,1
26,260693,1,1,0,2,87,0,21,10,2010,5,12,12,0,4,4,BOWERS RD,,95,43.05940000,-83.272125000,0,24,0,0,1,1,4,0,1,10,0,10,0,0000000,12,14,12,18,99,99,0,0,0,1,0
26,260694,1,1,0,1,45,0,23,10,2010,7,7,59,0,6,4,NIXON RD,,14,42.62897778,-84.701241670,0,59,0,0,1,1,4,0,2,10,0,10,0,0000000,8,0,8,10,88,88,0,0,0,1,1
26,260695,3,3,0,3,21,0,23,10,2010,7,20,12,0,13,4,NAPIER AVE,FAIRPLAIN AVE,11,42.08718333,-86.465591670,0,12,6,0,2,2,1,0,3,1,0,1,0,0000000,20,14,20,16,99,99,0,0,0,1,2
26,260696,1,1,0,1,41,1940,23,10,2010,7,23,22,0,15,6,29TH ST,,1,45.84195000,-87.048005560,0,59,0,0,1,1,5,0,2,2,0,2,0,0000000,23,23,23,25,88,88,0,0,0,1,1
26,260697,2,2,0,2,147,0,20,10,2010,4,16,55,0,4,4,YALE,,49,43.12826944,-82.862663890,0,12,2,0,1,1,1,0,1,10,0,10,0,0000000,17,1,17,5,88,88,0,0,0,1,0
26,260698,2,2,0,2,77,2520,19,10,2010,3,22,9,1,13,3,SR-331,VINE,55,42.28408333,-85.589575000,0,12,6,0,2,2,1,0,3,10,0,10,0,0000000,99,99,99,99,99,99,20,0,0,1,0
26,260699,2,2,0,3,91,2390,20,10,2010,4,16,36,1,2,2,US-127,SR-34,102,41.85501944,-84.361819440,0,12,6,0,2,2,1,0,1,10,0,10,0,0000000,16,36,16,40,88,88,0,0,0,2,0
26,260700,2,2,0,2,163,1260,22,10,2010,6,14,30,1,12,3,SR-39,,139,42.42241111,-83.218958330,0,54,11,0,1,1,1,0,1,1,0,1,0,0000000,88,88,88,88,88,88,14,0,0,1,0
26,260701,1,1,1,1,125,0,23,10,2010,7,17,14,1,11,1,I-96,,56,42.50475556,-83.566538890,0,8,0,0,1,1,2,0,1,1,0,1,0,0000000,17,15,99,99,88,88,0,0,0,1,0
26,260702,5,5,0,7,161,0,26,10,2010,3,16,39,0,14,3,SR-17,HARRIS,12,42.23493333,-83.582666670,0,12,6,0,2,2,1,0,1,1,0,1,0,0000000,16,40,16,47,99,99,19,0,0,1,1
26,260703,2,2,0,4,49,1931,27,10,2010,4,17,57,0,15,4,BELSAY,CARPENTER,85,43.08443333,-83.597300000,0,12,6,0,2,2,1,0,1,10,0,10,0,0000000,17,58,18,3,99,99,0,0,0,3,0
26,260704,1,1,0,4,17,0,31,10,2010,1,1,30,0,6,4,KITCHEN RD,,43,43.77450000,-83.937875000,0,1,0,0,1,1,1,0,2,1,0,1,0,0000000,1,30,1,41,99,99,0,0,0,1,1
26,260705,1,1,0,1,147,0,3,10,2010,1,4,36,0,3,4,CAPAC RD,,67,42.98059444,-82.928616670,0,1,0,0,1,1,5,0,2,10,0,10,0,0000000,4,36,4,41,99,99,0,0,0,1,0
26,260706,1,1,0,2,53,0,29,10,2010,6,1,45,1,2,3,SR-28,,252,46.54888611,-89.745030560,0,1,0,0,1,1,5,0,2,1,0,1,0,0000000,1,45,2,5,99,99,0,0,0,1,1
26,260707,1,1,0,1,81,5319,31,10,2010,1,2,52,1,12,2,US-131 RAMP 005C,,3,42.87087222,-85.680825000,0,52,0,1,5,1,4,0,2,1,0,1,0,0000000,99,99,99,99,88,88,0,0,0,1,1
26,260708,1,1,0,1,161,0,25,10,2010,2,5,42,0,15,4,CHERRY HILL RD,GALE RD,6,42.30354722,-83.653672220,0,34,0,0,3,3,4,0,2,1,0,1,0,0000000,5,45,5,55,99,99,0,0,0,1,0
26,260709,1,1,0,2,121,0,29,10,2010,6,16,38,1,2,2,US-31,,148,43.32279444,-86.237513890,0,1,0,0,1,1,5,0,1,1,0,1,0,0000000,99,99,99,99,99,99,0,0,0,1,1
26,260710,4,4,0,6,17,0,26,10,2010,3,12,53,1,13,3,SR-25,PINE,27,43.59420278,-83.837125000,0,12,6,0,2,2,1,0,1,2,0,2,0,0000000,12,54,12,59,99,99,0,0,0,2,0
26,260711,1,1,0,1,59,0,1,10,2010,6,14,6,0,4,4,STATE RD,,26,41.95621111,-84.532494440,0,42,0,0,1,1,5,0,1,1,0,1,0,0000000,99,99,99,99,99,99,0,0,0,1,0
26,260712,1,1,0,2,159,0,7,10,2010,5,0,0,0,6,4,26TH AVE,,6,42.32471667,-85.867963890,0,1,0,0,1,1,5,0,2,1,0,1,0,0000000,99,99,99,99,99,99,22,0,0,1,1
26,260713,2,1,0,1,163,1260,8,10,2010,6,20,20,0,16,6,GRANDVILLE,,1,42.33297778,-83.228925000,0,14,0,0,1,1,7,0,2,1,0,1,0,0000000,99,99,99,99,99,99,0,0,0,1,0
26,260714,2,2,0,4,41,1590,25,10,2010,2,14,19,1,13,2,US-2,5TH,181,45.75213611,-87.077866670,0,12,2,0,2,2,1,0,1,10,0,10,0,0000000,14,20,14,22,99,99,0,0,0,1,0
26,260715,1,1,0,2,107,0,13,10,2010,4,20,55,0,6,4,183RD AVE,,12,43.64862778,-85.449097220,0,42,0,0,1,1,5,0,2,1,0,1,0,0000000,20,59,21,5,99,99,22,0,0,1,0
26,260717,1,1,0,1,93,2114,30,10,2010,7,18,22,0,16,4,SHEHAN RD,,1,42.43746944,-83.883136110,0,1,0,0,1,1,4,0,1,1,0,1,0,0000000,99,99,99,99,88,88,0,0,0,1,0
26,260718,1,1,0,2,111,0,1,11,2010,2,19,19,0,14,4,E SAGINAW RD,,156,43.66121389,-84.334111110,0,34,0,0,1,1,5,0,2,1,0,1,0,0000000,19,20,19,26,99,99,22,0,0,2,0
26,260719,1,1,0,1,25,0,7,11,2010,1,3,0,0,4,4,11 MILE RD,,49,42.21621111,-85.080141670,0,42,0,0,1,1,5,0,2,1,0,1,0,0000000,99,99,99,99,88,88,0,0,0,1,1
26,260720,1,1,0,1,139,0,9,11,2010,3,16,54,0,4,4,LEONARD RD,,33,43.05926944,-86.131933330,0,24,0,0,1,1,5,0,1,1,0,1,0,0000000,16,54,16,59,99,99,22,0,0,1,0
26,260722,1,1,0,1,75,4242,10,11,2010,4,18,52,0,5,4,E TERRITORIAL,,51,42.41208333,-84.384211110,0,42,0,0,1,1,5,0,2,1,0,1,0,0000000,18,53,18,59,99,99,22,0,0,1,0
26,260723,1,1,0,1,127,0,11,11,2010,5,19,19,1,2,2,US-31,,181,43.71242778,-86.395138890,0,1,0,0,1,1,5,0,2,10,0,10,0,0000000,19,20,19,29,88,88,0,0,0,1,0
26,260724,1,1,0,1,49,1931,11,11,2010,5,14,36,0,15,4,E MOUNT MORRIS RD,,55,43.12103056,-83.590797220,0,19,0,0,1,1,5,0,1,1,0,1,0,0000000,14,38,14,48,99,99,0,0,0,1,0
26,260725,1,1,0,1,145,0,12,11,2010,6,11,36,0,4,4,MIDLAND RD,,14,43.55217500,-84.155911110,0,59,0,0,1,1,5,0,1,10,0,10,0,0000000,11,39,11,39,88,88,22,0,0,1,0
26,260726,1,1,0,1,35,0,16,11,2010,3,17,48,1,2,2,US-10,,69,43.88243333,-84.793016670,0,1,0,0,1,1,3,0,2,1,0,1,0,0000000,17,52,18,0,88,88,0,0,0,1,0
26,260727,1,1,0,1,27,0,18,11,2010,5,16,54,0,16,4,MAY ST,,28,41.78195000,-86.083825000,0,42,0,0,1,1,4,0,1,1,0,1,0,0000000,16,59,17,3,88,88,0,0,0,1,0
26,260728,1,1,0,1,161,0,19,11,2010,6,6,25,1,1,1,I-94,,113,42.29722222,-83.914133330,0,35,0,0,1,1,5,0,2,1,0,1,0,0000000,6,33,6,50,99,99,0,0,0,1,0
26,260729,1,1,0,1,149,0,21,11,2010,1,6,55,0,6,6,BIG HILL RD,,51,41.83382222,-85.389163890,0,42,0,0,1,1,5,0,2,10,0,10,0,0000000,99,99,99,99,88,88,0,0,0,1,0
26,260730,1,1,1,1,75,0,24,11,2010,4,11,8,0,4,4,W MICHIGAN AVE,,44,42.26771111,-84.624755560,0,9,0,0,1,1,1,0,1,10,0,10,0,0000000,11,10,11,18,88,88,0,0,0,1,0
26,260731,2,2,0,2,99,4731,4,9,2010,7,0,48,0,14,6,MORAVIAN DR,,12,42.55576111,-82.974061110,0,12,2,0,1,1,1,0,2,1,0,1,0,0000000,0,49,0,55,99,99,0,0,0,1,1
26,260732,2,2,0,1,49,0,7,9,2010,3,8,15,0,4,4,MT MORRIS,,24,43.11780000,-83.880733330,0,12,1,0,1,1,1,0,1,1,0,1,0,0000000,8,15,8,18,88,88,0,0,0,1,0
26,260733,1,1,1,1,125,2230,12,9,2010,1,2,8,1,11,1,I-75,,13,42.46104167,-83.105863890,0,8,0,0,1,1,1,0,3,1,0,1,0,0000000,2,9,2,15,99,99,0,0,0,1,0
26,260734,2,2,0,4,11,0,23,9,2010,5,11,4,1,2,2,US-23,,13,43.99401111,-83.950008330,0,12,6,0,8,1,1,0,1,10,0,10,0,0000000,11,4,99,99,99,99,0,0,0,1,1
26,260735,1,1,0,1,25,310,28,11,2010,1,19,14,0,16,6,WAGNER DR,,9,42.32698056,-85.153125000,0,42,0,0,1,1,5,0,3,1,0,1,0,0000000,19,14,19,21,88,88,0,0,0,1,1
26,260736,1,1,0,1,67,0,30,11,2010,3,11,43,0,4,4,KELSEY HWY,,16,42.90253056,-85.044297220,0,1,0,0,1,1,4,0,1,1,0,1,0,0000000,11,43,11,50,88,88,0,0,0,1,0
26,260737,1,1,0,1,87,0,30,11,2010,3,10,57,0,4,4,PRATT RD,,45,42.95474722,-83.372283330,0,42,0,0,1,1,5,0,1,2,0,2,0,0000000,11,2,11,20,88,88,0,0,0,1,0
26,260740,1,1,0,2,99,0,14,11,2010,1,4,13,0,3,4,CAPAC RD,,5,42.85661111,-82.944536110,0,42,0,0,1,1,5,0,3,1,0,1,0,0000000,99,99,99,99,99,99,0,0,0,1,1
26,260741,1,1,1,1,157,760,29,10,2010,6,10,27,0,14,3,SR-81,BURNSIDE,164,43.49033056,-83.394622220,0,8,0,0,3,2,1,0,1,1,0,1,0,0000000,10,27,10,28,99,99,0,0,0,1,0
26,260742,1,1,0,1,9,0,6,11,2010,7,18,46,0,3,3,SR-88,,76,44.92619444,-85.193236110,0,42,0,0,1,1,5,0,5,10,0,10,0,0000000,99,99,99,99,88,88,22,0,0,1,1
26,260743,1,1,0,1,163,1260,17,11,2010,4,9,32,1,12,3,SR-39,,99,42.36497778,-83.216358330,0,25,0,0,1,1,3,0,1,1,0,1,0,0000000,99,99,99,99,99,99,0,0,0,1,0
26,260744,2,2,0,2,139,0,23,10,2010,7,2,50,0,14,4,136TH AVE,RILEY ST,47,42.82663333,-86.117563890,0,12,6,0,2,2,1,0,3,10,0,10,0,0000000,2,51,2,55,99,99,0,0,0,1,1
26,260745,1,1,0,1,21,0,31,10,2010,1,19,26,0,5,4,SNOW,,30,41.92096111,-86.539391670,0,34,0,0,1,1,5,0,2,1,0,1,0,0000000,19,26,19,30,88,88,0,0,0,1,0
26,260746,1,1,1,0,61,2340,3,10,2010,1,10,33,0,13,3,SR-26,,49,47.12050833,-88.581144440,0,8,0,0,1,1,4,0,1,1,0,1,0,0000000,99,99,99,99,99,99,0,0,0,1,0
26,260747,2,2,0,2,125,0,29,10,2010,6,16,45,1,13,3,SR-24,TELEGRAPH,2,42.60288333,-83.290233330,0,12,1,0,3,4,1,0,1,1,0,1,0,0000000,16,46,16,49,99,99,0,0,0,1,0
26,260748,3,3,0,3,161,0,31,10,2010,1,6,31,0,13,3,SR-153,PLYMOUTH RD,16,42.32467778,-83.626133330,0,12,1,0,3,1,1,0,2,10,0,10,0,0000000,6,32,6,35,99,99,0,0,0,1,1
26,260749,1,1,0,4,159,0,8,10,2010,6,18,0,0,4,4,COUNTY ROAD 380,,24,42.34558889,-86.253405560,0,34,0,0,1,1,4,0,5,1,0,1,0,0000000,99,99,99,99,99,99,22,0,0,1,0
26,260750,1,1,1,1,161,0,3,11,2010,4,19,23,0,13,4,CARPENTER RD,,116,42.25266111,-83.680713890,0,8,0,0,1,1,1,0,2,1,0,1,0,0000000,99,99,99,99,88,88,0,0,0,1,0
26,260751,2,2,0,5,115,0,5,11,2010,6,6,36,0,13,3,SR-24,W HURD RD,185,41.96534722,-83.385763890,0,12,6,0,2,2,1,0,2,1,0,1,0,0000000,6,38,6,45,99,99,0,0,0,1,0
26,260752,2,2,0,3,161,4426,20,10,2010,4,14,35,0,3,4,TERRITORIAL,GOTFREDSON,271,42.37394722,-83.568461110,0,12,6,0,2,2,1,0,1,1,0,1,0,0000000,99,99,99,99,99,99,0,0,0,1,0
26,260753,2,2,0,4,75,4648,5,11,2010,6,8,34,0,14,3,SR-60,,94,42.20795833,-84.541994440,0,12,6,0,1,1,1,0,1,10,0,10,0,0000000,8,36,8,39,99,99,0,0,0,1,0
26,260755,1,1,0,1,29,0,28,10,2010,5,18,12,0,6,4,LAKESHORE RD,,3,45.31387500,-85.287958330,0,1,0,0,1,1,5,0,5,2,0,2,0,0000000,18,13,18,19,99,99,0,0,0,1,1
26,260756,2,2,0,2,145,0,21,10,2010,5,9,54,1,13,3,SR-58,,42,43.43681111,-84.028136110,0,12,6,0,8,1,1,0,1,10,0,10,0,0000000,99,99,99,99,99,99,0,0,0,1,1
26,260757,2,2,0,3,117,0,4,10,2010,2,11,12,0,6,4,W COUNTY LINE RD,KENDAVILLE RD,1,43.36668056,-85.562688890,0,12,6,0,2,2,1,0,1,1,0,1,0,0000000,11,12,11,12,99,99,22,0,0,2,0
26,260758,2,2,0,5,157,5010,5,11,2010,6,16,24,0,6,4,BROWN RD,CAINE RD,17,43.32263056,-83.521063890,0,12,6,0,2,2,1,0,1,10,0,10,0,0000000,99,99,99,99,99,99,22,0,0,1,0
26,260759,1,1,1,1,125,5166,8,11,2010,2,4,20,1,13,4,ORCHARD LAKE RD,,52,42.53119722,-83.360155560,0,8,0,0,1,1,1,0,2,1,0,1,0,0000000,4,34,4,39,99,99,0,0,0,1,0
26,260760,2,2,0,3,81,2010,13,10,2010,4,13,34,0,14,3,SR-196,HALL,59,42.94162778,-85.682694440,0,12,6,0,2,2,1,0,1,10,0,10,0,0000000,99,99,99,99,99,99,0,0,0,1,1
26,260761,2,2,0,2,147,926,2,11,2010,3,11,55,0,4,4,KING,MEISNER,34,42.75789444,-82.511663890,0,12,6,0,2,2,1,0,1,10,0,10,0,0000000,11,57,12,3,88,88,0,0,0,1,0
26,260762,2,2,0,3,165,0,24,11,2010,4,8,5,0,4,4,34 RD,39 RD,101,44.28118056,-85.436838890,0,12,6,0,2,2,1,0,1,10,0,10,0,0000000,8,13,8,18,99,99,0,0,0,2,0
26,260763,2,2,0,2,125,3641,8,11,2010,2,18,25,1,11,1,I-696,,9,42.47450278,-83.184572220,0,54,11,0,1,1,1,0,3,1,0,1,0,0000000,99,99,99,99,88,88,14,0,0,1,0
26,260764,2,2,0,4,65,2700,10,11,2010,4,18,14,0,13,3,SR-99,DUNLAP,41,42.70238611,-84.567438890,0,12,1,0,3,3,1,0,5,1,0,1,0,0000000,18,15,18,17,99,99,0,0,0,1,0
26,260765,1,1,0,2,97,0,3,7,2010,7,13,51,0,3,4,BORGSTROM,,89,46.21868333,-85.321283330,0,42,0,0,1,1,5,0,1,1,0,1,0,0000000,99,99,99,99,99,99,0,0,0,1,0
26,260766,1,1,0,2,125,1652,9,10,2010,7,19,8,0,14,6,FARMINGTON,,8,42.45255833,-83.375880560,0,33,0,0,1,1,4,0,3,1,0,1,0,0000000,99,99,99,99,99,99,0,0,0,1,0
26,260767,2,2,0,2,121,3615,25,10,2010,2,16,4,1,13,2,US-31,NORTON AVE,32,43.19069167,-86.260066670,0,12,6,0,2,2,1,0,1,1,0,1,0,0000000,99,99,99,99,99,99,0,0,0,1,0
26,260768,1,1,0,2,143,0,13,11,2010,7,15,20,1,1,1,I-75,,156,44.41110000,-84.601422220,0,1,0,0,1,1,3,0,1,10,0,10,0,0000000,15,28,15,36,99,99,0,0,0,1,0
26,260769,2,2,0,5,139,0,12,11,2010,6,18,52,0,4,4,120TH AVE,,72,42.87335278,-86.079897220,0,12,2,0,1,1,1,0,2,1,0,1,0,0000000,18,52,18,57,99,99,0,0,0,1,0
26,260770,2,2,0,2,79,0,10,11,2010,4,9,49,0,4,4,M-72,MCNULTY HILL,1,44.77996944,-85.295877780,0,12,6,0,2,3,1,0,1,1,0,1,0,0000000,99,99,99,99,99,99,0,0,0,1,0
26,260771,1,1,1,1,163,5176,8,11,2010,2,18,13,1,13,6,MERRIMAN,GRAND TRAVERSE,51,42.28998611,-83.348986110,0,8,0,0,3,3,1,0,3,10,0,10,0,0000000,18,13,18,20,99,99,0,0,0,1,1
26,260772,1,1,1,1,125,2300,9,11,2010,3,19,53,0,14,6,GRANGE HALL,HOLLY,31,42.80634722,-83.628416670,0,8,0,0,3,2,1,0,3,1,0,1,0,0000000,19,51,19,57,99,99,0,0,0,1,0
26,260773,1,1,1,1,163,738,9,11,2010,3,21,59,1,13,2,US-24,,121,42.36353889,-83.275722220,0,8,0,0,1,1,1,0,3,1,0,1,0,0000000,22,1,22,2,99,99,0,0,0,1,0
26,260774,1,1,1,1,141,4280,12,11,2010,6,20,31,1,2,2,US-23,,259,45.41050278,-83.825319440,0,8,0,0,1,1,1,0,2,1,0,1,0,0000000,20,33,20,34,99,99,0,0,0,1,0
26,260775,2,2,0,2,163,1260,11,11,2010,5,0,35,1,12,3,SR-10,,110,42.33865833,-83.066147220,0,12,2,0,1,1,1,0,3,10,0,10,0,0000000,99,99,99,99,99,99,0,0,0,1,1
26,260776,1,1,2,1,75,2500,12,11,2010,6,18,37,1,13,3,SR-106,MICHIGAN,2,42.24815556,-84.400708330,0,8,0,1,3,2,1,0,3,1,0,1,0,0000000,99,99,99,99,99,99,0,0,0,1,0
26,260777,1,1,1,1,139,0,15,11,2010,2,22,49,1,13,2,US-31,RILEY,42,42.82658056,-86.094047220,0,9,0,0,3,2,1,0,2,10,0,10,0,0000000,22,49,22,51,88,88,0,0,0,1,0
26,260778,2,2,0,2,115,0,12,11,2010,6,14,24,0,14,4,NADEAU,,6,41.96376667,-83.363355560,0,12,6,0,8,1,1,0,1,1,0,1,0,0000000,14,41,14,45,99,99,0,0,0,1,0
26,260779,1,1,0,1,95,0,19,11,2010,6,8,35,1,2,3,SR-117,,21,46.27530833,-85.571952780,0,42,0,0,1,1,5,0,1,4,0,4,0,0000000,99,99,99,99,88,88,0,0,0,1,0
26,260780,1,1,1,1,149,4760,8,11,2010,2,2,30,0,14,3,SR-66,,14,41.77896111,-85.428291670,0,8,0,0,1,1,1,0,2,1,0,1,0,0000000,88,88,88,88,88,88,0,0,0,1,0
26,260781,1,1,1,2,99,1009,18,11,2010,5,17,51,1,13,3,SR-3,,77,42.55063056,-82.902016670,0,8,0,0,1,1,1,0,2,10,0,10,0,0000000,88,88,88,88,88,88,0,0,0,1,0
26,260782,2,2,0,5,91,0,19,11,2010,6,18,27,0,4,4,WESTON RD,LYONS HWY,30,41.77066389,-84.078722220,0,12,6,0,2,2,1,0,2,1,0,1,0,0000000,18,30,18,37,99,99,0,0,0,2,0
26,260783,2,2,1,2,49,0,20,11,2010,7,19,33,0,13,4,PIERSON,,28,43.06050833,-83.768177780,0,8,0,0,1,1,1,0,3,10,0,10,0,0000000,99,99,99,99,99,99,0,0,0,1,0
26,260784,2,2,0,5,81,0,21,11,2010,1,17,23,0,14,3,SR-21,,147,42.92905833,-85.431147220,0,11,0,0,1,1,1,0,5,10,0,10,0,0000000,17,23,99,99,99,99,0,0,0,1,0
26,260785,2,1,0,1,73,0,20,11,2010,7,20,53,0,14,4,ISABELLA RD,,47,43.63496389,-84.748194440,0,14,0,0,1,1,6,1,2,1,0,1,0,0000000,20,55,21,0,88,88,22,0,0,1,1
26,260786,2,2,0,2,91,3817,23,11,2010,3,3,45,0,3,4,DEERFIELD RD,OGDEN HWY,26,41.88801667,-83.992405560,0,12,6,0,2,2,1,0,2,2,0,2,0,0000000,3,46,3,49,99,99,0,0,0,1,0
26,260787,1,1,1,1,159,0,22,11,2010,2,7,27,0,3,3,SR-40,,194,42.32484444,-85.878830560,0,15,0,0,1,1,1,0,2,2,0,2,0,0000000,99,99,99,99,99,99,0,0,0,1,0
26,260788,2,2,0,5,73,0,23,11,2010,3,17,38,0,14,4,BLUEGRASS RD,ENCORE BLVD,5,43.57537778,-84.757613890,0,12,6,0,2,3,1,0,3,10,0,10,0,0000000,17,40,17,45,99,99,0,0,0,1,0