STATE,ST_CASE,VE_TOTAL,VE_FORMS,PEDS,PERSONS,COUNTY,CITY,DAY,MONTH,YEAR,DAY_WEEK,HOUR,MINUTE,NHS,ROAD_FNC,ROUTE,TWAY_ID,TWAY_ID2,MILEPT,LATITUDE,LONGITUD,SP_JUR,HARM_EV,MAN_COLL,RELJCT1,RELJCT2,TYP_INT,REL_ROAD,WRK_ZONE,LGT_COND,WEATHER1,WEATHER2,WEATHER,SCH_BUS,RAIL,NOT_HOUR,NOT_MIN,ARR_HOUR,ARR_MIN,HOSP_HR,HOSP_MN,CF1,CF2,CF3,FATALS,DRUNK_DR
26,260789,1,1,1,3,123,0,25,11,2010,5,18,4,0,3,3,SR-37,,20,43.44793333,-85.781658330,0,8,0,0,1,1,1,0,2,2,0,2,0,0000000,18,3,18,6,88,88,0,0,0,1,0
26,260790,2,2,0,3,115,0,26,11,2010,6,7,52,0,6,4,DOUGLAS RD,W RAUCH RD,64,41.82221667,-83.608805560,0,12,6,0,2,2,1,0,1,1,0,1,0,0000000,7,55,7,59,99,99,22,0,0,1,0
26,260791,2,2,0,3,81,0,27,11,2010,7,18,18,0,3,3,SR-37,PEACH RIDGE AVE,174,43.21197222,-85.751038890,0,12,6,0,2,2,1,0,3,10,0,10,0,0000000,99,99,99,99,99,99,0,0,0,2,1
26,260792,3,3,0,3,163,2850,29,11,2010,2,14,53,0,13,6,FARMINGTON,,61,42.43885000,-83.375502780,0,12,6,0,8,1,1,0,1,1,0,1,0,0000000,14,53,14,57,99,99,0,0,0,1,0
26,260793,1,1,1,1,77,4030,11,11,2010,5,9,50,0,13,6,CENTRE AVE,,98,42.20098889,-85.579058330,0,15,0,0,1,1,1,0,1,1,0,1,0,0000000,9,55,9,57,99,99,0,0,0,1,0
26,260794,4,2,0,4,163,1210,28,11,2010,1,4,46,0,16,6,DIVERSEY AVE,CHASE RD,3,42.34741111,-83.186733330,0,12,6,0,2,2,1,0,3,1,0,1,0,0000000,4,47,4,53,99,99,20,0,0,1,0
26,260795,2,2,0,2,87,0,28,11,2010,1,8,55,0,6,4,SHAW RD,,22,43.10352778,-83.027511110,0,12,7,0,8,1,1,0,1,10,0,10,0,0000000,8,58,9,8,88,88,22,0,0,1,1
26,260796,1,1,0,1,81,0,5,11,2010,6,3,37,1,12,2,US-131,,202,43.05205000,-85.662888890,0,11,0,0,1,1,1,0,2,10,0,10,0,0000000,3,37,3,45,88,88,0,0,0,1,1
26,260797,1,1,1,1,125,4020,29,11,2010,2,17,44,1,13,3,SR-59,MORELAND,3,42.64140278,-83.286961110,0,8,0,0,2,3,1,0,3,1,0,1,0,0000000,17,44,17,48,99,99,0,0,0,1,0
26,260798,2,2,0,3,163,1260,6,11,2010,7,18,25,1,11,1,I-94,,328,42.39553611,-82.988955560,0,12,1,1,18,1,1,0,3,10,0,10,0,0000000,99,99,99,99,99,99,0,0,0,1,1
26,260799,2,2,0,3,87,196,30,11,2010,3,16,6,0,3,4,IMLAY CITY RD,LAKE PLEASANT RD,156,43.04693889,-83.167466670,0,12,6,0,2,2,1,0,1,2,0,2,0,0000000,16,6,16,16,99,99,0,0,0,1,0
26,260800,2,1,2,1,61,2340,29,11,2010,2,13,0,0,14,6,BRIDGE ST,,1,47.11739722,-88.573161110,0,8,0,0,1,1,1,3,1,1,0,1,0,0000000,13,6,13,15,99,99,0,0,0,1,0
26,260801,1,1,0,1,147,0,22,11,2010,2,15,0,1,11,1,I-94,,170,42.97943333,-82.475386110,0,24,0,0,1,1,3,0,1,2,0,2,0,0000000,99,99,99,99,88,88,0,0,0,1,0
26,260802,2,2,0,2,129,0,10,11,2010,4,8,50,0,4,4,TOWN HALL RD,COUNTY LINE RD,37,44.37787222,-83.883636110,0,12,6,0,2,2,1,0,1,1,0,1,0,0000000,8,50,8,55,99,99,22,0,0,1,1
26,260803,2,2,0,6,5,1309,10,11,2010,4,20,40,0,6,4,16TH ST,,65,42.70308056,-85.702241670,0,12,8,0,1,1,1,0,2,1,0,1,0,0000000,99,99,99,99,99,99,0,0,0,1,0
26,260804,2,2,0,5,147,0,28,11,2010,1,12,26,0,14,4,RANGE RD,RAVENSWOOD RD,70,42.93535833,-82.501166670,0,12,6,0,2,2,1,0,1,8,0,8,0,0000000,99,99,99,99,99,99,0,0,0,1,0
26,260805,2,2,0,5,81,0,29,11,2010,2,15,46,0,15,4,WOODWORTH AVE,,11,43.03462222,-85.625016670,0,12,6,0,8,1,1,0,1,10,0,10,0,0000000,99,99,99,99,99,99,0,0,0,1,0
26,260806,1,1,1,1,99,4731,1,12,2010,4,12,13,0,13,6,18 MILE,,16,42.59390278,-83.059211110,0,9,0,0,1,1,2,0,1,10,0,10,0,0000000,12,13,12,18,99,99,0,0,0,1,0
26,260808,1,1,1,1,81,2553,23,11,2010,3,22,20,1,13,3,SR-11,,157,42.91251111,-85.588552780,0,8,0,0,1,1,1,0,3,10,0,10,0,0000000,99,99,99,99,99,99,0,0,0,1,0
26,260809,2,2,0,2,163,2065,27,11,2010,7,14,40,0,15,4,WEST RIVER RD,BELLEVUE RD,11,42.12461389,-83.173405560,0,12,1,0,3,3,1,0,1,10,0,10,0,0000000,99,99,99,99,99,99,0,0,0,1,0
26,260810,1,1,0,3,15,0,1,12,2010,4,7,45,0,4,4,NORRIS RD,,79,42.52885833,-85.455097220,0,1,0,0,1,1,5,0,4,4,11,4,0,0000000,7,48,8,17,99,99,22,0,0,1,0
26,260811,1,1,0,1,81,0,2,12,2010,5,4,36,0,6,4,SIMMONS AVE,18 MILE RD,25,43.23421389,-85.591133330,0,34,0,0,3,3,5,0,3,4,11,4,0,0000000,4,39,4,52,88,88,0,0,0,1,0
26,260812,1,1,0,3,21,0,1,12,2010,4,15,20,0,6,4,HENNESEY RD,,55,42.15856111,-86.281116670,0,42,0,0,1,1,5,0,1,4,11,4,0,0000000,99,99,99,99,99,99,22,0,0,1,0
26,260813,1,1,0,3,23,1935,4,12,2010,7,19,14,0,3,4,MARSHALL RD,,87,42.06592500,-85.001136110,0,1,0,0,1,1,5,0,2,10,0,10,0,0000000,19,16,19,25,99,99,0,0,0,1,0
26,260814,2,2,0,3,55,5,1,12,2010,4,19,20,1,2,2,US-31,,92,44.81805833,-85.465705560,0,12,2,0,1,1,1,0,3,4,11,4,0,0000000,99,99,99,99,99,99,0,0,0,1,0
26,260815,1,1,1,1,125,1652,7,12,2010,3,17,39,0,13,6,HAGGERTY RD,TEN MILE RD,20,42.46794167,-83.434938890,0,8,0,0,3,2,1,0,3,1,0,1,0,0000000,17,40,17,47,99,99,0,0,0,1,0
26,260816,1,1,0,1,125,2258,6,12,2010,2,23,47,0,15,4,HICKORY RIDGE RD,,74,42.65570556,-83.663180560,0,42,0,0,1,1,5,0,2,1,0,1,0,0000000,23,50,23,55,88,88,0,0,0,1,0
26,260817,2,2,0,2,125,1652,8,12,2010,4,17,15,1,11,1,I-696,,11,42.48804167,-83.425552780,0,12,6,0,1,1,1,0,1,1,0,1,0,0000000,99,99,99,99,99,99,0,0,0,1,0
26,260818,3,3,0,4,41,1590,10,12,2010,6,9,52,1,13,2,US-2,,1,45.77317222,-87.082661110,0,12,2,0,1,1,1,0,1,10,0,10,0,0000000,9,52,9,58,99,99,0,0,0,1,0
26,260819,3,3,1,2,25,0,10,12,2010,6,21,18,1,11,3,SR-66,,9,42.26803611,-85.178922220,0,8,0,1,18,1,1,0,2,4,0,4,0,0000000,21,19,21,26,99,99,0,0,0,1,0
26,260820,1,1,0,1,21,0,8,12,2010,4,11,0,0,5,4,WILSON RD,,37,41.77004722,-86.712088890,0,1,0,0,1,1,5,0,1,10,0,10,0,0000000,11,4,11,12,88,88,0,0,0,1,1
26,260821,1,1,0,1,73,0,9,12,2010,5,19,6,0,6,4,S SHERMAN RD,,8,43.60741667,-85.066602780,0,42,0,0,1,1,5,0,2,10,0,10,0,0000000,19,8,19,22,88,88,22,0,0,1,1
26,260822,2,2,0,3,99,4731,10,12,2010,6,5,52,0,15,6,PLUMBROOK RD,,13,42.57408889,-82.995288890,0,12,2,0,1,1,1,0,2,4,11,4,0,0000000,5,52,6,1,99,99,0,0,0,1,0
26,260823,2,2,0,2,75,2764,12,12,2010,1,16,2,1,11,1,I-94,,238,42.29182500,-84.262686110,0,39,0,1,19,1,3,0,5,4,11,4,0,0000000,16,6,16,15,88,88,0,0,0,1,0
26,260824,2,2,0,2,57,4765,1,12,2010,4,13,25,0,4,4,LINCOLN,,187,43.37910000,-84.741775000,0,12,2,0,1,1,1,0,1,4,0,4,0,0000000,14,25,14,40,99,99,0,0,0,1,0
26,260825,1,1,0,2,59,0,12,12,2010,1,15,35,1,2,2,US-12,,127,42.01144722,-84.597813890,0,42,0,0,1,1,4,0,1,4,11,4,0,0000000,15,40,15,53,99,99,0,0,0,1,0
26,260826,2,2,0,3,113,0,6,12,2010,2,14,45,0,3,3,SR-55,,62,44.33788611,-85.090463890,0,12,6,0,1,1,1,0,1,4,11,4,0,0000000,14,50,15,1,99,99,0,0,0,1,0
26,260827,1,1,0,2,57,4765,14,12,2010,3,13,0,0,4,4,LUMBERJACK,,13,43.31019167,-84.835738890,0,1,0,0,1,1,5,0,1,1,0,1,0,0000000,13,3,13,18,99,99,0,0,0,1,0
26,260828,2,2,0,3,93,0,12,12,2010,1,9,10,0,3,4,MASON RD,,70,42.59964167,-84.007455560,0,12,2,0,1,1,1,0,1,4,11,4,0,0000000,9,10,9,20,99,99,0,0,0,1,0
26,260829,2,2,0,4,55,0,14,12,2010,3,12,45,1,2,3,SR-72,,56,44.77036667,-85.379133330,0,12,2,0,1,1,1,0,1,4,0,4,0,0000000,12,45,12,50,99,99,0,0,0,1,0
26,260830,2,2,0,3,77,1084,13,12,2010,2,5,50,1,13,4,SPRINKLE RD,,83,42.29251667,-85.528383330,0,12,6,0,1,1,1,0,2,1,0,1,0,0000000,5,53,6,0,99,99,0,0,0,1,0
26,260831,1,1,1,1,21,0,11,12,2010,7,21,18,0,6,4,BUFFALO RD,,40,41.78349722,-86.493966670,0,8,0,0,1,1,1,0,2,2,0,2,0,0000000,21,20,21,23,99,99,0,0,0,1,0
26,260833,1,1,0,1,117,0,12,12,2010,1,14,26,1,2,2,US-131,,5,43.30182222,-85.541652780,0,1,0,0,1,1,5,0,1,4,11,4,0,0000000,14,28,14,34,88,88,0,0,0,1,0
26,260834,1,1,1,1,125,4000,7,12,2010,3,16,43,1,13,3,SR-1,OAKLAND PARK BLVD,112,42.47032222,-83.141469440,0,8,0,0,3,2,1,0,1,10,0,10,0,0000000,16,44,16,47,99,99,0,0,0,1,0
26,260836,1,1,0,2,45,0,14,12,2010,3,5,5,1,11,1,I-96,,40,42.71194444,-84.669111110,0,20,0,1,5,1,5,0,2,1,0,1,0,0000000,5,4,5,11,88,88,0,0,0,2,0
26,260837,2,2,0,2,163,1212,9,12,2010,5,19,59,1,13,2,US-24,,106,42.34171111,-83.273127780,0,12,2,0,1,1,1,0,3,10,0,10,0,0000000,20,0,20,6,99,99,0,0,0,1,1
26,260838,2,2,0,2,81,0,15,12,2010,4,19,52,0,14,3,SR-21,,163,42.92653333,-85.400147220,0,12,2,0,1,1,1,0,2,10,0,10,0,0000000,19,54,20,9,99,99,22,0,0,1,1
26,260839,1,1,0,1,45,0,12,12,2010,1,10,54,0,6,4,MASON,,45,42.60364167,-85.054297220,0,42,0,0,1,1,5,0,1,4,0,4,0,0000000,10,59,11,14,88,88,22,0,0,1,0
26,260840,1,1,1,3,115,0,16,12,2010,5,18,30,0,6,4,W LABO RD,,1,42.02469722,-83.418611110,0,8,0,0,1,1,1,0,2,1,0,1,0,0000000,99,99,99,99,99,99,0,0,0,1,0
26,260841,1,1,0,1,81,0,18,12,2010,7,2,15,0,15,4,RAMSDELL DR NE,,42,43.05643611,-85.476030560,0,42,0,0,1,1,5,0,2,10,0,10,0,0000000,99,99,99,99,99,99,0,0,0,1,1
26,260842,1,1,0,2,125,4905,20,12,2010,2,0,42,1,11,1,I-75,,157,42.60848889,-83.216147220,0,1,0,0,1,1,5,0,2,10,0,10,0,0000000,0,47,0,55,88,88,0,0,0,2,1
26,260843,1,1,1,1,163,738,15,12,2010,4,19,38,0,14,4,BEECH DALY RD,,1,42.35685000,-83.294305560,0,8,0,0,1,1,1,0,3,10,0,10,0,0000000,19,32,19,33,99,99,0,0,0,1,0
26,260844,2,1,0,2,81,2010,20,12,2010,2,2,1,0,14,6,IONIA AVE,,2,42.95098333,-85.670055560,0,14,0,0,1,1,7,0,3,10,0,10,0,0000000,2,5,2,6,88,88,0,0,0,1,1
26,260845,1,1,0,1,147,926,19,12,2010,1,23,35,0,6,4,STARVILLE RD,,77,42.75771944,-82.591752780,0,53,0,0,1,1,4,0,2,10,0,10,0,0000000,23,52,0,2,88,88,22,0,0,1,1
26,260846,2,2,0,2,81,5089,21,12,2010,3,17,47,0,14,6,3 MILE RD NW,,21,43.01554444,-85.747141670,0,12,1,0,1,1,1,0,3,10,0,10,0,0000000,17,48,17,57,99,99,0,0,0,1,0
26,260847,1,1,1,2,49,1730,15,12,2010,4,18,36,1,13,6,E PIERSON,,61,43.06098333,-83.702016670,0,8,0,0,1,1,1,0,3,4,0,4,0,0000000,18,36,18,42,99,99,0,0,0,1,0
26,260848,1,1,0,1,31,0,19,12,2010,1,2,3,0,6,4,FISHER TRL,,3,45.40810000,-84.670288890,0,31,0,0,1,1,4,0,2,4,0,4,0,0000000,99,99,99,99,88,88,22,0,0,1,1
26,260849,1,1,1,1,163,2820,20,12,2010,2,4,55,1,11,1,I-75,,150,42.26265833,-83.176338890,0,8,0,0,1,1,1,0,2,10,0,10,0,0000000,99,99,99,99,99,99,0,0,0,1,0
26,260850,3,1,1,4,75,0,20,12,2010,2,18,19,0,3,3,SR-99,,116,42.40447778,-84.667800000,0,14,0,0,1,1,2,0,2,10,0,10,0,0000000,18,20,18,35,99,99,0,0,0,1,0
26,260851,2,2,0,2,31,0,23,12,2010,5,9,58,0,3,3,SR-68,,187,45.35454444,-84.267680560,0,12,8,0,1,1,1,0,1,10,0,10,0,0000000,9,58,10,5,99,99,0,0,0,1,0
26,260852,1,1,0,1,15,0,19,12,2010,1,5,0,0,4,4,PINE LAKE RD,,23,42.50858333,-85.503780560,0,42,0,0,1,1,5,0,2,10,0,10,0,0000000,99,99,99,99,88,88,22,0,0,1,1
26,260853,2,2,1,3,125,0,23,12,2010,5,17,41,1,13,3,SR-25,,2,42.83427222,-83.271272220,0,8,0,0,1,1,1,0,2,1,0,1,0,0000000,17,41,17,43,99,99,0,0,0,1,0
26,260854,1,1,0,1,25,3885,24,12,2010,6,3,4,0,4,4,NORTH AVE,,61,42.40477500,-85.211361110,0,42,0,0,1,1,6,0,2,10,0,10,0,0000000,3,5,3,17,88,88,0,0,0,1,1
26,260855,1,1,0,1,99,850,23,12,2010,5,22,58,1,11,1,I-696,,37,42.49178611,-83.019788890,0,25,0,0,1,1,3,0,3,10,0,10,0,0000000,23,3,23,11,88,88,0,0,0,1,1
26,260856,1,1,0,3,81,0,26,12,2010,1,4,28,0,6,4,76TH ST,,30,42.82707500,-85.399175000,0,42,0,0,1,1,5,0,2,10,0,10,0,0000000,4,32,4,39,99,99,22,0,0,1,1
26,260857,2,2,0,4,161,567,26,12,2010,1,14,22,1,2,2,US-12,,4,42.08193333,-83.951394440,0,12,2,0,1,1,1,0,1,4,0,4,0,0000000,14,22,14,33,99,99,0,0,0,1,0
26,260858,1,1,2,1,163,5310,10,12,2010,6,12,55,1,13,3,SR-85,,104,42.21405556,-83.180655560,0,8,0,0,4,1,1,0,1,1,0,1,0,0000000,12,55,12,57,99,99,0,0,0,1,0
26,260859,2,2,0,2,77,4030,29,12,2010,4,8,25,0,13,6,SPRINKLE RD,E MILHAM RD,38,42.23025000,-85.540533330,0,12,6,0,2,2,1,0,1,5,0,5,0,0000000,8,26,8,28,99,99,0,0,0,1,0
26,260860,1,1,1,1,163,2850,29,12,2010,4,20,11,0,14,6,5 MILE RD,,70,42.39815278,-83.333791670,0,8,0,0,1,1,1,0,3,10,0,10,0,0000000,20,12,20,16,99,99,0,0,0,1,0
26,260861,1,1,0,1,113,0,29,12,2010,4,8,25,0,3,3,SR-55,,7,44.33913889,-85.200755560,0,42,0,0,1,1,5,0,1,5,0,5,0,0000000,8,36,8,37,88,88,0,0,0,1,0
26,260862,3,3,1,6,163,1260,30,12,2010,5,19,40,1,11,1,I-94,,31,42.36867222,-83.058011110,0,8,0,1,19,1,2,0,3,10,0,10,0,0000000,99,99,99,99,88,88,0,0,0,1,1
26,260863,2,2,0,2,49,1730,29,12,2010,4,1,28,1,11,1,I-69,,113,42.99288333,-83.709341670,0,25,0,1,19,1,3,0,2,10,0,10,0,0000000,1,38,1,48,88,88,0,0,0,1,1
26,260864,1,1,1,3,99,1009,31,12,2010,6,20,38,0,14,4,HARPER AVE,,90,42.57210556,-82.871516670,0,8,0,0,1,1,1,0,2,10,0,10,0,0000000,20,41,20,46,88,88,0,0,0,1,0
26,260865,1,1,0,2,163,1480,24,12,2010,6,2,15,0,16,6,16TH ST,FRANCIS ST,2,42.26074444,-83.151780560,0,42,0,0,3,2,4,0,3,10,0,10,0,0000000,2,19,2,22,99,99,0,0,0,1,1
26,260866,1,1,0,1,77,4030,26,12,2010,1,12,55,1,13,6,W CENTRE AVE,,70,42.19747500,-85.631683330,0,33,0,0,1,1,4,0,1,10,0,10,0,0000000,12,55,12,59,99,99,0,0,0,1,0
26,260867,1,1,1,1,109,0,18,12,2010,7,21,30,0,6,4,W-1 RD,,8,45.38266944,-87.781250000,0,8,0,0,1,1,1,0,2,10,0,10,0,0000000,99,99,99,99,88,88,22,0,0,1,1
26,260868,1,1,1,1,163,1260,28,9,2010,3,20,30,1,13,3,SR-12,CICOTTE,36,42.33113889,-83.123552780,0,8,0,0,3,1,1,0,3,1,0,1,0,0000000,99,99,99,99,88,88,0,0,0,1,0
26,260869,1,1,0,1,55,0,5,11,2010,6,0,1,0,5,4,DIAMOND PARK RD,,16,44.62953611,-85.784736110,0,3,0,0,1,1,5,0,2,4,0,4,0,0000000,99,99,99,99,99,99,0,0,0,1,1
26,260870,1,1,1,1,163,1260,11,11,2010,5,6,30,1,13,6,CONNER,,13,42.38613056,-82.969836110,0,8,0,0,1,1,1,0,3,5,0,5,0,0000000,99,99,99,99,99,99,0,0,0,1,0
26,260871,1,1,0,1,163,90,13,11,2010,7,9,50,0,16,6,BUCKINGHAM AVE,,2,42.25254167,-83.228544440,0,19,0,0,1,1,5,0,1,1,0,1,0,0000000,99,99,99,99,99,99,0,0,0,1,1
26,260872,1,1,0,1,143,0,25,11,2010,5,21,30,1,11,1,I-75,,42,44.31694722,-84.449758330,0,1,0,0,1,1,5,0,2,4,0,4,0,0000000,99,99,99,99,88,88,0,0,0,1,0
26,260873,2,2,0,7,99,4153,28,12,2010,3,19,1,0,14,4,ROMEO PLANK RD,32 MILE RD,72,42.80516111,-82.962505560,0,12,6,0,2,2,1,0,2,1,0,1,0,0000000,19,2,19,10,99,99,0,0,0,1,0
26,260874,1,1,1,1,49,1200,27,12,2010,2,10,16,0,14,6,E FLINT ST,N MAIN ST,80,43.03470278,-83.516738890,0,8,0,0,3,2,1,0,1,1,0,1,0,0000000,10,17,10,23,99,99,0,0,0,1,0
26,260876,1,1,1,1,103,0,2,12,2010,5,19,27,1,13,2,US-41,,262,46.54955556,-87.449172220,0,8,0,0,1,1,1,0,3,4,0,4,0,0000000,99,99,99,99,99,99,0,0,0,1,0
26,260877,1,1,0,1,163,1260,17,12,2010,6,12,2,1,11,1,I-96,,140,42.38382222,-83.175697220,0,25,0,0,1,1,3,0,1,10,0,10,0,0000000,99,99,99,99,99,99,0,0,0,1,1
26,260879,2,2,0,2,49,0,30,12,2010,5,14,39,0,14,3,SR-57,COLLINGWOOD,117,43.17772778,-83.699216670,0,12,2,0,3,3,1,0,1,10,0,10,0,0000000,99,99,99,99,99,99,0,0,0,1,0
26,260880,2,2,0,2,163,1260,29,8,2010,1,12,50,0,14,6,RYAN ST,OUTER DRIVE E,18,42.44034167,-83.063547220,0,12,6,0,2,2,1,0,1,1,0,1,0,0000000,99,99,99,99,99,99,0,0,0,1,0
26,260881,1,1,0,2,163,1260,6,9,2010,2,14,47,0,15,6,JEFFRIES SERVICE DR,,4,42.38172222,-83.239347220,0,33,0,0,1,1,5,0,1,10,0,10,0,0000000,99,99,99,99,99,99,0,0,0,1,0
26,260882,2,2,0,3,163,1260,4,9,2010,7,1,0,0,14,6,W GRAND BLVD,COBB PL,5,42.34739444,-83.110025000,0,12,1,0,3,2,1,0,2,1,0,1,0,0000000,99,99,99,99,99,99,0,0,0,1,1
26,260883,1,1,0,1,163,1260,4,9,2010,7,3,55,1,13,6,LIVERNOIS,,69,42.39303611,-83.139833330,0,30,0,0,1,1,4,0,3,1,0,1,0,0000000,99,99,99,99,99,99,0,0,0,1,0
26,260884,1,1,1,1,163,1260,29,9,2010,4,8,15,0,14,6,ST AUBIN,ANTIETAM,7,42.34550000,-83.034213890,0,8,0,0,3,2,1,0,1,1,0,1,0,0000000,99,99,99,99,99,99,0,0,0,1,0
26,260885,2,2,0,2,77,1084,5,10,2010,3,5,35,0,14,3,SR-43,N G AVE,44,42.33269444,-85.503861110,0,12,6,0,2,2,1,0,2,1,0,1,0,0000000,99,99,99,99,99,99,0,0,0,1,0
26,260886,1,1,0,2,163,1260,27,10,2010,4,18,40,0,16,6,ORMOND,,2,42.29092222,-83.149352780,0,43,0,0,1,1,5,0,8,6,0,6,0,0000000,99,99,99,99,99,99,0,0,0,1,0
26,260887,2,2,0,2,163,1260,17,11,2010,4,1,0,0,16,6,CAVALRY,,1,42.30986667,-83.101036110,0,33,0,0,1,1,4,0,3,2,0,2,0,0000000,99,99,99,99,99,99,0,0,0,1,1
26,260888,1,1,0,1,163,1260,30,11,2010,3,2,39,0,14,6,WEST CHICAGO,,27,42.36540833,-83.195263890,0,33,0,0,1,1,4,0,3,2,0,2,0,0000000,99,99,99,99,99,99,0,0,0,1,1
26,260889,1,1,0,1,73,0,6,11,2010,7,18,52,0,6,4,E BASELINE RD,,90,43.64054722,-84.783661110,0,34,0,0,1,1,4,0,5,1,0,1,0,0000000,99,99,99,99,88,88,0,0,0,1,1
26,260890,1,1,1,1,163,1260,6,12,2010,2,6,45,0,13,6,E WARREN AVE,MARLBOROUGH ST,69,42.39578611,-82.957897220,0,8,0,0,3,2,1,0,3,4,0,4,0,0000000,99,99,99,99,99,99,0,0,0,1,0
26,260891,1,1,1,1,163,1260,5,12,2010,1,20,8,1,13,3,SR-5,,74,42.36824444,-83.137758330,0,8,0,0,1,1,1,0,3,4,0,4,0,0000000,99,99,99,99,88,88,0,0,0,1,0
26,260892,3,3,0,5,5,0,10,12,2010,6,20,20,0,13,3,SR-40/89,RIVER RIDGE DR,20,42.54176389,-85.876830560,1,12,1,0,2,2,1,0,2,1,0,1,0,0000000,99,99,99,99,99,99,22,0,0,1,0
26,260893,1,1,0,1,49,0,11,12,2010,7,0,54,0,14,4,FENTON RD,,22,42.82775833,-83.701330560,0,42,0,0,1,1,5,0,3,10,0,10,0,0000000,99,99,99,99,99,99,0,0,0,1,1
26,260894,1,1,0,1,121,0,28,8,2010,7,22,30,0,4,4,RIVER,,33,43.29798056,-86.138911110,0,53,0,0,1,1,5,0,2,1,0,1,0,0000000,22,30,22,43,99,99,0,0,0,1,1
26,260895,1,1,0,1,163,1260,29,11,2010,2,19,7,0,15,6,CHANDLER PARK RD,,2,42.39151111,-82.980905560,0,42,0,0,1,1,4,0,3,1,0,1,0,0000000,99,99,99,99,99,99,0,0,0,1,1
26,260896,2,2,0,3,163,1260,6,12,2010,2,3,20,1,13,3,SR-3,,23,42.36275833,-83.025288890,0,12,1,0,1,1,1,0,3,10,0,10,0,0000000,99,99,99,99,99,99,0,0,0,1,0
26,260897,1,1,0,1,25,310,7,12,2010,3,15,36,0,14,6,CAPITAL AVE,,62,42.31720833,-85.186188890,0,18,0,0,6,1,1,0,1,10,0,10,0,9999999,99,99,99,99,99,99,0,0,0,1,0
26,260898,2,2,0,6,163,1260,2,12,2010,5,2,0,1,13,3,SR-3,EASTWOOD,78,42.43314167,-82.978941670,0,12,6,0,3,3,1,0,8,10,0,10,0,0000000,99,99,99,99,99,99,0,0,0,1,0
26,260899,1,1,0,2,163,1260,24,12,2010,6,1,20,0,16,6,INDIANA,PEMBROKE,1,42.43851111,-83.159016670,0,33,0,0,3,1,4,0,3,1,0,1,0,0000000,99,99,99,99,99,99,20,0,0,1,1
26,260900,1,1,1,1,147,1758,27,12,2010,2,6,50,0,13,3,SR-25,,8,43.03197778,-82.456255560,0,8,0,0,1,1,1,0,3,1,0,1,0,0000000,99,99,99,99,99,99,0,0,0,1,0
26,260901,1,1,0,3,163,1260,8,2,2010,2,16,28,1,11,1,I-75,,189,42.30155833,-83.118686110,0,25,0,1,18,1,4,0,1,1,0,1,0,0000000,99,99,99,99,99,99,0,0,0,1,1
26,260902,2,2,0,3,163,1260,13,8,2010,6,18,33,1,11,1,I-75,,35,42.37432778,-83.059888890,0,12,7,1,18,1,1,0,1,1,0,1,0,0000000,99,99,99,99,99,99,0,0,0,1,1
26,260903,4,4,0,6,163,1260,28,8,2010,7,12,45,0,14,6,MT ELLIOTT,LAFAYETTE,4,42.34692500,-83.012116670,0,12,6,0,2,2,1,0,1,1,0,1,0,0000000,99,99,99,99,99,99,0,0,0,1,0
26,260904,2,2,0,3,163,1260,30,11,2010,3,6,30,1,11,1,I-75,,35,42.31608611,-83.084677780,0,12,7,1,18,1,1,0,3,2,0,2,0,0000000,99,99,99,99,99,99,0,0,0,1,0
26,260905,1,1,0,2,65,2700,20,11,2010,7,2,29,0,15,6,TURNER ST,,12,42.76367222,-84.555705560,0,33,0,0,1,1,4,0,3,10,0,10,0,0000000,99,99,99,99,99,99,0,0,0,1,0
27,270001,3,3,0,5,115,5967,1,1,2010,6,17,45,0,3,3,SR-70 0300000070,,212,45.77366111,-92.949788890,1,12,2,0,1,1,1,0,2,1,0,1,0,0000000,99,99,99,99,99,99,0,0,0,2,1
27,270002,2,2,0,5,95,0,1,1,2010,6,17,5,1,2,2,US-169 0200000169,CR 11,1938,45.82220556,-93.655852780,0,12,6,0,2,2,1,0,5,1,0,1,0,0000000,17,5,17,13,17,47,0,0,0,1,0
27,270003,2,2,0,3,71,5290,2,1,2010,7,17,52,0,2,2,US-71 0200000071,,3549,47.87328333,-94.288386110,0,12,2,0,1,1,1,0,2,1,0,1,0,0000000,17,52,99,99,88,88,0,0,0,1,2
27,270004,2,2,0,2,141,0,5,1,2010,3,21,9,0,3,4,CR 11 0471000011,,19,45.32850833,-93.816141670,0,12,2,0,1,1,1,0,2,1,0,1,0,0000000,21,9,99,99,99,99,0,0,0,1,1
27,270006,2,2,0,2,53,5732,6,1,2010,4,14,34,0,2,3,SR-55 0300000055,FERNBROOK LN,1803,45.01205000,-93.461572220,0,12,1,0,3,2,1,0,1,10,0,10,0,0000000,14,34,14,37,88,88,0,0,0,1,0
27,270007,2,2,0,2,151,0,7,1,2010,5,9,56,0,2,2,US-12 0200000012,,611,45.17750833,-95.287758330,0,12,2,0,1,1,1,0,1,1,0,1,0,0000000,9,58,10,3,10,31,0,0,0,1,0