STATE,ST_CASE,VE_TOTAL,VE_FORMS,PEDS,PERSONS,COUNTY,CITY,DAY,MONTH,YEAR,DAY_WEEK,HOUR,MINUTE,NHS,ROAD_FNC,ROUTE,TWAY_ID,TWAY_ID2,MILEPT,LATITUDE,LONGITUD,SP_JUR,HARM_EV,MAN_COLL,RELJCT1,RELJCT2,TYP_INT,REL_ROAD,WRK_ZONE,LGT_COND,WEATHER1,WEATHER2,WEATHER,SCH_BUS,RAIL,NOT_HOUR,NOT_MIN,ARR_HOUR,ARR_MIN,HOSP_HR,HOSP_MN,CF1,CF2,CF3,FATALS,DRUNK_DR
27,270008,2,2,0,5,145,0,5,1,2010,3,21,28,1,1,1,I-94 0100000094,,1371,45.66508889,-94.768125000,0,12,1,0,1,1,1,0,2,1,0,1,0,0000000,21,25,21,30,21,44,0,0,0,1,0
27,270009,2,2,0,2,53,2886,12,1,2010,3,15,55,0,2,3,SR-55 0300000055,,1677,45.07261944,-93.695333330,0,12,2,0,1,1,1,0,1,1,0,1,0,0000000,15,55,16,1,16,54,0,0,0,1,0
27,270010,1,1,0,1,69,0,12,1,2010,3,19,30,0,4,4,CR 20 0435000020,,73,48.63432222,-96.606083330,0,1,0,0,1,1,5,0,2,1,0,1,0,0000000,19,42,19,57,88,88,0,0,0,1,1
27,270011,1,1,1,1,137,3255,12,1,2010,3,22,54,0,14,4,MIDWAY RD 0469000013,,62,46.78872222,-92.279761110,0,8,0,0,1,1,1,0,2,10,0,10,0,0000000,22,54,23,10,88,88,0,0,0,1,0
27,270012,1,1,0,1,105,0,14,1,2010,5,22,35,1,1,1,I-90 0100000090,,484,43.63754167,-95.501633330,0,1,0,0,1,1,4,0,2,4,11,4,0,0000000,22,41,22,52,88,88,0,0,0,1,0
27,270013,2,2,0,8,129,0,14,1,2010,5,21,37,0,4,4,CR 6 0465000006,,125,44.82697778,-95.220147220,0,12,6,0,1,1,1,0,2,10,11,11,1,0000000,21,38,21,49,22,51,0,0,0,1,0
27,270014,1,1,0,4,167,0,15,1,2010,6,6,44,1,1,1,I-94 0100000094,,320,46.55214722,-96.311427780,0,1,0,0,1,1,3,0,2,10,5,5,0,0000000,6,44,7,0,8,10,0,0,0,1,0
27,270015,2,2,0,2,27,0,16,1,2010,7,9,30,0,14,2,US-75 0200000075,,2565,46.94870000,-96.746188890,0,12,2,0,1,1,1,0,1,10,0,10,0,0000000,9,34,9,41,88,88,0,0,0,1,0
27,270016,2,2,0,2,13,0,18,1,2010,2,15,41,0,3,3,SR-22 0300000022,,368,43.94972500,-93.958452780,0,12,2,0,1,1,1,0,1,1,0,1,0,0000000,15,40,15,51,99,99,0,0,0,2,0
27,270017,1,1,0,3,119,0,20,1,2010,4,8,22,1,2,2,US-2 0200000002,,756,47.53080000,-95.664180560,0,1,0,0,1,1,1,0,1,1,0,1,0,0000000,8,23,8,28,9,13,0,0,0,1,0
27,270018,3,3,0,6,131,0,21,1,2010,5,17,34,0,3,3,SR-60 0300000060,,1378,44.22071389,-93.498380560,0,12,6,0,1,1,1,0,5,3,0,3,0,0000000,17,33,17,55,18,48,0,0,0,1,0
27,270019,2,2,0,3,163,5339,23,1,2010,7,14,23,1,13,3,SR-36 0300000036,,206,45.04441667,-92.796169440,0,54,11,0,1,1,1,0,1,2,0,2,0,0000000,14,25,99,99,88,88,14,0,0,1,0
27,270020,1,1,0,1,141,0,23,1,2010,7,15,11,0,5,4,CR 45 0771000045,,72,45.51376667,-93.593205560,0,53,0,0,1,1,4,0,1,2,0,2,0,0000000,15,11,99,97,99,97,0,0,0,1,1
27,270021,1,1,0,3,53,4760,28,1,2010,5,22,10,0,15,6,60 ST E 0525850271,,11,44.89433333,-93.255816670,0,42,0,0,1,1,4,0,6,1,0,1,0,0000000,22,10,99,99,99,99,0,0,0,2,1
27,270022,2,2,0,4,145,5980,29,1,2010,6,7,57,1,2,3,SR-23 0300000023,CR 47,1914,45.47222778,-94.323544440,0,12,6,0,2,2,1,0,1,1,0,1,0,0000000,7,58,99,99,99,99,0,0,0,1,0
27,270023,1,1,0,3,163,0,29,1,2010,6,8,28,0,3,3,SR-95 0300000095,,950,45.16176111,-92.766977780,0,1,0,0,1,1,4,0,1,1,0,1,0,0000000,8,28,8,40,99,99,0,0,0,1,1
27,270024,1,1,0,1,53,3410,29,1,2010,6,10,38,0,14,4,EXCELSIOR 0427000003,,58,44.92365000,-93.400172220,0,31,0,1,18,1,3,0,1,1,0,1,0,0000000,10,39,10,46,88,88,0,0,0,1,1
27,270025,2,2,0,2,63,0,1,2,2010,2,10,4,1,1,1,I-90 0100000090,,572,43.63763056,-95.349205560,0,12,1,0,1,1,1,0,1,4,11,4,0,0000000,10,7,99,99,88,88,0,0,0,1,0
27,270026,2,1,0,2,91,0,1,2,2010,2,13,24,0,4,4,CR 8 0446000008,,188,43.52956667,-94.516508330,0,45,0,0,1,1,2,2,1,4,0,4,0,0000000,13,24,99,99,88,88,0,0,0,1,0
27,270027,2,2,0,2,59,0,3,2,2010,4,5,38,0,4,4,CR 5 0430000005,,221,45.50020833,-93.115111110,0,12,2,0,1,1,1,0,2,1,0,1,0,0000000,99,98,99,98,88,88,0,0,0,2,0
27,270028,2,2,0,2,19,1170,4,2,2010,5,21,52,0,14,3,SR-5 0300000005,,415,44.86663056,-93.618661110,0,12,6,0,1,1,1,0,2,4,3,4,0,0000000,21,52,22,5,99,99,0,0,0,1,0
27,270029,2,2,0,2,169,0,6,2,2010,7,5,13,1,1,1,I-90 0100000090,,2542,43.95532222,-91.656463890,0,12,6,0,1,1,1,0,4,10,0,10,0,0000000,5,13,99,99,88,88,19,0,0,1,0
27,270030,1,1,1,1,141,610,2,2,2010,3,18,48,0,15,4,CR 43 0771000043,,6,45.34102500,-93.731591670,0,8,0,0,1,1,1,0,2,10,4,4,0,0000000,18,49,18,51,19,44,0,0,0,1,0
27,270031,1,1,1,1,111,0,7,2,2010,1,16,9,1,1,1,I-94 0100000094,,676,46.14632778,-95.936291670,0,8,0,1,18,1,2,0,1,4,0,4,0,0000000,16,29,16,45,17,5,23,0,0,1,0
27,270032,1,1,0,2,75,3845,8,2,2010,2,16,37,1,2,3,SR-61 0300000061,,182,46.95226111,-91.787027780,0,1,0,0,1,1,4,0,1,4,6,4,0,0000000,16,33,16,42,17,12,0,0,0,1,0
27,270033,2,2,0,6,37,1945,11,2,2010,5,14,54,0,14,4,CLIFF RD  0419000032,GALAXIE AVE,49,44.79002778,-93.197736110,0,12,6,0,2,2,1,0,1,1,0,1,0,0000000,14,54,15,1,15,21,0,0,0,1,0
27,270034,2,2,0,3,85,2710,12,2,2010,6,10,25,1,13,2,US-212 0200000212,SR-22 CHANDLER AVE,1195,44.76348611,-94.158113890,0,12,6,0,2,3,1,0,1,5,0,5,0,0000000,10,25,10,29,99,99,0,0,0,2,0
27,270035,2,2,0,6,13,0,14,2,2010,1,16,4,0,3,3,SR-22 0300000022,,393,43.98547500,-93.958255560,0,12,6,0,1,1,1,0,1,11,0,11,0,0000000,16,1,16,20,99,99,0,0,0,1,0
27,270037,2,2,0,3,53,4760,23,2,2010,3,8,44,0,14,3,SR-121 0300000121,SR-61 WB ENT RAMP,4,44.89172500,-93.294841670,0,12,6,1,2,2,1,1,1,4,10,4,0,0000000,8,50,8,54,9,16,3,0,0,2,0
27,270038,1,1,1,1,147,4620,17,2,2010,4,10,34,0,4,4,N MAIN ST 0474000045,,239,44.17481389,-93.246866670,0,8,0,0,4,1,4,0,1,1,0,1,0,0000000,10,35,10,43,11,0,0,0,0,1,0
27,270039,2,2,0,4,103,0,27,2,2010,7,0,58,1,2,2,US-14 0200000014,SR-99,1179,44.27517222,-94.200341670,0,12,6,0,2,3,1,0,3,1,0,1,0,0000000,0,58,99,99,99,99,0,0,0,1,1
27,270040,2,2,0,2,85,0,1,3,2010,2,15,24,0,5,4,CR 25 0443000025,,61,44.80356111,-94.335988890,0,12,2,0,1,1,1,0,1,1,0,1,0,0000000,15,25,15,35,16,14,0,0,0,1,0
27,270042,1,1,1,2,37,956,5,3,2010,6,19,17,1,11,1,I-35W 010000035W,,13,44.75574444,-93.288063890,0,8,0,0,1,1,1,0,2,1,0,1,0,0000000,19,18,19,25,88,88,0,0,0,1,0
27,270043,2,2,0,2,5,0,5,3,2010,6,23,4,1,2,2,US-10 0200000010,W FRONTAGE RD,411,46.84001389,-95.924377780,1,12,6,0,2,2,1,0,2,1,0,1,0,0000000,23,4,23,17,88,88,0,0,0,1,1
27,270044,2,2,0,3,137,0,11,3,2010,5,17,19,0,3,3,SR-1 0300000001,,2758,47.87336111,-92.024358330,0,12,2,0,1,1,1,0,1,10,2,2,0,0000000,17,19,17,29,17,55,0,0,0,2,1
27,270045,1,1,0,2,73,0,14,3,2010,1,4,45,0,3,2,US-75 0200000075,,1103,45.03133889,-96.199408330,0,35,0,0,1,1,4,0,4,5,10,5,0,0000000,7,48,8,6,88,88,0,0,0,2,1
27,270046,2,2,0,6,47,0,15,3,2010,2,10,3,1,11,1,I-35 010000035,,119,43.66382500,-93.321119440,0,12,6,0,7,1,1,0,1,5,0,5,0,0000000,10,8,10,10,99,99,0,0,0,1,0
27,270047,1,1,1,1,53,4760,16,3,2010,3,20,3,0,15,6,MINNEHAHA 1025851121,BLOOMINGTON AVE S,12,44.91441944,-93.252430560,0,8,0,0,3,2,1,0,1,1,0,1,0,0000000,20,3,20,7,20,24,0,0,0,1,0
27,270049,1,1,0,4,49,0,18,3,2010,5,18,49,1,2,2,US-52 0200000052,,980,44.50188056,-92.913711110,0,35,0,0,7,1,3,0,1,1,0,1,0,0000000,18,52,18,57,19,10,0,0,0,1,0
27,270050,3,3,0,5,3,1440,18,3,2010,5,11,0,0,14,3,SR-65 0300000065,50TH AVE NE,76,45.05912222,-93.247672220,0,12,1,0,3,2,1,0,1,1,0,1,0,0000000,11,0,11,7,11,24,0,0,0,1,0
27,270051,1,1,1,2,53,1570,20,3,2010,7,1,41,0,14,4,BROADWAY 0427000008,,16,45.04923889,-93.359108330,0,8,0,0,1,1,1,0,3,1,0,1,0,0000000,1,41,99,99,88,88,0,0,0,1,0
27,270052,1,1,0,2,43,0,21,3,2010,1,3,33,1,1,1,I-90 0100000090,,1298,43.65246944,-93.902333330,0,1,0,0,1,1,3,8,2,1,0,1,0,0000000,3,33,3,48,4,26,0,0,0,1,0
27,270053,1,1,0,2,45,0,22,3,2010,2,1,49,0,4,3,SR-80 0300000080,,39,43.71083056,-92.217630560,0,1,0,0,1,1,4,0,2,1,0,1,0,0000000,1,37,1,55,99,99,0,0,0,1,1
27,270054,2,2,0,2,35,770,22,3,2010,2,17,28,1,13,3,SR-210 0300000210,SR-25 CR-3,1240,46.36217778,-94.177200000,0,12,1,0,2,2,1,0,1,10,0,10,0,0000000,17,28,17,34,88,88,0,0,0,1,0
27,270055,1,1,1,1,21,0,22,3,2010,2,15,20,0,6,5,HASSMAN H 0811000225,,8,46.70051667,-94.393830560,0,8,0,0,1,1,1,0,1,10,0,10,1,0000000,15,21,15,22,88,88,0,0,0,1,0
27,270056,1,1,0,1,171,0,27,3,2010,7,16,43,0,4,4,CR-8 0486000008,,174,45.20926667,-93.989222220,0,35,0,0,1,1,5,0,5,1,0,1,0,0000000,16,46,16,51,99,99,0,0,0,1,1
27,270057,1,1,0,1,13,0,21,3,2010,1,7,20,0,3,4,CR-90 0407000090,,47,44.10970278,-94.014458330,0,59,0,0,1,1,10,4,1,1,0,1,0,0000000,7,21,7,49,99,99,0,0,0,1,1
27,270059,1,1,1,1,171,6320,31,3,2010,4,15,8,0,14,4,CR-19 0486000019,,43,45.21683333,-93.664625000,0,8,0,0,1,1,1,0,1,1,0,1,0,0000000,15,11,15,12,15,42,0,0,0,1,0
27,270060,1,1,0,2,115,0,1,4,2010,5,0,20,0,5,4,WILDFIRE 0458000020,,50,46.05487222,-92.825008330,0,1,0,0,1,1,1,0,2,1,0,1,0,0000000,0,23,0,34,1,4,0,0,0,1,1
27,270062,1,1,0,1,89,0,4,4,2010,1,6,41,0,4,4,CR-3 0445000003,,138,48.32572778,-96.566722220,0,59,0,0,1,1,4,0,4,1,0,1,0,0000000,99,99,99,99,88,88,0,0,0,1,1
27,270063,1,1,0,3,35,0,6,4,2010,3,19,58,0,3,3,SR-25 0300000025,,1487,46.27121389,-94.131191670,0,53,0,0,1,1,4,0,5,1,0,1,0,0000000,20,0,20,9,99,99,0,0,0,2,1
27,270065,1,1,0,2,123,6070,11,4,2010,1,15,46,0,14,4,LEXINGTON 0462000051,,59,44.99482500,-93.146461110,0,41,0,0,1,1,4,0,1,1,0,1,0,0000000,15,46,15,52,88,88,0,0,0,2,0
27,270066,1,1,1,1,115,0,10,4,2010,7,23,34,0,5,4,RUTLEDGE 0458000039,,49,46.25949722,-92.885055560,0,8,0,0,1,1,1,0,2,1,0,1,0,0000000,23,37,23,48,23,59,0,0,0,1,0
27,270067,1,1,0,1,163,3440,10,4,2010,7,13,30,0,16,6,ONEKA PWY 1018550246,,3,45.16647222,-93.001252780,0,3,0,0,1,1,5,0,1,1,0,1,0,0000000,13,38,13,43,14,19,0,0,0,1,1
27,270068,2,2,0,2,113,0,11,4,2010,1,20,45,0,3,4,CENTER ST 0457000003,,116,48.02057778,-96.240441670,0,12,1,0,1,1,1,0,2,10,2,2,0,0000000,99,99,99,99,88,88,0,0,0,1,0
27,270069,3,3,0,3,141,0,12,4,2010,2,6,27,1,2,2,US-10 0200000010,,1849,45.51116667,-94.073513890,0,12,7,0,1,1,1,0,1,1,0,1,0,0000000,6,27,99,99,99,99,0,0,0,1,0
27,270070,1,1,0,1,7,0,14,4,2010,4,16,45,0,6,3,SR-89 0300000089,,677,48.28111667,-95.357966670,0,1,0,0,1,1,4,0,1,1,0,1,0,0000000,16,52,17,38,88,88,0,0,0,1,0
27,270071,1,1,0,3,115,0,17,4,2010,7,6,23,0,6,5,SUNNYHILL 0858000162,,31,45.93903889,-93.002075000,0,1,0,0,1,1,1,0,1,1,0,1,0,0000000,6,23,6,36,7,20,0,0,0,1,1
27,270072,2,2,0,2,123,6330,17,4,2010,7,12,5,0,15,6,CASE ST 0534250115,MENDOTA ST,11,44.97030556,-93.063411110,0,12,6,0,2,2,1,0,1,1,0,1,0,0000000,12,5,12,9,12,21,0,0,0,1,0
27,270073,2,2,0,3,41,0,18,4,2010,1,13,53,0,4,4,CR-7 0421000007,,158,45.95936111,-95.603530560,0,12,6,0,1,1,1,0,1,1,0,1,0,0000000,13,53,14,4,99,99,0,0,0,1,1
27,270074,1,1,0,1,111,0,18,4,2010,1,19,21,0,4,4,CR-35 0456000035,,301,46.47710833,-95.817558330,0,1,0,0,1,1,4,0,1,1,0,1,0,0000000,19,21,19,31,88,88,0,0,0,1,1
27,270075,1,1,0,2,151,0,18,4,2010,1,18,41,0,4,4,CR-26 0476000026,,77,45.40083333,-95.423705560,0,1,0,0,1,1,2,0,1,10,0,10,0,0000000,18,41,18,52,19,20,0,0,0,1,0
27,270076,1,1,0,3,169,0,19,4,2010,2,16,25,0,4,4,CR-25 048500025,,225,44.05876944,-91.821475000,0,1,0,0,1,1,4,0,1,1,0,1,0,0000000,16,25,16,39,99,99,0,0,0,1,0
27,270077,1,1,0,2,145,5980,23,4,2010,6,13,18,0,5,4,CR-47 0473000047,,20,45.47214167,-94.292786110,0,11,0,0,1,1,1,0,1,1,0,1,0,0000000,13,18,99,99,99,99,0,0,0,1,0
27,270078,2,2,0,6,169,0,23,4,2010,6,15,20,0,4,4,CR-27 0485000027,,17,44.04949444,-91.924447220,0,12,7,0,1,1,1,0,1,1,0,1,0,0000000,15,20,15,28,99,99,0,0,0,3,0
27,270079,2,2,0,5,95,5410,24,4,2010,7,18,8,1,2,2,US-169 0200000169,SR-27,2112,46.07325556,-93.657688890,0,12,6,0,2,2,1,0,1,10,0,10,0,0000000,18,8,18,11,18,24,0,0,0,1,1
27,270080,1,1,0,1,53,675,25,4,2010,1,20,40,1,1,1,I-35W 010000035W,,88,44.86181667,-93.298333330,0,21,0,1,18,1,3,0,3,1,0,1,0,0000000,20,40,20,45,99,99,0,0,0,1,1
27,270081,3,3,0,6,37,0,26,4,2010,2,12,19,0,3,4,CR-47 0419000047,GOODWIN AVE,152,44.64980833,-92.954258330,0,12,6,0,2,2,1,0,1,1,0,1,0,0000000,12,25,12,35,88,88,0,0,0,3,0
27,270082,2,2,0,2,119,0,26,4,2010,2,16,38,1,2,2,US-2 0200000002,,571,47.66656667,-96.003002780,0,12,1,0,6,1,1,0,1,1,0,1,0,695794E,16,43,16,57,88,88,0,0,0,1,0
27,270083,1,1,1,2,47,0,27,4,2010,3,16,36,1,1,1,I-35 0100000035,,21,43.52173056,-93.355233330,0,8,0,0,7,1,1,0,1,1,0,1,0,0000000,16,36,99,99,99,99,23,0,0,1,0
27,270084,2,2,0,2,147,0,21,1,2010,5,14,0,0,6,5,SE 88 ST 0874000126,,25,43.96454722,-93.195733330,0,12,6,0,1,1,1,0,1,3,0,3,0,0000000,14,1,14,15,14,23,0,0,0,1,0
27,270085,1,1,0,1,59,0,18,4,2010,1,11,45,0,2,3,SR-65 0300000065,,360,45.46827500,-93.235083330,0,35,0,0,1,1,4,0,1,1,0,1,0,0000000,88,88,88,88,88,88,0,0,0,1,0
27,270086,2,2,0,4,59,0,24,4,2010,7,12,29,0,3,3,SR-47 0300000047,SR-95,495,45.58698333,-93.388925000,0,12,6,0,2,2,1,0,1,2,0,2,0,0000000,12,29,99,99,99,99,0,0,0,1,0
27,270087,1,1,0,1,85,0,28,4,2010,4,6,5,0,5,4,COMMON ST 0743000056,,27,44.97871944,-94.080286110,0,1,0,0,1,1,4,0,1,1,0,1,0,0000000,6,7,6,22,88,88,0,0,0,1,1
27,270088,2,2,0,2,167,0,28,4,2010,4,11,28,0,4,4,CR-3 0484000003,,180,46.62736389,-96.635647220,0,12,2,0,1,1,1,0,1,1,0,1,0,0000000,11,32,99,99,88,88,0,0,0,1,0
27,270089,3,3,0,4,93,0,29,4,2010,5,7,20,0,3,3,SR-7 0300000007,,1273,44.93561667,-94.625797220,0,12,8,0,8,1,1,0,1,10,0,10,0,0000000,7,22,7,26,99,99,14,0,0,2,1
27,270090,1,1,0,1,79,0,30,4,2010,6,23,27,0,4,4,CR-21 0440000021,,23,44.26755833,-93.975558330,0,42,0,0,1,1,4,0,2,1,0,1,0,0000000,23,27,23,40,88,88,0,0,0,1,1
27,270091,2,2,0,3,163,5334,30,4,2010,6,9,14,1,11,1,I-694 0100000694,,573,44.96095556,-92.958194440,0,12,1,1,18,1,1,1,1,2,0,2,0,0000000,9,15,9,20,99,99,0,0,0,1,0
27,270092,1,1,0,1,111,0,17,4,2010,7,20,12,0,6,5,340TH ST 0856000064,,91,46.45592500,-95.342836110,0,1,0,0,1,1,4,0,1,1,0,1,0,0000000,20,12,20,26,88,88,0,0,0,1,1
27,270093,1,1,0,5,79,0,1,5,2010,7,5,56,0,4,4,CR-26 0440000026,,71,44.44217778,-93.778897220,0,35,0,0,1,1,5,0,9,1,0,1,0,0000000,6,21,6,33,7,1,0,0,0,1,1
27,270094,2,2,0,2,145,6250,1,5,2010,7,9,28,0,14,4,CR-4 0473000004,54TH AVE N,124,45.56905278,-94.225233330,0,12,6,0,3,2,1,0,1,10,0,10,0,0000000,99,99,99,99,88,88,0,0,0,1,0
27,270095,1,1,1,1,3,2560,2,5,2010,1,13,31,0,14,3,SR-47 0300000047,MISSISSIPPI ST NE,89,45.08607500,-93.263636110,0,8,0,0,3,2,1,0,1,1,0,1,0,0000000,13,31,13,36,13,53,0,0,0,1,0
27,270096,2,2,0,7,59,1020,25,4,2010,1,2,14,0,13,3,SR-95 0300000095,,403,45.57253333,-93.240122220,0,12,2,0,1,1,1,0,3,10,0,10,0,0000000,2,29,2,36,2,56,0,0,0,6,1
27,270097,4,4,0,5,163,3120,3,5,2010,2,6,20,1,13,2,US-6100200000061,,1180,44.75531667,-92.853333330,0,12,6,0,1,1,1,0,1,1,0,1,0,0000000,6,20,99,99,99,99,0,0,0,1,0
27,270098,1,1,1,1,111,6080,3,5,2010,2,13,39,0,4,4,CENTER ST 0456000052,,624,46.47484167,-96.280686110,0,8,0,0,1,1,5,0,1,1,0,1,0,0000000,13,35,13,52,88,88,0,0,0,1,0
27,270100,2,2,0,4,85,0,7,5,2010,6,9,21,0,3,4,AIRPORTRD 0443000008,ADAMS ST SE,86,44.86352222,-94.335780560,0,12,6,0,2,2,1,0,1,2,10,2,0,0000000,9,21,9,24,99,99,0,0,0,1,0
27,270101,1,1,0,3,145,6250,7,5,2010,6,19,17,0,3,6,9TH AV N 0533800145,,48,45.58123889,-94.172619440,0,30,0,0,1,1,3,0,1,2,3,3,0,0000000,19,18,19,22,19,30,0,0,0,1,1
27,270102,2,2,0,4,137,0,7,5,2010,6,19,29,1,2,2,US-2 0200000002,,2395,46.84884722,-92.571647220,0,12,8,0,1,1,2,0,1,4,0,4,0,0000000,19,26,19,33,20,35,0,0,0,1,0
27,270103,1,1,0,1,17,0,9,5,2010,1,18,6,0,6,5,WCHUBLKRD 0809000353,,32,46.64148889,-92.448113890,0,1,0,0,1,1,4,0,1,1,0,1,0,0000000,18,6,18,14,88,88,0,0,0,1,1
27,270104,1,1,0,1,127,0,8,5,2010,7,5,45,0,5,4,CR-30 0464000030,,48,44.50844167,-95.503208330,0,30,0,0,1,1,4,0,4,1,0,1,0,0000000,5,45,5,53,88,88,0,0,0,1,1
27,270105,1,1,0,1,3,1108,10,5,2010,2,8,27,0,15,6,SIMS RD 0528890107,,8,45.35522222,-93.302755560,0,42,0,0,1,1,4,0,9,10,0,10,0,0000000,8,27,8,33,88,88,0,0,0,1,1
27,270106,1,1,0,1,35,5560,11,5,2010,3,13,5,0,6,6,ALPINE DR,,1,46.59762222,-94.224738890,0,42,0,0,1,1,5,0,1,2,0,2,0,0000000,13,9,13,18,88,88,0,0,0,1,1
27,270108,1,1,1,1,37,956,13,5,2010,5,18,54,1,13,4,CLIFF RD 0419000032,E RIVER HILLS DR,31,44.79025833,-93.234963890,0,9,0,0,3,2,1,0,1,10,0,10,0,0000000,18,52,18,59,19,25,0,0,0,1,0
27,270109,1,1,0,1,3,0,14,5,2010,6,22,53,0,4,4,FAWN LK D 0402000076,,3,45.40606667,-93.094141670,0,1,0,0,1,1,4,0,2,1,0,1,0,0000000,22,53,23,5,88,88,0,0,0,1,1
27,270110,1,1,1,1,53,5732,19,5,2010,4,18,14,0,14,4,CR-47 0727000047,LAWNDALE AVE N,10,45.06182778,-93.502161110,0,9,0,0,2,3,1,0,1,1,0,1,0,0000000,18,14,99,99,88,88,0,0,0,1,0
27,270111,1,1,0,1,89,0,20,5,2010,5,2,51,0,6,4,CENTER AV 0757000072,205TH ST NW,162,48.17489167,-96.261105560,0,1,0,0,3,3,5,0,2,1,0,1,0,0000000,2,51,99,98,88,88,0,0,0,1,1
27,270112,2,2,0,4,151,0,5,5,2010,4,16,26,0,5,4,CR-14 0476000014,30TH AVE SE,110,45.26701667,-95.562175000,0,12,6,0,2,4,1,0,1,1,0,1,0,0000000,16,28,16,35,16,47,0,0,0,2,0
27,270113,1,1,0,1,13,0,22,5,2010,7,13,36,0,4,4,CR-20 0407000020,,82,44.01442500,-94.238333330,0,35,0,0,1,1,4,0,1,6,0,6,0,0000000,13,36,13,51,99,99,0,0,0,1,0
27,270114,2,2,0,2,3,1492,22,5,2010,7,14,25,1,12,2,US-10 0200000010,,2339,45.15356944,-93.275263890,0,12,98,1,5,1,1,0,1,1,0,1,0,0000000,14,25,14,31,15,1,0,0,0,1,1
27,270115,1,1,0,1,53,1570,22,5,2010,7,22,35,0,14,4,DOUGLASDR 0427000102,W BROADWAY,45,45.04985556,-93.360027780,0,59,0,0,2,3,3,0,3,1,0,1,0,0000000,22,35,22,41,88,88,0,0,0,1,0
27,270116,1,1,0,2,91,0,22,5,2010,7,17,11,0,6,5,240TH ST 0846000110,,139,43.83267222,-94.473152780,0,1,0,0,1,1,4,0,1,1,0,1,0,0000000,17,11,17,18,99,99,0,0,0,2,0
27,270117,1,1,0,1,47,0,22,5,2010,7,14,19,0,4,4,CR 29 0424000029,,39,43.76487500,-93.572322220,0,42,0,0,1,1,4,0,1,6,10,6,0,0000000,14,19,14,24,88,88,0,0,0,1,1
27,270118,4,4,0,4,37,3990,24,5,2010,2,11,30,1,11,1,I-35 0100000035,,810,44.63348333,-93.297986110,0,12,1,0,1,1,1,1,1,1,0,1,0,0000000,11,29,11,41,99,99,0,0,0,2,0
27,270119,1,1,0,1,141,2110,25,5,2010,3,13,16,0,2,2,US-10 0200000010,,2105,45.31487500,-93.657647220,0,1,0,0,1,1,3,0,1,1,0,1,0,0000000,13,15,13,25,99,99,0,0,0,1,0
27,270120,2,2,0,3,47,90,26,5,2010,4,10,12,0,14,6,CLARK ST 0500450103,WASHINGTON AVE,10,43.64977222,-93.369994440,0,12,6,0,2,2,1,0,1,1,0,1,0,0000000,10,12,10,13,10,33,0,0,0,1,0
27,270121,1,1,0,1,171,7430,25,5,2010,3,11,26,1,2,2,US-12 0200000012,1 1/2 ST S,1295,45.06614722,-93.962688890,0,11,0,0,3,3,1,0,1,10,0,10,0,0000000,11,21,11,30,12,20,0,0,0,1,0
27,270122,2,2,0,2,85,0,28,5,2010,6,12,34,0,2,3,SR-15 0300000015,,861,44.68238611,-94.376061110,0,12,8,0,1,1,1,0,1,1,0,1,0,0000000,12,35,12,55,13,9,0,0,0,1,0
27,270123,1,1,1,1,109,0,26,5,2010,4,17,56,0,6,5,NEW HAVEN 0855000337,,9,44.15480833,-92.603613890,0,9,0,0,1,1,1,0,1,1,0,1,0,0000000,17,56,18,10,99,99,0,0,0,1,0
27,270124,2,2,0,6,55,0,29,5,2010,7,11,40,0,3,3,SR-16 0300000016,,2543,43.78572778,-91.705125000,0,54,11,0,1,1,1,0,1,1,0,1,0,0000000,11,40,99,99,99,99,14,0,0,2,0
27,270125,1,1,0,1,163,7716,29,5,2010,7,19,3,0,14,6,LAKE RD 0541730108,,18,44.90488333,-92.958941670,0,59,0,0,1,1,4,0,1,1,0,1,0,0000000,19,3,19,8,19,30,0,0,0,1,1
27,270126,2,2,0,3,117,0,29,5,2010,7,19,38,0,3,3,SR-30,CR-16,131,43.99390833,-96.204769440,0,12,6,0,2,2,1,0,1,1,0,1,0,0000000,19,42,19,51,20,17,0,0,0,1,0
27,270127,1,1,0,1,25,5260,30,5,2010,1,12,12,1,1,1,I-35 0100000035,,1500,45.54031667,-92.990925000,0,1,0,0,1,1,4,0,1,1,0,1,0,0000000,12,12,12,18,88,88,0,0,0,1,0
27,270128,1,1,0,2,115,0,30,5,2010,1,16,41,0,5,4,RUSSELLRD 0758000117,,50,45.80246389,-92.876744440,0,35,0,0,1,1,5,0,1,2,0,2,0,0000000,16,42,16,51,17,23,0,0,0,1,0
27,270129,1,1,0,2,149,0,31,5,2010,2,0,3,0,3,3,SR-28 0300000028,,464,45.57193611,-95.941605560,0,35,0,0,1,1,5,0,3,1,0,1,0,0000000,0,7,0,13,0,26,0,0,0,1,1