STATE,ST_CASE,VE_TOTAL,VE_FORMS,PEDS,PERSONS,COUNTY,CITY,DAY,MONTH,YEAR,DAY_WEEK,HOUR,MINUTE,NHS,ROAD_FNC,ROUTE,TWAY_ID,TWAY_ID2,MILEPT,LATITUDE,LONGITUD,SP_JUR,HARM_EV,MAN_COLL,RELJCT1,RELJCT2,TYP_INT,REL_ROAD,WRK_ZONE,LGT_COND,WEATHER1,WEATHER2,WEATHER,SCH_BUS,RAIL,NOT_HOUR,NOT_MIN,ARR_HOUR,ARR_MIN,HOSP_HR,HOSP_MN,CF1,CF2,CF3,FATALS,DRUNK_DR
27,270130,1,1,0,1,15,0,31,5,2010,2,19,56,0,5,4,CR-10 0408000010,,295,44.40845833,-94.701244440,0,35,0,0,1,1,6,0,1,10,0,10,0,0000000,19,57,20,6,99,99,0,0,0,1,1
27,270131,1,1,1,1,115,0,1,6,2010,3,15,2,1,1,1,I-35 0100000035,,2032,46.28501389,-92.820975000,0,8,0,0,1,1,2,0,1,10,0,10,0,0000000,15,5,15,24,88,88,23,0,0,1,0
27,270132,2,2,0,4,141,0,2,6,2010,4,10,44,0,4,4,CR 4 0471000004,185TH ST,50,45.42955000,-93.778416670,0,12,6,0,2,4,1,0,1,10,0,10,0,0000000,99,99,99,99,99,99,0,0,0,1,0
27,270133,2,2,0,2,35,0,3,6,2010,5,12,11,1,2,3,SR-361 0300000361,,252,46.31121667,-94.267616670,0,12,6,0,7,1,1,0,1,1,0,1,0,0000000,12,11,12,15,12,56,0,0,0,1,0
27,270134,1,1,0,1,139,6450,4,6,2010,6,11,11,1,14,3,SR-13 0300000013,,904,44.75721111,-93.379638890,0,11,0,0,1,1,1,0,1,10,0,10,0,0000000,11,11,11,20,88,88,0,0,0,1,0
27,270135,2,2,0,2,63,0,4,6,2010,6,19,31,0,4,4,CR-29 0432000029,CR-34,108,43.64583056,-94.874927780,0,12,6,0,2,2,1,0,1,10,0,10,0,0000000,19,32,19,38,19,57,0,0,0,1,0
27,270136,1,1,0,1,21,0,7,6,2010,2,6,54,0,6,5,32 AVE SW 0811000438,,53,46.77921111,-94.450075000,0,1,0,0,1,1,1,0,2,1,0,1,0,0000000,6,54,99,99,88,88,0,0,0,1,0
27,270137,1,1,1,4,141,0,4,6,2010,6,0,35,0,2,3,SR-24 0300000024,,452,45.42103056,-94.034783330,0,8,0,0,1,1,1,0,2,10,2,2,0,0000000,0,36,0,53,1,19,0,0,0,1,0
27,270138,2,2,0,3,163,7716,11,6,2010,6,6,18,1,11,1,I-94 0100000094,,2536,44.94879444,-92.877536110,0,12,2,0,1,1,1,0,1,10,2,2,0,0000000,6,18,6,24,6,47,0,0,0,1,0
27,270139,1,1,1,1,131,0,11,6,2010,6,10,15,0,3,3,SR-21 0300000021,CANBY ST,40,44.34475278,-93.322947220,0,9,0,0,3,2,1,0,1,10,0,10,0,0000000,99,99,10,25,99,99,0,0,0,1,0
27,270140,2,2,0,3,15,0,2,6,2010,4,18,16,0,3,4,CR 29 0408000029,,164,44.34823056,-94.541986110,0,12,6,0,1,1,1,0,1,1,0,1,0,0000000,18,16,18,28,99,99,0,0,0,1,0
27,270141,2,2,0,3,123,6330,16,6,2010,4,10,26,0,14,4,PIERCEBUT 0462000033,HAMELIN,21,44.96787222,-93.156830560,0,12,6,0,2,2,1,0,1,1,0,1,0,0000000,10,26,10,34,10,57,0,0,0,1,1
27,270142,1,1,1,1,163,7716,14,6,2010,2,8,9,0,14,6,LAKE RD 0541730108,DEVONSHIRE,14,44.90682778,-92.966972220,0,8,0,0,3,2,1,0,1,10,0,10,0,0000000,8,10,8,21,8,55,0,0,0,1,0
27,270143,2,1,0,1,53,4280,7,6,2010,2,15,36,0,3,4,CR 19 0427000019,,151,45.05540556,-93.635363890,0,14,0,0,1,1,7,0,1,1,0,1,0,0000000,15,36,15,47,16,17,0,0,0,1,1
27,270144,2,2,0,2,161,0,14,6,2010,2,15,35,0,4,4,205TH AVE 0481000011,,11,43.85529167,-93.642500000,0,12,6,0,8,1,1,0,1,1,0,1,0,0000000,15,37,15,50,16,54,0,0,0,1,0
27,270145,1,1,0,1,13,0,17,6,2010,5,11,12,0,4,4,CR 16 0407000016,,143,44.07920000,-94.008408330,0,35,0,0,1,1,4,0,1,1,0,1,0,0000000,11,14,99,99,99,99,0,0,0,1,0
27,270146,5,5,0,7,37,3120,17,6,2010,5,12,57,1,13,3,SR-55 0300000055,GENERAL SIEBAN DR,2187,44.73840556,-92.890008330,0,12,6,0,2,2,1,0,1,1,0,1,0,0000000,12,56,13,1,13,25,14,0,0,1,0
27,270147,2,2,0,2,13,4480,18,6,2010,6,13,20,0,14,4,3RD AVE 0407000005,SUMMIT AVE,14,44.19622778,-93.997380560,0,12,6,0,2,2,1,0,1,1,0,1,0,0000000,13,20,13,26,13,38,0,0,0,1,0
27,270148,2,2,0,2,53,4760,18,6,2010,6,16,28,1,1,1,I-94 0100000094,WASHINGTON AVE N,2301,45.00145000,-93.281758330,0,12,6,1,2,2,1,0,1,1,0,1,0,0000000,16,29,16,36,88,88,20,0,0,1,0
27,270149,2,2,0,3,37,3990,19,6,2010,7,23,41,1,11,1,I-35 0100000035,,848,44.69282222,-93.290908330,0,1,0,0,1,1,1,0,2,1,0,1,0,0000000,23,47,23,54,88,88,14,0,0,1,0
27,270150,1,1,0,1,141,0,18,6,2010,6,22,11,0,3,3,SR-25 0300000025,,881,45.51619167,-93.909750000,0,11,0,0,1,1,1,0,2,1,0,1,0,0000000,22,11,22,33,88,88,0,0,0,1,1
27,270151,2,2,0,4,143,0,20,6,2010,1,13,46,0,4,4,330TH ST 0472000008,CR 14,135,44.47133056,-94.311372220,0,12,6,0,2,2,1,0,1,1,0,1,0,0000000,13,53,14,1,99,99,0,0,0,1,0
27,270152,1,1,0,1,165,0,20,6,2010,1,21,37,0,4,4,CR 5 0483000005,,112,44.00297778,-94.799480560,0,34,0,0,1,1,4,0,1,1,0,1,0,0000000,21,37,21,53,22,11,0,0,0,1,1
27,270153,2,2,0,2,111,0,21,6,2010,2,17,13,0,6,4,CR 138 0456000138,TOMTEN RD,10,46.18038333,-95.303838890,0,12,6,0,2,2,1,0,1,1,0,1,0,0000000,17,17,17,34,88,88,0,0,0,1,0
27,270154,2,2,0,2,53,5910,24,6,2010,5,13,51,0,14,6,77TH ST 0532100108,,10,44.86369722,-93.275605560,0,12,6,0,8,1,1,0,1,1,0,1,0,0000000,13,52,13,54,14,15,0,0,0,1,0
27,270155,2,2,0,4,7,0,26,6,2010,7,13,2,1,2,2,US-2 0200000002,PETE LANE NW,1082,47.51376667,-94.981144440,0,12,6,0,2,3,1,0,1,10,0,10,0,0000000,13,2,13,7,13,30,0,0,0,1,0
27,270156,1,1,0,4,111,0,26,6,2010,7,23,46,0,5,4,CR 35 0456000035,,329,46.50567500,-95.787777780,0,59,0,0,1,1,4,0,2,10,0,10,0,0000000,23,47,23,59,99,99,0,0,0,2,1
27,270157,1,1,0,1,61,0,28,6,2010,2,14,55,0,3,3,SR-6 0300000006,,702,47.21960000,-93.756136110,0,42,0,0,1,1,4,0,1,1,0,1,0,0000000,14,56,15,7,15,38,0,0,0,1,0
27,270158,2,2,0,2,3,671,30,6,2010,4,1,16,0,14,4,CR 10 0402000010,UNIVERSITY AVE NE,1,45.13121389,-93.264000000,0,12,6,0,2,2,1,0,3,1,0,1,0,0000000,1,15,1,20,1,52,0,0,0,1,0
27,270159,2,2,0,5,65,0,1,7,2010,5,11,18,0,3,3,SR-65 0300000065,CR 16,608,45.78698611,-93.296452780,0,12,2,0,3,3,1,0,1,1,0,1,0,0000000,11,19,11,27,88,88,0,0,0,1,0
27,270160,1,1,0,2,57,0,3,7,2010,7,0,30,0,4,4,CR 3 0429000003,,113,47.32376389,-95.072263890,0,1,0,0,1,1,4,0,2,1,0,1,0,0000000,0,31,1,5,99,99,0,0,0,1,1
27,270161,1,1,0,1,35,0,4,7,2010,1,1,2,1,2,2,US-169 0200000169,,2305,46.28164722,-93.819713890,0,11,0,0,1,1,1,0,2,10,0,10,0,0000000,1,4,1,26,1,56,0,0,0,1,0
27,270162,2,2,0,2,137,0,4,7,2010,1,15,45,0,3,4,CR 13 0469000013,,13,46.71701111,-92.280225000,0,12,2,0,1,1,2,0,1,10,0,10,0,0000000,99,99,99,99,99,99,0,0,0,1,0
27,270165,2,2,0,4,111,0,5,7,2010,2,23,18,1,2,2,US-10 0200000010,CR 80,685,46.57444722,-95.537777780,0,12,6,0,2,3,1,0,2,10,0,10,0,0000000,23,18,23,24,23,35,0,0,0,2,0
27,270166,1,1,1,2,95,0,1,7,2010,5,22,52,0,6,4,VIRGO RD 0448000035,,98,46.18422778,-93.756125000,0,8,0,0,1,1,1,0,3,1,0,1,0,0000000,99,99,99,99,99,99,0,0,0,1,0
27,270167,1,1,0,1,111,0,6,7,2010,3,21,22,0,6,5,HEARTLAKE 0856000698,,11,46.61614722,-95.752125000,0,1,0,0,1,1,4,0,1,1,0,1,0,0000000,21,25,21,47,88,88,0,0,0,1,1
27,270168,1,1,0,1,61,0,8,7,2010,5,5,50,0,4,3,SR-6 0300000006,,979,47.53632778,-93.795755560,0,1,0,0,1,1,4,0,1,1,0,1,0,0000000,5,56,6,12,88,88,0,0,0,1,0
27,270169,2,2,0,4,41,0,8,7,2010,5,17,45,0,4,4,CR 22 0421000022,PLEASANT GROVE,8,45.94074167,-95.478411110,0,12,6,0,2,2,1,0,1,1,0,1,0,0000000,17,45,17,51,88,88,0,0,0,1,0
27,270170,2,2,0,6,91,0,10,7,2010,7,5,50,0,4,4,CR 27 0446000027,180TH ST,172,43.74673333,-94.614544440,0,12,6,0,2,2,1,0,1,1,0,1,0,0000000,5,50,6,5,99,99,0,0,0,5,1
27,270171,2,2,0,3,111,2360,10,7,2010,7,17,51,0,13,6,LINCOLN A 0512750109,WESTERN,2,46.28960000,-96.116908330,0,12,6,0,2,2,1,0,1,1,0,1,0,0000000,17,52,18,4,99,99,0,0,0,1,0
27,270172,2,2,0,2,141,0,11,7,2010,1,12,36,1,2,2,US-169 RAMP,CR 9,1708,45.50164444,-93.583952780,0,12,6,1,2,2,1,0,1,1,0,1,0,0000000,99,99,99,99,99,99,14,0,0,1,0
27,270173,1,1,0,1,171,0,11,7,2010,1,6,20,0,5,4,DEMPSEYAV 0786000109,,6,45.16117500,-93.951247220,0,1,0,0,1,1,2,0,6,1,0,1,0,0000000,6,24,6,35,88,88,0,0,0,1,1
27,270174,1,1,0,1,139,0,12,7,2010,2,19,54,1,2,2,US-169,,1023,44.71396667,-93.588708330,0,1,0,0,1,1,1,0,1,1,0,1,0,0000000,19,58,20,10,88,88,0,0,0,1,1
27,270175,2,2,0,4,89,0,12,7,2010,2,20,27,0,5,4,170 AV NW 0445000011,320TH ST NW,92,48.34135000,-96.413027780,0,12,6,0,2,2,1,0,1,1,0,1,0,0000000,20,29,21,4,21,48,0,0,0,1,0
27,270176,2,2,0,2,7,0,15,6,2010,3,16,31,0,3,3,SR-89,CR 32,201,47.78937778,-95.013225000,0,12,6,0,2,2,1,0,1,10,0,10,0,0000000,16,31,16,48,17,19,0,0,0,1,0
27,270177,1,1,0,5,53,4760,13,7,2010,3,3,34,0,15,6,29 AV NE 0525850242,,10,45.02046944,-93.228069440,0,30,0,0,1,1,4,0,3,1,0,1,0,0000000,3,35,3,43,4,6,0,0,0,2,0
27,270178,2,2,0,3,37,3990,13,7,2010,3,16,36,0,14,4,185TH ST 0419000060,KENYAN AVE,10,44.68142500,-93.299044440,0,12,6,0,2,2,1,0,1,10,0,10,0,0000000,16,38,16,43,17,16,0,0,0,1,0
27,270179,2,2,0,2,63,0,14,7,2010,4,11,17,1,1,1,I-90 RAMP,US-71,738,43.63964722,-94.994980560,0,12,6,1,2,2,1,0,1,10,0,10,0,0000000,10,59,11,7,88,88,0,0,0,1,0
27,270180,3,3,0,4,19,7230,14,7,2010,4,12,53,0,3,3,SR-5,OAK AVE,311,44.83524722,-93.808516670,0,12,6,0,2,4,1,0,1,1,0,1,0,0000000,99,99,99,99,99,99,0,0,0,1,0
27,270181,2,2,0,3,27,0,15,7,2010,5,14,10,0,3,3,SR-32,,307,47.09760556,-96.258733330,0,12,2,0,1,1,1,0,1,10,0,10,0,0000000,14,12,14,36,15,35,0,0,0,3,0
27,270182,3,3,0,5,153,0,15,7,2010,5,15,6,0,2,2,US-71,,2027,46.14984167,-94.998736110,0,12,1,0,1,1,1,2,1,1,0,1,0,0000000,15,1,15,10,15,31,0,0,0,1,0
27,270183,1,1,0,3,95,0,15,7,2010,5,2,45,0,6,4,VIRGO RD 0448000035,,99,46.18713889,-93.756238890,0,42,0,0,1,1,5,0,2,1,0,1,0,0000000,99,99,99,99,99,99,0,0,0,1,0
27,270184,4,4,0,7,147,0,16,7,2010,6,11,1,1,2,2,US-14,,1689,44.09503056,-93.298433330,0,12,7,0,8,1,1,0,1,10,0,10,0,0000000,11,1,11,8,99,99,0,0,0,1,0
27,270185,1,1,0,2,95,0,16,7,2010,6,18,16,0,4,4,STEVENSRD 0448000023,,57,46.10407778,-93.557219440,0,1,0,0,1,1,4,0,1,1,0,1,0,0000000,99,99,99,99,99,99,0,0,0,1,1
27,270186,1,1,1,1,41,130,17,7,2010,7,14,16,0,3,3,SR-29,BIRCH AVE,832,45.91098333,-95.334450000,0,9,0,0,3,3,1,0,1,10,0,10,0,0000000,14,16,14,20,14,38,0,0,0,1,0
27,270187,3,3,0,6,37,956,18,7,2010,1,20,5,1,13,3,SR-13,,949,44.77606111,-93.320063890,0,12,2,0,1,1,1,0,1,1,0,1,0,0000000,20,8,20,14,99,99,0,0,0,1,1
27,270188,1,1,0,4,111,3230,18,7,2010,1,2,59,0,2,3,SR-210,,611,46.31723889,-95.436530560,0,5,0,0,1,1,1,0,2,1,0,1,0,0000000,2,59,3,5,3,37,0,0,0,1,0
27,270190,1,1,0,2,97,0,22,7,2010,5,13,3,0,3,3,SR-25,,1171,45.83738611,-94.092841670,0,35,0,0,1,1,4,0,1,10,0,10,0,0000000,13,3,99,99,99,99,0,0,0,1,0
27,270191,2,2,0,3,37,7510,23,7,2010,6,14,16,0,14,2,US-952A,THOMPSON AVE,1285,44.90165833,-93.080586110,0,1,0,0,3,2,1,0,1,1,0,1,0,0000000,14,18,14,22,14,42,14,0,0,1,0
27,270192,2,2,0,2,39,0,23,7,2010,6,18,23,0,3,3,SR-56,CR 4,484,43.92126944,-92.859155560,0,12,6,0,2,2,1,0,1,1,0,1,0,0000000,18,30,99,99,99,99,0,0,0,1,1
27,270193,1,1,0,2,145,6250,24,7,2010,7,2,12,0,16,6,COOPER AV 1033800252,,2,45.56180000,-94.181158330,0,42,0,0,1,1,4,0,3,10,0,10,0,0000000,2,12,99,99,99,99,0,0,0,1,0
27,270194,2,2,0,3,93,0,24,7,2010,7,16,20,0,3,3,SR-55,,158,45.32572500,-94.621294440,0,12,1,0,1,1,1,0,1,1,0,1,0,0000000,16,26,99,99,88,88,0,0,0,2,2
27,270195,2,2,0,2,3,3007,24,7,2010,7,13,12,0,14,4,LEXINGTON 0402000017,,62,45.21351667,-93.162944440,0,12,8,0,1,1,1,0,1,1,0,1,0,0000000,13,12,13,20,88,88,0,0,0,1,0
27,270196,1,1,0,2,169,0,26,7,2010,2,13,43,0,6,5,WISCOYRDG 0885000221,,27,43.90445000,-91.610000000,0,35,0,0,1,1,4,0,1,1,0,1,0,0000000,13,42,14,18,15,51,0,0,0,1,0
27,270197,4,4,0,6,171,0,26,7,2010,2,16,1,0,4,4,CR 35 0486000035,,170,45.16982222,-93.935686110,0,12,6,0,8,1,1,0,1,1,0,1,0,0000000,16,7,16,19,99,99,0,0,0,1,0
27,270198,1,1,1,1,27,4880,26,7,2010,2,18,48,0,13,2,US-75,24TH AVE S,2487,46.85125833,-96.768016670,0,9,0,0,2,2,1,0,1,1,0,1,0,0000000,18,47,18,52,19,2,0,0,0,1,0
27,270199,2,2,0,2,77,0,29,7,2010,5,6,53,0,4,4,CR 2 0439000002,CR 8,121,48.84400833,-94.959077780,0,12,6,0,2,2,1,0,1,1,0,1,0,0000000,6,55,7,17,88,88,0,0,0,1,0
27,270200,3,3,0,4,163,5334,29,7,2010,5,15,3,0,14,3,SR-15,HADLEY AVE N,789,44.99774444,-92.964452780,0,12,1,0,3,2,1,0,1,10,0,10,0,0000000,15,4,15,11,15,38,0,0,0,1,0
27,270201,3,3,0,10,129,0,30,7,2010,6,20,39,0,3,3,SR-19,SR-4,931,44.52891667,-94.710650000,0,12,6,0,2,2,1,0,1,1,0,1,0,0000000,20,39,20,40,21,23,0,0,0,1,0
27,270202,1,1,0,1,65,2870,28,7,2010,4,19,48,0,6,6,ROSEBELLE 1015550001,,2,45.79637500,-93.146005560,0,1,0,0,1,1,1,0,1,1,0,1,0,0000000,19,48,20,10,99,99,0,0,0,1,0
27,270203,1,1,0,1,99,0,1,8,2010,1,5,42,0,4,4,CR 7 0450000007,,89,43.58739444,-92.709416670,0,1,0,0,1,1,4,0,1,1,0,1,0,0000000,5,48,5,55,88,88,0,0,0,1,0
27,270204,2,2,0,3,21,0,1,8,2010,1,19,31,1,2,2,US-2,,1507,47.34267500,-94.176872220,0,12,8,0,1,1,1,0,1,10,0,10,0,0000000,19,32,19,46,88,88,0,0,0,1,0
27,270205,2,2,0,2,135,0,2,8,2010,2,15,49,0,5,4,CR 12,,29,48.81120278,-95.554586110,0,12,2,0,1,1,1,0,1,1,0,1,0,0000000,15,49,16,7,88,88,0,0,0,1,0
27,270206,2,2,0,3,147,0,3,8,2010,3,16,14,1,2,2,US-14,,1645,44.09495833,-93.373902780,0,54,11,0,1,1,1,0,1,1,0,1,0,0000000,16,14,99,99,88,88,14,0,0,1,0
27,270207,1,1,0,1,141,0,4,8,2010,4,5,53,0,6,4,CR 75,,29,45.41333333,-93.745886110,0,42,0,0,1,1,5,0,4,10,0,10,0,0000000,5,53,6,5,88,88,0,0,0,1,0
27,270208,2,2,0,2,105,0,5,8,2010,5,9,57,0,6,5,280 ST 0853000028,NYSTROM AVE,51,43.58735000,-95.673455560,0,12,6,0,2,2,1,0,1,1,0,1,0,0000000,10,4,10,6,88,88,0,0,0,1,0
27,270209,2,2,0,2,37,3120,6,8,2010,6,16,18,0,15,4,RAVENNA T 0419000054,,5,44.72885278,-92.819877780,0,12,2,0,1,1,1,0,1,1,0,1,0,0000000,16,20,16,23,16,47,0,0,0,1,0
27,270210,2,2,0,6,85,0,6,8,2010,6,17,40,0,4,4,MAJOR AVE 0443000004,200TH ST,98,44.90708333,-94.276711110,0,12,6,0,2,2,1,0,1,1,0,1,0,0000000,17,41,17,59,18,20,0,0,0,1,0
27,270211,1,1,0,1,145,0,2,8,2010,2,17,55,0,4,4,CR 34 0473000034,LAKEWOOD RD,68,45.35461111,-94.586938890,0,34,0,0,2,2,4,0,1,1,0,1,0,0000000,17,55,18,10,18,31,0,0,0,1,0
27,270212,4,4,0,10,147,5500,8,8,2010,1,15,16,1,11,1,I-35,,423,44.09367778,-93.244975000,0,12,1,1,18,1,1,1,1,1,0,1,0,0000000,15,17,99,99,99,99,3,0,0,1,0
27,270213,2,2,0,5,27,0,8,8,2010,1,16,57,1,2,2,US-10,SR-9,130,46.87737222,-96.505338890,0,12,6,0,2,2,1,0,1,1,0,1,0,0000000,99,99,99,99,99,99,0,0,0,2,0
27,270215,2,2,0,2,13,0,11,8,2010,4,19,43,1,2,2,US-14,,1360,44.17126667,-93.901455560,0,12,1,0,1,1,1,0,1,1,0,1,0,0000000,99,98,99,98,88,88,0,0,0,1,2
27,270216,1,1,0,2,147,0,11,8,2010,4,23,31,1,1,1,I-35,,466,44.15022222,-93.257191670,0,1,0,0,1,1,2,0,2,1,0,1,0,0000000,23,31,99,99,99,99,0,0,0,1,1
27,270217,1,1,1,2,3,5788,12,8,2010,5,22,36,1,12,2,US-10,,2234,45.22638611,-93.449044440,0,8,0,0,1,1,1,0,3,1,0,1,0,0000000,22,38,99,98,88,88,0,0,0,1,0
27,270218,1,1,0,2,105,0,12,8,2010,5,11,58,0,6,5,TOWN AVE 0853000348,,67,43.76856111,-95.512238890,0,1,0,0,1,1,4,0,1,1,0,1,0,0000000,99,99,99,99,99,99,0,0,0,1,0
27,270219,1,1,0,1,123,4205,14,8,2010,7,23,37,0,15,6,LABORE RD 0522800104,,13,45.02980278,-93.063647220,0,53,0,0,1,1,4,0,2,1,0,1,0,0000000,99,99,99,99,88,88,0,0,0,1,1
27,270220,2,2,0,5,133,450,14,8,2010,7,18,8,0,4,4,CR 4 0467000004,CR 6,58,43.61628333,-96.352352780,0,12,6,1,2,2,1,0,1,1,0,1,0,0000000,18,8,18,25,19,7,0,0,0,2,0
27,270221,2,2,0,2,103,0,14,8,2010,7,6,51,1,2,2,US-14,,1248,44.20674167,-94.100847220,0,12,2,0,1,1,1,0,1,5,0,5,0,0000000,6,53,7,2,7,48,0,0,0,1,1
27,270222,1,1,0,1,91,0,15,8,2010,1,13,50,0,4,4,CR-53,,110,43.62716389,-94.347641670,0,23,0,0,1,1,4,0,1,1,0,1,0,0000000,99,99,99,99,88,88,0,0,0,1,0
27,270223,1,1,0,1,131,0,17,8,2010,3,9,30,0,4,4,CANNONCTY 0466000020,,52,44.34849722,-93.191791670,0,1,0,0,1,1,4,0,1,1,0,1,0,0000000,9,31,9,45,88,88,0,0,0,1,0
27,270224,3,3,0,3,123,7550,19,8,2010,5,4,22,1,1,1,I-35E,,1173,45.07582222,-93.052775000,0,12,8,0,1,1,1,0,3,10,0,10,0,0000000,4,25,4,30,4,45,20,0,0,1,1
27,270225,2,2,0,2,159,0,19,8,2010,5,17,7,0,2,2,US-71,,2450,46.71038611,-95.102022220,0,12,2,0,1,1,1,0,1,1,0,1,0,0000000,17,3,17,17,88,88,0,0,0,1,0
27,270226,2,2,0,2,145,0,25,8,2010,4,17,41,0,3,3,SR-55,CR 48,1296,45.31203056,-94.348486110,0,12,1,0,3,3,1,0,1,1,0,1,0,0000000,17,41,17,48,18,18,0,0,0,1,1
27,270227,2,2,0,2,61,0,22,8,2010,1,14,41,0,4,4,RIVER RD 0431000003,,39,47.19448056,-93.478341670,0,12,2,0,1,1,1,0,1,1,0,1,0,0000000,14,39,14,50,15,16,0,0,0,1,0
27,270228,2,2,0,2,105,0,26,8,2010,5,22,45,1,1,1,I-90,,240,43.63741944,-95.983072220,0,12,2,0,1,1,1,0,2,1,0,1,0,0000000,22,47,22,49,99,99,0,0,0,1,1
27,270229,5,1,0,1,53,4760,22,8,2010,1,8,10,0,16,6,UPTON AVE 1025850306,GOLDEN VALLEY RD,8,44.99793611,-93.314602780,0,14,0,0,3,2,7,0,1,1,0,1,0,0000000,99,99,99,99,99,99,20,0,0,1,1
27,270230,1,1,0,2,115,0,26,8,2010,5,23,21,0,4,4,HENRIETTE 0458000011,,36,45.87166944,-93.072850000,0,35,0,0,1,1,4,0,2,1,0,1,0,0000000,23,21,23,35,88,88,0,0,0,1,1
27,270231,2,2,0,3,1,0,28,8,2010,7,12,56,0,6,5,275 AVE 0801000179,,20,46.59421944,-93.442625000,0,12,2,0,1,1,1,0,1,1,0,1,0,0000000,13,1,13,18,88,88,0,0,0,1,1
27,270232,1,1,0,2,53,4760,28,8,2010,7,2,35,0,14,4,MARSHALL 0427000023,,5,44.99251111,-93.264066670,0,42,0,0,1,1,4,0,3,1,0,1,0,0000000,2,35,2,38,2,50,0,0,0,1,0
27,270233,1,1,0,1,1,0,29,8,2010,1,18,58,0,4,3,SR-232,,17,46.71040278,-93.462980560,0,32,0,0,1,1,4,0,1,1,0,1,0,0000000,19,1,99,98,88,88,0,0,0,1,1
27,270234,1,1,0,1,125,0,29,8,2010,1,12,15,0,4,4,140 AV SE 0463000002,,56,47.94146111,-96.179563890,0,35,0,0,1,1,4,0,1,1,0,1,0,0000000,99,99,99,99,88,88,0,0,0,1,0
27,270235,2,2,0,2,161,0,29,8,2010,1,14,3,0,3,3,SR-30,,1708,43.89171389,-93.464219440,0,12,2,0,1,1,1,0,1,1,0,1,0,0000000,14,5,14,9,15,23,0,0,0,1,0
27,270237,3,3,0,4,53,4760,30,8,2010,2,16,23,0,14,3,SR-65,HENNEPIN ANE,27,44.98911944,-93.252969440,0,12,6,0,2,2,1,0,1,1,0,1,1,0000000,16,24,16,32,99,99,0,0,0,1,0
27,270238,6,6,0,11,105,7750,30,8,2010,2,13,56,0,14,4,OXFORD ST 0453000035,HUMISTON AVE,233,43.63120000,-95.593722220,0,12,1,0,3,2,1,0,1,99,0,99,0,0000000,13,57,14,3,99,99,0,0,0,1,0
27,270239,1,1,1,1,53,4760,30,8,2010,2,14,45,0,15,6,MONROE ST 0525850193,15TH AVE NE,8,45.00308889,-93.252427780,0,9,0,0,2,2,1,0,1,1,0,1,0,0000000,14,48,14,51,15,33,0,0,0,1,1
27,270241,1,1,0,1,37,3990,1,9,2010,4,21,0,0,16,6,JORDAN CT 1021500340,,2,44.70124444,-93.280569440,0,1,0,0,1,1,1,0,2,1,0,1,0,0000000,21,0,21,10,21,44,0,0,0,1,1
27,270243,2,2,0,2,53,2030,1,9,2010,4,18,25,0,14,4,VERNON AV 0427000158,HANSON RD,19,44.90426667,-93.361080560,0,12,6,0,2,3,1,0,1,10,0,10,0,0000000,18,25,18,29,18,48,0,0,0,1,1
27,270244,2,2,0,3,157,0,3,9,2010,6,1,30,0,3,3,SR-60,CR 81,2155,44.34364167,-92.086383330,0,12,2,0,2,3,1,0,2,1,0,1,0,0000000,1,24,1,46,2,3,0,0,0,1,1
27,270245,1,1,0,3,111,0,3,9,2010,6,18,20,0,6,5,312TH AVE,,0,46.22868889,-95.837044440,0,1,0,0,1,1,2,0,1,1,0,1,0,0000000,18,23,18,43,19,5,0,0,0,1,0
27,270246,1,1,0,2,137,3280,4,9,2010,7,3,24,1,13,2,US-169,,3416,47.46556389,-92.904347220,0,1,0,0,1,1,1,0,2,1,0,1,0,0000000,3,28,3,32,3,53,0,0,0,1,1
27,270247,2,2,0,3,119,0,4,9,2010,7,15,29,0,3,2,US-75,CR 21,3374,48.02133056,-96.667750000,0,12,6,0,2,2,1,0,1,1,0,1,0,0000000,15,29,15,45,17,22,0,0,0,1,0
27,270248,1,1,0,2,141,0,5,9,2010,1,10,57,0,5,4,CR 43 0771000043,,32,45.37525278,-93.714894440,0,1,0,0,1,1,4,0,1,10,0,10,0,0000000,10,57,99,99,99,99,0,0,0,1,0
27,270249,2,2,0,2,137,2250,7,9,2010,3,14,58,1,2,2,US-53,HATTRICK AVE,609,47.46790833,-92.525183330,0,12,6,0,2,2,1,0,1,10,0,10,0,0000000,14,55,15,4,99,99,0,0,0,1,0
27,270250,2,2,0,3,7,0,10,9,2010,6,20,53,1,2,2,US-2,SR-89,1081,47.51463056,-94.984369440,0,12,6,0,2,2,1,0,3,10,2,2,0,0000000,20,54,21,1,21,20,0,0,0,1,0
27,270251,2,2,0,3,37,3990,10,9,2010,6,7,9,0,14,4,215TH ST 0419000070,DODD RD,33,44.63791667,-93.254997220,0,12,6,0,2,2,1,0,1,1,0,1,0,0000000,7,9,7,13,99,99,0,0,0,1,0
27,270252,4,4,0,4,169,0,10,9,2010,6,13,27,0,3,4,CR 17 0485000017,,124,43.94289167,-91.614761110,0,12,2,0,1,1,1,0,1,1,0,1,0,0000000,13,30,13,41,99,99,0,0,0,1,0