STATE,ST_CASE,VE_TOTAL,VE_FORMS,PEDS,PERSONS,COUNTY,CITY,DAY,MONTH,YEAR,DAY_WEEK,HOUR,MINUTE,NHS,ROAD_FNC,ROUTE,TWAY_ID,TWAY_ID2,MILEPT,LATITUDE,LONGITUD,SP_JUR,HARM_EV,MAN_COLL,RELJCT1,RELJCT2,TYP_INT,REL_ROAD,WRK_ZONE,LGT_COND,WEATHER1,WEATHER2,WEATHER,SCH_BUS,RAIL,NOT_HOUR,NOT_MIN,ARR_HOUR,ARR_MIN,HOSP_HR,HOSP_MN,CF1,CF2,CF3,FATALS,DRUNK_DR
27,270253,2,2,0,2,37,0,10,9,2010,6,12,49,0,3,4,160 ST E 0419000046,GOODWIN AVE,179,44.71685833,-92.954038890,0,12,6,0,2,2,1,0,1,10,0,10,0,0000000,99,99,99,99,88,88,0,0,0,1,0
27,270254,1,1,1,1,47,90,10,9,2010,6,9,56,0,14,6,FRONT ST 0500450110,,9,43.64343889,-93.374130560,0,15,0,0,1,1,1,0,1,10,0,10,0,0000000,9,57,10,1,10,24,0,0,0,1,0
27,270255,2,2,0,2,53,5423,10,9,2010,6,23,19,0,16,4,CR 6 0427000006,,78,44.99245000,-93.622361110,0,12,2,0,1,1,1,0,2,2,0,2,0,0000000,23,18,23,23,88,88,0,0,0,1,0
27,270256,1,1,0,1,123,6330,17,6,2010,5,0,55,0,14,4,LEXINGTON 0462000051,,52,44.98523611,-93.143094440,0,30,0,0,1,1,4,0,6,99,0,99,0,0000000,0,55,1,2,1,26,0,0,0,1,1
27,270257,1,1,0,1,133,0,1,9,2010,4,14,32,1,1,1,I-90,,12,43.60876111,-96.432597220,0,52,0,1,18,1,3,0,1,10,0,10,0,0000000,14,34,14,50,88,88,0,0,0,1,0
27,270258,2,2,0,2,61,6844,7,9,2010,3,13,52,0,4,3,SR-6,CR 4,1034,47.60105833,-93.775327780,0,12,6,0,2,2,1,0,1,10,0,10,0,0000000,13,52,14,12,14,39,0,0,0,1,1
27,270259,4,4,0,4,163,6770,26,5,2010,4,17,26,0,14,4,75TH ST 0482000012,MANNING AVE,48,45.05770833,-92.862991670,0,12,6,0,2,2,1,0,1,1,0,1,0,0000000,99,99,99,99,99,99,0,0,0,1,0
27,270260,1,1,1,1,123,6330,2,7,2010,6,14,9,0,14,3,SR-51,ST ANTHONY AVE,36,44.95215000,-93.167469440,0,8,0,0,3,2,1,0,1,1,0,1,0,0000000,14,9,14,19,14,37,0,0,0,1,0
27,270261,1,1,0,2,37,1945,12,9,2010,1,2,32,1,11,1,I-35E,,986,44.84149722,-93.157708330,0,1,0,0,1,1,1,0,3,1,0,1,0,0000000,99,99,99,99,99,99,0,0,0,1,1
27,270262,2,2,0,2,141,0,13,9,2010,2,17,5,0,3,3,SR-25,,909,45.55623611,-93.914361110,0,12,8,0,1,1,1,0,1,1,0,1,0,0000000,17,6,17,24,88,88,0,0,0,1,0
27,270263,2,2,0,2,25,0,15,9,2010,4,15,2,1,13,2,US-8,,38,45.31324722,-92.941658330,0,12,2,0,1,1,1,0,1,10,0,10,0,0000000,15,3,99,98,88,88,0,0,0,1,0
27,270264,2,2,0,2,143,0,15,9,2010,4,17,6,0,3,3,SR-25,,63,44.65152500,-93.846916670,0,12,2,0,1,1,1,0,1,10,0,10,0,0000000,17,6,99,97,99,97,0,0,0,1,0
27,270265,1,1,1,1,141,0,19,9,2010,1,0,15,0,2,2,US-10,,2080,45.33241389,-93.708180560,0,8,0,0,1,1,1,0,2,1,0,1,0,0000000,88,88,88,88,88,88,0,0,0,1,0
27,270266,1,1,1,1,3,28,19,9,2010,1,13,0,0,14,4,7 AVE NW 0402000007,,32,45.23439167,-93.377691670,0,9,0,0,1,1,1,0,1,1,0,1,0,0000000,13,0,13,6,13,21,0,0,0,1,0
27,270267,1,1,0,2,49,0,16,9,2010,5,17,14,0,3,4,CR 6,,120,44.45640556,-92.646811110,0,32,0,0,1,1,4,0,1,10,0,10,0,0000000,17,14,99,99,99,99,0,0,0,2,0
27,270268,3,2,0,5,53,4760,20,9,2010,2,23,6,0,15,6,35 ST E 0525850249,18 AVE S,23,44.93954722,-93.248633330,0,12,6,0,2,2,1,0,6,1,0,1,0,0000000,23,7,23,10,23,20,0,0,0,1,1
27,270269,2,2,0,3,157,7210,23,9,2010,5,14,41,1,2,2,US-61,SHIELDS DR,599,44.37766944,-92.048330560,0,12,6,0,2,2,1,0,1,2,0,2,0,0000000,14,40,14,45,14,55,0,0,0,1,0
27,270270,2,2,0,2,111,5520,15,9,2010,4,8,28,0,3,3,SR-29,,998,46.14556389,-95.328175000,0,12,2,0,1,1,1,0,1,10,0,10,0,0000000,99,99,99,99,99,99,0,0,0,1,0
27,270271,2,2,0,2,91,0,25,9,2010,7,18,37,0,6,4,CR 107 0746000107,80TH ST,30,43.60273611,-94.794191670,0,12,6,0,2,2,1,0,1,1,0,1,0,0000000,18,37,18,43,19,31,0,0,0,1,1
27,270272,1,1,0,1,133,0,27,9,2010,2,8,15,1,1,1,I-90,,128,43.63951389,-96.210858330,0,1,0,1,18,1,8,0,9,99,0,99,0,0000000,8,24,8,33,88,88,0,0,0,1,0
27,270273,2,2,0,2,37,202,27,9,2010,2,15,19,0,14,4,CR 38 0419000038,DOVER RD,73,44.76799444,-93.161680560,0,12,1,0,3,3,1,0,1,1,0,1,1,0000000,15,19,99,98,88,88,0,0,0,1,0
27,270274,1,1,0,1,141,0,26,9,2010,1,15,35,0,5,4,CR 16 047100000016,,52,45.48663889,-94.006947220,0,21,0,0,1,1,4,0,9,99,0,99,0,0000000,15,45,99,99,88,88,0,0,0,1,1
27,270275,1,1,0,1,1,0,25,9,2010,7,1,55,0,5,4,110TH 0401000025,,18,46.18360000,-93.074052780,0,1,0,0,1,1,1,0,2,1,0,1,0,0000000,1,57,2,18,3,55,0,0,0,1,1
27,270276,1,1,0,3,167,0,28,9,2010,3,3,18,1,1,1,I-94,,323,46.56609167,-96.321847220,0,1,0,0,1,1,3,0,2,5,0,5,0,0000000,3,23,3,36,4,14,0,0,0,1,0
27,270277,1,1,0,1,93,0,28,9,2010,3,19,54,0,4,4,CR 1 0447000001,,161,45.10922500,-94.563530560,0,11,0,0,1,1,1,0,2,1,0,1,0,0000000,19,54,99,99,99,99,0,0,0,1,0
27,270278,2,1,0,1,163,3440,19,7,2010,2,18,0,0,16,6,EUROPA TR 1018550167,,4,45.13882778,-93.007880560,0,14,0,0,1,1,2,0,1,1,0,1,0,0000000,17,49,17,55,18,27,0,0,0,1,0
27,270279,1,1,0,3,99,290,11,8,2010,4,21,51,0,16,6,25 ST SW 1001500234,,1,43.66279444,-93.009505560,0,5,0,0,1,1,1,0,3,1,0,1,0,0000000,21,53,22,5,22,16,0,0,0,1,0
27,270280,2,2,0,4,59,0,4,9,2010,7,20,41,0,3,3,SR-95,SR-47,328,45.58698611,-93.388916670,0,12,6,0,2,2,1,0,3,1,0,1,0,0000000,99,99,99,99,99,99,0,0,0,1,0
27,270281,1,1,0,1,27,0,1,10,2010,6,15,47,0,6,5,17 AV S 0814000198,,5,46.85567222,-96.207275000,0,1,0,0,1,1,4,0,1,1,0,1,0,0000000,15,47,15,54,88,88,0,0,0,1,1
27,270282,2,2,0,3,75,449,24,8,2010,3,17,45,1,2,3,SR-61,,500,47.24903889,-91.315441670,0,12,1,0,8,1,1,0,1,10,0,10,0,0000000,99,99,99,99,99,99,0,0,0,1,0
27,270283,2,2,0,4,171,0,3,10,2010,1,14,30,0,3,3,SR-55,,1385,45.27705000,-94.184727780,0,12,6,0,1,1,1,0,1,10,0,10,0,0000000,14,31,14,34,15,38,0,0,0,1,0
27,270284,2,2,0,2,167,0,3,10,2010,1,14,22,0,3,2,US-75,,1959,46.15366667,-96.492727780,0,12,8,0,1,1,1,0,1,1,0,1,0,0000000,14,22,14,36,99,99,0,0,0,1,0
27,270285,5,5,0,11,145,0,3,10,2010,1,19,37,1,1,1,I-94,,1747,45.45177778,-94.121397220,0,12,1,0,1,1,1,0,2,1,0,1,0,0000000,19,37,19,48,20,26,19,0,0,2,0
27,270286,2,2,0,2,169,0,2,10,2010,7,21,46,0,3,4,CR 12 0485000012,CR 17,101,43.93017500,-91.616255560,0,12,6,0,2,3,1,0,2,10,0,10,0,0000000,21,46,21,57,88,88,0,0,0,1,1
27,270287,1,1,0,3,87,0,4,10,2010,2,18,23,0,3,3,SR-200,,522,47.32478056,-95.847388890,3,35,0,0,1,1,4,0,1,1,0,1,0,0000000,18,23,99,99,99,99,0,0,0,1,1
27,270288,1,1,0,1,169,0,4,10,2010,2,21,54,0,4,4,CR 11 0485000011,,8,43.85857778,-91.509294440,0,58,0,0,1,1,1,1,2,1,0,1,0,0000000,21,51,99,99,88,88,3,0,0,1,0
27,270289,2,2,0,5,3,2560,5,10,2010,3,23,53,0,14,3,SR-47,,72,45.06172222,-93.263133330,0,18,0,0,1,1,2,4,3,1,0,1,0,0000000,23,53,99,99,99,99,14,0,0,2,1
27,270290,2,2,0,3,53,5732,5,10,2010,3,10,54,1,13,3,SR-55,INDUSTRIAL PARK BLVD,1814,45.00213333,-93.443655560,0,12,1,0,3,2,1,0,1,1,0,1,0,0000000,10,54,99,99,99,99,0,0,0,1,0
27,270291,2,2,0,3,67,0,5,10,2010,3,9,10,0,4,4,CR 10 0434000010,CR14,42,45.22563333,-94.859177780,0,12,6,0,2,2,1,0,1,1,0,1,0,0000000,9,13,9,25,99,99,0,0,0,2,0
27,270292,1,1,0,1,59,0,3,10,2010,1,5,21,0,4,4,CR 5 0430000005,CR 10,134,45.49320556,-93.286311110,0,24,0,0,3,3,4,0,2,1,0,1,0,0000000,5,21,99,99,88,88,0,0,0,1,0
27,270293,1,1,1,1,9,6250,6,10,2010,4,13,19,0,15,6,LINCOLN 0533800120,,8,45.56329167,-94.142875000,0,8,0,0,1,1,1,0,1,1,0,1,0,0000000,13,19,13,26,13,35,0,0,0,1,0
27,270294,4,4,0,6,137,7200,7,10,2010,5,16,48,1,13,2,US-53,,636,47.50435000,-92.524913890,0,12,2,1,5,1,1,0,1,1,0,1,0,0000000,16,51,16,54,17,25,0,0,0,1,0
27,270295,2,2,0,2,137,7200,28,9,2010,3,10,59,1,13,2,US-53,12 AVE W,650,47.50991111,-92.551986110,0,12,6,0,2,2,1,0,1,10,0,10,0,0000000,10,58,11,1,99,99,0,0,0,1,0
27,270296,1,1,0,1,119,0,7,10,2010,5,7,36,0,6,5,370 AV SW 0860000846,,20,47.84173056,-96.848344440,0,10,0,0,6,1,1,0,1,1,0,1,0,103172u,7,32,7,50,8,17,0,0,0,1,0
27,270297,1,1,0,1,53,2008,8,10,2010,6,9,49,0,16,6,PLAZA DR 1010940472,,1,44.86327222,-93.442913890,0,1,0,0,1,1,4,0,1,1,0,1,0,0000000,9,49,99,99,99,99,0,0,0,1,0
27,270298,1,1,1,1,123,6330,9,11,2010,3,19,17,0,14,6,GRAND AVE 0534250141,,18,44.94005833,-93.155686110,0,8,0,0,1,1,1,0,3,1,0,1,0,0000000,19,17,19,20,19,50,0,0,0,1,0
27,270299,1,1,0,1,41,0,12,10,2010,3,1,2,0,5,4,CR 1 NW 0421000001,,200,46.02964167,-95.697247220,0,35,0,0,1,1,4,0,2,1,0,1,0,0000000,1,7,1,25,88,88,0,0,0,1,0
27,270301,1,1,1,1,123,5320,16,10,2010,7,23,50,1,13,3,SR-36,SR-120,105,45.01975278,-92.984805560,0,8,0,0,3,2,1,0,3,1,0,1,0,0000000,99,99,99,99,99,99,0,0,0,1,0
27,270302,2,2,0,3,21,0,17,10,2010,1,16,38,0,2,3,SR-34,,985,47.04237500,-94.634150000,0,12,2,0,1,1,1,0,1,1,0,1,0,0000000,16,38,16,40,17,14,0,0,0,1,0
27,270303,3,3,0,3,37,0,16,10,2010,7,14,53,0,3,4,CR 23 0419000023,,114,44.61456389,-93.217925000,0,12,6,0,8,1,1,0,1,1,0,1,0,0000000,14,55,15,8,99,99,0,0,0,1,0
27,270304,2,1,0,1,117,5690,10,10,2010,1,2,46,0,16,6,HIAWATHA 1030800030,,2,44.01557500,-96.317622220,0,18,0,0,1,1,1,4,3,1,0,1,0,0000000,2,47,2,56,3,16,0,0,0,1,1
27,270305,1,1,0,1,19,1430,21,10,2010,5,0,49,0,3,3,SR-284,,8,44.77638333,-93.782108330,0,38,0,0,1,1,4,0,3,1,0,1,0,0000000,99,99,99,99,88,88,0,0,0,1,1
27,270306,2,2,0,3,139,6510,19,10,2010,3,21,2,1,13,2,US-169,CR 15,1082,44.77753333,-93.540391670,0,12,6,1,2,3,1,0,3,1,0,1,0,0000000,21,5,21,13,21,21,0,0,0,1,0
27,270307,2,2,0,2,101,0,20,10,2010,4,7,59,0,5,4,CR 25 0451000025,111TH ST,10,44.00790000,-96.024150000,0,12,6,0,2,2,1,0,4,1,0,1,0,0000000,7,54,8,12,8,34,0,0,0,1,0
27,270308,1,1,0,1,145,5980,21,10,2010,5,13,39,0,5,4,CR 8 0473000008,,50,45.41609167,-94.337797220,0,34,0,0,1,1,4,0,1,1,0,1,0,0000000,13,43,13,57,88,88,0,0,0,1,1
27,270309,1,1,1,1,53,675,21,10,2010,5,19,36,0,14,4,OLD SHAKO 0427000001,10TH AVE,146,44.82839722,-93.260044440,0,8,0,0,3,3,1,0,3,1,0,1,0,0000000,19,37,19,40,20,8,0,0,0,1,0
27,270310,2,2,0,2,137,0,23,10,2010,7,23,31,0,6,4,GRAFF RD 0769000826,,3,46.78450556,-93.051958330,0,12,8,0,1,1,1,0,2,10,0,10,0,0000000,23,35,0,0,88,88,0,0,0,2,2
27,270311,1,1,1,1,139,0,23,10,2010,7,13,0,1,2,2,US-169,,1003,44.68933889,-93.608219440,0,8,0,0,1,1,1,0,1,10,0,10,0,0000000,13,0,99,99,88,88,0,0,0,1,0
27,270312,1,1,1,1,53,4760,25,10,2010,2,14,5,0,14,6,1ST AVE N 0525850350,5TH ST N,7,44.98037222,-93.273750000,0,9,0,0,2,2,1,0,1,10,0,10,0,0000000,14,6,14,10,14,33,0,0,0,1,0
27,270313,1,1,0,2,131,0,22,10,2010,6,2,22,0,6,4,ECHO AVE 0766000068,,14,44.33968056,-93.363275000,0,1,0,0,1,1,4,0,6,1,0,1,0,0000000,2,22,2,38,99,99,0,0,0,1,1
27,270314,2,2,0,3,153,0,23,10,2010,7,15,34,0,4,4,CR 26,CR 17,42,46.22351667,-94.747372220,0,12,6,0,2,3,1,0,1,2,10,2,0,0000000,15,34,15,50,88,88,0,0,0,2,1
27,270315,1,1,2,1,53,4760,24,10,2010,1,2,44,0,14,4,4TH ST SE 0427000037,,7,44.98156389,-93.238463890,0,8,0,0,1,1,1,4,3,2,10,2,0,0000000,2,44,2,52,3,11,3,0,0,1,1
27,270316,2,2,0,2,53,675,25,10,2010,2,14,10,0,14,4,98TH ST E 0427000001,PORTLAND AVE S,141,44.82633611,-93.268366670,0,12,6,0,2,2,1,0,1,10,2,2,0,0000000,14,11,14,20,14,57,0,0,0,1,0
27,270317,1,1,1,1,61,2850,26,10,2010,3,9,18,1,13,2,US-169,6TH ST SE,3022,47.22618056,-93.528530560,0,8,0,0,3,3,1,0,1,2,10,2,0,0000000,9,18,9,25,10,25,0,0,0,1,0
27,270318,1,1,1,1,3,671,27,10,2010,4,6,24,0,14,4,CR 10 0402000010,WASHINGTON ST NE,8,45.12896944,-93.258508330,0,8,0,0,3,3,1,0,3,4,11,4,0,0000000,6,23,6,31,6,52,0,0,0,1,0
27,270319,1,1,0,1,21,0,29,10,2010,6,20,12,0,3,3,SR-84,,244,46.97435833,-94.210969440,0,42,0,0,1,1,4,0,2,1,0,1,0,0000000,99,98,99,98,88,88,0,0,0,1,1
27,270320,2,2,0,6,23,0,31,10,2010,1,18,40,1,2,3,SR-23,,1191,44.94199722,-95.381841670,0,12,2,0,1,1,2,0,1,1,0,1,0,0000000,18,40,18,47,19,31,0,0,0,1,0
27,270321,1,1,0,1,117,0,30,10,2010,7,22,20,0,6,5,130 AVE 0859000092,,15,43.87037500,-96.204888890,0,1,0,0,1,1,4,0,2,1,0,1,0,0000000,22,29,22,38,88,88,0,0,0,1,1
27,270322,1,1,1,6,53,4760,3,11,2010,4,10,15,0,14,4,FRANKLIN 0427000005,14TH AVE S,133,44.96274167,-93.255458330,0,8,0,0,3,3,1,0,1,1,0,1,0,0000000,10,16,10,19,99,99,0,0,0,1,0
27,270323,2,2,0,2,129,0,4,11,2010,5,16,58,0,4,4,CR 8 0465000008,780TH AVE,4,44.71665833,-94.629519440,0,12,6,0,2,2,1,0,5,1,0,1,0,0000000,16,39,16,47,99,99,0,0,0,1,0
27,270324,3,3,0,10,39,0,5,11,2010,6,18,12,1,2,2,US-14,,1853,44.05191667,-93.031027780,0,12,1,0,1,1,1,0,2,1,0,1,0,0000000,18,8,18,21,99,99,19,0,0,1,0
27,270325,1,1,0,1,49,0,6,11,2010,7,14,2,0,5,3,SR-246,,165,44.31272222,-93.016869440,0,34,0,0,1,1,4,0,1,6,1,6,0,0000000,14,2,14,11,88,88,0,0,0,1,0
27,270326,1,1,0,1,123,4536,7,11,2010,1,7,9,1,1,1,I-494,,618,44.90306389,-92.993586110,0,1,0,0,1,1,4,0,1,1,0,1,0,0000000,7,11,7,12,88,88,0,0,0,1,1
27,270327,1,1,0,1,49,0,6,11,2010,7,2,26,0,4,4,CR 7 0425000007,,170,44.54000833,-92.736230560,0,34,0,0,1,1,4,0,2,10,0,10,0,0000000,2,31,2,45,88,88,0,0,0,1,1
27,270328,2,2,0,3,139,0,11,11,2010,5,19,29,1,2,2,US-169,BLUFF DR,1023,44.71426667,-93.588808330,0,12,6,1,2,3,1,0,1,1,0,1,0,0000000,19,29,99,99,99,99,0,0,0,1,0
27,270329,2,1,2,1,13,0,13,11,2010,7,17,25,1,2,3,SR-60,,885,44.08923889,-94.319402780,0,8,0,0,1,1,3,0,2,7,11,11,0,0000000,17,24,17,37,99,99,19,0,0,1,0
27,270330,1,1,0,1,139,6510,15,11,2010,2,8,55,1,14,3,SR-101 0300000801B,,12,44.78425556,-93.400236110,0,23,0,1,18,1,4,0,1,1,0,1,0,0000000,8,55,99,99,88,88,0,0,0,1,0
27,270331,2,2,0,6,143,0,15,11,2010,2,17,22,0,3,3,SR-19,,1076,44.54307778,-94.420538890,0,12,1,0,8,1,1,0,5,99,0,99,0,0000000,17,27,17,36,17,58,0,0,0,2,0
27,270332,1,1,0,6,7,0,17,11,2010,4,8,36,1,2,2,US-2,,1022,47.51869167,-95.108027780,0,1,0,0,1,1,3,0,1,3,0,3,0,0000000,8,38,8,53,9,26,0,0,0,1,0
27,270333,2,2,0,4,113,0,17,11,2010,4,17,46,1,2,2,US-59,,3523,48.07825833,-96.113391670,0,12,2,0,1,1,1,0,2,11,0,11,0,0000000,17,46,17,50,18,41,0,0,0,1,1
27,270334,1,1,0,2,23,0,17,11,2010,4,22,52,0,3,3,SR-40,,351,45.10849444,-95.851688890,0,35,0,0,1,1,4,0,2,1,0,1,0,0000000,22,56,23,10,23,35,0,0,0,1,1
27,270335,1,1,0,1,3,1108,17,11,2010,4,17,22,0,15,4,RUM RIVER 0402000007,,95,45.31301111,-93.380152780,0,11,0,0,1,1,1,0,3,1,0,1,0,0000000,17,22,17,22,88,88,0,0,0,1,0
27,270336,2,2,0,2,87,7420,19,11,2010,6,19,22,1,2,2,US-59,,2887,47.19131944,-95.933147220,0,12,2,0,1,1,1,0,2,1,0,1,0,0000000,19,22,19,34,88,88,0,0,0,1,1
27,270337,2,2,0,6,93,0,20,11,2010,7,23,9,0,3,3,SR-2,172ND ST,1332,44.99635000,-94.502000000,0,12,6,0,2,2,1,0,2,3,10,3,0,0000000,23,9,99,99,99,99,0,0,0,2,0
27,270338,1,1,0,6,145,0,21,11,2010,1,10,12,0,4,4,CR 35 0473000035,,14,45.76454722,-94.726652780,0,34,0,0,1,1,4,0,1,3,10,3,0,0000000,10,13,10,37,11,7,0,0,0,1,0
27,270339,2,2,0,2,103,0,22,11,2010,2,6,52,1,2,2,US-169,,713,44.39718056,-93.962166670,0,12,6,0,1,1,1,0,4,3,10,3,0,0000000,6,55,7,12,88,88,0,0,0,1,0
27,270340,2,2,0,2,145,6250,22,11,2010,2,16,34,0,14,4,CR-136 0773000136,,8,45.52594722,-94.193405560,0,12,8,0,1,1,1,0,3,10,0,10,0,0000000,16,38,99,99,99,99,0,0,0,1,0
27,270342,2,2,0,2,9,0,23,11,2010,3,8,26,0,4,4,115 ST NE 0405000005,165 AVE NE,62,45.73549167,-93.823822220,0,12,6,0,2,2,1,0,1,10,0,10,0,0000000,8,26,8,47,9,46,0,0,0,1,0
27,270343,1,1,1,1,53,4760,23,11,2010,3,9,30,0,14,4,LAKE ST 0427000003,BLAISDELL AVE S,123,44.94836111,-93.279658330,0,8,0,0,3,2,1,0,1,1,0,1,0,0000000,9,30,9,35,9,55,0,0,0,1,0
27,270344,1,1,0,1,47,0,27,11,2010,7,4,28,0,4,3,SR-251,,18,43.76033056,-93.281463890,0,1,0,0,1,1,4,0,2,1,0,1,0,0000000,4,29,4,39,88,88,0,0,0,1,1
27,270345,1,1,2,2,109,5960,27,11,2010,7,0,2,0,13,2,US-63,4TH ST SE,404,44.01930833,-92.462922220,0,8,0,0,3,4,1,0,3,1,0,1,0,0000000,0,5,0,6,0,14,0,0,0,1,1
27,270346,1,1,0,1,25,0,26,11,2010,6,22,40,0,4,4,RUSH LK R 0413000001,,5,45.68570000,-93.021297220,0,43,0,0,1,1,4,0,2,1,0,1,0,0000000,99,98,99,98,88,88,0,0,0,1,1
27,270347,2,2,0,3,119,0,29,11,2010,2,14,10,0,5,4,350 AV SE 0460000006,,82,47.60349167,-95.727383330,0,12,2,0,1,1,1,0,1,4,11,4,0,0000000,14,10,14,25,88,88,0,0,0,2,0
27,270348,1,1,0,1,35,1565,28,11,2010,1,12,40,0,3,4,CR 66 0418000066,,9,46.68169444,-94.111380560,0,42,0,0,1,1,5,0,1,1,0,1,0,0000000,12,40,12,42,88,88,0,0,0,1,0
27,270349,2,2,0,2,7,0,8,10,2010,6,16,5,0,4,4,ALVWOOD 0404000030,,83,47.72986389,-94.520102780,0,12,6,0,8,1,1,0,1,1,0,1,0,0000000,99,98,99,98,88,88,0,0,0,1,0
27,270350,2,2,0,2,87,0,4,12,2010,7,2,44,1,2,2,US-59,,2932,47.25655833,-95.933288890,3,12,6,0,1,1,1,0,2,4,0,4,0,0000000,88,88,88,88,88,88,0,0,0,1,1
27,270351,2,2,0,3,139,6450,30,11,2010,3,10,1,1,13,4,CR 42,SR-13,60,44.74638056,-93.379847220,0,12,6,0,2,2,1,0,1,4,10,4,0,0000000,10,1,10,7,99,99,0,0,0,1,0
27,270352,1,1,1,3,53,821,18,7,2010,1,21,39,0,14,4,CR 81 0427000081,,66,45.06582500,-93.365705560,0,8,0,0,1,1,1,0,2,10,0,10,0,0000000,99,99,99,99,99,99,0,0,0,1,0
27,270353,3,3,0,5,53,4760,5,12,2010,1,0,33,0,14,4,WBROADWAY 0427000066,W 2ND ST,41,44.99911944,-93.280208330,0,12,6,0,2,2,1,0,3,10,0,10,0,0000000,0,35,0,43,0,53,20,0,0,3,1
27,270354,2,2,0,2,137,5780,5,12,2010,1,13,59,1,13,2,US-2,2ND ST E,2589,46.74391667,-92.224247220,0,1,0,0,2,2,1,0,1,1,0,1,0,0000000,13,59,99,99,88,88,0,0,0,1,0
27,270355,1,1,0,2,63,0,8,12,2010,4,3,15,1,2,2,US-71,,10,43.51535556,-94.994405560,0,30,0,0,1,1,4,0,2,10,0,10,0,0000000,3,33,3,47,4,21,0,0,0,1,0
27,270356,2,2,0,2,25,0,13,12,2010,2,8,4,0,4,4,CR 19 0413000019,,7,45.39344722,-93.004633330,0,12,6,0,1,1,1,0,1,1,0,1,0,0000000,99,98,99,98,99,98,0,0,0,1,0
27,270357,2,2,0,4,21,0,12,12,2010,1,18,8,0,6,4,CR 157 0711000157,,86,47.14658889,-94.179472220,3,12,2,0,1,1,1,0,2,1,0,1,0,0000000,18,5,18,16,99,99,0,0,0,1,0
27,270358,2,2,0,3,37,4673,17,12,2010,6,1,2,1,11,1,I-35E,,1003,44.87235000,-93.143983330,0,12,1,0,1,1,1,0,3,10,0,10,0,0000000,1,4,1,10,99,99,23,0,0,1,2
27,270359,4,4,0,7,137,0,18,12,2010,7,14,19,1,2,2,US-53,MIDWAY RD,128,46.85291667,-92.280422220,0,12,6,0,2,2,1,0,1,1,0,1,0,0000000,99,99,99,99,99,99,0,0,0,1,0
27,270360,3,3,0,4,53,675,13,12,2010,2,13,43,0,14,4,NICOLLET 0427000052,95TH ST E,350,44.83128333,-93.278452780,0,12,6,0,2,2,1,0,1,1,0,1,0,0000000,13,44,13,52,14,26,0,0,0,1,0
27,270361,2,2,0,7,53,2008,20,12,2010,2,20,2,0,14,3,SR-101,,151,44.88618889,-93.520733330,0,12,6,0,1,1,1,0,3,4,0,4,0,0000000,20,2,99,99,99,99,0,0,0,1,0
27,270362,1,1,0,3,9,0,21,12,2010,3,9,6,1,2,2,US-10,,1627,45.78748333,-94.253305560,0,1,0,0,1,1,3,0,1,10,0,10,0,0000000,99,99,99,99,99,99,0,0,0,1,0
27,270363,2,2,0,6,59,0,23,12,2010,5,17,35,0,3,3,SR-65,SR-107,531,45.70659444,-93.192550000,0,12,6,0,2,3,1,0,3,10,0,10,0,0000000,17,39,17,49,18,21,0,0,0,1,0
27,270364,3,3,0,3,143,0,20,12,2010,2,12,11,0,3,3,SR-19,CR 4 E JCT,1130,44.54312500,-94.310938890,0,12,1,0,3,3,1,0,1,4,11,4,0,0000000,12,11,12,23,12,41,0,0,0,1,0
27,270365,1,1,0,1,119,4360,29,12,2010,4,18,31,1,2,2,US-2,,626,47.63650833,-95.895169440,0,1,0,0,1,1,3,0,2,10,0,10,0,0000000,18,31,18,45,88,88,0,0,0,1,1
27,270366,3,3,0,3,139,6510,20,12,2010,2,19,59,0,14,4,MARSCHALL 0470000017,,51,44.75765278,-93.505258330,0,12,6,0,1,1,1,0,3,3,4,4,0,0000000,19,59,20,16,20,19,0,0,0,1,0
27,270367,1,1,1,1,137,3255,30,12,2010,5,5,8,0,15,6,ARROWHEAD 0517520104,,25,46.82206111,-92.227316670,0,8,0,0,1,1,1,0,2,5,0,5,0,0000000,5,12,5,30,5,50,0,0,0,1,0
27,270368,2,2,0,2,145,0,30,12,2010,5,14,9,1,1,1,I-94,,1230,45.75958333,-95.018150000,0,12,6,0,1,1,1,0,1,4,0,4,0,0000000,14,15,14,20,14,39,0,0,0,1,0
27,270369,2,2,0,2,99,0,30,12,2010,5,17,42,1,2,2,US-63,,250,43.80501111,-92.489680560,0,12,6,0,1,1,1,0,2,5,0,5,0,0000000,17,42,99,99,88,88,0,0,0,1,1
27,270370,1,1,1,1,7,530,28,12,2010,3,6,5,0,15,4,5TH ST NW 0404000007,,91,47.47264722,-94.889711110,0,8,0,0,1,1,1,0,2,10,0,10,0,0000000,6,6,6,15,6,37,0,0,0,1,0
27,270371,2,2,0,2,35,0,30,12,2010,5,0,26,0,3,4,CR 3,,116,46.51445278,-94.132213890,0,12,6,0,1,1,1,0,2,7,0,7,0,0000000,0,30,0,45,88,88,0,0,0,1,0