STATE,ST_CASE,VE_TOTAL,VE_FORMS,PEDS,PERSONS,COUNTY,CITY,DAY,MONTH,YEAR,DAY_WEEK,HOUR,MINUTE,NHS,ROAD_FNC,ROUTE,TWAY_ID,TWAY_ID2,MILEPT,LATITUDE,LONGITUD,SP_JUR,HARM_EV,MAN_COLL,RELJCT1,RELJCT2,TYP_INT,REL_ROAD,WRK_ZONE,LGT_COND,WEATHER1,WEATHER2,WEATHER,SCH_BUS,RAIL,NOT_HOUR,NOT_MIN,ARR_HOUR,ARR_MIN,HOSP_HR,HOSP_MN,CF1,CF2,CF3,FATALS,DRUNK_DR
27,270372,1,1,0,1,141,0,18,5,2010,3,21,53,0,4,4,CR 2 0471000002,,25,45.53878889,-93.556330560,0,1,0,0,1,1,4,0,5,1,0,1,0,0000000,21,55,99,99,88,88,0,0,0,1,1
27,270373,1,1,0,1,147,0,21,5,2010,6,4,51,0,5,4,66TH ST 0774000112,,5,44.16720000,-93.386847220,0,35,0,0,1,1,4,0,2,10,0,10,0,0000000,4,51,5,16,88,88,0,0,0,1,0
27,270374,1,1,0,1,17,0,28,7,2010,4,7,0,0,6,4,CR 145 0709000145,,78,46.45401944,-92.374391670,0,1,0,0,1,1,1,8,1,98,0,98,0,0000000,7,17,7,46,8,37,0,0,0,1,1
27,270375,1,1,0,1,17,0,9,1,2010,7,22,6,0,6,5,JARVINEN 0809000138,UN-NAMED ROAD,6,46.70032500,-92.605513890,3,48,0,0,3,3,4,8,8,98,0,98,0,0000000,99,98,99,98,88,88,0,0,0,1,1
27,270376,1,1,0,1,125,0,14,2,2010,1,0,33,0,4,4,CO RD 12 0463000012,,15,47.78161111,-96.138758330,0,35,0,0,1,1,4,8,6,1,0,1,0,0000000,0,39,0,45,88,88,0,0,0,1,1
27,270377,1,1,0,1,145,0,17,3,2010,4,15,26,0,6,5,325TH AVE 0873000834,,13,45.50291667,-94.788513890,0,11,0,0,1,1,1,8,8,1,0,1,0,0000000,99,99,99,99,99,99,0,0,0,1,0
27,270378,1,1,0,2,57,0,1,5,2010,7,18,0,0,6,8,STEAMBOAT 1429000012,,151,47.12356389,-94.692969440,0,42,0,0,1,1,4,8,8,2,10,2,0,0000000,99,99,99,99,99,99,1,0,0,1,1
27,270379,2,2,0,2,161,0,29,5,2010,7,18,10,0,6,5,120TH ST 0881000146,,20,43.94895556,-93.526625000,0,12,1,0,1,1,1,8,8,1,0,1,0,0000000,99,99,99,99,99,99,0,0,0,1,2
27,270380,2,2,0,2,137,1900,31,12,2010,6,14,42,0,14,4,GETCHELL 0469000089,,21,46.75947500,-92.191883330,0,12,6,0,1,1,1,0,1,10,0,10,0,0000000,14,40,14,50,88,88,0,0,0,1,0
27,270381,1,1,0,1,3,2560,7,10,2010,5,5,15,0,3,4,E RIVER 0402000001,HARTMAN CIRCLE NE,41,45.09096389,-93.275861110,0,1,0,0,2,3,1,0,3,1,0,1,0,0000000,99,99,99,99,88,88,0,0,0,1,0
27,270382,1,1,0,1,137,1900,18,11,2010,5,13,28,0,15,6,MIKE COLA 0510400117,,5,46.74061111,-92.158483330,0,33,0,0,1,1,4,0,1,1,0,1,0,0000000,13,29,13,32,14,5,0,0,0,1,0
28,280001,2,2,0,5,73,0,1,1,2010,6,0,17,1,2,2,US-98,,99998,31.28951667,-89.592388890,0,12,2,0,1,1,1,0,2,2,10,2,0,0000000,0,39,1,3,1,39,0,0,0,1,1
28,280002,1,1,0,1,121,1920,1,1,2010,6,3,41,1,1,1,I-20,,680,32.29754444,-89.810358330,0,42,0,1,18,1,6,0,2,2,0,2,0,0000000,3,44,3,59,4,20,0,0,0,1,1
28,280003,1,1,0,1,15,0,1,1,2010,6,16,29,1,2,2,US-82,,99998,33.51019722,-90.092697220,0,1,0,0,1,1,1,0,1,1,0,1,0,0000000,88,88,88,88,88,88,0,0,0,1,0
28,280004,2,2,0,3,121,300,1,1,2010,6,22,21,0,19,3,SR-471,E DEER RIDGE,99998,32.30260556,-89.994163890,0,12,6,0,3,3,1,0,2,1,0,1,0,0000000,22,23,22,36,22,51,0,0,0,1,1
28,280005,1,1,0,3,11,0,4,1,2010,2,8,0,0,4,3,SR-1,,99998,33.88908611,-91.000700000,0,35,0,0,1,1,6,0,1,4,0,4,0,0000000,8,28,8,36,9,0,0,0,0,2,0
28,280006,1,1,0,1,127,0,4,1,2010,2,8,14,0,4,3,SR-149,,99998,32.01375278,-89.950197220,0,42,0,0,1,1,6,0,1,10,0,10,0,0000000,99,99,99,99,88,88,0,0,0,1,0
28,280007,1,1,0,1,7,0,4,1,2010,2,13,6,0,4,3,SR-19,,99998,33.00481389,-89.404119440,0,1,0,0,1,1,5,0,1,1,0,1,0,0000000,88,88,88,88,88,88,0,0,0,1,0
28,280008,2,2,0,4,93,1140,5,1,2010,3,7,41,0,16,3,SR-7,,99998,34.77341389,-89.448516670,0,12,6,0,1,1,1,0,1,1,0,1,1,0000000,7,45,8,10,8,39,0,0,0,1,0
28,280009,1,1,0,1,105,0,5,1,2010,3,22,12,0,4,3,SR-182,,99998,33.48432500,-88.634905560,0,34,0,0,8,1,6,0,3,1,0,1,0,0000000,22,25,99,99,99,99,0,0,0,1,0
28,280010,1,1,0,1,143,0,6,1,2010,4,3,38,1,2,2,US-61,,99998,34.80964444,-90.310150000,0,42,0,0,1,1,5,0,2,1,0,1,0,0000000,88,88,88,88,88,88,0,0,0,1,0
28,280011,1,1,0,2,5,0,6,1,2010,4,23,9,0,4,4,LOWE CENTREVILL RD,,0,31.05241944,-90.980358330,0,38,0,0,1,1,6,0,2,10,0,10,0,0000000,23,15,23,39,0,5,0,0,0,1,1
28,280012,1,1,1,1,109,0,7,1,2010,5,4,5,1,2,1,I-59,,99998,30.50370833,-89.669380560,0,8,0,0,1,1,1,0,2,10,0,10,0,0000000,88,88,88,88,88,88,0,0,0,1,0
28,280013,1,1,0,1,107,0,7,1,2010,5,7,57,0,3,2,US-51,,99998,34.39136389,-89.928330560,0,35,0,0,1,1,5,0,1,4,0,4,0,0000000,88,88,88,88,88,88,0,0,0,1,0
28,280014,1,1,0,1,73,0,7,1,2010,5,8,13,0,4,3,SR-589,,99998,31.13176389,-89.372750000,0,1,0,0,1,1,5,0,1,10,0,10,0,0000000,88,88,88,88,88,88,0,0,0,1,0
28,280015,1,1,0,2,75,1590,9,1,2010,7,15,6,0,19,3,SR-39,,99998,32.41605278,-88.678722220,0,34,0,0,1,1,6,0,1,1,0,1,0,0000000,15,11,15,39,16,10,0,0,0,1,0
28,280016,1,1,0,6,161,0,10,1,2010,1,0,30,0,4,4,CO RD 55,,0,34.04650833,-89.760016670,0,24,0,0,1,1,6,0,2,1,0,1,0,9999999,0,50,1,11,1,58,0,0,0,1,1
28,280017,2,2,0,2,67,0,10,1,2010,1,1,17,0,4,3,SR-28,,99998,31.78423611,-89.329780560,0,12,2,0,1,1,1,0,2,1,0,1,0,0000000,88,88,88,88,88,88,0,0,0,2,1
28,280018,2,2,2,2,73,1440,11,1,2010,2,9,44,0,16,2,US-11,,99998,31.02171389,-89.449738890,0,8,0,0,1,1,1,4,1,3,0,3,0,0000000,9,52,10,12,10,36,0,0,0,3,0
28,280019,1,1,0,1,95,0,11,1,2010,2,23,53,1,2,2,US-45,,99998,33.77533056,-88.457363890,0,1,0,0,1,1,3,0,2,1,0,1,0,0000000,88,88,88,88,88,88,0,0,0,1,1
28,280020,1,1,0,2,127,0,12,1,2010,3,16,2,0,4,4,SARATOGA SHARON RD,,0,31.79981111,-89.682125000,0,10,0,0,6,1,1,0,1,1,0,1,0,9999999,88,88,88,88,88,88,0,0,0,2,0
28,280021,1,1,0,1,11,0,13,1,2010,4,15,21,0,4,3,SR-1,,99998,33.93225000,-90.957527780,0,1,0,0,1,1,6,0,1,1,0,1,0,0000000,88,88,88,88,88,88,0,0,0,1,0
28,280022,1,1,0,1,47,1020,13,1,2010,4,16,58,0,16,6,DEDEAUX RD,,0,30.44974722,-89.032033330,0,34,0,0,1,1,5,0,1,1,0,1,0,0000000,88,88,88,88,88,88,0,0,0,1,1
28,280023,2,2,0,2,69,650,15,1,2010,6,19,0,0,16,3,SR-16,OLD SCOOBA RD,99998,32.77451944,-88.637116670,0,12,6,0,2,3,1,0,3,1,0,1,0,0000000,19,3,19,29,19,36,0,0,0,1,0
28,280024,1,1,1,1,49,1220,18,1,2010,2,6,28,0,16,6,BOLING ST,MICHARL AVALON ST,0,32.34870556,-90.239844440,0,8,0,0,2,2,1,0,1,1,0,1,0,0000000,99,99,99,99,99,99,0,0,0,1,0
28,280025,1,1,0,1,67,0,18,1,2010,2,19,17,0,4,3,SR-29,,99998,31.66419444,-89.240700000,0,42,0,0,1,1,5,0,2,1,0,1,0,0000000,19,20,19,36,19,50,0,0,0,1,0
28,280026,2,2,0,3,35,1050,19,1,2010,3,16,17,0,16,2,US-49,,99998,31.28518889,-89.297433330,0,12,1,0,1,1,1,0,1,1,0,1,0,0000000,88,88,88,88,88,88,19,0,0,2,0
28,280027,1,1,0,3,49,0,19,1,2010,3,19,4,0,13,3,SR-80,,99998,32.34711944,-90.366763890,0,42,0,0,1,1,5,0,2,1,0,1,0,0000000,19,23,19,36,19,50,0,0,0,2,1
28,280028,1,1,0,2,75,0,20,1,2010,4,8,35,1,1,1,I-20,,99998,32.34882500,-88.803005560,0,1,0,0,1,1,3,0,1,1,0,1,0,0000000,8,56,9,12,9,36,0,0,0,2,0
28,280029,1,1,0,3,125,0,21,1,2010,5,13,37,0,4,3,SR-14,,99998,32.99480556,-90.682352780,0,1,0,0,1,1,6,0,1,1,0,1,0,0000000,13,53,14,10,14,36,0,0,0,1,0
28,280030,1,1,1,1,5,0,21,1,2010,5,21,53,0,4,4,IRENE RD,,0,31.19453889,-90.539680560,0,8,0,0,1,1,1,0,2,1,0,1,0,0000000,88,88,88,88,88,88,0,0,0,1,0
28,280031,1,1,0,1,47,1020,22,1,2010,6,18,26,0,14,6,RUTH AVE,,0,30.36000000,-89.123186110,0,10,0,0,6,1,1,0,2,1,0,1,0,9999999,88,88,88,88,88,88,0,0,0,1,0
28,280032,2,2,0,3,1,0,23,1,2010,7,1,39,1,2,2,US-84,FENWICK,99998,31.53260278,-91.392388890,0,12,6,0,2,3,1,0,2,1,0,1,0,0000000,1,46,2,10,2,39,0,0,0,2,1
28,280033,1,1,0,1,49,0,24,1,2010,1,2,12,0,4,4,ST THOMAS RD,ST THOMAS PARKWAY,0,32.33450278,-90.438294440,0,42,0,1,3,3,5,0,2,2,0,2,0,0000000,88,88,88,88,88,88,0,0,0,1,1
28,280034,2,2,0,3,77,0,25,1,2010,2,9,12,0,4,3,SR-44,REGINA LN,99998,99.99990000,999.999900000,0,12,6,0,2,9,1,0,1,1,0,1,0,0000000,9,22,9,36,9,58,0,0,0,1,0
28,280035,1,1,0,1,35,0,25,1,2010,2,23,46,0,4,4,ROBERTSON RD,,0,31.39632222,-89.222288890,0,42,0,0,1,1,6,0,2,1,0,1,0,0000000,88,88,88,88,88,88,0,0,0,1,1
28,280036,2,2,0,2,65,0,28,1,2010,5,19,15,0,4,3,SR-42,,99998,31.55169722,-89.829411110,0,12,2,0,1,1,1,0,2,1,0,1,0,0000000,19,30,19,52,20,22,0,0,0,1,0
28,280037,1,1,1,1,49,1220,28,1,2010,5,20,5,0,13,2,US-80,GALLATIN ST,0,32.28413056,-90.193000000,0,8,0,0,3,2,1,0,2,1,0,1,0,0000000,88,88,88,88,88,88,0,0,0,1,0
28,280038,1,1,0,1,49,0,29,1,2010,6,14,36,0,4,4,COX FERRY,,0,32.54410000,-90.397094440,0,42,0,0,1,1,6,0,1,2,0,2,0,0000000,88,88,88,88,88,88,0,0,0,1,0
28,280039,1,1,0,4,33,0,30,1,2010,7,1,51,1,1,1,I-55,,99998,34.82340278,-89.975827780,0,34,0,0,1,1,5,0,2,3,0,3,0,0000000,2,1,2,33,2,59,0,0,0,1,0
28,280040,2,2,0,6,39,0,31,1,2010,1,2,4,1,2,2,US-98,SR-63,99998,30.95163889,-88.549944440,0,12,6,1,3,3,1,0,2,1,0,1,0,0000000,2,44,3,0,3,16,0,0,0,1,1
28,280041,1,1,0,2,79,0,31,1,2010,1,2,53,1,2,3,SR-25,,99998,32.74649722,-89.601916670,0,42,0,0,1,1,6,0,2,1,0,1,0,0000000,3,14,3,30,3,52,0,0,0,1,1
28,280042,2,2,0,2,81,0,1,2,2010,2,16,45,0,3,3,SR-145,CO RD 631,99998,34.48427500,-88.649669440,0,12,6,1,3,3,1,0,1,2,10,2,0,0000000,16,55,17,10,17,36,0,0,0,1,0
28,280043,2,2,0,5,39,0,2,2,2010,3,16,58,0,4,4,ROCKY CREEK RD,OLD MOBILE HWY,0,30.93201111,-88.513327780,0,12,6,0,2,2,1,0,1,1,0,1,0,0000000,17,5,17,19,17,39,0,0,0,1,0
28,280044,1,1,0,4,75,1590,4,2,2010,5,18,58,0,16,6,39,,0,32.44503056,-88.671297220,0,42,0,0,1,1,6,0,2,2,0,2,0,0000000,19,5,19,19,19,39,0,0,0,1,0
28,280045,1,1,0,2,15,0,5,2,2010,6,6,30,0,4,3,SR-35,,99998,33.42341944,-89.845761110,0,42,0,0,1,1,6,0,4,2,0,2,0,0000000,6,48,7,0,99,99,0,0,0,1,0
28,280046,1,1,0,2,89,0,6,2,2010,7,10,6,1,1,1,I-220,,99998,32.41141389,-90.160802780,0,42,0,0,1,1,5,0,1,1,0,1,0,0000000,10,36,10,46,11,10,0,0,0,1,0
28,280047,1,1,0,2,49,1220,8,2,2010,2,1,4,0,16,6,PEARL ST,,0,32.29761667,-90.176938890,0,25,0,0,1,1,5,0,3,1,0,1,0,0000000,1,6,1,20,1,39,0,0,0,1,1
28,280048,1,1,0,2,155,0,8,2,2010,2,8,55,0,4,3,SR-403,,99998,33.55287500,-89.123219440,0,42,0,0,1,1,6,0,1,1,0,1,0,0000000,9,19,9,38,10,5,0,0,0,1,0
28,280049,1,1,0,1,59,0,8,2,2010,2,15,55,0,4,4,OLD BILOXI RD,,0,30.70723056,-88.790130560,0,1,0,0,1,1,6,0,1,10,0,10,0,0000000,88,88,88,88,88,88,0,0,0,1,0
28,280050,2,2,0,2,107,0,8,2,2010,2,17,58,0,13,2,US-51,,99998,34.27158056,-89.938544440,0,12,2,0,1,1,1,0,2,2,0,2,0,0000000,18,1,18,26,18,49,0,0,0,1,1
28,280051,1,1,1,2,59,0,10,2,2010,4,19,0,0,4,4,OLD FORT RD,,0,30.47375278,-88.760047220,0,8,0,0,1,1,1,0,2,1,0,1,0,0000000,99,99,99,99,99,99,0,0,0,1,0
28,280052,1,1,1,1,109,1950,11,2,2010,5,19,25,0,16,6,59,,0,30.52814722,-89.658136110,0,8,0,0,1,1,1,0,2,2,0,2,0,0000000,88,88,88,88,88,88,0,0,0,1,0
28,280053,2,2,0,3,49,1220,12,2,2010,6,15,25,0,16,6,BAILEY AVE,HURON ST,0,32.32055000,-90.194300000,0,12,6,0,2,2,1,0,1,2,0,2,0,0000000,15,35,15,46,16,0,0,0,0,1,0
28,280054,1,1,0,1,101,0,13,2,2010,7,11,38,0,4,3,SR-503,,99998,32.41128889,-89.082041670,0,1,0,0,1,1,6,0,1,1,0,1,0,0000000,88,88,88,88,88,88,0,0,0,1,0
28,280055,2,2,0,4,49,1220,13,2,2010,7,23,6,1,11,1,I-20,,99998,32.27998611,-90.212388890,0,12,2,0,1,1,1,0,3,1,0,1,0,0000000,23,9,23,16,23,34,0,0,0,1,0
28,280056,2,2,0,3,7,0,13,2,2010,7,21,20,0,4,3,SR-12,,99998,33.13017500,-90.077772220,0,12,2,0,1,1,1,0,2,1,0,1,0,0000000,21,34,21,50,99,99,0,0,0,1,0
28,280057,1,1,0,1,13,0,14,2,2010,1,6,47,0,4,3,SR-9,,99998,34.04818056,-89.373436110,0,42,0,0,1,1,5,0,1,1,0,1,0,0000000,88,88,88,88,88,88,0,0,0,1,0
28,280058,2,2,0,3,67,0,14,2,2010,1,19,57,0,4,4,TRACE RD,,0,31.76980556,-89.158044440,0,12,2,0,1,1,1,0,2,1,0,1,0,0000000,88,88,88,88,88,88,0,0,0,1,0
28,280059,2,2,0,4,27,0,14,2,2010,1,20,59,1,2,2,US-49,,99998,34.24558056,-90.527600000,0,12,2,0,1,1,1,0,2,1,0,1,0,0000000,21,10,21,49,22,10,0,0,0,1,0
28,280060,1,1,0,1,111,0,15,2,2010,2,17,40,0,3,3,SR-15,,99998,31.22021389,-88.917802780,0,42,0,0,1,1,6,0,1,1,0,1,0,0000000,88,88,88,88,88,88,0,0,0,1,0
28,280061,2,2,0,2,79,0,16,2,2010,3,9,23,1,2,3,SR-25,,99998,32.69768333,-89.631122220,0,12,1,0,1,1,1,0,1,1,0,1,0,0000000,88,88,88,88,88,88,0,0,0,1,0
28,280062,2,2,0,2,151,990,16,2,2010,3,15,22,0,16,6,N BROADWAY,ABIDE RD,0,33.44363056,-91.038180560,0,12,6,0,3,2,1,0,1,1,0,1,0,0000000,15,25,15,39,16,0,0,0,0,1,0
28,280063,1,1,0,1,109,0,18,2,2010,5,1,30,0,4,3,SR-53,,99998,30.66360833,-89.429741670,0,1,0,0,1,1,6,0,2,1,0,1,0,0000000,88,88,88,88,88,88,0,0,0,1,1
28,280064,2,2,0,5,139,0,18,2,2010,5,7,14,0,4,3,SR-370,,99998,34.84881944,-88.998441670,0,12,1,0,1,1,1,0,1,1,0,1,0,0000000,7,37,7,54,8,20,0,0,0,1,0
28,280065,1,1,0,1,53,0,18,2,2010,5,16,55,0,4,3,SR-12,,99998,33.18368056,-90.596180560,0,1,0,0,1,1,6,0,1,1,0,1,0,0000000,88,88,88,88,88,88,0,0,0,1,1
28,280066,1,1,1,1,89,2130,19,2,2010,6,2,25,0,16,2,US-51,,99998,32.42369444,-90.131791670,0,9,0,0,1,1,1,0,2,1,0,1,0,0000000,88,88,88,88,88,88,0,0,0,1,0
28,280067,1,1,0,1,33,0,19,2,2010,6,6,48,1,2,2,US-61,,99998,34.90500833,-90.194536110,0,32,0,0,1,1,3,0,1,1,0,1,0,0000000,88,88,88,88,88,88,0,0,0,1,0
28,280068,1,1,0,1,25,0,20,2,2010,7,18,37,0,4,3,SR-47,,99998,33.71466667,-88.817038890,0,1,0,0,1,1,6,0,2,1,0,1,0,0000000,88,88,88,88,88,88,0,0,0,1,0
28,280069,1,1,0,1,117,0,21,2,2010,1,17,18,0,4,4,CO RD 5051,,0,34.60424722,-88.526844440,0,1,0,0,1,1,6,0,5,1,0,1,0,0000000,88,88,88,88,88,88,0,0,0,1,1
28,280070,1,1,0,1,33,0,22,2,2010,2,13,37,1,1,1,I-55,,99998,34.97223889,-90.000816670,0,1,0,0,1,1,6,0,1,1,0,1,0,0000000,88,88,88,88,88,88,0,0,0,1,0
28,280071,1,1,0,4,75,1590,8,2,2010,2,16,34,0,16,2,US-11,,99998,32.36365000,-88.676361110,0,34,0,0,1,1,6,0,1,1,0,1,0,0000000,16,42,17,2,17,33,0,0,0,2,0
28,280072,1,1,0,3,93,370,15,2,2010,2,17,40,0,16,3,SR-309,,99998,34.76798611,-89.670280560,0,1,0,0,1,1,6,0,5,1,0,1,0,0000000,17,46,18,11,18,39,0,0,0,1,1
28,280073,1,1,0,1,93,0,16,2,2010,3,1,22,0,4,4,N SLAYDEN RD,,0,34.95985833,-89.441200000,0,34,0,0,1,1,6,0,2,1,0,1,0,0000000,88,88,88,88,88,88,0,0,0,1,0
28,280074,2,2,0,4,73,0,22,2,2010,2,18,45,0,4,3,SR-42,,99998,31.35963889,-89.279838890,0,12,2,0,1,1,1,0,2,1,0,1,0,0000000,19,1,19,19,19,49,0,0,0,2,0
28,280075,2,2,0,3,35,1050,25,2,2010,5,12,55,1,2,2,US-49,MCCAFFREY RD,99998,31.35114444,-89.339866670,0,12,6,0,3,3,1,0,1,1,0,1,0,0000000,12,58,13,20,13,49,0,0,0,1,0
28,280076,2,2,0,5,39,0,26,2,2010,6,19,9,0,4,4,CO RD 63,DEPOT RD,0,30.87040278,-88.550919440,0,12,6,0,3,2,1,0,2,1,0,1,0,0000000,19,19,19,38,20,0,0,0,0,1,0
28,280077,1,1,0,1,105,2430,26,2,2010,6,21,23,0,13,3,SR-25,,99998,33.47834722,-88.851672220,0,35,0,0,1,1,6,0,2,1,0,1,0,0000000,88,88,88,88,88,88,0,0,0,1,1
28,280078,1,1,0,2,123,0,27,2,2010,7,11,10,1,1,1,I-20,,99998,32.32790278,-89.454202780,0,42,0,0,1,1,6,0,1,1,0,1,0,0000000,88,88,88,88,88,88,0,0,0,1,0
28,280079,1,1,0,2,7,0,28,2,2010,1,10,50,0,4,3,SR-19,,99998,32.95286389,-89.317475000,0,1,0,0,1,1,6,0,1,1,0,1,0,0000000,11,6,11,28,12,2,0,0,0,1,0
28,280080,2,2,0,2,47,1020,1,3,2010,2,15,39,0,16,6,COWAN RD,SPRING ST,0,30.40065833,-89.026744440,0,12,6,0,3,3,1,0,1,2,0,2,0,0000000,88,88,88,88,88,88,0,0,0,1,0
28,280081,1,1,1,1,47,1020,1,3,2010,2,22,51,0,16,6,SEAWAY RD,,0,30.43450278,-89.043761110,0,9,0,0,1,1,1,0,3,2,0,2,0,0000000,22,57,23,16,23,39,0,0,0,1,1
28,280082,1,1,0,2,113,0,2,3,2010,3,17,21,0,4,4,HAMP LEA RD,,0,31.21205000,-90.429733330,0,42,0,0,1,1,6,0,5,2,0,2,0,0000000,17,27,18,0,18,42,0,0,0,1,0
28,280083,1,1,0,2,71,0,5,3,2010,6,13,2,0,4,4,CO RD 309,,0,34.34485278,-89.625563890,0,42,0,0,1,1,6,0,1,1,0,1,0,0000000,99,99,99,99,99,99,0,0,0,2,0
28,280084,1,1,0,3,67,0,7,3,2010,1,11,31,0,4,4,BURT CREEL RD,CARTER DEES RD,0,31.77116667,-89.377705560,0,43,0,0,3,3,5,0,1,1,0,1,0,0000000,88,88,88,88,88,88,0,0,0,1,0
28,280085,1,1,1,1,81,2610,8,3,2010,2,18,31,0,16,6,N GLOSTER ST,,0,34.26714722,-88.715800000,0,8,0,0,1,1,1,0,3,1,0,1,0,0000000,18,36,19,0,19,20,0,0,0,1,0
28,280086,1,1,0,1,91,0,9,3,2010,3,19,25,0,3,3,SR-13,,99998,31.13356389,-89.732980560,0,34,0,0,1,1,6,0,2,1,0,1,0,0000000,88,88,88,88,88,88,0,0,0,1,0
28,280087,2,2,0,3,143,0,10,3,2010,4,3,41,1,2,3,SR-61,ARKABUTLA RD,99998,34.51532778,-90.429838890,0,12,6,0,3,2,1,0,2,2,0,2,0,0000000,4,0,4,15,4,36,0,0,0,1,2
28,280088,1,1,0,1,49,0,12,3,2010,6,21,52,0,4,4,W NORTHSIDE DR,,0,32.35611111,-90.235863890,0,1,0,0,1,1,6,0,2,1,0,1,0,0000000,88,88,88,88,88,88,0,0,0,1,0
28,280089,2,2,0,2,17,0,17,3,2010,4,2,20,0,4,3,SR-8,,99998,33.84063889,-88.828088890,0,12,2,0,1,1,1,0,2,1,0,1,0,0000000,99,99,99,99,99,99,0,0,0,1,0
28,280090,1,1,0,1,47,230,17,3,2010,4,7,39,0,16,6,POPPS FERRY RD,,0,30.44282778,-88.925700000,0,42,0,0,1,1,6,0,1,2,0,2,0,0000000,88,88,88,88,88,88,0,0,0,1,1
28,280091,1,1,0,1,73,0,17,3,2010,4,10,33,0,4,4,TATUM SALT DOME RD,,0,31.16639722,-89.587069440,0,42,0,0,1,1,6,0,1,1,0,1,0,0000000,88,88,88,88,88,88,0,0,0,1,0
28,280092,2,2,0,2,33,0,17,3,2010,4,15,45,0,4,3,SR-302,,99998,34.96272500,-90.029997220,0,12,6,0,1,1,1,0,1,1,0,1,0,0000000,16,0,16,12,16,39,0,0,0,1,0
28,280093,1,1,0,1,23,0,19,3,2010,6,11,37,0,3,2,US-11,,99998,31.97535556,-88.907116670,0,24,0,0,1,1,4,0,1,1,0,1,0,0000000,88,88,88,88,88,88,0,0,0,1,0
28,280094,1,1,0,4,57,0,20,3,2010,7,4,19,0,13,2,US-78,,99998,34.22017778,-88.266563890,0,23,0,0,1,1,5,0,2,1,0,1,0,0000000,88,88,88,88,88,88,0,0,0,4,0
28,280095,1,1,0,1,145,0,20,3,2010,7,22,28,0,3,2,US-78,,99998,34.38793056,-88.892633330,0,24,0,0,1,1,6,0,2,2,0,2,0,0000000,88,88,88,88,88,88,0,0,0,1,1
28,280096,1,1,0,1,59,0,22,3,2010,2,20,43,0,4,4,LOCKARD RD,BOLEN RD,0,30.47101667,-88.551758330,0,42,0,0,3,4,6,0,2,1,0,1,0,0000000,88,88,88,88,88,88,0,0,0,1,1
28,280097,1,1,0,2,111,0,23,3,2010,3,18,34,1,2,2,US-98,,99998,31.16713056,-88.917288890,0,24,0,0,1,1,6,0,1,1,0,1,0,0000000,88,88,88,88,88,88,0,0,0,2,1
28,280098,2,2,0,2,141,170,24,3,2010,4,14,45,0,6,6,SECOND ST,,0,34.51355833,-88.212833330,0,12,1,0,1,1,1,0,1,1,0,1,0,0000000,88,88,88,88,88,88,0,0,0,1,0
28,280099,1,1,0,1,109,0,24,3,2010,4,21,45,0,4,4,BURGETOWN RD,,0,30.60363889,-89.685172220,0,34,0,0,1,1,6,0,2,1,0,1,0,0000000,88,88,88,88,88,88,0,0,0,1,0
28,280100,1,1,1,1,83,0,25,3,2010,5,2,5,1,2,2,US-82,,99998,33.52694167,-90.213933330,0,8,0,0,1,1,1,0,2,1,0,1,0,0000000,88,88,88,88,88,88,0,0,0,1,0
28,280101,2,2,0,3,93,0,25,3,2010,5,4,33,0,4,4,ST PAUL RD,,0,34.83117222,-89.644533330,0,12,2,0,1,1,1,0,2,1,0,1,0,0000000,88,88,88,88,88,88,0,0,0,1,2
28,280102,2,2,0,5,49,1220,25,3,2010,5,7,40,1,1,1,I-55,,99998,32.33319722,-90.162916670,0,12,6,0,1,1,1,0,1,2,10,2,0,0000000,7,59,8,13,8,42,0,0,0,1,0
28,280103,1,1,0,3,51,0,25,3,2010,5,16,40,1,1,1,I-55,,99998,32.93154167,-89.988111110,0,42,0,0,1,1,6,0,1,1,0,1,0,0000000,17,0,17,17,17,39,0,0,0,1,0
28,280104,1,1,0,1,35,0,26,3,2010,6,5,45,1,2,2,US-49,,99998,31.36367778,-89.353180560,0,42,0,0,1,1,3,0,2,1,0,1,0,0000000,88,88,88,88,88,88,0,0,0,1,0
28,280105,1,1,0,1,47,1020,26,3,2010,6,14,43,0,16,6,29TH AVE,,0,30.38024167,-89.095516670,0,10,0,0,6,1,1,0,1,1,0,1,0,9999999,14,48,15,0,15,30,0,0,0,1,0
28,280106,1,1,0,1,49,0,26,3,2010,6,19,48,0,3,3,SR-22,,99998,32.43753333,-90.463572220,0,42,0,0,1,1,5,0,2,1,0,1,0,0000000,20,11,20,39,21,0,0,0,0,1,1
28,280107,2,2,0,4,49,1220,26,3,2010,6,22,44,0,16,6,PASCAGOULA ST,JEFFERSON ST,0,32.29672778,-90.178205560,0,12,6,0,3,2,1,0,3,1,0,1,0,0000000,22,47,23,0,23,35,0,0,0,1,1
28,280108,1,1,0,3,143,0,26,3,2010,6,22,33,1,1,2,US-61,,99998,34.67338333,-90.376238890,0,1,0,0,1,1,6,0,2,1,0,1,0,0000000,23,0,23,36,0,11,0,0,0,1,0
28,280109,1,1,0,1,149,0,27,3,2010,7,0,20,0,3,3,SR-3,,99998,32.49875833,-90.798311110,0,1,0,0,1,1,6,0,2,1,0,1,0,0000000,88,88,88,88,88,88,0,0,0,1,1
28,280110,1,1,0,1,95,0,30,3,2010,3,19,5,0,4,4,SPLUNGE RD,,0,33.91815000,-88.284116670,0,42,0,0,1,1,6,0,5,1,0,1,0,0000000,88,88,88,88,88,88,0,0,0,1,1
28,280111,1,1,0,2,117,0,31,3,2010,4,1,18,0,4,4,CO RD 7000,,0,34.64676667,-88.593663890,0,18,0,0,1,1,6,0,3,1,0,1,0,0000000,88,88,88,88,88,88,0,0,0,2,1