STATE,ST_CASE,VE_TOTAL,VE_FORMS,PEDS,PERSONS,COUNTY,CITY,DAY,MONTH,YEAR,DAY_WEEK,HOUR,MINUTE,NHS,ROAD_FNC,ROUTE,TWAY_ID,TWAY_ID2,MILEPT,LATITUDE,LONGITUD,SP_JUR,HARM_EV,MAN_COLL,RELJCT1,RELJCT2,TYP_INT,REL_ROAD,WRK_ZONE,LGT_COND,WEATHER1,WEATHER2,WEATHER,SCH_BUS,RAIL,NOT_HOUR,NOT_MIN,ARR_HOUR,ARR_MIN,HOSP_HR,HOSP_MN,CF1,CF2,CF3,FATALS,DRUNK_DR
28,280112,1,1,0,1,45,0,31,3,2010,4,22,32,1,1,1,I-10,,99998,30.35206389,-89.444588890,0,1,0,0,1,1,3,0,2,1,0,1,0,0000000,88,88,88,88,88,88,0,0,0,1,1
28,280113,2,2,0,4,49,1220,1,4,2010,5,14,27,1,1,1,I-55,,99998,32.24177222,-90.215436110,0,12,1,0,1,1,1,0,1,1,0,1,0,0000000,14,33,14,59,15,22,0,0,0,1,0
28,280114,1,1,0,1,29,0,1,4,2010,5,17,51,0,4,4,HARMONY RD,,0,31.94353056,-90.294786110,0,30,0,0,1,1,6,0,1,1,0,1,0,0000000,18,0,18,18,99,99,0,0,0,1,0
28,280115,1,1,0,1,117,0,1,4,2010,5,23,44,0,4,4,C R -1101,,0,34.69268611,-88.507619440,0,42,0,0,1,1,6,0,2,1,0,1,0,0000000,88,88,88,88,88,88,0,0,0,1,1
28,280116,2,2,0,5,59,1680,2,4,2010,6,11,9,0,3,3,SR-613,,99998,30.43679722,-88.526975000,0,12,6,0,8,1,1,0,1,1,0,1,0,0000000,11,14,99,99,99,99,0,0,0,1,0
28,280117,1,1,0,1,63,0,2,4,2010,6,11,49,0,4,4,CANNONSBURG RD,,0,31.63712222,-91.203688890,0,42,0,0,1,1,6,0,1,1,0,1,0,0000000,88,88,88,88,88,88,0,0,0,1,0
28,280118,2,2,0,2,3,0,2,4,2010,6,12,42,0,3,2,US-72,304,99998,34.86655000,-88.420200000,0,12,6,1,2,2,1,0,1,1,0,1,0,0000000,12,47,13,0,13,22,0,0,0,1,0
28,280119,2,2,0,4,93,0,2,4,2010,6,12,43,1,2,2,US-78,,99998,34.82370278,-89.558616670,0,12,2,0,1,1,1,0,1,1,0,1,0,0000000,12,53,13,12,13,39,0,0,0,1,0
28,280120,1,1,1,1,45,2740,2,4,2010,6,13,4,0,16,6,CENTRAL AVE,,0,30.28560556,-89.378758330,0,8,0,0,1,1,1,0,1,1,0,1,0,0000000,88,88,88,88,88,88,0,0,0,1,0
28,280121,1,1,0,1,79,0,2,4,2010,6,23,44,0,4,4,PEPPER RIDGE RD,,0,32.61103889,-89.584108330,0,1,0,0,1,1,6,0,2,1,0,1,0,0000000,88,88,88,88,88,88,0,0,0,1,0
28,280122,1,1,1,1,151,990,3,4,2010,7,2,17,0,16,6,RACEWAY RD,,0,33.39755278,-91.006536110,0,8,0,0,1,1,1,0,3,1,0,1,0,0000000,88,88,88,88,88,88,0,0,0,1,0
28,280123,1,1,0,1,91,0,3,4,2010,7,8,0,0,4,3,SR-43,,99998,31.01872778,-89.736766670,0,1,0,0,1,1,6,0,1,1,0,1,0,0000000,88,88,88,88,88,88,0,0,0,1,0
28,280124,1,1,0,10,137,0,4,4,2010,1,15,10,1,1,1,I-55,,99998,34.64801944,-89.958522220,0,1,0,0,1,1,6,0,1,1,0,1,0,0000000,15,14,15,36,16,1,0,0,0,1,0
28,280125,2,2,0,3,93,0,4,4,2010,1,17,17,1,2,2,US-72,,99998,34.94695000,-89.416866670,0,12,2,0,1,1,1,0,1,1,0,1,0,0000000,17,28,17,42,18,0,0,0,0,1,0
28,280126,1,1,0,1,49,1220,4,4,2010,1,18,32,1,1,1,I-20,,99998,32.27577500,-90.195994440,0,32,0,0,1,1,6,0,1,1,0,1,0,0000000,88,88,88,88,88,88,0,0,0,1,0
28,280127,1,1,0,1,23,0,4,4,2010,1,22,40,1,1,1,I-59,,99998,32.07537500,-88.892955560,0,42,0,0,1,1,3,0,2,1,0,1,0,0000000,88,88,88,88,88,88,0,0,0,1,0
28,280128,1,1,0,1,41,0,5,4,2010,2,9,23,0,3,3,SR-594,,99998,31.10134167,-88.478177780,0,42,0,0,1,1,6,0,1,1,0,1,0,0000000,10,0,10,27,10,42,0,0,0,1,0
28,280129,2,2,0,2,31,0,5,4,2010,2,11,43,1,2,2,US-49,,99998,31.61070278,-89.535183330,0,12,6,0,1,1,1,0,1,1,0,1,0,0000000,88,88,88,88,88,88,0,0,0,1,0
28,280130,2,2,0,2,139,2150,6,4,2010,3,17,33,0,16,6,4 EAST,,0,34.73219722,-88.921280560,0,12,2,0,1,1,1,0,1,1,0,1,0,0000000,17,35,17,52,18,22,0,0,0,1,0
28,280131,1,1,0,1,113,0,7,4,2010,4,20,2,0,4,4,EMERALD STATE LINE,,0,31.05962500,-90.364544440,0,34,0,0,1,1,6,0,2,1,0,1,0,0000000,88,88,88,88,88,88,0,0,0,1,0
28,280132,1,1,0,2,89,0,8,4,2010,5,16,22,0,4,4,GREENS CROSSING RD,,0,32.44115556,-90.245227780,0,42,0,0,1,1,6,0,1,1,0,1,0,0000000,16,50,17,22,17,39,0,0,0,1,0
28,280133,1,1,0,2,47,0,9,4,2010,6,3,50,0,4,3,SR-53,,99998,30.54426389,-89.250913890,0,1,0,0,1,1,6,0,2,1,0,1,0,0000000,4,12,4,52,99,99,0,0,0,1,1
28,280134,2,2,0,3,27,0,9,4,2010,6,7,38,0,4,3,SR-1,RIVER RD,99998,34.16050556,-90.764236110,0,12,98,0,3,2,1,0,1,1,0,1,0,0000000,8,0,8,14,8,39,0,0,0,1,0
28,280135,3,3,0,4,3,560,9,4,2010,6,14,8,0,16,2,US-72,,99998,34.88501667,-88.452602780,0,12,2,0,1,1,1,0,1,1,0,1,0,0000000,14,16,14,39,15,0,0,0,0,1,0
28,280136,1,1,0,1,79,420,10,4,2010,7,16,23,0,16,6,HAYES ST,,0,32.73321389,-89.548186110,0,34,0,0,1,1,6,0,1,1,0,1,0,0000000,88,88,88,88,88,88,0,0,0,1,0
28,280137,3,3,0,3,83,0,13,4,2010,3,7,32,1,2,2,US-82,SR-430,99998,33.46402778,-90.422372220,0,12,6,1,3,2,1,0,1,1,0,1,0,0000000,7,42,8,0,8,13,0,0,0,1,0
28,280138,1,1,0,1,29,0,14,4,2010,4,5,56,1,1,1,I-55,,99998,31.94648056,-90.391644440,0,18,0,0,1,1,3,0,4,1,0,1,0,0000000,88,88,88,88,88,88,0,0,0,1,0
28,280139,3,3,0,4,81,2610,14,4,2010,4,9,54,0,16,6,GLOSTER,MS ST,0,34.26455833,-88.715716670,0,12,6,1,3,2,1,0,1,1,0,1,0,0000000,10,12,10,36,10,50,0,0,0,1,0
28,280140,2,2,0,3,141,0,15,4,2010,5,21,5,0,3,3,SR-25,SR-49,99998,34.47068889,-88.204766670,0,12,6,1,3,3,1,0,2,1,0,1,0,0000000,21,46,22,1,99,99,0,0,0,1,0
28,280141,2,2,0,3,33,0,16,4,2010,6,8,6,1,2,2,US-61,,99998,34.88177778,-90.221100000,0,12,6,0,7,1,1,0,1,1,0,1,0,0000000,8,24,9,10,9,36,0,0,0,1,0
28,280142,1,1,1,1,53,0,17,4,2010,7,22,15,0,4,3,SR-149,,99998,33.08370278,-90.521550000,0,8,0,0,1,1,1,0,2,1,0,1,0,0000000,88,88,88,88,88,88,0,0,0,1,0
28,280143,2,2,0,3,79,0,18,4,2010,1,20,38,0,4,3,SR-16,,99998,32.70392222,-89.637258330,0,12,2,0,1,1,1,0,2,1,0,1,0,0000000,99,99,99,99,99,99,0,0,0,1,0
28,280144,2,2,0,2,3,560,19,4,2010,2,22,19,1,2,2,US-45,,99998,34.99455000,-88.518797220,0,12,2,0,1,1,1,0,3,1,0,1,0,0000000,88,88,88,88,88,88,0,0,0,1,0
28,280145,1,1,0,3,51,0,20,4,2010,3,22,40,0,4,3,SR-12,,99998,33.08535833,-89.853744440,0,42,0,0,1,1,6,0,2,1,0,1,0,0000000,22,56,23,16,23,50,0,0,0,1,0
28,280146,1,1,0,1,17,0,22,4,2010,5,18,15,0,4,4,CO RD 159,,0,33.95418333,-88.951577780,0,1,0,0,1,1,6,0,1,1,0,1,0,0000000,88,88,88,88,88,88,0,0,0,1,0
28,280147,2,2,0,3,85,0,23,4,2010,6,18,24,0,4,3,SR-550,,99998,31.59580000,-90.489000000,0,12,2,0,1,1,1,0,1,2,10,2,0,0000000,18,33,18,52,19,16,0,0,0,1,0
28,280148,1,1,0,1,121,0,24,4,2010,7,10,24,0,4,4,BISHOP LN,,0,32.07843056,-90.117372220,0,1,0,0,1,1,6,0,1,2,0,2,0,0000000,88,88,88,88,88,88,0,0,0,1,0
28,280149,1,1,0,2,7,0,25,4,2010,1,3,59,0,4,3,SR-12,,99998,33.10158056,-89.968383330,0,42,0,0,1,1,6,0,2,1,0,1,0,0000000,4,21,4,59,5,23,0,0,0,1,1
28,280150,1,1,0,2,5,0,25,4,2010,1,18,5,0,4,3,SR-569,,99998,31.05708889,-90.897188890,0,35,0,0,1,1,6,0,1,1,0,1,0,0000000,18,19,18,40,19,10,0,0,0,1,0
28,280151,1,1,0,1,109,0,25,4,2010,1,22,40,0,4,4,CEASAR RD,,0,30.55421389,-89.592219440,0,32,0,0,1,1,5,0,2,1,0,1,0,0000000,88,88,88,88,88,88,0,0,0,1,0
28,280152,3,3,0,4,49,0,26,4,2010,2,10,25,1,1,1,I-20,,99998,32.35609167,-90.445269440,0,12,2,0,1,1,1,0,1,1,0,1,0,0000000,10,35,10,51,11,9,0,0,0,2,0
28,280153,1,1,0,1,71,0,19,1,2010,3,11,22,0,4,4,CO RD 103,,0,34.50160556,-89.565266670,0,42,0,0,1,1,6,0,1,1,0,1,0,0000000,88,88,88,88,88,88,0,0,0,1,0
28,280154,1,1,0,1,51,0,22,1,2010,6,2,45,0,4,4,BOWLING GREEN RD,,0,33.16086944,-89.925155560,0,42,0,0,1,1,6,0,2,1,0,1,0,0000000,88,88,88,88,88,88,0,0,0,1,1
28,280155,1,1,1,1,81,0,23,1,2010,7,18,0,0,16,6,ROMIE HILL AVE,COWDEN ST,0,34.11925833,-88.719555560,0,8,0,0,3,3,1,0,3,1,0,1,0,0000000,18,18,18,30,99,99,0,0,0,1,0
28,280156,1,1,0,1,151,0,29,1,2010,6,17,20,0,4,4,AVON DARLOVE RD,,0,33.21413333,-90.914697220,0,18,0,0,1,1,5,0,2,10,0,10,0,0000000,88,88,88,88,88,88,0,0,0,1,1
28,280157,2,2,0,4,51,0,11,3,2010,5,9,0,0,4,4,BOWLING GREEN RD,,0,33.15562500,-89.944252780,0,12,2,0,1,1,1,0,1,1,0,1,0,0000000,9,20,9,59,10,22,0,0,0,1,0
28,280158,1,1,0,1,51,0,15,4,2010,5,20,4,0,4,4,EBENEZER RD,,0,33.02528889,-90.097802780,0,42,0,0,1,1,6,0,2,1,0,1,0,0000000,88,88,88,88,88,88,0,0,0,1,0
28,280159,2,2,0,2,161,0,26,4,2010,2,11,20,0,4,4,CO RD 36,,0,34.10217500,-89.802633330,0,12,2,0,1,1,1,0,1,1,0,1,0,0000000,88,88,88,88,88,88,0,0,0,1,0
28,280160,1,1,0,2,71,0,26,4,2010,2,21,0,0,4,4,CO RD 143,,0,34.46715000,-89.589300000,0,1,0,0,1,1,6,0,2,1,0,1,0,0000000,21,20,21,59,99,99,0,0,0,1,0
28,280161,2,2,0,5,49,0,27,4,2010,3,12,3,1,1,1,I-55,,99998,32.12038333,-90.292683330,0,12,1,0,1,1,1,0,1,1,0,1,0,0000000,12,30,12,49,13,13,0,0,0,2,0
28,280162,1,1,0,1,99,0,27,4,2010,3,14,25,0,4,4,CO RD 616,,0,32.77652222,-89.076891670,0,18,0,0,1,1,6,0,1,1,0,1,0,0000000,88,88,88,88,88,88,0,0,0,1,0
28,280163,2,2,0,2,149,0,28,4,2010,4,7,2,0,3,2,US-80,,99998,32.34385556,-90.837450000,0,12,2,0,1,1,1,0,1,1,0,1,0,0000000,7,26,7,40,8,11,0,0,0,1,0
28,280164,1,1,0,1,67,0,28,4,2010,4,11,49,1,2,2,US-84,,99998,31.68650833,-89.228125000,0,42,0,0,1,1,5,0,1,1,0,1,0,0000000,11,52,13,13,13,46,0,0,0,1,0
28,280165,1,1,0,1,117,0,30,4,2010,6,7,15,0,3,3,SR-370,,99998,34.62487500,-88.374494440,0,1,0,0,1,1,6,0,1,1,0,1,0,0000000,88,88,88,88,88,88,0,0,0,1,0
28,280166,1,1,0,3,69,0,1,5,2010,7,2,17,0,4,3,SR-21,,99998,32.88238056,-88.832680560,0,30,0,0,1,1,5,0,2,2,0,2,0,0000000,2,39,2,50,99,99,0,0,0,1,1
28,280167,1,1,0,3,127,0,1,5,2010,7,2,22,0,4,3,SR-469,,99998,32.00378056,-90.110336110,0,1,0,0,1,1,6,0,2,2,0,2,0,0000000,2,42,3,10,3,50,0,0,0,1,0
28,280168,1,1,0,1,115,0,1,5,2010,7,5,40,0,16,6,9,,0,34.23758056,-89.035391670,0,42,0,0,1,1,6,0,2,1,0,1,0,0000000,99,99,99,99,99,99,0,0,0,1,0
28,280169,1,1,0,1,145,0,1,5,2010,7,19,48,0,4,2,US-78,,99998,34.38961111,-88.894716670,0,23,0,0,1,1,6,0,2,2,0,2,0,0000000,88,88,88,88,88,88,0,0,0,1,0
28,280170,2,2,0,4,19,0,1,5,2010,7,20,34,0,4,3,SR-12,DRAIN RD,99998,33.27776667,-89.286436110,0,12,6,0,2,2,1,0,2,2,0,2,0,0000000,21,0,21,13,21,39,0,0,0,1,1
28,280171,1,1,1,1,43,1010,1,5,2010,7,21,35,0,16,6,51,,0,33.78665556,-89.809927780,0,8,0,0,1,1,1,0,2,2,0,2,0,0000000,88,88,88,88,88,88,0,0,0,1,0
28,280172,1,1,0,1,39,0,2,5,2010,1,9,2,0,4,3,SR-63,,99998,30.81476667,-88.598019440,0,1,0,0,1,1,6,0,1,1,0,1,0,0000000,88,88,88,88,88,88,0,0,0,1,1
28,280173,1,1,0,1,3,560,2,5,2010,1,10,26,0,16,6,SHILOH RD,,0,34.94536667,-88.507555560,0,34,0,0,1,1,5,0,1,2,0,2,0,0000000,88,88,88,88,88,88,0,0,0,1,0
28,280174,2,2,0,3,81,2610,2,5,2010,1,16,22,0,16,3,SR-45,,99998,34.26175556,-88.693913890,0,12,1,0,1,1,1,0,1,2,0,2,0,0000000,16,27,16,39,17,0,0,0,0,1,0
28,280175,2,2,0,2,27,0,4,5,2010,3,13,40,0,4,4,FRIARSPOINT RD,,0,34.36455278,-90.602916670,0,12,6,0,1,1,1,0,1,1,0,1,0,0000000,13,50,14,14,14,49,0,0,0,1,0
28,280176,1,1,0,1,47,0,6,5,2010,5,3,39,0,4,4,FIRETOWER RD,,0,30.42240278,-89.260697220,0,35,0,0,1,1,6,0,2,1,0,1,0,0000000,88,88,88,88,88,88,0,0,0,1,1
28,280177,1,1,0,1,107,0,6,5,2010,5,12,12,0,14,3,SR-310,,99998,34.51002222,-89.887047220,0,42,0,0,1,1,6,0,1,1,0,1,0,0000000,88,88,88,88,88,88,0,0,0,1,0
28,280178,1,1,0,1,121,0,7,5,2010,6,3,39,0,4,4,BETHEL RD,,0,32.22685278,-90.009397220,0,42,0,0,1,1,6,0,2,1,0,1,0,0000000,88,88,88,88,88,88,0,0,0,1,1
28,280179,2,2,0,2,91,530,8,5,2010,7,9,23,1,13,2,US-98,SUMRALL RD,99998,31.24205833,-89.810925000,0,12,6,0,2,3,1,0,1,1,0,1,0,0000000,9,32,9,39,10,11,0,0,0,1,0
28,280180,1,1,0,1,121,1920,8,5,2010,7,10,29,0,16,3,SR-43,,99998,32.31367778,-89.804766670,0,42,0,0,1,1,6,0,1,2,0,2,0,0000000,88,88,88,88,88,88,0,0,0,1,0
28,280181,1,1,0,4,83,0,9,5,2010,1,2,53,1,2,2,US-49,,99998,33.54633056,-90.249177780,0,30,0,0,1,1,6,0,2,1,0,1,0,0000000,3,9,3,29,3,51,0,0,0,3,0
28,280182,1,1,0,2,131,0,9,5,2010,1,14,55,0,4,4,MAGNOLIA RD,,0,30.80778056,-89.294922220,0,42,0,0,1,1,6,0,1,1,0,1,0,0000000,88,88,88,88,88,88,0,0,0,2,1
28,280183,1,1,0,4,151,0,10,5,2010,2,3,18,0,4,3,SR-1,,99998,33.03816944,-91.005763890,0,18,0,0,1,1,6,0,2,1,0,1,0,0000000,3,44,3,59,4,22,0,0,0,1,1
28,280184,2,2,0,3,101,0,10,5,2010,2,11,35,0,4,3,SR-15,,99998,32.29623889,-89.151133330,0,12,1,0,1,1,1,0,1,1,0,1,0,0000000,12,2,12,20,12,45,0,0,0,1,0
28,280185,2,2,0,2,7,0,11,5,2010,3,13,12,0,4,3,SR-14,,99998,32.95477222,-89.884052780,0,12,6,0,1,1,1,0,1,1,0,1,0,0000000,13,33,13,59,14,26,0,0,0,1,0
28,280187,3,3,0,4,89,2130,11,5,2010,3,15,48,0,16,6,E COUNTY LINE RD,MOSSLINE,0,32.39951111,-90.131502780,0,12,8,0,3,3,1,0,1,1,0,1,0,0000000,15,59,16,18,16,39,0,0,0,1,0
28,280188,1,1,0,1,31,0,14,5,2010,6,8,17,0,4,4,LAKE MIKE CONNOR RD,,0,31.62104444,-89.609600000,0,42,0,0,1,1,6,0,1,1,0,1,0,0000000,8,21,8,36,8,52,0,0,0,1,0
28,280189,2,2,0,3,127,0,14,5,2010,6,14,39,1,2,2,US-49,,99998,31.80943889,-89.695130560,0,12,1,0,1,1,1,4,1,1,0,1,0,0000000,14,54,15,13,99,99,0,0,0,1,0
28,280190,1,1,0,1,153,0,15,5,2010,7,1,37,0,4,4,CAMP 8 RD,,0,31.54244444,-88.762191670,0,42,0,0,1,1,6,0,2,1,0,1,0,0000000,88,88,88,88,88,88,0,0,0,1,1
28,280191,1,1,0,2,51,0,16,5,2010,1,2,20,0,4,3,SR-12,,99998,33.12543889,-90.306716670,0,42,0,0,1,1,6,0,2,2,0,2,0,0000000,2,54,3,13,99,99,0,0,0,1,0
28,280192,2,2,0,3,47,230,17,5,2010,2,21,20,0,16,6,IRISH HILL DR,,0,30.39771667,-88.942908330,0,12,2,0,1,1,1,0,3,1,0,1,0,0000000,88,88,88,88,88,88,0,0,0,1,1
28,280193,1,1,1,1,107,0,17,5,2010,2,22,4,0,4,3,SR-310,,99998,34.50560278,-90.183205560,0,8,0,0,1,1,1,0,2,2,0,2,0,0000000,88,88,88,88,88,88,0,0,0,1,0
28,280194,2,2,0,2,11,0,19,5,2010,4,0,39,1,2,2,US-61,,99998,33.91291389,-90.743111110,0,12,7,0,1,1,1,0,2,1,0,1,0,0000000,1,0,1,30,1,42,0,0,0,1,1
28,280195,2,2,0,2,61,0,19,5,2010,4,1,33,1,1,1,I-59,,99998,31.89761667,-89.028611110,0,12,1,0,1,1,1,0,2,1,0,1,0,0000000,88,88,88,88,88,88,0,0,0,1,0
28,280196,1,1,0,2,59,0,21,5,2010,6,0,58,0,4,4,JIM RAMSEY RD,,0,30.54747778,-88.772922220,0,18,0,0,1,1,6,0,2,1,0,1,0,0000000,1,36,2,20,99,99,0,0,0,1,0
28,280197,1,1,0,1,109,0,22,5,2010,7,6,48,0,3,3,SR-43,,99998,30.75810000,-89.773750000,0,42,0,0,1,1,6,0,1,1,0,1,0,0000000,88,88,88,88,88,88,0,0,0,1,0
28,280198,3,3,0,4,59,0,22,5,2010,7,16,30,0,4,4,SEAMAN RD,DENEEN RD,0,30.46862222,-88.837819440,0,12,2,0,3,3,1,0,1,1,0,1,0,0000000,16,39,17,19,18,0,0,0,0,1,0
28,280199,1,1,0,3,115,0,22,5,2010,7,22,38,0,4,4,ENDVILLE RD,,0,34.31423333,-88.854288890,0,42,0,0,1,1,6,0,2,1,0,1,0,0000000,22,47,23,0,23,46,0,0,0,1,0
28,280200,1,1,0,6,49,0,23,5,2010,1,1,27,0,4,4,ALEXANDER RD,,0,32.43213611,-90.482325000,0,34,0,0,1,1,6,0,2,1,0,1,0,0000000,1,38,2,11,2,40,0,0,0,2,1
28,280201,1,1,0,2,11,0,23,5,2010,1,13,59,1,2,2,US-61,,99998,33.98155278,-90.760288890,0,1,0,0,1,1,6,0,1,1,0,1,0,0000000,14,12,14,39,15,11,0,0,0,1,0
28,280202,1,1,0,1,137,0,23,5,2010,1,17,16,0,4,3,SR-305,,99998,34.74342778,-89.810122220,0,23,0,0,1,1,6,0,1,1,0,1,0,0000000,88,88,88,88,88,88,0,0,0,1,1
28,280203,1,1,0,3,107,0,23,5,2010,1,17,38,0,4,4,CURTIS RD,,0,34.33922778,-89.970400000,0,35,0,0,1,1,6,0,1,1,0,1,0,0000000,17,45,18,10,18,39,0,0,0,1,1
28,280204,1,1,0,3,129,0,23,5,2010,1,18,27,0,3,3,SR-531,,99998,31.84037778,-89.398197220,0,1,0,0,1,1,6,0,1,1,0,1,0,0000000,19,0,19,50,20,13,0,0,0,1,0
28,280205,2,2,0,3,125,0,24,5,2010,2,1,0,1,2,2,US-61,,99998,33.04507500,-90.847577780,0,12,2,0,1,1,1,0,2,1,0,1,0,0000000,1,32,2,11,2,59,0,0,0,2,0
28,280206,1,1,0,1,93,0,24,5,2010,2,19,49,0,4,3,SR-349,,99998,34.63680833,-89.311766670,0,42,0,0,1,1,6,0,1,2,0,2,0,0000000,88,88,88,88,88,88,0,0,0,1,1
28,280207,2,2,0,2,59,0,25,5,2010,3,8,2,0,4,3,SR-614,,99998,30.65327222,-88.489380560,0,12,2,0,1,1,1,0,1,1,0,1,0,0000000,88,88,88,88,88,88,0,0,0,1,0
28,280208,1,1,0,1,49,1220,25,5,2010,3,19,27,0,16,6,ELLIS AVE,,0,32.28709722,-90.227666670,0,21,0,0,1,1,4,0,5,1,0,1,0,0000000,19,33,19,49,20,30,0,0,0,1,0
28,280209,1,1,0,2,109,0,26,5,2010,4,13,10,1,1,1,I-59,,99998,30.61726944,-89.605650000,0,1,0,0,1,1,6,0,1,1,0,1,0,0000000,13,16,13,40,14,0,0,0,0,1,0
28,280210,1,1,0,1,61,0,28,5,2010,6,19,22,0,4,4,CO RD 333,,0,32.02059444,-89.045433330,0,35,0,0,1,1,6,0,1,1,0,1,0,0000000,88,88,88,88,88,88,0,0,0,1,1
28,280211,1,1,0,1,31,0,29,5,2010,7,11,31,0,3,3,SR-35,,99998,31.70655556,-89.709033330,0,42,0,0,1,1,6,0,1,1,0,1,0,0000000,88,88,88,88,88,88,0,0,0,1,0
28,280212,1,1,0,4,75,0,30,5,2010,1,0,43,0,4,4,MARTIN KEMPER CO,,0,32.55569444,-88.848325000,0,34,0,0,1,1,6,0,2,1,0,1,0,0000000,0,57,1,39,99,99,0,0,0,1,1
28,280213,1,1,0,1,49,1220,1,6,2010,3,19,19,1,1,1,I-55,,99998,32.30997778,-90.163336110,0,21,0,0,1,1,6,0,1,2,0,2,0,0000000,19,27,99,99,99,99,0,0,0,1,0
28,280214,2,2,0,2,111,0,2,6,2010,4,12,50,1,2,2,US-98,,99998,31.17047222,-88.942780560,0,12,1,0,1,1,1,0,1,1,0,1,0,0000000,12,54,13,14,13,39,0,0,0,1,0
28,280215,3,3,0,7,73,0,3,6,2010,5,15,0,0,4,3,SR-35,,99998,31.25962222,-89.539175000,0,12,1,0,1,1,1,0,1,1,0,1,0,0000000,15,22,15,48,16,22,0,0,0,5,0
28,280216,2,2,0,4,31,0,3,6,2010,5,21,20,1,2,2,US-49,,99998,31.56160556,-89.511794440,0,12,1,0,1,1,1,0,2,1,0,1,0,0000000,21,30,21,52,22,22,0,0,0,1,0
28,280217,1,1,0,1,99,0,4,6,2010,6,3,12,0,4,3,SR-19,,99998,32.87746111,-89.178858330,0,42,0,0,1,1,6,0,2,1,0,1,0,0000000,3,40,4,11,4,18,0,0,0,1,1
28,280218,2,2,0,4,145,0,4,6,2010,6,13,16,0,4,2,US-78,,99998,34.55386111,-89.135641670,0,12,6,0,1,1,1,0,1,1,0,1,0,0000000,13,25,13,49,14,22,0,0,0,1,0
28,280219,1,1,0,1,137,0,6,6,2010,1,13,16,0,4,4,TATE RD,,0,34.65575000,-89.849452780,0,21,0,0,1,1,6,0,1,1,0,1,0,0000000,88,88,88,88,88,88,0,0,0,1,1
28,280220,3,3,0,5,33,0,9,6,2010,4,14,7,1,1,1,I-55,,99998,34.82807222,-89.977941670,0,12,1,0,1,1,1,0,1,1,0,1,0,0000000,14,22,14,40,15,30,0,0,0,1,0
28,280221,2,2,0,2,61,0,9,6,2010,4,14,12,0,4,3,SR-15,,99998,32.04355000,-89.268422220,0,12,6,0,1,1,1,0,1,1,0,1,0,0000000,88,88,88,88,88,88,0,0,0,1,0
28,280222,1,1,0,6,47,230,10,6,2010,5,21,57,1,1,1,I-10,,99998,30.44567778,-89.024533330,0,24,0,0,1,1,6,0,2,1,0,1,0,0000000,22,17,22,36,22,50,0,0,0,2,0
28,280223,2,2,0,2,51,0,11,6,2010,6,22,49,1,1,1,I-55,,99998,33.12518889,-89.868336110,0,12,2,0,1,1,1,0,2,1,0,1,0,0000000,22,56,23,19,23,52,0,0,0,1,1
28,280224,2,2,0,3,35,0,11,6,2010,6,22,54,1,1,1,I-59,,99998,31.20931389,-89.333094440,0,12,2,0,1,1,1,0,2,1,0,1,0,0000000,22,56,23,29,99,99,0,0,0,1,0
28,280225,2,2,0,2,109,0,13,6,2010,1,2,39,1,1,1,I-59,,99998,30.47139722,-89.686397220,0,12,6,0,1,1,1,0,2,1,0,1,0,0000000,88,88,88,88,88,88,0,0,0,1,0
28,280226,1,1,0,1,13,0,13,6,2010,1,9,54,0,4,3,SR-9,,99998,33.83509722,-89.319363890,0,42,0,0,1,1,6,0,1,1,0,1,0,0000000,10,20,10,52,11,24,0,0,0,1,0
28,280227,1,1,0,2,151,0,13,6,2010,1,15,49,1,2,2,US-61,,99998,33.36809722,-90.870322220,0,1,0,0,1,1,6,0,1,1,0,1,0,0000000,15,59,16,36,17,0,0,0,0,2,0
28,280228,1,1,0,1,59,0,14,6,2010,2,8,39,0,4,4,WADE VANCLEAVE RD,,0,30.60367778,-88.718761110,0,1,0,0,1,1,6,0,1,1,0,1,0,0000000,88,88,88,88,88,88,0,0,0,1,0
28,280229,1,1,0,1,103,0,16,6,2010,4,13,6,0,4,3,SR-14,,99998,33.09733056,-88.503627780,0,1,0,0,1,1,6,0,1,1,0,1,0,0000000,88,88,88,88,88,88,0,0,0,1,0
28,280230,2,2,0,3,67,0,16,6,2010,4,23,27,1,1,1,I-59,,99998,31.52397222,-89.283700000,0,12,2,0,1,1,1,0,3,1,0,1,0,0000000,23,52,1,22,2,0,0,0,0,1,0
28,280231,1,1,0,1,145,0,18,6,2010,6,18,34,0,3,3,SR-30,,99998,34.46734444,-89.127744440,0,18,0,0,1,1,6,0,1,1,0,1,0,0000000,18,42,18,52,19,3,0,0,0,1,1
28,280232,1,1,0,1,29,0,19,6,2010,7,5,59,1,1,1,I-55,,99998,31.94553611,-90.392075000,0,34,0,0,1,1,6,0,4,1,0,1,0,0000000,88,88,88,88,88,88,0,0,0,1,1
28,280233,2,2,0,2,41,0,19,6,2010,7,13,31,0,3,3,SR-57,LILY PAD RD,99998,31.15369167,-88.530277780,0,12,6,0,3,3,1,0,1,1,0,1,0,0000000,13,51,14,31,99,99,0,0,0,1,0
28,280234,1,1,0,2,131,2820,20,6,2010,1,23,10,0,16,6,COLLEGE AVE,FRONTAGE RD,0,30.85900278,-89.159675000,0,35,0,0,3,3,6,0,3,1,0,1,0,0000000,23,13,23,36,0,12,0,0,0,1,1