STATE,ST_CASE,VE_TOTAL,VE_FORMS,PEDS,PERSONS,COUNTY,CITY,DAY,MONTH,YEAR,DAY_WEEK,HOUR,MINUTE,NHS,ROAD_FNC,ROUTE,TWAY_ID,TWAY_ID2,MILEPT,LATITUDE,LONGITUD,SP_JUR,HARM_EV,MAN_COLL,RELJCT1,RELJCT2,TYP_INT,REL_ROAD,WRK_ZONE,LGT_COND,WEATHER1,WEATHER2,WEATHER,SCH_BUS,RAIL,NOT_HOUR,NOT_MIN,ARR_HOUR,ARR_MIN,HOSP_HR,HOSP_MN,CF1,CF2,CF3,FATALS,DRUNK_DR
28,280235,2,2,0,3,75,0,10,2,2010,4,14,47,0,4,4,CENTERHILL  MARTIN R,BYRD-DOERNER,0,32.52919444,-88.818369440,0,12,6,0,2,3,1,0,1,1,0,1,0,0000000,15,0,15,29,16,0,0,0,0,1,0
28,280236,2,2,0,4,47,230,17,2,2010,4,9,26,0,16,3,SR-15,OLD HWY 67,99998,30.47001944,-88.908233330,0,12,6,0,2,2,1,0,1,1,0,1,0,0000000,9,31,10,0,10,30,0,0,0,1,0
28,280237,2,2,0,3,59,1680,9,3,2010,3,14,51,1,1,1,I-10,,99998,30.43949722,-88.542080560,0,12,2,0,1,1,1,0,1,1,0,1,0,0000000,14,59,15,39,16,11,0,0,0,2,0
28,280238,2,2,0,3,23,2080,3,4,2010,7,9,18,0,16,6,WEST DONALD ST,,0,32.03833056,-88.729480560,0,12,6,0,1,1,1,0,1,2,0,2,0,0000000,9,30,9,51,99,99,0,0,0,1,1
28,280239,1,1,0,1,27,0,8,4,2010,5,22,41,0,4,4,OLD HWY 49,,0,34.37185000,-90.501852780,0,42,0,0,1,1,6,0,2,1,0,1,0,0000000,88,88,88,88,88,88,0,0,0,1,0
28,280240,1,1,0,2,49,0,11,4,2010,1,17,53,1,1,1,I-20,,99998,32.36159444,-90.525369440,0,1,0,0,1,1,6,0,1,1,0,1,0,0000000,18,0,18,23,19,0,0,0,0,1,0
28,280241,1,1,0,3,147,0,20,4,2010,3,7,1,0,4,4,KNOXO RD,,0,31.11956667,-90.044236110,0,42,0,0,1,1,6,0,1,2,0,2,0,0000000,7,11,7,39,8,14,0,0,0,1,0
28,280242,1,1,0,3,105,0,26,5,2010,4,21,36,0,4,4,S MONTGOMERY ST,,0,33.38422500,-88.810375000,0,30,0,0,1,1,6,0,2,1,0,1,0,0000000,21,44,22,20,22,50,0,0,0,2,1
28,280243,1,1,0,2,99,0,31,5,2010,2,19,52,0,4,4,CO RD 505,,0,32.73552222,-89.106847220,0,1,0,0,1,1,6,0,1,1,0,1,0,0000000,19,59,20,37,20,59,0,0,0,1,1
28,280244,1,1,0,1,129,0,7,6,2010,2,9,36,0,4,4,CO RD 538,,0,32.21389167,-89.655861110,0,34,0,0,1,1,6,0,1,1,0,1,0,0000000,9,42,10,11,10,42,0,0,0,1,0
28,280245,2,2,0,3,85,320,13,6,2010,1,20,21,0,16,6,MAGEE DR,BROOKWAY BLVD,0,31.57895556,-90.470750000,0,12,6,0,2,2,1,0,3,1,0,1,0,0000000,20,24,20,36,21,5,0,0,0,1,0
28,280246,2,2,0,3,151,990,21,6,2010,2,9,33,1,2,3,SR-82,BROADWAY,99998,33.39959722,-91.039366670,0,12,6,1,2,2,1,0,1,1,0,1,0,0000000,9,37,10,2,10,29,0,0,0,1,0
28,280247,2,2,0,2,49,490,21,6,2010,2,19,58,0,16,6,SPRINGRIDGE RD,WILLOWBROOK DR,0,32.31455556,-90.326155560,0,12,6,0,2,3,1,0,5,1,0,1,0,0000000,20,4,20,22,21,0,0,0,0,1,0
28,280248,1,1,1,1,121,0,22,6,2010,3,11,9,1,1,1,I-20,,99998,32.29624722,-89.730888890,0,8,0,0,1,1,1,0,1,1,0,1,0,0000000,88,88,88,88,88,88,0,0,0,1,0
28,280249,1,1,0,1,107,0,23,6,2010,4,4,36,0,4,4,BELL RD,,0,34.20832500,-89.855033330,0,35,0,0,1,1,6,0,2,1,0,1,0,0000000,99,99,99,99,99,99,0,0,0,1,0
28,280250,1,1,1,1,51,0,23,6,2010,4,5,30,0,4,3,SR-17,,99998,33.10531111,-90.053516670,0,8,0,0,1,1,1,0,4,1,0,1,0,0000000,88,88,88,88,88,88,0,0,0,1,0
28,280251,1,1,0,1,149,0,24,6,2010,5,3,37,1,2,2,US-61,,99998,32.38967500,-90.827363890,0,35,0,0,1,1,6,0,2,1,0,1,0,0000000,4,16,4,52,5,30,0,0,0,1,0
28,280252,1,1,0,1,35,1050,25,6,2010,6,15,23,1,2,2,US-59,,99998,31.35700833,-89.346527780,0,1,0,0,1,1,6,0,1,1,0,1,0,0000000,88,88,88,88,88,88,0,0,0,1,0
28,280253,1,1,0,1,45,0,26,6,2010,7,21,56,1,2,2,US-90,,99998,30.30183611,-89.499691670,0,24,0,0,1,1,6,0,2,1,0,1,0,0000000,88,88,88,88,88,88,0,0,0,1,0
28,280254,2,2,0,3,83,0,26,6,2010,7,23,42,1,2,2,US-49E,,99998,33.50041111,-90.184236110,0,12,1,0,1,1,1,0,2,1,0,1,0,0000000,23,55,1,18,1,36,0,0,0,1,0
28,280255,1,1,0,2,83,0,27,6,2010,1,10,43,0,4,4,CO RD 83,,0,33.69553056,-90.226936110,0,10,0,0,6,1,1,0,1,1,0,1,0,9999999,10,50,11,36,99,99,0,0,0,1,0
28,280256,1,1,0,2,97,0,28,6,2010,2,19,28,0,13,3,SR-413,,99998,33.40801667,-89.546341670,0,42,0,0,1,1,6,0,5,2,0,2,0,0000000,88,88,88,88,88,88,0,0,0,2,0
28,280257,1,1,0,1,35,1930,29,6,2010,3,21,17,0,16,6,HERRINGTON RD,,0,31.35975833,-89.211516670,0,42,0,0,1,1,6,0,2,1,0,1,0,0000000,88,88,88,88,88,88,0,0,0,1,0
28,280258,1,1,0,2,123,0,30,6,2010,4,18,19,1,1,1,I-20,,99998,32.33268889,-89.563850000,0,1,0,0,1,1,6,0,1,2,0,2,0,0000000,18,36,19,10,19,39,0,0,0,2,0
28,280259,2,2,0,2,129,0,1,7,2010,5,17,8,0,4,3,SR-35,,99998,32.00567500,-89.521922220,0,12,2,0,1,1,1,0,1,1,0,1,0,0000000,17,35,18,10,99,99,0,0,0,2,0
28,280260,2,2,0,2,87,540,1,7,2010,5,18,40,1,13,2,US-45,31ST AVE,0,33.52873056,-88.436852780,0,12,6,0,2,3,1,0,1,1,0,1,0,0000000,18,43,19,0,19,38,0,0,0,1,1
28,280261,1,1,1,1,47,1020,3,7,2010,7,6,52,1,1,1,I-10,,99998,30.44745278,-89.015350000,0,8,0,0,1,1,1,0,1,1,0,1,0,0000000,88,88,88,88,88,88,0,0,0,1,0
28,280262,1,1,0,2,121,1918,3,7,2010,7,13,31,1,1,1,I-20,,99998,32.27312778,-90.063730560,0,35,0,0,1,1,6,0,1,1,0,1,0,0000000,13,33,13,52,14,22,0,0,0,1,0
28,280263,1,1,0,3,139,0,3,7,2010,7,19,35,0,4,4,CO RD 620,,0,34.67228889,-88.764983330,0,1,0,0,1,1,6,0,1,1,0,1,0,0000000,20,0,20,25,20,49,0,0,0,1,1
28,280264,1,1,0,1,143,0,3,7,2010,7,20,48,0,4,4,FOX ISLAND RD,,0,34.70598611,-90.460952780,0,1,0,0,1,1,6,0,2,1,0,1,0,0000000,88,88,88,88,88,88,0,0,0,1,1
28,280265,2,2,0,7,73,0,4,7,2010,1,0,33,1,1,1,I-59,,99998,31.12908056,-89.373308330,0,12,1,0,1,1,1,0,2,1,0,1,0,0000000,0,44,1,6,1,39,0,0,0,2,0
28,280266,1,1,0,2,87,0,5,7,2010,2,1,18,0,4,3,SR-373,BARTON FERRY RD,99998,33.66087222,-88.456763890,0,1,0,1,2,4,6,0,2,1,0,1,0,0000000,88,88,88,88,88,88,0,0,0,1,1
28,280267,1,1,0,2,39,0,5,7,2010,2,2,57,0,4,4,OLD MOBILE HWY,,0,30.93033611,-88.552144440,0,42,0,0,1,1,6,0,2,1,0,1,0,0000000,3,20,3,42,4,10,0,0,0,1,0
28,280268,2,2,0,6,155,0,8,7,2010,5,15,48,1,2,2,US-82,SR 182,99998,33.54046389,-89.139419440,0,12,6,1,2,3,1,0,1,1,0,1,0,0000000,15,56,16,29,17,0,0,0,0,1,0
28,280269,1,1,0,1,33,2422,8,7,2010,5,23,31,0,16,6,TCHULAHOMA RD,,0,34.94614167,-89.954425000,0,34,0,0,1,1,6,0,2,1,0,1,0,0000000,88,88,88,88,88,88,0,0,0,1,1
28,280270,1,1,0,1,67,0,9,7,2010,6,8,11,0,4,3,SR-15,,99998,31.48628333,-89.018525000,0,35,0,0,1,1,6,0,1,1,0,1,0,0000000,88,88,88,88,88,88,0,0,0,1,0
28,280271,1,1,0,2,35,0,9,7,2010,6,12,28,1,2,2,US-49,,99998,31.04810000,-89.202975000,0,42,0,0,1,1,6,0,1,1,0,1,0,0000000,13,0,13,29,14,0,0,0,0,1,0
28,280272,2,2,0,5,25,0,9,7,2010,6,13,35,0,4,3,SR-50,WAVERLY RD,99998,33.58541667,-88.510536110,0,12,6,0,2,2,1,0,1,1,0,1,0,0000000,13,52,14,22,15,0,0,0,0,1,0
28,280273,2,2,0,4,121,300,9,7,2010,6,16,15,1,1,1,I-55,,99998,32.27780833,-89.921377780,0,12,7,0,1,1,1,0,1,1,0,1,0,0000000,16,22,17,0,17,39,0,0,0,1,0
28,280274,2,2,0,3,3,0,9,7,2010,6,16,47,1,2,2,US-72,,99998,34.93141944,-88.704341670,0,12,1,0,1,1,1,0,1,10,0,10,0,0000000,16,55,17,37,18,0,0,0,0,1,0
28,280275,1,1,0,1,147,0,10,7,2010,7,4,19,0,4,4,OAK GROVE RD,SR-583,0,31.19356667,-90.186938890,0,42,0,0,2,3,6,0,2,1,0,1,0,0000000,88,88,88,88,88,88,0,0,0,1,0
28,280276,1,1,0,3,33,0,10,7,2010,7,11,25,1,1,1,I-55,,99998,34.85070278,-89.986997220,0,42,0,0,1,1,6,0,1,1,0,1,0,0000000,11,33,12,0,12,30,0,0,0,2,0
28,280277,1,1,0,1,93,0,11,7,2010,1,7,45,0,4,4,CHULAHOMA RD,,0,34.65283889,-89.633761110,0,34,0,0,1,1,6,0,1,1,0,1,0,0000000,88,88,88,88,88,88,0,0,0,1,1
28,280278,1,1,0,1,59,0,11,7,2010,1,20,22,0,4,3,SR-57,,99998,30.45315833,-88.718622220,0,42,0,0,1,1,6,0,2,1,0,1,0,0000000,88,88,88,88,88,88,0,0,0,1,0
28,280279,2,2,0,3,97,2830,15,7,2010,5,12,40,1,2,2,US-82,NORTH CENTRAL,99998,33.49770833,-89.724783330,0,12,6,0,2,3,1,0,1,1,0,1,0,0000000,12,50,13,0,13,32,0,0,0,1,0
28,280280,1,1,1,5,91,0,15,7,2010,5,18,50,0,4,4,BRUMFIELD CUTTOFF RD,,0,31.17678889,-89.914341670,0,8,0,0,1,1,1,0,1,1,0,1,0,0000000,88,88,88,88,88,88,0,0,0,1,0
28,280281,1,1,0,1,93,0,15,7,2010,5,21,39,0,4,3,SR-309,,99998,34.75660000,-89.670280560,0,42,0,0,1,1,6,0,3,2,0,2,0,0000000,88,88,88,88,88,88,0,0,0,1,1
28,280282,1,1,1,1,13,0,17,7,2010,7,4,6,0,4,3,SR-32,,99998,34.06357500,-89.437636110,0,8,0,0,1,1,1,0,2,1,0,1,0,0000000,88,88,88,88,88,88,0,0,0,1,0
28,280283,2,2,0,3,71,1860,17,7,2010,7,9,34,0,16,2,US-278,W JACKSON AVE,99998,34.36071667,-89.571886110,0,12,6,1,2,3,1,0,1,2,0,2,0,0000000,9,37,10,1,10,18,0,0,0,1,0
28,280284,1,1,0,1,23,0,27,3,2010,7,23,0,0,4,4,C R 275,,0,32.14309722,-88.666836110,0,42,0,0,1,1,6,0,2,1,0,1,0,0000000,88,88,88,88,88,88,0,0,0,1,0
28,280285,2,2,0,5,77,0,11,4,2010,1,9,34,0,4,4,HOLMESVILLE,,0,31.41368333,-90.194491670,0,12,2,0,1,1,1,0,1,1,0,1,0,0000000,9,55,10,16,10,42,0,0,0,1,0
28,280286,2,2,0,3,47,1380,15,4,2010,5,9,46,0,16,6,COMMISSION RD,,0,30.36908889,-89.159438890,0,12,2,0,1,1,1,0,1,1,0,1,0,0000000,10,0,10,20,10,52,0,0,0,1,0
28,280287,1,1,0,3,141,170,15,5,2010,7,12,33,0,16,6,SECOND ST,,0,34.50896111,-88.208563890,0,42,0,0,1,1,6,0,1,1,0,1,0,0000000,88,88,88,88,88,88,0,0,0,3,0
28,280288,2,2,0,4,31,1700,25,5,2010,3,22,38,1,2,2,US-49,ROCKHILL RD,99998,31.68651944,-89.602100000,0,12,6,0,2,3,1,0,2,1,0,1,0,0000000,22,51,23,22,23,50,0,0,0,1,0
28,280289,1,1,1,1,49,1220,31,5,2010,2,12,24,0,16,6,BELVEDERE DR,,0,32.27046944,-90.227300000,0,8,0,0,1,1,1,0,1,1,0,1,0,0000000,99,99,99,99,99,99,0,0,0,1,0
28,280290,1,1,0,1,49,0,11,7,2010,1,0,48,1,1,1,I-55,,99998,32.24460278,-90.214147220,0,34,0,0,1,1,6,0,2,1,0,1,0,0000000,1,8,1,20,1,36,0,0,0,1,1
28,280291,1,1,0,1,147,0,14,7,2010,4,11,20,0,4,4,JESSIE STOGNER RD,,0,31.01143611,-89.865588890,0,42,0,0,1,1,6,0,1,1,0,1,0,0000000,88,88,88,88,88,88,0,0,0,1,0
28,280292,1,1,0,4,47,0,19,7,2010,2,10,43,0,4,4,MENGE AV,RED CREEK RD,0,30.36333056,-89.217975000,0,42,0,0,2,4,6,0,1,1,0,1,0,0000000,10,49,11,3,11,36,0,0,0,1,0
28,280293,1,1,0,1,51,0,19,7,2010,2,11,52,0,4,3,SR-12,,99998,33.10656944,-90.023261110,0,34,0,0,1,1,6,0,1,1,0,1,0,0000000,88,88,88,88,88,88,0,0,0,1,0
28,280294,1,1,0,1,109,0,19,7,2010,2,19,4,0,3,3,SR-43,,99998,30.55656944,-89.694572220,0,42,0,0,1,1,6,0,1,2,0,2,0,0000000,88,88,88,88,88,88,0,0,0,1,0
28,280295,1,1,0,1,99,0,21,7,2010,4,4,0,0,4,3,SR-492,,99998,32.61190556,-89.011488890,0,30,0,0,1,1,6,0,2,1,0,1,0,0000000,88,88,88,88,88,88,0,0,0,1,0
28,280296,1,1,1,1,39,0,21,7,2010,4,15,0,0,4,4,S BEXLEY RD,OBIE JACKSON RD,0,30.96518889,-88.677069440,0,8,0,0,3,3,1,0,1,1,0,1,0,0000000,88,88,88,88,88,88,0,0,0,1,0
28,280297,2,2,0,3,57,0,21,7,2010,4,16,55,1,2,3,SR-25,BURNT FIELDS RD,99998,34.36692500,-88.317588890,0,12,6,0,2,3,1,0,1,1,0,1,0,0000000,17,30,18,10,19,0,0,0,0,1,0
28,280298,1,1,0,2,89,0,22,7,2010,5,18,59,1,12,2,US-51,,99998,32.65382778,-90.015708330,0,42,0,0,1,1,6,0,1,1,0,1,0,0000000,19,14,19,30,19,58,0,0,0,1,0
28,280299,1,1,0,5,45,0,22,7,2010,5,21,46,1,1,1,I-10,,99998,30.31772778,-89.593763890,0,1,0,0,1,1,6,0,2,1,0,1,0,0000000,22,20,22,52,23,16,0,0,0,2,0
28,280300,2,2,0,2,139,0,24,7,2010,7,20,39,0,4,4,CO RD 602,,0,34.66971111,-88.848925000,0,12,2,0,1,1,1,0,1,1,0,1,0,0000000,20,43,21,0,21,50,0,0,0,1,2
28,280301,2,2,0,2,83,0,24,7,2010,7,21,8,1,2,2,US-49,,99998,33.60403889,-90.279283330,0,12,2,0,1,1,1,0,2,1,0,1,0,0000000,21,25,22,0,22,26,0,0,0,1,1
28,280302,1,1,0,2,33,0,25,7,2010,1,7,38,1,1,1,I-55,,99998,34.89635000,-89.991116670,0,42,0,0,1,1,6,0,1,1,0,1,0,0000000,8,20,8,36,9,0,0,0,0,1,0
28,280303,1,1,0,1,85,0,25,7,2010,1,12,11,0,4,4,NOLA RD,,0,31.58007222,-90.357827780,0,34,0,0,1,1,6,0,1,2,0,2,0,0000000,88,88,88,88,88,88,0,0,0,1,0
28,280304,2,2,0,2,111,0,25,7,2010,1,16,1,0,4,3,SR-42,,99998,31.37379167,-89.118861110,0,12,1,0,1,1,1,0,1,1,0,1,0,0000000,16,30,16,50,17,11,0,0,0,1,0
28,280305,1,1,0,1,111,0,26,7,2010,2,14,0,1,2,2,US-98,,99998,31.20072500,-89.041227780,0,42,0,0,1,1,6,0,1,2,0,2,0,0000000,14,20,14,45,15,16,0,0,0,1,0
28,280306,2,2,0,2,59,1680,26,7,2010,2,16,28,0,16,6,63,E SERVICE DR,0,30.40256389,-88.509550000,0,12,6,0,2,2,1,0,1,1,0,1,0,0000000,16,30,17,0,17,20,0,0,0,1,0
28,280307,1,1,0,1,109,0,27,7,2010,3,12,28,1,1,1,I-59,,99998,30.47471667,-89.682683330,0,1,0,0,1,1,6,0,1,1,0,1,0,0000000,12,37,13,0,13,30,0,0,0,1,0
28,280308,2,2,0,2,127,0,30,7,2010,6,14,18,1,13,2,US-49,RODNEY SULLIVAN RD,99998,31.78248333,-89.682038890,0,12,6,0,2,3,1,0,1,1,0,1,0,0000000,88,88,88,88,88,88,0,0,0,1,0
28,280309,1,1,0,2,45,0,30,7,2010,6,19,16,0,3,3,SR-603,,99998,30.34343611,-89.426694440,0,42,0,0,1,1,6,0,1,1,0,1,0,0000000,19,30,19,50,99,99,0,0,0,1,1
28,280310,1,1,0,2,159,0,31,7,2010,7,21,39,0,4,3,SR-395,,0,32.99290000,-89.078608330,0,38,0,0,1,1,6,0,2,1,0,1,0,0000000,88,88,88,88,88,88,0,0,0,2,1
28,280311,1,1,0,1,107,0,16,3,2010,3,13,58,0,4,4,MACEDONIA RD,,0,34.32068333,-90.059136110,0,1,0,0,1,1,6,0,1,1,0,1,0,0000000,88,88,88,88,88,88,0,0,0,1,1
28,280312,1,1,0,2,49,1220,1,8,2010,1,3,4,1,1,1,I-220,,99998,32.30011944,-90.246763890,0,1,0,0,1,1,6,0,2,1,0,1,0,0000000,3,8,3,20,3,42,0,0,0,2,1
28,280313,1,1,0,1,119,0,1,8,2010,1,6,55,0,4,3,SR-322,,99998,34.16053889,-90.490350000,0,38,0,0,1,1,6,0,4,1,0,1,0,0000000,88,88,88,88,88,88,0,0,0,1,1
28,280314,2,2,0,2,71,0,1,8,2010,1,8,28,0,4,2,US-78,,99998,34.36104444,-89.575311110,0,12,6,0,1,1,1,0,1,1,0,1,0,0000000,8,55,9,16,9,38,0,0,0,1,0
28,280315,1,1,0,1,9,0,1,8,2010,1,12,3,0,4,2,US-78,,99998,34.64651944,-89.296316670,0,34,0,0,1,1,6,0,1,1,0,1,0,0000000,12,19,12,30,12,49,0,0,0,1,0
28,280316,1,1,0,1,81,2220,2,8,2010,2,2,33,0,16,6,45,,0,34.38109444,-88.699922220,0,34,0,0,1,1,6,0,2,1,0,1,0,0000000,88,88,88,88,88,88,0,0,0,1,1
28,280317,1,1,0,1,45,0,2,8,2010,2,23,10,0,4,4,DIAMONDHEAD DR,,0,30.39460556,-89.350733330,0,42,0,0,1,1,6,0,2,1,0,1,0,0000000,88,88,88,88,88,88,0,0,0,1,0
28,280318,1,1,0,1,101,0,31,3,2010,4,18,25,0,4,4,CHUNKY DUFFEE,,0,32.41835278,-88.934163890,0,1,0,0,1,1,6,0,1,1,0,1,0,0000000,88,88,88,88,88,88,0,0,0,1,0
28,280319,2,2,0,3,51,1960,15,4,2010,5,13,30,0,4,3,SR-51,OLD 51,99998,32.88477778,-89.974852780,0,12,6,0,2,2,1,0,1,1,0,1,0,0000000,13,32,13,51,14,20,0,0,0,1,0
28,280320,2,2,0,3,97,2830,3,8,2010,3,12,0,1,13,2,US-82,N CENTRAL AVE,99998,33.49763889,-89.725041670,0,12,6,0,2,3,1,0,1,1,0,1,0,0000000,12,2,12,22,12,40,0,0,0,1,0
28,280321,1,1,0,2,153,0,4,8,2010,4,6,13,1,2,2,US-84,,99998,31.72773889,-88.567205560,0,1,0,0,1,1,6,0,4,1,0,1,0,0000000,6,24,7,0,7,25,0,0,0,1,0
28,280322,1,1,0,1,93,0,4,8,2010,4,10,5,0,3,3,SR-302,,99998,34.96348333,-89.668350000,0,18,0,0,1,1,6,0,1,1,0,1,0,0000000,88,88,88,88,88,88,0,0,0,1,0
28,280323,2,2,0,2,107,0,4,8,2010,4,17,48,1,1,1,I-55,,99998,34.26893889,-89.924661110,0,12,2,0,1,1,1,0,1,1,0,1,0,0000000,18,0,18,18,18,39,0,0,0,1,0
28,280324,1,1,0,1,3,0,4,8,2010,4,19,49,0,4,4,CO RD 761,,0,34.98644444,-88.735563890,0,42,0,0,1,1,6,0,1,1,0,1,0,0000000,88,88,88,88,88,88,0,0,0,1,1
28,280325,2,2,0,2,157,0,6,8,2010,6,15,45,0,4,3,SR-33,,99998,31.06668333,-91.081894440,0,12,2,0,1,1,1,0,1,2,0,2,0,0000000,15,52,16,39,17,11,0,0,0,1,0
28,280326,1,1,0,5,109,0,7,8,2010,7,9,35,1,1,1,I-59,,99998,30.53812778,-89.652600000,0,1,0,0,1,1,6,0,1,1,0,1,0,0000000,9,43,10,20,11,4,0,0,0,1,0
28,280327,1,1,1,1,49,1220,8,8,2010,1,0,5,1,11,1,I-20,,99998,32.29101389,-90.260238890,0,8,0,0,1,1,1,0,3,1,0,1,0,0000000,88,88,88,88,88,88,0,0,0,1,0
28,280328,1,1,1,1,95,0,8,8,2010,1,4,0,0,4,3,SR-8,,99998,33.82885833,-88.461227780,0,8,0,0,1,1,1,0,2,1,0,1,0,0000000,88,88,88,88,88,88,0,0,0,1,0
28,280329,1,1,0,2,43,0,8,8,2010,1,5,0,0,4,4,CARROLLTON RD,,0,33.68576389,-89.855502780,0,34,0,0,1,1,6,0,2,1,0,1,0,0000000,5,5,5,39,6,10,0,0,0,1,1
28,280330,2,2,0,2,127,0,8,8,2010,1,18,50,1,2,2,US-49,DEAR RD,99998,31.96937500,-89.859808330,0,12,6,0,2,3,1,0,1,1,0,1,0,0000000,88,88,88,88,88,88,0,0,0,1,0
28,280331,1,1,0,1,149,2690,10,8,2010,3,7,54,1,2,2,US-61,,99998,32.38235278,-90.827408330,0,24,0,0,1,1,5,0,1,1,0,1,0,0000000,88,88,88,88,88,88,0,0,0,1,0
28,280332,2,2,0,2,149,2690,11,8,2010,4,14,12,0,16,6,MISSION 66,,0,32.35302778,-90.862513890,0,12,1,0,1,1,1,0,1,1,0,1,0,0000000,14,19,14,39,15,11,0,0,0,1,0
28,280333,2,2,0,2,121,875,11,8,2010,4,20,35,0,16,6,LAKELAND DR,AIRPORT RD,0,32.33826389,-90.092805560,0,12,6,0,2,2,1,0,5,1,0,1,0,0000000,88,88,88,88,88,88,0,0,0,1,1
28,280334,2,2,0,2,67,800,13,8,2010,6,15,4,0,16,6,588,,0,31.61125278,-89.219197220,0,12,2,0,1,1,1,0,1,2,0,2,0,0000000,15,6,15,20,15,39,0,0,0,1,0
28,280335,2,2,0,4,123,880,13,8,2010,6,15,51,0,16,2,US-80,,99998,32.36477500,-89.488536110,0,12,2,0,1,1,1,0,1,2,0,2,0,0000000,15,53,16,20,16,59,0,0,0,2,0
28,280336,1,1,0,2,1,1720,7,6,2010,2,19,40,0,16,6,SGT PRENTISS,,0,31.52561667,-91.390672220,0,1,0,0,1,1,6,0,5,1,0,1,0,0000000,19,45,20,2,20,50,0,0,0,1,0
28,280337,1,1,0,1,137,0,14,8,2010,7,5,1,0,4,4,OLD MEMPHIS OXFORD R,,0,34.67232222,-89.780272220,0,42,0,0,1,1,6,0,2,1,0,1,0,0000000,88,88,88,88,88,88,0,0,0,1,1
28,280338,1,1,0,2,137,0,14,8,2010,7,16,30,1,1,1,I-55,,99998,34.65006667,-89.959230560,0,1,0,0,1,1,6,0,1,1,0,1,0,0000000,16,35,17,0,17,24,0,0,0,2,0
28,280339,2,2,0,2,49,1220,17,8,2010,3,16,8,0,16,6,RIVER THAMES RD,,0,32.37698889,-90.134452780,0,12,2,0,1,1,1,0,1,1,0,1,0,0000000,16,13,16,30,16,50,0,0,0,1,0
28,280340,2,2,0,2,123,0,19,8,2010,5,9,15,1,1,1,I-20,,99998,32.32238889,-89.588355560,0,12,7,0,1,1,1,0,1,2,0,2,0,0000000,88,88,88,88,88,88,0,0,0,1,0
28,280341,2,2,0,2,33,0,19,8,2010,5,9,21,0,4,4,OAK GROVE RD,,0,34.81616389,-90.063236110,0,12,1,0,1,1,1,0,1,1,0,1,0,0000000,88,88,88,88,88,88,0,0,0,1,0
28,280342,1,1,0,1,93,0,19,8,2010,5,9,42,1,2,2,US-78,,99998,34.72665833,-89.423647220,0,1,0,0,1,1,6,0,1,1,0,1,0,0000000,10,0,10,22,99,99,0,0,0,1,0
28,280343,1,1,1,2,113,0,21,8,2010,7,22,48,0,4,4,MOUNT HERMAN RD,,0,31.03712500,-90.315513890,0,8,0,0,1,1,1,0,2,1,0,1,0,0000000,88,88,88,88,88,88,0,0,0,1,0
28,280344,1,1,0,1,59,0,21,8,2010,7,23,41,0,4,4,FRANK SNELL RD,,0,30.62620556,-88.448394440,0,35,0,0,1,1,6,0,2,1,0,1,0,0000000,88,88,88,88,88,88,0,0,0,1,0
28,280345,1,1,0,2,163,0,22,8,2010,1,10,44,0,4,4,SATARTIA RD,,0,32.68858056,-90.620900000,0,1,0,0,1,1,6,0,1,1,0,1,0,0000000,10,57,11,30,12,10,0,0,0,1,0
28,280346,1,1,0,1,105,0,15,4,2010,5,10,45,0,4,4,OKTOC RD,,0,33.44616111,-88.791375000,0,34,0,0,1,1,6,0,1,1,0,1,0,0000000,11,0,11,11,11,20,0,0,0,1,0
28,280347,1,1,0,1,139,0,10,6,2010,5,14,43,0,4,4,CO RD 600,,0,34.68672222,-88.853558330,0,42,0,0,1,1,6,0,1,1,0,1,0,0000000,88,88,88,88,88,88,0,0,0,1,0
28,280348,1,1,0,1,137,0,14,6,2010,2,6,57,0,4,4,RIFLE RANGE RD,,0,34.66272222,-89.945755560,0,42,0,0,1,1,6,0,1,1,0,1,0,0000000,88,88,88,88,88,88,0,0,0,1,0
28,280349,2,2,0,2,9,0,23,8,2010,2,14,22,1,2,2,US-72,SR-7,99998,34.94649444,-89.297133330,0,12,6,0,2,2,1,0,1,1,0,1,0,0000000,88,88,88,88,88,88,0,0,0,1,0
28,280350,2,2,0,3,49,1220,25,8,2010,4,18,1,0,16,6,RAYMOND RD,MCDOWELL RD,0,32.27234722,-90.269777780,0,12,6,0,2,2,1,0,1,1,0,1,0,0000000,88,88,88,88,88,88,0,0,0,1,0
28,280351,1,1,0,3,47,0,26,8,2010,5,11,28,0,4,4,SAUCIER LIZANA RD,,0,30.58099444,-89.214650000,0,35,0,0,1,1,6,0,1,1,0,1,0,0000000,11,40,12,0,12,20,0,0,0,1,0
28,280352,2,2,0,3,127,0,28,8,2010,7,20,47,0,4,3,SR-13,,99998,31.79608889,-89.878936110,0,12,2,0,1,1,1,0,2,2,0,2,0,0000000,20,52,21,22,22,0,0,0,0,1,1
28,280353,1,1,0,3,29,0,29,8,2010,1,20,41,1,1,1,I-55,,99998,31.89162222,-90.409627780,0,34,0,0,1,1,6,0,2,1,0,1,0,0000000,21,4,21,22,21,59,0,0,0,1,0
28,280354,2,2,0,3,33,1830,31,8,2010,3,19,30,0,16,6,HACKS CROSS RD,DESOTO RD,0,34.97689722,-89.795230560,0,12,6,0,2,3,1,0,2,1,0,1,0,0000000,88,88,88,88,88,88,0,0,0,1,1
28,280355,1,1,0,2,87,0,31,8,2010,3,21,13,0,4,4,JESS LYONS RD,,0,33.58276944,-88.408569440,0,35,0,0,1,1,6,0,2,1,0,1,0,0000000,21,17,21,36,21,50,0,0,0,1,1
28,280356,1,1,0,1,3,0,30,4,2010,6,19,17,0,4,4,CO RD 514,,0,34.82888333,-88.563236110,0,1,0,0,1,1,6,0,1,1,0,1,0,0000000,19,24,19,38,20,16,0,0,0,1,0