STATE,ST_CASE,VE_TOTAL,VE_FORMS,PEDS,PERSONS,COUNTY,CITY,DAY,MONTH,YEAR,DAY_WEEK,HOUR,MINUTE,NHS,ROAD_FNC,ROUTE,TWAY_ID,TWAY_ID2,MILEPT,LATITUDE,LONGITUD,SP_JUR,HARM_EV,MAN_COLL,RELJCT1,RELJCT2,TYP_INT,REL_ROAD,WRK_ZONE,LGT_COND,WEATHER1,WEATHER2,WEATHER,SCH_BUS,RAIL,NOT_HOUR,NOT_MIN,ARR_HOUR,ARR_MIN,HOSP_HR,HOSP_MN,CF1,CF2,CF3,FATALS,DRUNK_DR
28,280357,2,2,0,2,93,0,16,5,2010,1,16,45,1,2,2,US-72,,99998,34.94702222,-89.428066670,0,12,1,0,1,1,1,0,1,1,0,1,0,0000000,17,36,18,11,18,52,0,0,0,1,0
28,280358,1,1,0,1,33,1145,29,5,2010,7,17,42,0,16,6,KINGSVIEW,,0,34.95117222,-90.087783330,0,33,0,0,1,1,6,0,1,1,0,1,0,0000000,17,48,18,20,19,1,0,0,0,1,0
28,280359,2,2,0,2,119,1550,31,5,2010,2,23,30,1,2,2,US-276 SR-6,SR-3,99998,34.26161389,-90.273413890,0,12,8,0,2,2,1,0,2,1,0,1,0,0000000,88,88,88,88,88,88,0,0,0,2,0
28,280360,1,1,0,1,135,0,22,4,2010,5,18,41,0,4,4,DUMMY LINE RD,,0,33.94150833,-90.251741670,0,34,0,0,1,1,6,0,1,1,0,1,0,0000000,18,55,19,23,20,15,0,0,0,1,1
28,280361,1,1,0,1,107,2240,18,5,2010,3,15,39,0,16,2,US-51,,99998,34.43697500,-89.925755560,0,35,0,0,1,1,6,0,1,1,0,1,0,0000000,88,88,88,88,88,88,0,0,0,1,0
28,280362,1,1,0,1,5,0,16,7,2010,6,12,18,0,4,4,FENN RD,,0,31.30862222,-90.742350000,0,1,0,0,1,1,6,0,1,1,0,1,0,0000000,88,88,88,88,88,88,0,0,0,1,0
28,280363,1,1,1,1,99,0,21,7,2010,4,2,57,0,4,4,CO RD 147,,0,32.88169444,-89.270030560,0,8,0,0,1,1,1,0,2,1,0,1,0,0000000,88,88,88,88,88,88,0,0,0,1,0
28,280364,2,2,0,2,13,2670,28,7,2010,4,9,34,0,6,6,SWEET POTATO AVE,,0,33.87615278,-89.174136110,0,12,2,0,1,1,1,0,1,1,0,1,0,0000000,88,88,88,88,88,88,0,0,0,1,0
28,280365,1,1,0,2,137,0,27,8,2010,6,22,54,0,4,4,RADER CREEK RD,,0,34.58209722,-90.151211110,0,1,0,0,1,1,6,0,2,1,0,1,0,0000000,23,1,23,36,0,21,0,0,0,1,1
28,280366,3,3,0,3,105,0,31,8,2010,3,16,13,1,2,2,US-82,,99998,33.50184167,-88.985611110,0,12,1,0,1,1,1,0,1,1,0,1,0,0000000,16,23,17,0,17,42,0,0,0,1,0
28,280367,1,1,0,1,121,870,2,9,2010,5,11,4,0,16,6,S CHURCH ST,,0,32.15258056,-90.131577780,0,18,0,0,1,1,5,0,1,1,0,1,0,0000000,11,11,11,29,11,42,0,0,0,1,0
28,280368,1,1,0,1,49,0,2,9,2010,5,11,50,1,1,1,I-20,,99998,32.35473333,-90.553563890,0,34,0,0,1,1,6,0,1,1,0,1,0,0000000,88,88,88,88,88,88,0,0,0,1,0
28,280369,1,1,0,4,93,0,3,9,2010,6,15,17,0,4,3,SR-349,,99998,34.54907222,-89.290941670,0,34,0,0,1,1,6,0,1,1,0,1,0,0000000,15,25,16,0,16,26,0,0,0,1,0
28,280370,2,2,0,5,161,0,4,9,2010,7,3,25,0,4,4,CO RD 211,CO RD 232,0,33.99183611,-89.704827780,0,12,6,0,3,3,1,0,2,1,0,1,0,0000000,3,32,4,0,4,36,0,0,0,1,1
28,280371,1,1,0,2,123,0,4,9,2010,7,3,55,1,2,2,US-80,,99998,32.35951944,-89.552263890,0,1,0,0,1,1,6,0,2,1,0,1,0,0000000,4,16,4,30,4,55,0,0,0,1,0
28,280372,1,1,0,1,31,0,4,9,2010,7,16,57,0,4,3,SR-532,,99998,31.71573611,-89.417605560,0,42,0,0,1,1,6,0,1,1,0,1,0,0000000,88,88,88,88,88,88,0,0,0,1,1
28,280373,1,1,0,2,67,0,5,9,2010,1,10,59,0,4,4,SOSO BIG CREEK RD,,0,31.72641389,-89.298205560,0,30,0,0,1,1,6,0,1,1,0,1,0,0000000,11,14,11,36,12,11,0,0,0,1,0
28,280374,2,2,0,3,45,0,5,9,2010,1,16,3,0,4,4,OLD KILN RD,,0,30.53531944,-89.534411110,0,12,2,0,1,1,1,0,1,1,0,1,0,0000000,16,9,16,38,99,99,0,0,0,1,0
28,280375,1,1,2,2,99,0,5,9,2010,1,20,46,0,4,3,SR-19,,99998,32.98249722,-89.386611110,0,8,0,0,1,1,1,0,2,1,0,1,0,0000000,88,88,88,88,88,88,0,0,0,2,0
28,280376,2,2,0,2,133,1170,6,9,2010,2,3,6,1,13,2,US-49W,INDUSTRIAL DR,99998,33.43817500,-90.633130560,0,12,6,0,2,2,1,0,2,1,0,1,0,0000000,88,88,88,88,88,88,0,0,0,1,0
28,280377,1,1,1,1,63,0,6,9,2010,2,11,37,0,4,3,SR-553,,99998,31.72000833,-91.075244440,0,8,0,0,1,1,1,0,1,1,0,1,0,0000000,88,88,88,88,88,88,0,0,0,1,0
28,280378,2,2,0,2,141,0,6,9,2010,2,12,5,0,4,4,CO RD 992,,0,34.74891111,-88.198241670,0,12,2,0,1,1,1,0,1,1,0,1,0,0000000,12,13,12,39,13,11,0,0,0,1,0
28,280379,1,1,0,1,29,0,7,9,2010,3,7,19,0,4,3,SR-548,,99998,31.90397500,-90.725827780,0,42,0,0,1,1,6,0,3,1,0,1,0,0000000,88,88,88,88,88,88,0,0,0,1,0
28,280380,1,1,0,1,163,0,7,9,2010,3,15,55,1,1,1,I-55,,99998,32.70952778,-90.049525000,0,42,0,0,1,1,6,0,1,1,0,1,0,0000000,88,88,88,88,88,88,0,0,0,1,1
28,280381,2,2,0,2,147,0,8,9,2010,4,19,31,0,4,3,SR-27,UNKNOWN,99998,31.02881389,-90.191766670,0,12,6,0,3,1,1,0,5,1,0,1,0,0000000,88,88,88,88,88,88,0,0,0,1,1
28,280382,3,3,0,3,87,0,9,9,2010,5,14,5,1,2,2,US-45,,99998,33.58187500,-88.428438890,0,12,2,0,1,1,1,0,1,1,0,1,0,0000000,14,11,14,36,14,56,0,0,0,1,0
28,280383,1,1,0,1,59,0,10,9,2010,6,10,12,0,4,4,GREENFIELD RD,,0,30.49461389,-88.483027780,0,30,0,0,1,1,6,0,1,1,0,1,0,0000000,10,21,10,40,11,9,0,0,0,1,0
28,280384,2,2,0,2,15,0,10,9,2010,6,11,16,0,4,4,CO RD 143,,0,33.42091111,-89.935369440,0,12,2,0,1,1,1,0,1,1,0,1,0,0000000,11,35,11,58,12,36,0,0,0,1,0
28,280385,1,1,1,1,151,990,11,9,2010,7,2,55,1,1,2,US-82,,99998,33.35003333,-91.092797220,0,8,0,0,1,1,1,0,2,1,0,1,0,0000000,88,88,88,88,88,88,0,0,0,1,0
28,280386,2,2,0,3,35,0,13,9,2010,2,13,50,0,4,3,SR-42,GLENDALE AVE,99998,31.36686667,-89.309063890,0,12,6,0,2,3,1,0,1,1,0,1,0,0000000,14,7,14,26,15,3,0,0,0,2,0
28,280387,2,2,0,5,81,0,13,9,2010,2,20,2,0,4,4,CO RD 1498,CO RD 1145,0,34.30544167,-88.579588890,0,12,6,0,2,2,1,0,3,1,0,1,0,0000000,20,15,20,30,99,99,0,0,0,1,0
28,280388,1,1,0,1,79,0,14,9,2010,3,12,42,0,4,3,SR-35,,99998,32.66188611,-89.497419440,0,42,0,0,1,1,6,0,1,1,0,1,0,0000000,88,88,88,88,88,88,0,0,0,1,0
28,280389,2,2,0,2,151,0,16,9,2010,5,10,34,1,2,2,US-61,AIRPORT RD,99998,33.18382500,-90.839938890,0,12,6,0,2,2,1,0,1,1,0,1,0,0000000,88,88,88,88,88,88,0,0,0,1,0
28,280390,1,1,0,1,97,0,16,9,2010,5,12,16,1,2,2,US-82,,99998,33.47816667,-89.373436110,0,1,0,0,1,1,6,0,1,1,0,1,0,0000000,12,27,12,39,13,8,0,0,0,1,0
28,280391,2,2,0,4,91,0,16,9,2010,5,13,5,0,4,3,SR-13,RURAL CENTER,99998,31.19311667,-89.797577780,0,12,6,0,2,3,1,0,1,1,0,1,0,0000000,88,88,88,88,88,88,0,0,0,1,0
28,280392,2,2,0,2,117,0,16,9,2010,5,17,35,0,4,3,SR-4,,99998,34.52964722,-88.371683330,0,12,2,0,1,1,1,0,1,1,0,1,0,0000000,17,52,18,18,18,50,0,0,0,1,1
28,280393,2,2,0,3,73,0,16,9,2010,5,18,56,0,4,2,US-11,,99998,31.11853611,-89.409227780,0,12,2,0,1,1,1,0,1,1,0,1,0,0000000,19,1,19,36,20,0,0,0,0,1,0
28,280394,1,1,0,1,81,2610,18,9,2010,7,1,50,0,16,6,FILMORE ST,,0,34.24357778,-88.727636110,0,26,0,0,1,1,6,0,3,1,0,1,0,0000000,88,88,88,88,88,88,0,0,0,1,0
28,280395,1,1,0,5,149,0,18,9,2010,7,2,39,0,4,4,TUCKER RD,,0,32.36550000,-90.733166670,0,53,0,0,1,1,5,0,2,1,0,1,0,0000000,2,50,3,16,3,40,0,0,0,1,0
28,280396,1,1,0,1,105,0,18,9,2010,7,16,38,1,2,3,SR-25,,99998,33.38766389,-88.866800000,0,30,0,0,1,1,6,0,1,1,0,1,0,0000000,88,88,88,88,88,88,0,0,0,1,0
28,280397,1,1,0,1,67,0,19,9,2010,1,20,43,0,4,3,SR-29,,99998,31.46130278,-89.085163890,0,42,0,0,1,1,6,0,2,1,0,1,0,0000000,88,88,88,88,88,88,0,0,0,1,0
28,280398,1,1,0,1,133,0,20,9,2010,2,7,2,0,4,3,SR-8,,99998,33.76334444,-90.793836110,0,34,0,0,1,1,6,0,2,1,0,1,0,0000000,7,31,7,52,8,20,0,0,0,1,0
28,280399,1,1,0,2,45,0,20,9,2010,2,23,33,1,1,1,I-10,,99998,30.35021389,-89.448708330,0,1,0,0,1,1,6,0,2,1,0,1,0,0000000,23,50,1,0,1,36,0,0,0,1,1
28,280400,1,1,0,4,113,0,21,9,2010,3,0,3,1,2,2,US-98,,99998,31.22375556,-90.423725000,0,30,0,0,1,1,6,0,2,1,0,1,0,0000000,88,88,88,88,88,88,0,0,0,1,1
28,280401,2,2,0,3,33,1145,22,9,2010,4,23,31,0,16,3,SR-302,,99998,34.96402778,-90.016458330,0,12,6,1,8,1,1,0,3,1,0,1,0,0000000,23,33,23,50,0,11,0,0,0,1,2
28,280402,2,2,0,2,73,0,23,9,2010,5,10,37,0,4,2,US-11,TALOWAH RD,99998,31.07193889,-89.420900000,0,12,6,0,2,3,1,0,1,1,0,1,0,0000000,10,57,11,12,11,50,0,0,0,1,0
28,280403,1,1,1,1,117,0,23,9,2010,5,12,35,0,4,4,CO RD 1101,,0,34.69284444,-88.507641670,0,8,0,0,1,1,1,0,1,1,0,1,0,0000000,12,40,12,59,99,99,0,0,0,1,0
28,280404,3,3,0,3,81,0,23,9,2010,5,17,8,0,4,3,SR-348,BIRMINGHAM RIDGE RD,99998,34.45108611,-88.777169440,0,12,6,0,2,2,1,0,1,1,0,1,0,0000000,17,31,18,0,18,39,0,0,0,1,0
28,280405,1,1,0,1,35,1930,23,9,2010,5,17,25,0,16,6,CENTRAL AVE,,0,31.35862222,-89.269880560,0,10,0,0,6,1,1,0,1,1,0,1,0,9999999,88,88,88,88,88,88,0,0,0,1,0
28,280406,1,1,0,1,35,1050,24,9,2010,6,21,10,0,16,6,FAIRLEY,E 9TH ST,0,31.33834444,-89.284311110,0,30,0,0,2,3,6,0,3,1,0,1,0,0000000,21,14,21,30,21,36,0,0,0,1,1
28,280407,2,2,0,2,41,0,24,9,2010,6,22,38,0,4,3,SR-63,,99998,31.23188611,-88.683313890,0,12,2,0,1,1,1,0,2,1,0,1,0,0000000,22,58,23,15,23,59,0,0,0,1,1
28,280408,3,3,0,3,33,0,25,9,2010,7,10,58,1,2,2,US-61,,99998,34.96536389,-90.142005560,0,12,1,0,1,1,1,0,1,1,0,1,0,0000000,11,27,11,59,12,13,0,0,0,1,0
28,280409,2,2,0,4,1,0,25,9,2010,7,13,35,1,2,2,US-61,,99998,31.50134167,-91.369547220,0,12,1,0,1,1,1,0,1,1,0,1,0,0000000,13,45,14,14,15,0,0,0,0,1,0
28,280410,1,1,0,1,163,0,25,9,2010,7,21,29,0,4,4,ANDING OIL CITY RD,,0,32.67500000,-90.440869440,0,42,0,0,1,1,6,0,2,1,0,1,0,0000000,88,88,88,88,88,88,0,0,0,1,1
28,280411,1,1,0,1,135,0,26,9,2010,1,2,40,1,2,2,US-49,,99998,34.02573889,-90.440869440,0,1,0,0,1,1,6,0,2,1,0,1,0,0000000,88,88,88,88,88,88,0,0,0,1,0
28,280412,1,1,0,1,159,0,26,9,2010,1,3,55,0,4,3,SR-14,,99998,33.08808889,-88.757172220,0,1,0,0,1,1,6,0,2,2,0,2,0,0000000,88,88,88,88,88,88,0,0,0,1,1
28,280413,3,3,0,5,59,1810,29,9,2010,4,9,7,1,13,2,US-90 BIENVILLE BLVD,MARTIN LUTHER KING B,0,30.41614722,-88.818766670,0,12,6,0,2,2,1,0,1,1,0,1,0,0000000,9,10,9,36,9,57,0,0,0,1,0
28,280414,2,2,0,2,49,1220,30,9,2010,5,1,56,1,1,1,I-20,,99998,32.28397500,-90.214491670,0,12,2,0,1,1,1,0,2,1,0,1,0,0000000,1,57,2,12,2,36,0,0,0,1,0
28,280415,2,2,0,2,75,0,1,10,2010,6,20,6,1,1,1,I-20,,99998,32.34258889,-88.787597220,0,12,98,0,1,1,1,0,2,1,0,1,0,0000000,88,88,88,88,88,88,0,0,0,1,0
28,280416,1,1,0,1,81,0,2,10,2010,7,3,23,0,4,4,CO RD 811,,0,34.30657778,-88.682500000,0,34,0,0,1,1,6,0,2,1,0,1,0,0000000,88,88,88,88,88,88,0,0,0,1,1
28,280417,1,1,0,1,41,0,2,10,2010,7,16,0,0,9,3,SR-57,,99998,31.12790556,-88.650355560,0,35,0,0,1,1,6,0,1,1,0,1,0,0000000,88,88,88,88,88,88,0,0,0,1,1
28,280418,1,1,0,3,87,0,2,10,2010,7,21,35,0,4,4,WOLF RD,,0,33.73165556,-88.317247220,0,1,0,0,1,1,6,0,2,1,0,1,0,0000000,21,47,22,9,23,0,0,0,0,1,0
28,280419,1,1,0,3,63,0,3,10,2010,1,1,40,0,4,4,MCBRIDE RD,,0,31.75889722,-90.850497220,0,42,0,0,1,1,6,0,2,1,0,1,0,0000000,2,20,2,50,3,36,0,0,0,1,1
28,280420,1,1,0,1,107,120,3,10,2010,1,8,14,0,16,6,BOOTHE ST,BRUCE ST,0,34.32576944,-89.943941670,0,42,0,0,2,3,6,0,1,1,0,1,0,0000000,88,88,88,88,88,88,0,0,0,1,0
28,280421,2,2,0,2,125,0,3,10,2010,1,10,18,0,3,3,SR-14,WIDOW BAYOU RD,99998,32.98796667,-90.741833330,0,12,6,0,2,2,1,0,1,1,0,1,0,0000000,88,88,88,88,88,88,0,0,0,1,1
28,280422,2,2,0,2,139,0,3,10,2010,1,17,19,0,4,4,CO RD 323,,0,34.87125000,-88.919047220,0,12,2,0,1,1,1,0,1,1,0,1,0,0000000,17,40,18,0,18,40,0,0,0,1,0
28,280423,2,2,0,2,43,1010,5,10,2010,3,5,59,0,16,6,PAPERMILL RD,,0,33.81630833,-89.832972220,0,12,2,0,1,1,1,0,2,1,0,1,0,0000000,6,4,6,39,7,22,0,0,0,1,0
28,280424,1,1,0,1,59,932,6,10,2010,4,1,31,0,16,6,OLD SPANISH TRAIL,,0,30.38547222,-88.624508330,0,30,0,0,1,1,6,0,2,1,0,1,0,0000000,88,88,88,88,88,88,0,0,0,1,1
28,280425,1,1,0,2,31,0,6,10,2010,4,17,18,0,4,4,LOWERY RD,GATES BRIDGE RD,0,31.49346667,-89.579441670,0,1,0,0,2,2,6,0,1,1,0,1,0,0000000,17,32,18,0,99,99,0,0,0,1,1
28,280426,2,2,0,9,47,0,9,10,2010,7,10,53,0,4,3,SR-67,SR-605 TRADITION PARKWAY,99998,30.57214444,-89.047225000,0,12,6,0,2,2,1,0,1,1,0,1,0,0000000,10,55,11,20,12,5,0,0,0,1,0
28,280427,1,1,0,1,59,0,9,10,2010,7,5,30,0,4,3,SR-613,,99998,30.53720278,-88.517702780,0,42,0,0,1,1,6,0,2,1,0,1,0,0000000,88,88,88,88,88,88,0,0,0,1,0
28,280428,1,1,0,4,101,0,10,10,2010,1,8,40,1,1,1,I-20,,99998,32.34073889,-89.117725000,0,1,0,0,1,1,6,0,1,1,0,1,0,0000000,9,0,9,36,10,6,0,0,0,2,0
28,280429,1,1,0,1,41,0,11,10,2010,2,2,38,0,4,3,SR-63,,99998,31.04734444,-88.522069440,0,30,0,0,1,1,6,0,2,1,0,1,0,0000000,88,88,88,88,88,88,0,0,0,1,1
28,280430,2,2,0,5,93,0,12,10,2010,3,19,40,0,4,4,CAYCE RD,WHIPPOORWILL RD,0,34.88955556,-89.618266670,0,12,6,0,2,2,1,0,2,1,0,1,0,0000000,19,26,20,0,20,22,0,0,0,1,0
28,280431,1,1,1,1,113,0,13,10,2010,4,5,10,0,4,3,SR-584,,99998,31.01334722,-90.515391670,0,8,0,0,1,1,1,0,2,1,0,1,0,0000000,88,88,88,88,88,88,0,0,0,1,0
28,280432,3,3,0,3,73,0,13,10,2010,4,12,30,0,4,4,OAK GROVE RD,,0,31.28365000,-89.425363890,0,12,2,0,1,1,1,0,1,1,0,1,0,0000000,13,0,13,37,14,0,0,0,0,1,0
28,280433,1,1,0,1,99,0,13,10,2010,4,18,14,0,4,3,SR-21,,99998,32.63915833,-89.253658330,0,34,0,0,1,1,6,0,1,1,0,1,0,0000000,18,50,19,20,19,36,0,0,0,1,0
28,280434,1,1,0,3,113,0,14,10,2010,5,6,30,1,1,1,I-55,,99998,31.01675000,-90.502647220,0,42,0,0,1,1,6,0,4,1,0,1,0,0000000,6,36,7,0,7,53,0,0,0,1,0
28,280435,2,2,0,2,151,990,14,10,2010,5,7,14,0,16,6,BROADWAY,,0,33.41990833,-91.051050000,0,12,2,0,1,1,1,0,1,1,0,1,0,0000000,88,88,88,88,88,88,0,0,0,1,0
28,280436,1,1,0,1,87,0,14,10,2010,5,19,4,1,1,2,US-45,,99998,33.43051111,-88.509122220,0,1,0,0,1,1,6,0,2,1,0,1,0,0000000,19,30,19,46,20,0,0,0,0,1,0
28,280437,2,2,0,2,39,0,24,9,2010,6,15,55,0,4,4,HOPPER RD,,0,30.90520833,-88.509250000,0,12,2,0,1,1,1,0,1,2,0,2,0,0000000,88,88,88,88,88,88,0,0,0,1,0
28,280438,2,2,0,4,29,0,5,10,2010,3,14,43,0,4,4,MONTICELLO RD,,0,31.83388889,-90.367269440,0,12,2,0,1,1,1,0,1,1,0,1,0,0000000,15,0,15,22,15,42,0,0,0,1,0
28,280439,3,3,0,11,85,0,15,10,2010,6,3,2,1,1,1,I-55,,99998,31.55849722,-90.479588890,0,12,2,0,1,1,1,0,3,1,0,1,0,0000000,3,11,3,36,4,11,0,0,0,1,0
28,280440,2,2,0,2,35,1050,17,10,2010,1,2,33,1,12,2,US-49,,99998,31.37793056,-89.365411110,0,12,2,0,1,1,1,0,3,1,0,1,0,0000000,2,40,3,0,3,26,0,0,0,1,1
28,280441,1,1,0,1,109,0,17,10,2010,1,11,35,0,4,4,SECTION LINE RD,,0,30.49376111,-89.688605560,0,34,0,0,1,1,6,0,1,1,0,1,0,0000000,88,88,88,88,88,88,0,0,0,1,0
28,280442,1,1,0,1,99,0,17,10,2010,1,14,25,0,4,3,SR-21,,99998,32.61752778,-89.261791670,0,42,0,0,1,1,6,0,1,1,0,1,0,0000000,88,88,88,88,88,88,0,0,0,1,0
28,280443,1,1,0,1,33,1830,17,10,2010,1,19,39,0,16,3,SR-302,,99998,34.96114444,-89.851577780,0,42,0,0,1,1,6,0,2,1,0,1,0,0000000,88,88,88,88,88,88,0,0,0,1,0
28,280444,1,1,0,2,83,1200,20,10,2010,4,16,58,0,16,6,LINCOLN ST,,0,33.49443333,-90.327036110,0,33,0,0,1,1,6,0,1,1,0,1,0,0000000,17,0,17,26,18,0,0,0,0,1,0
28,280445,1,1,0,1,131,0,21,10,2010,5,7,51,0,4,3,SR-15,,99998,30.71706389,-88.917202780,0,42,0,0,1,1,6,0,1,1,0,1,0,0000000,88,88,88,88,88,88,0,0,0,1,0
28,280446,1,1,0,1,49,1220,21,10,2010,5,14,25,1,12,2,US-80,SUMMER ST,99998,32.30277778,-90.251205560,0,21,0,1,2,3,5,0,1,1,0,1,0,0000000,14,32,15,0,15,32,0,0,0,1,0
28,280447,1,1,1,1,35,1050,21,10,2010,5,19,18,0,16,6,VETERANS MEMORIAL DR,,0,31.30810833,-89.310908330,0,8,0,0,1,1,1,0,2,1,0,1,0,0000000,88,88,88,88,88,88,0,0,0,1,0
28,280448,2,2,0,2,39,0,22,10,2010,6,5,4,1,2,2,US-98,DONOVAN RD,99998,30.92089167,-88.505452780,0,12,6,0,2,2,1,0,2,1,0,1,0,0000000,5,49,6,8,6,18,0,0,0,1,0
28,280449,3,3,0,8,59,1900,22,10,2010,6,11,33,1,2,2,US-90,,99998,30.37081944,-88.547294440,0,12,1,0,1,1,1,0,1,1,0,1,0,0000000,11,37,12,0,12,30,0,0,0,1,2
28,280450,1,1,0,2,57,0,22,10,2010,6,22,17,0,4,4,RIDGE RD,,0,34.44241667,-88.159875000,0,11,0,0,1,1,6,0,2,1,0,1,0,0000000,22,36,22,41,99,99,0,0,0,1,0
28,280451,1,1,0,3,7,0,23,10,2010,7,12,20,0,4,3,SR-14,,99998,32.93010278,-89.875288890,0,35,0,0,1,1,6,0,1,1,0,1,0,0000000,12,32,13,0,13,48,0,0,0,1,0
28,280452,1,1,0,1,29,0,23,10,2010,7,17,55,0,14,3,SR-28,,99998,31.87435000,-90.348547220,0,35,0,0,1,1,6,0,1,1,0,1,0,0000000,88,88,88,88,88,88,0,0,0,1,0
28,280453,1,1,0,1,107,0,23,10,2010,7,20,4,0,4,4,COTTON PLANT,,0,34.27073056,-89.877691670,0,35,0,0,1,1,6,0,2,1,0,1,0,0000000,88,88,88,88,88,88,0,0,0,1,0
28,280454,1,1,2,1,59,0,23,10,2010,7,23,0,1,1,1,I-10,,99998,30.45681389,-88.483886110,0,8,0,0,1,1,1,0,2,1,0,1,0,0000000,88,88,88,88,88,88,0,0,0,2,0
28,280455,2,2,0,3,123,0,24,10,2010,1,5,57,1,1,1,I-20,,99998,32.32721389,-89.400591670,0,12,7,0,1,1,1,0,2,1,0,1,0,0000000,88,88,88,88,88,88,0,0,0,1,0
28,280456,2,2,0,5,73,0,24,10,2010,1,13,47,0,4,3,SR-13,,99998,30.95692778,-89.210400000,0,12,2,0,1,1,1,0,1,1,0,1,0,0000000,14,13,14,20,14,36,0,0,0,1,0
28,280457,1,1,0,1,45,0,24,10,2010,1,19,25,1,1,1,I-10,,99998,30.32280278,-89.576372220,0,42,0,0,1,1,6,0,2,1,0,1,0,0000000,88,88,88,88,88,88,0,0,0,1,0
28,280458,5,5,0,5,113,1470,26,10,2010,3,16,19,1,11,1,I-55 EXIT 15 / SR-24 PRESLEY B,,99998,31.22205556,-90.482647220,0,12,1,1,18,1,1,0,1,1,0,1,0,0000000,16,25,16,42,17,0,19,0,0,2,0
28,280459,2,2,0,5,59,0,26,10,2010,3,17,48,1,2,2,US-90,FRANKLIN CREEK RD,99998,30.45770000,-88.417819440,0,12,6,0,2,3,1,0,1,1,0,1,0,0000000,17,58,18,16,19,0,0,0,0,2,0
28,280460,1,1,1,1,149,2690,27,10,2010,4,4,35,0,16,6,61 S,,0,32.29700000,-90.893541670,0,8,0,0,1,1,1,0,2,2,0,2,0,0000000,88,88,88,88,88,88,0,0,0,1,1
28,280461,2,2,0,2,73,0,27,10,2010,4,5,16,1,2,2,US-98,OLD HWY 24,99998,31.28812222,-89.604577780,0,12,6,0,2,3,1,0,2,2,0,2,0,0000000,5,36,5,50,6,11,0,0,0,1,0
28,280462,1,1,0,1,29,0,27,10,2010,4,19,4,1,1,1,I-55,,99998,31.85222778,-90.413833330,0,24,0,0,1,1,6,0,2,1,0,1,0,0000000,88,88,88,88,88,88,0,0,0,1,0
28,280463,1,1,0,1,95,0,28,10,2010,5,23,36,1,2,3,SR-25,,99998,33.87057500,-88.476172220,0,11,0,0,1,1,1,0,2,1,0,1,0,0000000,88,88,88,88,88,88,0,0,0,1,1
28,280464,1,1,0,1,49,1220,29,10,2010,6,4,26,0,16,6,MILL ST,MITCHELL AVE,0,32.33526389,-90.184513890,0,17,0,0,2,2,5,0,3,1,0,1,0,0000000,88,88,88,88,88,88,0,0,0,1,0
28,280465,1,1,1,2,1,1720,29,10,2010,6,20,29,0,16,6,SGT PRENTISS DR,,0,31.53494444,-91.379900000,0,8,0,0,1,1,1,0,3,1,0,1,0,0000000,88,88,88,88,88,88,0,0,0,1,0
28,280466,1,1,0,1,59,0,29,10,2010,6,21,45,0,4,3,SR-614,,99998,30.63278056,-88.418066670,0,1,0,0,1,1,6,0,2,1,0,1,0,0000000,88,88,88,88,88,88,0,0,0,1,0
28,280467,2,2,0,2,99,0,30,10,2010,7,16,41,0,4,4,SR 486,CO RD 539,0,32.73400556,-89.017808330,0,12,6,0,2,3,1,0,1,1,0,1,0,0000000,17,2,17,33,18,0,0,0,0,1,0
28,280468,1,1,0,1,49,1220,1,11,2010,2,19,49,0,16,6,ELTON RD,,0,32.22140556,-90.229769440,0,42,0,0,1,1,6,0,2,2,0,2,0,0000000,88,88,88,88,88,88,0,0,0,1,0
28,280469,1,1,1,1,67,0,1,11,2010,2,21,30,0,4,4,US 29,,0,31.66809444,-89.243830560,0,8,0,0,1,1,1,0,2,2,0,2,0,0000000,88,88,88,88,88,88,0,0,0,1,0
28,280470,1,1,0,1,67,0,2,11,2010,3,17,36,1,2,2,US-84,,99998,31.69323889,-89.159641670,0,32,0,0,1,1,6,0,1,1,0,1,0,0000000,88,88,88,88,88,88,0,0,0,1,0
28,280471,1,1,0,1,17,0,3,11,2010,4,7,35,0,4,4,CO RD 410,CO RD 215,0,33.94313333,-88.812783330,0,42,0,0,2,3,6,0,2,2,0,2,0,0000000,88,88,88,88,88,88,0,0,0,1,0
28,280472,1,1,0,1,93,0,5,11,2010,6,18,33,1,2,2,US-78,,99998,34.67987500,-89.354080560,0,18,0,0,1,1,6,0,2,1,0,1,0,0000000,88,88,88,88,88,88,0,0,0,1,0
28,280473,1,1,0,4,89,0,5,11,2010,6,21,24,0,4,4,LORING RD,,0,32.77764167,-89.907002780,0,42,0,0,1,1,6,0,2,1,0,1,0,0000000,21,40,22,0,22,26,0,0,0,1,1
28,280474,1,1,1,1,49,1220,9,7,2010,6,21,48,0,16,6,HOSPITAL DR,,0,32.28379444,-90.253716670,0,8,0,0,1,1,1,0,2,1,0,1,0,0000000,21,55,22,13,22,30,0,0,0,1,0
28,280475,1,1,0,1,115,0,8,8,2010,1,16,41,0,4,4,ANTIOCH RD,,0,34.18567778,-89.221966670,0,1,0,0,1,1,6,0,1,1,0,1,0,0000000,88,88,88,88,88,88,0,0,0,1,0
28,280476,1,1,0,1,107,0,15,8,2010,1,1,0,0,4,4,LUCIUS TAYLOR RD,,0,34.52469722,-89.999055560,0,42,0,0,1,1,6,0,2,1,0,1,0,0000000,88,88,88,88,88,88,0,0,0,1,1
28,280477,1,1,0,2,45,0,18,8,2010,4,22,34,0,4,4,LOWER BAY RD,,0,30.28730833,-89.403627780,0,18,0,0,1,1,6,0,2,1,0,1,0,0000000,22,41,23,0,99,99,0,0,0,1,1