STATE,ST_CASE,VE_TOTAL,VE_FORMS,PEDS,PERSONS,COUNTY,CITY,DAY,MONTH,YEAR,DAY_WEEK,HOUR,MINUTE,NHS,ROAD_FNC,ROUTE,TWAY_ID,TWAY_ID2,MILEPT,LATITUDE,LONGITUD,SP_JUR,HARM_EV,MAN_COLL,RELJCT1,RELJCT2,TYP_INT,REL_ROAD,WRK_ZONE,LGT_COND,WEATHER1,WEATHER2,WEATHER,SCH_BUS,RAIL,NOT_HOUR,NOT_MIN,ARR_HOUR,ARR_MIN,HOSP_HR,HOSP_MN,CF1,CF2,CF3,FATALS,DRUNK_DR
28,280478,1,1,0,1,45,0,24,8,2010,3,19,23,0,4,4,CAESAR NECAISE RD,,0,30.58601944,-89.458752780,0,11,0,0,1,1,1,0,1,1,0,1,0,0000000,19,45,20,0,20,13,0,0,0,1,0
28,280479,1,1,0,1,29,0,27,8,2010,6,18,58,0,4,4,DEASON RD,,0,31.75220000,-90.332313890,0,42,0,0,1,1,6,0,1,1,0,1,0,0000000,88,88,88,88,88,88,0,0,0,1,0
28,280480,1,1,0,1,29,0,10,10,2010,1,16,32,0,4,4,HARTLEY LANE,,0,32.01488056,-90.343108330,0,10,0,0,6,1,1,0,1,1,0,1,0,9999999,88,88,88,88,88,88,0,0,0,1,0
28,280481,1,1,0,1,107,0,6,11,2010,7,4,30,0,4,3,SR-315,,99998,34.24345278,-89.753366670,0,42,0,0,1,1,6,0,2,1,0,1,0,0000000,88,88,88,88,88,88,0,0,0,1,1
28,280482,1,1,1,2,151,0,7,11,2010,1,0,26,0,4,3,SR-1,WILCOX,99998,33.32661944,-91.043486110,0,8,0,0,3,2,1,0,2,1,0,1,0,0000000,88,88,88,88,88,88,0,0,0,1,0
28,280483,1,1,0,1,115,0,10,11,2010,4,21,31,0,4,2,US-278,,99998,34.28904444,-89.181002780,0,1,0,0,1,1,6,0,1,1,0,1,0,0000000,88,88,88,88,88,88,0,0,0,1,0
28,280484,1,1,1,1,45,0,11,11,2010,5,18,17,0,3,3,SR-607,,99998,30.30176111,-89.565180560,0,8,0,0,1,1,1,0,2,1,0,1,0,0000000,88,88,88,88,88,88,0,0,0,1,0
28,280485,1,1,0,1,1,0,13,11,2010,7,6,47,0,4,4,OLD HWY 84,,0,31.56200833,-91.267161110,0,35,0,0,1,1,6,0,2,1,0,1,0,0000000,88,88,88,88,88,88,0,0,0,1,1
28,280486,1,1,0,2,163,0,13,11,2010,7,22,32,1,2,2,US-49,,99998,32.83673333,-90.385305560,0,35,0,0,1,1,6,0,2,2,0,2,0,0000000,23,0,23,18,23,42,0,0,0,1,1
28,280487,1,1,0,1,161,0,14,11,2010,1,0,30,0,4,3,SR-32,CO RD-223,99998,34.09146944,-89.874705560,0,35,0,0,2,3,5,0,2,1,0,1,0,0000000,88,88,88,88,88,88,0,0,0,1,1
28,280488,1,1,0,2,121,1918,15,11,2010,2,3,37,1,1,1,I-20,,99998,32.27066111,-90.078536110,0,42,0,0,1,1,6,0,2,2,0,2,0,0000000,3,45,4,0,4,14,0,0,0,1,0
28,280489,1,1,0,1,137,2290,17,11,2010,4,11,19,0,16,6,SCOTT ST,,0,34.59639722,-89.955680560,0,1,0,0,1,1,5,0,1,1,0,1,0,0000000,88,88,88,88,88,88,0,0,0,1,0
28,280490,4,4,0,6,33,2422,18,11,2010,5,14,9,0,13,2,US-51,CUSTER DR,99998,34.97485556,-90.016044440,0,12,1,0,2,2,1,0,1,1,0,1,0,0000000,14,11,14,36,15,12,0,0,0,1,1
28,280491,2,2,0,2,93,0,19,11,2010,6,3,0,1,2,2,US-78,,99998,34.82240000,-89.554797220,0,12,2,0,1,1,1,0,3,1,0,1,0,0000000,3,37,4,0,4,22,0,0,0,1,0
28,280492,1,1,0,1,113,1470,19,11,2010,6,10,25,0,16,6,PRESLEY BLVD,,0,31.22384722,-90.472197220,0,24,0,0,1,1,6,0,1,1,0,1,0,0000000,88,88,88,88,88,88,0,0,0,1,0
28,280493,1,1,0,1,93,0,19,11,2010,6,18,42,1,2,2,US-78,,99998,34.85177778,-89.669036110,0,1,0,0,1,1,3,0,2,1,0,1,0,0000000,88,88,88,88,88,88,0,0,0,1,0
28,280494,2,2,0,5,39,0,20,11,2010,7,13,51,1,2,2,US-98,SR-63,99998,30.95144444,-88.549975000,0,12,6,0,2,2,1,0,1,1,0,1,0,0000000,14,15,14,36,15,0,0,0,0,1,0
28,280495,2,2,0,6,121,875,20,11,2010,7,14,54,0,16,6,AIRPORT RD,,0,32.32902500,-90.091280560,0,12,2,0,1,1,1,0,1,1,0,1,0,0000000,14,58,15,10,15,42,0,0,0,2,0
28,280496,1,1,1,1,123,0,20,11,2010,7,19,38,1,2,2,US-80,,99998,32.35277500,-89.635005560,0,8,0,0,1,1,1,0,2,1,0,1,0,0000000,88,88,88,88,88,88,0,0,0,1,0
28,280497,2,2,0,5,87,0,20,11,2010,7,23,21,0,4,3,SR-50,,99998,33.53502778,-88.300627780,0,12,2,0,1,1,1,0,2,1,0,1,0,0000000,23,39,0,8,0,42,0,0,0,1,0
28,280498,1,1,0,3,121,0,21,11,2010,1,0,8,0,4,3,SR-43,,99998,32.16378889,-89.793416670,0,42,0,0,1,1,6,0,2,1,0,1,0,0000000,0,36,1,0,1,26,0,0,0,2,1
28,280499,1,1,1,3,47,1020,21,11,2010,1,17,43,0,16,6,COWAN,,0,30.39712500,-89.026766670,0,9,0,0,1,1,1,0,3,1,0,1,0,0000000,17,47,18,0,18,12,0,0,0,1,0
28,280500,1,1,1,1,93,1140,21,11,2010,1,22,28,0,16,6,HWY 7,,0,34.69636389,-89.462013890,0,8,0,0,1,1,1,0,3,1,0,1,0,0000000,88,88,88,88,88,88,0,0,0,1,0
28,280501,2,2,0,4,23,0,2,9,2010,5,15,15,0,13,6,E BRIDGE ST,ST JOHN ST,0,32.17545833,-88.829130560,0,12,6,0,2,2,1,0,1,1,0,1,0,0000000,15,21,15,39,16,11,0,0,0,1,0
28,280502,1,1,0,1,151,0,6,9,2010,2,20,32,0,4,4,OLD LELAND RD,B AND M RD,0,33.41414167,-91.041255560,0,34,0,0,2,3,6,0,2,1,0,1,0,0000000,88,88,88,88,88,88,0,0,0,1,1
28,280503,2,2,0,5,73,0,11,9,2010,7,16,31,0,4,4,MILL CREEK LOOP,,0,31.35781389,-89.569430560,0,12,2,0,1,1,1,0,1,10,0,10,0,0000000,16,41,16,52,17,22,0,0,0,1,0
28,280504,1,1,0,1,139,0,12,9,2010,1,99,99,0,4,4,CO RD 215,,0,34.93013333,-88.896302780,0,1,0,0,1,1,6,0,2,1,0,1,0,0000000,88,88,88,88,88,88,0,0,0,1,0
28,280505,1,1,0,1,93,0,25,6,2010,6,7,45,0,4,4,N RED BANKS RD,,0,34.94775833,-89.565180560,0,1,0,0,1,1,6,0,1,1,0,1,0,0000000,8,3,8,16,8,39,0,0,0,1,0
28,280506,2,2,0,2,127,1580,13,9,2010,2,13,23,0,16,6,49,,0,31.95831667,-89.850588890,0,12,2,0,1,1,1,0,1,1,0,1,0,0000000,13,42,14,0,14,33,0,0,0,1,0
28,280507,1,1,0,1,151,0,21,9,2010,3,7,36,0,4,4,OLD HWY 61,,0,33.30890278,-90.867191670,0,1,0,0,1,1,6,0,1,1,0,1,0,0000000,88,88,88,88,88,88,0,0,0,1,0
28,280508,2,2,0,4,123,2270,23,9,2010,5,14,22,0,16,6,21,,0,32.57242222,-89.335669440,0,12,8,0,1,1,1,0,1,1,0,1,0,0000000,14,36,14,52,15,22,0,0,0,1,0
28,280509,2,2,0,5,147,0,26,9,2010,1,16,37,0,4,4,RUSHINGTOWN RD,,0,31.23100556,-90.105636110,0,12,2,0,1,1,1,0,1,1,0,1,0,0000000,16,46,17,0,17,22,0,0,0,1,0
28,280510,1,1,0,1,127,0,1,10,2010,6,5,32,0,4,4,MULLIGAN RD,,0,31.96703611,-90.109305560,0,1,0,0,1,1,6,0,2,1,0,1,0,0000000,88,88,88,88,88,88,0,0,0,1,0
28,280511,1,1,0,1,133,1170,6,10,2010,4,13,59,0,16,6,B. B. KING RD,,0,33.43663333,-90.642733330,0,1,0,0,1,1,6,0,1,1,0,1,0,0000000,14,2,14,22,14,50,0,0,0,1,0
28,280512,1,1,0,1,39,0,6,10,2010,4,20,30,0,4,4,HARMON POPE RD,,0,30.76968056,-88.663444440,0,35,0,0,1,1,6,0,2,1,0,1,0,0000000,88,88,88,88,88,88,0,0,0,1,0
28,280513,1,1,0,2,123,0,10,10,2010,1,19,43,0,16,6,MARTIN LUTHER KING D,,0,32.37631944,-89.455500000,0,24,0,0,1,1,6,0,2,1,0,1,0,0000000,88,88,88,88,88,88,0,0,0,1,0
28,280514,1,1,0,3,87,0,13,10,2010,4,18,20,0,4,4,CHRISTIAN CIR,,0,33.44871944,-88.380577780,0,35,0,0,1,1,6,0,5,1,0,1,0,0000000,18,24,19,0,19,36,0,0,0,1,1
28,280515,1,1,0,1,23,0,17,10,2010,1,22,0,0,4,4,CO RD 630,,0,31.95128889,-88.556241670,0,1,0,0,1,1,6,0,2,1,0,1,0,0000000,88,88,88,88,88,88,0,0,0,1,0
28,280516,2,2,0,4,79,420,3,11,2010,4,17,27,0,14,3,SR-35,,99998,32.72810556,-89.534283330,0,12,2,0,1,1,1,0,1,1,0,1,0,0000000,17,29,17,36,18,8,0,0,0,1,0
28,280517,1,1,0,1,9,0,5,11,2010,6,6,39,0,4,4,HOOVER RD,,0,34.84501389,-89.284086110,0,34,0,0,1,1,6,0,2,1,0,1,0,0000000,88,88,88,88,88,88,0,0,0,1,0
28,280518,2,2,0,4,29,1060,7,11,2010,1,18,22,0,16,6,SOUTH EXTENSION,,0,31.85405000,-90.396558330,0,12,1,0,1,1,1,0,3,1,0,1,0,0000000,18,24,19,0,19,20,0,0,0,1,0
28,280519,2,2,0,4,137,0,22,11,2010,2,23,32,1,1,1,I-55,,99998,34.65091389,-89.959327780,0,12,6,0,1,1,1,0,2,2,0,2,0,0000000,23,49,0,9,0,52,0,0,0,1,1
28,280520,1,1,1,1,151,990,23,11,2010,3,22,3,0,15,3,SR-1,,99998,33.40583056,-91.037994440,0,8,0,0,1,1,1,0,1,1,0,1,0,0000000,88,88,88,88,88,88,0,0,0,1,0
28,280521,1,1,0,5,161,0,24,11,2010,4,4,0,1,1,1,I-55,,99998,33.98173889,-89.868744440,0,35,0,0,1,1,6,0,2,1,0,1,0,0000000,4,29,4,42,5,0,0,0,0,1,0
28,280522,2,2,0,5,137,0,16,8,2010,2,7,30,0,4,4,ARKABUTLA RD,,0,34.68493889,-90.012275000,0,12,6,0,4,1,1,0,1,1,0,1,0,0000000,7,38,8,0,8,29,0,0,0,1,0
28,280523,2,2,0,5,63,0,24,11,2010,4,14,21,1,2,2,US-61,SR 33,99998,31.70447500,-91.077688890,0,12,2,0,2,3,1,0,1,1,0,1,0,0000000,88,88,88,88,88,88,0,0,0,1,0
28,280524,1,1,1,1,45,0,24,11,2010,4,15,16,0,4,4,LOWER BAY RD,,0,30.28041667,-89.408969440,0,8,0,0,1,1,1,0,1,1,0,1,0,0000000,15,24,16,0,16,39,0,0,0,1,0
28,280525,2,2,0,3,91,0,24,11,2010,4,16,30,0,3,3,SR-13,,99998,31.23169167,-89.820441670,0,12,2,0,1,1,1,0,1,1,0,1,0,0000000,16,40,17,0,17,36,0,0,0,2,0
28,280526,1,1,0,1,91,0,24,11,2010,4,22,50,0,4,4,SUMBAX RD,,0,31.26894167,-89.923566670,0,1,0,0,1,1,6,0,2,1,0,1,0,0000000,88,88,88,88,88,88,0,0,0,1,1
28,280527,1,1,0,1,35,0,25,11,2010,5,6,12,0,4,4,HURRICANE CREEK RD,,0,30.91595833,-89.336186110,0,42,0,0,1,1,6,0,2,1,0,1,0,0000000,88,88,88,88,88,88,0,0,0,1,0
28,280528,2,2,0,2,1,0,25,11,2010,5,19,30,0,4,4,US 84,,0,31.53330833,-91.381552780,0,12,1,0,1,1,1,0,2,1,0,1,0,0000000,88,88,88,88,88,88,0,0,0,1,0
28,280529,2,2,0,2,29,0,27,11,2010,7,6,23,0,4,3,SR-28,,99998,31.88633889,-90.271438890,0,12,2,0,1,1,1,0,4,1,0,1,0,0000000,6,42,7,7,7,36,0,0,0,1,0
28,280530,1,1,1,2,21,0,28,11,2010,1,0,36,0,4,3,SR-18,,99998,31.96643611,-90.971216670,0,8,0,0,1,1,1,0,2,1,0,1,0,0000000,88,88,88,88,88,88,0,0,0,1,1
28,280531,1,1,0,1,127,0,29,11,2010,2,0,15,0,4,3,SR-43,,99998,31.82315000,-89.968072220,0,42,0,0,1,1,6,0,2,1,0,1,0,0000000,88,88,88,88,88,88,0,0,0,1,1
28,280532,2,2,0,2,79,0,29,11,2010,2,17,59,0,4,3,SR-16,,99998,32.75770278,-89.469694440,0,12,2,0,1,1,1,0,2,2,0,2,0,0000000,18,8,18,23,18,59,0,0,0,1,0
28,280533,1,1,1,1,33,1830,30,11,2010,3,6,41,0,13,3,SR-305,,99998,34.92408333,-89.830397220,0,8,0,0,1,1,1,0,3,2,0,2,0,0000000,88,88,88,88,88,88,0,0,0,1,0
28,280534,2,2,0,3,61,0,30,11,2010,3,13,28,0,3,3,SR-528,,99998,31.95132500,-89.007369440,0,12,2,0,1,1,1,0,1,2,0,2,0,0000000,13,39,13,50,14,14,0,0,0,1,0
28,280535,2,2,0,3,129,0,1,12,2010,4,20,40,0,4,4,CO RD 101,,0,32.05453611,-89.459952780,0,12,2,0,1,1,1,0,2,1,0,1,0,0000000,20,50,21,16,21,42,0,0,0,1,1
28,280536,1,1,0,2,121,0,1,12,2010,4,22,23,0,4,4,MULLICAN RD,,0,32.15168889,-90.161394440,0,42,0,0,1,1,6,0,2,1,0,1,0,0000000,22,34,23,0,23,40,0,0,0,1,0
28,280537,1,1,0,1,21,0,4,12,2010,7,2,15,0,4,4,RAMOLA RD,,0,32.03521944,-90.863372220,0,34,0,0,1,1,6,0,2,1,0,1,0,0000000,88,88,88,88,88,88,0,0,0,1,0
28,280538,1,1,0,1,137,0,4,12,2010,7,5,46,0,4,4,GINGERHILL RD,,0,34.74335833,-89.839688890,0,42,0,0,1,1,6,0,2,1,0,1,0,0000000,88,88,88,88,88,88,0,0,0,1,0
28,280539,1,1,0,1,83,0,4,12,2010,7,6,10,0,4,4,CO RD 515,,0,33.44190000,-90.271569440,2,35,0,0,1,1,6,0,4,1,0,1,0,0000000,88,88,88,88,88,88,0,0,0,1,0
28,280540,1,1,0,5,83,1000,4,12,2010,7,13,48,0,16,6,E WASHINGTON,,0,33.52079722,-90.175866670,0,42,0,0,1,1,6,0,1,1,0,1,0,0000000,13,50,14,0,14,36,0,0,0,1,0
28,280541,1,1,0,1,117,280,4,12,2010,7,23,50,0,16,6,WYNEGAR RD,,0,34.66416944,-88.595122220,0,42,0,0,1,1,6,0,2,1,0,1,0,0000000,88,88,88,88,88,88,0,0,0,1,1
28,280542,1,1,0,1,29,0,5,12,2010,1,1,42,0,4,4,DENTVILLE RD,,0,31.89180556,-90.439411110,0,42,0,0,1,1,6,0,2,1,0,1,0,0000000,88,88,88,88,88,88,0,0,0,1,0
28,280543,1,1,0,2,47,0,5,12,2010,1,21,2,0,4,4,ROBINSON RD,,0,30.46350833,-89.107102780,0,30,0,0,1,1,6,0,3,1,0,1,0,0000000,21,20,22,0,99,99,0,0,0,2,1
28,280544,1,1,0,1,93,0,6,12,2010,2,16,4,0,4,3,SR-4,,99998,34.70676389,-89.495572220,0,33,0,0,1,1,6,0,1,1,0,1,0,0000000,88,88,88,88,88,88,0,0,0,1,0
28,280545,2,2,0,2,105,0,7,12,2010,3,17,25,1,2,2,US-82,,99998,33.50395278,-89.000458330,0,12,1,0,1,1,1,0,5,1,0,1,0,0000000,88,88,88,88,88,88,0,0,0,1,0
28,280546,1,1,0,1,47,1020,8,12,2010,4,19,14,0,16,6,OLD HWY 49,EAST SIDE AVE,0,30.41608333,-89.095494440,0,30,0,0,2,2,6,0,2,1,0,1,0,0000000,88,88,88,88,88,88,0,0,0,1,0
28,280547,2,2,0,3,59,1900,9,12,2010,5,13,56,1,13,2,US-90 DENNY,CHICOT,0,30.37913333,-88.525288890,0,12,6,0,2,3,1,0,1,1,0,1,0,0000000,14,4,14,26,14,39,0,0,0,1,0
28,280548,2,2,0,2,99,0,10,12,2010,6,6,55,0,3,3,SR-16,,99998,32.75808333,-88.954197220,0,12,2,0,1,1,1,0,1,1,0,1,0,0000000,88,88,88,88,88,88,0,0,0,1,0
28,280549,1,1,1,3,47,0,10,12,2010,6,17,45,0,3,3,SR-67,LAMEY BRIDGE RD,99998,30.52098333,-88.974944440,0,8,0,0,3,2,1,0,2,1,0,1,0,0000000,88,88,88,88,88,88,0,0,0,1,0
28,280550,1,1,0,1,59,0,10,12,2010,6,21,19,0,4,3,SR-63,,99998,30.46228611,-88.533969440,0,23,0,0,1,1,5,0,2,1,0,1,0,0000000,88,88,88,88,88,88,0,0,0,1,0
28,280551,1,1,0,1,97,0,10,12,2010,6,21,31,0,4,4,MINERVA RD,,0,33.50038333,-89.579911110,0,42,0,0,1,1,6,0,2,1,0,1,0,0000000,88,88,88,88,88,88,0,0,0,1,0
28,280552,1,1,0,3,113,0,10,12,2010,6,23,30,0,4,4,SILVER DR,,0,31.03024722,-90.289527780,0,42,0,0,1,1,6,0,2,1,0,1,0,0000000,23,46,0,1,0,40,0,0,0,2,1
28,280553,1,1,0,2,23,0,11,12,2010,7,17,51,0,4,4,CO RD 632,,0,31.95223611,-88.540450000,0,35,0,0,1,1,6,0,2,1,0,1,0,0000000,18,15,18,56,19,19,0,0,0,1,1
28,280554,2,2,0,3,31,0,11,12,2010,7,18,15,1,2,2,US-49,JAYNESVILLE RD,99998,31.76593889,-89.675516670,0,12,6,0,2,2,1,0,2,2,0,2,0,0000000,18,27,19,0,19,25,0,0,0,1,0
28,280555,1,1,0,1,67,0,11,12,2010,7,23,54,0,4,4,LUTHER HILL RD,,0,31.65557222,-89.138430560,0,42,0,0,1,1,6,0,2,2,0,2,0,0000000,88,88,88,88,88,88,0,0,0,1,0
28,280556,1,1,0,1,79,0,12,12,2010,1,18,59,0,4,4,MIDWAY RD,,0,32.77995000,-89.441263890,0,42,0,0,1,1,6,0,1,1,0,1,0,0000000,88,88,88,88,88,88,0,0,0,1,0
28,280557,2,2,0,7,135,0,12,12,2010,1,22,29,0,4,3,SR-32,,99998,33.90750000,-90.372977780,0,12,1,0,1,1,1,0,2,1,0,1,0,0000000,22,43,23,0,23,28,0,0,0,1,0
28,280558,1,1,0,4,95,0,15,12,2010,4,5,4,1,2,2,US-45,,99998,33.68460278,-88.435608330,0,35,0,0,1,1,6,0,2,3,0,3,0,0000000,5,36,6,11,6,39,0,0,0,2,0
28,280559,1,1,0,2,3,0,15,12,2010,4,6,20,1,2,2,US-72,,99998,34.90001111,-88.476119440,0,1,0,0,1,1,6,0,1,3,0,3,0,0000000,88,88,88,88,88,88,0,0,0,1,0
28,280560,1,1,0,3,85,320,16,12,2010,5,0,45,0,16,6,HEUCKS RETREAT RD,,0,31.60858333,-90.409497220,0,30,0,0,1,1,6,0,2,2,0,2,0,0000000,0,49,1,0,1,57,0,0,0,1,1
28,280561,1,1,0,1,157,0,16,12,2010,5,9,36,0,4,3,SR-24,,99998,31.16169722,-91.432255560,0,42,0,0,1,1,6,0,1,1,0,1,0,0000000,88,88,88,88,88,88,0,0,0,1,0
28,280562,1,1,1,1,35,1050,16,12,2010,5,14,5,0,16,6,JAMES ST,,0,31.26699722,-89.240827780,0,8,0,0,1,1,1,0,1,1,0,1,0,0000000,88,88,88,88,88,88,0,0,0,1,0
28,280563,1,1,0,1,59,0,17,12,2010,6,3,50,1,1,1,I-10,,99998,30.45973611,-88.441872220,0,33,0,0,1,1,5,0,2,1,0,1,0,0000000,88,88,88,88,88,88,0,0,0,1,0
28,280564,1,1,0,2,17,0,17,12,2010,6,20,18,0,3,3,SR-32,,99998,34.04737778,-89.090388890,0,32,0,0,1,1,6,0,2,1,0,1,0,0000000,20,30,20,52,21,26,0,0,0,1,0
28,280565,2,2,0,4,93,0,18,12,2010,7,11,49,0,4,3,SR-4,,99998,34.70143611,-89.502611110,0,12,2,0,1,1,1,0,1,1,0,1,0,0000000,11,57,12,16,12,40,0,0,0,1,0
28,280566,1,1,0,1,109,0,23,12,2010,5,19,26,1,1,1,I-59,,99998,30.84111667,-89.496302780,0,1,0,0,1,1,6,0,2,1,0,1,0,0000000,19,52,20,13,20,42,0,0,0,1,0
28,280567,1,1,0,1,91,530,23,12,2010,5,22,3,0,16,6,MISSISSIPPI AVE,,0,31.24674722,-89.831644440,0,30,0,0,1,1,6,0,2,1,0,1,0,0000000,22,5,22,16,22,42,0,0,0,1,1
28,280568,1,1,0,1,51,0,25,12,2010,7,4,4,0,4,4,ROSE BANK MT RD,,0,33.22585556,-90.114658330,0,1,0,0,1,1,6,0,2,2,0,2,0,0000000,88,88,88,88,88,88,0,0,0,1,0
28,280569,1,1,0,1,111,0,25,12,2010,7,7,31,0,4,3,SR-29,,99998,31.02495278,-89.017152780,0,42,0,0,1,1,6,0,1,2,0,2,0,0000000,88,88,88,88,88,88,0,0,0,1,0
28,280570,1,1,0,7,57,0,25,12,2010,7,21,49,0,4,4,JERICHO RD,,0,34.39901389,-88.325527780,0,42,0,0,1,1,6,0,2,2,0,2,0,0000000,22,12,22,30,23,0,0,0,0,2,0
28,280571,1,1,0,4,29,0,26,12,2010,1,17,6,1,1,1,I-55,,99998,31.94418611,-90.393619440,0,1,0,0,1,1,6,0,5,1,0,1,0,0000000,17,38,18,5,18,22,0,0,0,1,0
28,280572,2,2,0,3,49,0,26,12,2010,1,18,1,1,1,1,I-55,,99998,32.12746944,-90.288863890,0,12,8,0,1,1,1,0,3,1,0,1,0,0000000,88,88,88,88,88,88,0,0,0,1,0
28,280573,2,2,0,2,105,0,27,12,2010,2,15,32,1,2,3,SR-25,LONGVIEW RD,99998,33.40291111,-88.855661110,0,12,6,0,2,2,1,0,1,1,0,1,0,0000000,15,37,16,0,16,18,0,0,0,1,0
28,280574,1,1,0,1,45,0,28,12,2010,3,1,12,0,4,4,LOWER BAY RD,,0,30.27993333,-89.408883330,0,34,0,0,1,1,6,0,2,1,0,1,0,0000000,88,88,88,88,88,88,0,0,0,1,0
28,280575,1,1,1,1,31,0,28,12,2010,3,17,23,1,2,2,US-84,,99998,31.65366389,-89.553916670,0,9,0,0,1,1,1,0,5,1,0,1,0,0000000,88,88,88,88,88,88,0,0,0,1,0
28,280576,1,1,0,1,93,0,29,12,2010,4,17,22,0,4,4,WILSON GOLDEN RD,,0,34.63871667,-89.497333330,0,1,0,0,1,1,6,0,2,1,0,1,0,0000000,88,88,88,88,88,88,0,0,0,1,0
28,280577,1,1,0,1,49,1220,29,12,2010,4,19,45,0,16,6,WOODROW WILSON DR,,0,32.32674167,-90.161919440,0,30,0,0,1,1,6,0,3,1,0,1,0,0000000,20,0,20,16,20,39,0,0,0,1,1
28,280578,1,1,0,1,109,0,30,12,2010,5,7,9,0,4,4,GUMPOND BEALL RD,,0,30.87290833,-89.407672220,0,42,0,0,1,1,6,0,2,2,0,2,0,0000000,88,88,88,88,88,88,0,0,0,1,0
28,280579,2,2,0,6,135,0,31,12,2010,6,17,2,0,4,3,SR-35,,99998,34.12676111,-90.078150000,0,12,2,0,1,1,1,0,2,1,0,1,0,0000000,17,15,17,25,18,0,0,0,0,2,0
28,280580,1,1,0,1,7,0,28,2,2010,1,18,34,0,9,8,NATCHEZ TRACE,,0,33.16356389,-89.465863890,1,42,0,0,1,1,6,0,1,1,0,1,0,0000000,88,88,88,88,88,88,0,0,0,1,1
28,280581,1,1,0,2,17,0,31,8,2010,3,15,34,0,9,8,NATCHEZ TRACE,,0,33.91325278,-88.937158330,1,42,0,0,1,1,6,0,1,1,0,1,0,0000000,15,46,16,16,16,39,0,0,0,1,0
28,280582,2,2,0,5,7,0,18,12,2010,7,14,18,0,9,8,NATCHEZ TRACE,,0,33.15889444,-89.469866670,1,12,2,0,1,1,1,0,1,1,0,1,0,0000000,15,36,15,52,16,32,0,0,0,2,0
29,290001,1,1,0,1,27,2960,2,1,2010,7,7,32,0,14,6,WESTMINSTER,,10,38.86626944,-91.953319440,0,59,0,0,1,1,4,0,3,1,0,1,0,0000000,99,98,99,98,88,88,0,0,0,1,1
29,290002,1,1,0,1,13,0,2,1,2010,7,19,55,0,6,4,RICERD,,19,38.24313889,-94.378416670,0,42,0,0,1,1,4,0,2,4,0,4,0,0000000,20,4,20,8,88,88,0,0,0,1,1
29,290003,1,1,0,1,13,0,3,1,2010,1,11,45,1,2,2,US-71,,67,38.15166667,-94.352222220,0,1,0,0,1,1,4,0,1,10,0,10,0,0000000,11,55,12,6,88,88,0,0,0,1,0
29,290004,1,1,0,1,99,0,3,1,2010,1,15,35,0,6,4,SANDYVALLEYACRES,SANDYCHURCHRD,18,38.28491667,-90.506333330,0,1,0,0,3,3,4,0,1,1,0,1,0,0000000,15,37,15,46,88,88,0,0,0,1,1
29,290005,1,1,0,1,187,0,3,1,2010,1,18,20,0,4,3,SR-K,,65,37.92777778,-90.434444440,0,35,0,0,1,1,4,0,2,10,0,10,0,0000000,99,98,99,98,88,88,0,0,0,1,0
29,290006,1,1,0,1,143,0,5,1,2010,3,17,0,0,5,3,SR-HH,,37,36.72250000,-89.570555560,0,1,0,0,1,1,1,0,1,1,0,1,0,0000000,17,11,17,15,88,88,0,0,0,1,0
29,290007,1,1,0,1,55,0,6,1,2010,4,1,15,0,4,3,SR-DD,,32,38.08072222,-91.432416670,0,42,0,0,1,1,4,0,2,1,0,1,0,0000000,1,22,1,29,88,88,0,0,0,1,1
29,290008,2,2,1,1,49,0,6,1,2010,4,19,5,1,1,1,I-35,,55,39.67222222,-94.235000000,0,8,0,1,5,1,1,1,2,4,0,4,0,0000000,19,11,19,21,20,4,19,0,0,1,0
29,290009,1,1,0,2,207,0,7,1,2010,5,5,50,0,3,3,SR-25,,3,37.12361111,-89.871111110,0,59,0,0,1,1,4,0,2,4,0,4,0,0000000,5,52,6,20,7,37,0,0,0,1,0
29,290010,1,1,0,1,223,0,7,1,2010,5,23,45,0,6,4,521,,5,36.96933333,-90.282305560,0,1,0,0,4,1,4,0,2,1,0,1,0,0000000,99,98,99,98,88,88,0,0,0,1,1
29,290011,1,1,0,7,203,0,9,1,2010,7,1,30,0,6,4,OLDUS60,,127,36.99052778,-91.519583330,0,42,0,0,1,1,4,0,2,1,0,1,0,0000000,99,99,99,99,99,99,0,0,0,1,1
29,290012,2,2,0,2,510,7080,10,1,2010,1,0,31,1,11,1,I-70,,31,38.68425278,-90.220052780,0,12,2,0,1,1,1,0,3,1,0,1,0,0000000,0,32,0,44,0,58,0,0,0,1,1
29,290013,2,2,0,4,71,0,10,1,2010,1,19,36,1,2,2,US-50,,148,38.42891667,-91.116527780,0,12,2,0,1,1,1,0,2,1,0,1,0,0000000,19,33,19,44,20,42,0,0,0,1,0
29,290014,2,2,0,2,125,0,12,1,2010,3,12,50,0,3,3,SR-28,413,342,38.26200000,-91.727611110,0,12,2,0,2,4,1,0,1,1,0,1,0,0000000,12,53,13,14,99,99,0,0,0,1,0
29,290015,2,2,0,2,145,0,12,1,2010,3,17,40,0,3,2,US-60,,171,36.86522222,-94.318972220,0,12,6,0,1,1,1,0,1,10,0,10,0,0000000,99,99,99,99,99,99,0,0,0,1,0
29,290017,1,1,1,1,175,5270,12,1,2010,3,10,51,1,12,2,US-63,,137,39.42004722,-92.412041670,0,49,0,0,1,1,1,0,1,10,0,10,0,0000000,99,98,99,98,88,88,0,0,0,1,0