STATE,ST_CASE,VE_TOTAL,VE_FORMS,PEDS,PERSONS,COUNTY,CITY,DAY,MONTH,YEAR,DAY_WEEK,HOUR,MINUTE,NHS,ROAD_FNC,ROUTE,TWAY_ID,TWAY_ID2,MILEPT,LATITUDE,LONGITUD,SP_JUR,HARM_EV,MAN_COLL,RELJCT1,RELJCT2,TYP_INT,REL_ROAD,WRK_ZONE,LGT_COND,WEATHER1,WEATHER2,WEATHER,SCH_BUS,RAIL,NOT_HOUR,NOT_MIN,ARR_HOUR,ARR_MIN,HOSP_HR,HOSP_MN,CF1,CF2,CF3,FATALS,DRUNK_DR
29,290018,1,1,0,1,510,7080,14,1,2010,5,0,55,1,11,1,I-70,,67,38.63932778,-90.186538890,0,24,0,1,18,1,4,0,3,1,0,1,0,0000000,0,56,1,5,1,40,0,0,0,1,1
29,290019,3,3,0,7,113,0,14,1,2010,5,23,7,0,3,3,SR-47,,83,38.99277778,-90.875833330,0,12,2,0,1,1,1,0,2,10,0,10,0,0000000,23,10,23,21,23,53,14,0,0,3,1
29,290020,1,1,0,1,65,0,15,1,2010,6,5,0,0,4,3,SR-H,SR-C,34,37.65250000,-91.761388890,0,38,0,0,3,3,5,0,2,10,0,10,0,0000000,5,14,5,37,88,88,0,0,0,1,0
29,290021,2,2,0,4,19,0,15,1,2010,6,10,10,0,3,3,SR-WW,OLIVETRD,40,38.92650000,-92.228672220,0,12,6,0,2,2,1,0,1,10,0,10,0,0000000,99,99,99,99,99,99,0,0,0,1,0
29,290022,1,1,0,1,35,0,15,1,2010,6,22,15,0,6,4,233,,37,36.89958333,-90.787833330,0,42,0,0,1,1,4,0,2,10,0,10,0,0000000,22,17,22,30,88,88,0,0,0,1,0
29,290023,2,2,0,2,19,0,16,1,2010,7,13,0,0,3,3,SR-WW,,63,38.91888889,-92.190000000,0,12,2,0,1,1,1,0,1,10,0,10,0,0000000,99,99,99,99,99,99,0,0,0,1,0
29,290024,2,2,0,2,51,0,18,1,2010,2,9,25,1,2,2,US-54,SR-E,72,38.44013889,-92.303861110,0,12,6,0,2,2,1,0,1,2,0,2,0,0000000,9,29,9,31,9,54,0,0,0,1,0
29,290025,2,2,0,2,151,0,18,1,2010,2,17,0,1,2,2,US-63,,136,38.33841667,-91.911444440,0,12,2,0,1,1,1,0,1,1,0,1,0,0000000,17,22,17,33,88,88,0,0,0,1,0
29,290026,2,2,0,3,143,0,18,1,2010,2,17,50,0,4,3,SR-J,US-62,0,36.55277778,-89.913333330,0,12,2,0,3,2,1,0,2,1,0,1,0,0000000,18,23,18,59,19,46,0,0,0,1,0
29,290027,2,2,0,4,147,5040,14,1,2010,5,12,39,1,12,2,US-71,,260,40.31166667,-94.873888890,0,12,2,0,1,1,1,0,1,1,0,1,0,0000000,12,38,12,55,13,10,0,0,0,1,1
29,290028,1,1,0,2,95,4120,19,1,2010,3,9,17,1,11,1,I-435,,75,39.04968611,-94.499263890,0,57,0,0,1,1,3,0,1,10,0,10,0,0000000,9,18,9,26,9,51,0,0,0,1,0
29,290029,2,2,0,7,145,0,19,1,2010,3,15,40,0,3,3,SR-37,,11,37.03675000,-94.112944440,0,12,6,0,1,1,2,0,1,1,0,1,0,0000000,15,39,15,56,16,30,0,0,0,3,0
29,290030,1,1,0,1,35,0,20,1,2010,4,2,0,0,3,3,SR-2,,123,36.92972222,-90.810694440,0,19,0,0,1,1,4,0,2,2,5,2,0,0000000,7,36,7,43,88,88,0,0,0,1,0
29,290031,2,2,0,2,97,0,22,1,2010,6,9,38,0,4,3,SR-43,SR-96,114,37.20055556,-94.508333330,0,12,6,0,2,2,1,0,1,10,0,10,0,0000000,99,98,99,98,88,88,0,0,0,1,0
29,290032,2,2,0,5,189,1050,24,1,2010,1,20,48,1,12,3,SR-370,I-270,0,38.77213889,-90.403222220,0,12,1,1,3,4,1,0,3,1,0,1,0,0000000,20,51,20,59,99,99,0,0,0,1,1
29,290033,1,1,0,1,121,0,26,1,2010,3,11,8,0,4,3,SR-149,,133,39.88500000,-92.732750000,0,58,0,0,1,1,2,0,1,1,0,1,0,0000000,99,98,99,98,88,88,0,0,0,1,0
29,290034,1,1,0,1,69,0,27,1,2010,4,4,30,0,4,3,SR-EE,,7,36.31383333,-90.008527780,0,35,0,0,1,1,4,0,2,1,0,1,0,0000000,99,98,99,98,88,88,0,0,0,1,1
29,290035,1,1,0,1,117,0,28,1,2010,5,2,35,1,2,2,US-36,,216,39.73594444,-93.747333330,0,1,0,0,1,1,3,0,2,1,0,1,0,0000000,99,98,99,98,88,88,0,0,0,1,0
29,290036,1,1,0,1,189,0,28,1,2010,5,6,5,0,16,4,BELLEFONTAINE,,10,38.81237500,-90.217044440,0,23,0,0,1,1,4,0,3,1,0,1,0,0000000,6,35,6,41,88,88,0,0,0,1,0
29,290037,1,1,0,1,119,0,28,1,2010,5,18,40,0,4,3,SR-B,,78,36.75313889,-94.488888890,0,58,0,0,1,1,4,0,2,10,0,10,0,0000000,99,98,99,98,88,88,0,0,0,1,1
29,290038,1,1,0,2,69,0,29,1,2010,6,11,35,0,3,3,SR-25,,85,36.49097222,-89.970472220,0,1,0,0,1,1,4,0,1,4,0,4,0,0000000,99,99,99,99,99,99,0,0,0,1,0
29,290039,1,1,0,4,183,0,30,1,2010,7,7,50,1,11,1,I-70,,161,38.80588889,-90.812888890,0,1,0,0,1,1,1,0,1,1,0,1,0,0000000,7,57,8,18,8,31,0,0,0,1,0
29,290040,1,1,0,2,145,0,30,1,2010,7,17,40,0,6,4,JAGUARRD,,15,36.82638889,-94.430333330,0,24,0,0,1,1,4,0,1,1,0,1,0,0000000,17,41,17,51,18,59,0,0,0,1,0
29,290041,2,2,0,3,219,8120,30,1,2010,7,18,10,1,11,7,I-70,,77,38.81897222,-91.126472220,0,12,6,0,1,1,1,0,2,10,0,10,0,0000000,18,11,18,20,99,99,0,0,0,1,0
29,290042,1,1,1,1,510,7080,30,1,2010,7,23,38,1,11,1,I-44,,15,38.61299444,-90.301377780,0,8,0,1,18,1,1,0,3,98,0,98,0,0000000,23,38,23,49,0,52,0,0,0,1,0
29,290043,1,1,1,1,169,8190,31,1,2010,1,22,35,0,14,3,SR-17,,159,37.83433333,-92.195027780,0,8,0,0,1,1,1,0,2,10,0,10,0,0000000,22,37,22,39,22,48,0,0,0,1,0
29,290044,1,1,0,1,3,0,1,2,2010,2,5,50,0,6,4,221,,26,39.98856389,-94.682922220,0,38,0,0,1,1,5,0,2,10,0,10,0,0000000,5,46,6,6,88,88,0,0,0,1,1
29,290045,1,1,0,2,159,0,1,2,2010,2,22,0,0,6,4,ELMBRANCHRD,,3,38.52694444,-93.509166670,0,23,0,0,1,1,4,0,2,10,0,10,0,0000000,7,27,7,32,99,99,0,0,0,1,1
29,290046,3,3,0,5,159,7210,2,2,2010,3,15,29,0,15,6,WINCHESTERDR,10THST,5,38.70432222,-93.273661110,0,12,6,0,2,2,1,0,1,1,0,1,0,0000000,15,32,15,36,15,47,0,0,0,1,0
29,290047,2,2,0,4,183,5880,2,2,2010,3,18,7,1,11,7,I-64NOR,SR-K,99999,38.71775000,-90.702241670,0,12,6,0,2,2,1,0,3,10,0,10,0,0000000,99,99,99,99,99,99,0,0,0,1,1
29,290048,1,1,0,1,77,0,3,2,2010,4,14,18,0,6,4,115,,33,37.09666667,-93.389527780,0,34,0,0,1,1,4,0,1,10,0,10,0,0000000,99,98,99,98,88,88,0,0,0,1,0
29,290049,2,2,0,2,189,7665,4,2,2010,5,1,38,1,12,3,SR-30,,63,38.52504167,-90.400352780,0,12,6,1,5,1,1,0,3,10,0,10,0,0000000,1,41,1,46,2,22,0,0,0,1,1
29,290050,1,1,0,1,510,7080,4,2,2010,5,2,5,0,14,6,FLORISSANTAVE,,27,38.69028333,-90.235194440,0,33,0,0,1,1,4,0,3,1,0,1,0,0000000,2,4,2,13,88,88,0,0,0,1,1
29,290052,2,2,0,2,75,0,5,2,2010,6,5,45,0,2,2,US-136,,129,40.24077778,-94.412750000,0,12,6,0,1,1,1,0,2,4,0,4,0,0000000,99,98,99,98,88,88,19,0,0,1,0
29,290053,1,1,0,1,119,0,5,2,2010,6,20,25,0,4,3,SR-43,,9,36.75222222,-94.605277780,0,34,0,0,1,1,4,0,2,10,0,10,0,0000000,20,27,20,55,21,22,0,0,0,1,0
29,290055,1,1,0,1,165,0,7,2,2010,1,3,50,1,11,1,I-29,,278,39.18750000,-94.601583330,0,25,0,1,19,1,3,0,3,10,0,10,0,0000000,99,98,99,98,88,88,0,0,0,1,1
29,290056,2,2,0,3,165,4120,8,2,2010,2,13,58,1,12,3,SR-152,,16,39.25405833,-94.629980560,0,12,6,0,1,1,1,0,1,3,4,4,0,0000000,13,59,14,4,14,38,0,0,0,1,0
29,290057,1,1,0,2,109,0,8,2,2010,2,20,0,1,1,1,I-44,,125,37.09527778,-93.800277780,0,57,0,0,1,1,3,0,3,4,0,4,0,0000000,21,16,21,21,22,12,0,0,0,1,0
29,290059,2,2,0,2,99,335,9,2,2010,3,0,26,1,11,1,I-55,,26,38.41723889,-90.388469440,0,12,6,1,19,1,3,0,3,3,4,4,0,0000000,0,24,0,35,1,6,0,0,0,1,0
29,290060,2,2,0,2,85,0,9,2,2010,3,7,45,0,4,3,SR-83,,199,37.85888889,-93.422666670,0,12,6,0,1,1,1,0,1,1,0,1,0,0000000,7,50,8,8,99,99,0,0,0,1,0
29,290061,2,2,0,2,91,0,9,2,2010,3,7,55,1,2,2,US-63,,360,36.66986111,-91.728555560,0,12,6,0,1,1,1,0,1,1,0,1,0,0000000,7,51,8,7,88,88,0,0,0,1,0
29,290062,1,1,0,2,63,0,9,2,2010,3,15,9,1,2,2,US-36,,159,39.76250000,-94.501250000,0,35,0,0,1,1,3,0,1,10,0,10,0,0000000,15,9,15,30,15,55,19,0,0,1,0
29,290063,2,2,0,2,73,0,10,2,2010,4,4,40,0,3,3,SR-100,,208,38.67091667,-91.375194440,0,12,2,0,1,1,1,0,2,1,0,1,0,0000000,4,54,5,5,6,9,0,0,0,1,0
29,290064,1,1,0,1,71,0,11,2,2010,5,0,30,0,6,4,SAINTANNSRD,,7,38.54425000,-91.124027780,0,7,0,0,1,1,1,0,2,10,0,10,0,0000000,1,2,1,15,88,88,0,0,0,1,1
29,290065,1,1,0,1,9,0,12,2,2010,6,22,4,0,6,4,2260,,6,36.55025000,-93.676527780,0,42,0,0,1,1,4,0,2,10,0,10,0,0000000,22,11,22,34,88,88,0,0,0,1,0
29,290066,1,1,0,1,29,0,14,2,2010,1,2,25,0,5,3,SR-Y,,21,38.07166667,-92.693888890,0,34,0,0,1,1,4,0,2,10,0,10,0,0000000,99,98,99,98,88,88,0,0,0,1,1
29,290067,1,1,1,4,183,0,14,2,2010,1,20,20,0,4,3,SR-DD,,92,38.65619444,-90.777527780,0,8,0,0,1,1,1,0,2,4,0,4,0,0000000,99,98,99,98,88,88,0,0,0,1,1
29,290068,2,2,0,3,101,0,15,2,2010,2,23,0,1,12,3,SR-23,,146,38.74861111,-93.576111110,0,53,0,0,1,1,4,0,2,10,0,10,0,0000000,23,16,23,46,23,54,0,0,0,1,1
29,290069,1,1,0,3,77,7460,15,2,2010,2,23,37,0,14,6,CAMPBELL,,31,37.18518333,-93.294883330,0,30,0,0,1,1,4,0,3,1,0,1,0,0000000,0,40,0,44,1,2,0,0,0,3,1
29,290070,1,1,0,4,99,0,16,2,2010,3,4,50,0,6,4,UPPERBLACKWELLRD,,11,38.03663333,-90.606094440,0,42,0,0,1,1,4,0,2,10,0,10,0,0000000,99,99,99,99,99,99,0,0,0,1,1
29,290071,1,1,0,1,95,4490,16,2,2010,3,9,23,1,11,1,I-470,,70,38.94805556,-94.363333330,0,1,0,1,5,1,8,0,1,10,0,10,0,0000000,9,23,9,29,9,41,0,0,0,1,0
29,290072,3,3,0,8,97,0,16,2,2010,3,18,46,0,14,3,SR-66,BLACKCAT,115,37.08500000,-94.566944440,0,12,6,1,2,2,1,0,3,10,0,10,0,0000000,18,47,18,48,19,25,20,0,0,1,0
29,290074,2,2,0,6,159,0,19,2,2010,6,18,20,1,2,2,US-65,HUGHESVILLERD,65,38.84161111,-93.217527780,0,12,6,0,2,2,1,0,2,10,2,2,0,0000000,99,99,99,99,99,99,0,0,0,1,0
29,290075,2,2,0,3,95,4120,18,2,2010,5,12,11,0,14,6,CHOUTEAUTFWY,,20,39.11997222,-94.508858330,0,12,6,0,1,1,1,0,1,1,0,1,0,0000000,12,15,12,23,13,39,0,0,0,1,0
29,290076,1,1,0,1,183,0,20,2,2010,7,2,45,0,15,3,SR-94,,386,38.83727778,-90.466138890,0,30,0,0,1,1,4,0,2,10,0,10,0,0000000,99,98,99,98,88,88,0,0,0,1,1
29,290077,1,1,0,1,77,7460,20,2,2010,7,5,18,1,12,2,US-65,,188,37.16736111,-93.224658330,0,58,0,0,1,1,3,1,3,10,0,10,0,0000000,99,98,99,98,88,88,0,0,0,1,1
29,290078,3,3,0,5,83,0,20,2,2010,7,20,0,0,4,3,SR-H,,14,38.25744444,-94.047444440,0,12,8,0,1,1,1,0,2,2,0,2,0,0000000,20,3,20,15,88,88,0,0,0,1,1
29,290079,1,1,0,1,187,0,20,2,2010,7,22,39,0,6,4,RAIDERRD,,29,37.90483333,-90.518555560,0,35,0,0,1,1,4,0,2,10,0,10,0,0000000,99,98,99,98,88,88,0,0,0,1,0
29,290080,3,3,0,7,143,0,21,2,2010,1,3,1,1,11,1,I-55,,99,36.73700000,-89.538000000,0,12,2,0,1,1,1,0,2,10,0,10,0,0000000,3,7,3,17,99,99,14,0,0,1,1
29,290081,1,1,0,3,77,7460,24,2,2010,4,0,4,0,16,6,HOVEY,JOHNSTON,0,37.22519444,-93.306766670,0,43,0,0,3,3,4,0,8,1,0,1,0,0000000,0,10,0,17,0,52,0,0,0,1,0
29,290082,4,4,0,7,77,7460,26,2,2010,6,14,8,1,12,3,SR-13,DIVISION,139,37.22636389,-93.311777780,0,12,6,0,2,2,1,0,1,1,0,1,0,0000000,14,13,14,21,14,55,0,0,0,1,0
29,290083,1,1,0,2,99,335,27,2,2010,7,1,39,0,14,6,TENBROOK,,8,38.43916667,-90.360547220,0,5,0,0,1,1,1,0,3,1,0,1,0,0000000,1,44,1,50,2,9,0,0,0,1,1
29,290084,2,2,0,4,27,0,27,2,2010,7,4,24,1,2,2,US-63,,38,38.62500000,-92.192777780,0,12,7,0,1,1,1,0,2,1,0,1,0,0000000,99,99,99,99,99,99,0,0,0,1,1
29,290085,2,2,0,2,223,0,27,2,2010,7,12,4,1,2,3,SR-34,,292,37.20486111,-90.418000000,0,12,6,0,1,1,1,0,1,1,0,1,0,0000000,12,1,12,13,13,18,0,0,0,1,0
29,290086,1,1,0,1,163,0,27,2,2010,7,12,30,0,3,3,SR-79,,257,39.39166667,-90.954388890,0,35,0,0,1,1,4,0,1,1,0,1,0,0000000,99,98,99,98,88,88,0,0,0,1,0
29,290087,1,1,0,1,183,0,28,2,2010,1,6,20,0,14,3,SR-A,,23,38.81858333,-90.811611110,0,1,0,0,1,1,4,0,1,1,0,1,0,0000000,99,98,99,98,88,88,0,0,0,1,1
29,290088,1,1,0,1,159,0,3,3,2010,4,7,45,0,4,3,SR-M,,68,38.62425000,-93.145472220,0,58,0,0,1,1,4,0,1,1,0,1,0,0000000,99,99,99,99,99,99,0,0,0,1,0
29,290089,1,1,0,4,55,0,3,3,2010,4,20,30,1,2,1,I-44,,113,38.10722222,-91.342166670,0,57,0,0,1,1,3,0,2,1,0,1,0,0000000,20,35,20,41,21,14,0,0,0,1,1
29,290090,2,2,0,2,101,0,4,3,2010,5,18,50,1,2,2,US-50,,0,38.86958333,-94.116250000,0,12,6,0,8,1,1,0,2,1,0,1,0,0000000,99,98,99,98,88,88,0,0,0,1,0
29,290091,1,1,1,1,510,7080,4,3,2010,5,22,12,0,16,6,GRANDBLVD,,12,38.64596667,-90.227258330,0,8,0,0,1,1,1,0,3,1,0,1,0,0000000,99,99,99,99,99,99,0,0,0,1,0
29,290092,2,2,0,4,149,0,5,3,2010,6,22,0,0,3,2,US-160,,182,36.71752778,-91.408638890,0,12,2,0,1,1,1,0,2,1,0,1,0,0000000,22,18,23,8,0,23,0,0,0,1,0
29,290093,2,2,0,2,71,0,6,3,2010,7,2,20,0,4,3,SR-AC,,8,38.29991667,-91.289694440,0,12,1,0,1,1,1,0,2,1,0,1,0,0000000,2,31,2,49,3,20,0,0,0,1,2
29,290094,1,1,0,2,133,0,6,3,2010,7,2,45,0,4,2,US-61,,170,36.92194444,-89.206555560,0,34,0,0,1,1,4,0,2,1,0,1,0,0000000,3,0,3,49,99,99,0,0,0,1,1
29,290095,1,1,0,1,59,0,6,3,2010,7,19,45,0,4,3,SR-64,,108,37.74277778,-92.993333330,0,32,0,0,1,1,4,0,2,1,0,1,0,0000000,99,98,99,98,88,88,0,0,0,1,0
29,290096,2,2,0,3,51,0,6,3,2010,7,22,15,1,2,2,US-54,HERITAGEHIGHWAY,79,38.50444444,-92.263888890,0,12,6,0,2,2,1,0,2,1,0,1,0,0000000,22,24,22,30,99,99,0,0,0,1,1
29,290097,2,2,0,2,119,0,6,3,2010,7,23,30,0,6,4,BEARHOLLOW,,38,36.52444444,-94.213611110,0,12,2,0,1,1,1,0,2,10,0,10,0,0000000,23,57,0,28,1,1,0,0,0,1,2
29,290098,1,1,0,5,19,0,7,3,2010,1,14,0,1,2,2,US-63,,318,39.07413889,-92.329888890,0,1,0,0,1,1,3,0,1,1,0,1,0,0000000,14,5,14,16,14,39,0,0,0,1,0
29,290099,2,2,0,2,53,0,8,3,2010,2,6,40,0,3,3,SR-87,,135,38.82927778,-92.611416670,0,12,2,0,1,1,1,0,1,1,0,1,0,0000000,6,38,6,58,7,47,0,0,0,1,0
29,290100,1,1,0,1,31,0,9,3,2010,3,19,45,0,4,3,SR-A,,66,37.26277778,-89.739944440,0,42,0,0,1,1,4,0,2,10,0,10,0,0000000,19,49,20,4,88,88,0,0,0,1,0
29,290101,1,1,0,2,75,0,9,3,2010,3,21,15,0,4,3,SR-O,,57,40.32850000,-94.517527780,0,42,0,0,1,1,4,0,2,2,5,2,0,0000000,99,99,99,99,99,99,0,0,0,1,1
29,290102,2,2,0,3,99,0,10,3,2010,4,11,10,0,3,4,HILLSBORO-HOUSESPRIN,TISHOMINGORD,39,38.31277778,-90.571694440,0,12,6,1,2,2,1,0,1,1,0,1,0,0000000,11,6,11,12,12,0,0,0,0,1,0
29,290103,3,3,0,3,189,3580,10,3,2010,4,17,30,1,11,1,I-270,,237,38.77444444,-90.396111110,0,12,1,0,1,1,1,0,1,10,0,10,0,0000000,17,33,17,43,18,2,14,0,0,1,0
29,290104,1,1,0,2,95,4120,10,3,2010,4,18,39,0,16,6,77THTERR,,5,38.98761944,-94.590450000,0,5,0,0,1,1,1,0,3,2,0,2,0,0000000,18,41,18,49,19,3,0,0,0,1,1
29,290105,1,1,0,1,131,0,10,3,2010,4,20,10,0,6,4,WOODRIVERRD,,28,38.16625000,-92.599777780,0,53,0,0,1,1,4,0,2,10,0,10,0,0000000,20,18,20,27,20,53,0,0,0,1,1
29,290106,7,7,0,8,47,4120,11,3,2010,5,16,12,1,12,2,US-169,,178,39.20298611,-94.589900000,0,12,7,0,1,1,1,0,1,10,0,10,0,0000000,16,14,16,22,16,55,14,0,0,1,1
29,290107,1,1,0,1,159,0,11,3,2010,5,19,6,1,2,2,US-50,,164,38.74778611,-93.341061110,0,59,0,0,1,1,4,0,2,10,0,10,0,0000000,88,88,88,88,88,88,0,0,0,1,0
29,290108,1,1,0,1,51,0,12,3,2010,6,16,4,1,12,2,US-54,,54,38.52388889,-92.227500000,0,1,0,0,1,1,1,0,1,10,0,10,0,0000000,16,4,16,9,16,27,0,0,0,1,0
29,290109,1,1,1,1,69,0,12,3,2010,6,19,21,0,3,3,SR-164,,96,36.04638889,-90.132500000,0,8,0,0,1,1,1,0,2,2,0,2,0,0000000,99,98,99,98,88,88,0,0,0,1,0
29,290110,2,2,0,3,223,0,12,3,2010,6,22,5,1,2,2,US-67,,27,37.29008333,-90.430361110,0,12,2,0,1,1,1,0,2,2,0,2,0,0000000,99,99,99,99,99,99,0,0,0,2,1
29,290111,1,1,0,3,510,7080,13,3,2010,7,1,47,0,14,6,BROADWAY,TAYLORAVE,30,38.68635278,-90.220313890,0,46,0,0,3,2,4,0,3,2,0,2,0,0000000,1,46,1,47,2,24,0,0,0,2,1
29,290112,2,2,0,2,219,8120,14,3,2010,1,12,13,0,14,3,SR-47,ASHRD,59,38.84822222,-91.136000000,0,12,6,0,2,3,1,0,1,2,0,2,0,0000000,12,12,12,17,12,59,0,0,0,1,0
29,290113,1,1,0,1,95,4120,7,3,2010,1,3,47,1,11,1,I-70,,83,39.05810000,-94.487816670,0,59,0,1,19,1,4,0,3,1,0,1,0,0000000,99,98,99,98,88,88,0,0,0,1,1
29,290114,2,2,0,4,189,1970,16,3,2010,3,5,42,1,12,3,SR-340,CRAIGRD,123,38.67120833,-90.435441670,0,33,0,0,2,2,4,0,3,1,0,1,0,0000000,6,38,6,41,6,55,0,0,0,1,1
29,290115,2,2,0,4,9,0,16,3,2010,3,20,55,1,2,3,SR-37,2070,73,36.82663889,-93.924500000,0,12,6,0,2,2,1,0,2,10,0,10,0,0000000,99,99,99,99,99,99,0,0,0,1,0
29,290116,1,1,0,1,27,0,17,3,2010,4,18,30,0,6,4,LOSTCANYONLAKERD,,0,38.80155556,-91.775666670,0,42,0,0,1,1,4,0,1,1,0,1,0,0000000,18,37,19,4,99,99,0,0,0,1,1
29,290117,2,2,0,3,510,7080,17,3,2010,4,22,1,0,14,6,FLORISSANTAVE,COLLEGEAVE,36,38.67287222,-90.217177780,0,12,6,0,2,2,1,0,3,1,0,1,0,0000000,22,0,22,8,22,19,20,0,0,1,0
29,290118,1,1,0,2,165,6821,18,3,2010,5,14,25,0,12,2,US-169,,28,39.15999167,-94.624833330,0,24,0,0,1,1,3,0,1,1,0,1,0,0000000,14,26,14,33,15,11,0,0,0,1,1
29,290119,1,1,1,1,77,7460,18,3,2010,5,20,26,1,12,1,I-44,,77,37.21415278,-93.308516670,0,8,0,0,1,1,1,0,3,1,0,1,0,0000000,20,29,20,40,20,52,0,0,0,1,0
29,290120,1,1,0,1,127,3470,19,3,2010,6,4,16,0,14,6,WARRENBARRETTDR,,5,39.68766111,-91.383147220,0,34,0,0,1,1,4,0,2,1,0,1,0,0000000,99,99,99,99,99,99,0,0,0,1,1
29,290121,2,2,0,2,69,4150,19,3,2010,6,7,12,0,12,3,SR-84,SR-O,30,36.23645833,-90.073663890,0,12,6,0,2,3,1,0,1,1,0,1,0,0000000,99,99,99,99,99,99,0,0,0,1,0
29,290122,3,3,0,4,77,0,19,3,2010,6,20,20,1,12,2,US-60,,4,37.10066667,-93.504583330,0,12,1,0,1,1,1,0,2,1,0,1,0,0000000,20,40,20,55,21,24,0,0,0,1,1
29,290123,1,1,0,1,171,0,20,3,2010,7,8,17,0,4,3,SR-B,,20,40.38944444,-93.030277780,0,35,0,0,1,1,4,0,1,4,0,4,0,0000000,8,18,8,36,9,6,0,0,0,1,0
29,290124,2,2,0,6,83,0,20,3,2010,7,15,15,1,2,3,SR-7,,164,38.38975000,-93.811694440,0,12,6,0,1,1,1,0,1,10,4,4,0,0000000,15,13,15,22,15,53,0,0,0,1,0
29,290125,1,1,0,1,69,0,20,3,2010,7,22,5,0,4,3,SR-C,,11,36.12222222,-90.177444440,0,59,0,0,1,1,4,0,2,10,0,10,0,0000000,99,98,99,98,88,88,0,0,0,1,1
29,290127,1,1,0,1,95,4120,23,3,2010,3,7,10,0,13,6,135THST,,9,38.88250278,-94.588683330,0,10,0,0,6,1,1,0,1,1,0,1,0,422985L,88,88,88,88,88,88,0,0,0,1,0
29,290128,3,2,0,4,189,0,23,3,2010,3,10,30,1,11,1,I-44,,146,38.51530556,-90.549972220,0,45,0,1,18,1,1,2,1,1,0,1,0,0000000,10,37,10,42,11,5,3,0,0,1,0
29,290129,2,2,0,2,183,0,23,3,2010,3,15,59,0,4,3,SR-D,BORGMANRD,24,38.67480556,-90.950750000,0,12,1,0,3,3,1,0,1,1,0,1,0,0000000,99,98,99,98,88,88,0,0,0,1,1
29,290130,2,2,0,3,107,0,24,3,2010,4,14,5,0,4,3,SR-O,SR-FF,53,39.07777778,-93.884388890,0,12,6,0,2,2,1,0,1,10,0,10,0,0000000,14,6,14,19,15,20,0,0,0,1,0
29,290131,4,4,0,6,223,0,26,3,2010,6,12,50,1,2,2,US-67,,93,37.19611111,-90.467916670,0,12,8,0,1,1,1,0,1,1,0,1,0,0000000,12,56,13,25,14,30,0,0,0,1,0
29,290132,5,5,0,7,95,4120,27,3,2010,7,14,45,0,14,6,GREGORYBLVD,US-71,29,38.99804444,-94.555013890,0,33,0,0,3,2,3,0,1,10,0,10,0,0000000,14,46,14,49,15,28,0,0,0,1,0
29,290133,1,1,0,7,99,0,28,3,2010,1,7,45,1,11,1,I-55,,217,38.36625000,-90.384638890,0,52,0,0,1,1,4,0,1,2,10,2,0,0000000,7,46,8,1,8,30,0,0,0,1,0
29,290134,1,1,0,1,105,0,29,3,2010,2,19,50,0,4,3,SR-N,,23,37.73891667,-92.486722220,0,32,0,0,1,1,4,0,2,1,0,1,0,0000000,99,98,99,98,88,88,0,0,0,1,1
29,290135,1,1,0,1,161,7050,30,3,2010,3,10,15,1,1,1,I-44,,258,37.99363889,-91.636083330,0,59,0,0,1,1,10,0,1,1,0,1,0,0000000,10,15,10,21,10,46,0,0,0,1,0
29,290136,3,3,0,4,27,4040,1,4,2010,5,5,14,0,14,3,SR-94,WEHMEYERRD,9,38.59762778,-92.156677780,0,12,2,0,2,3,1,0,3,1,0,1,0,0000000,5,17,5,22,99,99,0,0,0,1,0
29,290137,1,1,0,1,221,0,1,4,2010,5,8,40,0,4,3,SR-185,,213,38.00638889,-90.871388890,0,35,0,0,1,1,4,0,1,10,0,10,0,0000000,8,42,8,49,88,88,0,0,0,1,0
29,290138,2,2,0,2,510,7080,1,4,2010,5,16,55,0,15,6,MACKLINDAVE,MANCHESTERAVE,4,38.62416667,-90.275702780,0,12,1,0,3,2,1,0,1,1,0,1,0,0000000,16,56,17,1,17,11,0,0,0,1,0
29,290139,1,1,0,1,99,0,1,4,2010,5,17,50,1,12,3,SR-141,,63,38.49545278,-90.444344440,0,1,0,0,1,1,3,0,1,1,0,1,0,0000000,17,50,17,57,88,88,0,0,0,1,1
29,290140,2,2,0,6,15,0,3,4,2010,7,19,0,0,4,3,SR-B,,45,38.41016667,-93.166138890,0,1,0,0,1,1,1,0,1,1,0,1,0,0000000,99,98,99,98,88,88,0,0,0,1,0
29,290141,1,1,0,1,189,3580,4,4,2010,1,3,9,0,12,4,HOWDERSHELLRD,,0,38.78121389,-90.389488890,0,33,0,0,1,1,3,0,3,1,0,1,0,0000000,3,11,3,18,88,88,0,0,0,1,1
29,290142,1,1,0,1,215,0,4,4,2010,1,12,45,0,3,3,SR-17,,88,37.54958333,-92.133916670,0,1,0,0,1,1,4,0,1,1,0,1,0,0000000,99,98,99,98,88,88,0,0,0,1,0
29,290143,3,3,0,3,189,2700,5,4,2010,2,0,37,0,12,3,SR-AC,PERSHALLRD,60,38.76961111,-90.260277780,0,12,1,0,2,2,1,0,3,10,0,10,0,0000000,99,99,99,99,99,99,0,0,0,1,2
29,290144,2,2,0,3,185,0,5,4,2010,2,9,20,1,12,3,SR-13,SR-T,115,37.99005556,-93.651861110,0,12,6,0,2,2,1,0,1,10,0,10,0,0000000,9,24,9,33,99,99,0,0,0,1,0
29,290145,1,1,0,3,219,0,5,4,2010,2,16,45,0,4,3,SR-D,,34,38.64436111,-91.016277780,0,42,0,0,1,1,4,0,1,10,0,10,0,0000000,17,1,17,20,18,20,0,0,0,1,0