STATE,ST_CASE,VE_TOTAL,VE_FORMS,PEDS,PERSONS,COUNTY,CITY,DAY,MONTH,YEAR,DAY_WEEK,HOUR,MINUTE,NHS,ROAD_FNC,ROUTE,TWAY_ID,TWAY_ID2,MILEPT,LATITUDE,LONGITUD,SP_JUR,HARM_EV,MAN_COLL,RELJCT1,RELJCT2,TYP_INT,REL_ROAD,WRK_ZONE,LGT_COND,WEATHER1,WEATHER2,WEATHER,SCH_BUS,RAIL,NOT_HOUR,NOT_MIN,ARR_HOUR,ARR_MIN,HOSP_HR,HOSP_MN,CF1,CF2,CF3,FATALS,DRUNK_DR
29,290146,1,1,0,2,187,0,5,4,2010,2,21,45,0,6,4,TIMBERLINERD,BERRYRD,14,37.99091667,-90.529638890,0,58,0,0,3,3,4,0,2,1,0,1,0,0000000,21,58,22,21,22,55,0,0,0,1,1
29,290147,1,1,0,2,189,0,6,4,2010,3,12,15,1,11,1,I-44,,174,38.50291667,-90.598166670,0,42,0,0,1,1,4,0,1,1,0,1,0,0000000,12,9,12,31,13,0,0,0,0,1,0
29,290148,1,1,0,2,143,0,7,4,2010,4,0,15,0,15,3,SR-AA,,9,36.85671944,-89.536944440,0,1,0,0,1,1,4,0,2,1,0,1,0,0000000,0,25,0,33,99,99,0,0,0,1,1
29,290149,1,1,0,1,77,7460,7,4,2010,4,23,15,0,16,6,GRANDST,,20,37.19540278,-93.239713890,0,19,0,0,1,1,4,0,3,1,0,1,0,0000000,99,98,99,98,88,88,0,0,0,1,1
29,290150,3,3,0,3,99,9997,25,2,2010,5,16,35,1,12,3,SR-30,SR-W,93,38.41306389,-90.582233330,0,12,1,0,3,2,1,0,1,1,0,1,0,0000000,16,30,16,49,17,11,0,0,0,1,0
29,290151,8,8,0,13,189,0,12,3,2010,6,18,45,0,13,3,SR-AC,CHAMBERSRD,76,38.74858333,-90.253958330,0,1,0,0,3,2,1,0,3,2,0,2,0,0000000,99,99,99,99,99,99,14,0,0,1,0
29,290152,1,1,1,1,189,0,12,3,2010,6,21,40,0,13,3,SR-180,,69,38.70088611,-90.332072220,0,8,0,0,1,1,1,0,3,2,0,2,0,0000000,21,43,21,49,22,19,0,0,0,1,0
29,290153,1,1,0,4,510,7080,23,3,2010,3,20,52,0,16,6,PARKLN,,2,38.71611389,-90.246955560,0,30,0,0,1,1,4,0,3,1,0,1,0,0000000,99,99,99,99,99,99,0,0,0,1,0
29,290154,4,4,0,6,510,7080,24,3,2010,4,10,6,0,13,6,KINGSHIGHWAYBLVD,OLEATHAAVE,72,38.59578611,-90.270991670,0,12,6,0,2,2,1,0,1,10,0,10,0,0000000,10,3,99,99,99,99,20,0,0,1,0
29,290155,1,1,0,2,183,0,26,3,2010,6,18,30,0,4,3,SR-N,,54,38.77758333,-90.872166670,0,59,0,0,1,1,4,0,1,10,0,10,0,0000000,18,38,18,47,19,23,0,0,0,1,0
29,290156,1,1,0,3,95,3940,27,3,2010,7,1,54,0,14,6,KENTUCKYRD,,5,39.13034167,-94.415786110,0,43,0,0,1,1,4,0,3,10,0,10,0,0000000,1,56,2,2,2,49,0,0,0,1,1
29,290157,2,2,0,2,95,4120,4,4,2010,1,19,57,1,12,2,US-71,,76,38.94045833,-94.536233330,0,12,1,1,18,1,1,0,2,10,0,10,0,0000000,99,99,99,99,88,88,0,0,0,1,0
29,290158,2,2,0,2,199,5100,8,4,2010,5,5,0,0,3,2,US-136,,99,40.45525000,-92.179611110,0,12,8,0,1,1,1,0,2,1,0,1,0,0000000,5,3,5,12,99,99,0,0,0,1,0
29,290159,2,2,0,2,510,7080,9,4,2010,6,3,19,0,13,3,SR-30,,36,38.59226111,-90.244447220,0,12,2,0,1,1,1,0,3,10,0,10,0,0000000,3,19,3,25,99,99,0,0,0,1,1
29,290161,2,2,0,2,510,7080,9,4,2010,6,18,35,0,14,3,SR-100,DILLONCT,59,38.61971667,-90.206575000,0,12,6,0,2,3,1,0,1,1,0,1,0,0000000,18,36,18,46,88,88,0,0,0,1,1
29,290162,1,1,0,1,79,0,10,4,2010,7,9,0,0,2,3,SR-6,,2,40.02813889,-93.736055560,0,35,0,0,1,1,4,0,1,1,0,1,0,0000000,9,17,9,33,10,52,0,0,0,1,0
29,290163,1,1,0,1,7,0,10,4,2010,7,9,15,0,6,4,154,,31,39.33943333,-92.265091670,0,34,0,0,1,1,4,0,1,1,0,1,0,0000000,9,27,9,54,99,99,0,0,0,1,0
29,290164,1,1,0,1,9,0,10,4,2010,7,19,18,0,3,3,SR-HH,,1,36.78880556,-94.002583330,0,34,0,0,1,1,4,0,1,1,0,1,0,0000000,99,98,99,98,88,88,0,0,0,1,1
29,290165,1,1,0,1,43,5730,16,2,2010,3,10,37,0,16,6,MAIN,,31,37.05040000,-93.294455560,0,53,0,0,1,1,4,0,1,10,0,10,0,0000000,10,39,10,42,11,16,0,0,0,1,0
29,290166,2,2,0,2,510,7080,21,3,2010,1,5,59,1,11,1,I-55,,58,38.56413333,-90.243255560,0,12,1,0,1,1,1,0,3,10,0,10,0,0000000,6,7,6,15,6,40,0,0,0,1,0
29,290167,2,2,0,4,189,2690,29,3,2010,2,22,47,1,12,3,SR-141,GRAVOISBLUFFBLVD,143,38.50741389,-90.443627780,0,12,6,0,2,2,1,0,3,1,0,1,0,0000000,22,51,22,53,23,8,0,0,0,1,0
29,290168,1,1,0,5,95,4120,4,4,2010,1,3,23,0,16,6,BENTON,,8,39.00485278,-94.553019440,0,42,0,0,1,1,4,0,3,1,0,1,0,0000000,3,24,3,30,99,99,0,0,0,3,1
29,290169,4,1,0,2,189,7890,6,4,2010,3,0,2,0,2,6,OLIVEST,,152,38.66272778,-90.305111110,0,14,0,0,1,1,4,0,3,1,0,1,0,0000000,0,4,0,8,0,26,14,20,0,1,0
29,290170,3,3,0,5,186,0,11,4,2010,1,12,15,1,2,3,SR-32,,109,37.96111111,-90.213055560,0,12,6,0,8,1,1,0,1,1,0,1,0,0000000,12,12,12,15,12,26,0,0,0,1,0
29,290171,2,2,0,4,189,553,11,4,2010,1,17,15,1,11,1,I-270,,331,38.76883333,-90.215277780,0,12,1,0,1,1,1,0,1,1,0,1,0,0000000,99,98,99,98,88,88,0,0,0,1,0
29,290172,3,1,0,1,181,0,11,4,2010,1,17,18,0,5,3,SR-JJ,,10,36.65083333,-90.710277780,0,34,0,0,1,1,4,0,1,1,0,1,0,0000000,99,98,99,98,88,88,0,0,0,1,1
29,290173,1,1,0,1,143,0,11,4,2010,1,20,0,1,12,2,US-60,,67,36.85138889,-89.595277780,0,21,0,0,1,1,3,0,2,1,0,1,0,0000000,99,98,99,98,88,88,0,0,0,1,0
29,290174,2,2,0,3,51,4040,11,4,2010,1,23,39,0,14,6,ALGOARD,,28,38.54259444,-92.063641670,0,12,2,0,1,1,1,0,2,1,0,1,0,0000000,23,42,23,52,88,88,0,0,0,2,0
29,290175,1,1,0,2,11,0,12,4,2010,2,12,50,0,3,2,US-160,,245,37.49194444,-94.096111110,0,59,0,0,1,1,4,0,1,1,0,1,0,0000000,12,51,13,2,99,99,0,0,0,1,0
29,290176,2,2,0,4,1,4230,12,4,2010,2,13,30,1,12,2,US-63,SR-11,140,40.14651667,-92.572233330,0,12,6,0,2,3,1,0,1,1,0,1,0,0000000,13,27,13,36,99,99,0,0,0,2,0
29,290177,1,1,0,1,221,0,9,3,2010,3,6,50,0,5,4,PATDALYRD,,40,38.01536111,-90.760416670,0,42,0,0,1,1,4,0,1,10,0,10,0,0000000,7,1,7,8,88,88,0,0,0,1,0
29,290178,1,1,0,1,510,7080,27,2,2010,7,5,0,0,14,6,RIVERDESPERESBLVD,,23,38.57169167,-90.305955560,0,34,0,0,1,1,4,0,3,1,0,1,0,0000000,5,4,5,8,5,39,0,0,0,1,1
29,290179,4,1,0,1,189,7890,27,3,2010,7,23,44,0,15,6,PERSHINGAVE,,4,38.65339167,-90.327358330,0,42,0,0,1,1,4,0,3,10,0,10,0,0000000,23,44,23,49,0,15,0,0,0,1,1
29,290180,1,1,0,1,99,0,13,4,2010,3,11,7,1,12,3,SR-M,,72,38.36970000,-90.498036110,0,59,0,0,1,1,4,0,1,1,0,1,0,0000000,99,99,99,99,99,99,0,0,0,1,0
29,290181,1,1,0,1,143,0,13,4,2010,3,14,0,0,4,3,SR-162,,189,36.42444444,-89.671111110,0,32,0,0,1,1,4,0,1,1,0,1,0,0000000,14,33,14,40,99,99,0,0,0,1,0
29,290182,2,2,0,3,71,0,13,4,2010,3,16,20,1,11,1,I-44,,242,38.44700000,-90.897083330,0,12,1,0,1,1,1,0,1,1,0,1,0,0000000,99,99,99,99,99,99,0,0,0,1,0
29,290183,6,6,0,7,71,0,13,4,2010,3,21,8,0,2,3,SR-100,,321,38.47755556,-90.869944440,0,12,8,0,1,1,1,1,2,1,0,1,0,0000000,21,11,21,14,21,33,0,0,0,1,1
29,290184,3,3,0,3,159,0,14,4,2010,4,6,20,1,2,2,US-50,,228,38.69400000,-93.105944440,0,12,2,0,1,1,1,0,2,10,0,10,0,0000000,99,99,99,99,99,99,14,0,0,1,0
29,290185,1,1,0,2,93,0,14,4,2010,4,8,0,0,4,3,SR-M,,12,37.59350000,-90.672000000,0,1,0,0,1,1,1,0,1,1,0,1,0,0000000,8,18,8,53,9,46,0,0,0,1,0
29,290186,1,1,0,1,149,0,14,4,2010,4,16,15,0,3,2,US-160,,85,36.76958333,-91.535722220,0,35,0,0,1,1,4,0,1,1,0,1,0,0000000,99,98,99,98,88,88,0,0,0,1,0
29,290187,1,1,0,1,99,0,14,4,2010,4,16,30,1,2,2,US-67,,79,38.13608333,-90.471194440,0,57,0,0,1,1,3,0,1,1,0,1,0,0000000,99,98,99,98,88,88,0,0,0,1,0
29,290188,2,2,0,2,105,0,15,4,2010,5,13,58,1,2,3,SR-5,ORCHARDDR,97,37.75730556,-92.674000000,0,12,2,0,2,3,1,0,1,1,0,1,0,0000000,14,8,14,18,15,14,0,0,0,1,1
29,290189,1,1,0,1,107,0,16,4,2010,6,15,2,1,1,1,I-70,,85,38.99150000,-93.650027780,0,1,0,0,1,1,3,0,1,10,0,10,0,0000000,99,98,99,98,88,88,0,0,0,1,0
29,290190,1,1,0,1,19,0,16,4,2010,6,15,20,0,4,3,SR-E,,12,39.11611111,-92.439583330,0,35,0,0,1,1,4,0,1,10,0,10,0,0000000,99,98,99,98,88,88,0,0,0,1,1
29,290191,1,1,0,1,95,4120,18,4,2010,1,2,40,1,11,1,I-70,,66,39.10673611,-94.578102780,0,24,0,1,5,1,4,0,3,1,0,1,0,0000000,99,98,99,98,88,88,0,0,0,1,1
29,290192,1,1,0,1,213,0,18,4,2010,1,10,20,0,4,3,SR-H,,51,36.75361111,-93.134583330,0,59,0,0,1,1,4,0,1,1,0,1,0,0000000,10,19,10,28,88,88,0,0,0,1,0
29,290193,1,1,0,1,183,0,18,4,2010,1,22,37,1,11,1,I-70,,66,38.80588889,-90.846861110,0,1,0,0,1,1,1,0,3,1,0,1,0,0000000,22,36,22,42,23,11,0,0,0,1,0
29,290194,1,1,1,1,183,0,19,4,2010,2,3,45,1,11,1,I-70,,207,38.80572222,-90.854944440,0,8,0,0,1,1,1,0,2,10,0,10,0,0000000,99,98,99,98,88,88,19,0,0,1,0
29,290195,2,2,0,3,83,0,19,4,2010,2,9,5,0,3,3,SR-52,,319,38.45455556,-93.658944440,0,12,2,0,1,1,1,0,1,1,0,1,0,0000000,9,15,9,30,10,14,0,0,0,1,0
29,290196,1,1,0,1,43,6020,19,4,2010,2,14,8,0,14,3,SR-NN,,0,37.09111111,-93.191111110,0,34,0,0,1,1,4,0,1,10,0,10,0,0000000,99,98,99,98,88,88,0,0,0,1,0
29,290197,1,1,0,3,31,0,20,4,2010,3,16,20,0,4,3,SR-EE,,10,37.18430556,-89.727694440,0,35,0,0,1,1,4,0,1,1,0,1,0,0000000,16,22,16,28,88,88,0,0,0,1,0
29,290198,1,1,0,1,187,0,21,4,2010,4,99,99,0,4,3,SR-F,,16,37.76663889,-90.364722220,0,35,0,0,1,1,4,0,2,1,0,1,0,0000000,88,88,88,88,88,88,0,0,0,1,1
29,290199,2,2,0,2,3,0,22,4,2010,5,4,0,1,1,1,I-29,,92,39.91786111,-94.907444440,0,12,6,0,1,1,1,0,2,10,0,10,0,0000000,99,99,99,99,99,99,0,0,0,1,0
29,290200,1,1,0,1,219,0,22,4,2010,5,13,38,0,4,3,SR-A,,127,38.85150000,-91.222333330,0,30,0,0,1,1,4,0,1,10,0,10,0,0000000,13,35,13,44,88,88,0,0,0,1,1
29,290201,1,1,0,2,113,0,24,4,2010,7,1,27,0,6,4,MEIERRD,,74,38.94352778,-90.765555560,0,1,0,0,1,1,4,0,2,10,0,10,0,0000000,99,98,99,98,88,88,0,0,0,1,1
29,290202,1,1,1,2,105,0,24,4,2010,7,3,10,1,2,3,SR-5,,106,37.74516667,-92.673833330,0,8,0,0,1,1,1,0,2,10,0,10,0,0000000,3,8,3,19,3,48,0,0,0,1,0
29,290203,2,2,0,2,33,0,24,4,2010,7,9,25,1,2,2,US-65,,100,39.46902778,-93.476416670,0,12,2,0,1,1,1,0,1,2,0,2,0,0000000,9,30,9,39,10,12,0,0,0,1,0
29,290204,1,1,0,1,221,0,24,4,2010,7,16,30,0,4,3,SR-N,,19,38.08633333,-91.060305560,0,1,0,0,1,1,4,0,1,10,0,10,0,0000000,99,98,99,98,88,88,0,0,0,1,1
29,290205,1,1,0,1,91,0,25,4,2010,1,23,50,0,3,3,SR-14,,64,36.80208333,-91.993555560,0,42,0,0,1,1,4,0,2,10,0,10,0,0000000,99,99,99,99,99,99,0,0,0,1,1
29,290206,1,1,1,1,1,4230,27,4,2010,3,2,9,1,2,2,US-63,,83,40.24411944,-92.582541670,0,9,0,0,1,1,1,0,2,2,0,2,0,0000000,2,8,2,12,2,33,0,0,0,1,0
29,290207,2,2,0,2,95,4120,28,4,2010,4,2,46,1,12,2,US-71,,56,38.91956111,-94.527633330,0,12,1,0,1,1,1,0,3,1,0,1,0,0000000,2,51,2,56,3,15,19,0,0,1,0
29,290208,1,1,0,1,119,0,28,4,2010,4,15,50,0,4,3,SR-B,,103,36.74083333,-94.451666670,0,38,0,0,1,1,4,0,1,10,0,10,0,0000000,99,99,99,99,99,99,0,0,0,1,1
29,290209,1,1,0,1,213,0,28,4,2010,4,17,40,0,6,4,QUEBECDR,,2,36.61355556,-93.287000000,0,1,0,0,1,1,1,0,1,1,0,1,0,0000000,17,43,17,49,18,11,0,0,0,1,0
29,290210,1,1,1,1,101,0,28,4,2010,4,19,43,0,6,4,180,,4,38.73444444,-93.728611110,0,9,0,0,8,1,1,0,1,1,0,1,0,0000000,19,51,19,56,20,15,0,0,0,1,0
29,290211,1,1,0,1,175,0,29,4,2010,5,19,45,0,2,2,US-54,,180,39.45388889,-92.383333330,0,1,0,0,1,1,4,0,1,1,0,1,0,0000000,19,51,19,53,20,15,0,0,0,1,0
29,290212,1,1,0,1,99,0,29,4,2010,5,21,10,0,2,3,SR-21,,151,38.24194444,-90.575416670,0,1,0,0,1,1,3,0,2,1,0,1,0,0000000,99,99,99,99,88,88,0,0,0,1,1
29,290213,1,1,0,1,95,4120,30,4,2010,6,0,1,0,16,6,MAINST,,13,39.03082500,-94.587533330,0,42,0,0,1,1,4,0,3,10,0,10,0,0000000,0,1,0,7,88,88,0,0,0,1,1
29,290214,2,2,0,4,47,4120,2,5,2010,1,18,25,1,12,3,SR-9,,32,39.16182222,-94.591100000,0,12,2,0,1,1,1,0,1,1,0,1,0,0000000,18,29,18,37,19,1,0,0,0,1,0
29,290215,3,3,0,3,189,1050,3,5,2010,2,8,30,1,11,1,I-70,,29,38.74666667,-90.434722220,0,54,11,0,1,1,1,0,1,10,0,10,0,0000000,8,45,8,52,9,26,14,0,0,1,0
29,290216,2,2,0,2,203,0,3,5,2010,2,15,15,0,3,3,SR-106,,8,37.17758333,-91.639194440,0,12,1,0,1,1,1,0,1,1,0,1,0,0000000,15,21,15,26,99,99,0,0,0,1,0
29,290217,1,1,0,2,165,0,5,5,2010,4,1,57,0,4,3,SR-273,,159,39.38546111,-94.827588890,0,35,0,0,1,1,4,0,2,1,0,1,0,0000000,99,99,99,99,99,99,0,0,0,1,1
29,290218,1,1,0,1,113,0,5,5,2010,4,14,55,0,4,3,SR-U,,136,38.91430556,-90.953138890,0,1,0,0,1,1,4,0,1,1,0,1,0,0000000,99,98,99,98,88,88,0,0,0,1,0
29,290219,2,2,0,2,95,4120,6,5,2010,5,11,0,0,14,6,WORNALLRD,,44,38.97545278,-94.595025000,0,12,6,0,8,1,1,0,1,1,0,1,0,0000000,11,2,11,5,11,48,0,0,0,1,0
29,290220,2,2,0,3,205,0,6,5,2010,5,15,0,1,2,2,US-36,,28,39.74290000,-92.247347220,0,12,6,0,7,1,1,0,1,10,0,10,0,0000000,15,3,15,20,16,4,0,0,0,1,0
29,290221,1,1,0,2,135,0,6,5,2010,5,22,57,0,5,3,SR-K,,41,38.57136111,-92.482916670,0,34,0,0,1,1,4,0,2,1,0,1,0,0000000,22,58,23,12,23,31,0,0,0,1,0
29,290222,1,1,0,1,77,0,6,5,2010,5,23,45,0,6,4,50,,9,37.34655556,-93.125166670,0,38,0,0,1,1,4,0,2,1,0,1,0,0000000,99,98,99,98,88,88,0,0,0,1,1
29,290223,1,1,0,1,207,0,7,5,2010,6,18,0,0,4,3,SR-Y,,24,36.96250000,-89.866388890,0,43,0,0,6,1,1,0,1,2,10,2,0,789077U,99,98,99,98,88,88,0,0,0,1,0
29,290224,1,1,0,1,97,0,8,5,2010,7,5,27,1,2,3,SR-171,,109,37.18947222,-94.551472220,0,35,0,0,1,1,4,0,3,1,0,1,0,0000000,99,98,99,98,88,88,0,0,0,1,0
29,290225,1,1,0,1,209,0,8,5,2010,7,15,50,0,6,4,ANCECREEKRD,,51,36.70486111,-93.412222220,0,42,0,0,1,1,4,0,1,1,0,1,0,0000000,15,31,15,40,88,88,0,0,0,1,1
29,290227,2,2,0,3,113,0,9,5,2010,1,15,55,0,6,4,SANDRUNRD,,24,38.93000000,-90.965000000,0,12,6,0,1,1,1,0,1,1,0,1,0,0000000,15,52,15,57,16,18,0,0,0,2,0
29,290228,1,1,0,1,93,0,11,5,2010,3,4,30,0,3,3,SR-221,,16,37.63022222,-90.615444440,0,1,0,0,1,1,4,0,2,10,0,10,0,0000000,99,98,99,98,88,88,0,0,0,1,0
29,290229,1,1,0,1,201,0,11,5,2010,3,8,38,1,1,1,I-55,,213,37.17888889,-89.537500000,0,35,0,0,1,1,3,0,1,1,0,1,0,0000000,99,98,99,98,88,88,0,0,0,1,0
29,290230,2,2,0,2,155,0,13,5,2010,5,11,30,1,1,1,I-55,,202,36.24777778,-89.729166670,0,12,6,0,7,1,1,0,1,10,0,10,0,0000000,99,98,99,98,88,88,0,0,0,1,0
29,290231,1,1,1,4,510,7080,13,5,2010,5,20,56,1,11,6,KINGSHIGHWAYBLVD,CONNECTICUT,67,38.60238333,-90.269722220,0,8,0,0,3,2,1,0,3,1,0,1,0,0000000,99,98,99,98,88,88,0,0,0,1,0
29,290232,1,1,0,4,165,4120,13,5,2010,5,23,27,0,15,6,TIFFANYSPRINGSRD,,6,39.27336111,-94.669950000,0,33,0,0,1,1,3,0,3,1,0,1,0,0000000,23,29,23,34,0,30,0,0,0,1,1
29,290233,2,2,0,3,169,0,14,5,2010,6,7,5,0,4,3,SR-133,,209,37.88241667,-92.374472220,0,12,2,0,1,1,1,0,1,10,2,2,0,0000000,7,50,8,4,8,38,0,0,0,1,0
29,290234,2,2,0,2,131,0,14,5,2010,6,7,50,0,3,3,SR-17,,261,38.04897222,-92.292305560,0,12,2,0,1,1,1,0,1,2,0,2,0,0000000,7,56,8,11,9,32,0,0,0,1,0
29,290235,2,2,0,7,71,0,14,5,2010,6,15,5,1,11,1,I-44,,275,38.47491667,-90.849944440,0,12,1,1,18,1,1,1,1,10,0,10,0,0000000,15,10,15,12,99,99,0,0,0,1,0
29,290236,1,1,0,1,55,0,14,5,2010,6,16,35,0,4,3,SR-JJ,,19,38.12805556,-91.244722220,0,35,0,0,1,1,4,0,1,1,0,1,0,0000000,99,98,99,98,88,88,0,0,0,1,0
29,290237,2,1,0,1,95,4120,15,5,2010,7,5,6,0,16,6,44THST,PENNSYLVANIAAVE,7,39.04783889,-94.593361110,0,14,0,0,3,2,7,0,3,1,0,1,0,0000000,5,22,5,29,5,45,0,0,0,1,0
29,290238,2,2,0,5,29,0,15,5,2010,7,16,40,1,2,3,SR-5,,99,38.09138889,-92.812500000,0,12,2,0,1,1,1,0,1,10,0,10,0,0000000,16,42,16,48,17,35,0,0,0,1,0
29,290239,2,2,0,2,47,4120,15,5,2010,7,19,59,1,12,3,SR-291,,9,39.29924167,-94.489255560,0,12,2,0,1,1,1,0,2,2,0,2,0,0000000,99,99,99,99,99,99,0,0,0,2,1
29,290240,1,1,0,2,99,0,15,5,2010,7,21,10,0,15,4,HILLSBOROVALLEYPARK,,15,38.47613889,-90.528222220,0,42,0,0,1,1,4,0,2,2,0,2,0,0000000,21,16,21,19,21,51,0,0,0,1,1
29,290241,1,1,0,2,95,3240,17,5,2010,2,13,35,1,11,1,I-70,,249,39.02025000,-94.189194440,0,34,0,0,1,1,4,0,1,1,0,1,0,0000000,13,40,13,45,14,7,0,0,0,1,0
29,290242,2,2,0,4,207,0,18,5,2010,3,15,4,0,12,3,SR-25,,264,36.77361111,-89.963944440,0,12,2,0,1,1,1,0,1,1,0,1,0,0000000,15,10,15,36,16,17,0,0,0,1,1
29,290243,2,2,0,3,510,7080,19,5,2010,4,3,49,0,12,6,PAGEBLVD,HAMILTONBLVD,3,38.66846111,-90.286091670,0,12,6,0,2,2,1,0,3,10,0,10,0,0000000,99,99,99,99,99,99,0,0,0,1,0
29,290244,1,1,0,2,510,7080,19,5,2010,4,13,25,0,14,6,RIVERDESPERES,,15,38.58236389,-90.311283330,0,3,0,0,1,1,5,0,1,10,0,10,0,0000000,99,99,99,99,99,99,0,0,0,2,0
29,290245,1,1,0,1,189,0,19,5,2010,4,18,50,1,11,1,I-255,,5,38.50275000,-90.333305560,0,31,0,0,1,1,4,0,1,10,0,10,0,0000000,99,98,99,98,88,88,0,0,0,1,1
29,290246,1,1,0,2,183,7100,20,5,2010,5,18,38,0,12,6,MIDRIVERSMALL,MIDRIVERSMALLEXIT,6,38.79743333,-90.620586110,0,59,0,0,2,2,3,0,1,10,0,10,0,0000000,99,99,99,99,99,99,0,0,0,1,0
29,290247,1,1,0,1,207,0,20,5,2010,5,21,25,0,3,3,SR-25,,269,36.76527778,-89.964166670,0,34,0,0,1,1,4,0,2,1,0,1,0,0000000,99,98,99,98,88,88,0,0,0,1,0
29,290248,1,1,1,1,95,4120,21,5,2010,6,8,7,0,15,6,CHESTNUTTFWY,,12,39.11015000,-94.548255560,0,8,0,0,1,1,1,0,1,10,0,10,0,0000000,99,98,99,98,88,88,0,0,0,1,0
29,290249,1,1,0,2,113,0,21,5,2010,6,11,45,0,6,4,LINNSMILLRD,,62,38.93586111,-91.055527780,0,3,0,0,1,1,4,0,1,10,0,10,0,0000000,11,45,11,54,12,9,0,0,0,1,0
29,290250,2,2,0,2,213,0,21,5,2010,6,15,25,0,4,2,US-160,,49,36.75416667,-93.237527780,0,12,2,0,1,1,1,0,1,1,0,1,0,0000000,15,28,15,44,88,88,0,0,0,1,0
29,290251,1,1,0,1,97,0,22,5,2010,7,11,0,0,6,4,130,,86,37.23138889,-94.289444440,0,21,0,0,1,1,4,0,1,1,0,1,0,0000000,99,98,99,98,88,88,0,0,0,1,0
29,290252,1,1,0,4,221,0,22,5,2010,7,21,0,0,6,4,FLOYDTOWERRD,,227,37.99002778,-90.946138890,0,42,0,0,1,1,4,0,2,10,0,10,0,0000000,21,32,21,48,99,99,0,0,0,1,0
29,290253,1,1,0,3,9,0,23,5,2010,1,4,20,0,3,3,SR-76,,119,36.67166667,-93.916222220,0,53,0,0,1,1,4,0,2,1,0,1,0,0000000,4,58,5,7,88,88,0,0,0,1,1
29,290254,2,2,0,2,215,0,23,5,2010,1,18,35,0,3,3,SR-17,,61,37.55925000,-92.172527780,0,12,1,0,1,1,1,0,1,1,0,1,0,0000000,99,99,99,99,99,99,0,0,0,1,0
29,290255,1,1,0,1,27,0,24,5,2010,2,20,17,0,4,3,SR-UU,,26,38.84419444,-91.880333330,0,24,0,0,1,1,4,0,1,1,0,1,0,0000000,20,25,20,49,21,20,0,0,0,1,0
29,290256,1,1,0,1,215,0,26,5,2010,4,7,5,0,6,4,CAMERON,,27,37.48111111,-91.826944440,0,5,0,0,1,1,1,0,1,1,0,1,0,0000000,99,98,99,98,88,88,0,0,0,1,1
29,290257,1,1,0,4,65,0,26,5,2010,4,8,40,0,5,3,SR-19,,14,37.77222222,-91.387500000,0,42,0,0,1,1,4,0,1,1,0,1,0,0000000,8,57,9,14,99,99,0,0,0,1,0
29,290258,2,2,0,3,47,4120,26,5,2010,4,13,1,1,12,3,SR-291,,14,39.29882222,-94.488577780,0,12,2,0,1,1,1,0,1,10,0,10,0,0000000,13,2,13,11,13,34,0,0,0,1,0
29,290259,1,1,0,3,165,6080,26,5,2010,4,17,16,1,11,1,I-435,,47,39.25333333,-94.755277780,0,1,0,0,1,1,4,0,1,10,2,2,0,0000000,17,24,17,32,99,99,0,0,0,1,0
29,290260,1,1,0,6,153,0,27,5,2010,5,19,40,0,4,3,SR-181,SR-CC,19,36.77030556,-92.221861110,0,34,0,0,3,3,4,0,1,1,0,1,0,0000000,99,99,99,99,99,99,0,0,0,1,0
29,290261,2,2,0,8,163,0,28,5,2010,6,12,55,1,2,2,US-54,,102,39.34436111,-91.259111110,0,12,2,0,1,1,1,0,1,1,0,1,0,0000000,12,58,13,2,14,17,0,0,0,1,0
29,290262,1,1,0,1,95,4120,28,5,2010,6,13,20,0,6,6,SBENTON,,9,39.00442222,-94.553055560,0,35,0,0,1,1,4,0,1,1,0,1,0,0000000,99,98,99,98,88,88,0,0,0,1,0
29,290263,1,1,0,1,189,0,8,5,2010,7,20,50,0,12,3,SR-267,,274,38.49741944,-90.341683330,0,5,0,0,1,1,1,0,3,1,0,1,0,0000000,20,53,20,57,21,17,0,0,0,1,1
29,290264,1,1,0,4,510,7080,28,5,2010,6,17,37,1,11,1,I-44,,38,38.61849722,-90.259830560,0,1,0,0,1,1,1,0,1,1,0,1,0,0000000,17,38,17,47,18,2,0,0,0,1,0
29,290265,1,1,0,1,161,0,28,5,2010,6,22,30,0,6,4,FORESTRD1718A,,1,37.76986111,-92.023638890,0,42,0,0,1,1,4,0,2,1,0,1,0,0000000,99,98,99,98,88,88,0,0,0,1,1
29,290266,1,1,0,2,139,0,29,5,2010,7,2,0,0,5,3,SR-19,,318,38.73166667,-91.447500000,0,59,0,0,1,1,4,0,2,1,0,1,0,0000000,5,56,6,5,99,99,0,0,0,1,1
29,290267,2,2,0,2,213,0,29,5,2010,7,13,10,0,3,3,SR-76,,176,36.65633333,-93.101750000,0,53,0,0,1,1,4,0,1,1,0,1,0,0000000,13,14,13,23,13,56,0,0,0,1,0
29,290269,1,1,0,1,181,0,30,5,2010,1,19,25,0,3,3,SR-142,,289,36.59533333,-90.689472220,0,32,0,0,1,1,4,0,1,1,0,1,0,0000000,19,31,19,43,20,15,0,0,0,1,1
29,290270,1,1,0,1,177,0,31,5,2010,2,6,40,0,3,3,SR-13,,26,39.48805556,-94.031666670,0,1,0,0,1,1,1,0,1,1,0,1,0,0000000,99,98,99,98,88,88,0,0,0,1,0
29,290271,2,2,0,4,43,6020,31,5,2010,2,20,59,0,14,6,SOUTHST,17THST,241,37.02446667,-93.225538890,0,12,6,0,2,2,1,0,3,1,0,1,0,0000000,21,0,21,14,21,53,0,0,0,1,1