STATE,ST_CASE,VE_TOTAL,VE_FORMS,PEDS,PERSONS,COUNTY,CITY,DAY,MONTH,YEAR,DAY_WEEK,HOUR,MINUTE,NHS,ROAD_FNC,ROUTE,TWAY_ID,TWAY_ID2,MILEPT,LATITUDE,LONGITUD,SP_JUR,HARM_EV,MAN_COLL,RELJCT1,RELJCT2,TYP_INT,REL_ROAD,WRK_ZONE,LGT_COND,WEATHER1,WEATHER2,WEATHER,SCH_BUS,RAIL,NOT_HOUR,NOT_MIN,ARR_HOUR,ARR_MIN,HOSP_HR,HOSP_MN,CF1,CF2,CF3,FATALS,DRUNK_DR
29,290272,2,2,0,2,167,880,1,6,2010,3,12,48,0,3,6,ALDRICH,JONES,5,37.59767500,-93.425588890,0,12,6,0,2,3,1,0,1,1,0,1,0,0000000,99,98,99,98,88,88,0,0,0,1,1
29,290273,2,2,0,3,97,0,1,6,2010,3,18,44,0,6,4,110,GOLDENROD,30,37.14752778,-94.256277780,0,12,6,0,2,2,1,0,1,1,0,1,0,0000000,99,99,99,99,99,99,0,0,0,1,0
29,290274,1,1,0,1,123,0,1,6,2010,3,19,45,0,3,3,SR-72,,69,37.58000000,-90.414166670,0,42,0,0,1,1,4,0,1,1,0,1,0,0000000,19,49,19,59,20,32,0,0,0,1,0
29,290275,2,2,0,2,145,2240,2,6,2010,4,8,17,0,3,3,SR-59,,51,36.98031944,-94.315380560,0,12,6,0,1,1,1,0,1,1,0,1,0,0000000,99,98,99,98,88,88,0,0,0,1,0
29,290276,2,2,0,2,11,0,2,6,2010,4,10,0,1,2,2,US-71,,147,37.56741667,-94.294222220,0,12,2,0,1,1,1,0,1,2,10,2,0,0000000,99,99,99,99,99,99,0,0,0,1,0
29,290277,8,8,0,11,99,3620,2,6,2010,4,12,25,1,11,1,I-55,,137,38.25508333,-90.402472220,0,12,1,1,18,1,1,0,1,1,0,1,0,0000000,12,24,12,51,13,16,0,0,0,2,0
29,290278,2,2,0,3,175,0,3,6,2010,5,12,3,1,2,2,US-63,SR-K,20,39.51163889,-92.434472220,0,12,6,0,2,2,1,0,1,1,0,1,0,0000000,12,13,12,58,13,21,0,0,0,1,0
29,290279,2,2,0,2,510,7080,3,6,2010,5,21,38,0,12,6,KINGSHIGHWAY,RIDGE,26,38.66153056,-90.261819440,0,12,6,0,2,3,1,0,3,1,0,1,0,0000000,21,36,21,38,21,50,0,0,0,1,0
29,290280,2,2,0,2,225,0,4,6,2010,6,10,55,1,2,2,US-60,SKYLINERD,61,37.15644444,-92.772500000,0,12,6,0,2,2,1,0,1,1,0,1,0,0000000,10,56,10,59,11,48,0,0,0,1,0
29,290281,1,1,0,1,165,0,5,6,2010,7,21,43,1,1,1,I-29,,179,39.38336111,-94.788222220,0,59,0,1,18,1,8,0,2,1,0,1,0,0000000,21,42,21,47,88,88,0,0,0,1,1
29,290282,3,3,0,4,151,2900,6,6,2010,1,15,0,1,2,2,US-63,,158,38.31183333,-91.919500000,0,12,1,0,1,1,1,0,1,1,0,1,0,0000000,99,98,99,98,88,88,0,0,0,1,0
29,290283,1,1,1,1,7,5170,6,6,2010,1,20,5,0,15,6,HENDRICKSDR,,4,39.18066667,-91.890150000,0,8,0,0,4,1,1,0,1,1,0,1,0,0000000,20,27,21,6,21,44,0,0,0,1,0
29,290284,1,1,0,1,99,0,6,6,2010,1,22,0,0,4,3,SR-B,,104,38.22597222,-90.587500000,0,35,0,0,1,1,4,0,2,1,0,1,0,0000000,99,98,99,98,88,88,0,0,0,1,0
29,290285,1,1,0,1,189,1050,6,6,2010,1,2,49,0,16,4,MISSOURIBOTTOMRD,,22,38.78625000,-90.422163890,0,35,0,0,1,1,4,0,2,10,0,10,0,0000000,3,40,3,46,88,88,0,0,0,1,1
29,290286,2,2,0,2,183,7100,7,6,2010,2,10,34,1,12,3,SR-94,,262,38.74029167,-90.615102780,0,12,1,0,1,1,1,0,1,10,0,10,0,0000000,99,99,99,99,99,99,0,0,0,1,0
29,290287,2,2,0,6,127,0,7,6,2010,2,22,30,1,12,2,US-61,407,68,39.74419444,-91.452527780,0,12,6,0,2,2,1,0,2,1,0,1,0,0000000,22,28,22,36,23,10,0,0,0,2,0
29,290288,2,2,0,2,77,0,8,6,2010,3,10,45,1,2,2,US-60,193,76,37.12069444,-93.199944440,0,12,6,0,2,2,1,0,1,10,0,10,0,0000000,10,50,11,5,11,13,0,0,0,1,0
29,290289,2,2,0,2,213,4225,8,6,2010,3,17,15,0,3,3,SR-76,,134,36.62602778,-93.139222220,0,12,6,0,1,1,1,0,1,1,0,1,0,0000000,99,99,99,99,99,99,0,0,0,1,0
29,290290,1,1,0,1,139,0,9,6,2010,4,0,30,0,6,4,UNIONCHAPELRD,,32,39.04972222,-91.372500000,0,42,0,0,1,1,4,0,2,10,2,2,0,0000000,88,88,88,88,88,88,0,0,0,1,0
29,290291,1,1,0,1,67,0,9,6,2010,4,20,10,0,4,3,SR-95,,38,37.04488889,-92.292111110,0,34,0,0,1,1,4,0,1,10,0,10,0,0000000,20,17,20,33,99,99,0,0,0,1,0
29,290292,1,1,0,1,103,0,10,6,2010,5,16,15,0,4,3,SR-A,,7,40.13633333,-92.289027780,0,58,0,0,1,1,4,0,1,10,0,10,0,0000000,16,21,16,37,88,88,0,0,0,1,0
29,290293,1,1,0,2,183,0,11,6,2010,6,19,55,0,16,4,KOCHRD,,8,38.84388889,-90.714416670,0,30,0,0,1,1,4,0,1,1,0,1,0,0000000,99,99,99,99,99,99,0,0,0,1,1
29,290294,1,1,1,1,95,4120,11,6,2010,6,14,48,0,16,6,VANBRUNTDR,HARDESTYAVE,5,39.09169444,-94.519502780,0,15,0,0,3,2,1,0,1,1,0,1,0,0000000,14,49,14,56,15,14,0,0,0,1,0
29,290295,2,2,0,2,127,0,11,6,2010,6,16,5,1,2,2,US-36,SR-K,10,39.66194444,-91.828083330,0,12,6,0,2,2,1,1,1,10,0,10,0,0000000,16,1,16,11,88,88,0,0,0,1,0
29,290296,1,1,0,1,55,0,12,6,2010,7,17,0,0,6,4,SAPPINGTONBRIDGERD,,14,38.16194444,-91.116111110,0,42,0,0,1,1,4,0,1,1,0,1,0,0000000,88,88,88,88,88,88,0,0,0,1,1
29,290297,1,1,1,2,19,0,13,6,2010,1,0,42,1,1,1,I-70,,69,38.97130556,-92.420388890,0,8,0,0,1,1,1,0,2,1,0,1,0,0000000,99,99,99,99,88,88,0,0,0,1,0
29,290298,2,2,0,2,7,5170,13,6,2010,1,21,30,0,15,6,JEFFERSONST,,16,39.17853333,-91.882411110,0,12,1,0,1,1,1,0,3,1,0,1,0,0000000,21,32,21,35,22,13,0,0,0,1,0
29,290299,1,1,0,1,113,0,14,6,2010,2,18,5,0,4,3,SR-C,,104,38.93291667,-90.756555560,0,35,0,0,1,1,4,0,1,1,0,1,0,0000000,88,88,88,88,88,88,0,0,0,1,0
29,290300,1,1,0,2,77,0,14,6,2010,2,18,25,0,6,4,197,,23,37.27936111,-93.186527780,0,5,0,0,1,1,1,0,1,1,0,1,0,0000000,88,88,88,88,88,88,0,0,0,1,0
29,290301,2,2,0,2,15,0,16,6,2010,4,19,17,1,2,3,SR-7,,225,38.16527778,-93.254444440,0,12,6,0,1,1,1,0,1,10,0,10,0,0000000,19,21,19,31,20,55,0,0,0,1,1
29,290302,2,2,0,2,219,0,16,6,2010,4,23,20,0,4,3,SR-D,,31,38.64280556,-91.019472220,0,12,2,0,1,1,1,0,2,10,0,10,0,0000000,23,31,23,38,0,19,0,0,0,1,1
29,290303,1,1,0,1,189,1050,17,5,2010,2,3,3,0,16,4,BURGESS,,3,38.73253333,-90.414708330,0,53,0,0,1,1,4,0,3,2,0,2,0,0000000,3,5,3,11,3,32,0,0,0,1,1
29,290304,2,2,0,3,109,0,17,6,2010,5,7,35,0,3,3,SR-37,1070,86,36.94361111,-93.935833330,0,12,6,0,2,2,1,0,1,1,0,1,0,0000000,7,53,8,18,8,49,0,0,0,1,0
29,290305,2,2,0,2,179,0,18,6,2010,6,6,30,0,3,3,SR-21,,187,37.36194444,-90.967805560,0,54,11,0,1,1,1,0,1,1,0,1,0,0000000,88,88,88,88,88,88,14,0,0,1,0
29,290306,1,1,0,1,131,0,19,6,2010,7,19,15,0,3,3,SR-17,,97,38.25750000,-92.436388890,0,30,0,0,1,1,4,0,1,1,0,1,0,0000000,88,88,88,88,88,88,0,0,0,1,1
29,290307,1,1,1,1,71,0,27,6,2010,1,0,2,0,3,3,SR-47,,282,38.23177778,-90.866222220,0,8,0,0,1,1,1,0,2,1,0,1,0,0000000,88,88,88,88,88,88,0,0,0,1,0
29,290308,1,1,0,1,99,0,20,6,2010,1,0,50,1,11,1,I-55,,197,38.33933333,-90.397972220,0,52,0,0,1,1,4,1,2,10,0,10,0,0000000,0,52,1,4,88,88,0,0,0,1,1
29,290309,2,2,0,3,185,0,20,6,2010,1,17,25,1,2,2,US-54,SR-MM,137,37.89000000,-93.574722220,0,12,6,0,2,3,1,0,1,1,0,1,0,0000000,17,47,18,24,18,58,0,0,0,1,0
29,290310,2,2,0,2,83,0,25,6,2010,6,12,55,1,2,3,SR-7,,308,38.32861111,-93.614722220,0,12,2,0,1,1,1,0,1,10,0,10,0,0000000,13,9,13,21,14,10,0,0,0,1,0
29,290311,1,1,0,2,95,4120,25,6,2010,6,17,50,0,14,6,E39THST,,32,39.05527778,-94.547452780,0,33,0,0,1,1,4,0,1,1,0,1,0,0000000,17,55,18,0,18,18,20,0,0,1,0
29,290312,1,1,1,1,510,7080,26,6,2010,7,1,50,0,14,6,RIVERVIEWDR,,41,38.72745556,-90.224636110,0,8,0,0,1,1,1,0,3,1,0,1,0,0000000,99,98,99,98,88,88,0,0,0,1,0
29,290313,2,2,0,5,9,0,26,6,2010,7,10,15,1,2,3,SR-37,,251,36.59761111,-93.947222220,0,12,2,0,1,1,1,0,1,1,0,1,0,0000000,10,22,10,34,99,99,0,0,0,1,0
29,290314,1,1,0,2,135,0,26,6,2010,7,13,20,0,3,3,SR-87,,162,38.64408333,-92.550972220,0,1,0,0,1,1,1,0,1,10,0,10,0,0000000,13,27,14,0,14,23,0,0,0,1,0
29,290315,1,1,0,1,223,6260,26,6,2010,7,19,35,0,4,6,FIRST,,1,37.15398333,-90.694469440,0,30,0,0,1,1,4,0,1,1,0,1,0,0000000,88,88,88,88,88,88,0,0,0,1,1
29,290316,1,1,0,1,187,2670,26,6,2010,7,19,45,1,12,2,US-67,,125,37.80150000,-90.445500000,0,1,0,0,1,1,1,0,1,1,0,1,0,0000000,88,88,88,88,88,88,0,0,0,1,1
29,290317,2,2,0,3,95,4120,26,6,2010,7,20,51,0,12,4,HOLMESRD,,76,38.90398056,-94.584986110,0,12,2,0,1,1,1,0,3,1,0,1,0,0000000,99,99,99,99,99,99,0,0,0,1,2
29,290318,1,1,0,1,99,0,23,3,2010,3,16,0,0,6,4,FOURRIDGERD,,18,38.39693611,-90.479552780,0,32,0,0,1,1,4,0,1,1,0,1,0,0000000,99,99,99,99,99,99,0,0,0,1,0
29,290319,1,1,0,2,71,0,29,4,2010,5,14,0,0,4,3,SR-YY,,112,38.50072222,-91.102000000,0,1,0,0,1,1,4,0,1,1,0,1,0,0000000,14,13,14,49,15,9,0,0,0,1,0
29,290320,1,1,0,1,510,7080,28,6,2010,2,20,10,1,11,1,I-55,,71,38.59099722,-90.213911110,0,25,0,1,18,1,4,0,1,1,0,1,0,0000000,20,14,20,24,88,88,0,0,0,1,0
29,290321,2,2,0,2,167,880,28,6,2010,2,9,28,1,2,3,SR-13,SR-U,231,37.55335278,-93.387588890,0,12,6,0,2,2,1,0,1,1,0,1,0,0000000,99,98,99,98,88,88,0,0,0,1,0
29,290322,2,2,0,3,95,0,28,6,2010,2,18,30,0,4,3,SR-F,,66,38.92244444,-94.132944440,0,12,6,0,8,1,1,0,1,1,0,1,0,0000000,18,30,18,39,99,99,0,0,0,1,0
29,290323,1,1,1,1,3,0,29,6,2010,3,16,20,0,6,4,UEHLINQUARRY,,47,39.90438889,-94.950361110,0,10,0,0,6,1,1,0,1,1,0,1,0,070144V,99,99,99,99,99,99,0,0,0,1,0
29,290324,1,1,1,2,510,7080,30,6,2010,4,2,50,0,12,6,GRANDBLVD,,1,38.65950833,-90.218011110,0,8,0,0,1,1,1,0,3,1,0,1,0,0000000,2,51,2,55,3,21,0,0,0,1,0
29,290325,2,2,0,5,185,0,30,6,2010,4,19,50,0,4,3,SR-B,1401,10,38.07458333,-94.038000000,0,12,6,0,2,2,1,0,1,1,0,1,0,0000000,20,12,20,37,21,35,0,0,0,1,1
29,290326,1,1,0,1,510,7080,1,7,2010,5,9,35,1,11,1,I-55,,62,38.60882500,-90.211744440,0,33,0,1,18,1,8,0,1,10,0,10,0,0000000,9,33,9,44,9,50,0,0,0,1,0
29,290327,2,2,0,2,29,0,1,7,2010,5,10,15,0,6,4,WOODBRIDGERD,,17,37.98111111,-92.705000000,0,12,6,0,1,1,1,0,1,1,0,1,0,0000000,99,98,99,98,88,88,0,0,0,1,0
29,290328,1,1,0,1,119,0,1,7,2010,5,17,0,0,6,4,PINELOGRD,,150,36.65630556,-94.177194440,0,34,0,0,1,1,4,0,1,1,0,1,0,0000000,99,98,99,98,88,88,0,0,0,1,0
29,290329,1,1,1,1,95,4326,2,7,2010,6,0,1,1,12,2,US-50,,89,38.89391667,-94.277166670,0,8,0,0,1,1,2,0,2,1,0,1,0,0000000,99,98,99,98,88,88,0,0,0,1,0
29,290330,2,1,1,1,163,0,2,7,2010,6,1,0,0,6,4,16,,16,39.41166667,-91.390277780,0,14,0,0,1,1,4,0,2,1,0,1,0,0000000,99,98,99,98,88,88,0,0,0,1,1
29,290331,2,2,0,4,95,4120,2,7,2010,6,5,44,0,14,6,TRUMANRD,WOODLANDAVE,9,39.09504722,-94.560847220,0,12,6,0,2,2,1,0,1,1,0,1,0,0000000,5,45,5,49,6,7,0,0,0,3,0
29,290332,2,2,0,3,13,0,3,7,2010,7,2,15,1,2,2,US-71,SR-E,265,38.43058333,-94.342611110,0,12,6,0,2,2,1,0,2,1,0,1,0,0000000,2,20,2,33,99,99,0,0,0,1,1
29,290333,2,2,0,3,95,4120,3,7,2010,7,3,10,0,12,6,NOLANDRD,LITTLEBLUERD,26,38.99984722,-94.416325000,0,12,6,0,2,3,1,0,2,1,0,1,0,0000000,3,11,3,26,3,53,0,0,0,1,2
29,290334,1,1,1,1,189,650,3,7,2010,7,6,20,0,12,6,NHANLEYRD,,9,38.76392778,-90.336752780,0,33,0,0,1,1,4,0,4,1,0,1,0,0000000,6,19,6,24,6,39,0,0,0,1,0
29,290335,2,2,0,3,31,0,3,7,2010,7,7,34,0,4,3,SR-177,BELLAVISTA,38,37.46819444,-89.575472220,0,12,6,0,2,3,1,0,1,1,0,1,0,0000000,7,36,7,51,8,11,0,0,0,1,0
29,290336,1,1,0,2,510,7080,3,7,2010,7,13,13,1,11,1,I-55,,59,38.61053611,-90.205072220,0,24,0,1,5,1,4,0,1,1,0,1,0,0000000,99,99,99,99,99,99,0,0,0,1,1
29,290337,1,1,0,2,19,0,3,7,2010,7,20,5,0,4,3,SR-O,,42,38.93797222,-92.475250000,0,34,0,0,1,1,4,0,1,1,0,1,0,0000000,20,5,20,21,20,59,0,0,0,1,1
29,290338,1,1,1,2,95,4120,3,7,2010,7,21,25,0,12,6,INDEPENDENCEAVE,,56,39.10599722,-94.541513890,0,8,0,0,1,1,1,0,3,1,0,1,0,0000000,88,88,88,88,88,88,0,0,0,1,1
29,290339,2,2,0,5,95,4120,3,7,2010,7,22,54,0,12,6,EMANUELCLEAVERIIBLVD,,37,39.04778056,-94.522975000,0,30,0,0,1,1,3,0,3,10,0,10,0,0000000,22,59,23,7,23,26,0,0,0,1,1
29,290340,1,1,0,1,41,0,4,7,2010,1,10,59,0,4,3,SR-129,,264,39.37594444,-92.734444440,0,23,0,0,1,1,4,0,1,10,0,10,0,0000000,11,0,11,12,88,88,0,0,0,1,0
29,290341,1,1,1,2,189,4950,4,7,2010,1,21,5,0,14,2,US-366,,53,38.56939722,-90.337894440,0,8,0,0,1,1,1,0,3,10,0,10,0,0000000,88,88,88,88,88,88,0,0,0,1,0
29,290342,1,1,0,1,95,4120,5,7,2010,2,5,48,1,11,1,I-435,,153,38.94834167,-94.533088890,0,35,0,0,1,1,3,0,3,10,2,2,0,0000000,88,88,88,88,88,88,0,0,0,1,1
29,290343,1,1,0,1,145,0,5,7,2010,2,14,43,0,6,4,OLD60DR,,73,36.83002778,-94.544055560,0,35,0,0,1,1,4,0,1,1,0,1,0,0000000,88,88,88,88,88,88,0,0,0,1,1
29,290344,9,2,0,3,510,7080,5,7,2010,2,20,31,0,16,6,HOLLYHILLSAVE,JANUARY,9,38.57759444,-90.289938890,0,12,6,0,2,2,1,0,1,10,0,10,0,0000000,99,99,99,99,99,99,0,0,0,1,1
29,290345,2,2,0,5,71,0,7,7,2010,4,16,0,0,6,4,MILLHILLRD,,134,38.34613889,-90.920416670,0,12,6,0,1,1,1,0,1,10,2,2,0,0000000,16,3,16,14,17,41,0,0,0,1,0
29,290346,1,1,0,2,109,0,7,7,2010,4,22,30,0,6,4,2225,,5,36.94841667,-93.790861110,0,42,0,0,1,1,4,0,2,10,0,10,0,0000000,99,99,99,99,99,99,0,0,0,1,1
29,290347,1,1,0,1,159,0,8,7,2010,5,8,45,0,5,3,SR-MM,,26,38.73713889,-93.304944440,0,43,0,0,6,1,1,0,1,10,0,10,0,442101G,88,88,88,88,88,88,0,0,0,1,0
29,290348,1,1,0,1,27,0,8,7,2010,5,9,30,1,2,2,US-63,,52,38.64472222,-92.201000000,0,58,0,0,1,1,3,0,1,10,0,10,0,0000000,88,88,88,88,88,88,0,0,0,1,0
29,290349,1,1,0,1,77,7460,9,7,2010,6,15,39,1,12,1,I-44BUS,,19,37.21224444,-93.354897220,0,33,0,0,1,1,4,0,1,10,0,10,0,0000000,99,99,99,99,99,99,0,0,0,1,0
29,290350,2,2,0,4,185,250,9,7,2010,6,19,12,0,16,6,HICKORYAVE,2NDST,8,38.18833333,-94.028111110,0,12,6,0,2,2,1,0,1,1,0,1,0,0000000,7,14,7,16,7,38,0,0,0,1,0
29,290351,1,1,0,1,165,6320,16,6,2010,4,2,37,0,4,6,FOURTHST,,6,39.35898333,-94.779513890,0,33,0,0,1,1,4,0,3,1,0,1,0,0000000,99,99,99,99,99,99,0,0,0,1,0
29,290352,2,2,0,3,159,0,9,7,2010,6,19,57,1,2,2,US-50,SR-127,213,38.76336111,-93.427055560,0,12,6,0,2,2,1,0,1,1,0,1,0,0000000,99,99,99,99,99,99,0,0,0,1,1
29,290353,1,1,0,1,47,4570,9,7,2010,6,21,42,0,14,3,SR-B,,19,39.26913333,-94.395475000,0,11,0,0,1,1,1,0,2,1,0,1,0,0000000,21,46,21,51,22,10,0,0,0,1,0
29,290354,1,1,0,1,99,0,10,7,2010,7,15,45,0,4,3,SR-C,,25,38.24311111,-90.658416670,0,32,0,0,1,1,4,0,1,1,0,1,0,0000000,99,98,99,98,88,88,0,0,0,1,0
29,290355,3,3,0,10,7,0,11,7,2010,1,14,6,1,2,2,US-54,,120,39.16383333,-91.777166670,0,12,1,0,1,1,1,0,1,10,2,2,0,0000000,2,5,2,17,3,31,0,0,0,1,0
29,290356,1,1,0,1,87,0,11,7,2010,1,20,20,0,4,3,SR-111,,290,40.00425000,-95.211861110,0,24,0,0,1,1,4,0,1,10,0,10,0,0000000,20,22,20,34,88,88,0,0,0,1,1
29,290357,1,1,1,1,51,4040,12,7,2010,2,3,25,1,12,2,US-54,,21,38.56017500,-92.189997220,0,8,0,0,1,1,1,0,2,10,0,10,0,0000000,3,26,3,31,3,46,0,0,0,1,0
29,290358,1,1,0,2,186,0,12,7,2010,2,11,15,1,1,1,I-55,,22,37.85738889,-90.014194440,0,1,0,0,1,1,3,0,1,1,0,1,0,0000000,11,13,11,25,88,88,0,0,0,2,0
29,290359,1,1,0,1,95,0,12,7,2010,2,20,10,0,4,4,BLUEMILLSRD,,64,39.16812778,-94.251308330,0,32,0,0,1,1,4,0,2,10,0,10,0,0000000,22,46,22,57,23,37,0,0,0,1,0
29,290360,1,1,0,2,183,8280,13,7,2010,3,5,45,1,11,1,I-70,,225,38.80719444,-90.884611110,0,57,0,0,1,1,3,0,7,10,0,10,0,0000000,99,98,99,98,88,88,0,0,0,1,1
29,290361,1,1,0,1,39,0,13,7,2010,3,16,34,0,4,3,SR-J,,89,37.71947222,-93.780000000,0,1,0,0,1,1,4,0,1,1,0,1,0,0000000,99,98,99,98,88,88,0,0,0,1,1
29,290362,2,2,0,2,25,0,14,7,2010,4,6,10,1,2,2,US-36,,121,39.73369444,-93.984027780,0,12,6,0,7,1,1,0,1,1,0,1,0,0000000,6,13,6,22,88,88,0,0,0,1,0
29,290363,1,1,0,4,99,0,14,7,2010,4,10,20,0,6,4,GOLDMANRD,,28,38.26013889,-90.519916670,0,38,0,0,1,1,4,0,1,1,0,1,0,0000000,10,23,10,36,99,99,0,0,0,1,0
29,290364,2,2,0,2,99,0,14,7,2010,4,19,5,1,12,3,SR-30,CAROLPARKRD,171,38.44733333,-90.543527780,0,12,6,0,2,2,1,0,1,1,0,1,0,0000000,99,98,99,98,88,88,0,0,0,1,0
29,290365,1,1,1,2,189,5810,14,7,2010,4,23,40,1,11,1,I-70,,115,38.71166667,-90.287500000,0,8,0,0,1,1,1,0,3,1,0,1,0,0000000,99,98,99,98,88,88,0,0,0,1,0
29,290366,4,4,0,6,215,0,15,7,2010,5,13,50,1,2,2,US-63,,311,37.19513889,-92.039166670,0,12,8,0,1,1,1,0,1,10,2,2,0,0000000,99,99,99,99,99,99,14,0,0,1,0
29,290367,2,2,0,2,145,4100,15,7,2010,5,16,25,0,12,3,SR-43,44THST,9,37.04062222,-94.514727780,0,12,6,0,2,2,1,0,1,1,0,1,0,0000000,99,99,99,99,99,99,0,0,0,1,0
29,290368,1,1,0,1,179,0,16,7,2010,6,14,45,0,6,4,856,,22,37.44663889,-91.185416670,0,35,0,0,1,1,4,0,1,1,0,1,0,0000000,99,98,99,98,88,88,0,0,0,1,0
29,290369,2,2,0,5,95,3940,16,7,2010,6,21,10,1,11,1,I-470,,9,39.03367222,-94.361644440,0,12,1,1,18,1,1,1,3,10,0,10,0,0000000,21,12,21,18,21,47,0,0,0,1,1
29,290370,1,1,1,1,195,0,16,7,2010,6,22,30,1,1,1,I-70,,15,38.97916667,-93.468055560,0,8,0,0,1,1,1,0,2,10,0,10,0,0000000,99,98,99,98,88,88,0,0,0,1,0
29,290371,2,2,0,3,71,0,2,3,2010,3,19,28,0,3,3,SR-A,,23,38.51611111,-91.038027780,0,12,2,0,1,1,1,0,2,1,0,1,0,0000000,19,33,19,41,20,9,0,0,0,1,0
29,290372,1,1,0,2,209,0,11,4,2010,1,16,45,0,3,3,SR-76,,5,36.73180556,-93.569416670,0,1,0,0,1,1,1,0,1,1,0,1,0,0000000,99,99,99,99,99,99,0,0,0,1,0
29,290373,1,1,0,1,189,2780,20,4,2010,3,12,54,0,15,6,MULLANPHYRD,,4,38.81191667,-90.343136110,0,33,0,0,1,1,4,0,1,1,0,1,0,0000000,12,58,13,1,13,30,0,0,0,1,0
29,290374,1,1,0,1,510,7080,23,4,2010,6,16,6,1,11,1,I-70,,77,38.62569167,-90.187091670,0,25,0,0,1,1,3,0,1,1,0,1,0,0000000,99,99,99,99,99,99,0,0,0,1,0
29,290375,1,1,0,2,207,2230,7,6,2010,2,17,41,1,12,2,US-60,,133,36.80340556,-89.969366670,0,1,0,0,1,1,1,0,1,1,0,1,0,0000000,99,99,99,99,99,99,0,0,0,1,0
29,290376,2,2,0,2,51,0,16,7,2010,6,23,0,0,4,3,SR-J,,24,38.52952778,-92.051527780,0,12,2,0,1,1,1,0,2,1,0,1,0,0000000,23,3,23,15,88,88,0,0,0,2,2
29,290377,1,1,0,1,71,0,17,7,2010,7,99,99,0,3,3,SR-HH,,93,38.32213889,-90.779638890,0,35,0,0,1,1,4,0,2,10,0,10,0,0000000,99,98,99,98,88,88,0,0,0,1,1
29,290378,1,1,1,1,97,0,17,7,2010,7,9,38,0,6,4,IVY,,9,37.18455556,-94.446138890,0,9,0,0,1,1,1,0,1,10,0,10,0,0000000,99,99,99,99,99,99,0,0,0,1,0
29,290379,2,2,0,2,77,0,17,7,2010,7,8,55,1,12,2,US-160,192,3,37.09858333,-93.297638890,0,12,6,0,2,2,1,0,1,10,0,10,0,0000000,99,99,99,99,99,99,0,0,0,1,0
29,290380,1,1,0,2,47,0,17,7,2010,7,18,20,0,6,4,STOCKDALERD,,40,39.27369444,-94.342805560,0,1,0,0,1,1,4,0,1,1,0,1,0,0000000,18,18,18,28,99,99,0,0,0,1,1
29,290381,1,1,0,1,121,0,18,7,2010,1,15,15,1,2,2,US-63,,235,39.70744444,-92.464444440,0,53,0,0,1,1,4,0,1,1,0,1,0,0000000,99,98,99,98,88,88,0,0,0,1,0
29,290382,2,2,0,3,21,0,18,7,2010,1,17,20,0,6,4,BLUFFRDSW,,46,39.65138889,-94.933888890,0,1,0,0,1,1,1,0,1,1,0,1,0,0000000,17,31,17,49,18,9,0,0,0,1,0
29,290383,2,2,0,9,145,0,18,7,2010,1,18,26,0,5,2,US-60,SR-HH,158,36.85552778,-94.339666670,0,12,6,0,2,2,1,0,1,1,0,1,0,0000000,99,99,99,99,99,99,0,0,0,1,0
29,290384,2,2,0,2,155,0,20,7,2010,3,8,55,0,4,3,SR-F,483,30,36.05958333,-89.895750000,0,12,6,0,2,2,1,0,1,1,0,1,0,0000000,99,99,99,99,99,99,0,0,0,1,0
29,290385,2,2,0,3,141,0,20,7,2010,3,13,16,0,4,3,SR-J,,11,38.32694444,-92.868055560,0,12,6,0,1,1,1,0,1,10,0,10,0,0000000,13,31,13,52,14,18,0,0,0,1,0
29,290386,2,2,0,2,95,4326,20,7,2010,3,16,6,1,12,2,US-50,MILTONTHOMPSONRD,103,38.90010556,-94.298477780,0,12,6,0,2,2,1,0,1,10,0,10,0,0000000,99,99,99,99,99,99,0,0,0,1,0
29,290387,2,2,0,2,11,0,21,7,2010,4,16,30,1,2,2,US-71,,163,37.59038889,-94.293444440,0,12,1,0,1,1,1,0,1,1,0,1,0,0000000,16,33,16,42,88,88,0,0,0,1,0
29,290388,1,1,0,1,91,0,21,7,2010,4,0,50,0,3,3,SR-14,,6,36.82166667,-92.086333330,0,42,0,0,1,1,4,0,2,1,0,1,0,0000000,99,98,99,98,88,88,0,0,0,1,0
29,290389,1,1,0,1,31,0,23,7,2010,6,9,9,0,4,3,SR-A,,77,37.26286111,-89.722694440,0,1,0,0,1,1,4,0,9,99,0,99,0,0000000,99,98,99,98,88,88,0,0,0,1,0
29,290390,1,1,0,1,39,0,23,7,2010,6,22,40,0,3,3,SR-32,,53,37.78213889,-94.016972220,0,35,0,0,1,1,4,0,2,1,0,1,0,0000000,23,40,0,0,88,88,0,0,0,1,1
29,290391,1,1,0,2,3,0,25,7,2010,1,3,15,1,1,1,I-29,,76,39.90347222,-94.884888890,0,35,0,0,1,1,3,0,2,1,0,1,0,0000000,99,99,99,99,99,99,0,0,0,1,0
29,290392,1,1,0,1,67,0,25,7,2010,1,12,15,0,3,3,SR-14,,273,36.89908333,-92.547805560,0,1,0,0,1,1,4,0,1,10,0,10,0,0000000,13,15,13,41,88,88,0,0,0,1,0
29,290393,2,2,0,3,47,4120,26,7,2010,2,22,12,0,14,6,NCHOUTEAUTFWY,NEVIVIONRD,5,39.18801389,-94.545222220,0,12,2,0,2,2,1,0,3,1,0,1,0,0000000,22,13,22,21,22,40,0,0,0,1,0
29,290394,2,2,0,2,95,4120,27,7,2010,3,11,46,0,14,6,STADIUMDR,,9,39.05775556,-94.510494440,0,1,0,0,1,1,1,0,1,1,0,1,0,0000000,11,46,11,51,12,11,0,0,0,1,0