STATE,ST_CASE,VE_TOTAL,VE_FORMS,PEDS,PERSONS,COUNTY,CITY,DAY,MONTH,YEAR,DAY_WEEK,HOUR,MINUTE,NHS,ROAD_FNC,ROUTE,TWAY_ID,TWAY_ID2,MILEPT,LATITUDE,LONGITUD,SP_JUR,HARM_EV,MAN_COLL,RELJCT1,RELJCT2,TYP_INT,REL_ROAD,WRK_ZONE,LGT_COND,WEATHER1,WEATHER2,WEATHER,SCH_BUS,RAIL,NOT_HOUR,NOT_MIN,ARR_HOUR,ARR_MIN,HOSP_HR,HOSP_MN,CF1,CF2,CF3,FATALS,DRUNK_DR
29,290395,1,1,0,2,95,0,27,7,2010,3,12,50,0,6,4,OLDUS40,,3,39.01694722,-94.181888890,0,42,0,0,1,1,4,0,1,1,0,1,0,0000000,12,56,13,4,99,99,0,0,0,1,0
29,290396,1,1,1,1,77,7596,27,7,2010,3,22,37,0,16,6,WEVERGREEN,,29,37.27275000,-93.121222220,0,8,0,0,1,1,1,0,3,1,0,1,0,0000000,22,39,22,50,23,29,0,0,0,1,0
29,290397,2,2,0,3,95,0,28,7,2010,4,14,20,0,12,3,SR-210,SR-291,3,39.18383333,-94.397611110,0,12,6,1,2,3,1,0,1,1,0,1,0,0000000,14,45,14,53,15,30,0,0,0,1,0
29,290398,1,1,0,2,71,0,28,7,2010,4,15,4,0,4,3,SR-CC,,49,38.35738889,-91.264527780,0,1,0,0,1,1,1,0,1,1,0,1,0,0000000,15,3,15,12,99,99,0,0,0,1,0
29,290399,2,2,0,3,143,0,29,7,2010,5,17,37,1,2,2,US-60,,64,36.84316667,-89.650861110,1,12,1,0,1,1,1,0,1,10,0,10,0,0000000,17,47,18,14,18,50,0,0,0,1,0
29,290400,2,2,0,2,189,2690,29,7,2010,5,19,8,1,12,3,SR-141,SR-30,138,38.51429167,-90.446533330,0,12,6,0,2,2,1,0,1,1,0,1,0,0000000,19,11,19,14,19,29,0,0,0,1,1
29,290401,3,3,0,3,125,0,30,7,2010,6,14,35,0,3,3,SR-133,203,21,38.26833333,-92.139666670,0,12,8,0,2,3,1,0,1,1,0,1,0,0000000,14,56,15,8,15,42,0,0,0,1,0
29,290402,1,1,0,2,145,0,30,7,2010,6,22,15,0,6,4,MARTENRD,,22,36.98000000,-94.371388890,0,38,0,0,1,1,4,0,2,1,0,1,0,0000000,99,98,99,98,88,88,0,0,0,1,1
29,290403,1,1,0,2,187,0,31,7,2010,7,20,25,1,2,2,US-67,,49,37.97605556,-90.536500000,0,24,0,0,1,1,4,0,2,10,0,10,0,0000000,20,30,20,58,21,57,0,0,0,1,1
29,290404,2,2,0,2,77,7460,31,7,2010,7,20,33,1,2,2,US-65BUS,SUNSETST,54,37.18163889,-93.262425000,0,12,6,0,2,2,1,0,3,1,0,1,0,0000000,99,99,99,99,99,99,0,0,0,1,1
29,290405,1,1,0,2,25,0,31,7,2010,7,21,25,0,6,4,PLEASANTRIDGERD,,80,39.65738889,-93.941555560,0,7,0,0,1,1,1,0,2,1,0,1,0,0000000,21,35,21,55,88,88,0,0,0,1,1
29,290406,2,2,0,3,510,7080,1,8,2010,1,2,55,0,12,6,KINGSHIGHWAYBLVD,MANCHESTER,50,38.62575278,-90.264958330,0,12,6,0,2,2,1,0,3,1,0,1,0,0000000,2,57,3,20,3,22,0,0,0,1,1
29,290407,1,1,0,1,183,0,3,8,2010,3,12,15,0,12,3,SR-79,,67,38.84036111,-90.690583330,0,1,0,0,1,1,4,0,1,1,0,1,0,0000000,99,98,99,98,88,88,0,0,0,1,0
29,290408,1,1,0,2,3,0,4,8,2010,4,4,15,0,6,4,274,265,31,39.86305556,-94.626666670,0,34,0,0,3,3,4,0,2,1,0,1,0,0000000,5,9,5,31,6,8,0,0,0,1,0
29,290409,2,2,0,3,47,4120,4,8,2010,4,20,58,1,11,1,I-435ENTRP,,155,39.15678056,-94.500294440,0,12,6,1,5,1,1,0,3,1,0,1,0,0000000,20,59,21,9,21,31,0,0,0,1,1
29,290410,1,1,0,1,213,0,4,8,2010,4,15,20,0,4,2,US-160,,53,36.75352778,-93.230305560,0,1,0,0,1,1,1,0,1,1,0,1,0,0000000,17,24,17,51,18,17,0,0,0,1,0
29,290411,2,2,0,2,183,7010,5,8,2010,5,2,25,1,12,3,SR-94,ZUMBEHLRD,268,38.76941667,-90.523416670,0,12,1,0,3,2,1,0,3,10,0,10,0,0000000,2,30,2,34,3,2,0,0,0,1,1
29,290412,4,4,0,56,71,0,5,8,2010,5,10,11,1,11,1,I-44,,263,38.46125000,-90.863111110,0,12,1,0,1,1,1,1,1,1,0,1,1,0000000,10,15,10,20,99,99,19,0,0,2,0
29,290413,1,1,0,1,135,0,5,8,2010,5,15,53,0,3,3,SR-87,,259,38.51805556,-92.571388890,0,38,0,0,1,1,4,0,1,10,0,10,0,0000000,15,54,16,4,99,99,0,0,0,1,1
29,290414,1,1,0,1,59,0,7,8,2010,7,0,15,0,6,4,WOODSTOCKRD,,104,37.47333333,-93.086111110,0,58,0,0,1,1,4,0,2,1,0,1,0,0000000,99,98,99,98,88,88,0,0,0,1,1
29,290415,1,1,0,1,223,3380,7,8,2010,7,12,17,1,2,2,US-67,,153,37.12500000,-90.449333330,0,59,0,0,1,1,4,0,1,1,0,1,0,0000000,99,99,99,99,99,99,0,0,0,1,0
29,290416,1,1,0,3,175,0,7,8,2010,7,14,50,0,2,2,US-24,,196,39.46243889,-92.355411110,0,34,0,0,1,1,4,0,1,1,0,1,0,0000000,15,5,15,24,99,99,0,0,0,1,0
29,290417,1,1,0,1,109,0,8,8,2010,1,14,42,0,6,4,1170,,42,37.12119444,-93.751083330,0,24,0,0,1,1,4,0,1,1,0,1,0,0000000,15,43,15,53,88,88,0,0,0,1,1
29,290418,1,1,0,2,215,0,8,8,2010,1,17,10,0,5,3,SR-AA,,31,37.41366667,-92.017750000,0,59,0,0,1,1,4,0,1,1,0,1,0,0000000,17,13,17,32,18,13,0,0,0,1,0
29,290419,1,1,0,2,37,0,9,8,2010,2,13,30,0,4,3,SR-B,,114,38.46916667,-94.118388890,0,42,0,0,1,1,4,0,1,1,0,1,0,0000000,13,42,14,1,14,39,0,0,0,1,0
29,290420,1,1,0,2,15,0,9,8,2010,2,18,0,0,3,3,SR-82,,1,38.07250000,-93.494166670,0,38,0,0,1,1,4,0,1,1,0,1,0,0000000,99,99,99,99,99,99,0,0,0,1,0
29,290421,1,1,0,1,99,2200,10,8,2010,3,9,30,0,14,3,SR-E,,4,38.12872222,-90.554972220,0,24,0,0,1,1,4,0,1,1,0,1,0,0000000,9,27,9,36,88,88,0,0,0,1,0
29,290422,1,1,0,1,27,0,10,8,2010,3,6,25,0,4,3,SR-Z,,87,38.93277778,-91.822500000,0,53,0,0,1,1,4,0,1,1,0,1,0,0000000,6,30,6,44,88,88,0,0,0,1,0
29,290423,1,1,0,1,195,4970,10,8,2010,3,11,2,0,15,6,ENGLISH,,5,39.12508333,-93.199250000,0,10,0,0,6,1,1,0,1,1,0,1,0,293467H,99,98,99,98,88,88,0,0,0,1,0
29,290424,1,1,0,1,145,5580,10,8,2010,3,19,20,0,16,4,WOLDSENECARD,,20,36.86756389,-94.391375000,0,26,0,0,1,1,4,0,1,1,0,1,0,0000000,99,99,99,99,99,99,0,0,0,1,1
29,290425,1,1,1,1,97,4100,7,5,2010,6,20,54,1,12,2,US-71BUS,,3,37.05053611,-94.478558330,0,8,0,0,1,1,1,0,3,1,0,1,0,0000000,99,99,99,99,99,99,0,0,0,1,0
29,290426,2,2,0,3,99,335,22,5,2010,7,15,13,0,14,2,US-61,,25,38.42607778,-90.376791670,0,1,0,0,1,1,1,0,1,1,0,1,0,0000000,15,14,15,17,99,99,0,0,0,1,0
29,290427,1,1,1,1,189,1030,25,5,2010,3,12,37,0,12,3,SR-180,,52,38.71518333,-90.358600000,0,8,0,0,1,1,4,0,1,1,0,1,0,0000000,99,99,99,99,99,99,0,0,0,1,1
29,290428,2,2,0,2,19,1800,12,7,2010,2,7,56,0,14,6,VANDIVERDR,BURLINGTONST,13,38.97167778,-92.309311110,0,1,0,0,2,2,1,0,1,1,0,1,0,0000000,99,99,99,99,99,99,0,0,0,1,0
29,290429,2,2,0,3,143,4600,26,7,2010,2,10,50,0,4,3,SR-U,,9,36.59795833,-89.602130560,0,12,6,0,1,1,1,0,1,1,0,1,0,0000000,10,51,11,2,88,88,0,0,0,1,0
29,290430,1,1,0,1,65,0,10,8,2010,3,23,30,0,3,3,SR-32,,3,37.52527778,-91.750555560,0,38,0,0,1,1,4,0,2,10,0,10,0,0000000,0,5,0,21,88,88,0,0,0,1,0
29,290431,1,1,0,1,69,0,11,8,2010,4,8,45,0,4,3,SR-H,,2,36.62686111,-90.083777780,0,23,0,0,1,1,4,0,1,1,0,1,0,0000000,99,98,99,98,88,88,0,0,0,1,0
29,290432,1,1,0,4,219,8120,12,8,2010,5,8,45,1,1,1,I-70,,118,38.82011111,-91.175055560,0,1,0,0,1,1,4,0,1,1,0,1,0,0000000,8,48,9,0,9,37,0,0,0,1,0
29,290433,1,1,0,1,95,4120,13,8,2010,6,6,15,0,14,6,LINWOOD,BROOKLYN,18,39.06818056,-94.557416670,0,33,0,0,3,2,4,0,3,1,0,1,0,0000000,6,17,6,19,6,32,0,0,0,1,0
29,290434,2,2,0,2,189,0,13,8,2010,6,13,44,0,6,4,OLDBAUMGARTNER,BAUMBARTNER,5,38.46351111,-90.353300000,0,12,6,0,2,3,1,0,1,1,0,1,0,0000000,13,46,13,50,14,16,0,0,0,1,1
29,290435,2,2,0,3,91,0,13,8,2010,6,21,13,1,2,2,US-60,,93,36.98169444,-91.835000000,0,12,2,0,1,1,1,0,2,1,0,1,0,0000000,99,99,99,99,99,99,0,0,0,1,0
29,290436,2,2,0,2,97,4100,14,8,2010,7,2,34,1,11,1,I-44,,211,37.05866944,-94.435647220,0,12,2,0,1,1,1,0,2,10,0,10,0,0000000,2,39,2,48,3,25,0,0,0,1,1
29,290437,2,2,0,3,510,7080,14,8,2010,7,11,56,0,13,6,HAMPTONAVE,MILENTZ,37,38.57987500,-90.293708330,0,12,1,0,2,3,1,0,1,1,0,1,0,0000000,99,98,99,98,88,88,0,0,0,1,0
29,290438,1,1,0,1,31,0,15,8,2010,1,4,0,1,2,3,SR-34,,11,37.35686111,-89.842916670,0,32,0,0,1,1,4,0,2,1,0,1,0,0000000,99,98,99,98,88,88,0,0,0,1,1
29,290439,1,1,0,2,21,7070,15,8,2010,1,23,56,0,14,6,FARAON,,23,39.76972222,-94.812441670,0,42,0,0,1,1,4,0,3,1,0,1,0,0000000,23,58,0,2,0,24,0,0,0,1,1
29,290440,2,1,0,1,159,0,16,8,2010,2,5,15,1,2,2,US-50,,10,38.76600000,-93.482333330,0,14,0,0,1,1,2,0,2,10,0,10,0,0000000,99,98,99,98,88,88,0,0,0,1,0
29,290441,1,1,0,1,510,7080,16,8,2010,2,10,25,1,11,1,I-64,,27,38.63197500,-90.260486110,0,21,0,0,1,1,3,0,1,1,0,1,0,0000000,10,48,10,52,88,88,0,0,0,1,0
29,290442,1,1,0,4,17,0,16,8,2010,2,13,0,1,2,3,SR-34,,224,37.32822222,-89.884638890,0,1,0,0,1,1,1,0,1,1,0,1,0,0000000,13,2,13,16,99,99,0,0,0,1,0
29,290443,1,1,0,1,183,0,17,8,2010,3,21,10,1,2,2,US-67,,6,38.87727778,-90.189777780,0,1,0,0,1,1,4,0,2,1,0,1,0,0000000,99,99,99,99,88,88,0,0,0,1,1
29,290444,2,2,0,2,69,0,17,8,2010,3,21,12,1,2,2,US-412,SR-C,117,36.11972222,-90.177416670,0,12,6,0,2,2,1,0,2,1,0,1,0,0000000,99,98,99,98,88,88,0,0,0,1,0
29,290445,1,1,1,1,215,0,19,8,2010,5,5,50,0,5,3,SR-AV,,7,37.09958333,-92.052444440,0,8,0,0,1,1,1,0,2,5,0,5,0,0000000,6,20,6,51,7,27,0,0,0,1,0
29,290446,1,1,0,2,91,0,19,8,2010,5,9,55,1,2,2,US-63,,336,36.67347222,-91.771888890,0,1,0,0,1,1,4,0,1,1,0,1,0,0000000,99,99,99,99,99,99,0,0,0,1,0
29,290447,1,1,0,2,1,0,19,8,2010,5,11,0,0,6,4,YOUNGSTOWNTRL,,27,40.17444444,-92.679277780,0,23,0,0,1,1,4,0,1,1,0,1,0,0000000,11,13,99,99,99,99,0,0,0,1,0
29,290448,1,1,0,1,139,0,16,8,2010,2,9,50,1,1,1,I-70,,18,38.89611111,-91.605555560,0,34,0,0,1,1,3,0,1,1,0,1,0,0000000,99,99,99,99,99,99,0,0,0,1,0
29,290449,1,1,0,1,221,0,20,8,2010,6,0,15,0,4,3,SR-M,,82,37.84672222,-90.659555560,0,58,0,0,1,1,4,0,2,1,0,1,0,0000000,0,18,0,37,88,88,0,0,0,1,1
29,290450,2,2,0,3,7,0,20,8,2010,6,6,45,0,5,3,SR-M,SR-D,61,39.08497222,-92.032722220,0,12,6,0,2,2,1,0,1,10,0,10,0,0000000,6,52,7,12,8,3,0,0,0,1,0
29,290451,1,1,0,1,57,0,20,8,2010,6,12,20,0,3,2,US-160,,93,37.38966667,-93.910972220,0,59,0,0,1,1,4,0,1,1,0,1,0,0000000,88,88,88,88,88,88,0,0,0,1,0
29,290452,1,1,0,2,165,4120,21,8,2010,7,1,13,1,11,1,I-29,,273,39.19027778,-94.612777780,0,24,0,1,5,1,4,0,2,10,0,10,0,0000000,99,98,99,98,88,88,0,0,0,1,1
29,290453,2,2,0,3,145,7240,21,8,2010,7,3,28,0,2,2,US-60,SR-43,4,36.82442222,-94.610591670,0,12,6,0,2,2,1,0,2,1,0,1,0,0000000,99,98,99,98,88,88,0,0,0,2,1
29,290454,2,2,0,7,153,0,21,8,2010,7,17,42,0,3,2,US-160,,236,36.60401111,-92.400002780,0,12,1,0,1,1,1,0,1,1,0,1,0,0000000,17,43,17,49,99,99,0,0,0,1,1
29,290455,1,1,0,1,89,0,21,8,2010,7,21,0,0,4,3,SR-J,,164,39.07552778,-92.842638890,0,1,0,0,1,1,4,0,2,10,0,10,0,0000000,21,5,21,21,88,88,0,0,0,1,1
29,290456,1,1,0,4,77,0,21,8,2010,7,22,36,0,6,4,104,WILLARDRD,3,37.26027778,-93.380833330,0,58,0,0,3,1,4,0,2,1,0,1,0,0000000,99,99,99,99,99,99,0,0,0,1,0
29,290457,2,2,0,3,165,4120,22,8,2010,1,1,29,1,11,1,I-29,,59,39.25586111,-94.658194440,0,12,1,0,1,1,1,0,3,1,0,1,0,0000000,1,29,1,35,2,32,0,0,0,1,1
29,290458,2,2,0,6,71,7630,22,8,2010,1,18,45,1,11,1,I-44,,7,38.21300000,-91.170638890,0,12,6,0,1,1,1,0,1,1,0,1,0,0000000,18,44,18,47,19,6,0,0,0,1,1
29,290459,1,1,0,3,223,0,22,8,2010,1,23,30,1,2,3,SR-34,,413,37.25013889,-90.214694440,0,5,0,0,1,1,1,0,2,1,0,1,0,0000000,23,38,23,53,0,18,0,0,0,1,1
29,290460,2,2,0,2,99,0,24,8,2010,3,7,50,1,12,3,SR-MM,,38,38.38166667,-90.525000000,0,12,2,0,1,1,1,0,1,1,0,1,0,0000000,7,55,8,2,99,99,0,0,0,1,0
29,290461,1,1,0,1,77,7460,25,8,2010,4,3,59,1,12,6,GLENSTONEAVE,SEMINOLEST,49,37.17423333,-93.262500000,0,33,0,0,3,1,4,0,3,1,0,1,0,0000000,4,4,4,7,4,27,0,0,0,1,0
29,290462,2,2,0,2,165,4120,25,8,2010,4,6,44,1,11,1,I-29,,272,39.19027778,-94.617055560,0,12,1,1,5,1,1,0,1,1,0,1,0,0000000,6,44,6,49,7,8,0,0,0,1,0
29,290463,1,1,0,2,181,0,25,8,2010,4,14,32,0,3,3,SR-21,,53,36.75861111,-90.835888890,0,1,0,0,1,1,1,0,1,1,0,1,0,0000000,14,37,14,52,15,49,0,0,0,1,0
29,290464,2,1,0,2,47,5770,25,8,2010,4,21,5,1,11,1,I-35,,21,39.15233333,-94.559527780,0,14,0,0,1,1,2,0,2,10,0,10,0,0000000,99,98,99,98,88,88,0,0,0,1,1
29,290465,1,1,0,1,185,0,26,8,2010,5,5,20,0,4,3,SR-C,,82,38.12236111,-93.598111110,0,34,0,0,1,1,4,0,2,1,0,1,0,0000000,99,98,99,98,88,88,0,0,0,1,0
29,290466,1,1,0,1,65,0,26,8,2010,5,13,15,0,4,3,SR-A,,12,37.42166667,-91.287222220,0,17,0,0,1,1,4,0,1,1,0,1,0,0000000,99,98,99,98,88,88,0,0,0,1,0
29,290467,1,1,0,1,143,0,26,8,2010,5,19,40,0,5,3,SR-AA,,36,36.82777778,-89.520277780,0,11,0,0,1,1,1,0,5,1,0,1,0,0000000,99,98,99,98,88,88,0,0,0,1,0
29,290468,2,2,0,2,43,0,27,8,2010,6,7,15,0,2,2,US-160,GOFFCREEKRD,160,36.87283333,-93.299888890,0,12,6,0,2,2,1,0,1,1,0,1,0,0000000,7,21,7,45,99,99,0,0,0,1,0
29,290469,1,1,0,1,113,0,27,8,2010,6,10,8,0,3,3,SR-47,,233,38.96305556,-91.130000000,0,30,0,0,1,1,4,0,1,1,0,1,0,0000000,99,98,99,98,88,88,0,0,0,1,0
29,290470,2,2,0,4,29,5956,27,8,2010,6,10,27,1,2,2,US-54,,284,38.10968889,-92.689747220,0,12,2,0,1,1,1,0,1,1,0,1,0,0000000,10,28,10,30,10,43,0,0,0,1,0
29,290471,3,3,0,5,213,0,27,8,2010,6,10,50,0,3,3,SR-76,,122,36.62300000,-93.158888890,0,12,1,0,1,1,1,0,1,1,0,1,0,0000000,10,59,11,10,99,99,14,0,0,2,0
29,290472,1,1,0,1,189,1970,27,8,2010,6,22,0,1,11,1,I-270,,135,38.64611111,-90.448611110,0,31,0,0,1,1,4,0,3,1,0,1,0,0000000,22,17,22,25,22,37,0,0,0,1,1
29,290473,1,1,0,1,109,420,28,8,2010,7,4,36,1,12,2,US-60,SR-39,72,36.94796667,-93.718611110,0,46,0,0,2,2,4,0,3,1,0,1,0,0000000,4,59,5,9,6,51,20,0,0,1,1
29,290474,2,2,0,6,99,0,28,8,2010,7,22,55,1,2,2,US-67,VICTORIARD,244,38.16361111,-90.455277780,0,12,6,0,2,2,1,0,2,1,0,1,0,0000000,22,54,22,59,23,48,0,0,0,1,0
29,290475,1,1,0,4,31,0,28,8,2010,7,23,33,0,4,3,SR-T,,6,37.20447222,-89.858722220,0,35,0,0,1,1,4,0,2,1,0,1,0,0000000,99,99,99,99,99,99,0,0,0,1,1
29,290476,1,1,0,1,3,0,29,8,2010,1,6,0,0,4,3,SR-D,,93,39.95194444,-94.752500000,0,35,0,0,1,1,4,0,2,1,0,1,0,0000000,99,98,99,98,88,88,0,0,0,1,1
29,290477,1,1,1,1,37,0,29,8,2010,1,8,0,0,3,3,SR-58,,269,38.75805556,-94.136111110,0,9,0,0,1,1,1,0,1,1,0,1,0,0000000,99,99,99,99,99,99,0,0,0,1,0
29,290478,2,2,0,4,145,7240,29,8,2010,1,10,55,0,2,2,US-60,SR-43,4,36.82442778,-94.610572220,0,12,6,0,2,2,1,0,1,1,0,1,0,0000000,99,99,99,99,99,99,0,0,0,1,0
29,290479,1,1,1,2,77,7460,29,8,2010,1,16,58,0,12,6,BATTLEFIELD,,31,37.16003889,-93.308066670,0,8,0,0,1,1,1,0,1,1,0,1,0,0000000,99,98,99,98,88,88,0,0,0,1,0
29,290480,1,1,0,1,183,7010,29,8,2010,1,23,57,0,14,6,ZUMBEHLRD,,32,38.77209444,-90.526580560,0,1,0,0,1,1,1,0,2,1,0,1,0,0000000,99,99,99,99,99,99,0,0,0,1,1
29,290481,1,1,0,1,35,0,30,8,2010,2,20,20,1,2,2,US-60,,50,36.95208333,-91.138805560,0,1,0,0,1,1,3,0,2,1,0,1,0,0000000,20,25,20,39,21,22,0,0,0,1,0
29,290482,2,2,0,3,186,0,31,8,2010,3,13,0,1,1,1,I-55,,241,38.07536111,-90.293472220,0,12,1,0,1,1,2,0,1,10,0,10,0,0000000,13,30,13,54,14,42,0,0,0,1,0
29,290483,2,2,0,2,169,2855,20,1,2010,4,6,20,0,4,6,POLLARD,,16,37.79236111,-92.189777780,2,12,6,0,1,1,1,0,2,1,0,1,0,0000000,99,99,99,99,99,99,0,0,0,1,0
29,290484,2,2,0,3,9,0,1,9,2010,4,18,6,0,4,3,SR-F,,26,36.57188889,-93.800694440,0,12,2,0,1,1,1,0,1,10,2,2,0,0000000,18,11,18,34,19,6,0,0,0,1,0
29,290485,1,1,0,1,229,0,3,9,2010,6,8,35,1,2,2,US-60,,229,37.11111111,-92.650000000,0,58,0,0,1,1,3,0,1,1,0,1,0,0000000,8,38,9,15,9,47,0,0,0,1,0
29,290486,1,1,0,1,65,0,3,9,2010,6,9,45,0,4,3,SR-C,,68,37.69361111,-91.742416670,0,1,0,0,1,1,4,0,1,1,0,1,0,0000000,9,45,9,58,10,26,0,0,0,1,0
29,290487,2,2,0,6,155,0,3,9,2010,6,15,50,0,3,3,SR-164,SR-NN,0,36.08883333,-89.959527780,0,12,6,0,2,2,1,0,1,1,0,1,0,0000000,99,99,99,99,99,99,0,0,0,3,0
29,290488,1,1,0,1,47,0,3,9,2010,6,22,12,0,6,4,MISSOURICITYRD,,0,39.24388889,-94.352777780,0,42,0,0,1,1,4,0,2,1,0,1,0,0000000,22,16,22,27,88,88,0,0,0,1,1
29,290489,1,1,1,1,510,7080,4,9,2010,7,13,55,1,11,1,I-55,,59,38.56269167,-90.246944440,0,8,0,0,1,1,1,0,1,1,0,1,0,0000000,99,99,99,99,99,99,0,0,0,1,0
29,290490,1,1,0,1,71,0,5,9,2010,1,23,45,0,6,4,ANGELLRD,SR-H,97,38.34577778,-91.327750000,0,1,0,0,3,1,4,0,2,1,0,1,0,0000000,0,4,0,9,88,88,0,0,0,1,1
29,290491,1,1,0,3,59,0,6,9,2010,2,1,30,1,2,2,US-65,,151,37.69530556,-93.102944440,0,59,0,0,1,1,4,0,2,10,0,10,0,0000000,99,98,99,98,88,88,0,0,0,1,1
29,290492,1,1,0,2,195,0,6,9,2010,2,6,0,1,1,1,I-70,,154,38.97397222,-93.335194440,0,18,0,1,18,1,1,0,2,1,0,1,0,0000000,6,21,7,0,7,34,0,0,0,1,0
29,290493,1,1,0,1,225,0,6,9,2010,2,7,30,0,6,4,ZIONRD,,5,37.18305556,-92.877527780,0,42,0,0,1,1,4,0,1,1,0,1,0,0000000,7,50,8,7,88,88,0,0,0,1,1
29,290494,1,1,0,3,209,0,6,9,2010,2,8,25,0,4,3,SR-39,,1,36.57050000,-93.582166670,0,35,0,0,1,1,4,0,1,1,0,1,0,0000000,8,22,8,31,99,99,0,0,0,1,1
29,290495,1,1,2,0,207,0,6,9,2010,2,11,45,1,2,2,US-60,,207,36.82722222,-89.833611110,0,8,0,0,1,1,1,0,1,10,0,10,0,0000000,12,2,12,30,13,6,19,0,0,1,0
29,290496,2,2,0,7,213,0,6,9,2010,2,18,35,1,2,2,US-65,SR-176,217,36.79188889,-93.225111110,0,12,6,0,2,3,1,0,1,1,0,1,0,0000000,18,38,18,50,99,99,0,0,0,1,0
29,290497,1,1,0,1,23,0,7,9,2010,3,7,35,0,4,3,SR-PP,,113,36.78308333,-90.490888890,0,42,0,0,1,1,4,0,1,1,0,1,0,0000000,99,98,99,98,88,88,0,0,0,1,0
29,290498,1,1,0,1,143,0,7,9,2010,3,7,55,0,6,4,609,,7,36.74500000,-89.583500000,0,1,0,0,1,1,1,0,1,1,0,1,0,0000000,7,56,8,9,88,88,0,0,0,1,1
29,290499,1,1,0,1,59,0,7,9,2010,3,15,15,0,5,3,SR-K,,141,37.65511111,-93.027361110,0,35,0,0,1,1,4,0,1,10,0,10,0,0000000,99,98,99,98,88,88,0,0,0,1,1
29,290500,2,2,0,2,117,1590,7,9,2010,3,13,10,1,12,2,US-36,MITCHELLAVE,93,39.77352778,-93.538680560,0,12,6,0,2,2,1,0,1,1,0,1,0,0000000,13,17,13,21,13,40,0,0,0,1,0
29,290501,1,1,0,1,169,0,7,9,2010,3,16,28,0,4,3,SR-133,,201,37.89327778,-92.381500000,0,42,0,0,1,1,4,0,1,10,0,10,0,0000000,99,98,99,98,88,88,0,0,0,1,0
29,290502,1,1,0,1,219,0,8,9,2010,4,99,99,0,3,3,SR-94,,302,38.59552778,-90.986361110,0,58,0,0,1,1,4,0,1,10,0,10,0,0000000,7,7,7,13,88,88,0,0,0,1,0
29,290503,1,1,1,1,77,7460,8,9,2010,4,4,56,1,12,2,US-65,,6,37.10350278,-93.232505560,0,8,0,1,5,1,1,0,2,1,0,1,0,0000000,99,98,99,98,88,88,0,0,0,1,0
29,290504,1,1,0,1,215,0,9,9,2010,5,9,34,0,3,3,SR-17,,481,37.24544444,-91.781027780,0,1,0,0,1,1,4,0,1,10,2,2,0,0000000,99,98,99,98,88,88,0,0,0,1,0
29,290505,1,1,0,3,189,0,9,9,2010,5,23,38,1,11,1,I-70,,104,38.75066667,-90.444666670,0,35,0,1,5,1,4,0,3,2,0,2,0,0000000,23,41,23,47,88,88,0,0,0,1,0
29,290506,1,1,0,1,157,0,6,6,2010,1,13,35,0,4,3,SR-K,,9,37.67638889,-89.881111110,0,1,0,0,1,1,4,0,1,1,0,1,0,0000000,13,37,13,54,14,41,0,0,0,1,0
29,290507,2,2,0,2,189,0,7,6,2010,2,12,37,0,6,4,WESTPOTTLE,ROBERTKOCHHOSPITAL,22,38.48221667,-90.299188890,0,12,6,0,2,3,1,0,1,1,0,1,0,0000000,99,99,99,99,99,99,0,0,0,1,0
29,290508,2,2,0,6,159,7210,2,9,2010,5,14,43,0,14,6,OHIOAVE,10THST,12,38.70243333,-93.228511110,0,12,6,0,2,2,1,0,1,1,0,1,0,0000000,99,99,99,99,99,99,0,0,0,1,0
29,290509,2,2,0,2,47,5430,10,9,2010,6,7,45,0,12,2,US-69,,211,39.32250000,-94.290833330,0,12,1,0,1,1,1,0,1,10,5,5,0,0000000,99,98,99,98,88,88,0,0,0,1,0
29,290510,1,1,0,2,151,0,10,9,2010,6,7,45,0,4,3,SR-89,,241,38.44052778,-91.835361110,0,32,0,0,1,1,4,0,1,2,0,2,0,0000000,7,49,7,53,8,27,0,0,0,1,1
29,290511,3,3,0,6,71,0,10,9,2010,6,14,30,1,2,2,US-50,,121,38.42008333,-91.173027780,0,12,2,0,1,1,1,0,1,10,0,10,0,0000000,14,32,14,44,99,99,14,0,0,1,0
29,290512,1,1,0,2,137,0,11,9,2010,7,4,45,0,2,2,US-24,,10,39.47125000,-92.285277780,0,1,0,0,1,1,4,0,2,10,0,10,0,0000000,99,99,99,99,99,99,0,0,0,1,1
29,290514,2,2,0,2,510,7080,11,9,2010,7,22,46,0,12,6,RIVERVIEWRD,SECHAMBERSRD,18,38.74523333,-90.199136110,0,12,6,0,2,3,1,0,2,1,0,1,0,0000000,99,99,99,99,99,99,0,0,0,1,0
29,290515,1,1,0,3,155,0,11,9,2010,7,23,40,0,4,3,SR-NN,,81,36.03088889,-89.959194440,0,34,0,0,1,1,4,0,2,1,0,1,0,0000000,99,99,99,99,99,99,0,0,0,1,1
29,290516,1,1,0,1,19,0,12,9,2010,1,2,34,0,4,3,SR-124,,58,39.12891667,-92.398944440,0,43,0,0,1,1,4,0,2,1,0,1,0,0000000,99,98,99,98,88,88,0,0,0,1,1
29,290517,1,1,0,1,95,3940,12,9,2010,1,3,33,0,14,6,39THST,,47,39.04815556,-94.363847220,0,33,0,1,18,1,3,0,3,10,0,10,0,0000000,3,36,3,40,3,56,0,0,0,1,1
29,290518,1,1,0,2,223,0,12,9,2010,1,20,10,1,2,2,US-67,,123,37.15483333,-90.465833330,0,32,0,0,1,1,4,0,2,1,0,1,0,0000000,99,99,99,99,99,99,0,0,0,1,0
29,290519,1,1,0,1,219,0,12,9,2010,1,22,20,0,6,4,COTTON RD,,52,38.82266667,-90.970166670,0,32,0,0,1,1,4,0,2,1,0,1,0,0000000,22,22,22,29,88,88,0,0,0,1,1