STATE,ST_CASE,VE_TOTAL,VE_FORMS,PEDS,PERSONS,COUNTY,CITY,DAY,MONTH,YEAR,DAY_WEEK,HOUR,MINUTE,NHS,ROAD_FNC,ROUTE,TWAY_ID,TWAY_ID2,MILEPT,LATITUDE,LONGITUD,SP_JUR,HARM_EV,MAN_COLL,RELJCT1,RELJCT2,TYP_INT,REL_ROAD,WRK_ZONE,LGT_COND,WEATHER1,WEATHER2,WEATHER,SCH_BUS,RAIL,NOT_HOUR,NOT_MIN,ARR_HOUR,ARR_MIN,HOSP_HR,HOSP_MN,CF1,CF2,CF3,FATALS,DRUNK_DR
29,290520,1,1,0,1,221,0,13,9,2010,2,11,10,1,2,3,SR-8,,165,37.93888889,-90.816944440,0,1,0,0,1,1,4,0,1,1,0,1,0,0000000,11,16,11,20,12,29,0,0,0,1,0
29,290521,1,1,0,2,19,1800,9,8,2010,2,5,0,0,15,6,STATEFARMPKWY,NIFONGBLVD,0,38.90760278,-92.325727780,0,33,0,0,3,3,4,0,7,1,0,1,0,0000000,11,12,11,17,11,41,0,0,0,1,1
29,290522,1,1,0,1,209,0,14,9,2010,3,7,50,0,3,3,SR-86,,157,36.53636111,-93.382416670,0,34,0,0,1,1,4,0,1,2,0,2,0,0000000,99,98,99,98,88,88,0,0,0,1,0
29,290523,1,1,0,1,137,0,14,9,2010,3,8,55,0,4,3,SR-CC,,3,39.61519444,-92.029472220,0,34,0,0,1,1,4,0,1,10,0,10,0,0000000,99,98,99,98,88,88,0,0,0,1,0
29,290524,2,2,0,2,95,4120,14,9,2010,3,10,20,0,14,6,BROADWAYBLVD,32ND ST,3,39.06939722,-94.589997220,0,12,6,0,2,2,1,0,1,10,0,10,0,0000000,10,21,10,27,10,39,0,0,0,1,0
29,290525,1,1,0,1,71,0,16,9,2010,5,16,30,1,1,1,I-44,,185,38.40194444,-90.927777780,0,35,0,0,1,1,4,0,1,1,0,1,0,0000000,16,36,16,45,88,88,0,0,0,1,0
29,290526,1,1,0,1,77,0,16,9,2010,5,17,50,0,6,4,SHELBYRD,,46,37.34980556,-93.217027780,0,53,0,0,1,1,4,0,1,1,0,1,0,0000000,99,99,99,99,99,99,0,0,0,1,0
29,290527,1,1,1,1,189,4887,26,8,2010,5,6,49,0,12,4,BIGBENDRD,BIGBENDSTATION,19,38.56778056,-90.490180560,0,8,0,0,3,1,1,0,1,1,0,1,0,0000000,6,45,6,48,88,88,0,0,0,1,0
29,290528,1,1,0,2,165,0,31,8,2010,3,9,44,0,4,3,SR-H,,2,39.49780833,-94.804966670,0,31,0,0,1,1,4,0,1,10,0,10,0,0000000,9,44,10,0,99,99,0,0,0,1,0
29,290529,1,1,0,4,189,3580,31,8,2010,3,13,22,1,11,1,I-270,,269,38.77499167,-90.335158330,0,33,0,1,5,1,4,0,1,10,0,10,0,0000000,12,54,13,46,14,1,0,0,0,1,0
29,290530,3,2,0,4,47,4570,5,9,2010,1,0,17,0,16,6,MCCARTYST,LEONARDST,2,39.25006944,-94.417580560,0,12,6,0,2,2,1,0,3,1,0,1,0,0000000,0,19,0,24,1,9,0,0,0,1,1
29,290532,2,2,0,6,183,7010,17,9,2010,6,21,45,0,14,6,NEWTONWNBLVD,FOUNTAINLAKESBLVD,4,38.82763611,-90.518377780,0,12,6,0,2,2,1,0,3,1,0,1,0,0000000,99,99,99,99,99,99,0,0,0,1,1
29,290533,2,2,0,3,107,0,18,9,2010,7,4,45,0,4,3,SR-131,,63,39.04527778,-93.975833330,0,12,6,0,1,1,1,0,2,1,0,1,0,0000000,4,52,4,58,6,0,0,0,0,1,1
29,290534,2,2,0,3,91,8330,18,9,2010,7,12,32,1,12,2,US-63,MCRACKINDR,215,36.78740833,-91.893961110,0,12,2,0,2,3,1,0,1,1,0,1,0,0000000,99,99,99,99,99,99,0,0,0,1,0
29,290535,2,2,0,3,97,350,18,9,2010,7,12,39,1,2,3,SR-171,,45,37.27275000,-94.601166670,0,12,2,0,1,1,1,0,1,1,0,1,0,0000000,99,99,99,99,99,99,0,0,0,1,0
29,290536,1,1,0,1,99,0,18,9,2010,7,16,57,0,14,4,SECKMANRD,,14,38.39083333,-90.412222220,0,43,0,0,1,1,4,0,1,1,0,1,0,0000000,99,99,99,99,99,99,0,0,0,1,0
29,290537,2,2,0,4,127,3470,18,9,2010,7,19,15,0,12,2,US-61,,226,39.70531111,-91.388663890,0,12,6,0,8,1,1,0,3,10,2,2,0,0000000,99,99,99,99,99,99,0,0,0,1,0
29,290538,1,1,0,1,201,7310,18,9,2010,7,21,54,0,15,3,SR-ZZ,,34,36.91940556,-89.627802780,0,1,0,0,1,1,1,0,2,1,0,1,0,0000000,99,98,99,98,88,88,0,0,0,1,1
29,290539,2,2,0,4,109,0,19,9,2010,1,2,0,1,1,1,I-44,,3,37.18694444,-93.613055560,0,12,1,0,1,1,1,0,2,1,0,1,0,0000000,3,0,3,17,4,52,0,0,0,1,1
29,290540,1,1,0,2,95,4120,19,9,2010,1,3,7,0,14,6,BROADWAYST,,19,39.08017500,-94.591969440,0,58,0,0,1,1,3,0,3,10,0,10,0,0000000,3,8,3,10,3,31,0,0,0,1,1
29,290541,2,2,0,2,109,0,20,9,2010,2,10,0,0,14,3,SR-K,2185,61,37.00567222,-93.717025000,0,12,6,0,2,2,1,0,1,1,0,1,0,0000000,10,19,10,37,11,16,0,0,0,1,0
29,290542,1,1,0,1,71,0,20,9,2010,2,10,30,1,11,1,I-44,,39,38.25027778,-91.134250000,0,18,0,0,1,1,1,1,1,1,0,1,0,0000000,99,99,99,99,99,99,0,0,0,1,0
29,290543,1,1,0,1,109,420,20,9,2010,2,13,42,0,14,6,CHURCHST,,61,36.97065833,-93.716544440,0,43,0,0,1,1,4,0,1,1,0,1,0,0000000,99,98,99,98,88,88,0,0,0,1,0
29,290544,3,3,0,3,23,0,20,9,2010,2,16,10,1,2,2,US-67,343,207,36.67205556,-90.501972220,0,12,1,0,3,1,1,0,1,1,0,1,0,0000000,99,99,99,99,99,99,0,0,0,1,0
29,290545,1,1,0,1,215,0,20,9,2010,2,20,45,0,3,3,SR-17,,95,37.53980556,-92.127111110,0,31,0,0,1,1,4,0,2,1,0,1,0,0000000,20,47,21,16,88,88,0,0,0,1,0
29,290546,1,1,1,1,161,7050,20,9,2010,2,21,26,1,1,1,I-44,,268,38.00622222,-91.616583330,0,8,0,0,1,1,1,0,2,1,0,1,0,0000000,21,30,21,33,88,88,0,0,0,1,0
29,290547,1,1,1,1,21,0,21,9,2010,3,7,39,0,5,3,SR-DD,,60,39.60163889,-94.604472220,0,8,0,0,1,1,1,0,1,1,0,1,0,0000000,7,48,8,7,8,42,0,0,0,1,0
29,290548,1,1,0,1,213,0,21,9,2010,3,19,40,0,6,4,BEECREEKRD,,8,36.68363889,-93.214638890,0,53,0,0,1,1,4,0,2,1,0,1,0,0000000,19,45,19,48,20,7,0,0,0,1,1
29,290549,1,1,1,2,127,3470,21,9,2010,3,20,8,0,16,6,MUNGERLN,COACHLIGHTDR,11,39.71401111,-91.400563890,0,8,0,0,3,3,1,0,3,10,2,2,0,0000000,99,99,99,99,99,99,0,0,0,1,0
29,290550,1,1,0,6,105,0,21,9,2010,3,21,43,1,1,1,I-44,,106,37.73950000,-92.591611110,0,59,0,0,1,1,10,0,2,1,0,1,0,0000000,99,99,99,99,99,99,0,0,0,1,0
29,290551,2,2,0,2,187,2670,20,5,2010,5,5,40,0,14,6,COLUMBIAST,WALKERDR,2,37.77089722,-90.447702780,0,12,2,0,2,2,1,0,1,2,0,2,0,0000000,99,99,99,99,99,99,0,0,0,1,1
29,290552,1,1,0,1,189,0,1,7,2010,5,12,10,0,6,8,SOUTHFIELDCTR,,3,38.52608056,-90.359536110,0,33,0,0,1,1,4,0,1,1,0,1,0,0000000,12,14,12,18,12,35,0,0,0,1,0
29,290553,1,1,0,1,223,6260,30,7,2010,6,16,49,0,2,3,SR-34,,118,37.16050556,-90.690472220,0,30,0,0,1,1,4,0,1,10,0,10,0,0000000,16,50,16,51,18,2,0,0,0,1,0
29,290554,1,1,0,5,97,0,20,8,2010,6,17,30,1,2,2,US-71,,107,37.20608333,-94.307000000,0,5,0,0,1,1,1,0,1,1,0,1,0,0000000,99,99,99,99,99,99,0,0,0,1,0
29,290555,1,1,0,1,187,2190,27,8,2010,6,17,50,1,12,2,US-67,,194,37.88063889,-90.509627780,0,43,0,0,1,1,4,0,1,1,0,1,0,0000000,99,98,99,98,88,88,0,0,0,1,1
29,290556,1,1,1,1,95,3280,19,9,2010,1,13,20,0,16,6,152NDTERR,,3,38.84736944,-94.523216670,0,8,0,0,1,1,1,0,1,1,0,1,0,0000000,99,99,99,99,99,99,0,0,0,1,0
29,290557,1,1,0,1,95,0,19,9,2010,1,18,29,0,6,6,BUCKNER-TARSNEYRD,,39,38.89870278,-94.218475000,0,1,0,0,1,1,4,0,1,10,0,10,0,0000000,18,31,18,38,19,22,0,0,0,1,0
29,290558,2,2,0,3,141,0,22,9,2010,4,13,1,0,3,3,SR-30,,70,38.43500000,-92.946527780,0,12,6,0,1,1,1,0,1,10,0,10,0,0000000,13,9,13,17,14,26,0,0,0,2,0
29,290559,2,2,0,3,21,7070,23,9,2010,5,10,27,1,12,6,BELTHWY,FARAONST,41,39.76968056,-94.803605560,0,12,6,0,2,2,1,0,1,10,0,10,0,0000000,99,99,99,99,99,99,0,0,0,1,0
29,290560,1,1,0,1,189,0,23,9,2010,5,11,11,0,12,4,NEWHALLSFERRY,,55,38.77381944,-90.270750000,0,30,0,0,1,1,4,0,1,1,0,1,0,0000000,11,14,11,18,11,45,0,0,0,1,0
29,290561,1,1,0,3,93,0,24,9,2010,6,10,0,0,3,3,SR-221,,21,37.62797222,-90.622555560,0,38,0,0,1,1,4,0,1,10,0,10,0,0000000,10,17,11,1,99,99,0,0,0,1,0
29,290562,1,1,0,1,71,0,24,9,2010,6,15,18,0,3,3,SR-30,,78,38.31261111,-90.865805560,0,1,0,0,1,1,1,0,1,1,0,1,0,0000000,15,15,15,24,16,12,0,0,0,1,0
29,290563,3,3,0,3,49,0,24,9,2010,6,19,42,1,1,1,I-35,,205,39.46350000,-94.318750000,0,12,1,0,1,1,1,1,2,1,0,1,0,0000000,19,42,19,55,20,32,0,0,0,1,0
29,290564,1,1,0,1,35,0,24,9,2010,6,23,45,1,2,2,US-60,,202,37.02813889,-90.920638890,0,1,0,0,1,1,4,0,2,1,0,1,0,0000000,17,26,17,45,19,5,18,0,0,1,0
29,290565,1,1,0,1,209,0,25,9,2010,7,16,20,0,5,3,SR-CC,,25,36.90294444,-93.489638890,0,1,0,0,1,1,4,0,1,1,0,1,0,0000000,16,20,16,41,17,14,0,0,0,1,0
29,290566,1,1,0,1,43,0,26,9,2010,1,12,20,1,2,2,US-65,,71,36.92452778,-93.237138890,0,35,0,0,1,1,4,0,1,10,0,10,0,0000000,99,99,99,99,99,99,0,0,0,1,0
29,290567,2,2,0,8,97,4100,26,9,2010,1,14,57,0,16,6,W4THST,,39,37.08704444,-94.479138890,0,12,2,0,1,1,1,0,1,10,0,10,0,0000000,99,99,99,99,99,99,0,0,0,2,0
29,290568,1,1,1,1,71,7630,26,9,2010,1,15,5,0,16,6,CLARKST,,3,38.21191944,-91.161775000,0,8,0,0,1,1,1,0,1,10,0,10,0,0000000,99,98,99,98,88,88,0,0,0,1,0
29,290569,1,1,0,1,31,3980,26,9,2010,1,16,39,0,14,2,US-61,,146,37.40861389,-89.653544440,0,38,0,0,1,1,4,0,1,1,0,1,0,0000000,16,37,16,40,17,9,0,0,0,1,0
29,290570,3,3,0,5,95,4120,27,9,2010,2,14,47,0,12,6,E23RDST,CLEVELANDAVE,7,39.08390556,-94.538375000,0,12,6,0,2,2,1,0,1,1,0,1,0,0000000,14,47,14,51,99,99,0,0,0,1,0
29,290571,2,2,0,6,85,0,27,9,2010,2,18,20,0,4,3,SR-D,220,28,37.90516667,-93.232055560,0,12,6,0,2,2,1,0,1,1,0,1,0,0000000,18,18,18,46,99,99,0,0,0,1,0
29,290572,1,1,1,1,95,4120,27,9,2010,2,19,56,1,11,1,I-70,,111,39.04706111,-94.442694440,0,8,0,0,1,1,1,0,2,1,0,1,0,0000000,99,98,99,98,88,88,0,0,0,1,0
29,290573,1,1,0,3,213,980,27,9,2010,2,21,0,0,16,6,BRANSONHILLSPKWY,SR-248,0,36.69075000,-93.250388890,0,35,0,0,3,3,4,0,3,1,0,1,0,0000000,21,23,21,31,21,45,0,0,0,2,1
29,290574,1,1,0,2,149,0,28,9,2010,3,6,30,0,4,3,SR-99,,85,36.77977778,-91.530944440,0,35,0,0,1,1,4,0,1,1,0,1,0,0000000,6,49,7,25,8,50,0,0,0,1,0
29,290575,1,1,0,2,183,7010,30,9,2010,5,21,2,0,6,4,WASHEONRD,,9,38.89815000,-90.491408330,0,35,0,0,1,1,4,0,2,1,0,1,0,0000000,99,98,99,98,88,88,0,0,0,2,1
29,290576,1,1,0,1,213,0,29,6,2010,3,15,49,0,4,3,SR-125,,264,36.52188889,-92.857194440,0,35,0,0,1,1,4,0,1,1,0,1,0,0000000,99,99,99,99,99,99,0,0,0,1,0
29,290577,1,1,0,1,37,0,16,7,2010,6,16,0,0,14,3,SR-D,,36,38.79444444,-94.586944440,0,41,0,0,1,1,4,0,1,1,0,1,0,0000000,99,99,99,99,99,99,0,0,0,1,0
29,290579,1,1,0,1,510,7080,1,10,2010,6,2,45,0,16,6,9THST,,9,38.65441111,-90.192905560,0,24,0,0,1,1,5,0,3,1,0,1,0,0000000,99,98,99,98,88,88,0,0,0,1,1
29,290580,2,1,0,3,95,4120,1,10,2010,6,7,47,0,13,6,31ST,,35,39.06950000,-94.542844440,0,14,0,0,1,1,7,0,1,1,0,1,0,0000000,7,48,7,55,8,37,0,0,0,1,0
29,290581,1,1,0,2,213,0,1,10,2010,6,8,10,1,2,2,US-65,,193,36.75933333,-93.222361110,0,1,0,0,1,1,1,0,1,1,0,1,0,0000000,8,14,8,26,8,58,0,0,0,1,0
29,290582,1,1,1,1,31,0,1,10,2010,6,17,53,0,6,8,SLEGENDDR,WALNUT,2,37.43961111,-89.647777780,0,8,0,0,3,1,1,0,1,1,0,1,0,0000000,99,99,99,99,99,99,0,0,0,1,0
29,290583,1,1,0,2,37,0,1,10,2010,6,22,38,1,12,2,US-71,,262,38.79472222,-94.497500000,0,34,0,0,1,1,3,0,2,1,0,1,0,0000000,99,99,99,99,99,99,0,0,0,1,0
29,290584,2,2,0,2,95,840,2,10,2010,7,0,20,0,12,2,US-40,SWWOODSCHAPELRD,199,39.00908611,-94.309802780,0,12,1,0,2,2,1,0,8,1,0,1,0,0000000,99,99,99,99,99,99,0,0,0,1,1
29,290585,1,1,0,1,55,7510,2,10,2010,7,5,10,0,16,6,BIRDSNESTRD,,31,37.98038889,-91.355555560,0,53,0,0,1,1,4,0,2,1,0,1,0,0000000,5,30,5,40,99,99,0,0,0,1,1
29,290586,1,1,1,1,510,7080,2,10,2010,7,22,30,0,12,6,GRAVOISRD,DUNNICAAVE,28,38.58873611,-90.257583330,0,9,0,0,2,3,1,0,3,1,0,1,0,0000000,99,99,99,99,99,99,0,0,0,1,1
29,290587,1,1,0,1,209,0,3,10,2010,1,2,0,0,6,4,POINEERPOINT,,33,36.67644444,-93.474111110,0,1,0,0,1,1,4,0,2,1,0,1,0,0000000,99,98,99,98,88,88,0,0,0,1,1
29,290588,1,1,0,1,95,4120,4,10,2010,2,11,37,0,14,6,BLUERIVERRD,,78,38.90342500,-94.576761110,0,42,0,0,1,1,4,0,1,1,0,1,0,000000,99,98,99,98,88,88,0,0,0,1,1
29,290589,1,1,1,2,97,0,4,10,2010,2,15,50,0,14,3,SR-66,BLACKCATRD,29,37.08491667,-94.566944440,0,9,0,0,3,1,1,0,1,1,0,1,0,0000000,15,52,15,54,99,99,0,0,0,1,0
29,290590,3,3,0,5,47,0,7,10,2010,5,13,43,1,12,3,SR-92,NATIONRD,114,39.36777778,-94.388611110,0,12,1,0,3,1,1,0,1,1,0,1,0,0000000,13,43,13,47,15,30,0,0,0,1,0
29,290591,2,2,0,2,165,4120,7,10,2010,5,22,14,0,14,6,NWCOOKINGHAMDR,NROBINHOODLN,27,39.31101667,-94.621197220,0,12,6,0,2,2,1,0,2,1,0,1,0,0000000,22,12,22,19,22,47,0,0,0,1,0
29,290592,2,2,0,3,225,0,8,10,2010,6,2,16,1,1,1,I-44,,28,37.27666667,-93.044944440,0,12,2,0,1,1,1,0,2,1,0,1,0,0000000,2,19,2,34,88,88,0,0,0,1,1
29,290593,2,2,0,4,229,0,8,10,2010,6,15,15,0,3,3,SR-5,,185,37.26483333,-92.519388890,0,12,6,0,1,1,4,0,1,1,0,1,0,0000000,15,12,15,36,17,2,0,0,0,1,0
29,290594,3,3,0,5,189,7760,8,10,2010,6,15,50,1,11,1,I-270,,125,38.63247222,-90.450166670,0,12,1,0,1,1,1,0,1,1,0,1,0,0000000,16,11,16,20,16,38,0,0,0,1,0
29,290595,2,2,0,2,217,0,8,10,2010,6,18,30,1,2,2,US-54,200RD,8,37.84283333,-94.601611110,0,12,2,0,2,2,1,0,1,1,0,1,0,0000000,99,99,99,99,99,99,0,0,0,1,1
29,290596,2,2,0,2,43,6020,8,10,2010,6,18,47,1,12,6,JACKSON,21STST,237,37.02309444,-93.232619440,0,12,6,0,2,3,1,0,1,1,0,1,0,0000000,18,48,18,54,88,88,0,0,0,1,0
29,290597,1,1,0,1,95,0,8,10,2010,6,22,30,0,6,6,HARRIS,,24,38.87553056,-94.285366670,0,43,0,0,1,1,4,0,2,1,0,1,0,0000000,99,98,99,98,88,88,0,0,0,1,1
29,290598,1,1,0,1,47,4120,8,10,2010,6,23,15,0,16,6,NMAINST,,25,39.16068611,-94.581997220,9,35,0,0,1,1,4,0,3,1,0,1,0,0000000,99,98,99,98,88,88,0,0,0,1,1
29,290599,1,1,0,1,23,0,9,10,2010,7,1,5,0,6,4,461,484,60,36.70100000,-90.546694440,0,58,0,0,2,3,4,0,2,1,0,1,0,0000000,99,98,99,98,88,88,0,0,0,1,1
29,290600,1,1,0,2,89,0,9,10,2010,7,2,1,0,4,3,SR-W,,53,39.09086111,-92.603861110,0,34,0,0,1,1,4,0,2,5,0,5,0,0000000,2,2,2,13,3,33,0,0,0,1,1
29,290601,2,2,0,4,510,7080,13,8,2010,6,22,40,0,13,6,HAMPTONAVE,,24,38.59773611,-90.292602780,0,12,6,0,1,1,1,0,3,1,0,1,0,0000000,22,43,22,57,23,8,0,0,0,1,1
29,290602,1,1,0,1,187,0,9,9,2010,5,12,25,0,14,3,SR-221,,8,37.76750000,-90.457277780,0,32,0,0,1,1,4,0,1,2,10,2,0,0000000,12,28,12,36,12,55,0,0,0,1,0
29,290603,2,1,0,2,510,7080,9,10,2010,7,18,0,0,13,6,BROADWAY,,12,38.58855000,-90.223311110,0,33,0,0,1,1,4,0,1,1,0,1,0,0000000,18,0,18,11,18,24,14,0,0,1,1
29,290604,1,1,0,1,119,0,9,10,2010,7,21,20,0,6,4,CREEKSIDERD,,14,36.62502778,-94.253777780,0,42,0,0,1,1,4,0,2,1,0,1,0,0000000,99,98,99,98,88,88,0,0,0,1,1
29,290605,1,1,0,6,155,0,10,10,2010,1,8,19,1,1,1,I-55,,24,36.03219444,-89.865138890,0,32,0,0,1,1,3,0,1,1,0,1,0,0000000,99,99,99,99,99,99,0,0,0,3,0
29,290606,2,2,0,3,43,0,10,10,2010,1,11,0,0,2,2,US-160,,179,36.85088889,-93.319388890,0,12,6,0,1,1,1,0,1,10,0,10,0,0000000,99,99,99,99,99,99,0,0,0,2,0
29,290607,3,3,0,3,189,0,10,10,2010,1,14,45,0,12,3,SR-231,,99,38.41933333,-90.347441670,0,12,2,0,1,1,1,0,1,1,0,1,0,0000000,14,45,14,50,88,88,0,0,0,1,0
29,290608,1,1,0,2,213,0,10,10,2010,1,15,30,0,14,3,SR-F,,16,36.71213889,-93.197583330,0,34,0,0,1,1,4,0,1,1,0,1,0,0000000,15,39,15,50,16,9,0,0,0,1,1
29,290609,2,2,0,5,71,0,10,10,2010,1,15,35,0,4,3,SR-O,,25,38.41944444,-90.782222220,0,12,2,0,1,1,1,0,1,10,0,10,0,0000000,99,99,99,99,99,99,0,0,0,1,0
29,290610,3,3,0,8,189,0,10,10,2010,1,16,58,1,11,1,I-44,,141,38.52194444,-90.545555560,0,12,6,0,1,1,1,0,1,1,0,1,0,0000000,16,59,17,6,17,24,0,0,0,2,0
29,290611,1,1,0,1,121,0,11,10,2010,2,20,25,0,4,3,SR-3,,127,39.87716667,-92.627194440,0,1,0,0,1,1,4,0,2,1,0,1,0,0000000,99,98,99,98,88,88,0,0,0,1,0
29,290612,1,1,0,2,137,0,11,10,2010,2,22,0,0,6,4,390,,10,39.64361111,-91.783611110,0,58,0,0,1,1,4,0,2,1,0,1,0,0000000,22,10,22,23,88,88,0,0,0,2,1
29,290613,1,1,0,1,183,7010,12,10,2010,3,8,22,1,11,1,I-70,,257,38.77083333,-90.500555560,0,21,0,0,1,1,4,0,1,1,0,1,0,0000000,8,25,8,33,88,88,0,0,0,1,0
29,290614,1,1,0,1,95,4120,13,10,2010,4,20,30,1,11,1,I-35,,0,39.07615000,-94.606477780,0,25,0,0,1,1,3,0,3,1,0,1,0,0000000,20,41,20,46,21,2,0,0,0,1,0
29,290615,2,2,0,3,117,0,14,10,2010,5,12,45,1,2,2,US-36,255,63,39.77638889,-93.481944440,0,12,1,0,3,1,2,0,1,1,0,1,0,0000000,12,56,13,17,13,59,0,0,0,1,0
29,290616,2,2,0,4,63,1350,14,10,2010,5,21,9,1,12,2,US-36,US-36BUS,25,39.75395000,-94.252255560,0,12,6,0,2,2,1,0,3,1,0,1,0,0000000,21,11,21,15,21,37,0,0,0,1,0
29,290617,1,1,0,1,69,0,15,10,2010,6,5,10,0,4,3,SR-N,,33,36.09030556,-90.156194440,0,32,0,0,1,1,4,0,2,1,0,1,0,0000000,99,98,99,98,88,88,0,0,0,1,0
29,290618,2,2,0,2,77,7460,16,10,2010,7,21,35,1,12,6,KANSASEXPY,MTVERNONST,155,37.20431944,-93.313000000,0,12,6,0,2,2,1,0,3,1,0,1,0,0000000,21,36,21,42,22,2,0,0,0,1,1
29,290619,1,1,0,1,95,3940,16,10,2010,7,11,31,0,14,6,TRUMANRD,,128,39.09121111,-94.342008330,0,30,0,0,1,1,4,0,1,1,0,1,0,0000000,11,34,11,38,12,0,0,0,0,1,1
29,290620,1,1,0,1,23,0,16,10,2010,7,15,15,0,6,4,314,,29,36.70788889,-90.438027780,0,10,0,0,6,1,1,0,1,1,0,1,0,438529J,99,98,99,98,88,88,0,0,0,1,0
29,290621,2,2,0,3,95,3940,16,10,2010,7,17,38,1,12,2,US-24,ELSEASMITH,86,39.13828333,-94.262722220,0,12,6,0,2,2,1,0,1,1,0,1,0,0000000,99,99,99,99,99,99,0,0,0,1,0
29,290622,1,1,0,1,101,0,17,10,2010,1,23,39,0,6,4,300,SR-T,31,38.72808333,-94.068527780,0,35,0,0,3,1,4,0,2,1,0,1,0,0000000,23,48,0,4,0,50,0,0,0,1,1
29,290623,2,2,0,2,187,0,17,10,2010,1,16,20,0,4,3,SR-D,SR-O,42,37.85141667,-90.423000000,0,12,6,0,2,3,1,0,1,10,0,10,0,0000000,99,98,99,98,88,88,0,0,0,1,1
29,290624,1,1,0,1,77,0,18,10,2010,2,2,25,1,1,1,I-44,,191,37.20477778,-93.402527780,0,11,0,0,1,1,1,0,2,1,0,1,0,0000000,2,31,2,42,88,88,0,0,0,1,0
29,290625,1,1,0,5,71,0,18,10,2010,2,11,58,0,4,3,SR-FF,,13,38.29383333,-90.826777780,0,1,0,0,1,1,1,0,1,10,0,10,0,0000000,12,57,13,1,13,58,0,0,0,1,1
29,290626,1,1,0,1,95,4120,19,10,2010,3,21,55,0,14,6,MEYERRD,,19,39.01250278,-94.568322220,0,42,0,0,1,1,4,0,3,10,0,10,0,0000000,21,56,22,2,22,10,0,0,0,1,0
29,290627,1,1,0,1,209,0,19,10,2010,3,6,45,0,3,3,SR-413,,131,36.78269444,-93.443138890,0,1,0,0,1,1,4,0,1,10,0,10,0,0000000,7,1,7,14,88,88,0,0,0,1,0
29,290628,2,2,0,3,223,0,19,10,2010,3,15,20,1,2,2,US-67,SR-34,105,37.18502778,-90.465944440,0,12,6,0,2,3,1,0,1,1,0,1,0,0000000,99,99,99,99,99,99,0,0,0,1,0
29,290629,3,3,0,4,127,6050,20,10,2010,4,15,53,1,2,2,US-61,ROSSST,153,39.79425000,-91.517122220,0,12,6,0,2,2,1,0,1,1,0,1,0,0000000,15,58,16,19,16,50,0,0,0,1,0
29,290630,2,2,0,2,189,2780,20,10,2010,4,21,28,0,15,6,NWATERFORDDR,THOROUGHBREDLN,4,38.79659444,-90.295897220,0,12,6,0,2,3,1,0,3,1,0,1,0,0000000,99,98,99,98,88,88,0,0,0,1,2
29,290631,2,2,0,3,145,0,22,10,2010,6,14,51,0,3,3,SR-86,,256,36.87475000,-94.292777780,0,1,0,0,1,1,1,0,1,2,0,2,0,0000000,99,98,99,98,88,88,14,0,0,1,0
29,290632,1,1,0,1,219,0,22,10,2010,6,22,40,0,5,4,AUGUSTABOTTOM,,16,38.55886111,-90.965888890,0,1,0,0,1,1,4,0,2,1,0,1,0,0000000,0,59,1,13,88,88,0,0,0,1,0
29,290633,1,1,0,2,95,3940,23,10,2010,7,2,57,0,16,6,COGANDR,,5,39.06775278,-94.384830560,0,32,0,0,1,1,4,0,2,10,0,10,0,0000000,99,99,99,99,99,99,0,0,0,2,1
29,290634,1,1,0,1,223,0,23,10,2010,7,7,15,0,16,6,WHITEOAK,,6,36.97325000,-90.549722220,0,39,0,0,1,1,4,0,1,10,0,10,0,0000000,99,98,99,98,88,88,0,0,0,1,0
29,290635,1,1,0,1,7,0,24,10,2010,1,10,45,0,6,4,440,,8,39.23583333,-91.829944440,0,58,0,0,1,1,4,0,1,10,0,10,0,0000000,11,24,11,31,88,88,0,0,0,1,1
29,290636,3,3,1,4,27,3781,13,9,2010,2,22,31,1,12,2,US-54,,327,38.65485278,-92.112208330,0,8,0,0,1,1,1,0,2,10,0,10,0,0000000,99,98,99,98,88,88,0,0,0,1,0
29,290637,1,1,0,1,95,3280,28,9,2010,3,2,23,1,12,2,US-71,,29,38.88463333,-94.525425000,0,25,0,0,1,1,3,0,3,1,0,1,0,0000000,2,26,2,34,88,88,0,0,0,1,0
29,290638,1,1,0,1,37,600,4,10,2010,2,9,12,1,12,2,US-71,,25,38.82682222,-94.523008330,0,59,0,0,1,1,4,0,1,10,0,10,0,0000000,9,10,9,14,9,49,0,0,0,1,1
29,290639,3,3,0,4,95,4490,22,10,2010,6,15,36,1,12,2,US-50,,123,38.91660833,-94.400363890,0,12,6,0,1,1,1,0,1,2,0,2,0,0000000,99,99,99,99,99,99,0,0,0,1,1
29,290640,2,2,0,4,187,0,26,10,2010,3,19,34,0,4,3,SR-47,,29,37.92977778,-90.603222220,0,12,6,0,1,1,1,0,2,10,0,10,0,0000000,99,99,99,99,99,99,13,0,0,1,0
29,290642,2,2,0,3,103,0,27,10,2010,4,19,15,0,4,3,SR-M,,22,40.27191667,-92.092000000,0,12,1,0,1,1,1,0,2,1,0,1,0,0000000,19,14,19,44,20,43,0,0,0,1,0
29,290643,2,2,0,2,71,0,28,10,2010,5,16,30,0,4,3,SR-O,,58,38.41558333,-90.811833330,0,12,2,0,1,1,1,0,1,1,0,1,0,0000000,99,98,99,98,88,88,0,0,0,1,1