STATE,ST_CASE,VE_TOTAL,VE_FORMS,PEDS,PERSONS,COUNTY,CITY,DAY,MONTH,YEAR,DAY_WEEK,HOUR,MINUTE,NHS,ROAD_FNC,ROUTE,TWAY_ID,TWAY_ID2,MILEPT,LATITUDE,LONGITUD,SP_JUR,HARM_EV,MAN_COLL,RELJCT1,RELJCT2,TYP_INT,REL_ROAD,WRK_ZONE,LGT_COND,WEATHER1,WEATHER2,WEATHER,SCH_BUS,RAIL,NOT_HOUR,NOT_MIN,ARR_HOUR,ARR_MIN,HOSP_HR,HOSP_MN,CF1,CF2,CF3,FATALS,DRUNK_DR
29,290644,1,1,0,1,186,7090,28,10,2010,5,18,35,0,4,2,US-61,,271,37.88027778,-89.950833330,0,39,0,0,1,1,4,0,3,1,0,1,0,0000000,18,36,18,59,20,10,0,0,0,1,0
29,290645,1,1,0,1,151,0,28,10,2010,5,22,25,0,4,3,SR-100,,198,38.68780556,-91.740083330,0,34,0,0,1,1,4,0,2,1,0,1,0,0000000,99,98,99,98,88,88,0,0,0,1,1
29,290646,2,2,1,1,47,0,29,10,2010,6,1,15,0,4,3,SR-210,,152,39.23663889,-94.309222220,0,12,1,0,1,1,1,0,2,1,0,1,0,0000000,99,98,99,98,88,88,0,0,0,1,0
29,290647,2,2,0,4,189,0,30,10,2010,7,1,13,0,13,3,SR-AC,SR-U,80,38.74248333,-90.252202780,0,12,6,0,2,3,1,0,3,1,0,1,0,0000000,1,21,1,28,1,52,20,0,0,1,1
29,290648,1,1,0,1,143,0,31,10,2010,1,2,0,0,4,3,SR-M,,63,36.44138889,-89.574166670,0,34,0,0,1,1,4,0,2,1,0,1,0,0000000,8,5,8,16,88,88,0,0,0,1,1
29,290649,1,1,0,2,95,4120,31,10,2010,1,8,11,0,14,6,MEYERBLVD,MAINST,7,39.01208611,-94.588450000,0,33,0,0,3,2,4,0,1,10,0,10,0,0000000,99,98,99,98,88,88,20,0,0,2,1
29,290650,1,1,0,1,119,0,30,10,2010,7,9,20,1,2,2,US-71,,78,36.64358333,-94.419611110,0,52,0,0,1,1,4,0,1,1,0,1,0,0000000,99,98,99,98,88,88,0,0,0,1,0
29,290651,1,1,0,2,161,0,31,10,2010,1,11,37,1,1,1,I-44,,48,37.91655556,-91.971083330,0,57,0,0,1,1,3,0,1,1,0,1,0,0000000,11,38,11,51,12,33,0,0,0,1,0
29,290652,1,1,0,4,173,0,31,10,2010,1,14,30,0,4,3,SR-T,,118,39.57822222,-91.259972220,0,5,0,0,1,1,1,0,1,1,0,1,0,0000000,99,99,99,99,99,99,0,0,0,1,0
29,290653,1,1,0,2,95,4120,2,11,2010,3,19,12,1,12,2,US-71,,109,38.96695833,-94.544233330,0,1,0,1,18,1,1,0,3,1,0,1,0,0000000,19,12,19,27,19,42,0,0,0,1,1
29,290654,2,2,0,3,169,0,2,11,2010,3,19,12,0,3,3,SR-C,,5,37.99872222,-92.112250000,0,12,2,0,1,1,1,0,2,1,0,1,0,0000000,19,14,19,17,99,99,0,0,0,2,0
29,290655,2,2,0,5,43,0,3,11,2010,4,11,30,1,2,2,US-65,,72,36.91650000,-93.243750000,0,12,1,0,1,1,1,0,1,1,0,1,0,0000000,11,35,11,45,88,88,0,0,0,1,0
29,290656,1,1,0,1,99,0,3,11,2010,4,19,18,0,14,3,SR-M,,71,38.34622222,-90.390027780,0,35,0,0,1,1,4,0,3,1,0,1,0,0000000,19,20,19,27,88,88,0,0,0,1,1
29,290657,1,1,0,1,89,0,3,11,2010,4,7,12,0,6,2,US-240BUS,,29,39.23627778,-92.805305560,0,42,0,0,1,1,4,0,2,1,0,1,0,0000000,7,19,7,29,88,88,0,0,0,1,1
29,290658,1,1,0,1,163,0,4,11,2010,5,2,6,0,3,3,SR-161,,75,39.24555556,-91.228055560,0,1,0,0,1,1,4,0,2,1,0,1,0,0000000,99,98,99,98,88,88,0,0,0,1,1
29,290659,2,2,0,2,109,0,4,11,2010,5,0,3,0,6,4,1206,,1,37.16747222,-93.685527780,0,12,1,0,1,1,1,0,2,1,0,1,0,0000000,0,4,0,47,1,26,0,0,0,1,0
29,290660,3,3,0,5,23,0,6,11,2010,7,10,35,1,2,2,US-67,,45,36.87458333,-90.504055560,0,12,2,0,1,1,1,0,1,1,0,1,0,0000000,99,99,99,99,99,99,14,0,0,1,0
29,290661,1,1,0,1,221,0,7,11,2010,1,17,35,0,4,3,SR-CC,,19,38.06302778,-90.659750000,0,53,0,0,1,1,4,0,2,1,0,1,0,0000000,17,43,17,50,18,33,0,0,0,1,1
29,290662,1,1,0,1,67,0,8,11,2010,2,6,45,0,3,3,SR-14,,24,37.01916667,-92.864722220,0,1,0,0,1,1,4,0,1,1,0,1,0,0000000,6,43,7,13,7,36,0,0,0,1,0
29,290663,2,2,0,3,169,0,9,11,2010,3,12,15,0,3,3,SR-17,,69,37.92583333,-92.264194440,0,12,6,0,1,1,1,0,1,1,0,1,0,0000000,12,25,12,43,13,32,0,0,0,1,0
29,290664,1,1,0,1,19,0,9,11,2010,3,19,10,0,6,7,I-70SOR,,0,38.97111111,-92.432222220,0,58,0,0,1,1,4,0,2,1,0,1,0,0000000,99,98,99,98,88,88,0,0,0,1,1
29,290665,2,2,0,4,77,7460,10,11,2010,4,15,10,0,15,6,FORTAVE,LINDBERGST,26,37.17690556,-93.308877780,0,12,6,0,2,2,1,0,1,10,0,10,0,0000000,15,26,15,36,16,6,0,0,0,1,0
29,290666,1,1,1,1,510,7080,10,11,2010,4,18,4,0,14,6,JAMIESONAVE,MARQUETTEAVE,6,38.60039722,-90.308236110,0,8,0,0,2,2,1,0,2,1,0,1,0,0000000,18,4,18,8,18,29,0,0,0,1,0
29,290667,2,2,0,3,175,5270,11,11,2010,5,19,16,0,12,2,US-24,EOR,158,39.44540556,-92.421097220,0,12,2,0,2,2,1,0,3,2,0,2,0,0000000,19,18,19,20,19,41,0,0,0,1,0
29,290668,1,1,0,1,205,0,11,11,2010,5,1,30,0,6,4,232,,10,39.83413889,-92.020888890,0,35,0,0,1,1,4,0,2,10,0,10,0,0000000,99,98,99,98,88,88,0,0,0,1,1
29,290669,1,1,0,1,69,0,12,11,2010,6,3,40,0,5,3,SR-Z,,14,36.22344444,-90.019444440,0,1,0,0,1,1,5,0,2,1,0,1,0,0000000,99,98,99,98,88,88,0,0,0,1,0
29,290670,4,4,0,6,47,4120,12,11,2010,6,9,41,1,12,2,US-169,,208,39.16299722,-94.590169440,0,12,2,0,1,1,1,0,1,2,0,2,0,0000000,9,42,9,52,10,5,0,0,0,1,0
29,290671,1,1,1,1,183,7010,12,11,2010,6,22,46,0,15,7,I-70SOR,,52,38.78526111,-90.530813890,0,8,0,0,1,1,1,0,2,1,0,1,0,0000000,99,99,99,99,99,99,0,0,0,1,0
29,290672,1,1,0,1,183,0,13,11,2010,7,5,15,0,5,4,AUGUSTABOTTOMRD,,5,38.56336111,-90.956888890,0,34,0,0,1,1,4,0,2,10,0,10,0,0000000,99,98,99,98,88,88,0,0,0,1,0
29,290673,1,1,1,2,95,4120,13,11,2010,7,13,19,0,13,6,ANTIOCHRD,,49,39.17781111,-94.549058330,0,9,0,0,1,1,1,0,1,1,0,1,0,0000000,13,20,13,24,13,41,0,0,0,1,0
29,290674,1,1,0,1,189,0,14,11,2010,1,3,28,1,11,1,I-270,,4,38.76750000,-90.191666670,0,24,0,0,1,1,4,0,2,1,0,1,0,0000000,3,33,4,0,4,20,0,0,0,1,1
29,290675,1,1,0,2,101,0,14,11,2010,1,15,23,0,4,3,SR-131,,14,38.89358333,-93.962500000,0,34,0,0,1,1,4,0,1,1,0,1,0,0000000,15,23,15,44,17,2,0,0,0,1,1
29,290676,1,1,1,1,21,7070,15,11,2010,2,7,37,0,13,6,STJOSEPHAVE,GRANDAVE,29,39.78203056,-94.851622220,0,8,0,0,3,2,1,0,1,1,0,1,1,0000000,99,99,99,99,99,99,0,0,0,1,0
29,290677,1,1,0,1,189,0,15,11,2010,2,10,19,0,15,4,DIELMAN,,4,38.68338056,-90.375786110,0,10,0,0,6,1,1,0,1,1,0,1,0,596317N,99,98,99,98,88,88,0,0,0,1,0
29,290678,1,1,0,1,125,0,15,11,2010,2,16,35,0,4,3,SR-133,,230,38.02469444,-92.113972220,0,1,0,0,1,1,4,0,1,1,0,1,0,0000000,99,98,99,98,88,88,0,0,0,1,1
29,290679,2,2,0,3,53,0,16,11,2010,3,9,19,0,5,2,US-40OLD,OAKALLEYCT,16,38.93563889,-92.810361110,0,12,1,0,3,1,1,0,1,1,0,1,0,0000000,9,20,9,28,88,88,0,0,0,1,0
29,290680,1,1,1,0,43,0,16,11,2010,3,12,5,0,6,4,CEDARHILLSRD,BERKSHIRERD,4,37.00333333,-93.236944440,0,8,0,0,2,3,1,0,1,10,0,10,0,0000000,12,14,12,20,12,53,0,0,0,1,0
29,290681,1,1,1,1,510,7080,16,11,2010,3,12,35,0,13,6,HAMPTONAVE,,26,38.59264722,-90.294458330,0,8,0,0,8,1,1,0,1,1,0,1,0,0000000,99,99,99,99,99,99,0,0,0,1,0
29,290682,2,2,0,2,63,0,18,11,2010,5,16,1,1,2,2,US-36,,102,39.76169444,-94.413444440,0,12,2,0,1,1,1,0,1,1,0,1,0,0000000,16,13,16,27,16,46,0,0,0,1,0
29,290683,1,1,0,2,59,0,21,9,2010,3,10,21,1,2,2,US-65,,149,37.69564444,-93.103211110,0,31,0,0,1,1,4,0,1,1,0,1,0,0000000,99,99,99,99,99,99,0,0,0,1,0
29,290684,2,2,0,2,95,4490,1,11,2010,2,6,38,0,12,2,US-50,,103,38.93292778,-94.405963890,0,12,2,1,18,1,1,0,3,1,0,1,0,0000000,99,99,99,99,99,99,0,0,0,1,0
29,290685,1,1,0,4,95,4490,12,11,2010,6,11,39,0,14,6,NELEESSUMMITRD,,110,38.95353056,-94.379505560,0,32,0,0,1,1,4,0,1,2,0,2,0,0000000,99,99,99,99,99,99,0,0,0,2,0
29,290687,2,2,0,7,99,0,18,11,2010,5,8,30,0,4,3,SR-FF,,14,38.46233333,-90.650416670,0,12,2,0,1,1,1,0,1,10,0,10,1,0000000,8,30,8,32,9,26,0,0,0,1,0
29,290688,3,3,0,5,95,3940,19,11,2010,6,8,51,0,13,3,SR-7,,5,39.13039722,-94.289788890,0,12,8,0,1,1,1,0,1,10,0,10,0,0000000,99,99,99,99,99,99,0,0,0,1,0
29,290689,2,2,0,2,51,0,19,11,2010,6,14,49,1,2,2,US-50,SR-U,12,38.60944444,-92.414722220,0,12,6,0,2,2,1,0,1,1,0,1,0,0000000,14,58,15,23,15,40,0,0,0,1,0
29,290690,1,1,0,1,223,0,19,11,2010,6,21,56,0,4,3,SR-B,,34,37.13772222,-90.645222220,0,58,0,0,1,1,4,0,2,1,0,1,0,0000000,99,98,99,98,88,88,0,0,0,1,0
29,290691,2,2,0,2,77,7460,20,11,2010,7,9,19,0,13,6,SUNSHINEST,FORTAVE,18,37.18240556,-93.308727780,0,12,6,0,2,2,1,0,1,1,0,1,0,0000000,99,99,99,99,99,99,0,0,0,1,0
29,290692,2,2,0,2,213,0,20,11,2010,7,15,0,0,3,2,US-160,,235,36.66886111,-93.019833330,0,1,0,0,1,1,1,0,1,1,0,1,0,0000000,99,99,99,99,99,99,0,0,0,1,0
29,290693,2,1,0,2,189,0,21,11,2010,1,5,22,1,11,1,I-44,,240,38.58847222,-90.338638890,0,45,0,0,1,1,1,4,2,1,0,1,0,0000000,5,43,5,47,99,99,0,0,0,1,1
29,290694,2,1,0,2,95,3940,21,11,2010,1,6,2,1,12,3,SR-291,,165,39.06215000,-94.373100000,0,14,0,0,1,1,2,0,3,10,0,10,0,0000000,99,99,99,99,99,99,0,0,0,1,0
29,290695,1,1,0,1,510,7080,21,11,2010,1,23,50,1,11,1,I-70,,6,38.67015833,-90.202330560,0,25,0,0,1,1,3,0,3,1,0,1,0,0000000,99,99,99,99,99,99,0,0,0,1,0
29,290696,1,1,0,1,157,0,21,11,2010,1,23,14,0,4,3,SR-P,,4,37.71047222,-89.823027780,0,1,0,0,1,1,4,0,2,1,0,1,0,0000000,23,18,23,24,23,49,0,0,0,1,1
29,290697,3,3,0,4,167,880,23,11,2010,3,14,55,0,4,3,SR-T,107THRD,102,37.59161389,-93.435852780,0,12,6,0,2,2,1,0,1,1,0,1,0,0000000,99,99,99,99,99,99,0,0,0,2,0
29,290698,2,2,0,5,145,0,23,11,2010,3,15,20,0,6,4,KENTUCKY,RAVEN,41,36.89227778,-94.245861110,0,12,6,0,2,2,1,0,1,1,0,1,0,0000000,15,29,15,47,16,11,0,0,0,1,1
29,290699,2,2,0,2,99,0,23,11,2010,3,16,4,0,15,7,I-55WOR,ENGLECREEKRD,19,38.32166667,-90.401944440,0,12,6,0,2,3,1,0,1,1,0,1,0,0000000,16,6,16,12,16,48,0,0,0,1,0
29,290700,3,3,0,4,177,0,23,11,2010,3,18,5,0,4,3,SR-210,W84THST,76,39.24277778,-94.088611110,0,12,1,0,3,1,1,0,2,1,0,1,0,0000000,18,15,18,22,99,99,0,0,0,1,0
29,290701,2,2,0,2,107,0,23,11,2010,3,21,38,1,1,1,I-70,,243,38.99186111,-93.659305560,0,12,1,0,1,1,1,0,2,10,0,10,0,0000000,99,99,99,99,99,99,0,0,0,1,0
29,290702,1,1,0,1,145,0,24,11,2010,4,0,15,0,3,3,SR-59,,79,36.93111111,-94.316944440,0,23,0,0,1,1,4,0,2,10,2,2,0,0000000,99,98,99,98,88,88,0,0,0,1,0
29,290703,1,1,0,1,27,4040,24,11,2010,4,4,1,1,12,2,US-54,,14,38.60470278,-92.162008330,0,35,0,0,1,1,3,0,2,2,0,2,0,0000000,99,98,99,98,88,88,0,0,0,1,1
29,290704,1,1,0,1,183,0,24,11,2010,4,5,55,1,12,1,I-64,,183,38.70750000,-90.676666670,0,42,0,0,1,1,4,0,2,10,2,2,0,0000000,5,54,6,3,6,33,0,0,0,1,0
29,290705,2,2,0,2,157,6210,24,11,2010,4,6,47,0,16,6,LAKEDR,,5,37.71810833,-89.899002780,0,12,6,0,8,1,1,0,4,2,5,2,0,0000000,6,49,6,53,7,21,0,0,0,1,0
29,290706,1,1,0,1,185,0,24,11,2010,4,10,20,0,4,3,SR-B,,200,38.05888889,-93.709722220,0,42,0,0,1,1,4,0,1,10,2,2,0,0000000,99,98,99,98,88,88,0,0,0,1,0
29,290707,1,1,0,1,9,0,24,11,2010,4,20,25,0,3,3,SR-76,,48,36.69958333,-94.022722220,0,1,0,0,1,1,1,0,2,1,0,1,0,0000000,99,99,99,99,99,99,0,0,0,1,1
29,290708,3,3,0,8,99,0,24,11,2010,4,21,10,1,12,3,SR-W,,26,38.45111111,-90.614527780,0,12,6,0,1,1,1,0,2,10,2,2,0,0000000,21,4,21,9,21,36,0,0,0,1,0
29,290709,1,1,0,1,1,0,25,11,2010,5,1,30,0,5,3,SR-O,,81,40.24027778,-92.727222220,0,1,0,0,1,1,1,0,2,10,0,10,0,0000000,1,34,1,45,88,88,0,0,0,1,1
29,290710,1,1,0,1,95,4120,26,11,2010,6,15,30,1,13,6,BLUEPARKWAY,,11,38.96340278,-94.425905560,0,1,0,0,1,1,5,0,1,1,0,1,0,0000000,15,35,15,42,88,88,0,0,0,1,0
29,290711,1,1,0,2,29,0,27,11,2010,7,1,0,0,5,3,SR-FF,,16,38.23344444,-93.061666670,0,35,0,0,1,1,4,0,2,10,0,10,0,0000000,99,99,99,99,99,99,0,0,0,1,1
29,290712,1,1,0,2,111,0,28,11,2010,1,19,50,0,4,3,SR-H,,43,40.10386111,-91.818833330,0,1,0,0,1,1,4,0,2,1,0,1,0,0000000,99,99,99,99,99,99,0,0,0,1,1
29,290713,1,1,0,1,59,0,28,11,2010,1,22,0,0,4,3,SR-M,,31,37.51527778,-92.991666670,0,1,0,0,1,1,1,0,2,1,0,1,0,0000000,99,98,99,98,88,88,0,0,0,1,1
29,290714,1,1,0,1,39,0,29,11,2010,2,12,0,0,3,3,SR-32,,311,37.64555556,-93.658888890,0,32,0,0,1,1,4,0,1,10,2,2,0,0000000,99,98,99,98,88,88,0,0,0,1,1
29,290715,1,1,0,1,95,4695,4,8,2010,4,10,55,0,13,6,BYNUMRD,US-50EXITRP,45,38.86776944,-94.173391670,0,33,0,0,2,2,4,1,1,1,0,1,0,0000000,99,99,99,99,11,39,0,0,0,1,0
29,290716,2,1,1,1,510,7080,13,9,2010,2,17,11,0,13,3,SR-30,,8,38.56972500,-90.284858330,0,31,0,0,1,1,5,0,1,10,0,10,0,0000000,17,13,17,20,17,46,0,0,0,1,0
29,290717,2,2,0,2,77,7460,9,10,2010,7,22,1,1,12,3,SR-744,MAYFAIRAVE,83,37.23896389,-93.229202780,0,12,1,0,2,3,1,0,3,1,0,1,0,0000000,99,99,99,99,99,99,0,0,0,1,1
29,290718,1,1,0,1,95,840,30,11,2010,3,16,13,0,14,2,US-40,TIMBERCREEKDR,229,39.01356667,-94.243258330,0,33,0,0,2,3,4,0,1,1,0,1,0,0000000,99,99,99,99,99,99,0,0,0,1,1
29,290719,2,2,0,2,77,7460,1,12,2010,4,12,23,0,16,6,COMMERCIALST,,26,37.23015833,-93.262047220,0,33,0,0,1,1,4,0,1,1,0,1,0,0000000,12,24,12,28,12,49,0,0,0,1,0
29,290720,1,1,1,1,95,4120,2,12,2010,5,8,0,0,13,6,HOLMESRD,MINORRD,64,38.92113056,-94.583733330,0,15,0,0,3,2,1,0,1,99,0,99,0,0000000,8,4,8,9,8,36,0,0,0,1,0
29,290721,1,1,0,2,209,0,2,12,2010,5,13,50,0,3,3,SR-86,,179,36.54511111,-93.341722220,0,1,0,0,1,1,4,0,1,1,0,1,0,0000000,99,99,99,99,99,99,0,0,0,1,0
29,290722,3,3,0,4,187,0,2,12,2010,5,18,0,0,4,3,SR-47,,2,37.94747222,-90.639305560,0,12,6,0,8,1,1,0,2,1,0,1,0,0000000,18,7,18,19,19,1,0,0,0,1,0
29,290723,1,1,0,1,7,0,3,12,2010,6,5,0,0,4,3,SR-Y,116,58,39.27413889,-92.290833330,0,34,0,0,2,3,4,0,2,10,0,10,0,0000000,7,3,7,28,7,48,18,0,0,1,1
29,290724,1,1,0,2,225,0,4,12,2010,7,23,30,0,6,4,GEORGIARD,,0,37.28283333,-93.070972220,0,32,0,0,1,1,4,0,2,1,0,1,0,0000000,23,43,0,3,99,99,0,0,0,1,1
29,290725,2,2,0,3,95,4120,5,12,2010,1,0,42,1,11,1,I-435,,114,39.03978611,-94.499930560,0,12,6,0,1,1,1,0,2,1,0,1,0,0000000,0,44,0,52,1,13,0,0,0,1,1
29,290727,1,1,0,1,203,0,5,12,2010,1,15,43,0,4,3,SR-A,,93,37.41686111,-91.307694440,0,35,0,0,1,1,4,0,1,1,0,1,0,0000000,15,48,16,26,18,31,0,0,0,1,1
29,290728,1,1,0,1,19,0,5,12,2010,1,19,39,0,3,4,OBERMILLERRD,,11,38.99575833,-92.358813890,0,35,0,0,1,1,4,0,2,1,0,1,0,0000000,99,98,99,98,88,88,0,0,0,1,1
29,290729,1,1,0,1,15,0,6,12,2010,2,0,0,0,6,4,WATERSEDGERD,,0,38.25611111,-93.155555560,0,35,0,0,1,1,4,0,2,1,0,1,0,0000000,99,98,99,98,88,88,0,0,0,1,1
29,290730,1,1,1,1,165,4120,6,12,2010,2,15,5,1,11,1,I-29,,54,39.24239167,-94.658194440,0,8,0,0,1,1,1,0,1,1,0,1,0,0000000,15,10,15,16,15,35,0,0,0,1,0
29,290731,2,1,1,1,510,7080,8,12,2010,4,4,45,1,11,1,I-270,,0,38.76481667,-90.173502780,0,8,0,0,1,1,1,0,3,3,0,3,0,0000000,99,98,99,98,88,88,0,0,0,1,0
29,290732,2,2,0,2,51,0,8,12,2010,4,17,20,1,2,2,US-54,HERITAGEHWY,79,38.50416667,-92.264444440,0,12,6,0,2,2,1,0,2,1,0,1,0,0000000,17,29,17,34,18,12,0,0,0,1,0
29,290733,1,1,0,2,85,0,9,12,2010,5,5,52,1,2,2,US-65,,69,37.98916667,-93.205555560,0,58,0,0,1,1,4,0,2,10,0,10,0,0000000,99,99,99,99,99,99,0,0,0,1,1
29,290734,2,2,0,2,510,7080,10,12,2010,6,2,46,1,11,1,I-70,,62,38.64671389,-90.191027780,0,12,2,0,1,1,1,0,3,1,0,1,0,0000000,99,99,99,99,99,99,0,0,0,1,1
29,290735,6,1,1,1,77,7460,9,12,2010,5,12,25,0,14,6,STLOUISST,,10,37.20939444,-93.271669440,0,30,0,0,1,1,4,0,1,10,0,10,0,0000000,13,27,13,27,13,51,0,0,0,1,0
29,290736,1,1,0,1,79,0,10,12,2010,6,4,2,0,4,3,SR-F,,13,39.97436111,-93.735972220,0,10,0,0,6,1,1,0,2,1,0,1,0,605598C,99,98,99,98,88,88,0,0,0,1,0
29,290737,2,2,0,2,105,0,10,12,2010,6,6,30,0,3,3,SR-32,,427,37.49563889,-92.274777780,0,12,6,0,1,1,1,0,2,10,0,10,1,0000000,7,44,8,14,88,88,0,0,0,1,0
29,290738,1,1,0,1,183,0,10,12,2010,6,15,25,0,4,3,SR-94,,544,38.89258333,-90.263611110,0,59,0,0,1,1,4,0,1,1,0,1,0,0000000,99,98,99,98,88,88,0,0,0,1,0
29,290739,1,1,0,3,93,0,11,12,2010,7,13,25,0,3,3,SR-32,,200,37.69194444,-90.875277780,0,58,0,0,1,1,4,0,1,10,5,5,0,0000000,13,31,13,49,14,9,0,0,0,1,0
29,290740,2,2,0,3,125,0,11,12,2010,7,14,35,1,2,2,US-63,,91,38.22747222,-91.941055560,0,12,8,0,1,1,1,0,1,10,0,10,0,0000000,99,99,99,99,99,99,0,0,0,1,0
29,290741,2,2,0,4,105,0,12,12,2010,1,8,15,0,3,3,SR-32,,164,37.66730556,-92.596166670,0,12,2,0,1,1,1,0,1,10,0,10,0,0000000,9,19,9,24,10,50,0,0,0,1,0
29,290742,1,1,0,1,95,4120,13,12,2010,2,18,22,1,11,1,I-70,,234,39.07348056,-94.534125000,0,25,0,1,18,1,4,0,3,10,0,10,0,0000000,18,27,18,34,18,46,0,0,0,1,1
29,290743,1,1,0,2,143,0,13,12,2010,2,23,5,0,4,2,US-61,,93,36.73680556,-89.562694440,0,35,0,0,1,1,4,0,2,1,0,1,0,0000000,99,99,99,99,99,99,0,0,0,1,0
29,290744,2,2,0,3,167,0,14,12,2010,3,7,45,0,6,4,E430TH,,5,37.62516667,-93.353444440,0,12,6,0,1,1,1,0,1,1,0,1,0,0000000,7,46,8,2,99,99,0,0,0,1,0
29,290745,1,1,0,2,157,0,14,12,2010,3,18,55,0,4,3,SR-T,,144,37.69305556,-89.962777780,0,42,0,0,1,1,4,0,2,1,0,1,0,0000000,18,55,19,7,88,88,0,0,0,1,1
29,290746,1,1,0,1,37,0,15,12,2010,4,17,40,1,2,2,US-71,,79,38.60186111,-94.350055560,0,58,0,0,1,1,10,0,2,3,0,3,0,0000000,99,98,99,98,88,88,0,0,0,1,0
29,290747,1,1,0,2,27,2960,15,12,2010,4,18,53,1,12,2,US-54,,133,38.89665000,-91.943144440,0,35,0,0,1,1,4,0,2,2,3,3,0,0000000,18,41,19,6,99,99,0,0,0,2,0
29,290748,2,2,0,4,123,0,15,12,2010,4,19,45,1,2,2,US-67,,19,37.33966667,-90.379583330,0,12,1,0,1,1,1,0,2,3,0,3,0,0000000,19,46,20,16,99,99,0,0,0,1,0
29,290749,1,1,0,1,183,0,15,12,2010,4,20,0,0,3,3,SR-94,,55,38.86600556,-90.447650000,0,34,0,0,1,1,4,0,2,2,3,3,0,0000000,99,98,99,98,88,88,0,0,0,1,1
29,290750,1,1,0,1,209,0,15,12,2010,4,20,30,0,6,4,PERSIMMONHILLLN,,9,36.53486111,-93.520194440,0,42,0,0,1,1,4,0,2,1,0,1,0,0000000,20,21,20,40,88,88,0,0,0,1,1
29,290751,1,1,0,3,37,6160,15,12,2010,4,22,11,1,2,2,US-71,,205,38.72916667,-94.460555560,0,58,0,0,1,1,4,0,2,3,0,3,0,0000000,22,20,22,33,23,6,0,0,0,2,1
29,290752,1,1,0,2,217,0,16,12,2010,5,15,30,0,6,4,DALTONRD,,0,37.99777778,-94.417666670,0,34,0,0,1,1,4,0,1,1,0,1,0,0000000,99,99,99,99,99,99,0,0,0,1,0
29,290753,1,1,0,1,77,7460,17,12,2010,6,1,45,1,12,2,US-65,,203,37.14534722,-93.224680560,0,25,0,0,1,1,3,0,2,1,0,1,0,0000000,2,49,3,0,88,88,0,0,0,1,1
29,290754,2,2,0,2,159,0,17,12,2010,6,6,5,1,2,2,US-50,SR-135,245,38.69269444,-93.073805560,0,12,6,0,2,2,1,0,2,10,0,10,0,0000000,99,99,99,99,99,99,0,0,0,1,0
29,290755,2,2,0,2,77,0,17,12,2010,6,9,15,0,3,2,US-160,,66,37.32305556,-93.517750000,0,12,2,0,1,1,1,0,1,10,0,10,0,0000000,9,18,9,42,99,99,0,0,0,1,0
29,290757,1,1,0,1,201,0,18,12,2010,7,15,5,0,6,4,241,,6,37.12261111,-89.591638890,0,42,0,0,1,1,4,0,1,10,0,10,0,0000000,99,98,99,98,88,88,0,0,0,1,0
29,290758,1,1,0,1,29,0,18,12,2010,7,22,30,0,6,4,LICKCREEKDR,,2,38.23613889,-93.046138890,0,42,0,0,1,1,4,0,2,10,0,10,0,0000000,99,98,99,98,88,88,0,0,0,1,1
29,290759,2,2,0,3,3,0,19,12,2010,1,8,15,1,1,1,I-29,,47,39.93333333,-94.926944440,0,12,2,0,1,1,1,0,1,10,0,10,0,0000000,8,42,9,0,10,2,0,0,0,1,0
29,290760,3,3,0,4,51,0,20,12,2010,2,6,20,1,2,2,US-50,,238,38.50783333,-92.031166670,0,12,2,0,1,1,1,0,2,10,0,10,0,0000000,6,27,6,37,7,23,0,0,0,1,0
29,290761,2,2,1,4,27,0,22,12,2010,4,17,28,1,1,1,I-70,,204,38.95194444,-92.005000000,0,8,0,0,1,1,1,0,2,10,0,10,0,0000000,17,18,17,28,88,88,14,0,0,1,0
29,290762,1,1,0,2,15,4610,26,12,2010,1,12,43,1,2,2,US-65,,109,38.39036944,-93.328833330,0,33,0,0,1,1,4,0,1,10,0,10,0,0000000,99,99,99,99,99,99,0,0,0,1,0
29,290763,1,1,0,1,23,0,26,12,2010,1,21,30,0,4,3,SR-W,,18,36.90041667,-90.402555560,0,42,0,0,1,1,4,0,2,1,0,1,0,0000000,99,98,99,98,88,88,0,0,0,1,0
29,290764,1,1,0,3,115,0,27,12,2010,2,22,55,0,4,3,SR-P,,39,39.88447222,-93.118750000,0,35,0,0,1,1,4,0,2,10,0,10,0,0000000,23,9,23,21,99,99,0,0,0,1,1
29,290765,3,3,0,4,71,0,28,12,2010,3,10,33,1,2,2,US-50,,93,38.41930556,-91.208250000,0,12,2,0,1,1,1,0,1,1,0,1,0,0000000,10,45,10,56,99,99,14,0,0,2,0
29,290766,2,2,0,2,37,0,28,12,2010,3,19,7,1,2,2,US-71,,18,38.49875000,-94.341611110,0,12,11,0,1,1,1,0,2,10,0,10,0,0000000,19,11,19,29,20,17,19,0,0,1,0
29,290767,1,1,0,1,167,880,30,12,2010,5,12,13,0,14,3,SR-83,,149,37.62376389,-93.421019440,0,42,0,0,1,1,5,0,1,1,0,1,0,0000000,99,99,99,99,99,99,0,0,0,1,1
29,290768,1,1,1,1,510,7080,30,12,2010,5,21,0,0,13,6,JEFFERSONAVE,HICKORY,27,38.62065278,-90.219305560,0,8,0,0,3,3,1,0,3,5,0,5,0,0000000,99,98,99,98,88,88,0,0,0,1,0
29,290769,2,2,0,3,141,8010,14,4,2010,4,11,33,0,2,3,SR-52,MONROEST,119,38.44125556,-92.841836110,0,12,1,0,2,2,1,0,1,1,0,1,0,0000000,11,35,11,42,12,49,0,0,0,1,0