STATE,ST_CASE,VE_TOTAL,VE_FORMS,PEDS,PERSONS,COUNTY,CITY,DAY,MONTH,YEAR,DAY_WEEK,HOUR,MINUTE,NHS,ROAD_FNC,ROUTE,TWAY_ID,TWAY_ID2,MILEPT,LATITUDE,LONGITUD,SP_JUR,HARM_EV,MAN_COLL,RELJCT1,RELJCT2,TYP_INT,REL_ROAD,WRK_ZONE,LGT_COND,WEATHER1,WEATHER2,WEATHER,SCH_BUS,RAIL,NOT_HOUR,NOT_MIN,ARR_HOUR,ARR_MIN,HOSP_HR,HOSP_MN,CF1,CF2,CF3,FATALS,DRUNK_DR
29,290770,2,2,0,5,71,7860,20,11,2010,7,7,45,0,14,6,WASHINGTONAVE,,6,38.45695000,-91.011613890,0,12,2,0,1,1,1,0,1,1,0,1,0,0000000,7,45,7,56,8,13,0,0,0,1,0
29,290771,2,2,0,3,47,4120,11,12,2010,7,18,53,0,12,3,SR-9,BRIARCLIFFRD,38,39.15838333,-94.587291670,0,12,6,0,2,2,1,0,3,4,0,4,0,0000000,18,53,19,20,19,38,0,0,0,1,0
29,290772,1,1,0,1,183,0,13,12,2010,2,11,25,0,4,3,SR-F,,92,38.64519444,-90.795111110,0,35,0,0,1,1,4,0,1,1,0,1,0,0000000,12,8,12,27,12,50,0,0,0,1,0
29,290773,2,2,0,2,145,0,13,12,2010,2,15,25,0,14,3,SR-43,,44,37.00416667,-94.551388890,0,12,6,0,8,1,1,0,1,10,0,10,0,0000000,99,99,99,99,99,99,0,0,0,1,1
29,290774,5,5,0,8,95,4120,17,12,2010,6,15,29,1,11,1,I-435,,124,38.98135833,-94.506944440,0,57,0,0,1,1,3,0,1,10,0,10,0,0000000,99,99,99,99,99,99,0,0,0,1,0
29,290775,2,2,0,2,1,0,20,12,2010,2,6,40,0,2,2,US-63,,57,40.10547222,-92.543861110,0,12,1,0,1,1,1,0,2,5,0,5,0,0000000,6,43,6,55,99,99,0,0,0,1,0
29,290776,1,1,0,1,133,0,23,12,2010,5,0,46,0,6,6,409,,11,36.78161111,-89.374027780,0,35,0,0,1,1,4,0,2,1,0,1,0,0000000,0,56,1,16,1,58,0,0,0,1,0
29,290777,1,1,0,1,95,4120,25,12,2010,7,6,22,0,14,6,TROOST,,11,39.08843056,-94.570463890,0,38,0,0,1,1,4,0,3,10,0,10,0,0000000,6,36,6,41,88,88,0,0,0,1,1
29,290778,2,2,0,2,95,4120,25,12,2010,7,15,36,0,14,6,HOLMESRD,,36,38.96107500,-94.581719440,0,12,2,0,1,1,1,0,1,1,0,1,0,0000000,15,37,15,42,15,57,0,0,0,1,0
29,290779,4,4,0,7,55,0,29,12,2010,4,18,21,0,4,3,SR-ZZ,,32,38.04427778,-91.434972220,0,12,8,0,1,1,1,0,2,10,5,5,0,0000000,18,25,18,42,19,52,0,0,0,1,1
29,290780,1,1,0,1,173,0,31,12,2010,6,0,15,0,4,3,SR-154,,155,39.35166667,-91.536666670,0,35,0,0,1,1,4,0,2,10,0,10,0,0000000,99,98,99,98,88,88,0,0,0,1,0
29,290781,1,1,0,2,47,5770,31,12,2010,6,14,23,1,12,3,SR-210,,8,39.14688333,-94.548322220,0,33,0,0,1,1,3,0,1,10,0,10,0,0000000,99,99,99,99,99,99,0,0,0,1,0
29,290782,1,1,0,1,221,6440,7,6,2010,2,11,13,0,16,6,ELMST,VALLEYRD,6,37.93845833,-90.778694440,0,32,0,0,3,4,4,0,1,1,0,1,0,0000000,11,17,11,20,11,32,0,0,0,1,0
29,290783,2,2,0,3,99,2200,6,12,2010,2,14,16,0,14,3,SR-110,SR-P,18,38.15626111,-90.543372220,0,12,6,0,2,2,1,0,1,1,0,1,0,0000000,99,99,99,99,99,99,0,0,0,1,0
29,290784,1,1,0,4,207,2230,12,9,2010,1,0,1,0,15,3,SR-AF,,27,36.78208333,-89.970361110,0,5,0,0,1,1,1,0,3,1,0,1,0,0000000,23,55,0,3,0,20,0,0,0,1,0
29,290785,1,1,0,1,141,0,2,12,2010,5,11,35,0,2,3,SR-5,,139,38.41477778,-92.852111110,0,35,0,0,1,1,4,0,1,1,0,1,0,0000000,11,47,12,11,12,37,0,0,0,1,0
29,290786,2,2,0,2,37,0,3,12,2010,6,19,38,1,2,3,SR-7,,203,38.61000000,-94.320833330,0,12,2,0,1,1,1,0,2,1,0,1,0,0000000,99,99,99,99,99,99,0,0,0,1,0
29,290787,1,1,0,1,109,0,9,12,2010,5,9,30,0,4,3,SR-Z,,71,37.21113889,-93.624861110,0,38,0,0,1,1,4,0,1,10,0,10,0,0000000,99,98,99,98,88,88,0,0,0,1,0
29,290788,2,2,0,2,189,2460,5,10,2010,3,11,45,1,12,3,SR-100,,106,38.59263611,-90.579469440,0,12,2,0,1,1,1,0,1,1,0,1,0,0000000,11,45,11,49,12,7,0,0,0,1,0
29,290789,1,1,0,1,183,8280,20,12,2010,2,14,50,1,11,1,I-70,,202,38.80622222,-90.844277780,0,25,0,0,1,1,3,0,1,10,0,10,0,0000000,14,54,15,2,15,15,0,0,0,1,0
29,290790,2,2,0,3,91,5490,3,9,2010,6,12,20,1,2,2,US-60,5THST,225,37.00131944,-91.691852780,0,12,6,0,2,2,1,0,8,98,0,98,0,0000000,99,99,99,99,99,99,0,0,0,1,0
29,290791,2,2,0,3,189,2690,14,12,2010,3,13,40,0,16,6,GRAVOISBLUFFBLVD,,9,38.50772500,-90.441755560,0,12,6,0,8,1,1,0,1,10,0,10,0,0000000,99,99,99,99,99,99,0,0,0,1,0
29,290792,1,1,1,0,187,0,21,12,2010,3,16,4,0,6,4,HEDGEAPPLE LN,,0,37.93946667,-90.529144440,0,8,0,0,1,1,1,0,1,1,0,1,0,0000000,99,99,99,99,99,99,0,0,0,1,0
29,290793,3,3,0,4,71,7860,26,3,2010,6,17,41,0,15,6,PRAIRIEDELL,DENMARK,0,38.43120278,-90.972419440,0,12,1,0,2,2,1,0,1,1,0,1,0,0000000,99,99,99,99,99,99,0,0,0,1,0
29,290794,1,1,0,1,95,4120,17,11,2010,4,13,16,1,12,2,US-71,,146,38.93183056,-94.528986110,0,21,0,0,1,1,4,0,1,10,0,10,0,0000000,99,98,99,98,88,88,0,0,0,1,0
30,300001,1,1,0,1,15,0,1,1,2010,6,21,35,0,4,4,DUCK CREEK ROAD,,0,48.27819444,-109.909563890,3,1,0,0,1,1,4,0,2,1,0,1,0,0000000,21,41,21,54,88,88,0,0,0,1,1
30,300002,2,2,0,3,31,0,14,1,2010,5,10,15,0,4,3,SR-205,,150,45.82013056,-111.262041670,0,12,2,0,1,1,1,0,1,4,0,4,0,0000000,10,15,10,30,11,20,0,0,0,1,1
30,300003,1,1,0,1,31,0,22,1,2010,6,0,1,0,6,4,BUFFALO JUMP ROAD,,0,45.85799722,-111.454666670,0,1,0,0,1,1,4,0,2,1,0,1,0,0000000,0,35,0,50,88,88,0,0,0,1,1
30,300004,2,2,0,3,81,0,23,1,2010,7,18,27,1,2,2,US-93,,555,46.36296667,-114.145094440,0,12,1,0,1,1,1,0,2,1,0,1,0,0000000,18,30,18,45,18,58,0,0,0,1,0
30,300005,2,2,0,3,5,0,29,1,2010,6,18,50,1,2,2,US-2,,4071,48.58924167,-109.159169440,0,12,2,0,1,1,1,0,2,1,0,1,0,0000000,18,51,19,3,19,51,0,0,0,2,1
30,300006,1,1,0,1,17,0,31,1,2010,1,2,25,0,5,4,MILDRED ROAD,,0,46.52714444,-104.814869440,0,1,0,0,1,1,4,0,2,1,0,1,0,0000000,88,88,88,88,88,88,0,0,0,1,1
30,300007,2,2,0,2,111,0,1,2,2010,2,14,42,1,1,1,I-90,,4370,45.68435000,-108.701972220,0,12,2,0,1,1,1,0,1,1,0,1,0,0000000,14,43,14,55,15,44,0,0,0,1,0
30,300008,2,2,0,2,29,0,12,2,2010,6,0,50,1,3,2,US-2,,1325,48.35026111,-114.241119440,0,12,7,0,1,1,1,0,2,1,0,1,0,0000000,0,50,0,58,1,33,0,0,0,1,1
30,300009,2,2,0,3,111,100,22,2,2010,2,18,51,0,13,6,KING AVE W,SOUTH 29TH ST W,0,45.75518611,-108.590111110,0,12,6,0,2,2,1,0,3,1,0,1,0,0000000,18,52,18,58,99,99,0,0,0,1,1
30,300010,1,1,0,1,91,0,25,2,2010,5,22,0,1,2,3,SR-16,,100,48.92644722,-104.574608330,0,1,0,0,1,1,4,0,2,1,0,1,0,0000000,22,30,22,47,23,19,0,0,0,1,1
30,300011,1,1,0,1,1,0,27,2,2010,7,17,52,0,3,3,SR-278,,278,45.25353056,-113.103283330,0,1,0,0,1,1,4,0,2,1,0,1,0,0000000,17,57,18,10,19,12,0,0,0,1,1
30,300012,2,2,0,2,111,0,28,2,2010,1,14,15,1,2,3,SR-3,,89,45.82844167,-108.636205560,0,12,2,0,1,1,1,0,1,1,0,1,0,0000000,14,22,14,29,14,50,0,0,0,1,0
30,300013,2,2,0,5,5,0,5,3,2010,6,15,45,1,2,2,US-2,,4115,48.58496944,-109.067544440,0,12,99,0,4,1,1,0,1,1,0,1,0,0000000,15,52,16,6,99,99,0,0,0,1,0
30,300014,2,2,0,4,53,0,6,3,2010,7,18,4,1,2,2,US-2,,722,48.08266389,-115.141002780,0,1,0,0,1,1,1,0,1,1,0,1,0,0000000,18,10,18,19,88,88,0,0,0,4,0
30,300015,3,3,0,3,47,0,7,3,2010,1,12,40,1,2,2,US-93,,240,47.23615000,-114.158205560,3,12,2,0,1,1,1,0,1,1,0,1,0,0000000,12,53,13,5,13,35,14,0,0,1,0
30,300016,3,3,0,4,43,0,17,3,2010,4,7,15,1,1,1,I-90 E,,2379,45.91533333,-112.285766670,0,12,6,0,7,1,1,0,1,1,0,1,0,0000000,7,15,7,25,88,88,0,0,0,1,0
30,300017,1,1,0,1,111,0,22,3,2010,2,1,49,1,1,1,I-90 E,,4442,45.73661667,-108.594988890,0,1,0,0,1,1,3,0,2,1,0,1,0,0000000,1,49,1,54,88,88,0,0,0,1,1
30,300018,2,2,0,2,29,0,16,3,2010,3,0,54,1,2,2,US-93,RESERVE ST,1158,48.24042222,-114.330541670,0,12,1,0,2,2,1,0,3,1,0,1,0,0000000,0,55,0,59,1,17,0,0,0,1,2
30,300019,1,1,0,1,13,0,23,3,2010,3,23,32,1,1,1,I-15,,2748,47.45503611,-111.417761110,0,1,0,0,1,1,3,0,2,1,0,1,0,0000000,23,32,23,42,88,88,0,0,0,1,1
30,300020,1,1,1,1,13,530,3,3,2010,4,7,44,0,16,6,5TH AVE S,13TH ST S,0,47.49970833,-111.285133330,0,8,0,0,3,2,1,0,1,1,0,1,0,0000000,7,44,7,48,8,5,0,0,0,1,0
30,300021,1,1,0,3,3,0,25,3,2010,5,4,30,0,3,3,SR-87,,15,45.71657778,-107.539652780,3,1,0,0,1,1,4,0,2,1,0,1,0,0000000,4,47,4,58,5,33,0,0,0,2,1
30,300022,1,1,0,5,49,0,28,3,2010,1,1,10,0,5,4,KEIR LANE,KEIR ROAD,0,46.62830833,-111.787819440,0,35,0,0,3,3,4,0,2,1,0,1,0,0000000,1,11,1,29,88,88,0,0,0,5,1
30,300023,2,2,0,6,53,0,29,3,2010,2,10,0,1,2,2,US-2,,251,48.44581389,-115.683202780,0,12,2,0,1,1,1,0,1,1,0,1,0,0000000,10,6,10,19,10,51,0,0,0,5,0
30,300024,1,1,0,2,45,0,3,4,2010,7,7,22,1,2,2,US-87,,135,47.25733056,-110.649597220,0,1,0,0,1,1,1,0,1,1,0,1,0,0000000,7,25,7,35,8,19,0,0,0,1,0
30,300025,1,1,0,2,1,0,5,4,2010,2,10,28,1,1,1,I-15 N,,472,45.03453333,-112.829997220,0,1,0,0,1,1,3,0,1,1,0,1,0,0000000,10,29,10,43,11,6,0,0,0,1,0
30,300026,1,1,0,1,3,0,7,4,2010,4,8,0,0,4,3,SR-451,,87,45.40806111,-107.391744440,3,35,0,0,1,1,4,0,1,98,0,98,0,0000000,8,5,8,26,88,88,0,0,0,1,1
30,300027,1,1,0,5,35,0,8,4,2010,5,2,0,0,3,2,US-89,,252,48.68659722,-113.362555560,3,59,0,0,1,1,4,0,2,1,0,1,0,0000000,2,9,2,38,3,18,0,0,0,1,1
30,300028,1,1,0,3,47,0,10,4,2010,7,3,0,0,9,8,FLATHEAD RIVER RD,,0,47.65692222,-114.287211110,3,17,0,0,1,1,5,0,2,1,0,1,0,0000000,13,30,14,0,14,35,0,0,0,2,1
30,300029,2,2,0,4,99,0,13,4,2010,3,17,0,1,1,1,I-15 N,,3190,47.92515833,-111.733072220,0,12,6,0,1,1,1,0,1,4,10,4,0,0000000,17,25,18,15,19,7,0,0,0,1,0
30,300030,1,1,0,1,63,0,16,4,2010,6,13,45,1,2,2,US-12,,126,46.76935000,-114.463463890,0,59,0,0,1,1,2,0,1,1,0,1,0,0000000,14,2,14,27,88,88,0,0,0,1,0
30,300031,2,2,1,1,47,950,21,4,2010,4,12,55,0,3,3,SR-35,US-93,0,47.68892222,-114.125591670,0,8,0,0,3,3,1,0,1,1,0,1,0,0000000,12,55,13,1,13,20,17,0,0,1,0
30,300032,2,2,0,3,89,0,27,4,2010,3,13,25,0,3,3,SR-28,,303,47.77481111,-114.606477780,0,12,1,0,1,1,1,1,1,1,0,1,0,0000000,13,29,99,99,99,99,0,0,0,1,0
30,300033,2,2,0,2,63,0,1,5,2010,7,2,45,1,2,3,SR-200,,205,46.88254722,-113.521577780,0,12,2,0,1,1,1,0,2,1,0,1,0,0000000,2,54,3,27,88,88,0,0,0,1,1
30,300034,2,2,0,2,63,0,19,4,2010,2,11,22,1,1,1,I-90 E,,1026,46.86889722,-113.941827780,0,12,1,0,1,1,1,0,1,1,0,1,0,0000000,11,38,11,43,11,58,23,0,0,1,0
30,300035,3,2,0,3,31,130,29,4,2010,5,15,45,0,6,6,PEACH ST,IDA ST,0,45.68572222,-111.026544440,0,12,6,0,2,2,1,0,1,4,10,4,0,0000000,15,45,15,50,16,10,0,0,0,1,0
30,300036,1,1,0,1,1,0,26,4,2010,2,8,17,0,6,5,ASHBOUGH TRAIL RD,,0,44.79721667,-112.749511110,0,10,0,0,6,1,1,0,1,1,0,1,0,812534K,8,22,8,40,9,20,0,0,0,1,0
30,300037,1,1,0,1,41,0,4,5,2010,3,2,30,0,3,3,SR-234,,41,48.49533611,-109.688680560,0,35,0,0,4,1,4,0,2,4,0,4,0,0000000,3,22,3,27,3,36,0,0,0,1,1
30,300038,1,1,0,2,21,0,5,5,2010,4,5,45,1,1,1,I-90 E,,2008,46.96491944,-104.871375000,0,1,0,0,1,1,1,0,2,1,0,1,0,0000000,5,53,6,16,6,42,0,0,0,1,0
30,300039,1,1,0,2,3,0,13,5,2010,5,13,50,1,1,1,I-90 W,,5340,45.27425000,-107.344361110,0,34,0,0,1,1,4,0,1,1,0,1,0,0000000,13,58,14,10,14,50,0,0,0,1,0
30,300040,1,1,0,2,41,0,15,5,2010,7,13,15,0,4,3,SR-232,SR-233,35,48.59609167,-109.692530560,0,1,0,0,2,4,8,0,1,1,0,1,0,0000000,13,29,13,34,14,50,0,0,0,1,0
30,300041,2,2,0,2,63,0,17,5,2010,2,23,8,0,5,4,HIGHWAY 10,,47,47.01133889,-114.411963890,0,12,1,0,1,1,1,0,2,1,0,1,0,0000000,23,10,23,16,23,36,0,0,0,1,1
30,300042,1,1,0,1,111,100,17,5,2010,2,22,19,0,14,6,STATE AVENUE,,0,45.76997778,-108.523980560,0,33,0,0,1,1,4,0,2,1,0,1,0,0000000,21,19,21,27,88,88,13,0,0,1,1
30,300043,1,1,0,1,91,0,18,5,2010,3,9,0,0,3,3,SR-3,,217,48.86758056,-104.098527780,0,1,0,0,1,1,4,0,1,1,0,1,0,0000000,10,16,10,33,88,88,0,0,0,1,0
30,300044,1,1,0,3,53,0,19,5,2010,4,21,34,0,6,4,LINDSAY ROAD,,5,48.91965000,-115.067838890,0,38,0,0,1,1,5,0,5,1,0,1,0,0000000,21,35,21,46,23,21,0,0,0,1,1
30,300045,1,1,0,1,31,130,28,5,2010,6,2,40,1,1,1,I-90 E,,3089,45.68243889,-111.013155560,0,52,0,0,1,1,3,0,2,2,0,2,0,0000000,2,45,2,51,88,88,0,0,0,1,1
30,300046,1,1,0,2,21,0,28,5,2010,6,21,46,0,4,4,COUNTY ROAD 245,,0,46.89753333,-104.972627780,0,38,0,0,1,1,5,0,2,10,0,10,0,0000000,21,56,22,39,88,88,0,0,0,2,0
30,300047,1,1,0,3,13,0,29,5,2010,7,16,19,1,2,2,US-87/89,,886,47.48673056,-111.175569440,0,35,0,0,1,1,4,0,1,1,0,1,0,0000000,16,20,16,24,16,44,0,0,0,1,0
30,300048,1,1,0,2,3,0,30,5,2010,1,2,10,0,4,5,EAST FRONTAGE ROAD,,106,45.71138889,-107.533280560,3,1,0,0,1,1,4,0,2,1,0,1,0,0000000,2,23,2,31,2,59,0,0,0,2,1
30,300049,1,1,0,2,61,0,2,6,2010,4,21,14,1,1,1,I-90 W,,579,47.07797778,-114.767366670,0,31,0,0,1,1,4,0,1,10,0,10,0,0000000,21,14,21,28,21,45,0,0,0,1,0
30,300050,2,2,0,3,85,0,18,6,2010,6,8,46,1,2,3,SR-16,,842,48.20019722,-104.498422220,0,12,2,0,1,1,1,0,1,2,6,2,0,0000000,8,45,8,50,9,10,0,0,0,2,0
30,300051,1,1,0,1,77,0,27,5,2010,5,19,30,1,2,2,US-12,,75,46.56505556,-112.674108330,0,1,0,0,1,1,4,0,5,10,0,10,0,0000000,13,14,13,42,88,88,0,0,0,1,0
30,300052,1,1,0,5,71,0,10,6,2010,5,10,35,0,3,3,SR-56,,35,47.84625833,-108.641825000,0,1,0,0,1,1,4,0,1,1,0,1,0,0000000,10,46,11,21,12,57,0,0,0,1,0
30,300053,1,1,0,3,47,0,11,6,2010,6,2,15,1,2,2,US-93,,182,47.16829722,-114.091947220,3,31,0,0,1,1,3,0,2,2,0,2,0,0000000,2,38,2,40,4,3,0,0,0,1,1
30,300054,2,2,0,2,81,0,12,6,2010,7,14,48,1,2,2,US-93,,128,45.83605278,-113.982280560,0,12,6,0,8,1,1,0,1,1,0,1,0,0000000,14,49,15,34,16,42,0,0,0,1,0
30,300055,1,1,0,2,31,0,5,6,2010,7,19,25,0,6,4,THORPE ROAD,,0,45.79133333,-111.247897220,0,35,0,0,1,1,4,0,2,1,0,1,0,0000000,19,30,19,34,20,15,0,0,0,1,0
30,300056,1,1,0,1,85,0,16,6,2010,4,2,0,0,4,3,SR-405,,274,48.34559444,-104.476552780,0,35,0,0,1,1,4,0,2,1,0,1,0,0000000,4,10,4,20,4,51,0,0,0,1,1
30,300057,2,2,0,2,37,0,23,6,2010,4,17,25,1,2,2,US-12,,1238,46.31422778,-109.379836110,0,12,6,0,1,1,1,0,1,1,0,1,0,0000000,17,31,17,46,20,13,0,0,0,1,0
30,300058,2,2,0,3,29,0,24,6,2010,5,10,7,1,2,2,US-2,JELLISON LANE,1315,48.32724722,-114.240908330,0,12,6,0,2,2,1,0,1,1,0,1,0,0000000,10,10,10,17,88,88,0,0,0,1,0
30,300059,1,1,0,2,27,0,27,6,2010,1,1,19,0,4,3,SR-236,,210,47.53132778,-109.344350000,0,1,0,0,1,1,4,0,2,1,0,1,0,0000000,1,18,1,21,2,58,0,0,0,1,1
30,300060,1,1,0,2,111,0,27,6,2010,1,20,15,0,4,3,SR-401,,39,45.71815000,-108.800138890,0,42,0,0,1,1,4,0,1,1,0,1,0,0000000,20,16,20,20,20,25,0,0,0,1,1
30,300061,1,1,0,1,43,0,28,6,2010,2,19,40,1,1,1,I-90,,2403,45.91421944,-112.274591670,0,24,0,0,1,1,4,0,1,1,0,1,0,0000000,88,88,88,88,88,88,0,0,0,1,1
30,300062,1,1,0,1,43,0,30,6,2010,4,0,20,1,1,1,I-90,,2521,45.87193889,-112.038088890,0,59,0,0,1,1,4,0,2,1,0,1,0,0000000,0,34,0,59,88,88,0,0,0,1,0
30,300063,1,1,0,1,89,0,26,6,2010,7,10,45,0,3,3,SR-200,,146,48.00489722,-115.778947220,0,1,0,0,1,1,4,0,1,1,0,1,0,0000000,10,51,11,6,11,36,0,0,0,1,0
30,300064,1,1,0,1,49,0,2,7,2010,6,21,34,0,6,5,APPLEGATE DRIVE,,0,46.72886111,-112.041280560,0,35,0,0,1,1,4,0,2,1,0,1,0,0000000,21,36,21,40,88,88,0,0,0,1,1
30,300065,1,1,0,2,111,0,8,7,2010,5,13,2,1,1,1,I-94,,459,46.11430000,-107.593316670,0,59,0,0,1,1,5,0,1,1,0,1,0,0000000,13,3,13,45,99,99,0,0,0,1,0
30,300066,1,1,0,1,43,0,3,7,2010,7,20,16,0,3,3,SR-2,,96,45.81650278,-111.807113890,0,38,0,0,1,1,4,0,1,1,0,1,0,0000000,20,12,20,30,88,88,0,0,0,1,1
30,300067,1,1,0,1,9,0,9,7,2010,6,21,15,0,3,3,SR-72,,45,45.06211667,-109.039758330,0,59,0,0,1,1,5,0,5,1,0,1,0,0000000,88,88,88,88,88,88,0,0,0,1,1
30,300068,2,2,0,6,73,0,8,7,2010,5,22,52,0,3,3,SR-44,P-21,0,48.30717500,-111.947572220,0,12,6,0,2,2,1,0,2,1,0,1,0,0000000,23,3,23,11,0,15,0,0,0,3,0
30,300069,2,2,0,3,29,0,13,7,2010,3,14,30,1,2,2,US-2,,1684,48.41846389,-113.730116670,0,12,2,0,1,1,1,0,1,1,0,1,0,0000000,14,38,14,55,88,88,0,0,0,1,0
30,300070,2,2,0,6,35,0,19,7,2010,2,13,38,1,2,2,US-2,,2020,48.36230000,-113.285950000,0,12,2,0,1,1,1,0,1,1,0,1,0,0000000,13,42,14,0,88,88,0,0,0,1,0
30,300071,1,1,0,2,105,0,21,7,2010,4,11,25,0,3,3,SR-24,,81,48.28006667,-106.563477780,0,31,0,0,1,1,5,0,1,10,0,10,0,0000000,11,30,11,45,12,4,0,0,0,1,0
30,300072,1,1,0,1,9,0,16,7,2010,6,19,40,0,3,3,SR-72,,89,45.11787778,-109.010522220,0,24,0,0,1,1,4,0,1,1,0,1,0,0000000,19,44,20,5,88,88,0,0,0,1,0
30,300073,1,1,0,1,9,0,17,7,2010,7,20,28,0,3,2,US-212,,710,45.21478333,-109.242288890,0,11,0,0,1,1,1,0,1,1,0,1,0,0000000,20,35,20,36,99,99,0,0,0,1,0
30,300074,1,1,0,5,31,0,18,7,2010,1,1,50,1,1,1,I-90 E,,2965,45.78899722,-111.205458330,0,1,0,0,1,1,1,0,2,1,0,1,0,0000000,1,56,2,5,2,35,0,0,0,1,1
30,300075,1,1,0,2,21,0,18,7,2010,1,4,17,1,1,1,I-94 E,,2097,47.07678056,-104.784002780,0,1,0,0,1,1,3,1,1,1,0,1,0,0000000,4,32,4,38,5,5,0,0,0,1,0
30,300076,1,1,0,1,81,0,18,7,2010,1,18,3,1,2,2,US-93,,277,45.98308333,-114.161530560,0,1,0,0,1,1,1,0,1,1,0,1,0,0000000,17,57,18,8,88,88,0,0,0,1,0
30,300077,1,1,1,1,111,100,22,7,2010,5,21,55,1,2,2,US-87,JUDITH LANE,0,45.82274444,-108.470827780,0,8,0,0,3,3,1,0,3,10,0,10,0,0000000,21,58,22,8,22,14,0,0,0,1,0
30,300078,2,2,0,5,35,0,24,7,2010,7,15,45,0,5,3,SR-49,,15,48.46182500,-113.224583330,3,12,2,0,1,1,1,0,1,1,0,1,0,0000000,15,52,16,7,16,33,0,0,0,1,1
30,300079,1,1,0,1,21,0,24,7,2010,7,99,99,1,1,1,I-90 E,,1991,46.95083611,-104.902638890,0,1,0,0,1,1,1,0,1,1,0,1,0,0000000,17,35,18,1,18,29,0,0,0,1,1
30,300080,1,1,0,2,83,0,24,7,2010,7,23,1,0,4,3,SR-201,SR-328,419,47.86769444,-104.636333330,0,35,0,0,3,3,5,0,2,1,0,1,0,0000000,6,48,7,5,88,88,0,0,0,2,1
30,300081,1,1,0,2,29,0,25,7,2010,1,4,6,0,3,3,SR-35,,499,48.22445833,-114.253777780,0,30,0,0,1,1,4,0,3,1,0,1,0,0000000,4,11,4,14,4,33,0,0,0,2,1
30,300082,1,1,0,2,3,0,25,7,2010,1,15,39,1,1,1,I-90,,4923,45.74603333,-107.686638890,0,34,0,0,1,1,3,0,1,1,0,1,0,0000000,15,46,16,18,17,7,0,0,0,1,1
30,300083,1,1,0,1,81,0,26,7,2010,2,21,30,0,6,5,BOWMAN ROAD,ALVISTA LOOP,0,46.29838889,-114.207975000,0,11,0,0,3,3,1,0,5,1,0,1,0,0000000,21,36,21,43,21,57,0,0,0,1,1
30,300084,1,1,0,1,89,0,26,7,2010,2,23,50,0,3,3,SR-200,,846,47.35728611,-114.786100000,3,1,0,0,1,1,1,0,2,1,0,1,0,0000000,23,55,0,10,88,88,0,0,0,1,1
30,300085,2,2,0,11,41,0,22,7,2010,5,18,0,0,5,4,AGENCY ROAD,,110,48.30110000,-109.831866670,3,12,2,0,1,1,1,0,1,10,0,10,0,0000000,18,46,19,7,19,35,0,0,0,1,1
30,300086,1,1,0,2,31,0,28,7,2010,4,16,15,0,3,3,SR-86,,214,45.89316389,-110.877933330,0,35,0,0,1,1,4,0,1,10,0,10,0,0000000,16,27,16,46,17,24,0,0,0,1,0
30,300087,1,1,0,1,3,0,30,7,2010,6,2,0,0,4,3,SR-314,,315,45.35031944,-106.983469440,0,1,0,0,1,1,4,0,2,1,0,1,0,0000000,88,88,88,88,88,88,0,0,0,1,1
30,300088,1,1,0,2,49,590,25,7,2010,1,1,38,0,4,6,WASHINGTON STREET,,0,46.60788333,-112.004263890,0,1,0,0,1,1,4,0,2,1,0,1,0,0000000,1,38,1,45,2,4,0,0,0,1,1
30,300089,2,2,0,2,63,0,4,8,2010,4,23,5,0,6,4,OLD 200/BRICKYARD H,,0,46.87962778,-113.939680560,0,12,2,0,1,1,1,0,2,1,0,1,0,0000000,23,8,23,20,23,50,0,0,0,1,1
30,300090,1,1,0,2,3,0,13,8,2010,6,21,10,0,3,3,SR-47,SUGAR FACTORY LOOP R,0,45.75310556,-107.612436110,0,24,0,0,3,1,4,0,3,10,0,10,0,0000000,21,15,21,18,21,45,0,0,0,1,1
30,300091,1,1,0,1,61,0,5,8,2010,5,20,1,1,1,1,I-90 E,,650,47.01794722,-114.677808330,0,42,0,0,1,1,4,0,1,10,0,10,0,0000000,19,59,20,20,88,88,0,0,0,1,0
30,300092,1,1,0,1,111,0,7,8,2010,7,1,50,0,4,4,SHEPHERD ROAD,,0,45.95255556,-108.342891670,0,38,0,0,1,1,4,0,2,1,0,1,0,0000000,1,59,2,6,88,88,0,0,0,1,1
30,300093,1,1,0,1,87,0,8,8,2010,1,14,8,1,2,2,US-212,BIRNEY ROAD,608,45.59079722,-106.298325000,3,34,0,0,2,2,4,0,1,1,0,1,0,0000000,88,88,88,88,88,88,0,0,0,1,0
30,300094,1,1,0,2,1,0,14,8,2010,7,2,13,0,3,2,US-287,,458,45.31694444,-111.699336110,0,31,0,0,1,1,4,0,2,1,0,1,0,0000000,2,20,2,37,3,3,0,0,0,1,1
30,300095,1,1,0,1,3,0,15,8,2010,1,17,45,1,1,1,I-90 W,,5429,45.14461389,-107.374111110,0,35,0,0,1,1,3,0,1,10,0,10,0,0000000,17,50,18,20,88,88,0,0,0,1,0
30,300096,1,1,0,2,11,0,16,8,2010,2,15,55,1,2,2,US-212,,230,45.27211667,-105.038252780,0,35,0,0,1,1,4,0,1,1,0,1,0,0000000,16,4,16,28,17,14,0,0,0,1,0
30,300097,4,4,0,9,29,0,19,8,2010,5,17,38,1,2,2,US-2,,1018,48.10734444,-114.627786110,0,12,1,0,1,1,1,0,1,1,0,1,0,0000000,17,41,17,52,19,9,0,0,0,1,0
30,300098,1,1,0,1,7,0,27,8,2010,6,21,45,0,4,3,SR-285,,2,46.17119722,-111.445538890,0,38,0,0,1,1,5,0,2,1,0,1,0,0000000,22,2,22,11,88,88,0,0,0,1,1