STATE,ST_CASE,VE_TOTAL,VE_FORMS,PEDS,PERSONS,COUNTY,CITY,DAY,MONTH,YEAR,DAY_WEEK,HOUR,MINUTE,NHS,ROAD_FNC,ROUTE,TWAY_ID,TWAY_ID2,MILEPT,LATITUDE,LONGITUD,SP_JUR,HARM_EV,MAN_COLL,RELJCT1,RELJCT2,TYP_INT,REL_ROAD,WRK_ZONE,LGT_COND,WEATHER1,WEATHER2,WEATHER,SCH_BUS,RAIL,NOT_HOUR,NOT_MIN,ARR_HOUR,ARR_MIN,HOSP_HR,HOSP_MN,CF1,CF2,CF3,FATALS,DRUNK_DR
30,300099,2,2,0,5,111,100,28,8,2010,7,2,38,0,16,6,3RD AVENUE N,N 16TH ST,0,45.79093333,-108.492722220,0,12,6,0,2,2,1,0,2,1,0,1,0,0000000,2,38,2,42,3,16,0,0,0,1,2
30,300100,1,1,0,1,111,100,1,9,2010,4,1,54,0,13,6,BROADWATER AVENUE,27TH ST,0,45.77696389,-108.584163890,0,35,0,0,3,2,1,1,3,1,0,1,0,0000000,88,88,88,88,88,88,0,0,0,1,1
30,300101,2,2,0,6,89,0,4,9,2010,7,17,15,0,3,3,SR-135,,181,47.31699167,-114.804875000,0,12,2,0,1,1,1,0,1,1,0,1,0,0000000,17,33,17,35,18,17,0,0,0,2,1
30,300102,1,1,0,1,45,0,4,9,2010,7,21,0,0,4,3,SR-427,,39,47.15782778,-110.747122220,0,1,0,0,1,1,1,0,2,1,0,1,0,0000000,21,32,21,43,88,88,0,0,0,1,1
30,300103,1,1,0,1,1,0,5,9,2010,1,6,39,1,1,1,I-15,,179,44.66449444,-112.620113890,0,32,0,0,1,1,3,0,2,1,0,1,0,0000000,6,45,6,56,88,88,0,0,0,1,0
30,300104,1,1,0,1,63,0,6,9,2010,2,17,32,1,1,1,I-90,,1007,46.91900278,-114.055402780,0,1,0,0,1,1,3,0,1,10,0,10,0,0000000,17,35,17,42,18,4,0,0,0,1,1
30,300105,1,1,1,1,93,180,19,8,2010,5,6,11,0,13,6,HARRISON AVE,PRINCETON ST,0,45.98890278,-112.509213890,0,8,0,0,3,3,1,0,1,1,0,1,0,0000000,6,12,6,17,6,39,0,0,0,1,0
30,300106,2,2,0,3,55,0,8,9,2010,4,6,20,1,2,3,SR-200,,2725,47.37462778,-105.640825000,0,12,2,0,1,1,1,0,4,1,0,1,1,0000000,6,33,6,40,88,88,0,0,0,3,0
30,300107,2,2,0,3,27,0,11,9,2010,7,11,10,0,6,3,SR-80,,484,47.40395556,-110.184458330,0,12,6,0,1,1,1,0,1,1,0,1,0,0000000,11,22,11,37,12,55,0,0,0,1,0
30,300108,2,2,0,3,3,0,13,9,2010,2,0,2,1,1,1,I-90,,5052,45.65701667,-107.483597220,0,1,0,0,1,1,3,0,2,1,0,1,0,0000000,0,4,0,14,88,88,0,0,0,2,1
30,300109,1,1,0,1,99,0,17,9,2010,6,23,15,0,3,2,US-287,,521,47.64814167,-112.265141670,0,31,0,0,1,1,4,0,2,2,0,2,0,0000000,0,38,1,1,88,88,0,0,0,1,1
30,300110,1,1,0,1,27,0,16,9,2010,5,23,0,1,2,2,US-191,,890,47.62346389,-108.688944440,0,31,0,0,1,1,4,0,2,1,0,1,0,0000000,88,88,88,88,88,88,0,0,0,1,1
30,300111,1,1,1,2,63,0,19,9,2010,1,20,15,0,6,5,SOUTH AVENUE W,38TH AVENUE,0,46.84878889,-114.073663890,0,15,0,0,3,3,1,0,2,1,0,1,0,0000000,18,40,18,42,18,52,0,0,0,1,0
30,300112,1,1,0,1,77,0,22,9,2010,4,18,15,1,2,3,SR-200,,640,46.94665833,-112.812466670,0,31,0,0,1,1,4,0,1,10,0,10,0,0000000,18,23,18,45,88,88,0,0,0,1,1
30,300113,1,1,0,2,47,0,23,9,2010,5,4,0,1,2,2,US-93,WILD HORSE DRIVE,837,47.87107222,-114.262958330,3,31,0,0,2,3,4,0,2,1,0,1,0,0000000,7,14,7,34,8,2,0,0,0,1,1
30,300114,2,2,0,2,13,0,23,9,2010,5,14,25,0,4,3,SR-226,,26,47.41172500,-111.264330560,0,12,2,0,1,1,1,0,1,1,0,1,0,0000000,14,28,14,39,15,28,0,0,0,1,0
30,300115,1,1,0,2,87,0,24,9,2010,6,17,30,1,1,1,I-94 W,,825,46.25828056,-106.921305560,0,1,0,0,1,1,1,0,1,1,0,1,0,0000000,17,38,17,55,18,22,0,0,0,1,0
30,300116,1,1,0,2,89,0,24,9,2010,6,0,1,0,4,3,SR-77,,3,47.60911389,-114.631905560,3,34,0,0,1,1,4,0,2,1,0,1,0,0000000,88,88,88,88,88,88,0,0,0,2,1
30,300117,1,1,0,2,73,0,25,9,2010,7,6,40,0,3,2,US-89,,869,48.34630556,-112.554922220,3,11,0,0,1,1,1,0,2,1,0,1,0,0000000,6,45,7,30,7,51,0,0,0,1,0
30,300118,1,1,0,1,61,0,25,9,2010,7,17,0,0,4,4,MULLAN GULCH ROAD,,0,47.36561389,-115.203430560,0,24,0,0,1,1,4,0,1,1,0,1,0,0000000,17,25,17,44,88,88,0,0,0,1,0
30,300119,1,1,2,2,29,0,25,9,2010,7,21,41,1,2,2,US-2,,1221,48.20920000,-114.292875000,0,8,0,0,1,1,1,0,3,1,0,1,0,0000000,21,43,21,46,22,9,0,0,0,1,0
30,300120,1,1,0,3,89,0,27,9,2010,2,7,15,0,6,4,LITTLE BITTEROOT RD,,0,47.48284444,-114.366516670,3,1,0,0,1,1,4,0,1,1,0,1,0,0000000,7,49,8,6,8,32,0,0,0,1,1
30,300121,1,1,0,1,63,830,27,9,2010,2,15,5,0,6,5,MULLAN ROAD,,0,47.01661111,-114.245894440,0,1,0,0,1,1,4,0,1,1,0,1,0,0000000,15,7,15,9,15,47,0,0,0,1,1
30,300122,1,1,0,6,43,0,27,9,2010,2,18,58,0,6,4,DELMOE LAKE ROAD,,60,45.94897222,-112.360911110,0,35,0,0,1,1,4,0,5,1,0,1,0,0000000,19,0,19,29,20,27,0,0,0,1,0
30,300123,1,1,0,1,57,0,3,10,2010,1,10,0,0,4,3,SR-359,,129,45.74295000,-111.830363890,0,1,0,0,1,1,4,0,1,1,0,1,0,0000000,10,12,10,33,88,88,0,0,0,1,0
30,300124,1,1,0,1,49,0,3,10,2010,1,11,15,1,2,3,SR-200,,908,47.08713889,-112.373041670,0,1,0,0,1,1,4,0,1,1,0,1,0,0000000,11,24,11,51,13,16,0,0,0,1,0
30,300125,2,2,0,2,13,0,5,10,2010,3,2,40,1,1,1,I-15,,2912,47.56940556,-111.541663890,0,12,1,0,1,1,1,0,2,2,0,2,0,0000000,2,46,3,2,88,88,0,0,0,1,1
30,300126,1,1,0,1,99,0,9,10,2010,7,1,45,0,4,3,SR-221,,106,47.83997500,-111.987366670,0,1,0,0,1,1,4,0,2,1,0,1,0,0000000,2,20,2,34,2,51,0,0,0,1,1
30,300127,2,2,0,4,63,0,7,10,2010,5,22,10,1,2,3,SR-200,,319,47.00277778,-113.370772220,0,12,6,0,8,1,1,0,3,10,0,10,0,0000000,22,19,22,39,23,39,0,0,0,1,1
30,300128,2,2,0,2,111,0,16,10,2010,7,21,53,0,13,6,24TH ST W,,0,45.76140000,-108.576255560,0,12,6,0,4,1,1,0,3,1,0,1,0,0000000,21,53,21,56,22,10,0,0,0,1,0
30,300129,2,2,0,2,105,0,18,10,2010,2,19,0,0,4,3,SR-434,,196,48.38894722,-106.259775000,3,12,1,0,1,1,1,0,2,1,0,1,0,0000000,19,22,19,57,20,50,23,0,0,1,0
30,300130,1,1,0,1,43,0,22,10,2010,6,22,55,0,6,8,STRAWBERRY LOOKOUT R,,0,46.47800556,-111.905513890,0,42,0,0,1,1,4,0,2,1,0,1,0,0000000,23,2,23,29,88,88,0,0,0,1,1
30,300131,1,1,0,1,111,0,23,10,2010,7,16,0,0,4,4,OLD US-87,,40,45.75555278,-108.379519440,0,1,0,0,1,1,1,0,1,1,0,1,0,0000000,15,57,16,4,88,88,0,0,0,1,0
30,300132,2,2,0,4,93,180,25,8,2010,4,12,50,0,16,6,FLORAL BOULEVARD,,0,45.98400000,-112.497377780,0,12,6,0,1,1,1,0,1,1,0,1,0,0000000,12,51,12,57,13,13,0,0,0,1,0
30,300133,2,2,0,2,1,0,26,10,2010,3,7,30,0,3,3,SR-43,,735,45.76121111,-112.809236110,0,12,2,0,1,1,1,0,1,1,0,1,0,0000000,7,42,8,7,9,0,0,0,0,1,0
30,300134,1,1,0,2,63,830,26,10,2010,3,22,51,0,13,6,ORANGE STREET,SOUTH 6TH WEST,0,46.86365278,-114.003388890,0,33,0,0,3,2,4,0,3,10,0,10,0,0000000,22,53,22,55,23,4,0,0,0,1,1
30,300135,1,1,0,4,67,0,7,11,2010,1,6,30,1,2,2,US-89,,190,45.23328333,-110.874644440,0,1,0,0,1,1,4,0,4,1,0,1,0,0000000,6,35,6,58,7,56,0,0,0,1,1
30,300136,1,1,0,1,29,0,27,10,2010,4,16,10,0,6,4,575 CHURCH DRIVE RD,,0,48.28015000,-114.356111110,0,1,0,0,1,1,4,0,1,1,0,1,0,0000000,16,12,16,18,88,88,0,0,0,1,0
30,300137,1,1,0,2,111,0,7,11,2010,1,3,40,1,1,1,I-90 W,,4440,45.73569444,-108.597033330,0,1,0,0,1,1,1,0,2,1,0,1,0,0000000,3,35,3,38,4,2,0,0,0,1,1
30,300138,1,1,1,2,63,830,9,11,2010,3,22,48,1,13,2,US-93,,0,46.84125278,-114.029019440,0,8,0,0,1,1,4,0,3,1,0,1,0,0000000,22,49,22,53,23,4,0,0,0,1,1
30,300139,3,3,0,3,63,0,10,11,2010,4,16,45,0,14,6,MULLAN ROAD,,20,46.88744444,-114.067311110,0,12,1,0,8,1,1,0,1,10,0,10,0,0000000,16,50,16,54,17,11,0,0,0,1,0
30,300140,2,2,0,2,111,0,12,11,2010,6,14,20,1,2,3,SR-3,,99999,45.95998056,-108.726538890,0,12,2,0,1,1,1,0,1,1,0,1,0,0000000,14,29,14,56,15,21,0,0,0,1,0
30,300141,1,1,0,2,31,0,12,11,2010,6,17,2,1,1,1,I-90 E,,3190,45.66532778,-110.834877780,0,1,0,0,1,1,3,0,2,4,0,4,0,0000000,17,9,17,20,17,39,0,0,0,1,0
30,300142,1,1,0,1,105,0,14,11,2010,1,7,0,0,3,3,SR-24,,727,48.16801667,-106.597294440,0,24,0,0,1,1,4,0,1,2,0,2,0,0000000,7,8,7,16,7,21,0,0,0,1,0
30,300143,2,2,0,3,81,0,14,11,2010,1,10,19,1,2,2,US-93,SKALKAHO HIGHWAY RD,446,46.20672778,-114.155722220,0,12,6,0,2,3,1,0,1,10,0,10,0,0000000,10,20,10,33,10,37,0,0,0,1,0
30,300144,2,2,0,5,9,0,20,11,2010,7,9,55,1,2,2,US-310,,450,45.56493056,-108.838483330,0,12,6,0,1,1,1,0,1,4,11,4,0,0000000,10,17,10,32,11,38,0,0,0,1,1
30,300145,1,1,0,2,103,0,20,11,2010,7,11,40,1,1,1,I-94 W,,622,46.18500000,-107.274705560,0,1,0,0,1,1,3,0,1,4,11,4,0,0000000,11,45,12,21,88,88,0,0,0,1,0
30,300146,1,1,0,2,49,590,12,11,2010,6,0,40,0,3,3,SR-280 YORK RD,SR-430 CANYON FERRY,0,46.61650556,-111.989950000,0,1,0,0,3,3,5,0,3,1,0,1,0,0000000,0,43,0,49,1,25,0,0,0,1,1
30,300147,2,2,0,3,17,0,29,11,2010,2,16,0,1,1,1,I-94 E,,1560,46.57738889,-105.588136110,0,24,0,0,1,1,4,0,1,10,0,10,0,0000000,16,4,16,25,17,29,0,0,0,1,1
30,300148,1,1,0,2,47,0,29,11,2010,2,21,10,1,2,2,US-93 N,,248,47.24511111,-114.169041670,3,1,0,0,1,1,1,0,2,1,0,1,0,0000000,21,19,21,43,22,29,0,0,0,1,0
30,300149,2,2,0,2,111,100,5,12,2010,1,19,55,1,2,3,SR-3,,0,45.80421389,-108.567152780,0,12,2,0,1,1,1,0,2,1,0,1,0,0000000,20,0,20,1,88,88,0,0,0,1,0
30,300150,2,2,0,3,89,0,8,12,2010,4,9,58,0,3,3,SR-200,,801,47.41340833,-114.830238890,0,12,6,0,1,1,1,0,1,3,0,3,0,0000000,9,58,10,5,10,46,0,0,0,1,0
30,300151,1,1,0,1,75,0,9,12,2010,5,17,38,0,3,3,SR-59,,174,45.23555278,-105.328416670,0,1,0,0,1,1,4,0,2,10,0,10,0,0000000,6,8,99,97,99,97,0,0,0,1,0
30,300152,1,1,1,1,111,0,9,12,2010,5,20,25,1,1,1,I-90 E,,4460,45.74917778,-108.558750000,0,8,0,0,1,1,1,0,2,10,0,10,0,0000000,20,30,20,39,88,88,0,0,0,1,0
30,300153,1,1,1,2,45,0,28,11,2010,1,15,30,1,2,2,US-87,,544,47.05491944,-109.913427780,0,8,0,0,1,1,1,0,1,10,11,11,0,0000000,15,22,15,34,16,4,0,0,0,1,0
30,300154,2,2,0,3,89,0,16,12,2010,5,12,25,0,3,3,SR-200,KLAKKEN RD,154,47.99704444,-115.763583330,0,12,6,0,2,3,1,0,1,10,0,10,0,0000000,12,30,12,37,88,88,0,0,0,2,1
30,300155,1,1,0,1,35,0,17,12,2010,6,1,2,1,2,2,US-2,US-89,2214,48.53021944,-112.963100000,3,59,0,0,3,3,4,0,2,1,0,1,0,0000000,1,2,1,6,1,20,20,0,0,1,1
30,300156,2,2,0,3,111,0,19,12,2010,1,3,20,1,1,1,I-94,,266,46.00226944,-107.921577780,0,12,2,0,1,1,1,0,2,10,0,10,0,0000000,3,22,3,48,88,88,0,0,0,1,1
30,300157,2,2,0,3,63,830,14,12,2010,3,15,6,1,13,2,US-93,,0,46.83379167,-114.047461110,0,12,6,0,8,1,1,0,1,10,0,10,0,0000000,15,6,15,12,15,29,0,0,0,1,0
30,300158,1,1,0,2,15,0,24,12,2010,6,1,56,0,6,4,UPPER BOX ELDER ROAD,,90,48.28841111,-109.851680560,3,11,0,0,1,1,1,0,2,1,0,1,0,0000000,1,58,2,7,2,56,20,0,0,1,1
30,300159,1,1,0,1,27,0,24,12,2010,6,20,49,1,2,2,US-87,,1019,47.06209444,-109.031897220,0,59,0,0,1,1,4,0,2,10,0,10,0,0000000,20,48,21,5,22,20,0,0,0,1,1
30,300160,1,1,0,2,31,0,26,12,2010,1,14,30,0,3,3,SR-84,,0,45.64260833,-111.499944440,0,35,0,0,1,1,4,0,1,1,0,1,0,0000000,14,31,14,56,88,88,0,0,0,2,0
30,300161,1,1,0,2,3,0,26,12,2010,1,20,37,0,4,3,SR-384,,70,45.75715000,-107.459872220,3,34,0,0,1,1,4,0,2,10,0,10,0,0000000,20,37,20,48,21,36,0,0,0,1,0
31,310001,2,2,0,3,79,2090,12,1,2010,3,10,2,0,14,6,STOLLEY PARK RD,,0,40.90219444,-98.347677780,0,12,6,0,1,1,1,0,1,1,0,1,0,0000000,99,99,99,99,99,99,0,0,0,2,0
31,310002,2,2,0,3,47,0,14,1,2010,5,18,45,0,3,2,US-30,CO RD 447,2517,40.73165000,-99.483947220,0,12,1,0,2,2,1,0,2,1,0,1,0,0000000,99,99,99,99,99,99,0,0,0,1,0
31,310003,1,1,0,1,67,0,16,1,2010,7,11,28,0,2,2,US-136,,1665,40.22030556,-96.906966670,0,1,0,0,1,1,4,0,1,5,0,5,0,0000000,99,99,99,99,99,99,0,0,0,1,0
31,310004,2,2,0,2,177,0,19,1,2010,3,10,50,1,2,2,US-30,CO RD 21,4387,41.45173333,-96.252594440,0,12,6,0,2,2,1,0,1,5,0,5,0,0000000,99,99,99,99,99,99,0,0,0,1,0
31,310005,1,1,0,1,25,0,25,1,2010,2,16,50,1,1,1,I-80,,4195,40.95501111,-96.414300000,0,1,0,0,1,1,4,4,1,10,0,10,0,0000000,99,99,99,99,99,99,0,0,0,1,0
31,310006,2,2,0,2,19,0,25,1,2010,2,4,45,1,1,1,I-80,,2886,40.72020000,-98.777388890,0,12,6,0,1,1,1,0,2,6,0,6,0,0000000,99,99,99,99,99,99,0,0,0,1,0
31,310007,1,1,1,1,55,3620,30,1,2010,7,9,45,0,16,6,Q STREET,37TH STREET,0,41.20549167,-95.969611110,0,9,0,0,2,2,1,0,1,10,0,10,0,0000000,99,99,99,99,99,99,0,0,0,1,1
31,310008,2,2,0,3,1,0,4,2,2010,5,5,15,1,2,2,US-6,,2100,40.56832778,-98.431319440,0,12,6,0,1,1,1,0,2,4,0,4,0,0000000,99,99,99,99,99,99,0,0,0,3,0
31,310009,2,2,0,2,67,0,5,2,2010,6,7,8,1,2,2,US-136,,1887,40.28057222,-96.547852780,0,12,6,0,1,1,1,0,1,4,0,4,0,0000000,99,99,99,99,99,99,0,0,0,1,0
31,310010,2,1,2,1,55,3620,7,2,2010,1,2,42,0,16,6,STORZ EXPRESSWAY,,0,41.30976111,-95.942186110,0,8,0,0,1,1,1,0,3,4,0,4,0,0000000,99,99,99,99,99,99,0,0,0,1,0
31,310011,2,2,0,2,99,0,8,2,2010,2,7,57,1,2,2,US-6,,1807,40.50081389,-98.964158330,0,12,8,0,1,1,1,0,1,10,0,10,0,0000000,99,99,99,99,99,99,0,0,0,1,0
31,310012,2,2,0,4,111,0,9,2,2010,3,20,55,1,1,1,I-80,,1743,41.11401944,-100.816727780,0,12,6,0,7,1,1,0,2,1,0,1,0,0000000,99,99,99,99,99,99,0,0,0,2,0
31,310013,2,1,0,2,109,0,14,2,2010,1,11,50,1,1,1,I-80,,4134,40.90780556,-96.502016670,0,14,0,0,1,1,3,0,1,4,6,4,0,0000000,99,99,99,99,99,99,19,0,0,1,0
31,310014,2,2,0,3,151,0,14,2,2010,1,0,42,0,3,3,SR-33,,38,40.64235278,-97.101630560,0,12,2,0,1,1,1,0,3,1,0,1,0,0000000,99,99,99,99,99,99,0,0,0,1,0
31,310015,1,1,0,1,53,0,15,2,2010,2,4,49,1,2,2,US-30,,4223,41.45154167,-96.567163890,0,1,0,0,1,1,5,0,2,10,0,10,0,0000000,88,88,88,88,88,88,0,0,0,1,0
31,310016,1,1,0,1,25,0,15,2,2010,2,5,59,1,1,1,I-80,,4250,41.00827222,-96.311475000,0,48,0,0,1,1,3,4,2,7,0,7,0,0000000,88,88,88,88,88,88,0,0,0,1,0
31,310017,2,1,1,1,119,0,15,2,2010,2,5,19,1,2,2,US-81,,1440,41.84974444,-97.441691670,0,48,0,0,1,1,1,0,2,4,0,4,0,0000000,99,99,99,99,99,99,0,0,0,1,0
31,310018,2,2,0,2,131,3360,16,2,2010,3,11,8,1,13,2,US-75,SR-2,465,40.65251389,-95.859488890,0,12,6,0,2,2,1,0,1,10,0,10,0,0000000,99,99,99,99,99,99,0,0,0,1,0
31,310019,2,2,0,5,159,0,17,2,2010,4,18,54,1,1,1,I-80,,3847,40.82186389,-96.997947220,0,12,8,0,1,1,1,0,2,1,0,1,0,0000000,99,99,99,99,99,99,0,0,0,2,1
31,310020,1,1,0,1,55,3620,19,2,2010,6,1,35,0,14,6,156TH ST.,,0,41.29467222,-96.158394440,0,30,0,0,1,1,4,0,3,10,0,10,0,0000000,99,99,99,99,99,99,0,0,0,1,1
31,310021,2,2,0,2,153,0,24,2,2010,4,15,45,0,6,4,CORNHUSKER RD,,0,41.16224444,-95.969180560,0,12,8,0,1,1,1,0,1,1,0,1,0,0000000,99,99,99,99,99,99,0,0,0,1,2
31,310022,1,1,0,1,89,0,24,2,2010,4,4,29,0,4,3,SR-11,,1713,42.77247222,-98.851891670,0,24,0,0,1,1,4,0,2,10,0,10,0,0000000,99,99,99,99,99,99,0,0,0,1,0
31,310023,1,1,1,1,95,0,4,3,2010,5,7,23,0,5,4,RIVER RD,,0,40.14988056,-97.196216670,0,8,0,0,1,1,1,0,1,1,0,1,0,0000000,99,99,99,99,99,99,0,0,0,1,0
31,310024,2,2,0,2,155,0,9,3,2010,3,7,44,1,2,2,US-77,,1105,41.38479444,-96.502875000,0,12,6,0,1,1,1,0,1,5,0,5,0,0000000,99,99,99,99,99,99,0,0,0,1,0
31,310025,1,1,0,6,47,0,10,3,2010,4,18,24,1,1,1,I-80,,2231,40.84212500,-99.982794440,0,42,0,0,1,1,4,4,5,4,0,4,0,0000000,99,99,99,99,99,99,0,0,0,1,0
31,310026,1,1,0,1,153,0,17,3,2010,4,1,42,0,4,4,156TH ST,,0,41.17897778,-96.158780560,0,38,0,0,1,1,4,0,3,10,0,10,0,0000000,99,99,99,99,99,99,0,0,0,1,1
31,310027,2,2,0,5,55,0,19,3,2010,6,10,37,0,4,4,6056 N 156TH ST.,,0,41.34865833,-96.158652780,0,12,6,0,4,1,1,0,1,2,3,3,0,0000000,99,99,99,99,99,99,0,0,0,1,0
31,310028,1,1,0,4,55,0,27,3,2010,7,12,15,0,3,3,SR-36,,67,41.37925556,-96.302375000,0,42,0,0,1,1,4,0,1,10,0,10,0,0000000,99,99,99,99,99,99,0,0,0,2,0
31,310029,4,4,0,5,37,0,23,3,2010,3,7,40,1,2,2,US-30,CO RD 16,4015,41.46730000,-96.964044440,0,12,1,0,2,2,1,0,1,1,0,1,0,0000000,99,99,99,99,99,99,0,0,0,1,0
31,310030,1,1,1,2,49,990,28,3,2010,1,16,55,0,3,2,US-30,VINCENT ST,866,41.09264444,-102.472400000,0,9,0,0,2,2,1,0,1,1,0,1,0,0000000,99,99,99,99,99,99,0,0,0,1,0
31,310031,1,1,0,4,111,0,28,3,2010,1,22,41,1,1,1,I-80,,1627,41.13884722,-101.038855560,0,1,0,0,1,1,3,0,1,1,0,1,0,0000000,99,99,99,99,99,99,0,0,0,1,0
31,310032,1,1,0,2,131,0,31,3,2010,4,20,45,0,4,4,N 36 ROAD,,0,40.74673611,-96.122130560,0,34,0,0,1,1,4,0,2,1,0,1,0,0000000,99,99,99,99,99,99,0,0,0,1,1
31,310033,1,1,0,2,157,4340,4,4,2010,1,0,51,0,14,6,BROADWAY,16TH ST,0,41.86230556,-103.662763890,0,5,0,0,2,2,1,0,3,1,0,1,0,0000000,99,99,99,99,99,99,0,0,0,1,1
31,310034,1,1,0,1,159,0,6,4,2010,3,23,33,1,1,1,I-80,,3822,40.82199444,-97.041891670,0,31,0,1,5,1,4,0,2,1,0,1,0,0000000,99,99,99,99,99,99,0,0,0,1,1
31,310035,2,2,0,2,55,3620,7,4,2010,4,21,46,0,14,6,Q STREET,52ND ST,0,41.20526389,-95.996583330,0,12,6,0,3,2,1,0,3,1,0,1,0,0000000,99,99,99,99,99,99,0,0,0,1,0
31,310036,2,2,0,3,105,0,10,4,2010,7,13,23,0,4,2,US-30,CO RD 37,197,41.24025556,-103.705100000,0,12,1,0,3,3,1,0,1,1,0,1,0,0000000,99,99,99,99,99,99,0,0,0,1,1
31,310037,1,1,0,1,143,0,13,4,2010,3,16,18,1,2,2,US-81,,996,41.25638889,-97.372169440,0,1,0,0,1,1,4,0,1,1,0,1,0,0000000,99,99,99,99,99,99,0,0,0,1,0
31,310038,1,1,0,2,67,0,13,4,2010,3,18,20,0,6,4,GAGE RD,,0,40.52319444,-96.910227780,0,1,0,0,1,1,4,0,1,1,0,1,0,0000000,99,99,99,99,99,99,0,0,0,1,0
31,310039,1,1,0,4,185,0,18,4,2010,1,16,32,1,1,1,I-80,,3566,40.82316389,-97.540055560,0,1,0,0,1,1,3,0,1,1,0,1,0,0000000,99,99,99,99,99,99,0,0,0,1,0
31,310040,1,1,0,1,13,0,18,4,2010,1,18,0,0,6,4,COUNTY ROAD 71,,0,42.24529444,-103.092786110,0,30,0,0,1,1,4,0,1,1,0,1,0,0000000,88,88,88,88,88,88,0,0,0,1,1
31,310041,1,1,0,1,27,0,20,4,2010,3,20,30,0,5,4,552 AVE,,0,42.66804722,-97.483750000,0,35,0,0,1,1,4,0,5,10,0,10,0,0000000,99,99,99,99,88,88,0,0,0,1,0
31,310042,2,2,0,3,65,0,25,4,2010,1,13,31,0,6,4,ROAD 707,ROAD 421,0,40.07505000,-99.948291670,0,12,6,0,2,2,1,0,1,1,0,1,0,0000000,99,99,99,99,99,99,0,0,0,1,0
31,310043,1,1,0,1,181,0,28,4,2010,4,6,50,0,6,4,ROAD 1900,,0,40.31670833,-98.388061110,0,1,0,0,1,1,4,0,2,1,0,1,0,0000000,88,88,88,88,88,88,0,0,0,1,1
31,310044,1,1,0,1,109,2830,29,4,2010,5,13,24,0,14,6,S. 27TH,NOTTINGHAM CT.,0,40.76640278,-96.682616670,0,33,0,0,2,2,4,0,1,1,0,1,0,0000000,99,99,99,99,99,99,0,0,0,1,0
31,310045,1,1,0,3,153,0,1,5,2010,7,0,33,0,4,4,PLATTEVIEW RD,,0,41.08905556,-96.214827780,0,1,0,0,1,1,4,0,2,1,0,1,0,0000000,99,99,99,99,99,99,0,0,0,1,1
31,310046,1,1,0,1,73,0,5,5,2010,4,15,9,0,3,2,US-283,,494,40.68382778,-99.825983330,0,35,0,0,1,1,4,0,1,1,0,1,0,0000000,88,88,88,88,88,88,0,0,0,1,0
31,310047,1,1,0,1,141,0,8,5,2010,7,1,33,0,4,4,445TH AVE,,0,41.67752778,-97.697983330,0,1,0,0,1,1,4,0,2,1,0,1,0,0000000,88,88,88,88,88,88,0,0,0,1,1
31,310048,2,2,0,3,99,0,15,5,2010,7,21,26,0,3,3,SR-10,,416,40.60065833,-98.951797220,0,12,6,0,4,1,4,0,2,2,0,2,0,0000000,99,99,99,99,99,99,0,0,0,1,0
31,310049,2,2,0,3,155,0,26,5,2010,4,11,13,1,2,2,US-77,CO RD J,913,41.19170278,-96.634197220,0,12,6,0,2,2,1,0,1,1,0,1,0,0000000,99,99,99,99,99,99,0,0,0,1,0
31,310050,2,2,0,2,133,0,25,5,2010,3,99,99,0,4,3,SR-65,632 BLVD,123,40.16024722,-96.132861110,0,12,2,0,2,3,1,0,1,1,0,1,0,0000000,99,99,99,99,99,99,0,0,0,1,0
31,310051,2,2,0,2,25,0,25,5,2010,3,13,33,1,2,2,US-34,202ND ST,3384,40.81283611,-96.445841670,0,12,1,0,2,2,1,0,1,1,0,1,0,0000000,99,99,99,99,99,99,0,0,0,1,0
31,310052,1,1,0,1,163,0,28,5,2010,6,16,48,0,4,3,SR-58,,472,41.36908056,-99.014625000,0,31,0,0,1,1,4,0,1,1,0,1,0,0000000,88,88,88,88,88,88,0,0,0,1,1
31,310053,1,1,0,1,179,0,30,5,2010,1,99,99,0,5,4,847 RD,,0,42.10535556,-96.954688890,0,34,0,0,1,1,4,0,1,10,0,10,0,0000000,88,88,88,88,88,88,0,0,0,1,0
31,310054,1,1,0,1,65,0,2,6,2010,4,10,54,0,6,4,RD 431,,0,40.28803889,-99.762383330,0,10,0,0,6,1,1,0,1,1,0,1,0,076614W,88,88,88,88,88,88,0,0,0,1,0
31,310055,1,1,0,1,23,0,2,6,2010,4,17,26,0,3,3,SR-64,,124,41.33686389,-97.132186110,0,42,0,0,1,1,4,0,1,1,0,1,0,0000000,99,99,99,99,99,99,0,0,0,1,1
31,310056,1,1,0,1,181,0,3,6,2010,5,16,20,0,4,3,SR-S91B,,5,40.17611944,-98.510113890,0,1,0,0,1,1,4,0,1,1,0,1,0,0000000,88,88,88,88,88,88,0,0,0,1,0
31,310057,1,1,0,1,177,0,4,6,2010,6,14,30,0,6,4,CO RD 41,,0,41.48716944,-96.054925000,0,1,0,0,1,1,4,0,1,1,0,1,0,0000000,99,99,99,99,99,99,0,0,0,1,0
31,310058,1,1,0,1,159,0,4,6,2010,6,0,20,0,4,4,VAN DORN RD,,0,40.78521944,-96.978722220,0,32,0,0,1,1,4,0,2,10,0,10,0,0000000,99,99,99,99,99,99,0,0,0,1,1