STATE,ST_CASE,VE_TOTAL,VE_FORMS,PEDS,PERSONS,COUNTY,CITY,DAY,MONTH,YEAR,DAY_WEEK,HOUR,MINUTE,NHS,ROAD_FNC,ROUTE,TWAY_ID,TWAY_ID2,MILEPT,LATITUDE,LONGITUD,SP_JUR,HARM_EV,MAN_COLL,RELJCT1,RELJCT2,TYP_INT,REL_ROAD,WRK_ZONE,LGT_COND,WEATHER1,WEATHER2,WEATHER,SCH_BUS,RAIL,NOT_HOUR,NOT_MIN,ARR_HOUR,ARR_MIN,HOSP_HR,HOSP_MN,CF1,CF2,CF3,FATALS,DRUNK_DR
31,310059,1,1,1,1,55,3620,5,6,2010,7,2,21,1,11,1,I-80,,4520,41.22521389,-95.972272220,0,8,0,0,1,1,1,0,3,2,10,2,0,0000000,99,99,99,99,99,99,0,0,0,1,0
31,310060,1,1,1,1,51,0,7,6,2010,2,14,45,0,4,3,SR-116,,27,42.42193611,-96.998805560,0,8,0,0,1,1,1,0,1,1,0,1,0,0000000,99,99,99,99,99,99,0,0,0,1,0
31,310061,2,2,0,3,65,0,7,6,2010,2,22,15,0,3,2,US-283,,184,40.26931111,-99.899711110,0,12,2,0,1,1,1,0,2,1,0,1,0,0000000,99,99,99,99,99,99,0,0,0,1,0
31,310062,1,1,0,1,153,0,8,6,2010,3,7,36,1,1,1,I-80,,4278,41.02834722,-96.297225000,0,38,0,0,1,1,3,0,1,10,0,10,0,0000000,88,88,88,88,88,88,0,0,0,1,0
31,310063,2,2,0,2,141,0,13,6,2010,1,17,25,1,2,2,US-30,EAST 29TH AVE,3833,41.43925278,-97.291488890,0,12,1,0,2,2,1,0,1,1,0,1,0,0000000,99,99,99,99,99,99,0,0,0,1,0
31,310064,1,1,0,1,55,0,14,6,2010,2,19,20,0,6,4,108TH ST,,0,41.37732500,-96.081619440,0,35,0,0,1,1,4,0,1,1,0,1,0,0000000,99,99,99,99,99,99,0,0,0,1,1
31,310065,2,2,0,2,55,3620,18,6,2010,6,15,40,1,13,3,SR-64,SR-133,725,41.28535278,-96.052694440,0,12,6,0,2,2,1,0,1,1,0,1,0,0000000,99,99,99,99,99,99,0,0,0,1,0
31,310066,1,1,0,1,111,0,18,6,2010,6,18,21,1,1,1,I-80,,1975,41.01410278,-100.405425000,0,34,0,0,1,1,3,0,1,1,0,1,0,0000000,88,88,88,88,88,88,0,0,0,1,0
31,310067,2,2,0,3,55,3620,20,6,2010,1,2,33,0,4,6,SORENSEN PARKWAY,CURTIS AVENUE,0,41.31572222,-95.994586110,0,12,6,0,2,2,1,0,3,10,0,10,0,0000000,99,99,99,99,99,99,0,0,0,1,1
31,310068,2,2,0,2,67,0,22,6,2010,3,14,48,0,3,3,SR-4,,1489,40.30623611,-96.890830560,0,12,6,0,1,1,1,0,1,1,0,1,0,0000000,99,99,99,99,99,99,0,0,0,1,1
31,310069,2,2,0,2,109,2830,23,6,2010,4,17,36,0,14,6,VINE STREET,N. 23RD STREET,0,40.82075833,-96.688227780,0,12,6,0,2,2,1,0,1,1,0,1,0,0000000,99,99,99,99,99,99,0,0,0,1,0
31,310070,1,1,0,1,153,0,25,6,2010,6,4,40,0,4,4,PLATTEVIEW RD,,0,41.09285556,-95.995594440,0,11,0,0,1,1,1,0,2,1,0,1,0,0000000,99,99,99,99,99,99,0,0,0,1,0
31,310071,1,1,0,2,107,0,26,6,2010,7,8,30,0,6,4,879 AVE,,0,42.56926389,-97.630347220,0,30,0,0,1,1,4,0,1,1,0,1,0,0000000,99,99,99,99,99,99,0,0,0,1,1
31,310072,1,1,0,2,7,0,28,6,2010,2,15,45,1,2,3,SR-71,,278,41.41286667,-103.666991670,0,1,0,0,1,1,1,0,1,1,0,1,0,0000000,99,99,99,99,99,99,0,0,0,2,1
31,310073,2,2,0,6,157,0,30,6,2010,4,14,55,1,2,3,SR-71,7TH STREET,574,41.80715000,-103.655147220,0,12,6,0,2,2,1,0,1,1,0,1,0,0000000,99,99,99,99,99,99,0,0,0,1,0
31,310074,1,1,0,2,159,0,30,6,2010,4,13,7,1,1,1,I-80,,3692,40.82316389,-97.294236110,0,2,0,1,18,1,1,0,1,1,0,1,0,0000000,88,88,88,88,88,88,0,0,0,2,0
31,310075,1,1,0,1,105,0,30,6,2010,4,8,30,0,5,4,CO RD 17,,0,41.08375000,-103.893241670,0,30,0,0,1,1,4,0,1,1,0,1,0,0000000,88,88,88,88,88,88,0,0,0,1,1
31,310076,1,1,0,1,93,0,30,6,2010,4,12,30,0,6,4,22ND AVENUE,,0,41.35078333,-98.321113890,0,44,0,0,1,1,1,0,1,1,0,1,0,0000000,99,99,99,99,99,99,0,0,0,1,0
31,310077,2,2,0,2,109,2830,30,6,2010,4,5,47,1,13,3,SR-2,84TH STREET,4646,40.73516111,-96.605186110,0,12,1,0,3,2,1,0,4,1,0,1,0,0000000,88,88,88,88,88,88,0,0,0,1,0
31,310078,2,2,0,3,37,0,2,7,2010,6,15,5,0,3,3,SR-15,COUNTY ROAD O,1186,41.59875556,-97.060775000,0,12,1,0,2,2,1,0,1,1,0,1,0,0000000,99,99,99,99,99,99,0,0,0,1,0
31,310079,1,1,0,1,109,2830,2,7,2010,6,23,8,0,4,6,S 27TH ST.,,0,40.74956667,-96.682627780,0,33,0,0,1,1,4,0,3,1,0,1,0,0000000,99,99,99,99,99,99,0,0,0,1,0
31,310080,2,2,0,2,141,0,2,7,2010,6,13,35,0,4,4,445TH AVENUE,385TH STREET,0,41.61313333,-97.697983330,0,12,6,0,2,2,1,0,1,1,0,1,0,0000000,99,99,99,99,99,99,0,0,0,1,0
31,310081,1,1,0,2,177,0,3,7,2010,7,20,35,0,6,4,COUNTY ROAD 25,,0,41.64187500,-96.212769440,0,1,0,0,1,1,4,0,1,1,0,1,0,0000000,99,99,99,99,99,99,0,0,0,1,0
31,310082,2,2,0,2,55,3620,6,7,2010,3,7,20,0,14,6,24TH STREET,PIERCE STREET,0,41.24825833,-95.947080560,0,12,6,0,2,2,1,0,1,1,0,1,0,0000000,99,99,99,99,99,99,0,0,0,1,0
31,310083,2,2,0,2,121,0,8,7,2010,5,14,12,0,6,6,V ROAD,22 ROAD,0,41.23547778,-97.887838890,0,12,6,0,2,2,1,0,1,1,0,1,0,0000000,99,99,99,99,99,99,0,0,0,1,0
31,310084,2,2,0,2,55,3620,8,7,2010,5,15,13,0,13,6,LEAVENWORTH ST,36TH ST,0,41.25245278,-95.966433330,0,12,6,0,2,2,1,0,1,1,0,1,0,0000000,99,99,99,99,99,99,0,0,0,1,0
31,310085,1,1,0,2,177,0,10,7,2010,7,18,25,0,3,3,SR-91,,2156,41.54025833,-96.418161110,0,31,0,0,1,1,4,0,1,1,0,1,0,0000000,88,88,88,88,88,88,0,0,0,2,1
31,310086,1,1,0,1,17,0,12,7,2010,2,15,25,0,3,3,SR-7,,326,42.36970556,-99.882202780,0,1,0,0,1,1,4,0,1,1,0,1,0,0000000,99,99,99,99,99,99,0,0,0,1,0
31,310087,1,1,0,1,155,2780,8,7,2010,5,16,25,0,5,5,SAUNDERS ST,FRONT ST,0,41.32971111,-96.427602780,0,42,0,0,2,3,4,0,1,1,0,1,0,0000000,99,99,99,99,99,99,0,0,0,1,0
31,310088,1,1,0,1,19,0,12,7,2010,2,99,99,1,1,1,I-80,,2760,40.67048333,-99.069900000,0,38,0,0,1,1,4,0,2,99,0,99,0,0000000,88,88,88,88,88,88,0,0,0,1,0
31,310089,2,2,0,3,163,0,13,7,2010,3,7,20,1,2,3,SR-2,,3103,41.15035278,-99.146977780,0,12,6,0,1,1,1,0,4,1,0,1,0,0000000,99,99,99,99,99,99,0,0,0,3,0
31,310090,2,2,0,2,55,3620,17,7,2010,7,16,3,1,13,3,SR-64,108TH ST.,710,41.28757778,-96.081619440,0,12,6,0,2,2,1,0,1,1,0,1,0,0000000,99,99,99,99,99,99,0,0,0,1,1
31,310091,1,1,0,1,55,0,18,7,2010,1,2,0,0,4,4,N 120TH,STATE ST,0,41.33583333,-96.101016670,0,33,0,0,3,3,4,0,2,10,0,10,0,0000000,99,99,99,99,99,99,0,0,0,1,1
31,310092,1,1,0,3,119,0,18,7,2010,1,18,15,0,4,4,BROKEN BRIDGE ROAD,,0,42.01716111,-97.480316670,0,31,0,0,1,1,4,0,1,1,0,1,0,0000000,99,99,99,99,99,99,0,0,0,1,1
31,310093,2,2,0,3,99,0,18,7,2010,1,20,53,1,2,2,US-6,SR-44,1701,40.47333056,-99.161566670,0,12,6,0,2,2,1,0,1,1,0,1,0,0000000,99,99,99,99,99,99,0,0,0,2,1
31,310094,2,2,0,3,177,0,20,7,2010,3,15,5,1,2,2,US-30,,4434,41.48363333,-96.181011110,0,23,0,0,1,1,4,0,1,1,0,1,0,0000000,99,99,99,99,99,99,0,0,0,1,0
31,310095,1,1,0,1,169,0,21,7,2010,4,14,0,0,6,4,RD 6400,,0,40.10801389,-97.539366670,0,1,0,0,1,1,2,0,1,10,0,10,0,0000000,99,99,99,99,99,99,0,0,0,1,0
31,310096,3,3,0,5,47,0,23,7,2010,6,4,0,1,1,1,I-80,,2253,40.82108333,-99.924775000,0,24,0,0,1,1,3,0,3,1,0,1,0,0000000,88,88,88,88,88,88,0,0,0,1,0
31,310097,2,2,0,2,43,0,23,7,2010,6,9,12,1,2,2,US-20,,4170,42.47463056,-96.657027780,0,12,6,0,1,1,1,0,1,1,0,1,0,0000000,99,99,99,99,99,99,0,0,0,1,0
31,310098,1,1,0,5,81,0,25,7,2010,1,17,50,1,1,1,I-80,,3314,40.82368333,-98.020019440,0,24,0,0,1,1,4,0,1,1,0,1,0,0000000,99,99,99,99,99,99,0,0,0,1,0
31,310099,1,1,0,2,67,0,25,7,2010,1,23,59,0,6,4,W LILAC ROAD,,0,40.23393611,-96.730841670,0,1,0,0,1,1,4,0,2,1,0,1,0,0000000,99,99,99,99,99,99,0,0,0,1,1
31,310100,2,2,0,2,157,0,26,7,2010,2,13,51,0,3,3,SR-92,,374,41.75133611,-103.441427780,0,12,6,0,1,1,1,0,1,1,0,1,0,0000000,88,88,88,88,88,88,0,0,0,1,0
31,310101,3,1,0,1,1,2280,29,7,2010,5,2,0,0,15,6,9TH STREET,,0,40.59345833,-98.401236110,0,14,0,0,1,1,7,4,3,1,0,1,0,0000000,88,88,88,88,88,88,0,0,0,1,1
31,310102,1,1,0,5,175,0,31,7,2010,7,0,8,0,4,4,SARGENT ORD RD,,0,41.61018056,-99.173755560,0,30,0,0,1,1,4,0,2,1,0,1,0,0000000,99,99,99,99,99,99,0,0,0,1,1
31,310103,2,2,0,2,89,0,3,8,2010,3,14,0,1,2,2,US-20,,3010,42.47665556,-98.774641670,0,12,6,0,1,1,1,0,1,1,0,1,0,0000000,99,99,99,99,88,88,0,0,0,1,0
31,310104,2,2,0,3,109,0,8,8,2010,1,20,43,0,3,2,US-6,SW 98TH ST,3061,40.81380833,-96.853925000,0,12,6,0,2,2,1,0,5,1,0,1,0,0000000,99,99,99,99,99,99,0,0,0,1,0
31,310105,2,2,0,3,159,0,9,8,2010,2,1,9,1,1,1,I-80,,3785,40.82277222,-97.112961110,0,12,1,0,1,1,1,0,2,1,0,1,0,0000000,99,99,99,99,99,99,0,0,0,1,0
31,310106,1,1,0,1,159,0,11,8,2010,4,12,40,0,6,4,182ND ROAD,,0,40.89353333,-96.968422220,0,1,0,0,1,1,4,0,1,1,0,1,0,0000000,99,99,99,99,99,99,0,0,0,1,0
31,310107,3,3,0,5,153,0,11,8,2010,4,8,3,0,4,4,HARRISON STREET,,0,41.19041111,-96.108483330,0,12,2,0,1,1,1,0,1,1,0,1,0,0000000,99,99,99,99,99,99,0,0,0,1,1
31,310108,1,1,0,1,111,0,16,8,2010,2,13,45,1,2,2,US-83,,846,41.15448889,-100.759391670,0,24,0,0,1,1,4,0,1,10,0,10,0,0000000,88,88,88,88,88,88,0,0,0,1,0
31,310109,2,2,0,2,55,0,20,8,2010,6,10,54,1,2,2,US-75,,990,41.36534444,-95.985316670,0,24,0,0,1,1,4,0,1,1,0,1,0,0000000,99,99,99,99,99,99,0,0,0,1,0
31,310110,3,3,0,4,159,0,23,8,2010,2,17,35,0,3,2,US-34,,3075,40.88860000,-96.975975000,0,12,6,0,1,1,1,0,1,1,0,1,0,0000000,99,99,99,99,99,99,20,0,0,1,1
31,310111,1,1,0,1,119,0,26,8,2010,5,12,58,0,6,4,840 ROAD,,0,42.00338611,-97.688369440,0,1,0,0,1,1,4,0,1,1,0,1,0,0000000,88,88,88,88,88,88,0,0,0,1,1
31,310112,1,1,0,1,11,0,27,8,2010,6,16,20,0,5,4,110TH STREET,,0,41.90100000,-98.042336110,0,34,0,0,1,1,4,0,1,1,0,1,0,0000000,88,88,88,88,88,88,0,0,0,1,0
31,310113,1,1,0,1,31,0,4,9,2010,7,2,0,0,3,3,SR-61,,2289,42.97853056,-101.713141670,0,1,0,0,1,1,4,0,2,1,0,1,0,0000000,88,88,88,88,88,88,0,0,0,1,1
31,310114,2,2,0,3,123,0,9,9,2010,5,16,50,0,6,4,CR 115,,0,41.44478611,-102.944983330,0,12,6,0,1,1,1,0,1,10,0,10,0,0000000,99,99,99,99,99,99,0,0,0,1,0
31,310115,2,2,0,2,99,0,10,9,2010,6,14,48,0,6,4,31 ROAD,N ROAD,0,40.52515278,-98.971194440,0,12,6,0,2,2,1,0,1,1,0,1,0,0000000,99,99,99,99,99,99,0,0,0,1,0
31,310116,2,2,0,2,53,0,15,9,2010,4,11,25,1,2,2,US-275,CO RD 17,1350,41.62262778,-96.597805560,0,12,6,0,2,2,1,0,1,1,0,1,0,0000000,88,88,88,88,88,88,0,0,0,1,0
31,310117,1,1,0,4,107,0,18,9,2010,7,0,30,0,4,4,550 AVE,,0,42.68331944,-97.524947220,0,24,0,0,1,1,4,0,2,10,0,10,0,0000000,99,99,99,99,99,99,0,0,0,2,1
31,310118,1,1,0,1,23,3580,19,9,2010,1,0,32,0,3,3,SR-15,,1014,41.34849722,-97.062150000,0,32,0,0,1,1,4,0,3,2,10,2,0,0000000,88,88,88,88,88,88,20,0,0,1,1
31,310119,1,1,0,1,55,3620,24,9,2010,6,22,17,0,13,3,SR-133,,18,41.28722222,-96.052952780,0,33,0,0,1,1,4,0,3,1,0,1,0,0000000,99,99,99,99,99,99,0,0,0,1,0
31,310120,2,2,0,2,43,0,28,9,2010,3,17,6,0,3,3,SR-35,,683,42.41534722,-96.430263890,0,12,6,0,1,1,1,0,1,1,0,1,0,0000000,99,99,99,99,99,99,0,0,0,1,0
31,310121,1,1,0,1,81,0,29,9,2010,4,4,30,1,1,1,I-80,,3202,40.82420278,-98.245925000,0,24,0,0,1,1,3,0,2,1,0,1,0,0000000,88,88,88,88,88,88,0,0,0,1,0
31,310122,2,2,0,4,55,3620,28,9,2010,3,2,42,0,13,6,PACIFIC STREET,64TH AVE,0,41.24874167,-96.012052780,0,12,6,0,2,2,1,0,3,1,0,1,0,0000000,99,99,99,99,99,99,0,0,0,1,2
31,310123,3,3,0,4,119,0,29,9,2010,4,8,50,1,2,2,US-81,,1487,41.89921111,-97.427788890,0,12,6,0,4,1,1,0,1,1,0,1,0,0000000,99,99,99,99,99,99,0,0,0,1,0
31,310124,1,1,0,6,31,0,1,10,2010,6,17,40,0,6,4,FISH HATCHERY RD,,0,42.92965556,-100.514947220,0,34,0,0,1,1,4,0,1,1,0,1,0,0000000,99,99,99,99,99,99,0,0,0,1,0
31,310125,2,2,0,3,33,0,3,10,2010,1,12,35,1,1,1,I-80,,672,41.11608889,-102.839583330,0,12,7,0,1,1,1,0,1,1,0,1,0,0000000,99,99,99,99,99,99,0,0,0,2,0
31,310126,2,2,0,4,67,0,4,10,2010,2,0,35,1,2,2,US-77,SR-112,136,40.13977778,-96.741486110,0,12,6,0,3,3,1,0,2,1,0,1,0,0000000,99,99,99,99,99,99,0,0,0,2,1
31,310127,1,1,0,1,55,3620,4,10,2010,2,1,7,1,13,2,US-275,,1866,41.21252778,-95.999177780,0,1,0,0,1,1,4,0,3,1,0,1,0,0000000,88,88,88,88,88,88,0,0,0,1,1
31,310128,1,1,0,1,27,0,5,10,2010,3,14,35,1,2,2,US-81,,2110,42.81202500,-97.406158330,0,42,0,0,1,1,4,0,1,1,0,1,0,0000000,99,99,99,99,99,99,0,0,0,1,0
31,310129,2,2,0,2,157,0,5,10,2010,3,16,0,0,3,3,SR-71,,671,41.94723333,-103.679694440,0,12,1,0,8,1,1,0,1,1,0,1,1,0000000,88,88,88,88,88,88,0,0,0,1,0
31,310130,2,2,0,2,35,0,7,10,2010,5,7,12,0,4,3,SR-74,,419,40.43754167,-98.119152780,0,11,0,0,1,1,1,0,1,1,0,1,0,0000000,99,99,99,99,99,99,0,0,0,1,0
31,310131,3,3,0,5,55,3620,9,10,2010,7,23,33,0,13,6,Q STREET,144TH STREET,0,41.20565278,-96.139038890,0,12,6,0,2,2,1,0,3,1,0,1,0,0000000,99,99,99,99,99,99,0,0,0,1,1
31,310132,1,1,0,1,39,0,10,10,2010,1,4,0,0,4,4,COUNTY ROAD 24,,0,42.03628889,-96.575316670,0,1,0,0,1,1,4,0,2,1,0,1,0,0000000,88,88,88,88,88,88,0,0,0,1,1
31,310133,1,1,0,2,171,0,11,10,2010,2,16,30,1,2,2,US-83,,1401,41.87365000,-100.564727780,0,31,0,0,1,1,4,0,1,1,0,1,0,0000000,99,99,99,99,99,99,0,0,0,1,0
31,310134,1,1,0,1,155,0,13,10,2010,4,99,99,0,4,4,COUNTY ROAD 21,,0,41.16754167,-96.697883330,0,34,0,0,1,1,4,0,1,1,0,1,0,0000000,88,88,88,88,88,88,0,0,0,1,0
31,310135,1,1,0,8,101,0,15,10,2010,6,0,4,0,3,3,SR-61,,1093,41.32655278,-101.726361110,0,38,0,0,1,1,4,0,2,1,0,1,0,0000000,99,99,99,99,99,99,0,0,0,2,1
31,310136,2,2,0,7,109,0,18,10,2010,2,15,40,0,3,2,US-34,,3157,40.88730278,-96.841736110,0,12,2,0,1,1,1,0,1,1,0,1,0,0000000,99,99,99,99,99,99,0,0,0,1,0
31,310137,2,2,0,3,177,580,2,10,2010,7,18,40,0,14,6,WRIGHT ST,21ST ST,0,41.55015000,-96.144319440,0,12,6,0,2,2,1,0,1,1,0,1,0,0000000,99,99,99,99,99,99,0,0,0,1,0
31,310138,2,2,0,2,55,3620,20,10,2010,4,11,4,1,13,3,SR-64,,697,41.29276944,-96.114063890,0,12,6,0,1,1,1,2,1,1,0,1,0,0000000,99,99,99,99,99,99,0,0,0,1,0
31,310139,1,1,0,1,155,0,21,10,2010,5,16,45,0,6,4,COUNTY ROAD Y,,0,41.40797222,-96.548538890,0,1,0,0,1,1,4,0,1,1,0,1,0,0000000,88,88,88,88,88,88,0,0,0,1,0
31,310140,1,1,0,1,53,1900,24,10,2010,1,0,52,0,16,6,UNION STREET,,0,41.42797500,-96.492533330,0,10,0,0,6,1,1,0,3,1,0,1,0,816886E,99,99,99,99,99,99,0,0,0,1,1
31,310141,1,1,0,1,139,0,24,10,2010,1,0,52,0,6,4,549TH AVE,,0,42.22915278,-97.543830560,0,1,0,0,1,1,1,0,2,1,0,1,0,0000000,88,88,88,88,88,88,0,0,0,1,0
31,310142,2,2,0,2,89,0,3,11,2010,4,12,51,1,2,2,US-20,491 ST AVE,3068,42.45766111,-98.677138890,0,12,1,0,2,3,1,0,1,1,0,1,0,0000000,99,99,99,99,99,99,0,0,0,1,0
31,310143,1,1,1,1,55,3620,3,11,2010,4,16,10,0,6,6,23RD ST,J ST,0,41.21475556,-95.945600000,0,8,0,0,3,2,1,0,1,10,0,10,0,0000000,99,99,99,99,99,99,0,0,0,1,0
31,310144,3,3,0,5,67,390,5,11,2010,6,13,25,1,13,2,US-77,GRANVILLE AVE,208,40.24530278,-96.746250000,0,12,6,0,2,2,1,0,1,1,0,1,0,0000000,99,99,99,99,99,99,0,0,0,1,0
31,310145,2,2,0,3,153,0,6,11,2010,7,9,55,1,1,1,I-80,,4390,41.14408333,-96.161097220,0,12,1,0,1,1,1,0,1,1,0,1,0,0000000,99,99,99,99,99,99,0,0,0,2,0
31,310146,1,1,0,1,55,3620,12,11,2010,6,14,13,0,14,6,4615 FONTENELLE BLVD,,0,41.30089444,-95.978816670,0,42,0,0,1,1,4,0,1,2,10,2,0,0000000,99,99,99,99,99,99,0,0,0,1,1
31,310147,1,1,0,2,87,0,16,11,2010,3,16,0,0,6,4,NORTH RIVER DRIVE,,0,40.17231389,-101.057225000,0,1,0,0,1,1,4,0,1,10,0,10,0,0000000,99,99,99,99,99,99,0,0,0,1,0
31,310148,2,2,0,2,109,0,19,11,2010,6,6,23,1,1,1,I-80,,3916,40.82056389,-96.868086110,0,12,1,0,1,1,1,0,2,1,0,1,0,0000000,88,88,88,88,88,88,0,0,0,1,0
31,310149,2,2,0,5,185,0,20,11,2010,7,22,28,1,1,1,I-80,,3416,40.82134444,-97.817802780,0,12,6,0,1,1,1,0,2,10,0,10,0,0000000,99,99,99,99,99,99,0,0,0,4,0
31,310150,1,1,0,1,109,2830,21,11,2010,1,2,35,0,16,6,NW 48TH ST,,0,40.85061389,-96.787341670,0,31,0,0,1,1,4,0,3,1,0,1,0,0000000,99,99,99,99,99,99,0,0,0,1,1
31,310151,1,1,0,1,111,0,22,11,2010,2,9,1,0,5,4,SARBEN RD,,0,41.16340556,-101.245880560,0,1,0,0,1,1,4,0,1,3,0,3,0,0000000,88,88,88,88,88,88,0,0,0,1,0
31,310152,1,1,0,1,109,0,25,11,2010,5,10,48,0,4,3,SR-S55A,,36,40.76039167,-96.835900000,0,31,0,0,1,1,4,0,1,1,0,1,0,0000000,99,99,99,99,99,99,0,0,0,1,0
31,310153,2,2,0,2,185,0,26,11,2010,6,23,35,1,1,1,I-80,,3527,40.82147500,-97.607175000,0,12,6,1,5,1,1,0,2,1,0,1,0,0000000,88,88,88,88,88,88,0,0,0,1,1
31,310154,1,1,1,1,111,0,27,11,2010,7,4,15,1,1,1,I-80,,1596,41.13936389,-101.131897220,0,8,0,0,1,1,1,0,2,1,0,1,0,0000000,88,88,88,88,88,88,0,0,0,1,0
31,310155,2,2,0,2,55,3620,2,12,2010,5,9,40,0,16,6,15720 DODGE FRONTAGE,,0,41.26374444,-96.160497220,0,12,8,0,1,1,1,0,1,1,0,1,0,0000000,99,99,99,99,99,99,0,0,0,1,0
31,310156,2,2,0,7,55,3620,12,12,2010,1,21,25,0,13,6,42ND STREET,H STREET,0,41.21733889,-95.976047220,0,12,2,0,2,3,1,0,3,1,0,1,0,0000000,99,99,99,99,99,99,0,0,0,2,1
31,310157,1,1,0,1,47,0,13,12,2010,2,15,55,1,1,1,I-80,,2185,40.87536389,-100.057638890,0,24,0,0,1,1,3,0,1,1,0,1,0,0000000,88,88,88,88,88,88,0,0,0,1,0
31,310158,1,1,0,1,145,0,14,12,2010,3,23,10,0,4,4,COUNTY ROAD 407,,0,40.34255278,-100.216597220,0,38,0,0,1,1,4,0,2,10,0,10,0,0000000,88,88,88,88,88,88,0,0,0,1,1
31,310159,1,1,0,1,13,0,14,12,2010,3,21,30,1,2,2,US-385,,1167,42.19520556,-102.963694440,0,59,0,0,1,1,4,0,2,1,0,1,0,0000000,99,99,99,99,99,99,0,0,0,1,0
31,310160,2,2,0,3,145,0,15,12,2010,4,13,43,1,2,2,US-6,,1030,40.25077500,-100.316591670,0,12,8,0,1,1,1,0,1,1,0,1,0,0000000,99,99,99,99,99,99,0,0,0,1,0
31,310161,2,2,0,3,185,0,15,12,2010,4,19,4,1,1,1,I-80,,3622,40.82212222,-97.418175000,0,12,6,0,1,1,1,0,2,3,0,3,0,0000000,99,99,99,99,99,99,0,0,0,2,0
31,310162,2,2,0,4,41,0,18,12,2010,7,14,30,1,2,3,SR-2,,2932,41.30837500,-99.409275000,0,12,6,0,1,1,1,0,1,10,0,10,0,0000000,99,99,99,99,99,99,0,0,0,3,0
31,310163,1,1,1,1,55,3620,20,12,2010,2,20,33,1,13,2,US-6,90TH STREET,3664,41.26341944,-96.052180560,0,8,0,0,3,2,1,0,2,10,0,10,0,0000000,99,99,99,99,99,99,0,0,0,1,0
31,310164,2,2,0,3,153,0,23,12,2010,5,22,46,1,2,2,US-75,,784,41.08789167,-95.928669440,0,12,6,0,1,1,1,0,2,3,0,3,0,0000000,99,99,99,99,99,99,0,0,0,1,0
31,310165,1,1,0,1,29,0,24,12,2010,6,19,0,0,3,2,US-6,,191,40.53806944,-101.711425000,0,30,0,0,1,1,4,0,2,1,0,1,0,0000000,99,99,99,99,99,99,0,0,0,1,1
31,310166,2,2,0,3,55,0,31,12,2010,6,14,32,1,2,2,US-275,,1697,41.23496111,-96.294822220,0,12,6,0,1,1,1,0,1,1,0,1,0,0000000,99,99,99,99,99,99,0,0,0,1,0
33,330001,2,2,0,3,17,281,4,1,2010,2,12,44,0,6,5,TURTLE POND ROAD,SNEIL ROAD,0,43.13663889,-70.984725000,0,12,6,0,2,2,1,0,1,1,0,1,0,0000000,12,44,13,0,13,27,0,0,0,1,0
33,330002,1,1,0,1,3,385,8,1,2010,6,7,10,0,6,5,NORTH SOUTH ROAD,,0,44.02317222,-71.108922220,0,33,0,0,1,1,4,0,2,1,0,1,0,0000000,7,10,7,14,88,88,0,0,0,1,1
33,330003,1,1,0,1,15,417,9,1,2010,7,6,6,0,5,3,SR-121A,,0,42.84875556,-71.106433330,0,42,0,0,1,1,4,0,4,1,0,1,0,0000000,6,6,6,15,88,88,0,0,0,1,0
33,330004,1,1,0,1,11,334,10,1,2010,1,19,56,0,15,3,SR-EVERETT TURNPIKE,,0,42.89056944,-71.475086110,0,1,0,0,5,1,4,0,3,1,0,1,0,0000000,19,56,20,10,88,88,0,0,0,1,1
33,330005,2,2,0,5,13,455,10,1,2010,1,8,56,0,14,3,SR-4,,0,43.38795833,-71.736002780,0,12,2,0,1,1,1,0,1,1,0,1,0,0000000,8,56,9,5,9,41,0,0,0,1,1
33,330006,1,1,1,3,11,350,18,1,2010,2,19,15,0,16,6,KINSLEY STREET,LIBERTY STREET,0,42.74864444,-71.484936110,0,8,0,0,3,3,1,0,3,10,0,10,0,0000000,19,15,19,18,88,88,0,0,0,1,0
33,330007,1,1,0,1,15,255,17,1,2010,1,3,1,0,5,3,SR-111,PHEASANT RUN,0,42.95294444,-71.016891670,0,42,0,0,3,3,4,0,2,10,0,10,0,0000000,3,1,3,18,3,40,0,0,0,1,1
33,330008,2,2,0,2,17,90,21,1,2010,5,19,57,0,16,5,DOVER POINT ROAD,,0,43.12741667,-70.836913890,0,12,2,0,1,1,1,0,3,1,0,1,0,0000000,19,57,20,3,20,28,0,0,0,1,0
33,330009,2,2,0,3,19,50,18,1,2010,2,15,48,0,16,5,MAIN STREET,,0,43.39687778,-72.391663890,0,12,2,0,1,1,1,0,1,10,0,10,0,0000000,15,48,15,55,16,21,0,0,0,1,0
33,330010,1,1,0,2,9,33,23,1,2010,7,23,53,0,5,3,SR-3,,0,43.84176944,-71.662616670,0,42,0,0,1,1,4,0,2,1,0,1,0,0000000,23,53,0,6,0,42,0,0,0,2,1
33,330011,1,1,0,2,5,550,28,1,2010,5,16,14,0,6,5,KEENE ROAD,,0,42.78277222,-72.383069440,0,3,0,0,1,1,5,0,1,4,11,4,0,0000000,16,14,16,28,16,57,0,0,0,1,0
33,330012,1,1,0,1,5,550,29,1,2010,6,7,42,0,6,5,WARWICK ROAD,,0,42.73417500,-72.365344440,0,40,0,0,1,1,4,0,1,1,0,1,0,0000000,7,42,7,54,88,88,0,0,0,1,0
33,330013,2,2,0,2,7,190,4,2,2010,5,15,1,0,6,5,LANCASTER ROAD,,0,44.60159167,-71.518936110,0,12,2,0,1,1,1,0,1,1,0,1,0,0000000,15,1,15,11,15,44,0,0,0,1,0