STATE,ST_CASE,VE_TOTAL,VE_FORMS,PEDS,PERSONS,COUNTY,CITY,DAY,MONTH,YEAR,DAY_WEEK,HOUR,MINUTE,NHS,ROAD_FNC,ROUTE,TWAY_ID,TWAY_ID2,MILEPT,LATITUDE,LONGITUD,SP_JUR,HARM_EV,MAN_COLL,RELJCT1,RELJCT2,TYP_INT,REL_ROAD,WRK_ZONE,LGT_COND,WEATHER1,WEATHER2,WEATHER,SCH_BUS,RAIL,NOT_HOUR,NOT_MIN,ARR_HOUR,ARR_MIN,HOSP_HR,HOSP_MN,CF1,CF2,CF3,FATALS,DRUNK_DR
33,330014,2,2,0,2,3,395,2,2,2010,3,13,50,0,3,3,SR-16,MT SHAW ROAD,0,43.73262222,-71.129458330,0,12,2,0,2,3,1,0,1,1,0,1,0,0000000,13,50,13,59,14,23,0,0,0,1,0
33,330015,2,2,0,4,1,154,10,2,2010,4,15,21,0,5,3,SR-11A,SCHOOL HOUSE HILL RD,0,43.54830000,-71.407561110,0,12,6,0,2,2,1,0,1,10,0,10,0,0000000,15,21,15,23,15,49,0,0,0,1,0
33,330016,1,1,0,1,13,484,10,2,2010,4,17,0,1,1,1,I-89,,284,43.34702778,-71.908777780,0,1,0,0,1,1,4,0,1,4,11,4,0,0000000,88,88,88,88,88,88,0,0,0,1,1
33,330017,1,1,0,3,15,123,20,2,2010,7,23,8,0,6,5,OLD NOTTINGHAM ROAD,ROCKY LANE,0,43.06826111,-71.065877780,0,42,0,0,2,3,4,0,3,1,0,1,0,0000000,23,8,23,10,23,49,0,0,0,1,0
33,330018,2,2,0,5,15,176,26,2,2010,6,22,55,1,11,1,I-95,,108,43.00659167,-70.840016670,0,12,6,0,1,1,1,0,2,3,4,4,0,0000000,22,55,23,18,23,56,0,0,0,1,0
33,330019,1,1,0,1,11,310,6,3,2010,7,14,54,1,11,1,I-293,,0,42.96273611,-71.415425000,0,1,0,1,5,1,2,0,1,1,0,1,0,0000000,14,54,14,58,88,88,0,0,0,1,1
33,330020,1,1,0,3,11,310,14,3,2010,1,13,52,1,11,1,I-93,,170,42.94109444,-71.387013890,0,18,0,0,1,1,1,0,1,2,0,2,0,0000000,13,52,14,0,14,28,0,0,0,1,0
33,330021,1,1,0,1,19,40,16,3,2010,3,9,59,0,6,5,BELLOWS FALLS ROAD,,0,43.19773056,-72.437925000,0,24,0,0,1,1,5,0,1,1,0,1,0,0000000,9,59,10,10,88,88,0,0,0,1,0
33,330022,2,2,0,4,15,466,19,3,2010,6,17,48,1,11,1,I-95,,0,42.88152222,-70.882663890,0,12,7,1,5,1,8,0,1,1,0,1,0,0000000,17,48,17,56,18,39,0,0,0,1,0
33,330023,2,2,0,2,19,479,24,3,2010,4,6,47,0,4,3,SR-11,,0,43.41206111,-72.083713890,0,12,2,0,1,1,1,0,1,10,0,10,0,0000000,6,47,6,58,7,34,0,0,0,1,0
33,330024,1,1,0,2,3,346,27,3,2010,7,0,20,0,6,5,MOULTONBORO NECK RD,,0,43.69288611,-71.379847220,0,42,0,0,1,1,4,0,2,1,0,1,0,0000000,0,20,0,32,88,88,0,0,0,2,1
33,330025,1,1,1,1,11,310,22,1,2010,6,0,35,0,16,6,SOMERVILLE STREET,,0,42.97651944,-71.446719440,0,8,0,0,1,1,1,0,3,1,0,1,0,0000000,0,38,0,40,88,88,0,0,0,1,0
33,330026,1,1,0,1,15,430,27,3,2010,7,16,46,0,16,6,ELWYN ROAD,,0,43.04486944,-70.771661110,0,58,0,0,8,1,1,0,1,1,0,1,0,0000000,16,46,16,55,17,17,0,0,0,1,1
33,330027,1,1,1,1,11,310,3,4,2010,7,14,14,0,16,6,PUTNAM STREET,BARTLETT STREET,0,42.99012222,-71.482469440,0,8,0,0,3,2,1,0,1,1,0,1,0,0000000,14,14,14,21,14,44,0,0,0,1,0
33,330028,2,2,0,2,3,395,8,4,2010,5,17,45,0,3,3,SR-16,,0,43.63750278,-71.057080560,0,12,2,0,1,1,1,0,1,1,0,1,0,0000000,17,45,17,53,18,22,0,0,0,1,0
33,330029,1,1,0,1,13,237,14,4,2010,4,13,30,0,5,3,SR-202,MAPLE STREET,0,43.19156667,-71.674805560,0,1,0,0,2,2,4,0,1,1,0,1,0,0000000,13,30,13,37,13,54,0,0,0,1,0
33,330030,1,1,0,1,19,50,20,4,2010,3,21,46,0,6,5,HANOVER STREET,,0,43.39610556,-72.335744440,0,30,0,0,1,1,4,0,3,1,0,1,0,0000000,21,46,21,50,88,88,0,0,0,1,1
33,330031,1,1,0,1,17,90,26,4,2010,2,5,36,0,14,3,SR-16,,49,43.12892778,-70.838083330,0,42,0,0,1,1,4,0,3,1,0,1,0,0000000,5,36,6,15,88,88,0,0,0,1,1
33,330032,1,1,0,1,3,15,25,4,2010,1,5,15,0,5,3,SR-16 & SR-302,,0,44.08965000,-71.148813890,0,1,0,0,1,1,4,0,4,1,0,1,0,0000000,88,88,88,88,88,88,0,0,0,1,1
33,330033,3,3,0,4,15,255,28,4,2010,4,10,47,0,4,3,SR-125,,0,42.95001389,-71.059569440,0,12,2,0,1,1,1,0,1,10,0,10,0,0000000,10,47,10,54,11,19,0,0,0,1,0
33,330034,1,1,0,2,5,473,30,4,2010,6,19,11,0,6,5,BAILEY BROOK ROAD,,0,43.02002222,-72.078894440,0,34,0,0,1,1,4,0,5,1,0,1,0,0000000,19,24,19,30,88,88,0,0,0,1,0
33,330035,1,1,0,1,15,448,11,4,2010,1,15,27,0,16,6,WHEELER AVE,,0,42.76635833,-71.187255560,0,42,0,0,1,1,4,0,1,1,0,1,0,0000000,15,27,15,30,15,51,0,0,0,1,0
33,330036,2,2,0,2,17,100,6,5,2010,5,15,14,0,6,5,DURHAM POINT ROAD,,0,43.08102778,-70.931544440,0,12,2,0,1,1,1,0,1,1,0,1,0,0000000,15,14,15,18,15,47,0,0,0,1,0
33,330037,1,1,0,1,13,150,24,4,2010,7,15,15,0,6,5,SOUTH MAIN STREET,,0,43.41340278,-71.658111110,0,1,0,0,1,1,4,0,1,1,0,1,0,0000000,15,15,15,19,15,44,0,0,0,1,0
33,330038,1,1,0,3,11,5,8,5,2010,7,1,46,0,6,5,OLD HANCOCK ROAD,,0,43.03846944,-71.963280560,0,42,0,0,1,1,4,0,2,10,0,10,0,0000000,1,46,1,55,2,21,0,0,0,1,0
33,330039,1,1,0,2,15,201,11,5,2010,3,22,35,0,15,3,SR-84,,0,42.91017222,-70.898294440,0,42,0,0,1,1,4,0,2,1,0,1,0,0000000,22,35,22,46,23,19,20,0,0,1,1
33,330040,2,2,0,2,15,25,20,5,2010,5,16,21,0,5,3,SR-125,,0,43.00077500,-71.078994440,0,12,2,0,1,1,1,0,1,1,0,1,0,0000000,16,21,16,26,16,59,0,0,0,1,0
33,330041,1,1,0,1,13,218,11,5,2010,3,11,28,0,6,6,BACON ROAD,,0,43.16844167,-71.856077780,0,42,0,0,1,1,4,0,1,1,0,1,0,0000000,11,28,11,35,88,88,0,0,0,1,0
33,330042,2,2,0,3,13,23,21,5,2010,6,14,48,0,6,6,SOUTH STREET,,0,43.16923056,-71.534097220,0,12,1,0,1,1,1,0,1,1,0,1,0,0000000,14,48,14,50,15,12,0,0,0,1,0
33,330043,1,1,0,1,3,395,22,5,2010,7,14,50,0,4,3,SR-16,,0,43.75076111,-71.134930560,0,1,0,0,1,1,4,0,1,1,0,1,0,0000000,14,50,14,58,88,88,0,0,0,1,0
33,330044,1,1,0,1,11,540,23,5,2010,1,9,11,0,5,3,SR-101,,0,42.83770833,-71.725016670,0,24,0,0,1,1,4,0,1,10,0,10,0,0000000,9,11,9,23,9,32,0,0,0,1,0
33,330045,2,2,0,3,15,130,21,5,2010,6,18,57,0,13,3,SR-101,,1246,42.97853056,-70.909752780,0,1,0,0,1,1,3,0,1,1,0,1,0,0000000,18,57,19,4,19,29,0,0,0,1,0
33,330046,1,1,0,1,11,334,25,5,2010,3,4,32,0,15,3,SR-EVERETT TURNPIKE,,156,42.89033611,-71.475333330,0,11,0,0,1,1,1,0,2,1,0,1,0,0000000,4,32,4,44,5,22,0,0,0,1,0
33,330047,1,1,1,1,11,353,28,5,2010,6,17,44,0,6,5,GREENFIELD ROAD,,0,42.96204444,-71.721497220,0,8,0,0,1,1,1,0,1,1,0,1,0,0000000,17,44,17,48,18,11,0,0,0,1,0
33,330048,1,1,0,1,13,304,30,5,2010,1,18,38,0,6,5,SCHOOL STREET,,0,43.28998333,-71.515288890,0,42,0,0,1,1,4,0,1,1,0,1,0,0000000,18,38,18,46,88,88,0,0,0,1,1
33,330049,1,1,0,1,9,217,28,5,2010,6,23,53,0,6,5,HOBART HILL ROAD,,0,43.69080833,-71.810244440,0,35,0,0,1,1,4,0,2,1,0,1,0,0000000,23,53,0,10,88,88,0,0,0,1,1
33,330050,2,2,0,2,3,499,31,5,2010,2,9,17,0,6,5,SODOM ROAD,,0,43.68376389,-71.270672220,0,12,2,0,1,1,1,0,1,1,0,1,0,0000000,9,17,9,23,88,88,0,0,0,1,0
33,330051,2,2,0,2,7,60,30,5,2010,1,11,7,0,6,5,PARSON STREET,,0,44.89672500,-71.501341670,0,12,1,0,8,1,1,0,1,10,0,10,0,0000000,11,7,11,21,11,51,0,0,0,1,0
33,330052,1,1,0,1,3,346,10,6,2010,5,0,10,0,6,5,MOULTONBORO NECK RD,TAMWOOD ROAD,0,43.70601111,-71.410188890,0,17,0,0,2,3,4,0,2,10,2,2,0,0000000,0,10,0,17,88,88,0,0,0,1,1
33,330053,1,1,0,1,19,380,12,6,2010,7,13,53,0,6,5,CAMEL HUMP ROAD,,0,43.40133056,-72.183136110,0,42,0,0,1,1,4,0,1,10,0,10,0,0000000,13,53,13,58,88,88,0,0,0,1,0
33,330054,2,2,0,3,5,95,9,6,2010,4,13,9,0,5,3,SR-101,SR-137,0,42.90137778,-72.023941670,0,12,6,0,2,2,1,0,1,10,0,10,0,0000000,13,11,13,19,13,56,0,0,0,1,0
33,330055,3,3,0,4,15,195,26,6,2010,7,12,3,0,5,3,SR-111,,0,42.85625000,-71.189752780,0,12,2,0,1,1,1,0,1,1,0,1,0,0000000,12,3,12,5,12,27,0,0,0,1,0
33,330056,1,1,0,1,3,15,7,6,2010,2,15,0,0,6,5,TOWN HALL ROAD,,0,44.10410556,-71.142052780,0,42,0,0,1,1,4,0,1,1,0,1,0,0000000,15,1,15,11,15,29,0,0,0,1,0
33,330057,1,1,0,1,1,352,9,6,2010,4,0,50,0,6,5,MAIN STREET,,0,43.59647778,-71.630880560,0,30,0,0,1,1,4,0,2,1,0,1,0,0000000,0,50,1,1,1,27,0,0,0,1,0
33,330058,1,1,0,2,11,334,11,6,2010,6,13,2,0,13,8,EVERETT TURNPIKE,,0,42.87829167,-71.487866670,0,1,0,0,1,1,4,0,1,10,0,10,0,0000000,13,2,13,12,13,39,0,0,0,1,0
33,330059,2,2,0,2,9,33,17,6,2010,5,18,50,0,5,3,SR-175,,0,43.81824167,-71.644419440,0,12,2,0,1,1,1,0,1,1,0,1,0,0000000,18,50,19,5,19,31,0,0,0,1,1
33,330060,1,1,0,1,1,260,18,6,2010,6,14,0,0,6,5,ROLLER COASTER ROAD,,0,43.61050833,-71.495547220,0,42,0,0,1,1,4,0,1,1,0,1,0,0000000,14,2,14,5,14,24,0,0,0,1,1
33,330061,1,1,0,1,13,503,19,6,2010,7,17,25,0,5,3,SR-114,,0,43.21750000,-71.878866670,0,30,0,0,1,1,4,0,1,1,0,1,0,0000000,17,29,17,36,88,88,0,0,0,1,0
33,330062,3,3,0,8,5,250,28,6,2010,2,14,56,0,4,3,SR-9,BASE HILL ROAD,0,42.92478611,-72.312483330,0,12,6,0,2,2,1,0,1,1,0,1,0,0000000,14,56,15,3,15,37,0,0,0,1,0
33,330063,2,2,0,4,5,550,19,6,2010,7,13,43,0,6,5,KEENE ROAD,BELL COURT,0,42.80645278,-72.364400000,0,12,1,0,2,2,1,0,1,1,0,1,0,0000000,13,43,13,45,14,7,0,0,0,1,0
33,330064,2,2,0,2,19,156,17,6,2010,5,12,9,0,5,3,SR-11,,0,43.42914444,-72.071472220,0,12,2,0,1,1,1,0,1,10,0,10,0,0000000,12,9,12,16,12,40,0,0,0,1,0
33,330065,1,1,0,1,13,24,22,6,2010,3,13,31,0,6,5,EAST WASHINGTON ROAD,,0,43.21949444,-72.002719440,0,42,0,0,1,1,4,0,1,1,0,1,0,0000000,13,31,13,50,14,21,0,0,0,1,1
33,330066,1,1,0,2,11,31,27,6,2010,1,0,49,0,6,6,OLD MILFORD ROAD,,0,42.75705000,-71.652672220,0,42,0,0,1,1,4,0,2,1,0,1,0,0000000,0,49,1,0,1,32,0,0,0,1,1
33,330067,1,1,0,1,3,1,3,7,2010,7,14,27,0,5,3,SR-112,,0,43.99133333,-71.170463890,0,1,0,0,8,1,1,0,1,1,0,1,0,0000000,14,27,14,39,88,88,0,0,0,1,0
33,330068,1,1,0,1,11,400,11,7,2010,1,18,35,0,6,5,GREENVILLE ROAD,,0,42.91886111,-71.916225000,0,1,0,0,1,1,2,0,1,10,0,10,0,0000000,18,35,18,55,19,21,0,0,0,1,1
33,330069,1,1,0,3,3,385,13,7,2010,3,23,47,0,6,5,GROVE STREET,,0,44.05098333,-71.122313890,0,42,0,0,1,1,4,0,3,10,0,10,0,0000000,23,47,23,50,0,7,0,0,0,1,0
33,330070,1,1,0,2,11,83,15,7,2010,5,18,40,0,6,5,LONG WOODS ROAD,,0,43.09108056,-71.906333330,0,42,0,0,1,1,4,0,1,1,0,1,0,0000000,18,40,19,0,19,34,0,0,0,1,0
33,330071,2,2,0,2,9,444,24,7,2010,7,22,10,0,4,3,SR-25,,0,43.77222500,-71.765183330,0,12,6,0,4,1,1,0,2,1,0,1,0,0000000,22,10,22,24,22,51,0,0,0,1,1
33,330072,1,1,0,1,3,309,24,7,2010,7,1,54,0,6,5,PLAINS ROAD,,0,43.88199444,-71.178444440,0,42,0,0,1,1,4,0,2,1,0,1,0,0000000,1,54,2,1,2,26,0,0,0,1,0
33,330073,1,1,0,1,9,402,29,7,2010,5,23,5,0,5,3,SR-25,,0,43.97116667,-72.066922220,0,1,0,0,1,1,4,0,2,1,0,1,0,0000000,23,5,23,17,23,44,0,0,0,1,1
33,330074,1,1,0,2,17,470,29,7,2010,5,14,27,0,16,6,WASHINGTON STREET,CONSTITUTION WAY,0,43.17003611,-70.857094440,0,19,0,0,3,3,5,0,1,1,0,1,0,0000000,14,27,14,30,14,54,0,0,0,1,0
33,330075,2,2,0,3,13,218,28,7,2010,4,17,45,0,6,5,WEARE ROAD,RAMSDELL ROAD,0,43.17366667,-71.818613890,0,12,6,0,2,2,1,0,1,1,0,1,0,0000000,17,45,17,48,18,7,0,0,0,1,0
33,330076,1,1,0,1,15,435,12,8,2010,5,18,51,0,13,3,SR-101,,0,43.02322222,-71.209086110,0,1,0,0,1,1,4,0,1,10,0,10,0,0000000,18,51,18,58,88,88,0,0,0,1,1
33,330077,2,2,0,3,11,310,9,8,2010,2,20,23,0,16,6,SMYTH ROAD,SAGAMORE STREET,0,43.00389444,-71.448458330,0,12,6,0,2,2,1,0,3,10,0,10,0,0000000,20,23,20,28,20,43,0,0,0,1,1
33,330078,2,2,0,3,15,551,17,8,2010,3,19,50,0,15,3,SR-28,,0,42.81315833,-71.249255560,0,12,2,0,1,1,1,0,2,10,0,10,0,0000000,19,50,19,53,20,21,0,0,0,1,0
33,330079,2,2,0,2,7,498,24,8,2010,3,13,48,0,4,3,SR-302,,380,44.27155556,-71.516769440,0,12,2,0,1,1,1,0,1,1,0,1,0,0000000,13,48,13,54,14,41,0,0,0,1,0
33,330080,1,1,0,1,13,41,25,8,2010,4,5,18,1,1,1,I-93,,506,43.29296667,-71.573886110,0,42,0,0,1,1,3,0,4,2,0,2,0,0000000,5,18,5,35,88,88,0,0,0,1,0
33,330081,1,1,0,2,11,357,10,8,2010,3,10,32,0,6,5,HIGHBRIDGE ROAD,,0,42.75838889,-71.824708330,0,42,0,0,1,1,4,0,1,1,0,1,0,0000000,10,32,10,38,10,59,0,0,0,1,0
33,330082,1,1,0,1,1,154,28,8,2010,7,14,54,0,6,5,364 EDGEWATER DRIVE,,0,43.61441389,-71.426205560,0,35,0,0,8,1,4,0,1,1,0,1,0,0000000,14,54,14,57,15,23,0,0,0,1,0
33,330083,2,2,0,6,19,380,2,9,2010,5,17,3,0,6,5,MAIN STREET,MECHANIC STREET,0,43.36281389,-72.171883330,0,12,6,0,2,3,1,0,1,1,0,1,0,0000000,17,3,17,4,17,25,0,0,0,1,0
33,330084,1,1,1,2,1,490,28,8,2010,7,20,43,0,4,3,SR-3,,0,43.46142222,-71.549922220,0,8,0,0,1,1,1,0,3,1,0,1,0,0000000,20,43,20,43,21,12,0,0,0,1,0
33,330085,1,1,0,2,9,210,4,9,2010,7,1,29,0,6,6,GREAT HOLLOW ROAD,ETNA ROAD,0,43.68810833,-72.233133330,0,30,0,0,3,2,4,0,3,1,0,1,0,0000000,1,29,1,33,1,52,0,0,0,1,1
33,330086,2,2,0,2,15,195,9,9,2010,5,17,14,0,6,5,CENTRAL STREET,,0,42.87867778,-71.137119440,0,12,6,0,8,1,1,0,1,1,0,1,0,0000000,17,14,17,20,17,37,0,0,0,1,0
33,330087,1,1,0,3,17,342,1,9,2010,4,0,19,0,6,5,FARMINGTON ROAD,,0,43.40836111,-71.024163890,0,1,0,0,1,1,4,0,2,1,0,1,0,0000000,0,19,0,30,0,59,0,0,0,1,0
33,330088,2,2,0,2,3,395,11,9,2010,7,11,0,0,4,3,SR-16,,0,43.75317778,-71.136988890,0,12,6,0,1,1,1,0,1,1,0,1,0,0000000,11,0,11,10,88,88,0,0,0,1,0
33,330089,1,1,0,4,11,310,12,9,2010,1,13,57,1,11,1,I-293,,0,42.96141667,-71.419972220,0,42,0,0,1,1,3,0,1,1,0,1,0,0000000,13,57,14,10,88,88,0,0,0,4,1
33,330090,1,1,0,1,11,307,17,9,2010,6,20,15,0,6,5,CENTER ROAD,PERHAM CORNER ROAD,0,42.86341389,-71.718405560,0,43,0,0,3,4,4,0,2,1,0,1,0,0000000,20,15,21,26,21,42,0,0,0,1,1
33,330091,1,1,0,2,15,195,12,9,2010,1,21,47,0,4,3,SR-111,,0,42.87476111,-71.155400000,0,24,0,0,1,1,4,0,3,1,0,1,0,0000000,21,47,21,54,22,15,0,0,0,1,1
33,330092,1,1,0,1,13,70,12,9,2010,1,20,8,0,16,6,GARVINS FALLS ROAD,,0,43.17570278,-71.509408330,0,30,0,0,1,1,4,0,2,10,0,10,0,0000000,20,8,20,14,88,88,0,0,0,1,1
33,330093,1,1,1,1,7,20,20,9,2010,2,17,19,0,6,5,MASON STREET,PLEASANT STREET,0,44.47076389,-71.180627780,0,8,0,0,3,2,1,0,1,1,0,1,0,0000000,17,19,17,20,88,88,0,0,0,1,0
33,330094,2,2,0,4,11,340,19,9,2010,1,16,49,0,6,5,BALL HILL ROAD,,0,42.79955833,-71.672744440,0,12,2,0,1,1,1,0,1,10,0,10,0,0000000,16,49,16,54,17,12,0,0,0,1,1
33,330095,2,2,0,2,5,320,24,9,2010,6,15,30,0,4,3,SR-101,SR-124,0,42.90323333,-72.205913890,0,12,6,0,2,3,1,0,1,1,0,1,0,0000000,15,30,16,0,16,42,0,0,0,1,0
33,330096,1,1,0,2,13,484,25,9,2010,7,5,12,1,11,1,I-89,,306,43.31943333,-71.886677780,0,1,0,0,1,1,3,0,2,1,0,1,0,0000000,5,12,5,20,5,49,0,0,0,1,1
33,330097,2,2,0,2,15,201,27,9,2010,2,17,11,1,11,1,I-95,,0,42.90613333,-70.876880560,0,1,0,0,1,1,1,0,1,10,0,10,0,0000000,17,11,17,18,17,47,0,0,0,2,0
33,330098,1,1,1,1,3,80,2,10,2010,7,18,58,0,14,3,SR-16,,0,44.07671944,-71.138791670,0,8,0,0,1,1,1,0,5,1,0,1,0,0000000,18,58,19,20,19,47,0,0,0,1,0
33,330099,1,1,0,1,17,29,3,10,2010,1,4,17,0,6,5,WASHINGTON STREET,,0,43.26684722,-71.022694440,0,42,0,0,1,1,4,0,2,1,0,1,0,0000000,4,17,4,23,88,88,0,0,0,1,1
33,330100,1,1,0,1,15,200,6,10,2010,4,11,5,1,11,1,I-95,,0,42.96213889,-70.856236110,0,25,0,0,1,1,1,0,1,2,0,2,0,0000000,11,9,11,28,11,50,0,0,0,1,0
33,330101,1,1,0,1,13,4,9,10,2010,7,19,43,0,5,3,SR-11,,0,43.47017500,-71.742097220,0,31,0,0,1,1,4,0,2,1,0,1,0,0000000,19,43,19,50,20,12,0,0,0,1,1
33,330102,1,1,0,2,13,218,8,10,2010,6,23,17,0,6,5,WEARE ROAD,,0,43.17487222,-71.821230560,0,42,0,0,1,1,4,0,2,1,0,1,0,0000000,23,17,23,20,23,49,0,0,0,1,1
33,330103,1,1,0,1,13,503,3,11,2010,4,19,45,0,5,3,SR-103,LAING BRIDGE LANE,0,43.27764167,-71.903252780,0,17,0,0,3,3,4,0,2,1,0,1,0,0000000,19,45,19,55,88,88,0,0,0,1,0
33,330104,2,2,0,3,5,250,17,10,2010,1,1,23,0,5,3,SR-9,,0,42.95236944,-72.278366670,0,12,2,0,1,1,1,0,2,10,0,10,0,0000000,1,23,1,35,2,11,0,0,0,2,1
33,330105,2,2,0,2,17,29,18,10,2010,2,14,52,0,5,3,SR-125,,0,43.23322778,-70.992322220,0,12,2,0,1,1,1,0,1,1,0,1,0,0000000,14,52,14,58,88,88,0,0,0,1,0
33,330106,1,1,0,1,11,234,19,10,2010,3,23,7,0,6,5,TWISS LANE,,0,42.71470000,-71.557644440,0,42,0,0,1,1,4,0,2,10,0,10,0,0000000,23,7,23,18,88,88,0,0,0,1,1
33,330107,1,1,0,1,17,311,30,10,2010,7,17,37,0,6,5,FRESHET ROAD,,0,43.15770278,-70.892930560,0,42,0,0,1,1,4,0,1,10,0,10,0,0000000,17,37,17,45,88,88,0,0,0,1,0
33,330108,3,3,0,6,19,380,14,10,2010,5,15,49,0,16,6,MAPLE STREET,ELM STREET,0,43.36207500,-72.171366670,0,12,2,0,2,2,1,0,1,10,0,10,0,0000000,15,49,15,54,16,14,0,0,0,1,0
33,330109,1,1,0,3,11,350,5,11,2010,6,23,48,0,16,6,MAIN DUNSTABLE ROAD,RENE DRIVE,0,42.72361667,-71.504397220,0,42,0,0,2,3,4,0,3,1,0,1,0,0000000,23,48,23,53,0,19,0,0,0,2,1
33,330110,1,1,0,1,19,81,8,11,2010,2,5,26,0,5,3,SR-120,,0,43.51348333,-72.276091670,0,18,0,0,1,1,1,0,2,2,6,2,0,0000000,5,29,5,34,88,88,0,0,0,1,0
33,330111,1,1,0,2,15,85,20,11,2010,7,22,59,0,16,6,FROST ROAD,,0,42.85878333,-71.289563890,0,1,0,0,1,1,4,0,2,1,0,1,0,0000000,22,59,23,3,23,32,0,0,0,1,1
33,330112,1,1,0,3,17,281,25,11,2010,5,1,26,0,6,5,SNELL ROAD,,0,43.16130278,-70.983525000,0,42,0,0,1,1,4,0,2,1,0,1,0,0000000,1,26,1,33,1,58,0,0,0,1,1
33,330113,2,2,0,2,11,18,26,11,2010,6,5,32,0,16,6,RIVER ROAD,,0,42.91909722,-71.460013890,0,12,2,0,1,1,1,0,3,2,0,2,0,0000000,5,32,5,41,6,11,0,0,0,1,0
33,330114,1,1,0,1,11,310,20,11,2010,7,23,4,0,16,6,WESTON ROAD,,0,42.96272778,-71.427055560,0,30,0,0,1,1,4,0,3,10,0,10,0,0000000,23,4,23,10,23,29,0,0,0,1,0
33,330115,3,3,0,3,5,47,30,11,2010,3,16,46,0,4,3,SR-9,POOCHAM ROAD,0,42.89473611,-72.492600000,0,12,2,0,2,3,1,0,2,2,0,2,0,0000000,16,46,17,5,17,34,0,0,0,1,0
33,330116,1,1,1,1,11,240,4,12,2010,7,18,7,0,16,5,CENTRAL STREET,,0,42.78932222,-71.371050000,0,8,0,0,1,1,1,0,2,1,0,1,0,0000000,18,7,18,10,88,88,0,0,0,1,0
33,330117,3,3,0,4,13,70,3,12,2010,6,13,5,0,16,6,FORT EDDY ROAD,SR-393 EXIT 1,0,43.21764722,-71.525836110,0,12,2,0,3,3,1,0,1,1,0,1,0,0000000,13,5,13,12,13,37,0,0,0,1,0
33,330118,2,2,1,2,9,280,13,12,2010,2,16,36,0,16,5,NORTH MAIN STREET,OAK RIDGE ROAD,0,43.68537778,-72.293622220,0,8,0,0,3,3,1,0,3,2,0,2,0,0000000,16,36,16,42,17,1,0,0,0,1,0
33,330119,1,1,0,1,11,401,18,12,2010,7,5,43,0,16,5,HOBBS ROAD,,0,42.74439722,-71.300066670,0,24,0,0,1,1,4,0,4,1,0,1,0,0000000,5,43,5,47,6,17,0,0,0,1,0
33,330120,1,1,0,1,11,400,19,12,2010,1,19,0,0,6,5,TURNPIKE ROAD,,0,42.77725833,-71.901011110,0,42,0,0,1,1,4,0,2,1,0,1,0,0000000,19,0,19,9,88,88,0,0,0,1,1
34,340002,2,2,1,4,35,425,23,1,2010,7,22,2,1,13,2,US-22,,364,40.57804167,-74.581719440,0,8,0,0,1,1,1,0,3,1,0,1,0,0000000,22,2,22,6,88,88,0,0,0,1,0
34,340003,2,2,0,3,5,613,4,1,2010,2,21,18,1,13,2,US-130,ANDOVER RD,381,40.00525556,-74.978213890,0,12,1,0,2,2,1,0,3,1,0,1,0,0000000,21,23,21,32,21,55,0,0,0,1,1
34,340004,1,1,1,1,27,2745,5,1,2010,3,20,42,1,13,3,SR-10,CENTER GROVE RD,50,40.86260833,-74.570013890,0,8,0,0,3,2,1,0,3,1,0,1,0,0000000,99,99,99,99,88,88,0,0,0,1,0
34,340006,2,2,0,3,29,1590,6,1,2010,4,19,22,0,16,6,BUCKINGHAM DRIVE,,0,40.04523056,-74.181088890,0,12,2,0,1,1,1,0,5,1,0,1,0,0000000,19,24,19,27,19,52,0,0,0,1,0
34,340007,1,1,0,1,25,0,6,1,2010,4,14,16,0,13,3,SR-33,,54,40.24481111,-74.239211110,0,42,0,0,1,1,5,0,1,1,0,1,0,0000000,99,99,99,99,99,99,0,0,0,1,0
34,340008,1,1,0,1,29,1505,8,1,2010,6,2,41,0,14,4,639,,0,40.08802778,-74.267352780,0,42,0,0,1,1,4,0,3,4,0,4,0,0000000,99,99,99,99,99,99,0,0,0,1,1
34,340009,2,2,0,2,1,90,8,1,2010,6,22,45,1,13,2,US-40,,617,39.37735556,-74.487219440,0,12,2,0,1,1,1,0,3,1,0,1,0,0000000,22,55,23,1,23,54,0,0,0,1,1
34,340010,3,1,1,3,7,240,11,1,2010,2,13,7,1,11,1,I-76,,2,39.87514722,-75.102561110,0,8,0,0,1,1,2,0,1,1,0,1,0,0000000,13,6,13,17,13,39,14,0,0,1,1
34,340011,2,2,0,3,13,2130,9,1,2010,7,23,55,0,15,6,CLINTON AVE,ASTOR ST,0,40.72424167,-74.184386110,0,12,6,0,2,3,1,0,3,1,0,1,0,0000000,99,99,99,99,99,99,20,0,0,1,0
34,340012,2,2,0,5,39,2900,10,1,2010,1,3,10,0,13,3,SR-27,PARK AVE,325,40.65287222,-74.236088890,0,12,1,0,2,2,1,0,3,1,0,1,0,0000000,3,16,3,26,3,59,0,0,0,1,1
34,340013,2,2,0,2,5,0,22,1,2010,6,13,53,0,4,4,563,WILHEMINA AVE,0,39.82435000,-74.537205560,0,12,6,0,2,3,1,0,1,1,0,1,0,0000000,13,57,14,25,15,17,0,0,0,1,1
34,340014,2,2,0,4,7,0,12,1,2010,3,15,58,0,14,6,COLES RD,PETERS LANE,0,39.81191389,-75.051597220,0,12,6,0,2,2,1,0,1,1,0,1,0,0000000,16,0,16,5,16,35,0,0,0,2,0