STATE,ST_CASE,VE_TOTAL,VE_FORMS,PEDS,PERSONS,COUNTY,CITY,DAY,MONTH,YEAR,DAY_WEEK,HOUR,MINUTE,NHS,ROAD_FNC,ROUTE,TWAY_ID,TWAY_ID2,MILEPT,LATITUDE,LONGITUD,SP_JUR,HARM_EV,MAN_COLL,RELJCT1,RELJCT2,TYP_INT,REL_ROAD,WRK_ZONE,LGT_COND,WEATHER1,WEATHER2,WEATHER,SCH_BUS,RAIL,NOT_HOUR,NOT_MIN,ARR_HOUR,ARR_MIN,HOSP_HR,HOSP_MN,CF1,CF2,CF3,FATALS,DRUNK_DR
34,340015,1,1,1,1,3,1730,20,1,2010,4,15,57,0,16,6,WASHINGTON AVE,MEHRHOF RD,0,40.84640278,-74.039213890,0,8,0,0,3,3,1,0,1,1,0,1,0,0000000,15,56,16,10,16,36,0,0,0,1,0
34,340016,1,1,0,3,41,0,14,1,2010,5,15,31,0,4,4,519,,0,40.85150833,-75.021558330,0,30,0,0,1,1,4,0,1,1,0,1,0,0000000,15,36,15,56,99,99,0,0,0,1,0
34,340017,1,1,0,5,17,3526,24,1,2010,1,4,30,0,16,6,PORT IMPERIAL BLVD,,0,40.76832222,-74.017361110,0,38,0,0,1,1,5,0,3,1,0,1,0,0000000,99,99,99,99,5,27,0,0,0,1,1
34,340018,2,2,1,2,39,3395,25,1,2010,2,18,8,0,13,3,SR-82,JEANETTE AVE,18,40.69868056,-74.279380560,0,8,0,0,3,3,1,0,3,1,0,1,0,0000000,99,99,99,99,88,88,0,0,0,1,0
34,340019,2,2,0,3,15,0,14,1,2010,5,19,7,0,13,4,689,,0,39.71489444,-75.038272220,0,12,2,0,1,1,1,0,2,1,0,1,0,0000000,19,12,19,24,19,59,0,0,0,1,1
34,340022,1,1,1,1,25,1465,15,1,2010,6,6,9,0,16,6,WEST FARMS RD,,0,40.18548056,-74.249050000,0,8,0,1,5,1,1,0,2,1,0,1,0,0000000,99,99,99,99,99,99,0,0,0,1,0
34,340023,1,1,0,2,41,3510,26,1,2010,3,16,26,0,14,6,BROAD STREET,,0,40.75428611,-74.977933330,0,30,0,0,1,1,4,0,1,1,0,1,0,266957D,16,48,17,17,17,41,0,0,0,2,0
34,340024,2,2,0,2,29,3360,21,1,2010,5,7,27,1,13,3,SR-37,RUBELLE PLACE,44,39.97409167,-74.240875000,0,12,6,0,2,2,1,0,1,1,0,1,0,0000000,99,99,99,99,99,99,0,0,0,1,0
34,340025,2,2,0,3,7,1235,27,1,2010,4,10,41,1,13,2,US-30,,77,39.87760833,-75.051008330,0,12,6,0,5,1,1,0,1,1,0,1,0,0000000,10,42,10,54,11,8,0,0,0,1,1
34,340026,2,2,0,2,15,0,15,1,2010,6,16,43,0,5,2,US-130,CENTER SQUARE RD,94,39.78825833,-75.396725000,0,12,6,0,2,3,1,0,1,1,0,1,0,0000000,16,43,16,52,17,17,0,0,0,1,0
34,340027,1,1,0,1,3,2480,24,1,2010,1,21,23,0,14,4,61,SR-17 RAMP,45,40.91377222,-74.071325000,0,33,0,1,2,3,4,0,3,2,0,2,0,0000000,21,23,21,31,22,5,0,0,0,1,1
34,340028,2,2,0,2,41,314,14,1,2010,5,6,2,1,1,1,I-80,,97,40.93360000,-74.999850000,0,12,7,0,1,1,1,0,2,1,0,1,0,0000000,6,2,7,1,7,11,0,0,0,1,0
34,340029,1,1,0,2,15,0,29,1,2010,6,1,12,0,16,6,FLANAGAN AVENUE,,0,39.70808611,-75.081419440,0,5,0,0,1,1,1,0,3,1,0,1,0,0000000,1,13,1,14,88,88,0,0,0,1,0
34,340030,2,2,0,3,23,1986,16,1,2010,7,13,25,0,15,4,614,GRAVEL HILL RD,0,40.31862222,-74.409113890,0,12,6,0,2,2,1,0,1,1,0,1,0,0000000,13,28,13,39,14,2,0,0,0,1,0
34,340031,1,1,0,1,25,1465,29,1,2010,6,6,16,0,15,4,524,KETCHUM ROAD,0,40.20563889,-74.213697220,0,41,0,0,2,3,4,0,2,1,0,1,0,0000000,99,99,99,99,99,99,0,0,0,1,0
34,340032,2,2,0,2,9,0,31,1,2010,1,15,20,0,15,4,626,,0,39.00768333,-74.887908330,0,12,6,0,1,1,1,0,1,1,0,1,0,0000000,15,21,15,31,15,56,0,0,0,1,0
34,340033,2,2,0,3,5,1805,30,1,2010,7,23,6,1,11,1,I-95,,56,40.09255833,-74.734133330,0,25,0,0,1,1,3,0,2,1,0,1,0,0000000,99,99,99,99,99,99,23,19,0,1,0
34,340035,3,3,0,5,13,320,17,1,2010,1,12,3,1,12,8,444,,1520,40.82115000,-74.177713890,0,12,6,0,1,1,1,0,1,1,0,1,0,0000000,12,7,12,19,12,39,0,0,0,2,0
34,340036,2,2,0,3,35,1081,4,2,2010,5,5,37,0,14,6,BENNETTS LANE,,0,40.47955000,-74.511347220,0,12,2,0,1,1,1,0,3,1,0,1,0,0000000,5,40,5,49,6,30,0,0,0,1,0
34,340037,1,1,0,1,7,0,8,2,2010,2,13,29,0,16,6,HEIGHTS AVENUE,,0,39.80277500,-74.940350000,0,10,0,0,6,1,1,0,1,4,0,4,0,586042F,13,33,13,35,88,88,0,0,0,1,0
34,340038,2,2,0,3,3,1210,22,1,2010,6,6,35,0,14,4,56I,,0,40.88571389,-74.062186110,0,12,6,0,4,1,1,0,2,1,0,1,0,0000000,6,40,6,46,6,51,0,0,0,1,0
34,340039,2,2,1,1,23,0,1,2,2010,2,18,57,0,13,2,US-130,,739,40.34301667,-74.499666670,0,12,1,0,1,1,1,0,2,1,0,1,0,0000000,19,1,19,21,19,50,19,0,0,1,0
34,340040,1,1,1,1,29,1505,11,2,2010,5,1,33,0,16,5,DIAMOND ROAD,,0,40.15437778,-74.367238890,0,8,0,0,1,1,1,0,3,10,0,10,0,0000000,99,99,99,99,99,99,0,0,0,1,0
34,340042,1,1,1,1,17,1520,2,2,2010,3,20,38,1,14,4,501,BERGEN AVE,0,40.70370833,-74.090144440,0,8,0,0,3,4,1,0,3,4,0,4,0,0000000,99,99,99,99,99,99,0,0,0,1,0
34,340043,2,2,0,4,17,1540,22,1,2010,6,20,8,1,11,1,I-95,,638,40.75504444,-74.107183330,0,12,7,0,1,1,1,0,3,1,0,1,0,0000000,99,99,99,99,99,99,0,0,0,1,0
34,340044,1,1,0,1,23,3705,13,2,2010,7,14,21,1,12,8,444,,1282,40.51792222,-74.301175000,0,24,0,0,1,1,4,0,1,10,0,10,0,0000000,88,88,88,88,88,88,0,0,0,1,0
34,340045,1,1,1,1,25,1352,10,2,2010,4,1,19,1,13,3,SR-36,,206,40.43594722,-74.135269440,0,8,0,0,1,1,1,0,3,1,0,1,0,0000000,99,99,99,99,99,99,0,0,0,1,0
34,340046,1,1,0,1,35,0,23,1,2010,7,19,32,0,15,4,601,,67,40.46634444,-74.680583330,0,30,0,0,1,1,4,0,2,1,0,1,0,0000000,19,34,19,42,88,88,0,0,0,1,1
34,340047,1,1,1,1,31,660,15,2,2010,2,18,37,0,15,4,609,VANHOUTEN AVE,0,40.86260000,-74.156138890,0,8,0,0,3,2,1,0,3,1,0,1,0,0000000,99,99,99,99,99,99,0,0,0,1,0
34,340048,1,1,1,1,21,825,16,2,2010,3,12,36,0,14,6,DUTCH NECK RD,,0,40.27190556,-74.552288890,0,9,0,0,1,1,1,0,1,1,0,1,0,0000000,12,38,12,50,13,20,0,0,0,1,1
34,340049,3,3,0,7,11,3460,18,2,2010,5,10,12,0,14,4,552,UNION ROAD,0,39.43060000,-74.924777780,0,12,6,0,2,2,1,0,1,1,0,1,0,0000000,10,19,10,34,10,52,0,0,0,2,0
34,340050,1,1,1,1,31,2510,20,2,2010,7,2,17,0,15,4,647,,0,40.90435000,-74.165438890,0,8,0,0,1,1,1,0,3,1,0,1,0,0000000,2,11,2,16,88,88,0,0,0,1,1
34,340051,1,1,1,2,11,3460,20,2,2010,7,18,14,0,13,3,SR-47,,430,39.43626389,-75.040922220,0,8,0,0,1,1,1,0,2,1,0,1,0,0000000,99,99,99,99,99,99,0,0,0,1,0
34,340052,1,1,1,4,27,0,20,2,2010,7,6,7,1,11,1,I-287,,325,40.76115556,-74.517430560,0,8,0,0,1,1,1,0,4,1,0,1,0,0000000,6,13,6,21,6,57,0,0,0,1,0
34,340053,2,2,1,2,27,2003,21,2,2010,1,5,22,0,13,2,US-46,,500,40.85815833,-74.347561110,0,8,0,0,1,1,1,0,2,1,0,1,0,0000000,5,26,5,41,5,49,0,0,0,1,0
34,340054,2,2,0,2,39,1700,20,2,2010,7,2,36,1,13,2,US-1,AVENUE C,400,40.61412222,-74.254747220,0,12,1,0,2,3,1,0,3,1,0,1,0,0000000,99,99,99,99,99,99,0,0,0,1,1
34,340055,4,1,1,1,17,190,18,2,2010,5,5,15,0,15,6,AVENUE A,WEST 33RD ST,0,40.67530000,-74.117330560,0,8,0,0,3,3,1,0,3,1,0,1,0,0000000,99,99,99,99,99,99,0,0,0,1,0
34,340056,1,1,1,2,17,2205,22,2,2010,2,22,40,1,12,3,SR-495,,10,40.77574722,-74.040191670,0,8,0,0,1,1,1,0,3,2,0,2,0,0000000,99,99,99,99,2,3,0,0,0,1,0
34,340057,2,2,0,4,25,0,22,2,2010,2,8,48,0,4,4,524,,0,40.18169444,-74.522066670,0,12,6,0,8,1,1,0,1,1,0,1,0,0000000,8,56,9,8,88,88,0,0,0,1,0
34,340058,2,2,0,3,23,2570,4,2,2010,5,20,31,0,16,6,PFEIFFER BLVD,ROBBINS ST,0,40.53006944,-74.287136110,0,12,6,0,2,3,1,0,3,1,0,1,0,0000000,20,33,20,41,21,14,0,0,0,1,0
34,340059,1,1,0,2,35,2750,23,2,2010,3,22,55,0,16,6,ORLANDO DRIVE,BUSKY LANE,0,40.56608611,-74.628119440,0,33,0,0,3,1,4,0,3,2,0,2,0,0000000,22,55,23,7,23,35,0,0,0,1,0
34,340060,1,1,0,1,27,2084,23,2,2010,3,14,21,1,1,1,I-80,,235,40.91200000,-74.755600000,0,24,0,0,1,1,4,0,1,3,0,3,0,0000000,14,25,14,48,14,58,0,0,0,1,0
34,340062,1,1,0,1,31,2800,28,2,2010,1,13,51,0,14,4,511,,0,41.10588889,-74.264144440,0,38,0,0,1,1,5,0,1,10,0,10,0,0000000,13,55,14,9,88,88,0,0,0,1,1
34,340063,2,2,0,2,29,1590,1,3,2010,2,17,38,1,13,3,SR-70,VERMONT AVENUE,505,40.04862500,-74.209363890,0,12,6,0,2,3,1,0,5,1,0,1,0,0000000,17,38,17,42,18,19,0,0,0,1,0
34,340064,1,1,1,1,13,2130,1,3,2010,2,17,29,0,14,6,18TH AVE,IRVINE TURNER BLVD,0,40.72900000,-74.190588890,0,8,0,0,3,2,1,0,5,1,0,1,0,0000000,99,99,99,99,99,99,0,0,0,1,0
34,340066,2,2,0,4,31,660,1,3,2010,2,20,59,0,14,5,611,SECOND ST,0,40.87476111,-74.143047220,0,12,6,0,2,2,1,0,3,1,0,1,0,0000000,21,4,21,16,21,29,20,0,0,1,0
34,340067,1,1,1,1,3,1060,4,3,2010,5,6,8,0,14,3,SR-67,BRUCE REYNOLDS BLVD,13,40.85366111,-73.968519440,0,8,0,0,3,2,1,0,4,1,0,1,0,0000000,6,5,6,8,6,45,0,0,0,1,0
34,340068,1,1,1,1,23,844,3,3,2010,4,20,56,0,16,4,667,HORIZON DRIVE,0,40.50413889,-74.370847220,0,8,0,0,3,3,1,0,2,2,0,2,0,0000000,99,99,99,99,99,99,0,0,0,1,0
34,340069,3,2,0,3,31,2800,6,3,2010,7,12,58,0,14,4,692,,0,41.07768611,-74.262341670,0,12,6,0,1,1,1,0,1,1,0,1,0,0000000,12,58,13,16,88,88,14,0,0,1,1
34,340070,3,3,1,3,17,2205,6,3,2010,7,23,0,1,13,2,US-1,,578,40.78041667,-74.037416670,0,8,0,0,1,1,1,0,3,1,0,1,0,0000000,99,98,99,98,88,88,0,0,0,1,0
34,340071,2,2,1,3,15,3620,7,3,2010,1,0,46,1,11,1,I-295,,255,39.85981389,-75.121336110,0,8,0,0,1,1,1,0,2,1,0,1,0,0000000,99,99,99,99,99,99,0,0,0,1,0
34,340072,4,4,0,5,23,2570,7,3,2010,1,19,2,1,13,3,SR-35,LINDBERG AVENUE,537,40.53466389,-74.278686110,0,12,1,0,2,3,1,0,5,1,0,1,0,0000000,19,4,19,8,19,27,0,0,0,1,0
34,340073,3,3,0,3,33,567,8,3,2010,2,8,53,0,15,4,CR-540,,0,39.68406389,-75.482252780,0,12,6,0,1,1,1,0,1,1,0,1,0,0000000,8,53,9,3,99,99,0,0,0,1,0
34,340074,1,1,0,1,39,2730,10,3,2010,4,9,6,0,16,6,OLD LAKE AVE,WEST HAZELWOOD AVE,0,40.59953611,-74.296202780,0,33,0,0,3,1,4,0,1,1,0,1,0,0000000,99,99,99,99,99,99,0,0,0,1,0
34,340075,1,1,1,1,23,3705,13,3,2010,7,19,26,1,13,2,US-1,,370,40.57955000,-74.285463890,0,8,0,0,1,1,1,0,3,2,0,2,0,0000000,99,99,99,99,88,88,0,0,0,1,0
34,340077,2,2,0,2,27,2498,11,2,2010,5,10,48,0,13,2,US-46,WATERVIEW BLVD,458,40.87304167,-74.430538890,0,12,6,0,2,2,1,0,1,1,0,1,0,0000000,10,49,10,55,11,32,0,0,0,1,0
34,340078,1,1,0,1,29,145,13,3,2010,7,22,42,0,4,4,539,,0,39.78748333,-74.322338890,0,42,0,0,1,1,4,0,2,1,0,1,0,0000000,99,99,99,99,88,88,0,0,0,1,1
34,340079,2,2,0,2,5,1880,15,3,2010,2,15,45,0,13,6,HARTFORD RD,,0,39.91283056,-74.849125000,0,12,2,0,1,1,1,0,1,2,0,2,0,0000000,15,48,15,54,99,99,0,0,0,1,0
34,340080,2,2,0,3,33,0,14,3,2010,1,16,24,0,4,4,540,,0,39.60072778,-75.444058330,0,12,6,0,1,1,1,0,1,1,0,1,0,0000000,16,34,16,46,17,25,0,0,0,1,0
34,340081,2,2,0,3,13,2130,4,2,2010,5,3,2,1,12,2,US-1,,474,40.70139722,-74.185663890,0,12,1,0,1,1,1,0,3,3,0,3,0,0000000,3,29,3,54,4,11,0,0,0,1,1
34,340082,1,1,1,1,39,860,12,3,2010,6,19,47,0,13,3,SR-27,ELIZABETHTOWN PLAZA,0,40.66171944,-74.216722220,0,8,0,0,2,3,1,0,3,2,0,2,0,0000000,99,99,99,99,99,99,0,0,0,1,0
34,340084,1,1,1,1,31,1250,13,3,2010,7,18,28,0,13,4,504,,0,40.93450833,-74.178077780,0,8,0,0,1,1,1,0,3,2,8,2,0,0000000,18,33,18,40,18,51,0,0,0,1,0
34,340085,2,2,0,3,29,145,18,3,2010,5,16,44,1,13,3,SR-72,,174,39.76454444,-74.321113890,0,12,6,0,4,1,1,0,1,1,0,1,0,0000000,99,99,99,99,88,88,0,0,0,1,0
34,340086,2,2,0,3,21,0,19,3,2010,6,13,24,1,11,1,I-95,,596,40.18401944,-74.617861110,0,12,1,0,1,1,1,0,1,1,0,1,0,0000000,13,29,13,39,88,88,0,0,0,1,0
34,340087,2,2,0,5,35,1417,19,3,2010,6,14,44,0,15,6,AUTEN RD,,0,40.51113056,-74.660269440,0,12,2,0,1,1,1,0,1,1,0,1,1,0000000,14,45,14,51,15,20,0,0,0,1,0
34,340088,1,1,0,1,9,0,20,3,2010,7,16,38,0,3,3,SR-50,,54,39.27351111,-74.745397220,0,42,0,0,1,1,4,0,1,1,0,1,0,0000000,16,38,16,41,88,88,0,0,0,1,1
34,340090,2,2,0,5,25,1465,21,3,2010,1,0,34,1,13,2,US-9,WEST FARM ROAD,1086,40.18541111,-74.249394440,0,12,6,0,2,2,1,0,3,1,0,1,0,0000000,99,99,99,99,99,99,0,0,0,1,1
34,340091,1,1,0,1,41,0,21,3,2010,1,15,13,0,14,4,632,,0,40.76372500,-74.928105560,0,35,0,0,1,1,4,0,1,1,0,1,0,0000000,15,15,15,28,16,0,0,0,0,1,0
34,340092,1,1,0,1,39,860,23,1,2010,7,2,7,1,13,2,US-1&9,,437,40.65454722,-74.211658330,0,30,0,0,1,1,5,0,6,1,0,1,0,0000000,2,12,2,19,88,88,0,0,0,1,1
34,340093,1,1,0,1,13,2130,18,3,2010,5,22,30,1,13,2,US-22,,602,88.88880000,888.888800000,0,24,0,0,1,1,4,0,3,1,0,1,0,0000000,9,24,9,37,88,88,0,0,0,1,0
34,340094,1,1,0,1,35,0,21,3,2010,1,16,10,0,15,4,518,,0,40.39973889,-74.734283330,0,30,0,0,1,1,4,0,1,1,0,1,0,0000000,16,12,16,30,88,88,0,0,0,1,1
34,340095,1,1,0,1,23,844,2,3,2010,3,12,6,0,16,6,OLD POST RD,CLAUSEN RD,0,40.51423889,-74.366047220,0,24,0,0,3,3,4,0,1,1,0,1,0,0000000,12,29,12,35,13,0,0,0,0,1,0
34,340096,2,2,0,3,5,2080,18,3,2010,5,21,51,0,13,3,SR-38,,171,39.98044167,-74.771705560,0,12,2,0,1,1,1,0,3,1,0,1,0,0000000,21,54,21,55,22,17,0,0,0,1,0
34,340097,1,1,0,2,29,3020,17,3,2010,4,0,1,0,16,6,J STREET,,0,39.93044444,-74.078111110,8,31,0,0,1,1,5,0,2,1,0,1,0,0000000,0,1,0,1,99,99,0,0,0,2,1
34,340098,1,1,1,1,15,1082,24,3,2010,4,20,22,0,13,3,SR-47,,578,39.63386667,-75.085266670,0,8,0,0,1,1,1,0,3,1,0,1,0,0000000,20,23,20,29,88,88,0,0,0,1,0
34,340099,3,3,0,3,5,0,23,3,2010,3,18,59,1,2,2,US-206,POWELL RD,247,39.98856389,-74.735183330,0,12,1,0,2,3,1,0,1,1,0,1,0,0000000,19,5,19,12,19,19,0,0,0,1,0
34,340100,1,1,0,1,1,0,25,3,2010,5,15,6,0,6,6,612,,0,39.58677222,-74.674586110,0,53,0,0,1,1,5,0,1,1,0,1,0,0000000,15,10,15,28,88,88,0,0,0,1,0
34,340102,1,1,0,1,23,2417,28,3,2010,1,1,47,1,13,3,SR-18,,340,40.40910556,-74.360872220,0,33,0,0,1,1,4,0,2,1,0,1,0,0000000,1,48,1,52,2,29,0,0,0,1,1
34,340103,2,2,0,6,7,520,28,3,2010,1,6,25,1,11,1,I-676,,41,39.95064444,-75.122416670,0,12,1,0,1,1,1,0,1,1,0,1,0,0000000,99,99,99,99,99,99,0,0,0,1,1
34,340104,1,1,0,3,5,0,28,3,2010,1,19,25,1,11,1,I-295,,497,40.06266944,-74.803741670,0,42,0,0,1,1,5,0,1,1,0,1,0,0000000,19,27,19,32,20,19,0,0,0,1,0
34,340105,2,2,0,2,29,0,29,3,2010,2,7,34,1,13,3,SR-72,BARNACLE DR,206,39.72391667,-74.288983330,0,12,6,0,2,2,1,0,1,2,0,2,0,0000000,88,88,88,88,88,88,0,0,0,1,0
34,340106,2,2,0,2,19,0,30,3,2010,3,4,8,1,1,1,I-78,,77,40.66010000,-75.065980560,0,12,1,0,1,1,1,0,2,10,0,10,0,0000000,4,19,4,41,88,88,0,0,0,1,0
34,340107,1,1,1,1,17,3410,2,4,2010,6,14,8,0,16,6,44TH ST,,0,40.77729444,-74.021147220,8,8,0,0,1,1,1,0,1,1,0,1,0,0000000,99,99,99,99,99,99,0,0,0,1,0
34,340108,2,2,1,5,3,2480,6,4,2010,3,21,47,1,13,3,SR-17,,151,40.96073056,-74.075633330,0,8,0,0,1,1,1,0,3,1,0,1,0,0000000,21,49,21,53,88,88,0,0,0,1,0
34,340109,1,1,0,2,13,320,4,4,2010,1,12,37,1,12,3,SR-444 GARDEN ST PKW,,1496,40.79211111,-74.192538890,0,24,0,0,1,1,4,1,1,1,0,1,0,0000000,12,39,12,47,13,38,19,3,0,1,0
34,340110,1,1,1,1,13,2130,26,3,2010,6,15,59,1,13,3,SR-21,MARKET ST,22,40.73430000,-74.166533330,0,8,0,0,3,2,1,0,1,1,0,1,0,0000000,99,99,99,99,88,88,0,0,0,1,0
34,340111,2,2,0,4,1,0,31,3,2010,4,22,23,1,13,2,US-30,,362,39.57721389,-74.717202780,0,12,2,0,1,1,1,0,3,1,0,1,0,0000000,22,43,22,59,23,29,0,0,0,2,1
34,340112,2,2,0,3,35,0,29,3,2010,2,13,41,1,11,1,I-287,,299,40.72967222,-74.539791670,0,33,0,1,5,1,4,0,1,2,0,2,0,0000000,99,99,99,99,99,99,0,0,0,1,0
34,340114,1,1,1,1,3,2310,1,4,2010,5,15,0,0,14,4,39,BROADWAY,0,40.99853333,-73.962180560,0,8,0,0,3,2,1,0,1,1,0,1,0,0000000,14,58,15,13,15,43,0,0,0,1,0
34,340115,2,2,0,2,25,1465,1,4,2010,5,13,45,0,4,4,524A,,0,40.19411111,-74.183355560,0,12,2,0,1,1,1,0,1,1,0,1,0,0000000,99,99,99,99,99,99,0,0,0,1,0
34,340116,1,1,1,1,7,2545,2,4,2010,6,22,48,1,13,2,US-130,WESTFIELD AVE,339,39.97097778,-75.042886110,0,9,0,0,3,3,1,0,1,1,0,1,0,0000000,22,47,22,50,23,11,0,0,0,1,0
34,340117,2,2,0,2,35,214,25,3,2010,5,9,8,0,4,4,620,COWPERTHWAITE RD,0,40.63636111,-74.687033330,0,12,6,0,2,2,1,0,1,1,0,1,0,0000000,9,14,9,19,9,54,0,0,0,1,0
34,340118,1,1,1,1,25,1925,4,4,2010,1,20,7,0,14,4,516,EAST RD,0,40.41460833,-74.087161110,0,8,0,0,3,2,1,0,2,1,0,1,0,0000000,99,99,99,99,99,99,0,0,0,1,0
34,340119,2,2,0,6,3,2780,1,4,2010,5,12,56,1,11,1,I-95,,1182,40.85458889,-74.021938890,0,12,1,0,1,1,1,0,1,1,0,1,0,0000000,13,14,13,24,13,44,0,0,0,1,0
34,340120,3,2,0,3,29,0,4,4,2010,1,15,53,0,16,6,TRENTON AVE,CENTRAL BLVD,0,39.89547222,-74.177219440,0,12,6,0,2,2,1,0,1,1,0,1,0,0000000,99,99,99,99,99,99,0,0,0,1,0
34,340121,1,1,0,1,3,1210,4,4,2010,1,17,26,0,13,4,503,,0,40.90438056,-74.033550000,0,30,0,0,1,1,4,0,1,1,0,1,0,0000000,17,27,17,35,17,54,0,0,0,1,1
34,340123,1,1,0,2,29,210,6,4,2010,3,2,50,0,16,4,MIZZEN AVE,,0,39.92989722,-74.188163890,0,42,0,0,1,1,5,0,3,1,0,1,0,0000000,99,99,99,99,99,99,0,0,0,1,1
34,340124,2,2,0,2,39,2730,5,4,2010,2,0,38,0,13,3,SR-27,LINDEN AVE,295,40.62438333,-74.276322220,0,12,6,0,2,2,1,0,3,1,0,1,0,0000000,0,40,0,53,1,8,0,0,0,1,1
34,340125,1,1,1,1,35,425,7,4,2010,4,20,39,1,13,2,US-22,,346,40.58045556,-74.605880560,0,8,0,0,1,1,1,0,3,1,0,1,0,0000000,20,38,20,43,88,88,0,0,0,1,0
34,340126,2,2,0,4,7,3694,7,4,2010,4,22,40,0,15,4,704,,0,39.73567778,-74.991872220,0,12,6,0,4,1,1,0,2,1,0,1,0,0000000,22,41,22,49,88,88,0,0,0,1,0
34,340127,2,2,0,2,5,0,8,4,2010,5,13,40,0,14,5,537,528,322,40.07587222,-74.565197220,0,12,6,0,2,2,1,0,1,1,0,1,0,0000000,99,99,99,99,99,99,0,0,0,1,0
34,340128,2,2,0,2,25,1352,2,4,2010,6,8,48,1,13,3,SR-36,POOLE AVENUE,230,40.43315833,-74.181388890,0,12,6,0,2,2,1,0,1,1,0,1,0,0000000,9,0,9,42,9,54,0,0,0,1,0
34,340129,2,2,0,2,37,3448,22,2,2010,2,10,1,0,14,3,SR-94,,419,41.20327778,-74.478036110,0,12,2,0,1,1,1,0,1,1,0,1,0,0000000,10,2,10,22,88,88,0,0,0,1,0
34,340130,1,1,0,2,5,1805,9,4,2010,6,16,45,1,2,2,US-206,,301,40.06664167,-74.722180560,0,59,0,0,1,1,4,0,1,1,0,1,0,0000000,16,49,16,52,17,21,0,0,0,1,0
34,340131,2,2,0,2,11,3460,11,4,2010,1,9,39,0,16,6,EAST CHESTNUT AVE,SOUTH SPRING RD,0,39.47713889,-74.989016670,0,12,6,0,2,2,1,0,1,1,0,1,0,0000000,99,99,99,99,99,99,0,0,0,1,0
34,340132,1,1,1,1,3,3335,6,4,2010,3,20,24,0,15,5,CEDAR LANE,,0,40.89173889,-74.033319440,0,8,0,0,1,1,1,0,3,1,0,1,0,0000000,99,99,99,99,99,99,0,0,0,1,0
34,340133,1,1,0,1,19,1370,12,4,2010,2,22,38,0,15,4,513,,0,40.67940000,-74.893455560,0,24,0,0,1,1,4,0,2,1,0,1,0,0000000,22,39,22,44,23,12,0,0,0,1,1
34,340134,1,1,1,1,1,10,16,4,2010,6,14,12,0,15,6,NEW JERSEY AVE,,0,39.42435000,-74.500491670,0,8,0,0,4,1,1,0,1,1,0,1,0,0000000,14,15,14,16,88,88,0,0,0,1,0
34,340135,1,1,1,1,13,2130,14,4,2010,4,12,2,1,13,6,BROAD ST,,0,40.74355000,-74.169538890,0,8,0,0,1,1,1,0,1,1,0,1,0,0000000,12,46,12,55,13,18,0,0,0,1,0
34,340136,2,2,0,5,17,1540,4,4,2010,1,23,44,1,12,2,US-1&9,,525,40.73460833,-74.104908330,0,12,1,0,1,1,1,0,3,1,0,1,0,0000000,99,99,99,99,99,99,0,0,0,1,0
34,340137,1,1,1,1,27,2498,16,4,2010,6,23,55,1,11,1,I-80,,462,40.85947778,-74.376347220,0,8,0,0,1,1,1,0,2,2,0,2,0,0000000,99,99,99,99,88,88,0,0,0,1,0
34,340138,1,1,0,1,7,3694,16,4,2010,6,20,24,1,12,3,SR-446 ATL CITY EXPY,,335,39.67485000,-74.898650000,0,42,0,0,1,1,3,0,2,2,0,2,0,0000000,20,28,20,42,88,88,0,0,0,1,1
34,340140,3,3,1,3,13,800,18,4,2010,1,2,43,1,12,8,444,,1474,40.76284722,-74.206213890,0,8,0,0,1,1,1,0,2,1,0,1,0,0000000,99,99,99,99,88,88,0,0,0,1,0
34,340141,4,1,0,1,39,1412,18,4,2010,1,2,39,1,13,2,US-22,HARDING TERRACE,577,40.69754167,-74.223986110,0,38,0,0,3,3,5,0,3,1,0,1,0,0000000,99,99,99,99,88,88,0,0,0,1,1
34,340142,2,2,0,2,25,1465,18,4,2010,1,13,42,0,4,6,GEORGIA TAVERN RD,,13,40.18093889,-74.220327780,0,12,6,0,4,1,1,0,1,1,0,1,0,0000000,99,99,99,99,99,99,0,0,0,1,0
34,340144,1,1,0,4,27,2084,19,4,2010,2,0,11,1,11,1,I-80,,265,40.89196111,-74.712438890,0,24,0,0,1,1,3,0,3,1,0,1,0,0000000,0,14,0,17,99,99,0,0,0,2,1
34,340145,1,1,0,2,29,145,18,4,2010,1,4,11,1,12,8,444,,673,39.77520000,-74.244636110,0,1,0,0,1,1,3,1,2,1,0,1,0,0000000,4,12,4,31,99,99,0,0,0,1,1
34,340146,2,2,0,2,11,3460,30,3,2010,3,8,35,0,15,6,CHESTNUT AVE,HOLMES AVE,0,39.47746389,-74.994875000,0,12,6,0,2,3,1,0,1,2,0,2,0,0000000,9,16,9,21,88,88,0,0,0,1,1
34,340147,1,1,1,1,7,0,13,4,2010,3,9,32,0,14,4,CR-630,COLLINGS AVENUE,0,39.90717222,-75.095388890,0,8,0,0,3,3,1,0,1,1,0,1,0,0000000,99,99,99,99,88,88,0,0,0,1,0
34,340148,1,1,0,2,7,520,16,4,2010,6,4,0,0,14,4,CR-561,COPEWOOD STREET,0,39.92572222,-75.093836110,0,33,0,0,3,3,4,0,3,10,0,10,0,0000000,4,9,4,16,4,35,20,0,0,1,0
34,340150,2,1,1,1,7,3694,16,4,2010,6,11,19,0,14,4,536,,0,39.76827500,-74.919608330,0,14,0,0,1,1,2,0,1,1,0,1,0,0000000,11,19,11,21,11,50,0,0,0,1,0