STATE,ST_CASE,VE_TOTAL,VE_FORMS,PEDS,PERSONS,COUNTY,CITY,DAY,MONTH,YEAR,DAY_WEEK,HOUR,MINUTE,NHS,ROAD_FNC,ROUTE,TWAY_ID,TWAY_ID2,MILEPT,LATITUDE,LONGITUD,SP_JUR,HARM_EV,MAN_COLL,RELJCT1,RELJCT2,TYP_INT,REL_ROAD,WRK_ZONE,LGT_COND,WEATHER1,WEATHER2,WEATHER,SCH_BUS,RAIL,NOT_HOUR,NOT_MIN,ARR_HOUR,ARR_MIN,HOSP_HR,HOSP_MN,CF1,CF2,CF3,FATALS,DRUNK_DR
34,340151,2,2,0,4,3,950,17,4,2010,7,12,31,0,14,4,76,,0,40.94506111,-74.098191670,0,12,6,0,1,1,1,0,1,1,0,1,0,0000000,12,46,13,17,13,44,0,0,0,1,0
34,340152,1,1,1,1,3,1180,18,4,2010,1,0,59,0,14,4,69,DIAMOND BRIDGE AVE,0,40.94970000,-74.146086110,0,8,0,0,3,3,1,0,3,1,0,1,0,0000000,1,0,1,10,1,49,0,0,0,1,0
34,340153,1,1,1,1,13,2130,17,4,2010,7,21,8,0,16,6,WARWICK ST,,0,40.72504722,-74.161566670,0,8,0,0,1,1,1,0,3,1,0,1,0,0000000,99,99,99,99,99,99,0,0,0,1,0
34,340155,2,2,0,4,5,3325,1,5,2010,7,18,2,1,13,2,US-206,CR-532,148,39.84705833,-74.734602780,0,12,6,0,2,2,1,0,1,1,0,1,0,0000000,18,4,18,12,18,39,0,0,0,1,0
34,340156,1,1,0,1,21,1650,6,5,2010,5,17,10,1,11,1,I-95,,67,40.28692500,-74.741622220,0,1,0,0,1,1,1,0,1,1,0,1,0,0000000,17,25,17,33,88,88,0,0,0,1,0
34,340157,1,1,0,1,19,0,21,5,2010,6,12,37,0,4,4,513,,0,40.70507500,-74.875644440,0,42,0,0,1,1,4,0,1,1,0,1,0,0000000,12,40,12,48,88,88,0,0,0,1,0
34,340158,1,1,0,1,7,520,12,5,2010,4,12,31,1,11,1,I-676,,5,39.90331667,-75.111808330,0,33,0,0,1,1,4,0,1,1,0,1,0,0000000,12,27,12,33,88,88,0,0,0,1,0
34,340159,2,2,0,3,33,0,22,5,2010,7,8,32,0,4,4,611,677,0,39.58153889,-75.192311110,0,12,6,0,2,2,1,0,1,1,0,1,0,0000000,8,34,8,47,99,99,0,0,0,1,0
34,340160,1,1,0,1,29,0,2,5,2010,1,22,44,0,14,2,US-9,FLORAL AVENUE,853,39.88598056,-74.162738890,0,30,0,0,2,3,4,0,3,1,0,1,0,0000000,99,99,99,99,99,99,0,0,0,1,0
34,340161,1,1,0,1,29,0,30,4,2010,6,23,10,0,15,4,539,,0,40.10100556,-74.505436110,0,30,0,0,1,1,4,0,3,1,0,1,0,0000000,99,99,99,99,99,99,0,0,0,1,0
34,340162,2,2,0,3,39,3395,20,4,2010,3,19,28,0,13,3,SR-439,,25,40.67238611,-74.230927780,0,12,2,0,1,1,1,0,5,1,0,1,0,0000000,19,34,19,44,19,49,0,0,0,1,0
34,340163,2,2,0,3,25,0,10,5,2010,2,10,12,0,14,4,537,GRAVEL HILL RD,0,40.22961111,-74.321480560,0,12,6,0,2,2,1,0,1,1,0,1,0,0000000,10,29,10,52,11,24,0,0,0,1,1
34,340164,1,1,0,4,15,0,31,5,2010,2,5,56,1,11,1,I-295,,197,39.83035556,-75.217772220,0,24,0,0,1,1,4,0,1,1,0,1,0,0000000,5,58,6,4,6,39,0,0,0,1,0
34,340165,1,1,1,1,7,1620,10,6,2010,5,22,38,1,13,2,US-30,HEMLOCK AVENUE,125,39.82276667,-74.996327780,0,8,0,0,3,2,1,0,3,1,0,1,0,0000000,88,88,88,88,88,88,0,0,0,1,0
34,340166,3,3,0,3,23,844,20,5,2010,5,19,21,1,11,1,I-287,,2,40.52940556,-74.341286110,0,12,1,0,1,1,1,0,1,1,0,1,0,0000000,19,27,19,37,88,88,0,0,0,1,0
34,340167,2,2,0,2,25,0,28,4,2010,4,16,51,0,5,6,ELY HARMONY RD,,0,40.19410278,-74.370038890,0,12,6,0,1,1,1,0,1,1,0,1,0,0000000,99,99,99,99,19,7,0,0,0,1,0
34,340168,1,1,0,1,29,3360,24,4,2010,7,22,1,0,13,4,549,ALLEN STREET,0,39.95090833,-74.195580560,0,33,0,0,2,3,4,0,3,1,0,1,0,0000000,99,99,99,99,99,99,0,0,0,1,1
34,340169,2,2,0,2,3,1410,25,2,2010,5,13,42,0,14,4,112,COLONIAL BLVD,0,41.00293611,-74.052461110,0,12,6,0,2,3,1,0,1,3,0,3,0,0000000,99,99,99,99,99,99,0,0,0,1,0
34,340170,2,2,0,2,3,3480,7,2,2010,1,7,1,0,14,4,34,LESTER STREET,0,40.85806389,-74.115669440,0,12,6,0,2,2,1,0,1,1,0,1,0,0000000,99,99,99,99,99,99,0,0,0,1,0
34,340171,2,1,0,1,5,2081,30,4,2010,6,6,41,1,11,1,I-295,,398,39.95710278,-74.921011110,0,14,0,0,1,1,2,0,1,1,0,1,0,0000000,6,45,6,56,7,21,0,0,0,1,0
34,340172,1,1,1,1,39,2975,29,5,2010,7,21,0,1,13,2,US-22,,476,40.65655556,-74.400530560,0,8,0,0,1,1,1,0,3,1,0,1,0,0000000,20,44,20,59,88,88,0,0,0,1,0
34,340173,1,1,1,1,29,3360,10,5,2010,2,20,54,1,13,3,SR-37,HOOPER AVENUE,73,39.96342222,-74.187391670,0,9,0,0,2,2,1,0,3,1,0,1,0,0000000,99,99,99,99,99,99,0,0,0,1,0
34,340174,2,2,0,2,29,0,8,5,2010,7,10,33,1,13,3,SR-70,PLEASANT VALLEY ROAD,395,39.97153056,-74.376013890,0,12,6,0,2,3,1,0,1,1,0,1,0,0000000,99,99,99,99,99,99,0,0,0,1,0
34,340175,3,3,0,3,29,0,9,6,2010,4,14,39,0,5,4,CR-539,,0,39.64778611,-74.341972220,0,12,6,0,4,1,1,0,1,2,0,2,0,0000000,14,38,14,46,15,1,0,0,0,1,0
34,340176,1,1,0,1,29,416,16,7,2010,6,5,36,1,12,8,444,,911,40.07895000,-74.155263890,0,24,0,0,1,1,3,0,4,1,0,1,0,0000000,5,41,5,48,88,88,0,0,0,1,0
34,340177,1,1,1,1,39,860,3,7,2010,7,0,12,1,11,1,I-95,,558,40.65988056,-74.186533330,0,8,0,0,1,1,1,0,3,1,0,1,0,0000000,99,99,99,99,88,88,0,0,0,1,0
34,340178,2,1,1,2,25,1465,6,6,2010,1,9,50,1,1,1,I-195,,317,40.16365278,-74.151652780,0,8,0,0,1,1,2,0,1,1,0,1,0,0000000,99,99,99,99,99,99,0,0,0,1,0
34,340179,2,1,0,1,27,2498,10,6,2010,5,4,52,1,11,1,I-80,,443,40.86205556,-74.405388890,0,14,0,0,1,1,2,0,2,1,0,1,0,0000000,4,24,4,55,5,11,0,0,0,1,0
34,340180,1,1,0,1,39,705,24,4,2010,7,1,8,1,12,8,444,,1376,40.64229722,-74.288908330,0,42,0,0,1,1,3,0,3,1,0,1,0,0000000,1,23,1,45,2,3,0,0,0,1,1
34,340181,1,1,0,1,27,2030,23,4,2010,6,18,42,1,11,1,I-287,,367,40.80043333,-74.466072220,0,24,0,1,5,1,8,0,1,1,0,1,0,0000000,99,99,99,99,88,88,0,0,0,1,1
34,340182,2,2,0,4,7,520,1,5,2010,7,9,41,0,14,4,603,DAVIS STREET,0,39.92050278,-75.093461110,0,12,6,0,2,3,1,0,1,1,0,1,0,0000000,9,42,9,46,10,1,0,0,0,1,0
34,340183,2,2,0,2,23,3705,23,4,2010,6,7,52,0,14,4,611,,0,40.56170278,-74.254327780,0,12,8,0,1,1,1,0,1,1,0,1,0,0000000,7,58,8,5,9,0,0,0,0,1,0
34,340184,1,1,1,1,17,1520,24,4,2010,7,5,34,1,13,3,SR-139,OAKLAND AVE,5,40.73445278,-74.055608330,0,8,0,0,3,2,1,0,3,1,0,1,0,0000000,99,99,99,99,88,88,0,0,0,1,0
34,340186,1,1,1,1,7,0,5,6,2010,7,23,24,1,13,3,SR-73,,163,39.78900000,-74.912125000,0,8,0,0,1,1,1,0,3,1,0,1,0,0000000,23,25,23,31,23,59,0,0,0,1,0
34,340187,1,1,0,1,11,1970,23,4,2010,6,16,0,0,16,6,RHONDA DRIVE,,0,39.38657778,-75.066800000,0,1,0,0,1,1,1,0,1,1,0,1,0,0000000,15,56,16,9,16,31,0,0,0,1,0
34,340188,1,1,1,1,13,2130,23,4,2010,6,11,22,0,16,6,STUYVESANT AVE,,0,40.74137222,-74.230500000,0,8,0,0,1,1,1,0,1,1,0,1,0,0000000,11,25,11,45,88,88,0,0,0,1,0
34,340189,1,1,0,6,5,1805,25,4,2010,1,3,42,1,11,1,I-95,,73,40.11608611,-74.710722220,0,25,0,0,1,1,2,1,2,2,0,2,0,0000000,3,59,4,10,4,37,0,0,0,1,1
34,340190,1,1,1,1,15,0,12,5,2010,4,21,17,0,13,2,US-322,POPLAR STREET,246,39.68612778,-74.989763890,0,8,0,0,3,2,1,0,3,10,0,10,0,0000000,21,17,21,28,21,59,0,0,0,1,0
34,340191,2,2,0,2,25,2920,12,3,2010,6,18,46,0,14,4,CR-520,,0,40.35160000,-74.021147220,0,12,2,0,1,1,1,0,3,2,0,2,0,0000000,99,99,99,99,99,99,0,0,0,1,1
34,340192,1,1,1,2,15,3620,28,5,2010,6,21,9,0,13,3,SR-45,,282,39.86681389,-75.131936110,0,8,0,0,1,1,1,0,2,1,0,1,0,0000000,21,11,21,16,88,88,0,0,0,1,0
34,340193,2,1,0,1,7,240,20,6,2010,1,5,54,1,12,3,SR-42,,138,39.86463889,-75.100788890,0,14,0,0,1,1,2,0,1,1,0,1,0,0000000,6,43,6,52,7,4,0,0,0,1,0
34,340194,1,1,0,6,11,1970,10,6,2010,5,14,56,0,14,4,670,,0,39.36224167,-75.078505560,0,1,0,0,1,1,4,0,1,1,0,1,0,0000000,99,99,99,99,99,99,0,0,0,1,1
34,340195,2,2,0,2,23,2582,21,5,2010,6,23,5,0,14,4,529,I-287 (RAMP),0,40.55595556,-74.435038890,0,12,6,1,2,3,1,0,3,1,0,1,0,0000000,99,99,99,99,88,88,0,0,0,1,1
34,340196,1,1,1,1,21,0,2,5,2010,1,5,11,1,11,1,I-295,,594,40.17160000,-74.722269440,0,8,0,0,1,1,1,0,2,10,0,10,0,0000000,5,27,5,34,88,88,0,0,0,1,0
34,340197,2,2,0,4,5,0,14,5,2010,6,22,52,1,11,1,I-295,,567,40.13411111,-74.715227780,0,24,0,0,1,1,3,0,2,2,0,2,0,0000000,22,53,23,4,23,36,14,0,0,1,1
34,340198,2,2,0,4,19,0,29,6,2010,3,16,32,0,5,3,SR-173,,51,40.66302778,-75.049797220,0,12,2,0,4,1,1,0,1,1,0,1,0,0000000,16,38,16,57,17,26,0,0,0,1,0
34,340199,2,2,0,2,19,1160,1,6,2010,3,15,41,1,13,3,SR-31,GLENN AVE,377,40.69595000,-74.941800000,0,12,6,0,2,3,1,0,1,2,0,2,0,0000000,15,43,15,46,16,36,0,0,0,1,0
34,340200,2,2,0,2,13,1990,8,6,2010,3,15,18,0,14,4,623,WESTVIEW RD,0,40.84585000,-74.194325000,0,12,2,0,3,3,1,0,1,1,0,1,0,0000000,15,24,15,31,16,6,0,0,0,1,0
34,340201,1,1,0,1,7,3694,19,6,2010,7,16,41,1,12,8,446,,406,39.73026111,-75.005894440,0,42,0,0,1,1,3,0,1,1,0,1,0,0000000,16,42,99,97,99,97,0,0,0,1,0
34,340202,2,2,0,3,37,0,11,6,2010,6,23,29,0,4,4,565,,0,41.17820278,-74.659952780,0,12,2,0,1,1,1,0,2,1,0,1,0,0000000,23,34,23,47,0,9,0,0,0,1,1
34,340203,1,1,0,2,5,0,10,9,2010,6,8,37,0,3,2,US-9,,585,39.59457778,-74.424133330,0,59,0,0,1,1,4,0,1,1,0,1,0,0000000,99,99,99,99,99,99,0,0,0,1,1
34,340204,1,1,0,1,11,1845,8,6,2010,3,14,46,0,4,4,548,,0,39.30587778,-74.897488890,0,42,0,0,1,1,5,0,1,1,0,1,0,0000000,14,55,15,18,88,88,0,0,0,1,0
34,340205,1,1,0,1,41,1455,8,6,2010,3,15,13,1,1,1,I-80,,122,40.92431944,-74.957200000,0,1,0,1,5,1,1,0,1,1,0,1,0,0000000,15,19,15,46,88,88,0,0,0,1,0
34,340206,2,2,0,9,39,705,8,5,2010,7,1,54,1,12,8,444,,1393,40.66684722,-74.285141670,0,12,7,0,1,1,1,0,2,1,0,1,0,0000000,1,55,2,25,2,57,0,0,0,1,1
34,340207,1,1,0,1,5,1774,19,6,2010,7,3,1,0,16,6,EAYRESTOWN RD,,0,39.93955278,-74.783152780,0,42,0,0,1,1,4,0,2,1,0,1,0,0000000,2,57,3,3,88,88,0,0,0,1,1
34,340208,1,1,0,1,25,2374,8,3,2010,2,19,38,0,15,6,WICKAPECKO DR,ROSELD AVE,0,40.24688056,-74.020955560,0,24,0,0,2,4,4,0,2,1,0,1,0,0000000,99,99,99,99,99,99,0,0,0,1,0
34,340209,2,2,0,5,39,1700,23,4,2010,6,4,36,1,13,2,US-1 (EAST EDGAR RD),MORSES MILL RD,419,40.63607222,-74.234247220,0,12,6,0,2,2,1,0,3,1,0,1,0,0000000,4,39,5,29,6,15,0,0,0,2,1
34,340210,1,1,1,1,35,380,12,5,2010,4,2,57,1,13,2,US-22,,393,40.58188889,-74.518202780,0,8,0,0,1,1,1,0,2,2,0,2,0,0000000,99,99,99,99,88,88,0,0,0,1,0
34,340211,1,1,1,1,21,1650,31,5,2010,2,23,13,1,13,2,US-1,,35,40.24376944,-74.734977780,0,8,0,0,1,1,1,0,2,1,0,1,0,0000000,23,19,23,23,23,43,19,0,0,1,0
34,340212,1,1,0,1,25,0,30,5,2010,1,3,56,1,12,8,444,,998,40.19287222,-74.099327780,0,1,0,0,1,1,1,0,2,10,0,10,0,0000000,99,99,99,99,88,88,0,0,0,1,1
34,340213,1,1,2,1,7,280,23,5,2010,1,16,32,0,16,6,WRIGHT AVENUE,,0,39.79908333,-74.930825000,0,8,0,0,1,1,1,0,1,2,0,2,0,0000000,16,34,16,44,17,17,0,0,0,1,0
34,340214,1,1,1,1,17,1520,22,5,2010,7,23,8,0,14,6,GARFIELD AVENUE,PEARSALL AVENUE,33,40.69199444,-74.091775000,0,8,0,0,3,2,1,0,3,1,0,1,0,0000000,99,99,99,99,99,99,0,0,0,1,0
34,340215,1,1,0,1,25,2920,27,4,2010,3,13,45,0,14,4,520 (RUMSON RD),,211,40.36229444,-73.996283330,0,42,0,0,1,1,4,0,1,1,0,1,0,0000000,99,99,99,99,99,99,0,0,0,1,0
34,340216,1,1,0,1,11,3460,8,8,2010,1,18,17,0,15,6,MAPLE AVE,,0,39.49013333,-74.952936110,0,30,0,0,1,1,5,0,1,1,0,1,0,0000000,99,99,99,99,88,88,0,0,0,1,1
34,340217,1,1,0,3,25,1465,30,7,2010,6,1,53,0,6,6,MAXIM SOUTHARD RD,ALEXANDER AVE,0,40.11708056,-74.207819440,0,19,0,0,3,3,5,0,3,1,0,1,0,0000000,99,99,99,99,99,99,0,0,0,1,1
34,340218,3,3,0,9,11,3460,24,6,2010,5,17,17,0,14,4,552,CORNUCOPIA AVE,0,39.42684444,-74.938172220,0,12,2,0,3,3,1,0,1,2,0,2,0,0000000,17,28,17,50,17,50,0,0,0,1,0
34,340219,2,2,0,2,5,611,21,5,2010,6,1,9,1,11,1,I-95 (NJ TURNPIKE),,563,40.15383333,-74.662902780,0,12,1,0,1,1,1,1,2,1,0,1,0,0000000,1,24,1,35,88,88,0,0,0,1,0
34,340220,1,1,1,2,5,3691,2,7,2010,6,23,32,1,12,2,US-130,,434,40.05042778,-74.897483330,0,8,0,0,1,1,1,0,2,1,0,1,0,0000000,23,32,23,40,88,88,0,0,0,1,0
34,340221,1,1,0,3,33,0,3,7,2010,7,13,16,0,6,4,631 HAINES NECK RD,,5,39.66618611,-75.453866670,0,34,0,0,1,1,4,0,1,1,0,1,0,0000000,13,5,13,17,99,99,0,0,0,2,0
34,340222,1,1,1,3,25,0,1,5,2010,7,21,25,1,13,3,SR-35,,187,40.15311389,-74.055447220,0,8,0,0,1,1,1,0,3,1,0,1,0,0000000,99,99,99,99,99,99,0,0,0,1,0
34,340223,1,1,0,1,25,1925,20,6,2010,1,21,28,1,12,8,444,,1103,40.34193333,-74.105475000,0,35,0,0,1,1,4,0,3,1,0,1,0,0000000,9,54,10,3,88,88,0,0,0,1,0
34,340224,2,2,0,2,3,820,4,5,2010,3,18,1,0,16,6,WEST PERIPHERAL RD,,0,40.81277778,-74.071905560,0,12,6,0,8,1,1,0,1,1,0,1,0,0000000,17,52,18,5,18,30,0,0,0,1,0
34,340225,2,2,0,2,29,1590,10,6,2010,5,20,32,0,15,4,637,,0,40.05523611,-74.230252780,0,12,6,0,8,1,1,0,5,1,0,1,0,0000000,20,35,20,37,20,50,0,0,0,1,1
34,340226,2,2,0,2,29,0,16,6,2010,4,14,17,1,13,3,SR-70,BUCKINGHAM DRIVE,464,40.01976111,-74.276608330,0,12,6,0,2,2,1,0,1,1,0,1,0,0000000,99,99,99,99,99,99,0,0,0,1,0
34,340227,3,3,0,4,25,1760,28,7,2010,4,8,13,1,13,3,SR-36,NORTH FIFTH AVE,50,40.30981111,-73.992630560,0,12,6,0,2,2,1,0,1,1,0,1,0,0000000,99,99,99,99,99,99,0,0,0,1,0
34,340228,1,1,0,1,7,598,13,7,2010,3,19,52,1,11,1,I-295,,343,39.90249444,-74.987525000,0,1,0,0,1,1,5,0,1,1,0,1,0,0000000,19,54,20,2,20,29,0,0,0,1,1
34,340229,2,2,0,2,29,1505,28,6,2010,2,12,37,0,14,4,639,MURDOCK PLACE,0,40.08729722,-74.267244440,0,12,6,0,2,3,1,0,1,1,0,1,0,0000000,99,99,99,99,99,99,0,0,0,1,0
34,340230,2,2,0,5,29,1505,12,6,2010,7,23,48,0,14,4,639,,0,40.09873889,-74.255388890,0,12,2,0,1,1,1,0,3,1,0,1,0,0000000,23,48,23,48,0,30,0,0,0,1,1
34,340231,1,1,0,1,11,724,3,7,2010,7,3,16,0,5,4,659,,0,39.46681111,-75.154594440,0,41,0,0,1,1,5,0,2,1,0,1,0,0000000,3,27,3,39,88,88,0,0,0,1,1
34,340232,2,2,0,3,15,0,26,7,2010,2,16,24,0,3,3,SR-77,ELK RD,187,39.68024167,-75.207166670,0,12,6,0,2,2,1,0,1,1,0,1,0,0000000,16,31,16,48,17,15,0,0,0,1,1
34,340233,1,1,0,2,29,210,27,6,2010,1,12,29,1,12,8,444,,790,39.91641111,-74.211633330,0,20,0,0,1,1,3,1,1,1,0,1,0,0000000,99,99,99,99,99,99,0,0,0,1,0
34,340234,1,1,0,2,25,692,24,6,2010,5,20,16,1,12,3,SR-18,537,223,40.27551667,-74.221152780,0,24,0,1,3,1,4,0,1,1,0,1,0,0000000,99,99,99,99,99,99,0,0,0,1,0
34,340235,1,1,0,1,25,1798,11,6,2010,6,17,16,0,16,6,WILLOW GROVE WAY,,0,40.31462222,-74.300397220,0,42,0,0,1,1,4,0,1,1,0,1,0,0000000,17,22,17,46,18,0,0,0,0,1,0
34,340236,1,1,0,2,35,3520,26,6,2010,7,3,13,1,13,2,US-22,,461,40.64011111,-74.417850000,0,33,0,0,1,1,4,0,3,1,0,1,0,0000000,3,25,3,35,4,27,0,0,0,2,1
34,340237,1,1,0,1,37,0,26,6,2010,7,21,27,0,6,5,HIBLER ROAD,,0,40.98741389,-74.826508330,0,53,0,0,1,1,5,0,2,1,0,1,0,0000000,88,88,88,88,88,88,0,0,0,1,1
34,340238,1,1,1,2,17,1310,21,6,2010,2,11,47,1,11,1,I-280,,153,40.74263611,-74.155833330,0,8,0,0,1,1,2,0,1,1,0,1,0,0000000,99,99,99,99,99,99,0,0,0,1,0
34,340239,1,1,0,4,15,0,22,7,2010,5,4,25,1,12,3,SR-55,,440,39.64287222,-75.100855560,0,24,0,0,1,1,4,0,2,1,0,1,0,0000000,4,26,4,33,99,99,0,0,0,1,0
34,340240,1,1,0,3,7,3694,25,7,2010,1,0,27,1,12,3,SR-446 AC EXPWY,,397,39.72766111,-75.002944440,0,42,0,0,1,1,3,0,2,1,0,1,0,0000000,0,32,0,40,88,88,0,0,0,3,0
34,340241,1,1,0,2,25,1465,20,7,2010,3,6,38,0,4,4,547 SQUANKUM RD,,150,40.16820833,-74.153733330,0,42,0,0,1,1,4,0,1,1,0,1,0,0000000,99,99,99,99,99,99,0,0,0,1,0
34,340242,2,2,0,3,11,0,25,5,2010,3,16,28,0,4,4,610 CEDARVILLE RD,,68,39.35783611,-75.118450000,0,12,6,0,8,1,1,0,1,1,0,1,0,0000000,16,35,16,44,88,88,0,0,0,1,0
34,340243,1,1,0,3,7,1190,2,7,2010,6,11,23,1,11,1,I-76,,8,39.88447778,-75.103888890,0,1,0,0,1,1,1,0,1,1,0,1,0,0000000,12,19,12,25,12,43,0,0,0,1,0
34,340244,3,3,0,4,5,0,30,5,2010,1,17,32,1,2,2,US-206,,274,40.02393333,-74.731577780,0,12,1,0,8,1,1,0,1,1,0,1,0,0000000,15,43,15,46,16,5,0,0,0,2,0
34,340245,1,1,0,3,29,0,12,5,2010,4,1,50,1,13,3,SR-37,,83,39.95875833,-74.173463890,0,33,0,0,1,1,4,0,3,2,0,2,0,0000000,99,99,99,99,99,99,0,0,0,1,1
34,340246,2,2,0,2,29,1590,8,5,2010,7,2,56,1,13,2,US-9,CR-528,1016,40.08651111,-74.215477780,0,12,6,0,2,2,1,0,3,1,0,1,0,0000000,2,56,3,0,3,27,0,0,0,1,1
34,340247,1,1,0,1,23,3705,21,6,2010,2,3,3,1,12,8,444,,1336,40.59339722,-74.323025000,0,24,0,0,1,1,3,0,2,1,0,1,0,0000000,3,10,3,18,88,88,0,0,0,1,0
34,340248,2,2,0,3,29,1505,30,5,2010,1,17,45,0,14,4,547,,0,40.06000833,-74.275561110,0,12,2,0,1,1,1,0,1,1,0,1,0,0000000,17,59,18,22,18,38,0,0,0,1,1
34,340249,1,1,0,1,27,2003,19,6,2010,7,19,54,1,11,1,I-80,,480,40.86591944,-74.332266670,0,1,0,0,1,1,1,0,1,1,0,1,0,0000000,99,99,99,99,88,88,0,0,0,1,1
34,340250,1,1,0,1,23,2582,4,6,2010,6,23,28,0,16,5,LAKEVIEW AVENUE,,0,40.57788056,-74.446502780,0,33,0,0,8,1,4,0,3,1,0,1,0,0000000,23,32,23,48,88,88,0,0,0,1,1
34,340251,1,1,1,1,7,598,24,4,2010,7,3,53,0,14,4,627,,0,39.92161944,-75.018425000,0,8,0,0,1,1,1,0,2,1,0,1,0,0000000,3,55,4,6,88,88,0,0,0,1,0
34,340252,2,2,0,2,11,3460,19,8,2010,5,18,18,0,16,6,NORTH EAST AVE,EAST FOREST GROVE RD,0,39.52728056,-75.013447220,0,12,6,0,2,2,1,0,1,1,0,1,0,0000000,99,99,99,99,88,88,0,0,0,1,0
34,340253,1,1,0,1,1,0,29,6,2010,3,15,54,0,16,5,TREMONT AVENUE,,0,39.39337222,-74.615922220,0,33,0,0,1,1,4,0,1,1,0,1,0,0000000,15,56,16,10,88,88,0,0,0,1,0
34,340254,1,1,0,1,29,0,5,7,2010,2,23,8,1,12,8,444,,260,40.01821667,-74.185266670,0,59,0,0,1,1,5,0,2,1,0,1,0,0000000,99,99,99,99,88,88,0,0,0,1,1
34,340255,1,1,0,2,17,1520,13,6,2010,1,23,21,0,16,6,OLD BERGEN ROAD,LEMBECK AVENUE,0,40.69572778,-74.093841670,0,33,0,0,2,2,4,0,3,2,0,2,0,0000000,99,99,99,99,99,99,0,0,0,2,0
34,340256,1,1,0,2,3,1860,13,6,2010,1,19,16,0,16,6,W. SPRING VALLEY AVE,EDEL AVE,0,40.91374722,-74.060050000,0,33,0,0,2,2,4,0,1,1,0,1,0,0000000,19,18,19,23,19,45,0,0,0,2,0
34,340257,1,1,1,1,35,2250,23,6,2010,4,19,4,1,13,2,US-22,,455,40.63440833,-74.426450000,0,9,0,0,1,1,2,0,1,1,0,1,0,0000000,19,3,19,19,19,50,0,0,0,1,0
34,340258,1,1,1,1,25,1925,11,6,2010,6,7,26,0,16,5,MAIN STREET,GORDON COURT,0,40.42908889,-74.101275000,0,40,0,0,2,3,5,0,1,1,0,1,0,0000000,7,42,8,6,8,37,0,0,0,1,0
34,340259,1,1,0,3,1,0,3,6,2010,5,15,36,0,4,4,559,,0,39.50920556,-74.781833330,0,42,0,0,1,1,5,0,1,1,0,1,0,0000000,15,38,15,56,16,24,0,0,0,1,0
34,340260,3,3,0,4,35,214,20,6,2010,1,1,14,1,11,1,I-78,,278,40.64361111,-74.703661110,0,12,1,0,1,1,1,0,2,1,0,1,0,0000000,1,35,1,39,2,30,14,0,0,1,1
34,340261,3,3,0,5,3,2790,11,6,2010,6,13,53,1,13,3,SR-17,,171,40.98267500,-74.088241670,0,12,7,0,1,1,1,0,1,1,0,1,0,0000000,14,3,14,16,14,23,0,0,0,1,1
34,340262,2,2,0,7,29,416,27,6,2010,1,15,37,0,14,4,549 SPUR-1,S3RD STREET,0,40.09839444,-74.100594440,0,5,0,0,2,2,1,0,1,1,0,1,0,0000000,15,38,15,41,16,6,14,0,0,1,0
34,340263,2,2,0,2,5,0,20,4,2010,3,16,0,0,6,5,MARYLAND AVE,SEVER ST,0,40.01762500,-74.625577780,2,12,6,0,2,2,1,0,1,1,0,1,0,0000000,16,15,16,33,88,88,0,0,0,1,0
34,340264,1,1,1,1,23,1986,26,5,2010,4,11,11,0,16,5,ROSSMOOR DRIVE,,0,40.33646111,-74.467369440,0,8,0,0,1,1,1,0,1,1,0,1,0,0000000,11,13,11,18,11,42,0,0,0,1,0
34,340265,3,3,0,5,35,214,2,5,2010,1,5,41,1,11,1,I-78,,298,40.64388333,-74.665822220,0,12,2,0,1,1,1,0,4,1,0,1,0,0000000,99,99,99,99,99,99,0,0,0,1,1
34,340266,1,1,1,1,1,0,3,7,2010,7,21,36,0,4,4,557,,0,39.46492500,-74.880044440,0,8,0,0,1,1,1,0,2,1,0,1,0,0000000,99,99,99,99,99,99,0,0,0,1,1
34,340267,2,2,0,6,1,851,13,7,2010,3,20,15,0,14,4,651,TILTON ROAD,0,39.39435556,-74.559422220,0,12,6,0,2,2,1,0,5,1,0,1,0,0000000,20,16,20,27,20,47,0,0,0,1,0
34,340268,1,1,0,1,3,3511,17,7,2010,7,17,47,1,12,8,444,,1669,40.99149444,-74.073605560,0,1,0,0,1,1,1,0,1,1,0,1,0,0000000,17,56,18,26,18,40,0,0,0,1,0
34,340269,1,1,1,1,3,2790,12,7,2010,2,11,22,0,16,5,OAK STREET,FRANKLIN AVENUE,0,40.98097500,-74.117636110,0,8,0,0,3,2,1,0,1,1,0,1,0,0000000,11,24,11,30,12,1,0,0,0,1,0
34,340270,2,2,0,3,3,2480,29,7,2010,5,0,47,1,13,3,SR-4,,39,40.91780833,-74.060672220,0,12,7,0,1,1,1,0,3,1,0,1,0,0000000,99,99,99,99,99,99,0,0,0,1,1
34,340271,3,3,0,3,3,3335,19,5,2010,4,4,23,1,12,3,SR-4,,62,40.89898889,-74.025933330,0,12,2,0,1,1,1,0,3,10,0,10,0,0000000,99,99,99,99,99,99,0,0,0,1,1
34,340272,1,1,1,1,39,860,25,5,2010,3,22,0,0,13,3,SR-27,,354,40.68311111,-74.207366670,0,8,0,0,1,1,1,0,3,1,0,1,0,0000000,99,99,99,99,88,88,0,0,0,1,0
34,340273,1,1,1,1,7,2930,29,7,2010,5,22,11,0,13,3,SR-41,,43,39.84279444,-75.080655560,0,8,0,0,1,1,1,0,3,1,0,1,0,0000000,22,12,22,23,22,39,0,0,0,1,0