STATE,ST_CASE,VE_TOTAL,VE_FORMS,PEDS,PERSONS,COUNTY,CITY,DAY,MONTH,YEAR,DAY_WEEK,HOUR,MINUTE,NHS,ROAD_FNC,ROUTE,TWAY_ID,TWAY_ID2,MILEPT,LATITUDE,LONGITUD,SP_JUR,HARM_EV,MAN_COLL,RELJCT1,RELJCT2,TYP_INT,REL_ROAD,WRK_ZONE,LGT_COND,WEATHER1,WEATHER2,WEATHER,SCH_BUS,RAIL,NOT_HOUR,NOT_MIN,ARR_HOUR,ARR_MIN,HOSP_HR,HOSP_MN,CF1,CF2,CF3,FATALS,DRUNK_DR
34,340274,1,1,1,1,7,3521,13,7,2010,3,16,43,1,13,2,US-30,TAUNTON ROAD,182,39.77928056,-74.911902780,0,9,0,0,2,4,1,0,1,1,0,1,0,0000000,16,44,16,49,16,55,0,0,0,1,0
34,340275,3,3,0,5,3,2330,19,7,2010,2,20,46,0,13,2,US-202,OAK STREET,721,41.02350556,-74.243308330,0,12,6,0,2,2,1,0,3,2,0,2,0,0000000,20,49,20,59,21,32,0,0,0,1,0
34,340276,2,2,0,2,11,1845,14,7,2010,4,20,53,0,3,3,SR-49,,412,39.37557778,-74.951733330,0,12,2,0,1,1,1,0,3,1,0,1,0,0000000,99,99,99,99,99,99,0,0,0,1,1
34,340277,1,1,0,3,11,3460,30,7,2010,6,17,16,1,12,3,SR-55,,345,39.51873333,-75.069322220,0,42,0,0,1,1,3,0,1,1,0,1,0,0000000,17,22,17,29,17,43,0,0,0,1,0
34,340278,1,1,0,2,13,2130,2,7,2010,6,9,31,0,15,6,SOUTH 12TH ST,,0,40.74211944,-74.201897220,0,33,0,0,1,1,4,0,1,1,0,1,0,0000000,9,33,9,40,10,8,0,0,0,1,0
34,340279,1,1,1,1,15,1082,1,7,2010,5,7,23,0,15,4,555,WEYMOUTH RD,0,39.53681389,-74.991730560,0,9,0,0,2,2,2,0,1,1,0,1,0,0000000,7,23,7,38,88,88,0,0,0,1,0
34,340280,2,2,0,2,15,0,19,7,2010,2,16,17,0,3,3,SR-77,FISLERVILLE RD,206,39.70811111,-75.206394440,0,12,6,0,2,2,1,0,1,1,0,1,0,0000000,99,99,99,99,99,99,0,0,0,1,0
34,340281,1,1,1,1,17,1520,15,7,2010,5,0,37,1,13,3,SR-139,BEVAN ST,2,40.73795000,-74.059727780,0,8,0,0,3,2,1,0,3,2,0,2,0,0000000,99,99,99,99,88,88,0,0,0,1,1
34,340282,1,1,0,2,17,190,22,7,2010,5,16,41,1,13,3,SR-440,,190,40.65425556,-74.131600000,0,33,0,0,1,1,3,0,1,1,0,1,0,0000000,99,99,99,99,99,99,0,0,0,1,0
34,340283,2,2,0,2,21,935,31,7,2010,7,2,26,1,12,3,SR-29,LOWER FERRY ROAD,72,40.24305278,-74.822741670,0,12,1,0,2,3,1,0,3,1,0,1,0,0000000,2,25,2,41,3,8,0,0,0,1,1
34,340284,1,1,1,1,21,3380,9,7,2010,6,10,30,0,99,8,RIVER VIEW PLAZA,,0,40.20627778,-74.763563890,0,33,0,0,1,1,4,0,1,1,0,1,0,0000000,10,32,10,41,10,55,0,0,0,1,0
34,340285,2,2,0,3,23,844,20,7,2010,3,19,12,0,14,4,604,CINDER ROAD,0,40.57251667,-74.346736110,0,12,6,0,2,3,1,0,1,1,0,1,0,0000000,19,16,19,26,20,0,0,0,0,1,0
34,340286,3,3,0,6,23,1986,17,7,2010,7,14,8,1,11,1,I-95,,280,40.34430278,-74.476450000,0,12,1,0,1,1,1,0,1,1,0,1,0,0000000,14,14,14,58,15,30,0,0,0,1,0
34,340287,4,4,0,6,17,1520,31,7,2010,7,15,36,1,12,2,US-1,SR-7,37,40.73881944,-74.073761110,0,12,1,1,2,2,1,0,1,1,0,1,0,0000000,99,99,99,99,99,99,0,0,0,1,0
34,340288,1,1,1,1,25,0,12,7,2010,2,8,32,0,16,6,BROOKSIDE RD,,0,40.17985833,-74.406966670,0,8,0,0,1,1,1,0,1,1,0,1,0,0000000,8,36,99,97,99,97,0,0,0,1,0
34,340289,1,1,0,1,25,1925,4,7,2010,1,5,29,1,12,8,GARDEN STATE PARKWAY,,1117,40.35256944,-74.119766670,0,1,0,0,1,1,3,0,4,1,0,1,0,0000000,99,99,99,99,99,99,0,0,0,1,0
34,340290,2,2,0,3,29,0,4,7,2010,1,16,40,0,6,5,PARKERTOWN DRIVE,,0,39.63034167,-74.319472220,0,12,6,0,1,1,1,0,1,1,0,1,0,0000000,15,12,15,35,16,10,0,0,0,1,1
34,340291,2,2,0,2,29,0,23,7,2010,6,0,55,1,12,8,GARDEN STATE PARKWAY,,817,39.95487222,-74.206505560,0,12,1,1,17,1,1,0,3,1,0,1,0,0000000,99,99,99,99,88,88,0,0,0,1,1
34,340292,2,2,0,2,21,935,25,4,2010,1,23,51,1,13,3,SR-31,BRIGHTON ROAD,40,40.27988611,-74.779858330,0,12,6,0,3,3,1,0,3,2,0,2,0,0000000,23,52,23,59,0,34,0,0,0,1,0
34,340293,5,5,1,5,13,320,17,5,2010,2,8,25,0,14,6,WATSESSING AVENUE,,0,40.78253056,-74.191130560,0,12,7,0,1,1,1,0,1,1,0,1,0,0000000,8,26,8,38,8,54,0,0,0,1,0
34,340294,1,1,0,3,35,214,2,7,2010,6,3,14,1,11,1,I-287,,219,40.65313056,-74.645813890,0,33,0,1,5,1,4,0,2,1,0,1,0,0000000,3,26,3,35,4,7,0,0,0,2,1
34,340295,2,2,0,2,3,1060,21,5,2010,6,3,53,1,11,1,I-95 (GWB),,771,40.85436111,-73.968397220,0,12,7,0,1,1,1,0,3,1,0,1,0,0000000,4,32,4,38,88,88,0,0,0,1,1
34,340296,4,4,0,7,41,0,19,7,2010,2,7,5,1,11,1,I-78,,33,40.66306111,-75.141636110,0,12,1,0,1,1,1,0,1,2,0,2,0,0000000,7,5,7,18,8,10,0,0,0,1,0
34,340297,2,2,0,2,5,0,26,5,2010,4,7,23,0,15,4,667,RANGE ROAD,0,39.99211389,-74.562491670,0,12,6,0,2,2,1,0,1,1,0,1,0,0000000,7,32,8,1,8,26,0,0,0,1,0
34,340298,1,1,0,4,27,745,4,7,2010,1,0,29,0,16,6,PALMER RD,,0,40.87890000,-74.525000000,0,42,0,0,1,1,5,0,3,1,0,1,0,0000000,0,33,0,42,1,15,0,0,0,2,0
34,340299,1,1,0,1,29,1590,30,7,2010,6,1,1,0,14,4,639,NORTH LAKE DRIVE,0,40.10431111,-74.244488890,0,33,0,0,2,3,4,0,3,1,0,1,0,0000000,99,99,99,99,99,99,0,0,0,1,1
34,340300,1,1,0,1,29,0,25,7,2010,1,0,26,1,13,3,SR-70,MASSACHUSETTS AVE,493,40.04266389,-74.232430560,0,30,0,0,2,2,4,0,3,1,0,1,0,0000000,0,22,0,32,88,88,0,0,0,1,1
34,340301,1,1,0,2,29,0,18,7,2010,1,3,4,1,13,3,SR-72,STAFFORD PARK BLVD,215,39.71428333,-74.281483330,0,33,0,0,2,3,4,0,6,1,0,1,0,0000000,3,23,3,54,4,28,0,0,0,1,1
34,340302,1,1,0,1,23,704,24,6,2010,5,10,43,0,15,6,PLAINSBORO-CRANBURY,,0,40.32039722,-74.528825000,0,40,0,0,1,1,5,0,1,1,0,1,0,0000000,10,47,10,54,11,20,0,0,0,1,0
34,340303,1,1,0,1,19,2757,27,6,2010,1,23,9,0,6,5,PULASKI ROAD,,0,40.58998611,-74.729866670,0,42,0,0,1,1,4,0,3,1,0,1,0,0000000,23,9,23,27,23,59,0,0,0,1,1
34,340304,1,1,0,1,39,1412,1,8,2010,1,10,5,1,13,2,US-22,,580,40.69687500,-74.218741670,0,19,0,0,1,1,5,0,1,1,0,1,0,0000000,99,99,99,99,99,99,0,0,0,1,1
34,340305,2,2,0,2,37,0,27,8,2010,6,12,2,0,14,3,SR-94,,328,41.12976389,-74.618133330,0,12,2,0,1,1,1,0,1,1,0,1,0,0000000,12,3,12,14,13,5,0,0,0,1,0
34,340306,1,1,1,1,17,1520,30,6,2010,4,10,9,0,14,4,625,VROOM STREET,0,40.72849444,-74.066894440,0,8,0,0,3,2,1,0,1,1,0,1,0,0000000,99,99,99,99,99,99,0,0,0,1,0
34,340307,2,2,0,3,29,0,2,8,2010,2,11,40,1,12,8,444,,643,39.71317778,-74.277363890,0,12,9,0,1,1,1,1,1,1,0,1,0,0000000,99,99,99,99,99,99,0,0,0,1,0
34,340308,2,2,0,3,27,0,29,8,2010,1,13,55,0,15,4,517,CAMP WASHINGTON RD,0,40.79233611,-74.784450000,0,12,6,0,2,3,1,0,1,1,0,1,0,0000000,13,57,14,6,88,88,0,0,0,1,0
34,340309,2,2,0,4,1,851,18,9,2010,7,7,57,0,15,4,662,,0,39.38231111,-74.603583330,0,12,6,0,4,1,1,0,1,1,0,1,0,0000000,8,0,8,4,9,9,0,0,0,1,0
34,340310,1,1,0,2,1,0,5,9,2010,1,23,41,1,12,8,446,,120,39.44873611,-74.624516670,0,24,0,1,5,1,4,0,2,1,0,1,0,0000000,23,51,0,12,1,0,0,0,0,1,0
34,340311,1,1,0,1,35,425,7,8,2010,7,21,43,1,13,2,US-22,,371,40.57556389,-74.562150000,0,35,0,0,1,1,3,0,3,1,0,1,0,0000000,21,46,21,55,22,24,0,0,0,1,1
34,340312,1,1,1,1,1,0,6,9,2010,2,2,1,0,16,5,JEROME AVENUE,,0,39.35301667,-74.627336110,0,9,0,0,1,1,1,0,2,1,0,1,0,0000000,2,8,2,14,88,88,0,0,0,1,0
34,340313,2,2,0,2,33,2586,6,8,2010,6,10,33,0,4,4,581,615,0,39.61570556,-75.274458330,0,12,6,0,2,2,1,0,1,1,0,1,0,0000000,10,31,10,47,88,88,0,0,0,1,1
34,340314,1,1,1,1,3,3350,26,9,2010,1,14,34,0,13,2,US-46,,685,40.85956667,-74.055038890,0,8,0,0,1,1,2,0,1,1,0,1,0,0000000,14,34,14,39,14,54,0,0,0,1,0
34,340315,1,1,0,2,33,0,23,8,2010,2,16,7,0,6,4,674,,0,39.53088889,-75.105713890,0,18,0,0,1,1,5,0,1,1,0,1,0,0000000,99,99,99,99,99,99,0,0,0,2,0
34,340316,1,1,0,1,7,3521,10,9,2010,6,6,45,0,15,4,534,,0,39.77311944,-74.842858330,0,30,0,0,1,1,4,0,4,1,0,1,0,0000000,6,47,6,57,7,20,0,0,0,1,0
34,340317,1,1,0,1,5,0,15,9,2010,4,14,53,1,11,1,I-95,,532,40.12048056,-74.705233330,0,25,0,0,1,1,4,0,1,1,0,1,0,0000000,14,52,15,3,88,88,0,0,0,1,0
34,340318,1,1,0,2,31,2510,15,8,2010,1,15,51,1,11,1,I-80,,577,40.90846944,-74.183786110,0,25,0,0,1,1,3,0,1,2,0,2,0,0000000,99,99,99,99,99,99,0,0,0,1,0
34,340319,1,1,0,1,25,692,6,8,2010,6,23,53,1,12,3,SR-18,,223,40.27074167,-74.176469440,0,24,0,0,1,1,3,0,3,1,0,1,0,0000000,99,99,99,99,99,99,0,0,0,1,0
34,340320,1,1,0,1,31,2510,4,8,2010,4,17,8,0,16,6,CROSBY AVENUE,CUMBERLAND AVENUE,0,40.91339167,-74.202058330,0,19,0,0,2,3,5,0,1,1,0,1,0,0000000,17,8,17,17,88,88,0,0,0,1,0
34,340321,1,1,0,3,13,2440,21,8,2010,7,1,55,1,11,1,I-280,,110,40.76671389,-74.224769440,0,33,0,1,5,1,4,0,3,1,0,1,0,0000000,2,7,2,25,2,51,0,0,0,1,1
34,340322,1,1,0,2,13,2130,8,8,2010,1,10,13,1,11,1,I-78 (RAMP),,570,40.70573056,-74.180111110,0,33,0,1,5,1,4,0,1,1,0,1,0,0000000,10,5,10,20,10,40,0,0,0,1,0
34,340323,1,1,0,1,13,2320,23,8,2010,2,15,14,1,12,8,444,,1514,40.81365000,-74.179727780,0,24,0,0,1,1,4,0,1,1,0,1,0,0000000,99,99,99,99,88,88,0,0,0,1,0
34,340324,1,1,1,1,13,2130,22,8,2010,1,0,46,0,16,6,BERGEN ST,,0,40.71356667,-74.203913890,0,8,0,0,1,1,1,0,3,2,0,2,0,0000000,0,47,0,47,0,57,0,0,0,1,0
34,340325,1,1,0,2,29,0,15,8,2010,1,15,10,1,13,3,SR-37,,16,39.99766944,-74.282211110,0,25,0,0,1,1,4,0,1,1,0,1,0,0000000,99,99,99,99,99,99,0,0,0,1,0
34,340326,1,1,1,1,23,2417,28,8,2010,7,3,30,1,13,3,SR-18,,326,40.38987500,-74.337552780,0,8,0,0,1,1,1,0,3,1,0,1,0,0000000,3,34,3,54,99,99,0,0,0,1,1
34,340327,2,2,0,2,11,3460,21,8,2010,7,3,27,1,12,3,SR-55,,364,39.53790556,-75.062886110,0,1,0,0,1,1,3,0,2,1,0,1,0,0000000,3,25,3,41,88,88,14,0,0,1,1
34,340328,3,1,0,1,17,1520,21,8,2010,7,22,13,0,16,6,FULTON AVENUE,VREELAND PLACE,0,40.70091389,-74.081588890,0,14,0,0,2,3,4,0,3,1,0,1,0,0000000,99,99,99,99,99,99,14,0,0,1,1
34,340329,2,2,0,3,9,0,14,8,2010,7,15,21,0,15,4,631,,0,39.26331944,-74.669244440,0,12,6,0,1,1,1,0,1,1,0,1,0,0000000,15,22,15,32,88,88,0,0,0,1,0
34,340331,2,2,0,4,7,3694,31,8,2010,3,6,31,1,13,3,SR-73,MYERS AVE,110,39.71646389,-74.900063890,0,12,6,0,2,2,1,0,1,1,0,1,0,0000000,6,31,6,43,7,11,0,0,0,1,0
34,340332,2,2,0,5,31,3500,20,8,2010,6,23,31,1,11,1,I-287,,566,41.01273056,-74.301327780,0,25,0,0,1,1,4,0,3,1,0,1,0,0000000,23,37,23,51,0,24,14,0,0,1,0
34,340333,1,1,1,5,27,2003,6,8,2010,6,23,12,0,13,2,US-46,,504,40.85816111,-74.347636110,0,8,0,0,1,1,1,0,3,1,0,1,0,0000000,99,99,99,99,99,99,0,0,0,1,0
34,340334,2,2,0,3,13,1945,3,7,2010,7,22,40,0,15,4,608,,0,40.75696111,-74.324677780,0,12,2,0,1,1,1,0,3,1,0,1,0,0000000,99,99,99,99,99,99,0,0,0,1,1
34,340335,2,2,0,4,23,779,11,7,2010,1,18,45,1,13,3,SR-18,,371,40.44022778,-74.393836110,0,12,6,1,17,1,1,0,1,1,0,1,0,0000000,18,20,18,40,18,58,0,0,0,1,1
34,340336,3,3,0,4,37,3196,25,7,2010,1,16,57,0,15,3,SR-181,,34,41.01406944,-74.620847220,0,33,0,0,1,1,4,0,1,1,0,1,0,0000000,99,99,99,99,99,99,0,0,0,1,2
34,340337,2,2,0,5,23,3705,14,8,2010,7,23,39,1,12,8,GARDEN STATE PARKWAY,,1317,40.56534167,-74.324425000,0,12,1,0,1,1,1,0,3,1,0,1,0,0000000,0,5,0,12,0,27,0,0,0,1,0
34,340338,2,2,0,11,7,2930,29,8,2010,1,16,32,0,13,3,SR-168,,64,39.85931389,-75.076538890,0,12,2,0,1,1,1,0,1,1,0,1,0,0000000,16,37,17,5,17,19,0,0,0,1,0
34,340339,1,1,0,1,5,0,23,8,2010,2,18,41,0,6,4,653,,0,39.62539167,-74.458163890,0,42,0,0,1,1,4,0,5,2,0,2,0,0000000,18,47,18,57,88,88,0,0,0,1,1
34,340340,1,1,1,1,1,0,6,8,2010,6,21,12,0,3,3,SR-50,,249,39.51750000,-74.660702780,0,8,0,0,1,1,1,0,2,1,0,1,0,0000000,21,14,21,20,88,88,0,0,0,1,0
34,340341,1,1,0,4,21,3380,24,6,2010,5,0,13,0,14,4,635,MONMOUTH STREET,0,40.22170278,-74.749650000,0,33,0,0,2,2,3,0,2,1,0,1,0,0000000,0,14,0,20,0,37,0,0,0,2,1
34,340342,1,1,0,2,13,2130,15,6,2010,3,2,27,1,12,3,SR-21,,49,40.76875556,-74.159033330,0,25,0,0,1,1,3,0,3,1,0,1,0,0000000,2,27,2,36,99,99,0,0,0,1,1
34,340343,1,1,1,1,1,1050,31,8,2010,3,20,3,0,13,2,US-322,,348,39.60000000,-74.867577780,0,8,0,0,1,1,1,0,3,1,0,1,0,0000000,19,59,20,5,20,51,0,0,0,1,0
34,340344,1,1,0,1,3,1750,12,9,2010,1,2,2,0,13,2,US-46,,0,40.88212778,-74.083572220,0,30,0,0,1,1,4,0,3,1,0,1,0,0000000,2,6,2,12,2,37,0,0,0,1,1
34,340345,1,1,0,2,1,0,1,8,2010,1,6,6,1,13,2,US-30,,455,39.48771389,-74.588616670,0,42,0,0,1,1,5,0,4,1,0,1,0,0000000,6,6,6,14,7,7,0,0,0,1,0
34,340346,2,2,0,2,1,0,1,8,2010,1,20,38,0,4,4,552,,0,39.44080000,-74.801272220,0,1,0,0,1,1,1,0,2,1,0,1,0,0000000,20,50,20,58,88,88,0,0,0,1,1
34,340347,2,2,0,2,11,0,26,9,2010,1,9,53,0,14,4,607,WOODLAWN AVENUE,0,39.45039444,-75.246583330,0,12,2,0,3,3,1,0,1,1,0,1,0,0000000,9,57,10,27,10,49,0,0,0,1,0
34,340348,1,1,0,1,11,0,29,9,2010,4,23,33,0,5,4,637,,0,39.27930833,-75.173908330,0,30,0,0,1,1,4,0,2,1,0,1,0,0000000,99,99,99,99,88,88,0,0,0,1,1
34,340349,3,3,0,3,5,480,8,9,2010,4,13,25,0,13,3,SR-413,,2,40.08058056,-74.869116670,0,54,11,0,1,1,1,0,1,6,0,6,0,0000000,13,30,13,32,13,55,14,0,0,1,0
34,340350,1,1,0,3,7,0,20,8,2010,6,12,23,0,13,3,SR-168,WASHINGTON AVE,89,39.89188333,-75.090544440,0,33,0,0,3,1,4,0,1,1,0,1,0,0000000,12,26,12,36,12,50,0,0,0,1,0
34,340351,2,2,0,2,35,1417,11,7,2010,1,19,58,0,13,2,US-206,,635,40.47589167,-74.656283330,0,12,2,0,1,1,1,0,1,1,0,1,0,0000000,20,3,20,20,20,48,0,0,0,1,0
34,340352,1,1,0,2,33,567,23,7,2010,6,15,58,0,16,4,629,,0,39.70882222,-75.460325000,0,30,0,0,1,1,4,0,1,1,0,1,0,0000000,15,53,16,10,16,30,0,0,0,1,0
34,340353,3,3,0,3,21,3509,17,8,2010,3,14,47,1,13,2,US-130,VOELBEL ROAD,661,40.24781389,-74.568855560,0,12,6,0,2,2,1,0,1,1,0,1,0,0000000,14,42,14,48,15,12,0,0,0,1,1
34,340354,1,1,1,1,29,1590,20,6,2010,1,0,41,0,15,4,628,RIVER AVENUE,0,40.07393333,-74.219363890,0,8,0,0,3,3,1,0,3,1,0,1,0,0000000,88,88,88,88,88,88,0,0,0,1,0
34,340355,1,1,0,1,13,2130,17,6,2010,5,17,13,0,15,6,GRAFTON AVE,,0,40.77560278,-74.160288890,0,33,0,0,1,1,4,0,1,1,0,1,0,0000000,99,99,99,99,88,88,20,0,0,1,0
34,340356,1,1,0,3,7,0,7,8,2010,7,5,58,1,12,8,446,,420,39.74732222,-75.022844440,0,1,0,0,1,1,1,0,4,1,0,1,0,0000000,5,58,6,16,6,45,0,0,0,2,1
34,340357,2,2,0,3,13,2130,18,7,2010,1,0,14,0,14,6,SOUTH STREET,JEFFERSON STREET,0,40.72042778,-74.166727780,0,12,2,0,3,2,1,0,3,1,0,1,0,0000000,0,15,0,21,0,39,0,0,0,1,0
34,340358,1,1,1,1,7,450,7,7,2010,4,15,9,0,14,4,551,CHESTNUT STREET,0,39.88250556,-75.120663890,0,9,0,0,2,4,1,0,1,1,0,1,0,0000000,99,99,99,99,99,99,0,0,0,1,1
34,340359,4,1,1,1,13,2130,22,7,2010,5,20,39,0,14,6,COLUMBIA AVENUE,,0,40.74498889,-74.218830560,0,8,0,0,1,1,1,0,5,1,0,1,0,0000000,20,34,20,40,20,50,0,0,0,1,0
34,340360,1,1,0,1,23,3705,4,7,2010,1,0,55,1,13,2,US-9,,1330,40.58117222,-74.284122220,0,35,0,0,1,1,4,0,2,1,0,1,0,0000000,1,1,1,15,88,88,0,0,0,1,1
34,340361,4,1,1,1,23,844,24,8,2010,3,5,43,1,13,2,US-1,OLD POST ROAD,305,40.51493333,-74.375611110,0,8,0,0,3,2,1,0,3,2,0,2,0,0000000,5,43,5,53,6,49,14,0,0,1,0
34,340362,2,2,0,3,35,0,27,6,2010,1,21,16,0,6,6,CHERRY HILL RD,,0,40.38620556,-74.680552780,0,53,0,0,1,1,4,0,2,1,0,1,0,0000000,21,17,21,42,22,33,0,0,0,1,1
34,340363,2,2,0,2,17,1520,18,8,2010,4,1,45,0,14,6,JERSEY AVENUE,14TH STREET,0,40.73201944,-74.044394440,0,12,6,0,2,3,1,0,3,1,0,1,0,0000000,99,99,99,99,99,99,0,0,0,1,0
34,340364,1,1,0,1,3,1210,20,9,2010,2,3,9,1,13,3,SR-17,,93,40.87634444,-74.063677780,0,33,0,1,5,1,4,0,3,1,0,1,0,0000000,99,99,99,99,88,88,0,0,0,1,0
34,340365,2,2,0,7,7,3694,11,9,2010,7,18,45,1,12,8,446,,375,39.70519722,-74.967022220,0,12,7,0,1,1,1,0,1,1,0,1,0,0000000,18,45,18,58,19,35,0,0,0,1,0
34,340366,4,4,0,11,9,0,12,9,2010,1,14,30,0,3,3,SR-47,BUCKS AVE,123,39.11887500,-74.864230560,0,12,1,0,2,4,1,0,1,1,0,1,0,0000000,14,32,15,10,15,31,0,0,0,2,0
34,340367,3,1,0,3,13,574,18,9,2010,7,0,57,0,14,4,641,,0,40.84821389,-74.222988890,0,33,0,0,1,1,4,0,3,1,0,1,0,0000000,0,57,1,8,1,40,0,0,0,1,0
34,340368,2,2,0,3,11,3460,10,9,2010,6,10,1,0,16,6,WEST WOOD STREET,NORTH FOURTH STREET,0,39.48738333,-75.028586110,0,12,6,0,2,2,1,0,1,1,0,1,0,0000000,10,4,10,8,10,26,0,0,0,1,0
34,340369,1,1,0,1,13,2890,14,9,2010,3,23,21,0,14,4,611,,0,40.82657222,-74.333261110,0,42,0,0,1,1,5,0,3,1,0,1,0,0000000,99,99,99,99,99,99,0,0,0,1,0
34,340370,3,1,0,4,29,145,5,9,2010,1,15,47,1,12,8,444,,677,39.74797222,-74.254338890,0,14,0,0,1,1,4,0,1,1,0,1,0,0000000,15,56,16,7,99,99,14,0,0,1,0
34,340371,1,1,1,1,13,2130,6,9,2010,2,17,4,0,16,6,SOUTH 12TH ST,,0,40.74329167,-74.201252780,0,33,0,0,1,1,4,0,1,1,0,1,0,0000000,99,99,99,99,99,99,0,0,0,1,0
34,340372,1,1,1,1,5,2015,6,10,2010,4,9,30,0,14,4,537,,81,39.95783056,-74.978416670,0,8,0,0,1,1,1,0,1,1,0,1,0,0000000,9,32,9,44,9,50,0,0,0,1,0
34,340373,1,1,0,1,37,1993,29,10,2010,6,10,30,0,6,6,HIDDEN HOLLOW WAY,,0,41.34091667,-74.725377780,0,31,0,0,1,1,5,0,1,1,0,1,0,0000000,10,28,11,1,88,88,0,0,0,1,0
34,340374,1,1,1,1,29,0,13,10,2010,4,14,37,0,15,4,625,,0,39.91920833,-74.150730560,0,18,0,0,1,1,2,0,1,1,0,1,0,0000000,99,99,99,99,99,99,0,0,0,1,0
34,340375,1,1,1,1,5,480,23,10,2010,7,14,15,1,13,2,US-130,,467,40.07536111,-74.847494440,0,8,0,0,1,1,1,0,1,1,0,1,0,0000000,14,12,14,15,14,31,0,0,0,1,0
34,340376,1,1,1,1,1,1050,14,9,2010,3,20,25,0,13,2,US-322,,333,39.60236389,-74.877066670,0,8,0,0,1,1,1,0,2,1,0,1,0,0000000,20,29,20,43,20,55,0,0,0,1,0
34,340377,2,2,0,2,37,0,10,10,2010,1,15,57,0,3,3,SR-94,SID TAYLOR RD,256,41.09211944,-74.720141670,0,12,2,0,3,3,1,0,1,1,0,1,0,0000000,15,56,16,1,16,23,0,0,0,1,1
34,340378,2,2,0,2,37,1576,3,9,2010,6,17,22,0,3,3,SR-94,,264,41.09216111,-74.710905560,0,1,0,0,4,1,1,0,1,1,0,1,0,0000000,17,22,17,30,17,55,14,0,0,1,0
34,340379,1,1,0,1,33,0,1,9,2010,4,19,21,1,11,1,I-95,,81,39.73998333,-75.393813890,0,1,0,0,1,1,3,0,1,1,0,1,0,0000000,19,23,19,32,88,88,0,0,0,1,0
34,340380,1,1,0,1,31,330,6,7,2010,3,20,10,1,13,2,US-46,,638,40.89377500,-74.129572220,0,33,0,0,1,1,4,0,1,1,0,1,0,0000000,99,99,99,99,99,99,0,0,0,1,1
34,340381,1,1,1,1,15,1082,4,10,2010,2,5,45,0,15,4,615,,0,39.57172778,-75.053708330,0,8,0,0,1,1,1,0,3,2,0,2,0,0000000,5,46,5,54,6,30,0,0,0,1,0
34,340382,5,5,0,5,23,2970,23,9,2010,5,21,46,1,12,8,444,,1253,40.48438056,-74.302147220,0,1,0,0,1,1,1,0,3,1,0,1,0,0000000,22,12,22,25,88,88,14,0,0,1,1
34,340383,2,2,0,4,15,0,8,10,2010,6,15,13,0,4,4,653,,0,39.77958611,-75.306644440,0,12,8,0,1,1,1,0,1,1,0,1,0,0000000,15,19,15,25,16,19,0,0,0,1,0
34,340384,2,2,0,2,5,1824,8,10,2010,6,13,1,0,14,3,SR-41,,138,39.94646389,-74.978019440,0,12,1,0,1,1,1,0,1,1,0,1,0,0000000,13,3,13,8,13,35,0,0,0,1,0
34,340385,1,1,0,1,33,0,18,9,2010,7,2,50,0,6,4,619,,14,39.63761111,-75.246500000,0,42,0,0,1,1,5,0,2,1,0,1,0,0000000,2,51,3,14,88,88,0,0,0,1,1
34,340386,1,1,0,1,1,2700,28,10,2010,5,10,1,1,12,8,GARDEN STATE PARKWAY,,458,39.52695000,-74.504555560,0,35,0,0,1,1,4,0,1,1,0,1,0,0000000,99,99,99,99,88,88,0,0,0,1,0
34,340387,2,2,1,2,27,2030,11,10,2010,2,2,31,1,11,1,I-287,,366,40.79842500,-74.467941670,0,8,0,0,1,1,1,0,3,1,0,1,0,0000000,2,34,2,38,88,88,0,0,0,1,0
34,340388,2,2,0,3,19,0,9,10,2010,7,15,15,0,14,2,US-22,BLOSSOM HILL RD,223,40.64456944,-74.821100000,0,12,6,0,2,2,1,0,1,1,0,1,0,0000000,15,13,15,20,16,15,0,0,0,1,1
34,340389,1,1,0,2,21,0,30,9,2010,5,22,34,1,11,1,I-95,,39,40.28973889,-74.790800000,0,5,0,0,1,1,2,0,2,10,0,10,0,0000000,22,30,22,42,23,3,0,0,0,1,1
34,340390,2,2,0,3,15,747,12,10,2010,3,12,21,0,15,6,OGDEN RD,GEORGETOWN RD,0,39.79976667,-75.161761110,0,12,6,0,2,3,1,0,1,1,0,1,0,0000000,12,23,12,41,12,59,0,0,0,1,0
34,340391,2,2,0,2,5,1040,27,10,2010,4,14,45,1,11,1,I-295,,507,40.06907222,-74.787411110,0,12,7,0,1,1,1,0,1,2,0,2,0,0000000,14,44,14,54,88,88,0,0,0,1,0
34,340392,1,1,0,3,19,1660,18,9,2010,7,20,10,1,11,1,I-78,,207,40.64743333,-74.836036110,0,1,0,0,1,1,3,0,2,1,0,1,0,0000000,20,17,20,36,20,47,0,0,0,1,0
34,340393,2,2,0,3,11,420,8,10,2010,6,18,0,0,14,4,606,CHARLES ST,0,39.43978889,-75.228902780,0,12,6,0,2,2,1,0,1,1,0,1,0,0000000,17,58,18,5,18,29,0,0,0,1,0
34,340394,1,1,1,3,5,1805,9,10,2010,7,0,11,1,13,2,US-130,,524,40.11736667,-74.755750000,0,8,0,0,1,1,1,0,2,1,0,1,0,0000000,0,11,0,20,0,56,0,0,0,1,0
34,340395,2,2,0,2,37,3448,12,10,2010,3,8,49,0,15,4,638,,0,41.16621667,-74.477863890,0,12,2,0,1,1,1,0,1,10,0,10,1,0000000,8,54,9,23,88,88,0,0,0,1,1