STATE,ST_CASE,VE_TOTAL,VE_FORMS,PEDS,PERSONS,COUNTY,CITY,DAY,MONTH,YEAR,DAY_WEEK,HOUR,MINUTE,NHS,ROAD_FNC,ROUTE,TWAY_ID,TWAY_ID2,MILEPT,LATITUDE,LONGITUD,SP_JUR,HARM_EV,MAN_COLL,RELJCT1,RELJCT2,TYP_INT,REL_ROAD,WRK_ZONE,LGT_COND,WEATHER1,WEATHER2,WEATHER,SCH_BUS,RAIL,NOT_HOUR,NOT_MIN,ARR_HOUR,ARR_MIN,HOSP_HR,HOSP_MN,CF1,CF2,CF3,FATALS,DRUNK_DR
34,340396,1,1,1,1,31,660,2,10,2010,7,19,4,0,14,4,614,SIPP AVE,0,40.86036944,-74.152113890,0,8,0,0,2,3,1,0,3,1,0,1,0,0000000,99,99,99,99,99,99,0,0,0,1,0
34,340397,1,1,1,1,31,660,2,10,2010,7,6,31,0,14,4,602,RICHFIELD TERRACE,0,40.85226111,-74.172680560,0,8,0,0,3,3,1,0,3,10,0,10,0,0000000,99,99,99,99,99,99,0,0,0,1,0
34,340398,3,3,0,4,25,1925,4,10,2010,2,18,47,1,13,3,SR-36,,171,40.41771944,-74.076786110,0,12,2,0,1,1,1,0,2,2,0,2,0,0000000,99,99,99,99,99,99,0,0,0,1,0
34,340399,2,2,0,3,31,3522,19,10,2010,3,11,38,1,13,7,SR-23,,63,40.90593889,-74.258941670,0,12,1,0,1,1,1,0,1,1,0,1,0,0000000,11,39,11,52,12,17,0,0,0,1,0
34,340400,2,2,0,2,23,704,18,10,2010,2,19,31,0,15,4,615,,0,40.30532778,-74.498613890,0,12,6,0,8,1,1,0,3,1,0,1,0,0000000,19,31,19,37,88,88,0,0,0,1,0
34,340401,4,2,0,3,31,660,14,10,2010,5,17,56,0,16,6,LAKE AVE,DAVIDSON ST,0,40.87449444,-74.126611110,0,14,0,0,2,3,4,0,3,2,0,2,0,0000000,99,99,99,99,99,99,0,0,0,1,0
34,340402,1,1,1,1,23,2417,14,10,2010,5,18,51,1,13,2,US-9,JAKEBROWN RD,1254,40.41607778,-74.305033330,0,8,0,0,3,2,1,0,3,2,0,2,0,0000000,18,51,19,11,19,32,0,0,0,1,0
34,340403,2,2,0,2,27,1030,12,10,2010,3,14,38,0,13,4,510,,0,40.79090556,-74.414691670,0,12,2,0,1,1,1,0,1,1,0,1,0,0000000,14,39,14,46,15,14,0,0,0,1,0
34,340404,1,1,1,2,41,0,4,10,2010,2,19,8,1,2,3,SR-57,,60,40.72859167,-75.060869440,0,8,0,0,1,1,1,0,2,2,0,2,0,0000000,99,99,99,99,88,88,0,0,0,1,0
34,340405,1,1,0,3,5,0,27,9,2010,2,22,20,0,4,4,563,,0,39.81981111,-74.535508330,0,30,0,0,1,1,4,0,3,1,0,1,0,0000000,22,17,22,29,99,99,0,0,0,1,1
34,340406,1,1,0,4,7,1900,14,9,2010,3,0,36,0,16,6,LINDEN AVENUE,,0,39.94841389,-75.060091670,0,5,0,0,1,1,1,0,3,1,0,1,0,0000000,0,37,0,43,1,1,0,0,0,1,0
34,340407,2,2,0,2,35,1081,23,10,2010,7,12,44,0,14,4,514,,0,40.50291667,-74.586783330,0,12,2,0,1,1,1,0,1,1,0,1,0,0000000,12,42,13,19,13,35,0,0,0,1,0
34,340408,2,2,0,3,25,0,30,9,2010,5,15,52,0,12,4,537,,0,40.25030000,-74.289025000,0,12,2,0,1,1,1,0,1,1,0,1,0,0000000,99,99,99,99,99,99,0,0,0,2,0
34,340409,4,1,0,1,23,2570,4,9,2010,7,21,17,0,16,6,KEENE STREET,,0,40.52509444,-74.269047220,0,14,0,0,1,1,4,0,2,1,0,1,0,0000000,21,18,21,25,21,54,0,0,0,1,0
34,340410,3,3,0,4,21,1265,11,9,2010,7,1,31,1,11,1,I-295,,663,40.26511944,-74.692750000,0,12,7,0,1,1,1,0,2,1,0,1,0,0000000,1,32,1,41,1,58,14,0,0,1,0
34,340411,1,1,0,4,41,0,30,10,2010,7,21,40,0,3,4,629,,0,40.82855278,-74.867277780,0,53,0,0,1,1,5,0,2,1,0,1,0,0000000,7,1,7,18,7,47,0,0,0,2,0
34,340412,1,1,0,2,15,3569,24,10,2010,1,7,52,0,16,6,FORD AVE,MAY AVE,0,39.85478611,-75.156100000,0,5,0,0,2,3,1,0,1,1,0,1,0,0000000,7,59,8,1,8,10,0,0,0,1,0
34,340413,1,1,1,2,29,0,17,9,2010,6,13,0,0,14,4,527,,0,39.96620000,-74.226936110,0,8,0,0,1,1,1,0,1,1,0,1,0,0000000,12,17,12,41,13,10,0,0,0,1,0
34,340414,1,1,1,1,5,735,25,10,2010,2,5,48,1,13,2,US-130,MANOR PLACE,391,40.01099167,-74.964458330,0,8,0,0,3,2,1,0,3,1,0,1,0,0000000,99,99,99,99,88,88,0,0,0,1,0
34,340415,1,1,0,2,27,2003,9,9,2010,5,1,40,0,16,6,CHANGEBRIDGE ROAD,,0,40.86563889,-74.348705560,0,35,0,0,1,1,4,0,3,1,0,1,0,0000000,1,53,2,17,2,52,20,0,0,1,1
34,340416,1,1,0,1,25,1445,17,9,2010,6,6,46,1,12,8,444,,1173,40.41309444,-74.199802780,0,35,0,0,1,1,4,0,1,10,0,10,0,0000000,99,99,99,99,88,88,0,0,0,1,0
34,340417,1,1,0,1,25,1445,12,9,2010,1,23,53,0,14,4,4II,,0,40.39024167,-74.188147220,0,33,0,0,1,1,4,0,3,1,0,1,0,0000000,99,99,99,99,99,99,0,0,0,1,1
34,340418,1,1,0,2,25,100,20,10,2010,4,12,31,1,13,3,SR-36,,148,40.40683056,-74.035319440,0,42,0,0,1,1,5,0,1,10,0,10,0,0000000,99,99,99,99,99,99,0,0,0,1,0
34,340419,1,1,0,3,19,0,12,9,2010,1,2,2,1,1,1,I-78,,122,40.64142500,-74.990186110,0,24,0,0,1,1,3,0,3,1,0,1,0,0000000,2,3,2,9,99,99,0,0,0,1,0
34,340420,2,2,0,2,27,2567,19,10,2010,3,7,19,1,13,3,SR-23,,95,40.95274167,-74.279636110,0,12,7,0,1,1,1,0,1,1,0,1,0,0000000,7,19,7,23,88,88,0,0,0,1,0
34,340421,11,11,0,13,39,860,20,10,2010,4,13,15,1,11,1,I-95,,553,40.65414167,-74.192005560,0,12,1,0,1,1,1,0,1,1,0,1,0,0000000,13,22,13,32,14,8,0,0,0,1,0
34,340422,1,1,0,1,29,3360,2,9,2010,5,15,7,0,14,4,527,,0,40.03814444,-74.243030560,0,30,0,0,1,1,4,0,1,1,0,1,0,0000000,99,99,99,99,99,99,0,0,0,1,0
34,340423,1,1,0,2,25,1465,8,9,2010,4,11,54,1,13,2,US-9,,1080,40.18090556,-74.245519440,0,25,0,0,1,1,3,0,1,1,0,1,0,0000000,99,99,99,99,99,99,0,0,0,1,0
34,340424,1,1,0,1,35,990,1,9,2010,4,14,46,1,11,1,I-287,,231,40.66830000,-74.635000000,0,24,0,0,1,1,3,0,1,1,0,1,0,0000000,14,46,14,54,15,29,0,0,0,1,1
34,340425,1,1,0,2,35,1417,29,8,2010,1,10,1,0,16,5,MONTGOMERY ROAD,,0,40.47424444,-74.751675000,0,1,0,0,1,1,1,0,1,1,0,1,0,0000000,10,5,10,17,10,37,0,0,0,1,0
34,340426,1,1,0,8,29,1590,3,8,2010,3,4,45,0,13,4,549,,0,40.09002222,-74.153916670,0,42,0,0,1,1,4,0,3,1,0,1,0,0000000,4,45,4,53,99,99,0,0,0,1,0
34,340427,2,2,1,2,19,0,24,9,2010,6,0,10,1,1,1,I-78,,130,40.63498889,-74.968780560,0,12,6,0,1,1,1,0,2,1,0,1,0,0000000,0,18,0,40,1,14,14,15,0,1,0
34,340428,2,2,0,2,23,2582,10,10,2010,1,3,15,1,12,3,SR-18,,439,40.51249444,-74.459022220,0,12,2,0,1,1,1,0,3,1,0,1,0,0000000,3,15,3,18,4,2,0,0,0,1,1
34,340429,1,1,1,1,19,0,19,9,2010,1,6,50,1,13,2,US-202,COMMERCE STREET,110,40.49778056,-74.857116670,0,9,0,0,2,2,1,0,1,1,0,1,0,0000000,6,45,6,51,99,99,0,0,0,1,0
34,340430,1,1,1,2,23,3110,30,9,2010,5,5,59,0,15,6,SOUTH BROADWAY,DAVID STREET,0,40.48325278,-74.280022220,0,8,0,0,3,2,1,0,4,2,0,2,0,0000000,6,1,6,13,6,45,0,0,0,1,0
34,340431,1,1,0,1,3,3335,25,10,2010,2,1,49,0,13,4,39,,0,40.88557500,-74.006225000,0,33,0,0,1,1,4,0,3,5,0,5,0,0000000,1,50,1,59,2,10,0,0,0,1,0
34,340432,1,1,1,1,25,2760,27,10,2010,4,14,54,0,14,4,10,MAPLE AVE,0,40.35096667,-74.069855560,0,8,0,0,3,2,1,0,1,1,0,1,0,0000000,99,99,99,99,99,99,0,0,0,1,0
34,340433,1,1,0,1,3,2330,29,10,2010,6,10,17,0,16,6,ELM STREET,,0,41.02519167,-74.243138890,0,33,0,0,1,1,4,0,1,1,0,1,0,0000000,10,16,10,29,10,55,0,0,0,1,0
34,340434,1,1,0,5,15,0,29,10,2010,6,17,25,1,12,3,SR-55,,444,39.64508056,-75.106477780,0,1,0,0,1,1,1,0,1,1,0,1,0,0000000,17,24,17,32,18,5,0,0,0,1,0
34,340435,1,1,1,1,25,2109,11,9,2010,7,11,27,1,13,3,SR-33,WALNUT STREET,403,40.20659722,-74.047275000,0,9,0,0,2,3,1,0,1,1,0,1,0,0000000,99,99,99,99,99,99,0,0,0,1,0
34,340436,2,2,0,2,29,0,29,10,2010,6,19,10,0,14,4,571,TWIN OAKS RD,0,39.97219444,-74.165438890,0,12,6,0,2,2,1,0,3,1,0,1,0,0000000,99,99,99,99,99,99,0,0,0,1,0
34,340437,1,1,1,5,39,1700,11,9,2010,7,17,7,0,16,6,MCCANDLESS STREET,,0,40.63994444,-74.248427780,0,8,0,0,1,1,1,0,1,1,0,1,0,0000000,17,9,17,12,17,30,0,0,0,1,0
34,340438,2,2,0,3,35,3504,10,10,2010,1,19,56,1,11,1,I-78,,373,40.64732778,-74.525091670,0,12,7,0,1,1,1,0,3,1,0,1,0,0000000,20,16,20,37,21,12,0,0,0,1,1
34,340439,2,2,1,2,13,1480,23,9,2010,5,11,14,0,16,6,NEW STREET,603,0,40.72619444,-74.230480560,0,12,1,0,2,2,1,0,1,1,0,1,0,0000000,11,20,11,35,11,53,0,0,0,1,0
34,340440,1,1,1,1,27,2498,21,10,2010,5,20,22,0,13,2,US-46,,457,40.87375556,-74.432352780,0,8,0,0,1,1,1,0,2,1,0,1,0,0000000,20,23,20,27,88,88,0,0,0,1,0
34,340441,2,2,0,6,37,1576,28,10,2010,5,17,28,0,5,4,623,,0,41.08608056,-74.681366670,0,1,0,0,1,1,1,0,1,1,0,1,0,0000000,99,99,99,99,88,88,14,0,0,1,0
34,340442,1,1,0,1,25,3357,4,11,2010,5,22,30,1,12,8,444,,1030,40.23898889,-74.089147220,0,31,0,1,5,1,8,0,2,1,0,1,0,0000000,99,99,99,99,99,99,0,0,0,1,1
34,340443,2,2,0,2,31,3522,23,12,2010,5,11,46,0,14,4,504,,0,40.96116944,-74.245519440,0,12,6,0,4,1,1,0,1,1,0,1,0,0000000,12,1,12,2,12,34,0,0,0,1,0
34,340444,1,1,1,1,25,940,20,12,2010,2,9,46,0,13,4,10,,0,40.36147222,-74.041844440,0,8,0,0,1,1,1,0,1,1,0,1,0,0000000,99,99,99,99,99,99,0,0,0,1,0
34,340445,2,2,0,3,15,0,28,12,2010,3,7,57,0,5,3,SR-77,ELK RD,187,39.68043889,-75.207166670,0,12,6,0,2,2,1,0,1,1,0,1,0,0000000,7,58,8,28,8,51,0,0,0,1,0
34,340446,1,1,1,1,13,2130,25,12,2010,7,7,30,0,16,6,CHANCELLOR AVE,,0,40.71130556,-74.224941670,0,8,0,0,1,1,1,0,1,1,0,1,0,0000000,7,42,7,46,8,10,0,0,0,1,0
34,340447,2,2,0,2,39,3290,20,12,2010,2,9,9,0,14,4,527,BROAD ST,0,40.71620000,-74.362872220,0,12,2,0,2,2,1,0,1,1,0,1,0,0000000,9,9,9,15,9,50,0,0,0,1,0
34,340449,2,2,0,2,3,1080,24,12,2010,6,17,29,0,14,4,117,MCCOY RD,0,41.01766389,-74.222441670,0,12,6,0,2,3,1,0,2,1,0,1,0,0000000,17,28,17,38,18,12,0,0,0,1,0
34,340450,1,1,1,1,3,890,24,12,2010,6,17,23,0,16,6,BROAD AVE,ALLISON CT,0,40.87860833,-73.975752780,0,8,0,0,3,3,1,0,3,1,0,1,0,0000000,17,32,17,41,17,51,0,0,0,1,0
34,340451,6,1,0,4,39,860,19,12,2010,1,2,49,1,13,2,US-1,,435,40.65287222,-74.213677780,0,39,0,0,1,1,4,0,3,1,0,1,0,0000000,2,50,2,56,3,37,0,0,0,1,1
34,340452,1,1,1,3,39,2730,7,11,2010,1,0,47,0,13,2,US-1,MILTON AVE,392,40.60485556,-74.263330560,0,8,0,0,3,2,1,0,3,1,0,1,0,0000000,0,49,0,56,88,88,0,0,0,1,0
34,340453,1,1,0,1,5,0,10,11,2010,4,10,13,0,6,5,SOOEY PLACE ROAD,,0,39.86409722,-74.534555560,0,58,0,0,1,1,4,0,1,1,0,1,0,0000000,99,99,99,99,88,88,0,0,0,1,0
34,340454,1,1,0,1,25,692,14,11,2010,1,12,25,1,12,3,SR-18-RAMP,SR-34,190,40.27691667,-74.169605560,0,33,0,1,2,4,3,0,1,1,0,1,0,0000000,99,99,99,99,88,88,0,0,0,1,0
34,340455,1,1,1,1,1,90,2,11,2010,3,20,24,0,16,6,CHELSEA AVENUE,,0,39.35726389,-74.451330560,0,8,0,0,1,1,1,0,3,1,0,1,0,0000000,99,99,99,99,99,99,0,0,0,1,0
34,340456,3,3,0,5,1,0,20,12,2010,2,12,55,0,14,2,US-9,,460,39.45922500,-74.464216670,0,12,1,0,1,1,1,0,1,1,0,1,0,0000000,12,59,13,4,13,28,0,0,0,1,0
34,340457,1,1,0,1,35,425,19,12,2010,1,6,8,1,11,1,I-287,,149,40.57957500,-74.576344440,0,58,0,0,1,1,5,0,3,1,0,1,0,0000000,6,26,6,38,7,8,0,0,0,1,1
34,340458,1,1,0,1,27,1030,18,12,2010,7,15,48,0,15,6,JAMES ST,,0,40.79038611,-74.390530560,0,33,0,0,1,1,4,0,1,1,0,1,0,0000000,99,99,99,99,88,88,0,0,0,1,0
34,340459,2,2,1,2,39,1700,3,11,2010,4,23,23,1,11,1,I-95,,512,40.60491944,-74.228630560,0,8,0,0,1,1,1,0,2,1,0,1,0,0000000,1,10,1,34,88,88,14,0,0,1,0
34,340460,2,2,0,2,1,0,16,12,2010,5,15,57,0,3,3,SR-54,,50,39.57426944,-74.875302780,0,12,2,0,1,1,1,0,1,4,0,4,0,0000000,15,56,16,13,17,27,0,0,0,1,0
34,340461,1,1,0,1,39,3395,5,11,2010,6,2,35,0,14,4,630,COOLIDGE AVENUE,0,40.69711944,-74.262663890,0,42,0,0,2,3,5,0,3,2,0,2,0,0000000,99,99,99,99,99,99,0,0,0,1,1
34,340462,1,1,0,1,41,0,16,12,2010,5,7,5,1,13,3,SR-31,,459,40.79782778,-74.981044440,0,30,0,0,1,1,5,0,4,1,0,1,0,0000000,7,5,7,22,8,12,0,0,0,1,0
34,340463,1,1,0,4,25,1465,6,11,2010,7,1,40,0,3,2,US-9,,584,40.17830833,-74.243416670,0,30,0,0,1,1,4,0,3,1,0,1,0,0000000,99,99,99,99,99,99,0,0,0,2,1
34,340464,1,1,1,1,27,2020,16,12,2010,5,7,2,0,14,4,650,THE BUCKLEY WAY,52,40.82153889,-74.479386110,0,8,0,0,3,3,1,0,4,1,0,1,0,0000000,7,4,7,10,7,36,0,0,0,1,0
34,340465,4,4,0,4,29,0,10,12,2010,6,17,38,0,3,4,537,,0,40.10420556,-74.506186110,0,24,0,0,1,1,4,0,2,1,0,1,0,0000000,17,38,17,42,88,88,0,0,0,1,1
34,340466,2,2,0,2,27,2810,8,11,2010,2,9,24,1,11,1,I-287,,531,40.99126667,-74.309344440,0,33,0,1,5,1,4,0,1,2,0,2,0,0000000,9,24,9,32,99,99,0,0,0,1,0
34,340468,1,1,1,1,13,500,9,11,2010,3,15,5,0,14,4,527,WESTVILLE AVENUE,0,40.83863889,-74.275319440,0,8,0,0,3,3,1,0,1,1,0,1,0,0000000,15,10,15,21,15,49,0,0,0,1,0
34,340469,1,1,1,2,3,1410,12,11,2010,6,8,5,0,16,6,LAWRENCE STREET,BROADWAY,0,40.99978333,-74.038919440,0,8,0,0,3,3,1,0,1,1,0,1,0,0000000,8,6,8,10,8,47,0,0,0,1,0
34,340470,1,1,1,1,25,1465,15,12,2010,4,4,10,1,13,2,US-9,,1072,40.16767500,-74.237258330,0,8,0,0,1,1,1,0,3,1,0,1,0,0000000,99,99,99,99,88,88,0,0,0,1,0
34,340471,2,2,0,3,33,0,13,11,2010,7,14,2,0,14,3,SR-45,,87,39.64515556,-75.339347220,0,12,6,0,8,1,1,0,1,1,0,1,0,0000000,14,0,14,8,14,32,0,0,0,1,0
34,340472,1,1,0,2,31,660,15,12,2010,4,3,17,1,12,3,SR-3,,7,40.86328889,-74.181233330,0,42,0,0,1,1,5,0,3,1,0,1,0,0000000,3,16,3,31,3,55,0,0,0,1,1
34,340473,1,1,1,1,29,0,3,12,2010,6,14,20,0,99,6,WRANGLEBROOK RD,,0,99.99990000,999.999900000,0,8,0,0,1,1,1,0,1,1,0,1,0,0000000,99,99,99,99,99,99,0,0,0,1,0
34,340474,1,1,1,1,17,1520,11,12,2010,7,4,59,1,13,2,US-1 AND 9,,554,40.74936944,-74.060544440,0,8,0,0,1,1,1,0,3,1,0,1,0,0000000,99,99,99,99,99,99,0,0,0,1,0
34,340475,1,1,1,1,13,2130,3,11,2010,4,7,3,0,13,4,508,DUREYEA AVENUE,0,40.74664444,-74.186527780,0,8,0,0,3,3,1,0,3,1,0,1,0,0000000,7,5,7,11,7,15,0,0,0,1,0
34,340476,1,1,1,1,31,3522,10,12,2010,6,12,36,1,13,2,US-202,,628,40.91286389,-74.263436110,0,8,0,0,1,1,1,0,1,1,0,1,0,0000000,99,99,99,99,99,99,0,0,0,1,0
34,340477,1,1,0,1,13,2890,10,12,2010,6,1,38,1,11,1,I-280,,34,40.83060000,-74.329441670,0,1,0,0,1,1,5,0,2,1,0,1,0,0000000,2,40,2,56,88,88,0,0,0,1,1
34,340478,4,4,0,4,29,1590,6,11,2010,7,16,0,0,13,4,623,,0,40.05273611,-74.196333330,0,12,2,0,1,1,1,0,1,1,0,1,0,0000000,16,5,16,12,99,99,0,0,0,1,0
34,340479,1,1,0,2,27,0,7,12,2010,3,12,45,0,14,4,513,,325,40.80438889,-74.663644440,0,42,0,0,1,1,5,0,1,1,0,1,0,0000000,12,51,13,2,13,35,0,0,0,1,0
34,340480,3,3,1,3,17,3040,3,12,2010,6,4,45,1,12,3,SR-3,,94,40.79197778,-74.054922220,0,8,0,0,1,1,1,0,2,1,0,1,0,0000000,99,99,99,99,88,88,0,0,0,1,0
34,340481,1,1,0,1,5,3149,24,11,2010,4,12,3,1,13,2,US-206,,202,39.92291389,-74.741747220,0,30,0,0,1,1,4,0,1,1,0,1,0,0000000,12,4,12,11,12,50,0,0,0,1,0
34,340482,1,1,1,1,3,2310,11,11,2010,5,17,21,0,13,4,505,,0,40.99773056,-73.955088890,0,8,0,0,1,1,1,0,3,1,0,1,0,0000000,17,39,17,55,18,23,0,0,0,1,0
34,340483,2,2,0,2,11,1970,11,11,2010,5,12,1,0,16,6,NEWCOMBTOWN ROAD,CREST AVENUE,0,39.39967500,-75.006719440,0,12,6,0,2,2,1,0,1,1,0,1,0,0000000,11,58,12,6,12,23,0,0,0,1,0
34,340484,1,1,1,1,15,747,14,9,2010,3,23,0,0,14,3,SR-47,,732,39.84722778,-75.125155560,0,9,0,0,1,1,2,0,3,1,0,1,0,0000000,99,99,99,99,99,99,0,0,0,1,1
34,340485,1,1,0,5,21,3380,5,10,2010,3,1,27,1,12,3,SR-29,SULLIVAN WAY,62,40.23759722,-74.803150000,0,33,0,0,2,2,4,0,2,2,0,2,0,0000000,1,27,1,34,2,0,0,0,0,1,1
34,340486,1,1,0,3,23,3705,21,11,2010,1,8,46,1,12,3,SR-440,,26,40.52121944,-74.292588890,0,35,0,1,19,1,4,0,1,1,0,1,0,0000000,99,99,99,99,99,99,0,0,0,1,0
34,340487,2,2,0,3,3,1060,13,10,2010,4,5,20,1,11,1,I-95,,777,40.85283333,-73.958208330,0,12,1,0,1,1,1,0,3,1,0,1,0,0000000,5,20,5,45,6,17,0,0,0,1,1
34,340488,1,1,0,2,25,830,21,10,2010,5,20,12,1,12,3,SR-18,,134,40.27765000,-74.072613890,0,1,0,0,1,1,1,0,3,1,0,1,0,0000000,99,99,99,99,99,99,0,0,0,1,0
34,340489,3,1,0,1,21,2845,18,12,2010,7,0,2,1,13,2,US-130,,661,40.24768611,-74.569305560,0,38,0,0,1,1,5,0,3,1,0,1,0,0000000,0,2,0,7,88,88,0,0,0,1,0
34,340490,1,1,0,1,17,1520,28,11,2010,1,7,3,1,13,2,US-1,,554,40.75187778,-74.058080560,0,33,0,0,1,1,4,0,4,1,0,1,0,0000000,99,99,99,99,99,99,19,0,0,1,0
34,340491,2,2,1,2,3,2770,24,12,2010,6,6,39,1,11,1,I-95,,710,40.82900000,-74.024761110,0,12,1,0,1,1,1,0,3,1,0,1,0,0000000,6,49,7,8,88,88,19,0,0,1,0
34,340492,2,2,0,2,37,1576,30,11,2010,3,13,56,1,2,3,SR-15,ICE PLANT ROAD,181,41.10578333,-74.698436110,0,12,6,0,2,2,1,0,1,2,0,2,0,0000000,13,57,14,2,15,2,0,0,0,1,0
34,340493,1,1,1,1,21,3380,27,11,2010,7,2,30,1,12,3,SR-31,,3,40.22970833,-74.768850000,0,8,0,0,1,1,1,0,2,1,0,1,0,0000000,99,99,99,99,99,99,0,0,0,1,0
34,340494,5,5,3,2,3,2770,24,12,2010,6,6,40,1,11,1,I-95,,710,40.82900000,-74.025388890,0,12,7,0,1,1,1,0,3,1,0,1,0,0000000,6,49,7,4,7,25,19,0,0,1,0
34,340495,1,1,1,1,11,1970,15,12,2010,4,12,33,0,14,4,555,,0,39.38224444,-75.041641670,0,8,0,0,1,1,1,0,1,1,0,1,0,0000000,99,99,99,99,99,99,0,0,0,1,0
34,340496,2,2,0,2,13,2130,4,11,2010,5,16,0,1,12,2,US-1 & 9,,499,40.72070833,-74.148425000,0,12,6,0,1,1,1,0,1,2,0,2,0,0000000,16,2,16,2,16,21,0,0,0,1,0
34,340497,1,1,0,1,27,0,11,12,2010,7,17,1,0,14,4,510,,92,40.79145833,-74.524083330,0,11,0,0,1,1,1,0,2,1,0,1,0,0000000,99,99,99,99,88,88,0,0,0,1,0
34,340498,1,1,0,1,7,3694,10,12,2010,6,20,22,0,16,6,BEEBETOWN RD,,0,39.71501111,-74.895483330,0,42,0,0,1,1,5,0,3,10,0,10,0,0000000,20,22,20,29,88,88,0,0,0,1,1
34,340499,1,1,1,1,31,3522,19,11,2010,6,16,48,1,13,4,504,CR705,0,40.94424722,-74.203863890,0,8,0,0,3,2,1,0,3,1,0,1,0,0000000,99,99,99,99,99,99,0,0,0,1,0
34,340501,1,1,1,1,3,2940,18,12,2010,7,19,6,0,14,4,32,,4,40.83936667,-74.107847220,0,8,0,0,1,1,1,0,3,10,0,10,0,0000000,19,5,19,12,19,45,0,0,0,1,0
34,340502,1,1,1,1,31,2500,22,11,2010,2,15,33,0,14,4,622,KATHERINE AVENUE,0,40.85003056,-74.144905560,0,8,0,0,3,3,1,0,1,1,0,1,0,0000000,15,35,15,46,16,9,0,0,0,1,0
34,340503,2,2,0,2,21,0,20,12,2010,2,9,41,1,11,1,I-95,,28,40.28962500,-74.804686110,0,12,1,0,1,1,1,0,1,1,0,1,0,0000000,9,37,9,50,10,3,0,0,0,1,0
34,340504,2,2,0,1,11,3460,24,11,2010,4,9,29,0,16,6,MAGNOLIA ROAD,,0,39.46473333,-75.002663890,0,12,7,0,1,1,1,0,1,1,0,1,0,0000000,9,33,99,97,99,97,0,0,0,1,0
34,340505,2,2,0,6,29,0,25,11,2010,5,3,22,1,12,8,444,,833,39.97973056,-74.212688890,0,12,1,0,1,1,1,0,2,1,0,1,0,0000000,99,99,99,99,88,88,0,0,0,1,1
34,340506,3,3,0,5,29,0,22,12,2010,4,8,2,0,14,2,US-9,,663,39.64228889,-74.301083330,0,12,1,0,4,1,1,0,1,1,0,1,0,0000000,99,99,99,99,99,99,0,0,0,1,0
34,340507,1,1,0,1,19,0,5,12,2010,1,7,57,1,1,1,I-78,,79,40.65960278,-75.066694440,0,41,0,0,1,1,3,0,1,1,0,1,0,0000000,88,88,88,88,88,88,0,0,0,1,0
34,340508,3,3,1,4,7,520,26,11,2010,6,19,28,1,13,2,US-30,,22,39.94067222,-75.097602780,0,8,0,0,1,1,1,0,3,1,0,1,0,0000000,99,99,99,99,88,88,0,0,0,1,0
34,340509,1,1,1,2,17,1520,26,12,2010,1,0,47,0,14,6,MONTGOMERY ST,BALDWIN AVE,0,40.72381944,-74.064138890,0,8,0,0,3,2,1,0,3,1,0,1,0,0000000,99,99,99,99,99,99,0,0,0,1,0
34,340510,2,2,0,4,35,0,19,11,2010,6,10,43,0,15,4,533,,0,40.44622778,-74.612058330,0,12,2,0,1,1,1,0,1,1,0,1,0,0000000,10,54,11,9,11,57,0,0,0,1,0
34,340511,1,1,1,1,13,2130,6,9,2010,2,0,41,1,13,3,SR-21,OLIVER ST,16,40.72688611,-74.172383330,0,8,0,0,3,2,1,0,3,1,0,1,0,0000000,0,46,0,50,1,3,0,0,0,1,0
34,340512,1,1,1,1,25,1925,30,11,2010,3,19,30,1,13,3,SR-36,,162,40.43441389,-74.121344440,0,8,0,0,1,1,1,0,3,4,0,4,0,0000000,99,99,99,99,88,88,0,0,0,1,0
34,340513,1,1,1,4,23,3705,30,11,2010,3,16,57,1,13,3,SR-35,,547,40.55146111,-74.280569440,0,8,0,0,1,1,1,0,5,2,0,2,0,0000000,99,99,99,99,99,99,0,0,0,1,0
34,340514,1,1,1,1,17,1520,29,11,2010,2,18,17,1,13,2,US-1&9,DUNCAN AVENUE,27,40.73055278,-74.085241670,0,9,0,0,2,2,1,0,3,1,0,1,0,0000000,99,99,99,99,88,88,0,0,0,1,0
34,340515,3,3,0,5,23,0,18,11,2010,5,19,16,0,14,4,535,DAVIDSONS MILL ROAD,209,40.38506389,-74.444130560,0,12,6,0,2,3,1,0,3,1,0,1,0,0000000,19,20,19,30,20,0,0,0,0,1,1
34,340516,1,1,0,1,29,0,8,12,2010,4,1,24,0,6,6,NEWARK AVE,,0,39.85772222,-74.215380560,0,33,0,0,1,1,5,0,3,1,0,1,0,0000000,99,99,99,99,88,88,0,0,0,1,1
34,340517,1,1,0,1,13,2130,24,9,2010,6,16,15,0,16,6,JELLIFF AVE,,0,40.72473889,-74.195641670,0,33,0,0,1,1,5,0,1,1,0,1,0,0000000,15,19,15,34,15,49,0,0,0,1,0
34,340518,2,2,0,2,1,0,17,9,2010,6,18,54,0,3,3,SR-50,PEACH STREET,230,39.49692222,-74.688083330,1,12,6,0,2,2,1,0,5,1,0,1,0,0000000,18,54,19,3,19,20,0,0,0,2,0
34,340519,1,1,0,2,39,2730,26,9,2010,1,4,4,1,13,2,US-1,,395,40.60816944,-74.260388890,0,33,0,0,1,1,4,0,3,1,0,1,0,0000000,4,8,4,22,4,59,0,0,0,1,1
34,340520,1,1,1,1,39,2630,21,12,2010,3,5,57,0,16,6,EAST 9TH ST,,0,40.61553333,-74.412566670,0,8,0,0,1,1,1,0,3,1,0,1,0,0000000,6,0,6,4,6,39,0,0,0,1,0