STATE,ST_CASE,VE_TOTAL,VE_FORMS,PEDS,PERSONS,COUNTY,CITY,DAY,MONTH,YEAR,DAY_WEEK,HOUR,MINUTE,NHS,ROAD_FNC,ROUTE,TWAY_ID,TWAY_ID2,MILEPT,LATITUDE,LONGITUD,SP_JUR,HARM_EV,MAN_COLL,RELJCT1,RELJCT2,TYP_INT,REL_ROAD,WRK_ZONE,LGT_COND,WEATHER1,WEATHER2,WEATHER,SCH_BUS,RAIL,NOT_HOUR,NOT_MIN,ARR_HOUR,ARR_MIN,HOSP_HR,HOSP_MN,CF1,CF2,CF3,FATALS,DRUNK_DR
34,340521,3,3,0,3,29,1505,13,12,2010,2,7,7,0,14,4,571,SAVANNAH RD,0,40.07935278,-74.378727780,0,12,1,0,2,3,1,0,1,10,0,10,0,0000000,99,99,99,99,99,99,0,0,0,1,0
34,340522,2,2,0,2,21,935,5,12,2010,1,1,31,0,14,4,643,,0,40.25108611,-74.807711110,0,12,2,0,1,1,1,0,3,1,0,1,0,0000000,1,31,1,36,88,88,0,0,0,2,1
34,340523,2,2,0,2,39,2900,12,10,2010,3,11,0,0,14,4,612,VINE ST,0,40.65889444,-74.272513890,0,12,6,0,2,3,1,0,1,1,0,1,0,0000000,11,2,11,5,11,30,0,0,0,1,0
34,340524,2,2,0,2,21,935,15,10,2010,6,12,40,1,13,3,SR-31,ROCKLEIGH RD,44,40.28486111,-74.783141670,0,12,6,0,2,2,1,0,1,1,0,1,0,0000000,12,37,12,45,12,59,0,0,0,1,0
34,340525,1,1,1,1,23,844,10,12,2010,6,17,51,0,13,4,529,,0,40.52479444,-74.414005560,0,8,0,0,1,1,1,0,3,1,0,1,0,0000000,17,52,18,7,88,88,0,0,0,1,0
34,340526,1,1,0,1,23,844,30,10,2010,7,15,50,0,14,4,602,,0,40.59727778,-74.387955560,0,30,0,0,1,1,5,0,1,1,0,1,0,0000000,99,99,99,99,88,88,0,0,0,1,0
34,340527,1,1,1,1,29,1590,14,9,2010,3,17,1,0,16,6,8TH STREET,,0,40.09794444,-74.217891670,0,8,0,0,1,1,1,0,1,1,0,1,0,0000000,99,99,99,99,99,99,0,0,0,1,0
34,340528,2,2,0,2,13,2130,30,12,2010,5,23,27,1,11,1,I-78,,556,40.71648611,-74.210263890,0,12,7,0,1,1,1,0,2,1,0,1,0,0000000,23,26,23,45,0,6,0,0,0,1,1
34,340529,1,1,0,1,35,3520,5,12,2010,1,5,16,1,11,1,I-78,,416,40.65693889,-74.442019440,0,35,0,0,1,1,4,0,3,1,0,1,0,0000000,5,16,5,31,88,88,0,0,0,1,1
34,340530,1,1,1,1,29,416,13,12,2010,2,19,47,0,13,4,549,,0,40.02355556,-74.144261110,0,8,0,0,1,1,1,0,3,1,0,1,0,0000000,20,8,20,36,20,57,0,0,0,1,0
34,340531,1,1,0,2,29,416,9,12,2010,5,1,40,0,13,4,632,,0,40.09215000,-74.115688890,0,42,0,0,1,1,4,0,2,1,0,1,0,0000000,1,43,1,46,2,3,0,0,0,1,1
34,340532,3,3,0,3,7,598,1,11,2010,2,13,30,0,14,3,SR-41,CHURCH ROAD,125,39.93340000,-74.989111110,0,12,6,0,2,2,1,0,1,1,0,1,0,0000000,13,32,13,46,14,9,0,0,0,1,0
34,340533,1,1,1,1,7,598,19,11,2010,6,18,51,0,13,4,561,CRANFORD ROAD,0,39.87368889,-75.002111110,0,8,0,0,3,2,1,0,3,1,0,1,0,0000000,18,51,19,2,19,13,0,0,0,1,0
34,340534,1,1,0,1,35,1081,25,10,2010,2,14,42,0,16,5,CANAL ROAD,,0,40.45178056,-74.589527780,0,35,0,0,1,1,4,0,1,1,0,1,0,0000000,14,49,15,11,15,34,0,0,0,1,0
34,340535,2,2,0,5,5,0,20,12,2010,2,18,58,1,13,4,530,,0,39.96611667,-74.680244440,0,12,2,0,1,1,1,0,2,1,0,1,0,0000000,18,59,19,7,19,37,0,0,0,1,0
34,340536,1,1,0,2,23,2970,7,9,2010,3,0,32,1,12,2,US-9,,1290,40.46327500,-74.295613890,0,1,0,0,1,1,1,0,2,1,0,1,0,0000000,99,99,99,99,99,99,0,0,0,1,1
34,340537,2,2,0,4,7,3521,1,10,2010,6,21,57,1,12,2,US-30,,183,39.77876111,-74.911222220,0,12,2,0,1,1,1,0,3,1,0,1,0,0000000,21,58,22,4,22,44,0,0,0,1,1
34,340538,1,1,1,1,3,1110,16,6,2010,4,12,29,0,16,6,PASSAIC STREET,MARSELLUS LPACE,0,40.86686111,-74.103680560,0,8,0,0,3,2,1,0,1,1,0,1,0,0000000,12,27,12,31,12,51,0,0,0,1,0
34,340539,2,2,0,2,13,2440,14,8,2010,7,20,32,0,13,4,508,SCOTLAND RD,0,40.76851667,-74.240733330,0,12,6,0,2,2,1,0,3,1,0,1,0,0000000,99,99,99,99,99,99,0,0,0,1,0
34,340540,1,1,0,1,31,3582,28,11,2010,1,0,11,0,6,5,CLINTON ROAD,,0,41.07784722,-74.444411110,0,25,0,0,1,1,4,0,2,1,0,1,0,0000000,99,99,99,99,88,88,0,0,0,1,1
34,340541,2,2,0,3,31,3582,9,11,2010,3,23,6,1,13,3,SR-23,,188,41.01839722,-74.398338890,0,35,0,0,1,1,4,0,3,1,0,1,0,0000000,23,11,23,23,23,46,0,0,0,1,1
34,340542,1,1,0,2,31,3582,1,12,2010,4,9,38,0,14,4,693,,0,41.07695833,-74.389327780,0,16,0,0,1,1,1,0,1,2,0,2,0,0000000,9,42,9,58,10,43,0,0,0,1,0
34,340544,1,1,1,1,17,1520,16,9,2010,5,11,0,0,14,6,NEWARK AVE,,0,40.73534722,-74.062947220,0,8,0,0,1,1,1,0,1,1,0,1,0,0000000,99,99,99,99,99,99,0,0,0,1,0
34,340545,1,1,1,3,39,860,6,8,2010,6,21,17,1,13,2,US-1&9,EAST GRAND ST,445,40.66550278,-74.204963890,0,8,0,0,2,2,1,0,3,1,0,1,0,0000000,99,99,99,99,99,99,0,0,0,1,0
34,340546,1,1,0,1,39,860,24,7,2010,7,23,49,0,16,6,SOUTH FRONT ST,,0,40.63961944,-74.197797220,0,1,0,0,99,9,99,0,3,1,0,1,0,0000000,99,99,99,99,99,99,0,0,0,1,0
34,340547,3,3,0,3,35,1417,14,12,2010,3,9,32,0,14,4,514,,140,40.49693056,-74.613175000,0,12,1,0,1,1,1,0,1,1,0,1,0,0000000,9,32,9,37,10,15,0,0,0,1,0
34,340548,1,1,1,2,13,2130,6,11,2010,7,1,47,0,15,6,AVON AVE,SOUTH 17TH ST,0,40.72805556,-74.212238890,0,8,0,0,2,2,1,0,3,1,0,1,0,0000000,1,55,1,59,88,88,19,20,0,1,0
34,340549,1,1,0,4,1,0,25,7,2010,1,5,26,0,4,4,559,,247,39.57446944,-74.782819440,0,59,0,0,1,1,4,0,4,1,0,1,0,0000000,5,30,5,34,88,88,0,0,0,1,0
34,340550,1,1,1,2,23,2208,13,12,2010,2,12,17,1,13,2,US-1,NORTH OAK BLVD,237,40.45822222,-74.471802780,0,8,0,0,3,3,1,0,1,1,0,1,0,0000000,12,18,12,22,88,88,0,0,0,1,0
34,340551,1,1,1,1,13,2130,17,12,2010,6,10,4,0,16,6,SPRINGDALE AVENUE,,0,40.77660833,-74.213397220,0,8,0,0,1,1,5,0,1,1,0,1,0,0000000,10,10,10,24,10,50,20,0,0,1,0
34,340552,1,1,0,2,13,2130,13,12,2010,2,11,15,0,16,6,SCHLEY ST,,0,40.71659167,-74.220113890,0,5,0,0,1,1,1,0,1,1,0,1,0,0000000,99,99,99,99,99,99,0,0,0,1,0
34,340553,1,1,1,1,13,2130,7,11,2010,1,0,9,1,13,2,US-1&9,,5,40.70296667,-74.184316670,0,8,0,0,1,1,1,0,3,1,0,1,0,0000000,0,18,0,24,0,46,0,0,0,1,0
34,340554,1,1,1,1,23,2140,9,12,2010,5,11,8,1,13,3,SR-18,GEORGES ST,414,40.50332500,-74.447716670,0,9,0,1,3,3,1,0,1,1,0,1,0,0000000,11,10,11,20,88,88,0,0,0,1,0
35,350001,2,2,0,2,47,480,3,1,2010,1,16,25,0,13,3,SR-518 SEVENTH STREET,LEGION DRIVE,0,35.61823333,-105.225419440,0,12,6,0,2,2,1,0,1,1,0,1,0,0000000,99,99,99,99,99,99,0,0,0,1,0
35,350002,2,2,0,3,27,0,3,1,2010,1,6,55,1,2,2,US-54,,12500,34.26012500,-105.585652780,0,12,2,0,1,1,1,0,1,1,0,1,0,0000000,99,99,99,99,99,99,0,0,0,1,0
35,350003,1,1,0,2,25,410,15,1,2010,6,15,45,0,3,3,SR-71 E ALABAMA STREET,,0,32.79838611,-103.096733330,0,1,0,0,1,1,5,0,1,1,0,1,0,0000000,99,99,99,99,99,99,0,0,0,1,1
35,350004,1,1,0,1,45,0,14,1,2010,5,18,40,1,2,8,IR 5,,1790,36.47053333,-108.568630560,3,35,0,0,1,1,4,0,5,1,0,1,0,0000000,99,99,99,99,88,88,0,0,0,1,0
35,350005,2,2,0,2,25,0,15,1,2010,6,14,4,1,2,3,SR-18,,6730,32.87100833,-103.289336110,0,12,1,0,1,1,1,0,1,1,0,1,0,0000000,99,99,99,99,99,99,0,0,0,1,0
35,350006,2,2,0,4,5,0,28,3,2010,1,7,5,1,2,2,US-380,,16580,33.36895833,-104.853944440,0,12,2,0,1,1,1,0,1,1,0,1,0,0000000,99,99,99,99,99,99,0,0,0,3,0
35,350007,1,1,0,4,57,0,12,3,2010,6,16,20,1,1,1,I-40,,19640,35.00476111,-106.011458330,0,1,0,0,1,1,1,0,1,1,0,1,0,0000000,99,99,99,99,99,99,0,0,0,1,0
35,350008,3,3,0,4,15,0,15,3,2010,2,23,31,1,2,2,US-62,SR-31,4750,32.52228333,-103.974094440,0,12,1,0,2,3,1,0,3,1,0,1,0,0000000,99,99,99,99,99,99,0,0,0,1,0
35,350009,1,1,0,3,13,0,6,1,2010,4,14,55,1,1,1,I-10,,11330,32.28016667,-106.894913890,0,1,0,0,1,1,3,0,1,1,0,1,0,0000000,99,99,99,99,99,99,0,0,0,1,0
35,350010,2,2,0,3,1,30,12,1,2010,3,16,18,0,13,6,CARMONY,ALEXANDER,0,35.12763056,-106.623700000,0,12,6,1,2,2,1,0,1,1,0,1,0,0000000,99,99,99,99,99,99,0,0,0,1,2
35,350011,1,1,0,5,43,677,9,1,2010,7,21,46,0,13,6,UNSER BLVD.,,0,35.23405278,-106.696386110,0,1,0,0,1,1,4,0,2,1,0,1,0,0000000,99,99,99,99,99,99,0,0,0,2,0
35,350012,2,2,0,3,5,670,20,2,2010,7,10,55,0,13,2,US-285 MAIN,MESCALERO,0,33.43057778,-104.523022220,0,12,6,0,2,2,1,0,1,1,0,1,0,0000000,99,99,99,99,99,99,0,0,0,1,0
35,350013,1,1,0,2,37,421,27,3,2010,7,10,0,0,2,4,CR-27 QUAY RD 27,,0,34.64768333,-103.812561110,0,1,0,0,1,1,4,0,1,1,0,1,0,0000000,99,99,99,99,99,99,0,0,0,1,0
35,350014,1,1,0,2,47,0,3,2,2010,4,12,26,1,2,3,SR-3,,6870,35.04222500,-105.440683330,0,59,0,0,1,1,3,0,1,4,0,4,0,0000000,99,99,99,99,99,99,0,0,0,1,0
35,350015,1,1,0,1,1,30,20,1,2010,4,21,58,0,13,6,IRVING BLVD NW,CARDINAL NW,0,35.19625556,-106.674927780,0,33,0,1,3,1,3,0,3,1,0,1,0,0000000,99,99,99,99,99,99,0,0,0,1,0
35,350016,2,2,0,4,45,741,23,2,2010,3,16,25,1,2,2,US-491,,4700,36.14279722,-108.707313890,3,12,2,0,1,1,1,0,1,1,0,1,0,0000000,99,99,99,99,88,88,0,0,0,4,0
35,350017,2,2,0,4,9,190,13,2,2010,7,13,35,0,13,4,CURRY ROAD G,SR-523,0,34.41936667,-103.143236110,0,12,6,1,2,2,1,0,1,1,0,1,0,0000000,99,99,99,99,99,99,0,0,0,1,0
35,350018,1,1,0,1,57,605,14,3,2010,1,11,3,0,2,5,HOWEL ROAD,,0,34.97189167,-106.061872220,0,1,0,0,1,1,4,0,1,1,0,1,0,0000000,99,99,99,99,99,99,0,0,0,1,0
35,350019,1,1,0,1,49,0,28,1,2010,5,21,42,0,9,3,SR-591 CR-73,,0,35.75570833,-105.934380560,0,42,0,0,1,1,6,0,2,4,0,4,0,0000000,99,99,99,99,88,88,0,0,0,1,1
35,350020,2,2,0,2,45,335,18,1,2010,2,16,7,1,2,8,IR-36,,1740,36.55000556,-108.579616670,3,12,2,0,1,1,1,0,1,1,0,1,0,0000000,99,99,99,99,99,99,0,0,0,1,0
35,350021,2,2,0,6,61,530,31,1,2010,1,13,25,0,9,5,MEADOWLAKE ROAD,,0,34.79766389,-106.631327780,0,12,2,0,1,1,1,0,1,1,0,1,0,0000000,99,99,99,99,99,99,0,0,0,1,0
35,350022,2,2,0,5,25,0,28,1,2010,5,16,40,1,2,2,US-380,,20710,33.39175000,-103.711194440,0,12,8,0,1,1,1,0,1,3,0,3,0,0000000,99,99,99,99,99,99,0,0,0,1,0
35,350023,2,2,0,5,31,880,1,1,2010,6,0,7,1,2,3,SR-53,,450,35.02001667,-109.046172220,3,12,2,0,1,1,1,0,2,1,0,1,0,0000000,99,99,99,99,99,99,0,0,0,2,2
35,350024,1,1,1,1,1,0,7,1,2010,5,22,3,0,9,3,SR-333,,0,35.08002222,-106.396666670,0,8,0,0,1,1,1,0,2,1,0,1,0,0000000,99,99,99,99,88,88,0,0,0,1,0
35,350025,1,1,0,3,1,0,6,3,2010,7,2,30,1,1,1,I-40,,13900,35.03449444,-106.933363890,0,24,0,0,1,1,4,0,2,1,0,1,0,0000000,99,99,99,99,99,99,0,0,0,1,1
35,350026,2,2,0,3,1,0,3,2,2010,4,9,44,0,9,3,SR-14,,860,35.08543056,-106.380530560,0,12,6,1,18,1,1,0,1,4,0,4,0,0000000,99,99,99,99,99,99,0,0,0,1,0
35,350027,1,1,0,1,35,154,21,2,2010,1,2,20,0,2,5,LUNA,,0,36.64452500,-103.736772220,0,30,0,0,1,1,4,0,2,1,0,1,0,0000000,99,99,99,99,88,88,0,0,0,1,1
35,350028,1,1,0,1,61,100,13,2,2010,7,21,42,0,13,6,MESA ROAD,,0,34.66604167,-106.785822220,0,1,0,0,1,1,1,0,3,1,0,1,0,0000000,99,99,21,52,99,99,0,0,0,1,0
35,350029,1,1,0,3,1,30,24,2,2010,4,6,37,0,19,6,SAN YGNACIO SW,,0,35.06210833,-106.711663890,0,34,0,0,1,1,6,0,2,1,0,1,0,0000000,99,99,99,99,88,88,0,0,0,1,1
35,350030,3,3,0,3,1,30,26,2,2010,6,13,42,1,11,1,I-40,,0,35.10755278,-106.651838890,0,12,1,0,1,1,1,0,1,1,0,1,0,0000000,99,99,99,99,99,99,0,0,0,1,0
35,350031,1,1,0,3,13,0,1,3,2010,2,3,54,1,1,1,I-10,,16175,32.24075556,-107.200641670,0,26,0,0,1,1,3,0,2,1,0,1,0,0000000,99,99,99,99,99,99,0,0,0,1,1
35,350032,1,1,0,1,41,640,16,3,2010,3,20,30,0,2,3,SR-267,ROOSEVELT ROAD V,0,34.18553611,-103.404608330,0,38,0,0,2,3,5,0,2,1,0,1,0,0000000,99,99,99,99,88,88,0,0,0,1,1
35,350033,1,1,0,1,13,0,21,3,2010,1,14,40,1,2,3,SR-185,,2120,32.31636944,-106.798611110,0,24,0,0,1,1,6,0,1,1,0,1,0,0000000,99,99,99,99,88,88,0,0,0,1,0
35,350034,1,1,0,1,25,0,20,3,2010,7,7,0,1,2,2,US-62,,9890,32.66950833,-103.440141670,0,38,0,0,1,1,6,0,1,1,0,1,0,0000000,99,99,99,99,88,88,0,0,0,1,1
35,350035,1,1,1,1,1,30,22,3,2010,2,16,49,0,13,6,PASEO DEL NORTE,,0,35.17900000,-106.696558330,0,35,0,0,1,1,6,0,1,1,0,1,0,0000000,99,99,99,99,99,99,0,0,0,1,0
35,350036,2,2,0,3,25,410,16,4,2010,6,23,49,1,13,2,US-62 MARLAND,SR-18 DAL PASO,0,32.69660000,-103.127802780,0,12,6,0,2,2,1,0,3,1,0,1,0,0000000,99,99,99,99,99,99,0,0,0,1,1
35,350037,4,2,0,3,45,310,7,5,2010,6,20,46,0,13,6,EAST 20TH STREET,,0,36.74830556,-108.178852780,0,33,0,1,8,1,3,0,3,1,0,1,0,0000000,99,99,99,99,99,99,0,0,0,1,1
35,350038,1,1,0,1,53,0,30,5,2010,1,19,12,1,1,1,I-25,,11115,33.92576944,-106.879977780,0,1,0,0,1,1,4,0,1,1,0,1,0,0000000,99,99,99,99,88,88,0,0,0,1,1
35,350039,2,2,0,6,29,0,1,5,2010,7,17,49,1,2,3,SR-549,,895,32.25396667,-107.657775000,0,12,1,0,7,1,1,0,1,1,0,1,0,0000000,99,99,99,99,99,99,0,0,0,1,0
35,350040,1,1,0,2,17,599,15,1,2010,6,16,20,1,2,3,SR-35,,1010,32.84043889,-107.963075000,0,42,0,0,1,1,4,0,1,1,0,1,0,0000000,99,99,99,99,99,99,0,0,0,1,1
35,350041,1,1,1,1,15,130,4,2,2010,5,21,45,0,13,6,MAIN STREET,,0,32.42025556,-104.226694440,0,8,0,0,1,1,1,0,3,1,0,1,0,0000000,99,99,99,99,99,99,0,0,0,1,0
35,350042,2,2,0,2,9,0,5,5,2010,4,20,22,0,2,3,SR-209,COUNTY ROAD 22,1280,34.57951667,-103.196811110,0,12,6,0,2,2,1,0,2,1,0,1,0,0000000,99,99,99,99,99,99,0,0,0,1,0
35,350044,1,1,1,2,17,43,7,5,2010,6,8,23,1,2,2,US-180,,11810,32.78114167,-108.193188890,0,8,0,0,4,1,1,0,1,1,0,1,0,0000000,99,99,99,99,88,88,0,0,0,1,0
35,350045,1,1,0,4,25,0,7,5,2010,6,19,50,1,2,3,SR-18,,6200,32.87100833,-103.289250000,0,1,0,0,1,1,4,0,3,1,0,1,0,0000000,99,99,99,99,99,99,0,0,0,1,0
35,350046,1,1,0,1,17,0,7,5,2010,6,20,45,1,2,2,US-180,,11980,32.51714444,-108.001100000,0,59,0,0,1,1,3,0,2,1,0,1,0,0000000,99,99,99,99,99,99,0,0,0,1,1
35,350047,1,1,0,3,25,0,15,5,2010,7,12,25,1,2,3,SR-18,,6420,32.59129722,-103.128061110,0,1,0,0,1,1,4,0,1,1,0,1,0,0000000,99,99,99,99,99,99,0,0,0,2,1
35,350048,1,1,0,3,9,0,13,5,2010,5,8,59,1,2,4,CURRY ROAD 6,,0,34.55200556,-103.133091670,0,32,0,0,1,1,4,0,1,1,0,1,0,0000000,99,99,99,99,99,99,0,0,0,1,0
35,350049,1,1,0,1,35,9997,16,5,2010,1,0,30,1,2,5,WHITEMARSH VALLEY DRIVE,PLEASANT VALLEY DRIVE,0,32.63312222,-105.694647220,0,31,0,0,2,2,5,0,2,1,0,1,0,0000000,99,99,99,99,99,99,0,0,0,1,1
35,350050,1,1,0,2,57,0,27,2,2010,7,18,3,1,2,3,SR-41,,395,34.62353333,-106.061325000,0,38,0,0,1,1,6,0,1,1,0,1,0,0000000,99,99,99,99,99,99,0,0,0,1,1
35,350051,2,2,0,3,31,0,6,3,2010,7,18,53,1,2,2,US-491,,590,35.52754722,-108.760100000,0,12,6,1,4,1,1,0,3,1,0,1,0,0000000,99,99,99,99,99,99,0,0,0,1,0
35,350052,1,1,0,6,19,0,13,3,2010,7,7,5,1,1,1,I-40,,24800,35.03034722,-104.412430560,0,1,0,0,1,1,3,0,1,6,0,6,0,0000000,99,99,99,99,99,99,0,0,0,1,0
35,350053,1,1,0,4,37,0,12,3,2010,6,1,49,1,1,1,I-40,,32780,35.07974167,-104.125155560,0,1,0,0,1,1,3,0,3,1,0,1,0,0000000,99,99,99,99,99,99,0,0,0,1,0
35,350054,3,3,0,6,49,0,2,4,2010,6,11,57,1,2,2,US-84,,18270,36.00043889,-106.086044440,0,12,6,0,1,1,1,0,1,1,0,1,0,0000000,99,99,99,99,99,99,0,0,0,3,1
35,350055,1,1,0,1,1,30,28,3,2010,1,13,15,0,13,6,TOWNER AVENUE,COLLETT STREET,0,35.10797222,-106.518202780,0,1,0,0,3,3,1,0,1,1,0,1,0,0000000,99,99,99,99,99,99,0,0,0,1,0
35,350056,2,2,0,2,39,3,19,1,2010,3,21,40,1,2,2,US-84,,20400,36.20944722,-106.320361110,0,12,2,0,1,1,1,0,2,1,0,1,0,0000000,99,99,99,99,88,88,0,0,0,2,1
35,350057,4,4,0,5,13,470,7,5,2010,6,20,29,1,2,2,US-70,,15450,32.24997500,-107.145538890,0,12,98,0,1,1,1,0,2,1,0,1,0,0000000,99,99,99,99,99,99,0,0,0,2,1
35,350058,3,3,0,3,19,0,21,1,2010,5,23,45,1,2,2,US-84,,3890,34.70542222,-104.414233330,0,12,2,0,1,1,1,0,2,1,0,1,0,0000000,99,99,99,99,99,99,0,0,0,1,0
35,350059,1,1,0,2,25,0,29,1,2010,6,23,0,1,2,4,CR-126,CR-125,0,32.77031667,-103.638152780,0,43,0,0,3,3,5,0,2,1,0,1,0,0000000,99,99,99,99,99,99,0,0,0,1,1
35,350060,2,2,0,2,31,0,17,5,2010,2,6,48,1,1,1,I-40,,4850,35.41045833,-108.281677780,0,12,11,0,1,1,1,0,1,1,0,1,0,0000000,99,99,99,99,99,99,0,0,0,1,0
35,350061,1,1,0,1,17,0,24,5,2010,2,14,32,1,1,1,I-10,,4960,32.31223611,-108.607405560,0,1,0,1,18,1,3,0,1,1,0,1,0,0000000,99,99,99,99,99,99,0,0,0,1,0
35,350062,2,2,0,2,25,0,27,5,2010,5,9,33,1,2,3,SR-176,,770,32.49325833,-103.447522220,0,12,2,0,1,1,1,0,1,1,0,1,0,0000000,99,99,99,99,99,99,0,0,0,1,0
35,350063,2,2,0,2,43,677,29,3,2010,2,20,31,1,13,3,SR-528,RIDGECREST,0,35.25318889,-106.648063890,0,12,6,0,2,2,1,0,3,1,0,1,0,0000000,99,99,99,99,99,99,0,0,0,1,0
35,350064,1,1,0,3,59,0,7,2,2010,1,22,15,1,2,2,US-64,,38860,36.64473333,-103.737202780,0,1,0,0,1,1,4,1,2,4,0,4,0,0000000,99,99,99,99,99,99,0,0,0,1,1
35,350065,2,2,0,3,1,30,6,4,2010,3,11,3,0,13,6,QUAIL RD,COORS BLVD,0,35.11520556,-106.701708330,0,33,0,0,3,2,10,0,1,1,0,1,0,0000000,99,99,99,99,99,99,20,0,0,2,0
35,350066,2,2,0,3,1,30,10,4,2010,7,10,6,0,13,6,CANDELARIA RD,PALOMAS AVE,0,35.11597778,-106.613044440,0,12,6,0,2,2,1,0,1,1,0,1,0,0000000,99,99,99,99,99,99,0,0,0,1,0
35,350067,1,1,0,1,1,30,30,4,2010,6,11,27,0,13,6,LOUISIANA BLVD,,0,35.07327778,-106.571502780,0,26,0,0,1,1,4,0,1,1,0,1,0,0000000,99,99,99,99,99,99,0,0,0,1,0
35,350068,3,3,0,7,27,0,23,5,2010,1,15,20,1,2,2,US-54,,10340,33.38952778,-106.073769440,0,12,8,0,1,1,1,0,1,1,0,1,0,0000000,99,99,99,99,99,99,0,0,0,2,0
35,350069,2,2,0,3,45,617,20,3,2010,7,0,10,1,2,2,US-491,,4350,36.35916667,-108.720961110,0,12,2,0,1,1,1,0,2,1,0,1,0,0000000,99,99,99,99,99,99,0,0,0,1,1
35,350070,3,3,0,5,13,34,21,1,2010,5,21,12,0,13,6,SANDIA DRIVE,ACOSTA DRIVE,0,32.01011389,-106.608580560,0,12,8,0,3,3,1,0,2,1,0,1,0,0000000,99,99,99,99,99,99,0,0,0,1,1
35,350071,1,1,0,1,35,585,21,1,2010,5,15,35,1,2,8,OLD RD.,,0,33.15681111,-105.788727780,3,1,0,0,1,1,4,0,1,2,0,2,0,0000000,99,99,99,99,99,99,0,0,0,1,1
35,350072,2,1,1,2,1,30,24,2,2010,4,9,40,0,13,6,LAS LOMAS RD,,0,35.08845000,-106.634675000,0,14,0,1,5,1,8,0,1,1,0,1,0,0000000,99,99,99,99,99,99,0,0,0,1,1
35,350073,5,5,0,15,49,710,5,3,2010,6,20,57,0,13,6,CERRILLOS RD,CRISTOS RD,0,35.63029722,-106.022641670,0,12,1,0,3,2,1,0,3,1,0,1,0,0000000,99,99,99,99,99,99,0,0,0,2,1
35,350074,2,2,0,2,1,30,14,3,2010,1,3,56,1,1,1,I-40,,25,35.10755278,-106.655961110,0,12,7,1,18,1,1,0,3,1,0,1,0,0000000,99,99,99,99,99,99,0,0,0,1,0
35,350075,1,1,0,5,9,190,20,3,2010,7,1,45,0,13,6,MABRY,,0,34.39664167,-103.183936110,0,42,0,0,1,1,5,0,2,4,0,4,0,0000000,99,99,99,99,99,99,0,0,0,1,0
35,350076,2,2,0,4,1,30,28,3,2010,1,18,42,0,13,6,MENAUL BLVD,AMBASSADOR DR,0,35.10906111,-106.544388890,0,12,6,0,2,3,1,0,3,1,0,1,0,0000000,99,99,99,99,99,99,0,0,0,2,1
35,350077,2,2,0,3,1,30,31,3,2010,4,21,53,0,13,6,TRAMWAY BLVD,I-40,0,35.06990833,-106.500091670,0,12,6,1,2,9,1,0,3,1,0,1,0,0000000,99,99,99,99,99,99,0,0,0,1,1
35,350078,1,1,1,2,45,0,21,4,2010,4,5,35,1,2,2,US-64,,0,36.70063056,-108.042038890,0,8,0,0,1,1,1,0,2,1,0,1,0,0000000,99,99,99,99,99,99,0,0,0,1,0
35,350079,1,1,1,4,29,230,24,4,2010,7,0,14,1,1,1,I-10,,7960,32.26659722,-107.790900000,0,8,0,0,1,1,1,0,2,1,0,1,0,0000000,99,99,99,99,99,99,0,0,0,1,0
35,350080,1,1,0,2,31,804,26,4,2010,2,13,55,1,1,1,I-40,,5550,35.42479722,-108.316527780,0,24,0,0,1,1,4,1,1,1,0,1,0,0000000,99,99,99,99,99,99,0,0,0,1,0
35,350081,1,1,1,2,55,780,1,6,2010,3,7,0,0,13,3,SR-68 PASEO DEL PUEBLO SUR,CERVANTES,0,36.39323611,-105.581102780,0,8,0,0,3,2,1,0,1,1,0,1,0,0000000,99,99,99,99,99,99,0,0,0,1,0
35,350082,2,2,0,2,31,642,5,6,2010,7,10,52,1,1,1,I-40,,6640,35.39016944,-108.193444440,0,12,1,0,1,1,2,0,1,1,0,1,0,0000000,99,99,99,99,99,99,0,0,0,1,0
35,350083,1,1,0,1,29,230,1,5,2010,7,23,56,0,13,3,SR-148 SOLANA,LUCCA,0,32.22498333,-107.785536110,0,1,0,0,3,2,5,0,2,1,0,1,0,0000000,99,99,99,99,99,99,0,0,0,1,1
35,350084,2,2,0,2,45,0,24,6,2010,5,9,0,1,2,8,IR-36,,2810,34.94448889,-108.687744440,0,12,1,0,1,1,1,0,1,1,0,1,0,0000000,99,99,99,99,99,99,0,0,0,1,0
35,350085,1,1,0,1,23,0,6,6,2010,1,20,26,1,2,3,SR-338,,1250,32.07443056,-108.875113890,0,1,0,0,1,1,5,0,5,1,0,1,0,0000000,99,99,99,99,99,99,0,0,0,1,0
35,350086,1,1,0,1,13,0,3,6,2010,5,17,7,1,1,1,I-25,,4530,32.78005833,-107.259436110,0,35,0,0,1,1,5,0,1,1,0,1,0,0000000,99,99,99,99,99,99,0,0,0,1,1
35,350087,2,2,0,3,53,0,16,6,2010,4,13,0,1,1,1,I-25,,16430,33.92570000,-106.879719440,0,12,2,1,18,1,1,0,1,6,0,6,0,0000000,99,99,99,99,99,99,0,0,0,1,0
35,350088,2,2,0,4,5,390,18,3,2010,5,7,55,0,2,5,LINCOLN ROAD,CHICKSAW ROAD,0,33.13955000,-104.370797220,0,12,6,0,2,2,1,0,1,5,0,5,0,0000000,99,99,99,99,99,99,0,0,0,1,0