STATE,ST_CASE,VE_TOTAL,VE_FORMS,PEDS,PERSONS,COUNTY,CITY,DAY,MONTH,YEAR,DAY_WEEK,HOUR,MINUTE,NHS,ROAD_FNC,ROUTE,TWAY_ID,TWAY_ID2,MILEPT,LATITUDE,LONGITUD,SP_JUR,HARM_EV,MAN_COLL,RELJCT1,RELJCT2,TYP_INT,REL_ROAD,WRK_ZONE,LGT_COND,WEATHER1,WEATHER2,WEATHER,SCH_BUS,RAIL,NOT_HOUR,NOT_MIN,ARR_HOUR,ARR_MIN,HOSP_HR,HOSP_MN,CF1,CF2,CF3,FATALS,DRUNK_DR
35,350090,2,2,1,3,49,795,30,1,2010,7,6,30,1,2,2,US-84-285,,17450,35.85121389,-105.996008330,0,8,0,0,1,1,1,0,3,5,0,5,0,0000000,99,99,99,99,99,99,0,0,0,1,0
35,350091,1,1,0,1,49,0,28,4,2010,4,23,36,1,2,7,ENTRADA LA CIENEGA,,0,35.55192222,-106.118144440,0,35,0,0,1,1,3,0,2,1,0,1,0,0000000,99,99,99,99,99,99,0,0,0,1,1
35,350092,1,1,0,1,45,0,2,5,2010,1,0,28,1,2,4,CR-6480,CR-6200,0,36.75827778,-108.279533330,0,35,0,0,3,3,6,0,3,1,0,1,0,0000000,99,99,99,99,99,99,0,0,0,1,1
35,350093,1,1,1,1,61,530,3,5,2010,2,20,49,1,2,3,SR-6,,0,34.78032500,-106.963319440,0,9,0,0,1,1,1,0,3,1,0,1,0,0000000,99,99,99,99,99,99,0,0,0,1,0
35,350094,1,1,0,1,5,0,3,5,2010,2,16,34,1,2,2,US-285,,12270,33.13467500,-104.444702780,0,1,0,0,1,1,5,0,1,1,0,1,0,0000000,99,99,99,99,99,99,0,0,0,1,1
35,350095,1,1,1,1,1,30,6,5,2010,5,20,45,0,13,6,CENTRAL AVE,ALVARADO DR,0,35.07714167,-106.582144440,0,8,0,0,2,2,1,0,3,1,0,1,0,0000000,99,99,99,99,99,99,0,0,0,1,0
35,350096,1,1,0,1,6,5,9,5,2010,1,2,23,1,2,1,I-40,,10285,35.03878056,-107.490491670,0,1,0,0,1,1,3,0,2,1,0,1,0,0000000,99,99,99,99,99,99,0,0,0,1,1
35,350097,2,2,0,2,1,30,15,5,2010,7,4,40,0,13,6,TRAMWAY BLVD,SPAIN RD,0,35.14503889,-106.498288890,0,12,6,0,2,2,1,0,3,1,0,1,0,0000000,99,99,99,99,99,99,0,0,0,1,1
35,350098,1,1,1,1,1,30,16,5,2010,1,4,35,0,13,6,DELLYNE AVE,,0,35.14538889,-106.712780560,0,8,0,0,1,1,1,0,3,1,0,1,0,0000000,99,99,99,99,99,99,0,0,0,1,0
35,350099,1,1,1,2,1,30,15,5,2010,7,20,35,0,13,6,CENTRAL AVE,FIGUEROA ST,0,35.06920556,-106.508588890,0,8,0,0,3,3,1,0,3,1,0,1,0,0000000,99,99,99,99,99,99,0,0,0,1,0
35,350100,1,1,0,2,1,0,19,5,2010,4,2,16,1,1,1,I-40,,13370,35.03280833,-106.942977780,0,1,0,0,1,1,3,0,2,1,0,1,0,0000000,99,99,99,99,99,99,0,0,0,1,1
35,350101,1,1,0,3,45,714,25,5,2010,3,2,5,1,2,8,IR-5012,,0,36.42634722,-108.881741670,3,1,0,0,1,1,4,0,2,1,0,1,0,0000000,99,99,99,99,99,99,0,0,0,1,1
35,350102,2,2,0,2,15,0,11,6,2010,6,13,49,1,2,3,SR-529,,200,32.79931389,-103.815136110,0,12,2,0,1,1,1,0,1,1,0,1,0,0000000,99,99,99,99,99,99,0,0,0,2,0
35,350103,1,1,1,1,45,310,15,6,2010,3,21,32,0,13,6,N. HUTTON AVE,,0,36.75422222,-108.171558330,0,8,0,0,1,1,1,0,2,1,0,1,0,0000000,99,99,99,99,99,99,0,0,0,1,0
35,350104,2,2,0,2,39,406,22,6,2010,3,15,11,1,2,2,US-84,,19460,36.11215278,-106.155997220,0,24,0,0,1,1,4,0,1,1,0,1,0,0000000,99,99,99,99,99,99,0,0,0,1,0
35,350105,1,1,0,2,23,0,23,6,2010,4,11,45,1,1,1,I-10,,1420,32.22739722,-109.048491670,0,1,0,0,1,1,3,0,1,1,0,1,0,0000000,99,99,99,99,99,99,0,0,0,1,0
35,350106,1,1,2,3,13,470,28,6,2010,2,21,44,0,13,3,SR-101 UNIVERSITY AVE,EL PASO RD,0,32.28304722,-106.761644440,0,8,0,0,3,2,1,0,3,1,0,1,0,0000000,99,99,99,99,99,99,0,0,0,1,1
35,350107,1,1,0,5,5,0,4,7,2010,1,16,30,1,2,2,US-380,,18580,33.35081944,-105.139847220,0,1,0,0,1,1,3,0,1,1,0,1,0,0000000,99,99,99,99,99,99,0,0,0,1,0
35,350108,2,2,0,2,45,0,18,7,2010,1,13,36,1,2,3,SR-170,,1010,36.86657500,-108.205033330,0,12,2,0,1,1,1,0,1,1,0,1,0,0000000,99,99,99,99,99,99,0,0,0,1,1
35,350109,1,1,0,1,25,0,10,6,2010,5,9,0,1,2,2,US-62,,6350,32.66958056,-103.440141670,0,43,0,0,6,1,1,0,1,1,0,1,0,9999999,99,99,99,99,88,88,0,0,0,1,0
35,350110,1,1,0,3,23,500,25,6,2010,6,11,0,1,2,2,US-70,,2800,32.34320278,-108.681650000,0,1,0,0,1,1,2,0,1,1,0,1,0,0000000,99,99,99,99,99,99,0,0,0,1,0
35,350111,1,1,0,2,31,880,22,4,2010,5,7,9,1,2,8,ROUTE 4,,0,34.99070000,-109.005402780,3,24,0,0,1,1,4,0,4,4,0,4,0,0000000,99,99,99,99,99,99,0,0,0,1,0
35,350112,1,1,0,1,33,0,3,6,2010,5,20,15,1,1,1,I-25,,36950,36.01161667,-104.706402780,0,1,0,1,18,1,4,0,2,1,0,1,0,0000000,99,99,99,99,99,99,0,0,0,1,1
35,350113,2,2,0,3,15,0,10,6,2010,5,13,33,1,2,2,US-285,PEARSON ROAD,7800,32.50983889,-104.387350000,0,12,6,0,2,2,1,0,1,1,0,1,0,0000000,99,99,99,99,99,99,0,0,0,1,0
35,350114,1,1,0,7,37,0,14,6,2010,2,17,47,1,1,1,I-40,,34870,35.09315556,-104.070569440,0,1,0,1,18,1,2,0,1,1,0,1,0,0000000,99,99,99,99,99,99,0,0,0,1,0
35,350115,1,1,0,1,47,0,26,6,2010,7,15,12,1,2,3,SR-104,,3610,35.30069722,-104.299136110,0,1,0,0,1,1,3,0,1,1,0,1,0,0000000,99,99,99,99,99,99,0,0,0,1,1
35,350116,1,1,0,1,49,710,29,6,2010,3,19,38,1,2,3,SR-475,,400,35.69759444,-105.909747220,0,42,0,0,1,1,3,0,2,1,0,1,0,0000000,99,99,99,99,99,99,0,0,0,1,1
35,350117,2,2,0,3,61,100,26,6,2010,7,19,30,1,11,1,I-25,314 BYPASS,0,34.60467222,-106.787280560,0,12,6,1,2,2,1,0,1,1,0,1,0,0000000,99,99,99,99,99,99,0,0,0,1,0
35,350118,2,2,0,2,1,30,9,6,2010,4,17,40,0,13,6,CENTRAL AVE,SOLANO DR,0,35.07960000,-106.602402780,0,12,6,0,3,2,1,0,1,1,0,1,0,0000000,99,99,99,99,99,99,0,0,0,1,1
35,350119,1,1,0,1,23,0,15,3,2010,2,16,0,1,1,1,I-10,,500,32.22267778,-108.457288890,0,1,0,0,1,1,4,0,1,1,0,1,0,0000000,99,99,99,99,99,99,0,0,0,1,0
35,350120,2,2,0,3,1,30,17,6,2010,5,10,50,0,13,3,SR-423 PASEO DEL NORTE BLVD,EAGLE RANCH RD,0,35.18131389,-106.674841670,0,12,6,0,2,2,1,0,1,1,0,1,0,0000000,99,99,99,99,99,99,0,0,0,1,0
35,350121,2,2,0,3,6,360,12,7,2010,2,2,0,1,1,1,I-40,,8500,35.15640833,-107.879477780,0,12,1,0,1,1,1,0,3,1,0,1,0,0000000,99,99,99,99,99,99,0,0,0,1,1
35,350122,1,1,0,4,7,0,8,7,2010,5,14,50,1,1,1,I-25,,41005,36.21838056,-104.658594440,0,1,0,0,1,1,4,0,1,1,0,1,0,0000000,99,99,99,99,99,99,0,0,0,1,0
35,350123,1,1,0,5,37,0,13,7,2010,3,7,26,1,1,1,I-40,,32310,35.07974167,-104.125500000,0,1,0,0,1,1,4,0,1,1,0,1,0,0000000,99,99,99,99,99,99,0,0,0,1,0
35,350124,1,1,0,1,17,0,13,7,2010,3,20,15,1,2,3,SR-35,,940,32.84036667,-107.963591670,0,42,0,0,1,1,5,0,2,1,0,1,0,0000000,99,99,99,99,99,99,0,0,0,1,1
35,350125,1,1,0,1,35,0,17,7,2010,7,15,30,1,2,2,US-70,,25450,33.33375556,-105.585566670,3,33,0,0,1,1,3,0,1,1,0,1,0,0000000,99,99,99,99,99,99,0,0,0,1,0
35,350126,1,1,1,1,13,0,25,7,2010,1,1,30,1,1,1,I-10,,16430,32.24104444,-107.200211110,0,8,0,0,1,1,1,0,2,1,0,1,0,0000000,99,99,99,99,99,99,0,0,0,1,0
35,350127,1,1,0,1,31,880,21,5,2010,6,18,18,1,2,3,SR-53,,0,35.02029722,-109.045916670,3,1,0,0,1,1,4,0,1,1,0,1,0,0000000,99,99,99,99,99,99,0,0,0,1,1
35,350128,1,1,0,2,31,0,25,7,2010,1,17,14,1,1,1,I-40,,6580,35.37743333,-108.109933330,0,1,0,0,1,1,4,0,1,1,0,1,0,0000000,99,99,99,99,99,99,0,0,0,1,0
35,350129,1,1,0,4,29,0,26,7,2010,2,16,5,1,1,1,I-10,,6760,32.20750000,-108.229922220,0,1,0,0,1,1,4,0,1,1,0,1,0,0000000,99,99,99,99,99,99,0,0,0,1,0
35,350130,2,2,0,4,43,0,28,1,2010,5,2,30,1,2,3,SR-197,,2550,35.78391111,-107.265100000,3,12,2,0,1,1,1,0,2,1,0,1,0,0000000,99,99,99,99,99,99,0,0,0,1,1
35,350132,1,1,0,1,19,0,28,1,2010,5,6,0,0,2,8,GONZALES RD,,115,34.85394722,-104.809569440,0,1,0,0,1,1,4,0,2,4,3,4,0,0000000,88,88,88,88,88,88,0,0,0,1,1
35,350133,2,2,0,2,15,130,3,3,2010,4,18,56,1,13,2,US-62,,3700,32.00247222,-104.525041670,0,12,6,0,8,1,1,0,2,1,0,1,0,0000000,99,99,99,99,99,99,0,0,0,1,0
35,350134,2,1,0,7,31,0,14,3,2010,1,7,50,1,1,1,I-40,,4215,35.41017778,-108.281508330,0,14,0,0,1,1,4,0,1,4,0,4,0,0000000,99,99,99,99,99,99,0,0,0,1,0
35,350135,2,2,0,3,5,670,24,3,2010,4,14,37,0,13,6,UNION,1ST,0,33.39311111,-104.536286110,0,12,6,0,2,2,1,0,1,1,0,1,0,0000000,99,99,99,99,99,99,0,0,0,1,0
35,350136,1,1,0,1,31,0,7,5,2010,6,8,16,1,2,3,SR-371,,4660,35.39632778,-108.224000000,3,1,0,0,1,1,4,0,1,1,0,1,0,0000000,99,99,99,99,99,99,0,0,0,1,0
35,350137,1,1,0,4,39,280,28,5,2010,6,22,49,1,2,3,SR-369,,0,35.98245000,-106.062955560,0,39,0,0,1,1,5,0,3,1,0,1,0,0000000,99,99,99,99,99,99,0,0,0,2,0
35,350138,2,2,0,3,61,9997,11,6,2010,6,17,27,1,2,3,SR-47,,3600,34.83818056,-106.691322220,3,12,2,0,1,1,1,0,1,1,0,1,0,0000000,99,99,99,99,99,99,0,0,0,1,2
35,350139,1,1,0,1,55,0,23,5,2010,1,15,53,1,2,2,US-64,,24390,36.46236667,-105.649080560,1,35,0,0,1,1,4,0,1,6,0,6,0,0000000,88,88,88,88,88,88,0,0,0,1,0
35,350140,1,1,0,1,45,0,6,6,2010,1,12,49,1,2,2,US-64,,8420,36.70070000,-108.041611110,0,35,0,0,1,1,4,0,1,1,0,1,0,0000000,99,99,99,99,99,99,0,0,0,1,1
35,350141,1,1,0,5,43,740,6,6,2010,1,15,50,1,2,3,SR-22,,69,35.46961667,-106.303797220,3,1,0,0,1,1,4,0,1,1,0,1,0,0000000,99,99,99,99,99,99,0,0,0,2,0
35,350142,1,1,0,4,37,0,18,1,2010,2,7,48,1,1,1,I-40,,32695,35.09343611,-104.070397220,0,1,0,0,1,1,4,0,1,1,0,1,0,0000000,99,99,99,99,99,99,0,0,0,1,0
35,350143,1,1,0,1,25,0,20,1,2010,4,18,0,1,2,3,SR-243,,805,32.56316389,-103.814277780,0,1,0,0,1,1,4,0,2,1,0,1,0,0000000,88,88,88,88,88,88,0,0,0,1,0
35,350144,2,2,0,4,31,340,4,2,2010,5,8,17,1,1,1,I-40,,2310,35.42507778,-108.316011110,0,12,2,1,18,1,4,0,1,4,3,4,0,0000000,99,99,99,99,99,99,0,0,0,1,0
35,350146,1,1,0,1,55,0,30,6,2010,4,17,0,0,9,8,TRES PIEDRAS ESTATES,,60,36.62064167,-105.876433330,0,5,0,0,1,1,4,0,2,1,0,1,0,0000000,88,88,88,88,88,88,0,0,0,1,1
35,350147,2,2,0,4,13,34,30,6,2010,4,16,36,0,2,5,STERN,OHARA RD.,0,32.00050556,-106.583347220,0,12,6,0,2,2,1,0,1,1,0,1,0,0000000,99,99,99,99,99,99,0,0,0,1,0
35,350148,2,2,0,2,49,280,21,4,2010,4,10,5,1,2,2,US-285,SR-30,0,35.99099444,-106.080636110,3,12,6,0,2,2,1,0,1,1,0,1,0,0000000,99,99,99,99,99,99,0,0,0,1,1
35,350149,2,2,0,4,6,0,2,7,2010,6,15,33,1,1,1,I-40,,12640,35.06836111,-107.682752780,0,12,1,0,1,1,1,0,1,1,0,1,0,0000000,99,99,99,99,99,99,0,0,0,2,0
35,350150,1,1,0,1,49,0,17,7,2010,7,12,51,1,2,3,SR-344,,1505,35.22430556,-106.156511110,0,1,0,0,1,1,4,0,1,1,0,1,0,0000000,88,88,88,88,88,88,0,0,0,1,0
35,350151,2,2,0,3,19,0,19,7,2010,2,6,55,1,1,1,I-40,,24340,35.02985556,-104.412088890,0,12,1,1,18,1,1,0,1,1,0,1,0,0000000,99,99,99,99,99,99,0,0,0,2,0
35,350152,2,2,0,3,51,0,23,7,2010,6,11,46,1,2,3,SR-187,,3000,32.91302778,-107.314625000,0,12,7,0,1,1,1,0,1,1,0,1,0,0000000,99,99,99,99,99,99,0,0,0,1,0
35,350153,1,1,0,2,6,0,2,8,2010,2,4,4,1,1,1,I-40,,10330,35.06836111,-107.682925000,0,1,0,0,1,1,3,0,2,1,0,1,0,0000000,88,88,88,88,88,88,0,0,0,1,0
35,350154,1,1,0,1,15,0,3,8,2010,3,5,8,1,2,4,CR-206,,210,32.45603889,-104.228752780,0,1,0,0,1,1,5,0,2,1,0,1,0,0000000,88,88,88,88,88,88,0,0,0,1,1
35,350155,2,2,0,2,13,0,3,8,2010,3,6,19,1,2,3,SR-404,,405,32.02496111,-106.616219440,0,12,2,0,1,1,1,0,1,1,0,1,0,0000000,99,99,99,99,99,99,0,0,0,1,0
35,350156,1,1,0,1,49,710,5,8,2010,5,1,34,0,2,6,AVIATION DRIVE,HART ROAD,0,35.61837222,-106.084069440,0,33,0,0,2,2,5,0,3,1,0,1,0,0000000,99,99,99,99,99,99,20,0,0,1,1
35,350157,1,1,1,1,13,470,10,8,2010,3,20,25,1,1,1,I-10,,14600,32.25636111,-106.728744440,0,8,0,1,18,1,1,0,2,1,0,1,0,0000000,88,88,88,88,88,88,0,0,0,1,0
35,350158,1,1,0,2,7,0,21,7,2010,4,10,47,1,2,3,SR-523,,0,34.41901667,-103.108491670,0,5,0,0,1,1,1,0,1,1,0,1,0,0000000,88,88,88,88,88,88,0,0,0,1,0
35,350159,1,1,0,4,3,0,12,8,2010,5,13,0,1,2,3,SR-603,,820,34.33762500,-108.142461110,0,35,0,0,1,1,4,0,1,1,0,1,0,0000000,99,99,99,99,99,99,0,0,0,1,1
35,350160,1,1,1,1,13,470,12,8,2010,5,4,16,0,13,6,STERN DRIVE,,0,32.21309167,-106.698875000,0,8,0,0,1,1,1,0,2,1,0,1,0,0000000,0,0,0,0,0,0,0,0,0,1,0
35,350161,1,1,0,1,15,0,25,8,2010,4,15,30,1,2,4,CR-746,,110,32.19885833,-103.979844440,0,1,0,0,1,1,4,0,1,1,0,1,0,0000000,88,88,88,88,88,88,0,0,0,1,0
35,350162,1,1,1,1,1,30,29,8,2010,1,2,5,0,13,6,EUBANK BLVD. NE,PARSIFAL PL. NE,0,35.11955833,-106.533650000,0,8,0,0,3,2,1,0,2,1,0,1,0,0000000,88,88,88,88,88,88,0,0,0,1,0
35,350163,1,1,0,1,45,745,4,9,2010,7,19,3,1,2,8,IR-553,,0,36.78793056,-108.700466670,3,1,0,0,1,1,4,0,1,1,0,1,0,0000000,88,88,88,88,88,88,0,0,0,1,1
35,350164,1,1,0,1,39,0,2,9,2010,5,21,23,1,2,3,SR-291,,270,36.04027778,-106.089686110,3,38,0,0,1,1,5,0,2,1,0,1,0,0000000,99,99,99,99,99,99,20,0,0,1,1
35,350165,1,1,0,1,25,410,21,9,2010,3,12,25,0,13,6,MILLEN,DANIELS,0,32.75775833,-103.170719440,0,38,0,0,2,2,5,0,1,1,0,1,0,0000000,88,88,88,88,88,88,0,0,0,1,0
35,350166,1,1,0,1,43,0,29,8,2010,1,22,40,1,2,2,US-550,,9130,35.41395556,-106.640938890,3,35,0,0,1,1,5,0,2,1,0,1,0,0000000,88,88,88,88,88,88,0,0,0,1,1
35,350167,1,1,1,1,49,710,8,9,2010,4,1,6,1,1,1,I-25,,28435,35.59255278,-106.059263890,0,8,0,1,18,1,1,0,2,1,0,1,0,0000000,99,99,99,99,99,99,0,0,0,1,0
35,350168,1,1,0,1,45,745,19,8,2010,5,21,40,1,2,2,US-64,,2450,36.82550000,-108.984802780,3,42,0,0,1,1,5,0,2,2,0,2,0,0000000,88,88,88,88,88,88,0,0,0,1,1
35,350169,2,2,0,3,49,280,23,3,2010,3,8,44,0,13,5,SOUTH PASEO DE ONATE,,0,35.99655000,-106.083897220,0,12,2,0,1,1,1,0,1,1,0,1,0,0000000,99,99,99,99,99,99,0,0,0,1,0
35,350170,1,1,0,1,31,0,28,6,2010,2,4,57,1,2,8,IR-11,,0,35.66386667,-108.138241670,3,1,0,0,1,1,4,0,2,1,0,1,0,0000000,99,99,99,99,99,99,0,0,0,1,1
35,350171,1,1,0,4,31,612,20,3,2010,7,7,8,1,2,8,IR-12,,4220,35.90895000,-109.022641670,1,38,0,0,1,1,4,0,4,1,0,1,0,0000000,99,99,99,99,99,99,0,0,0,1,1
35,350172,2,2,0,5,31,0,31,5,2010,2,12,4,1,2,3,SR-602,,2390,35.21953889,-108.765077780,1,12,6,0,7,1,1,0,1,1,0,1,0,0000000,99,99,99,99,99,99,0,0,0,1,0
35,350173,1,1,0,1,7,0,29,8,2010,1,19,2,1,2,2,US-64,,33400,36.54432778,-105.233230560,0,31,0,0,1,1,5,0,5,1,0,1,0,0000000,99,99,99,99,99,99,0,0,0,1,1
35,350174,1,1,0,1,15,0,21,9,2010,3,21,0,1,2,4,CR-787,,280,32.16515000,-103.842944440,0,1,0,0,1,1,5,0,2,1,0,1,0,0000000,99,99,99,99,99,99,0,0,0,1,0
35,350175,1,1,0,1,31,215,19,6,2010,7,10,51,1,2,8,IR-9,,4600,35.67725278,-108.143733330,1,1,0,0,1,1,5,0,1,1,0,1,0,0000000,88,88,88,88,88,88,0,0,0,1,1
35,350176,1,1,0,1,61,530,14,4,2010,4,4,4,1,2,3,SR-314,,0,34.74633889,-106.749344440,0,1,0,0,1,1,4,0,3,1,0,1,0,0000000,88,88,88,88,88,88,0,0,0,1,1
35,350177,4,4,0,7,1,30,25,5,2010,3,17,32,0,13,6,CONSTITUTION AVE.,MORRIS ST.,0,35.09470000,-106.524983330,0,12,1,0,2,2,1,0,3,1,0,1,0,0000000,99,99,99,99,99,99,0,0,0,1,0
35,350178,1,1,0,5,13,253,27,6,2010,1,3,19,0,13,6,MOONGATE RD,CORONA,0,32.42054444,-106.648750000,0,1,0,0,3,2,5,0,3,1,0,1,0,0000000,99,99,99,99,99,99,0,0,0,1,1
35,350179,2,2,0,6,1,0,4,7,2010,1,18,56,1,1,1,I-40,,760,35.10642778,-106.655272220,0,12,2,0,1,1,1,0,1,1,0,1,0,0000000,99,99,99,99,99,99,0,0,0,3,1
35,350180,1,1,1,5,45,745,16,9,2010,5,23,9,1,1,2,US-491,,9340,36.73798889,-108.705080560,0,8,0,0,1,1,1,0,3,1,0,1,0,0000000,99,99,99,99,99,99,0,0,0,1,0
35,350182,1,1,0,4,43,0,23,8,2010,2,23,0,1,1,1,I-25,,2510,35.40129444,-106.435888890,0,1,0,0,1,1,3,0,2,1,0,1,0,0000000,99,99,99,99,99,99,0,0,0,1,0
35,350183,1,1,0,1,39,534,7,9,2010,3,0,50,1,2,2,US-64/84,,17105,36.65031111,-106.519575000,0,1,0,0,1,1,5,0,2,1,0,1,0,0000000,88,88,88,88,88,88,0,0,0,1,1
35,350184,1,1,1,1,49,0,18,6,2010,6,20,54,1,2,2,US-84,,18670,36.00036944,-106.085958330,0,8,0,0,1,1,1,0,2,1,0,1,0,0000000,99,99,99,99,99,99,0,0,0,1,0
35,350185,1,1,0,2,1,30,27,6,2010,1,0,4,0,13,6,MORRIS ST,OSUNA,0,35.13605556,-106.524897220,0,33,0,0,3,3,5,0,3,1,0,1,0,0000000,99,99,99,99,99,99,0,0,0,2,1
35,350186,2,2,0,3,1,30,14,6,2010,2,9,20,0,13,6,MONTGOMERY BLVD.,PENNSYLVANIA,0,35.13072500,-106.559827780,0,12,1,0,2,2,1,0,1,1,0,1,0,0000000,99,99,99,99,99,99,0,0,0,1,1
35,350187,1,1,0,2,55,809,20,8,2010,6,23,47,1,2,2,US-285,,39000,36.29444444,-106.049652780,0,11,0,0,1,1,1,0,2,1,0,1,0,0000000,99,99,99,99,99,99,0,0,0,1,0
35,350188,1,1,0,1,55,0,11,9,2010,7,4,7,1,2,2,US-64,,24930,36.46243333,-105.649338890,0,1,0,0,1,1,5,0,2,1,0,1,0,0000000,88,88,88,88,88,88,0,0,0,1,1
35,350189,2,2,0,2,61,0,2,10,2010,7,15,10,1,2,3,SR-47,,1500,34.47380278,-106.564894440,0,12,8,0,1,1,1,0,1,1,0,1,0,0000000,99,99,99,99,99,99,0,0,0,1,0
35,350190,2,2,0,3,5,0,4,10,2010,2,22,5,1,2,2,US-285,ORCHARD PARK RD.,9840,33.25570000,-104.463758330,0,12,6,0,2,2,1,0,2,1,0,1,0,0000000,99,99,99,99,99,99,0,0,0,2,0
35,350191,1,1,0,3,53,0,5,10,2010,3,18,30,1,2,2,US-60,,10540,34.00414722,-106.963405560,0,1,0,0,1,1,1,0,1,1,0,1,0,0000000,99,99,99,99,99,99,0,0,0,1,0
35,350192,2,2,1,2,13,0,8,10,2010,6,13,22,1,2,2,US-54,,980,31.78998056,-106.539913890,0,8,0,0,1,1,1,0,1,1,0,1,0,0000000,88,88,88,88,88,88,0,0,0,1,0
35,350193,1,1,0,1,61,100,10,9,2010,6,2,13,1,2,3,SR-314,I-25,50,34.67839444,-106.772002780,0,24,0,0,3,1,4,0,3,1,0,1,0,0000000,88,88,88,88,88,88,0,0,0,1,1
35,350194,1,1,0,1,17,0,11,10,2010,2,15,40,1,1,1,I-10,,4880,32.26652222,-107.790900000,0,1,0,0,1,1,3,0,1,1,0,1,0,0000000,88,88,88,88,88,88,0,0,0,1,0
35,350195,1,1,0,1,25,410,15,10,2010,6,23,23,1,2,4,WEST COUNTY RD,,0,32.69674444,-103.180075000,0,30,0,0,1,1,5,0,2,1,0,1,0,0000000,99,99,99,99,99,99,0,0,0,1,1
35,350196,2,2,0,3,51,810,24,3,2010,4,18,10,0,2,3,SR-51,GARNETT,0,33.13683333,-107.230769440,0,12,6,0,2,2,1,0,1,1,0,1,0,0000000,99,99,99,99,99,99,0,0,0,1,1
35,350197,2,2,0,2,45,115,28,9,2010,3,20,25,0,2,5,BROADWAY,,0,36.70950833,-108.011569440,0,12,6,0,5,1,1,0,2,1,0,1,0,0000000,99,99,99,99,99,99,0,0,0,1,0
35,350198,2,2,0,2,15,0,12,10,2010,3,14,59,1,2,2,US-82,,12210,32.81858611,-103.978986110,0,12,8,0,1,1,1,0,1,1,0,1,0,0000000,99,99,99,99,99,99,0,0,0,1,0
35,350199,2,2,0,2,29,0,15,10,2010,6,2,2,1,1,1,I-10,,9140,32.26681389,-107.790900000,0,12,1,0,1,1,1,0,2,1,0,1,0,0000000,88,88,88,88,88,88,0,0,0,1,0
35,350200,1,1,0,5,31,0,25,5,2010,3,6,29,1,2,8,IR-12,,4470,35.96676667,-108.995175000,3,1,0,0,1,1,5,0,4,1,0,1,0,0000000,99,99,99,99,99,99,0,0,0,2,1
35,350201,1,1,0,1,13,34,21,7,2010,4,2,58,0,9,8,WARTHEN ROAD,,20,32.05260833,-106.615705560,0,38,0,0,1,1,5,0,2,1,0,1,0,0000000,99,99,99,99,99,99,0,0,0,1,0
35,350202,2,2,0,5,25,410,2,9,2010,5,7,39,0,13,6,MARLAND,JEFFERSON,0,32.69667222,-103.124113890,0,12,6,0,2,4,1,0,1,1,0,1,0,0000000,99,99,99,99,99,99,0,0,0,1,0
35,350203,2,2,0,3,25,0,29,8,2010,1,17,3,1,2,3,SR-83,WILKS ROAD,802,32.94393333,-103.339977780,0,12,1,0,3,1,1,0,1,1,0,1,0,0000000,99,99,99,99,99,99,0,0,0,2,0
35,350204,1,1,0,5,13,0,17,10,2010,1,13,25,1,1,1,I-10,,11670,32.24133611,-107.200555560,0,1,0,0,1,1,5,0,1,1,0,1,0,0000000,99,99,99,99,99,99,0,0,0,1,0
35,350205,1,1,1,1,35,20,25,9,2010,7,20,51,0,13,6,N WHITE SANDS BLVD,,0,32.90891944,-105.960902780,0,8,0,0,1,1,1,0,3,1,0,1,0,0000000,99,99,99,99,99,99,0,0,0,1,0
35,350206,1,1,0,2,15,0,29,8,2010,1,12,53,1,2,2,US-62,,5605,32.17445000,-104.376811110,0,1,0,0,1,1,4,0,1,1,0,1,0,0000000,99,99,99,99,99,99,0,0,0,1,1
35,350207,1,1,0,1,39,0,12,10,2010,3,5,8,1,2,8,FOREST ROAD 87,,0,36.38597500,-105.666713890,0,1,0,0,1,1,4,0,2,1,0,1,0,0000000,88,88,88,88,88,88,0,0,0,1,0
35,350208,1,1,0,1,55,32,10,9,2010,6,18,34,1,2,3,SR-196,,620,36.94461111,-105.457333330,0,1,0,0,1,1,4,0,1,1,0,1,0,0000000,88,88,88,88,88,88,0,0,0,1,0
35,350209,2,2,0,6,43,29,27,9,2010,2,18,13,1,1,1,I-25,,24800,35.40122500,-106.435805560,0,12,2,0,1,1,1,0,1,1,0,1,0,0000000,99,99,99,99,99,99,0,0,0,1,0
35,350210,3,3,0,7,37,0,1,11,2010,2,11,26,1,2,2,US-54,,34850,35.29025833,-103.468036110,0,12,2,0,1,1,1,0,1,1,0,1,0,0000000,99,99,99,99,99,99,0,0,0,2,0
35,350211,1,1,0,3,37,0,5,11,2010,6,6,50,1,1,1,I-40,,31410,35.09350833,-104.070825000,0,24,0,1,18,1,5,0,4,1,0,1,0,0000000,99,99,99,99,99,99,0,0,0,1,0
35,350212,1,1,0,3,13,0,5,11,2010,6,22,5,0,6,4,CR-B0002,,0,32.40424167,-106.809077780,0,17,0,0,1,1,4,0,2,1,0,1,0,0000000,99,99,99,99,99,99,0,0,0,1,1
35,350214,1,1,0,6,13,0,27,7,2010,3,19,41,1,2,3,SR-478,,0,32.01040556,-106.610383330,0,10,0,0,6,1,1,0,1,1,0,1,0,019750T,99,99,99,99,99,99,0,0,0,1,0
35,350215,1,1,0,1,1,30,5,9,2010,1,4,45,0,13,6,PAJARITO RD.,,0,34.98387778,-106.861952780,0,1,0,0,1,1,4,0,2,1,0,1,0,0000000,99,99,99,99,99,99,0,0,0,1,1