STATE,ST_CASE,VE_TOTAL,VE_FORMS,PEDS,PERSONS,COUNTY,CITY,DAY,MONTH,YEAR,DAY_WEEK,HOUR,MINUTE,NHS,ROAD_FNC,ROUTE,TWAY_ID,TWAY_ID2,MILEPT,LATITUDE,LONGITUD,SP_JUR,HARM_EV,MAN_COLL,RELJCT1,RELJCT2,TYP_INT,REL_ROAD,WRK_ZONE,LGT_COND,WEATHER1,WEATHER2,WEATHER,SCH_BUS,RAIL,NOT_HOUR,NOT_MIN,ARR_HOUR,ARR_MIN,HOSP_HR,HOSP_MN,CF1,CF2,CF3,FATALS,DRUNK_DR
35,350216,1,1,0,1,19,0,12,10,2010,3,21,31,1,1,1,I-40,,2704,35.06716667,-104.181033330,0,35,0,0,1,1,3,0,3,1,0,1,0,0000000,88,88,88,88,88,88,0,0,0,1,0
35,350217,2,2,0,2,17,750,15,10,2010,6,12,27,1,13,2,US-180,32ND STREET,0,32.78684167,-108.245030560,0,12,6,0,2,2,1,0,1,1,0,1,0,0000000,99,99,99,99,99,99,0,0,0,1,0
35,350218,1,1,0,2,39,661,12,9,2010,1,20,20,1,2,3,SR-76,,245,36.00390833,-105.967511110,0,24,0,0,1,1,4,0,2,1,0,1,0,0000000,99,99,99,99,99,99,0,0,0,1,0
35,350219,1,1,0,1,6,598,13,10,2010,4,16,48,1,2,3,SR-605,,0,35.18826111,-107.894925000,0,43,0,0,6,1,1,0,1,1,0,1,0,99999,99,99,99,99,99,99,0,0,0,1,0
35,350220,2,2,0,5,5,0,21,10,2010,5,8,7,1,2,3,SR-2,,291,33.18964167,-104.367200000,0,12,6,0,1,1,1,0,1,1,0,1,0,0000000,99,99,99,99,99,99,0,0,0,1,0
35,350221,2,2,0,5,15,0,24,10,2010,1,6,19,1,1,2,US-82,,1260,32.84267500,-104.451141670,0,12,2,0,1,1,1,0,3,1,0,1,0,0000000,99,99,99,99,99,99,0,0,0,1,0
35,350222,2,2,0,4,43,110,25,9,2010,7,13,35,1,1,1,I-25,,2400,35.31575833,-106.531169440,0,12,2,1,5,1,1,0,1,1,0,1,0,0000000,88,88,88,88,88,88,0,0,0,1,1
35,350223,1,1,0,3,39,255,16,10,2010,7,19,18,1,2,8,IR-J8,,0,36.94995278,-107.089444440,3,58,0,0,1,1,4,0,5,1,0,1,0,0000000,99,99,99,99,99,99,0,0,0,1,1
35,350224,1,1,1,1,15,130,30,10,2010,7,20,9,0,13,6,GREENE STREET,,0,32.41800833,-104.238711110,0,8,0,0,1,1,1,0,3,1,0,1,0,0000000,99,99,99,99,99,99,0,0,0,1,0
35,350225,1,1,1,2,1,30,10,9,2010,6,23,42,0,13,6,CENTRAL AVE,UNSER BLVD,0,35.07707222,-106.723166670,0,8,0,0,3,2,1,0,3,1,0,1,0,0000000,88,88,88,88,88,88,0,0,0,1,0
35,350226,1,1,0,2,47,0,7,11,2010,1,20,32,1,1,1,I-25,,3155,35.42193056,-105.558358330,0,1,0,0,1,1,3,0,2,1,0,1,0,0000000,99,99,99,99,99,99,0,0,0,1,0
35,350227,1,1,0,2,35,0,19,9,2010,1,22,8,1,2,2,US-54,,80,32.39626944,-106.085186110,0,1,0,0,1,1,4,0,2,1,0,1,0,0000000,99,99,99,99,99,99,0,0,0,1,0
35,350229,1,1,1,1,1,30,20,8,2010,6,20,59,0,13,6,ZUNI RD,INDIANA ST,0,35.07278611,-106.571072220,0,8,0,0,3,2,1,0,3,1,0,1,0,0000000,99,99,99,99,99,99,0,0,0,1,0
35,350230,1,1,1,2,41,0,9,2,2010,3,18,12,1,2,3,SR-267,,32,34.18525278,-103.559016670,0,9,0,0,1,1,1,0,2,1,0,1,0,0000000,88,88,88,88,88,88,0,0,0,1,0
35,350231,2,2,0,4,61,100,15,10,2010,6,11,20,0,13,6,GABALDON ROAD,LOS CHAPULINES,0,34.67168889,-106.759300000,0,12,6,0,2,3,1,0,1,1,0,1,0,0000000,88,88,88,88,88,88,0,0,0,1,0
35,350232,2,2,0,3,19,840,23,12,2010,5,0,20,1,2,2,US-285,US-54,2500,34.59280278,-105.189113890,0,12,6,0,3,3,1,0,2,1,0,1,0,0000000,99,99,99,99,99,99,0,0,0,1,0
35,350233,1,1,0,1,49,0,16,12,2010,5,2,27,1,2,4,CR-56,,0,35.57433333,-106.113852780,0,35,0,0,1,1,4,0,2,1,0,1,0,0000000,88,88,88,88,88,88,0,0,0,1,1
35,350234,1,1,0,1,51,0,8,11,2010,2,11,15,1,1,1,I-25,,980,32.78292500,-107.262250000,0,59,0,1,19,1,3,0,1,1,0,1,0,0000000,88,88,88,88,88,88,0,0,0,1,1
35,350235,1,1,0,1,35,9997,22,12,2010,4,16,52,0,2,5,SACRAMENTO DR,,0,32.63243611,-105.690194440,0,5,0,0,1,1,1,0,1,1,0,1,0,0000000,88,88,88,88,88,88,0,0,0,1,1
35,350236,1,1,1,1,1,30,2,12,2010,5,16,30,0,13,6,COMANCHE,PAN AMERICAN EAST,0,35.12375278,-106.622650000,0,9,0,0,3,2,1,0,5,1,0,1,0,0000000,88,88,88,88,88,88,0,0,0,1,0
35,350237,1,1,0,1,55,780,14,12,2010,3,6,46,1,2,3,SR-150,,28,36.45787778,-105.596552780,0,1,0,0,1,1,4,0,4,1,0,1,0,0000000,88,88,88,88,88,88,0,0,0,1,0
35,350238,1,1,0,1,25,0,28,10,2010,5,19,14,1,2,2,US-62,,680,32.66965278,-103.440227780,0,1,0,0,1,1,3,0,2,1,0,1,0,0000000,88,88,88,88,88,88,0,0,0,1,0
35,350239,1,1,0,5,57,290,17,11,2010,4,18,15,0,2,5,METZGER,,0,34.77359444,-106.078352780,0,32,0,0,1,1,4,0,2,1,0,1,0,0000000,99,99,99,99,99,99,0,0,0,1,0
35,350240,1,1,0,1,5,0,19,11,2010,6,5,18,1,2,3,SR-249,,207,32.96503611,-103.801402780,0,1,0,0,1,1,2,0,2,1,0,1,0,0000000,88,88,88,88,88,88,0,0,0,1,1
35,350241,2,2,0,2,49,0,24,11,2010,4,16,44,1,1,1,I-25,,2820,35.59422778,-106.061325000,0,12,1,0,1,1,1,0,5,1,0,1,0,0000000,99,99,99,99,99,99,19,0,0,1,0
35,350242,3,3,0,6,13,0,27,11,2010,7,16,20,1,2,3,SR-404,,34,32.02474167,-106.616050000,0,12,2,0,1,1,1,0,1,1,0,1,0,0000000,99,99,99,99,99,99,0,0,0,1,0
35,350243,1,1,0,2,35,0,30,11,2010,3,2,30,1,2,2,US-82,,216,32.96150556,-105.729502780,0,35,0,0,1,1,4,0,2,1,0,1,0,0000000,99,99,99,99,99,99,0,0,0,1,1
35,350244,1,1,0,1,55,0,30,11,2010,3,11,55,1,2,4,CR-110,,0,36.39104167,-105.568813890,0,1,0,0,1,1,4,0,1,1,0,1,0,0000000,88,88,88,88,88,88,0,0,0,1,1
35,350245,1,1,0,2,41,640,5,12,2010,1,10,55,0,2,5,ROOSEVELT ROAD 2,ROOSEVELT ROAD X,0,34.22918889,-103.440141670,0,35,0,0,3,2,4,0,1,1,0,1,0,0000000,88,88,88,88,88,88,0,0,0,2,1
35,350246,1,1,0,1,47,480,2,12,2010,5,2,1,0,13,5,PLAZA,,0,35.59297222,-105.226794440,0,19,0,0,1,1,5,0,3,1,0,1,0,0000000,88,88,88,88,88,88,0,0,0,1,1
35,350247,1,1,0,1,35,0,13,10,2010,4,8,45,1,2,2,US-82,,227,32.96143333,-105.729675000,0,1,0,0,1,1,4,0,1,1,0,1,0,0000000,88,88,88,88,88,88,0,0,0,1,0
35,350248,1,1,1,9,13,470,13,10,2010,4,22,50,0,13,6,VALLEY DR.,,0,32.29605833,-106.788311110,0,9,0,0,1,1,1,0,2,1,0,1,0,0000000,99,99,99,99,99,99,0,0,0,1,0
35,350249,2,2,0,3,49,710,19,10,2010,3,8,25,0,13,6,ZIA RD,CAMINO PINTORES,0,35.63978889,-105.978755560,0,12,6,0,2,3,1,0,1,1,0,1,0,0000000,99,99,99,99,99,99,0,0,0,1,0
35,350250,1,1,1,1,45,310,13,12,2010,2,17,20,0,13,6,WEST MAIN STREET,,0,36.72897778,-108.222627780,0,8,0,0,1,1,1,0,3,1,0,1,0,0000000,99,99,99,99,99,99,0,0,0,1,0
35,350252,1,1,0,1,53,0,19,12,2010,1,7,41,1,2,3,SR-107,,267,33.65771111,-107.138672220,0,35,0,0,1,1,4,0,2,1,0,1,0,0000000,88,88,88,88,88,88,0,0,0,1,1
35,350253,1,1,0,1,6,360,16,12,2010,5,12,1,1,1,1,I-40,,812,35.15605556,-107.879133330,0,17,0,1,5,1,4,0,1,1,0,1,0,0000000,88,88,88,88,88,88,0,0,0,1,0
35,350254,1,1,0,2,49,0,21,11,2010,1,0,17,1,2,7,OLD LAS VEGAS HWY.,,0,35.54863889,-105.828725000,0,59,0,0,1,1,4,0,2,1,0,1,0,0000000,99,99,99,99,99,99,0,0,0,1,1
35,350255,1,1,0,1,13,470,16,10,2010,7,1,11,1,2,2,US-70,,1540,32.28132778,-106.881866670,0,38,0,0,1,1,4,0,2,1,0,1,0,0000000,99,99,99,99,99,99,0,0,0,1,1
35,350256,1,1,0,2,5,670,16,11,2010,3,13,30,0,13,6,CHRISTIAN RD.,,0,33.33612222,-104.530450000,0,42,0,0,1,1,4,0,1,1,0,1,0,0000000,99,99,99,99,99,99,0,0,0,1,0
35,350257,1,1,0,2,49,261,2,12,2010,5,4,58,1,1,1,I-40,,1854,35.05676944,-106.172302780,0,1,0,0,1,1,1,0,2,1,0,1,0,0000000,99,99,99,99,99,99,0,0,0,1,0
35,350258,1,1,1,2,45,745,9,9,2010,5,20,40,1,2,2,US-491,,967,36.73798889,-108.704997220,3,8,0,0,1,1,1,0,2,1,0,1,0,0000000,88,88,88,88,88,88,0,0,0,1,0
35,350259,2,2,0,2,13,470,6,8,2010,6,9,40,0,13,6,SOLANO DR,MADRID AVD,0,32.32775833,-106.778897220,0,12,6,0,2,2,1,0,1,1,0,1,0,0000000,99,99,99,99,99,99,0,0,0,1,0
35,350260,1,1,0,4,6,0,25,12,2010,7,1,44,1,2,3,SR-117,,386,34.69674444,-108.114308330,0,1,0,0,1,1,4,0,2,1,0,1,0,0000000,99,99,99,99,99,99,0,0,0,1,0
35,350261,2,2,0,5,7,0,15,10,2010,6,9,17,1,2,2,US-56,SR-39,933,36.30530278,-104.259311110,0,12,6,0,2,2,1,0,1,1,0,1,0,0000000,99,99,99,99,99,99,0,0,0,1,0
35,350262,1,1,1,1,45,310,8,8,2010,1,22,36,0,13,6,NORTH DUSTIN AVENUE,,0,36.73413889,-108.202627780,0,8,0,0,1,1,1,0,3,1,0,1,0,0000000,99,99,99,99,99,99,0,0,0,1,0
35,350263,1,1,1,1,55,645,30,7,2010,6,23,22,1,2,3,SR-522,,190,36.72953056,-105.595522220,0,9,0,0,1,1,1,0,3,2,0,2,0,0000000,88,88,88,88,88,88,0,0,0,1,0
35,350264,1,1,1,1,9,190,19,9,2010,1,15,39,0,13,6,CAMEO,9TH STREET,0,34.40677222,-103.222933330,0,8,0,0,3,2,1,0,1,1,0,1,0,0000000,99,99,99,99,99,99,0,0,0,1,0
35,350265,2,2,0,2,47,480,24,8,2010,3,16,45,1,2,3,SR-518,,67,35.57133056,-105.221127780,0,12,6,0,1,1,1,0,1,1,0,1,0,0000000,99,99,99,99,99,99,0,0,0,1,0
35,350266,2,2,0,5,31,340,4,9,2010,7,23,53,1,2,3,SR-602,,273,35.21925833,-108.765077780,0,12,2,0,1,1,1,0,2,1,0,1,0,0000000,99,99,99,99,99,99,0,0,0,1,1
35,350267,1,1,0,4,13,470,26,7,2010,2,21,21,0,13,6,HOLMAN RD,,0,32.39641389,-106.683425000,0,1,0,0,1,1,5,0,3,1,0,1,0,0000000,99,99,99,99,99,99,0,0,0,1,1
35,350269,2,2,0,4,43,0,28,12,2010,3,7,25,1,2,1,I-25,,2378,35.33186111,-106.523466670,0,12,1,0,1,1,1,0,1,1,0,1,0,0000000,99,99,99,99,99,99,0,0,0,1,0
35,350270,2,2,0,4,55,0,30,12,2010,5,9,10,1,2,2,US-64,,2591,36.46229722,-105.649166670,0,12,6,0,1,1,1,0,1,1,0,1,0,0000000,99,99,99,99,99,99,0,0,0,1,0
35,350272,1,1,0,1,43,677,5,6,2010,7,22,17,0,13,6,UNSER BLVD,PROGRESS BLVD,0,35.23451111,-106.698577780,0,1,0,0,3,2,4,0,2,1,0,1,0,0000000,88,88,88,88,88,88,0,0,0,1,1
35,350273,1,1,0,1,37,0,12,12,2010,1,20,48,1,2,1,I-40,,3477,35.09336667,-104.070652780,0,1,0,1,18,1,4,0,2,1,0,1,0,0000000,88,88,88,88,88,88,0,0,0,1,0
35,350274,2,2,0,4,1,0,17,7,2010,7,1,9,1,1,1,I-40,,1490,35.03561944,-106.931305560,0,12,1,0,1,1,1,0,3,1,0,1,0,0000000,99,99,99,99,99,99,0,0,0,1,1
35,350275,1,1,1,1,1,30,4,10,2010,2,20,0,0,13,6,GIBSON BLVD,SAN PEDRO DR,0,35.05831667,-106.577852780,0,8,0,0,3,2,1,0,3,1,0,1,0,0000000,99,99,99,99,99,99,0,0,0,1,0
35,350276,2,2,0,3,25,0,30,12,2010,5,5,5,1,2,3,SR-18,,608,32.59115278,-103.127975000,0,12,7,0,1,1,1,0,2,1,0,1,0,0000000,88,88,88,88,88,88,0,0,0,1,0
35,350277,1,1,0,3,61,100,27,12,2010,2,22,6,1,1,1,I-25,,1949,34.60446111,-106.787108330,0,1,0,0,1,1,4,0,2,1,0,1,0,0000000,88,88,88,88,88,88,0,0,0,1,0
35,350278,2,2,0,3,5,0,15,11,2010,2,18,0,1,2,2,US-380,RED BRIDGE ROAD,0,33.38902500,-105.276488890,0,12,6,0,2,2,1,0,2,1,0,1,0,0000000,99,99,99,99,99,99,0,0,0,1,0
35,350279,2,2,0,2,45,310,10,11,2010,4,17,48,0,13,6,PINON HILLS BLVD,NORTH DUSTIN AVE,0,36.77361111,-108.193530560,0,12,6,0,2,2,1,0,3,1,0,1,0,0000000,99,99,99,99,99,99,0,0,0,1,0
35,350280,1,1,0,2,43,677,3,8,2010,3,10,9,0,13,6,CROWNPOINT DR,,0,35.35139722,-106.611672220,0,1,0,0,1,1,1,0,1,1,0,1,0,0000000,99,99,99,99,99,99,0,0,0,1,1
35,350281,1,1,0,2,23,0,31,12,2010,6,6,30,1,1,1,I-10,,208,32.22725000,-109.048491670,0,24,0,0,1,1,4,0,4,1,0,1,0,0000000,99,99,99,99,99,99,0,0,0,1,0
35,350282,1,1,0,2,1,30,9,10,2010,7,13,36,1,1,1,I-25,,2230,35.09224167,-106.634158330,0,1,0,1,18,1,1,0,1,1,0,1,0,0000000,99,99,99,99,99,99,0,0,0,2,0
35,350283,2,2,0,3,49,710,14,12,2010,3,2,24,1,1,1,I-25,,2790,35.59366944,-106.061325000,0,12,2,0,1,1,1,0,2,1,0,1,0,0000000,99,99,99,99,99,99,0,0,0,1,1
35,350284,2,2,0,4,5,390,19,1,2010,3,10,0,0,2,3,SR-2,MORGAN RD,0,33.11023611,-104.336386110,0,12,6,0,2,2,1,0,1,1,0,1,0,0000000,99,99,99,99,99,99,0,0,0,1,0
35,350286,2,2,0,2,47,0,23,3,2010,3,22,25,1,1,1,I-25,,3160,35.42206944,-105.558613890,0,12,2,0,1,1,1,0,2,1,0,1,0,0000000,88,88,88,88,88,88,0,0,0,2,2
35,350287,3,3,0,3,15,0,13,11,2010,7,19,9,1,2,2,US-285,,738,32.51555278,-104.379988890,0,12,1,0,4,1,1,0,2,1,0,1,0,0000000,99,99,99,99,99,99,0,0,0,1,0
35,350289,1,1,0,1,29,0,13,4,2010,3,15,25,1,1,1,I-10,,993,32.20757222,-108.230180560,0,1,0,0,1,1,4,0,1,1,0,1,0,0000000,99,99,99,99,99,99,0,0,0,1,0
35,350290,2,2,0,2,28,510,20,8,2010,6,7,55,1,2,3,SR-501,,57,35.83437500,-106.361216670,0,12,2,0,1,1,1,0,1,1,0,1,0,0000000,99,99,99,99,99,99,0,0,0,1,0
35,350291,1,1,1,1,1,30,7,10,2010,5,19,41,0,13,6,PENNSYLVANIA ST,EUCLID AVE,0,35.10333889,-106.560086110,0,8,0,0,3,3,1,0,3,1,0,1,0,0000000,88,88,88,88,88,88,0,0,0,1,1
35,350292,1,1,0,1,1,30,25,9,2010,7,19,9,0,13,6,SAN PEDRO DR,CONSTITUTION AVE,0,35.09470000,-106.577683330,0,33,0,0,3,2,4,0,3,1,0,1,0,0000000,99,99,99,99,99,99,0,0,0,1,1
35,350293,1,1,0,4,13,0,29,8,2010,1,8,29,1,1,1,I-10,,1270,32.27958611,-106.892166670,0,1,0,1,5,1,4,0,1,1,0,1,0,0000000,99,99,99,99,99,99,0,0,0,1,0
35,350294,1,1,1,1,31,159,11,12,2010,7,21,41,1,2,3,SR-566,,11,35.53802222,-108.606119440,3,8,0,0,1,1,1,0,3,1,0,1,0,0000000,88,88,88,88,88,88,0,0,0,1,0
35,350295,1,1,2,3,7,660,4,12,2010,7,18,12,0,6,5,2ND ST.,,0,36.87035278,-104.440241670,0,8,0,0,1,1,1,0,2,1,0,1,0,0000000,99,99,99,99,99,99,0,0,0,1,0
35,350296,1,1,0,2,55,809,24,8,2010,3,20,35,1,2,2,US-64,,2302,36.38439167,-105.556897220,0,11,0,0,1,1,1,0,2,1,0,1,0,0000000,99,99,99,99,99,99,0,0,0,1,0
35,350298,2,2,1,2,1,30,7,7,2010,4,22,22,0,13,6,2ND ST.,,0,34.95574444,-106.682052780,0,9,0,0,1,1,1,0,2,1,0,1,0,0000000,99,99,99,99,99,99,0,0,0,1,0
35,350299,2,2,0,3,1,30,20,9,2010,2,19,16,0,13,6,COORS BLVD.,,0,34.94610556,-106.709861110,0,12,6,0,1,1,1,0,1,1,0,1,0,0000000,99,99,99,99,99,99,0,0,0,1,0
35,350300,1,1,0,4,1,806,21,11,2010,1,13,31,1,2,3,SR-217,,0,34.96045833,-106.261652780,0,1,0,0,1,1,4,0,1,1,0,1,0,0000000,99,99,99,99,99,99,0,0,0,1,0
35,350301,1,1,0,2,31,0,7,3,2010,1,14,3,1,1,1,I-40,,319,35.41031944,-108.281508330,0,31,0,0,1,1,5,0,1,1,0,1,0,0000000,88,88,88,88,88,88,0,0,0,1,0
35,350302,1,1,0,1,1,30,15,4,2010,5,0,10,0,13,6,FAITH CT,CHELWOOD PARK,0,35.10037222,-106.506452780,0,33,0,0,2,2,4,0,3,1,0,1,0,0000000,99,99,99,99,99,99,0,0,0,1,0
35,350303,2,2,0,3,59,0,10,6,2010,5,15,2,1,2,2,US-64,,3865,36.64418056,-103.736772220,0,12,2,0,1,1,1,0,1,1,0,1,0,0000000,99,99,99,99,99,99,0,0,0,1,0
35,350304,1,1,0,1,25,0,20,11,2010,7,17,24,1,2,3,SR-18,,399,32.00014167,-103.133211110,0,1,0,0,1,1,2,0,2,1,0,1,0,0000000,88,88,88,88,88,88,0,0,0,1,1
35,350305,1,1,0,4,39,280,19,10,2010,3,8,0,1,2,3,SR-102,,0,36.00473611,-106.100675000,3,1,0,0,1,1,1,0,1,1,0,1,0,0000000,99,99,99,99,99,99,0,0,0,1,1
35,350306,2,2,0,2,39,280,17,9,2010,6,15,48,0,13,6,FAIRVIEW LANE,,0,36.00828333,-106.065102780,0,12,6,0,1,1,1,0,1,1,0,1,0,0000000,99,99,99,99,99,99,0,0,0,1,1
35,350307,3,3,0,3,1,30,29,10,2010,6,10,12,0,13,6,GIBSON BLVD,,0,35.05810556,-106.604719440,0,12,6,0,4,1,1,0,1,1,0,1,0,0000000,88,88,88,88,88,88,0,0,0,1,0
35,350309,2,2,0,2,45,335,9,11,2010,3,23,46,1,2,8,RT. 3005,,21,36.22211944,-108.599852780,3,12,2,0,1,1,1,0,2,1,0,1,0,0000000,99,99,99,99,99,99,0,0,0,1,1
35,350310,2,2,0,3,9,190,17,11,2010,4,21,40,0,13,6,GRAND,SYCAMORE,0,34.40060833,-103.187800000,0,12,6,0,2,2,1,0,3,1,0,1,0,0000000,99,99,99,99,99,99,0,0,0,1,0
35,350311,2,2,0,3,35,830,31,10,2010,1,19,47,1,13,2,US-70 CENTRAL AVE,CHERRY AVE,2295,33.08018056,-106.005363890,0,12,6,0,2,2,1,0,3,1,0,1,0,0000000,99,99,99,99,99,99,0,0,0,1,0
35,350312,2,2,0,6,45,745,24,12,2010,6,16,3,1,2,3,SR-371,N RT 3003,0,36.78353333,-108.700466670,3,12,6,0,2,2,1,0,5,1,0,1,0,0000000,99,99,99,99,99,99,0,0,0,1,0
35,350313,1,1,1,1,6,0,21,6,2010,2,12,25,1,2,3,SR-124,,202,35.03793889,-107.377625000,3,9,0,0,1,1,1,0,1,1,0,1,0,0000000,99,99,99,99,99,99,0,0,0,1,0
35,350314,1,1,0,2,47,480,15,5,2010,7,23,45,1,2,4,CR-A11A,,1560,35.63506944,-105.256411110,0,42,0,0,1,1,4,0,2,1,0,1,0,0000000,99,99,99,99,99,99,20,0,0,1,1
35,350315,2,2,0,4,1,30,27,8,2010,6,13,37,1,1,1,I-25,,2170,35.09252500,-106.633986110,0,12,7,1,18,1,1,0,1,1,0,1,0,0000000,99,99,99,99,99,99,0,0,0,1,0
35,350316,2,2,0,2,47,0,29,12,2010,4,20,21,1,1,1,I-25,,3425,35.51986111,-105.248508330,0,12,1,0,1,1,1,0,2,1,0,1,0,0000000,88,88,88,88,88,88,0,0,0,1,0
35,350317,2,2,0,3,43,110,19,12,2010,1,12,4,1,13,2,US-550,EDMUND RD,0,35.32458056,-106.563519440,0,12,6,0,2,3,1,0,1,1,0,1,0,0000000,99,99,99,99,99,99,0,0,0,1,0
35,350318,1,1,0,2,61,0,14,12,2010,3,7,0,1,2,8,SOUTH NAVAJO LOOP,,0,34.60785000,-106.721191670,0,1,0,0,1,1,1,0,1,1,0,1,0,0000000,99,99,99,99,99,99,0,0,0,1,0
35,350319,1,1,0,2,29,0,3,8,2010,3,13,45,1,1,1,I-10,,1000,32.20713611,-108.230525000,0,1,0,0,1,1,4,0,1,1,0,1,0,0000000,99,99,99,99,99,99,0,0,0,1,0
35,350320,1,1,0,4,25,0,13,6,2010,1,5,0,1,2,2,US-82,,1469,32.84267500,-103.814622220,0,1,0,0,1,1,1,0,2,1,0,1,0,0000000,99,99,99,99,99,99,0,0,0,1,0
35,350321,1,1,0,4,15,130,5,12,2010,1,4,14,1,13,2,US-285 NORTH CANAL,CANAL,0,32.42032778,-104.229097220,0,46,0,0,3,2,3,0,3,1,0,1,0,0000000,99,99,99,99,99,99,0,0,0,1,0
35,350322,1,1,0,2,13,34,17,10,2010,1,2,55,0,16,5,WEBB RD,DAIRYFARM RD,0,32.02052222,-106.635016670,0,59,0,0,3,3,4,0,2,1,0,1,0,0000000,99,99,99,99,99,99,0,0,0,1,1
35,350323,1,1,0,3,13,0,29,7,2010,5,8,8,1,1,1,I-10,,1114,32.25570833,-107.221063890,0,1,0,0,1,1,4,0,1,1,0,1,0,0000000,99,99,99,99,99,99,0,0,0,1,0
35,350324,1,1,0,2,43,110,14,2,2010,1,2,53,1,1,1,I-25,,2385,35.33214167,-106.523466670,0,1,0,0,1,1,4,0,2,1,0,1,0,0000000,99,99,99,99,99,99,0,0,0,1,1
35,350325,1,1,0,5,45,9997,9,5,2010,1,20,10,1,2,8,NAVAJO RT. 5,,128,36.43960556,-108.447780560,3,1,0,0,1,1,4,0,2,1,0,1,0,0000000,99,99,99,99,99,99,0,0,0,2,0
35,350326,1,1,0,3,6,127,2,10,2010,7,9,9,1,1,1,I-40,,1700,35.03864167,-107.490319440,0,1,0,0,1,1,3,0,1,1,0,1,0,0000000,88,88,88,88,88,88,0,0,0,1,0
35,350327,1,1,0,2,35,104,3,10,2010,1,13,0,1,1,2,US-70,,2400,33.11735278,-105.928202780,0,5,0,0,1,1,1,0,1,1,0,1,0,0000000,88,88,88,88,88,88,0,0,0,1,1
35,350328,1,1,0,1,45,0,14,7,2010,4,16,40,1,2,2,US-64,,728,36.73035556,-107.789955560,0,11,0,0,1,1,4,0,1,1,0,1,0,0000000,99,99,99,99,99,99,0,0,0,1,1
35,350330,1,1,0,1,53,0,5,11,2010,6,19,10,1,2,3,SR-169,,260,34.26372500,-107.385555560,0,1,0,0,1,1,4,0,2,1,0,1,0,0000000,88,88,88,88,88,88,0,0,0,1,1
35,350332,1,1,0,3,45,9997,17,1,2010,1,23,18,1,2,8,IR-365,,0,36.75713056,-108.574125000,0,1,0,0,1,1,4,0,2,1,0,1,0,0000000,99,99,99,99,99,99,0,0,0,1,1
35,350334,2,2,0,2,45,335,10,10,2010,1,20,18,1,2,8,IR-36,,130,36.76153056,-108.491727780,0,12,1,0,1,1,1,0,2,1,0,1,0,0000000,99,99,99,99,99,99,0,0,0,1,1
36,360001,1,1,0,1,29,750,22,2,2010,2,2,15,0,13,5,NIAGARA ST,W DELAVAN,0,42.92217778,-78.898486110,0,30,0,0,2,8,4,0,3,1,0,1,0,0000000,2,16,2,20,2,41,0,0,0,1,1
36,360002,1,1,0,1,1,1495,4,1,2010,2,22,4,0,15,5,WEMPLE RD,,0,42.58141667,-73.796366670,0,30,0,0,1,1,4,0,2,10,0,10,0,0000000,22,4,22,9,23,5,0,0,0,1,1
36,360003,1,1,0,3,103,5769,11,1,2010,2,21,34,0,16,5,SANDRA DR,,0,40.83106944,-73.184738890,0,33,0,0,1,1,4,0,3,1,0,1,0,0000000,21,44,21,44,99,99,0,0,0,1,0
36,360004,1,1,0,4,29,1844,1,1,2010,6,1,13,1,2,3,SR-400,,0,42.82870833,-78.676444440,0,1,0,0,1,1,4,0,2,4,0,4,0,0000000,1,13,1,20,2,25,0,0,0,1,0
36,360005,1,1,0,1,51,2829,4,1,2010,2,20,10,0,2,3,SR-436,,0,42.57836667,-77.966536110,0,43,0,0,1,1,4,0,2,10,0,10,0,0000000,20,15,20,21,21,1,0,0,0,1,1
36,360007,1,1,0,2,67,3310,14,1,2010,5,9,54,1,1,1,I-90,,2805,99.99990000,999.999900000,0,34,0,0,1,1,4,0,1,1,0,1,0,0000000,9,54,10,10,99,99,0,0,0,1,0
36,360008,1,1,1,0,29,1899,4,1,2010,2,13,15,0,16,5,LAKESIDE AVE,CENTRAL AVE,0,42.63863056,-79.079202780,0,8,0,0,3,9,1,0,1,4,0,4,0,0000000,13,29,13,35,14,30,0,0,0,1,0
36,360009,1,1,1,2,91,5470,14,1,2010,5,23,25,1,1,1,I-87,,0,43.05684722,-73.764697220,0,8,0,0,1,1,1,0,2,10,0,10,0,0000000,23,35,23,45,88,88,0,0,0,1,0
36,360010,1,1,0,1,83,1648,16,1,2010,7,9,38,0,16,4,RUGBY RD,PARK AVE,0,42.58972500,-73.705858330,0,42,0,0,3,8,4,0,1,1,0,1,0,0000000,99,99,99,99,99,99,0,0,0,1,0
36,360011,1,1,0,1,27,3760,4,1,2010,2,10,18,0,2,3,SR-343,,0,41.77028611,-73.628011110,0,52,0,0,1,1,4,0,1,1,0,1,0,0000000,10,18,10,43,11,30,0,0,0,1,0
36,360012,1,1,0,3,51,1450,6,2,2010,7,2,5,0,6,5,SAHRLES HILL RD,,0,42.55007778,-77.669691670,0,35,0,0,1,1,4,0,2,1,0,1,0,0000000,2,8,2,12,2,30,0,0,0,1,1
36,360013,1,1,1,1,87,4380,16,1,2010,7,13,13,1,2,3,SR-9W,OAK TREE RD,0,41.01125278,-73.913783330,0,8,0,0,3,1,1,0,1,10,0,10,0,0000000,13,16,13,22,13,46,0,0,0,1,0