STATE,ST_CASE,VE_TOTAL,VE_FORMS,PEDS,PERSONS,COUNTY,CITY,DAY,MONTH,YEAR,DAY_WEEK,HOUR,MINUTE,NHS,ROAD_FNC,ROUTE,TWAY_ID,TWAY_ID2,MILEPT,LATITUDE,LONGITUD,SP_JUR,HARM_EV,MAN_COLL,RELJCT1,RELJCT2,TYP_INT,REL_ROAD,WRK_ZONE,LGT_COND,WEATHER1,WEATHER2,WEATHER,SCH_BUS,RAIL,NOT_HOUR,NOT_MIN,ARR_HOUR,ARR_MIN,HOSP_HR,HOSP_MN,CF1,CF2,CF3,FATALS,DRUNK_DR
36,360014,1,1,0,1,67,1179,9,1,2010,7,7,10,1,2,3,SR-31,,0,43.17851944,-76.148127780,0,48,0,0,1,1,4,0,1,10,0,10,0,0000000,7,16,7,25,7,52,0,0,0,1,1
36,360015,1,1,0,2,9,4460,18,1,2010,2,12,57,0,6,5,BARNAM RD,,0,42.01933056,-78.420711110,0,42,0,0,1,1,4,0,1,1,0,1,0,0000000,12,58,13,0,13,27,0,0,0,1,0
36,360017,1,1,0,1,59,4600,9,1,2010,7,1,5,1,1,1,I-495,,0,40.78421389,-73.439697220,0,24,0,0,1,1,4,0,3,10,0,10,0,0000000,1,6,1,9,88,88,0,0,0,1,1
36,360018,1,1,1,1,81,4170,22,1,2010,6,5,58,1,1,1,I-678,,0,40.78314167,-73.824905560,0,8,0,0,1,1,1,0,3,1,0,1,0,0000000,99,99,99,99,99,99,0,0,0,1,0
36,360019,1,1,0,1,37,4725,16,1,2010,7,20,45,1,1,1,I-90,,399,99.99990000,999.999900000,0,1,0,0,1,1,3,0,2,10,0,10,0,0000000,20,45,20,52,99,99,0,0,0,1,0
36,360020,1,1,0,1,3,190,23,1,2010,7,8,48,0,6,5,HARRIGAN GULLY RD,CR-22A,0,42.08787222,-77.771572220,0,42,0,0,3,9,4,0,2,5,0,5,0,0000000,8,52,9,9,88,88,0,0,0,1,1
36,360021,1,1,0,1,71,1169,25,1,2010,2,4,30,0,5,6,BLOOMINGBURG RD,,0,41.55252500,-74.433961110,0,52,0,0,1,1,4,0,2,4,0,4,0,0000000,4,30,4,49,88,88,0,0,0,1,0
36,360022,1,1,1,1,63,3340,1,2,2010,2,18,50,0,14,5,DYSINGER RD,,0,43.13149444,-78.674383330,0,8,0,0,1,1,1,0,2,10,0,10,0,0000000,18,50,18,59,88,88,0,0,0,1,0
36,360023,1,1,0,1,103,2920,16,1,2010,7,5,33,0,14,5,COMMACK RD,43RD ST,0,40.74943611,-73.223361110,0,30,0,0,2,9,4,0,3,1,0,1,0,0000000,5,41,5,45,88,88,0,0,0,1,1
36,360024,1,1,0,1,59,4600,21,1,2010,5,4,47,0,16,5,BOUNDARY AVE,,0,40.71709444,-73.483108330,0,42,0,0,1,1,4,0,3,1,0,1,0,0000000,99,99,99,99,88,88,0,0,0,1,0
36,360025,1,1,0,5,103,2920,28,1,2010,5,4,44,0,16,5,WILSON BLVD,COCONUT ST,0,40.77124722,-73.206538890,0,42,0,0,2,8,4,0,3,1,0,1,0,0000000,99,99,99,99,99,99,0,0,0,2,1
36,360026,1,1,0,3,71,6645,23,1,2010,7,14,41,0,6,5,PINE HILL RD,,0,41.31861667,-74.578230560,0,42,0,0,1,1,4,0,1,1,0,1,0,0000000,14,41,14,50,15,20,0,0,0,1,0
36,360027,1,1,0,1,55,6510,29,1,2010,6,22,3,0,14,5,BAY RD,WOOD HARBOR TRAIL,0,43.22556667,-77.509983330,0,30,0,0,3,8,4,0,2,4,0,4,0,0000000,22,5,22,7,22,39,0,0,0,1,0
36,360028,1,1,1,1,5,4170,12,1,2010,3,18,10,0,13,6,BAYCHESTER AVE,EDENWALD AVE,0,40.89290000,-73.843661110,0,8,0,0,3,8,1,0,3,1,0,1,0,0000000,99,99,99,99,99,99,0,0,0,1,0
36,360029,1,1,0,1,17,30,28,1,2010,5,20,13,1,1,1,I-88,,26,99.99990000,999.999900000,0,42,0,0,1,1,4,0,3,10,0,10,0,0000000,20,15,99,99,88,88,0,0,0,1,0
36,360030,1,1,1,1,61,4170,12,2,2010,6,15,53,0,13,6,2ND AVE,E 23RD ST,0,40.73790833,-73.980913890,0,8,0,0,3,8,1,0,1,1,0,1,0,0000000,15,53,16,1,16,12,0,0,0,1,0
36,360031,2,2,1,2,29,2485,17,2,2010,4,0,54,0,15,5,LAKESHORE RD,HAWLEY RD,0,42.79434444,-78.846816670,0,8,0,0,3,2,1,0,3,1,0,1,0,0000000,0,55,0,59,88,88,0,0,0,1,0
36,360032,1,1,1,1,93,5550,2,1,2010,7,23,25,0,14,5,BROADWAY,,0,42.81200833,-73.943416670,0,8,0,0,1,1,1,0,3,1,0,1,0,0000000,23,25,23,25,23,35,0,0,0,1,0
36,360033,1,1,0,1,119,6040,3,2,2010,4,16,9,0,16,5,JACKSON AVE,S SPRAIN RD,0,40.98558333,-73.854958330,0,30,0,0,3,8,4,0,1,1,0,1,0,0000000,16,10,16,15,88,88,0,0,0,1,1
36,360034,1,1,0,1,29,750,28,2,2010,1,22,58,1,2,3,SR-33,,0,99.99990000,999.999900000,0,24,0,0,1,1,3,0,3,4,0,4,0,0000000,23,2,23,12,23,33,0,0,0,1,1
36,360035,2,2,0,4,29,2348,5,1,2010,3,18,24,0,16,5,GRAND ISLAND BLVD,,0,43.03508333,-78.975391670,0,12,6,0,1,1,1,0,3,4,0,4,0,0000000,18,24,18,28,18,59,0,0,0,2,0
36,360036,2,2,0,3,75,2569,17,2,2010,4,9,56,0,4,2,US-11,,0,43.32996944,-76.151283330,0,12,2,0,1,1,1,0,1,4,0,4,0,0000000,9,59,10,5,99,99,0,0,0,1,0
36,360037,1,1,1,1,61,4170,5,1,2010,3,16,0,1,13,6,DELANCEY ST,,0,40.71880278,-73.989272220,0,9,0,0,1,1,1,0,1,10,0,10,1,0000000,99,99,99,99,99,99,0,0,0,1,0
36,360038,2,2,0,2,107,6078,13,1,2010,4,6,11,0,4,3,SR-17C,SCHOONOVER RD,0,42.04726111,-76.354616670,0,12,6,0,2,8,1,0,1,10,0,10,0,0000000,6,11,6,15,88,88,0,0,0,1,1
36,360039,2,2,0,2,109,3146,8,1,2010,6,7,40,0,4,3,SR-34B,,0,42.58207778,-76.585391670,0,12,6,0,1,1,1,0,1,4,0,4,0,0000000,7,40,8,3,9,3,0,0,0,1,0
36,360040,2,2,0,2,33,5401,7,1,2010,5,11,16,0,6,5,BLUE MOUNTAIN RD,,0,44.59815278,-74.501358330,0,12,8,0,1,1,1,0,1,10,0,10,0,0000000,11,16,11,40,12,20,0,0,0,1,0
36,360041,2,2,0,2,29,6642,16,1,2010,7,4,28,0,15,5,SOUTHWESTERN BLVD,TRANSIT RD,0,42.81145833,-78.699702780,0,12,2,0,2,8,1,0,3,1,0,1,0,0000000,4,28,4,34,4,56,0,0,0,1,1
36,360042,3,3,0,7,39,6732,10,1,2010,1,9,36,0,4,3,SR-23,,0,42.31483056,-74.185997220,0,12,6,0,1,1,1,0,1,10,0,10,0,0000000,9,36,9,43,15,0,0,0,0,2,0
36,360043,3,3,0,5,119,4710,17,1,2010,1,11,29,1,2,3,SR-907W,,0,99.99990000,999.999900000,0,12,7,0,1,1,1,0,1,10,0,10,0,0000000,11,31,11,38,99,99,0,0,0,1,0
36,360044,2,1,0,2,39,970,11,1,2010,2,3,54,1,1,1,I-87,,1088,99.99990000,999.999900000,0,14,0,0,1,1,2,0,2,1,0,1,0,0000000,3,58,3,58,88,88,0,0,0,1,0
36,360045,2,2,0,5,45,1900,14,1,2010,5,20,58,1,2,3,SR-11,SR-26,0,44.08382500,-75.797252780,0,12,6,0,2,2,1,0,2,10,0,10,0,0000000,21,0,21,3,1,35,0,0,0,1,2
36,360046,2,2,0,2,109,1590,14,1,2010,5,17,15,0,4,3,SR-38,,0,42.54087500,-76.361761110,0,12,2,0,1,1,1,0,5,10,0,10,0,0000000,17,15,17,20,88,88,0,0,0,1,0
36,360047,2,2,0,4,21,1173,23,2,2010,3,15,53,1,2,3,SR-9H,,270,42.20648889,-73.730372220,0,12,6,0,1,1,1,0,1,4,0,4,0,0000000,15,53,15,57,17,22,0,0,0,1,0
36,360048,2,2,0,3,103,5870,27,2,2010,7,13,31,0,6,4,CR-48,ZACHS LANE,0,41.02808611,-72.497122220,0,12,6,0,2,2,1,0,1,1,0,1,0,0000000,13,32,13,35,14,15,0,0,0,1,0
36,360049,2,2,0,4,121,4750,6,1,2010,4,7,51,0,3,3,SR-20A,,270,42.74583333,-78.040283330,0,12,6,0,1,1,1,0,1,10,0,10,0,0000000,7,56,8,10,8,53,0,0,0,1,0
36,360050,1,1,1,1,29,6090,18,1,2010,2,11,51,0,16,6,SEYMOUR ST,BROAD ST,0,43.01834167,-78.879830560,0,8,0,0,3,2,1,0,1,10,0,10,0,0000000,11,51,11,53,12,9,0,0,0,1,0
36,360051,2,2,0,2,107,4580,28,2,2010,1,10,15,0,16,6,E BEECHER MILL RD,,0,42.12661944,-76.235333330,0,12,2,0,1,1,1,0,1,10,0,10,0,0000000,10,16,10,30,11,4,0,0,0,1,0
36,360052,2,2,0,2,103,2840,23,1,2010,7,7,59,1,1,1,I-495,,0,40.78526944,-73.444108330,0,12,1,0,1,1,1,0,1,1,0,1,0,0000000,8,0,8,15,99,99,0,0,0,1,0
36,360053,1,1,0,1,103,5810,9,2,2010,3,19,5,0,3,5,CR-105,,0,40.90888611,-72.641294440,0,1,0,0,1,1,4,0,2,1,0,1,0,0000000,19,12,19,15,99,99,0,0,0,1,1
36,360054,3,1,0,1,59,3360,3,1,2010,1,22,50,0,16,6,W WALNUT ST,,0,40.58761944,-73.666030560,0,14,0,0,1,1,7,0,3,1,0,1,0,0000000,22,51,22,53,23,10,0,0,0,1,0
36,360055,2,2,0,2,29,750,4,1,2010,2,14,26,0,16,5,PARKSIDE AVE,STARIN AVE,0,42.95248056,-78.843908330,0,12,6,0,2,8,1,0,1,4,0,4,0,0000000,14,28,14,33,14,43,0,0,0,1,0
36,360056,1,1,0,1,11,9997,31,1,2010,1,19,0,0,5,6,CREAM HOLLOW RD,,0,42.81101667,-76.381072220,0,42,0,0,1,1,6,0,3,10,0,10,0,0000000,19,32,19,39,88,88,0,0,0,1,0
36,360058,1,1,0,2,89,3580,2,2,2010,3,17,5,1,13,3,SR-37,E ORVIS ST,400,44.93900556,-74.868627780,0,31,0,0,2,9,4,0,1,10,0,10,0,0000000,17,6,17,8,19,10,0,0,0,1,0
36,360059,1,1,0,2,101,1360,16,1,2010,7,23,57,0,6,5,HARRIS RD,,0,42.04065556,-77.053194440,0,34,0,0,1,1,4,0,2,10,0,10,0,0000000,23,57,0,13,0,49,0,0,0,1,0
36,360060,2,2,0,2,71,1431,24,1,2010,1,12,36,0,16,5,NEVERSINK DR,,0,41.40604167,-74.634247220,0,12,2,0,1,1,1,0,1,4,0,4,0,0000000,12,36,12,50,16,19,0,0,0,1,0
36,360061,1,1,1,1,87,6210,19,1,2010,3,17,22,0,15,5,N BROADWAY,HIGHMOUNT AVE,0,41.09969722,-73.917216670,0,8,0,0,3,8,1,0,2,10,0,10,0,0000000,17,22,17,25,17,40,0,0,0,1,0
36,360062,1,1,0,2,67,5740,22,2,2010,2,15,50,0,4,4,LEE MULROY RD,,0,42.94995278,-76.374291670,0,42,0,0,1,1,6,0,1,10,0,10,0,0000000,99,99,99,99,99,99,0,0,0,1,0
36,360063,1,1,0,6,67,4903,7,2,2010,1,2,16,0,6,5,SWAMP RD,,0,99.99990000,999.999900000,0,42,0,0,1,1,4,0,2,1,0,1,0,0000000,2,16,2,25,3,15,0,0,0,1,1
36,360064,2,2,0,2,55,2395,15,1,2010,6,12,28,0,14,5,DEWEY AVE,ENGLISH RD,0,43.23834167,-77.646838890,0,12,6,0,2,8,1,0,1,10,0,10,0,0000000,12,28,12,31,99,99,0,0,0,1,0
36,360065,1,1,0,1,63,6730,20,2,2010,7,11,23,0,3,4,CAMBRIA-WILSON RD,,0,43.28083056,-78.826216670,0,30,0,0,1,1,4,0,1,10,0,10,0,0000000,11,24,11,34,12,26,0,0,0,1,0
36,360066,1,1,0,1,59,4090,24,1,2010,1,4,46,0,16,6,SHEPHERD LANE,,0,99.99990000,999.999900000,0,42,0,0,1,1,4,0,3,1,0,1,0,0000000,99,99,99,99,99,99,0,0,0,1,0
36,360067,1,1,1,1,87,5980,24,1,2010,1,1,24,0,16,5,PROSPECT ST,WALNUT ST,0,41.23563889,-73.986397220,0,8,0,0,3,8,1,0,3,10,0,10,0,0000000,1,25,1,27,99,99,0,0,0,1,1
36,360068,2,2,0,2,31,3110,5,1,2010,3,19,40,0,6,5,MILL POND RD,,0,44.28072778,-73.995538890,0,12,2,0,1,1,1,0,3,10,0,10,0,0000000,99,99,99,99,99,99,0,0,0,1,1
36,360069,2,2,0,2,81,4170,12,2,2010,6,20,0,1,1,1,I-495,,0,40.73639722,-73.927088890,0,12,1,0,1,1,1,0,3,1,0,1,0,0000000,99,99,99,99,99,99,0,0,0,1,1
36,360070,1,1,0,1,117,6710,11,2,2010,5,22,57,0,6,5,POUND RD,,0,43.24260833,-77.176916670,0,34,0,0,1,1,4,0,2,10,0,10,0,0000000,22,59,23,7,88,88,0,0,0,1,1
36,360071,2,2,0,2,17,4050,9,1,2010,7,15,57,0,6,5,CASEY CHEESE FACTOR,,0,42.71132778,-75.412644440,0,12,6,0,8,1,1,0,1,4,0,4,0,0000000,15,57,16,3,99,99,0,0,0,1,0
36,360072,1,1,0,1,51,1450,15,2,2010,2,22,49,0,4,3,SR-256,,48,42.62845833,-77.696638890,0,1,0,0,1,1,1,0,2,4,0,4,0,0000000,22,50,23,0,88,88,0,0,0,1,1
36,360073,1,1,0,2,103,5870,13,2,2010,7,4,5,0,2,4,CR-48,,0,41.07743333,-72.424380560,0,30,0,0,1,1,4,0,2,1,0,1,0,0000000,4,5,4,14,4,36,0,0,0,1,0
36,360074,1,1,1,1,47,4170,1,1,2010,6,18,44,0,16,6,W 6TH ST,AVE O,0,40.61066111,-73.980216670,0,8,0,0,3,2,1,0,3,10,0,10,0,0000000,99,99,99,99,99,99,0,0,0,1,1
36,360075,1,1,0,6,47,4170,17,1,2010,1,3,30,0,14,6,KINGS HWY SRVC RD,,0,40.64880000,-73.924083330,0,30,0,0,1,1,4,0,3,1,0,1,0,0000000,99,99,99,99,99,99,0,0,0,1,1
36,360076,1,1,0,1,3,2190,27,1,2010,4,19,0,0,6,5,PIGTAIL RD,,0,42.23203333,-78.112144440,0,34,0,0,1,1,4,0,2,10,0,10,0,0000000,19,58,20,25,88,88,0,0,0,1,1
36,360077,2,2,1,3,59,2600,1,2,2010,2,10,41,0,15,6,FULTON AVE,BENNETT AVE,0,40.70972778,-73.616552780,0,12,6,0,2,2,1,0,1,1,0,1,0,0000000,99,99,99,99,99,99,15,0,0,1,0
36,360078,1,1,0,1,71,1370,9,1,2010,7,9,56,0,5,5,MINERAL SPRINGS RD,,0,41.37780000,-74.073419440,0,35,0,0,1,1,4,0,1,1,0,1,0,0000000,9,56,10,17,11,5,0,0,0,1,0
36,360079,1,1,1,0,29,1117,11,1,2010,2,9,29,0,5,6,GENESEE ST,,0,42.91876667,-78.798236110,0,8,0,0,1,1,1,0,1,10,0,10,0,0000000,9,33,9,38,88,88,0,0,0,1,0
36,360080,1,1,0,1,77,6170,3,2,2010,4,22,0,0,6,6,BUTTERNUT RD,LEIZEAR HILL RD,0,42.37978611,-75.307588890,0,1,0,0,3,3,4,0,2,4,0,4,0,0000000,7,15,7,25,88,88,0,0,0,1,1
36,360081,1,1,0,2,35,1560,25,1,2010,2,1,30,0,6,4,CR-120,,0,43.07245556,-74.754905560,0,52,0,0,1,1,4,0,2,2,0,2,0,0000000,10,45,11,0,12,0,0,0,0,2,1
36,360082,2,2,0,3,37,4725,17,2,2010,4,16,52,0,3,3,SR-5,,0,42.99761667,-78.329086110,0,12,6,0,1,1,1,0,1,4,0,4,0,0000000,16,53,16,56,17,33,0,0,0,1,0
36,360083,1,1,1,1,103,705,7,1,2010,5,18,21,0,16,6,HANS BLVD,,0,40.83184444,-73.097922220,0,8,0,0,1,1,1,0,3,1,0,1,0,0000000,99,99,99,99,99,99,0,0,0,1,0
36,360084,2,1,1,2,25,1454,19,2,2010,6,5,3,0,4,3,SR-23,,0,42.46272778,-74.882125000,0,31,0,0,1,1,4,0,2,4,0,4,0,0000000,5,3,5,14,6,0,15,0,0,1,0
36,360085,1,1,1,1,29,1500,21,1,2010,5,17,43,0,16,6,PENORA ST,,0,42.89649722,-78.687430560,0,8,0,0,1,1,1,0,3,10,0,10,0,0000000,17,43,17,44,18,19,0,0,0,1,0
36,360086,2,2,0,2,103,2920,22,2,2010,2,2,19,1,12,3,SR-27,,0,40.76968611,-73.058997220,0,12,1,0,1,1,1,0,2,1,0,1,0,0000000,2,19,2,32,99,99,0,0,0,1,1
36,360087,2,2,0,3,75,4540,24,2,2010,4,14,34,0,4,3,SR-104A,,0,43.40317778,-76.581316670,0,12,2,0,1,1,1,0,1,10,0,10,0,0000000,14,34,14,50,16,30,0,0,0,1,0
36,360088,2,2,0,2,69,6280,25,2,2010,5,6,44,1,1,1,I-90,,3509,99.99990000,999.999900000,0,12,6,1,5,1,1,0,4,4,0,4,0,0000000,6,44,6,56,7,33,0,0,0,1,0
36,360089,1,1,1,1,81,4170,5,3,2010,6,1,20,0,14,6,WOODHAVEN BLVD,,0,40.69313333,-73.852413890,0,8,0,0,1,1,1,0,3,1,0,1,0,0000000,99,99,99,99,99,99,0,0,0,1,0
36,360090,1,1,1,1,61,4170,5,3,2010,6,19,25,0,14,6,E 79 ST,,0,40.77319722,-73.954811110,0,8,0,0,1,1,1,0,3,1,0,1,0,0000000,99,99,99,99,99,99,0,0,0,1,0
36,360091,3,2,1,1,103,360,18,1,2010,2,18,42,0,3,6,OCEAN PARKWAY,,0,40.64066111,-73.268508330,0,12,1,0,1,1,1,0,3,10,0,10,0,0000000,18,46,18,50,99,99,0,0,0,1,0
36,360092,1,1,1,1,59,4600,20,1,2010,4,11,0,0,14,6,BROADWAY,,0,40.69092222,-73.465644440,0,8,0,0,1,1,1,0,1,1,0,1,0,0000000,11,3,11,4,99,99,0,0,0,1,0
36,360093,2,1,1,1,5,4170,23,1,2010,7,21,20,0,14,6,EAST GUN HILL RD,HOLLAND AVE,0,40.87685556,-73.864861110,0,33,0,0,2,2,5,0,3,1,0,1,0,0000000,99,99,99,99,99,99,0,0,0,1,0
36,360094,2,2,0,2,21,1173,28,1,2010,5,7,55,1,2,3,SR-9H,,300,42.21211944,-73.730869440,0,12,2,0,1,1,1,0,1,4,0,4,0,0000000,7,55,7,59,99,99,0,0,0,1,0
36,360095,6,3,1,5,61,4170,29,1,2010,6,19,51,0,14,6,AMSTERSDAM AVE,W 87 ST,0,40.78840556,-73.974894440,0,12,6,0,2,2,1,0,3,1,0,1,0,0000000,99,99,99,99,99,99,20,0,0,1,0
36,360096,2,2,0,2,29,3140,27,2,2010,7,7,45,0,14,6,WALDEN AVE,,0,42.92943889,-78.587936110,0,12,6,0,1,1,1,0,1,4,0,4,0,0000000,7,49,7,57,88,88,0,0,0,1,0
36,360097,1,1,1,2,59,2600,7,2,2010,1,15,13,0,16,6,FRONT ST,MAPLE AVE,0,40.70946667,-73.594922220,0,8,0,0,3,2,1,0,1,1,0,1,0,0000000,99,99,99,99,99,99,0,0,0,1,0
36,360098,2,2,1,3,59,2600,14,2,2010,1,3,17,0,14,6,NASSAU RD,W ROOSEVELT AVE,0,40.68281944,-73.592005560,0,8,0,0,3,2,1,0,3,1,0,1,0,0000000,99,99,99,99,99,99,0,0,0,1,0
36,360099,1,1,1,1,59,4335,30,1,2010,7,19,15,0,13,6,FRANKLIN AVE,LINDEN ST,0,40.68076389,-73.685394440,0,8,0,0,3,3,1,0,3,1,0,1,0,0000000,99,99,99,99,99,99,0,0,0,1,0
36,360100,1,1,1,2,43,2610,20,2,2010,7,4,30,1,1,1,I-90,,2168,99.99990000,999.999900000,0,8,0,0,1,1,1,0,2,3,0,3,0,0000000,4,30,4,45,88,88,0,0,0,1,0
36,360101,2,2,0,3,69,2769,19,2,2010,6,12,5,0,6,5,CR-37,,0,42.82346111,-77.533025000,0,12,6,0,1,1,1,0,1,10,0,10,0,0000000,12,5,12,10,13,11,0,0,0,1,0
36,360103,2,2,0,2,75,4800,25,2,2010,5,7,35,0,4,4,CR-6,,0,43.27439444,-76.317730560,0,12,6,0,1,1,1,0,1,4,0,4,0,0000000,7,35,7,44,8,25,0,0,0,1,0
36,360104,1,1,0,1,59,4600,3,3,2010,4,0,45,0,14,6,N BROADWAY,,0,40.79555278,-73.540763890,0,42,0,0,1,1,4,0,2,10,0,10,0,0000000,99,99,99,99,99,99,0,0,0,1,1
36,360105,1,1,0,1,9,2393,4,3,2010,5,4,10,0,6,6,HUMPHREY RD,,0,42.23849444,-78.520833330,0,42,0,0,1,1,4,0,2,1,0,1,0,0000000,4,10,99,99,88,88,0,0,0,1,1
36,360106,5,2,0,2,21,1173,5,3,2010,6,14,17,1,13,3,SR-9H & 23,,0,42.19857500,-73.735555560,0,12,2,0,1,1,1,0,1,1,0,1,0,0000000,14,20,14,28,88,88,14,20,0,1,0
36,360107,2,2,0,2,87,4063,16,1,2010,7,14,32,0,16,6,SECOND AVE,,0,41.11088333,-74.035922220,0,12,6,0,8,1,1,0,1,1,0,1,0,0000000,14,32,14,40,15,7,0,0,0,1,0
36,360108,2,2,0,2,29,1288,7,3,2010,1,11,36,0,4,3,SR-75,SHIRLEY RD,0,42.57722778,-78.842097220,0,12,6,0,2,2,1,0,1,1,0,1,0,0000000,11,36,11,36,99,99,0,0,0,1,1
36,360109,1,1,1,1,61,4170,4,1,2010,2,19,14,0,16,6,LEXINGTON AVE,E 42ND ST,0,40.75141944,-73.976525000,0,8,0,0,3,2,1,0,3,1,0,1,0,0000000,99,99,99,99,99,99,0,0,0,1,0
36,360110,1,1,0,1,59,4600,4,3,2010,5,17,8,0,16,6,CHERRY AVE,,0,40.75502778,-73.479480560,0,38,0,0,1,1,4,0,1,10,0,10,0,0000000,99,99,99,99,99,99,0,0,0,1,0
36,360111,2,2,0,2,7,1119,11,3,2010,5,11,17,0,13,3,SR-12,,0,42.19622222,-75.864716670,0,12,2,0,1,1,1,0,1,1,0,1,0,0000000,11,56,12,29,88,88,0,0,0,1,0
36,360112,1,1,0,1,55,5230,11,3,2010,5,18,54,0,12,3,SR-104,,0,43.19510278,-77.585450000,0,30,0,0,1,1,4,0,3,10,0,10,0,0000000,18,54,18,59,19,24,0,0,0,1,0
36,360113,1,1,1,1,5,4170,17,3,2010,4,8,25,0,16,6,CROTONA AVE,,0,40.84426944,-73.891038890,0,9,0,0,1,1,1,0,1,1,0,1,0,0000000,8,26,8,29,88,88,0,0,0,1,0
36,360114,5,5,0,7,81,4170,14,1,2010,5,3,57,0,5,6,GRAND CENTRAL PARKWA,AVON RD,0,40.72042778,-73.782591670,0,12,7,0,3,3,1,0,3,1,0,1,0,0000000,99,99,99,99,99,99,0,0,0,1,1
36,360115,2,2,0,3,71,2320,19,1,2010,3,15,0,0,6,5,SARAH WELLS TRAIL,,0,41.41186944,-74.303011110,0,12,6,0,1,1,1,0,1,2,0,2,0,0000000,15,0,15,7,15,38,0,0,0,1,0
36,360116,2,2,0,2,53,3195,25,2,2010,5,8,10,0,3,3,SR-12B,,0,42.79319722,-75.559416670,0,12,6,0,1,1,2,0,1,4,0,4,0,0000000,8,10,8,17,88,88,0,0,0,1,0
36,360117,1,1,0,1,119,6040,3,3,2010,4,22,16,0,16,6,JACKSON AVE,,0,40.98858056,-73.847350000,0,35,0,0,1,1,4,0,3,10,0,10,0,0000000,99,99,99,99,88,88,0,0,0,1,1
36,360118,2,2,0,2,1,1290,6,3,2010,7,21,51,0,16,6,OAK ST,WASHINGTON AVE,0,42.70236944,-73.817952780,0,12,6,0,2,2,1,0,3,1,0,1,0,0000000,21,54,22,3,22,41,0,0,0,1,1
36,360119,2,2,0,2,103,2840,27,1,2010,4,19,25,1,13,3,SR-25A,,598,40.88549722,-73.374666670,0,12,2,0,1,1,1,0,3,1,0,1,0,0000000,19,29,19,36,99,99,0,0,0,1,0
36,360120,1,1,0,1,69,6280,21,3,2010,1,3,20,0,6,5,VALENTOWN RD,,0,43.02735000,-77.419238890,0,35,0,0,1,1,4,0,2,1,0,1,0,0000000,3,20,3,29,88,88,0,0,0,1,1
36,360121,1,1,0,1,101,20,8,3,2010,2,1,30,0,6,5,SULLIVAN RD,,0,42.05655833,-77.250388890,0,34,0,0,1,1,4,0,2,1,0,1,0,0000000,3,12,3,25,99,99,0,0,0,1,1
36,360122,2,2,0,4,59,2600,30,1,2010,7,4,30,0,14,6,ROCKAWAY TPK,,0,40.63311389,-73.739186110,0,12,1,0,1,1,1,0,3,1,0,1,0,0000000,4,31,4,32,5,5,0,0,0,1,1
36,360123,2,2,0,4,55,652,6,2,2010,7,11,54,1,13,3,SR-15,CRITTENDEN RD,214,43.10424167,-77.627772220,0,12,6,0,2,2,1,0,1,10,0,10,0,0000000,11,57,12,4,12,27,0,0,0,1,0
36,360124,1,1,0,2,67,1800,13,3,2010,7,7,58,1,1,1,I-90,,296,99.99990000,999.999900000,0,31,0,0,1,1,4,0,1,1,0,1,0,0000000,7,58,8,5,99,99,0,0,0,1,0
36,360125,2,1,0,3,123,5952,19,3,2010,6,19,40,1,2,3,SR-14,,0,42.55219444,-76.919627780,0,14,0,0,1,1,2,0,2,1,0,1,0,0000000,19,45,19,52,20,19,0,0,0,1,0
36,360126,1,1,2,1,5,4170,18,2,2010,5,20,13,0,13,6,BROADWAY,,0,40.89250833,-73.896847220,0,8,0,0,1,1,1,0,3,10,0,10,0,0000000,99,99,99,99,99,99,0,0,0,1,0
36,360127,2,2,1,3,81,4170,9,1,2010,7,4,41,1,12,3,SR-907M,,67,99.99990000,999.999900000,0,8,0,0,1,1,1,0,3,1,0,1,0,0000000,99,99,99,99,88,88,0,0,0,1,0
36,360128,2,2,0,10,103,5810,2,2,2010,3,7,42,0,6,4,CR-63,CR-51,0,40.89691389,-72.680977780,0,12,6,0,2,2,1,0,1,10,0,10,0,0000000,99,99,99,99,99,99,0,0,0,1,0
36,360129,2,2,1,2,119,474,26,1,2010,3,20,38,1,1,1,I-684,,425,99.99990000,999.999900000,0,8,0,0,1,1,1,0,2,1,0,1,0,0000000,20,39,20,44,88,88,0,0,0,1,0
36,360130,1,1,1,1,55,4840,17,3,2010,4,6,27,0,16,5,FAIRPORT RD,ALPINE DR,0,43.11421389,-77.512875000,0,8,0,0,3,3,1,0,3,1,0,1,0,0000000,6,28,6,33,7,3,0,0,0,1,0
36,360131,2,2,0,2,25,2487,24,3,2010,4,7,55,0,3,3,SR-10,,280,42.18733056,-75.001808330,0,12,2,0,1,1,1,0,1,10,0,10,0,0000000,7,56,8,2,99,99,0,0,0,1,0
36,360132,1,1,1,3,105,1954,24,2,2010,4,15,0,0,6,5,ESTATE DR,,0,41.72864722,-74.621350000,0,8,0,0,1,1,1,0,1,2,0,2,0,0000000,15,2,15,14,15,43,0,0,0,1,0
36,360133,1,1,0,3,67,1800,6,3,2010,7,22,34,1,2,3,SR-31,,0,43.08694444,-76.417422220,0,42,0,0,1,1,4,0,2,1,0,1,0,0000000,22,42,22,50,23,30,0,0,0,2,0
36,360134,1,1,0,2,3,3291,24,3,2010,4,16,10,0,6,5,PORTVILLE CERES RD,,0,42.00740556,-78.298069440,0,32,0,0,1,1,4,0,1,1,0,1,0,0000000,16,10,16,15,20,0,0,0,0,1,0
36,360135,1,1,0,2,29,3140,11,3,2010,5,23,5,0,6,5,SCHWARTZ RD,,0,42.87018611,-78.607058330,0,42,0,0,1,1,4,0,3,10,0,10,0,0000000,23,5,23,10,23,35,0,0,0,1,1