STATE,ST_CASE,VE_TOTAL,VE_FORMS,PEDS,PERSONS,COUNTY,CITY,DAY,MONTH,YEAR,DAY_WEEK,HOUR,MINUTE,NHS,ROAD_FNC,ROUTE,TWAY_ID,TWAY_ID2,MILEPT,LATITUDE,LONGITUD,SP_JUR,HARM_EV,MAN_COLL,RELJCT1,RELJCT2,TYP_INT,REL_ROAD,WRK_ZONE,LGT_COND,WEATHER1,WEATHER2,WEATHER,SCH_BUS,RAIL,NOT_HOUR,NOT_MIN,ARR_HOUR,ARR_MIN,HOSP_HR,HOSP_MN,CF1,CF2,CF3,FATALS,DRUNK_DR
36,360136,1,1,0,2,33,2080,21,3,2010,1,2,47,0,6,5,CR-43,,0,44.99096667,-74.525133330,0,35,0,0,1,1,4,0,2,10,0,10,0,0000000,2,47,2,50,3,19,0,0,0,2,1
36,360137,2,2,0,7,105,532,24,1,2010,1,12,0,0,3,3,SR-55,,10,41.71202500,-74.801919440,0,12,6,0,1,1,1,0,1,2,0,2,0,0000000,12,4,12,21,13,10,0,0,0,1,0
36,360138,1,1,1,1,47,4170,15,3,2010,2,7,18,0,15,6,HARRING ST,,0,40.58984167,-73.938858330,0,8,0,0,1,1,1,0,1,99,0,99,0,0000000,99,99,99,99,99,99,0,0,0,1,0
36,360139,2,2,0,2,93,5550,24,3,2010,4,18,34,0,15,5,LAKEHILL RD,HIGHMILLS/SCOTCHBUSH,0,42.90816111,-73.911122220,0,12,6,0,2,2,1,0,5,1,0,1,0,0000000,18,34,19,18,19,44,0,0,0,1,0
36,360140,1,1,0,2,19,142,10,2,2010,4,16,33,0,6,5,ATWOOD RD,,0,44.82063056,-73.549605560,0,42,0,0,1,1,4,0,1,1,0,1,0,0000000,16,33,16,42,17,1,0,0,0,1,0
36,360141,2,2,0,3,91,5470,19,3,2010,6,18,40,1,1,1,I-87,,302,99.99990000,999.999900000,0,12,7,0,1,1,1,0,1,1,0,1,0,0000000,18,45,18,50,20,2,0,0,0,1,0
36,360142,1,1,0,1,63,4729,11,3,2010,5,18,14,0,6,5,MAPLETON RD,,0,99.99990000,999.999900000,0,34,0,0,1,1,4,0,1,1,0,1,0,0000000,18,16,18,22,18,59,0,0,0,1,0
36,360143,2,2,0,3,29,6642,21,3,2010,1,19,6,1,1,1,I-90,,4269,99.99990000,999.999900000,0,12,1,0,1,1,1,0,1,1,0,1,0,0000000,19,6,19,15,19,50,0,0,0,1,1
36,360144,2,2,0,3,103,5210,13,3,2010,7,13,14,0,16,6,SOUND AVE,,0,40.95591389,-72.781400000,0,12,6,0,1,1,1,0,1,2,0,2,0,0000000,13,18,13,29,99,99,0,0,0,1,0
36,360145,2,2,0,3,39,290,30,3,2010,3,11,29,1,1,1,I-87,,1163,99.99990000,999.999900000,0,12,2,0,1,1,1,0,1,2,0,2,0,0000000,11,30,11,35,12,51,0,0,0,2,0
36,360146,2,2,0,2,59,2600,17,3,2010,4,16,39,0,13,6,LAWSON BLVD,,0,99.99990000,999.999900000,0,12,6,0,4,1,1,0,1,1,0,1,1,0000000,99,99,99,99,99,99,0,0,0,1,1
36,360147,2,2,0,2,29,6090,1,4,2010,5,16,43,0,16,5,ELLICOTT CREEK RD,COLVIN BLVD,0,43.01228889,-78.846752780,0,12,6,0,2,2,1,0,1,1,0,1,0,0000000,16,44,16,52,17,12,0,0,0,1,0
36,360148,3,1,0,2,59,4600,14,1,2010,5,10,12,0,15,5,UNQUA RD,,0,40.67523611,-73.439516670,0,14,0,0,1,1,7,0,1,1,0,1,0,0000000,99,99,99,99,99,99,0,0,0,1,0
36,360149,1,1,0,1,83,5540,28,3,2010,1,18,17,0,6,5,KARDAS RD,,0,42.93429167,-73.549497220,0,34,0,0,1,1,4,0,1,1,0,1,0,0000000,18,19,18,21,19,24,0,0,0,1,0
36,360150,1,1,0,1,119,6820,1,4,2010,5,22,28,1,1,1,I-87,,0,99.99990000,999.999900000,0,24,0,0,1,1,3,0,2,1,0,1,0,0000000,99,99,99,99,99,99,0,0,0,1,0
36,360151,1,1,0,1,83,5540,3,4,2010,7,18,31,0,5,5,MASTER ST,,0,42.92239722,-73.526172220,0,34,0,0,1,1,4,0,1,1,0,1,0,0000000,18,34,18,42,88,88,0,0,0,1,1
36,360152,2,2,0,5,55,5230,16,3,2010,3,18,2,0,16,6,CLEVELAND ST,PUTNAM ST,0,43.17076389,-77.599794440,0,12,6,0,2,3,1,0,1,1,0,1,0,0000000,18,2,18,9,18,37,0,0,0,1,2
36,360153,1,1,1,1,67,6010,13,3,2010,7,20,27,0,16,5,CATHERINE ST,,0,43.05722500,-76.144888890,0,8,0,0,1,1,1,0,3,2,0,2,0,0000000,99,99,99,99,99,99,0,0,0,1,1
36,360154,2,2,0,3,27,1221,19,3,2010,6,16,24,0,5,5,HOLLOW RD,,0,41.85159722,-73.874516670,0,12,6,0,1,1,1,0,1,1,0,1,0,0000000,16,26,16,33,17,9,0,0,0,2,0
36,360155,1,1,1,1,47,4170,6,1,2010,4,14,27,0,13,6,CONEY ISLAND AVE,,0,40.57806667,-73.959633330,0,8,0,0,1,1,1,0,1,1,0,1,0,0000000,99,99,99,99,99,99,0,0,0,1,0
36,360156,2,2,0,2,5,4170,4,4,2010,1,18,15,0,16,6,LELAND AVE,,0,40.82356111,-73.861533330,0,12,2,0,4,1,1,0,1,1,0,1,0,0000000,18,15,18,18,18,33,0,0,0,1,0
36,360157,1,1,0,1,59,2600,30,1,2010,7,5,55,0,14,5,BROADWAY,HERRICK DR,0,40.61315556,-73.732488890,0,30,0,0,3,2,4,0,3,10,0,10,0,0000000,5,59,6,7,6,50,0,0,0,1,0
36,360158,1,1,0,1,115,6660,30,3,2010,3,7,33,1,2,3,SR-4,,0,43.53352222,-73.410902780,0,51,0,0,1,1,4,0,1,10,0,10,0,0000000,7,34,7,51,88,88,0,0,0,1,0
36,360159,1,1,0,2,111,6350,28,3,2010,1,10,51,0,6,5,LONG LN,,0,41.64594722,-74.211058330,0,11,0,0,1,1,1,0,1,1,0,1,0,0000000,10,52,10,58,11,58,0,0,0,1,0
36,360160,1,1,0,1,53,1010,2,4,2010,6,18,30,0,6,5,GORGE RD,,0,42.94990556,-75.839138890,0,24,0,0,1,1,4,0,1,1,0,1,0,0000000,18,35,18,35,19,20,0,0,0,1,0
36,360161,1,1,0,1,69,4770,6,4,2010,3,12,27,0,2,3,SR-14,,0,99.99990000,999.999900000,0,26,0,0,1,1,1,1,1,1,0,1,0,0000000,12,29,12,41,13,11,0,0,0,1,1
36,360162,1,1,0,1,101,6770,4,4,2010,1,13,55,0,6,5,LUNGER RD,,0,42.02499167,-77.346672220,0,1,0,0,1,1,1,0,1,1,0,1,0,0000000,13,55,14,10,15,8,0,0,0,1,0
36,360163,1,1,0,1,51,3200,6,4,2010,3,1,30,0,6,5,CALEDONIA RD,,0,42.79118056,-77.883538890,0,35,0,0,1,1,4,0,3,10,0,10,0,0000000,4,53,4,55,99,99,0,0,0,1,1
36,360164,1,1,0,3,111,5,7,4,2010,4,15,25,0,5,5,SAMSONVILLE RD,,0,41.80970833,-74.309636110,0,42,0,0,1,1,4,0,1,1,0,1,0,0000000,15,25,15,27,18,0,0,0,0,2,1
36,360165,1,1,1,1,63,3340,30,3,2010,3,9,53,0,16,6,WALNUT ST,COTTAGE ST,0,43.16838333,-78.693847220,0,8,0,0,3,3,1,0,1,1,0,1,0,0000000,9,53,9,55,10,22,0,0,0,1,0
36,360166,1,1,1,1,71,3830,7,4,2010,4,19,25,0,6,5,FOREST RD,STRELISK CT,0,41.33845278,-74.171672220,0,15,0,0,3,3,1,0,5,1,0,1,0,0000000,19,31,19,32,20,30,0,0,0,1,0
36,360167,1,1,1,1,81,4170,22,1,2010,6,12,30,0,13,6,UNION TURNPIKE,182ND ST,0,40.72748611,-73.786605560,0,8,0,0,3,3,1,0,1,1,0,1,0,0000000,99,99,99,99,99,99,0,0,0,1,0
36,360168,2,2,0,3,83,5540,8,4,2010,5,11,52,0,3,3,SR-40,,0,42.87817222,-73.606455560,0,12,2,0,1,1,1,0,1,1,0,1,0,0000000,11,55,12,1,14,57,0,0,0,2,0
36,360169,1,1,0,3,59,4090,18,3,2010,5,2,15,0,16,5,BROADWAY,5TH AVE,0,40.73620278,-73.666377780,0,33,0,0,3,3,4,0,3,1,0,1,0,0000000,99,99,99,99,99,99,0,0,0,1,1
36,360170,1,1,1,1,81,4170,1,2,2010,2,10,37,0,16,6,SENECA AVE,GATES AVE,0,40.70328611,-73.908463890,0,8,0,0,3,2,1,0,1,1,0,1,1,0000000,99,99,99,99,99,99,0,0,0,1,0
36,360171,1,1,0,1,71,4060,25,3,2010,5,13,43,0,6,5,FOREST RD,,0,41.59210000,-74.117916670,0,31,0,0,1,1,4,0,1,10,0,10,0,0000000,13,43,14,25,99,99,0,0,0,1,0
36,360172,5,5,0,6,59,4600,7,4,2010,4,17,54,0,13,3,SR-107,CENTRAL AVE,51,40.73956944,-73.495372220,0,12,6,0,2,3,1,0,1,1,0,1,0,0000000,17,54,17,56,99,99,0,0,0,2,0
36,360173,1,1,0,3,83,940,29,3,2010,2,7,54,0,5,5,MAPLE HILL RD,,0,42.53165833,-73.734913890,0,42,0,0,1,1,4,0,1,2,0,2,0,0000000,7,57,8,0,8,49,0,0,0,1,0
36,360174,1,1,0,1,121,5994,3,4,2010,7,12,6,1,2,3,SR-20A,,0,42.77234444,-78.374061110,0,24,0,0,1,1,4,0,1,1,0,1,0,0000000,12,8,12,25,12,49,0,0,0,1,0
36,360175,1,1,0,1,11,6520,6,4,2010,3,21,15,0,3,3,SR-34,,0,43.02953056,-76.563483330,0,24,0,0,1,1,4,0,2,5,0,5,0,0000000,21,16,21,21,21,56,0,0,0,1,1
36,360176,1,1,1,3,29,750,9,4,2010,6,16,45,0,16,5,PORTER AVE,,0,42.90168333,-78.891619440,0,8,0,0,1,1,1,0,1,10,0,10,0,0000000,16,48,16,57,17,9,0,0,0,1,0
36,360177,1,1,1,2,81,4170,23,2,2010,3,18,35,0,14,6,FOREST AVE,69TH AVE,0,40.70178889,-73.900716670,0,8,0,0,3,2,1,0,3,2,0,2,0,0000000,99,99,99,99,99,99,0,0,0,1,0
36,360178,1,1,1,3,81,4170,9,4,2010,6,6,40,0,16,6,LEFFERTS BLVD,LIBERTY AVE,0,40.68622778,-73.824172220,0,8,0,0,3,2,1,0,1,2,0,2,0,0000000,99,99,99,99,99,99,0,0,0,1,0
36,360179,1,1,1,1,61,4170,6,4,2010,3,12,37,0,13,6,E 57TH ST,1ST AVE,0,40.75831111,-73.962944440,0,8,0,0,3,9,1,0,1,1,0,1,0,0000000,99,99,99,99,99,99,0,0,0,1,0
36,360180,1,1,0,2,67,1800,4,4,2010,1,6,4,1,1,1,I-90,,2994,99.99990000,999.999900000,0,31,0,0,1,1,4,0,1,1,0,1,0,0000000,99,99,6,16,99,99,0,0,0,1,1
36,360181,2,2,0,2,9,3300,12,4,2010,2,13,32,0,6,5,PLATO RD,,0,42.33739444,-78.719483330,0,12,2,0,1,1,4,0,1,1,0,1,0,0000000,13,33,13,45,15,0,0,0,0,1,0
36,360182,1,1,0,1,53,6004,11,4,2010,1,1,46,1,2,3,SR-31,,0,43.14968889,-75.896772220,0,42,0,0,1,1,4,0,3,10,0,10,0,0000000,1,46,1,55,3,23,0,0,0,1,1
36,360184,1,1,1,1,65,6626,11,4,2010,1,16,52,1,2,3,SR-5,,0,43.08064444,-75.398097220,0,9,0,0,1,1,2,0,1,1,0,1,0,0000000,16,52,16,57,17,20,0,0,0,1,0
36,360185,2,2,0,5,83,940,5,4,2010,2,18,5,1,1,1,I-90,,12,42.49785833,-73.684530560,0,12,1,0,1,1,1,0,1,1,0,1,0,0000000,18,5,18,25,99,99,0,0,0,2,0
36,360186,2,2,0,2,111,6491,15,4,2010,5,13,50,1,2,3,SR-52,,0,41.68579722,-74.397611110,0,12,2,0,1,1,1,0,1,1,0,1,0,0000000,13,51,13,55,99,99,0,0,0,1,0
36,360187,1,1,0,1,63,3340,15,4,2010,5,0,44,0,6,5,SLAYTON SETTLEMENT,,0,43.20698889,-78.653269440,0,52,0,0,1,1,4,0,2,1,0,1,0,0000000,0,50,0,58,99,99,0,0,0,1,1
36,360188,1,1,1,1,47,4170,17,2,2010,4,8,2,0,16,6,49TH ST,,0,40.63444167,-73.991166670,0,8,0,0,1,1,1,0,1,1,0,1,1,0000000,99,99,99,99,88,88,0,0,0,1,0
36,360189,1,1,0,2,59,4600,6,4,2010,3,4,55,0,14,5,PLAINVIEW RD,,0,40.76032500,-73.474525000,0,42,0,0,1,1,4,0,3,1,0,1,0,0000000,5,0,5,4,99,99,0,0,0,1,1
36,360190,1,1,0,1,113,617,28,3,2010,1,13,56,0,3,3,SR-8,,952,43.67226944,-73.759619440,0,31,0,0,1,1,4,0,1,10,0,10,0,0000000,13,58,14,1,14,45,0,0,0,1,0
36,360191,1,1,3,1,59,2600,17,3,2010,4,22,58,1,2,3,SR-27,CENTRAL AVE,0,40.67611389,-73.471413890,0,8,0,0,3,9,1,0,3,1,0,1,0,0000000,22,58,22,59,99,99,0,0,0,1,0
36,360192,1,1,1,1,47,4170,5,1,2010,3,11,37,0,16,6,PACIFIC ST,CLASSON AVE,0,40.67912500,-73.958544440,0,8,0,0,3,2,1,0,1,1,0,1,0,0000000,99,99,99,99,99,99,0,0,0,1,0
36,360193,2,1,1,1,5,4170,7,1,2010,5,18,40,0,13,6,E GUN HILL RD,SEXTON AVE,0,40.87060833,-73.846472220,0,8,0,0,2,2,1,0,1,1,0,1,0,0000000,99,99,99,99,99,99,14,0,0,1,1
36,360194,1,1,1,3,81,4170,18,1,2010,2,20,16,1,13,6,21ST ST,BROADWAY,0,40.76521667,-73.931808330,0,8,0,0,3,2,1,0,3,10,0,10,0,0000000,99,99,99,99,99,99,0,0,0,1,0
36,360195,2,2,0,4,61,4170,16,1,2010,7,18,25,0,16,6,W 139TH ST,,0,40.81562500,-73.936475000,0,12,6,0,1,1,1,0,3,1,0,1,0,0000000,99,99,99,99,99,99,0,0,0,1,0
36,360196,1,1,1,1,47,4170,5,1,2010,3,7,40,0,16,6,E 14TH ST,AVENUE M,0,40.61789167,-73.960936110,0,8,0,0,3,2,1,0,1,1,0,1,0,0000000,99,99,99,99,99,99,0,0,0,1,0
36,360197,1,1,0,1,21,2810,14,4,2010,4,15,22,1,13,2,US-9,,0,42.21199167,-73.791561110,0,42,0,0,1,1,4,0,1,1,0,1,0,0000000,15,22,15,29,15,42,0,0,0,1,1
36,360198,1,1,0,1,99,6440,25,3,2010,5,15,44,0,6,5,STEELE RD,,0,42.91954444,-76.935366670,0,34,0,0,1,1,4,0,1,2,0,2,0,0000000,99,99,99,99,99,99,0,0,0,1,0
36,360199,1,1,1,1,103,360,20,4,2010,3,5,18,1,2,3,SR-908M,,0,40.73321111,-73.311597220,0,8,0,0,1,1,1,0,3,1,0,1,0,0000000,5,21,5,30,88,88,0,0,0,1,0
36,360200,1,1,0,4,59,4600,4,4,2010,1,5,16,1,12,3,SR-908M,,592,99.99990000,999.999900000,0,42,0,0,1,1,4,0,3,5,0,5,0,0000000,5,16,5,22,99,99,0,0,0,1,1
36,360201,2,2,0,5,83,2974,21,4,2010,4,17,38,0,6,5,RESERVOIR RD,,0,42.82609722,-73.518727780,0,12,2,0,1,1,1,0,1,1,0,1,0,0000000,17,38,17,45,99,99,0,0,0,2,0
36,360202,1,1,0,1,103,5210,18,4,2010,1,5,24,0,6,5,FRESH POND AVE,,0,40.94250000,-72.779616670,0,42,0,0,1,1,4,0,3,10,0,10,0,0000000,6,12,6,20,99,99,0,0,0,1,1
36,360203,1,1,0,1,67,1179,10,4,2010,7,23,18,0,14,5,MORGAN RD,OAK ORCHARD RD,0,43.20339167,-76.217650000,0,30,0,0,2,2,4,0,3,1,0,1,0,0000000,23,19,23,30,0,23,0,0,0,1,1
36,360204,1,1,0,1,9,1830,25,4,2010,1,13,58,0,6,5,IRISH HILL RD,,0,42.31573333,-78.633786110,0,19,0,0,1,1,4,0,1,10,0,10,0,0000000,13,58,14,17,14,40,0,0,0,1,1
36,360205,2,2,0,3,109,2940,8,4,2010,5,19,16,0,15,5,CODDINGTON RD,BURNS RD,0,42.40344722,-76.463641670,0,12,6,0,2,3,1,0,1,2,0,2,0,0000000,19,16,19,23,88,88,0,0,0,1,1
36,360206,2,2,0,3,19,5459,17,4,2010,7,14,50,0,4,3,SR-374,KENNEDY RD,0,44.71673333,-73.686505560,0,12,2,0,2,3,1,0,1,2,0,2,0,0000000,14,57,15,4,88,88,0,0,0,1,0
36,360207,2,2,0,3,99,6440,7,4,2010,4,10,38,0,5,3,SR-318,WHISKEY HILL RD,28,42.95483889,-76.904047220,0,12,6,0,2,2,1,0,1,10,0,10,0,0000000,10,38,10,52,11,45,0,0,0,1,0
36,360208,1,1,0,2,59,2600,24,4,2010,7,2,43,1,2,3,SR-908T,,0,40.73286111,-73.542597220,0,25,0,0,1,1,4,0,3,1,0,1,0,0000000,2,44,2,46,3,1,0,0,0,1,1
36,360209,2,2,0,4,87,5930,27,3,2010,7,8,9,0,13,5,NEW HEMPSTEAD RD,,0,41.15075556,-74.048130560,0,12,2,0,1,1,1,0,1,1,0,1,0,0000000,8,9,8,15,9,9,0,0,0,1,0
36,360210,1,1,0,2,71,3840,7,4,2010,4,13,15,0,16,5,LAKE OSIRIS RD,,0,41.57286944,-74.172927780,0,30,0,0,1,1,4,0,1,1,0,1,0,0000000,13,16,13,24,99,99,0,0,0,1,0
36,360211,1,1,1,3,55,5230,16,4,2010,6,21,5,0,13,5,LAKE AVE,CHELTENHAM RD,0,43.22150278,-77.628041670,0,8,0,0,2,9,1,0,3,10,0,10,0,0000000,99,99,99,99,99,99,0,0,0,1,0
36,360212,1,1,0,1,103,2840,3,2,2010,4,6,30,0,16,5,RULAND RD,,0,40.76607778,-73.411052780,0,40,0,0,1,1,4,0,4,4,0,4,0,0000000,6,33,6,45,99,99,0,0,0,1,0
36,360214,1,1,1,1,103,360,1,2,2010,2,19,5,0,16,5,HOFFMAN AVE,1ST ST,0,40.68651944,-73.374650000,0,8,0,0,3,9,1,0,3,1,0,1,0,0000000,99,99,99,99,99,99,0,0,0,1,0
36,360215,1,1,0,1,37,1451,10,4,2010,7,2,22,0,6,5,SIMONDS RD,,0,42.94456389,-78.338577780,0,53,0,0,1,1,4,0,2,1,0,1,0,0000000,2,23,2,31,99,99,0,0,0,1,1
36,360216,1,1,1,2,5,4170,20,2,2010,7,23,48,1,1,1,I-87,,0,40.85906944,-73.916358330,0,8,0,0,1,1,1,0,2,1,0,1,0,0000000,99,99,99,99,99,99,0,0,0,1,0
36,360217,1,1,1,2,59,2600,20,4,2010,3,9,41,0,14,5,CATHEDRAL AVE,,0,40.71034444,-73.635436110,0,8,0,0,1,1,5,0,1,1,0,1,0,0000000,9,43,9,45,88,88,0,0,0,1,0
36,360218,2,1,1,1,59,4090,19,4,2010,2,17,1,0,16,5,WARNER AVE,,0,40.79174444,-73.645294440,0,8,0,0,1,1,1,0,1,1,0,1,0,0000000,17,1,17,4,88,88,0,0,0,1,0
36,360219,1,1,1,1,103,360,9,3,2010,3,11,59,0,16,6,GREAT NECK RD,CAMPAGNOLI AVE,0,40.68251111,-73.400400000,0,8,0,0,3,2,1,0,1,1,0,1,0,0000000,11,59,12,3,12,30,0,0,0,1,0
36,360220,2,2,0,2,103,705,5,4,2010,2,17,35,0,14,5,CR-101,HOLLOW OAK DR,0,40.79249167,-72.960286110,0,12,6,0,2,9,1,0,1,1,0,1,0,0000000,17,36,17,39,99,99,0,0,0,1,0
36,360221,3,2,0,2,103,360,5,3,2010,6,11,39,0,6,5,W MAIN ST,N CARLL AVE,0,40.69581944,-73.325736110,0,12,6,0,2,2,1,0,1,10,0,10,0,0000000,99,99,99,99,99,99,0,0,0,1,0
36,360222,3,2,0,3,103,2840,28,2,2010,1,2,45,0,16,6,WOODBURY RD,,0,99.99990000,999.999900000,0,42,0,0,1,1,4,0,2,1,0,1,0,0000000,2,49,3,0,99,99,0,0,0,1,2
36,360223,1,1,0,1,49,2452,24,4,2010,7,15,44,0,5,5,PINE GROVE RD,OLMSTEAD RD,0,43.71651944,-75.365900000,0,34,0,0,3,3,4,0,1,1,0,1,0,0000000,15,44,15,58,88,88,0,0,0,1,1
36,360224,1,1,1,1,75,4540,14,3,2010,1,0,53,0,16,6,MERCER ST,,0,43.46864444,-76.500183330,0,8,0,0,8,1,4,0,3,2,0,2,0,0000000,0,53,99,99,99,99,0,0,0,1,0
36,360225,1,1,0,2,65,6275,13,4,2010,3,17,15,0,5,5,FOX RD,,0,43.11591111,-75.624797220,0,43,0,0,1,1,1,0,1,1,0,1,0,9999999,17,15,17,21,88,88,0,0,0,2,0
36,360226,1,1,0,1,23,1433,15,4,2010,5,3,47,0,2,3,SR-13,,0,42.74978611,-75.912802780,0,24,0,0,1,1,4,0,2,10,0,10,0,0000000,3,53,4,4,88,88,0,0,0,1,1
36,360227,1,1,1,1,61,4170,27,4,2010,3,21,40,0,14,6,ESSEX ST,,0,40.72128333,-73.986813890,0,8,0,0,1,1,1,0,3,1,0,1,0,0000000,99,99,99,99,99,99,0,0,0,1,0
36,360228,3,3,0,4,85,4170,4,1,2010,2,12,10,1,1,3,SR-440,,0,40.61551667,-74.153080560,0,12,1,0,1,1,1,0,1,1,0,1,0,0000000,12,10,12,13,12,22,0,0,0,1,0
36,360229,1,1,2,1,85,4170,5,1,2010,3,16,42,0,14,6,HYLAN BLVD,,0,40.52670278,-74.170247220,0,8,0,0,1,1,1,0,1,1,0,1,0,0000000,16,43,16,46,16,59,0,0,0,1,0
36,360230,1,1,1,1,85,4170,6,1,2010,4,12,5,0,16,6,HENDERSON AVE,,0,40.64068611,-74.095327780,0,8,0,0,1,1,1,0,1,99,0,99,0,0000000,99,99,99,99,12,14,0,0,0,1,0
36,360231,1,1,1,1,81,4170,25,1,2010,2,20,5,0,13,6,BELL BLVD,73RD AVE,0,40.74082778,-73.758308330,0,8,0,0,3,2,1,0,5,10,0,10,0,0000000,99,99,99,99,88,88,0,0,0,1,0
36,360232,2,2,1,3,81,4170,26,1,2010,3,7,30,0,16,6,35TH ST,DITMARS BLVD,0,40.77490278,-73.908955560,0,8,0,0,3,9,1,0,1,1,0,1,0,0000000,99,99,99,99,88,88,0,0,0,1,0
36,360233,1,1,0,1,73,3008,21,4,2010,4,12,15,0,5,5,ROOSEVELT HWY,,0,43.32617778,-78.114380560,0,34,0,0,1,1,4,0,1,1,0,1,0,0000000,12,24,12,29,88,88,0,0,0,1,0
36,360234,1,1,0,1,7,3453,24,4,2010,7,23,43,1,2,3,SR-26,,0,42.17922778,-76.066202780,0,30,0,0,1,1,4,0,2,2,0,2,0,0000000,23,43,99,99,99,99,0,0,0,1,0
36,360235,1,1,1,1,103,3768,2,5,2010,1,18,0,0,2,3,SR-25A,,0,40.94441111,-72.966544440,0,9,0,0,1,1,1,0,1,1,0,1,0,0000000,18,1,99,99,99,99,0,0,0,1,0
36,360236,2,2,0,2,87,6210,15,4,2010,5,16,55,1,2,3,SR-9W,,0,41.11644444,-73.927175000,0,24,0,0,1,1,4,0,1,10,0,10,0,0000000,16,55,17,1,99,99,0,0,0,1,1
36,360237,1,1,1,4,47,4170,11,1,2010,2,7,0,0,13,6,BAY RIDGE PKWY,,0,40.62022778,-74.007308330,0,8,0,0,1,1,1,0,3,1,0,1,0,0000000,99,99,99,99,99,99,0,0,0,1,0
36,360238,3,3,0,4,55,2898,8,3,2010,2,7,55,0,16,5,E RIDGE RD,CARTER ST,0,43.19706667,-77.592472220,0,12,6,0,2,2,1,0,1,1,0,1,0,0000000,7,55,8,2,9,34,0,0,0,1,0
36,360239,1,1,0,1,69,3990,1,5,2010,7,13,6,0,6,4,CR-12,,0,42.68335000,-77.375744440,0,11,0,0,1,1,1,0,1,1,0,1,0,0000000,13,6,13,17,88,88,0,0,0,1,1
36,360240,1,1,0,2,55,5230,26,4,2010,2,22,28,0,14,5,CULVER RD,,0,43.14514167,-77.574194440,0,30,0,0,1,1,4,0,3,1,0,1,0,0000000,22,30,22,37,23,3,0,0,0,1,0
36,360241,2,2,0,4,5,4170,4,4,2010,1,21,55,1,2,3,SR-907H,,0,40.86759167,-73.872350000,0,12,1,0,1,1,1,0,1,1,0,1,0,0000000,22,0,22,4,22,24,0,0,0,1,0
36,360242,1,1,0,1,91,3462,27,4,2010,3,9,15,1,1,1,I-87,,217,99.99990000,999.999900000,0,42,0,0,1,1,3,0,1,2,0,2,0,0000000,9,15,9,20,88,88,0,0,0,1,0
36,360243,1,1,0,1,91,1209,29,4,2010,5,17,24,0,16,5,RIVERVIEW RD,,0,42.79685000,-73.787547220,0,30,0,0,1,1,4,0,1,1,0,1,0,0000000,17,25,17,32,17,58,0,0,0,1,0
36,360244,2,2,1,2,81,4170,14,4,2010,4,22,46,1,11,1,I-678,,800,40.76990000,-73.836441670,0,8,0,0,1,1,1,0,2,1,0,1,0,0000000,99,99,99,99,88,88,0,0,0,1,1
36,360245,1,1,0,1,67,5740,10,4,2010,7,3,0,0,2,3,SR-359,W LAKE RD,0,42.86561667,-76.403325000,0,3,0,0,3,3,4,0,2,10,0,10,0,0000000,16,23,16,36,88,88,0,0,0,1,1
36,360246,1,1,0,1,59,4090,30,4,2010,6,1,30,1,2,3,SR-908T,,0,40.77112500,-73.566213890,0,24,0,0,1,1,4,0,3,1,0,1,0,0000000,99,99,1,33,88,88,0,0,0,1,1
36,360247,1,1,0,1,55,5230,30,4,2010,6,17,53,0,16,5,NEWCOMB ST,,0,43.18050556,-77.579227780,0,42,0,0,1,1,4,0,1,1,0,1,0,0000000,99,99,99,99,99,99,0,0,0,1,0
36,360248,1,1,1,1,59,2600,19,2,2010,6,19,5,1,2,3,SR-24,,0,40.72511667,-73.522438890,0,8,0,0,1,1,1,0,3,1,0,1,0,0000000,99,99,99,99,99,99,0,0,0,1,0
36,360249,1,1,1,1,37,5947,29,4,2010,5,11,30,0,6,5,MAIN RD,,0,42.98094722,-78.067688890,0,8,0,0,1,1,2,0,1,1,0,1,0,0000000,11,35,11,45,12,10,0,0,0,1,0
36,360250,2,2,0,2,71,6410,4,5,2010,3,6,35,0,4,5,KINGS HWY,,0,41.28517500,-74.303541670,0,12,2,0,1,1,1,0,1,1,0,1,0,0000000,7,26,10,30,11,0,0,0,0,1,1
36,360251,2,2,0,4,87,4063,8,4,2010,5,14,52,0,2,3,SR-304,JOHNSONS LN,0,41.12997500,-73.991588890,0,12,6,0,2,9,1,0,1,1,0,1,0,0000000,14,52,14,57,15,17,0,0,0,1,0
36,360252,2,2,0,4,45,1900,24,4,2010,7,11,43,1,2,3,SR-11,HOLMES RD,191,44.11325000,-75.756675000,0,12,6,0,2,3,1,0,1,1,0,1,0,0000000,11,43,11,50,12,33,0,0,0,1,0
36,360253,2,2,0,5,27,4690,15,4,2010,5,16,34,1,2,3,SR-55,,0,99.99990000,999.999900000,0,12,2,0,1,1,1,0,1,1,0,1,0,0000000,16,36,16,42,99,99,0,0,0,1,0
36,360254,2,2,0,3,71,4060,26,4,2010,2,18,32,0,15,5,CARTER AVE,TERRY AVE,0,41.54727222,-74.011175000,0,53,0,0,2,3,4,0,5,2,0,2,0,0000000,18,32,18,37,99,99,0,0,0,1,1
36,360255,1,1,0,4,103,3933,22,2,2010,2,2,24,0,15,5,CRYSTAL BRK HOLLOW,,0,40.93226389,-73.035286110,0,30,0,0,1,1,4,0,3,10,0,10,0,0000000,2,27,2,27,99,99,0,0,0,1,1
36,360256,1,1,0,3,5,4170,11,3,2010,5,21,36,0,16,6,ORCHARD BEACH RD,,0,99.99990000,999.999900000,0,42,0,0,1,1,4,0,1,10,0,10,0,0000000,99,99,99,99,99,99,0,0,0,1,0
36,360257,1,1,0,1,5,4170,24,3,2010,4,17,34,1,1,1,I-695 SERVICE RD,,0,40.82125556,-73.813458330,0,33,0,0,1,1,4,0,1,1,0,1,0,0000000,99,99,99,99,99,99,0,0,0,1,0