STATE,ST_CASE,VE_TOTAL,VE_FORMS,PEDS,PERSONS,COUNTY,CITY,DAY,MONTH,YEAR,DAY_WEEK,HOUR,MINUTE,NHS,ROAD_FNC,ROUTE,TWAY_ID,TWAY_ID2,MILEPT,LATITUDE,LONGITUD,SP_JUR,HARM_EV,MAN_COLL,RELJCT1,RELJCT2,TYP_INT,REL_ROAD,WRK_ZONE,LGT_COND,WEATHER1,WEATHER2,WEATHER,SCH_BUS,RAIL,NOT_HOUR,NOT_MIN,ARR_HOUR,ARR_MIN,HOSP_HR,HOSP_MN,CF1,CF2,CF3,FATALS,DRUNK_DR
36,360379,1,1,0,1,119,640,27,3,2010,7,7,22,0,14,5,ALBANY POST RD,,0,41.12369444,-73.861888890,0,42,0,0,1,1,4,0,4,1,0,1,0,0000000,99,99,99,99,88,88,0,0,0,1,1
36,360380,1,1,0,1,65,4080,12,6,2010,7,1,57,1,2,3,SR-5,COMMERCIAL DR,0,43.08255556,-75.324841670,0,46,0,0,2,2,3,0,3,10,0,10,0,0000000,1,57,1,59,2,31,0,0,0,1,1
36,360381,1,1,0,1,119,5350,16,5,2010,1,7,30,0,13,5,PLAYLAND PARKWAY,,0,40.97648056,-73.698525000,0,25,0,1,5,1,8,0,1,1,0,1,0,0000000,7,30,7,36,88,88,0,0,0,1,0
36,360382,1,1,0,1,29,1286,18,6,2010,6,18,32,0,16,4,BUSH RD,,0,42.51551111,-78.977044440,0,30,0,0,1,1,4,0,1,1,0,1,0,0000000,18,32,18,37,88,88,0,0,0,1,1
36,360383,2,2,0,5,49,9999,12,6,2010,7,16,21,0,6,5,EAST RD,SR-410,0,43.87440000,-75.536219440,0,12,6,0,2,2,1,0,1,1,0,1,0,0000000,16,21,16,32,99,99,0,0,0,1,0
36,360384,1,1,0,1,101,420,17,6,2010,5,5,12,1,1,1,I-86,,0,42.36976944,-77.352375000,0,59,0,0,1,1,3,0,4,10,0,10,0,0000000,5,14,5,20,88,88,0,0,0,1,0
36,360385,1,1,1,1,91,5470,4,6,2010,6,23,56,1,13,3,SR-9,,996,43.04300556,-73.790722220,0,8,0,0,1,1,1,0,2,10,0,10,0,0000000,23,56,0,1,0,19,0,0,0,1,0
36,360387,3,3,0,3,75,2569,14,6,2010,2,12,0,1,2,3,SR-11,,0,43.33844444,-76.151519440,0,12,1,0,1,1,1,0,1,10,0,10,0,0000000,12,0,12,3,12,54,0,0,0,1,0
36,360388,2,2,0,4,69,1640,24,6,2010,5,7,1,0,6,5,RICE RD,,0,42.92833611,-77.403616670,0,12,6,0,8,1,1,0,1,1,0,1,0,0000000,7,3,7,14,8,6,0,0,0,1,0
36,360389,1,1,0,2,9,3432,19,6,2010,7,21,35,0,4,3,SR-242,,0,42.38885000,-78.530941670,0,11,0,0,1,1,1,0,5,10,0,10,0,0000000,21,38,21,50,22,38,0,0,0,1,1
36,360390,1,1,0,1,61,4170,26,6,2010,7,0,9,1,12,3,SR-907V,,0,40.79240278,-73.980388890,0,24,0,0,1,1,3,0,3,1,0,1,0,0000000,0,20,0,30,0,40,0,0,0,1,1
36,360391,2,2,0,2,29,750,27,5,2010,5,12,2,0,15,5,NEW BABCOCK ST,,0,42.88233333,-78.826111110,0,12,6,0,8,1,1,0,1,1,0,1,0,0000000,12,10,12,22,99,99,0,0,0,1,0
36,360392,1,1,1,1,103,705,30,3,2010,3,1,27,0,2,3,SR-27A,,0,40.80542778,-72.816952780,0,8,0,0,1,1,1,0,3,2,0,2,0,0000000,99,99,99,99,99,99,0,0,0,1,0
36,360393,1,1,0,1,27,3760,27,5,2010,5,20,0,0,5,5,SHUNPIKE,,0,41.83033611,-73.718433330,0,30,0,0,1,1,4,0,1,1,0,1,0,0000000,20,2,20,10,99,99,0,0,0,1,0
36,360394,1,1,0,1,11,6520,24,6,2010,5,23,34,0,6,5,PUTNAM RD,E BRUTUS STREET RD,0,43.04588611,-76.544880560,0,35,0,0,3,2,4,0,2,10,0,10,0,0000000,23,34,23,42,88,88,0,0,0,1,1
36,360395,3,2,0,6,81,4170,11,3,2010,5,22,10,1,12,3,SR-907M,,540,99.99990000,999.999900000,0,14,0,0,1,1,4,0,3,1,0,1,0,0000000,99,99,99,99,99,99,0,0,0,1,0
36,360396,1,1,0,1,29,1170,26,6,2010,7,22,27,0,6,5,LAPP RD,,0,43.04311111,-78.646916670,0,11,0,0,1,1,1,0,2,1,0,1,0,0000000,22,29,22,37,22,58,0,0,0,1,0
36,360397,1,1,1,2,29,156,28,3,2010,1,19,56,0,15,5,N BAILEY AVE,MAIN ST,0,42.95959444,-78.813944440,0,8,0,0,3,2,1,0,3,2,0,2,0,0000000,19,58,19,59,20,18,0,0,0,1,0
36,360398,1,1,1,1,5,4170,15,5,2010,7,22,26,0,15,6,LONGWOOD AVE,SOUTHERN BLVD,0,40.81631111,-73.896275000,0,8,0,0,3,2,1,0,3,1,0,1,0,0000000,99,99,99,99,99,99,0,0,0,1,0
36,360399,2,2,0,2,9,5410,10,6,2010,5,7,20,0,14,5,CENTRAL AVE,E STATE ST,0,42.16102500,-78.696044440,0,12,6,0,2,2,1,0,1,10,0,10,0,0000000,7,20,7,22,88,88,0,0,0,1,0
36,360400,1,1,0,5,65,6220,22,5,2010,7,22,30,0,15,5,ALBANY ST,,0,43.07674167,-75.205277780,0,42,0,0,1,1,4,0,3,1,0,1,0,0000000,22,30,22,32,23,0,0,0,0,1,1
36,360401,1,1,0,1,71,6163,13,6,2010,1,19,4,1,2,3,SR-17,,0,41.20244722,-74.184516670,0,38,0,0,1,1,4,0,1,10,0,10,0,0000000,19,4,19,8,19,52,0,0,0,1,1
36,360402,1,1,0,1,55,5600,22,6,2010,3,6,0,1,1,1,I-90,,3719,99.99990000,999.999900000,0,42,0,0,1,1,4,0,1,1,0,1,0,0000000,6,3,6,25,88,88,0,0,0,1,0
36,360403,2,2,0,4,117,4030,11,6,2010,6,21,30,0,6,5,WELCHER RD,,0,43.07921667,-77.072588890,0,12,2,0,1,1,1,0,2,1,0,1,0,0000000,21,35,21,42,22,28,0,0,0,1,1
36,360404,2,2,0,4,119,9999,20,6,2010,1,17,5,0,3,5,DOBBS FERRY RD,SPRAIN BROOK PKWY,0,41.03556389,-73.818066670,0,12,2,0,2,3,1,0,1,1,0,1,0,0000000,17,5,17,9,17,36,0,0,0,1,0
36,360405,3,3,0,3,87,2580,30,6,2010,4,23,5,0,16,5,CONGERS AVE,,0,41.19103889,-73.963952780,0,12,2,0,1,1,1,0,3,1,0,1,0,0000000,23,8,23,13,88,88,0,0,0,1,1
36,360406,2,2,0,2,29,2485,1,7,2010,5,9,46,1,13,3,SR-20,,944,42.76140556,-78.828888890,0,12,6,0,8,1,1,0,1,1,0,1,0,0000000,9,46,9,53,99,99,0,0,0,1,0
36,360407,3,3,0,6,29,40,1,7,2010,5,17,8,1,2,3,SR-5,S NEWSTEAD,0,42.99721667,-78.512430560,0,12,6,0,2,3,1,0,1,1,0,1,0,0000000,17,9,17,12,99,99,0,0,0,1,0
36,360408,2,2,0,3,67,1539,15,6,2010,3,10,40,1,13,3,SR-5,SHOPPINGTOWN DR,17,43.03728333,-76.065338890,0,12,1,0,2,3,1,0,1,1,0,1,0,0000000,99,99,99,99,99,99,0,0,0,1,0
36,360409,1,1,1,1,81,4170,12,2,2010,6,16,20,0,16,5,74TH AVE,263RD ST,0,40.75104444,-73.713797220,0,8,0,0,3,2,1,0,1,1,0,1,0,0000000,99,99,99,99,99,99,0,0,0,1,0
36,360410,1,1,0,1,89,6747,24,6,2010,5,23,35,0,6,5,NEEDHAM RD,,0,44.68790833,-74.904250000,0,35,0,0,1,1,4,0,2,1,0,1,0,0000000,9,26,9,33,88,88,0,0,0,1,1
36,360411,1,1,0,2,103,1650,24,5,2010,2,21,34,1,2,3,SR-27,,0,40.99779444,-72.045830560,0,30,0,0,1,1,4,0,2,1,0,1,0,0000000,21,34,21,48,22,21,0,0,0,1,0
36,360412,1,1,1,2,103,5810,28,6,2010,2,0,53,0,6,4,CR-39,N SEA RD,0,40.89640278,-72.398336110,0,8,0,0,3,2,1,0,3,10,0,10,0,0000000,0,53,1,3,2,22,0,0,0,1,0
36,360413,1,1,0,2,55,5230,26,6,2010,7,4,13,0,16,5,SULLIVAN ST,,0,43.17430833,-77.608697220,0,33,0,0,1,1,4,0,3,1,0,1,0,0000000,4,13,4,18,88,88,0,0,0,2,1
36,360414,1,1,1,1,55,5230,30,6,2010,4,17,57,0,15,5,JAY ST,,0,43.15936389,-77.647375000,0,8,0,0,1,1,1,0,1,1,0,1,0,0000000,99,99,99,99,99,99,0,0,0,1,0
36,360415,2,2,0,2,55,1930,16,6,2010,4,11,5,0,3,3,SR-250,EAGLESFIELD WAY,544,43.11388056,-77.441752780,0,12,2,0,2,3,1,0,1,10,0,10,0,0000000,11,5,11,12,11,54,0,0,0,1,0
36,360416,3,3,0,4,63,4729,25,6,2010,6,21,34,0,5,5,MAIN RD,,0,43.11269722,-78.773180560,0,12,6,0,8,1,1,0,3,10,0,10,0,0000000,21,34,21,37,88,88,0,0,0,1,0
36,360417,2,2,0,2,83,2974,16,4,2010,6,10,28,1,2,3,SR-7,,0,42.84524722,-73.458613890,0,12,2,0,1,1,1,0,1,10,0,10,0,0000000,10,30,10,33,99,99,0,0,0,1,0
36,360418,1,1,0,1,59,4090,20,6,2010,1,5,19,1,2,3,SR-908G,,0,40.76167500,-73.624191670,0,24,0,0,1,1,4,0,4,10,0,10,0,0000000,5,19,5,25,5,45,0,0,0,1,1
36,360419,1,1,0,1,81,4170,9,7,2010,6,10,34,0,15,6,JUNIPER BLVD S,,0,40.71719722,-73.884944440,0,33,0,0,1,1,4,0,1,1,0,1,0,0000000,99,99,99,99,88,88,0,0,0,1,0
36,360420,2,2,0,2,85,4170,24,4,2010,7,12,55,1,2,3,SR-440,,0,40.61659167,-74.152725000,0,24,0,0,1,1,3,0,1,1,0,1,0,0000000,12,55,13,4,13,25,0,0,0,1,1
36,360421,1,1,0,1,105,1954,29,6,2010,3,15,2,0,6,5,SPRING GLEN RD,,0,41.67893889,-74.517602780,0,24,0,0,1,1,4,0,1,1,0,1,0,0000000,15,2,15,17,88,88,0,0,0,1,0
36,360422,1,1,0,2,5,4170,26,6,2010,7,0,33,1,13,3,SR-908A,,340,40.87930833,-73.817525000,0,24,0,0,1,1,3,0,3,1,0,1,0,0000000,0,35,0,40,2,0,0,0,0,1,1
36,360423,2,2,0,2,87,5077,22,6,2010,3,9,24,1,1,1,I-87,,327,99.99990000,999.999900000,0,12,7,0,1,1,1,0,1,1,0,1,0,0000000,9,28,9,34,88,88,0,0,0,1,0
36,360424,2,2,0,2,39,290,26,6,2010,7,10,59,0,3,3,SR-385,,356,42.24847778,-73.840913890,0,12,6,0,8,1,1,0,1,1,0,1,0,0000000,11,0,11,9,99,99,0,0,0,1,0
36,360425,2,2,0,2,17,5650,18,6,2010,6,15,15,0,4,3,SR-80,,0,42.69398056,-75.542463890,0,12,2,0,1,1,1,0,1,1,0,1,0,0000000,15,15,15,22,16,0,0,0,0,1,0
36,360426,1,1,1,1,45,1900,1,7,2010,5,2,30,0,14,3,SR-283,,0,44.00661389,-75.847561110,0,8,0,0,1,1,1,0,2,10,0,10,0,0000000,2,5,2,13,2,32,0,0,0,1,0
36,360427,2,2,0,2,9,2393,6,7,2010,3,20,18,1,2,3,SR-219,,0,42.19366389,-78.666636110,0,12,1,0,1,1,1,0,1,1,0,1,0,0000000,20,18,20,23,88,88,0,0,0,1,0
36,360428,2,2,0,2,83,940,27,6,2010,1,19,42,0,2,3,SR-9 & 20,1-90 EXIT 11 OFF RAM,0,42.55971944,-73.680044440,0,12,6,1,2,3,1,0,1,1,0,1,0,0000000,19,51,19,55,21,19,0,0,0,1,0
36,360429,1,1,0,2,17,5049,27,6,2010,1,6,18,0,5,4,CR-10A,,0,42.53569167,-75.616663890,0,34,0,0,1,1,4,0,1,1,0,1,0,0000000,6,18,6,42,6,53,0,0,0,1,1
36,360430,1,1,1,1,47,4170,1,5,2010,7,7,45,0,13,6,OCEAN AVE,BEVERLEY RD,0,40.64486944,-73.960025000,0,8,0,0,3,2,1,0,1,1,0,1,0,0000000,99,99,99,99,99,99,0,0,0,1,0
36,360431,2,2,0,2,47,4170,16,5,2010,1,22,52,1,13,6,KINGS HWY,,0,40.63717500,-73.926100000,0,33,0,0,1,1,4,0,3,1,0,1,0,0000000,99,99,99,99,88,88,0,0,0,1,0
36,360432,1,1,1,1,81,4170,26,1,2010,3,1,6,1,11,1,I-495,,0,40.73516111,-73.860944440,0,8,0,0,1,1,1,0,3,2,0,2,0,0000000,99,99,99,99,88,88,0,0,0,1,0
36,360433,1,1,1,1,47,4170,14,4,2010,4,9,24,0,16,6,FLATBUSH AVE,DURYEA PL,0,40.64530000,-73.958030560,0,9,0,0,3,3,1,0,1,1,0,1,0,0000000,99,99,99,99,88,88,0,0,0,1,0
36,360434,1,1,0,2,111,3531,2,7,2010,6,12,7,1,2,3,SR-209,,0,41.88499444,-74.111194440,0,30,0,0,1,1,4,0,1,1,0,1,0,0000000,99,99,99,99,99,99,0,0,0,1,0
36,360435,1,1,0,1,17,4590,6,6,2010,1,22,28,0,4,3,SR-220,,0,42.45321111,-75.610205560,0,34,0,0,1,1,4,0,2,1,0,1,0,0000000,22,32,22,40,88,88,0,0,0,1,1
36,360436,1,1,1,1,1,50,7,7,2010,4,22,39,1,1,1,I-787 ON RAMP,,0,42.63502500,-73.761455560,0,8,0,0,5,1,1,0,3,1,0,1,0,0000000,22,43,22,46,88,88,0,0,0,1,0
36,360437,1,1,1,1,61,4170,14,6,2010,2,20,17,0,16,6,AMSTERDAM AVE,W 71ST ST,0,40.77789444,-73.982169440,0,8,0,0,3,7,1,0,3,1,0,1,0,0000000,99,99,99,99,99,99,0,0,0,1,0
36,360438,1,1,0,4,17,2400,30,5,2010,1,3,27,0,6,5,ROUND POND RD,,0,42.39600556,-75.822138890,0,5,0,0,1,1,1,0,2,10,0,10,0,0000000,3,30,3,37,88,88,0,0,0,1,1
36,360439,1,1,0,1,65,5453,4,7,2010,1,12,15,0,6,5,BEAVER CREEK RD,,0,42.88775556,-75.321963890,0,34,0,0,1,1,4,0,1,1,0,1,0,0000000,12,17,12,24,13,4,0,0,0,1,0
36,360440,2,2,0,3,35,4340,11,7,2010,1,17,39,0,2,3,SR-30,,0,43.17901944,-74.204105560,0,12,2,0,1,1,1,0,1,1,0,1,0,0000000,17,39,17,46,18,36,0,0,0,2,0
36,360441,1,1,0,1,59,2600,7,6,2010,2,6,30,0,14,5,GRAND AVE,VILLAGE AVE,0,40.68202222,-73.615177780,0,5,0,0,2,2,1,0,1,1,0,1,0,0000000,6,34,6,40,88,88,0,0,0,1,0
36,360442,1,1,1,2,89,1464,6,7,2010,3,19,0,0,6,4,CR-17,,0,44.50425000,-75.285444440,0,9,0,0,8,1,1,0,1,1,0,1,0,0000000,19,0,19,10,19,33,0,0,0,1,0
36,360443,1,1,0,2,5,4170,23,4,2010,6,19,27,0,13,6,EASTCHESTER RD,SACKET AVE,0,40.85004722,-73.844925000,0,30,0,0,2,3,4,0,1,1,0,1,0,0000000,99,99,99,99,99,99,0,0,0,1,0
36,360444,1,1,1,1,103,360,13,6,2010,1,0,8,1,13,3,SR-110,CONKLIN ST,0,40.73859167,-73.423219440,0,8,0,0,3,2,1,0,3,10,0,10,0,0000000,0,8,0,8,99,99,0,0,0,1,0
36,360445,1,1,1,1,103,360,23,6,2010,4,3,0,1,13,3,SR-27,35TH ST,0,40.69246667,-73.398005560,0,8,0,0,2,2,1,0,3,1,0,1,0,0000000,99,99,99,99,88,88,0,0,0,1,0
36,360446,1,1,0,1,103,360,2,7,2010,6,1,21,0,16,5,MAIN AVE,N 15TH ST,0,40.76001667,-73.363522220,0,42,0,0,2,3,4,0,3,1,0,1,0,0000000,1,21,1,30,88,88,0,0,0,1,1
36,360447,1,1,0,2,103,5769,6,6,2010,1,12,41,1,13,3,SR-454,,0,40.82714167,-73.243833330,0,42,0,0,1,1,4,0,1,10,0,10,0,0000000,99,99,99,99,99,99,0,0,0,1,0
36,360448,2,2,0,2,103,2920,7,6,2010,2,13,13,1,2,3,SR-454,BROADWAY AVE,0,40.77436667,-73.066891670,0,12,6,0,2,2,1,0,1,1,0,1,0,0000000,99,99,99,99,99,99,0,0,0,1,0
36,360449,2,2,0,2,103,360,10,6,2010,5,17,25,0,16,5,PARK AVE,,0,40.70227778,-73.336294440,0,12,2,0,1,1,1,0,1,1,0,1,0,0000000,99,99,99,99,99,99,0,0,0,1,0
36,360450,2,2,0,2,103,3654,5,5,2010,4,14,50,0,13,6,CR-83,PECONIC AVE,0,40.81444167,-73.020058330,0,12,6,0,2,3,1,0,1,1,0,1,0,0000000,14,52,14,59,15,20,0,0,0,1,0
36,360451,2,2,0,2,103,705,18,6,2010,6,15,15,0,15,5,OLD MEDFORD AVE,EXPRESS DR,0,40.82410556,-73.013333330,0,12,6,0,2,2,1,0,1,1,0,1,0,0000000,15,18,99,99,99,99,0,0,0,1,0
36,360452,2,2,0,2,11,5633,1,6,2010,3,15,57,0,6,5,GRANT AVE RD,COUNTY HOUSE RD,0,42.98205000,-76.531883330,0,12,6,0,2,3,1,0,1,1,0,1,0,0000000,99,99,99,99,99,99,0,0,0,1,0
36,360453,2,1,1,1,81,4170,16,7,2010,6,10,14,0,13,6,MAIN ST,,0,40.75858611,-73.829647220,0,9,0,0,1,1,1,0,1,1,0,1,0,0000000,99,99,99,99,99,99,0,0,0,1,0
36,360454,2,2,0,2,103,2920,10,5,2010,2,6,58,0,16,6,LOWELL AVE,SEACLIFF ST,0,40.76985000,-73.180436110,0,12,6,0,2,2,1,0,1,1,0,1,0,0000000,99,99,99,99,99,99,0,0,0,1,0
36,360455,1,1,0,1,103,5270,2,5,2010,1,15,5,0,16,6,JOHNSON AVE,,0,40.78744722,-73.099852780,0,42,0,0,1,1,4,0,1,1,0,1,0,0000000,15,9,15,11,99,99,0,0,0,1,1
36,360456,2,2,0,5,103,705,7,3,2010,1,15,48,0,14,5,SILLS RD,OLD DOCK RD,0,40.82074444,-72.944486110,0,12,6,0,2,3,1,0,1,1,0,1,0,0000000,15,49,15,54,16,18,0,0,0,1,0
36,360457,2,2,0,2,103,360,1,6,2010,3,12,37,1,13,3,SR-110,GAZZA BLVD,998,40.74686389,-73.422250000,0,12,6,0,2,2,1,0,1,1,0,1,0,0000000,99,99,99,99,99,99,0,0,0,1,0
36,360458,2,2,0,2,83,5540,19,6,2010,7,8,56,0,15,6,FOGARTY RD,SR-40,0,42.80468889,-73.634191670,0,12,6,0,2,4,1,0,1,1,0,1,0,0000000,8,56,9,0,9,25,0,0,0,1,0
36,360459,2,2,0,2,63,9997,11,7,2010,1,8,23,0,16,5,RIVER RD,,0,43.04033611,-79.005486110,0,12,2,0,1,1,1,0,1,1,0,1,0,0000000,8,24,8,35,9,3,0,0,0,1,0
36,360460,2,2,0,2,17,4590,7,7,2010,4,16,43,0,6,4,CR-32,,0,42.46320000,-75.547900000,0,12,2,0,1,1,1,0,1,1,0,1,0,0000000,16,48,16,52,17,28,0,0,0,1,0
36,360461,1,1,0,1,3,120,17,7,2010,7,0,57,0,5,5,KARR VALLEY,,0,42.32442778,-77.744513890,0,5,0,0,1,1,4,0,2,1,0,1,0,0000000,0,57,1,3,1,40,0,0,0,1,1
36,360462,1,1,0,1,33,4685,16,6,2010,4,12,20,0,6,4,CR-55,,0,44.41934444,-74.147330560,0,42,0,0,1,1,4,0,1,2,0,2,0,0000000,12,20,12,34,12,55,0,0,0,1,0
36,360463,2,1,1,1,103,705,4,6,2010,6,11,2,0,16,6,WOOD RD,,0,99.99990000,999.999900000,0,14,0,0,1,1,2,0,1,1,0,1,0,0000000,99,99,99,99,99,99,0,0,0,1,0
36,360464,1,1,0,1,89,5020,18,7,2010,1,1,50,0,15,5,MAIN ST,CEDAR ST,0,44.66862222,-74.977005560,0,19,0,0,2,2,4,0,2,1,0,1,0,0000000,2,1,2,11,88,88,0,0,0,1,1
36,360465,2,1,0,1,55,5230,11,7,2010,1,1,41,0,14,5,PARK AVE,,0,43.14910833,-77.581394440,0,42,0,0,1,1,4,0,2,1,0,1,0,0000000,1,40,1,47,2,10,0,0,0,1,1
36,360466,1,1,0,1,115,9997,1,7,2010,5,8,58,0,6,5,TURNPIKE RD,,0,42.95970556,-73.384422220,0,42,0,0,1,1,4,0,1,1,0,1,0,0000000,9,1,9,6,88,88,0,0,0,1,0
36,360467,1,1,0,1,71,1370,18,7,2010,1,13,23,1,2,3,SR-9W,,0,99.99990000,999.999900000,0,24,0,0,1,1,4,0,1,1,0,1,0,0000000,13,23,13,30,88,88,0,0,0,1,0
36,360468,1,1,0,2,99,5630,20,7,2010,3,13,50,1,1,1,I-90,,320,99.99990000,999.999900000,0,34,0,0,1,1,4,0,1,1,0,1,0,0000000,13,50,13,55,88,88,0,0,0,1,0
36,360469,2,2,0,3,25,5700,16,7,2010,6,15,35,0,6,4,CR-23,,0,42.31002222,-75.376188890,0,12,6,0,1,1,1,0,1,1,0,1,0,0000000,16,0,17,30,99,99,0,0,0,1,1
36,360470,2,2,0,3,119,1379,23,7,2010,6,16,38,0,14,5,ALBANY POST RD,,0,41.32498889,-73.928266670,0,12,2,0,1,1,1,0,1,10,0,10,0,0000000,16,39,16,45,99,99,0,0,0,1,0
36,360471,1,1,0,4,59,4600,1,7,2010,5,6,45,0,14,5,WOODBURY RD,,0,40.81894167,-73.468494440,0,35,0,0,1,1,4,0,1,1,0,1,0,0000000,6,48,6,49,99,99,0,0,0,1,0
36,360472,2,2,0,16,11,2011,7,7,2010,4,14,47,0,3,3,SR-34,,89,42.87750278,-76.574488890,0,12,2,0,1,1,4,0,1,1,0,1,0,0000000,99,99,99,99,99,99,0,0,0,1,0
36,360473,2,1,1,1,59,3360,11,6,2010,6,15,51,0,14,6,SHORE RD,,0,40.58402222,-73.651100000,0,14,0,0,1,1,7,0,1,1,0,1,0,0000000,15,51,15,53,16,0,0,0,0,1,0
36,360474,3,3,0,8,103,5210,17,7,2010,7,12,49,0,5,5,MAIN RD,,0,40.94730556,-72.609661110,0,12,6,0,1,1,1,0,1,1,0,1,0,0000000,12,51,13,1,14,6,0,0,0,1,0
36,360475,1,1,0,2,55,2395,12,7,2010,2,1,34,1,2,3,SR-947A EXIT RAMP,,0,43.26130000,-77.644102780,0,42,0,0,5,1,8,0,2,1,0,1,0,0000000,1,36,1,44,2,18,0,0,0,1,1
36,360476,1,1,1,1,109,2940,21,7,2010,4,8,30,0,16,5,S MEADOW ST,SOUTH ST,0,42.43376667,-76.508113890,0,8,0,0,3,2,1,0,1,1,0,1,0,0000000,99,99,99,99,99,99,0,0,0,1,0
36,360477,2,2,0,7,91,389,24,7,2010,7,16,31,1,2,3,SR-50,,0,42.95744444,-73.865655560,0,12,6,0,1,1,1,0,1,1,0,1,0,0000000,16,15,16,26,16,57,0,0,0,1,0
36,360478,1,1,1,1,61,4170,23,7,2010,6,2,53,0,13,6,BROADWAY,W 164TH ST,0,40.83836667,-73.941588890,0,8,0,0,3,1,1,0,3,1,0,1,0,0000000,2,54,2,57,3,4,0,0,0,1,0
36,360479,2,2,0,2,21,1173,21,7,2010,4,9,52,0,3,3,SR-66,,0,42.25911111,-73.745513890,0,12,2,0,1,1,1,0,1,1,0,1,0,0000000,9,52,9,57,10,35,0,0,0,1,0
36,360480,1,1,1,1,81,4170,21,7,2010,4,9,15,0,16,6,PARSONS BLVD,84TH RD,0,40.71365000,-73.806922220,0,8,0,0,3,2,1,0,1,1,0,1,1,0000000,99,99,99,99,99,99,0,0,0,1,0
36,360481,1,1,0,1,111,3329,22,7,2010,5,23,26,0,6,5,PERKINSVILLE RD,,0,41.69060278,-73.971591670,0,30,0,0,1,1,4,0,2,1,0,1,0,0000000,23,26,23,30,88,88,0,0,0,1,1
36,360482,3,2,0,6,103,2840,28,4,2010,4,17,10,0,16,6,3RD AVE,3RD ST,0,40.77698611,-73.249380560,0,12,6,0,2,2,1,0,1,1,0,1,0,0000000,99,99,99,99,99,99,0,0,0,2,0
36,360483,1,1,0,4,59,2600,20,6,2010,1,6,38,1,2,3,SR-908M,,0,40.68381111,-73.707791670,0,42,0,0,1,1,4,0,4,1,0,1,0,0000000,6,38,6,40,99,99,0,0,0,1,1
36,360484,2,2,0,3,47,4170,9,5,2010,1,2,0,0,13,6,SNYDER AVE,KINGS HWY,0,40.65052500,-73.923422220,0,12,6,0,2,2,1,0,3,1,0,1,0,0000000,99,99,99,99,99,99,0,0,0,1,0
36,360485,1,1,0,5,59,2600,15,7,2010,5,8,45,1,2,3,SR-908E,,0,40.67103611,-73.569475000,0,42,0,0,1,1,4,0,1,10,0,10,0,0000000,8,47,8,55,99,99,0,0,0,3,0
36,360486,1,1,0,1,53,3450,16,6,2010,4,13,12,0,5,5,CENTER RD,QUARTERLINE RD,0,42.88552500,-75.481225000,0,42,0,0,2,3,4,0,1,10,0,10,0,0000000,13,16,13,24,13,58,0,0,0,1,0
36,360487,1,1,1,3,29,2485,25,7,2010,1,18,32,1,13,3,SR-5,SR-179,0,42.79047222,-78.846066670,0,9,0,1,2,6,1,0,1,10,0,10,0,0000000,18,32,18,34,19,0,0,0,0,1,0
36,360488,2,2,0,5,29,2485,18,6,2010,6,10,0,1,1,1,I-90,,990,99.99990000,999.999900000,0,12,6,0,1,1,1,0,1,1,0,1,0,0000000,99,99,99,99,99,99,0,0,0,1,0
36,360489,3,3,0,5,57,4010,25,7,2010,1,13,26,1,2,3,SR-5,,61,42.91564167,-74.589744440,0,12,2,0,1,1,1,0,1,1,0,1,0,0000000,13,30,13,34,99,99,0,0,0,1,1
36,360490,1,1,0,1,55,2248,29,7,2010,5,10,34,1,1,1,I-490 RAMP,,0,43.15645278,-77.683575000,0,24,0,0,5,1,4,0,1,10,0,10,0,0000000,10,34,10,38,11,13,0,0,0,1,0
36,360491,3,3,0,4,111,4100,27,7,2010,3,7,1,0,2,3,SR-299,,99,41.73798889,-74.037222220,0,12,2,0,1,1,1,0,1,1,0,1,0,0000000,7,1,7,8,88,88,14,0,0,1,0
36,360492,1,1,3,1,61,4170,30,7,2010,6,9,6,0,13,6,E 124TH ST,,0,40.80216389,-73.933783330,0,8,0,1,5,1,1,0,1,1,0,1,0,0000000,99,99,99,99,99,99,0,0,0,1,0
36,360493,3,1,0,1,47,4170,9,5,2010,1,17,0,0,16,6,BERRY ST,,0,40.71253333,-73.964450000,0,14,0,0,1,1,7,0,1,1,0,1,0,0000000,99,99,99,99,99,99,0,0,0,1,0
36,360494,3,3,0,3,103,705,27,7,2010,3,20,25,1,1,1,I-495,,0,40.82243333,-72.982713890,0,12,2,0,1,1,1,0,5,1,0,1,0,0000000,20,29,20,33,20,50,0,0,0,1,0
36,360495,1,1,0,1,67,4491,21,6,2010,2,8,51,0,13,3,SR-173,,401,43.00539722,-76.164241670,0,1,0,0,1,1,4,0,1,10,0,10,0,0000000,8,52,8,55,9,26,0,0,0,1,0
36,360496,1,1,0,1,67,6140,3,7,2010,7,23,35,0,6,5,OTISCO RD,,0,42.85732778,-76.237036110,0,34,0,0,1,1,4,0,2,1,0,1,0,0000000,23,37,99,99,99,99,0,0,0,1,1
36,360497,1,1,0,2,55,2395,25,7,2010,1,17,23,1,2,3,SR-947A,,0,43.28118889,-77.695741670,0,59,0,0,1,1,4,0,1,1,0,1,0,0000000,17,25,17,29,17,51,0,0,0,1,1
36,360498,1,1,0,2,11,3839,25,7,2010,1,16,18,1,1,1,I-90,,3119,43.01423333,-76.689397220,0,1,0,0,1,1,3,0,1,1,0,1,0,0000000,16,19,16,33,99,99,0,0,0,1,0
36,360499,2,2,0,6,65,4659,30,7,2010,6,15,25,0,14,5,ONEIDA ST,SR-8,0,43.04380278,-75.274027780,0,12,6,0,2,2,1,0,1,1,0,1,0,0000000,15,25,15,38,16,19,0,0,0,1,0