STATE,ST_CASE,VE_TOTAL,VE_FORMS,PEDS,PERSONS,COUNTY,CITY,DAY,MONTH,YEAR,DAY_WEEK,HOUR,MINUTE,NHS,ROAD_FNC,ROUTE,TWAY_ID,TWAY_ID2,MILEPT,LATITUDE,LONGITUD,SP_JUR,HARM_EV,MAN_COLL,RELJCT1,RELJCT2,TYP_INT,REL_ROAD,WRK_ZONE,LGT_COND,WEATHER1,WEATHER2,WEATHER,SCH_BUS,RAIL,NOT_HOUR,NOT_MIN,ARR_HOUR,ARR_MIN,HOSP_HR,HOSP_MN,CF1,CF2,CF3,FATALS,DRUNK_DR
36,360500,1,1,0,1,9,1456,31,7,2010,7,7,30,0,4,3,SR-322,,0,42.35866944,-79.014702780,0,42,0,0,1,1,4,0,1,1,0,1,0,0000000,7,37,7,40,88,88,0,0,0,1,0
36,360501,1,1,0,1,65,4659,17,7,2010,7,15,1,0,16,5,ONEIDA ST,SR-8,0,43.04271944,-75.273641670,0,31,0,0,2,3,4,0,1,10,0,10,0,0000000,15,1,15,1,88,88,0,0,0,1,1
36,360502,2,2,0,2,19,5459,24,7,2010,7,11,19,0,6,4,CR-3,,0,44.60162222,-73.807075000,0,12,2,0,1,1,1,0,1,1,0,1,0,0000000,11,19,14,5,14,35,0,0,0,1,1
36,360503,1,1,0,1,103,160,26,7,2010,2,19,57,0,16,5,DIXON AVE,,0,40.68358056,-73.411388890,0,19,0,0,1,1,4,0,1,1,0,1,0,0000000,99,99,99,99,88,88,0,0,0,1,0
36,360504,1,1,1,2,47,4170,27,5,2010,5,19,3,0,16,6,53RD ST,,0,40.62309722,-73.978430560,0,8,0,0,1,1,1,0,5,10,0,10,0,0000000,99,99,99,99,99,99,0,0,0,1,0
36,360505,1,1,1,1,59,2160,5,7,2010,2,1,0,1,13,3,SR-27,,0,40.65649444,-73.588066670,0,8,0,0,1,1,1,0,3,1,0,1,0,0000000,99,99,99,99,99,99,0,0,0,1,0
36,360506,2,2,0,2,45,1182,26,6,2010,7,14,30,1,13,3,SR-12,SR-180,805,44.27276944,-76.000241670,0,12,6,0,2,2,1,0,1,2,0,2,0,0000000,99,99,99,99,99,99,0,0,0,1,0
36,360507,2,2,0,3,103,1650,13,7,2010,3,7,56,1,2,3,SR-27,SPRINGS CLOSE HWY,0,40.96781944,-72.164361110,0,33,0,0,2,3,4,0,1,1,0,1,0,0000000,7,56,8,6,8,27,0,0,0,1,0
36,360508,1,1,1,1,61,4170,12,4,2010,2,4,56,1,13,6,DELANCEY ST,ESSEX ST,0,40.71861111,-73.988172220,0,8,0,0,3,2,1,0,4,1,0,1,0,0000000,99,99,99,99,88,88,0,0,0,1,0
36,360509,1,1,0,3,45,720,5,7,2010,2,1,55,0,6,5,MIDDLE RD,,0,44.01568889,-76.075216670,0,42,0,0,1,1,4,0,2,1,0,1,0,0000000,2,0,2,11,99,99,0,0,0,1,0
36,360510,1,1,0,1,9,2140,22,7,2010,5,10,10,1,2,3,SR-16,,0,42.30980000,-78.460022220,0,42,0,0,1,1,4,0,1,10,0,10,0,0000000,10,10,10,18,88,88,0,0,0,1,0
36,360511,1,1,1,16,105,1954,24,4,2010,7,22,3,0,5,5,LAUREL AVE,,0,41.73378889,-74.628025000,0,8,0,0,1,1,1,0,3,1,0,1,0,0000000,22,3,22,15,23,30,0,0,0,1,0
36,360512,1,1,0,1,103,705,27,6,2010,1,19,35,1,13,4,CR-46,,0,40.74735556,-72.871669440,0,30,0,0,1,1,4,0,1,1,0,1,0,0000000,99,99,19,37,88,88,0,0,0,1,1
36,360513,1,1,0,1,103,2840,20,7,2010,3,23,5,0,6,5,CENTERPORT RD,,0,40.87769167,-73.368738890,0,42,0,0,1,1,4,0,3,10,0,10,0,0000000,23,9,23,19,99,99,0,0,0,1,0
36,360514,1,1,1,1,55,2898,26,7,2010,2,3,0,1,12,3,SR-590,,0,43.20426944,-77.548713890,0,8,0,0,1,1,1,0,3,1,0,1,0,0000000,3,5,3,10,5,15,0,0,0,1,0
36,360515,1,1,0,1,29,1170,31,7,2010,7,14,14,0,14,5,GOODRICH RD,,0,43.04198333,-78.636875000,0,53,0,0,1,1,4,0,1,10,0,10,0,0000000,14,14,14,18,14,59,0,0,0,1,0
36,360516,1,1,1,1,103,2920,8,3,2010,2,5,30,0,16,6,SPENCE ST,5TH AVE,0,40.76307222,-73.261569440,0,8,0,0,2,3,1,0,3,1,0,1,0,0000000,99,99,99,99,88,88,0,0,0,1,0
36,360517,1,1,1,1,85,4170,9,4,2010,6,6,15,0,16,6,SEGUINE AVE,WATERBURY AVE,0,40.52545833,-74.200988890,0,8,0,0,3,1,1,0,3,2,0,2,0,0000000,6,17,6,21,6,32,0,0,0,1,0
36,360518,1,1,1,3,75,5060,23,7,2010,6,16,20,0,6,5,LAKE ST,N JEFFERSON ST,0,43.56690556,-76.127488890,0,8,0,0,3,3,1,0,1,2,0,2,0,0000000,16,20,16,29,17,22,0,0,0,1,0
36,360519,2,2,0,3,59,2600,19,7,2010,2,15,25,0,13,6,HEMPSTEAD TPK,CLEARMEADOW DR,0,40.72508056,-73.550866670,0,12,6,0,2,2,1,0,1,1,0,1,0,0000000,15,31,15,32,15,40,0,0,0,1,0
36,360520,1,1,0,1,111,5,6,8,2010,6,0,40,1,2,3,SR-209,,0,41.80479722,-74.208847220,0,30,0,0,1,1,4,0,2,1,0,1,0,0000000,0,45,0,51,1,20,0,0,0,1,0
36,360521,1,1,1,1,61,4170,30,7,2010,6,17,28,0,16,6,1ST AVE,E 84TH ST,0,40.77557222,-73.950336110,0,8,0,0,3,2,1,0,1,1,0,1,0,0000000,99,99,99,99,99,99,0,0,0,1,0
36,360522,1,1,0,3,37,4390,7,8,2010,7,1,37,0,5,5,ALBION RD,,0,43.09576667,-78.279175000,0,30,0,0,1,1,4,0,2,1,0,1,0,0000000,1,37,1,51,99,99,0,0,0,3,1
36,360523,1,1,0,2,87,4063,16,7,2010,6,22,46,0,16,5,CONGERS RD,,0,41.15190278,-73.948588890,0,24,0,0,1,1,4,0,3,1,0,1,0,0000000,22,51,22,57,23,18,0,0,0,1,1
36,360524,1,1,0,1,15,3790,4,7,2010,1,5,27,0,5,5,MIDDLE RD,,0,42.21557500,-76.827875000,0,30,0,0,1,1,4,0,4,1,0,1,0,0000000,5,27,5,31,88,88,0,0,0,1,1
36,360525,1,1,1,1,81,4170,6,8,2010,6,5,30,0,16,6,80TH RD,QUEENS BLVD,0,40.71385556,-73.830155560,0,8,0,0,3,4,1,0,1,1,0,1,0,0000000,99,99,99,99,99,99,0,0,0,1,0
36,360526,1,1,0,1,103,6805,26,7,2010,2,18,30,0,15,5,LITTLE E NECK RD,GARDEN CITY AVE,0,40.74826389,-73.380261110,0,30,0,0,2,3,4,0,1,1,0,1,0,0000000,18,33,18,40,19,0,0,0,0,1,0
36,360527,1,1,1,2,47,4170,25,4,2010,1,23,43,0,16,6,FT HAMILTON PKWY,39TH ST,0,40.64317500,-73.990488890,0,8,0,0,3,2,1,0,3,2,0,2,0,0000000,99,99,99,99,99,99,0,0,0,1,0
36,360528,2,1,1,1,81,4170,5,5,2010,4,10,30,0,14,6,CEDAR CROFT RD,HOMELAWN ST,0,40.71158056,-73.793030560,0,8,0,0,3,3,1,0,1,1,0,1,0,0000000,99,99,99,99,99,99,0,0,0,1,0
36,360529,1,1,1,2,59,4450,31,7,2010,7,12,17,0,16,5,STOREHILL RD S,POWELLS LN,0,40.77982778,-73.576833330,0,9,0,0,2,2,1,0,1,1,0,1,0,0000000,12,15,12,35,99,99,0,0,0,1,0
36,360530,1,1,1,1,67,6010,2,7,2010,6,12,25,0,13,5,S STATE ST,E WATER ST,0,43.05046667,-76.147400000,0,9,0,0,2,2,1,0,1,1,0,1,0,0000000,99,99,99,99,99,99,0,0,0,1,0
36,360531,2,2,0,4,101,813,31,7,2010,7,14,0,0,14,3,SR-415,,0,42.23884444,-77.188011110,0,12,2,0,1,1,1,0,1,1,0,1,0,0000000,14,7,14,21,14,43,0,0,0,1,0
36,360532,2,2,0,2,103,2840,8,5,2010,7,4,5,0,15,5,SPAGNOLI RD,HUBB DR,0,40.76169167,-73.438141670,0,12,6,0,2,3,1,0,2,1,0,1,0,0000000,4,6,4,12,88,88,0,0,0,1,1
36,360533,3,3,0,6,103,2840,2,6,2010,4,9,19,0,14,5,DEPOT RD,VONDRAN ST,0,40.84204722,-73.403875000,0,12,2,0,2,2,1,0,1,1,0,1,0,0000000,99,99,99,99,99,99,0,0,0,1,0
36,360534,1,1,0,1,51,3200,2,8,2010,2,19,31,1,13,2,US-20A,,0,42.77095833,-77.880877780,0,24,0,0,1,1,4,0,1,1,0,1,0,0000000,19,30,19,35,20,47,0,0,0,1,1
36,360535,1,1,0,1,91,3462,9,8,2010,2,16,31,0,6,5,MALTA AVE EXT,,0,43.01357500,-73.778108330,0,38,0,0,1,1,4,0,1,10,0,10,0,0000000,16,43,16,51,17,35,0,0,0,1,1
36,360536,1,1,0,2,25,2130,10,8,2010,3,1,18,0,6,4,CR-16,,0,42.33772222,-75.047241670,0,59,0,0,1,1,4,0,2,2,0,2,0,0000000,1,18,1,22,99,99,0,0,0,1,0
36,360537,1,1,0,5,111,4461,10,8,2010,3,12,7,0,2,3,SR-28,OLD ROUTE 28,0,99.99990000,999.999900000,0,24,0,0,2,3,4,0,1,1,0,1,0,0000000,12,8,12,9,99,99,0,0,0,1,1
36,360538,3,2,1,3,47,4170,19,3,2010,6,15,30,0,13,6,66TH ST,11TH AVE,0,40.62803611,-74.006550000,0,8,0,0,2,2,1,0,1,1,0,1,0,0000000,99,99,99,99,99,99,0,0,0,1,1
36,360539,1,1,1,2,47,4170,12,3,2010,6,21,27,0,16,6,QUENTIN RD,OCEAN AVE,0,40.60906667,-73.953352780,0,8,0,0,3,2,1,0,3,3,0,3,0,0000000,99,99,99,99,99,99,0,0,0,1,0
36,360540,1,1,1,1,81,4170,12,3,2010,6,9,0,0,13,6,39TH ST,QUEENS BLVD,0,40.74392500,-73.926208330,0,8,0,0,3,2,1,0,1,2,0,2,0,0000000,99,99,99,99,99,99,0,0,0,1,0
36,360541,1,1,1,1,47,4170,26,4,2010,2,20,48,0,13,6,PENNSYLVANIA AVE,,0,40.65173056,-73.885802780,0,8,0,0,1,1,1,0,3,2,0,2,0,0000000,99,99,99,99,88,88,0,0,0,1,0
36,360542,2,2,1,3,47,4170,25,1,2010,2,5,50,0,13,6,CROPSEY AVE,,0,40.58505000,-73.987416670,0,12,1,0,1,1,1,0,3,2,0,2,0,0000000,99,99,99,99,99,99,0,0,0,1,0
36,360543,1,1,1,4,5,4170,11,4,2010,1,4,50,1,13,6,E FORDHAM RD,DECATUR AVE,0,40.86186111,-73.891822220,0,8,0,0,2,2,5,0,3,1,0,1,0,0000000,99,99,99,99,99,99,0,0,0,1,1
36,360544,3,3,0,7,5,4170,6,6,2010,1,23,35,1,1,1,I-95,,0,40.84372778,-73.895802780,0,12,1,0,5,1,1,0,3,1,0,1,0,0000000,99,99,99,99,99,99,0,0,0,2,0
36,360545,1,1,0,1,71,2690,3,7,2010,7,13,31,0,14,3,SR-218,,0,99.99990000,999.999900000,0,17,0,0,1,1,4,0,1,1,0,1,0,0000000,13,34,13,49,14,25,0,0,0,1,0
36,360546,1,1,0,1,111,5480,14,7,2010,4,6,8,1,2,3,SR-9W,,0,42.04333333,-73.964552780,0,42,0,0,1,1,4,0,1,2,0,2,0,0000000,6,8,6,22,6,58,0,0,0,1,0
36,360547,2,2,0,2,35,2980,13,8,2010,6,15,43,1,13,3,SR-29,HALES MILLS RD,14,43.02044444,-74.329363890,0,12,6,0,2,3,1,0,1,1,0,1,0,0000000,15,46,15,54,16,16,0,0,0,1,0
36,360548,1,1,1,1,55,5230,11,7,2010,1,17,58,0,16,4,WARWICK AVE,,0,43.14591667,-77.642161110,0,8,0,0,1,1,1,0,1,1,0,1,0,0000000,99,99,99,99,99,99,0,0,0,1,0
36,360549,2,2,0,3,59,4600,2,6,2010,4,11,40,0,14,5,OLD COUNTRY RD,APEX LN,0,40.75719722,-73.546869440,0,12,6,0,2,3,1,0,1,1,0,1,0,0000000,99,99,99,99,99,99,0,0,0,1,0
36,360550,1,1,1,1,117,4640,25,7,2010,1,19,7,0,4,5,MAPLE AVE,,0,43.08956944,-77.238308330,0,9,0,0,1,1,1,0,1,1,0,1,0,0000000,19,7,19,13,88,88,0,0,0,1,0
36,360551,2,2,0,2,53,6004,12,8,2010,5,6,11,0,6,5,QUARRY RD,COTTONS RD,0,43.03681389,-75.817141670,0,12,6,0,2,2,1,0,4,10,0,10,0,0000000,6,11,6,20,88,88,0,0,0,1,0
36,360552,2,2,0,2,37,4390,12,8,2010,5,11,57,1,2,3,SR-63,,730,43.07361389,-78.303955560,0,12,6,0,8,1,1,0,1,10,0,10,0,0000000,11,57,12,5,12,33,0,0,0,1,0
36,360553,2,2,0,2,7,540,3,8,2010,3,15,24,0,16,6,MAIN ST,FLORAL AVE,0,42.11121944,-75.945041670,0,12,2,0,2,2,1,0,1,10,0,10,0,0000000,15,24,15,29,15,58,0,0,0,1,0
36,360554,2,2,0,5,103,2920,4,7,2010,1,23,30,0,16,6,PINE AIRE DR,CECIL AVE,0,40.77519444,-73.265372220,0,12,6,0,2,3,1,0,3,1,0,1,0,0000000,99,99,99,99,99,99,0,0,0,1,0
36,360555,2,2,0,2,103,5870,7,8,2010,7,17,53,1,2,3,SR-25,,230,41.07010833,-72.414191670,0,12,2,0,1,1,1,0,1,1,0,1,0,0000000,17,53,17,56,99,99,0,0,0,1,1
36,360556,4,2,0,2,15,1850,8,7,2010,5,11,54,0,16,5,CEDAR ST,PENNSYLVANIA AVE,0,42.06055556,-76.810719440,0,12,7,0,2,2,1,0,1,1,0,1,0,0000000,12,0,12,3,12,19,0,0,0,1,0
36,360557,2,2,0,3,59,4600,7,8,2010,7,0,10,1,13,3,SR-25,,99,40.78104722,-73.562050000,0,12,1,0,1,1,1,0,2,1,0,1,0,0000000,0,24,0,26,99,99,0,0,0,1,0
36,360558,1,1,0,1,7,4935,15,8,2010,1,0,3,0,2,3,SR-7B,NOWLAN RD,0,42.15605556,-75.807938890,0,35,0,0,2,3,4,0,2,1,0,1,0,0000000,0,3,0,14,88,88,0,0,0,1,0
36,360559,2,2,0,2,1,50,29,7,2010,5,5,10,1,1,1,I-787,,0,42.67409167,-73.726372220,0,12,2,0,1,1,1,0,4,10,0,10,0,0000000,5,15,5,26,99,99,0,0,0,1,0
36,360560,1,1,1,1,51,350,28,7,2010,4,7,35,0,6,5,PARK PL,W MAIN ST,0,42.91230833,-77.746113890,0,33,0,0,2,6,5,0,1,1,0,1,0,0000000,7,35,7,38,8,30,0,0,0,1,0
36,360561,1,1,0,1,111,6491,14,8,2010,7,11,30,1,2,3,SR-52,,0,41.67983611,-74.397611110,0,24,0,0,1,1,4,0,1,1,0,1,0,0000000,11,35,11,41,12,45,0,0,0,1,1
36,360562,2,1,0,1,35,9997,14,8,2010,7,18,51,0,4,3,SR-10,,0,43.00060556,-74.542472220,0,30,0,0,1,1,4,0,1,1,0,1,0,0000000,18,51,19,10,88,88,0,0,0,1,1
36,360563,2,2,0,5,83,4768,15,8,2010,1,14,27,0,3,3,SR-2,,0,42.72043889,-73.265288890,0,12,2,0,1,1,1,0,1,10,0,10,0,0000000,14,30,14,40,17,45,0,0,0,1,0
36,360564,1,1,1,1,55,2898,12,8,2010,5,7,5,0,16,5,E RIDGE RD,,0,43.19677500,-77.595297220,0,8,0,0,1,1,1,0,1,1,0,1,0,0000000,7,8,7,10,7,23,0,0,0,1,0
36,360565,1,1,0,1,31,6725,21,6,2010,2,7,55,0,6,5,MOUNTAIN VIEW DR,,0,44.35061389,-73.419722220,0,35,0,0,1,1,4,0,1,1,0,1,0,0000000,7,58,8,0,88,88,0,0,0,1,1
36,360566,1,1,1,1,59,4090,18,8,2010,4,22,15,0,14,5,OLD COUNTRY RD,CARLETON ST,0,40.75141944,-73.569625000,0,8,0,0,2,3,1,0,3,1,0,1,0,0000000,22,16,22,18,88,88,0,0,0,1,0
36,360567,1,1,0,2,61,4170,22,8,2010,1,0,26,0,2,3,SR-907L,,0,40.70193611,-74.010194440,0,25,0,0,1,1,3,0,3,10,0,10,0,0000000,0,27,0,30,99,99,0,0,0,2,1
36,360568,2,2,0,3,63,4210,12,8,2010,5,18,15,0,16,5,WALNUT AVE,18TH ST,0,43.09347778,-79.040280560,0,12,2,0,2,2,1,0,1,1,0,1,0,0000000,18,22,18,29,18,54,0,0,0,1,0
36,360569,3,3,0,4,29,6642,15,8,2010,1,12,35,0,15,5,TRANSIT RD,,0,42.85536944,-78.696977780,0,12,6,0,1,1,1,0,1,1,0,1,0,0000000,12,39,12,39,13,25,0,0,0,1,0
36,360570,1,1,0,1,61,4170,2,5,2010,1,15,20,0,2,3,SR-907L EXIT RAMP,,0,99.99990000,999.999900000,0,17,0,0,5,1,4,0,1,1,0,1,0,0000000,99,99,15,50,88,88,0,0,0,1,0
36,360571,1,1,1,1,115,2440,4,8,2010,4,22,46,0,2,3,SR-29,,435,43.09510833,-73.506963890,0,8,0,0,1,1,1,0,3,1,0,1,0,0000000,22,46,22,56,88,88,0,0,0,1,0
36,360572,1,1,0,4,61,4170,26,6,2010,7,2,35,0,15,6,FT GEORGE AVE,,0,40.85807222,-73.926422220,0,33,0,0,1,1,4,0,3,1,0,1,0,0000000,99,99,99,99,99,99,0,0,0,2,1
36,360573,1,1,0,1,47,4170,15,6,2010,3,9,35,0,16,6,E 80TH ST,,0,40.63582500,-73.913741670,0,42,0,0,1,1,4,0,1,1,0,1,0,0000000,99,99,99,99,88,88,0,0,0,1,0
36,360574,3,3,1,4,119,6040,2,8,2010,2,12,35,1,11,1,I-87,,990,99.99990000,999.999900000,0,12,1,0,1,1,1,0,1,1,0,1,0,0000000,12,40,12,53,13,10,0,0,0,1,0
36,360575,1,1,1,1,81,4170,2,8,2010,2,13,28,0,13,6,ELIOT AVE,FRESH POND RD,0,40.71463889,-73.901211110,0,9,0,0,3,2,1,0,1,1,0,1,0,0000000,99,99,99,99,99,99,0,0,0,1,0
36,360576,1,1,0,2,81,4170,13,3,2010,7,7,10,1,2,3,SR-907B,,0,40.66891944,-73.738261110,0,24,0,0,1,1,4,0,4,2,0,2,0,0000000,99,99,99,99,99,99,0,0,0,1,0
36,360577,2,1,0,4,85,4170,15,5,2010,7,13,10,1,2,3,SR-440,,0,40.55012778,-74.219041670,0,14,0,0,1,1,2,0,1,1,0,1,0,0000000,13,11,13,16,13,59,0,0,0,1,0
36,360578,2,2,0,1,85,4170,21,5,2010,6,9,55,0,15,6,W SERVICE RD,,0,40.55815556,-74.206294440,0,12,9,0,1,1,1,0,1,1,0,1,0,0000000,9,59,10,13,10,35,0,0,0,1,0
36,360579,1,1,0,2,75,2200,21,8,2010,7,23,8,0,3,3,SR-48,OSTRANDER DR,0,43.23236944,-76.352052780,0,34,0,0,2,4,4,0,2,10,0,10,0,0000000,23,4,23,15,99,99,0,0,0,1,1
36,360580,1,1,0,13,119,6670,23,8,2010,2,7,0,1,1,1,I-287,,56,99.99990000,999.999900000,0,1,0,0,1,1,4,0,1,2,0,2,0,0000000,7,0,7,3,8,1,0,0,0,1,0
36,360581,1,1,0,1,7,2543,24,8,2010,3,20,4,1,2,3,SR-7,,0,42.17703333,-75.740133330,0,1,0,0,1,1,1,0,2,2,0,2,0,0000000,20,4,20,12,88,88,0,0,0,1,1
36,360583,1,1,1,1,15,1850,24,8,2010,3,20,39,0,15,5,HOFFMAN ST,,0,42.09642222,-76.828680560,0,15,0,0,1,1,1,0,5,10,0,10,0,0000000,20,39,20,43,20,50,0,0,0,1,0
36,360584,1,1,2,2,119,4930,27,8,2010,6,21,57,0,16,5,WESTCHESTER AVE,,0,41.00205556,-73.666505560,0,8,0,0,1,1,1,0,3,1,0,1,0,0000000,21,57,22,0,22,15,0,0,0,1,0
36,360585,1,1,1,1,31,3832,18,7,2010,1,4,0,0,6,5,DUGWAY RD,,0,44.05357500,-73.490511110,0,8,0,0,1,1,1,0,2,5,0,5,0,0000000,4,19,4,39,88,88,0,0,0,1,0
36,360586,2,2,0,6,89,2500,21,8,2010,7,15,21,1,1,2,US-11,,147,44.28930833,-75.547861110,0,12,2,0,1,1,1,0,1,10,0,10,0,0000000,15,24,15,34,21,50,0,0,0,2,0
36,360587,2,2,0,2,29,5475,18,8,2010,4,14,34,1,2,3,SR-16,,531,42.60353611,-78.499261110,0,12,2,0,1,1,1,0,1,10,0,10,0,0000000,14,38,14,45,88,88,0,0,0,1,0
36,360588,2,2,0,3,81,4170,19,8,2010,5,21,40,0,13,6,CROSS BAY BLVD,,0,99.99990000,999.999900000,0,12,1,0,1,1,1,0,3,1,0,1,0,0000000,99,99,99,99,99,99,0,0,0,1,1
36,360589,2,2,0,5,119,4890,19,8,2010,5,20,33,1,13,3,SR-987D,GRANT ST,130,41.13621111,-73.794383330,0,12,6,0,2,2,1,0,2,1,0,1,0,0000000,20,33,20,35,20,50,0,0,0,1,0
36,360590,1,1,1,1,59,2600,19,8,2010,5,8,41,0,16,6,PENINSULA BLVD,,0,99.99990000,999.999900000,0,8,0,0,1,1,1,0,1,1,0,1,0,0000000,99,99,99,99,99,99,0,0,0,1,0
36,360591,1,1,0,1,117,6760,21,6,2010,2,17,54,0,6,5,WESTBURY RD,WOLCOTT RD,0,43.18595000,-76.731669440,0,42,0,0,3,2,4,0,1,10,0,10,0,0000000,17,54,18,6,99,99,0,0,0,1,0
36,360592,1,1,0,2,109,2940,9,8,2010,2,15,33,0,6,5,SLATERVILLE RD,,0,42.41246389,-76.444630560,0,34,0,0,1,1,4,0,1,1,0,1,0,0000000,15,33,15,40,16,9,0,0,0,1,0
36,360593,1,1,0,1,29,6090,1,9,2010,4,14,15,0,16,5,COLVIN BLVD,,0,42.96862222,-78.858436110,0,33,0,0,1,1,4,0,1,1,0,1,0,0000000,14,16,14,21,14,57,0,0,0,1,0
36,360594,1,1,0,1,1,1290,29,8,2010,1,15,37,1,1,1,I-87 OFF RAMP EXIT2E,,10,42.71039722,-73.825572220,0,59,0,0,5,1,8,0,1,1,0,1,0,0000000,15,37,15,43,16,5,0,0,0,1,0
36,360595,1,1,0,1,21,2269,30,8,2010,2,18,12,0,6,4,CR-22,,0,42.33228056,-73.649361110,0,30,0,0,1,1,4,0,1,1,0,1,0,0000000,18,12,18,19,19,12,0,0,0,1,1
36,360596,1,1,1,1,61,4170,4,9,2010,7,13,31,0,13,6,3RD AVE,E 30TH ST,0,40.74320833,-73.979980560,0,8,0,0,3,2,1,0,1,1,0,1,0,0000000,99,99,99,99,99,99,0,0,0,1,0
36,360597,1,1,1,2,81,4170,4,9,2010,7,9,27,0,13,6,MERRICK BLVD,115TH AVE,0,40.68997778,-73.777891670,0,8,0,0,3,2,1,0,1,1,0,1,0,0000000,99,99,99,99,88,88,0,0,0,1,0
36,360598,1,1,1,1,61,4170,26,8,2010,5,22,52,1,13,6,2ND AVE,59TH ST,0,40.76060278,-73.964380560,0,9,0,0,3,2,1,0,3,1,0,1,0,0000000,99,99,99,99,99,99,0,0,0,1,0
36,360599,2,2,0,2,9,1830,29,8,2010,1,8,55,0,4,3,SR-240,THOMAS CORNERS RD,0,42.48059444,-78.640888890,0,12,6,0,2,2,1,0,1,1,0,1,0,0000000,9,0,9,14,9,40,0,0,0,1,0
36,360600,1,1,0,5,71,2690,21,8,2010,7,18,43,1,2,3,SR-9W,,392,99.99990000,999.999900000,0,35,0,0,1,1,4,0,5,2,0,2,0,0000000,18,43,18,45,99,99,0,0,0,1,0
36,360601,1,1,0,1,55,1160,27,7,2010,3,6,8,0,4,3,SR-33A,,111,43.07273056,-77.915183330,0,42,0,0,1,1,4,0,4,1,0,1,0,0000000,99,99,99,99,88,88,0,0,0,1,1
36,360602,1,1,1,1,81,4170,5,7,2010,2,23,4,1,13,6,WOODHAVEN BLVD,METROPOLITAN BLVD,0,40.71182500,-73.859733330,0,8,0,0,3,2,1,0,3,1,0,1,0,0000000,99,99,99,99,99,99,0,0,0,1,0
36,360603,1,1,0,1,53,1010,1,9,2010,4,10,12,0,4,5,OXBOW RD,,0,43.00128889,-75.729897220,0,42,0,0,1,1,4,0,1,1,0,1,0,0000000,10,12,10,18,88,88,0,0,0,1,0
36,360604,2,2,0,2,71,581,24,6,2010,5,15,0,0,14,3,SR-208,,0,99.99990000,999.999900000,0,12,6,0,1,1,1,0,1,10,0,10,0,0000000,15,0,15,8,15,48,0,0,0,1,1
36,360605,1,1,0,1,89,2500,20,8,2010,6,22,43,1,2,3,SR-37,,0,44.42005833,-75.712838890,0,34,0,0,1,1,4,0,2,1,0,1,0,0000000,22,43,22,49,88,88,0,0,0,1,0
36,360606,1,1,0,1,19,1116,27,8,2010,6,23,27,0,6,5,RATTA RD,,0,44.83639444,-73.439933330,0,34,0,0,1,1,4,0,3,10,0,10,0,0000000,23,25,23,33,88,88,0,0,0,1,0
36,360607,1,1,1,1,81,4170,7,5,2010,6,10,0,0,16,6,ROCKAWAY BLVD,LEFFERTS BLVD,0,40.67613056,-73.819150000,0,8,0,0,3,2,1,0,1,1,0,1,0,0000000,99,99,99,99,99,99,0,0,0,1,0
36,360608,1,1,0,1,1,4122,7,9,2010,3,21,7,0,15,5,KRUMKILL RD,,0,42.66639167,-73.869569440,0,30,0,0,1,1,4,0,2,1,0,1,0,0000000,21,7,21,18,21,39,0,0,0,1,1
36,360609,2,2,0,4,47,4170,25,6,2010,6,23,57,0,16,6,QUENTIN RD,E 38TH ST,0,40.61558056,-73.935316670,0,12,6,0,2,2,1,0,3,1,0,1,0,0000000,99,99,99,99,99,99,0,0,0,2,0
36,360610,1,1,1,1,89,619,30,8,2010,2,15,46,0,6,4,CR-37,,0,44.93284444,-74.641777780,0,8,0,0,1,1,1,0,1,1,0,1,0,0000000,15,32,15,40,17,57,0,0,0,1,0
36,360611,1,1,0,1,119,4700,6,9,2010,2,15,0,0,14,3,SR-9,WELCHER AVE,0,41.27124167,-73.929447220,0,24,0,0,2,2,4,0,1,1,0,1,0,0000000,15,0,15,6,88,88,0,0,0,1,0
36,360612,1,1,0,1,59,2600,11,8,2010,4,18,2,0,16,5,LINDEN BLVD,GREENWAY BLVD,0,40.68719444,-73.715880560,0,30,0,1,3,2,4,0,5,1,0,1,0,0000000,99,99,99,99,99,99,0,0,0,1,0
36,360613,2,2,0,2,81,4170,5,7,2010,2,6,50,1,1,1,I-495,,0,40.73841389,-73.805680560,0,12,2,0,1,1,1,0,1,1,0,1,0,0000000,99,99,99,99,99,99,0,0,0,1,1
36,360614,1,1,1,1,5,4170,12,7,2010,2,6,3,0,16,6,TILLOTSON AVE,,0,40.87699722,-73.844105560,0,8,0,0,1,1,1,0,1,1,0,1,0,0000000,99,99,99,99,99,99,0,0,0,1,0
36,360615,1,1,0,2,47,4170,25,7,2010,1,1,40,0,14,6,PARK AVE,STEUBEN ST,0,40.69586667,-73.963550000,0,59,0,0,2,3,4,0,3,10,0,10,0,0000000,99,99,99,99,99,99,0,0,0,1,0
36,360616,2,2,0,3,111,4461,26,8,2010,5,12,50,0,3,3,SR-28,OLD ROUTE 28,998,42.15871944,-74.566588890,0,12,1,0,2,3,1,0,1,1,0,1,0,0000000,12,50,13,5,14,9,0,0,0,2,0
36,360617,1,1,1,1,45,1077,24,8,2010,3,10,35,1,2,3,SR-26,,665,44.02992500,-75.709661110,0,8,0,0,1,1,1,0,1,10,0,10,0,0000000,10,35,10,47,11,11,0,0,0,1,0
36,360618,2,1,0,3,71,1169,9,8,2010,2,14,0,1,2,3,SR-17,,177,99.99990000,999.999900000,0,35,0,0,1,1,4,1,1,1,0,1,0,0000000,14,4,14,6,15,23,0,0,0,1,0
36,360619,2,2,0,2,47,4170,8,7,2010,5,17,25,0,13,6,DEKALB AVE,CLINTON ST,0,40.68948889,-73.968094440,0,12,6,0,2,2,1,0,1,1,0,1,0,0000000,99,99,99,99,88,88,0,0,0,1,0