STATE,ST_CASE,VE_TOTAL,VE_FORMS,PEDS,PERSONS,COUNTY,CITY,DAY,MONTH,YEAR,DAY_WEEK,HOUR,MINUTE,NHS,ROAD_FNC,ROUTE,TWAY_ID,TWAY_ID2,MILEPT,LATITUDE,LONGITUD,SP_JUR,HARM_EV,MAN_COLL,RELJCT1,RELJCT2,TYP_INT,REL_ROAD,WRK_ZONE,LGT_COND,WEATHER1,WEATHER2,WEATHER,SCH_BUS,RAIL,NOT_HOUR,NOT_MIN,ARR_HOUR,ARR_MIN,HOSP_HR,HOSP_MN,CF1,CF2,CF3,FATALS,DRUNK_DR
36,360620,2,2,0,3,61,4170,24,7,2010,7,22,28,0,14,6,WEST END AVE,W 65TH ST,0,40.77537500,-73.987727780,0,12,2,0,2,3,1,0,3,1,0,1,0,0000000,99,99,99,99,99,99,0,0,0,1,0
36,360621,2,2,0,4,103,5769,23,6,2010,4,20,18,1,2,3,SR-25A,HASTINGS DR,0,40.90673333,-73.279408330,0,12,6,0,2,3,1,0,1,1,0,1,0,0000000,99,99,99,99,99,99,0,0,0,1,1
36,360622,3,1,0,1,103,3270,14,7,2010,4,0,4,1,13,3,SR-27,44TH ST,0,40.69688889,-73.385136110,0,30,0,0,3,4,4,0,3,10,0,10,0,0000000,99,99,99,99,99,99,0,0,0,1,1
36,360623,1,1,0,2,103,360,10,8,2010,3,2,25,0,16,5,GREAT EAST NECK RD,RAILROAD AVE,0,40.69513611,-73.343952780,0,30,0,0,2,2,4,0,3,1,0,1,0,0000000,2,28,2,31,2,59,0,0,0,1,0
36,360624,1,1,0,1,27,2000,17,8,2010,3,22,40,0,2,3,SR-9D,,0,41.44892778,-73.981183330,0,24,0,0,1,1,4,0,3,1,0,1,0,0000000,99,99,99,99,99,99,0,0,0,1,0
36,360625,1,1,1,1,85,4170,5,6,2010,7,8,47,1,13,6,RICHMOND TERR,PORT RICHMOND AVE,0,40.64038333,-74.131558330,0,8,0,0,3,2,1,0,1,1,0,1,0,0000000,8,47,8,58,88,88,0,0,0,1,0
36,360626,1,1,1,3,103,2920,17,8,2010,3,17,49,0,16,5,WASHINGTON AVE,TAFT ST,0,40.78356389,-73.246202780,0,9,0,0,2,3,1,0,1,1,0,1,0,0000000,17,50,17,51,99,99,0,0,0,1,0
36,360627,3,3,0,2,61,4170,2,5,2010,1,23,2,0,13,3,SR-907V,,998,99.99990000,999.999900000,0,12,1,0,1,1,1,0,3,10,0,10,0,0000000,99,99,99,99,99,99,0,0,0,1,0
36,360628,1,1,0,1,59,4610,30,8,2010,2,12,24,0,16,5,BLAIR RD,,0,40.86978056,-73.521227780,0,42,0,0,1,1,4,0,1,1,0,1,0,0000000,12,24,12,28,99,99,0,0,0,1,0
36,360629,1,1,0,1,55,5600,30,8,2010,2,0,30,0,6,5,CALEDONIA AVE,BOWERMAN RD,0,43.01556667,-77.762302780,0,24,0,0,2,3,4,0,3,1,0,1,0,0000000,0,30,0,36,99,99,0,0,0,1,1
36,360630,3,3,0,2,93,1592,26,6,2010,7,21,56,1,1,1,I-88,,750,99.99990000,999.999900000,0,12,1,0,1,1,1,0,2,10,0,10,0,0000000,21,59,22,16,23,27,0,0,0,1,1
36,360631,1,1,3,1,1,3680,21,8,2010,7,9,4,0,2,3,SR-32,,0,42.70505000,-73.713927780,0,8,0,0,1,1,1,0,1,1,0,1,0,0000000,9,5,9,12,9,33,0,0,0,1,0
36,360632,1,1,0,1,21,2269,27,8,2010,6,9,50,1,2,3,SR-9H,,0,42.31428889,-73.701611110,0,42,0,0,1,1,4,0,1,1,0,1,0,0000000,9,50,9,53,88,88,0,0,0,1,0
36,360633,1,1,1,1,15,1850,3,9,2010,6,19,41,0,15,6,HOFFMAN ST,W WASHINGTON AVE,0,42.09491111,-76.827886110,0,8,0,0,3,3,1,0,3,1,0,1,0,0000000,19,43,19,46,19,53,0,0,0,1,1
36,360634,1,1,1,1,61,4170,15,9,2010,4,2,11,0,2,3,SR-907L,,0,40.76711944,-73.950300000,0,8,0,0,1,1,1,0,3,1,0,1,0,0000000,2,22,2,25,88,88,0,0,0,1,0
36,360635,1,1,0,1,91,2469,14,9,2010,3,17,45,0,16,5,OLD CORINTH RD,,0,43.30611389,-73.837825000,0,35,0,0,1,1,4,0,1,1,0,1,0,0000000,17,47,17,53,88,88,0,0,0,1,0
36,360636,1,1,0,2,123,614,14,9,2010,3,12,0,0,6,5,GUYANOGA RD,,0,42.61382778,-77.163700000,0,42,0,0,1,1,4,0,1,1,0,1,0,0000000,12,0,12,14,14,8,0,0,0,1,0
36,360637,1,1,1,1,29,6090,15,9,2010,4,20,30,0,16,5,SHERIDAN DR,BELMONT AVE,0,42.98093333,-78.852888890,0,8,0,0,3,2,1,0,3,1,0,1,0,0000000,20,33,20,35,88,88,0,0,0,1,0
36,360638,2,1,0,1,67,6010,30,5,2010,1,2,35,0,14,6,BUTTERNUT ST,,0,43.07619167,-76.142808330,0,14,0,0,1,1,2,0,3,1,0,1,0,0000000,2,38,2,41,3,2,0,0,0,1,1
36,360639,2,2,0,3,91,3462,15,1,2010,6,10,50,0,13,3,SR-9,,0,42.96176111,-73.791302780,0,12,6,0,7,1,1,0,1,10,0,10,0,0000000,99,99,99,99,99,99,0,0,0,1,0
36,360640,1,1,0,1,109,2460,11,9,2010,7,14,20,0,5,6,W GROTON RD,,0,42.60433611,-76.441669440,0,34,0,0,1,1,4,0,1,1,0,1,0,0000000,14,20,14,28,88,88,0,0,0,1,0
36,360641,1,1,0,1,111,3060,9,3,2010,3,17,25,0,15,5,SAWKILL RD,,0,41.98096389,-74.017638890,0,34,0,0,1,1,4,0,1,1,0,1,0,0000000,99,99,99,99,99,99,0,0,0,1,0
36,360642,1,1,0,1,55,5230,17,7,2010,7,23,29,0,14,5,PORTLAND AVE,,0,43.16944167,-77.595447220,0,33,0,0,1,1,4,0,3,10,0,10,0,0000000,23,29,23,34,88,88,0,0,0,1,1
36,360643,1,1,1,1,15,1850,6,3,2010,7,7,21,0,3,3,SR-352,FOREST HILLS DR,731,42.08330556,-76.861408330,0,8,0,0,3,2,1,0,1,1,0,1,0,0000000,7,23,7,30,7,48,0,0,0,1,0
36,360644,1,1,0,1,71,6410,5,9,2010,1,19,26,0,5,5,LONG MEADOW RD,OLD FORGE RD,0,41.20180833,-74.248761110,0,41,0,0,2,3,4,0,5,1,0,1,0,0000000,19,26,19,46,88,88,0,0,0,1,0
36,360645,1,1,1,3,15,1850,5,9,2010,1,20,20,0,14,5,LAKE RD,E MCCANNS BLVD,0,42.12281667,-76.809625000,0,8,0,0,3,3,1,0,3,10,0,10,0,0000000,20,20,20,25,20,35,0,0,0,1,0
36,360646,1,1,0,1,91,2469,18,9,2010,7,3,29,0,5,5,N SHORE RD,,0,43.30585000,-73.874775000,0,35,0,0,1,1,4,0,2,10,0,10,0,0000000,3,29,3,45,88,88,0,0,0,1,0
36,360647,1,1,0,1,25,5950,4,8,2010,4,23,10,0,6,5,NARROW NOTCH RD,,0,42.33707222,-74.636241670,0,34,0,0,1,1,4,0,2,1,0,1,0,0000000,23,23,23,25,88,88,0,0,0,1,1
36,360648,1,1,0,1,111,5480,6,8,2010,6,22,0,1,1,1,I-87,,997,99.99990000,999.999900000,0,24,0,0,1,1,3,4,2,1,0,1,0,0000000,22,3,23,30,23,50,0,0,0,1,0
36,360649,2,1,0,1,65,3542,14,8,2010,7,16,19,0,6,5,OLIN RD,,0,43.20563056,-75.280638890,0,31,0,0,1,1,4,0,1,1,0,1,0,0000000,16,19,16,25,17,11,0,0,0,1,0
36,360650,1,1,0,1,101,5062,17,8,2010,3,10,0,0,6,5,CHIDSEY HILL RD,W LAKE RD,0,42.57033889,-77.152691670,0,34,0,0,2,3,4,0,1,1,0,1,0,0000000,10,3,10,18,11,5,0,0,0,1,0
36,360651,1,1,0,1,99,5630,5,9,2010,1,15,47,0,4,3,SR-89,,0,43.00251389,-76.764800000,0,24,0,0,1,1,4,0,1,10,0,10,0,0000000,15,50,16,1,16,37,0,0,0,1,1
36,360652,1,1,0,2,87,5077,5,9,2010,1,15,25,1,2,3,SR-987C,,262,99.99990000,999.999900000,0,42,0,0,1,1,3,0,1,1,0,1,0,0000000,15,25,15,30,88,88,0,0,0,2,0
36,360653,2,2,0,3,71,4980,11,7,2010,1,17,7,0,6,5,MOUNTAIN RD,SPRINGBROOK RD,0,41.41414167,-74.584502780,0,12,1,0,2,3,1,0,1,10,0,10,0,0000000,17,7,17,23,88,88,0,0,0,1,0
36,360654,1,1,0,1,63,3340,11,9,2010,7,14,5,0,16,5,HAMM RD,,0,43.14016944,-78.694447220,0,42,0,0,1,1,4,0,1,1,0,1,0,0000000,14,6,14,16,15,3,0,0,0,1,0
36,360655,2,2,0,2,29,750,2,9,2010,5,17,42,0,16,6,SAINT JOSEPH ST,,0,99.99990000,999.999900000,9,12,2,0,1,1,1,0,1,1,0,1,0,0000000,18,15,18,38,88,88,0,0,0,1,0
36,360656,1,1,1,1,55,652,14,9,2010,3,6,28,0,14,5,W HENRIETTA RD,FURLONG RD,0,43.10761111,-77.626069440,0,8,0,0,2,3,1,0,4,1,0,1,0,0000000,6,28,6,34,88,88,0,0,0,1,0
36,360657,1,1,1,1,59,2600,8,9,2010,4,20,33,0,16,5,FULTON AVE,MARYLAND AVE,0,40.70996389,-73.614847220,0,8,0,0,3,3,1,0,2,1,0,1,0,0000000,20,33,20,40,20,50,0,0,0,1,0
36,360658,1,1,1,3,81,4170,17,5,2010,2,8,8,0,13,6,HEMPSTEAD AVE,,0,40.71215833,-73.731372220,0,8,0,0,1,1,1,0,1,10,0,10,0,0000000,99,99,99,99,99,99,0,0,0,1,0
36,360659,1,1,1,1,61,4170,24,5,2010,2,13,15,0,14,6,E 60TH ST,3RD AVE,0,40.76218611,-73.966152780,0,8,0,0,3,2,1,0,1,10,0,10,0,0000000,99,99,99,99,99,99,0,0,0,1,0
36,360660,1,1,1,1,103,360,13,6,2010,1,15,38,0,16,5,DIXON AVE,,0,40.68819722,-73.396663890,0,8,0,0,1,1,4,0,1,10,0,10,0,0000000,99,99,99,99,99,99,0,0,0,1,0
36,360661,2,1,0,1,81,4170,6,6,2010,1,19,53,0,16,5,221ST ST,145TH RD,0,40.66323333,-73.757850000,0,42,0,0,2,2,4,0,3,1,0,1,0,0000000,99,99,99,99,99,99,0,0,0,1,0
36,360662,1,1,1,2,81,4170,4,6,2010,6,8,44,0,16,6,53RD AVE,202ND ST,0,40.74924722,-73.776475000,0,8,0,0,3,2,1,0,1,1,0,1,0,0000000,99,99,99,99,99,99,0,0,0,1,0
36,360663,1,1,1,1,85,4170,8,6,2010,3,6,49,0,13,6,RICHMOND AVE,BARTLETT AVE,0,40.54729444,-74.166247220,0,8,0,0,2,4,1,0,1,1,0,1,0,0000000,6,49,7,0,7,20,0,0,0,1,0
36,360664,1,1,0,1,21,2810,17,8,2010,3,12,53,0,16,5,TANNERS LN,,0,42.25123333,-73.795272220,0,33,0,0,1,1,4,0,1,1,0,1,0,0000000,12,57,13,3,13,33,0,0,0,1,0
36,360665,2,2,0,2,23,2760,11,9,2010,7,12,28,1,2,3,SR-13,,236,42.64185000,-76.135058330,0,12,2,0,1,1,1,0,1,1,0,1,0,0000000,12,30,12,31,15,31,0,0,0,1,1
36,360666,5,5,0,6,1,1290,2,9,2010,5,18,26,1,12,3,SR-7,,0,42.74877778,-73.711652780,0,12,7,0,1,1,1,0,1,1,0,1,0,0000000,18,27,18,36,19,20,0,0,0,1,1
36,360667,2,2,0,2,93,5315,20,9,2010,2,9,0,0,16,5,MAIN ST,BRIDGE ST,0,42.87450833,-74.046225000,0,12,6,0,2,3,1,0,1,1,0,1,0,0000000,9,3,9,7,9,29,0,0,0,1,0
36,360668,1,1,1,1,81,4170,13,5,2010,5,12,40,1,12,3,SR-907A,CLINTONVILLE ST,996,40.78714167,-73.810430560,0,15,0,0,3,2,1,0,1,1,0,1,0,0000000,99,99,99,99,99,99,0,0,0,1,0
36,360669,1,1,0,1,103,5810,10,9,2010,6,5,28,0,4,5,NOYACK RD,HAMPTON RD,0,40.88785556,-72.386041670,0,42,0,0,2,3,4,0,2,1,0,1,0,0000000,5,36,6,51,99,99,0,0,0,1,1
36,360670,1,1,0,9,13,4987,6,9,2010,2,16,15,1,1,1,I-90,,4808,99.99990000,999.999900000,0,31,0,0,1,1,4,0,1,10,0,10,0,0000000,18,0,18,18,18,47,0,0,0,2,0
36,360672,1,1,0,1,119,6040,18,9,2010,7,12,14,1,2,3,SR-987G,,0,41.13962222,-73.817202780,0,24,0,0,1,1,3,0,1,1,0,1,0,0000000,12,42,12,44,13,16,0,0,0,1,1
36,360673,2,2,0,2,55,5230,16,8,2010,2,16,9,0,14,5,BROOKS AVE,GENESEE PARK BLVD,0,43.13093056,-77.653750000,0,12,8,0,2,2,1,0,1,1,0,1,0,0000000,99,99,99,99,99,99,0,0,0,1,0
36,360674,2,2,0,2,95,3710,29,8,2010,1,13,35,0,6,5,BEAR LADDER RD,,0,42.51589167,-74.423597220,0,12,6,0,1,1,1,0,1,1,0,1,0,0000000,13,37,13,54,14,45,0,0,0,1,0
36,360675,2,2,1,3,5,4170,24,9,2010,6,8,45,1,11,1,I-278,,157,40.81243889,-73.898655560,0,12,1,0,1,1,1,0,1,1,0,1,0,0000000,99,99,99,99,99,99,0,0,0,1,0
36,360676,2,2,0,2,65,6220,10,7,2010,7,19,5,0,14,5,EAGLE ST,WETMORE ST,0,43.08384167,-75.212402780,0,12,6,0,2,3,1,0,1,1,0,1,0,0000000,19,5,19,9,19,21,0,0,0,1,0
36,360677,2,2,0,2,61,4170,19,9,2010,1,17,11,0,16,6,WEST ST,CANAL ST,0,40.72516389,-74.011050000,0,12,6,0,2,2,1,0,1,10,0,10,0,0000000,17,12,17,16,17,34,0,0,0,1,0
36,360678,1,1,1,1,103,5210,21,9,2010,3,17,18,0,16,5,MIDDLE COUNTRY RD,,0,40.92745556,-72.753352780,0,9,0,0,1,1,1,0,1,1,0,1,0,0000000,17,22,17,30,88,88,0,0,0,1,0
36,360679,2,2,0,2,59,6200,14,9,2010,3,11,17,0,13,3,SR-107,,302,40.81971944,-73.578377780,0,12,2,0,1,1,1,0,1,1,0,1,0,0000000,11,17,11,19,11,50,0,0,0,1,0
36,360680,1,1,0,2,59,4600,6,9,2010,2,4,46,1,1,1,I-495,,0,40.79829722,-73.477100000,0,25,0,0,1,1,3,0,3,10,0,10,0,0000000,4,46,99,99,5,18,0,0,0,1,1
36,360681,1,1,0,1,55,5230,20,9,2010,2,7,8,0,14,5,SOUTH AVE,,0,43.11794722,-77.616800000,0,42,0,0,1,1,4,0,1,1,0,1,0,0000000,99,99,99,99,99,99,0,0,0,1,0
36,360682,2,2,0,2,47,4170,7,6,2010,2,20,16,1,13,6,3RD AVE,16TH ST,0,40.66724444,-73.994555560,0,12,9,0,2,2,1,0,1,1,0,1,0,0000000,99,99,99,99,99,99,0,0,0,1,0
36,360683,1,1,1,1,59,2280,12,4,2010,2,6,45,0,14,5,PRATT BLVD,,0,40.86287500,-73.631786110,0,8,0,0,1,1,1,0,1,1,0,1,0,0000000,99,99,99,99,99,99,0,0,0,1,0
36,360684,1,1,2,1,59,2600,3,8,2010,3,21,10,0,16,5,BABYLON TURNPIKE,,0,40.67124722,-73.579419440,0,8,0,0,1,1,1,0,3,1,0,1,0,0000000,99,99,99,99,99,99,0,0,0,1,0
36,360685,1,1,1,1,81,4170,8,9,2010,4,20,41,1,13,6,GUY R BREWER BLVD,147TH AVE,0,40.66035833,-73.767988890,0,8,0,0,3,2,1,0,3,1,0,1,0,0000000,99,99,99,99,88,88,0,0,0,1,0
36,360686,2,2,0,7,103,705,9,8,2010,2,16,48,0,13,6,HORSEBLOCK RD,NORTH SERVICE RD,0,99.99990000,999.999900000,0,12,6,0,2,2,1,0,1,1,0,1,0,0000000,99,99,99,99,99,99,0,0,0,1,0
36,360687,1,1,0,2,91,3462,1,9,2010,4,20,11,0,2,3,SR-9P,,0,42.98590833,-73.742938890,0,16,0,0,1,1,1,0,2,1,0,1,0,0000000,20,11,20,12,99,99,0,0,0,1,0
36,360688,1,1,1,1,47,4170,4,9,2010,7,16,48,0,13,6,PARK AVE,GRAND AVE,0,40.69558333,-73.964450000,0,9,0,0,2,2,1,0,1,1,0,1,0,0000000,99,99,99,99,99,99,0,0,0,1,0
36,360689,1,1,1,1,81,4170,29,9,2010,4,5,45,0,13,6,NORTHERN BLVD,212TH ST,0,40.75989444,-73.771155560,0,8,0,0,2,3,1,0,3,1,0,1,0,0000000,99,99,99,99,99,99,0,0,0,1,0
36,360690,2,2,0,2,113,5025,3,9,2010,6,9,58,1,2,3,SR-9,VALLEY FARM RD,0,43.72425000,-73.827738890,0,12,2,0,2,3,1,0,1,1,0,1,0,0000000,9,58,10,9,10,55,0,0,0,1,0
36,360691,2,2,0,2,119,5033,4,9,2010,7,17,30,0,14,3,SR-121,,0,41.25003056,-73.617216670,0,12,2,0,1,1,1,0,1,1,0,1,0,0000000,17,33,17,50,88,88,0,0,0,1,0
36,360692,2,2,0,2,5,4170,26,9,2010,1,0,20,0,16,6,MORRIS AVE,E 149TH ST,0,40.81742222,-73.922750000,0,12,6,0,2,2,1,0,3,1,0,1,0,0000000,99,99,99,99,99,99,0,0,0,1,0
36,360693,2,2,0,2,59,4090,6,9,2010,2,12,34,0,14,5,SHELTER ROCK RD,,0,40.79277500,-73.693788890,0,12,6,0,8,1,1,0,1,1,0,1,0,0000000,99,99,99,99,99,99,0,0,0,1,0
36,360694,1,1,1,1,47,4170,7,7,2010,4,20,50,0,16,6,VARICK ST,MESEROLE ST,0,40.71054722,-73.928277780,0,9,0,0,2,3,1,0,5,1,0,1,0,0000000,99,99,99,99,88,88,0,0,0,1,0
36,360695,1,1,0,1,25,1490,25,9,2010,7,13,15,0,5,5,TURNPIKE RD,,0,42.36542500,-74.920405560,0,1,0,0,1,1,1,0,1,10,0,10,0,0000000,13,21,13,31,13,54,0,0,0,1,0
36,360696,1,1,0,3,9,5962,4,7,2010,1,23,48,0,6,5,W PERIMETER RD,,0,42.08695000,-78.893722220,0,42,0,0,1,1,4,0,2,1,0,1,0,0000000,99,99,99,99,99,99,0,0,0,1,0
36,360697,1,1,1,2,85,4170,30,7,2010,6,4,40,0,13,6,JERSEY ST,,0,40.63991111,-74.087236110,0,9,0,0,1,1,1,0,3,1,0,1,0,0000000,4,39,4,44,4,57,0,0,0,1,0
36,360698,1,1,0,3,71,581,4,9,2010,7,1,45,0,3,3,SR-208,,0,41.30107222,-74.185158330,0,42,0,0,1,1,4,0,2,1,0,1,0,0000000,1,46,1,47,99,99,0,0,0,1,1
36,360699,1,1,0,1,95,5640,25,9,2010,7,19,57,0,3,3,SR-10,,0,42.80802778,-74.605663890,0,11,0,0,1,1,1,0,2,1,0,1,0,0000000,19,59,20,12,88,88,0,0,0,1,1
36,360700,2,2,0,6,65,5260,29,7,2010,5,15,33,1,13,3,SR-46,OSWEGO RD,184,43.22536111,-75.539186110,0,12,2,0,2,3,1,0,1,10,0,10,0,0000000,15,33,15,48,17,46,0,0,0,1,0
36,360701,1,1,0,2,7,2543,26,9,2010,1,12,45,0,5,3,SR-41,,0,42.18115000,-75.536283330,0,11,0,0,1,1,1,0,1,10,0,10,0,0000000,12,38,12,45,13,40,0,0,0,1,0
36,360702,1,1,1,1,1,6470,2,10,2010,7,10,5,0,16,6,23RD ST,2ND AVE,0,42.73277222,-73.701088890,0,8,0,0,3,2,1,0,1,1,0,1,0,0000000,10,5,10,8,10,36,0,0,0,1,0
36,360703,1,1,0,1,65,1453,5,9,2010,1,0,39,0,6,5,HANOVER RD,,0,42.96986389,-75.379191670,0,25,0,0,1,1,4,0,2,1,0,1,0,0000000,0,40,0,52,88,88,0,0,0,1,0
36,360704,4,4,0,6,67,1800,11,8,2010,4,13,55,1,2,3,SR-5,,380,43.03789444,-76.424338890,0,12,1,0,1,1,1,0,1,1,0,1,0,0000000,13,55,13,55,99,99,14,19,0,2,0
36,360705,1,1,0,5,63,5081,25,9,2010,7,12,34,0,5,5,YOUNGSTWN LOCKPRT RD,,0,43.24839167,-78.950413890,0,41,0,0,1,1,4,0,1,10,0,10,0,0000000,12,33,12,35,13,5,0,0,0,2,0
36,360706,1,1,0,2,109,2940,26,9,2010,1,3,17,0,6,5,WATERBURG RD,,0,42.45424167,-76.671266670,0,34,0,0,1,1,4,0,2,1,0,1,0,0000000,3,17,3,30,99,99,0,0,0,1,1
36,360707,2,2,0,2,37,410,14,9,2010,3,9,18,1,13,3,SR-98,UNION ST,0,43.01161389,-78.192144440,0,12,6,0,2,3,1,0,1,1,0,1,0,0000000,9,18,9,24,10,4,0,0,0,1,0
36,360708,2,2,0,2,115,2820,4,10,2010,2,17,7,0,4,3,SR-196,,0,43.30800556,-73.526944440,0,12,2,0,1,1,1,0,1,10,0,10,0,0000000,17,7,17,13,99,99,0,0,0,2,0
36,360709,1,1,1,2,103,450,24,7,2010,7,21,13,0,16,5,5TH AVE,,0,40.75385556,-73.262780560,0,8,0,0,1,1,1,0,3,1,0,1,0,0000000,99,99,99,99,99,99,0,0,0,1,0
36,360710,2,2,0,2,111,4100,16,7,2010,6,22,40,0,5,5,BROOKSIDE RD,,0,41.70986111,-74.073708330,0,12,1,0,1,1,1,0,2,1,0,1,0,0000000,99,99,99,99,88,88,0,0,0,1,2
36,360711,1,1,1,1,5,4170,28,9,2010,3,4,2,1,11,1,I-95,,10,99.99990000,999.999900000,0,8,0,0,1,1,1,0,2,2,0,2,0,0000000,4,3,99,99,88,88,0,0,0,1,0
36,360712,1,1,0,1,39,775,15,8,2010,1,19,24,0,6,5,JOEL M AUSTIN RD,,0,42.25973056,-73.980366670,0,31,0,0,1,1,4,0,5,2,0,2,0,0000000,19,29,19,34,88,88,0,0,0,1,1
36,360713,1,1,0,2,55,5230,20,8,2010,6,18,8,0,16,5,CUTLER ST,,0,43.18428333,-77.619900000,0,5,0,0,1,1,1,0,1,1,0,1,0,0000000,18,9,18,16,18,30,0,0,0,1,0
36,360714,1,1,0,1,47,4170,4,8,2010,4,19,50,0,16,6,NEVINS ST,PACIFIC ST,0,40.68546667,-73.983069440,0,33,0,0,2,2,5,0,2,1,0,1,0,0000000,99,99,99,99,99,99,0,0,0,1,1
36,360715,3,3,0,3,117,6365,26,8,2010,5,16,20,0,4,3,SR-350,,0,99.99990000,999.999900000,0,12,2,0,1,1,1,0,1,1,0,1,0,0000000,16,20,16,42,17,43,0,0,0,1,0
36,360716,1,1,1,1,59,2600,30,8,2010,2,2,5,0,14,5,UNIONDALE AVE,COLERIDGE RD,0,40.69135278,-73.596027780,0,8,0,0,3,2,1,0,3,1,0,1,0,0000000,2,8,2,11,88,88,0,0,0,1,1
36,360717,3,2,0,2,81,4170,30,9,2010,5,5,9,0,16,6,MASPETH AVE,RUST ST,0,40.72289167,-73.913847220,0,12,6,0,2,2,1,0,4,2,0,2,0,0000000,99,99,99,99,99,99,0,0,0,1,0
36,360718,3,2,0,2,47,4170,15,6,2010,3,6,14,1,13,6,ATLANTIC AVE,BOND ST,0,40.68690278,-73.984830560,0,1,0,0,2,2,1,0,1,1,0,1,0,0000000,99,99,99,99,99,99,0,0,0,1,0
36,360719,1,1,3,1,113,6390,24,6,2010,5,23,23,0,5,5,GOLF COURSE RD,,0,43.50224722,-73.802288890,0,8,0,0,1,1,4,0,3,10,0,10,0,0000000,23,23,23,30,0,9,0,0,0,2,1
36,360720,1,1,0,2,103,2920,20,7,2010,3,4,5,0,16,6,CROOKED HILL RD,ST PETER DR,0,40.78560833,-73.269069440,0,42,0,0,2,3,4,0,3,1,0,1,0,0000000,4,5,4,15,4,33,0,0,0,1,1
36,360721,1,1,0,4,47,4170,6,7,2010,3,11,32,1,1,1,I-278,,0,40.62677778,-74.018175000,0,6,0,0,1,1,1,0,1,1,0,1,0,0000000,99,99,99,99,99,99,0,0,0,1,0
36,360722,1,1,0,1,103,5675,9,9,2010,5,10,15,0,16,5,SMITH RD,,0,40.79948333,-72.880383330,0,42,0,0,1,1,4,0,1,1,0,1,0,0000000,10,17,10,19,88,88,0,0,0,1,0
36,360723,1,1,1,1,59,2600,5,9,2010,1,13,40,0,14,5,NASSAU RD,WOODS AVE,0,40.67917222,-73.589580560,0,8,0,0,3,3,1,0,1,1,0,1,0,0000000,13,41,13,45,14,4,0,0,0,1,0
36,360724,1,1,1,1,59,2600,22,9,2010,4,6,20,1,2,3,SR-27,WANTAGH AVE,0,40.67181667,-73.510466670,0,8,0,0,3,3,1,0,4,1,0,1,0,0000000,6,25,6,30,6,41,0,0,0,1,0
36,360725,1,1,1,1,103,5194,19,8,2010,5,11,50,1,2,3,SR-25,,0,40.89121944,-72.902302780,0,15,0,0,1,1,2,0,1,1,0,1,0,0000000,99,99,99,99,99,99,0,0,0,1,0
36,360726,1,1,1,1,103,2420,16,9,2010,5,6,28,0,15,5,MANOR RD,,0,40.84735278,-73.357386110,0,8,0,0,1,1,2,0,1,1,0,1,0,0000000,6,28,6,33,6,53,0,0,0,1,0
36,360727,1,1,0,1,103,2920,23,9,2010,5,7,13,1,2,3,SR-27 SERVICE RD,,0,40.74242778,-73.201602780,0,39,0,0,1,1,4,0,1,1,0,1,0,0000000,99,99,99,99,99,99,0,0,0,1,1
36,360728,1,1,1,1,59,2600,14,9,2010,3,15,13,0,14,5,MERRICK AVE,LARKSPUR AVE,0,40.69304444,-73.564238890,0,8,0,0,3,3,1,0,1,1,0,1,0,0000000,99,99,99,99,99,99,0,0,0,1,0
36,360729,3,3,0,5,103,705,14,9,2010,3,16,13,1,13,3,SR-27,,745,99.99990000,999.999900000,0,12,1,0,1,1,1,0,1,1,0,1,1,0000000,99,99,99,99,99,99,0,0,0,1,0
36,360730,3,3,0,5,103,2920,22,8,2010,1,2,35,0,2,3,SR-908M,,0,40.74907778,-73.250463890,0,12,1,0,1,1,1,0,3,10,0,10,0,0000000,2,36,2,45,3,34,0,0,0,1,1
36,360731,2,2,0,3,49,6160,2,10,2010,7,20,29,1,2,3,SR-26,,911,99.99990000,999.999900000,0,12,6,0,8,1,1,0,2,1,0,1,0,0000000,20,31,20,42,22,36,0,0,0,1,0
36,360732,2,2,1,1,59,4600,17,9,2010,6,3,32,1,1,1,I-495,,0,40.78661667,-73.449161110,0,12,1,0,1,1,1,0,3,2,0,2,0,0000000,99,99,99,99,99,99,0,0,0,1,0
36,360733,2,2,0,2,63,4210,20,9,2010,2,12,8,0,16,5,HYDE PARK BLVD,LOCKPORT RD,0,43.11470556,-79.033027780,0,12,6,0,2,2,1,0,1,1,0,1,0,0000000,12,8,12,10,99,99,0,0,0,1,0
36,360734,2,2,0,2,43,2120,10,9,2010,6,22,56,0,14,5,DYKE RD,,0,43.08913611,-75.160475000,0,12,2,0,1,1,1,0,2,1,0,1,0,0000000,22,56,22,59,2,13,0,0,0,1,1
36,360735,2,2,0,2,103,705,13,9,2010,2,16,13,0,13,6,STATION RD,S. SERVICE RD,0,40.78755000,-72.947075000,0,12,2,0,2,2,1,0,1,10,0,10,0,0000000,99,99,99,99,99,99,0,0,0,1,0
36,360736,1,1,0,1,81,4170,2,6,2010,4,21,50,1,2,3,SR-907A,,0,40.78916944,-73.819350000,0,24,0,0,1,1,4,0,2,1,0,1,0,0000000,99,99,21,53,99,99,0,0,0,1,0
36,360737,1,1,0,1,47,4170,25,6,2010,6,7,25,1,2,3,SR-908B,,0,40.68926111,-73.890797220,0,25,0,0,1,1,3,0,1,1,0,1,0,0000000,99,99,99,99,99,99,0,0,0,1,0
36,360738,1,1,0,1,47,4170,27,7,2010,3,3,42,1,2,3,SR-907C,,0,40.64333611,-73.876266670,0,1,0,0,1,1,1,0,3,1,0,1,0,0000000,99,99,99,99,88,88,0,0,0,1,0