STATE,ST_CASE,VE_TOTAL,VE_FORMS,PEDS,PERSONS,COUNTY,CITY,DAY,MONTH,YEAR,DAY_WEEK,HOUR,MINUTE,NHS,ROAD_FNC,ROUTE,TWAY_ID,TWAY_ID2,MILEPT,LATITUDE,LONGITUD,SP_JUR,HARM_EV,MAN_COLL,RELJCT1,RELJCT2,TYP_INT,REL_ROAD,WRK_ZONE,LGT_COND,WEATHER1,WEATHER2,WEATHER,SCH_BUS,RAIL,NOT_HOUR,NOT_MIN,ARR_HOUR,ARR_MIN,HOSP_HR,HOSP_MN,CF1,CF2,CF3,FATALS,DRUNK_DR
36,360739,2,2,1,2,47,4170,15,7,2010,5,6,29,1,13,6,ATLANTIC AVE,KINGSTON AVE,0,40.67812500,-73.941400000,0,9,0,0,2,2,1,0,1,10,0,10,0,0000000,99,99,99,99,99,99,0,0,0,1,0
36,360740,4,3,1,5,85,4170,10,7,2010,7,2,31,0,13,6,TARGEE ST,,0,40.62033611,-74.084522220,0,12,7,0,1,1,1,0,3,1,0,1,0,0000000,2,35,2,37,88,88,15,0,0,1,2
36,360741,2,2,0,3,103,705,24,9,2010,6,20,38,1,13,4,CR-83,,0,40.83491667,-73.021275000,0,12,6,0,1,1,1,0,3,1,0,1,0,0000000,99,99,99,99,99,99,0,0,0,2,0
36,360742,1,1,0,1,81,4170,22,6,2010,3,2,20,1,2,3,SR-907B,,0,40.69440278,-73.726844440,0,24,0,0,1,1,3,0,3,1,0,1,0,0000000,99,99,99,99,99,99,0,0,0,1,1
36,360743,2,2,1,1,105,6800,30,6,2010,4,23,12,0,6,5,ROOSA GAP RD,,0,41.60164444,-74.420913890,0,8,0,0,1,1,1,0,2,1,0,1,0,0000000,23,12,23,31,0,1,0,0,0,1,0
36,360744,1,1,1,1,47,4170,29,6,2010,3,2,38,1,1,1,I-278,,0,40.68921389,-73.998991670,0,8,0,0,1,1,1,0,3,1,0,1,0,0000000,99,99,99,99,88,88,0,0,0,1,0
36,360745,4,4,0,4,111,5,6,9,2010,2,14,25,1,2,3,SR-44,ZOLTAOSIN RD,0,41.75290556,-74.280711110,0,12,1,0,2,3,1,0,1,1,0,1,0,0000000,14,25,14,43,15,19,0,0,0,1,0
36,360746,1,1,0,1,19,475,5,7,2010,2,2,53,0,6,5,MOFFITT RD,,0,44.76488056,-73.443902780,0,35,0,0,1,1,4,0,2,1,0,1,0,0000000,2,53,2,57,88,88,0,0,0,1,1
36,360747,2,1,1,5,47,4170,12,7,2010,2,21,0,0,16,6,SHORE BLVD,,0,40.58199444,-73.951302780,0,8,0,0,1,1,1,0,3,10,0,10,0,0000000,99,99,99,99,99,99,0,0,0,1,0
36,360748,1,1,0,1,47,4170,5,8,2010,5,5,30,0,16,6,MILFORD ST,,0,40.67311944,-73.876769440,0,19,0,0,1,1,5,0,4,1,0,1,0,0000000,99,99,99,99,99,99,0,0,0,1,0
36,360749,2,2,0,4,81,4170,26,8,2010,5,16,50,0,13,6,METROPOLITAN AVE,,0,40.71244444,-73.892519440,0,12,6,0,1,1,1,0,1,1,0,1,0,0000000,99,99,99,99,99,99,0,0,0,1,0
36,360750,1,1,0,1,119,6825,26,9,2010,1,17,25,1,2,3,SR-987G,,0,41.31478889,-73.825722220,0,1,0,0,1,1,1,0,1,1,0,1,0,0000000,17,25,17,30,88,88,0,0,0,1,0
36,360751,2,2,1,2,61,4170,16,9,2010,5,15,44,1,2,3,SR-907P,,0,40.81395556,-73.934361110,0,8,0,0,1,1,1,0,1,1,0,1,0,0000000,99,99,99,99,88,88,0,0,0,1,0
36,360752,1,1,1,3,85,4170,24,9,2010,6,12,10,1,13,6,FOREST AVE,PELTON AVE,0,40.63006111,-74.109316670,0,8,0,0,3,3,1,0,1,1,0,1,0,0000000,99,99,99,99,99,99,0,0,0,1,0
36,360753,2,2,0,2,75,2569,24,9,2010,6,23,20,0,6,4,CR-84,,0,43.35763611,-76.102894440,0,12,6,0,1,1,1,0,2,1,0,1,0,0000000,23,18,23,27,0,18,0,0,0,1,0
36,360754,1,1,1,1,47,4170,10,10,2010,1,0,30,0,16,6,65TH ST,20TH AVE,0,40.61651389,-73.985827780,0,8,0,0,3,2,1,0,3,1,0,1,0,0000000,0,30,99,99,99,99,0,0,0,1,0
36,360755,1,1,1,1,61,4170,10,10,2010,1,5,20,0,16,6,WEST ST,CHRISTOPHER ST,0,40.73230278,-74.010450000,0,8,0,0,3,3,1,0,3,1,0,1,0,0000000,5,20,5,24,5,57,0,0,0,1,0
36,360756,3,3,0,3,103,705,1,9,2010,4,8,9,0,2,4,CR-83,GRANNY RD,0,40.83476944,-73.021263890,0,12,6,0,2,2,1,0,1,1,0,1,0,0000000,99,99,99,99,99,99,0,0,0,1,0
36,360757,1,1,0,1,111,5,7,7,2010,4,15,49,0,3,4,CR-1,,0,41.79454444,-74.219083330,0,52,0,0,1,1,4,0,1,1,0,1,0,0000000,15,49,16,5,16,47,0,0,0,1,0
36,360758,1,1,0,2,39,970,27,7,2010,3,0,32,0,6,5,PENNSYLVANIA AVE,,0,42.17423056,-74.006036110,0,42,0,0,1,1,4,0,2,1,0,1,0,0000000,0,34,0,38,2,20,0,0,0,2,0
36,360759,1,1,1,1,39,290,28,7,2010,4,3,50,0,3,3,SR-9W,,0,42.27210000,-73.857908330,0,8,0,0,1,1,1,0,2,1,0,1,0,0000000,3,50,3,54,88,88,0,0,0,1,0
36,360760,1,1,0,3,107,4580,29,8,2010,1,2,49,0,5,6,MONTROSE TURNPIKE,,0,42.08682222,-76.251855560,0,34,0,0,1,1,4,0,2,1,0,1,0,0000000,2,51,2,56,88,88,0,0,0,2,1
36,360761,1,1,1,1,103,2920,6,9,2010,2,20,18,0,16,6,FIFTH AVE,,0,40.77277222,-73.260211110,0,9,0,0,1,1,1,0,3,1,0,1,0,0000000,99,99,99,99,88,88,0,0,0,1,0
36,360762,1,1,0,29,67,3310,11,9,2010,7,2,27,1,2,3,SR-370,,0,43.07518056,-76.171580560,0,50,0,0,1,1,1,0,3,10,0,10,0,0000000,2,27,2,30,99,99,0,0,0,4,0
36,360763,1,1,1,1,1,1290,30,9,2010,5,19,12,0,15,5,OLD LOUDON RD,,0,42.74825833,-73.758644440,0,8,0,0,1,1,1,0,3,10,0,10,0,0000000,19,14,19,17,19,43,0,0,0,1,0
36,360764,1,1,1,1,19,4880,27,9,2010,2,15,51,1,13,3,SR-3,PLAZA BLVD,0,44.69626667,-73.497405560,0,9,0,0,3,2,1,0,1,1,0,1,0,0000000,15,51,16,1,16,8,0,0,0,1,0
36,360765,2,2,2,2,85,4170,18,5,2010,3,11,38,0,14,6,SLOSSON AVE,WINDSOR RD,0,40.61215278,-74.116938890,0,12,6,0,2,2,1,0,1,2,0,2,0,0000000,11,38,11,45,12,2,0,0,0,1,0
36,360766,3,3,0,3,103,705,8,9,2010,4,11,15,0,6,5,COLLEGE RD,HORSEBLOCK RD,0,40.83869167,-73.054352780,0,12,6,0,2,2,1,0,1,1,0,1,0,0000000,99,99,99,99,99,99,0,0,0,1,0
36,360767,2,2,0,2,85,4170,11,7,2010,1,16,50,1,13,6,HYLAN BLVD,SWINNERTON ST,0,40.50398611,-74.246100000,0,12,6,0,2,2,1,0,1,1,0,1,0,0000000,16,10,16,19,16,55,0,0,0,1,0
36,360768,3,3,0,6,103,705,19,9,2010,1,14,32,1,13,3,SR-347,MORICHES RD,996,40.86925000,-73.131177780,0,12,2,0,2,2,1,0,1,1,0,1,0,0000000,99,99,99,99,99,99,0,0,0,1,0
36,360769,2,2,0,2,65,5260,24,9,2010,6,10,55,0,13,3,SR-69,LINK RD,0,43.24807778,-75.523302780,0,12,6,0,2,3,1,0,1,1,0,1,0,0000000,10,55,99,99,99,99,0,0,0,1,1
36,360770,1,1,0,1,47,4170,23,8,2010,2,15,30,1,1,1,I-278,,0,40.69658333,-73.980913890,0,25,0,0,1,1,4,0,1,10,0,10,0,0000000,99,99,99,99,99,99,0,0,0,1,0
36,360771,1,1,0,1,59,2600,26,9,2010,1,0,35,1,2,3,SR-27,,0,40.65889444,-73.567586110,0,24,0,0,1,1,4,0,3,1,0,1,0,0000000,0,38,0,40,99,99,0,0,0,1,1
36,360772,2,2,0,3,109,4072,3,9,2010,6,21,38,0,6,5,TRUMBULLS CORNERS RD,,0,42.36489722,-76.623925000,0,12,2,0,1,1,1,0,2,1,0,1,0,0000000,21,38,21,45,22,18,0,0,0,1,0
36,360773,2,2,0,14,5,4170,6,9,2010,2,21,4,0,14,6,E 149TH ST,BROOK AVE,0,40.81497778,-73.914941670,0,12,6,0,2,2,1,0,3,1,0,1,0,0000000,99,99,99,99,99,99,0,0,0,1,0
36,360774,2,2,0,3,89,4538,11,9,2010,7,14,45,1,13,3,SR-37,SR-68,0,44.69013611,-75.475388890,0,12,2,0,2,4,1,0,1,1,0,1,0,0000000,14,51,14,53,15,27,0,0,0,1,0
36,360775,1,1,1,1,61,4170,12,10,2010,3,2,19,0,13,6,8TH AVE,W 56TH ST,0,40.76605556,-73.983391670,0,8,0,0,3,2,1,0,3,2,0,2,0,0000000,99,99,99,99,88,88,0,0,0,1,0
36,360776,2,2,0,3,59,4600,21,6,2010,2,13,20,0,16,6,185 W JOHN ST,,0,40.76773611,-73.533297220,0,12,6,0,8,1,1,0,1,1,0,1,0,0000000,99,99,99,99,99,99,0,0,0,1,0
36,360777,1,1,0,4,59,4090,30,7,2010,6,18,29,0,4,6,NORTHERN STATE PKY,,0,40.77787778,-73.664788890,0,42,0,0,1,1,4,0,1,1,0,1,0,0000000,18,29,18,38,18,55,0,0,0,2,0
36,360778,1,1,1,1,33,5401,23,6,2010,4,22,25,0,16,6,FLOODWOOD RD,HOEL POND RD,0,44.34392222,-74.336500000,0,15,0,0,2,4,1,0,2,10,0,10,0,0000000,20,25,20,31,21,0,0,0,0,1,1
36,360779,2,2,3,4,61,4170,22,6,2010,3,9,29,0,14,6,LENOX AVE,W 122ND ST,0,40.80588056,-73.946958330,0,12,6,0,2,2,1,0,1,1,0,1,0,0000000,99,99,99,99,99,99,0,0,0,1,0
36,360780,1,1,1,1,61,4170,9,7,2010,6,14,30,0,13,6,E 59TH ST,2ND AVE,0,40.76062500,-73.964380560,0,8,0,0,2,2,1,0,1,1,0,1,0,0000000,99,99,99,99,99,99,0,0,0,1,0
36,360781,2,2,0,2,81,4170,23,9,2010,5,17,20,0,16,6,HILLSIDE AVE,188TH ST,0,40.71512222,-73.773552780,0,12,6,0,2,2,1,0,1,1,0,1,0,0000000,17,20,17,24,99,99,0,0,0,1,0
36,360782,1,1,0,14,71,2695,18,9,2010,7,14,59,1,1,1,I-87,,509,99.99990000,999.999900000,0,1,0,0,1,1,3,0,1,1,0,1,0,0000000,16,30,17,15,20,0,0,0,0,6,0
36,360783,1,1,0,5,105,3230,25,9,2010,7,9,4,1,2,3,SR-17,,0,41.77572778,-74.733252780,0,1,0,0,1,1,1,0,1,1,0,1,0,0000000,9,4,9,5,99,99,0,0,0,1,0
36,360784,1,1,1,2,5,4170,14,10,2010,5,20,3,0,16,6,W BURNSIDE AVE,SEDGWICK AVE,0,40.85486667,-73.916808330,0,8,0,0,3,2,1,0,3,2,0,2,0,0000000,99,99,99,99,99,99,0,0,0,1,0
36,360786,1,1,0,4,121,2220,30,9,2010,5,22,58,0,6,5,MILLER RD,,0,99.99990000,999.999900000,0,42,0,0,1,1,4,0,2,10,0,10,0,0000000,22,58,23,6,0,30,0,0,0,1,1
36,360787,3,3,0,4,53,850,30,9,2010,5,14,17,1,1,1,I-90,,2616,99.99990000,999.999900000,0,12,7,0,1,1,1,0,1,2,0,2,0,0000000,99,99,99,99,99,99,0,0,0,1,0
36,360788,2,2,0,2,13,1115,1,10,2010,6,15,39,0,5,4,CR-394,,0,42.19558611,-79.459175000,0,12,2,0,1,1,1,0,1,1,0,1,0,0000000,15,37,15,40,99,99,0,0,0,1,0
36,360789,1,1,0,7,57,2210,13,10,2010,4,13,30,0,2,3,SR-5S,CLARK DR,0,42.93549167,-74.334044440,0,5,0,0,2,2,1,0,1,1,0,1,0,0000000,13,32,13,39,14,11,0,0,0,1,0
36,360790,2,1,0,1,29,750,13,10,2010,4,17,50,0,16,6,FISHER ST,,0,99.99990000,999.999900000,0,14,0,0,1,1,7,0,1,1,0,1,0,0000000,17,56,18,1,18,28,0,0,0,1,1
36,360791,2,2,0,2,103,5210,2,10,2010,7,12,17,1,13,3,SR-25,,846,99.99990000,999.999900000,0,12,2,0,1,1,1,0,1,1,0,1,0,0000000,12,17,12,20,99,99,0,0,0,1,0
36,360792,1,1,1,1,55,2898,8,10,2010,6,20,28,0,14,5,NORTON ST,,0,43.18842222,-77.554827780,0,15,0,0,1,1,1,0,2,1,0,1,0,0000000,20,28,20,30,20,57,0,0,0,1,0
36,360793,1,1,0,1,63,2564,17,9,2010,6,12,30,0,5,4,3134 HOSMER RD,,0,43.26426944,-78.605375000,0,31,0,0,1,1,4,0,1,10,0,10,0,0000000,12,27,12,37,12,57,0,0,0,1,0
36,360794,1,1,1,1,87,4063,6,10,2010,4,22,24,0,13,3,SR-303,PALISADES CENTER DR,0,41.09703611,-73.950455560,0,8,0,0,3,2,1,0,3,10,0,10,0,0000000,22,24,22,25,22,46,0,0,0,1,0
36,360795,1,1,1,1,59,4090,7,6,2010,2,12,24,0,16,6,HILLSIDE AVE,N SECOND ST,0,40.74003889,-73.698905560,0,8,0,0,3,2,1,0,1,1,0,1,0,0000000,99,99,99,99,99,99,0,0,0,1,0
36,360796,6,6,0,10,55,2395,23,9,2010,5,12,16,1,13,3,SR-104,MITCHELL RD,562,43.20948333,-77.693563890,0,12,1,0,2,2,1,0,1,1,0,1,0,0000000,99,99,99,99,99,99,0,0,0,1,0
36,360797,1,1,0,1,71,581,5,10,2010,3,10,50,0,6,6,MOUNTAIN LODGE RD,,0,41.38503611,-74.138875000,0,24,0,0,1,1,4,0,1,2,10,2,0,0000000,10,50,10,57,88,88,0,0,0,1,0
36,360798,1,1,1,1,9,5080,10,10,2010,1,1,10,0,4,3,SR-394,,0,42.16353056,-79.030794440,0,8,0,0,1,1,2,0,2,1,0,1,0,0000000,8,35,8,40,88,88,0,0,0,1,0
36,360799,1,1,1,1,81,4170,13,9,2010,2,14,20,0,16,6,211TH ST,89TH RD,0,40.72362500,-73.752797220,0,8,0,0,3,1,1,0,1,1,0,1,0,0000000,99,99,99,99,99,99,0,0,0,1,0
36,360800,1,1,0,1,55,652,9,10,2010,7,7,4,0,14,5,WESTFALL RD,,0,43.11630278,-77.560127780,0,42,0,0,1,1,4,0,1,1,0,1,0,0000000,7,4,7,4,88,88,0,0,0,1,1
36,360801,1,1,0,2,89,3580,13,10,2010,4,14,52,0,14,5,PONTOON BRIDGE RD,OWL AVE,0,44.94622778,-74.901288890,0,42,0,0,2,3,4,0,1,1,0,1,0,0000000,16,30,16,35,88,88,0,0,0,2,0
36,360802,1,1,0,1,71,4980,13,9,2010,2,5,21,1,1,1,I-84,,56,99.99990000,999.999900000,0,24,0,0,1,1,3,0,2,5,0,5,0,0000000,5,35,5,50,88,88,0,0,0,1,0
36,360803,1,1,1,1,29,1899,4,10,2010,2,6,50,1,13,3,SR-5,REVERE DR,217,42.70354167,-78.975233330,0,8,0,0,3,2,1,0,3,10,0,10,1,0000000,6,55,7,1,7,37,0,0,0,1,0
36,360804,1,1,0,2,83,6110,28,9,2010,3,18,41,0,14,5,PAWLING AVE,,0,42.69952500,-73.652011110,0,33,0,0,1,1,4,0,5,10,0,10,0,0000000,18,44,18,54,19,4,0,0,0,1,0
36,360805,2,2,0,2,57,170,15,10,2010,6,6,33,0,3,3,SR-5S,,992,99.99990000,999.999900000,0,12,2,0,1,1,1,0,2,2,0,2,0,0000000,6,33,6,40,9,8,0,0,0,1,0
36,360806,1,1,1,1,47,4170,11,10,2010,2,23,47,0,14,6,14TH ST,81ST ST,0,40.61564722,-74.008841670,0,8,0,0,3,2,1,0,3,2,0,2,0,0000000,99,99,99,99,99,99,0,0,0,1,0
36,360807,2,2,0,2,67,1539,20,9,2010,2,14,35,1,11,1,I-481,,0,43.03501944,-76.059380560,0,12,7,1,5,1,1,0,1,1,0,1,0,0000000,99,99,99,99,88,88,0,0,0,1,0
36,360808,1,1,1,2,55,5230,18,10,2010,2,16,17,0,16,5,N CLINTON AVE,HOELTZER ST,0,43.17308889,-77.612700000,0,9,0,0,3,3,1,0,1,10,0,10,0,0000000,16,17,16,21,16,40,0,0,0,1,0
36,360809,2,2,0,2,29,3140,16,10,2010,7,6,44,1,13,3,SR-20,,650,42.89498333,-78.648233330,0,12,2,0,1,1,1,0,4,1,0,1,0,0000000,6,44,6,49,7,9,0,0,0,1,1
36,360810,1,1,0,6,63,4210,23,10,2010,7,3,14,0,15,5,CAYUGA DR,91ST ST,0,43.08824444,-78.958022220,0,33,0,0,2,3,4,0,3,10,0,10,0,0000000,3,14,3,16,99,99,0,0,0,1,1
36,360811,1,1,1,1,81,4170,31,5,2010,2,2,30,0,16,6,135 AVE,,0,40.66775000,-73.794350000,0,9,0,0,1,1,1,0,3,1,0,1,0,0000000,99,99,99,99,99,99,0,0,0,1,1
36,360812,1,1,0,1,47,4170,20,6,2010,1,1,17,1,12,6,WILLIAMSBURG BRIDGE,,0,40.71045000,-73.961280560,0,25,0,0,5,1,4,0,3,1,0,1,0,0000000,99,99,99,99,99,99,0,0,0,1,0
36,360813,2,2,0,2,35,670,12,10,2010,3,14,31,0,6,4,CR-126,,0,99.99990000,999.999900000,0,12,2,0,1,1,1,0,1,10,0,10,0,0000000,14,31,14,38,15,26,0,0,0,1,0
36,360814,1,1,0,1,119,5802,17,10,2010,1,15,55,0,16,5,CREST DR,,0,41.33136944,-73.743302780,0,1,0,0,8,1,1,0,1,1,0,1,0,0000000,15,57,16,4,16,51,0,0,0,1,0
36,360815,1,1,0,1,91,3462,20,10,2010,4,15,17,1,1,1,I-87,,0,43.03774722,-73.778663890,0,31,0,0,1,1,3,0,1,1,0,1,0,0000000,15,17,15,23,88,88,0,0,0,1,0
36,360816,1,1,0,1,39,1614,20,10,2010,4,22,10,0,6,5,CUNNINGHAM RD,,0,42.38898056,-74.190030560,0,30,0,0,1,1,4,0,2,10,0,10,0,0000000,22,17,22,27,88,88,0,0,0,1,1
36,360817,1,1,0,6,115,5420,24,10,2010,1,2,56,0,6,5,CAMDEN VALLEY RD,,0,43.13368889,-73.286019440,0,42,0,0,1,1,4,0,2,2,0,2,0,0000000,2,56,3,9,99,99,0,0,0,2,1
36,360818,2,2,0,2,91,1209,14,10,2010,5,15,24,1,13,3,SR-9,KINNS RD,522,42.88774722,-73.772941670,0,12,2,0,2,2,1,0,1,1,0,1,0,0000000,99,99,99,99,99,99,0,0,0,1,0
36,360819,2,2,0,2,119,472,11,10,2010,2,16,40,1,11,1,I-684,,0,41.21921111,-73.686161110,0,5,0,0,1,1,1,0,1,10,0,10,0,0000000,16,42,16,50,17,23,0,0,0,1,0
36,360820,1,1,0,1,65,3542,17,10,2010,1,2,32,0,5,5,FOX RD,IVES RD,0,43.17929167,-75.285358330,0,34,0,0,3,1,4,0,2,1,0,1,0,0000000,2,34,2,43,88,88,0,0,0,1,1
36,360821,1,1,0,1,59,4600,18,10,2010,2,20,42,0,16,5,MIDWOOD AVE,,0,40.71986667,-73.440486110,0,42,0,0,1,1,4,0,3,1,0,1,0,0000000,99,99,99,99,99,99,0,0,0,1,0
36,360822,1,1,0,1,59,2160,24,10,2010,1,8,29,0,14,5,N MAIN ST,MOUNT JOY AVE,0,40.67091389,-73.588111110,0,42,0,0,3,2,4,0,1,10,0,10,0,0000000,8,29,8,30,88,88,0,0,0,1,1
36,360823,2,2,0,2,5,4170,11,10,2010,2,7,52,0,16,6,PROSPECT AVE,E 169TH ST,0,40.82942222,-73.897563890,0,12,6,0,2,2,1,0,1,1,0,1,0,0000000,99,99,99,99,99,99,0,0,0,1,0
36,360824,1,1,1,1,47,4170,3,8,2010,3,21,0,0,16,6,AVE Y,,0,40.59103889,-73.946163890,0,8,0,0,1,1,1,0,3,1,0,1,0,0000000,99,99,99,99,99,99,0,0,0,1,0
36,360825,2,1,0,1,85,4170,9,9,2010,5,18,19,0,16,6,HENDRICKS AVE,SHERMAN AVE,0,40.64073333,-74.081325000,0,14,0,0,3,3,7,0,1,1,0,1,0,0000000,18,16,18,29,18,32,0,0,0,1,0
36,360826,1,1,1,1,55,5230,19,10,2010,3,13,59,0,16,5,NORTHLINE DR,REXFORD ST,0,43.19026111,-77.595550000,0,9,0,0,2,2,1,0,1,10,0,10,0,0000000,13,57,14,6,14,40,0,0,0,1,0
36,360827,2,2,0,2,67,380,27,10,2010,4,7,16,0,3,3,SR-48,DAISY DR,999,43.11683333,-76.276872220,0,12,6,0,2,3,1,0,4,1,0,1,0,0000000,7,16,7,22,7,55,0,0,0,1,0
36,360828,1,1,1,1,63,3340,25,10,2010,2,18,44,0,6,5,RAPIDS RD,,0,43.10203333,-78.653011110,0,8,0,0,1,1,1,0,2,1,0,1,0,0000000,18,44,18,46,88,88,0,0,0,1,0
36,360829,3,1,0,3,47,4170,3,10,2010,1,13,45,0,16,6,E 23RD ST,AVE P,0,40.61076111,-73.950627780,0,14,0,0,3,1,2,0,1,10,0,10,0,0000000,99,99,99,99,99,99,0,0,0,1,0
36,360830,1,1,1,3,5,4170,23,8,2010,2,23,58,0,13,6,WEBSTER AVE,E 188TH ST,0,40.85989722,-73.893194440,0,9,0,0,3,2,1,0,3,1,0,1,0,0000000,99,99,99,99,99,99,0,0,0,1,0
36,360832,2,2,0,5,103,5769,14,8,2010,7,22,50,1,13,3,SR-347,LAKE AVE,0,40.85230278,-73.154097220,0,12,6,0,2,2,1,0,3,1,0,1,0,0000000,99,99,99,99,99,99,0,0,0,1,0
36,360833,3,3,0,5,103,5769,29,9,2010,4,16,55,1,13,3,SR-25,,313,40.85664167,-73.217344440,0,12,6,0,1,1,1,0,1,1,0,1,0,0000000,99,99,99,99,99,99,0,0,0,1,0
36,360834,1,1,0,1,103,5769,2,9,2010,5,23,45,0,16,5,INDIAN HEAD RD,,0,40.84877222,-73.279227780,0,33,0,0,1,1,4,0,3,10,0,10,0,0000000,99,99,99,99,99,99,0,0,0,1,1
36,360835,1,1,0,1,103,360,26,9,2010,1,4,15,0,15,5,LITTLE E NECK RD,BELMONT AVE,0,40.70971111,-73.348911110,0,39,0,0,2,2,4,0,3,1,0,1,0,0000000,99,99,99,99,88,88,20,0,0,1,1
36,360836,1,1,0,1,103,705,25,9,2010,7,6,40,0,16,5,EXPRESS DR S,,0,40.80513611,-73.247866670,0,38,0,0,1,1,4,0,4,1,0,1,0,0000000,6,43,6,52,88,88,0,0,0,1,1
36,360837,1,1,0,1,21,2269,19,10,2010,3,21,11,0,3,3,SR-66,WATER ST,0,42.32828333,-73.616638890,0,30,0,0,3,3,4,0,3,1,0,1,0,0000000,99,99,99,99,99,99,0,0,0,1,0
36,360838,1,1,0,1,117,5790,16,10,2010,7,17,0,0,4,3,SR-88,,0,43.17335556,-77.082780560,0,42,0,0,1,1,4,0,1,1,0,1,0,0000000,17,1,17,17,88,88,0,0,0,1,1
36,360839,1,1,1,3,61,4170,24,10,2010,1,5,47,0,13,6,BROADWAY,W 192ND ST,0,40.85783889,-73.932072220,0,8,0,0,3,3,1,0,3,1,0,1,0,0000000,99,99,99,99,99,99,0,0,0,1,0
36,360840,1,1,0,3,19,3870,10,10,2010,1,2,16,1,2,3,SR-11,COLGAN RD,0,44.92414167,-73.686986110,0,24,0,0,3,1,4,0,2,1,0,1,0,0000000,2,16,2,36,8,8,0,0,0,1,1
36,360841,1,1,0,1,29,2485,20,10,2010,4,14,0,1,1,1,I-90,,4382,99.99990000,999.999900000,0,34,0,0,1,1,4,0,1,1,0,1,0,0000000,14,0,14,15,99,99,0,0,0,1,0
36,360842,1,1,0,2,27,147,24,10,2010,1,13,0,1,2,2,US-44,,0,41.84539722,-73.565483330,0,1,0,0,1,1,1,0,1,1,0,1,0,0000000,13,1,13,5,99,99,0,0,0,1,1
36,360843,1,1,0,1,9,980,30,10,2010,7,23,24,0,6,5,NEW ALBION RD,,0,42.27657778,-78.859733330,0,34,0,0,1,1,4,0,2,1,0,1,0,0000000,23,24,23,40,0,29,0,0,0,1,0
36,360844,1,1,1,1,81,4170,5,9,2010,1,1,58,0,13,6,JAMAICA AVE,85TH ST,0,40.69252222,-73.859166670,0,8,0,0,2,2,1,0,3,10,0,10,0,0000000,99,99,99,99,99,99,0,0,0,1,0
36,360845,2,2,0,6,111,5480,18,10,2010,2,14,57,0,13,5,KINGS HWY,,0,42.07775278,-73.973733330,0,12,2,0,1,1,1,0,1,10,0,10,0,0000000,14,57,15,2,15,51,0,0,0,1,1
36,360846,1,1,1,1,47,4170,8,9,2010,4,21,42,1,13,6,KINGS HWY,AVE H,0,40.63280278,-73.929833330,0,8,0,0,3,2,1,0,3,1,0,1,0,0000000,99,99,99,99,99,99,0,0,0,1,0
36,360847,1,1,1,3,103,5810,13,10,2010,4,14,50,0,16,5,WEST END AVE,MONTAUK HWY,0,40.83840000,-72.583397220,0,8,0,0,3,2,1,0,1,1,0,1,0,0000000,99,99,99,99,99,99,0,0,0,1,0
36,360848,3,3,0,3,119,6670,16,10,2010,7,12,44,0,16,6,BLOOMINGDALE RD,,0,41.02679444,-73.758258330,0,12,1,0,1,1,1,0,1,1,0,1,0,0000000,12,44,12,46,13,10,0,0,0,1,0
36,360849,1,1,1,1,119,6820,20,10,2010,4,19,11,0,6,5,YONKERS AVE,,0,40.92449722,-73.867263890,0,8,0,0,1,1,1,0,3,1,0,1,0,0000000,99,99,99,99,99,99,0,0,0,1,0
36,360850,1,1,0,1,27,2000,1,10,2010,6,14,31,1,1,1,I-84,,453,99.99990000,999.999900000,0,59,0,0,1,1,4,0,1,2,0,2,0,0000000,14,31,14,38,99,99,0,0,0,1,0
36,360851,2,2,0,4,103,2920,3,10,2010,1,5,50,1,13,3,SR-454,JOHNSON AVE,999,40.78239444,-73.097713890,0,12,1,0,2,2,1,0,3,10,0,10,0,0000000,99,99,99,99,99,99,0,0,0,1,1
36,360852,1,1,0,1,59,2600,7,7,2010,4,14,0,1,12,3,SR-27,,0,40.66644722,-73.536816670,0,33,0,0,1,1,4,0,1,1,0,1,0,0000000,99,99,99,99,99,99,0,0,0,1,0
36,360853,2,2,0,5,19,4767,29,10,2010,6,12,43,0,6,4,MANNIX RD,CLARK RD,0,44.58331667,-73.570638890,0,12,6,0,2,2,1,0,1,2,0,2,0,0000000,12,43,12,44,99,99,0,0,0,2,0
36,360854,2,2,0,4,7,1882,10,10,2010,1,12,40,0,3,3,SR-17C,,588,99.99990000,999.999900000,0,12,6,0,8,1,1,0,1,1,0,1,0,0000000,12,42,12,45,12,55,0,0,0,2,0
36,360855,2,2,1,2,91,5470,21,10,2010,5,21,19,1,2,3,SR-9,,0,43.03702778,-73.789780560,0,8,0,0,1,1,1,0,2,10,0,10,0,0000000,21,20,21,25,21,57,0,0,0,1,0
36,360856,1,1,1,1,61,4170,22,10,2010,6,8,5,0,16,6,E 120TH ST,,0,40.80064444,-73.938502780,0,9,0,0,1,1,1,0,1,1,0,1,0,0000000,99,99,99,99,99,99,0,0,0,1,0
36,360857,1,1,1,2,65,5260,26,10,2010,3,19,2,0,15,5,BLACK RIVER BLVD,,0,43.23075833,-75.439425000,0,9,0,0,1,1,1,0,3,10,0,10,0,0000000,19,4,19,9,19,18,0,0,0,1,0
36,360858,1,1,0,1,87,6000,4,11,2010,5,8,32,0,14,5,S AIRMONT RD,,0,41.10199167,-74.116172220,0,30,0,0,1,1,4,0,1,2,0,2,0,0000000,8,32,8,36,8,45,0,0,0,1,0