STATE,ST_CASE,VE_TOTAL,VE_FORMS,PEDS,PERSONS,COUNTY,CITY,DAY,MONTH,YEAR,DAY_WEEK,HOUR,MINUTE,NHS,ROAD_FNC,ROUTE,TWAY_ID,TWAY_ID2,MILEPT,LATITUDE,LONGITUD,SP_JUR,HARM_EV,MAN_COLL,RELJCT1,RELJCT2,TYP_INT,REL_ROAD,WRK_ZONE,LGT_COND,WEATHER1,WEATHER2,WEATHER,SCH_BUS,RAIL,NOT_HOUR,NOT_MIN,ARR_HOUR,ARR_MIN,HOSP_HR,HOSP_MN,CF1,CF2,CF3,FATALS,DRUNK_DR
36,360859,2,2,0,4,117,3410,2,10,2010,7,10,38,0,6,5,ALLOWAY RD,OLD PREEMPTION RD,0,43.02361944,-77.015250000,0,12,6,0,2,2,1,0,1,1,0,1,0,0000000,10,40,10,57,11,26,0,0,0,1,0
36,360860,2,2,0,4,115,250,5,11,2010,6,17,29,0,6,5,MAHAFFY RD,,0,43.28150000,-73.509372220,0,12,8,0,1,1,1,0,5,10,0,10,0,0000000,17,29,17,46,88,88,0,0,0,1,1
36,360861,1,1,0,2,71,6163,18,8,2010,4,8,10,0,15,5,SEVEN LAKES DR,,0,41.26083889,-74.098919440,0,17,0,0,1,1,4,0,1,10,0,10,0,0000000,8,25,8,45,88,88,0,0,0,2,0
36,360862,1,1,0,1,105,4028,10,10,2010,1,18,3,0,2,3,SR-55A,,0,41.83740278,-74.481233330,0,11,0,0,1,1,1,0,1,1,0,1,0,0000000,18,20,19,20,88,88,0,0,0,1,0
36,360863,1,1,0,1,67,9997,15,10,2010,6,16,43,0,6,5,E LAKE RD,,0,42.87650000,-76.367469440,0,42,0,0,1,1,4,0,1,2,0,2,0,0000000,16,48,16,59,17,19,0,0,0,1,1
36,360864,4,1,0,1,73,3969,21,10,2010,5,23,6,1,2,3,SR-31,FANCHER RD,12,43.22607500,-78.086130560,0,32,0,0,2,3,5,0,3,10,0,10,0,0000000,23,6,23,18,88,88,0,0,0,1,1
36,360865,4,4,0,5,67,3310,16,8,2010,2,12,33,1,2,3,SR-370,,0,43.09051667,-76.193619440,0,12,6,0,1,1,1,0,1,1,0,1,0,0000000,12,34,12,43,13,5,0,0,0,1,0
36,360866,1,1,0,1,59,1740,15,9,2010,4,18,45,0,16,5,5TH AVE,WILLIAMSON ST,0,40.63568611,-73.661286110,0,42,0,0,3,2,4,0,1,1,0,1,0,0000000,99,99,99,99,99,99,0,0,0,1,0
36,360867,2,2,0,5,55,5230,30,10,2010,7,23,53,0,13,5,STATE ST,ALLEN ST,0,43.15713889,-77.613955560,0,12,6,1,2,2,1,0,3,1,0,1,0,0000000,23,53,23,59,99,99,0,0,0,1,1
36,360868,2,2,0,3,109,1590,5,10,2010,3,15,16,0,14,5,DRYDEN RD,MINEAH RD,0,42.48062778,-76.373669440,0,12,6,0,2,2,1,0,1,10,0,10,0,0000000,15,13,15,19,15,55,0,0,0,2,0
36,360869,1,1,1,1,5,4170,22,10,2010,6,23,22,0,16,6,WEBSTER AVE,,0,40.86051389,-73.892563890,0,8,0,0,1,1,1,0,3,1,0,1,0,0000000,99,99,99,99,99,99,0,0,0,1,0
36,360870,1,1,0,2,59,2600,11,11,2010,5,2,10,0,14,5,CARMAN AVE,,0,40.74489167,-73.552066670,0,42,0,0,1,1,4,0,3,1,0,1,0,0000000,2,12,2,14,99,99,0,0,0,1,1
36,360871,1,1,0,1,113,617,13,11,2010,7,8,49,0,4,3,SR-8,,0,43.71971389,-73.691575000,0,42,0,0,1,1,4,0,1,1,0,1,0,0000000,8,49,9,11,88,88,0,0,0,1,0
36,360872,1,1,1,2,91,390,5,11,2010,6,19,11,1,2,2,US-9,,0,43.01501944,-73.790425000,0,8,0,0,1,1,1,0,2,10,0,10,0,0000000,19,11,19,13,19,41,0,0,0,1,0
36,360873,1,1,1,2,75,1060,4,11,2010,5,18,34,0,15,5,EAST AVE,,0,43.28696944,-76.145661110,0,8,0,0,1,1,1,0,2,2,0,2,0,0000000,18,34,18,38,18,59,0,0,0,1,0
36,360874,2,2,0,3,87,2580,3,11,2010,4,21,40,0,13,3,SR-202,MARTINO WAY,995,41.18991667,-74.022319440,0,12,6,0,2,3,1,0,3,1,0,1,0,0000000,21,41,21,43,88,88,0,0,0,1,1
36,360875,2,2,0,4,47,4170,20,8,2010,6,14,30,0,13,6,OCEAN AVE,,0,40.61209444,-73.953911110,0,12,6,0,1,1,1,0,1,1,0,1,0,0000000,99,99,99,99,99,99,0,0,0,1,0
36,360876,1,1,1,1,101,813,13,11,2010,7,22,13,0,6,5,CURTIS COOPERS RD,,0,42.19918056,-77.163613890,0,8,0,0,1,1,1,0,2,1,0,1,0,0000000,22,15,22,24,23,24,0,0,0,1,0
36,360877,2,2,0,3,115,790,10,11,2010,4,13,25,0,3,3,SR-22,,800,99.99990000,999.999900000,0,12,2,0,1,1,1,0,1,1,0,1,0,0000000,13,26,13,32,14,33,0,0,0,1,0
36,360878,1,1,0,1,29,6090,15,11,2010,2,5,0,0,15,5,E NIAGARA ST,FILLMORE ST,0,43.02136944,-78.874836110,0,43,0,0,3,3,4,0,3,1,0,1,0,0000000,5,30,5,33,88,88,0,0,0,1,1
36,360879,1,1,1,1,37,4686,16,11,2010,3,12,26,1,2,3,SR-63,SR-19,0,42.87621667,-78.022755560,0,8,0,0,3,2,1,0,1,1,0,1,0,0000000,12,27,12,30,88,88,0,0,0,1,0
36,360880,3,3,0,7,121,2220,7,11,2010,1,12,19,0,6,5,JORDAN RD,SCHOOL RD,0,42.63025278,-78.118800000,0,12,6,0,2,2,1,0,1,10,0,10,0,0000000,12,24,12,28,13,44,0,0,0,1,0
36,360881,1,1,0,2,59,2600,19,9,2010,1,16,30,1,2,3,SR-908M,,0,40.69061944,-73.574977780,0,59,0,0,1,1,4,0,1,1,0,1,0,0000000,16,30,16,41,17,5,0,0,0,1,0
36,360882,1,1,0,1,67,380,25,9,2010,7,0,40,0,2,3,SR-31,KINGDOM RD,0,43.09991667,-76.416177780,0,5,0,0,3,3,4,0,2,1,0,1,0,0000000,0,58,1,7,1,47,0,0,0,1,1
36,360883,1,1,0,1,87,5980,23,10,2010,7,12,30,1,2,3,SR-987C,,298,41.25319444,-74.044502780,0,35,0,0,1,1,4,0,1,1,0,1,0,0000000,12,32,12,40,88,88,0,0,0,1,0
36,360884,1,1,0,2,67,6010,10,7,2010,7,3,0,0,16,6,NORTHCLIFFE RD,,0,43.06651111,-76.103108330,0,30,0,0,1,1,4,0,3,2,0,2,0,0000000,3,4,3,13,3,24,0,0,0,1,1
36,360885,4,4,0,6,1,2464,30,10,2010,7,10,35,0,16,5,CARMAN RD,LONE PINE RD,0,42.73579167,-73.939833330,0,12,1,0,2,3,1,0,1,1,0,1,0,0000000,10,37,10,42,11,16,0,0,0,1,0
36,360886,1,1,1,1,81,4170,12,11,2010,6,12,10,0,16,6,114TH ST,103RD AVE,0,40.68677222,-73.829177780,0,8,0,0,3,2,1,0,1,1,0,1,0,0000000,99,99,99,99,99,99,0,0,0,1,0
36,360887,2,2,1,3,59,295,4,11,2010,5,6,55,0,13,5,PARK ST,ULSTER AVE,0,40.58839167,-73.720191670,0,8,0,0,3,3,1,0,3,2,0,2,1,0000000,99,99,99,99,88,88,0,0,0,1,0
36,360888,1,1,1,1,59,2600,6,11,2010,7,5,0,0,16,6,PENINSULA BLVD,,0,40.68595556,-73.634894440,0,9,0,0,1,1,1,0,3,1,0,1,0,0000000,99,99,99,99,99,99,0,0,0,1,0
36,360889,1,1,0,1,67,3500,10,11,2010,4,7,9,0,5,5,N MANILUS RD,,0,43.10104444,-75.979738890,0,35,0,0,1,1,4,0,4,1,0,1,0,0000000,7,10,7,16,8,2,0,0,0,1,0
36,360890,1,1,0,1,67,4903,8,9,2010,4,3,44,0,15,5,POMPEY CENTER RD,,0,42.97915833,-75.959450000,0,30,0,0,1,1,4,0,2,2,0,2,0,0000000,3,44,3,52,88,88,0,0,0,1,1
36,360891,1,1,1,2,67,1179,24,10,2010,1,0,40,0,2,3,SR-57,,0,43.19186389,-76.274986110,0,8,0,0,1,1,1,0,2,2,0,2,0,0000000,0,40,0,49,1,14,0,0,0,1,0
36,360892,1,1,0,1,39,970,31,10,2010,1,12,40,1,1,1,I-87,,0,99.99990000,999.999900000,0,24,0,0,1,1,4,0,1,1,0,1,0,0000000,12,41,12,50,88,88,0,0,0,1,0
36,360893,1,1,1,3,33,605,31,10,2010,1,2,36,0,2,3,SR-37,,0,99.99990000,999.999900000,0,8,0,0,1,1,1,0,2,4,0,4,0,0000000,2,36,2,36,3,10,0,0,0,1,1
36,360894,2,2,0,4,79,630,6,11,2010,7,22,25,1,2,3,SR-22,,898,99.99990000,999.999900000,0,12,1,0,1,1,1,0,2,1,0,1,0,0000000,22,39,22,48,99,99,0,0,0,1,1
36,360895,2,2,0,2,81,4170,30,6,2010,4,20,33,0,16,6,131ST ST,131ST AVE,0,40.67088889,-73.807569440,0,12,6,0,2,2,1,0,5,1,0,1,0,0000000,99,99,99,99,88,88,0,0,0,1,0
36,360896,1,1,0,1,5,4170,1,8,2010,1,6,15,0,15,6,PELHAM PKWY,,0,40.85868056,-73.846802780,0,42,0,0,1,1,4,0,1,99,0,99,0,0000000,99,99,99,99,99,99,0,0,0,1,0
36,360897,2,2,0,2,5,4170,20,11,2010,7,3,47,1,11,1,I-87,,484,40.86376389,-73.910763890,0,12,2,0,1,1,1,0,3,1,0,1,0,0000000,99,99,99,99,99,99,0,0,0,1,1
36,360898,2,2,0,2,81,4170,3,8,2010,3,20,39,0,16,6,MARATHON PKWY,64TH AVE,0,40.75468611,-73.727961110,0,12,6,0,3,3,1,0,3,1,0,1,0,0000000,99,99,99,99,99,99,0,0,0,1,0
36,360899,1,1,1,1,85,4170,21,8,2010,7,7,5,0,16,6,VANDERBILT AVE,TOMPKINS AVE,0,40.62010833,-74.076991670,0,8,0,0,3,2,1,0,1,1,0,1,0,0000000,7,5,7,14,7,28,0,0,0,1,0
36,360900,3,2,7,2,5,4170,10,8,2010,3,10,52,0,16,6,W KINGSBRIDGE RD,,0,40.86847500,-73.901805560,0,12,6,0,1,1,1,0,1,1,0,1,0,0000000,99,99,99,99,99,99,0,0,0,1,0
36,360901,2,2,0,2,81,4170,22,8,2010,1,0,36,1,11,1,I-678,,0,40.66722778,-73.802202780,0,24,0,1,5,1,4,0,3,10,0,10,0,0000000,99,99,99,99,99,99,0,0,0,1,0
36,360902,2,2,0,6,85,4170,8,8,2010,1,17,50,0,13,6,HYLAN BLVD,STEUBEN ST,0,40.59848889,-74.078461110,0,12,6,0,2,2,1,0,1,1,0,1,0,0000000,17,52,17,57,99,99,0,0,0,1,0
36,360903,1,1,0,1,11,5633,17,11,2010,4,13,51,0,6,5,SWAMP RD,,0,42.95265278,-76.491816670,0,38,0,0,1,1,4,0,1,10,0,10,0,0000000,13,53,13,57,99,99,0,0,0,1,1
36,360904,2,2,0,3,25,1454,8,11,2010,2,16,25,0,2,3,SR-23,,90,42.44235278,-75.001305560,0,12,6,0,1,1,1,0,1,4,0,4,0,0000000,16,25,16,30,88,88,0,0,0,2,0
36,360906,1,1,1,1,103,5210,20,11,2010,7,21,55,0,6,5,N WADING RIVER RD,,0,40.96089444,-72.830386110,0,8,0,0,1,1,1,0,3,1,0,1,0,0000000,21,56,22,1,99,99,0,0,0,1,0
36,360907,1,1,0,1,105,6800,20,11,2010,7,13,44,0,6,5,MAMAKATING RD,,0,99.99990000,999.999900000,0,24,0,0,1,1,4,0,1,1,0,1,0,0000000,13,44,13,48,88,88,0,0,0,1,0
36,360908,2,2,0,6,67,6010,15,7,2010,5,22,29,0,16,5,SOUTH AVE,W COLVIN ST,0,43.02317778,-76.159372220,0,12,6,0,2,2,1,0,3,1,0,1,0,0000000,22,30,22,38,22,45,0,0,0,1,0
36,360909,2,1,0,1,103,2920,26,8,2010,5,0,18,0,16,5,TILLIE ST,,0,40.73509722,-73.241375000,0,14,0,0,1,1,7,0,3,10,0,10,0,0000000,0,21,0,25,88,88,0,0,0,1,0
36,360910,2,2,0,3,47,4170,29,8,2010,1,18,50,0,13,6,MYRTLE AVE,ST EDWARDS ST,0,40.69341111,-73.977813890,0,12,6,0,2,2,1,0,1,1,0,1,0,0000000,99,99,99,99,99,99,0,0,0,1,0
36,360911,1,1,0,2,103,5769,26,9,2010,1,17,10,1,2,3,SR-454,CONSTITUTION WAY,0,40.89051389,-73.094380560,0,33,0,0,2,9,4,0,1,1,0,1,0,0000000,99,99,99,99,99,99,0,0,0,2,1
36,360912,1,1,0,1,103,2920,26,9,2010,1,5,40,0,16,5,BRENTWOOD RD,NEW YORK AVE,0,40.75748056,-73.245361110,0,30,0,0,2,3,4,0,3,1,0,1,0,0000000,5,45,5,50,6,3,0,0,0,1,0
36,360913,2,2,1,2,47,4170,28,6,2010,2,10,50,0,14,6,BRIGHTON BEACH,BRIGHTON 3RD,0,40.57702500,-73.964205560,0,8,0,0,3,2,1,0,1,10,0,10,0,0000000,99,99,99,99,99,99,0,0,0,1,0
36,360914,1,1,1,1,5,4170,2,10,2010,7,23,25,1,1,1,I-87,,0,40.81540833,-73.930788890,0,8,0,0,1,1,1,0,2,1,0,1,0,0000000,99,99,99,99,88,88,0,0,0,1,0
36,360915,2,2,0,2,81,4170,4,10,2010,2,15,38,0,13,6,188TH ST,GRND CENTRL PKY SVC,0,40.72306389,-73.777880560,0,12,6,1,2,3,1,0,1,2,0,2,0,0000000,99,99,99,99,99,99,0,0,0,1,0
36,360916,2,2,0,3,53,5976,7,10,2010,5,16,32,0,6,5,BEAR PATH RD,,0,42.95591944,-75.582311110,0,12,2,0,1,1,1,0,1,1,0,1,0,0000000,16,32,16,43,99,99,0,0,0,1,0
36,360917,1,1,0,2,15,1850,28,5,2010,6,23,31,0,6,5,KINNER HILL RD,,0,99.99990000,999.999900000,0,59,0,0,1,1,4,0,2,1,0,1,0,0000000,23,31,23,48,0,16,0,0,0,1,1
36,360918,1,1,0,1,103,5769,2,10,2010,7,20,50,0,16,4,CR-16(SMITHTOWN BLVD,SPECTACLE LAKE DR,0,40.83206111,-73.130622220,0,33,0,1,2,2,4,0,3,1,0,1,0,0000000,99,99,99,99,99,99,0,0,0,1,1
36,360919,2,2,0,2,61,4170,23,8,2010,2,22,0,0,16,6,11TH AVE,W 21ST ST,0,40.74749444,-74.007750000,0,12,1,0,2,3,1,0,3,1,0,1,0,0000000,99,99,99,99,99,99,0,0,0,1,0
36,360920,1,1,0,4,55,5230,29,10,2010,6,20,57,0,14,5,CHILI AVE,CAIRN ST,0,43.14048333,-77.665377780,0,50,0,0,3,3,4,0,3,1,0,1,0,0000000,99,99,99,99,88,88,0,0,0,4,1
36,360921,2,1,1,1,71,3730,2,3,2010,3,11,25,0,16,6,EAST MAIN ST,,0,41.44584722,-74.414133330,0,8,0,0,1,1,1,0,1,1,0,1,0,0000000,99,99,99,99,99,99,0,0,0,1,0
36,360922,2,1,0,1,29,750,29,3,2010,2,2,50,0,16,6,EAST UTICA,,0,42.91111389,-78.845616670,0,14,0,0,1,1,2,0,2,1,0,1,0,0000000,99,99,99,99,99,99,0,0,0,1,0
36,360923,1,1,1,1,103,2920,31,10,2010,1,20,32,0,16,5,EXPRESS DR N,,0,40.80953889,-73.194350000,0,8,0,0,1,1,1,0,2,1,0,1,0,0000000,99,99,99,99,99,99,0,0,0,1,0
36,360924,1,1,0,1,65,6220,11,10,2010,2,8,24,0,5,6,LELAND AVE,SR-5,0,43.11223056,-75.207811110,0,24,0,0,3,3,4,0,1,10,0,10,0,0000000,99,99,99,99,99,99,0,0,0,1,0
36,360925,2,2,0,2,103,705,19,10,2010,3,6,0,1,2,3,SR-112,OAK ST,0,99.99990000,999.999900000,0,12,6,0,2,2,1,0,4,2,0,2,0,0000000,6,3,6,10,6,30,0,0,0,1,0
36,360926,1,1,1,1,81,4170,18,8,2010,4,22,10,0,16,6,FARMERS BLVE,,0,40.67178611,-73.764416670,0,8,0,0,1,1,1,0,2,10,1,10,0,0000000,99,99,99,99,99,99,0,0,0,1,0
36,360927,2,2,0,2,7,3064,20,10,2010,4,18,7,0,5,5,STRATMILL RD,,0,42.11544722,-75.826616670,0,12,2,0,1,1,1,0,5,1,0,1,0,0000000,18,7,18,16,88,88,0,0,0,1,0
36,360928,2,2,0,2,69,6280,15,11,2010,2,10,13,0,3,3,SR-96,,272,42.97711111,-77.390419440,0,12,2,0,1,1,1,0,1,1,0,1,0,0000000,10,13,10,17,10,48,0,0,0,1,0
36,360929,2,2,0,3,71,6645,30,7,2010,6,22,30,0,3,3,SR-284,,0,99.99990000,999.999900000,0,12,2,0,1,1,1,0,2,1,0,1,0,0000000,22,30,22,40,23,50,0,0,0,1,0
36,360930,1,1,0,1,111,5480,12,4,2010,2,15,32,0,13,3,SR-212,,0,42.06758333,-74.044419440,0,35,0,0,1,1,4,0,1,1,0,1,0,0000000,99,99,99,99,99,99,0,0,0,1,0
36,360931,2,2,0,2,13,3015,16,11,2010,3,18,0,0,3,3,SR-394,,13056,99.99990000,999.999900000,0,12,2,0,1,1,1,0,2,2,0,2,0,0000000,18,1,18,3,21,8,0,0,0,1,0
36,360932,1,1,0,1,103,3933,5,9,2010,1,10,47,0,16,6,43 PLYMOUTH AVE,,0,40.92011111,-72.999880560,0,42,0,0,1,1,4,0,1,1,0,1,0,0000000,10,48,10,51,11,20,0,0,0,1,0
36,360933,1,1,0,6,85,4170,29,8,2010,1,0,58,0,13,6,ARTHUR KILL RD,,0,40.56367500,-74.177455560,0,30,0,0,1,1,4,0,3,1,0,1,0,0000000,1,5,1,14,1,36,0,0,0,2,0
36,360934,1,1,0,1,103,360,2,11,2010,3,10,10,1,2,3,SR-908M,,0,40.71558333,-73.409936110,0,42,0,0,1,1,4,0,1,1,0,1,0,0000000,10,11,10,19,10,54,0,0,0,1,0
36,360935,4,2,0,4,55,652,11,10,2010,2,0,40,0,3,5,JEFFERSON RD,,11062,43.09287222,-77.654138890,0,12,6,0,1,1,1,0,3,10,0,10,0,0000000,0,42,0,47,99,99,0,0,0,1,1
36,360936,1,1,0,4,77,3890,10,11,2010,4,0,28,0,2,3,SR-23,,0,42.54498611,-75.328188890,0,34,0,0,1,1,4,0,2,10,0,10,0,0000000,0,28,0,39,1,14,0,0,0,1,0
36,360937,1,1,0,1,29,5940,28,11,2010,1,9,46,0,6,5,CATTARAUGUS ST,,0,42.49942500,-78.659450000,0,42,0,0,1,1,4,0,1,10,0,10,0,0000000,9,46,9,51,88,88,0,0,0,1,1
36,360938,2,2,0,2,103,2840,15,11,2010,2,12,5,0,13,3,SR-908G,,0,99.99990000,999.999900000,0,12,6,0,1,1,1,0,3,1,0,1,0,0000000,99,99,99,99,99,99,0,0,0,1,1
36,360939,1,1,1,2,55,2248,3,11,2010,4,6,10,0,16,6,1110 BROOKS AVE,,0,43.13093056,-77.666602780,0,8,0,0,1,1,1,0,3,10,0,10,0,0000000,6,10,6,15,7,0,0,0,0,1,0
36,360940,1,1,0,1,1,1495,23,11,2010,3,14,30,0,15,5,KENWOOD AVE,,0,42.62258333,-73.812011110,0,19,0,0,1,1,5,0,1,1,0,1,0,0000000,14,30,14,34,15,15,0,0,0,1,0
36,360941,1,1,0,2,81,4170,26,11,2010,6,2,48,0,16,6,ROOSEVELT AVE,91 ST,0,40.74875278,-73.875461110,0,31,0,0,2,2,4,0,3,2,0,2,0,0000000,99,99,99,99,99,99,0,0,0,1,1
36,360942,1,1,0,1,119,6825,28,11,2010,1,4,33,0,15,5,HANOVER ST,,0,41.26111389,-73.771197220,0,42,0,0,1,1,4,0,2,98,0,98,0,0000000,99,99,99,99,88,88,0,0,0,1,1
36,360943,2,2,0,3,9,3432,5,11,2010,6,9,9,0,3,3,SR-16,SR-242,0,42.40793056,-78.490105560,0,12,6,0,2,2,1,0,1,1,0,1,0,0000000,9,10,9,17,9,53,0,0,0,1,0
36,360944,1,1,1,1,17,2400,18,11,2010,5,17,5,0,3,3,SR-12,,21038,99.99990000,999.999900000,0,8,0,0,1,1,1,0,2,2,0,2,0,0000000,17,5,17,16,17,45,0,0,0,1,0
36,360945,1,1,0,1,59,4600,28,11,2010,1,6,30,0,15,5,S OYSTER BAY RD,,0,40.75677500,-73.499544440,0,33,0,0,1,1,4,0,3,1,0,1,0,0000000,7,35,7,35,88,88,0,0,0,1,1
36,360946,1,1,0,1,59,6250,28,11,2010,1,2,45,1,2,3,SR-27,ROCKAWAY AVE,0,40.65955278,-73.700505560,0,42,0,0,3,2,4,0,3,1,0,1,0,0000000,2,46,2,50,88,88,0,0,0,1,1
36,360947,2,2,0,2,65,6680,16,11,2010,3,17,48,1,13,3,SR-5A,,0,43.10511944,-75.297375000,0,12,1,0,1,1,1,0,3,2,0,2,0,0000000,17,51,17,58,18,44,0,0,0,1,0
36,360948,1,1,0,3,43,2120,19,11,2010,6,22,43,0,6,6,MCKENNAN RD,,0,43.04828611,-75.024283330,0,53,0,0,1,1,4,0,2,1,0,1,0,0000000,99,99,99,99,99,99,0,0,0,1,0
36,360949,1,1,1,2,47,4170,2,10,2010,7,18,55,0,16,6,KNICKERBOCKER,MELROSE ST,0,40.70416389,-73.927775000,0,8,0,0,2,2,1,0,1,1,0,1,0,0000000,99,99,99,99,99,99,0,0,0,1,0
36,360950,1,1,0,1,103,705,8,11,2010,2,6,20,0,5,4,CR-21,,0,40.90092778,-72.946900000,0,42,0,0,1,1,4,0,4,3,0,3,0,0000000,6,25,6,34,7,11,0,0,0,1,0
36,360951,1,1,0,5,121,6810,22,11,2010,2,21,16,0,3,3,SR-19,,0,42.79540000,-78.115925000,0,35,0,0,1,1,4,0,2,1,0,1,0,0000000,99,99,99,99,99,99,0,0,0,1,0
36,360952,2,2,0,3,87,5980,6,11,2010,7,15,48,0,6,6,SEVEN LAKES DR,,0,99.99990000,999.999900000,0,5,0,0,1,1,1,0,1,1,0,1,0,0000000,15,48,16,2,88,88,0,0,0,1,0
36,360953,1,1,1,1,27,4690,22,11,2010,2,19,30,0,6,5,HOLMES RD,,0,41.52602500,-73.651272220,0,8,0,0,1,1,1,0,2,1,0,1,0,0000000,19,30,19,41,20,34,0,0,0,1,0
36,360954,1,1,1,2,67,6010,30,11,2010,3,17,11,0,16,5,WYOMING ST,GIFFORD ST,0,43.04344167,-76.158847220,0,8,0,0,3,3,1,0,3,2,0,2,0,0000000,17,12,17,13,17,30,0,0,0,1,0
36,360955,1,1,0,1,103,2840,29,11,2010,2,10,45,1,13,3,SR-25,,1030,40.82871667,-73.400602780,0,30,0,0,1,1,4,0,1,1,0,1,0,0000000,10,47,10,53,11,23,0,0,0,1,0
36,360956,1,1,1,1,103,2920,19,11,2010,6,18,45,0,16,6,SYCAMORE AVE,MADISON ST,0,40.77878611,-73.123283330,0,8,0,0,3,2,1,0,3,1,0,1,0,0000000,99,99,99,99,99,99,0,0,0,1,0
36,360957,1,1,0,1,13,4987,30,11,2010,3,15,25,0,14,3,SR-5,,1194,42.39500278,-79.485569440,0,34,0,0,1,1,4,0,1,2,0,2,0,0000000,15,25,15,31,99,99,0,0,0,1,0
36,360958,1,1,0,2,81,4170,29,11,2010,2,10,16,0,15,6,NORTH CONDUIT AVE,,0,40.67403889,-73.858144440,0,30,0,0,1,1,4,0,1,1,0,1,0,0000000,99,99,99,99,99,99,0,0,0,1,0
36,360959,2,2,0,3,29,1899,13,11,2010,7,11,16,0,3,3,SR-20,VERSAILLES PLANK RD,0,42.66034722,-78.972558330,0,12,6,0,2,2,1,0,1,1,0,1,0,0000000,11,16,11,25,11,52,0,0,0,1,1
36,360960,2,1,0,2,15,3790,15,11,2010,2,21,13,0,13,3,SR-14,,0,42.26352778,-76.834516670,0,42,0,0,1,1,4,0,3,10,0,10,0,0000000,21,13,21,25,0,22,0,0,0,1,1
36,360961,1,1,1,1,25,3550,17,11,2010,4,18,11,0,3,3,SR-28,,0,42.15058333,-74.521036110,0,8,0,0,1,1,1,0,2,2,0,2,0,0000000,18,19,18,29,18,46,0,0,0,1,0
36,360962,1,1,0,1,103,2920,18,11,2010,5,12,58,1,2,3,SR-454,LOUIS KOSSUTH AVE,0,40.78736667,-73.128669440,0,42,0,0,2,3,4,0,1,1,0,1,0,0000000,13,0,13,6,13,30,0,0,0,1,1
36,360963,2,2,0,2,75,4800,15,11,2010,2,18,38,0,6,5,PETER SCOTT RD,,0,43.27453333,-76.275222220,0,12,1,0,1,1,1,0,2,10,0,10,0,0000000,18,38,18,48,99,99,0,0,0,1,0
36,360964,2,2,0,3,71,1140,15,11,2010,2,23,40,0,4,5,LAKES RD,,0,99.99990000,999.999900000,0,12,2,0,1,1,1,0,2,10,0,10,0,0000000,23,42,23,48,3,30,0,0,0,1,0
36,360965,2,2,0,3,59,2600,2,11,2010,3,20,31,0,2,4,MEADOWBROOK PKY,,0,40.69795000,-73.576897220,0,12,7,0,1,1,1,0,3,1,0,1,0,0000000,20,40,20,46,21,4,0,0,0,1,0
36,360966,1,1,1,1,47,4170,15,5,2010,7,6,0,0,16,6,BUSHWICK AVE,GATES AVE,0,40.69105278,-73.920863890,0,9,0,0,3,2,1,0,1,1,0,1,0,0000000,99,99,99,99,99,99,0,0,0,1,0
36,360967,1,1,1,1,47,4170,11,9,2010,7,20,38,0,16,6,ATLANTIC AVE,,0,40.68119167,-73.965452780,0,9,0,0,1,1,1,0,3,1,0,1,0,0000000,99,99,99,99,88,88,0,0,0,1,0
36,360968,3,3,0,10,3,6540,19,11,2010,6,14,55,0,3,3,SR-417,,0,42.13613611,-77.907786110,0,12,1,0,1,1,1,0,1,1,0,1,0,0000000,14,57,15,2,16,22,0,0,0,1,0
36,360969,1,1,1,5,109,2940,28,11,2010,1,17,27,0,5,6,ELMIRA RD,,0,42.40894444,-76.541233330,0,8,0,0,1,1,1,0,2,1,0,1,0,0000000,17,27,17,32,18,0,0,0,0,1,0
36,360970,2,2,0,4,9,3300,21,11,2010,1,13,7,0,4,3,SR-242,,0,42.25253611,-78.750000000,0,12,6,0,1,1,1,0,1,1,0,1,0,0000000,13,8,13,15,88,88,0,0,0,1,0
36,360971,2,2,0,5,29,750,16,11,2010,3,5,7,1,1,1,I-90,,265,99.99990000,999.999900000,0,12,7,0,1,1,1,2,3,10,0,10,0,0000000,5,8,5,24,7,29,0,0,0,1,0
36,360972,3,3,0,4,3,510,22,11,2010,2,16,36,0,3,3,SR-19,PLUM BOTTOM RD,0,42.20156389,-78.003744440,0,12,6,0,2,3,1,0,5,2,0,2,0,0000000,16,38,16,42,17,12,0,0,0,1,0
36,360973,2,2,0,2,45,4780,18,11,2010,5,14,12,1,2,3,SR-11,,0,44.13275833,-75.732750000,0,12,6,0,1,1,1,0,1,10,0,10,0,0000000,14,12,14,19,88,88,0,0,0,1,0
36,360974,2,2,0,4,59,2600,25,11,2010,5,19,20,1,2,3,SR-24,3RD ST,0,40.72499722,-73.557008330,0,12,6,0,2,2,1,0,3,2,0,2,0,0000000,99,99,99,99,99,99,0,0,0,1,0
36,360975,2,2,0,4,51,3200,27,11,2010,7,9,11,0,6,3,SR-39,,0,42.74605000,-77.941044440,0,12,6,0,1,1,1,0,1,10,0,10,0,0000000,9,11,9,24,10,18,0,0,0,1,0
36,360976,1,1,1,1,59,4450,29,11,2010,2,11,15,0,16,5,STORE HILL RD S,POWELLS LN,0,40.77849444,-73.577241670,0,9,0,0,3,3,1,0,1,1,0,1,0,0000000,11,15,11,23,11,45,0,0,0,1,0
36,360977,2,2,0,2,79,1280,27,11,2010,7,17,40,1,2,3,SR-9,HORSEMANS TRAIL,0,41.47709167,-73.914277780,0,12,2,0,3,1,1,0,2,1,0,1,0,0000000,17,34,17,40,99,99,0,0,0,1,0