STATE,ST_CASE,VE_TOTAL,VE_FORMS,PEDS,PERSONS,COUNTY,CITY,DAY,MONTH,YEAR,DAY_WEEK,HOUR,MINUTE,NHS,ROAD_FNC,ROUTE,TWAY_ID,TWAY_ID2,MILEPT,LATITUDE,LONGITUD,SP_JUR,HARM_EV,MAN_COLL,RELJCT1,RELJCT2,TYP_INT,REL_ROAD,WRK_ZONE,LGT_COND,WEATHER1,WEATHER2,WEATHER,SCH_BUS,RAIL,NOT_HOUR,NOT_MIN,ARR_HOUR,ARR_MIN,HOSP_HR,HOSP_MN,CF1,CF2,CF3,FATALS,DRUNK_DR
36,360978,2,2,0,4,59,4600,28,11,2010,1,16,50,1,13,3,SR-25,,0,40.80473889,-73.523952780,0,12,2,0,1,1,1,0,5,1,0,1,0,0000000,99,99,99,99,99,99,0,0,0,1,1
36,360979,1,1,1,1,59,2600,25,8,2010,4,23,39,0,13,6,OLD COUNTRY RD,PINE ST,0,99.99990000,999.999900000,0,8,0,0,3,3,1,0,3,10,0,10,0,0000000,99,99,99,99,99,99,0,0,0,1,0
36,360980,3,3,0,3,59,2285,30,11,2010,3,13,50,0,2,3,SR-25A,,0,40.82622222,-73.585450000,0,12,6,0,1,1,1,0,1,2,0,2,0,0000000,13,51,13,56,18,30,0,0,0,1,0
36,360981,1,1,0,1,59,4600,10,10,2010,1,21,50,0,6,6,BERRY HILL RD,TEMPLE LANE,0,40.86260833,-73.527225000,0,33,0,0,2,3,4,0,3,1,0,1,0,0000000,99,99,99,99,99,99,0,0,0,1,0
36,360982,1,1,1,1,59,2600,11,10,2010,2,8,46,0,16,6,TERRACE AVE,,0,40.70810000,-73.628911110,0,8,0,0,1,1,1,0,1,1,0,1,0,0000000,99,99,99,99,99,99,0,0,0,1,0
36,360983,3,3,0,3,67,6140,30,11,2010,3,11,35,1,1,1,I-81,,0,42.83907778,-76.122958330,0,12,7,0,1,1,1,0,1,2,0,2,0,0000000,12,11,12,55,88,88,0,0,0,1,0
36,360984,1,1,0,1,119,5802,1,12,2010,4,18,15,0,3,3,SR-100,SR-202,14247,41.32778056,-73.685705560,0,31,0,0,2,2,4,0,2,10,0,10,0,0000000,18,15,18,20,18,40,0,0,0,1,0
36,360985,1,1,0,1,117,6760,1,12,2010,4,23,30,0,4,5,RIDGE RD,,0,43.21321389,-76.960902780,0,35,0,0,1,1,4,0,2,10,0,10,0,0000000,12,38,13,5,88,88,0,0,0,1,0
36,360986,2,2,0,2,123,4740,1,12,2010,4,12,9,0,3,3,SR-14A,,41109,42.59144722,-77.037086110,0,12,6,0,1,1,1,0,1,4,0,4,0,0000000,12,9,12,29,99,99,0,0,0,1,0
36,360987,1,1,1,1,55,2248,1,12,2010,4,20,16,0,16,5,SPENCERPORT RD,LONG POND RD,0,43.16947222,-77.701438890,0,8,0,0,3,1,1,0,2,10,0,10,0,0000000,20,17,20,21,20,39,0,0,0,1,0
36,360988,1,1,0,1,93,5590,9,12,2010,5,1,2,0,13,5,AMSTERDAM RD,,0,42.89785000,-74.083386110,0,42,0,0,1,1,4,0,2,1,0,1,0,0000000,1,4,1,11,1,59,0,0,0,1,0
36,360989,1,1,0,1,71,4130,9,12,2010,5,1,49,0,5,5,BULL RD,,0,41.47165556,-74.143875000,0,35,0,0,1,1,4,0,2,1,0,1,0,0000000,1,50,2,0,99,99,0,0,0,1,1
36,360990,1,1,1,1,5,4170,10,12,2010,6,5,30,0,16,6,FISH AVE,E GUN HILL RD,0,40.87075556,-73.847094440,0,8,0,0,3,3,1,0,3,1,0,1,0,0000000,5,31,5,35,88,88,0,0,0,1,0
36,360991,2,2,0,3,21,332,12,12,2010,1,10,32,1,2,3,SR-22,,51268,42.33475556,-73.428808330,0,12,6,0,1,1,1,0,1,2,0,2,0,0000000,10,32,10,48,11,17,0,0,0,1,0
36,360992,1,1,1,2,33,3825,12,12,2010,1,20,25,0,3,3,SR-95,,11006,44.82667222,-74.556933330,0,8,0,0,1,1,1,0,3,2,0,2,0,0000000,20,27,20,31,20,51,0,0,0,1,0
36,360993,2,2,0,3,115,2440,1,12,2010,4,15,35,0,3,3,SR-29,,0,43.09538889,-73.565611110,0,12,6,0,1,1,1,0,1,2,0,2,0,0000000,15,42,15,47,99,99,0,0,0,1,0
36,360994,1,1,0,1,119,6825,8,12,2010,4,10,5,0,16,5,RIDGE ST,,0,41.28358056,-73.783363890,0,42,0,0,1,1,5,0,9,99,0,99,0,0000000,99,99,99,99,99,99,0,0,0,1,0
36,360995,1,1,1,1,5,4170,27,9,2010,2,19,17,0,16,6,SAGAMORE ST,AMETHYST ST,0,40.84886944,-73.867875000,0,8,0,0,3,3,1,0,3,2,0,2,0,0000000,99,99,99,99,99,99,0,0,0,1,0
36,360996,2,2,1,4,81,4170,15,9,2010,4,7,0,0,14,6,WOODSIDE AVE,76TH ST,0,40.74338889,-73.888861110,0,12,6,0,2,2,1,0,1,1,0,1,0,0000000,99,99,99,99,99,99,0,0,0,1,0
36,360997,1,1,1,1,79,3455,23,10,2010,7,8,7,0,15,5,UNION VALLEY RD,OLD UNION VALLEY RD,0,41.35242778,-73.747530560,0,8,0,0,3,3,1,0,1,1,0,1,0,0000000,99,99,99,99,88,88,0,0,0,1,0
36,360998,1,1,1,1,29,6642,6,12,2010,2,23,26,0,15,5,TRANSIT RD,,0,42.86295833,-78.697000000,0,8,0,0,1,1,1,0,3,4,0,4,0,0000000,99,99,99,99,99,99,0,0,0,1,0
36,360999,1,1,0,1,83,528,13,12,2010,2,20,38,0,6,5,BLY HOLLOW RD,,0,42.63938889,-73.386438890,0,42,0,0,1,1,4,0,2,4,0,4,0,0000000,20,38,21,0,99,99,0,0,0,1,0
36,361000,1,1,1,3,59,3360,3,11,2010,4,22,49,0,14,6,NATIONAL BLVD,W PARK AVE,0,40.58826111,-73.667000000,0,8,0,0,3,2,1,0,3,1,0,1,0,0000000,22,49,22,49,23,5,0,0,0,1,0
36,361001,2,2,0,2,81,4170,17,11,2010,4,23,22,0,13,6,UTOPIA PKY,UNDERHILL AVE,0,40.74690000,-73.792505560,0,12,6,0,2,2,1,0,3,1,0,1,0,0000000,99,99,99,99,99,99,0,0,0,1,0
36,361002,1,1,0,1,63,3220,14,12,2010,3,18,31,0,16,5,SAUNDERS SETTLEMENT,,0,43.13616111,-78.985411110,0,34,0,0,1,1,4,0,2,4,0,4,0,0000000,18,31,18,44,88,88,0,0,0,1,1
36,361003,1,1,0,2,77,3569,16,12,2010,5,8,45,1,1,1,I-88,,0,42.48611944,-74.948858330,0,35,0,0,1,1,3,0,1,4,0,4,0,0000000,8,45,9,3,9,23,0,0,0,1,0
36,361004,2,2,0,6,65,610,12,12,2010,1,7,7,1,2,3,SR-12,,43241,43.44856944,-75.265286110,0,12,8,0,1,1,1,0,4,3,0,3,0,0000000,7,7,7,22,10,0,0,0,0,1,0
36,361005,1,1,0,1,59,2600,16,12,2010,5,16,10,0,16,5,LORING RD,,0,40.71278611,-73.528575000,0,42,0,0,1,1,4,0,3,1,0,1,0,0000000,16,16,16,20,16,40,0,0,0,1,0
36,361006,2,2,0,2,13,3015,9,12,2010,5,16,40,0,6,5,WATER ST,,0,42.12996111,-79.179947220,0,12,6,0,1,1,1,0,1,4,0,4,0,0000000,99,99,99,99,99,99,0,0,0,1,0
36,361007,1,1,0,1,105,1805,17,12,2010,6,4,59,0,5,5,MOHICAN LAKE RD,,0,41.51876389,-74.844466670,0,42,0,0,1,1,4,0,2,1,0,1,0,0000000,4,59,5,10,88,88,0,0,0,1,1
36,361008,2,2,0,3,81,4170,10,12,2010,6,16,27,0,16,6,METROPOLITAN AVE,UNION TPK,0,40.70922222,-73.843075000,0,12,6,0,2,2,1,0,5,10,0,10,0,0000000,99,99,99,99,99,99,0,0,0,1,0
36,361009,1,1,2,1,59,4090,10,12,2010,6,18,22,0,13,6,JERICHO TPKE,,0,40.73104722,-73.692963890,0,8,0,0,1,1,1,0,3,10,0,10,0,0000000,18,25,99,99,99,99,0,0,0,1,0
36,361010,1,1,0,1,119,6820,18,12,2010,7,9,11,1,2,3,SR-907K,,0,40.93257222,-73.861047220,0,21,0,0,1,1,4,0,1,1,0,1,0,0000000,9,14,9,20,9,39,0,0,0,1,1
36,361011,2,2,0,2,35,670,14,12,2010,3,20,15,0,3,3,SR-29,EAST BROAD ST,0,43.05521667,-74.191747220,0,12,6,0,2,3,1,0,3,1,0,1,0,0000000,20,15,20,20,21,1,0,0,0,1,0
36,361012,1,1,0,1,7,6740,18,12,2010,7,4,53,0,4,3,SR-79,,0,42.04295000,-75.617072220,0,24,0,0,1,1,4,0,3,10,0,10,0,0000000,4,53,5,8,88,88,0,0,0,1,0
36,361013,2,2,1,2,119,700,2,12,2010,5,17,47,0,6,5,KRAFT AVE,,0,99.99990000,999.999900000,0,8,0,0,1,1,1,0,3,1,0,1,0,0000000,17,47,17,52,18,6,0,0,0,1,0
36,361014,1,1,0,1,67,6010,7,7,2010,4,23,18,0,6,6,200 LAFAYETTE ST,,0,42.99780556,-76.130961110,0,30,0,0,1,1,4,0,3,1,0,1,0,0000000,23,20,23,30,23,49,0,0,0,1,1
36,361015,1,1,0,1,65,6270,27,12,2010,2,17,49,1,2,3,SR-31,,0,43.10427222,-75.550188890,0,34,0,0,1,1,4,0,2,10,0,10,0,0000000,17,49,17,56,18,30,0,0,0,1,0
36,361016,1,1,0,1,67,3500,26,12,2010,1,1,12,0,5,5,BLOCK COLLAMER RD,,0,43.11375000,-76.018158330,0,42,0,0,1,1,4,0,2,10,0,10,0,0000000,1,13,1,18,88,88,0,0,0,1,0
36,361017,1,1,1,1,65,5260,16,12,2010,5,18,33,0,2,3,SR-69,,0,43.24271667,-75.514655560,0,8,0,0,1,1,1,0,2,10,0,10,0,0000000,18,38,18,49,19,1,0,0,0,1,0
36,361018,1,1,1,2,55,2248,26,12,2010,1,7,10,0,14,5,HOWARD RD,BUFFALO RD,0,43.14993056,-77.690950000,0,8,0,0,3,1,1,0,3,10,0,10,0,0000000,7,10,7,12,7,34,0,0,0,1,0
36,361019,1,1,1,1,29,2485,31,12,2010,6,4,32,0,15,5,AMSDELL RD,BRIERCLIFF DR,0,42.73977500,-78.897366670,0,8,0,0,2,3,1,0,3,10,0,10,0,0000000,4,33,4,39,88,88,0,0,0,1,0
36,361020,2,1,1,3,51,350,14,12,2010,3,7,11,1,1,1,I-390,,0,42.89025556,-77.694688890,0,14,0,0,1,1,2,0,4,4,0,4,0,0000000,7,11,7,30,88,88,0,0,0,1,0
36,361022,2,1,0,1,29,750,19,12,2010,1,18,18,0,14,6,SOUTH PARK,VERONA,0,42.85660278,-78.828877780,0,14,0,0,3,3,7,0,3,10,0,10,0,0000000,18,10,18,17,18,47,0,0,0,1,0
36,361023,1,1,0,1,71,2320,21,12,2010,3,7,35,1,2,3,SR-17,,0,41.39839722,-74.339911110,0,1,0,0,1,1,1,0,1,10,0,10,0,0000000,7,35,7,37,8,0,0,0,0,1,0
36,361024,3,3,0,4,3,1046,17,12,2010,6,17,14,0,3,4,CR-3,CR-36,0,42.47997778,-78.249466670,0,12,6,0,2,7,1,0,3,4,0,4,0,0000000,17,26,17,55,18,26,0,0,0,1,0
36,361025,2,2,0,3,65,403,18,12,2010,7,13,58,1,2,3,SR-365,PROSPECT DEPOT RD,0,43.28966944,-75.173305560,0,12,6,0,2,3,1,0,1,10,0,10,0,0000000,13,58,14,6,99,99,0,0,0,1,1
36,361026,1,1,0,3,103,6624,29,6,2010,3,5,0,0,14,3,SR-27A,WEST BAY DR,0,40.69546111,-73.297294440,0,30,0,0,2,3,4,0,3,1,0,1,0,0000000,5,4,99,99,99,99,0,0,0,1,0
36,361027,1,1,0,2,85,4170,4,9,2010,7,1,53,0,13,6,BAY ST,HANNAH ST,0,40.63590556,-74.076133330,0,33,0,0,2,2,5,0,3,1,0,1,0,0000000,99,99,99,99,99,99,0,0,0,1,1
36,361028,1,1,1,1,103,2920,4,9,2010,7,1,8,1,13,3,SR-454,CR-67,0,40.81341944,-73.190316670,0,8,0,0,3,2,1,0,3,1,0,1,0,0000000,1,11,1,14,1,41,0,0,0,1,0
36,361029,2,2,0,5,65,4659,28,12,2010,3,13,48,1,2,3,SR-12,,0,42.99658056,-75.317072220,0,12,6,0,1,1,1,0,1,4,0,4,0,0000000,13,48,14,1,99,99,0,0,0,2,0
36,361030,2,2,0,4,85,4170,26,9,2010,1,9,5,1,12,3,SR-440,,0,40.59805278,-74.190758330,0,12,1,0,1,1,1,0,1,1,0,1,0,0000000,99,99,99,99,99,99,0,0,0,1,0
36,361031,1,1,1,1,53,6004,10,11,2010,4,11,15,0,3,3,SR-5,,0,43.05009444,-75.908708330,0,8,0,0,1,1,2,0,1,1,0,1,0,0000000,11,17,11,23,11,54,0,0,0,1,0
36,361032,1,1,1,1,55,1930,19,12,2010,1,17,58,0,16,5,HIGH ST,,0,43.10475833,-77.441608330,0,8,0,0,1,1,1,0,3,10,0,10,0,0000000,17,58,17,58,18,30,0,0,0,1,1
36,361033,1,1,1,1,111,3060,20,12,2010,2,9,15,0,6,5,CLINTON AVE,MAIN ST,0,41.93332500,-74.016416670,0,8,0,0,3,3,1,0,1,1,0,1,0,0000000,9,17,9,18,9,32,0,0,0,1,0
36,361034,1,1,1,1,11,310,31,12,2010,6,17,26,0,6,5,NORTH ST,,0,42.93506111,-76.566316670,0,8,0,0,1,1,1,0,3,10,0,10,0,0000000,17,26,17,29,18,27,0,0,0,1,0
36,361035,1,1,0,2,1,1290,29,10,2010,6,20,59,0,15,6,LISHAKILL RD,,0,42.75925000,-73.860261110,0,31,0,0,1,1,4,0,3,1,0,1,0,0000000,21,0,21,3,21,33,0,0,0,1,1
36,361037,1,1,0,2,27,2785,6,10,2010,4,16,46,0,16,5,HOSNER MOUNTAIN RD,,0,41.55310556,-73.781733330,0,30,0,0,1,1,4,0,1,1,0,1,0,0000000,99,99,99,99,99,99,0,0,0,1,0
36,361038,1,1,0,1,59,2600,24,10,2010,1,22,15,0,14,5,MERRICK AVE,,0,40.66484444,-73.552619440,0,42,0,0,1,1,4,0,3,10,0,10,0,0000000,99,99,99,99,99,99,0,0,0,1,0
36,361039,1,1,1,2,61,4170,13,11,2010,7,9,0,0,14,6,E 116TH ST,2ND AVE,0,40.79696667,-73.937775000,0,8,0,0,3,2,1,0,1,1,0,1,0,0000000,9,0,9,3,9,19,0,0,0,1,0
36,361040,1,1,0,2,47,4170,10,10,2010,1,7,48,1,13,3,SR-907C,,0,40.60515556,-74.024077780,0,25,0,0,1,1,4,0,1,1,0,1,0,0000000,99,99,99,99,99,99,0,0,0,2,1
36,361041,1,1,1,1,59,2600,30,12,2010,5,19,50,1,13,3,SR-24,,0,40.70746667,-73.693447220,0,8,0,0,1,1,1,0,3,1,0,1,0,0000000,99,99,99,99,99,99,0,0,0,1,0
36,361042,2,2,0,2,103,360,25,10,2010,2,6,41,1,13,3,SR-27,,0,40.76910278,-73.062430560,0,12,6,0,8,1,1,0,4,5,0,5,1,0000000,99,99,99,99,99,99,0,0,0,1,0
36,361043,3,3,0,5,55,680,11,12,2010,7,14,7,0,5,5,FOURTH SECTION RD,,0,43.19813611,-77.977266670,0,12,1,0,1,1,1,0,1,10,0,10,0,0000000,99,99,99,99,99,99,0,0,0,1,0
36,361044,2,2,0,2,119,6820,18,12,2010,7,0,13,1,12,3,SR-987F,,11034,99.99990000,999.999900000,0,12,1,0,1,1,1,0,2,1,0,1,0,0000000,0,17,0,34,1,4,0,0,0,1,2
36,361045,2,2,0,3,109,2940,18,12,2010,7,17,1,0,3,3,SR-79,,0,42.45227778,-76.689397220,0,12,2,0,1,1,1,0,2,1,0,1,0,0000000,17,1,17,17,18,45,0,0,0,1,0
36,361046,2,2,0,2,101,1360,28,12,2010,3,11,6,0,2,3,SR-352,,0,42.14642222,-77.069927780,0,12,2,0,1,1,1,0,1,1,0,1,0,0000000,11,6,11,12,12,30,0,0,0,1,0
36,361047,2,2,1,2,43,2880,30,12,2010,5,9,32,0,3,3,SR-28,,0,42.95735000,-75.016108330,0,12,1,0,1,1,1,0,1,1,0,1,0,0000000,9,32,9,43,12,40,0,0,0,1,0
36,361048,3,3,0,4,29,1117,26,12,2010,1,14,37,0,13,6,HARLEM RD,GEORGE URBAN BLVD,11336,42.91894722,-78.784297220,0,12,6,0,3,2,1,0,1,10,0,10,0,0000000,15,10,15,45,16,35,0,0,0,1,0
36,361049,2,2,1,5,5,4170,29,12,2010,4,23,0,1,1,1,I-278,,0,40.82531111,-73.864752780,0,8,0,0,1,1,1,0,3,1,0,1,0,0000000,99,99,99,99,88,88,0,0,0,1,0
36,361050,2,1,0,1,13,2950,7,12,2010,3,15,47,0,16,6,WINSOR ST,,0,42.09511944,-79.227413890,0,33,0,0,1,1,4,0,1,4,0,4,0,0000000,15,47,15,51,15,57,0,0,0,1,0
36,361051,1,1,2,1,47,4170,7,10,2010,5,16,21,0,14,6,ORIENTAL BLVD,FALMOUTH ST,0,40.57755278,-73.946272220,0,8,0,0,2,3,1,0,1,1,0,1,0,0000000,99,99,99,99,99,99,0,0,0,1,0
36,361052,1,1,1,1,59,4090,15,11,2010,2,17,9,1,13,3,SR-25,S 11TH ST,0,40.73271389,-73.684594440,0,8,0,0,3,3,1,0,2,1,0,1,0,0000000,17,10,99,99,99,99,0,0,0,1,0
36,361053,2,2,0,2,29,156,2,12,2010,5,7,56,0,13,3,SR-263,,0,43.08111389,-78.697386110,0,33,0,1,5,1,3,0,1,10,0,10,0,0000000,7,59,8,4,8,31,0,0,0,1,0
36,361054,3,3,0,5,55,2710,28,11,2010,1,14,42,0,14,5,W RIDGE RD,DEAN RD,0,43.21875000,-77.766875000,0,12,1,0,2,3,1,0,1,10,0,10,0,0000000,14,42,14,50,15,19,0,0,0,1,0
36,361055,1,1,0,1,119,5893,20,12,2010,2,23,7,1,2,3,SR-35,,0,41.27558056,-73.581877780,0,30,0,0,1,1,4,0,2,1,0,1,0,0000000,23,7,23,11,23,52,0,0,0,1,1
36,361056,1,1,0,3,31,6630,31,12,2010,6,2,20,0,6,5,DUDLEY RD,,0,44.16657500,-73.417147220,0,38,0,0,1,1,5,0,3,1,0,1,0,0000000,3,4,3,11,4,0,0,0,0,1,1
36,361057,1,1,0,1,29,750,24,12,2010,6,17,24,0,16,6,E FERRY ST,,0,42.91471111,-78.847019440,0,38,0,0,1,1,5,0,3,10,0,10,0,0000000,17,28,17,33,18,26,0,0,0,1,0
36,361058,2,1,1,8,71,4060,13,12,2010,2,23,45,1,1,1,I-87,,613,99.99990000,999.999900000,0,8,0,0,1,1,4,0,2,4,0,4,0,0000000,23,45,23,55,0,25,19,0,0,1,0
36,361059,1,1,1,1,47,4170,18,9,2010,7,4,7,0,13,6,LINDEN BLVD,CHURCH ST,0,99.99990000,999.999900000,0,8,0,0,3,2,1,0,3,1,0,1,0,0000000,99,99,99,99,88,88,0,0,0,1,1
36,361060,1,1,1,1,85,4170,30,9,2010,5,6,38,0,14,6,PORT RICHMOND AVE,POST AVE,0,40.63405000,-74.136300000,0,8,0,0,3,2,1,0,4,2,0,2,0,0000000,6,38,6,45,88,88,0,0,0,1,0
36,361061,1,1,0,2,47,4170,1,10,2010,6,23,58,1,1,1,I-278,,0,40.69041667,-73.998661110,0,59,0,0,1,1,4,0,2,1,0,1,0,0000000,99,99,99,99,99,99,0,0,0,1,1
36,361062,1,1,1,1,103,2920,19,10,2010,3,20,53,0,6,5,LAKELAND AVE,ELAINE DR,0,40.75341667,-73.093272220,0,8,0,0,3,3,1,0,3,1,0,1,0,0000000,99,99,99,99,88,88,0,0,0,1,0
36,361063,1,1,1,2,81,4170,16,10,2010,7,16,49,1,2,3,SR-907,DITMARS BLVD,0,40.76724167,-73.887744440,0,8,0,1,3,2,1,0,1,1,0,1,0,0000000,99,99,99,99,99,99,0,0,0,1,0
36,361064,1,1,1,1,103,2920,17,10,2010,1,19,50,1,13,3,SR-27,,99999,40.77228889,-73.047216670,0,8,0,1,5,1,1,0,2,1,0,1,0,0000000,19,50,20,0,99,99,0,0,0,1,1
36,361065,1,1,1,1,47,4170,16,10,2010,7,13,0,1,13,6,3RD AVE,UNION ST,0,40.67832778,-73.985425000,0,8,0,0,2,2,1,0,1,1,0,1,0,0000000,99,99,99,99,99,99,0,0,0,1,0
36,361066,2,2,0,2,77,3569,15,7,2010,5,12,20,0,3,3,SR-7,,33085,42.52091944,-74.914586110,0,12,1,0,1,1,1,0,1,1,0,1,0,0000000,99,99,99,99,99,99,0,0,0,1,0
36,361067,1,1,1,1,103,360,14,10,2010,5,11,29,1,13,3,SR-110,MELVILLE RD,0,40.75025278,-73.422155560,0,8,0,0,3,2,1,0,1,10,0,10,0,0000000,99,99,99,99,99,99,0,0,0,1,0
36,361068,1,1,1,1,47,4170,27,10,2010,4,18,40,0,16,6,AVENUE O,,0,99.99990000,999.999900000,0,8,0,0,1,1,1,0,5,2,0,2,0,0000000,99,99,99,99,99,99,0,0,0,1,0
36,361069,1,1,1,1,103,2920,20,10,2010,4,6,30,1,2,3,SR-27A,MILLIGAN LN,0,40.69586389,-73.294694440,0,15,0,0,3,2,1,0,2,1,0,1,0,0000000,99,99,99,99,99,99,0,0,0,1,0
36,361070,1,1,1,1,103,2840,30,10,2010,7,23,52,1,2,3,SR-110,ARLINGTON ST,0,40.79203611,-73.415461110,0,8,0,0,3,2,1,0,2,1,0,1,0,0000000,23,53,23,55,88,88,0,0,0,1,0
36,361071,1,1,1,1,47,4170,30,10,2010,7,23,10,0,14,6,13TH AVE,78TH ST,0,40.61856944,-74.009222220,0,8,0,0,3,2,1,0,3,99,0,99,0,0000000,23,10,23,11,23,31,0,0,0,1,0
36,361072,1,1,1,1,5,4170,25,10,2010,2,11,50,0,16,6,UNIONPORT RD,,0,40.83882500,-73.861002780,0,8,0,0,1,1,1,0,1,1,0,1,0,0000000,99,99,99,99,99,99,0,0,0,1,0
36,361073,1,1,1,1,5,4170,21,11,2010,1,18,8,0,16,6,EDWARD L GRANT HWY,JEROME AVE,0,40.83603889,-73.922461110,0,8,0,0,3,2,1,0,3,1,0,1,0,0000000,99,99,99,99,99,99,0,0,0,1,0
36,361074,2,2,0,4,103,2920,30,10,2010,7,2,40,0,16,5,BRENTWOOD RD,,0,40.77389444,-73.246213890,0,12,2,0,1,1,1,0,3,1,0,1,0,0000000,99,99,99,99,99,99,0,0,0,1,1
36,361075,4,1,1,1,47,4170,1,11,2010,2,8,10,0,13,6,ROCKAWAY PKWY,AVE J,0,40.64193611,-73.898961110,0,8,0,0,3,2,1,0,1,1,0,1,0,0000000,99,99,99,99,99,99,0,0,0,1,0
36,361076,1,1,0,2,7,540,26,12,2010,1,1,18,1,13,3,SR-81,SR-17,99999,42.11367500,-75.909819440,0,30,0,1,2,4,3,0,3,10,0,10,0,0000000,1,18,1,21,1,42,0,0,0,1,0
36,361077,1,1,0,2,1,1290,18,12,2010,7,7,23,0,13,3,SR-5,MOUNTAIN VIEW AVE,0,42.70137778,-73.814263890,0,30,0,0,2,3,4,0,1,4,0,4,0,0000000,7,24,7,33,8,13,0,0,0,1,0
36,361078,2,1,0,1,5,4170,26,11,2010,6,7,2,1,13,6,E 233RD ST,BAYCHESTER AVE,0,40.88845556,-73.841944440,0,30,0,0,2,7,4,0,1,2,0,2,0,0000000,99,99,99,99,88,88,0,0,0,1,0
36,361079,2,2,0,6,85,4170,27,11,2010,7,20,43,0,16,6,HYLAN BLVD,STEUBEN ST,0,40.59848889,-74.078419440,0,12,6,0,2,2,1,0,5,1,0,1,0,0000000,20,44,20,55,21,8,0,0,0,1,0
36,361080,1,1,1,1,47,4170,17,11,2010,4,5,8,0,16,6,CLASSON AVE,,0,40.68186944,-73.958611110,0,8,0,0,1,1,1,0,3,2,0,2,0,0000000,99,99,99,99,99,99,0,0,0,1,0
36,361081,1,1,0,1,27,5110,2,10,2010,7,19,16,1,2,3,SR-9,,0,42.05010556,-73.846000000,0,59,0,0,1,1,4,0,5,1,0,1,0,0000000,19,16,19,24,88,88,0,0,0,1,1
36,361082,1,1,0,1,103,705,10,11,2010,4,18,10,0,5,4,CR-111,,0,40.84753333,-72.737133330,0,1,0,0,1,1,3,0,1,10,0,10,0,0000000,99,99,99,99,99,99,0,0,0,1,0
36,361083,2,2,0,4,103,705,11,11,2010,5,18,54,1,2,3,SR-25,,0,40.85845278,-73.104208330,0,33,0,0,1,1,4,0,3,1,0,1,0,0000000,19,1,19,4,19,18,0,0,0,2,0
36,361084,2,2,0,4,59,710,8,9,2010,4,14,54,0,13,3,SR-107,,0,40.80255278,-73.552094440,0,12,1,0,1,1,1,0,1,1,0,1,0,0000000,99,99,99,99,99,99,0,0,0,1,0
36,361085,1,1,0,1,59,4450,25,11,2010,5,18,48,1,11,1,I-495,,0,40.78323889,-73.614150000,0,35,0,0,1,1,3,0,2,1,0,1,0,0000000,99,99,99,99,99,99,0,0,0,1,0
36,361086,1,1,1,1,59,2160,4,12,2010,7,22,55,0,14,5,E MERRICK RD,S MAIN ST,0,40.65446667,-73.580213890,0,8,0,0,3,2,1,0,3,10,0,10,0,0000000,99,99,99,99,99,99,0,0,0,1,0
36,361087,1,1,0,1,107,4220,11,12,2010,7,18,53,0,5,5,SIBLEY RD,,0,42.03080556,-76.281080560,0,42,0,0,1,1,4,0,2,10,0,10,0,0000000,18,53,19,0,21,0,0,0,0,1,1
36,361088,1,1,2,1,103,2920,23,11,2010,3,11,10,0,14,4,CR-13,BRADLEY ST,0,40.77960000,-73.260697220,0,8,0,0,3,3,1,0,1,10,0,10,0,0000000,99,99,99,99,99,99,0,0,0,2,0
36,361090,1,1,1,1,61,4170,16,11,2010,3,6,10,0,16,6,BROADWAY,CORTLANDT ST,0,40.70969444,-74.010063890,0,8,0,0,3,2,1,0,4,2,0,2,0,0000000,99,99,99,99,99,99,0,0,0,1,0
36,361091,1,1,1,1,47,4170,18,4,2010,1,3,51,0,16,6,CALYER ST,MCGUINNESS BLVD,0,40.72908056,-73.950905560,0,8,0,0,3,2,1,0,3,1,0,1,0,0000000,99,99,99,99,99,99,0,0,0,1,0
36,361092,2,1,1,1,61,4170,4,11,2010,5,14,27,1,12,1,I-95,,0,40.84718889,-73.932966670,0,8,0,0,1,1,2,0,1,2,0,2,0,0000000,99,99,99,99,99,99,0,0,0,1,0
36,361093,4,4,3,11,47,4170,2,11,2010,3,14,28,0,16,6,18TH AVE,OCEAN PKWY,0,40.63323889,-73.971905560,0,8,0,0,3,2,1,0,1,1,0,1,0,0000000,99,99,99,99,99,99,0,0,0,1,0
36,361094,1,1,1,1,5,4170,14,11,2010,1,9,0,0,13,6,E GUNHILL RD,WEBSTER AVE,0,40.87860833,-73.871630560,0,8,0,0,3,2,1,0,1,1,0,1,0,0000000,99,99,99,99,99,99,0,0,0,1,0
36,361095,1,1,1,1,61,4170,26,11,2010,6,15,9,0,14,6,W 93RD ST,COLUMBUS AVE,0,40.79092222,-73.968952780,0,8,0,0,3,2,1,0,1,1,0,1,0,0000000,99,99,99,99,99,99,0,0,0,1,0
36,361096,1,1,0,1,103,2840,19,11,2010,6,1,28,0,16,5,OLD COUNTRY RD,,0,40.77201389,-73.334291670,0,33,0,0,1,1,4,0,3,1,0,1,0,0000000,99,99,99,99,99,99,0,0,0,1,0
36,361097,1,1,1,1,5,4170,29,11,2010,2,17,40,0,16,6,RIVERDALE AVE,W 181 ST,0,99.99990000,999.999900000,0,8,0,0,3,2,1,0,3,1,0,1,0,0000000,17,41,17,51,99,99,0,0,0,1,0
36,361098,2,2,0,2,103,3270,17,11,2010,4,14,15,1,2,3,SR-27A,VENETIAN PROMENADE,0,40.67251667,-73.377491670,0,12,6,0,2,3,1,0,1,1,0,1,0,0000000,99,99,99,99,99,99,0,0,0,1,0