STATE,ST_CASE,VE_TOTAL,VE_FORMS,PEDS,PERSONS,COUNTY,CITY,DAY,MONTH,YEAR,DAY_WEEK,HOUR,MINUTE,NHS,ROAD_FNC,ROUTE,TWAY_ID,TWAY_ID2,MILEPT,LATITUDE,LONGITUD,SP_JUR,HARM_EV,MAN_COLL,RELJCT1,RELJCT2,TYP_INT,REL_ROAD,WRK_ZONE,LGT_COND,WEATHER1,WEATHER2,WEATHER,SCH_BUS,RAIL,NOT_HOUR,NOT_MIN,ARR_HOUR,ARR_MIN,HOSP_HR,HOSP_MN,CF1,CF2,CF3,FATALS,DRUNK_DR
36,361099,1,1,2,2,81,4170,14,11,2010,1,16,51,0,13,6,N CONDUIT AVE,160TH ST,0,40.66793889,-73.775147220,0,33,0,0,2,3,4,0,3,1,0,1,0,0000000,99,99,99,99,99,99,0,0,0,1,0
36,361100,1,1,1,1,5,4170,21,12,2010,3,12,27,0,16,6,ZEREGA AVE,,0,40.82468889,-73.843144440,0,8,0,0,1,1,1,0,1,1,0,1,0,0000000,99,99,99,99,99,99,0,0,0,1,0
36,361101,1,1,0,2,103,3523,24,11,2010,4,23,13,0,6,5,BAUER AVE,HARMONY ST,0,40.86132778,-72.798769440,0,30,0,0,2,3,4,0,3,1,0,1,0,0000000,99,99,99,99,99,99,0,0,0,1,1
36,361102,1,1,1,1,103,1050,18,11,2010,5,18,25,0,16,5,CARLETON AVE,,0,40.77089722,-73.197966670,0,8,0,0,1,1,1,0,2,10,0,10,0,0000000,99,99,99,99,99,99,0,0,0,1,0
36,361103,1,1,0,1,9,2140,28,8,2010,7,16,19,0,3,6,ISHCUA LYNDON RD,,0,42.27121111,-78.375777780,0,5,0,0,1,1,2,0,1,1,0,1,0,0000000,99,99,99,99,99,99,0,0,0,1,0
36,361104,1,1,1,1,81,4170,16,11,2010,3,17,52,0,16,6,63RD RD,YELLOWSTONE BLVD,0,40.73361944,-73.852488890,0,8,0,0,3,2,1,0,3,10,0,10,0,0000000,99,99,99,99,99,99,0,0,0,1,0
36,361105,2,2,1,2,81,4170,27,11,2010,7,22,29,0,16,6,108TH ST,63RD RD,0,40.73428333,-73.850247220,0,8,0,0,3,2,1,0,3,1,0,1,0,0000000,99,99,99,99,99,99,0,0,0,1,0
36,361106,1,1,1,1,65,6220,29,10,2010,6,6,3,0,13,5,GENESEE ST,,0,43.07710000,-75.280252780,0,8,0,0,1,1,1,0,3,2,0,2,0,0000000,6,3,6,5,88,88,0,0,0,1,0
36,361107,2,2,1,2,5,4170,30,12,2010,5,21,38,1,11,1,I-678,,0,40.82796944,-73.836708330,0,8,0,0,5,1,1,0,2,1,0,1,0,0000000,99,99,99,99,99,99,0,0,0,1,0
36,361108,1,1,0,4,103,5769,19,12,2010,1,3,35,0,16,5,MIDDLE COUNTRY RD,,0,40.85505278,-73.175319440,0,33,0,0,1,1,4,0,3,10,0,10,0,0000000,3,38,3,45,4,5,0,0,0,1,0
36,361109,1,1,1,1,103,360,1,12,2010,4,20,30,1,13,3,SR-27,COUNTY LINE RD,0,40.68635278,-73.425863890,0,8,0,0,3,2,1,0,1,1,0,1,0,0000000,99,99,99,99,88,88,0,0,0,1,1
36,361110,1,1,1,1,47,4170,10,11,2010,4,22,28,0,14,6,MADISON ST,,0,40.68546389,-73.944125000,0,8,0,0,1,1,1,0,3,1,0,1,0,0000000,99,99,99,99,99,99,0,0,0,1,0
36,361111,1,1,0,1,103,2920,11,12,2010,7,17,12,0,3,5,TOWNLINE RD,,0,40.82709722,-73.176141670,0,30,0,0,1,1,4,0,3,10,0,10,0,0000000,17,14,17,15,17,54,0,0,0,1,0
36,361112,1,1,1,2,103,2920,18,12,2010,7,18,4,1,2,3,SR-454,LAKELAND AVE,0,40.78549722,-73.113894440,0,8,0,0,3,4,1,0,3,1,0,1,0,0000000,18,7,18,12,88,88,0,0,0,1,0
36,361113,2,2,0,2,103,705,17,12,2010,6,22,20,0,13,4,MONTAUK HWY,OLD S COUNTRY RD,0,40.79905833,-72.895977780,0,12,2,0,2,3,1,0,3,1,0,1,0,0000000,99,99,99,99,99,99,0,0,0,1,1
36,361114,2,2,0,4,103,360,4,12,2010,7,11,40,0,16,5,STRAIGHT PATH,SOUTHERN STATE PKWY,0,40.72573056,-73.375538890,0,12,6,1,2,3,1,0,1,1,0,1,0,0000000,11,46,11,47,12,53,0,0,0,1,0
36,361115,2,1,0,2,103,360,4,12,2010,7,8,28,0,16,6,STRAIGHT PATH,,0,40.72037500,-73.378411110,0,33,0,0,1,1,4,0,1,1,0,1,0,0000000,8,29,8,29,99,99,0,0,0,2,0
36,361116,2,1,0,1,113,5068,24,12,2010,6,3,13,0,2,3,SR-9L,,0,43.37128611,-73.628075000,0,30,0,0,1,1,4,0,2,1,0,1,0,0000000,3,15,3,18,88,88,0,0,0,1,1
36,361117,2,2,0,5,71,6410,29,12,2010,4,21,5,0,3,3,SR-17A,,0,41.24625556,-74.280950000,0,12,6,0,1,1,1,0,2,1,0,1,0,0000000,21,5,21,9,21,41,0,0,0,1,0
36,361118,1,1,0,1,59,4600,21,12,2010,3,11,25,1,2,3,SR-908M,,0,40.70593611,-73.451005560,0,52,0,0,1,1,4,0,1,1,0,1,0,0000000,11,25,11,36,11,57,0,0,0,1,0
36,361119,1,1,0,1,39,281,31,12,2010,6,16,56,0,6,4,CR-32C,,0,42.33745278,-74.296786110,0,5,0,0,1,1,1,0,2,1,0,1,0,0000000,99,99,99,99,99,99,0,0,0,1,0
36,361120,1,1,1,1,61,4170,7,12,2010,3,6,5,0,16,6,MADISON AVE,E 81ST ST,0,40.77764722,-73.961161110,0,8,0,0,3,2,1,0,3,10,0,10,0,0000000,99,99,99,99,88,88,0,0,0,1,0
36,361121,1,1,0,2,47,4170,24,12,2010,6,11,57,1,13,6,FLATBUSH AVE,,0,40.59098056,-73.901811110,0,30,0,0,1,1,4,0,1,1,0,1,0,0000000,99,99,99,99,99,99,0,0,0,1,0
36,361122,1,1,1,1,81,4170,7,12,2010,3,18,44,1,1,1,I-678 (SERVICE RD),,0,40.69466389,-73.812547220,0,8,0,0,1,1,1,0,3,1,0,1,0,0000000,99,99,99,99,99,99,0,0,0,1,0
36,361123,1,1,1,1,59,3360,26,12,2010,1,10,50,0,13,5,W BEECH ST,NEVADA AVE,0,40.58601667,-73.701105560,0,8,0,0,3,2,1,0,1,4,0,4,0,0000000,10,53,10,57,11,20,0,0,0,1,0
36,361124,1,1,1,1,81,4170,12,12,2010,1,16,58,0,16,6,ROCKAWAY POINT BLVD,BEACH 204 ST,0,40.56083056,-73.913238890,0,8,0,0,3,3,1,0,3,2,0,2,0,0000000,99,99,99,99,99,99,0,0,0,1,0
36,361125,3,3,0,3,59,2600,23,11,2010,3,10,3,0,16,6,LAWSON BLVD,WEIDNER AVE,0,40.63361944,-73.653641670,0,12,6,0,2,2,1,0,1,1,0,1,0,0000000,10,8,99,99,99,99,0,0,0,1,0
36,361126,1,1,1,1,59,2600,28,11,2010,1,8,22,1,2,3,SR-24,NEWBRIDGE RD,0,40.72465000,-73.544163890,0,8,0,0,3,2,1,0,3,1,0,1,0,0000000,99,99,99,99,99,99,0,0,0,1,0
36,361127,1,1,1,2,61,4170,5,12,2010,1,19,14,0,16,6,3RD AVE,E 44TH ST,0,40.75206667,-73.973505560,0,9,0,0,2,2,1,0,3,1,0,1,0,0000000,99,99,99,99,99,99,0,0,0,1,0
36,361128,1,1,0,1,47,4170,27,8,2010,6,2,25,0,16,6,EASTERN PKWY,PITKIN AVE,0,40.66854722,-73.921972220,0,38,0,0,2,4,4,0,3,1,0,1,0,0000000,99,99,99,99,99,99,0,0,0,1,1
36,361129,1,1,1,2,47,4170,14,9,2010,3,16,35,0,13,6,OCEAN PKWY,AVE X,0,40.59110556,-73.965094440,0,8,0,0,3,2,1,0,1,1,0,1,0,0000000,99,99,99,99,99,99,0,0,0,1,0
36,361130,1,1,1,1,81,4170,20,11,2010,7,8,55,0,16,6,37TH AVE,77TH ST,0,40.77007778,-73.951430560,0,8,0,0,3,2,1,0,4,1,0,1,0,0000000,99,99,99,99,99,99,0,0,0,1,0
36,361131,1,1,1,1,61,4170,14,1,2010,5,18,0,0,16,6,FT WASHINGTON AVE,W 169TH ST,0,40.84282500,-73.941997220,0,8,0,0,3,2,1,0,3,1,0,1,0,0000000,99,99,99,99,99,99,0,0,0,1,0
36,361132,1,1,1,1,47,4170,21,6,2010,2,14,25,0,14,6,BRIGHTON BEACH RD,BRIGHTIN 5 ST,99999,40.57739167,-73.962397220,0,8,0,0,3,2,1,0,1,1,0,1,0,0000000,99,99,99,99,99,99,0,0,0,1,0
36,361133,1,1,0,3,59,3380,7,12,2010,3,13,28,0,16,6,OCEAN AVE,RUTH PL,0,40.66506667,-73.660088890,0,42,0,0,3,3,4,0,1,1,0,1,0,0000000,99,99,99,99,99,99,0,0,0,1,0
36,361134,1,1,1,1,81,4170,8,11,2010,2,21,17,0,16,6,UNION ST,NORTHERN BLVD,99999,40.76429167,-73.828211110,0,8,0,0,3,2,1,0,3,1,0,1,0,0000000,99,99,99,99,99,99,0,0,0,1,0
36,361135,1,1,1,1,33,2725,15,1,2010,6,5,17,0,5,6,ST REGIS RD,,99999,44.98701944,-74.659566670,3,8,0,0,1,1,1,0,2,1,0,1,0,0000000,99,99,99,99,99,99,0,0,0,1,1
36,361136,1,1,1,1,81,4170,19,7,2010,2,6,45,1,2,3,SR-27,FRANCIS LEWIS BLVD,0,40.66530278,-73.735416670,0,8,0,0,3,2,1,0,1,1,0,1,0,0000000,99,99,99,99,99,99,0,0,0,1,0
36,361137,1,1,1,2,5,4170,4,11,2010,5,21,49,0,16,6,TIFFANY ST,E 163RD ST,0,40.82100278,-73.894900000,0,8,0,0,3,2,1,0,2,2,0,2,0,0000000,99,99,99,99,99,99,0,0,0,1,0
36,361138,2,2,0,3,59,4090,27,11,2010,7,9,15,0,16,6,LAKEVILLE RD,80TH AVE,0,40.74771111,-73.697813890,0,12,2,0,2,3,1,0,1,1,0,1,0,0000000,99,99,99,99,99,99,0,0,0,1,0
36,361139,2,2,0,5,47,4170,30,9,2010,5,8,20,1,13,6,86TH ST,14TH AVE,0,40.61285278,-74.011619440,0,12,6,0,3,1,1,0,1,10,0,10,0,0000000,99,99,99,99,99,99,0,0,0,1,0
36,361140,1,1,2,1,81,4170,21,9,2010,3,15,0,0,16,6,SANFORD AVE,KISSENA BLVD,0,40.75713333,-73.827075000,0,8,0,0,3,2,1,0,1,1,0,1,0,0000000,99,99,99,99,99,99,0,0,0,1,0
36,361141,2,2,0,2,17,4350,21,11,2010,1,12,0,0,3,3,SR-23,CR-32,0,42.53975833,-75.508927780,0,12,6,0,2,2,1,0,1,10,0,10,0,0000000,99,99,99,99,99,99,0,0,0,1,0
36,361142,1,1,1,1,47,4170,7,12,2010,3,13,30,0,16,6,2ND AVE,12TH ST,0,40.67079722,-73.994900000,0,8,0,0,2,2,1,0,1,10,0,10,0,0000000,99,99,99,99,99,99,0,0,0,1,0
36,361143,4,2,0,4,47,4170,29,11,2010,2,23,39,0,16,6,OCEAN AVE,AVE N,0,40.61616667,-73.954575000,0,12,6,0,2,2,1,0,3,1,0,1,0,0000000,99,99,99,99,99,99,0,0,0,1,1
36,361144,1,1,1,1,83,6110,1,9,2010,4,9,11,0,6,5,RIVER ST,GLEN AVE,0,42.75213889,-73.682497220,0,8,0,0,3,1,1,0,1,1,0,1,0,0000000,99,99,99,99,99,99,0,0,0,1,0
36,361145,1,1,2,1,103,2920,12,4,2010,2,14,48,0,15,5,LOWELL AVE,,0,40.79216389,-73.192475000,0,8,0,0,1,1,1,0,1,1,0,1,0,0000000,99,99,99,99,99,99,0,0,0,1,0
36,361146,2,2,0,4,81,4170,18,12,2010,7,17,20,1,13,6,WOODHAVEN BLVD,67TH RD,0,40.71661944,-73.861744440,0,12,6,0,2,3,1,0,3,1,0,1,0,0000000,99,99,99,99,99,99,0,0,0,1,0
37,370001,2,2,0,2,19,0,12,1,2010,3,16,52,0,3,3,SR-211,,99999,33.98404444,-78.180491670,0,12,2,0,1,1,1,0,1,1,0,1,0,0000000,16,48,16,56,99,99,0,0,0,1,0
37,370002,1,1,0,2,25,1040,8,1,2010,6,23,19,0,14,4,RP-1394,,0,35.41179722,-80.633866670,0,34,0,0,1,1,4,0,2,1,0,1,0,0000000,23,18,23,25,23,55,20,0,0,1,0
37,370003,1,1,0,1,47,0,8,1,2010,6,21,21,0,5,4,RP-1005,,99999,34.20348056,-78.796391670,0,34,0,0,1,1,4,0,2,1,0,1,0,0000000,99,99,99,99,88,88,0,0,0,1,1
37,370004,2,2,0,2,51,1670,6,1,2010,4,5,44,0,16,6,PAMALEE DRIVE,HELEN STREET,99999,35.08828333,-78.926688890,0,12,6,0,2,2,1,0,3,1,0,1,0,0000000,5,39,5,46,6,4,20,0,0,1,0
37,370005,1,1,0,1,69,0,1,1,2010,6,2,32,1,2,2,US-401,,99999,36.21761667,-78.272266670,0,34,0,0,1,1,4,0,2,5,0,5,0,0000000,1,48,2,0,88,88,0,0,0,1,1
37,370006,3,3,0,3,77,0,14,1,2010,5,6,31,0,4,3,SR-56,,99999,36.14213889,-78.578425000,0,12,2,0,1,1,1,0,2,1,0,1,0,0000000,6,24,6,37,99,99,0,0,0,1,0
37,370007,2,2,0,3,85,0,12,1,2010,3,3,30,1,1,1,I-95,,99999,35.27097222,-78.616555560,0,12,1,0,1,1,1,0,2,1,0,1,0,0000000,99,99,99,99,88,88,19,0,0,2,0
37,370008,2,2,0,5,89,0,2,1,2010,7,13,57,0,5,4,RP-1503,RP-1508,99999,35.34963333,-82.457269440,0,12,6,0,2,3,1,0,1,1,0,1,0,0000000,13,59,14,8,14,54,0,0,0,1,1
37,370009,2,2,0,2,103,0,10,1,2010,1,20,56,0,5,4,RP-1116,,99999,99.99990000,999.999900000,0,12,6,0,1,1,1,0,2,1,0,1,0,0000000,20,47,21,0,22,31,0,0,0,1,1
37,370010,1,1,1,1,129,0,12,1,2010,3,9,50,1,2,2,US-421,,99999,34.25090278,-77.957247220,0,8,0,0,1,1,2,0,1,1,0,1,0,0000000,9,51,9,56,10,8,0,0,0,1,0
37,370011,1,1,0,3,133,0,13,1,2010,4,16,17,0,4,3,SR-53,,99999,34.71544167,-77.624888890,0,34,0,0,1,1,4,0,1,1,0,1,0,0000000,16,13,16,29,17,55,0,0,0,1,0
37,370012,2,2,0,6,135,0,5,1,2010,3,16,16,0,3,3,SR-54,RP-1961,99999,35.95357778,-79.257136110,0,12,6,0,2,2,1,0,1,1,0,1,0,0000000,99,99,99,99,99,99,0,0,0,1,1
37,370013,2,2,0,4,147,0,9,1,2010,7,18,5,1,2,2,US-264,RP-1534,99999,35.62503611,-77.265022220,0,12,6,0,2,2,1,0,2,1,0,1,0,0000000,18,6,18,18,18,33,0,0,0,1,0
37,370014,1,1,0,3,151,0,4,1,2010,2,2,10,1,2,2,US-421,,99999,35.88148889,-79.636888890,0,42,0,0,1,1,3,0,2,1,0,1,0,0000000,2,10,2,15,88,88,0,0,0,3,1
37,370015,2,2,0,2,151,0,12,1,2010,3,20,15,0,6,4,RP-2866,,99999,35.51965833,-79.681744440,0,12,2,0,1,1,1,0,2,1,0,1,0,0000000,20,16,20,38,99,99,0,0,0,1,1
37,370016,1,1,0,1,157,0,8,1,2010,6,4,7,0,6,4,RP-2023,,99999,36.48260556,-79.569638890,0,35,0,0,1,1,4,0,2,10,0,10,0,0000000,4,5,4,25,88,88,0,0,0,1,1
37,370017,2,2,0,6,159,0,7,1,2010,5,15,36,0,3,3,SR-152,RP-1006,99999,35.54773889,-80.452472220,0,12,1,0,2,2,1,0,1,10,0,10,0,0000000,14,35,14,48,15,30,0,0,0,1,0
37,370018,2,2,0,3,183,110,17,1,2010,1,19,10,0,14,3,SR-55,,99999,35.68520556,-78.834061110,0,12,6,0,1,1,1,0,2,10,0,10,0,0000000,7,22,7,28,7,55,0,0,0,2,1
37,370019,2,2,0,3,191,0,7,1,2010,5,16,44,1,2,2,US-13,RP-1009,99999,35.28395278,-78.257761110,0,12,6,0,2,2,1,0,5,10,0,10,0,0000000,16,43,16,50,17,34,0,0,0,1,0
37,370020,2,2,0,3,197,0,16,1,2010,7,4,45,1,1,1,I-77,,99999,36.21047778,-80.810847220,0,12,6,0,1,1,1,0,2,10,0,10,0,0000000,4,53,5,0,99,99,19,0,0,2,0
37,370021,2,2,0,2,199,0,6,1,2010,4,18,12,1,2,2,US-19,,99999,35.91510556,-82.240561110,0,12,2,0,1,1,1,0,2,1,0,1,0,0000000,99,99,99,99,99,99,0,0,0,1,1
37,370022,2,2,0,2,17,0,22,1,2010,6,17,10,0,3,3,SR-87,,99999,34.41305278,-78.333655560,0,12,2,0,1,1,1,0,1,10,0,10,0,0000000,17,10,17,23,18,50,0,0,0,1,0
37,370023,1,1,0,1,19,0,23,1,2010,7,2,19,0,4,3,SR-133,,99999,34.15999722,-77.982491670,0,1,0,0,1,1,1,0,2,1,0,1,0,0000000,2,20,99,99,99,99,0,0,0,1,1
37,370024,1,1,0,2,21,0,17,1,2010,1,20,13,1,1,1,I-26,,99999,35.73055833,-82.552944440,0,42,0,0,1,1,4,0,2,10,0,10,0,0000000,21,21,21,40,22,51,0,0,0,1,0
37,370025,1,1,0,2,35,0,18,1,2010,2,14,49,0,6,4,RP-2021,,99999,35.58400278,-81.281169440,0,42,0,0,1,1,4,0,1,1,0,1,0,0000000,14,47,14,58,15,41,0,0,0,1,1
37,370026,2,2,0,2,51,0,13,1,2010,4,14,16,1,2,2,US-401,,99999,35.24019444,-78.825530560,0,12,6,0,8,1,1,0,1,1,0,1,0,0000000,14,14,14,26,14,37,0,0,0,1,0
37,370027,1,1,1,1,51,0,19,1,2010,3,3,13,1,1,1,I-95,,99999,35.17419444,-78.700088890,0,8,0,0,1,1,1,0,2,1,0,1,0,0000000,99,99,99,99,88,88,0,0,0,1,0
37,370028,2,2,0,2,59,0,13,1,2010,4,16,21,1,2,2,US-64,RP-1601,99999,35.88847778,-80.539822220,0,12,6,0,2,3,1,0,1,1,0,1,0,0000000,16,20,16,32,17,2,0,0,0,1,0
37,370029,1,1,0,1,65,0,7,1,2010,5,13,24,1,2,2,US-64,,99999,35.88760833,-77.538391670,0,24,0,0,1,1,3,0,1,1,0,1,0,0000000,13,13,13,18,88,88,0,0,0,1,0
37,370030,1,1,0,1,71,0,25,1,2010,2,14,15,0,4,3,SR-279,,99999,35.31533611,-81.160791670,0,16,0,0,1,1,1,0,1,6,0,6,0,0000000,13,51,13,56,15,10,0,0,0,1,0
37,370031,1,1,0,1,71,0,27,1,2010,4,13,40,0,6,4,RP-1827,,99999,35.36953056,-81.122327780,0,42,0,0,1,1,5,0,1,1,0,1,0,0000000,13,42,13,51,88,88,0,0,0,1,1
37,370032,1,1,0,3,73,0,17,1,2010,1,23,20,0,6,4,RP-1113,,99999,36.43209167,-76.833227780,0,34,0,0,1,1,4,0,2,10,0,10,0,0000000,23,26,23,32,1,5,0,0,0,2,1
37,370033,2,2,0,2,77,0,18,1,2010,2,5,19,0,4,3,SR-56,,99999,36.13250278,-78.545380560,0,12,2,0,1,1,1,0,2,5,0,5,0,0000000,5,20,5,32,6,15,0,0,0,1,0
37,370034,2,2,0,2,81,4504,6,1,2010,4,17,42,0,16,5,RP-2321,RP-2391,99999,36.18380556,-79.869616670,0,12,6,0,2,3,1,0,2,1,0,1,0,0000000,17,39,17,51,18,21,0,0,0,1,0
37,370035,1,1,0,5,103,0,2,1,2010,7,16,13,0,6,4,RP-1124,,99999,99.99990000,999.999900000,0,53,0,0,1,1,4,0,1,1,0,1,0,0000000,99,99,99,99,99,99,0,0,0,1,0
37,370036,1,1,0,1,105,0,12,1,2010,3,23,56,0,6,4,RP-1301,,99999,35.43520000,-79.266680560,0,53,0,0,1,1,4,0,2,1,0,1,0,0000000,99,99,99,99,99,99,0,0,0,1,1
37,370037,1,1,0,1,105,0,17,1,2010,1,1,0,0,6,4,RP-1162,,99999,35.38018889,-79.161063890,0,34,0,0,1,1,4,0,2,2,0,2,0,0000000,99,99,99,99,99,99,0,0,0,1,1
37,370038,3,3,0,6,107,0,19,1,2010,3,16,35,1,2,2,US-258,RP-1910,99999,35.18228889,-77.624394440,0,12,6,0,2,3,1,0,1,1,0,1,0,0000000,16,35,16,41,17,0,0,0,0,1,0
37,370039,2,2,0,3,125,0,20,1,2010,4,11,38,0,4,5,HOFFMAN ROAD,FOXFIRE ROAD,99999,35.18128889,-79.571647220,0,12,6,0,2,2,1,0,1,1,0,1,0,0000000,11,38,11,51,12,16,0,0,0,1,0
37,370040,1,1,0,1,135,0,23,1,2010,7,22,0,1,1,1,I-40,,99999,36.07577222,-79.194783330,0,59,0,0,1,1,4,0,2,1,0,1,0,0000000,99,99,99,99,88,88,0,0,0,1,0
37,370041,1,1,0,1,155,0,15,1,2010,6,22,24,0,6,4,RP-2481,,99999,34.46311667,-79.227133330,0,34,0,0,1,1,4,0,2,1,0,1,0,0000000,22,21,22,36,88,88,0,0,0,1,1
37,370042,1,1,0,1,155,0,20,1,2010,4,20,44,0,5,4,RP-1752,,99999,34.70815833,-79.022383330,0,34,0,0,1,1,4,0,2,1,0,1,0,0000000,20,21,20,37,21,18,0,0,0,1,1
37,370043,2,2,0,2,179,0,5,1,2010,3,14,53,0,4,3,SR-84,RP-1008,99999,35.00120278,-80.698186110,0,12,6,0,2,2,1,0,1,1,0,1,0,0000000,14,50,14,58,15,29,0,0,0,1,0
37,370044,2,2,0,3,179,0,8,1,2010,6,10,43,0,4,4,RP-1751,,99999,34.99746667,-80.393861110,0,12,2,0,1,1,1,0,1,1,0,1,0,0000000,10,44,10,54,11,51,0,0,0,1,0
37,370045,2,2,0,3,179,0,21,1,2010,5,19,1,0,6,4,RP-1657,RP-1658,99999,35.11961111,-80.424363890,0,12,6,0,2,3,1,0,2,2,0,2,0,0000000,18,59,19,10,20,32,0,0,0,1,0
37,370046,1,1,0,1,183,1770,12,1,2010,3,16,21,0,16,6,TIMBER DRIVE,,99999,35.68625833,-78.611566670,0,42,0,0,1,1,4,0,1,1,0,1,0,0000000,99,99,99,99,99,99,0,0,0,1,0
37,370047,2,2,0,3,7,3680,13,1,2010,4,13,30,1,2,2,US-74,SR-218,99999,35.00239722,-80.202838890,0,12,6,0,2,2,1,0,1,1,0,1,0,0000000,13,29,13,37,14,58,0,0,0,1,0
37,370048,1,1,0,1,15,0,22,1,2010,6,12,14,0,4,3,SR-42,,99999,36.19651111,-76.810741670,0,34,0,0,1,1,4,0,1,2,0,2,0,0000000,99,99,99,99,99,99,0,0,0,1,0
37,370049,2,2,0,2,19,0,29,1,2010,6,14,16,1,2,2,US-17,RP-1701,99999,34.17518611,-78.086988890,0,12,6,0,2,3,1,0,1,1,0,1,0,0000000,14,12,14,22,14,48,0,0,0,1,1
37,370050,2,2,0,2,37,0,28,1,2010,5,17,0,0,5,4,RP-1726,RP-1727,99999,35.85222778,-79.018797220,0,12,6,0,2,2,1,0,1,10,0,10,0,0000000,14,41,14,57,99,99,0,0,0,1,0
37,370051,1,1,0,1,51,0,29,1,2010,6,16,0,0,5,4,RP-1714,,99999,35.08530833,-78.847933330,0,10,0,0,6,1,1,0,1,10,0,10,0,629875C,99,99,99,99,88,88,0,0,0,1,0
37,370052,1,1,0,1,57,4590,16,1,2010,7,3,4,0,16,6,NATIONAL HIGHWAY,,99999,35.90619722,-80.062683330,0,33,0,0,1,1,5,0,3,1,0,1,0,0000000,3,10,3,14,88,88,0,0,0,1,1
37,370053,2,2,0,7,81,2170,18,1,2010,2,18,9,0,14,6,E. GREEN DRIVE,CARTER STREET,99999,35.95319722,-79.982969440,0,12,6,0,3,1,1,0,3,1,0,1,0,0000000,18,10,18,26,19,0,0,0,0,1,1
37,370054,2,2,0,2,119,2280,21,1,2010,5,7,5,0,13,3,SR-73,,99999,35.42711389,-80.921655560,0,12,2,0,1,1,1,0,4,2,0,2,0,0000000,7,5,7,18,8,17,0,0,0,1,0
37,370055,2,2,1,6,183,3750,15,1,2010,6,7,36,1,11,1,I-40,,99999,35.75437500,-78.637305560,0,8,0,0,1,1,1,0,1,1,0,1,0,0000000,7,30,7,36,7,50,0,0,0,1,0
37,370056,2,2,0,4,185,0,28,1,2010,5,23,56,1,2,2,US-401,,99999,36.34532500,-78.215125000,0,12,1,0,1,1,1,0,2,1,0,1,0,0000000,22,57,23,6,99,99,0,0,0,1,1
37,370057,1,1,1,1,191,0,30,1,2010,7,18,43,1,2,2,US-70,,99999,35.39958056,-77.991813890,0,8,0,0,1,1,1,0,2,4,0,4,0,0000000,18,35,18,45,88,88,0,0,0,1,0
37,370058,1,1,1,1,51,4374,1,1,2010,6,21,11,0,13,3,SR-87,MARANATHA CIRCLE,99999,35.20137500,-78.990219440,0,8,0,0,2,3,1,0,2,1,0,1,0,0000000,21,11,21,11,21,57,0,0,0,1,0
37,370059,2,2,0,2,67,0,29,1,2010,6,16,45,1,1,1,I-40,,99999,36.07529167,-80.110994440,0,12,7,0,1,1,1,0,1,10,0,10,0,0000000,16,43,16,51,88,88,0,0,0,1,0
37,370060,1,1,0,1,81,1940,1,1,2010,6,0,17,1,11,1,I-85,,99999,36.00240833,-79.819819440,0,24,0,1,5,1,4,0,2,10,0,10,0,0000000,99,99,99,99,88,88,0,0,0,1,1
37,370061,2,2,1,1,81,1940,18,1,2010,2,2,40,1,11,1,I-40,,99999,36.00324444,-79.847463890,0,12,1,0,1,1,4,0,3,1,0,1,0,0000000,2,43,2,52,3,14,0,0,0,1,0
37,370062,1,1,0,1,67,5120,23,1,2010,7,21,19,0,15,6,KERNERSVILLE ROAD,,99999,36.08220278,-80.166572220,0,1,0,0,1,1,2,0,3,1,0,1,0,0000000,21,17,21,26,88,88,0,0,0,1,1
37,370063,7,2,0,2,129,5060,5,1,2010,3,1,28,0,16,6,CAROLINA BEACH ROAD,,99999,34.18366389,-77.929866670,0,12,1,0,1,1,1,0,3,1,0,1,0,0000000,1,29,1,34,1,48,0,0,0,1,1
37,370064,2,2,0,2,171,0,18,1,2010,2,17,45,0,4,3,SR-268,,99999,36.30174167,-80.746058330,0,12,2,0,1,1,1,0,5,1,0,1,0,0000000,17,46,17,55,18,42,0,0,0,1,1
37,370065,2,2,0,3,13,0,5,2,2010,6,19,9,0,4,3,SR-33,,99999,35.46537778,-77.064538890,0,12,2,0,1,1,1,0,2,2,10,2,0,0000000,19,3,19,12,19,41,0,0,0,1,0
37,370066,1,1,0,4,15,0,8,2,2010,2,16,55,0,5,4,RP-1200,,99999,36.17138333,-77.123636110,0,34,0,0,1,1,4,0,1,1,0,1,0,0000000,99,99,99,99,99,99,0,0,0,1,0
37,370067,1,1,0,1,53,0,11,2,2010,5,0,11,1,2,2,US-158,,99999,36.18745556,-75.863877780,0,32,0,0,1,1,5,0,2,1,0,1,0,0000000,0,12,0,31,88,88,0,0,0,1,1
37,370068,1,1,0,1,63,0,15,2,2010,2,22,8,0,4,4,RP-1632,,99999,36.06270000,-78.816605560,0,42,0,0,1,1,5,0,2,10,0,10,0,0000000,99,99,99,99,88,88,0,0,0,1,1
37,370069,1,1,1,1,71,0,1,2,2010,2,20,33,0,5,4,RP-1128,,99999,35.22020000,-81.243858330,0,8,0,0,1,1,1,0,2,1,0,1,0,0000000,20,28,20,39,88,88,0,0,0,1,0
37,370070,1,1,0,4,81,0,13,2,2010,7,22,52,0,6,4,RP-2504,,99999,36.23542500,-79.740241670,0,59,0,0,1,1,2,0,2,1,0,1,0,0000000,22,50,22,59,99,99,0,0,0,3,1