STATE,ST_CASE,VE_TOTAL,VE_FORMS,PEDS,PERSONS,COUNTY,CITY,DAY,MONTH,YEAR,DAY_WEEK,HOUR,MINUTE,NHS,ROAD_FNC,ROUTE,TWAY_ID,TWAY_ID2,MILEPT,LATITUDE,LONGITUD,SP_JUR,HARM_EV,MAN_COLL,RELJCT1,RELJCT2,TYP_INT,REL_ROAD,WRK_ZONE,LGT_COND,WEATHER1,WEATHER2,WEATHER,SCH_BUS,RAIL,NOT_HOUR,NOT_MIN,ARR_HOUR,ARR_MIN,HOSP_HR,HOSP_MN,CF1,CF2,CF3,FATALS,DRUNK_DR
37,370071,1,1,0,1,81,0,14,2,2010,1,3,29,0,3,4,RP-2832,,99999,36.11972778,-79.708708330,0,23,0,0,1,1,4,0,2,1,0,1,0,0000000,3,27,3,35,88,88,0,0,0,1,1
37,370072,1,1,0,2,85,0,3,2,2010,4,18,15,0,6,4,RP-1415,,99999,35.53395556,-78.794375000,0,23,0,0,1,1,4,0,5,1,0,1,0,0000000,99,99,99,99,99,99,0,0,0,1,1
37,370073,2,2,0,2,97,0,2,2,2010,3,7,0,0,5,4,RP-1551,,99999,35.82954722,-80.925152780,0,12,2,0,1,1,1,0,4,2,0,2,0,0000000,6,53,7,7,7,37,0,0,0,1,0
37,370074,1,1,0,1,119,870,3,2,2010,4,18,35,1,11,1,I-77,,99999,35.25199722,-80.843969440,0,34,0,0,1,1,4,0,5,1,0,1,0,0000000,18,35,18,39,88,88,0,0,0,1,0
37,370075,2,2,0,2,119,870,3,2,2010,4,20,59,1,11,1,I-85,,99999,35.27694722,-80.815000000,0,12,7,0,1,1,1,0,2,1,0,1,0,0000000,20,35,20,44,88,88,0,0,0,1,0
37,370076,1,1,0,2,125,0,13,2,2010,7,17,42,0,6,4,RP-1217,,99999,35.23714444,-79.498625000,0,42,0,0,1,1,4,0,1,1,0,1,0,0000000,17,41,17,52,99,99,0,0,0,1,0
37,370077,3,2,0,5,147,0,4,2,2010,5,10,0,0,4,3,SR-102,RP-1725,99999,35.46951944,-77.347908330,0,12,6,0,2,2,1,0,1,10,0,10,0,0000000,9,59,10,12,11,6,0,0,0,1,0
37,370078,1,1,0,2,1,700,13,2,2010,7,1,54,0,4,3,SR-54,,99999,36.06824167,-79.431516670,0,42,0,0,1,1,4,0,3,4,10,4,0,0000000,1,55,2,3,2,15,0,0,0,2,1
37,370079,1,1,0,1,1,1900,27,1,2010,4,8,10,1,11,1,I-40,,99999,36.06755556,-79.329186110,0,59,0,0,1,1,2,0,1,1,0,1,0,0000000,8,16,8,22,13,12,0,0,0,1,0
37,370080,1,1,1,2,61,450,22,1,2010,6,19,0,0,16,5,JACKSON STREET,PARKER STREET,99999,34.91685556,-77.775480560,0,8,0,0,3,2,1,0,3,10,0,10,0,0000000,19,3,19,12,20,15,0,0,0,1,0
37,370081,1,1,1,1,101,0,9,1,2010,7,19,35,1,2,2,US-70,,99999,35.57290278,-78.355436110,0,8,0,0,1,1,1,0,2,1,0,1,0,0000000,99,99,99,99,88,88,0,0,0,1,0
37,370082,1,1,0,9,101,0,31,1,2010,1,12,50,0,5,4,RP-2342,,99999,35.56340833,-78.145022220,0,5,0,0,1,1,1,0,1,1,0,1,0,0000000,12,53,13,7,13,38,0,0,0,1,0
37,370083,3,3,0,5,105,4090,1,1,2010,6,16,26,0,16,6,HORNER BLVD,,99999,35.47840000,-79.179205560,0,12,7,0,1,1,1,0,1,1,0,1,0,0000000,99,99,99,99,99,99,0,0,0,1,1
37,370084,2,1,0,2,119,870,4,1,2010,2,1,34,1,11,1,I-77,,99999,35.23685556,-80.855083330,0,14,0,0,1,1,2,0,3,1,0,1,0,0000000,1,32,1,37,88,88,0,0,0,1,1
37,370085,1,1,0,2,129,0,23,1,2010,7,1,20,0,6,4,RP-1322,,99999,34.29538611,-77.857700000,0,59,0,0,1,1,2,0,2,10,0,10,0,0000000,1,29,1,36,99,99,0,0,0,1,1
37,370086,1,1,1,1,187,3670,27,1,2010,4,18,9,1,2,2,US-64,,99999,35.85420556,-76.751366670,0,9,0,0,1,1,1,0,3,1,0,1,0,0000000,18,10,18,12,18,37,0,0,0,1,0
37,370087,2,2,0,5,1,2990,9,2,2010,3,7,49,1,11,1,I-40,,99999,36.06856111,-79.294125000,0,12,1,0,1,1,1,0,1,10,0,10,0,0000000,7,50,8,1,8,53,0,0,0,2,0
37,370088,1,1,0,1,27,0,23,2,2010,3,15,6,0,6,4,RP-1310,,99999,35.92233333,-81.642558330,0,35,0,0,1,1,4,0,1,1,0,1,0,0000000,15,3,15,12,15,50,0,0,0,1,0
37,370089,1,1,1,1,35,0,6,2,2010,7,19,58,0,6,4,RP-2087,,99999,99.99990000,999.999900000,0,8,0,0,1,1,1,0,2,1,0,1,0,0000000,19,56,20,9,88,88,0,0,0,1,1
37,370090,1,1,1,1,67,5120,9,2,2010,3,19,35,1,11,1,I-40,,99999,36.06774722,-80.180283330,0,8,0,0,1,1,1,0,2,10,0,10,0,0000000,99,99,99,99,99,99,0,0,0,1,0
37,370091,1,1,0,1,107,0,17,2,2010,4,10,14,0,4,3,SR-11,,99999,35.20181389,-77.661994440,0,34,0,0,1,1,4,0,1,1,0,1,0,0000000,10,13,10,21,10,52,0,0,0,1,0
37,370092,2,2,0,2,117,0,18,2,2010,5,18,10,1,2,2,US-64,,99999,35.83228889,-76.806536110,0,12,2,0,1,1,1,0,5,1,0,1,0,0000000,18,19,18,26,18,40,0,0,0,1,0
37,370093,2,2,0,3,123,0,16,2,2010,3,6,15,0,4,3,SR-109,,99999,35.45266389,-80.021430560,0,12,2,0,1,1,1,0,2,1,0,1,0,0000000,6,17,6,32,7,17,0,0,0,1,0
37,370094,2,2,0,4,133,0,18,2,2010,5,10,29,0,6,4,RP-1311,,99999,34.88244444,-77.507000000,0,12,2,0,1,1,1,0,1,1,0,1,0,0000000,10,31,10,44,99,99,0,0,0,1,1
37,370095,1,1,0,1,155,0,18,2,2010,5,10,56,1,1,1,I-95,,99999,34.81725556,-78.984575000,0,35,0,0,1,1,5,0,1,1,0,1,0,0000000,11,2,11,7,12,2,0,0,0,1,0
37,370096,1,1,0,1,155,0,17,2,2010,4,1,5,0,5,4,RP-1153,,99999,34.68651111,-79.302750000,0,30,0,0,1,1,4,0,2,1,0,1,0,0000000,0,24,0,29,0,48,0,0,0,1,1
37,370097,1,1,1,1,171,0,13,2,2010,7,3,53,1,2,2,US-21,,99999,36.32149722,-80.863366670,0,8,0,0,1,1,1,0,2,4,0,4,0,0000000,3,45,3,59,88,88,0,0,0,1,1
37,370098,1,1,0,2,33,0,8,1,2010,6,8,55,0,6,4,RP-1300,,99999,36.46485000,-79.414952780,0,43,0,0,1,1,4,0,1,10,0,10,0,0000000,99,99,99,99,99,99,0,0,0,1,0
37,370099,1,1,1,5,119,870,1,1,2010,6,18,22,0,16,6,TRYON STREET,,99999,35.27121667,-80.767483330,0,8,0,0,1,1,1,0,3,1,0,1,0,0000000,18,19,18,25,88,88,0,0,0,1,0
37,370100,1,1,1,1,119,870,15,1,2010,6,23,57,1,12,2,US-29,,99999,35.29411111,-80.755519440,0,8,0,0,1,1,1,0,2,1,0,1,0,0000000,23,57,0,4,0,32,0,0,0,1,1
37,370101,2,2,0,2,119,0,27,1,2010,4,20,16,0,6,4,WILKINSON BLVD,,99999,35.24523056,-81.006222220,0,12,2,0,1,1,1,0,2,1,0,1,0,0000000,99,99,99,99,99,99,0,0,0,1,1
37,370102,1,1,0,3,119,870,30,1,2010,7,2,41,0,16,6,NATIONS FORD ROAD,,99999,35.17079167,-80.890833330,0,42,0,0,1,1,4,0,2,3,0,3,0,0000000,2,40,2,48,99,99,0,0,0,1,1
37,370103,1,1,0,1,129,0,21,1,2010,5,6,45,0,6,4,RP-1276,,99999,34.10981944,-77.912486110,0,1,0,0,1,1,1,0,4,10,0,10,0,0000000,7,9,7,18,7,39,0,0,0,1,0
37,370104,1,1,0,3,183,3750,23,1,2010,7,2,17,0,16,6,MOUNT HERMAN ROAD,,99999,35.89875833,-78.772080560,0,30,0,0,1,1,4,0,2,1,0,1,0,0000000,99,99,99,99,99,99,0,0,0,1,1
37,370105,2,2,0,3,3,0,27,2,2010,7,18,45,0,3,3,SR-16,,99999,35.83928889,-81.186041670,0,12,6,0,8,1,1,0,2,1,0,1,0,0000000,18,43,18,52,99,99,0,0,0,1,0
37,370106,1,1,1,1,17,0,8,2,2010,2,1,30,0,3,3,SR-87,,99999,34.44280556,-78.380380560,0,8,0,0,1,1,1,0,2,1,0,1,0,0000000,1,51,2,16,6,11,0,0,0,1,0
37,370107,2,2,0,4,19,0,20,2,2010,7,18,18,0,6,4,RP-1152,,99999,33.92450278,-78.384977780,0,53,0,0,1,1,4,0,5,1,0,1,0,0000000,18,12,18,19,18,42,0,0,0,1,1
37,370108,1,1,0,1,45,0,9,2,2010,3,14,53,0,6,4,RP-1002,,99999,99.99990000,999.999900000,0,42,0,0,1,1,4,0,1,1,0,1,0,0000000,99,99,99,99,99,99,0,0,0,1,0
37,370109,1,1,0,3,47,0,21,2,2010,1,14,28,0,5,4,RP-1740,,99999,34.37177778,-78.375691670,0,32,0,0,1,1,5,0,1,1,0,1,0,0000000,99,99,99,99,99,99,0,0,0,1,0
37,370110,3,2,1,3,63,1360,18,2,2010,5,20,27,0,14,6,FAYETTEVILLE ST,,99999,35.98133889,-78.901061110,0,8,0,0,1,1,1,0,3,1,0,1,0,0000000,22,31,22,32,88,88,0,0,0,1,2
37,370111,1,1,0,1,77,0,25,2,2010,5,19,30,1,1,1,I-85,,99999,36.29873333,-78.575419440,0,35,0,0,1,1,4,0,1,10,0,10,0,0000000,19,39,19,45,88,88,0,0,0,1,1
37,370112,1,1,0,1,81,1940,15,2,2010,2,5,15,0,13,6,W WENDOVER AVE,,99999,36.06519722,-79.848633330,0,24,0,0,1,1,3,0,3,1,0,1,0,0000000,5,14,5,19,5,36,0,0,0,1,1
37,370113,2,2,0,3,81,2170,22,2,2010,2,13,34,0,13,3,SR-68,MENDENHALL OAKS PW,99999,36.04438056,-79.962272220,0,12,6,0,2,2,1,0,1,10,0,10,0,0000000,13,34,13,43,14,4,0,0,0,1,0
37,370114,1,1,0,1,89,2130,7,2,2010,1,18,45,0,16,6,WOODTRUSH CIR,,99999,35.34425556,-82.450075000,0,17,0,0,1,1,4,0,3,1,0,1,0,0000000,18,45,18,57,19,17,0,0,0,1,0
37,370115,2,2,0,2,97,0,21,2,2010,1,18,15,0,4,3,SR-115,RP-1555,99999,35.80222222,-80.907438890,0,12,6,0,2,2,1,0,5,1,0,1,0,0000000,18,20,18,20,18,44,0,0,0,1,1
37,370116,2,2,0,2,97,0,23,2,2010,3,23,11,1,2,2,US-70,RP-2362,99999,35.71920000,-81.085966670,0,12,6,0,2,2,1,0,2,10,0,10,0,0000000,23,8,23,18,88,88,0,0,0,1,1
37,370117,1,1,0,1,99,0,28,2,2010,1,3,13,0,5,4,RP-1002,,99999,35.36833611,-83.148136110,0,35,0,0,1,1,4,0,2,10,0,10,0,0000000,3,17,3,23,88,88,0,0,0,1,1
37,370118,1,1,1,1,119,870,8,2,2010,2,14,48,1,12,2,US-74,,99999,35.16033611,-80.736466670,0,9,0,0,1,1,1,0,1,1,0,1,0,0000000,14,51,15,0,15,15,0,0,0,1,0
37,370119,2,2,0,2,125,0,24,2,2010,4,15,42,0,3,3,SR-24,,99999,35.40437222,-79.574233330,0,59,0,0,1,1,2,0,1,2,0,2,0,0000000,15,40,15,49,16,35,0,0,0,1,0
37,370120,2,2,0,2,153,0,23,2,2010,3,7,53,0,4,3,SR-73,,99999,35.11336944,-79.804461110,0,12,2,0,1,1,1,0,1,1,0,1,0,0000000,9,0,9,35,12,22,0,0,0,1,0
37,370121,2,2,0,2,155,0,16,2,2010,3,23,29,0,4,3,SR-904,,99999,34.34223056,-79.064913890,0,23,0,0,1,1,4,0,2,1,0,1,0,0000000,23,14,23,29,23,52,0,0,0,1,1
37,370122,2,2,0,4,163,0,12,2,2010,6,19,10,0,4,3,SR-55,,99999,35.27862778,-78.513966670,0,12,2,0,1,1,1,0,2,10,0,10,0,0000000,19,2,19,11,20,50,0,0,0,2,1
37,370123,1,1,0,2,163,0,20,2,2010,7,23,16,0,5,4,RP-1233,,99999,35.01558611,-78.465944440,0,34,0,0,1,1,4,0,2,1,0,1,0,0000000,23,9,23,15,23,46,0,0,0,1,0
37,370124,1,1,0,1,171,0,14,2,2010,1,10,54,1,2,2,US-52,,99999,36.40310000,-80.493886110,0,59,0,0,1,1,3,0,1,1,0,1,0,0000000,10,48,10,51,88,88,0,0,0,1,0
37,370125,1,1,0,1,17,0,6,3,2010,7,3,55,0,4,4,RP-1004,,99999,34.72221389,-78.809608330,0,34,0,0,1,1,4,0,2,1,0,1,0,0000000,3,50,4,2,5,25,0,0,0,1,1
37,370126,1,1,0,1,21,0,8,3,2010,2,1,35,0,5,4,RP-1224,,99999,35.56492500,-82.670486110,0,59,0,0,1,1,2,0,2,1,0,1,0,0000000,1,37,1,44,3,7,0,0,0,1,1
37,370127,3,1,2,3,47,0,6,3,2010,7,16,7,0,4,3,SR-904,,99999,34.06424444,-78.694747220,0,18,0,0,1,1,5,0,1,1,0,1,0,0000000,99,99,99,99,99,99,0,0,0,1,1
37,370128,1,1,0,1,49,0,4,3,2010,5,13,13,0,3,4,RP-1745,,99999,34.88292222,-76.928405560,0,35,0,0,1,1,4,0,1,1,0,1,0,0000000,99,99,99,99,99,99,20,0,0,1,1
37,370129,1,1,0,1,51,1670,3,3,2010,4,23,15,0,16,6,ELLINGTON STREET,,99999,35.05691944,-78.908941670,0,30,0,0,1,1,4,0,3,1,0,1,0,0000000,99,99,99,99,88,88,0,0,0,1,1
37,370130,1,1,0,2,57,0,3,3,2010,4,21,8,0,6,4,RP-2034,,99999,35.85764722,-80.111961110,0,32,0,0,1,1,4,0,2,1,0,1,0,0000000,21,4,21,8,22,30,0,0,0,1,1
37,370131,1,1,0,2,57,0,7,3,2010,1,4,15,0,6,4,RP-1232,,99999,35.81257500,-80.287419440,0,24,0,0,1,1,4,0,2,1,0,1,0,0000000,15,32,15,37,88,88,0,0,0,2,1
37,370132,1,1,0,4,59,0,12,3,2010,6,19,46,1,1,1,I-40,,99999,35.88684167,-80.669088890,0,7,0,0,1,1,1,0,2,10,0,10,0,0000000,19,44,19,59,20,18,0,0,0,1,0
37,370133,2,2,0,3,63,0,6,3,2010,7,1,14,1,2,2,US-70,,99999,35.96154167,-78.844627780,0,12,1,0,1,1,1,0,2,1,0,1,0,0000000,1,10,1,13,99,99,0,0,0,2,1
37,370134,3,2,0,2,73,0,10,3,2010,4,13,35,0,3,3,SR-32,RP-1100,99999,36.33835833,-76.634530560,0,12,6,0,3,2,1,0,1,1,0,1,0,0000000,13,34,13,40,16,26,0,0,0,1,0
37,370135,1,1,0,2,77,0,4,3,2010,5,8,14,0,6,4,RP-1136,,99999,36.21186944,-78.707663890,0,34,0,0,1,1,4,0,1,1,0,1,0,0000000,8,13,8,29,8,29,0,0,0,1,0
37,370136,1,1,0,1,77,0,8,3,2010,2,14,44,0,6,4,RP-1442,,99999,36.52053611,-78.621169440,0,53,0,0,1,1,4,0,1,1,0,1,0,0000000,14,40,14,47,99,99,0,0,0,1,1
37,370137,1,1,0,2,107,0,7,3,2010,1,13,8,0,6,4,RP-1503,,99999,35.28108056,-77.714625000,0,1,0,0,1,1,2,0,1,1,0,1,0,0000000,13,3,13,7,14,18,0,0,0,1,1
37,370138,2,2,0,3,119,870,1,3,2010,2,13,51,0,16,6,WILKINSON BLVD,HOLTON AVE,99999,35.22487222,-80.902461110,0,12,6,0,2,3,1,0,1,1,0,1,0,0000000,13,51,13,56,14,24,0,0,0,1,0
37,370139,1,1,0,1,121,0,6,3,2010,7,12,20,0,6,6,RP-1220,,99999,36.07200000,-82.293675000,0,23,0,0,1,1,4,0,1,1,0,1,0,0000000,99,99,99,99,99,99,0,0,0,1,0
37,370140,2,2,0,2,131,0,3,3,2010,4,17,50,1,2,2,US-158,US-258,99999,36.43550833,-77.136811110,0,12,6,0,2,2,1,0,5,2,0,2,0,0000000,99,99,99,99,99,99,0,0,0,1,0
37,370141,2,2,0,3,133,0,8,3,2010,2,18,59,0,3,3,SR-24,RP-1463,99999,34.71309722,-77.176530560,0,12,6,0,2,3,1,0,2,1,0,1,0,0000000,18,58,19,3,19,51,0,0,0,1,0
37,370142,2,2,0,6,151,4640,6,3,2010,7,12,39,0,14,3,SR-62,RP-1558,99999,35.88046111,-80.006036110,0,12,2,0,2,2,1,0,1,1,0,1,0,0000000,12,40,12,44,13,23,0,0,0,1,0
37,370143,1,1,0,1,151,0,12,3,2010,6,21,53,0,5,4,RP-1002,,99999,35.57025000,-79.696755560,0,35,0,0,1,1,4,0,2,2,0,2,0,0000000,21,55,22,13,88,88,0,0,0,1,1
37,370144,1,1,1,1,155,0,5,3,2010,6,23,9,0,4,3,SR-211,,99999,34.58459722,-78.881063890,0,8,0,0,1,1,1,0,2,1,0,1,0,0000000,99,99,99,99,99,99,0,0,0,1,0
37,370145,1,1,0,1,165,0,9,3,2010,3,0,1,0,6,4,RP-1615,,99999,34.71133333,-79.483208330,0,53,0,0,1,1,4,0,2,1,0,1,0,0000000,0,36,0,47,1,45,0,0,0,1,1
37,370146,7,7,0,7,183,0,1,3,2010,2,8,40,1,1,1,I-40,,99999,35.83500278,-78.770600000,0,12,1,0,1,1,1,0,1,1,0,1,0,0000000,8,47,8,57,99,99,14,0,0,1,0
37,370147,2,2,0,2,191,0,2,3,2010,3,16,10,0,5,4,WAYNE MEMORIAL DRIVE,,99999,35.42157222,-77.932119440,0,12,6,0,1,1,1,1,1,2,0,2,0,0000000,16,11,16,20,17,7,0,0,0,1,0
37,370148,1,1,0,2,191,0,2,3,2010,3,16,33,0,6,4,RP-1130,,99999,35.27817222,-78.055672220,0,34,0,0,1,1,4,0,1,2,0,2,0,0000000,16,20,16,27,17,1,0,0,0,1,0
37,370149,1,1,1,1,191,1880,4,3,2010,5,19,23,0,16,6,ELEVENTH STREET,,99999,35.40480000,-77.973413890,0,9,0,0,1,1,1,0,2,1,0,1,0,0000000,19,23,19,25,19,36,0,0,0,1,0
37,370150,2,2,0,1,191,1880,6,3,2010,7,0,8,1,12,2,US-70,,99999,35.39142778,-77.953963890,0,12,1,0,1,1,1,0,2,1,0,1,0,0000000,23,59,0,5,1,51,0,0,0,1,0
37,370151,2,2,0,2,191,0,12,3,2010,6,11,29,1,2,2,US-13,,99999,35.37926944,-77.934908330,0,12,6,0,8,1,1,0,1,1,0,1,0,0000000,99,99,99,99,99,99,0,0,0,1,0
37,370152,2,1,1,0,1,0,10,3,2010,4,9,3,0,6,4,RP-2299,,99999,36.02196944,-79.388419440,0,8,0,0,1,1,1,0,1,10,0,10,0,0000000,9,2,9,8,10,50,0,0,0,1,0
37,370153,2,2,0,2,19,0,25,3,2010,5,11,17,0,6,4,RP-1163,,99999,33.92032222,-78.474269440,0,12,2,0,1,1,1,0,1,1,0,1,0,0000000,11,8,11,20,99,99,0,0,0,2,0
37,370154,1,1,0,1,23,0,20,3,2010,7,15,17,0,6,4,RP-1423,,99999,35.84494444,-81.742605560,0,41,0,0,1,1,4,0,1,1,0,1,0,0000000,15,15,15,38,88,88,0,0,0,1,0
37,370155,1,1,1,5,25,1040,17,3,2010,4,7,30,0,13,3,SR-49,,99999,35.37314722,-80.553130560,0,9,0,0,1,1,1,0,1,1,0,1,0,0000000,7,25,7,34,8,0,0,0,0,1,0
37,370156,1,1,1,3,27,2590,23,3,2010,3,18,25,0,16,6,WAKEFIELD DRIVE,PEAK PLACE,99999,35.92267778,-81.552252780,0,9,0,0,3,3,1,0,1,1,0,1,0,0000000,18,27,18,32,18,58,0,0,0,1,0
37,370157,2,2,0,4,35,1060,19,3,2010,6,20,3,0,14,6,CONOVER BLVD,,99999,35.69625278,-81.230400000,0,12,2,0,1,1,1,0,3,1,0,1,0,0000000,20,4,20,12,20,25,0,0,0,1,1
37,370158,1,1,0,1,37,0,27,3,2010,7,17,38,0,6,4,RP-1172,RP-1173,99999,99.99990000,999.999900000,0,35,0,0,3,3,4,0,1,1,0,1,0,0000000,17,31,17,36,17,57,0,0,0,1,0
37,370159,1,1,0,2,45,0,28,3,2010,1,15,2,0,4,3,SR-226,,99999,35.34915000,-81.570636110,0,42,0,0,1,1,4,0,1,2,0,2,0,0000000,99,99,99,99,99,99,0,0,0,1,0
37,370160,1,1,0,1,47,0,9,3,2010,3,22,23,0,4,3,SR-905,,99999,33.97911389,-78.664061110,0,34,0,0,1,1,4,0,2,1,0,1,0,0000000,99,99,99,99,88,88,0,0,0,1,1
37,370161,2,2,0,3,47,0,16,3,2010,3,18,35,0,6,4,RP-1428,,99999,99.99990000,999.999900000,0,12,2,0,1,1,1,0,1,1,0,1,0,0000000,99,99,99,99,99,99,0,0,0,1,1
37,370162,1,1,2,1,47,0,28,3,2010,1,21,13,0,6,4,RP-1574,,99999,34.40678611,-78.889116670,0,9,0,0,1,1,1,0,2,2,0,2,0,0000000,99,99,99,99,99,99,0,0,0,1,1
37,370163,2,2,0,2,51,0,11,3,2010,5,7,54,0,6,4,RP-2018,,99999,34.98634722,-78.742736110,0,12,6,0,1,1,1,0,1,10,0,10,0,0000000,8,1,8,17,88,88,0,0,0,1,0
37,370164,1,1,0,2,61,0,2,3,2010,3,22,56,0,4,3,SR-403,,99999,35.13672222,-78.079019440,0,34,0,0,1,1,4,0,2,4,3,4,0,0000000,22,53,23,6,0,18,0,0,0,1,0
37,370165,1,1,1,1,67,0,18,3,2010,5,7,28,0,16,6,NORTH POINT BLVD,BETHABARA ROAD,99999,36.14936389,-80.286633330,0,8,0,0,3,2,1,0,1,1,0,1,0,0000000,7,29,7,40,7,55,0,0,0,1,0
37,370166,1,1,0,1,81,0,22,3,2010,2,7,16,1,11,1,I-85,,99999,36.01571389,-79.831852780,0,21,0,1,5,1,3,0,1,1,0,1,0,0000000,7,14,7,37,88,88,0,0,0,1,0
37,370167,1,1,0,4,83,0,28,3,2010,1,7,5,1,1,1,I-95,,99999,36.23163333,-77.740916670,0,1,0,0,1,1,3,0,4,1,0,1,0,0000000,7,1,7,12,99,99,0,0,0,2,0
37,370168,1,1,0,1,93,0,25,3,2010,5,20,30,0,6,4,RP-1217,,99999,35.02268611,-79.403644440,0,42,0,0,1,1,4,0,2,1,0,1,0,0000000,99,99,99,99,88,88,0,0,0,1,1
37,370169,3,1,0,1,97,4430,6,3,2010,7,11,11,0,15,6,RP-2320,,99999,35.77465000,-80.846586110,0,32,0,0,1,1,4,0,1,1,0,1,0,0000000,11,10,11,19,11,55,0,0,0,1,0
37,370170,1,1,0,2,101,0,29,3,2010,2,7,1,0,6,6,RP-1562,,99999,35.56962222,-78.457447220,0,1,0,0,1,1,2,0,2,2,0,2,0,0000000,6,59,7,30,11,49,0,0,0,2,0
37,370171,1,1,0,1,111,0,20,3,2010,7,21,55,1,1,1,I-40,,99999,35.64669444,-82.035555560,0,1,0,0,1,1,2,0,2,1,0,1,0,0000000,21,57,22,2,88,88,0,0,0,1,0
37,370172,2,2,0,4,111,0,21,3,2010,1,15,3,1,2,2,US-221,,99999,35.76368056,-82.040877780,0,12,6,0,1,1,1,0,1,2,0,2,0,0000000,14,58,15,7,16,2,0,0,0,3,0
37,370173,2,2,0,2,119,870,21,3,2010,1,22,2,0,16,6,N. DAVIDSON STREET,PARKWOOD AVE,99999,35.23535278,-80.820602780,0,12,6,0,2,2,1,0,3,1,0,1,0,0000000,99,99,99,99,99,99,20,0,0,1,0
37,370174,1,1,1,2,127,0,27,3,2010,7,0,58,0,5,4,RP-1425,,99999,36.05005278,-78.005569440,0,8,0,0,1,1,1,0,2,1,0,1,0,0000000,0,55,1,3,88,88,0,0,0,1,0
37,370175,1,1,0,1,133,2330,17,3,2010,4,22,10,0,5,6,GUM BRANCH ROAD,,99999,34.80488889,-77.442991670,0,1,0,0,1,1,2,0,3,1,0,1,0,0000000,22,11,22,15,22,31,0,0,0,1,1
37,370176,2,2,0,4,153,0,14,3,2010,1,20,18,0,6,4,RP-1465,,99999,35.14138889,-79.610538890,0,12,2,0,1,1,1,0,2,10,0,10,0,0000000,20,18,20,37,21,30,0,0,0,1,0
37,370177,1,1,0,1,155,0,23,3,2010,3,7,20,0,5,4,RP-1001,,99999,34.82395000,-79.177436110,0,34,0,0,1,1,4,0,1,1,0,1,0,0000000,7,19,7,39,8,51,0,0,0,1,0
37,370178,3,3,0,3,159,0,19,3,2010,6,18,3,0,4,3,SR-801,RP-1547,99999,35.67626389,-80.694236110,0,12,6,0,2,2,1,0,1,1,0,1,0,0000000,88,88,88,88,88,88,0,0,0,1,0
37,370179,1,1,1,1,161,1680,23,3,2010,3,4,59,1,13,2,US-74,OAK ST EXT,99999,35.31162222,-81.880930560,0,8,0,0,3,2,1,0,2,1,0,1,0,0000000,5,1,5,5,6,28,0,0,0,1,0
37,370180,2,1,1,2,167,0,16,3,2010,3,14,39,0,5,4,RP-1005,,99999,35.49876111,-80.258388890,0,14,0,0,1,1,2,0,1,1,0,1,0,0000000,14,34,14,46,16,0,0,0,0,1,0
37,370181,1,1,0,1,167,0,23,3,2010,3,6,45,0,3,3,SR-24,,99999,35.31358333,-80.093163890,0,34,0,0,1,1,4,0,4,1,0,1,0,0000000,6,42,6,50,7,19,0,0,0,1,0
37,370182,1,1,0,2,169,0,1,3,2010,2,20,0,0,5,4,RP-2018,,99999,36.36981111,-80.247575000,0,53,0,0,1,1,4,0,2,1,0,1,0,0000000,20,1,20,13,20,33,0,0,0,1,1
37,370183,1,1,0,1,173,0,25,3,2010,5,16,5,1,2,2,US-19,,99999,35.40751944,-83.466911110,0,16,0,0,1,1,1,0,1,10,8,8,0,0000000,99,99,99,99,99,99,0,0,0,1,0
37,370184,3,3,0,5,183,0,19,3,2010,6,19,15,0,5,4,RP-1613,,99999,35.94889722,-78.857802780,0,12,2,0,1,1,1,0,1,1,0,1,0,0000000,99,99,99,99,99,99,0,0,0,1,0
37,370185,1,1,0,1,185,0,24,3,2010,4,18,26,1,2,2,US-1,,99999,36.45076667,-78.187636110,0,53,0,0,1,1,4,0,1,1,0,1,0,0000000,99,99,99,99,88,88,0,0,0,1,1
37,370186,1,1,0,1,193,0,21,3,2010,1,14,6,0,6,4,RP-1917,,99999,36.32771111,-80.974130560,0,53,0,0,1,1,4,0,1,2,0,2,0,0000000,14,5,14,15,14,44,0,0,0,1,0
37,370187,2,2,0,3,193,0,19,3,2010,6,17,25,0,6,4,RP-2467,RP-2508,99999,36.10778611,-81.154888890,0,12,2,0,2,3,1,0,1,1,0,1,0,0000000,17,25,17,34,99,99,0,0,0,1,0
37,370188,1,1,0,1,71,390,16,2,2010,3,6,18,1,11,1,I-85,,99999,35.25795556,-81.016016670,0,35,0,0,1,1,4,0,4,1,0,1,0,0000000,6,18,6,27,88,88,0,0,0,1,0
37,370189,1,1,0,1,27,0,25,3,2010,5,13,34,0,6,4,RP-1143,,99999,35.87555833,-81.612538890,0,42,0,0,1,1,4,0,1,1,0,1,0,0000000,13,31,13,42,88,88,0,0,0,1,0
37,370190,2,2,0,4,35,0,20,3,2010,7,17,21,0,3,3,SR-127,,99999,35.73313611,-81.334533330,0,12,6,0,1,1,1,0,1,1,0,1,0,0000000,17,21,17,27,99,99,0,0,0,1,1
37,370191,2,2,1,4,51,0,15,3,2010,2,0,2,1,2,1,I-95,,99999,35.06934444,-78.796005560,0,12,1,0,1,1,1,0,2,1,0,1,0,0000000,0,3,0,18,0,59,19,0,0,1,0