STATE,ST_CASE,VE_TOTAL,VE_FORMS,PEDS,PERSONS,COUNTY,CITY,DAY,MONTH,YEAR,DAY_WEEK,HOUR,MINUTE,NHS,ROAD_FNC,ROUTE,TWAY_ID,TWAY_ID2,MILEPT,LATITUDE,LONGITUD,SP_JUR,HARM_EV,MAN_COLL,RELJCT1,RELJCT2,TYP_INT,REL_ROAD,WRK_ZONE,LGT_COND,WEATHER1,WEATHER2,WEATHER,SCH_BUS,RAIL,NOT_HOUR,NOT_MIN,ARR_HOUR,ARR_MIN,HOSP_HR,HOSP_MN,CF1,CF2,CF3,FATALS,DRUNK_DR
37,370192,1,1,0,1,81,1940,23,3,2010,3,2,54,0,14,6,HILLTOP RD,,99999,36.03091667,-79.868630560,0,33,0,0,1,1,3,0,3,2,0,2,0,0000000,2,52,3,1,3,24,0,0,0,1,1
37,370193,1,1,0,1,81,1940,26,3,2010,6,2,16,0,14,6,RANDLEMAN RD,,99999,35.92923056,-79.813441670,0,30,0,0,1,1,4,0,3,10,0,10,0,0000000,2,14,2,19,2,39,0,0,0,1,1
37,370194,1,1,0,1,87,0,20,3,2010,7,18,0,1,1,1,I-40,,99999,35.53990833,-82.791766670,0,59,0,0,1,1,3,0,1,1,0,1,0,0000000,17,59,18,8,88,88,0,0,0,1,1
37,370195,2,2,0,2,101,0,28,3,2010,1,1,10,0,4,3,SR-222,,99999,35.58550278,-78.114508330,0,12,2,0,1,1,1,0,2,1,0,1,0,0000000,1,10,1,16,88,88,0,0,0,1,1
37,370196,1,1,1,1,133,0,28,3,2010,1,23,47,1,2,3,SR-24,,99999,34.74182500,-77.370358330,0,8,0,0,1,1,1,0,2,10,0,10,0,0000000,23,42,23,53,1,23,0,0,0,1,0
37,370197,1,1,1,2,139,0,22,3,2010,2,21,18,0,6,4,RP-1182,,99999,36.19268611,-76.231727780,0,8,0,0,1,1,1,0,2,1,0,1,0,0000000,99,99,99,99,88,88,0,0,0,1,0
37,370198,1,1,0,1,165,0,28,3,2010,1,4,51,0,6,4,RP-1001,,99999,34.97403333,-79.575433330,0,42,0,0,1,1,4,0,2,1,0,1,0,0000000,4,26,4,49,88,88,0,0,0,1,1
37,370199,1,1,0,1,169,0,18,3,2010,5,19,50,0,6,4,RP-1214,,99999,99.99990000,999.999900000,0,42,0,0,1,1,4,0,2,1,0,1,0,0000000,20,5,20,26,88,88,0,0,0,1,1
37,370200,2,2,0,4,183,3750,13,3,2010,7,2,22,0,15,6,SIX FORKS RD,CROWN OAKS DR,99999,35.88453056,-78.646488890,0,12,1,0,2,2,1,0,3,2,0,2,0,0000000,99,99,99,99,99,99,0,0,0,1,2
37,370201,1,1,0,1,183,3750,28,3,2010,1,0,38,1,11,1,I-440,,99999,35.83618611,-78.677216670,0,42,0,0,5,1,4,0,2,1,0,1,0,0000000,99,99,99,99,88,88,0,0,0,1,1
37,370202,2,2,0,4,183,0,31,3,2010,4,13,27,1,11,1,I-40,,99999,35.85970000,-78.812141670,0,12,7,0,1,1,1,0,1,1,0,1,0,0000000,99,99,99,99,88,88,0,0,0,1,0
37,370203,1,1,0,2,193,0,20,3,2010,7,23,37,0,6,4,RP-1567,,99999,99.99990000,999.999900000,0,35,0,0,1,1,4,0,2,1,0,1,0,0000000,23,29,23,52,99,99,0,0,0,1,1
37,370204,1,1,0,1,195,0,28,3,2010,1,12,55,0,5,4,RP-1602,,99999,35.63811667,-77.852555560,0,42,0,0,1,1,4,0,1,1,0,1,0,0000000,12,52,13,1,13,37,0,0,0,1,0
37,370205,1,1,0,1,19,0,5,4,2010,2,7,35,0,6,4,RP-1504,,99999,33.98827778,-78.197250000,0,11,0,0,1,1,1,0,1,1,0,1,0,0000000,7,37,7,53,88,88,0,0,0,1,0
37,370206,2,2,0,3,25,0,7,4,2010,4,3,33,0,4,4,RP-1394,,99999,35.40430278,-80.689688890,0,12,6,0,1,1,1,0,2,1,0,1,0,0000000,3,30,3,41,99,99,0,0,0,1,1
37,370207,1,1,1,2,31,0,2,4,2010,6,19,38,1,2,2,US-70,RP-1149,99999,34.72355556,-76.733322220,0,8,0,0,3,3,1,0,2,1,0,1,0,0000000,19,32,19,34,19,34,0,0,0,1,0
37,370208,3,3,0,3,35,0,1,4,2010,5,23,14,0,3,3,SR-150,NC-16,99999,99.99990000,999.999900000,0,12,6,0,2,2,1,0,2,1,0,1,0,0000000,23,15,23,28,0,10,0,0,0,1,0
37,370209,3,3,0,8,39,0,5,4,2010,2,12,47,0,3,2,US-19,RP-1388,99999,35.20018333,-83.807486110,0,12,1,0,2,2,1,0,1,1,0,1,0,0000000,12,52,12,57,13,34,0,0,0,2,0
37,370210,1,1,1,1,47,0,2,4,2010,6,5,32,0,3,3,SR-130,,99999,34.16274167,-78.596277780,0,8,0,0,1,1,1,0,2,1,0,1,0,0000000,99,99,99,99,99,99,0,0,0,1,0
37,370211,3,3,0,7,47,0,3,4,2010,7,11,45,0,3,2,US-701,RP-1314,99999,34.18553611,-78.796691670,0,12,6,0,2,2,1,0,1,1,0,1,0,0000000,99,99,99,99,99,99,0,0,0,1,0
37,370212,1,1,0,1,47,0,4,4,2010,1,11,40,0,4,3,SR-242,,99999,34.35520000,-78.921575000,0,59,0,0,1,1,2,0,1,1,0,1,0,0000000,99,99,99,99,99,99,0,0,0,1,1
37,370213,1,1,0,1,47,0,5,4,2010,2,9,0,0,5,4,RP-1740,,99999,34.37170833,-78.375691670,0,34,0,0,1,1,4,0,1,1,0,1,0,0000000,99,99,99,99,88,88,0,0,0,1,1
37,370214,1,1,0,2,47,0,5,4,2010,2,23,37,0,6,4,RP-1300,,99999,34.17623333,-78.866902780,0,34,0,0,1,1,2,0,2,1,0,1,0,0000000,99,99,99,99,99,99,0,0,0,1,1
37,370215,2,2,0,2,47,0,8,4,2010,5,7,1,0,4,3,SR-11,,99999,34.36469444,-78.280077780,0,12,6,0,4,1,1,0,1,1,0,1,0,0000000,99,99,99,99,99,99,0,0,0,1,0
37,370216,2,2,0,2,49,0,2,4,2010,6,15,6,1,2,2,US-17,,99999,35.30714167,-77.157069440,0,12,6,0,4,1,1,0,1,1,0,1,0,0000000,99,99,99,99,99,99,0,0,0,1,0
37,370217,2,2,0,2,57,0,12,4,2010,2,16,36,0,3,3,SR-109,RP-3055,99999,35.82748611,-80.075138890,0,12,6,0,2,3,1,0,1,1,0,1,0,0000000,16,34,16,42,17,37,0,0,0,1,0
37,370218,1,1,0,1,61,0,3,4,2010,7,6,7,0,5,4,RP-1120,,99999,34.83503889,-78.136483330,0,34,0,0,1,1,4,0,2,1,0,1,0,0000000,6,3,6,14,99,99,0,0,0,1,0
37,370219,1,1,0,1,69,0,5,4,2010,2,17,50,0,6,4,RP-1639,,99999,36.05839722,-78.157811110,0,42,0,0,1,1,5,0,1,1,0,1,0,0000000,17,32,17,40,18,16,0,0,0,1,0
37,370220,1,1,0,2,73,0,2,4,2010,6,1,19,0,6,4,RP-1320,,99999,36.47012222,-76.635452780,0,34,0,0,1,1,4,0,2,1,0,1,0,0000000,1,18,1,25,3,42,0,0,0,1,1
37,370221,2,2,0,3,75,0,2,4,2010,6,16,30,0,4,3,SR-143,,99999,35.32944722,-83.874286110,0,1,0,0,1,1,1,0,1,1,0,1,0,0000000,17,1,17,12,17,31,0,0,0,1,0
37,370222,1,1,0,1,77,0,5,4,2010,2,0,40,0,4,4,RP-1139,,99999,36.25345278,-78.748166670,0,1,0,0,1,1,4,0,2,1,0,1,0,0000000,0,21,0,38,1,2,0,0,0,1,1
37,370223,1,1,0,3,81,0,10,4,2010,7,23,55,1,2,2,US-70,,99999,36.07969722,-79.642338890,0,59,0,0,1,1,2,0,2,1,0,1,0,0000000,23,54,0,2,99,99,0,0,0,1,1
37,370224,2,2,0,3,101,0,8,4,2010,5,16,35,1,2,2,US-301,,99999,35.42212222,-78.483088890,0,12,2,0,1,1,1,0,1,1,0,1,0,0000000,16,31,16,38,17,14,0,0,0,1,0
37,370225,1,1,1,2,125,0,5,4,2010,2,6,10,1,2,2,US-15,,99999,35.11569722,-79.426816670,0,8,0,0,1,1,1,0,2,1,0,1,0,0000000,99,99,99,99,88,88,0,0,0,1,0
37,370226,1,1,0,1,133,0,7,4,2010,4,22,3,0,5,4,RP-1515,,99999,34.55829722,-77.400891670,0,34,0,0,1,1,4,0,2,1,0,1,0,0000000,21,59,22,4,22,35,0,0,0,1,1
37,370227,1,1,0,1,151,0,4,4,2010,1,13,25,0,6,4,RP-2839,,99999,35.64535278,-79.802219440,0,1,0,0,1,1,2,0,1,1,0,1,0,0000000,13,2,13,8,13,24,0,0,0,1,1
37,370228,1,1,1,1,151,160,4,4,2010,1,19,49,0,16,6,BAILEY STREET,,99999,35.74256667,-79.802538890,0,8,0,0,1,1,1,0,1,1,0,1,0,0000000,19,49,19,57,20,11,0,0,0,1,0
37,370229,1,1,0,1,157,0,3,4,2010,7,13,35,1,2,2,US-311,,99999,36.37730833,-80.009038890,0,34,0,0,1,1,4,0,1,1,0,1,0,0000000,13,42,13,42,99,99,0,0,0,1,0
37,370230,2,2,0,5,159,0,5,4,2010,2,7,21,0,6,4,RP-1351,,99999,35.51956389,-80.669861110,0,12,2,0,1,1,1,0,4,1,0,1,0,0000000,99,99,99,99,99,99,0,0,0,1,0
37,370231,1,1,0,1,179,0,3,4,2010,7,5,0,0,4,3,SR-218,,99999,35.15640833,-80.563002780,0,32,0,0,1,1,4,0,2,1,0,1,0,0000000,5,6,5,22,88,88,0,0,0,1,1
37,370232,1,1,0,1,183,0,8,4,2010,5,19,21,0,5,4,RP-1650,,99999,35.82644167,-78.732941670,0,38,0,0,1,1,4,0,1,1,0,1,0,0000000,99,99,99,99,99,99,0,0,0,1,1
37,370233,1,1,0,2,193,0,3,4,2010,7,5,0,0,4,3,SR-268,,99999,36.21058889,-80.980011110,0,1,0,0,1,1,5,0,2,1,0,1,0,0000000,99,99,99,99,88,88,0,0,0,2,1
37,370234,1,1,0,2,133,0,27,2,2010,7,2,20,0,6,4,RP-1324,,99999,34.81116944,-77.384305560,0,34,0,0,1,1,4,0,2,1,0,1,0,0000000,99,99,99,99,99,99,0,0,0,1,1
37,370235,1,1,0,2,7,0,29,3,2010,2,6,29,0,4,3,SR-109,,99999,35.04890000,-80.012355560,0,34,0,0,1,1,4,0,4,2,0,2,0,0000000,6,27,6,36,8,10,0,0,0,1,0
37,370236,2,2,0,2,27,0,23,3,2010,3,9,11,0,4,4,RP-1002,,99999,35.83364444,-81.410836110,0,12,2,0,1,1,1,0,1,1,0,1,0,0000000,9,14,9,18,10,0,0,0,0,1,0
37,370237,1,1,1,1,51,1670,31,3,2010,4,8,30,0,14,6,RAEFORD ROAD,,99999,35.04299722,-78.959405560,0,8,0,0,1,1,1,0,3,10,0,10,0,0000000,99,99,99,99,99,99,0,0,0,1,0
37,370238,2,2,1,3,51,1670,31,3,2010,4,13,39,0,16,6,EASTERN BLVD,,99999,35.04394722,-78.865875000,0,8,0,0,1,1,1,0,1,1,0,1,0,0000000,13,41,13,46,14,3,0,0,0,1,0
37,370239,1,1,0,2,85,0,31,3,2010,4,22,55,0,6,4,RP-1126,,99999,35.29996111,-78.971358330,0,42,0,0,1,1,5,0,2,1,0,1,0,0000000,99,99,99,99,88,88,0,0,0,2,1
37,370240,1,1,0,2,87,0,25,3,2010,5,0,56,0,6,4,RP-1314,,99999,35.56061389,-83.035580560,0,42,0,0,1,1,4,0,2,1,0,1,0,0000000,0,50,0,58,99,99,0,0,0,1,1
37,370241,2,2,0,2,127,0,18,3,2010,5,17,0,0,5,4,RP-1426,,99999,36.05019167,-77.984111110,0,12,2,0,1,1,1,0,1,1,0,1,0,0000000,16,54,17,3,18,14,0,0,0,1,0
37,370242,1,1,0,1,171,0,30,3,2010,3,20,30,0,6,4,RP-1480,,99999,36.46318889,-80.737458330,0,42,0,0,1,1,4,0,2,1,0,1,0,0000000,20,31,20,40,21,40,0,0,0,1,1
37,370243,1,1,2,1,183,3750,26,3,2010,6,15,10,0,16,6,DURANT ROAD,,99999,35.90549722,-78.591513890,0,8,0,0,1,1,1,0,1,1,0,1,0,0000000,99,99,99,99,99,99,0,0,0,1,0
37,370244,1,1,1,1,183,3750,30,3,2010,3,18,46,0,16,6,BRIARCLIFF ROAD,,99999,35.77159167,-78.581727780,0,8,0,0,4,1,1,0,1,1,0,1,0,0000000,99,99,99,99,99,99,0,0,0,1,0
37,370245,3,3,0,6,183,3750,30,3,2010,3,17,15,0,14,6,FALLS OF NEUSE ROAD,,99999,35.85642222,-78.615750000,0,12,6,0,1,1,1,0,1,1,0,1,0,0000000,99,99,99,99,99,99,0,0,0,1,1
37,370246,2,2,0,6,7,0,3,4,2010,7,21,36,0,4,3,SR-742,,99999,34.91460000,-80.074152780,0,12,6,0,1,1,1,0,2,1,0,1,0,0000000,21,33,21,42,22,6,0,0,0,1,0
37,370247,1,1,0,2,15,0,9,4,2010,6,8,47,0,5,4,RP-1304,,99999,36.09188611,-76.899661110,0,32,0,0,1,1,4,0,1,1,0,1,0,0000000,99,99,99,99,99,99,0,0,0,1,0
37,370248,1,1,0,1,19,0,23,4,2010,6,21,37,0,6,4,RP-1333,,99999,99.99990000,999.999900000,0,34,0,0,1,1,4,0,2,1,0,1,0,0000000,21,29,21,31,88,88,0,0,0,1,1
37,370249,2,2,0,3,25,0,17,4,2010,7,22,15,0,6,4,RP-1554,,99999,35.35314444,-80.566933330,0,12,2,0,1,1,1,0,2,1,0,1,0,0000000,22,14,22,25,99,99,0,0,0,2,0
37,370250,2,2,0,4,49,0,19,4,2010,2,7,0,0,4,3,SR-306,RP-1850,99999,34.92386111,-76.813344440,0,12,6,0,2,2,1,0,1,1,0,1,0,0000000,99,99,99,99,99,99,0,0,0,1,0
37,370251,2,2,0,8,61,0,9,4,2010,6,21,0,0,4,3,SR-41,RP-1101,99999,34.74301389,-78.025041670,0,12,6,0,2,3,1,0,2,1,0,1,0,0000000,20,58,21,2,22,15,0,0,0,2,0
37,370252,1,1,0,1,61,0,11,4,2010,1,16,46,0,6,4,RP-1827,RP-1826,99999,34.75141111,-77.704844440,0,18,0,0,3,3,4,0,1,1,0,1,0,0000000,16,41,16,57,17,59,0,0,0,1,0
37,370253,1,1,0,1,63,1360,12,4,2010,2,22,40,1,11,1,I-40,,99999,35.90943889,-78.931511110,0,18,0,0,1,1,5,0,2,1,0,1,0,0000000,22,49,23,3,99,99,0,0,0,1,0
37,370254,1,1,1,1,69,0,23,4,2010,6,23,35,0,4,3,SR-39,RP-1741,99999,35.90067778,-78.266108330,0,9,0,0,2,3,1,0,2,10,0,10,0,0000000,23,30,23,38,0,10,0,0,0,1,0
37,370255,2,2,0,2,87,0,19,4,2010,2,16,46,1,2,2,US-23,,99999,35.44483333,-83.068355560,0,12,2,0,1,1,1,0,1,1,0,1,0,0000000,16,44,16,49,99,99,0,0,0,2,0
37,370256,2,2,0,3,97,0,1,4,2010,5,14,33,0,4,3,SR-115,,99999,36.02505833,-80.956836110,0,12,2,0,1,1,1,0,1,1,0,1,0,0000000,14,44,14,59,99,99,0,0,0,1,0
37,370257,1,1,0,1,97,0,6,4,2010,3,14,39,0,4,3,SR-3,,99999,35.53941944,-80.767836110,0,35,0,0,1,1,4,0,1,1,0,1,0,0000000,14,35,14,46,15,16,0,0,0,1,1
37,370258,1,1,0,1,101,4140,14,4,2010,4,1,29,0,6,6,WEST OAK STREET,,99999,35.55525556,-78.312908330,0,32,0,0,1,1,4,0,3,1,0,1,0,0000000,99,99,99,99,88,88,0,0,0,1,1
37,370259,1,1,0,1,101,0,24,4,2010,7,17,10,1,1,1,I-95,,99999,35.51820278,-78.288511110,0,59,0,0,1,1,2,0,1,1,0,1,0,0000000,99,99,99,99,88,88,0,0,0,1,1
37,370260,1,1,0,1,119,870,7,4,2010,4,15,46,1,11,1,I-77,,99999,35.33662222,-80.848480560,0,24,0,0,1,1,3,0,1,1,0,1,0,0000000,15,45,15,58,88,88,0,0,0,1,0
37,370261,2,2,0,3,123,0,18,4,2010,1,14,5,0,6,4,RP-1110,,99999,35.22111667,-80.053125000,0,12,2,0,1,1,1,0,1,1,0,1,0,0000000,14,6,14,19,14,53,0,0,0,1,0
37,370262,1,1,0,2,129,0,15,4,2010,5,19,35,0,6,4,RP-1276,,99999,34.10975833,-77.910366670,0,34,0,0,1,1,4,0,5,1,0,1,0,0000000,19,44,19,50,20,10,0,0,0,1,1
37,370263,1,1,0,6,153,0,4,4,2010,1,23,13,1,2,2,US-74,,99999,34.87798333,-79.680194440,0,16,0,0,1,1,1,0,2,1,0,1,0,0000000,23,2,23,12,0,50,0,0,0,1,0
37,370264,2,2,0,2,153,0,9,4,2010,6,13,12,0,4,3,SR-73,,99999,35.15126667,-79.920216670,0,12,2,0,1,1,1,0,1,1,0,1,0,0000000,13,12,13,26,15,21,0,0,0,1,0
37,370265,2,2,0,2,155,0,7,4,2010,4,23,6,0,6,4,RP-1515,,99999,34.70914444,-79.140400000,0,12,8,0,1,1,1,0,2,1,0,1,0,0000000,23,2,23,9,0,48,0,0,0,1,0
37,370267,2,2,0,5,159,0,18,4,2010,1,16,36,0,4,4,RP-1002,,99999,35.61948889,-80.320622220,0,12,2,0,1,1,1,0,1,1,0,1,0,0000000,16,36,16,43,17,48,0,0,0,1,1
37,370268,1,1,0,1,167,0,17,4,2010,7,18,3,0,6,4,RP-1428,,99999,35.40932222,-80.335358330,0,35,0,0,1,1,4,0,1,1,0,1,0,0000000,17,58,18,12,18,21,0,0,0,1,1
37,370269,1,1,0,1,171,0,24,4,2010,7,12,52,0,6,4,RP-1397,,99999,36.47403889,-80.732286110,0,1,0,0,1,1,2,0,1,10,0,10,0,0000000,12,47,12,53,88,88,0,0,0,1,0
37,370270,2,2,0,3,179,0,1,4,2010,5,16,48,0,4,3,SR-218,,99999,35.15219722,-80.556305560,0,12,2,0,1,1,1,0,1,1,0,1,0,0000000,17,3,17,15,18,35,0,0,0,2,0
37,370271,1,1,0,1,179,2290,10,4,2010,7,17,59,1,2,2,US-74,,99999,35.05543889,-80.625947220,0,34,0,0,1,1,4,0,1,1,0,1,0,0000000,17,59,18,8,99,99,0,0,0,1,0
37,370272,2,2,0,2,183,3750,1,4,2010,5,18,55,1,12,2,US-1,I-540,99999,35.87384722,-78.578136110,0,12,6,1,2,2,1,0,1,1,0,1,0,0000000,99,99,99,99,99,99,0,0,0,1,1
37,370273,2,2,0,2,183,0,20,4,2010,3,9,16,0,4,4,RP-1010,RP-1404,99999,35.67253056,-78.722775000,0,12,1,0,2,3,1,0,1,1,0,1,0,0000000,99,99,99,99,99,99,0,0,0,1,0
37,370274,1,1,0,2,195,0,8,4,2010,5,21,30,1,2,2,US-264,,99999,35.76846944,-78.082775000,0,32,0,0,1,1,4,0,2,10,0,10,0,0000000,21,25,21,34,22,8,0,0,0,1,0
37,370275,2,2,0,2,197,0,30,3,2010,3,6,52,0,5,4,RP-1314,,99999,36.13376667,-80.706927780,0,12,2,0,1,1,1,0,4,1,0,1,0,0000000,6,50,6,56,88,88,0,0,0,1,0
37,370276,1,1,0,1,3,0,24,4,2010,7,3,32,0,6,4,RP-1110,,99999,35.89114444,-81.217647220,0,35,0,0,1,1,4,0,2,10,0,10,0,0000000,3,30,3,40,4,25,0,0,0,1,1
37,370277,1,1,1,1,19,0,25,4,2010,1,21,9,0,5,4,RP-1426,,99999,34.30472500,-78.077752780,0,8,0,0,1,1,1,0,2,1,0,1,0,0000000,99,99,99,99,88,88,0,0,0,1,0
37,370278,1,1,0,2,35,0,30,4,2010,6,23,43,0,3,4,RP-1453,,99999,35.76533611,-81.267136110,0,33,0,0,1,1,4,0,2,1,0,1,0,0000000,0,0,0,7,99,99,0,0,0,1,1
37,370279,1,1,0,1,39,0,28,4,2010,4,1,46,1,2,2,US-129,,99999,35.02530833,-84.097605560,0,42,0,0,1,1,4,0,2,1,0,1,0,0000000,99,99,99,99,88,88,0,0,0,1,1
37,370280,2,2,0,3,53,0,20,4,2010,3,14,46,0,4,3,SR-12,,99999,36.36734167,-75.827380560,0,12,6,0,1,1,1,0,1,1,0,1,0,0000000,14,42,14,47,99,99,0,0,0,1,0
37,370281,3,3,0,4,57,4590,3,4,2010,7,14,13,0,13,3,SR-109,,99999,99.99990000,999.999900000,0,12,1,0,8,1,1,0,1,1,0,1,0,0000000,14,14,14,28,99,99,0,0,0,2,0
37,370282,2,2,0,3,57,0,27,4,2010,3,7,19,0,4,4,RP-2010,RP-2015,99999,35.82620833,-80.142280560,0,12,6,0,2,3,1,0,1,1,0,1,0,0000000,7,19,7,26,99,99,0,0,0,1,0
37,370283,2,2,0,2,61,0,10,4,2010,7,1,0,0,4,3,SR-903,SR-24,99999,34.96311389,-77.942525000,0,12,6,0,2,2,1,0,2,1,0,1,0,0000000,1,36,1,50,99,99,0,0,0,1,0
37,370284,2,2,0,4,65,0,24,4,2010,7,14,40,0,4,3,SR-43,,99999,35.81330556,-77.658147220,0,12,1,0,1,1,1,0,1,10,0,10,0,0000000,99,99,99,99,99,99,0,0,0,1,0
37,370285,2,2,0,3,71,1800,18,4,2010,1,23,21,0,16,6,FRANKLIN BLVD,,99999,35.26012778,-81.130169440,0,12,1,0,1,1,1,0,3,1,0,1,0,0000000,99,99,99,99,88,88,0,0,0,1,1
37,370286,1,1,0,1,81,1940,13,4,2010,3,9,5,0,16,6,MEADOWVIEW ROAD,,99999,36.03652778,-79.807500000,0,42,0,0,1,1,5,0,1,1,0,1,0,0000000,9,10,9,19,9,36,0,0,0,1,0
37,370287,1,1,0,4,83,0,24,4,2010,7,11,56,1,1,1,I-95,,99999,36.29541111,-77.711619440,0,42,0,0,1,1,4,0,1,1,0,1,0,0000000,11,56,12,7,12,58,0,0,0,1,0
37,370288,1,1,0,1,85,0,21,4,2010,4,22,15,1,11,1,I-95,,99999,35.31363611,-78.578597220,0,34,0,0,1,1,4,0,2,1,0,1,0,0000000,21,55,22,6,88,88,0,0,0,1,1
37,370289,1,1,0,1,89,2130,16,4,2010,6,15,13,0,16,6,BLYTHE STREET,,99999,35.32790556,-82.481258330,0,43,0,0,1,1,5,0,1,1,0,1,0,0000000,15,7,15,11,88,88,0,0,0,1,0
37,370290,2,2,0,3,93,0,26,4,2010,2,19,20,0,5,4,RP-1219,RP-1214,99999,35.04532500,-79.381105560,0,12,6,0,2,2,1,0,1,1,0,1,0,0000000,99,99,99,99,99,99,0,0,0,2,0
37,370291,3,3,0,6,97,4430,9,4,2010,6,14,51,0,16,6,BAGNAL BLVD,SALISBURY ROAD,99999,35.76981111,-80.856322220,0,12,1,0,2,3,1,0,1,1,0,1,0,0000000,13,48,13,59,14,28,0,0,0,1,0
37,370292,2,2,0,2,101,0,28,4,2010,4,7,42,0,6,4,RP-1171,,99999,35.38310278,-78.498280560,0,12,7,0,1,1,1,0,1,1,0,1,0,0000000,7,33,7,43,8,24,0,0,0,1,0
37,370293,1,1,0,2,119,2280,25,4,2010,1,3,53,0,16,6,CRANLYN ROAD,,99999,35.44613056,-80.878008330,0,42,0,0,1,1,4,0,3,2,0,2,0,0000000,3,55,4,13,4,44,0,0,0,1,1
37,370294,1,1,1,1,129,5060,14,4,2010,4,17,42,0,16,6,OLEANDER DRIVE,,99999,34.22605556,-77.924405560,0,8,0,0,1,1,1,0,1,1,0,1,0,0000000,17,43,17,47,18,0,0,0,0,1,0
37,370295,1,1,0,2,141,0,26,4,2010,2,11,44,1,1,1,I-40,,99999,34.53046111,-77.892552780,0,1,0,0,1,1,2,0,1,1,0,1,0,0000000,99,99,99,99,99,99,0,0,0,1,0
37,370296,1,1,0,2,171,0,14,4,2010,4,22,24,1,2,2,US-601,,99999,36.40903056,-80.696102780,0,35,0,0,1,1,4,0,2,1,0,1,0,0000000,22,24,22,33,99,99,0,0,0,1,0
37,370297,1,1,0,1,175,0,30,4,2010,6,18,15,1,2,2,US-276,,99999,35.29992500,-82.676752780,0,1,0,0,1,1,1,0,1,1,0,1,0,0000000,18,16,18,34,88,88,0,0,0,1,0
37,370298,2,2,0,2,181,0,30,4,2010,6,20,15,0,5,4,RP-1518,,99999,36.33106389,-78.337411110,0,12,2,0,1,1,1,0,5,1,0,1,0,0000000,20,14,20,21,20,40,20,0,0,1,0
37,370299,1,1,1,2,183,0,29,4,2010,5,21,35,0,3,3,SR-96,US-401,99999,35.94840278,-78.422416670,0,8,0,0,3,2,1,0,2,1,0,1,0,0000000,99,99,99,99,99,99,0,0,0,1,0
37,370300,1,1,0,3,185,0,18,4,2010,1,2,20,0,6,4,RP-1636,,99999,36.28148889,-77.981000000,0,1,0,0,1,1,1,0,2,1,0,1,0,0000000,99,99,99,99,99,99,0,0,0,2,1
37,370301,1,1,0,1,31,0,2,5,2010,1,11,13,1,2,2,US-70,,99999,34.77299167,-76.868161110,0,59,0,0,1,1,3,0,1,10,0,10,0,0000000,99,99,99,99,99,99,0,0,0,1,0
37,370302,1,1,0,2,81,3413,2,5,2010,1,2,34,0,13,3,SR-68,,99999,36.15981667,-79.978222220,0,35,0,0,1,1,4,0,2,1,0,1,0,0000000,2,31,2,42,3,19,0,0,0,1,1
37,370303,2,2,0,2,127,0,1,5,2010,7,7,14,0,5,6,RP-1717,RP-1603,99999,35.90457222,-77.904047220,0,12,6,0,2,2,1,0,1,1,0,1,0,0000000,7,11,7,22,8,17,0,0,0,1,0
37,370304,2,2,0,6,171,0,2,5,2010,1,17,14,1,2,2,US-601,RP-2221,99999,36.37975556,-80.708591670,0,12,6,0,2,2,1,0,1,1,0,1,0,0000000,17,7,17,15,17,46,0,0,0,1,0
37,370305,1,1,0,1,197,0,3,5,2010,2,15,0,0,5,4,RP-1711,,99999,36.11471944,-80.546436110,0,32,0,0,1,1,4,0,1,1,0,1,0,0000000,14,45,14,57,88,88,0,0,0,1,0
37,370306,1,1,0,1,17,0,20,4,2010,3,15,3,0,4,3,SR-242,,99999,34.58481667,-78.656272220,0,34,0,0,1,1,4,0,1,1,0,1,0,0000000,99,99,99,99,99,99,0,0,0,1,0
37,370307,1,1,0,1,97,4430,30,4,2010,6,23,53,0,16,6,E BROAD ST,,99999,35.78732222,-80.882205560,0,33,0,0,1,1,4,0,3,1,0,1,0,0000000,23,51,23,56,0,5,0,0,0,1,0
37,370308,1,1,0,1,193,0,28,4,2010,4,4,24,0,5,4,RP-1931,,99999,36.27700833,-81.024600000,0,34,0,0,1,1,4,0,2,1,0,1,0,0000000,99,99,99,99,99,99,0,0,0,1,1
37,370309,3,3,0,3,19,0,7,5,2010,6,23,26,0,4,3,SR-133,,99999,33.92199722,-78.072452780,0,12,2,0,1,1,1,0,2,1,0,1,0,0000000,23,4,23,5,23,42,0,0,0,1,1
37,370310,1,1,0,1,61,0,2,5,2010,1,2,57,0,6,4,RP-1306,,99999,99.99990000,999.999900000,0,1,0,0,1,1,1,0,2,1,0,1,0,0000000,2,53,2,55,99,99,0,0,0,1,1
37,370311,1,1,0,1,79,0,4,5,2010,3,23,49,0,4,3,SR-903,,99999,35.46088056,-77.505541670,0,30,0,0,1,1,4,0,2,5,0,5,0,0000000,99,99,99,99,99,99,0,0,0,1,1
37,370312,1,1,0,2,157,0,2,5,2010,1,4,11,0,6,4,RP-2302,,99999,36.37644722,-79.850177780,0,34,0,0,1,1,4,0,2,1,0,1,0,0000000,4,24,4,27,99,99,0,0,0,1,1
37,370313,1,1,0,1,161,0,1,5,2010,7,18,16,0,3,2,US-221A,,99999,35.22472778,-81.842136110,0,42,0,0,1,1,4,0,1,1,0,1,0,0000000,99,99,99,99,88,88,0,0,0,1,1