STATE,ST_CASE,VE_TOTAL,VE_FORMS,PEDS,PERSONS,COUNTY,CITY,DAY,MONTH,YEAR,DAY_WEEK,HOUR,MINUTE,NHS,ROAD_FNC,ROUTE,TWAY_ID,TWAY_ID2,MILEPT,LATITUDE,LONGITUD,SP_JUR,HARM_EV,MAN_COLL,RELJCT1,RELJCT2,TYP_INT,REL_ROAD,WRK_ZONE,LGT_COND,WEATHER1,WEATHER2,WEATHER,SCH_BUS,RAIL,NOT_HOUR,NOT_MIN,ARR_HOUR,ARR_MIN,HOSP_HR,HOSP_MN,CF1,CF2,CF3,FATALS,DRUNK_DR
37,370314,1,1,1,1,179,0,23,4,2010,6,7,0,0,5,4,RP-2102,,99999,34.83719444,-80.452108330,0,8,0,0,1,1,1,0,1,1,0,1,0,0000000,6,57,7,9,99,99,0,0,0,1,0
37,370315,1,1,1,1,35,2150,29,4,2010,5,16,48,0,16,6,1ST AVE SE,,99999,35.73118611,-81.337280560,0,8,0,0,1,1,1,0,1,1,0,1,0,0000000,16,47,16,50,17,0,0,0,0,1,0
37,370316,2,2,0,2,81,1940,27,4,2010,3,7,15,1,11,1,I-40,,99999,36.06242222,-79.668730560,0,12,6,0,1,1,1,0,1,1,0,1,0,0000000,99,99,99,99,99,99,0,0,0,1,0
37,370317,2,2,0,9,81,2170,30,4,2010,6,11,22,0,16,6,PHILLIPS AVE,,99999,35.94966111,-80.018491670,0,12,7,0,1,1,1,0,1,1,0,1,0,0000000,11,22,11,30,11,48,0,0,0,2,0
37,370318,2,2,0,2,85,0,19,4,2010,2,15,15,0,5,4,RP-1116,,99999,35.32317778,-78.992813890,0,12,6,0,1,1,1,0,1,1,0,1,0,0000000,99,99,99,99,99,99,0,0,0,1,0
37,370319,2,1,0,5,119,870,24,4,2010,7,2,50,0,16,6,DIXIE RIVER RD,,99999,35.17177500,-80.961600000,0,35,0,0,1,1,4,0,2,1,0,1,0,0000000,2,50,3,21,99,99,0,0,0,1,1
37,370320,2,2,0,3,119,870,30,4,2010,6,23,13,1,11,1,I-277,,99999,35.24407778,-80.847358330,0,12,10,0,1,1,1,2,2,1,0,1,0,0000000,23,12,23,18,23,35,0,0,0,1,1
37,370321,2,2,0,3,167,4396,18,4,2010,1,1,55,0,16,6,SUNSET LAKE RD,,99999,35.21925833,-80.418547220,0,12,2,0,1,1,1,0,3,1,0,1,0,0000000,1,56,2,1,99,99,0,0,0,1,2
37,370322,2,2,0,2,3,0,10,5,2010,2,17,6,0,3,2,US-64,,99999,35.89259722,-81.099100000,0,12,2,0,1,1,1,0,1,1,0,1,0,0000000,17,7,17,11,17,41,0,0,0,1,1
37,370323,1,1,0,1,7,0,13,5,2010,5,16,50,0,6,4,RP-1120,,99999,34.86621389,-80.143116670,0,34,0,0,1,1,4,0,1,1,0,1,0,0000000,17,27,17,38,88,88,0,0,0,1,0
37,370324,2,2,0,2,9,0,12,5,2010,4,14,54,0,3,3,SR-16,,99999,36.34741667,-81.379766670,0,12,2,0,1,1,1,0,1,1,0,1,0,0000000,99,99,99,99,99,99,0,0,0,1,1
37,370325,1,1,1,1,15,0,8,5,2010,7,2,20,0,6,4,RP-1521,,99999,35.90462500,-76.992358330,0,8,0,0,1,1,1,0,2,1,0,1,0,0000000,99,99,99,99,99,99,0,0,0,1,0
37,370326,1,1,1,1,17,0,15,5,2010,7,5,18,0,4,3,SR-242,,99999,34.58467500,-78.656272220,0,8,0,0,1,1,1,0,2,1,0,1,0,0000000,99,99,99,99,88,88,0,0,0,1,0
37,370327,2,2,0,2,51,0,9,5,2010,1,23,12,0,3,3,SR-87,,99999,35.06906389,-78.905525000,0,12,2,0,1,1,1,0,2,1,0,1,0,0000000,23,20,23,28,99,99,0,0,0,1,1
37,370328,3,3,0,3,63,1360,3,5,2010,2,7,52,1,11,1,I-85,,99999,36.01869722,-78.900033330,0,12,1,0,1,1,1,0,1,1,0,1,0,0000000,7,52,8,4,8,19,0,0,0,1,0
37,370329,1,1,0,2,65,4560,9,5,2010,1,11,7,0,16,6,MCNAIR RD,,99999,35.90678056,-77.594891670,0,32,0,0,1,1,4,0,1,1,0,1,0,0000000,99,99,99,99,99,99,0,0,0,1,0
37,370330,1,1,0,1,69,0,7,5,2010,6,20,5,0,5,4,RP-1211,,99999,36.09509444,-78.304025000,0,1,0,0,1,1,4,0,1,1,0,1,0,0000000,99,99,99,99,88,88,0,0,0,1,0
37,370331,1,1,0,1,81,0,14,5,2010,6,23,5,0,6,4,RP-3045,,99999,36.08274722,-79.680575000,0,43,0,0,1,1,4,0,2,10,2,2,0,0000000,23,8,23,25,23,49,0,0,0,1,0
37,370332,1,1,1,3,85,1350,10,5,2010,2,23,52,1,11,1,I-95,,99999,35.33221111,-78.563747220,0,8,0,0,1,1,1,0,2,1,0,1,0,0000000,99,99,99,99,88,88,0,0,0,1,0
37,370333,1,1,0,2,89,0,10,5,2010,2,11,30,0,6,4,RU-1602,,99999,35.38163333,-82.311030560,0,1,0,0,1,1,1,0,1,1,0,1,0,0000000,11,39,12,3,12,42,0,0,0,1,0
37,370334,1,1,0,1,101,0,8,5,2010,7,21,10,1,1,1,I-40,,99999,35.26580556,-78.388308330,0,59,0,0,1,1,3,0,2,1,0,1,0,0000000,21,16,21,26,22,38,0,0,0,1,1
37,370335,1,1,0,1,105,0,12,5,2010,4,2,45,0,5,4,RP-1146,,99999,35.38779167,-79.146966670,0,43,0,0,1,1,4,0,2,1,0,1,0,0000000,99,99,99,99,88,88,0,0,0,1,1
37,370336,1,1,0,1,119,2280,5,5,2010,4,21,49,0,16,6,BEATTIES FORD RD,BUD HENDERSON RD,99999,35.40101389,-80.924177780,0,30,0,0,2,2,4,0,3,1,0,1,0,0000000,21,45,22,1,88,88,0,0,0,1,1
37,370337,1,1,0,3,131,0,5,5,2010,4,16,44,0,4,2,US-301,,99999,36.45953611,-77.556266670,0,34,0,0,1,1,4,0,1,1,0,1,0,0000000,99,99,99,99,99,99,0,0,0,1,0
37,370338,2,2,0,2,147,0,14,5,2010,6,16,29,0,5,3,SR-43,SR-102,99999,35.41927222,-77.257919440,0,12,6,0,2,2,1,0,1,1,0,1,0,0000000,99,99,99,99,88,88,0,0,0,1,0
37,370339,1,1,0,1,151,0,10,5,2010,2,17,2,0,6,4,RP-2458,,99999,35.78871667,-79.651480560,0,35,0,0,1,1,4,0,1,1,0,1,0,0000000,17,3,17,8,17,39,20,0,0,1,1
37,370340,1,1,1,1,155,0,13,5,2010,5,18,35,0,6,4,RP-1515,,99999,34.70394167,-79.171427780,0,8,0,0,1,1,1,0,1,1,0,1,0,0000000,99,99,99,99,99,99,0,0,0,1,0
37,370341,2,2,0,2,155,0,15,5,2010,7,22,0,0,4,4,RP-1318,,99999,34.78765556,-79.224644440,0,12,2,0,1,1,1,0,2,1,0,1,0,0000000,21,56,22,3,23,38,0,0,0,2,0
37,370342,2,2,0,2,167,3280,13,5,2010,5,15,30,1,13,2,US-52,RP-1214,99999,35.42598611,-80.214958330,0,12,6,0,2,3,1,0,1,1,0,1,0,0000000,15,28,15,32,88,88,0,0,0,1,0
37,370343,2,2,0,2,183,0,12,5,2010,4,10,6,0,3,4,RP-1006,,99999,35.68149167,-78.653441670,0,12,6,0,1,1,1,0,1,1,0,1,0,0000000,99,99,99,99,99,99,0,0,0,1,1
37,370344,1,1,0,2,183,0,15,5,2010,7,4,32,0,6,4,RP-2700,,99999,35.64976389,-78.540230560,0,42,0,0,1,1,4,0,2,1,0,1,0,0000000,99,99,99,99,99,99,0,0,0,1,0
37,370345,1,1,0,2,183,0,15,5,2010,7,7,16,0,6,4,RP-1375,,99999,35.70135833,-78.668805560,0,1,0,0,1,1,4,0,1,1,0,1,0,0000000,99,99,99,99,99,99,0,0,0,1,1
37,370346,2,2,0,3,191,0,12,5,2010,4,17,39,0,4,3,SR-55,RP-1744,99999,35.17829722,-78.085669440,0,12,6,0,2,2,1,0,1,1,0,1,0,0000000,17,28,17,35,18,26,0,0,0,1,0
37,370347,1,1,0,2,193,0,15,5,2010,7,20,46,0,5,4,RP-2324,,99999,36.15624167,-80.995416670,0,35,0,0,1,1,4,0,2,1,0,1,0,0000000,20,46,20,56,22,5,0,0,0,1,1
37,370348,1,1,0,4,195,5070,30,1,2010,7,1,33,0,16,6,HINES ST,,99999,35.71718056,-77.899075000,0,42,0,0,1,1,4,0,3,3,4,4,0,0000000,1,33,1,41,2,8,0,0,0,1,0
37,370349,4,4,0,6,51,1670,5,2,2010,6,17,47,0,16,6,OWEN DR,,99999,35.02015556,-78.917027780,0,12,7,0,1,1,1,0,3,10,2,2,0,0000000,17,41,17,46,18,6,0,0,0,1,0
37,370350,1,1,1,4,71,0,6,2,2010,7,23,33,0,6,4,RP-1620,,99999,99.99990000,999.999900000,0,8,0,0,1,1,2,0,2,1,0,1,0,0000000,23,26,23,37,0,2,0,0,0,1,1
37,370351,2,2,1,2,119,2940,6,2,2010,7,0,54,1,12,2,US-74,,99999,35.10572500,-80.684108330,0,8,0,0,1,1,1,0,2,10,2,2,0,0000000,99,99,99,99,88,88,0,0,0,1,0
37,370352,2,2,0,3,17,0,10,3,2010,4,8,4,0,3,3,SR-87,RP-1155,99999,34.63335000,-78.625716670,0,12,6,0,2,2,1,0,1,1,0,1,0,0000000,8,2,8,8,8,22,0,0,0,2,0
37,370353,1,1,0,1,23,0,12,3,2010,6,16,5,0,4,4,RP-1149,,99999,35.63686111,-81.794672220,0,32,0,0,1,1,4,0,1,10,0,10,0,0000000,16,5,16,13,17,18,0,0,0,1,0
37,370354,2,2,0,11,47,4550,29,3,2010,2,19,22,0,16,6,E FIFTH ST,,99999,34.15755556,-78.857888890,0,12,6,0,4,1,1,0,5,10,2,2,0,0000000,19,23,19,30,20,18,0,0,0,1,0
37,370355,1,1,0,1,51,1670,2,3,2010,3,1,51,0,16,6,SKIBO RD,,99999,35.07103056,-78.965950000,0,1,0,0,1,1,4,0,3,1,0,1,0,0000000,1,54,2,0,99,99,0,0,0,1,1
37,370356,3,3,0,4,51,1670,19,3,2010,6,14,54,0,16,6,BRAGG GLVD,GLENVILLE AVE,99999,35.06491944,-78.912819440,0,12,6,0,2,3,1,0,1,10,0,10,0,0000000,14,57,15,3,15,25,0,0,0,1,0
37,370357,1,1,0,2,81,2170,27,3,2010,7,16,19,0,16,6,TRIANGLE LAKE RD,,99999,35.95487222,-79.954375000,0,32,0,0,1,1,4,0,1,1,0,1,0,0000000,16,20,16,28,16,45,0,0,0,1,1
37,370358,2,2,0,2,183,800,5,3,2010,6,21,43,0,13,4,RP-3081,,99999,99.99990000,999.999900000,0,12,2,0,1,1,1,0,3,1,0,1,0,0000000,99,99,99,99,99,99,0,0,0,1,2
37,370360,1,1,0,1,183,3750,24,3,2010,4,17,30,0,15,6,NOWELL RD,,99999,35.78864722,-78.734808330,0,34,0,0,1,1,4,0,1,1,0,1,0,0000000,99,99,99,99,99,99,0,0,0,1,0
37,370361,2,2,0,3,193,0,26,3,2010,6,11,50,0,3,3,SR-18,,99999,36.16019167,-81.143302780,0,12,2,0,1,1,1,0,1,10,0,10,0,0000000,11,54,12,8,99,99,0,0,0,1,0
37,370362,3,3,4,2,21,170,23,4,2010,6,1,50,1,11,1,I-240,,99999,35.59562222,-82.530497220,0,8,0,0,1,1,1,2,2,10,0,10,0,0000000,99,99,99,99,99,99,0,0,0,1,0
37,370363,2,2,0,3,21,170,27,4,2010,3,15,54,0,13,2,US-25,VALLEY SPRINGS RD,99999,35.51595000,-82.528094440,0,12,6,0,2,2,1,0,1,2,0,2,0,0000000,99,99,99,99,99,99,0,0,0,1,0
37,370364,1,1,0,1,27,2590,26,4,2010,2,19,5,0,16,6,WOODBINE ST,,99999,35.92874444,-81.508511110,0,42,0,0,98,1,4,0,1,1,0,1,0,0000000,99,99,99,99,99,99,0,0,0,1,1
37,370365,2,2,0,6,35,0,4,4,2010,1,18,18,1,2,2,US-321 BUSINESS,,99999,35.58508333,-81.214886110,0,12,2,0,1,1,1,0,1,1,0,1,0,0000000,18,17,18,22,18,55,0,0,0,1,0
37,370366,1,1,1,4,51,1670,18,4,2010,1,21,38,0,16,6,CEDARCREEK RD,,99999,34.85107222,-78.732833330,0,8,0,0,1,1,1,0,3,1,0,1,0,0000000,21,40,21,52,22,11,0,0,0,1,0
37,370367,2,2,0,5,51,1670,24,4,2010,7,14,33,0,16,6,CAMDEN RD,CUMBERLAND RD,99999,35.02240556,-78.902522220,0,12,6,0,2,2,1,0,1,1,0,1,0,0000000,14,40,14,42,14,54,0,0,0,2,0
37,370368,1,1,0,2,63,1360,17,4,2010,7,1,46,0,14,3,SR-15,,99999,36.01132222,-78.955413890,0,24,0,0,1,1,3,0,2,1,0,1,0,0000000,1,49,2,0,99,99,0,0,0,1,1
37,370369,2,2,0,3,97,0,28,4,2010,4,21,0,1,2,2,US-21,,99999,35.72141389,-80.897119440,0,12,2,0,1,1,1,0,2,1,0,1,0,0000000,20,49,20,55,99,99,0,0,0,1,0
37,370370,1,1,1,1,119,870,14,4,2010,4,22,50,0,16,6,TRYON STREET,,99999,35.28668611,-80.760883330,0,8,0,0,1,1,1,0,2,1,0,1,0,0000000,22,49,22,58,88,88,0,0,0,1,0
37,370371,2,2,0,2,125,0,30,4,2010,6,7,48,0,16,5,FOXFIRE ROAD,,99999,35.17998333,-79.567988890,0,12,2,0,1,1,1,0,1,1,0,1,0,0000000,99,99,99,99,99,99,0,0,0,1,1
37,370372,2,2,0,4,135,860,16,4,2010,6,8,44,0,16,6,MLK JR BLVD,PEGASUS DRIVE,99999,99.99990000,999.999900000,0,12,6,0,2,3,1,0,1,1,0,1,0,0000000,99,99,99,99,99,99,0,0,0,1,0
37,370373,3,3,0,8,173,875,2,4,2010,6,15,52,1,2,2,US-19,,99999,35.46603611,-83.354108330,3,12,6,0,1,1,1,0,1,1,0,1,0,0000000,15,52,15,56,16,37,0,0,0,1,0
37,370374,2,2,0,2,183,4790,11,4,2010,1,17,5,0,15,6,WHITE STREET,ELM AVE,99999,35.97546667,-78.510613890,0,12,6,0,2,2,1,0,1,1,0,1,0,0000000,99,99,99,99,99,99,0,0,0,1,1
37,370375,1,1,0,2,183,3750,27,4,2010,3,16,9,0,14,6,LYNN ROAD,,99999,35.87318611,-78.681394440,0,5,0,0,1,1,1,0,1,1,0,1,0,0000000,16,10,16,18,16,33,0,0,0,1,0
37,370376,1,1,0,1,15,0,16,5,2010,1,3,32,0,6,4,RP-1360,RP-1358,99999,36.07865278,-76.756352780,0,33,0,0,3,2,1,0,2,10,0,10,0,0000000,99,99,99,99,99,99,0,0,0,1,1
37,370377,2,2,0,2,27,2590,12,5,2010,4,14,58,0,16,6,MCCLEAN DRIVE EXT,,99999,35.89892778,-81.522288890,0,12,2,0,1,1,1,0,1,1,0,1,0,0000000,16,35,16,43,17,11,0,0,0,1,0
37,370378,2,2,0,2,35,2150,6,5,2010,5,7,4,0,6,6,8TH STREET NE,HIGHLAND AVE NE,99999,35.73808333,-81.324019440,0,12,6,0,2,2,1,0,1,1,0,1,0,0000000,7,5,7,9,7,31,0,0,0,1,0
37,370379,1,1,0,1,59,0,6,5,2010,5,19,22,0,5,4,RP-1600,,99999,35.93096944,-80.498541670,0,35,0,0,1,1,4,0,1,1,0,1,0,0000000,19,20,19,27,88,88,0,0,0,1,1
37,370380,2,2,0,8,63,1360,8,5,2010,7,23,33,1,11,1,I-85,,99999,36.01989444,-78.903122220,0,12,1,0,1,1,1,0,3,1,0,1,0,0000000,23,33,23,38,23,52,0,0,0,1,1
37,370381,2,2,0,2,63,1360,18,5,2010,3,1,44,0,16,6,HILLSBOROUGH ROAD,,99999,36.01581389,-78.936472220,0,12,2,0,1,1,1,0,3,2,0,2,0,0000000,1,49,1,57,99,99,0,0,0,1,2
37,370382,2,2,0,2,65,0,11,5,2010,3,23,35,0,4,3,SR-42,SR-33,99999,35.79493889,-77.536616670,0,12,6,0,2,2,1,0,2,1,0,1,0,0000000,99,99,99,99,99,99,0,0,0,1,0
37,370383,2,2,0,3,85,0,13,5,2010,5,22,13,0,6,4,RP-1120,,99999,35.25695278,-78.967700000,0,12,8,0,1,1,1,0,2,1,0,1,0,0000000,22,6,22,15,23,0,0,0,0,2,1
37,370384,3,3,0,3,97,0,13,5,2010,5,23,20,1,11,1,I-77,,99999,35.52999444,-80.862350000,0,12,1,0,1,1,1,0,3,2,0,2,0,0000000,23,19,23,27,23,46,14,0,0,1,1
37,370385,1,1,0,1,123,0,1,5,2010,7,16,10,0,6,4,RP-1323,,99999,99.99990000,999.999900000,0,34,0,0,1,1,4,0,1,1,0,1,0,0000000,16,7,16,22,88,88,0,0,0,1,1
37,370386,1,1,0,1,173,0,8,5,2010,7,2,46,1,2,2,US-74,,99999,35.43095278,-83.400125000,0,24,0,0,1,1,3,0,2,10,0,10,0,0000000,99,99,99,99,88,88,0,0,0,1,1
37,370388,1,1,1,1,1,0,22,5,2010,7,23,30,0,5,4,RP-1902,,99999,36.22996111,-79.295133330,0,9,0,0,1,1,1,0,2,5,0,5,0,0000000,23,39,23,53,0,58,0,0,0,1,1
37,370389,1,1,0,1,1,700,5,6,2010,7,17,41,1,11,1,I-40,,99999,36.06822500,-79.492155560,0,1,0,0,1,1,1,0,1,1,0,1,0,0000000,17,41,17,49,18,44,0,0,0,1,1
37,370390,2,2,0,2,9,0,4,6,2010,6,12,23,0,6,4,RP-1580,,99999,36.42134167,-81.448055560,0,12,2,0,1,1,1,0,1,2,0,2,0,0000000,12,27,12,30,88,88,0,0,0,1,0
37,370391,2,2,0,2,11,0,18,6,2010,6,13,8,1,2,2,US-19,,99999,35.95136389,-82.001825000,0,12,8,0,1,1,1,0,1,1,0,1,0,0000000,99,99,99,99,99,99,0,0,0,1,0
37,370392,1,1,0,1,13,0,11,6,2010,6,3,35,0,6,4,RP-1327,,99999,35.52114167,-76.975208330,0,1,0,0,1,1,2,0,2,1,0,1,0,0000000,3,32,3,36,88,88,0,0,0,1,1
37,370393,2,2,0,2,19,0,27,5,2010,5,15,58,0,4,3,SR-211,,99999,34.01294167,-78.266150000,0,12,2,0,1,1,1,0,1,1,0,1,0,0000000,16,34,16,35,17,0,0,0,0,1,1
37,370394,2,2,0,2,21,170,10,5,2010,2,15,4,0,14,3,SR-146,,99999,35.48419167,-82.530111110,0,12,2,0,1,1,1,0,1,1,0,1,0,0000000,15,6,15,9,99,99,0,0,0,1,0
37,370395,2,2,0,3,21,170,13,5,2010,5,19,0,0,16,6,CHUNNS COVE ROAD,,99999,35.59574444,-82.531625000,0,12,6,0,1,1,1,0,1,10,2,2,0,0000000,19,1,19,8,19,21,0,0,0,1,1
37,370396,1,1,0,1,21,170,8,5,2010,7,8,39,0,16,6,FANNING BRIDGE ROAD,,99999,35.43150278,-82.533877780,0,42,0,0,1,1,6,0,1,1,0,1,0,0000000,99,99,99,99,99,99,0,0,0,1,0
37,370397,1,1,0,1,21,0,26,5,2010,4,16,41,1,11,1,I-40,,99999,35.59554167,-82.400272220,0,42,0,1,5,1,4,0,1,1,0,1,0,0000000,99,99,99,99,99,99,0,0,0,1,1
37,370398,1,1,0,4,23,0,30,5,2010,1,18,55,0,5,4,RP-1405,,99999,35.87726389,-81.744975000,0,1,0,0,1,1,5,0,1,1,0,1,0,0000000,18,3,18,3,99,99,0,0,0,3,1
37,370399,1,1,0,1,23,0,5,6,2010,7,11,25,0,3,3,SR-181,,99999,35.86589167,-81.794158330,0,1,0,0,1,1,4,0,1,1,0,1,0,0000000,11,27,11,38,88,88,0,0,0,1,0
37,370400,1,1,0,1,23,0,5,6,2010,7,11,45,0,5,4,RP-1924,,99999,35.58061667,-81.567436110,0,35,0,0,1,1,4,0,1,1,0,1,0,0000000,11,37,11,42,88,88,0,0,0,1,0
37,370401,1,1,0,1,25,1040,27,5,2010,5,17,41,1,11,1,I-85,,99999,35.44752500,-80.603000000,0,35,0,0,1,1,3,0,1,1,0,1,0,0000000,17,39,17,50,88,88,0,0,0,1,0
37,370402,1,1,0,1,25,0,31,5,2010,2,6,17,0,5,4,RP-1152,,99999,35.34371389,-80.576669440,0,34,0,0,1,1,4,0,4,10,0,10,0,0000000,6,14,6,21,99,99,0,0,0,1,1
37,370403,2,2,0,2,25,0,5,6,2010,7,15,14,1,2,2,US-601,RP-1119,99999,35.22283333,-80.512533330,0,12,6,0,2,3,1,0,1,1,0,1,0,0000000,14,39,14,50,99,99,0,0,0,1,0
37,370404,1,1,0,2,25,0,12,6,2010,7,14,44,0,4,3,SR-73,,99999,35.41455000,-80.535558330,0,1,0,0,1,1,4,0,1,1,0,1,0,0000000,14,32,14,43,99,99,0,0,0,1,0
37,370405,1,1,0,1,25,2390,18,6,2010,6,12,14,0,16,6,KANNAPOLIS PARKWAY,,99999,99.99990000,999.999900000,9,30,0,0,1,1,4,0,1,1,0,1,0,0000000,12,12,12,18,13,2,0,0,0,1,0
37,370406,1,1,0,2,27,0,28,5,2010,6,1,51,0,6,4,RP-1123,,99999,35.80639722,-81.493319440,0,42,0,0,1,1,4,0,2,1,0,1,0,0000000,2,0,2,9,2,25,0,0,0,1,1
37,370407,1,1,0,2,27,0,1,6,2010,3,14,52,0,6,4,RP-1143,,99999,35.86477778,-81.599944440,0,23,0,0,1,1,4,0,1,1,0,1,0,0000000,14,50,15,0,15,36,0,0,0,1,0
37,370408,1,1,0,1,27,0,11,6,2010,6,21,20,0,6,4,RP-1503,,99999,36.07411111,-81.551255560,0,1,0,0,1,1,4,0,2,1,0,1,0,0000000,20,51,21,22,23,20,0,0,0,1,1
37,370409,2,1,0,1,27,0,12,6,2010,7,5,49,0,6,4,RP-1122,,99999,35.81013889,-81.483127780,0,30,0,0,1,1,4,0,4,1,0,1,0,0000000,5,46,5,58,6,36,14,0,0,1,1
37,370410,1,1,0,2,35,0,4,5,2010,3,3,49,0,3,3,SR-150,,99999,35.57285833,-81.022066670,0,35,0,0,1,1,4,0,2,1,0,1,0,0000000,3,51,3,59,4,28,0,0,0,1,0
37,370411,1,1,0,1,35,0,15,6,2010,3,18,14,0,5,4,RP-1815,,99999,35.58471667,-81.014783330,0,32,0,0,1,1,4,0,1,10,0,10,0,0000000,18,13,18,20,18,48,0,0,0,1,1
37,370412,2,2,0,2,43,0,6,6,2010,1,19,10,1,2,2,US-64,,99999,35.03300000,-83.735197220,0,12,1,0,1,1,2,0,1,2,0,2,0,0000000,19,4,19,25,20,21,0,0,0,1,0
37,370413,2,2,0,3,45,0,19,5,2010,4,22,2,0,3,3,SR-180,RP-1908,99999,35.33188056,-81.499222220,0,12,6,0,2,2,1,0,2,1,0,1,0,0000000,22,2,22,8,23,38,0,0,0,1,0
37,370414,1,1,1,2,45,0,5,6,2010,7,22,13,1,2,2,US-74,,99999,35.25981111,-81.369811110,0,8,0,0,1,1,1,0,2,1,0,1,0,0000000,99,99,99,99,99,99,0,0,0,1,0
37,370415,1,1,1,2,45,2440,13,6,2010,1,3,21,1,12,2,US-74,,99999,35.25215556,-81.345177780,0,8,0,0,1,1,1,0,2,1,0,1,0,0000000,3,29,3,33,4,21,0,0,0,1,0
37,370416,2,2,0,2,47,0,24,5,2010,2,8,25,0,5,4,RP-1740,,99999,99.99990000,999.999900000,9,12,2,0,1,1,1,0,1,10,0,10,0,0000000,8,26,8,35,99,99,0,0,0,2,0
37,370417,2,2,0,5,47,0,29,5,2010,7,15,46,0,3,3,SR-87,SR-11,99999,34.37616944,-78.277286110,0,12,6,0,2,2,1,0,1,10,0,10,0,0000000,16,4,16,10,16,49,0,0,0,1,0
37,370418,2,2,0,3,47,0,11,5,2010,3,0,15,1,2,2,US-74,,99999,34.33131667,-78.406891670,0,12,1,0,1,1,1,0,2,1,0,1,0,0000000,0,12,0,28,1,9,0,0,0,1,0
37,370419,2,2,0,4,47,0,7,6,2010,2,13,55,1,2,2,US-701,RP-1156,99999,99.99990000,999.999900000,0,12,6,0,3,3,1,0,1,1,0,1,0,0000000,99,99,99,99,99,99,0,0,0,1,0
37,370420,1,1,0,1,49,0,9,5,2010,1,1,35,0,5,4,RP-1224,,99999,35.18278889,-77.203847220,0,53,0,0,1,1,4,0,2,1,0,1,0,0000000,99,99,99,99,88,88,0,0,0,1,1
37,370421,2,2,0,2,55,2435,21,5,2010,6,19,37,1,2,2,US-158,,99999,36.01004167,-75.658766670,0,12,6,0,8,1,1,0,1,1,0,1,0,0000000,19,38,19,41,20,25,0,0,0,1,1
37,370422,2,2,0,3,57,0,21,5,2010,6,23,23,1,2,2,US-64,RP-2403,99999,35.82344722,-80.220758330,0,12,6,0,2,3,1,0,2,1,0,1,0,0000000,23,17,23,23,99,99,0,0,0,1,0
37,370423,1,1,0,2,57,2620,29,5,2010,7,6,56,1,11,1,I-85,,99999,35.77705278,-80.271047220,0,42,0,0,1,1,4,0,4,1,0,1,0,0000000,7,1,7,18,7,42,0,0,0,1,0
37,370424,2,2,0,3,57,0,29,5,2010,7,17,50,0,4,3,SR-47,,99999,99.99990000,999.999900000,0,12,6,0,8,1,1,0,1,1,0,1,0,0000000,17,51,17,57,18,49,0,0,0,1,0
37,370425,1,1,0,1,57,0,15,6,2010,3,13,47,0,4,4,RP-2205,,99999,35.86255278,-80.067113890,0,53,0,0,1,1,4,0,1,1,0,1,0,0000000,13,46,13,55,88,88,0,0,0,1,0
37,370426,1,1,0,1,61,0,7,5,2010,6,7,15,0,6,4,RP-1704,,99999,35.00314444,-77.814530560,0,34,0,0,1,1,4,0,1,1,0,1,0,0000000,7,34,7,49,8,7,0,0,0,1,0
37,370427,2,1,2,1,61,0,2,6,2010,4,7,59,1,1,1,I-40,,99999,34.99358056,-78.129316670,0,45,0,0,1,1,2,0,1,1,0,1,0,0000000,8,26,8,59,9,24,0,0,0,1,0
37,370428,2,2,0,3,63,1360,1,6,2010,3,15,27,0,14,3,SR-54,,99999,35.91880556,-78.969383330,0,12,2,0,1,1,1,0,1,10,0,10,0,0000000,15,27,15,34,99,99,0,0,0,1,0
37,370429,2,2,0,4,65,0,21,5,2010,6,17,50,0,4,3,SR-33,SR-42,99999,35.79505000,-77.536697220,0,12,6,0,2,2,1,0,1,1,0,1,0,0000000,99,99,99,99,99,99,0,0,0,1,0
37,370430,1,1,0,1,67,2430,6,5,2010,5,14,33,1,11,1,I-40,,99999,36.08476111,-80.068530560,0,24,0,0,1,1,4,0,1,1,0,1,0,0000000,14,32,14,41,15,2,0,0,0,1,0
37,370431,4,1,3,1,67,5120,17,5,2010,2,9,10,1,12,2,US-311,,99999,36.06713889,-80.229722220,0,14,0,0,1,1,3,0,1,2,0,2,0,0000000,9,10,9,20,9,44,0,0,0,1,0
37,370432,2,2,0,3,67,2430,17,5,2010,2,21,38,1,11,1,I-40,,99999,36.08476111,-80.068530560,0,12,2,0,1,1,1,0,2,10,0,10,0,0000000,21,41,21,48,99,99,0,0,0,1,0
37,370433,2,2,0,2,67,5120,20,5,2010,5,0,54,1,12,2,US-52,,99999,36.08684167,-80.230408330,0,12,2,0,1,1,1,0,2,1,0,1,0,0000000,0,56,1,4,1,46,0,0,0,2,1
37,370434,1,1,0,2,67,0,30,5,2010,1,2,14,0,6,4,RP-1434,,99999,36.13233056,-80.372800000,0,1,0,0,1,1,4,0,2,1,0,1,0,0000000,2,11,2,18,2,40,0,0,0,1,1
37,370435,1,1,0,2,67,5120,6,6,2010,1,2,37,0,15,6,N LIBERTY ST,,99999,36.11333333,-80.234700000,0,18,0,0,1,1,5,0,3,1,0,1,0,0000000,2,37,2,41,2,59,0,0,0,1,1
37,370436,1,1,1,1,67,5120,11,6,2010,6,22,22,0,15,6,LIBERTY ST,,99999,36.09419167,-80.244311110,0,15,0,0,1,1,1,0,3,1,0,1,0,0000000,22,59,23,3,23,21,0,0,0,1,0