STATE,ST_CASE,VE_TOTAL,VE_FORMS,PEDS,PERSONS,COUNTY,CITY,DAY,MONTH,YEAR,DAY_WEEK,HOUR,MINUTE,NHS,ROAD_FNC,ROUTE,TWAY_ID,TWAY_ID2,MILEPT,LATITUDE,LONGITUD,SP_JUR,HARM_EV,MAN_COLL,RELJCT1,RELJCT2,TYP_INT,REL_ROAD,WRK_ZONE,LGT_COND,WEATHER1,WEATHER2,WEATHER,SCH_BUS,RAIL,NOT_HOUR,NOT_MIN,ARR_HOUR,ARR_MIN,HOSP_HR,HOSP_MN,CF1,CF2,CF3,FATALS,DRUNK_DR
37,370437,1,1,0,5,67,5120,10,6,2010,5,14,57,0,15,6,PETERS CREEK PKWY,,99999,36.03521944,-80.260705560,0,35,0,0,1,1,3,0,1,1,0,1,0,0000000,14,58,15,7,15,22,0,0,0,1,0
37,370438,2,2,0,8,71,1800,9,5,2010,1,10,50,0,16,6,N YORK ST,W LONG AVE,99999,35.26524444,-81.184930560,0,12,6,0,2,2,1,0,1,1,0,1,0,0000000,10,54,11,6,11,49,0,0,0,1,0
37,370439,2,2,0,2,71,0,14,6,2010,2,13,7,0,6,4,RP-1907,,99999,35.39003056,-81.038675000,0,12,2,0,1,1,1,0,1,1,0,1,0,0000000,13,0,13,9,99,99,0,0,0,1,0
37,370440,1,1,0,1,75,0,18,5,2010,3,14,2,0,4,2,US-129,,99999,35.24898333,-83.702944440,0,1,0,0,1,1,1,0,1,1,0,1,0,0000000,14,3,14,6,14,33,0,0,0,1,0
37,370441,1,1,0,2,75,0,7,6,2010,2,11,52,0,4,3,SR-28,,99999,35.39457778,-83.589991670,0,1,0,0,1,1,1,0,1,1,0,1,0,0000000,99,99,99,99,99,99,0,0,0,1,0
37,370442,2,2,0,4,81,1940,6,5,2010,5,14,0,0,16,6,MARTIN AVE,SPRY ST,99999,36.11998889,-79.759883330,0,12,6,0,2,2,1,0,1,1,0,1,0,0000000,14,2,14,4,14,32,0,0,0,1,0
37,370443,6,6,0,13,81,1940,9,5,2010,1,18,8,1,11,1,I-40,,99999,36.06131111,-79.922791670,0,12,1,0,1,1,1,0,1,1,0,1,0,0000000,18,7,18,13,18,33,0,0,0,2,0
37,370444,2,2,0,4,81,1940,9,5,2010,1,22,10,1,11,1,I-40,,99999,36.06131111,-79.673538890,0,12,1,0,1,1,1,0,2,1,0,1,0,0000000,20,13,20,21,20,38,0,0,0,3,0
37,370445,2,2,0,2,81,1940,13,5,2010,5,18,23,0,16,6,AIRPORT CENTER DR,,99999,36.10806389,-79.958497220,0,12,2,0,1,1,1,0,1,1,0,1,0,0000000,18,22,18,36,88,88,0,0,0,1,0
37,370446,1,1,0,1,81,3665,19,5,2010,4,23,29,0,14,4,RP-3505,RP-3433,99999,35.91477500,-79.808894440,0,34,0,0,2,3,4,0,2,1,0,1,0,0000000,23,25,23,38,0,2,0,0,0,1,1
37,370447,2,2,0,3,81,0,20,5,2010,5,19,28,0,4,3,SR-62,RP-1161,99999,35.91984722,-79.921161110,0,12,6,0,2,3,1,0,1,1,0,1,0,0000000,19,25,19,42,20,5,0,0,0,2,0
37,370448,4,1,1,1,81,1940,22,5,2010,7,19,25,0,16,6,N RALEIGH ST,,99999,36.08038889,-79.758597220,0,8,0,0,1,1,4,0,3,10,2,2,0,0000000,19,24,19,29,19,35,0,0,0,1,0
37,370449,2,2,0,5,81,0,23,5,2010,1,11,43,1,2,2,US-29,RP-1144,99999,35.97376944,-79.916611110,0,12,6,0,2,2,1,0,1,1,0,1,0,0000000,11,39,11,49,12,12,0,0,0,2,0
37,370450,1,1,0,4,81,1940,29,5,2010,7,3,19,0,14,6,YANCEYVILLE ST,,99999,36.11007500,-79.774475000,0,53,0,0,1,1,4,0,3,10,0,10,0,0000000,99,99,99,99,99,99,0,0,0,1,1
37,370451,5,5,0,10,85,0,10,6,2010,5,22,36,0,3,3,SR-24,LINDEN OAKS,99999,35.25886667,-79.049322220,0,12,1,0,3,2,1,0,2,1,0,1,0,0000000,22,35,22,43,23,30,0,0,0,1,1
37,370452,3,3,0,3,93,0,15,5,2010,7,8,2,0,5,4,RP-1422,RP-1413,99999,34.96931944,-79.102419440,0,12,6,0,2,2,1,0,1,1,0,1,0,0000000,99,99,99,99,99,99,0,0,0,1,1
37,370453,2,2,0,3,93,0,5,6,2010,7,18,0,0,6,4,RP-1409,,99999,35.03210556,-79.101819440,0,12,2,0,1,1,1,0,1,1,0,1,0,0000000,99,99,99,99,99,99,0,0,0,2,1
37,370454,1,1,0,1,93,0,13,6,2010,1,19,35,0,6,4,RP-1466,,99999,34.95841667,-79.053583330,0,32,0,0,1,1,4,0,1,1,0,1,0,0000000,99,99,99,99,99,99,0,0,0,1,1
37,370455,1,1,0,2,97,0,30,5,2010,1,22,55,0,6,4,RP-1308,,99999,35.62102500,-80.828561110,0,32,0,0,1,1,4,0,2,1,0,1,0,0000000,23,1,23,11,99,99,0,0,0,1,0
37,370456,1,1,0,1,97,0,5,6,2010,7,15,24,0,4,3,SR-115,,99999,35.71975833,-80.900575000,0,1,0,0,1,1,2,0,1,1,0,1,0,0000000,15,22,15,28,15,53,0,0,0,1,0
37,370457,1,1,0,1,99,0,5,6,2010,7,20,0,0,3,3,SR-107,,99999,35.32815000,-83.193541670,0,42,0,0,1,1,3,0,5,1,0,1,0,0000000,99,99,99,99,88,88,0,0,0,1,1
37,370458,1,1,0,1,101,0,26,5,2010,4,23,56,0,6,4,RP-1533,,99999,35.55743611,-78.595933330,0,42,0,0,1,1,4,0,2,1,0,1,0,0000000,23,57,0,8,88,88,0,0,0,1,1
37,370459,1,1,0,2,101,0,6,6,2010,1,23,12,0,6,4,RP-2519,,99999,35.44368056,-78.220252780,0,34,0,0,1,1,3,0,2,2,0,2,0,0000000,99,99,99,99,99,99,0,0,0,1,0
37,370460,2,2,0,2,105,4090,14,5,2010,6,22,55,0,12,6,JEFFERSON DAVIS HWY,,99999,35.35209722,-79.234086110,0,12,2,0,1,1,1,0,2,1,0,1,0,0000000,23,0,23,3,0,31,0,0,0,2,1
37,370461,1,1,0,4,105,4090,29,5,2010,7,1,21,0,15,6,JEFFERSON DAVIS HWY,,99999,35.35209722,-79.234772220,0,35,0,0,1,1,4,8,2,10,0,10,0,0000000,1,23,1,30,99,99,0,0,0,2,0
37,370462,1,1,0,1,107,0,22,5,2010,7,22,10,0,6,4,RP-1801,,99999,35.35321667,-77.453011110,0,34,0,0,1,1,4,0,2,1,0,1,0,0000000,22,13,22,21,23,35,0,0,0,1,1
37,370463,1,1,0,1,113,0,24,5,2010,2,11,25,0,3,2,US-64,,99999,35.06218056,-83.212166670,0,1,0,0,1,1,2,0,1,10,0,10,0,0000000,11,26,11,44,12,3,0,0,0,1,0
37,370464,1,1,0,4,113,0,5,6,2010,7,14,15,0,4,2,US-19,,99999,35.24856389,-83.702602780,0,25,0,0,1,1,4,0,1,2,0,2,0,0000000,14,20,14,36,15,45,0,0,0,1,0
37,370465,1,1,1,1,119,870,7,5,2010,6,17,53,0,16,6,HICKORY GROVE RD,DOGWOOD PLACE,99999,35.22262500,-80.727538890,0,8,0,0,3,2,1,0,1,1,0,1,1,0000000,17,54,17,59,18,22,0,0,0,1,0
37,370466,2,2,1,2,119,870,11,5,2010,3,7,48,0,15,6,THE PLAZA,,99999,35.24744167,-80.786419440,0,8,0,0,1,1,1,0,1,1,0,1,0,0000000,7,48,7,51,8,11,0,0,0,1,0
37,370467,1,1,0,1,119,870,28,5,2010,6,5,37,0,14,6,SHARON RD,,99999,35.13086111,-80.842894440,0,42,0,0,1,1,4,0,4,1,0,1,0,0000000,5,38,5,45,88,88,0,0,0,1,1
37,370468,1,1,0,1,125,0,27,5,2010,5,22,42,0,6,4,RP-1245,,99999,35.31960833,-79.466686110,0,42,0,0,1,1,4,0,2,1,0,1,0,0000000,99,99,99,99,88,88,0,0,0,1,1
37,370469,1,1,0,5,127,0,29,5,2010,7,17,50,1,1,1,I-95,,99999,35.95021944,-77.892380560,0,42,0,0,1,1,3,0,1,1,0,1,0,0000000,17,57,18,6,99,99,0,0,0,4,0
37,370470,1,1,1,2,127,0,19,6,2010,7,8,20,1,1,1,I-95,,99999,35.95021944,-77.892380560,0,8,0,0,1,1,1,0,1,1,0,1,0,0000000,99,99,99,99,99,99,0,0,0,1,0
37,370471,2,2,0,3,133,0,12,6,2010,7,11,24,0,4,3,SR-111,,99999,34.83902778,-77.596091670,0,12,6,0,1,1,4,0,1,1,0,1,0,0000000,11,22,11,32,99,99,0,0,0,1,0
37,370472,1,1,0,1,133,0,12,6,2010,7,5,50,0,5,4,RP-1107,,99999,34.69462500,-77.552233330,0,53,0,0,1,1,4,0,4,1,0,1,0,0000000,6,8,6,16,88,88,0,0,0,1,1
37,370473,2,2,0,3,135,0,19,5,2010,4,7,27,0,4,3,SR-157,,99999,99.99990000,999.999900000,0,12,6,0,1,1,1,0,1,10,0,10,0,0000000,99,99,99,99,99,99,0,0,0,1,0
37,370474,2,2,0,6,153,2020,4,6,2010,6,11,27,0,13,3,SR-38,EAST MAIN ST,99999,34.87910000,-79.693280560,0,12,6,0,2,2,1,0,1,1,0,1,0,0000000,99,99,99,99,99,99,0,0,0,1,0
37,370475,1,1,0,2,155,2770,17,5,2010,2,1,22,1,11,1,I-95,,99999,34.63363056,-79.024572220,0,24,0,0,1,1,3,0,3,10,2,2,0,0000000,1,24,1,24,3,31,0,0,0,1,0
37,370476,1,1,0,1,155,2770,17,5,2010,2,7,26,0,16,6,FAYETTEVILLE RD,,99999,34.66067500,-79.000369440,0,34,0,0,1,1,4,0,1,2,0,2,0,0000000,99,99,99,99,99,99,0,0,0,1,0
37,370477,2,2,0,2,155,0,18,5,2010,3,18,52,1,2,2,US-74,RP-2220,99999,34.50188889,-78.999425000,0,12,6,0,2,2,1,0,1,1,0,1,0,0000000,99,99,99,99,99,99,0,0,0,1,0
37,370478,1,1,0,2,155,0,25,5,2010,3,13,51,0,3,3,SR-72,,99999,34.75465833,-79.169969440,0,43,0,0,1,1,4,0,1,10,0,10,0,0000000,99,99,99,99,99,99,0,0,0,1,0
37,370479,1,1,0,2,155,0,19,6,2010,7,2,10,0,6,4,RP-1352,,99999,34.73343056,-79.230394440,0,1,0,0,1,1,1,0,2,1,0,1,0,0000000,2,3,2,12,99,99,0,0,0,2,1
37,370480,2,2,0,3,157,0,13,6,2010,1,21,36,1,2,2,US-29,,99999,36.47251111,-79.519041670,0,12,2,0,1,1,1,0,2,1,0,1,0,0000000,21,30,21,45,23,52,0,0,0,1,0
37,370481,1,1,0,4,159,0,15,5,2010,7,20,29,0,4,4,BRINGLE FERRY RD,,99999,35.60483611,-80.290147220,0,35,0,0,1,1,4,0,2,10,0,10,0,0000000,20,48,21,13,21,37,0,0,0,1,0
37,370482,2,2,0,2,159,0,23,5,2010,1,12,31,0,4,4,RP-1004,,99999,35.58145278,-80.335808330,0,12,6,0,4,1,1,0,1,1,0,1,0,0000000,12,30,12,39,99,99,0,0,0,1,0
37,370483,2,2,0,2,159,0,20,6,2010,1,13,46,1,2,2,US-70,,99999,35.72742222,-80.682133330,0,12,1,0,1,1,1,0,1,1,0,1,0,0000000,13,45,13,57,88,88,0,0,0,1,0
37,370484,1,1,1,1,163,0,3,6,2010,5,21,35,0,6,4,RP-1241,,99999,34.91704444,-78.495341670,0,8,0,0,1,1,1,0,2,10,0,10,0,0000000,21,28,21,36,22,58,0,0,0,1,0
37,370485,2,2,0,2,167,0,6,5,2010,5,11,18,1,2,2,US-52,,99999,35.46046111,-80.243883330,0,12,1,0,1,1,1,0,1,1,0,1,0,0000000,10,56,11,4,11,31,0,0,0,1,0
37,370487,1,1,0,1,181,0,30,5,2010,1,22,36,0,5,4,RP-1507,,99999,36.35460556,-78.348569440,0,34,0,0,1,1,4,0,2,1,0,1,0,0000000,22,42,22,44,88,88,0,0,0,1,0
37,370488,1,1,0,2,181,0,4,6,2010,6,23,15,0,5,4,RP-1101,,99999,36.29797222,-78.416547220,0,34,0,0,1,1,4,0,2,1,0,1,0,0000000,23,11,23,25,23,53,0,0,0,1,1
37,370489,2,2,0,2,181,0,7,6,2010,2,7,22,0,3,3,SR-39,,99999,36.31457222,-78.378611110,0,12,6,0,1,1,1,0,1,10,0,10,0,0000000,7,25,7,32,8,4,0,0,0,1,0
37,370490,1,1,0,1,181,0,16,6,2010,4,1,13,0,6,4,RP-1376,,99999,36.41175000,-78.300419440,0,53,0,0,1,1,4,0,2,1,0,1,0,0000000,1,12,1,21,1,46,0,0,0,1,0
37,370491,2,2,0,2,183,0,13,5,2010,5,9,20,1,2,2,US-64,,99999,35.82632222,-78.366036110,0,12,1,0,1,1,1,0,1,10,0,10,0,0000000,8,25,9,30,99,99,0,0,0,1,0
37,370492,2,2,0,2,183,0,14,6,2010,2,19,0,0,6,4,RP-1152,,99999,99.99990000,999.999900000,0,12,6,0,1,1,1,0,1,1,0,1,0,0000000,99,99,99,99,99,99,0,0,0,1,0
37,370493,1,1,0,1,183,800,20,6,2010,1,23,4,0,15,6,AVIATION PARKWAY,,99999,35.88592222,-78.811283330,0,24,0,0,1,1,4,0,2,1,0,1,0,0000000,23,1,23,7,88,88,0,0,0,1,0
37,370494,1,1,1,1,191,0,27,6,2010,1,4,21,1,1,1,I-795,,99999,35.50393333,-77.999925000,0,8,0,0,1,1,4,0,2,1,0,1,0,0000000,4,39,4,53,6,10,0,0,0,1,0
37,370495,4,4,0,7,193,5040,28,5,2010,6,13,15,1,13,2,US-421,ADDISON AVE,99999,36.15018611,-81.195144440,0,12,1,0,3,2,1,0,1,1,0,1,0,0000000,13,16,13,20,13,52,0,0,0,1,0
37,370496,2,2,0,3,193,0,5,6,2010,7,15,56,0,3,3,SR-18,,99999,36.35906389,-81.246472220,0,34,0,0,1,1,4,0,1,1,0,1,0,0000000,15,54,16,24,16,42,0,0,0,1,0
37,370497,1,1,0,1,193,0,17,6,2010,5,5,56,1,2,2,US-21,,99999,36.37278333,-80.956277780,0,1,0,0,1,1,1,0,2,1,0,1,0,0000000,5,51,6,14,88,88,0,0,0,1,0
37,370498,1,1,0,1,195,0,29,5,2010,7,16,25,0,6,4,RP-1340,,99999,35.82820833,-77.868700000,0,32,0,0,1,1,4,0,1,1,0,1,0,0000000,99,99,99,99,88,88,0,0,0,1,1
37,370499,1,1,0,1,197,0,3,6,2010,5,16,20,0,4,3,SR-67,,99999,36.22817778,-80.671577780,0,42,0,0,1,1,4,0,1,10,2,2,0,0000000,16,20,16,27,88,88,0,0,0,1,0
37,370500,1,1,0,3,197,0,5,6,2010,7,5,27,0,6,4,RP-1146,,99999,36.11912222,-80.555963890,0,32,0,0,1,1,4,0,2,1,0,1,0,0000000,5,22,5,33,99,99,0,0,0,1,1
37,370501,1,1,2,1,195,5070,6,6,2010,1,4,20,0,15,6,RALEIGH ROAD PKWY,,99999,35.74212222,-77.961966670,0,8,0,0,1,1,4,0,3,1,0,1,0,0000000,4,24,4,28,88,88,0,0,0,2,1
37,370502,1,1,1,1,119,870,27,2,2010,7,19,39,0,13,6,EASTWAY DRIVE,,99999,35.21245556,-80.781494440,0,8,0,0,1,1,1,0,3,1,0,1,0,0000000,19,39,19,41,19,59,0,0,0,1,0
37,370503,1,1,1,2,155,2770,27,4,2010,3,22,48,0,13,6,MARTIN L KING DRIVE,,99999,34.59113889,-79.042361110,0,8,0,0,1,1,1,0,3,10,0,10,0,0000000,99,99,99,99,88,88,0,0,0,1,0
37,370504,1,1,0,1,51,1670,31,5,2010,2,19,17,0,16,6,STONEY POINT ROAD,,99999,35.01716944,-79.066908330,0,42,0,0,1,1,4,0,1,2,0,2,0,0000000,19,20,19,39,88,88,0,0,0,1,0
37,370505,2,2,0,2,1,0,15,6,2010,3,16,33,0,6,4,RP-2361,RP-2362,99999,35.95717500,-79.455269440,0,12,6,0,2,2,1,0,1,1,0,1,0,0000000,16,3,16,17,17,5,0,0,0,1,0
37,370506,3,3,0,7,21,170,11,6,2010,6,15,0,1,12,2,US-70,,99999,35.58487500,-82.525047220,0,12,6,0,1,1,1,0,1,1,0,1,0,0000000,15,3,15,10,15,34,0,0,0,1,1
37,370507,2,2,0,2,25,0,25,6,2010,6,16,59,0,5,4,RP-2408,RP-2411,99999,35.44501389,-80.512252780,0,12,6,0,2,2,1,0,1,1,0,1,0,0000000,16,54,17,4,88,88,0,0,0,1,0
37,370508,2,2,0,3,25,0,30,6,2010,4,14,34,0,3,3,SR-24,RP-1132,99999,35.24895000,-80.572486110,0,12,11,0,3,2,1,0,1,10,2,2,0,0000000,14,31,14,37,15,9,0,0,0,2,0
37,370509,1,1,0,1,37,0,23,6,2010,4,13,22,1,2,2,US-15,,99999,35.80410000,-79.093966670,0,42,0,0,1,1,4,0,1,10,0,10,0,0000000,13,15,13,25,13,55,0,0,0,1,0
37,370510,2,2,0,3,59,3090,23,6,2010,4,18,9,0,16,6,MAIN STREET,SALISBURY STREET,99999,35.88119167,-80.560900000,0,12,2,0,3,4,1,0,1,2,0,2,0,0000000,18,9,18,14,18,34,0,0,0,1,0
37,370511,1,1,1,1,61,0,19,6,2010,7,10,15,0,4,3,SR-41,,99999,34.88994444,-77.783461110,0,8,0,0,1,1,1,0,1,1,0,1,0,0000000,10,10,10,14,10,50,0,0,0,1,0
37,370512,2,2,0,2,87,0,25,6,2010,6,11,40,1,2,2,US-23,,99999,99.99990000,999.999900000,0,12,2,0,1,1,1,0,1,1,0,1,0,0000000,11,41,11,42,99,99,0,0,0,1,0
37,370513,1,1,0,3,97,0,27,6,2010,1,19,19,1,1,1,I-40,,99999,35.75837222,-81.037483330,0,42,0,0,1,1,4,0,1,2,0,2,0,0000000,19,29,19,49,20,48,0,0,0,1,1
37,370514,1,1,0,1,103,0,29,6,2010,3,5,8,0,6,4,RP-1300,,99999,35.13501944,-77.476166670,0,11,0,0,1,1,1,0,2,1,0,1,0,0000000,4,43,4,56,7,15,0,0,0,1,0
37,370515,2,2,0,4,105,0,22,6,2010,3,16,9,0,5,4,RP-1537,,99999,35.53061944,-79.080125000,0,12,2,0,1,1,1,0,1,1,0,1,0,0000000,16,5,16,16,17,54,0,0,0,1,0
37,370516,1,1,1,1,147,0,21,6,2010,2,13,0,0,4,3,SR-33,,99999,35.69184444,-77.448850000,0,9,0,0,1,1,1,0,1,1,0,1,0,0000000,99,99,99,99,99,99,0,0,0,1,0
37,370517,1,1,0,2,155,0,22,6,2010,3,23,8,1,1,1,I-95,,99999,34.79979722,-78.991238890,0,35,0,0,1,1,4,0,2,1,0,1,0,0000000,23,11,23,23,0,35,0,0,0,1,1
37,370518,2,2,0,3,155,0,28,6,2010,2,2,40,1,1,1,I-95,,99999,34.84385278,-78.971486110,0,12,1,0,1,1,1,0,2,1,0,1,0,0000000,3,4,3,8,5,16,0,0,0,1,0
37,370519,2,2,0,2,183,0,28,6,2010,2,21,56,1,2,2,US-401,RP-1375,99999,35.70168889,-78.669061110,0,12,6,0,3,3,1,0,2,1,0,1,0,0000000,99,99,99,99,99,99,0,0,0,1,1
37,370520,2,2,0,3,197,0,26,6,2010,7,12,50,0,5,4,RP-1605,RP-1570,99999,36.11407778,-80.518025000,0,12,6,0,2,2,1,0,1,1,0,1,0,0000000,12,49,12,56,13,41,0,0,0,1,0
37,370521,2,2,0,7,65,3930,9,5,2010,1,17,7,0,15,6,OLD BATTLEBORO ROAD,MORNING STAR CH. RD.,99999,99.99990000,999.999900000,0,12,6,0,2,2,1,0,1,1,0,1,0,0000000,17,11,17,14,17,47,0,0,0,1,1
37,370522,1,1,0,2,135,780,27,5,2010,5,2,9,0,6,6,POPLAR AVE,,99999,35.91345278,-79.083747220,0,33,0,0,1,1,4,0,3,1,0,1,0,0000000,99,99,99,99,99,99,0,0,0,1,1
37,370523,1,1,0,2,9,0,30,6,2010,4,6,10,0,5,4,RP-1501,,99999,36.47649722,-81.462677780,0,30,0,0,1,1,4,0,4,1,0,1,0,0000000,6,26,6,36,99,99,0,0,0,1,1
37,370524,2,2,0,6,81,2170,30,6,2010,4,12,30,0,16,6,WESTCHESTER DRIVE,,99999,35.94033333,-80.034202780,0,12,6,0,8,1,1,0,1,10,0,10,0,0000000,12,31,12,39,13,3,0,0,0,1,0
37,370525,1,1,1,1,151,160,21,6,2010,2,7,54,0,14,6,RP-1707,,99999,35.70508889,-79.817019440,0,8,0,0,1,1,1,0,1,1,0,1,0,0000000,7,54,8,1,8,8,0,0,0,1,0
37,370526,2,2,0,2,7,0,1,7,2010,5,17,25,0,6,4,RP-1122,,99999,34.92424167,-80.114813890,0,12,2,0,1,1,1,0,1,1,0,1,0,0000000,19,26,19,30,19,59,0,0,0,1,0
37,370527,2,2,0,2,25,0,2,7,2010,6,17,44,0,3,3,SR-24,RP-1132,99999,35.24889722,-80.572422220,0,12,6,0,2,2,1,0,1,1,0,1,0,0000000,17,42,17,48,18,22,0,0,0,1,1
37,370528,1,1,0,1,27,0,4,7,2010,1,18,15,0,3,4,RP-1002,,99999,35.83120000,-81.411244440,0,1,0,0,1,1,1,0,1,1,0,1,0,0000000,18,14,18,20,88,88,0,0,0,1,1
37,370529,2,2,0,2,35,1060,1,7,2010,5,17,54,0,15,6,COUNTY HOME ROAD,,99999,35.71201111,-81.219400000,0,12,2,0,1,1,1,0,1,1,0,1,0,0000000,17,55,18,3,99,99,0,0,0,1,0
37,370530,1,1,0,1,35,0,5,7,2010,2,6,5,0,6,4,RP-1822,,99999,35.67165278,-81.064466670,0,34,0,0,1,1,4,0,4,1,0,1,0,0000000,6,5,6,11,88,88,0,0,0,1,1
37,370531,3,3,0,4,89,9997,2,7,2010,6,16,47,0,13,3,SR-191,,99999,35.41053611,-82.571397220,0,12,1,0,1,1,1,0,1,1,0,1,0,0000000,16,40,16,52,88,88,0,0,0,1,0
37,370532,1,1,0,2,101,0,4,7,2010,1,20,42,0,6,4,RP-1111,,99999,35.29761389,-78.466286110,0,1,0,0,1,1,1,0,1,1,0,1,0,0000000,99,99,99,99,99,99,0,0,0,1,1
37,370533,2,2,0,2,151,0,1,7,2010,5,13,35,0,4,4,RP-2226,,99999,35.75144167,-79.730958330,0,1,0,0,1,1,1,0,1,1,0,1,0,0000000,13,33,13,40,88,88,0,0,0,1,0
37,370534,2,2,0,3,155,0,5,7,2010,2,7,52,0,5,4,RP-1752,RP-1318,99999,34.77865000,-79.064783330,0,12,6,0,2,2,1,0,1,1,0,1,0,0000000,99,99,99,99,99,99,0,0,0,2,0
37,370535,1,1,0,1,167,0,1,7,2010,5,6,41,0,4,4,RP-1922,,99999,35.23415833,-80.197813890,0,35,0,0,1,1,4,0,4,1,0,1,0,0000000,6,37,6,43,88,88,0,0,0,1,0
37,370536,2,2,0,7,183,0,4,7,2010,1,19,55,1,11,1,I-40,,99999,35.66591111,-78.563566670,0,12,6,0,1,1,1,0,1,1,0,1,0,0000000,99,99,99,99,99,99,0,0,0,1,0
37,370537,1,1,0,1,17,0,27,6,2010,1,8,44,0,4,3,SR-53,,99999,34.76953889,-78.715838890,0,38,0,0,1,1,10,4,1,1,0,1,0,0000000,8,38,8,56,88,88,0,0,0,1,0
37,370538,1,1,0,1,51,0,27,6,2010,1,23,55,1,2,2,US-401,,99999,35.20523889,-78.849000000,0,34,0,0,1,1,4,0,2,1,0,1,0,0000000,23,51,23,58,88,88,0,0,0,1,0
37,370539,1,1,1,1,57,2620,22,6,2010,3,4,58,1,12,2,US-29/70,,99999,35.78070833,-80.314241670,0,8,0,0,1,1,1,0,2,1,0,1,0,0000000,5,0,5,14,88,88,0,0,0,1,0
37,370540,1,1,0,2,57,0,26,6,2010,7,17,18,0,6,4,RP-1139,,99999,35.73119444,-80.407916670,0,35,0,0,1,1,4,0,1,1,0,1,0,0000000,17,21,17,24,17,32,0,0,0,1,1
37,370541,1,1,0,1,61,0,28,6,2010,2,13,2,0,4,3,SR-403,,99999,35.11636389,-78.115027780,0,42,0,0,1,1,4,0,1,1,0,1,0,0000000,13,0,13,4,88,88,0,0,0,1,0
37,370542,2,2,0,2,1,0,18,7,2010,1,15,0,0,4,3,SR-62,RP-1761,99999,36.22646389,-79.323005560,0,12,6,0,2,2,1,0,1,1,0,1,0,0000000,15,2,15,9,99,99,0,0,0,1,0
37,370543,1,1,0,1,17,0,18,7,2010,1,20,59,0,4,3,SR-20,,99999,34.80238611,-78.862866670,0,34,0,0,1,1,4,0,2,1,0,1,0,0000000,20,57,21,8,88,88,0,0,0,1,0
37,370544,1,1,0,1,19,0,10,7,2010,7,13,57,0,5,4,RP-1130,,99999,33.96341111,-78.306352780,0,34,0,0,1,1,4,0,1,1,0,1,0,0000000,13,55,13,59,88,88,0,0,0,1,0
37,370545,1,1,0,1,19,0,14,7,2010,4,0,57,1,2,2,US-74,,99999,34.25822778,-78.072861110,0,34,0,0,1,1,4,0,2,1,0,1,0,0000000,1,0,1,9,88,88,0,0,0,1,1
37,370546,1,1,0,1,21,0,20,7,2010,3,18,47,0,6,4,RP-2816,,99999,99.99990000,999.999900000,0,35,0,0,1,1,4,0,1,2,0,2,0,0000000,18,47,19,4,20,41,0,0,0,1,1
37,370547,1,1,0,7,25,1040,8,7,2010,5,14,23,1,11,1,I-85,,99999,35.45673611,-80.592763890,0,1,0,0,1,1,1,0,1,1,0,1,0,0000000,14,11,14,17,88,88,0,0,0,1,0
37,370548,1,1,0,1,33,0,6,7,2010,3,0,14,0,6,4,RP-1348,,99999,36.48955833,-79.474688890,0,53,0,0,1,1,4,0,2,1,0,1,0,0000000,0,45,1,4,99,99,0,0,0,1,0
37,370549,4,4,0,5,35,2150,16,7,2010,6,14,7,1,11,1,I-40,,99999,35.71327778,-81.326336110,0,12,1,0,1,1,1,0,1,2,0,2,0,0000000,16,7,16,18,16,45,0,0,0,1,0
37,370550,1,1,0,1,39,0,22,7,2010,5,15,5,0,6,4,RP-1342,,99999,35.15768889,-84.057341670,0,35,0,0,1,1,4,0,1,1,0,1,0,0000000,15,4,15,18,88,88,0,0,0,1,1
37,370551,1,1,0,4,51,0,5,7,2010,2,1,33,0,3,4,RP-1451,,99999,35.18787500,-79.006891670,0,43,0,0,1,1,4,0,2,1,0,1,0,0000000,99,99,99,99,99,99,0,0,0,1,0
37,370552,1,1,0,1,55,0,22,7,2010,5,14,5,0,4,3,SR-12,LIGHTHOUSE ROAD,99999,35.26507778,-75.525205560,0,43,0,0,2,3,4,0,1,1,0,1,0,0000000,14,4,14,10,99,99,0,0,0,1,0
37,370553,1,1,0,2,75,0,15,7,2010,5,14,24,0,4,3,SR-143,,99999,35.32618889,-84.024125000,0,24,0,0,1,1,4,0,1,10,0,10,0,0000000,14,22,14,46,99,99,0,0,0,1,0
37,370554,1,1,0,1,81,1840,5,7,2010,2,12,40,0,16,6,MINNEOLA STREET,,99999,36.10995278,-79.554769440,0,59,0,0,1,1,4,0,1,1,0,1,0,0000000,99,99,99,99,99,99,0,0,0,1,0
37,370555,2,2,0,2,91,0,21,7,2010,4,17,20,0,3,3,SR-11,RP-1212,99999,36.32995833,-76.991844440,0,12,6,0,2,2,1,0,1,1,0,1,0,0000000,99,99,99,99,99,99,0,0,0,1,0
37,370556,1,1,0,1,97,0,12,7,2010,2,19,44,1,1,1,I-40,,99999,35.82978333,-80.789016670,0,18,0,0,1,1,1,2,1,10,0,10,0,0000000,19,45,19,51,20,54,0,0,0,1,1
37,370557,1,1,0,1,101,0,11,7,2010,1,4,57,0,5,4,RP-1005,,99999,35.52615000,-78.586577780,0,34,0,0,1,1,4,0,2,1,0,1,0,0000000,99,99,99,99,88,88,0,0,0,1,1