STATE,ST_CASE,VE_TOTAL,VE_FORMS,PEDS,PERSONS,COUNTY,CITY,DAY,MONTH,YEAR,DAY_WEEK,HOUR,MINUTE,NHS,ROAD_FNC,ROUTE,TWAY_ID,TWAY_ID2,MILEPT,LATITUDE,LONGITUD,SP_JUR,HARM_EV,MAN_COLL,RELJCT1,RELJCT2,TYP_INT,REL_ROAD,WRK_ZONE,LGT_COND,WEATHER1,WEATHER2,WEATHER,SCH_BUS,RAIL,NOT_HOUR,NOT_MIN,ARR_HOUR,ARR_MIN,HOSP_HR,HOSP_MN,CF1,CF2,CF3,FATALS,DRUNK_DR
37,370558,1,1,0,1,101,0,14,7,2010,4,23,16,0,6,4,RP-1603,,99999,35.59918333,-78.594819440,0,53,0,0,1,1,4,0,2,1,0,1,0,0000000,99,99,99,99,88,88,0,0,0,1,1
37,370559,1,1,0,1,113,0,6,7,2010,3,9,27,0,6,4,RP-1504,,99999,35.20684722,-83.359708330,0,42,0,0,1,1,4,0,1,1,0,1,0,0000000,99,99,99,99,88,88,0,0,0,1,0
37,370560,1,1,0,1,125,0,10,7,2010,7,21,54,0,6,4,RP-1122,,99999,35.18159444,-79.572000000,0,42,0,0,1,1,4,0,2,1,0,1,0,0000000,99,99,99,99,99,99,0,0,0,1,1
37,370561,2,2,0,3,129,5060,3,7,2010,7,13,50,0,16,6,MARKET ST,N 15TH ST,99999,34.23735000,-77.930488890,0,12,6,0,2,2,1,0,1,1,0,1,0,0000000,13,54,14,5,99,99,0,0,0,1,0
37,370562,1,1,2,1,133,0,3,7,2010,7,22,31,1,2,2,US-258,,99999,34.89156389,-77.547855560,0,8,0,0,1,1,1,0,2,1,0,1,0,0000000,22,37,22,42,23,12,0,0,0,1,0
37,370563,5,2,0,3,141,0,13,7,2010,3,8,58,0,3,2,US-421,SR-53,99999,34.53448889,-78.071336110,0,12,6,0,2,2,1,0,1,1,0,1,0,0000000,8,57,9,12,88,88,0,0,0,2,0
37,370564,1,1,0,1,145,0,20,7,2010,3,2,30,0,5,4,RP-1715,,99999,99.99990000,999.999900000,0,53,0,0,1,1,4,0,2,1,0,1,0,0000000,99,99,99,99,88,88,0,0,0,1,1
37,370565,2,2,0,2,157,0,17,7,2010,7,13,20,0,3,3,SR-68,RP-1105,99999,36.27562500,-79.943388890,0,12,6,0,2,2,1,0,1,2,0,2,0,0000000,13,16,13,24,13,25,0,0,0,1,0
37,370566,2,2,0,2,161,0,12,7,2010,2,16,27,0,3,2,US-221,,99999,35.22465833,-81.842136110,0,12,2,0,1,1,1,0,1,1,0,1,0,0000000,16,26,16,28,99,99,0,0,0,1,0
37,370567,1,1,0,1,161,0,15,7,2010,5,17,55,0,6,4,RP-1766,,99999,99.99990000,999.999900000,0,34,0,0,1,1,4,0,1,1,0,1,0,0000000,17,33,17,41,88,88,0,0,0,1,1
37,370568,1,1,0,1,163,0,16,7,2010,6,11,25,0,6,4,RP-1607,,99999,35.19660556,-78.541861110,0,34,0,0,1,1,4,0,1,1,0,1,0,0000000,11,18,11,32,88,88,0,0,0,1,0
37,370569,1,1,0,2,169,0,21,7,2010,4,14,0,0,5,3,SR-89,,99999,36.40885000,-80.210752780,0,32,0,0,1,1,4,0,1,1,0,1,0,0000000,14,3,14,24,88,88,0,0,0,2,1
37,370570,1,1,0,1,179,0,19,7,2010,2,16,40,0,5,4,RP-2146,,99999,34.86403056,-80.588150000,0,1,0,0,1,1,4,0,1,10,0,10,0,0000000,99,99,99,99,88,88,0,0,0,1,0
37,370571,2,2,0,2,181,0,8,7,2010,5,19,6,1,1,1,I-85,,99999,36.35121944,-78.390197220,0,12,7,0,1,1,1,0,1,1,0,1,0,0000000,99,99,99,99,99,99,0,0,0,1,0
37,370572,4,1,0,1,183,3750,3,7,2010,7,6,56,0,14,6,S. BLOUNT ST,,99999,35.75779722,-78.637561110,0,14,0,0,1,1,5,0,1,1,0,1,0,0000000,6,56,7,4,7,39,0,0,0,1,0
37,370573,1,1,0,1,183,0,20,7,2010,3,20,15,0,6,4,RP-1842,,99999,35.95216389,-78.687344440,0,53,0,0,1,1,4,0,2,10,0,10,0,0000000,20,12,20,20,88,88,0,0,0,1,1
37,370574,2,2,0,2,185,0,10,7,2010,7,15,51,1,2,2,US-1,,99999,36.45104444,-78.187552780,0,12,2,0,1,1,1,0,1,1,0,1,0,0000000,15,51,16,0,99,99,0,0,0,1,0
37,370575,1,1,0,2,193,0,11,7,2010,1,12,24,0,3,3,SR-16,,99999,36.16226944,-81.235486110,0,24,0,0,1,1,4,0,1,1,0,1,0,0000000,12,20,12,43,99,99,0,0,0,1,0
37,370576,1,1,0,1,197,0,16,7,2010,6,12,24,1,1,1,I-77,,99999,99.99990000,999.999900000,0,42,0,0,1,1,4,0,1,1,0,1,0,0000000,99,99,99,99,99,99,0,0,0,1,1
37,370577,1,1,0,1,197,0,2,7,2010,6,20,50,0,6,4,RP-1381,,99999,36.13690556,-80.683508330,0,32,0,0,1,1,4,0,5,1,0,1,0,0000000,19,44,19,55,20,34,0,0,0,1,1
37,370578,1,1,1,1,51,1670,17,3,2010,4,20,11,0,16,6,BINGHAM DR,,99999,35.00363611,-78.979083330,0,8,0,0,1,1,1,0,3,1,0,1,0,0000000,20,14,20,16,20,36,0,0,0,1,0
37,370579,2,2,1,2,127,3930,23,4,2010,6,22,16,0,14,3,SR-48,,99999,36.00113333,-77.807150000,0,8,0,0,1,1,1,0,3,1,0,1,0,0000000,22,15,22,32,99,99,0,0,0,1,1
37,370580,2,2,0,3,25,1040,8,5,2010,7,1,32,1,13,3,SR-49,OLD CHARLOTTE RD SW,99999,35.35923611,-80.597247220,0,12,6,0,2,2,1,0,2,1,0,1,0,0000000,1,30,1,35,99,99,0,0,0,1,1
37,370581,2,2,1,5,45,2440,21,5,2010,6,2,19,0,16,6,BARNETT DR,PARRISH DR,99999,35.25683333,-81.345263890,0,8,0,0,3,3,1,0,2,1,0,1,0,0000000,99,99,99,99,99,99,20,0,0,1,0
37,370582,1,1,0,1,51,1670,4,5,2010,3,23,15,0,14,6,SANTA FE DR,,99999,35.08803056,-78.986550000,0,42,0,0,1,1,4,0,3,1,0,1,0,0000000,23,38,23,46,88,88,0,0,0,1,0
37,370583,1,1,0,2,183,800,20,5,2010,5,3,50,0,14,6,MAYNARD RD,,99999,35.80061944,-78.766994440,0,1,0,0,1,1,1,0,3,10,0,10,0,0000000,3,55,4,4,4,24,0,0,0,1,1
37,370584,1,1,1,1,111,172,16,6,2010,4,21,27,1,11,1,I-240,,99999,99.99990000,999.999900000,0,8,0,0,1,1,1,0,2,1,0,1,0,0000000,21,29,21,35,99,99,0,0,0,1,0
37,370585,1,1,0,1,25,1040,23,7,2010,6,23,16,0,14,6,POPLAR TENT RD,CONCORD PKWY,99999,35.41444722,-80.613383330,0,30,0,0,2,2,4,0,3,1,0,1,0,0000000,23,16,23,29,23,46,0,0,0,1,0
37,370586,1,1,1,1,27,2590,27,7,2010,3,4,46,0,15,6,BLOWING ROCK BLVD,,99999,35.93916944,-81.544047220,0,8,0,0,1,1,1,0,3,1,0,1,0,0000000,99,99,99,99,99,99,0,0,0,1,0
37,370587,2,2,0,3,35,0,12,7,2010,2,11,3,0,2,3,SR-127,,99999,35.73174167,-81.333847220,0,12,2,0,1,1,1,0,1,10,2,2,0,0000000,11,3,11,6,11,21,0,0,0,2,0
37,370588,1,1,0,1,37,0,15,7,2010,5,10,17,0,6,4,RP-1557,,99999,35.79365833,-79.313222220,0,30,0,0,1,1,4,0,1,1,0,1,0,0000000,10,12,10,23,88,88,0,0,0,1,1
37,370589,2,2,0,4,41,0,30,7,2010,6,16,34,0,6,4,RP-1108,SR-37,99999,36.03105278,-76.526641670,0,12,6,0,2,2,1,0,1,1,0,1,0,0000000,16,27,16,36,16,45,0,0,0,1,0
37,370590,1,1,0,5,47,0,31,7,2010,7,19,36,1,2,2,US-74,,99999,34.34967222,-78.662711110,0,35,0,0,1,1,4,0,1,1,0,1,0,0000000,99,99,99,99,99,99,0,0,0,1,0
37,370591,1,1,0,1,51,2250,21,7,2010,4,21,41,0,14,3,SR-162,LEGION RD,99999,34.98380833,-78.931361110,0,30,0,0,2,2,4,0,2,1,0,1,0,0000000,21,46,21,51,99,99,0,0,0,1,0
37,370592,1,1,1,3,59,0,31,7,2010,7,18,21,0,3,2,US-601,,99999,35.92485278,-80.592269440,0,9,0,0,1,1,1,0,1,1,0,1,0,0000000,18,19,18,27,99,99,0,0,0,1,0
37,370593,2,2,0,8,61,0,21,7,2010,4,11,5,0,4,2,US-117,RP-1006,99999,35.15788056,-78.111419440,0,12,6,0,2,2,1,0,1,1,0,1,0,0000000,11,6,11,11,99,99,0,0,0,1,0
37,370594,1,1,0,1,67,5120,21,7,2010,4,0,9,1,1,1,I-40,,99999,36.06658333,-80.308513890,0,7,0,0,1,1,4,2,2,1,0,1,0,0000000,0,12,0,21,0,38,0,0,0,1,1
37,370595,2,2,0,4,71,0,25,7,2010,1,20,57,0,4,3,SR-279,,99999,35.31575556,-81.200725000,0,12,2,0,1,1,1,0,2,1,0,1,0,0000000,21,5,21,21,22,0,0,0,0,1,1
37,370596,1,1,0,1,71,0,25,7,2010,1,11,55,0,6,4,RP-1103,,99999,35.20179722,-81.211108330,0,42,0,0,1,1,4,0,1,1,0,1,0,0000000,99,99,99,99,88,88,0,0,0,1,1
37,370597,2,2,0,5,73,0,23,7,2010,6,11,8,1,2,2,US-158,SR-37,99999,36.43675278,-76.759072220,0,12,6,0,2,2,1,0,1,1,0,1,0,0000000,99,99,99,99,99,99,0,0,0,1,0
37,370598,1,1,0,1,81,3665,27,7,2010,3,19,51,0,16,4,RP-3418,,99999,35.96210000,-79.759883330,0,53,0,0,1,1,4,0,5,1,0,1,0,0000000,19,49,19,59,88,88,0,0,0,1,0
37,370599,1,1,0,1,95,0,26,7,2010,2,12,2,0,6,4,RP-1105,,99999,35.48003333,-76.014833330,0,1,0,0,1,1,4,0,1,10,0,10,0,0000000,99,99,99,99,88,88,0,0,0,1,0
37,370600,1,1,0,1,97,0,24,7,2010,7,23,26,0,6,4,RP-2166,,99999,35.84863889,-80.771827780,0,35,0,0,1,1,4,0,2,1,0,1,0,0000000,23,43,23,52,88,88,0,0,0,1,0
37,370601,1,1,0,2,101,1700,25,7,2010,1,15,36,1,11,1,I-95,,99999,35.41990278,-78.456630560,0,32,0,0,1,1,3,0,1,1,0,1,0,0000000,15,40,15,48,99,99,0,0,0,1,0
37,370602,1,1,0,3,115,0,12,7,2010,2,22,49,0,4,3,SR-213,,99999,99.99990000,999.999900000,0,17,0,0,1,1,4,0,2,1,0,1,0,0000000,99,99,99,99,99,99,0,0,0,1,1
37,370603,1,1,1,1,121,0,25,7,2010,1,23,11,1,2,2,US-19,,99999,35.90337222,-82.119455560,0,8,0,0,1,1,1,0,2,1,0,1,0,0000000,99,99,99,99,88,88,0,0,0,1,0
37,370604,2,2,0,3,129,0,27,7,2010,3,14,40,0,3,4,RP-1175,,99999,34.25622222,-77.889461110,0,12,2,0,1,1,1,0,1,10,0,10,0,0000000,14,37,14,47,15,18,0,0,0,1,0
37,370605,1,1,1,1,137,1933,13,7,2010,3,21,23,0,15,3,SR-55,,99999,35.14293333,-76.768513890,0,8,0,0,1,1,1,0,2,1,0,1,0,0000000,21,19,21,22,22,36,0,0,0,1,0
37,370606,4,4,0,4,141,0,28,7,2010,4,17,32,1,2,2,US-17,,99999,34.31912500,-77.768869440,0,12,2,0,4,1,1,0,1,1,0,1,0,0000000,17,31,17,40,18,36,0,0,0,1,0
37,370607,1,1,0,1,141,0,30,7,2010,6,20,56,0,5,4,RP-1332,,99999,34.55308333,-77.939413890,0,1,0,0,1,1,4,0,2,1,0,1,0,0000000,20,51,21,5,88,88,0,0,0,1,1
37,370608,2,2,0,2,147,0,28,7,2010,4,15,57,0,4,3,SR-903,RP-1517,99999,35.68949722,-77.319555560,0,12,6,0,2,2,1,0,1,1,0,1,0,0000000,15,57,16,10,16,28,0,0,0,1,0
37,370609,2,2,0,4,147,0,29,7,2010,5,9,27,0,4,3,SR-43,,99999,35.41619444,-77.254400000,0,12,2,0,1,1,1,0,1,1,0,1,0,0000000,99,99,99,99,99,99,0,0,0,1,0
37,370610,2,2,1,5,155,0,16,7,2010,6,21,22,0,4,4,RP-1312,,99999,34.77279722,-79.317427780,0,15,0,0,1,1,1,0,2,1,0,1,0,0000000,21,9,21,30,21,50,14,0,0,1,0
37,370611,1,1,1,3,155,0,27,7,2010,3,23,49,1,2,2,US-74,,99999,34.71988611,-79.313222220,0,8,0,0,1,1,1,0,2,1,0,1,0,0000000,23,53,23,57,88,88,0,0,0,1,0
37,370612,1,1,0,5,155,0,29,7,2010,5,5,45,0,4,4,RP-1003,,99999,34.54937222,-79.119822220,0,34,0,0,1,1,4,0,2,5,0,5,0,0000000,5,50,6,6,6,35,0,0,0,1,0
37,370613,1,1,0,1,163,0,25,7,2010,1,3,19,1,2,2,US-13,,99999,35.20499722,-78.429300000,0,34,0,0,1,1,4,0,2,1,0,1,0,0000000,3,18,3,31,88,88,0,0,0,1,1
37,370614,1,1,0,2,165,0,5,7,2010,2,17,15,1,2,2,US-74,,99999,34.80654444,-79.543419440,0,1,0,0,1,1,4,0,1,1,0,1,0,0000000,17,15,17,25,18,3,0,0,0,1,0
37,370615,1,1,0,2,167,0,30,7,2010,6,20,3,0,6,4,RP-1147,,99999,35.21201944,-80.462686110,0,42,0,0,1,1,4,0,1,1,0,1,0,0000000,20,2,20,17,99,99,0,0,0,1,0
37,370616,1,1,1,3,169,0,1,7,2010,5,1,56,0,5,4,RP-1908,,99999,36.32499722,-80.049197220,0,8,0,0,1,1,1,0,3,1,0,1,0,0000000,1,58,2,9,4,38,0,0,0,1,1
37,370617,1,1,2,1,169,0,23,7,2010,6,7,42,0,6,4,RP-1102,,99999,36.28761944,-80.386661110,0,9,0,0,1,1,1,0,1,1,0,1,0,0000000,7,40,7,45,9,58,0,0,0,1,0
37,370618,1,1,0,2,179,0,27,7,2010,3,18,20,0,4,3,SR-207,,99999,34.89374444,-80.539913890,0,35,0,0,1,1,4,0,1,1,0,1,0,0000000,18,19,18,26,88,88,0,0,0,1,1
37,370619,1,1,0,1,183,3750,10,7,2010,7,0,45,1,11,1,I-440,,99999,35.78859444,-78.697097220,0,24,0,0,1,1,3,0,2,2,0,2,0,0000000,99,99,99,99,88,88,0,0,0,1,1
37,370620,2,1,1,1,183,0,23,7,2010,6,17,46,1,1,1,I-40,,99999,35.67138333,-78.563402780,0,8,0,0,1,1,1,0,1,1,0,1,0,0000000,17,41,17,54,18,8,14,0,0,1,0
37,370621,1,1,0,1,197,0,27,7,2010,3,15,26,0,5,4,RP-1549,,99999,36.20296111,-80.502469440,0,42,0,0,1,1,4,0,1,1,0,1,0,0000000,15,18,15,28,16,1,0,0,0,1,1
37,370622,2,2,0,2,19,0,2,8,2010,2,5,12,1,2,2,US-74,SR-87,99999,34.28615556,-78.139227780,0,12,6,0,2,2,1,0,2,1,0,1,0,0000000,5,12,5,22,5,57,0,0,0,1,0
37,370623,1,1,0,4,21,0,1,8,2010,1,0,51,0,6,4,RP-1607,,99999,35.64210833,-82.650436110,0,42,0,0,1,1,4,0,2,10,0,10,0,0000000,0,40,0,59,1,35,0,0,0,1,0
37,370624,1,1,1,2,23,0,5,8,2010,5,2,57,1,11,1,I-40,,99999,35.70576667,-81.783600000,0,8,0,0,1,1,1,0,2,1,0,1,0,0000000,2,57,3,3,88,88,0,0,0,1,0
37,370625,1,1,1,1,101,0,3,8,2010,3,20,53,1,1,1,I-95,,99999,35.56932500,-78.163883330,0,8,0,0,1,1,1,0,2,1,0,1,0,0000000,20,49,20,54,88,88,0,0,0,1,0
37,370626,2,2,0,2,151,0,4,8,2010,4,16,30,0,6,4,RP-1635,RP-1542,99999,35.80907778,-79.942016670,0,12,6,0,2,2,1,0,1,1,0,1,0,0000000,16,36,16,45,17,15,0,0,0,1,0
37,370627,1,1,0,2,155,0,5,8,2010,5,6,0,0,6,4,RP-1571,RP-1565,99999,99.99990000,999.999900000,0,34,0,0,3,3,4,0,4,1,0,1,0,0000000,6,58,7,20,8,17,0,0,0,1,1
37,370628,2,2,0,3,161,0,2,8,2010,2,12,45,0,4,4,RP-2159,RP-2241,99999,35.33112778,-81.900972220,0,12,6,0,2,3,1,0,1,1,0,1,0,0000000,12,44,12,51,13,29,0,0,0,1,0
37,370629,2,2,0,2,181,0,4,8,2010,4,19,49,0,5,4,RP-1518,,99999,36.33103056,-78.338527780,0,12,2,0,1,1,1,0,1,1,0,1,0,0000000,99,99,99,99,88,88,0,0,0,1,1
37,370630,1,1,1,1,35,2150,7,1,2010,5,10,35,0,6,4,8TH STREET DRIVE SE,,99999,99.99990000,999.999900000,9,8,0,0,4,1,1,0,1,1,0,1,0,0000000,10,35,10,40,10,57,0,0,0,1,1
37,370631,1,1,0,1,57,0,15,4,2010,5,9,25,0,5,4,RP-2304,,99999,35.72156944,-80.208436110,0,53,0,0,1,1,4,0,1,1,0,1,0,0000000,9,19,9,32,9,56,0,0,0,1,0
37,370632,1,1,0,2,19,0,13,6,2010,1,4,32,0,5,4,RP-1137,,99999,33.91952222,-78.344022220,0,42,0,0,1,1,4,0,2,1,0,1,0,0000000,4,27,4,39,88,88,0,0,0,2,1
37,370633,3,3,0,3,47,0,23,7,2010,6,16,14,0,4,3,SR-11,,99999,34.38183889,-78.273938890,0,12,8,0,1,1,1,0,1,1,0,1,0,0000000,99,99,99,99,99,99,0,0,0,1,0
37,370634,1,1,0,1,67,5120,24,7,2010,7,20,39,0,4,3,SR-67,,99999,36.08515833,-80.307580560,0,33,0,0,1,1,4,0,3,1,0,1,0,0000000,20,41,20,46,21,1,0,0,0,1,0
37,370635,3,3,0,6,85,0,30,7,2010,6,16,4,0,5,4,RP-1725,,99999,35.35773056,-78.658986110,0,12,8,0,1,1,1,0,1,1,0,1,0,0000000,15,59,16,5,16,22,0,0,0,1,0
37,370636,1,1,0,1,91,0,30,7,2010,6,21,31,1,2,2,US-258,,99999,36.51345556,-76.986822220,0,34,0,0,1,1,4,0,2,1,0,1,0,0000000,21,32,21,44,88,88,0,0,0,1,1
37,370637,1,1,0,1,97,0,17,7,2010,7,1,25,0,5,4,RP-1892,,99999,35.88896389,-80.881155560,0,53,0,0,1,1,4,0,2,1,0,1,0,0000000,1,20,1,45,88,88,0,0,0,1,1
37,370638,1,1,0,1,97,0,23,7,2010,6,2,25,0,5,4,RP-1369,,99999,35.74712222,-80.990825000,0,1,0,0,1,1,4,0,2,1,0,1,0,0000000,2,24,2,40,3,38,0,0,0,1,1
37,370639,3,3,0,5,119,870,15,7,2010,5,99,99,0,16,6,BROOKSHIRE BLVD,OAKDALE ROAD,99999,35.27990556,-80.896711110,0,12,1,0,3,3,1,0,2,1,0,1,0,0000000,1,3,1,9,1,11,0,0,0,1,1
37,370640,2,2,1,7,119,870,17,7,2010,7,21,34,0,16,6,CENTRAL AVE,,99999,35.21071667,-80.758797220,0,8,0,0,1,1,1,0,3,2,0,2,0,0000000,21,34,21,40,22,35,0,0,0,1,0
37,370641,2,2,0,3,119,870,29,7,2010,5,13,38,0,16,6,TRYON STREET,YORK CENTER DRIVE,99999,35.12148056,-80.949230560,0,12,6,0,2,2,1,0,1,1,0,1,0,0000000,13,37,13,41,14,18,0,0,0,1,0
37,370642,1,1,0,1,127,3930,5,7,2010,2,0,46,0,16,6,WESLEYAN BLVD,,99999,35.91189722,-77.830516670,0,1,0,0,1,1,4,0,2,1,0,1,0,0000000,1,53,1,57,88,88,0,0,0,1,1
37,370643,1,1,0,1,151,0,17,7,2010,7,21,30,1,2,2,US-29,,99999,35.91550278,-80.030830560,0,18,0,0,1,1,1,0,2,2,0,2,0,0000000,99,99,99,99,99,99,0,0,0,1,0
37,370644,2,2,0,4,151,0,28,7,2010,4,21,45,0,5,4,RP-1952,,99999,35.81991944,-79.828763890,0,12,2,0,1,1,1,0,2,1,0,1,0,0000000,21,51,21,53,22,27,0,0,0,1,0
37,370645,1,1,1,4,155,2770,18,7,2010,1,1,12,1,11,1,I-95,,99999,34.64364167,-79.014766670,0,8,0,0,1,1,1,0,2,1,0,1,0,0000000,1,12,1,13,2,8,0,0,0,1,0
37,370646,1,1,0,1,179,0,31,7,2010,7,16,10,0,5,4,RP-1901,,99999,34.97558056,-80.302977780,0,52,0,0,1,1,4,0,1,10,0,10,0,0000000,99,99,99,99,99,99,0,0,0,1,1
37,370647,1,1,0,2,181,0,25,7,2010,1,2,20,0,5,4,RP-1001,,99999,36.35336111,-78.325997220,0,42,0,0,1,1,4,0,2,1,0,1,0,0000000,2,20,2,27,88,88,0,0,0,1,0
37,370648,1,1,0,1,183,3750,28,7,2010,4,20,50,0,16,6,LYNN ROAD,,99999,35.87221667,-78.658677780,0,33,0,0,1,1,4,0,3,1,0,1,0,0000000,20,51,20,52,21,12,0,0,0,1,1
37,370649,1,1,1,1,191,0,25,7,2010,1,23,21,1,2,2,US-70,RP-1242,99999,99.99990000,999.999900000,0,8,0,0,2,2,1,0,2,1,0,1,0,0000000,23,17,23,23,23,39,0,0,0,1,0
37,370650,3,3,0,3,1,0,14,8,2010,7,21,0,0,3,3,SR-87,,99999,36.16278056,-79.509033330,0,12,8,0,1,1,1,0,2,1,0,1,0,0000000,20,56,21,0,21,43,0,0,0,1,1
37,370651,3,3,0,7,51,1670,27,7,2010,3,8,48,0,12,6,COUNTRY CLUB DRIVE,,99999,35.10057222,-78.906491670,0,12,2,0,1,1,1,0,1,2,0,2,0,0000000,8,20,8,26,9,52,0,0,0,1,0
37,370652,2,2,0,5,133,2330,30,7,2010,6,22,18,0,14,6,WESTERN BLVD,GUMBRANCH ROAD,99999,34.79960278,-77.439280560,0,12,6,0,2,2,1,0,3,1,0,1,0,0000000,22,18,22,28,22,57,0,0,0,1,1
37,370653,2,2,0,2,5,0,19,8,2010,5,15,48,0,4,3,SR-18,,99999,36.54439722,-81.010522220,0,12,2,0,1,1,1,0,1,2,0,2,0,0000000,15,49,15,57,99,99,0,0,0,1,0
37,370654,2,2,0,2,13,0,9,8,2010,2,17,31,0,5,4,RP-1507,,99999,35.56326667,-76.888783330,0,12,2,0,1,1,1,0,1,1,0,1,0,0000000,17,38,17,43,18,3,0,0,0,1,1
37,370655,1,1,0,2,13,0,15,8,2010,1,4,8,0,6,4,RP-1420,US-17,99999,35.69055278,-77.079536110,0,34,0,0,3,2,4,0,2,1,0,1,0,0000000,99,99,99,99,99,99,0,0,0,1,1
37,370656,2,2,0,2,17,0,19,8,2010,5,14,12,0,6,4,RP-1713,,99999,34.51801389,-78.526519440,0,12,2,0,1,1,1,0,1,2,0,2,0,0000000,14,11,14,20,14,56,0,0,0,1,0
37,370657,2,2,0,2,19,0,6,8,2010,6,7,19,0,6,4,RP-1132,,99999,33.96636389,-78.332594440,0,12,8,0,1,1,1,0,1,1,0,1,0,0000000,7,9,7,17,88,88,0,0,0,1,0
37,370658,2,2,0,2,19,0,19,8,2010,5,2,49,1,2,2,US-17,,99999,34.20207778,-78.048613890,0,12,1,0,1,1,1,0,2,1,0,1,0,0000000,99,99,99,99,88,88,0,0,0,1,1
37,370659,2,2,0,2,23,0,6,8,2010,6,12,19,0,6,4,RP-1129,,99999,35.68724444,-81.841311110,0,12,2,0,1,1,1,0,1,1,0,1,0,0000000,12,18,12,27,12,39,0,0,0,1,0
37,370660,2,2,1,1,35,0,6,8,2010,6,3,55,1,2,2,US-321,,99999,35.67396111,-81.336336110,0,8,0,0,1,1,1,0,2,5,0,5,0,0000000,3,55,4,3,88,88,0,0,0,1,0
37,370661,2,2,0,6,35,0,22,8,2010,1,1,45,0,3,4,RP-1005,,99999,35.67922500,-81.273036110,0,12,2,0,1,1,1,0,2,1,0,1,0,0000000,1,46,1,53,2,29,0,0,0,2,0
37,370662,1,1,0,1,45,0,7,8,2010,7,8,4,0,4,4,RP-1313,,99999,35.32370556,-81.616058330,0,1,0,0,1,1,4,0,1,1,0,1,0,0000000,99,99,99,99,88,88,0,0,0,1,0
37,370663,1,1,0,1,45,0,15,8,2010,1,3,44,0,4,4,RP-2033,,99999,35.27347778,-81.448947220,0,23,0,0,1,1,4,0,2,1,0,1,0,0000000,99,99,99,99,99,99,0,0,0,1,0
37,370664,1,1,0,1,57,0,20,8,2010,6,20,46,0,5,4,RP-2104,,99999,35.79647778,-80.120416670,0,1,0,0,1,1,4,0,2,1,0,1,0,0000000,20,41,20,55,21,22,0,0,0,1,1
37,370665,2,2,0,2,61,0,7,8,2010,7,21,29,0,4,3,SR-111,RP-1700,99999,34.96300833,-77.790477780,0,12,6,0,2,2,1,0,2,10,0,10,0,0000000,21,30,21,39,22,18,0,0,0,1,1
37,370666,2,2,0,2,61,0,10,8,2010,3,8,10,1,2,2,US-117,,99999,34.88196944,-78.048011110,0,12,2,0,1,1,1,0,1,1,0,1,0,0000000,8,26,8,34,99,99,0,0,0,1,0
37,370667,1,1,1,1,63,1360,7,8,2010,7,23,45,0,13,6,HOLLOWAY STREET,,99999,35.98993889,-78.857077780,0,8,0,0,1,1,1,0,3,1,0,1,0,0000000,23,45,23,53,0,14,0,0,0,1,0
37,370668,3,3,0,3,67,5120,3,8,2010,3,13,29,0,14,6,STRATFORD ROAD,OLIVE STREET,99999,36.08135278,-80.297494440,0,12,2,0,3,3,1,0,1,1,0,1,0,0000000,13,31,13,34,13,46,14,0,0,1,0
37,370669,2,2,0,3,67,937,17,8,2010,3,16,44,0,16,6,RP-1101,,99999,36.02770556,-80.403505560,0,12,2,0,1,1,1,0,1,1,0,1,0,0000000,16,45,16,57,88,88,0,0,0,1,1
37,370670,1,1,0,2,69,0,21,8,2010,7,22,6,0,3,4,RP-1600,,99999,36.08760278,-78.268533330,0,59,0,0,1,1,4,0,2,1,0,1,0,0000000,22,3,22,8,88,88,0,0,0,1,1
37,370671,1,1,0,1,77,0,14,8,2010,7,7,0,0,4,4,RP-1430,,99999,36.44600278,-78.561558330,0,34,0,0,1,1,4,0,4,1,0,1,0,0000000,6,35,6,42,88,88,0,0,0,1,0
37,370672,2,2,0,2,81,1940,1,8,2010,1,2,23,0,14,6,FLORIDA STREET,HARDEE STREET,99999,36.05206111,-79.826191670,0,12,6,0,2,2,1,0,3,10,0,10,0,0000000,2,22,2,32,99,99,0,0,0,1,2
37,370673,1,1,0,1,81,1940,8,8,2010,1,12,12,1,11,1,I-840,,99999,36.06727778,-79.690788890,0,35,0,0,1,1,4,0,1,10,0,10,0,0000000,12,9,12,19,12,50,0,0,0,1,0
37,370674,1,1,0,2,81,2170,10,8,2010,3,0,39,0,13,6,COLLEGE ROAD,,99999,35.96995833,-79.989694440,0,30,0,0,1,1,3,0,3,1,0,1,0,0000000,0,40,0,45,1,12,0,0,0,2,1
37,370675,2,2,0,2,81,1940,12,8,2010,5,8,11,1,11,1,I-85,,99999,35.99842500,-79.774475000,0,57,0,0,1,1,3,0,1,10,0,10,0,0000000,8,10,8,20,8,42,0,0,0,1,1
37,370676,1,1,0,1,81,0,14,8,2010,7,3,9,0,6,4,RP-3351,,99999,35.90782222,-79.553997220,0,38,0,0,1,1,4,0,2,1,0,1,0,0000000,3,2,3,34,4,12,0,0,0,1,1
37,370677,1,1,0,1,89,0,17,8,2010,3,21,1,0,6,4,RP-1734,,99999,35.34241667,-82.353108330,0,35,0,0,1,1,4,0,2,1,0,1,0,0000000,99,99,99,99,88,88,0,0,0,1,0