STATE,ST_CASE,VE_TOTAL,VE_FORMS,PEDS,PERSONS,COUNTY,CITY,DAY,MONTH,YEAR,DAY_WEEK,HOUR,MINUTE,NHS,ROAD_FNC,ROUTE,TWAY_ID,TWAY_ID2,MILEPT,LATITUDE,LONGITUD,SP_JUR,HARM_EV,MAN_COLL,RELJCT1,RELJCT2,TYP_INT,REL_ROAD,WRK_ZONE,LGT_COND,WEATHER1,WEATHER2,WEATHER,SCH_BUS,RAIL,NOT_HOUR,NOT_MIN,ARR_HOUR,ARR_MIN,HOSP_HR,HOSP_MN,CF1,CF2,CF3,FATALS,DRUNK_DR
37,370678,1,1,0,2,93,0,14,8,2010,7,20,25,0,4,3,SR-20,,99999,34.95271944,-79.178766670,0,42,0,0,1,1,4,0,5,1,0,1,0,0000000,99,99,99,99,99,99,0,0,0,1,0
37,370679,1,1,0,1,101,0,17,8,2010,3,7,20,0,4,3,SR-222,,99999,35.63956389,-78.162938890,0,53,0,0,1,1,4,0,1,1,0,1,0,0000000,99,99,99,99,99,99,0,0,0,1,0
37,370680,2,2,0,5,105,0,7,8,2010,7,21,11,0,3,3,SR-87,,99999,35.40369167,-79.114180560,0,12,2,0,1,1,1,0,2,1,0,1,0,0000000,99,99,99,99,99,99,0,0,0,1,0
37,370681,1,1,0,1,111,0,15,8,2010,1,3,24,1,1,1,I-40,,99999,35.63358056,-82.083663890,0,24,0,0,1,1,3,0,2,10,0,10,0,0000000,3,21,3,29,6,40,0,0,0,1,0
37,370682,2,2,0,2,119,870,6,8,2010,6,20,49,0,14,6,CAROWINDS BLVD,,99999,35.11525833,-80.956391670,0,12,11,0,8,1,1,0,2,10,0,10,0,0000000,20,48,20,55,88,88,0,0,0,1,0
37,370683,1,1,0,2,123,0,20,8,2010,6,4,30,1,2,2,US-220,,99999,35.44962222,-79.781300000,0,24,0,0,1,1,4,0,2,10,0,10,0,0000000,4,20,4,37,5,11,0,0,0,1,1
37,370684,1,1,0,2,123,0,16,8,2010,2,17,35,0,6,4,RP-1833,,99999,99.99990000,999.999900000,0,1,0,0,1,1,4,0,1,1,0,1,0,0000000,17,27,17,32,18,14,0,0,0,1,0
37,370685,1,1,0,1,127,0,14,8,2010,7,5,28,0,5,4,RP-1001,,99999,35.84509167,-78.006919440,0,42,0,0,1,1,4,0,2,1,0,1,0,0000000,5,23,5,35,6,52,0,0,0,1,1
37,370686,1,1,0,1,127,0,18,8,2010,4,11,39,1,1,1,I-95,,99999,35.82700000,-77.983361110,0,1,0,0,1,1,1,0,1,1,0,1,0,0000000,11,37,11,48,99,99,0,0,0,1,0
37,370687,1,1,0,6,135,0,6,8,2010,6,8,43,0,4,4,RP-1006,,99999,36.03771667,-79.134383330,0,1,0,0,1,1,4,0,1,1,0,1,0,0000000,99,99,99,99,99,99,0,0,0,1,0
37,370688,1,1,0,2,151,0,7,8,2010,7,23,50,0,5,4,RP-3106,,99999,35.83390556,-79.976886110,0,35,0,0,1,1,4,0,2,1,0,1,0,0000000,23,48,23,58,0,20,0,0,0,1,1
37,370689,1,1,0,1,155,0,6,8,2010,6,12,55,1,2,2,US-301,,99999,34.70281111,-79.010625000,0,1,0,0,1,1,4,0,1,1,0,1,0,0000000,15,12,15,21,15,52,0,0,0,1,0
37,370690,1,1,1,2,157,1435,17,8,2010,3,3,41,0,16,6,MARYLAND AVE,,99999,36.51529167,-79.690016670,0,9,0,0,1,1,1,0,3,1,0,1,0,0000000,3,42,3,53,4,7,0,0,0,1,0
37,370691,1,1,0,2,165,0,12,8,2010,5,19,13,0,4,3,SR-79,,99999,34.75748056,-79.618091670,0,42,0,0,1,1,4,0,1,1,0,1,0,0000000,19,13,19,22,20,39,20,0,0,1,1
37,370692,1,1,0,1,167,0,9,8,2010,2,10,59,0,6,4,RP-2001,,99999,35.22585000,-80.226888890,0,35,0,0,1,1,4,0,1,1,0,1,0,0000000,10,52,11,8,88,88,0,0,0,1,0
37,370693,2,2,0,2,169,0,8,8,2010,1,23,35,0,4,3,SR-66,,99999,36.28676389,-80.320958330,0,12,2,0,1,1,1,0,2,1,0,1,0,0000000,23,35,23,43,88,88,0,0,0,1,1
37,370694,1,1,0,1,173,0,2,8,2010,2,12,0,0,3,2,US-129,,99999,35.44906389,-83.935975000,0,35,0,0,1,1,4,0,1,1,0,1,0,0000000,11,53,12,20,88,88,0,0,0,1,1
37,370695,2,2,0,5,179,0,14,8,2010,7,9,17,0,4,4,RP-1003,RP-1941,99999,34.96742222,-80.509700000,0,12,6,0,2,2,1,0,1,10,0,10,0,0000000,99,99,99,99,99,99,0,0,0,2,0
37,370696,1,1,1,2,181,0,10,8,2010,3,21,5,0,4,4,RP-1329,,99999,36.46830278,-78.387194440,0,9,0,0,1,1,1,0,2,1,0,1,0,0000000,99,99,99,99,99,99,0,0,0,1,0
37,370697,3,3,0,4,181,2120,14,8,2010,7,22,11,1,11,1,I-85,,99999,36.35108056,-78.390025000,0,7,0,0,1,1,1,0,2,1,0,1,0,0000000,22,11,22,19,88,88,0,0,0,1,1
37,370698,2,2,0,2,183,3750,5,8,2010,5,7,14,0,14,6,WAKE FOREST RD,OLLIE ST,99999,35.83938611,-78.612069440,0,12,6,0,3,2,1,0,1,1,0,1,0,0000000,7,14,7,19,7,32,0,0,0,1,0
37,370699,1,1,0,1,183,0,7,8,2010,7,1,53,0,6,4,RP-1142,,99999,35.70142778,-78.925952780,0,34,0,0,1,1,4,0,2,1,0,1,0,0000000,99,99,99,99,88,88,0,0,0,1,1
37,370700,2,2,0,2,183,0,6,8,2010,6,18,0,0,6,4,RP-1901,,99999,36.02695833,-78.652325000,0,12,6,0,1,1,1,0,1,1,0,1,0,0000000,17,57,18,11,88,88,0,0,0,1,0
37,370701,2,2,0,2,183,0,9,8,2010,2,7,43,0,3,3,SR-96,ROCKING CHAIR DR,99999,36.02494444,-78.476972220,0,12,6,0,2,3,1,0,1,1,0,1,0,0000000,7,40,7,49,88,88,0,0,0,1,1
37,370702,1,1,0,1,183,0,16,8,2010,2,8,38,0,6,4,RP-2322,,99999,35.82338056,-78.434400000,0,43,0,0,1,1,4,0,1,1,0,1,0,0000000,99,99,99,99,88,88,0,0,0,1,0
37,370703,1,1,0,1,183,0,20,8,2010,6,11,32,1,1,1,I-40,,99999,35.59569167,-78.567094440,0,24,0,0,5,1,4,0,1,1,0,1,0,0000000,99,99,99,99,88,88,0,0,0,1,0
37,370704,2,2,0,2,183,800,24,8,2010,3,7,38,0,15,4,RP-1613,RP-1619,99999,99.99990000,999.999900000,0,12,6,0,2,2,1,0,1,2,10,2,0,0000000,7,39,7,41,8,15,0,0,0,1,0
37,370705,2,2,0,2,187,0,11,8,2010,4,6,35,0,4,3,SR-99,RP-1128,99999,35.77576389,-76.704483330,0,12,6,0,2,3,1,0,2,1,0,1,0,0000000,5,47,6,0,6,39,0,0,0,1,0
37,370706,2,2,0,8,193,0,9,8,2010,2,22,6,0,5,4,RP-1541,,99999,99.99990000,999.999900000,0,12,6,0,1,1,1,0,2,10,0,10,0,0000000,22,2,22,16,99,99,0,0,0,1,0
37,370707,2,2,0,2,193,0,21,8,2010,7,17,21,0,4,4,RP-1002,RP-1952,99999,36.28060556,-81.100216670,0,12,6,0,2,3,1,0,1,2,0,2,0,0000000,17,19,17,33,88,88,0,0,0,1,1
37,370708,2,2,0,2,195,0,16,8,2010,2,15,40,0,4,3,SR-58,,99999,35.72282500,-77.892380560,0,12,2,0,1,1,1,0,1,1,0,1,0,0000000,15,32,15,37,99,99,0,0,0,1,0
37,370709,2,2,0,3,145,0,15,1,2010,6,13,17,0,4,3,SR-49,,99999,36.35508889,-79.042338890,0,12,1,0,1,1,1,0,1,1,0,1,0,0000000,13,14,13,21,13,55,0,0,0,1,0
37,370710,2,2,0,3,153,0,9,1,2010,7,13,40,0,13,3,SR-177,,99999,34.88607222,-79.716197220,0,12,6,0,1,1,1,0,1,1,0,1,0,0000000,13,36,13,42,14,13,0,0,0,1,0
37,370711,2,2,0,2,21,0,17,2,2010,4,16,5,0,2,3,SR-63,,99999,35.58675833,-82.597533330,0,12,6,0,4,1,1,0,1,10,0,10,0,0000000,16,37,16,51,17,51,0,0,0,1,0
37,370712,1,1,1,1,155,3790,20,2,2010,7,17,42,0,15,6,HUBERT MCLEAN RD,,99999,34.80351389,-79.189625000,0,9,0,0,1,1,1,0,1,1,0,1,0,0000000,17,43,17,57,18,33,0,0,0,1,0
37,370713,1,1,0,2,63,1360,3,3,2010,4,14,50,0,14,6,E CORNWALLIS RD,,99999,35.94855000,-78.903122220,0,30,0,0,1,1,4,0,1,10,0,10,0,0000000,14,52,14,59,15,33,0,0,0,1,0
37,370714,1,1,0,2,77,713,8,3,2010,2,18,5,0,15,6,GATE RD,,99999,99.99990000,999.999900000,0,1,0,0,1,1,4,0,1,1,0,1,0,0000000,99,99,99,99,99,99,0,0,0,1,1
37,370715,2,2,0,3,47,0,28,6,2010,2,12,50,0,4,3,SR-905,SR-904,99999,34.03046944,-78.639622220,0,12,2,0,2,3,1,0,1,1,0,1,0,0000000,99,99,99,99,99,99,0,0,0,1,0
37,370716,1,1,0,2,57,0,13,7,2010,3,23,22,0,6,4,RP-1231,,99999,35.83959444,-80.292119440,0,32,0,0,1,1,4,0,2,2,10,2,0,0000000,23,22,23,26,0,26,0,0,0,1,0
37,370717,1,1,1,2,17,0,27,8,2010,6,22,30,0,4,3,SR-410,,99999,34.65721667,-78.727683330,0,8,0,0,1,1,1,0,2,10,0,10,0,0000000,22,30,22,49,0,4,0,0,0,1,0
37,370718,3,3,0,3,21,0,31,8,2010,3,22,43,1,1,1,I-40,,99999,35.55813611,-82.595730560,0,12,1,0,1,1,1,0,2,1,0,1,0,0000000,22,42,22,51,0,32,14,0,0,1,0
37,370719,2,2,0,8,31,0,28,8,2010,7,20,20,0,4,4,RP-1332,RP-1334,99999,34.73716944,-76.557883330,0,12,6,0,2,4,1,0,2,1,0,1,0,0000000,20,20,20,25,21,15,0,0,0,2,0
37,370720,1,1,0,2,35,0,21,8,2010,7,12,10,0,3,3,SR-16,,99999,35.63175000,-81.155061110,0,1,0,0,1,1,4,0,1,1,0,1,0,0000000,12,11,12,17,12,54,0,0,0,1,0
37,370721,1,1,0,1,37,0,28,8,2010,7,8,19,1,2,2,US-15,,99999,35.85763889,-79.083677780,0,42,0,0,1,1,4,0,1,10,5,5,0,0000000,8,10,8,17,88,88,0,0,0,1,0
37,370722,1,1,1,1,47,0,10,8,2010,3,18,30,0,5,4,RP-1410,,99999,34.31321389,-78.923111110,0,8,0,0,1,1,1,0,1,1,0,1,0,0000000,99,99,99,99,99,99,0,0,0,1,0
37,370723,1,1,0,1,51,0,12,8,2010,5,1,15,0,5,4,RP-1006,,99999,35.05980833,-78.700861110,0,34,0,0,1,1,4,0,2,1,0,1,0,0000000,1,12,1,21,88,88,0,0,0,1,1
37,370724,1,1,0,1,51,0,27,8,2010,6,21,50,0,4,3,SR-210,,99999,34.95993056,-78.645094440,0,34,0,0,1,1,4,0,2,1,0,1,0,0000000,21,55,22,17,23,32,0,0,0,1,1
37,370725,2,2,0,2,63,1360,25,8,2010,4,17,12,1,11,1,I-85,,99999,36.01578333,-78.892822220,0,12,1,0,1,1,1,0,1,1,0,1,0,0000000,17,18,17,23,18,32,19,0,0,1,0
37,370726,1,1,0,2,83,0,27,8,2010,6,13,44,1,1,1,I-95,,99999,36.17799167,-77.767377780,0,34,0,0,1,1,4,0,1,1,0,1,0,0000000,13,39,13,46,99,99,0,0,0,1,0
37,370727,1,1,0,1,97,0,30,8,2010,2,4,16,0,6,4,RP-1598,,99999,36.02971667,-80.991619440,0,11,0,0,1,1,1,0,2,1,0,1,0,0000000,4,12,4,32,99,99,0,0,0,1,0
37,370728,2,2,0,9,101,0,23,8,2010,2,16,55,0,6,4,HONEYCUTT ROAD,,99999,35.38851667,-78.530347220,0,12,2,0,8,1,1,0,1,1,0,1,0,0000000,99,99,99,99,99,99,0,0,0,1,0
37,370729,1,1,0,1,105,0,21,8,2010,7,2,14,0,4,4,RP-1144,,99999,35.38628611,-79.210094440,0,42,0,0,1,1,4,0,2,1,0,1,0,0000000,2,4,2,13,3,45,0,0,0,1,0
37,370730,1,1,2,1,119,870,22,8,2010,1,7,54,0,16,6,CRAIG AVE,,99999,35.18580556,-80.783244440,0,8,0,0,1,1,4,0,1,1,0,1,0,0000000,7,54,8,4,99,99,0,0,0,1,0
37,370731,2,2,0,3,141,0,27,8,2010,6,10,40,1,2,2,US-17,,99999,34.37177778,-77.706041670,0,12,6,0,8,1,1,0,1,1,0,1,0,0000000,10,42,10,45,11,32,0,0,0,1,0
37,370732,2,2,0,3,147,0,25,8,2010,4,13,45,0,4,3,SR-121,RP-1200,99999,35.61293056,-77.571758330,0,12,6,0,2,2,1,0,1,1,0,1,0,0000000,99,99,99,99,99,99,0,0,0,1,0
37,370733,2,2,0,3,161,0,24,8,2010,3,12,10,1,2,2,US-64,RP-1341,99999,99.99990000,999.999900000,0,12,6,0,2,2,1,0,1,1,0,1,0,0000000,99,99,99,99,99,99,0,0,0,2,0
37,370734,2,2,0,2,161,0,26,8,2010,5,5,55,1,2,2,US-74,,99999,35.29946944,-81.749761110,0,12,1,0,1,1,1,0,2,1,0,1,0,0000000,99,99,99,99,99,99,0,0,0,1,0
37,370735,2,2,0,2,163,0,27,8,2010,6,10,4,0,5,3,SR-24,,99999,34.99108611,-78.255613890,0,54,11,0,1,1,1,0,1,1,0,1,0,0000000,99,99,99,99,99,99,14,0,0,1,0
37,370736,1,1,0,1,165,0,27,8,2010,6,12,0,0,6,4,RP-1157,,99999,34.77873889,-79.556294440,0,42,0,0,1,1,4,0,1,1,0,1,0,0000000,12,38,12,53,88,88,0,0,0,1,0
37,370737,1,1,0,1,173,0,31,8,2010,3,17,55,0,6,4,RP-1140,,99999,35.37498333,-83.468563890,0,1,0,0,1,1,4,0,1,1,0,1,0,0000000,99,99,99,99,88,88,0,0,0,1,1
37,370739,2,1,0,2,183,3750,20,8,2010,6,0,23,0,3,6,TRYON ROAD,,99999,35.74086111,-78.670263890,0,38,0,0,1,1,4,0,2,2,0,2,0,0000000,0,13,0,19,99,99,0,0,0,1,1
37,370740,1,1,1,1,191,1880,21,8,2010,7,22,21,1,12,2,US-117,,99999,35.39440278,-78.010138890,0,8,0,0,1,1,1,0,2,1,0,1,0,0000000,99,99,99,99,88,88,0,0,0,1,0
37,370741,1,1,1,2,191,0,28,8,2010,7,1,44,1,2,2,US-117,,99999,35.39450833,-78.010397220,0,8,0,0,1,1,1,0,2,1,0,1,0,0000000,1,42,1,49,2,5,0,0,0,1,0
37,370742,1,1,0,2,191,1880,31,8,2010,3,7,45,0,15,6,SALEM CHURCH ROAD,,99999,35.40398889,-77.999688890,0,30,0,0,1,1,4,0,1,1,0,1,0,0000000,7,48,7,53,8,16,0,0,0,1,0
37,370743,1,1,0,1,1,0,3,9,2010,6,23,32,0,6,4,RP-2363,,99999,35.93350556,-79.462566670,0,34,0,0,1,1,4,0,2,1,0,1,0,0000000,1,15,1,34,2,28,0,0,0,1,1
37,370744,3,3,0,3,97,0,4,9,2010,7,15,13,0,4,3,SR-115,,99999,36.04096944,-80.960086110,0,12,2,0,1,1,1,0,1,1,0,1,0,0000000,15,13,15,30,99,99,0,0,0,1,0
37,370745,2,2,0,2,115,0,3,9,2010,6,15,53,0,3,3,SR-208,,99999,35.98425833,-82.764044440,0,54,11,0,8,1,1,0,1,1,0,1,0,0000000,99,99,99,99,99,99,14,0,0,1,1
37,370746,1,1,0,1,125,0,4,9,2010,7,13,45,0,6,6,RP-2021,,99999,35.19308333,-79.183866670,0,43,0,0,1,1,4,0,1,1,0,1,0,0000000,99,99,99,99,88,88,0,0,0,1,0
37,370747,1,1,0,2,127,0,1,9,2010,4,23,20,1,1,1,I-95,,99999,36.05650556,-77.828136110,0,1,0,0,1,1,3,0,2,1,0,1,0,0000000,23,20,23,34,23,53,0,0,0,1,0
37,370748,1,1,1,2,127,0,8,9,2010,4,20,2,1,2,2,US-301,,99999,36.07071389,-77.748872220,0,9,0,0,1,1,1,0,2,10,0,10,0,0000000,19,56,20,12,99,99,0,0,0,1,0
37,370749,1,1,1,1,155,4165,1,9,2010,4,19,10,0,4,3,SR-71,,99999,34.84785000,-79.139372220,0,8,0,0,1,1,5,0,1,1,0,1,0,0000000,99,99,99,99,99,99,15,0,0,1,0
37,370750,2,2,1,4,155,0,4,9,2010,7,0,3,0,4,3,SR-71,RP-1308,99999,34.77513333,-79.326386110,0,12,6,0,3,3,1,0,3,1,0,1,0,0000000,0,7,0,20,0,40,19,0,0,1,0
37,370751,1,1,1,3,155,0,3,9,2010,6,20,57,0,6,4,RP-1573,,99999,34.66168056,-79.119930560,0,9,0,0,1,1,1,0,2,1,0,1,0,0000000,20,56,21,10,22,42,0,0,0,1,1
37,370752,1,1,0,1,51,0,9,1,2010,7,6,30,0,5,4,RP-2252,,99999,34.86131944,-78.903122220,0,38,0,0,1,1,4,0,2,1,0,1,0,0000000,6,32,6,38,88,88,0,0,0,1,0
37,370753,2,2,0,2,129,0,25,3,2010,5,13,13,0,3,4,RP-1492,RP-1953,99999,34.11890556,-77.880019440,0,12,6,0,2,3,1,0,1,1,0,1,0,0000000,13,11,13,18,13,34,0,0,0,1,0
37,370754,5,5,0,10,179,9997,6,6,2010,1,16,3,0,15,6,LAWYERS ROAD,CASTLEMAINE DRIVE,99999,35.13301944,-80.609027780,0,12,1,0,3,2,1,0,1,1,0,1,0,0000000,99,99,99,99,99,99,0,0,0,1,0
37,370755,2,2,0,2,21,170,24,8,2010,3,15,44,1,2,2,US-25,SWANN STREET,99999,35.56693333,-82.541333330,0,12,9,0,3,3,1,0,1,1,0,1,0,0000000,15,47,15,52,16,2,0,0,0,1,1
37,370756,2,2,0,3,55,4280,18,8,2010,4,8,12,0,14,6,DUCK ROAD,DOGWOOD TRAIL,99999,36.12887222,-75.729875000,0,12,6,1,2,2,1,0,1,1,0,1,0,0000000,8,12,8,21,8,55,0,0,0,1,0
37,370757,2,2,0,3,133,0,30,8,2010,2,21,20,0,4,4,RP-1308,,99999,34.87572222,-77.504683330,0,12,2,0,1,1,1,0,2,1,0,1,0,0000000,21,15,21,21,22,52,0,0,0,1,0
37,370758,2,2,0,4,155,0,29,8,2010,1,3,2,0,4,3,SR-710,,99999,34.58393333,-79.267730560,0,12,6,0,8,1,1,0,2,1,0,1,0,0000000,99,99,99,99,99,99,0,0,0,1,1
37,370759,1,1,1,3,17,0,15,9,2010,4,20,41,0,5,4,RP-1100,,99999,34.55506389,-78.805233330,0,8,0,0,1,1,1,0,2,1,0,1,0,0000000,20,36,20,41,21,39,0,0,0,1,0
37,370760,1,1,0,4,19,0,11,9,2010,7,2,24,0,6,4,RP-1417,,99999,34.24812222,-78.124000000,0,38,0,0,1,1,4,0,2,10,0,10,0,0000000,2,21,99,99,88,88,0,0,0,3,1
37,370761,2,2,0,3,21,0,13,9,2010,2,15,32,0,3,4,RP-1004,RP-1301,99999,35.62537222,-82.682002780,0,12,2,0,3,3,1,0,1,1,0,1,0,0000000,15,38,15,44,88,88,0,0,0,1,0
37,370762,2,1,0,1,25,0,6,9,2010,2,3,17,0,6,4,RP-2631,,99999,35.35266111,-80.534130560,0,14,0,0,1,1,5,0,2,1,0,1,0,0000000,3,10,3,18,88,88,0,0,0,1,0
37,370763,1,1,0,1,27,0,14,9,2010,3,18,16,0,6,4,RP-1116,,99999,99.99990000,999.999900000,0,42,0,0,1,1,4,0,1,1,0,1,0,0000000,18,13,18,19,88,88,0,0,0,1,1
37,370764,1,1,0,2,31,0,18,9,2010,7,3,29,0,4,3,SR-101,,99999,34.82556944,-76.693325000,0,42,0,0,1,1,4,0,2,1,0,1,0,0000000,99,99,99,99,99,99,0,0,0,1,1
37,370765,3,3,0,4,35,0,14,9,2010,3,16,46,0,6,4,RP-1502,,99999,35.77242222,-81.275738890,0,12,6,0,1,1,1,0,1,1,0,1,0,0000000,99,99,99,99,99,99,0,0,0,1,1
37,370766,1,1,0,1,37,0,13,9,2010,2,14,40,0,5,4,RP-1004,,99999,35.74031111,-79.453211110,0,42,0,0,1,1,4,0,1,1,0,1,0,0000000,14,32,14,41,88,88,0,0,0,1,0
37,370767,2,2,0,4,51,0,12,9,2010,1,19,10,0,2,3,SR-59,RP_1123,99999,34.95356389,-78.938141670,0,12,6,0,2,2,1,0,1,1,0,1,0,0000000,19,11,19,16,19,46,0,0,0,1,0
37,370768,2,2,0,4,51,0,16,9,2010,5,4,10,1,2,3,SR-87,,99999,35.06021111,-78.892994440,0,12,1,0,1,1,2,0,2,10,0,10,0,0000000,4,12,4,19,4,33,0,0,0,1,0
37,370769,1,1,1,1,57,0,7,9,2010,3,18,10,0,4,3,SR-150,,99999,35.85128333,-80.326452780,0,8,0,0,1,1,1,0,1,1,0,1,0,0000000,18,5,18,7,18,36,0,0,0,1,0
37,370770,2,2,0,3,61,450,9,9,2010,5,14,14,1,13,3,SR-24,BROWN RD,99999,34.92239444,-77.765694440,0,12,6,0,2,2,1,0,1,1,0,1,0,0000000,14,16,14,27,14,58,0,0,0,1,0
37,370771,3,3,0,3,65,0,5,9,2010,1,3,9,1,2,2,US-64,,99999,35.95876389,-77.788611110,0,12,7,0,1,1,1,0,2,1,0,1,0,0000000,3,7,3,9,3,35,0,0,0,1,1
37,370772,1,1,0,1,67,0,4,9,2010,7,6,25,0,4,3,SR-65,,99999,36.20383611,-80.307827780,0,32,0,0,1,1,4,0,4,1,0,1,0,0000000,99,99,99,99,99,99,0,0,0,1,1
37,370773,1,1,0,1,67,5120,9,9,2010,5,21,5,1,11,1,I-40,,99999,36.05992500,-80.220536110,0,24,0,1,5,1,2,0,2,1,0,1,0,0000000,21,8,21,13,21,33,0,0,0,1,1
37,370774,1,1,0,1,71,0,8,9,2010,4,12,25,0,4,4,RP1918,,99999,35.35398611,-81.031294440,0,53,0,0,1,1,4,0,1,1,0,1,0,0000000,99,99,99,99,88,88,0,0,0,1,1
37,370775,2,2,0,3,71,0,12,9,2010,1,21,15,0,4,3,SR-274,,99999,35.30006667,-81.287669440,0,12,6,0,1,1,1,0,2,1,0,1,0,0000000,21,11,21,16,21,49,0,0,0,1,1
37,370776,1,1,0,1,71,0,22,9,2010,4,20,29,0,6,4,RP-3061,,99999,99.99990000,999.999900000,0,42,0,0,1,1,4,0,2,10,0,10,0,0000000,20,29,20,38,88,88,0,0,0,1,0
37,370777,2,2,0,3,81,1940,4,9,2010,7,18,5,0,16,6,TOWER RD,,99999,36.08288611,-79.889230560,0,12,6,0,8,1,1,0,1,1,0,1,0,0000000,18,9,18,14,18,32,0,0,0,1,0
37,370778,1,1,0,2,81,0,18,9,2010,7,2,11,0,4,4,RP-1007,,99999,35.92297778,-79.810952780,0,32,0,0,1,1,4,0,3,1,0,1,0,0000000,2,9,2,20,99,99,0,0,0,1,1
37,370779,2,2,0,3,85,0,11,9,2010,7,13,29,0,4,3,SR-210,,99999,35.41843333,-78.803386110,0,12,2,0,1,1,1,0,1,1,0,1,0,0000000,99,99,99,99,99,99,0,0,0,1,0
37,370780,2,2,0,4,89,0,11,9,2010,7,3,30,1,2,2,US-25,,99999,35.40024444,-82.508011110,0,12,8,0,1,1,1,0,2,1,0,1,0,0000000,99,99,3,44,99,99,0,0,0,1,1
37,370781,1,1,0,1,101,930,7,9,2010,3,18,37,0,16,4,RP-1714,,99999,35.69396944,-78.407191670,0,1,0,0,1,1,4,0,1,1,0,1,0,0000000,18,32,18,41,19,2,0,0,0,1,0
37,370782,2,1,0,3,101,0,14,9,2010,3,7,55,1,1,1,I-40,,99999,35.26601389,-78.388225000,0,14,0,0,1,1,2,0,1,1,0,1,0,0000000,8,0,8,13,9,10,0,0,0,1,1
37,370783,1,1,0,2,109,0,18,9,2010,7,23,8,0,5,4,RP-1002,,99999,35.43871389,-81.356250000,0,32,0,0,1,1,4,0,2,1,0,1,0,0000000,23,4,23,12,88,88,0,0,0,2,1
37,370784,1,1,1,1,119,870,1,9,2010,4,3,0,0,16,6,CARMEL RD,,99999,35.06323333,-80.865811110,0,8,0,0,1,1,1,0,2,1,0,1,0,0000000,99,99,99,99,88,88,0,0,0,1,0
37,370785,1,1,1,2,119,870,5,9,2010,1,23,59,1,11,1,I-85,,99999,35.27785833,-80.801011110,0,8,0,0,1,1,1,0,2,1,0,1,0,0000000,99,99,99,99,99,99,0,0,0,1,0
37,370786,1,1,0,1,123,0,11,9,2010,7,5,57,0,3,3,SR-109,,99999,35.32184722,-79.944161110,0,34,0,0,1,1,4,0,2,10,0,10,0,0000000,5,59,6,13,88,88,0,0,0,1,1
37,370787,1,1,0,2,127,0,8,9,2010,4,11,50,0,4,3,SR-97,,99999,35.83632500,-77.959241670,0,42,0,0,1,1,4,0,1,1,0,1,0,0000000,11,41,12,2,99,99,0,0,0,1,0
37,370788,1,1,0,1,127,0,15,9,2010,4,6,52,0,5,4,RP-1004,,99999,35.98488333,-77.981730560,0,32,0,0,1,1,4,0,1,1,0,1,0,0000000,6,48,6,54,7,23,0,0,0,1,1
37,370789,2,2,0,6,129,0,9,9,2010,5,21,3,1,2,2,US-17,,99999,34.31933889,-77.871436110,0,12,2,0,1,1,1,0,3,1,0,1,0,0000000,99,99,99,99,99,99,0,0,0,1,0
37,370790,4,3,0,4,133,0,18,9,2010,7,10,42,0,3,4,RP-1406,,99999,34.76241667,-77.341688890,0,12,2,0,1,1,1,0,1,1,0,1,0,0000000,11,9,11,13,11,50,0,0,0,1,0
37,370791,4,2,0,7,141,0,15,9,2010,4,16,29,0,4,3,SR-53,SR-50,99999,34.54276111,-78.001555560,0,12,6,0,2,2,1,0,1,1,0,1,0,0000000,16,23,16,29,99,99,0,0,0,1,0
37,370792,1,1,0,1,153,0,11,9,2010,7,6,30,0,4,2,US-220,,99999,35.06836111,-79.735508330,0,35,0,0,1,1,4,0,2,10,0,10,0,0000000,6,44,6,50,88,88,0,0,0,1,1
37,370793,1,1,1,1,153,2020,19,9,2010,1,5,7,0,16,6,FREEMAN MILL RD,,99999,34.85832778,-79.695338890,0,8,0,0,1,1,1,0,2,1,0,1,0,0000000,4,58,5,4,88,88,0,0,0,1,0
37,370794,1,1,1,1,155,0,10,9,2010,6,23,21,0,4,4,RP-1955,,99999,34.69660278,-78.916597220,0,53,0,0,1,1,4,0,2,1,0,1,0,0000000,99,99,99,99,99,99,0,0,0,1,0
37,370795,1,1,1,1,157,0,11,9,2010,7,20,15,0,4,3,SR-150,,99999,36.24835833,-79.604958330,0,8,0,0,1,1,1,0,2,1,0,1,0,0000000,20,14,20,30,88,88,0,0,0,1,1
37,370796,2,2,0,4,163,0,10,9,2010,6,10,12,0,4,4,RP-1006,RP-1323,99999,35.06848056,-78.432572220,0,12,6,0,2,2,1,0,1,1,0,1,0,0000000,10,14,10,27,99,99,0,0,0,1,0
37,370797,1,1,0,4,171,0,14,9,2010,3,23,50,0,5,4,RP-1809,,99999,36.43826111,-80.476113890,0,59,0,0,1,1,4,0,2,1,0,1,0,0000000,23,55,0,7,88,88,0,0,0,1,1
37,370798,1,1,0,1,183,0,11,9,2010,7,16,26,1,1,1,I-40 RAMP,,99999,35.63298333,-78.564391670,0,24,0,0,5,1,4,0,1,1,0,1,0,0000000,99,99,99,99,99,99,0,0,0,1,0
37,370799,1,1,0,3,183,0,18,9,2010,7,16,5,1,2,2,US-401,,99999,35.69602778,-78.672794440,0,24,0,0,1,1,5,0,1,1,0,1,0,0000000,99,99,99,99,99,99,0,0,0,2,0