STATE,ST_CASE,VE_TOTAL,VE_FORMS,PEDS,PERSONS,COUNTY,CITY,DAY,MONTH,YEAR,DAY_WEEK,HOUR,MINUTE,NHS,ROAD_FNC,ROUTE,TWAY_ID,TWAY_ID2,MILEPT,LATITUDE,LONGITUD,SP_JUR,HARM_EV,MAN_COLL,RELJCT1,RELJCT2,TYP_INT,REL_ROAD,WRK_ZONE,LGT_COND,WEATHER1,WEATHER2,WEATHER,SCH_BUS,RAIL,NOT_HOUR,NOT_MIN,ARR_HOUR,ARR_MIN,HOSP_HR,HOSP_MN,CF1,CF2,CF3,FATALS,DRUNK_DR
37,370800,2,2,0,3,183,0,23,9,2010,5,7,34,0,4,4,RP-2224,RP-2226,99999,35.87966111,-78.475072220,0,12,6,0,2,2,1,0,1,1,0,1,0,0000000,99,99,99,99,99,99,0,0,0,1,0
37,370801,3,3,0,7,191,0,18,9,2010,7,17,59,1,2,2,US-117,,99999,35.27358333,-78.040522220,0,12,6,0,1,1,1,0,1,1,0,1,0,0000000,17,52,17,55,18,26,14,0,0,4,1
37,370802,1,1,0,1,191,0,18,9,2010,7,23,10,0,5,4,RP-1506,,99999,35.58422778,-77.932333330,0,34,0,0,1,1,4,0,2,1,0,1,0,0000000,22,58,23,9,0,13,0,0,0,1,1
37,370803,2,2,0,4,193,5040,14,9,2010,3,22,9,1,13,2,US-421,,99999,36.14983889,-81.248183330,0,12,1,0,1,1,1,0,2,1,0,1,0,0000000,22,4,22,9,22,25,0,0,0,1,1
37,370804,1,1,0,3,195,0,16,9,2010,5,2,35,0,6,4,RP-1534,,99999,99.99990000,999.999900000,0,34,0,0,1,1,4,0,2,1,0,1,0,0000000,2,33,2,43,3,40,0,0,0,1,1
37,370805,2,1,0,3,197,0,10,9,2010,6,7,21,0,5,4,RP-1605,,99999,36.13714722,-80.598322220,0,14,0,0,1,1,2,0,2,1,0,1,0,0000000,7,23,7,28,8,2,0,0,0,1,0
37,370806,1,1,0,1,197,0,15,9,2010,4,8,7,0,5,4,RP-1509,,99999,36.13607222,-80.625313890,0,42,0,0,1,1,5,0,1,1,0,1,0,0000000,8,1,8,9,8,25,0,0,0,1,0
37,370807,1,1,0,2,51,0,17,1,2010,1,20,50,0,6,4,RP-1704,,99999,35.21408611,-78.840475000,0,1,0,0,1,1,1,0,2,10,0,10,0,0000000,20,58,21,11,21,44,0,0,0,1,1
37,370808,1,1,0,1,21,170,7,5,2010,6,15,34,0,16,6,MOODY AVE,,99999,35.55715278,-82.647366670,0,30,0,0,1,1,4,0,1,1,0,1,0,0000000,15,36,15,48,16,11,0,0,0,1,1
37,370809,1,1,0,1,67,5120,31,8,2010,3,17,57,0,14,6,OLD HOLLOW ROAD,,99999,36.19191389,-80.237963890,0,1,0,0,1,1,1,0,1,1,0,1,0,0000000,17,57,18,3,18,35,0,0,0,1,0
37,370810,1,1,1,1,127,3930,20,8,2010,6,20,38,0,13,6,WESLEYAN BLVD,,99999,35.98561667,-77.784155560,0,8,0,0,1,1,1,0,3,1,0,1,0,0000000,20,39,20,50,21,12,0,0,0,1,0
37,370811,2,2,0,3,17,0,29,9,2010,4,8,59,0,5,4,RP-1003,,99999,34.58559444,-78.661422220,0,12,2,0,1,1,1,0,1,2,0,2,0,0000000,8,53,9,13,10,12,0,0,0,1,0
37,370812,1,1,0,2,21,170,11,9,2010,7,15,34,1,11,1,I-26,,99999,35.59556667,-82.569483330,0,52,0,0,1,1,4,0,1,10,0,10,0,0000000,15,38,15,44,15,58,0,0,0,1,0
37,370813,2,2,1,3,35,2150,24,9,2010,6,20,53,1,12,2,US-321,,99999,35.74740556,-81.366783330,0,8,0,0,1,1,1,0,2,1,0,1,0,0000000,20,53,21,0,88,88,0,0,0,1,0
37,370814,1,1,0,3,51,0,18,9,2010,7,3,1,0,6,4,RP-2233,,99999,34.95310556,-78.836388890,0,34,0,0,1,1,5,0,2,1,0,1,0,0000000,3,9,3,17,3,47,0,0,0,1,1
37,370815,1,1,1,1,55,0,29,9,2010,4,19,8,1,2,2,US-64,,99999,35.88501667,-75.763027780,0,8,0,0,1,1,1,0,2,1,0,1,0,0000000,19,8,19,11,88,88,0,0,0,1,0
37,370816,1,1,0,1,55,0,30,9,2010,5,17,44,0,6,4,RP-1113,,99999,35.93371389,-75.812788890,0,1,0,0,1,1,5,0,1,10,0,10,0,0000000,17,34,17,51,88,88,0,0,0,1,0
37,370817,2,2,0,2,59,0,26,9,2010,1,14,30,1,2,2,US-64,,99999,35.86471389,-80.408775000,0,12,2,0,1,1,1,0,1,2,0,2,0,0000000,99,99,99,99,88,88,0,0,0,1,1
37,370818,2,1,0,1,63,1360,13,9,2010,2,20,2,0,16,6,ENGLEWOOD AVE,ROSEHILL AVE,99999,36.01588333,-78.927780560,0,14,0,0,3,3,7,0,3,1,0,1,0,0000000,20,3,20,9,20,22,0,0,0,1,0
37,370819,2,2,0,5,63,0,24,9,2010,6,23,23,0,4,4,RP-1926,RP-1940,99999,35.98578611,-78.890075000,0,12,1,0,2,3,1,0,2,1,0,1,0,0000000,23,21,23,25,88,88,0,0,0,1,0
37,370820,1,1,0,1,63,1360,25,9,2010,7,2,0,0,14,6,SOUTH ROXBORO ST,MASONDALE RD,99999,35.97613056,-78.908186110,0,32,0,0,3,2,4,0,3,1,0,1,0,0000000,99,99,99,99,88,88,0,0,0,1,1
37,370821,2,2,0,2,81,1940,20,9,2010,2,2,58,1,11,1,I-40,,99999,36.01467222,-79.852752780,0,12,1,0,1,1,1,0,3,1,0,1,0,0000000,2,56,3,2,88,88,0,0,0,1,1
37,370822,3,3,0,3,85,1350,22,9,2010,4,15,58,1,11,1,I-95,,99999,35.33200278,-78.563488890,0,50,0,0,1,1,1,0,1,1,0,1,0,0000000,16,1,16,5,17,46,14,0,0,1,0
37,370823,1,1,1,5,105,4090,18,9,2010,7,17,14,0,13,6,HAWKINS AVE,,99999,35.48457500,-79.178980560,0,8,0,0,1,1,1,0,1,1,0,1,0,0000000,17,16,17,25,17,48,0,0,0,1,0
37,370824,2,2,0,2,109,2660,1,9,2010,4,8,48,0,14,6,N ASPEN ST,,99999,35.47234444,-81.257544440,0,12,2,0,1,1,1,0,1,1,0,1,0,0000000,8,52,9,2,99,99,0,0,0,1,0
37,370825,1,1,0,1,137,330,30,9,2010,5,16,4,0,15,3,SR-304,,99999,35.14335278,-76.768683330,0,23,0,0,1,1,4,0,1,2,0,2,0,0000000,15,51,15,54,88,88,0,0,0,1,0
37,370826,1,1,0,2,147,0,28,9,2010,3,17,58,0,4,3,SR-222,,99999,35.69661944,-77.508372220,0,42,0,0,1,1,4,0,1,10,0,10,0,0000000,99,99,99,99,99,99,0,0,0,1,1
37,370827,1,1,1,1,151,0,26,9,2010,1,7,43,1,2,2,US-421,,99999,35.80598056,-79.543675000,0,9,0,0,1,1,1,0,9,1,0,1,0,0000000,7,53,8,0,88,88,0,0,0,1,0
37,370828,2,2,0,2,155,0,17,9,2010,6,15,15,0,6,4,RP-2126,,99999,34.62098889,-78.976422220,0,12,6,1,4,1,1,0,1,1,0,1,0,0000000,99,99,99,99,99,99,0,0,0,1,0
37,370829,2,2,0,3,159,0,15,9,2010,4,18,47,0,5,4,RP-1350,BROWN RD,99999,35.57077222,-80.654755560,0,12,6,0,2,3,1,0,1,1,0,1,0,0000000,18,47,18,54,99,99,0,0,0,1,0
37,370830,1,1,0,1,159,4070,26,9,2010,1,12,36,1,11,1,I-85,,99999,35.65618056,-80.461808330,0,24,0,0,1,1,4,0,1,2,0,2,0,0000000,13,8,13,18,88,88,0,0,0,1,0
37,370831,2,2,0,5,161,0,27,9,2010,2,15,28,0,6,4,RP-2125,,99999,35.26384167,-81.818275000,0,12,8,0,1,1,1,0,1,2,0,2,0,0000000,15,33,15,49,99,99,0,0,0,1,0
37,370832,1,1,1,1,169,0,16,9,2010,5,4,58,0,6,4,RP-1105,,99999,36.27036667,-80.386619440,0,8,0,0,1,1,1,0,1,1,0,1,0,0000000,4,59,5,15,99,99,0,0,0,1,0
37,370833,1,1,1,5,179,0,23,9,2010,5,22,24,1,2,2,US-601,,99999,34.98331667,-80.527038890,0,8,0,0,1,1,1,0,2,1,0,1,0,0000000,99,99,99,99,99,99,0,0,0,1,0
37,370834,2,2,0,3,183,3750,10,9,2010,6,14,52,0,14,6,TRYON RD,JUNCTION BLVD,99999,35.73153333,-78.657902780,0,12,6,0,2,2,1,0,1,1,0,1,0,0000000,99,99,99,99,99,99,0,0,0,1,0
37,370835,1,1,0,1,183,0,24,9,2010,6,6,31,0,4,4,RP-1321,,99999,35.64355556,-78.838061110,0,42,0,0,1,1,4,0,4,1,0,1,0,0000000,99,99,99,99,99,99,0,0,0,1,0
37,370836,1,1,0,1,183,0,25,9,2010,7,19,36,0,3,3,SR-96,,99999,35.67946944,-78.271922220,0,42,0,0,1,1,4,0,2,1,0,1,0,0000000,19,28,19,34,20,9,0,0,0,1,1
37,370837,1,1,0,1,183,0,24,9,2010,6,5,44,0,4,4,RP-1382,,99999,35.70310278,-78.709402780,0,11,0,0,1,1,1,0,2,1,0,1,0,0000000,99,99,99,99,88,88,0,0,0,1,0
37,370838,1,1,0,2,185,0,28,9,2010,3,20,46,0,4,4,RP-1001,,99999,99.99990000,999.999900000,0,34,0,0,1,1,4,0,2,1,0,1,0,0000000,99,99,99,99,99,99,0,0,0,1,0
37,370839,1,1,0,5,187,0,30,9,2010,5,12,21,1,2,2,US-64,,99999,35.87270833,-76.391200000,0,42,0,0,1,1,4,0,1,2,0,2,0,0000000,12,17,12,33,13,22,0,0,0,5,0
37,370840,2,2,0,4,193,5040,10,9,2010,6,21,35,0,13,2,US-421,,99999,36.14432222,-81.281061110,0,12,1,0,1,1,1,0,6,2,0,2,0,0000000,99,99,99,99,99,99,0,0,0,1,0
37,370841,2,2,0,3,193,0,28,9,2010,3,16,9,0,4,4,RP-2467,,99999,36.11922500,-81.123219440,0,12,2,0,1,1,1,0,1,1,0,1,0,0000000,16,20,16,26,17,20,0,0,0,1,0
37,370842,1,1,1,1,63,1360,11,1,2010,2,1,7,0,16,6,CHANDLER RD,,99999,35.99280000,-78.838061110,0,8,0,0,1,1,1,0,2,1,0,1,0,0000000,99,99,99,99,88,88,0,0,0,1,0
37,370843,1,1,1,1,1,2080,30,4,2010,6,0,42,0,14,6,NORTH CHURCH ST,,99999,36.09620556,-79.437247220,0,8,0,0,1,1,1,0,2,1,0,1,0,0000000,99,99,99,99,99,99,0,0,0,1,0
37,370844,2,2,0,3,21,0,6,4,2010,3,12,4,0,2,3,SR-63,,99999,35.58696944,-82.597533330,0,12,1,0,1,1,1,0,1,1,0,1,0,0000000,12,8,12,16,12,43,0,0,0,1,0
37,370845,1,1,0,1,99,0,28,4,2010,4,3,2,0,6,4,RP-1370,,99999,35.32443889,-83.288383330,0,7,0,0,1,1,1,0,2,1,0,1,0,0000000,2,54,3,6,4,6,0,0,0,1,0
37,370846,2,2,0,3,105,0,10,4,2010,7,11,0,0,4,4,RP-1144,RP-1140,99999,35.38093333,-79.118813890,0,12,6,0,2,2,1,0,1,1,0,1,0,0000000,11,4,11,14,11,44,0,0,0,1,0
37,370847,1,1,0,1,127,0,8,4,2010,5,15,21,1,1,1,I-95,,99999,35.94799444,-77.893752780,0,21,0,0,1,1,4,0,1,1,0,1,0,0000000,15,18,15,26,88,88,0,0,0,1,0
37,370848,1,1,2,2,155,2770,24,4,2010,7,21,12,0,16,6,OLD WHITEVILLE RD,,99999,34.48002778,-78.878316670,0,9,0,0,1,1,1,0,2,2,0,2,0,0000000,21,14,21,19,21,39,0,0,0,1,0
37,370849,1,1,0,1,87,4900,13,5,2010,5,16,15,0,16,6,BROWN AVE,,99999,35.47828611,-83.002911110,0,30,0,0,1,1,4,0,1,10,0,10,0,0000000,16,21,16,24,17,21,0,0,0,1,0
37,370850,2,2,0,3,147,1950,3,5,2010,2,22,9,0,13,2,US-264,RED BANKS RD,99999,35.59199444,-77.346497220,0,12,6,0,2,2,1,0,3,2,0,2,0,0000000,99,99,99,99,99,99,0,0,0,1,0
37,370851,1,1,0,1,35,0,17,7,2010,7,13,51,0,2,3,SR-127,,99999,35.73174167,-81.334877780,0,30,0,0,1,1,4,0,1,10,2,2,0,0000000,13,48,13,55,14,9,0,0,0,1,0
37,370852,1,1,1,1,129,5060,14,7,2010,4,11,48,0,14,6,S 16TH ST,,99999,34.22585556,-77.927655560,0,8,0,0,1,1,1,0,1,10,0,10,0,0000000,11,49,11,55,12,4,0,0,0,1,0
37,370853,1,1,1,1,169,2438,4,7,2010,1,0,55,1,12,2,US-52,,99999,99.99990000,999.999900000,0,8,0,0,1,1,1,0,2,1,0,1,0,0000000,0,57,1,8,2,25,0,0,0,1,0
37,370854,1,1,0,4,183,0,1,7,2010,5,3,52,0,6,4,RP-2736,,99999,35.57796389,-78.632755560,0,34,0,0,1,1,4,0,2,1,0,1,0,0000000,99,99,99,99,88,88,0,0,0,4,0
37,370855,1,1,0,2,51,1670,3,8,2010,3,2,23,0,14,6,YADKIN RD,,99999,35.09217222,-78.984575000,0,1,0,0,1,1,4,0,3,1,0,1,0,0000000,2,23,2,28,2,42,0,0,0,1,1
37,370856,1,1,1,1,51,1670,8,8,2010,1,2,41,0,13,6,BRAGG BLVD,,99999,35.06843056,-78.904666670,0,8,0,0,1,1,1,0,3,1,0,1,0,0000000,2,45,2,51,3,15,0,0,0,1,1
37,370857,3,3,0,9,51,1670,14,8,2010,7,1,59,0,13,6,COUNTRY CLUB DR,,99999,35.10165278,-78.902263890,0,12,2,0,1,1,1,0,3,10,0,10,0,0000000,1,58,2,6,99,99,14,0,0,1,1
37,370858,1,1,0,1,57,0,12,8,2010,5,0,59,1,1,1,I-85,,99999,35.82164167,-80.171958330,0,42,0,0,1,1,4,0,2,10,2,2,0,0000000,0,57,1,6,88,88,0,0,0,1,0
37,370859,3,3,0,4,133,0,13,8,2010,6,15,48,0,4,4,RP-1434,,99999,99.99990000,999.999900000,0,12,8,0,1,1,1,0,1,1,0,1,0,0000000,15,47,16,5,16,47,0,0,0,1,0
37,370860,2,2,0,4,151,0,12,8,2010,5,18,58,1,2,2,US-64,RP-2235,99999,35.72435833,-79.713791670,0,12,6,0,2,2,1,0,1,1,0,1,0,0000000,18,56,19,3,19,43,0,0,0,1,0
37,370861,1,1,0,1,163,0,12,8,2010,5,7,18,0,6,4,RP-1945,,99999,99.99990000,999.999900000,0,34,0,0,1,1,4,0,1,1,0,1,0,0000000,7,19,7,49,88,88,0,0,0,1,0
37,370862,2,2,0,3,183,2470,14,8,2010,7,13,41,0,13,6,KNIGHTDALE BLVD,PARKSIDE COMMONS,99999,35.79901944,-78.495255560,0,12,6,0,2,2,1,0,1,1,0,1,0,0000000,13,27,13,31,13,52,0,0,0,1,0
37,370863,2,2,0,2,35,2150,29,9,2010,4,6,49,0,14,6,8TH ST NE,8TH ST DR NE,99999,35.74602500,-81.317969440,0,12,6,0,2,2,1,0,2,10,0,10,0,0000000,6,49,6,53,7,10,0,0,0,1,0
37,370864,2,2,1,3,55,2461,25,9,2010,7,22,45,1,13,6,CROATAN HWY,,99999,36.09350000,-75.742150000,0,8,0,0,1,1,1,0,2,1,0,1,0,0000000,22,48,22,53,88,88,0,0,0,1,0
37,370865,2,2,0,3,101,4230,26,9,2010,1,18,58,0,13,6,S BRIGHTLEAF BLVD,,99999,35.49960000,-78.352175000,0,12,6,0,4,1,1,0,5,2,0,2,0,0000000,18,59,19,4,19,43,0,0,0,1,2
37,370866,2,2,0,2,105,4090,8,9,2010,4,19,7,0,13,2,US-421,,99999,35.44207222,-79.102077780,0,12,6,0,1,1,1,0,1,1,0,1,0,0000000,19,8,19,16,20,12,0,0,0,1,0
37,370867,1,1,0,1,105,0,17,9,2010,6,20,0,1,2,2,US-421,,99999,35.46808056,-79.162844440,0,24,0,0,1,1,4,0,2,1,0,1,0,0000000,19,56,20,6,21,30,0,0,0,1,1
37,370868,1,1,0,2,133,2330,26,9,2010,1,20,10,1,13,3,SR-24,,99999,34.74147222,-77.370013890,0,42,0,0,1,1,3,0,3,2,0,2,0,0000000,20,7,20,17,99,99,0,0,0,1,1
37,370869,1,1,0,2,145,4010,26,9,2010,1,16,59,0,16,6,FRANKLIN ST,,99999,36.38017778,-78.992300000,0,18,0,0,1,1,4,0,1,10,0,10,0,0000000,99,99,99,99,99,99,0,0,0,1,0
37,370870,1,1,0,1,153,0,11,9,2010,7,3,58,0,6,4,RP-1489,,99999,34.96003611,-79.702719440,0,32,0,0,1,1,4,0,2,1,0,1,0,0000000,3,58,4,13,99,99,0,0,0,1,1
37,370871,2,2,0,5,183,0,24,9,2010,6,11,48,0,6,4,RP-2406,,99999,35.88188889,-78.269691670,0,12,6,0,4,1,1,0,1,1,0,1,0,0000000,11,45,11,53,12,18,0,0,0,1,1
37,370872,2,2,0,4,3,0,11,10,2010,2,13,34,0,6,4,RP-1150,,99999,35.85851667,-81.224155560,0,12,2,0,1,1,1,0,1,1,0,1,0,0000000,13,32,13,34,14,41,0,0,0,1,0
37,370873,2,2,0,3,25,0,4,10,2010,2,7,7,0,4,3,SR-3,,99999,35.47912500,-80.613727780,0,12,2,0,1,1,1,0,4,10,0,10,0,0000000,7,3,7,12,7,57,0,0,0,1,0
37,370874,1,1,1,1,25,0,3,10,2010,1,23,32,0,4,3,SR-73,,99999,35.43277222,-80.604716670,0,8,0,0,1,1,1,0,2,1,0,1,0,0000000,23,26,23,34,23,51,0,0,0,1,0
37,370875,2,2,0,2,33,0,1,10,2010,6,7,18,0,3,3,SR-86,,99999,36.29646389,-79.214047220,0,12,2,0,1,1,1,0,1,10,0,10,0,0000000,99,99,99,99,99,99,0,0,0,1,0
37,370876,1,1,0,1,45,0,6,10,2010,4,9,38,0,4,4,RP-2008,,99999,35.31783056,-81.394100000,0,42,0,0,1,1,4,0,1,1,0,1,0,0000000,99,99,99,99,88,88,0,0,0,1,0
37,370877,2,2,0,2,51,0,5,10,2010,3,10,13,0,4,4,RP-1344,RP-1150,99999,35.01458611,-78.918808330,0,12,6,0,2,3,1,0,1,1,0,1,0,0000000,10,5,10,13,10,34,0,0,0,1,0
37,370878,1,1,0,1,51,1670,9,10,2010,7,2,56,0,5,6,FISHER ROAD,,99999,35.00354722,-78.994402780,0,42,0,0,1,1,4,0,3,1,0,1,0,0000000,2,58,3,9,99,99,0,0,0,1,1
37,370879,1,1,0,3,53,0,10,10,2010,1,21,21,0,3,3,SR-168,,99999,36.39249444,-75.980263890,0,34,0,0,1,1,4,0,2,1,0,1,0,0000000,21,20,21,32,99,99,0,0,0,1,1
37,370880,2,2,0,2,63,0,2,10,2010,7,5,45,1,1,1,I-85,,99999,36.06035833,-78.791241670,0,12,2,0,1,1,1,0,2,1,0,1,0,0000000,5,45,5,56,88,88,0,0,0,1,1
37,370881,2,2,0,2,67,2614,6,10,2010,4,10,22,0,16,4,RP-1307,,99999,36.11476667,-80.429675000,0,12,6,0,8,1,1,0,1,1,0,1,0,0000000,10,20,10,28,10,51,0,0,0,1,0
37,370882,1,1,0,1,85,0,10,10,2010,1,8,5,0,6,4,RP-1205,,99999,35.35313611,-79.137719440,0,34,0,0,1,1,4,0,1,1,0,1,0,0000000,99,99,99,99,88,88,0,0,0,1,0
37,370883,1,1,0,2,89,0,1,10,2010,6,1,37,1,2,2,US-25,,99999,35.27321389,-82.442038890,0,30,0,0,1,1,4,0,2,1,0,1,0,0000000,99,99,99,99,99,99,0,0,0,1,1
37,370884,1,1,1,1,97,0,6,10,2010,4,8,26,1,2,2,US-70,,99999,35.77656667,-80.938961110,0,8,0,0,1,1,1,0,1,1,0,1,0,0000000,8,11,8,17,8,50,0,0,0,1,0
37,370885,2,2,0,2,101,4230,9,10,2010,7,7,59,0,14,6,COLLEGE ROAD,,99999,35.50503333,-78.329194440,0,12,6,0,8,1,1,0,1,1,0,1,0,0000000,7,59,8,5,8,39,0,0,0,1,0
37,370886,1,1,0,4,113,0,3,10,2010,1,17,26,0,4,4,RP-1448,,99999,35.13330000,-83.486630560,0,42,0,0,1,1,4,0,1,1,0,1,0,0000000,17,27,17,36,18,2,0,0,0,1,1
37,370887,1,1,0,2,113,0,8,10,2010,6,21,29,0,6,4,RP-1509,,99999,35.19020556,-83.355405560,0,59,0,0,1,1,4,0,2,1,0,1,0,0000000,21,28,21,30,22,0,0,0,0,1,0
37,370888,1,1,0,1,117,0,12,10,2010,3,20,0,1,2,2,US-64,,99999,35.82782500,-77.028119440,0,32,0,0,1,1,4,0,2,1,0,1,0,0000000,20,0,20,7,20,30,0,0,0,1,0
37,370889,2,2,0,2,123,0,11,10,2010,2,6,55,1,2,2,US-220,,99999,35.35629722,-79.780108330,0,12,2,0,1,1,1,0,4,1,0,1,0,0000000,7,0,7,5,8,4,0,0,0,1,0
37,370890,1,1,1,1,133,0,9,10,2010,7,0,1,0,6,4,RP-1130,,99999,34.73637222,-77.478397220,0,8,0,0,1,1,4,0,2,1,0,1,0,0000000,23,56,0,4,0,26,0,0,0,1,1
37,370891,2,2,0,3,137,0,1,10,2010,6,18,37,0,4,3,SR-55,,99999,35.13599167,-76.895022220,0,12,1,0,8,1,1,0,5,10,0,10,0,0000000,18,33,18,41,19,5,0,0,0,1,1
37,370892,2,2,0,3,141,0,10,10,2010,1,16,10,1,2,2,US-117,,99999,34.47222778,-77.887144440,0,59,0,0,1,1,4,0,1,1,0,1,0,0000000,16,8,16,13,99,99,0,0,0,2,0
37,370893,2,2,0,2,147,0,5,10,2010,3,15,59,0,4,3,SR-33,,99999,35.70453056,-77.460630560,0,12,2,0,8,1,1,0,1,1,0,1,0,0000000,99,99,99,99,99,99,0,0,0,1,0
37,370894,1,1,0,1,147,0,11,10,2010,2,21,55,0,6,4,RP-1567,,99999,35.57290278,-77.129775000,0,1,0,0,1,1,1,0,2,1,0,1,0,0000000,21,53,22,3,22,38,0,0,0,1,0
37,370895,3,3,0,10,147,0,12,10,2010,3,14,35,0,3,3,SR-43,,99999,35.54514722,-77.323450000,0,54,11,0,1,1,1,0,1,1,0,1,0,0000000,14,45,14,56,99,99,14,0,0,1,0
37,370896,2,2,0,2,151,0,4,10,2010,2,5,20,0,4,3,SR-42,,99999,35.67703889,-79.762191670,0,12,2,0,1,1,1,0,2,1,0,1,0,0000000,5,19,5,28,99,99,0,0,0,1,0
37,370897,1,1,0,1,155,0,8,10,2010,6,2,40,0,4,3,SR-71,US-301,99999,34.90493889,-78.965672220,0,59,0,0,3,2,4,0,2,1,0,1,0,0000000,2,40,2,49,4,55,0,0,0,1,1
37,370898,1,1,0,1,155,0,11,10,2010,2,14,51,1,1,1,I-95,,99999,34.86896111,-78.963761110,0,42,0,0,1,1,4,0,1,1,0,1,0,0000000,14,46,14,48,15,39,0,0,0,1,0
37,370899,1,1,0,1,163,0,2,10,2010,7,11,1,0,5,4,RP-1005,,99999,35.22418333,-78.602863890,0,34,0,0,1,1,4,0,1,1,0,1,0,0000000,11,0,11,27,88,88,0,0,0,1,0
37,370900,2,2,0,3,179,0,9,10,2010,7,19,51,0,6,4,RP-1902,,99999,34.95715000,-80.362416670,0,12,2,0,1,1,1,0,2,1,0,1,0,0000000,19,36,19,42,20,8,0,0,0,1,1
37,370901,1,1,0,1,183,0,6,10,2010,4,18,21,0,4,4,RP-1909,,99999,36.01192778,-78.555441670,0,59,0,0,1,1,4,0,1,1,0,1,0,0000000,99,99,99,99,99,99,0,0,0,1,1
37,370902,2,2,0,7,183,0,10,10,2010,1,15,9,0,3,4,RP-1152,,99999,35.69053611,-78.778411110,0,12,2,0,1,1,1,0,1,1,0,1,0,0000000,99,99,99,99,99,99,0,0,0,1,1
37,370903,1,1,0,2,189,0,9,10,2010,7,12,10,1,2,2,US-421,,99999,36.23305833,-81.574902780,0,24,0,0,1,1,4,0,1,1,0,1,0,0000000,11,50,11,57,13,29,0,0,0,1,0
37,370904,2,2,0,3,191,0,5,10,2010,3,14,12,1,2,2,US-117,RP-1141,99999,35.20232222,-78.078288890,0,12,6,0,2,2,1,0,1,1,0,1,0,0000000,14,30,14,50,88,88,0,0,0,2,0
37,370905,1,1,0,4,191,0,10,10,2010,1,3,36,0,4,3,SR-222,,99999,35.53055000,-77.923794440,0,59,0,0,1,1,4,0,2,1,0,1,0,0000000,3,36,3,45,4,30,0,0,0,3,1
37,370906,1,1,0,1,191,0,12,10,2010,3,13,9,1,2,2,US-70,,99999,99.99990000,999.999900000,0,59,0,0,1,1,4,0,1,1,0,1,0,0000000,13,8,13,13,13,35,0,0,0,1,0
37,370907,1,1,1,2,21,170,26,9,2010,1,19,51,1,12,2,US-70,,99999,35.59744444,-82.535591670,0,8,0,0,1,1,1,0,3,2,0,2,0,0000000,19,51,19,57,20,12,0,0,0,1,0
37,370908,3,3,0,6,183,3750,27,9,2010,2,16,6,0,14,6,FALL OF NEUSE ROAD,HARPS MILL ROAD,99999,35.88117500,-78.625836110,0,12,6,0,2,2,1,0,1,2,0,2,1,0000000,99,99,99,99,99,99,0,0,0,1,0
37,370909,2,2,0,3,195,5070,27,9,2010,2,10,56,0,13,6,WARD BLVD,,99999,35.73747222,-77.906863890,0,12,6,0,1,1,1,0,1,2,0,2,0,0000000,10,57,11,4,11,37,0,0,0,1,0
37,370910,2,2,0,2,21,170,2,10,2010,7,2,44,1,11,1,I-240,,99999,35.56457778,-82.591855560,0,12,2,0,1,1,1,0,2,1,0,1,0,0000000,2,47,3,1,4,44,0,0,0,1,1
37,370911,1,1,0,1,21,170,13,10,2010,4,7,4,0,14,6,RIVERSIDE DRIVE,,99999,35.59039722,-82.570902780,0,43,0,0,1,1,4,0,3,10,0,10,0,0000000,7,6,7,12,7,30,0,0,0,1,0
37,370912,1,1,0,2,21,0,19,10,2010,3,18,19,0,6,4,RP-1740,,99999,35.74081667,-82.589152780,0,42,0,0,1,1,4,0,5,1,0,1,0,0000000,18,16,18,23,19,2,0,0,0,1,0
37,370913,1,1,0,1,35,0,20,10,2010,4,4,48,0,6,4,RP-1618,,99999,35.81026111,-81.212138890,0,1,0,0,1,1,4,0,2,10,0,10,0,0000000,4,45,4,58,5,26,0,0,0,1,1
37,370914,1,1,0,1,35,0,24,10,2010,1,4,8,0,6,4,RP-1529,,99999,35.80483333,-81.249475000,0,30,0,0,1,1,4,0,2,1,0,1,0,0000000,4,6,4,18,5,23,0,0,0,1,1
37,370915,1,1,0,1,47,0,19,10,2010,3,7,9,1,2,2,US-74,,99999,34.32545278,-78.481200000,0,42,0,0,1,1,4,0,4,1,0,1,0,0000000,99,99,99,99,88,88,0,0,0,1,0
37,370916,3,3,0,3,57,4803,19,10,2010,3,17,35,0,4,4,RP-1711,,99999,36.02428611,-80.162516670,0,12,6,0,8,1,1,0,1,1,0,1,0,0000000,17,29,17,40,18,8,0,0,0,1,0
37,370917,2,2,0,3,57,0,22,10,2010,6,16,35,0,4,3,SR-150,,99999,35.79042222,-80.413205560,0,12,6,0,8,1,1,0,1,1,0,1,0,0000000,16,29,16,39,88,88,0,0,0,1,0
37,370918,1,1,0,3,67,2430,9,10,2010,7,21,11,0,16,6,LAMBETH FARM ROAD,LAKE WAY,99999,36.11863889,-80.082652780,0,1,0,0,2,5,1,0,3,1,0,1,0,0000000,20,56,21,3,21,25,0,0,0,1,1
37,370919,1,1,0,1,81,1940,1,10,2010,6,22,34,0,16,6,ANDREW STREET,,99999,36.05643611,-79.787352780,0,42,0,0,1,1,4,0,2,1,0,1,0,0000000,99,99,99,99,88,88,0,0,0,1,1