STATE,ST_CASE,VE_TOTAL,VE_FORMS,PEDS,PERSONS,COUNTY,CITY,DAY,MONTH,YEAR,DAY_WEEK,HOUR,MINUTE,NHS,ROAD_FNC,ROUTE,TWAY_ID,TWAY_ID2,MILEPT,LATITUDE,LONGITUD,SP_JUR,HARM_EV,MAN_COLL,RELJCT1,RELJCT2,TYP_INT,REL_ROAD,WRK_ZONE,LGT_COND,WEATHER1,WEATHER2,WEATHER,SCH_BUS,RAIL,NOT_HOUR,NOT_MIN,ARR_HOUR,ARR_MIN,HOSP_HR,HOSP_MN,CF1,CF2,CF3,FATALS,DRUNK_DR
37,370920,1,1,0,2,81,0,17,10,2010,1,20,4,1,2,2,US-421,,99999,35.94986944,-79.690619440,0,42,0,0,1,1,4,0,2,1,0,1,0,0000000,99,99,99,99,99,99,0,0,0,1,1
37,370921,1,1,0,1,85,0,22,10,2010,6,13,13,0,4,3,SR-27,,99999,99.99990000,999.999900000,0,42,0,0,1,1,4,0,1,1,0,1,0,0000000,99,99,99,99,88,88,0,0,0,1,0
37,370922,1,1,0,2,123,4660,6,10,2010,4,13,51,0,16,6,PAGE STREET,,99999,35.36816111,-79.893522220,0,42,0,0,1,1,4,0,1,1,0,1,0,0000000,13,51,13,57,15,20,0,0,0,1,0
37,370923,2,2,0,4,129,5060,7,10,2010,5,9,12,0,13,6,OLEANDER DRIVE,COUNTRY CLUB ROAD,99999,34.22128611,-77.915488890,0,12,6,0,2,2,1,0,1,1,0,1,0,0000000,9,15,9,18,9,45,0,0,0,1,0
37,370924,1,1,0,5,145,0,23,10,2010,7,1,5,0,5,4,RP-1536,,99999,36.38403056,-78.817505560,0,32,0,0,1,1,4,0,2,1,0,1,0,0000000,1,17,1,38,2,40,0,0,0,1,1
37,370925,2,2,0,2,151,160,6,10,2010,4,17,56,0,16,6,RP-1191,,99999,35.67399722,-79.823377780,0,12,6,0,8,1,1,0,1,1,0,1,0,0000000,17,55,18,0,99,99,0,0,0,1,1
37,370926,1,1,0,5,163,0,24,10,2010,1,18,15,1,2,2,US-701,,99999,35.08558333,-78.323111110,0,32,0,0,1,1,4,0,1,1,0,1,0,0000000,18,17,18,23,19,20,0,0,0,1,0
37,370927,1,1,2,1,165,0,7,10,2010,5,6,37,1,2,2,US-15,,99999,34.80880000,-79.432438890,0,8,0,0,1,1,1,0,2,1,0,1,0,0000000,99,99,99,99,99,99,0,0,0,1,0
37,370928,2,2,0,3,183,3750,9,10,2010,7,19,56,0,3,6,NEW HOPE ROAD,ROGERS LANE,99999,35.76983611,-78.558488890,0,12,6,0,2,2,1,0,3,1,0,1,0,0000000,99,99,99,99,99,99,0,0,0,1,1
37,370929,1,1,0,3,183,3750,16,10,2010,7,22,23,0,14,6,LOUISBURG ROAD,I-540,99999,35.86316111,-78.547805560,0,59,0,1,3,2,4,0,3,1,0,1,0,0000000,99,99,99,99,99,99,0,0,0,1,0
37,370930,2,2,0,4,191,0,17,10,2010,1,20,51,1,2,2,US-117,,99999,35.21638333,-78.059836110,0,12,2,0,1,1,1,0,2,1,0,1,0,0000000,20,51,21,5,21,31,0,0,0,1,1
37,370931,1,1,0,6,191,0,18,10,2010,2,7,1,0,6,4,RP-1127,,99999,35.29722778,-78.082580560,0,1,0,0,1,1,1,0,1,1,0,1,0,0000000,6,55,7,6,8,3,0,0,0,1,0
37,370932,1,1,0,1,195,0,20,10,2010,4,16,50,0,4,4,RP-1327,,99999,35.77048056,-77.900672220,0,53,0,0,1,1,4,0,1,1,0,1,0,0000000,16,46,16,55,88,88,0,0,0,1,0
37,370933,1,1,0,1,77,0,7,6,2010,2,13,38,0,4,3,SR-96,,99999,36.21041667,-78.580011110,0,34,0,0,1,1,4,0,1,1,0,1,0,0000000,99,99,99,99,88,88,0,0,0,1,0
37,370934,3,3,0,3,147,0,29,7,2010,5,15,47,0,13,3,SR-11,,99999,35.57213333,-77.399433330,0,12,1,0,1,1,1,0,1,2,0,2,0,0000000,15,45,15,53,16,15,0,0,0,1,0
37,370935,2,2,0,6,7,0,27,10,2010,4,14,5,1,2,2,US-74,,99999,34.94446944,-79.882427780,0,12,6,0,8,1,1,0,1,1,0,1,0,0000000,14,1,14,8,15,34,0,0,0,2,0
37,370936,1,1,0,3,19,0,30,10,2010,7,17,37,0,5,4,RP-1130,,99999,33.96332222,-78.306341670,0,1,0,0,1,1,1,0,1,1,0,1,0,0000000,17,38,17,51,18,6,0,0,0,1,0
37,370937,3,3,0,6,27,0,16,10,2010,7,19,22,0,3,4,RP-1001,,99999,35.82632222,-81.533533330,0,12,1,0,1,1,1,0,3,1,0,1,0,0000000,19,20,19,27,19,48,14,0,0,1,0
37,370938,5,1,0,5,51,0,27,10,2010,4,11,13,1,1,1,I-95,,99999,35.13682500,-78.739613890,0,45,0,0,1,1,1,2,1,1,0,1,0,0000000,11,15,11,22,99,99,14,0,0,1,0
37,370939,1,1,0,1,57,0,27,10,2010,4,11,50,0,4,4,RP-1192,,99999,35.82718333,-80.294833330,0,34,0,0,1,1,4,0,1,10,0,10,0,0000000,11,46,11,55,12,25,0,0,0,1,0
37,370940,1,1,0,1,67,2430,31,10,2010,1,1,26,0,16,6,W. MOUNTAIN STREET,,99999,36.12535278,-80.080911110,0,30,0,0,1,1,4,0,3,1,0,1,0,0000000,1,29,1,32,1,58,0,0,0,1,1
37,370941,2,2,0,3,81,0,31,10,2010,1,21,29,0,4,4,RP-2835,,99999,36.12531111,-79.734605560,0,12,2,0,1,1,1,0,2,1,0,1,0,0000000,21,30,21,39,22,4,0,0,0,1,1
37,370942,2,2,0,3,85,0,31,10,2010,1,18,14,0,6,4,RP-1224,,99999,35.38621667,-79.065416670,0,12,6,0,8,1,1,0,1,1,0,1,0,0000000,99,99,99,99,99,99,0,0,0,1,0
37,370943,1,1,0,1,103,0,30,10,2010,7,19,43,0,6,4,RP-1119,,99999,34.99530556,-77.310233330,0,34,0,0,1,1,4,0,1,1,0,1,0,0000000,19,24,19,40,21,27,0,0,0,1,1
37,370944,1,1,1,1,119,870,17,10,2010,1,1,25,1,12,2,US-29,,99999,35.33824444,-80.706119440,0,8,0,0,1,1,1,0,2,1,0,1,0,0000000,1,24,1,34,99,99,0,0,0,1,1
37,370945,1,1,1,1,119,870,23,10,2010,7,0,57,0,13,3,SR-16,,99999,35.13324722,-80.781988890,0,8,0,0,1,1,1,0,3,1,0,1,0,0000000,0,57,1,9,88,88,0,0,0,1,0
37,370946,2,2,0,2,125,4270,8,10,2010,6,12,45,0,14,6,NW BROAD STREET,,99999,35.17633333,-79.387594440,0,12,1,0,1,1,1,0,1,1,0,1,0,0000000,12,44,12,53,13,25,0,0,0,1,0
37,370947,1,1,1,2,127,0,29,10,2010,6,17,15,0,5,4,RP-1401,,99999,36.16161944,-77.977941670,0,9,0,0,1,1,1,0,1,1,0,1,0,0000000,17,7,17,20,99,99,0,0,0,1,0
37,370948,1,1,0,2,141,0,28,10,2010,5,5,30,0,6,4,RP-1520,,99999,34.58026111,-77.792666670,0,34,0,0,1,1,4,0,2,2,0,2,0,0000000,6,24,6,44,99,99,0,0,0,1,1
37,370949,1,1,0,2,141,0,23,10,2010,7,3,9,0,4,3,SR-210,,99999,34.44082222,-77.875455560,0,42,0,1,5,1,4,0,2,1,0,1,0,0000000,3,1,3,8,4,41,0,0,0,1,1
37,370950,1,1,0,2,147,0,13,10,2010,4,11,38,1,2,2,US-13,,99999,35.57770278,-77.429022220,0,19,0,0,1,1,4,0,1,10,0,10,0,0000000,99,99,99,99,99,99,0,0,0,1,0
37,370951,1,1,3,1,151,160,23,10,2010,7,22,23,0,14,6,RP-2327,,99999,35.68988333,-79.810830560,0,8,0,0,1,1,1,0,3,1,0,1,0,0000000,22,24,22,27,22,38,0,0,0,1,1
37,370952,1,1,0,1,155,0,29,10,2010,6,9,8,0,6,4,RP-1766,,99999,34.71554722,-79.035280560,0,34,0,0,1,1,4,0,1,1,0,1,0,0000000,9,7,9,17,10,16,0,0,0,1,0
37,370953,1,1,0,7,157,0,24,10,2010,1,2,53,0,3,4,RP-1716,,99999,36.53781111,-79.739500000,0,1,0,0,1,1,4,0,2,1,0,1,0,0000000,2,46,2,56,3,24,0,0,0,1,1
37,370954,2,2,0,2,159,4070,31,10,2010,1,7,13,0,13,6,JAKE ALEXANDER BLVD,,99999,35.67535556,-80.503327780,0,12,8,0,1,1,1,0,4,1,0,1,0,0000000,99,99,99,99,88,88,0,0,0,1,0
37,370955,2,2,0,3,179,3100,24,10,2010,1,0,3,0,15,6,SECREST SHORT CUT RD,,99999,35.04292778,-80.569952780,0,12,2,0,1,1,1,0,2,1,0,1,0,0000000,0,10,0,20,1,10,20,0,0,1,1
37,370956,2,2,0,2,179,0,30,10,2010,7,11,50,0,3,2,US-601,,99999,34.81662222,-80.418547220,0,12,2,0,1,1,1,0,1,1,0,1,0,0000000,11,50,11,58,99,99,0,0,0,1,0
37,370957,2,2,0,2,183,3750,17,10,2010,1,12,14,0,14,6,HAMMOND RD,TRYON RD,99999,35.73118611,-78.640994440,0,12,6,0,2,2,1,0,1,1,0,1,0,0000000,99,99,99,99,99,99,0,0,0,1,0
37,370958,1,1,0,1,195,0,21,10,2010,5,16,20,0,6,4,RP-1163,,99999,35.70554167,-77.955208330,0,34,0,0,1,1,4,0,1,1,0,1,0,0000000,16,19,16,21,16,36,0,0,0,1,0
37,370959,1,1,1,1,3,0,1,11,2010,2,5,1,0,6,4,RP-1617,,99999,35.88244444,-81.118411110,0,8,0,0,1,1,1,0,2,1,0,1,0,0000000,5,1,5,7,5,42,0,0,0,1,0
37,370960,1,1,0,2,31,0,6,11,2010,7,2,42,0,5,2,US-70,,99999,34.73159722,-76.638480560,0,34,0,0,1,1,4,0,2,1,0,1,0,0000000,2,52,3,8,5,0,0,0,0,1,1
37,370961,1,1,0,1,67,5120,1,11,2010,2,7,22,1,11,1,I-40,,99999,36.06013333,-80.220622220,0,25,0,0,1,1,3,0,4,1,0,1,0,0000000,7,24,7,31,88,88,0,0,0,1,0
37,370962,2,2,0,2,71,0,3,11,2010,4,20,32,0,3,4,RP-2000,RP-2057,99999,35.28976667,-81.068286110,0,12,6,0,2,3,1,0,2,2,10,2,0,0000000,20,26,20,39,99,99,0,0,0,1,0
37,370963,1,1,0,2,77,0,5,11,2010,6,7,15,0,5,4,RP-1700,,99999,36.10390278,-78.662366670,0,11,0,0,1,1,1,0,4,1,0,1,0,0000000,7,20,7,29,7,55,0,0,0,1,0
37,370964,1,1,0,2,83,0,3,11,2010,4,17,55,0,6,4,RP-1804,,99999,36.11929444,-77.389155560,0,53,0,0,1,1,4,0,5,10,0,10,0,0000000,17,35,17,44,99,99,0,0,0,1,1
37,370965,2,2,0,2,89,0,4,11,2010,5,10,8,0,2,3,SR-191,,99999,35.32716944,-82.467413890,0,12,6,0,1,1,1,0,1,10,0,10,0,0000000,10,4,10,11,99,99,0,0,0,1,0
37,370966,1,1,1,1,93,0,1,11,2010,2,7,45,0,4,4,RP-1406,,99999,34.97860278,-79.058905560,0,8,0,0,1,1,1,0,2,1,0,1,0,0000000,99,99,99,99,88,88,0,0,0,1,0
37,370967,2,2,0,3,93,0,6,11,2010,7,17,27,0,4,4,RP-1105,RP-1113,99999,34.93041667,-79.156494440,0,12,6,0,2,2,1,0,1,1,0,1,0,0000000,99,99,99,99,99,99,0,0,0,1,0
37,370968,2,2,0,3,123,0,6,11,2010,7,17,7,0,5,3,SR-24,,99999,35.36007500,-79.716969440,0,12,6,0,1,1,1,0,5,1,0,1,0,0000000,16,57,17,7,88,88,0,0,0,3,0
37,370969,3,3,0,3,123,0,6,11,2010,7,21,44,0,4,2,US-220,,99999,35.18285833,-79.716883330,0,12,7,0,1,1,1,0,2,1,0,1,0,0000000,21,31,21,42,22,44,0,0,0,1,1
37,370970,1,1,0,1,135,0,3,11,2010,4,4,30,0,6,4,RP-1939,,99999,35.86644722,-79.117613890,0,59,0,0,1,1,4,0,2,10,0,10,0,0000000,99,99,99,99,88,88,0,0,0,1,1
37,370971,1,1,0,2,149,0,6,11,2010,7,2,40,1,1,1,I-26,,99999,35.23860833,-82.204772220,0,35,0,0,1,1,3,0,2,1,0,1,0,0000000,2,40,2,48,99,99,0,0,0,1,1
37,370972,1,1,1,1,155,0,3,11,2010,4,1,6,0,5,4,RP-1312,,99999,34.71692222,-79.277344440,0,8,0,0,1,1,1,0,2,1,0,1,0,0000000,1,7,1,18,2,21,0,0,0,1,0
37,370973,2,2,0,2,159,0,3,11,2010,4,19,49,1,1,1,I-85,,99999,35.67884167,-80.415630560,0,12,7,0,1,1,1,0,2,10,0,10,0,0000000,19,52,20,5,99,99,0,0,0,1,1
37,370974,1,1,0,1,179,0,2,11,2010,3,10,8,0,6,4,RP-1334,,99999,35.03294722,-80.563516670,0,38,0,0,1,1,4,0,1,1,0,1,0,0000000,99,99,99,99,88,88,0,0,0,1,1
37,370975,1,1,0,1,191,0,6,11,2010,7,1,29,0,6,4,RP-1930,,99999,35.28023889,-77.999066670,0,1,0,0,1,1,4,0,2,10,0,10,0,0000000,99,99,99,99,88,88,0,0,0,1,1
37,370976,1,1,0,1,191,0,3,11,2010,4,0,7,0,6,4,RP-1236,,99999,35.40227500,-78.048247220,0,34,0,0,1,1,4,0,2,1,0,1,0,0000000,99,99,99,99,88,88,0,0,0,1,0
37,370977,2,2,0,3,147,240,16,4,2010,6,18,35,0,13,3,SR-11,OLD SNOWHILL RD,99999,35.46654167,-77.436188890,0,12,6,0,2,2,1,0,1,1,0,1,0,0000000,99,99,99,99,99,99,0,0,0,1,0
37,370978,2,2,0,5,119,870,31,7,2010,7,17,10,0,16,6,FARM POND LN,MEADOWDALE DR,99999,35.19218889,-80.740586110,0,12,6,0,2,3,1,0,1,10,0,10,0,0000000,17,10,17,25,17,49,0,0,0,1,0
37,370979,1,1,0,4,155,0,27,7,2010,3,13,24,1,1,1,I-95,,99999,34.54099444,-79.231166670,0,42,0,0,1,1,3,0,1,2,0,2,0,0000000,99,99,99,99,99,99,0,0,0,1,0
37,370981,2,2,0,2,65,3930,26,9,2010,1,12,22,0,14,6,ATLANTIC AVE,E GRAND AVE,99999,35.94986944,-77.789725000,0,12,6,0,2,2,1,0,1,10,0,10,0,0000000,12,24,12,31,12,54,0,0,0,1,0
37,370982,1,1,1,1,17,0,15,10,2010,6,21,40,0,4,3,SR-242,,99999,34.58481667,-78.656100000,0,8,0,0,1,1,1,0,2,1,0,1,0,0000000,21,40,21,46,99,99,0,0,0,1,0
37,370983,1,1,0,1,63,1360,31,10,2010,1,3,8,0,15,6,S ALSTON AVE,,99999,35.97078333,-78.895569440,0,42,0,0,1,1,4,0,3,1,0,1,0,0000000,99,99,99,99,88,88,0,0,0,1,1
37,370984,9,9,0,15,89,0,24,10,2010,1,22,53,1,11,1,I-26,,99999,35.40115556,-82.511702780,0,12,1,0,1,1,1,0,2,1,0,1,0,0000000,23,4,23,28,23,52,14,0,0,5,0
37,370985,2,2,0,3,107,0,29,10,2010,6,16,33,0,3,2,US-258,,99999,35.15458333,-77.636947220,0,12,6,0,1,1,1,0,1,1,0,1,0,0000000,16,28,16,34,99,99,0,0,0,1,0
37,370986,1,1,1,1,119,870,22,10,2010,6,12,14,0,2,6,WILKINSON BLVD,,99999,35.24113333,-80.978936110,0,9,0,0,1,1,1,0,1,1,0,1,0,0000000,12,5,12,14,99,99,0,0,0,1,0
37,370987,2,2,0,3,119,870,30,10,2010,7,16,58,0,4,6,ROCKY ROVER CHURCH R,CAMP STEWART ROAD,99999,35.23499444,-80.633152780,0,12,2,0,3,3,1,0,1,1,0,1,0,0000000,13,44,13,54,88,88,0,0,0,1,1
37,370988,2,2,0,3,119,870,29,10,2010,6,0,31,0,13,3,SR-16,,99999,35.15771944,-80.798055560,0,12,2,0,1,1,1,0,3,1,0,1,0,0000000,0,32,0,39,1,1,0,0,0,1,1
37,370989,1,1,0,4,127,0,31,10,2010,1,0,47,1,2,2,US-264,,99999,35.80250000,-78.198236110,0,1,0,0,1,1,1,0,2,1,0,1,0,0000000,0,39,0,49,1,17,0,0,0,1,0
37,370990,1,1,0,5,133,2330,24,10,2010,1,1,26,0,16,6,ONSVILLE DRIVE,,99999,34.77918611,-77.412277780,0,1,0,0,1,1,1,0,2,1,0,1,0,0000000,1,26,1,31,99,99,0,0,0,2,1
37,370991,2,2,0,4,139,0,26,10,2010,3,17,5,1,2,2,US-158,RP-1360,99999,36.42186944,-76.367533330,0,12,6,1,2,4,1,0,1,1,0,1,0,0000000,99,99,99,99,99,99,0,0,0,1,0
37,370992,1,1,1,1,183,3750,27,10,2010,4,19,4,0,15,6,CROSS LINK ROAD,,99999,35.74936944,-78.618411110,0,8,0,0,1,1,1,0,2,1,0,1,0,0000000,19,4,19,13,19,25,0,0,0,1,0
37,370993,1,1,0,1,5,0,10,11,2010,4,11,20,0,4,3,SR-93,,99999,36.54227778,-81.202911110,0,42,0,0,1,1,4,0,1,1,0,1,0,0000000,11,13,11,20,99,99,0,0,0,1,0
37,370994,1,1,1,1,13,0,8,11,2010,2,11,28,0,4,3,SR-99,,99999,35.49673611,-76.671769440,0,8,0,0,1,1,1,0,1,1,0,1,0,0000000,99,99,99,99,99,99,0,0,0,1,0
37,370995,2,2,0,2,13,0,14,11,2010,1,20,54,1,2,2,US-17,,99999,35.52931111,-77.074455560,0,12,2,0,1,1,1,0,2,1,0,1,0,0000000,99,99,99,99,99,99,0,0,0,1,0
37,370996,2,2,0,2,25,1040,2,11,2010,3,10,58,1,13,2,US-29,CONCORD FARMS ROAD,99999,35.37749722,-80.656858330,0,12,6,0,2,3,1,0,1,1,0,1,0,0000000,10,57,11,2,88,88,0,0,0,1,0
37,370997,3,3,1,5,25,1040,6,11,2010,7,22,59,0,13,6,CONCORD PARKWAY,,99999,35.35256944,-80.688061110,0,8,0,0,1,1,1,0,3,1,0,1,0,0000000,22,58,23,5,23,30,0,0,0,1,0
37,370998,1,1,0,3,25,0,6,11,2010,7,19,48,0,5,4,RP-1155,,99999,35.37435556,-80.579694440,0,42,0,0,1,1,4,0,2,1,0,1,0,0000000,18,45,18,49,99,99,0,0,0,2,1
37,370999,2,2,0,2,25,2390,16,11,2010,3,10,41,0,14,6,DALE EARNHARDT BLVD,SHARON STREET,99999,35.47475556,-80.609758330,0,12,6,0,2,2,1,0,1,2,0,2,0,0000000,10,40,10,46,11,13,0,0,0,1,0
37,371000,1,1,1,1,31,0,12,11,2010,6,7,15,0,4,3,SR-101,,99999,34.79308333,-76.669441670,0,8,0,0,1,1,1,0,1,1,0,1,0,0000000,99,99,99,99,88,88,0,0,0,1,0
37,371001,1,1,0,1,35,0,17,11,2010,4,16,51,1,1,1,I-40,,99999,35.73285833,-81.106394440,0,1,0,0,1,1,1,0,1,1,0,1,0,0000000,16,52,17,2,88,88,0,0,0,1,0
37,371002,1,1,0,1,37,0,16,11,2010,3,23,8,1,2,2,US-421,,99999,35.60797500,-79.334336110,0,42,0,0,1,1,4,0,2,2,0,2,0,0000000,23,14,23,21,0,56,0,0,0,1,0
37,371003,1,1,0,1,43,0,15,11,2010,2,11,29,0,4,4,RP-1100,,99999,35.01411111,-83.862633330,0,53,0,0,1,1,4,0,1,2,0,2,0,0000000,11,17,11,23,88,88,0,0,0,1,0
37,371004,1,1,1,1,45,0,10,11,2010,4,10,8,1,2,2,US-74,,99999,35.29908611,-81.683863890,0,8,0,0,1,1,1,0,1,1,0,1,0,0000000,99,99,99,99,99,99,0,0,0,1,0
37,371005,1,1,0,3,45,0,16,11,2010,3,6,3,0,6,4,RP-1803,,99999,35.40839444,-81.509800000,0,38,0,0,1,1,4,0,2,1,0,1,0,0000000,99,99,99,99,99,99,0,0,0,1,0
37,371006,2,2,0,2,47,0,20,11,2010,7,17,50,0,4,3,SR-214,,99999,34.32564722,-78.633227780,0,12,2,0,1,1,1,0,2,1,0,1,0,0000000,99,99,99,99,99,99,0,0,0,1,1
37,371007,2,2,0,3,57,0,12,11,2010,6,15,36,0,3,3,SR-109,,99999,35.95077500,-80.122905560,0,12,6,0,1,1,1,0,1,1,0,1,1,0000000,15,35,15,43,99,99,0,0,0,1,0
37,371008,1,1,1,2,61,0,12,11,2010,6,17,59,0,6,4,RP-1307,,99999,35.04194444,-78.040480560,0,8,0,0,1,1,1,0,2,1,0,1,0,0000000,18,15,18,25,88,88,0,0,0,1,0
37,371009,2,2,0,2,71,0,11,11,2010,5,8,35,0,4,3,SR-279,,99999,35.32037778,-81.218833330,0,12,2,0,1,1,1,0,1,1,0,1,0,0000000,8,32,8,49,99,99,0,0,0,1,0
37,371010,2,2,1,2,81,1940,2,11,2010,3,20,11,0,13,6,WENDOVER AVE,,99999,36.08781944,-79.733747220,0,8,0,0,1,1,1,0,3,1,0,1,0,0000000,20,11,20,18,99,99,0,0,0,1,0
37,371011,1,1,0,2,83,0,7,11,2010,1,1,22,0,6,4,RP-1732,,99999,36.40744722,-77.704677780,0,34,0,0,1,1,4,0,2,1,0,1,0,0000000,1,16,1,27,1,55,0,0,0,1,1
37,371012,2,2,0,6,85,0,11,11,2010,5,9,5,0,4,3,SR-55,RP-1563,99999,35.43958056,-78.682777780,0,12,6,0,2,3,1,0,1,1,0,1,0,0000000,99,99,99,99,99,99,0,0,0,1,0
37,371013,2,2,0,2,101,0,16,11,2010,3,20,33,0,4,3,SR-39,,99999,35.55611111,-78.272052780,0,12,6,0,8,1,1,0,2,10,0,10,0,0000000,99,99,99,99,88,88,0,0,0,1,0
37,371014,2,2,0,3,109,0,20,11,2010,7,12,28,0,6,4,RP-1339,RP-1338,99999,35.52173056,-81.207569440,0,12,6,0,2,3,1,0,1,1,0,1,0,0000000,12,32,12,35,12,55,0,0,0,1,0
37,371015,1,1,0,1,119,870,1,11,2010,2,2,59,1,12,2,US-74,,99999,35.21890833,-80.822961110,0,25,0,0,1,1,3,0,3,1,0,1,0,0000000,99,99,99,99,88,88,0,0,0,1,1
37,371016,1,1,1,1,119,870,7,11,2010,1,1,56,1,11,1,I-85,,99999,35.24407778,-80.955333330,0,8,0,0,1,1,1,0,2,1,0,1,0,0000000,1,43,1,53,88,88,0,0,0,1,0
37,371017,1,1,1,1,127,0,19,11,2010,6,13,58,0,6,4,RP-1417,,99999,36.02802500,-77.963694440,0,9,0,0,1,1,1,0,1,1,0,1,0,0000000,13,47,14,1,15,38,0,0,0,1,0
37,371018,1,1,0,1,133,0,10,11,2010,4,10,50,0,4,3,SR-172,,99999,34.55011389,-77.429302780,0,1,0,0,1,1,5,0,1,1,0,1,0,0000000,10,52,10,57,11,59,0,0,0,1,0
37,371019,2,2,0,3,159,0,2,11,2010,3,18,1,1,2,2,US-70,SR-801,99999,35.71909722,-80.615702780,0,12,6,0,2,2,1,0,1,1,0,1,0,0000000,18,23,18,33,18,55,0,0,0,1,0
37,371020,1,1,0,1,159,0,19,11,2010,6,15,22,0,4,3,SR-150,,99999,35.64890000,-80.613202780,0,1,0,0,1,1,4,0,1,1,0,1,0,0000000,15,21,15,37,99,99,0,0,0,1,0
37,371021,1,1,0,2,171,0,17,11,2010,4,22,2,0,5,4,RP-1809,,99999,36.46271111,-80.461036110,0,42,0,0,1,1,4,0,2,1,0,1,0,0000000,21,57,22,14,23,25,0,0,0,1,0
37,371022,2,2,0,3,175,0,8,11,2010,2,17,10,1,2,2,US-64,RP-1518,99999,35.27073611,-82.693544440,0,12,6,0,2,2,1,0,1,1,0,1,0,0000000,17,6,17,10,17,34,0,0,0,1,0
37,371023,1,1,0,1,179,3100,4,11,2010,5,1,13,0,4,6,SUNSET DRIVE,,99999,34.97076944,-80.533250000,0,42,0,0,1,1,4,0,3,2,0,2,0,0000000,99,99,99,99,88,88,0,0,0,1,0
37,371024,1,1,1,1,183,3750,6,11,2010,7,3,48,1,13,6,CAPITAL BLVD,,99999,35.81484722,-78.604013890,0,8,0,0,1,1,1,0,2,10,0,10,0,0000000,3,48,3,54,88,88,0,0,0,1,0
37,371025,2,2,0,5,183,3750,3,11,2010,4,18,32,0,14,6,NEW HOPE ROAD,POOLE ROAD,99999,35.76535278,-78.559197220,0,12,2,0,2,2,1,0,3,10,0,10,0,0000000,18,32,18,38,18,51,0,0,0,1,0
37,371026,1,1,1,1,183,0,20,11,2010,7,22,21,1,1,1,I-40,,99999,35.86359444,-78.817719440,0,8,0,0,1,1,1,0,2,1,0,1,0,0000000,22,20,22,31,88,88,0,0,0,1,0
37,371027,2,2,0,2,189,0,5,11,2010,6,8,50,1,2,2,US-421,RP-1672,99999,99.99990000,999.999900000,0,12,6,0,2,3,1,0,1,1,0,1,0,0000000,99,99,99,99,88,88,0,0,0,1,0
37,371028,1,1,1,1,191,0,5,11,2010,6,7,46,1,2,2,US-70,RP-1237,99999,99.99990000,999.999900000,0,8,0,0,2,2,1,0,2,1,0,1,0,0000000,7,44,7,50,88,88,0,0,0,1,0
37,371029,2,2,0,2,191,0,15,11,2010,2,14,37,0,4,3,SR-55,SR-111,99999,35.20113056,-77.888175000,0,12,6,0,2,2,1,0,1,1,0,1,0,0000000,14,43,14,54,99,99,0,0,0,1,0
37,371030,2,2,0,2,63,1360,14,5,2010,6,5,57,1,11,1,I-40,,99999,35.90884722,-78.935116670,0,12,7,0,5,1,1,0,4,1,0,1,0,0000000,6,2,6,5,6,41,0,0,0,1,0
37,371031,1,1,0,1,125,0,30,5,2010,1,22,55,0,6,4,RP-1281,,99999,35.35662778,-79.720894440,0,42,0,0,1,1,4,0,2,1,0,1,0,0000000,99,99,99,99,99,99,0,0,0,1,0
37,371032,2,2,0,3,21,170,2,6,2010,4,10,42,1,12,2,US-70,GOVERNORS VIEW ROAD,99999,35.58869167,-82.495350000,0,12,6,1,2,2,1,0,1,10,0,10,0,0000000,10,45,10,53,11,17,0,0,0,1,0
37,371033,2,2,0,5,77,0,18,6,2010,6,19,46,0,5,4,RP-1311,,0,36.35087222,-78.755494440,0,12,6,0,8,1,1,0,1,1,0,1,0,0000000,19,54,20,5,99,99,0,0,0,1,0
37,371034,1,1,0,1,51,0,6,7,2010,3,9,29,1,1,1,I-95,,99999,35.02459444,-78.808858330,0,21,0,0,1,1,5,0,1,1,0,1,0,0000000,9,30,9,38,99,99,0,0,0,1,0
37,371035,2,2,0,6,21,170,11,9,2010,7,17,15,0,14,6,MEADOW ROAD,,99999,35.56470000,-82.563713890,0,12,1,0,1,1,1,0,1,1,0,1,0,0000000,99,99,99,99,99,99,0,0,0,2,0
37,371036,1,1,1,1,1,0,13,11,2010,7,12,59,0,4,4,RP-2158,,99999,35.99135833,-79.330558330,0,8,0,0,1,1,1,0,1,1,0,1,0,0000000,12,56,13,5,13,23,0,0,0,1,0
37,371037,1,1,0,1,1,700,24,11,2010,4,12,16,0,14,6,GRAND OAKS BLVD,,99999,36.05912500,-79.485536110,0,42,0,0,1,1,4,0,1,1,0,1,0,0000000,12,18,12,25,13,9,0,0,0,1,0
37,371038,1,1,1,3,1,0,25,11,2010,5,22,37,0,5,3,SR-54,,99999,35.99130556,-79.292236110,0,8,0,0,1,1,1,0,2,5,0,5,0,0000000,22,35,22,45,0,10,0,0,0,1,0
37,371039,1,1,0,6,13,0,18,11,2010,5,20,58,0,5,4,RP-1725,,99999,35.39608056,-76.602633330,0,1,0,0,1,1,4,0,2,1,0,1,0,0000000,99,99,99,99,99,99,0,0,0,1,0
37,371040,1,1,0,2,19,0,28,11,2010,1,3,37,0,4,3,SR-133,,99999,34.15666944,-77.982416670,0,34,0,0,1,1,4,0,2,1,0,1,0,0000000,99,99,99,99,88,88,0,0,0,1,1