STATE,ST_CASE,VE_TOTAL,VE_FORMS,PEDS,PERSONS,COUNTY,CITY,DAY,MONTH,YEAR,DAY_WEEK,HOUR,MINUTE,NHS,ROAD_FNC,ROUTE,TWAY_ID,TWAY_ID2,MILEPT,LATITUDE,LONGITUD,SP_JUR,HARM_EV,MAN_COLL,RELJCT1,RELJCT2,TYP_INT,REL_ROAD,WRK_ZONE,LGT_COND,WEATHER1,WEATHER2,WEATHER,SCH_BUS,RAIL,NOT_HOUR,NOT_MIN,ARR_HOUR,ARR_MIN,HOSP_HR,HOSP_MN,CF1,CF2,CF3,FATALS,DRUNK_DR
37,371041,1,1,2,3,21,170,26,11,2010,6,18,32,0,16,6,PINEY MOUNTAIN ROAD,,99999,35.59933889,-82.531422220,0,9,0,0,1,1,1,0,2,10,0,10,0,0000000,18,33,18,41,88,88,0,0,0,1,0
37,371042,1,1,1,1,31,0,4,11,2010,5,9,44,1,2,2,US-70,,99999,99.99990000,999.999900000,0,9,0,0,1,1,1,0,1,1,0,1,0,0000000,99,99,99,99,99,99,0,0,0,1,0
37,371043,2,2,0,3,35,2150,19,11,2010,6,20,54,0,13,3,SR-127,CLONINGER MILL RD,99999,35.79177778,-81.309472220,0,12,6,0,2,2,1,0,3,1,0,1,0,0000000,20,52,21,3,21,16,0,0,0,1,2
37,371044,3,3,0,3,35,0,22,11,2010,2,11,54,0,5,3,SR-127,,99999,35.72951389,-81.334533330,0,12,2,0,1,1,1,0,1,1,0,1,0,0000000,11,53,12,4,12,35,0,0,0,1,0
37,371045,2,2,0,5,45,0,24,11,2010,4,7,28,0,4,3,SR-10,,99999,35.49177500,-81.631936110,0,12,6,0,1,1,1,0,1,1,0,1,0,0000000,7,19,7,30,8,18,0,0,0,1,0
37,371046,1,1,0,1,51,0,23,11,2010,3,19,32,0,6,4,RP-1704,,99999,35.21357778,-78.838061110,0,53,0,0,1,1,4,0,2,1,0,1,0,0000000,19,30,19,39,88,88,0,0,0,1,1
37,371047,1,1,0,1,57,2620,19,11,2010,6,21,30,0,13,6,S MAIN ST,,99999,35.81440278,-80.264225000,0,1,0,0,1,1,4,0,1,1,0,1,0,0000000,21,30,21,36,88,88,0,0,0,1,1
37,371048,2,1,1,1,65,0,27,11,2010,7,19,58,0,4,3,SR-97,,99999,36.00814444,-77.516011110,0,8,0,0,1,1,1,0,2,1,0,1,0,0000000,19,52,20,7,20,47,14,0,0,1,0
37,371049,1,1,1,3,69,0,22,11,2010,2,17,32,0,5,4,RP-1105,,99999,36.04465833,-78.416633330,0,8,0,0,1,1,1,0,5,1,0,1,0,0000000,17,19,17,30,88,88,0,0,0,1,0
37,371050,1,1,0,1,75,0,21,11,2010,1,16,15,0,4,3,SR-143,,99999,35.31638611,-83.837013890,0,24,0,0,1,1,4,0,1,1,0,1,0,0000000,99,99,99,99,88,88,0,0,0,1,0
37,371051,2,2,0,4,79,0,26,11,2010,6,17,44,0,3,2,US-13,,99999,35.53404167,-77.603902780,0,12,2,0,1,1,1,0,5,10,0,10,0,0000000,17,42,17,51,18,13,0,0,0,3,1
37,371052,1,1,1,1,81,1940,2,11,2010,3,18,56,0,16,6,FRIENDLY CIR,,99999,36.07206667,-79.780911110,0,8,0,0,1,1,1,0,3,1,0,1,0,0000000,18,36,18,42,19,7,0,0,0,1,0
37,371053,1,1,1,2,81,2170,20,11,2010,7,19,48,0,13,6,EASTCHESTER DR,,99999,35.99175833,-80.000380560,0,8,0,0,1,1,1,0,3,1,0,1,0,0000000,19,49,19,54,20,20,0,0,0,1,0
37,371054,2,2,0,3,83,0,22,11,2010,2,12,23,0,3,3,SR-48,,99999,36.36780833,-77.806033330,0,12,6,0,1,1,1,0,1,1,0,1,0,0000000,12,14,12,19,12,43,0,0,0,1,0
37,371055,2,2,0,4,85,0,18,11,2010,5,10,39,0,5,4,RP-1542,,99999,35.44500833,-78.750172220,0,12,6,0,1,1,1,0,1,1,0,1,0,0000000,99,99,99,99,99,99,0,0,0,1,0
37,371056,2,2,0,2,93,0,18,11,2010,5,21,24,0,3,3,SR-211,,99999,34.88593056,-79.208250000,0,12,2,0,1,1,1,0,1,1,0,1,0,0000000,99,99,99,99,99,99,0,0,0,1,0
37,371057,2,2,0,2,97,3110,8,11,2010,2,9,45,0,16,6,PARK AVE,CHURCH ST,99999,35.58626944,-80.798691670,0,12,6,0,2,2,1,0,1,1,0,1,0,0000000,9,44,9,48,10,24,0,0,0,1,0
37,371058,2,2,0,2,97,3110,27,11,2010,7,18,53,0,14,3,SR-115,STEAM ENGINE DR,99999,35.54801111,-80.846327780,0,12,6,0,2,2,1,0,2,1,0,1,0,0000000,18,47,18,54,88,88,0,0,0,1,2
37,371059,1,1,0,2,109,0,21,11,2010,1,18,47,0,6,4,RP-1395,,99999,35.42913333,-80.967177780,0,43,0,0,1,1,4,0,2,1,0,1,0,0000000,18,49,19,3,99,99,0,0,0,1,1
37,371060,1,1,0,1,113,0,19,11,2010,6,6,54,0,4,4,RP-1448,,99999,35.10635833,-83.496094440,0,59,0,0,1,1,4,0,2,1,0,1,0,0000000,99,99,99,99,88,88,0,0,0,1,0
37,371061,1,1,0,2,119,870,9,11,2010,3,18,9,0,6,6,AMOS SMITH RD,,99999,35.21680556,-81.008205560,0,42,0,0,1,1,4,0,5,1,0,1,0,0000000,18,11,18,34,18,59,0,0,0,1,1
37,371062,1,1,1,1,119,2940,19,11,2010,6,19,59,1,13,2,US-74,,99999,35.09758056,-80.675697220,0,8,0,0,1,1,1,0,3,1,0,1,0,0000000,19,59,20,10,88,88,0,0,0,1,0
37,371063,3,3,0,3,119,870,12,11,2010,6,21,59,0,12,6,W T HARRIS BLVD,,99999,35.31708611,-80.776633330,0,12,1,0,1,1,1,0,3,1,0,1,0,0000000,21,59,22,6,99,99,0,0,0,1,1
37,371064,1,1,1,1,119,870,28,11,2010,1,5,19,0,13,6,BROOKSHIRE BLVD,,99999,35.32618889,-80.945463890,0,8,0,0,1,1,1,0,3,10,0,10,0,0000000,5,19,5,25,88,88,0,0,0,1,0
37,371065,2,2,0,3,127,0,22,11,2010,2,6,55,0,6,4,RP-1530,,99999,36.03320556,-77.839077780,0,12,1,0,1,1,1,0,4,5,0,5,0,0000000,99,99,99,99,99,99,0,0,0,1,0
37,371066,1,1,0,1,147,0,17,11,2010,4,13,13,0,13,2,US-13,,99999,35.57691667,-77.431469440,0,32,0,0,1,1,4,0,1,1,0,1,0,0000000,13,12,13,19,88,88,0,0,0,1,1
37,371067,1,1,0,1,151,160,14,11,2010,1,8,19,1,13,3,SR-49,,99999,35.72421667,-79.749413890,0,33,0,0,1,1,4,0,1,1,0,1,0,0000000,8,21,8,26,8,44,0,0,0,1,1
37,371068,1,1,1,1,153,0,7,11,2010,1,19,56,0,3,4,RP-1966,,99999,34.87565000,-79.742975000,0,8,0,0,1,1,1,0,2,1,0,1,0,0000000,19,49,19,59,88,88,0,0,0,1,0
37,371069,1,1,0,3,155,0,21,11,2010,1,4,7,0,4,4,RP-1004,,99999,34.70916111,-78.838061110,0,42,0,0,1,1,4,0,2,1,0,1,0,0000000,4,20,4,26,5,30,0,0,0,1,1
37,371070,2,2,0,2,159,0,18,11,2010,5,20,2,1,2,2,US-601,,99999,35.71648333,-80.495711110,0,12,6,0,4,1,1,0,2,1,0,1,0,0000000,20,0,20,6,88,88,0,0,0,1,0
37,371071,1,1,0,1,161,0,1,11,2010,2,23,45,0,6,4,BABER RD,,99999,35.31260278,-81.982383330,0,42,0,0,1,1,4,0,2,1,0,1,0,0000000,23,54,99,97,99,97,0,0,0,1,1
37,371072,1,1,0,1,163,0,27,11,2010,7,0,52,0,6,4,RP-1118,,99999,34.72009722,-78.237333330,0,35,0,0,1,1,4,0,2,10,0,10,0,0000000,0,56,99,97,99,97,0,0,0,1,1
37,371073,3,3,0,4,163,0,27,11,2010,7,6,0,1,2,3,SR-24,,99999,34.97719722,-78.574391670,0,12,2,0,1,1,1,0,2,1,0,1,0,0000000,99,99,99,99,99,99,0,0,0,1,0
37,371074,1,1,0,2,171,0,26,11,2010,6,1,31,0,3,4,RP-1138,,99999,36.28040000,-80.820836110,0,32,0,0,1,1,4,0,2,10,0,10,0,0000000,1,28,1,40,99,99,0,0,0,1,1
37,371075,1,1,0,5,181,0,21,11,2010,1,17,26,0,5,4,RP-1304,,99999,36.35356944,-78.468905560,0,1,0,0,1,1,4,0,2,1,0,1,0,0000000,99,99,99,99,99,99,0,0,0,1,1
37,371076,1,1,0,2,183,3750,3,11,2010,4,8,5,0,16,6,JEFFREYS GROVE SCH,,99999,35.86359444,-78.680733330,0,59,0,0,1,1,4,0,1,1,0,1,0,0000000,8,5,8,12,8,35,0,0,0,1,0
37,371077,1,1,1,4,183,3750,13,11,2010,7,20,18,1,11,1,I-440,,99999,35.81503056,-78.694380560,0,8,0,0,1,1,1,0,2,1,0,1,0,0000000,99,99,99,99,88,88,0,0,0,1,0
37,371078,1,1,0,1,193,5040,19,11,2010,6,15,59,1,13,2,US-421,,99999,36.14986667,-81.208019440,0,59,0,0,1,1,4,0,1,1,0,1,0,0000000,99,99,99,99,99,99,0,0,0,1,0
37,371079,1,1,0,1,193,0,29,11,2010,2,8,43,0,6,4,RP-1517,,99999,36.18257222,-81.156091670,0,43,0,0,1,1,5,0,1,10,0,10,0,0000000,8,43,8,49,88,88,0,0,0,1,0
37,371080,1,1,0,1,17,0,4,12,2010,7,21,26,0,4,3,SR-210,,99999,34.50365556,-78.265227780,0,30,0,0,1,1,4,0,2,2,0,2,0,0000000,21,23,21,43,22,52,0,0,0,1,1
37,371081,1,1,1,3,19,0,4,12,2010,7,15,53,0,6,4,RP-1133,,99999,33.96628333,-78.310461110,0,8,0,0,1,1,1,0,1,10,0,10,0,0000000,15,44,15,48,16,0,0,0,0,1,0
37,371082,2,2,0,5,27,0,4,12,2010,7,13,25,1,2,2,US-321,,99999,35.88300000,-81.515036110,0,12,6,0,1,1,1,0,1,10,4,4,0,0000000,13,23,13,40,14,11,0,0,0,2,0
37,371083,3,3,0,5,31,1531,3,12,2010,6,21,25,0,14,3,SR-58,,99999,34.69011111,-76.868075000,0,12,2,0,1,1,1,0,2,1,0,1,0,0000000,99,99,99,99,99,99,14,0,0,1,1
37,371084,2,2,0,2,31,0,11,12,2010,7,22,8,1,2,3,SR-24,,99999,34.71170278,-76.992272220,0,12,2,0,1,1,1,0,2,10,0,10,0,0000000,22,34,22,37,23,28,0,0,0,1,0
37,371085,1,1,0,2,35,2150,3,12,2010,6,2,36,0,16,6,12TH AVE,3RD ST,99999,99.99990000,999.999900000,0,31,0,0,2,2,4,0,3,1,0,1,0,0000000,2,35,2,41,2,58,0,0,0,1,1
37,371086,1,1,0,1,57,4590,2,12,2010,5,19,32,0,15,6,CULBRETH AVE,,99999,35.89196944,-80.068530560,0,42,0,0,1,1,4,0,3,1,0,1,0,0000000,19,39,19,41,99,99,0,0,0,1,1
37,371087,2,2,0,3,67,0,2,12,2010,5,21,8,0,3,3,SR-66,RP-2211,99999,36.19067778,-80.219850000,0,12,6,0,2,2,1,0,2,1,0,1,0,0000000,21,7,21,16,99,99,0,0,0,1,1
37,371088,2,2,0,3,81,1940,1,12,2010,4,5,14,1,11,1,I-40,,99999,36.01522778,-79.854125000,0,12,7,0,1,1,1,0,3,2,6,2,0,0000000,5,15,5,45,6,26,0,0,0,1,0
37,371089,2,2,0,4,81,0,4,12,2010,7,15,25,0,4,4,RP-1545,,99999,36.00953333,-79.941930560,0,12,6,0,1,1,4,0,1,4,0,4,0,0000000,15,31,15,48,16,16,0,0,0,2,0
37,371090,2,2,0,4,83,0,8,12,2010,4,4,41,0,3,2,US-258,,99999,36.11534444,-77.427950000,0,12,2,0,1,1,1,0,2,1,0,1,0,0000000,4,30,4,38,99,99,0,0,0,3,1
37,371091,1,1,0,1,87,0,7,12,2010,3,17,5,0,4,4,RP-1004,,99999,35.57615000,-82.773486110,0,38,0,0,1,1,5,0,1,1,0,1,0,0000000,99,99,99,99,99,99,0,0,0,1,1
37,371092,1,1,0,1,111,0,13,12,2010,2,19,0,0,4,4,RP-1168,,99999,35.62806944,-81.986588890,0,30,0,0,1,1,4,0,2,10,0,10,0,0000000,18,56,19,2,88,88,0,0,0,1,1
37,371093,1,1,0,3,127,0,4,12,2010,7,17,43,0,5,4,RP-1717,,99999,35.93284444,-77.901822220,0,34,0,0,1,1,4,0,2,4,0,4,0,0000000,99,99,99,99,99,99,0,0,0,1,0
37,371094,1,1,0,1,133,0,5,12,2010,1,17,30,1,2,2,US-17,,99999,34.77235833,-77.399369440,0,42,0,0,1,1,3,0,5,1,0,1,0,0000000,18,18,18,31,88,88,0,0,0,1,0
37,371095,2,2,0,3,157,0,4,12,2010,7,15,25,0,4,4,RP-1535,,99999,36.49708056,-79.804772220,0,12,2,0,1,1,1,0,1,4,0,4,0,0000000,15,16,15,26,16,1,0,0,0,1,0
37,371096,2,2,0,2,159,0,6,12,2010,2,17,47,0,4,3,SR-150,,99999,35.66155000,-80.500602780,0,12,2,0,1,1,1,0,2,1,0,1,0,0000000,17,44,17,57,18,26,0,0,0,1,1
37,371097,2,2,0,2,163,0,5,12,2010,1,7,58,0,3,2,US-701,,99999,34.79082778,-78.386936110,0,12,8,0,1,1,1,0,1,1,0,1,0,0000000,7,58,8,12,88,88,0,0,0,1,0
37,371098,1,1,0,1,171,0,11,12,2010,7,5,6,0,5,4,RP-1809,,99999,36.39102500,-80.474166670,0,1,0,0,1,1,4,0,2,10,0,10,0,0000000,5,5,5,16,88,88,0,0,0,1,0
37,371099,2,2,0,5,195,0,4,12,2010,7,5,52,1,1,2,US-264,,99999,35.70247500,-77.874700000,0,12,1,0,1,1,1,0,2,10,0,10,0,0000000,5,52,6,1,6,47,0,0,0,1,0
37,371100,2,2,0,5,197,0,6,12,2010,2,11,34,0,5,4,RP-1314,,99999,99.99990000,999.999900000,0,12,2,0,1,1,1,0,1,1,0,1,0,0000000,11,31,11,41,12,27,0,0,0,1,0
37,371101,2,2,0,2,199,0,9,12,2010,5,10,0,1,2,2,US-19,,99999,35.91345278,-82.397633330,0,12,2,0,1,1,1,0,1,1,0,1,0,0000000,99,99,99,99,99,99,0,0,0,1,0
37,371102,1,1,0,2,97,0,23,6,2010,4,17,30,0,5,4,RP-2158,,99999,35.90285278,-80.736872220,0,5,0,0,1,1,4,0,1,1,0,1,0,0000000,17,28,17,37,17,58,0,0,0,1,0
37,371103,1,1,0,4,119,870,7,8,2010,7,15,50,0,13,6,TRYON STREET,,99999,35.16235278,-80.916258330,0,5,0,0,8,1,1,0,1,1,0,1,0,0000000,10,52,11,2,11,30,0,0,0,1,0
37,371104,1,1,1,1,21,4910,26,9,2010,1,6,27,0,14,6,MERRIMON AVE,,99999,35.67860000,-82.573908330,0,8,0,0,1,1,1,0,2,2,0,2,0,0000000,6,28,6,38,6,55,0,0,0,1,0
37,371105,1,1,0,2,45,1980,17,9,2010,6,18,7,0,16,6,HARDIN CIRCLE,,99999,35.17901667,-81.459161110,0,1,0,0,1,1,4,0,1,1,0,1,0,0000000,18,7,18,11,20,6,0,0,0,1,0
37,371106,1,1,0,1,65,4560,23,9,2010,5,12,54,0,15,6,ALBEMARLE AVE,,99999,35.90115833,-77.539991670,0,30,0,0,1,1,4,0,1,1,0,1,0,0000000,12,57,12,59,13,15,0,0,0,1,0
37,371107,1,1,0,1,77,0,1,9,2010,4,19,6,0,5,4,RP-1712,,99999,36.07860278,-78.548577780,0,42,0,0,1,1,4,0,1,1,0,1,0,0000000,18,54,19,7,88,88,0,0,0,1,1
37,371108,1,1,0,3,119,870,25,9,2010,7,23,1,0,16,6,MARSHBROOK ROAD,,99999,35.16265556,-80.722683330,0,5,0,0,1,1,1,0,3,1,0,1,0,0000000,22,55,23,6,23,33,0,0,0,1,0
37,371109,2,2,0,4,125,0,28,9,2010,3,13,8,0,15,6,HOFFMAN ROAD,RICHMOND ROAD,99999,35.17779722,-79.571761110,0,12,6,0,2,2,1,0,1,2,0,2,0,0000000,99,99,99,99,99,99,0,0,0,1,0
37,371110,1,1,0,1,139,1460,6,9,2010,2,19,45,0,15,6,HERRINGTON ROAD,,99999,36.28766389,-76.219072220,0,42,0,0,1,1,4,0,1,1,0,1,0,0000000,19,48,19,52,20,7,0,0,0,1,1
37,371111,2,2,0,6,159,4070,11,9,2010,7,8,25,0,14,6,JAKE ALEXANDER BLVD,INNES STREET,99999,35.71106389,-80.490452780,0,12,6,0,2,2,1,0,1,1,0,1,0,0000000,99,99,99,99,99,99,0,0,0,1,0
37,371112,2,2,0,5,163,970,7,9,2010,3,11,52,1,12,2,US-421,,99999,34.99795833,-78.338486110,0,12,1,0,1,1,1,0,1,1,0,1,0,0000000,11,52,12,1,88,88,0,0,0,1,0
37,371113,1,1,1,1,81,1940,12,11,2010,6,15,33,0,16,6,MAPLE STREET,,99999,36.09211111,-79.777158330,0,8,0,0,1,1,7,0,1,1,0,1,0,0000000,15,32,15,35,15,53,0,0,0,1,0
37,371114,1,1,0,1,127,3930,15,11,2010,2,18,47,0,14,6,PEACHTREE STREET,,99999,35.96333889,-77.805880560,0,43,0,0,1,1,4,0,3,1,0,1,0,0000000,18,49,18,54,19,13,0,0,0,1,0
37,371115,1,1,1,1,139,1460,23,11,2010,3,21,0,1,12,2,US-17,TRINKALOE ROAD,99999,36.28387500,-76.274558330,0,8,0,1,3,3,1,0,2,1,0,1,0,0000000,21,3,21,9,21,30,0,0,0,1,0
37,371116,1,1,0,1,183,3750,28,11,2010,1,3,20,0,13,6,HILLSBOROUGH STREET,,99999,35.79092500,-78.679958330,0,30,0,0,1,1,4,0,3,1,0,1,0,0000000,99,99,99,99,99,99,0,0,0,1,1
37,371117,2,2,0,3,1,700,10,12,2010,6,99,99,0,14,3,SR-62,,99999,36.06122500,-79.470827780,0,12,2,0,1,1,1,0,2,1,0,1,0,0000000,19,13,19,20,20,4,0,0,0,1,0
37,371118,2,2,0,2,1,700,13,12,2010,2,13,1,0,13,6,WEBB AVE,BROAD STREET,99999,36.09159167,-79.432869440,0,12,6,0,2,2,1,0,1,1,0,1,0,0000000,13,5,13,12,13,31,0,0,0,1,0
37,371119,1,1,2,1,3,0,24,12,2010,6,6,45,0,3,3,SR-90,,99999,35.90992222,-81.120916670,0,8,0,0,1,1,1,0,2,1,0,1,0,0000000,6,45,6,48,7,11,0,0,0,1,1
37,371120,1,1,0,2,15,0,17,12,2010,6,22,0,0,5,4,RP-1108,,99999,36.05640278,-77.174900000,0,42,0,0,1,1,4,0,2,10,0,10,0,0000000,21,53,22,6,88,88,0,0,0,1,1
37,371121,1,1,1,1,17,0,19,12,2010,1,4,35,0,6,4,RP-1716,,99999,34.53012500,-78.512527780,0,8,0,0,1,1,1,0,2,1,0,1,0,0000000,99,99,99,99,99,99,0,0,0,1,0
37,371122,1,1,1,0,21,0,29,12,2010,4,16,1,0,6,4,MARCELINA DRIVE,,99999,35.52505000,-82.326863890,0,8,0,0,1,1,1,0,1,4,0,4,0,0000000,99,99,99,99,88,88,0,0,0,1,0
37,371123,2,2,0,6,23,3130,31,12,2010,6,19,3,0,16,6,MCDOWELL STREET,,99999,35.74507222,-81.682830560,0,12,2,0,1,1,1,0,3,1,0,1,0,0000000,19,3,19,11,19,35,0,0,0,1,0
37,371124,2,2,0,3,35,0,23,12,2010,5,11,4,0,3,3,SR-16,,99999,35.60469444,-81.111180560,0,12,6,0,8,1,1,0,1,1,0,1,0,0000000,11,5,11,13,12,0,0,0,0,2,0
37,371125,1,1,1,1,47,0,25,12,2010,7,9,8,0,5,4,RP-1410,,99999,34.31334722,-78.923227780,0,8,0,0,1,1,1,0,1,1,0,1,0,0000000,99,99,99,99,88,88,0,0,0,1,0
37,371126,3,1,0,2,51,0,5,12,2010,1,1,51,0,6,4,RP-2238,,99999,34.93770833,-78.883519440,0,34,0,0,1,1,4,0,2,1,0,1,0,0000000,1,53,1,55,2,28,14,0,0,1,1
37,371127,2,2,0,2,51,0,16,12,2010,5,7,59,0,5,4,RP-1607,,99999,35.22904444,-78.875158330,0,12,6,0,1,1,1,0,1,4,0,4,0,0000000,7,21,8,0,88,88,0,0,0,1,0
37,371128,1,1,1,1,57,4590,8,12,2010,4,11,39,0,14,6,MAIN STREET,,99999,35.87895000,-80.096952780,0,8,0,0,1,1,1,0,1,1,0,1,0,0000000,11,35,11,37,11,58,0,0,0,1,0
37,371129,1,1,0,2,57,0,26,12,2010,1,10,0,1,1,1,I-85,,99999,35.82421667,-80.166591670,0,42,0,0,1,1,4,0,1,4,0,4,0,0000000,10,0,10,15,10,38,0,0,0,1,0
37,371130,2,2,0,5,57,0,28,12,2010,3,15,45,0,6,4,RP-2380,,99999,35.70191667,-80.210538890,0,12,2,0,1,1,1,0,1,1,0,1,0,0000000,15,40,15,54,17,0,0,0,0,1,0
37,371131,1,1,0,1,59,0,17,12,2010,6,21,44,0,6,4,RP-1150,,99999,35.90075000,-80.685030560,0,42,0,0,1,1,4,0,2,1,0,1,0,0000000,99,99,99,99,99,99,0,0,0,1,0
37,371132,2,2,0,2,61,0,16,12,2010,5,9,20,0,4,3,SR-11,,99999,35.05562778,-77.754483330,0,12,6,0,1,1,1,0,1,2,0,2,0,0000000,8,50,9,7,10,28,0,0,0,1,0
37,371133,1,1,0,4,63,1360,11,12,2010,7,3,32,1,11,1,I-40,,99999,35.90458889,-78.883980560,0,59,0,0,1,1,4,0,2,1,0,1,0,0000000,3,22,3,31,3,52,0,0,0,1,1
37,371134,1,1,0,1,65,0,3,12,2010,6,20,29,0,6,4,RP-1223,,99999,35.90782222,-77.689497220,0,42,0,0,1,1,4,0,2,1,0,1,0,0000000,20,6,20,10,20,49,0,0,0,1,0
37,371135,1,1,0,1,65,0,31,12,2010,6,21,54,0,4,4,RP-1243,,99999,35.97121667,-77.724130560,0,59,0,0,1,1,4,0,2,1,0,1,0,0000000,21,44,21,52,88,88,0,0,0,1,1
37,371136,1,1,1,1,67,5120,29,12,2010,4,19,23,0,16,6,CHERRY STREET,,99999,36.16406667,-80.273730560,0,8,0,0,1,1,2,0,2,1,0,1,0,0000000,99,99,99,99,99,99,0,0,0,1,0
37,371137,1,1,0,2,71,1800,10,12,2010,6,20,54,0,14,6,FRANKLIN BLVD,,99999,35.25697500,-81.258530560,0,30,0,0,8,1,5,0,3,10,0,10,0,0000000,20,56,21,2,21,35,0,0,0,1,1
37,371138,1,1,1,1,73,0,21,12,2010,3,17,50,0,6,4,RP-1322,,99999,36.45482500,-76.620991670,0,8,0,0,1,1,1,0,2,1,0,1,0,0000000,99,99,99,99,88,88,0,0,0,1,1
37,371139,2,2,0,2,81,2170,3,12,2010,6,8,8,0,14,6,HARTLEY DRIVE,JOHNSON STREET,99999,35.99240556,-80.012136110,0,12,6,0,2,2,1,0,1,1,0,1,0,0000000,8,7,8,12,8,38,0,0,0,1,0
37,371140,2,2,0,2,81,2170,10,12,2010,6,17,0,0,3,6,SANDY RIDGE ROAD,JOHN KNOX DRIVE,99999,36.06307222,-80.008647220,0,12,6,0,2,3,1,0,5,1,0,1,0,0000000,17,0,17,8,88,88,0,0,0,1,0
37,371141,1,1,1,1,81,1940,28,12,2010,3,17,59,1,11,1,I-40,,99999,36.04145556,-79.778186110,0,8,0,0,1,1,1,0,2,1,0,1,0,0000000,17,58,18,1,18,28,0,0,0,1,0
37,371142,1,1,0,1,85,0,16,12,2010,5,8,15,0,5,4,RP-2045,,99999,35.25991667,-78.869561110,0,34,0,0,1,1,4,0,1,2,0,2,0,0000000,99,99,99,99,99,99,0,0,0,1,0
37,371143,2,2,0,2,85,0,18,12,2010,7,7,18,0,4,3,SR-55,,99999,35.39394722,-78.671208330,0,12,2,0,1,1,1,0,1,10,0,10,0,0000000,99,99,99,99,99,99,0,0,0,1,0
37,371144,1,1,0,1,101,0,21,12,2010,3,14,24,0,6,4,RP-2530,,99999,35.40751944,-78.192958330,0,34,0,0,1,1,4,0,1,10,0,10,0,0000000,99,99,99,99,99,99,0,0,0,1,0
37,371145,1,1,0,2,101,0,26,12,2010,1,21,9,1,1,2,US-70,,99999,35.59115556,-78.398694440,0,57,0,0,1,1,3,0,2,1,0,1,0,0000000,21,6,21,18,21,50,0,0,0,1,0
37,371146,1,1,1,1,105,0,26,12,2010,1,18,54,0,6,4,RP-1170,,99999,35.33585278,-79.189538890,0,8,0,0,1,1,1,0,2,10,0,10,0,0000000,18,27,18,40,19,7,0,0,0,1,0
37,371147,2,2,0,3,105,0,31,12,2010,6,19,31,0,5,4,RP-1146,,99999,35.39150000,-79.145077780,0,12,1,0,1,1,1,0,2,1,0,1,0,0000000,19,31,19,48,20,1,0,0,0,1,0
37,371148,2,2,0,2,107,0,24,12,2010,6,15,24,0,4,4,RP-1603,,99999,35.30531944,-77.789383330,0,12,6,0,1,1,1,0,1,1,0,1,0,0000000,15,24,15,28,99,99,0,0,0,1,1
37,371149,1,1,0,1,111,0,22,12,2010,4,13,50,1,2,2,US-221,,99999,35.72540278,-82.043580560,0,43,0,0,1,1,4,0,1,1,0,1,0,0000000,13,46,13,56,14,26,0,0,0,1,0
37,371150,2,2,0,3,119,870,23,12,2010,5,2,10,0,14,6,PARK RD,,99999,35.19850000,-80.852508330,0,12,2,0,1,1,1,0,3,1,0,1,0,0000000,99,99,99,99,99,99,0,0,0,1,2
37,371151,1,1,0,3,119,870,26,12,2010,1,3,16,1,11,1,I-85,,99999,35.27645556,-80.805130560,0,30,0,0,1,1,4,0,3,4,0,4,0,0000000,3,28,3,51,4,53,0,0,0,1,1
37,371152,1,1,0,1,125,0,16,12,2010,5,17,20,0,6,4,RP-1461,,99999,35.50511944,-79.541186110,0,42,0,0,1,1,4,0,5,10,0,10,0,0000000,16,59,17,8,88,88,0,0,0,1,1
37,371153,3,3,0,6,129,5060,5,12,2010,1,11,53,1,13,6,MARTIN LUTHER KING,N KERR AVE,99999,34.25395278,-77.889547220,0,12,6,0,2,2,1,0,1,1,0,1,0,0000000,11,54,11,56,12,13,14,0,0,1,0
37,371154,1,1,1,1,129,5060,24,12,2010,6,17,30,1,13,6,CAROLINA BEACH RD,,99999,34.19078889,-77.934952780,0,8,0,0,1,1,1,0,3,1,0,1,0,0000000,17,26,17,32,88,88,0,0,0,1,0
37,371155,1,1,0,2,133,0,26,12,2010,1,8,45,0,4,3,SR-210,,99999,34.44691111,-77.511033330,0,34,0,0,1,1,4,0,1,4,0,4,0,0000000,8,49,8,55,9,57,0,0,0,1,0
37,371156,2,2,0,2,133,0,22,12,2010,4,13,7,1,2,2,US-17,,99999,34.47635000,-77.576180560,0,59,0,0,1,1,4,0,1,1,0,1,0,0000000,13,8,13,18,14,0,0,0,0,1,0
37,371157,1,1,0,3,135,0,3,12,2010,6,4,6,1,1,1,I-40,,99999,35.95188611,-79.003372220,0,1,0,0,1,1,1,0,2,1,0,1,0,0000000,99,99,99,99,99,99,0,0,0,1,0
37,371158,2,2,0,5,153,0,11,12,2010,7,0,55,0,6,4,RP-1424,,99999,34.96910833,-79.742461110,0,12,2,0,1,1,1,0,2,1,0,1,0,0000000,0,50,1,1,1,17,0,0,0,1,0
37,371159,2,2,0,2,153,0,19,12,2010,1,15,36,1,2,2,US-1,,99999,34.95525278,-79.712763890,0,12,2,0,1,1,1,0,1,1,0,1,0,0000000,15,33,15,44,88,88,0,0,0,2,0