STATE,ST_CASE,VE_TOTAL,VE_FORMS,PEDS,PERSONS,COUNTY,CITY,DAY,MONTH,YEAR,DAY_WEEK,HOUR,MINUTE,NHS,ROAD_FNC,ROUTE,TWAY_ID,TWAY_ID2,MILEPT,LATITUDE,LONGITUD,SP_JUR,HARM_EV,MAN_COLL,RELJCT1,RELJCT2,TYP_INT,REL_ROAD,WRK_ZONE,LGT_COND,WEATHER1,WEATHER2,WEATHER,SCH_BUS,RAIL,NOT_HOUR,NOT_MIN,ARR_HOUR,ARR_MIN,HOSP_HR,HOSP_MN,CF1,CF2,CF3,FATALS,DRUNK_DR
37,371160,1,1,0,1,155,0,16,12,2010,5,8,36,0,4,3,SR-71,,99999,34.82556944,-79.180613890,0,35,0,0,1,1,4,0,1,3,0,3,0,0000000,99,99,99,99,88,88,0,0,0,1,0
37,371161,1,1,0,1,155,0,18,12,2010,7,21,10,0,5,4,RP-2225,,99999,34.41703611,-79.070491670,0,34,0,0,1,1,4,0,2,10,0,10,0,0000000,21,18,21,33,22,28,0,0,0,1,1
37,371162,1,1,0,2,155,0,25,12,2010,7,5,12,0,6,4,RP-1758,,99999,34.72383611,-79.070405560,0,34,0,0,1,1,4,0,2,1,0,1,0,0000000,99,99,99,99,99,99,0,0,0,1,1
37,371163,1,1,0,1,155,0,28,12,2010,3,20,2,0,6,4,RP-1188,,99999,34.67924167,-79.298458330,0,11,0,0,1,1,1,0,2,1,0,1,0,0000000,19,59,20,7,21,24,0,0,0,1,0
37,371164,2,2,0,3,159,0,17,12,2010,6,8,6,0,5,4,RP-1360,,99999,35.53809444,-80.683850000,0,12,2,0,1,1,1,0,1,1,0,1,0,0000000,99,99,99,99,99,99,0,0,0,1,0
37,371165,1,1,0,1,163,0,19,12,2010,1,1,51,0,6,4,RP-1805,,99999,35.18201667,-78.396550000,0,32,0,0,1,1,4,0,2,10,0,10,0,0000000,1,32,1,47,88,88,0,0,0,1,1
37,371166,1,1,0,3,163,0,16,12,2010,5,9,55,0,5,4,RP-1200,,99999,34.77729167,-78.445044440,0,1,0,0,1,1,4,0,1,10,3,3,0,0000000,9,57,10,12,99,99,0,0,0,1,0
37,371167,1,1,0,3,163,0,24,12,2010,6,22,50,0,6,4,RP-1101,,99999,34.58411111,-78.242655560,0,34,0,0,1,1,4,0,2,1,0,1,0,0000000,22,50,23,4,99,99,0,0,0,1,1
37,371168,1,1,0,4,175,0,17,12,2010,6,22,55,0,4,4,RP-1528,,99999,35.23776667,-82.597702780,0,5,0,0,1,1,1,0,2,1,0,1,0,0000000,22,59,23,13,88,88,0,0,0,1,0
37,371169,3,3,0,3,183,3750,9,12,2010,5,7,51,1,11,1,I-540,,99999,35.90796111,-78.767852780,0,12,6,0,1,1,1,0,1,1,0,1,0,0000000,99,99,99,99,99,99,0,0,0,1,0
37,371170,3,3,0,4,183,0,15,12,2010,4,10,50,0,3,4,RP-1007,RP-2251,99999,35.75466111,-78.536452780,0,12,2,0,2,3,1,0,1,1,0,1,0,0000000,99,99,99,99,99,99,0,0,0,1,0
37,371171,1,1,0,3,193,0,27,12,2010,2,12,13,0,5,4,RP-1541,,99999,36.24510278,-81.211108330,0,1,0,0,1,1,4,0,1,4,0,4,0,0000000,12,15,12,27,99,99,0,0,0,1,0
37,371172,1,1,1,1,195,5070,30,12,2010,5,17,59,0,14,6,AIRPORT BOVD,,99999,99.99990000,999.999900000,0,8,0,0,1,1,1,0,3,1,0,1,0,0000000,17,59,18,7,18,31,0,0,0,1,0
37,371173,1,1,0,1,65,0,17,6,2010,5,15,44,0,4,4,RP-1617,,99999,35.71271944,-77.630080560,0,7,0,0,1,1,1,0,1,1,0,1,0,0000000,15,47,15,59,99,99,0,0,0,1,0
37,371174,2,2,0,4,123,740,16,7,2010,6,11,27,0,16,6,N MAIN ST,VIVIAN ST,99999,35.29978611,-79.746063890,0,12,6,0,2,9,1,0,1,1,0,1,0,0000000,11,28,11,43,12,14,0,0,0,1,0
37,371175,1,1,0,1,127,0,4,7,2010,1,2,38,0,4,4,RP-1609,,99999,99.99990000,999.999900000,0,11,0,0,1,1,1,0,2,1,0,1,0,0000000,2,33,2,57,3,10,0,0,0,1,1
37,371176,1,1,0,1,39,0,20,8,2010,6,23,35,0,4,2,US-19,,99999,35.05726111,-84.066180560,0,42,0,0,1,1,3,0,2,2,0,2,0,0000000,99,99,99,99,88,88,0,0,0,1,0
37,371177,2,2,0,4,49,0,13,8,2010,6,16,16,0,4,3,SR-43,,99999,35.11008056,-77.099819440,0,12,6,0,1,1,1,0,1,10,2,2,0,0000000,16,14,16,17,16,45,0,0,0,2,0
37,371178,2,2,0,3,85,1350,29,8,2010,1,16,24,0,2,3,SR-1808,LAKESHORE DR,99999,35.31526389,-78.595419440,0,12,1,0,2,3,1,0,1,1,0,1,0,0000000,16,25,16,28,16,49,0,0,0,1,0
37,371179,1,1,0,1,119,870,28,8,2010,7,1,16,0,16,6,COLUMBUS CIR,,99999,35.23054722,-80.879544440,0,7,0,0,1,1,4,0,3,1,0,1,0,0000000,1,16,1,20,1,45,0,0,0,1,1
37,371180,1,1,1,1,51,1670,2,9,2010,5,20,18,0,16,6,CEDAR CREEK RD,,99999,34.85086111,-78.732747220,0,8,0,0,1,1,1,0,3,1,0,1,0,0000000,20,14,20,25,88,88,0,0,0,1,0
37,371181,2,2,0,4,51,1670,18,9,2010,7,2,58,0,16,6,ALL AMERICAN FREEWAY,,99999,35.04658056,-78.941575000,0,12,1,0,1,1,1,0,2,1,0,1,0,0000000,99,99,99,99,88,88,0,0,0,2,1
37,371182,1,1,1,1,77,4500,26,9,2010,1,2,21,1,2,2,US-15,,99999,36.12255556,-78.689747220,0,8,0,0,1,1,1,0,2,1,0,1,0,0000000,2,11,2,12,88,88,0,0,0,1,1
37,371183,1,1,0,1,163,0,12,9,2010,1,7,43,0,4,4,RP-1903,,99999,35.05691111,-78.201713890,0,34,0,0,1,1,4,0,2,10,0,10,0,0000000,7,43,7,58,9,33,0,0,0,1,0
37,371184,1,1,1,1,183,800,28,9,2010,3,13,29,0,16,6,KILDARE FARM RD,,99999,35.69522500,-78.796691670,0,8,0,0,1,1,5,0,1,1,0,1,0,0000000,99,99,99,99,99,99,0,0,0,1,0
37,371185,1,1,0,1,189,0,3,9,2010,6,18,30,0,4,4,RP-1526,,99999,36.11936389,-81.542330560,0,1,0,0,1,1,1,0,1,1,0,1,0,0000000,99,99,99,99,99,99,0,0,0,1,0
37,371186,2,2,0,2,27,0,14,10,2010,5,6,25,1,2,2,US-321,,99999,35.88272222,-81.515122220,0,12,2,0,1,1,1,0,2,2,0,2,0,0000000,99,99,99,99,99,99,0,0,0,1,0
37,371187,3,3,0,3,51,1670,21,10,2010,5,21,54,0,16,6,BRAGG BLVD,,99999,35.06885278,-78.907841670,0,12,1,0,1,1,1,0,3,1,0,1,0,0000000,21,55,22,5,99,99,0,0,0,1,0
37,371188,1,1,1,1,55,1324,13,10,2010,4,19,32,0,16,6,COOK DR,,99999,36.17106944,-75.756311110,0,8,0,0,1,1,1,0,6,1,0,1,0,0000000,19,29,19,42,88,88,0,0,0,1,0
37,371189,2,2,0,2,71,890,12,10,2010,3,10,38,0,16,6,PINK ST,FIRST ST,99999,35.38114167,-81.376677780,0,12,6,0,2,2,1,0,1,1,0,1,0,0000000,10,40,10,50,11,6,0,0,0,1,0
37,371190,1,1,0,4,81,2170,2,10,2010,7,2,54,0,16,6,N SCIENTIFIC ST,,99999,35.97911667,-79.953516670,0,30,0,0,1,1,4,0,3,1,0,1,0,0000000,2,57,3,8,3,43,0,0,0,1,1
37,371191,1,1,1,1,97,4430,13,10,2010,4,5,15,0,16,6,GARNER BAGNAL BLVD,,99999,35.76977500,-80.856713890,0,8,0,0,1,1,1,0,3,10,0,10,0,0000000,5,34,5,41,88,88,0,0,0,1,0
37,371192,1,1,1,1,119,870,14,10,2010,5,6,55,0,16,6,QUEEN CITY DRIVE,,99999,35.24057222,-80.919541670,0,8,0,0,1,1,1,0,2,10,0,10,0,0000000,99,99,99,99,88,88,0,0,0,1,0
37,371193,1,1,0,4,121,0,15,10,2010,6,20,36,0,4,4,RP-1114,,99999,35.86902222,-82.046586110,0,42,0,0,1,1,4,0,2,1,0,1,0,0000000,19,51,20,11,20,29,0,0,0,2,0
37,371194,1,1,1,2,161,1680,15,10,2010,6,22,8,0,6,6,OAK STREET,HARDIN ROAD,99999,35.33339722,-81.881297220,0,8,0,0,3,2,1,0,2,1,0,1,0,0000000,22,12,22,17,99,99,0,0,0,1,0
37,371195,2,2,0,3,167,2690,20,10,2010,4,18,40,0,4,3,SR-200,MEADOWCREEK ROAD,99999,35.28614167,-80.426841670,0,12,6,0,2,2,1,0,5,10,0,10,0,0000000,18,41,18,58,20,1,0,0,0,1,0
37,371196,2,2,0,2,171,3580,10,10,2010,1,11,56,1,13,2,US-52,,99999,36.39392778,-80.475152780,0,12,1,0,1,1,1,0,1,1,0,1,0,0000000,11,56,12,1,88,88,0,0,0,1,0
37,371197,2,2,0,2,171,0,16,10,2010,7,9,28,0,4,4,RP-1780,,99999,36.49411389,-80.528594440,0,12,2,0,1,1,1,0,1,1,0,1,0,0000000,9,14,9,24,10,21,0,0,0,1,0
37,371198,1,1,0,1,173,0,15,10,2010,6,19,49,1,2,2,US-74,,99999,35.42560278,-83.408975000,0,24,0,0,1,1,3,0,2,1,0,1,0,0000000,99,99,99,99,88,88,0,0,0,1,1
37,371199,2,2,0,2,193,3370,8,10,2010,6,13,0,0,4,3,SR-18,JOLLY STREET,99999,36.18711111,-81.149936110,0,12,1,0,3,2,1,0,1,1,0,1,0,0000000,13,4,13,5,88,88,0,0,0,1,0
37,371200,2,2,0,2,1,0,18,11,2010,5,19,7,0,4,3,SR-87,,99999,36.20553333,-79.508872220,0,34,0,0,1,1,4,0,2,1,0,1,0,0000000,18,24,18,31,99,99,0,0,0,1,0
37,371201,1,1,1,2,51,1670,17,11,2010,4,20,19,0,16,6,WALNUT DRIVE,,99999,35.03565278,-78.965200000,0,8,0,0,1,1,1,0,2,1,0,1,0,0000000,20,23,20,28,21,18,0,0,0,1,0
37,371202,1,1,0,1,81,0,13,11,2010,7,23,19,0,6,4,RP-2770,,99999,36.12255556,-79.676563890,0,53,0,0,1,1,4,0,2,1,0,1,0,0000000,23,0,23,9,23,32,0,0,0,1,1
37,371203,3,3,0,4,111,2900,24,11,2010,4,19,37,1,13,2,US-70,CHURCH STREET,99999,35.69280000,-81.992205560,0,12,6,0,3,2,1,0,2,10,0,10,0,0000000,19,35,19,35,20,55,14,0,0,1,1
37,371204,2,2,1,2,119,870,23,11,2010,3,18,41,0,16,6,BROOKSHIRE BLVD,,99999,35.26154167,-80.877741670,0,8,0,0,1,1,1,0,3,2,5,2,0,0000000,99,99,99,99,88,88,14,0,0,1,0
37,371205,1,1,0,1,125,4270,5,11,2010,6,2,51,0,16,6,MAY STREET,,99999,35.16698611,-79.397566670,0,30,0,0,1,1,4,0,2,1,0,1,0,0000000,99,99,99,99,88,88,0,0,0,1,1
37,371206,3,3,0,3,135,0,22,11,2010,2,18,8,0,4,3,SR-57,,99999,36.15010833,-79.062766670,0,12,8,0,1,1,1,0,2,1,0,1,0,0000000,18,3,18,12,18,39,0,0,0,1,0
37,371207,2,2,0,2,147,1950,2,11,2010,3,15,52,1,13,2,US-264,,99999,35.58075556,-77.377266670,0,12,6,0,8,1,1,0,1,1,0,1,0,0000000,99,99,99,99,99,99,0,0,0,1,0
37,371208,1,1,0,4,147,1950,20,11,2010,7,6,31,1,13,2,US-264,,99999,35.59047222,-77.365369440,0,43,0,0,1,1,4,0,4,1,0,1,0,0000000,99,99,99,99,99,99,0,0,0,2,0
37,371209,1,1,0,1,183,0,8,11,2010,2,16,16,0,6,4,RP-2756,,99999,35.56787500,-78.722211110,0,1,0,0,1,1,4,0,1,1,0,1,0,0000000,16,11,16,20,17,5,0,0,0,1,0
37,371210,2,2,0,2,25,1040,20,12,2010,2,18,31,1,11,1,I-85,,99999,35.39667778,-80.700288890,0,12,7,1,5,1,1,0,2,1,0,1,0,0000000,18,19,18,27,99,99,0,0,0,1,0
37,371211,2,2,0,3,31,3120,3,12,2010,6,10,7,0,16,6,BRIDGES STREET,FRIENDLY ROAD,99999,34.72849444,-76.768519440,0,12,6,0,2,2,1,0,1,1,0,1,0,0000000,10,8,10,12,10,29,0,0,0,1,0
37,371212,2,2,0,2,47,0,30,12,2010,5,18,3,0,5,4,RP-1002,RP-1534,99999,34.41020556,-78.800580560,0,12,6,0,2,2,1,0,2,1,0,1,0,0000000,99,99,99,99,99,99,0,0,0,1,0
37,371213,5,5,0,8,51,4374,30,12,2010,5,14,26,0,4,3,SR-210,,99999,35.18272778,-78.964469440,0,12,2,0,1,1,1,0,1,1,0,1,0,0000000,14,26,14,34,15,8,0,0,0,1,1
37,371214,1,1,0,1,57,0,30,12,2010,5,6,34,1,2,2,US-64,,99999,35.85709167,-80.386147220,0,31,0,0,1,1,4,0,2,10,0,10,0,0000000,6,39,7,13,88,88,0,0,0,1,0
37,371215,1,1,0,1,59,0,16,12,2010,5,7,40,0,6,4,RP-1606,,99999,35.88329444,-80.507538890,0,42,0,0,1,1,4,0,1,3,0,3,0,0000000,7,39,7,56,8,48,0,0,0,1,0
37,371216,1,1,0,4,85,1350,11,12,2010,7,21,55,0,5,6,MEADOWLARK ROAD,,99999,35.33582778,-78.610513890,0,42,0,0,1,1,4,0,3,2,0,2,0,0000000,21,57,22,1,22,22,0,0,0,1,0
37,371217,2,2,0,3,117,0,30,12,2010,5,18,12,0,4,3,SR-125,,99999,35.83295833,-77.093563890,0,12,6,0,8,1,1,0,2,10,0,10,0,0000000,99,99,99,99,88,88,0,0,0,2,0
37,371218,2,2,0,3,127,3930,30,12,2010,5,14,58,0,6,6,WESLEYAN BLVD,CHURCH STREET,99999,35.98970833,-77.782172220,0,12,6,1,2,2,1,0,1,1,0,1,0,0000000,14,58,15,5,15,49,0,0,0,1,0
37,371219,1,1,0,3,133,0,17,12,2010,6,18,43,0,5,4,RP-1107,,99999,34.68982778,-77.497527780,0,42,0,0,1,1,5,0,2,1,0,1,0,0000000,18,43,18,45,19,17,0,0,0,1,0
37,371220,1,1,1,1,133,2330,23,12,2010,5,2,37,0,4,3,SR-24,LEJEUNE BLVD,99999,34.74471667,-77.391213890,0,8,0,0,3,3,1,0,3,1,0,1,0,0000000,2,38,2,46,2,56,0,0,0,1,1
37,371221,2,2,0,2,165,2560,14,12,2010,3,16,35,1,13,2,US-401,KING STREET,99999,34.78577778,-79.468241670,0,12,6,0,2,2,1,0,1,1,0,1,0,0000000,16,38,16,41,17,4,0,0,0,1,1
37,371222,1,1,1,1,183,5230,6,12,2010,2,5,30,0,6,6,GANNON AVE,,99999,35.82035278,-78.328036110,0,8,0,0,1,1,1,0,3,1,0,1,0,0000000,99,99,99,99,88,88,0,0,0,1,0
37,371223,1,1,0,1,37,0,25,11,2010,5,11,13,1,2,2,US-421,,99999,35.55850278,-79.291936110,0,24,0,0,1,1,5,0,1,1,0,1,0,0000000,11,5,11,18,88,88,0,0,0,1,1
37,371224,2,2,0,3,71,430,27,5,2010,5,15,30,0,16,6,COSTNER SCHOOL RD,TONCIN DRIVE,99999,35.29276389,-81.264530560,0,12,6,0,2,8,1,0,1,1,0,1,0,0000000,99,99,99,99,99,99,0,0,0,1,0
38,380001,1,1,0,1,15,0,10,1,2010,1,7,43,1,1,1,I-94,,163,46.83860000,-100.699100000,0,35,0,0,1,1,3,0,1,1,0,1,0,0000000,7,44,7,54,88,88,0,0,0,1,0
38,380002,2,2,0,4,17,0,14,1,2010,5,0,1,1,1,1,I-94,,315,46.87560000,-97.558200000,0,1,0,0,1,1,3,0,2,1,0,1,0,0000000,0,7,0,30,1,39,0,0,0,1,0
38,380003,2,2,0,4,61,0,14,1,2010,5,7,52,0,2,3,SR-23,,5545,47.97780000,-102.364000000,3,12,2,0,1,1,1,0,4,5,0,5,0,0000000,8,0,8,6,9,36,0,0,0,1,0
38,380004,2,2,0,2,105,3350,29,1,2010,6,5,53,0,14,6,26 ST E,1 AVE E,0,48.16873056,-103.621400000,0,12,2,0,2,2,1,0,2,10,0,10,0,0000000,5,55,6,0,88,88,0,0,0,1,0
38,380005,1,1,0,3,17,0,3,2,2010,4,23,7,1,1,1,I-29,,540,46.72016944,-96.830230560,0,1,0,0,1,1,4,0,2,10,0,10,0,0000000,23,9,23,21,88,88,0,0,0,1,0
38,380006,1,1,0,3,101,0,6,2,2010,7,16,41,1,2,2,US-2,,1158,48.32740000,-101.838100000,0,1,0,0,1,1,3,0,1,10,0,10,0,0000000,16,47,17,10,18,1,0,0,0,1,1
38,380007,2,2,0,3,53,0,12,2,2010,6,10,0,0,2,3,SR-23,,422,47.98160000,-102.645300000,3,12,2,0,1,1,1,0,1,5,0,5,0,0000000,10,5,10,47,12,50,0,0,0,2,1
38,380008,2,2,0,2,53,0,18,2,2010,5,7,40,0,4,3,SR-58,,20,47.89226111,-104.033488890,0,12,2,0,1,1,1,0,1,5,0,5,0,0000000,7,47,8,0,99,99,0,0,0,1,0
38,380009,1,1,0,1,89,0,6,3,2010,7,5,0,0,6,5,42 ST SW,,0,46.80367222,-102.744869440,0,1,0,0,1,1,4,0,4,2,0,2,0,0000000,6,18,6,31,88,88,0,0,0,1,1
38,380010,1,1,0,2,1,0,9,3,2010,3,16,38,1,2,2,US-12,,768,46.00307222,-102.575269440,0,1,0,0,1,1,4,0,5,11,0,11,0,0000000,16,38,16,45,16,55,0,0,0,1,0
38,380011,1,1,0,1,77,0,14,3,2010,1,3,5,0,6,4,CR-81,,0,46.49068056,-96.753672220,0,35,0,0,1,1,4,0,2,5,0,5,0,0000000,3,8,3,38,88,88,0,0,0,1,1
38,380012,1,1,0,2,93,0,16,3,2010,3,7,10,1,1,1,I-94,,2637,46.89248889,-98.601866670,0,1,0,0,1,1,4,0,4,1,0,1,0,0000000,7,35,7,50,88,88,0,0,0,2,0
38,380013,1,1,0,1,77,0,19,3,2010,6,18,30,0,6,4,CR-8,,0,46.38385556,-96.970480560,0,31,0,0,1,1,4,0,1,1,0,1,0,0000000,88,88,88,88,88,88,0,0,0,1,0
38,380014,2,2,0,2,53,0,23,3,2010,3,23,36,1,2,3,SR-200,,170,47.87735278,-103.682013890,0,12,2,0,1,1,1,0,2,1,0,1,0,0000000,23,46,0,14,0,52,0,0,0,1,1
38,380015,1,1,0,1,43,0,10,4,2010,7,2,36,0,4,4,28 AVE SE,,0,46.73580000,-99.912100000,0,35,0,0,1,1,4,0,2,1,0,1,0,0000000,2,42,2,53,88,88,0,0,0,1,1
38,380016,1,1,0,2,5,0,10,4,2010,7,3,56,0,2,3,SR-57,,71,47.99480000,-98.980450000,3,1,0,0,1,1,2,0,2,99,0,99,0,0000000,4,33,4,41,88,88,0,0,0,1,1
38,380017,1,1,0,1,3,3160,17,4,2010,7,22,0,0,6,5,S FRONTAGE ROAD,,0,46.91636111,-97.969519440,0,1,0,0,1,1,4,0,3,1,0,1,0,0000000,21,48,21,53,22,9,0,0,0,1,1
38,380018,2,2,0,3,35,1280,18,4,2010,1,12,30,1,13,2,US-81,I-29 EXIT 145,9492,47.98700000,-97.096100000,0,12,6,1,2,3,1,0,1,1,0,1,0,0000000,13,6,13,13,13,44,0,0,0,1,0
38,380019,2,2,0,3,99,0,18,4,2010,1,14,35,0,3,3,SR-18,2 ST,2070,48.53480000,-97.622800000,0,12,6,0,2,3,1,0,1,1,0,1,0,0000000,14,35,14,52,15,28,0,0,0,1,0
38,380020,2,2,0,4,17,0,18,4,2010,1,18,11,0,4,4,174ST AVE SE,52ND ST SE,0,46.65920000,-96.820500000,0,12,6,0,2,2,1,0,1,1,0,1,0,0000000,18,1,18,17,88,88,0,0,0,2,0
38,380021,2,2,0,7,5,0,21,4,2010,4,21,30,0,6,4,77 1/2 AVE NE,,0,47.97473056,-98.888950000,3,12,6,0,1,1,1,0,2,99,0,99,0,0000000,21,36,21,42,22,27,0,0,0,1,2
38,380022,1,1,0,1,49,0,24,4,2010,7,1,30,0,4,4,9TH AVE NE,,0,48.39166111,-100.385511110,0,35,0,0,1,1,4,0,2,1,0,1,0,0000000,6,20,6,30,88,88,0,0,0,1,1
38,380023,1,1,0,4,79,0,24,4,2010,7,2,40,0,6,4,38 1/2 AVE NE,,0,48.79746111,-99.860150000,3,1,0,0,1,1,4,0,2,1,0,1,0,0000000,2,41,2,50,3,9,0,0,0,1,1
38,380024,2,1,0,3,53,3280,27,4,2010,3,0,40,0,6,6,3 AVE NE,4TH ST NE,0,47.80320000,-103.278000000,0,33,0,0,3,1,4,0,3,1,0,1,0,0000000,1,47,1,56,2,7,14,0,0,1,1
38,380025,1,1,0,1,17,0,5,3,2010,6,11,8,0,4,4,44 ST SE,,0,46.77553056,-96.979300000,0,1,0,0,1,1,4,0,1,10,0,10,0,0000000,11,12,11,28,11,50,0,0,0,1,0
38,380026,3,3,0,4,5,0,19,5,2010,4,21,30,0,2,3,SR-57,,75,47.99560000,-98.971000000,3,12,8,0,1,1,1,0,2,1,0,1,0,0000000,21,39,21,52,22,19,0,0,0,1,0
38,380027,1,1,0,1,59,0,20,5,2010,5,1,5,0,3,3,SR-1806,,763,46.86140000,-100.897700000,0,1,0,0,1,1,4,0,2,1,0,1,0,0000000,1,11,1,15,88,88,0,0,0,1,1
38,380028,1,1,0,1,57,0,31,5,2010,2,19,40,0,2,3,SR-200,,1761,47.50480000,-101.428700000,0,57,0,0,1,1,4,0,1,1,0,1,0,0000000,88,88,88,88,88,88,0,0,0,1,0
38,380029,1,1,0,4,5,0,28,5,2010,6,6,23,0,6,4,83 AVE NE,,0,47.90778056,-98.800361110,3,1,0,0,1,1,4,0,4,1,0,1,0,0000000,6,38,7,3,7,47,0,0,0,1,1
38,380030,2,2,0,3,15,0,3,6,2010,5,15,5,0,4,3,SR-1804,,692,46.69560000,-100.711300000,0,12,2,0,1,1,1,0,1,1,0,1,0,0000000,15,6,15,18,15,51,0,0,0,3,1
38,380031,3,3,0,7,35,1280,5,6,2010,7,1,39,0,14,6,17 AVE S,COLUMBIA RD,0,47.90400000,-97.066500000,0,12,6,0,2,2,1,0,3,1,0,1,0,0000000,1,42,1,45,1,58,20,0,0,2,1
38,380032,2,2,0,3,71,0,23,6,2010,4,6,50,0,3,3,SR-19,,1488,48.12180000,-99.009700000,0,12,2,0,1,1,1,0,1,1,0,1,0,0000000,6,52,7,0,7,37,0,0,0,1,0
38,380033,1,1,0,2,101,0,24,6,2010,5,20,15,1,2,2,US-2,,1577,48.23980000,-101.069400000,0,1,0,0,1,1,4,0,1,10,0,10,0,0000000,20,20,20,31,20,54,0,0,0,1,0
38,380034,1,1,0,1,59,0,5,7,2010,2,22,0,0,3,3,SR-1806,,409,46.49950000,-100.604800000,0,1,0,0,1,1,1,0,2,1,0,1,0,0000000,22,6,22,32,23,35,0,0,0,1,0
38,380035,1,1,0,1,11,0,6,7,2010,3,12,50,0,2,3,SR-12,,357,46.17690000,-103.357600000,0,35,0,0,1,1,4,0,1,1,0,1,0,0000000,12,50,12,53,13,4,0,0,0,1,0
38,380036,1,1,1,1,101,0,16,7,2010,6,11,45,1,2,2,US-2,,1299,48.31280000,-101.590700000,0,9,0,0,1,1,1,0,1,1,0,1,0,0000000,11,52,12,6,88,88,0,0,0,1,0
38,380037,1,1,0,2,1,0,9,7,2010,6,21,30,0,4,4,2 ST NE,,0,46.10080000,-102.621700000,0,42,0,0,1,1,4,0,2,1,0,1,0,0000000,23,50,0,5,0,22,0,0,0,1,1
38,380038,2,2,0,2,89,0,10,7,2010,7,6,2,0,6,4,CR 4510,83RD AVE SW,0,46.86729167,-102.202077780,0,12,6,0,2,2,1,0,1,1,0,1,0,0000000,6,16,6,21,88,88,0,0,0,1,1
38,380039,2,2,0,2,31,0,15,7,2010,5,14,58,1,2,2,US-52,,2202,47.45754722,-99.169422220,0,12,2,0,1,1,1,0,1,1,0,1,0,0000000,14,49,15,5,88,88,0,0,0,2,1
38,380040,1,1,0,2,67,0,17,7,2010,7,15,25,0,6,4,108 1/2 ST NE,,0,48.97011389,-97.270802780,0,32,0,0,1,1,4,0,1,10,0,10,0,0000000,15,26,15,31,16,20,0,0,0,1,1
38,380041,2,2,0,2,99,0,22,7,2010,5,13,21,0,3,3,SR-17,,1204,48.41260000,-97.571300000,0,12,2,0,1,1,1,0,1,2,0,2,0,0000000,13,24,13,33,14,4,0,0,0,1,0
38,380042,2,2,0,2,15,370,21,7,2010,4,21,53,1,2,2,US-83,STATE ST,9016,46.81690000,-100.777000000,0,12,6,0,2,2,1,0,5,1,0,1,0,0000000,21,53,21,57,22,8,0,0,0,1,1
38,380043,2,2,0,5,87,0,16,7,2010,6,14,28,1,2,2,US-85,,301,46.34740000,-103.363100000,0,12,2,0,1,1,1,0,1,1,0,1,0,0000000,14,32,14,42,15,12,0,0,0,1,0
38,380044,2,2,1,3,79,0,31,7,2010,7,1,55,0,6,4,98 ST NE,,0,48.83396944,-99.667738890,3,8,0,0,1,1,1,0,2,1,0,1,0,0000000,3,5,3,14,88,88,0,0,0,1,0
38,380045,1,1,1,1,85,0,1,8,2010,1,4,24,0,3,3,SR-24,,61,46.04896944,-100.689600000,3,8,0,0,1,1,1,0,2,99,0,99,0,0000000,4,26,4,30,88,88,0,0,0,1,0
38,380046,2,2,0,2,91,0,8,8,2010,1,17,42,0,6,4,137 AVE NE,,0,47.47160000,-97.622700000,0,12,2,0,1,1,1,0,1,1,0,1,0,0000000,17,42,18,20,18,33,0,0,0,1,1
38,380047,1,1,0,1,61,0,9,8,2010,2,23,0,0,4,4,90 AVE NW,,0,48.25230000,-102.569100000,0,1,0,0,1,1,4,0,2,2,0,2,0,0000000,23,28,23,40,88,88,0,0,0,1,1
38,380048,1,1,0,1,5,0,13,8,2010,6,0,52,0,2,3,SR-20,,871,47.92110000,-98.802200000,3,1,0,0,1,1,4,0,2,98,0,98,0,0000000,0,55,1,7,1,35,0,0,0,1,0
38,380049,1,1,0,1,13,0,14,8,2010,7,21,45,0,4,3,SR-50,,654,48.57550000,-102.690200000,0,35,0,0,1,1,4,0,2,10,0,10,0,0000000,21,53,22,4,22,39,0,0,0,1,1
38,380050,1,1,0,1,105,0,22,8,2010,1,17,30,0,4,4,26 ST SE,,0,48.19510000,-103.609300000,0,1,0,0,1,1,4,0,1,1,0,1,0,0000000,17,34,99,99,88,88,0,0,0,1,1
38,380051,2,2,0,8,71,0,27,8,2010,6,15,45,1,2,2,US-2,,2754,48.05190000,-98.763100000,0,12,1,0,1,1,1,0,1,1,0,1,0,0000000,15,48,16,5,16,25,0,0,0,1,0
38,380052,2,2,0,9,35,0,28,8,2010,7,18,4,1,2,2,US-2,PARK ST NE,3374,47.93180000,-97.483500000,0,12,6,0,2,2,1,0,1,1,0,1,0,0000000,18,8,18,18,19,22,0,0,0,1,0
38,380053,2,2,0,5,61,0,2,9,2010,5,6,30,0,2,3,SR-23,73 AVE NW,654,47.97760000,-102.150300000,3,12,6,0,2,2,1,0,3,10,2,2,0,0000000,6,6,6,14,88,88,0,0,0,1,1
38,380054,4,4,0,6,17,0,6,9,2010,2,19,7,1,1,1,I-94,,3429,46.87750000,-96.964500000,0,12,6,0,1,1,1,0,5,2,0,2,0,0000000,19,10,19,17,19,48,0,0,0,1,0
38,380055,1,1,1,1,79,0,8,9,2010,4,2,53,1,2,2,US-281,,2458,48.80535000,-99.889288890,3,8,0,0,1,1,1,0,2,1,0,1,0,0000000,4,24,4,48,88,88,0,0,0,1,0