STATE,ST_CASE,VE_TOTAL,VE_FORMS,PEDS,PERSONS,COUNTY,CITY,DAY,MONTH,YEAR,DAY_WEEK,HOUR,MINUTE,NHS,ROAD_FNC,ROUTE,TWAY_ID,TWAY_ID2,MILEPT,LATITUDE,LONGITUD,SP_JUR,HARM_EV,MAN_COLL,RELJCT1,RELJCT2,TYP_INT,REL_ROAD,WRK_ZONE,LGT_COND,WEATHER1,WEATHER2,WEATHER,SCH_BUS,RAIL,NOT_HOUR,NOT_MIN,ARR_HOUR,ARR_MIN,HOSP_HR,HOSP_MN,CF1,CF2,CF3,FATALS,DRUNK_DR
38,380056,1,1,0,1,57,0,10,9,2010,6,7,24,0,6,4,CR-28,,0,47.42890000,-101.808200000,0,1,0,0,1,1,4,0,1,2,0,2,0,0000000,7,25,7,41,88,88,0,0,0,1,0
38,380057,1,1,0,2,35,1280,12,9,2010,1,3,30,0,16,6,17 ST S,,0,47.90840000,-97.051100000,0,33,0,0,1,1,5,0,2,1,0,1,0,0000000,3,28,3,32,3,50,0,0,0,1,1
38,380058,1,1,1,1,15,370,10,9,2010,6,14,28,0,14,6,3 ST S,,0,46.80110000,-100.787800000,0,15,0,0,1,1,1,0,1,10,0,10,0,0000000,14,29,14,32,14,42,0,0,0,1,0
38,380059,1,1,0,1,95,0,19,9,2010,1,3,10,0,6,4,73 AVE NE,,0,48.96150000,-99.110200000,0,1,0,0,1,1,4,0,2,99,0,99,0,0000000,8,41,9,6,88,88,0,0,0,1,1
38,380060,1,1,0,1,53,0,20,9,2010,2,21,15,0,4,3,SR-1806,,2939,48.03870000,-103.174700000,0,1,0,0,1,1,4,0,2,1,0,1,0,0000000,88,88,88,88,88,88,0,0,0,1,0
38,380061,1,1,0,2,93,0,26,9,2010,1,1,0,0,6,4,84 1/2 AVE SE,,0,46.94560000,-98.716300000,0,1,0,0,1,1,4,0,2,1,0,1,0,0000000,9,24,9,47,10,50,0,0,0,2,1
38,380062,2,2,0,4,55,0,27,9,2010,2,19,15,0,2,3,SR-200,13 AVE NW,2087,47.48700000,-100.822500000,0,12,6,0,2,2,1,0,1,1,0,1,0,0000000,19,18,19,25,19,52,0,0,0,1,0
38,380063,2,2,0,2,81,0,29,9,2010,4,7,10,0,3,3,SR-32,,251,46.28170000,-97.655200000,0,12,2,0,1,1,1,0,4,1,0,1,0,0000000,7,22,7,36,8,10,0,0,0,1,0
38,380064,1,1,0,2,25,0,30,9,2010,5,7,38,0,2,3,SR-200,,836,47.35750000,-103.006500000,0,1,0,0,1,1,4,0,1,1,0,1,0,0000000,7,40,7,58,88,88,0,0,0,2,0
38,380065,2,2,0,3,17,1020,30,9,2010,5,19,28,0,14,6,32 AVE S,28 ST S,0,46.83230000,-96.825700000,0,12,6,0,2,2,1,0,1,1,0,1,0,0000000,19,31,19,33,19,46,0,0,0,2,0
38,380066,1,1,0,5,53,0,1,10,2010,6,1,0,0,2,3,SR-22,,1449,47.82960000,-102.724700000,3,1,0,0,1,1,4,0,2,1,0,1,0,0000000,1,6,1,21,3,32,0,0,0,1,1
38,380067,1,1,0,1,11,0,2,10,2010,7,2,0,0,6,4,133 AVE SW,,0,45.96786944,-103.140738890,0,1,0,0,1,1,4,0,2,1,0,1,0,0000000,3,12,3,35,88,88,0,0,0,1,1
38,380068,1,1,0,1,69,0,2,10,2010,7,15,54,0,6,4,32 AVE NE,,0,48.27563889,-99.934319440,0,58,0,0,1,1,1,0,1,1,0,1,0,0000000,16,54,17,15,99,99,0,0,0,1,0
38,380069,1,1,0,1,53,0,3,10,2010,1,19,30,0,6,4,38 ST W,,0,47.95991111,-102.745930560,3,1,0,0,1,1,4,0,2,1,0,1,0,0000000,8,42,9,13,88,88,0,0,0,1,1
38,380070,1,1,0,1,15,0,4,10,2010,2,7,20,1,1,1,I-94,,1704,46.83705000,-100.539900000,0,24,0,1,19,1,4,0,4,1,0,1,0,0000000,7,20,7,35,8,3,0,0,0,1,0
38,380071,1,1,0,3,61,0,6,10,2010,4,22,50,0,3,3,SR-8,,1351,48.02160000,-102.343700000,0,1,0,0,1,1,4,0,2,1,0,1,0,0000000,22,52,23,3,99,99,0,0,0,2,1
38,380072,2,2,0,2,25,0,7,10,2010,5,11,20,0,2,3,SR-200,,1167,47.32200000,-102.335400000,0,12,1,0,1,1,1,0,1,1,0,1,0,0000000,88,88,88,88,88,88,0,0,0,1,0
38,380073,1,1,1,2,17,1020,8,10,2010,6,20,43,0,13,6,13 AVE S,,0,46.86140000,-96.849000000,0,8,0,0,1,1,1,0,3,1,0,1,0,0000000,20,45,20,48,88,88,0,0,0,1,0
38,380074,1,1,1,1,5,2795,11,10,2010,2,14,22,0,16,6,403 BELLILE ST,,0,47.98836111,-98.867150000,3,8,0,0,1,1,1,0,1,1,0,1,0,0000000,14,31,14,44,15,6,0,0,0,1,0
38,380075,1,1,0,1,17,1020,17,10,2010,1,1,50,1,12,2,US-81,,9248,46.84855000,-96.798500000,0,21,0,1,19,1,4,0,3,1,0,1,0,0000000,1,50,1,54,88,88,0,0,0,1,1
38,380076,1,1,0,4,17,1020,16,10,2010,7,1,7,0,16,6,11 AVE N,7 ST N,0,46.88830000,-96.789700000,0,42,0,0,3,2,4,0,3,1,0,1,0,0000000,1,9,1,14,1,36,0,0,0,1,1
38,380077,1,1,0,1,77,0,17,10,2010,1,4,18,0,3,3,SR-11,,1508,46.07800000,-97.197569440,0,1,0,0,1,1,2,0,2,1,0,1,0,0000000,4,20,4,28,88,88,0,0,0,1,1
38,380078,1,1,0,1,105,0,26,10,2010,3,12,55,0,6,4,54 ST NW,,0,48.19750000,-103.511100000,0,10,0,0,6,1,1,0,1,11,0,11,0,933989B,13,3,13,21,88,88,0,0,0,1,0
38,380079,2,2,0,3,25,0,28,10,2010,5,9,47,0,3,3,SR-22,,1017,47.31680000,-102.757800000,0,12,6,0,1,1,1,0,1,1,0,1,0,0000000,9,47,9,56,10,32,0,0,0,2,0
38,380080,1,1,0,1,13,0,31,10,2010,1,4,30,1,2,2,US-52,,101,48.89415000,-102.487100000,0,34,0,0,1,1,4,0,2,10,0,10,0,0000000,4,45,5,0,5,50,0,0,0,1,1
38,380081,1,1,0,2,69,0,1,11,2010,2,15,44,0,2,3,SR-3,,2087,48.45138889,-100.037361110,0,1,0,0,1,1,4,0,1,1,0,1,0,0000000,15,46,15,52,16,35,0,0,0,1,1
38,380082,2,2,0,1,77,0,1,11,2010,2,21,38,0,3,3,SR-18,,15,45.95770000,-97.103200000,0,12,1,0,1,1,1,0,2,1,0,1,0,0000000,21,45,21,59,88,88,0,0,0,1,1
38,380083,1,1,0,3,5,0,3,11,2010,4,0,35,0,4,4,77 1/2 AVE,,0,47.97440833,-98.897122220,3,11,0,0,1,1,1,0,2,99,0,99,0,0000000,0,39,0,48,88,88,0,0,0,1,1
38,380084,1,1,0,4,35,0,11,11,2010,5,22,30,0,4,4,EAGLE AVENUE,,0,47.67200000,-97.829200000,0,1,0,0,1,1,4,0,2,1,0,1,0,0000000,0,10,0,23,1,15,0,0,0,1,1
38,380085,1,1,0,3,89,0,13,11,2010,7,18,5,0,6,4,121 AVE SW,,0,46.89810000,-102.999000000,0,1,0,0,1,1,4,0,2,10,0,10,0,0000000,18,6,18,17,18,40,0,0,0,1,1
38,380086,1,1,0,1,93,0,17,11,2010,4,18,30,1,1,1,I-94,,2559,46.89200000,-98.761119440,0,1,0,0,1,1,3,0,2,3,10,3,0,0000000,18,41,18,44,19,16,0,0,0,1,0
38,380087,2,2,0,2,97,0,21,11,2010,1,12,24,1,1,1,I-29,,1120,47.54000000,-97.089700000,0,12,6,0,1,1,1,0,1,10,0,10,0,0000000,12,23,12,37,13,29,0,0,0,1,0
38,380088,1,1,1,1,5,0,23,11,2010,3,21,40,0,6,4,38 AVE NE,,0,47.96000000,-99.055511110,3,8,0,0,1,1,1,0,2,99,0,99,0,0000000,21,42,21,50,88,88,0,0,0,1,0
38,380089,2,2,0,5,35,0,22,12,2010,4,9,55,1,2,2,US-2,COUNTY ROAD 5,3517,47.93300000,-97.174711110,0,12,6,0,2,2,1,0,1,10,0,10,0,0000000,9,56,10,5,10,27,0,0,0,2,0
38,380090,2,2,0,2,41,0,23,12,2010,5,11,30,0,2,3,SR-21,,580,46.37025000,-102.196300000,0,12,2,0,1,1,1,0,1,4,0,4,0,0000000,11,30,11,43,88,88,0,0,0,1,0
38,380091,15,15,1,15,17,0,30,12,2010,5,11,55,1,1,1,I-94,,3420,46.87750000,-96.997911110,0,12,2,0,1,1,1,0,1,11,0,11,0,0000000,11,31,11,47,13,45,19,0,0,1,0
38,380092,2,2,0,2,89,0,20,12,2010,2,13,22,1,1,1,I-94,,679,46.88390000,-102.657400000,0,12,1,0,1,1,1,0,1,4,10,4,0,0000000,13,30,13,38,14,19,0,0,0,1,0
39,390001,2,2,0,5,85,9010,5,1,2010,3,12,30,0,14,6,LOST-NATION-RD,,0,41.68245000,-81.399933330,0,12,6,0,1,1,1,0,1,4,0,4,0,0000000,12,45,12,53,13,25,0,0,0,1,0
39,390002,1,1,1,2,133,0,25,1,2010,2,22,52,1,2,3,SR-59,,65,41.15888889,-81.290463890,0,8,0,0,1,1,1,0,2,1,0,1,0,0000000,22,52,22,55,23,12,0,0,0,1,0
39,390003,4,4,1,7,113,8360,30,1,2010,7,21,23,1,11,1,I-75,,236,39.91010000,-84.188180560,0,12,1,1,18,1,1,0,2,1,0,1,0,0000000,21,26,21,48,22,24,19,0,0,1,0
39,390004,1,1,0,2,25,0,30,1,2010,7,16,23,0,6,4,CRANE SCHOOL HOUSE,,0,38.96800278,-84.131041670,0,23,0,0,1,1,4,0,1,1,0,1,0,0000000,16,41,16,57,17,31,0,0,0,2,0
39,390005,1,1,0,1,25,0,31,1,2010,1,1,15,0,6,5,MOORE MARATHON RD,,0,39.15222778,-84.022258330,0,53,0,0,1,1,4,0,2,1,0,1,0,0000000,1,32,1,48,2,43,0,0,0,1,1
39,390006,1,1,0,2,15,0,1,1,2010,6,0,19,0,5,3,SR-774,,194,38.91400278,-84.007811110,0,1,0,0,1,1,4,0,2,1,0,1,0,0000000,0,24,0,34,0,54,0,0,0,1,1
39,390007,1,1,0,2,17,0,2,1,2010,7,2,26,0,4,3,SR-732,,43,39.44976389,-84.761097220,0,34,0,0,1,1,4,0,2,10,0,10,0,0000000,2,28,2,39,88,88,0,0,0,2,1
39,390008,1,1,0,2,157,0,3,1,2010,1,19,25,0,6,5,30,,0,40.33548889,-81.280922220,0,42,0,0,1,1,4,0,2,4,0,4,0,0000000,19,25,19,58,21,19,0,0,0,1,1
39,390009,3,3,0,4,49,0,4,1,2010,2,8,50,0,14,3,SR-104,,78,39.91388889,-83.021388890,0,12,6,0,1,1,1,0,1,4,0,4,0,0000000,8,50,8,52,9,8,0,0,0,1,0
39,390010,2,2,0,2,59,0,4,1,2010,2,8,0,1,1,1,I-70,,18,39.98434167,-81.690855560,0,24,0,0,1,1,4,0,1,4,0,4,0,0000000,8,0,8,8,8,42,0,0,0,1,0
39,390011,2,2,0,3,139,640,31,1,2010,1,18,53,0,14,3,SR-97,,72,40.63824722,-82.541513890,0,12,2,0,1,1,1,0,2,1,0,1,0,0000000,18,55,19,6,19,39,0,0,0,1,0
39,390012,1,1,0,1,173,0,2,2,2010,3,19,0,0,5,4,W-RIVER-RD,,0,41.38633889,-83.464163890,0,42,0,0,1,1,4,0,2,4,0,4,0,0000000,88,88,88,88,88,88,0,0,0,1,0
39,390013,2,2,0,4,61,0,4,2,2010,5,2,28,1,1,1,I-74,,151,39.18623056,-84.614983330,0,12,1,1,18,1,1,0,2,10,0,10,0,0000000,2,43,2,48,3,22,0,0,0,2,1
39,390014,1,1,0,1,113,8180,6,2,2010,7,21,15,0,3,2,US-35,,82,39.74639722,-84.326077780,0,42,0,0,1,1,4,0,2,1,0,1,0,0000000,88,88,88,88,88,88,0,0,0,1,1
39,390015,1,1,0,1,157,0,8,2,2010,2,13,26,1,1,1,I-77,,166,40.44237778,-81.516622220,0,1,0,1,19,1,3,0,1,1,0,1,0,0000000,88,88,88,88,88,88,0,0,0,1,0
39,390016,1,1,0,2,113,1670,1,1,2010,6,17,10,0,16,6,SWEET-POTATO-RIDGE,,0,39.89121667,-84.319438890,0,34,0,0,1,1,4,0,1,1,0,1,0,0000000,17,25,17,33,18,8,0,0,0,1,0
39,390017,3,2,2,3,45,0,4,1,2010,2,13,12,0,3,3,SR-37,,121,39.76149167,-82.578827780,0,12,8,0,1,1,1,0,1,4,0,4,0,0000000,13,12,13,25,13,57,19,0,0,1,0
39,390018,1,1,0,3,23,0,10,1,2010,1,10,59,0,4,3,SR-54,,111,40.00888333,-83.627361110,0,34,0,0,1,1,4,0,1,4,0,4,0,0000000,11,0,11,13,11,27,0,0,0,1,0
39,390019,2,2,0,3,49,8940,10,1,2010,1,13,43,0,13,2,US-40,ROSS RD,200,39.95556944,-82.878755560,0,12,6,0,2,2,1,0,1,10,0,10,0,0000000,13,44,13,47,14,6,0,0,0,1,0
39,390020,1,1,0,1,15,0,1,1,2010,6,19,38,0,4,4,TRI-COUNTY-HIGHWAY,,0,39.01416111,-83.854483330,0,32,0,0,1,1,4,0,2,10,0,10,0,0000000,88,88,88,88,88,88,0,0,0,1,0
39,390021,2,2,0,2,171,2400,13,1,2010,4,14,34,0,13,2,US-6,S WEST ST,27,41.44719722,-84.752883330,0,12,6,0,2,2,1,0,1,1,0,1,0,0000000,14,42,14,55,15,54,0,0,0,1,0
39,390022,1,1,0,1,175,0,15,1,2010,6,19,0,0,6,4,85,,0,40.78607222,-83.487600000,0,34,0,0,1,1,4,0,2,10,0,10,0,0000000,19,0,19,6,88,88,0,0,0,1,1
39,390023,1,1,0,2,113,2090,3,1,2010,1,2,25,0,13,6,HARSHMAN-RD,,0,39.78394722,-84.117505560,0,24,0,0,1,1,4,0,2,1,0,1,0,0000000,2,35,2,42,88,88,0,0,0,2,1
39,390024,3,3,0,5,89,0,4,1,2010,2,7,25,0,4,2,US-62,,163,40.23131667,-82.496802780,0,12,2,0,1,1,1,0,1,4,0,4,0,0000000,7,32,7,47,9,20,0,0,0,1,0
39,390026,2,2,0,2,43,0,13,1,2010,4,15,19,0,4,3,SR-60,,68,41.32327222,-82.363822220,0,12,2,0,1,1,1,0,1,1,0,1,0,0000000,88,88,88,88,88,88,0,0,0,1,0
39,390027,1,1,0,1,49,0,13,1,2010,4,10,0,0,6,4,OREGON-RD,,0,39.81559167,-82.838652780,0,42,0,0,1,1,4,0,1,10,0,10,0,0000000,88,88,88,88,88,88,0,0,0,1,0
39,390028,2,2,0,4,47,0,13,1,2010,4,1,10,1,1,1,I-71,,34,39.62172222,-83.604197220,0,12,6,1,18,1,1,0,3,1,0,1,0,0000000,1,51,2,22,2,53,0,0,0,1,0
39,390029,1,1,0,1,37,0,17,1,2010,1,9,57,0,4,3,SR-121,,128,40.05588611,-84.653547220,0,52,0,0,1,1,4,0,1,5,0,5,0,0000000,88,88,88,88,88,88,0,0,0,1,1
39,390030,2,2,0,2,13,1000,4,1,2010,2,13,23,1,12,3,SR-7,N-LINCOLN-AVE,204,40.09458611,-80.723119440,0,12,6,0,2,3,1,0,1,4,0,4,0,0000000,13,26,13,29,88,88,0,0,0,1,0
39,390031,1,1,0,1,169,0,14,1,2010,5,23,8,0,6,4,OVERTON-RD,,0,40.85123056,-82.010250000,0,52,0,0,1,1,4,0,2,10,0,10,0,0000000,23,10,23,18,88,88,0,0,0,1,1
39,390032,1,1,0,1,155,8530,16,1,2010,7,8,18,0,14,6,NILES-WARREN-RIVER,,0,41.21826667,-80.793758330,0,34,0,0,1,1,4,0,1,10,0,10,0,0000000,8,22,8,24,88,88,0,0,0,1,1
39,390033,1,1,0,1,113,0,19,1,2010,3,20,8,0,6,4,MANNING RD,,0,39.65793611,-84.376836110,0,53,0,0,1,1,4,0,2,1,0,1,0,0000000,20,8,20,14,20,39,0,0,0,1,0
39,390034,2,2,0,2,25,0,20,1,2010,4,14,28,0,4,3,SR-28,BUSINESS-SR-28-RD,25,39.19381111,-84.237419440,0,12,6,0,2,2,1,0,1,10,0,10,0,0000000,14,28,14,30,15,3,0,0,0,1,0
39,390035,1,1,0,1,89,0,21,1,2010,5,17,20,0,5,4,MARTINSBURG RD,,0,40.20191944,-82.378219440,0,32,0,0,1,1,4,0,2,2,0,2,0,0000000,88,88,88,88,88,88,0,0,0,1,1
39,390036,1,1,0,1,27,0,25,1,2010,2,15,27,0,4,3,SR-350,,133,39.35353889,-83.767838890,0,42,0,0,1,1,4,0,1,10,0,10,0,0000000,88,88,88,88,88,88,0,0,0,1,0
39,390037,1,1,1,1,43,0,26,1,2010,3,21,49,0,3,2,US-6,,19,41.43745278,-82.824077780,0,8,0,0,1,1,1,0,2,4,0,4,0,0000000,88,88,88,88,88,88,0,0,0,1,0
39,390038,2,2,0,2,101,0,27,1,2010,4,15,10,0,3,3,SR-4,,58,40.51518611,-83.169833330,0,12,2,0,1,1,1,0,1,10,0,10,0,0000000,88,88,88,88,88,88,0,0,0,1,0
39,390039,3,3,0,12,23,0,7,1,2010,5,12,47,1,1,1,I-70,,201,39.91583056,-83.697113890,0,12,9,1,18,1,1,0,1,4,0,4,0,0000000,12,47,13,1,13,31,0,0,0,4,0
39,390040,2,2,0,2,91,0,5,1,2010,3,7,42,1,2,2,US-33,,98,40.44623333,-83.820961110,0,12,8,0,1,1,1,0,1,4,0,4,0,0000000,7,42,7,48,9,15,0,0,0,1,0
39,390041,1,1,0,5,91,0,13,1,2010,4,15,25,0,6,4,49,,0,40.47898889,-83.763683330,0,42,0,0,1,1,4,0,1,1,0,1,0,0000000,15,46,15,57,16,29,0,0,0,1,0
39,390042,1,1,0,1,39,0,14,1,2010,5,13,25,0,6,4,166,,0,41.41091944,-84.341611110,0,34,0,0,1,1,4,0,1,10,0,10,0,0000000,13,36,13,47,14,19,0,0,0,1,1
39,390043,2,2,0,2,57,0,14,1,2010,5,10,0,0,4,4,84,,0,39.80433333,-83.988138890,0,12,6,0,1,1,1,0,1,1,0,1,0,0000000,10,0,10,5,99,99,0,0,0,1,0
39,390044,1,1,0,1,1,0,19,1,2010,3,10,45,0,6,4,27D,,0,38.92472222,-83.401111110,0,1,0,0,1,1,5,0,1,10,0,10,0,0000000,10,45,10,52,88,88,0,0,0,1,0
39,390045,1,1,1,2,5,0,20,1,2010,4,9,5,0,5,4,775,,0,40.73868333,-82.286336110,0,8,0,0,1,1,1,0,1,10,0,10,0,0000000,9,5,9,13,88,88,0,0,0,1,0
39,390046,1,1,0,3,3,0,20,1,2010,4,0,33,0,4,4,ELIDA RD,,0,40.84110000,-84.323519440,0,31,0,0,1,1,4,0,2,1,0,1,0,0000000,0,34,0,40,1,21,0,0,0,1,0
39,390047,2,2,0,2,83,0,21,1,2010,5,18,43,0,3,2,US-36,,303,40.39111111,-82.267222220,0,1,0,0,1,1,1,0,2,2,0,2,0,0000000,18,56,19,0,88,88,0,0,0,1,0
39,390048,1,1,0,4,101,0,23,1,2010,7,17,32,0,4,3,SR-423,,133,40.64502222,-83.146019440,0,42,0,0,1,1,4,0,5,10,0,10,0,0000000,17,34,17,42,18,2,0,0,0,1,0
39,390050,2,2,0,2,89,3430,25,1,2010,2,18,17,1,13,3,SR-79,ENTERPRISE DR,62,39.96964444,-82.486441670,0,12,6,0,2,2,1,0,5,10,0,10,0,0000000,18,18,18,23,18,53,0,0,0,1,1
39,390053,2,2,0,2,39,0,28,1,2010,5,8,30,0,4,3,SR-15,,71,41.35601944,-84.467438890,0,12,2,0,1,1,1,0,4,10,0,10,0,0000000,8,30,8,42,9,10,0,0,0,1,0
39,390054,1,1,0,1,49,1800,28,1,2010,5,1,30,1,11,1,I-71,,171,39.94666667,-83.014444440,0,1,0,1,5,1,5,0,3,4,0,4,0,0000000,1,32,1,40,1,51,0,0,0,1,1
39,390055,1,1,1,2,23,0,30,1,2010,7,22,53,0,5,3,SR-235,,9,39.88955556,-84.047427780,0,8,0,0,1,1,1,0,2,1,0,1,0,0000000,22,53,23,7,99,99,0,0,0,1,0
39,390056,2,2,0,3,35,2040,30,1,2010,7,2,39,1,11,1,I-77,,118,41.44663611,-81.654811110,0,12,7,0,1,1,1,0,3,10,0,10,0,0000000,2,39,2,46,3,13,0,0,0,1,1
39,390057,2,2,0,2,147,0,3,2,2010,4,10,0,0,3,2,US-224,SR-587,36,41.08944444,-83.352444440,0,12,6,0,2,2,1,0,1,10,0,10,0,0000000,10,3,10,15,88,88,0,0,0,1,0
39,390058,2,2,0,2,57,0,4,2,2010,5,6,1,0,3,2,US-42,,171,39.73780000,-83.818736110,0,12,6,0,4,1,1,0,2,10,0,10,0,0000000,6,2,6,10,88,88,0,0,0,1,0
39,390059,2,2,0,3,49,0,5,2,2010,6,18,55,0,4,2,US-62,,319,40.10388889,-82.770555560,0,12,6,0,1,1,1,0,2,4,0,4,0,0000000,19,0,19,6,88,88,0,0,0,1,0
39,390060,1,1,0,1,157,0,6,2,2010,7,4,54,0,3,3,SR-212,,167,40.52772778,-81.286438890,0,18,0,0,1,1,1,0,2,4,0,4,0,0000000,4,55,5,30,88,88,0,0,0,1,0
39,390061,1,1,1,1,153,70,20,1,2010,4,12,43,0,14,6,S ARLINGTON ST,JENKINS BLVD,0,41.03653056,-81.491377780,0,8,0,0,3,2,1,0,1,10,0,10,0,0000000,12,47,12,51,13,9,0,0,0,1,0
39,390062,1,1,0,2,175,0,4,2,2010,5,18,0,0,6,5,95,,0,40.91584722,-83.429230560,0,34,0,0,1,1,4,0,5,10,0,10,0,0000000,18,2,18,12,18,41,0,0,0,1,0
39,390063,2,2,0,2,89,0,5,2,2010,6,6,5,1,2,3,SR-37,,148,40.06801111,-82.551288890,0,12,2,0,1,1,1,1,2,10,0,10,0,0000000,88,88,88,88,88,88,0,0,0,1,1
39,390064,1,1,0,1,31,0,5,2,2010,6,10,45,0,4,3,SR-541,,31,40.28265278,-82.141044440,0,35,0,0,1,1,4,0,1,1,0,1,0,0000000,10,53,11,30,12,36,0,0,0,1,0
39,390065,1,1,0,1,173,0,9,2,2010,3,21,49,0,5,4,LATCHA-RD,,0,41.54415000,-83.438111110,0,30,0,0,1,1,4,0,2,4,0,4,0,0000000,21,51,22,1,88,88,0,0,0,1,1
39,390066,2,2,0,3,97,0,10,2,2010,4,14,15,1,1,1,I-71,,25,39.72208611,-83.397469440,0,51,0,1,18,1,2,0,1,4,0,4,0,0000000,14,34,14,47,15,47,0,0,0,1,0
39,390067,2,2,0,2,133,0,13,2,2010,7,8,5,0,4,3,SR-225,,78,41.06295000,-81.050702780,0,24,0,0,1,1,4,0,1,10,0,10,0,0000000,8,22,9,2,88,88,0,0,0,1,0
39,390068,2,2,0,4,45,6520,13,2,2010,7,9,35,1,1,1,I-70,,10,39.93345000,-82.791188890,0,12,7,1,18,1,1,0,1,10,0,10,0,0000000,88,88,88,88,88,88,0,0,0,1,0
39,390069,1,1,0,1,1,0,14,2,2010,1,3,0,0,6,4,WAGGONER-RIFFLE-RD,BLACKS-RUN-RD,0,38.72473056,-83.453138890,0,24,0,0,2,3,4,0,2,10,0,10,0,0000000,88,88,88,88,88,88,0,0,0,1,1
39,390070,1,1,1,1,1,0,18,2,2010,5,20,40,0,4,3,SR-41,,72,38.74058333,-83.620944440,0,8,0,0,1,1,1,0,3,1,0,1,0,0000000,20,48,21,8,22,14,0,0,0,1,0
39,390071,1,1,0,1,61,6090,13,1,2010,4,23,12,0,13,2,US-22,,61,39.16311944,-84.454808330,0,30,0,0,1,1,5,0,3,4,0,4,0,0000000,23,13,23,14,23,35,0,0,0,1,0
39,390072,1,1,0,1,11,8520,22,1,2010,6,14,33,0,16,6,MAGNOLIA DR,,0,40.58382222,-84.208066670,0,42,0,0,1,1,5,0,1,10,0,10,0,0000000,14,33,14,46,15,15,0,0,0,1,0
39,390073,1,1,0,1,113,2090,30,1,2010,7,3,56,0,16,6,LAKEVIEW AVE,,0,39.74013889,-84.239944440,0,30,0,0,1,1,3,0,3,1,0,1,0,0000000,4,6,4,13,88,88,0,0,0,1,1
39,390074,2,2,0,4,83,0,4,2,2010,5,14,20,0,3,2,US-36,,109,40.34856389,-82.581094440,0,12,7,0,1,1,1,0,1,10,0,10,0,0000000,14,20,14,26,15,13,0,0,0,1,1
39,390075,2,2,0,2,133,7875,5,2,2010,6,18,5,0,15,3,SR-303,DIAGONAL RD,46,41.23869444,-81.304236110,0,12,8,0,2,2,1,0,3,4,0,4,0,0000000,18,9,18,12,18,31,0,0,0,1,0
39,390076,2,2,0,2,113,2090,8,2,2010,2,12,41,1,12,3,SR-49,36,22,39.77606944,-84.280491670,0,12,6,0,2,2,1,0,1,1,0,1,0,0000000,12,42,12,42,13,10,0,0,0,1,0
39,390077,2,2,0,3,7,0,9,2,2010,3,18,30,0,3,2,US-322,,107,41.53589167,-80.803755560,0,12,6,0,1,1,1,0,2,4,0,4,0,0000000,18,30,18,41,19,24,0,0,0,2,0
39,390078,2,2,0,4,25,0,9,2,2010,3,11,4,0,5,3,SR-132,,35,38.98361389,-84.235861110,0,12,6,0,1,1,1,0,1,4,0,4,0,0000000,11,6,11,10,11,26,0,0,0,1,0
39,390079,2,2,0,3,17,0,17,2,2010,4,16,36,0,6,4,BEISSINGER RD,GARDNER RD,0,39.44246667,-84.599750000,0,12,6,0,2,2,1,0,1,10,0,10,0,0000000,16,37,16,49,88,88,0,0,0,1,0
39,390080,2,2,0,2,91,7150,17,2,2010,4,13,40,1,12,2,US-33,SUNNYSIDE AVE,53,40.47246389,-83.896044440,0,12,6,0,2,2,1,0,1,10,0,10,0,0000000,13,44,13,50,14,22,0,0,0,1,0
39,390081,2,2,0,3,27,0,5,2,2010,6,16,13,0,4,3,SR-133,,68,39.34438611,-83.974169440,0,12,2,0,1,1,1,0,1,4,0,4,0,0000000,16,14,16,24,17,9,0,0,0,1,0
39,390082,1,1,1,2,49,1800,7,2,2010,1,1,45,0,14,6,E-LIVINGSTON-AVE,,0,39.94245000,-82.837600000,0,8,0,0,1,1,1,0,2,1,0,1,0,0000000,1,46,1,51,2,4,0,0,0,1,0
39,390083,1,1,0,1,149,0,19,2,2010,6,23,35,0,6,5,MIAMI-RIVER-RD,,0,40.19747222,-84.212611110,0,48,0,0,1,1,4,0,2,1,0,1,0,0000000,88,88,88,88,88,88,0,0,0,1,1
39,390084,2,2,0,2,57,2530,22,2,2010,2,18,23,0,13,3,SR-444,SANDHILL-RD,70,39.84004444,-84.004383330,0,12,2,0,2,2,1,0,5,10,0,10,0,0000000,18,24,18,30,18,58,0,0,0,1,0
39,390085,2,2,0,5,17,0,24,2,2010,4,21,40,0,5,4,AUGSPURGER-RD,,0,39.43377222,-84.494872220,0,12,6,0,1,1,1,0,2,10,0,10,0,0000000,21,49,21,59,22,43,0,0,0,2,0
39,390086,2,2,0,3,63,0,25,2,2010,5,17,54,1,2,3,SR-12,,245,41.12578889,-83.479958330,0,12,6,0,1,1,1,0,1,7,0,7,0,0000000,17,56,18,11,19,25,0,0,0,1,0
39,390087,2,2,0,4,93,0,26,2,2010,6,23,34,0,4,3,SR-82,,98,41.31252222,-81.883202780,0,12,2,0,1,1,1,0,2,4,0,4,0,0000000,23,39,23,52,0,20,0,0,0,1,1
39,390088,2,2,0,2,103,0,26,2,2010,6,11,35,1,2,3,SR-18,,178,41.13610000,-81.749572220,0,12,6,0,1,1,1,0,1,4,0,4,0,0000000,11,53,12,12,12,41,0,0,0,1,0
39,390089,1,1,0,2,57,0,10,3,2010,4,2,37,0,5,4,WILMINGTON-DAYTON-RD,,0,39.59431389,-84.103516670,0,34,0,0,1,1,4,0,2,99,0,99,0,0000000,99,99,99,99,99,99,0,0,0,1,1
39,390090,2,2,0,2,49,1800,12,3,2010,6,23,27,0,16,6,HILLIARD-ROME-RD,,0,39.98341667,-83.150669440,0,12,2,0,1,1,1,0,2,2,0,2,0,0000000,88,88,88,88,88,88,0,0,0,2,2