STATE,ST_CASE,VE_TOTAL,VE_FORMS,PEDS,PERSONS,COUNTY,CITY,DAY,MONTH,YEAR,DAY_WEEK,HOUR,MINUTE,NHS,ROAD_FNC,ROUTE,TWAY_ID,TWAY_ID2,MILEPT,LATITUDE,LONGITUD,SP_JUR,HARM_EV,MAN_COLL,RELJCT1,RELJCT2,TYP_INT,REL_ROAD,WRK_ZONE,LGT_COND,WEATHER1,WEATHER2,WEATHER,SCH_BUS,RAIL,NOT_HOUR,NOT_MIN,ARR_HOUR,ARR_MIN,HOSP_HR,HOSP_MN,CF1,CF2,CF3,FATALS,DRUNK_DR
39,390091,1,1,1,1,49,1800,4,2,2010,5,7,3,0,14,6,WORTHINGTON GALENA,WORTHINGTON WOODS,0,40.11903889,-82.987719440,0,8,0,0,3,1,1,0,2,10,0,10,0,0000000,7,3,7,10,7,37,0,0,0,1,0
39,390092,1,1,0,2,151,4390,4,2,2010,5,23,18,0,13,3,SR-153,,52,40.83514444,-81.278980560,0,33,0,0,1,1,4,0,3,1,0,1,0,0000000,23,18,23,25,23,49,0,0,0,1,1
39,390093,2,2,0,2,11,0,18,2,2010,5,6,50,0,4,3,SR-65,,68,40.55340833,-84.045211110,0,12,8,0,1,1,1,0,4,4,0,4,0,0000000,99,99,99,99,99,99,0,0,0,1,0
39,390094,1,1,0,2,99,9230,19,2,2010,6,23,37,1,13,2,US-422,,52,41.09655833,-80.609436110,0,34,0,0,1,1,4,0,2,1,0,1,0,0000000,23,42,23,49,88,88,0,0,0,1,1
39,390095,2,2,0,2,67,0,24,2,2010,4,8,50,1,2,2,US-250,,153,40.28959167,-81.044708330,0,12,8,0,1,1,1,0,1,1,0,1,0,0000000,8,52,9,0,9,53,0,0,0,1,0
39,390096,1,1,1,1,61,6090,24,2,2010,4,19,15,0,16,6,PARK AVE,LINDEN AVE,0,39.15903611,-84.445208330,0,8,0,0,2,2,1,0,2,10,0,10,0,0000000,19,15,19,17,19,39,0,0,0,1,0
39,390097,1,1,0,1,75,0,14,2,2010,1,19,41,0,3,2,US-62,,171,40.51677778,-81.922555560,0,42,0,0,1,1,4,0,2,1,0,1,0,0000000,19,44,19,50,20,23,0,0,0,1,1
39,390098,3,3,0,10,151,1320,27,2,2010,7,15,6,0,15,6,MARKET-AVE-N,12TH-ST,0,40.80913333,-81.372000000,0,12,6,0,2,2,1,0,1,4,0,4,0,0000000,15,8,15,11,15,23,0,0,0,1,1
39,390099,1,1,0,1,155,0,5,3,2010,6,2,0,0,4,4,NILES-VIENNA-RD,,0,41.22460833,-80.680163890,0,30,0,0,1,1,4,0,2,1,0,1,0,0000000,2,3,2,6,88,88,0,0,0,1,1
39,390100,2,2,0,3,155,0,7,3,2010,1,1,26,1,1,1,I-80,,98,41.17638611,-80.562747220,0,12,2,1,18,1,1,0,3,1,0,1,0,0000000,1,26,1,26,88,88,0,0,0,1,1
39,390101,1,1,0,1,103,0,7,3,2010,1,3,15,0,3,3,SR-83,,56,41.06600278,-82.024200000,0,34,0,0,1,1,4,0,2,1,0,1,0,0000000,3,52,4,10,4,48,0,0,0,1,1
39,390102,1,1,0,2,81,0,10,3,2010,4,21,0,0,4,3,SR-151,,96,40.28133333,-80.727119440,0,59,0,0,1,1,4,0,2,10,0,10,0,0000000,21,10,21,22,21,48,0,0,0,1,1
39,390103,1,1,0,1,157,0,13,3,2010,7,23,15,0,4,3,SR-800,,262,40.55129722,-81.422752780,0,30,0,0,1,1,4,0,2,2,0,2,0,0000000,23,46,23,58,0,18,0,0,0,1,1
39,390104,1,1,0,4,145,0,13,3,2010,7,0,18,0,4,4,PIKETON-RD,,0,38.92390278,-82.887236110,0,43,0,0,1,1,4,0,2,2,0,2,0,0000000,0,18,0,24,1,33,0,0,0,1,1
39,390105,1,1,0,1,51,0,16,3,2010,3,7,10,0,4,4,A,,0,41.48759722,-83.887136110,0,34,0,0,1,1,4,0,1,1,0,1,0,0000000,88,88,88,88,88,88,0,0,0,1,0
39,390106,1,1,0,1,49,8280,24,3,2010,4,10,55,0,14,6,LANE-AVE,,0,40.00812500,-83.075244440,0,33,0,0,1,1,4,0,1,1,0,1,0,0000000,10,56,11,3,11,28,0,0,0,1,0
39,390107,3,3,0,3,41,0,1,2,2010,2,15,55,0,13,6,POLARIS PARKWAY,WORTHINGTON RD,0,40.14620833,-82.956475000,0,12,6,0,2,2,1,0,1,10,0,10,0,0000000,15,56,16,1,16,18,0,0,0,1,0
39,390109,4,4,0,8,113,0,4,3,2010,5,17,44,1,1,1,I-70,,168,39.86550556,-84.182725000,0,12,6,1,5,1,1,0,1,1,0,1,0,0000000,17,44,17,56,99,99,0,0,0,2,0
39,390110,3,3,0,4,97,0,5,3,2010,6,20,20,0,5,4,102,,0,39.88799722,-83.284711110,0,12,1,0,1,1,1,0,2,10,0,10,0,0000000,20,41,21,8,21,32,0,0,0,1,0
39,390111,2,2,0,3,119,0,8,3,2010,2,17,15,0,4,4,616,721,0,40.15011667,-82.057741670,0,12,6,0,3,2,1,0,1,1,0,1,0,0000000,17,20,17,28,17,54,0,0,0,1,0
39,390112,1,1,0,3,135,0,25,2,2010,5,10,26,0,6,4,97,,0,39.70780556,-84.556247220,0,34,0,0,1,1,4,0,1,10,0,10,0,0000000,10,35,10,55,99,99,0,0,0,2,0
39,390113,2,2,0,2,37,0,26,2,2010,6,9,5,0,3,2,US-127,,26,39.95304444,-84.631977780,0,12,2,0,1,1,1,0,1,11,0,11,0,0000000,99,99,99,99,99,99,0,0,0,1,0
39,390114,2,2,0,9,23,0,27,2,2010,7,12,28,0,4,3,SR-41,SR-235,309,39.99500278,-84.000875000,0,12,6,0,2,2,1,0,1,10,0,10,0,0000000,12,35,12,42,13,16,0,0,0,1,0
39,390116,5,5,0,9,173,920,15,3,2010,2,19,40,0,13,3,SR-25,,117,41.39194167,-83.650761110,0,12,6,0,4,1,1,0,5,10,0,10,0,0000000,19,40,19,45,99,99,0,0,0,1,0
39,390117,2,2,0,2,93,0,14,3,2010,1,14,47,1,2,2,US-20,SR-511,20,41.25837500,-82.302788890,0,12,6,0,2,2,1,0,1,2,0,2,0,0000000,14,49,15,0,15,13,0,0,0,1,0
39,390118,2,2,0,2,57,0,17,3,2010,4,16,26,0,4,3,SR-72,,130,39.72147222,-83.783152780,0,12,2,0,1,1,1,0,1,10,0,10,0,0000000,16,29,16,35,88,88,0,0,0,1,0
39,390119,2,2,0,3,121,0,4,2,2010,5,8,12,0,5,3,SR-147,,4,39.83388889,-81.429444440,0,12,6,0,1,1,1,0,1,10,0,10,0,0000000,8,13,8,23,99,99,0,0,0,1,0
39,390120,1,1,0,1,91,0,10,3,2010,4,23,0,0,4,3,SR-235,,169,40.46897778,-83.917663890,0,1,0,0,1,1,1,0,2,1,0,1,0,0000000,23,1,23,8,88,88,0,0,0,1,1
39,390121,2,2,0,2,101,0,10,3,2010,4,2,25,0,3,3,SR-4,,36,40.48400278,-83.191230560,0,12,2,0,1,1,1,0,2,10,0,10,0,0000000,2,32,2,45,88,88,0,0,0,2,1
39,390122,2,2,0,2,27,0,13,3,2010,7,8,20,0,3,2,US-68,,29,39.28764444,-83.911997220,0,12,6,0,1,1,1,0,1,2,0,2,0,0000000,8,29,8,42,88,88,0,0,0,1,0
39,390123,1,1,0,2,49,0,16,3,2010,3,8,45,0,6,5,DYER RD,,0,39.90222222,-83.025000000,0,38,0,0,1,1,5,0,2,10,0,10,0,0000000,8,45,8,47,88,88,0,0,0,2,1
39,390124,1,1,0,2,119,9260,17,3,2010,4,1,30,0,13,2,US-22,,115,39.93465000,-82.006994440,0,3,0,0,1,1,5,0,3,99,0,99,0,0000000,88,88,88,88,88,88,18,0,0,2,1
39,390125,2,2,0,2,169,0,17,3,2010,4,9,27,0,4,4,CR-30A,,0,40.79689444,-81.834947220,0,12,6,0,4,1,1,0,1,1,0,1,0,0000000,9,37,9,46,88,88,0,0,0,1,0
39,390126,1,1,0,1,151,110,27,3,2010,7,22,42,0,16,6,RUSH ST,,0,40.92445000,-81.097652780,0,38,0,0,1,1,5,0,2,1,0,1,0,0000000,22,44,22,54,23,8,0,0,0,1,1
39,390129,2,2,0,5,127,0,4,3,2010,5,8,7,0,3,3,SR-13,,307,39.82965000,-82.334308330,0,12,2,0,1,1,1,0,1,1,0,1,0,0000000,8,7,8,25,9,42,0,0,0,2,0
39,390130,1,1,1,1,61,7450,13,3,2010,7,20,5,0,13,2,US-42,HAUCK RD,162,39.29066667,-84.394827780,0,8,0,0,3,2,1,0,3,2,0,2,0,0000000,20,6,20,11,20,27,0,0,0,1,1
39,390131,1,1,0,1,41,0,17,3,2010,4,23,15,0,6,4,PANHANDLE-RD,,0,40.33260556,-83.060050000,0,24,0,0,1,1,4,0,2,1,0,1,0,0000000,88,88,88,88,88,88,0,0,0,1,1
39,390132,2,2,0,2,83,0,19,3,2010,6,13,52,1,2,3,SR-13,,148,40.44198333,-82.525691670,0,12,2,0,1,1,1,0,1,1,0,1,0,0000000,88,88,88,88,88,88,0,0,0,1,1
39,390133,2,2,0,2,23,0,21,3,2010,1,14,18,1,1,1,I-70,,209,39.92406944,-83.687336110,0,12,1,1,5,1,1,0,1,10,0,10,0,0000000,88,88,88,88,88,88,0,0,0,1,0
39,390134,2,2,0,2,151,0,21,3,2010,1,13,25,0,13,2,US-62,,251,40.83150833,-81.347000000,0,12,6,0,5,1,1,0,1,1,0,1,0,0000000,13,28,13,30,13,49,0,0,0,1,0
39,390135,3,3,0,3,35,2860,26,3,2010,6,15,10,0,12,2,US-322,COUNTY-LINE-RD,167,41.52245833,-81.390838890,0,12,1,0,2,2,1,0,1,1,0,1,0,0000000,15,10,15,10,15,17,0,0,0,1,0
39,390137,1,1,0,3,99,9230,3,2,2010,4,2,5,0,13,3,SR-289,,24,41.09365000,-80.635938890,0,30,0,0,1,1,5,0,6,1,0,1,0,0000000,2,26,2,30,3,26,0,0,0,1,1
39,390138,2,2,0,4,55,0,13,2,2010,7,18,20,0,5,4,MENTOR RD,,0,41.61930833,-81.271319440,0,12,8,0,1,1,1,0,2,4,0,4,0,0000000,18,20,18,45,19,18,0,0,0,1,0
39,390139,2,2,0,2,35,8770,19,2,2010,6,14,57,0,14,6,CROCKER RD,INDIAN RIDGE COVE,0,41.43320278,-81.949372220,0,12,8,0,2,2,1,0,1,1,0,1,0,0000000,14,59,15,5,15,12,0,0,0,1,0
39,390140,2,2,0,3,61,0,8,3,2010,2,15,19,0,5,4,14,148,0,39.19647500,-84.663219440,0,12,6,0,2,2,1,0,1,1,0,1,0,0000000,15,19,15,24,99,99,0,0,0,1,0
39,390141,2,1,0,2,35,2520,10,3,2010,4,3,46,0,16,6,N LAKELAND BLVD,E 250TH ST,0,41.59827500,-81.509200000,0,14,0,0,2,2,5,0,2,2,0,2,0,0000000,3,59,4,7,99,99,20,0,0,1,0
39,390142,2,2,0,6,123,0,14,3,2010,1,18,40,1,13,3,SR-2,,59,41.60368611,-83.169038890,0,12,2,0,1,1,1,0,1,10,0,10,0,0000000,18,40,18,41,19,44,0,0,0,1,0
39,390143,2,2,0,2,91,0,17,3,2010,4,5,38,0,9,4,144,,0,40.31482222,-83.574447220,0,12,2,0,1,1,1,0,2,1,0,1,0,0000000,5,45,6,10,6,59,0,0,0,1,0
39,390144,1,1,0,2,113,2090,19,3,2010,6,22,43,0,15,6,DANNER AVE,,0,39.73493056,-84.222241670,0,42,0,0,1,1,5,0,2,1,0,1,0,0000000,22,43,22,58,23,2,0,0,0,2,1
39,390145,2,1,0,2,95,8120,26,1,2010,3,1,37,0,14,6,N WHEELING ST,,0,41.66035000,-83.487450000,0,33,0,0,1,1,4,0,3,10,0,10,0,0000000,1,40,1,48,99,99,0,0,0,1,0
39,390146,2,2,0,3,99,9230,2,3,2010,3,18,30,0,14,6,SOUTH AVE,RAVENWOOD AVE,0,41.06498611,-80.646172220,0,12,1,0,2,2,1,0,3,1,0,1,0,0000000,18,34,18,36,88,88,20,0,0,1,1
39,390147,2,2,0,2,49,1800,11,3,2010,5,23,27,0,13,2,US-23,,240,40.12850833,-83.016427780,0,12,8,0,1,1,1,0,2,2,0,2,0,0000000,23,45,23,56,0,15,0,0,0,1,1
39,390148,1,1,0,1,95,8120,13,3,2010,7,2,54,0,13,6,W LASKEY RD,,0,41.70694444,-83.577500000,0,10,0,0,6,1,1,0,3,2,0,2,0,258243T,2,55,2,58,88,88,0,0,0,1,1
39,390149,1,1,0,1,153,0,25,3,2010,5,1,30,0,6,4,W COMET RD,,0,40.92265000,-81.592691670,0,42,0,0,1,1,5,0,2,10,0,10,0,0000000,4,58,5,5,88,88,18,0,0,1,1
39,390150,1,1,0,1,163,0,25,3,2010,5,2,48,0,6,4,KELLY RD,,0,39.26873889,-82.633630560,0,52,0,0,1,1,4,0,2,1,0,1,0,0000000,2,56,3,11,88,88,0,0,0,1,1
39,390151,1,1,1,1,17,0,29,3,2010,2,6,23,0,6,5,LONG DR,,0,39.42770833,-84.461497220,0,8,0,0,1,1,1,0,6,2,0,2,1,0000000,6,24,6,28,88,88,0,0,0,1,0
39,390153,7,7,0,13,155,0,31,3,2010,4,15,45,0,3,3,SR-5,BURNETT EAST RD,304,41.43948611,-80.598536110,0,12,1,0,3,1,1,0,1,1,0,1,0,0000000,15,47,15,50,16,13,0,0,0,3,0
39,390154,1,1,0,1,35,1050,17,3,2010,4,20,23,1,11,1,I-71,,96,41.42663889,-81.819133330,0,52,0,1,5,1,4,0,3,1,0,1,0,0000000,88,88,88,88,88,88,0,0,0,1,1
39,390155,2,2,0,3,113,0,28,3,2010,1,1,20,1,1,1,I-70,,141,39.86454167,-84.228916670,0,12,6,1,18,1,1,0,2,1,0,1,0,0000000,1,20,1,28,1,55,0,0,0,2,1
39,390156,2,1,0,2,165,0,29,3,2010,2,2,5,1,1,1,I-71,,144,39.41527500,-84.119825000,0,14,0,1,18,1,5,0,2,2,0,2,0,0000000,88,88,88,88,88,88,0,0,0,1,0
39,390159,2,2,0,2,109,0,3,4,2010,7,2,3,0,5,4,RANGE-LINE-RD,,0,39.98655833,-84.370880560,0,12,6,0,1,1,1,0,2,1,0,1,0,0000000,88,88,88,88,88,88,0,0,0,1,1
39,390160,1,1,0,1,157,2240,4,4,2010,1,18,34,0,14,6,COLUMBIA-RD,,0,40.56821389,-81.500411110,0,30,0,0,1,1,4,0,1,1,0,1,0,0000000,18,34,18,40,18,57,0,0,0,1,0
39,390161,1,1,0,2,129,0,6,4,2010,3,3,45,0,5,4,DARBY-CREEK-RD,,0,39.75730278,-83.156933330,0,42,0,0,1,1,4,0,2,10,0,10,0,0000000,3,48,4,2,4,57,0,0,0,1,1
39,390162,1,1,0,1,145,0,11,4,2010,1,18,41,0,6,5,WADDELL-RD,,0,38.86836111,-83.073211110,0,34,0,0,1,1,4,0,1,10,0,10,0,0000000,88,88,88,88,88,88,0,0,0,1,1
39,390163,1,1,0,4,37,0,18,4,2010,1,0,40,0,6,4,DELISLE-FOURMAN-RD,JAYSVILLE-ST-JOHNS,0,40.01925278,-84.598450000,0,34,0,0,2,2,4,0,2,1,0,1,0,0000000,0,46,0,52,1,58,0,0,0,1,1
39,390164,2,2,0,2,49,1800,1,4,2010,5,10,50,0,16,6,FEDER RD,,0,39.97284444,-83.165388890,0,12,2,0,1,1,1,0,1,1,0,1,0,0000000,10,57,10,59,11,19,0,0,0,1,0
39,390165,2,2,0,2,81,0,5,4,2010,2,7,55,1,2,2,US-22,,110,40.39146944,-80.700569440,0,12,8,0,1,1,1,0,1,10,0,10,0,0000000,7,59,8,12,88,88,0,0,0,1,0
39,390166,1,1,0,1,13,0,6,4,2010,3,17,20,0,3,3,SR-800,,94,39.97649167,-81.182711110,0,35,0,0,1,1,5,0,1,1,0,1,0,0000000,17,21,17,26,17,56,0,0,0,1,0
39,390167,1,1,0,1,1,0,1,4,2010,5,18,50,0,6,5,MOUNT UNGER RD,,0,38.76305833,-83.283338890,0,1,0,0,1,1,5,0,1,1,0,1,0,0000000,18,55,19,12,20,2,0,0,0,1,1
39,390168,1,1,0,1,153,2030,6,4,2010,3,17,32,0,13,6,PORTAGE-TRAIL,,0,41.13918611,-81.491261110,0,33,0,0,1,1,5,0,1,1,0,1,0,0000000,17,32,17,34,17,51,0,0,0,1,0
39,390169,1,1,0,1,141,0,8,4,2010,5,22,50,1,2,2,US-35,,285,39.26495556,-82.872552780,0,21,0,0,1,1,3,0,2,10,0,10,0,0000000,88,88,88,88,88,88,0,0,0,1,1
39,390170,3,3,1,3,61,0,10,4,2010,7,5,29,0,3,2,US-127,,136,39.27163333,-84.561519440,0,8,0,0,1,1,1,0,2,1,0,1,0,0000000,88,88,88,88,88,88,0,0,0,1,0
39,390171,2,1,0,1,29,0,11,4,2010,1,17,52,1,2,2,US-30,,319,40.65319444,-80.589013890,0,14,0,0,1,1,8,0,1,1,0,1,0,0000000,18,3,18,7,18,28,0,0,0,1,0
39,390172,2,2,0,2,167,0,11,4,2010,1,17,5,0,3,3,SR-339,,23,39.31309722,-81.664833330,0,12,6,0,4,1,1,0,1,1,0,1,0,0000000,17,5,17,11,19,25,0,0,0,1,0
39,390173,2,2,0,2,141,0,12,4,2010,2,17,58,0,4,4,BLAIN-HIGHWAY,,0,39.24673056,-83.069400000,0,12,6,0,1,1,1,0,1,1,0,1,0,0000000,18,0,18,9,18,52,0,0,0,1,1
39,390174,1,1,0,1,81,0,13,4,2010,3,19,48,0,4,4,SINCLAIR-AVE,,0,40.35536389,-80.643044440,0,1,0,0,1,1,4,0,5,1,0,1,0,0000000,19,54,20,3,20,30,0,0,0,1,1
39,390176,2,2,0,2,113,2090,22,4,2010,5,15,12,0,14,6,GETTYSBURG-AVE,GERMANTOWN-ST,0,39.73406389,-84.252902780,0,12,6,0,2,2,1,0,1,1,0,1,0,0000000,88,88,88,88,88,88,0,0,0,1,0
39,390177,1,1,0,1,109,0,1,5,2010,7,2,39,0,6,4,FENNER-RD,,0,40.02312500,-84.348947220,0,34,0,0,1,1,4,0,2,10,0,10,0,0000000,88,88,88,88,88,88,0,0,0,1,1
39,390178,2,2,0,2,169,0,6,4,2010,3,10,4,1,2,2,US-30,,253,40.79717778,-81.669652780,0,12,1,0,1,1,1,0,1,1,0,1,0,0000000,10,5,10,12,10,40,0,0,0,1,0
39,390179,2,2,0,3,109,0,11,4,2010,1,10,14,0,5,4,S RANGELINE RD,MILTON POTSDAM RD,0,39.96371667,-84.370300000,0,12,6,0,2,2,1,0,1,10,0,10,0,0000000,10,15,10,18,99,99,0,0,0,1,0
39,390180,1,1,0,2,103,0,1,4,2010,5,18,15,0,6,5,86,,0,41.27200556,-81.927088890,0,59,0,0,1,1,4,0,1,1,0,1,0,0000000,19,6,19,16,88,88,0,0,0,2,1
39,390181,1,1,1,2,153,0,2,4,2010,6,0,45,1,1,1,I-77,,279,41.19511667,-81.625458330,0,8,0,0,1,1,1,0,3,10,0,10,0,0000000,0,48,0,56,1,34,20,0,0,2,0
39,390182,1,1,0,1,147,0,3,4,2010,7,13,58,0,6,4,34,,0,41.24138056,-83.083941670,0,30,0,0,1,1,4,0,1,6,0,6,0,0000000,14,5,14,18,14,58,0,0,0,1,0
39,390183,1,1,0,2,83,0,4,4,2010,1,5,0,0,4,3,SR-586,,82,40.32380556,-82.410919440,0,32,0,0,1,1,4,0,2,1,0,1,0,0000000,5,37,6,6,6,54,0,0,0,1,0
39,390184,2,2,0,2,93,0,12,4,2010,2,2,34,1,1,1,I-80,,55,41.37741111,-82.235619440,0,12,7,0,1,1,1,0,2,1,0,1,0,0000000,2,43,2,50,88,88,0,0,0,1,0
39,390185,2,2,0,2,153,70,18,3,2010,5,20,15,1,11,1,I-76,,66,41.04184722,-81.565161110,0,12,7,0,1,1,1,0,3,1,0,1,0,0000000,20,16,20,22,20,45,0,0,0,1,1
39,390186,2,2,0,3,17,0,16,4,2010,6,19,15,0,3,2,US-127,27,159,39.50629167,-84.600091670,0,12,6,0,2,2,1,0,1,10,0,10,0,0000000,19,19,19,24,88,88,0,0,0,1,0
39,390187,1,1,0,2,63,0,18,4,2010,1,3,31,0,4,4,304,,0,40.83280833,-83.541819440,0,1,0,0,1,1,4,0,2,1,0,1,0,0000000,3,32,3,44,88,88,0,0,0,2,1
39,390188,1,1,1,1,113,3895,19,4,2010,2,5,28,0,13,6,E DOROTHY LANE,,0,39.70381944,-84.141197220,0,8,0,0,1,1,1,0,2,1,0,1,0,0000000,5,29,5,35,5,50,0,0,0,1,0
39,390189,1,1,0,1,85,9020,21,4,2010,4,0,30,0,14,3,SR-283,,14,41.64255278,-81.471216670,0,35,0,0,1,1,5,0,3,1,0,1,0,0000000,0,31,0,35,88,88,0,0,0,1,1
39,390190,1,1,1,1,89,3428,9,1,2010,7,15,34,1,13,3,SR-79,PARKVIEW DR,122,40.03853889,-82.429025000,0,8,0,0,3,2,1,0,1,10,0,10,0,0000000,15,35,15,57,16,36,0,0,0,1,0
39,390191,1,1,2,1,35,4040,24,1,2010,1,22,0,0,13,2,US-6,CLIFTON BLVD,81,41.48876111,-81.773997220,0,8,0,0,3,2,1,0,3,2,0,2,0,0000000,22,3,22,6,22,35,0,0,0,1,0
39,390192,1,1,0,1,35,1680,29,1,2010,6,17,50,1,1,1,I-490,,7,41.47397222,-81.698433330,0,24,0,1,18,1,4,0,3,10,0,10,0,0000000,17,53,18,1,18,21,0,0,0,1,1
39,390193,3,3,0,6,17,2535,21,2,2010,1,2,23,1,12,3,SR-4,,56,39.35982222,-84.541963890,0,12,2,0,1,1,1,0,2,10,0,10,0,0000000,2,25,2,32,88,88,0,0,0,1,1
39,390194,3,3,0,4,17,2535,21,2,2010,1,1,9,0,14,6,MACK-RD,S-GILMORE-RD,0,39.31048333,-84.522894440,0,12,6,0,2,2,1,0,3,10,0,10,0,0000000,1,14,1,21,1,46,0,0,0,2,0
39,390195,3,3,0,3,17,2535,2,3,2010,3,18,46,0,16,6,NILES-RD,,0,39.33731944,-84.551480560,0,12,8,0,1,1,1,0,5,10,0,10,0,0000000,19,0,19,19,19,57,0,0,0,1,1
39,390196,1,1,1,1,77,6070,15,3,2010,2,7,24,0,16,6,W-MAIN-ST,,0,41.22932222,-82.642583330,0,8,0,0,1,1,1,0,3,10,0,10,0,0000000,7,26,7,26,7,46,0,0,0,1,0
39,390198,1,1,0,1,95,8120,5,4,2010,2,20,11,1,11,1,I-75,,82,41.69002778,-83.522786110,0,25,0,1,18,1,3,0,3,10,0,10,0,0000000,88,88,88,88,88,88,0,0,0,1,1
39,390199,1,1,0,1,41,2150,8,4,2010,5,10,0,0,16,6,EASTWOOD-AVE,,0,40.31649444,-83.091155560,0,33,0,0,1,1,5,0,1,2,0,2,0,0000000,10,9,10,33,11,0,0,0,0,1,0
39,390200,2,2,0,4,35,1680,20,3,2010,7,5,2,0,14,6,UNION-AVE,E-93RD-ST,0,41.46351111,-81.622400000,0,12,2,0,2,2,1,0,3,1,0,1,0,0000000,5,7,5,13,5,35,0,0,0,1,1
39,390201,1,1,0,1,153,70,29,3,2010,2,15,35,1,12,3,SR-8,,30,41.10205556,-81.500100000,0,35,0,0,1,1,4,0,1,10,0,10,0,0000000,88,88,88,88,88,88,0,0,0,1,1
39,390202,1,1,0,2,35,1680,4,4,2010,1,23,55,0,16,6,UNION-AVE,,0,41.46362222,-81.613063890,0,33,0,0,1,1,5,0,3,1,0,1,0,0000000,23,55,0,3,0,26,0,0,0,1,1
39,390204,1,1,0,1,95,8120,11,4,2010,1,2,31,1,11,1,I-75,,64,41.68703056,-83.551969440,0,25,0,1,18,1,3,0,3,1,0,1,0,0000000,88,88,88,88,88,88,0,0,0,1,1
39,390205,1,1,0,3,35,1680,17,4,2010,7,4,28,1,11,1,I-480,,152,41.42123333,-81.691502780,0,35,0,1,5,1,4,0,3,1,0,1,0,0000000,4,37,4,46,4,58,0,0,0,2,1
39,390206,1,1,0,1,159,0,18,4,2010,1,6,20,0,3,3,SR-31,,60,40.32184167,-83.388597220,0,24,0,0,1,1,4,0,4,1,0,1,0,0000000,6,23,6,34,88,88,0,0,0,1,1
39,390207,2,2,0,3,15,0,18,4,2010,1,21,15,0,3,2,US-68,GREENBUSH-EAST-RD,333,39.07557222,-83.925925000,0,12,6,0,2,2,1,0,2,1,0,1,0,0000000,21,18,21,22,21,53,0,0,0,1,0
39,390208,2,2,0,3,125,0,19,4,2010,2,13,13,0,99,3,SR-49,,89,41.11682500,-84.727102780,0,12,1,0,1,1,1,0,1,1,0,1,0,0000000,13,13,13,16,14,19,0,0,0,1,0
39,390209,2,2,0,6,3,0,23,4,2010,6,19,10,1,2,2,US-30,,121,40.82401944,-84.104830560,0,12,6,0,1,1,1,0,1,2,0,2,0,0000000,19,18,19,23,19,46,0,0,0,1,1
39,390210,1,1,1,1,95,7980,21,1,2010,5,7,2,0,14,6,ERIE ST,,0,41.71722500,-83.737780560,0,8,0,0,1,1,1,0,3,10,0,10,0,0000000,7,3,7,7,7,20,0,0,0,1,0
39,390211,1,1,1,1,35,1680,20,2,2010,7,1,54,0,16,6,MILLIGAN AVE,,0,41.43069444,-81.771594440,0,8,0,0,1,1,1,0,3,1,0,1,0,0000000,2,4,2,20,2,38,0,0,0,1,1
39,390212,4,4,0,5,77,6070,26,3,2010,6,14,50,1,12,2,US-250,WATER-ST,34,41.24098889,-82.614594440,0,12,2,0,2,2,1,0,1,1,0,1,0,0000000,14,50,14,54,15,12,0,0,0,1,0
39,390213,1,1,0,1,29,2360,7,4,2010,4,0,3,0,16,6,PRICE ST,,0,40.63965833,-80.537800000,0,1,0,0,1,1,4,0,3,1,0,1,0,0000000,0,3,0,9,0,23,0,0,0,1,1
39,390214,1,1,0,1,133,0,23,4,2010,6,21,30,0,6,5,BECK-RD,,0,41.24832778,-81.259936110,0,1,0,0,4,1,4,0,2,1,0,1,0,0000000,21,30,21,36,99,99,0,0,0,1,1
39,390215,2,2,0,2,17,0,27,4,2010,3,8,20,0,4,3,SR-128,,57,39.35700278,-84.587394440,0,24,0,0,1,1,4,0,1,1,0,1,0,0000000,8,21,8,29,99,99,0,0,0,1,0
39,390216,2,2,0,2,23,0,27,4,2010,3,17,15,0,4,2,US-40,HOUSTON-PIKE,261,39.93000000,-83.563608330,0,12,6,0,2,2,1,0,1,10,0,10,0,0000000,17,19,17,21,17,58,0,0,0,1,0
39,390217,2,2,0,3,103,0,28,4,2010,4,7,17,0,6,4,WILBUR-RD,,0,41.16881944,-81.752041670,0,12,6,0,4,1,1,0,1,1,0,1,0,0000000,7,20,7,25,8,11,0,0,0,2,0
39,390219,1,1,0,1,99,9230,29,4,2010,5,3,54,0,16,6,BELLE-VISTA,,0,41.11309167,-80.688958330,0,33,0,0,1,1,4,0,3,1,0,1,0,0000000,88,88,88,88,88,88,0,0,0,1,1
39,390221,2,2,0,2,133,0,30,4,2010,6,19,28,0,4,3,SR-303,DIAGONAL-RD,55,41.24528056,-81.288894440,0,12,6,0,2,3,1,0,1,1,0,1,0,0000000,19,28,19,31,19,56,0,0,0,1,0
39,390222,1,1,0,2,25,0,30,4,2010,6,18,5,0,6,4,GLANCY-CORNER,,0,39.13285000,-84.015269440,0,34,0,0,1,1,4,0,1,1,0,1,0,0000000,18,17,18,37,19,1,0,0,0,1,0
39,390225,3,3,0,8,35,1680,1,4,2010,5,22,45,1,11,1,I-490,,7,41.47431389,-81.705394440,0,12,7,0,1,1,1,0,3,1,0,1,0,0000000,22,45,22,49,88,88,0,0,0,2,0
39,390226,2,2,0,4,49,1800,4,4,2010,1,15,19,0,14,2,US-23,DELAND AVE,174,40.04838056,-83.020419440,0,12,2,0,2,2,1,0,1,1,0,1,0,0000000,15,20,15,23,15,42,0,0,0,1,0
39,390227,3,3,0,3,153,0,7,4,2010,4,20,43,0,14,6,S MAIN ST,E COMET RD,0,40.92330556,-81.535805560,0,12,6,0,2,2,1,0,3,1,0,1,0,0000000,20,44,20,55,88,88,0,0,0,1,1