STATE,ST_CASE,VE_TOTAL,VE_FORMS,PEDS,PERSONS,COUNTY,CITY,DAY,MONTH,YEAR,DAY_WEEK,HOUR,MINUTE,NHS,ROAD_FNC,ROUTE,TWAY_ID,TWAY_ID2,MILEPT,LATITUDE,LONGITUD,SP_JUR,HARM_EV,MAN_COLL,RELJCT1,RELJCT2,TYP_INT,REL_ROAD,WRK_ZONE,LGT_COND,WEATHER1,WEATHER2,WEATHER,SCH_BUS,RAIL,NOT_HOUR,NOT_MIN,ARR_HOUR,ARR_MIN,HOSP_HR,HOSP_MN,CF1,CF2,CF3,FATALS,DRUNK_DR
39,390228,1,1,0,2,39,2130,10,4,2010,7,7,7,0,16,6,FORT ST,,0,41.28784722,-84.358505560,0,33,0,0,1,1,5,0,1,1,0,1,0,0000000,7,8,7,10,88,88,0,0,0,2,1
39,390229,1,1,0,2,77,6070,10,4,2010,7,9,51,0,14,6,MARSHALL ST,,0,41.24891944,-82.614441670,0,42,0,0,1,1,4,0,1,1,0,1,0,0000000,10,4,10,5,10,19,0,0,0,1,0
39,390231,2,2,0,3,35,1680,17,4,2010,7,14,15,0,16,6,CORLETT AVE,E 127TH ST,0,41.45571389,-81.594236110,0,12,6,0,2,2,1,0,1,10,0,10,0,0000000,14,16,14,25,14,49,0,0,0,1,1
39,390232,2,2,0,2,167,0,18,4,2010,1,10,9,1,2,3,SR-7,,305,39.35050833,-81.355055560,0,12,2,0,1,1,1,0,1,10,0,10,0,0000000,10,10,10,19,10,48,0,0,0,1,1
39,390233,3,1,0,4,17,5010,18,4,2010,1,2,35,0,16,6,SPRING GROVE AVE,,0,39.49194444,-84.359944440,0,14,0,0,1,1,5,0,3,1,0,1,0,0000000,2,43,2,45,3,2,14,0,0,1,1
39,390235,2,2,0,4,91,0,22,4,2010,5,22,30,0,6,4,20,,0,40.45101111,-83.578936110,0,12,8,0,1,1,1,0,2,1,0,1,0,0000000,22,52,23,19,0,0,0,0,0,1,1
39,390236,2,2,0,3,57,0,22,4,2010,5,20,9,0,4,4,86,,0,39.67562778,-84.003433330,0,12,2,0,1,1,1,0,5,10,0,10,0,0000000,20,13,20,21,21,6,0,0,0,1,1
39,390237,1,1,1,5,5,0,24,4,2010,7,21,40,1,2,2,US-30,405,95,40.78486944,-82.198697220,0,8,0,0,2,2,1,0,2,2,0,2,0,0000000,21,40,21,49,88,88,0,0,0,1,0
39,390238,1,1,0,1,103,0,25,4,2010,1,21,20,0,6,5,MARTHA CIRCLE,,0,41.17111111,-82.048452780,0,34,0,0,1,1,4,0,2,2,0,2,0,0000000,21,52,22,0,88,88,0,0,0,1,1
39,390239,1,1,0,3,83,0,25,4,2010,1,19,1,0,4,4,WATERFORD RD,,0,40.54205000,-82.638050000,0,59,0,0,1,1,4,0,1,2,0,2,0,0000000,19,6,19,33,20,13,0,0,0,1,1
39,390240,2,2,0,5,49,1800,27,4,2010,3,20,18,1,12,1,I-270,,55,39.94258056,-83.121700000,0,12,7,0,1,1,1,0,5,1,0,1,0,0000000,20,21,20,26,20,54,0,0,0,1,1
39,390242,1,1,0,1,17,5010,21,3,2010,1,23,22,0,16,6,WINTON-ST,,0,39.49396944,-84.375344440,0,33,0,0,1,1,4,0,3,10,0,10,0,0000000,23,24,23,28,0,11,0,0,0,1,1
39,390243,1,1,1,1,95,8120,19,4,2010,2,20,42,0,15,6,ARLINGTON-AVE,,0,41.62330278,-83.589208330,0,8,0,0,1,1,1,0,3,1,0,1,0,0000000,20,44,20,50,20,59,0,0,0,1,0
39,390244,1,1,0,1,61,1610,24,4,2010,7,21,10,0,13,6,HARRISON-AVE,,0,39.13421111,-84.573897220,0,33,0,0,1,1,4,0,3,2,0,2,0,0000000,21,12,21,16,21,50,0,0,0,1,0
39,390246,1,1,1,2,71,0,30,4,2010,6,21,30,0,4,4,N-SHORE-DR,AYRSHIRE-DR,0,39.20139444,-83.469172220,0,8,0,0,3,2,1,0,3,1,0,1,0,0000000,99,98,99,98,88,88,0,0,0,1,1
39,390247,1,1,0,1,113,5275,30,4,2010,6,15,6,0,16,6,HEMPLE RD,,0,39.68792778,-84.298933330,0,7,0,0,1,1,1,0,1,1,0,1,0,0000000,15,6,15,14,15,38,0,0,0,1,1
39,390248,1,1,1,1,113,2090,30,4,2010,6,21,30,0,14,6,JAMES H MCGEE,W FIRST ST,0,39.75607500,-84.225172220,0,8,0,0,3,3,1,0,3,1,0,1,0,0000000,21,30,21,44,22,35,0,0,0,1,1
39,390249,1,1,1,1,89,0,5,5,2010,4,21,29,0,4,3,SR-661,,38,40.10801111,-82.518780560,0,8,0,0,1,1,1,0,2,1,0,1,0,0000000,21,29,21,35,88,88,0,0,0,1,0
39,390250,1,1,0,2,61,9170,16,5,2010,1,4,24,0,16,6,CODY-PASS,ABILENE-TRAIL,0,39.23213611,-84.492372220,0,33,0,0,2,3,4,0,2,10,0,10,0,0000000,4,25,4,32,4,56,0,0,0,1,1
39,390251,1,1,0,3,141,0,25,2,2010,5,16,25,0,4,4,RAPID FORGE RD,,0,39.31304444,-83.367652780,0,35,0,0,1,1,4,0,1,10,4,4,0,0000000,16,33,99,99,18,14,0,0,0,1,0
39,390252,2,2,0,3,61,9090,21,3,2010,1,16,39,1,13,3,SR-4,,62,39.24508333,-84.470958330,0,12,6,0,4,1,1,0,1,10,0,10,0,0000000,16,39,16,45,17,3,0,0,0,1,0
39,390253,1,1,0,2,31,1920,13,4,2010,3,3,1,0,16,6,CASSINGHAM HOLLOW RD,,0,40.24583333,-81.845000000,0,42,0,0,1,1,5,0,2,1,0,1,0,0000000,3,10,3,15,88,88,0,0,0,2,1
39,390254,1,1,0,1,95,8120,23,4,2010,6,1,56,0,15,6,ELEANOR AVE,,0,41.69968056,-83.575080560,0,42,0,0,1,1,4,0,3,10,0,10,0,0000000,2,0,2,11,99,99,0,0,0,1,1
39,390255,1,1,0,4,99,1280,24,4,2010,7,5,3,0,16,6,CYNTHIA DR,,0,41.08234722,-80.575400000,0,43,0,0,1,1,5,0,3,1,0,1,0,0000000,5,8,5,16,5,32,0,0,0,3,1
39,390256,2,2,0,2,17,0,27,4,2010,3,10,30,0,4,3,SR-122,,31,39.53766389,-84.460963890,0,12,8,0,1,1,1,0,1,1,0,1,0,0000000,10,41,10,43,11,4,0,0,0,1,0
39,390257,2,2,0,2,149,0,27,4,2010,3,9,45,0,4,4,25A,,0,40.35216667,-84.167886110,0,12,8,0,1,1,1,0,1,1,0,1,0,0000000,9,45,9,52,99,99,0,0,0,1,0
39,390258,1,1,1,1,95,8120,27,4,2010,3,15,55,0,16,6,THAYER ST,,0,41.62886111,-83.562633330,0,8,0,0,1,1,1,0,1,1,0,1,0,0000000,15,56,16,2,16,25,0,0,0,1,1
39,390259,1,1,0,1,71,0,29,4,2010,5,21,3,0,3,2,US-50,,225,39.21583611,-83.460583330,0,42,0,0,1,1,4,0,2,1,0,1,0,0000000,21,6,21,17,88,88,0,0,0,1,1
39,390260,1,1,0,3,9,0,30,4,2010,6,15,7,0,6,4,23,,0,39.54166944,-82.229761110,0,42,0,0,1,1,4,0,1,1,0,1,0,0000000,15,7,15,9,15,43,0,0,0,1,0
39,390261,3,3,0,4,35,1680,30,4,2010,6,19,14,1,11,1,I-90,,96,41.46911667,-81.788866670,0,11,0,0,1,1,1,0,1,1,0,1,0,0000000,19,16,19,23,19,38,0,0,0,1,0
39,390262,1,1,0,1,151,110,30,4,2010,6,1,21,0,14,6,E ELY ST,,0,40.92440833,-81.101761110,0,19,0,0,1,1,4,0,3,1,0,1,0,0000000,1,24,1,28,1,59,20,0,0,1,0
39,390263,1,1,0,1,41,0,30,4,2010,6,20,56,0,4,2,US-42,,124,40.32861944,-83.007602780,0,30,0,0,1,1,4,0,5,1,0,1,0,0000000,21,8,21,14,88,88,0,0,0,1,1
39,390264,1,1,0,1,143,0,1,5,2010,7,22,55,0,3,2,US-6,,230,41.39397778,-83.021597220,0,34,0,0,1,1,4,0,2,10,0,10,0,0000000,22,57,23,6,88,88,0,0,0,1,1
39,390265,2,2,0,2,173,0,3,5,2010,2,16,12,0,4,3,SR-64,SR-65,113,41.37539167,-83.660458330,0,12,6,0,2,3,1,0,1,10,0,10,0,0000000,16,13,16,19,88,88,0,0,0,1,0
39,390266,1,1,0,2,127,0,4,5,2010,3,19,30,0,4,3,SR-37,,13,39.72347222,-82.342769440,0,52,0,0,1,1,4,0,1,1,0,1,0,0000000,19,30,19,40,99,99,0,0,0,1,1
39,390268,1,1,0,1,17,5010,25,4,2010,1,0,21,0,15,6,GRAND AVE,JACKSON LANE,0,39.50419167,-84.368258330,0,30,0,0,2,2,4,0,3,10,0,10,0,0000000,88,88,88,88,88,88,0,0,0,1,1
39,390269,1,1,0,1,113,0,30,4,2010,6,2,21,1,1,1,I-70,,161,39.86728611,-84.187627780,0,1,0,1,18,1,4,0,3,1,0,1,0,0000000,2,21,2,37,88,88,0,0,0,1,1
39,390270,1,1,0,2,161,0,9,5,2010,1,0,20,0,6,5,CONVERSE-ROSELM-RD,,0,40.99001667,-84.418533330,0,59,0,0,1,1,4,0,2,10,0,10,0,0000000,0,20,0,28,1,13,0,0,0,1,1
39,390271,1,1,0,2,57,0,10,5,2010,2,16,9,0,3,4,135,,0,39.69899167,-83.850030560,0,35,0,0,1,1,4,0,1,10,0,10,0,0000000,16,9,16,18,16,43,0,0,0,1,1
39,390272,2,2,0,3,111,0,11,5,2010,3,14,45,0,3,3,SR-78,,36,39.80045278,-81.281652780,0,12,2,0,1,1,1,0,1,10,0,10,0,0000000,88,88,88,88,88,88,0,0,0,2,0
39,390273,1,1,0,3,139,4680,15,5,2010,7,10,8,0,14,3,SR-430,,33,40.75900000,-82.547094440,0,30,0,0,1,1,4,0,1,1,0,1,0,0000000,10,8,10,11,10,29,0,0,0,2,0
39,390274,1,1,0,1,1,0,18,5,2010,3,1,33,0,3,3,SR-41,,239,38.91608333,-83.432300000,0,38,0,0,1,1,4,0,2,1,0,1,0,0000000,1,34,1,37,88,88,0,0,0,1,0
39,390275,2,2,0,2,149,0,19,5,2010,4,12,1,0,4,3,SR-29,,131,40.33231667,-84.193955560,0,12,2,0,1,1,1,0,1,10,0,10,0,0000000,88,88,88,88,88,88,0,0,0,1,0
39,390276,1,1,0,1,127,0,21,5,2010,6,0,35,0,3,3,SR-13,,372,39.88288889,-82.402291670,0,34,0,0,1,1,4,0,2,10,0,10,0,0000000,88,88,88,88,88,88,0,0,0,1,1
39,390277,1,1,0,2,23,0,15,5,2010,7,14,0,0,4,4,SELMA-PIKE,,0,39.79012500,-83.715783330,0,1,0,0,1,1,4,0,1,10,0,10,0,0000000,14,1,14,16,14,43,0,0,0,1,0
39,390278,2,2,0,2,113,1670,16,5,2010,1,14,27,0,13,3,SR-48,,200,39.84674722,-84.266247220,0,12,2,0,1,1,1,0,1,10,0,10,0,0000000,14,27,14,28,14,59,0,0,0,1,0
39,390279,2,2,0,2,33,0,20,5,2010,5,17,4,0,5,4,MT-ZION-RD,WYANDOT-RD,0,40.77553611,-83.029261110,0,12,6,0,2,2,1,0,1,1,0,1,0,0000000,17,5,17,10,17,30,0,0,0,1,0
39,390280,3,3,0,4,47,0,21,5,2010,6,19,37,1,1,1,I-71,,54,39.63180278,-83.584755560,0,12,6,1,18,1,1,0,1,2,0,2,0,0000000,88,88,88,88,88,88,0,0,0,1,0
39,390281,1,1,1,2,17,0,22,5,2010,7,12,55,0,4,4,EATON-RD,,0,39.48900556,-84.590605560,0,8,0,0,1,1,1,0,1,10,0,10,0,0000000,99,99,99,99,99,99,0,0,0,1,0
39,390282,1,1,0,3,49,1800,23,5,2010,1,3,39,0,14,6,LOCKBOURNE-RD,,0,39.91849167,-82.965755560,0,30,0,0,1,1,4,0,3,10,0,10,0,0000000,4,3,4,15,4,56,0,0,0,1,1
39,390283,2,2,0,2,169,0,23,5,2010,1,21,45,0,3,3,SR-83,,246,40.95251667,-81.994258330,0,1,0,0,4,1,1,0,2,1,0,1,0,0000000,21,45,21,58,88,88,0,0,0,1,0
39,390284,2,2,0,3,49,6890,24,5,2010,2,18,46,0,15,6,WAGGONER-RD,,0,39.97531944,-82.793055560,0,12,2,0,1,1,1,0,1,1,0,1,0,0000000,18,58,19,2,19,34,0,0,0,1,0
39,390285,1,1,0,1,61,4320,29,5,2010,7,6,28,1,11,1,I-75,,118,39.22006944,-84.448322220,0,43,0,1,18,1,4,0,4,1,0,1,0,0000000,88,88,88,88,88,88,0,0,0,1,1
39,390286,1,1,0,1,49,0,3,6,2010,5,22,6,0,3,3,SR-665,,54,39.84642222,-83.154680560,0,53,0,0,1,1,4,0,2,1,0,1,0,0000000,88,88,88,88,88,88,0,0,0,1,1
39,390287,1,1,0,2,155,0,5,3,2010,6,12,11,0,13,3,SR-46,,21,41.16214444,-80.767930560,0,42,0,0,1,1,4,0,1,1,0,1,0,0000000,12,11,12,15,12,44,0,0,0,1,0
39,390288,1,1,1,3,89,3840,30,4,2010,6,19,28,0,13,3,SR-37,,46,40.09058056,-82.615150000,0,42,0,0,1,1,4,0,1,1,0,1,0,0000000,19,28,19,29,20,6,0,0,0,1,0
39,390289,1,1,0,1,7,0,19,5,2010,4,21,0,0,4,3,SR-84,,89,41.82355000,-80.849741670,0,24,0,0,1,1,4,0,2,1,0,1,0,0000000,21,4,21,10,21,45,0,0,0,1,0
39,390290,1,1,0,1,93,0,21,5,2010,6,17,32,0,6,4,WHITEHEAD-RD,,0,41.25422500,-82.139569440,0,34,0,0,1,1,4,0,1,1,0,1,0,0000000,17,32,17,36,18,40,0,0,0,1,0
39,390291,2,2,0,3,133,0,22,5,2010,7,15,58,0,2,3,SR-14,,73,41.19685000,-81.293741670,0,12,2,0,1,1,1,0,1,10,0,10,0,0000000,15,58,16,5,16,43,0,0,0,1,1
39,390292,1,1,0,1,89,0,23,5,2010,1,5,30,0,5,4,WELSH-HILL-RD,,0,40.08508333,-82.490675000,0,42,0,0,1,1,4,0,2,5,0,5,0,0000000,6,8,6,15,7,1,0,0,0,1,1
39,390293,1,1,0,1,103,0,24,5,2010,2,13,0,0,6,5,COON-CLUB-RD,,0,41.09057222,-81.991041670,0,34,0,0,1,1,4,0,1,1,0,1,0,0000000,13,13,13,26,88,88,0,0,0,1,0
39,390294,1,1,0,1,41,0,26,5,2010,4,23,55,0,4,3,SR-315,,84,40.25225556,-83.062458330,0,1,0,0,1,1,4,0,2,1,0,1,0,0000000,23,59,0,6,0,23,0,0,0,1,0
39,390295,2,2,0,4,45,0,27,5,2010,5,13,55,0,6,4,STOUDERTOWN-RD,STEMEN-RD,0,39.89018056,-82.688813890,0,12,6,0,2,2,1,0,1,1,0,1,0,0000000,88,88,88,88,88,88,0,0,0,2,0
39,390296,3,2,0,2,153,0,28,5,2010,6,20,51,0,5,4,RABER-RD,,0,40.96516389,-81.424505560,0,12,6,0,4,1,1,0,5,1,0,1,0,0000000,20,53,21,0,21,20,0,0,0,1,0
39,390297,1,1,0,1,113,2090,30,5,2010,1,4,57,0,16,6,W-THIRD-ST,,0,39.74993611,-84.250172220,0,33,0,0,1,1,4,0,3,1,0,1,0,0000000,88,88,88,88,88,88,0,0,0,1,1
39,390298,1,1,0,1,51,0,18,5,2010,3,16,50,1,1,1,I-80,,154,41.59075000,-84.088925000,0,34,0,1,18,1,4,0,1,10,0,10,0,0000000,16,54,17,0,17,45,0,0,0,1,0
39,390299,3,3,0,5,155,0,24,5,2010,2,13,49,1,1,1,I-80,,71,41.16281944,-80.611275000,0,12,1,1,18,1,1,1,1,1,0,1,0,0000000,13,51,13,59,88,88,0,0,0,3,0
39,390300,1,1,0,1,33,0,28,5,2010,6,13,33,0,6,5,LYDELL-RD,DICKSON-RD,0,40.94574167,-82.797347220,0,1,0,0,2,3,1,0,1,1,0,1,0,0000000,13,37,13,56,14,41,0,0,0,1,0
39,390301,2,2,0,3,175,0,31,5,2010,2,0,31,0,2,2,US-23,,13,40.71621667,-83.177691670,0,12,2,0,1,1,1,0,2,1,0,1,0,0000000,0,34,0,44,88,88,0,0,0,3,1
39,390302,1,1,0,1,153,0,1,6,2010,3,14,54,1,1,1,I-77,,226,41.12928056,-81.651950000,0,5,0,1,18,1,8,0,1,1,0,1,0,0000000,14,58,15,4,15,25,0,0,0,1,0
39,390304,2,2,0,2,11,0,8,6,2010,3,16,25,0,5,4,BUCKLAND-HOLDEN-RD,191,0,40.62910278,-84.108094440,0,12,6,0,2,2,1,0,1,10,0,10,0,0000000,16,31,16,38,17,13,0,0,0,1,0
39,390305,1,1,0,1,129,0,10,6,2010,5,21,44,0,2,2,US-23,,209,39.77114167,-82.989605560,0,34,0,0,1,1,4,0,2,1,0,1,0,0000000,21,46,21,51,22,13,0,0,0,1,1
39,390306,3,3,0,3,113,3895,16,4,2010,6,12,5,0,13,3,SR-48,N DAVID RD,70,39.68140000,-84.166850000,0,12,1,0,3,1,1,0,1,2,0,2,0,0000000,12,6,12,13,12,33,0,0,0,1,0
39,390307,2,2,0,2,59,0,3,5,2010,2,11,12,0,4,3,SR-83,,16,39.86178333,-81.668497220,0,12,8,0,1,1,1,0,1,1,0,1,0,0000000,11,12,11,16,99,99,0,0,0,1,0
39,390308,1,1,0,1,95,0,6,5,2010,5,23,44,0,6,5,96,,0,41.56666667,-83.717500000,0,1,0,0,1,1,4,0,2,1,0,1,0,0000000,23,44,23,50,88,88,0,0,0,1,0
39,390309,1,1,0,1,35,1680,7,5,2010,6,3,45,0,14,2,US-6A,,66,41.51429722,-81.661033330,0,33,0,0,1,1,4,0,3,10,0,10,0,0000000,3,48,3,52,88,88,0,0,0,1,1
39,390310,1,1,1,1,35,1680,7,5,2010,6,22,34,0,13,2,US-6,E 117TH ST,204,41.52310278,-81.604041670,0,8,0,0,2,2,1,0,3,2,0,2,0,0000000,22,37,22,40,22,54,0,0,0,1,0
39,390311,2,2,0,5,23,7800,8,5,2010,7,21,26,0,14,2,US-40,,148,39.92349444,-83.776975000,0,12,6,0,4,1,1,0,3,1,0,1,0,0000000,21,27,21,32,21,45,0,0,0,1,1
39,390312,1,1,0,1,97,0,9,5,2010,1,2,48,1,1,1,I-71,,96,39.77171944,-83.274566670,0,1,0,0,1,1,3,0,2,10,0,10,0,0000000,2,54,3,0,3,28,0,0,0,1,1
39,390313,1,1,0,1,35,1680,9,5,2010,1,18,38,0,14,6,TURNEY RD,,0,41.44145556,-81.623352780,0,30,0,0,1,1,4,0,1,1,0,1,0,0000000,18,40,18,46,88,88,0,0,0,1,1
39,390314,2,2,0,6,49,8730,10,5,2010,2,10,48,0,13,6,N CLEVELAND AVE,W COUNTY LINE RD,0,40.13728333,-82.947550000,0,12,6,0,2,2,1,0,1,1,0,1,0,0000000,10,52,10,59,11,19,0,0,0,2,0
39,390315,5,5,0,7,85,0,10,5,2010,2,14,25,1,1,1,I-90,,139,41.66471944,-81.260580560,0,12,1,0,1,1,1,1,1,1,0,1,0,0000000,14,42,14,54,15,24,0,0,0,1,0
39,390316,1,1,0,1,35,2840,8,4,2010,5,22,25,1,11,1,I-480,,196,41.41190000,-81.614255560,0,30,0,1,18,1,4,0,3,10,0,10,0,0000000,22,30,22,32,22,50,0,0,0,1,0
39,390317,2,2,0,2,45,4050,2,5,2010,1,21,27,0,15,6,COLUMBUS-ST,,0,39.72942778,-82.605011110,0,12,2,0,1,1,1,0,3,2,0,2,0,0000000,21,27,21,34,22,3,0,0,0,1,1
39,390318,2,2,0,3,113,5275,18,5,2010,3,14,29,0,13,3,SR-741,SANDRIDGE-DR,90,39.71602778,-84.215411110,0,12,2,0,2,3,1,0,1,10,0,10,0,0000000,14,29,14,29,14,46,0,0,0,2,0
39,390319,2,2,0,3,7,1850,27,5,2010,5,19,31,0,14,3,SR-531,MILL ST,224,41.96134167,-80.557361110,0,12,6,0,2,7,1,0,1,1,0,1,0,0000000,19,31,19,36,19,55,0,0,0,1,0
39,390320,2,2,0,2,91,0,8,6,2010,3,8,46,0,4,3,SR-274,23,4,40.43943056,-83.993633330,0,12,2,0,2,2,1,0,1,1,0,1,0,0000000,8,46,8,50,88,88,0,0,0,1,0
39,390321,2,2,0,2,151,0,10,6,2010,5,10,38,0,4,4,STATE-ST,,0,40.92213333,-81.386472220,0,12,2,0,1,1,1,0,1,10,0,10,0,0000000,10,52,10,57,11,27,0,0,0,1,0
39,390322,1,1,0,1,155,0,12,6,2010,7,16,15,0,5,4,KING-GRAVES-RD,,0,41.26627500,-80.717252780,0,34,0,0,1,1,4,0,1,1,0,1,0,0000000,16,17,16,23,16,59,0,0,0,1,1
39,390323,2,2,0,3,99,0,12,6,2010,7,18,47,0,14,6,SOUTH-AVE,,0,41.02085556,-80.634383330,0,12,6,0,4,1,1,0,1,1,0,1,0,0000000,18,49,18,55,99,99,0,0,0,1,0
39,390324,2,2,0,2,25,0,12,6,2010,7,17,2,0,4,4,351,119,0,39.07788889,-84.157350000,0,12,6,0,2,3,1,0,1,1,0,1,0,0000000,17,13,17,32,18,3,0,0,0,1,0
39,390325,2,2,0,3,89,0,13,6,2010,1,3,20,1,2,3,SR-79,,77,39.99141389,-82.478369440,0,12,2,0,1,1,1,0,2,10,0,10,0,0000000,3,20,3,23,99,99,0,0,0,2,1
39,390326,2,2,0,5,165,0,24,4,2010,7,18,45,0,4,3,SR-122,SPRINGBBORO RD,63,39.48755000,-84.220591670,0,12,2,0,2,2,1,0,1,2,0,2,0,0000000,18,49,19,5,19,27,0,0,0,1,0
39,390327,2,2,0,3,171,0,10,5,2010,2,13,0,0,4,2,US-127,,124,41.55878611,-84.473177780,0,12,8,0,1,1,1,0,1,1,0,1,0,0000000,13,4,13,29,14,15,0,0,0,3,0
39,390328,2,2,0,8,13,0,12,5,2010,4,14,50,0,3,3,SR-800,,160,40.05942778,-81.157630560,0,12,2,1,5,1,1,0,1,2,0,2,0,0000000,14,55,15,4,15,43,0,0,0,1,0
39,390329,2,2,0,2,87,0,12,5,2010,4,8,10,0,6,4,403,,0,38.44333333,-82.377650000,0,12,2,0,1,1,1,0,1,1,0,1,0,0000000,8,12,8,16,9,20,0,0,0,1,0
39,390330,1,1,0,1,125,0,14,5,2010,6,22,13,0,5,4,171,,0,41.14046389,-84.431219440,0,34,0,0,1,1,5,0,2,1,0,1,0,0000000,22,14,22,28,88,88,0,0,0,1,1
39,390331,1,1,0,1,91,0,14,5,2010,6,11,15,0,6,4,2,,0,40.36491944,-83.635938890,0,1,0,0,1,1,5,0,1,1,0,1,0,0000000,11,15,11,17,88,88,0,0,0,1,0
39,390332,1,1,0,1,31,0,8,5,2010,7,13,30,0,4,3,SR-60,,109,40.29517500,-82.031005560,0,24,0,0,1,1,4,0,1,10,0,10,0,0000000,88,88,88,88,88,88,0,0,0,1,1
39,390333,2,2,0,5,95,8120,15,5,2010,7,2,27,0,14,6,W SYLVANIA AVE,BURTON AVE,0,41.69241389,-83.580058330,0,12,6,0,2,2,1,0,3,1,0,1,0,0000000,2,27,2,34,2,58,0,0,0,1,2
39,390334,1,1,0,1,35,2860,15,5,2010,7,22,50,0,15,8,OLD MILL RD,,0,41.51950278,-81.403263890,0,33,0,0,1,1,5,0,2,1,0,1,0,0000000,99,99,99,99,88,88,0,0,0,1,1
39,390335,1,1,0,1,33,0,15,5,2010,7,8,5,0,6,5,21,,0,40.85444444,-83.073936110,0,35,0,0,1,1,4,0,1,1,0,1,0,0000000,8,16,8,22,88,88,0,0,0,1,1
39,390336,2,2,0,2,143,0,16,5,2010,1,15,47,0,6,4,113,308,0,41.25553056,-82.859347220,0,12,6,0,2,2,1,0,1,10,0,10,0,0000000,15,56,16,13,88,88,0,0,0,1,0
39,390337,2,2,0,2,35,1050,17,5,2010,2,17,38,1,11,1,I-71,,87,41.40449722,-81.818361110,0,12,7,0,1,1,1,0,1,2,0,2,0,0000000,17,42,17,45,18,9,0,0,0,1,0
39,390338,1,1,0,1,141,0,19,5,2010,4,18,56,1,2,2,US-23,,108,39.31947778,-82.939700000,0,24,0,0,1,1,3,0,1,10,0,10,0,0000000,18,56,19,8,88,88,0,0,0,1,0
39,390339,2,2,0,2,163,0,19,5,2010,4,17,23,0,3,2,US-50,,49,39.26458056,-82.680861110,0,12,2,0,1,1,1,0,1,10,0,10,0,0000000,17,33,17,45,19,12,0,0,0,1,0
39,390340,2,2,0,2,49,1800,20,5,2010,5,23,40,1,13,3,SR-161,PONDEROSA DR,141,40.08227500,-82.937422220,0,12,6,0,2,2,1,0,3,1,0,1,0,0000000,23,40,23,45,0,5,0,0,0,1,1
39,390341,1,1,1,1,49,1800,21,5,2010,6,5,0,0,13,6,SAWMILL RD,SAWBURY BLVD,0,40.11416667,-83.090555560,0,9,0,0,2,2,1,0,3,2,0,2,0,0000000,5,0,5,2,5,30,0,0,0,1,0
39,390342,2,2,0,3,125,0,21,5,2010,6,20,5,0,4,3,SR-49,,73,41.09523056,-84.726830560,0,12,6,0,1,1,1,0,5,2,0,2,0,0000000,20,50,21,3,21,32,0,0,0,2,0
39,390343,2,2,0,2,27,0,21,5,2010,6,19,1,0,4,3,SR-380,,73,39.53750000,-83.957150000,0,12,1,0,1,1,1,0,1,2,0,2,0,0000000,19,1,19,4,88,88,0,0,0,1,0
39,390344,1,1,0,1,153,0,22,5,2010,7,18,45,0,2,3,SR-241,,64,40.99913889,-81.463161110,0,43,0,0,1,1,4,0,1,10,0,10,0,0000000,18,50,18,56,19,21,0,0,0,1,1
39,390345,1,1,0,3,135,0,22,5,2010,7,14,55,0,5,4,CAMDEN COLLEGE RD,,0,39.61066111,-84.666238890,0,42,0,0,1,1,4,0,1,1,0,1,0,0000000,99,99,99,99,99,99,0,0,0,2,1
39,390346,1,1,0,1,79,0,23,5,2010,1,19,30,0,2,3,SR-32,,206,39.09151389,-82.538413890,0,52,0,0,1,1,4,0,1,1,0,1,0,0000000,19,45,19,53,20,24,0,0,0,1,0
39,390347,1,1,0,1,95,7980,19,4,2010,2,13,56,0,14,6,MONROE ST,SILICA DR,0,41.71547500,-83.707763890,0,1,0,0,2,2,1,0,1,1,0,1,0,0000000,13,57,14,0,14,22,0,0,0,1,0
39,390348,1,1,0,1,151,0,25,4,2010,1,2,1,0,4,6,31,,0,40.90579444,-81.302775000,0,34,0,0,1,1,5,0,2,2,0,2,0,0000000,2,3,2,22,88,88,0,0,0,1,1
39,390349,1,1,0,1,97,0,23,5,2010,1,4,0,0,6,4,123,,0,40.06726944,-83.463511110,0,53,0,0,1,1,4,0,2,5,0,5,0,0000000,4,16,4,36,88,88,0,0,0,1,1
39,390350,2,2,0,2,113,0,23,5,2010,1,5,55,1,1,1,I-75,I-675,25,39.62367222,-84.231130560,0,12,2,1,5,1,1,0,4,1,0,1,0,0000000,5,55,6,6,88,88,0,0,0,2,1
39,390351,2,2,0,4,113,3895,24,5,2010,2,15,27,0,14,6,E STROOP RD,LEFEVRE DR,0,39.68925556,-84.159338890,0,12,6,0,2,2,1,0,1,1,0,1,0,0000000,15,33,15,37,15,56,0,0,0,1,0
39,390353,1,1,0,1,35,1680,26,5,2010,4,1,14,0,16,6,BARTLETT AVE,,0,41.45752222,-81.580319440,0,30,0,0,1,1,4,0,3,1,0,1,0,0000000,99,99,99,99,1,44,0,0,0,1,0
39,390354,2,2,0,2,61,0,4,4,2010,1,15,58,0,4,4,NEW-HAVEN-RD,DRY-FORK-RD,0,39.26887500,-84.752225000,0,12,6,0,2,3,1,0,1,1,0,1,0,0000000,15,58,16,9,16,50,0,0,0,1,0
39,390355,2,2,0,4,95,8120,1,5,2010,7,9,25,0,16,6,BROADWAY-ST,FORAKER-AVE,0,41.62090278,-83.574050000,0,12,6,0,2,3,1,0,1,10,0,10,0,0000000,9,28,9,34,99,99,0,0,0,1,0
39,390356,1,1,0,4,19,0,7,5,2010,6,18,6,0,3,3,SR-39,,126,40.57523056,-81.120750000,0,34,0,0,1,1,4,0,1,1,0,1,0,0000000,22,12,22,18,23,12,0,0,0,1,1