STATE,ST_CASE,VE_TOTAL,VE_FORMS,PEDS,PERSONS,COUNTY,CITY,DAY,MONTH,YEAR,DAY_WEEK,HOUR,MINUTE,NHS,ROAD_FNC,ROUTE,TWAY_ID,TWAY_ID2,MILEPT,LATITUDE,LONGITUD,SP_JUR,HARM_EV,MAN_COLL,RELJCT1,RELJCT2,TYP_INT,REL_ROAD,WRK_ZONE,LGT_COND,WEATHER1,WEATHER2,WEATHER,SCH_BUS,RAIL,NOT_HOUR,NOT_MIN,ARR_HOUR,ARR_MIN,HOSP_HR,HOSP_MN,CF1,CF2,CF3,FATALS,DRUNK_DR
39,390358,1,1,1,1,155,8530,1,6,2010,3,0,49,0,14,6,ATLANTIC ST NE,VINE AVE,0,41.24497778,-80.813894440,0,8,0,0,3,2,1,0,3,2,0,2,0,0000000,0,51,0,55,1,16,0,0,0,1,0
39,390359,2,2,0,3,93,0,1,6,2010,3,10,45,0,3,4,SOUTH-BROADWAY-AVE,,0,41.42908611,-82.162658330,0,12,2,0,1,1,1,0,1,1,0,1,0,0000000,11,8,11,57,13,32,0,0,0,2,0
39,390360,1,1,0,1,103,0,3,6,2010,5,16,40,0,4,3,SR-162,,219,41.09936944,-81.780477780,0,53,0,0,1,1,4,0,1,10,0,10,0,0000000,16,49,16,52,17,56,0,0,0,1,0
39,390361,3,3,0,3,61,1610,10,6,2010,5,9,38,1,12,2,US-50,KEMPER-LANE,231,39.11770833,-84.485163890,0,12,1,0,2,3,1,0,1,1,0,1,0,0000000,9,41,9,43,10,15,0,0,0,1,0
39,390362,2,2,0,5,83,0,11,6,2010,6,7,9,0,6,4,LOWER-FREDERICKTOWN,,0,40.47250278,-82.455125000,0,12,2,0,1,1,1,0,1,1,0,1,0,0000000,7,11,7,21,8,2,0,0,0,1,1
39,390363,1,1,0,1,173,0,13,6,2010,1,7,0,0,6,5,OIL-CENTER-RD,N-BALTIMORE-RD,0,41.21189444,-83.678530560,0,59,0,0,2,3,4,0,2,1,0,1,0,0000000,9,16,9,23,88,88,0,0,0,1,0
39,390364,2,2,0,2,113,1670,13,6,2010,1,13,58,0,15,6,OLD-SALEM-RD,PARK-VISTA-RD,0,39.84749167,-84.304016670,0,12,6,0,2,2,1,0,1,1,0,1,0,0000000,14,0,14,5,14,30,0,0,0,1,0
39,390365,2,2,0,2,103,0,16,6,2010,4,5,7,0,3,3,SR-83,,106,41.13614722,-82.023675000,0,12,2,0,1,1,1,0,2,10,0,10,0,0000000,5,8,5,19,99,99,0,0,0,1,1
39,390366,1,1,1,1,99,0,17,6,2010,5,5,28,0,9,4,E-MIDDLETOWN-RD,,0,40.95821389,-80.582902780,0,8,0,0,1,1,1,0,4,10,0,10,0,0000000,5,28,5,38,6,9,0,0,0,1,0
39,390367,1,1,0,2,79,0,20,5,2010,5,23,15,0,6,5,180,,0,39.12233889,-82.489780560,0,43,0,0,1,1,4,0,2,10,0,10,0,0000000,23,31,23,37,88,88,0,0,0,1,1
39,390368,1,1,0,2,89,0,26,5,2010,4,18,34,0,4,3,SR-661,,28,40.09321667,-82.520063890,0,1,0,0,1,1,5,0,1,1,0,1,0,0000000,18,36,18,39,99,99,0,0,0,1,0
39,390369,2,2,0,3,95,0,28,5,2010,6,23,5,1,2,2,US-20,I-475,87,41.67573056,-83.691202780,0,12,6,1,2,2,1,0,3,1,0,1,0,0000000,23,10,23,19,23,41,0,0,0,1,0
39,390370,1,1,0,1,173,6490,31,5,2010,2,2,18,0,16,6,S WILKINSON WAY,,0,41.52416667,-83.650555560,0,33,0,0,1,1,4,0,2,1,0,1,0,0000000,99,99,99,99,88,88,0,0,0,1,1
39,390371,2,2,0,3,35,1680,1,6,2010,3,16,25,0,14,2,US-6A,W 29TH ST,70,41.48980556,-81.711147220,0,12,6,0,2,2,1,0,1,1,0,1,0,0000000,16,31,16,37,16,53,0,0,0,1,0
39,390372,1,1,1,1,95,8120,1,6,2010,3,21,28,0,15,6,ARLINGTON AVE,,0,41.62321111,-83.595733330,0,8,0,0,1,1,1,0,3,1,0,1,0,0000000,21,28,21,32,99,99,0,0,0,1,0
39,390373,2,2,0,3,61,0,18,6,2010,6,21,5,0,4,4,HARRISON-AVE,,0,39.24784167,-84.786236110,0,12,2,0,1,1,1,0,5,10,0,10,0,0000000,21,8,21,18,22,2,0,0,0,1,1
39,390374,1,1,1,1,49,1800,23,6,2010,4,22,27,0,14,6,REFUGEE-RD,,0,39.91631944,-82.891244440,0,8,0,0,1,1,1,0,2,1,0,1,0,0000000,22,27,22,31,88,88,0,0,0,1,0
39,390375,4,3,0,8,49,1800,26,6,2010,7,20,47,0,16,6,PERDUE-AVE,,0,40.02264444,-82.952152780,0,12,1,0,1,1,1,0,2,10,0,10,0,0000000,20,53,20,58,21,16,0,0,0,1,1
39,390376,3,3,0,3,49,1800,29,6,2010,3,21,27,0,14,6,E-LIVINGSTON-AVE,,0,39.94958889,-82.967719440,0,12,1,0,1,1,1,0,1,1,0,1,0,0000000,21,27,21,33,21,43,0,0,0,1,0
39,390377,2,2,0,2,61,0,29,6,2010,3,13,50,1,1,1,I-275,,121,39.22527222,-84.658327780,0,12,6,1,18,1,1,0,1,1,0,1,0,0000000,88,88,88,88,88,88,0,0,0,1,0
39,390378,2,2,0,4,49,1800,1,7,2010,5,17,48,1,11,1,I-270,,476,39.91322500,-82.886611110,0,12,6,1,19,1,2,0,1,1,0,1,0,0000000,17,49,17,57,18,12,0,0,0,1,0
39,390379,2,2,0,2,49,1800,5,7,2010,2,1,36,0,13,2,US-23,RUMSEY-RD,64,39.89425556,-82.995513890,0,12,6,0,2,3,1,0,3,1,0,1,0,0000000,1,36,1,40,2,13,0,0,0,1,0
39,390381,1,1,0,1,35,4685,10,5,2010,2,6,50,0,14,6,ROCKSIDE-RD,,0,41.40211389,-81.582583330,0,33,0,0,1,1,4,0,1,1,0,1,0,0000000,6,51,6,54,7,35,0,0,0,1,0
39,390382,2,2,0,3,141,0,9,6,2010,4,18,15,0,6,4,WALNUT-CREEK,,0,39.33583056,-82.872869440,0,12,2,0,1,1,1,0,1,10,0,10,0,0000000,18,27,18,55,19,31,0,0,0,1,1
39,390383,1,1,0,1,151,0,18,6,2010,6,22,16,0,5,5,MILL-ST,,0,40.76880278,-81.379658330,0,1,0,0,1,1,1,0,2,1,0,1,0,0000000,22,19,22,23,23,0,0,0,0,1,1
39,390384,3,3,0,5,173,0,20,6,2010,1,19,10,0,4,3,SR-105,,61,41.40698056,-83.507497220,0,12,2,0,1,1,1,0,1,10,0,10,0,0000000,19,22,19,38,20,6,0,0,0,1,0
39,390385,2,2,0,2,35,4480,23,6,2010,4,10,38,0,16,6,ANDERSON-RD,,0,41.53550278,-81.499091670,0,12,7,0,1,1,1,0,1,1,0,1,0,0000000,10,48,10,53,11,7,0,0,0,1,0
39,390386,1,1,1,1,155,0,25,6,2010,6,0,55,0,6,4,CENTER WORLD SOUTH,,0,41.22486111,-80.913127780,0,8,0,0,1,1,1,0,2,10,0,10,0,0000000,2,39,2,59,88,88,0,0,0,1,0
39,390387,1,1,0,1,63,2610,29,6,2010,3,20,7,0,14,6,BRIGHT-RD,,0,41.06019722,-83.617372220,0,33,0,0,1,1,4,0,1,1,0,1,0,0000000,20,10,20,13,20,33,0,0,0,1,1
39,390388,1,1,0,1,155,0,1,7,2010,5,15,10,0,6,4,CARSON-SALT-SPRING,,0,41.16700000,-80.908450000,0,1,0,0,1,1,4,0,1,1,0,1,0,0000000,15,17,15,28,16,5,0,0,0,1,0
39,390389,2,2,0,4,61,0,3,7,2010,7,22,41,0,4,4,KILBY-RD,,0,39.21435833,-84.782816670,0,12,2,0,1,1,1,0,2,10,0,10,0,0000000,22,41,22,49,23,23,0,0,0,1,1
39,390390,2,2,0,3,129,0,7,7,2010,4,13,40,0,2,2,US-23,SPERRY-DR,73,39.58313611,-82.953472220,0,12,6,0,2,2,1,0,1,1,0,1,0,0000000,13,54,13,58,14,28,0,0,0,1,0
39,390391,1,1,0,1,165,7790,1,5,2010,7,2,24,0,16,6,PENNYROYAL RD,,0,39.57744444,-84.250888890,0,59,0,0,1,1,4,0,2,1,0,1,0,0000000,99,99,99,99,88,88,0,0,0,1,1
39,390392,3,3,0,3,3,0,7,5,2010,6,5,40,0,3,3,SR-309,,45,40.80015833,-84.233822220,0,12,8,0,1,1,1,0,2,1,0,1,0,0000000,5,45,5,51,6,11,0,0,0,1,0
39,390393,2,2,0,3,115,0,7,5,2010,6,13,23,0,4,3,SR-376,COTTONWOOD DR,76,39.62330833,-81.835733330,0,12,1,0,2,2,1,0,1,1,0,1,0,0000000,13,30,13,56,14,49,0,0,0,1,0
39,390394,1,1,0,2,171,1090,29,5,2010,7,2,22,0,5,6,PARKVIEW AVE,,0,41.47182500,-84.555716670,0,33,0,0,1,1,5,0,2,1,0,1,0,0000000,2,22,2,25,2,56,20,0,0,1,1
39,390396,1,1,0,2,113,1670,4,6,2010,6,20,41,0,16,6,CRESTWAY DR,,0,39.83909444,-84.348880560,0,38,0,0,1,1,5,0,1,1,0,1,0,0000000,20,45,20,59,21,28,0,0,0,1,0
39,390397,1,1,0,1,169,0,5,6,2010,7,21,56,0,5,4,5A,,0,40.98111111,-81.681944440,0,30,0,0,1,1,5,0,2,10,0,10,0,0000000,21,52,22,1,22,14,0,0,0,1,1
39,390398,1,1,0,1,49,1800,5,6,2010,7,2,20,1,11,1,I-71,,243,40.06138889,-82.997777780,0,33,0,1,5,1,8,0,3,10,0,10,0,0000000,2,25,2,31,88,88,0,0,0,1,1
39,390400,2,2,0,4,59,0,7,6,2010,2,19,11,0,5,3,SR-660,,49,39.96644722,-81.583850000,0,12,2,0,1,1,1,0,1,1,0,1,0,0000000,19,14,19,20,19,47,0,0,0,1,0
39,390401,1,1,2,1,101,0,8,6,2010,3,12,47,0,5,4,194,,0,40.64635556,-82.965369440,0,15,0,0,1,1,1,0,1,10,0,10,0,0000000,12,48,12,50,13,23,0,0,0,1,0
39,390402,2,2,0,7,119,0,9,6,2010,4,12,51,1,1,1,I-70,,51,39.94659444,-82.130786110,0,12,6,0,1,1,1,0,1,2,0,2,0,0000000,12,54,13,10,13,31,0,0,0,5,0
39,390403,1,1,0,1,75,0,10,6,2010,5,0,0,0,6,4,114,,0,40.47188889,-81.727380560,0,38,0,0,1,1,4,0,2,1,0,1,0,0000000,2,23,2,40,88,88,0,0,0,1,1
39,390404,2,2,0,2,127,0,10,6,2010,5,20,30,0,4,3,SR-37,FLAG DALE RD,9,39.72211111,-82.349311110,0,12,6,0,2,2,1,0,1,1,0,1,0,0000000,20,32,20,39,21,8,0,0,0,1,2
39,390405,2,2,0,2,113,0,10,6,2010,5,19,9,0,4,4,FARMERS W CARROLLTON,,0,39.67373333,-84.272411110,0,12,1,0,1,1,1,0,1,1,0,1,0,0000000,99,99,99,99,99,99,0,0,0,1,0
39,390406,2,2,0,3,159,0,10,6,2010,5,15,32,1,2,2,US-36,,34,40.16339444,-83.448630560,0,12,8,0,1,1,1,0,1,1,0,1,0,0000000,15,28,15,39,16,5,0,0,0,1,0
39,390407,1,1,0,1,43,0,12,6,2010,7,16,7,0,6,4,35,,0,41.43095833,-82.901222220,0,43,0,0,1,1,4,0,1,1,0,1,0,0000000,16,13,16,23,88,88,0,0,0,1,1
39,390408,1,1,0,1,123,0,12,6,2010,7,0,32,1,2,3,SR-2,,234,41.51074444,-82.903547220,0,1,0,1,5,1,4,0,2,1,0,1,0,0000000,0,42,1,1,1,48,0,0,0,1,1
39,390409,2,2,0,5,55,0,13,6,2010,1,22,15,1,2,2,US-422,,64,41.38106111,-81.271230560,0,11,0,0,1,1,1,0,2,1,0,1,0,0000000,22,25,22,29,88,88,0,0,0,1,0
39,390410,1,1,0,1,99,9230,13,6,2010,1,23,41,1,11,1,I-680,,62,41.09293611,-80.655227780,0,25,0,0,1,1,3,0,3,1,0,1,0,0000000,23,45,23,46,88,88,0,0,0,1,1
39,390411,1,1,0,1,35,2840,14,6,2010,2,21,30,0,13,3,SR-14,,79,41.42567500,-81.584558330,0,33,0,0,1,1,4,0,3,1,0,1,0,0000000,21,30,21,32,88,88,0,0,0,1,1
39,390412,1,1,0,6,131,0,22,6,2010,3,5,10,0,5,4,CLINES-CHAPEL-RD,,0,39.17163056,-83.087672220,0,42,0,0,1,1,4,0,2,10,0,10,0,0000000,5,16,5,31,99,99,0,0,0,2,0
39,390413,1,1,0,2,113,0,24,6,2010,5,15,41,0,6,4,AIR-HILL-RD,,0,39.81812778,-84.405125000,0,42,0,0,1,1,4,0,1,1,0,1,0,0000000,88,88,88,88,88,88,0,0,0,2,0
39,390414,1,1,0,2,43,0,26,6,2010,7,3,43,0,3,3,SR-4,,35,41.33887778,-82.760119440,0,59,0,0,1,1,4,0,2,1,0,1,0,0000000,4,5,4,19,4,58,0,0,0,1,1
39,390415,1,1,0,3,169,9140,29,6,2010,3,12,16,0,13,3,SR-3,,189,40.87982500,-81.919438890,0,53,0,0,1,1,4,0,1,1,0,1,0,0000000,12,17,12,27,12,38,0,0,0,1,0
39,390416,2,2,0,5,119,0,1,7,2010,5,13,55,1,2,3,SR-16,481,144,40.15665833,-81.947700000,0,12,6,0,2,2,1,0,1,1,0,1,0,0000000,14,5,14,21,15,4,0,0,0,1,0
39,390417,1,1,0,1,105,0,2,7,2010,6,12,15,0,6,4,HAPPY-HOLLOW-RD,,0,39.04868056,-82.115869440,0,34,0,0,1,1,4,0,1,1,0,1,0,0000000,88,88,88,88,88,88,0,0,0,1,0
39,390418,1,1,0,1,49,1800,3,7,2010,7,2,55,1,11,1,I-270,,259,40.10935833,-82.980294440,0,24,0,1,5,1,4,0,3,10,0,10,0,0000000,88,88,88,88,88,88,0,0,0,1,1
39,390419,1,1,0,1,103,0,5,7,2010,2,12,13,0,6,4,BEACH-RD,,0,41.11170000,-81.755861110,0,32,0,0,1,1,4,0,1,1,0,1,0,0000000,12,13,12,20,88,88,0,0,0,1,1
39,390420,1,1,0,1,155,0,7,7,2010,4,21,30,1,1,1,I-80,,45,41.15946944,-80.652313890,0,24,0,1,18,1,4,0,2,1,0,1,0,0000000,21,40,21,57,22,25,0,0,0,1,1
39,390421,1,1,0,1,39,0,11,7,2010,1,13,50,0,6,4,TITTLE-RD,,0,41.27868056,-84.473261110,0,10,0,0,6,1,1,0,1,1,0,1,0,142377T,88,88,88,88,88,88,0,0,0,1,0
39,390422,1,1,0,1,61,0,17,3,2010,4,16,40,0,4,3,SR-264,,52,39.15449167,-84.677938890,0,1,0,0,1,1,4,0,1,1,0,1,0,0000000,16,44,16,46,17,30,0,0,0,1,0
39,390423,2,2,0,2,37,0,14,6,2010,2,13,50,0,6,4,57,GREENVILLE PALESTINE,0,40.07758056,-84.693272220,0,12,6,0,2,2,1,0,1,10,0,10,0,0000000,13,50,13,58,14,19,0,0,0,1,0
39,390424,2,2,0,4,97,0,15,6,2010,3,9,59,0,6,4,45,7,0,40.00897500,-83.262402780,0,12,6,0,2,2,1,0,1,1,0,1,0,0000000,9,45,11,23,99,99,0,0,0,1,0
39,390426,2,2,0,2,123,0,17,6,2010,5,16,17,0,4,3,SR-163,SR-590,99,41.51643056,-83.222447220,0,12,6,0,2,2,1,0,1,10,0,10,0,0000000,16,18,16,27,88,88,0,0,0,1,0
39,390427,2,2,0,4,93,0,18,6,2010,6,19,10,0,4,3,SR-57,N RIDGE RD,213,41.41831944,-82.118927780,0,12,6,0,2,2,1,0,1,1,0,1,0,0000000,19,19,19,28,19,40,0,0,0,1,1
39,390428,2,2,0,2,145,0,18,6,2010,6,3,44,1,2,2,US-52,,335,38.65537500,-82.852894440,0,12,8,0,1,1,1,0,3,1,0,1,0,0000000,3,32,3,47,99,99,0,0,0,2,1
39,390429,1,1,0,1,9,0,19,6,2010,7,21,50,0,5,4,10,,0,39.29979722,-82.159658330,0,35,0,0,1,1,4,0,2,10,0,10,0,0000000,21,52,22,1,22,24,0,0,0,1,1
39,390430,2,2,0,4,43,740,20,6,2010,1,11,55,1,11,1,I-80,,185,41.32893889,-82.492133330,0,12,11,0,1,1,1,0,1,1,0,1,0,0000000,11,59,12,10,12,39,14,0,0,1,0
39,390431,1,1,0,2,159,0,21,6,2010,2,8,24,0,4,3,SR-47,,55,40.41110556,-83.466038890,0,53,0,0,1,1,4,0,1,1,0,1,0,0000000,8,38,8,58,9,34,0,0,0,1,0
39,390432,2,2,0,3,145,0,21,6,2010,2,19,15,0,4,3,SR-140,,144,38.81191111,-82.674269440,0,12,6,0,1,1,1,0,1,10,0,10,0,0000000,19,27,19,46,20,21,0,0,0,1,0
39,390433,1,1,0,2,21,0,22,6,2010,3,9,39,1,2,2,US-68,,16,40.04064167,-83.780930560,0,43,0,0,1,1,3,0,1,2,0,2,0,0000000,9,38,9,54,10,27,0,0,0,1,0
39,390434,2,2,0,2,151,0,22,6,2010,3,21,25,0,5,4,BROADWAY AVE NE,BOSLER ST,0,40.81687778,-81.299155560,0,12,2,0,2,3,1,0,1,1,0,1,0,0000000,21,29,21,31,22,10,0,0,0,1,0
39,390435,1,1,0,1,19,4600,22,6,2010,3,22,26,0,4,3,SR-183,,10,40.65128611,-81.300463890,0,52,0,0,1,1,4,0,2,1,0,1,0,0000000,22,26,22,29,22,40,0,0,0,1,1
39,390436,2,2,0,3,59,0,23,6,2010,4,14,17,1,1,1,I-70,,170,40.03339722,-81.444397220,0,59,0,0,1,1,3,0,1,10,0,10,0,0000000,14,24,14,38,99,99,0,0,0,1,0
39,390437,1,1,0,2,49,1800,26,6,2010,7,3,37,0,14,6,FRANK RD,HARMON AVE,0,39.91743889,-83.015355560,0,34,0,0,3,1,5,0,2,1,0,1,0,0000000,3,38,3,41,4,1,0,0,0,1,1
39,390438,2,2,0,3,101,0,26,6,2010,7,22,18,0,3,3,SR-4,,42,40.49353611,-83.184272220,0,12,6,0,1,1,1,0,2,10,0,10,0,0000000,22,19,22,32,99,99,0,0,0,2,0
39,390439,2,2,0,3,49,1800,26,6,2010,7,20,3,0,13,6,MORSE RD,N STYGLER RD,0,40.05665833,-82.890644440,0,12,6,0,2,2,1,0,1,10,0,10,0,0000000,20,4,20,8,20,42,0,0,0,1,0
39,390440,2,2,0,4,169,0,28,6,2010,2,23,28,0,5,4,6,86,0,40.85784444,-81.943008330,0,12,6,0,2,2,1,0,2,1,0,1,0,0000000,23,32,23,34,23,52,0,0,0,1,0
39,390441,1,1,0,1,129,0,30,6,2010,4,11,57,0,6,4,89,,0,39.75174444,-82.838544440,0,53,0,0,1,1,4,0,1,1,0,1,0,0000000,12,8,12,21,88,88,0,0,0,1,0
39,390442,1,1,0,4,175,0,2,7,2010,6,18,50,0,6,5,25,,0,40.93450556,-83.368261110,0,34,0,0,1,1,4,0,1,1,0,1,0,0000000,19,10,19,20,20,10,0,0,0,1,0
39,390443,2,2,0,4,49,0,3,6,2010,5,12,9,0,5,4,FEDER-RD,ALTON-DARBY-CREEK-RD,0,39.97317500,-83.174400000,0,12,6,0,2,2,1,0,1,10,0,10,0,0000000,12,17,12,23,12,51,0,0,0,1,0
39,390444,2,2,0,6,65,0,16,6,2010,4,17,42,0,4,3,SR-273,SR-292,34,40.52802500,-83.575352780,0,12,6,0,2,2,1,0,1,1,0,1,0,0000000,99,99,99,99,99,99,0,0,0,1,0
39,390445,1,1,0,1,83,0,26,6,2010,7,20,16,0,3,3,SR-3,,218,40.44165556,-82.445033330,0,32,0,0,1,1,4,0,1,10,0,10,0,0000000,20,21,20,27,20,54,0,0,0,1,1
39,390446,1,1,0,1,19,0,28,6,2010,2,14,28,0,4,3,SR-171,,68,40.62057500,-81.143058330,0,42,0,0,1,1,4,0,1,10,0,10,0,0000000,88,88,88,88,88,88,0,0,0,1,1
39,390447,1,1,0,2,147,0,3,7,2010,7,20,0,0,6,5,24,,0,41.00669444,-83.407111110,0,42,0,0,1,1,4,0,1,1,0,1,0,0000000,20,14,20,27,21,2,0,0,0,1,0
39,390448,1,1,0,1,151,0,12,7,2010,2,6,28,0,3,3,SR-241,,133,40.84673611,-81.494780560,0,42,0,0,1,1,4,0,1,10,0,10,0,0000000,88,88,88,88,88,88,0,0,0,1,0
39,390449,1,1,1,1,49,3500,14,7,2010,4,3,15,1,11,1,I-270,,128,40.03183611,-83.123308330,0,8,0,1,18,1,1,0,2,1,0,1,0,0000000,88,88,88,88,88,88,0,0,0,1,0
39,390450,1,1,0,2,169,0,17,7,2010,7,17,43,0,5,4,SEVILLE-RD,,0,40.95661944,-81.841847220,0,35,0,0,1,1,4,0,1,1,0,1,0,0000000,17,46,17,52,99,99,0,0,0,1,1
39,390451,1,1,0,2,103,0,17,7,2010,7,5,25,0,4,3,SR-301,,1,40.99210556,-82.110102780,0,34,0,0,1,1,4,0,4,10,0,10,0,0000000,5,29,5,37,8,18,0,0,0,1,1
39,390452,1,1,0,1,165,0,18,7,2010,1,10,15,0,4,3,SR-123,,98,39.35837778,-84.128738890,0,24,0,0,1,1,4,0,1,1,0,1,0,0000000,10,15,10,20,88,88,0,0,0,1,0
39,390453,1,1,0,3,59,0,3,7,2010,7,23,35,0,4,3,SR-265,,129,39.97146944,-81.308852780,0,34,0,0,1,1,4,0,2,1,0,1,0,0000000,23,39,23,40,99,99,0,0,0,2,1
39,390454,1,1,0,1,133,0,3,7,2010,7,2,18,0,4,3,SR-303,,197,41.23498611,-81.019583330,0,1,0,0,1,1,4,0,2,10,0,10,0,0000000,2,55,3,15,88,88,0,0,0,1,1
39,390455,1,1,0,1,87,0,5,7,2010,2,3,47,0,4,4,31,,0,38.43260833,-82.464497220,0,35,0,0,1,1,4,0,2,1,0,1,0,0000000,4,20,4,26,88,88,0,0,0,1,1
39,390456,2,2,0,3,109,6550,6,7,2010,3,11,31,1,12,2,US-36,I-75,172,40.15158889,-84.220505560,0,12,2,1,2,2,1,0,1,1,0,1,0,0000000,11,32,11,36,11,58,0,0,0,1,0
39,390457,1,1,0,1,61,1610,8,7,2010,5,12,30,1,12,3,SR-126,,124,39.21225556,-84.488188890,0,34,0,0,1,1,3,0,1,1,0,1,0,0000000,12,32,12,42,12,59,0,0,0,1,0
39,390458,1,1,0,1,153,70,14,5,2010,6,20,21,1,12,2,US-224,,111,41.02585556,-81.482247220,0,25,0,0,1,1,3,0,3,1,0,1,0,0000000,20,23,20,29,20,51,0,0,0,1,0
39,390459,1,1,1,1,95,8120,9,6,2010,4,15,30,0,13,6,HEATHERDOWNS-BLVD,,0,41.60126667,-83.626994440,0,8,0,0,1,1,1,0,1,1,0,1,0,0000000,15,31,15,36,15,54,0,0,0,1,0
39,390460,1,1,0,1,35,1680,13,6,2010,1,17,18,0,13,3,SR-14,,25,41.49259722,-81.679330560,0,21,0,0,1,1,4,0,1,1,0,1,0,0000000,88,88,88,88,88,88,0,0,0,1,0
39,390461,1,1,0,1,113,2090,26,6,2010,7,5,2,0,14,6,N GETTYSBURG RD,CORNELL DR,0,39.77758333,-84.253777780,0,33,0,0,2,2,4,0,3,1,0,1,0,0000000,88,88,88,88,88,88,0,0,0,1,1
39,390462,3,3,0,3,35,8540,29,6,2010,3,15,35,1,11,1,I-271,,57,41.40781944,-81.506169440,0,12,1,1,18,1,1,0,1,1,0,1,0,0000000,88,88,88,88,88,88,0,0,0,1,0
39,390463,1,1,0,1,9,0,11,7,2010,1,15,38,0,3,3,SR-550,,66,39.39410000,-82.064669440,0,1,0,0,1,1,1,0,1,1,0,1,0,0000000,15,51,16,16,17,11,0,0,0,1,0
39,390464,2,2,0,3,93,0,18,7,2010,1,13,5,0,4,3,SR-82,,62,41.31308611,-81.950297220,0,12,1,0,1,1,1,0,1,1,0,1,0,0000000,13,13,13,22,13,48,0,0,0,1,0
39,390465,2,2,0,2,23,0,21,7,2010,4,14,31,0,6,5,LAKE-RD,TULIP-RD,0,39.89289444,-84.020994440,0,7,0,0,2,3,1,0,1,1,0,1,0,0000000,14,33,14,45,99,99,0,0,0,1,0
39,390466,1,1,0,4,139,0,25,7,2010,1,2,45,0,4,4,PLEASANT-VALLEY-RD,,0,40.68196944,-82.465702780,0,42,0,0,1,1,4,0,2,10,0,10,0,0000000,2,48,3,1,3,26,0,0,0,1,1
39,390467,2,2,0,3,99,9230,4,6,2010,6,1,6,0,13,6,MARKET-ST,,0,41.09118333,-80.656188890,0,30,0,0,1,1,4,0,3,1,0,1,0,0000000,1,9,1,11,1,39,0,0,0,1,2
39,390468,2,2,0,5,49,1800,29,5,2010,7,13,10,0,14,6,ALKIRE RD,WINDING HOLLOW DR,0,39.91638611,-83.092388890,0,12,6,0,2,2,1,0,1,1,0,1,0,0000000,13,15,13,19,13,43,0,0,0,1,0
39,390469,1,1,1,1,35,0,6,6,2010,1,2,57,0,4,4,FITCH RD,59,0,41.38243333,-81.921947220,0,8,0,0,2,2,1,0,2,2,0,2,0,0000000,2,57,2,58,88,88,0,0,0,1,0
39,390470,2,2,0,2,17,2535,10,6,2010,5,9,59,1,13,3,SR-4,,1,39.30255833,-84.485722220,0,12,7,0,1,1,1,0,1,1,0,1,0,0000000,10,1,10,6,99,99,0,0,0,1,0
39,390471,2,2,0,2,123,0,16,6,2010,4,14,33,0,3,3,SR-51,,74,41.53131389,-83.359208330,0,12,8,0,1,1,1,0,1,1,0,1,0,0000000,14,43,15,0,15,36,0,0,0,1,0
39,390472,1,1,1,1,17,5230,19,6,2010,7,19,32,0,14,3,SR-63,,38,39.44430000,-84.355488890,0,8,0,0,1,1,2,0,1,1,0,1,0,0000000,19,32,19,33,99,99,0,0,0,1,1
39,390473,2,2,0,3,113,3622,22,6,2010,3,10,45,0,15,3,SR-235,,22,39.86793611,-84.056055560,0,12,6,0,1,1,1,0,1,10,0,10,0,0000000,10,46,10,55,11,7,0,0,0,1,0
39,390474,3,2,0,2,151,1320,25,6,2010,6,19,33,0,15,6,27TH ST NE,ELLIS AVE NE,0,40.82560556,-81.320275000,0,12,6,0,2,2,1,0,1,1,0,1,0,0000000,19,34,19,38,19,59,0,0,0,1,0
39,390475,1,1,0,1,93,0,1,7,2010,5,13,1,0,3,3,SR-57,,73,41.26033611,-82.037391670,0,34,0,0,1,1,5,0,1,1,0,1,0,0000000,13,1,13,10,88,88,0,0,0,1,0
39,390476,2,2,0,4,123,0,4,7,2010,1,21,55,1,2,3,SR-2,,283,41.48266667,-82.834658330,0,12,1,0,1,1,1,0,3,1,0,1,0,0000000,22,1,22,10,88,88,0,0,0,1,1
39,390477,1,1,1,1,103,1085,5,7,2010,2,13,34,0,15,6,MINER RD,,0,41.24770833,-81.825808330,0,9,0,0,1,1,1,0,1,1,0,1,0,0000000,13,38,13,39,99,99,0,0,0,1,0
39,390478,2,2,0,2,149,7550,27,7,2010,3,16,41,0,14,3,SR-29,COMMERCE DR,152,40.31173611,-84.173169440,0,12,7,0,2,2,1,0,1,1,0,1,0,0000000,16,42,16,47,88,88,0,0,0,1,0
39,390479,1,1,0,1,133,0,7,7,2010,4,14,5,0,6,5,127,,0,41.08793889,-81.094172220,0,34,0,0,1,1,4,0,1,1,0,1,0,0000000,14,10,14,17,88,88,0,0,0,1,1
39,390480,1,1,1,2,95,8120,11,7,2010,1,17,35,0,16,6,PALMWOOD AVE,EWING ST,0,41.65387222,-83.562533330,0,9,0,0,2,2,1,0,1,10,0,10,0,0000000,17,39,17,42,99,99,0,0,0,1,0
39,390481,1,1,1,1,49,1800,14,7,2010,4,1,29,1,11,1,I-70,,175,39.93244722,-82.930855560,0,8,0,0,1,1,1,1,3,1,0,1,0,0000000,1,30,1,35,88,88,0,0,0,1,0
39,390482,2,2,0,3,5,0,15,7,2010,5,19,58,0,4,3,SR-302,,89,40.92181389,-82.284119440,0,12,2,0,1,1,1,0,1,1,0,1,0,0000000,99,99,20,1,99,99,0,0,0,1,1
39,390483,2,2,0,2,25,0,18,7,2010,1,0,59,0,6,4,10,,0,39.16435000,-84.125180560,0,12,2,0,1,1,1,0,2,1,0,1,0,0000000,1,6,1,16,3,6,0,0,0,1,2