STATE,ST_CASE,VE_TOTAL,VE_FORMS,PEDS,PERSONS,COUNTY,CITY,DAY,MONTH,YEAR,DAY_WEEK,HOUR,MINUTE,NHS,ROAD_FNC,ROUTE,TWAY_ID,TWAY_ID2,MILEPT,LATITUDE,LONGITUD,SP_JUR,HARM_EV,MAN_COLL,RELJCT1,RELJCT2,TYP_INT,REL_ROAD,WRK_ZONE,LGT_COND,WEATHER1,WEATHER2,WEATHER,SCH_BUS,RAIL,NOT_HOUR,NOT_MIN,ARR_HOUR,ARR_MIN,HOSP_HR,HOSP_MN,CF1,CF2,CF3,FATALS,DRUNK_DR
39,390484,1,1,0,1,69,0,6,7,2010,3,10,3,0,2,2,US-24,,193,41.41788333,-83.887994440,0,30,0,0,1,1,4,0,1,1,0,1,0,0000000,10,4,10,23,11,31,0,0,0,1,0
39,390485,1,1,0,1,49,1800,11,7,2010,1,5,41,0,16,6,ST CLAIR AVE,,0,39.97238333,-82.980852780,0,30,0,0,1,1,5,0,3,1,0,1,0,0000000,99,99,99,99,88,88,0,0,0,1,1
39,390486,1,1,0,4,49,1800,22,6,2010,3,16,39,1,11,1,I-71,,280,40.11280556,-82.976302780,0,25,0,1,18,1,3,0,1,98,0,98,0,0000000,16,43,16,55,17,15,0,0,0,1,0
39,390487,2,2,0,3,131,0,14,7,2010,4,15,48,0,2,3,SR-32,GERMANY-RD,200,39.05331944,-82.935980560,0,12,6,0,2,2,1,0,1,1,0,1,0,0000000,88,88,88,88,88,88,0,0,0,2,0
39,390488,2,2,0,3,123,0,16,7,2010,6,23,0,0,4,3,SR-19,PORTAGE-RIVER-SOUTH,27,41.49774722,-83.145347220,0,12,1,0,2,3,1,0,2,1,0,1,0,0000000,23,5,23,40,0,4,0,0,0,1,0
39,390489,1,1,0,3,141,0,16,7,2010,6,17,24,0,6,4,SPUD-RUN-RD,,0,39.33992500,-82.836280560,0,35,0,0,1,1,4,0,1,1,0,1,0,0000000,17,24,17,35,88,88,0,0,0,1,0
39,390490,1,1,0,1,35,1680,16,7,2010,6,23,10,1,11,1,I-71,,104,41.43257500,-81.813727780,0,24,0,1,18,1,3,0,3,1,0,1,0,0000000,23,10,23,23,23,35,0,0,0,1,1
39,390491,2,2,0,6,101,0,25,7,2010,1,21,12,0,4,3,SR-231,BAER-RD,23,40.68786389,-83.168736110,0,12,6,0,2,2,1,0,2,10,0,10,0,0000000,21,12,21,16,22,26,0,0,0,1,0
39,390492,1,1,0,1,13,0,25,7,2010,1,0,15,0,4,2,US-250,,22,40.14118889,-80.829005560,0,42,0,0,1,1,4,0,2,2,0,2,0,0000000,0,16,0,27,88,88,0,0,0,1,0
39,390493,2,2,0,5,5,0,27,7,2010,3,21,13,0,3,3,SR-60,2175,82,40.74225000,-82.247972220,0,12,6,0,2,2,1,0,2,1,0,1,0,0000000,21,13,21,29,22,10,0,0,0,1,0
39,390494,1,1,0,6,153,460,28,7,2010,4,19,34,0,14,6,NORTON-AVE,,0,41.02523333,-81.620811110,0,42,0,0,1,1,4,0,1,10,0,10,0,0000000,19,42,19,42,99,99,0,0,0,1,0
39,390496,1,1,0,2,147,0,11,7,2010,1,2,50,0,6,5,152,,0,41.21088611,-83.153919440,0,34,0,0,1,1,4,0,2,1,0,1,0,0000000,2,53,3,15,99,99,0,0,0,1,0
39,390497,1,1,0,1,17,0,18,7,2010,1,12,5,0,6,4,KYLES STATION RD,,0,39.41840833,-84.454972220,0,42,0,0,1,1,5,0,1,1,0,1,0,0000000,12,7,12,15,88,88,0,0,0,1,0
39,390498,1,1,2,1,85,4920,9,1,2010,7,16,26,0,13,2,US-20,HART ST,97,41.66840833,-81.334705560,0,8,0,0,2,2,1,0,7,1,0,1,0,0000000,16,31,16,35,17,6,0,0,0,1,0
39,390499,2,2,0,2,93,0,4,7,2010,1,17,32,0,5,4,WEBSTER RD,48,0,41.19990556,-82.139538890,0,12,6,0,2,2,1,0,1,1,0,1,0,0000000,17,44,18,2,18,45,0,0,0,1,0
39,390500,2,2,0,3,93,4360,4,7,2010,1,16,51,0,14,6,ELYRIA AVE,W 17TH ST,0,41.45587500,-82.166425000,0,12,6,0,2,2,1,0,1,1,0,1,0,0000000,16,51,16,54,17,8,20,0,0,1,1
39,390501,1,1,0,1,121,0,17,7,2010,7,19,24,0,3,3,SR-78,,54,39.73748889,-81.557694440,0,38,0,0,1,1,4,0,1,1,0,1,0,0000000,99,99,99,99,99,99,0,0,0,1,1
39,390502,2,2,0,6,41,0,22,7,2010,5,21,5,0,4,3,SR-37,SR-257,42,40.32160000,-83.174986110,0,12,6,0,2,2,1,0,2,1,0,1,0,0000000,21,22,21,34,22,4,0,0,0,1,0
39,390503,1,1,0,1,141,0,24,7,2010,7,22,12,0,4,3,SR-138,,127,39.45951111,-83.208088890,0,34,0,0,1,1,4,0,2,1,0,1,0,0000000,88,88,88,88,88,88,0,0,0,1,1
39,390504,1,1,0,1,99,0,28,7,2010,4,0,10,0,5,4,OHLTOWN-RD,,0,41.10846944,-80.769619440,0,53,0,0,1,1,4,0,2,1,0,1,0,0000000,0,16,0,20,0,58,0,0,0,1,1
39,390505,2,2,0,5,89,0,28,7,2010,4,4,51,1,1,1,I-70,,159,39.94527778,-82.480002780,0,12,7,1,18,1,1,0,3,1,0,1,0,0000000,88,88,88,88,88,88,0,0,0,1,0
39,390506,1,1,0,1,67,0,31,7,2010,7,23,20,0,5,4,FOXES-BOTTOM-RD,,0,40.23888611,-80.957138890,0,1,0,0,1,1,1,0,2,1,0,1,0,0000000,23,38,23,53,0,41,0,0,0,1,1
39,390507,2,2,0,2,7,0,2,8,2010,2,19,12,0,6,5,NINEVAH-RD,,0,41.83208056,-80.886569440,0,12,2,0,1,1,1,0,1,1,0,1,0,0000000,19,19,19,28,19,45,0,0,0,1,1
39,390508,2,2,0,3,51,0,2,8,2010,2,17,13,0,4,3,SR-120,,27,41.70064167,-84.126063890,0,12,2,0,1,1,1,0,1,1,0,1,0,0000000,17,13,17,16,18,16,0,0,0,3,1
39,390509,2,2,0,3,41,0,3,8,2010,3,16,5,0,3,3,SR-4,,5,40.42417500,-83.244422220,0,12,2,0,1,1,1,0,1,1,0,1,0,0000000,16,6,16,12,16,54,0,0,0,2,0
39,390511,2,2,0,2,35,6360,14,1,2010,5,7,55,0,13,3,SR-17,,116,41.41931389,-81.689958330,0,48,0,0,1,1,5,0,1,1,0,1,0,0000000,7,56,8,1,8,28,0,0,0,1,0
39,390512,1,1,0,1,153,70,23,4,2010,6,22,40,0,14,6,HOME-AVE,,0,41.09764167,-81.488311110,0,33,0,0,1,1,4,0,3,10,0,10,0,0000000,88,88,88,88,88,88,0,0,0,1,1
39,390514,1,1,0,1,91,0,17,7,2010,7,17,8,0,4,3,SR-540,,78,40.38336667,-83.622380560,0,34,0,0,1,1,4,0,1,1,0,1,0,0000000,17,17,17,31,18,7,0,0,0,1,0
39,390515,1,1,1,1,143,0,29,7,2010,5,23,4,0,6,4,FOUR-MILE-HOUSE-RD,,0,41.40791111,-83.174369440,0,8,0,0,1,1,1,0,2,1,0,1,0,0000000,88,88,88,88,88,88,19,0,0,1,0
39,390516,1,1,1,1,117,0,6,8,2010,6,20,35,0,5,4,37,,0,40.68061944,-82.629944440,0,8,0,0,1,1,1,0,5,1,0,1,0,0000000,20,38,20,42,21,10,0,0,0,1,1
39,390517,1,1,0,3,133,0,7,8,2010,7,11,43,0,5,4,NEWTON-FALLS-RD,,0,41.16319722,-81.190466670,0,43,0,0,1,1,4,0,1,1,0,1,0,0000000,11,45,11,54,12,25,0,0,0,2,0
39,390518,2,2,0,2,49,1800,11,8,2010,4,0,50,1,11,1,I-70,,191,39.93188611,-82.920555560,0,12,1,1,18,1,1,0,3,1,0,1,0,0000000,0,52,0,56,88,88,0,0,0,1,1
39,390519,2,2,0,3,49,1800,13,8,2010,6,8,10,0,14,6,GEORGESVILLE-RD,HOLT-RD,0,39.92119167,-83.124016670,0,12,6,0,2,2,1,0,1,1,0,1,0,0000000,8,12,8,16,9,19,0,0,0,1,0
39,390520,2,2,0,3,75,0,14,8,2010,7,23,56,0,3,3,SR-83,,120,40.59364722,-81.914197220,0,18,0,0,1,1,1,0,2,1,0,1,0,0000000,88,88,88,88,88,88,0,0,0,1,0
39,390521,2,2,0,3,109,0,18,8,2010,4,21,52,0,4,3,SR-571,DAYTON-BRANDT-RD,208,39.93771111,-84.068927780,0,12,6,0,2,2,1,0,2,1,0,1,0,0000000,21,52,22,1,22,51,0,0,0,2,0
39,390522,2,2,0,5,35,1680,10,7,2010,7,22,37,1,11,1,I-90,,129,41.47379444,-81.725750000,0,12,7,0,1,1,1,0,3,1,0,1,0,0000000,22,37,22,43,23,1,0,0,0,1,1
39,390523,1,1,0,1,83,0,14,7,2010,4,16,30,0,4,4,6,,0,40.43807778,-82.508205560,0,42,0,0,1,1,5,0,1,1,0,1,0,0000000,99,99,99,99,88,88,0,0,0,1,0
39,390524,3,3,0,5,25,0,14,7,2010,4,8,48,1,13,3,SR-125,,4,39.07091111,-84.305111110,0,12,8,0,1,1,1,0,1,1,0,1,0,0000000,8,52,8,54,9,17,0,0,0,1,0
39,390525,2,2,0,3,35,1680,16,7,2010,6,19,36,0,14,2,US-422,E 72ND ST,33,41.47970278,-81.638319440,0,12,6,0,2,2,1,0,5,1,0,1,0,0000000,19,50,19,57,20,29,0,0,0,1,0
39,390526,1,1,1,1,127,0,18,7,2010,1,2,30,0,13,3,SR-93,,214,39.74066667,-82.096194440,0,8,0,0,1,1,2,0,2,10,0,10,0,0000000,99,99,99,99,88,88,0,0,0,1,0
39,390527,2,1,1,1,93,0,18,7,2010,1,1,40,0,5,4,58,,0,41.32964722,-82.001308330,0,14,0,0,1,1,5,0,2,10,0,10,0,0000000,1,46,1,55,2,33,0,0,0,1,0
39,390528,1,1,0,1,141,0,23,7,2010,6,3,40,0,4,3,SR-772,,63,39.24282222,-83.056877780,0,1,0,0,1,1,5,0,2,1,0,1,0,0000000,3,58,4,25,5,11,0,0,0,1,0
39,390529,2,2,0,2,129,0,24,7,2010,7,17,54,0,4,3,SR-104,,1,39.55891944,-82.999047220,0,12,8,0,1,1,1,0,1,1,0,1,0,0000000,17,54,18,3,18,28,0,0,0,1,0
39,390530,2,2,0,3,87,0,25,7,2010,1,19,29,0,3,3,SR-93,,29,38.56201667,-82.637066670,0,12,2,0,1,1,1,0,1,10,0,10,0,0000000,19,33,19,42,20,36,0,0,0,1,0
39,390531,2,2,0,2,173,0,26,7,2010,2,15,40,0,6,5,68,318,0,41.58797222,-83.425713890,0,12,6,0,2,2,1,0,1,1,0,1,0,0000000,15,40,15,42,16,4,0,0,0,1,0
39,390532,2,2,0,2,101,0,26,7,2010,2,17,41,0,4,3,SR-98,,96,40.59531944,-83.036105560,0,12,2,0,1,1,1,0,1,1,0,1,0,0000000,17,43,17,50,18,18,0,0,0,1,0
39,390533,1,1,1,1,153,0,27,7,2010,3,23,57,1,1,1,I-271,,43,41.23075556,-81.617769440,0,8,0,0,1,1,2,1,3,1,0,1,0,0000000,0,0,0,8,88,88,0,0,0,1,0
39,390534,1,1,0,1,159,0,30,7,2010,6,6,15,0,4,3,SR-245,,40,40.22516667,-83.452108330,0,11,0,0,1,1,1,0,1,10,0,10,0,0000000,99,99,99,99,88,88,0,0,0,1,0
39,390535,2,2,0,3,133,0,30,7,2010,6,8,49,0,4,3,SR-303,,93,41.23862500,-81.225847220,0,12,8,0,1,1,1,0,1,1,0,1,0,0000000,9,2,9,11,9,39,0,0,0,1,0
39,390536,1,1,0,1,155,0,30,7,2010,6,9,16,1,2,3,SR-11,,210,41.36997778,-80.698038890,0,35,0,1,5,1,5,0,1,1,0,1,0,0000000,9,19,9,28,99,99,0,0,0,1,0
39,390537,1,1,1,1,53,2810,30,7,2010,6,7,57,1,13,3,SR-7,SMITHERS AVE,245,38.82291389,-82.173700000,0,8,0,0,3,1,1,0,1,1,0,1,0,0000000,8,1,8,26,8,57,0,0,0,1,0
39,390538,1,1,1,1,113,0,1,8,2010,1,1,11,0,6,5,PAYNE AVE,DIVISION AVE,0,39.82189444,-84.191633330,0,8,0,0,2,2,1,0,2,1,0,1,0,0000000,1,15,1,18,88,88,0,0,0,1,1
39,390539,2,2,0,4,155,0,1,8,2010,1,1,21,0,4,3,SR-305,,43,41.30846389,-80.921547220,0,12,6,0,1,1,1,0,2,1,0,1,0,0000000,1,25,1,35,2,14,0,0,0,2,1
39,390540,2,2,0,2,23,0,4,8,2010,4,19,10,0,2,3,SR-4,,200,39.97902222,-83.742019440,0,12,7,0,1,1,1,0,1,1,0,1,0,0000000,19,12,19,18,99,99,0,0,0,1,1
39,390541,1,1,0,1,11,0,4,8,2010,4,15,4,0,6,4,81,,0,40.52804167,-84.317147220,0,34,0,0,1,1,4,0,1,1,0,1,0,0000000,15,8,15,13,15,28,0,0,0,1,0
39,390542,2,2,0,5,165,0,7,8,2010,7,18,42,0,4,2,US-22,45,144,39.36943333,-84.063916670,0,12,6,0,2,2,1,0,1,1,0,1,0,0000000,99,99,99,99,99,99,0,0,0,1,0
39,390543,2,2,0,4,61,0,7,8,2010,7,18,37,0,6,4,TAYLOR RD,,0,39.16032222,-84.661083330,0,12,8,0,1,1,1,0,1,1,0,1,0,0000000,18,37,18,42,19,28,0,0,0,2,0
39,390544,2,2,0,4,49,1800,15,8,2010,1,22,21,0,14,6,S JAMES RD,DALE AVE,0,39.96416111,-82.914419440,0,12,1,0,2,2,1,0,3,1,0,1,0,0000000,22,23,22,26,22,30,19,0,0,1,0
39,390545,1,1,0,1,89,5570,7,7,2010,4,21,50,0,14,3,SR-79,,161,40.06943333,-82.384736110,0,59,0,0,1,1,4,0,3,1,0,1,0,0000000,21,54,21,59,22,23,0,0,0,1,1
39,390546,1,1,0,1,31,0,24,7,2010,7,9,41,0,4,3,SR-541,,96,40.25673611,-82.031994440,0,35,0,0,1,1,4,0,1,1,0,1,0,0000000,9,44,10,5,10,59,0,0,0,1,0
39,390547,2,2,0,3,83,0,4,8,2010,4,12,32,1,2,3,SR-13,,68,40.34133889,-82.466480560,0,12,2,0,1,1,1,0,1,1,0,1,0,0000000,12,55,13,20,13,59,0,0,0,1,1
39,390548,1,1,0,2,13,0,13,8,2010,6,14,10,0,6,4,W-PIPE-CREEK-RD,,0,39.96416111,-80.872719440,0,35,0,0,1,1,4,0,1,1,0,1,0,0000000,88,88,88,88,88,88,0,0,0,1,1
39,390549,2,2,0,2,77,0,14,8,2010,7,22,59,0,6,4,BUTLER RD,,0,41.23304167,-82.360952780,0,12,2,0,1,1,1,0,2,1,0,1,0,0000000,23,8,23,25,0,30,0,0,0,1,1
39,390550,2,2,0,3,173,0,17,8,2010,3,23,55,1,1,1,I-75,,240,41.51028889,-83.621736110,0,12,1,1,18,1,1,0,2,10,0,10,0,0000000,88,88,88,88,88,88,0,0,0,1,1
39,390551,2,2,0,2,143,0,17,8,2010,3,22,8,0,4,3,SR-101,,19,41.28303056,-82.975105560,0,12,2,0,1,1,1,0,2,1,0,1,0,0000000,22,13,22,21,88,88,0,0,0,1,1
39,390552,2,2,0,2,173,0,18,8,2010,4,19,30,0,5,4,LIBERTY-HI-RD,GREENSBURG-PIKE,0,41.31307222,-83.708544440,0,12,6,0,2,2,1,0,1,1,0,1,0,0000000,19,32,20,0,20,26,0,0,0,1,1
39,390553,1,1,0,1,85,0,19,8,2010,5,16,36,0,6,4,BLASE-NEMETH-RD,,0,41.74707778,-81.217161110,0,42,0,0,1,1,4,0,1,1,0,1,0,0000000,16,45,17,12,17,40,0,0,0,1,0
39,390554,1,1,0,1,61,1610,23,8,2010,2,7,0,0,13,2,US-42,,20,39.11063333,-84.504133330,0,19,0,0,1,1,5,0,4,1,0,1,0,0000000,7,0,7,6,88,88,0,0,0,1,1
39,390555,1,1,0,1,35,570,11,2,2010,5,8,58,0,13,3,SR-8,,21,41.38287222,-81.526783330,0,33,0,0,1,1,4,0,1,4,0,4,0,0000000,9,3,9,6,88,88,0,0,0,1,0
39,390556,1,1,0,1,155,0,17,7,2010,7,9,17,0,5,4,SALT SPRINGS RD,,0,41.16553889,-80.779380560,0,59,0,0,1,1,4,0,1,1,0,1,0,0000000,99,99,99,99,88,88,0,0,0,1,1
39,390557,2,2,0,5,63,2610,23,7,2010,6,13,56,1,13,2,US-224,I-75,118,41.05864444,-83.668097220,0,12,2,0,3,1,1,0,1,1,0,1,0,0000000,13,59,14,2,14,46,0,0,0,1,0
39,390558,4,1,2,2,49,1800,1,8,2010,1,2,46,0,16,6,E NORWICH AVE,,0,40.00720556,-83.006655560,0,14,0,0,1,1,5,0,3,1,0,1,0,0000000,2,47,2,58,3,10,0,0,0,1,0
39,390559,1,1,0,1,163,0,3,8,2010,3,19,56,0,4,3,SR-56,,58,39.38488889,-82.398938890,0,35,0,0,1,1,4,0,1,1,0,1,0,0000000,19,56,19,59,88,88,0,0,0,1,1
39,390560,2,2,0,3,55,0,6,8,2010,6,9,52,0,4,2,US-6,SR-86,132,41.60695000,-81.058111110,0,12,6,0,2,2,1,0,1,1,0,1,0,0000000,9,56,10,9,99,99,0,0,0,1,0
39,390561,2,2,0,3,95,8590,31,5,2010,2,2,31,0,13,2,US-24,,84,41.47501667,-83.752383330,0,12,2,0,1,1,1,0,2,1,0,1,0,0000000,2,17,2,29,3,48,0,0,0,1,0
39,390562,1,1,0,2,131,0,24,6,2010,5,19,29,0,6,4,26,,0,39.04718611,-83.121827780,0,42,0,0,1,1,5,0,1,1,0,1,0,0000000,19,50,20,17,21,4,0,0,0,1,1
39,390563,1,1,0,1,19,0,24,6,2010,5,6,55,0,3,3,SR-39,,201,40.60522222,-80.999836110,0,42,0,0,1,1,4,0,1,1,0,1,0,0000000,6,54,7,6,7,53,0,0,0,1,1
39,390564,1,1,0,1,3,0,7,8,2010,7,21,15,0,6,5,237,,0,40.76762778,-83.908580560,0,11,0,0,1,1,1,0,2,1,0,1,0,0000000,21,17,21,25,21,45,0,0,0,1,0
39,390565,1,1,0,1,171,0,8,8,2010,1,16,45,0,4,3,SR-107,,42,41.47438889,-84.551019440,0,34,0,0,1,1,4,0,1,1,0,1,0,0000000,99,99,99,99,88,88,0,0,0,1,1
39,390566,3,3,0,5,27,0,10,8,2010,3,9,40,0,4,3,SR-350,7,137,39.35474167,-83.759766670,0,12,6,0,2,2,1,0,1,1,0,1,0,0000000,9,99,9,44,10,13,0,0,0,1,0
39,390567,1,1,0,1,127,0,12,8,2010,5,23,0,0,5,3,SR-188,,12,39.85822500,-82.454452780,0,42,0,0,1,1,4,0,2,1,0,1,0,0000000,23,22,23,26,99,99,0,0,0,1,0
39,390568,1,1,0,1,45,0,13,8,2010,6,6,15,0,4,4,39,,0,39.78623333,-82.793647220,0,53,0,0,1,1,4,0,4,5,0,5,0,0000000,6,18,6,22,88,88,0,0,0,1,0
39,390569,1,1,0,1,119,0,13,8,2010,6,13,25,0,6,4,193,,0,39.91921111,-81.918125000,0,1,0,0,1,1,5,0,1,1,0,1,0,0000000,99,99,99,99,88,88,0,0,0,1,0
39,390570,1,1,0,1,155,2950,16,8,2010,2,16,57,0,15,6,E LAWRENCE ST SE,,0,41.15780833,-80.698044440,0,33,0,0,1,1,5,0,1,1,0,1,0,0000000,17,1,17,3,88,88,0,0,0,1,1
39,390571,2,2,0,2,17,0,7,8,2010,7,13,25,0,6,5,28,,0,39.53860278,-84.529066670,0,12,6,0,1,1,1,0,1,1,0,1,0,0000000,99,99,99,99,99,99,0,0,0,1,0
39,390572,2,2,0,3,45,0,12,8,2010,5,23,0,1,2,2,US-33,20,31,39.83500278,-82.745955560,0,12,1,0,2,2,1,0,2,1,0,1,0,0000000,23,8,23,18,88,88,0,0,0,1,1
39,390573,2,2,0,5,17,0,15,8,2010,1,16,10,0,3,3,SR-73,,108,39.49437222,-84.551211110,0,12,8,0,1,1,1,0,1,2,0,2,0,0000000,16,18,16,33,16,53,0,0,0,1,0
39,390574,2,2,0,3,65,0,15,8,2010,1,2,58,0,6,4,50,55,0,40.76194444,-83.804166670,0,12,6,0,2,2,1,0,2,10,0,10,0,0000000,3,1,3,11,3,48,0,0,0,2,1
39,390575,1,1,0,1,151,0,18,8,2010,4,22,12,0,3,3,SR-93,,95,40.76698889,-81.604236110,0,38,0,0,1,1,4,0,2,10,0,10,0,0000000,22,21,22,25,23,8,0,0,0,1,1
39,390576,1,1,0,2,101,0,16,3,2010,3,1,50,0,4,4,PROSPECT-UPPER-SANDU,,0,40.65115556,-83.220969440,0,30,0,0,1,1,4,0,2,10,0,10,0,0000000,1,53,2,5,2,22,0,0,0,1,1
39,390577,1,1,0,2,115,0,2,5,2010,1,20,15,0,6,4,SUNDAY CREEK,,0,39.58024167,-82.016372220,0,3,0,0,1,1,4,0,2,10,0,10,0,0000000,88,88,88,88,88,88,5,0,0,2,1
39,390578,2,2,0,2,35,1680,15,7,2010,5,13,7,0,15,6,W-140TH-ST,,0,41.46408333,-81.790036110,0,12,6,0,1,1,1,0,1,1,0,1,0,0000000,88,88,88,88,88,88,0,0,0,1,1
39,390579,1,1,0,2,17,5010,16,7,2010,6,2,37,0,13,3,SR-122,,89,39.50212222,-84.380875000,0,33,0,0,1,1,4,0,3,1,0,1,0,0000000,99,99,99,99,99,99,0,0,0,1,0
39,390580,1,1,1,2,155,0,24,7,2010,7,13,4,0,6,5,HOUSEL-CRAFT-RD,,0,41.36362500,-80.849258330,0,9,0,0,16,1,1,0,1,1,0,1,0,0000000,13,45,14,10,15,19,0,0,0,1,0
39,390581,1,1,0,1,35,1680,8,8,2010,1,0,30,0,14,6,W-150TH-ST,,0,41.42171667,-81.801625000,0,33,0,0,1,1,4,0,3,1,0,1,0,0000000,88,88,88,88,88,88,0,0,0,1,1
39,390582,2,2,0,4,25,0,15,8,2010,1,17,49,1,2,3,SR-125,,79,39.08430000,-84.154538890,0,12,2,0,1,1,1,0,1,2,0,2,0,0000000,18,13,18,26,18,57,0,0,0,1,0
39,390583,2,2,0,7,139,0,18,8,2010,4,0,53,0,3,2,US-42,LAVER-RD,155,40.79196944,-82.447161110,0,12,1,0,2,3,1,0,2,1,0,1,0,0000000,0,53,0,55,1,13,0,0,0,1,1
39,390584,2,2,0,2,27,0,19,8,2010,5,7,40,0,4,4,CLARKSVILLE-RD,COWAN-CREEK-RD,0,39.41410000,-83.958019440,0,12,6,0,2,3,1,0,1,1,0,1,0,0000000,7,50,8,0,8,20,0,0,0,1,1
39,390585,1,1,0,1,153,8000,22,8,2010,1,0,57,0,14,6,NORTHWEST-AVE,,0,41.10456389,-81.444911110,0,30,0,0,1,1,4,0,2,10,0,10,0,0000000,0,58,1,1,1,20,0,0,0,1,1
39,390586,2,2,0,2,95,8120,17,8,2010,3,22,43,0,14,2,US-24,AIRLINE DR,232,41.63596389,-83.590680560,0,12,6,0,2,2,1,0,3,1,0,1,0,0000000,22,44,22,53,88,88,0,0,0,1,1
39,390587,1,1,0,2,165,0,7,5,2010,6,19,36,0,6,4,22,,0,39.54698611,-84.249094440,0,32,0,0,1,1,5,0,1,1,0,1,0,0000000,19,36,19,41,20,4,0,0,0,1,1
39,390588,2,2,0,4,35,1680,29,5,2010,7,1,40,1,11,1,I-71,,100,41.42108889,-81.829605560,0,12,2,1,5,1,1,0,3,1,0,1,0,0000000,1,42,1,52,2,16,0,0,0,1,1
39,390589,1,1,0,1,95,8120,14,6,2010,2,14,59,1,11,1,I-475,,117,41.68821667,-83.637672220,0,1,0,1,18,1,4,0,1,1,0,1,0,0000000,14,59,15,10,99,99,0,0,0,1,1
39,390590,1,1,0,2,151,4820,11,8,2010,4,13,19,0,16,6,WELLMAN-AVE,6TH-ST,0,40.79681944,-81.514852780,0,33,0,0,2,3,4,0,1,10,0,10,0,0000000,13,27,13,32,13,51,0,0,0,1,0
39,390591,1,1,1,1,95,8120,13,8,2010,6,16,30,0,13,3,SR-184,BENNETT,69,41.72173056,-83.556872220,0,8,0,0,3,3,1,0,1,1,0,1,0,0000000,16,31,16,43,17,31,0,0,0,1,1
39,390592,4,4,1,4,61,0,22,8,2010,1,2,2,1,2,1,I-275,,389,39.05798333,-84.385105560,0,7,0,1,18,1,1,0,2,1,0,1,0,0000000,2,2,2,10,88,88,0,0,0,1,1
39,390593,2,2,0,3,49,0,22,8,2010,1,21,4,0,4,4,HILLIARD-ROME-RD,,0,39.95746667,-83.145077780,0,12,2,0,1,1,1,0,3,1,0,1,0,0000000,21,15,21,19,21,39,0,0,0,1,0
39,390594,4,4,0,5,55,0,23,8,2010,2,5,50,0,4,3,SR-528,,29,41.41375278,-81.060130560,0,12,8,0,1,1,1,0,2,1,0,1,0,0000000,5,53,6,1,6,43,0,0,0,1,0
39,390595,1,1,0,1,5,0,26,8,2010,5,0,0,0,4,2,US-42,,122,40.89114444,-82.270297220,0,34,0,0,1,1,4,0,2,1,0,1,0,0000000,88,88,88,88,88,88,0,0,0,1,1
39,390596,2,2,0,4,103,0,26,8,2010,5,10,35,0,4,4,GREENWICH-RD,,0,41.02542778,-81.799338890,0,12,2,0,4,1,1,0,1,10,0,10,0,0000000,10,45,10,51,11,40,0,0,0,1,0
39,390597,1,1,0,1,159,4800,26,8,2010,5,10,48,1,12,2,US-33,,148,40.21478611,-83.307852780,0,35,0,0,1,1,3,0,1,1,0,1,0,0000000,10,48,10,54,88,88,0,0,0,1,0
39,390598,3,3,0,4,17,0,27,8,2010,6,13,43,0,3,2,US-127,,206,39.55223611,-84.645194440,0,12,2,0,1,1,1,0,1,1,0,1,0,0000000,13,52,14,5,14,35,0,0,0,1,0
39,390599,1,1,0,1,49,0,29,8,2010,1,18,58,1,1,1,I-270,,518,39.87368056,-82.986838890,0,52,0,1,18,1,4,0,1,1,0,1,0,0000000,88,88,88,88,88,88,0,0,0,1,0
39,390600,1,1,0,1,49,0,11,7,2010,1,13,50,0,3,2,US-62,,23,39.83180556,-83.135605560,0,42,0,0,1,1,4,0,1,10,0,10,0,0000000,88,88,88,88,88,88,0,0,0,1,0
39,390601,2,2,0,2,151,0,12,7,2010,2,10,43,0,4,3,SR-173,,22,40.90034444,-81.213597220,0,12,6,0,4,1,1,0,1,2,0,2,0,0000000,11,8,11,16,11,38,0,0,0,1,0
39,390602,3,3,0,6,151,0,15,8,2010,1,13,53,0,4,3,SR-800,,58,40.73514722,-81.369916670,0,12,2,0,1,1,1,0,1,10,0,10,0,0000000,13,56,14,3,14,20,0,0,0,4,0
39,390603,1,1,0,1,93,0,16,8,2010,2,23,18,0,5,4,INDIAN-HOLLOW-RD,,0,41.31049444,-82.089763890,0,59,0,0,1,1,4,0,2,10,0,10,0,0000000,23,18,23,24,88,88,0,0,0,1,1
39,390604,1,1,0,1,89,5570,18,8,2010,4,18,58,1,12,3,SR-16,,184,40.05705000,-82.450052780,0,35,0,0,1,1,4,0,1,1,0,1,0,0000000,88,88,88,88,88,88,0,0,0,1,0
39,390605,2,2,0,2,141,0,19,8,2010,5,21,35,0,9,4,POTTS-HILL-RD,,0,39.19264444,-83.153036110,0,12,7,0,1,1,1,0,2,10,0,10,0,0000000,21,39,22,7,99,99,0,0,0,1,2
39,390606,2,2,0,3,95,8120,23,8,2010,2,13,9,0,13,3,SR-2,WESTWOOD-AVE,148,41.62894722,-83.606644440,0,12,6,0,2,2,1,0,1,10,0,10,0,0000000,13,11,13,15,13,56,0,0,0,1,1
39,390607,1,1,1,1,29,0,28,8,2010,7,20,52,0,6,5,SPEIDEL RD,,0,40.77926389,-80.968708330,0,8,0,0,1,1,1,0,2,1,0,1,0,0000000,20,54,21,18,23,58,0,0,0,1,0
39,390608,2,2,0,3,113,0,29,8,2010,1,16,0,1,1,1,I-675 RAMP,SR-444,172,39.84096667,-83.993225000,0,12,6,1,2,2,1,0,1,10,0,10,0,0000000,16,4,16,11,16,28,0,0,0,1,0
39,390609,1,1,0,1,49,2270,1,9,2010,4,16,46,0,16,6,WYANDOTTE-WOODS-BLVD,,0,40.12863056,-83.106497220,0,33,0,0,1,1,4,0,1,1,0,1,0,0000000,16,47,16,50,17,36,0,0,0,1,0