STATE,ST_CASE,VE_TOTAL,VE_FORMS,PEDS,PERSONS,COUNTY,CITY,DAY,MONTH,YEAR,DAY_WEEK,HOUR,MINUTE,NHS,ROAD_FNC,ROUTE,TWAY_ID,TWAY_ID2,MILEPT,LATITUDE,LONGITUD,SP_JUR,HARM_EV,MAN_COLL,RELJCT1,RELJCT2,TYP_INT,REL_ROAD,WRK_ZONE,LGT_COND,WEATHER1,WEATHER2,WEATHER,SCH_BUS,RAIL,NOT_HOUR,NOT_MIN,ARR_HOUR,ARR_MIN,HOSP_HR,HOSP_MN,CF1,CF2,CF3,FATALS,DRUNK_DR
39,390610,1,1,0,3,151,990,16,8,2010,2,0,30,0,16,6,SCIOTO-AVE-NW,,0,40.72455556,-81.601266670,0,5,0,0,1,1,1,0,3,10,0,10,0,0000000,0,37,0,45,1,7,0,0,0,1,0
39,390611,2,2,0,2,151,5930,25,8,2010,4,22,10,0,14,6,STATE-ST,CLEVELAND-AVE,0,40.92751944,-81.402727780,0,12,1,0,2,2,1,0,2,10,0,10,0,0000000,22,10,22,11,22,32,0,0,0,1,1
39,390612,1,1,8,2,55,0,1,9,2010,4,18,20,0,3,3,SR-88,,41,41.38905000,-81.050338890,0,49,0,0,1,1,1,0,1,1,0,1,0,0000000,18,24,18,28,20,20,0,0,0,1,0
39,390613,2,2,0,3,123,0,1,9,2010,4,13,26,0,12,3,SR-53,,53,41.50093056,-82.967672220,0,12,2,0,1,1,1,0,1,1,0,1,1,0000000,13,31,13,35,14,14,0,0,0,1,0
39,390614,2,2,0,2,173,0,2,9,2010,5,7,39,0,4,3,SR-163,,41,41.51515833,-83.429147220,0,12,2,0,1,1,1,0,1,5,0,5,0,0000000,7,39,7,39,8,13,0,0,0,1,0
39,390616,1,1,0,1,93,2480,5,9,2010,1,3,8,0,16,6,WEST-AVE,,0,41.36289444,-82.112161110,0,42,0,0,1,1,4,0,3,1,0,1,0,0000000,88,88,88,88,88,88,0,0,0,1,1
39,390618,1,1,1,1,103,0,8,9,2010,4,23,12,0,6,5,BURSLEY-RD,,0,41.11580556,-82.164408330,0,8,0,0,1,1,4,0,2,10,0,10,0,0000000,23,15,23,18,0,15,0,0,0,1,0
39,390619,1,1,0,2,37,0,12,9,2010,1,14,2,0,4,3,SR-47,,93,40.21775000,-84.657725000,0,34,0,0,1,1,4,0,1,1,0,1,0,0000000,99,99,99,99,99,99,0,0,0,1,1
39,390620,2,2,0,2,61,1610,17,7,2010,7,2,27,1,11,1,I-75,,83,39.18831667,-84.481733330,0,12,2,0,1,1,1,0,3,10,0,10,0,0000000,2,29,2,44,88,88,0,0,0,1,1
39,390621,1,1,0,1,155,0,19,7,2010,2,14,10,0,6,5,342,,0,41.21288889,-80.780950000,0,1,0,0,1,1,5,0,1,1,0,1,0,0000000,14,10,14,17,14,34,0,0,0,1,0
39,390622,2,1,0,1,61,1610,29,7,2010,5,5,53,0,16,6,HOKEL LANE,,0,39.10638889,-84.390577780,0,14,0,0,1,1,5,0,4,10,0,10,0,0000000,5,57,6,2,88,88,0,0,0,1,1
39,390623,3,3,0,4,93,0,1,8,2010,1,9,15,0,14,3,SR-113,,88,41.36840556,-82.181355560,0,12,7,0,1,1,1,0,1,1,0,1,0,0000000,9,27,9,43,10,19,0,0,0,1,1
39,390624,2,2,0,4,113,0,2,8,2010,2,21,2,0,5,5,147,152,0,39.62240000,-84.236061110,0,12,6,0,2,2,1,0,2,1,0,1,0,0000000,21,7,21,17,21,44,0,0,0,1,0
39,390625,1,1,1,1,113,1450,4,8,2010,4,20,53,0,13,3,SR-48,BOUNDBROOK DR,51,39.65570278,-84.157383330,0,9,0,0,2,2,1,0,5,10,0,10,0,0000000,99,99,99,99,88,88,0,0,0,1,0
39,390626,1,1,0,1,61,0,11,8,2010,4,0,49,0,15,6,N WAYNE AVE,,0,39.24032222,-84.461030560,0,33,0,0,1,1,5,0,3,1,0,1,0,0000000,99,99,99,99,99,99,0,0,0,1,1
39,390627,1,1,0,2,133,0,11,8,2010,4,10,33,1,1,1,I-80,,58,41.24816667,-81.281802780,0,34,0,0,1,1,4,0,1,10,0,10,0,0000000,10,43,10,50,99,99,0,0,0,1,0
39,390628,1,1,0,3,145,0,17,8,2010,3,14,25,0,6,5,290,,0,38.79743056,-82.681419440,0,34,0,0,1,1,5,0,1,10,0,10,0,0000000,14,46,14,54,88,88,0,0,0,1,0
39,390629,2,2,0,2,33,1130,19,8,2010,5,7,59,0,15,6,N POPLAR ST,W GALEN ST,0,40.80992778,-82.977211110,0,12,6,0,2,4,1,0,1,1,0,1,0,0000000,99,99,99,99,99,99,0,0,0,1,0
39,390630,2,2,0,5,169,0,19,8,2010,5,11,44,0,5,4,2,52,0,40.69335833,-81.745986110,0,12,6,0,2,2,1,0,1,1,0,1,0,0000000,11,46,11,54,12,43,0,0,0,2,0
39,390631,2,2,0,3,107,0,4,7,2010,1,18,42,0,4,3,SR-219,BURKETTSVILLE-ST-HEN,82,40.47975556,-84.647788890,0,12,6,0,2,2,1,0,1,1,0,1,0,0000000,18,48,18,53,19,1,0,0,0,1,0
39,390632,1,1,0,1,167,0,15,7,2010,5,11,0,0,3,3,SR-60,,64,39.46256111,-81.466541670,0,35,0,0,1,1,4,0,1,1,0,1,0,0000000,11,0,11,0,11,15,0,0,0,1,0
39,390633,3,3,0,4,49,1800,13,8,2010,6,16,38,0,13,3,SR-317,CANAL-RD,26,39.83174167,-82.955361110,0,12,1,0,2,3,1,0,1,1,0,1,0,0000000,16,44,16,52,17,20,0,0,0,1,0
39,390634,1,1,0,3,95,8120,24,8,2010,3,3,27,0,14,6,BROADWAY-ST,,0,41.63291111,-83.553622220,0,33,0,0,1,1,4,0,3,10,0,10,0,0000000,3,28,3,34,99,99,0,0,0,3,1
39,390635,1,1,0,1,79,0,9,9,2010,5,11,12,0,2,3,SR-32,,210,39.10098056,-82.483900000,0,52,0,0,1,1,3,0,1,1,0,1,0,0000000,88,88,88,88,88,88,0,0,0,1,0
39,390636,1,1,1,2,25,0,10,9,2010,6,23,54,0,6,4,PAXTON-RD,,0,39.23918333,-84.240927780,0,15,0,0,1,1,1,0,2,1,0,1,0,0000000,88,88,88,88,88,88,0,0,0,1,0
39,390637,1,1,0,1,157,0,10,9,2010,6,11,18,0,4,4,CROOKED-RUN-RD,,0,40.46186111,-81.586100000,0,35,0,0,1,1,4,0,1,10,0,10,0,0000000,11,19,11,35,88,88,0,0,0,1,0
39,390638,1,1,1,1,49,3500,14,9,2010,3,8,22,0,15,6,SCIOTO DARBY RD,,0,40.01083611,-83.117580560,0,8,0,0,1,1,1,0,1,1,0,1,0,0000000,8,26,8,42,88,88,0,0,0,1,0
39,390639,1,1,1,2,49,1800,16,9,2010,5,7,13,0,14,6,E LIVINGSTON AVE,,0,39.94409444,-82.867211110,0,8,0,0,1,1,1,0,1,2,0,2,0,0000000,7,14,7,17,7,39,0,0,0,1,0
39,390641,3,3,0,3,151,0,19,8,2010,5,16,18,0,13,3,SR-241,,132,40.84779167,-81.492847220,0,12,2,0,1,1,1,0,1,1,0,1,0,0000000,16,19,16,23,99,99,0,0,0,2,0
39,390642,2,2,0,2,49,6890,20,8,2010,6,13,39,0,14,6,LANCASTER AVE,,0,39.97041111,-82.808955560,0,12,8,0,1,1,1,0,1,1,0,1,0,0000000,13,51,14,8,14,25,0,0,0,1,0
39,390643,1,1,1,1,73,0,21,8,2010,7,14,15,0,4,3,SR-180,SR-374,119,39.52759167,-82.556963890,0,9,0,0,2,3,1,0,1,2,0,2,0,0000000,14,18,14,28,14,52,0,0,0,1,0
39,390644,2,2,0,2,49,1800,21,8,2010,7,19,3,0,14,6,FRANK RD,,0,39.91722222,-83.040555560,0,12,6,0,4,1,1,0,5,2,0,2,0,0000000,19,5,19,9,19,31,0,0,0,1,0
39,390645,2,2,0,2,49,1800,21,8,2010,7,11,39,0,14,2,US-40,MCNAUGHTEN RD,221,39.95472222,-82.838333330,0,12,6,0,2,2,1,0,1,10,0,10,0,0000000,11,40,11,42,12,5,0,0,0,1,0
39,390646,2,2,0,3,39,0,22,8,2010,1,16,50,0,3,3,SR-18,,282,41.28252500,-84.303844440,0,12,1,0,1,1,1,0,1,10,0,10,0,0000000,16,50,17,8,88,88,0,0,0,1,2
39,390647,2,2,0,2,17,0,22,8,2010,1,18,40,0,6,5,81,,0,39.52613889,-84.417163890,0,12,2,0,1,1,1,0,1,1,0,1,0,0000000,18,41,18,49,19,17,0,0,0,1,1
39,390648,5,2,0,2,99,0,23,8,2010,2,13,47,0,3,3,SR-14,SR-534,40,40.95066944,-80.954855560,0,12,6,0,2,2,1,0,1,10,0,10,0,0000000,13,48,13,56,88,88,0,0,0,1,0
39,390649,1,1,0,2,27,0,23,8,2010,2,18,15,0,3,3,SR-73,,209,39.35361667,-83.720575000,0,53,0,0,1,1,4,0,1,1,0,1,0,0000000,18,29,18,43,99,99,0,0,0,1,1
39,390650,1,1,0,1,17,0,23,8,2010,2,14,0,0,3,3,SR-73,,112,39.49370833,-84.543486110,0,34,0,0,1,1,5,0,1,1,0,1,0,0000000,99,99,99,99,88,88,0,0,0,1,1
39,390651,1,1,0,1,59,0,25,8,2010,4,9,25,0,5,4,35,,0,40.00965833,-81.560563890,0,35,0,0,1,1,4,0,1,10,0,10,0,0000000,99,99,99,99,88,88,0,0,0,1,1
39,390652,1,1,0,3,67,1210,26,8,2010,5,23,50,0,16,6,W WARREN ST,,0,40.26865556,-80.994061110,0,33,0,0,1,1,4,0,3,1,0,1,0,0000000,23,58,0,5,0,34,0,0,0,1,1
39,390653,1,1,0,8,119,0,2,6,2010,4,8,13,0,3,3,SR-60,,266,40.06173611,-82.060744440,0,30,0,0,1,1,4,0,1,1,0,1,1,0000000,8,27,8,54,9,51,0,0,0,1,0
39,390654,2,2,0,2,151,0,31,8,2010,3,13,33,0,3,3,SR-153,PARIS AVE,103,40.83237778,-81.183369440,0,12,6,0,2,2,1,0,1,1,0,1,0,0000000,13,35,13,46,14,25,0,0,0,1,1
39,390655,1,1,0,1,67,0,4,9,2010,7,6,26,0,5,3,SR-519,,99,40.18755278,-80.932219440,0,42,0,0,1,1,4,0,4,1,0,1,0,0000000,6,33,6,39,7,57,0,0,0,1,0
39,390656,2,2,0,2,91,0,7,9,2010,3,10,19,1,2,2,US-68,,48,40.31026667,-83.759805560,0,12,1,0,4,1,1,0,1,1,0,1,0,0000000,10,24,10,34,88,88,0,0,0,1,0
39,390657,1,1,0,1,119,9260,9,9,2010,5,1,34,0,14,6,LINDEN AVE,,0,39.90223056,-82.021802780,0,33,0,0,1,1,4,0,3,1,0,1,0,0000000,88,88,88,88,88,88,0,0,0,1,1
39,390658,1,1,0,1,127,0,12,9,2010,1,11,0,0,4,3,SR-668,,183,39.82096111,-82.287880560,0,32,0,0,1,1,4,0,1,10,0,10,0,0000000,11,0,11,11,88,88,0,0,0,1,0
39,390659,1,1,0,1,59,0,12,9,2010,1,5,20,0,5,4,FREEDOM RD,,0,40.15241111,-81.471469440,0,52,0,0,1,1,4,0,2,10,0,10,0,0000000,88,88,88,88,88,88,0,0,0,1,1
39,390660,2,2,0,4,93,0,15,9,2010,4,12,8,0,4,3,SR-303,ISLAND RD,177,41.23751111,-82.002888890,0,12,6,0,2,2,1,0,1,1,0,1,0,0000000,12,11,12,17,13,5,0,0,0,1,0
39,390661,2,2,0,2,49,1800,23,9,2010,5,17,21,0,14,6,FISHER RD,,0,39.97376667,-83.135433330,0,12,6,0,4,1,1,0,1,1,0,1,0,0000000,17,24,17,26,17,58,0,0,0,1,1
39,390662,3,3,0,6,47,0,25,9,2010,7,8,27,1,2,2,US-35,,229,39.49768333,-83.320741670,0,12,6,0,1,1,1,0,1,1,0,1,0,0000000,8,28,8,37,9,21,0,0,0,1,1
39,390663,1,1,0,1,113,6990,2,7,2010,6,23,42,0,14,3,SR-201,AVONDALE DR,33,39.79456667,-84.154291670,0,35,0,0,2,3,4,0,3,1,0,1,0,0000000,23,42,23,45,0,4,0,0,0,1,1
39,390664,1,1,0,1,85,6320,5,9,2010,1,5,11,0,12,3,SR-2,,149,41.73049722,-81.258630560,0,52,0,0,1,1,4,0,3,10,0,10,0,0000000,5,12,5,17,88,88,0,0,0,1,0
39,390665,2,2,0,4,125,0,17,9,2010,6,16,7,0,2,2,US-24,87,99,41.20933333,-84.631305560,0,12,6,0,2,2,1,0,1,1,0,1,0,0000000,16,7,16,17,17,47,0,0,0,1,1
39,390666,1,1,0,1,45,0,18,9,2010,7,2,55,0,4,4,PICKERINGTON RD,,0,39.89910556,-82.739797220,0,42,0,0,1,1,4,0,2,1,0,1,0,0000000,2,55,3,0,88,88,0,0,0,1,1
39,390667,1,1,1,1,145,0,18,9,2010,7,3,20,0,6,4,HAVERHILL OHIO FURNA,,0,38.59946111,-82.784438890,0,8,0,0,1,1,1,0,2,10,0,10,0,0000000,4,14,4,37,88,88,0,0,0,1,0
39,390668,1,1,0,1,147,0,18,9,2010,7,14,15,0,6,5,121,,0,41.13456667,-83.237605560,0,1,0,0,1,1,4,0,1,1,0,1,0,0000000,14,26,14,40,15,22,0,0,0,1,0
39,390669,3,3,0,3,123,0,20,9,2010,2,9,45,1,2,3,SR-2,,268,41.50530833,-82.842675000,0,12,7,0,1,1,1,0,1,1,0,1,0,0000000,9,47,10,6,10,44,0,0,0,1,0
39,390670,1,1,1,1,25,0,20,9,2010,2,20,14,1,2,3,SR-125,,159,38.96240000,-84.067000000,0,9,0,0,1,1,1,0,2,1,0,1,0,0000000,88,88,88,88,88,88,0,0,0,1,0
39,390671,1,1,0,2,95,8120,22,9,2010,4,0,7,0,13,3,SR-120,,138,41.67751944,-83.610891670,0,1,0,0,1,1,1,0,3,1,0,1,0,0000000,0,8,0,12,0,29,0,0,0,1,1
39,390672,1,1,0,1,143,0,23,9,2010,5,15,35,0,5,3,SR-635,,59,41.33386111,-83.272683330,0,1,0,0,1,1,1,1,1,1,0,1,0,0000000,15,42,15,50,16,34,3,0,0,1,0
39,390673,1,1,1,2,167,4730,12,5,2010,4,22,5,1,13,3,SR-7,SR-60,218,39.42213889,-81.459375000,0,9,0,0,2,2,1,0,3,10,0,10,0,0000000,22,4,22,5,22,18,0,0,0,1,0
39,390674,1,1,1,2,137,0,24,5,2010,2,19,57,0,6,8,EAKIN ST,,0,40.91801944,-84.056472220,0,8,0,0,1,1,1,0,1,1,0,1,0,0000000,19,57,20,5,20,39,0,0,0,1,0
39,390675,1,1,0,1,35,4040,12,8,2010,5,9,23,1,11,1,I-90,,79,41.47154444,-81.818533330,0,25,0,0,1,1,5,0,1,1,0,1,0,0000000,9,25,9,32,10,3,0,0,0,1,0
39,390677,1,1,0,1,49,1800,25,8,2010,4,1,47,1,11,1,I-270,,273,40.10591111,-82.950983330,0,20,0,0,1,1,5,0,3,1,0,1,0,0000000,1,50,1,59,88,88,0,0,0,1,1
39,390678,3,3,0,7,17,3260,26,8,2010,5,18,24,0,14,6,HANCOCK AVE,,0,39.39097778,-84.545922220,0,12,1,0,1,1,1,0,1,1,0,1,0,0000000,18,24,18,28,18,56,0,0,0,1,0
39,390679,1,1,1,1,43,0,26,8,2010,5,1,15,1,2,2,US-250,13,87,41.33259444,-82.624319440,0,8,0,0,2,2,1,0,3,10,0,10,0,0000000,1,23,1,27,88,88,0,0,0,1,0
39,390680,2,2,0,2,49,1800,13,7,2010,3,12,30,0,13,2,US-23,ARCADIA AVE,154,40.01783611,-83.012227780,0,12,6,0,2,2,1,1,1,10,0,10,0,0000000,12,38,12,40,13,9,0,0,0,1,0
39,390681,2,2,0,3,155,0,27,8,2010,6,13,17,0,5,4,83,,0,41.23921667,-80.880922220,0,12,1,0,1,1,1,0,1,1,0,1,0,0000000,99,99,99,99,99,99,0,0,0,1,0
39,390682,1,1,1,1,89,0,27,8,2010,6,15,31,0,5,4,668,,0,40.01150833,-82.290563890,0,9,0,0,1,1,1,0,1,1,0,1,0,0000000,15,37,15,59,16,30,0,0,0,1,0
39,390683,2,2,0,2,153,0,27,8,2010,6,14,51,0,3,4,66,2307,0,40.99459722,-81.405602780,0,12,2,0,3,1,1,0,1,10,0,10,0,0000000,14,52,14,59,15,20,0,0,0,1,0
39,390684,1,1,0,1,175,0,28,8,2010,7,21,58,0,4,3,SR-37,,28,40.77585278,-83.464544440,0,42,0,0,1,1,4,0,2,1,0,1,0,0000000,22,15,22,28,23,7,0,0,0,1,1
39,390685,2,2,0,3,69,0,28,8,2010,7,2,44,1,2,2,US-24,,147,41.42039722,-83.971852780,0,12,8,0,1,1,1,0,2,1,0,1,0,0000000,99,99,99,99,99,99,0,0,0,1,1
39,390686,1,1,0,1,91,0,29,8,2010,1,20,21,0,4,3,SR-235,,103,40.38127778,-83.910827780,0,1,0,0,1,1,4,0,5,1,0,1,0,0000000,99,99,99,99,99,99,0,0,0,1,1
39,390687,2,2,0,2,65,0,30,8,2010,2,16,59,0,6,4,110,,0,40.67468889,-83.808380560,0,12,1,0,1,1,1,0,1,7,0,7,0,0000000,17,0,17,19,88,88,0,0,0,1,0
39,390688,1,1,0,1,61,0,30,8,2010,2,12,16,0,4,3,SR-264,,54,39.15297778,-84.672988890,0,53,0,0,1,1,5,0,1,1,0,1,0,0000000,99,99,99,99,99,99,0,0,0,1,0
39,390689,8,8,0,15,133,7875,16,8,2010,2,11,45,1,11,1,I-80,,48,41.24837778,-81.300197220,0,12,1,0,1,1,1,1,1,1,0,1,0,0000000,11,45,11,54,99,99,0,0,0,1,0
39,390690,1,1,1,2,21,0,1,9,2010,4,7,30,0,5,4,W HICKORY GROVE RD,,0,40.07009722,-83.787177780,0,9,0,0,1,1,1,0,4,1,0,1,0,0000000,7,31,7,35,99,99,0,0,0,1,0
39,390691,2,2,0,2,113,0,3,9,2010,6,5,39,0,3,4,NEEDMORE RD,N DIXIE DR,0,39.81960833,-84.198225000,0,12,6,0,2,2,1,0,3,10,0,10,0,0000000,5,40,5,44,88,88,0,0,0,1,2
39,390692,1,1,1,1,23,0,4,9,2010,7,23,30,0,6,6,LAKE RD,,0,39.88493333,-84.021630560,0,8,0,0,1,1,1,0,2,1,0,1,0,0000000,15,47,16,3,16,45,0,0,0,1,0
39,390693,2,2,0,2,35,6360,9,7,2010,6,14,18,0,13,3,SR-3,,88,41.40188889,-81.734600000,0,12,2,0,1,1,1,0,1,2,0,2,0,0000000,14,24,14,29,14,56,0,0,0,1,0
39,390694,2,2,0,5,95,8120,12,8,2010,5,21,4,0,13,3,SR-184,TALMADGE RD,24,41.72027222,-83.645738890,0,12,6,0,2,3,1,0,3,1,0,1,0,0000000,21,21,21,26,21,51,0,0,0,2,1
39,390695,1,1,0,1,155,0,9,9,2010,5,22,56,0,4,3,SR-46,,172,41.37191389,-80.736830560,0,42,0,0,1,1,4,0,2,1,0,1,0,0000000,22,56,23,5,23,31,0,0,0,1,1
39,390696,2,2,0,3,35,1680,14,9,2010,3,15,10,1,11,1,I-480,,226,41.42469167,-81.566791670,0,12,6,1,18,1,1,0,1,1,0,1,0,0000000,15,32,15,56,16,17,0,0,0,1,0
39,390697,1,1,0,1,95,8120,22,9,2010,4,16,10,1,13,2,US-20,,122,41.65553611,-83.667025000,0,33,0,0,1,1,4,0,1,1,0,1,0,0000000,99,99,99,99,99,99,0,0,0,1,0
39,390698,2,2,0,2,141,0,24,9,2010,6,13,30,0,4,4,550,,0,39.38808056,-83.125161110,0,12,6,0,1,1,1,0,1,1,0,1,0,0000000,13,37,13,45,15,0,0,0,0,1,0
39,390699,2,2,0,2,145,0,25,9,2010,7,15,37,0,4,4,OHIO RIVER RD,,0,38.74751389,-82.870847220,0,12,2,0,1,1,1,0,1,1,0,1,0,0000000,15,44,15,46,99,99,0,0,0,1,0
39,390700,2,2,0,3,99,0,26,9,2010,1,2,5,0,5,4,COLUMBIANA RD,,0,40.91030556,-80.614755560,0,34,0,0,1,1,4,0,2,1,0,1,0,0000000,2,14,2,19,3,5,0,0,0,1,0
39,390701,2,2,0,2,49,1800,28,9,2010,3,16,32,0,15,6,N WAGGONER RD,,0,40.00587222,-82.790780560,0,12,2,0,1,1,1,0,1,10,0,10,0,0000000,16,32,16,38,17,20,0,0,0,1,0
39,390702,1,1,0,1,7,0,2,10,2010,7,1,0,0,4,3,SR-167,,33,41.75126389,-80.704816670,0,35,0,0,1,1,4,0,2,1,0,1,0,0000000,88,88,88,88,88,88,0,0,0,1,1
39,390703,1,1,0,4,151,0,5,9,2010,1,2,35,1,2,2,US-30,,111,40.77517778,-81.453236110,0,1,0,0,1,1,4,0,2,1,0,1,0,0000000,2,35,2,49,3,3,0,0,0,1,1
39,390704,1,1,0,1,89,0,5,9,2010,1,1,45,0,6,4,332,,0,39.92870556,-82.253572220,0,34,0,0,1,1,4,0,2,1,0,1,0,0000000,99,99,99,99,88,88,0,0,0,1,1
39,390705,1,1,0,2,173,0,5,9,2010,1,14,45,1,1,1,I-75,,178,41.41781111,-83.616000000,0,24,0,0,1,1,3,0,1,1,0,1,0,0000000,14,47,14,52,88,88,0,0,0,2,1
39,390706,1,1,0,2,37,0,6,9,2010,2,18,30,0,6,4,100,,0,40.16690278,-84.501241670,0,42,0,0,1,1,5,0,1,1,0,1,0,0000000,18,28,18,43,99,99,0,0,0,1,0
39,390707,2,2,0,2,51,0,7,9,2010,3,6,31,0,4,3,SR-109,L,118,41.62749444,-84.034552780,0,12,6,0,2,2,1,0,2,1,0,1,0,0000000,6,32,6,44,88,88,0,0,0,1,0
39,390708,1,1,0,2,145,0,11,9,2010,7,4,18,0,9,4,177,,0,38.84201389,-82.959905560,0,1,0,0,1,1,4,0,2,1,0,1,0,0000000,4,47,5,4,5,50,0,0,0,1,1
39,390709,1,1,0,1,167,0,11,9,2010,7,11,0,0,4,3,SR-145,,7,39.56906389,-81.388916670,0,35,0,0,1,1,5,0,1,1,0,1,0,0000000,99,99,12,58,88,88,0,0,0,1,0
39,390710,2,2,0,2,175,0,12,9,2010,1,21,40,0,4,3,SR-67,SR-294,68,40.73758611,-83.368938890,0,12,6,0,2,2,1,0,2,1,0,1,0,0000000,21,42,21,51,99,99,0,0,0,1,1
39,390711,2,2,0,2,171,0,13,9,2010,2,20,5,0,2,3,SR-15,US-20A,43,41.58645000,-84.555841670,0,12,6,0,2,2,1,0,2,1,0,1,0,0000000,20,13,20,20,99,99,0,0,0,1,0
39,390712,2,2,0,3,151,0,14,9,2010,3,19,7,0,14,6,EASTON ST,COLUMBUS RD,0,40.87233333,-81.266436110,0,12,6,0,2,2,1,0,1,1,0,1,0,0000000,19,11,19,15,19,56,0,0,0,1,0
39,390713,1,1,0,2,99,9230,9,7,2010,6,10,25,0,12,2,US-62,,187,41.07281667,-80.646344440,0,25,0,0,1,1,3,0,1,1,0,1,0,0000000,10,32,10,36,10,58,0,0,0,1,0
39,390714,1,1,0,1,157,5770,6,9,2010,2,20,44,0,15,6,S BROADWAY RD,,0,40.47760556,-81.449116670,0,30,0,0,1,1,4,0,2,10,0,10,0,0000000,20,45,20,49,21,10,0,0,0,1,0
39,390715,2,1,0,1,151,0,27,9,2010,2,5,18,0,4,4,PERRY DR,,0,40.79368056,-81.445919440,0,40,0,0,1,1,4,0,3,2,0,2,0,0000000,7,39,7,50,88,88,20,0,0,1,1
39,390716,4,3,0,3,61,5070,30,9,2010,5,20,40,0,15,3,SR-126,,257,39.17716111,-84.299511110,0,1,0,0,1,1,1,0,2,1,0,1,0,0000000,20,41,20,47,21,14,0,0,0,1,1
39,390717,2,2,0,3,23,0,1,10,2010,6,16,10,0,6,4,LUNDY LANE,HOUSTON PIKE,0,39.96975556,-83.540905560,0,12,6,0,2,2,1,0,1,1,0,1,0,0000000,99,99,99,99,99,99,0,0,0,1,0
39,390718,1,1,1,1,63,2610,3,10,2010,1,2,20,0,16,6,CENTER ST,,0,41.04412222,-83.646330560,0,8,0,0,1,1,1,0,3,2,0,2,0,0000000,88,88,88,88,88,88,0,0,0,1,0
39,390719,2,2,0,5,49,0,8,10,2010,6,14,33,1,1,1,I-70,,29,39.97961944,-83.196630560,0,12,1,1,18,1,1,0,1,1,0,1,0,0000000,14,33,14,40,15,12,0,0,0,1,0
39,390720,1,1,0,1,113,8180,9,10,2010,7,22,10,0,16,6,GUENTHER RD,,0,39.77339722,-84.267233330,0,38,0,0,1,1,4,0,2,1,0,1,0,0000000,88,88,88,88,88,88,0,0,0,1,0
39,390721,2,2,0,2,73,0,9,10,2010,7,18,22,0,4,3,SR-180,STUMP RD,57,39.49781389,-82.652788890,0,12,6,0,2,3,1,0,1,1,0,1,0,0000000,88,88,88,88,88,88,0,0,0,1,1
39,390722,1,1,0,1,35,1680,9,9,2010,5,1,0,0,14,6,BEREA RD,,0,41.47003333,-81.778727780,0,33,0,0,1,1,4,0,3,1,0,1,0,0000000,99,99,99,99,88,88,0,0,0,1,1
39,390723,2,2,0,3,55,0,9,9,2010,5,17,6,0,13,3,SR-306,8,135,41.54372500,-81.337794440,0,12,6,0,2,2,1,0,1,10,0,10,0,0000000,17,12,17,19,99,99,0,0,0,1,0
39,390724,3,3,0,4,95,0,10,9,2010,6,15,50,0,4,3,SR-295,NEOWASH RD,26,41.60086111,-83.790919440,0,12,6,0,2,2,1,0,1,1,0,1,0,0000000,15,47,16,3,16,45,0,0,0,1,0
39,390725,1,1,0,1,73,0,10,9,2010,6,10,40,0,4,4,13,,0,39.49472222,-82.399444440,0,34,0,0,1,1,5,0,1,1,0,1,0,0000000,10,42,10,49,88,88,0,0,0,1,0
39,390726,2,2,0,2,25,0,12,9,2010,1,12,59,0,4,3,SR-749,,10,39.01239722,-84.288783330,0,12,2,0,1,1,1,0,1,1,0,1,0,0000000,12,58,13,3,99,99,0,0,0,1,1
39,390727,1,1,0,3,85,6320,13,6,2010,1,12,50,0,16,6,LAWNVIEW DR,,0,41.73037778,-81.255741670,0,5,0,0,1,1,1,0,1,99,0,99,0,0000000,88,88,88,88,88,88,0,0,0,1,0
39,390728,1,1,0,2,99,9230,23,8,2010,2,5,43,0,14,6,MARKET ST,,0,41.09108333,-80.655977780,0,31,0,0,1,1,5,0,3,1,0,1,0,0000000,99,99,99,99,88,88,0,0,0,2,1
39,390729,1,1,1,1,11,0,8,9,2010,4,19,13,0,6,4,32A,,0,40.54237500,-84.418041670,0,8,0,0,1,1,1,0,1,1,0,1,0,0000000,19,14,19,19,19,34,0,0,0,1,0
39,390730,2,2,0,2,95,0,8,9,2010,4,15,24,1,2,2,US-20,,23,41.67246944,-83.832383330,0,12,2,0,1,1,1,0,1,1,0,1,0,0000000,15,25,15,32,88,88,0,0,0,1,0
39,390731,2,2,0,3,133,0,9,9,2010,5,16,43,0,4,3,SR-700,SR-303,2,41.23626944,-81.148388890,0,12,6,0,2,2,1,0,1,1,0,1,0,0000000,16,44,16,50,17,29,0,0,0,1,0
39,390732,2,2,0,8,139,0,12,9,2010,1,0,3,1,2,2,US-30,,165,40.77917778,-82.427072220,0,1,0,1,5,1,4,0,2,10,0,10,0,0000000,0,3,0,8,99,99,14,0,0,1,1
39,390733,1,1,0,1,33,0,14,9,2010,3,7,2,0,5,4,40,,0,40.73401667,-82.953588890,0,1,0,0,1,1,5,0,2,1,0,1,0,0000000,99,99,99,99,88,88,0,0,0,1,1
39,390734,2,2,0,3,103,0,15,9,2010,4,15,40,1,2,2,US-224,HARRIS RD,106,41.04640278,-81.991447220,0,12,6,0,2,2,1,0,1,1,0,1,0,0000000,15,42,15,46,16,7,0,0,0,1,0
39,390735,2,2,0,5,9,0,17,9,2010,6,12,50,1,2,2,US-50,53,287,39.23901111,-81.886033330,0,12,6,0,2,2,1,0,1,1,0,1,0,0000000,12,56,13,23,14,13,0,0,0,1,0
39,390736,3,3,0,6,71,0,17,9,2010,6,16,0,0,4,3,SR-138,,131,39.18598056,-83.653030560,0,12,7,0,1,1,1,0,1,1,0,1,0,0000000,16,0,16,7,16,58,0,0,0,1,0