STATE,ST_CASE,VE_TOTAL,VE_FORMS,PEDS,PERSONS,COUNTY,CITY,DAY,MONTH,YEAR,DAY_WEEK,HOUR,MINUTE,NHS,ROAD_FNC,ROUTE,TWAY_ID,TWAY_ID2,MILEPT,LATITUDE,LONGITUD,SP_JUR,HARM_EV,MAN_COLL,RELJCT1,RELJCT2,TYP_INT,REL_ROAD,WRK_ZONE,LGT_COND,WEATHER1,WEATHER2,WEATHER,SCH_BUS,RAIL,NOT_HOUR,NOT_MIN,ARR_HOUR,ARR_MIN,HOSP_HR,HOSP_MN,CF1,CF2,CF3,FATALS,DRUNK_DR
39,390737,2,1,1,2,79,0,18,9,2010,7,20,44,1,2,2,US-32,,141,39.06641944,-82.579100000,0,14,0,0,1,1,4,0,2,1,0,1,0,0000000,20,48,21,5,99,99,0,0,0,1,0
39,390738,2,2,0,2,35,7880,18,9,2010,7,5,48,0,14,3,SR-82,,11,41.31262778,-81.856041670,0,12,2,0,1,1,1,0,2,1,0,1,0,0000000,5,49,5,54,88,88,0,0,0,1,0
39,390739,1,1,0,1,141,0,18,9,2010,7,15,10,0,6,4,139,,0,39.24155833,-83.035180560,0,32,0,0,1,1,4,0,1,1,0,1,0,0000000,15,24,99,97,99,97,0,0,0,1,1
39,390740,1,1,0,1,109,0,19,9,2010,1,9,35,0,6,4,W KESSLER COWLESVILL,,0,39.97958333,-84.307277780,0,53,0,0,1,1,4,0,1,1,0,1,0,0000000,9,36,9,43,88,88,0,0,0,1,0
39,390741,1,1,0,1,41,0,20,9,2010,2,13,38,0,4,3,SR-61,,11,40.26143889,-82.856961110,0,42,0,0,1,1,5,0,1,1,0,1,0,0000000,13,39,13,40,14,5,0,0,0,1,0
39,390742,2,2,0,3,109,0,21,9,2010,3,13,15,0,4,3,SR-718,,52,40.03372778,-84.247455560,0,12,8,0,1,1,1,0,1,1,0,1,0,0000000,99,99,99,99,99,99,0,0,0,1,0
39,390743,1,1,0,1,157,0,23,9,2010,5,22,52,0,6,4,64,,0,40.41910278,-81.347700000,0,34,0,0,1,1,4,0,2,1,0,1,0,0000000,22,58,23,2,88,88,0,0,0,1,1
39,390744,1,1,0,2,113,0,24,9,2010,6,4,45,0,5,4,42,,0,39.72402500,-84.308405560,0,42,0,0,1,1,5,0,2,1,0,1,0,0000000,4,47,4,55,99,99,0,0,0,1,1
39,390745,1,1,0,2,115,0,24,9,2010,6,22,43,0,3,3,SR-78,,14,39.51319722,-82.030638890,0,34,0,0,1,1,4,0,2,10,0,10,0,0000000,22,99,23,11,0,2,0,0,0,1,1
39,390747,2,2,0,2,165,4120,14,10,2010,5,18,43,0,12,2,US-42,SR-48,106,39.43660833,-84.208058330,0,12,1,0,2,2,1,0,5,1,0,1,0,0000000,18,43,18,44,19,18,0,0,0,1,0
39,390748,1,1,0,1,89,0,16,10,2010,7,0,2,0,4,3,SR-79,,189,40.09397500,-82.371502780,0,59,0,0,1,1,4,0,2,1,0,1,0,0000000,88,88,88,88,88,88,0,0,0,1,1
39,390749,1,1,0,1,57,0,16,10,2010,7,3,20,0,4,3,SR-343,,15,39.80626111,-83.860416670,0,35,0,0,1,1,4,0,2,1,0,1,0,0000000,3,23,3,39,88,88,0,0,0,1,1
39,390750,1,1,0,1,29,0,17,10,2010,1,15,50,0,6,4,HADLEY RD,,0,40.86380000,-80.544794440,0,42,0,0,1,1,4,0,1,1,0,1,0,0000000,15,54,16,1,88,88,0,0,0,1,0
39,390751,1,1,0,1,165,0,18,10,2010,2,18,20,0,4,3,SR-123,,101,39.36463056,-84.126777780,0,42,0,0,1,1,4,0,1,10,0,10,0,0000000,99,99,99,99,99,99,0,0,0,1,0
39,390752,1,1,0,1,7,0,19,10,2010,3,14,58,0,4,2,US-6,,49,41.60570000,-80.903627780,0,34,0,0,1,1,4,0,1,1,0,1,0,0000000,88,88,88,88,88,88,0,0,0,1,0
39,390753,2,2,0,5,95,8120,21,10,2010,5,1,54,0,13,2,US-24,,294,41.71375278,-83.547250000,0,12,6,0,8,1,1,0,3,2,0,2,0,0000000,99,99,99,99,99,99,0,0,0,3,2
39,390754,1,1,0,1,5,0,22,10,2010,6,21,52,0,6,4,1031,,0,41.06093889,-82.326669440,0,34,0,0,1,1,4,0,2,1,0,1,0,0000000,88,88,88,88,88,88,0,0,0,1,1
39,390755,2,2,0,6,13,0,23,10,2010,7,15,50,0,4,2,US-40,0AK VIEW RD,144,40.07234444,-80.979108330,0,12,6,0,2,3,1,0,1,1,0,1,0,0000000,15,53,16,1,16,31,0,0,0,1,0
39,390756,1,1,0,2,117,0,24,10,2010,1,2,44,0,4,4,23,,0,40.48013333,-82.799697220,0,59,0,0,1,1,4,0,2,1,0,1,0,0000000,2,46,2,55,3,31,0,0,0,1,1
39,390757,1,1,0,1,145,0,26,10,2010,3,10,45,0,2,2,US-52,,339,38.64482500,-82.849658330,0,31,0,0,1,1,4,0,1,10,0,10,0,0000000,10,45,10,53,88,88,0,0,0,1,0
39,390758,1,1,0,1,153,0,9,9,2010,5,1,59,0,6,4,VALLEY VIEW RD,,0,41.33920000,-81.575975000,0,34,0,0,1,1,4,0,2,1,0,1,0,0000000,2,5,2,30,2,56,0,0,0,1,0
39,390759,2,2,0,3,151,0,21,9,2010,3,16,5,0,3,3,SR-153,BECK AVE,46,40.83227778,-81.289222220,0,12,6,0,2,3,1,0,1,10,0,10,0,0000000,16,7,16,10,16,35,0,0,0,1,0
39,390760,1,1,0,3,153,0,2,10,2010,7,3,42,1,1,1,I-77,,233,41.13781944,-81.649727780,0,42,0,1,5,1,4,0,3,1,0,1,0,0000000,3,42,3,49,4,34,0,0,0,1,1
39,390761,1,1,0,3,97,0,7,10,2010,5,20,42,0,6,5,DYER RD,,0,39.74515833,-83.325955560,0,34,0,0,1,1,4,0,2,10,0,10,0,0000000,20,50,21,14,21,42,0,0,0,1,0
39,390762,2,2,0,3,7,0,8,10,2010,6,18,48,0,3,2,US-322,STANHOPE KELLOGSVILL,204,41.53362778,-80.609275000,0,12,6,0,2,2,1,0,5,1,0,1,0,0000000,18,50,19,0,20,2,0,0,0,1,0
39,390763,1,1,0,2,155,0,9,10,2010,7,17,30,0,4,4,PALMYRA RD,,0,41.21170833,-80.858758330,0,35,0,0,1,1,4,0,1,1,0,1,0,0000000,18,40,18,51,21,26,0,0,0,1,0
39,390764,1,1,0,1,97,0,11,10,2010,2,20,24,0,4,4,PLAIN CITY GEORGESVI,,0,39.99481667,-83.263613890,0,52,0,0,1,1,4,0,2,10,0,10,0,0000000,88,88,88,88,88,88,0,0,0,1,0
39,390765,2,2,0,5,49,0,11,10,2010,2,19,28,0,15,6,ALKIRE RD,BAUSCH RD,0,39.90443611,-83.162986110,0,12,6,0,2,2,1,0,2,1,0,1,0,0000000,19,30,19,41,20,6,0,0,0,1,1
39,390766,1,1,0,1,61,1610,16,10,2010,7,23,2,1,11,1,I-75,,58,39.15915000,-84.527352780,0,26,0,1,18,1,3,0,3,1,0,1,0,0000000,23,3,23,8,23,50,0,0,0,1,1
39,390767,1,1,1,2,61,1610,3,9,2010,6,14,25,0,13,3,SR-264,,135,39.11324722,-84.560627780,0,8,0,0,1,1,4,0,1,1,0,1,0,0000000,99,99,99,99,88,88,0,0,0,1,0
39,390768,1,1,0,3,73,0,25,9,2010,7,20,17,0,5,4,11,,0,39.44500000,-82.640555560,0,1,0,0,1,1,4,0,2,1,0,1,0,0000000,20,20,20,27,21,15,0,0,0,1,0
39,390769,1,1,0,1,73,0,25,9,2010,7,19,0,0,4,3,SR-328,,95,39.49625556,-82.366288890,0,1,0,0,1,1,4,0,1,1,0,1,0,0000000,19,5,19,11,88,88,0,0,0,1,1
39,390770,2,2,0,5,143,0,25,9,2010,7,18,0,0,4,3,SR-412,VICKERY RD,77,41.37285278,-82.935425000,0,12,6,0,2,2,1,0,1,1,0,1,0,0000000,18,2,18,25,19,16,0,0,0,1,1
39,390771,1,1,1,2,123,0,26,9,2010,1,3,8,0,2,3,SR-2,,163,41.53177778,-83.023147220,0,8,0,0,1,1,1,0,2,1,0,1,0,0000000,3,8,3,19,3,45,0,0,0,1,0
39,390772,2,2,0,3,49,0,26,9,2010,1,15,39,1,1,1,I-270,,295,40.09498056,-82.910386110,0,25,0,0,1,1,3,0,1,1,0,1,0,0000000,15,39,15,44,99,99,0,0,0,1,1
39,390773,1,1,1,1,49,1800,26,9,2010,1,2,28,0,13,6,E MAIN ST,PARSONS AVE,0,39.95824167,-82.982397220,0,8,0,0,2,2,1,0,2,1,0,1,0,0000000,2,33,2,35,2,44,0,0,0,1,0
39,390774,1,1,0,1,99,9230,30,9,2010,5,2,50,0,16,6,TOD LANE,,0,41.12428611,-80.638016670,0,33,0,0,1,1,5,0,3,1,0,1,0,0000000,99,99,99,99,88,88,0,0,0,1,1
39,390775,1,1,0,1,89,0,30,9,2010,5,14,45,0,5,4,19,,0,40.26829722,-82.591561110,0,1,0,0,1,1,1,0,1,1,0,1,0,0000000,99,99,99,99,88,88,0,0,0,1,1
39,390776,1,1,0,2,165,0,1,10,2010,6,19,34,0,6,4,66,,0,39.39589444,-84.310311110,0,53,0,0,1,1,4,0,2,1,0,1,0,0000000,19,99,19,40,20,16,0,0,0,1,1
39,390777,2,2,0,4,61,1610,2,10,2010,7,21,15,0,13,6,MADISON RD,MARKBREIT AVE,0,39.15176111,-84.432850000,0,12,6,0,2,2,1,0,3,10,0,10,0,0000000,21,16,21,18,21,22,0,0,0,1,0
39,390778,1,1,5,1,5,0,3,10,2010,1,13,39,0,4,3,SR-96,,12,40.88531111,-82.393275000,0,49,0,0,1,1,1,0,1,2,0,2,0,0000000,13,41,13,54,14,37,0,0,0,1,0
39,390779,1,1,0,2,155,0,6,10,2010,4,15,30,1,2,2,US-422,,68,41.27378611,-80.899741670,0,53,0,0,1,1,5,0,1,10,0,10,0,0000000,15,32,15,37,16,33,0,0,0,1,0
39,390780,2,2,0,3,155,0,7,10,2010,5,22,10,1,2,3,SR-5,SR-534,16,41.20460833,-80.975719440,0,12,6,0,2,2,1,0,2,1,0,1,0,0000000,22,12,23,14,23,26,0,0,0,1,1
39,390781,2,2,0,2,175,0,8,10,2010,6,5,25,1,2,2,US-23,330,98,40.83472222,-83.241177780,0,12,2,1,2,2,1,0,3,1,0,1,0,0000000,5,27,5,30,5,48,0,0,0,1,0
39,390782,1,1,0,2,5,0,8,10,2010,6,15,0,0,3,2,US-42,,13,40.82415278,-82.388222220,0,42,0,0,1,1,4,1,1,1,0,1,0,0000000,15,19,15,45,16,33,0,0,0,1,0
39,390783,2,2,0,2,155,0,9,10,2010,7,16,10,0,3,3,SR-88,203,119,41.39046944,-80.776700000,0,12,6,0,2,2,1,0,1,1,0,1,0,0000000,16,14,16,21,16,46,0,0,0,1,0
39,390784,1,1,1,1,27,0,9,10,2010,7,15,5,0,6,5,228,,0,39.25679167,-83.870772220,0,8,0,0,1,1,1,0,1,1,0,1,0,0000000,15,25,15,56,16,99,0,0,0,1,0
39,390785,1,1,0,1,11,0,9,10,2010,7,17,15,0,6,4,66A,,0,40.49533056,-84.396869440,0,42,0,0,1,1,5,0,1,1,0,1,0,0000000,7,24,7,28,88,88,0,0,0,1,0
39,390786,1,1,0,1,1,0,11,10,2010,2,14,55,0,4,3,SR-125,,143,38.78335000,-83.459300000,0,42,0,0,1,1,4,0,1,1,0,1,0,0000000,15,6,15,11,88,88,0,0,0,1,0
39,390787,2,2,0,5,23,0,23,10,2010,7,14,54,0,4,2,US-40,18,72,39.92144167,-83.913416670,0,12,6,0,2,2,1,0,1,1,0,1,0,0000000,15,1,15,9,15,51,0,0,0,1,0
39,390788,1,1,0,1,113,2090,25,10,2010,2,3,3,0,14,6,N GETTYSBURG AVE,,0,39.79480833,-84.253833330,0,33,0,0,1,1,5,0,3,10,0,10,0,0000000,99,99,99,99,88,88,0,0,0,1,1
39,390789,1,1,0,1,35,6360,30,4,2010,6,18,7,0,13,6,PLEASANT VALLEY RD,HOERTZ RD,0,41.36165278,-81.704072220,0,33,0,0,2,2,4,0,1,1,0,1,0,0000000,88,88,88,88,88,88,0,0,0,1,0
39,390790,2,2,0,2,35,1030,15,8,2010,1,18,46,1,11,1,I-71,,144,41.44761667,-81.756991670,0,12,1,1,18,1,1,0,1,1,0,1,0,0000000,88,88,88,88,88,88,0,0,0,1,1
39,390791,1,1,0,1,85,9020,22,8,2010,1,22,29,0,14,3,SR-283,,1,41.62677500,-81.488825000,0,33,0,0,1,1,4,0,3,10,0,10,0,0000000,22,32,22,35,22,54,0,0,0,1,1
39,390792,1,1,0,1,55,0,6,9,2010,2,0,33,0,6,5,BENTBROOK DR,,0,41.52965556,-81.367836110,0,7,0,0,1,1,1,0,2,10,0,10,0,0000000,0,33,0,37,0,51,0,0,0,1,0
39,390793,1,1,0,8,49,8940,25,9,2010,7,21,8,0,13,3,SR-317,,147,39.96797778,-82.876052780,0,30,0,0,1,1,4,0,3,1,0,1,0,0000000,21,44,21,53,22,9,0,0,0,1,0
39,390794,2,2,0,2,113,3895,30,9,2010,5,11,45,0,14,6,BIGGER RD,SPRINGMILL RD,0,39.66616944,-84.126477780,0,12,6,0,2,2,1,0,1,1,0,1,0,0000000,11,54,12,3,12,22,0,0,0,1,0
39,390795,1,1,0,1,153,0,7,10,2010,5,3,39,0,5,4,RAVENNA RD,,0,41.28354722,-81.405172220,0,42,0,0,1,1,4,0,3,10,0,10,0,0000000,88,88,88,88,88,88,0,0,0,1,1
39,390796,2,2,0,3,35,1680,9,10,2010,7,2,20,0,14,6,HARVARD AVE,,0,41.44882222,-81.621380560,0,12,6,0,4,1,1,0,3,1,0,1,0,0000000,2,23,2,29,2,49,0,0,0,1,2
39,390797,2,2,0,4,113,2090,15,10,2010,6,19,20,0,14,6,S GETTYSBURG AVE,US-35,0,39.73800000,-84.253083330,0,12,6,0,2,2,1,0,5,1,0,1,0,0000000,19,23,19,32,19,53,0,0,0,1,0
39,390798,2,2,0,2,61,0,4,10,2010,2,11,56,1,1,1,I-71,,141,39.22501111,-84.367030560,0,12,1,1,19,1,3,0,1,10,0,10,0,0000000,11,56,12,4,88,88,0,0,0,1,0
39,390799,2,2,0,2,147,0,15,7,2010,5,17,25,0,4,3,SR-162,,32,41.12488333,-82.954072220,0,12,6,0,4,1,1,0,1,1,0,1,0,0000000,17,28,17,37,18,15,0,0,0,1,0
39,390800,2,2,0,3,61,1610,11,8,2010,4,9,32,0,14,6,AUBURN AVE,,0,39.12381111,-84.508466670,0,12,6,0,4,1,1,0,1,1,0,1,0,0000000,99,99,99,99,99,99,0,0,0,1,0
39,390801,1,1,0,1,165,2710,9,10,2010,7,17,34,0,16,6,CONOVER-DR,,0,39.93526667,-84.473461110,0,5,0,0,1,1,1,0,1,1,0,1,0,0000000,17,35,17,44,18,4,0,0,0,1,1
39,390802,1,1,0,1,155,2950,17,10,2010,1,2,30,0,14,6,TIBBETTS-WICK-RD,,0,41.18189167,-80.644066670,0,34,0,0,1,1,4,0,2,1,0,1,0,0000000,88,88,88,88,88,88,0,0,0,1,1
39,390803,1,1,1,1,135,0,17,10,2010,1,0,44,0,4,4,CAMDEN WEST ELKTON,,0,39.62233889,-84.635341670,0,8,0,0,99,9,99,0,2,1,0,1,0,0000000,99,99,99,99,99,99,0,0,0,1,0
39,390804,2,2,0,3,71,0,18,10,2010,2,15,19,0,4,3,SR-28,,124,39.35583056,-83.466611110,0,12,8,0,1,1,1,0,1,10,0,10,0,0000000,15,26,15,30,15,40,0,0,0,1,0
39,390805,1,1,0,1,45,0,23,10,2010,7,17,50,0,4,3,SR-664,,59,39.73977222,-82.432258330,0,35,0,0,1,1,4,0,1,1,0,1,0,0000000,17,51,17,59,18,21,0,0,0,1,0
39,390806,1,1,0,1,43,0,30,10,2010,7,3,15,0,4,3,SR-113,,207,41.33335000,-82.347202780,0,30,0,0,1,1,4,0,2,1,0,1,0,0000000,88,88,88,88,88,88,0,0,0,1,1
39,390807,1,1,0,1,17,0,7,11,2010,1,15,34,0,6,5,TAYLOR-RD,,0,39.54761111,-84.795911110,0,10,0,0,6,1,1,0,1,1,0,1,0,154092R,15,45,16,2,16,45,0,0,0,1,0
39,390808,1,1,0,1,129,0,8,11,2010,2,15,16,0,3,2,US-22,,226,39.62406944,-82.858072220,0,53,0,0,1,1,4,0,1,1,0,1,0,0000000,88,88,88,88,88,88,0,0,0,1,1
39,390809,3,3,0,3,49,1800,9,11,2010,3,10,42,1,12,3,SR-104,,96,39.91536389,-82.984263890,0,12,6,0,1,1,1,0,1,1,0,1,0,0000000,10,43,10,47,11,1,0,0,0,1,0
39,390810,1,1,0,1,53,0,11,11,2010,5,22,19,0,4,3,SR-233,,6,38.84222222,-82.527219440,0,1,0,0,1,1,4,0,2,1,0,1,0,0000000,99,99,99,99,99,99,0,0,0,1,1
39,390811,1,1,2,1,5,0,20,9,2010,2,17,30,0,6,4,620,,0,40.96699444,-82.358216670,0,8,0,0,1,1,1,0,7,1,0,1,0,0000000,17,34,17,39,18,2,0,0,0,1,0
39,390812,2,2,0,3,109,8190,20,9,2010,2,13,38,0,14,3,SR-41,EXPERIMENT FARM RD,117,40.05589167,-84.240663890,0,12,6,0,2,2,1,0,1,1,0,1,0,0000000,13,43,13,47,14,14,0,0,0,1,0
39,390813,2,2,0,2,95,7980,23,9,2010,5,13,25,0,14,6,ERIE ST,WAKEFIELD DR,0,41.71783611,-83.728077780,0,12,8,0,2,2,1,0,1,1,0,1,0,0000000,13,27,13,41,99,99,0,0,0,1,0
39,390814,2,2,0,4,145,0,26,9,2010,1,13,15,1,2,2,US-23,HOUSTON HOLLOW RD,82,38.84118889,-82.984550000,0,12,6,0,2,2,1,0,1,10,0,10,0,0000000,13,15,13,19,99,99,0,0,0,1,0
39,390815,2,2,0,2,69,2200,30,9,2010,5,17,17,0,4,3,SR-18,W KEYSER ST,193,41.20887222,-83.902061110,0,12,6,0,2,2,1,0,1,1,0,1,0,0000000,17,18,17,26,17,42,0,0,0,1,0
39,390816,2,2,0,3,35,2520,1,10,2010,6,14,5,0,15,6,BABBITT RD,,0,41.60025000,-81.518636110,0,12,8,0,1,1,1,0,1,1,0,1,1,0000000,14,8,14,11,14,35,0,0,0,1,0
39,390817,1,1,0,1,153,70,9,10,2010,7,22,24,0,13,6,S MAIN ST,,0,41.04960833,-81.528166670,0,53,0,0,1,1,5,0,3,1,0,1,0,0000000,22,25,22,37,88,88,0,0,0,1,1
39,390818,1,1,0,1,19,0,12,10,2010,3,20,45,0,3,3,SR-9,,220,40.66637222,-81.033433330,0,32,0,0,1,1,4,0,2,1,0,1,0,0000000,0,2,0,11,88,88,0,0,0,1,1
39,390819,1,1,0,5,45,0,16,10,2010,7,4,0,0,5,4,45,,0,39.72841111,-82.758227780,0,59,0,0,1,1,4,0,2,1,0,1,0,0000000,4,9,4,22,5,11,0,0,0,1,1
39,390820,2,2,0,3,113,2090,16,10,2010,7,0,4,0,13,3,SR-48,,149,39.78021944,-84.206761110,0,12,6,0,4,1,1,0,3,1,0,1,0,0000000,0,4,0,10,0,31,0,0,0,1,1
39,390821,1,1,0,1,21,0,16,10,2010,7,20,1,0,6,4,241,,0,40.19621111,-83.946450000,0,1,0,0,1,1,1,0,2,1,0,1,0,0000000,99,99,99,99,99,99,0,0,0,1,1
39,390822,1,1,0,1,43,0,17,10,2010,1,7,23,0,6,5,116,,0,41.30734722,-82.633752780,0,59,0,0,1,1,4,0,4,1,0,1,0,0000000,7,25,7,32,99,99,0,0,0,1,1
39,390823,1,1,1,1,93,4360,17,10,2010,1,21,39,0,13,2,US-6,,61,41.45231111,-82.215155560,0,8,0,0,1,1,1,0,1,10,0,10,0,0000000,21,41,21,47,22,3,0,0,0,1,0
39,390824,1,1,1,1,63,0,20,10,2010,4,7,1,0,4,3,SR-37,,162,40.86341944,-83.520083330,0,8,0,0,1,1,1,0,2,1,0,1,0,0000000,7,2,7,20,8,9,0,0,0,1,0
39,390825,1,1,0,1,103,0,22,10,2010,6,2,45,0,4,4,19,,0,41.10500000,-81.896388890,0,59,0,0,1,1,4,0,2,10,0,10,0,0000000,3,50,4,5,88,88,0,0,0,1,1
39,390826,1,1,0,1,105,0,23,10,2010,7,3,7,0,5,4,46,,0,39.12644722,-81.825033330,0,35,0,0,1,1,4,0,2,1,0,1,0,0000000,3,12,3,32,88,88,0,0,0,1,1
39,390828,2,2,0,2,5,0,2,11,2010,3,21,34,1,2,2,US-30,,4,40.78091667,-82.377305560,0,12,6,0,1,1,1,0,2,1,0,1,0,0000000,21,36,21,39,22,14,0,0,0,1,0
39,390829,2,2,0,2,149,7550,3,11,2010,4,15,52,0,14,3,SR-47,FOURTH-AVE,144,40.28618056,-84.172069440,0,24,0,0,2,2,4,0,1,1,0,1,0,0000000,88,88,88,88,88,88,0,0,0,1,1
39,390830,1,1,0,4,117,0,5,11,2010,6,16,45,0,6,5,77,,0,40.61044167,-82.797269440,0,42,0,0,1,1,4,0,1,10,0,10,0,0000000,16,48,17,12,17,50,0,0,0,1,0
39,390831,2,2,0,2,81,0,9,11,2010,3,15,0,1,2,2,US-22,,141,40.38066944,-80.648680560,0,35,0,0,1,1,3,0,1,1,0,1,0,0000000,15,0,15,4,88,88,0,0,0,1,0
39,390832,1,1,0,1,41,0,10,11,2010,4,23,15,0,4,4,S-OLD-3C,,0,40.20768889,-82.895183330,0,30,0,0,1,1,4,0,2,1,0,1,0,0000000,88,88,88,88,88,88,0,0,0,1,1
39,390833,1,1,0,1,15,0,12,11,2010,6,7,51,1,2,2,US-68,,120,38.80726944,-83.796950000,0,52,0,0,1,1,4,0,1,1,0,1,0,0000000,88,88,88,88,88,88,0,0,0,1,0
39,390834,1,1,0,1,103,0,14,11,2010,1,14,30,0,4,3,SR-252,,69,41.26442500,-81.922322220,0,35,0,0,1,1,4,0,1,10,0,10,0,0000000,14,34,14,40,15,54,0,0,0,1,1
39,390835,1,1,0,1,49,0,22,11,2010,2,18,30,0,2,2,US-40,GEORGESVILLE-RD,67,39.95317500,-83.110286110,0,25,0,0,3,2,3,0,3,1,0,1,0,0000000,99,99,99,99,99,99,0,0,0,1,0
39,390836,1,1,1,1,35,4040,23,8,2010,2,10,12,0,13,2,US-6,NICHOLSON AVE,102,41.48492500,-81.783077780,0,8,0,0,3,3,1,0,1,10,0,10,0,0000000,10,12,10,14,10,31,0,0,0,1,0
39,390838,2,2,0,4,71,3520,12,9,2010,1,12,58,0,13,2,US-62,DIAMOND-DR,171,39.23670556,-83.608830560,0,12,2,0,2,3,1,0,1,1,0,1,0,0000000,12,58,13,2,13,26,0,0,0,1,0
39,390839,1,1,1,1,35,8330,29,9,2010,4,16,4,0,13,6,ROCKSIDE-RD,,0,41.39339444,-81.609744440,0,9,0,0,1,1,1,0,1,1,0,1,0,0000000,16,4,16,10,16,45,0,0,0,1,0
39,390840,1,1,0,1,35,1680,14,11,2010,1,12,52,0,13,6,STOKES-BLVD,,0,41.49792222,-81.608805560,0,30,0,0,1,1,4,0,1,10,0,10,0,0000000,12,54,12,57,13,18,0,0,0,1,0
39,390841,1,1,0,2,89,0,15,11,2010,2,2,0,0,6,4,BLACKS-RD,,0,39.99925278,-82.635486110,0,42,0,0,1,1,4,0,2,1,0,1,0,0000000,88,88,88,88,88,88,0,0,0,1,0
39,390842,2,2,0,2,117,0,16,11,2010,3,14,39,0,4,3,SR-314,,9,40.36071944,-82.690130560,0,12,7,0,1,1,1,0,1,2,0,2,0,0000000,14,39,14,48,15,50,0,0,0,1,0
39,390843,1,1,1,1,49,1800,16,11,2010,3,0,55,0,15,6,N-HAGUE-AVE,,0,39.97878889,-83.084772220,0,9,0,0,1,1,1,0,2,1,0,1,0,0000000,88,88,88,88,88,88,0,0,0,1,0
39,390844,1,1,0,2,49,1800,23,11,2010,3,3,29,1,11,1,I-270 RAMP,,90,39.97804167,-83.120841670,0,24,0,1,5,1,4,0,3,2,0,2,0,0000000,3,34,3,40,88,88,0,0,0,1,1
39,390845,1,1,0,2,47,0,28,11,2010,1,14,13,0,6,2,US-22,,172,39.55223611,-83.270530560,0,40,0,0,1,1,4,0,1,1,0,1,0,0000000,14,25,14,54,15,29,0,0,0,1,0
39,390846,1,1,0,3,17,0,17,11,2010,4,15,35,1,1,1,I-75,,61,39.36395000,-84.367944440,0,43,0,1,18,1,4,0,1,1,0,1,0,0000000,15,37,15,42,16,0,0,0,0,1,0
39,390847,2,2,0,4,165,0,7,5,2010,6,9,47,0,5,4,COLUMBIA-RD,SOCIALVILLE-FOSTER,0,39.32141667,-84.284197220,0,12,6,0,2,2,1,0,1,1,0,1,0,0000000,99,99,99,99,99,99,0,0,0,1,0
39,390848,1,1,0,1,93,7490,3,10,2010,1,9,10,0,16,6,LAKE-BREEZE-RD,,0,41.48193889,-82.113263890,0,53,0,0,1,1,4,0,1,2,0,2,0,0000000,88,88,88,88,88,88,0,0,0,1,0
39,390849,1,1,0,1,155,8530,8,10,2010,6,20,4,0,16,6,DANA-ST-NE,,0,41.24799444,-80.815336110,0,33,0,0,1,1,4,0,3,1,0,1,0,0000000,20,6,20,12,20,35,0,0,0,1,1
39,390850,2,2,0,3,155,5900,28,10,2010,5,8,32,0,14,6,WARREN-AVE,HYDE-AVE,0,41.20618333,-80.947308330,0,12,1,0,2,2,1,0,1,1,0,1,0,0000000,99,99,99,99,99,99,0,0,0,1,0
39,390851,1,1,0,2,89,0,18,11,2010,5,1,30,0,6,4,RAINROCK-RD,,0,40.20907778,-82.285383330,0,34,0,0,1,1,4,0,2,1,0,1,0,0000000,2,5,2,34,3,24,0,0,0,1,1
39,390852,1,1,0,1,101,0,19,11,2010,6,2,0,0,5,4,MARSEILLES-GALION-RD,,0,40.67318333,-83.270625000,0,34,0,0,1,1,4,0,2,1,0,1,0,0000000,88,88,88,88,88,88,0,0,0,1,1
39,390853,1,1,0,1,35,4480,21,11,2010,1,21,50,0,14,6,BRAINARD-RD,,0,41.51632222,-81.476733330,0,59,0,0,1,1,4,0,7,10,0,10,0,0000000,22,26,22,29,22,46,0,0,0,1,0
39,390854,2,2,0,4,91,0,21,11,2010,1,19,48,0,5,4,32,13,0,40.38505278,-83.789811110,0,12,6,0,2,2,1,0,2,10,0,10,0,0000000,19,52,19,55,21,4,0,0,0,1,2
39,390855,1,1,0,1,167,0,21,11,2010,1,16,30,0,6,5,VICKERS-RD,,0,39.37882778,-81.580611110,0,53,0,0,1,1,4,0,1,1,0,1,0,0000000,16,30,16,40,88,88,0,0,0,1,1
39,390856,2,2,0,3,99,0,24,11,2010,4,5,1,1,1,1,I-76,,72,41.10774722,-80.864986110,0,12,1,1,18,1,1,0,2,10,0,10,0,0000000,5,3,5,17,6,35,0,0,0,1,0
39,390857,1,1,0,2,45,0,4,6,2010,6,4,6,0,5,3,SR-793,,26,39.67029722,-82.603025000,0,42,0,0,1,1,4,0,3,1,0,1,0,0000000,99,99,99,99,99,99,0,0,0,1,0
39,390858,1,1,0,2,111,0,8,8,2010,1,19,8,0,6,5,11,,0,39.65856944,-81.027891670,0,1,0,0,1,1,5,0,1,1,0,1,0,0000000,19,10,19,22,99,99,0,0,0,1,0
39,390859,1,1,1,1,35,1680,13,9,2010,2,19,40,0,16,6,W 38TH ST,,0,41.48522500,-81.713444440,0,8,0,0,1,1,1,0,5,10,0,10,0,0000000,88,88,88,88,88,88,0,0,0,1,0
39,390860,2,1,0,3,147,8070,19,9,2010,1,11,31,0,13,3,SR-18,,137,41.11502778,-83.189861110,0,42,0,0,1,1,5,0,1,10,0,10,0,0000000,99,99,99,99,88,88,0,0,0,2,0
39,390861,2,2,0,5,113,2090,8,10,2010,6,16,30,1,13,3,SR-49,LITTLE RICHMOND,21,39.77635278,-84.280586110,0,12,6,0,2,2,1,0,1,1,0,1,0,0000000,16,35,16,38,17,16,0,0,0,1,0