STATE,ST_CASE,VE_TOTAL,VE_FORMS,PEDS,PERSONS,COUNTY,CITY,DAY,MONTH,YEAR,DAY_WEEK,HOUR,MINUTE,NHS,ROAD_FNC,ROUTE,TWAY_ID,TWAY_ID2,MILEPT,LATITUDE,LONGITUD,SP_JUR,HARM_EV,MAN_COLL,RELJCT1,RELJCT2,TYP_INT,REL_ROAD,WRK_ZONE,LGT_COND,WEATHER1,WEATHER2,WEATHER,SCH_BUS,RAIL,NOT_HOUR,NOT_MIN,ARR_HOUR,ARR_MIN,HOSP_HR,HOSP_MN,CF1,CF2,CF3,FATALS,DRUNK_DR
39,390862,2,2,0,2,113,2090,9,10,2010,7,3,30,0,14,6,PHILADELPHIA DR,32,0,39.79743056,-84.235169440,0,12,1,0,3,2,1,0,3,1,0,1,0,0000000,99,99,99,99,88,88,0,0,0,1,0
39,390864,2,2,1,2,61,1610,11,10,2010,2,13,0,0,14,6,WINTON RD,,0,39.16886667,-84.520225000,0,12,2,0,1,1,1,0,1,1,0,1,0,0000000,99,99,99,99,88,88,0,0,0,1,0
39,390865,2,2,0,8,153,70,18,10,2010,2,8,26,0,14,6,E CUYAHOGA FALLS AVE,N MAIN ST,0,41.10744167,-81.510486110,0,12,2,0,2,4,1,0,1,10,0,10,0,0000000,8,30,8,35,8,51,0,0,0,1,0
39,390866,3,3,0,4,17,0,18,10,2010,2,16,0,0,4,3,SR-747,,25,39.33912778,-84.461902780,0,12,1,0,1,1,1,0,1,1,0,1,0,0000000,16,43,16,51,17,12,0,0,0,1,0
39,390867,2,2,0,2,133,0,22,10,2010,6,7,17,0,2,3,SR-5,31,36,41.14958889,-81.220191670,0,12,6,0,2,2,1,0,1,1,0,1,0,0000000,7,29,7,35,8,0,0,0,0,1,0
39,390868,3,3,0,5,29,0,22,10,2010,6,11,38,1,2,3,SR-11,,201,40.80876111,-80.746150000,0,12,8,0,1,1,1,0,1,1,0,1,0,0000000,11,39,11,52,99,99,0,0,0,1,0
39,390869,2,2,0,2,125,0,23,10,2010,7,14,33,0,6,5,178,209,0,41.18009167,-84.360133330,0,12,6,0,2,2,1,0,1,10,0,10,0,0000000,14,48,15,15,15,38,0,0,0,1,0
39,390870,1,1,0,2,17,0,29,10,2010,6,21,11,0,6,5,409,,0,39.51683889,-84.729900000,0,42,0,0,1,1,4,0,6,1,0,1,0,0000000,21,11,21,14,99,99,0,0,0,1,1
39,390871,1,1,0,1,91,0,31,10,2010,1,0,27,0,6,5,71,,0,40.29088056,-83.925311110,0,42,0,0,1,1,5,0,2,1,0,1,0,0000000,0,28,0,39,99,99,0,0,0,1,1
39,390872,1,1,0,3,153,0,31,10,2010,1,3,4,0,6,4,187,,0,41.21853333,-81.529069440,0,34,0,0,1,1,5,0,2,1,0,1,0,0000000,3,5,99,99,99,99,0,0,0,2,0
39,390873,1,1,0,1,83,0,1,11,2010,2,8,30,0,3,3,SR-3,,251,40.46497778,-82.388491670,0,34,0,0,1,1,4,0,1,1,0,1,0,0000000,8,36,99,99,88,88,0,0,0,1,0
39,390874,2,2,0,2,141,0,1,11,2010,2,10,40,0,4,3,SR-772,,111,39.29558056,-83.037969440,0,12,6,0,1,1,1,0,1,10,0,10,0,0000000,99,99,99,99,99,99,0,0,0,1,0
39,390875,4,4,0,6,139,0,1,11,2010,2,13,40,0,4,4,LEXINGTON SPRINGMILL,MILLSVORO RD,0,40.74698056,-82.589852780,0,12,6,0,2,2,1,0,1,1,0,1,0,0000000,13,48,13,49,14,7,0,0,0,1,0
39,390876,1,1,0,1,97,0,4,11,2010,5,17,19,0,6,5,48,,0,39.97141944,-83.341905560,0,42,0,0,1,1,5,0,1,10,0,10,0,0000000,17,19,17,25,88,88,0,0,0,1,0
39,390877,1,1,0,1,61,0,6,11,2010,7,2,32,0,4,5,CLEVES WARSAW RD,,0,39.12026111,-84.657597220,0,42,0,0,1,1,4,0,2,1,0,1,0,0000000,2,35,2,41,3,8,0,0,0,1,1
39,390878,1,1,2,1,45,0,8,11,2010,2,18,45,0,4,4,REFUGEE RD,,0,39.90765278,-82.733736110,0,8,0,0,1,1,1,0,2,1,0,1,0,0000000,18,45,18,49,19,17,0,0,0,1,0
39,390879,2,2,0,4,123,0,9,11,2010,3,17,35,0,3,3,SR-53,,36,41.48890556,-82.996386110,0,12,7,0,1,1,1,0,5,1,0,1,0,0000000,17,38,17,46,88,88,0,0,0,1,0
39,390880,1,1,0,1,99,0,9,11,2010,3,17,22,1,2,3,SR-11,,86,41.01987222,-80.739208330,0,42,0,0,1,1,4,0,1,1,0,1,0,0000000,17,22,17,30,88,88,0,0,0,1,0
39,390881,2,2,0,2,35,4870,18,7,2010,1,17,6,0,12,2,US-322,,126,41.52001667,-81.460088890,0,12,7,0,1,1,1,0,1,1,0,1,0,0000000,17,7,17,9,17,18,0,0,0,1,0
39,390882,2,1,0,2,65,0,31,7,2010,7,11,0,0,5,3,SR-385,SR-117,23,40.55933056,-83.835897220,0,14,0,0,2,2,4,0,1,1,0,1,0,0000000,11,6,11,28,11,56,0,0,0,1,0
39,390883,3,3,0,7,175,0,19,11,2010,6,18,48,1,2,3,SR-15,95,15,40.95176389,-83.429305560,0,12,6,0,2,2,1,0,2,1,0,1,0,0000000,18,48,18,51,19,28,0,0,0,1,0
39,390884,2,2,0,4,95,8120,26,11,2010,6,13,8,0,13,3,SR-65,CRAIG-BRIDGE,58,41.66256944,-83.513236110,0,12,2,0,2,3,1,0,1,1,0,1,0,0000000,13,9,13,12,13,44,0,0,0,1,0
39,390885,2,2,0,4,43,0,27,11,2010,7,14,5,1,1,1,I-80,,122,41.32443611,-82.624991670,0,12,6,1,19,1,2,0,1,10,0,10,0,0000000,14,24,14,50,15,32,0,0,0,2,0
39,390886,1,1,0,1,95,0,28,11,2010,1,2,9,0,9,4,CEDAR-POINT-RD,,0,41.61256944,-83.703200000,0,59,0,0,1,1,4,0,2,10,0,10,0,0000000,88,88,88,88,88,88,0,0,0,1,1
39,390887,2,2,0,2,23,0,30,11,2010,3,11,0,0,4,3,SR-334,DERR-RD,23,39.97919167,-83.783713890,0,12,6,0,2,2,1,0,1,2,0,2,0,0000000,88,88,88,88,88,88,0,0,0,1,1
39,390888,3,3,0,13,129,0,1,12,2010,4,17,22,0,3,2,US-62,,1,39.72547500,-83.249416670,0,12,2,0,1,1,1,0,5,4,0,4,0,0000000,17,39,18,1,18,40,0,0,0,1,0
39,390889,2,2,0,2,91,0,5,12,2010,1,17,57,0,4,4,5,,0,40.31703611,-83.691530560,0,12,6,0,1,1,1,0,2,4,0,4,0,0000000,17,57,18,3,88,88,0,0,0,1,0
39,390891,1,1,0,1,151,0,10,11,2010,4,23,30,0,6,5,KEMARY AVE,,0,40.71947500,-81.479544440,0,42,0,0,1,1,4,0,2,1,0,1,0,0000000,23,38,23,50,88,88,0,0,0,1,1
39,390892,1,1,0,2,101,0,11,11,2010,5,22,20,0,3,3,SR-309,,211,40.60429167,-83.059755560,0,34,0,0,1,1,4,0,2,1,0,1,0,0000000,22,26,22,32,22,53,0,0,0,1,1
39,390893,1,1,0,1,61,0,12,11,2010,6,6,49,0,5,4,374,,0,39.11680833,-84.365644440,0,35,0,0,1,1,4,0,2,1,0,1,0,0000000,6,49,6,51,7,28,0,0,0,1,0
39,390894,3,3,0,7,25,0,13,11,2010,7,8,34,1,1,1,I-275,,13,39.22491944,-84.278261110,0,12,2,0,1,1,1,0,1,1,0,1,0,0000000,8,34,8,40,9,5,0,0,0,2,0
39,390895,1,1,0,2,49,1800,14,11,2010,1,0,5,0,16,6,PETZINGER RD,,0,39.92972222,-82.925277780,0,42,0,0,1,1,5,0,3,2,0,2,0,0000000,0,8,0,11,0,13,0,0,0,1,0
39,390896,2,2,0,3,81,0,15,11,2010,2,14,30,0,4,3,SR-213,,32,40.42423611,-80.659852780,0,12,6,0,1,1,1,0,1,1,0,1,0,0000000,15,47,16,20,16,59,0,0,0,1,0
39,390898,1,1,0,1,75,0,28,11,2010,1,14,5,0,6,5,54,,0,40.50986111,-82.007277780,0,38,0,0,1,1,5,0,1,1,0,1,0,0000000,88,88,88,88,88,88,0,0,0,1,1
39,390899,1,1,0,1,85,9011,29,11,2010,2,18,33,1,11,1,I-90,,51,41.61961389,-81.411780560,0,32,0,1,18,1,3,0,3,10,0,10,0,0000000,18,34,18,41,18,53,0,0,0,1,0
39,390900,1,1,0,1,103,0,30,11,2010,3,8,21,1,1,1,I-71,,200,41.19386667,-81.791030560,0,24,0,1,18,1,3,0,1,10,0,10,0,0000000,88,88,88,88,88,88,0,0,0,1,1
39,390901,1,1,0,1,49,1800,7,12,2010,3,18,24,0,14,6,COOKE-RD,,0,40.04652500,-82.998233330,0,10,0,0,6,1,1,0,2,1,0,1,0,481470J,88,88,88,88,88,88,0,0,0,1,0
39,390902,4,4,0,4,77,0,10,12,2010,6,6,24,1,4,2,US-224,,71,41.03200278,-82.704177780,0,12,6,0,1,1,1,0,2,4,0,4,0,0000000,6,25,6,36,7,8,0,0,0,1,0
39,390903,2,2,0,4,95,0,11,12,2010,7,16,37,1,2,2,US-20,FULTON-LUCAS-RD,1,41.67169444,-83.879219440,0,12,6,0,2,2,1,0,1,10,0,10,0,0000000,16,50,17,10,18,12,0,0,0,3,0
39,390904,1,1,0,1,49,1800,12,12,2010,1,13,23,0,13,6,MORSE-RD,,0,40.05721667,-82.902702780,0,35,0,0,1,1,4,0,1,4,0,4,0,0000000,88,88,88,88,88,88,0,0,0,1,0
39,390905,1,1,0,3,141,0,19,12,2010,1,3,40,0,6,4,LITTLE-CREEK-RD,,0,39.38068889,-83.189050000,0,42,0,0,1,1,4,0,2,10,0,10,0,0000000,3,46,4,2,5,12,0,0,0,1,1
39,390906,2,2,0,8,119,0,19,12,2010,1,15,8,0,4,3,SR-83,,42,40.02958611,-81.755102780,0,12,6,0,4,1,1,0,1,1,0,1,0,0000000,15,10,15,19,16,8,0,0,0,1,0
39,390907,2,2,0,3,37,0,21,12,2010,3,7,40,0,5,4,HOLLANSBURG-ARCANUM,,0,39.99730833,-84.757891670,0,12,2,0,1,1,1,0,4,3,0,3,0,0000000,7,41,7,51,99,99,0,0,0,1,0
39,390908,2,2,0,2,107,0,24,11,2010,4,15,45,0,4,3,SR-118,ST-ANTHONY-RD,108,40.50886389,-84.628661110,0,12,6,0,2,2,1,0,1,2,0,2,0,0000000,15,56,16,1,16,18,0,0,0,1,0
39,390909,1,1,1,1,89,0,3,12,2010,6,19,20,1,2,3,SR-16,,116,40.04240278,-82.572155560,0,8,0,0,1,1,1,0,2,1,0,1,0,0000000,19,20,19,25,20,5,0,0,0,1,0
39,390910,1,1,1,2,25,0,3,12,2010,6,20,19,1,2,3,SR-125,,24,39.06171667,-84.272775000,0,8,0,0,1,1,1,0,2,1,0,1,0,0000000,20,20,20,22,20,48,0,0,0,1,0
39,390911,1,1,0,1,151,0,12,12,2010,1,16,10,0,6,4,OAKHILL-AVE,,0,40.89675000,-81.169652780,0,42,0,0,1,1,4,0,1,4,0,4,0,0000000,16,19,16,26,17,46,0,0,0,1,0
39,390912,3,3,0,3,127,0,14,12,2010,3,8,19,0,3,3,SR-13,96,305,39.82985556,-82.337922220,0,12,7,0,2,3,1,0,1,1,0,1,0,0000000,8,21,8,40,9,26,0,0,0,1,1
39,390913,2,2,0,2,27,0,17,12,2010,6,14,10,0,4,3,SR-72,SR-729,43,39.43207500,-83.630127780,0,12,6,0,2,2,1,0,1,10,0,10,0,0000000,14,17,14,23,14,45,0,0,0,1,0
39,390914,2,2,0,2,131,0,23,12,2010,5,13,45,0,4,3,SR-335,,189,39.13143611,-82.892186110,0,12,2,0,1,1,1,0,1,10,0,10,0,0000000,99,99,99,99,99,99,0,0,0,1,0
39,390915,2,2,0,3,77,0,23,12,2010,5,10,25,1,2,2,US-20,,268,41.25488889,-82.379636110,0,12,6,0,4,1,1,0,1,10,0,10,0,0000000,10,34,10,44,99,99,0,0,0,1,0
39,390916,1,1,0,1,113,0,24,12,2010,6,18,5,1,1,1,I-75,,188,39.84347222,-84.189863890,0,25,0,1,18,1,3,0,3,10,0,10,0,0000000,88,88,88,88,88,88,0,0,0,1,1
39,390917,1,1,0,2,49,1800,26,12,2010,1,1,49,0,14,6,INTERNATIONAL GATEWA,,0,40.00096667,-82.898283330,0,42,0,0,1,1,4,0,3,1,0,1,0,0000000,1,57,2,5,2,26,0,0,0,1,0
39,390918,2,2,0,2,113,0,28,6,2010,2,5,53,0,6,4,15,HEMPLE RD,0,39.68505833,-84.395425000,0,12,6,0,2,2,1,0,3,1,0,1,0,0000000,5,54,6,0,6,43,0,0,0,1,0
39,390919,1,1,0,1,105,6660,3,8,2010,3,23,32,0,15,4,24,,0,39.03221667,-82.052463890,0,1,0,0,1,1,5,0,3,10,0,10,0,0000000,99,99,99,99,88,88,0,0,0,1,1
39,390920,3,3,0,3,95,8120,18,10,2010,2,10,43,0,14,6,GLENDALE AVE,GATEWAY DR,0,41.61166667,-83.605833330,0,12,6,0,2,2,1,0,1,10,0,10,0,0000000,10,45,10,48,11,18,0,0,0,1,0
39,390921,2,2,0,5,151,4820,31,10,2010,1,17,30,0,16,6,OBERLIN RD SW,8TH ST,0,40.78069167,-81.530133330,0,12,6,0,2,2,1,0,1,10,0,10,0,0000000,17,39,17,40,99,99,0,0,0,1,0
39,390922,2,2,0,9,85,4920,29,8,2010,1,16,34,1,12,3,SR-2,,124,41.71777500,-81.299086110,0,12,6,0,5,1,1,0,1,1,0,1,0,0000000,16,42,16,57,17,8,0,0,0,2,0
39,390923,2,2,0,3,107,0,16,11,2010,3,7,8,0,4,3,SR-49,SR-219,93,40.47842222,-84.783991670,0,12,1,0,2,2,1,0,4,1,0,1,0,0000000,7,11,7,20,7,38,0,0,0,1,0
39,390924,2,2,0,2,123,0,10,12,2010,6,23,35,0,4,3,SR-163,,47,41.51593056,-83.324847220,0,12,2,0,1,1,1,0,2,1,0,1,0,0000000,88,88,88,88,88,88,0,0,0,1,1
39,390925,2,2,0,4,21,0,10,12,2010,6,16,54,0,4,3,SR-29,,331,40.04860556,-83.520922220,0,43,0,0,1,1,4,0,5,1,0,1,0,0000000,16,57,16,59,99,99,0,0,0,1,1
39,390926,2,2,0,5,131,0,17,12,2010,6,16,54,0,6,4,BETHEL-HILL-RD,,0,39.00034167,-83.124255560,0,12,2,0,1,1,1,0,5,10,0,10,0,0000000,16,54,17,5,18,33,0,0,0,1,0
39,390927,2,2,0,3,131,0,18,12,2010,7,12,32,0,2,2,US-23,,15,38.97974444,-83.023166670,0,12,6,0,4,1,1,0,1,10,0,10,0,0000000,13,3,13,17,14,28,0,0,0,1,0
39,390928,1,1,0,1,35,1680,19,12,2010,1,2,40,1,11,1,I-77,,150,41.49024167,-81.666891670,0,25,0,1,18,1,3,0,3,10,0,10,0,0000000,88,88,88,88,88,88,0,0,0,1,1
39,390929,1,1,0,1,61,855,19,12,2010,1,14,15,1,11,1,I-275,,305,39.27896111,-84.361997220,0,24,0,1,18,1,4,0,1,10,0,10,0,0000000,14,16,14,21,14,38,0,0,0,1,0
39,390930,1,1,0,1,147,0,22,12,2010,4,12,27,0,6,5,ELCHERT-RD,,0,41.05071389,-83.268483330,0,42,0,0,1,1,4,0,1,10,0,10,0,0000000,12,27,12,34,88,88,0,0,0,1,1
39,390931,2,2,0,3,101,4740,25,12,2010,7,17,0,0,14,3,SR-95,CLARIDON-AVE,168,40.58085278,-83.099544440,0,12,6,0,2,3,1,0,1,10,0,10,0,0000000,17,2,17,5,17,27,0,0,0,1,0
39,390932,1,1,0,1,153,70,24,10,2010,1,5,0,0,15,6,GRANT STREET,,0,41.07046667,-81.517833330,0,33,0,0,1,1,4,0,3,10,0,10,0,0000000,7,18,7,24,88,88,0,0,0,1,1
39,390933,1,1,1,1,35,1680,10,11,2010,4,17,2,0,14,2,US-20,SOUTH ROADWAY,175,41.50035000,-81.694247220,0,8,0,0,3,2,1,0,5,10,0,10,0,0000000,17,6,17,9,17,24,0,0,0,1,0
39,390934,2,2,0,5,93,2480,27,11,2010,7,1,31,0,16,6,POPLAR-ST,BRANDSTON-AVE,0,41.38149444,-82.089252780,0,12,6,0,2,4,1,0,3,10,0,10,0,0000000,1,43,1,48,2,23,0,0,0,1,1
39,390935,1,1,0,2,93,0,5,12,2010,1,19,30,0,4,4,MIDDLE-RIDGE-RD,,0,41.40388889,-82.177425000,0,30,0,0,1,1,4,0,2,4,0,4,0,0000000,19,30,19,36,20,2,0,0,0,1,1
39,390936,2,2,0,4,91,0,18,12,2010,7,23,30,0,4,4,130,,0,40.39770278,-83.797172220,0,12,6,0,1,1,1,0,2,1,0,1,0,0000000,23,30,23,36,0,12,0,0,0,1,1
39,390937,2,2,0,2,95,8120,22,12,2010,4,11,19,0,13,6,W-LASKEY-RD,GLENN-OAKS-DR,0,41.70645000,-83.620633330,0,12,6,0,2,3,1,0,1,10,0,10,0,0000000,11,20,11,24,99,99,0,0,0,1,0
39,390938,2,2,0,5,23,0,22,12,2010,4,3,51,0,4,3,SR-235,,19,39.91293333,-84.037966670,0,12,6,0,1,1,1,0,2,3,0,3,0,0000000,3,54,4,6,4,55,0,0,0,2,0
39,390939,2,2,0,5,61,1610,25,12,2010,7,7,15,0,15,6,ANTHONY-WAYNE-AVE,,0,39.20175000,-84.470816670,0,12,2,0,1,1,1,0,3,10,0,10,0,0000000,7,25,7,30,99,99,0,0,0,1,1
39,390940,1,1,0,1,165,0,27,12,2010,2,13,20,0,4,3,SR-741,,36,39.39475000,-84.286400000,0,42,0,0,1,1,4,0,1,1,0,1,0,0000000,88,88,88,88,88,88,0,0,0,1,0
39,390941,2,2,0,6,173,0,28,12,2010,3,17,57,0,4,3,SR-199,STEARNS-RD,11,41.18146944,-83.430500000,0,12,6,0,2,2,1,0,2,1,0,1,0,0000000,99,99,99,99,99,99,0,0,0,2,0
39,390942,2,2,0,2,153,0,22,9,2010,4,8,28,0,3,4,116,2877,0,41.13704444,-81.602455560,0,12,6,0,2,2,1,0,1,1,0,1,0,0000000,99,99,99,99,99,99,0,0,0,1,0
39,390943,1,1,0,2,61,5940,4,11,2010,5,10,40,1,12,3,SR-126,,99,39.22121667,-84.534472220,0,34,0,0,1,1,5,0,1,1,0,1,0,0000000,10,40,10,46,11,10,0,0,0,1,0
39,390944,1,1,0,1,151,0,19,11,2010,6,3,45,0,5,4,APPLEGROVE ST NW,,0,40.88970278,-81.378563890,0,30,0,0,1,1,4,0,2,1,0,1,0,0000000,99,99,99,99,88,88,0,0,0,1,1
39,390945,3,3,0,6,53,2810,14,11,2010,1,10,56,1,13,3,SR-7,SYCAMORE ST,233,38.81589444,-82.192980560,0,12,6,0,2,2,1,0,1,10,0,10,0,0000000,10,56,10,58,99,99,0,0,0,1,0
39,390946,3,3,0,4,49,1800,15,11,2010,2,12,30,0,13,2,US-23,RATHMELL RD,41,39.86284444,-83.004541670,0,12,6,0,2,2,1,0,1,1,0,1,0,0000000,12,30,12,39,12,49,0,0,0,1,0
39,390947,2,2,0,5,93,0,16,11,2010,3,13,10,0,4,4,51,,0,41.26451667,-82.274636110,0,12,2,0,1,1,1,0,1,2,0,2,0,0000000,13,11,13,18,13,36,0,0,0,3,0
39,390948,2,2,0,2,139,4680,18,11,2010,5,11,49,0,14,3,SR-45,,40,40.81770000,-82.488116670,0,53,0,0,1,1,5,0,1,10,0,10,0,0000000,11,53,12,6,12,39,0,0,0,1,0
39,390949,1,1,0,1,85,0,20,11,2010,7,0,12,0,4,3,SR-528,,13,41.73350000,-81.044488890,0,24,0,0,1,1,4,0,2,1,0,1,0,0000000,0,20,0,22,88,88,0,0,0,1,1
39,390950,1,1,0,1,79,0,20,11,2010,7,21,38,0,6,4,11,,0,38.98972222,-82.636666670,0,30,0,0,1,1,4,0,2,1,0,1,0,0000000,21,38,21,46,99,99,0,0,0,1,1
39,390951,1,1,0,1,99,0,21,11,2010,1,20,26,0,6,5,RED APPLE DR,,0,41.10837778,-80.769275000,0,34,0,0,1,1,4,0,2,1,0,1,0,0000000,20,28,20,36,99,99,0,0,0,1,1
39,390952,2,2,0,3,67,0,22,11,2010,2,14,51,0,4,4,4,,0,40.37544444,-80.912511110,0,12,8,0,1,1,1,0,1,1,0,1,0,0000000,15,1,15,21,15,54,0,0,0,1,0
39,390953,1,1,0,1,143,0,24,11,2010,4,18,30,0,5,4,268,,0,41.34350000,-82.935722220,0,59,0,0,1,1,4,0,2,10,0,10,0,0000000,18,36,18,43,88,88,0,0,0,1,1
39,390954,2,2,0,4,119,0,26,11,2010,6,21,28,0,4,3,SR-146,209,248,39.90141389,-81.839327780,0,12,6,0,2,3,1,0,2,1,0,1,0,0000000,21,40,21,58,22,20,0,0,0,1,0
39,390955,1,1,0,3,61,0,26,11,2010,6,7,10,0,6,4,159,,0,39.18242222,-84.594188890,0,1,0,0,1,1,5,0,2,1,0,1,0,0000000,99,99,99,99,99,99,0,0,0,1,0
39,390956,1,1,0,1,173,0,28,11,2010,1,1,5,1,1,1,I-75,,50,41.23885833,-83.652597220,0,34,0,1,5,1,4,0,2,1,0,1,0,0000000,1,9,1,28,1,47,0,0,0,1,1
39,390957,1,1,0,1,155,8530,10,11,2010,4,7,9,0,4,4,PALMYRA-RD,,0,41.21794444,-80.849686110,0,34,0,0,1,1,4,0,2,5,0,5,0,0000000,7,59,8,8,8,36,0,0,0,1,0
39,390958,2,2,0,2,81,0,26,12,2010,1,16,35,0,4,3,SR-152,,224,40.49408611,-80.670155560,0,12,2,0,1,1,1,0,1,10,0,10,0,0000000,16,38,16,47,17,27,0,0,0,1,0
39,390959,2,2,1,2,49,1800,30,12,2010,5,18,45,0,15,6,PARSONS AVE,COLUMBUS ST,0,39.94666111,-82.982805560,0,8,0,0,3,2,1,0,3,10,0,10,0,0000000,18,46,18,51,19,0,0,0,0,1,0
39,390960,1,1,1,1,151,0,31,12,2010,6,19,17,0,6,5,LAKE-CABLE-AVE-NW,,0,40.87205278,-81.451177780,0,8,0,0,1,1,1,0,2,10,0,10,0,0000000,88,88,88,88,88,88,0,0,0,1,0
39,390961,1,1,0,1,7,0,31,12,2010,6,3,0,0,6,5,BENETKA RD,,0,41.84438889,-80.684300000,0,42,0,0,1,1,4,0,2,10,0,10,0,0000000,88,88,88,88,88,88,0,0,0,1,0
39,390962,1,1,0,2,9,0,31,12,2010,6,2,10,0,6,5,MCAFEE-RD,,0,39.32985833,-81.999547220,0,42,0,0,1,1,4,0,2,10,0,10,0,0000000,3,56,4,24,5,13,0,0,0,1,1
39,390963,1,1,0,1,55,0,5,10,2010,3,18,53,0,4,2,US-322,,43,41.52181667,-81.304491670,0,34,0,0,1,1,5,0,3,2,0,2,0,0000000,18,53,18,57,19,40,0,0,0,1,0
39,390964,2,2,0,5,77,6070,27,11,2010,7,19,56,1,13,2,US-20,TOLEDO RD,103,41.22961389,-82.657208330,0,12,6,0,2,3,1,0,2,1,0,1,0,0000000,19,56,20,0,20,36,0,0,0,3,0
39,390965,1,1,0,2,61,1610,28,11,2010,1,5,20,0,13,2,US-52,,254,39.10368611,-84.496266670,0,42,0,0,1,1,5,0,3,1,0,1,0,0000000,5,23,5,29,99,99,0,0,0,1,1
39,390966,2,1,0,1,29,0,30,11,2010,3,21,15,0,6,5,MAHONING AVE,,0,40.88337778,-81.086769440,0,14,0,0,1,1,4,0,2,2,0,2,0,0000000,99,99,99,99,88,88,0,0,0,1,0
39,390967,1,1,0,1,9,0,30,11,2010,3,11,14,0,5,4,25,,0,39.31827500,-82.075086110,0,1,0,0,1,1,5,0,1,2,0,2,0,0000000,99,99,99,99,88,88,0,0,0,1,0
39,390968,2,2,0,2,109,0,1,12,2010,4,10,12,0,4,3,SR-41,,8,40.01090278,-84.053180560,0,12,7,0,4,1,1,0,1,10,0,10,0,0000000,10,12,10,22,10,53,0,0,0,1,0
39,390969,2,2,0,2,137,0,2,12,2010,5,18,1,0,3,2,US-224,5,254,41.02195000,-83.957450000,0,12,6,0,2,2,1,0,2,10,0,10,0,0000000,18,1,18,10,99,99,0,0,0,1,1
39,390970,2,2,0,3,33,0,3,12,2010,6,13,32,0,6,4,28,22,0,40.90674444,-83.055186110,0,12,6,0,2,3,1,0,1,10,0,10,0,0000000,13,33,13,45,14,5,0,0,0,1,0
39,390971,1,1,0,1,165,0,3,12,2010,6,10,45,0,13,3,SR-48,,242,39.57808611,-84.163644440,0,42,0,0,1,1,4,0,1,10,0,10,0,0000000,10,46,99,99,88,88,0,0,0,1,0
39,390972,2,2,0,4,35,1680,5,12,2010,1,2,40,0,14,6,WOODHILL RD,,0,41.47750000,-81.620672220,0,12,6,0,1,1,1,0,3,4,0,4,0,0000000,2,48,2,57,3,58,0,0,0,2,1
39,390973,1,1,0,1,153,7855,6,12,2010,2,7,1,1,13,3,SR-59,,112,41.15843056,-81.419936110,0,33,0,0,1,1,4,0,2,4,0,4,0,0000000,7,1,7,5,7,27,0,0,0,1,0
39,390974,2,2,0,2,81,7830,6,12,2010,2,12,5,0,13,3,SR-822,FRANCISCAN WAY EAST,1,40.37410833,-80.621738890,0,12,6,0,2,2,1,0,1,4,0,4,0,0000000,12,6,12,10,12,28,0,0,0,1,0
39,390976,1,1,1,1,49,1800,7,12,2010,3,4,15,1,12,3,SR-16,,80,39.97805556,-82.852500000,0,8,0,0,1,1,1,0,3,1,0,1,0,0000000,4,17,4,24,4,45,0,0,0,1,0
39,390977,2,2,0,2,13,0,8,12,2010,4,10,50,1,2,3,SR-7,,114,39.95762778,-80.762372220,0,12,1,1,5,1,1,0,1,1,0,1,0,0000000,11,7,11,12,11,44,0,0,0,1,0
39,390978,1,1,0,1,61,0,10,12,2010,6,22,28,1,1,1,I-275,,105,39.22057222,-84.738625000,0,43,0,1,5,1,5,0,2,10,0,10,0,0000000,22,32,22,37,88,88,0,0,0,1,1
39,390979,2,2,0,6,33,0,10,12,2010,6,17,36,0,4,3,SR-98,MT ZION RD,51,40.77570556,-82.982936110,0,12,6,0,2,2,1,0,2,1,0,1,0,0000000,17,46,18,11,18,48,0,0,0,1,0
39,390980,2,2,1,2,49,1800,11,12,2010,7,23,27,0,14,6,N WILSON RD,,0,39.95725278,-83.093805560,0,8,0,0,1,1,1,0,3,2,0,2,0,0000000,23,31,23,33,23,34,0,0,0,1,0
39,390981,3,3,0,3,165,0,12,11,2010,6,13,3,0,6,4,22,,0,39.54252778,-84.253641670,0,1,0,0,1,1,5,0,1,1,0,1,0,0000000,13,5,13,10,99,99,0,0,0,1,0
39,390982,2,2,0,3,89,0,12,12,2010,1,10,42,0,4,3,SR-37,,234,39.95893889,-82.532430560,0,12,6,0,1,1,1,0,1,4,0,4,0,0000000,11,3,11,8,99,99,0,0,0,1,0
39,390983,1,1,0,5,7,0,12,12,2010,1,16,25,0,6,4,6,,0,41.54974444,-80.927002780,0,34,0,0,1,1,4,0,1,4,0,4,0,0000000,16,37,16,39,17,26,0,0,0,2,0
39,390984,2,2,0,5,107,0,14,12,2010,3,10,44,1,2,2,US-33,US-127,104,40.65117778,-84.580308330,0,12,6,0,2,2,1,0,1,4,0,4,0,0000000,10,55,11,2,11,36,0,0,0,3,0
39,390985,1,1,0,1,123,0,16,12,2010,5,16,35,0,5,4,23,,0,41.53776389,-83.183372220,0,10,0,0,6,1,1,0,1,10,0,10,0,473769H,16,36,16,47,17,14,0,0,0,1,1
39,390986,1,1,0,1,69,3270,17,12,2010,6,21,30,0,14,3,SR-109,,41,41.34777778,-84.038055560,0,21,0,0,1,1,4,0,3,10,0,10,0,0000000,99,99,99,99,88,88,0,0,0,1,1