STATE,ST_CASE,VE_TOTAL,VE_FORMS,PEDS,PERSONS,COUNTY,CITY,DAY,MONTH,YEAR,DAY_WEEK,HOUR,MINUTE,NHS,ROAD_FNC,ROUTE,TWAY_ID,TWAY_ID2,MILEPT,LATITUDE,LONGITUD,SP_JUR,HARM_EV,MAN_COLL,RELJCT1,RELJCT2,TYP_INT,REL_ROAD,WRK_ZONE,LGT_COND,WEATHER1,WEATHER2,WEATHER,SCH_BUS,RAIL,NOT_HOUR,NOT_MIN,ARR_HOUR,ARR_MIN,HOSP_HR,HOSP_MN,CF1,CF2,CF3,FATALS,DRUNK_DR
39,390987,4,4,0,7,79,0,18,12,2010,7,10,0,0,3,3,SR-93,,100,38.97201389,-82.581197220,0,12,1,0,1,1,1,0,1,10,0,10,0,0000000,10,17,10,40,11,29,0,0,0,1,0
39,390988,2,2,0,3,85,8960,19,12,2010,1,4,10,1,11,1,I-90,,17,41.58996111,-81.475552780,0,12,8,0,1,1,1,0,3,10,0,10,0,0000000,4,11,4,18,4,53,0,0,0,1,1
39,390991,2,2,0,4,85,4920,1,12,2010,4,8,19,0,14,3,SR-283,,113,41.72076111,-81.345272220,0,12,2,0,1,1,1,0,4,4,0,4,0,0000000,8,20,8,27,9,23,0,0,0,1,0
39,390992,1,1,0,1,113,0,20,12,2010,2,22,55,0,16,4,7,,0,39.81250000,-84.227500000,0,59,0,0,1,1,5,0,3,10,0,10,0,0000000,22,55,23,0,88,88,0,0,0,1,0
39,390993,2,2,0,5,107,0,13,12,2010,2,18,24,0,3,2,US-127,,113,40.51697222,-84.577388890,0,12,6,0,1,1,1,0,2,1,0,1,0,0000000,18,24,18,31,19,9,0,0,0,1,0
39,390994,1,1,1,1,31,1920,27,11,2010,7,2,3,0,16,6,ELM ST,S 3RD ST,0,40.26925278,-81.867080560,0,8,0,0,3,1,1,0,2,1,0,1,0,0000000,2,4,2,7,2,21,0,0,0,1,0
39,390995,2,2,0,3,145,5610,11,12,2010,7,7,0,1,2,2,US-52,,217,38.74390278,-82.950569440,0,12,7,0,1,1,1,0,4,1,0,1,0,0000000,99,99,99,99,99,99,0,0,0,1,2
39,390996,1,1,0,5,107,0,18,12,2010,7,19,4,0,6,5,235,,0,40.40387222,-84.804188890,0,34,0,0,1,1,5,0,2,10,0,10,0,0000000,99,99,99,99,99,99,0,0,0,1,0
39,390997,1,1,0,1,35,2520,18,12,2010,7,12,36,1,11,1,I-90,,291,41.60138889,-81.503277780,0,1,0,0,1,1,4,0,1,1,0,1,0,0000000,12,54,13,15,14,2,0,0,0,1,0
39,390998,1,1,1,1,55,0,19,12,2010,1,2,9,0,5,4,9,,0,41.42142500,-81.384486110,0,8,0,0,1,1,4,0,3,1,0,1,0,0000000,2,14,2,17,3,0,0,0,0,1,1
39,390999,2,2,0,8,129,0,21,12,2010,3,11,49,1,2,2,US-23,,89,39.60991944,-82.949308330,0,12,2,0,1,1,1,0,1,10,0,10,0,0000000,11,56,12,5,12,57,0,0,0,2,0
39,391000,1,1,1,1,103,0,21,12,2010,3,6,46,1,2,3,SR-18,,179,41.13611667,-81.747558330,0,8,0,0,1,1,1,0,2,10,0,10,0,0000000,6,46,6,54,7,55,0,0,0,1,0
39,391001,1,1,0,1,127,0,22,12,2010,4,17,5,0,3,2,US-22,,9,39.77502778,-82.383933330,0,43,0,0,1,1,4,0,1,10,0,10,0,0000000,99,99,99,99,88,88,0,0,0,1,1
39,391002,1,1,0,1,31,0,23,12,2010,5,15,20,0,3,2,US-36,,90,40.34183333,-82.027702780,0,42,0,0,1,1,5,0,1,10,0,10,0,0000000,99,99,99,99,99,99,0,0,0,1,1
39,391003,1,1,0,1,17,0,23,12,2010,5,2,30,0,6,4,TRENTON FRANKLIN RD,,0,39.54257222,-84.390963890,0,24,0,0,1,1,5,0,2,10,0,10,0,0000000,99,99,99,99,88,88,0,0,0,1,1
39,391004,2,2,0,2,95,8120,24,12,2010,6,7,19,0,13,3,SR-246,,53,41.65303333,-83.561463890,0,12,1,0,1,1,1,0,3,10,0,10,0,0000000,7,20,7,24,7,50,0,0,0,1,0
39,391005,1,1,0,3,91,0,25,12,2010,7,5,40,0,6,4,37,,0,40.42805556,-83.814308330,0,53,0,0,1,1,4,0,2,10,0,10,0,0000000,5,54,6,3,99,99,0,0,0,1,0
39,391006,2,2,0,6,49,1800,26,12,2010,1,21,20,0,14,4,NORTON RD,,0,39.90416667,-83.146111110,0,12,8,0,1,1,1,0,2,11,0,11,0,0000000,21,25,21,30,21,58,0,0,0,1,0
39,391007,2,2,1,3,147,3170,26,12,2010,1,13,53,0,4,3,SR-19,S KANSAS ST,197,41.24988333,-83.054036110,0,12,6,0,2,4,1,0,1,10,0,10,0,0000000,13,55,14,12,99,99,0,0,0,1,0
39,391008,1,1,1,1,165,0,27,12,2010,2,23,26,1,2,2,US-22,15,13,39.30644167,-84.279900000,0,8,0,0,2,2,1,0,3,1,0,1,0,0000000,0,47,0,50,1,21,0,0,0,1,0
39,391009,1,1,0,1,119,0,27,12,2010,2,4,0,0,6,4,414,,0,39.96306111,-82.050197220,0,1,0,0,1,1,4,0,2,1,0,1,0,0000000,4,26,4,35,88,88,0,0,0,1,0
39,391010,1,1,1,1,153,70,2,11,2010,3,8,37,0,14,6,N-ARLINGTON-ST,,0,41.07339722,-81.490658330,0,8,0,0,1,1,1,0,1,1,0,1,0,0000000,8,37,8,40,8,50,0,0,0,1,0
39,391011,2,2,0,9,153,70,1,12,2010,4,18,2,0,14,6,W-EXCHANGE-ST,ARDMORE-AVE,0,41.09535278,-81.550408330,0,12,2,0,2,3,1,0,3,4,0,4,0,0000000,18,12,18,16,18,55,0,0,0,1,0
39,391012,1,1,1,1,99,9230,31,12,2010,6,20,25,0,14,6,GLENWOOD AVE,CLEVELAND ST,0,41.08616111,-80.673186110,0,8,0,0,2,3,1,0,3,1,0,1,0,0000000,88,88,88,88,88,88,0,0,0,1,0
39,391013,1,1,0,1,41,0,28,12,2010,3,3,45,0,5,5,WILSON RD,,0,40.28438056,-82.892261110,0,34,0,0,1,1,4,0,2,1,0,1,0,0000000,4,23,4,32,99,99,0,0,0,1,1
39,391014,1,1,0,2,151,0,28,12,2010,3,23,35,0,2,3,SR-44,,102,40.80893889,-81.280105560,0,30,0,0,1,1,4,0,2,1,0,1,0,0000000,23,40,23,51,0,5,0,0,0,1,0
39,391015,2,2,0,2,93,0,28,12,2010,3,12,49,0,3,3,SR-83,SR-303,25,41.23695000,-82.023238890,0,12,6,0,2,2,1,0,1,1,0,1,0,0000000,12,52,12,59,88,88,0,0,0,1,1
39,391016,1,1,1,1,49,9150,28,12,2010,3,18,50,0,14,3,SR-745,NORTH ST,1,40.02192778,-82.878133330,0,8,0,0,2,3,1,0,3,10,0,10,0,0000000,99,99,99,99,99,99,0,0,0,1,0
39,391017,1,1,1,1,169,0,28,12,2010,3,19,23,0,3,3,SR-94,,183,40.94561944,-81.743669440,0,8,0,0,1,1,1,0,2,1,0,1,0,0000000,19,21,19,29,88,88,0,0,0,1,0
39,391018,2,2,0,2,35,2040,25,12,2010,7,2,25,1,11,1,I-77,,111,41.43436111,-81.649361110,0,12,7,1,18,1,1,0,3,10,0,10,0,0000000,88,88,88,88,88,88,0,0,0,1,1
39,391019,2,2,0,3,153,70,29,8,2010,1,4,0,0,14,3,SR-162,MERCER AVE,72,41.08418611,-81.557113890,0,12,6,0,2,3,1,0,3,10,0,10,0,0000000,4,2,4,9,4,15,0,0,0,1,2
39,391020,2,2,0,2,29,0,29,12,2010,4,12,49,1,2,2,US-62,SR-45,132,40.92613611,-80.856372220,0,12,6,0,2,2,1,0,1,1,0,1,0,0000000,12,52,13,0,13,13,0,0,0,1,0
39,391021,1,1,1,1,95,8120,30,12,2010,5,18,45,0,14,3,SR-246,,19,41.65284167,-83.628358330,0,15,0,0,1,1,1,0,3,1,0,1,0,0000000,18,46,18,51,19,6,0,0,0,1,0
39,391022,2,2,0,3,175,0,30,12,2010,5,7,54,0,4,3,SR-103,,168,40.94947500,-83.195616670,0,12,6,0,1,1,1,0,1,2,0,2,0,0000000,99,99,99,99,99,99,0,0,0,1,0
39,391023,2,2,0,3,65,0,30,12,2010,5,16,38,0,5,3,SR-195,90,86,40.70737778,-83.785302780,0,12,6,0,2,2,1,0,1,1,0,1,0,0000000,16,38,16,50,99,99,0,0,0,1,0
39,391024,1,1,0,1,129,0,20,12,2010,2,7,54,0,4,3,SR-159,,1,39.47761111,-82.907594440,0,43,0,0,1,1,5,0,1,4,0,4,0,0000000,99,99,99,99,88,88,0,0,0,1,0
39,391025,1,1,1,1,35,1680,8,12,2010,4,12,45,0,13,3,SR-10,FAIRWOOD,108,41.45578611,-81.787913890,0,8,0,0,3,3,1,0,1,4,0,4,0,0000000,12,50,12,53,13,20,0,0,0,1,0
39,391026,2,1,1,2,49,1800,10,12,2010,6,15,38,0,13,2,US-40,,176,39.95678611,-82.921466670,0,33,0,0,1,1,5,0,1,1,0,1,0,0000000,15,38,15,42,16,10,0,0,0,1,0
39,391027,1,1,1,1,151,1320,1,10,2010,6,2,22,0,6,6,LENNIS AVE SW,,0,40.77837222,-81.400666670,0,8,0,0,1,1,1,0,2,1,0,1,0,0000000,99,99,99,99,88,88,0,0,0,1,0
39,391028,1,1,1,1,35,1680,17,10,2010,1,19,45,0,14,3,SR-237,,99,41.44203333,-81.819241670,0,8,0,0,1,1,1,0,3,10,0,10,0,0000000,99,99,99,99,99,99,0,0,0,1,0
39,391029,1,1,0,1,85,0,21,10,2010,5,9,28,0,4,2,US-20,,185,41.74222222,-81.216944440,0,24,0,0,1,1,5,0,1,99,0,99,0,0000000,99,99,99,99,88,88,0,0,0,1,1
39,391030,2,2,0,4,35,1680,2,7,2010,6,18,13,0,16,6,E 128TH ST,,0,41.53926944,-81.594547220,0,12,6,0,4,1,1,0,1,1,0,1,0,0000000,18,15,18,18,18,35,0,0,0,1,0
39,391031,1,1,1,2,35,1680,17,7,2010,7,15,25,0,16,6,SOMERSET AVE,,0,41.52779167,-81.617261110,0,8,0,0,4,1,1,0,1,1,0,1,0,0000000,99,99,99,99,99,99,0,0,0,1,0
40,400001,1,1,0,1,75,0,2,1,2010,7,8,0,1,2,2,US-183,,59,35.10073056,-99.060836110,0,34,0,0,1,1,4,0,1,1,0,1,0,0000000,10,11,10,16,88,88,0,0,0,1,1
40,400002,1,1,0,6,125,0,2,1,2010,7,21,0,0,4,4,NO NAME,,0,35.40555556,-96.957991670,0,38,0,0,1,1,4,0,2,1,0,1,0,0000000,21,12,21,22,22,1,0,0,0,1,1
40,400003,1,1,0,4,109,3550,3,1,2010,1,17,53,1,11,1,I-40,,200,35.38414444,-97.145711110,0,1,0,0,1,1,4,0,2,1,0,1,0,0000000,17,53,18,11,19,2,0,0,0,2,0
40,400004,1,1,0,2,109,3550,4,1,2010,2,5,57,0,4,3,SR-74,,100,35.64833889,-97.585011110,0,42,0,0,1,1,4,0,2,1,0,1,0,0000000,6,14,6,20,6,53,0,0,0,1,1
40,400005,1,1,1,1,125,0,5,1,2010,3,18,48,0,3,2,US-177,,16,35.36780833,-96.981072220,0,8,0,0,1,1,1,0,2,1,0,1,0,0000000,19,22,19,23,19,45,0,0,0,1,0
40,400006,2,2,1,3,31,2750,7,1,2010,5,7,8,1,13,3,SR-7,,22,34.59417222,-98.339883330,0,8,0,0,1,1,1,0,3,6,0,6,0,0000000,7,9,7,19,88,88,23,0,0,1,0
40,400007,1,1,0,1,5,0,7,1,2010,5,11,45,0,4,3,SR-43,,9,34.53412222,-96.069636110,0,34,0,0,1,1,4,0,1,1,0,1,0,0000000,11,45,12,1,88,88,0,0,0,1,0
40,400009,1,1,0,2,87,0,11,1,2010,2,16,2,0,4,3,SR-74,,1,34.85669444,-97.405958330,0,1,0,0,1,1,4,0,1,1,0,1,0,0000000,16,6,16,15,17,17,0,0,0,1,0
40,400010,1,1,0,1,109,3550,13,1,2010,4,0,40,0,14,6,N MACARTHUR BLVD,WOODBRIDGE RD,0,35.59087778,-97.620822220,0,42,0,0,2,2,4,0,3,1,0,1,0,0000000,0,42,0,49,2,9,0,0,0,1,1
40,400011,2,2,0,4,13,0,13,1,2010,4,14,50,1,2,2,US-70,,63,33.99758333,-96.263172220,0,12,6,0,1,1,4,0,1,1,0,1,0,0000000,14,54,15,3,15,37,0,0,0,1,0
40,400012,1,1,0,1,87,3870,14,1,2010,5,10,4,0,3,3,SR-39,,33,35.00102500,-97.438277780,0,30,0,0,1,1,4,0,1,1,0,1,0,0000000,10,7,10,15,88,88,0,0,0,1,0
40,400013,1,1,0,2,85,0,14,1,2010,5,13,41,0,4,2,US-77,,41,33.99953333,-97.126238890,0,34,0,0,1,1,4,0,1,1,0,1,0,0000000,13,35,13,38,13,55,0,0,0,1,0
40,400014,2,2,0,7,11,0,16,1,2010,7,11,50,0,6,4,NO NAME,NO NAME,0,35.87008333,-98.614358330,0,12,6,0,2,2,1,0,1,1,0,1,0,0000000,11,42,11,58,12,19,0,0,0,1,0
40,400015,1,1,0,1,145,0,3,1,2010,1,1,44,0,16,4,NO NAME,,0,35.96339722,-95.404108330,0,34,0,0,1,1,4,0,2,1,0,1,0,0000000,1,16,1,32,88,88,0,0,0,1,1
40,400016,1,1,0,1,19,210,16,1,2010,7,21,18,0,15,6,MT WASHINGTON,,0,34.19031111,-97.125502780,0,30,0,0,1,1,4,0,2,1,0,1,0,0000000,21,22,21,30,21,41,0,0,0,1,1
40,400017,1,1,0,1,97,0,17,1,2010,1,99,99,0,6,4,MURPHY RD,,0,36.15179444,-95.278958330,0,42,0,0,1,1,4,0,2,5,0,5,0,0000000,88,88,88,88,88,88,0,0,0,1,1
40,400018,1,1,0,2,87,0,20,1,2010,4,3,25,0,4,2,US-77,,25,34.88701944,-97.300830560,0,32,0,0,1,1,4,0,2,1,0,1,0,0000000,3,27,3,35,3,55,0,0,0,1,1
40,400019,2,2,0,2,125,0,20,1,2010,4,8,0,0,4,3,SR-59,NO NAME,29,35.07259444,-96.879566670,0,12,1,0,3,2,1,0,1,5,0,5,0,0000000,8,24,9,14,9,58,0,0,0,1,0
40,400020,2,2,0,2,81,0,2,2,2010,3,13,28,0,4,2,US-62,,35,35.49453333,-97.083777780,0,12,6,0,8,1,1,0,1,1,0,1,0,0000000,13,25,13,44,88,88,0,0,0,1,0
40,400021,2,2,0,2,109,3550,3,2,2010,4,2,47,0,16,6,S MUSTANG RD,,0,35.41462222,-97.724719440,0,12,2,0,1,1,1,0,2,1,0,1,0,0000000,2,48,2,54,3,34,0,0,0,1,1
40,400022,2,2,0,6,73,3510,3,2,2010,4,7,20,1,2,2,US-281,,15,35.74480000,-97.966061110,0,12,6,0,1,1,1,0,1,5,0,5,0,0000000,7,22,7,29,7,50,0,0,0,1,0
40,400023,1,1,0,1,71,0,7,1,2010,5,6,22,0,3,2,US-77,,118,36.85033056,-97.067183330,0,52,0,0,1,1,4,0,2,1,0,1,0,0000000,6,21,6,28,88,88,0,0,0,1,1
40,400024,1,1,0,1,73,0,8,1,2010,6,4,0,0,6,4,WATERLOO ROAD,,0,35.72330278,-97.691791670,0,21,0,0,1,1,4,0,2,1,0,1,0,0000000,88,88,88,88,88,88,0,0,0,1,1
40,400025,2,2,0,6,31,0,21,1,2010,5,13,5,0,6,4,MADDISHE RD,,0,34.73103333,-98.404819440,0,12,2,0,8,1,1,0,1,1,0,1,0,0000000,13,2,13,16,14,8,0,0,0,1,0
40,400026,1,1,0,1,111,0,22,1,2010,6,11,7,0,4,4,ARBEKA RD,,0,35.38618056,-95.910902780,0,1,0,0,1,1,4,0,1,1,0,1,0,0000000,11,5,11,16,11,50,0,0,0,1,0
40,400027,1,1,0,2,27,3220,25,1,2010,2,0,15,1,11,1,I-35,,121,35.35806111,-97.494627780,0,20,0,0,1,1,3,0,3,1,0,1,0,0000000,0,22,0,24,0,55,0,0,0,1,1
40,400028,2,2,0,4,143,4780,25,1,2010,2,9,12,0,16,6,RIVERSIDE DR,,0,36.04062222,-95.960641670,0,12,2,0,1,1,1,0,1,1,0,1,0,0000000,9,12,9,19,9,41,0,0,0,1,0
40,400029,1,1,0,2,63,0,31,1,2010,1,4,52,0,4,3,SR-48,,6,35.10589722,-96.405638890,0,35,0,0,1,1,4,0,2,1,0,1,0,0000000,4,47,5,5,5,37,0,0,0,1,1
40,400030,1,1,0,3,57,0,3,2,2010,4,12,1,1,2,2,US-62,,62,34.68143611,-99.804088890,0,21,0,0,1,1,4,0,1,2,0,2,0,0000000,12,12,12,20,13,8,0,0,0,1,0
40,400031,1,1,0,1,135,0,5,2,2010,6,4,0,0,4,3,SR-82,,88,35.60980833,-94.970025000,0,42,0,0,1,1,4,0,2,1,0,1,0,0000000,99,98,99,98,88,88,0,0,0,1,1
40,400032,1,1,1,1,81,0,7,2,2010,1,1,0,0,4,3,SR-66,,134,35.69560833,-96.912933330,0,8,0,0,1,1,1,0,2,1,0,1,0,0000000,0,55,1,0,88,88,0,0,0,1,0
40,400033,2,2,0,2,79,0,11,2,2010,5,4,49,0,2,2,US-59,,92,35.01356667,-94.645350000,0,12,6,0,1,1,2,0,2,1,0,1,0,0000000,4,55,5,0,88,88,0,0,0,1,1
40,400034,3,3,0,3,131,0,11,2,2010,5,6,43,0,4,3,SR-266,NO NAME,77,36.24988889,-95.690811110,0,12,6,0,2,3,1,0,4,1,0,1,0,0000000,6,40,6,54,88,88,0,0,0,1,0
40,400035,2,2,0,3,97,0,11,2,2010,5,8,29,1,1,1,I-44,,93,36.47662778,-95.317305560,0,12,1,0,1,1,1,0,1,1,0,1,0,0000000,8,35,9,0,9,45,0,0,0,1,0
40,400036,1,1,0,1,63,5150,13,1,2010,4,11,29,0,3,2,US-75,NORTH CANARD,99999,35.23938056,-96.234847220,0,59,0,0,2,3,4,0,1,1,0,1,0,0000000,99,98,99,98,88,88,0,0,0,1,0
40,400037,2,2,0,3,123,0,9,1,2010,7,19,17,0,3,3,SR-1,,128,34.83980000,-96.475916670,0,12,2,0,1,1,1,0,2,1,0,1,0,0000000,19,15,19,24,99,99,0,0,0,2,2
40,400038,1,1,0,5,109,3550,26,1,2010,3,17,14,0,16,6,S ROSS,,0,35.38928611,-97.562455560,0,5,0,0,1,1,1,0,1,1,0,1,0,0000000,99,99,99,99,99,99,0,0,0,1,0
40,400039,2,2,0,3,143,0,3,2,2010,4,13,2,0,13,4,GILCREASE EXT.,,0,36.09793889,-96.056386110,0,12,2,0,1,1,1,0,1,1,0,1,0,0000000,12,58,13,7,13,38,0,0,0,2,0
40,400040,2,2,0,2,19,0,12,2,2010,6,17,35,0,4,3,SR-76,,40,34.40195278,-97.507000000,0,12,2,0,1,1,1,0,1,1,0,1,0,0000000,17,32,17,47,18,40,0,0,0,1,0
40,400041,1,1,0,1,109,3550,15,2,2010,2,20,51,0,13,6,S MERIDIAN AVE,,0,35.41164722,-97.601252780,0,24,0,1,19,1,3,0,2,1,0,1,0,0000000,99,98,99,98,88,88,0,0,0,1,1
40,400042,1,1,0,1,109,3550,17,2,2010,4,19,35,0,16,6,REGINA AVE,,0,35.41238333,-97.625886110,0,1,0,0,1,1,4,0,2,1,0,1,0,0000000,19,36,19,42,20,3,0,0,0,1,1
40,400043,1,1,1,1,131,870,11,2,2010,5,14,45,0,15,6,S CHEROKEE ST,,0,36.17439722,-95.754775000,0,8,0,0,1,1,1,0,1,1,0,1,0,0000000,14,51,14,56,15,18,0,0,0,1,0
40,400044,1,1,1,1,91,0,11,2,2010,5,22,30,1,2,2,US-69 RAMP,,103,35.36504722,-95.573758330,0,8,0,1,5,1,1,0,2,1,0,1,0,0000000,99,98,99,98,88,88,0,0,0,1,0
40,400045,2,2,0,2,87,3378,23,1,2010,7,10,32,1,11,1,I-44,,38,35.27131944,-97.615747220,0,12,1,0,1,1,1,0,1,1,0,1,0,0000000,10,33,10,36,11,19,0,0,0,1,0
40,400046,1,1,1,1,3,940,18,2,2010,5,7,35,0,4,2,US-64,,29,36.75730556,-98.357097220,0,8,0,0,1,1,1,0,1,1,0,1,0,0000000,7,31,7,32,9,2,0,0,0,1,0
40,400047,1,1,1,1,109,1300,19,2,2010,6,21,45,0,14,6,S BRYANT AVE,,0,35.44089167,-97.459213890,0,8,0,0,1,1,1,0,2,1,0,1,0,0000000,21,47,21,52,88,88,0,0,0,1,0
40,400048,2,2,0,2,23,0,20,2,2010,7,18,48,1,2,2,US-70,,5,33.99712222,-95.467183330,0,12,1,0,1,1,1,0,2,1,0,1,0,0000000,18,45,18,48,88,88,0,0,0,1,0
40,400049,2,2,0,2,97,0,25,2,2010,5,12,17,0,3,3,SR-82,,32,36.32620278,-95.118100000,0,12,6,0,1,1,1,0,1,1,0,1,0,0000000,12,10,12,25,99,99,0,0,0,1,0
40,400050,1,1,0,1,11,0,25,2,2010,5,14,35,0,4,3,SR-58,,76,36.15793333,-98.537402780,0,1,0,0,1,1,4,0,1,10,0,10,0,0000000,14,38,14,47,15,12,0,0,0,1,0
40,400051,1,1,0,1,83,0,23,2,2010,3,19,26,0,4,4,TWIN LAKES ROAD,COOKSEY RD,0,35.89851389,-97.674544440,0,38,0,0,3,3,4,0,2,1,0,1,0,0000000,19,18,19,27,19,49,0,0,0,1,0
40,400052,1,1,0,1,93,0,24,2,2010,4,2,10,1,2,2,US-412,,112,36.39133611,-98.240647220,0,31,0,0,1,1,3,0,2,1,0,1,0,0000000,2,18,2,27,99,99,0,0,0,1,1
40,400053,2,2,0,3,17,3550,27,2,2010,7,16,18,0,16,6,MUSTANG ROAD,,0,35.44902778,-97.724697220,0,1,0,0,1,1,1,0,1,1,0,1,0,0000000,16,20,16,26,17,13,0,0,0,1,0
40,400054,2,2,0,4,143,4780,7,1,2010,5,18,9,1,12,8,CREEK TURNPIKE RAMP,S MEMORIAL DR,0,36.02560833,-95.886533330,0,12,6,1,2,2,1,0,1,1,0,1,0,0000000,18,10,18,14,18,56,0,0,0,1,0
40,400055,1,1,0,1,117,0,16,1,2010,7,1,10,0,6,4,NO NAME,,0,36.21732778,-96.583588890,0,1,0,0,1,1,4,0,2,1,0,1,0,0000000,10,38,10,50,88,88,0,0,0,1,1
40,400056,2,2,0,2,143,4780,22,1,2010,6,23,35,0,14,6,S LEWIS AV,E31ST ST,0,36.11860278,-95.958708330,0,12,6,0,2,2,1,0,3,1,0,1,0,0000000,23,35,23,36,23,59,0,0,0,1,1
40,400057,1,1,1,1,143,4780,13,2,2010,7,22,50,0,14,6,E ADMIRAL PLACE,,0,36.16081389,-95.894680560,0,8,0,0,1,1,1,0,2,1,0,1,0,0000000,99,99,99,99,23,22,0,0,0,1,0
40,400058,1,1,0,3,131,0,18,2,2010,5,17,39,0,6,4,NO NAME,,0,36.26388056,-95.512622220,0,42,0,0,1,1,4,0,5,1,0,1,0,0000000,17,37,17,46,99,99,0,0,0,1,0
40,400059,1,1,0,1,41,0,20,2,2010,7,7,46,1,2,8,CHEROKEE TURNPIKE,,148,36.20235833,-94.754713890,0,1,0,0,1,1,4,0,1,1,0,1,0,0000000,7,48,7,58,88,88,18,0,0,1,0
40,400060,2,2,0,3,143,4780,22,2,2010,2,11,58,1,11,1,I-44,,133,36.15768056,-95.834027780,0,12,1,0,1,1,1,0,1,1,0,1,0,0000000,11,56,11,59,88,88,0,0,0,1,0
40,400061,1,1,0,1,51,0,1,3,2010,2,13,1,0,6,4,NO NAME,,0,34.84246111,-97.703380560,0,38,0,0,1,1,4,0,1,1,0,1,0,0000000,12,53,13,19,88,88,0,0,0,1,0
40,400062,2,2,0,3,19,0,1,3,2010,2,16,50,0,3,2,US-177,,33,34.23586111,-96.976319440,0,23,0,0,1,1,4,0,1,1,0,1,0,0000000,16,46,16,59,17,19,0,0,0,1,0
40,400063,1,1,0,1,71,0,1,3,2010,2,20,6,0,6,4,PECAN ROAD,GATE RD,0,36.94128333,-97.048580560,0,59,0,0,2,3,4,0,3,1,0,1,0,0000000,20,8,20,12,88,88,20,0,0,1,1
40,400064,2,2,0,2,109,3550,2,3,2010,3,16,12,0,14,6,SW 29TH ST,,0,35.43521111,-97.636891670,0,12,2,0,1,1,1,0,1,1,0,1,0,0000000,16,19,16,29,16,57,0,0,0,1,0
40,400065,1,1,0,1,109,3550,26,2,2010,6,2,32,1,11,1,I-44,,61,35.52430833,-97.536780560,0,25,0,1,19,1,4,0,3,4,0,4,0,0000000,7,49,7,49,8,39,0,0,0,1,0
40,400066,1,1,0,1,101,0,3,3,2010,4,15,35,0,6,4,W 40TH ST N,,0,35.79840556,-95.381377780,0,34,0,0,1,1,4,0,1,1,0,1,0,0000000,15,12,15,22,16,15,0,0,0,1,0
40,400067,1,1,0,1,19,2858,2,3,2010,3,23,49,0,6,4,MYALL RD,,0,34.15848056,-97.278441670,0,42,0,0,1,1,4,0,2,1,0,1,0,0000000,23,48,23,58,88,88,0,0,0,1,1
40,400068,1,1,1,3,27,0,4,3,2010,5,2,12,0,3,3,SR-39,,80,35.01495000,-97.202583330,0,8,0,0,1,1,1,0,2,1,0,1,0,0000000,99,98,99,98,88,88,0,0,0,1,0
40,400069,2,2,0,2,109,3550,5,3,2010,6,12,50,1,11,1,I-35,,8,35.38896667,-97.494947220,0,12,6,1,18,1,1,0,1,1,0,1,0,0000000,99,98,99,98,88,88,0,0,0,1,1
40,400070,2,2,0,7,19,0,1,3,2010,2,21,40,1,2,2,US-70,,68,34.11436389,-97.034855560,0,12,6,0,1,1,1,0,2,1,0,1,0,0000000,21,36,21,53,22,46,0,0,0,1,0
40,400071,1,1,0,1,21,0,5,3,2010,6,14,30,0,4,3,SR-80,,74,35.88355556,-95.198036110,0,1,0,0,1,1,1,0,1,1,0,1,0,0000000,14,22,14,54,88,88,0,0,0,1,0
40,400072,3,3,0,4,143,4780,6,3,2010,7,14,5,1,12,2,US-169,,11,36.15556667,-95.860583330,0,12,1,0,1,1,1,4,1,1,0,1,0,0000000,13,53,13,58,14,25,0,0,0,1,0
40,400073,1,1,0,1,17,3550,7,3,2010,1,7,31,0,6,6,CEMETARY RD,,0,35.35001389,-97.760016670,0,34,0,0,1,1,4,0,2,1,0,1,0,0000000,99,98,99,98,88,88,0,0,0,1,1
40,400074,1,1,0,1,27,3430,5,3,2010,6,15,54,0,16,6,E TECUMSEH RD,,0,35.26156389,-97.275352780,0,42,0,0,1,1,4,0,1,1,0,1,0,0000000,15,57,16,13,88,88,0,0,0,1,0
40,400075,2,2,0,2,123,0,8,3,2010,2,13,51,0,3,3,SR-1,NO NAME,40,34.78080556,-96.600166670,0,12,6,0,3,1,1,0,1,1,0,1,0,0000000,13,55,13,59,14,17,0,0,0,1,0
40,400076,1,1,0,1,1,0,8,3,2010,2,16,45,0,4,3,SR-51,,43,35.82587500,-94.551161110,0,35,0,0,1,1,4,0,1,2,0,2,0,0000000,16,47,16,54,17,18,0,0,0,1,0
40,400077,1,1,1,3,51,960,8,3,2010,2,19,37,0,14,6,9TH STREET,,0,35.05446944,-97.944188890,0,15,0,0,1,1,1,0,2,1,0,1,0,0000000,19,37,19,41,20,2,0,0,0,1,0
40,400078,1,1,1,2,119,0,19,3,2010,6,18,26,0,4,4,FAIRGROUNDS RD,,0,36.06690000,-96.998036110,0,8,0,0,1,1,1,0,1,1,0,1,0,0000000,18,26,18,36,18,49,0,0,0,1,0
40,400079,2,2,0,4,93,0,26,2,2010,6,22,15,0,4,4,NO NAME,NO NAME,0,36.30397500,-98.176163890,0,12,6,0,2,2,1,0,2,1,0,1,0,0000000,22,24,22,44,23,32,0,0,0,1,0
40,400080,1,1,0,6,111,0,28,2,2010,1,1,12,0,4,4,HECTORVILLE RD,,0,35.84214167,-95.977966670,0,33,0,0,1,1,4,0,3,1,0,1,0,0000000,1,11,1,28,2,17,0,0,0,1,1
40,400081,2,2,0,2,133,0,8,3,2010,2,14,39,0,3,2,US-70,,7,35.25247500,-96.764894440,0,12,6,0,1,1,1,0,1,2,0,2,0,0000000,14,40,14,47,15,7,0,0,0,1,0