STATE,ST_CASE,VE_TOTAL,VE_FORMS,PEDS,PERSONS,COUNTY,CITY,DAY,MONTH,YEAR,DAY_WEEK,HOUR,MINUTE,NHS,ROAD_FNC,ROUTE,TWAY_ID,TWAY_ID2,MILEPT,LATITUDE,LONGITUD,SP_JUR,HARM_EV,MAN_COLL,RELJCT1,RELJCT2,TYP_INT,REL_ROAD,WRK_ZONE,LGT_COND,WEATHER1,WEATHER2,WEATHER,SCH_BUS,RAIL,NOT_HOUR,NOT_MIN,ARR_HOUR,ARR_MIN,HOSP_HR,HOSP_MN,CF1,CF2,CF3,FATALS,DRUNK_DR
40,400082,2,2,0,2,59,0,8,3,2010,2,23,13,1,2,2,US-270,,12,36.62224444,-99.980841670,0,12,2,0,1,1,1,0,2,1,0,1,0,0000000,23,16,99,99,88,88,0,0,0,1,0
40,400083,2,2,0,2,101,0,10,3,2010,4,10,29,1,2,2,US-69,,9,35.56391111,-95.492452780,0,12,1,0,1,1,1,0,1,1,0,1,0,0000000,10,26,10,41,11,32,0,0,0,1,0
40,400084,1,1,0,1,95,0,17,3,2010,4,6,12,0,5,4,ROCK CREEK RD,,0,33.97351944,-96.726380560,0,23,0,0,1,1,4,0,2,1,0,1,0,0000000,6,25,6,37,88,88,0,0,0,1,0
40,400085,1,1,0,2,89,0,17,3,2010,4,22,10,0,4,3,SR-98,SR-3,128,34.10066944,-94.910491670,0,1,0,0,3,3,4,0,2,1,0,1,0,0000000,23,20,23,36,23,50,0,0,0,1,1
40,400086,1,1,0,1,143,0,18,3,2010,5,19,52,0,4,4,W 51ST ST,,0,36.09037778,-96.104880560,0,1,0,0,1,1,4,0,5,1,0,1,0,0000000,19,50,20,3,88,88,0,0,0,1,1
40,400087,1,1,0,1,137,0,21,3,2010,1,3,0,0,4,4,NO NAME,,0,34.59416667,-97.581811110,0,42,0,0,1,1,4,0,2,1,0,1,0,0000000,10,5,10,11,88,88,0,0,0,1,1
40,400088,1,1,0,1,85,0,21,3,2010,1,9,42,0,4,3,SR-32,,41,33.94031389,-97.056361110,0,38,0,0,1,1,4,0,1,1,0,1,0,0000000,9,39,9,44,10,1,0,0,0,1,0
40,400089,2,2,0,6,31,2750,20,3,2010,7,21,0,1,11,1,I-44,,37,34.55701667,-98.400430560,0,24,0,0,1,1,3,0,2,1,0,1,0,0000000,21,14,21,19,22,7,0,0,0,1,0
40,400090,1,1,0,4,127,0,21,3,2010,1,16,23,0,3,2,US-271,,178,34.35105278,-95.449861110,0,42,0,0,1,1,4,0,1,2,0,2,0,0000000,16,19,16,32,17,10,0,0,0,2,0
40,400091,2,2,0,2,13,0,23,3,2010,3,8,52,1,2,2,US-70,,56,33.99818056,-96.537055560,0,12,2,0,1,1,1,0,1,1,0,1,0,0000000,8,52,9,1,9,31,0,0,0,1,1
40,400092,2,2,0,2,143,0,24,3,2010,4,12,58,0,13,3,SR-97,61ST ST S,30,36.07595000,-96.119555560,0,12,6,0,2,2,1,0,1,1,0,1,0,0000000,12,56,13,0,13,49,0,0,0,1,0
40,400093,4,4,0,6,111,3560,25,3,2010,5,10,30,0,16,6,WOOD DR,8TH,0,35.62100556,-95.960441670,0,12,1,0,3,2,1,0,1,1,0,1,0,0000000,10,32,10,35,10,58,0,0,0,1,0
40,400094,2,2,0,5,109,3550,26,3,2010,6,19,43,0,16,6,S WESTERN AVE,,0,35.39913056,-97.530130560,0,12,6,0,1,1,1,0,5,1,0,1,0,0000000,19,45,19,48,99,99,0,0,0,2,0
40,400096,1,1,0,1,113,4780,26,3,2010,6,20,55,0,14,6,W APACHE ST,,0,36.18863333,-96.011666670,0,11,0,0,1,1,1,0,2,1,0,1,0,0000000,20,56,21,6,21,29,0,0,0,1,0
40,400097,1,1,0,1,119,0,28,3,2010,1,1,49,0,16,4,SANGRE,,0,36.07872500,-97.104722220,0,42,0,0,1,1,4,0,2,1,0,1,0,0000000,1,47,1,56,2,29,0,0,0,1,1
40,400098,1,1,0,1,15,0,28,3,2010,1,20,20,0,3,2,US-62,,17,34.87024444,-98.373394440,0,24,0,0,1,1,4,0,2,1,0,1,0,0000000,20,8,20,13,20,38,0,0,0,1,1
40,400099,2,2,0,2,109,3550,6,3,2010,7,11,41,1,11,1,I-40,,56,35.46028889,-97.571383330,0,12,7,1,5,1,1,4,1,1,0,1,0,0000000,11,38,11,43,88,88,0,0,0,1,0
40,400100,1,1,1,2,31,2750,29,3,2010,2,21,23,0,15,6,SW 27TH ST,,0,34.59963889,-98.431019440,0,8,0,0,1,1,1,0,2,1,0,1,0,0000000,21,24,21,26,21,39,0,0,0,1,0
40,400101,2,2,0,2,131,0,30,3,2010,3,6,8,1,4,3,SR-266,,5,36.22550556,-95.806541670,0,12,1,0,1,1,1,0,2,1,0,1,0,0000000,6,12,6,19,88,88,0,0,0,1,0
40,400102,1,1,0,1,111,0,30,3,2010,3,9,34,0,4,4,OLD HWY 75,,0,35.71972222,-96.065611110,0,52,0,0,1,1,4,0,1,1,0,1,0,0000000,9,35,9,40,11,4,0,0,0,1,0
40,400103,2,2,0,2,85,0,30,3,2010,3,15,50,1,1,1,I-35,,42,33.77922778,-97.134763890,0,12,1,0,5,1,1,0,1,1,0,1,0,0000000,15,40,15,46,88,88,0,0,0,1,0
40,400104,1,1,0,5,45,0,30,3,2010,3,19,30,0,4,4,NO NAME,SR-46,0,36.47887500,-99.752116670,0,35,0,0,3,1,4,0,1,1,0,1,0,0000000,19,44,20,1,22,13,0,0,0,2,0
40,400105,3,3,0,5,87,1877,30,3,2010,3,14,21,0,4,3,SR-74,,111,35.09540278,-97.476925000,0,12,6,0,1,1,1,0,1,1,0,1,0,0000000,14,21,14,30,15,20,0,0,0,1,0
40,400106,2,2,0,2,77,0,3,4,2010,7,19,55,0,4,3,SR-82,,81,34.90360000,-95.085983330,0,12,1,0,1,1,1,0,5,1,0,1,0,0000000,19,38,19,55,20,44,0,0,0,1,2
40,400107,2,2,0,4,1,0,5,4,2010,2,16,10,0,3,2,US-59,NO NAME,57,36.06996389,-94.580316670,0,12,1,0,3,1,1,0,1,1,0,1,0,0000000,16,31,16,39,17,3,0,0,0,1,0
40,400108,3,2,0,4,37,0,8,4,2010,5,7,52,0,3,3,SR-51,,116,36.13096944,-96.379875000,0,12,1,0,1,1,1,0,1,1,0,1,1,0000000,7,43,7,52,99,99,0,0,0,1,0
40,400109,1,1,0,3,115,0,9,4,2010,6,19,24,0,4,3,SR-10C,,16,36.87175833,-94.685841670,0,1,0,0,1,1,4,0,1,1,0,1,0,0000000,19,24,19,34,20,2,0,0,0,1,0
40,400110,2,2,0,2,109,3550,10,4,2010,7,11,25,0,16,6,E RENO,TINKER DIAGONAL,0,35.46409444,-97.463558330,0,12,6,0,2,3,1,0,1,1,0,1,0,0000000,11,27,11,33,13,8,0,0,0,1,0
40,400111,2,2,0,4,25,0,11,4,2010,1,15,15,0,5,4,CO RD E0220,,0,36.70447222,-102.555344440,0,12,6,0,1,1,1,0,1,1,0,1,0,0000000,15,47,16,9,16,26,0,0,0,1,0
40,400112,4,4,0,4,109,3550,14,4,2010,4,6,24,1,11,1,I-35,,97,35.50232500,-97.463150000,0,24,0,0,1,1,3,0,4,1,0,1,0,0000000,6,23,6,27,6,53,0,0,0,1,0
40,400113,3,3,0,4,51,3416,14,4,2010,4,14,30,0,14,3,SR-19,SOONER ROAD,103,34.99319444,-97.918661110,0,12,1,0,2,2,1,0,1,1,0,1,0,0000000,14,34,14,37,88,88,0,0,0,1,0
40,400114,1,1,0,2,69,0,27,2,2010,7,9,52,0,4,4,S 13TH RD,W EARL RD,0,34.20149722,-96.875583330,0,32,0,0,3,3,4,0,1,1,0,1,0,0000000,9,54,10,3,11,12,0,0,0,1,1
40,400115,2,2,0,3,143,4780,8,3,2010,2,10,36,0,16,6,E 91ST ST,S 101ST E A,0,36.03195556,-95.864683330,0,12,6,0,2,2,1,0,1,2,0,2,0,0000000,10,35,10,43,11,31,0,0,0,2,0
40,400116,2,1,1,1,83,0,2,4,2010,6,22,3,1,1,1,I-35,,45,35.79030000,-97.415852780,0,8,0,0,1,1,2,0,2,1,0,1,0,0000000,99,99,99,99,88,88,0,0,0,1,1
40,400117,1,1,0,1,49,3670,11,4,2010,1,21,55,0,16,6,WEST LESLIE ST,S FLORENCE AV,0,34.73015000,-97.219369440,0,39,0,0,2,3,4,0,2,1,0,1,0,0000000,20,15,20,20,20,52,0,0,0,1,1
40,400118,1,1,0,1,135,0,12,4,2010,2,1,30,0,4,3,SR-10A,,24,35.61527778,-95.093694440,0,38,0,0,1,1,4,0,2,1,0,1,0,0000000,1,56,2,35,88,88,0,0,0,1,1
40,400119,1,1,0,5,143,4780,14,4,2010,4,16,4,1,12,8,CREEK TURNPIKE,,66,36.02541944,-95.900977780,0,35,0,0,1,1,4,0,1,1,0,1,0,0000000,16,0,16,10,16,43,0,0,0,1,1
40,400120,2,1,0,2,31,0,15,4,2010,5,19,25,0,4,4,CACHE RD,,0,34.62364444,-98.708491670,0,45,0,0,1,1,4,0,5,1,0,1,0,0000000,19,20,19,27,88,88,0,0,0,1,1
40,400121,2,2,0,3,117,0,16,4,2010,6,14,1,1,2,8,CIMARRON TP,,124,36.22515833,-96.597675000,0,12,6,0,1,1,1,0,1,1,0,1,0,0000000,13,57,14,10,15,10,0,0,0,1,0
40,400122,1,1,0,1,55,0,16,4,2010,6,17,10,0,4,4,NORTH CR 2000,,0,34.83648611,-99.405802780,0,32,0,0,1,1,4,0,1,2,0,2,0,0000000,17,2,17,11,17,47,0,0,0,1,0
40,400123,1,1,0,1,51,0,17,4,2010,7,1,30,0,4,4,NO NAME,,0,34.81191667,-98.033241670,0,38,0,0,1,1,4,0,2,2,0,2,0,0000000,1,40,3,12,88,88,0,0,0,1,1
40,400124,1,1,0,1,135,0,17,4,2010,7,7,4,1,1,1,I-40,,186,35.41692778,-94.506130560,0,1,0,0,1,1,4,0,1,1,0,1,0,0000000,7,5,7,15,88,88,0,0,0,1,0
40,400125,1,1,0,1,131,0,18,4,2010,1,1,0,0,4,3,SR-167,,44,36.22030556,-95.759069440,0,42,0,0,1,1,6,0,2,1,0,1,0,0000000,88,88,88,88,88,88,0,0,0,1,1
40,400126,2,2,0,2,17,0,17,4,2010,7,22,59,0,3,2,US-281,,11,35.56586667,-98.297608330,0,12,2,0,1,1,1,0,2,2,0,2,0,0000000,22,50,23,4,88,88,0,0,0,2,2
40,400127,1,1,0,1,103,0,19,4,2010,2,23,36,0,4,4,NO NAME,,0,36.46796389,-97.175152780,0,52,0,0,1,1,4,0,2,1,0,1,0,0000000,23,44,0,2,0,52,0,0,0,1,1
40,400128,1,1,0,1,79,0,23,4,2010,6,0,30,0,4,3,SR-63,,22,34.72405833,-95.012875000,0,38,0,0,1,1,4,0,2,1,0,1,0,0000000,6,33,6,42,88,88,0,0,0,1,1
40,400129,1,1,0,1,13,0,14,4,2010,4,1,48,0,4,3,SR-91,,120,33.83974167,-96.413233330,0,42,0,0,1,1,4,0,2,1,0,1,0,0000000,2,5,2,14,88,88,0,0,0,1,1
40,400130,2,2,0,3,5,4510,23,4,2010,6,12,52,1,2,2,US-69,,80,34.46767778,-96.056552780,0,12,2,0,1,1,1,0,1,1,0,1,0,0000000,12,52,13,30,13,33,0,0,0,1,1
40,400131,3,3,0,7,131,0,23,4,2010,6,23,8,1,1,1,I-44,,39,36.20914444,-95.700627780,0,12,1,0,1,1,1,0,2,10,0,10,0,0000000,23,20,23,27,23,56,14,0,0,1,0
40,400132,2,2,0,3,43,0,25,4,2010,1,15,10,1,2,2,US-183,,76,35.92182500,-98.973544440,0,12,2,0,1,1,2,0,1,1,0,1,0,0000000,15,14,15,21,16,4,0,0,0,1,0
40,400133,2,2,0,2,121,4205,28,4,2010,4,6,44,1,2,2,US-69,,134,34.84750000,-95.827494440,0,12,2,0,1,1,1,0,1,1,0,1,0,0000000,6,42,6,49,88,88,0,0,0,1,0
40,400134,1,1,0,3,81,0,30,4,2010,6,19,33,0,4,4,STADIUM RD,,0,35.70961389,-96.755027780,0,1,0,0,1,1,4,0,5,1,0,1,0,0000000,19,16,19,39,20,48,0,0,0,2,1
40,400135,1,1,1,3,83,2000,26,4,2010,2,11,9,0,13,3,SR-33,,1,35.88013889,-97.421863890,0,8,0,0,1,1,1,0,1,1,0,1,0,0000000,11,9,11,10,13,27,0,0,0,1,0
40,400136,1,1,1,1,125,4300,27,4,2010,3,16,22,0,16,6,DOROTHY ST,,0,35.33553889,-96.936138890,0,8,0,0,1,1,1,0,1,1,0,1,0,0000000,16,23,16,30,16,46,0,0,0,1,0
40,400137,1,1,0,2,57,0,26,4,2010,2,13,0,0,4,3,SR-5,,32,34.54728611,-99.771461110,0,1,0,0,1,1,4,0,1,10,0,10,0,0000000,6,48,6,54,99,99,0,0,0,1,1
40,400138,1,1,0,1,135,0,1,5,2010,7,17,10,0,5,4,OLD MAIL RD,,40,35.55602500,-94.985300000,0,1,0,0,1,1,2,0,1,10,0,10,0,0000000,16,51,16,53,88,88,18,0,0,1,1
40,400139,1,1,0,1,115,0,2,5,2010,1,18,29,0,14,3,SR-125,,66,36.84297222,-94.855472220,0,1,0,0,1,1,4,0,1,1,0,1,0,0000000,18,17,18,22,88,88,0,0,0,1,0
40,400140,1,1,0,1,41,0,7,5,2010,6,23,24,0,3,3,SR-85A,,15,36.61215278,-94.936691670,0,35,0,0,1,1,6,0,2,1,0,1,0,0000000,23,26,23,27,88,88,0,0,0,1,0
40,400141,2,2,0,2,105,0,10,5,2010,2,6,46,0,3,2,US-169,,58,36.78406389,-95.629530560,0,12,2,0,1,1,1,0,4,2,0,2,0,0000000,6,34,6,37,88,88,0,0,0,1,0
40,400142,1,1,0,3,113,0,13,5,2010,5,18,56,0,5,4,COUNTY ROAD 2230,,0,36.48191111,-96.093897220,0,32,0,0,1,1,6,0,1,1,0,1,0,0000000,18,48,18,59,19,42,0,0,0,1,1
40,400143,1,1,0,3,129,0,10,5,2010,2,23,36,0,3,3,SR-33,,0,35.67551944,-99.680019440,0,34,0,0,1,1,6,0,2,1,0,1,0,0000000,23,37,23,43,23,58,0,0,0,1,1
40,400144,1,1,0,2,41,0,8,5,2010,7,22,5,0,3,3,SR-20W,,79,36.41489167,-94.874577780,0,35,0,0,1,1,6,0,2,1,0,1,0,0000000,22,5,22,42,23,34,0,0,0,1,1
40,400145,1,1,0,1,15,0,20,5,2010,5,22,12,0,4,4,CS-2670,,0,35.10547500,-98.231900000,0,34,0,0,1,1,6,0,2,1,0,1,0,0000000,22,8,22,14,88,88,0,0,0,1,1
40,400146,1,1,0,2,147,300,4,5,2010,3,2,14,0,6,6,TUXEDO BOULEVARD,,0,36.75647222,-95.956822220,0,52,0,0,1,1,6,0,3,1,0,1,0,0000000,2,16,2,19,3,2,0,0,0,1,1
40,400147,1,1,0,1,47,1550,7,5,2010,6,18,47,0,6,6,WEST WILLOW,,0,36.41984167,-97.922150000,0,34,0,0,1,1,6,0,1,1,0,1,0,0000000,18,50,18,59,19,24,0,0,0,1,1
40,400148,2,2,0,2,13,0,21,5,2010,6,6,37,0,6,6,COUNTY ROAD-BRAY RD,,0,33.92478889,-96.219808330,0,12,2,0,1,1,1,0,1,5,0,5,0,0000000,6,38,6,56,88,88,0,0,0,1,0
40,400149,1,1,0,1,131,0,21,5,2010,6,12,43,0,3,3,SR-66,,202,36.53897778,-95.405830560,0,25,0,0,1,1,3,0,1,1,0,1,0,0000000,12,41,12,56,88,88,0,0,0,1,1
40,400150,2,2,0,2,13,0,26,5,2010,4,16,58,1,2,2,US-70,CHUBBY ROAD,233,34.02670000,-95.990380560,0,12,6,0,2,2,1,0,1,10,0,10,0,0000000,16,54,17,15,18,27,0,0,0,1,0
40,400151,1,1,1,1,109,3550,9,5,2010,1,1,36,0,14,6,NORTH MACARTHUR BOUL,,145,35.48702222,-97.619061110,0,8,0,0,1,1,1,0,2,1,0,1,0,0000000,1,38,1,45,2,1,0,0,0,1,0
40,400152,1,1,1,1,143,4780,16,4,2010,6,7,0,0,2,6,NORTH CINCINNATI AVE,,465,36.19919722,-95.993872220,0,9,0,0,1,1,1,0,4,10,0,10,0,0000000,7,11,7,19,7,31,0,0,0,1,0
40,400153,1,1,0,2,31,0,22,5,2010,7,11,13,0,5,4,STONEY POINT RD,,48,34.76080833,-98.422383330,0,38,0,0,1,1,5,0,1,1,0,1,0,0000000,10,50,11,1,12,2,0,0,0,1,0
40,400154,1,1,0,1,135,0,6,5,2010,5,20,1,0,6,4,COUNTY ROAD SOUTH,,0,35.52924167,-95.029613890,0,1,0,0,1,1,4,0,5,1,0,1,0,0000000,88,88,88,88,88,88,0,0,0,1,0
40,400155,1,1,0,3,125,367,28,5,2010,6,19,13,0,6,6,NEW HOPE ROAD,,0,35.27540556,-97.077641670,0,24,0,0,1,1,4,0,1,1,0,1,0,0000000,19,10,19,23,20,16,0,0,0,1,1
40,400156,1,1,0,1,89,0,28,5,2010,6,18,31,0,3,3,SR-3,,175,33.81776111,-94.574297220,0,53,0,0,1,1,4,0,1,1,0,1,0,0000000,18,32,18,49,88,88,0,0,0,1,0
40,400157,2,2,1,2,109,3550,9,4,2010,6,23,55,1,1,1,I-240,,105,35.38832222,-97.389519440,0,8,0,0,1,1,1,0,2,1,0,1,0,0000000,88,88,88,88,88,88,0,0,0,1,0
40,400158,1,1,0,1,29,2770,4,5,2010,3,21,45,0,6,6,DIVISION STREET,,0,34.46903889,-96.213111110,0,58,0,0,1,1,1,0,3,1,0,1,0,0000000,21,40,21,47,22,8,0,0,0,1,1
40,400159,1,1,0,1,79,0,3,5,2010,2,18,16,0,4,2,US-271,,133,34.79790000,-94.952738890,0,24,0,0,1,1,4,0,1,1,0,1,0,0000000,88,88,88,88,88,88,0,0,0,1,0
40,400160,1,1,0,1,109,3550,4,5,2010,3,5,39,1,1,1,I-240,,160,35.40290278,-97.293958330,0,42,0,0,1,1,3,0,2,1,0,1,0,0000000,5,40,5,49,88,88,0,0,0,1,0
40,400161,2,2,0,2,143,4780,7,5,2010,6,2,15,0,16,6,SOUTH PEORIA AVE,EAST 6TH ST,0,36.15222222,-95.975705560,0,12,6,0,2,2,1,0,3,1,0,1,0,0000000,2,16,2,17,2,42,0,0,0,1,1
40,400162,4,4,0,5,109,3550,17,4,2010,7,2,6,1,1,1,I-35,,60,35.46200556,-97.489761110,0,12,2,0,1,1,1,0,3,1,0,1,0,0000000,2,8,2,14,3,12,0,0,0,1,1
40,400163,1,1,0,6,83,0,20,3,2010,7,11,50,1,1,1,I-35,,32,35.77173056,-97.415708330,0,42,0,0,1,1,3,0,1,4,0,4,0,0000000,11,48,11,59,88,88,0,0,0,1,0
40,400164,1,1,0,1,81,0,7,4,2010,4,0,4,0,3,3,SR-99,,13,35.40559722,-96.669538890,0,1,0,0,1,1,4,2,2,2,0,2,0,0000000,23,37,23,48,88,88,18,0,0,1,0
40,400165,2,2,0,4,47,1550,5,5,2010,4,18,55,0,6,6,BOOMER ROAD,WILLOW ROAD,0,36.41985556,-97.997163890,0,12,6,0,2,2,6,0,1,10,0,10,0,0000000,18,55,19,4,19,36,0,0,0,3,0
40,400166,3,3,0,7,41,0,30,4,2010,6,13,18,0,3,2,US-59,,87,36.51518611,-94.777911110,0,12,2,0,1,1,1,0,1,2,0,2,0,0000000,13,15,13,26,13,53,0,0,0,3,1
40,400167,2,2,0,3,75,0,8,5,2010,7,10,20,0,6,6,COUNTY ROAD,,0,34.95495278,-99.316302780,0,12,6,0,1,1,1,0,1,1,0,1,0,0000000,10,23,10,38,11,38,0,0,0,1,1
40,400168,2,2,0,2,151,0,26,4,2010,2,1,30,0,3,2,US-64,,83,36.79773333,-98.782311110,0,12,2,0,1,1,1,0,3,1,0,1,0,0000000,2,14,2,24,3,19,0,0,0,1,1
40,400169,1,1,0,2,135,0,11,5,2010,3,20,17,0,3,3,SR-100,COUNTY ROAD,104,35.60378333,-95.002869440,0,1,0,0,2,3,4,0,2,1,0,1,0,0000000,20,4,20,10,88,88,0,0,0,1,1
40,400170,2,2,0,2,61,0,19,6,2010,7,8,13,0,4,3,SR-82,,101,35.24088056,-95.123713890,0,12,6,0,1,1,4,0,1,1,0,1,0,0000000,8,17,8,20,88,88,0,0,0,1,0
40,400171,2,2,0,4,115,0,10,5,2010,2,15,33,0,3,2,US-69,,134,36.80658056,-94.927150000,0,12,2,0,1,1,1,0,1,10,0,10,0,0000000,15,17,15,26,16,5,0,0,0,1,0
40,400172,3,3,0,3,23,0,18,5,2010,3,6,20,0,3,2,US-70,,153,34.02236389,-95.224294440,0,12,6,0,1,1,1,0,1,10,0,10,0,0000000,6,24,6,27,88,88,0,0,0,1,0
40,400173,2,2,0,5,115,0,14,5,2010,6,17,47,0,3,3,SR-10,,19,36.83047778,-94.698088890,0,12,6,0,1,1,6,0,1,10,0,10,0,0000000,17,41,17,48,18,54,0,0,0,1,0
40,400174,1,1,0,2,123,0,21,5,2010,6,1,11,0,6,6,COUNTY ROAD 3610,,0,34.75117500,-96.582616670,0,32,0,0,1,1,4,0,2,1,0,1,0,0000000,1,54,2,5,2,35,0,0,0,1,0
40,400175,2,2,0,3,51,0,24,5,2010,2,21,32,1,2,8,NEWCASTLE TOLL PLAZA,,319,35.22045833,-97.711616670,0,12,1,0,1,1,1,0,3,10,0,10,0,0000000,21,40,21,49,88,88,0,0,0,1,1
40,400176,2,2,0,4,39,0,25,5,2010,3,17,52,0,6,6,COUNTY ROAD E 100,COUNTY ROAD N 2230,0,35.56582778,-99.022125000,0,12,6,0,2,2,1,0,1,1,0,1,0,0000000,17,54,18,1,18,21,0,0,0,1,0
40,400177,1,1,0,5,15,0,26,5,2010,4,17,19,0,6,6,COUNTY ROAD-1310,,0,35.11684444,-98.170541670,0,5,0,0,1,1,1,0,1,10,0,10,0,0000000,17,8,17,18,88,88,0,0,0,1,0
40,400178,2,2,0,4,121,0,7,6,2010,2,10,33,1,2,2,US-69,COUNTY ROAD,44,34.73450833,-95.899500000,0,12,6,0,2,3,1,0,1,2,0,2,0,0000000,10,29,10,30,11,20,0,0,0,1,0
40,400179,1,1,0,2,145,4910,26,5,2010,4,10,8,1,2,2,US-84,,23,35.88421667,-95.735891670,0,35,0,0,1,1,3,0,1,10,0,10,0,0000000,10,24,11,4,11,48,0,0,0,1,0
40,400180,2,2,0,3,77,0,28,5,2010,6,17,43,0,3,3,SR-1,,127,34.75343889,-95.062766670,0,12,2,0,1,1,1,0,1,1,0,1,0,0000000,17,35,17,37,18,2,0,0,0,1,0
40,400181,1,1,0,1,137,0,28,5,2010,6,20,28,0,6,6,COUNTY ROAD,,0,34.37647222,-98.027444440,0,53,0,0,1,1,4,0,1,10,0,10,0,0000000,99,99,99,99,88,88,0,0,0,1,1
40,400182,1,1,0,1,99,0,29,5,2010,7,12,46,0,3,3,SR-7,,136,34.50721111,-96.888555560,0,35,0,0,1,1,4,0,1,1,0,1,0,0000000,12,37,12,44,13,25,0,0,0,1,1
40,400183,1,1,1,2,127,170,27,5,2010,5,12,3,0,6,6,NORTH HIGH STREET,,0,34.23667500,-95.621219440,0,9,0,0,8,1,1,0,1,1,0,1,0,0000000,12,6,12,7,12,23,0,0,0,1,0
40,400184,2,1,2,1,103,0,16,6,2010,4,14,40,1,1,1,I-35,,5,36.16560278,-97.327405560,0,14,0,0,1,1,2,0,1,1,0,1,0,0000000,14,43,14,58,15,48,0,0,0,1,0
40,400185,2,2,0,3,139,0,16,6,2010,4,16,30,0,4,3,SR-95,COUNTY ROAD G,100,36.90550000,-101.902116670,0,12,6,0,2,2,1,0,1,1,0,1,0,0000000,16,25,16,35,17,11,0,0,0,1,0
40,400186,1,1,0,4,111,0,24,5,2010,2,0,54,0,4,3,SR-56,,119,35.61010000,-96.051336110,0,38,0,0,1,1,4,0,2,1,0,1,0,0000000,0,49,0,58,2,22,0,0,0,1,1
40,400187,1,1,0,1,9,0,14,6,2010,2,3,40,0,4,3,SR-6,,56,35.40757500,-99.746383330,0,32,0,0,1,1,4,0,2,10,0,10,0,0000000,3,40,4,9,88,88,0,0,0,1,0
40,400188,1,1,0,1,79,0,15,6,2010,3,11,48,0,5,4,CALHOUN ROAD,,0,35.11047778,-94.696141670,0,42,0,0,1,1,4,0,1,1,0,1,0,0000000,11,48,12,4,88,88,0,0,0,1,0
40,400189,2,2,0,3,47,1550,3,6,2010,5,15,9,1,13,2,US-412,54TH STREET,20,36.39729167,-97.802675000,0,12,6,0,2,2,1,0,1,1,0,1,0,0000000,15,11,15,20,15,45,0,0,0,2,0
40,400190,1,1,0,1,21,0,31,5,2010,2,11,37,0,4,4,LAKEWOOD ROAD,,11,35.72423889,-94.995952780,0,34,0,0,1,1,4,0,1,1,0,1,0,0000000,11,35,12,11,12,58,0,0,0,1,0
40,400191,1,1,0,2,81,0,26,6,2010,7,0,30,0,5,4,COUNTY ROAD 3500,,0,35.93625833,-96.767177780,0,35,0,0,1,1,4,0,2,1,0,1,0,0000000,0,37,1,7,1,47,0,0,0,1,1
40,400192,1,1,0,2,137,0,15,6,2010,3,3,30,0,6,4,EIGHT MILE ROAD,,0,34.51002778,-98.106941670,0,1,0,0,1,1,5,0,2,1,0,1,0,0000000,2,46,3,3,88,88,6,0,0,1,1
40,400193,1,1,0,1,109,3550,20,6,2010,1,19,9,0,16,6,SOUTH CHOCTAW ROAD,,0,35.38093333,-97.265397220,0,52,0,0,1,1,4,0,1,1,0,1,0,0000000,19,14,19,29,88,88,0,0,0,1,1
40,400194,2,2,0,3,123,0,2,7,2010,6,20,33,0,5,4,COUNTY ROAD 1570,,32,34.73866389,-96.769550000,0,21,0,0,1,1,4,0,1,10,0,10,0,0000000,19,2,19,15,20,21,0,0,0,1,1
40,400195,2,2,0,8,143,4780,16,4,2010,6,14,45,0,16,6,EAST 36 ST N,,5,36.20606111,-95.966502780,0,12,2,0,1,1,1,0,1,10,0,10,1,0000000,14,46,14,48,16,11,0,0,0,1,0
40,400196,2,2,0,2,31,0,16,6,2010,4,0,28,0,3,2,US-62,,31,34.76392222,-98.387227780,0,12,6,0,4,1,1,0,2,1,0,1,0,0000000,0,29,0,34,1,18,0,0,0,1,1
40,400197,1,1,0,1,117,0,30,6,2010,4,18,15,0,3,2,US-64,,73,36.29271111,-96.454786110,0,34,0,0,1,1,4,0,1,10,0,10,0,0000000,18,16,18,19,19,6,0,0,0,1,0
40,400198,1,1,1,1,131,870,4,6,2010,6,5,14,0,6,6,PINE STREET,,0,36.17703056,-95.768958330,0,8,0,0,1,1,1,0,2,10,0,10,0,0000000,5,16,5,20,88,88,0,0,0,1,0
40,400199,1,1,0,2,9,0,5,6,2010,7,22,44,0,5,4,COUNTY ROAD E1230,,0,35.23299444,-99.627780560,0,35,0,0,1,1,4,0,2,1,0,1,0,0000000,22,43,22,54,88,88,0,0,0,1,1
40,400200,1,1,0,1,89,0,12,7,2010,2,17,15,0,4,4,NORTH/SOUTH COUNTY,,101,34.37163056,-94.837241670,0,23,0,0,1,1,4,0,1,1,0,1,0,0000000,99,98,99,98,88,88,0,0,0,1,0
40,400201,1,1,0,1,13,0,14,7,2010,4,5,30,0,4,4,LEAVENWORTH TRAIL,,39,33.96170556,-96.500516670,0,32,0,0,1,1,4,4,4,10,0,10,0,0000000,5,38,5,50,88,88,0,0,0,1,0
40,400202,1,1,0,2,111,0,13,7,2010,3,14,16,0,4,3,SR-56,,4,35.59552500,-96.185380560,0,35,0,0,1,1,4,0,1,1,0,1,0,0000000,14,12,14,31,99,99,0,0,0,1,0
40,400203,1,1,0,1,91,0,14,7,2010,4,12,47,0,4,3,SR-150,,33,35.39710000,-95.603575000,0,1,0,0,1,1,1,0,1,1,0,1,0,0000000,12,55,13,9,14,22,0,0,0,1,0
40,400204,1,1,0,2,89,0,20,6,2010,1,11,22,0,4,3,SR-4,,99,34.43305833,-94.499819440,0,1,0,0,1,1,1,0,1,1,0,1,0,0000000,11,25,11,43,12,58,0,0,0,1,0