STATE,ST_CASE,VE_TOTAL,VE_FORMS,PEDS,PERSONS,COUNTY,CITY,DAY,MONTH,YEAR,DAY_WEEK,HOUR,MINUTE,NHS,ROAD_FNC,ROUTE,TWAY_ID,TWAY_ID2,MILEPT,LATITUDE,LONGITUD,SP_JUR,HARM_EV,MAN_COLL,RELJCT1,RELJCT2,TYP_INT,REL_ROAD,WRK_ZONE,LGT_COND,WEATHER1,WEATHER2,WEATHER,SCH_BUS,RAIL,NOT_HOUR,NOT_MIN,ARR_HOUR,ARR_MIN,HOSP_HR,HOSP_MN,CF1,CF2,CF3,FATALS,DRUNK_DR
40,400205,1,1,0,1,97,0,4,7,2010,1,18,29,0,5,4,SE4438,,27,36.27392500,-95.114725000,0,1,0,0,1,1,1,0,1,1,0,1,0,0000000,18,17,18,31,88,88,0,0,0,1,1
40,400206,1,1,0,1,65,0,8,6,2010,3,6,30,0,5,4,COUNTY ROAD 210,,30,34.55065556,-99.229047220,0,32,0,0,1,1,4,0,1,1,0,1,0,0000000,6,26,6,41,88,88,0,0,0,1,1
40,400207,1,1,0,1,25,0,3,7,2010,7,12,2,0,4,3,SR-325,,47,36.89737222,-102.921044440,0,58,0,0,1,1,4,0,1,1,0,1,0,0000000,12,20,12,56,15,52,0,0,0,1,0
40,400208,2,2,0,3,125,0,11,7,2010,1,15,47,0,4,3,SR-9,,34,35.25927222,-96.861319440,0,12,2,0,1,1,1,0,1,1,0,1,0,0000000,15,30,15,43,88,88,0,0,0,3,0
40,400209,1,1,0,1,127,0,12,7,2010,2,22,35,0,4,4,INDIAN HWY E 1620,,70,34.66616111,-95.042397220,0,1,0,0,1,1,4,0,2,1,0,1,0,0000000,22,42,22,55,88,88,0,0,0,1,1
40,400210,2,2,0,2,131,0,2,7,2010,6,17,50,0,13,3,SR-20,150TH E AVE,2,36.32208889,-95.807927780,0,12,6,0,2,3,1,0,1,1,0,1,0,0000000,17,46,17,56,88,88,0,0,0,1,0
40,400211,2,2,0,4,127,0,12,7,2010,2,9,16,0,4,3,SR-2,,106,34.36376111,-95.603802780,0,12,2,0,1,1,1,0,1,1,0,1,0,0000000,9,17,9,28,10,32,0,0,0,2,0
40,400212,2,2,0,3,51,0,13,6,2010,1,14,5,0,4,3,SR-17,COUNTY STREET 2790,49,34.78317222,-98.018458330,0,12,6,0,2,2,1,0,1,1,0,1,0,0000000,14,5,14,20,14,51,0,0,0,2,1
40,400213,1,1,0,1,13,0,19,6,2010,7,1,0,0,4,4,MEADOWS ROAD,HIGHWAY 70E,31,33.90453056,-96.233713890,0,34,0,0,3,4,4,0,2,1,0,1,0,0000000,6,28,6,43,88,88,0,0,0,1,0
40,400214,2,2,0,2,125,0,6,7,2010,3,16,37,0,4,3,SR-3,,74,35.33044722,-96.781988890,0,12,2,0,1,1,1,0,1,1,0,1,0,0000000,16,21,16,33,88,88,0,0,0,1,0
40,400215,1,1,2,2,81,0,9,7,2010,6,19,1,1,1,1,I-44,,114,35.70530278,-96.950683330,0,8,0,0,1,1,2,0,1,2,0,2,0,0000000,18,54,19,10,19,39,0,0,0,1,0
40,400216,2,2,0,2,67,0,18,8,2010,4,21,12,1,2,2,US-81,,120,34.04242778,-97.959152780,0,12,6,0,1,1,1,0,2,1,0,1,0,0000000,21,16,21,29,88,88,0,0,0,1,0
40,400217,2,2,0,2,143,4780,6,9,2010,2,23,6,0,16,6,S 129TH E AVE,E 31ST ST,0,36.11899722,-95.833275000,0,12,1,0,3,2,1,0,3,1,0,1,0,0000000,99,99,99,99,99,99,0,0,0,1,1
40,400218,1,1,0,2,97,0,11,7,2010,1,1,9,0,5,4,COUNTY ROAD EW440,,42,36.37981667,-95.320811110,0,31,0,0,1,1,4,0,2,5,0,5,0,0000000,0,5,0,14,88,88,0,0,0,1,1
40,400219,1,1,0,1,89,0,27,7,2010,3,22,11,1,2,2,US-259,,59,34.37552500,-94.710175000,0,52,0,0,1,1,4,0,2,10,0,10,0,0000000,22,15,22,41,22,56,0,0,0,1,1
40,400220,4,2,1,5,109,3550,27,5,2010,5,16,1,1,11,1,I-44,,16,35.48321111,-97.578355560,0,12,1,0,1,1,1,0,1,10,0,10,0,0000000,15,59,16,4,17,7,0,0,0,1,0
40,400221,2,2,0,6,113,0,29,5,2010,7,17,1,0,2,3,SR-20,COUNTY ROAD 2535,95,36.37359444,-96.235533330,3,12,6,0,2,2,1,0,1,1,0,1,0,0000000,16,59,17,11,17,50,0,0,0,2,1
40,400222,2,2,0,3,21,0,31,5,2010,2,15,34,0,6,6,COUNTY ROAD 813,,0,35.84549444,-94.878916670,0,12,6,0,8,1,1,0,1,1,0,1,0,0000000,15,36,15,48,88,88,0,0,0,1,0
40,400223,2,2,0,3,15,0,31,5,2010,2,21,50,0,3,2,US-62,SR-3,0,35.04358333,-98.356944440,3,12,6,0,2,3,1,0,2,10,0,10,0,0000000,21,50,22,40,23,19,0,0,0,1,0
40,400224,1,1,0,1,23,2340,1,6,2010,3,12,30,0,3,2,US-271,,31,33.91347222,-95.507075000,0,1,0,0,1,1,3,0,1,1,0,1,0,0000000,12,23,12,31,13,59,0,0,0,1,0
40,400225,1,1,0,1,133,0,5,6,2010,7,21,41,0,4,4,CR NS 361,,0,35.17672222,-96.576708330,0,42,0,0,1,1,6,0,2,1,0,1,0,0000000,21,26,21,34,21,59,0,0,0,1,1
40,400226,1,1,0,2,41,0,6,6,2010,1,8,58,0,5,4,COUNTY ROAD 252,,0,36.65304444,-94.794291670,0,1,0,0,1,1,5,0,1,10,0,10,0,0000000,8,58,9,6,88,88,0,0,0,2,0
40,400227,1,1,1,2,135,0,6,6,2010,1,4,13,1,1,1,I-40,,115,35.39362500,-94.623816670,0,8,0,0,1,1,1,0,2,1,0,1,0,0000000,4,1,4,18,88,88,0,0,0,1,0
40,400228,1,1,0,1,143,4780,6,6,2010,1,6,5,1,11,1,I-44,,0,36.08770000,-96.040366670,0,25,0,0,1,1,4,0,2,1,0,1,0,0000000,6,2,6,15,88,88,0,0,0,1,1
40,400229,1,1,0,1,19,210,6,6,2010,1,23,58,1,2,2,US-70,,60,34.14759444,-97.115088890,0,42,0,0,1,1,4,0,2,1,0,1,0,0000000,23,41,23,51,88,88,20,0,0,1,1
40,400230,1,1,0,1,79,0,8,6,2010,3,8,45,1,2,2,US-59,,103,35.32690833,-94.761258330,0,34,0,0,1,1,4,1,1,1,0,1,0,0000000,8,52,9,1,88,88,0,0,0,1,0
40,400231,1,1,0,1,113,0,10,6,2010,5,15,25,0,4,4,LENAPAH COUNTY ROAD,,0,36.35473611,-96.031386110,0,32,0,0,1,1,4,0,1,1,0,1,0,0000000,88,88,88,88,88,88,0,0,0,1,0
40,400232,2,2,0,3,143,0,30,7,2010,6,8,10,0,6,6,N CINCINNATI AVE,,0,36.25531111,-95.991641670,0,12,2,0,1,1,1,0,1,1,0,1,0,0000000,8,7,8,16,8,39,0,0,0,1,0
40,400233,1,1,0,1,97,0,28,8,2010,7,21,0,0,4,3,SR-82,,13,36.43737222,-95.057305560,0,42,0,0,1,1,4,0,2,1,0,1,0,0000000,15,23,15,31,88,88,0,0,0,1,1
40,400234,1,1,0,3,83,0,9,8,2010,2,4,23,0,5,4,CO RD,,0,36.05812222,-97.527513890,0,35,0,0,1,1,5,0,2,10,0,10,0,0000000,4,17,4,31,5,13,0,0,0,1,1
40,400235,1,1,0,2,135,0,4,7,2010,1,5,56,0,4,3,SR-82,,112,35.63633333,-94.961377780,0,23,0,0,1,1,4,0,4,10,0,10,0,0000000,5,52,6,8,7,24,0,0,0,1,1
40,400236,2,2,0,2,153,0,11,8,2010,4,7,31,1,2,2,US-183,,148,36.26908611,-99.188997220,0,12,8,0,1,1,1,0,1,1,0,1,0,0000000,7,30,7,44,8,22,0,0,0,1,0
40,400237,1,1,0,1,61,0,23,7,2010,6,2,4,0,4,4,KEOTA LANDING RD,,0,35.33142778,-94.938463890,0,35,0,0,1,1,5,0,2,10,0,10,0,0000000,88,88,88,88,88,88,0,0,0,1,1
40,400238,2,2,0,3,109,3550,14,6,2010,2,15,31,0,16,6,NW 178TH ST,,0,35.65301111,-97.550425000,0,12,2,0,1,1,1,0,1,2,0,2,0,0000000,15,33,15,37,15,59,0,0,0,1,0
40,400239,3,3,0,3,125,4650,24,5,2010,2,12,56,0,13,2,US-177,BROADWAY EXTENSION,194,35.24623889,-96.922241670,0,12,6,0,2,3,1,0,1,10,0,10,0,0000000,12,56,13,2,13,52,0,0,0,1,0
40,400240,1,1,0,3,87,0,19,8,2010,5,10,21,1,1,1,I-35,,34,34.90031111,-97.347872220,0,1,0,0,1,1,3,0,1,10,0,10,0,0000000,10,30,11,0,11,40,0,0,0,2,0
40,400241,2,2,0,3,81,0,30,6,2010,4,8,9,0,4,3,SR-18,,31,35.54822222,-96.894333330,0,12,8,0,1,1,1,0,1,1,0,1,0,0000000,8,0,8,13,88,88,0,0,0,1,0
40,400242,2,2,0,4,109,3550,5,9,2010,1,16,5,0,16,6,S WESTERN,SW 65TH ST,0,35.40041111,-97.530130560,0,12,6,0,2,2,1,0,1,1,0,1,0,0000000,99,99,99,99,99,99,0,0,0,1,0
40,400243,1,1,1,1,153,0,11,8,2010,4,23,13,1,2,2,US-412,,72,36.43664444,-99.263152780,0,9,0,0,1,1,1,0,2,1,0,1,0,0000000,99,99,99,99,88,88,0,0,0,1,0
40,400244,1,1,0,1,139,0,7,9,2010,3,14,30,1,2,2,US-54,,4,36.86736944,-101.197677780,0,33,0,0,1,1,4,0,1,1,0,1,0,0000000,14,32,14,38,88,88,0,0,0,1,0
40,400245,1,1,0,1,109,3550,4,9,2010,7,17,20,0,16,6,HOGBACK RD,,0,35.63536111,-97.234969440,0,53,0,0,1,1,4,0,1,1,0,1,0,0000000,17,23,17,41,99,99,0,0,0,1,1
40,400246,1,1,0,4,39,1030,7,9,2010,3,2,2,1,13,2,US-183,,20,35.49255833,-98.966766670,0,1,0,0,1,1,1,0,2,10,0,10,0,0000000,1,58,2,4,2,34,0,0,0,2,1
40,400247,2,2,0,3,109,3550,17,9,2010,6,21,26,0,16,6,N PORTLAND AVE,,0,35.46833056,-97.583352780,0,12,1,0,1,1,1,0,2,1,0,1,0,0000000,21,27,21,31,21,53,0,0,0,1,1
40,400248,2,2,0,2,145,590,26,6,2010,7,1,12,0,13,3,SR-51,,20,36.03377222,-95.737861110,0,12,6,0,8,1,1,0,6,1,0,1,0,0000000,1,12,1,25,99,99,14,0,0,1,1
40,400249,1,1,0,2,109,3550,29,8,2010,1,19,49,1,11,1,I-40,,143,35.38535556,-97.246830560,0,1,0,0,1,1,1,0,1,10,0,10,0,0000000,19,53,20,7,20,42,0,0,0,1,0
40,400250,2,2,0,2,89,2370,24,8,2010,3,12,25,1,13,2,US-70,,28,33.89261111,-94.791027780,0,12,2,0,1,1,1,0,1,1,0,1,0,0000000,12,28,12,33,88,88,0,0,0,1,0
40,400251,1,1,0,1,71,0,28,7,2010,4,6,15,0,5,4,COUNTY ROAD 76,,23,36.76183611,-97.372538890,0,32,0,0,1,1,4,0,2,1,0,1,0,0000000,6,42,6,55,88,88,0,0,0,1,1
40,400252,2,2,0,4,29,0,12,7,2010,2,14,20,0,6,4,SANDERS ROAD,,0,34.52717778,-96.450808330,0,12,2,0,1,1,1,0,1,1,0,1,0,0000000,14,9,14,32,16,16,0,0,0,1,0
40,400253,2,2,0,2,113,0,8,9,2010,4,4,51,0,3,3,SR-99,,87,36.52701111,-96.336258330,0,12,2,0,1,1,1,0,2,5,0,5,0,0000000,4,47,5,2,6,17,0,0,0,2,0
40,400254,1,1,0,1,123,1740,10,9,2010,6,22,14,0,6,6,MAIN ST,,0,34.87371389,-96.598722220,0,58,0,0,1,1,2,0,2,1,0,1,0,0000000,99,99,99,99,88,88,0,0,0,1,1
40,400255,1,1,0,1,113,0,15,9,2010,4,23,0,0,3,3,SR-18,,23,36.53639167,-96.719391670,0,38,0,0,1,1,4,0,2,2,0,2,0,0000000,88,88,88,88,88,88,0,0,0,1,1
40,400256,2,2,0,2,13,1430,15,9,2010,4,8,59,1,12,2,US-69B,US-69/75 RAMP,72,34.03690556,-96.374683330,0,12,6,1,2,2,1,0,1,1,0,1,0,0000000,9,3,9,29,10,20,0,0,0,1,0
40,400257,1,1,0,1,103,0,21,9,2010,3,10,5,0,5,4,FRONTIER RD,,0,36.23177222,-97.375488890,0,38,0,0,1,1,5,0,1,10,0,10,0,0000000,17,16,17,28,88,88,0,0,0,1,0
40,400258,1,1,1,2,135,0,12,9,2010,1,20,1,1,2,2,US-59,,85,35.56533056,-94.717425000,0,8,0,0,1,1,1,0,2,1,0,1,0,0000000,20,3,20,18,20,53,0,0,0,1,0
40,400259,2,1,0,1,109,3550,21,9,2010,3,0,34,1,11,1,I-40,,72,35.46460000,-97.469383330,0,14,0,0,1,1,2,0,3,10,0,10,0,0000000,0,37,0,42,1,8,0,0,0,1,0
40,400260,1,1,0,2,143,4780,16,9,2010,5,99,99,0,16,6,E APACHE ST,S 145TH EA,0,36.18767500,-95.815355560,0,32,0,0,3,3,4,0,2,10,0,10,0,0000000,2,41,2,48,3,33,0,0,0,1,1
40,400261,3,3,0,6,133,0,17,9,2010,6,18,5,0,3,2,US-270,,67,35.19558611,-96.607966670,0,12,6,0,1,1,1,0,1,1,0,1,0,0000000,18,5,18,10,18,35,0,0,0,1,0
40,400262,2,2,1,2,15,0,12,9,2010,1,2,29,0,3,2,US-62,,135,35.03140556,-98.356791670,0,8,0,0,1,1,1,0,2,1,0,1,0,0000000,99,99,99,99,88,88,0,0,0,1,0
40,400263,2,1,2,3,125,0,8,7,2010,5,21,21,0,4,3,SR-9A,,50,35.33001944,-96.807194440,0,8,0,0,1,1,1,0,2,2,0,2,0,0000000,21,7,21,16,21,50,0,0,0,1,1
40,400264,1,1,0,2,91,0,16,9,2010,5,14,11,0,4,2,US-266,,42,35.50737222,-95.747908330,0,52,0,0,1,1,4,0,1,1,0,1,0,0000000,15,13,15,30,88,88,0,0,0,1,0
40,400265,1,1,0,1,111,0,25,5,2010,3,8,40,1,2,2,US-75,,82,35.54618333,-95.951108330,0,42,0,0,1,1,5,0,1,1,0,1,0,0000000,8,39,8,45,9,12,0,0,0,1,0
40,400266,1,1,0,1,137,1420,3,7,2010,7,18,53,0,16,6,MAPLE,,0,34.49941389,-97.954930560,0,10,0,0,6,1,1,0,1,2,0,2,0,595590S,18,26,19,7,20,45,0,0,0,1,0
40,400267,1,1,1,1,125,0,11,6,2010,6,21,47,0,4,4,FISH MARKET ROAD,,0,35.44485833,-97.124577780,0,8,0,0,1,1,1,0,2,1,0,1,0,0000000,21,41,21,53,22,38,0,0,0,1,0
40,400268,1,1,1,1,51,0,12,6,2010,7,22,39,0,6,4,COUNTY ROAD 1390,,0,35.00050000,-97.874927780,0,8,0,0,1,1,1,0,2,10,0,10,0,0000000,99,98,99,98,88,88,0,0,0,1,0
40,400269,2,2,0,2,109,3170,5,7,2010,2,13,31,0,16,6,NE 23RD ST,,0,35.49316944,-97.398763890,0,12,6,0,1,1,1,0,1,10,0,10,0,0000000,13,42,13,45,14,20,0,0,0,1,0
40,400270,1,1,0,2,109,1480,15,7,2010,5,2,15,0,16,6,COVELL RD,WESTMINSTER RD,0,35.68160833,-97.336147220,0,35,0,0,3,3,5,0,2,1,0,1,0,0000000,2,17,2,30,88,88,0,0,0,1,1
40,400271,2,2,0,5,143,0,28,7,2010,4,17,45,0,6,6,106 STREET NORTH,NORTH SHERIDAN ROAD,0,36.30754167,-95.901866670,0,12,6,0,2,2,1,0,1,1,0,1,0,0000000,17,46,17,52,18,21,0,0,0,1,0
40,400272,2,2,0,2,137,1420,28,7,2010,4,14,6,0,13,3,SR-7 BYPASS,ELK AVE,38,34.52128056,-97.996413890,0,12,6,0,2,2,1,0,1,1,0,1,0,0000000,13,9,13,13,13,27,0,0,0,1,0
40,400273,1,1,0,1,129,0,2,8,2010,2,6,48,0,3,2,US-283,,133,35.79426111,-99.719972220,0,32,0,0,1,1,4,0,1,1,0,1,0,0000000,6,43,6,59,8,36,0,0,0,1,0
40,400274,3,3,0,4,27,3430,15,6,2010,3,13,14,0,13,2,US-77,,91,35.27157222,-97.480188890,0,1,0,0,1,1,1,0,1,1,0,1,0,0000000,13,15,13,23,13,40,23,0,0,1,1
40,400275,2,1,0,5,109,3550,14,8,2010,7,15,25,1,11,1,I-44,,87,35.53506111,-97.494263890,0,14,0,0,1,1,2,0,1,10,0,10,0,0000000,99,99,99,99,99,99,0,0,0,1,0
40,400276,2,2,0,6,21,4600,25,8,2010,4,7,39,0,13,3,SR-51,FOURTH ST,35,35.90093333,-94.960891670,0,12,6,0,2,2,1,0,1,1,0,1,0,0000000,8,4,8,31,9,19,0,0,0,1,0
40,400277,1,1,0,3,145,0,5,9,2010,1,4,4,0,4,3,SR-51,,162,35.84180278,-95.442988890,0,1,0,0,1,1,1,0,2,10,0,10,0,0000000,4,6,4,20,4,58,0,0,0,1,0
40,400278,2,2,0,2,117,0,14,9,2010,3,17,57,0,4,2,US-64,,58,36.32796111,-96.824069440,0,12,8,0,1,1,1,0,1,1,0,1,0,0000000,17,11,17,14,88,88,0,0,0,1,0
40,400279,1,1,0,1,111,0,18,9,2010,7,16,9,0,4,2,US-75A,,60,35.77330556,-96.068694440,0,31,0,0,1,1,4,0,1,1,0,1,0,0000000,16,9,16,14,88,88,0,0,0,1,1
40,400280,1,1,0,1,21,0,18,9,2010,7,99,99,0,4,3,SR-80,,5,35.81992222,-95.253352780,0,24,0,0,1,1,4,0,9,1,0,1,0,0000000,19,52,19,59,88,88,18,0,0,1,0
40,400281,1,1,0,1,81,0,20,9,2010,2,15,0,0,4,3,SR-102,,40,35.55068611,-97.087872220,0,42,0,0,1,1,5,0,9,99,0,99,0,0000000,88,88,88,88,88,88,0,0,0,1,0
40,400282,1,1,0,1,95,0,22,9,2010,4,18,6,0,4,4,PARK RD,,0,33.99017222,-96.638447220,0,30,0,0,1,1,4,0,1,10,0,10,0,0000000,99,99,99,99,18,48,0,0,0,1,0
40,400283,1,1,0,5,129,0,22,9,2010,4,19,48,0,4,3,SR-152,,27,35.42231944,-99.930830560,0,1,0,0,1,1,4,0,1,1,0,1,0,0000000,19,57,21,10,22,22,0,0,0,1,0
40,400284,2,2,0,7,71,0,24,9,2010,6,16,15,0,3,2,US-77,SR-11W,91,36.81078889,-97.067261110,0,12,6,0,2,2,1,0,1,10,0,10,0,0000000,16,19,16,26,16,54,0,0,0,1,0
40,400285,1,1,0,1,111,0,1,10,2010,6,17,34,0,15,3,SR-124,,7,35.42633611,-95.999113890,0,34,0,0,1,1,4,0,1,1,0,1,0,0000000,17,35,17,36,88,88,0,0,0,1,1
40,400286,1,1,1,1,13,1430,3,10,2010,1,11,40,0,16,6,SOUTH 4TH AVE,,0,33.98576111,-96.381488890,0,8,0,0,1,1,1,0,1,1,0,1,0,0000000,11,48,11,50,12,7,0,0,0,1,0
40,400287,1,1,0,1,115,0,26,6,2010,7,23,30,0,5,4,COUNTY ROAD E210,,0,36.71377500,-94.766736110,0,42,0,0,1,1,4,0,2,1,0,1,0,0000000,23,25,23,40,0,27,0,0,0,1,1
40,400288,1,1,0,2,109,3550,26,2,2010,6,21,22,0,5,6,5200 BLK SOUTH HIGH,,0,35.41205000,-97.494800000,0,10,0,0,6,1,1,0,2,10,0,10,0,012125J,21,40,21,45,23,23,0,0,0,1,0
40,400289,1,1,0,1,5,0,1,8,2010,1,8,3,0,4,3,SR-3,,119,34.28736667,-95.961450000,0,1,0,0,1,1,3,0,1,1,0,1,0,0000000,8,3,8,16,88,88,0,0,0,1,0
40,400290,1,1,0,1,67,0,30,7,2010,6,19,2,0,4,3,SR-89,,53,34.05613333,-97.578461110,0,1,0,0,1,1,3,0,1,10,0,10,0,0000000,19,46,20,4,21,33,0,0,0,1,1
40,400291,1,1,0,1,143,4780,1,7,2010,5,2,19,1,1,1,I-244,,57,36.15868056,-96.001961110,0,24,0,1,5,1,4,0,2,1,0,1,0,0000000,2,18,2,22,88,88,0,0,0,1,1
40,400292,1,1,0,1,7,0,28,7,2010,4,8,37,1,2,2,US-64,SR-23,230,36.90688333,-100.512708330,0,1,0,0,2,4,4,0,1,1,0,1,0,0000000,8,38,8,47,9,14,0,0,0,1,0
40,400293,2,2,0,3,27,3430,30,8,2010,2,18,55,0,3,3,SR-9,,86,35.18934722,-97.267602780,0,12,2,0,1,1,1,0,1,10,0,10,0,0000000,99,99,99,99,99,99,0,0,0,1,0
40,400294,1,1,0,1,89,0,8,8,2010,1,11,38,0,3,3,SR-3,,267,33.73597778,-94.511183330,0,23,0,0,1,1,4,0,1,1,0,1,0,0000000,10,48,11,21,12,13,0,0,0,1,0
40,400295,1,1,0,4,131,0,16,9,2010,5,18,55,0,4,4,N/S 418,,0,36.41307500,-95.561141670,0,42,0,0,1,1,4,0,1,10,0,10,0,0000000,19,0,19,14,20,14,0,0,0,2,1
40,400296,3,2,0,2,153,0,10,9,2010,6,10,15,1,2,2,US-183,SR-34,0,36.39039444,-99.352780560,0,12,6,0,2,2,1,0,1,1,0,1,0,0000000,10,25,10,30,10,55,0,0,0,1,0
40,400297,2,2,0,2,121,0,15,9,2010,4,9,26,1,2,2,US-69,,133,34.84677778,-95.828072220,0,12,11,0,8,1,1,0,1,1,0,1,0,0000000,9,27,9,33,88,88,0,0,0,1,0
40,400298,1,1,0,1,79,0,1,10,2010,6,22,10,1,2,2,US-59,,11,34.70796944,-94.474475000,0,1,0,0,1,1,4,0,2,1,0,1,0,0000000,22,12,22,36,88,88,0,0,0,1,1
40,400299,1,1,0,3,101,0,6,10,2010,4,7,11,0,5,4,N/S 435,,0,35.35661389,-95.274225000,0,34,0,0,1,1,4,0,1,1,0,1,0,0000000,7,11,7,22,8,28,0,0,0,1,0
40,400300,2,2,0,3,11,0,5,10,2010,3,4,40,1,2,2,US-270,SR-58,33,35.84136111,-98.589741670,0,12,6,0,2,2,1,0,2,1,0,1,0,0000000,4,41,4,59,88,88,0,0,0,1,0
40,400301,2,2,0,5,137,0,12,6,2010,7,23,20,0,6,4,COUNTY ROAD,,0,34.41981944,-97.730366670,0,12,2,0,1,1,1,0,2,1,0,1,0,0000000,23,13,23,32,88,88,0,0,0,1,0
40,400302,1,1,0,1,55,0,7,10,2010,5,3,40,0,5,4,CO RD 1450,,0,34.91602222,-99.541213890,0,1,0,0,1,1,4,0,2,1,0,1,0,0000000,3,33,3,45,88,88,0,0,0,1,1
40,400303,1,1,0,6,103,0,13,6,2010,1,3,59,1,1,1,I-35,,266,36.54275833,-97.345419440,0,34,0,0,1,1,4,0,2,10,0,10,0,0000000,4,14,4,46,5,51,0,0,0,2,0
40,400304,2,2,0,2,79,0,3,6,2010,5,10,11,0,5,4,POKER BEND ROAD,,0,35.17435833,-94.566722220,0,12,6,0,1,1,1,0,1,1,0,1,0,0000000,10,33,10,45,11,38,0,0,0,1,0
40,400305,1,1,0,1,139,0,20,6,2010,1,17,0,0,3,2,US-64,,14,36.86320000,-101.178130560,0,32,0,0,1,1,6,0,1,1,0,1,0,0000000,17,0,17,10,88,88,0,0,0,1,0
40,400306,1,1,0,1,145,0,21,6,2010,2,20,43,1,2,2,US-69,,16,35.83496944,-95.402861110,0,1,0,0,1,1,4,0,2,10,0,10,0,0000000,21,38,21,49,22,49,0,0,0,1,1
40,400307,2,2,0,5,37,0,22,6,2010,3,15,50,1,1,1,I-44,,280,35.98063889,-96.203444440,0,12,7,0,1,1,1,0,1,1,0,1,0,0000000,15,53,16,6,16,45,0,0,0,1,2
40,400308,1,1,0,1,17,0,4,9,2010,7,7,57,1,1,1,I-40,,237,35.50043889,-97.899813890,0,18,0,0,1,1,4,1,1,1,0,1,0,0000000,7,59,8,4,88,88,0,0,0,1,0
40,400309,2,2,0,4,109,3550,5,6,2010,7,0,36,0,16,6,N MERIDIAN AVE,,0,35.48885278,-97.601133330,0,12,2,0,1,1,1,0,3,1,0,1,0,0000000,0,38,0,42,1,3,0,0,0,1,1
40,400310,1,1,0,3,17,1820,28,5,2010,6,15,50,0,3,2,US-281,,22,35.54849167,-98.266002780,0,24,0,0,1,1,4,0,1,1,0,1,0,0000000,99,99,99,99,99,99,0,0,0,1,0
40,400311,3,3,0,5,109,3550,23,5,2010,1,18,9,0,4,3,SR-3,NORTH ROCKWELL,23,35.55806944,-97.638761110,0,12,6,1,2,2,1,0,1,1,0,1,0,0000000,18,11,18,17,18,53,0,0,0,1,0
40,400312,1,1,0,1,147,4850,23,6,2010,4,18,2,0,3,3,SR-11,,11,36.42494444,-95.992311110,0,34,0,0,1,1,6,0,1,1,0,1,0,0000000,18,2,18,8,88,88,0,0,0,1,1
40,400313,1,1,0,3,139,2060,24,6,2010,5,15,0,0,5,4,COUNTY ROAD AA,,0,36.61644444,-101.211352780,0,34,0,0,1,1,4,0,1,10,0,10,0,0000000,15,20,15,39,16,34,0,0,0,1,0
40,400314,1,1,0,1,113,0,23,5,2010,1,18,0,0,4,3,SR-20,,182,36.37333611,-96.093408330,0,35,0,0,1,1,6,0,1,10,0,10,0,0000000,18,5,18,12,99,99,0,0,0,1,1
40,400315,1,1,0,1,143,0,6,8,2010,6,19,31,0,4,4,CO RD 181ST ST S,,0,35.90108056,-96.022650000,0,32,0,0,1,1,4,0,1,1,0,1,0,0000000,19,25,19,30,19,55,0,0,0,1,0
40,400316,1,1,0,1,143,4780,25,6,2010,6,23,25,1,11,1,I-244 EXIT RAMP,,87,36.16021111,-95.950013890,0,1,0,1,5,1,4,0,2,10,0,10,0,0000000,23,20,23,23,88,88,0,0,0,1,1
40,400317,2,2,0,4,95,2970,2,8,2010,2,22,4,0,3,2,US-177,JAGGER RD,40,34.12928056,-96.790002780,0,12,6,0,2,2,1,0,2,1,0,1,0,0000000,99,99,99,99,99,99,0,0,0,1,0
40,400318,1,1,0,1,83,0,30,9,2010,5,20,46,0,4,3,SR-74,,132,36.05879444,-97.586119440,0,24,0,0,1,1,4,0,2,1,0,1,0,0000000,20,47,21,7,88,88,0,0,0,1,0
40,400319,1,1,0,2,125,0,29,7,2010,5,12,32,0,3,2,US-177,,15,35.36899444,-96.982377780,0,59,0,0,1,1,4,0,1,10,0,10,0,0000000,12,29,12,35,13,12,0,0,0,1,0
40,400320,1,1,0,1,143,4780,7,10,2010,5,2,33,1,12,2,US-64,,48,36.14580556,-96.002813890,0,1,0,0,1,1,4,1,3,1,0,1,0,0000000,2,36,2,43,88,88,0,0,0,1,1
40,400321,1,1,1,1,27,3550,7,10,2010,5,1,59,1,11,1,I-35,,128,35.36799444,-97.494780560,0,8,0,0,1,1,1,0,3,1,0,1,0,0000000,2,1,2,4,88,88,0,0,0,1,0
40,400322,2,2,0,3,71,0,26,9,2010,1,22,24,0,3,2,US-77,,214,36.97678333,-97.042955560,0,12,6,0,8,1,1,0,3,10,0,10,0,0000000,22,26,22,33,22,57,0,0,0,1,0
40,400323,2,2,0,6,101,0,24,7,2010,7,19,56,0,4,2,US-64,CO RD EW0870,80,35.75549722,-95.643280560,0,12,6,0,2,2,1,0,5,1,0,1,0,0000000,20,0,20,10,21,45,0,0,0,1,0
40,400324,1,1,0,2,111,0,3,10,2010,1,22,1,0,4,4,BANYON RD,250 RD,0,35.58077500,-95.926466670,0,42,0,0,3,3,4,0,2,1,0,1,0,0000000,22,0,22,8,22,34,0,0,0,1,0
40,400325,1,1,0,1,49,0,26,6,2010,7,3,54,0,3,4,CR-3050,,0,34.61010000,-97.562805560,0,34,0,0,1,1,4,0,2,1,0,1,0,0000000,3,37,3,52,88,88,0,0,0,1,0
40,400326,2,2,0,2,131,870,10,7,2010,7,19,30,0,16,6,N LYNN LANE,E ARCHER ST,0,36.16270833,-95.779622220,0,12,6,0,3,3,1,0,1,1,0,1,0,0000000,19,25,19,29,19,58,0,0,0,1,0