STATE,ST_CASE,VE_TOTAL,VE_FORMS,PEDS,PERSONS,COUNTY,CITY,DAY,MONTH,YEAR,DAY_WEEK,HOUR,MINUTE,NHS,ROAD_FNC,ROUTE,TWAY_ID,TWAY_ID2,MILEPT,LATITUDE,LONGITUD,SP_JUR,HARM_EV,MAN_COLL,RELJCT1,RELJCT2,TYP_INT,REL_ROAD,WRK_ZONE,LGT_COND,WEATHER1,WEATHER2,WEATHER,SCH_BUS,RAIL,NOT_HOUR,NOT_MIN,ARR_HOUR,ARR_MIN,HOSP_HR,HOSP_MN,CF1,CF2,CF3,FATALS,DRUNK_DR
40,400327,2,2,0,2,63,0,25,6,2010,6,17,45,0,4,3,SR-9,COUNTY RD NS 377,81,35.23194444,-96.299908330,0,12,6,0,3,1,1,0,1,1,0,1,0,0000000,17,37,17,53,88,88,0,0,0,1,1
40,400328,1,1,0,2,129,0,26,6,2010,7,19,23,0,4,3,SR-152,,29,35.42231667,-99.927286110,0,38,0,0,1,1,4,0,1,1,0,1,0,0000000,18,22,18,51,20,24,0,0,0,1,1
40,400329,1,1,0,1,113,0,27,6,2010,1,18,46,0,4,3,SR-11,,121,36.59551944,-96.185119440,0,38,0,0,1,1,4,0,1,10,0,10,0,0000000,18,44,18,57,88,88,0,0,0,1,1
40,400330,1,1,0,1,113,0,5,10,2010,3,19,30,0,4,4,SHERWIN AVE,GLASGOW RD,0,36.66606944,-97.022494440,0,31,0,0,3,3,4,0,2,1,0,1,0,0000000,18,38,18,48,88,88,0,0,0,1,1
40,400331,1,1,1,1,47,1550,16,6,2010,4,20,29,0,6,6,NORTH 15TH ST,,0,36.40712222,-97.855911110,0,8,0,0,1,1,1,0,1,1,0,1,0,0000000,20,30,20,34,20,54,0,0,0,1,0
40,400332,2,2,0,5,109,3550,15,6,2010,3,19,13,0,6,6,SW 29TH,S VILLA,0,35.43518333,-97.556855560,0,12,2,0,2,2,1,0,1,1,0,1,0,0000000,19,14,19,17,19,38,0,0,0,1,0
40,400333,2,2,0,2,19,210,7,6,2010,2,9,13,0,4,3,SR-70,MICHELIN ROAD,223,34.17276389,-97.176444440,0,12,1,0,2,4,1,0,1,1,0,1,0,0000000,9,13,9,18,88,88,0,0,0,1,0
40,400334,2,2,0,2,143,4780,22,5,2010,7,23,25,0,13,2,US-64,,62,36.09817222,-95.859533330,0,12,1,0,1,1,1,0,3,1,0,1,0,0000000,23,25,23,28,0,49,0,0,0,1,0
40,400335,1,1,0,3,45,0,6,9,2010,2,0,50,0,4,3,SR-46,,97,36.27410833,-99.775488890,0,31,0,0,1,1,4,0,2,1,0,1,0,0000000,0,41,0,54,1,15,0,0,0,1,1
40,400336,2,2,0,3,101,0,16,5,2010,1,4,13,1,2,8,MUSKOGEE TURNPIKE,,16,35.50180278,-95.176941670,0,12,6,0,1,1,1,0,2,2,0,2,0,0000000,4,9,4,17,5,6,0,0,0,1,0
40,400337,2,2,0,3,143,4780,5,6,2010,7,13,25,0,6,6,E. ADMIRAL PLACE,,0,99.99990000,999.999900000,0,12,1,0,1,1,1,0,1,1,0,1,0,0000000,13,39,13,49,14,23,0,0,0,1,0
40,400338,1,1,0,1,109,3550,7,5,2010,6,2,14,0,2,3,SR-74,,8,35.51866389,-97.576527780,0,1,0,0,1,1,2,0,3,1,0,1,0,0000000,2,15,2,19,2,36,0,0,0,1,0
40,400339,2,1,1,1,103,0,29,9,2010,4,2,10,1,1,1,I-35,,121,36.33351667,-97.327261110,0,14,0,0,1,1,2,0,2,10,0,10,0,0000000,2,21,2,26,3,41,0,0,0,1,0
40,400340,1,1,0,1,131,0,29,6,2010,3,21,48,0,3,2,US-412,,134,36.16995278,-95.495361110,0,34,0,0,1,1,4,0,2,10,0,10,0,0000000,21,44,21,58,88,88,0,0,0,1,0
40,400341,1,1,0,4,17,0,5,10,2010,3,1,32,0,6,4,N CHILES RD,,0,35.67472778,-98.030452780,0,1,0,0,1,1,1,0,2,1,0,1,0,0000000,1,32,1,50,2,50,0,0,0,1,0
40,400342,2,2,0,2,23,2340,18,6,2010,6,13,50,1,13,2,US-70,EAST JACKSON STREET,27,33.99670000,-95.476552780,0,12,6,0,2,3,1,0,1,1,0,1,0,0000000,13,53,13,56,88,88,0,0,0,1,0
40,400343,3,3,0,4,123,0,2,8,2010,2,17,12,0,4,3,SR-3W,,171,34.79738333,-96.736925000,0,12,8,0,1,1,1,0,1,1,0,1,0,0000000,17,21,17,45,18,30,0,0,0,1,0
40,400345,1,1,1,1,17,1540,4,5,2010,3,17,23,0,16,6,GRESHAM AVE,OAK ST,0,35.52351111,-97.956950000,0,9,0,0,3,2,1,2,1,1,0,1,0,0000000,17,26,17,29,88,88,0,0,0,1,0
40,400346,1,1,0,1,41,2420,3,8,2010,3,16,59,0,5,4,COUNTY ROAD 492,,0,36.47833611,-95.003541670,0,42,0,0,1,1,4,0,1,1,0,1,0,0000000,17,4,17,23,88,88,0,0,0,1,1
40,400347,1,1,0,1,75,0,3,8,2010,3,13,27,0,4,3,SR-54,,109,34.79097222,-98.861377780,0,32,0,0,1,1,4,0,1,1,0,1,0,0000000,13,37,14,9,15,6,0,0,0,1,0
40,400348,1,1,0,2,109,3550,18,7,2010,1,2,19,0,16,6,SW 86 STREET,HILLCREST DR,0,35.38030833,-97.556063890,0,33,0,0,3,3,6,0,3,1,0,1,0,0000000,2,21,2,37,2,49,0,0,0,1,1
40,400349,1,1,0,3,65,0,5,8,2010,5,16,26,0,5,4,SOUTH CR 194,,0,34.66644167,-99.509408330,0,34,0,0,1,1,4,0,1,1,0,1,0,0000000,16,17,17,1,18,20,0,0,0,1,0
40,400350,1,1,1,2,85,3050,6,8,2010,6,20,43,1,1,1,I-35,,159,33.94771944,-97.134786110,0,8,0,0,1,1,1,0,5,2,0,2,0,0000000,20,45,20,50,88,88,23,0,0,1,0
40,400351,1,1,0,1,135,0,7,8,2010,7,14,36,0,4,3,SR-64D,,10,35.41369444,-94.438680560,0,1,0,0,1,1,4,0,1,1,0,1,0,0000000,14,33,14,37,88,88,0,0,0,1,0
40,400352,2,2,0,2,87,0,8,8,2010,1,2,9,0,4,3,SR-74B,,25,35.10239444,-97.608805560,0,12,2,0,1,1,1,0,2,10,0,10,0,0000000,2,3,2,30,3,4,0,0,0,1,0
40,400353,1,1,0,1,143,4780,9,8,2010,2,3,23,1,1,1,I-44,,55,36.09060556,-95.942813890,0,25,0,0,1,1,4,4,3,10,0,10,0,0000000,3,19,3,25,88,88,0,0,0,1,0
40,400354,2,2,0,2,143,0,20,8,2010,6,13,54,0,6,4,86TH ST N,,0,36.27843611,-95.953847220,0,12,2,0,1,1,1,0,1,1,0,1,0,0000000,12,53,13,1,13,33,0,0,0,1,0
40,400355,1,1,1,1,143,4780,4,1,2010,2,18,42,0,6,6,SOUTH YALE AVENUE,E ADMIRAL PLACE,0,36.16074722,-95.922533330,0,8,0,0,3,2,1,0,3,1,0,1,0,0000000,18,43,18,48,19,28,0,0,0,1,0
40,400356,2,1,0,1,111,0,30,6,2010,4,22,15,1,2,2,US-75,,64,35.42745556,-96.080847220,0,34,0,0,1,1,4,0,2,10,0,10,0,0000000,22,13,22,20,88,88,0,0,0,1,1
40,400357,2,2,0,3,151,0,17,10,2010,1,17,5,0,3,2,US-281,,28,36.54641389,-98.874705560,0,12,2,0,1,1,1,0,1,10,0,10,0,0000000,17,0,17,5,17,50,0,0,0,2,1
40,400358,1,1,0,1,1,0,19,10,2010,3,22,59,0,6,4,CO RD ADDILEE RD,,0,35.94132500,-94.642441670,0,42,0,0,1,1,4,0,2,10,0,10,0,0000000,99,99,99,99,88,88,0,0,0,1,1
40,400359,1,1,0,1,97,0,19,10,2010,3,12,9,0,3,3,SR-20,,77,36.29820833,-95.182713890,0,31,0,0,1,1,4,0,1,10,0,10,0,0000000,12,10,12,19,88,88,0,0,0,1,0
40,400360,1,1,0,1,89,0,17,10,2010,1,6,0,0,2,3,SR-3,,228,34.05471111,-94.807077780,0,35,0,0,1,1,4,0,4,1,0,1,0,0000000,99,99,99,99,88,88,0,0,0,1,0
40,400361,1,1,0,1,89,0,14,10,2010,5,16,46,1,2,2,US-259,,128,33.81133889,-94.825308330,0,34,0,0,1,1,4,0,1,1,0,1,0,0000000,99,99,99,99,88,88,0,0,0,1,0
40,400362,1,1,0,1,73,0,8,7,2010,5,1,50,0,3,3,SR-33,,119,35.84206389,-97.725533330,0,24,0,0,1,1,4,0,2,10,0,10,0,0000000,2,22,2,27,88,88,0,0,0,1,0
40,400363,1,1,0,1,137,0,5,7,2010,2,2,0,0,16,4,N STREET,,39,34.57400000,-97.931841670,0,1,0,0,1,1,1,0,2,10,0,10,0,0000000,1,46,2,0,88,88,0,0,0,1,1
40,400364,1,1,0,1,15,0,15,6,2010,3,20,57,1,1,1,I-40,,116,35.52929167,-98.419133330,0,57,0,0,1,1,3,0,5,10,0,10,0,0000000,99,99,99,99,88,88,0,0,0,1,0
40,400365,1,1,0,1,25,460,15,7,2010,5,11,28,1,2,2,US-287,,29,36.77013889,-102.517719440,0,18,0,0,1,1,4,1,1,10,0,10,0,0000000,11,38,11,43,88,88,0,0,0,1,0
40,400366,1,1,0,1,125,0,6,7,2010,3,16,25,1,1,1,I-40 RAMP,,78,35.38254167,-97.007475000,0,24,0,1,5,1,4,0,1,10,0,10,0,0000000,16,19,16,28,88,88,0,0,0,1,1
40,400367,2,2,0,2,27,3430,29,4,2010,5,11,51,0,16,6,PONCA AVENUE,,0,35.23195000,-97.439761110,0,12,2,0,1,1,1,0,1,10,0,10,0,0000000,88,88,88,88,88,88,0,0,0,1,0
40,400368,1,1,0,1,19,0,15,10,2010,6,12,52,0,4,4,RECK RD,,0,34.15860556,-97.474672220,0,38,0,0,1,1,5,0,1,1,0,1,0,0000000,12,53,13,18,14,2,0,0,0,1,0
40,400369,1,1,0,1,97,0,20,10,2010,4,20,40,0,4,3,SR-28,,41,36.43820833,-95.199630560,0,11,0,0,1,1,1,0,2,1,0,1,0,0000000,20,39,20,52,88,88,0,0,0,1,0
40,400370,2,2,0,2,17,3320,16,7,2010,6,11,0,0,13,3,SR-152,S QUENTIN LANE,122,35.39168611,-97.720305560,0,12,6,0,3,1,1,0,1,1,0,1,0,0000000,11,0,11,0,11,24,14,0,0,1,0
40,400371,1,1,0,1,109,3550,17,7,2010,7,5,48,0,16,6,NW 36TH STREET,,0,35.50788056,-97.542500000,0,33,0,0,1,1,4,0,2,1,0,1,0,0000000,99,98,99,98,88,88,0,0,0,1,1
40,400372,1,1,0,1,115,0,7,8,2010,7,22,0,0,3,2,US-69,US-69A,0,36.94345278,-94.830644440,0,35,0,0,2,3,6,0,2,1,0,1,0,0000000,88,88,88,88,88,88,0,0,0,1,0
40,400373,2,2,0,6,109,3550,10,10,2010,1,22,16,0,15,3,SR-74,,100,35.65260278,-97.585002780,0,12,2,0,1,1,1,0,2,1,0,1,0,0000000,99,99,99,99,99,99,0,0,0,1,0
40,400374,2,2,0,5,81,0,19,9,2010,1,2,20,0,4,3,SR-18,,47,35.77016667,-96.876813890,0,12,6,0,1,1,1,0,2,1,0,1,0,0000000,2,33,2,51,3,42,0,0,0,1,1
40,400375,2,2,0,4,95,0,16,10,2010,7,10,58,1,2,2,US-70,BREEDING RD,70,34.09991667,-96.845802780,0,12,6,0,3,2,1,0,1,10,0,10,0,0000000,11,2,11,31,12,40,0,0,0,2,0
40,400376,1,1,2,1,5,0,21,10,2010,5,9,0,0,5,4,FOLSOM RD,,0,34.18624722,-96.228561110,0,10,0,0,6,1,1,0,1,1,0,1,0,413738V,9,5,9,15,10,35,0,0,0,1,0
40,400377,2,2,0,3,71,0,22,10,2010,6,7,44,0,4,3,SR-11,ENTERPRISE RD,57,36.76749722,-96.960016670,0,12,6,0,2,2,1,0,4,10,0,10,0,0000000,6,46,6,53,7,27,0,0,0,1,0
40,400378,3,3,0,7,113,0,10,10,2010,1,14,23,0,3,3,SR-11,,121,36.59551944,-96.185119440,0,12,2,0,1,1,1,0,1,2,0,2,0,0000000,14,35,14,58,15,51,0,0,0,1,0
40,400379,2,2,0,3,21,4600,1,6,2010,3,18,22,0,16,6,MUSKOGEE,,347,35.89732500,-94.976377780,0,12,1,0,1,1,1,0,1,1,0,1,0,0000000,18,23,18,28,88,88,0,0,0,1,0
40,400380,2,2,0,2,119,0,9,8,2010,2,8,25,0,3,3,SR-18,,45,35.98571944,-96.847644440,0,12,2,0,1,1,2,0,1,1,0,1,0,0000000,8,28,8,44,9,9,0,0,0,1,0
40,400381,1,1,1,1,109,4990,14,8,2010,7,21,4,0,16,6,N MACARTHUR BLVD,NW 60TH ST,0,35.53203333,-97.618991670,0,8,0,0,3,3,1,0,3,1,0,1,0,0000000,20,57,21,1,21,23,0,0,0,1,1
40,400382,3,3,0,4,109,1480,9,10,2010,7,19,18,0,16,6,KELLY AVE,,0,35.66213056,-97.496055560,0,12,1,0,1,1,1,0,5,1,0,1,0,0000000,19,18,19,20,88,88,14,0,0,1,0
40,400384,1,1,0,1,61,0,27,10,2010,4,19,11,0,6,4,KEOTA LANDING ROAD,,0,35.29961944,-94.920422220,0,24,0,0,1,1,4,0,2,1,0,1,0,0000000,19,14,19,28,88,88,0,0,0,1,1
40,400385,2,2,0,2,97,0,7,8,2010,7,17,49,1,2,2,US-412,SR-412B,36,36.17665278,-95.279169440,0,12,6,0,2,2,1,0,1,10,0,10,0,0000000,17,46,17,52,18,38,0,0,0,1,0
40,400386,1,1,0,1,9,1510,18,8,2010,4,5,33,0,16,6,AVE D,ELK,0,35.41764722,-99.418630560,0,33,0,0,3,3,4,0,2,10,0,10,0,0000000,5,35,5,39,88,88,0,0,0,1,0
40,400387,1,1,1,1,109,360,2,10,2010,7,20,13,0,16,6,N ROCKWELL AVE,NW 20TH ST,0,35.49018889,-97.636683330,0,8,0,0,3,3,1,0,3,1,0,1,0,0000000,20,15,20,23,20,35,0,0,0,1,0
40,400388,2,2,0,2,113,0,29,10,2010,6,15,46,0,4,4,52 W AVE,ROCK SCHOOL,0,36.26512500,-96.052500000,0,12,6,0,2,2,1,0,1,1,0,1,0,0000000,15,55,16,2,16,50,0,0,0,1,0
40,400389,2,2,0,2,133,0,1,11,2010,2,19,2,1,2,2,US-377,I-40 EXIT RAMP,60,35.38347500,-96.671241670,0,12,6,1,2,2,1,0,2,1,0,1,0,0000000,19,2,19,11,19,28,0,0,0,1,0
40,400390,1,1,0,2,133,0,28,10,2010,5,14,33,0,4,4,CO RD NS 364,,0,34.91565278,-96.529205560,0,35,0,0,1,1,4,0,1,1,0,1,0,0000000,99,99,99,99,88,88,0,0,0,1,1
40,400391,2,2,0,5,71,0,26,10,2010,3,19,40,0,3,2,US-77,CO RD STATE LINE RD,230,36.99892500,-97.045527780,0,12,6,0,2,2,1,0,2,1,0,1,0,0000000,19,46,19,54,20,24,0,0,0,2,1
40,400392,1,1,0,2,125,0,20,10,2010,4,19,59,0,4,4,CO RD EW 124,,0,35.21696944,-96.983388890,0,38,0,0,1,1,4,0,2,1,0,1,0,0000000,20,11,20,27,21,4,0,0,0,1,1
40,400393,2,2,0,3,143,0,18,10,2010,2,14,27,0,14,4,116TH ST NORTH,MEMORIAL,0,36.32199167,-95.884105560,0,12,6,0,2,2,1,0,1,10,0,10,0,0000000,14,27,14,35,14,56,0,0,0,1,0
40,400394,2,2,0,3,111,0,17,7,2010,7,1,11,0,4,4,BIXBY RD,,0,35.81275278,-95.876327780,0,12,6,0,1,1,1,0,2,10,0,10,0,0000000,1,9,1,28,99,99,0,0,0,2,1
40,400395,1,1,0,1,17,3550,31,10,2010,1,6,10,1,11,1,I-40,,357,35.46008611,-97.701108330,0,59,0,0,1,1,4,0,2,1,0,1,0,0000000,6,11,6,17,88,88,0,0,0,1,1
40,400396,1,1,0,2,145,0,24,7,2010,7,2,25,0,5,4,COUNTY ROAD 289,,0,36.01135556,-95.654700000,0,1,0,0,1,1,1,0,2,1,0,1,0,0000000,2,21,2,30,99,99,0,0,0,1,1
40,400397,1,1,0,2,53,0,25,10,2010,2,99,99,0,3,3,SR-11,,180,36.81056111,-97.784786110,0,26,0,0,1,1,4,0,9,99,0,99,0,0000000,10,9,10,14,88,88,0,0,0,2,1
40,400398,1,1,0,2,41,0,10,7,2010,7,13,45,0,3,2,US-59,,153,36.38316111,-94.815388890,0,1,0,0,1,1,4,0,1,10,0,10,0,0000000,13,42,14,13,14,47,0,0,0,1,0
40,400399,1,1,0,1,113,4330,4,10,2010,2,19,37,0,16,6,SOUTH CHOCTAW,,0,36.36096389,-96.027030560,0,58,0,0,1,1,4,0,5,1,0,1,0,0000000,19,37,19,41,20,26,0,0,0,1,1
40,400400,1,1,0,6,131,0,9,10,2010,7,0,22,0,6,4,CO RD E340 RD,,0,36.52468889,-95.634736110,0,24,0,0,1,1,4,0,2,1,0,1,0,0000000,1,22,2,9,2,55,0,0,0,1,0
40,400401,1,1,0,1,39,0,2,11,2010,3,3,0,0,3,3,SR-33,,17,35.66748056,-98.929947220,0,34,0,0,1,1,4,0,2,1,0,1,0,0000000,4,9,4,22,4,50,0,0,0,1,0
40,400402,1,1,1,1,109,3550,18,7,2010,1,8,32,0,16,6,E BRITTON RD,,0,35.56560556,-97.431152780,0,9,0,0,1,1,1,0,1,1,0,1,0,0000000,8,33,8,42,88,88,0,0,0,1,0
40,400403,1,1,1,1,109,3550,11,8,2010,4,14,19,0,13,3,SR-3,,246,35.52889167,-97.572261110,0,8,0,0,1,1,1,0,1,1,0,1,0,0000000,88,88,88,88,88,88,0,0,0,1,0
40,400404,2,2,0,5,37,0,24,10,2010,1,15,47,0,4,4,161ST W AVE,61ST ST SOUTH,0,36.07572222,-96.172766670,0,12,6,0,2,2,1,0,1,10,0,10,0,0000000,15,47,15,59,16,32,0,0,0,2,0
40,400405,2,2,0,2,41,0,1,10,2010,6,15,20,0,4,3,SR-28,,44,36.47334167,-94.935075000,0,12,6,0,1,1,1,0,1,1,0,1,0,0000000,15,23,15,44,88,88,0,0,0,1,0
40,400406,2,2,0,2,37,4190,25,10,2010,2,14,29,1,11,1,I-44 EXIT RAMP,SR-97,337,36.01207778,-96.109844440,0,12,6,1,2,3,1,0,1,1,0,1,0,0000000,14,32,14,34,15,7,0,0,0,1,0
40,400407,2,2,0,2,41,0,23,10,2010,7,1,8,0,3,2,US-60/69,,22,36.64551667,-94.981472220,0,12,2,0,1,1,1,0,2,10,0,10,0,0000000,1,6,1,13,2,16,0,0,0,1,2
40,400408,1,1,0,3,57,0,2,10,2010,7,23,3,0,6,4,CO RD 1690,,0,34.72361944,-99.947461110,0,1,0,0,1,1,1,0,2,1,0,1,0,0000000,23,3,23,23,23,52,0,0,0,1,0
40,400409,1,1,0,1,121,0,21,10,2010,5,17,16,0,4,3,SR-113,,100,35.10767778,-95.771261110,0,24,0,0,1,1,4,0,1,1,0,1,0,0000000,17,0,17,11,88,88,0,0,0,1,0
40,400410,2,2,0,3,149,0,14,6,2010,2,11,30,1,1,1,I-40,,117,35.44603889,-99.165963890,0,12,6,0,1,1,1,0,1,1,0,1,0,0000000,11,36,11,42,12,19,0,0,0,1,0
40,400411,2,2,0,2,145,0,19,7,2010,2,8,0,0,5,4,COUNTY ROAD 690,,0,36.00246389,-95.287847220,0,12,6,0,8,1,1,0,1,1,0,1,0,0000000,8,57,9,7,88,88,0,0,0,1,1
40,400412,2,2,0,2,117,0,10,11,2010,4,8,10,0,3,2,US-64,,92,36.31810556,-96.780897220,0,12,2,0,1,1,1,0,1,1,0,1,0,0000000,8,10,8,13,88,88,0,0,0,1,0
40,400413,2,2,0,3,145,0,9,7,2010,6,17,0,0,5,4,COUNTY ROAD 141,COUNTY ROAD 241,0,35.95911389,-95.708147220,0,12,2,0,2,2,1,0,1,10,0,10,0,0000000,17,3,17,9,88,88,0,0,0,1,0
40,400414,2,2,0,2,33,0,25,10,2010,2,20,56,1,1,1,I-44,,43,34.22801111,-98.465436110,0,24,0,0,1,1,4,0,3,6,0,6,0,0000000,20,53,99,99,88,88,14,0,0,1,1
40,400415,3,3,0,3,17,3550,26,6,2010,7,20,50,0,16,6,NW 10TH STREET,,0,35.47882778,-97.675152780,0,12,6,0,8,1,1,0,5,1,0,1,0,0000000,20,55,21,1,21,31,14,0,0,1,2
40,400416,1,1,1,1,109,3550,17,7,2010,7,8,5,0,16,6,MIDWEST BLVD,,0,35.59816111,-97.389486110,0,9,0,0,1,1,1,4,1,1,0,1,0,0000000,88,88,88,88,88,88,0,0,0,1,0
40,400417,2,2,0,2,109,3550,23,7,2010,6,21,29,0,16,6,PENNSYLVANIA AVE,SW 39TH STREET,0,35.42566944,-97.547941670,0,12,6,0,2,2,1,0,3,1,0,1,0,0000000,99,98,99,98,88,88,0,0,0,1,1
40,400418,1,1,0,1,75,0,11,8,2010,4,17,26,0,5,4,COUNTY ROAD NS 2290,,0,34.67848611,-98.896350000,0,35,0,0,1,1,4,0,1,1,0,1,0,0000000,17,31,17,36,88,88,0,0,0,1,0
40,400419,2,2,0,2,73,0,12,8,2010,5,8,1,0,3,4,N/S COUNTY ROAD,E/W COUNTY ROAD,0,35.97109167,-98.192466670,0,12,6,0,2,2,1,0,1,1,0,1,0,0000000,99,98,99,98,88,88,0,0,0,1,0
40,400420,2,2,0,6,97,0,12,8,2010,5,13,40,0,4,3,SR-82,,27,36.23553611,-95.143241670,0,12,6,0,8,1,1,0,1,1,0,1,0,0000000,13,43,14,12,14,44,0,0,0,2,0
40,400421,2,2,0,3,109,1300,19,8,2010,5,1,17,1,1,1,I-40,,14,35.45699722,-97.452541670,0,12,1,0,1,1,2,0,3,1,0,1,0,0000000,99,99,99,99,99,99,0,0,0,1,1
40,400422,2,2,0,2,101,2100,8,7,2010,5,5,40,0,6,6,SKELLY,KIOWA,0,35.81298333,-95.695316670,0,12,6,0,2,3,1,0,2,2,0,2,0,0000000,5,30,5,39,7,13,0,0,0,1,0
40,400423,2,2,0,2,143,4780,29,8,2010,1,9,5,0,16,6,S GARNETT RD,,0,36.13561389,-95.851141670,0,1,0,0,8,1,1,0,1,1,0,1,0,0000000,9,6,9,10,88,88,0,0,0,1,0
40,400424,2,2,0,2,143,4780,31,8,2010,3,9,5,1,12,3,SR-11,,43,36.17814722,-95.885425000,0,12,6,0,1,1,1,0,1,1,0,1,0,0000000,9,7,9,16,10,6,0,0,0,1,0
40,400425,1,1,0,2,37,0,2,9,2010,5,17,16,0,6,4,S 177 W AVE,,0,36.03061667,-96.190233330,0,38,0,0,1,1,4,0,1,1,0,1,0,0000000,17,16,17,30,18,24,0,0,0,1,0
40,400426,1,1,1,1,143,4780,2,9,2010,5,23,43,1,12,2,US-169,,55,36.21780556,-95.851586110,0,8,0,0,1,1,2,4,2,2,0,2,0,0000000,23,42,23,55,88,88,0,0,0,1,1
40,400427,2,2,0,4,143,4780,4,9,2010,7,23,10,0,16,6,N UTICA AVE,E PINE ST,0,36.17704444,-95.967213890,0,12,6,0,2,2,1,0,3,1,0,1,0,0000000,23,15,23,20,23,43,0,0,0,1,1
40,400428,1,1,0,1,123,0,3,9,2010,6,18,20,0,6,4,CO RD 1510,,0,34.82533611,-96.692080560,0,53,0,0,1,1,4,0,1,1,0,1,0,0000000,18,14,18,22,88,88,0,0,0,1,1
40,400429,1,1,1,1,31,0,3,9,2010,6,23,39,0,3,3,SR-36,,62,34.46281389,-98.571872220,0,8,0,0,1,1,1,0,2,1,0,1,0,0000000,99,99,99,99,88,88,0,0,0,1,0
40,400430,2,2,0,3,121,0,5,9,2010,1,19,36,1,2,2,US-69,,137,35.18503611,-95.641472220,0,12,2,0,1,1,1,0,2,1,0,1,0,0000000,19,40,19,59,20,42,0,0,0,1,0
40,400431,1,1,0,1,77,0,8,9,2010,4,12,26,0,3,3,SR-2,,78,35.00281944,-95.333575000,0,1,0,0,1,1,4,0,1,2,0,2,0,0000000,12,14,12,26,88,88,0,0,0,1,0
40,400432,1,1,0,1,99,0,12,9,2010,1,6,11,0,3,2,US-177,,108,34.48583333,-96.962747220,0,1,0,0,1,1,4,0,2,10,0,10,0,0000000,6,10,6,15,88,88,0,0,0,1,0
40,400433,1,1,1,1,109,3550,2,3,2010,3,6,24,0,13,6,NORTH PORTLAND AVE,,0,35.51266667,-97.583655560,0,8,0,0,1,1,1,0,6,1,0,1,0,0000000,6,26,6,28,6,53,0,0,0,1,0
40,400434,1,1,0,2,51,0,16,7,2010,6,11,30,1,2,2,US-81,,174,34.85543889,-97.952727780,0,38,0,0,1,1,4,0,1,10,0,10,0,0000000,11,42,12,12,12,43,0,0,0,1,0
40,400435,1,1,0,1,45,0,3,11,2010,4,5,50,0,2,3,SR-15,,67,36.30997222,-99.777794440,0,1,0,0,1,1,4,0,2,1,0,1,0,0000000,6,6,6,16,6,32,0,0,0,1,0
40,400436,1,1,0,1,143,4780,11,11,2010,5,18,29,0,16,6,SOUTHWEST BLVD,,0,36.10790556,-96.016088890,0,30,0,0,1,1,4,0,3,10,0,10,0,0000000,18,28,18,38,88,88,0,0,0,1,1
40,400437,2,2,0,5,15,0,4,11,2010,5,16,55,0,3,2,US-62,,74,34.94306111,-98.356755560,0,12,2,0,1,1,1,0,1,1,0,1,0,0000000,16,59,17,21,18,7,0,0,0,1,0
40,400438,3,3,0,4,143,0,9,11,2010,3,13,25,0,15,3,SR-15,51ST ST SOUTH,10,36.09018333,-96.119144440,0,12,6,0,2,2,1,0,1,10,0,10,0,0000000,13,7,13,12,13,53,14,0,0,1,0
40,400439,1,1,0,6,87,0,25,9,2010,7,1,33,0,4,2,US-77,,64,34.93552500,-97.333591670,0,1,0,0,1,1,4,0,2,10,0,10,0,0000000,0,50,1,18,1,51,0,0,0,5,1
40,400440,3,3,0,4,83,0,10,10,2010,1,0,30,0,4,3,SR-74,,27,35.90898611,-97.594941670,0,5,0,0,1,1,1,0,2,1,0,1,0,0000000,0,28,0,32,0,53,14,0,0,1,1
40,400441,1,1,0,1,39,0,7,11,2010,1,16,26,0,4,3,SR-73,,99,35.53160556,-99.221438890,0,26,0,0,1,1,4,0,1,10,0,10,0,0000000,99,99,99,99,88,88,0,0,0,1,1
40,400442,1,1,0,1,143,0,10,11,2010,4,16,12,0,16,4,73RD W AVE,50TH ST S,0,36.09148611,-96.074302780,0,58,0,0,3,3,4,0,1,1,0,1,0,0000000,16,9,16,21,88,88,0,0,0,1,1
40,400443,1,1,0,2,127,0,12,11,2010,6,15,15,1,2,8,INDIAN NATION TPK,,52,34.22044167,-95.636750000,0,38,0,0,1,1,4,0,1,2,0,2,0,0000000,15,14,15,31,15,56,0,0,0,1,0
40,400444,2,1,1,1,109,3550,13,11,2010,7,3,20,1,11,1,I-40,,11,35.46030278,-97.652358330,0,14,0,0,1,1,2,0,3,1,0,1,0,0000000,99,99,99,99,88,88,15,0,0,1,1
40,400445,1,1,1,1,109,3550,10,11,2010,4,20,40,0,16,6,KELLEY AVE,,0,35.49509444,-97.494455560,0,15,0,0,1,1,1,0,2,10,0,10,0,0000000,20,41,20,45,88,88,0,0,0,1,0
40,400446,1,1,0,1,135,0,10,7,2010,7,2,36,0,4,3,SR-101,,141,35.54484167,-94.562530560,0,1,0,0,1,1,1,0,2,10,0,10,0,0000000,2,38,2,59,3,50,0,0,0,1,1
40,400447,1,1,0,1,51,0,16,7,2010,6,22,30,0,6,4,COUNTY ROAD 1480,,0,34.86931667,-98.014144440,0,42,0,0,1,1,4,0,3,1,0,1,0,0000000,88,88,88,88,88,88,0,0,0,1,1
40,400448,1,1,0,1,81,0,26,7,2010,2,17,36,1,1,1,I-44,,269,35.75275556,-96.681616670,0,35,0,0,1,1,4,0,1,1,0,1,0,0000000,17,37,17,52,88,88,0,0,0,1,0
40,400449,1,1,0,1,119,0,18,7,2010,1,22,26,0,6,4,9TH STREET,,0,35.97189444,-96.728438890,0,31,0,0,1,1,4,0,2,1,0,1,0,0000000,22,24,22,30,23,42,0,0,0,1,0