STATE,ST_CASE,VE_TOTAL,VE_FORMS,PEDS,PERSONS,COUNTY,CITY,DAY,MONTH,YEAR,DAY_WEEK,HOUR,MINUTE,NHS,ROAD_FNC,ROUTE,TWAY_ID,TWAY_ID2,MILEPT,LATITUDE,LONGITUD,SP_JUR,HARM_EV,MAN_COLL,RELJCT1,RELJCT2,TYP_INT,REL_ROAD,WRK_ZONE,LGT_COND,WEATHER1,WEATHER2,WEATHER,SCH_BUS,RAIL,NOT_HOUR,NOT_MIN,ARR_HOUR,ARR_MIN,HOSP_HR,HOSP_MN,CF1,CF2,CF3,FATALS,DRUNK_DR
40,400450,1,1,1,1,31,2750,21,5,2010,6,7,53,0,16,6,SW 14TH,SW JEFFERSON,0,34.59238611,-98.409305560,0,9,0,0,3,2,1,0,1,1,0,1,0,0000000,7,56,7,59,8,13,0,0,0,1,0
40,400451,2,2,0,3,23,0,22,10,2010,6,1,30,1,2,2,US-70,,55,34.03265000,-95.843280560,0,12,2,0,1,1,1,0,2,10,0,10,0,0000000,1,38,2,10,3,28,0,0,0,1,1
40,400452,1,1,0,1,21,0,6,11,2010,7,15,7,0,4,3,SR-80,,156,35.91901389,-95.171480560,0,1,0,0,1,1,4,0,1,1,0,1,0,0000000,15,4,15,28,16,19,0,0,0,1,0
40,400453,1,1,0,1,143,4780,18,11,2010,5,4,45,0,16,6,E 71ST ST,,0,36.06089444,-95.874875000,0,42,0,0,1,1,3,0,2,10,0,10,0,0000000,4,39,4,44,5,24,0,0,0,1,1
40,400454,1,1,0,1,127,4359,19,7,2010,2,20,30,0,6,4,VELMA GAY ROAD,,0,34.35831667,-95.463552780,0,5,0,0,1,1,1,0,5,1,0,1,0,0000000,20,28,20,42,88,88,0,0,0,1,1
40,400455,2,2,0,2,115,0,19,8,2010,5,3,43,0,5,3,SR-10,SR-137,97,36.87120833,-94.787372220,0,12,6,0,2,2,1,0,2,5,0,5,0,0000000,3,42,3,53,88,88,0,0,0,1,0
40,400456,1,1,0,3,131,0,6,11,2010,7,13,21,0,16,4,CO RD NS411,,0,36.30596944,-95.686577780,0,42,0,0,1,1,4,0,1,1,0,1,0,0000000,13,34,14,12,14,44,0,0,0,1,0
40,400457,2,2,0,3,97,0,12,11,2010,6,11,17,1,2,2,US-69,CO RD WEST 420,75,36.40949167,-95.281711110,0,12,6,0,2,2,1,0,1,10,0,10,0,0000000,11,17,11,20,12,37,0,0,0,1,0
40,400458,1,1,0,1,41,0,14,11,2010,1,19,19,0,3,3,SR-20,,88,36.40667500,-94.862780560,0,42,0,0,1,1,4,0,3,10,0,10,0,0000000,19,11,19,16,88,88,0,0,0,1,1
40,400459,1,1,0,6,97,0,16,11,2010,3,18,29,0,4,3,SR-82,,56,36.16935278,-95.158041670,0,1,0,0,1,1,1,0,2,1,0,1,0,0000000,18,26,18,41,19,42,0,0,0,1,0
40,400460,1,1,0,1,119,0,23,11,2010,3,18,13,0,16,6,COUNTRY CLUB RD,,0,36.11681667,-97.122927780,0,59,0,0,1,1,4,0,2,10,0,10,0,0000000,18,34,18,36,88,88,0,0,0,1,0
40,400461,1,1,0,1,97,0,24,11,2010,4,17,46,0,4,4,COLE STRANG RD,,0,36.32195833,-95.202425000,0,1,0,0,1,1,4,0,2,10,0,10,0,0000000,17,40,17,51,18,29,0,0,0,1,1
40,400463,1,1,0,1,67,4680,21,8,2010,7,7,10,0,6,6,APACHE AVE,,0,33.89675278,-97.932675000,0,1,0,0,1,1,4,0,1,10,0,10,0,0000000,7,5,7,28,88,88,0,0,0,1,1
40,400464,1,1,0,1,13,0,22,11,2010,2,21,0,0,4,3,SR-70E,,116,33.88266111,-96.215230560,0,1,0,0,1,1,1,0,2,1,0,1,0,0000000,21,51,22,5,88,88,19,0,0,1,1
40,400465,1,1,0,2,137,1070,14,1,2010,5,12,18,0,6,6,JACKSON PARK RD,,0,34.36181667,-97.964652780,0,42,0,0,1,1,5,0,1,1,0,1,0,0000000,12,35,13,16,14,9,0,0,0,1,0
40,400466,1,1,0,1,17,1540,13,6,2010,1,17,38,0,16,6,MILES,,0,35.53915278,-97.959347220,0,1,0,0,1,1,1,0,1,10,0,10,0,0000000,17,40,17,44,18,25,0,0,0,1,1
40,400467,1,1,1,1,109,3550,8,10,2010,6,10,22,0,16,6,NE 23RD ST,,0,35.49312500,-97.475325000,0,8,0,0,1,1,1,0,1,1,0,1,0,0000000,10,23,10,27,10,37,0,0,0,1,0
40,400468,1,1,0,1,75,0,27,8,2010,6,23,45,0,4,4,COUNTY ROAD 1600,,0,34.65241667,-98.938088890,0,32,0,0,1,1,4,0,2,1,0,1,0,0000000,2,6,2,20,88,88,0,0,0,1,0
40,400469,2,2,1,1,143,4780,27,6,2010,1,23,9,1,12,2,US-75,,69,36.16538056,-95.980436110,0,8,0,0,1,1,1,0,2,10,0,10,0,0000000,23,6,23,12,88,88,23,0,0,1,0
40,400470,1,1,0,1,103,0,31,8,2010,3,17,11,1,1,1,I-35,,258,36.53045278,-97.342294440,0,52,0,0,1,1,4,0,1,99,0,99,0,0000000,17,8,17,19,88,88,0,0,0,1,0
40,400471,1,1,0,1,125,0,26,8,2010,5,23,41,0,6,4,COUNTY ROAD 349,,0,35.31416667,-96.789516670,0,42,0,0,1,1,4,0,2,1,0,1,0,0000000,23,15,23,22,88,88,0,0,0,1,1
40,400472,2,2,0,2,7,0,10,11,2010,4,10,45,0,4,4,CO RD EW 18,CO RD NS 124,0,36.74677222,-100.792825000,0,12,6,0,2,2,1,0,1,1,0,1,0,0000000,10,59,11,30,12,13,0,0,0,1,0
40,400473,2,2,0,3,109,3550,27,11,2010,7,23,53,1,12,8,KILPATRICK TURNPIKE,,49,35.60126667,-97.514858330,0,12,1,0,1,1,1,0,3,1,0,1,0,0000000,23,55,0,6,0,34,0,0,0,1,1
40,400474,2,2,0,3,7,0,5,11,2010,6,2,30,0,3,2,US-83,,175,36.74235278,-100.832969440,0,12,6,0,1,1,1,0,2,1,0,1,0,0000000,99,99,99,99,99,99,0,0,0,1,1
40,400475,1,1,0,1,107,0,30,11,2010,3,13,40,0,4,3,SR-84,,54,35.33701667,-96.077663890,0,32,0,0,1,1,4,0,1,1,0,1,0,0000000,13,37,13,44,88,88,0,0,0,1,0
40,400476,1,1,0,1,123,0,12,8,2010,5,16,5,0,3,4,CR-1570,,0,34.73864722,-96.832502780,0,38,0,0,1,1,4,0,1,1,0,1,0,0000000,15,49,16,3,88,88,0,0,0,1,1
40,400477,2,2,0,3,127,170,13,8,2010,6,21,35,0,2,3,SR-3,,32,34.21103333,-95.559288890,0,12,6,0,4,1,1,0,3,1,0,1,0,0000000,21,36,21,43,22,2,0,0,0,1,1
40,400478,3,3,0,4,3,0,18,11,2010,5,18,34,0,4,3,SR-11,,118,36.81131944,-98.149613890,0,11,0,0,1,1,1,0,2,1,0,1,0,0000000,18,40,18,54,20,4,0,0,0,1,0
40,400479,1,1,2,1,135,4160,6,6,2010,1,15,1,0,16,6,SHILOH RD,,0,35.46361944,-94.831838890,0,10,0,0,6,1,1,0,1,1,0,1,0,434146T,15,5,15,16,88,88,0,0,0,1,0
40,400480,1,1,0,1,87,0,23,8,2010,2,14,9,1,1,1,I-35,,55,34.92848056,-97.360772220,0,24,0,0,1,1,6,4,1,1,0,1,0,0000000,14,11,14,20,88,88,0,0,0,1,0
40,400481,1,1,1,1,119,0,15,8,2010,1,14,55,0,3,3,SR-51,,79,36.09980833,-97.215991670,0,9,0,0,1,1,2,4,1,10,0,10,0,0000000,14,56,15,10,16,12,0,0,0,1,0
40,400482,2,2,0,4,113,0,20,8,2010,6,13,45,0,4,3,SR-123,CR-2001,147,36.70777500,-96.007091670,0,12,2,0,2,3,1,0,1,1,0,1,0,0000000,13,44,13,51,14,37,0,0,0,1,0
40,400483,1,1,1,1,137,0,23,8,2010,2,21,20,0,4,4,GATLIN ROAD,,0,34.57986111,-97.986152780,0,49,0,0,1,1,1,0,2,10,0,10,0,0000000,99,99,99,99,88,88,0,0,0,1,0
40,400484,2,2,0,2,109,2080,11,7,2010,1,12,14,0,6,6,NE 23RD STREET,,0,35.49312222,-97.192041670,0,12,6,0,1,1,1,0,1,1,0,1,0,0000000,11,20,11,36,12,0,0,0,0,1,0
40,400485,2,2,0,2,31,0,2,12,2010,5,19,25,1,11,1,I-44,,104,34.64497500,-98.386655560,0,18,0,0,1,1,3,2,2,1,0,1,0,0000000,19,25,99,99,88,88,20,0,0,1,1
40,400486,1,1,0,2,123,0,19,11,2010,6,22,8,0,3,3,SR-3W,,148,34.81927500,-96.766805560,0,34,0,0,1,1,5,0,2,1,0,1,0,0000000,22,11,22,43,23,36,0,0,0,1,0
40,400487,1,1,0,1,37,0,28,11,2010,1,1,53,0,4,3,SR-66,,1,35.76920278,-96.617927780,0,1,0,0,1,1,1,0,2,1,0,1,0,0000000,1,53,2,0,3,21,0,0,0,1,1
40,400488,1,1,1,3,139,2320,23,7,2010,6,15,30,0,6,6,S ALBRIGHT,,0,36.86090278,-101.210577780,0,8,0,0,1,1,1,0,1,1,0,1,0,0000000,15,36,15,37,16,0,0,0,0,1,0
40,400489,1,1,0,1,49,0,10,11,2010,4,23,43,0,5,4,CO RD E1610,CO RD N3240,0,34.68089722,-97.230236110,0,31,0,0,3,3,4,0,2,10,0,10,0,0000000,23,38,23,45,88,88,0,0,0,1,0
40,400490,2,2,1,2,91,0,23,11,2010,3,19,50,1,2,2,US-69,,92,35.34791944,-95.579930560,0,12,11,0,1,1,1,4,2,10,0,10,0,0000000,19,48,19,57,20,9,15,23,0,1,0
40,400491,2,2,0,3,109,3550,15,11,2010,2,17,20,0,13,3,SR-152,SW 59TH ST,14,35.40621667,-97.662283330,0,12,6,0,2,2,1,0,5,10,0,10,0,0000000,17,21,17,31,18,9,0,0,0,1,0
40,400492,1,1,0,1,107,0,6,12,2010,2,17,35,1,1,1,I-40,,193,35.43022222,-96.110188890,0,1,0,0,1,1,4,0,2,1,0,1,0,0000000,17,35,17,47,18,4,0,0,0,1,0
40,400493,2,2,0,6,139,0,12,11,2010,6,16,45,1,2,2,US-54,,83,36.94064167,-101.088930560,0,12,2,0,1,1,1,0,1,1,0,1,0,0000000,16,52,17,12,17,34,0,0,0,3,0
40,400494,1,1,1,1,51,960,19,11,2010,6,19,42,1,13,2,US-81,,34,35.04236944,-97.936827780,0,8,0,0,1,1,1,0,3,1,0,1,0,0000000,19,46,19,46,20,6,0,0,0,1,0
40,400495,1,1,0,1,143,4780,6,12,2010,2,20,28,1,13,2,US-169,,81,36.12562778,-95.859588890,0,30,0,0,1,1,4,0,3,1,0,1,0,0000000,20,28,20,33,88,88,0,0,0,1,0
40,400496,2,2,0,2,143,4780,1,12,2010,4,21,57,0,16,6,S YALE AVE,,0,36.03796111,-95.922372220,0,24,0,0,1,1,4,0,3,1,0,1,0,0000000,21,58,22,5,22,29,0,0,0,1,2
40,400497,1,1,0,4,103,0,5,12,2010,1,13,7,1,1,1,I-35,,109,36.31743611,-97.328233330,0,1,0,0,1,1,3,0,1,10,0,10,0,0000000,13,22,13,28,14,16,0,0,0,1,0
40,400498,1,1,0,1,119,0,8,12,2010,4,5,13,0,3,3,SR-18,SR-33,30,35.98597500,-96.873813890,0,59,0,0,3,3,4,0,3,10,0,10,0,0000000,5,15,5,22,88,88,0,0,0,1,0
40,400499,2,2,0,5,143,4780,7,11,2010,1,15,58,1,11,1,I-44,,132,36.15606389,-95.836316670,0,12,1,0,1,1,1,0,1,1,0,1,0,0000000,15,56,16,15,16,52,0,0,0,1,0
40,400500,1,1,0,1,9,0,10,12,2010,6,0,20,0,4,3,SR-152,,50,35.42223611,-99.890086110,0,32,0,0,1,1,4,0,2,1,0,1,0,0000000,99,99,99,99,88,88,0,0,0,1,1
40,400501,1,1,0,1,147,0,4,12,2010,7,9,28,1,2,2,US-75,,153,36.64376667,-95.935313890,0,59,0,0,1,1,4,0,1,1,0,1,0,0000000,9,20,9,30,88,88,0,0,0,1,0
40,400502,2,2,0,3,51,960,19,8,2010,5,18,54,0,16,6,IOWA AVE,9TH ST,0,35.04760000,-97.944091670,0,12,6,0,2,2,1,0,1,1,0,1,0,0000000,18,55,19,0,19,22,0,0,0,1,0
40,400503,2,2,0,3,115,0,7,11,2010,1,3,2,1,1,1,I-44,,118,36.82025556,-94.871186110,0,12,6,0,1,1,1,0,2,1,0,1,0,0000000,3,0,3,11,88,88,23,19,0,1,1
40,400504,1,1,0,1,89,0,1,12,2010,4,19,30,1,2,2,US-259,,4,33.71898056,-94.694516670,0,35,0,0,1,1,4,0,2,1,0,1,0,0000000,7,33,7,48,88,88,0,0,0,1,1
40,400505,1,1,0,1,119,0,27,6,2010,1,2,10,1,1,1,I-35,,108,36.14087500,-97.335069440,0,58,0,0,1,1,3,0,2,1,0,1,0,0000000,2,11,2,42,3,45,0,0,0,1,0
40,400506,1,1,1,4,109,3550,7,8,2010,7,22,30,0,16,6,EASTERN AVENUE,SE 29TH STREET,0,35.43532778,-97.476933330,0,8,0,0,3,2,1,0,3,1,0,1,0,0000000,99,99,99,99,88,88,0,0,0,1,1
40,400507,3,3,0,3,143,4780,18,1,2010,2,18,30,0,16,6,N HARTFORD AVENUE,EAST 56TH STREET,0,36.23481944,-95.984561110,0,12,6,0,2,3,1,0,3,10,0,10,0,0000000,18,35,18,39,19,29,0,0,0,1,1
40,400508,2,2,0,3,119,4460,15,9,2010,4,10,6,0,16,6,LAKEVIEW AVE,MARINE RD,0,36.14497500,-97.042777780,0,12,6,0,2,3,1,0,1,1,0,1,0,0000000,10,7,10,14,11,5,0,0,0,1,0
40,400509,1,1,0,1,27,3430,19,9,2010,1,23,39,0,16,6,60TH AVE NW,,0,35.23384167,-97.529830560,0,1,0,0,1,1,5,0,3,1,0,1,0,0000000,23,41,23,50,88,88,0,0,0,1,1
40,400510,2,2,0,3,119,4460,3,10,2010,1,2,7,0,13,2,US-177,SR-51,90,36.11601389,-97.051386110,0,12,6,0,2,2,1,0,3,1,0,1,0,0000000,2,7,2,12,3,15,20,0,0,1,1
40,400511,1,1,1,2,109,3550,8,10,2010,6,7,9,0,16,6,N MARTIN LUTHER KING,,0,35.49215833,-97.476861110,0,15,0,0,1,1,1,0,4,1,0,1,0,0000000,7,5,99,99,7,51,0,0,0,1,0
40,400512,1,1,1,1,109,3550,9,10,2010,7,23,19,0,16,6,MAY AVE,,0,35.48525278,-97.565669440,0,8,0,0,1,1,1,0,3,1,0,1,0,0000000,23,21,99,99,99,99,0,0,0,1,0
40,400513,2,2,1,3,109,3550,14,10,2010,5,20,11,0,16,6,SW 59TH ST,,0,35.40608611,-97.541363890,0,8,0,0,1,1,1,0,2,1,0,1,0,0000000,20,13,20,18,20,37,0,0,0,1,0
40,400514,1,1,0,1,143,4780,29,7,2010,5,0,1,0,16,6,6000S MEMORIAL DRIVE,,0,36.07694722,-95.886580560,0,35,0,0,1,1,6,0,2,1,0,1,0,0000000,0,14,0,19,88,88,0,0,0,1,1
40,400515,1,1,0,1,143,4780,24,8,2010,3,12,5,0,15,3,SR-266,,7,36.22048889,-95.840300000,0,35,0,0,1,1,6,0,1,10,0,10,0,0000000,12,5,12,13,88,88,0,0,0,1,0
40,400516,1,1,0,5,109,3550,17,8,2010,3,5,24,0,16,6,2000 BLK SO WESTWOOD,,0,35.44636389,-97.543719440,0,33,0,0,1,1,4,0,2,10,0,10,0,0000000,99,99,99,99,99,99,0,0,0,1,1
40,400517,2,2,0,3,109,3550,16,10,2010,7,23,0,0,16,6,NE 10TH ST,,0,35.47847778,-97.442830560,0,12,2,0,1,1,1,0,2,1,0,1,0,0000000,23,18,23,22,23,44,0,0,0,1,1
40,400518,1,1,0,1,109,3550,24,10,2010,1,1,58,1,11,1,I-44 EXIT RAMP,,74,35.52936944,-97.515983330,0,1,0,1,5,1,4,0,2,1,0,1,0,0000000,99,99,99,99,88,88,0,0,0,1,1
40,400519,2,2,0,2,131,0,5,11,2010,6,22,17,0,4,3,SR-66,,69,36.39402222,-95.549333330,0,12,2,0,1,1,1,0,2,10,0,10,0,0000000,22,28,22,45,23,16,0,0,0,1,1
40,400520,1,1,0,1,111,0,8,12,2010,4,0,35,0,6,4,CHESTNUT RD,,0,35.50741944,-96.050522220,0,1,0,0,1,1,4,0,2,10,0,10,0,0000000,0,23,0,34,0,57,0,0,0,1,1
40,400521,1,1,0,1,127,0,9,12,2010,5,6,10,0,6,4,RUFE RD,,0,34.21486944,-95.151355560,0,42,0,0,1,1,4,0,4,1,0,1,0,0000000,99,99,99,99,88,88,0,0,0,1,0
40,400522,1,1,2,4,143,0,14,12,2010,3,20,11,1,2,2,US-412,,36,36.15318056,-96.192086110,0,8,0,0,1,1,1,0,2,1,0,1,0,0000000,20,7,20,21,20,54,23,0,0,1,0
40,400523,1,1,0,1,89,0,15,12,2010,4,0,39,1,2,2,US-70,,139,34.04100278,-94.638475000,0,1,0,0,1,1,4,0,2,1,0,1,0,0000000,0,49,1,5,88,88,0,0,0,1,1
40,400524,1,1,0,2,129,0,17,12,2010,6,7,37,0,4,3,SR-47,,57,35.81301944,-99.898647220,0,1,0,0,1,1,4,0,4,4,0,4,0,0000000,7,31,7,43,9,3,0,0,0,1,0
40,400525,2,2,0,4,125,4300,13,9,2010,2,19,19,0,16,6,ROOSEVELT,10TH ST,0,35.33009167,-96.898644440,0,12,6,0,2,2,1,0,5,10,0,10,0,0000000,19,19,19,25,19,53,0,0,0,1,0
40,400526,1,1,0,2,141,0,27,11,2010,7,16,24,0,6,4,CO RD N/S 224,,0,34.37901389,-98.975772220,0,1,0,0,1,1,4,0,1,1,0,1,0,0000000,16,30,16,51,17,57,0,0,0,1,1
40,400527,1,1,0,3,63,0,2,12,2010,5,19,25,0,4,3,SR-9,,16,35.22855556,-96.214411110,0,1,0,0,1,1,4,0,2,1,0,1,0,0000000,19,22,19,28,20,35,0,0,0,1,1
40,400528,1,1,0,1,21,0,18,12,2010,7,23,16,0,4,3,SR-80,,5,35.81992222,-95.253352780,0,24,0,0,1,1,4,0,2,10,0,10,0,0000000,23,13,23,20,88,88,0,0,0,1,1
40,400529,3,3,0,5,143,4780,25,7,2010,1,1,47,0,16,6,WEST 61ST STREET,,0,36.07351667,-96.013891670,0,12,7,0,1,1,1,0,6,1,0,1,0,0000000,1,47,1,51,2,50,0,0,0,2,1
40,400530,2,2,0,6,143,4780,8,8,2010,1,2,17,0,16,6,E 41ST STREET,,0,36.10449444,-95.839325000,0,12,2,0,1,1,1,0,3,1,0,1,0,0000000,2,17,2,20,2,46,0,0,0,1,1
40,400531,1,1,0,1,143,4780,12,7,2010,2,21,9,1,13,2,US-169,,89,36.13724444,-95.859861110,0,20,0,0,1,1,3,0,3,10,0,10,0,0000000,21,8,21,16,88,88,0,0,0,1,1
40,400532,1,1,0,1,109,3550,8,8,2010,1,5,30,0,16,6,6400 BLK E. BRITTON,,0,35.56569444,-97.414977780,0,42,0,0,1,1,6,0,2,1,0,1,0,0000000,88,88,88,88,88,88,0,0,0,1,1
40,400533,2,2,0,3,145,1150,13,8,2010,6,15,55,0,4,3,SR-51,131ST ST SOUTH,82,35.97355000,-95.661427780,0,12,6,0,2,2,1,0,1,10,0,10,0,0000000,16,1,16,12,88,88,0,0,0,1,0
40,400534,2,2,0,2,115,3160,4,12,2010,7,13,40,0,13,2,US-69,2ND AVE NW,0,36.87780000,-94.877561110,0,12,6,0,2,2,1,0,1,1,0,1,0,0000000,13,48,14,8,14,39,0,0,0,1,0
40,400535,1,1,0,1,79,0,23,12,2010,5,6,35,0,4,3,SR-112,,43,35.12597778,-94.567313890,0,35,0,0,1,1,4,0,2,1,0,1,0,0000000,6,42,6,47,88,88,0,0,0,1,0
40,400536,1,1,0,1,109,1480,27,10,2010,4,22,6,0,16,6,N SANTA FE AVE,,0,35.67286389,-97.514080560,0,30,0,0,1,1,4,0,1,1,0,1,0,0000000,22,8,22,10,99,99,0,0,0,1,0
40,400537,3,3,0,3,101,0,15,12,2010,4,6,5,0,4,3,SR-10,,186,35.76790000,-95.207580560,0,12,7,0,1,1,1,0,2,1,0,1,0,0000000,6,10,6,22,7,19,0,0,0,1,0
40,400538,1,1,0,1,129,0,19,12,2010,1,14,8,0,3,2,US-283,,62,35.69702500,-99.694658330,0,32,0,0,1,1,4,0,1,1,0,1,0,0000000,14,12,14,20,88,88,0,0,0,1,1
40,400539,1,1,1,1,39,1030,30,11,2010,3,18,20,1,13,2,US-183,,12,35.48264722,-98.973400000,0,8,0,0,1,1,1,0,2,1,0,1,0,0000000,18,18,18,23,88,88,0,0,0,1,0
40,400540,1,1,0,1,31,3123,30,3,2010,3,6,33,0,6,6,E LAKE SOUTH,,0,34.73707222,-98.502077780,0,17,0,0,1,1,4,0,3,10,0,10,0,0000000,6,37,6,51,7,18,0,0,0,1,0
40,400541,1,1,1,1,119,4460,22,8,2010,1,20,14,0,16,6,2520 E 7TH,,0,36.11512222,-97.028425000,0,8,0,0,1,1,1,0,1,10,0,10,0,0000000,20,14,20,20,20,40,0,0,0,1,0
40,400542,1,1,1,3,135,0,22,7,2010,5,18,15,1,1,1,I-40,,57,35.42756944,-94.714733330,0,8,0,0,1,1,1,2,1,1,0,1,0,0000000,18,25,18,42,19,20,0,0,0,1,0
40,400543,1,1,0,2,91,0,23,12,2010,5,4,24,1,1,1,I-40,,118,35.45416389,-95.672083330,0,1,0,0,1,1,1,0,2,10,0,10,0,0000000,4,25,4,37,5,12,0,0,0,1,0
40,400544,2,2,0,2,109,3550,30,11,2010,3,11,15,0,16,6,MERIDIAN AVE,MCAULEY BLVD,0,35.60507500,-97.602961110,0,12,6,0,2,3,1,0,1,1,0,1,0,0000000,11,16,11,19,11,43,0,0,0,1,0
40,400546,1,1,0,1,141,0,24,12,2010,6,13,19,0,6,4,NS 232,,0,34.50889167,-98.843325000,0,38,0,0,1,1,4,0,1,10,0,10,0,0000000,13,11,13,43,14,35,0,0,0,1,0
40,400547,2,2,0,4,49,0,18,8,2010,4,15,13,0,4,3,SR-145,COUNTY ROAD 3200,5,34.82629444,-97.300400000,0,12,6,0,2,2,1,0,1,1,0,1,1,0000000,99,99,99,99,99,99,0,0,0,1,0
40,400548,1,1,0,4,109,3550,25,11,2010,5,2,6,1,11,1,I-40,,59,35.46146667,-97.490800000,0,1,0,0,1,1,4,0,3,10,0,10,0,0000000,2,7,2,12,2,53,0,0,0,2,1
40,400549,4,3,2,4,109,3550,7,12,2010,3,19,13,1,11,1,I-35,,78,35.47213889,-97.466322220,0,12,7,0,1,1,1,0,3,2,0,2,0,0000000,19,14,19,28,20,28,23,19,14,1,0
40,400550,2,2,0,5,87,0,8,12,2010,4,7,48,0,4,3,SR-76,,31,35.08464444,-97.653069440,0,12,2,0,1,1,1,0,4,5,0,5,0,0000000,7,53,8,1,9,18,0,0,0,2,0
40,400551,1,1,1,1,17,3550,29,12,2010,4,18,59,1,11,1,I-40 OFF-RAMP,,345,35.46573056,-97.720675000,0,8,0,1,5,1,1,0,2,10,0,10,0,0000000,99,99,99,99,88,88,0,0,0,1,0
40,400552,2,2,0,2,143,4780,15,7,2010,5,0,3,1,12,2,US-64,,43,36.11806944,-95.919377780,0,12,2,0,1,1,1,0,2,1,0,1,0,0000000,0,4,0,7,0,26,0,0,0,1,1
40,400553,2,2,0,2,27,3550,19,2,2010,6,15,15,0,16,6,10500 S MAY AVE,,0,35.36215833,-97.565450000,0,12,6,0,8,1,1,0,1,10,0,10,0,0000000,15,14,15,18,99,99,0,0,0,1,0
40,400554,2,2,0,2,109,3550,29,7,2010,5,5,31,0,16,6,SW 29TH ST,S INDIANA,0,35.43524444,-97.541288890,0,12,6,0,2,2,1,0,3,1,0,1,0,0000000,5,32,5,35,88,88,0,0,0,1,1
40,400555,1,1,1,1,143,4780,20,8,2010,6,0,24,1,11,1,I-44,,38,36.08972500,-95.973130560,0,8,0,0,1,1,1,0,2,1,0,1,0,0000000,0,20,0,26,88,88,0,0,0,1,0
40,400556,2,2,0,3,87,0,9,12,2010,5,6,38,0,4,3,SR-74,,9,34.86888611,-97.406375000,0,12,2,0,1,1,1,0,1,10,0,10,0,0000000,6,38,6,49,7,23,0,0,0,2,0
40,400557,1,1,0,4,79,0,17,12,2010,6,12,15,0,6,6,OGDEN MILL RD,,0,35.04236667,-94.734419440,0,38,0,0,1,1,4,0,1,1,0,1,0,0000000,12,33,12,54,14,13,0,0,0,1,0
40,400558,1,1,0,1,95,0,25,12,2010,7,17,56,0,6,4,EAST LITTLE RD,,0,33.90242222,-96.748958330,0,42,0,0,1,1,4,0,2,1,0,1,0,0000000,18,24,18,49,19,43,0,0,0,1,0
40,400559,1,1,0,1,143,0,2,9,2010,5,6,41,1,12,8,CREEK TURNPIKE,,80,36.01664444,-95.961308330,0,38,0,0,1,1,4,0,2,10,0,10,0,0000000,6,35,6,43,88,88,0,0,0,1,1
40,400560,1,1,0,1,97,0,26,11,2010,6,16,25,0,6,4,INDIAN SPRINGS RD,,0,36.36447222,-95.095297220,0,42,0,0,1,1,4,0,1,1,0,1,0,0000000,16,21,16,34,17,10,0,0,0,1,0
40,400561,2,2,0,5,125,0,7,12,2010,3,18,2,0,3,2,US-177,SR-59,74,35.07299444,-96.931172220,0,12,6,0,2,2,1,0,2,2,0,2,0,0000000,18,1,18,22,18,56,0,0,0,3,0
40,400562,1,1,0,2,143,4780,25,12,2010,7,18,8,1,13,2,US-75,,68,36.04369444,-96.007288890,0,35,0,0,1,1,4,0,2,10,0,10,0,0000000,18,10,18,25,18,42,0,0,0,1,1
40,400563,1,1,0,1,127,0,29,12,2010,4,0,30,0,2,3,SR-3,,168,34.20046111,-95.325900000,0,42,0,0,1,1,4,0,2,2,0,2,0,0000000,0,45,1,4,88,88,0,0,0,1,1
40,400564,1,1,0,1,13,0,31,12,2010,6,23,5,0,6,4,CO RD LIBERTY RD,,0,33.73664444,-96.356725000,0,42,0,0,1,1,4,0,2,10,0,10,0,0000000,23,25,23,40,88,88,0,0,0,1,1
40,400565,1,1,0,1,111,0,10,9,2010,6,18,52,0,4,4,S 200 RD,,0,35.40868056,-96.016733330,0,42,0,0,1,1,4,0,1,1,0,1,0,0000000,19,1,19,26,20,34,0,0,0,1,1
40,400566,1,1,0,2,109,1300,31,7,2010,7,20,7,1,11,1,I-40,,10,35.46006667,-97.457991670,0,33,0,1,5,1,4,0,1,1,0,1,0,0000000,20,18,20,23,20,45,0,0,0,1,0
40,400567,3,3,0,6,115,0,20,8,2010,6,18,55,0,4,3,SR-10,,88,36.87129722,-94.771536110,0,12,6,0,1,1,1,0,1,1,0,1,0,0000000,19,0,19,4,19,23,0,0,0,1,1
40,400568,2,2,0,3,97,0,9,8,2010,2,11,10,0,4,3,SR-82,,36,36.14143611,-95.154436110,0,12,2,0,1,1,1,0,1,1,0,1,0,0000000,11,6,11,32,12,23,0,0,0,1,0
40,400569,2,2,0,3,81,0,3,8,2010,3,13,24,0,4,3,SR-18,SR-105,115,35.86952222,-96.876636110,0,12,6,0,2,2,1,0,1,1,0,1,0,0000000,13,26,13,37,15,3,0,0,0,2,0
40,400570,1,1,0,1,113,0,30,12,2010,5,13,55,0,4,4,CO RD 6350,,0,36.58653333,-96.710311110,0,1,0,0,1,1,4,0,1,1,0,1,0,0000000,13,47,13,51,88,88,0,0,0,1,1
40,400571,2,2,0,2,19,210,14,9,2010,3,7,24,0,16,6,MT WASHINGTON RD,,0,34.21978611,-97.125577780,0,12,6,0,1,1,1,0,1,1,0,1,0,0000000,7,26,7,33,8,14,0,0,0,1,0
40,400572,2,2,0,6,25,0,4,7,2010,1,11,23,1,2,2,US-287,,148,36.94068333,-102.522011110,0,12,2,0,1,1,1,0,1,10,0,10,0,0000000,11,35,12,1,12,28,0,0,0,3,0