STATE,ST_CASE,VE_TOTAL,VE_FORMS,PEDS,PERSONS,COUNTY,CITY,DAY,MONTH,YEAR,DAY_WEEK,HOUR,MINUTE,NHS,ROAD_FNC,ROUTE,TWAY_ID,TWAY_ID2,MILEPT,LATITUDE,LONGITUD,SP_JUR,HARM_EV,MAN_COLL,RELJCT1,RELJCT2,TYP_INT,REL_ROAD,WRK_ZONE,LGT_COND,WEATHER1,WEATHER2,WEATHER,SCH_BUS,RAIL,NOT_HOUR,NOT_MIN,ARR_HOUR,ARR_MIN,HOSP_HR,HOSP_MN,CF1,CF2,CF3,FATALS,DRUNK_DR
40,400573,1,1,1,2,139,2010,27,9,2010,2,19,5,0,16,6,TIGER BLVD,,0,36.69312222,-101.486388890,0,8,0,0,1,1,1,0,1,1,0,1,0,0000000,19,5,19,10,19,35,0,0,0,1,0
40,400574,2,2,0,2,125,2950,1,10,2010,6,23,29,0,4,2,US-270,,40,35.42726667,-97.074588890,0,12,2,0,1,1,1,0,2,1,0,1,0,0000000,23,30,23,41,99,99,0,0,0,1,1
40,400575,2,2,0,7,109,1300,13,10,2010,4,18,22,0,16,6,SE 15TH ST,S BRYANT AVE,0,35.44977778,-97.459213890,0,12,6,0,2,2,1,8,1,1,0,1,0,0000000,99,99,99,99,99,99,0,0,0,1,0
40,400576,2,2,0,2,109,1300,24,10,2010,1,10,48,0,16,6,SE 29TH ST,,0,35.43523611,-97.429905560,0,12,6,0,8,1,1,0,1,1,0,1,0,0000000,99,99,99,99,99,99,0,0,0,1,0
40,400577,2,2,0,3,15,0,18,12,2010,7,19,40,0,3,2,US-62,,8,34.86677778,-98.387161110,0,12,2,0,1,1,1,0,2,1,0,1,0,0000000,19,49,19,57,20,41,0,0,0,2,1
40,400578,2,2,0,3,27,3550,21,12,2010,3,7,45,0,16,6,12500 BLK S PEEBLY,,0,35.34278611,-97.212825000,0,12,6,0,4,1,1,0,1,1,0,1,0,0000000,8,9,8,10,8,37,0,0,0,1,0
40,400579,2,2,0,2,109,3550,26,12,2010,1,2,14,0,12,3,SR-152,,40,35.42311667,-97.627752780,0,12,2,0,1,1,1,0,2,1,0,1,0,0000000,88,88,88,88,88,88,0,0,0,2,1
40,400580,3,3,0,6,109,3550,26,2,2010,6,19,21,1,11,7,I-240 FRONTAGE RD,S WESTERN,25,35.39131667,-97.530447220,0,12,1,1,3,2,1,0,3,10,0,10,0,0000000,19,24,19,26,19,47,14,0,0,1,1
40,400581,2,2,0,2,37,1410,25,3,2010,5,19,21,0,6,6,BROADWAY,,0,35.98848056,-96.601816670,0,12,1,0,1,1,1,0,1,1,0,1,0,0000000,19,23,19,24,99,99,0,0,0,1,1
40,400582,1,1,1,1,89,2370,7,5,2010,6,16,12,0,16,6,N TEXAS,NW 9TH ST,0,33.90280278,-94.834361110,0,15,0,0,3,2,1,0,1,1,0,1,0,0000000,16,12,16,15,17,1,0,0,0,1,0
40,400583,2,2,0,2,101,4980,13,5,2010,5,12,30,0,3,3,SR-2,,174,35.49563056,-95.310202780,0,12,6,0,8,1,1,0,1,2,0,2,0,0000000,12,13,12,22,13,39,0,0,0,1,0
40,400584,2,2,0,2,49,0,27,5,2010,5,5,0,0,3,3,SR-29,,46,34.62311944,-97.484041670,0,12,2,0,1,1,1,0,2,1,0,1,0,0000000,4,47,5,9,88,88,0,0,0,1,1
40,400585,1,1,1,1,143,4780,20,6,2010,1,5,47,0,16,6,E 41ST ST,S 123RD EAST AVE,0,36.10449722,-95.839622220,0,8,0,0,3,3,4,0,2,1,0,1,0,0000000,5,44,5,49,88,88,0,0,0,1,0
40,400586,2,2,0,5,51,960,23,6,2010,4,15,15,0,16,6,S 9TH ST,W GRAND AVE,0,35.02959722,-97.943763890,0,12,6,0,2,2,1,0,1,1,0,1,0,0000000,15,17,15,21,15,41,0,0,0,1,0
40,400587,1,1,2,2,17,3550,30,6,2010,4,18,10,1,11,1,I-40,,290,35.50097500,-97.805505560,0,8,0,0,1,1,4,4,1,10,0,10,0,0000000,18,14,18,19,19,19,0,0,0,2,0
40,400588,3,3,0,7,81,0,11,7,2010,1,12,54,0,3,2,US-177,CO RD 1010,60,35.55081667,-96.999586110,0,12,6,0,2,2,1,0,1,1,0,1,0,0000000,12,40,13,9,13,27,14,0,0,1,0
40,400589,2,2,0,4,147,0,20,7,2010,3,18,7,0,14,3,SR-123,,27,36.76589167,-95.961430560,0,12,6,0,1,1,1,0,1,1,0,1,0,0000000,18,4,18,9,18,30,0,0,0,1,1
40,400590,1,1,1,1,97,0,20,7,2010,3,19,10,0,4,4,CO RD WEST 600,,0,36.14788611,-95.323830560,0,8,0,0,1,1,1,0,1,10,0,10,0,0000000,18,54,19,20,19,45,0,0,0,1,0
40,400591,2,2,0,5,81,0,21,7,2010,4,3,13,0,3,2,US-177,CO RD 1060,10,35.47800833,-97.000530560,0,12,6,0,2,2,1,0,2,1,0,1,0,0000000,3,46,4,21,4,51,0,0,0,1,1
40,400592,1,1,1,1,71,0,22,7,2010,5,22,1,0,4,4,OAKLAND RD,,0,36.66609722,-97.274019440,0,8,0,0,1,1,1,0,3,1,0,1,0,0000000,22,8,22,12,88,88,0,0,0,1,1
40,400593,1,1,0,1,89,0,24,7,2010,7,17,0,0,3,3,SR-3,,100,33.86338889,-94.652547220,0,1,0,0,1,1,4,0,1,1,0,1,0,0000000,17,8,17,18,88,88,0,0,0,1,0
40,400594,1,1,0,6,41,0,24,7,2010,7,17,35,1,2,8,CHEROKEE TURNPIKE,,144,36.20554444,-94.761830560,0,59,0,0,1,1,4,0,1,10,0,10,0,0000000,17,38,18,13,18,49,0,0,0,2,0
40,400595,2,2,0,5,139,0,25,7,2010,1,14,0,1,2,2,US-64,,65,36.76222500,-101.914058330,0,12,6,0,8,1,1,0,1,1,0,1,0,0000000,14,43,15,11,15,51,0,0,0,1,0
40,400596,2,2,0,4,121,2630,6,10,2010,4,23,30,0,4,3,SR-63,DEWEY,2,34.71971944,-95.895966670,0,12,6,0,2,2,1,0,3,1,0,1,0,0000000,0,22,1,23,2,28,0,0,0,1,1
40,400597,1,1,1,1,109,3550,31,12,2010,6,18,11,0,16,6,5000 N MAY AVE,,0,35.52123333,-97.565705560,0,8,0,0,1,1,1,8,3,1,0,1,0,0000000,18,12,18,14,18,33,0,0,0,1,0
40,400598,2,2,0,3,23,0,20,12,2010,2,20,30,1,2,2,US-70,US-271,184,34.04027500,-95.625758330,0,12,6,0,2,3,1,0,2,1,0,1,0,0000000,20,45,21,10,21,28,0,0,0,1,0
40,400599,2,2,0,2,109,1480,1,11,2010,2,15,49,0,16,6,33RD ST,,0,35.62359722,-97.494983330,0,12,6,0,8,1,1,0,1,1,0,1,0,0000000,14,56,15,2,15,36,0,0,0,1,0
40,400600,1,1,0,1,55,0,27,12,2010,2,17,23,0,6,4,CR N1960,,0,34.79084167,-99.475686110,0,34,0,0,1,1,4,0,2,1,0,1,0,0000000,17,3,17,38,18,59,0,0,0,1,0
40,400601,2,2,0,2,27,3430,6,10,2010,4,5,44,1,13,2,US-77,TECUMSEH RD,0,35.26180833,-97.423700000,0,12,1,0,3,2,1,0,3,1,0,1,0,0000000,5,46,5,56,6,25,0,0,0,1,1
40,400602,1,1,0,2,109,1480,5,11,2010,6,6,42,1,11,1,I-35 EXIT RAMP,,79,35.65084444,-97.424383330,0,33,0,1,5,1,4,0,1,1,0,1,0,0000000,6,43,6,51,99,99,0,0,0,1,0
40,400603,4,4,0,8,47,1550,13,11,2010,7,2,9,0,14,6,2900 W WILLOW,,0,36.41971944,-97.915455560,0,12,1,0,6,1,1,0,3,1,0,1,0,673845B,2,10,2,17,2,50,14,0,0,1,1
40,400605,1,1,0,1,19,0,17,12,2010,6,16,30,1,1,1,I-35,,20,34.09984722,-97.150725000,0,1,0,0,1,1,3,0,1,2,0,2,0,0000000,15,52,16,0,16,30,0,0,0,1,1
40,400606,1,1,0,1,143,4780,18,12,2010,7,17,46,0,16,6,E ADMIRAL PL,S 145TH EA,0,36.16065000,-95.814963890,0,34,0,0,3,2,4,0,3,10,0,10,0,0000000,17,45,17,49,18,16,0,0,0,1,1
40,400607,1,1,0,2,47,1550,25,12,2010,7,16,35,0,16,6,1200 W OXFORD,,0,36.42712500,-97.894188890,0,5,0,0,1,1,1,0,1,10,0,10,0,0000000,88,88,88,88,88,88,0,0,0,1,0
40,400608,2,2,0,5,39,5080,14,12,2010,3,18,30,0,14,3,SR-54,DAVIS ST,12,35.53798889,-98.720850000,0,12,2,0,2,2,1,0,3,10,0,10,0,0000000,18,30,18,41,18,48,0,0,0,1,0
40,400609,1,1,0,1,101,3310,14,11,2010,1,19,14,0,13,2,US-62,,124,35.75494444,-95.426913890,0,33,0,0,1,1,4,0,3,10,0,10,0,0000000,19,16,19,20,19,51,0,0,0,1,0
40,400610,1,1,1,1,109,4990,1,12,2010,4,20,36,1,13,3,SR-3,,37,35.54801944,-97.615808330,0,9,0,0,1,1,1,0,3,1,0,1,0,0000000,88,88,88,88,88,88,0,0,0,1,0
40,400611,2,2,0,6,109,2080,17,12,2010,6,16,30,0,16,6,SE 29TH ST,,0,35.43502500,-97.216172220,0,12,6,0,8,1,1,0,1,10,0,10,0,0000000,99,99,99,99,99,99,0,0,0,1,0
40,400612,1,1,1,2,31,2750,10,11,2010,4,18,48,0,16,6,NW CACHE RD,NW 16TH ST,0,34.62317222,-98.413027780,0,8,0,0,3,2,1,0,3,10,0,10,0,0000000,18,50,18,51,19,15,0,0,0,1,0
40,400613,1,1,0,2,125,4300,20,11,2010,7,23,51,0,14,6,N LEO ST,,0,35.36868056,-96.947494440,0,53,0,0,1,1,4,0,2,1,0,1,0,0000000,23,55,23,58,99,99,0,0,0,1,0
40,400614,2,2,0,4,101,3310,5,11,2010,6,20,47,1,13,2,US-62,N 17TH ST,9,35.76963889,-95.385644440,0,12,6,0,2,2,1,0,3,1,0,1,0,0000000,20,48,20,50,21,11,0,0,0,1,1
40,400615,2,2,0,2,137,1420,15,10,2010,6,8,45,1,13,3,SR-7 C BYPASS,ELK AVE,38,34.52163056,-97.996372220,0,12,6,0,3,2,1,0,1,1,0,1,0,0000000,9,40,10,13,11,14,0,0,0,1,0
40,400616,2,2,0,2,137,1420,28,10,2010,5,11,58,0,16,6,E PLATO RD,N N ST,0,34.53611111,-97.931791670,0,12,6,0,2,2,1,0,1,1,0,1,0,0000000,10,59,11,4,88,88,0,0,0,1,0
40,400617,2,2,0,3,111,2180,17,12,2010,6,11,29,0,13,2,US-75B,DEWEY BARTLETT,11,35.43976389,-96.002736110,0,12,6,0,2,2,1,0,1,10,0,10,0,0000000,10,4,10,17,88,88,0,0,0,2,0
40,400618,2,2,0,3,97,0,18,3,2010,5,13,37,0,3,3,SR-20,SR-82,146,36.40888056,-95.046400000,0,12,6,0,2,3,1,0,1,1,0,1,0,0000000,11,5,11,27,12,12,0,0,0,1,0
40,400619,1,1,0,1,109,2080,31,12,2010,6,19,0,0,13,2,US-62,,157,35.49309167,-97.187250000,0,30,0,0,1,1,4,0,2,1,0,1,0,0000000,19,5,19,16,19,54,0,0,0,1,0
40,400620,2,2,0,3,109,3550,21,12,2010,3,19,21,1,11,1,I-40,,187,35.38413611,-97.168641670,0,12,1,0,1,1,1,0,2,1,0,1,0,0000000,19,20,19,38,20,28,0,0,0,1,0
40,400621,1,1,0,1,83,2730,22,11,2010,2,20,45,0,6,6,IW YOUNG DR,,0,35.94326944,-97.263633330,4,30,0,0,1,1,4,0,3,1,0,1,0,0000000,20,51,21,1,88,88,0,0,0,1,0
40,400622,1,1,1,2,15,820,30,10,2010,7,22,30,0,3,3,SR-9,CADDO AVE,16,35.10179167,-98.598533330,0,8,0,0,3,2,1,0,3,1,0,1,0,0000000,99,99,99,99,99,99,0,0,0,1,0
40,400623,2,2,0,3,115,1080,7,4,2010,4,9,35,0,13,3,SR-69,SR-69A,99999,36.94358611,-94.841944440,0,12,6,0,2,3,1,0,1,1,0,1,0,0000000,99,99,99,99,99,99,0,0,0,1,0
41,410001,1,1,1,1,51,1650,13,1,2010,4,5,12,1,13,2,US-30 (ODOT 92),,94,45.61182222,-122.797469440,0,8,0,0,1,1,1,0,3,2,0,2,0,0000000,5,13,5,22,88,88,0,0,0,1,0
41,410002,1,1,0,1,39,0,14,1,2010,5,14,51,0,4,4,FERGUSON RD,,24,44.23616389,-123.285127780,0,42,0,0,1,1,4,0,1,10,0,10,0,0000000,14,53,15,3,88,88,0,0,0,1,0
41,410003,1,1,1,1,67,700,15,1,2010,6,18,8,1,13,3,SR-8 (ODOT 29),YEW ST,174,45.52071944,-123.073166670,0,8,0,0,3,2,1,0,2,2,0,2,0,0000000,18,8,18,11,99,99,0,0,0,1,0
41,410004,2,2,3,1,67,0,22,1,2010,6,7,0,0,14,3,SR-47 (ODOT 29),B ST,199,45.50244444,-123.115700000,0,8,0,0,2,3,1,0,2,2,0,2,0,0000000,7,0,7,26,8,4,19,0,0,1,0
41,410005,1,1,1,1,51,1650,23,1,2010,7,19,20,0,14,6,SE FOSTER RD,,0,45.47659444,-122.535177780,0,8,0,0,1,1,1,0,3,10,0,10,0,0000000,19,20,19,23,19,56,0,0,0,1,0
41,410006,2,2,0,2,65,0,25,1,2010,2,7,44,1,2,2,US-26 (ODOT 53),,655,45.19141389,-121.687605560,0,12,2,0,1,1,1,0,1,10,0,10,0,0000000,7,44,8,20,10,1,0,0,0,1,0
41,410007,1,1,1,1,51,880,26,1,2010,3,18,34,0,13,6,SW 182ND AVE,,0,45.49865278,-122.475577780,0,8,0,0,1,1,1,0,3,1,0,1,0,0000000,18,34,18,38,88,88,0,0,0,1,0
41,410008,1,1,0,1,39,0,9,1,2010,7,99,99,0,4,4,RIVER DR,,24,43.91426389,-122.995800000,0,3,0,0,1,1,5,0,2,99,0,99,0,0000000,14,3,14,40,88,88,18,0,0,1,1
41,410009,2,2,0,3,39,0,11,1,2010,2,16,45,0,4,4,HUSTON RD,E BOLTON RD,8,44.04086389,-123.330244440,0,12,6,0,2,3,1,0,5,5,10,5,0,0000000,16,45,16,50,17,29,0,0,0,1,0
41,410010,1,1,1,1,11,140,11,1,2010,2,6,22,0,3,3,SR-42S (ODOT 244),,1,43.11899444,-124.397727780,0,8,0,0,1,1,1,0,2,10,0,10,0,0000000,6,22,99,97,99,97,0,0,0,1,0
41,410011,2,2,0,2,45,0,27,1,2010,4,10,5,0,3,3,SR-201 (ODOT 455),,240,44.06175278,-116.980047220,0,12,2,0,1,1,1,0,1,1,0,1,0,0000000,10,14,10,18,10,38,0,0,0,1,0
41,410012,1,1,1,1,47,0,28,1,2010,5,18,35,0,4,4,WOODBURN MONITOR RD,,7,45.10904722,-122.773836110,0,9,0,0,1,1,1,0,2,1,0,1,0,0000000,18,36,19,2,88,88,0,0,0,1,0
41,410013,1,1,1,1,39,660,29,1,2010,6,18,28,1,13,3,SR-99 (ODOT 91),,1206,44.07057500,-123.143338890,0,8,0,0,1,1,1,0,3,1,0,1,0,0000000,18,28,18,34,18,55,0,0,0,1,0
41,410014,2,2,0,3,39,0,1,2,2010,2,10,5,0,4,4,ROYAL AVE,FIR BUTTE RD,50,44.07043889,-123.234658330,0,12,6,0,2,3,1,0,1,2,0,2,0,0000000,10,5,10,12,10,36,0,0,0,1,0
41,410015,1,1,2,1,43,2052,1,2,2010,2,10,0,0,3,3,SR-99E (ODOT 58),OLD HWY 34,76,44.55910278,-123.110052780,0,15,0,0,3,2,1,0,1,2,0,2,0,0000000,10,0,10,6,88,88,0,0,0,1,0
41,410016,1,1,0,1,39,0,4,2,2010,5,10,45,1,2,3,SR-126E (ODOT 15),,320,44.12587222,-122.469927780,0,35,0,0,1,1,4,0,1,1,0,1,0,0000000,10,47,10,56,88,88,0,0,0,1,0
41,410017,1,1,1,1,15,0,3,2,2010,4,20,41,1,2,2,US-101 (ODOT 9),,3587,42.04905833,-124.258233330,0,8,0,0,1,1,1,0,2,10,0,10,0,0000000,20,41,20,46,21,15,0,0,0,1,0
41,410018,1,1,1,1,43,0,5,2,2010,6,22,26,0,2,3,SR-34 (ODOT 210),,108,44.55566944,-123.049300000,0,8,0,0,1,1,1,0,2,10,0,10,0,0000000,22,26,22,33,88,88,0,0,0,1,0
41,410019,1,1,1,1,51,1650,24,2,2010,4,18,18,0,13,6,SE 39TH AVE,,0,45.49677778,-122.622655560,0,8,0,0,1,1,1,0,3,10,0,10,0,0000000,18,19,18,24,88,88,0,0,0,1,0
41,410020,2,2,1,6,39,0,10,2,2010,4,21,23,0,4,3,SR-99 (ODOT 226),,91,43.87294444,-123.029397220,0,12,6,0,1,1,1,0,2,10,0,10,0,0000000,21,25,21,33,99,99,0,0,0,1,0
41,410021,2,2,0,3,41,0,11,2,2010,5,16,58,1,2,2,US-20 (ODOT 33),,52,44.62899167,-123.956669440,0,12,2,0,1,1,1,0,5,2,0,2,0,0000000,16,59,17,6,17,32,0,0,0,2,0
41,410022,2,2,0,3,19,1780,14,2,2010,1,22,48,0,13,6,NE STEPHENS ST,,0,43.24310278,-123.352869440,0,12,6,0,1,1,1,0,3,10,0,10,0,0000000,22,48,22,52,23,8,20,0,0,1,0
41,410024,2,2,0,6,41,0,18,2,2010,5,9,29,1,2,2,US-101 (ODOT 9),,1311,44.78326389,-124.072497220,0,12,2,0,1,1,1,0,1,1,0,1,0,0000000,9,29,9,34,10,31,0,0,0,1,0
41,410025,1,1,0,1,69,0,22,2,2010,2,99,99,1,2,2,US-26 (ODOT 41),,654,44.57212500,-120.169575000,0,35,0,0,1,1,5,0,1,1,0,1,0,0000000,88,88,88,88,88,88,0,0,0,1,0
41,410026,1,1,0,1,33,0,13,2,2010,7,13,50,0,6,8,BLM 37-7-10,,0,42.35256111,-123.505572220,0,1,0,0,1,1,4,0,1,1,0,1,0,0000000,13,50,14,26,99,99,0,0,0,1,0
41,410027,2,2,0,3,47,0,22,2,2010,2,18,55,0,4,4,WOODBURN-HUBBARD RD,CROSBY RD NE,14,45.16347500,-122.830575000,0,12,6,0,2,3,1,0,2,1,0,1,0,0000000,18,55,18,57,19,49,0,0,0,1,0
41,410028,1,1,0,1,31,0,23,2,2010,3,99,99,0,6,4,PONY BUTTE RD,,23,44.78349722,-120.903633330,0,58,0,0,1,1,4,0,9,99,0,99,0,0000000,88,88,88,88,88,88,0,0,0,1,0
41,410029,2,1,0,2,51,880,28,2,2010,1,5,36,0,13,6,NW GLISAN ST,,0,45.53470278,-122.486602780,0,30,0,0,1,1,4,0,3,1,0,1,0,0000000,5,36,5,41,88,88,0,0,0,1,1
41,410030,2,2,0,9,39,0,16,1,2010,7,15,40,1,2,2,US-101 (ODOT 9),,1743,44.13863333,-124.118236110,0,12,2,0,1,1,1,0,1,2,0,2,0,0000000,15,40,15,53,16,51,0,0,0,1,0
41,410031,1,1,1,3,43,0,22,3,2010,2,20,55,1,1,1,I-5,,2358,44.66978611,-123.058394440,0,8,0,0,1,1,1,0,2,10,0,10,0,0000000,20,55,21,4,88,88,0,0,0,1,0
41,410032,1,1,0,1,39,0,4,3,2010,5,6,47,0,4,4,LONDON RD,,64,43.55170556,-123.093066670,0,42,0,0,1,1,4,0,2,99,0,99,0,0000000,6,47,7,5,88,88,0,0,0,1,1
41,410033,2,2,0,2,39,0,4,3,2010,5,5,25,1,2,3,SR-58 (ODOT 18),,265,43.81132500,-122.577600000,0,54,11,0,1,1,1,0,2,2,0,2,0,0000000,5,31,5,40,88,88,14,0,0,1,0
41,410034,1,1,0,1,3,0,6,3,2010,7,14,24,0,5,4,COON RD,KYLE RD,13,44.30969444,-123.323361110,0,34,0,0,3,3,4,0,1,1,0,1,0,0000000,14,25,14,32,88,88,0,0,0,1,0
41,410035,1,1,0,1,39,0,6,3,2010,7,13,0,0,5,4,SHOESTRING RD,,32,43.61417500,-123.132772220,0,34,0,0,1,1,4,0,1,1,0,1,0,0000000,13,13,13,34,88,88,22,0,0,1,0
41,410036,1,1,0,2,47,0,15,3,2010,2,15,43,0,4,4,MT ANGEL-GERVAIS RD,,19,45.08884722,-122.837277780,0,42,0,0,1,1,4,0,1,1,0,1,0,0000000,15,43,15,47,88,88,0,0,0,2,1
41,410037,5,5,1,5,47,0,18,3,2010,5,5,44,1,11,1,I-5,,2595,44.99598333,-122.981997220,0,8,0,0,1,1,1,0,3,1,0,1,0,0000000,5,44,5,57,88,88,0,0,0,1,0
41,410038,1,1,1,1,51,1650,18,3,2010,5,11,5,0,14,6,W BURNSIDE ST,,0,45.52325000,-122.694697220,0,15,0,0,4,1,1,0,1,1,0,1,0,0000000,11,5,11,9,11,36,0,0,0,1,0
41,410039,2,2,0,4,29,0,19,3,2010,6,4,49,1,1,1,I-5,,385,42.41870000,-123.014536110,0,12,1,0,1,1,1,0,3,1,0,1,0,0000000,4,49,5,0,5,36,0,0,0,1,0
41,410040,1,1,0,2,39,0,20,3,2010,7,20,0,1,2,3,SR-126 (ODOT 15),,331,44.12359167,-122.386097220,0,42,0,0,1,1,4,0,2,1,0,1,0,0000000,20,5,20,12,88,88,0,0,0,2,1
41,410041,1,1,0,1,51,880,20,3,2010,7,18,11,0,13,2,US-26 (ODOT 26),,161,45.47683333,-122.396961110,0,24,0,0,1,1,4,0,5,10,0,10,0,0000000,18,12,18,17,88,88,19,0,0,1,0
41,410042,3,3,0,6,53,0,22,3,2010,2,19,30,0,3,3,SR-221 (ODOT 150),,165,44.99969167,-123.077944440,0,12,2,0,1,1,1,0,5,10,0,10,0,0000000,19,32,19,47,20,10,0,0,0,1,1
41,410043,1,1,0,1,29,0,28,3,2010,1,1,35,0,3,3,SR-62 (ODOT 22),,407,42.72666944,-122.527180560,0,1,0,0,1,1,1,0,2,10,0,10,0,0000000,1,39,1,50,88,88,0,0,0,1,1
41,410044,1,1,0,1,9,0,27,3,2010,7,13,45,1,2,2,US-30 (ODOT 92),,377,45.99504167,-122.876966670,0,24,0,0,1,1,4,0,1,1,0,1,0,0000000,13,47,13,56,88,88,0,0,0,1,0
41,410045,1,1,0,2,65,0,27,3,2010,7,14,15,0,4,3,SR-293 (ODOT 293),,123,44.89982778,-120.743647220,0,38,0,0,1,1,5,0,1,1,0,1,0,0000000,14,25,14,57,16,1,0,0,0,1,0
41,410046,1,1,1,0,19,0,31,3,2010,4,99,99,0,6,4,TENMILE VALLEY RD,,24,43.11043056,-123.537652780,0,8,0,0,1,1,2,0,9,99,0,99,0,0000000,21,47,21,54,88,88,0,0,0,1,0
41,410047,2,2,0,3,51,1650,1,4,2010,5,11,39,0,15,6,NE 185TH DR,NE RIVERSIDE PKWY,0,45.55515000,-122.472925000,0,12,6,0,2,2,1,0,1,10,0,10,0,0000000,11,40,11,45,12,46,0,0,0,1,0
41,410048,1,1,0,2,5,0,2,4,2010,6,16,0,0,6,4,S ZIMMERMAN RD,,17,45.19703333,-122.734752780,0,1,0,0,1,1,5,0,1,10,0,10,0,0000000,16,6,16,14,99,99,0,0,0,1,0
41,410049,1,1,0,1,39,660,3,4,2010,7,1,5,0,14,6,DIVISION AVE,,0,44.09785278,-123.122755560,0,42,0,0,1,1,4,0,3,2,0,2,0,0000000,1,5,1,8,1,48,20,0,0,1,1
41,410050,1,1,0,1,47,0,3,4,2010,7,7,21,0,6,4,CONIFER ST,,9,44.94496111,-122.898383330,0,35,0,0,1,1,4,0,4,2,0,2,0,0000000,7,15,7,22,8,7,0,0,0,1,0
41,410051,1,1,1,2,47,0,3,4,2010,7,20,57,0,5,4,FRONT ST NE,,22,45.15744167,-122.838036110,0,8,0,0,1,1,1,0,2,10,0,10,0,0000000,20,58,21,8,88,88,0,0,0,1,0
41,410052,1,1,0,1,5,0,5,4,2010,2,19,19,0,16,4,SE WYNDHAM WAY,,2,45.45438611,-122.564675000,0,5,0,0,1,1,1,0,1,10,0,10,0,0000000,19,19,19,26,20,7,0,0,0,1,0
41,410053,1,1,0,1,33,0,6,4,2010,3,99,99,0,4,4,MERLIN GALICE RD,,74,42.52272778,-123.462458330,0,1,0,0,1,1,5,0,1,1,0,1,0,0000000,19,49,20,5,88,88,0,0,0,1,1
41,410054,1,1,1,1,9,0,7,4,2010,4,13,12,1,2,2,US-30 (ODOT 92),,603,46.10290833,-123.177333330,0,8,0,0,1,1,1,0,1,2,0,2,0,0000000,13,12,13,15,88,88,0,0,0,1,0
41,410055,1,1,1,1,51,1650,7,4,2010,4,21,16,0,13,3,SR-99E (ODOT 81),,21,45.49255833,-122.656552780,0,8,0,0,1,1,1,0,3,10,0,10,0,0000000,21,16,21,21,88,88,0,0,0,1,0
41,410056,2,2,0,3,29,1310,7,4,2010,4,16,24,0,14,6,E MCANDREWS RD,ROYAL AVE,0,42.34108333,-122.866002780,0,12,6,0,2,3,1,0,1,1,0,1,0,0000000,16,24,16,28,16,53,0,0,0,1,0
41,410057,1,1,0,2,51,1650,7,4,2010,4,23,49,1,11,1,I-5,,3029,45.54018333,-122.671108330,0,24,0,0,1,1,3,0,3,2,0,2,0,0000000,23,54,0,3,0,22,0,0,0,1,0
41,410058,1,1,0,1,35,0,11,4,2010,1,12,57,0,5,6,LOWER KLAMATH LAKE,,20,42.08741944,-121.782544440,0,17,0,0,1,1,4,0,1,1,0,1,0,0000000,13,2,13,14,88,88,0,0,0,1,1
41,410059,1,1,0,1,11,0,11,4,2010,1,99,99,0,4,4,LIBBY LN,,56,43.33952500,-124.317355560,0,42,0,0,1,1,4,0,2,1,0,1,0,0000000,4,20,4,30,88,88,0,0,0,1,1
41,410060,2,2,0,2,43,0,16,4,2010,6,14,12,1,1,1,I-5,,2093,44.28779444,-123.061147220,0,12,7,0,1,1,1,0,1,1,0,1,0,0000000,14,12,14,21,88,88,0,0,0,1,0
41,410061,1,1,0,4,37,0,17,4,2010,7,8,35,0,3,3,SR-31 (ODOT 19),,1180,42.50022778,-120.262413890,0,1,0,0,1,1,1,0,1,1,0,1,0,0000000,8,39,9,9,9,55,0,0,0,1,0
41,410062,1,1,1,1,39,1960,20,2,2010,7,2,52,0,15,6,GLENWOOD BLVD SW,,0,44.03872500,-123.042783330,0,8,0,0,1,1,2,0,2,1,0,1,0,0000000,2,52,2,53,88,88,0,0,0,1,1
41,410063,1,1,0,4,1,0,26,3,2010,6,13,20,0,3,3,SR-7 (ODOT 71),,360,44.68121944,-118.009605560,0,1,0,0,1,1,4,0,1,10,0,10,0,0000000,13,23,13,45,14,20,0,0,0,1,0
41,410064,2,2,0,3,43,0,16,4,2010,6,15,29,1,2,3,SR-34 (ODOT 210),COLUMBUS ST,92,44.55586389,-123.079613890,0,12,6,0,2,3,1,0,1,1,0,1,0,0000000,88,88,88,88,88,88,0,0,0,1,0
41,410065,1,1,0,1,15,0,22,4,2010,5,17,48,0,4,4,N BANK CHETCO RIVER,,25,42.06781944,-124.243225000,0,31,0,0,1,1,5,0,1,1,0,1,0,0000000,17,48,17,50,18,31,0,0,0,1,0
41,410066,1,1,0,2,35,0,23,4,2010,6,23,45,1,2,2,US-97 (ODOT 4),,2000,43.26205278,-121.781988890,0,1,0,0,1,1,4,0,2,1,0,1,0,0000000,23,46,0,10,0,45,0,0,0,1,1
41,410067,1,1,5,1,51,1650,24,4,2010,7,23,57,1,13,6,NW BROADWAY AVE,NW GLISAN ST,0,45.52663611,-122.677569440,0,8,0,0,3,2,1,0,3,1,0,1,0,0000000,23,57,0,0,0,25,0,0,0,2,0
41,410068,1,1,1,2,15,830,19,1,2010,3,19,5,1,2,2,US-101 (ODOT 9),,3301,42.38103889,-124.421627780,0,8,0,0,1,1,1,0,2,2,0,2,0,0000000,19,5,19,7,88,88,0,0,0,1,0
41,410069,1,1,0,2,33,0,20,2,2010,7,11,50,0,4,4,DEER CREEK RD,LAKESHORE DR,58,42.27215278,-123.513677780,0,42,0,0,3,3,5,0,1,1,0,1,0,0000000,11,51,12,0,88,88,0,0,0,2,0