STATE,ST_CASE,VE_TOTAL,VE_FORMS,PEDS,PERSONS,COUNTY,CITY,DAY,MONTH,YEAR,DAY_WEEK,HOUR,MINUTE,NHS,ROAD_FNC,ROUTE,TWAY_ID,TWAY_ID2,MILEPT,LATITUDE,LONGITUD,SP_JUR,HARM_EV,MAN_COLL,RELJCT1,RELJCT2,TYP_INT,REL_ROAD,WRK_ZONE,LGT_COND,WEATHER1,WEATHER2,WEATHER,SCH_BUS,RAIL,NOT_HOUR,NOT_MIN,ARR_HOUR,ARR_MIN,HOSP_HR,HOSP_MN,CF1,CF2,CF3,FATALS,DRUNK_DR
41,410070,1,1,1,1,49,0,18,4,2010,1,15,45,0,2,2,US-730 (ODOT 2),,1749,45.90530833,-119.218275000,0,8,0,0,1,1,1,0,1,1,0,1,0,0000000,15,49,15,55,16,16,0,0,0,1,0
41,410071,1,1,0,1,57,0,25,4,2010,1,11,45,0,4,4,BLAINE RD,,21,45.27795833,-123.806144440,0,38,0,0,1,1,5,0,1,1,0,1,0,0000000,11,45,11,49,88,88,0,0,0,1,0
41,410072,1,1,0,1,71,0,25,4,2010,1,4,9,0,6,4,ROCKYFORD RD,,54,45.33304722,-123.238058330,0,1,0,0,1,1,4,0,2,10,0,10,0,0000000,4,15,4,22,88,88,0,0,0,1,1
41,410073,1,1,0,2,11,0,26,4,2010,2,11,10,0,6,4,CROWN POINT RD,,3,43.33081389,-124.307100000,0,42,0,0,1,1,4,0,1,10,0,10,0,0000000,11,12,11,20,11,43,0,0,0,1,1
41,410074,1,1,0,1,29,0,27,4,2010,3,99,99,0,4,3,SR-227 (ODOT 230),,490,42.71807222,-122.841572220,0,21,0,0,1,1,4,0,2,2,0,2,0,0000000,3,30,3,46,88,88,0,0,0,1,0
41,410075,3,3,0,3,19,0,27,4,2010,3,10,50,1,13,3,SR-42 (ODOT 35),CARNES RD,757,43.14589444,-123.380772220,0,12,6,0,2,2,1,0,1,10,0,10,0,0000000,10,53,10,59,11,20,0,0,0,1,0
41,410076,2,2,0,2,53,0,27,4,2010,3,7,20,0,3,3,SR-99W (ODOT 91),,702,44.75278611,-123.223825000,0,12,2,0,1,1,1,0,1,10,0,10,0,0000000,7,22,7,32,8,6,0,0,0,1,0
41,410077,2,2,0,2,47,0,19,3,2010,6,7,47,0,3,3,SR-99E (ODOT 81),SCHMIDT LN NE,298,45.17471111,-122.810672220,0,12,6,0,2,3,1,1,1,1,0,1,0,0000000,7,48,8,4,8,30,0,0,0,1,0
41,410078,1,1,0,1,69,0,23,4,2010,6,16,30,0,4,3,SR-207 (ODOT 390),,205,44.59960278,-120.217858330,0,35,0,0,1,1,5,0,1,1,0,1,0,0000000,99,99,99,99,88,88,0,0,0,1,0
41,410079,1,1,0,2,27,0,29,4,2010,5,12,35,1,1,1,I-84,,543,45.69487500,-121.674247220,0,42,0,0,1,1,5,0,1,10,0,10,0,0000000,12,38,13,3,13,40,0,0,0,1,1
41,410080,1,1,1,1,51,1650,2,5,2010,1,21,1,0,14,6,SE FOSTER RD,,0,45.48908333,-122.595397220,0,8,0,0,1,1,1,0,3,10,0,10,0,0000000,21,1,21,4,21,33,0,0,0,1,0
41,410081,1,1,0,1,11,0,6,5,2010,5,19,51,0,3,3,SR-42 (ODOT 244),,152,43.13317778,-124.172094440,0,24,0,0,1,1,4,0,1,1,0,1,0,0000000,19,53,19,54,88,88,0,0,0,1,0
41,410082,1,1,1,0,33,0,6,5,2010,5,10,35,0,3,3,SR-238 (ODOT 272),,77,42.33627778,-123.304116670,0,8,0,0,1,1,4,0,1,1,0,1,0,0000000,88,88,88,88,88,88,0,0,0,1,0
41,410083,1,1,0,3,39,0,11,5,2010,3,15,30,0,6,8,BLM RD 16-7-12.1,,0,44.18797222,-123.481666670,0,34,0,0,1,1,4,0,1,1,0,1,0,0000000,16,13,16,35,17,31,0,0,0,1,0
41,410084,1,1,0,1,17,0,12,5,2010,4,16,24,1,2,2,US-20 (ODOT 7),,515,43.76076944,-120.436247220,0,1,0,0,1,1,4,0,1,10,0,10,0,0000000,16,24,17,13,88,88,0,0,0,1,0
41,410086,1,1,1,4,51,1650,13,5,2010,5,23,4,1,11,1,I-405,,22,45.52194167,-122.685752780,0,39,0,0,1,1,4,0,3,1,0,1,0,0000000,23,5,23,9,99,99,0,0,0,1,1
41,410087,2,2,0,2,41,0,14,5,2010,6,16,41,1,2,3,SR-18 (ODOT 39),,23,45.02009444,-123.944858330,0,12,2,0,1,1,1,0,1,1,0,1,0,0000000,16,41,16,57,17,18,0,0,0,1,0
41,410088,1,1,0,1,47,0,14,5,2010,6,19,40,0,4,4,BUTTEVILLE RD,,9,45.16460556,-122.884872220,0,30,0,0,1,1,4,0,1,1,0,1,0,0000000,19,40,20,1,20,28,0,0,0,1,1
41,410089,1,1,0,1,47,0,15,5,2010,7,11,35,0,6,8,USFS RD 46,,0,44.80075278,-121.895702780,0,42,0,0,1,1,4,0,1,1,0,1,0,0000000,11,35,12,0,88,88,0,0,0,1,0
41,410090,2,2,0,5,55,0,18,5,2010,3,0,39,1,2,2,US-97 (OODT 42),,375,45.23309444,-120.723275000,0,12,2,0,1,1,1,0,2,2,0,2,0,0000000,0,40,1,0,2,37,0,0,0,3,0
41,410091,2,2,0,3,5,0,20,5,2010,5,16,32,0,13,3,SR-213 (ODOT 160),SE MOLALLA AVE,36,45.32362222,-122.578855560,0,12,6,0,2,2,1,0,1,2,0,2,0,0000000,16,33,16,35,17,22,0,0,0,1,0
41,410092,1,1,0,1,37,0,29,5,2010,7,12,18,0,3,3,SR-31 (ODOT 19),,767,42.38471944,-120.306533330,0,1,0,0,1,1,1,0,1,1,0,1,0,0000000,12,19,12,40,88,88,0,0,0,1,0
41,410093,1,1,1,1,1,0,29,5,2010,7,22,43,1,1,1,I-84,,3070,44.72260278,-117.773252780,0,8,0,0,1,1,1,0,2,10,0,10,0,0000000,22,42,22,52,88,88,0,0,0,1,0
41,410094,1,1,0,2,5,0,30,5,2010,1,99,99,0,3,3,SR-211 (ODOT 161),,191,45.16768333,-122.481233330,0,38,0,0,1,1,5,0,9,10,0,10,0,0000000,9,51,9,58,10,49,0,0,0,1,1
41,410095,2,2,0,3,7,0,30,5,2010,1,18,9,1,2,2,US-30 (ODOT 92),,946,46.18883056,-123.755930560,0,12,2,0,1,1,1,0,1,2,0,2,0,0000000,18,9,18,17,19,36,0,0,0,1,1
41,410096,1,1,1,1,33,860,31,5,2010,2,21,40,1,13,2,US-199 (ODOT 25),,14,42.42125000,-123.352022220,0,8,0,0,1,1,1,0,2,10,0,10,0,0000000,21,40,21,45,88,88,0,0,0,1,0
41,410097,1,1,0,1,19,0,14,5,2010,6,99,99,0,4,4,LOWER SMITH RIVER RD,,92,43.75837778,-124.017141670,0,1,0,0,1,1,5,0,9,99,0,99,0,0000000,88,88,88,88,88,88,0,0,0,1,1
41,410098,3,3,0,6,67,1000,31,5,2010,2,16,52,0,14,6,NW 185TH AVE,NW CORNELL RD,0,45.53421389,-122.867505560,0,12,6,0,2,2,1,0,1,1,0,1,0,0000000,16,52,16,55,17,29,0,0,0,1,0
41,410100,1,1,0,1,63,0,4,5,2010,3,99,99,0,4,4,IMNAHA RIVER RD,,134,45.39080278,-116.793552780,0,1,0,0,1,1,5,0,9,99,0,99,0,0000000,88,88,88,88,88,88,22,0,0,1,0
41,410101,2,2,0,2,29,0,26,5,2010,4,21,27,0,13,3,SR-238 (ODOT 272),SAGE RD,381,42.34094444,-122.892330560,0,12,6,0,2,2,1,0,3,2,0,2,0,0000000,21,27,21,30,88,88,20,0,0,1,0
41,410102,1,1,0,1,19,1780,12,5,2010,4,0,30,0,14,6,GARDEN VALLEY BLVD,DOGWOOD ST,0,43.22828889,-123.365933330,0,33,0,0,2,3,4,0,3,10,0,10,0,0000000,0,30,99,99,88,88,0,0,0,1,0
41,410104,1,1,1,1,29,70,2,6,2010,4,2,16,1,11,1,I-5,,142,42.18519722,-122.666308330,0,8,0,0,1,1,1,0,2,2,0,2,0,0000000,2,17,2,33,88,88,0,0,0,1,0
41,410105,2,2,0,4,53,0,3,6,2010,5,19,30,0,3,3,SR-99W (ODOT 91),,668,44.80030556,-123.227955560,0,12,2,0,1,1,1,0,1,2,0,2,0,0000000,19,32,19,40,20,32,0,0,0,1,0
41,410106,1,1,0,1,47,0,5,6,2010,7,19,55,0,14,4,RIVER RD S,,58,44.89632778,-123.125113890,0,30,0,0,1,1,4,0,1,10,0,10,0,0000000,19,55,20,5,88,88,0,0,0,1,1
41,410107,2,2,0,2,53,0,6,6,2010,1,7,26,0,3,3,SR-223 (ODOT 189),,33,44.92883056,-123.246400000,0,12,2,0,1,1,1,0,1,2,0,2,0,0000000,7,28,7,34,8,14,0,0,0,1,1
41,410108,1,1,0,2,53,0,8,6,2010,3,16,10,0,3,3,SR-51 (ODOT 193),,44,44.87944722,-123.187425000,0,32,0,0,1,1,5,0,1,2,0,2,0,0000000,16,3,16,12,16,29,0,0,0,1,0
41,410109,1,1,0,1,25,0,10,6,2010,5,13,34,1,2,2,US-395 (ODOT 49),,45,43.48877222,-119.534452780,0,41,0,0,1,1,4,0,1,1,0,1,0,0000000,13,42,14,15,88,88,0,0,0,1,0
41,410110,1,1,0,1,37,0,11,6,2010,6,17,50,1,2,2,US-395 (ODOT 19),,1295,42.35785278,-120.297238890,0,59,0,0,1,1,4,0,1,1,0,1,0,0000000,17,54,18,12,88,88,0,0,0,1,0
41,410111,3,3,0,4,17,190,15,6,2010,3,15,2,1,13,2,US-20 (ODOT 7),NE 27TH ST,26,44.05489167,-121.263677780,0,12,6,0,2,2,1,0,1,1,0,1,0,0000000,15,3,15,8,15,21,0,0,0,1,0
41,410112,2,2,0,2,9,0,17,6,2010,5,12,2,1,2,2,US-30 (ODOT 92),,358,45.95088889,-122.863344440,0,12,2,0,1,1,1,0,1,10,0,10,0,0000000,12,3,12,11,13,10,0,0,0,1,0
41,410113,1,1,0,1,35,0,17,6,2010,5,21,30,1,2,3,SR-140E (ODOT 20),,290,42.32391389,-121.398572220,0,17,0,0,1,1,4,0,2,1,0,1,0,0000000,21,31,21,44,88,88,0,0,0,1,0
41,410114,2,2,0,4,47,1810,21,6,2010,2,16,26,1,13,3,SR-22 (ODOT 72),,80,44.92010833,-123.003769440,0,12,2,0,1,1,1,0,1,1,0,1,0,0000000,16,26,16,31,16,59,0,0,0,1,0
41,410115,1,1,1,1,39,660,26,6,2010,7,20,24,1,13,3,SR-569 (ODOT 69),,94,44.09716389,-123.110561110,0,8,0,0,1,1,1,0,5,1,0,1,0,0000000,20,24,20,29,88,88,0,0,0,1,0
41,410116,1,1,1,2,33,860,27,6,2010,1,15,43,0,13,3,SR-99 (ODOT 60),,13,42.42191111,-123.308927780,0,15,0,0,1,1,1,0,1,1,0,1,0,0000000,15,43,15,46,88,88,0,0,0,1,0
41,410117,1,1,0,3,5,0,25,2,2010,5,21,19,0,3,2,US-26 (ODOT 26),,440,45.33100278,-121.912433330,0,5,0,0,1,1,1,0,2,2,0,2,0,0000000,21,19,99,99,88,88,0,0,0,1,1
41,410118,1,1,0,2,67,180,30,6,2010,4,14,20,0,15,6,SW MURRAY BLVD,,0,45.50466944,-122.826172220,0,33,0,0,1,1,5,0,1,1,0,1,0,0000000,14,21,14,25,15,10,0,0,0,2,1
41,410119,1,1,0,2,47,0,9,5,2010,1,17,39,0,6,4,54TH AVE NE,,4,45.02363889,-122.950691670,0,5,0,0,1,1,4,0,1,1,0,1,0,0000000,17,39,17,47,18,26,0,0,0,1,0
41,410120,1,1,0,3,11,390,19,5,2010,4,21,59,0,14,6,N 10TH ST,,0,43.37288056,-124.222208330,0,42,0,0,1,1,4,0,3,10,1,10,0,0000000,21,59,22,5,22,25,0,0,0,2,1
41,410121,2,2,0,2,67,180,22,6,2010,3,15,35,0,14,6,NW CORNELL RD,US-26 RAMP,659,45.53112500,-122.837380560,0,12,6,0,2,2,1,0,1,1,0,1,0,0000000,15,35,15,40,88,88,0,0,0,1,0
41,410122,1,1,0,6,45,0,3,4,2010,7,17,30,1,2,2,US-95 (ODOT 456),,79,43.09953889,-117.060322220,0,1,0,0,1,1,4,0,1,10,0,10,0,0000000,18,5,18,21,99,99,0,0,0,1,1
41,410123,2,2,0,3,7,0,25,6,2010,6,12,23,1,2,2,US-101 (ODOT 9),PATRIOT WAY,99,46.12296389,-123.926533330,0,12,6,0,2,3,1,0,1,10,0,10,0,0000000,12,23,12,36,13,4,0,0,0,2,0
41,410124,2,2,0,3,53,0,27,6,2010,1,11,27,1,2,3,SR-18 (ODOT 39),,192,45.05862500,-123.650655560,0,12,6,0,1,1,1,0,1,1,0,1,0,0000000,11,28,11,41,88,88,0,0,0,1,0
41,410125,1,1,0,1,11,0,26,6,2010,7,16,5,1,2,3,SR-42 (ODOT 35),,258,43.03519167,-124.102811110,0,34,0,0,1,1,4,1,1,1,0,1,0,0000000,16,9,16,17,88,88,0,0,0,1,1
41,410126,2,2,0,2,33,860,30,6,2010,4,22,34,1,13,3,SR-99 (ODOT 25),NE E ST,10,42.44032222,-123.324841670,0,12,6,0,2,2,1,0,3,1,0,1,0,0000000,22,34,22,38,0,50,0,0,0,1,1
41,410127,1,1,0,2,59,0,21,6,2010,2,22,55,0,4,4,E BIRCH CREEK RD,,80,45.40171111,-118.749969440,0,58,0,0,1,1,4,0,2,1,0,1,0,0000000,23,3,23,21,0,18,0,0,0,1,1
41,410128,1,1,0,4,19,0,26,6,2010,7,16,10,0,4,4,S UMPQUA RD,,190,43.04953333,-122.700708330,0,42,0,0,1,1,4,0,1,1,0,1,0,0000000,16,20,17,13,99,99,0,0,0,1,0
41,410129,1,1,0,5,61,0,1,7,2010,5,10,45,1,1,1,I-84,,2470,45.38355556,-118.311891670,0,1,0,0,1,1,4,0,1,1,0,1,0,0000000,10,50,11,13,12,9,0,0,0,1,0
41,410130,1,1,0,2,37,0,1,7,2010,5,12,55,0,4,3,SR-140 (ODOT 431),,389,42.10661389,-119.752425000,0,1,0,0,1,1,4,0,1,1,0,1,0,0000000,12,56,13,46,14,50,0,0,0,1,0
41,410131,2,2,0,6,65,0,2,7,2010,6,12,36,1,2,2,US-97 (ODOT 4),US-197 (ODOT 42),672,44.91979167,-120.945472220,0,12,6,0,2,3,1,0,1,10,0,10,0,0000000,12,36,13,5,13,37,0,0,0,1,1
41,410132,2,2,0,2,17,0,3,7,2010,7,3,30,1,2,2,US-97 (ODOT 4),,1493,43.90970833,-121.353944440,0,12,2,0,1,1,1,1,2,1,0,1,0,0000000,3,30,3,37,4,26,0,0,0,1,1
41,410133,2,2,0,4,17,0,9,7,2010,6,8,22,0,14,4,HAMBY RD,NEFF RD,0,44.06581389,-121.243638890,0,12,6,0,2,2,1,0,1,1,0,1,0,0000000,8,25,8,30,8,47,0,0,0,2,0
41,410134,1,1,0,1,23,0,9,7,2010,6,21,25,0,4,4,COUNTY RD 60,,70,44.32101667,-118.674325000,0,35,0,0,1,1,4,0,2,1,0,1,0,0000000,21,29,21,58,22,50,0,0,0,1,0
41,410135,1,1,0,3,19,0,9,7,2010,6,12,49,0,6,4,DOLE RD,,35,43.05240278,-123.328963890,0,35,0,0,1,1,4,0,1,1,0,1,0,0000000,12,49,12,58,13,36,0,0,0,1,0
41,410136,1,1,0,2,43,0,10,7,2010,7,9,38,1,1,1,I-5,,2155,44.37418333,-123.061433330,0,1,0,0,1,1,3,1,1,1,0,1,0,0000000,9,37,9,50,10,20,0,0,0,1,0
41,410138,2,2,0,3,27,0,13,7,2010,3,19,18,1,2,3,SR-35 (ODOT 26),,888,45.54601944,-121.567936110,0,12,2,0,1,1,1,0,1,1,0,1,0,0000000,19,21,19,25,20,48,0,0,0,1,0
41,410139,3,3,0,3,55,0,10,7,2010,7,22,40,1,2,2,US-97 (ODOT 42),MONKLAND LN,169,45.49477500,-120.708683330,0,24,0,0,3,3,4,0,2,1,0,1,0,0000000,22,41,22,50,88,88,14,0,0,1,1
41,410140,1,1,0,9,29,0,17,7,2010,7,12,39,0,4,4,UPPER APLEGATE RD,,7,42.23026389,-123.045472220,0,1,0,0,1,1,4,0,1,1,0,1,0,0000000,12,39,13,8,14,1,0,0,0,2,0
41,410141,1,1,1,1,47,0,19,7,2010,2,0,27,0,3,4,EHLEN RD NE,,57,45.23129167,-122.797688890,0,9,0,0,1,1,1,0,2,1,0,1,0,0000000,0,30,0,38,88,88,0,0,0,1,0
41,410142,2,2,0,5,33,860,19,7,2010,2,19,36,1,13,3,SR-99 (ODOT 25),E PARK ST,1,42.42788056,-123.330247220,0,12,6,0,2,2,1,0,1,1,0,1,0,0000000,19,39,19,42,20,7,0,0,0,1,0
41,410143,1,1,0,3,19,0,14,7,2010,4,21,4,0,5,4,GLENBROOK LOOP RD,,68,42.93543889,-123.368497220,0,42,0,0,1,1,4,0,5,1,0,1,0,0000000,21,6,21,12,22,15,0,0,0,1,0
41,410144,2,2,0,4,71,1490,19,7,2010,2,15,0,1,13,3,SR-99 (ODOT 91),,240,45.30021944,-122.983238890,0,12,6,0,1,1,1,0,1,1,0,1,0,0000000,15,1,15,2,15,28,0,0,0,2,0
41,410145,1,1,0,3,19,0,19,7,2010,2,10,50,1,2,3,SR-42 (ODOT 35),,682,43.07591111,-123.586977780,0,34,0,0,1,1,4,0,1,1,0,1,0,0000000,10,52,10,57,11,45,0,0,0,1,0
41,410146,1,1,1,1,47,1810,19,7,2010,2,10,10,0,13,6,LANCASTER DR NE,,0,44.94972222,-122.983738890,0,9,0,0,4,1,2,0,1,1,0,1,0,0000000,10,10,10,13,10,37,0,0,0,1,0
41,410147,2,2,0,2,15,0,20,7,2010,3,13,47,1,2,2,US-101 (ODOT 9),,3393,42.29766944,-124.408316670,0,12,2,0,1,1,1,1,1,1,0,1,0,0000000,13,51,13,55,14,31,0,0,0,1,0
41,410148,1,1,1,1,47,1810,20,7,2010,3,12,11,0,13,6,STATE ST,WINTER ST SE,0,44.93831111,-123.032338890,0,15,0,0,3,3,1,0,1,1,0,1,0,0000000,12,13,12,16,12,32,0,0,0,1,0
41,410149,1,1,0,2,9,0,22,7,2010,5,13,9,0,4,3,SR-47 (ODOT 102),,593,45.88176944,-123.157305560,0,42,0,0,1,1,4,0,1,1,0,1,0,0000000,13,10,13,54,14,17,0,0,0,1,0
41,410150,2,2,0,3,9,0,22,7,2010,5,5,29,1,2,2,US-30 (ODOT 92),BENNETT RD,258,45.82325000,-122.846205560,0,12,6,0,2,2,1,0,4,10,0,10,0,0000000,5,29,5,31,6,8,0,0,0,1,0
41,410151,1,1,0,2,71,0,24,7,2010,7,13,25,0,3,3,SR-99W (ODOT 91),,415,45.15722778,-123.201305560,0,1,0,0,1,1,4,0,1,1,0,1,0,0000000,13,26,13,33,14,23,0,0,0,1,1
41,410152,1,1,1,1,67,1000,27,7,2010,3,19,33,1,13,3,SR-8 (ODOT 29),SE 11TH AVE,119,45.51179444,-122.973027780,0,8,0,0,3,3,1,0,1,1,0,1,0,0000000,19,33,19,34,20,18,0,0,0,1,0
41,410153,1,1,0,1,39,0,27,7,2010,3,22,47,0,6,4,KENADY LN,,17,43.77066667,-123.123552780,0,42,0,0,1,1,4,0,2,1,0,1,0,0000000,22,50,23,5,88,88,0,0,0,1,1
41,410154,2,2,0,3,51,1650,27,7,2010,3,22,23,0,14,6,SE DIVISION ST,SE 148TH AVE,0,45.50421667,-122.510636110,0,12,1,0,3,2,1,0,3,1,0,1,0,0000000,22,23,22,27,88,88,0,0,0,1,0
41,410155,1,1,0,2,19,0,28,7,2010,4,14,25,0,3,3,SR-138 (ODOT 138),,755,43.16813056,-122.128488890,0,42,0,0,1,1,4,0,1,1,0,1,0,0000000,14,26,14,27,99,99,0,0,0,1,0
41,410156,1,1,0,1,29,0,29,7,2010,5,15,15,0,4,4,OLD STAGE RD,,99,42.41132500,-123.036230560,0,1,0,0,1,1,4,0,1,1,0,1,0,0000000,15,17,15,35,16,1,0,0,0,1,0
41,410157,1,1,2,1,17,1720,29,7,2010,5,18,35,0,16,6,SW 31ST ST,SW TIMBER AVE,0,44.25291111,-121.204347220,0,15,0,0,2,2,1,0,1,1,0,1,0,0000000,18,36,18,46,19,5,16,0,0,1,0
41,410158,1,1,0,2,7,0,30,7,2010,6,15,40,1,2,2,US-26 (ODOT 47),,37,45.90205833,-123.860033330,0,41,0,0,1,1,4,0,1,10,0,10,0,0000000,16,48,17,43,18,38,0,0,0,1,0
41,410159,2,2,0,2,5,0,31,7,2010,7,19,52,0,3,3,SR-211 (ODOT 161),,74,45.14960833,-122.617600000,0,12,2,0,1,1,1,0,5,1,0,1,0,0000000,19,52,19,59,20,39,0,0,0,1,1
41,410160,1,1,0,1,59,1610,1,5,2010,7,3,5,0,16,6,NW FURNISH AVE,N MAIN ST,0,45.67666944,-118.789300000,0,42,0,0,3,2,4,0,3,2,0,2,0,0000000,3,21,3,29,3,45,0,0,0,1,1
41,410161,1,1,0,2,9,0,4,7,2010,1,21,18,0,3,4,SCAPPOOSE-VERNONIA H,,28,45.88622500,-123.130372220,0,42,0,0,1,1,4,0,5,1,0,1,0,0000000,21,18,21,25,22,31,20,0,0,2,0
41,410162,1,1,1,5,39,660,9,7,2010,6,19,24,1,11,1,I-105,,30,44.06274722,-123.065133330,0,8,0,0,1,1,1,0,1,1,0,1,0,0000000,19,24,19,30,99,99,0,0,0,1,0
41,410163,1,1,1,1,67,1000,18,7,2010,1,3,12,1,13,3,SR-8 (ODOT 29),,112,45.50498889,-122.956744440,0,8,0,0,1,1,1,0,2,1,0,1,0,0000000,3,12,3,16,88,88,0,0,0,1,0
41,410164,2,2,0,3,19,2257,19,7,2010,2,10,37,1,2,3,SR-42 (ODOT 35),BROCKWAY RD,717,43.11246111,-123.442183330,0,12,6,0,2,2,1,0,1,10,0,10,0,0000000,10,37,10,37,11,1,0,0,0,1,0
41,410165,1,1,0,7,33,0,31,7,2010,7,19,47,0,5,4,ROCKYDALE RD,,19,42.12898056,-123.633372220,0,53,0,0,1,1,4,0,1,1,0,1,0,0000000,19,47,19,50,21,0,0,0,0,1,1
41,410166,1,1,0,3,61,0,1,6,2010,3,18,55,1,11,1,I-84,,2598,45.34377500,-118.108219440,0,1,0,0,1,1,3,0,1,1,0,1,0,0000000,18,58,19,6,19,13,0,0,0,1,0
41,410167,3,3,0,4,39,0,26,3,2010,6,17,8,1,2,3,SR-58 (ODOT 18),,145,43.90870833,-122.754958330,0,25,0,0,1,1,4,0,1,1,0,1,0,0000000,17,8,17,16,17,55,0,0,0,1,0
41,410168,1,1,0,1,61,0,1,8,2010,1,99,99,0,4,3,SR-237 (ODOT 342),,35,45.33344722,-117.976802780,0,1,0,0,1,1,4,0,9,1,0,1,0,0000000,5,46,5,57,88,88,0,0,0,1,1
41,410169,1,1,0,9,29,0,2,8,2010,2,5,30,1,11,1,I-5,,356,42.40343333,-122.938041670,0,1,0,0,1,1,4,1,4,1,0,1,0,0000000,5,32,5,39,6,29,0,0,0,1,0
41,410170,1,1,0,2,55,0,1,8,2010,1,99,99,0,5,4,CRITES LN,,70,45.44532778,-120.699172220,0,1,0,0,1,1,4,0,2,1,0,1,0,0000000,6,32,7,8,8,37,0,0,0,1,1
41,410171,1,1,0,1,29,1310,3,8,2010,3,16,27,0,14,6,E BARNETT RD,,0,42.31632500,-122.842219440,0,42,0,0,1,1,5,0,1,1,0,1,0,0000000,16,27,16,28,16,44,0,0,0,1,0
41,410172,1,1,1,2,5,1360,5,8,2010,5,3,8,1,13,3,SR-99E (ODOT 81),,93,45.39754722,-122.617744440,0,8,0,0,1,1,1,0,3,1,0,1,0,0000000,3,10,3,15,3,52,0,0,0,1,0
41,410173,3,3,0,4,35,0,17,8,2010,3,17,45,1,2,2,US-97 (ODOT 4),,2844,42.10106111,-121.836555560,0,12,6,0,1,1,1,0,1,1,0,1,0,0000000,17,49,18,2,99,99,0,0,0,1,0
41,410174,2,2,0,2,29,1310,11,8,2010,4,5,56,0,14,6,STEWART AVE,DIXIE LN,0,42.31284722,-122.892413890,0,12,6,0,2,3,1,0,1,1,0,1,0,0000000,5,57,6,1,88,88,0,0,0,1,0
41,410176,1,1,0,2,25,0,11,8,2010,4,16,32,1,2,2,US-395 (ODOT 48),,560,43.75175000,-119.002244440,0,17,0,0,1,1,4,0,1,10,0,10,0,0000000,16,32,16,52,17,32,0,0,0,1,0
41,410177,2,2,0,2,5,0,13,8,2010,6,22,9,0,14,4,GLEN ECHO RD,RIVER RD,5,45.38383333,-122.609588890,0,12,6,0,2,2,1,0,3,1,0,1,0,0000000,22,9,22,12,22,50,0,0,0,1,0
41,410178,1,1,0,2,59,0,5,8,2010,5,6,10,1,1,1,I-84,,2060,45.67849444,-118.863702780,0,35,0,0,1,1,4,0,1,1,0,1,0,0000000,6,12,6,15,6,48,0,0,0,1,0
41,410179,1,1,1,1,11,0,14,8,2010,7,14,10,0,4,4,ROSS INLET RD,,20,43.34088611,-124.180344440,0,9,0,0,8,1,1,0,1,1,0,1,0,0000000,14,10,14,18,14,51,22,0,0,1,0
41,410180,1,1,1,1,11,0,14,8,2010,7,14,41,0,6,4,TRAVIS LN,,2,43.35076944,-124.310427780,0,8,0,0,1,1,1,0,1,1,0,1,0,0000000,14,44,14,49,15,3,0,0,0,1,0
41,410181,1,1,0,1,59,0,14,8,2010,7,22,5,1,1,1,I-84,,1960,45.73522500,-119.064522220,0,1,0,0,1,1,4,0,2,1,0,1,0,0000000,22,10,22,28,88,88,0,0,0,1,1
41,410182,1,1,0,1,5,0,14,8,2010,7,13,31,0,6,4,S GRIMM RD,,11,45.14906389,-122.503263890,0,42,0,0,1,1,4,0,1,1,0,1,0,0000000,13,33,14,0,14,25,0,0,0,1,0
41,410183,2,2,0,3,17,0,15,8,2010,1,14,20,0,5,4,USFS RD 40,,0,43.83125833,-121.715777780,0,12,2,0,1,1,1,0,1,1,0,1,0,0000000,14,20,14,40,15,24,0,0,0,1,0
41,410184,2,2,0,2,39,0,16,8,2010,2,13,47,0,4,4,PENGRA RD,,26,43.93768889,-122.820519440,0,12,2,0,1,1,1,0,1,1,0,1,0,0000000,13,47,13,59,99,99,0,0,0,1,0
41,410185,1,1,0,4,17,0,17,8,2010,3,7,22,1,2,2,US-20 (ODOT 16),,937,44.37080556,-121.624136110,0,42,0,0,1,1,4,0,1,1,0,1,0,0000000,7,25,7,34,8,25,0,0,0,2,1
41,410186,1,1,0,1,51,1650,18,8,2010,4,23,31,0,14,6,W BURNSIDE RD,,0,45.52273056,-122.712247220,0,5,0,0,1,1,4,0,3,10,0,10,0,0000000,23,31,23,37,88,88,0,0,0,1,1
41,410187,2,2,0,2,19,0,25,8,2010,4,8,29,1,13,3,SR-42 (ODOT 35),,767,43.15567778,-123.370588890,0,12,2,0,1,1,1,0,1,1,0,1,0,0000000,8,29,8,32,8,55,0,0,0,1,0
41,410188,2,2,0,2,3,0,25,8,2010,4,9,50,1,2,2,US-20 (ODOT 33),,376,44.59098611,-123.545325000,0,12,2,0,1,1,1,0,1,1,0,1,0,0000000,9,50,9,59,10,36,0,0,0,1,0
41,410189,2,1,0,2,51,0,25,8,2010,4,21,30,1,1,1,I-84 RAMP,,231,45.54226667,-122.275105560,0,14,0,0,5,1,4,0,3,1,0,1,0,0000000,21,32,21,45,88,88,0,0,0,1,0
41,410190,1,1,1,1,67,0,26,8,2010,5,17,22,0,15,4,NW 119TH AVE,,0,45.52962222,-122.799641670,0,8,0,0,1,1,1,0,1,1,0,1,0,0000000,17,24,17,28,18,3,0,0,0,1,0
41,410191,2,2,0,2,9,0,27,8,2010,6,17,54,1,2,2,US-30 (ODOT 92),,679,46.11362500,-123.317950000,0,12,2,0,1,1,1,0,1,1,0,1,0,0000000,17,55,18,6,18,57,0,0,0,2,0