STATE,ST_CASE,VE_TOTAL,VE_FORMS,PEDS,PERSONS,COUNTY,CITY,DAY,MONTH,YEAR,DAY_WEEK,HOUR,MINUTE,NHS,ROAD_FNC,ROUTE,TWAY_ID,TWAY_ID2,MILEPT,LATITUDE,LONGITUD,SP_JUR,HARM_EV,MAN_COLL,RELJCT1,RELJCT2,TYP_INT,REL_ROAD,WRK_ZONE,LGT_COND,WEATHER1,WEATHER2,WEATHER,SCH_BUS,RAIL,NOT_HOUR,NOT_MIN,ARR_HOUR,ARR_MIN,HOSP_HR,HOSP_MN,CF1,CF2,CF3,FATALS,DRUNK_DR
41,410192,2,2,0,2,51,1650,27,8,2010,6,19,0,0,13,6,MARTIN LUTHER KING B,,0,45.57410278,-122.661386110,0,12,1,0,1,1,1,0,5,1,0,1,0,0000000,19,0,19,5,19,25,0,0,0,1,0
41,410193,2,2,0,4,47,0,29,8,2010,1,15,35,1,2,3,SR-22 (ODOT 162),,400,44.73387778,-122.269991670,0,12,2,0,1,1,1,0,1,1,0,1,0,0000000,15,40,16,3,88,88,0,0,0,1,0
41,410194,1,1,0,1,35,0,29,8,2010,1,99,99,0,4,4,DEAD INDIAN RD,,62,42.29192222,-122.281483330,0,42,0,0,1,1,4,0,2,10,0,10,0,0000000,6,41,7,2,88,88,0,0,0,1,1
41,410195,2,2,0,5,35,0,2,9,2010,5,19,2,1,13,3,SR-140 (ODOT 424),,24,42.17536667,-121.758877780,0,12,2,0,1,1,1,0,1,1,0,1,0,0000000,19,3,19,6,19,26,0,0,0,2,1
41,410196,1,1,1,1,67,0,5,9,2010,1,0,50,1,13,3,SR-8 (ODOT 29),,144,45.52000833,-123.012972220,0,8,0,0,1,1,1,0,2,1,0,1,0,0000000,0,51,0,55,88,88,0,0,0,1,0
41,410198,1,1,0,1,37,0,8,9,2010,4,19,15,0,3,3,SR-31 (ODOT 19),,350,43.24605000,-121.152958330,0,1,0,0,1,1,1,0,5,1,0,1,0,0000000,19,20,19,40,88,88,0,0,0,1,0
41,410199,2,2,0,2,65,0,10,9,2010,6,19,6,0,3,2,US-197 (ODOT 4),,570,45.25495833,-121.185100000,0,12,6,0,1,1,1,0,1,1,0,1,0,0000000,19,6,19,27,88,88,0,0,0,1,0
41,410200,2,2,0,2,5,0,10,9,2010,6,7,51,0,3,4,S SPRINGWATER RD,S BAKERS FERR RD,15,45.38155556,-122.472719440,0,12,6,0,2,3,1,0,1,1,0,1,0,0000000,7,51,7,54,88,88,0,0,0,1,0
41,410201,2,2,0,2,57,0,11,9,2010,7,11,1,0,3,3,SR-6 (ODOT 37),,92,45.49265278,-123.681455560,0,12,2,0,1,1,1,0,1,1,0,1,0,0000000,11,4,11,16,11,38,0,0,0,1,0
41,410202,2,2,0,3,59,0,12,9,2010,1,11,40,1,1,1,I-84,,2010,45.69989722,-118.955991670,0,54,11,0,1,1,1,0,1,1,0,1,0,0000000,11,42,11,52,12,14,14,0,0,1,0
41,410203,1,1,1,2,5,2210,12,9,2010,1,12,57,1,13,3,SR-43 (ODOT 3),PIMLICO DR,97,45.37634444,-122.632569440,0,9,0,0,2,3,1,0,1,1,0,1,0,0000000,12,57,13,0,88,88,0,0,0,1,0
41,410204,2,2,0,2,19,0,13,9,2010,2,12,9,0,5,4,DOLE RD,,7,43.02871944,-123.297733330,0,12,2,0,1,1,1,0,1,1,0,1,0,0000000,12,9,12,21,88,88,0,0,0,1,0
41,410205,1,1,0,1,47,0,16,9,2010,5,99,99,0,4,4,WHEATLAND RD NE,,56,45.06906944,-123.018413890,0,42,0,0,1,1,6,0,9,2,0,2,0,0000000,8,45,8,49,88,88,0,0,0,1,1
41,410206,2,2,0,2,15,0,15,9,2010,4,17,35,1,2,2,US-101 (ODOT 9),,3420,42.23760000,-124.392236110,0,12,2,0,1,1,1,1,1,10,0,10,0,0000000,17,35,17,45,18,25,0,0,0,1,0
41,410207,2,2,0,3,7,0,17,9,2010,6,16,20,0,4,3,SR-202 (ODOT 102),,55,46.13799167,-123.807783330,0,12,2,0,1,1,1,0,1,10,0,10,0,0000000,16,23,16,28,18,19,0,0,0,1,0
41,410208,2,2,0,4,19,0,17,9,2010,6,12,53,1,13,3,SR-42 (ODOT 35),,764,43.15237500,-123.371852780,0,12,6,0,1,1,1,0,1,10,0,10,0,0000000,12,54,12,54,13,25,0,0,0,1,0
41,410209,1,1,0,3,39,0,18,9,2010,7,2,36,0,4,4,CANARY RD,,26,43.93963333,-124.058277780,0,35,0,0,1,1,4,0,2,2,5,2,0,0000000,2,36,2,50,99,99,0,0,0,2,1
41,410210,1,1,0,2,5,0,18,9,2010,7,3,30,0,16,4,S LOWE RD,,5,45.14603611,-122.595491670,0,1,0,0,1,1,4,0,2,1,0,1,0,0000000,3,52,3,56,4,36,0,0,0,1,1
41,410211,3,3,0,6,7,0,20,9,2010,2,14,47,1,2,2,US-30 (ODOT 92),,865,46.16821389,-123.580947220,0,12,6,0,1,1,1,0,1,10,0,10,0,0000000,14,47,14,55,16,52,0,0,0,1,0
41,410212,2,2,3,3,47,0,23,9,2010,5,14,24,0,13,4,LANCASTER DR NE,WINEMA PL NE,42,44.97339167,-122.983400000,0,43,0,0,3,3,4,0,1,10,0,10,0,0000000,14,24,14,27,14,50,0,0,0,2,0
41,410213,1,1,0,1,65,0,23,9,2010,5,2,26,1,2,2,US-26 (ODOT 53),,727,45.13764722,-121.619613890,0,11,0,0,1,1,1,0,2,1,0,1,0,0000000,4,15,5,45,88,88,0,0,0,1,0
41,410214,1,1,1,1,51,1650,23,9,2010,5,20,46,0,13,3,SR-99 (ODOT 91),SW CAPITOL HWY,62,45.48065000,-122.680275000,0,8,0,0,3,2,1,0,3,10,0,10,0,0000000,20,47,20,53,21,15,0,0,0,1,0
41,410215,2,2,0,2,19,0,24,9,2010,6,19,20,1,13,3,SR-42 (ODOT 35),GRANGE RD,748,43.14517222,-123.382222220,0,12,6,0,2,2,1,0,5,1,0,1,0,0000000,19,20,19,20,88,88,0,0,0,1,0
41,410216,1,1,0,2,59,0,25,9,2010,7,12,27,1,2,2,US-395 (ODOT 28),,470,45.17575000,-118.950522220,0,1,0,0,1,1,4,0,1,1,0,1,0,0000000,12,28,13,11,14,26,0,0,0,1,0
41,410217,2,2,0,2,47,1810,25,9,2010,7,12,35,1,11,1,I-5,,2550,44.94463056,-122.990158330,0,12,6,0,1,1,1,1,1,1,0,1,0,0000000,12,35,12,40,13,13,0,0,0,1,1
41,410218,1,1,0,2,71,0,26,9,2010,1,3,20,0,3,3,SR-99W (ODOT 91),,346,45.23426944,-123.152194440,0,30,0,0,1,1,4,0,2,10,0,10,0,0000000,3,23,3,28,3,58,0,0,0,1,1
41,410219,2,2,0,2,5,0,27,9,2010,2,17,15,0,13,3,SR-99E (ODOT 81),,115,45.36641111,-122.600886110,0,12,1,0,1,1,1,0,1,99,0,99,0,0000000,17,18,17,26,17,56,0,0,0,1,0
41,410220,3,2,0,3,25,0,28,9,2010,3,19,11,1,2,2,US-20 (ODOT 7),CRANE-BUCHANAN RD,1549,43.64242500,-118.628608330,0,12,6,0,2,3,1,0,5,1,0,1,0,0000000,19,12,19,39,99,99,0,0,0,1,0
41,410221,2,2,0,6,31,0,29,9,2010,4,22,14,1,2,2,US-26 (ODOT 53),,1059,44.75144444,-121.224347220,0,12,6,0,1,1,1,0,2,1,0,1,0,0000000,22,20,22,39,23,5,20,0,0,4,1
41,410222,1,1,0,1,31,0,29,9,2010,4,18,30,0,5,4,GLASS DR,,15,44.63863611,-121.142747220,0,1,0,0,1,1,4,0,1,1,0,1,0,0000000,18,34,18,42,88,88,0,0,0,1,0
41,410223,2,2,0,3,19,530,30,9,2010,5,15,7,0,3,6,EAGLE VALLEY RD,,15,43.64866111,-123.304194440,0,12,2,0,1,1,1,0,1,1,0,1,0,0000000,15,7,15,17,16,17,0,0,0,1,0
41,410224,1,1,0,1,59,0,30,9,2010,5,99,99,0,6,8,USFS RD 53,,0,44.99776389,-118.944477780,0,1,0,0,1,1,5,0,2,99,0,99,0,0000000,6,30,7,1,88,88,0,0,0,1,1
41,410225,1,1,0,1,37,0,2,10,2010,7,14,10,1,2,2,US-395 (ODOT 19),,1514,42.08023889,-120.317686110,0,31,0,0,1,1,4,0,1,1,0,1,0,0000000,14,21,99,99,88,88,0,0,0,1,1
41,410226,5,5,1,5,51,1650,5,10,2010,3,1,52,1,11,1,I-5,,3025,45.53303056,-122.665738890,0,8,0,1,18,1,1,0,3,10,0,10,0,0000000,1,53,1,57,88,88,0,0,0,1,0
41,410227,1,1,0,1,19,0,7,10,2010,5,1,30,0,4,4,GARDEN VALLEY RD,,40,43.25389167,-123.400075000,0,1,0,0,1,1,4,0,2,1,0,1,0,0000000,1,30,1,38,88,88,0,0,0,1,1
41,410228,1,1,0,1,35,0,7,10,2010,5,16,55,0,2,3,SR-50 (ODOT 50),,190,42.01692500,-121.505208330,0,1,0,0,1,1,4,0,1,1,0,1,0,0000000,16,55,17,2,88,88,0,0,0,1,1
41,410229,3,3,0,5,31,0,9,10,2010,7,16,17,1,2,2,US-97 (ODOT 4),,1110,44.41573333,-121.198972220,0,12,6,0,1,1,1,0,1,10,0,10,0,0000000,16,17,16,25,16,54,0,0,0,1,0
41,410230,1,1,0,1,5,0,9,10,2010,7,1,0,0,4,4,SE EAGLE CREEK RD,,15,45.30616944,-122.338916670,0,1,0,0,1,1,4,0,3,10,2,2,0,0000000,1,7,1,12,88,88,0,0,0,1,1
41,410231,1,1,0,1,11,0,11,10,2010,2,11,50,1,2,2,US-101 (ODOT 9),,2404,43.34471944,-124.197638890,0,1,0,0,1,1,4,0,1,1,0,1,0,0000000,11,49,11,54,88,88,0,0,0,1,0
41,410232,2,2,0,2,53,0,15,10,2010,6,18,12,0,3,3,SR-223 (ODOT 189),,16,44.92837500,-123.285105560,0,12,2,0,1,1,1,0,2,1,0,1,0,0000000,18,12,18,17,19,6,0,0,0,1,0
41,410233,1,1,0,1,29,0,18,10,2010,2,10,20,0,4,4,MILL CREEK DR,,35,42.71902778,-122.549608330,0,42,0,0,1,1,4,0,1,1,0,1,0,0000000,10,20,10,31,88,88,0,0,0,1,0
41,410235,2,2,0,2,51,1650,20,10,2010,4,17,51,1,11,1,I-84,,20,45.53008333,-122.614494440,0,25,0,0,1,1,3,0,1,1,0,1,0,0000000,17,51,18,7,18,13,0,0,0,1,0
41,410236,1,1,0,1,29,0,22,10,2010,6,10,22,0,3,3,SR-238 (ODOT 272),,302,42.29487500,-122.995708330,0,42,0,0,1,1,4,0,1,1,0,1,0,0000000,10,22,10,31,88,88,0,0,0,1,0
41,410237,2,2,0,2,51,1650,22,10,2010,6,12,15,0,14,6,SE 122ND AVE,,0,45.51098889,-122.537686110,0,12,6,0,8,1,1,0,1,10,0,10,0,0000000,12,15,12,16,88,88,0,0,0,1,0
41,410238,3,3,0,3,41,0,25,10,2010,2,15,37,1,13,2,US-20 (ODOT 33),SR-229 (ODOT 181),55,44.63250556,-123.949144440,0,12,6,0,2,3,1,0,1,10,0,10,0,0000000,15,38,15,52,16,19,14,0,0,1,0
41,410239,2,2,1,2,51,1650,25,10,2010,2,2,44,1,11,1,I-5,,3004,45.49986667,-122.673661110,0,8,0,0,1,1,1,0,3,2,0,2,0,0000000,2,44,2,49,88,88,0,0,0,1,0
41,410241,2,2,0,3,51,0,19,9,2010,1,17,27,0,4,4,SE DODGE PARK BLVD,SE COTTRELL RD,0,45.46818333,-122.305811110,0,12,6,0,2,3,1,0,1,2,10,2,0,0000000,17,27,17,37,88,88,0,0,0,1,1
41,410243,2,2,0,2,5,0,1,10,2010,6,10,5,0,4,4,S LELAND RD,S LESLIE AVE,0,45.28796389,-122.553786110,0,12,6,0,3,3,1,0,1,10,0,10,0,0000000,10,5,10,15,88,88,0,0,0,1,0
41,410244,1,1,2,1,17,190,9,10,2010,7,12,25,1,13,2,US-97 (ODOT 4),REED LN,1391,44.03254167,-121.313055560,0,9,0,0,3,3,1,0,1,1,0,1,0,0000000,12,25,12,33,88,88,0,0,0,1,0
41,410245,2,2,0,2,53,1810,9,10,2010,7,12,5,0,14,3,SR-221 (ODOT 150),HARRITT DR NW,195,44.96403611,-123.056797220,0,12,6,0,2,2,1,0,1,10,0,10,0,0000000,12,6,12,8,12,39,0,0,0,1,0
41,410246,2,1,3,1,45,1530,9,10,2010,7,21,32,0,6,6,E BOWER AVE,,0,43.87766667,-116.989383330,0,8,0,0,1,1,1,0,3,10,0,10,0,0000000,21,33,21,40,99,99,0,0,0,1,1
41,410247,1,1,0,1,47,1810,13,10,2010,4,0,10,0,15,6,CROISSAN CREEK RD SE,,0,44.88701944,-123.083863890,0,42,0,0,1,1,4,0,3,1,0,1,0,0000000,0,11,0,16,99,99,0,0,0,1,1
41,410248,1,1,1,1,39,660,26,10,2010,3,19,24,0,14,6,W 11TH AVE,,0,44.04787500,-123.131938890,0,8,0,0,1,1,1,0,3,10,0,10,0,0000000,19,25,19,30,19,49,0,0,0,1,0
41,410249,1,1,1,2,47,1810,30,10,2010,7,18,15,0,14,3,SR-99 (ODOT 81),BLOSSOM DR NE,453,44.99305833,-122.984855560,0,8,0,0,3,3,1,0,3,2,10,2,0,0000000,18,17,18,23,88,88,0,0,0,1,0
41,410250,1,1,1,3,29,0,30,10,2010,7,20,50,0,3,3,SR-62 (ODOT 22),,66,42.43107500,-122.847275000,0,8,0,0,1,1,1,0,3,2,10,2,0,0000000,20,53,20,57,21,25,0,0,0,1,0
41,410251,1,1,0,10,43,0,1,11,2010,2,8,0,0,6,4,USFS RD 2820,,0,44.22987500,-122.339586110,0,1,0,0,1,1,5,0,4,10,0,10,0,0000000,9,38,10,28,12,3,22,0,0,1,0
41,410252,1,1,1,1,5,0,4,11,2010,5,18,36,1,2,2,US-26 (ODOT 26),,395,45.35353889,-121.979902780,0,8,0,0,1,1,1,0,2,1,0,1,0,0000000,18,32,18,35,88,88,0,0,0,1,0
41,410253,2,2,0,2,43,0,7,11,2010,1,10,6,0,3,3,SR-164 (ODOT 164),,60,44.71198889,-123.024177780,0,24,0,0,1,1,4,0,1,10,0,10,0,0000000,10,6,10,12,10,55,0,0,0,1,0
41,410254,1,1,1,1,39,430,8,11,2010,2,18,5,1,11,1,I-5,,1734,43.80427222,-123.042877780,0,8,0,0,1,1,1,0,2,10,0,10,0,0000000,18,5,18,12,88,88,0,0,0,1,1
41,410255,1,1,3,1,51,1650,8,11,2010,2,11,21,0,14,6,N LOMBARD ST,N INTERSTATE AVE,0,45.57713333,-122.681983330,0,8,0,0,3,2,1,0,1,10,0,10,0,0000000,11,22,11,26,11,40,0,0,0,1,0
41,410256,1,1,0,2,53,0,9,11,2010,3,6,20,0,3,3,SR-99W (ODOT 91),,670,44.78547778,-123.228869440,0,11,0,0,1,1,1,0,3,2,0,2,0,0000000,6,25,6,33,88,88,0,0,0,1,0
41,410257,1,1,1,1,59,0,3,11,2010,4,7,4,0,4,4,WINESAP RD,,21,45.96931111,-118.417536110,0,8,0,0,1,1,1,0,4,1,0,1,0,0000000,7,6,7,9,7,29,0,0,0,1,0
41,410258,2,2,1,2,39,0,3,11,2010,4,18,36,0,4,4,E 30TH AVE,,31,44.01378611,-123.028716670,0,8,0,0,1,1,1,0,2,1,0,1,0,0000000,18,36,18,43,88,88,0,0,0,1,0
41,410259,2,2,0,3,51,2090,7,11,2010,1,16,6,0,15,6,NW 257TH AVE,,0,45.51920278,-122.398461110,0,12,6,0,1,1,1,0,5,10,0,10,0,0000000,16,6,16,9,16,56,0,0,0,1,0
41,410260,2,2,0,2,15,215,11,11,2010,5,14,13,1,13,2,US-101 (ODOT 9),,3553,42.07568333,-124.312011110,0,12,2,0,1,1,1,0,1,10,0,10,0,0000000,14,13,14,16,88,88,0,0,0,2,0
41,410261,3,3,0,4,5,0,13,11,2010,7,12,48,0,3,3,SR-551 (ODOT 51),,10,45.26666111,-122.769066670,0,12,2,0,1,1,1,0,1,10,0,10,0,0000000,12,48,13,3,13,49,0,0,0,1,1
41,410262,2,2,0,6,51,1650,13,11,2010,7,22,23,0,19,6,MORRISON BRIDGE,,0,45.51779167,-122.669558330,0,12,1,0,1,1,1,0,2,2,0,2,0,0000000,22,23,22,52,23,8,0,0,0,1,0
41,410263,1,1,0,1,19,0,16,11,2010,3,7,49,1,2,2,US-101 (ODOT 9),,2137,43.68927500,-124.141944440,0,1,0,0,1,1,5,0,1,2,10,2,0,0000000,7,54,8,0,88,88,0,0,0,1,0
41,410264,2,2,0,3,51,1650,16,11,2010,3,1,31,0,15,6,N COLUMBIA BLVD,,0,45.59215833,-122.709663890,0,12,1,0,1,1,1,0,3,10,0,10,0,0000000,1,31,1,35,1,53,0,0,0,1,1
41,410265,1,1,0,1,23,0,16,11,2010,3,14,25,1,2,3,SR-395 (ODOT 28),,935,44.68515278,-119.104358330,0,1,0,0,1,1,1,0,1,1,0,1,0,0000000,14,28,14,44,15,5,0,0,0,1,0
41,410266,1,1,1,1,19,2257,17,11,2010,4,17,5,1,13,3,SR-42 (ODOT 35),,744,43.12244722,-123.412738890,0,8,0,0,1,1,1,0,2,10,0,10,0,0000000,17,9,17,10,17,39,0,0,0,1,0
41,410267,2,2,0,12,31,0,20,11,2010,7,19,10,0,4,3,SR-361 (ODOT 361),HIGHLAND LN,82,44.53491111,-121.210072220,0,12,6,0,2,2,1,0,3,1,0,1,0,0000000,19,10,19,25,19,50,0,0,0,1,0
41,410268,1,1,0,1,5,0,22,11,2010,2,18,46,0,4,4,282ND AVE,,0,45.45054444,-122.372836110,0,53,0,0,1,1,4,0,2,4,0,4,0,0000000,18,46,18,50,20,2,0,0,0,1,0
41,410269,1,1,0,1,39,660,22,11,2010,2,1,49,1,13,3,SR-569 (ODOT 69)RAMP,,105,44.09065278,-123.098072220,0,30,0,1,5,1,4,0,3,10,0,10,0,0000000,1,50,1,56,88,88,0,0,0,1,1
41,410270,2,2,0,2,59,0,22,11,2010,2,4,30,1,2,2,US-395 (ODOT 28),,95,45.57741944,-118.794119440,0,12,6,0,1,1,1,0,2,4,0,4,0,0000000,4,31,4,43,5,12,0,0,0,1,0
41,410271,1,1,0,2,53,0,24,11,2010,4,7,48,0,3,3,SR-99W (ODOT 91),,675,44.75032222,-123.223333330,0,42,0,0,1,1,4,0,1,10,0,10,0,0000000,7,48,8,6,8,40,0,0,0,1,0
41,410272,1,1,0,2,59,0,28,11,2010,1,3,10,1,2,2,US-395 (ODOT 28),,72,45.61578889,-118.802336110,0,35,0,0,1,1,4,0,2,10,0,10,0,0000000,3,19,3,29,4,10,0,0,0,1,1
41,410273,1,1,0,2,45,0,28,11,2010,1,9,42,1,2,2,US-95 (ODOT 456),,856,42.53425556,-117.878808330,0,1,0,0,1,1,4,0,1,4,6,4,0,0000000,9,55,10,45,12,8,0,0,0,1,0
41,410274,1,1,0,5,45,0,28,11,2010,1,15,10,1,2,2,US-20 (ODOT 7),,1819,43.76708889,-118.202550000,0,42,0,0,1,1,4,0,1,10,0,10,0,0000000,15,12,16,12,99,99,0,0,0,1,0
41,410275,2,2,0,2,43,0,29,11,2010,2,6,25,1,1,1,I-5,,2150,44.37387500,-123.061430560,0,12,2,0,1,1,1,0,1,5,0,5,0,0000000,6,26,6,38,8,8,0,0,0,1,0
41,410276,2,2,0,2,9,0,30,11,2010,3,6,6,1,2,2,US-30 (ODOT 92),,439,46.05821389,-122.895544440,0,12,2,0,1,1,1,0,3,2,0,2,0,0000000,6,6,6,14,88,88,0,0,0,1,0
41,410277,1,1,1,1,47,0,30,11,2010,3,7,1,0,4,4,MACLEAY RD SE,,8,44.91376111,-122.945250000,0,8,0,0,1,1,1,0,2,2,10,2,0,0000000,7,2,7,7,88,88,0,0,0,1,0
41,410278,2,1,0,1,19,0,8,12,2010,4,19,54,1,1,1,I-5,,1504,43.55772500,-123.282888890,0,14,0,0,1,1,4,0,2,10,0,10,0,0000000,19,55,20,5,20,58,20,0,0,1,1
41,410279,2,2,0,2,55,0,10,12,2010,6,5,30,1,2,2,US-97 (ODOT 42),,62,45.61132500,-120.728350000,0,12,2,0,1,1,1,0,2,10,0,10,0,0000000,5,37,5,53,88,88,0,0,0,1,0
41,410280,1,1,0,1,47,1810,10,12,2010,6,16,38,0,5,4,SKYLINE RD S,,38,44.83510000,-123.115177780,0,42,0,0,1,1,4,0,1,10,0,10,0,0000000,16,38,16,52,88,88,0,0,0,1,0
41,410281,1,1,1,2,51,1650,15,12,2010,4,22,47,0,14,3,SR-99W (ODOT 91),,23,45.48526389,-122.681986110,0,8,0,0,1,1,1,0,3,10,0,10,0,0000000,22,47,23,20,0,14,0,0,0,1,1
41,410282,2,2,0,3,17,1205,16,12,2010,5,20,25,1,2,2,US-97 (ODOT 4),ROSLAND RD,1650,43.70616389,-121.475805560,0,12,6,0,2,3,1,0,3,1,0,1,0,0000000,20,25,20,33,88,88,0,0,0,1,1
41,410283,1,1,0,2,5,0,16,12,2010,5,7,21,0,5,4,S BARNARDS RD,,15,45.17240278,-122.622066670,0,1,0,0,1,1,4,0,2,1,0,1,0,0000000,7,29,7,49,8,34,0,0,0,1,0
41,410284,2,2,0,2,29,0,17,12,2010,6,14,27,0,3,3,SR-62 (ODOT 22),,60,42.43621389,-122.841211110,0,12,1,0,1,1,1,0,1,10,0,10,0,0000000,14,30,14,35,14,59,0,0,0,1,0
41,410285,1,1,1,1,19,1780,18,12,2010,7,18,14,0,15,6,W HARVARD AVE,,0,43.21418333,-123.380038890,0,8,0,0,1,1,1,0,3,2,0,2,0,0000000,18,14,18,20,18,32,0,0,0,1,0
41,410286,2,2,0,5,25,0,1,10,2010,6,19,40,0,5,4,S EGAN AVE,,5,43.56416389,-119.059675000,0,12,1,0,1,1,1,0,2,1,0,1,0,0000000,19,45,19,50,88,88,0,0,0,2,0
41,410287,1,1,0,2,1,0,4,12,2010,7,10,16,1,1,1,I-84,,3345,44.50640000,-117.370019440,0,25,0,0,1,1,3,0,1,4,0,4,0,0000000,10,17,10,48,11,55,0,0,0,1,0
41,410288,2,2,0,3,43,2030,10,12,2010,6,13,9,1,2,2,US-20 (ODOT 16),18TH AVE,277,44.39886389,-122.723052780,0,12,2,0,2,3,1,0,1,2,0,2,1,0000000,13,10,13,12,13,40,0,0,0,2,0
41,410289,1,1,1,1,5,2253,19,12,2010,1,3,12,1,11,1,I-5,,2830,45.30646389,-122.769094440,0,8,0,0,1,1,1,0,2,10,0,10,0,0000000,3,12,3,14,88,88,0,0,0,1,0
41,410290,2,2,0,7,59,0,19,12,2010,1,22,43,1,2,2,US-395 (ODOT 54),,18,45.89010000,-119.298361110,0,12,2,0,1,1,1,0,2,5,0,5,0,0000000,22,44,22,50,23,31,0,0,0,1,0
41,410291,1,1,1,2,33,860,20,12,2010,2,18,48,1,13,2,US-199 (ODOT 25),,12,42.42123056,-123.352127780,0,8,0,0,1,1,1,0,2,10,0,10,0,0000000,18,48,18,49,88,88,0,0,0,1,0
41,410294,1,1,1,4,5,0,24,12,2010,6,17,40,1,2,3,SR-224 (ODOT 171),,146,45.38930833,-122.407666670,0,8,0,0,1,1,1,0,3,2,0,2,0,0000000,17,44,17,50,88,88,0,0,0,1,0
41,410295,1,1,0,4,51,1650,26,12,2010,1,5,13,0,16,6,NW BROADWAY,NW LOVEJOY ST,0,45.52984167,-122.677616670,0,23,0,0,2,3,4,1,3,10,0,10,0,0000000,5,17,5,31,5,46,0,0,0,1,1
41,410296,3,1,0,1,67,0,27,12,2010,2,0,12,0,4,4,NW TANASBROOK DR,,0,45.53160833,-122.857697220,0,42,0,0,1,1,4,0,3,10,0,10,0,0000000,0,12,0,18,1,0,14,0,0,1,1
41,410297,3,3,0,4,71,0,29,12,2010,4,3,35,1,2,3,SR-18 (ODOT 39),,490,45.21039722,-123.109594440,0,12,2,0,1,1,1,0,2,2,10,2,0,0000000,3,35,3,44,4,14,0,0,0,1,0
41,410298,2,2,0,4,17,0,30,12,2010,5,12,21,1,2,2,US-97 (ODOT 4),,1330,44.12482222,-121.284511110,0,12,2,0,1,1,1,0,1,1,0,1,0,0000000,12,35,12,49,13,4,0,0,0,1,0
41,410299,1,1,0,4,65,0,11,10,2010,2,2,46,0,6,4,BIA-8,,99999,99.99990000,999.999900000,3,1,0,0,1,1,1,0,2,99,0,99,0,0000000,99,99,99,99,99,99,0,0,0,1,1
41,410300,2,2,1,2,71,1490,8,11,2010,2,17,28,0,13,3,SR-219 (ODOT 140),EVEREST RD,208,45.30038333,-122.960700000,0,8,0,0,3,2,1,0,3,10,2,2,0,0000000,17,28,99,97,99,97,0,0,0,1,0
41,410301,1,1,0,1,51,0,5,10,2010,3,19,58,0,4,3,SR-100 (ODOT 100),,20,45.51619167,-122.343358330,0,34,0,0,1,1,4,0,2,1,0,1,0,0000000,19,58,20,6,21,3,0,0,0,1,0
41,410302,2,2,0,4,33,0,25,10,2010,2,15,15,0,4,4,MERLIN RD,CARTON WAY,18,42.50559722,-123.399402780,0,12,6,0,2,3,1,0,1,10,0,10,0,0000000,15,15,15,25,16,18,0,0,0,1,0
41,410303,2,2,0,2,15,0,19,11,2010,6,10,59,1,2,2,US-101 (ODOT 9),,3590,42.04493056,-124.253277780,0,12,2,0,1,1,1,0,1,10,0,10,0,0000000,99,99,99,99,99,99,0,0,0,1,0
42,420001,1,1,0,1,89,0,3,1,2010,1,7,44,0,6,5,GLENWOOD RD,,0,40.93572500,-75.441700000,0,42,0,0,1,1,4,0,4,1,0,1,0,0000000,99,99,99,99,88,88,0,0,0,1,1
42,420002,1,1,0,1,27,0,8,1,2010,6,13,15,0,4,3,SR-550,,54,40.78745000,-78.024908330,0,30,0,0,1,1,2,0,1,1,0,1,0,0000000,13,15,13,24,13,57,0,0,0,1,0
42,420003,1,1,1,3,41,0,19,1,2010,3,1,9,0,13,3,SR-641,,313,40.22013333,-76.984938890,0,8,0,0,1,1,1,0,2,1,0,1,0,0000000,99,99,99,99,88,88,0,0,0,1,0
42,420004,2,2,0,2,39,0,1,1,2010,6,1,8,0,5,3,SR-4008,PALMER RD,21,41.78391389,-80.428613890,0,12,6,0,2,2,1,0,2,10,0,10,0,0000000,1,7,1,20,88,88,0,0,0,1,1
42,420005,2,2,0,4,5,0,7,1,2010,5,5,44,0,15,3,SR-4023,,15,40.83139444,-79.532975000,0,12,6,0,8,1,1,0,2,3,0,3,0,0000000,5,46,5,59,6,40,0,0,0,1,1
42,420006,1,1,0,1,67,0,15,1,2010,6,8,10,0,5,3,SR-2019,,1,40.59556944,-77.106797220,0,42,0,0,1,1,4,0,1,1,0,1,0,0000000,88,88,88,88,88,88,0,0,0,1,1
42,420007,1,1,0,1,63,0,19,1,2010,3,12,40,0,3,3,SR-286,,153,40.57967222,-79.231416670,0,34,0,0,1,1,4,0,1,2,5,2,0,0000000,12,43,12,56,88,88,0,0,0,1,0
42,420008,4,4,0,11,121,0,6,1,2010,4,20,55,1,1,1,I-0080,,360,41.19226389,-79.845397220,0,12,6,0,1,1,1,0,2,2,3,3,0,0000000,21,1,21,51,99,99,0,0,0,3,0
42,420009,1,1,0,4,129,0,16,1,2010,7,21,49,0,15,3,SR-2021,,19,40.19781111,-79.491908330,0,30,0,0,1,1,4,0,2,1,0,1,0,0000000,21,52,21,54,22,22,0,0,0,1,0
42,420010,1,1,0,1,109,0,10,1,2010,1,2,30,0,4,3,SR-204,,13,40.82820833,-76.872633330,0,42,0,0,1,1,5,0,2,1,0,1,0,0000000,99,99,99,99,88,88,0,0,0,1,1
42,420011,1,1,0,1,53,0,23,1,2010,7,19,10,0,3,3,SR-66,,16,41.43643056,-79.185594440,0,34,0,0,1,1,5,0,2,1,0,1,0,0000000,19,7,19,18,19,38,0,0,0,1,0