STATE,ST_CASE,VE_TOTAL,VE_FORMS,PEDS,PERSONS,COUNTY,CITY,DAY,MONTH,YEAR,DAY_WEEK,HOUR,MINUTE,NHS,ROAD_FNC,ROUTE,TWAY_ID,TWAY_ID2,MILEPT,LATITUDE,LONGITUD,SP_JUR,HARM_EV,MAN_COLL,RELJCT1,RELJCT2,TYP_INT,REL_ROAD,WRK_ZONE,LGT_COND,WEATHER1,WEATHER2,WEATHER,SCH_BUS,RAIL,NOT_HOUR,NOT_MIN,ARR_HOUR,ARR_MIN,HOSP_HR,HOSP_MN,CF1,CF2,CF3,FATALS,DRUNK_DR
42,420012,1,1,0,1,51,0,3,1,2010,1,20,36,1,12,2,US-40,,122,39.89885000,-79.750172220,0,42,0,0,1,1,5,0,2,1,0,1,0,0000000,20,38,20,42,88,88,0,0,0,1,0
42,420013,3,2,0,3,17,910,25,1,2010,2,16,18,1,13,2,US-0013,FOURTH AV,74,40.10808333,-74.857408330,0,12,6,0,2,3,1,0,1,2,10,2,0,0000000,16,20,16,23,17,0,0,0,0,1,1
42,420014,1,1,0,1,129,0,4,1,2010,2,8,37,1,11,1,I-76,,830,40.16181389,-79.484325000,0,31,0,0,1,1,2,0,1,4,0,4,0,0000000,8,54,9,2,9,47,0,0,0,1,0
42,420015,3,2,0,2,1,0,13,1,2010,4,21,20,0,3,3,SR-0094,,75,39.92804722,-77.057366670,0,12,2,0,1,1,1,0,3,1,0,1,0,0000000,99,99,99,99,99,99,20,0,0,1,0
42,420016,2,2,0,3,79,0,7,1,2010,5,7,33,1,13,3,SR-115,,135,41.22751667,-75.801358330,0,12,6,0,1,1,1,0,1,8,0,8,0,0000000,8,27,8,38,8,59,0,0,0,1,0
42,420017,3,3,0,5,49,2640,22,1,2010,6,23,11,1,11,1,I-0079,,1816,42.08875833,-80.118422220,0,12,2,0,1,1,1,0,2,1,0,1,0,0000000,88,88,88,88,88,88,14,0,0,1,1
42,420018,2,2,0,3,29,0,6,1,2010,4,8,8,0,3,3,SR-10,CAINS RD,199,40.03576389,-75.929827780,0,12,6,0,2,3,1,0,1,4,0,4,0,0000000,99,99,99,99,88,88,0,0,0,2,0
42,420019,1,1,0,1,1,0,8,1,2010,6,22,38,1,2,2,US-15,,192,39.94402500,-77.136777780,0,1,0,0,1,1,2,0,2,1,0,1,0,0000000,99,99,99,99,88,88,0,0,0,1,1
42,420020,1,1,0,1,19,0,21,1,2010,5,5,15,0,3,3,SR-38,,98,40.98872500,-79.832936110,0,11,0,0,1,1,1,0,2,1,0,1,0,0000000,5,48,5,59,88,88,0,0,0,1,0
42,420021,3,3,0,4,79,0,12,1,2010,3,16,33,1,13,3,SR-0115,,133,41.22582222,-75.800788890,0,12,6,0,1,1,1,0,1,4,10,4,0,0000000,16,31,16,38,88,88,0,0,0,1,0
42,420022,2,2,0,4,95,0,28,1,2010,5,0,11,0,13,3,SR-2020,SR-3007,24,40.65352778,-75.335211110,0,12,6,0,2,3,1,0,3,1,0,1,0,0000000,99,99,99,99,99,99,0,0,0,3,1
42,420023,2,2,0,5,97,8650,27,1,2010,4,10,45,0,5,3,SR-0044,SR-0054,17,41.10713611,-76.768138890,0,12,6,0,2,2,1,0,1,1,0,1,0,0000000,10,45,10,53,11,18,0,0,0,1,0
42,420024,1,1,0,1,65,0,28,1,2010,5,23,47,0,3,3,SR-36,,373,41.28074722,-79.116094440,0,30,0,0,1,1,4,0,2,1,0,1,0,0000000,99,99,99,99,88,88,0,0,0,1,1
42,420025,1,1,0,1,49,0,12,1,2010,3,21,10,0,6,5,MIDDLE RD,,0,42.24098889,-79.794919440,0,48,0,0,1,1,2,0,2,1,0,1,0,0000000,21,33,21,38,21,52,0,0,0,1,1
42,420026,1,1,0,3,119,0,29,1,2010,6,21,55,0,5,3,SR-1008,,17,41.05293611,-76.905047220,0,30,0,0,1,1,4,0,2,1,0,1,0,0000000,21,56,22,5,22,28,0,0,0,1,0
42,420027,2,1,0,2,49,0,5,1,2010,3,16,25,1,11,1,I-0090,,157,42.00610833,-80.235797220,0,14,0,1,19,1,2,0,1,4,10,4,0,0000000,88,88,88,88,88,88,19,0,0,1,0
42,420028,1,1,0,2,1,0,4,1,2010,2,20,40,0,3,3,SR-194,,123,39.89747222,-76.986108330,0,42,0,0,1,1,5,0,3,1,0,1,0,0000000,99,99,99,99,88,88,0,0,0,2,1
42,420029,2,2,0,3,71,0,12,1,2010,3,14,56,0,3,3,SR-0772,SR-8011,65,40.12424444,-76.470586110,0,12,6,1,2,3,1,0,1,1,0,1,0,0000000,99,99,99,99,99,99,20,0,0,1,0
42,420030,1,1,0,1,99,0,19,1,2010,3,1,25,0,3,3,SR-850,,193,40.35181944,-77.210986110,0,42,0,0,1,1,4,0,2,1,0,1,0,0000000,99,99,99,99,99,99,0,0,0,1,1
42,420031,1,1,0,1,99,0,11,1,2010,2,14,40,1,2,2,US-22,,78,40.49341111,-77.082825000,0,42,0,0,1,1,3,0,1,10,0,10,0,0000000,99,99,99,99,88,88,0,0,0,1,0
42,420032,2,2,0,3,69,2120,25,1,2010,2,14,7,0,14,3,SR-6011,SR-2020,19,41.41963889,-75.632650000,0,12,6,0,2,2,1,0,1,2,10,2,0,0000000,14,8,14,11,14,34,0,0,0,1,0
42,420033,2,2,0,4,81,0,10,1,2010,1,15,16,0,14,3,SR-2023,,25,41.27108333,-77.022944440,0,12,6,0,1,1,1,0,1,1,0,1,0,0000000,15,16,15,24,15,50,0,0,0,1,1
42,420034,2,2,0,2,39,3840,14,1,2010,5,15,15,0,14,3,SR-8,,34,41.64627500,-79.716075000,0,12,6,0,1,1,1,0,1,1,0,1,0,0000000,99,99,99,99,99,99,0,0,0,1,0
42,420035,1,1,1,1,45,3250,19,1,2010,3,12,27,0,14,3,SR-2017,LYNWOOD CR,0,39.89478056,-75.295402780,0,9,0,0,2,3,1,0,1,1,0,1,0,0000000,12,27,12,30,12,49,16,0,0,1,0
42,420036,2,2,0,3,81,0,25,1,2010,2,20,15,0,4,3,SR-2039,,33,41.29295556,-76.940463890,0,12,6,0,1,1,1,0,2,1,0,1,0,0000000,20,17,20,25,21,10,0,0,0,1,0
42,420037,1,1,0,2,33,0,26,1,2010,3,5,25,1,2,2,US-219,,293,41.00788056,-78.638211110,0,42,0,0,1,1,4,0,2,4,1,4,0,0000000,99,99,99,99,99,99,0,0,0,1,0
42,420038,1,1,0,2,91,0,26,1,2010,3,10,26,0,15,3,SR-2050,,24,40.13719167,-75.031083330,0,33,0,0,1,1,4,0,1,1,0,1,0,0000000,99,99,99,99,99,99,0,0,0,1,0
42,420039,1,1,0,2,121,0,24,1,2010,1,14,0,0,3,3,SR-157,,53,41.39056667,-79.583350000,0,43,0,0,1,1,4,0,1,2,0,2,0,0000000,14,9,14,20,14,42,0,0,0,1,0
42,420040,1,1,0,1,11,0,1,1,2010,6,1,17,1,13,2,US-422,,259,40.28474444,-75.810819440,0,30,0,0,1,1,5,0,2,1,0,1,0,0000000,99,99,99,99,99,99,0,0,0,1,1
42,420041,2,2,0,2,79,6615,10,1,2010,1,2,59,1,11,1,I-0081,I-0081-SR8015 RAMP,1706,41.25805278,-75.818072220,0,1,0,1,5,1,1,0,3,1,0,1,0,0000000,3,0,3,6,88,88,14,0,0,1,1
42,420042,1,1,0,2,43,0,31,1,2010,1,3,57,0,3,3,SR-147,,87,40.48079722,-76.930891670,0,35,0,0,1,1,4,0,2,1,0,1,0,0000000,4,1,4,16,4,52,0,0,0,1,1
42,420043,2,2,0,2,105,0,28,1,2010,5,8,0,1,2,2,US-0006,,73,41.74478333,-78.088447220,0,12,6,0,1,1,1,0,1,4,10,4,0,0000000,99,99,99,99,99,99,0,0,0,1,0
42,420044,2,2,0,3,95,0,14,1,2010,5,6,56,0,15,3,SR-4003,,14,40.71006389,-75.499236110,0,12,6,0,1,1,1,0,4,1,0,1,0,0000000,99,99,99,99,99,99,0,0,0,2,0
42,420045,2,2,0,2,89,0,13,1,2010,4,20,16,0,14,3,SR-3023,POSSINGER ST,32,40.97068333,-75.290438890,0,12,6,0,2,3,1,0,2,1,0,1,0,0000000,99,99,99,99,88,88,0,0,0,1,1
42,420046,2,2,0,2,71,0,8,1,2010,6,0,23,0,6,5,HACKMAN RD,,0,40.21305278,-76.192711110,0,12,8,0,1,1,1,0,2,4,0,4,0,0000000,99,99,99,99,88,88,0,0,0,1,1
42,420047,2,2,0,2,115,0,28,1,2010,5,16,54,0,3,3,SR-706,,149,41.83925833,-75.811905560,0,12,6,0,1,1,1,0,5,4,0,4,0,0000000,99,99,99,99,99,99,0,0,0,1,0
42,420048,1,1,0,1,107,0,17,1,2010,1,12,56,0,3,3,SR-183,,54,40.59838333,-76.219230560,0,34,0,0,1,1,4,0,1,2,0,2,0,0000000,99,99,99,99,88,88,0,0,0,1,0
42,420049,1,1,0,2,123,0,26,1,2010,3,16,50,0,16,3,SR-1015,,26,41.95058889,-79.132516670,0,35,0,0,1,1,4,0,5,1,0,1,0,0000000,16,49,17,0,17,45,0,0,0,1,1
42,420050,1,1,0,2,111,0,28,1,2010,5,12,25,0,3,3,SR-281,,109,39.91013333,-79.264419440,0,16,0,0,1,1,1,0,1,8,0,8,0,0000000,99,99,99,99,99,99,0,0,0,1,0
42,420051,1,1,0,2,35,0,17,1,2010,1,14,20,0,3,3,SR-120,,313,41.29021111,-77.608347220,0,24,0,0,1,1,2,0,1,2,0,2,0,0000000,14,24,14,35,88,88,0,0,0,2,1
42,420052,3,3,0,5,101,6540,1,1,2010,6,3,3,1,11,1,I-0095,,268,40.00384722,-75.076905560,0,12,1,1,18,1,1,0,3,2,10,2,0,0000000,2,56,3,6,3,46,19,0,0,2,1
42,420053,1,1,0,2,29,0,9,1,2010,7,12,16,0,15,3,SR-162,,82,39.95721111,-75.652013890,0,35,0,0,1,1,4,0,1,1,0,1,0,0000000,12,19,12,27,12,49,0,0,0,1,0
42,420054,1,1,0,2,41,0,11,1,2010,2,1,34,0,6,5,MOUNTAIN RD,,0,40.28793889,-77.133925000,0,42,0,0,1,1,4,0,2,1,0,1,0,0000000,99,99,99,99,99,99,0,0,0,1,1
42,420055,1,1,0,1,3,5413,6,1,2010,4,23,11,0,15,3,SR-2065,,24,40.43136667,-79.802036110,0,30,0,0,1,1,2,0,2,2,0,2,0,0000000,23,13,23,17,88,88,0,0,0,1,0
42,420056,2,2,0,4,27,0,30,1,2010,7,17,20,0,3,3,SR-0350,,8,40.74784167,-78.209780560,0,12,2,0,1,1,1,0,1,1,0,1,0,0000000,99,99,99,99,99,99,0,0,0,1,0
42,420057,2,2,0,2,41,0,21,1,2010,5,13,41,1,1,1,I-81,,530,40.24287500,-77.105400000,0,12,6,0,1,1,1,0,1,1,0,1,0,0000000,13,41,13,45,14,38,0,0,0,1,0
42,420058,2,2,0,2,3,0,4,1,2010,2,16,9,1,11,1,I-0079,,608,40.46117500,-80.111872220,0,12,6,0,1,1,1,0,5,4,0,4,0,0000000,17,41,17,41,88,88,0,0,0,1,0
42,420059,2,2,0,5,17,0,31,1,2010,1,12,7,1,13,3,SR-309,,149,40.47095556,-75.370736110,0,12,6,0,1,1,1,0,1,1,0,1,0,0000000,12,8,12,15,12,34,0,0,0,1,0
42,420060,1,1,0,2,3,0,16,1,2010,7,2,48,0,15,3,SR-2001,,81,40.26379167,-79.898650000,0,24,0,0,1,1,2,0,3,1,0,1,0,0000000,2,50,2,58,88,88,0,0,0,1,1
42,420061,1,1,0,1,71,0,23,1,2010,7,23,7,0,15,3,SR-4001,,13,40.07250556,-76.460622220,0,30,0,0,1,1,5,0,2,1,0,1,0,0000000,99,99,99,99,88,88,0,0,0,1,1
42,420062,1,1,0,1,55,1230,22,1,2010,6,7,52,0,16,6,CUMBERLAND AV,CLEVELAND AV,0,39.92421389,-77.660255560,0,38,0,0,3,3,5,0,1,3,0,3,0,0000000,7,55,7,59,8,20,0,0,0,1,0
42,420063,1,1,2,2,41,0,8,1,2010,6,17,38,1,2,2,US-11,,259,40.23364722,-77.117019440,0,8,0,0,1,1,1,0,3,1,0,1,0,0000000,99,99,99,99,99,99,0,0,0,1,0
42,420064,1,1,0,1,11,0,30,1,2010,7,18,50,0,4,3,SR-419,,83,40.45727222,-76.230033330,0,35,0,0,1,1,5,0,2,1,0,1,0,0000000,99,99,99,99,88,88,0,0,0,1,0
42,420065,1,1,0,2,15,0,25,1,2010,2,11,20,0,5,3,SR-3009,HANKS RD,86,41.77635278,-76.602705560,0,24,0,0,2,3,2,0,1,2,0,2,0,0000000,11,15,11,43,12,38,0,0,0,1,0
42,420066,1,1,1,1,95,660,26,1,2010,3,18,42,0,16,6,NEW ST,ELIZABETH AV,0,40.63100000,-75.378061110,0,8,0,0,3,2,1,0,3,1,0,1,0,0000000,99,99,99,99,88,88,0,0,0,1,0
42,420067,1,1,1,1,45,0,31,1,2010,1,10,41,0,6,5,ROOSEVELT DR,,0,39.96422778,-75.299977780,0,15,0,0,1,1,1,0,1,1,0,1,0,0000000,10,42,10,45,88,88,0,0,0,1,0
42,420068,1,1,0,2,87,0,12,1,2010,3,8,12,1,12,2,US-322,,91,40.65608056,-77.592255560,0,24,0,0,1,1,2,0,1,1,0,1,0,0000000,8,12,8,20,8,42,0,0,0,1,0
42,420069,1,1,0,2,101,6540,9,1,2010,7,14,22,0,13,3,SR-3009,,37,40.01031667,-75.197580560,0,40,0,0,1,1,5,0,1,1,0,1,0,0000000,99,99,99,99,99,99,0,0,0,2,0
42,420070,1,1,1,1,71,0,17,1,2010,1,20,12,1,12,2,US-0030,,174,40.03095278,-76.235516670,0,8,0,0,1,1,1,0,3,2,0,2,0,0000000,99,99,99,99,88,88,0,0,0,1,0
42,420071,1,1,1,1,101,6540,14,1,2010,5,18,30,0,16,6,BRIDGE ST,,0,40.03236667,-75.092186110,0,8,0,0,1,1,1,0,3,1,0,1,0,0000000,18,31,18,38,19,50,0,0,0,1,0
42,420072,2,2,0,4,37,0,8,1,2010,6,0,28,0,14,3,SR-487,,137,41.03169167,-76.420069440,0,12,2,0,1,1,1,0,2,1,0,1,0,0000000,99,99,99,99,99,99,0,0,0,1,1
42,420073,2,2,0,2,71,0,18,1,2010,2,19,22,1,12,2,US-222,,314,40.08081389,-76.277400000,0,12,1,0,1,1,1,0,2,1,0,1,0,0000000,99,99,99,99,88,88,0,0,0,1,1
42,420074,1,1,1,1,101,6540,16,1,2010,7,1,32,1,11,1,I-76 WALT WHITMAN BR,,99999,88.88880000,888.888800000,0,8,0,0,1,1,1,0,3,1,0,1,0,0000000,99,99,99,99,99,99,19,0,0,1,0
42,420075,1,1,0,3,19,9670,26,1,2010,3,19,0,0,16,6,BENVENUE RD,,0,40.78322500,-80.154377780,0,42,0,0,1,1,4,0,2,4,0,4,0,0000000,5,0,5,8,88,88,2,22,0,3,0
42,420076,1,1,1,2,79,9080,16,1,2010,7,15,30,1,13,3,SR-93,MONROE AV,39,40.96027500,-75.995933330,0,8,0,0,3,2,1,0,1,1,0,1,0,0000000,99,99,99,99,99,99,0,0,0,1,0
42,420077,2,2,0,2,17,0,19,1,2010,3,6,30,0,13,3,SR-2038,,69,40.22388611,-75.159336110,0,34,0,0,1,1,4,0,2,5,0,5,0,0000000,6,34,6,41,88,88,0,0,0,1,0
42,420078,1,1,0,1,15,0,31,1,2010,1,18,27,0,6,3,SR-4003,,13,41.83386944,-76.540741670,0,35,0,0,1,1,5,0,2,1,0,1,0,0000000,18,44,18,54,88,88,0,0,0,1,1
42,420079,2,2,0,2,29,0,5,1,2010,3,17,47,1,12,3,SR-100,,3,39.99172778,-75.589761110,0,12,6,0,1,1,1,0,2,1,0,1,0,0000000,17,48,17,56,18,35,0,0,0,1,1
42,420080,1,1,1,1,49,2640,14,1,2010,5,22,10,0,13,2,US-0020,,283,42.12541944,-80.042997220,0,8,0,0,1,1,1,0,6,1,0,1,0,0000000,99,99,99,99,88,88,0,0,0,1,0
42,420081,1,1,0,1,19,0,14,2,2010,1,10,10,1,1,1,I-79,,1023,41.00781111,-80.114558330,0,24,0,0,1,1,2,0,1,1,0,1,0,0000000,10,9,10,25,88,88,0,0,0,1,0
42,420082,1,1,0,1,81,0,21,2,2010,1,2,0,0,3,3,SR-42,,19,41.24602222,-76.517475000,0,42,0,0,1,1,4,0,2,1,0,1,0,0000000,7,6,7,17,88,88,0,0,0,1,1
42,420083,2,2,0,2,1,0,7,2,2010,1,13,49,0,4,3,SR-2008,EDGEGROVE RD,27,39.81924167,-77.022980560,0,12,6,0,2,3,1,0,1,1,0,1,0,0000000,13,51,13,57,88,88,0,0,0,1,0
42,420084,1,1,1,1,35,0,12,2,2010,6,13,37,0,5,3,SR-2020,FAIRPOINT RD,11,41.12604167,-77.499955560,0,8,0,0,2,4,1,0,1,1,0,1,0,0000000,13,37,13,44,99,99,19,0,0,1,0
42,420085,2,2,0,3,39,0,9,2,2010,3,17,30,0,4,3,SR-408,,200,41.65135278,-79.786472220,0,12,2,0,1,1,1,0,1,4,0,4,0,0000000,17,47,99,99,99,99,0,0,0,1,1
42,420086,1,1,1,1,63,0,25,2,2010,5,15,6,0,5,3,SR-1052,,29,40.88382778,-78.901911110,0,8,0,0,1,1,1,0,1,1,0,1,0,0000000,99,99,99,99,88,88,0,0,0,1,0
42,420087,1,1,0,2,37,0,26,2,2010,6,13,50,0,15,3,SR-4008,,2,41.02449722,-76.473341670,0,1,0,0,1,1,4,0,1,1,0,1,0,0000000,99,99,99,99,88,88,0,0,0,1,0
42,420088,2,2,0,2,33,0,10,2,2010,4,9,37,1,1,1,I-80,,1155,41.06302222,-78.457125000,0,12,6,0,1,1,1,0,1,4,11,4,0,0000000,99,99,99,99,99,99,19,0,0,1,0
42,420089,1,1,0,2,17,0,14,2,2010,1,1,53,0,15,3,SR-2043,,40,40.16838889,-74.950955560,0,23,0,0,1,1,4,0,2,1,0,1,0,0000000,1,56,2,6,2,46,0,0,0,1,0
42,420090,2,2,0,2,119,0,15,2,2010,2,5,56,0,3,3,SR-104,,28,40.90626944,-77.053972220,0,12,2,0,1,1,1,0,2,8,0,8,0,0000000,5,43,5,49,88,88,0,0,0,1,0
42,420091,1,1,1,1,129,0,19,2,2010,6,6,10,0,15,3,SR-3071,,70,40.30549722,-79.672252780,0,8,0,0,1,1,1,0,2,1,0,1,0,0000000,99,99,99,99,88,88,0,0,0,1,0
42,420092,3,3,0,9,5,0,12,2,2010,6,13,0,0,3,3,SR-0056,CRAIG RUN RD,141,40.63045278,-79.380316670,0,12,1,0,3,2,1,0,1,1,0,1,0,0000000,12,54,13,5,14,39,14,0,0,1,0
42,420093,2,1,0,1,101,6540,1,2,2010,2,18,1,0,15,3,SR-3095,,9,39.89325556,-75.233038890,0,14,0,1,19,1,10,0,3,1,0,1,0,0000000,18,5,18,16,88,88,0,0,0,1,0
42,420094,2,2,0,3,63,0,14,2,2010,1,16,5,0,3,3,SR-286,,329,40.70018611,-78.988063890,0,12,6,0,1,1,1,0,1,4,0,4,0,0000000,16,1,16,14,16,43,0,0,0,2,0
42,420095,1,1,0,1,33,0,3,2,2010,4,0,18,1,1,1,I-80,,1001,41.13520000,-78.726161110,0,24,0,0,1,1,2,0,2,1,0,1,0,0000000,99,99,99,99,88,88,0,0,0,1,0
42,420096,1,1,0,1,103,0,20,2,2010,7,23,17,0,3,2,US-6,,79,41.41470556,-75.062969440,0,35,0,0,1,1,4,0,2,1,0,1,0,0000000,99,99,99,99,99,99,0,0,0,1,0
42,420097,3,2,0,3,11,0,2,2,2010,3,6,57,1,13,3,SR-0061,BERKLEY PARK RD,60,40.43137500,-75.937811110,0,12,6,0,2,3,1,0,1,1,0,1,0,0000000,99,99,99,99,99,99,0,0,0,2,0
42,420098,1,1,0,1,69,1090,5,2,2010,6,2,25,0,14,3,SR-106,,67,41.58306944,-75.512811110,0,24,0,0,1,1,2,0,2,1,0,1,0,0000000,2,11,2,16,2,43,0,0,0,1,1
42,420099,1,1,0,1,27,0,28,2,2010,1,11,15,0,6,6,HAVICE VALLEY RD,,0,40.83229722,-77.416588890,0,42,0,0,1,1,4,0,1,1,0,1,0,0000000,11,35,99,97,99,97,22,0,0,1,0
42,420100,4,4,1,8,129,0,7,2,2010,1,19,40,1,11,1,I-0076,,856,40.15315833,-79.445122220,0,12,7,0,1,1,1,0,2,1,0,1,0,0000000,19,53,20,10,20,42,2,19,0,1,0
42,420101,3,3,0,5,21,0,11,2,2010,5,16,8,1,2,2,US-0219,,110,40.36866111,-78.771347220,0,12,6,1,18,1,1,0,1,4,0,4,0,0000000,99,99,99,99,99,99,0,0,0,1,0
42,420102,3,2,3,2,3,6600,21,2,2010,1,4,50,0,16,6,FRANKSTOWN AV,STERRETT ST,0,40.45692222,-79.894133330,0,12,6,0,2,2,1,0,3,1,0,1,0,0000000,4,53,4,56,5,20,0,0,0,1,1
42,420103,1,1,0,5,25,0,23,2,2010,3,16,0,1,1,1,I-80,,2790,41.08075000,-75.652886110,0,1,0,0,1,1,4,0,1,4,0,4,0,0000000,99,99,99,99,99,99,0,0,0,2,0
42,420104,1,1,0,1,43,0,26,2,2010,6,21,57,1,13,2,US-322,,16,40.25756111,-76.788125000,0,35,0,0,1,1,5,0,2,1,0,1,0,0000000,99,99,99,99,88,88,0,0,0,1,1
42,420105,1,1,1,4,107,7280,16,2,2010,3,23,21,1,13,3,SR-61,ANN ST,176,40.71193889,-76.188372220,0,8,0,0,3,3,1,0,2,1,0,1,0,0000000,99,99,99,99,99,99,0,0,0,1,0
42,420106,1,1,1,1,3,6600,14,2,2010,1,6,3,1,13,2,US-19,,73,40.40176389,-80.042369440,0,8,0,0,1,1,1,0,3,1,0,1,0,0000000,6,3,6,12,99,99,0,0,0,1,1
42,420107,3,2,0,2,45,1270,8,3,2010,2,11,29,1,13,2,US-0013,JOHNSON ST,59,39.86000278,-75.351511110,0,12,2,0,3,2,1,0,1,1,0,1,0,0000000,99,99,99,99,99,99,20,0,0,1,1
42,420108,2,2,0,3,31,0,4,2,2010,5,0,23,1,2,3,SR-28,,107,41.10577500,-79.218294440,0,12,2,0,1,1,1,0,2,1,0,1,0,0000000,99,99,99,99,99,99,0,0,0,1,1
42,420109,3,3,0,4,109,0,25,2,2010,5,14,53,0,3,3,SR-0104,,96,40.76828056,-77.020150000,0,12,8,0,1,1,1,0,1,1,0,1,0,0000000,14,54,14,58,88,88,0,0,0,1,0
42,420110,2,2,0,4,129,0,16,2,2010,3,12,5,0,3,3,SR-271,,71,40.27210000,-79.073608330,0,12,6,0,1,1,1,0,1,4,0,4,0,0000000,99,99,99,99,99,99,0,0,0,1,0
42,420111,5,5,1,5,77,0,4,2,2010,5,6,15,1,13,2,US-0222,,79,40.57011667,-75.552711110,0,8,0,1,18,1,1,0,2,1,0,1,0,0000000,99,99,99,99,88,88,0,0,0,1,0
42,420112,1,1,1,1,107,8350,26,2,2010,6,20,42,0,16,6,UNION ST,,0,40.80214444,-75.965402780,0,8,0,0,1,1,1,0,3,1,0,1,0,0000000,99,99,99,99,99,99,0,0,0,1,0
42,420113,1,1,0,5,3,6600,21,2,2010,1,1,50,1,11,1,I-376,,680,40.42049444,-80.032172220,0,25,0,0,1,1,3,0,3,1,0,1,0,0000000,99,99,99,99,99,99,0,0,0,3,0
42,420114,3,3,0,4,9,0,9,2,2010,3,11,15,0,3,2,US-0030,,193,40.02598333,-78.450955560,0,12,8,0,1,1,1,0,1,4,0,4,0,0000000,11,21,11,30,99,99,0,0,0,1,0
42,420115,1,1,0,1,3,0,15,2,2010,2,19,11,1,12,2,US-22,,19,40.43058056,-80.261575000,0,48,0,0,1,1,2,0,2,4,0,4,0,0000000,99,99,99,99,99,99,0,0,0,1,0
42,420116,4,4,0,6,123,8850,12,2,2010,6,15,49,1,13,2,US-0062,FIFTH AV,218,41.84960833,-79.146558330,0,12,7,0,3,2,1,0,1,1,0,1,0,0000000,15,54,15,56,16,13,0,0,0,1,0
42,420117,1,1,0,1,91,0,9,2,2010,3,2,18,0,6,5,BEAVER ST,,0,40.21630556,-75.276619440,0,42,0,0,1,1,5,0,3,1,0,1,0,0000000,99,99,99,99,88,88,0,0,0,1,1
42,420118,1,1,0,3,101,6540,13,2,2010,7,5,10,1,13,2,US-1,,85,40.02664167,-75.115400000,0,33,0,0,1,1,3,0,3,8,0,8,0,0000000,5,9,5,15,5,32,0,0,0,2,0
42,420119,1,1,1,1,101,6540,20,2,2010,7,19,51,1,13,3,SR-73,,21,40.04517500,-75.055480560,0,8,0,0,1,1,1,0,3,1,0,1,0,0000000,19,55,19,59,20,39,0,0,0,1,0
42,420120,1,1,0,1,125,0,12,2,2010,6,9,0,1,1,1,I-70,,110,40.13031944,-80.334669440,0,48,0,1,19,1,2,0,1,4,0,4,0,0000000,9,6,9,16,10,0,0,0,0,1,1
42,420121,1,1,1,1,85,0,18,2,2010,5,18,15,1,1,1,I-80,,238,41.20155278,-80.074280560,0,8,0,0,1,1,1,0,2,1,0,1,0,0000000,18,29,18,42,18,52,23,0,0,1,0
42,420122,1,1,1,1,101,6540,27,2,2010,7,18,44,1,13,3,SR-2001,,47,39.95337500,-75.140050000,0,8,0,0,1,1,1,0,5,1,0,1,0,0000000,18,44,18,50,19,11,0,0,0,1,0
42,420123,4,3,1,9,133,0,10,2,2010,4,19,30,1,2,2,US-0015,,24,40.06932778,-77.058966670,0,8,0,0,1,1,1,0,2,4,11,4,0,0000000,99,99,99,99,99,99,19,0,0,1,0
42,420124,2,2,0,4,91,0,14,2,2010,1,14,30,0,15,3,SR-4018,,39,40.25773333,-75.480883330,0,12,2,0,1,1,1,0,1,1,0,1,0,0000000,14,30,14,34,15,11,0,0,0,2,0
42,420125,2,2,0,3,55,0,11,2,2010,5,17,4,0,14,3,SR-995,,176,39.91723333,-77.703344440,0,12,2,0,1,1,1,0,1,1,0,1,0,0000000,17,4,17,12,99,99,0,0,0,1,0
42,420126,2,2,0,4,99,0,11,2,2010,5,13,3,0,3,3,SR-34,,109,40.40836111,-77.165355560,0,48,0,0,1,1,2,0,1,1,0,1,0,0000000,13,1,13,17,13,42,0,0,0,2,0
42,420127,2,2,0,2,69,710,5,2,2010,6,0,0,0,14,3,SR-347,,55,41.48865278,-75.615091670,0,24,0,0,1,1,2,0,3,1,0,1,0,0000000,0,0,0,9,0,35,0,0,0,1,1
42,420128,2,2,0,2,49,2640,9,2,2010,3,8,29,1,13,3,SR-5,LINCOLN AV,227,42.10951389,-80.119541670,0,12,6,0,2,2,1,0,1,1,0,1,0,0000000,99,99,99,99,99,99,0,0,0,1,0
42,420129,2,2,0,3,41,5010,27,2,2010,7,14,20,0,14,3,SR-2014,,16,40.21581944,-76.992652780,0,12,6,0,4,1,1,0,1,1,0,1,0,0000000,14,20,14,29,15,5,0,0,0,1,0
42,420130,2,2,0,5,101,6540,26,2,2010,6,22,35,1,11,1,I-76,,3408,39.99911111,-75.195311110,0,25,0,0,1,1,2,0,3,1,0,1,0,0000000,99,99,99,99,99,99,0,0,0,1,0
42,420131,2,2,0,2,37,0,21,2,2010,1,0,8,0,3,3,SR-42,,26,40.83210833,-76.338305560,0,12,2,0,1,1,1,0,2,1,0,1,0,0000000,99,99,99,99,88,88,0,0,0,2,1
42,420132,2,2,0,2,79,0,24,2,2010,4,23,20,0,3,3,SR-118,,54,41.30605000,-76.215716670,0,12,2,0,1,1,1,0,2,1,0,1,0,0000000,23,22,23,34,0,35,0,0,0,1,1
42,420133,2,2,0,2,49,0,18,2,2010,5,17,32,0,4,3,SR-531,I-90-SR8022 RAMP,16,42.13864722,-79.923441670,0,12,6,1,2,2,1,0,5,1,0,1,0,0000000,17,33,17,46,18,25,0,0,0,1,0