STATE,ST_CASE,VE_TOTAL,VE_FORMS,PEDS,PERSONS,COUNTY,CITY,DAY,MONTH,YEAR,DAY_WEEK,HOUR,MINUTE,NHS,ROAD_FNC,ROUTE,TWAY_ID,TWAY_ID2,MILEPT,LATITUDE,LONGITUD,SP_JUR,HARM_EV,MAN_COLL,RELJCT1,RELJCT2,TYP_INT,REL_ROAD,WRK_ZONE,LGT_COND,WEATHER1,WEATHER2,WEATHER,SCH_BUS,RAIL,NOT_HOUR,NOT_MIN,ARR_HOUR,ARR_MIN,HOSP_HR,HOSP_MN,CF1,CF2,CF3,FATALS,DRUNK_DR
42,420134,2,2,0,8,91,0,17,2,2010,4,7,26,1,2,3,SR-73,,84,40.27932222,-75.495286110,0,12,2,0,8,1,1,0,1,1,0,1,1,0000000,7,27,7,30,8,28,0,0,0,1,0
42,420135,2,2,0,4,101,6540,28,2,2010,1,19,15,0,4,3,SR-1004,KINSEY ST,45,40.00920278,-75.082122220,0,12,6,0,2,2,1,0,3,1,0,1,0,0000000,99,99,99,99,99,99,0,0,0,2,1
42,420136,2,2,0,2,129,0,3,2,2010,4,8,0,1,2,3,SR-356,,83,40.65476389,-79.666594440,0,12,6,0,1,1,1,0,1,4,0,4,0,0000000,8,2,8,11,8,55,0,0,0,1,0
42,420137,2,2,0,3,73,0,15,2,2010,2,9,42,0,2,2,US-224,DWORMAN WY,74,41.01313056,-80.397230560,0,12,6,0,2,2,1,0,1,1,0,1,0,0000000,9,44,9,52,10,14,0,0,0,1,0
42,420138,2,2,0,2,59,0,23,3,2010,3,18,50,0,3,3,SR-88,,99,39.84802500,-79.961372220,0,24,0,0,1,1,2,0,1,2,0,2,0,0000000,18,50,18,53,19,48,0,0,0,1,0
42,420139,2,2,0,2,111,0,17,3,2010,4,9,45,1,2,2,US-30,US-30-SR8007 RAMP,71,40.13829722,-79.010930560,0,12,6,1,2,2,1,0,1,1,0,1,0,0000000,99,99,99,99,99,99,0,0,0,1,0
42,420140,2,2,1,3,101,6540,5,2,2010,6,18,39,1,11,1,I-95,,129,39.88836667,-75.241769440,0,8,0,0,1,1,1,0,2,4,0,4,0,0000000,18,53,18,58,88,88,14,0,0,1,0
42,420141,1,1,0,1,11,0,20,3,2010,7,3,48,0,5,3,SR-4011,,83,40.53450833,-76.076566670,0,11,0,0,1,1,1,0,2,1,0,1,0,0000000,99,99,99,99,99,99,0,0,0,1,1
42,420142,1,1,1,1,77,0,11,2,2010,5,14,0,0,6,3,SR-4005,,12,40.65302222,-75.576294440,0,8,0,0,1,1,4,0,1,4,0,4,0,0000000,99,99,99,99,99,99,0,0,0,1,0
42,420143,1,1,0,1,79,0,20,3,2010,7,13,57,1,1,1,I-80-SR8005 RAMP,,18,41.04924167,-76.010133330,0,59,0,1,5,1,4,0,1,1,0,1,0,0000000,13,55,99,97,99,97,0,0,0,1,0
42,420144,2,2,0,3,71,4180,10,2,2010,4,15,20,0,16,6,WALNUT ST,RESERVOIR ST,0,40.04437500,-76.290163890,0,12,6,0,2,2,1,0,1,4,11,4,0,0000000,15,23,15,31,15,44,0,0,0,2,0
42,420145,1,1,0,2,89,0,5,3,2010,6,22,35,1,11,1,I-80,,3092,40.99825556,-75.154694440,0,35,0,0,1,1,4,0,2,1,0,1,0,0000000,99,99,99,99,99,99,0,0,0,1,1
42,420146,2,2,0,2,75,0,13,3,2010,7,0,5,1,1,1,I-81,,829,40.39676667,-76.619547220,0,12,2,0,1,1,1,0,2,1,0,1,0,0000000,99,99,99,99,99,99,0,0,0,1,1
42,420147,1,1,0,1,101,6540,13,3,2010,7,14,18,1,11,1,I-95,,143,39.88896667,-75.218155560,0,25,0,0,1,1,3,0,1,2,0,2,0,0000000,14,0,14,5,88,88,0,0,0,1,0
42,420148,1,1,1,1,13,0,16,3,2010,3,8,50,0,13,2,US-220B,,99,40.55467222,-78.344683330,0,8,0,0,1,1,2,0,1,1,0,1,0,0000000,99,99,99,99,88,88,0,0,0,1,0
42,420149,1,1,0,2,39,0,25,3,2010,5,4,30,0,4,3,SR-2015,,35,41.67205556,-79.936963890,0,34,0,0,1,1,4,0,2,1,0,1,0,0000000,4,49,5,5,5,26,0,0,0,1,0
42,420150,1,1,0,1,25,0,7,3,2010,1,1,3,0,4,3,SR-903,,120,40.99815556,-75.608941670,0,42,0,0,1,1,5,0,2,1,0,1,0,0000000,99,99,99,99,88,88,0,0,0,1,1
42,420151,1,1,1,1,43,0,6,3,2010,7,0,0,0,15,3,SR-441,,119,40.24326667,-76.820550000,0,8,0,0,1,1,1,0,3,1,0,1,0,0000000,99,99,99,99,99,99,0,0,0,1,0
42,420152,2,2,0,2,109,0,2,3,2010,3,4,18,0,3,3,SR-35,,89,40.74857222,-76.964325000,0,12,2,0,1,1,1,0,2,1,0,1,0,0000000,4,16,4,34,5,22,0,0,0,1,0
42,420153,2,1,0,3,53,0,17,3,2010,4,13,5,0,3,3,SR-36,,38,41.46316389,-79.437733330,0,45,0,0,1,1,1,0,1,1,0,1,0,0000000,13,26,13,48,14,13,0,0,0,1,0
42,420154,2,2,0,2,107,0,21,3,2010,1,21,35,1,2,3,SR-61,ALTAMONT BL,230,40.77727222,-76.227211110,0,12,6,0,2,3,1,0,2,1,0,1,0,0000000,99,99,99,99,88,88,0,0,0,1,1
42,420155,1,1,1,1,91,0,17,3,2010,4,18,35,0,6,5,BRIGHTS LN,CINDY CR,0,40.16926389,-75.237002780,0,15,0,0,2,3,1,0,1,1,0,1,0,0000000,18,37,18,44,19,7,0,0,0,1,0
42,420156,1,1,0,1,37,0,15,3,2010,2,19,0,0,3,3,SR-42,,321,41.17501667,-76.523736110,0,35,0,0,1,1,4,0,2,1,0,1,0,0000000,99,99,99,99,88,88,0,0,0,1,1
42,420157,1,1,0,1,133,0,19,3,2010,6,21,50,0,15,3,SR-3046,,7,39.91931944,-76.783669440,0,43,0,0,1,1,5,0,2,1,0,1,0,0000000,99,99,99,99,88,88,0,0,0,1,1
42,420158,1,1,0,1,125,0,16,3,2010,3,9,30,0,5,3,SR-2010,,3,40.13396111,-80.052536110,0,35,0,0,1,1,5,0,1,1,0,1,0,0000000,10,10,10,27,11,37,0,0,0,1,0
42,420159,1,1,0,2,3,1330,30,3,2010,3,12,32,0,13,3,SR-2048-US-22B,,9,40.43435556,-79.822283330,0,33,0,0,1,1,2,0,1,1,0,1,0,0000000,12,37,12,43,13,8,0,0,0,1,0
42,420160,1,1,1,1,133,0,5,3,2010,6,0,10,1,11,1,I-83,,187,39.97220278,-76.693805560,0,8,0,1,18,1,1,0,2,1,0,1,0,0000000,99,99,99,99,88,88,0,0,0,1,0
42,420161,1,1,0,1,101,6540,13,3,2010,7,4,58,0,16,3,SR-1005,,38,40.02185000,-75.094058330,0,42,0,0,1,1,5,0,3,2,0,2,0,0000000,4,58,5,3,88,88,0,0,0,1,0
42,420162,1,1,0,2,127,0,21,3,2010,1,7,49,0,15,3,SR-247,,6,41.65432500,-75.455163890,0,42,0,0,1,1,4,0,1,1,0,1,0,0000000,7,48,8,2,8,37,0,0,0,1,0
42,420163,1,1,0,1,59,0,5,3,2010,6,4,10,0,2,3,SR-21,,291,39.86447778,-79.970400000,0,52,0,0,1,1,2,0,2,1,0,1,0,0000000,4,11,4,12,88,88,0,0,0,1,0
42,420164,1,1,0,1,11,0,20,3,2010,7,21,17,0,6,5,CLUB RD,MARBURGER RD,0,40.39517222,-75.715691670,0,1,0,0,3,3,1,0,5,1,0,1,0,0000000,99,99,99,99,88,88,22,0,0,1,1
42,420165,1,1,0,1,133,3910,24,3,2010,4,16,35,0,14,3,SR-3001,,105,39.87650556,-76.709300000,0,53,0,0,1,1,5,0,1,1,0,1,0,0000000,16,35,16,52,17,4,0,0,0,1,0
42,420166,1,1,0,1,103,0,23,3,2010,3,15,50,0,3,2,US-6,,139,41.39274444,-74.960905560,0,42,0,0,1,1,4,0,1,1,0,1,0,0000000,99,99,99,99,88,88,0,0,0,1,0
42,420167,1,1,1,1,11,0,17,3,2010,4,5,57,0,3,3,SR-0183,SR-4011,123,40.43823611,-76.117783330,0,24,0,0,3,3,2,0,2,1,0,1,0,0000000,99,99,99,99,88,88,0,0,0,1,0
42,420168,3,3,0,5,101,6540,22,3,2010,2,16,20,1,11,1,I-0095,,119,39.87805278,-75.251591670,0,12,6,0,1,1,1,0,1,2,0,2,0,0000000,16,29,16,32,17,41,5,0,0,1,0
42,420169,1,1,0,2,91,0,7,3,2010,1,7,34,0,15,3,SR-4024,,12,40.22506111,-75.562741670,0,53,0,0,1,1,4,0,1,1,0,1,0,0000000,7,34,7,42,88,88,0,0,0,2,1
42,420170,3,1,1,2,13,0,26,3,2010,6,16,49,0,6,5,CARSON VALLEY RD,,0,40.45130278,-78.455166670,0,14,0,0,1,1,4,0,1,1,0,1,0,0000000,99,99,99,99,99,99,0,0,0,1,0
42,420171,1,1,0,1,13,0,14,3,2010,1,6,45,0,3,3,SR-36,,240,40.54673889,-78.477297220,0,48,0,0,1,1,5,0,3,5,2,2,0,0000000,6,47,6,58,88,88,5,0,0,1,0
42,420172,1,1,1,2,79,9340,26,3,2010,6,16,13,0,16,6,WASHINGTON ST,,0,41.26540000,-75.846316670,0,9,0,0,1,1,1,0,1,1,0,1,0,0000000,16,13,16,15,16,30,0,0,0,1,0
42,420173,1,1,0,1,3,0,23,3,2010,3,7,55,1,11,1,I-76,,320,40.65256667,-80.053988890,0,35,0,0,1,1,4,1,1,2,0,2,0,0000000,7,58,8,10,9,1,0,0,0,1,0
42,420174,3,3,0,3,11,4965,18,3,2010,5,16,30,0,15,3,SR-1014,,10,40.50855833,-75.785311110,0,12,6,0,8,1,1,0,1,1,0,1,0,0000000,99,99,99,99,99,99,0,0,0,1,0
42,420175,1,1,0,1,73,0,17,3,2010,4,23,45,0,3,3,SR-0065,,47,40.90110278,-80.265405560,0,53,0,0,1,1,4,0,2,1,0,1,0,0000000,23,51,23,56,0,21,0,0,0,1,1
42,420176,1,1,1,1,101,6540,11,3,2010,5,23,12,1,13,3,SR-611,MCFARRAN ST,54,40.01240556,-75.150533330,0,8,0,0,3,3,1,0,3,1,0,1,0,0000000,23,11,23,15,23,27,0,0,0,1,0
42,420177,1,1,1,2,101,6540,5,3,2010,6,18,23,1,13,3,SR-73,,6,40.05800278,-75.077955560,0,8,0,0,1,1,1,0,3,1,0,1,0,0000000,18,22,18,26,18,53,0,0,0,1,0
42,420178,1,1,1,1,101,6540,27,3,2010,7,19,30,0,16,6,LAMBERT ST,,0,39.98503333,-75.167550000,0,8,0,0,1,1,1,0,3,1,0,1,0,0000000,19,30,19,35,19,54,0,0,0,1,0
42,420179,2,2,0,3,117,0,26,3,2010,6,12,15,0,3,3,SR-287,TWP 778,327,41.93712778,-77.104025000,0,12,6,0,2,4,1,0,1,1,0,1,0,0000000,12,28,99,99,99,99,0,0,0,1,0
42,420180,2,2,0,2,129,0,21,3,2010,1,19,16,0,4,3,SR-286,,70,40.48315556,-79.587386110,0,12,6,0,8,1,1,0,1,1,0,1,0,0000000,19,18,19,22,19,53,0,0,0,1,0
42,420181,3,1,0,3,101,6540,7,3,2010,1,5,27,0,14,3,SR-1004,,42,40.00740278,-75.086386110,0,14,0,0,1,1,5,0,4,1,0,1,0,0000000,99,99,99,99,99,99,0,0,0,1,0
42,420182,1,1,1,1,91,0,28,3,2010,1,23,31,0,13,3,SR-3053,MAYFLOWER RD,26,40.09895833,-75.271469440,0,8,0,0,2,3,1,0,3,2,0,2,0,0000000,99,99,99,99,99,99,21,0,0,1,0
42,420183,2,2,0,3,79,0,30,3,2010,3,14,15,0,3,3,SR-309,,129,41.07960833,-75.956255560,0,12,6,0,1,1,1,0,1,4,11,4,0,0000000,14,26,14,39,15,24,0,0,0,1,0
42,420184,1,1,0,2,11,0,7,3,2010,1,0,7,0,6,5,WALNUT RD,,0,40.31464167,-75.814219440,0,42,0,0,1,1,5,0,2,1,0,1,0,0000000,99,99,99,99,99,99,0,0,0,1,1
42,420185,3,1,0,1,55,0,27,3,2010,7,14,18,0,3,3,SR-0316,,3,39.72603611,-77.604905560,0,14,0,0,1,1,5,0,1,1,0,1,0,0000000,14,16,99,97,99,97,0,0,0,1,1
42,420186,2,2,0,2,133,0,27,3,2010,7,12,5,0,14,3,SR-3001,,52,39.79144167,-76.678563890,0,12,6,0,8,1,1,0,1,1,0,1,0,0000000,11,56,12,3,12,32,0,0,0,1,0
42,420187,1,1,2,1,43,3500,12,3,2010,6,18,28,0,13,3,SR-0230,,31,40.24213333,-76.856725000,0,8,0,0,1,1,1,0,3,2,0,2,0,0000000,99,99,99,99,99,99,0,0,0,1,1
42,420188,1,1,1,1,5,0,9,3,2010,3,22,0,1,13,3,SR-28,,119,40.82060278,-79.487830560,0,8,0,0,1,1,1,0,2,1,0,1,0,0000000,22,5,22,10,88,88,0,0,0,1,0
42,420189,1,1,0,1,71,0,9,3,2010,3,17,37,0,14,3,SR-0741,,40,40.03165000,-76.360861110,0,1,0,0,1,1,2,0,1,1,0,1,0,0000000,99,99,99,99,99,99,0,0,0,1,0
42,420190,1,1,0,2,77,0,13,3,2010,7,20,45,1,11,1,I-0476,,534,40.54425000,-75.532061110,0,35,0,0,1,1,4,0,2,2,0,2,0,0000000,99,99,99,99,99,99,5,0,0,1,0
42,420191,2,2,0,3,55,3343,14,3,2010,1,6,26,1,2,2,US-0030,,285,39.90411111,-77.469377780,0,35,0,0,1,1,5,0,2,2,0,2,0,0000000,6,28,6,37,7,35,0,0,0,1,1
42,420192,2,2,0,4,117,0,20,3,2010,7,13,25,0,3,3,SR-2005,SR-2022,152,41.74475556,-77.077561110,0,12,1,0,3,2,1,0,1,1,0,1,0,0000000,13,21,13,29,14,6,0,0,0,1,0
42,420193,1,1,0,5,109,5095,19,3,2010,6,14,51,0,6,6,SALE BARN RD,,0,40.79660000,-77.000908330,0,30,0,0,1,1,5,0,1,1,0,1,0,0000000,14,51,15,0,15,15,0,0,0,2,0
42,420194,2,2,0,3,101,6540,21,3,2010,1,20,47,1,13,2,US-1,HALDEMAN AV,100,40.09988611,-75.008163890,0,12,1,0,2,3,1,0,3,1,0,1,0,0000000,20,47,20,55,88,88,0,0,0,2,1
42,420195,1,1,0,1,3,6600,25,3,2010,5,18,6,0,16,6,MEADOW ST,BRADEN WY,0,40.46499167,-79.914227780,0,30,0,0,2,3,5,0,3,2,0,2,0,0000000,18,8,18,14,88,88,0,0,0,1,0
42,420196,2,2,0,3,101,6540,18,3,2010,5,1,42,0,14,3,SR-2676,SR-3027,3,39.95851111,-75.165580560,0,12,6,0,2,2,1,0,3,1,0,1,0,0000000,1,43,1,47,88,88,0,0,0,2,0
42,420197,2,2,0,4,41,0,13,3,2010,7,15,20,0,16,3,SR-1013,CREEKVIEW RD,29,40.26655000,-76.979861110,0,12,6,0,2,2,1,0,1,2,0,2,0,0000000,15,25,15,29,16,9,0,0,0,1,0
42,420198,1,1,0,1,33,0,20,3,2010,7,14,51,0,3,3,SR-153,,277,41.13308889,-78.538577780,0,42,0,0,1,1,4,0,1,1,0,1,0,0000000,99,99,99,99,88,88,0,0,0,1,0
42,420199,2,2,0,3,75,0,31,3,2010,4,9,50,0,5,3,SR-241,,67,40.27069167,-76.482955560,0,12,6,0,1,1,1,0,1,1,0,1,0,0000000,9,54,10,5,99,99,0,0,0,1,1
42,420200,2,2,0,3,19,0,31,3,2010,4,17,56,0,3,3,SR-68,DOUBLE RD,129,40.84300278,-79.994297220,0,12,6,0,2,2,1,0,1,1,0,1,1,0000000,17,57,18,10,18,33,0,0,0,1,0
42,420201,2,2,0,3,21,0,24,3,2010,4,15,0,0,6,5,GALLERIA DR,,0,40.29807778,-78.835275000,0,12,6,0,8,1,1,0,1,1,0,1,0,0000000,99,99,99,99,99,99,0,0,0,1,0
42,420202,2,2,0,4,45,4240,4,3,2010,5,15,49,0,14,3,SR-2007,,0,39.93537500,-75.284372220,0,33,0,0,1,1,4,0,1,1,0,1,0,0000000,99,99,99,99,99,99,0,0,0,1,0
42,420203,1,1,0,2,39,0,3,4,2010,7,23,56,0,3,3,SR-18,,62,41.62580556,-80.290147220,0,32,0,0,1,1,5,0,3,1,0,1,0,0000000,99,99,99,99,99,99,0,0,0,1,1
42,420204,1,1,0,1,117,0,2,4,2010,6,14,40,0,3,3,SR-287,,93,41.66385833,-77.309822220,0,43,0,0,1,1,5,0,1,1,0,1,0,0000000,14,47,14,55,88,88,0,0,0,1,0
42,420205,1,1,0,4,133,3470,13,4,2010,3,13,20,0,16,6,GRANT DR,,0,39.81670833,-76.982547220,0,33,0,0,1,1,4,0,1,2,0,2,0,0000000,13,20,13,35,14,4,0,0,0,1,0
42,420206,1,1,0,3,109,0,13,4,2010,3,18,42,0,6,3,SR-2003,,31,40.75708056,-76.936066670,0,33,0,0,1,1,5,0,1,1,0,1,0,0000000,18,38,18,48,19,2,0,0,0,1,1
42,420207,1,1,0,1,115,0,11,4,2010,1,18,30,0,6,5,SHANTY HILL RD,,0,41.95575278,-75.873805560,0,35,0,0,1,1,4,0,1,1,0,1,0,0000000,99,99,99,99,88,88,22,0,0,1,1
42,420208,1,1,0,1,69,0,9,4,2010,6,14,39,0,3,3,SR-307,,53,41.34097778,-75.582016670,0,35,0,0,1,1,4,0,1,1,0,1,0,0000000,14,40,14,46,15,8,0,0,0,1,0
42,420209,3,3,0,3,31,5410,3,4,2010,7,14,18,0,3,3,SR-0068,,210,41.16608889,-79.397977780,0,12,1,0,8,1,1,0,1,10,1,10,0,0000000,99,99,99,99,99,99,0,0,0,1,0
42,420210,1,1,1,1,129,0,7,4,2010,4,5,50,0,3,3,SR-981,,172,40.18366944,-79.509805560,0,9,0,0,1,1,1,0,2,1,0,1,0,0000000,5,56,6,3,88,88,0,0,0,1,0
42,420211,1,1,0,2,29,0,29,3,2010,2,0,53,1,12,2,US-0001,,106,39.82318889,-75.904666670,0,59,0,0,1,1,2,0,2,2,6,2,0,0000000,0,53,1,0,88,88,0,0,0,1,1
42,420212,1,1,0,2,41,0,4,4,2010,1,19,41,0,4,3,SR-465,,34,40.16086944,-77.246227780,0,30,0,0,1,1,5,0,5,1,0,1,0,0000000,19,40,19,48,99,99,0,0,0,1,0
42,420213,1,1,0,1,11,0,11,4,2010,1,22,10,0,6,5,OLD ROUTE 22 HW,,0,40.50586944,-76.137827780,0,30,0,0,1,1,2,0,2,1,0,1,0,0000000,99,99,99,99,88,88,0,0,0,1,1
42,420214,4,1,0,1,65,6840,23,4,2010,6,1,27,0,16,3,SR-2017,,3,40.95377778,-78.958158330,0,14,0,0,1,1,2,0,2,1,0,1,0,0000000,99,99,99,99,88,88,0,0,0,1,1
42,420215,1,1,1,0,79,0,8,4,2010,5,2,10,1,11,1,I-81-SR8015 RAMP,,3,41.24881111,-75.822055560,0,8,0,1,5,1,1,0,2,1,0,1,0,0000000,2,18,2,25,88,88,0,0,0,1,0
42,420216,1,1,0,1,117,0,16,4,2010,6,20,29,0,6,5,STATE RD,,0,41.73376111,-77.149263890,0,42,0,0,1,1,4,0,2,1,0,1,0,0000000,20,28,99,99,21,11,0,0,0,1,1
42,420217,1,1,0,1,37,0,3,4,2010,7,0,30,0,4,3,SR-239,,81,41.23995556,-76.403097220,0,1,0,0,1,1,5,0,2,1,0,1,0,0000000,99,99,99,99,88,88,0,0,0,1,1
42,420218,1,1,0,1,129,0,25,4,2010,1,12,27,1,11,1,I-76,,596,40.40458889,-79.711641670,0,42,0,0,1,1,4,0,1,1,0,1,0,0000000,12,40,12,47,88,88,0,0,0,1,0
42,420219,1,1,0,1,71,0,23,3,2010,3,17,13,0,3,3,SR-0441,,128,40.07822222,-76.652077780,0,30,0,0,1,1,4,0,1,1,0,1,0,0000000,99,99,99,99,88,88,20,0,0,1,1
42,420220,2,2,0,2,29,0,26,4,2010,2,10,45,0,13,2,US-30B,,96,39.99652222,-75.742908330,0,12,1,0,1,1,1,0,1,2,0,2,0,0000000,99,99,99,99,99,99,0,0,0,1,0
42,420221,2,2,0,4,7,0,4,3,2010,5,14,59,0,14,3,SR-3009,SR-3007,32,40.60213056,-80.277438890,0,12,1,0,3,3,1,0,1,1,0,1,0,0000000,15,2,15,5,15,52,0,0,0,1,0
42,420222,1,1,0,2,101,6540,18,4,2010,1,6,27,1,11,1,I-95,,214,39.95493889,-75.141608330,0,25,0,0,1,1,3,0,1,1,0,1,0,0000000,6,38,6,46,7,12,0,0,0,1,0
42,420223,1,1,0,2,49,0,25,4,2010,1,10,58,0,5,3,SR-3014,,158,41.93067500,-80.029969440,0,42,0,0,1,1,5,0,1,1,0,1,0,0000000,10,55,11,4,11,44,0,0,0,1,0
42,420224,1,1,1,1,77,0,10,4,2010,7,16,35,0,5,3,SR-4040,,39,40.64722222,-75.751386110,0,8,0,0,1,1,1,0,1,1,0,1,0,0000000,99,99,99,99,99,99,16,0,0,1,0
42,420225,2,2,0,2,71,0,5,4,2010,2,5,54,0,14,3,SR-0441,,56,40.05457500,-76.524319440,0,12,2,0,1,1,1,0,2,1,0,1,0,0000000,99,99,99,99,99,99,0,0,0,1,0
42,420226,3,3,0,3,3,0,14,4,2010,4,14,6,1,11,1,I-0076,,363,40.63007222,-79.985327780,0,12,1,0,1,1,1,1,1,1,0,1,0,0000000,99,99,99,99,99,99,3,0,0,1,0
42,420227,1,1,0,2,121,0,29,4,2010,5,14,48,0,3,3,SR-8,,259,41.53881667,-79.714969440,0,24,0,0,1,1,4,0,1,1,0,1,0,0000000,99,99,99,99,99,99,0,0,0,1,0
42,420228,1,1,0,2,29,0,11,4,2010,1,18,26,1,12,2,US-1,,172,39.84221389,-75.798808330,0,1,0,0,1,1,1,0,1,1,0,1,0,0000000,18,23,18,28,19,12,0,0,0,1,0
42,420229,1,1,1,1,95,2270,17,3,2010,4,16,24,0,13,3,SR-0248,MULBERRY ST,236,40.69068889,-75.220366670,0,9,0,0,2,3,1,0,1,1,0,1,0,0000000,99,99,99,99,88,88,0,0,0,1,0
42,420230,4,4,0,8,43,0,23,4,2010,6,17,35,1,12,3,SR-0300,,11,40.22420278,-76.772116670,0,12,1,0,1,1,1,0,1,1,0,1,0,0000000,17,35,18,2,18,31,0,0,0,2,0
42,420231,3,3,0,6,9,0,14,4,2010,4,5,34,1,2,2,US-0220,,129,39.88514167,-78.605277780,0,12,8,0,1,1,1,0,2,5,0,5,0,0000000,5,35,5,51,88,88,0,0,0,1,0
42,420232,3,2,0,2,91,6780,30,4,2010,6,9,25,0,13,3,SR-4031,,167,40.24832500,-75.663100000,0,12,8,0,1,1,1,0,1,1,0,1,0,0000000,9,24,9,29,9,52,0,0,0,1,0
42,420233,1,1,0,1,33,0,23,4,2010,6,13,5,0,4,3,SR-453,,23,40.74200556,-78.384119440,0,42,0,0,1,1,5,0,1,1,0,1,0,0000000,99,99,99,99,88,88,0,0,0,1,0
42,420234,3,3,1,3,11,0,8,4,2010,5,5,57,1,13,2,US-0422,,288,40.26760833,-75.760797220,0,8,0,0,1,1,1,0,2,1,0,1,0,0000000,99,99,99,99,99,99,0,0,0,1,0
42,420235,1,1,0,1,11,0,8,4,2010,5,2,49,0,4,3,SR-419,,18,40.37452500,-76.188636110,0,30,0,0,1,1,4,0,2,1,0,1,0,0000000,99,99,99,99,88,88,0,0,0,1,1
42,420236,1,1,0,1,41,0,5,4,2010,2,22,11,0,6,5,CROSSROAD SCHOOL RD,,0,40.18559444,-77.352547220,0,43,0,0,1,1,4,0,2,1,0,1,0,0000000,22,11,22,14,88,88,0,0,0,1,0
42,420237,1,1,0,1,43,3500,26,4,2010,2,15,26,0,13,2,US-0022,,153,40.28081389,-76.874438890,0,24,0,0,1,1,2,0,1,2,0,2,0,0000000,15,26,15,33,88,88,0,0,0,1,0
42,420238,1,1,0,1,43,0,11,4,2010,1,22,5,0,4,3,SR-25,,59,40.58338056,-76.864436110,0,11,0,0,1,1,1,0,2,1,0,1,0,0000000,22,6,22,20,22,36,0,0,0,1,0
42,420239,1,1,0,1,51,0,11,4,2010,1,12,20,0,4,3,SR-982,,5,40.05912500,-79.553441670,0,38,0,0,1,1,4,0,1,1,0,1,0,0000000,12,22,12,27,13,34,0,0,0,1,0
42,420240,2,2,0,3,127,0,2,4,2010,6,19,10,0,3,3,SR-0191,,442,41.77817500,-75.177641670,0,12,6,0,8,1,1,0,5,1,0,1,0,0000000,19,13,19,31,19,53,0,0,0,1,1
42,420241,1,1,0,1,103,0,21,4,2010,4,15,37,0,6,5,DOOLAN RD,,0,41.24608611,-74.921061110,0,42,0,0,1,1,4,0,1,1,0,1,0,0000000,15,34,15,47,88,88,0,0,0,1,1
42,420242,2,2,0,3,43,3500,19,4,2010,2,0,6,0,16,6,SEVENTH ST,MACLAY ST,0,40.28106944,-76.888300000,0,12,6,0,2,2,1,0,3,1,0,1,0,0000000,0,7,0,10,0,38,20,0,0,1,1
42,420243,2,2,0,3,99,0,2,4,2010,6,16,48,0,3,3,SR-0034,,34,40.32595556,-77.177044440,0,12,1,0,8,1,1,0,1,1,0,1,0,0000000,16,48,16,51,99,99,0,0,0,1,0
42,420244,1,1,0,1,25,0,21,4,2010,4,19,22,0,4,3,SR-4010,,52,40.91210000,-75.877088890,0,1,0,0,1,1,4,0,1,1,0,1,0,0000000,99,99,99,99,88,88,0,0,0,1,1
42,420245,2,2,0,4,73,0,2,4,2010,6,21,20,0,3,3,SR-0224,MILLER FARM RD,31,41.00730833,-80.463825000,0,12,6,0,2,2,1,0,3,1,0,1,0,0000000,21,23,21,32,22,36,0,0,0,1,1
42,420246,1,1,0,1,113,0,24,4,2010,7,11,38,0,3,2,US-0220,,54,41.36130833,-76.552875000,0,24,0,0,1,1,2,0,1,1,0,1,0,0000000,11,41,11,50,12,48,0,0,0,1,0
42,420247,1,1,0,1,17,0,3,4,2010,7,11,50,1,13,3,SR-0611,,88,40.34071111,-75.133938890,0,24,0,0,1,1,2,0,1,1,0,1,0,0000000,11,51,11,57,88,88,0,0,0,1,1
42,420248,1,1,0,1,13,0,24,4,2010,7,5,20,0,15,3,SR-453,,45,40.67863889,-78.253297220,0,1,0,0,1,1,1,0,4,1,0,1,0,0000000,99,99,99,99,88,88,0,0,0,1,0
42,420249,1,1,0,1,41,5530,19,4,2010,2,0,50,0,14,3,SR-0034,PINE ST,65,40.11425833,-77.188902780,0,33,0,0,2,2,4,0,3,1,0,1,0,0000000,0,51,0,51,1,10,0,0,0,1,1
42,420250,1,1,0,1,107,0,20,4,2010,3,6,55,0,14,3,SR-54,,34,40.78945833,-76.312761110,0,35,0,0,1,1,5,0,1,1,0,1,0,0000000,6,57,7,7,88,88,2,0,0,1,1
42,420251,1,1,0,2,89,8475,30,4,2010,6,14,15,0,5,3,SR-4015,,12,41.13174722,-75.556013890,0,42,0,0,1,1,5,0,1,1,0,1,0,0000000,14,16,14,24,88,88,0,0,0,2,0
42,420252,1,1,0,1,69,0,26,4,2010,2,20,44,0,4,3,SR-307,,182,41.48686944,-75.753316670,0,30,0,0,1,1,2,0,2,2,0,2,0,0000000,20,44,20,51,21,16,0,0,0,1,0
42,420253,1,1,0,1,11,0,22,4,2010,5,14,28,0,13,3,SR-3055,,26,40.35822222,-75.994522220,0,30,0,0,1,1,5,0,1,1,0,1,0,0000000,99,99,99,99,99,99,0,0,0,1,0
42,420254,1,1,0,1,69,0,29,4,2010,5,21,30,0,15,3,SR-247,,183,41.60730278,-75.564733330,0,30,0,0,1,1,5,0,2,1,0,1,0,0000000,21,52,22,0,22,26,0,0,0,1,1
42,420255,1,1,0,6,101,6540,16,4,2010,6,10,20,0,14,3,SR-3005,FAIRMOUNT AV,18,39.96451667,-75.204527780,0,5,0,0,3,3,1,0,1,1,0,1,0,0000000,88,88,88,88,88,88,0,0,0,1,0
42,420256,1,1,0,1,7,0,16,4,2010,6,9,57,0,13,3,SR-0018,,177,40.66912222,-80.316000000,0,46,0,0,8,1,5,0,1,1,0,1,0,0000000,9,58,10,4,99,99,0,0,0,1,0