STATE,ST_CASE,VE_TOTAL,VE_FORMS,PEDS,PERSONS,COUNTY,CITY,DAY,MONTH,YEAR,DAY_WEEK,HOUR,MINUTE,NHS,ROAD_FNC,ROUTE,TWAY_ID,TWAY_ID2,MILEPT,LATITUDE,LONGITUD,SP_JUR,HARM_EV,MAN_COLL,RELJCT1,RELJCT2,TYP_INT,REL_ROAD,WRK_ZONE,LGT_COND,WEATHER1,WEATHER2,WEATHER,SCH_BUS,RAIL,NOT_HOUR,NOT_MIN,ARR_HOUR,ARR_MIN,HOSP_HR,HOSP_MN,CF1,CF2,CF3,FATALS,DRUNK_DR
42,420257,1,1,0,1,17,0,3,4,2010,7,17,39,0,15,3,SR-4008,,14,40.31011667,-75.265136110,0,34,0,0,1,1,5,0,1,1,0,1,0,0000000,17,40,17,59,18,33,0,0,0,1,0
42,420258,1,1,1,1,11,0,1,4,2010,5,21,45,1,12,3,SR-12-SR 8036 RAMP,,22,40.37294722,-75.926847220,0,8,0,1,5,1,1,0,2,1,0,1,0,0000000,99,99,99,99,88,88,0,0,0,1,0
42,420259,1,1,0,1,27,0,7,4,2010,4,13,56,1,1,1,I-80,,1597,40.94600278,-77.732775000,0,35,0,0,1,1,4,0,1,1,0,1,0,0000000,14,0,14,16,88,88,0,0,0,1,0
42,420260,1,1,1,1,101,6540,7,4,2010,4,22,5,0,13,3,SR-1002,,7,40.05516944,-75.125666670,0,8,0,0,1,1,1,0,3,1,0,1,0,0000000,99,99,99,99,88,88,0,0,0,1,0
42,420261,1,1,0,2,33,0,2,4,2010,6,16,8,0,3,3,SR-0255,,148,41.23902222,-78.548375000,0,31,0,0,1,1,4,0,1,1,0,1,0,0000000,16,12,16,19,16,52,0,0,0,1,0
42,420262,1,1,0,3,73,6835,22,4,2010,5,12,55,0,4,3,SR-0551,,135,41.07468333,-80.430719440,0,5,0,0,1,1,1,1,1,1,0,1,0,0000000,13,1,13,9,88,88,0,0,0,1,0
42,420263,1,1,0,4,5,0,13,4,2010,3,19,51,0,6,5,WIBLE RD,,0,40.81887222,-79.552208330,0,1,0,0,1,1,1,0,1,1,0,1,0,0000000,19,53,19,53,20,17,0,0,0,1,1
42,420264,2,2,1,2,63,0,8,4,2010,5,0,30,1,13,2,US-119,,95,40.56520556,-79.161550000,0,8,0,0,1,1,1,0,2,1,0,1,0,0000000,99,99,99,99,88,88,14,0,0,1,0
42,420265,1,1,0,1,115,0,11,4,2010,1,1,10,0,6,5,WEST LENOX CHURCH RD,,0,41.70869722,-75.704194440,0,30,0,0,1,1,4,0,2,1,0,1,0,0000000,99,99,99,99,88,88,0,0,0,1,1
42,420266,1,1,1,1,125,1070,4,4,2010,1,7,49,0,14,3,SR-1009,,71,40.25840556,-80.188841670,0,8,0,0,1,1,1,0,1,1,0,1,0,0000000,7,54,7,56,8,2,0,0,0,1,0
42,420267,1,1,1,1,11,6900,6,4,2010,3,13,24,0,14,3,SR-183,SR-3034,8,40.35455833,-75.947530560,0,8,0,0,3,3,1,0,1,1,0,1,0,0000000,99,99,99,99,99,99,16,0,0,1,0
42,420268,1,1,1,1,101,6540,2,4,2010,6,18,21,0,16,6,CATHARINE ST,,0,39.94062222,-75.164777780,0,8,0,0,1,1,1,0,1,1,0,1,0,0000000,18,24,99,97,99,97,0,0,0,1,0
42,420269,1,1,1,1,101,6540,3,4,2010,7,1,20,0,13,2,US-13,,66,40.00998333,-75.166561110,0,8,0,0,1,1,1,0,3,1,0,1,0,0000000,1,20,1,25,1,46,0,0,0,1,1
42,420270,1,1,1,1,101,6540,1,4,2010,5,8,11,0,13,3,SR-2014,,37,39.98611389,-75.121463890,0,8,0,0,1,1,1,0,1,1,0,1,0,0000000,8,11,8,14,8,30,0,0,0,1,0
42,420271,1,1,1,1,101,6540,29,4,2010,5,21,30,1,13,3,SR-3,56TH ST,10,39.95795278,-75.233497220,0,8,0,0,3,2,1,0,3,1,0,1,0,0000000,21,38,21,41,22,0,0,0,0,1,0
42,420272,2,2,0,3,109,0,16,4,2010,6,8,34,0,14,3,SR-1023,,11,40.83129167,-76.836055560,0,12,2,0,1,1,1,0,1,1,0,1,0,0000000,8,32,8,35,9,8,0,0,0,1,0
42,420273,1,1,1,1,77,110,16,4,2010,6,23,9,0,13,2,US-222,,114,40.59448889,-75.499652780,0,8,0,0,1,1,1,0,3,2,0,2,0,0000000,99,99,99,99,99,99,0,0,0,1,0
42,420274,2,2,0,2,43,0,15,4,2010,5,13,46,0,14,3,SR-0039,,129,40.31695000,-76.699722220,0,12,6,0,8,1,1,0,1,1,0,1,0,0000000,13,46,13,58,14,28,0,0,0,1,0
42,420275,1,1,1,1,47,7300,16,4,2010,6,10,10,0,16,6,ERIE AV,,0,41.42855278,-78.560002780,0,8,0,0,1,1,1,0,1,1,0,1,0,0000000,99,99,99,99,99,99,0,0,0,1,0
42,420276,2,2,0,2,29,0,22,4,2010,5,14,54,0,14,3,SR-0010,,13,39.80224722,-75.970458330,0,12,6,0,8,1,1,0,1,1,0,1,0,0000000,14,53,14,58,15,49,0,0,0,1,0
42,420277,1,1,0,1,79,0,4,5,2010,3,18,35,0,3,3,SR-924,,24,40.93402500,-76.051530560,0,42,0,0,1,1,5,0,1,1,0,1,0,0000000,88,88,88,88,88,88,0,0,0,1,0
42,420278,2,2,0,3,29,0,1,4,2010,5,20,23,0,3,3,SR-0010,,105,39.91868889,-75.914119440,0,12,6,0,1,1,1,0,2,1,0,1,0,0000000,20,21,20,32,88,88,0,0,0,1,0
42,420279,2,2,0,4,131,0,3,4,2010,7,15,20,0,4,2,US-0011,SR-1029,18,41.59000278,-75.805427780,0,12,6,0,2,2,1,0,1,1,0,1,0,0000000,15,25,15,34,16,9,0,0,0,1,1
42,420280,2,2,0,4,37,0,24,4,2010,7,0,23,1,1,1,I-0080,,2450,41.00933889,-76.264825000,0,12,1,0,1,1,1,0,2,1,0,1,0,0000000,99,99,99,99,99,99,19,0,0,2,0
42,420281,1,1,0,1,17,0,1,5,2010,7,13,45,0,4,3,SR-1017,,47,40.56153611,-75.114736110,0,1,0,0,1,1,1,0,1,1,0,1,0,0000000,13,58,14,10,14,54,0,0,0,1,0
42,420282,2,2,0,2,5,0,23,4,2010,6,12,9,0,4,3,SR-0210,,58,40.70957222,-79.312236110,0,12,6,0,1,1,1,0,1,1,0,1,0,0000000,12,11,12,23,88,88,0,0,0,1,0
42,420283,1,1,0,3,85,0,16,5,2010,1,8,7,0,4,3,SR-4005,,39,41.45335833,-80.425047220,0,35,0,0,1,1,5,0,1,1,0,1,0,0000000,8,10,8,17,99,99,0,0,0,1,0
42,420284,1,1,0,1,55,0,19,4,2010,2,18,15,1,1,1,I-76,,1950,40.14902778,-77.718072220,0,38,0,0,1,1,4,0,1,1,0,1,0,0000000,99,99,99,99,99,99,0,0,0,1,0
42,420285,2,2,0,3,31,0,1,5,2010,7,9,59,0,3,3,SR-66,,122,41.16984167,-79.334319440,0,12,2,0,1,1,1,0,1,1,0,1,0,0000000,88,88,88,88,88,88,0,0,0,1,0
42,420286,1,1,0,4,43,0,10,4,2010,7,22,3,1,2,2,US-22,,37,40.37980278,-77.012438890,0,24,0,0,1,1,2,0,2,1,0,1,0,0000000,99,99,99,99,99,99,0,0,0,3,0
42,420287,1,1,0,1,107,0,16,5,2010,1,20,37,0,6,5,MOYERS STATION RD,,0,40.58245833,-76.258936110,0,53,0,0,1,1,4,0,3,1,0,1,0,0000000,21,0,21,14,21,54,0,0,0,1,1
42,420288,1,1,0,1,59,0,16,5,2010,1,2,0,0,6,5,3RD ST,,0,39.93453611,-80.074141670,0,42,0,0,1,1,5,0,2,1,0,1,0,0000000,2,5,2,15,88,88,0,0,0,1,1
42,420289,1,1,0,1,127,0,21,5,2010,6,2,0,0,6,3,SR-3028,,18,41.55858333,-75.376933330,0,35,0,0,1,1,4,0,2,1,0,1,0,0000000,2,24,2,28,3,12,0,0,0,1,1
42,420290,1,1,0,2,49,0,28,5,2010,6,1,20,0,4,3,SR-18,,69,41.92688333,-80.339205560,0,24,0,0,1,1,2,0,2,1,0,1,0,0000000,1,22,1,28,88,88,0,0,0,2,1
42,420291,1,1,0,1,7,0,23,5,2010,1,11,55,0,4,3,SR-4002,,6,40.83499167,-80.499105560,0,34,0,0,1,1,4,0,1,1,0,1,0,0000000,11,59,12,6,88,88,0,0,0,1,0
42,420292,1,1,1,1,101,6540,30,5,2010,1,1,54,0,13,3,SR-2014,MASCHER ST,29,39.99116389,-75.132905560,0,8,0,0,3,2,1,0,3,1,0,1,0,0000000,1,51,1,55,2,8,0,0,0,1,0
42,420293,1,1,0,1,63,0,5,5,2010,4,3,20,1,2,2,US-422,,215,40.57368056,-78.986747220,0,33,0,0,1,1,4,0,2,1,0,1,0,0000000,99,99,99,99,88,88,0,0,0,1,0
42,420294,2,2,0,6,93,0,3,4,2010,7,22,35,1,1,1,I-0080,,2175,41.00379722,-76.755533330,0,12,7,0,1,1,1,0,2,1,0,1,0,0000000,22,37,22,48,99,99,0,0,0,1,0
42,420295,2,2,0,2,107,0,13,4,2010,3,20,0,1,13,3,SR-0061,MANHEIM RD,106,40.64090278,-76.158452780,0,12,6,0,2,2,1,0,5,1,0,1,0,0000000,4,31,4,39,88,88,0,0,0,1,0
42,420296,2,2,0,4,107,0,23,4,2010,6,20,30,0,3,2,US-0209,SR-0901,198,40.67861944,-76.247966670,0,12,6,0,2,3,1,0,3,1,0,1,0,0000000,20,29,20,35,20,55,0,0,0,1,0
42,420297,2,2,0,2,61,0,30,4,2010,6,11,45,0,5,3,SR-3037,,38,40.45610556,-78.062638890,0,12,6,0,8,1,1,0,1,1,0,1,0,0000000,11,51,11,57,88,88,0,0,0,1,0
42,420298,1,1,0,1,117,0,19,5,2010,4,16,20,0,6,5,ELY HILL RD,,0,41.77156944,-77.282377780,0,35,0,0,1,1,4,0,1,1,0,1,0,0000000,16,17,16,25,16,43,0,0,0,1,0
42,420299,2,2,0,3,41,0,22,4,2010,5,6,19,0,5,3,SR-0997,SR-4005,28,40.16716944,-77.561644440,0,12,6,0,2,2,1,0,2,5,0,5,0,0000000,6,22,6,37,7,55,0,0,0,1,0
42,420300,2,2,0,3,41,7660,2,4,2010,6,11,5,0,13,2,US-0011,,2,40.04946389,-77.523427780,0,12,1,0,1,1,1,0,1,1,0,1,0,0000000,99,99,99,99,99,99,0,0,0,2,0
42,420301,2,2,0,4,3,2140,25,4,2010,1,1,48,1,13,3,SR-0837,,117,40.37842500,-79.852216670,0,12,6,0,1,1,1,0,3,2,0,2,0,0000000,1,47,1,56,2,38,0,0,0,2,1
42,420302,2,2,0,3,17,8855,30,4,2010,6,19,49,0,14,3,SR-2025,UPPER STATE RD,8,40.28312500,-75.185433330,0,12,2,0,2,2,1,0,3,1,0,1,0,0000000,19,51,19,57,20,17,0,0,0,1,0
42,420303,1,1,0,2,85,0,4,5,2010,3,9,35,0,3,2,US-62,,321,41.34792778,-80.019133330,0,34,0,0,1,1,4,0,1,1,0,1,0,0000000,99,99,99,99,99,99,0,0,0,1,0
42,420304,2,2,0,2,29,7850,26,4,2010,2,17,8,0,14,3,SR-3049,,58,39.97328056,-75.816369440,0,12,8,0,1,1,1,0,1,2,0,2,0,0000000,17,8,17,15,88,88,0,0,0,1,0
42,420305,2,2,0,2,3,6600,16,4,2010,6,1,5,0,13,3,SR-0400,WOODS AV,71,40.45979444,-79.873897220,0,12,7,0,2,3,1,0,3,1,0,1,0,0000000,1,3,1,9,1,29,0,0,0,1,0
42,420306,2,2,0,4,71,1970,11,4,2010,1,17,50,0,14,3,SR-1045,LOCUST ST,27,40.23789722,-76.136611110,0,12,6,0,2,2,1,0,1,1,0,1,0,0000000,99,99,99,99,88,88,0,0,0,1,0
42,420307,1,1,0,1,65,0,18,5,2010,3,2,30,0,3,3,SR-36,,440,41.32006667,-79.198933330,0,42,0,0,1,1,4,0,2,2,0,2,0,0000000,99,99,99,99,88,88,0,0,0,1,1
42,420308,1,1,0,1,81,0,2,5,2010,1,1,40,1,11,1,I-180,,199,41.25221667,-76.855555560,0,35,0,0,1,1,4,0,2,1,0,1,0,0000000,1,40,1,47,88,88,0,0,0,1,1
42,420310,2,2,0,2,11,4777,9,4,2010,6,7,3,1,2,2,US-0222,,200,40.45667778,-75.882813890,0,12,2,0,1,1,1,0,1,1,0,1,0,0000000,99,99,99,99,99,99,0,0,0,1,0
42,420311,1,1,0,1,123,0,9,5,2010,1,16,10,0,6,6,BUGTOWN RD,,0,41.63625000,-79.587027780,0,42,0,0,1,1,4,0,1,1,0,1,0,0000000,16,8,16,17,88,88,0,0,0,1,0
42,420312,1,1,0,1,49,0,30,5,2010,1,7,20,0,3,3,SR-89,,242,42.19187778,-79.837488890,0,34,0,0,1,1,4,0,1,1,0,1,0,0000000,7,21,7,31,88,88,0,0,0,1,0
42,420313,1,1,0,1,79,0,6,5,2010,5,17,10,0,4,3,SR-239,,132,41.18360000,-76.207244440,0,30,0,0,1,1,2,0,1,1,0,1,0,0000000,88,88,88,88,88,88,0,0,0,1,1
42,420314,1,1,0,1,51,0,30,5,2010,1,0,34,0,2,2,US-40,,229,39.83796944,-79.608280560,0,11,0,0,1,1,1,0,2,1,0,1,0,0000000,0,34,0,43,1,6,0,0,0,1,0
42,420315,1,1,0,1,43,0,19,5,2010,4,0,50,0,3,3,SR-147,,57,40.44803056,-76.940163890,0,42,0,0,1,1,4,0,2,2,0,2,0,0000000,0,50,1,2,88,88,0,0,0,1,1
42,420316,1,1,0,2,43,0,23,5,2010,1,16,52,0,5,3,SR-443,,117,40.39927222,-76.713808330,0,42,0,0,1,1,4,0,1,1,0,1,0,0000000,99,99,99,99,99,99,0,0,0,1,0
42,420317,1,1,0,2,51,0,15,5,2010,7,18,23,0,4,3,SR-1051,,49,39.97578056,-79.679733330,0,35,0,0,1,1,4,0,1,1,0,1,0,0000000,99,99,99,99,99,99,0,0,0,1,0
42,420318,1,1,0,1,41,0,5,5,2010,4,21,57,0,5,3,SR-174,,20,40.06321944,-77.471658330,0,42,0,0,1,1,4,0,2,1,0,1,0,0000000,21,58,22,9,88,88,0,0,0,1,0
42,420319,1,1,1,1,51,8730,28,5,2010,6,16,43,0,14,3,SR-201,GREENFIELD RD,41,40.03281111,-79.664136110,0,9,0,0,2,3,1,0,1,1,0,1,0,0000000,99,99,99,99,99,99,0,0,0,1,0
42,420320,1,1,0,1,99,0,7,5,2010,6,1,13,1,2,2,US-22,,91,40.47847778,-77.067994440,0,1,0,0,1,1,1,0,2,1,0,1,0,0000000,1,14,1,29,88,88,0,0,0,1,0
42,420321,1,1,0,1,99,0,18,5,2010,3,7,16,0,3,3,SR-274,,166,40.35418333,-77.423519440,0,30,0,0,1,1,4,0,1,2,0,2,0,0000000,7,34,7,59,99,99,0,0,0,1,0
42,420322,1,1,0,1,91,0,16,5,2010,1,16,59,1,12,2,US-422,,1779,40.22867500,-75.552077780,0,31,0,0,1,1,2,0,1,1,0,1,0,0000000,17,2,17,10,19,31,0,0,0,1,1
42,420323,1,1,1,3,13,0,6,5,2010,5,19,15,0,5,3,SR-0453,SCHOCH HOLLOW RD,49,40.68148333,-78.260783330,0,9,0,0,2,3,1,0,1,1,0,1,0,0000000,19,13,19,19,88,88,0,0,0,1,0
42,420324,1,1,0,2,119,0,9,4,2010,6,14,11,0,4,3,SR-0235,,4,40.84641111,-77.183602780,8,42,0,0,1,1,5,0,1,1,0,1,0,0000000,14,15,14,21,15,16,0,0,0,1,0
42,420325,1,1,0,2,87,0,17,5,2010,2,12,50,0,6,5,LITTLE GREENBRIAR RD,,0,40.40450278,-77.842947220,0,1,0,0,1,1,4,0,1,2,0,2,0,0000000,99,99,99,99,88,88,0,0,0,2,0
42,420326,1,1,0,1,41,7660,2,5,2010,1,2,23,0,16,6,FORT ST,WASHINGTON ST,0,40.05495000,-77.517558330,0,33,0,0,3,3,4,0,3,1,0,1,0,0000000,2,27,2,31,88,88,0,0,0,1,1
42,420327,1,1,0,1,79,0,16,5,2010,1,15,55,0,6,5,HAZLE TWP BL,,0,99.99990000,999.999900000,0,1,0,0,1,1,1,0,1,1,0,1,0,0000000,16,6,16,12,16,37,0,0,0,1,0
42,420328,1,1,1,1,3,0,2,5,2010,1,20,46,0,13,3,SR-1001,,99,40.54057778,-79.813900000,0,8,0,0,1,1,1,0,3,2,0,2,0,0000000,20,46,99,97,99,97,0,0,0,1,1
42,420329,2,2,0,4,67,0,21,5,2010,6,8,55,0,3,3,SR-35,,355,40.65130278,-77.238769440,0,12,2,0,1,1,1,0,1,1,0,1,0,0000000,8,16,8,18,99,99,0,0,0,3,0
42,420330,1,1,1,1,27,0,7,5,2010,6,17,43,0,14,3,SR-3006,,62,40.91001111,-77.796397220,0,8,0,0,1,1,2,0,1,1,0,1,0,0000000,17,45,17,50,88,88,0,0,0,1,0
42,420331,2,2,0,4,47,7300,3,4,2010,7,15,38,0,4,3,SR-1001,,66,41.50586667,-78.580330560,0,12,6,0,1,1,1,0,1,1,0,1,0,0000000,15,43,15,53,16,17,0,0,0,2,0
42,420332,2,2,0,3,81,0,24,4,2010,7,16,32,0,3,3,SR-0044,,183,41.20078056,-77.242091670,0,12,2,0,1,1,1,0,1,1,0,1,0,0000000,16,32,16,52,17,1,0,0,0,1,0
42,420333,2,2,0,2,107,0,12,4,2010,2,16,32,0,3,3,SR-0054,HILLSIDE DR,181,40.81909444,-76.076733330,0,12,6,0,2,4,1,0,1,1,0,1,0,0000000,99,99,99,99,99,99,0,0,0,1,0
42,420334,2,2,0,7,75,0,9,5,2010,1,16,32,0,3,3,SR-501,,104,40.39446667,-76.303213890,0,12,2,0,1,1,1,0,1,8,0,8,0,0000000,16,38,16,41,99,99,0,0,0,1,0
42,420335,1,1,0,1,85,0,31,5,2010,2,19,54,0,4,3,SR-4020,,22,41.43854444,-80.289930560,0,24,0,0,1,1,2,0,1,1,0,1,0,0000000,19,56,20,3,88,88,0,0,0,1,1
42,420336,1,1,0,1,129,0,2,5,2010,1,13,48,0,6,5,BOXCARTOWN RD,,0,40.39297222,-79.653411110,0,42,0,0,1,1,4,0,1,2,0,2,0,0000000,13,49,13,56,14,50,0,0,0,1,0
42,420337,2,2,0,2,11,650,28,4,2010,4,14,50,0,3,3,SR-0183,,201,40.51680833,-76.213847220,0,12,6,0,1,1,1,0,1,1,0,1,0,0000000,99,99,99,99,88,88,0,0,0,1,0
42,420338,2,2,0,4,3,0,18,4,2010,1,1,0,1,11,1,I-0079-SR8011 RAMP,,598,40.44835278,-80.110175000,0,12,2,1,5,1,1,0,3,1,0,1,0,0000000,1,0,1,8,1,39,20,0,0,2,0
42,420339,1,1,0,1,71,0,1,4,2010,5,20,8,0,6,5,WOOD CORNER RD,,0,40.19317500,-76.221775000,0,35,0,0,1,1,5,0,5,1,0,1,0,0000000,99,99,99,99,88,88,0,0,0,1,0
42,420340,1,1,0,4,3,6600,2,4,2010,6,16,18,0,13,3,SR-2085,,3,40.43324722,-79.973597220,0,1,0,0,1,1,1,0,1,1,0,1,0,0000000,99,99,99,99,99,99,0,0,0,1,0
42,420341,1,1,1,3,71,2225,21,4,2010,4,18,28,0,15,3,SR-1044,,28,40.15028056,-76.027797220,0,9,0,0,1,1,1,0,1,1,0,1,0,0000000,18,28,18,40,88,88,0,0,0,1,0
42,420342,3,3,0,5,101,6540,20,4,2010,3,22,41,0,14,3,SR-1013,,23,40.07498333,-75.001619440,0,12,1,0,1,1,1,0,3,1,0,1,0,0000000,22,38,22,42,23,1,0,0,0,1,0
42,420343,1,1,0,1,95,420,1,5,2010,7,4,28,0,14,3,SR-512,,215,40.87721667,-75.196033330,0,42,0,0,1,1,5,0,2,1,0,1,0,0000000,4,31,4,39,88,88,0,0,0,1,0
42,420344,1,1,0,1,3,0,13,5,2010,5,14,9,0,16,3,SR-4026,,8,40.57490000,-79.989655560,0,30,0,0,1,1,4,0,1,1,0,1,0,0000000,14,9,14,17,14,34,0,0,0,1,0
42,420345,1,1,1,1,95,0,7,2,2010,1,0,47,0,14,3,SR-0512,,3,40.66807500,-75.385177780,0,8,0,0,1,1,1,0,2,1,0,1,0,0000000,99,99,99,99,88,88,0,0,0,1,0
42,420346,1,1,0,4,81,9380,11,5,2010,3,3,12,1,11,1,I-180,,275,41.23949722,-76.997658330,0,24,0,1,19,1,2,0,3,1,0,1,0,0000000,3,14,3,19,3,36,0,0,0,2,1
42,420347,1,1,0,1,3,0,10,5,2010,2,19,27,0,13,3,SR-48,,147,40.38755833,-79.773488890,0,33,0,0,1,1,4,0,1,1,0,1,0,0000000,19,28,19,34,88,88,0,0,0,1,0
42,420348,1,1,0,1,71,0,19,5,2010,4,21,37,0,15,3,SR-1024,,27,40.18557500,-76.277086110,0,1,0,0,1,1,1,0,2,1,0,1,0,0000000,21,37,21,48,22,24,0,0,0,1,0
42,420349,1,1,0,1,99,0,6,5,2010,5,3,24,0,5,3,SR-849,,116,40.48030278,-77.155136110,0,35,0,0,1,1,4,0,2,1,0,1,0,0000000,3,25,3,37,88,88,0,0,0,1,1
42,420350,1,1,0,1,91,0,29,5,2010,7,2,40,1,11,1,I-276,,3302,40.09695833,-75.342038890,0,24,0,0,1,1,2,0,2,1,0,1,0,0000000,99,99,99,99,88,88,0,0,0,1,1
42,420351,1,1,0,1,45,0,28,5,2010,6,0,15,1,11,1,I-95-SR8011 RAMP,,6,39.82949444,-75.432325000,0,24,0,1,5,1,2,0,3,1,0,1,0,0000000,0,15,0,22,88,88,0,0,0,1,1
42,420352,1,1,0,2,17,0,5,5,2010,4,11,58,0,6,5,MILL CREEK RD,,0,40.15846944,-74.814494440,0,42,0,0,1,1,3,0,1,1,0,1,0,0000000,12,0,12,7,12,31,0,0,0,1,0
42,420353,1,1,1,3,17,0,7,5,2010,6,22,27,1,13,3,SR-309,,152,40.47392500,-75.371188890,0,8,0,0,1,1,1,0,2,1,0,1,0,0000000,22,37,22,43,99,99,0,0,0,1,0
42,420354,5,5,0,6,9,0,10,5,2010,2,6,29,1,2,3,SR-0056,,38,40.19738611,-78.647113890,0,12,1,0,1,1,1,0,1,1,0,1,0,0000000,7,26,7,26,99,99,0,0,0,2,0
42,420355,6,1,0,1,29,1500,5,5,2010,4,21,20,0,16,6,OLIVE ST,PENNSYLVANIA AV,0,39.98344722,-75.810366670,0,44,0,0,3,2,7,0,3,1,0,1,0,0000000,21,20,21,23,88,88,20,6,22,1,0
42,420356,7,7,0,7,17,0,20,5,2010,5,17,17,1,13,3,SR-0611,DUANE RD,47,40.27903333,-75.126400000,0,12,7,0,3,3,1,0,1,1,0,1,0,0000000,17,20,17,22,18,2,0,0,0,1,0
42,420357,1,1,0,2,79,9340,7,5,2010,6,12,45,0,16,6,SCOTT ST,,0,41.24578889,-75.867625000,0,33,0,0,1,1,4,0,1,1,0,1,0,0000000,12,49,12,52,13,7,0,0,0,1,0
42,420358,2,1,1,1,101,6540,1,5,2010,7,22,57,0,13,3,SR-1004,,17,40.00688889,-75.132947220,0,8,0,0,1,1,1,0,3,1,0,1,0,0000000,22,57,23,1,88,88,0,0,0,1,0
42,420359,1,1,1,4,3,6600,23,5,2010,1,15,56,0,16,6,BAUSMAN ST,,0,40.41427222,-79.994663890,0,8,0,0,1,1,1,0,1,1,0,1,0,0000000,15,57,15,58,16,19,0,0,0,1,0
42,420360,5,5,0,8,111,0,1,5,2010,7,18,16,0,3,3,SR-0403,,152,40.27439444,-78.919686110,0,12,6,0,8,1,1,0,1,1,0,1,0,0000000,99,99,99,99,99,99,14,0,0,1,2
42,420361,1,1,0,1,101,6540,11,5,2010,3,3,10,0,16,6,WOODLAND AV,,0,39.93425833,-75.221983330,0,30,0,0,1,1,6,0,3,1,0,1,0,0000000,3,15,3,21,3,48,0,0,0,1,0
42,420362,1,1,0,1,29,0,25,5,2010,3,13,43,1,12,2,US-220-SR8035 RAMP,,0,40.05013056,-75.564316670,0,1,0,1,5,1,1,0,1,1,0,1,0,0000000,13,42,13,46,14,23,0,0,0,1,1
42,420363,1,1,0,1,13,0,18,5,2010,3,18,25,0,5,3,SR-3002,,59,40.30296667,-78.476069440,0,43,0,0,1,1,5,0,1,1,0,1,0,0000000,19,25,19,36,88,88,0,0,0,1,0
42,420364,1,1,1,1,3,0,27,5,2010,5,7,11,0,14,3,SR-1006,,28,40.54631389,-79.905844440,0,9,0,0,1,1,2,0,1,1,0,1,0,0000000,7,12,7,21,8,15,0,0,0,1,0
42,420365,1,1,0,4,97,0,12,4,2010,2,16,8,0,6,5,MCKEE RD,,0,40.66182500,-76.869661110,0,35,0,0,1,1,4,0,1,1,0,1,0,0000000,99,99,99,99,99,99,0,0,0,1,0
42,420366,1,1,0,1,71,0,8,5,2010,7,2,29,0,14,3,SR-501,,23,40.09329722,-76.303863890,0,30,0,0,1,1,5,0,3,1,0,1,0,0000000,2,31,2,35,88,88,0,0,0,1,1
42,420367,1,1,0,5,45,1270,9,5,2010,1,21,48,0,13,3,SR-0291,,20,39.84112500,-75.369913890,0,33,0,0,1,1,4,0,3,1,0,1,0,0000000,21,51,21,54,22,13,0,0,0,1,1
42,420368,1,1,1,1,79,9340,4,5,2010,3,18,53,1,12,3,SR-309,,249,41.25262222,-75.841211110,0,8,0,1,18,1,1,0,1,1,0,1,0,0000000,18,52,18,56,88,88,0,0,0,1,0
42,420369,1,1,1,3,3,6600,13,5,2010,5,20,10,0,13,3,SR-0008,,34,40.46330556,-79.905827780,0,44,0,0,1,1,1,0,5,1,0,1,0,0000000,20,12,20,15,20,31,15,0,0,1,0
42,420370,1,1,0,1,29,0,14,5,2010,6,7,43,0,4,3,SR-0340,,24,40.01754167,-75.899561110,0,42,0,0,1,1,5,0,1,1,0,1,0,0000000,7,43,7,52,88,88,0,0,0,1,0
42,420371,1,1,2,1,89,0,23,5,2010,1,0,52,0,14,3,SR-611,,27,40.98617222,-75.154238890,0,8,0,0,1,1,1,0,2,1,0,1,0,0000000,99,99,99,99,99,99,0,0,0,1,0
42,420372,1,1,0,1,91,0,7,5,2010,6,6,1,1,2,3,SR-0073,,75,40.28660000,-75.510147220,0,34,0,0,1,1,5,0,1,1,0,1,0,0000000,5,58,6,8,88,88,0,0,0,1,0
42,420373,1,1,0,1,37,0,26,5,2010,4,16,14,0,3,3,SR-42,,95,40.89778056,-76.410363890,0,38,0,0,1,1,5,0,1,1,0,1,0,0000000,99,99,99,99,99,99,0,0,0,1,0
42,420374,1,1,0,1,69,0,15,5,2010,7,5,33,1,1,1,I-380,,134,41.23927500,-75.511205560,0,35,0,0,1,1,6,0,4,1,0,1,0,0000000,5,34,5,40,88,88,0,0,0,1,1
42,420375,3,3,0,3,79,3570,11,5,2010,3,9,58,0,13,3,SR-0309,TWENTYFIRST ST,43,40.97242778,-75.977819440,0,12,6,0,2,2,1,0,1,1,0,1,0,0000000,99,99,99,99,99,99,0,0,0,1,0
42,420376,1,1,0,1,91,0,16,5,2010,1,20,9,0,6,5,MORELAND AV,,0,40.18511667,-75.117641670,0,33,0,0,1,1,4,0,1,1,0,1,0,0000000,20,9,20,12,88,88,0,0,0,1,1
42,420377,1,1,1,2,13,0,25,5,2010,3,17,4,0,13,3,SR-764,,82,40.53245833,-78.360436110,0,8,0,0,1,1,1,0,1,1,0,1,0,0000000,17,5,17,13,17,24,0,0,0,1,0
42,420378,1,1,0,2,3,6600,30,5,2010,1,16,0,0,16,6,WOODS RUN AV,,0,40.47584444,-80.034091670,0,18,0,0,1,1,1,0,1,1,0,1,0,0000000,16,10,16,18,16,34,0,0,0,1,1
42,420379,1,1,0,3,55,5060,29,5,2010,7,19,20,0,16,6,JOHNSTONS LN,,0,39.83414722,-77.909083330,0,33,0,0,1,1,4,0,1,1,0,1,0,0000000,99,99,99,99,88,88,0,0,0,3,1
42,420380,1,1,0,2,55,0,1,5,2010,7,2,40,0,5,3,SR-4013,,19,39.95348889,-77.700011110,0,59,0,0,1,1,5,0,2,1,0,1,0,0000000,99,99,99,99,99,99,0,0,0,2,1