STATE,ST_CASE,VE_TOTAL,VE_FORMS,PEDS,PERSONS,COUNTY,CITY,DAY,MONTH,YEAR,DAY_WEEK,HOUR,MINUTE,NHS,ROAD_FNC,ROUTE,TWAY_ID,TWAY_ID2,MILEPT,LATITUDE,LONGITUD,SP_JUR,HARM_EV,MAN_COLL,RELJCT1,RELJCT2,TYP_INT,REL_ROAD,WRK_ZONE,LGT_COND,WEATHER1,WEATHER2,WEATHER,SCH_BUS,RAIL,NOT_HOUR,NOT_MIN,ARR_HOUR,ARR_MIN,HOSP_HR,HOSP_MN,CF1,CF2,CF3,FATALS,DRUNK_DR
42,420381,1,1,0,1,87,0,25,5,2010,3,0,45,1,2,2,US-322,,75,40.67583611,-77.603844440,0,35,0,0,1,1,5,0,2,1,0,1,0,0000000,11,17,11,26,88,88,0,0,0,1,0
42,420382,1,1,0,1,3,6040,18,5,2010,3,3,44,0,16,6,JONES AV,,0,40.40526944,-79.860319440,0,19,0,0,1,1,5,0,3,1,0,1,0,0000000,99,99,99,99,99,99,0,0,0,1,0
42,420383,1,1,0,1,129,0,21,5,2010,6,1,0,0,5,3,SR-2023,,47,40.24218056,-79.432141670,0,42,0,0,1,1,4,0,2,1,0,1,0,0000000,1,4,1,12,2,8,0,0,0,1,1
42,420384,3,3,0,4,69,8430,7,5,2010,6,15,21,1,12,2,US-0006,,107,41.43870278,-75.584708330,0,12,7,0,1,1,1,0,1,1,0,1,0,0000000,15,22,15,25,15,55,0,0,0,1,1
42,420385,1,1,0,1,19,0,5,6,2010,7,22,3,0,6,5,MCGARVEY RD,,0,40.90641389,-79.758213890,0,34,0,0,1,1,4,0,2,1,0,1,0,0000000,22,10,22,23,23,15,0,0,0,1,1
42,420386,1,1,0,1,111,0,29,6,2010,3,12,17,1,2,3,SR-56,,89,40.20343056,-78.709466670,0,52,0,0,1,1,2,0,7,1,0,1,0,0000000,12,17,12,38,88,88,0,0,0,1,1
42,420387,3,3,0,4,17,0,5,5,2010,4,13,40,1,14,3,SR-2033,,64,40.20348056,-74.901830560,0,12,2,0,1,1,1,0,1,1,0,1,0,0000000,13,42,13,46,14,9,0,0,0,1,0
42,420388,3,3,0,3,101,6540,8,5,2010,7,23,19,0,13,3,SR-3019,SIXTYFIRST ST,26,39.91826667,-75.208802780,0,12,6,0,2,3,1,0,3,1,0,1,0,0000000,23,19,23,25,23,50,0,0,0,1,1
42,420389,3,3,0,3,101,6540,28,5,2010,6,15,50,0,16,6,FIFTYSECOND ST,GEORGES HILL DR,0,39.98213611,-75.223700000,0,12,6,0,2,3,1,0,1,1,0,1,0,0000000,15,57,16,1,16,33,0,0,0,1,0
42,420390,1,1,1,2,45,0,22,6,2010,3,22,43,1,13,3,SR-3,,27,39.98564167,-75.415005560,0,8,0,0,1,1,1,0,2,1,0,1,0,0000000,99,99,99,99,88,88,0,0,0,1,0
42,420391,1,1,1,3,43,0,15,6,2010,3,17,26,0,3,3,SR-147,,102,40.49900833,-76.944647220,0,9,0,0,1,1,1,0,1,1,0,1,0,0000000,17,26,17,34,99,99,0,0,0,1,0
42,420392,1,1,1,1,75,0,11,5,2010,3,9,40,0,5,3,SR-4011,,46,40.36517500,-76.626497220,0,8,0,0,1,1,2,2,1,1,0,1,0,0000000,88,88,88,88,88,88,3,0,0,1,0
42,420393,1,1,0,1,39,0,19,6,2010,7,10,22,1,11,1,I-79-SR8003 RAMP,,1,41.62143056,-80.177347220,0,1,0,1,5,1,1,0,1,1,0,1,0,0000000,10,22,10,23,88,88,0,0,0,1,0
42,420394,2,2,0,6,43,0,21,5,2010,6,11,37,0,14,3,SR-3009,HOUSER RD,22,40.31921944,-76.898525000,0,12,2,0,2,3,1,0,1,1,0,1,0,0000000,11,38,11,52,12,30,0,0,0,1,0
42,420395,1,1,0,3,77,0,27,6,2010,1,1,23,0,5,3,SR-2023,,9,40.48236944,-75.564125000,0,42,0,0,1,1,4,0,2,1,0,1,0,0000000,99,99,99,99,99,99,0,0,0,1,1
42,420396,1,1,0,1,63,0,16,4,2010,6,16,15,0,15,3,SR-3035,,32,40.56903056,-79.164019440,0,16,0,0,1,1,1,0,1,2,0,2,0,0000000,16,17,16,25,16,52,0,0,0,1,1
42,420397,1,1,0,4,129,0,21,6,2010,2,22,30,0,14,3,SR-819,,48,40.12923056,-79.548338890,0,33,0,0,1,1,4,0,2,1,0,1,0,0000000,22,40,22,44,23,17,0,0,0,1,0
42,420398,1,1,0,4,49,0,24,6,2010,5,17,2,0,6,5,MYSTIC RD,,0,41.86480000,-79.999050000,0,35,0,0,1,1,4,0,1,1,0,1,0,0000000,17,1,17,14,17,17,22,0,0,1,0
42,420399,1,1,0,5,33,0,13,6,2010,1,1,0,0,6,5,FRENCHVILLE RD,,0,41.10163611,-78.209705560,0,35,0,0,1,1,4,0,3,1,0,1,0,0000000,99,99,99,99,99,99,0,0,0,1,0
42,420400,1,1,0,1,5,0,24,6,2010,5,19,45,0,4,3,SR-1033,,44,40.86162778,-79.483841670,0,35,0,0,1,1,5,0,1,1,0,1,0,0000000,19,46,20,2,88,88,0,0,0,1,1
42,420401,2,2,0,2,95,0,28,5,2010,6,21,51,1,2,3,SR-0033,,59,40.71955000,-75.285847220,0,12,2,1,18,1,1,0,3,1,0,1,0,0000000,21,50,22,0,88,88,0,0,0,2,1
42,420402,2,2,0,6,63,0,31,5,2010,2,13,25,1,2,2,US-0422,,46,40.63295556,-79.247744440,0,12,2,0,1,1,1,0,1,1,0,1,0,0000000,13,33,13,43,99,99,0,0,0,1,0
42,420403,2,2,0,6,49,0,29,5,2010,7,18,58,0,4,3,SR-0005,,397,42.23256944,-79.848961110,0,12,6,0,8,1,1,0,1,1,0,1,0,0000000,19,0,19,13,19,25,0,0,0,2,0
42,420404,2,2,0,3,1,0,31,5,2010,2,18,20,0,6,5,FLOHRS CHURCH RD,,0,39.87251111,-77.341663890,0,1,0,0,1,1,1,0,1,1,0,1,0,0000000,18,3,18,11,99,99,0,0,0,2,1
42,420405,1,1,0,4,121,0,27,6,2010,1,0,50,1,1,1,I-80,,295,41.20216111,-79.965016670,0,34,0,0,1,1,5,0,2,5,2,2,0,0000000,0,56,1,8,1,37,0,0,0,1,0
42,420406,1,1,0,1,89,0,22,6,2010,3,18,58,0,6,5,MANZANEDO RD,,0,41.11166111,-75.211630560,0,53,0,0,1,1,4,0,1,1,0,1,0,0000000,99,99,99,99,88,88,0,0,0,1,1
42,420407,1,1,0,1,115,0,25,6,2010,6,23,10,0,3,3,SR-29,,94,41.77442222,-75.898905560,0,34,0,0,1,1,4,0,2,1,0,1,0,0000000,23,23,23,29,88,88,0,0,0,1,1
42,420408,1,1,0,2,15,0,23,6,2010,4,15,0,0,4,3,SR-4013,,156,41.97610556,-76.722800000,0,30,0,0,1,1,4,0,1,1,0,1,0,0000000,99,99,99,99,99,99,0,0,0,1,1
42,420409,1,1,0,1,95,0,25,6,2010,6,9,38,0,3,3,SR-512,,229,40.88333056,-75.172483330,0,42,0,0,1,1,4,0,1,1,0,1,0,0000000,99,99,99,99,99,99,0,0,0,1,0
42,420410,1,1,0,1,69,0,6,6,2010,1,14,7,0,4,3,SR-435,,90,41.35953889,-75.533191670,0,24,0,0,1,1,2,0,1,1,0,1,0,0000000,88,88,88,88,88,88,0,0,0,1,0
42,420411,2,2,0,2,57,0,7,5,2010,6,19,12,0,3,3,SR-0913,,1,40.14369167,-78.100697220,0,12,2,0,1,1,1,0,1,1,0,1,0,0000000,99,99,99,99,99,99,0,0,0,1,0
42,420412,2,2,0,2,75,0,25,5,2010,3,17,12,0,3,2,US-0022,BLUE MOUNTAIN RD,138,40.44940278,-76.401644440,0,12,6,0,2,2,1,0,1,1,0,1,0,0000000,17,17,17,25,99,99,0,0,0,1,1
42,420413,2,2,0,3,91,0,22,5,2010,7,8,7,0,14,3,SR-4003,,14,40.14620278,-75.470900000,0,35,0,0,1,1,5,0,1,1,0,1,0,0000000,8,8,8,16,8,54,0,0,0,1,0
42,420414,2,2,0,2,91,0,21,5,2010,6,21,48,1,2,3,SR-0663,GERYVILLE PK,152,40.41061111,-75.473663890,0,12,6,0,2,2,1,0,3,1,0,1,0,0000000,21,48,21,51,22,13,0,0,0,1,1
42,420415,1,1,0,2,11,0,25,6,2010,6,20,20,0,14,3,SR-724,,63,40.29544167,-75.912058330,0,16,0,0,1,1,1,0,5,1,0,1,0,0000000,99,99,99,99,99,99,0,0,0,1,0
42,420416,1,1,0,1,45,0,15,6,2010,3,0,35,0,14,3,SR-320,,100,39.98469167,-75.358744440,0,33,0,0,1,1,4,0,3,1,0,1,0,0000000,0,48,0,48,88,88,0,0,0,1,1
42,420417,2,2,0,2,101,6540,26,5,2010,4,8,45,0,14,3,SR-1014,RIPLEY ST,10,40.06949722,-75.068936110,0,12,6,0,2,3,1,0,1,1,0,1,0,0000000,8,43,8,48,88,88,0,0,0,1,0
42,420418,1,1,0,1,71,0,12,6,2010,7,9,7,0,6,5,ERBS QUARRY RD,,0,40.12239444,-76.340358330,0,33,0,0,1,1,4,0,1,1,0,1,0,0000000,9,7,9,16,9,33,0,0,0,1,0
42,420419,2,2,1,2,101,6540,18,5,2010,3,15,30,0,13,3,SR-4004,SECOND ST,39,40.03577500,-75.125377780,0,12,6,0,2,2,1,0,1,2,0,2,0,0000000,15,27,15,34,15,52,0,0,0,1,0
42,420420,1,1,0,2,71,0,24,6,2010,5,22,0,0,4,3,SR-324,,39,39.90795278,-76.317347220,0,18,0,0,1,1,1,0,2,1,0,1,0,0000000,22,4,22,11,88,88,0,0,0,2,1
42,420421,2,2,0,2,95,0,5,5,2010,4,12,12,0,15,3,SR-4025,MILLER RD,40,40.79685556,-75.327047220,0,12,2,0,2,4,1,0,1,1,0,1,0,0000000,12,30,12,40,13,24,0,0,0,1,1
42,420422,1,1,0,1,107,0,8,6,2010,3,23,52,1,2,3,SR-309,,169,40.86458889,-76.007241670,0,24,0,0,1,1,2,0,2,1,0,1,0,0000000,99,99,99,99,99,99,0,0,0,1,1
42,420423,1,1,0,1,17,0,5,6,2010,7,11,58,1,12,3,SR-309,,67,40.36132778,-75.331338890,0,25,0,0,1,1,3,0,1,1,0,1,0,0000000,11,59,12,3,12,26,0,0,0,1,0
42,420424,1,1,0,4,129,0,26,6,2010,7,5,22,0,6,5,CHURCH ST,,0,40.42132222,-79.558347220,0,42,0,0,1,1,4,0,2,1,0,1,0,0000000,5,26,5,27,6,17,0,0,0,3,1
42,420425,1,1,0,1,1,0,2,6,2010,4,20,10,0,3,3,SR-194,,108,39.87645278,-76.983202780,0,42,0,0,1,1,4,0,1,1,0,1,0,0000000,20,15,20,22,21,1,0,0,0,1,0
42,420426,2,2,0,2,19,0,8,6,2010,3,7,45,1,2,2,US-422,,100,40.89919167,-80.009305560,0,12,6,0,8,1,1,0,1,1,0,1,0,0000000,7,48,7,57,8,28,0,0,0,1,0
42,420427,1,1,0,1,85,3604,16,6,2010,4,7,0,0,15,3,SR-3019,,2,41.25050000,-80.511225000,0,52,0,0,1,1,2,0,1,1,0,1,0,0000000,88,88,88,88,88,88,0,0,0,1,0
42,420428,1,1,0,1,49,0,27,6,2010,1,15,53,0,6,5,WALBRIDGE RD,,0,42.15455833,-79.991669440,0,46,0,0,6,1,1,0,1,10,0,10,0,471881M,15,54,16,3,16,20,0,0,0,1,0
42,420429,2,2,0,2,33,0,10,6,2010,5,11,57,0,3,3,SR-879,MELODY LN,13,40.96769167,-78.587886110,0,12,6,0,2,3,1,0,1,1,0,1,0,0000000,99,99,99,99,99,99,0,0,0,1,0
42,420430,1,1,0,2,17,0,2,6,2010,4,0,29,1,12,3,SR-309,,69,40.36410833,-75.332261110,0,25,0,0,1,1,3,0,2,1,0,1,0,0000000,99,99,99,99,99,99,0,0,0,1,0
42,420431,1,1,0,1,61,0,30,6,2010,4,16,28,0,6,5,WINCHESTER RD,MASSEYBURG RD,0,40.63394722,-77.934452780,0,59,0,0,3,3,2,0,1,1,0,1,0,0000000,16,30,16,42,88,88,22,0,0,1,0
42,420432,1,1,1,1,123,0,17,6,2010,5,15,20,0,3,3,SR-69,,51,41.90541944,-79.238647220,0,8,0,0,1,1,1,0,1,1,0,1,0,0000000,99,99,99,99,88,88,0,0,0,1,0
42,420433,1,1,0,1,11,0,13,6,2010,1,20,55,1,13,2,US-422,,35,40.37279444,-76.196913890,0,35,0,0,1,1,5,0,3,2,0,2,0,0000000,99,99,99,99,88,88,0,0,0,1,1
42,420434,2,2,0,2,57,0,10,6,2010,5,14,45,0,4,3,SR-655,,54,39.79844167,-78.154622220,0,12,6,0,1,1,1,0,1,1,0,1,0,0000000,99,99,99,99,99,99,0,0,0,1,0
42,420435,1,1,0,1,25,4380,8,6,2010,3,23,0,0,15,3,SR-3008,6TH ST,3,40.83307500,-75.716966670,0,33,0,0,3,2,4,0,3,1,0,1,0,0000000,99,99,99,99,88,88,0,0,0,1,1
42,420436,3,1,1,1,133,7700,22,5,2010,7,8,45,0,14,3,SR-3001,,49,39.78826111,-76.678775000,0,14,0,0,1,1,4,0,1,1,0,1,0,0000000,99,99,99,99,99,99,14,16,0,1,0
42,420437,2,2,0,2,39,7260,28,6,2010,2,20,35,0,4,3,SR-1004,,9,41.71886667,-80.131033330,0,12,2,0,8,1,1,0,1,1,0,1,0,0000000,20,39,20,48,21,20,0,0,0,1,1
42,420438,1,1,0,1,83,0,27,5,2010,5,20,55,0,4,3,SR-0646,,13,41.82043333,-78.562244440,0,34,0,0,1,1,5,0,5,1,0,1,0,0000000,99,99,99,99,88,88,0,0,0,1,1
42,420439,1,1,1,2,11,0,11,6,2010,6,19,43,0,6,5,LUTZ RD,DANIEL RD,0,40.58407222,-75.756816670,0,9,0,0,2,4,1,0,5,1,0,1,0,0000000,99,99,99,99,88,88,0,0,0,1,0
42,420440,1,1,1,1,29,0,16,6,2010,4,15,39,0,6,5,FERNCROFT LN,,0,40.08447500,-75.676350000,0,8,0,0,1,1,1,0,1,1,0,1,1,0000000,15,38,15,45,16,18,0,0,0,1,0
42,420441,2,2,0,2,63,0,10,5,2010,2,11,5,0,3,3,SR-0085,,89,40.73922222,-79.105488890,0,12,2,0,1,1,1,0,1,1,0,1,0,0000000,11,8,11,16,11,48,0,0,0,1,0
42,420442,2,2,0,2,125,1070,28,5,2010,6,14,16,0,14,3,SR-1009,BOBBY VINTON DR,74,40.26280833,-80.172644440,0,12,6,0,2,3,1,0,1,1,0,1,0,0000000,14,15,14,21,14,45,0,0,0,1,0
42,420443,2,2,0,3,125,0,16,5,2010,1,2,11,0,4,3,SR-0050,,107,40.28956667,-80.347288890,0,12,2,0,1,1,1,0,3,1,0,1,0,0000000,2,8,2,21,3,30,0,0,0,2,2
42,420444,2,2,0,3,113,0,14,6,2010,2,13,25,0,4,3,SR-154,,237,41.57437222,-76.784469440,0,12,2,0,1,1,2,0,1,1,0,1,0,0000000,13,28,14,15,99,99,0,0,0,2,0
42,420445,2,2,0,4,129,0,3,5,2010,2,12,33,1,1,1,I-0076,,892,40.12172222,-79.398980560,0,35,0,0,1,1,4,0,1,1,0,1,0,0000000,12,36,12,46,13,35,0,0,0,1,0
42,420446,2,2,0,2,123,0,13,5,2010,5,7,15,0,3,3,SR-0069,,33,41.89245556,-79.210055560,0,12,1,0,1,1,1,0,1,1,0,1,1,0000000,7,20,7,27,88,88,0,0,0,1,0
42,420447,1,1,1,1,43,0,21,6,2010,2,22,45,0,14,3,SR-3020,,22,40.27891389,-76.815650000,0,8,0,0,8,1,1,0,2,1,0,1,0,0000000,22,45,22,49,88,88,0,0,0,1,0
42,420448,2,2,0,2,91,6780,12,5,2010,4,11,17,0,13,3,SR-4031,PARRY PL,172,40.24938056,-75.670936110,0,12,2,0,2,3,1,0,1,1,0,1,0,0000000,11,17,11,21,12,0,0,0,0,1,0
42,420449,2,2,0,2,9,0,30,6,2010,4,16,56,1,2,3,SR-56,,122,40.11329167,-78.559105560,0,12,7,0,1,1,1,0,1,1,0,1,0,0000000,16,59,17,15,88,88,0,0,0,1,0
42,420450,2,2,0,3,59,0,10,5,2010,2,7,37,0,2,3,SR-0021,,225,39.88616111,-80.073197220,0,12,2,0,1,1,1,0,1,1,0,1,0,0000000,7,36,7,46,8,12,0,0,0,2,0
42,420451,1,1,0,1,43,0,25,6,2010,6,19,30,0,6,5,BACK RD,,0,40.47036389,-76.786377780,0,42,0,0,1,1,5,0,1,1,0,1,0,0000000,19,34,20,0,99,99,0,0,0,1,0
42,420452,1,1,0,1,25,0,19,6,2010,7,16,5,0,5,3,SR-2015,,72,40.84841389,-75.669119440,0,1,0,0,1,1,1,0,1,1,0,1,0,0000000,16,7,16,11,99,99,0,0,0,1,1
42,420453,1,1,0,1,65,0,12,6,2010,7,2,45,0,6,5,CENTER HILL RD,,0,41.08845000,-78.985166670,0,1,0,0,1,1,4,0,2,1,0,1,0,0000000,99,99,99,99,88,88,0,0,0,1,1
42,420454,1,1,0,1,67,0,10,6,2010,5,1,40,0,4,3,SR-235,SR-2013,132,40.61834167,-77.240861110,0,35,0,0,3,3,4,0,2,5,0,5,0,0000000,1,47,1,56,88,88,0,0,0,1,1
42,420455,1,1,0,1,3,6600,19,6,2010,7,2,20,0,16,6,WOODRUFF ST,MERRIMAC ST,0,40.43024722,-80.013716670,0,25,0,0,3,4,3,0,3,1,0,1,0,0000000,2,30,2,34,2,44,0,0,0,1,1
42,420456,1,1,1,0,59,0,26,6,2010,7,18,55,1,1,1,I-79,,90,39.83358889,-80.111525000,0,8,0,0,1,1,2,0,1,1,0,1,0,0000000,18,54,19,6,19,53,19,0,0,1,0
42,420457,1,1,0,1,13,0,13,3,2010,7,0,31,0,5,3,SR-2001,,41,40.26782222,-78.295152780,0,43,0,0,1,1,5,0,2,2,0,2,0,0000000,99,99,99,99,99,99,0,0,0,1,1
42,420458,2,2,0,2,71,2225,20,5,2010,5,14,53,0,4,3,SR-0625,WEAVERLAND RD,7,40.13330000,-76.025808330,0,12,6,0,2,2,1,0,1,1,0,1,0,0000000,99,99,99,99,99,99,0,0,0,1,0
42,420459,1,1,0,2,131,0,17,6,2010,5,9,40,0,6,3,SR-4019,,39,41.63568611,-75.971894440,0,42,0,0,1,1,5,0,1,1,0,1,0,0000000,88,88,88,88,88,88,0,0,0,2,1
42,420460,1,1,0,2,119,0,2,7,2010,6,19,45,0,6,5,PADDY MOUNTAIN RD,,0,40.89116111,-77.217975000,0,35,0,0,1,1,4,0,1,1,0,1,0,0000000,19,45,20,0,20,23,22,0,0,1,1
42,420461,1,1,1,2,71,4180,20,5,2010,5,1,0,0,13,3,SR-1063,,6,40.05026389,-76.291641670,0,9,0,0,1,1,1,0,3,1,0,1,0,0000000,1,3,1,7,1,20,0,0,0,1,1
42,420462,1,1,0,1,117,0,3,7,2010,7,22,30,1,2,2,US-6,,84,41.74387222,-77.454272220,0,24,0,0,1,1,2,0,2,1,0,1,0,0000000,22,30,22,44,23,3,0,0,0,1,1
42,420463,1,1,0,1,65,0,20,7,2010,3,1,40,0,3,2,US-322,,52,41.16875556,-79.114416670,0,42,0,0,1,1,4,0,2,1,0,1,0,0000000,99,99,99,99,88,88,0,0,0,1,1
42,420464,1,1,0,3,9,0,18,6,2010,6,22,25,0,4,3,SR-869,,113,40.17736667,-78.541413890,0,30,0,0,1,1,4,0,2,1,0,1,0,0000000,22,16,22,28,99,99,0,0,0,2,1
42,420465,1,1,0,1,129,0,14,6,2010,2,2,59,0,6,5,FORBES TRAIL RD,,0,40.34632222,-79.523627780,0,30,0,0,1,1,4,0,2,1,0,1,0,0000000,3,4,3,11,88,88,0,0,0,1,1
42,420466,1,1,0,1,49,0,14,6,2010,2,18,26,0,4,3,SR-2025,,25,41.96852500,-79.633300000,0,35,0,0,1,1,5,0,1,1,0,1,0,0000000,99,99,99,99,99,99,0,0,0,1,1
42,420467,1,1,0,1,115,0,22,7,2010,5,20,30,0,6,5,OLD LACKAWANNA TR,,0,41.94440278,-75.739655560,0,23,0,0,1,1,4,0,1,1,0,1,0,0000000,20,58,21,13,88,88,0,0,0,1,1
42,420468,1,1,1,1,129,0,8,7,2010,5,15,2,0,14,3,SR-982,,135,40.30484722,-79.366066670,0,8,0,0,1,1,1,0,1,1,0,1,0,0000000,15,3,15,7,15,43,0,0,0,1,0
42,420469,2,2,0,2,71,0,4,7,2010,1,2,5,0,6,5,CAMP RD,,0,40.22053333,-76.463597220,0,12,2,0,1,1,1,0,2,1,0,1,0,0000000,99,99,99,99,99,99,4,0,0,1,1
42,420470,1,1,1,1,79,0,8,7,2010,5,8,35,0,15,3,SR-1014,,14,41.32260833,-75.953941670,0,8,0,0,1,1,1,0,1,1,0,1,0,0000000,8,38,8,44,9,7,0,0,0,1,0
42,420471,2,2,0,5,51,0,14,5,2010,6,23,0,0,14,3,SR-0857,SR-3029,65,39.80554167,-79.765847220,0,12,6,0,2,2,1,0,3,1,0,1,0,0000000,22,54,23,3,0,6,0,0,0,1,0
42,420472,2,2,0,4,89,8210,7,5,2010,6,3,9,1,11,1,I-0080,,3066,40.97883333,-75.196919440,0,12,7,0,1,1,1,0,2,1,0,1,0,0000000,3,9,3,24,3,50,0,0,0,1,1
42,420473,2,2,0,4,77,0,4,5,2010,3,9,25,0,13,3,SR-0873,,16,40.69506389,-75.609672220,0,12,2,0,1,1,1,0,1,1,0,1,0,0000000,99,99,99,99,99,99,0,0,0,2,0
42,420474,2,2,0,2,119,0,19,5,2010,4,17,50,0,4,3,SR-0192,,42,40.98599444,-77.133444440,0,12,6,0,1,1,1,0,1,1,0,1,0,0000000,17,56,18,8,18,49,0,0,0,1,0
42,420475,2,2,0,3,125,0,25,5,2010,3,13,29,0,3,3,SR-0018,,273,40.30051944,-80.332586110,0,12,2,0,1,1,1,0,1,1,0,1,0,0000000,13,40,13,51,14,10,0,0,0,1,0
42,420476,2,2,0,2,71,0,23,5,2010,1,6,3,0,14,3,SR-0441,,51,40.05243611,-76.517555560,0,12,6,0,1,1,1,0,1,1,0,1,0,0000000,6,7,6,13,99,99,0,0,0,1,1
42,420477,1,1,0,1,113,0,2,7,2010,6,17,54,0,4,3,SR-154,,16,41.44750000,-76.505608330,0,43,0,0,1,1,4,0,1,1,0,1,0,0000000,17,51,17,56,88,88,0,0,0,1,0
42,420478,1,1,0,1,107,0,12,7,2010,2,3,0,0,14,3,SR-901,,2,40.63771667,-76.194386110,0,42,0,0,1,1,4,0,2,1,0,1,0,0000000,99,99,99,99,88,88,0,0,0,1,1
42,420479,2,2,0,2,71,0,29,5,2010,7,4,9,0,3,3,SR-0441,,91,40.06444722,-76.588130560,0,12,2,0,1,1,1,0,2,1,0,1,0,0000000,99,99,99,99,99,99,0,0,0,1,0
42,420480,1,1,0,1,79,9315,18,7,2010,1,20,25,0,16,6,TOWANDA ST,,0,41.05900556,-75.773558330,0,33,0,0,1,1,4,0,1,1,0,1,0,0000000,20,25,20,26,20,42,0,0,0,1,0
42,420481,1,1,0,1,63,0,21,7,2010,4,21,55,1,2,2,US-22,,139,40.45720000,-79.017466670,0,24,0,0,1,1,2,0,2,99,0,99,0,0000000,21,53,22,0,22,36,0,0,0,1,1
42,420482,1,1,1,1,71,0,6,7,2010,3,21,31,0,5,3,SR-1010,,28,40.12283889,-76.178491670,0,9,0,0,1,1,1,0,2,1,0,1,0,0000000,21,32,21,43,88,88,0,0,0,1,0
42,420483,1,1,0,1,81,0,12,7,2010,2,5,44,0,3,3,SR-14,,102,41.48890278,-76.968461110,0,34,0,0,1,1,4,0,2,1,0,1,0,0000000,5,56,6,4,88,88,0,0,0,1,1
42,420484,1,1,0,1,3,6280,15,7,2010,5,20,11,0,16,6,BEAVER ST,,0,40.53100556,-80.167844440,0,30,0,0,1,1,2,0,1,1,0,1,0,0000000,99,99,99,99,99,99,0,0,0,1,1
42,420485,1,1,0,1,5,0,31,7,2010,7,16,46,0,3,3,SR-85,,138,40.79666111,-79.260369440,0,30,0,0,1,1,5,0,1,1,0,1,0,0000000,99,99,99,99,88,88,0,0,0,1,1
42,420486,1,1,0,2,111,0,10,7,2010,7,23,43,0,3,3,SR-281,,69,39.85348889,-79.273963890,0,35,0,0,1,1,4,0,2,1,0,1,0,0000000,23,40,0,2,88,88,0,0,0,2,1
42,420487,1,1,0,3,73,0,21,7,2010,4,18,13,0,4,3,SR-108,,44,40.95694167,-80.455519440,0,30,0,0,1,1,4,0,1,1,0,1,0,0000000,18,15,18,26,19,8,0,0,0,1,0
42,420488,1,1,1,1,69,7460,31,7,2010,7,15,22,0,14,3,SR-3013,,62,41.41795000,-75.675216670,0,8,0,0,1,1,1,0,1,1,0,1,0,0000000,88,88,88,88,88,88,0,0,0,1,0
42,420489,2,2,0,2,121,0,14,7,2010,4,6,10,1,2,3,SR-8,,41,41.22488333,-79.960522220,0,12,2,0,1,1,2,0,4,5,0,5,0,0000000,6,17,6,28,7,14,0,0,0,1,0
42,420490,1,1,0,1,47,0,11,7,2010,1,2,30,0,6,5,OKNEFSKI RD,,0,41.46163889,-78.734063890,0,1,0,0,1,1,2,0,2,1,0,1,0,0000000,99,99,99,99,99,99,0,0,0,1,1
42,420491,1,1,0,2,71,0,18,7,2010,1,1,1,0,14,3,SR-23,,42,40.06522778,-76.459447220,0,42,0,0,1,1,5,0,2,1,0,1,0,0000000,1,0,1,30,99,99,0,0,0,1,1
42,420492,1,1,0,1,117,0,21,7,2010,4,23,0,0,4,3,SR-249,,62,41.86893611,-77.380969440,0,52,0,0,1,1,2,0,2,1,0,1,0,0000000,23,37,23,56,88,88,0,0,0,1,1
42,420493,1,1,0,2,5,0,16,7,2010,6,9,45,0,6,5,MORHAC RD,,0,40.70116389,-79.543183330,0,35,0,0,1,1,4,0,1,1,0,1,0,0000000,99,99,99,99,99,99,4,0,0,1,0
42,420494,2,2,0,3,129,5645,13,5,2010,5,16,5,0,14,3,SR-4033,,32,40.42536667,-79.698502780,0,23,0,0,1,1,4,0,1,1,0,1,0,0000000,16,4,16,7,16,47,0,0,0,1,1
42,420495,2,2,0,2,43,0,3,5,2010,2,3,7,1,11,1,I-0081,,676,40.30118333,-76.870938890,0,12,6,0,1,1,1,0,2,2,0,2,0,0000000,99,99,99,99,88,88,5,0,0,1,1
42,420496,1,1,0,1,39,0,14,7,2010,4,21,57,0,6,5,TERRACE STREET ET,,0,41.65733056,-80.160800000,0,42,0,0,1,1,5,0,2,1,0,1,0,0000000,99,99,99,99,88,88,0,0,0,1,1
42,420497,1,1,0,1,25,5740,6,7,2010,3,18,11,0,4,3,SR-54,,41,40.85994722,-75.837758330,0,35,0,0,1,1,4,0,1,1,0,1,0,0000000,99,99,99,99,88,88,0,0,0,1,1
42,420498,1,1,0,1,25,8940,2,7,2010,6,8,11,0,4,3,SR-4006,,62,40.94370833,-75.830850000,0,33,0,0,1,1,4,0,1,1,0,1,0,0000000,99,99,99,99,88,88,0,0,0,1,0
42,420499,1,1,0,1,101,6540,24,7,2010,7,1,15,0,16,6,MARTIN LUTHER KIN DR,,0,39.97683889,-75.196294440,0,24,0,0,1,1,2,0,3,1,0,1,0,0000000,1,8,1,15,1,43,0,0,0,1,1
42,420500,1,1,0,2,91,0,20,6,2010,1,2,14,0,14,3,SR-2001,,69,40.20045000,-75.306297220,0,33,0,0,1,1,4,0,2,1,0,1,0,0000000,2,24,2,30,2,46,0,0,0,1,0
42,420501,1,1,0,1,63,0,24,7,2010,7,1,46,1,2,2,US-22,,136,40.45701389,-79.023044440,0,18,0,0,1,1,2,0,2,1,0,1,0,0000000,1,45,1,57,88,88,19,0,0,1,1
42,420502,1,1,3,2,3,5555,28,6,2010,2,12,16,1,13,2,US-0019,BEADLING RD,53,40.36804722,-80.049311110,0,8,0,0,3,3,1,0,1,1,0,1,0,0000000,12,14,12,17,12,41,0,0,0,1,0
42,420503,1,1,0,1,3,0,28,7,2010,4,4,35,1,12,3,SR-28,,143,40.55676389,-79.807541670,0,24,0,0,1,1,2,0,3,1,0,1,0,0000000,4,40,4,51,88,88,0,0,0,1,0