STATE,ST_CASE,VE_TOTAL,VE_FORMS,PEDS,PERSONS,COUNTY,CITY,DAY,MONTH,YEAR,DAY_WEEK,HOUR,MINUTE,NHS,ROAD_FNC,ROUTE,TWAY_ID,TWAY_ID2,MILEPT,LATITUDE,LONGITUD,SP_JUR,HARM_EV,MAN_COLL,RELJCT1,RELJCT2,TYP_INT,REL_ROAD,WRK_ZONE,LGT_COND,WEATHER1,WEATHER2,WEATHER,SCH_BUS,RAIL,NOT_HOUR,NOT_MIN,ARR_HOUR,ARR_MIN,HOSP_HR,HOSP_MN,CF1,CF2,CF3,FATALS,DRUNK_DR
42,420504,1,1,0,1,17,0,16,6,2010,4,0,52,0,14,3,SR-2006,SR-2049,10,40.13198889,-74.888047220,0,33,0,0,3,7,4,0,3,1,0,1,0,0000000,99,99,99,99,99,99,0,0,0,1,1
42,420505,1,1,0,3,133,0,28,7,2010,4,9,0,0,6,5,GUT RD,,0,40.07151111,-76.674088890,0,18,0,0,1,1,5,0,1,1,0,1,0,0000000,99,99,99,99,99,99,0,0,0,1,0
42,420506,1,1,1,1,33,0,8,7,2010,5,7,54,0,4,3,SR-4014,SR-4017,15,41.11384722,-78.733205560,0,9,0,0,2,2,1,0,1,1,0,1,0,0000000,99,99,99,99,99,99,0,0,0,1,0
42,420507,1,1,0,1,81,0,14,7,2010,4,16,5,1,2,2,US-15,,196,41.35297222,-77.092161110,0,24,0,0,1,1,2,0,1,1,0,1,0,0000000,16,0,16,2,88,88,0,0,0,1,0
42,420508,1,1,0,1,77,0,18,7,2010,1,18,49,0,5,3,SR-2027,,18,40.44745278,-75.487855560,0,32,0,0,1,1,5,0,1,1,0,1,0,0000000,99,99,99,99,99,99,0,0,0,1,0
42,420509,1,1,1,2,43,3500,8,6,2010,3,10,48,1,13,3,SR-0230,JONESTOWN RD,12,40.26508056,-76.874802780,0,8,0,0,2,3,1,0,1,1,0,1,0,0000000,10,47,10,51,11,10,0,0,0,1,0
42,420510,1,1,1,1,3,0,7,6,2010,2,11,54,0,13,3,SR-0051,,361,40.56421111,-80.228722220,0,8,0,0,1,1,99,0,1,1,0,1,0,0000000,99,99,99,99,99,99,0,0,0,1,0
42,420511,1,1,0,2,57,0,16,7,2010,6,23,0,0,6,3,SR-3005,,3,39.72428056,-78.317125000,0,5,0,0,1,1,1,0,2,1,0,1,0,0000000,99,99,99,99,99,99,0,0,0,1,0
42,420512,1,1,0,2,39,0,23,7,2010,6,21,55,0,3,3,SR-8,,143,41.78800278,-79.786758330,0,35,0,0,1,1,4,0,2,2,0,2,0,0000000,22,5,22,15,88,88,0,0,0,1,0
42,420513,1,1,0,1,19,0,29,7,2010,5,20,25,0,4,3,SR-1019,,27,40.80616667,-79.727044440,0,38,0,0,1,1,5,0,5,1,0,1,0,0000000,12,28,12,54,88,88,0,0,0,1,1
42,420514,1,1,0,1,71,0,4,7,2010,1,0,50,0,6,5,CLOVERLEAF RD,,0,40.16116944,-76.533308330,0,43,0,0,1,1,5,0,2,1,0,1,0,0000000,99,99,99,99,88,88,0,0,0,1,1
42,420515,1,1,1,1,69,1990,28,7,2010,4,4,4,0,13,3,SR-6006,,18,41.47068889,-75.637658330,0,8,0,0,1,1,1,0,2,1,0,1,0,0000000,4,4,4,12,88,88,0,0,0,1,0
42,420516,2,2,0,2,79,4090,21,6,2010,2,11,51,1,13,2,US-0011,DORRANCE ST,271,41.27073056,-75.887408330,0,12,6,0,2,3,1,0,1,1,0,1,0,0000000,11,52,11,53,12,6,0,0,0,1,0
42,420517,2,2,0,2,95,0,18,6,2010,6,14,52,0,14,3,SR-0611,OLD RIVER RD,106,40.72979167,-75.185850000,0,12,6,0,3,2,1,0,1,1,0,1,0,0000000,14,54,15,8,15,35,0,0,0,1,0
42,420518,2,2,0,2,77,110,25,6,2010,6,6,13,0,16,6,JUNIATA ST,FOUNTAIN ST,0,40.58603056,-75.470583330,0,12,2,0,2,2,1,0,1,1,0,1,0,0000000,99,99,99,99,99,99,0,0,0,1,1
42,420519,2,2,0,2,101,6540,18,6,2010,6,1,6,0,14,3,SR-1007,SR-1009,10,40.00859722,-75.068933330,0,12,6,0,2,2,1,0,3,1,0,1,0,0000000,1,6,1,10,1,34,0,0,0,1,0
42,420520,1,1,0,1,37,0,1,7,2010,5,17,25,0,14,3,SR-42,,156,40.96288611,-76.470538890,0,34,0,0,1,1,5,0,1,1,0,1,0,0000000,99,99,99,99,88,88,0,0,0,1,1
42,420521,1,1,1,1,45,0,15,7,2010,5,9,52,1,13,3,SR-3,I-476-SR8037 RAMP,68,39.97807778,-75.339336110,0,9,0,1,2,2,1,0,1,1,0,1,0,0000000,9,52,9,58,99,99,0,0,0,1,0
42,420522,1,1,1,1,13,130,9,7,2010,6,5,26,0,13,3,SR-4010,,3,40.50990833,-78.402705560,0,8,0,0,1,1,1,0,3,1,0,1,0,0000000,5,27,5,34,88,88,0,0,0,1,1
42,420523,1,1,0,1,41,0,23,7,2010,6,21,30,0,14,3,SR-34,,148,40.23506389,-77.179752780,0,53,0,0,1,1,5,0,2,1,0,1,0,0000000,21,30,21,38,88,88,0,0,0,1,0
42,420524,1,1,0,2,11,0,15,7,2010,5,22,58,0,14,3,SR-73,,41,40.43631667,-75.877436110,0,32,0,0,1,1,2,0,3,1,0,1,0,0000000,99,99,99,99,99,99,0,0,0,1,1
42,420525,1,1,1,1,17,910,17,7,2010,7,16,55,1,13,2,US-13,,71,40.10436111,-74.860786110,0,8,0,0,1,1,1,0,1,1,0,1,0,0000000,16,56,16,59,17,2,0,0,0,1,0
42,420526,1,1,0,1,11,0,20,7,2010,3,0,10,0,6,5,HIGH BL,,0,40.29354167,-75.938294440,0,38,0,0,1,1,4,0,2,1,0,1,0,0000000,99,99,99,99,88,88,0,0,0,1,1
42,420527,1,1,0,1,1,0,26,7,2010,2,12,15,0,3,3,SR-16,,28,39.74173333,-77.410102780,0,42,0,0,1,1,5,0,1,1,0,1,0,0000000,12,14,12,30,88,88,0,0,0,1,0
42,420528,1,1,0,1,101,6540,11,7,2010,1,20,11,1,13,3,SR-73,UNRUH AV,44,40.02012778,-75.042858330,0,30,0,0,3,2,5,0,1,1,0,1,0,0000000,20,11,20,18,20,46,0,0,0,1,1
42,420529,2,2,0,2,49,5235,11,6,2010,6,14,49,0,14,3,SR-4014,WEST ST,11,42.08085833,-80.102402780,0,12,6,0,2,3,1,0,1,1,0,1,0,0000000,99,99,99,99,88,88,0,0,0,1,0
42,420530,1,1,1,1,71,0,30,7,2010,6,8,46,0,14,3,SR-462,,132,40.03605556,-76.256925000,0,8,0,0,1,1,1,0,1,1,0,1,0,0000000,99,99,99,99,99,99,0,0,0,1,0
42,420531,1,1,1,1,101,6540,11,7,2010,1,0,20,0,14,3,SR-1004,,42,40.00730556,-75.086616670,0,9,0,0,1,1,1,0,3,1,0,1,0,0000000,0,13,0,19,0,37,0,0,0,1,1
42,420532,1,1,1,2,101,6540,14,7,2010,4,1,9,1,13,3,SR-2007,,59,40.02670833,-75.067163890,0,8,0,0,1,1,1,0,2,2,0,2,0,0000000,1,5,1,8,88,88,0,0,0,1,0
42,420533,1,1,1,1,101,6540,17,7,2010,7,20,10,0,13,3,SR-532,,15,40.09388889,-75.031141670,0,33,0,0,1,1,4,0,5,1,0,1,0,0000000,20,58,21,3,21,15,0,0,0,1,1
42,420534,2,2,0,4,7,160,27,6,2010,1,17,32,1,13,3,SR-0065,FOURTH ST,3,40.58257222,-80.227888890,0,12,6,0,2,3,1,0,1,1,0,1,0,0000000,17,32,17,40,88,88,0,0,0,1,0
42,420535,2,2,0,4,17,0,17,6,2010,5,19,0,0,16,5,OLD BETHLEHEM PK,,0,40.38861667,-75.318747220,0,12,1,0,8,1,1,0,1,1,0,1,0,0000000,19,0,19,8,20,23,0,0,0,1,0
42,420536,1,1,0,1,133,0,3,7,2010,7,1,12,0,3,3,SR-4027,WARRINGTON RD,18,40.10131944,-77.006227780,0,24,0,0,3,3,2,0,2,1,0,1,0,0000000,1,14,1,24,88,88,0,0,0,1,1
42,420537,2,2,0,2,79,0,8,6,2010,3,16,49,0,14,3,SR-0309,,197,41.16049444,-75.887325000,0,12,1,0,1,1,1,0,1,1,0,1,0,0000000,16,50,16,58,17,20,0,0,0,1,1
42,420538,1,1,0,1,29,0,3,7,2010,7,13,30,0,5,3,SR-345,,29,40.16698333,-75.784011110,0,42,0,0,1,1,5,0,1,1,0,1,0,0000000,14,56,15,2,88,88,0,0,0,1,1
42,420539,1,1,0,1,15,0,12,7,2010,2,16,20,0,3,3,SR-414,,137,41.69781389,-76.616755560,0,34,0,0,1,1,4,0,1,1,0,1,0,0000000,16,20,16,39,88,88,0,0,0,1,0
42,420540,2,2,0,2,71,0,25,6,2010,6,18,53,1,12,2,US-0030,,52,40.04158889,-76.438519440,0,12,7,0,1,1,1,0,1,1,0,1,0,0000000,99,99,99,99,99,99,0,0,0,1,1
42,420541,1,1,1,1,3,0,28,7,2010,4,15,3,0,6,5,PATTON DR,,0,40.35293333,-80.052950000,0,8,0,0,4,1,1,0,1,1,0,1,0,0000000,15,2,15,11,15,37,0,0,0,1,0
42,420542,2,2,0,2,97,0,1,6,2010,3,21,21,0,5,3,SR-0054,,238,40.79266944,-76.434933330,0,12,6,0,1,1,1,0,2,1,0,1,0,0000000,99,99,99,99,99,99,0,0,0,1,1
42,420543,1,1,0,1,69,4980,28,7,2010,4,4,10,0,16,6,LINDEN ST,,0,41.54030556,-75.530555560,0,42,0,0,1,1,5,0,3,1,0,1,0,0000000,4,11,4,21,5,4,0,0,0,1,1
42,420544,1,1,0,1,75,0,19,7,2010,2,22,11,0,4,3,SR-117,,85,40.26121389,-76.554744440,0,59,0,0,1,1,4,0,2,1,0,1,0,0000000,22,10,22,31,88,88,0,0,0,1,1
42,420545,1,1,0,1,69,1090,2,7,2010,6,1,45,0,16,6,BROWN ST,,0,41.57654167,-75.505572220,0,19,0,0,1,1,5,0,2,1,0,1,0,0000000,88,88,88,88,88,88,0,0,0,1,1
42,420546,1,1,0,1,17,0,5,7,2010,2,5,31,0,14,3,SR-532,,81,40.24415278,-74.931233330,0,11,0,0,1,1,1,0,1,1,0,1,0,0000000,99,99,99,99,99,99,0,0,0,1,0
42,420547,3,3,0,14,89,0,5,7,2010,2,7,55,1,2,3,SR-33,,30,40.89593611,-75.312236110,0,12,6,0,1,1,1,1,1,1,0,1,0,0000000,99,99,99,99,99,99,2,0,0,1,0
42,420548,1,1,0,1,71,0,2,7,2010,6,20,12,0,15,3,SR-1014,,6,40.09678889,-76.295700000,0,53,0,0,1,1,4,0,1,1,0,1,0,0000000,99,99,99,99,99,99,0,0,0,1,0
42,420549,1,1,0,1,111,0,11,7,2010,1,5,0,0,3,3,SR-160,,399,40.17042500,-78.827980560,0,34,0,0,1,1,4,0,2,99,0,99,0,0000000,99,99,99,99,88,88,0,0,0,1,1
42,420550,1,1,0,1,3,0,10,7,2010,7,16,47,0,3,3,SR-1028,,79,40.64888333,-79.800247220,0,38,0,0,1,1,5,0,1,1,0,1,0,0000000,16,49,16,59,88,88,0,0,0,1,1
42,420551,1,1,0,1,131,0,18,7,2010,1,1,50,1,2,2,US-6,,221,41.56396111,-75.879113890,0,35,0,0,1,1,4,0,2,1,0,1,0,0000000,1,55,2,5,2,24,0,0,0,1,1
42,420552,1,1,0,4,29,0,16,7,2010,6,3,10,0,6,5,BEAVER DAM RD,,0,40.05819444,-75.889250000,0,42,0,0,1,1,5,0,2,1,0,1,0,0000000,3,11,3,21,4,2,0,0,0,2,1
42,420553,1,1,0,10,29,0,26,7,2010,2,15,50,1,1,1,I-76,,3030,40.13945833,-75.801963890,0,35,0,0,1,1,4,0,1,1,0,1,0,0000000,15,53,16,7,16,44,0,0,0,1,0
42,420554,1,1,0,2,67,0,5,7,2010,2,4,0,0,5,3,SR-3014,,8,40.43480278,-77.585822220,0,42,0,0,1,1,4,0,2,1,0,1,0,0000000,6,5,6,18,6,35,0,0,0,1,1
42,420555,1,1,0,1,21,0,3,7,2010,7,17,26,0,3,3,SR-53,,215,40.55091944,-78.558861110,0,1,0,0,1,1,5,0,1,1,0,1,0,0000000,17,23,17,36,88,88,0,0,0,1,1
42,420556,3,3,0,3,5,0,15,6,2010,3,3,40,1,2,2,US-0422,,134,40.79389722,-79.467708330,0,12,6,0,1,1,1,0,2,1,0,1,0,0000000,3,44,3,49,4,5,0,0,0,1,0
42,420557,1,1,0,1,33,0,1,7,2010,5,18,29,1,1,1,I-80,,1262,41.01120000,-78.284191670,0,24,0,0,1,1,3,0,1,1,0,1,0,0000000,99,99,99,99,99,99,0,0,0,1,1
42,420558,3,3,0,5,89,0,25,6,2010,6,13,27,1,2,3,SR-0033,,24,40.88771667,-75.310113890,0,12,6,0,1,1,1,0,1,1,0,1,0,0000000,99,99,99,99,99,99,0,0,0,1,0
42,420559,1,1,0,2,99,0,27,7,2010,3,18,47,0,4,3,SR-17,,41,40.37999722,-77.462558330,0,30,0,0,1,1,4,0,1,1,0,1,0,0000000,18,48,99,97,99,97,0,0,0,1,0
42,420560,1,1,0,2,117,0,10,7,2010,7,13,50,1,2,2,US-6,,152,41.77472500,-77.344061110,0,58,0,0,1,1,5,0,1,1,0,1,0,0000000,13,51,13,59,14,27,0,0,0,1,0
42,420561,1,1,0,1,37,0,4,7,2010,1,12,55,0,3,3,SR-42,,127,40.93224444,-76.446144440,0,1,0,0,1,1,5,0,1,1,0,1,0,0000000,99,99,99,99,99,99,0,0,0,1,0
42,420562,5,5,0,6,89,0,24,6,2010,5,19,57,1,13,2,US-0209,SHAFERS SCHOOL HOUSE,174,40.97313333,-75.244572220,0,12,1,0,3,2,1,0,1,1,0,1,0,0000000,99,99,99,99,99,99,0,0,0,1,0
42,420563,1,1,0,2,49,0,16,7,2010,6,17,8,1,11,1,I-79,,1781,42.04045000,-80.119830560,0,35,0,0,1,1,4,0,1,1,0,1,0,0000000,99,99,99,99,99,99,0,0,0,1,0
42,420565,6,6,0,7,11,0,3,6,2010,5,10,50,1,12,2,US-0222,,116,40.37281111,-75.989386110,0,12,2,0,1,1,1,0,1,1,0,1,0,0000000,11,15,11,15,11,30,0,0,0,1,0
42,420566,1,1,0,4,23,0,1,8,2010,1,14,0,0,6,5,JERRY RUN RD,,0,41.26752778,-78.099900000,0,35,0,0,1,1,4,0,1,1,0,1,0,0000000,99,99,99,99,88,88,0,0,0,1,0
42,420567,1,1,0,1,59,0,2,8,2010,2,19,15,0,4,3,SR-1021,,38,39.92396944,-79.964005560,0,32,0,0,1,1,4,0,1,1,0,1,0,0000000,19,13,19,18,88,88,0,0,0,1,1
42,420568,1,1,0,2,115,0,4,8,2010,4,0,30,0,6,5,OLD LACKAWANNA TR,,0,41.91616944,-75.736108330,0,43,0,0,1,1,5,0,2,1,0,1,0,0000000,0,34,0,49,88,88,0,0,0,2,1
42,420569,1,1,0,1,85,0,8,8,2010,1,18,55,0,6,5,LIBERTY RD,,0,41.14346944,-80.103463890,0,1,0,0,1,1,4,0,1,1,0,1,0,0000000,18,51,18,55,19,7,0,0,0,1,1
42,420570,1,1,0,2,21,0,28,8,2010,7,20,50,0,6,5,ROSEDALE ST,,0,40.35505278,-78.898905560,0,34,0,0,1,1,5,0,2,1,0,1,0,0000000,20,49,20,57,21,15,0,0,0,1,0
42,420571,1,1,0,1,85,8150,30,8,2010,2,2,30,0,3,2,US-62,,258,41.32130000,-80.119375000,0,59,0,0,1,1,4,0,2,1,0,1,0,0000000,99,99,99,99,88,88,0,0,0,1,1
42,420572,1,1,0,1,29,0,21,8,2010,7,21,9,0,4,3,SR-841,,103,39.83456667,-75.823802780,0,24,0,0,1,1,2,0,2,1,0,1,0,0000000,21,7,21,25,88,88,0,0,0,1,1
42,420573,1,1,0,1,103,0,21,8,2010,7,18,29,1,1,1,I-84,,3812,41.34860278,-74.985394440,0,17,0,0,1,1,4,0,1,1,0,1,0,0000000,88,88,88,88,88,88,0,0,0,1,0
42,420574,1,1,0,1,33,0,28,8,2010,7,21,12,0,3,3,SR-53,,207,40.84589444,-78.298933330,0,43,0,0,1,1,5,0,2,1,0,1,0,0000000,99,99,99,99,88,88,0,0,0,1,1
42,420575,2,2,0,3,71,0,14,7,2010,4,15,37,1,2,3,SR-272,OSCEOLA RD,113,39.83754167,-76.215622220,0,12,6,0,2,2,1,0,1,2,0,2,0,0000000,15,38,15,49,16,20,0,0,0,2,0
42,420576,1,1,0,1,119,0,10,8,2010,3,22,36,0,6,5,GLOVER HILL RD,,0,40.96680556,-77.018175000,0,42,0,0,1,1,5,0,2,1,0,1,0,0000000,16,1,16,12,88,88,4,0,0,1,1
42,420577,2,2,0,2,75,0,22,6,2010,3,14,49,0,4,3,SR-0443,,130,40.52006389,-76.499136110,0,12,2,0,1,1,1,0,1,1,0,1,0,0000000,14,54,15,9,99,99,0,0,0,1,0
42,420578,1,1,0,1,89,0,26,8,2010,5,3,0,1,1,1,I-80,,2849,41.07664722,-75.551922220,0,42,0,0,1,1,5,0,2,5,0,5,0,0000000,99,99,99,99,88,88,0,0,0,1,0
42,420579,2,1,0,1,29,4565,12,6,2010,7,6,15,0,14,3,SR-3026,,132,39.83183056,-75.808383330,0,33,0,0,1,1,2,0,1,1,0,1,0,0000000,6,14,6,26,88,88,0,0,0,1,1
42,420580,1,1,0,7,51,0,13,6,2010,1,7,30,0,3,3,SR-381,,98,39.81907500,-79.549030560,0,30,0,0,1,1,4,0,1,5,0,5,0,0000000,99,99,99,99,99,99,0,0,0,1,0
42,420581,1,1,0,1,125,1240,31,7,2010,7,3,30,0,14,3,SR-2016,,32,40.13134444,-79.896441670,0,52,0,0,1,1,2,0,3,1,0,1,0,0000000,99,99,99,99,99,99,0,0,0,1,0
42,420582,1,1,0,3,15,6107,18,7,2010,1,17,0,1,2,2,US-0006,,216,41.78893333,-76.518266670,0,1,0,0,1,1,1,0,1,1,0,1,0,0000000,99,99,99,99,99,99,0,0,0,1,0
42,420583,2,2,0,2,27,0,10,6,2010,5,22,46,0,3,3,SR-0064,,87,40.96792778,-77.602288890,0,12,1,0,1,1,1,0,2,1,0,1,0,0000000,22,51,23,5,23,29,0,0,0,1,1
42,420584,2,2,0,2,101,6540,16,6,2010,4,1,0,1,11,1,I-0076,SR-8010,3436,39.96575833,-75.186472220,0,12,2,1,5,1,1,0,3,1,0,1,0,0000000,1,7,1,16,1,28,0,0,0,1,1
42,420585,2,2,0,3,67,0,3,6,2010,5,9,15,1,2,2,US-0022,,206,40.56586944,-77.174483330,0,12,2,0,1,1,1,0,1,1,0,1,0,0000000,9,16,9,24,10,7,0,0,0,1,0
42,420586,2,2,0,2,79,0,4,6,2010,6,23,9,1,1,1,I-0080,,2695,41.05469722,-75.832497220,0,12,6,0,1,1,1,0,2,1,0,1,0,0000000,23,6,23,33,88,88,0,0,0,1,0
42,420587,1,1,0,5,21,0,7,8,2010,7,3,15,0,5,3,SR-1007,,40,40.55104167,-78.677913890,0,42,0,0,1,1,4,0,2,1,0,1,0,0000000,99,99,99,99,99,99,0,0,0,1,1
42,420588,2,2,0,2,49,0,6,6,2010,1,18,0,0,14,3,SR-0089,,270,42.23381389,-79.833275000,0,12,6,0,1,1,4,0,1,1,0,1,0,0000000,88,88,88,88,88,88,0,0,0,1,1
42,420589,1,1,0,1,133,0,15,8,2010,1,1,59,0,14,3,SR-2079,,68,39.88389722,-76.588922220,0,1,0,0,1,1,1,0,3,2,0,2,0,0000000,2,1,2,4,88,88,0,0,0,1,1
42,420590,2,2,0,3,17,0,1,6,2010,3,21,48,0,16,5,EMILIE RD,,0,40.14271667,-74.859750000,0,12,8,0,1,1,1,0,3,1,0,1,0,0000000,99,99,99,99,99,99,0,0,0,1,0
42,420591,1,1,0,1,71,0,13,8,2010,6,0,25,0,16,5,ORCHARD RD,,0,40.16656389,-76.416977780,0,58,0,0,1,1,4,0,2,2,0,2,0,0000000,6,56,7,3,88,88,0,0,0,1,1
42,420592,2,2,0,2,13,0,18,6,2010,6,16,19,0,3,3,SR-0036,,228,40.53073333,-78.474994440,0,12,2,0,1,1,1,0,1,1,0,1,0,0000000,16,21,16,30,99,99,0,0,0,1,1
42,420593,1,1,0,4,11,0,24,8,2010,3,16,5,1,1,1,I-76,,2956,40.17708056,-75.927408330,0,35,0,0,1,1,4,0,1,1,0,1,0,0000000,99,99,99,99,99,99,0,0,0,1,0
42,420594,1,1,0,2,87,0,14,8,2010,7,2,34,0,6,5,FERGUSON VALLEY RD,,0,40.42906944,-77.817069440,0,32,0,0,1,1,4,0,2,1,0,1,0,0000000,2,31,2,45,2,54,0,0,0,1,1
42,420595,2,2,0,2,19,9670,8,6,2010,3,16,39,0,14,3,SR-0068,CLAY ST,11,40.79239444,-80.137830560,0,12,6,0,2,2,1,0,1,1,0,1,0,0000000,16,36,16,42,17,10,0,0,0,1,0
42,420596,2,2,0,3,99,0,5,6,2010,7,7,35,0,3,3,SR-0850,,195,40.34937500,-77.205977780,0,12,2,0,1,1,1,0,1,1,0,1,0,0000000,7,35,7,44,99,99,0,0,0,1,0
42,420597,2,2,0,2,43,0,30,6,2010,4,16,0,0,14,3,SR-0039,DEER PATH RD,13,40.32701667,-76.874555560,0,12,2,0,2,3,1,0,1,1,0,1,0,0000000,16,2,16,13,17,1,0,0,0,1,0
42,420598,2,1,0,1,127,0,24,6,2010,5,0,20,0,5,3,SR-3028,,15,41.56018611,-75.382305560,0,34,0,0,1,1,4,0,2,1,0,1,0,0000000,0,24,0,30,1,8,0,0,0,1,1
42,420599,1,1,0,2,111,0,1,8,2010,1,16,22,0,6,5,ROCKY RIDGE RD,,0,40.07788611,-79.173227780,0,42,0,0,1,1,4,0,1,1,0,1,0,0000000,16,25,16,49,99,99,22,4,0,1,1
42,420600,1,1,0,2,49,0,7,8,2010,7,1,52,0,5,3,SR-3022,,11,41.86049722,-80.102663890,0,30,0,0,1,1,4,0,2,1,0,1,0,0000000,2,0,2,12,2,53,0,0,0,1,1
42,420601,1,1,0,3,29,0,13,8,2010,6,2,29,0,6,5,CHANDLER RD,,0,39.88023611,-75.627350000,0,42,0,0,1,1,4,0,2,1,0,1,0,0000000,2,25,2,35,4,50,0,0,0,1,0
42,420602,2,2,0,2,55,0,21,6,2010,2,12,11,0,14,3,SR-0533,THORNWOOD RD,86,40.05360833,-77.560313890,0,12,6,0,2,2,1,0,1,1,0,1,0,0000000,12,11,12,13,88,88,0,0,0,1,0
42,420603,2,2,0,2,61,0,17,6,2010,5,11,37,0,3,3,SR-0026,RIDGEVIEW RD,237,40.51041111,-77.978783330,0,12,6,0,2,3,1,0,1,1,0,1,0,0000000,11,37,11,43,12,1,0,0,0,1,0
42,420604,5,2,0,2,101,6540,30,6,2010,4,12,57,0,16,6,POWELTON AV,STATE ST,0,39.95931111,-75.200500000,0,12,6,0,2,2,1,0,1,1,0,1,0,0000000,12,53,12,57,13,15,0,0,0,1,0
42,420605,1,1,0,1,79,0,11,8,2010,4,16,59,1,12,3,SR-29,,36,41.20341944,-75.974550000,0,1,0,0,1,1,1,0,1,1,0,1,0,0000000,88,88,88,88,88,88,0,0,0,1,0
42,420606,2,2,0,2,129,0,23,6,2010,4,13,30,1,2,2,US-0022,,206,40.42031389,-79.332330560,0,12,2,0,1,1,1,1,1,1,0,1,0,0000000,13,45,13,53,99,99,0,0,0,1,0
42,420607,2,2,0,2,11,0,30,6,2010,4,14,2,0,14,3,SR-0073,,169,40.36240833,-75.675441670,0,12,6,0,1,1,1,0,1,1,0,1,0,0000000,99,99,99,99,88,88,0,0,0,1,0
42,420608,4,4,0,7,71,0,27,6,2010,1,17,1,1,14,3,SR-0072,,81,40.12778611,-76.379488890,0,12,2,0,1,1,1,0,1,1,0,1,0,0000000,99,99,99,99,99,99,0,0,0,5,3
42,420609,1,1,0,1,89,0,2,8,2010,2,23,30,0,6,3,SR-1016,,44,41.08297778,-75.038552780,0,34,0,0,1,1,5,0,2,1,0,1,0,0000000,99,99,99,99,88,88,0,0,0,1,0
42,420610,1,1,0,1,125,0,24,8,2010,3,3,10,0,3,2,US-40,,245,40.10191389,-80.098961110,0,32,0,0,1,1,4,0,2,1,0,1,0,0000000,99,99,99,99,88,88,0,0,0,1,1
42,420611,1,1,0,1,89,0,12,8,2010,5,20,44,0,6,5,SUN VALLEY MOUNTA RD,,0,40.97788056,-75.472619440,0,30,0,0,1,1,4,0,2,2,0,2,0,0000000,99,99,99,99,99,99,0,0,0,1,1
42,420612,1,1,0,2,129,0,30,8,2010,2,14,50,0,15,3,SR-2015,,6,40.26290556,-79.510572220,0,42,0,0,1,1,4,0,1,1,0,1,0,0000000,14,54,14,56,88,88,0,0,0,2,0
42,420613,1,1,0,1,129,5880,2,8,2010,2,13,38,0,16,6,CALDWELL AV,,0,40.58887500,-79.754722220,0,33,0,0,1,1,4,0,1,1,0,1,0,0000000,99,99,99,99,99,99,0,0,0,1,0
42,420614,1,1,0,1,129,0,1,8,2010,1,2,20,0,3,3,SR-711,,143,40.25300278,-79.219194440,0,42,0,0,1,1,5,0,2,1,0,1,0,0000000,2,24,2,31,3,49,0,0,0,1,1
42,420615,2,2,0,5,81,0,24,6,2010,5,13,0,0,3,2,US-0220,,253,41.30875556,-76.667419440,0,12,2,0,1,1,1,0,1,1,0,1,0,0000000,13,2,13,17,14,8,5,0,0,1,0
42,420616,5,1,0,1,71,0,20,6,2010,1,22,15,0,5,3,SR-4008,,97,40.17970278,-76.536694440,0,53,0,0,1,1,5,0,2,1,0,1,0,0000000,99,99,99,99,88,88,0,0,0,1,1
42,420617,3,3,0,4,133,0,12,6,2010,7,12,22,1,13,2,US-0030,,176,39.98245556,-76.698644440,0,12,6,0,1,1,1,0,1,1,0,1,0,0000000,12,25,12,31,12,54,0,0,0,1,0
42,420618,3,3,0,5,17,0,5,7,2010,2,16,12,1,13,3,SR-0663,,49,40.44136389,-75.387255560,0,12,8,0,1,1,1,0,1,1,0,1,0,0000000,16,13,16,16,16,50,0,0,0,1,0
42,420619,1,1,0,1,43,0,12,8,2010,5,4,55,1,11,1,I-83-SR8027 RAMP,,5,40.25294722,-76.812913890,0,24,0,1,5,1,2,0,2,1,0,1,0,0000000,4,58,5,4,5,37,0,0,0,1,0
42,420620,1,1,0,1,39,0,19,8,2010,5,5,48,0,4,3,SR-408,,194,41.65546944,-79.796377780,0,35,0,0,1,1,4,0,2,1,0,1,0,0000000,99,99,99,99,88,88,0,0,0,1,0
42,420621,1,1,0,1,133,0,27,8,2010,6,6,35,0,3,3,SR-74,,158,39.87319167,-76.498163890,0,30,0,0,1,1,4,0,1,1,0,1,0,0000000,6,41,6,46,88,88,0,0,0,1,1
42,420622,2,2,0,3,107,0,5,7,2010,2,10,58,1,1,1,I-0081,,1000,40.53959167,-76.429175000,0,12,7,0,1,1,1,0,1,1,0,1,0,0000000,99,99,99,99,99,99,0,0,0,1,0
42,420623,1,1,0,1,7,90,16,8,2010,2,6,16,0,16,6,MAIN ST,,0,40.60461944,-80.277975000,0,33,0,0,1,1,4,0,1,1,0,1,0,0000000,6,19,6,26,88,88,0,0,0,1,0
42,420624,2,2,0,2,85,8150,8,7,2010,5,11,58,0,4,3,SR-0845,,17,41.34740000,-80.118513890,0,12,6,0,1,1,2,0,1,1,0,1,0,0000000,14,51,99,99,99,99,0,0,0,1,0
42,420625,2,2,0,3,49,0,20,7,2010,3,20,30,0,4,3,SR-0005,,75,42.01341667,-80.377780560,0,12,6,0,1,1,1,0,1,1,0,1,0,0000000,99,99,99,99,99,99,0,0,0,2,1
42,420626,1,1,1,2,21,0,1,8,2010,1,3,45,1,13,3,SR-56,,128,40.25895278,-78.849144440,0,8,0,0,1,1,1,0,3,2,0,2,0,0000000,99,99,99,99,99,99,0,0,0,1,1
42,420627,2,2,0,5,63,0,24,7,2010,7,0,50,0,3,3,SR-0286,,256,40.66338056,-79.089838890,0,12,2,0,1,1,1,1,2,1,0,1,0,0000000,0,51,1,2,1,26,0,0,0,1,1