STATE,ST_CASE,VE_TOTAL,VE_FORMS,PEDS,PERSONS,COUNTY,CITY,DAY,MONTH,YEAR,DAY_WEEK,HOUR,MINUTE,NHS,ROAD_FNC,ROUTE,TWAY_ID,TWAY_ID2,MILEPT,LATITUDE,LONGITUD,SP_JUR,HARM_EV,MAN_COLL,RELJCT1,RELJCT2,TYP_INT,REL_ROAD,WRK_ZONE,LGT_COND,WEATHER1,WEATHER2,WEATHER,SCH_BUS,RAIL,NOT_HOUR,NOT_MIN,ARR_HOUR,ARR_MIN,HOSP_HR,HOSP_MN,CF1,CF2,CF3,FATALS,DRUNK_DR
42,420628,2,2,0,2,115,0,6,7,2010,3,10,4,0,5,3,SR-2077,,21,41.78166111,-75.537005560,0,12,1,0,1,1,1,0,1,1,0,1,1,0000000,99,99,99,99,88,88,0,0,0,1,0
42,420629,2,2,0,3,15,0,28,7,2010,4,15,20,0,4,3,SR-0187,,145,41.68947222,-76.349447220,0,12,6,0,1,1,1,0,1,1,0,1,0,0000000,99,99,99,99,99,99,0,0,0,1,0
42,420630,1,1,0,1,75,0,22,8,2010,1,8,37,1,1,1,I-81,,888,40.42696944,-76.520030560,0,1,0,0,1,1,1,0,1,2,0,2,0,0000000,8,39,8,50,88,88,0,0,0,1,0
42,420631,2,2,0,3,55,0,29,7,2010,5,13,50,0,15,3,SR-2015,,22,39.79302222,-77.561572220,0,12,2,0,1,1,1,0,1,1,0,1,0,0000000,13,50,14,1,99,99,0,0,0,1,0
42,420632,2,2,0,3,83,0,24,7,2010,7,16,14,0,4,3,SR-0346,,305,41.96528611,-78.392269440,0,24,0,0,1,1,2,0,1,1,0,1,0,0000000,99,99,99,99,99,99,0,0,0,1,0
42,420633,2,2,0,2,81,0,14,7,2010,4,15,45,1,2,2,US-0015,,190,41.34690000,-77.093355560,0,12,6,0,1,1,1,0,1,1,0,1,0,0000000,15,44,15,51,16,12,0,0,0,1,0
42,420634,2,2,0,2,45,3250,1,7,2010,5,21,43,0,13,3,SR-2006,GARDNER AV,55,39.90402222,-75.294372220,0,12,6,0,2,3,1,0,3,1,0,1,0,0000000,21,43,22,0,22,10,0,0,0,1,1
42,420635,2,2,0,2,77,0,4,7,2010,1,6,0,0,13,3,SR-0100,SR-2002,83,40.58451944,-75.626455560,0,12,6,0,2,2,1,0,4,1,0,1,0,0000000,99,99,99,99,99,99,0,0,0,1,1
42,420636,2,1,0,2,67,0,4,7,2010,1,19,52,0,6,5,RHINE HOLLOW RD,,0,40.33716111,-77.668725000,0,45,0,0,8,1,1,0,1,1,0,1,0,0000000,19,55,20,1,20,16,0,0,0,1,0
42,420637,2,2,0,2,17,0,26,7,2010,2,11,13,0,14,3,SR-0152,CREEK RD,46,40.30584722,-75.220291670,0,12,6,0,2,3,1,0,1,1,0,1,0,0000000,11,15,11,20,12,0,0,0,0,1,0
42,420638,2,2,0,4,49,3475,16,7,2010,6,21,1,0,14,3,SR-0005,FAIR AV,305,42.16858611,-80.001747220,0,12,6,0,2,3,1,0,5,1,0,1,0,0000000,99,99,99,99,99,99,0,0,0,2,1
42,420639,1,1,0,4,33,0,5,8,2010,5,8,0,1,1,1,I-80,,1164,41.06064167,-78.450066670,0,35,0,0,1,1,3,0,1,1,0,1,0,0000000,99,99,99,99,99,99,0,0,0,1,0
42,420640,1,1,0,7,33,0,16,8,2010,2,13,10,1,1,1,I-80,,1139,41.07364167,-78.490861110,0,35,0,0,1,1,3,0,1,1,0,1,0,0000000,99,99,99,99,99,99,0,0,0,1,0
42,420641,1,1,0,3,15,0,7,8,2010,7,1,0,0,3,3,SR-14,,124,41.74813333,-76.792716670,0,59,0,0,1,1,4,0,2,1,0,1,0,0000000,1,5,1,18,1,32,0,0,0,1,1
42,420642,1,1,0,1,19,0,23,8,2010,2,1,0,1,11,1,I-79,,861,40.79224722,-80.124319440,0,59,0,0,1,1,3,1,2,1,0,1,0,0000000,1,2,1,18,1,58,0,0,0,1,1
42,420643,1,1,0,1,21,0,25,6,2010,6,2,0,0,15,3,SR-0160,,35,40.28372500,-78.794244440,0,1,0,0,1,1,1,0,3,1,0,1,0,0000000,2,7,2,13,88,88,0,0,0,1,1
42,420644,1,1,0,1,49,0,28,8,2010,7,10,3,0,4,3,SR-98,,88,41.97638333,-80.228697220,0,24,0,0,1,1,2,0,1,1,0,1,0,0000000,88,88,88,88,88,88,0,0,0,1,0
42,420645,1,1,0,2,107,0,29,6,2010,3,18,40,0,3,2,US-0209,MILL ST,159,40.67003611,-76.315916670,0,1,0,0,3,4,1,0,1,1,0,1,0,0000000,99,99,99,99,99,99,0,0,0,1,1
42,420646,1,1,0,3,61,0,1,8,2010,1,18,30,0,5,3,SR-3001,,35,40.26584722,-78.180575000,0,42,0,0,1,1,4,0,1,1,0,1,0,0000000,18,36,18,45,99,99,0,0,0,1,0
42,420647,1,1,0,1,27,0,26,8,2010,5,21,40,0,6,5,HANNAH FURNACE RD,,0,40.88895000,-78.134730560,0,42,0,0,1,1,5,0,2,1,0,1,0,0000000,22,7,22,21,88,88,4,0,0,1,1
42,420648,2,2,0,2,17,0,20,7,2010,3,22,33,1,11,1,I-0095-SR8005 RAMP,,388,40.10515556,-74.899561110,0,12,1,1,5,1,1,2,3,1,0,1,0,0000000,23,44,23,52,0,5,1,3,0,1,1
42,420649,1,1,0,1,109,0,28,8,2010,7,1,0,0,3,3,SR-35,,60,40.72813056,-77.010816670,0,42,0,0,1,1,5,0,2,1,0,1,0,0000000,6,48,6,56,88,88,0,0,0,1,0
42,420650,1,1,0,1,117,0,14,8,2010,7,15,0,0,4,3,SR-362,,4,41.74195556,-77.428177780,0,1,0,0,1,1,1,0,1,1,0,1,0,0000000,15,11,15,21,99,99,0,0,0,1,0
42,420651,2,2,0,4,51,0,11,7,2010,1,17,0,1,2,3,SR-0051-SR8019 RAMP,,114,40.04980278,-79.773477780,0,1,0,1,5,1,1,0,1,1,0,1,0,0000000,17,40,17,50,18,25,0,0,0,1,0
42,420652,1,1,0,1,1,0,7,8,2010,7,6,15,0,6,5,BRICKYARD RD,,0,39.85708611,-77.032252780,0,31,0,0,1,1,5,0,1,1,0,1,0,0000000,6,20,6,30,88,88,0,0,0,1,0
42,420653,1,1,0,1,41,0,1,8,2010,1,2,55,0,6,5,ALLENDALE WY,,0,40.22358611,-76.890030560,0,42,0,0,1,1,5,0,2,1,0,1,0,0000000,2,56,3,4,3,23,0,0,0,1,1
42,420654,1,1,1,1,43,0,14,8,2010,7,5,35,1,13,2,US-322,MUSHROOM HILL RD,22,40.25950278,-76.775311110,0,8,0,0,2,2,1,0,3,1,0,1,0,0000000,5,34,5,42,88,88,0,0,0,1,0
42,420655,2,1,2,2,89,0,29,7,2010,5,1,12,0,3,2,US-0209,,247,41.05459167,-75.094919440,0,8,0,0,1,1,1,0,2,1,0,1,0,0000000,99,99,99,99,99,99,19,0,0,1,1
42,420656,2,2,0,3,133,0,16,7,2010,6,22,45,1,11,1,I-0083,,359,40.17863056,-76.836880560,0,12,7,1,18,1,1,0,2,1,0,1,0,0000000,22,43,22,49,99,99,0,0,0,1,0
42,420657,2,2,0,3,129,0,25,7,2010,1,23,5,0,14,3,SR-0982,,144,40.31464722,-79.354083330,0,35,0,0,1,1,2,0,3,1,0,1,0,0000000,99,99,99,99,99,99,0,0,0,1,0
42,420658,2,2,0,2,15,0,26,7,2010,2,15,59,0,3,3,SR-0414,,45,41.65870000,-76.780072220,0,12,6,0,1,1,1,0,1,1,0,1,0,0000000,15,53,16,2,16,34,0,0,0,1,0
42,420659,1,1,0,2,3,5413,7,8,2010,7,18,15,0,13,3,SR-286,,1,40.42751111,-79.726208330,0,24,0,0,1,1,2,0,1,1,0,1,0,0000000,18,22,18,29,18,54,0,0,0,1,1
42,420660,1,1,0,6,89,0,16,8,2010,2,3,10,1,2,3,SR-33,,4,40.86707500,-75.296986110,0,35,0,0,1,1,4,0,2,5,0,5,0,0000000,99,99,99,99,99,99,0,0,0,1,0
42,420661,1,1,0,1,71,0,14,8,2010,7,20,15,0,6,5,ROHRERSTOWN RD,,0,40.08866111,-76.355458330,0,1,0,0,1,1,1,0,3,1,0,1,0,0000000,20,16,20,23,20,42,0,0,0,1,0
42,420662,1,1,0,1,123,0,17,8,2010,3,22,47,0,3,3,SR-666,,59,41.68928333,-79.030780560,0,32,0,0,1,1,4,0,2,1,0,1,0,0000000,22,50,22,56,88,88,0,0,0,1,1
42,420663,1,1,0,2,129,0,16,8,2010,2,3,5,0,4,3,SR-780,,33,40.55530000,-79.710233330,0,35,0,0,1,1,5,0,2,1,0,1,0,0000000,3,9,3,18,88,88,0,0,0,2,1
42,420664,1,1,0,1,47,7300,2,8,2010,2,12,0,0,16,6,W THERESIA RD,,0,41.40301667,-78.572502780,0,35,0,0,1,1,5,0,1,1,0,1,0,0000000,99,99,99,99,88,88,0,0,0,1,1
42,420665,1,1,1,1,11,0,6,8,2010,6,23,20,0,6,5,HARVEY AV,,0,40.33791944,-75.878413890,0,8,0,0,1,1,1,0,3,1,0,1,0,0000000,99,99,99,99,99,99,0,0,0,1,0
42,420666,1,1,0,1,29,0,29,8,2010,1,18,57,0,14,3,SR-82,,137,39.99224722,-75.826200000,0,24,0,0,1,1,3,0,1,1,0,1,0,0000000,18,48,18,50,19,26,0,0,0,1,1
42,420667,1,1,1,1,101,6540,5,8,2010,5,20,52,0,16,6,7TH ST,PACKER AV,0,39.90935833,-75.161125000,0,8,0,0,3,2,1,0,3,1,0,1,0,0000000,20,52,20,58,88,88,0,0,0,1,0
42,420668,1,1,0,1,77,110,20,8,2010,6,0,2,0,16,3,SR-2010,,11,40.56787500,-75.498427780,0,35,0,0,1,1,4,0,2,1,0,1,0,0000000,99,99,99,99,88,88,0,0,0,1,1
42,420669,1,1,0,2,49,6070,26,8,2010,5,3,15,0,16,6,VINE ST,,0,42.21449444,-79.833205560,0,30,0,0,1,1,4,0,3,1,0,1,0,0000000,3,29,3,42,4,2,0,0,0,1,1
42,420670,1,1,1,1,101,6540,20,8,2010,6,3,0,0,16,6,HUNTINGDON ST,17TH ST,0,39.99298889,-75.159722220,0,8,0,0,3,2,1,0,3,1,0,1,0,0000000,3,0,3,8,3,42,0,0,0,1,1
42,420671,1,1,1,1,101,6540,21,8,2010,7,13,44,0,16,6,UMBRIA ST,,0,40.03690833,-75.237594440,0,9,0,0,1,1,1,0,1,1,0,1,0,0000000,14,43,14,49,15,22,0,0,0,1,0
42,420672,2,2,0,2,67,0,17,7,2010,7,21,15,0,3,3,SR-0035,,276,40.59342222,-77.355466670,0,12,1,0,1,1,1,0,2,1,0,1,0,0000000,99,99,99,99,99,99,0,0,0,1,0
42,420673,2,2,0,3,97,0,15,7,2010,5,16,25,0,4,3,SR-0405,,84,41.04378611,-76.852197220,0,12,2,0,8,1,1,0,1,1,0,1,0,0000000,99,99,99,99,99,99,0,0,0,1,1
42,420674,2,2,0,2,117,0,17,7,2010,7,4,32,0,3,3,SR-0049,,19,41.91675278,-77.571555560,0,12,8,0,1,1,1,0,2,1,0,1,0,0000000,4,29,4,54,88,88,0,0,0,1,1
42,420675,2,2,0,7,95,0,31,7,2010,7,23,19,1,11,1,I-0078,,671,40.59568889,-75.325919440,0,12,6,0,1,1,1,0,2,1,0,1,0,0000000,99,99,99,99,99,99,0,0,0,2,0
42,420676,2,2,0,3,3,6600,8,7,2010,5,20,45,0,13,3,SR-0008,FRANKSTOWN AV,31,40.45867222,-79.908033330,0,12,6,0,2,2,1,0,3,1,0,1,0,0000000,99,99,99,99,88,88,0,0,0,1,0
42,420677,1,1,0,2,101,6540,28,8,2010,7,12,37,1,13,3,SR-2004,,10,39.94983889,-75.143447220,0,6,0,0,1,1,1,0,1,1,0,1,0,0000000,12,39,12,46,12,59,0,0,0,1,0
42,420678,2,2,0,2,133,0,14,7,2010,4,23,28,0,14,3,SR-4001,,50,39.98179167,-76.762258330,0,12,6,0,8,1,1,0,3,1,0,1,0,0000000,23,36,23,43,0,13,0,0,0,1,1
42,420679,2,2,0,4,37,0,18,7,2010,1,12,32,0,3,3,SR-487,KNOBEL'S PY,1,40.88376389,-76.506163890,0,12,2,0,2,3,1,0,1,1,0,1,0,0000000,99,99,99,99,99,99,0,0,0,1,0
42,420680,2,2,0,2,71,0,23,7,2010,6,15,34,0,14,3,SR-340,,33,40.03954722,-76.209622220,0,12,6,0,8,1,1,0,1,1,0,1,0,0000000,15,37,15,43,16,0,0,0,0,1,2
42,420681,2,2,0,9,77,110,17,7,2010,7,8,3,1,11,1,I-0078,,577,40.56420278,-75.481633330,0,12,7,1,18,1,1,0,1,1,0,1,1,0000000,99,99,99,99,99,99,0,0,0,1,0
42,420682,2,2,0,2,71,0,12,7,2010,2,11,24,0,14,3,SR-272,,359,40.20782778,-76.139700000,0,12,6,0,8,1,1,0,1,1,0,1,0,0000000,11,26,11,30,11,52,0,0,0,1,0
42,420684,2,2,0,3,27,0,31,7,2010,7,15,45,1,2,3,SR-144,,79,40.85575278,-77.728052780,0,12,2,0,1,1,1,0,1,1,0,1,0,0000000,15,47,15,55,17,28,0,0,0,1,0
42,420685,2,2,0,2,69,200,17,7,2010,7,11,30,0,13,2,US-6B,,55,41.50167500,-75.580461110,0,12,6,0,8,1,1,0,1,1,0,1,0,0000000,11,34,11,45,12,1,0,0,0,1,0
42,420686,1,1,0,2,85,0,18,7,2010,1,13,27,0,4,3,SR-4022,,3,41.42852222,-80.358783330,0,1,0,0,8,1,1,0,1,1,0,1,0,0000000,99,99,99,99,99,99,0,0,0,1,0
42,420687,2,2,0,3,101,6540,3,7,2010,7,17,17,1,13,2,US-1,,67,40.06394167,-75.042469440,0,12,1,0,1,1,1,0,1,1,0,1,0,0000000,17,18,17,27,88,88,0,0,0,1,0
42,420688,2,2,0,2,101,6540,25,7,2010,1,13,41,1,13,2,US-1,,94,40.09300000,-75.016527780,0,12,6,0,7,1,1,0,1,1,0,1,0,0000000,13,37,13,41,13,59,0,0,0,1,0
42,420689,1,1,0,1,51,0,30,7,2010,6,19,11,0,6,5,BRUSHWOOD RD,,0,39.91110278,-79.700019440,0,30,0,0,1,1,4,0,1,1,0,1,0,0000000,19,9,19,14,19,38,0,0,0,1,1
42,420690,2,2,0,2,101,6540,7,7,2010,4,8,35,1,13,3,SR-0611,SUSQUEHANNA AV,35,39.98631389,-75.156216670,0,12,6,0,2,2,1,0,1,1,0,1,0,0000000,8,42,8,48,8,58,0,0,0,1,0
42,420691,2,2,0,5,97,1472,31,7,2010,7,19,36,0,3,3,SR-0054,,191,40.82477222,-76.502700000,0,12,8,0,1,1,1,0,1,1,0,1,0,0000000,99,99,99,99,88,88,0,0,0,1,0
42,420692,2,2,0,4,3,7912,4,7,2010,1,9,21,0,14,3,SR-3013,,11,40.29181667,-79.996755560,0,12,2,0,1,1,1,0,1,1,0,1,0,0000000,9,23,9,25,10,21,0,0,0,1,1
42,420693,1,1,1,1,97,7530,2,7,2010,6,11,46,0,14,3,SR-0125,CHESTNUT ST,96,40.78770556,-76.558538890,0,8,0,0,2,2,1,0,1,1,0,1,0,0000000,12,26,12,38,12,51,0,0,0,1,0
42,420694,1,1,0,2,89,0,9,7,2010,6,17,30,0,6,5,LAUREL DR,,0,41.17523333,-75.400513890,0,42,0,0,1,1,5,0,1,1,0,1,0,0000000,99,99,99,99,99,99,20,0,0,1,0
42,420695,1,1,0,2,27,0,25,7,2010,1,2,19,1,2,3,SR-0026,,167,40.87849444,-77.727416670,0,34,0,0,1,1,5,0,2,1,0,1,0,0000000,2,18,2,21,3,10,0,0,0,1,1
42,420696,2,1,1,4,101,6540,31,7,2010,7,22,14,0,14,3,SR-1004,,76,40.03463333,-75.026433330,0,8,0,0,1,1,1,0,3,1,0,1,0,0000000,22,15,22,17,22,36,0,0,0,1,0
42,420697,5,5,0,7,125,0,17,7,2010,7,20,46,1,13,2,US-0019,SR-1002,17,40.27309167,-80.127100000,0,12,1,0,3,2,1,0,5,1,0,1,0,0000000,20,46,20,52,21,30,0,0,0,1,0
42,420698,1,1,1,1,121,0,8,9,2010,4,4,25,0,14,3,SR-8,,199,41.45860556,-79.690177780,0,8,0,0,1,1,1,0,2,1,0,1,0,0000000,4,32,4,43,88,88,0,0,0,1,0
42,420699,1,1,0,1,69,0,6,9,2010,2,17,32,1,12,2,US-6,,146,41.47571389,-75.540119440,0,24,0,0,1,1,2,0,1,1,0,1,0,0000000,17,45,17,53,88,88,0,0,0,1,0
42,420700,1,1,0,1,111,0,11,9,2010,7,20,2,1,2,2,US-30,,98,40.11972778,-78.970141670,0,42,0,0,1,1,5,0,2,1,0,1,0,0000000,99,99,99,99,88,88,0,0,0,1,1
42,420701,1,1,0,1,9,0,10,9,2010,6,23,22,1,2,2,US-220,,23,39.75227222,-78.699519440,0,41,0,0,1,1,4,0,2,1,0,1,0,0000000,23,26,23,40,0,2,0,0,0,1,1
42,420702,1,1,0,1,61,0,11,9,2010,7,16,30,0,4,3,SR-655,,2,40.12935000,-78.044841670,0,1,0,0,1,1,5,0,1,1,0,1,0,0000000,16,39,16,52,88,88,0,0,0,1,0
42,420703,2,2,0,4,89,2330,8,7,2010,5,15,2,0,14,2,US-0209B-SR-2012,,123,41.00894167,-75.184416670,0,12,6,0,8,1,1,0,1,1,0,1,0,0000000,99,99,99,99,99,99,0,0,0,1,0
42,420704,3,3,0,10,43,0,25,7,2010,1,15,50,1,2,3,SR-0300,,103,40.19034167,-76.619988890,0,12,1,0,7,1,1,0,1,1,0,1,0,0000000,15,50,16,15,99,99,14,0,0,1,1
42,420705,3,3,0,7,19,0,30,7,2010,6,10,30,0,13,3,SR-0228,,40,40.69480833,-80.029397220,0,12,6,0,1,1,1,0,1,1,0,1,0,0000000,10,38,10,44,11,32,0,0,0,1,0
42,420706,1,1,0,1,43,0,14,9,2010,3,19,33,0,3,3,SR-147,,178,40.58278611,-76.952422220,0,11,0,0,1,1,1,0,2,1,0,1,0,0000000,19,34,19,49,20,5,0,0,0,1,0
42,420707,1,1,0,1,9,0,12,9,2010,1,19,45,0,3,3,SR-26,,387,40.14630278,-78.260947220,0,32,0,0,1,1,4,0,5,1,0,1,0,0000000,99,99,99,99,88,88,0,0,0,1,1
42,420708,3,3,0,5,89,0,30,7,2010,6,4,45,1,11,1,I-0380,,38,41.12433333,-75.399736110,0,12,1,0,1,1,1,0,2,1,0,1,0,0000000,99,99,99,99,99,99,19,0,0,2,0
42,420709,1,1,0,1,95,0,10,9,2010,6,12,24,1,13,3,SR-33,,142,40.82668611,-75.297666670,0,24,0,0,1,1,2,0,1,1,0,1,0,0000000,99,99,99,99,88,88,0,0,0,1,0
42,420710,5,1,0,1,111,0,31,7,2010,7,1,10,0,3,3,SR-0281,,103,39.90176944,-79.268897220,0,42,0,0,1,1,5,0,2,1,0,1,0,0000000,1,13,1,27,88,88,14,0,0,1,1
42,420711,3,3,0,8,61,0,23,7,2010,6,16,3,1,2,2,US-0522,,84,40.18839167,-77.877916670,0,12,8,0,1,1,1,0,1,1,0,1,0,0000000,99,99,99,99,99,99,0,0,0,1,0
42,420712,3,3,0,6,129,0,26,7,2010,2,18,49,1,13,2,US-0030,VILLAGE DR,197,40.29053889,-79.464005560,0,12,1,0,3,2,1,0,1,1,0,1,0,0000000,18,53,18,58,19,11,0,0,0,1,0
42,420713,3,3,0,5,33,7360,6,7,2010,3,17,12,1,1,1,I-0080,,1017,41.12610833,-78.696325000,0,12,1,0,1,1,1,1,1,1,0,1,0,0000000,99,99,99,99,99,99,3,0,0,1,0
42,420714,3,3,0,3,87,0,30,7,2010,6,16,0,0,3,3,SR-0655,,100,40.62145278,-77.689366670,0,12,1,0,8,1,1,0,1,1,0,1,0,0000000,15,58,16,3,17,21,0,0,0,1,0
42,420715,4,4,0,7,43,0,23,7,2010,6,17,11,0,5,3,SR-0443,,120,40.39566667,-76.709752780,0,12,8,0,1,1,1,0,1,1,0,1,0,0000000,99,99,99,99,99,99,0,0,0,1,1
42,420716,4,4,0,6,101,6540,17,7,2010,7,12,17,0,16,6,PINE RD,,0,40.07740278,-75.084988890,0,33,0,0,1,1,4,0,1,1,0,1,0,0000000,12,18,12,23,12,51,0,0,0,1,0
42,420717,2,2,0,2,45,3250,23,7,2010,6,19,31,0,13,3,SR-2006,GARDNER AV,55,39.90402222,-75.294372220,0,12,6,0,2,3,1,0,1,1,0,1,0,0000000,99,99,99,99,88,88,0,0,0,1,0
42,420718,1,1,0,2,15,0,10,6,2010,5,13,43,0,3,3,SR-0414,,165,41.70421667,-76.568402780,0,34,0,0,1,1,5,0,1,1,0,1,0,0000000,99,99,99,99,99,99,0,0,0,1,0
42,420719,1,1,1,3,19,0,11,9,2010,7,19,41,1,2,2,US-422,,273,40.84850556,-79.698633330,0,8,0,0,1,1,1,0,5,1,0,1,0,0000000,99,99,99,99,99,99,0,0,0,1,0
42,420720,1,1,0,1,131,0,23,8,2010,2,10,25,0,6,3,SR-2009,,2,41.41131111,-75.903422220,0,42,0,0,1,1,5,0,1,1,0,1,0,0000000,10,28,10,39,88,88,0,0,0,1,0
42,420721,1,1,0,1,103,0,9,9,2010,5,15,15,1,1,1,I-84,,203,41.34122222,-75.314672220,0,24,0,0,1,1,3,0,1,1,0,1,0,0000000,15,29,15,44,88,88,0,0,0,1,0
42,420722,1,1,0,1,39,0,18,9,2010,7,7,40,0,3,2,US-6,,412,41.84438611,-80.028727780,0,35,0,0,1,1,4,0,1,1,0,1,0,0000000,7,40,7,48,88,88,0,0,0,1,1
42,420723,1,1,0,1,39,0,2,9,2010,5,9,56,0,5,3,SR-4007,,9,41.66772222,-80.271447220,0,32,0,0,1,1,4,0,1,1,0,1,0,0000000,9,54,10,5,10,28,0,0,0,1,1
42,420724,1,1,0,1,31,0,25,9,2010,7,18,15,0,6,5,TERWILLIGER RD,,0,41.08218889,-79.650041670,0,34,0,0,1,1,4,0,1,1,0,1,0,0000000,18,20,18,37,99,99,4,0,0,1,1
42,420725,1,1,1,1,79,9340,11,9,2010,7,19,52,0,13,3,SR-2004,,3,41.25255556,-75.876166670,0,8,0,0,1,1,1,0,2,1,0,1,0,0000000,19,54,19,58,20,14,0,0,0,1,0
42,420726,1,1,0,3,89,0,15,9,2010,4,19,37,0,6,5,SEVEN NATIONS DR,,0,41.16230000,-75.361061110,0,42,0,0,1,1,5,0,5,1,0,1,0,0000000,99,99,99,99,99,99,0,0,0,1,1
42,420727,1,1,0,1,49,0,18,9,2010,7,15,30,1,2,2,US-6A,,157,41.87981111,-80.200638890,0,34,0,0,1,1,4,0,1,1,0,1,0,0000000,15,30,15,44,99,99,0,0,0,1,0
42,420728,1,1,0,1,9,0,24,9,2010,6,16,10,0,4,3,SR-96,,119,39.87523611,-78.694472220,0,5,0,0,1,1,2,0,1,1,0,1,0,0000000,16,11,16,21,88,88,0,0,0,1,1
42,420729,1,1,0,1,133,0,6,9,2010,2,22,49,0,6,5,BERMUDIAN CHURCH RD,,0,39.97843611,-76.955925000,0,35,0,0,1,1,4,0,2,1,0,1,0,0000000,99,99,99,99,88,88,0,0,0,1,1
42,420730,1,1,1,1,43,0,5,9,2010,1,1,20,1,2,2,US-22,,15,40.40423889,-77.010275000,0,8,0,0,1,1,1,0,2,1,0,1,0,0000000,1,24,1,36,88,88,0,0,0,1,1
42,420731,1,1,0,1,71,2630,29,9,2010,4,22,0,0,16,6,CHURCH AV,,0,40.19500000,-76.170000000,0,5,0,0,1,1,1,0,3,1,0,1,0,0000000,22,6,22,14,22,42,0,0,0,1,1
42,420732,1,1,0,1,91,0,3,9,2010,6,10,45,0,16,5,CAMP WAWA RD,,0,40.26287500,-75.413291670,0,42,0,0,1,1,5,0,1,1,0,1,0,0000000,10,50,10,56,11,10,0,0,0,1,0
42,420733,2,2,0,2,133,0,11,8,2010,4,14,36,0,14,3,SR-0024,GOTHAM PL,153,39.90845556,-76.616636110,0,12,6,0,2,3,1,0,1,1,0,1,0,0000000,88,88,88,88,88,88,0,0,0,1,1
42,420734,2,2,0,3,49,0,8,8,2010,1,22,25,0,13,3,SR-0832,MILLFAIR RD,41,42.02916389,-80.176747220,0,12,6,0,2,2,1,0,3,1,0,1,0,0000000,22,30,22,38,23,2,0,0,0,1,1
42,420735,1,1,0,1,87,0,27,9,2010,2,17,25,1,12,2,US-22,,264,40.57979444,-77.552402780,0,35,0,0,1,1,5,0,1,2,0,2,0,0000000,17,27,17,36,17,57,0,0,0,1,0
42,420736,3,3,0,3,1,0,24,7,2010,7,9,44,0,3,3,SR-0016,,5,39.73866389,-77.450319440,0,12,1,0,8,1,1,0,1,1,0,1,0,0000000,9,46,10,4,99,99,0,0,0,1,0
42,420737,2,2,0,3,131,0,2,8,2010,2,20,30,0,3,3,SR-0029,,223,41.62176111,-75.942636110,0,12,2,0,1,1,1,0,2,1,0,1,0,0000000,20,31,20,39,21,20,0,0,0,1,1
42,420738,1,1,0,1,73,5800,10,9,2010,6,20,15,0,15,3,SR-1007,,8,40.99186111,-80.319675000,0,30,0,0,1,1,2,0,3,1,0,1,0,0000000,99,99,99,99,88,88,0,0,0,1,0
42,420739,2,2,0,2,81,0,11,8,2010,4,15,24,0,3,3,SR-14,,66,41.44256667,-76.985761110,0,12,2,0,1,1,1,0,1,1,0,1,0,0000000,15,27,15,31,88,88,0,0,0,1,0
42,420740,3,3,0,6,19,0,16,8,2010,2,17,15,1,2,2,US-0422,KECK RD,204,40.86478333,-79.823505560,0,12,7,0,3,3,1,0,1,1,0,1,0,0000000,17,18,17,20,18,3,0,0,0,1,0
42,420741,2,2,0,5,49,0,20,8,2010,6,0,53,1,1,1,I-90,,387,42.16761111,-79.854366670,0,12,1,0,1,1,1,0,2,1,0,1,0,0000000,99,99,99,99,99,99,0,0,0,1,0
42,420742,1,1,0,1,63,0,26,10,2010,3,18,20,1,2,2,US-22,,147,40.45458056,-79.008208330,0,25,0,0,1,1,3,0,2,1,0,1,0,0000000,99,99,99,99,99,99,0,0,0,1,0
42,420743,1,1,0,1,71,0,17,9,2010,6,19,56,0,6,5,AUCTION RD,,0,40.12038889,-76.423222220,0,43,0,0,1,1,4,0,2,1,0,1,0,0000000,99,99,99,99,88,88,0,0,0,1,1
42,420744,2,2,0,4,45,0,20,8,2010,6,6,55,1,13,2,US-202,MARSHALL RD,21,39.86770556,-75.544375000,0,12,6,0,2,3,1,0,1,1,0,1,0,0000000,6,55,7,1,8,1,0,0,0,1,1
42,420745,2,2,0,2,51,0,23,8,2010,2,6,32,0,3,3,SR-381,,232,39.96330278,-79.452330560,0,12,2,0,1,1,1,0,4,1,0,1,0,0000000,6,35,6,44,88,88,0,0,0,1,0
42,420746,2,2,0,2,31,0,2,8,2010,2,13,12,1,1,1,I-80,,676,41.17615278,-79.293830560,0,12,1,0,1,1,2,0,1,1,0,1,0,0000000,13,15,13,29,13,50,0,0,0,1,0
42,420747,2,2,0,2,29,0,11,8,2010,4,17,12,1,13,3,SR-100,,183,40.19940278,-75.662480560,0,12,2,0,1,1,1,0,1,1,0,1,0,0000000,17,14,17,29,18,1,0,0,0,1,0
42,420748,2,2,0,3,99,0,6,8,2010,6,22,46,0,3,3,SR-850,,165,40.34737222,-77.257502780,0,12,2,0,1,1,1,0,2,1,0,1,0,0000000,99,99,99,99,99,99,0,0,0,1,1
42,420749,2,2,0,6,129,0,28,8,2010,7,18,5,0,5,3,SR-130,SR-711,318,40.15016944,-79.333150000,0,12,6,0,2,2,1,0,1,1,0,1,0,0000000,18,10,18,11,18,45,0,0,0,1,0
42,420750,2,2,0,5,117,4330,26,8,2010,5,0,23,1,2,2,US-15,,349,41.99713611,-77.138122220,0,12,2,0,1,1,1,0,3,1,0,1,0,0000000,0,24,0,40,1,8,0,0,0,1,1
42,420751,2,2,0,2,91,0,29,8,2010,1,3,12,1,11,1,I-76,,3387,40.02052222,-75.219650000,0,12,1,0,1,1,1,0,2,1,0,1,0,0000000,3,16,3,30,3,53,0,0,0,1,0