STATE,ST_CASE,VE_TOTAL,VE_FORMS,PEDS,PERSONS,COUNTY,CITY,DAY,MONTH,YEAR,DAY_WEEK,HOUR,MINUTE,NHS,ROAD_FNC,ROUTE,TWAY_ID,TWAY_ID2,MILEPT,LATITUDE,LONGITUD,SP_JUR,HARM_EV,MAN_COLL,RELJCT1,RELJCT2,TYP_INT,REL_ROAD,WRK_ZONE,LGT_COND,WEATHER1,WEATHER2,WEATHER,SCH_BUS,RAIL,NOT_HOUR,NOT_MIN,ARR_HOUR,ARR_MIN,HOSP_HR,HOSP_MN,CF1,CF2,CF3,FATALS,DRUNK_DR
42,420752,2,2,0,2,101,6540,6,8,2010,6,5,30,1,11,1,I-95,,239,39.97723056,-75.112702780,0,12,1,0,1,1,1,0,4,1,0,1,0,0000000,5,34,5,43,6,1,0,0,0,1,0
42,420753,2,2,0,3,29,0,23,8,2010,2,0,4,0,6,5,FREEMONT RD,,0,39.74911389,-76.071561110,0,12,7,0,1,1,1,0,2,1,0,1,0,0000000,0,5,0,14,88,88,0,0,0,1,1
42,420754,2,2,0,4,71,0,8,8,2010,1,15,16,0,4,3,SR-741,,206,39.98466944,-76.065044440,0,12,2,0,1,1,1,0,1,1,0,1,0,0000000,15,14,15,23,16,0,0,0,0,1,1
42,420755,2,2,0,2,51,0,14,8,2010,7,21,45,0,4,3,SR-3012,,10,39.86391667,-79.874236110,0,1,0,0,1,1,1,0,2,1,0,1,0,0000000,21,44,21,49,22,51,0,0,0,1,0
42,420756,2,2,0,3,21,0,9,8,2010,2,9,40,0,15,3,SR-2006,WESLEY AV,85,40.37649722,-78.670144440,0,12,6,0,2,3,1,0,1,1,0,1,0,0000000,9,41,9,44,10,33,0,0,0,1,0
42,420757,2,2,0,4,71,0,29,8,2010,1,16,36,1,13,2,US-30,,213,40.01788611,-76.169708330,0,12,1,0,1,1,1,0,1,1,0,1,0,0000000,16,25,16,36,17,17,0,0,0,1,0
42,420758,2,2,0,3,49,2640,30,8,2010,2,19,32,0,14,3,SR-4016,NANCY AV,105,42.11938056,-80.020050000,0,12,6,0,2,3,1,0,1,1,0,1,0,0000000,19,35,19,40,20,1,0,0,0,1,1
42,420759,1,1,0,1,37,0,6,9,2010,2,20,47,0,3,3,SR-42,,292,41.13480278,-76.532708330,0,19,0,0,1,1,5,0,2,1,0,1,0,0000000,99,99,99,99,88,88,0,0,0,1,0
42,420760,1,1,0,2,117,0,8,9,2010,4,15,20,0,5,3,SR-2014,,27,41.68167500,-77.010683330,0,35,0,0,1,1,4,0,1,1,0,1,0,0000000,15,27,15,37,99,99,0,0,0,1,1
42,420761,2,2,0,3,79,0,21,8,2010,7,14,39,0,13,3,SR-309,SR-1036,312,41.30220556,-75.929072220,0,12,6,0,2,2,1,0,1,1,0,1,0,0000000,14,40,14,49,15,5,0,0,0,1,0
42,420762,1,1,0,1,97,5330,18,9,2010,7,19,11,0,16,6,SHAKESPEARE AV,,0,41.00248889,-76.841038890,0,1,0,0,1,1,5,0,1,1,0,1,0,0000000,99,99,99,99,88,88,0,0,0,1,1
42,420763,1,1,0,4,13,3670,25,9,2010,7,20,5,1,13,2,US-22,,109,40.42727778,-78.394219440,0,33,0,0,1,1,4,0,3,1,0,1,0,0000000,20,8,20,10,20,43,20,0,0,1,1
42,420764,2,2,0,7,129,0,21,8,2010,7,9,57,0,6,5,PENNY LN,WATT RD,0,40.36198056,-79.644263890,0,12,6,0,2,3,1,0,1,1,0,1,0,0000000,9,58,10,6,10,39,0,0,0,1,0
42,420765,1,1,0,1,3,0,4,9,2010,7,0,48,0,14,3,SR-4009,,35,40.50272778,-80.002180560,0,33,0,0,1,1,4,0,3,1,0,1,0,0000000,1,1,1,5,88,88,0,0,0,1,1
42,420766,2,2,0,2,1,4730,9,8,2010,2,13,55,0,16,6,FAIRVIEW AV,3RD ST,0,39.80618333,-77.022638890,0,12,6,0,2,2,1,0,1,1,0,1,0,0000000,13,55,14,2,14,30,0,0,0,1,0
42,420767,1,1,0,4,133,0,12,9,2010,1,1,20,1,2,3,SR-94,,4,39.72488056,-76.920916670,0,33,0,0,1,1,4,0,2,1,0,1,0,0000000,1,25,1,38,2,34,0,0,0,2,1
42,420768,2,1,0,1,91,15,26,8,2010,5,16,10,0,16,5,OAKDALE AV,,0,40.10439444,-75.148266670,0,5,0,0,4,1,5,0,1,1,0,1,0,0000000,16,9,16,16,16,35,17,0,0,1,0
42,420769,2,2,0,2,3,9170,25,8,2010,4,23,36,0,13,3,SR-2040,SR-2047,51,40.34816667,-79.947286110,0,12,6,0,2,3,1,0,3,1,0,1,0,0000000,23,36,23,39,88,88,0,0,0,1,1
42,420770,2,2,0,5,43,0,3,8,2010,3,11,48,1,11,1,I-81,I-81-8011 RAMP,769,40.35656944,-76.715625000,0,12,1,1,5,1,1,0,1,1,0,1,0,0000000,11,47,11,56,12,29,0,0,0,1,0
42,420771,2,2,0,2,55,0,26,8,2010,5,7,32,0,6,5,COMMERCE AV,,0,39.76748611,-77.732341670,0,12,11,0,8,1,1,0,1,1,0,1,0,0000000,99,99,99,99,88,88,0,0,0,1,0
42,420772,1,1,0,1,107,0,2,9,2010,5,12,39,0,3,3,SR-54,,200,40.81286111,-76.045094440,0,1,0,0,1,1,4,0,1,1,0,1,0,0000000,99,99,99,99,99,99,0,0,0,1,0
42,420773,3,3,0,3,95,0,20,9,2010,2,5,1,1,12,2,US-0022,,3309,40.68141667,-75.322552780,0,12,8,0,1,1,1,0,2,1,0,1,0,0000000,99,99,99,99,88,88,0,0,0,1,1
42,420774,2,2,0,3,125,0,23,8,2010,2,13,20,1,13,2,US-19,BRAUN DR,251,40.28480278,-80.120000000,0,12,6,0,2,3,1,0,1,1,0,1,0,0000000,13,21,13,23,14,24,0,0,0,1,0
42,420775,2,2,0,2,1,0,12,8,2010,5,15,24,0,3,3,SR-234,SR-1005,262,39.93949167,-76.997613890,0,12,6,0,2,4,1,0,1,1,0,1,0,0000000,99,99,99,99,99,99,0,0,0,1,0
42,420776,3,3,0,3,95,660,3,9,2010,6,15,20,1,11,1,I-0078,,666,40.59622778,-75.337983330,0,12,6,1,5,1,1,0,1,1,0,1,0,0000000,99,99,99,99,99,99,0,0,0,1,0
42,420777,2,2,0,2,81,5450,6,8,2010,6,14,57,0,16,6,ARCH ST,NICELY AV,0,41.25652778,-76.918500000,0,12,6,0,2,2,1,0,1,1,0,1,0,0000000,14,58,15,0,88,88,0,0,0,1,0
42,420778,3,2,0,3,111,0,26,9,2010,1,7,25,1,2,2,US-0030,,189,40.05945278,-78.830894440,0,12,2,0,1,1,1,0,1,1,0,1,0,0000000,7,28,7,37,8,28,14,0,0,1,0
42,420779,3,3,0,5,11,0,11,9,2010,7,14,7,0,15,3,SR-1010,SR-1011,40,40.44748889,-75.842113890,0,12,6,0,2,2,1,0,1,1,0,1,0,0000000,99,99,99,99,99,99,0,0,0,1,0
42,420780,2,2,0,3,3,6486,3,9,2010,6,15,12,0,15,3,SR-2067,,2,40.46374444,-79.806075000,0,35,0,0,1,1,5,0,1,1,0,1,1,0000000,15,15,15,19,16,0,0,0,0,1,0
42,420781,3,3,0,6,45,0,27,9,2010,2,14,55,0,14,3,SR-0320,,107,39.99483333,-75.355447220,0,12,8,0,1,1,1,0,1,2,0,2,0,0000000,14,56,15,5,16,0,0,0,0,2,0
42,420782,3,3,0,3,101,6540,4,9,2010,7,19,7,0,15,3,SR-3017,JEFFERSON ST,29,39.97941111,-75.225330560,0,12,6,0,2,2,1,0,1,1,0,1,0,0000000,19,8,19,16,19,48,0,0,0,1,0
42,420783,1,1,0,3,3,6600,29,9,2010,4,2,51,0,16,6,LIBERTY BL,LARIMER AV,0,40.46336111,-79.917477780,0,33,0,0,2,2,3,0,3,1,0,1,0,0000000,2,43,2,47,2,58,0,0,0,3,1
42,420784,2,2,0,2,19,1747,9,8,2010,2,8,5,0,14,2,US-0019,,20,40.70350833,-80.104413890,0,12,1,0,1,1,1,0,1,1,0,1,0,0000000,8,7,8,12,9,8,0,0,0,1,0
42,420785,3,3,0,8,63,0,7,8,2010,7,16,25,1,2,2,US-0422,,222,40.57232222,-78.973008330,0,12,1,0,8,1,1,0,1,1,0,1,0,0000000,16,23,16,40,18,0,0,0,0,1,0
42,420786,1,1,0,1,69,0,18,9,2010,7,17,8,0,4,3,SR-590,,63,41.39224444,-75.449763890,0,42,0,0,1,1,4,0,1,1,0,1,0,0000000,17,7,17,22,88,88,0,0,0,1,0
42,420787,1,1,0,2,77,0,25,9,2010,7,2,25,0,5,3,SR-2027,,13,40.44098611,-75.486552780,0,42,0,0,1,1,4,0,2,1,0,1,0,0000000,99,99,99,99,99,99,0,0,0,1,1
42,420788,1,1,0,2,25,8260,2,9,2010,5,9,0,0,5,3,SR-3012,,5,40.81656111,-75.871327780,0,19,0,0,1,1,4,0,1,1,0,1,0,0000000,99,99,99,99,99,99,0,0,0,1,0
42,420789,3,3,0,3,45,0,30,8,2010,2,0,1,1,11,1,I-0095,,100,39.87640278,-75.280230560,0,1,0,0,1,1,1,0,3,1,0,1,0,0000000,0,1,99,99,88,88,0,0,0,1,0
42,420790,1,1,0,1,87,0,2,9,2010,5,9,28,1,12,2,US-22,US-22-SR8008 RAMP,246,40.60446389,-77.563475000,0,59,0,1,19,1,8,0,1,1,0,1,0,0000000,9,29,9,34,88,88,0,0,0,1,1
42,420791,2,2,0,2,49,0,16,8,2010,2,21,30,0,13,2,US-20,,308,42.14421667,-80.007011110,0,12,2,0,8,1,1,0,3,1,0,1,0,0000000,21,34,21,49,22,11,0,0,0,1,0
42,420792,2,2,0,3,133,0,28,8,2010,7,1,12,0,3,3,SR-74,,164,39.87543333,-76.508769440,0,12,2,0,1,1,1,0,2,1,0,1,0,0000000,1,1,1,8,99,99,0,0,0,2,1
42,420793,1,1,0,1,75,0,24,9,2010,6,19,47,0,3,3,SR-501,,23,40.28300278,-76.304108330,0,31,0,0,1,1,4,0,2,1,0,1,0,0000000,19,57,20,16,88,88,0,0,0,1,0
42,420794,2,2,0,4,71,0,21,8,2010,7,15,15,1,13,2,US-30,MOUNT VERNON RD,313,39.98868056,-75.984625000,0,12,6,0,2,2,1,0,1,1,0,1,0,0000000,15,14,15,21,16,9,0,0,0,1,0
42,420795,1,1,0,1,107,0,19,9,2010,1,2,15,0,4,3,SR-1008,,67,40.80801111,-76.114580560,0,42,0,0,1,1,4,0,2,1,0,1,0,0000000,99,99,99,99,88,88,0,0,0,1,1
42,420796,2,2,0,2,71,0,3,8,2010,3,19,44,0,3,3,SR-372,,69,39.87246111,-76.230419440,0,12,6,0,1,1,1,0,1,1,0,1,0,0000000,88,88,88,88,88,88,0,0,0,1,0
42,420797,1,1,0,1,111,0,18,9,2010,7,15,26,0,6,5,RIVER RD,,0,39.74095278,-79.090533330,0,42,0,0,1,1,4,0,1,1,0,1,0,0000000,15,29,15,42,17,14,4,22,0,1,0
42,420798,1,1,0,1,79,0,18,9,2010,7,23,55,1,13,3,SR-115,,136,41.22905556,-75.801400000,0,53,0,0,1,1,4,0,2,1,0,1,0,0000000,23,56,0,3,0,13,0,0,0,1,0
42,420799,2,2,0,2,125,0,16,8,2010,2,8,20,1,11,1,I-79,,474,40.29528889,-80.168530560,0,12,1,0,1,1,1,0,1,1,0,1,0,0000000,99,99,99,99,88,88,0,0,0,1,0
42,420800,1,1,0,1,33,0,13,9,2010,2,16,57,0,4,3,SR-453,,143,40.89488611,-78.478338890,0,42,0,0,1,1,4,0,1,1,0,1,0,0000000,99,99,99,99,88,88,0,0,0,1,1
42,420801,2,2,0,3,69,7460,18,8,2010,4,10,40,0,14,3,SR-3013,PHILO ST,73,41.43049167,-75.665094440,0,12,6,0,2,3,1,0,1,1,0,1,0,0000000,10,40,10,41,10,55,0,0,0,1,0
42,420802,1,1,0,2,33,0,15,9,2010,4,20,30,1,1,1,I-80,,1264,41.00931667,-78.281922220,0,42,0,0,1,1,3,0,2,1,0,1,0,0000000,99,99,99,99,99,99,0,0,0,1,0
42,420803,2,2,0,2,101,6540,6,8,2010,6,8,55,0,13,3,SR-2014,HOWARD ST,29,39.99107222,-75.131961110,0,12,6,0,2,2,1,0,1,1,0,1,0,0000000,9,0,9,5,88,88,0,0,0,1,0
42,420804,3,3,0,3,31,0,27,8,2010,6,13,17,0,3,3,SR-0066,ZACHERL LN,195,41.26850833,-79.390705560,0,12,6,0,2,3,1,0,1,1,0,1,0,0000000,13,39,13,49,14,22,14,0,0,1,0
42,420805,1,1,0,4,89,0,5,9,2010,1,2,36,0,5,3,SR-1007,,54,41.11305278,-75.149747220,0,35,0,0,1,1,4,0,2,1,0,1,0,0000000,99,99,99,99,99,99,0,0,0,1,1
42,420806,1,1,0,2,81,0,22,9,2010,4,16,45,0,14,3,SR-2014,,188,41.19242778,-76.785513890,0,16,0,0,1,1,1,0,1,2,0,2,0,0000000,16,44,17,1,88,88,5,0,0,2,0
42,420807,3,3,0,3,39,0,1,8,2010,1,21,25,0,3,3,SR-0077,,129,41.73178333,-79.923169440,0,12,2,0,1,1,1,0,2,5,0,5,0,0000000,99,99,99,99,88,88,0,0,0,1,0
42,420808,1,1,0,1,57,0,19,9,2010,1,2,26,0,6,3,SR-2005,,7,39.72783889,-78.155372220,0,35,0,0,1,1,4,0,2,1,0,1,0,0000000,99,99,99,99,88,88,0,0,0,1,1
42,420809,3,2,0,3,89,8475,8,8,2010,1,16,45,0,14,3,SR-0940,,92,41.10790278,-75.455027780,0,12,6,0,8,1,1,0,1,1,0,1,0,0000000,99,99,99,99,99,99,0,0,0,1,1
42,420810,1,1,1,1,49,0,28,9,2010,3,20,8,1,1,1,I-90,,402,42.18378333,-79.835575000,0,8,0,1,18,1,1,0,2,2,0,2,0,0000000,20,8,20,14,88,88,5,19,0,1,0
42,420811,1,1,0,2,73,0,25,9,2010,7,1,10,0,3,3,SR-65,,37,40.88685556,-80.260158330,0,24,0,0,1,1,2,0,2,1,0,1,0,0000000,1,15,1,19,2,21,0,0,0,1,0
42,420812,2,2,0,3,101,6540,28,8,2010,7,18,30,0,14,3,SR-3012,WYALUSING AV,2,39.97067500,-75.214536110,0,12,6,0,2,3,1,0,1,1,0,1,0,0000000,18,27,18,31,18,55,0,0,0,1,0
42,420813,3,3,0,4,17,0,27,8,2010,6,20,24,0,14,3,SR-2006,,6,40.12748333,-74.894511110,0,12,2,0,1,1,1,0,3,1,0,1,0,0000000,20,25,20,31,88,88,0,0,0,2,0
42,420814,1,1,0,2,57,0,27,9,2010,2,9,10,0,3,2,US-522,,46,39.81549444,-78.183891670,0,30,0,0,1,1,4,0,1,2,0,2,0,0000000,9,15,9,17,88,88,0,0,0,2,0
42,420815,2,2,0,3,101,6540,9,8,2010,2,21,36,0,16,6,5TH ST,CAYUGA ST,0,40.01810556,-75.134511110,0,12,2,0,2,2,1,0,3,1,0,1,0,0000000,21,35,21,46,21,56,0,0,0,1,0
42,420816,1,1,0,2,61,8427,17,9,2010,6,14,15,0,5,3,SR-2022,,3,40.19795278,-77.987280560,0,23,0,0,1,1,4,0,1,1,0,1,0,0000000,14,20,14,35,88,88,0,0,0,2,0
42,420817,2,2,0,2,101,6540,29,8,2010,1,9,15,0,16,6,61ST ST,,0,39.92061389,-75.214341670,0,12,2,0,1,1,1,0,1,1,0,1,0,0000000,9,16,9,20,88,88,0,0,0,2,0
42,420818,1,1,0,4,29,0,30,9,2010,5,9,5,1,1,1,I-76,,3058,40.11420556,-75.761858330,0,35,0,0,1,1,4,0,1,2,0,2,0,0000000,9,6,9,13,10,6,0,0,0,1,0
42,420819,2,2,0,3,101,6540,8,8,2010,1,1,45,0,16,6,KENSINGTON AV,SOMERSET ST,0,39.99146944,-75.122608330,0,12,6,0,3,7,1,0,3,1,0,1,0,0000000,1,47,1,53,2,20,0,0,0,1,0
42,420820,3,3,0,8,85,0,29,8,2010,1,18,28,0,3,3,SR-0358,SR-4001,19,41.39278056,-80.482502780,0,12,6,0,2,2,1,0,1,1,0,1,0,0000000,18,30,18,40,18,53,0,0,0,1,0
42,420821,4,4,0,6,73,0,12,8,2010,5,11,33,1,2,2,US-0422,,153,40.97550278,-80.278266670,0,12,1,0,1,1,1,1,1,1,0,1,0,0000000,99,99,99,99,99,99,0,0,0,1,0
42,420822,1,1,0,1,95,0,4,9,2010,7,3,58,0,15,3,SR-3017,,35,40.70231389,-75.472094440,0,35,0,0,1,1,4,0,2,1,0,1,0,0000000,99,99,99,99,88,88,4,0,0,1,1
42,420823,2,1,0,1,101,6540,2,8,2010,2,22,55,0,16,6,GREENWAY AV,,0,39.93061111,-75.230075000,0,14,0,0,1,1,7,0,3,1,0,1,0,0000000,22,58,23,5,88,88,0,0,0,1,0
42,420824,4,4,1,4,17,615,14,8,2010,7,2,18,1,13,3,SR-0132,,135,40.10321944,-74.949944440,0,8,0,0,1,1,1,0,2,1,0,1,0,0000000,2,19,2,25,88,88,0,0,0,1,0
42,420825,1,1,0,1,35,0,5,9,2010,1,12,0,0,4,3,SR-144,,83,41.24036667,-77.768933330,0,34,0,0,1,1,4,0,1,1,0,1,0,0000000,12,39,12,55,13,13,0,0,0,1,0
42,420826,1,1,0,1,33,0,9,9,2010,5,23,15,0,6,5,BASIN RUN RD,,0,41.01339444,-78.128961110,0,42,0,0,1,1,4,0,2,1,0,1,0,0000000,99,99,99,99,88,88,4,0,0,1,1
42,420827,1,1,0,1,43,0,5,9,2010,1,3,30,0,14,3,SR-39,,100,40.35224444,-76.717236110,0,18,0,0,1,1,2,1,2,1,0,1,0,0000000,3,43,3,50,88,88,0,0,0,1,1
42,420828,1,1,0,1,89,0,14,9,2010,3,0,0,0,5,3,SR-1017,,13,41.19634722,-75.277088890,0,23,0,0,1,1,2,0,2,99,0,99,0,0000000,99,99,99,99,88,88,0,0,0,1,1
42,420829,2,2,0,3,41,8709,21,8,2010,7,12,42,1,12,2,US-0015,,381,40.18455556,-76.983075000,0,12,1,0,1,1,1,0,1,1,0,1,0,0000000,12,43,12,46,88,88,0,0,0,1,0
42,420830,1,1,1,2,11,0,23,9,2010,5,11,43,0,6,5,RUGBY RD,,0,40.30295556,-75.829558330,0,9,0,0,1,1,1,0,1,1,0,1,0,0000000,99,99,99,99,88,88,0,0,0,1,0
42,420831,2,2,0,2,17,0,7,8,2010,7,10,17,0,14,3,SR-2018,OLDS BL,32,40.17370833,-74.865930560,0,12,6,0,2,2,1,0,1,1,0,1,0,0000000,10,17,10,24,10,45,0,0,0,1,0
42,420832,1,1,0,3,77,110,12,9,2010,1,2,40,0,16,6,BRADFORD ST,,0,40.62042778,-75.456483330,0,30,0,0,1,1,4,0,3,1,0,1,0,0000000,99,99,99,99,99,99,0,0,0,1,0
42,420833,1,1,0,1,101,6540,15,9,2010,4,12,50,0,16,6,LEYTE PL,,0,39.90987500,-75.176138890,0,39,0,0,8,1,5,0,1,1,0,1,0,0000000,12,50,12,56,13,20,0,0,0,1,0
42,420834,2,2,0,4,63,0,18,8,2010,4,22,30,1,2,2,US-0422,SR-0403,254,40.55308333,-78.922297220,0,12,6,0,2,2,1,0,2,1,0,1,0,0000000,22,30,22,52,99,99,0,0,0,1,0
42,420835,2,2,0,3,35,0,16,8,2010,2,10,20,0,14,3,SR-0150,,68,41.11528333,-77.479061110,0,12,6,0,8,1,1,1,1,1,0,1,0,0000000,88,88,88,88,88,88,0,0,0,1,0
42,420836,1,1,2,1,101,6540,25,9,2010,7,20,23,0,16,6,WASHINGTON AV,6TH ST,0,39.93512500,-75.153863890,0,8,0,0,3,2,1,0,3,1,0,1,0,0000000,20,23,20,28,20,45,0,0,0,1,0
42,420837,1,1,1,1,101,6540,30,9,2010,5,17,30,0,13,3,SR-2014,22ND ST,11,39.99561389,-75.167538890,0,8,0,0,3,2,1,0,1,2,0,2,0,0000000,17,37,17,41,88,88,21,0,0,1,0
42,420838,1,1,0,1,127,0,10,10,2010,1,0,22,0,3,3,SR-652,,88,41.61956389,-75.086525000,0,42,0,0,1,1,4,0,2,1,0,1,0,0000000,0,27,0,42,88,88,0,0,0,1,1
42,420839,1,1,0,2,63,0,22,10,2010,6,22,30,0,6,5,SPRUCE HOLLOW RD,,0,40.52675556,-79.056469440,0,34,0,0,1,1,4,0,2,1,0,1,0,0000000,99,99,99,99,99,99,0,0,0,1,1
42,420840,1,1,0,1,37,0,11,9,2010,7,19,48,0,4,3,SR-3006,,18,40.81790278,-76.363358330,0,1,0,0,1,1,1,0,2,1,0,1,0,0000000,20,0,20,3,20,27,0,0,0,1,1
42,420841,1,1,0,1,47,0,23,9,2010,5,15,22,0,3,3,SR-0255,,44,41.29518056,-78.504113890,0,35,0,0,1,1,4,0,1,1,0,1,0,0000000,99,99,99,99,88,88,0,0,0,1,0
42,420842,1,1,0,2,7,0,11,9,2010,7,4,24,0,14,3,SR-1022,,13,40.73063889,-80.285750000,0,31,0,0,1,1,5,0,3,1,0,1,0,0000000,4,24,4,27,5,23,0,0,0,1,1
42,420843,1,1,0,4,17,6480,14,8,2010,7,1,20,0,16,3,SR-2058,SR-0513,0,40.15998333,-74.912119440,0,33,0,0,3,2,4,0,3,1,0,1,0,0000000,1,21,1,21,1,47,20,0,0,2,1
42,420844,1,1,0,2,3,6600,20,8,2010,6,16,32,0,16,6,STAFFORD ST,,0,40.45780000,-80.051491670,0,33,0,0,1,1,4,0,1,1,0,1,0,0000000,16,29,16,36,16,56,0,0,0,1,1
42,420845,1,1,0,2,3,860,21,8,2010,7,19,3,0,16,6,CHURCHVIEW AV,,0,40.38488611,-79.973725000,0,33,0,0,1,1,4,0,3,1,0,1,0,0000000,99,99,99,99,99,99,0,0,0,1,0
42,420846,1,1,0,2,49,0,1,8,2010,1,15,15,1,1,1,I-0079,,1678,41.91249444,-80.176477780,0,35,0,0,1,1,3,0,1,1,0,1,0,0000000,15,20,15,39,16,2,0,0,0,1,1
42,420847,1,1,0,1,129,5645,23,8,2010,2,12,46,0,16,6,RINGERTOWN RD,,0,40.42106111,-79.582747220,0,24,0,0,1,1,2,0,1,1,0,1,0,0000000,12,46,12,58,14,0,0,0,0,1,0
42,420848,1,1,0,2,21,0,23,8,2010,2,23,44,0,6,5,BERWICK RD,,0,40.25650556,-78.823611110,0,42,0,0,1,1,5,0,2,2,0,2,0,0000000,23,49,23,56,0,35,0,0,0,1,0
42,420849,1,1,0,2,21,0,21,8,2010,7,23,15,0,15,3,SR-0164,,92,40.36267222,-78.634961110,0,41,0,0,1,1,5,0,2,2,0,2,0,0000000,99,99,99,99,99,99,0,0,0,1,1
42,420850,1,1,0,1,133,0,27,8,2010,6,22,44,0,4,3,SR-0624,,80,39.96204444,-76.487875000,0,30,0,0,1,1,5,0,2,1,0,1,0,0000000,22,44,22,51,88,88,0,0,0,1,1
42,420851,1,1,0,1,81,0,15,10,2010,6,9,40,0,6,5,LOGUE HILL RD,,0,41.40881111,-76.916183330,0,42,0,0,1,1,4,0,1,1,0,1,0,0000000,9,38,99,97,99,97,0,0,0,1,0
42,420852,1,1,0,1,9,0,15,10,2010,6,16,15,0,4,2,US-220B,,28,39.98603056,-78.527591670,0,42,0,0,1,1,4,0,1,1,0,1,0,0000000,16,16,16,25,88,88,0,0,0,1,0
42,420853,1,1,0,1,3,0,2,10,2010,7,13,45,1,11,1,I-79,,672,40.54114444,-80.122191670,0,1,0,0,1,1,3,0,1,1,0,1,0,0000000,13,43,13,53,14,14,0,0,0,1,0
42,420854,1,1,0,1,19,0,2,10,2010,7,13,30,1,2,3,SR-8,,295,41.05412778,-80.002769440,0,30,0,0,1,1,4,0,1,1,0,1,0,0000000,13,31,13,38,14,37,0,0,0,1,0
42,420855,1,1,0,1,13,0,25,10,2010,2,3,52,0,4,2,US-220B,,6,40.26302778,-78.460177780,0,35,0,0,1,1,4,0,2,1,0,1,0,0000000,3,51,4,4,88,88,0,0,0,1,0
42,420856,1,1,1,1,19,0,23,10,2010,7,22,48,0,4,3,SR-1013,,41,41.01240000,-79.743363890,0,8,0,0,1,1,1,0,2,1,0,1,0,0000000,22,50,22,59,23,41,0,0,0,1,0
42,420857,1,1,0,1,41,4400,18,8,2010,4,23,53,0,13,3,SR-1010,,48,40.24784722,-76.890672220,0,21,0,0,1,1,5,0,3,1,0,1,0,0000000,23,55,23,58,0,15,0,0,0,1,1
42,420858,1,1,0,2,43,3500,24,8,2010,3,0,1,0,16,6,FOURTH ST,DIVISION ST,0,40.29137778,-76.899480560,0,42,0,0,3,2,5,0,3,1,0,1,0,0000000,99,99,99,99,99,99,21,20,0,1,0
42,420859,1,1,1,2,71,0,16,10,2010,7,12,2,0,3,3,SR-340,,59,40.03861389,-76.160319440,0,15,0,0,1,1,1,0,1,1,0,1,0,0000000,99,99,99,99,99,99,0,0,0,1,0
42,420860,1,1,0,1,133,0,24,10,2010,1,13,0,0,15,3,SR-2001,,31,39.98313889,-76.613930560,0,1,0,0,1,1,4,0,1,1,0,1,0,0000000,99,99,99,99,99,99,0,0,0,1,0
42,420861,2,2,0,2,55,0,1,9,2010,4,9,13,0,3,3,SR-75,SR-641,316,40.14229167,-77.771511110,0,12,6,0,2,2,1,0,1,1,0,1,0,0000000,9,13,9,16,9,50,0,0,0,1,0
42,420862,2,2,0,2,129,5942,7,9,2010,3,17,30,0,14,3,SR-3093,,48,40.20208889,-79.603438890,0,12,2,0,1,1,1,0,1,1,0,1,0,0000000,99,99,99,99,88,88,4,0,0,1,1
42,420863,1,1,0,2,97,0,31,10,2010,1,13,2,0,6,5,JEWS HOLLOW RD,,0,40.80118611,-76.831141670,0,42,0,0,1,1,4,0,1,1,0,1,0,0000000,99,99,99,99,99,99,22,4,0,1,0
42,420864,1,1,0,1,133,0,11,10,2010,2,21,30,0,6,3,SR-2073,,9,39.83630278,-76.472194440,0,11,0,0,1,1,1,0,2,1,0,1,0,0000000,99,99,99,99,99,99,4,0,0,1,1
42,420865,2,2,0,3,43,0,1,10,2010,6,15,15,0,3,3,SR-230,SR-2007,151,40.17803889,-76.661788890,0,12,6,0,2,2,1,0,1,1,0,1,0,0000000,99,99,99,99,99,99,0,0,0,1,0
42,420866,1,1,0,1,133,0,7,10,2010,5,5,2,0,3,3,SR-372,SR-74,0,39.79501667,-76.363075000,0,35,0,0,3,3,4,0,2,1,0,1,0,0000000,5,10,5,14,99,99,0,0,0,1,1
42,420867,1,1,0,3,71,0,24,10,2010,1,2,47,0,6,5,SILVER SPRING RD,,0,39.85104167,-76.229200000,0,38,0,0,1,1,4,0,2,1,0,1,0,0000000,2,47,2,58,99,99,0,0,0,1,1
42,420868,2,2,0,2,1,0,10,10,2010,1,20,6,1,2,2,US-30,CALVARY FIELD RD,171,39.84825000,-77.182861110,0,12,6,0,2,3,1,0,3,1,0,1,0,0000000,20,5,20,11,88,88,0,0,0,1,0
42,420869,1,1,1,2,71,0,23,10,2010,7,13,35,0,3,3,SR-340,ORCHARD RD,58,40.03858889,-76.161730560,0,49,0,0,2,3,1,0,1,1,0,1,0,0000000,13,34,13,37,14,7,16,0,0,1,0
42,420870,1,1,0,2,101,6540,23,10,2010,7,22,41,0,16,6,RED LION RD,,0,40.09246389,-75.012486110,0,33,0,0,1,1,4,0,3,1,0,1,0,0000000,22,37,22,42,23,10,0,0,0,1,1
42,420871,1,1,1,1,101,6540,12,10,2010,3,20,47,0,13,3,SR-4004,,5,40.05671944,-75.183113890,0,8,0,0,1,1,1,0,3,1,0,1,0,0000000,20,47,20,53,21,25,0,0,0,1,0
42,420872,1,1,1,1,91,0,12,10,2010,3,10,35,0,13,3,SR-263,REED ST,6,40.15395278,-75.113027780,0,33,0,0,3,2,4,0,1,1,0,1,0,0000000,10,35,10,38,10,55,0,0,0,1,0
42,420873,1,1,0,1,73,0,2,10,2010,7,6,0,0,3,3,SR-108,,163,41.01945000,-80.208288890,0,59,0,0,1,1,4,0,2,5,0,5,0,0000000,6,1,6,14,88,88,0,0,0,1,0