STATE,ST_CASE,VE_TOTAL,VE_FORMS,PEDS,PERSONS,COUNTY,CITY,DAY,MONTH,YEAR,DAY_WEEK,HOUR,MINUTE,NHS,ROAD_FNC,ROUTE,TWAY_ID,TWAY_ID2,MILEPT,LATITUDE,LONGITUD,SP_JUR,HARM_EV,MAN_COLL,RELJCT1,RELJCT2,TYP_INT,REL_ROAD,WRK_ZONE,LGT_COND,WEATHER1,WEATHER2,WEATHER,SCH_BUS,RAIL,NOT_HOUR,NOT_MIN,ARR_HOUR,ARR_MIN,HOSP_HR,HOSP_MN,CF1,CF2,CF3,FATALS,DRUNK_DR
42,420874,2,2,0,4,71,0,11,10,2010,2,15,2,0,14,2,US-222,,167,39.92550833,-76.195052780,0,12,2,0,1,1,1,0,1,1,0,1,0,0000000,15,8,15,23,99,99,0,0,0,1,0
42,420875,1,1,0,1,17,0,10,9,2010,6,17,46,0,6,5,BUCKMANVILLE RD,,0,40.30769444,-74.974822220,0,42,0,0,1,1,5,0,1,1,0,1,0,0000000,17,47,18,0,88,88,0,0,0,1,1
42,420876,1,1,0,2,125,0,3,10,2010,1,21,0,0,4,3,SR-2041,,83,40.08495833,-80.017869440,0,52,0,0,1,1,2,0,2,2,0,2,0,0000000,99,99,99,99,88,88,0,0,0,2,0
42,420877,1,1,0,1,63,0,15,10,2010,6,16,30,0,4,3,SR-110,,9,40.67648611,-79.181130560,0,35,0,0,1,1,4,0,1,1,0,1,0,0000000,16,36,16,49,17,13,0,0,0,1,1
42,420878,2,1,1,1,95,0,2,9,2010,5,6,36,1,11,1,I-0078,,651,40.59267500,-75.363516670,0,14,0,0,1,1,2,0,1,1,0,1,0,0000000,99,99,99,99,99,99,15,0,0,1,0
42,420879,2,2,0,2,67,0,9,9,2010,5,15,57,0,3,3,SR-0035,,409,40.68135000,-77.136994440,0,12,6,0,8,1,1,0,1,1,0,1,0,0000000,15,51,15,58,99,99,0,0,0,1,0
42,420880,2,2,0,2,11,0,7,10,2010,5,15,19,1,13,3,SR-100,,12,40.35075278,-75.627594440,0,12,1,0,8,1,1,0,1,1,0,1,0,0000000,99,99,99,99,99,99,0,0,0,1,0
42,420881,1,1,0,2,121,0,11,10,2010,2,13,5,0,5,3,SR-1009,,25,41.54909722,-79.680522220,0,35,0,0,1,1,4,0,1,1,0,1,0,0000000,99,99,99,99,99,99,0,0,0,1,0
42,420882,2,1,1,1,71,0,30,9,2010,5,6,45,1,1,1,I-0076,,2745,40.23527222,-76.290488890,0,8,0,0,1,1,1,0,2,2,10,2,0,0000000,6,45,6,59,88,88,19,0,0,1,0
42,420883,2,2,0,2,99,0,22,9,2010,4,7,30,1,2,2,US-0011,SR-0104,275,40.62027500,-76.953825000,0,12,1,0,3,3,1,0,1,1,0,1,0,0000000,7,38,7,51,8,46,0,0,0,1,0
42,420884,2,2,0,3,43,0,22,10,2010,6,21,40,0,14,3,SR-39,SR-2010,151,40.29426389,-76.677652780,0,12,6,0,2,2,1,0,2,1,0,1,0,0000000,99,99,99,99,99,99,0,0,0,1,0
42,420885,2,2,0,2,11,0,26,10,2010,3,2,35,1,1,1,I-78,,184,40.49795278,-76.194319440,0,12,1,0,1,1,1,0,2,1,0,1,0,0000000,99,99,99,99,88,88,0,0,0,1,1
42,420886,2,2,0,2,115,0,14,9,2010,3,17,50,0,15,2,US-0011,,226,41.93260278,-75.734038890,0,12,1,0,8,1,1,0,1,1,0,1,0,0000000,17,57,18,10,18,45,0,0,0,1,0
42,420887,1,1,0,1,121,0,14,10,2010,5,13,15,1,2,2,US-322,,180,41.35692222,-79.738719440,0,32,0,0,1,1,5,0,1,1,0,1,0,0000000,99,99,99,99,99,99,0,0,0,1,0
42,420888,2,2,0,2,133,0,31,10,2010,1,16,0,0,4,3,SR-24,PLEASANT VIEW RD,114,39.86479444,-76.619675000,0,12,6,0,2,3,1,0,1,1,0,1,0,0000000,99,99,99,99,88,88,0,0,0,1,0
42,420889,1,1,0,1,115,0,2,10,2010,7,22,0,0,3,3,SR-171,,35,41.68637778,-75.479119440,0,24,0,0,1,1,4,0,2,1,0,1,0,0000000,22,11,22,35,88,88,0,0,0,1,1
42,420890,1,1,0,1,41,0,2,10,2010,7,21,45,0,15,3,SR-2026,,4,40.15443611,-77.021852780,0,1,0,0,1,1,2,0,2,1,0,1,0,0000000,21,44,21,55,88,88,0,0,0,1,1
42,420891,2,2,0,7,107,0,27,10,2010,4,17,9,0,3,3,SR-443,FRANTZ RD,96,40.57494444,-76.337469440,0,12,6,0,2,2,1,0,1,1,0,1,0,0000000,99,99,99,99,99,99,0,0,0,1,0
42,420892,1,1,1,1,3,6600,18,10,2010,2,18,38,0,16,6,WOOD ST,SR-2026,0,40.43839444,-80.001986110,0,8,0,0,3,2,1,0,3,2,0,2,0,0000000,99,99,99,99,99,99,0,0,0,1,0
42,420893,1,1,0,1,79,0,12,10,2010,3,22,31,0,13,3,SR-309,,315,41.30639444,-75.933355560,0,24,0,0,1,1,2,0,3,1,0,1,0,0000000,22,32,22,39,23,2,0,0,0,1,1
42,420894,2,2,0,3,41,0,13,10,2010,4,8,25,0,6,5,MULBERRY DR,CHURCH ST,0,40.20882778,-77.028116670,0,12,6,0,2,2,1,0,1,1,0,1,0,0000000,8,34,8,49,88,88,0,0,0,1,0
42,420895,1,1,0,1,107,0,6,10,2010,4,11,27,0,5,3,SR-1006,,101,40.78748889,-76.133797220,0,18,0,0,1,1,4,0,1,1,0,1,0,0000000,99,99,99,99,99,99,0,0,0,1,0
42,420896,2,2,0,2,109,0,17,10,2010,1,17,29,0,6,3,SR-3012,TREE GO LN,2,40.72522500,-77.265405560,0,12,1,0,3,3,1,0,1,1,0,1,0,0000000,99,99,99,99,99,99,4,0,0,1,2
42,420897,2,2,0,2,133,0,13,9,2010,2,16,33,0,4,3,SR-0214,,19,39.86784722,-76.746722220,0,12,2,0,1,1,1,0,1,1,0,1,0,0000000,99,99,99,99,88,88,0,0,0,1,0
42,420898,2,2,0,2,125,0,13,10,2010,4,23,15,1,11,1,I-79,,200,40.17132778,-80.207597220,0,12,8,0,1,1,1,0,2,1,0,1,0,0000000,99,99,99,99,88,88,0,0,0,1,0
42,420899,2,2,0,3,25,6410,14,9,2010,3,10,19,1,13,3,SR-0248,,16,40.81632500,-75.672841670,0,12,2,0,1,1,1,1,1,1,0,1,0,0000000,99,99,99,99,99,99,3,0,0,1,0
42,420900,2,2,0,3,31,0,14,9,2010,3,16,40,0,4,3,SR-1005,,71,41.29007778,-79.315797220,0,12,2,0,1,1,1,0,1,1,0,1,0,0000000,88,88,88,88,88,88,0,0,0,3,0
42,420901,1,1,0,2,95,0,22,10,2010,6,20,5,1,12,2,US-22-SR8006 RAMP,,44,40.67921111,-75.337663890,0,42,0,1,5,1,5,0,2,1,0,1,0,0000000,99,99,99,99,99,99,0,0,0,1,0
42,420902,2,2,0,2,9,0,27,9,2010,2,6,57,1,2,3,SR-0056,,74,40.16776389,-78.593575000,0,12,2,0,1,1,1,0,4,2,5,2,0,0000000,6,57,7,15,99,99,0,0,0,1,1
42,420903,2,2,0,3,41,0,2,9,2010,5,12,7,0,16,5,PENN DR,,0,40.29006944,-76.947197220,0,33,0,0,1,1,4,0,1,1,0,1,0,0000000,99,99,99,99,99,99,0,0,0,1,0
42,420904,2,2,0,4,95,660,29,10,2010,6,20,28,0,16,6,NEW ST,FAIRVIEW ST,0,40.62763056,-75.378200000,0,12,6,0,2,2,1,0,3,1,0,1,0,0000000,99,99,99,99,99,99,0,0,0,1,1
42,420905,1,1,0,1,49,0,26,10,2010,3,7,20,0,6,3,SR-2024,,57,41.96454722,-79.689938890,0,58,0,0,1,1,5,0,1,1,0,1,0,0000000,7,22,7,31,88,88,4,0,0,1,0
42,420906,2,2,0,3,15,0,29,10,2010,6,10,18,0,3,3,SR-187,,256,41.82534444,-76.356366670,0,12,8,0,1,1,1,0,1,1,0,1,0,0000000,10,19,10,25,10,50,0,0,0,1,1
42,420907,2,2,0,2,107,0,21,9,2010,3,9,5,0,3,2,US-0209,,363,40.77950278,-76.014786110,0,12,2,0,1,1,1,0,1,1,0,1,0,0000000,99,99,99,99,99,99,0,0,0,1,0
42,420908,2,2,0,2,61,0,26,9,2010,1,23,45,0,5,3,SR-0829,,125,40.39005556,-77.985605560,0,12,6,0,1,1,1,0,2,1,0,1,0,0000000,23,40,23,58,88,88,0,0,0,1,1
42,420909,2,2,0,3,55,0,30,9,2010,5,15,10,1,2,2,US-0030,,53,39.90690833,-77.891130560,0,12,6,0,1,1,1,0,1,2,0,2,0,0000000,99,99,99,99,99,99,0,0,0,1,0
42,420910,2,2,0,2,3,7180,25,9,2010,7,10,50,1,11,1,I-0376,,646,40.41874722,-80.089108330,0,12,1,0,1,1,1,0,1,1,0,1,0,0000000,10,47,10,52,11,27,0,0,0,1,0
42,420911,1,1,0,1,49,0,10,10,2010,1,5,35,0,5,3,SR-3008,,80,41.90307222,-80.211525000,0,11,0,0,1,1,1,0,2,1,0,1,0,0000000,5,40,5,55,88,88,0,0,0,1,1
42,420912,2,2,0,2,51,0,9,10,2010,7,19,44,0,14,3,SR-201,VERNON AV,180,40.12412222,-79.843497220,0,12,6,0,2,2,1,0,5,1,0,1,0,0000000,19,45,19,50,20,25,0,0,0,1,1
42,420913,1,1,0,2,75,0,10,10,2010,1,12,58,0,4,3,SR-419,,47,40.28812778,-76.364816670,0,42,0,0,1,1,5,0,1,1,0,1,0,0000000,13,3,13,16,13,39,0,0,0,1,0
42,420914,2,2,0,5,45,0,9,10,2010,7,7,49,1,13,3,SR-3,,51,39.98304444,-75.369994440,0,12,1,0,1,1,1,0,1,1,0,1,0,0000000,7,51,7,55,9,5,0,0,0,1,0
42,420915,1,1,0,2,13,0,14,10,2010,5,18,34,0,6,5,MILL RD,,0,40.42527500,-78.453380560,0,35,0,0,1,1,4,0,1,1,0,1,0,0000000,18,41,18,44,88,88,0,0,0,1,1
42,420916,2,2,0,4,37,0,21,9,2010,3,17,10,0,3,3,SR-0042,SR-4016,245,41.07498333,-76.507880560,0,12,6,0,2,3,1,0,1,1,0,1,0,0000000,99,99,99,99,99,99,0,0,0,1,0
42,420917,2,2,0,8,29,4565,10,9,2010,6,22,12,0,6,5,STATE RD,,0,39.82396389,-75.805547220,0,12,2,0,1,1,1,0,2,1,0,1,0,0000000,22,6,22,12,23,2,0,0,0,2,1
42,420918,2,2,0,2,89,2330,14,9,2010,3,17,48,1,11,1,I-0080-SR8020 RAMP,,3081,40.98833056,-75.179988890,0,12,1,1,5,1,1,0,1,1,0,1,0,0000000,99,99,99,99,88,88,0,0,0,1,0
42,420919,1,1,0,1,39,0,21,10,2010,5,1,20,0,6,3,SR-4006,,24,41.73570556,-80.426441670,0,43,0,0,1,1,4,0,2,2,0,2,0,0000000,2,34,2,53,88,88,4,0,0,1,1
42,420920,2,2,0,2,89,0,15,9,2010,4,14,5,0,14,3,SR-0447,SR-2022,26,41.02386667,-75.188283330,0,12,6,0,2,3,1,0,1,1,0,1,0,0000000,99,99,99,99,99,99,0,0,0,1,0
42,420921,2,2,0,2,75,4340,15,10,2010,6,16,25,0,16,6,5TH ST,SPRING ST,0,40.34031667,-76.419533330,0,12,6,0,2,2,1,0,1,1,0,1,0,0000000,16,29,16,33,16,45,0,0,0,1,0
42,420922,2,2,0,4,85,0,2,9,2010,5,13,9,0,4,3,SR-4012,RIVER RD,10,41.35715000,-80.393186110,0,12,6,0,2,2,1,0,1,1,0,1,0,0000000,13,23,13,38,99,99,0,0,0,1,0
42,420923,2,2,0,2,7,0,30,9,2010,5,21,17,1,11,1,I-0376,,322,40.74904722,-80.365075000,0,12,6,0,1,1,1,0,2,1,0,1,0,0000000,21,23,21,31,22,21,0,0,0,1,0
42,420924,2,2,0,2,63,0,30,9,2010,5,11,38,1,2,2,US-0422,,190,40.60210556,-79.013883330,0,12,6,0,1,1,1,1,1,2,0,2,0,0000000,99,99,99,99,99,99,3,5,0,1,0
42,420925,2,2,0,3,45,3547,29,9,2010,4,0,3,0,14,3,SR-1001,,29,40.01280000,-75.316547220,0,12,1,0,1,1,1,0,3,1,0,1,0,0000000,0,6,0,12,0,49,0,0,0,1,1
42,420926,2,2,0,5,17,0,24,10,2010,1,2,26,0,15,3,SR-2043,,31,40.16068333,-74.964922220,0,12,6,0,1,1,1,0,3,1,0,1,0,0000000,2,27,2,31,3,6,0,0,0,1,2
42,420927,1,1,0,1,51,0,23,10,2010,7,4,20,0,4,3,SR-4006,,3,39.95524444,-79.890488890,0,59,0,0,1,1,4,0,2,1,0,1,0,0000000,4,31,4,35,88,88,0,0,0,1,1
42,420928,2,2,0,5,75,0,16,10,2010,7,18,40,0,15,3,SR-4007,WATER WORKS WY,13,40.36505000,-76.527375000,0,12,6,0,2,2,1,0,5,1,0,1,0,0000000,18,43,18,50,19,25,0,0,0,1,0
42,420929,2,2,0,4,11,0,31,10,2010,1,13,37,0,3,3,SR-662,SR-2020,74,40.35369167,-75.765741670,0,12,6,0,2,2,1,0,1,1,0,1,0,0000000,99,99,99,99,99,99,0,0,0,1,0
42,420930,1,1,0,1,11,0,16,10,2010,7,1,39,0,15,3,SR-2025,,142,40.26395556,-75.754780560,0,32,0,0,1,1,5,0,2,1,0,1,0,0000000,99,99,99,99,99,99,0,0,0,1,1
42,420931,1,1,0,2,11,0,2,10,2010,7,2,38,0,6,5,LINCOLN DR,,0,40.31495000,-76.059813890,0,40,0,0,1,1,5,0,2,1,0,1,0,0000000,99,99,99,99,99,99,0,0,0,1,1
42,420932,2,2,0,2,49,2640,31,10,2010,1,4,59,1,13,3,SR-5,SR-290,261,42.13085556,-80.061091670,0,12,1,0,3,2,1,0,3,1,0,1,0,0000000,5,0,5,5,5,20,0,0,0,1,1
42,420933,2,2,0,2,127,6815,25,9,2010,7,23,15,0,3,2,US-0006,,80,41.58240000,-75.320338890,0,35,0,0,1,1,4,0,2,1,0,1,0,0000000,23,19,23,28,0,13,0,0,0,1,0
42,420934,2,2,0,2,41,4400,14,9,2010,3,5,40,1,11,1,I-0083,,411,40.23689444,-76.894086110,0,12,1,1,18,1,1,2,4,1,0,1,0,0000000,5,40,5,46,6,20,3,0,0,1,0
42,420935,1,1,2,1,83,0,1,10,2010,6,9,5,0,4,3,SR-646,,147,41.97933056,-78.555863890,0,8,0,0,1,1,1,2,1,1,0,1,0,0000000,99,99,99,99,99,99,0,0,0,1,1
42,420936,1,1,0,1,113,0,15,10,2010,6,5,35,0,3,3,SR-87,,159,41.50833333,-76.545608330,0,24,0,0,1,1,2,0,2,1,0,1,0,0000000,5,43,5,55,88,88,0,0,0,1,0
42,420937,1,1,0,1,17,0,31,10,2010,1,2,24,1,12,2,US-202,,53,40.30268333,-75.148772220,0,21,0,0,1,1,5,0,2,1,0,1,0,0000000,2,25,2,31,2,42,0,0,0,1,1
42,420938,1,1,0,1,131,0,21,10,2010,5,16,10,0,6,5,MAPLE RD,,0,41.41952778,-76.048908330,0,41,0,0,1,1,4,0,1,1,0,1,0,0000000,16,20,16,24,88,88,0,0,0,1,1
42,420939,2,2,0,2,43,0,15,9,2010,4,21,37,1,11,1,I-0283,,20,40.24430833,-76.807700000,0,12,2,1,18,1,1,0,2,1,0,1,0,0000000,21,36,21,43,22,10,0,0,0,1,1
42,420940,1,1,0,1,131,0,24,10,2010,1,0,40,1,2,2,US-6,,55,41.60427222,-76.090030560,0,24,0,0,1,1,2,0,2,1,0,1,0,0000000,99,99,99,99,88,88,0,0,0,1,1
42,420941,2,2,0,3,43,0,8,9,2010,4,5,56,0,3,2,US-0209,,173,40.57169444,-76.648422220,0,12,1,0,1,1,1,0,3,1,0,1,0,0000000,5,55,6,10,99,99,0,0,0,1,0
42,420942,1,1,1,1,81,3990,13,10,2010,4,6,20,0,14,3,SR-3027,SR-3028,0,41.20290833,-77.275294440,0,8,0,0,3,2,1,0,4,5,0,5,0,0000000,6,21,6,23,6,34,0,0,0,1,0
42,420943,1,1,1,1,75,0,18,10,2010,2,5,49,1,13,2,US-422,,60,40.33140556,-76.504375000,0,8,0,0,1,1,1,0,3,1,0,1,0,0000000,5,47,5,50,99,99,0,0,0,1,0
42,420944,1,1,0,1,95,0,2,10,2010,7,11,20,0,6,3,SR-4027,,17,40.75894167,-75.418663890,0,42,0,0,1,1,5,0,1,1,0,1,0,0000000,99,99,99,99,88,88,0,0,0,1,0
42,420945,2,2,0,3,91,0,25,9,2010,7,19,50,0,15,3,SR-4018,,50,40.26164167,-75.459577780,0,1,0,0,1,1,1,0,2,1,0,1,0,0000000,19,51,19,54,88,88,14,0,0,1,0
42,420946,2,2,0,2,3,5413,29,9,2010,4,19,45,0,13,3,SR-0286,ALPINE VILLAGE DR,3,40.42789167,-79.721766670,0,12,6,0,2,3,1,0,3,1,0,1,0,0000000,99,99,99,99,99,99,0,0,0,1,0
42,420947,2,2,0,2,71,0,27,9,2010,2,14,8,0,3,3,SR-0372,MT PLEASANT RD,147,39.91734722,-76.093172220,0,12,6,0,2,2,1,0,1,2,0,2,0,0000000,14,9,14,29,15,0,0,0,0,1,0
42,420948,2,1,1,1,133,0,1,9,2010,4,1,35,0,14,3,SR-2083,,11,39.88774167,-76.626413890,0,8,0,0,1,1,1,0,2,1,0,1,0,0000000,99,99,99,99,88,88,19,0,0,1,1
42,420949,1,1,0,1,85,0,2,10,2010,7,22,27,0,4,3,SR-846,,59,41.33250000,-80.455813890,0,42,0,0,1,1,5,0,2,2,0,2,0,0000000,99,99,99,99,99,99,0,0,0,1,1
42,420950,1,1,1,2,101,6540,8,10,2010,6,15,35,0,14,3,SR-3021,58TH ST,16,39.92904722,-75.220586110,0,9,0,0,2,2,1,0,1,1,0,1,0,0000000,15,40,15,43,88,88,0,0,0,1,0
42,420951,2,2,0,5,71,0,22,9,2010,4,19,31,0,14,3,SR-0462,,44,40.03706944,-76.450900000,0,12,6,0,8,1,1,0,2,1,0,1,0,0000000,19,47,19,52,20,36,0,0,0,1,0
42,420952,2,2,0,4,21,6135,3,9,2010,6,11,5,0,15,3,SR-0271,,371,40.64342778,-78.780622220,0,12,6,0,1,1,1,0,1,1,0,1,0,0000000,99,99,99,99,99,99,0,0,0,2,0
42,420953,1,1,0,1,7,0,8,10,2010,6,0,40,0,6,5,HOFFMAN RD,,0,40.70958889,-80.161175000,0,53,0,0,1,1,5,0,2,1,0,1,0,0000000,0,38,0,45,1,32,0,0,0,1,1
42,420954,1,1,1,1,3,0,21,10,2010,5,15,35,0,15,3,SR-2061,LOUGEAY RD,19,40.46103056,-79.819486110,0,8,0,0,3,3,1,0,1,1,0,1,0,0000000,15,37,15,40,16,5,0,0,0,1,0
42,420955,1,1,1,1,33,1430,4,10,2010,2,10,10,0,16,6,3RD ST,SR-1004,0,41.02207500,-78.436350000,0,8,0,0,3,2,1,0,1,2,0,2,0,0000000,99,99,99,99,99,99,0,0,0,1,0
42,420956,2,2,0,2,3,6600,18,9,2010,7,23,40,1,11,1,I-0579-SR8078 RAMP,,5,40.44216944,-79.993825000,0,12,2,1,5,1,1,0,3,1,0,1,0,0000000,23,42,23,53,0,11,0,0,0,1,1
42,420957,2,2,0,3,3,6600,26,9,2010,1,2,32,0,13,3,SR-2045,,32,40.37838889,-79.922344440,0,12,6,0,1,1,1,0,3,1,0,1,0,0000000,2,34,2,42,3,6,0,0,0,1,2
42,420958,2,2,0,3,71,0,19,9,2010,1,14,53,0,3,3,SR-0441,,157,40.11082222,-76.684558330,0,12,1,0,8,1,1,0,1,1,0,1,0,0000000,99,99,99,99,88,88,0,0,0,1,1
42,420959,2,2,0,3,77,0,19,9,2010,1,18,33,1,2,2,US-0222,,5,40.54445278,-75.672413890,0,12,2,0,1,1,1,0,1,1,0,1,0,0000000,99,99,99,99,88,88,0,0,0,1,0
42,420960,2,2,0,2,111,0,7,9,2010,3,18,13,0,14,3,SR-0985,,201,40.27966667,-78.946216670,0,12,6,0,8,1,1,0,1,1,0,1,0,0000000,18,13,18,18,88,88,0,0,0,1,1
42,420961,1,1,1,1,3,2940,6,10,2010,4,7,3,1,13,2,US-30,MORROW RD,77,40.43228889,-79.865055560,0,8,0,0,3,3,1,0,3,2,0,2,0,0000000,7,7,7,12,7,53,0,0,0,1,0
42,420962,1,1,1,3,95,0,27,10,2010,4,19,30,1,13,3,SR-248,,197,40.71023056,-75.280280560,0,8,0,0,1,1,1,0,2,1,0,1,0,0000000,99,99,99,99,99,99,0,0,0,1,0
42,420963,2,2,0,3,45,0,5,9,2010,1,16,57,0,13,3,SR-1013,,1,39.97613333,-75.365686110,0,12,1,0,1,1,1,0,1,1,0,1,0,0000000,16,58,17,3,99,99,0,0,0,1,0
42,420964,2,2,0,2,3,6600,29,9,2010,4,20,38,0,13,3,SR-0400,NEGLEY AV,38,40.45834722,-79.933841670,0,12,6,0,2,2,1,0,3,1,0,1,0,0000000,20,39,20,42,20,54,0,0,0,1,0
42,420965,1,1,1,2,17,0,3,10,2010,1,1,50,1,13,3,SR-611,,122,40.38672778,-75.146544440,0,8,0,0,1,1,1,0,2,1,0,1,0,0000000,1,50,1,55,99,99,0,0,0,1,0
42,420966,2,2,0,6,91,2267,8,9,2010,4,19,51,1,13,2,US-0202,,65,40.13804167,-75.316177780,0,12,6,0,8,1,1,0,2,1,0,1,0,0000000,19,52,19,56,20,3,0,0,0,2,0
42,420967,2,1,0,1,129,3930,29,9,2010,4,20,4,0,16,6,ARLINGTON AV,,0,40.33505833,-79.600891670,0,14,0,0,1,1,7,0,2,1,0,1,0,0000000,99,99,99,99,88,88,22,0,0,1,0
42,420968,2,2,0,4,129,4480,25,9,2010,7,0,11,1,2,2,US-0030,SR-0711,334,40.24129722,-79.239808330,0,12,6,0,2,2,1,0,2,1,0,1,0,0000000,0,14,0,17,1,16,0,0,0,1,1
42,420969,2,2,0,3,101,6540,26,9,2010,1,18,20,0,16,6,SPRUCE ST,SIXTYSECOND ST,0,39.95705278,-75.245844440,0,12,6,0,2,2,1,0,1,1,0,1,0,0000000,18,21,18,24,18,55,0,0,0,1,0
42,420970,2,2,0,2,91,0,21,10,2010,5,17,39,0,14,3,SR-3003,,58,40.14679722,-75.271130560,0,12,7,0,8,1,1,0,1,1,0,1,0,0000000,17,41,17,51,18,31,0,0,0,1,0
42,420971,2,2,0,2,107,0,21,10,2010,5,12,56,0,4,3,SR-4002,SR-1006,54,40.71090278,-76.248783330,0,12,6,0,2,3,1,0,1,1,0,1,0,0000000,99,99,99,99,99,99,0,0,0,1,0
42,420972,2,2,0,2,35,4175,8,10,2010,6,17,45,1,2,2,US-0220,SR-2008,8,41.06376389,-77.446350000,0,12,6,0,2,2,1,0,1,1,0,1,0,0000000,17,45,17,55,18,21,0,0,0,1,0
42,420973,2,2,0,2,43,0,7,10,2010,5,8,41,0,13,2,US-0022,FOX ST,176,40.28800000,-76.837463890,0,12,6,0,2,2,1,0,1,1,0,1,0,0000000,8,42,8,45,9,33,0,0,0,1,0
42,420974,2,2,0,2,37,868,10,10,2010,1,17,30,0,13,2,US-0011,,131,41.04278056,-76.302163890,0,12,6,0,8,1,1,0,1,1,0,1,0,0000000,99,99,99,99,99,99,0,0,0,1,0
42,420975,1,1,0,2,101,6540,27,10,2010,4,99,99,1,11,1,I-0076-SR8004 RAMP,,3403,40.00528333,-75.194133330,0,35,0,1,5,1,4,0,2,1,0,1,0,0000000,14,33,14,41,88,88,0,0,0,1,0
42,420976,1,1,0,1,101,6540,28,10,2010,5,11,4,0,13,3,SR-4001,,13,40.02054167,-75.192511110,0,33,0,0,1,1,4,0,1,8,0,8,0,0000000,11,8,11,15,11,27,0,0,0,1,0
42,420977,1,1,0,1,13,0,11,10,2010,2,7,47,0,6,5,AVALON RD,,0,40.54531667,-78.441180560,0,30,0,0,1,1,5,0,1,1,0,1,0,0000000,7,49,7,57,88,88,0,0,0,1,0
42,420978,1,1,0,1,79,4310,4,10,2010,2,14,50,0,15,3,SR-2034,,22,41.21221667,-75.853330560,0,30,0,0,1,1,4,0,1,2,0,2,0,0000000,15,0,15,5,88,88,0,0,0,1,0
42,420979,2,2,0,3,77,110,26,10,2010,3,18,40,0,16,6,BASIN ST,,0,40.60106389,-75.458516670,0,12,6,0,1,1,1,0,3,1,0,1,0,0000000,99,99,99,99,99,99,0,0,0,1,1
42,420980,1,1,0,1,15,0,31,10,2010,1,3,28,0,6,3,SR-3018,,13,41.75476667,-76.480341670,0,42,0,0,1,1,4,0,2,1,0,1,0,0000000,3,38,3,43,88,88,0,0,0,1,1
42,420981,1,1,0,2,51,0,31,10,2010,1,2,25,0,4,3,SR-4006,,41,39.92472500,-79.836641670,0,42,0,0,1,1,4,0,2,1,0,1,0,0000000,2,27,2,34,3,40,0,0,0,2,1
42,420982,1,1,0,2,15,0,15,10,2010,6,13,32,1,2,2,US-6,,379,41.72291389,-76.289894440,0,1,0,0,1,1,2,0,1,1,0,1,0,0000000,13,28,13,32,13,43,0,0,0,1,0
42,420983,2,2,0,4,77,110,23,10,2010,7,14,42,0,16,6,BASIN ST,,0,40.60040000,-75.458236110,0,12,2,0,1,1,1,0,1,1,0,1,0,0000000,99,99,99,99,99,99,0,0,0,1,0
42,420984,1,1,1,1,45,0,12,10,2010,3,19,31,0,14,3,SR-1005,,21,39.98657500,-75.313047220,0,8,0,0,1,1,1,0,3,1,0,1,0,0000000,19,31,19,37,19,57,0,0,0,1,0
42,420985,1,1,1,1,101,6540,26,10,2010,3,20,38,0,16,6,FIFTH ST,YORK ST,0,39.98755000,-75.141213890,0,8,0,0,2,2,1,0,3,1,0,1,0,0000000,20,38,20,47,21,3,0,0,0,1,0
42,420986,1,1,1,1,101,6540,23,10,2010,7,17,32,0,13,2,US-0001,FIFTYFOURTH ST,21,39.99703611,-75.235252780,0,8,0,0,3,2,1,0,5,1,0,1,0,0000000,99,99,99,99,99,99,22,0,0,1,0
42,420987,2,2,0,4,125,0,25,11,2010,5,4,2,1,1,1,I-70,,120,40.13682778,-80.319638890,0,12,6,0,1,1,1,0,2,2,0,2,0,0000000,4,5,4,22,88,88,0,0,0,2,0
42,420988,1,1,0,1,89,0,11,11,2010,5,3,0,0,3,3,SR-940,,45,41.12188056,-75.537338890,0,34,0,0,1,1,4,0,2,1,0,1,0,0000000,99,99,99,99,88,88,0,0,0,1,0
42,420989,1,1,0,1,81,0,5,11,2010,6,10,0,1,2,2,US-15,,221,41.37957222,-77.062925000,0,42,0,0,1,1,4,0,1,99,0,99,0,0000000,13,3,13,16,88,88,0,0,0,1,0
42,420990,2,2,0,3,65,0,20,10,2010,4,23,4,0,3,3,SR-0036,,279,41.14928611,-79.086550000,0,53,0,0,1,1,4,0,2,1,0,1,0,0000000,99,99,99,99,99,99,0,0,0,1,0
42,420991,2,2,0,2,29,0,23,10,2010,7,9,25,1,12,2,US-0422,,1733,40.23130000,-75.628650000,0,24,0,0,1,1,3,0,1,1,0,1,0,0000000,9,25,9,29,99,99,0,0,0,1,0
42,420992,2,2,0,2,19,0,26,10,2010,3,9,42,0,3,3,SR-0038,,42,40.92530000,-79.868797220,0,12,2,0,1,1,1,0,1,1,0,1,0,0000000,9,53,10,0,88,88,0,0,0,1,0
42,420993,1,1,0,2,53,0,13,11,2010,7,21,57,0,3,3,SR-36,,67,41.49795278,-79.464213890,0,1,0,0,1,1,5,0,2,1,0,1,0,0000000,88,88,88,88,88,88,0,0,0,2,1
42,420994,1,1,0,1,29,0,10,11,2010,4,11,20,0,4,3,SR-841,,167,39.90817778,-75.823255560,0,34,0,0,1,1,4,0,1,1,0,1,0,0000000,11,20,11,30,12,34,0,0,0,1,0
42,420995,2,2,0,2,61,0,22,10,2010,6,18,45,0,5,3,SR-0475,,90,40.20641111,-77.906741670,0,32,0,0,1,1,4,0,2,1,0,1,0,0000000,18,42,18,51,19,34,14,0,0,1,0