STATE,ST_CASE,VE_TOTAL,VE_FORMS,PEDS,PERSONS,COUNTY,CITY,DAY,MONTH,YEAR,DAY_WEEK,HOUR,MINUTE,NHS,ROAD_FNC,ROUTE,TWAY_ID,TWAY_ID2,MILEPT,LATITUDE,LONGITUD,SP_JUR,HARM_EV,MAN_COLL,RELJCT1,RELJCT2,TYP_INT,REL_ROAD,WRK_ZONE,LGT_COND,WEATHER1,WEATHER2,WEATHER,SCH_BUS,RAIL,NOT_HOUR,NOT_MIN,ARR_HOUR,ARR_MIN,HOSP_HR,HOSP_MN,CF1,CF2,CF3,FATALS,DRUNK_DR
42,420996,1,1,0,1,119,0,9,11,2010,3,14,56,0,6,3,SR-3004,,39,40.86623056,-77.199275000,0,30,0,0,1,1,5,0,1,1,0,1,0,0000000,99,99,99,99,88,88,0,0,0,1,1
42,420997,1,1,0,2,49,0,14,11,2010,1,13,5,0,4,3,SR-98,,97,41.98646111,-80.237905560,0,42,0,0,1,1,5,0,1,2,0,2,0,0000000,99,99,99,99,99,99,0,0,0,1,0
42,420998,2,2,0,2,85,7595,27,10,2010,4,2,36,1,1,1,I-0080,,10,41.18138611,-80.500800000,0,12,8,0,1,1,1,0,2,1,0,1,0,0000000,88,88,88,88,88,88,0,0,0,1,1
42,420999,1,1,0,2,133,0,20,11,2010,7,3,4,0,6,5,GUT RD,,0,40.07439444,-76.678047220,0,1,0,0,1,1,5,0,2,1,0,1,0,0000000,3,13,3,23,99,99,4,22,0,1,1
42,421000,1,1,0,1,47,0,21,11,2010,1,15,0,0,6,5,OGRIN RD,,0,41.56036111,-78.827719440,0,42,0,0,1,1,4,0,1,1,0,1,0,0000000,99,99,99,99,88,88,0,0,0,1,1
42,421001,2,2,0,3,129,0,11,10,2010,2,11,36,1,12,2,US-0119,,8,40.12368056,-79.555975000,0,12,1,1,18,1,1,0,1,1,0,1,0,0000000,11,42,11,44,88,88,0,0,0,2,0
42,421002,1,1,0,2,129,0,27,11,2010,7,0,11,0,15,3,SR-4032,,9,40.34029167,-79.731886110,0,41,0,0,1,1,5,0,3,1,0,1,0,0000000,0,11,0,15,0,50,0,0,0,1,1
42,421003,2,2,0,2,91,0,15,10,2010,6,17,45,1,11,1,I-0076,,3355,40.04900556,-75.261683330,0,12,1,0,1,1,1,0,5,1,0,1,0,0000000,17,54,18,3,18,25,0,0,0,1,0
42,421004,1,1,0,1,3,1335,27,11,2010,7,0,3,0,14,3,SR-2028,,42,40.29200556,-79.881247220,0,30,0,0,1,1,4,0,3,1,0,1,0,0000000,0,1,0,5,88,88,0,0,0,1,0
42,421005,2,2,0,3,89,0,2,11,2010,3,11,3,0,4,3,SR-314,SR-4007,9,41.10391111,-75.373077780,0,12,6,0,2,2,1,0,1,1,0,1,0,0000000,99,99,99,99,99,99,0,0,0,1,0
42,421006,2,2,0,4,21,0,12,10,2010,3,7,28,0,14,3,SR-0053,,155,40.47982222,-78.569127780,0,12,6,0,1,1,1,0,1,1,0,1,1,0000000,7,31,7,35,8,8,0,0,0,1,0
42,421007,4,2,0,3,3,5465,18,10,2010,2,13,1,0,13,3,SR-3109,,26,40.53194444,-80.204666670,0,12,6,0,8,1,1,0,1,1,0,1,0,0000000,12,58,13,3,13,52,0,0,0,1,0
42,421008,1,1,0,1,75,0,30,11,2010,3,0,19,0,4,3,SR-1011,,33,40.39145278,-76.380536110,0,35,0,0,1,1,4,0,2,1,0,1,0,0000000,0,52,1,8,88,88,0,0,0,1,1
42,421009,2,2,0,2,33,6291,15,10,2010,6,22,11,0,14,3,SR-0053,,227,40.85575556,-78.267916670,0,12,6,0,1,1,1,0,2,1,0,1,0,0000000,99,99,99,99,99,99,0,0,0,2,1
42,421010,1,1,0,4,25,0,12,11,2010,6,13,27,0,4,3,SR-903,,44,40.90526667,-75.680575000,0,42,0,0,1,1,4,0,1,1,0,1,0,0000000,99,99,99,99,99,99,0,0,0,1,0
42,421011,1,1,0,2,91,0,12,11,2010,6,22,43,1,13,3,SR-309,ADVANCE LN,165,40.27493889,-75.259344440,0,33,0,0,3,3,4,0,3,1,0,1,0,0000000,22,45,22,48,23,50,0,0,0,1,1
42,421012,2,2,0,4,79,0,31,10,2010,1,1,30,0,13,3,SR-2002,,33,41.21892778,-75.946727780,0,12,2,0,1,1,1,0,2,1,0,1,0,0000000,1,37,1,44,2,19,0,0,0,1,1
42,421013,1,1,0,1,5,0,6,11,2010,7,21,34,0,6,5,HICKS HILL RD,,0,40.54361111,-79.441111110,0,1,0,0,1,1,5,0,2,1,0,1,0,0000000,99,99,99,99,88,88,0,0,0,1,1
42,421014,2,2,0,6,95,0,6,10,2010,4,14,0,0,14,3,SR-2017,,25,40.70657778,-75.252400000,0,12,2,0,1,1,1,0,1,1,0,1,0,0000000,99,99,99,99,99,99,0,0,0,1,0
42,421015,1,1,0,1,107,0,9,11,2010,3,5,55,1,1,1,I-81,,1030,40.57419722,-76.409491670,0,24,0,0,1,1,2,0,2,1,0,1,0,0000000,99,99,99,99,88,88,0,0,0,1,0
42,421016,2,2,0,5,101,6540,9,10,2010,7,2,40,1,13,3,SR-0611,,83,40.05427778,-75.141366670,0,12,2,0,1,1,1,0,3,1,0,1,0,0000000,2,41,2,48,3,18,0,0,0,1,0
42,421017,1,1,0,1,125,0,15,11,2010,2,7,57,1,2,2,US-22,,62,40.42356111,-80.414258330,0,35,0,0,1,1,3,0,1,1,0,1,0,0000000,7,55,8,2,8,41,0,0,0,1,0
42,421018,1,1,0,1,43,0,13,11,2010,7,16,12,1,2,2,US-22,,37,40.37950000,-77.011380560,0,1,0,0,1,1,1,0,1,1,0,1,0,0000000,99,99,99,99,99,99,0,0,0,1,0
42,421019,4,4,0,4,101,6540,25,10,2010,2,14,35,1,11,1,I-0095-SR8009 RAMP,CALLOWHILL ST,222,39.95723611,-75.141980560,0,12,1,1,3,2,1,0,1,1,0,1,0,0000000,14,35,14,42,15,1,0,0,0,1,0
42,421020,1,1,0,1,19,0,23,11,2010,3,13,3,0,6,5,FALLECKER RD,,0,40.89883611,-79.796344440,0,35,0,0,1,1,4,0,1,1,0,1,0,0000000,13,8,13,18,14,0,0,0,0,1,1
42,421021,1,1,0,1,81,9380,26,10,2010,3,15,0,1,12,2,US-0015,,99,41.23276667,-77.042277780,0,24,0,1,19,1,2,0,1,1,0,1,0,0000000,15,2,15,8,99,99,0,0,0,1,0
42,421022,1,1,0,2,129,0,27,11,2010,7,22,5,0,6,5,IRWIN HERMINIE RD,,0,40.27490556,-79.722025000,0,39,0,0,1,1,4,0,2,1,0,1,0,0000000,22,2,22,6,22,53,0,0,0,1,0
42,421023,1,1,0,2,83,0,29,11,2010,2,1,42,1,2,2,US-6,,393,41.82425556,-78.379205560,0,35,0,0,1,1,5,0,2,1,0,1,0,0000000,99,99,99,99,88,88,0,0,0,2,1
42,421024,3,3,2,2,17,615,3,10,2010,1,23,7,1,11,1,I-0276,,3544,40.12862778,-74.914738890,0,12,6,0,1,1,1,0,2,2,0,2,0,0000000,23,10,23,19,23,54,19,15,0,1,0
42,421025,2,2,0,3,127,0,3,10,2010,1,16,11,0,3,2,US-0006,,199,41.48690833,-75.186841670,0,12,2,0,1,1,1,0,1,1,0,1,0,0000000,16,18,16,22,16,50,0,0,0,1,1
42,421026,2,2,1,2,63,0,1,10,2010,6,21,42,0,4,3,SR-0403,,140,40.55906389,-78.918094440,0,12,6,0,8,1,1,0,2,1,0,1,0,0000000,99,99,99,99,99,99,15,19,0,1,0
42,421027,3,1,0,1,25,0,22,10,2010,6,1,23,0,14,3,SR-0903,,100,40.93646111,-75.928133330,0,53,0,0,1,1,4,0,2,1,0,1,0,0000000,99,99,99,99,88,88,0,0,0,1,1
42,421028,3,3,0,4,25,0,5,11,2010,6,16,5,1,13,3,SR-0248,CLUB RD,20,40.81165000,-75.669327780,0,12,6,0,2,3,1,0,1,1,0,1,0,0000000,99,99,99,99,99,99,0,0,0,1,0
42,421029,4,2,0,4,101,6540,11,11,2010,5,13,12,0,16,6,SECOND ST,CECIL B MOORE AV,0,39.97618056,-75.138116670,0,12,6,0,2,2,1,0,1,1,0,1,0,0000000,13,12,13,15,13,37,22,0,0,1,0
42,421030,3,3,0,5,43,1910,16,11,2010,3,21,30,1,12,2,US-0022,,84,40.36395000,-76.928130560,0,25,0,0,1,1,3,0,2,2,0,2,0,0000000,99,99,99,99,99,99,14,0,0,2,0
42,421031,1,1,0,2,99,0,26,11,2010,6,7,52,0,6,3,SR-2005,,10,40.42164722,-77.097375000,0,42,0,0,1,1,4,0,1,1,0,1,0,0000000,7,51,8,4,8,37,0,0,0,1,0
42,421032,1,1,0,4,11,0,24,11,2010,4,23,56,1,1,1,I-78,,221,40.51218333,-76.126741670,0,35,0,0,1,1,4,0,2,1,0,1,0,0000000,99,99,99,99,99,99,0,0,0,1,1
42,421033,1,1,1,1,123,0,30,11,2010,3,6,50,0,3,3,SR-27,,188,41.83019722,-79.395544440,0,8,0,0,1,1,2,0,4,2,0,2,0,0000000,88,88,88,88,88,88,0,0,0,1,0
42,421034,1,1,1,1,5,0,22,11,2010,2,17,17,0,14,3,SR-56,,6,40.60455278,-79.549566670,0,8,0,0,1,1,2,0,2,1,0,1,0,0000000,17,25,17,29,88,88,0,0,0,1,0
42,421035,1,1,0,1,29,0,17,11,2010,4,3,51,1,11,1,I-76,,3141,40.06153611,-75.628519440,0,35,0,0,1,1,4,0,2,2,0,2,0,0000000,3,44,99,97,99,97,0,0,0,1,0
42,421036,2,2,0,2,57,0,25,11,2010,5,12,55,0,3,2,US-522,,273,40.01382778,-77.968086110,0,12,2,0,1,1,1,0,1,1,0,1,0,0000000,12,58,13,5,13,11,0,0,0,1,0
42,421037,1,1,0,1,91,0,30,11,2010,3,13,52,1,13,3,SR-73,,142,40.22061944,-75.384558330,0,35,0,0,1,1,4,0,1,2,0,2,0,0000000,13,53,13,57,14,12,0,0,0,1,0
42,421038,1,1,0,1,63,0,19,11,2010,6,3,35,1,2,2,US-422,,251,40.55569167,-78.926875000,0,42,0,0,1,1,4,0,2,1,0,1,0,0000000,3,35,4,2,88,88,0,0,0,1,1
42,421039,2,2,0,3,89,0,2,11,2010,3,2,5,0,14,3,SR-2012,VALHALLA DR,139,41.02751111,-75.166113890,0,12,1,0,3,2,1,0,2,1,0,1,0,0000000,99,99,99,99,99,99,0,0,0,1,1
42,421040,1,1,1,1,89,2330,20,11,2010,7,1,48,1,11,1,I-80,,3069,40.98279444,-75.191852780,0,8,0,0,1,1,1,0,3,1,0,1,0,0000000,99,99,99,99,99,99,0,0,0,1,0
42,421041,1,1,0,1,17,0,6,11,2010,7,19,50,0,6,5,MISSION RD,,0,40.47170556,-75.250222220,0,1,0,0,1,1,1,0,2,1,0,1,0,0000000,19,53,20,6,88,88,0,0,0,1,1
42,421042,2,2,0,3,75,0,15,11,2010,2,12,19,1,2,3,SR-72,,137,40.45121389,-76.512247220,0,12,6,0,8,1,1,0,1,1,0,1,0,0000000,12,33,12,37,13,16,0,0,0,1,0
42,421043,1,1,0,2,57,0,9,11,2010,3,20,13,0,6,3,SR-4006,,5,40.04601667,-78.126716670,0,38,0,0,1,1,5,0,2,1,0,1,0,0000000,20,12,20,23,99,99,0,0,0,1,0
42,421044,1,1,0,2,103,0,27,11,2010,7,23,17,0,3,3,SR-309,,24,41.27647778,-75.244630560,0,42,0,0,1,1,4,0,2,1,0,1,0,0000000,23,17,23,39,0,14,0,0,0,1,1
42,421045,1,1,0,1,15,0,26,11,2010,6,14,20,0,5,3,SR-187,,12,41.58004167,-76.227633330,0,59,0,0,1,1,4,0,1,1,0,1,0,0000000,14,26,14,30,88,88,0,0,0,1,1
42,421046,1,1,0,1,49,0,28,11,2010,1,3,0,0,6,5,BAGDAD RD,,0,41.95222778,-80.028833330,0,34,0,0,1,1,4,0,2,1,0,1,0,0000000,3,13,3,25,3,57,22,0,0,1,1
42,421047,3,3,0,3,91,0,14,11,2010,1,22,53,1,12,2,US-0422,,1747,40.24070833,-75.606580560,0,24,0,0,1,1,3,0,2,1,0,1,0,0000000,22,59,23,5,23,47,14,0,0,1,0
42,421048,2,2,0,4,97,0,18,11,2010,5,16,0,0,3,3,SR-0147,CARLS HILL RD,70,40.68161667,-76.851655560,0,12,2,0,3,3,1,0,1,1,0,1,0,0000000,99,99,99,99,99,99,0,0,0,1,0
42,421049,1,1,1,1,133,0,5,11,2010,6,9,30,0,14,3,SR-3001,,133,39.91580278,-76.714411110,0,8,0,0,1,1,1,3,1,1,0,1,0,0000000,99,99,99,99,99,99,3,0,0,1,0
42,421050,1,1,0,4,125,2500,24,11,2010,4,1,25,0,14,3,SR-88,,151,40.07947778,-79.874102780,0,24,0,0,1,1,2,0,3,1,0,1,0,0000000,99,99,99,99,99,99,0,0,0,3,1
42,421051,1,1,1,2,17,0,5,11,2010,6,13,55,0,13,3,SR-0032,,104,40.30357778,-74.880855560,0,9,0,0,1,1,1,0,1,1,0,1,0,0000000,13,56,14,9,88,88,16,0,0,1,0
42,421052,1,1,0,2,15,0,28,11,2010,1,15,40,0,6,5,DEVED RD,,0,41.87566389,-76.745852780,0,34,0,0,1,1,4,0,1,1,0,1,0,0000000,99,99,99,99,99,99,22,4,0,1,1
42,421053,4,1,0,1,43,8110,27,12,2010,2,1,45,0,13,3,SR-0230,,37,40.23716389,-76.846502780,0,14,0,0,1,1,7,0,3,1,0,1,0,0000000,1,48,2,0,88,88,0,0,0,1,0
42,421054,1,1,0,2,55,0,14,11,2010,1,3,10,0,5,3,SR-2002,,11,39.77382222,-77.713225000,0,30,0,0,1,1,4,0,2,1,0,1,0,0000000,3,11,3,20,99,99,0,0,0,1,1
42,421055,1,1,0,1,3,6600,29,11,2010,2,0,41,1,11,1,I-376-SR8075 RAMP,,2,40.42417222,-80.030819440,0,43,0,1,5,1,5,0,2,1,0,1,0,0000000,0,42,0,48,1,0,20,0,0,1,1
42,421056,1,1,0,2,117,0,28,11,2010,1,2,10,0,4,3,SR-349,,9,41.76612500,-77.561522220,0,34,0,0,1,1,4,0,2,1,0,1,0,0000000,2,10,99,99,99,99,0,0,0,1,1
42,421057,3,3,0,7,81,0,28,12,2010,3,15,30,1,13,2,US-0220,SR-3007,63,41.21586111,-77.180963890,0,12,6,0,2,2,1,0,1,1,0,1,0,0000000,15,32,15,44,15,57,0,0,0,1,0
42,421058,1,1,0,3,133,0,26,11,2010,6,4,35,0,15,3,SR-2013,,1,39.96744444,-76.599597220,0,30,0,0,1,1,5,0,2,2,0,2,0,0000000,99,99,99,99,99,99,0,0,0,1,1
42,421059,1,1,1,1,79,0,4,11,2010,5,5,29,0,13,3,SR-309,,328,41.32278889,-75.942350000,0,8,0,0,1,1,1,0,3,2,0,2,0,0000000,5,30,5,42,6,15,0,0,0,1,0
42,421060,1,1,0,2,129,0,17,11,2010,4,15,12,0,14,3,SR-981,,153,40.17096389,-79.540625000,0,35,0,0,1,1,4,0,1,1,0,1,0,0000000,15,13,15,18,99,99,0,0,0,1,0
42,421061,1,1,0,2,51,0,8,11,2010,2,0,20,0,6,5,MILLER FARM RD,,0,39.92874444,-79.798144440,0,5,0,0,1,1,1,0,2,1,0,1,0,0000000,0,9,0,16,1,6,0,0,0,1,0
42,421062,3,3,0,4,17,0,9,12,2010,5,13,12,1,11,1,I-0095,,469,40.21386944,-74.877075000,0,12,1,0,1,1,1,0,1,1,0,1,0,0000000,13,13,13,19,88,88,0,0,0,1,0
42,421063,1,1,0,2,111,0,27,11,2010,7,22,49,0,3,3,SR-403,,153,40.27509722,-78.920738890,0,34,0,0,1,1,5,0,3,1,0,1,0,0000000,22,50,22,56,23,19,0,0,0,1,1
42,421064,2,2,0,6,15,0,27,11,2010,7,10,27,0,5,3,SR-1058,,26,41.96676944,-76.435308330,0,12,2,0,1,1,1,0,1,1,0,1,0,0000000,99,99,99,99,99,99,0,0,0,1,0
42,421065,1,1,0,1,3,6600,7,11,2010,1,0,24,0,14,2,US-19,,121,40.46857222,-80.019608330,0,30,0,0,1,1,5,0,3,1,0,1,0,0000000,0,27,0,28,88,88,0,0,0,1,0
42,421066,2,2,0,4,113,0,25,11,2010,5,12,47,0,3,3,SR-87,,89,41.46701111,-76.639075000,0,12,2,0,1,1,1,0,1,4,0,4,0,0000000,12,40,12,48,14,8,0,0,0,1,0
42,421067,1,1,1,1,71,4180,16,11,2010,3,20,32,0,16,6,WABANK RD,,0,40.02403056,-76.316144440,0,8,0,0,1,1,1,0,3,1,0,1,0,0000000,20,33,20,38,20,54,0,0,0,1,0
42,421068,3,3,0,4,3,6115,28,12,2010,3,9,38,1,13,3,SR-0048,WALL AV,151,40.39342500,-79.775427780,0,12,2,0,2,2,1,0,1,1,0,1,0,0000000,99,99,99,99,99,99,0,0,0,1,0
42,421069,1,1,1,3,97,6100,2,11,2010,3,11,35,0,13,3,SR-147,FRONT ST,253,40.88785000,-76.796194440,0,8,0,0,3,2,1,0,1,1,0,1,0,0000000,99,99,99,99,99,99,0,0,0,1,0
42,421070,1,1,1,2,71,0,5,11,2010,6,21,22,0,14,3,SR-230,,49,40.13179722,-76.565552780,0,8,0,0,1,1,1,0,2,1,0,1,0,0000000,21,25,21,28,88,88,0,0,0,1,0
42,421071,1,1,1,1,101,6540,12,11,2010,6,7,57,0,16,6,MARTINS MILL RD,SR-1008,0,40.04705833,-75.091094440,0,9,0,0,3,7,1,0,1,1,0,1,0,0000000,7,57,8,9,8,16,0,0,0,1,0
42,421072,3,3,0,6,11,0,18,12,2010,7,0,36,1,2,2,US-0222,,243,40.49380556,-75.816983330,0,12,2,0,1,1,1,1,2,1,0,1,0,0000000,99,99,99,99,99,99,0,0,0,1,1
42,421073,1,1,0,2,101,6540,14,11,2010,1,0,5,0,16,6,MORRELL AV,,0,40.06545278,-74.987480560,0,33,0,0,1,1,4,0,3,1,0,1,0,0000000,0,11,0,16,0,41,0,0,0,1,1
42,421074,1,1,0,1,7,0,2,11,2010,3,15,15,0,5,3,SR-4002,,33,40.84881389,-80.480094440,0,42,0,0,1,1,4,0,1,1,0,1,0,0000000,15,19,15,33,16,16,0,0,0,1,0
42,421075,3,3,0,5,77,110,21,12,2010,3,9,29,0,16,6,HAMILTON ST,,0,40.60523611,-75.460808330,0,12,8,0,1,1,1,0,1,1,0,1,0,0000000,99,99,99,99,99,99,0,0,0,1,0
42,421076,2,2,1,4,99,4930,18,11,2010,5,23,20,0,13,2,US-11,PARK AV,8,40.33695278,-76.927033330,0,12,1,0,2,3,1,0,3,1,0,1,0,0000000,23,16,23,22,88,88,15,0,0,2,1
42,421077,1,1,1,1,13,0,4,11,2010,5,7,35,0,4,3,SR-4027,,67,40.71741389,-78.192902780,0,8,0,0,1,1,1,0,2,2,5,2,0,0000000,7,35,7,45,88,88,0,0,0,1,0
42,421078,1,1,0,1,101,6540,21,11,2010,1,21,0,1,13,2,US-1,FRONT ST,12,40.02532222,-75.123522220,0,33,0,0,3,7,4,0,3,1,0,1,0,0000000,21,2,21,8,21,26,0,0,0,1,0
42,421079,2,2,0,2,17,0,14,11,2010,1,12,26,0,13,3,SR-2037,JUGHANDLE RD,61,40.17943056,-74.877491670,0,12,6,0,2,3,1,0,1,1,0,1,0,0000000,12,28,12,34,12,57,0,0,0,1,0
42,421080,1,1,0,7,111,0,21,11,2010,1,13,48,1,2,2,US-30,INDIAN DR,189,40.05915278,-78.830127780,0,34,0,0,3,3,5,0,1,1,0,1,0,0000000,13,48,13,56,99,99,0,0,0,3,1
42,421081,2,2,0,2,89,0,20,11,2010,7,22,5,0,14,2,US-209B,,155,41.03557778,-75.138905560,0,12,2,0,1,1,1,0,2,1,0,1,0,0000000,99,99,99,99,99,99,0,0,0,1,1
42,421082,2,1,1,1,33,0,5,11,2010,6,23,50,1,1,1,I-80,,1048,41.12070556,-78.639055560,0,14,0,0,1,1,4,0,2,1,0,1,0,0000000,99,99,99,99,88,88,0,0,0,1,0
42,421083,1,1,1,1,77,1150,5,11,2010,6,18,49,0,14,3,SR-1004,,7,40.65118056,-75.463375000,0,8,0,0,1,1,1,0,3,1,0,1,0,0000000,99,99,99,99,99,99,0,0,0,1,0
42,421084,1,1,0,1,125,0,5,11,2010,6,0,5,0,15,3,SR-0481,,93,40.15793056,-79.951080560,0,42,0,0,1,1,5,0,2,1,0,1,0,0000000,99,99,99,99,88,88,0,0,0,1,0
42,421085,1,1,0,1,111,0,25,11,2010,5,23,0,0,3,3,SR-0281,,94,39.88906111,-79.266508330,0,42,0,0,1,1,4,0,2,2,0,2,0,0000000,22,55,23,7,88,88,0,0,0,1,0
42,421086,2,2,0,4,45,0,25,11,2010,5,17,15,1,13,2,US-202,US-1,29,39.88093056,-75.546611110,0,12,6,0,2,2,1,0,3,2,0,2,0,0000000,17,23,17,34,17,58,0,0,0,1,0
42,421087,1,1,0,2,95,0,20,11,2010,7,1,15,0,15,3,SR-3021,,3,40.70170278,-75.458877780,0,1,0,0,1,1,4,0,2,1,0,1,0,0000000,99,99,99,99,99,99,0,0,0,1,1
42,421088,1,1,0,1,65,0,22,12,2010,4,15,30,1,1,1,I-80,,819,41.16913333,-79.036091670,0,24,0,0,1,1,3,0,1,1,0,1,0,0000000,99,99,99,99,88,88,0,0,0,1,0
42,421089,1,1,0,1,115,0,27,11,2010,7,4,55,1,1,1,I-0081,,2111,41.70723889,-75.670372220,0,1,0,1,18,1,2,0,2,1,0,1,0,0000000,4,57,5,13,88,88,0,0,0,1,0
42,421090,1,1,1,1,33,0,21,12,2010,3,18,15,1,13,2,US-219,,379,41.07791389,-78.755100000,0,8,0,0,1,1,1,0,2,1,0,1,0,0000000,99,99,99,99,88,88,0,0,0,1,0
42,421091,1,1,1,2,89,0,14,11,2010,1,17,35,1,11,1,I-0080,,3088,40.99618333,-75.161716670,0,8,0,0,1,1,1,0,2,1,0,1,0,0000000,99,99,99,99,88,88,0,0,0,1,0
42,421092,1,1,0,1,89,0,14,11,2010,1,22,48,0,4,3,SR-0447,,55,41.08398889,-75.211933330,0,52,0,0,1,1,2,0,2,1,0,1,0,0000000,99,99,99,99,88,88,0,0,0,1,0
42,421093,2,2,0,3,9,0,11,11,2010,5,14,39,1,2,3,SR-56,,34,40.20101389,-78.654141670,0,12,8,0,1,1,1,0,1,1,0,1,0,0000000,14,38,14,52,99,99,0,0,0,1,0
42,421094,1,1,0,1,95,0,6,11,2010,7,17,49,0,14,3,SR-0611,,134,40.76114167,-75.181833330,0,42,0,0,1,1,4,0,7,99,0,99,0,0000000,99,99,99,99,88,88,0,0,0,1,0
42,421095,2,2,0,2,31,0,23,11,2010,3,15,30,0,4,3,SR-338,J B KNIGHT RD,113,41.25702500,-79.553211110,0,12,6,0,2,2,1,0,1,1,0,1,0,0000000,15,40,15,50,16,52,0,0,0,1,0
42,421096,2,2,0,8,19,0,23,11,2010,3,6,40,0,4,3,SR-308,,102,41.04150556,-79.908669440,0,12,2,0,1,1,1,0,4,2,0,2,0,0000000,6,42,7,0,8,13,0,0,0,4,0
42,421097,1,1,2,2,63,697,21,11,2010,1,15,59,0,4,3,SR-0217,,90,40.53001389,-79.254063890,0,49,0,0,1,1,1,0,1,1,0,1,0,0000000,15,58,16,12,16,57,0,0,0,1,0
42,421098,1,1,0,1,29,5855,20,11,2010,7,15,0,0,15,3,SR-3035,,18,39.84968611,-75.774905560,0,38,0,0,1,1,5,0,1,1,0,1,0,0000000,15,1,15,6,16,11,0,0,0,1,0
42,421099,1,1,0,1,13,0,9,11,2010,3,19,37,0,3,3,SR-0036,,65,40.35656389,-78.412936110,0,5,0,0,1,1,2,0,2,1,0,1,0,0000000,19,39,19,44,20,15,0,0,0,1,0
42,421100,1,1,1,1,71,4180,11,12,2010,7,11,36,0,16,6,ANN ST,,0,40.03822778,-76.294897220,0,8,0,0,1,1,1,0,1,1,0,1,0,0000000,11,37,11,42,88,88,0,0,0,1,0
42,421101,1,1,0,2,63,0,18,12,2010,7,0,45,0,3,3,SR-85,,76,40.75430000,-79.117336110,0,35,0,0,1,1,4,0,2,1,0,1,0,0000000,0,45,0,55,1,49,0,0,0,1,0
42,421102,1,1,0,1,63,0,25,12,2010,7,9,5,0,4,3,SR-553,,28,40.62893889,-78.995261110,0,30,0,0,1,1,4,0,1,4,0,4,0,0000000,9,7,9,26,88,88,0,0,0,1,0
42,421103,1,1,0,1,111,0,18,12,2010,7,17,3,0,3,3,SR-403,,153,40.27553333,-78.921786110,0,24,0,0,1,1,2,0,2,1,0,1,0,0000000,17,3,17,6,88,88,0,0,0,1,1
42,421104,1,1,0,4,19,0,19,11,2010,6,23,25,0,15,3,SR-2017,,11,40.68618056,-79.713569440,0,30,0,0,1,1,5,0,2,1,0,1,0,0000000,23,24,23,32,0,30,0,0,0,2,1
42,421105,1,1,0,1,91,0,7,12,2010,3,13,43,1,13,3,SR-611,SR-2023,12,40.07693056,-75.127302780,0,30,0,0,3,2,5,0,1,1,0,1,0,0000000,13,47,13,49,14,10,0,0,0,1,0
42,421106,1,1,0,1,61,0,19,12,2010,1,23,50,0,3,3,SR-913,,85,40.19232500,-78.118672220,0,1,0,0,1,1,4,0,2,1,0,1,0,0000000,23,52,0,1,88,88,0,0,0,1,1
42,421107,1,1,0,1,1,9997,30,12,2010,5,1,35,0,3,3,SR-116,,7,39.74400556,-77.375788890,0,42,0,0,1,1,4,0,2,1,0,1,0,0000000,1,30,1,47,88,88,0,0,0,1,1
42,421108,1,1,0,1,33,0,26,12,2010,1,7,47,1,2,2,US-219,,360,41.05938056,-78.730138890,0,1,0,0,1,1,1,0,1,4,0,4,0,0000000,99,99,99,99,99,99,0,0,0,1,0
42,421109,1,1,0,1,79,9220,21,12,2010,3,10,38,1,13,2,US-11,SR-92,337,41.32783889,-75.793347220,0,42,0,0,3,2,5,0,1,1,0,1,0,0000000,10,40,10,42,11,12,0,0,0,1,0
42,421110,2,2,0,2,51,0,22,12,2010,4,18,41,0,14,3,SR-3019,,5,39.87678889,-79.739972220,0,12,2,0,1,1,1,0,3,1,0,1,0,0000000,99,99,99,99,88,88,0,0,0,1,1
42,421111,1,1,1,1,3,408,6,11,2010,7,2,9,1,13,3,SR-0051,,133,40.34800000,-79.974427780,0,8,0,0,1,1,1,0,7,1,0,1,0,0000000,2,15,2,19,2,55,0,0,0,1,0
42,421112,1,1,0,1,15,0,23,11,2010,3,8,8,0,5,3,SR-3002,,22,41.58192222,-76.480594440,0,1,0,0,1,1,2,0,1,1,0,1,0,0000000,99,99,99,99,99,99,2,0,0,1,0
42,421113,1,1,1,3,3,6600,19,11,2010,6,16,40,0,16,6,LIBERTY AV,,0,40.45073889,-79.983025000,0,8,0,0,1,1,1,0,1,1,0,1,0,0000000,16,44,16,51,88,88,0,0,0,1,0
42,421114,2,2,0,3,55,0,13,11,2010,7,8,1,1,2,2,US-0030,SR-0075,42,39.91472222,-77.910569440,0,12,6,0,2,2,1,0,1,1,0,1,0,0000000,8,1,8,10,99,99,0,0,0,1,0
42,421115,2,1,0,1,49,2640,1,11,2010,2,18,8,1,13,3,SR-0005,,264,42.13272222,-80.055105560,0,33,0,0,1,1,5,0,1,1,0,1,0,0000000,18,8,18,12,88,88,14,0,0,1,1
42,421116,2,2,0,5,101,6540,25,11,2010,5,2,24,1,11,1,I-0095,,186,39.90916944,-75.149350000,0,12,2,0,1,1,1,1,3,1,0,1,0,0000000,2,36,2,43,3,19,0,0,0,2,2
42,421117,2,2,0,2,73,5800,11,11,2010,5,8,25,0,16,6,MILL ST,DIVISION ST,0,40.99185278,-80.343975000,0,12,6,0,2,2,1,0,1,1,0,1,0,0000000,99,99,99,99,99,99,0,0,0,1,0