STATE,ST_CASE,VE_TOTAL,VE_FORMS,PEDS,PERSONS,COUNTY,CITY,DAY,MONTH,YEAR,DAY_WEEK,HOUR,MINUTE,NHS,ROAD_FNC,ROUTE,TWAY_ID,TWAY_ID2,MILEPT,LATITUDE,LONGITUD,SP_JUR,HARM_EV,MAN_COLL,RELJCT1,RELJCT2,TYP_INT,REL_ROAD,WRK_ZONE,LGT_COND,WEATHER1,WEATHER2,WEATHER,SCH_BUS,RAIL,NOT_HOUR,NOT_MIN,ARR_HOUR,ARR_MIN,HOSP_HR,HOSP_MN,CF1,CF2,CF3,FATALS,DRUNK_DR
42,421118,2,2,0,2,7,90,7,11,2010,1,21,45,0,13,3,SR-0051,,50,40.64136667,-80.246016670,0,12,1,0,1,1,1,0,2,1,0,1,0,0000000,99,99,99,99,99,99,0,0,0,1,0
42,421119,2,2,0,2,11,0,8,11,2010,2,21,44,0,14,3,SR-0562,SR-2053,84,40.31796111,-75.731291670,0,12,2,0,2,3,1,0,3,1,0,1,0,0000000,99,99,99,99,99,99,0,0,0,1,1
42,421120,2,2,0,2,71,0,22,11,2010,2,14,57,1,13,2,US-0222,BUTLER AV,301,40.06676667,-76.304419440,0,12,6,0,2,3,1,0,1,1,0,1,0,0000000,14,57,15,3,88,88,0,0,0,1,0
42,421121,2,1,0,3,3,6600,5,11,2010,6,6,5,0,16,6,LIBERTY AV,,0,40.44688056,-79.989127780,0,39,0,0,1,1,5,0,3,2,0,2,1,0000000,6,9,6,13,6,32,14,0,0,1,0
42,421122,1,1,1,1,19,0,11,12,2010,7,17,29,0,14,3,SR-3015,,67,40.75923333,-80.045666670,0,8,0,0,1,1,1,0,2,1,0,1,0,0000000,20,50,21,10,88,88,0,0,0,1,0
42,421123,2,2,0,3,3,6600,26,11,2010,6,11,5,1,13,2,US-0019,SR-0837,103,40.44424444,-80.028225000,0,12,6,0,2,6,1,0,1,1,0,1,0,0000000,11,7,11,11,11,34,0,0,0,1,1
42,421124,1,1,0,1,77,0,14,12,2010,3,8,5,1,12,2,US-22,,31,40.60755278,-75.538688890,0,35,0,0,1,1,4,0,1,1,0,1,0,0000000,99,99,99,99,99,99,0,0,0,1,0
42,421125,2,2,0,6,3,3950,13,11,2010,7,13,40,1,13,3,SR-0051,WORTHINGTON AV,77,40.29070278,-79.913455560,0,12,6,0,2,3,1,0,1,1,0,1,0,0000000,13,42,13,46,14,40,0,0,0,1,0
42,421126,1,1,1,1,17,0,6,12,2010,2,20,32,1,13,3,SR-132,,139,40.09840833,-74.947005560,0,8,0,0,1,1,1,0,3,1,0,1,0,0000000,20,33,20,43,20,52,0,0,0,1,0
42,421127,2,2,0,3,55,3343,28,11,2010,1,18,36,0,4,3,SR-0997,SR-1001,179,39.94852500,-77.561477780,0,12,1,0,3,4,1,0,3,1,0,1,0,0000000,18,38,18,45,19,10,0,0,0,1,1
42,421128,2,2,0,5,69,7460,21,11,2010,1,14,0,0,13,3,SR-3016,MCCARTHY ST,6,41.38150278,-75.698777780,0,12,6,0,2,2,1,0,1,1,0,1,0,0000000,14,3,14,7,14,38,22,0,0,1,0
42,421129,2,2,0,2,15,0,29,12,2010,4,6,47,0,3,2,US-220,,68,41.63791389,-76.438736110,0,12,6,0,1,1,1,0,2,1,0,1,0,0000000,6,43,7,4,99,99,0,0,0,1,0
42,421130,1,1,0,1,81,0,30,12,2010,5,23,30,0,6,5,DARK HOLLOW RD,,0,41.23698333,-76.612433330,0,1,0,0,1,1,4,0,6,1,0,1,0,0000000,7,30,7,46,88,88,0,0,0,1,1
42,421131,1,1,0,1,129,0,11,12,2010,7,3,21,0,14,3,SR-906,,64,40.18259167,-79.848233330,0,42,0,0,1,1,4,0,3,1,0,1,0,0000000,99,99,99,99,88,88,0,0,0,1,1
42,421132,1,1,0,2,129,0,13,12,2010,2,10,29,0,14,3,SR-819,,128,40.23576944,-79.551600000,0,42,0,0,1,1,4,0,1,4,0,4,0,0000000,10,36,10,47,11,20,0,0,0,1,0
42,421133,2,2,0,2,17,0,4,12,2010,7,12,26,0,13,3,SR-2037,,30,40.15256667,-74.941919440,0,12,6,0,8,1,1,0,1,1,0,1,0,0000000,12,27,12,34,88,88,0,0,0,1,0
42,421134,1,1,0,1,17,0,24,12,2010,6,17,56,0,14,3,SR-563,,64,40.39666944,-75.272386110,0,42,0,0,1,1,5,0,2,1,0,1,0,0000000,17,58,18,6,88,88,0,0,0,1,1
42,421135,1,1,1,1,17,0,4,12,2010,7,1,23,0,13,3,SR-2006,,20,40.14150278,-74.874169440,0,8,0,0,1,1,1,0,3,1,0,1,0,0000000,1,24,1,29,1,51,0,0,0,1,1
42,421136,1,1,0,1,71,0,28,12,2010,3,21,6,0,14,3,SR-230,,4,40.16165278,-76.636616670,0,42,0,0,1,1,5,0,2,1,0,1,0,0000000,21,5,21,12,88,88,0,0,0,1,1
42,421137,1,1,0,1,23,0,4,12,2010,7,15,25,0,3,3,SR-120,,131,41.49301944,-78.200752780,0,34,0,0,1,1,4,0,1,1,0,1,0,0000000,99,99,99,99,88,88,0,0,0,1,1
42,421138,1,1,0,2,15,0,25,12,2010,7,14,40,0,6,5,THOMPSON HILL RD,,0,41.92932500,-76.789155560,0,35,0,0,1,1,4,0,1,4,0,4,0,0000000,14,33,14,40,15,35,4,0,0,1,0
42,421139,1,1,0,3,71,0,18,12,2010,7,0,17,0,6,5,HOLLANDER RD,,0,40.06072778,-76.103994440,0,31,0,0,8,1,4,0,2,1,0,1,0,0000000,0,17,0,26,99,99,0,0,0,2,1
42,421140,1,1,0,1,69,7460,1,12,2010,4,14,10,0,16,6,MAIN AV,,0,41.44083056,-75.646897220,0,30,0,0,1,1,5,0,1,2,0,2,0,0000000,14,12,14,30,14,55,0,0,0,1,0
42,421141,1,1,0,3,127,0,12,12,2010,1,1,30,0,5,3,SR-3028,,61,41.53963611,-75.301286110,0,42,0,0,1,1,4,0,2,2,0,2,0,0000000,1,37,1,54,2,31,0,0,0,1,0
42,421142,1,1,0,1,115,0,18,12,2010,7,21,0,0,6,5,LOMERY RD,,0,41.65123889,-76.009983330,0,1,0,0,1,1,4,0,2,1,0,1,0,0000000,99,99,99,99,88,88,4,0,0,1,0
42,421143,1,1,0,1,1,0,24,12,2010,6,13,32,0,5,3,SR-394,,36,39.89833611,-77.209872220,0,24,0,0,1,1,2,0,1,1,0,1,0,0000000,13,30,13,38,88,88,0,0,0,1,1
42,421144,2,2,0,1,101,6540,30,12,2010,5,1,33,0,13,3,SR-1008,,1,40.01945833,-75.049994440,0,12,6,0,1,1,1,0,3,8,0,8,0,0000000,1,33,1,40,88,88,23,0,0,1,1
42,421145,1,1,1,3,11,0,29,12,2010,4,17,20,1,13,2,US-422,,18,40.38058889,-76.227455560,0,8,0,0,1,1,1,0,2,1,0,1,0,0000000,99,99,99,99,88,88,0,0,0,1,0
42,421146,2,2,0,2,41,7680,15,12,2010,4,15,21,0,14,3,SR-2014,,39,40.22415833,-76.950216670,0,12,8,0,1,1,1,0,1,1,0,1,0,0000000,15,23,15,31,15,50,0,0,0,1,0
42,421147,2,2,0,4,3,6600,4,12,2010,7,22,23,1,13,3,SR-0837,THIRTYTHIRD ST,200,40.42251111,-79.960180560,0,12,2,0,2,3,1,1,3,1,0,1,0,0000000,22,22,22,28,23,1,3,0,0,1,1
42,421148,1,1,0,1,81,0,31,12,2010,6,21,21,0,14,3,SR-1017,,51,41.33469722,-77.086994440,0,24,0,0,1,1,2,0,2,1,0,1,0,0000000,21,21,21,30,88,88,0,0,0,1,1
42,421149,1,1,0,1,3,5413,11,12,2010,7,16,51,0,16,6,GARDEN CITY DR,,0,40.44669722,-79.777847220,0,1,0,0,1,1,1,0,5,1,0,1,0,0000000,16,50,16,53,17,22,0,0,0,1,0
42,421150,1,1,1,1,17,0,16,12,2010,5,8,54,0,6,5,DAVIS CT,,0,40.41536389,-75.367244440,0,8,0,0,1,1,1,0,1,1,0,1,0,0000000,8,54,9,4,9,14,4,0,0,1,0
42,421151,1,1,0,3,83,0,17,12,2010,6,17,20,0,4,3,SR-155,,79,41.80032500,-78.275675000,0,38,0,0,1,1,4,0,2,1,0,1,0,0000000,99,99,99,99,99,99,0,0,0,1,0
42,421152,1,1,0,1,33,0,27,12,2010,2,23,27,0,3,3,SR-53,,330,40.97666944,-78.197463890,0,35,0,0,1,1,4,0,2,1,0,1,0,0000000,99,99,99,99,99,99,0,0,0,1,0
42,421153,2,2,0,3,5,6020,21,12,2010,3,13,12,0,14,3,SR-0056,NINETEENTH ST,13,40.59742222,-79.557144440,0,12,2,0,2,3,1,0,1,1,0,1,0,0000000,99,99,99,99,99,99,0,0,0,1,0
42,421154,1,1,0,1,11,0,23,12,2010,5,1,51,0,6,5,OLD PHILADELPHIA PK,,0,40.25041389,-75.720391670,0,1,0,0,1,1,1,0,2,1,0,1,0,0000000,99,99,99,99,88,88,0,0,0,1,1
42,421155,1,1,1,1,89,2330,29,12,2010,4,15,3,0,14,3,SR-447,SR-2012,20,41.01575000,-75.182866670,0,8,0,0,3,3,1,0,1,1,0,1,0,0000000,99,99,99,99,99,99,0,0,0,1,0
42,421156,1,1,0,3,71,0,30,12,2010,5,16,56,0,6,5,COLEBROOK RD,,0,40.09078611,-76.373958330,0,35,0,0,1,1,5,0,5,1,0,1,0,0000000,16,57,17,9,99,99,0,0,0,1,1
42,421157,2,2,0,2,91,0,19,12,2010,1,0,2,0,14,3,SR-2017,SR-2038,41,40.13252222,-75.152708330,0,12,6,0,2,2,1,0,2,1,0,1,0,0000000,0,3,0,7,0,29,0,0,0,1,1
42,421158,1,1,0,5,55,1230,19,12,2010,1,2,8,0,13,3,SR-0316,,161,39.92140278,-77.659402780,0,33,0,0,1,1,4,0,3,1,0,1,0,0000000,2,10,2,18,99,99,0,0,0,4,1
42,421159,2,2,0,3,3,2250,22,12,2010,4,7,32,0,16,4,FIFTH AV,,0,40.38737222,-79.799230560,0,12,2,0,1,1,1,0,4,1,0,1,0,0000000,7,32,7,44,8,28,0,0,0,1,0
42,421160,2,2,0,2,3,0,18,12,2010,7,11,35,0,14,3,SR-1015,SR-1008,5,40.54728333,-79.819041670,0,12,6,0,2,3,1,0,1,1,0,1,0,0000000,11,40,11,47,12,16,0,0,0,1,0
42,421161,1,1,0,1,11,0,23,12,2010,5,20,27,0,6,5,OLD FRITZTOWN RD,,0,40.30753889,-75.988791670,0,33,0,0,1,1,4,0,3,1,0,1,0,0000000,99,99,99,99,99,99,0,0,0,1,1
42,421162,2,2,0,2,125,1040,8,12,2010,4,11,43,0,14,3,SR-0088,,102,40.05022500,-79.896419440,0,12,6,0,8,1,1,0,1,1,0,1,0,0000000,11,42,11,50,12,50,0,0,0,1,0
42,421163,2,2,0,2,17,0,1,12,2010,4,13,0,0,13,3,SR-2006,,51,40.17341111,-74.832358330,0,12,6,0,8,1,1,0,1,2,0,2,0,0000000,13,1,13,7,13,30,0,0,0,1,0
42,421164,2,2,0,2,51,0,6,12,2010,2,15,47,0,2,2,US-0040,,330,39.76078333,-79.449083330,0,12,6,0,8,1,1,0,1,4,0,4,0,0000000,15,54,15,57,16,39,0,0,0,1,0
42,421165,2,2,0,3,15,0,30,12,2010,5,5,5,1,2,2,US-0006,,142,41.76693889,-76.650755560,0,12,2,0,1,1,1,0,2,1,0,1,0,0000000,99,99,99,99,99,99,0,0,0,2,0
42,421166,2,2,0,2,129,0,12,12,2010,1,9,35,1,2,2,US-0022,SR-1033,185,40.41708611,-79.370527780,0,12,6,0,2,2,1,0,1,2,0,2,0,0000000,99,99,99,99,99,99,0,0,0,1,0
42,421167,2,2,0,5,31,0,25,12,2010,7,10,8,0,3,3,SR-0157,SR-0208,23,41.35638056,-79.437941670,0,12,6,0,2,2,1,0,1,4,0,4,0,0000000,99,99,99,99,99,99,0,0,0,1,0
42,421168,2,2,0,2,27,0,13,12,2010,2,11,55,1,1,1,I-0099,,635,40.81226389,-78.030533330,0,34,0,0,1,1,3,0,1,1,0,1,0,0000000,99,99,99,99,99,99,0,0,0,1,0
42,421169,2,2,0,2,17,0,23,12,2010,5,12,44,0,14,3,SR-2033,,99999,99.99990000,999.999900000,0,12,2,0,1,1,1,0,1,1,0,1,0,0000000,12,45,12,52,13,18,0,0,0,1,0
42,421170,2,2,0,5,13,0,12,12,2010,1,11,20,0,13,3,SR-1001,,92,40.58776667,-78.324755560,0,12,6,0,1,1,1,0,1,2,5,2,0,0000000,11,27,11,39,99,99,5,23,0,4,0
42,421171,2,2,0,2,77,0,9,12,2010,5,7,22,0,13,3,SR-0873,,26,40.70601944,-75.619688890,0,12,2,0,1,1,1,0,1,1,0,1,0,0000000,99,99,99,99,99,99,0,0,0,1,0
42,421172,2,2,0,2,41,0,16,12,2010,5,13,1,0,4,3,SR-0696,,51,40.11333056,-77.539222220,0,12,6,0,1,1,1,0,1,4,0,4,0,0000000,99,99,99,99,99,99,0,0,0,1,0
42,421173,2,2,0,2,95,0,6,12,2010,2,9,1,1,11,1,I-0078,,711,40.63565833,-75.276066670,0,12,7,1,18,1,1,0,1,1,0,1,0,0000000,99,99,99,99,88,88,0,0,0,1,0
42,421174,2,2,0,3,45,5120,18,12,2010,7,15,30,1,13,2,US-0001,ORIOLE AV,90,39.91323056,-75.436722220,0,12,1,0,3,2,1,0,1,1,0,1,0,0000000,99,99,99,99,99,99,0,0,0,1,0
42,421175,2,2,0,2,133,0,7,12,2010,3,9,22,1,12,2,US-0030,,117,39.95107500,-76.791338890,0,12,1,0,1,1,1,0,1,1,0,1,0,0000000,9,22,9,31,88,88,0,0,0,1,0
42,421176,2,2,0,2,133,0,16,12,2010,5,18,23,0,15,3,SR-2007,,17,39.91841111,-76.622200000,0,11,0,0,1,1,1,0,2,4,0,4,0,0000000,99,99,99,99,88,88,14,0,0,1,0
42,421177,1,1,0,1,125,0,18,12,2010,7,3,20,0,5,3,SR-1061,,4,40.23056111,-80.004344440,0,35,0,0,1,1,4,0,2,1,0,1,0,0000000,3,32,3,44,88,88,0,0,0,1,1
42,421178,1,1,0,1,3,7455,20,12,2010,2,8,46,1,11,1,I-0376,,657,40.41067778,-80.070508330,0,35,0,0,1,1,5,0,1,4,0,4,0,0000000,8,46,8,58,9,17,0,0,0,1,0
42,421179,1,1,0,1,49,0,16,12,2010,5,5,0,0,6,5,HIRTZEL RD,,0,42.24601944,-79.780375000,0,42,0,0,1,1,5,0,2,1,0,1,0,0000000,5,36,5,47,88,88,0,0,0,1,0
42,421180,1,1,0,1,19,0,5,12,2010,1,1,5,1,2,3,SR-0008,,374,41.16503889,-79.993763890,0,43,0,0,1,1,5,0,2,4,0,4,0,0000000,1,19,1,25,88,88,0,0,0,1,1
42,421181,1,1,0,2,51,0,21,12,2010,3,12,25,0,3,3,SR-0711,,32,40.01788333,-79.543902780,0,39,0,0,1,1,5,0,1,1,0,1,0,0000000,12,5,12,10,12,53,0,0,0,1,0
42,421182,1,1,0,3,17,0,26,12,2010,1,13,42,1,11,1,I-0095,,505,40.25407500,-74.857047220,0,42,0,1,19,1,4,0,1,4,0,4,0,0000000,13,44,13,55,14,29,0,0,0,1,0
42,421183,1,1,0,2,29,8865,30,12,2010,5,15,23,0,3,3,SR-0023,,43,40.16306944,-75.761408330,0,38,0,0,1,1,4,0,1,1,0,1,0,0000000,15,24,15,42,16,19,0,0,0,1,0
42,421184,1,1,0,1,3,5465,5,12,2010,1,21,57,0,6,4,SPRING RUN ROAD ET,,0,40.54291667,-80.255905560,0,30,0,0,1,1,4,0,3,4,0,4,0,0000000,99,99,99,99,88,88,0,0,0,1,0
42,421185,1,1,0,1,91,0,5,12,2010,1,3,6,0,13,3,SR-0029,SR-4002,4,40.13910278,-75.502597220,0,33,0,0,3,4,4,0,3,1,0,1,0,0000000,3,12,3,21,88,88,0,0,0,1,1
42,421186,1,1,1,1,133,3470,22,12,2010,4,8,0,0,13,3,SR-0194,SR-0094,10,39.80047778,-76.983252780,0,8,0,0,3,2,1,0,1,1,0,1,0,0000000,8,1,8,4,88,88,0,0,0,1,0
42,421187,2,2,0,2,129,0,22,12,2010,4,11,30,0,14,3,SR-0217,,57,40.34820000,-79.285500000,0,12,8,0,1,1,1,0,1,1,0,1,0,0000000,11,38,11,39,88,88,0,0,0,1,1
42,421188,2,2,0,2,19,0,10,12,2010,6,10,35,1,1,1,I-0080,,429,41.17090556,-79.721377780,0,24,0,0,1,1,2,0,1,4,0,4,0,0000000,99,99,99,99,88,88,0,0,0,1,0
42,421189,2,2,0,2,79,0,22,12,2010,4,1,39,0,3,3,SR-0924,,30,40.93739722,-76.041180560,0,12,6,0,8,1,1,0,2,1,0,1,0,0000000,1,39,1,46,99,99,0,0,0,1,0
42,421190,2,2,0,4,111,0,28,12,2010,3,8,45,1,1,1,I-0076,,1214,39.97002500,-78.881813890,0,12,1,0,1,1,1,2,1,1,0,1,0,0000000,99,99,99,99,99,99,3,0,0,1,0
42,421191,2,1,0,1,19,0,20,12,2010,2,9,7,1,1,1,I-0079,,982,40.95108889,-80.143202780,0,14,0,0,1,1,3,0,1,4,0,4,0,0000000,9,8,9,22,10,6,19,0,0,1,0
42,421192,2,2,0,4,89,0,1,12,2010,4,19,37,0,6,3,SR-3017,,6,40.86508333,-75.306225000,0,12,2,0,1,1,1,0,2,1,0,1,0,0000000,99,99,99,99,99,99,0,0,0,1,0
42,421193,2,2,0,2,5,0,8,12,2010,4,14,49,0,3,3,SR-56,,152,40.62972500,-79.362305560,0,12,8,0,1,1,1,0,1,1,0,1,0,0000000,14,50,14,55,16,26,0,0,0,1,0
42,421194,1,1,1,1,45,0,30,12,2010,5,22,25,1,13,2,US-13,,147,39.94157222,-75.253647220,0,9,0,0,1,1,1,0,3,1,0,1,0,0000000,22,27,22,33,88,88,4,0,0,1,1
42,421195,1,1,1,1,129,3930,29,12,2010,4,20,12,0,16,6,GASKILL AV,,0,40.32838056,-79.615238890,0,8,0,0,1,1,1,0,3,1,0,1,0,0000000,99,99,99,99,99,99,0,0,0,1,0
42,421196,1,1,0,1,73,9997,12,12,2010,1,19,0,0,4,3,SR-168,,9,40.86390556,-80.400080560,0,38,0,0,1,1,5,0,2,4,0,4,0,0000000,99,99,99,99,88,88,0,0,0,1,1
42,421197,1,1,0,3,101,6540,19,12,2010,1,0,3,0,16,6,SCHOOL HOUSE LN,,0,40.01571667,-75.197788890,0,42,0,0,1,1,5,0,3,1,0,1,0,0000000,0,5,0,12,0,30,20,0,0,2,0
42,421198,1,1,1,2,101,6540,8,12,2010,4,17,7,1,13,3,SR-73,DUNGAN RD,6,40.05811944,-75.078066670,0,8,0,0,2,3,1,0,3,1,0,1,0,0000000,17,7,17,12,17,21,0,0,0,1,0
42,421199,1,1,1,1,101,6540,8,12,2010,4,0,36,1,13,2,US-1,BRIDGE ST,31,40.03018333,-75.088308330,0,8,0,0,3,2,1,0,3,1,0,1,0,0000000,0,34,0,38,0,59,0,0,0,1,1
42,421200,1,1,1,1,101,6540,8,12,2010,4,11,4,0,16,6,CHELTENHAM AV,,0,40.01507222,-75.062961110,0,8,0,0,1,1,1,0,1,1,0,1,0,0000000,11,6,11,9,11,29,0,0,0,1,0
42,421201,1,1,1,1,101,6540,11,12,2010,7,22,32,0,16,6,WASHINGTON AV,8TH ST,0,39.93594444,-75.156891670,0,8,0,0,3,2,1,0,3,2,0,2,0,0000000,22,32,22,39,22,54,0,0,0,1,0
42,421202,2,2,0,3,21,3150,21,12,2010,3,22,23,0,13,3,SR-3016,,33,40.29764444,-78.878266670,0,12,2,0,1,1,1,0,3,1,0,1,0,0000000,22,26,22,31,99,99,0,0,0,1,0
42,421203,2,2,0,2,71,0,29,12,2010,4,7,20,1,12,3,SR-283,,166,40.07963333,-76.344708330,0,12,2,0,1,1,1,0,4,1,0,1,0,0000000,7,4,7,9,99,99,0,0,0,1,0
42,421204,2,2,0,3,71,0,13,12,2010,2,17,21,0,3,3,SR-772,,139,40.15945278,-76.352072220,0,12,2,0,1,1,1,0,2,1,0,1,0,0000000,17,23,17,40,99,99,0,0,0,1,0
42,421205,2,2,0,2,37,0,17,12,2010,6,6,35,0,3,3,SR-487,,15,40.90292500,-76.509675000,0,12,6,0,1,1,1,0,1,1,0,1,0,0000000,99,99,99,99,99,99,0,0,0,1,0
42,421206,2,1,1,1,45,0,5,12,2010,1,18,36,1,13,2,US-30,,3,40.04422778,-75.399438890,0,8,0,0,1,1,1,0,3,1,0,1,0,0000000,99,99,99,99,99,99,14,0,0,1,0
42,421207,2,2,0,3,35,4550,4,12,2010,7,11,26,0,14,3,SR-0120,,489,41.13326667,-77.443061110,0,12,6,0,1,1,1,0,1,4,0,4,0,0000000,11,25,11,28,12,0,0,0,0,1,0
42,421208,2,2,0,2,27,0,9,12,2010,5,9,30,0,15,3,SR-0550,,97,40.82829722,-77.966258330,0,12,6,0,1,1,1,0,1,1,0,1,0,0000000,9,31,9,37,88,88,0,0,0,1,0
42,421209,2,2,0,2,133,0,15,12,2010,4,19,23,1,2,2,US-0015,,19,40.06212500,-77.064730560,0,12,2,0,1,1,1,0,2,1,0,1,0,0000000,19,24,19,34,88,88,0,0,0,2,1
42,421210,2,2,0,3,103,0,30,12,2010,5,10,57,0,4,3,SR-0739,US-0209,5,41.22298611,-74.870841670,1,12,6,0,2,2,1,0,1,1,0,1,0,0000000,11,0,11,15,99,99,0,0,0,1,0
42,421211,2,2,0,3,133,0,2,12,2010,5,16,4,1,2,2,US-0030,,51,39.92091389,-76.896847220,0,12,2,0,1,1,1,0,1,1,0,1,0,0000000,16,4,16,26,99,99,0,0,0,2,0
44,440003,1,1,2,1,7,50,9,1,2010,7,1,31,0,12,3,SR-10,,0,41.78956944,-71.436838890,0,8,0,0,1,1,1,0,3,1,0,1,0,0000000,1,34,1,35,1,54,19,0,0,1,0
44,440004,3,2,0,3,3,48,10,1,2010,1,7,56,0,13,3,SR-117 WASHINGTON ST,,0,41.69545000,-71.536902780,0,12,6,0,1,1,1,0,1,1,0,1,0,0000000,7,58,8,0,8,39,0,0,0,1,1
44,440005,1,1,0,1,9,54,10,2,2010,4,7,4,1,1,1,I-95,,99999,41.57857500,-71.660566670,0,42,0,0,1,1,5,0,1,10,0,10,0,0000000,7,4,7,18,88,88,0,0,0,1,0
44,440006,2,2,0,4,9,84,10,2,2010,4,10,25,0,2,3,SR-138,,0,41.52400278,-71.738147220,0,12,2,0,1,1,1,0,1,4,5,4,0,0000000,10,32,10,37,11,11,0,0,0,1,0
44,440007,1,1,1,1,7,47,4,3,2010,5,18,0,0,13,3,SR-114,CHAPEL AVE,0,41.90265278,-71.391627780,0,8,0,0,3,3,1,0,3,3,0,3,0,0000000,18,1,18,11,18,44,0,0,0,1,0
44,440008,1,1,2,2,7,190,12,2,2010,6,1,43,0,16,6,HOPE ST,,0,41.83371944,-71.401330560,0,8,0,0,1,1,2,0,3,1,0,1,0,0000000,1,43,1,48,2,5,0,0,0,1,1
44,440009,1,1,0,1,7,159,25,2,2010,5,19,45,1,12,3,SR-146,,0,41.97517222,-71.530877780,0,42,0,0,1,1,4,0,5,4,0,4,0,0000000,19,45,19,48,20,21,0,0,0,1,0
44,440010,1,1,0,1,3,239,25,2,2010,5,21,9,0,16,6,MISHNOCK RD,,0,41.65952778,-71.582127780,0,42,0,0,1,1,4,0,2,4,0,4,0,0000000,21,12,21,14,88,88,0,0,0,1,1
44,440011,2,2,0,3,7,190,8,3,2010,2,10,49,0,13,3,SR-1-A ALLENS AVE,PUBLIC ST,0,41.80825278,-71.403750000,0,12,2,0,2,2,1,0,1,1,0,1,0,0000000,10,48,10,52,11,5,0,0,0,1,0
44,440012,1,1,0,1,3,230,9,3,2010,3,23,41,0,13,3,SR-AIRPORT CONNECTOR,,0,41.72731944,-71.456536110,0,25,0,0,1,1,3,0,3,1,0,1,0,0000000,23,38,23,44,0,1,0,0,0,1,1
44,440013,1,1,0,2,7,59,19,3,2010,6,0,48,0,6,6,OLD PLAINFIELD PIKE,,0,41.75062500,-71.682775000,0,42,0,0,1,1,4,0,2,1,0,1,0,0000000,0,48,0,58,1,41,0,0,0,1,1
44,440014,1,1,1,1,7,190,23,3,2010,3,6,30,0,14,6,LINWOOD AVE,CRANSTON ST,0,41.80707778,-71.435713890,0,9,0,0,3,2,1,0,4,4,0,4,0,0000000,6,30,6,40,6,55,0,0,0,1,0
44,440015,3,3,1,3,7,190,3,4,2010,7,2,35,1,11,1,I-95,,0,41.83005000,-71.418172220,0,8,0,0,1,1,1,0,3,1,0,1,0,0000000,2,35,2,42,2,48,0,0,0,1,0
44,440016,1,1,0,1,7,59,5,4,2010,2,15,37,0,6,6,SHIPPEE SCHOOLHOUSE,,0,41.82889722,-71.782950000,0,17,0,0,1,1,4,0,1,1,0,1,0,0000000,15,35,15,40,88,88,0,0,0,1,1
44,440017,1,1,0,1,7,206,7,4,2010,4,21,50,0,14,3,SR-104 FARNUM PIKE,,0,41.89880278,-71.526447220,0,1,0,0,1,1,6,0,2,1,0,1,0,0000000,21,47,21,54,22,34,0,0,0,1,1
44,440018,1,1,0,1,7,112,10,4,2010,7,6,3,0,2,3,SR-146,,0,41.89601111,-71.444255560,0,42,0,0,1,1,5,0,2,10,0,10,0,0000000,6,22,6,26,88,88,0,0,0,1,0
44,440019,3,3,0,5,7,32,2,1,2010,7,15,2,0,13,3,SR-102 BRONCOS HWY,,0,41.98233611,-71.614036110,0,12,6,0,1,1,1,0,1,4,0,4,0,0000000,15,21,15,26,16,0,0,0,0,1,0
44,440020,1,1,0,1,3,239,14,3,2010,1,1,46,0,4,3,SR-3,,0,41.60523889,-71.641158330,0,30,0,0,1,1,4,0,2,2,0,2,0,0000000,1,46,1,53,88,88,5,0,0,1,1
44,440021,1,1,0,2,7,190,18,4,2010,1,2,5,1,11,1,I-195WB RAMP I-95SB,,0,41.81381944,-71.404738890,0,18,0,1,5,1,4,0,3,1,0,1,0,0000000,2,9,2,21,2,31,0,0,0,1,0
44,440022,1,1,1,1,1,225,29,4,2010,5,17,56,0,13,3,SR-114 MAIN ST,JOYCE,0,41.72935000,-71.282300000,0,8,0,0,3,2,1,0,1,1,0,1,0,0000000,17,56,17,58,18,27,0,0,0,1,0
44,440023,1,1,0,1,9,155,5,5,2010,4,11,28,0,16,6,GILBERT STUART RD,,0,41.52467500,-71.443019440,0,42,0,0,1,1,4,0,1,1,0,1,0,0000000,11,27,11,33,12,2,0,0,0,1,0
44,440024,2,2,0,3,7,59,28,1,2010,5,18,20,1,2,2,US-6 DANIELSON PIKE,,0,41.81325000,-71.747927780,0,12,6,0,1,1,1,0,2,11,0,11,0,0000000,18,20,18,26,19,13,0,0,0,1,0
44,440025,2,2,0,3,9,45,16,5,2010,1,20,13,1,2,2,US-1 POST RD,WEST BEACH RD,0,41.35543611,-71.710525000,0,12,6,0,2,2,1,0,5,1,0,1,0,0000000,20,13,20,17,21,12,0,0,0,1,0
44,440026,1,1,0,1,7,206,23,5,2010,1,19,44,1,11,1,I-295,,0,41.88413056,-71.517819440,0,24,0,0,1,1,4,0,1,1,0,1,0,0000000,19,45,19,50,88,88,0,0,0,1,1
44,440027,1,1,0,1,7,62,30,5,2010,1,15,17,0,3,3,SR-44  PUTNAM PIKE,,0,41.88937222,-71.600475000,0,24,0,0,1,1,4,0,1,1,0,1,0,0000000,88,88,88,88,88,88,0,0,0,1,0
44,440028,1,1,0,2,9,54,4,6,2010,6,17,51,1,11,1,I-95,,0,41.57800833,-71.660600000,0,24,0,0,1,1,3,0,1,1,0,1,0,0000000,18,3,18,13,18,55,0,0,0,1,0
44,440030,1,1,0,1,7,159,28,5,2010,6,5,40,0,13,3,SR-7 DOUGLAS PIKE,,0,41.95315556,-71.573169440,0,24,0,0,1,1,4,0,1,1,0,1,0,0000000,5,41,5,47,88,88,0,0,0,1,1