STATE,ST_CASE,VE_TOTAL,VE_FORMS,PEDS,PERSONS,COUNTY,CITY,DAY,MONTH,YEAR,DAY_WEEK,HOUR,MINUTE,NHS,ROAD_FNC,ROUTE,TWAY_ID,TWAY_ID2,MILEPT,LATITUDE,LONGITUD,SP_JUR,HARM_EV,MAN_COLL,RELJCT1,RELJCT2,TYP_INT,REL_ROAD,WRK_ZONE,LGT_COND,WEATHER1,WEATHER2,WEATHER,SCH_BUS,RAIL,NOT_HOUR,NOT_MIN,ARR_HOUR,ARR_MIN,HOSP_HR,HOSP_MN,CF1,CF2,CF3,FATALS,DRUNK_DR
44,440031,1,1,0,1,7,32,6,6,2010,1,13,7,0,14,3,SR-100 CHURCH ST,,0,41.95749444,-71.705188890,0,33,0,0,1,1,4,0,1,1,0,1,0,0000000,13,7,13,9,13,46,0,0,0,1,0
44,440032,1,1,0,2,7,62,18,6,2010,6,1,28,0,3,2,US-44 PUTNAM PIKE,,0,41.89275833,-71.607255560,0,42,0,0,1,1,4,0,2,1,0,1,0,0000000,1,27,1,33,88,88,0,0,0,2,0
44,440033,1,1,0,1,7,190,23,6,2010,4,21,17,1,11,1,I-95 NB,,0,41.79981667,-71.402452780,0,25,0,0,1,1,4,0,3,1,0,1,0,0000000,21,20,21,28,88,88,0,0,0,1,1
44,440034,1,1,0,1,7,180,19,6,2010,7,1,22,1,11,1,I-95 NB,,0,41.87394722,-71.381661110,0,25,0,1,19,1,4,0,3,1,0,1,0,0000000,1,24,1,27,88,88,0,0,0,1,1
44,440035,1,1,0,1,3,230,27,6,2010,1,16,30,0,12,3,SR-37,,0,41.74589167,-71.442986110,0,33,0,1,5,1,4,0,9,1,0,1,0,0000000,88,88,88,88,88,88,99,99,99,1,1
44,440036,1,1,1,1,9,240,1,7,2010,5,13,45,0,14,3,SR-1A WATCH HILL RD,FOSTER COVE RD,0,41.31933333,-71.848011110,0,33,0,0,3,2,5,0,1,1,0,1,0,0000000,13,41,13,43,14,9,0,0,0,1,0
44,440037,1,1,0,2,7,190,2,7,2010,6,21,50,0,16,6,GASPEE ST,SMITH ST,0,41.83154444,-71.412844440,0,6,0,0,2,2,1,0,3,1,0,1,0,0000000,21,57,22,0,22,14,0,0,0,1,0
44,440038,1,1,1,1,7,190,3,7,2010,7,23,15,0,16,6,MANTON AVE,,0,41.82015833,-71.446913890,0,8,0,0,1,1,1,0,3,1,0,1,0,0000000,23,13,23,17,23,31,0,0,0,1,0
44,440039,1,1,0,2,7,206,3,7,2010,7,16,43,0,14,3,SR-104 FARNUM PIKE,KANE RD,0,41.89929167,-71.527133330,0,1,0,0,3,3,1,0,1,1,0,1,0,0000000,16,43,16,47,17,14,0,0,0,1,1
44,440040,1,1,0,1,3,245,4,7,2010,1,3,9,0,16,6,WAKEFIELD ST,,0,41.72591111,-71.494816670,0,33,0,0,1,1,4,0,3,1,0,1,0,0000000,3,9,3,11,3,25,0,0,0,1,1
44,440041,2,2,0,3,7,202,8,7,2010,5,10,19,1,13,2,US-6 HARTFORD AVE,VILLAGE PLAZA WAY,0,41.83546111,-71.574358330,0,12,6,0,2,3,1,0,1,1,0,1,0,0000000,10,18,10,22,10,56,0,0,0,1,0
44,440042,1,1,0,5,9,194,12,7,2010,2,9,40,1,11,1,I-95,,100,41.57012222,-71.662444440,0,1,0,0,1,1,3,0,1,1,0,1,0,0000000,9,39,9,44,10,38,0,0,0,1,0
44,440043,1,1,0,1,9,84,31,7,2010,7,22,48,0,14,3,SR-3 MAIN ST,PALMER ST.,0,41.42184444,-71.788702780,0,33,0,0,2,3,4,0,3,1,0,1,0,0000000,22,50,23,13,23,45,0,0,0,1,1
44,440044,2,2,0,2,7,202,13,8,2010,6,17,2,0,4,3,SR-12 TUNK HILL RD,,0,41.75261667,-71.616783330,0,12,2,0,1,1,1,0,1,1,0,1,0,0000000,17,1,17,11,88,88,0,0,0,1,0
44,440045,2,2,0,5,7,32,8,8,2010,1,11,1,1,13,3,SR-102 BRONCOS HWY,GLENDALE BYPASS,0,41.97480000,-71.630902780,0,12,6,0,2,3,1,0,1,1,0,1,0,0000000,11,6,11,14,12,4,0,0,0,1,0
44,440046,3,3,0,8,3,230,17,8,2010,3,1,54,1,11,1,I-95,,0,41.71751111,-71.470388890,0,12,6,0,1,1,1,0,3,1,0,1,0,0000000,1,56,1,58,2,18,14,0,0,1,1
44,440047,2,2,0,4,7,190,20,8,2010,6,1,45,1,11,1,I-95,,0,41.83840278,-71.412088890,0,12,6,0,1,1,1,0,3,1,0,1,0,0000000,1,45,2,2,2,38,0,0,0,1,2
44,440048,1,1,0,1,7,202,23,10,2010,7,16,47,0,4,3,SR-12 TUNK HILL ROAD,,0,41.74544444,-71.614894440,0,24,0,0,1,1,4,0,1,1,0,1,0,0000000,88,88,88,88,88,88,0,0,0,1,1
44,440049,1,1,0,1,1,225,16,6,2010,4,11,10,0,16,6,BRIDGE ST,MAIN ST,0,41.72116944,-71.281313890,0,5,0,0,3,1,1,0,1,1,0,1,0,0000000,11,11,11,15,88,88,0,0,0,1,0
44,440050,1,1,0,1,7,62,28,9,2010,3,22,47,0,4,6,ANAN WADE RD,,0,41.86866667,-71.710338890,0,24,0,0,1,1,4,0,6,2,0,2,0,0000000,22,47,22,58,88,88,0,0,0,1,1
44,440051,1,1,0,1,7,105,26,10,2010,3,22,24,1,12,2,US-6,,0,41.81891944,-71.503830560,0,24,0,0,1,1,4,0,3,2,0,2,0,0000000,22,27,22,32,22,45,0,0,0,1,0
44,440052,1,1,1,1,7,190,15,9,2010,4,7,27,0,16,6,WESTMINSTER ST,STOKES ST,0,41.81679167,-71.442847220,0,8,0,0,3,3,1,0,1,1,0,1,0,0000000,7,30,7,33,7,48,0,0,0,1,0
44,440053,2,2,0,3,7,180,19,9,2010,1,0,0,0,13,3,SR-15 MINERAL SPRING,POWER RD,0,41.87045556,-71.417827780,0,12,6,0,2,3,1,0,3,1,0,1,0,0000000,0,1,0,7,0,31,0,0,0,1,1
44,440054,3,3,0,7,7,190,25,9,2010,7,15,0,0,12,3,SR-10,,0,41.81181944,-71.440658330,0,12,6,0,1,1,1,0,1,1,0,1,0,0000000,15,11,15,23,99,99,0,0,0,1,0
44,440055,1,1,0,1,7,206,30,9,2010,5,22,21,0,14,3,SR-104 FARNUM PIKE,,0,41.91436667,-71.546230560,0,30,0,0,1,1,4,0,3,10,0,10,0,0000000,22,24,22,28,23,2,0,0,0,1,1
44,440056,1,1,0,1,7,260,2,10,2010,7,11,55,0,13,3,SR-114 DIAMOND HILL,,0,42.01588611,-71.499625000,0,33,0,0,1,1,5,1,1,1,0,1,0,0000000,11,55,11,59,12,18,4,0,0,1,0
44,440057,1,1,0,4,7,180,3,10,2010,1,16,30,0,16,6,BARTON ST.,,0,41.87774167,-71.394952780,0,33,0,0,1,1,5,0,1,1,0,1,0,0000000,16,38,16,42,16,56,0,0,0,2,1
44,440058,2,2,0,3,3,230,7,10,2010,5,12,42,0,13,2,US-1  ELMWOOD AVE,PAWTUXET AVE,0,41.75535556,-71.423922220,0,12,6,0,2,2,1,0,1,2,10,2,0,0000000,12,48,12,59,13,16,0,0,0,1,1
44,440059,1,1,1,1,7,156,27,10,2010,4,6,53,0,16,6,SMITHFIELD RD,BARRETT AVE,0,41.85780000,-71.455122220,0,15,0,0,2,3,1,0,4,2,0,2,0,0000000,6,50,6,54,7,18,0,0,0,1,0
44,440060,2,2,0,6,5,212,3,10,2010,1,14,54,0,14,3,SR-77 MAIN RD,,0,41.60318611,-71.193875000,0,12,6,0,1,1,1,0,1,1,0,1,0,0000000,15,4,15,16,15,45,0,0,0,1,0
44,440061,1,1,0,1,9,137,10,10,2010,1,1,48,1,12,2,US-1 N,,0,41.42754167,-71.504002780,0,1,0,0,1,1,1,1,3,1,0,1,0,0000000,1,49,1,56,2,6,0,0,0,1,1
44,440062,1,1,1,1,7,159,3,11,2010,4,19,0,0,13,3,SR-102 VICTORY HWY,SR146A N MAIN ST.,0,42.00651111,-71.584683330,0,9,0,0,3,3,1,0,3,1,0,1,0,0000000,19,8,19,12,19,38,0,0,0,1,0
44,440063,1,1,0,1,7,59,11,12,2010,7,2,19,0,2,3,SR-102 PLAINFIELD P,TRAY HOLLOW RD,0,41.76036389,-71.708022220,0,42,0,0,2,3,4,0,2,10,0,10,0,0000000,2,28,2,34,88,88,0,0,0,1,1
44,440064,1,1,0,1,7,190,7,11,2010,1,1,2,0,16,6,ACADEMY AVE.,MINK RD,0,41.84721944,-71.445616670,0,33,0,0,2,3,4,0,3,1,0,1,0,0000000,1,3,1,10,2,0,0,0,0,1,1
44,440065,1,1,0,1,9,155,8,11,2010,2,20,44,1,13,2,US-1 TOWER HILL RD.,,0,41.57290833,-71.462116670,0,17,0,0,1,1,4,0,3,2,0,2,0,0000000,20,44,20,45,21,37,0,0,0,1,1
44,440066,2,2,1,1,7,190,17,12,2010,6,1,5,1,11,1,I-95,,0,41.81303611,-71.405983330,0,12,6,0,1,1,1,0,3,1,0,1,0,0000000,1,5,1,13,1,28,23,0,0,1,0
44,440067,3,3,0,4,1,30,20,12,2010,2,14,48,0,13,3,SR-136 METACOM AVE,,0,41.66435278,-71.257194440,0,12,2,0,1,1,1,0,1,1,0,1,0,0000000,14,48,15,7,15,38,0,0,0,1,1
44,440068,1,1,0,1,9,240,30,11,2010,3,13,28,0,14,3,SR-1A MAIN ST.,,0,41.37254444,-71.830861110,0,19,0,0,1,1,5,0,1,1,0,1,0,0000000,13,28,13,32,13,49,0,0,0,1,0
45,450001,1,1,0,1,43,0,2,1,2010,7,17,15,0,5,4,296,,30,33.36566111,-79.500030560,0,42,0,0,1,1,4,0,2,1,0,1,0,0000000,99,99,99,99,99,99,0,0,0,1,0
45,450002,3,1,0,1,25,0,2,1,2010,7,21,3,0,9,4,682,,13,34.79301389,-80.414513890,0,43,0,0,1,1,5,0,1,1,0,1,0,0000000,99,99,99,99,99,99,14,0,0,1,1
45,450003,1,1,0,3,85,0,3,1,2010,1,10,50,0,4,3,SR-261,,17,34.09588611,-80.577077780,0,1,0,0,1,1,1,0,1,1,0,1,0,0000000,99,99,99,99,99,99,0,0,0,1,0
45,450004,1,1,0,1,91,0,4,1,2010,2,4,0,0,5,4,SHADYBARK TRAIL,,99999,34.83867500,-80.937652780,0,34,0,0,1,1,4,0,2,1,0,1,0,0000000,99,99,99,99,88,88,0,0,0,1,0
45,450005,2,2,0,2,15,0,4,1,2010,2,16,45,1,2,2,US-17,,99999,33.24073333,-79.940772220,0,12,2,0,1,1,1,0,1,1,0,1,0,0000000,99,99,99,99,99,99,0,0,0,1,0
45,450006,2,2,0,4,83,0,4,1,2010,2,16,38,0,4,3,SR-215,SR-150,34,34.81232222,-81.840077780,0,12,6,0,2,2,1,0,1,1,0,1,0,0000000,99,99,99,99,99,99,0,0,0,1,0
45,450007,1,1,0,1,19,85,4,1,2010,2,16,15,1,13,2,US-17,,451,32.89342500,-79.737652780,0,1,0,0,1,1,3,0,1,1,0,1,0,0000000,99,99,99,99,99,99,0,0,0,1,1
45,450008,1,1,0,1,83,0,5,1,2010,3,22,49,0,5,4,CROYDON RD,,99999,34.94051389,-81.973800000,0,34,0,0,1,1,4,0,3,1,0,1,0,0000000,99,99,99,99,88,88,0,0,0,1,0
45,450009,1,1,1,4,15,0,6,1,2010,4,17,50,1,2,2,US-52,,350,33.43652778,-79.979008330,0,8,0,0,1,1,1,0,2,1,0,1,0,0000000,99,99,99,99,88,88,0,0,0,1,0
45,450010,1,1,1,1,25,0,7,1,2010,5,17,5,1,2,2,US-1,,129,34.52353056,-80.154575000,0,9,0,0,1,1,1,0,1,1,0,1,0,0000000,99,99,99,99,88,88,0,0,0,1,0
45,450011,1,1,0,2,57,0,7,1,2010,5,23,0,0,3,3,SR-903,,182,34.62642778,-80.505408330,0,1,0,0,1,1,4,0,2,2,0,2,0,0000000,99,99,99,99,99,99,0,0,0,1,0
45,450012,1,1,0,1,45,0,7,1,2010,5,20,0,0,9,4,41,,55,35.15851111,-82.483805560,0,35,0,0,1,1,5,0,2,5,0,5,0,0000000,99,99,99,99,99,99,0,0,0,1,1
45,450013,1,1,0,2,41,0,7,1,2010,5,10,35,0,9,4,893,,17,34.01311111,-79.602600000,0,1,0,0,8,1,1,0,1,1,0,1,0,0000000,99,99,99,99,88,88,0,0,0,2,0
45,450014,3,3,0,4,63,0,7,1,2010,5,7,45,0,14,4,73,,90,33.86774444,-81.132358330,0,12,2,0,1,1,1,0,1,1,0,1,0,0000000,99,99,99,99,99,99,0,0,0,1,0
45,450015,1,1,0,1,77,0,8,1,2010,6,3,0,0,14,3,SR-93,,159,34.80626389,-82.664050000,0,1,0,0,1,1,4,0,2,10,0,10,0,0000000,99,99,99,99,99,99,0,0,0,1,0
45,450016,1,1,0,1,63,0,9,1,2010,7,18,35,0,9,4,879,604,16,33.95592778,-81.308955560,0,42,0,0,3,3,4,0,6,1,0,1,0,0000000,99,99,99,99,88,88,0,0,0,1,0
45,450017,1,1,1,1,85,0,9,1,2010,7,15,38,0,14,3,SR-441,,51,33.94271944,-80.489658330,0,9,0,0,1,1,1,0,1,1,0,1,0,0000000,99,99,99,99,88,88,0,0,0,1,0
45,450018,1,1,0,1,79,0,9,1,2010,7,1,40,0,15,4,222,,17,33.96208333,-80.884136110,0,53,0,0,1,1,4,0,2,1,0,1,0,0000000,99,99,99,99,88,88,0,0,0,1,1
45,450019,1,1,0,2,91,0,9,1,2010,7,2,54,0,4,4,54,,99999,35.07303333,-81.154375000,0,42,0,0,1,1,4,0,2,1,0,1,0,0000000,99,99,99,99,88,88,20,0,0,2,1
45,450020,3,1,1,2,73,0,11,1,2010,2,15,49,1,1,1,I-85,,23,34.50585000,-82.965102780,0,14,0,0,1,1,4,0,1,1,0,1,0,0000000,99,99,99,99,99,99,15,0,0,1,0
45,450021,2,2,0,3,63,0,11,1,2010,2,18,55,0,14,3,SR-602,,19,33.91102778,-81.193083330,0,12,2,0,1,1,1,0,2,1,0,1,0,0000000,99,99,99,99,99,99,0,0,0,1,1
45,450022,1,1,0,1,41,0,11,1,2010,2,22,15,0,4,4,53,,111,34.04313056,-79.964419440,0,34,0,0,1,1,4,0,2,1,0,1,0,0000000,99,99,99,99,88,88,0,0,0,1,1
45,450023,2,2,0,2,75,0,11,1,2010,2,18,50,0,3,3,SR-267,82,19,33.46538611,-80.524636110,0,12,6,0,2,2,1,0,2,1,0,1,0,0000000,99,99,99,99,99,99,0,0,0,1,0
45,450024,2,2,0,6,83,0,11,1,2010,2,19,5,0,3,3,SR-357,FARM BRIDGE RD,106,35.05174722,-82.180138890,0,12,6,0,2,2,1,0,6,1,0,1,0,0000000,99,99,99,99,99,99,0,0,0,1,0
45,450025,1,1,0,1,69,0,12,1,2010,3,22,25,0,14,2,US-15,56,9,34.60710833,-79.714094440,0,34,0,0,3,3,4,0,2,1,0,1,0,0000000,99,99,99,99,99,99,0,0,0,1,1
45,450026,1,1,0,1,7,0,12,1,2010,3,16,50,1,2,2,US-29,,306,34.66325278,-82.516636110,0,19,0,0,1,1,5,0,1,1,0,1,0,0000000,99,99,99,99,88,88,0,0,0,1,1
45,450027,3,3,0,5,45,1040,12,1,2010,3,14,8,1,13,2,US-25,0022,373,34.96411389,-82.431708330,0,12,6,0,2,2,1,0,1,1,0,1,0,0000000,99,99,99,99,99,99,0,0,0,1,0
45,450028,1,1,0,2,3,0,12,1,2010,3,12,7,0,3,3,SR-302,,289,33.58008889,-81.475983330,0,42,0,0,1,1,5,0,1,1,0,1,0,0000000,99,99,99,99,99,99,0,0,0,1,0
45,450029,2,2,0,3,13,0,13,1,2010,4,9,4,0,3,3,SR-170,,42,32.27523333,-80.947994440,0,12,2,0,1,1,1,0,1,1,0,1,0,0000000,99,99,99,99,99,99,0,0,0,1,0
45,450030,2,2,0,3,7,0,15,1,2010,6,7,54,0,4,4,163,,57,34.71388889,-82.701816670,0,12,6,0,1,1,1,0,1,1,0,1,0,0000000,99,99,99,99,99,99,0,0,0,2,0
45,450031,2,2,0,3,75,0,15,1,2010,6,0,25,0,4,4,33,1308,35,33.45464722,-80.958166670,0,12,6,0,2,3,1,0,2,1,0,1,0,0000000,99,99,99,99,99,99,0,0,0,1,1
45,450032,1,1,0,1,27,0,16,1,2010,7,3,30,1,1,1,I-95,,59,33.56911111,-80.386061110,0,42,0,0,1,1,4,0,2,1,0,1,0,0000000,99,99,99,99,99,99,20,0,0,1,1
45,450033,1,1,1,1,83,1060,19,1,2010,3,20,12,0,14,3,SR-357,,99999,34.94375000,-82.219277780,0,8,0,0,1,1,1,0,6,1,0,1,0,0000000,99,99,99,99,88,88,0,0,0,1,0
45,450034,2,2,0,3,45,1040,20,1,2010,4,13,24,0,14,4,HAYWOOD RD,WEST ORCHARD PARK DR,99999,34.85684722,-82.335019440,0,12,1,0,3,2,1,0,1,1,0,1,0,0000000,99,99,99,99,99,99,0,0,0,1,0
45,450035,2,2,0,4,13,0,21,1,2010,5,15,5,1,2,2,US-278,,42,32.30244167,-80.966922220,0,12,6,0,1,1,1,0,1,2,0,2,0,0000000,99,99,99,99,99,99,0,0,0,1,0
45,450036,2,2,0,2,91,2200,21,1,2010,5,14,36,0,13,3,SR-122,MT. GALLANT,99999,34.94104167,-80.987091670,0,12,6,0,2,2,1,0,1,2,0,2,0,0000000,99,99,99,99,99,99,0,0,0,1,0
45,450037,1,1,0,1,67,0,21,1,2010,5,7,35,1,2,2,US-76,,68,34.17485000,-79.389052780,0,1,0,0,1,1,4,0,1,10,0,10,0,0000000,99,99,99,99,88,88,0,0,0,1,0
45,450038,1,1,1,4,79,0,22,1,2010,6,18,25,0,14,4,83,,72,34.11677778,-80.939669440,0,8,0,0,1,1,1,0,2,1,0,1,0,0000000,99,99,99,99,88,88,0,0,0,1,0
45,450039,2,2,0,3,9,0,22,1,2010,6,20,28,1,2,2,US-78,,215,33.23158056,-80.889802780,0,12,2,0,1,1,1,0,2,1,0,1,0,0000000,99,99,99,99,88,88,0,0,0,1,0
45,450040,2,2,0,2,7,0,22,1,2010,6,6,45,0,4,4,76,STRINGER RD,99999,34.58958611,-82.588519440,0,12,2,0,2,4,1,0,4,5,0,5,0,0000000,99,99,99,99,99,99,0,0,0,1,1
45,450041,1,1,0,1,13,0,24,1,2010,1,23,43,0,4,4,237,,32,32.55484444,-80.690933330,0,34,0,0,1,1,4,0,2,10,0,10,0,0000000,99,99,99,99,99,99,0,0,0,1,1
45,450042,1,1,0,1,75,0,27,1,2010,4,18,15,0,15,4,29,,18,33.51513611,-80.823111110,0,34,0,0,1,1,4,0,2,1,0,1,0,0000000,99,99,99,99,88,88,0,0,0,1,1
45,450043,2,2,0,8,29,0,27,1,2010,4,7,5,1,2,2,US-601,SR-641,28,33.02938889,-81.041508330,0,12,6,0,2,2,1,0,1,1,0,1,0,0000000,99,99,99,99,99,99,0,0,0,3,0
45,450044,2,2,0,2,45,1040,27,1,2010,4,23,59,1,13,2,US-25,TIGERVILLE,99999,34.97969444,-82.426813890,0,12,6,0,2,3,1,0,3,1,0,1,0,0000000,99,99,99,99,88,88,0,0,0,1,0
45,450045,2,2,0,2,41,870,27,1,2010,4,20,12,0,14,3,SR-12,343,3,34.20498889,-79.768852780,0,12,1,0,2,2,1,0,3,1,0,1,0,0000000,99,99,99,99,99,99,0,0,0,1,0
45,450046,2,2,0,2,89,0,28,1,2010,5,15,6,1,2,2,US-521,167,195,33.59438889,-79.856141670,0,12,6,0,2,2,1,0,1,1,0,1,0,0000000,99,99,99,99,99,99,0,0,0,1,0
45,450047,2,2,0,3,57,0,29,1,2010,6,15,20,0,4,3,SR-S-51,,99999,34.75642222,-80.699772220,0,12,2,0,1,1,1,0,1,10,0,10,0,0000000,99,99,99,99,99,99,0,0,0,1,0
45,450048,2,2,0,5,67,0,29,1,2010,6,21,10,1,2,2,US-76,SR-576,77,34.17108611,-79.427805560,0,12,6,0,2,4,1,4,2,1,0,1,0,0000000,99,99,99,99,99,99,0,0,0,3,1
45,450049,1,1,0,1,79,0,30,1,2010,7,23,55,0,14,3,SR-12 PERCIVAL ROAD,S-52 CLEMSON RD,99999,34.09030556,-80.854569440,0,59,0,0,2,3,2,0,2,1,0,1,0,0000000,99,99,99,99,88,88,0,0,0,1,1
45,450050,1,1,0,1,35,0,31,1,2010,1,22,0,0,4,3,SR-S-163,,82,32.89187500,-80.343188890,0,42,0,0,1,1,5,0,2,1,0,1,0,0000000,99,99,99,99,88,88,0,0,0,1,1
45,450051,1,1,1,1,45,0,31,1,2010,1,19,24,0,5,4,VERNER CREEK CT.,,99999,34.87329167,-82.418533330,0,8,0,0,1,1,1,0,2,1,0,1,0,0000000,99,99,99,99,99,99,0,0,0,1,0
45,450052,1,1,0,1,11,0,31,1,2010,1,21,54,1,2,2,US-278,,68,33.32916667,-81.445813890,0,23,0,0,1,1,4,0,2,1,0,1,0,0000000,99,99,99,99,99,99,0,0,0,1,1
45,450053,2,2,0,2,53,1080,1,2,2010,2,14,23,0,4,4,141,US-278,21,32.31045833,-80.980566670,0,12,6,0,2,3,1,0,1,1,0,1,0,0000000,99,99,99,99,99,99,0,0,0,1,0
45,450054,2,2,0,3,15,0,1,2,2010,2,15,15,1,2,2,US-52,357,113,33.12587222,-80.029391670,0,12,6,0,2,2,1,0,1,1,0,1,0,0000000,99,99,99,99,99,99,0,0,0,1,0
45,450055,3,2,2,3,19,410,1,2,2010,2,15,36,1,11,1,I-26,,2116,32.89580278,-80.018877780,0,12,6,1,18,1,1,0,1,1,0,1,0,0000000,99,99,99,99,99,99,0,0,0,1,0
45,450056,1,1,0,1,31,0,1,2,2010,2,7,0,1,1,1,I-20,,1265,34.19810278,-80.098527780,0,42,0,0,1,1,4,0,1,1,0,1,0,0000000,99,99,99,99,88,88,0,0,0,1,0
45,450057,2,2,1,2,83,0,3,2,2010,4,18,20,0,4,4,43,,99999,35.15531944,-81.916894440,0,8,0,0,1,1,1,0,2,1,0,1,0,0000000,99,99,99,99,99,99,0,0,0,1,0
45,450058,1,1,1,1,91,0,3,2,2010,4,21,0,0,13,2,US-21,,129,34.98335000,-80.976019440,0,8,0,0,8,1,1,0,6,1,0,1,0,0000000,99,99,99,99,99,99,0,0,0,1,0
45,450059,2,2,0,2,69,0,4,2,2010,5,7,10,0,5,4,49,,18,34.49438889,-79.581400000,0,12,6,0,1,1,1,0,1,10,0,10,0,0000000,99,99,99,99,99,99,0,0,0,1,0
45,450060,1,1,0,2,35,0,3,2,2010,4,2,52,1,1,1,I-26,,25,33.29125556,-80.521072220,0,42,0,0,1,1,3,0,2,1,0,1,0,0000000,99,99,99,99,99,99,0,0,0,1,1
45,450061,1,1,0,1,31,0,5,2,2010,6,0,20,0,9,4,1223,,12,34.35693611,-80.177363890,0,53,0,0,1,1,4,0,2,10,0,10,0,0000000,99,99,99,99,88,88,0,0,0,1,1
45,450062,1,1,1,1,63,0,5,2,2010,6,19,22,0,5,4,ARCHERS LANE,,99999,34.07672778,-81.164547220,0,8,0,0,1,1,1,0,3,2,0,2,0,0000000,99,99,99,99,88,88,0,0,0,1,0
45,450063,2,2,0,3,15,0,7,2,2010,1,13,45,0,4,3,SR-402,,8,33.14312222,-79.893008330,0,12,6,0,1,1,1,0,1,1,0,1,0,634993P,99,99,99,99,88,88,0,0,0,1,0
45,450064,3,3,0,3,45,0,8,2,2010,2,18,37,0,14,4,94,667,58,34.87646111,-82.322916670,0,12,6,0,2,3,1,0,3,1,0,1,0,0000000,99,99,99,99,99,99,0,0,0,1,0
45,450065,1,1,1,1,41,0,8,2,2010,2,20,50,1,13,2,US-52,478,294,34.23064444,-79.800911110,0,8,0,1,3,2,1,0,3,1,0,1,0,0000000,99,99,99,99,88,88,0,0,0,1,0
45,450066,1,1,1,1,51,0,9,2,2010,3,16,36,0,4,4,953,CHANTICLEER DRIVE,99999,33.79451944,-79.008177780,0,8,0,0,3,3,1,0,1,10,0,10,0,0000000,99,99,99,99,99,99,0,0,0,1,0
45,450067,2,2,0,3,51,1730,9,2,2010,3,16,0,1,13,2,US-17,COALITION DR,87,33.68288889,-78.962344440,0,12,6,0,2,2,1,0,1,10,0,10,0,0000000,99,99,99,99,99,99,0,0,0,1,0
45,450068,3,3,0,4,55,330,10,2,2010,4,17,40,1,13,2,US-521,CHESTNUT ST,99999,34.25686111,-80.608319440,0,12,6,0,2,2,1,0,1,1,0,1,0,0000000,99,99,99,99,99,99,0,0,0,1,0
45,450069,2,2,0,3,79,0,12,2,2010,6,17,30,0,15,4,126,,3,34.03338611,-81.059316670,0,12,1,0,1,1,1,0,5,4,0,4,0,0000000,99,99,99,99,99,99,0,0,0,1,1
45,450070,1,1,0,1,3,0,12,2,2010,6,0,1,0,5,4,151,,28,33.78924167,-81.613225000,0,34,0,0,1,1,4,0,2,1,0,1,0,0000000,99,99,99,99,99,99,0,0,0,1,1
45,450071,1,1,0,1,79,0,13,2,2010,7,2,50,0,13,3,SR-215,,35,34.08141944,-81.070261110,0,33,0,0,1,1,4,0,3,4,0,4,0,0000000,99,99,99,99,88,88,0,0,0,1,1
45,450072,1,1,1,1,7,0,13,2,2010,7,19,5,0,5,4,MURPHY RD,,99999,34.55520556,-82.467369440,0,8,0,0,1,1,1,0,2,1,0,1,0,0000000,99,99,99,99,88,88,0,0,0,1,0
45,450073,1,1,0,1,7,0,14,2,2010,1,12,55,0,4,3,SR-413,SR-252,152,34.48087778,-82.524661110,0,42,0,0,2,4,5,0,1,10,0,10,0,0000000,99,99,99,99,99,99,0,0,0,1,0
45,450075,1,1,0,3,3,0,14,2,2010,1,6,0,1,1,1,I-20,,295,33.69735000,-81.608847220,0,1,0,0,1,1,5,0,2,1,0,1,0,0000000,99,99,99,99,99,99,0,0,0,1,0
45,450076,3,3,0,5,51,1825,16,2,2010,3,3,8,1,13,2,US-17,,301,33.85024444,-78.652797220,0,12,2,0,1,1,1,0,3,1,0,1,0,0000000,99,99,99,99,99,99,0,0,0,1,1
45,450077,1,1,1,1,37,0,16,2,2010,3,23,30,0,4,3,SR-S-21,,45,33.88174722,-81.859516670,0,8,0,0,1,1,1,0,2,1,0,1,0,0000000,99,99,99,99,99,99,0,0,0,1,0
45,450078,2,2,0,2,63,0,17,2,2010,4,14,33,0,15,4,72,,30,33.92612778,-81.122275000,0,12,6,0,1,1,1,0,1,1,0,1,0,0000000,99,99,99,99,99,99,0,0,0,1,0
45,450079,1,1,0,1,7,0,18,2,2010,5,21,5,0,15,4,1146,,26,34.74397500,-82.482305560,0,38,0,0,1,1,4,0,2,1,0,1,0,0000000,99,99,99,99,99,99,0,0,0,1,0
45,450080,1,1,0,1,83,0,18,2,2010,5,21,30,0,3,3,SR-56,,167,34.80355000,-81.858916670,0,1,0,0,1,1,4,0,3,1,0,1,0,0000000,99,99,99,99,88,88,0,0,0,1,1
45,450081,1,1,1,1,35,2530,19,2,2010,6,23,55,0,14,3,SR-165 BACONS BRIDGE,JIMBO RD,116,32.98318056,-80.194272220,0,9,0,0,3,3,1,0,2,1,0,1,0,0000000,99,99,99,99,99,99,0,0,0,1,0
45,450083,1,1,0,2,19,1805,20,2,2010,7,22,50,0,4,4,SOUTHRAIL RD,,99999,32.93597222,-80.060850000,0,42,0,0,1,1,4,0,2,1,0,1,0,0000000,99,99,99,99,99,99,0,0,0,1,1
45,450084,3,3,0,4,45,0,20,2,2010,7,17,3,1,13,2,US-29,261,144,34.92985278,-82.293991670,0,12,6,0,2,2,1,0,1,1,0,1,0,0000000,99,99,99,99,99,99,0,0,0,2,1
45,450085,2,2,0,3,7,0,20,2,2010,7,9,54,1,13,3,SR-28,,127,34.48215000,-82.647744440,0,12,6,0,4,1,1,0,1,1,0,1,0,0000000,99,99,99,99,99,99,0,0,0,1,0
45,450086,1,1,1,1,91,2200,21,2,2010,1,1,0,0,13,3,SR-901,,99999,34.94681111,-81.058502780,0,8,0,0,1,1,1,0,2,1,0,1,0,0000000,99,99,99,99,88,88,0,0,0,1,0