STATE,ST_CASE,VE_TOTAL,VE_FORMS,PEDS,PERSONS,COUNTY,CITY,DAY,MONTH,YEAR,DAY_WEEK,HOUR,MINUTE,NHS,ROAD_FNC,ROUTE,TWAY_ID,TWAY_ID2,MILEPT,LATITUDE,LONGITUD,SP_JUR,HARM_EV,MAN_COLL,RELJCT1,RELJCT2,TYP_INT,REL_ROAD,WRK_ZONE,LGT_COND,WEATHER1,WEATHER2,WEATHER,SCH_BUS,RAIL,NOT_HOUR,NOT_MIN,ARR_HOUR,ARR_MIN,HOSP_HR,HOSP_MN,CF1,CF2,CF3,FATALS,DRUNK_DR
45,450087,1,1,0,1,57,0,21,2,2010,1,15,30,0,3,3,SR-97,,31,34.51232222,-80.831008330,0,35,0,0,1,1,4,0,1,1,0,1,0,0000000,99,99,99,99,99,99,0,0,0,1,1
45,450088,2,2,0,3,65,1610,21,2,2010,1,16,43,0,9,4,196,357,12,33.95811944,-82.452363890,0,12,6,0,2,2,1,0,1,1,0,1,0,0000000,99,99,99,99,99,99,0,0,0,1,2
45,450089,1,1,0,1,55,0,25,2,2010,5,23,30,0,5,4,59,615,55,34.36366667,-80.435327780,0,31,0,0,2,3,5,0,2,1,0,1,0,634244L,99,99,99,99,88,88,0,0,0,1,1
45,450090,1,1,1,1,15,0,25,2,2010,5,19,54,1,2,2,US-52,,353,33.43828056,-79.984244440,0,8,0,0,1,1,1,0,2,1,0,1,0,0000000,99,99,99,99,88,88,0,0,0,1,0
45,450091,1,1,1,1,13,0,26,2,2010,6,22,25,1,2,2,US-21,,12,32.39764722,-80.612655560,0,8,0,0,1,1,1,0,2,1,0,1,0,0000000,99,99,99,99,88,88,0,0,0,1,0
45,450092,1,1,1,1,7,0,27,2,2010,7,18,54,1,13,2,US-76,,82,34.56870556,-82.708083330,0,8,0,0,1,1,1,0,3,1,0,1,0,0000000,99,99,99,99,88,88,0,0,0,1,0
45,450093,1,1,0,1,15,0,27,2,2010,7,0,45,0,4,4,598,,99999,32.99934167,-79.757266670,0,34,0,0,1,1,4,0,2,1,0,1,0,0000000,99,99,99,99,88,88,0,0,0,1,1
45,450094,1,1,0,1,45,0,27,2,2010,7,20,10,0,9,4,175,,30,35.03871111,-82.537322220,0,35,0,0,1,1,5,0,2,1,0,1,0,0000000,99,99,99,99,88,88,0,0,0,1,0
45,450095,1,1,0,2,43,0,28,2,2010,1,0,15,0,3,3,SR-51,,103,33.53488333,-79.390983330,0,42,0,0,1,1,5,0,2,1,0,1,0,0000000,99,99,99,99,99,99,0,0,0,1,1
45,450096,1,1,0,3,73,0,28,2,2010,1,22,38,0,9,4,92,,12,34.82687500,-82.952400000,0,42,0,0,1,1,5,0,2,1,0,1,0,0000000,99,99,99,99,99,99,0,0,0,1,1
45,450097,1,1,0,1,75,0,28,2,2010,1,7,50,1,1,1,I-26,,1453,33.56045833,-80.825558330,0,42,0,1,5,1,4,0,1,1,0,1,0,0000000,99,99,99,99,99,99,0,0,0,1,0
45,450098,1,1,0,1,29,0,28,2,2010,1,13,20,1,2,2,US-15,,56,32.96993056,-80.639819440,0,34,0,0,1,1,3,0,1,1,0,1,0,0000000,99,99,99,99,88,88,0,0,0,1,0
45,450099,1,1,0,1,77,0,28,2,2010,1,1,30,0,5,5,N. OLD PENDLETON RD,,99999,34.78786667,-82.632722220,0,59,0,0,1,1,4,0,2,1,0,1,0,0000000,99,99,99,99,99,99,0,0,0,1,1
45,450100,1,1,0,2,19,1225,1,3,2010,2,18,10,0,3,3,SR-0089,,99999,32.78640833,-79.786663890,0,33,0,0,1,1,3,0,3,1,0,1,0,0000000,99,99,99,99,99,99,0,0,0,1,0
45,450101,2,2,0,3,23,0,1,3,2010,2,11,22,0,3,3,SR-9,,389,34.70069444,-81.235400000,0,12,6,0,4,1,1,0,1,1,0,1,0,0000000,99,99,99,99,99,99,0,0,0,1,1
45,450102,2,2,0,4,13,0,1,3,2010,2,17,48,1,13,2,US-21,,227,32.44176944,-80.721702780,0,12,6,0,4,1,1,0,1,1,0,1,0,0000000,99,99,99,99,99,99,0,0,0,1,0
45,450103,2,2,0,4,85,0,1,3,2010,2,18,55,0,14,2,US-76,,224,33.93741389,-80.273580560,0,12,2,0,1,1,1,0,2,1,0,1,0,0000000,99,99,99,99,99,99,0,0,0,1,1
45,450104,3,3,0,3,51,1730,1,3,2010,2,18,9,1,13,2,US-501,SEABOARD STREET,99999,33.70670556,-78.910502780,0,12,6,0,2,2,1,0,5,1,0,1,0,0000000,99,99,99,99,99,99,0,0,0,1,1
45,450105,2,2,0,4,33,0,3,3,2010,4,23,30,0,9,4,45,,50,34.32589444,-79.333305560,0,12,8,0,1,1,1,0,2,1,0,1,0,0000000,99,99,99,99,99,99,0,0,0,2,0
45,450106,1,1,0,2,53,2150,4,3,2010,5,11,15,1,11,1,I-95,,201,32.45926111,-80.983613890,0,1,0,0,1,1,3,0,1,1,0,1,0,0000000,99,99,99,99,99,99,0,0,0,2,0
45,450107,2,2,0,2,31,0,5,3,2010,6,10,45,0,4,4,49,,25,34.23901944,-79.837775000,0,12,6,0,1,1,1,0,1,1,0,1,0,0000000,99,99,99,99,99,99,0,0,0,1,0
45,450108,1,1,0,1,51,0,5,3,2010,6,0,30,0,4,4,31,,145,34.04113889,-78.888272220,0,34,0,0,1,1,4,0,2,1,0,1,0,0000000,99,99,99,99,88,88,0,0,0,1,1
45,450109,2,2,0,3,7,0,5,3,2010,6,0,55,1,2,2,US-178,,55,34.65636944,-82.701816670,0,12,2,0,1,1,1,0,2,1,0,1,0,0000000,99,99,99,99,99,99,0,0,0,1,2
45,450110,1,1,0,1,85,2550,6,3,2010,7,1,0,1,13,2,US-76,,134,33.96518056,-80.406447220,0,33,0,0,1,1,4,0,3,1,0,1,0,0000000,99,99,99,99,88,88,0,0,0,1,1
45,450111,3,3,0,8,75,0,6,3,2010,7,22,20,1,1,1,I-26,,32,33.60554167,-80.861777780,0,12,6,0,1,1,1,0,2,1,0,1,0,0000000,99,99,99,99,99,99,0,0,0,2,0
45,450112,2,2,0,2,63,0,7,3,2010,1,8,37,0,4,4,73,,11,33.81078056,-81.183086110,0,12,2,0,1,1,1,0,1,1,0,1,0,0000000,99,99,99,99,99,99,0,0,0,1,0
45,450113,1,1,0,1,91,0,7,3,2010,1,2,30,0,4,4,270,,99999,35.05979167,-80.948725000,0,30,0,0,1,1,4,0,2,1,0,1,0,0000000,99,99,99,99,99,99,0,0,0,1,1
45,450114,1,1,0,1,85,0,8,3,2010,2,9,25,1,2,2,US-76,,61,33.94531667,-80.524163890,0,34,0,0,1,1,5,0,1,1,0,1,0,0000000,99,99,99,99,88,88,0,0,0,1,0
45,450115,1,1,0,1,41,0,8,3,2010,2,15,55,0,4,4,38,,99999,34.05550278,-79.907083330,0,11,0,0,1,1,1,0,1,1,0,1,0,0000000,99,99,99,99,88,88,0,0,0,1,0
45,450116,1,1,0,3,7,0,9,3,2010,3,0,45,0,3,3,SR-185,,99999,34.39908333,-82.444797220,0,38,0,0,1,1,4,0,2,1,0,1,0,0000000,99,99,99,99,99,99,0,0,0,1,1
45,450117,2,2,0,2,79,0,9,3,2010,3,2,24,1,11,1,I-26,,101,34.08909722,-81.163772220,0,12,2,0,1,1,1,0,2,1,0,1,0,0000000,99,99,99,99,88,88,0,0,0,1,1
45,450118,1,1,0,1,19,1805,9,3,2010,3,21,35,0,14,4,288,,5,32.88755278,-79.983472220,0,34,0,0,1,1,4,0,3,1,0,1,0,0000000,99,99,99,99,99,99,0,0,0,1,1
45,450119,1,1,0,1,3,0,9,3,2010,3,6,0,0,5,5,STILLWATER,,38,33.47340556,-81.522158330,0,35,0,0,1,1,4,0,2,1,0,1,0,0000000,99,99,99,99,88,88,0,0,0,1,1
45,450120,2,2,0,3,51,0,9,3,2010,3,22,20,1,13,2,US-17,801,91,33.58488056,-79.027405560,0,12,1,0,2,2,1,0,3,1,0,1,0,0000000,99,99,99,99,99,99,0,0,0,1,1
45,450121,1,1,0,1,19,85,10,3,2010,4,1,51,1,2,2,US-17,,577,33.03734167,-79.615730560,0,32,0,0,1,1,4,0,2,1,0,1,0,0000000,99,99,99,99,88,88,0,0,0,1,1
45,450122,1,1,0,1,91,0,11,3,2010,5,18,15,0,3,3,SR-322,,94,34.86072222,-81.256469440,0,35,0,0,1,1,4,0,2,10,0,10,0,0000000,99,99,99,99,88,88,0,0,0,1,1
45,450123,3,3,0,4,13,0,11,3,2010,5,8,25,0,14,3,SR-46,,85,32.24126389,-80.888772220,0,12,2,0,1,1,1,0,1,2,0,2,0,0000000,99,99,99,99,99,99,0,0,0,1,0
45,450124,1,1,0,1,37,0,12,3,2010,6,1,30,0,9,4,257,,63,33.78817222,-81.893119440,0,42,0,0,1,1,4,0,2,1,0,1,0,0000000,99,99,99,99,99,99,0,0,0,1,0
45,450125,1,1,0,1,17,0,12,3,2010,6,18,20,0,9,4,41,,66,33.78121667,-80.963058330,0,42,0,0,1,1,4,0,2,2,0,2,0,0000000,99,99,99,99,88,88,0,0,0,1,1
45,450126,2,2,0,2,79,0,12,3,2010,6,10,30,1,13,2,US-1,1196,109,34.09296944,-80.924822220,0,12,6,0,2,2,1,0,1,10,0,10,0,0000000,99,99,99,99,99,99,0,0,0,1,1
45,450127,1,1,0,1,83,0,12,3,2010,6,20,10,0,5,5,OLD GREENVILLE,,99999,34.96615556,-81.986847220,0,32,0,0,1,1,4,0,2,2,0,2,0,0000000,99,99,99,99,88,88,0,0,0,1,0
45,450128,1,1,0,1,45,0,12,3,2010,6,12,50,0,4,4,540,,69,34.89360556,-82.245583330,0,53,0,0,1,1,4,0,1,2,0,2,0,0000000,99,99,99,99,99,99,0,0,0,1,0
45,450129,2,2,0,2,91,0,12,3,2010,6,18,0,0,3,3,SR-322,,211,34.92204167,-81.097555560,0,12,6,0,1,1,1,0,1,2,0,2,0,0000000,99,99,99,99,99,99,0,0,0,1,0
45,450130,1,1,2,2,7,0,13,3,2010,7,16,48,0,4,4,58,,99999,34.63882222,-82.663577780,0,8,0,0,1,1,1,0,5,10,0,10,0,0000000,99,99,99,99,99,99,0,0,0,1,0
45,450131,2,2,0,5,91,0,13,3,2010,7,13,15,0,13,3,SR-72,,54,34.87836111,-81.053352780,0,12,2,0,1,1,1,0,1,1,0,1,0,0000000,99,99,99,99,99,99,0,0,0,1,0
45,450132,1,1,0,5,75,0,13,3,2010,7,22,40,1,2,2,US-301,,94,33.37064167,-80.997605560,0,1,0,0,1,1,1,0,2,1,0,1,0,0000000,99,99,99,99,99,99,0,0,0,1,0
45,450133,1,1,0,2,37,0,14,3,2010,1,14,0,0,4,4,39,,26,33.87337222,-81.876338890,0,42,0,0,1,1,4,0,1,1,0,1,0,0000000,99,99,99,99,99,99,0,0,0,1,0
45,450134,2,2,0,3,15,0,17,3,2010,4,14,10,0,4,4,98,,66,33.01442222,-79.850305560,0,12,2,0,1,1,1,0,1,10,0,10,0,0000000,99,99,99,99,88,88,0,0,0,1,0
45,450135,2,2,0,2,57,0,17,3,2010,4,16,5,1,13,2,US-521,,202,34.70115278,-80.754319440,0,12,2,0,1,1,1,0,1,1,0,1,0,0000000,99,99,99,99,88,88,0,0,0,1,0
45,450136,1,1,1,1,19,1805,19,3,2010,6,19,30,0,14,4,145,,99999,32.84768611,-79.963175000,0,8,0,0,1,1,1,0,1,1,0,1,0,0000000,99,99,99,99,99,99,0,0,0,1,0
45,450137,2,2,0,3,75,0,19,3,2010,6,20,30,0,3,3,SR-6,1329,99999,33.38648333,-80.251350000,0,12,6,0,2,3,1,0,2,1,0,1,0,0000000,99,99,99,99,99,99,0,0,0,1,0
45,450138,2,2,0,2,15,0,19,3,2010,6,16,5,0,14,4,62,595,39,33.01136389,-80.088958330,0,12,6,0,2,3,1,0,1,1,0,1,0,0000000,99,99,99,99,99,99,0,0,0,1,0
45,450139,1,1,0,1,7,0,19,3,2010,6,7,20,0,4,4,76,,37,34.62261389,-82.564058330,0,1,0,0,1,1,4,0,4,1,0,1,0,0000000,99,99,99,99,99,99,0,0,0,1,1
45,450140,2,2,0,2,51,0,21,3,2010,1,10,36,0,4,4,59,1263,99999,34.12385000,-79.041266670,0,12,6,0,2,2,1,0,1,10,0,10,0,0000000,99,99,99,99,99,99,0,0,0,1,0
45,450141,2,2,0,2,15,0,22,3,2010,2,11,40,1,2,2,US-176,135,73,33.20318056,-80.249375000,0,12,6,0,2,3,1,0,1,1,0,1,0,0000000,99,99,99,99,99,99,0,0,0,1,0
45,450142,1,1,0,2,45,0,22,3,2010,2,20,15,0,5,5,RIDGE RD,,99999,35.04802222,-82.284250000,0,42,0,0,1,1,4,0,2,1,0,1,0,0000000,99,99,99,99,99,99,0,0,0,1,0
45,450143,2,1,0,1,83,0,23,3,2010,3,6,40,1,11,1,I-85,,190,35.01238889,-81.974958330,0,18,0,0,1,1,1,0,4,1,0,1,0,0000000,99,99,99,99,99,99,0,0,0,1,0
45,450144,3,3,0,5,83,0,23,3,2010,3,16,25,0,14,3,SR-296,,99999,34.91218889,-82.015086110,0,12,1,0,4,1,1,0,1,1,0,1,0,0000000,99,99,99,99,99,99,0,0,0,1,0
45,450145,1,1,1,1,83,2460,24,3,2010,4,20,11,0,13,3,SR-295,,41,34.92355556,-81.987188890,0,8,0,0,1,1,1,0,3,1,0,1,0,0000000,99,99,99,99,99,99,0,0,0,1,0
45,450146,1,1,0,1,75,0,24,3,2010,4,17,35,1,2,2,US-176,,155,33.33938333,-80.437561110,0,43,0,0,1,1,3,0,1,1,0,1,0,0000000,99,99,99,99,88,88,0,0,0,1,1
45,450147,1,1,0,2,25,0,25,3,2010,5,21,28,1,2,2,US-52,,62,34.52204444,-79.853869440,0,34,0,0,1,1,3,0,2,1,0,1,0,0000000,99,99,99,99,99,99,0,0,0,1,0
45,450148,5,2,0,2,41,0,26,3,2010,6,10,20,0,15,4,1701,ENTERPRISE DRIVE,14,34.24380833,-79.797091670,0,12,6,0,2,3,1,0,1,1,0,1,0,0000000,99,99,99,99,99,99,0,0,0,1,0
45,450149,2,2,0,8,51,1730,27,3,2010,7,11,57,0,15,4,1315,5556,99999,33.69620833,-78.921316670,0,12,6,0,2,2,1,0,1,1,0,1,0,0000000,99,99,99,99,99,99,0,0,0,1,0
45,450150,1,1,0,1,59,0,27,3,2010,7,23,15,0,3,3,SR-252,,107,34.49378889,-82.105980560,0,53,0,0,1,1,4,0,2,1,0,1,0,0000000,99,99,99,99,88,88,0,0,0,1,1
45,450151,2,2,0,3,41,0,27,3,2010,7,2,42,1,13,2,US-52,29,287,34.22613889,-79.795116670,0,12,6,0,2,2,1,0,2,10,0,10,0,0000000,99,99,99,99,99,99,0,0,0,1,1
45,450152,2,2,0,3,3,0,27,3,2010,7,16,0,0,15,4,145,,72,33.46621111,-81.866983330,0,12,2,0,1,1,1,0,1,1,0,1,0,0000000,99,99,99,99,99,99,0,0,0,1,0
45,450153,1,1,0,1,67,0,27,3,2010,7,2,45,0,4,4,21,,99999,34.24026111,-79.253783330,0,59,0,0,1,1,4,0,2,1,0,1,0,0000000,99,99,99,99,88,88,0,0,0,1,1
45,450154,1,1,0,1,57,0,27,3,2010,7,3,30,0,3,3,SR-200,,74,34.66371111,-80.811911110,0,1,0,0,1,1,1,0,2,1,0,1,0,0000000,99,99,99,99,88,88,0,0,0,1,0
45,450155,1,1,0,3,13,0,30,3,2010,3,18,50,0,9,4,543,,16,32.47555556,-80.756894440,0,1,0,0,1,1,1,0,1,1,0,1,0,0000000,99,99,99,99,99,99,0,0,0,1,0
45,450156,1,1,0,1,19,1245,30,3,2010,3,21,34,0,3,3,SR-700,,99999,32.61776111,-80.189594440,0,53,0,0,1,1,4,0,2,1,0,1,0,0000000,99,99,99,99,99,99,0,0,0,1,1
45,450157,1,1,0,2,51,0,30,3,2010,3,17,42,0,9,4,131,,32,34.01133333,-79.123236110,0,34,0,0,1,1,5,0,1,1,0,1,0,0000000,99,99,99,99,99,99,0,0,0,1,1
45,450158,2,2,0,5,15,985,30,3,2010,3,12,57,0,14,2,US-176,893,99999,33.02334444,-80.054627780,0,12,6,0,2,2,1,0,1,1,0,1,0,0000000,99,99,99,99,99,99,0,0,0,1,0
45,450159,2,2,0,3,41,0,31,3,2010,4,11,20,1,1,1,I-95,,67,34.11883889,-79.902277780,0,42,0,0,1,1,3,0,1,1,0,1,0,0000000,99,99,99,99,99,99,0,0,0,1,0
45,450160,2,2,0,3,51,1730,31,3,2010,4,17,10,0,15,3,SR-1315,556,99999,33.69628056,-78.921233330,0,12,6,0,2,2,1,0,1,1,0,1,0,0000000,99,99,99,99,99,99,0,0,0,1,0
45,450161,2,2,0,3,83,0,30,3,2010,3,11,35,0,14,3,SR-357,SR-358,52,34.98419444,-82.178850000,0,12,6,0,2,2,1,0,1,1,0,1,0,0000000,99,99,99,99,99,99,0,0,0,1,0
45,450162,1,1,0,1,83,0,26,3,2010,6,13,40,0,14,3,SR-357,,52,34.98008056,-82.189794440,0,35,0,0,1,1,4,0,1,1,0,1,0,0000000,99,99,99,99,88,88,0,0,0,1,1
45,450163,2,2,0,2,3,0,1,4,2010,5,6,10,0,14,3,SR-421,67,36,33.50597500,-81.865738890,0,12,6,0,2,3,1,0,3,1,0,1,0,0000000,99,99,99,99,88,88,0,0,0,1,1
45,450164,2,2,0,2,75,0,1,4,2010,5,11,40,1,1,1,I-26,,182,33.41732778,-80.672177780,0,12,6,0,1,1,3,0,1,1,0,1,0,0000000,99,99,99,99,99,99,0,0,0,1,0
45,450165,1,1,0,3,31,0,2,4,2010,6,15,53,0,4,4,1126,,62,34.38205000,-79.967336110,0,34,0,0,1,1,4,0,1,1,0,1,0,0000000,99,99,99,99,99,99,0,0,0,1,1
45,450166,1,1,0,2,53,0,2,4,2010,6,13,30,1,1,1,I-95,,298,32.59419167,-80.914908330,0,1,0,0,1,1,3,0,1,1,0,1,0,0000000,99,99,99,99,99,99,0,0,0,1,0
45,450167,2,2,0,2,13,0,2,4,2010,6,7,51,1,2,2,US-278,EAST CAMPUS DRIVE,99999,32.30378333,-80.969925000,0,12,6,0,2,3,1,0,1,1,0,1,0,0000000,99,99,99,99,99,99,0,0,0,1,1
45,450168,2,2,0,4,51,1730,3,4,2010,7,17,2,1,13,2,US-17,GRAND DUNES BLVD,99999,33.76420000,-78.811583330,0,12,6,0,2,2,1,0,1,1,0,1,0,0000000,99,99,99,99,99,99,0,0,0,1,0
45,450169,1,1,0,1,5,0,4,4,2010,1,3,24,0,15,4,22,,116,33.01150556,-81.318311110,0,18,0,0,1,1,4,0,3,1,0,1,0,0000000,99,99,99,99,99,99,0,0,0,1,1
45,450170,2,2,0,2,19,410,4,4,2010,1,14,50,1,2,2,US-17,,672,33.09531667,-79.476255560,0,12,1,0,8,1,1,0,1,1,0,1,0,0000000,99,99,99,99,99,99,0,0,0,1,0
45,450171,1,1,1,1,19,1805,7,4,2010,4,6,13,0,13,3,SR-642,,8,32.90106389,-80.077372220,0,8,0,0,1,1,1,0,2,1,0,1,0,0000000,99,99,99,99,99,99,0,0,0,1,0
45,450172,2,2,0,3,75,0,7,4,2010,4,7,45,1,2,2,US-21,1913,289,33.56868333,-80.864138890,0,12,6,0,2,3,1,0,1,1,0,1,0,0000000,99,99,99,99,99,99,0,0,0,1,0
45,450173,1,1,0,2,33,0,7,4,2010,4,7,15,0,3,3,SR-38,,40,34.32972222,-79.503077780,0,1,0,0,1,1,4,0,4,1,0,1,0,0000000,99,99,99,99,99,99,0,0,0,1,0
45,450174,2,2,0,2,45,0,7,4,2010,4,22,3,1,13,2,US-29,,99999,34.90933889,-82.327080560,0,12,7,0,1,1,1,0,3,1,0,1,0,0000000,99,99,99,99,99,99,0,0,0,1,1
45,450175,1,1,0,1,59,0,10,4,2010,7,5,0,0,4,4,54,,218,34.58517222,-82.221894440,0,42,0,0,1,1,4,0,2,1,0,1,0,0000000,99,99,99,99,88,88,0,0,0,1,1
45,450176,1,1,0,1,73,0,10,4,2010,7,21,0,0,4,4,210,,3,34.67828889,-82.870947220,0,1,0,0,1,1,4,0,2,1,0,1,0,0000000,99,99,99,99,88,88,0,0,0,1,1
45,450177,1,1,0,2,63,0,11,4,2010,1,22,57,0,14,4,104,,99999,33.93559722,-81.204327780,0,30,0,0,1,1,4,0,2,1,0,1,0,0000000,99,99,99,99,99,99,0,0,0,1,1
45,450178,1,1,0,1,7,0,12,4,2010,2,16,28,0,3,3,SR-184,,555,34.29402778,-82.698125000,0,42,0,0,1,1,4,0,1,1,0,1,0,0000000,99,99,99,99,99,99,0,0,0,1,1
45,450179,1,1,0,2,7,0,13,4,2010,3,16,50,0,13,3,SR-28,,116,34.46417778,-82.642894440,0,34,0,0,8,1,4,0,1,1,0,1,0,0000000,99,99,99,99,99,99,0,0,0,1,0
45,450180,1,1,0,1,35,0,16,4,2010,6,19,30,0,15,4,13,,56,33.00812500,-80.247016670,0,53,0,0,1,1,4,0,5,1,0,1,0,0000000,99,99,99,99,99,99,0,0,0,1,0
45,450181,1,1,0,3,21,0,16,4,2010,6,7,45,0,4,4,79,,5,35.13724722,-81.841063890,0,59,0,0,1,1,4,0,1,1,0,1,0,0000000,99,99,99,99,99,99,0,0,0,2,0
45,450182,2,2,0,4,91,0,17,4,2010,7,17,20,0,4,4,195,,72,35.01407500,-81.041377780,0,12,6,0,4,1,1,0,1,1,0,1,0,0000000,99,99,99,99,99,99,0,0,0,1,0
45,450183,1,1,0,3,63,0,18,4,2010,1,3,30,1,11,1,I-77,,99999,33.93000833,-81.053222220,0,35,0,0,1,1,3,0,2,1,0,1,0,0000000,99,99,99,99,99,99,0,0,0,1,1
45,450184,2,2,0,2,21,0,18,4,2010,1,2,22,1,2,2,US-29,,59,35.03772778,-81.701802780,0,12,8,0,1,1,1,0,3,1,0,1,0,0000000,99,99,99,99,88,88,0,0,0,1,1
45,450185,1,1,0,1,41,0,22,4,2010,5,16,59,0,3,3,SR-341,,273,33.83228056,-79.560241670,0,34,0,0,1,1,4,0,1,1,0,1,0,0000000,99,99,99,99,99,99,0,0,0,1,0
45,450186,1,1,0,2,23,0,22,4,2010,5,23,0,0,5,5,BLADE RUN RD,,99999,34.75698611,-80.959111110,0,53,0,0,1,1,4,0,2,1,0,1,0,0000000,99,99,99,99,88,88,0,0,0,2,1
45,450187,2,2,0,2,53,0,22,4,2010,5,6,0,0,3,3,SR-336,243,28,32.46266667,-81.045283330,0,12,6,0,2,3,1,0,1,1,0,1,1,0000000,99,99,99,99,99,99,0,0,0,1,0
45,450188,1,1,0,1,23,0,23,4,2010,6,22,25,0,9,4,137,,12,34.74538611,-80.905594440,0,53,0,0,1,1,4,0,2,1,0,1,0,0000000,99,99,99,99,88,88,0,0,0,1,1
45,450189,1,1,0,1,19,0,24,4,2010,7,23,36,1,11,1,I-26,,95,32.87082778,-80.015358330,0,24,0,1,5,1,4,0,3,10,0,10,0,0000000,99,99,99,99,99,99,0,0,0,1,1
45,450190,2,2,0,3,19,410,24,4,2010,7,22,44,0,3,3,SR-700,,99999,32.70400278,-80.106425000,0,12,2,0,1,1,1,0,2,1,0,1,0,0000000,99,99,99,99,99,99,0,0,0,1,1
45,450191,1,1,1,1,79,0,24,4,2010,7,2,20,1,11,1,I-77,,21,33.94998056,-80.994600000,0,8,0,0,1,1,1,0,2,1,0,1,0,0000000,99,99,99,99,88,88,0,0,0,1,0
45,450192,2,2,0,5,17,0,26,4,2010,2,12,35,1,2,2,US-176,23,152,33.71463056,-80.870961110,0,12,2,0,2,2,1,0,1,1,0,1,0,0000000,99,99,99,99,99,99,0,0,0,1,1
45,450193,1,1,0,1,79,0,26,4,2010,2,1,15,0,14,4,612,959,10,34.15517778,-81.234283330,0,35,0,0,3,3,4,0,2,10,0,10,0,0000000,99,99,99,99,88,88,0,0,0,1,1
45,450194,1,1,1,1,67,0,27,4,2010,3,15,42,1,2,2,US-301,,99999,34.28693611,-79.470763890,0,9,0,0,1,1,1,0,1,1,0,1,0,0000000,99,99,99,99,88,88,0,0,0,1,0
45,450195,1,1,0,1,31,0,27,4,2010,3,8,40,0,4,4,13,,141,34.41515833,-79.994072220,0,42,0,0,1,1,4,0,1,1,0,1,0,0000000,99,99,99,99,99,99,0,0,0,1,0
45,450196,1,1,0,4,63,0,28,4,2010,4,7,4,1,2,2,US-321,,121,33.86211389,-81.080302780,0,1,0,0,1,1,3,0,1,1,0,1,0,0000000,99,99,99,99,99,99,0,0,0,1,0
45,450197,1,1,0,2,75,0,29,4,2010,5,20,10,0,4,4,74,,11,33.46477778,-80.958938890,0,1,0,0,1,1,4,0,2,1,0,1,0,0000000,99,99,99,99,99,99,0,0,0,1,1
45,450198,1,1,0,3,7,0,30,4,2010,6,15,5,0,3,3,SR-252,,99999,34.48066667,-82.547105560,0,42,0,0,1,1,4,0,1,1,0,1,0,0000000,99,99,99,99,99,99,0,0,0,1,0
45,450199,1,1,0,1,63,0,30,4,2010,6,16,25,0,4,4,1812,,99999,34.00311389,-81.107169440,0,35,0,0,1,1,4,0,1,1,0,1,0,0000000,99,99,99,99,88,88,0,0,0,1,1
45,450200,2,2,0,2,45,0,30,4,2010,6,22,48,0,14,3,SR-81,601,34,34.82979722,-82.424797220,0,12,6,0,2,2,1,0,2,1,0,1,0,0000000,99,99,99,99,99,99,0,0,0,1,0
45,450201,1,1,0,3,39,2910,7,2,2010,1,22,30,0,4,4,233,,289,34.30211111,-81.009363890,0,53,0,0,1,1,4,0,2,1,0,1,0,0000000,99,99,99,99,99,99,0,0,0,1,1
45,450202,1,1,0,1,91,0,7,3,2010,1,17,0,0,4,4,156,,5,34.98423056,-81.154202780,0,53,0,0,1,1,4,0,1,1,0,1,0,0000000,99,99,99,99,88,88,0,0,0,1,1
45,450203,2,2,0,2,15,1072,23,3,2010,3,14,40,0,4,4,1092,,99999,32.92379722,-80.024372220,0,12,2,0,1,1,1,0,1,1,0,1,0,0000000,99,99,99,99,99,99,0,0,0,1,0
45,450204,1,1,0,2,27,0,31,3,2010,4,20,45,0,3,3,SR-418,,99999,33.58126944,-80.434083330,0,35,0,0,1,1,4,0,2,1,0,1,0,0000000,99,99,99,99,99,99,0,0,0,1,1
45,450205,2,2,0,3,3,1800,26,2,2010,6,9,16,1,13,2,US-1,,99999,33.48357222,-81.947966670,0,12,6,0,8,1,1,0,1,1,0,1,0,0000000,99,99,99,99,99,99,0,0,0,1,0
45,450206,2,2,0,4,83,0,3,4,2010,7,14,25,0,3,3,SR-292,,99999,35.01196667,-82.110227780,0,12,1,0,1,1,1,0,1,1,0,1,0,0000000,99,99,99,99,99,99,0,0,0,1,0
45,450207,1,1,0,1,45,0,4,4,2010,1,11,30,0,5,5,BUCKINGHAM WAY,,99999,34.90089167,-82.304291670,0,42,0,0,1,1,4,0,1,1,0,1,0,0000000,99,99,99,99,99,99,0,0,0,1,0
45,450208,1,1,0,5,19,2100,18,4,2010,1,4,11,1,2,2,US-17,,142,32.78319722,-80.211311110,0,1,0,0,1,1,3,0,2,1,0,1,0,0000000,99,99,99,99,99,99,0,0,0,1,1
45,450209,1,1,0,2,55,0,24,4,2010,7,12,50,0,9,4,701,,18,34.56276667,-80.464855560,0,42,0,0,1,1,4,0,1,1,0,1,0,0000000,99,99,99,99,99,99,0,0,0,1,0
45,450210,1,1,0,1,83,0,25,4,2010,1,19,9,0,5,5,PINE HILLS RD,,99999,34.83427222,-82.070661110,0,11,0,0,1,1,1,0,1,1,0,1,0,0000000,99,99,99,99,99,99,0,0,0,1,0