STATE,ST_CASE,VE_TOTAL,VE_FORMS,PEDS,PERSONS,COUNTY,CITY,DAY,MONTH,YEAR,DAY_WEEK,HOUR,MINUTE,NHS,ROAD_FNC,ROUTE,TWAY_ID,TWAY_ID2,MILEPT,LATITUDE,LONGITUD,SP_JUR,HARM_EV,MAN_COLL,RELJCT1,RELJCT2,TYP_INT,REL_ROAD,WRK_ZONE,LGT_COND,WEATHER1,WEATHER2,WEATHER,SCH_BUS,RAIL,NOT_HOUR,NOT_MIN,ARR_HOUR,ARR_MIN,HOSP_HR,HOSP_MN,CF1,CF2,CF3,FATALS,DRUNK_DR
45,450211,1,1,0,1,63,0,18,3,2010,5,23,55,0,4,4,1735,,99999,33.78471111,-81.438688890,0,42,0,0,1,1,4,0,2,1,0,1,0,0000000,99,99,99,99,88,88,0,0,0,1,1
45,450212,1,1,0,1,63,0,27,3,2010,7,1,0,1,2,2,US-1260,,99999,33.93816111,-81.260161110,0,42,0,0,1,1,4,0,2,1,0,1,0,0000000,99,99,99,99,88,88,0,0,0,1,1
45,450213,1,1,0,1,27,0,28,3,2010,1,18,5,1,1,1,I-95,,59,33.56578611,-80.391125000,0,42,0,0,1,1,3,0,1,2,0,2,0,0000000,99,99,99,99,88,88,0,0,0,1,0
45,450214,1,1,0,5,51,0,18,4,2010,1,18,31,1,2,2,US-701,,297,34.02388889,-78.940113890,0,34,0,0,1,1,3,0,1,1,0,1,0,0000000,99,99,99,99,99,99,0,0,0,1,0
45,450215,1,1,0,1,83,0,20,4,2010,3,13,58,0,3,3,SR-146,,173,34.68774444,-81.902261110,0,42,0,0,1,1,4,0,1,2,0,2,0,0000000,99,99,99,99,88,88,0,0,0,1,0
45,450216,2,2,0,2,61,0,27,4,2010,3,11,25,0,3,3,SR-341,,21,34.32273889,-80.284611110,0,12,2,0,1,1,1,0,1,1,0,1,0,0000000,99,99,99,99,99,99,0,0,0,1,1
45,450217,2,2,0,2,15,0,30,4,2010,6,11,5,0,14,3,SR-6,315,215,33.20476111,-80.047116670,0,12,6,0,2,2,1,0,1,1,0,1,0,0000000,99,99,99,99,99,99,0,0,0,1,0
45,450218,1,1,0,1,83,2460,1,4,2010,5,19,45,0,14,3,SR-296,,177,34.94505000,-81.933675000,0,33,0,0,1,1,4,0,1,1,0,1,0,0000000,99,99,99,99,88,88,0,0,0,1,1
45,450219,1,1,0,1,45,0,3,4,2010,7,6,21,0,4,4,59,,27,35.00778333,-82.454580560,0,34,0,0,1,1,4,0,2,1,0,1,0,0000000,99,99,99,99,88,88,0,0,0,1,1
45,450220,1,1,0,1,41,870,4,4,2010,1,6,54,0,15,4,24,,99999,34.21996389,-79.727783330,0,42,0,0,1,1,4,0,4,1,0,1,0,0000000,99,99,99,99,99,99,0,0,0,1,1
45,450221,4,4,0,8,45,0,5,4,2010,2,15,55,0,3,3,SR-101,,99999,35.00303889,-82.279786110,0,12,8,0,1,1,1,0,1,1,0,1,0,0000000,99,99,99,99,99,99,0,0,0,1,1
45,450222,2,2,0,3,25,0,14,4,2010,4,12,15,0,3,3,SR-9,,109,34.76848056,-80.330613890,0,12,7,0,1,1,1,0,1,10,0,10,0,0000000,99,99,99,99,99,99,0,0,0,1,0
45,450223,1,1,0,2,91,0,18,4,2010,1,2,0,0,14,4,98,,99999,35.06372500,-80.975719440,0,33,0,0,1,1,3,0,2,1,0,1,0,0000000,99,99,99,99,99,99,0,0,0,1,1
45,450224,1,1,0,1,3,20,18,4,2010,1,3,46,0,14,4,515,3,15,33.55462778,-81.707897220,0,1,0,0,2,3,2,0,2,1,0,1,0,0000000,99,99,99,99,99,99,0,0,0,1,1
45,450225,1,1,0,1,51,0,25,4,2010,1,0,15,0,3,3,SR-410,,148,34.14033056,-78.948441670,0,34,0,0,1,1,5,0,2,1,0,1,0,0000000,99,99,99,99,88,88,0,0,0,1,0
45,450226,2,2,0,4,41,0,1,5,2010,7,13,14,0,4,4,278,803,99999,33.92100000,-79.800652780,0,12,6,0,2,2,1,0,1,10,0,10,0,0000000,99,99,99,99,99,99,0,0,0,1,0
45,450227,1,1,0,1,63,1430,1,5,2010,7,18,42,0,9,4,47,,47,33.90490000,-81.524950000,0,34,0,0,1,1,4,0,1,1,0,1,0,0000000,99,99,99,99,88,88,0,0,0,1,1
45,450228,2,2,0,2,21,0,5,5,2010,4,18,27,0,3,3,SR-5,,68,35.12018889,-81.488255560,0,12,1,0,1,1,1,0,1,1,0,1,0,0000000,99,99,99,99,88,88,0,0,0,1,0
45,450229,2,2,0,2,73,0,5,5,2010,4,5,37,0,3,3,SR-130,SR-183,71,34.78582222,-82.902875000,0,12,6,0,2,2,1,0,2,1,0,1,0,0000000,99,99,99,99,99,99,0,0,0,1,1
45,450230,2,1,0,1,79,0,7,5,2010,6,2,50,1,13,2,US-1,,145,34.12054444,-80.877400000,0,41,0,0,1,1,3,0,3,1,0,1,0,0000000,99,99,99,99,88,88,0,0,0,1,1
45,450231,2,2,0,4,63,0,7,5,2010,6,18,15,0,3,3,SR-302,,179,33.83577500,-81.213555560,0,12,2,0,1,1,1,0,1,1,0,1,0,0000000,99,99,99,99,99,99,0,0,0,1,0
45,450232,1,1,0,1,23,0,8,5,2010,7,2,10,0,3,3,SR-99,,28,34.61618611,-80.925336110,0,32,0,0,1,1,4,0,2,1,0,1,0,0000000,99,99,99,99,88,88,0,0,0,1,1
45,450233,2,2,0,3,63,0,8,5,2010,7,2,2,1,13,2,US-321,,99999,33.90543611,-81.065541670,0,12,2,0,1,1,1,0,2,1,0,1,0,0000000,99,99,99,99,99,99,0,0,0,1,1
45,450234,4,4,0,4,5,0,8,5,2010,7,20,0,0,4,4,19,,13,32.98548333,-81.304880560,0,12,7,0,1,1,1,0,1,1,0,1,0,0000000,99,99,99,99,99,99,0,0,0,1,1
45,450235,2,2,0,2,45,1040,4,5,2010,3,16,43,0,4,4,WOODLAND,,99999,34.83969722,-82.391494440,0,12,8,0,1,1,1,0,1,1,0,1,0,0000000,99,99,99,99,99,99,0,0,0,1,0
45,450236,1,1,0,1,29,0,8,5,2010,7,23,45,0,3,3,SR-64,,284,32.86798056,-80.612311110,0,1,0,0,1,1,1,0,2,1,0,1,0,0000000,99,99,99,99,88,88,0,0,0,1,1
45,450237,1,1,0,4,29,0,8,5,2010,7,17,25,1,1,1,I-95,,169,32.91327778,-80.699258330,0,1,0,0,1,1,3,0,1,1,0,1,0,0000000,99,99,99,99,99,99,0,0,0,1,0
45,450238,1,1,0,3,45,0,9,5,2010,1,21,26,0,15,3,SR-101,,26,34.96024722,-82.266397220,0,34,0,0,1,1,4,0,2,1,0,1,0,0000000,99,99,99,99,99,99,0,0,0,1,0
45,450239,1,1,1,1,75,0,11,5,2010,3,15,39,0,4,4,906,,194,33.54568611,-80.830750000,0,8,0,0,1,1,1,0,1,1,0,1,0,0000000,99,99,99,99,88,88,0,0,0,1,0
45,450240,1,1,0,1,85,0,11,5,2010,3,18,49,1,13,2,US-76,,111,33.96471944,-80.405716670,0,1,0,0,1,1,3,0,1,1,0,1,0,0000000,99,99,99,99,88,88,0,0,0,1,1
45,450241,1,1,0,1,55,0,11,5,2010,3,3,15,1,2,2,US-1,,3,34.14988611,-80.817447220,0,26,0,0,1,1,3,0,2,1,0,1,0,0000000,99,99,99,99,88,88,0,0,0,1,1
45,450242,2,2,0,2,21,0,12,5,2010,4,17,51,0,4,4,42,131,51,35.04577222,-81.774672220,0,12,6,0,2,2,1,0,1,1,0,1,0,0000000,99,99,99,99,99,99,0,0,0,1,0
45,450243,1,1,0,1,39,0,12,5,2010,4,0,0,0,9,4,60,,23,34.26427500,-81.217502780,0,42,0,0,1,1,4,0,2,1,0,1,0,0000000,99,99,99,99,88,88,0,0,0,1,0
45,450244,2,2,0,3,63,0,12,5,2010,4,11,52,1,11,1,I-26,,267,33.90885556,-81.054038890,0,7,0,0,1,1,1,0,1,1,0,1,0,0000000,99,99,99,99,99,99,0,0,0,1,0
45,450245,2,2,0,4,51,0,13,5,2010,5,16,50,1,2,2,US-17,,99999,33.69445833,-78.944963890,0,12,1,0,7,1,1,0,1,1,0,1,0,0000000,99,99,99,99,99,99,0,0,0,1,0
45,450246,1,1,0,2,63,0,14,5,2010,6,20,50,0,4,4,244,,66,33.92787222,-81.218061110,0,34,0,0,1,1,4,0,2,1,0,1,0,0000000,99,99,99,99,99,99,0,0,0,1,1
45,450247,1,1,0,1,45,0,14,5,2010,6,17,0,0,13,3,SR-291,,47,34.89036667,-82.401666670,0,33,0,0,1,1,4,0,1,1,0,1,0,0000000,99,99,99,99,88,88,0,0,0,1,0
45,450248,1,1,1,1,17,0,15,5,2010,7,2,30,1,2,2,US-176,,81,33.83769722,-80.998205560,0,9,0,0,1,1,1,0,2,1,0,1,0,0000000,99,99,99,99,88,88,0,0,0,1,0
45,450249,1,1,0,1,45,0,15,5,2010,7,11,45,0,5,5,KATORA LANE,,99999,34.62770000,-82.383641670,0,34,0,0,1,1,4,0,1,1,0,1,0,0000000,99,99,99,99,99,99,0,0,0,1,0
45,450251,1,1,0,1,59,0,16,5,2010,1,1,5,0,3,3,SR-221,,99999,34.43777778,-82.046155560,0,53,0,0,1,1,4,0,2,1,0,1,0,0000000,99,99,99,99,88,88,0,0,0,1,1
45,450252,1,1,0,1,41,0,16,5,2010,1,14,40,0,14,4,13,,82,34.17736944,-79.734522220,0,34,0,0,1,1,4,0,1,1,0,1,0,0000000,99,99,99,99,88,88,0,0,0,1,1
45,450253,2,2,0,3,79,0,17,5,2010,2,14,26,1,13,2,US-1,,158,34.12811111,-80.857144440,0,12,6,0,1,1,1,0,1,2,0,2,0,0000000,99,99,99,99,99,99,0,0,0,1,0
45,450254,2,2,0,4,91,0,17,5,2010,2,18,15,0,3,3,SR-55,236,97,35.12703333,-81.265097220,0,12,6,0,2,3,1,0,1,1,0,1,0,0000000,99,99,99,99,99,99,0,0,0,1,1
45,450255,2,2,0,2,75,0,18,5,2010,3,16,20,0,14,2,US-21,,206,33.46814444,-80.846672220,0,12,6,0,8,1,1,0,1,1,0,1,0,0000000,99,99,99,99,88,88,0,0,0,1,0
45,450256,1,1,0,1,73,0,19,5,2010,4,10,30,0,3,3,SR-28,,259,34.90500833,-83.180280560,0,1,0,0,1,1,4,0,1,1,0,1,0,0000000,99,99,99,99,88,88,0,0,0,1,0
45,450257,1,1,0,1,81,0,19,5,2010,4,1,40,0,4,4,40,,18,34.06720000,-81.492847220,0,34,0,0,1,1,4,0,2,1,0,1,0,0000000,99,99,99,99,88,88,0,0,0,1,1
45,450258,1,1,0,1,63,130,24,5,2010,2,9,35,0,3,3,SR-23,,34,33.92096389,-81.505808330,0,32,0,0,1,1,4,0,1,1,0,1,0,0000000,99,99,99,99,99,99,0,0,0,1,0
45,450259,1,1,0,4,17,0,21,5,2010,6,14,25,0,3,3,SR-267,,67,33.64141944,-80.600938890,0,34,0,0,1,1,4,0,1,1,0,1,0,0000000,99,99,99,99,88,88,0,0,0,1,0
45,450260,1,1,0,3,35,0,22,5,2010,7,9,40,0,3,3,SR-61,,134,32.94908333,-80.218433330,0,42,0,0,1,1,4,0,1,1,0,1,0,0000000,99,99,99,99,88,88,0,0,0,3,1
45,450261,1,1,0,1,13,0,23,5,2010,1,4,0,0,5,5,578,,99999,32.47338333,-80.642952780,0,31,0,0,1,1,4,0,2,1,0,1,0,0000000,99,99,99,99,88,88,0,0,0,1,1
45,450262,1,1,0,3,75,0,24,5,2010,2,22,55,0,3,3,SR-210,,187,33.36462222,-80.560941670,0,1,0,0,1,1,4,0,2,1,0,1,0,0000000,99,99,99,99,99,99,0,0,0,2,1
45,450263,1,1,0,1,15,0,24,5,2010,2,19,20,0,4,4,16,,29,33.10656944,-80.188350000,0,38,0,0,1,1,4,0,5,2,0,2,0,0000000,99,99,99,99,99,99,0,0,0,1,1
45,450264,2,2,1,2,91,0,25,5,2010,3,7,32,0,14,4,195,,99999,34.96355278,-81.002025000,0,8,0,0,1,1,1,0,1,1,0,1,0,0000000,99,99,99,99,99,99,0,0,0,1,0
45,450265,2,2,0,7,3,0,27,5,2010,5,18,6,1,1,1,I-20,,325,33.77525833,-81.495380560,0,52,0,0,1,1,3,0,1,1,0,1,0,0000000,99,99,99,99,99,99,0,0,0,1,1
45,450266,1,1,0,1,55,0,28,5,2010,6,12,55,0,4,4,37,,53,34.31596944,-80.721961110,0,53,0,0,1,1,4,0,1,1,0,1,0,0000000,99,99,99,99,88,88,0,0,0,1,1
45,450268,1,1,1,1,13,0,29,5,2010,7,3,4,1,2,2,US-278,44,99999,32.21534167,-80.702647220,0,9,0,0,2,2,1,0,2,1,0,1,0,0000000,99,99,99,99,99,99,0,0,0,1,0
45,450269,1,1,0,1,41,0,30,5,2010,1,18,45,0,4,4,543,,7,33.82440278,-79.509216670,0,34,0,0,1,1,4,0,1,1,0,1,0,0000000,99,99,99,99,88,88,0,0,0,1,1
45,450270,2,2,0,3,13,0,30,5,2010,1,0,40,1,2,2,US-278,,169,32.21668611,-80.754147220,0,12,2,0,1,1,1,0,2,1,0,1,0,0000000,99,99,99,99,99,99,0,0,0,1,2
45,450271,2,2,0,2,25,0,2,4,2010,6,20,50,0,3,3,SR-145,,262,34.74580833,-80.089602780,0,12,7,0,1,1,1,0,3,1,0,1,0,0000000,99,99,99,99,99,99,0,0,0,1,1
45,450272,2,2,0,4,45,1040,11,4,2010,1,23,15,0,13,3,SR-276,,99999,34.82183611,-82.342272220,0,12,1,0,1,1,1,0,3,1,0,1,0,0000000,99,99,99,99,88,88,20,0,0,1,1
45,450273,2,2,0,2,41,1320,1,5,2010,7,21,10,1,13,2,US-52,DEEP RIVER,99999,33.86439444,-79.762630560,0,12,6,0,2,2,1,0,3,1,0,1,0,0000000,99,99,99,99,99,99,0,0,0,1,1
45,450274,5,5,0,5,19,1710,11,5,2010,3,11,21,1,13,2,US-17,ANNA KNAPP BLVD,365,32.81202222,-79.862838890,0,12,1,0,3,1,1,0,1,1,0,1,0,0000000,99,99,99,99,99,99,0,0,0,2,0
45,450275,1,1,0,1,19,410,17,5,2010,2,2,26,1,2,2,US-17,,99999,32.79492222,-79.945877780,0,1,0,0,1,1,1,0,2,1,0,1,0,0000000,99,99,99,99,88,88,0,0,0,1,1
45,450276,1,1,0,2,19,410,27,5,2010,5,0,3,0,3,3,SR-700,,99999,32.75180278,-80.018663890,0,24,0,0,1,1,4,0,3,1,0,1,0,0000000,99,99,99,99,99,99,0,0,0,1,1
45,450277,2,2,0,3,19,1237,29,5,2010,7,12,33,0,5,5,GREENHILL RD,,99999,32.73140833,-79.939355560,0,12,6,0,8,1,1,0,1,1,0,1,0,0000000,99,99,99,99,99,99,0,0,0,1,0
45,450278,1,1,0,2,45,0,1,6,2010,3,11,55,0,15,4,316,,12,34.73533611,-82.317338890,0,42,0,0,1,1,4,0,1,1,0,1,0,0000000,99,99,99,99,88,88,0,0,0,1,0
45,450279,3,3,0,3,89,0,2,6,2010,4,6,50,0,4,4,186,,99999,33.71323889,-79.807863890,0,12,2,0,1,1,1,0,1,1,0,1,0,0000000,99,99,99,99,99,99,0,0,0,1,0
45,450280,2,2,0,3,51,0,3,6,2010,5,21,53,1,2,2,US-701,,394,34.13060000,-78.876172220,0,12,6,0,1,1,1,0,2,1,0,1,0,0000000,99,99,99,99,99,99,0,0,0,1,2
45,450281,2,2,0,4,75,0,4,6,2010,6,6,45,1,1,1,I-26,,278,33.31869444,-80.547808330,0,12,6,0,1,1,1,0,1,1,0,1,0,0000000,99,99,99,99,99,99,0,0,0,1,0
45,450282,1,1,0,2,51,540,31,5,2010,2,12,50,0,14,2,US-501,SIXTEENETH AVE,99999,33.84539722,-79.062725000,0,59,0,0,2,2,5,0,1,1,0,1,0,0000000,99,99,99,99,99,99,0,0,0,1,0
45,450283,1,1,0,1,19,2100,4,6,2010,6,2,4,0,3,3,SR-165,,99999,32.73758056,-80.239247220,0,34,0,0,1,1,4,0,3,1,0,1,0,0000000,99,99,99,99,88,88,0,0,0,1,1
45,450284,1,1,0,1,59,0,4,6,2010,6,4,2,0,3,3,SR-101,,109,34.61600833,-82.101602780,0,42,0,0,1,1,4,0,2,1,0,1,0,0000000,99,99,99,99,88,88,0,0,0,1,1
45,450285,2,2,0,2,13,1145,10,6,2010,5,0,5,1,13,2,US-278,,262,32.15643056,-80.759983330,0,12,2,0,1,1,1,0,2,1,0,1,0,0000000,99,99,99,99,99,99,0,0,0,1,0
45,450286,1,1,0,1,53,0,12,6,2010,7,20,15,0,4,4,17,,34,32.67723889,-81.104508330,0,42,0,0,1,1,4,0,2,1,0,1,0,0000000,99,99,99,99,88,88,0,0,0,1,0
45,450287,1,1,0,2,75,0,11,3,2010,5,10,6,1,2,2,US-15,,98,33.42391944,-80.507038890,0,42,0,0,1,1,3,0,1,10,0,10,0,0000000,99,99,99,99,88,88,0,0,0,2,1
45,450288,1,1,0,3,23,0,13,3,2010,7,1,45,0,3,3,SR-9,,141,34.70662222,-81.251150000,0,59,0,0,1,1,4,0,2,10,0,10,0,0000000,99,99,99,99,99,99,0,0,0,1,1
45,450289,2,2,0,2,59,0,5,4,2010,2,16,52,0,3,3,SR-418,,47,34.74647778,-82.143658330,0,12,2,0,1,1,1,0,1,1,0,1,0,0000000,99,99,99,99,99,99,0,0,0,1,0
45,450290,2,2,0,3,51,0,13,4,2010,3,11,0,0,14,4,1338,,99999,33.70927500,-78.981100000,0,12,2,0,1,1,1,0,1,1,0,1,0,0000000,99,99,99,99,99,99,20,0,0,1,0
45,450291,3,3,0,3,83,0,19,4,2010,2,10,5,1,11,1,I-85,,19,34.88392500,-82.197002780,0,12,6,0,1,1,1,0,1,1,0,1,0,0000000,99,99,99,99,99,99,0,0,0,1,0
45,450292,1,1,0,2,19,85,26,4,2010,2,8,40,0,3,3,SR-17,,99999,32.92624722,-79.714436110,0,42,0,0,1,1,5,0,1,1,0,1,0,0000000,99,99,99,99,99,99,0,0,0,1,0
45,450293,1,1,0,3,3,0,27,4,2010,3,23,0,0,4,4,146,,47,33.41951389,-81.730041670,0,38,0,0,1,1,4,0,2,1,0,1,0,0000000,99,99,99,99,88,88,0,0,0,3,1
45,450296,1,1,0,2,63,0,14,5,2010,6,17,2,0,4,4,77,,24,33.85455833,-81.538038890,0,42,0,0,1,1,4,0,1,1,0,1,0,0000000,99,99,99,99,88,88,0,0,0,2,1
45,450297,1,1,0,1,55,0,14,5,2010,6,22,27,0,4,4,5,,49,34.29881389,-80.722216670,0,42,0,0,1,1,4,0,2,1,0,1,0,0000000,99,99,99,99,99,99,0,0,0,1,1
45,450298,2,2,0,4,73,0,15,5,2010,7,12,20,1,13,2,US-76,,325,34.69325000,-82.872877780,0,12,1,0,1,1,1,0,1,1,0,1,0,0000000,99,99,99,99,99,99,0,0,0,1,0
45,450299,1,1,0,1,55,0,15,5,2010,7,1,25,0,4,4,640,,15,34.38389167,-80.746636110,0,53,0,0,8,1,4,0,2,1,0,1,0,0000000,99,99,99,99,99,99,0,0,0,1,1
45,450300,1,1,1,1,63,0,21,5,2010,6,5,0,0,3,2,US-178,,104,33.80240278,-81.435513890,0,8,0,0,1,1,1,0,2,1,0,1,0,0000000,99,99,99,99,88,88,0,0,0,1,0
45,450301,1,1,0,1,61,0,27,5,2010,5,15,55,1,1,1,I-20,,1942,34.20555556,-80.388422220,0,57,0,0,1,1,3,0,1,1,0,1,0,0000000,99,99,99,99,99,99,0,0,0,1,0
45,450302,1,1,1,1,79,0,6,6,2010,1,3,9,1,2,2,US-378,,99999,33.94695556,-80.867830560,0,8,0,0,1,1,1,0,2,1,0,1,0,0000000,99,99,99,99,88,88,0,0,0,1,1
45,450303,1,1,0,2,77,0,9,6,2010,4,5,50,0,13,4,CARDINAL DRIVE,,202,34.81493056,-82.531527780,0,32,0,0,1,1,4,0,4,1,0,1,0,0000000,99,99,99,99,99,99,0,0,0,2,1
45,450304,2,2,0,3,63,0,13,6,2010,1,10,30,0,14,3,SR-6,,19,34.07640833,-81.230036110,0,12,2,0,1,1,1,0,1,1,0,1,0,0000000,99,99,99,99,88,88,0,0,0,1,1
45,450305,2,2,0,3,3,20,16,6,2010,4,17,26,0,14,3,SR-302,968,109,33.50937500,-81.739911110,0,12,6,0,2,3,1,0,1,1,0,1,0,0000000,99,99,99,99,99,99,0,0,0,1,1
45,450306,1,1,1,1,79,0,17,6,2010,5,21,40,1,2,2,US-21,,209,34.18617500,-80.968080560,0,8,0,0,1,1,1,0,3,1,0,1,0,0000000,99,99,99,99,88,88,0,0,0,1,0
45,450307,1,1,0,1,29,0,18,6,2010,6,22,50,0,3,3,SR-61,,151,33.04698333,-80.593472220,0,1,0,0,1,1,4,0,2,1,0,1,0,0000000,99,99,99,99,88,88,0,0,0,1,1
45,450309,1,1,0,4,47,0,25,4,2010,1,3,0,1,2,2,US-178,,259,34.10540833,-82.079500000,0,42,0,0,1,1,3,0,2,2,0,2,0,0000000,99,99,99,99,99,99,0,0,0,1,1
45,450310,1,1,0,1,59,0,17,5,2010,2,17,10,1,1,1,I-26,,140,34.43986667,-81.761413890,0,1,0,0,1,1,4,0,1,1,0,1,0,0000000,99,99,99,99,88,88,0,0,0,1,0
45,450311,3,3,0,5,91,0,20,5,2010,5,17,3,0,4,4,435,152,59,35.14700278,-81.118241670,0,12,6,0,2,2,1,0,1,1,0,1,0,0000000,99,99,99,99,99,99,0,0,0,1,0
45,450312,2,2,2,2,41,0,24,5,2010,2,0,10,0,4,4,57,,56,34.13514444,-79.667272220,0,12,1,0,1,1,1,0,2,5,0,5,0,0000000,99,99,99,99,99,99,0,0,0,1,1
45,450313,1,1,1,1,45,0,26,5,2010,4,19,15,0,5,5,GOLDFIELD STREET,,99999,34.85797500,-82.438916670,0,8,0,0,1,1,1,0,1,1,0,1,0,0000000,99,99,99,99,99,99,0,0,0,1,0
45,450314,2,2,0,2,3,0,28,5,2010,6,22,30,0,4,4,79,,43,33.49198333,-81.672536110,0,12,1,0,1,1,1,0,2,1,0,1,0,0000000,99,99,99,99,88,88,0,0,0,1,0
45,450315,1,1,0,2,85,0,30,5,2010,1,20,35,0,4,4,536,,224,34.03583889,-80.485497220,0,5,0,0,1,1,1,0,5,1,0,1,0,0000000,99,99,99,99,99,99,0,0,0,1,0
45,450316,1,1,1,1,75,0,30,5,2010,1,2,10,1,13,2,US-301,,180,33.47677222,-80.815730560,0,8,0,0,1,1,1,0,3,1,0,1,0,0000000,99,99,99,99,88,88,0,0,0,1,0
45,450317,1,1,1,1,61,0,31,5,2010,2,9,15,0,3,3,SR-341,,72,34.25703889,-80.249033330,0,9,0,0,1,1,1,0,1,1,0,1,0,0000000,99,99,99,99,88,88,0,0,0,1,0
45,450318,2,2,0,4,77,0,3,6,2010,5,13,0,0,3,3,SR-288,112,78,35.00469167,-82.627144440,0,12,2,0,2,3,1,0,1,1,0,1,0,0000000,99,99,99,99,99,99,0,0,0,1,0
45,450319,1,1,1,1,45,0,6,6,2010,1,21,51,1,13,2,US-29,,136,34.92351944,-82.306566670,0,8,0,0,1,1,1,0,2,1,0,1,0,0000000,99,99,99,99,88,88,0,0,0,1,1
45,450320,2,2,0,6,45,0,10,6,2010,5,18,45,0,3,3,SR-14,,274,35.01200278,-82.259272220,0,12,2,0,1,1,1,0,1,1,0,1,0,0000000,99,99,99,99,99,99,0,0,0,1,1
45,450321,1,1,1,1,85,2550,11,6,2010,6,13,30,0,14,4,5,357,17,33.94154444,-80.343102780,0,9,0,0,2,3,1,0,1,1,0,1,0,0000000,99,99,99,99,88,88,0,0,0,1,0
45,450322,1,1,0,1,73,0,10,6,2010,5,0,22,1,13,2,US-76,,325,34.70196667,-82.894677780,0,35,0,0,1,1,4,0,2,1,0,1,0,0000000,99,99,99,99,88,88,0,0,0,1,1
45,450323,2,2,0,3,9,0,11,6,2010,6,8,50,1,2,2,US-321,271,168,33.34003056,-81.140083330,0,12,6,0,2,3,1,0,1,1,0,1,0,0000000,99,99,99,99,99,99,0,0,0,1,0
45,450324,2,2,0,4,45,0,13,6,2010,1,15,47,0,15,4,467,,23,34.89497778,-82.445997220,0,12,8,0,1,1,1,0,1,1,0,1,0,0000000,99,99,99,99,99,99,0,0,0,1,0
45,450325,1,1,0,1,21,0,14,6,2010,2,11,50,0,4,4,42,,18,35.05504722,-81.735019440,0,31,0,0,1,1,4,0,1,1,0,1,0,0000000,99,99,99,99,99,99,0,0,0,1,0
45,450326,2,2,0,2,29,0,15,6,2010,3,15,15,0,3,3,SR-64,,143,32.96564722,-80.808091670,0,12,8,0,1,1,1,0,1,1,0,1,0,0000000,99,99,99,99,99,99,0,0,0,1,1
45,450327,1,1,0,1,51,0,19,6,2010,7,23,38,0,5,5,PRINCE CREEK PKWY,,99999,33.57440278,-79.049163890,0,34,0,0,1,1,4,0,2,1,0,1,0,0000000,99,99,99,99,99,99,0,0,0,1,0
45,450328,2,2,0,5,83,2780,21,6,2010,2,9,25,0,14,3,SR-129,736,13,34.96597778,-82.109669440,0,12,6,0,2,2,1,0,1,1,0,1,0,0000000,99,99,99,99,99,99,0,0,0,2,0
45,450329,1,1,0,1,87,0,22,6,2010,3,6,55,0,3,3,SR-49,,193,34.72517778,-81.579838890,0,35,0,0,1,1,4,0,1,1,0,1,0,0000000,99,99,99,99,88,88,0,0,0,1,0
45,450330,1,1,0,1,83,0,23,6,2010,4,23,55,0,14,4,40,,39,34.99632500,-82.059375000,0,42,0,0,1,1,4,0,2,1,0,1,0,0000000,99,99,99,99,99,99,0,0,0,1,1
45,450331,1,1,0,1,39,0,25,6,2010,6,1,0,0,3,3,SR-901,,34,34.53357222,-81.020780560,0,42,0,0,1,1,4,0,2,1,0,1,0,0000000,99,99,99,99,88,88,0,0,0,1,1
45,450332,1,1,0,1,1,0,25,6,2010,6,22,57,0,4,4,80,,52,34.24824167,-82.577105560,0,42,0,0,1,1,4,0,2,1,0,1,0,0000000,99,99,99,99,88,88,0,0,0,1,0
45,450333,1,1,0,5,17,0,22,6,2010,3,20,30,0,4,4,203,,23,33.59041944,-80.565319440,0,1,0,0,1,1,4,0,2,1,0,1,0,0000000,99,99,99,99,99,99,0,0,0,3,0
45,450334,2,2,0,2,65,0,27,6,2010,1,17,10,0,3,3,SR-283,,100,33.85245556,-82.241677780,0,12,6,0,4,1,1,0,1,1,0,1,0,0000000,99,99,99,99,88,88,0,0,0,1,1
45,450335,1,1,0,1,53,0,27,6,2010,1,4,14,1,2,2,US-278,,99999,32.69486667,-81.028033330,0,42,0,0,1,1,4,0,2,1,0,1,0,0000000,99,99,99,99,88,88,0,0,0,1,1
45,450336,1,1,1,1,79,0,2,7,2010,6,21,4,0,13,3,SR-215,,99999,34.06638333,-81.052752780,0,8,0,0,1,1,1,0,3,1,0,1,0,0000000,99,99,99,99,99,99,0,0,0,1,0
45,450337,1,1,0,2,85,0,2,7,2010,6,4,5,1,13,2,US-76,,98,33.96329444,-80.463608330,0,42,0,0,1,1,4,0,2,10,0,10,0,0000000,99,99,99,99,99,99,0,0,0,1,1
45,450338,1,1,0,1,63,0,3,7,2010,7,18,30,0,4,4,164,,99999,33.76441389,-80.981769440,0,1,0,0,1,1,4,0,1,1,0,1,0,0000000,99,99,99,99,88,88,0,0,0,1,1
45,450339,1,1,0,1,19,85,4,7,2010,1,19,54,0,5,5,STEED CREEK RD,,99999,33.04226944,-79.646930560,0,42,0,0,1,1,4,0,1,1,0,1,0,0000000,99,99,99,99,88,88,0,0,0,1,1
45,450340,1,1,0,1,57,0,7,7,2010,4,17,50,0,15,4,541,,4,34.64941389,-80.758222220,0,1,0,0,1,1,4,0,1,1,0,1,0,0000000,99,99,99,99,99,99,0,0,0,1,0