STATE,ST_CASE,VE_TOTAL,VE_FORMS,PEDS,PERSONS,COUNTY,CITY,DAY,MONTH,YEAR,DAY_WEEK,HOUR,MINUTE,NHS,ROAD_FNC,ROUTE,TWAY_ID,TWAY_ID2,MILEPT,LATITUDE,LONGITUD,SP_JUR,HARM_EV,MAN_COLL,RELJCT1,RELJCT2,TYP_INT,REL_ROAD,WRK_ZONE,LGT_COND,WEATHER1,WEATHER2,WEATHER,SCH_BUS,RAIL,NOT_HOUR,NOT_MIN,ARR_HOUR,ARR_MIN,HOSP_HR,HOSP_MN,CF1,CF2,CF3,FATALS,DRUNK_DR
45,450341,1,1,1,1,41,0,15,5,2010,7,3,0,0,4,4,721,,25,34.00343611,-79.733663890,0,8,0,0,1,1,1,0,2,1,0,1,0,0000000,99,99,99,99,99,99,0,0,0,1,0
45,450342,2,2,0,2,45,0,17,6,2010,5,21,18,0,15,4,312,313,11,34.87920556,-82.262019440,0,12,6,0,2,3,1,0,2,10,0,10,0,0000000,99,99,99,99,99,99,0,0,0,1,0
45,450343,1,1,0,1,67,0,27,6,2010,1,8,48,0,15,4,19,,109,34.17005556,-79.370041670,0,34,0,0,1,1,4,0,1,1,0,1,0,0000000,99,99,99,99,88,88,0,0,0,1,0
45,450344,1,1,1,1,75,0,2,7,2010,6,3,0,0,4,4,200,,10,33.43638333,-80.563086110,0,8,0,0,1,1,1,0,2,1,0,1,0,0000000,99,99,99,99,88,88,0,0,0,1,0
45,450345,1,1,1,2,3,0,4,7,2010,1,0,5,0,3,3,SR-19,,194,33.64660000,-81.750341670,0,8,0,0,1,1,1,0,2,1,0,1,0,0000000,99,99,99,99,88,88,0,0,0,1,0
45,450346,1,1,1,2,7,0,7,7,2010,4,1,0,0,13,3,SR-28,,159,34.50998611,-82.687311110,0,8,0,0,1,1,1,0,2,1,0,1,0,0000000,99,99,99,99,88,88,0,0,0,1,1
45,450347,1,1,0,1,51,0,7,7,2010,4,22,10,0,3,3,SR-90,,88,33.84575556,-78.850722220,0,42,0,0,1,1,4,0,3,1,0,1,0,0000000,99,99,99,99,88,88,0,0,0,1,1
45,450348,1,1,0,3,1,0,8,7,2010,5,17,39,0,4,4,508,,66,34.27094167,-82.577877780,0,1,0,0,1,1,4,0,1,1,0,1,0,0000000,99,99,99,99,99,99,0,0,0,1,1
45,450349,1,1,0,1,55,0,8,7,2010,5,6,40,0,4,4,993,,28,34.15219444,-80.763202780,0,52,0,0,1,1,4,0,1,1,0,1,0,0000000,99,99,99,99,88,88,0,0,0,1,0
45,450350,2,2,0,5,23,0,8,7,2010,5,12,0,0,13,3,SR-9,335,187,34.70891667,-81.182183330,0,12,6,0,2,2,1,0,1,1,0,1,0,0000000,99,99,99,99,99,99,0,0,0,1,0
45,450351,2,2,0,2,19,410,9,7,2010,6,13,45,1,13,2,US-17,,99999,32.79250556,-80.046600000,0,12,6,0,8,1,1,0,1,1,0,1,0,0000000,99,99,99,99,99,99,0,0,0,1,0
45,450352,3,3,0,3,51,0,9,7,2010,6,2,5,1,2,2,US-17,801,9,33.58498611,-79.027533330,0,12,6,0,2,2,1,0,3,1,0,1,0,0000000,99,99,99,99,88,88,0,0,0,1,1
45,450353,1,1,0,5,29,0,9,7,2010,6,17,40,1,1,1,I-95,,130,32.85925833,-80.728097220,0,1,0,0,1,1,3,0,1,1,0,1,0,0000000,99,99,99,99,99,99,0,0,0,2,0
45,450354,1,1,0,2,53,2150,10,7,2010,7,8,49,1,1,1,I-95,,51,32.50643333,-80.969494440,0,42,0,0,1,1,3,0,1,1,0,1,0,0000000,99,99,99,99,99,99,0,0,0,1,0
45,450355,1,1,0,1,75,0,10,7,2010,7,20,55,0,4,4,920,,268,33.53978611,-80.859802780,0,42,0,0,1,1,4,0,2,2,0,2,0,0000000,99,99,99,99,88,88,0,0,0,1,1
45,450356,2,2,0,3,67,0,10,7,2010,7,22,55,0,3,3,SR-41,,294,34.25636389,-79.267000000,0,12,2,0,1,1,1,0,2,1,0,1,0,0000000,99,99,99,99,99,99,0,0,0,1,1
45,450357,2,2,0,3,77,0,11,7,2010,1,9,20,0,3,3,SR-183,,99999,34.88850000,-82.497325000,0,12,2,0,1,1,1,0,1,1,0,1,0,0000000,99,99,99,99,99,99,0,0,0,2,0
45,450358,1,1,0,1,59,0,13,7,2010,3,13,0,1,1,1,I-26,,79,34.48282222,-81.825872220,0,42,0,0,1,1,4,0,1,1,0,1,0,0000000,99,99,99,99,88,88,0,0,0,1,1
45,450359,3,3,0,6,67,0,16,7,2010,6,15,50,1,2,2,US-378,,75,33.87704167,-79.360386110,0,12,2,0,1,1,1,0,1,1,0,1,0,0000000,99,99,99,99,99,99,0,0,0,2,0
45,450360,2,2,0,5,7,0,16,7,2010,6,16,45,1,2,2,US-29,BALLARD RD,306,34.65350833,-82.520755560,0,12,6,0,2,2,1,0,1,1,0,1,0,0000000,99,99,99,99,99,99,0,0,0,1,0
45,450361,1,1,0,1,63,0,17,7,2010,7,22,55,1,2,2,US-178,,29,33.68721111,-81.193127780,0,30,0,0,1,1,4,0,2,1,0,1,0,0000000,99,99,99,99,88,88,0,0,0,1,1
45,450362,1,1,0,1,27,0,17,7,2010,7,6,50,0,9,4,125,,10,33.65453056,-80.267572220,0,1,0,0,1,1,4,0,1,1,0,1,0,0000000,99,99,99,99,88,88,0,0,0,1,0
45,450363,1,1,0,1,3,0,8,4,2010,5,18,20,1,1,1,I-20,,178,33.63112778,-81.795702780,0,1,0,0,1,1,3,0,1,1,0,1,0,0000000,99,99,99,99,99,99,0,0,0,1,0
45,450364,1,1,0,1,59,0,22,5,2010,7,23,45,0,4,4,255,,63,34.56464167,-82.088083330,0,40,0,0,1,1,4,0,2,10,0,10,0,0000000,99,99,99,99,99,99,0,0,0,1,1
45,450365,3,3,0,9,75,0,12,6,2010,7,5,10,1,1,1,I-95,,134,33.50103611,-80.458116670,0,12,1,0,1,1,1,0,3,1,0,1,0,0000000,99,99,99,99,99,99,0,0,0,1,1
45,450366,2,2,0,2,19,1805,20,6,2010,1,21,33,0,13,2,US-52,,111,32.92844444,-80.034283330,0,12,1,0,1,1,1,0,3,1,0,1,0,0000000,88,88,88,88,88,88,20,0,0,1,1
45,450367,1,1,0,1,29,0,22,6,2010,3,16,10,0,4,4,50,,12,33.07928056,-80.690461110,0,34,0,0,1,1,4,0,1,1,0,1,0,0000000,99,99,99,99,99,99,0,0,0,1,1
45,450368,1,1,0,1,1,0,9,7,2010,6,19,1,0,3,3,SR-184,,221,34.41696389,-82.287469440,0,42,0,0,1,1,4,0,1,10,0,10,0,0000000,99,99,99,99,99,99,0,0,0,1,0
45,450369,1,1,1,3,33,0,1,7,2010,5,21,30,0,14,2,US-301,,133,34.45030833,-79.340127780,0,9,0,0,1,1,1,0,2,1,0,1,0,0000000,99,99,99,99,99,99,0,0,0,1,0
45,450370,1,1,0,1,15,0,19,7,2010,2,0,14,1,13,2,US-17,62,99999,33.04687500,-80.108269440,0,35,0,0,2,2,4,0,2,1,0,1,0,0000000,99,99,99,99,88,88,0,0,0,1,1
45,450371,1,1,0,2,29,0,19,7,2010,2,10,50,0,4,4,21,,195,33.05853056,-80.523950000,0,1,0,0,1,1,4,0,1,1,0,1,0,0000000,99,99,99,99,99,99,0,0,0,1,1
45,450372,2,2,0,2,55,0,21,7,2010,4,21,30,1,2,2,US-1,,221,34.32844722,-80.531116670,0,12,2,0,1,1,1,0,2,1,0,1,0,0000000,99,99,99,99,99,99,0,0,0,1,1
45,450373,1,1,1,1,51,0,23,7,2010,6,21,55,1,13,2,US-17,,62,33.62712778,-78.999252780,0,8,0,0,1,1,1,0,2,1,0,1,0,0000000,99,99,99,99,88,88,0,0,0,1,0
45,450374,1,1,0,1,87,0,23,7,2010,6,4,0,0,4,4,134,,4,34.71209167,-81.690430560,0,35,0,0,1,1,4,0,2,1,0,1,0,0000000,99,99,99,99,88,88,0,0,0,1,1
45,450375,1,1,0,4,29,0,24,7,2010,7,17,45,1,1,1,I-95,,130,32.82943889,-80.747280560,0,42,0,0,1,1,3,0,1,1,0,1,0,0000000,99,99,99,99,99,99,0,0,0,1,0
45,450376,2,2,0,2,51,0,24,7,2010,7,16,51,0,4,4,31,,126,33.88626944,-78.834458330,0,12,2,0,1,1,1,0,1,1,0,1,0,0000000,99,99,99,99,88,88,0,0,0,2,0
45,450377,2,2,0,2,7,0,25,7,2010,1,2,20,0,15,3,SR-81,,99999,34.79340000,-82.477241670,0,12,1,0,1,1,1,0,2,1,0,1,0,0000000,99,99,99,99,88,88,0,0,0,1,1
45,450378,1,1,1,1,35,0,25,7,2010,1,4,0,0,14,4,22,,99999,32.98328889,-80.218736110,0,8,0,0,1,1,1,0,2,1,0,1,0,0000000,99,99,99,99,88,88,0,0,0,1,0
45,450379,2,2,0,3,83,0,26,7,2010,2,10,31,0,14,3,SR-290,4TH STREET,229,34.93551667,-82.219747220,0,12,6,0,2,3,1,0,1,1,0,1,0,0000000,99,99,99,99,99,99,0,0,0,1,0
45,450380,2,2,0,2,39,0,27,7,2010,3,7,50,0,3,3,SR-200,20,80,34.46485000,-81.029619440,0,12,6,0,2,2,1,0,1,1,0,1,0,0000000,99,99,99,99,99,99,0,0,0,1,0
45,450381,1,1,0,4,3,0,27,7,2010,3,19,0,0,4,4,151,,125,33.74271944,-81.560697220,0,35,0,0,1,1,4,0,1,1,0,1,0,0000000,99,99,99,99,88,88,0,0,0,1,0
45,450382,1,1,0,5,73,0,19,6,2010,7,1,17,0,4,4,220,,182,34.73766389,-83.056425000,0,30,0,0,1,1,4,0,2,1,0,1,0,0000000,99,99,99,99,99,99,0,0,0,1,1
45,450383,2,2,0,2,7,0,24,6,2010,5,6,52,0,14,4,34,SULLIVAN RD,99999,34.53169722,-82.703833330,0,12,6,0,2,3,1,0,1,1,0,1,0,0000000,99,99,99,99,99,99,0,0,0,1,2
45,450384,2,2,0,2,35,0,24,6,2010,5,16,30,1,2,2,US-78,630,277,33.09725833,-80.276755560,0,12,6,0,2,3,1,0,1,1,0,1,0,0000000,99,99,99,99,99,99,0,0,0,1,0
45,450385,1,1,0,1,35,0,5,7,2010,2,17,39,0,3,3,SR-165,,67,32.94346389,-80.327525000,0,30,0,0,1,1,4,0,1,1,0,1,0,0000000,99,99,99,99,88,88,0,0,0,1,0
45,450386,1,1,0,1,41,0,30,7,2010,6,15,40,1,1,1,I-95,,237,34.27317778,-79.695938890,0,1,0,0,1,1,3,0,1,1,0,1,0,0000000,99,99,99,99,99,99,0,0,0,1,0
45,450387,2,2,0,4,57,0,31,7,2010,7,20,57,0,3,3,SR-341,,4,34.54746389,-80.577077780,0,12,2,0,1,1,1,0,2,2,0,2,0,0000000,99,99,99,99,99,99,0,0,0,1,1
45,450388,1,1,0,4,33,0,1,8,2010,1,13,0,1,1,1,I-95,,93,34.36696111,-79.495438890,0,35,0,0,1,1,4,0,1,1,0,1,0,0000000,99,99,99,99,99,99,0,0,0,1,0
45,450389,1,1,0,1,25,0,2,8,2010,2,22,10,0,4,4,410,,28,34.65672222,-80.305725000,0,35,0,0,1,1,4,0,2,1,0,1,0,0000000,99,99,99,99,88,88,0,0,0,1,1
45,450390,3,1,1,1,83,0,31,7,2010,7,5,0,1,2,2,US-29,,19,34.94916667,-82.196747220,0,14,0,0,1,1,3,0,3,10,0,10,0,0000000,99,99,99,99,99,99,15,0,0,1,1
45,450391,2,2,0,3,17,0,6,7,2010,3,17,9,1,1,1,I-26,,15,33.86036667,-81.030263890,0,57,0,0,1,1,3,0,1,1,0,1,0,0000000,99,99,99,99,99,99,0,0,0,1,0
45,450392,1,1,0,3,53,1080,17,7,2010,7,6,0,1,1,1,I-95,,207,32.31227222,-81.059166670,0,52,0,0,1,1,3,0,2,1,0,1,0,0000000,99,99,99,99,99,99,0,0,0,1,0
45,450393,4,4,0,5,33,0,24,7,2010,7,7,25,0,3,3,SR-38,I-95 EXIT RAMP,62,34.34183056,-79.533022220,0,12,6,1,2,3,1,0,1,1,0,1,0,0000000,99,99,99,99,99,99,0,0,0,1,0
45,450394,1,1,1,4,53,1080,25,7,2010,1,0,18,1,1,1,I-95,,51,32.27320000,-81.080647220,0,8,0,0,1,1,1,0,2,1,0,1,0,0000000,99,99,99,99,88,88,0,0,0,1,0
45,450395,2,2,0,3,27,1620,2,8,2010,2,12,10,0,15,3,SR-260,KEITT STREET,125,33.69413889,-80.210838890,0,12,6,0,2,2,1,0,1,1,0,1,0,0000000,99,99,99,99,99,99,0,0,0,1,0
45,450396,2,2,0,4,51,0,3,8,2010,3,16,15,0,3,3,SR-9,66,206,34.06282778,-78.850980560,0,12,6,0,2,2,1,0,1,1,0,1,0,0000000,99,99,99,99,99,99,0,0,0,1,0
45,450397,2,2,0,4,39,0,3,8,2010,3,11,15,1,1,1,I-77,,99999,34.51663611,-80.998377780,0,12,6,0,1,1,1,0,1,1,0,1,0,0000000,99,99,99,99,99,99,0,0,0,1,1
45,450398,1,1,0,1,19,1710,2,8,2010,2,15,10,0,15,4,51,,99999,32.81350000,-79.830350000,0,34,0,0,1,1,4,0,1,1,0,1,0,0000000,99,99,99,99,88,88,0,0,0,1,1
45,450399,2,2,0,5,33,0,10,8,2010,3,23,25,0,4,4,40,35,26,34.46371944,-79.287944440,0,12,6,0,2,2,1,0,2,1,0,1,0,0000000,99,99,99,99,99,99,0,0,0,4,0
45,450400,1,1,1,1,71,0,16,5,2010,1,21,24,0,3,3,SR-34,,29,34.17293333,-81.874622220,0,18,0,0,1,1,1,0,2,2,0,2,0,0000000,99,99,99,99,88,88,0,0,0,1,0
45,450401,1,1,0,4,83,0,5,6,2010,7,18,30,1,1,1,I-85,,40,34.89596389,-82.154775000,0,1,0,0,1,1,1,0,1,1,0,1,0,0000000,99,99,99,99,99,99,0,0,0,2,0
45,450402,1,1,0,1,19,1805,3,8,2010,3,10,56,1,11,1,I-26,,45,32.93428056,-80.046772220,0,1,0,1,5,1,1,0,1,1,0,1,0,0000000,99,99,99,99,88,88,0,0,0,1,1
45,450403,1,1,1,1,13,0,4,8,2010,4,1,42,1,13,2,US-21,,241,32.47403333,-80.737325000,0,9,0,0,1,1,1,0,2,1,0,1,0,0000000,88,88,88,88,88,88,0,0,0,1,0
45,450404,2,2,0,2,23,0,7,8,2010,7,16,46,0,3,3,SR-97,SR-901,316,34.60449444,-80.994600000,0,12,6,0,2,2,1,0,1,1,0,1,0,0000000,99,99,99,99,99,99,0,0,0,1,0
45,450405,1,1,0,1,75,0,8,8,2010,1,0,35,1,2,2,US-178,,274,33.46420556,-80.838905560,0,42,0,0,1,1,3,0,3,1,0,1,0,0000000,99,99,99,99,99,99,0,0,0,1,1
45,450406,1,1,1,1,19,410,21,7,2010,4,7,53,0,4,4,MONTAGU STREET,LOCKWOOD BLVD,99999,32.77854444,-79.947338890,0,9,0,0,2,3,1,0,1,1,0,1,0,0000000,99,99,99,99,99,99,0,0,0,1,0
45,450407,2,2,0,2,31,1100,12,5,2010,4,15,15,1,2,2,US-15,,99999,34.36069167,-80.067672220,0,12,6,0,4,1,1,0,1,1,0,1,0,0000000,99,99,99,99,99,99,0,0,0,1,0
45,450408,1,1,0,1,79,520,12,7,2010,2,14,57,0,3,3,SR-16,,96,33.98187222,-81.021852780,0,1,0,0,1,1,1,0,1,10,0,10,0,0000000,99,99,99,99,88,88,0,0,0,1,1
45,450409,1,1,0,6,55,0,25,7,2010,1,8,58,1,1,1,I-20,,72,34.19295556,-80.677758330,0,1,0,0,1,1,1,0,1,1,0,1,0,0000000,99,99,99,99,99,99,0,0,0,1,0
45,450410,4,4,0,10,51,1730,31,7,2010,7,19,20,1,2,2,US-17,33RD AVE NORTH,99999,33.71123889,-78.861536110,0,12,1,0,2,2,1,0,2,1,0,1,0,0000000,99,99,99,99,99,99,0,0,0,1,1
45,450411,1,1,1,2,79,0,31,7,2010,7,4,53,1,13,2,US-321,,56,34.06620556,-81.023611110,0,8,0,0,1,1,1,0,2,10,0,10,0,0000000,99,99,99,99,99,99,0,0,0,1,0
45,450412,3,3,1,6,31,0,3,8,2010,3,12,25,0,4,4,179,,57,34.27023333,-79.819236110,0,8,0,0,1,1,1,0,1,1,0,1,0,0000000,99,99,99,99,99,99,0,0,0,1,0
45,450413,1,1,0,1,83,0,3,8,2010,3,12,45,0,4,4,183,,235,35.15963611,-82.207947220,0,1,0,0,1,1,4,0,1,1,0,1,0,0000000,99,99,99,99,99,99,0,0,0,1,0
45,450414,1,1,0,1,73,0,4,8,2010,4,17,35,0,3,3,SR-107,,142,34.99439167,-83.052691670,0,42,0,0,1,1,4,0,1,1,0,1,0,0000000,99,99,99,99,88,88,0,0,0,1,1
45,450415,1,1,0,1,19,1710,6,8,2010,6,16,5,0,4,4,PATRIOTS POINT BLVD,,99999,32.79181944,-79.902705560,0,33,0,0,1,1,4,0,1,1,0,1,0,0000000,99,99,99,99,99,99,0,0,0,1,1
45,450416,3,3,0,5,7,0,12,8,2010,5,14,0,0,3,3,SR-8,,52,34.66950000,-82.525177780,0,12,1,0,1,1,1,0,1,1,0,1,0,0000000,99,99,99,99,99,99,0,0,0,2,0
45,450417,1,1,1,1,25,0,12,8,2010,5,2,10,1,2,2,US-52,,298,34.65894444,-79.905966670,0,8,0,0,1,1,1,0,2,1,0,1,0,0000000,99,99,99,99,99,99,0,0,0,1,0
45,450419,1,1,1,2,19,410,31,1,2010,1,20,20,0,13,3,SR-171,AVENUE A,99999,32.71519722,-79.965405560,0,9,0,0,2,3,1,0,3,1,0,1,0,0000000,99,99,99,99,99,99,0,0,0,1,0
45,450421,1,1,0,11,29,0,4,8,2010,4,19,37,1,1,1,I-95,,18,32.74678611,-80.832594440,0,1,0,0,1,1,4,0,1,1,0,1,0,0000000,99,99,99,99,99,99,0,0,0,2,0
45,450422,1,1,0,1,19,1805,9,8,2010,2,17,15,0,4,4,823,,19,32.98159722,-80.102733330,0,34,0,0,1,1,4,0,1,1,0,1,0,0000000,99,99,99,99,88,88,0,0,0,1,1
45,450423,2,2,0,2,79,0,14,8,2010,7,16,0,1,13,2,US-321,,99999,34.08561389,-81.025372220,0,12,6,0,1,1,1,0,1,1,0,1,0,0000000,99,99,99,99,99,99,0,0,0,1,0
45,450424,1,1,0,1,87,0,20,8,2010,6,19,35,0,4,4,279,,50,34.76696389,-81.721802780,0,42,0,0,1,1,4,0,1,1,0,1,0,0000000,99,99,99,99,99,99,0,0,0,1,1
45,450425,1,1,0,1,25,0,21,8,2010,7,3,0,0,4,4,20,,26,34.70320000,-80.038747220,0,34,0,0,8,1,5,0,2,1,0,1,0,0000000,99,99,99,99,99,99,0,0,0,1,1
45,450426,1,1,0,1,51,0,24,8,2010,3,5,30,0,3,3,SR-410,,148,34.14029722,-78.948955560,0,34,0,0,1,1,4,0,2,1,0,1,0,0000000,99,99,99,99,88,88,0,0,0,1,1
45,450427,2,2,0,2,83,0,10,8,2010,3,7,5,0,13,3,SR-72,,99999,34.87984167,-82.060316670,0,12,6,0,1,1,1,0,1,1,0,1,0,0000000,99,99,99,99,99,99,0,0,0,1,0
45,450428,1,1,0,2,63,0,15,8,2010,1,14,50,1,1,1,I-20,,99999,33.81427500,-81.454697220,0,42,0,0,1,1,4,0,1,10,0,10,0,0000000,99,99,99,99,88,88,0,0,0,2,1
45,450429,1,1,0,1,25,0,21,8,2010,7,16,40,0,3,3,SR-742,48,99999,34.80101111,-80.097197220,0,1,0,0,2,4,4,0,1,1,0,1,0,0000000,99,99,99,99,99,99,0,0,0,1,1
45,450430,3,3,0,3,35,0,24,8,2010,3,7,45,0,3,3,SR-61,,99999,32.89616389,-80.136336110,0,12,6,0,1,1,1,0,1,1,0,1,0,0000000,99,99,99,99,99,99,0,0,0,1,0
45,450431,2,2,0,4,21,0,25,8,2010,4,15,9,0,3,3,SR-11,US-221,99999,35.13493056,-81.803083330,0,12,6,0,2,2,1,0,1,1,0,1,0,0000000,99,99,99,99,99,99,0,0,0,1,0
45,450432,1,1,0,1,15,0,28,8,2010,7,15,1,0,4,4,413,,99999,33.14613889,-80.133161110,0,34,0,0,1,1,4,0,1,1,0,1,0,0000000,99,99,99,99,88,88,0,0,0,1,0
45,450433,1,1,0,3,41,870,28,8,2010,7,19,30,0,4,4,933,,99999,34.22386667,-79.752716670,0,32,0,0,1,1,5,0,1,1,0,1,0,0000000,99,99,99,99,99,99,0,0,0,1,1
45,450434,1,1,0,1,19,15,29,8,2010,1,2,28,0,3,3,SR-174,SR-162,99999,32.72065000,-80.348338890,0,34,0,0,2,3,4,0,2,1,0,1,0,0000000,99,99,99,99,88,88,0,0,0,1,1
45,450435,1,1,0,3,75,0,9,7,2010,6,3,30,1,1,1,I-95,,56,33.38257500,-80.519227780,0,52,0,0,1,1,3,0,2,1,0,1,0,0000000,99,99,99,99,99,99,0,0,0,1,0
45,450436,1,1,0,6,63,0,29,5,2010,7,12,54,1,1,1,I-26,,22,34.17211667,-81.306897220,0,1,0,0,1,1,4,0,1,1,0,1,0,0000000,99,99,99,99,99,99,0,0,0,1,0
45,450437,1,1,0,1,79,520,20,6,2010,1,18,15,0,15,4,88,,14,33.97496944,-80.927225000,0,53,0,0,1,1,4,0,1,2,0,2,0,0000000,99,99,99,99,99,99,0,0,0,1,1
45,450438,1,1,0,1,37,0,3,8,2010,3,0,15,0,4,4,133,,13,33.75952500,-81.938394440,0,42,0,0,1,1,4,0,2,1,0,1,0,0000000,99,99,99,99,88,88,0,0,0,1,1
45,450439,1,1,0,1,71,0,7,8,2010,7,12,18,0,4,4,81,,131,34.32635556,-81.629533330,0,32,0,0,1,1,4,0,1,1,0,1,0,0000000,99,99,99,99,99,99,0,0,0,1,0
45,450440,1,1,0,1,45,0,8,8,2010,1,16,20,1,13,2,US-25,,243,34.79970833,-82.424841670,0,33,0,0,1,1,4,0,1,1,0,1,0,0000000,99,99,99,99,99,99,0,0,0,1,1
45,450441,1,1,1,4,51,1730,12,8,2010,5,18,50,0,14,4,241,GREENS BLVD,99999,33.71413056,-78.887158330,0,8,0,0,2,2,1,0,1,1,0,1,0,0000000,99,99,99,99,88,88,0,0,0,1,0
45,450442,1,1,0,4,83,0,15,8,2010,1,10,22,0,4,4,43,,58,35.09877500,-81.924533330,0,42,0,0,1,1,4,0,1,10,0,10,0,0000000,99,99,99,99,99,99,0,0,0,1,0
45,450444,1,1,1,1,51,1825,17,8,2010,3,1,31,1,2,2,US-17,,99999,33.79790833,-78.742102780,0,8,0,0,1,1,1,0,3,1,0,1,0,0000000,99,99,99,99,88,88,0,0,0,1,0
45,450445,2,2,0,6,57,0,25,8,2010,4,23,30,1,2,2,US-521,E NORTH CORNER RD,99999,34.82722500,-80.803283330,0,12,6,0,2,3,1,0,2,1,0,1,0,0000000,99,99,99,99,99,99,0,0,0,1,0
45,450446,1,1,0,1,75,0,2,9,2010,5,9,10,0,4,4,397,1531,40,33.65888889,-81.086655560,0,42,0,0,3,3,4,0,1,1,0,1,0,0000000,99,99,99,99,88,88,0,0,0,1,0
45,450447,2,2,0,4,13,140,7,8,2010,7,23,0,0,14,3,SR-170,,11,32.24391389,-80.980225000,0,12,2,0,1,1,1,0,2,1,0,1,0,0000000,99,99,99,99,99,99,0,0,0,1,1
45,450448,2,2,0,4,75,0,28,8,2010,7,13,40,0,3,3,SR-3,,136,33.63470278,-81.200080560,0,53,0,0,1,1,4,0,1,1,0,1,0,0000000,99,99,99,99,99,99,0,0,0,2,1
45,450449,1,1,0,1,59,0,1,9,2010,4,22,30,1,1,1,I-26,,68,34.57252222,-81.892475000,0,35,0,0,1,1,4,0,2,1,0,1,0,0000000,99,99,99,99,88,88,0,0,0,1,1
45,450450,1,1,1,1,31,0,2,9,2010,5,3,45,0,14,2,US-15,,99999,34.39214444,-80.028963890,0,8,0,0,1,1,1,0,2,1,0,1,0,0000000,99,99,99,99,88,88,0,0,0,1,0
45,450451,2,2,0,3,51,0,4,9,2010,7,15,10,1,2,2,US-501,,45,34.01766389,-79.218677780,0,12,7,0,1,1,1,0,1,1,0,1,0,0000000,99,99,99,99,99,99,0,0,0,1,1
45,450452,1,1,0,1,39,0,4,9,2010,7,4,40,0,3,3,SR-34,,268,34.30696667,-81.004900000,0,42,0,0,1,1,4,0,2,1,0,1,0,0000000,99,99,99,99,88,88,0,0,0,1,1
45,450453,3,3,0,3,43,0,5,9,2010,1,16,49,1,2,2,US-701,,29,33.42331111,-79.281636110,0,12,8,0,1,1,1,0,1,1,0,1,0,0000000,99,99,99,99,99,99,0,0,0,1,2
45,450454,1,1,0,1,89,0,6,9,2010,2,3,50,0,3,3,SR-261,,248,33.72769444,-79.622038890,0,24,0,0,1,1,4,0,2,1,0,1,0,0000000,99,99,99,99,88,88,0,0,0,1,1
45,450455,2,2,0,3,33,0,6,9,2010,2,12,24,0,4,4,61,,56,34.47719722,-79.355708330,0,12,2,0,1,1,1,0,1,1,0,1,0,0000000,99,99,99,99,99,99,0,0,0,1,0
45,450456,1,1,0,1,69,0,6,9,2010,2,19,35,0,4,4,18,,99999,34.56022222,-79.702247220,0,42,0,0,1,1,4,0,5,1,0,1,0,0000000,99,99,99,99,88,88,0,0,0,1,1
45,450457,1,1,0,1,19,85,12,9,2010,1,0,22,0,4,4,2199,,99999,32.92822778,-79.737738890,0,42,0,0,1,1,4,0,2,1,0,1,0,0000000,99,99,99,99,88,88,0,0,0,1,1
45,450458,2,2,0,7,29,0,9,4,2010,6,7,48,1,1,1,I-95,,18,32.75551944,-80.823411110,0,12,6,0,1,1,1,0,1,1,0,1,0,0000000,99,99,99,99,99,99,0,0,0,1,0
45,450459,2,2,0,3,41,0,12,4,2010,2,12,12,0,4,4,55,488,70,33.98955833,-79.810394440,0,12,6,0,2,3,1,0,1,1,0,1,0,0000000,99,99,99,99,99,99,0,0,0,1,0
45,450460,2,2,0,3,79,0,15,5,2010,7,3,0,0,3,3,SR-263,,109,33.89104444,-80.682736110,0,12,2,0,1,1,1,0,2,1,0,1,0,0000000,99,99,99,99,99,99,0,0,0,1,0
45,450461,1,1,0,1,45,0,29,7,2010,5,20,53,0,4,4,13,,39,34.91535556,-82.429219440,0,33,0,0,1,1,6,0,2,1,0,1,0,0000000,99,99,99,99,99,99,0,0,0,1,0
45,450462,2,2,0,4,29,0,4,8,2010,4,1,36,1,1,1,I-95,,220,32.99880278,-80.669861110,0,12,1,0,1,1,1,0,2,1,0,1,0,0000000,99,99,99,99,99,99,0,0,0,1,1
45,450463,2,2,0,2,89,0,7,8,2010,7,5,30,0,3,3,SR-41,,290,33.64577778,-79.434713890,0,12,2,0,1,1,1,0,2,1,0,1,0,0000000,99,99,99,99,99,99,0,0,0,1,0
45,450464,1,1,1,1,19,875,8,8,2010,1,0,35,0,4,4,323,,2,32.65671944,-79.944419440,0,8,0,0,1,1,1,0,3,1,0,1,0,0000000,99,99,99,99,99,99,0,0,0,1,0
45,450465,2,2,0,2,9,0,11,8,2010,4,17,11,1,2,2,US-78,,106,33.30191111,-81.053611110,0,12,2,0,1,1,1,0,1,1,0,1,0,0000000,88,88,88,88,88,88,0,0,0,1,0
45,450466,2,2,0,2,79,0,12,9,2010,1,4,5,1,2,2,US-601,,109,33.90418889,-80.672177780,0,12,99,0,1,1,1,0,2,1,0,1,0,0000000,99,99,99,99,99,99,0,0,0,1,2
45,450467,1,1,0,5,15,0,5,9,2010,1,19,20,0,3,3,SR-45,,19,33.42904167,-80.004844440,0,1,0,0,1,1,4,0,5,1,0,1,0,0000000,99,99,99,99,99,99,0,0,0,2,1
45,450468,1,1,1,1,63,2790,10,4,2010,7,20,50,0,14,3,SR-602,,95,33.97198056,-81.088800000,0,8,0,0,1,1,1,0,3,1,0,1,0,0000000,99,99,99,99,88,88,0,0,0,1,0