STATE,ST_CASE,VE_TOTAL,VE_FORMS,PEDS,PERSONS,COUNTY,CITY,DAY,MONTH,YEAR,DAY_WEEK,HOUR,MINUTE,NHS,ROAD_FNC,ROUTE,TWAY_ID,TWAY_ID2,MILEPT,LATITUDE,LONGITUD,SP_JUR,HARM_EV,MAN_COLL,RELJCT1,RELJCT2,TYP_INT,REL_ROAD,WRK_ZONE,LGT_COND,WEATHER1,WEATHER2,WEATHER,SCH_BUS,RAIL,NOT_HOUR,NOT_MIN,ARR_HOUR,ARR_MIN,HOSP_HR,HOSP_MN,CF1,CF2,CF3,FATALS,DRUNK_DR
45,450469,1,1,0,1,79,0,21,8,2010,7,7,0,0,14,4,1283,,83,33.97902500,-80.860105560,0,42,0,0,1,1,4,0,4,1,0,1,0,0000000,99,99,99,99,88,88,0,0,0,1,1
45,450470,1,1,0,1,15,0,21,8,2010,7,4,35,0,3,3,SR-6,,156,33.27324722,-80.122861110,0,42,0,0,1,1,4,0,2,1,0,1,0,0000000,99,99,99,99,88,88,0,0,0,1,1
45,450471,1,1,0,1,33,620,24,8,2010,3,17,15,0,14,2,US-208,,99999,34.41470000,-79.372316670,0,30,0,0,1,1,3,0,1,1,0,1,0,0000000,99,99,99,99,99,99,0,0,0,1,0
45,450472,1,1,1,1,13,240,26,8,2010,5,22,40,0,15,4,29,,85,32.24296944,-80.878000000,0,9,0,0,1,1,1,0,2,1,0,1,0,0000000,99,99,99,99,88,88,0,0,0,1,1
45,450473,1,1,0,1,25,0,30,8,2010,2,18,30,0,4,4,46,,25,34.48858889,-80.156077780,0,35,0,0,1,1,4,0,1,1,0,1,0,0000000,99,99,99,99,88,88,0,0,0,1,0
45,450474,1,1,1,1,53,0,31,8,2010,3,5,45,1,2,2,US-17,,99999,32.11936389,-81.069616670,0,8,0,0,1,1,1,0,2,1,0,1,0,0000000,99,99,99,99,88,88,0,0,0,1,0
45,450475,2,2,0,2,61,0,1,9,2010,4,4,23,1,1,1,I-20,,102,34.19366389,-80.272894440,0,12,2,0,1,1,1,0,2,1,0,1,0,0000000,99,99,99,99,99,99,0,0,0,1,1
45,450476,2,2,0,2,41,0,4,9,2010,7,9,32,0,4,4,29,,99999,34.16306111,-79.838461110,0,12,1,0,1,1,1,0,1,1,0,1,0,0000000,99,99,99,99,99,99,0,0,0,1,0
45,450477,2,2,0,2,15,0,2,9,2010,5,5,40,1,2,2,US-52,,191,33.23735833,-79.964419440,0,12,1,0,1,1,1,0,2,1,0,1,0,0000000,99,99,99,99,88,88,0,0,0,1,0
45,450478,1,1,0,3,19,15,4,9,2010,7,5,43,0,4,4,1448,,42,32.74440278,-80.394430560,0,7,0,0,1,1,4,0,3,1,0,1,0,0000000,99,99,99,99,88,88,0,0,0,2,1
45,450479,1,1,0,1,51,0,7,9,2010,3,14,25,0,3,3,SR-410,,99999,34.02236111,-79.022169440,0,1,0,0,1,1,4,0,1,1,0,1,0,0000000,99,99,99,99,88,88,0,0,0,1,0
45,450480,2,2,0,3,7,0,8,9,2010,4,8,20,1,2,2,US-178,,104,34.59287222,-82.685508330,0,12,2,0,1,1,1,0,1,1,0,1,0,0000000,99,99,99,99,99,99,0,0,0,1,0
45,450481,1,1,0,1,13,0,9,9,2010,5,1,50,0,15,4,163,,110,32.24888611,-80.834783330,0,42,0,0,1,1,4,0,2,1,0,1,0,0000000,99,99,99,99,88,88,0,0,0,1,1
45,450482,2,2,0,2,3,0,11,9,2010,7,12,15,1,13,2,US-1,67,58,33.51120000,-81.869430560,0,12,6,0,2,2,1,0,1,1,0,1,0,0000000,99,99,99,99,99,99,0,0,0,1,0
45,450483,1,1,0,2,57,0,13,9,2010,2,9,30,0,3,3,SR-97,,99999,34.50390556,-80.822597220,0,34,0,0,1,1,4,0,1,1,0,1,0,0000000,99,99,99,99,99,99,0,0,0,1,0
45,450484,1,1,0,1,83,0,22,8,2010,1,3,0,0,14,4,31,,16,35.01906667,-81.826816670,0,53,0,0,1,1,4,0,2,1,0,1,0,0000000,99,99,99,99,88,88,0,0,0,1,1
45,450485,2,2,0,2,45,0,23,8,2010,2,6,30,1,2,2,US-276,,99999,35.05062222,-82.515863890,0,12,2,0,1,1,1,0,4,1,0,1,0,0000000,99,99,99,99,99,99,0,0,0,1,0
45,450486,2,2,0,2,75,0,28,8,2010,7,10,0,1,1,1,I-26,,168,33.43072500,-80.692005560,0,12,7,0,1,1,1,0,1,1,0,1,0,0000000,99,99,99,99,88,88,0,0,0,1,1
45,450487,1,1,0,1,77,0,7,9,2010,3,0,40,0,4,4,158,,40,34.81193611,-82.754475000,0,32,0,0,1,1,4,0,2,1,0,1,0,0000000,99,99,99,99,99,99,0,0,0,1,1
45,450488,1,1,0,3,19,410,14,9,2010,3,17,30,1,2,2,US-17,,178,32.78164722,-80.219508330,0,42,0,0,1,1,3,0,1,1,0,1,0,0000000,99,99,99,99,99,99,0,0,0,1,0
45,450489,1,1,0,2,19,1245,22,9,2010,4,3,54,0,4,4,HUMBERT RD,,99999,32.75411111,-80.115050000,0,42,0,0,1,1,4,0,2,1,0,1,0,0000000,99,99,99,99,99,99,0,0,0,1,0
45,450490,1,1,1,1,19,410,24,9,2010,6,0,11,1,2,2,US-17,,99999,32.79863889,-80.089944440,0,8,0,0,1,1,1,0,2,1,0,1,0,0000000,99,99,99,99,99,99,0,0,0,1,0
45,450491,1,1,1,2,19,410,26,9,2010,1,3,0,0,14,3,SR-7,SR-61,99999,32.80170556,-80.017375000,0,8,0,0,2,2,1,0,3,1,0,1,0,0000000,99,99,99,99,99,99,0,0,0,1,1
45,450492,1,1,0,1,89,0,18,9,2010,7,12,15,0,4,4,45,,99999,33.40862500,-79.776063890,0,42,0,0,1,1,4,0,1,1,0,1,0,0000000,99,99,99,99,88,88,0,0,0,1,1
45,450493,2,2,0,2,15,0,1,9,2010,4,15,52,0,3,3,SR-27,,99999,33.20637778,-80.304822220,0,12,2,0,1,1,1,0,1,1,0,1,0,0000000,99,99,99,99,99,99,0,0,0,1,0
45,450494,1,1,0,2,45,0,31,7,2010,7,0,30,0,14,3,SR-253,,285,34.85156667,-82.450891670,0,5,0,0,8,1,1,0,2,1,0,1,0,0000000,99,99,99,99,99,99,0,0,0,1,0
45,450495,2,2,0,5,7,0,20,8,2010,6,23,1,0,4,4,108,141,21,34.40967222,-82.628988890,0,12,6,0,2,2,1,0,2,10,0,10,0,0000000,99,99,99,99,99,99,0,0,0,1,1
45,450496,1,1,0,1,47,0,30,8,2010,2,3,30,0,3,3,SR-254,,65,34.28158056,-82.200780560,0,34,0,0,1,1,4,0,2,1,0,1,0,0000000,99,99,99,99,99,99,0,0,0,1,0
45,450497,1,1,1,2,55,0,16,9,2010,5,0,28,1,2,2,US-1,,170,34.25973611,-80.573086110,0,8,0,0,1,1,1,0,3,1,0,1,0,0000000,99,99,99,99,88,88,0,0,0,1,0
45,450498,1,1,0,1,63,0,17,9,2010,6,22,25,0,13,3,SR-302,,99999,33.93218056,-81.114808330,0,33,0,0,1,1,4,0,3,1,0,1,0,0000000,99,99,99,99,99,99,0,0,0,1,1
45,450499,2,2,0,2,89,0,27,9,2010,2,17,27,0,3,3,SR-261,SR-512,261,33.73697500,-79.593844440,0,12,2,0,2,3,1,0,1,10,0,10,0,0000000,99,99,99,99,99,99,0,0,0,1,0
45,450500,2,2,0,2,73,0,25,8,2010,4,15,35,0,3,3,SR-11,,354,34.91341944,-82.934247220,0,12,1,0,8,1,1,0,1,1,0,1,0,0000000,99,99,99,99,88,88,0,0,0,1,0
45,450501,1,1,1,1,83,0,19,9,2010,1,19,45,0,4,4,851,,99999,34.91433611,-81.871105560,0,8,0,0,1,1,1,0,2,1,0,1,0,0000000,99,99,99,99,88,88,0,0,0,1,1
45,450502,1,1,0,1,51,0,24,9,2010,6,16,0,0,3,3,SR-905,,188,33.92530833,-78.783172220,0,42,0,0,1,1,4,0,1,1,0,1,0,0000000,99,99,99,99,88,88,0,0,0,1,1
45,450503,1,1,0,1,83,0,25,9,2010,7,4,0,1,1,1,I-26,,10,34.93741667,-81.996933330,0,38,0,0,1,1,4,0,2,1,0,1,0,0000000,99,99,99,99,88,88,0,0,0,1,1
45,450504,1,1,0,1,59,0,2,10,2010,7,6,0,0,4,4,6,,26,34.40577778,-82.205413890,0,42,0,0,1,1,4,0,2,1,0,1,0,0000000,99,99,99,99,99,99,0,0,0,1,0
45,450505,1,1,1,2,43,0,3,10,2010,1,2,25,1,2,2,US-701,264,114,33.61176111,-79.196750000,0,8,0,0,2,3,1,0,2,1,0,1,0,0000000,99,99,99,99,88,88,0,0,0,1,0
45,450506,1,1,0,1,91,0,3,10,2010,1,0,1,0,3,3,SR-5,,99999,35.03055833,-81.295780560,0,42,0,0,1,1,4,0,2,1,0,1,0,0000000,99,99,99,99,88,88,0,0,0,1,1
45,450507,1,1,1,2,13,140,11,8,2010,4,0,50,1,2,2,US-278,,99999,32.26880833,-80.862077780,0,8,0,0,1,1,1,0,3,1,0,1,0,0000000,99,99,99,99,99,99,0,0,0,1,0
45,450508,1,1,0,1,45,0,27,9,2010,2,18,16,0,5,5,WOOD RD,,99999,34.94480556,-82.288155560,0,1,0,0,1,1,4,0,1,10,0,10,0,0000000,88,88,88,88,88,88,0,0,0,1,1
45,450509,1,1,0,2,7,0,28,9,2010,3,8,0,0,4,4,211,,14,34.58566667,-82.483505560,0,39,0,0,1,1,4,0,1,10,0,10,0,0000000,99,99,99,99,99,99,0,0,0,1,0
45,450510,2,2,0,4,83,0,28,9,2010,3,14,34,0,3,3,SR-11,,207,35.16268611,-81.894277780,0,12,2,0,1,1,1,0,1,1,0,1,0,0000000,99,99,99,99,99,99,0,0,0,2,0
45,450511,1,1,0,2,27,0,21,8,2010,7,6,25,1,1,1,I-95,,90,33.59324444,-80.345336110,0,21,0,0,1,1,4,0,4,1,0,1,0,0000000,99,99,99,99,88,88,0,0,0,2,0
45,450512,1,1,1,1,83,0,25,8,2010,4,17,25,1,2,2,US-29,,99999,34.94796944,-82.202583330,0,8,0,0,1,1,1,0,1,1,0,1,0,0000000,99,99,99,99,99,99,0,0,0,1,0
45,450513,1,1,0,1,77,0,2,9,2010,5,7,50,1,12,2,US-123,,141,34.79280000,-82.650961110,0,35,0,0,1,1,4,0,1,1,0,1,0,0000000,99,99,99,99,88,88,0,0,0,1,0
45,450514,1,1,1,1,45,0,2,9,2010,5,5,5,0,3,3,SR-418,,80,34.66544167,-82.251677780,0,8,0,0,1,1,1,0,2,1,0,1,0,0000000,99,99,99,99,99,99,0,0,0,1,0
45,450515,2,2,0,2,45,0,7,9,2010,3,19,15,0,3,3,SR-290,342,99,35.00578056,-82.361841670,0,12,6,0,2,3,1,0,5,1,0,1,0,0000000,99,99,99,99,99,99,0,0,0,1,1
45,450516,1,1,0,1,27,0,25,9,2010,7,23,17,1,2,2,US-301,,349,33.85409444,-80.046902780,0,23,0,0,1,1,4,0,2,1,0,1,0,0000000,99,99,99,99,88,88,0,0,0,1,0
45,450517,3,3,0,7,75,0,26,9,2010,1,11,20,1,1,1,I-26,,21,33.59077778,-80.853325000,0,57,0,0,1,1,3,0,1,2,0,2,0,0000000,99,99,99,99,99,99,0,0,0,1,0
45,450518,1,1,0,1,79,0,29,9,2010,4,3,36,0,3,3,SR-48,,85,33.91882778,-80.950913890,0,35,0,0,1,1,4,0,2,2,0,2,0,0000000,99,99,99,99,88,88,0,0,0,1,1
45,450519,1,1,0,1,77,0,30,8,2010,2,23,10,0,4,4,156,,63,34.93942222,-82.758808330,0,35,0,0,8,1,4,0,2,1,0,1,0,0000000,99,99,99,99,99,99,0,0,0,1,1
45,450520,2,2,0,3,77,0,1,9,2010,4,15,50,0,14,2,US-178,ODELL RD,218,34.83067778,-82.704133330,0,12,6,0,2,2,1,0,1,1,0,1,0,0000000,99,99,99,99,99,99,0,0,0,1,0
45,450521,1,1,0,1,7,0,2,9,2010,5,17,20,0,5,5,OLD WILLIAMSTON RD,,99999,34.71794722,-82.500413890,0,1,0,0,1,1,4,0,1,1,0,1,0,0000000,99,99,99,99,88,88,0,0,0,1,0
45,450522,1,1,1,1,33,0,10,9,2010,6,18,48,0,14,2,US-301,,14,34.45490833,-79.337683330,0,8,0,0,1,1,1,0,1,1,0,1,0,0000000,99,99,99,99,99,99,0,0,0,1,0
45,450523,2,2,0,3,31,0,10,9,2010,6,11,10,0,3,3,SR-102,,24,34.40740556,-80.054841670,0,12,2,0,8,1,1,0,1,1,0,1,0,0000000,99,99,99,99,99,99,0,0,0,1,0
45,450524,1,1,1,1,19,410,13,9,2010,2,13,6,0,4,4,53,,99999,32.73945833,-79.983000000,0,8,0,0,1,1,1,0,1,1,0,1,0,0000000,99,99,99,99,99,99,0,0,0,1,0
45,450525,1,1,0,1,15,0,25,9,2010,7,99,99,0,3,3,SR-6,,116,33.28060278,-80.161227780,0,42,0,0,1,1,4,0,1,1,0,1,0,0000000,99,99,99,99,99,99,0,0,0,1,0
45,450526,1,1,0,3,15,0,26,9,2010,1,23,25,1,1,1,I-26,,9,33.12116389,-80.277786110,0,42,0,0,1,1,3,0,2,2,0,2,0,0000000,99,99,99,99,99,99,0,0,0,1,0
45,450527,1,1,0,1,45,1040,2,10,2010,7,2,16,0,4,4,WORLEY RD,,99999,34.88300833,-82.393727780,0,35,0,0,1,1,4,0,3,1,0,1,0,0000000,99,99,99,99,88,88,0,0,0,1,1
45,450528,2,2,0,6,13,140,3,10,2010,1,16,50,1,13,2,US-278,,99999,32.21625000,-80.706425000,0,12,6,0,1,1,1,0,1,1,0,1,0,0000000,99,99,99,99,99,99,0,0,0,1,1
45,450529,1,1,0,1,83,0,6,10,2010,4,0,5,1,11,1,I-85,,99999,35.01175556,-81.976719440,0,57,0,0,1,1,3,0,2,10,0,10,0,0000000,99,99,99,99,88,88,0,0,0,1,1
45,450530,1,1,0,1,51,0,6,10,2010,4,16,0,0,4,4,554,,14,33.94770278,-78.872522220,0,34,0,0,1,1,4,0,1,1,0,1,0,0000000,99,99,99,99,88,88,0,0,0,1,1
45,450531,1,1,0,1,59,0,8,10,2010,6,1,0,1,2,2,US-76,,125,34.51302778,-82.090744440,0,42,0,0,1,1,3,0,2,1,0,1,0,0000000,99,99,99,99,88,88,0,0,0,1,1
45,450532,1,1,0,1,41,0,9,10,2010,7,5,38,0,4,4,72,,27,34.01798611,-79.751044440,0,10,0,0,6,1,1,0,2,1,0,1,0,633221B,99,99,99,99,88,88,0,0,0,1,0
45,450533,1,1,0,1,51,0,9,10,2010,7,21,5,0,4,4,737,,80,33.71509444,-78.922647220,0,33,0,0,1,1,4,0,2,1,0,1,0,0000000,99,99,99,99,99,99,0,0,0,1,1
45,450534,2,2,0,2,15,0,10,10,2010,1,18,5,0,4,4,598,,115,33.07546944,-79.796661110,0,34,0,0,1,1,4,0,1,1,0,1,0,0000000,99,99,99,99,99,99,0,0,0,1,1
45,450535,1,1,1,2,75,1870,11,10,2010,2,11,50,0,14,2,US-178,,99999,33.50937500,-80.854311110,0,8,0,0,1,1,1,0,1,1,0,1,0,0000000,99,99,99,99,99,99,0,0,0,1,0
45,450536,2,2,0,3,91,0,16,8,2010,2,14,45,1,1,1,I-77,,167,35.04802222,-80.959280560,0,12,7,0,1,1,1,0,1,1,0,1,0,0000000,99,99,99,99,99,99,0,0,0,1,1
45,450537,2,2,0,7,41,0,11,9,2010,7,14,52,1,1,1,I-95,,67,34.08799444,-79.935277780,0,12,6,0,1,1,1,0,1,1,0,1,0,0000000,99,99,99,99,99,99,0,0,0,1,0
45,450538,2,2,0,2,79,0,13,9,2010,2,20,45,1,2,2,US-321,2200,155,34.18560556,-81.042794440,0,12,2,0,3,3,1,0,2,1,0,1,0,0000000,99,99,99,99,99,99,0,0,0,1,0
45,450539,2,2,0,4,79,0,17,9,2010,6,21,50,0,3,3,SR-262,,8,33.99752778,-80.826286110,0,12,2,0,1,1,1,0,2,1,0,1,0,0000000,99,99,99,99,99,99,0,0,0,1,1
45,450540,2,2,0,2,45,0,22,9,2010,4,23,41,1,13,2,US-123,496,34,34.83800556,-82.430161110,0,12,1,0,2,3,1,0,2,1,0,1,0,0000000,99,99,99,99,99,99,0,0,0,1,0
45,450541,1,1,0,1,79,0,29,9,2010,4,1,14,0,5,5,SUMMIT PARKWAY,,65,34.13997500,-80.882377780,0,42,0,0,1,1,4,0,2,1,0,1,0,0000000,99,99,99,99,88,88,0,0,0,1,1
45,450542,1,1,0,1,33,0,30,9,2010,5,13,40,0,4,4,88,,239,34.34938889,-79.204861110,0,34,0,0,1,1,4,0,1,10,0,10,0,0000000,99,99,99,99,99,99,0,0,0,1,0
45,450543,2,2,0,7,71,0,1,10,2010,6,21,20,1,2,2,US-76,,34,34.35151389,-81.711675000,0,12,6,0,8,1,1,0,2,1,0,1,0,0000000,99,99,99,99,99,99,0,0,0,2,0
45,450544,1,1,0,1,75,0,3,10,2010,1,2,20,0,4,4,138,,29,33.38501389,-80.271519440,0,42,0,0,1,1,4,0,2,1,0,1,0,0000000,99,99,99,99,88,88,0,0,0,1,1
45,450545,1,1,0,3,27,0,3,10,2010,1,7,0,0,4,4,23,,35,33.74678889,-80.261477780,0,42,0,0,1,1,4,0,4,1,0,1,0,0000000,99,99,99,99,88,88,0,0,0,3,1
45,450546,2,1,0,1,79,0,3,10,2010,1,22,24,0,13,3,SR-48,,56,33.94670556,-80.988508330,0,14,0,0,1,1,2,0,3,1,0,1,0,0000000,99,99,99,99,88,88,0,0,0,1,1
45,450547,2,2,0,3,3,0,4,10,2010,2,23,0,1,1,1,I-20,,361,33.79134444,-81.476627780,0,12,1,0,1,1,1,0,2,1,0,1,0,0000000,99,99,99,99,99,99,0,0,0,1,0
45,450548,2,2,0,2,85,0,6,10,2010,4,17,5,0,13,3,SR-441,,28,33.98742500,-80.491075000,0,12,2,0,1,1,1,0,1,1,0,1,0,0000000,99,99,99,99,99,99,0,0,0,1,0
45,450549,1,1,1,1,45,0,6,10,2010,4,15,30,1,13,2,US-25,86,284,34.85128333,-82.450505560,0,15,0,0,3,3,1,0,1,1,0,1,0,0000000,99,99,99,99,99,99,0,0,0,1,0
45,450550,2,2,0,2,83,0,7,10,2010,5,14,15,0,3,3,SR-292,,76,35.02117500,-82.105636110,0,12,2,0,1,1,1,0,1,1,0,1,0,0000000,88,88,88,88,88,88,0,0,0,1,0
45,450551,2,2,0,2,11,0,7,10,2010,5,17,40,0,4,4,21,166,29,33.27909444,-81.454566670,0,12,6,0,2,3,1,0,1,1,0,1,0,0000000,99,99,99,99,99,99,0,0,0,1,0
45,450552,2,2,0,2,3,0,8,10,2010,6,23,30,0,15,4,67,,22,33.52089722,-81.892347220,0,12,2,0,1,1,1,0,2,1,0,1,0,0000000,99,99,99,99,99,99,0,0,0,1,1
45,450553,1,1,0,1,3,0,9,10,2010,7,16,5,1,1,1,I-20,,221,33.67785556,-81.638933330,0,42,0,0,1,1,4,0,1,1,0,1,0,0000000,99,99,99,99,99,99,0,0,0,1,1
45,450554,1,1,0,1,45,0,9,10,2010,7,17,50,0,14,4,637,COBB,7,34.86262222,-82.433038890,0,34,0,0,2,3,4,0,1,1,0,1,0,0000000,99,99,99,99,88,88,0,0,0,1,1
45,450555,2,2,0,2,45,0,9,10,2010,7,21,19,1,13,2,US-123,,271,34.83391944,-82.444280560,0,12,1,0,1,1,1,0,2,1,0,1,0,0000000,99,99,99,99,88,88,0,0,0,1,0
45,450556,1,1,0,2,75,0,10,10,2010,1,0,15,1,2,2,US-178,,458,33.29265556,-80.626044440,0,1,0,0,1,1,4,0,2,1,0,1,0,0000000,99,99,99,99,99,99,0,0,0,1,1
45,450557,1,1,0,1,79,0,10,10,2010,1,4,10,1,2,2,US-601,,99999,33.92630556,-80.683508330,0,32,0,0,1,1,4,0,2,1,0,1,0,0000000,99,99,99,99,88,88,0,0,0,1,1
45,450558,1,1,0,1,83,0,12,10,2010,3,22,10,1,13,2,US-176,,307,34.92615833,-81.844238890,0,42,0,0,1,1,4,0,2,1,0,1,0,0000000,99,99,99,99,88,88,0,0,0,1,1
45,450560,1,1,1,1,75,0,14,10,2010,5,0,5,1,13,2,US-301,,174,33.48317778,-80.826802780,0,8,0,0,1,1,1,0,3,1,0,1,0,0000000,99,99,99,99,99,99,0,0,0,1,0
45,450561,1,1,0,1,55,0,15,10,2010,6,20,22,0,5,5,BUCK HILL RD,,29,34.35339167,-80.765133330,0,42,0,0,1,1,4,0,2,1,0,1,0,0000000,99,99,99,99,99,99,0,0,0,1,0
45,450562,1,1,1,2,79,0,16,10,2010,7,22,39,0,4,4,151,,2,34.04387778,-80.941213890,0,8,0,0,1,1,1,0,3,1,0,1,0,0000000,99,99,99,99,88,88,0,0,0,1,1
45,450563,1,1,1,2,85,0,16,10,2010,7,3,5,0,4,4,251,,69,33.83395556,-80.454038890,0,8,0,0,1,1,1,0,2,1,0,1,0,0000000,99,99,99,99,88,88,0,0,0,1,0
45,450564,1,1,0,4,41,0,16,10,2010,7,6,10,0,4,4,111,,33,33.79302222,-79.486727780,0,38,0,0,1,1,4,0,4,1,0,1,0,0000000,99,99,99,99,99,99,0,0,0,2,1
45,450565,1,1,0,1,75,0,20,10,2010,4,4,35,0,3,3,SR-453,,80,33.37379722,-80.368725000,0,34,0,0,1,1,4,0,2,1,0,1,0,0000000,99,99,99,99,88,88,0,0,0,1,1
45,450566,1,1,0,1,41,0,20,10,2010,4,18,25,0,4,4,120,,1,33.80133056,-79.417547220,0,34,0,0,1,1,4,0,1,1,0,1,0,0000000,99,99,99,99,99,99,0,0,0,1,0
45,450567,2,2,0,3,3,0,25,10,2010,2,10,16,0,13,3,SR-118,,73,33.58924167,-81.753730560,0,12,2,0,1,1,1,0,1,2,0,2,0,0000000,99,99,99,99,99,99,0,0,0,1,0
45,450568,2,2,0,2,55,0,3,9,2010,6,0,21,0,4,4,42,59,56,34.39515278,-80.465841670,0,12,6,0,2,2,1,0,2,1,0,1,0,0000000,99,99,99,99,99,99,0,0,0,1,1
45,450569,1,1,0,1,7,40,11,9,2010,7,17,21,0,4,4,W. NORTH AVE,,99999,34.52826667,-82.665252780,0,33,0,0,1,1,4,0,1,1,0,1,0,0000000,99,99,99,99,99,99,0,0,0,1,1
45,450570,2,2,0,2,7,0,13,10,2010,4,9,15,0,3,3,SR-185,119,77,34.39108056,-82.490544440,0,12,6,0,2,2,1,0,1,1,0,1,0,0000000,99,99,99,99,88,88,0,0,0,1,0
45,450571,1,1,0,1,51,0,13,10,2010,4,1,58,0,3,3,SR-90,,88,33.82226111,-78.902350000,0,42,0,0,1,1,4,0,3,1,0,1,0,0000000,99,99,99,99,88,88,0,0,0,1,0
45,450572,1,1,0,1,83,0,16,10,2010,7,20,15,0,4,4,113,,173,34.71124444,-81.891616670,0,32,0,0,1,1,4,0,2,1,0,1,0,0000000,99,99,99,99,88,88,0,0,0,1,1
45,450573,1,1,0,1,73,0,17,10,2010,1,15,30,0,5,5,HERRING RD,,99999,34.50291389,-82.970766670,0,42,0,0,1,1,4,0,1,1,0,1,0,0000000,99,99,99,99,88,88,0,0,0,1,1
45,450574,1,1,0,2,19,1805,19,10,2010,3,16,15,1,1,1,I-26,,99999,32.83805833,-79.964588890,0,33,0,0,1,1,4,0,1,1,0,1,0,0000000,99,99,99,99,99,99,0,0,0,1,0
45,450575,1,1,0,2,91,0,23,10,2010,7,4,30,1,2,2,US-321,,196,35.07089167,-81.228488890,0,1,0,0,1,1,3,0,2,1,0,1,0,0000000,99,99,99,99,99,99,0,0,0,1,1
45,450576,1,1,0,1,19,1805,25,10,2010,2,1,20,1,11,1,I-26,,10,32.97796111,-80.075911110,0,1,0,1,5,1,1,0,2,10,0,10,0,0000000,99,99,99,99,99,99,0,0,0,1,1
45,450577,1,1,0,3,49,2960,23,10,2010,7,6,10,1,1,1,I-95,,99999,99.99990000,999.999900000,0,1,0,0,1,1,4,0,2,1,0,1,0,0000000,99,99,99,99,99,99,0,0,0,1,0
45,450578,1,1,0,1,43,0,28,10,2010,5,7,45,0,4,4,39,,99999,33.33992222,-79.323605560,0,34,0,0,1,1,4,0,1,1,0,1,0,0000000,99,99,99,99,99,99,0,0,0,1,1
45,450579,2,2,0,4,25,0,29,10,2010,6,20,30,0,4,4,33,,39,34.69138056,-80.171913890,0,12,6,0,1,1,1,0,2,1,0,1,0,0000000,99,99,99,99,99,99,0,0,0,1,1
45,450580,1,1,0,2,21,0,31,10,2010,1,6,30,0,4,4,63,,99999,35.15819722,-81.641980560,0,23,0,0,1,1,4,0,4,1,0,1,0,0000000,99,99,99,99,99,99,0,0,0,1,1
45,450581,1,1,1,1,41,0,1,11,2010,2,17,25,1,2,2,US-76,,44,34.10967222,-79.986219440,0,9,0,0,1,1,1,0,1,1,0,1,0,0000000,88,88,88,88,88,88,0,0,0,1,0
45,450582,2,2,0,2,69,0,2,11,2010,3,18,55,0,4,4,51,,148,34.57633889,-79.673838890,0,12,2,0,1,1,1,0,2,1,0,1,0,0000000,99,99,99,99,99,99,0,0,0,1,1
45,450583,1,1,1,1,7,0,4,11,2010,5,19,10,0,13,3,SR-81,MASTERS DRIVE,99999,34.46159444,-82.662763890,0,8,0,0,2,2,1,0,2,1,0,1,0,0000000,99,99,99,99,88,88,0,0,0,1,1
45,450584,1,1,0,1,51,0,5,11,2010,6,11,25,0,13,3,SR-31,,99999,33.73993611,-78.956636110,0,1,0,0,1,1,1,0,1,1,0,1,0,0000000,99,99,99,99,99,99,0,0,0,1,0
45,450585,1,1,0,1,83,0,10,11,2010,4,14,55,1,2,2,US-29,,99999,34.94068889,-81.956850000,0,42,0,0,1,1,4,0,1,1,0,1,0,0000000,99,99,99,99,99,99,0,0,0,1,1
45,450586,2,2,0,2,41,0,27,9,2010,2,6,31,0,4,4,24,,99999,34.12452500,-79.570541670,0,12,8,0,1,1,1,0,2,2,0,2,0,0000000,99,99,99,99,88,88,0,0,0,1,0
45,450587,1,1,0,1,91,0,4,10,2010,2,23,30,0,3,3,SR-5,,99999,34.97171111,-81.163902780,0,43,0,0,1,1,4,0,2,1,0,1,0,0000000,99,99,99,99,99,99,0,0,0,1,0
45,450588,3,3,0,5,63,0,6,10,2010,4,13,34,0,14,4,104,1508,8,33.96486111,-81.132830560,0,12,1,0,2,2,1,0,1,1,0,1,0,0000000,99,99,99,99,99,99,0,0,0,1,0
45,450589,2,2,0,2,45,0,23,10,2010,7,22,25,1,11,1,I-85,,99999,34.79653611,-82.377291670,0,12,1,0,1,1,1,4,3,1,0,1,0,0000000,99,99,99,99,88,88,0,0,0,1,1
45,450590,1,1,0,1,51,0,24,10,2010,1,2,25,0,4,4,66,,43,33.95325556,-78.892263890,0,34,0,0,1,1,4,0,2,1,0,1,0,0000000,99,99,99,99,88,88,0,0,0,1,1
45,450591,2,2,0,3,75,0,5,11,2010,6,11,7,1,2,2,US-176,1640,155,33.33787778,-80.435241670,0,12,6,0,2,3,1,0,1,1,0,1,0,0000000,99,99,99,99,99,99,0,0,0,2,0
45,450592,1,1,0,1,51,0,6,11,2010,7,1,30,0,5,5,DOGWOOD,,99999,33.84058611,-78.785533330,0,39,0,0,8,1,4,0,2,1,0,1,0,0000000,99,99,99,99,88,88,0,0,0,1,1
45,450593,2,2,0,2,73,0,8,11,2010,2,21,48,0,3,3,SR-182,,99999,34.51069444,-82.991538890,0,12,6,0,1,1,1,0,2,1,0,1,0,0000000,99,99,99,99,99,99,0,0,0,1,0
45,450594,2,2,0,5,7,40,22,9,2010,4,15,34,0,4,4,MAIN STREET,JAMES STREET,99999,34.52600556,-82.658730560,0,12,6,0,2,3,1,0,1,1,0,1,0,0000000,99,99,99,99,99,99,0,0,0,1,0