STATE,ST_CASE,VE_TOTAL,VE_FORMS,PEDS,PERSONS,COUNTY,CITY,DAY,MONTH,YEAR,DAY_WEEK,HOUR,MINUTE,NHS,ROAD_FNC,ROUTE,TWAY_ID,TWAY_ID2,MILEPT,LATITUDE,LONGITUD,SP_JUR,HARM_EV,MAN_COLL,RELJCT1,RELJCT2,TYP_INT,REL_ROAD,WRK_ZONE,LGT_COND,WEATHER1,WEATHER2,WEATHER,SCH_BUS,RAIL,NOT_HOUR,NOT_MIN,ARR_HOUR,ARR_MIN,HOSP_HR,HOSP_MN,CF1,CF2,CF3,FATALS,DRUNK_DR
45,450595,2,2,0,2,13,2080,8,10,2010,6,19,21,0,3,3,SR-802,651,99999,32.37796944,-80.723805560,0,12,6,0,2,3,1,0,5,1,0,1,0,0000000,99,99,99,99,88,88,0,0,0,1,0
45,450596,1,1,1,1,3,0,12,10,2010,3,20,4,0,3,3,SR-126,,12,33.50755000,-81.900802780,0,8,0,0,1,1,1,0,2,1,0,1,0,0000000,99,99,99,99,88,88,0,0,0,1,0
45,450597,2,2,0,2,13,0,26,10,2010,3,8,30,1,2,2,US-278,744,117,32.24409444,-80.826202780,0,12,6,0,2,2,1,0,1,1,0,1,0,0000000,99,99,99,99,99,99,0,0,0,1,0
45,450598,2,2,0,3,85,0,26,10,2010,3,22,51,1,2,2,US-521,,156,33.97290556,-80.394558330,0,12,6,0,8,1,1,0,2,1,0,1,0,0000000,99,99,99,99,99,99,0,0,0,1,1
45,450599,1,1,0,5,79,0,28,10,2010,5,23,55,0,3,3,SR-262,86,99999,34.00211944,-80.792211110,0,42,0,0,2,3,4,0,2,1,0,1,0,0000000,99,99,99,99,99,99,0,0,0,3,0
45,450600,2,2,0,5,63,0,5,11,2010,6,19,41,0,3,3,SR-602,,45,33.92893889,-81.158452780,0,12,1,0,1,1,1,0,2,1,0,1,0,0000000,99,99,99,99,99,99,0,0,0,1,1
45,450601,1,1,1,3,39,0,9,11,2010,3,14,51,0,14,2,US-321,,113,34.38647778,-81.102147220,0,8,0,0,1,1,1,0,1,1,0,1,0,0000000,99,99,99,99,88,88,0,0,0,1,0
45,450602,1,1,0,1,51,0,10,11,2010,4,18,30,0,3,3,SR-9,,360,34.08596944,-78.885655560,0,1,0,0,1,1,3,0,2,1,0,1,0,0000000,99,99,99,99,88,88,0,0,0,1,1
45,450603,2,2,0,4,67,0,10,11,2010,4,21,35,0,14,3,SR-41,21,274,34.22901389,-79.260350000,0,12,6,0,2,2,1,0,2,1,0,1,0,0000000,99,99,99,99,99,99,0,0,0,2,1
45,450604,3,3,0,5,91,0,11,11,2010,5,16,35,0,4,4,188,,99999,34.87963056,-80.894263890,0,12,1,0,1,1,1,0,1,1,0,1,1,0000000,99,99,99,99,99,99,0,0,0,1,0
45,450605,2,2,0,5,83,0,12,11,2010,6,0,45,0,4,4,90,OLD HILLS BRIDGE RD,99999,34.76615278,-81.907152780,0,12,2,0,2,2,1,0,2,1,0,1,0,0000000,99,99,99,99,99,99,0,0,0,1,0
45,450606,1,1,0,3,31,0,13,11,2010,7,17,45,0,5,5,ANDERSON FARM RD,,99999,34.23075278,-79.874383330,0,34,0,0,1,1,4,0,5,1,0,1,0,0000000,99,99,99,99,99,99,0,0,0,1,1
45,450607,1,1,0,2,91,0,13,11,2010,7,1,10,0,9,4,188,,13,34.87072222,-80.902847220,0,42,0,0,1,1,4,0,2,1,0,1,0,0000000,99,99,99,99,99,99,0,0,0,1,1
45,450608,3,3,0,3,63,0,14,11,2010,1,21,35,1,11,1,I-26,,153,34.06638333,-81.141072220,0,25,0,0,1,1,1,0,2,1,0,1,0,0000000,99,99,99,99,88,88,0,0,0,1,0
45,450609,2,2,0,2,19,0,16,11,2010,3,9,2,0,4,4,LADSON RD,PALMETTO COMMERCE PK,99999,32.98217222,-80.125994440,0,12,6,0,2,3,1,0,1,1,0,1,0,0000000,99,99,99,99,99,99,0,0,0,1,0
45,450610,3,3,0,5,43,0,21,11,2010,1,17,30,0,4,4,4,,92,33.54768889,-79.332361110,0,12,2,0,1,1,1,0,5,1,0,1,0,0000000,99,99,99,99,99,99,0,0,0,2,0
45,450611,1,1,0,2,43,0,22,11,2010,2,8,56,1,2,2,US-17,,99999,33.38021111,-79.428619440,0,10,0,0,6,1,1,0,1,1,0,1,0,634966t,99,99,99,99,99,99,0,0,0,1,0
45,450612,1,1,0,2,77,0,6,6,2010,1,17,55,0,3,3,SR-137,,74,34.76791667,-82.767733330,0,42,0,0,8,1,4,0,1,1,0,1,0,0000000,99,99,99,99,88,88,0,0,0,2,1
45,450613,1,1,1,3,7,40,18,6,2010,6,0,25,1,2,2,US-29,,99999,34.50478889,-82.609247220,0,8,0,0,1,1,1,0,2,1,0,1,0,0000000,99,99,99,99,99,99,0,0,0,1,0
45,450614,1,1,0,1,79,0,11,7,2010,1,2,45,0,14,3,SR-16,,1,34.02904722,-81.053952780,0,42,0,0,1,1,4,0,3,1,0,1,0,0000000,99,99,99,99,88,88,20,0,0,1,1
45,450615,1,1,0,2,3,0,23,9,2010,5,17,30,0,14,4,753,,99999,33.55849167,-81.806902780,0,38,0,0,1,1,4,0,1,1,0,1,0,0000000,99,99,99,99,99,99,0,0,0,1,0
45,450616,1,1,0,1,39,0,22,9,2010,4,3,30,0,3,3,SR-901,,34,34.54845278,-81.022238890,0,11,0,0,1,1,1,0,2,1,0,1,0,0000000,99,99,99,99,99,99,0,0,0,1,0
45,450617,5,5,0,6,17,0,7,10,2010,5,8,58,1,1,1,I-26,,15,33.84889167,-81.026230560,0,12,7,0,1,1,1,0,1,1,0,1,0,0000000,99,99,99,99,99,99,0,0,0,1,0
45,450618,2,2,0,2,45,0,17,10,2010,1,12,33,1,13,2,US-123,741,14,34.83363889,-82.462991670,0,12,6,0,2,3,1,0,1,1,0,1,0,0000000,99,99,99,99,99,99,0,0,0,1,0
45,450619,2,2,0,4,29,0,22,10,2010,6,14,30,0,14,2,US-15,459,39,32.95628611,-80.646900000,0,12,6,0,2,3,1,0,1,1,0,1,0,0000000,99,99,99,99,99,99,0,0,0,1,0
45,450620,2,2,0,2,51,0,28,10,2010,5,11,25,0,3,3,SR-410,,143,34.14267500,-78.930930560,0,12,6,0,8,1,1,0,1,2,0,2,0,0000000,99,99,99,99,99,99,0,0,0,1,0
45,450621,1,1,0,1,23,0,30,10,2010,7,0,10,0,9,4,136,,125,34.77408611,-81.060905560,0,35,0,0,1,1,4,0,2,1,0,1,0,0000000,99,99,99,99,88,88,0,0,0,1,1
45,450622,2,2,0,2,25,0,1,11,2010,2,20,20,0,3,3,SR-9,,178,34.76005278,-80.207533330,0,12,1,0,1,1,1,0,2,1,0,1,0,0000000,99,99,99,99,99,99,0,0,0,1,0
45,450623,1,1,0,1,83,0,2,11,2010,3,2,30,0,4,4,37,,99999,35.10502500,-82.093791670,0,34,0,0,1,1,4,0,2,1,0,1,0,0000000,99,99,99,99,99,99,0,0,0,1,1
45,450624,2,2,0,2,45,0,3,11,2010,4,10,0,1,13,2,US-25,OLD GROVE RD,235,34.78540000,-82.411366670,0,12,6,0,2,3,1,0,1,10,0,10,0,0000000,99,99,99,99,99,99,0,0,0,1,0
45,450625,1,1,0,1,59,0,5,11,2010,6,11,30,0,4,4,301,,99999,34.21577778,-81.855611110,0,35,0,0,1,1,4,0,1,1,0,1,0,0000000,99,99,99,99,88,88,0,0,0,1,0
45,450626,1,1,0,4,15,0,7,11,2010,1,0,53,0,3,3,SR-6,,71,33.33332500,-80.150500000,0,34,0,0,1,1,4,0,2,1,0,1,0,0000000,99,99,99,99,99,99,0,0,0,1,0
45,450627,1,1,0,1,53,0,8,11,2010,2,15,15,0,9,4,243,,36,32.47913889,-81.050261110,0,42,0,0,1,1,4,0,1,1,0,1,0,0000000,99,99,99,99,88,88,0,0,0,1,1
45,450628,2,2,0,2,29,0,9,11,2010,3,16,30,1,2,2,US-21,,228,33.00002500,-80.823069440,0,12,6,0,8,1,1,0,1,1,0,1,0,0000000,99,99,99,99,99,99,0,0,0,1,0
45,450629,2,2,0,2,53,0,12,11,2010,6,14,20,1,2,2,US-17,,99999,32.11445833,-81.075366670,0,12,2,0,1,1,1,0,1,1,0,1,0,0000000,99,99,99,99,99,99,0,0,0,1,0
45,450630,1,1,0,1,59,0,12,11,2010,6,23,30,0,3,3,SR-39,,86,34.34453333,-81.992683330,0,34,0,0,1,1,4,0,2,1,0,1,0,0000000,99,99,99,99,88,88,0,0,0,1,1
45,450631,1,1,0,2,49,0,13,11,2010,7,6,0,0,3,3,SR-3,,61,32.74458333,-81.169266670,0,42,0,0,1,1,4,0,4,1,0,1,0,0000000,99,99,99,99,99,99,0,0,0,1,1
45,450632,1,1,0,1,17,0,13,11,2010,7,7,50,0,4,4,22,,212,33.64849444,-80.813927780,0,42,0,0,1,1,4,0,1,1,0,1,0,0000000,88,88,88,88,88,88,0,0,0,1,0
45,450633,1,1,0,4,47,0,25,7,2010,1,14,20,1,2,2,US-221,,62,34.07274722,-82.223097220,0,42,0,0,1,1,3,0,1,1,0,1,0,0000000,99,99,99,99,99,99,0,0,0,1,0
45,450634,2,2,0,2,51,0,12,8,2010,5,7,55,1,13,2,US-501,COX FERRY ROAD,226,33.80525833,-79.010116670,0,12,6,0,2,2,1,0,1,1,0,1,0,0000000,99,99,99,99,99,99,0,0,0,1,0
45,450635,2,2,0,2,53,1080,12,8,2010,5,11,43,0,4,4,ARGENT BLVD,,99999,32.31306944,-80.973144440,0,12,2,0,1,1,1,0,1,1,0,1,0,0000000,99,99,99,99,99,99,0,0,0,1,0
45,450636,3,3,0,4,89,0,13,8,2010,6,16,40,1,2,2,US-521,,190,33.59320833,-79.851680560,0,54,11,0,1,1,1,0,1,2,0,2,0,0000000,99,99,99,99,88,88,14,0,0,1,0
45,450637,2,2,0,11,3,0,10,9,2010,6,22,20,0,3,3,SR-4,SR-302,127,33.57765833,-81.476927780,0,12,6,0,2,2,1,0,2,1,0,1,0,0000000,99,99,99,99,99,99,0,0,0,1,0
45,450638,1,1,0,1,85,2550,17,9,2010,6,6,45,0,4,4,82,,3,33.91708056,-80.327266670,0,42,0,0,1,1,4,0,2,1,0,1,0,0000000,99,99,99,99,88,88,0,0,0,1,1
45,450639,2,2,0,8,59,0,14,10,2010,5,17,5,1,1,1,I-385,,189,34.66625278,-82.176919440,0,12,7,0,1,1,1,0,1,10,0,10,0,0000000,99,99,99,99,99,99,0,0,0,1,0
45,450640,1,1,1,1,85,2550,16,10,2010,7,19,9,0,4,4,521,,99999,33.91163333,-80.341386110,0,8,0,0,1,1,1,0,3,1,0,1,0,0000000,99,99,99,99,99,99,0,0,0,1,0
45,450641,2,2,0,4,51,0,21,10,2010,5,16,25,0,4,4,31,,107,33.98240556,-78.856430560,0,12,2,0,1,1,1,0,1,1,0,1,0,0000000,99,99,99,99,99,99,0,0,0,2,1
45,450642,2,2,0,3,19,1710,27,10,2010,4,1,44,1,2,2,US-17,,41,32.85615833,-79.799108330,0,12,2,0,1,1,1,0,2,1,0,1,0,0000000,99,99,99,99,99,99,20,0,0,1,0
45,450643,1,1,0,2,81,0,14,8,2010,7,5,0,1,2,2,US-178,,99999,34.03982222,-81.859216670,0,38,0,0,1,1,4,0,2,10,0,10,0,0000000,99,99,99,99,99,99,0,0,0,1,1
45,450644,3,3,0,4,79,0,3,11,2010,4,15,40,1,2,2,US-76,49,267,33.96920278,-80.946494440,0,12,6,0,2,2,1,0,1,1,0,1,0,0000000,99,99,99,99,99,99,0,0,0,1,0
45,450645,1,1,0,1,15,0,13,11,2010,7,14,25,0,4,4,361,,207,33.26155000,-79.952658330,0,42,0,0,1,1,4,0,1,1,0,1,0,0000000,99,99,99,99,88,88,0,0,0,1,0
45,450646,1,1,0,1,7,0,13,11,2010,7,18,5,1,2,2,US-76,,226,34.49608889,-82.530755560,0,33,0,0,1,1,4,0,2,1,0,1,0,0000000,99,99,99,99,99,99,0,0,0,1,1
45,450647,1,1,1,1,85,0,15,11,2010,2,18,0,1,2,2,US-378,,99999,33.94716944,-80.354047220,0,8,0,0,1,1,1,0,2,1,0,1,0,0000000,99,99,99,99,99,99,0,0,0,1,0
45,450648,2,1,0,1,79,520,16,11,2010,3,10,0,0,5,5,WOODCROSS DRIVE,,99999,34.07441667,-81.145191670,0,33,0,0,1,1,4,0,1,2,0,2,0,0000000,99,99,99,99,99,99,0,0,0,1,1
45,450649,1,1,0,2,55,0,16,11,2010,3,16,20,0,9,4,40,,122,34.39295833,-80.697455560,0,34,0,0,1,1,4,0,1,10,0,10,0,0000000,99,99,99,99,99,99,0,0,0,1,0
45,450650,1,1,0,2,83,1370,17,11,2010,4,1,50,0,4,4,1258,,13,35.17096667,-82.164388890,0,38,0,0,1,1,4,0,2,1,0,1,0,0000000,99,99,99,99,99,99,0,0,0,1,0
45,450651,1,1,0,1,15,0,17,11,2010,4,15,15,0,3,3,SR-45,,412,33.25333056,-79.646758330,0,42,0,0,1,1,4,0,1,1,0,1,0,0000000,99,99,99,99,99,99,0,0,0,1,1
45,450652,2,2,0,2,85,0,18,11,2010,5,7,25,0,4,4,40,33,73,33.88605556,-80.446958330,0,12,6,0,2,2,1,0,1,1,0,1,0,0000000,99,99,99,99,99,99,0,0,0,1,0
45,450653,2,2,0,2,15,0,21,11,2010,1,19,20,1,2,2,US-17,,99999,33.29010833,-79.795416670,0,12,6,0,1,1,1,0,2,1,0,1,0,0000000,99,99,99,99,99,99,0,0,0,1,1
45,450654,1,1,0,1,11,0,21,11,2010,1,15,45,1,2,2,US-78,,99999,33.36322222,-81.314319440,0,38,0,0,1,1,4,0,1,1,0,1,0,0000000,99,99,99,99,99,99,0,0,0,1,0
45,450655,1,1,0,1,87,0,23,11,2010,3,20,5,0,3,3,SR-215,,99999,34.69074444,-81.571813890,0,24,0,0,1,1,4,0,2,10,0,10,0,0000000,99,99,99,99,99,99,0,0,0,1,1
45,450656,1,1,1,1,43,0,23,11,2010,3,20,12,0,5,5,FRANK CRIBB,,99999,33.63534444,-79.360127780,0,8,0,0,1,1,1,0,2,1,0,1,0,0000000,99,99,99,99,99,99,0,0,0,1,0
45,450657,2,2,0,3,9,110,24,11,2010,4,13,43,0,9,4,165,132,10,33.30589167,-81.029919440,0,12,6,0,2,2,1,0,1,1,0,1,0,0000000,99,99,99,99,99,99,0,0,0,1,0
45,450658,1,1,0,1,51,0,27,11,2010,7,14,0,0,4,4,66,,99999,34.09123056,-78.834800000,0,31,0,0,1,1,4,0,1,1,0,1,0,0000000,99,99,99,99,88,88,0,0,0,1,0
45,450659,1,1,0,1,45,0,30,11,2010,3,17,0,0,3,3,SR-11,,206,35.12233056,-82.282233330,0,35,0,0,1,1,4,0,1,2,0,2,0,0000000,99,99,99,99,88,88,0,0,0,1,0
45,450660,3,3,0,4,89,0,30,11,2010,3,11,0,0,3,3,SR-527,,99999,33.65635278,-79.809752780,0,12,8,0,1,1,1,0,1,10,0,10,0,0000000,99,99,99,99,99,99,0,0,0,1,0
45,450661,2,2,0,4,51,0,3,12,2010,6,0,10,0,4,4,737,RIVER OAKS,99999,33.72055556,-78.929986110,0,33,0,0,2,2,8,0,2,1,0,1,0,0000000,99,99,99,99,99,99,0,0,0,1,1
45,450662,1,1,0,1,53,1080,3,12,2010,6,15,0,1,1,1,I-95,,207,32.31230833,-81.059402780,0,57,0,0,1,1,3,0,1,1,0,1,0,0000000,99,99,99,99,88,88,0,0,0,1,0
45,450663,1,1,0,4,77,0,4,12,2010,7,13,50,1,2,2,US-123,,141,34.79276667,-82.650747220,0,1,0,0,1,1,3,0,1,2,0,2,0,0000000,99,99,99,99,99,99,0,0,0,1,0
45,450664,2,2,0,2,63,0,5,12,2010,1,2,45,1,2,2,US-178,,77,33.82265556,-81.458902780,0,12,2,0,1,1,1,0,2,10,0,10,0,0000000,99,99,99,99,88,88,0,0,0,1,1
45,450665,1,1,2,4,79,520,8,12,2010,4,23,36,0,3,3,SR-12,1778,99999,34.01343056,-81.010780560,0,8,0,0,2,3,1,0,3,10,0,10,0,0000000,99,99,99,99,99,99,0,0,0,1,0
45,450666,2,2,0,3,91,0,8,12,2010,4,5,30,0,3,3,SR-557,,151,35.10123056,-81.187550000,0,12,2,0,1,1,1,0,2,1,0,1,0,0000000,99,99,99,99,99,99,0,0,0,1,0
45,450667,1,1,1,1,13,0,9,12,2010,5,18,30,0,4,4,263,,210,32.44991944,-80.773672220,0,8,0,0,1,1,1,0,2,1,0,1,0,0000000,99,99,99,99,99,99,0,0,0,1,0
45,450668,1,1,0,1,47,0,11,12,2010,7,6,30,0,4,4,39,,85,34.30175556,-82.110486110,0,30,0,0,1,1,4,0,4,1,0,1,0,0000000,99,99,99,99,88,88,0,0,0,1,1
45,450669,1,1,0,1,91,0,12,12,2010,1,1,5,0,3,3,SR-211,,87,34.95468889,-81.388177780,0,59,0,0,1,1,4,0,2,10,0,10,0,0000000,99,99,99,99,88,88,0,0,0,1,1
45,450670,1,1,0,3,39,0,19,12,2010,1,15,15,1,1,1,I-77,,99999,34.53830833,-81.001166670,0,1,0,0,1,1,3,0,1,1,0,1,0,0000000,99,99,99,99,99,99,0,0,0,2,0
45,450671,2,2,0,2,15,985,31,12,2010,6,0,46,0,14,4,37,317,9,32.98404444,-80.032225000,0,12,6,0,2,2,1,0,3,1,0,1,0,0000000,99,99,99,99,99,99,0,0,0,1,1
45,450672,1,1,0,2,13,0,7,11,2010,1,12,23,0,5,5,BUCKWALTER PKWY,,99999,32.27258333,-80.915036110,0,42,0,0,1,1,4,0,1,1,0,1,0,0000000,99,99,99,99,99,99,0,0,0,1,0
45,450674,1,1,0,1,21,0,1,12,2010,4,23,40,0,3,3,SR-105,,99999,34.99983889,-81.565675000,0,42,0,0,1,1,4,0,2,1,0,1,0,0000000,99,99,99,99,99,99,0,0,0,1,1
45,450675,1,1,0,2,7,0,1,12,2010,4,0,35,0,3,3,SR-88,,99999,34.71060833,-82.613197220,0,35,0,0,1,1,4,0,2,2,0,2,0,0000000,99,99,99,99,99,99,0,0,0,1,0
45,450676,1,1,0,1,37,0,4,12,2010,7,21,30,0,3,3,SR-67,,22,33.92163889,-82.115677780,0,34,0,0,1,1,4,0,2,10,0,10,0,0000000,99,99,99,99,88,88,0,0,0,1,1
45,450677,1,1,0,4,47,0,4,12,2010,7,17,26,0,3,3,SR-34,,53,34.16874167,-82.085380560,0,35,0,0,1,1,4,0,5,1,0,1,0,0000000,99,99,99,99,99,99,0,0,0,1,1
45,450678,1,1,1,2,75,0,5,12,2010,1,20,15,1,2,2,US-301,,127,33.48053056,-80.898127780,0,8,0,0,1,1,1,0,2,1,0,1,0,0000000,99,99,99,99,88,88,0,0,0,1,0
45,450679,1,1,0,1,1,0,8,12,2010,4,22,42,0,3,3,SR-252,,67,34.41586667,-82.272533330,0,32,0,0,1,1,4,0,2,1,0,1,0,0000000,99,99,99,99,88,88,0,0,0,1,1
45,450680,1,1,0,1,75,0,10,12,2010,6,18,20,1,1,1,I-26,,24,33.36490833,-80.598150000,0,1,0,0,1,1,1,0,1,1,0,1,0,0000000,99,99,99,99,88,88,0,0,0,1,0
45,450681,1,1,0,1,71,0,12,12,2010,1,0,5,0,4,4,55,,94,34.36097500,-81.492375000,0,59,0,0,1,1,4,0,2,1,0,1,0,0000000,99,99,99,99,88,88,0,0,0,1,1
45,450682,1,1,0,1,7,0,14,12,2010,3,20,37,0,9,4,934,,26,34.61427778,-82.766102780,0,42,0,0,1,1,4,0,3,1,0,1,0,0000000,99,99,99,99,99,99,0,0,0,1,0
45,450683,1,1,0,5,15,0,16,12,2010,5,20,34,1,1,1,I-26,,9,33.12784722,-80.291519440,0,42,0,0,1,1,3,0,2,1,0,1,0,0000000,99,99,99,99,99,99,0,0,0,2,0
45,450684,1,1,0,1,79,520,19,12,2010,1,1,30,0,15,4,111,445,10,33.98215833,-80.994686110,0,42,0,0,3,1,4,0,2,1,0,1,0,0000000,99,99,99,99,88,88,0,0,0,1,1
45,450685,5,4,0,5,19,1580,24,12,2010,6,21,47,0,4,4,857,,99999,33.13988611,-79.424630560,0,1,0,0,1,1,4,0,2,1,0,1,0,0000000,99,99,99,99,99,99,0,0,0,1,1
45,450686,1,1,0,1,81,0,24,12,2010,6,5,20,0,4,4,26,,63,33.98272778,-81.582713890,0,1,0,0,1,1,4,0,2,1,0,1,0,0000000,99,99,99,99,88,88,0,0,0,1,1
45,450687,1,1,0,1,3,0,24,12,2010,6,19,45,0,4,4,137,,323,33.62219444,-81.442508330,0,1,0,0,1,1,4,0,2,1,0,1,0,0000000,99,99,99,99,99,99,0,0,0,1,1
45,450688,2,2,0,2,73,0,26,12,2010,1,1,30,1,2,2,US-123,,99999,34.61272500,-83.224525000,0,12,2,0,1,1,1,0,2,10,0,10,0,0000000,99,99,99,99,99,99,0,0,0,1,1
45,450689,2,2,0,5,45,1060,27,6,2010,1,14,46,0,4,4,137,,232,34.96063333,-82.228330560,0,12,7,0,1,1,1,0,1,1,0,1,0,0000000,99,99,99,99,99,99,0,0,0,1,0
45,450690,1,1,0,1,51,0,14,7,2010,4,1,29,0,3,3,SR-319,,39,33.98621389,-79.156622220,0,42,0,0,1,1,4,0,2,1,0,1,0,0000000,99,99,99,99,99,99,0,0,0,1,0
45,450691,1,1,0,1,45,0,2,11,2010,3,12,17,0,4,4,107,,99999,34.77560000,-82.327766670,0,30,0,0,1,1,4,0,1,1,0,1,0,0000000,99,99,99,99,99,99,0,0,0,1,1
45,450692,2,2,0,2,45,1040,19,11,2010,6,14,6,1,2,2,US-276,,99999,34.83909722,-82.356819440,0,12,6,0,4,1,1,0,1,1,0,1,0,0000000,99,99,99,99,99,99,0,0,0,1,0
45,450693,2,2,0,2,63,370,21,2,2010,1,22,8,0,13,2,US-21,370,203,33.98165833,-81.063694440,0,12,6,0,2,2,1,0,1,1,0,1,0,0000000,99,99,99,99,99,99,0,0,0,1,0
45,450694,1,1,1,1,51,1730,2,10,2010,7,21,8,0,3,3,SR-15,,99999,33.68906667,-78.911919440,0,8,0,0,1,1,1,0,2,1,0,1,0,0000000,99,99,99,99,99,99,0,0,0,1,0
45,450695,1,1,1,1,19,410,5,10,2010,3,19,48,0,4,4,CALHOUN STREET,,99999,32.78413611,-79.942058330,0,8,0,0,1,1,1,0,2,1,0,1,0,0000000,99,99,99,99,99,99,0,0,0,1,0
45,450696,1,1,1,1,19,410,9,11,2010,3,20,20,0,3,3,SR-7,,99999,32.78976389,-80.029563890,0,8,0,0,1,1,1,0,2,1,0,1,0,0000000,99,99,99,99,99,99,0,0,0,1,0
45,450697,2,2,0,2,19,410,12,11,2010,6,1,40,0,4,4,GLENN MCCONNELL PKWY,,99999,32.82478889,-80.077241670,0,12,1,0,1,1,1,0,2,1,0,1,0,0000000,99,99,99,99,99,99,0,0,0,1,1
45,450698,1,1,1,1,19,1805,20,11,2010,7,18,0,0,3,3,SR-642,,99999,32.85442778,-80.018450000,0,8,0,0,1,1,1,0,3,1,0,1,0,0000000,99,99,99,99,99,99,0,0,0,1,0
45,450699,2,2,0,2,3,0,23,11,2010,3,18,10,0,3,3,SR-389,337,11,33.62791389,-81.301144440,0,12,6,0,2,2,1,0,1,1,0,1,0,0000000,99,99,99,99,99,99,0,0,0,1,1
45,450700,1,1,0,2,3,0,27,11,2010,7,1,50,0,4,4,33,,24,33.56718056,-81.866383330,0,42,0,0,1,1,5,0,2,1,0,1,0,0000000,99,99,99,99,99,99,0,0,0,1,1
45,450701,1,1,1,1,63,0,3,12,2010,6,6,22,0,4,4,70,,46,33.94795278,-81.243211110,0,8,0,0,1,1,1,0,2,1,0,1,0,0000000,99,99,99,99,99,99,0,0,0,1,0
45,450702,2,2,0,2,23,0,10,12,2010,6,21,40,0,3,3,SR-97,,323,34.59810000,-80.977436110,0,12,6,0,1,1,1,0,2,1,0,1,0,0000000,99,99,99,99,99,99,0,0,0,1,1
45,450703,1,1,0,1,39,0,10,12,2010,6,19,40,0,9,4,21,,118,34.36100833,-81.065797220,0,1,0,0,1,1,4,0,3,1,0,1,0,0000000,99,99,99,99,88,88,20,0,0,1,0
45,450704,1,1,0,1,83,0,11,12,2010,7,3,51,0,3,3,SR-11,,123,35.12166389,-82.020277780,0,53,0,0,1,1,5,0,3,1,0,1,0,0000000,99,99,99,99,99,99,0,0,0,1,1
45,450705,2,2,0,2,85,0,12,12,2010,1,11,5,0,14,3,SR-763,507,662,33.90988611,-80.408936110,0,12,6,0,2,3,1,0,1,10,0,10,0,0000000,99,99,99,99,99,99,0,0,0,1,0
45,450706,1,1,0,2,85,0,12,12,2010,1,18,45,1,2,2,US-378,,99999,33.95130000,-80.497513890,0,32,0,0,1,1,4,0,2,10,0,10,0,0000000,99,99,99,99,99,99,0,0,0,1,0
45,450707,1,1,0,2,57,0,13,12,2010,2,14,12,0,4,4,26,89,741,34.58750278,-80.592355560,0,35,0,0,2,3,4,0,1,1,0,1,0,0000000,99,99,99,99,99,99,0,0,0,2,1
45,450708,1,1,0,2,67,0,16,12,2010,5,4,46,0,4,4,32,,164,34.09684444,-79.312663890,0,30,0,0,1,1,4,0,2,3,0,3,0,0000000,99,99,99,99,99,99,0,0,0,1,0
45,450709,2,2,0,2,83,1060,16,12,2010,5,4,53,0,3,3,SR-101,,99999,34.91021667,-82.205113890,0,12,2,0,1,1,1,0,2,1,0,1,0,0000000,99,99,99,99,99,99,0,0,0,1,0
45,450710,1,1,0,1,77,0,16,12,2010,5,22,50,1,2,2,US-123,,1029,34.74940556,-82.709841670,0,42,0,0,1,1,4,0,2,2,0,2,0,0000000,99,99,99,99,88,88,0,0,0,1,0
45,450711,3,3,1,4,27,1620,17,12,2010,6,19,15,0,3,3,SR-261,,1017,33.69899444,-80.232897220,0,8,0,0,1,1,1,0,3,1,0,1,0,0000000,99,99,99,99,99,99,0,0,0,1,0
45,450712,2,2,0,2,45,0,19,12,2010,1,5,6,1,13,2,US-25,,295,34.86248333,-82.462736110,0,12,6,0,8,1,1,0,3,1,0,1,0,0000000,99,99,99,99,88,88,0,0,0,1,1
45,450713,2,2,0,6,79,0,19,12,2010,1,11,30,1,1,1,I-77,,1827,34.12146944,-80.962672220,0,32,0,0,1,1,3,0,1,1,0,1,0,0000000,99,99,99,99,99,99,0,0,0,1,1
45,450714,1,1,0,1,13,240,19,12,2010,1,3,3,0,3,3,SR-170,,99999,32.23984722,-80.973744440,0,34,0,0,1,1,4,0,2,1,0,1,0,0000000,99,99,99,99,88,88,0,0,0,1,1
45,450715,2,2,0,3,43,0,20,12,2010,2,6,15,0,4,4,318,,99999,33.41962222,-79.338197220,0,12,1,0,8,1,1,0,2,1,0,1,0,0000000,99,99,99,99,99,99,0,0,0,1,0
45,450716,1,1,0,1,63,0,20,12,2010,2,2,15,0,9,4,24,,385,33.97101944,-81.380838890,0,34,0,0,1,1,4,0,2,1,0,1,0,0000000,99,99,99,99,88,88,0,0,0,1,1
45,450717,2,2,0,3,51,0,23,12,2010,5,16,45,1,13,2,US-501,,2912,33.73304722,-78.944922220,0,12,8,0,1,1,1,0,1,1,0,1,0,0000000,99,99,99,99,99,99,0,0,0,1,0
45,450718,2,2,0,3,67,0,23,12,2010,5,17,58,1,2,2,US-501,,99999,34.13020833,-79.367552780,0,12,1,0,1,1,1,0,1,1,0,1,0,0000000,88,88,88,88,88,88,0,0,0,1,0