STATE,ST_CASE,VE_TOTAL,VE_FORMS,PEDS,PERSONS,COUNTY,CITY,DAY,MONTH,YEAR,DAY_WEEK,HOUR,MINUTE,NHS,ROAD_FNC,ROUTE,TWAY_ID,TWAY_ID2,MILEPT,LATITUDE,LONGITUD,SP_JUR,HARM_EV,MAN_COLL,RELJCT1,RELJCT2,TYP_INT,REL_ROAD,WRK_ZONE,LGT_COND,WEATHER1,WEATHER2,WEATHER,SCH_BUS,RAIL,NOT_HOUR,NOT_MIN,ARR_HOUR,ARR_MIN,HOSP_HR,HOSP_MN,CF1,CF2,CF3,FATALS,DRUNK_DR
45,450719,1,1,0,2,23,0,24,12,2010,6,18,20,0,5,4,30,,1133,34.71875833,-81.299041670,0,1,0,0,1,1,4,0,2,1,0,1,0,0000000,99,99,99,99,99,99,0,0,0,1,1
45,450720,1,1,1,1,89,0,24,12,2010,6,20,15,0,3,3,SR-41,,3752,33.76841111,-79.446086110,0,8,0,0,1,1,1,0,2,1,0,1,0,0000000,88,88,88,88,88,88,0,0,0,1,0
45,450721,1,1,1,1,79,0,24,12,2010,6,22,7,0,3,2,US-321,,863,34.09357500,-81.026572220,0,8,0,0,1,1,1,0,2,1,0,1,0,0000000,88,88,88,88,88,88,0,0,0,1,0
45,450722,1,1,0,5,41,0,25,12,2010,7,3,25,0,9,4,1064,,355,33.96845556,-79.588694440,0,34,0,0,1,1,4,0,2,1,0,1,0,0000000,99,99,99,99,99,99,0,0,0,2,1
45,450723,1,1,1,1,1,0,25,12,2010,7,4,40,1,2,3,SR-72,,957,34.11322500,-82.481875000,0,8,0,0,1,1,1,0,2,10,0,10,0,0000000,88,88,88,88,88,88,0,0,0,1,1
45,450724,2,2,0,3,3,0,29,12,2010,4,18,21,0,3,3,SR-302,,99999,33.55477222,-81.639275000,0,12,2,0,1,1,1,0,2,1,0,1,0,0000000,99,99,99,99,99,99,0,0,0,2,1
45,450725,1,1,1,1,91,500,31,12,2010,6,18,32,1,2,2,US-321,,99999,35.12861389,-81.217030560,0,8,0,0,1,1,1,0,1,1,0,1,0,0000000,88,88,88,88,88,88,0,0,0,1,0
45,450726,2,2,0,3,43,0,31,12,2010,6,18,20,1,2,2,US-17,,99999,33.39142778,-79.340300000,0,12,6,0,4,1,1,0,2,1,0,1,0,0000000,99,99,99,99,99,99,0,0,0,1,0
45,450727,2,2,0,2,7,0,23,12,2010,5,20,2,0,3,3,SR-28,,99999,34.48795278,-82.673105560,0,12,6,0,1,1,1,0,2,1,0,1,0,0000000,99,99,99,99,99,99,0,0,0,1,0
45,450728,1,1,0,1,85,0,19,12,2010,1,17,15,0,5,4,37,,61,34.03761667,-80.569011110,0,35,0,0,1,1,4,0,5,1,0,1,0,0000000,99,99,99,99,99,99,0,0,0,1,1
45,450729,1,1,0,1,23,0,9,10,2010,7,17,31,0,4,3,SR-901,,2011,34.80520556,-81.011080560,0,34,0,0,1,1,4,0,1,1,0,1,0,0000000,99,99,99,99,99,99,0,0,0,1,0
45,450730,2,2,0,4,63,0,22,12,2010,4,10,15,0,4,4,1812,687,92,34.00169167,-81.110300000,0,12,6,0,2,3,1,0,1,1,0,1,0,0000000,99,99,99,99,99,99,0,0,0,1,0
45,450731,1,1,0,2,45,1040,14,11,2010,1,6,14,0,3,3,SR-291,LOWNDES HILL RD,99999,34.85498056,-82.357033330,0,33,0,0,2,2,4,0,3,1,0,1,0,0000000,99,99,99,99,99,99,0,0,0,1,1
45,450732,1,1,2,1,19,410,25,12,2010,7,21,28,1,2,2,US-17,,99999,32.78308889,-79.991541670,0,8,0,0,1,1,1,0,3,1,0,1,0,0000000,99,99,99,99,99,99,0,0,0,1,0
45,450733,3,3,0,7,3,20,24,12,2010,6,15,40,0,13,3,SR-19,,947,33.51721111,-81.716308330,0,12,6,0,8,1,1,0,1,1,0,1,0,0000000,99,99,99,99,99,99,0,0,0,1,0
45,450734,2,2,0,2,79,520,20,5,2010,5,0,6,0,4,4,2027,108,99999,33.99386389,-81.023052780,0,12,6,0,2,2,1,0,2,1,0,1,0,0000000,99,99,99,99,99,99,0,0,0,1,1
45,450735,1,1,1,2,85,0,25,11,2010,5,22,57,0,13,2,US-15,,1316,33.95015833,-80.342202780,0,8,0,0,1,1,1,0,3,1,0,1,0,0000000,99,99,99,99,99,99,0,0,0,1,0
45,450736,2,2,0,2,63,0,11,12,2010,7,4,55,0,4,4,70,921,7,33.96938056,-81.179694440,0,12,6,0,2,2,1,0,2,1,0,1,0,0000000,88,88,88,88,88,88,0,0,0,1,1
45,450737,2,2,0,2,25,0,15,12,2010,4,21,25,1,2,2,US-52,,99999,34.56142500,-79.873222220,0,12,2,0,1,1,1,0,2,1,0,1,0,0000000,99,99,99,99,99,99,0,0,0,1,0
45,450738,1,1,0,1,63,0,19,12,2010,1,23,0,0,4,4,277,,15,34.00521389,-81.426416670,0,42,0,0,1,1,4,0,2,1,0,1,0,0000000,88,88,88,88,88,88,0,0,0,1,1
45,450739,1,1,0,1,43,0,19,12,2010,1,14,0,0,9,4,325,,122,33.42456389,-79.261722220,0,34,0,0,1,1,4,0,1,10,0,10,0,0000000,99,99,99,99,99,99,0,0,0,1,0
45,450740,2,2,1,2,31,0,15,10,2010,6,3,59,0,3,3,SR-151,,1169,34.31770833,-80.027975000,0,12,6,0,1,1,1,0,2,1,0,1,0,0000000,99,99,99,99,99,99,0,0,0,2,1
45,450741,2,2,1,1,83,0,13,11,2010,7,17,9,0,15,4,64,,493,34.92355556,-82.000150000,0,8,0,0,1,1,1,0,5,1,0,1,0,0000000,99,99,99,99,99,99,0,0,0,1,0
45,450742,2,2,0,2,43,940,8,10,2010,6,11,31,1,2,2,US-521,,99999,33.37885000,-79.298372220,0,12,7,0,4,1,1,0,1,1,0,1,0,0000000,99,99,99,99,99,99,0,0,0,1,0
45,450743,1,1,0,2,87,0,1,10,2010,6,16,55,0,5,4,36,,586,34.60732222,-81.579622220,0,1,0,0,1,1,4,0,1,1,0,1,0,0000000,88,88,88,88,88,88,0,0,0,1,0
45,450744,1,1,0,1,79,520,28,12,2010,3,3,20,0,13,2,US-1,,487,34.03879167,-81.001897220,0,33,0,0,1,1,4,0,3,1,0,1,0,0000000,88,88,88,88,88,88,0,0,0,1,1
45,450745,3,2,1,6,7,0,18,9,2010,7,20,28,1,11,1,I-85,,2066,34.60096389,-82.651347220,0,18,0,0,1,1,1,0,2,1,0,1,0,0000000,99,99,99,99,99,99,0,0,0,2,0
45,450746,3,1,4,1,83,0,12,9,2010,1,3,30,0,4,4,213,,99999,35.11478333,-82.002038890,0,14,0,0,1,1,2,0,2,10,0,10,0,0000000,99,99,99,99,99,99,0,0,0,1,1
45,450747,3,3,0,12,71,0,24,10,2010,1,16,5,1,1,1,I-26,,7153,34.34775833,-81.638116670,0,12,6,0,1,1,1,0,1,10,0,10,0,0000000,99,99,99,99,99,99,0,0,0,1,0
45,450748,2,2,0,2,91,0,27,10,2010,4,8,5,0,13,3,SR-161,1054,1970,34.99583056,-81.136650000,0,1,0,0,2,3,1,0,4,10,0,10,1,0000000,99,99,99,99,99,99,14,0,0,1,0
45,450749,4,4,2,7,79,520,13,11,2010,7,14,15,1,11,1,I-20,,7998,34.09769722,-80.848430560,0,12,98,0,1,1,1,0,1,1,0,1,0,0000000,99,99,99,99,99,99,0,0,0,1,0
45,450750,2,2,0,2,45,1040,5,6,2010,7,16,31,0,13,2,US-276,915,2456,34.97476944,-82.449688890,0,12,6,0,2,3,1,0,1,1,0,1,0,0000000,99,99,99,99,99,99,0,0,0,1,0
45,450751,1,1,0,4,53,1080,19,6,2010,7,18,36,1,1,1,I-95,,816,32.31219722,-81.059702780,0,42,0,0,1,1,3,0,1,2,0,2,0,0000000,99,99,99,99,99,99,0,0,0,1,0
45,450752,1,1,1,1,45,1040,25,8,2010,4,14,21,0,4,4,MCBEE AVE,RICHARDSON STREET,99999,34.85029722,-82.401580560,0,8,0,0,2,2,1,0,1,1,0,1,0,0000000,99,99,99,99,99,99,0,0,0,1,0
45,450753,1,1,0,1,79,0,1,12,2010,4,19,0,0,5,5,WOLFE RD,,99999,33.85209722,-80.779252780,0,10,0,0,6,1,1,0,2,1,0,1,0,723720R,88,88,88,88,88,88,0,0,0,1,1
45,450754,1,1,0,4,53,1080,23,12,2010,5,8,10,1,1,1,I-95,,816,32.31230833,-81.059788890,0,1,0,0,1,1,1,0,1,1,0,1,0,0000000,99,99,99,99,99,99,0,0,0,1,0
45,450755,2,2,0,3,75,0,23,12,2010,5,11,3,1,2,2,US-178,216,99999,33.50390000,-80.878472220,0,12,6,0,2,3,1,0,1,1,0,1,0,0000000,99,99,99,99,99,99,0,0,0,1,0
45,450756,1,1,0,2,75,0,2,10,2010,7,22,51,0,4,4,1852,,99999,33.66831944,-81.031422220,0,35,0,0,1,1,4,0,2,1,0,1,0,0000000,99,99,99,99,99,99,0,0,0,1,1
45,450757,3,3,0,6,51,0,6,12,2010,2,17,20,0,14,3,SR-707,,931,33.68285278,-78.998822220,0,12,6,0,8,1,1,0,2,1,0,1,0,0000000,99,99,99,99,99,99,0,0,0,1,0
45,450758,1,1,1,1,19,1805,16,11,2010,3,18,21,1,2,2,US-52,,99999,32.93492778,-80.047761110,0,8,0,0,1,1,1,0,3,1,0,1,0,0000000,88,88,88,88,88,88,0,0,0,1,0
45,450759,1,1,0,2,35,0,29,12,2010,4,23,54,1,11,1,I-26,,17151,33.28950000,-80.518069440,0,1,0,1,5,1,4,0,2,1,0,1,0,0000000,99,99,99,99,99,99,0,0,0,1,0
45,450760,1,1,0,2,19,1805,16,7,2010,6,23,34,1,2,2,US-52,,99999,32.94450833,-80.040677780,0,33,0,0,1,1,4,0,2,1,0,1,0,0000000,99,99,99,99,99,99,0,0,0,1,1
45,450761,2,2,0,3,79,520,7,4,2010,4,15,48,1,13,3,SR-12,,256,34.01304167,-81.013697220,0,12,1,0,1,1,1,0,1,1,0,1,0,0000000,99,99,99,99,99,99,0,0,0,1,0
45,450762,1,1,0,1,51,0,29,12,2010,4,9,20,0,5,4,66,,202,33.92295833,-78.909516670,0,34,0,0,1,1,4,0,1,1,0,1,0,0000000,88,88,88,88,88,88,0,0,0,1,0
46,460001,3,2,0,4,83,0,1,1,2010,6,3,33,1,1,1,I-29 N,,662,43.35832222,-96.796233330,0,12,2,0,1,1,1,0,2,4,0,4,0,0000000,3,35,4,0,4,22,19,23,0,1,2
46,460002,2,2,0,3,115,0,1,1,2010,6,9,30,1,2,2,US-212,387TH AVE,3084,44.87757778,-98.482791670,0,12,6,0,2,2,1,0,1,1,0,1,0,0000000,9,30,9,42,10,3,0,0,0,1,1
46,460003,2,2,0,6,81,0,10,1,2010,1,16,57,0,3,3,SR-34,,239,44.50686944,-103.676588890,0,12,2,0,1,1,1,0,5,1,0,1,0,0000000,17,5,17,19,17,39,0,0,0,1,0
46,460004,2,2,0,2,75,0,12,1,2010,3,7,56,1,1,1,I-90 W,,1816,43.90090833,-100.921591670,0,12,6,0,1,1,1,0,4,1,0,1,0,0000000,88,88,88,88,88,88,0,0,0,1,0
46,460005,1,1,0,2,57,0,14,1,2010,5,9,15,1,1,1,I-29 S,,1650,44.75063889,-96.890891670,0,1,0,0,1,1,4,0,1,10,0,10,0,0000000,9,37,9,55,10,15,0,0,0,1,0
46,460006,2,2,0,4,119,0,14,1,2010,5,14,25,1,2,2,US-83,,1475,44.62872778,-100.080827780,0,12,2,0,1,1,1,0,1,1,0,1,0,0000000,14,35,14,57,15,39,0,0,0,1,1
46,460007,2,2,0,4,57,0,18,1,2010,2,9,26,1,2,2,US-81,,1470,44.75931667,-97.107961110,0,12,6,0,1,1,1,0,1,5,0,5,0,0000000,9,43,10,0,88,88,19,0,0,3,0
46,460008,1,1,0,1,99,295,20,1,2010,4,5,5,1,11,1,I-90 W,,4060,43.60936667,-96.587216670,0,1,0,0,1,1,3,0,2,3,0,3,0,0000000,88,88,88,88,88,88,0,0,0,1,0
46,460009,2,2,0,5,113,0,25,1,2010,2,16,19,0,4,4,BIA-27,,0,43.06057222,-102.377152780,3,12,2,0,1,1,1,0,1,1,0,1,0,0000000,16,22,16,34,17,11,0,0,0,3,2
46,460011,3,1,0,1,65,2160,9,2,2010,3,11,18,0,16,6,IRWIN ST,,0,44.35980278,-100.321480560,0,14,0,0,1,1,4,0,1,1,0,1,0,0000000,88,88,88,88,88,88,0,0,0,1,1
46,460012,1,1,0,1,135,0,25,2,2010,5,1,0,0,6,4,295TH ST,,0,43.11102778,-97.631236110,0,1,0,0,1,1,4,0,2,10,0,10,0,0000000,88,88,88,88,88,88,0,0,0,1,1
46,460013,1,1,0,1,15,0,5,3,2010,6,7,15,1,1,1,I-90 E,,2714,43.75167500,-99.206280560,0,1,0,0,1,1,3,0,1,10,0,10,0,0000000,7,20,7,38,88,88,0,0,0,1,0
46,460014,1,1,0,2,3,0,11,3,2010,5,15,59,0,3,2,US-281,,662,43.63606667,-98.442413890,0,1,0,0,1,1,4,0,1,3,4,4,0,0000000,99,99,99,99,99,99,0,0,0,1,0
46,460015,2,2,0,2,47,0,14,3,2010,1,19,0,1,2,2,US-18,,601,43.21361111,-103.264680560,0,12,2,0,1,1,1,0,5,10,0,10,0,0000000,19,8,19,28,20,21,0,0,0,1,1
46,460016,1,1,0,1,135,0,26,3,2010,6,0,0,0,6,4,308TH ST,,0,42.92383333,-97.198855560,0,1,0,0,1,1,1,0,2,1,0,1,0,0000000,88,88,88,88,88,88,0,0,0,1,1
46,460017,1,1,0,2,65,2160,29,3,2010,2,1,48,0,14,6,DAKOTA AVE E,CROW ST,0,44.36108611,-100.346783330,0,33,0,0,3,2,4,0,3,1,0,1,0,0000000,99,99,99,99,99,99,0,0,0,1,1
46,460018,1,1,0,1,97,0,30,3,2010,3,12,30,0,4,4,425TH AVE,,0,44.18029444,-97.714016670,0,1,0,0,1,1,4,0,1,1,0,1,0,0000000,88,88,88,88,88,88,0,0,0,1,0
46,460019,2,2,0,3,37,2880,2,4,2010,6,14,17,1,2,2,US-12,SR-25,3430,45.34095833,-97.519961110,0,12,6,0,2,2,1,0,1,10,0,10,0,0000000,99,99,99,99,99,99,0,0,0,2,0
46,460020,1,1,0,2,109,0,9,4,2010,6,22,58,0,2,3,SR-10,,3681,45.64583889,-96.864405560,0,1,0,0,1,1,4,0,2,1,0,1,0,0000000,99,99,99,99,99,99,0,0,0,1,1
46,460021,1,1,1,1,79,0,29,3,2010,2,6,4,0,3,3,SR-34,457TH AVE,3903,43.98161667,-97.069563890,0,8,0,0,2,2,1,0,2,1,0,1,0,0000000,88,88,88,88,88,88,0,0,0,1,0
46,460022,1,1,0,2,99,0,17,4,2010,7,18,55,0,5,4,268TH ST,481ST AVE,0,43.50043889,-96.591513890,0,38,0,0,3,4,4,0,1,1,0,1,0,0000000,19,10,19,24,19,47,0,0,0,1,1
46,460023,2,2,0,4,123,0,20,4,2010,3,16,31,1,2,2,US-18,,2550,43.35228611,-99.814833330,0,12,2,0,1,1,1,0,1,2,10,2,0,0000000,16,34,16,40,16,48,0,0,0,2,0
46,460024,1,1,0,1,123,0,21,4,2010,4,8,10,0,3,2,US-183,US-18,393,43.38643333,-100.027822220,0,1,0,0,3,3,1,0,1,5,0,5,0,0000000,8,13,8,22,8,36,0,0,0,1,0
46,460025,2,2,1,5,99,2450,25,4,2010,1,1,50,0,14,6,60TH ST N,,0,43.60197778,-96.718466670,0,8,0,0,1,1,1,0,2,10,0,10,0,0000000,88,88,88,88,88,88,0,0,0,1,2
46,460026,2,2,1,5,113,2165,8,4,2010,5,23,27,1,2,2,US-18,,1040,43.02732222,-102.544491670,3,8,0,0,1,1,1,0,6,1,0,1,0,0000000,88,88,88,88,88,88,0,0,0,1,0
46,460027,1,1,1,2,113,0,4,3,2010,5,19,43,0,4,4,BIA=32,,0,43.02698611,-102.592694440,3,8,0,0,1,1,1,0,2,1,0,1,0,0000000,19,43,19,46,19,59,0,0,0,1,0
46,460028,3,3,0,4,83,0,30,4,2010,6,22,4,1,1,1,I-29 S,,514,43.14413889,-96.796700000,0,12,2,0,1,1,1,0,2,1,0,1,0,0000000,22,4,22,13,88,88,14,0,0,2,1
46,460029,1,1,0,1,25,0,8,5,2010,7,19,30,0,6,4,435TH ST,,0,44.68062500,-97.512419440,0,1,0,0,1,1,4,0,1,1,0,1,0,0000000,88,88,88,88,88,88,0,0,0,1,1
46,460030,2,2,0,2,9,0,9,5,2010,1,14,15,1,2,3,SR-50,,3659,42.95254722,-97.686463890,0,12,2,0,1,1,1,0,1,10,0,10,0,0000000,14,20,14,25,15,10,0,0,0,1,0
46,460031,1,1,0,3,71,0,18,5,2010,3,8,58,1,1,1,I-90,,1697,43.87621389,-101.151036110,0,1,0,0,1,1,3,0,1,1,0,1,0,0000000,99,99,99,99,99,99,0,0,0,1,0
46,460032,1,1,0,2,75,0,13,5,2010,5,14,19,1,1,1,I-90 E,,1867,43.88649722,-100.824577780,0,1,0,0,1,1,4,0,1,2,0,2,0,0000000,15,31,15,44,16,44,0,0,0,1,0
46,460033,1,1,0,4,113,0,4,5,2010,3,3,16,0,4,4,BIA-27,,0,43.35348611,-102.384602780,3,42,0,0,1,1,4,0,2,1,0,1,0,0000000,3,16,3,45,4,45,0,0,0,2,1
46,460034,1,1,0,3,29,0,21,5,2010,6,16,10,0,4,4,437TH AVE,,0,45.04780833,-97.473508330,0,1,0,0,1,1,4,0,1,1,0,1,0,0000000,16,16,16,40,99,99,0,0,0,1,0
46,460035,2,2,0,2,135,3070,17,5,2010,2,15,29,1,2,2,US-81,US-81 N,4,42.86853333,-97.396950000,0,12,6,0,2,2,1,0,1,1,0,1,0,0000000,15,29,15,31,15,39,0,0,0,1,0
46,460036,2,2,0,2,77,0,25,5,2010,3,15,28,1,2,2,US-14,,3829,44.36863056,-97.473377780,0,1,0,0,4,1,1,0,1,1,0,1,0,0000000,88,88,88,88,88,88,0,0,0,1,1
46,460037,2,2,0,3,35,0,26,5,2010,4,12,57,0,5,4,245TH ST,404TH AVE,0,43.83268056,-98.126786110,0,12,6,0,2,2,1,0,1,1,0,1,0,0000000,88,88,88,88,88,88,0,0,0,1,1
46,460038,1,1,1,1,109,0,27,5,2010,5,5,0,0,4,4,459TH AVE,,0,45.62569167,-97.019827780,0,8,0,0,1,1,1,0,2,1,0,1,0,0000000,88,88,88,88,88,88,0,0,0,1,0
46,460039,1,1,0,1,23,0,6,5,2010,5,16,30,0,6,4,357TH AVE,270TH AVE,0,43.47100556,-99.042391670,0,38,0,0,3,2,4,0,1,1,0,1,0,0000000,88,88,88,88,88,88,0,0,0,1,0
46,460040,1,1,0,1,99,0,25,5,2010,3,18,10,0,6,4,JEFFREY ST,,0,43.60565278,-96.947063890,0,1,0,0,1,1,4,0,1,1,0,1,0,0000000,99,99,99,99,99,99,0,0,0,1,0
46,460041,1,1,0,3,85,0,6,6,2010,1,6,50,0,6,4,SPLIT TAIL HAWK ST,,0,44.07458056,-99.639083330,1,5,0,0,1,1,1,0,1,1,0,1,0,0000000,99,99,99,99,99,99,0,0,0,1,1
46,460042,5,5,0,9,125,0,5,6,2010,7,8,58,0,3,2,US-18,,4238,43.25742778,-97.021880560,0,12,7,0,1,1,1,0,1,10,0,10,0,0000000,9,1,9,10,10,24,0,0,0,1,0
46,460043,1,1,1,1,103,2250,10,6,2010,5,0,15,0,15,6,SEGER DR,,0,44.11114722,-103.197513890,0,8,0,0,1,1,1,0,2,10,0,10,0,0000000,99,99,99,99,99,99,0,0,0,1,0
46,460044,2,2,0,3,63,0,20,6,2010,1,11,55,1,2,2,US-85,,1464,45.82994167,-103.376702780,0,1,0,0,1,1,1,0,1,1,0,1,0,0000000,12,46,13,10,14,5,0,0,0,1,1
46,460045,1,1,0,2,63,0,21,6,2010,2,11,30,0,4,3,SR-79,,1974,45.51707778,-103.094736110,0,1,0,0,1,1,4,1,1,1,0,1,0,0000000,11,45,12,15,14,5,0,0,0,1,0
46,460046,3,3,0,6,111,0,23,6,2010,4,16,41,1,2,3,SR-34 W,SD-37 N,3309,44.05426389,-98.210663890,0,12,6,0,2,2,1,0,1,1,0,1,0,0000000,99,99,99,99,99,99,0,0,0,1,0
46,460047,1,1,0,1,19,0,25,6,2010,6,2,45,1,2,2,US-85,,874,45.02603889,-103.548627780,0,31,0,0,1,1,4,0,2,10,0,10,0,0000000,88,88,88,88,88,88,0,0,0,1,1
46,460048,1,1,0,1,99,0,25,6,2010,6,19,20,1,1,1,I-29 N,,882,43.67939444,-96.781177780,0,24,0,0,1,1,4,0,1,1,0,1,0,0000000,88,88,88,88,88,88,0,0,0,1,0
46,460049,1,1,0,1,23,0,25,6,2010,6,21,47,1,2,2,US-18,,3513,43.17619167,-98.347422220,0,1,0,0,1,1,4,1,2,1,0,1,0,0000000,88,88,88,88,88,88,0,0,0,1,0
46,460050,1,1,0,1,83,0,2,7,2010,6,3,50,0,3,3,SR-11,,629,43.41004444,-96.648569440,0,31,0,0,1,1,4,0,2,1,0,1,0,0000000,88,88,88,88,88,88,0,0,0,1,0
46,460051,1,1,0,1,93,255,2,7,2010,6,16,55,0,14,3,SR-231 S,,871,44.16143611,-103.313622220,0,1,0,0,1,1,4,0,1,1,0,1,0,0000000,88,88,88,88,88,88,0,0,0,1,1
46,460052,2,2,0,5,55,0,3,7,2010,7,14,0,0,2,2,US-14,,1595,44.06467778,-101.342161110,0,12,6,0,4,1,1,0,1,1,0,1,0,0000000,14,13,14,24,14,50,0,0,0,1,0
46,460053,1,1,0,2,123,0,12,6,2010,7,16,5,0,3,3,SR-44,,2373,43.45051111,-100.087427780,0,38,0,0,1,1,4,0,1,10,0,10,0,0000000,99,99,99,99,99,99,0,0,0,1,1
46,460054,2,2,0,6,99,2450,10,7,2010,7,1,59,1,1,1,I-229 N,,26,43.50733333,-96.738119440,0,12,2,0,1,1,1,0,3,1,0,1,0,0000000,99,99,99,99,99,99,0,0,0,1,2
46,460055,2,2,0,4,41,0,11,7,2010,1,11,10,1,2,2,US-212,,1440,45.02732222,-101.455152780,3,12,8,0,1,1,1,0,1,10,1,10,0,0000000,99,99,99,99,99,99,0,0,0,1,0
46,460056,2,2,0,3,79,0,11,7,2010,1,15,48,1,2,2,US-81,,992,44.07343333,-97.129394440,0,12,2,0,1,1,1,0,1,1,0,1,0,0000000,15,51,16,0,16,25,0,0,0,1,0
46,460057,1,1,1,1,121,0,20,7,2010,3,13,30,1,2,2,US-18,,1810,43.22237778,-101.149758330,3,9,0,0,1,1,2,0,1,1,0,1,0,0000000,14,34,14,53,88,88,0,0,0,1,0
46,460058,2,2,0,3,99,0,21,7,2010,4,16,30,1,1,1,I-90 W,,3936,43.60874167,-96.821691670,0,12,6,0,7,1,1,0,1,1,0,1,0,0000000,99,99,99,99,99,99,0,0,0,1,1
46,460059,1,1,0,1,81,0,22,7,2010,5,7,40,0,2,2,US-14A,,313,44.29210556,-103.831727780,0,1,0,0,1,1,4,0,2,1,0,1,0,0000000,88,88,88,88,88,88,0,0,0,1,1
46,460060,1,1,0,1,53,0,24,7,2010,7,16,5,1,2,2,US-18,,2870,43.17143611,-99.278044440,0,1,0,0,1,1,4,0,1,1,0,1,0,0000000,16,8,16,15,16,25,0,0,0,1,0
46,460061,1,1,0,1,29,0,26,7,2010,2,17,0,1,2,2,US-81,,1531,44.84700833,-97.108708330,0,42,0,0,1,1,4,0,1,1,0,1,0,0000000,17,0,17,5,18,5,0,0,0,1,0
46,460062,2,2,0,3,135,0,26,7,2010,2,17,35,0,6,4,446TH AVE,303RD ST,0,42.99589722,-97.279030560,0,12,6,0,2,2,1,0,1,1,0,1,0,0000000,17,37,17,57,18,33,0,0,0,1,0
46,460063,1,1,0,2,99,0,1,8,2010,1,2,35,0,4,4,250TH ST,,0,43.76116944,-96.556597220,0,1,0,0,1,1,1,0,2,1,0,1,0,0000000,2,43,3,8,3,34,0,0,0,1,1
46,460064,1,1,1,2,135,3070,3,8,2010,3,21,52,0,14,6,DOUGLAS ST,,0,42.87017500,-97.392202780,0,8,0,0,1,1,1,0,3,1,0,1,0,0000000,21,52,21,53,22,20,0,0,0,1,0
46,460065,1,1,0,2,23,0,6,8,2010,6,13,10,0,3,2,US-18,,3456,43.14005278,-98.412152780,0,1,0,0,1,1,1,0,1,1,0,1,0,0000000,13,18,13,29,13,46,0,0,0,1,1
46,460066,1,1,0,2,71,0,6,8,2010,6,14,39,0,2,2,US-14,,1322,43.97565278,-101.843713890,0,1,0,0,1,1,4,0,1,1,0,1,0,0000000,14,50,15,4,15,30,0,0,0,1,0
46,460067,2,2,0,6,71,0,7,8,2010,7,12,37,0,3,3,SR-44,,1524,43.57780556,-101.576286110,3,12,6,0,1,1,1,0,1,1,0,1,0,0000000,12,37,99,99,99,99,0,0,0,1,1
46,460068,1,1,0,2,87,0,7,8,2010,7,18,35,1,1,1,I-90 W,,3648,43.66631111,-97.370602780,0,1,0,0,1,1,4,0,1,1,0,1,0,0000000,99,99,99,99,99,99,0,0,0,1,0
46,460069,1,1,0,1,33,0,8,8,2010,1,15,55,0,3,2,US-16A,,478,43.84550278,-103.400075000,0,1,0,0,1,1,4,0,1,1,0,1,0,0000000,99,99,99,99,99,99,0,0,0,1,0
46,460070,2,2,0,4,81,0,8,8,2010,1,15,26,1,2,2,US-14A,WHITETAIL DR,326,44.29938889,-103.809050000,0,12,6,0,2,3,1,0,1,1,0,1,0,0000000,99,99,99,99,99,99,0,0,0,1,0
46,460071,1,1,0,1,31,0,10,8,2010,3,8,2,0,3,3,SR-65,,2264,45.84851944,-101.329433330,3,1,0,0,1,1,4,0,1,1,0,1,0,0000000,8,2,8,9,9,5,0,0,0,1,0
46,460072,1,1,0,2,75,0,10,8,2010,3,12,3,1,1,1,I-90 E,,1934,43.88317222,-100.690002780,0,1,0,0,1,1,2,0,1,1,0,1,0,0000000,12,57,13,2,13,51,0,0,0,1,0
46,460073,2,2,0,2,103,0,11,8,2010,4,21,45,1,2,2,US-16 W,,600,43.97254444,-103.281130560,0,12,8,0,1,1,1,0,2,1,0,1,0,0000000,99,99,99,99,99,99,0,0,0,1,0
46,460074,1,1,0,1,75,0,12,8,2010,5,6,45,1,2,2,US-83,UNKNOWN,599,43.77431667,-100.678066670,0,1,0,0,3,3,1,0,4,1,0,1,0,0000000,7,50,8,3,8,59,0,0,0,1,1
46,460075,2,2,0,2,73,0,12,8,2010,5,14,28,0,3,2,US-281,230TH ST,951,44.05310833,-98.451758330,0,12,6,0,2,2,1,0,1,1,0,1,0,0000000,14,30,14,41,15,25,0,0,0,1,0
46,460076,2,2,0,2,103,0,12,8,2010,5,19,25,0,5,4,SILVER CITY RD,,0,44.10825833,-103.534833330,0,12,6,0,1,1,1,0,1,1,0,1,0,0000000,99,99,99,99,99,99,0,0,0,1,2
46,460077,1,1,0,1,101,0,31,7,2010,7,22,35,0,4,4,223RD ST,472ND AVE,0,44.15243889,-96.768975000,0,35,0,0,2,3,4,0,2,1,0,1,0,0000000,22,52,23,6,0,6,0,0,0,1,1
46,460078,2,2,0,7,85,0,13,8,2010,6,13,50,1,1,1,I-90 W,,2250,43.89869167,-100.079702780,0,12,6,0,1,1,1,0,1,1,0,1,0,0000000,13,55,14,9,15,1,0,0,0,2,0
46,460079,2,2,0,2,99,0,13,8,2010,6,18,15,1,1,1,I-90 E,,3935,43.60850000,-96.828030560,0,12,1,0,1,1,1,1,1,1,0,1,0,0000000,99,99,99,99,88,88,0,0,0,1,0
46,460080,4,4,0,5,103,0,13,8,2010,6,13,30,1,2,2,US-16 E,,593,43.97427778,-103.292636110,0,12,1,0,1,1,1,0,1,1,0,1,0,0000000,99,99,99,99,99,99,0,0,0,1,0