STATE,ST_CASE,VE_TOTAL,VE_FORMS,PEDS,PERSONS,COUNTY,CITY,DAY,MONTH,YEAR,DAY_WEEK,HOUR,MINUTE,NHS,ROAD_FNC,ROUTE,TWAY_ID,TWAY_ID2,MILEPT,LATITUDE,LONGITUD,SP_JUR,HARM_EV,MAN_COLL,RELJCT1,RELJCT2,TYP_INT,REL_ROAD,WRK_ZONE,LGT_COND,WEATHER1,WEATHER2,WEATHER,SCH_BUS,RAIL,NOT_HOUR,NOT_MIN,ARR_HOUR,ARR_MIN,HOSP_HR,HOSP_MN,CF1,CF2,CF3,FATALS,DRUNK_DR
46,460081,3,3,0,3,81,0,10,8,2010,3,11,37,0,2,2,US-385,,1064,44.18607222,-103.618172220,0,12,1,0,1,1,1,0,1,1,0,1,0,0000000,11,54,11,59,12,39,0,0,0,1,0
46,460082,1,1,1,1,83,0,18,8,2010,4,17,38,0,14,6,57TH ST W,,0,43.50030000,-96.817416670,0,9,0,0,1,1,1,0,1,1,0,1,0,0000000,99,99,99,99,99,99,0,0,0,1,1
46,460083,1,1,0,1,103,0,27,8,2010,6,11,8,0,2,2,US-385,,951,44.06437778,-103.482769440,0,1,0,0,1,1,4,0,1,1,0,1,0,0000000,99,99,99,99,99,99,0,0,0,1,0
46,460084,2,2,0,4,11,0,27,8,2010,6,19,30,0,6,4,204TH ST,479TH AVE,0,44.42687778,-96.626663890,0,12,6,0,2,2,1,0,1,1,0,1,0,0000000,19,41,20,0,21,0,0,0,0,2,0
46,460085,1,1,0,1,103,0,29,8,2010,1,16,0,0,4,4,NEMO RD,,0,44.12671944,-103.366175000,0,24,0,0,1,1,4,0,1,1,0,1,0,0000000,99,99,99,99,88,88,0,0,0,1,0
46,460086,1,1,0,1,81,0,3,9,2010,6,18,22,0,3,2,US-14A,,170,44.41211667,-103.888783330,0,1,0,0,1,1,4,0,1,1,0,1,0,0000000,18,22,18,31,19,17,0,0,0,1,0
46,460087,4,4,0,4,61,0,20,9,2010,2,19,6,0,4,3,SR-38,,3041,43.70260556,-97.942180560,0,12,1,0,1,1,1,1,1,1,0,1,0,0000000,19,6,99,99,99,99,0,0,0,1,0
46,460088,3,3,0,4,35,0,13,9,2010,2,14,57,1,2,3,SR-37,,640,43.56303056,-98.005675000,0,12,6,0,4,1,1,0,1,1,0,1,0,0000000,14,58,15,18,16,14,0,0,0,1,0
46,460089,1,1,0,3,75,0,27,9,2010,2,0,33,1,1,1,I-90 W,,2050,43.90884722,-100.449552780,0,1,0,0,1,1,4,0,2,1,0,1,0,0000000,0,56,1,13,2,12,0,0,0,2,0
46,460090,1,1,0,2,43,0,30,9,2010,5,21,54,0,6,4,268TH ST,392ND AVE,0,43.49856111,-98.351494440,0,1,0,0,2,3,4,0,2,1,0,1,0,0000000,99,99,99,99,99,99,0,0,0,1,0
46,460091,1,1,0,1,99,0,28,9,2010,3,17,23,0,14,4,26TH ST,RIVER BLUFF RD,0,43.52950833,-96.621488890,0,30,0,0,3,4,4,0,1,1,0,1,0,0000000,99,99,99,99,99,99,0,0,0,1,0
46,460092,2,2,0,5,101,0,4,10,2010,2,17,10,0,6,4,236TH ST,480TH AVE,0,43.96419167,-96.607075000,0,12,6,0,2,2,1,0,1,1,0,1,0,0000000,17,17,17,31,18,27,0,0,0,3,0
46,460093,1,1,0,1,137,0,9,10,2010,7,2,35,0,3,3,SR-63,BIA-12,1463,44.71843056,-101.231341670,3,59,0,0,3,3,4,0,2,10,0,10,0,0000000,3,32,3,50,88,88,0,0,0,1,0
46,460094,2,2,0,2,73,0,28,9,2010,3,19,14,0,3,3,SR-34,,3210,44.06813056,-98.398780560,0,12,1,0,8,1,1,0,5,1,0,1,0,0000000,19,15,19,30,20,30,0,0,0,1,1
46,460095,1,1,1,1,125,2100,7,10,2010,5,0,36,0,6,5,MAIN AVE,,0,43.39798056,-97.136633330,0,8,0,0,1,1,4,0,3,1,0,1,0,0000000,0,37,0,42,0,52,0,0,0,1,0
46,460096,2,2,0,2,97,0,15,10,2010,6,11,28,0,4,4,421ST ST,,0,44.13927500,-97.790605560,0,12,2,0,1,1,1,0,1,7,1,7,0,0000000,11,38,11,48,88,88,0,0,0,1,0
46,460097,1,1,0,1,103,2250,16,9,2010,5,1,15,0,12,2,US-16 EB,,717,44.08158056,-103.151405560,0,33,0,0,1,1,4,0,2,5,0,5,0,0000000,88,88,88,88,88,88,0,0,0,1,1
46,460098,1,1,0,6,103,2250,16,10,2010,7,19,12,0,16,5,RAPP ST,,0,44.10126111,-103.201716670,0,33,0,0,1,1,4,0,3,1,0,1,0,0000000,19,15,19,21,19,47,0,0,0,1,1
46,460099,1,1,0,1,29,0,7,10,2010,5,6,57,0,4,4,464TH AVE,,0,45.06767500,-96.923319440,0,35,0,0,1,1,4,0,4,1,0,1,0,0000000,7,1,7,22,7,46,0,0,0,1,0
46,460100,2,2,0,6,83,0,29,10,2010,6,15,48,0,3,3,SR-44,280TH ST,4073,43.33040000,-96.885777780,0,12,6,0,2,2,1,0,1,1,0,1,0,0000000,15,49,15,54,16,37,0,0,0,1,0
46,460101,1,1,0,1,29,0,4,11,2010,5,15,53,1,1,1,I-29 S,,1786,44.90005556,-97.056836110,0,1,0,0,1,1,3,0,1,1,0,1,0,0000000,15,56,16,3,88,88,0,0,0,1,0
46,460102,1,1,0,1,83,1390,6,11,2010,7,23,35,0,6,6,PARKWAY ST,4TH ST,0,43.12698056,-96.455219440,0,34,0,0,3,4,4,0,3,1,0,1,0,0000000,23,37,23,43,88,88,0,0,0,1,1
46,460103,1,1,1,1,13,10,5,11,2010,6,7,35,0,14,6,STATE ST N,4TH AVE NE,0,45.46990833,-98.479311110,0,8,0,0,3,2,1,0,3,1,0,1,0,0000000,7,36,7,39,8,9,0,0,0,1,0
46,460104,2,2,0,2,11,0,10,11,2010,4,13,50,0,3,4,207TH ST,459TH AVE,0,44.38369167,-97.027202780,0,12,6,0,2,2,1,0,1,10,0,10,0,0000000,13,53,14,10,14,46,0,0,0,1,0
46,460105,1,1,0,2,47,0,10,11,2010,4,17,15,1,2,3,SR-79 S,,316,43.46035000,-103.350286110,0,32,0,0,1,1,4,0,2,10,0,10,0,0000000,17,20,17,49,18,21,0,0,0,1,0
46,460106,1,1,0,2,85,0,13,11,2010,7,23,1,1,1,1,I-90 E,,2470,43.86847500,-99.639988890,0,1,0,0,1,1,3,0,2,1,0,1,0,0000000,23,4,23,25,23,46,0,0,0,1,0
46,460107,1,1,0,1,7,0,8,11,2010,2,13,0,0,6,4,213TH AVE,,0,43.20982222,-101.831458330,3,1,0,0,1,1,1,0,1,1,0,1,0,0000000,13,0,13,13,13,30,6,0,0,1,0
46,460108,2,2,0,3,89,0,22,11,2010,2,8,21,0,3,3,SR-10,,2211,45.76727222,-99.699366670,0,12,6,0,1,1,1,0,1,4,0,4,0,0000000,8,21,8,30,8,55,0,0,0,1,0
46,460109,1,1,0,5,75,0,24,11,2010,4,9,4,1,1,1,I-90 W,,2068,43.90886389,-100.433005560,0,35,0,0,1,1,3,0,1,3,11,11,0,0000000,10,6,10,35,11,27,0,0,0,1,0
46,460110,2,2,0,2,45,0,24,11,2010,4,9,48,0,3,3,SR-45,,1740,45.40517222,-99.029661110,0,12,2,0,1,1,1,0,1,3,10,3,0,0000000,9,50,9,55,88,88,0,0,0,1,0
46,460111,1,1,0,1,11,360,24,11,2010,4,10,30,1,11,1,I-29 N,,1310,44.29983889,-96.758477780,0,1,0,0,1,1,4,0,1,1,0,1,0,0000000,10,32,10,39,88,88,0,0,0,1,0
46,460112,2,2,0,6,115,0,27,11,2010,7,8,0,1,2,2,US-212,173RD ST,3165,44.87895278,-98.319311110,0,12,6,0,3,2,1,0,1,1,0,1,0,0000000,8,6,8,27,9,4,0,0,0,1,0
46,460113,1,1,0,1,65,0,12,12,2010,1,3,50,0,4,4,206TH ST,,0,44.39165833,-100.054000000,0,32,0,0,1,1,4,0,2,1,0,1,0,0000000,88,88,88,88,88,88,0,0,0,1,1
46,460114,2,2,0,3,37,0,29,12,2010,4,18,34,0,3,3,SR-25,,1876,45.41657778,-97.509802780,0,12,8,0,1,1,1,0,2,11,10,11,0,0000000,18,35,18,45,19,0,0,0,0,1,0
46,460115,1,1,0,3,7,0,3,4,2010,7,7,19,0,4,4,BIA-4,,0,43.28831111,-101.962588890,3,1,0,0,1,1,4,0,2,1,0,1,0,0000000,7,20,7,44,8,17,0,0,0,1,1
46,460116,1,1,0,3,113,0,16,5,2010,1,0,20,1,2,2,US-18,,1070,43.03145833,-102.489444440,3,1,0,0,1,1,4,0,2,1,0,1,0,0000000,0,20,0,26,99,99,0,0,0,1,1
46,460117,1,1,0,4,113,0,27,8,2010,6,16,26,0,4,4,BIA-2,,0,43.42294722,-102.185125000,3,11,0,0,1,1,1,0,1,1,0,1,0,0000000,88,88,88,88,88,88,0,0,0,3,0
46,460118,1,1,0,2,113,0,30,10,2010,7,7,44,0,4,4,BIA-41,,0,43.63165278,-102.893519440,3,35,0,0,1,1,4,0,1,1,0,1,0,0000000,99,99,99,99,99,99,0,0,0,1,0
46,460119,1,1,0,2,113,0,12,11,2010,6,6,31,1,2,2,US-18,,910,43.16321944,-102.697202780,3,32,0,0,1,1,4,1,4,5,0,5,0,0000000,88,88,88,88,88,88,0,0,0,2,1
46,460120,2,2,0,4,113,0,21,8,2010,7,19,35,0,4,4,BIA-32,,0,43.02934167,-102.608869440,3,12,1,0,1,1,1,0,5,1,0,1,0,0000000,99,99,99,99,99,99,0,0,0,1,1
46,460121,2,2,0,2,113,0,16,9,2010,5,16,0,1,2,2,US-18,,1257,43.09914722,-102.161083330,3,11,0,0,1,1,1,0,1,1,0,1,0,0000000,16,3,16,7,16,22,14,0,0,1,0
46,460122,1,1,0,2,113,0,27,3,2010,7,6,41,0,4,4,BIA-2,,0,43.43336667,-102.112661110,3,1,0,0,1,1,3,0,4,1,0,1,0,0000000,99,99,99,99,99,99,0,0,0,1,0
46,460123,1,1,0,3,81,0,5,9,2010,1,21,39,0,3,3,SR-34,,200,44.54581944,-103.721855560,0,5,0,0,1,1,1,0,2,10,0,10,0,0000000,99,99,99,99,99,99,0,0,0,1,0
46,460124,1,1,0,2,113,0,1,8,2010,1,13,7,0,4,4,BIA-27,,0,43.16188333,-102.342175000,3,1,0,0,1,1,4,0,1,1,0,1,0,0000000,99,99,99,99,99,99,0,0,0,1,1
46,460125,2,2,0,4,137,0,31,7,2010,7,21,13,1,2,2,US-212,,1350,45.05245278,-101.622977780,3,12,2,0,1,1,1,0,2,1,0,1,0,0000000,21,28,21,47,22,19,0,0,0,1,2
47,470001,1,1,0,2,123,0,1,1,2010,6,10,6,1,1,1,I-75,,60,35.65205556,-84.462294440,0,42,0,0,1,1,3,0,1,1,0,1,0,0000000,99,99,99,99,99,99,0,0,0,1,0
47,470002,3,3,1,3,165,890,1,1,2010,6,3,44,1,13,3,SR-109,,31,36.37143611,-86.462188890,0,8,0,0,1,1,1,0,2,1,0,1,0,0000000,99,99,99,99,99,99,14,0,0,1,0
47,470003,2,2,0,5,107,0,3,1,2010,1,3,57,1,1,1,I-75,,70,35.38606111,-84.723927780,0,12,2,0,1,1,1,0,2,1,0,1,0,0000000,99,99,99,99,99,99,0,0,0,3,1
47,470005,1,1,0,1,93,1300,4,1,2010,2,19,53,0,14,6,CENTRAL AVENUE PIKE,,50,36.01865000,-83.984544440,0,34,0,0,1,1,4,0,2,1,0,1,0,0000000,99,99,99,99,99,99,0,0,0,1,1
47,470006,2,2,0,5,49,0,5,1,2010,3,17,14,1,2,2,US-SR28,SPRING STREET,166,36.38966667,-84.937866670,0,12,6,1,3,3,1,0,2,1,0,1,0,0000000,99,99,99,99,99,99,0,0,0,1,0
47,470007,2,2,0,2,55,0,6,1,2010,4,14,15,0,3,2,US-SR7,,278,35.30151111,-87.028150000,0,12,2,0,1,1,1,0,1,1,0,1,0,0000000,99,99,99,99,99,99,0,0,0,1,0
47,470008,1,1,0,1,57,0,6,1,2010,4,2,0,0,4,3,SR-375,,139,36.29764167,-83.355738890,0,53,0,0,1,1,4,0,2,1,0,1,0,0000000,99,99,99,99,88,88,0,0,0,1,1
47,470009,1,1,0,2,121,0,6,1,2010,4,7,55,0,4,3,SR-304,,93,35.65715556,-84.738644440,0,35,0,0,1,1,4,0,1,1,0,1,0,0000000,99,99,99,99,99,99,0,0,0,1,0
47,470010,1,1,0,1,55,0,6,1,2010,4,18,0,0,6,4,LITTLE DRY CREEK ROA,,2,35.24955833,-87.087327780,0,42,0,0,1,1,4,0,2,1,0,1,0,0000000,99,99,99,99,99,99,0,0,0,1,0
47,470011,1,1,0,1,61,1677,8,1,2010,6,12,0,0,16,6,MONTEAGLE FALLS ROAD,,5,35.24557500,-85.799541670,0,42,0,0,1,1,4,0,1,4,0,4,0,0000000,99,99,99,99,99,99,0,0,0,1,1
47,470013,1,1,0,2,59,0,9,1,2010,7,15,34,0,5,4,MILBURTON ROAD,,42,36.28502500,-82.669113890,0,31,0,0,1,1,4,0,1,1,0,1,0,0000000,99,99,99,99,88,88,0,0,0,1,0
47,470014,2,2,0,2,81,0,9,1,2010,7,7,0,0,3,3,SR-7,,55,35.88470278,-87.261680560,0,12,2,0,1,1,1,0,1,4,0,4,0,0000000,99,99,99,99,99,99,0,0,0,1,0
47,470015,1,1,0,1,129,0,9,1,2010,7,9,41,0,3,3,SR-62,,227,36.09293333,-84.544580560,0,43,0,0,1,1,4,4,1,10,0,10,0,0000000,99,99,99,99,99,99,3,0,0,1,0
47,470016,2,2,0,2,41,0,10,1,2010,1,6,55,0,3,2,US-SR26,,243,35.96421667,-85.720052780,0,12,8,0,1,1,1,0,1,1,0,1,0,0000000,99,99,99,99,99,99,0,0,0,1,0
47,470017,1,1,0,1,65,0,7,1,2010,5,16,37,0,14,4,DALLAS HOLLOW ROAD,,16,35.22515000,-85.154086110,0,35,0,0,1,1,4,0,1,4,0,4,0,0000000,99,99,99,99,99,99,0,0,0,1,1
47,470018,3,3,0,4,63,0,14,1,2010,5,14,24,0,13,2,US-SR34,OLD RUSSELLVILLE PIK,164,36.26162500,-83.176430560,0,12,2,1,3,3,1,0,1,1,0,1,0,0000000,99,99,99,99,99,99,0,0,0,2,0
47,470019,1,1,0,1,187,850,11,1,2010,2,10,25,1,11,1,I-65,,148,35.94560278,-86.814744440,0,1,0,0,1,1,4,0,1,1,0,1,0,0000000,99,99,99,99,99,99,0,0,0,1,0
47,470020,1,1,0,1,77,0,16,1,2010,7,2,23,1,2,2,US-SR20,,91,35.67144722,-88.454105560,0,1,0,0,1,1,1,0,2,1,0,1,0,0000000,99,99,99,99,99,99,0,0,0,1,1
47,470021,2,2,0,5,107,0,16,1,2010,7,15,45,0,5,4,20,,0,35.32596389,-84.785844440,0,12,2,0,1,1,1,0,1,1,0,1,0,0000000,99,99,99,99,99,99,0,0,0,1,0
47,470022,1,1,1,2,23,0,18,1,2010,2,18,41,0,5,4,GARLAND ROAD,,37,35.46234722,-88.648563890,0,8,0,0,1,1,1,0,3,10,0,10,0,0000000,99,99,99,99,88,88,0,0,0,1,0
47,470023,1,1,0,1,113,1200,16,1,2010,7,8,25,1,1,1,I-40,,203,35.68192778,-88.732077780,0,42,0,0,1,1,4,0,1,10,0,10,0,0000000,99,99,99,99,99,99,0,0,0,1,0
47,470024,1,1,0,1,101,0,18,1,2010,2,14,25,0,4,3,SR-99,,105,35.48511667,-87.556625000,0,34,0,0,1,1,4,0,1,1,0,1,0,0000000,99,99,99,99,99,99,0,0,0,1,1
47,470025,1,1,0,1,19,760,19,1,2010,3,11,22,0,14,6,BROAD STREET,,9,36.35362778,-82.193152780,0,19,0,0,1,1,4,0,1,1,0,1,0,0000000,99,99,99,99,11,47,0,0,0,1,0
47,470027,2,2,0,2,13,0,23,1,2010,7,14,40,0,2,3,SR-63,,167,36.44561944,-83.959122220,0,12,2,0,1,1,1,0,1,1,0,1,0,0000000,99,99,99,99,99,99,0,0,0,1,0
47,470028,2,2,0,6,91,1720,23,1,2010,7,16,32,0,4,3,SR-91,COLD SPRINGS ROAD,85,36.53328056,-81.781697220,0,12,6,0,2,3,1,0,1,1,0,1,0,0000000,99,99,99,99,99,99,0,0,0,2,0
47,470029,1,1,0,1,115,0,24,1,2010,1,99,99,0,6,4,FIERY GIZZARD ROAD,,0,35.11032778,-85.739466670,0,41,0,0,1,1,4,0,2,1,0,1,0,0000000,99,99,99,99,88,88,0,0,0,1,0
47,470030,1,1,0,1,131,2480,12,1,2010,3,6,20,0,16,6,NORTH 5TH STREET,,1,36.44613889,-89.057252780,0,30,0,0,1,1,4,0,3,1,0,1,0,0000000,99,99,99,99,99,99,0,0,0,1,0
47,470031,1,1,0,3,189,1360,1,1,2010,6,3,24,0,16,6,CARVER LANE,,1,36.24648056,-86.336011110,0,32,0,0,1,1,4,0,2,1,0,1,0,0000000,99,99,99,99,99,99,0,0,0,1,1
47,470032,1,1,1,1,61,0,25,1,2010,2,18,30,0,6,4,DOGTOWN ROAD,,0,35.36202778,-85.661108330,0,8,0,0,1,1,1,0,3,1,0,1,0,0000000,99,99,99,99,99,99,0,0,0,1,0
47,470033,2,2,0,3,165,960,25,1,2010,2,8,25,1,11,1,I-65,,4,36.33914722,-86.712769440,0,12,7,0,1,1,1,0,1,1,0,1,0,0000000,99,99,99,99,99,99,0,0,0,1,0
47,470034,2,2,0,2,93,1300,26,1,2010,3,8,2,0,13,3,SR-62,,124,35.97451667,-83.991336110,0,12,6,0,8,1,1,0,1,10,0,10,0,0000000,99,99,99,99,88,88,0,0,0,1,0
47,470035,1,1,0,1,93,0,12,1,2010,3,10,34,0,14,3,SR-331,,61,36.09393333,-83.867044440,0,30,0,0,1,1,4,0,1,4,0,4,0,0000000,99,99,99,99,99,99,0,0,0,1,0
47,470036,2,2,0,2,163,0,29,1,2010,6,7,0,0,13,3,SR-93,,44,36.48175556,-82.581758330,0,12,2,0,1,1,1,0,1,1,0,1,0,0000000,99,99,99,99,88,88,0,0,0,1,0
47,470037,3,3,1,5,163,0,31,1,2010,1,11,47,0,13,3,SR-93,,21,36.45673056,-82.607763890,0,12,7,0,1,1,1,0,1,10,0,10,0,0000000,99,99,99,99,99,99,19,0,0,1,0
47,470038,5,5,0,6,165,1648,24,1,2010,1,4,8,1,11,1,I-65,,56,36.41224167,-86.722491670,0,39,0,0,1,1,3,0,2,2,0,2,0,0000000,99,99,99,99,99,99,19,0,0,1,0
47,470039,1,1,1,1,93,1300,31,1,2010,1,13,19,0,16,6,SIMS ROAD,,0,35.91680000,-83.910161110,0,8,0,0,1,1,1,0,1,1,0,1,0,0000000,99,99,99,99,99,99,16,0,0,1,0
47,470040,1,1,0,1,113,0,1,1,2010,6,2,47,0,15,4,ASHPORT ROAD,,53,35.72400833,-88.771097220,0,42,0,0,1,1,4,0,2,1,0,1,0,0000000,99,99,99,99,99,99,0,0,0,1,0
47,470041,2,2,0,3,63,1700,27,1,2010,4,14,44,0,14,6,E ANDREW JOHNSON HIG,HAUN DRIVE,33,36.22151389,-83.264555560,0,12,6,1,2,2,1,0,1,1,0,1,0,0000000,99,99,99,99,99,99,0,0,0,1,0
47,470042,1,1,0,1,163,0,1,1,2010,6,20,33,0,6,4,FOREST VIEW ROAD,,0,36.58522500,-82.533813890,0,38,0,0,1,1,5,0,2,1,0,1,0,0000000,99,99,99,99,99,99,0,0,0,1,0
47,470043,1,1,0,1,37,1760,11,1,2010,2,0,37,1,11,1,I-40,,248,36.14156667,-86.671433330,0,25,0,0,1,1,3,0,3,1,0,1,0,0000000,99,99,99,99,88,88,0,0,0,1,0
47,470044,1,1,0,1,75,300,1,1,2010,6,20,29,0,14,6,E JEFFERSON STREET,MORRICH STREET,9,35.58790556,-89.247563890,0,30,0,0,2,3,4,0,3,1,0,1,0,0000000,99,99,99,99,99,99,0,0,0,1,1
47,470045,2,2,0,2,183,670,6,1,2010,4,12,56,1,2,3,SR-22,,143,36.28824444,-88.733386110,0,12,6,0,1,1,1,0,1,1,0,1,0,0000000,99,99,99,99,88,88,0,0,0,1,0
47,470046,1,1,0,2,43,0,1,2,2010,2,14,35,0,3,3,SR-49,,263,36.26898056,-87.199458330,0,42,0,0,1,1,4,0,1,1,0,1,0,0000000,99,99,99,99,99,99,0,0,0,1,0
47,470047,1,1,0,1,103,0,1,2,2010,2,13,50,0,2,3,SR-50,,192,35.21353333,-86.457116670,0,52,0,0,1,1,4,0,1,1,0,1,0,0000000,99,99,99,99,88,88,0,0,0,1,0
47,470048,2,2,0,3,177,0,1,2,2010,2,18,0,0,3,3,SR-8,,24,35.60082222,-85.615016670,0,12,8,0,1,1,1,0,2,1,0,1,0,0000000,99,99,99,99,99,99,0,0,0,1,1
47,470049,1,1,0,1,129,2505,1,2,2010,2,14,5,0,16,6,LIBERTY ROAD,,3,36.08944167,-84.542594440,0,30,0,0,1,1,4,0,1,10,0,10,0,0000000,99,99,99,99,99,99,0,0,0,1,1
47,470050,1,1,0,1,161,0,1,2,2010,2,99,99,1,2,2,US-SR79,,143,36.50721389,-87.832019440,0,35,0,0,1,1,4,1,9,99,0,99,0,0000000,99,99,99,99,88,88,0,0,0,1,0
47,470051,2,2,0,2,163,0,3,2,2010,4,16,7,0,13,3,SR-93,,38,36.47641389,-82.590008330,0,12,2,0,1,1,1,0,1,1,0,1,0,0000000,99,99,99,99,99,99,0,0,0,1,0
47,470052,2,2,1,3,113,1200,3,2,2010,4,18,20,0,14,2,US-SR5,,126,35.61721111,-88.819383330,0,8,0,0,1,1,1,0,3,10,0,10,0,0000000,99,99,99,99,99,99,0,0,0,1,0
47,470053,2,2,0,3,147,0,4,2,2010,5,12,15,0,2,3,SR-52,I-65 RAMP,69,36.59096389,-86.599077780,0,12,6,1,2,2,1,0,1,1,0,1,0,0000000,99,99,99,99,99,99,0,0,0,1,0
47,470054,1,1,0,1,157,160,2,2,2010,3,13,3,0,15,6,BROADWAY ROAD,,7,35.24634722,-89.819572220,0,30,0,0,1,1,4,0,1,1,0,1,0,0000000,99,99,99,99,99,99,0,0,0,1,1
47,470055,2,2,0,2,13,0,6,2,2010,7,18,51,1,1,1,I-75,,262,36.53362222,-84.167816670,0,12,6,0,1,1,1,0,2,4,0,4,0,0000000,99,99,99,99,99,99,0,0,0,2,0
47,470056,1,1,0,1,69,0,5,2,2010,6,23,15,0,5,4,LAKE HARDEMAN ROAD,,83,35.13496667,-88.996908330,0,52,0,0,1,1,4,0,2,1,0,1,0,0000000,99,99,99,99,99,99,18,0,0,1,1
47,470057,1,1,0,1,75,0,29,1,2010,6,12,45,0,3,3,SR-19,,50,35.66543889,-89.372277780,0,34,0,0,1,1,4,0,1,4,0,4,0,0000000,99,99,99,99,88,88,0,0,0,1,0
47,470058,1,1,0,1,163,0,6,2,2010,7,21,0,1,2,2,US-SR1,,141,36.57281667,-82.377161110,0,42,0,0,1,1,4,0,2,1,0,1,0,0000000,99,99,99,99,88,88,0,0,0,1,1
47,470059,1,1,0,1,53,0,7,2,2010,1,4,30,1,2,2,US-SR5,,113,35.93545278,-88.940269440,0,33,0,0,1,1,4,0,2,10,0,10,0,0000000,99,99,99,99,99,99,0,0,0,1,1
47,470060,1,1,0,1,75,0,7,2,2010,1,3,30,0,3,2,US-SR1,,96,35.52484444,-89.349147220,0,52,0,0,1,1,4,0,2,10,0,10,0,0000000,99,99,99,99,88,88,0,0,0,1,1
47,470061,1,1,0,1,109,2160,7,2,2010,1,4,37,0,16,6,PEACH STREET,,1,35.17568611,-88.599052780,0,34,0,0,1,1,4,0,2,1,0,1,0,0000000,88,88,88,88,88,88,0,0,0,1,0
47,470062,1,1,0,2,177,1530,7,2,2010,1,19,22,0,16,6,RED ROAD,,0,35.70867500,-85.751419440,0,32,0,0,1,1,4,0,3,1,0,1,0,0000000,99,99,99,99,99,99,0,0,0,1,1
47,470063,2,2,0,4,93,1300,7,2,2010,1,20,21,0,16,6,WEST TOWN WAY,MONTVUE ROAD,0,35.92835833,-84.042952780,0,12,6,1,2,2,1,0,3,1,0,1,0,0000000,99,99,99,99,99,99,0,0,0,1,0
47,470064,2,2,0,2,39,0,8,2,2010,2,17,35,1,2,3,SR-69,,341,35.72825833,-88.106788890,0,12,6,0,1,1,1,0,2,4,0,4,0,0000000,99,99,99,99,99,99,0,0,0,1,0
47,470065,2,2,0,3,93,0,12,2,2010,6,17,16,0,13,2,US-SR1,SHIPETOWN ROAD,314,36.07471944,-83.770844440,0,12,6,0,2,2,1,0,1,1,0,1,0,0000000,99,99,99,99,99,99,0,0,0,1,0
47,470066,2,2,0,2,185,0,12,2,2010,6,8,44,0,4,3,SR-84,,20,35.94898611,-85.446822220,0,12,2,0,1,1,1,0,1,1,0,1,0,0000000,99,99,99,99,99,99,0,0,0,1,0
47,470067,2,2,0,5,93,0,13,2,2010,7,23,30,0,13,3,SR-33,,170,36.10402222,-83.909475000,0,12,2,0,1,1,1,0,2,1,0,1,0,0000000,99,99,99,99,99,99,0,0,0,3,1
47,470068,1,1,0,1,133,0,13,2,2010,7,16,5,0,4,3,SR-136,,39,36.34336389,-85.422830560,0,42,0,0,1,1,4,0,1,10,0,10,0,0000000,99,99,99,99,99,99,0,0,0,1,1
47,470069,2,2,0,6,65,0,15,2,2010,2,8,12,1,2,2,US-SR29,,283,35.39998333,-85.104111110,0,12,6,0,1,1,1,0,1,10,0,10,0,0000000,99,99,99,99,99,99,0,0,0,2,0
47,470070,1,1,1,1,23,1080,7,2,2010,1,22,43,0,3,3,SR-100,,86,35.41645278,-88.691500000,0,8,0,0,1,1,1,0,2,1,0,1,0,0000000,99,99,99,99,99,99,0,0,0,1,0
47,470071,1,1,1,1,169,1070,9,2,2010,3,20,0,0,4,3,SR-141,,52,36.38784444,-86.167202780,0,8,0,0,1,1,1,0,3,10,0,10,0,0000000,99,99,99,99,99,99,0,0,0,1,0
47,470072,2,2,0,2,93,1300,9,2,2010,3,6,40,0,13,2,US-SR9,SR-168,82,36.01644722,-83.826375000,0,12,6,0,2,2,1,0,3,1,0,1,0,0000000,99,99,99,99,88,88,0,0,0,1,0
47,470073,2,2,0,2,73,1726,18,2,2010,5,20,25,0,14,3,SR-346,,148,36.58320833,-82.657908330,0,12,2,0,1,1,1,0,3,1,0,1,0,0000000,99,99,99,99,99,99,0,0,0,1,0
47,470074,2,2,0,4,49,408,19,2,2010,6,10,55,1,2,2,US-SR28,,24,36.20165833,-85.019600000,0,12,2,0,1,1,1,0,1,1,0,1,0,0000000,99,99,99,99,99,99,0,0,0,1,0
47,470075,1,1,0,1,149,0,19,2,2010,6,0,42,0,14,3,SR-99,,237,35.80390556,-86.330563890,0,30,0,0,1,1,4,0,2,1,0,1,0,0000000,99,99,99,99,88,88,0,0,0,1,1
47,470076,1,1,0,1,183,0,20,2,2010,7,14,30,1,2,3,SR-22,,48,36.35211667,-88.825063890,0,24,0,0,1,1,4,0,1,1,0,1,0,0000000,99,99,99,99,99,99,0,0,0,1,1
47,470077,2,2,0,2,133,0,24,2,2010,4,6,45,0,2,3,SR-52,,66,36.43734167,-85.347994440,0,12,2,0,1,1,1,0,1,10,0,10,0,0000000,99,99,99,99,99,99,0,0,0,1,0
47,470078,1,1,0,1,89,0,25,2,2010,5,0,5,1,1,1,I-81,,62,36.13002500,-83.309422220,0,52,0,0,1,1,3,0,2,1,0,1,0,0000000,99,99,99,99,99,99,0,0,0,1,0
47,470079,2,2,0,4,119,470,5,2,2010,6,18,5,0,13,2,US-SR6,WEST BURT DRIVE,244,35.65116667,-87.011300000,0,12,6,0,2,2,1,0,3,2,0,2,0,0000000,99,99,99,99,99,99,0,0,0,1,0
47,470080,1,1,0,3,165,0,22,2,2010,2,18,39,0,3,3,SR-174,,49,36.36785833,-86.635758330,0,21,0,0,1,1,4,0,2,10,0,10,0,0000000,99,99,99,99,99,99,0,0,0,1,0