STATE,ST_CASE,VE_TOTAL,VE_FORMS,PEDS,PERSONS,COUNTY,CITY,DAY,MONTH,YEAR,DAY_WEEK,HOUR,MINUTE,NHS,ROAD_FNC,ROUTE,TWAY_ID,TWAY_ID2,MILEPT,LATITUDE,LONGITUD,SP_JUR,HARM_EV,MAN_COLL,RELJCT1,RELJCT2,TYP_INT,REL_ROAD,WRK_ZONE,LGT_COND,WEATHER1,WEATHER2,WEATHER,SCH_BUS,RAIL,NOT_HOUR,NOT_MIN,ARR_HOUR,ARR_MIN,HOSP_HR,HOSP_MN,CF1,CF2,CF3,FATALS,DRUNK_DR
47,470081,2,2,0,4,19,760,25,2,2010,5,21,31,1,13,2,US-SR67,,29,36.32228611,-82.273072220,0,12,6,0,1,1,1,0,3,10,0,10,0,0000000,99,99,99,99,99,99,0,0,0,1,0
47,470082,1,1,0,4,53,0,27,2,2010,7,3,35,0,6,4,CHAPEL HILL ROAD,,1,35.84084167,-88.756100000,0,42,0,0,1,1,4,0,2,1,0,1,0,0000000,99,99,99,99,99,99,0,0,0,1,1
47,470083,2,2,0,3,61,1033,27,2,2010,7,21,40,0,3,3,SR-108,,55,35.37466111,-85.589183330,0,12,2,0,1,1,1,0,2,1,0,1,0,0000000,99,99,99,99,99,99,0,0,0,2,0
47,470084,1,1,0,2,119,0,27,2,2010,7,99,99,0,6,4,RICK HIGHT ROAD,,1,35.52205833,-86.904622220,0,1,0,0,1,1,4,0,9,1,0,1,0,0000000,99,99,99,99,99,99,0,0,0,1,1
47,470085,1,1,0,6,13,0,28,2,2010,1,8,20,1,1,1,I-75,,232,36.49901111,-84.207822220,0,35,0,0,1,1,4,0,1,3,0,3,0,0000000,99,99,99,99,99,99,0,0,0,1,0
47,470086,1,1,0,1,157,1620,8,1,2010,6,99,99,0,14,6,RAINES ROAD,,19,35.03505556,-89.886725000,0,33,0,0,1,1,6,0,3,99,0,99,0,0000000,99,99,99,99,88,88,0,0,0,1,0
47,470087,1,1,0,1,157,1620,21,1,2010,5,3,20,0,14,6,PERKINS ROAD EXTD,,61,35.12105000,-89.909094440,0,40,0,0,1,1,5,0,3,2,0,2,0,0000000,99,99,99,99,88,88,0,0,0,1,0
47,470088,2,2,0,6,157,1620,31,1,2010,1,3,22,1,11,1,I-40,,74,35.19164444,-89.976888890,0,12,1,0,1,1,1,0,3,8,0,8,0,0000000,99,99,99,99,99,99,0,0,0,1,1
47,470089,1,1,1,1,145,1060,18,1,2010,2,18,30,0,14,6,EMORY DRIVE,,10,35.92919722,-84.551477780,0,8,0,0,1,1,1,0,2,1,0,1,0,0000000,99,99,99,99,88,88,0,0,0,1,0
47,470090,2,2,0,2,37,1760,18,1,2010,2,17,27,0,3,2,US-SR112,EATONS CREEK ROAD,87,36.29193889,-86.883794440,0,12,1,0,2,2,1,0,2,1,0,1,0,0000000,99,99,99,99,99,99,0,0,0,1,0
47,470091,2,2,0,2,51,2600,29,1,2010,6,12,44,0,14,2,US-SR15,,164,35.17953611,-86.092277780,0,12,6,0,1,1,1,0,1,4,0,4,0,0000000,99,99,99,99,99,99,0,0,0,1,0
47,470092,1,1,0,3,155,0,24,1,2010,1,20,6,0,3,2,US-SR71,,86,35.73348333,-83.519761110,1,16,0,0,1,1,1,0,2,2,6,2,0,0000000,99,99,99,99,99,99,0,0,0,1,0
47,470093,2,2,0,4,157,1620,19,1,2010,3,23,9,0,14,6,S PARKWAY E,,12,35.10758333,-90.054705560,0,12,2,0,1,1,1,0,3,1,0,1,0,0000000,99,99,99,99,99,99,0,0,0,1,1
47,470094,1,1,0,2,157,1620,31,1,2010,1,0,50,0,14,6,CRUMPLER ROAD,,9,35.00711667,-89.848633330,0,42,0,0,1,1,4,0,2,1,0,1,0,0000000,99,99,99,99,99,99,0,0,0,1,1
47,470095,1,1,0,1,37,960,19,1,2010,3,14,30,1,11,1,I-65,,212,36.32065000,-86.703286110,0,42,0,0,1,1,4,0,1,1,0,1,0,0000000,99,99,99,99,99,99,0,0,0,1,0
47,470096,1,1,0,1,177,0,28,2,2010,1,21,45,0,6,4,OLD WELL ROAD,,1,35.64881389,-85.887702780,0,34,0,0,1,1,4,0,2,1,0,1,0,0000000,99,99,99,99,99,99,0,0,0,1,1
47,470097,1,1,1,1,93,1300,24,2,2010,4,22,40,0,14,6,CALLAHAN DRIVE,,16,36.02355833,-84.000219440,0,8,0,0,1,1,1,0,2,10,0,10,0,0000000,99,99,99,99,99,99,0,0,0,1,0
47,470098,3,3,0,9,9,30,27,2,2010,7,17,22,1,13,2,US-SR115,,147,35.79619167,-83.991455560,0,35,0,0,1,1,4,0,1,1,0,1,0,0000000,99,99,99,99,99,99,0,0,0,2,1
47,470099,1,1,0,1,109,0,4,2,2010,5,9,40,0,5,4,HAMBURG ROAD,,46,35.04361111,-88.399086110,0,42,0,0,1,1,4,0,1,2,0,2,0,0000000,99,99,99,99,99,99,0,0,0,1,0
47,470100,2,2,0,2,157,1620,4,2,2010,5,22,24,1,13,2,US-SR4,HOLMES ROAD,9,35.00596389,-89.887175000,0,12,6,0,2,2,1,0,3,2,0,2,0,0000000,99,99,99,99,99,99,0,0,0,1,0
47,470102,1,1,1,1,93,1300,1,3,2010,2,7,34,0,15,6,E SUMMIT HILL DRIVE,N GAY STREET,3,35.96722500,-83.919438890,0,8,0,1,3,3,1,0,1,1,0,1,0,0000000,99,99,99,99,99,99,0,0,0,1,0
47,470103,1,1,0,1,163,0,3,3,2010,4,11,40,0,4,3,SR-44,,160,36.57569444,-82.060705560,0,42,0,0,1,1,4,0,1,1,0,1,0,0000000,99,99,99,99,88,88,0,0,0,1,0
47,470104,1,1,0,1,13,0,6,3,2010,7,16,25,0,6,4,SHAWNEE DRIVE,,1,36.34332778,-84.131875000,0,1,0,0,1,1,1,0,1,1,0,1,0,0000000,99,99,99,99,99,99,0,0,0,1,1
47,470105,1,1,0,2,29,0,5,3,2010,6,3,40,0,3,2,US-SR9,,188,35.92243333,-82.960275000,0,35,0,0,1,1,4,0,2,1,0,1,0,0000000,99,99,99,99,99,99,0,0,0,1,0
47,470106,1,1,0,2,39,0,6,3,2010,7,20,0,0,5,4,MT CARMEL ROAD,,88,35.50031944,-88.002725000,0,1,0,0,1,1,2,0,2,1,0,1,0,0000000,99,99,99,99,88,88,0,0,0,1,1
47,470107,2,2,0,2,31,0,8,3,2010,2,5,26,1,1,1,I-24,,268,35.36399722,-85.962697220,0,12,1,0,1,1,1,0,2,1,0,1,0,0000000,5,34,5,51,7,15,0,0,0,1,0
47,470108,2,2,0,2,165,0,6,3,2010,7,17,34,1,2,2,US-SR6,,285,36.51996667,-86.266880560,0,12,2,0,1,1,1,0,5,1,0,1,0,0000000,99,99,99,99,99,99,0,0,0,1,0
47,470109,2,2,0,4,63,1700,6,3,2010,7,11,42,0,14,6,E ANDREW JOHNSON HIG,,27,36.22191389,-83.278066670,0,12,6,1,5,1,1,0,1,1,0,1,0,0000000,99,99,99,99,99,99,0,0,0,1,0
47,470110,1,1,0,2,39,0,10,3,2010,4,8,45,0,5,4,MT CARMEL ROAD,,9,35.57301111,-88.032100000,0,42,0,0,1,1,4,0,1,1,0,1,0,0000000,99,99,99,99,99,99,0,0,0,1,0
47,470111,2,2,0,3,37,1760,1,2,2010,2,13,13,1,11,1,I-40,,227,36.14272222,-86.708316670,0,12,6,0,1,1,1,0,1,4,0,4,0,0000000,99,99,99,99,99,99,0,0,0,1,0
47,470112,2,2,0,2,65,400,15,2,2010,2,6,54,1,12,3,SR-153,,41,35.07530556,-85.199336110,0,25,0,0,1,1,3,0,3,3,0,3,0,0000000,99,99,99,99,99,99,0,0,0,1,0
47,470113,1,1,1,1,65,400,17,2,2010,4,17,17,0,16,6,4TH AVENUE,,0,35.00042778,-85.288913890,0,8,0,0,4,1,1,0,1,1,0,1,0,0000000,99,99,99,99,99,99,0,0,0,1,0
47,470114,1,1,0,1,157,1620,23,2,2010,3,22,44,0,14,6,KIRBY PARKWAY,,39,35.05054167,-89.843841670,0,31,0,0,1,1,3,0,3,1,0,1,0,0000000,99,99,99,99,99,99,0,0,0,1,0
47,470115,2,2,0,4,37,1760,4,2,2010,5,22,3,0,14,6,STEWARTS FERRY PIKE,I-40 E RAMP,2,36.15586111,-86.629086110,0,12,6,1,2,8,1,0,3,2,0,2,0,0000000,99,99,99,99,99,99,0,0,0,1,0
47,470116,1,1,1,1,37,1760,24,2,2010,4,2,35,0,13,2,US-SR1,WATERFORD CIRCLE,72,36.07389722,-86.927252780,0,8,0,1,3,3,1,0,2,1,0,1,0,0000000,99,99,99,99,88,88,0,0,0,1,1
47,470117,1,1,0,1,117,1380,22,2,2010,2,7,13,0,16,6,HOPKINS AVENUE,,77,35.45276944,-86.809883330,0,42,0,0,1,1,4,0,1,1,0,1,0,0000000,99,99,99,99,99,99,0,0,0,1,0
47,470118,2,2,0,2,43,640,24,2,2010,4,18,5,0,13,2,US-SR1,SR-96,118,36.08209722,-87.340558330,0,12,6,0,2,2,1,0,3,1,0,1,0,0000000,99,99,99,99,99,99,0,0,0,1,0
47,470119,1,1,0,5,37,1760,17,2,2010,4,20,5,0,3,3,SR-100,,87,36.06145833,-86.908936110,0,11,0,0,1,1,1,0,2,1,0,1,0,0000000,99,99,99,99,99,99,0,0,0,1,0
47,470120,1,1,0,2,65,400,5,3,2010,6,22,48,1,12,3,SR-153,,2,35.02879167,-85.176669440,0,24,0,0,1,1,4,0,3,1,0,1,0,0000000,99,99,99,99,99,99,0,0,0,1,1
47,470121,1,1,0,1,93,0,5,3,2010,6,15,29,0,6,4,SUNSET HEIGHTS ROAD,,1,35.99732222,-83.724211110,0,42,0,0,1,1,4,0,1,1,0,1,0,0000000,99,99,99,99,88,88,0,0,0,1,1
47,470122,1,1,0,1,19,760,13,3,2010,7,16,50,0,14,3,SR-91,,20,36.32732778,-82.277155560,0,34,0,0,1,1,4,0,1,10,0,10,0,0000000,99,99,99,99,88,88,0,0,0,1,0
47,470123,1,1,0,1,93,1300,13,3,2010,7,1,35,0,13,2,US-SR71,,48,35.92080000,-83.861652780,0,32,0,0,1,1,3,0,3,2,0,2,0,0000000,99,99,99,99,99,99,0,0,0,1,1
47,470124,1,1,0,2,173,0,17,3,2010,4,9,22,0,5,4,WOLFE ROAD,,2,36.20430833,-83.788986110,0,42,0,0,1,1,5,0,1,1,0,1,0,0000000,99,99,99,99,99,99,0,0,0,1,0
47,470125,1,1,0,1,85,2530,11,3,2010,5,16,31,0,3,2,US-SR1,,152,36.08598333,-87.754980560,0,53,0,0,1,1,5,0,1,1,0,1,0,0000000,99,99,99,99,99,99,0,0,0,1,1
47,470126,1,1,0,1,73,0,18,3,2010,5,3,25,0,15,4,CARTERS VALLEY ROAD,,120,36.55030278,-82.748702780,0,42,0,0,1,1,4,0,2,1,0,1,0,0000000,99,99,99,99,88,88,0,0,0,1,1
47,470127,2,2,0,3,31,1550,10,3,2010,4,17,27,0,14,2,US-SR2,,170,35.45625278,-86.048480560,0,12,1,0,8,1,1,0,1,1,0,1,0,0000000,99,99,99,99,99,99,0,0,0,1,0
47,470128,1,1,0,2,63,0,12,3,2010,6,17,10,1,1,1,I-81,,65,36.19670278,-83.158844440,0,42,0,0,1,1,3,0,1,10,0,10,0,0000000,99,99,99,99,99,99,0,0,0,1,0
47,470129,2,2,0,2,159,0,12,3,2010,6,11,55,1,1,1,I-40,,129,36.17217778,-85.910597220,0,24,0,0,1,1,4,0,1,2,0,2,0,0000000,99,99,99,99,88,88,0,0,0,1,0
47,470130,1,1,0,1,7,0,13,3,2010,7,1,57,0,2,2,US-SR28,,115,35.58483611,-85.214091670,3,34,0,0,1,1,4,0,2,1,0,1,0,0000000,99,99,99,99,88,88,0,0,0,1,1
47,470131,2,2,0,2,143,0,13,3,2010,7,15,35,0,3,3,SR-68,,128,35.62269722,-84.812908330,0,12,2,0,1,1,1,0,1,2,0,2,0,0000000,99,99,99,99,99,99,0,0,0,1,0
47,470132,2,2,0,5,157,0,18,3,2010,5,23,38,0,3,3,SR-14,,266,35.27194722,-89.858838890,0,12,8,0,1,1,1,0,2,1,0,1,0,0000000,99,99,99,99,99,99,0,0,0,1,0
47,470133,1,1,0,1,123,0,10,3,2010,4,14,50,0,3,2,US-SR2,,72,35.64933611,-84.424780560,0,35,0,0,1,1,4,0,1,1,0,1,0,0000000,99,99,99,99,99,99,0,0,0,1,0
47,470134,1,1,0,5,163,0,14,3,2010,1,14,45,0,14,3,SR-358,,58,36.54284722,-82.171897220,0,1,0,0,1,1,1,0,1,1,0,1,0,0000000,99,99,99,99,99,99,0,0,0,1,0
47,470135,2,2,0,2,157,1620,17,3,2010,4,15,24,0,13,3,SR-175,SOUTHRIDGE BOULEVARD,146,35.02041944,-89.852488890,0,12,6,0,2,2,1,0,1,1,0,1,0,0000000,99,99,99,99,99,99,0,0,0,1,1
47,470136,2,2,0,4,115,0,19,3,2010,6,11,15,1,1,1,I-24,,253,35.02673333,-85.563344440,0,1,0,0,1,1,3,0,1,1,0,1,0,0000000,99,99,99,99,99,99,0,0,0,1,0
47,470137,1,1,0,7,129,0,15,3,2010,2,14,25,1,2,2,US-SR29,,52,36.05921389,-84.534430560,0,24,0,0,1,1,4,0,1,1,0,1,0,0000000,99,99,99,99,99,99,0,0,0,3,0
47,470139,2,2,0,3,123,0,19,3,2010,6,15,45,0,3,3,SR-68,,380,35.22267778,-84.334358330,0,12,2,0,1,1,1,0,1,1,0,1,0,0000000,99,99,99,99,99,99,0,0,0,1,0
47,470140,1,1,1,1,125,410,19,3,2010,6,20,14,0,13,3,SR-76,,174,36.52481667,-87.225452780,0,8,0,0,1,1,1,0,2,1,0,1,0,0000000,99,99,99,99,88,88,0,0,0,1,0
47,470141,1,1,0,1,167,0,19,3,2010,6,18,5,0,5,4,OLD MEMPHIS ROAD,,1,35.48746389,-89.685141670,0,42,0,0,1,1,4,0,1,1,0,1,0,0000000,99,99,99,99,99,99,0,0,0,1,0
47,470142,2,2,0,2,133,0,19,3,2010,6,15,41,0,4,3,SR-136,,68,36.37940000,-85.440700000,0,12,2,0,1,1,1,0,1,1,0,1,0,0000000,99,99,99,99,99,99,0,0,0,1,0
47,470143,1,1,0,1,3,0,20,3,2010,7,14,0,0,5,4,MIDLAND ROAD,,19,35.55960278,-86.467294440,0,21,0,0,1,1,4,0,1,1,0,1,0,0000000,99,99,99,99,99,99,0,0,0,1,0
47,470144,1,1,0,2,157,0,19,3,2010,6,22,0,1,11,1,I-40,,234,35.21984444,-89.742625000,0,42,0,0,1,1,5,0,2,1,0,1,0,0000000,99,99,99,99,99,99,0,0,0,1,1
47,470145,1,1,0,1,79,0,20,3,2010,7,0,40,1,2,2,US-SR69,,5,36.18175000,-88.167022220,0,35,0,0,1,1,4,0,2,1,0,1,0,0000000,99,99,99,99,88,88,0,0,0,1,1
47,470146,2,2,0,2,187,0,22,3,2010,2,17,53,0,3,3,SR-96,,13,35.98814722,-86.995744440,0,12,6,0,8,1,1,0,1,1,0,1,0,0000000,99,99,99,99,99,99,0,0,0,1,0
47,470147,1,1,0,1,25,0,23,3,2010,3,14,0,0,4,3,SR-63,,206,36.58390000,-83.622027780,0,17,0,0,1,1,4,0,1,1,0,1,0,0000000,99,99,99,99,99,99,0,0,0,1,0
47,470148,2,2,0,2,113,0,24,3,2010,4,22,20,0,3,2,US-SR1,,308,35.77813333,-88.661900000,0,12,2,0,1,1,1,0,2,10,0,10,0,0000000,99,99,99,99,99,99,0,0,0,1,1
47,470149,1,1,0,1,47,0,21,3,2010,1,8,2,1,1,1,I-40,,65,35.33350833,-89.551836110,0,1,0,0,1,1,3,0,1,2,0,2,0,0000000,99,99,99,99,88,88,0,0,0,1,0
47,470150,2,2,0,2,55,0,25,3,2010,5,22,15,1,2,2,US-SR15,,70,35.21218333,-87.109588890,0,12,6,0,1,1,1,1,2,10,0,10,0,0000000,99,99,99,99,99,99,0,0,0,1,1
47,470151,2,2,0,3,165,352,20,3,2010,7,20,43,0,3,3,SR-25,,240,36.38947500,-86.291594440,0,12,2,0,1,1,1,0,2,1,0,1,0,0000000,99,99,99,99,99,99,0,0,0,1,1
47,470152,2,2,0,2,93,1300,22,3,2010,2,8,59,0,13,2,US-SR33,RIFLE RANGE DRIVE,135,36.05799444,-83.924347220,0,12,6,0,2,2,1,0,1,1,0,1,0,0000000,99,99,99,99,99,99,0,0,0,1,0
47,470153,1,1,0,2,125,0,25,3,2010,5,13,0,0,6,4,JARMAN HOLLOW ROAD,,2,36.43481389,-87.484158330,0,42,0,0,1,1,4,0,1,2,0,2,0,0000000,99,99,99,99,99,99,0,0,0,1,0
47,470154,1,1,0,1,21,0,26,3,2010,6,0,30,0,6,4,DRY FORK ROAD,,2,36.27400000,-87.008241670,0,1,0,0,1,1,4,0,2,1,0,1,0,0000000,99,99,99,99,88,88,0,0,0,1,0
47,470155,2,2,0,4,23,0,27,3,2010,7,15,5,0,5,4,ROBY ROAD,,32,35.46133889,-88.432736110,0,12,2,0,8,1,1,0,1,1,0,1,0,0000000,99,99,99,99,99,99,0,0,0,1,0
47,470156,2,2,0,2,149,0,27,3,2010,7,10,48,0,4,3,SR-99,JACKSON RIDGE ROAD,79,35.74422778,-86.558516670,0,12,6,0,3,2,1,0,1,1,0,1,0,0000000,99,99,99,99,99,99,0,0,0,1,0
47,470157,1,1,0,1,85,0,28,3,2010,1,17,50,0,5,4,TENNESSEE RIDGE ROAD,,40,36.19971667,-87.732311110,0,34,0,0,1,1,5,0,1,2,0,2,0,0000000,99,99,99,99,99,99,0,0,0,1,1
47,470158,3,3,0,3,165,1085,15,3,2010,2,4,41,1,12,3,SR-386,CENTERPOINT ROAD,2,36.31329167,-86.658963890,0,12,6,1,2,4,1,0,2,10,0,10,0,0000000,99,99,99,99,99,99,14,0,0,1,0
47,470159,2,2,0,3,157,0,27,3,2010,7,17,45,0,3,2,US-SR1,,251,35.26933333,-89.712575000,0,12,6,0,8,1,1,0,1,1,0,1,0,0000000,99,99,99,99,99,99,0,0,0,1,0
47,470160,1,1,1,1,167,0,28,3,2010,1,4,50,0,3,3,SR-59,,238,35.50494722,-89.606702780,0,8,0,0,1,1,1,0,2,10,0,10,0,0000000,99,99,99,99,88,88,0,0,0,1,0
47,470161,1,1,0,1,165,0,29,3,2010,2,20,21,0,6,4,SANDY VALLEY ROAD,,1,36.39222500,-86.626438890,0,42,0,0,1,1,4,0,2,1,0,1,0,0000000,99,99,99,99,88,88,0,0,0,1,0
47,470162,1,1,0,2,139,0,30,3,2010,3,2,10,0,6,4,LIBERTY CHURCH ROAD,,0,34.98931667,-84.738602780,0,42,0,0,1,1,4,0,2,1,0,1,0,0000000,99,99,99,99,99,99,0,0,0,1,1
47,470163,2,2,0,2,79,1910,30,3,2010,3,10,20,0,14,3,SR-69,,106,36.28431389,-88.283686110,0,12,2,0,1,1,1,0,1,1,0,1,0,0000000,99,99,99,99,99,99,0,0,0,1,0
47,470164,1,1,0,1,135,0,31,3,2010,4,5,20,0,3,3,SR-13,,275,35.79915833,-87.783852780,0,42,0,0,1,1,4,0,2,1,0,1,0,0000000,99,99,99,99,99,99,0,0,0,1,0
47,470165,2,2,0,2,73,0,31,3,2010,4,10,5,0,3,3,SR-66,CHEROKEE HIGH SCHOOL,89,36.35961667,-83.018833330,0,12,6,0,2,3,1,0,1,1,0,1,0,0000000,99,99,99,99,99,99,0,0,0,1,0
47,470166,2,2,0,2,165,1085,31,3,2010,4,21,0,0,12,3,SR-386,,65,36.33042500,-86.573091670,0,12,2,0,1,1,1,0,1,1,0,1,0,0000000,99,99,99,99,99,99,0,0,0,1,0
47,470167,1,1,0,1,37,1760,1,3,2010,2,20,4,0,16,6,DOVERSIDE DRIVE,US-SR11,1,36.24391667,-86.756769440,0,40,0,0,2,2,5,0,3,1,0,1,0,0000000,99,99,99,99,88,88,0,0,0,1,0
47,470168,2,2,0,3,37,1760,12,3,2010,6,19,18,0,3,2,US-SR65,BAXTER ROAD,132,36.35236667,-86.879894440,0,12,6,0,2,2,1,0,2,1,0,1,0,0000000,99,99,99,99,88,88,0,0,0,1,1
47,470169,1,1,0,1,61,1033,26,3,2010,6,19,50,0,16,6,SOUTH 40TH AVENUE,,2,35.36583056,-85.629736110,0,42,0,0,1,1,4,0,2,1,0,1,0,0000000,99,99,99,99,99,99,0,0,0,1,0
47,470170,1,1,0,1,37,1760,19,1,2010,3,18,0,0,16,6,VAUGHNS GAP ROAD,HARDING PLACE,0,36.07921111,-86.885461110,0,23,0,0,3,2,4,0,3,1,0,1,0,0000000,99,99,99,99,99,99,0,0,0,1,0
47,470171,1,1,0,1,19,760,12,3,2010,6,18,55,1,13,2,US-SR37,STATE LINE ROAD,196,36.31925000,-82.199711110,0,32,0,0,2,3,3,0,3,2,0,2,0,0000000,99,99,99,99,99,99,0,0,0,1,0
47,470172,1,1,0,1,157,1620,15,3,2010,2,15,7,0,13,3,SR-14,,132,35.19245000,-89.921272220,0,42,0,0,5,1,4,0,1,1,0,1,0,0000000,99,99,99,99,88,88,0,0,0,1,0
47,470173,2,2,0,2,25,1795,29,3,2010,2,10,35,0,3,3,SR-33,FIFTH AVENUE,112,36.44499722,-83.595402780,0,12,6,0,2,2,1,0,1,1,0,1,0,0000000,99,99,99,99,99,99,0,0,0,1,0
47,470174,1,1,0,2,85,0,31,3,2010,4,0,48,0,5,4,TENNESSEE RIVER BLUE,,32,35.85410833,-87.897427780,0,42,0,0,1,1,4,0,2,1,0,1,0,0000000,99,99,99,99,99,99,0,0,0,1,0
47,470175,1,1,0,1,93,0,18,3,2010,5,17,58,0,6,4,HEISKELL ROAD,,1,36.08311389,-84.055177780,0,34,0,0,1,1,4,0,1,1,0,1,0,0000000,99,99,99,99,99,99,0,0,0,1,0
47,470176,1,1,0,1,185,0,30,3,2010,3,5,40,0,3,2,US-SR26,,43,35.95669722,-85.587736110,0,34,0,0,1,1,4,0,4,5,0,5,0,0000000,99,99,99,99,99,99,0,0,0,1,0
47,470177,1,1,0,1,93,0,13,3,2010,7,18,57,0,15,4,EBENEZER ROAD,,5,35.90995278,-84.077297220,0,42,0,0,1,1,4,0,2,1,0,1,0,0000000,99,99,99,99,88,88,0,0,0,1,0
47,470178,1,1,0,1,9,30,15,5,2010,7,8,37,1,13,2,US-SR115,WILLOW ROAD,187,35.84954444,-83.963838890,0,33,0,0,3,1,4,0,1,1,0,1,0,0000000,99,99,99,99,88,88,0,0,0,1,0
47,470179,2,2,0,2,79,0,2,4,2010,6,11,0,1,2,2,US-SR76,PIONEER ROAD,63,36.21535556,-88.397891670,0,12,6,0,3,3,1,0,1,1,0,1,0,0000000,99,99,99,99,88,88,0,0,0,1,0
47,470180,1,1,0,1,107,0,2,4,2010,6,20,55,0,5,4,609,,32,35.31886389,-84.556305560,0,43,0,0,1,1,4,0,2,1,0,1,0,0000000,99,99,99,99,88,88,0,0,0,1,1
47,470181,1,1,0,2,123,0,5,4,2010,2,18,5,0,5,4,RIVER ROAD,,5,35.34194444,-84.229947220,0,35,0,0,1,1,4,0,1,1,0,1,0,0000000,99,99,99,99,99,99,0,0,0,1,0
47,470182,1,1,0,1,143,0,6,4,2010,3,16,15,0,5,4,OAK HILL ROAD,,28,35.52941389,-84.954655560,0,42,0,0,1,1,4,0,1,1,0,1,0,0000000,99,99,99,99,99,99,0,0,0,1,0
47,470183,2,2,0,2,65,400,5,3,2010,6,6,48,1,11,1,I-24,,47,35.02928611,-85.356538890,0,24,0,0,1,1,3,0,1,1,0,1,0,0000000,99,99,99,99,99,99,0,0,0,1,0
47,470184,1,1,0,2,145,0,6,4,2010,3,19,40,0,14,4,AIRPORT ROAD,,2,35.88317500,-84.686491670,0,42,0,0,1,1,4,0,1,1,0,1,0,0000000,99,99,99,99,99,99,0,0,0,1,0
47,470185,1,1,0,1,185,0,6,4,2010,3,14,50,0,5,4,SOUTH BUNKERHILL ROA,,1,36.06564722,-85.552650000,0,1,0,0,1,1,4,0,1,1,0,1,0,0000000,14,57,15,6,15,34,0,0,0,1,0
47,470186,1,1,1,2,89,0,8,4,2010,5,20,40,0,4,3,SR-139,,3,36.06178056,-83.675088890,0,15,0,0,1,1,1,0,2,1,0,1,0,0000000,99,99,99,99,99,99,0,0,0,1,0
47,470187,2,2,0,2,149,0,15,3,2010,2,17,45,0,14,4,OLD NASHVILLE HIGHWA,FLORENCE ROAD,74,35.91375833,-86.470072220,0,12,6,0,2,2,1,0,1,1,0,1,0,0000000,99,99,99,99,99,99,0,0,0,1,0
47,470188,2,2,0,5,65,0,28,3,2010,1,9,38,0,15,3,SR-312,,159,35.17742222,-85.034994440,0,12,6,0,1,1,1,0,1,2,0,2,0,0000000,99,99,99,99,99,99,0,0,0,1,0
47,470189,1,1,0,2,157,1620,31,3,2010,4,23,39,0,13,6,S PARKWAY E,,47,35.10899167,-89.996352780,0,42,0,0,1,1,3,0,2,1,0,1,0,0000000,99,99,99,99,88,88,0,0,0,2,0
47,470190,1,1,1,1,161,0,27,3,2010,7,14,30,0,5,4,BUMPUS MILLS ROAD,,34,36.55030556,-87.829116670,0,8,0,0,8,1,1,0,1,1,0,1,0,0000000,99,99,99,99,99,99,0,0,0,1,0
47,470191,3,3,0,5,59,2473,2,4,2010,6,19,5,1,13,2,US-SR34,,188,36.17827500,-82.783633330,0,59,0,0,1,1,3,0,1,1,0,1,0,0000000,99,99,99,99,99,99,14,0,0,3,0
47,470192,3,3,0,3,5,0,6,4,2010,3,12,30,1,2,2,US-SR69,,66,35.93565278,-88.108163890,0,12,8,0,1,1,1,0,1,1,0,1,0,0000000,99,99,99,99,99,99,0,0,0,1,0
47,470193,1,1,0,1,183,0,8,4,2010,5,21,25,0,4,3,SR-89,,40,36.24475833,-88.912138890,0,34,0,0,1,1,4,0,2,1,0,1,0,0000000,99,99,99,99,99,99,0,0,0,1,0
47,470194,1,1,0,1,47,0,9,4,2010,6,12,9,0,6,4,HENDRICK ROAD,SINAI DRIVE,0,35.37239444,-89.529197220,0,34,0,0,3,3,4,0,1,1,0,1,0,0000000,99,99,99,99,88,88,0,0,0,1,0
47,470195,1,1,0,2,133,0,11,4,2010,1,15,5,0,6,4,TURKEYTOWN ROAD,,1,36.41916667,-85.479716670,0,42,0,0,1,1,4,0,1,1,0,1,0,0000000,99,99,99,99,99,99,0,0,0,1,1
47,470196,1,1,0,1,37,1760,29,3,2010,2,13,35,1,13,3,SR-45,,88,36.26366944,-86.675177780,0,24,0,0,1,1,4,0,1,1,0,1,0,0000000,99,99,99,99,88,88,0,0,0,1,0
47,470197,3,3,0,7,59,0,4,4,2010,1,16,20,0,3,3,SR-70,VIKING MOUNTAIN ROAD,3,35.98703611,-82.790727780,0,12,9,0,3,3,1,0,1,1,0,1,0,0000000,99,99,99,99,99,99,0,0,0,1,0
47,470198,2,2,0,5,185,0,6,4,2010,3,15,30,0,3,2,US-SR26,SR-136,52,35.95430833,-85.571152780,0,12,6,0,2,2,1,0,1,1,0,1,0,0000000,99,99,99,99,99,99,0,0,0,1,0
47,470199,1,1,0,1,55,0,12,4,2010,2,6,30,1,1,1,I-65,,161,35.21865833,-86.886372220,0,1,0,0,1,1,3,0,1,1,0,1,0,0000000,99,99,99,99,99,99,0,0,0,1,0
47,470200,2,2,0,4,105,1370,7,4,2010,4,19,43,1,13,2,US-SR73,FRIENDSHIP ROAD,42,35.83275278,-84.286213890,0,12,6,0,2,2,1,0,1,1,0,1,0,0000000,99,99,99,99,99,99,0,0,0,1,0
47,470201,2,2,0,3,9,30,9,4,2010,6,14,49,1,13,2,US-SR115,SR-333,199,35.86654444,-83.959666670,0,12,6,0,2,3,1,0,1,1,0,1,0,0000000,99,99,99,99,99,99,0,0,0,2,0