STATE,ST_CASE,VE_TOTAL,VE_FORMS,PEDS,PERSONS,COUNTY,CITY,DAY,MONTH,YEAR,DAY_WEEK,HOUR,MINUTE,NHS,ROAD_FNC,ROUTE,TWAY_ID,TWAY_ID2,MILEPT,LATITUDE,LONGITUD,SP_JUR,HARM_EV,MAN_COLL,RELJCT1,RELJCT2,TYP_INT,REL_ROAD,WRK_ZONE,LGT_COND,WEATHER1,WEATHER2,WEATHER,SCH_BUS,RAIL,NOT_HOUR,NOT_MIN,ARR_HOUR,ARR_MIN,HOSP_HR,HOSP_MN,CF1,CF2,CF3,FATALS,DRUNK_DR
47,470202,1,1,0,1,43,0,10,4,2010,7,99,99,0,3,2,US-SR1,,133,36.08916389,-87.316772220,0,35,0,0,1,1,4,0,2,1,0,1,0,0000000,99,99,99,99,99,99,0,0,0,1,0
47,470203,2,2,0,2,85,0,10,4,2010,7,3,29,1,1,1,I-40,,84,35.87878333,-87.797391670,0,1,0,0,1,1,3,0,2,1,0,1,0,0000000,99,99,99,99,99,99,0,0,0,1,0
47,470204,3,3,0,4,167,0,13,4,2010,3,9,38,0,4,3,SR-59,WALTON LOOP,167,35.56587500,-89.672672220,0,12,1,0,2,3,1,0,1,1,0,1,0,0000000,99,99,99,99,99,99,14,0,0,1,0
47,470205,2,2,0,3,19,1050,14,4,2010,4,16,25,1,2,2,US-SR67,,104,36.30133611,-82.130194440,0,12,2,0,1,1,1,0,1,1,0,1,0,0000000,99,99,99,99,88,88,0,0,0,1,1
47,470206,1,1,0,1,15,0,23,4,2010,6,17,19,0,4,3,SR-146,,89,35.86800833,-85.920783330,0,1,0,0,1,1,4,0,1,1,0,1,0,0000000,99,99,99,99,99,99,0,0,0,1,0
47,470207,2,2,0,6,17,0,13,4,2010,3,17,12,0,3,2,US-SR1,SR-424,74,35.93035556,-88.494669440,0,12,6,0,2,3,1,0,1,1,0,1,0,0000000,99,99,99,99,99,99,0,0,0,1,0
47,470208,1,1,0,1,37,1760,24,1,2010,1,23,24,0,16,6,POST ROAD,,1,36.12261111,-86.858886110,0,38,0,0,1,1,5,0,2,2,0,2,0,0000000,99,99,99,99,99,99,0,0,0,1,1
47,470209,1,1,0,1,37,1760,27,1,2010,4,23,42,0,14,6,BELL ROAD,,53,36.14338611,-86.626691670,0,32,0,0,1,1,4,0,2,1,0,1,0,0000000,99,99,99,99,88,88,0,0,0,1,1
47,470210,2,2,0,3,163,1280,22,1,2010,6,14,11,1,12,3,SR-93,,92,36.51865556,-82.517366670,0,12,6,0,1,1,1,0,1,1,0,1,0,0000000,99,99,99,99,99,99,0,0,0,1,0
47,470211,1,1,0,1,163,1280,12,2,2010,6,11,0,1,13,2,US-SR11,,98,36.56665556,-82.450725000,0,52,0,0,1,1,3,0,1,1,0,1,0,0000000,99,99,99,99,88,88,0,0,0,1,0
47,470212,1,1,0,1,37,1760,9,2,2010,3,5,20,1,1,1,I-40,,15,36.07730278,-87.012447220,0,42,0,0,1,1,4,0,2,2,4,4,0,0000000,99,99,99,99,99,99,0,0,0,1,0
47,470213,1,1,1,1,37,1760,9,2,2010,3,11,42,0,16,6,CEDARMONT DRIVE,,0,36.04221389,-86.703280560,0,8,0,0,1,1,1,0,1,10,0,10,0,0000000,99,99,99,99,88,88,0,0,0,1,1
47,470215,1,1,0,2,37,1105,28,2,2010,1,1,27,0,14,3,SR-265,,8,36.17211111,-86.592522220,0,1,0,0,1,1,4,0,2,1,0,1,0,0000000,99,99,99,99,88,88,0,0,0,2,1
47,470216,1,1,0,1,37,1760,12,3,2010,6,7,0,1,13,3,SR-254,BROOKVIEW ESTATES DR,128,36.04395000,-86.693269440,0,30,0,1,2,3,4,0,1,2,0,2,0,0000000,99,99,99,99,88,88,0,0,0,1,0
47,470217,2,2,0,2,93,1973,13,4,2010,3,23,48,0,13,2,US-SR9,SR-131,11,36.01891944,-84.052347220,0,12,6,0,2,2,1,0,2,1,0,1,0,0000000,99,99,99,99,99,99,0,0,0,1,1
47,470218,1,1,0,1,163,290,15,3,2010,2,12,36,1,13,2,US-SR1,,79,36.55631389,-82.483044440,0,59,0,0,1,1,4,0,1,1,0,1,0,0000000,99,99,99,99,88,88,0,0,0,1,0
47,470219,1,1,0,1,125,410,3,4,2010,7,19,19,0,14,2,US-SR112,,134,36.52499722,-87.343152780,0,42,0,0,1,1,4,0,3,1,0,1,0,0000000,99,99,99,99,88,88,0,0,0,1,1
47,470220,1,1,1,2,31,1550,10,4,2010,7,20,52,0,14,2,US-SR2,,156,35.46639444,-86.069727780,0,8,0,0,1,1,1,0,3,1,0,1,0,0000000,99,99,99,99,99,99,0,0,0,1,0
47,470221,1,1,0,1,65,400,10,4,2010,7,2,40,0,16,6,APPLING STREET,,1,35.07267222,-85.266972220,0,34,0,0,1,1,4,0,3,1,0,1,0,0000000,99,99,99,99,88,88,0,0,0,1,1
47,470222,2,2,0,3,53,0,14,4,2010,4,7,30,0,4,3,SR-186,SANDERS STORE MILAN,78,35.89809167,-88.842241670,0,12,2,0,2,3,1,0,1,1,0,1,0,0000000,99,99,99,99,99,99,0,0,0,1,0
47,470223,2,2,0,2,125,410,14,4,2010,4,4,51,1,13,3,SR-374,ASHRIDGE DRIVE,127,36.55269722,-87.289616670,0,12,6,0,2,2,1,0,2,1,0,1,0,0000000,99,99,99,99,99,99,0,0,0,1,1
47,470224,1,1,1,2,147,0,14,4,2010,4,23,20,1,1,1,I-65,,23,36.44436944,-86.700363890,0,8,0,0,1,1,1,0,2,1,0,1,0,0000000,99,99,99,99,99,99,0,0,0,1,0
47,470225,1,1,0,5,65,400,7,3,2010,1,1,53,0,16,6,OLD DAYTON PIKE,,1,35.16348889,-85.263347220,0,34,0,0,1,1,4,0,2,1,0,1,0,0000000,99,99,99,99,99,99,0,0,0,1,0
47,470226,1,1,0,1,93,1300,11,4,2010,1,5,9,0,15,6,RIFLE RANGE DRIVE,,30,36.04585556,-83.947661110,0,1,0,0,1,1,4,0,2,1,0,1,0,0000000,99,99,99,99,88,88,0,0,0,1,1
47,470227,2,2,0,2,11,0,15,4,2010,5,15,41,1,11,1,I-75,,77,35.18068333,-84.911505560,0,12,1,0,1,1,1,0,1,1,0,1,0,0000000,99,99,99,99,99,99,0,0,0,1,0
47,470228,1,1,1,1,93,1300,15,4,2010,5,20,22,0,16,6,GARDEN DRIVE,,0,36.04614167,-83.919819440,0,8,0,0,1,1,1,0,1,1,0,1,0,0000000,99,99,99,99,99,99,0,0,0,1,0
47,470229,1,1,0,2,43,0,16,4,2010,6,23,46,0,6,4,CEDAR CREEK ROAD,,1,36.22751944,-87.446355560,0,35,0,0,1,1,4,0,2,1,0,1,0,0000000,99,99,99,99,88,88,0,0,0,1,1
47,470230,1,1,0,1,77,0,17,4,2010,7,0,45,0,3,3,SR-22,SR-100,2,35.49554722,-88.378036110,0,35,0,0,3,2,4,0,2,1,0,1,0,0000000,99,99,99,99,88,88,0,0,0,1,1
47,470231,1,1,0,1,125,410,18,4,2010,1,4,30,1,11,1,I-24,,86,36.54838056,-87.243280560,0,42,0,0,1,1,3,0,2,1,0,1,0,0000000,99,99,99,99,88,88,0,0,0,1,1
47,470232,2,2,0,2,149,1750,4,3,2010,5,11,22,0,13,2,US-SR1,SR-268,141,35.87647222,-86.424669440,0,12,6,0,2,2,1,0,1,1,0,1,0,0000000,99,99,99,99,88,88,0,0,0,1,0
47,470233,2,2,0,3,103,0,15,4,2010,5,23,5,1,2,2,US-SR10,SR-275,23,35.02372222,-86.575897220,0,12,6,0,2,2,1,0,3,1,0,1,0,0000000,99,99,99,99,99,99,0,0,0,1,0
47,470234,2,2,0,3,113,1200,15,4,2010,5,16,20,1,13,2,US-SR1,AIRWAYS BOULEVARD,139,35.61753889,-88.842433330,0,12,1,0,3,2,1,0,1,1,0,1,0,0000000,99,99,99,99,99,99,0,0,0,1,0
47,470235,2,2,0,3,107,0,13,4,2010,3,17,35,0,5,4,700,,25,35.40192500,-84.635838890,0,12,2,0,1,1,1,0,1,1,0,1,0,0000000,99,99,99,99,99,99,0,0,0,1,0
47,470236,2,2,0,2,171,0,18,4,2010,1,12,0,0,6,4,MILL CREEK ROAD,,4,36.10164444,-82.482333330,0,12,6,0,4,1,1,0,1,1,0,1,0,0000000,99,99,99,99,99,99,0,0,0,1,0
47,470237,1,1,0,1,1,0,19,4,2010,2,13,35,0,3,2,US-SR9,,173,36.02556944,-84.080069440,0,43,0,0,1,1,4,0,1,1,0,1,0,0000000,99,99,99,99,88,88,0,0,0,1,0
47,470238,1,1,0,2,11,0,19,4,2010,2,5,10,1,11,1,I-75,,169,35.33014722,-84.759391670,0,1,0,0,1,1,3,0,2,1,0,1,0,0000000,99,99,99,99,88,88,0,0,0,2,0
47,470239,1,1,0,1,109,0,19,4,2010,2,1,30,0,4,3,SR-117,,47,35.21195556,-88.395808330,0,23,0,0,1,1,4,0,2,1,0,1,0,0000000,99,99,99,99,99,99,0,0,0,1,0
47,470240,1,1,0,1,17,0,17,4,2010,7,13,12,0,4,3,SR-77,,262,36.14130556,-88.331419440,0,31,0,0,1,1,4,0,1,1,0,1,0,0000000,99,99,99,99,99,99,0,0,0,1,0
47,470241,2,2,0,3,65,0,18,4,2010,1,15,22,0,14,2,US-SR2,,226,35.07900556,-85.034611110,0,12,6,0,1,1,1,0,1,1,0,1,0,0000000,99,99,99,99,99,99,0,0,0,1,0
47,470242,2,2,0,3,37,1760,4,1,2010,2,9,25,1,11,1,I-40,,214,36.14075000,-86.726438890,0,12,1,0,1,1,1,0,1,4,0,4,0,0000000,99,99,99,99,99,99,0,0,0,1,0
47,470243,1,1,1,1,37,1760,22,1,2010,6,11,30,0,14,6,MAIN STREET,,5,36.17598889,-86.757177780,0,8,0,0,1,1,1,0,1,10,0,10,0,0000000,99,99,99,99,99,99,0,0,0,1,0
47,470244,1,1,0,1,37,1760,5,4,2010,2,14,18,0,14,3,SR-155,,14,36.11118611,-86.748886110,0,40,0,0,1,1,4,0,1,1,0,1,0,0000000,99,99,99,99,99,99,0,0,0,1,0
47,470245,3,3,0,5,157,1620,18,4,2010,1,18,27,1,11,1,I-240,,61,35.07211944,-90.025213890,0,12,8,0,1,1,1,0,1,1,0,1,0,0000000,99,99,99,99,99,99,0,0,0,1,0
47,470246,2,2,0,2,37,960,19,3,2010,6,10,28,0,14,6,RIVERGATE PARKWAY,I-65 RAMP,31,36.30863056,-86.704250000,0,12,2,1,3,3,1,0,1,1,0,1,0,0000000,99,99,99,99,99,99,0,0,0,1,0
47,470247,1,1,0,1,73,0,20,4,2010,3,16,45,0,4,3,SR-347,,157,36.40638056,-82.771316670,0,38,0,0,1,1,4,0,1,2,0,2,0,0000000,99,99,99,99,99,99,0,0,0,1,0
47,470248,1,1,0,1,89,0,20,4,2010,3,99,99,0,3,3,SR-92,,210,36.13811667,-83.524502780,0,42,0,0,1,1,4,0,1,10,0,10,0,0000000,99,99,99,99,88,88,0,0,0,1,0
47,470249,5,5,0,5,63,1700,16,4,2010,6,15,44,0,15,6,KIDWELL RIDGE ROAD,,1,36.19610833,-83.353813890,0,12,1,0,1,1,1,0,1,1,0,1,0,0000000,99,99,99,99,99,99,0,0,0,1,0
47,470250,1,1,0,1,25,1065,22,4,2010,5,20,30,1,2,2,US-SR32,,155,36.53536944,-83.628038890,0,32,0,0,1,1,4,0,2,1,0,1,0,0000000,99,99,99,99,99,99,0,0,0,1,0
47,470251,1,1,0,2,125,0,22,4,2010,5,13,15,1,1,1,I-24,,156,36.48145833,-87.150827780,0,1,0,0,1,1,4,0,1,1,0,1,0,0000000,99,99,99,99,99,99,0,0,0,1,0
47,470252,1,1,0,1,65,0,25,4,2010,1,5,0,0,3,3,SR-58,,256,35.29418056,-84.965300000,0,35,0,0,1,1,4,0,2,5,0,5,0,0000000,99,99,99,99,88,88,0,0,0,1,1
47,470253,1,1,0,2,19,0,30,4,2010,6,18,21,0,3,2,US-SR37,,36,36.35515833,-82.206627780,0,32,0,0,1,1,4,0,1,1,0,1,0,0000000,99,99,99,99,99,99,0,0,0,1,1
47,470254,1,1,0,4,173,0,7,4,2010,4,19,55,0,5,4,TATER VALLEY ROAD,,21,36.25447500,-83.714158330,0,30,0,0,1,1,5,0,5,1,0,1,0,0000000,99,99,99,99,99,99,0,0,0,1,1
47,470255,1,1,0,2,123,0,24,4,2010,7,15,35,0,5,4,FAIRVIEW ROAD,,37,35.41422222,-84.279866670,0,17,0,0,1,1,4,0,1,2,0,2,0,0000000,99,99,99,99,99,99,0,0,0,1,0
47,470256,1,1,0,1,157,1620,18,4,2010,1,99,99,0,14,3,SR-205,,25,35.08120833,-89.651430560,0,23,0,0,1,1,4,0,9,1,0,1,0,0000000,99,99,99,99,88,88,0,0,0,1,1
47,470258,1,1,0,1,179,1260,17,4,2010,7,18,41,0,13,3,SR-81,,148,36.30757778,-82.516211110,0,31,0,0,1,1,4,0,1,1,0,1,0,0000000,99,99,99,99,88,88,0,0,0,1,0
47,470259,1,1,0,2,93,1300,27,4,2010,3,10,13,0,13,2,US-SR33,,126,36.04677500,-83.928788890,0,30,0,0,1,1,3,0,1,2,0,2,0,0000000,99,99,99,99,99,99,0,0,0,1,0
47,470260,1,1,0,1,73,0,27,4,2010,3,21,15,0,6,4,PAYNE RIDGE ROAD,,7,36.56578056,-82.752586110,0,42,0,0,1,1,4,0,2,2,0,2,0,0000000,99,99,99,99,99,99,0,0,0,1,1
47,470261,1,1,0,1,177,0,20,4,2010,3,15,0,0,3,3,SR-8,,60,35.62701389,-85.658844440,0,35,0,0,1,1,4,0,1,1,0,1,0,0000000,99,99,99,99,99,99,0,0,0,1,0
47,470262,1,1,0,1,1,0,28,4,2010,4,11,17,1,1,1,I-75,,55,36.18192222,-84.094858330,0,24,0,0,1,1,4,0,1,1,0,1,0,0000000,99,99,99,99,99,99,0,0,0,1,0
47,470263,1,1,0,1,21,0,29,4,2010,5,16,10,0,5,4,POND CREEK ROAD,,44,36.14302222,-86.996955560,0,42,0,0,1,1,4,0,1,1,0,1,0,0000000,99,99,99,99,88,88,0,0,0,1,0
47,470264,1,1,0,2,151,1880,29,4,2010,5,8,50,1,2,2,US-SR29,,208,36.52851944,-84.492986110,0,24,0,0,1,1,4,0,1,1,0,1,0,0000000,99,99,99,99,99,99,0,0,0,1,0
47,470265,2,1,0,1,185,0,30,4,2010,6,13,0,0,6,4,SUNSET DRIVE,,0,35.91259444,-85.491608330,0,19,0,0,1,1,5,0,1,1,0,1,0,0000000,13,0,13,6,13,24,0,0,0,1,0
47,470266,2,1,1,1,59,1010,24,4,2010,7,4,30,1,13,2,US-SR34,,132,36.17069722,-82.875769440,0,14,0,0,1,1,2,0,2,1,0,1,0,0000000,99,99,99,99,88,88,14,0,0,1,0
47,470267,3,3,0,4,47,2270,1,5,2010,7,21,20,1,2,2,US-SR15,WARREN ROAD,113,35.23330833,-89.442969440,0,12,6,0,2,2,1,0,2,10,0,10,0,0000000,99,99,99,99,99,99,0,0,0,1,0
47,470268,2,2,0,2,11,420,4,5,2010,3,7,6,0,13,3,SR-60,PAUL HUFF PARKWAY,184,35.21352778,-84.882497220,0,12,6,0,2,3,1,0,1,5,0,5,0,0000000,99,99,99,99,99,99,0,0,0,1,0
47,470269,1,1,0,1,111,0,4,5,2010,3,12,12,0,2,3,SR-52,,25,36.53043333,-86.182080560,0,52,0,0,1,1,4,0,1,1,0,1,0,0000000,99,99,99,99,99,99,0,0,0,1,0
47,470270,2,2,0,2,15,2610,5,5,2010,4,14,50,0,4,3,SR-145,,4,35.83110556,-86.085691670,0,12,2,0,1,1,1,0,1,1,0,1,0,0000000,14,51,14,55,15,20,0,0,0,1,0
47,470271,1,1,0,1,17,0,5,5,2010,4,11,48,1,2,3,SR-22,,187,36.07387778,-88.465866670,0,1,0,0,1,1,1,0,1,1,0,1,0,0000000,99,99,99,99,88,88,0,0,0,1,0
47,470272,1,1,0,1,145,0,3,5,2010,2,17,25,0,6,4,AIRPORT ROAD,,1,35.88331389,-84.686436110,0,42,0,0,1,1,4,0,1,1,0,1,0,0000000,99,99,99,99,99,99,0,0,0,1,0
47,470273,2,2,0,2,93,0,4,5,2010,3,7,35,0,3,2,US-SR9,N WOODDALE ROAD,114,36.02230833,-83.769508330,0,12,6,0,3,3,1,0,1,1,0,1,0,0000000,99,99,99,99,99,99,0,0,0,1,0
47,470274,1,1,0,2,107,0,5,5,2010,4,11,45,1,1,1,I-75,,98,35.42106389,-84.694138890,0,1,0,0,1,1,4,0,1,1,0,1,0,0000000,99,99,99,99,99,99,0,0,0,1,0
47,470275,1,1,1,1,103,0,8,5,2010,7,11,50,0,4,3,SR-274,,28,35.03051389,-86.723863890,0,9,0,0,1,1,1,0,1,1,0,1,0,0000000,99,99,99,99,99,99,0,0,0,1,0
47,470276,1,1,0,1,113,1200,8,5,2010,7,3,30,1,13,2,US-SR5,,88,35.56429444,-88.814400000,0,42,0,0,1,1,5,0,3,1,0,1,0,0000000,99,99,99,99,99,99,0,0,0,1,0
47,470277,1,1,0,2,165,890,8,5,2010,7,21,14,0,16,6,GIBBS LANE,,1,36.42337222,-86.411911110,0,34,0,0,1,1,4,0,3,1,0,1,0,0000000,99,99,99,99,88,88,0,0,0,2,1
47,470279,1,1,0,2,53,0,10,5,2010,2,12,40,0,4,3,SR-187,,27,35.85750000,-88.824827780,0,34,0,0,1,1,4,0,1,10,0,10,0,0000000,99,99,99,99,99,99,0,0,0,1,0
47,470280,1,1,0,1,129,2093,11,5,2010,3,14,10,0,3,3,SR-52,,30,36.35298056,-84.695525000,0,42,0,0,1,1,4,0,1,1,0,1,0,0000000,99,99,99,99,99,99,0,0,0,1,0
47,470281,2,2,0,2,151,0,7,5,2010,6,10,45,1,2,2,US-SR29,,123,36.42401111,-84.536088890,0,12,2,0,8,1,1,0,1,1,0,1,0,0000000,99,99,99,99,99,99,0,0,0,1,0
47,470282,2,2,0,2,143,0,11,5,2010,3,4,30,0,4,3,SR-302,TAYLOR ROAD,24,35.56580000,-84.881541670,0,12,2,0,2,3,1,0,2,1,0,1,0,0000000,99,99,99,99,99,99,0,0,0,1,0
47,470283,1,1,0,1,65,0,8,5,2010,7,15,55,0,15,4,HARRISON BAY ROAD,,16,35.17031667,-85.114194440,8,42,0,0,1,1,4,0,1,1,0,1,0,0000000,99,99,99,99,99,99,0,0,0,1,1
47,470284,1,1,0,2,65,0,9,5,2010,1,0,53,0,13,3,SR-319,,144,35.21325556,-85.124097220,0,24,0,0,1,1,4,0,2,1,0,1,0,0000000,99,99,99,99,99,99,0,0,0,1,1
47,470285,2,2,0,4,123,0,14,5,2010,6,7,40,0,3,3,SR-39,,38,35.35835556,-84.335341670,0,12,6,0,1,1,1,0,1,1,0,1,0,0000000,99,99,99,99,99,99,0,0,0,1,0
47,470286,2,2,0,2,159,0,14,5,2010,6,0,6,1,1,1,I-40,,17,36.17125278,-86.062119440,0,12,2,0,1,1,1,0,2,1,0,1,0,0000000,99,99,99,99,88,88,0,0,0,1,1
47,470287,1,1,0,1,29,0,16,5,2010,1,17,56,0,6,4,DARK HOLLOW ROAD,,0,35.86762222,-83.192955560,0,42,0,0,1,1,4,0,1,2,0,2,0,0000000,99,99,99,99,99,99,0,0,0,1,1
47,470288,1,1,0,2,39,0,15,5,2010,7,23,49,0,6,4,GILBERT ROAD,,3,35.66174167,-88.166763890,0,42,0,0,1,1,4,0,2,2,0,2,0,0000000,99,99,99,99,99,99,0,0,0,1,1
47,470289,1,1,0,2,63,0,16,5,2010,1,19,40,0,5,4,KIDWELLS RIDGE ROAD,,39,36.23306111,-83.388938890,0,42,0,0,1,1,4,0,5,2,0,2,0,0000000,99,99,99,99,99,99,0,0,0,1,1
47,470290,1,1,0,2,155,0,16,5,2010,1,2,5,0,4,2,US-SR9,,0,36.01833056,-83.669477780,0,42,0,0,1,1,4,0,2,1,0,1,0,0000000,99,99,99,99,99,99,0,0,0,1,1
47,470291,2,2,0,2,157,0,18,5,2010,3,6,35,1,13,2,US-SR3,FITE ROAD,219,35.27275000,-89.982586110,0,12,6,0,2,3,1,0,1,1,0,1,0,0000000,99,99,99,99,99,99,0,0,0,1,0
47,470292,2,2,0,4,93,1300,18,5,2010,3,17,28,0,13,2,US-SR1,CHESHIRE DRIVE,122,35.92958333,-84.032933330,0,12,6,0,2,2,1,0,1,1,0,1,0,0000000,99,99,99,99,99,99,0,0,0,1,1
47,470293,1,1,0,1,53,0,20,5,2010,5,2,35,0,5,4,GRIFFIN CHAPEL ROAD,,13,36.08012222,-88.854502780,0,42,0,0,1,1,4,0,2,1,0,1,0,0000000,99,99,99,99,99,99,0,0,0,1,1
47,470294,1,1,0,1,9,1570,19,3,2010,6,20,12,1,13,2,US-SR73,OLD GREY RIDGE ROAD,64,35.75911944,-84.067683330,0,1,0,0,2,3,1,0,2,1,0,1,0,0000000,99,99,99,99,99,99,0,0,0,1,0
47,470295,1,1,0,3,149,0,13,5,2010,5,5,15,0,4,3,SR-99,,254,35.79206667,-86.304325000,0,32,0,0,1,1,4,0,4,1,0,1,0,0000000,99,99,99,99,99,99,0,0,0,1,0
47,470296,1,1,0,2,115,0,13,5,2010,5,7,15,0,4,2,US-SR2,,196,35.03364444,-85.573705560,0,1,0,0,1,1,1,0,1,1,0,1,0,0000000,99,99,99,99,99,99,0,0,0,2,0
47,470297,2,2,0,3,165,1970,20,3,2010,7,19,3,0,16,6,COLLEGE STREET,FIRESIDE DRIVE,0,36.58486944,-86.549444440,0,12,6,0,2,3,1,0,5,1,0,1,0,0000000,99,99,99,99,99,99,0,0,0,2,0
47,470298,5,1,0,1,93,1300,23,5,2010,1,1,32,0,14,6,PARKSIDE DRIVE,,34,35.90842222,-84.123616670,0,14,0,0,1,1,5,0,3,1,0,1,0,0000000,99,99,99,99,88,88,14,0,0,1,0
47,470299,1,1,0,2,165,0,25,5,2010,3,21,30,0,6,4,BUNTIN MILL ROAD,,1,36.54846944,-86.597366670,0,35,0,0,1,1,4,0,2,1,0,1,0,0000000,99,99,99,99,88,88,0,0,0,1,1
47,470300,1,1,0,1,35,839,27,5,2010,5,1,20,0,4,3,SR-101,,207,35.99593333,-84.922525000,0,59,0,0,1,1,4,0,2,1,0,1,0,0000000,1,26,1,34,88,88,0,0,0,1,1
47,470301,1,1,0,1,43,317,27,5,2010,5,6,0,0,15,6,OLD COLUMBIA ROAD,,21,36.05469444,-87.344355560,0,53,0,0,1,1,4,0,1,1,0,1,0,0000000,99,99,99,99,99,99,0,0,0,1,0
47,470302,2,2,0,2,37,1760,17,3,2010,4,12,56,0,3,2,US-SR112,,76,36.28920278,-86.880055560,0,12,6,0,1,1,1,0,1,1,0,1,0,0000000,99,99,99,99,99,99,0,0,0,1,0
47,470303,2,2,0,2,45,0,23,5,2010,1,10,45,0,2,3,SR-104,,211,36.02557778,-89.309866670,0,12,2,0,1,1,1,0,1,1,0,1,0,0000000,99,99,99,99,99,99,0,0,0,1,0
47,470304,2,2,0,2,59,0,27,5,2010,5,18,30,0,3,3,SR-70,BUCKBOARD ROAD,68,36.04233333,-82.856136110,0,12,6,0,2,3,1,0,1,1,0,1,0,0000000,99,99,99,99,99,99,0,0,0,1,1
47,470305,2,2,0,4,115,0,27,5,2010,5,1,30,0,4,3,SR-156,,252,35.01464167,-85.540983330,0,12,2,0,5,1,1,0,2,1,0,1,0,0000000,99,99,99,99,99,99,0,0,0,1,1
47,470306,1,1,0,2,147,0,27,5,2010,5,4,0,1,1,1,I-24,,74,36.40104444,-87.023841670,0,1,0,0,1,1,4,0,2,1,0,1,0,0000000,99,99,99,99,99,99,0,0,0,2,1
47,470307,1,1,0,2,93,1300,25,5,2010,3,20,24,0,13,2,US-SR1,,63,35.89890278,-84.128305560,0,33,0,0,1,1,4,0,5,1,0,1,0,0000000,99,99,99,99,99,99,0,0,0,1,0
47,470308,1,1,0,3,73,0,28,5,2010,6,10,40,1,2,2,US-SR1,,127,36.37970278,-83.062091670,0,33,0,0,1,1,4,0,1,1,0,1,0,0000000,99,99,99,99,99,99,0,0,0,1,0
47,470309,1,1,0,1,163,0,28,5,2010,6,22,20,0,4,3,SR-44,,110,36.50013333,-82.142688890,0,43,0,0,1,1,4,0,2,1,0,1,0,0000000,99,99,99,99,99,99,0,0,0,1,0
47,470311,1,1,1,1,157,1620,22,5,2010,7,2,12,0,13,2,US-SR14,,92,35.10414722,-90.055491670,0,8,0,0,1,1,1,0,3,1,0,1,0,0000000,99,99,99,99,99,99,0,0,0,1,0
47,470312,1,1,0,3,141,480,22,5,2010,7,15,35,0,16,6,KENWAY STREET,,1,36.19311667,-85.502816670,0,42,0,0,1,1,4,0,1,1,0,1,0,0000000,99,99,99,99,99,99,0,0,0,1,0
47,470313,2,2,0,2,105,998,24,5,2010,2,15,59,0,4,3,SR-95,CRAIGS CHAPEL ROAD,12,35.65628889,-84.159066670,0,12,6,0,2,3,1,0,1,1,0,1,0,0000000,99,99,99,99,99,99,0,0,0,1,1
47,470314,2,2,0,2,175,0,24,5,2010,2,16,41,0,6,4,DEWEESE ROAD,,1,35.68853333,-85.323869440,0,12,2,0,1,1,1,0,1,1,0,1,0,0000000,99,99,99,99,99,99,0,0,0,1,1
47,470315,1,1,0,2,163,1280,10,5,2010,2,14,50,1,13,2,US-SR1,,5,36.55521111,-82.606861110,0,34,0,0,1,1,3,0,1,1,0,1,0,0000000,99,99,99,99,99,99,0,0,0,1,0
47,470316,2,2,0,2,11,0,23,5,2010,1,18,47,0,15,3,SR-308,FRONTAGE ROAD,41,35.28965278,-84.817752780,0,12,6,0,2,3,1,0,1,1,0,1,0,0000000,99,99,99,99,99,99,0,0,0,1,2
47,470317,2,2,0,4,177,0,28,5,2010,6,7,45,0,6,4,WHEELER ROAD,,5,35.59771667,-85.825100000,0,12,2,0,1,1,1,0,1,1,0,1,0,0000000,99,99,99,99,99,99,0,0,0,1,0
47,470318,1,1,0,1,155,0,30,5,2010,1,1,30,0,3,2,US-SR73,,210,35.75905278,-83.365658330,0,42,0,0,1,1,4,0,2,1,0,1,0,0000000,99,99,99,99,99,99,0,0,0,1,0
47,470319,1,1,0,1,179,0,30,5,2010,1,10,5,1,2,2,US-SR34,,40,36.25714444,-82.578375000,0,42,0,0,1,1,4,0,1,1,0,1,0,0000000,99,99,99,99,88,88,0,0,0,1,0
47,470320,1,1,0,2,11,0,31,5,2010,2,16,37,1,11,1,I-75,,144,35.25435000,-84.837800000,0,42,0,0,1,1,3,0,1,1,0,1,0,0000000,99,99,99,99,99,99,0,0,0,1,0
47,470321,2,2,0,4,47,0,31,5,2010,2,15,30,1,1,1,I-40,,90,35.35270833,-89.510013890,0,24,0,0,1,1,3,0,1,2,0,2,0,0000000,99,99,99,99,99,99,0,0,0,1,0
47,470322,1,1,0,1,151,0,31,5,2010,2,5,25,0,4,3,SR-456,,41,36.44130000,-84.461511110,0,34,0,0,1,1,4,0,2,2,0,2,0,0000000,99,99,99,99,99,99,0,0,0,1,0
47,470323,1,1,0,1,107,0,25,5,2010,3,17,30,0,4,3,SR-307,,72,35.50292778,-84.489847220,0,24,0,0,1,1,4,0,1,1,0,1,0,0000000,99,99,99,99,88,88,0,0,0,1,1
47,470324,1,1,0,2,65,0,15,5,2010,7,6,0,0,6,4,RETRO HUGHES ROAD,,3,35.34602778,-85.138169440,0,42,0,0,1,1,4,0,4,1,0,1,0,0000000,99,99,99,99,99,99,0,0,0,1,1
47,470325,1,1,0,2,65,0,16,5,2010,1,16,59,0,5,4,HOTWATER ROAD,,34,35.29071389,-85.176025000,0,33,0,0,1,1,4,0,1,1,0,1,0,0000000,99,99,99,99,88,88,0,0,0,1,1
47,470326,2,2,0,2,67,2426,1,6,2010,3,16,10,0,4,3,SR-131,,33,36.41044722,-83.258936110,0,12,7,0,1,1,1,0,1,1,0,1,0,0000000,99,99,99,99,99,99,0,0,0,1,1