STATE,ST_CASE,VE_TOTAL,VE_FORMS,PEDS,PERSONS,COUNTY,CITY,DAY,MONTH,YEAR,DAY_WEEK,HOUR,MINUTE,NHS,ROAD_FNC,ROUTE,TWAY_ID,TWAY_ID2,MILEPT,LATITUDE,LONGITUD,SP_JUR,HARM_EV,MAN_COLL,RELJCT1,RELJCT2,TYP_INT,REL_ROAD,WRK_ZONE,LGT_COND,WEATHER1,WEATHER2,WEATHER,SCH_BUS,RAIL,NOT_HOUR,NOT_MIN,ARR_HOUR,ARR_MIN,HOSP_HR,HOSP_MN,CF1,CF2,CF3,FATALS,DRUNK_DR
47,470327,1,1,0,1,115,0,1,6,2010,3,5,45,0,3,3,SR-27,,230,35.17963611,-85.422963890,0,42,0,0,1,1,4,0,4,1,0,1,0,0000000,99,99,99,99,99,99,0,0,0,1,0
47,470328,1,1,0,1,125,0,1,6,2010,3,12,20,0,3,3,SR-12,,57,36.47927500,-87.250800000,0,30,0,0,1,1,4,0,1,1,0,1,0,0000000,99,99,99,99,88,88,0,0,0,1,0
47,470329,2,2,0,3,153,0,1,6,2010,3,12,12,1,2,3,SR-8,,272,35.49095833,-85.470919440,0,12,2,0,1,1,1,0,1,10,0,10,0,0000000,12,15,12,27,14,49,0,0,0,2,1
47,470330,1,1,0,1,159,340,1,6,2010,3,14,43,1,1,1,I-40,,4,36.17348611,-86.083525000,0,1,0,0,1,1,4,0,1,1,0,1,0,0000000,99,99,99,99,99,99,0,0,0,1,0
47,470331,3,3,0,3,11,420,5,6,2010,7,13,18,0,16,6,STUART ROAD NE,STEPHENS ROAD NE,0,35.19037222,-84.832725000,0,12,6,0,2,3,1,0,1,2,0,2,0,0000000,99,99,99,99,99,99,0,0,0,1,0
47,470332,1,1,0,2,3,180,5,6,2010,7,17,10,0,4,3,SR-82,,190,35.59657500,-86.306125000,0,24,0,0,1,1,4,0,1,1,0,1,0,0000000,99,99,99,99,99,99,0,0,0,1,0
47,470333,2,2,0,2,15,0,5,6,2010,7,15,56,0,3,3,SR-53,HOLLOW SPRINGS ROAD,75,35.65849167,-86.065091670,0,12,2,0,2,2,1,0,1,1,0,1,0,0000000,15,53,16,3,88,88,0,0,0,1,0
47,470334,3,3,1,1,11,420,2,6,2010,4,14,55,1,12,2,US-SR60,,119,35.14063889,-84.854755560,0,12,1,0,1,1,2,0,1,10,0,10,0,0000000,99,99,99,99,88,88,14,19,0,2,0
47,470335,2,2,0,5,13,0,2,6,2010,4,17,40,0,5,4,OLD MIDDLESBORO HIGH,,5,36.40806111,-84.056052780,0,12,8,0,1,1,1,0,1,1,0,1,0,0000000,99,99,99,99,99,99,0,0,0,1,1
47,470336,2,2,0,7,123,2369,1,6,2010,3,13,13,0,3,3,SR-68,FRONTIER ROAD,44,35.57141111,-84.464113890,0,12,6,0,2,3,1,0,1,1,0,1,0,0000000,99,99,99,99,99,99,0,0,0,1,0
47,470337,1,1,0,2,119,0,3,6,2010,5,17,40,0,6,4,RALLY HILL ROAD,,5,35.66210833,-86.843597220,0,44,0,0,1,1,1,0,1,1,0,1,0,0000000,99,99,99,99,88,88,7,0,0,2,1
47,470338,1,1,0,1,157,1620,30,3,2010,3,17,32,0,14,6,KIRBY PARKWAY,,32,35.04108611,-89.845800000,0,33,0,0,1,1,4,0,1,1,0,1,0,0000000,99,99,99,99,99,99,0,0,0,1,0
47,470339,3,3,0,9,123,2369,6,6,2010,1,8,10,0,13,3,SR-68,,38,35.57954167,-84.461777780,0,12,8,0,1,1,1,0,1,10,0,10,0,0000000,99,99,99,99,99,99,0,0,0,1,0
47,470340,3,3,0,8,165,0,3,6,2010,5,13,11,1,2,3,SR-109,,108,36.47133889,-86.475036110,0,12,8,0,1,1,1,0,1,1,0,1,0,0000000,99,99,99,99,99,99,0,0,0,1,0
47,470341,2,2,0,5,77,1390,6,6,2010,1,17,14,0,15,3,SR-22,,95,35.61078333,-88.398205560,0,12,6,0,8,1,1,0,1,1,0,1,0,0000000,99,99,99,99,99,99,0,0,0,1,0
47,470342,2,2,0,4,11,0,9,6,2010,4,8,0,1,1,1,I-75,,30,35.14646944,-84.968347220,0,12,7,0,1,1,1,0,1,1,0,1,0,0000000,99,99,99,99,88,88,0,0,0,1,0
47,470343,1,1,0,2,59,0,10,6,2010,5,6,0,1,1,1,I-81,,72,36.22630833,-83.035505560,0,42,0,0,1,1,4,0,4,10,0,10,0,0000000,99,99,99,99,88,88,0,0,0,1,0
47,470344,1,1,0,1,57,0,11,6,2010,6,21,20,0,3,3,SR-92,,61,36.24237500,-83.526408330,0,42,0,0,1,1,4,0,2,1,0,1,0,0000000,99,99,99,99,99,99,0,0,0,1,1
47,470345,2,2,0,2,89,0,12,6,2010,7,14,50,0,4,2,US-SR9,,199,36.01320556,-83.300025000,0,12,6,0,8,1,1,0,1,1,0,1,0,0000000,99,99,99,99,88,88,0,0,0,1,1
47,470346,1,1,0,1,109,0,12,6,2010,7,14,15,0,4,3,SR-199,,81,35.32935833,-88.516941670,0,42,0,0,1,1,4,0,1,1,0,1,0,0000000,99,99,99,99,88,88,0,0,0,1,0
47,470347,2,2,0,4,179,1250,1,6,2010,3,21,20,1,13,2,US-SR67,S ROAN STREET,102,36.30721111,-82.341575000,0,12,6,0,2,2,1,0,3,1,0,1,0,0000000,99,99,99,99,99,99,0,0,0,1,1
47,470348,1,1,0,1,143,0,16,6,2010,4,7,35,0,4,3,SR-443,,9,35.49857778,-85.113391670,0,42,0,0,1,1,4,0,1,10,0,10,0,0000000,99,99,99,99,88,88,0,0,0,1,0
47,470349,2,2,0,5,189,0,16,6,2010,4,22,17,0,3,2,US-SR26,,180,36.08920000,-86.098394440,0,12,6,0,1,1,1,0,2,1,0,1,0,0000000,99,99,99,99,99,99,0,0,0,1,1
47,470350,1,1,0,1,89,0,17,6,2010,5,2,30,1,1,1,I-40,,135,36.05334167,-83.358088890,0,24,0,0,1,1,4,0,2,10,0,10,0,0000000,99,99,99,99,99,99,0,0,0,1,0
47,470351,1,1,0,1,145,0,17,6,2010,5,1,1,0,3,3,SR-58,,64,35.79188333,-84.572538890,0,1,0,0,1,1,4,0,2,1,0,1,0,0000000,99,99,99,99,99,99,0,0,0,1,1
47,470352,1,1,0,2,175,2320,17,6,2010,5,9,20,0,16,6,OLD DUNLAP ROAD,,0,35.73646389,-85.463455560,0,42,0,0,1,1,4,0,1,1,0,1,0,0000000,99,99,99,99,99,99,0,0,0,1,0
47,470353,1,1,0,1,119,0,18,6,2010,6,6,10,0,6,4,SUGAR RIDGE ROAD,,0,35.76255000,-86.950666670,0,38,0,0,1,1,4,0,4,1,0,1,0,0000000,99,99,99,99,88,88,0,0,0,1,1
47,470354,1,1,0,2,153,690,10,2,2010,4,21,10,0,16,6,1ST AVENUE,,3,35.37699722,-85.395633330,0,59,0,0,1,1,4,0,2,1,0,1,0,0000000,99,99,99,99,99,99,0,0,0,1,1
47,470355,2,2,0,5,157,1620,2,3,2010,3,12,10,0,14,6,S HIGHLAND STREET,CENTRAL AVENUE,32,35.12321667,-89.945433330,0,12,6,0,2,2,1,0,1,1,0,1,0,0000000,99,99,99,99,99,99,0,0,0,1,0
47,470356,2,2,0,2,145,0,4,6,2010,6,19,50,1,1,1,I-40,,4,35.89276111,-84.696741670,0,12,1,0,1,1,1,0,1,1,0,1,0,0000000,99,99,99,99,99,99,0,0,0,1,0
47,470357,1,1,0,1,167,0,6,6,2010,1,17,20,0,6,4,COON VALLEY ROAD,,0,35.48075000,-89.981736110,0,34,0,0,1,1,4,0,1,1,0,1,0,0000000,99,99,99,99,88,88,0,0,0,1,1
47,470358,1,1,0,2,13,0,8,6,2010,3,2,30,0,4,3,SR-116,,34,36.26803889,-84.193700000,0,25,0,0,1,1,4,0,2,1,0,1,0,0000000,99,99,99,99,99,99,0,0,0,2,1
47,470359,1,1,0,1,173,0,7,6,2010,2,20,14,0,4,3,SR-131,,57,36.21637222,-83.740283330,0,43,0,0,1,1,4,0,2,1,0,1,0,0000000,99,99,99,99,88,88,0,0,0,1,0
47,470360,1,1,0,2,53,0,6,6,2010,1,20,15,0,5,4,GANN ROAD,,60,36.02291111,-88.736716670,0,41,0,0,1,1,4,0,5,1,0,1,0,0000000,99,99,99,99,88,88,0,0,0,1,1
47,470361,1,1,0,1,159,2275,6,6,2010,1,7,0,0,3,2,US-SR24,,83,36.09842222,-86.131138890,0,30,0,0,1,1,3,0,1,1,0,1,0,0000000,99,99,99,99,99,99,0,0,0,1,0
47,470362,1,1,0,1,9,30,4,6,2010,6,20,36,0,14,3,SR-33,,153,35.80521389,-83.986958330,0,1,0,0,1,1,4,0,3,1,0,1,0,0000000,99,99,99,99,88,88,0,0,0,1,1
47,470363,1,1,0,1,65,0,4,6,2010,6,0,30,0,14,4,OOLTEWAH GEORGETOWN,,26,35.13979722,-85.045016670,0,34,0,0,8,1,4,0,2,1,0,1,0,0000000,99,99,99,99,99,99,20,0,0,1,1
47,470364,1,1,0,2,109,0,9,6,2010,4,2,15,1,2,2,US-SR15,,175,35.19411667,-88.504830560,0,1,0,0,1,1,1,0,2,1,0,1,0,0000000,99,99,99,99,99,99,0,0,0,1,0
47,470365,1,1,0,1,125,410,9,6,2010,4,2,20,1,11,1,I-24,,22,36.61945556,-87.300261110,0,59,0,0,1,1,3,0,2,1,0,1,0,0000000,99,99,99,99,99,99,0,0,0,1,1
47,470367,1,1,0,4,181,0,10,6,2010,5,17,40,0,5,4,RAILROAD BED ROAD,,99,35.13178056,-87.633155560,0,34,0,0,1,1,4,0,1,1,0,1,0,0000000,99,99,99,99,99,99,0,0,0,1,1
47,470368,1,1,0,1,169,0,12,6,2010,7,2,30,0,6,4,SHOOT ROAD,,5,36.43114444,-86.105747220,0,41,0,0,1,1,4,0,2,1,0,1,0,0000000,99,99,99,99,99,99,0,0,0,1,0
47,470369,2,2,0,2,25,0,14,6,2010,2,15,10,0,5,4,LONE MOUNTAIN ROAD,,3,36.39295556,-83.678752780,0,12,2,0,1,1,1,0,1,1,0,1,0,0000000,99,99,99,99,99,99,0,0,0,1,0
47,470370,2,2,0,3,57,0,18,6,2010,6,18,20,0,3,2,US-SR1,ALVIN COLLINS LANE,248,36.33095833,-83.370086110,0,12,2,0,2,3,1,0,1,1,0,1,0,0000000,99,99,99,99,99,99,0,0,0,1,0
47,470371,1,1,0,1,109,230,18,6,2010,6,17,15,1,2,2,US-SR5,,12,35.23223056,-88.605380560,0,32,0,0,1,1,4,0,1,1,0,1,0,0000000,99,99,99,99,88,88,0,0,0,1,1
47,470372,1,1,0,1,45,0,19,6,2010,7,14,20,0,5,4,LANES FERRY ROAD,,25,36.16007778,-89.325161110,0,35,0,0,1,1,4,0,1,1,0,1,0,0000000,99,99,99,99,88,88,0,0,0,1,0
47,470373,1,1,0,1,67,0,19,6,2010,7,21,30,0,4,3,SR-66,,49,36.52122778,-83.193025000,0,42,0,0,1,1,4,0,5,1,0,1,0,0000000,99,99,99,99,88,88,0,0,0,1,1
47,470374,1,1,0,1,39,0,20,6,2010,1,99,99,1,2,3,SR-69,,362,35.78713056,-88.088138890,0,1,0,0,1,1,4,0,9,99,0,99,0,0000000,99,99,99,99,88,88,0,0,0,1,0
47,470375,1,1,0,1,99,0,20,6,2010,1,11,45,0,6,4,JOE WILLIAMS ROAD,,4,35.02581389,-87.346930560,0,34,0,0,1,1,4,0,1,1,0,1,0,0000000,99,99,99,99,99,99,0,0,0,1,0
47,470376,1,1,1,1,157,1620,28,4,2010,4,20,34,0,13,3,SR-177,NORWICH DRIVE,61,35.13625556,-89.795980560,0,8,0,0,3,3,1,0,3,1,0,1,0,0000000,99,99,99,99,99,99,0,0,0,1,0
47,470377,1,1,0,1,141,480,20,4,2010,3,22,57,0,16,6,E HUDGENS STREET,,1,36.15544167,-85.484163890,0,42,0,0,1,1,4,0,3,1,0,1,0,0000000,99,99,99,99,88,88,0,0,0,1,1
47,470378,1,1,0,1,157,1620,10,4,2010,7,15,15,1,13,3,SR-14,,203,35.20891389,-89.921133330,0,24,0,1,5,1,4,0,1,1,0,1,0,0000000,99,99,99,99,88,88,0,0,0,1,0
47,470379,1,1,1,1,157,1620,13,4,2010,3,21,36,1,13,2,US-SR14,,60,35.05817778,-90.059716670,0,8,0,0,1,1,1,0,3,1,0,1,0,0000000,99,99,99,99,99,99,0,0,0,1,0
47,470380,1,1,0,2,165,1085,6,4,2010,3,21,20,0,15,6,ROCKLAND ROAD,,16,36.30141389,-86.645161110,0,52,0,0,1,1,4,0,2,1,0,1,0,0000000,99,99,99,99,99,99,0,0,0,1,1
47,470381,1,1,0,1,135,1427,2,4,2010,6,12,55,0,5,6,8TH AVENUE,,49,35.76443889,-87.776363890,0,1,0,0,1,1,4,0,1,1,0,1,0,0000000,99,99,99,99,99,99,0,0,0,1,1
47,470382,4,4,0,8,157,1620,6,4,2010,3,19,8,0,14,6,HOLMES ROAD,TULANE ROAD,35,35.00636944,-90.043066670,0,12,8,0,2,2,1,0,3,1,0,1,0,0000000,99,99,99,99,99,99,14,20,0,1,0
47,470383,3,2,1,2,157,1620,17,2,2010,4,0,20,1,11,1,I-55 RAMP,,20,35.02439722,-90.002327780,0,14,0,1,5,1,6,0,3,1,0,1,0,0000000,99,99,99,99,99,99,19,0,0,1,0
47,470384,2,2,0,3,155,2170,18,4,2010,1,12,4,1,13,2,US-SR71,,272,35.84792778,-83.570111110,0,12,6,0,1,1,1,0,1,1,0,1,0,0000000,99,99,99,99,99,99,0,0,0,1,1
47,470385,2,2,0,2,149,1750,30,4,2010,6,17,29,0,13,2,US-SR10,DEJARNETT LANE,162,35.88951944,-86.382213890,0,12,6,0,2,2,1,0,1,1,0,1,0,0000000,99,99,99,99,99,99,0,0,0,1,0
47,470386,2,2,1,1,37,1760,6,4,2010,3,19,44,0,15,3,SR-251,,85,36.11830833,-86.923377780,0,8,0,0,1,1,1,0,2,1,0,1,0,0000000,99,99,99,99,99,99,23,0,0,1,0
47,470387,2,2,0,3,71,2140,2,4,2010,6,17,5,0,3,3,SR-128,,100,35.20503056,-88.245544440,0,12,6,0,8,1,1,0,1,1,0,1,0,0000000,99,99,99,99,99,99,0,0,0,1,0
47,470388,1,1,0,1,37,1760,13,4,2010,3,15,31,0,5,6,OLD HICKORY BOULEVAR,,83,36.27360000,-86.844283330,0,42,0,0,1,1,4,0,1,1,0,1,0,0000000,99,99,99,99,88,88,0,0,0,1,0
47,470389,2,2,0,4,65,400,4,4,2010,1,3,4,0,14,6,ACCESS ROAD,SR-153,19,35.10936944,-85.227336110,0,12,7,0,2,6,1,0,3,1,0,1,0,0000000,99,99,99,99,88,88,0,0,0,1,2
47,470390,2,2,0,3,165,0,16,4,2010,6,6,39,0,4,3,SR-174,,237,36.50163333,-86.426161110,0,12,2,0,1,1,1,0,1,1,0,1,0,0000000,99,99,99,99,99,99,0,0,0,1,0
47,470391,1,1,0,1,157,1620,4,5,2010,3,20,37,0,16,6,GREY ROAD,,1,35.17515000,-89.937525000,0,33,0,0,1,1,4,0,3,1,0,1,0,0000000,99,99,99,99,99,99,0,0,0,1,1
47,470392,1,1,1,1,93,0,6,5,2010,5,20,49,0,6,4,PINEDALE DRIVE,,0,35.89224167,-84.134066670,0,8,0,0,1,1,1,0,3,1,0,1,0,0000000,99,99,99,99,99,99,0,0,0,1,0
47,470393,1,1,0,1,37,1760,9,5,2010,1,3,11,0,3,2,US-SR112,,85,36.29920000,-86.887630560,0,30,0,0,1,1,4,0,2,1,0,1,0,0000000,99,99,99,99,88,88,0,0,0,1,0
47,470394,2,2,0,2,37,1760,10,5,2010,2,19,48,1,13,3,SR-12,,52,36.20331111,-86.850741670,0,12,2,0,1,1,1,0,3,1,0,1,0,0000000,99,99,99,99,99,99,20,0,0,1,1
47,470395,2,2,0,2,65,400,7,5,2010,6,14,50,1,13,6,AMNICOLA HIGHWAY,,65,35.08419167,-85.262566670,0,12,6,0,8,1,1,0,1,1,0,1,0,0000000,99,99,99,99,99,99,0,0,0,1,0
47,470396,1,1,0,1,37,1760,13,5,2010,5,17,1,1,12,3,SR-155,,134,36.23596944,-86.705952780,0,25,0,0,1,1,3,0,1,1,0,1,0,0000000,99,99,99,99,99,99,0,0,0,1,0
47,470397,1,1,0,2,157,1620,13,5,2010,5,3,20,1,2,2,US-SR15,,154,35.21013333,-89.653544440,0,39,0,0,1,1,3,0,3,1,0,1,0,0000000,99,99,99,99,99,99,0,0,0,1,1
47,470398,2,2,0,4,65,400,16,5,2010,1,21,32,0,14,3,SR-320,HICKORY VALLEY ROAD,15,35.01690833,-85.181916670,0,12,6,0,2,2,1,0,2,1,0,1,0,0000000,99,99,99,99,99,99,0,0,0,1,1
47,470399,3,3,0,8,43,640,19,5,2010,4,15,4,0,13,3,SR-46,SKYLINE CIRCLE,75,36.06248333,-87.376863890,0,12,6,0,2,2,1,0,1,1,0,1,0,0000000,99,99,99,99,99,99,14,0,0,1,0
47,470400,1,1,0,2,47,0,27,5,2010,5,7,11,0,3,3,SR-57,,109,35.05003333,-89.453977780,0,32,0,0,1,1,4,0,1,1,0,1,0,0000000,99,99,99,99,88,88,0,0,0,2,0
47,470401,1,1,0,2,189,0,28,5,2010,6,5,41,1,2,3,SR-840,,28,36.09046389,-86.426738890,0,1,0,0,1,1,1,0,4,1,0,1,0,0000000,99,99,99,99,99,99,0,0,0,1,0
47,470402,2,2,0,2,71,541,5,5,2010,4,15,30,1,2,2,US-SR15,,13,35.22312500,-88.349566670,0,12,2,0,1,1,1,0,1,1,0,1,0,0000000,99,99,99,99,99,99,0,0,0,1,0
47,470403,1,1,0,1,25,1795,22,5,2010,7,3,15,0,5,6,FIRST AVENUE,,8,36.45156944,-83.606611110,0,1,0,0,1,1,4,0,2,1,0,1,0,0000000,99,99,99,99,99,99,0,0,0,1,0
47,470404,2,2,0,2,163,0,29,5,2010,7,20,45,0,6,4,PACTOLAS ROAD,,0,36.49713056,-82.515661110,0,12,8,0,1,1,1,0,2,1,0,1,0,0000000,99,99,99,99,99,99,0,0,0,1,0
47,470405,1,1,0,2,119,1730,6,5,2010,5,3,14,0,4,3,SR-243,,21,35.54906667,-87.196405560,0,30,0,0,1,1,4,0,3,1,0,1,0,0000000,99,99,99,99,99,99,0,0,0,1,0
47,470406,1,1,0,1,49,0,28,5,2010,6,19,40,0,5,4,MT HELEN ROAD,,10,36.38102500,-84.787608330,0,1,0,0,1,1,4,0,2,2,0,2,0,0000000,99,99,99,99,99,99,0,0,0,1,0
47,470407,1,1,0,1,9,0,29,5,2010,7,14,5,0,3,2,US-SR115,,200,35.58194167,-84.096072220,0,34,0,0,1,1,4,0,1,1,0,1,0,0000000,99,99,99,99,99,99,0,0,0,1,0
47,470408,3,3,2,1,75,0,30,5,2010,1,2,15,1,1,1,I-40,,54,35.44766667,-89.322711110,0,12,1,0,1,1,1,0,2,1,0,1,0,0000000,99,99,99,99,99,99,14,0,0,1,0
47,470410,2,2,0,2,125,410,8,6,2010,3,21,11,0,13,2,US-SR12,,104,36.50318611,-87.323686110,0,12,6,0,8,1,1,0,3,1,0,1,0,0000000,99,99,99,99,99,99,0,0,0,1,1
47,470411,1,1,0,3,93,1300,5,6,2010,7,4,10,0,15,6,SHERRILL BOULEVARD,,27,35.92442778,-84.131519440,0,38,0,0,1,1,4,0,2,1,0,1,0,0000000,99,99,99,99,88,88,0,0,0,2,1
47,470412,1,1,0,1,145,0,16,6,2010,4,0,31,0,5,4,EUREKA ROAD,,5,35.84701389,-84.673197220,0,42,0,0,1,1,4,0,2,1,0,1,0,0000000,99,99,99,99,99,99,0,0,0,1,1
47,470413,1,1,0,2,149,0,16,6,2010,4,17,30,0,6,4,ROCKY HILL ROAD,,0,35.98787778,-86.360241670,0,53,0,0,1,1,4,0,1,1,0,1,0,0000000,99,99,99,99,99,99,0,0,0,1,1
47,470414,2,2,0,2,37,1760,10,6,2010,5,13,19,0,14,6,CENTRAL PIKE,,4,36.18433056,-86.624847220,0,12,2,0,1,1,1,0,1,1,0,1,0,0000000,99,99,99,99,99,99,0,0,0,1,0
47,470415,1,1,0,1,57,2515,20,6,2010,1,15,45,0,5,6,BULLEN VALLEY ROAD,,130,36.35988333,-83.493766670,0,24,0,0,1,1,4,0,1,1,0,1,0,0000000,99,99,99,99,88,88,0,0,0,1,0
47,470416,2,2,0,3,145,0,18,6,2010,6,19,28,1,2,2,US-SR29,,32,35.83047778,-84.716177780,0,12,6,0,1,1,1,0,1,1,0,1,0,0000000,99,99,99,99,99,99,0,0,0,1,0
47,470417,1,1,0,1,43,0,20,6,2010,1,16,42,0,4,3,SR-48,,23,36.01346111,-87.474647220,0,30,0,0,1,1,4,0,1,1,0,1,0,0000000,99,99,99,99,99,99,0,0,0,1,0
47,470418,1,1,0,1,17,0,20,6,2010,1,12,0,0,5,4,OLD STAGE ROAD,,58,35.96634444,-88.498413890,0,34,0,0,1,1,4,0,9,1,0,1,0,0000000,99,99,99,99,88,88,0,0,0,1,0
47,470419,1,1,0,1,21,0,21,6,2010,2,16,44,0,3,3,SR-12,,164,36.35546111,-87.175097220,0,35,0,0,1,1,4,0,1,1,0,1,0,0000000,99,99,99,99,88,88,0,0,0,1,0
47,470420,2,2,0,2,113,0,21,6,2010,2,6,35,0,4,2,US-SR1,HUNTERSVILLE PROVIDE,60,35.61534722,-88.982230560,0,12,6,0,2,3,1,0,1,1,0,1,0,0000000,99,99,99,99,99,99,0,0,0,1,0
47,470421,2,2,0,5,1,0,19,6,2010,7,11,20,0,3,2,US-SR9,,179,36.02851111,-84.071058330,0,12,6,0,1,1,1,0,1,1,0,1,0,0000000,99,99,99,99,99,99,0,0,0,1,0
47,470422,2,2,0,2,131,0,20,6,2010,1,14,40,0,6,4,BUD BARKER ROAD,,6,36.24073333,-89.415138890,0,12,8,0,8,1,1,0,1,1,0,1,0,0000000,99,99,99,99,99,99,0,0,0,1,0
47,470423,1,1,0,1,17,0,23,6,2010,4,10,41,0,4,3,SR-423,,60,36.12838611,-88.415113890,0,35,0,0,1,1,4,0,1,1,0,1,0,0000000,99,99,99,99,88,88,0,0,0,1,0
47,470424,1,1,0,3,131,0,24,6,2010,5,7,5,0,4,3,SR-21,,110,36.33421111,-89.222630560,0,34,0,0,1,1,4,0,1,1,0,1,0,0000000,99,99,99,99,99,99,0,0,0,1,0
47,470425,1,1,0,1,89,0,8,6,2010,3,3,20,1,1,1,I-81,,1,36.07230833,-83.381208330,0,24,0,0,1,1,4,0,2,1,0,1,0,0000000,99,99,99,99,88,88,0,0,0,1,0
47,470426,1,1,0,1,21,1291,26,6,2010,7,22,49,0,4,3,SR-249,,12,36.09650833,-87.091038890,0,59,0,0,1,1,4,0,3,1,0,1,0,0000000,99,99,99,99,88,88,0,0,0,1,1
47,470427,1,1,0,1,45,0,26,6,2010,7,16,0,0,5,4,JENKINSVILLE JAMESTO,,18,36.06992222,-89.417830560,0,43,0,0,1,1,4,0,1,1,0,1,0,0000000,99,99,99,99,88,88,0,0,0,1,0
47,470428,1,1,0,5,105,0,27,6,2010,1,13,25,1,1,1,I-75,,65,35.73860556,-84.389161110,0,1,0,0,1,1,3,0,1,1,0,1,0,0000000,99,99,99,99,99,99,0,0,0,1,0
47,470429,1,1,0,1,27,0,28,6,2010,2,15,5,0,5,4,NEELEY CREEK ROAD,,4,36.54946667,-85.472388890,0,30,0,0,1,1,4,0,1,2,0,2,0,0000000,99,99,99,99,99,99,0,0,0,1,0
47,470430,2,2,0,3,37,1760,10,4,2010,7,14,7,0,13,2,US-SR11,,90,36.10456389,-86.741958330,0,12,1,0,1,1,1,0,1,1,0,1,0,0000000,99,99,99,99,99,99,0,0,0,1,1
47,470431,1,1,1,1,37,1760,20,5,2010,5,0,0,0,14,2,US-SR65,,7,36.20675000,-86.780200000,0,8,0,0,1,1,1,0,3,1,0,1,0,0000000,99,99,99,99,88,88,0,0,0,1,0
47,470432,2,2,0,4,65,400,24,5,2010,2,6,57,0,15,6,ELY ROAD,,8,35.12358889,-85.268572220,0,12,2,0,1,1,1,0,1,1,0,1,0,0000000,99,99,99,99,99,99,0,0,0,2,0
47,470433,2,2,0,4,65,400,27,5,2010,5,23,3,1,13,3,SR-153,,81,35.12115000,-85.237963890,0,12,6,0,8,1,1,0,3,1,0,1,0,0000000,99,99,99,99,99,99,0,0,0,1,1
47,470434,1,1,0,1,21,1291,19,6,2010,7,18,32,0,5,6,W KINGSTON SPRINGS R,,3,36.08850556,-87.106497220,0,53,0,0,1,1,4,0,1,1,0,1,0,0000000,99,99,99,99,99,99,0,0,0,1,0
47,470435,1,1,0,1,93,1300,20,6,2010,1,0,44,1,11,1,I-640 RAMP,,2,35.95794722,-83.972583330,0,24,0,1,5,1,4,0,2,1,0,1,0,0000000,99,99,99,99,88,88,0,0,0,1,1
47,470436,1,1,0,1,179,1250,25,6,2010,6,0,6,0,14,6,SUNSET DRIVE,,5,36.33121389,-82.390238890,0,33,0,0,1,1,4,0,3,1,0,1,0,0000000,99,99,99,99,88,88,0,0,0,1,1
47,470437,1,1,1,2,9,30,30,6,2010,4,2,1,1,11,1,I-140,,3,35.84630833,-83.993955560,0,8,0,0,1,1,1,0,2,1,0,1,0,0000000,99,99,99,99,88,88,19,0,0,1,1
47,470439,1,1,1,1,89,1230,30,6,2010,4,1,5,0,13,2,US-SR34,,122,36.11618611,-83.488880560,0,8,0,0,1,1,1,0,3,1,0,1,0,0000000,99,99,99,99,99,99,0,0,0,1,0
47,470440,2,2,0,2,37,1760,13,5,2010,5,4,20,1,11,1,I-40,,180,36.15009722,-86.784269440,0,12,7,0,1,1,1,0,3,1,0,1,0,0000000,99,99,99,99,88,88,0,0,0,1,0
47,470441,2,2,0,3,37,960,30,5,2010,1,17,9,0,13,2,US-SR11,,14,36.37174722,-86.742822220,0,12,2,0,1,1,1,0,1,1,0,1,0,0000000,99,99,99,99,99,99,0,0,0,2,0
47,470442,1,1,1,1,61,1935,21,5,2010,6,15,22,0,4,2,US-SR2,SR-50,14,35.31013611,-85.881088890,0,8,0,0,3,2,1,0,1,1,0,1,0,0000000,99,99,99,99,99,99,0,0,0,1,0
47,470444,1,1,0,1,37,960,28,5,2010,6,23,4,0,14,2,US-SR11,,242,36.32528611,-86.713858330,0,30,0,0,1,1,4,0,3,1,0,1,0,0000000,99,99,99,99,88,88,0,0,0,1,0
47,470445,2,2,0,4,37,1760,6,6,2010,1,10,24,0,3,3,SR-100,,45,36.03462778,-86.972972220,0,12,6,0,1,1,1,0,1,1,0,1,0,0000000,99,99,99,99,99,99,0,0,0,1,0
47,470446,2,2,0,5,123,2502,18,6,2010,6,4,31,1,2,2,US-SR33,SR-72,180,35.57779722,-84.271819440,0,12,6,0,2,2,1,0,2,1,0,1,0,0000000,99,99,99,99,99,99,1,0,0,2,0
47,470447,2,2,0,2,37,1760,11,6,2010,6,13,2,0,14,6,BELL ROAD,,26,36.10566111,-86.629047220,0,12,2,0,1,1,1,0,1,1,0,1,0,0000000,99,99,99,99,99,99,0,0,0,1,0
47,470448,3,3,0,5,141,0,17,6,2010,5,21,35,1,11,1,I-40,,168,36.13588056,-85.559569440,0,12,1,0,1,1,1,0,2,1,0,1,0,0000000,99,99,99,99,99,99,0,0,0,1,0
47,470449,1,1,0,2,157,1620,20,6,2010,1,11,35,0,14,6,GRAHAM STREET,,15,35.16706389,-89.926302780,0,30,0,0,1,1,4,0,1,1,0,1,0,0000000,99,99,99,99,88,88,0,0,0,1,1
47,470451,2,2,0,4,113,0,9,6,2010,4,14,45,0,5,4,WHITE FERN ROAD,,20,35.63211667,-88.611325000,0,12,6,0,1,1,1,0,1,1,0,1,0,0000000,99,99,99,99,99,99,0,0,0,1,0