STATE,ST_CASE,VE_TOTAL,VE_FORMS,PEDS,PERSONS,COUNTY,CITY,DAY,MONTH,YEAR,DAY_WEEK,HOUR,MINUTE,NHS,ROAD_FNC,ROUTE,TWAY_ID,TWAY_ID2,MILEPT,LATITUDE,LONGITUD,SP_JUR,HARM_EV,MAN_COLL,RELJCT1,RELJCT2,TYP_INT,REL_ROAD,WRK_ZONE,LGT_COND,WEATHER1,WEATHER2,WEATHER,SCH_BUS,RAIL,NOT_HOUR,NOT_MIN,ARR_HOUR,ARR_MIN,HOSP_HR,HOSP_MN,CF1,CF2,CF3,FATALS,DRUNK_DR
47,470453,2,2,0,4,147,0,21,6,2010,2,15,27,0,3,3,SR-49,,92,36.49309444,-86.913591670,0,12,2,0,1,1,1,0,1,1,0,1,0,0000000,99,99,99,99,99,99,0,0,0,2,0
47,470454,1,1,0,1,59,0,8,6,2010,3,14,0,0,5,4,GAP CREEK ROAD,,83,36.26423611,-83.003652780,0,1,0,0,1,1,4,0,1,1,0,1,0,0000000,99,99,99,99,88,88,0,0,0,1,1
47,470455,2,2,0,3,93,1300,27,6,2010,1,15,3,0,16,6,MCCLUNG AVENUE,HACKMAN STREET,0,35.95161944,-83.885102780,0,12,6,0,2,2,1,0,1,1,0,1,0,0000000,99,99,99,99,99,99,0,0,0,1,0
47,470456,2,2,0,2,145,0,30,6,2010,4,13,26,1,2,3,SR-61,,105,35.97867222,-84.443347220,0,12,8,0,1,1,1,0,1,10,0,10,0,0000000,99,99,99,99,99,99,0,0,0,1,0
47,470457,2,2,0,2,43,0,21,6,2010,2,12,12,0,3,3,SR-49,,150,36.18007778,-87.330577780,0,12,6,0,8,1,1,0,1,1,0,1,0,0000000,99,99,99,99,99,99,0,0,0,1,0
47,470458,1,1,1,1,31,2470,4,6,2010,6,21,1,0,13,3,SR-55,N COLLINS STREET,22,35.36581667,-86.223727780,0,8,0,0,3,3,1,0,3,1,0,1,0,0000000,99,99,99,99,99,99,0,0,0,1,0
47,470460,1,1,0,1,139,0,1,7,2010,5,12,31,0,4,3,SR-30,,40,35.23016111,-84.550052780,0,42,0,0,1,1,4,0,1,1,0,1,0,0000000,99,99,99,99,88,88,0,0,0,1,0
47,470461,2,2,0,4,149,0,1,7,2010,5,19,55,1,13,2,US-SR10,SR-269,40,35.71071667,-86.417083330,0,12,6,0,2,3,1,0,5,1,0,1,0,0000000,99,99,99,99,99,99,0,0,0,1,0
47,470462,2,2,0,2,89,0,1,7,2010,5,21,0,1,1,1,I-40,,52,36.02131111,-83.482747220,0,12,7,0,1,1,1,0,5,1,0,1,0,0000000,99,99,99,99,99,99,0,0,0,1,1
47,470463,2,2,0,4,93,0,3,7,2010,7,21,40,0,14,3,SR-131,,106,36.00852222,-84.073611110,0,12,2,0,1,1,1,0,2,1,0,1,0,0000000,99,99,99,99,99,99,0,0,0,1,1
47,470464,1,1,0,2,103,0,3,7,2010,7,17,25,0,6,4,SMITH MILL ROAD,,4,35.04286667,-86.493569440,0,53,0,0,1,1,4,0,1,1,0,1,0,0000000,99,99,99,99,99,99,4,0,0,1,0
47,470465,2,2,0,2,25,0,4,7,2010,1,8,0,0,4,3,SR-63,,100,36.51403056,-83.775425000,0,12,2,0,1,1,1,0,1,1,0,1,0,0000000,99,99,99,99,99,99,0,0,0,1,0
47,470466,2,2,0,5,111,0,4,7,2010,1,17,15,0,2,3,SR-52,OAKDALE ROAD,45,36.52361944,-86.150411110,0,12,6,0,2,2,1,0,1,1,0,1,0,0000000,99,99,99,99,99,99,0,0,0,1,0
47,470467,1,1,0,1,97,0,5,7,2010,2,9,25,0,4,3,SR-19,,145,35.77318056,-89.627769440,0,42,0,0,1,1,4,0,1,1,0,1,0,0000000,99,99,99,99,99,99,0,0,0,1,1
47,470468,1,1,0,1,151,1880,5,7,2010,2,8,30,1,2,2,US-SR29,,208,36.52590556,-84.495827780,0,24,0,0,1,1,4,0,1,1,0,1,0,0000000,99,99,99,99,99,99,0,0,0,1,0
47,470469,1,1,0,1,113,0,24,6,2010,5,3,9,0,5,4,ROBERTS STATION ROAD,,10,35.67638611,-88.996447220,0,30,0,0,1,1,4,0,2,1,0,1,0,0000000,99,99,99,99,99,99,0,0,0,1,1
47,470470,2,2,0,2,157,1620,8,6,2010,3,21,50,1,13,2,US-SR4,SEATTLE STREET,112,35.11778611,-90.002902780,0,12,2,0,2,2,1,0,3,1,0,1,0,0000000,99,99,99,99,99,99,0,0,0,1,1
47,470471,1,1,0,1,157,1620,29,6,2010,3,23,55,0,14,6,HOLMES ROAD,,51,35.00642500,-90.015466670,0,33,0,0,1,1,4,0,3,1,0,1,0,0000000,99,99,99,99,99,99,0,0,0,1,0
47,470472,2,2,0,5,157,1620,4,7,2010,1,3,45,0,15,2,US-SR3,PEABODY AVENUE,96,35.13272222,-90.020791670,0,12,2,0,2,2,1,0,3,1,0,1,0,0000000,99,99,99,99,99,99,0,0,0,1,0
47,470473,2,2,0,2,155,2170,5,7,2010,2,99,99,1,13,3,SR-66,,67,35.90599722,-83.581211110,0,34,0,0,1,1,3,0,2,1,0,1,0,0000000,99,99,99,99,88,88,14,0,0,1,1
47,470474,1,1,1,1,157,1620,5,7,2010,2,5,40,1,13,2,US-SR3,,100,35.13737222,-90.021638890,0,8,0,0,1,1,1,0,1,1,0,1,0,0000000,99,99,99,99,88,88,0,0,0,1,0
47,470475,1,1,2,1,125,410,3,7,2010,7,21,34,0,13,2,US-SR12,,190,36.57680000,-87.408352780,0,8,0,0,1,1,1,0,3,1,0,1,0,0000000,99,99,99,99,99,99,0,0,0,1,1
47,470476,1,1,0,3,11,0,6,7,2010,3,15,24,1,11,1,I-75,,144,35.25406667,-84.836672220,0,1,0,0,1,1,1,0,1,1,0,1,0,0000000,99,99,99,99,99,99,0,0,0,2,0
47,470477,1,1,0,1,69,0,6,7,2010,3,12,40,0,3,3,SR-125,,73,35.09919167,-88.903094440,0,35,0,0,1,1,4,0,1,1,0,1,0,0000000,99,99,99,99,99,99,0,0,0,1,0
47,470478,1,1,1,1,165,890,7,7,2010,4,20,58,0,14,3,SR-25,,134,36.39592222,-86.472466670,0,9,0,0,1,1,1,0,3,1,0,1,0,0000000,99,99,99,99,99,99,0,0,0,1,0
47,470479,2,2,0,7,105,1370,4,7,2010,1,15,52,1,2,2,US-SR73,CITY PARK ROAD,77,35.79261389,-84.251302780,0,12,6,0,2,3,1,0,1,1,0,1,0,0000000,99,99,99,99,99,99,0,0,0,2,0
47,470480,1,1,0,2,31,0,9,7,2010,6,18,40,1,1,1,I-24,,97,35.42612778,-86.024794440,0,35,0,0,1,1,3,0,1,2,0,2,0,0000000,99,99,99,99,99,99,0,0,0,1,0
47,470481,1,1,1,2,107,0,9,7,2010,6,5,50,0,3,3,SR-30,,59,35.46964444,-84.662222220,0,8,0,0,1,1,1,0,2,1,0,1,0,0000000,99,99,99,99,99,99,19,0,0,1,0
47,470483,1,1,0,1,123,0,12,7,2010,2,21,30,0,6,4,OLD STORE ROAD,,0,35.48570278,-84.345886110,0,35,0,0,1,1,4,0,2,1,0,1,0,0000000,99,99,99,99,99,99,0,0,0,1,1
47,470484,1,1,1,1,163,1280,12,7,2010,2,14,5,0,13,3,SR-93,,58,36.49644444,-82.566808330,0,8,0,0,1,1,1,0,1,10,0,10,0,0000000,99,99,99,99,88,88,0,0,0,1,0
47,470485,1,1,0,2,59,0,12,7,2010,2,3,55,1,1,1,I-81,,46,36.21599167,-83.062886110,0,42,0,0,1,1,4,0,2,1,0,1,0,0000000,99,99,99,99,99,99,0,0,0,1,1
47,470486,2,2,0,3,89,580,13,7,2010,3,22,25,0,5,6,W DUMPLIN VALLEY ROA,,6,35.99548056,-83.569822220,0,24,0,0,1,1,4,0,2,1,0,1,0,0000000,99,99,99,99,99,99,0,0,0,1,1
47,470487,2,2,0,2,5,0,15,7,2010,5,11,30,0,6,4,ALPINE ROAD,KINNAIRD ROAD,0,36.05508889,-88.028336110,0,12,6,0,2,4,1,0,1,1,0,1,0,0000000,99,99,99,99,99,99,0,0,0,1,0
47,470488,1,1,0,3,75,0,15,7,2010,5,12,0,0,6,4,THOMAS ROAD,,0,35.65313056,-89.294513890,0,1,0,0,1,1,4,0,1,1,0,1,0,0000000,99,99,99,99,99,99,0,0,0,1,0
47,470489,1,1,0,2,61,0,7,7,2010,4,1,0,0,6,4,LAYNES COVE ROAD,,1,35.26574444,-85.836058330,0,42,0,0,1,1,4,0,2,1,0,1,0,0000000,99,99,99,99,99,99,0,0,0,1,1
47,470490,2,2,0,10,163,1280,15,7,2010,5,21,12,1,11,1,I-81,,30,36.45160833,-82.526388890,0,12,7,0,1,1,1,0,2,1,0,1,0,0000000,99,99,99,99,99,99,0,0,0,1,0
47,470491,2,2,0,4,157,1620,4,7,2010,1,10,42,0,15,6,PERES AVENUE,MAPLEWOOD STREET,1,35.17574167,-89.978891670,0,12,6,0,2,2,1,0,1,1,0,1,0,0000000,99,99,99,99,99,99,0,0,0,1,0
47,470492,2,2,0,5,135,1410,16,7,2010,6,15,59,1,2,2,US-SR20,,150,35.63594444,-87.792638890,0,12,6,0,1,1,1,0,1,2,0,2,0,0000000,99,99,99,99,99,99,0,0,0,2,0
47,470493,4,4,0,4,123,0,17,7,2010,7,15,50,0,4,3,SR-165,,222,35.34590000,-84.064750000,0,12,6,0,1,1,1,0,1,1,0,1,0,0000000,99,99,99,99,99,99,14,0,0,1,0
47,470494,2,2,0,3,33,0,18,7,2010,1,17,40,0,5,4,OLD JACKSON ROAD,,38,35.71505000,-88.987466670,0,12,1,0,8,1,1,0,1,1,0,1,0,0000000,99,99,99,99,99,99,0,0,0,1,0
47,470495,1,1,0,1,13,0,19,7,2010,2,6,53,1,1,1,I-75,,80,36.33753889,-84.229077780,0,35,0,0,1,1,3,0,1,2,0,2,0,0000000,99,99,99,99,99,99,5,0,0,1,0
47,470496,1,1,0,1,55,0,19,7,2010,2,99,99,0,5,4,KERR HILL ROAD,,10,35.33265000,-87.048411110,0,34,0,0,1,1,4,0,2,99,0,99,0,0000000,99,99,99,99,99,99,18,0,0,1,1
47,470497,1,1,0,1,117,380,19,7,2010,2,14,50,0,3,2,US-31A,,271,35.59300556,-86.696805560,0,32,0,0,1,1,4,0,1,1,0,1,0,0000000,99,99,99,99,88,88,0,0,0,1,0
47,470498,4,4,0,10,1,0,20,7,2010,3,11,0,1,1,1,I-75,,56,36.15836389,-84.072005560,0,12,1,0,1,1,1,0,1,1,0,1,0,0000000,99,99,99,99,99,99,14,19,0,2,0
47,470499,2,2,0,2,65,0,14,7,2010,4,20,21,0,15,4,SNOW HILL ROAD,,18,35.10613056,-85.066027780,0,12,6,0,1,1,1,0,5,1,0,1,0,0000000,99,99,99,99,99,99,0,0,0,1,0
47,470500,1,1,1,1,13,0,20,7,2010,3,23,0,0,5,4,OLD MIDDLESBORO HIGH,,5,36.40828889,-84.055172220,0,8,0,0,1,1,1,0,2,5,0,5,0,0000000,99,99,99,99,99,99,0,0,0,1,0
47,470501,1,1,0,2,19,0,21,7,2010,4,14,0,0,6,4,SHELL CREEK ROAD,,0,36.15132222,-82.033913890,0,38,0,0,1,1,4,0,1,2,0,2,0,0000000,99,99,99,99,99,99,0,0,0,2,0
47,470502,1,1,0,1,93,1300,22,7,2010,5,6,25,0,13,2,US-SR168,,177,36.00275556,-83.871022220,0,30,0,0,1,1,4,0,4,1,0,1,0,0000000,99,99,99,99,99,99,0,0,0,1,0
47,470503,1,1,0,2,7,0,23,7,2010,6,18,57,0,2,2,US-SR28,,106,35.56846111,-85.238913890,0,1,0,0,1,1,4,0,1,1,0,1,0,0000000,99,99,99,99,99,99,0,0,0,1,0
47,470504,1,1,0,1,89,0,23,7,2010,6,16,40,0,6,4,HAROLD PATTERSON ROA,,0,35.99816389,-83.486663890,0,35,0,0,1,1,4,0,1,1,0,1,0,0000000,99,99,99,99,99,99,0,0,0,1,1
47,470505,1,1,0,1,35,0,25,7,2010,1,21,40,0,6,4,CHESTNUT HILL ROAD,,5,35.95737778,-84.976613890,0,35,0,0,1,1,4,0,2,1,0,1,0,0000000,99,99,99,99,99,99,0,0,0,1,1
47,470506,1,1,0,1,109,0,25,7,2010,1,3,30,0,3,3,SR-22,,188,35.08673056,-88.381619440,0,32,0,0,1,1,4,0,2,1,0,1,0,0000000,99,99,99,99,99,99,0,0,0,1,1
47,470507,1,1,0,1,19,0,24,7,2010,7,12,20,0,15,4,BOB LITTLE ROAD,,14,36.31394167,-82.234008330,0,35,0,0,1,1,4,0,1,1,0,1,0,0000000,99,99,99,99,99,99,0,0,0,1,0
47,470508,3,3,0,9,153,0,26,7,2010,2,13,21,1,2,3,SR-8,,202,35.41518611,-85.412994440,0,12,8,0,1,1,1,0,1,2,0,2,0,0000000,99,99,99,99,99,99,0,0,0,1,0
47,470509,1,1,0,2,157,0,23,7,2010,6,17,45,0,6,4,CHAMBERS ROAD,,0,35.35940278,-89.927366670,0,38,0,0,1,1,4,0,1,1,0,1,0,0000000,99,99,99,99,99,99,0,0,0,1,0
47,470510,1,1,0,1,93,1300,27,7,2010,3,0,41,0,16,6,HOTEL ROAD,HOLBROOK DRIVE,0,36.03809167,-83.934700000,0,30,0,0,2,3,4,0,3,1,0,1,0,0000000,99,99,99,99,99,99,0,0,0,1,0
47,470511,2,2,0,7,37,1760,3,7,2010,7,1,41,1,11,1,I-65,,47,36.09897778,-86.763669440,0,12,2,0,1,1,1,0,3,1,0,1,0,0000000,99,99,99,99,99,99,0,0,0,1,1
47,470512,2,2,0,2,47,0,28,7,2010,4,11,35,1,1,1,I-40,,3,35.28883889,-89.614363890,0,12,6,0,1,1,1,0,1,1,0,1,0,0000000,99,99,99,99,88,88,0,0,0,1,0
47,470513,2,2,0,4,43,0,4,7,2010,1,13,28,0,5,4,HUMMINGBIRD LANE,JONES CREEK ROAD,0,36.10136389,-87.346350000,0,12,6,0,2,2,1,0,1,1,0,1,0,0000000,99,99,99,99,99,99,0,0,0,1,0
47,470514,1,1,0,1,43,0,22,7,2010,5,99,99,0,4,3,SR-48,,4,35.99217778,-87.489263890,0,42,0,0,1,1,4,0,9,99,0,99,0,0000000,99,99,99,99,88,88,0,0,0,1,0
47,470515,2,2,0,2,145,0,28,7,2010,4,19,10,0,4,2,US-SR1,,119,35.87495833,-84.640338890,0,12,6,0,1,1,1,0,1,10,0,10,0,0000000,99,99,99,99,99,99,0,0,0,1,1
47,470516,2,2,0,3,65,0,25,7,2010,1,11,9,0,6,4,REAVELY ROAD,,0,35.37698333,-85.114538890,0,12,1,0,1,1,1,0,1,1,0,1,0,0000000,99,99,99,99,99,99,0,0,0,1,0
47,470517,2,2,0,2,63,1700,24,7,2010,7,2,0,0,13,3,SR-160,,145,36.17058056,-83.385500000,0,24,0,0,1,1,3,0,2,1,0,1,0,0000000,99,99,99,99,88,88,0,0,0,1,1
47,470518,2,2,0,2,13,0,29,7,2010,5,13,46,1,1,1,I-75,,147,36.42147222,-84.286466670,0,12,9,0,1,1,1,0,1,2,0,2,0,0000000,99,99,99,99,88,88,19,0,0,1,0
47,470519,1,1,0,1,157,1620,31,7,2010,7,18,48,0,16,6,BARTLETT ROAD,,0,35.16344722,-89.877850000,0,30,0,0,1,1,4,0,1,1,0,1,0,0000000,99,99,99,99,88,88,0,0,0,1,0
47,470520,1,1,0,1,93,0,31,7,2010,7,13,43,0,14,3,SR-168,,51,35.89987778,-83.867513890,0,42,0,0,1,1,4,0,1,2,0,2,0,0000000,99,99,99,99,88,88,0,0,0,1,0
47,470521,2,2,0,3,93,1300,31,7,2010,7,11,36,0,13,2,US-SR33,,123,36.04304722,-83.929363890,0,42,0,0,1,1,3,0,1,2,0,2,0,0000000,99,99,99,99,88,88,14,0,0,1,0
47,470522,2,2,0,2,65,2210,30,7,2010,6,23,35,0,14,2,US-SR8,,160,35.11345278,-85.355119440,0,12,6,0,1,1,1,0,2,1,0,1,0,0000000,99,99,99,99,99,99,0,0,0,1,1
47,470523,1,1,1,1,65,0,18,7,2010,1,22,20,0,14,2,US-SR2,,58,35.02026667,-85.366188890,0,8,0,0,1,1,1,0,2,1,0,1,0,0000000,99,99,99,99,88,88,0,0,0,1,0
47,470524,1,1,0,1,157,1620,18,7,2010,1,22,30,0,16,6,WESTERN PARK DRIVE,,0,35.03222778,-90.070658330,0,42,0,0,1,1,4,0,3,1,0,1,0,0000000,99,99,99,99,88,88,0,0,0,1,0
47,470525,1,1,0,1,151,1880,20,6,2010,1,11,2,1,2,2,US-SR29,,175,36.49139167,-84.525680560,0,30,0,0,1,1,4,0,1,1,0,1,0,0000000,99,99,99,99,99,99,0,0,0,1,0
47,470526,3,3,0,4,165,1085,30,6,2010,4,18,51,0,13,2,US-SR6,CENTERPOINT ROAD,3,36.30936389,-86.666069440,0,12,6,0,2,2,1,0,1,1,0,1,0,0000000,99,99,99,99,99,99,0,0,0,1,1
47,470527,2,2,0,5,59,0,13,5,2010,5,19,56,0,3,3,SR-70,,237,36.24351111,-82.912069440,0,12,6,0,8,1,1,0,1,1,0,1,0,0000000,99,99,99,99,88,88,0,0,0,1,0
47,470528,2,2,0,2,65,400,24,7,2010,7,1,29,1,11,1,I-124,,15,35.04999722,-85.309577780,0,12,1,0,1,1,1,0,3,1,0,1,0,0000000,99,99,99,99,99,99,0,0,0,1,0
47,470529,2,2,0,4,65,400,25,7,2010,1,18,14,0,13,2,US-SR2,SR-153,169,35.03219167,-85.182580560,0,12,6,0,2,2,1,0,1,1,0,1,0,0000000,99,99,99,99,99,99,0,0,0,1,0
47,470530,2,1,0,1,157,1620,18,6,2010,6,1,6,0,14,6,BARRON AVENUE,,8,35.09991944,-89.956275000,0,33,0,0,1,1,4,0,3,1,0,1,0,0000000,99,99,99,99,88,88,0,0,0,1,0
47,470531,1,1,0,1,9,0,27,7,2010,3,10,8,0,6,4,LAUREL CREEK ROAD,,0,35.60524444,-83.745733330,0,42,0,0,1,1,4,0,1,1,0,1,0,0000000,99,99,99,99,88,88,0,0,0,1,0
47,470532,1,1,0,6,61,0,2,8,2010,2,1,0,1,1,1,I-24,,10,35.29466667,-85.898152780,0,1,0,0,1,1,3,1,2,1,0,1,0,0000000,99,99,99,99,99,99,0,0,0,1,1
47,470533,3,3,0,6,35,540,1,8,2010,1,21,10,0,13,2,US-SR28,OBED STREET,164,35.98246111,-85.038605560,0,12,6,0,2,2,1,0,3,1,0,1,0,0000000,21,14,21,20,21,35,0,0,0,1,1
47,470534,1,1,0,1,149,2250,3,8,2010,3,10,4,0,15,6,ROCKY FORK ALMAVILLE,,2,35.92736389,-86.587152780,0,34,0,0,1,1,4,0,1,1,0,1,0,0000000,99,99,99,99,99,99,0,0,0,1,0
47,470535,1,1,0,2,149,404,3,8,2010,3,19,40,0,4,3,SR-99,,307,35.75040833,-86.233847220,0,1,0,0,1,1,4,0,5,1,0,1,0,0000000,99,99,99,99,99,99,0,0,0,1,0
47,470536,2,2,0,2,181,0,3,8,2010,3,14,37,0,3,3,SR-13,,316,35.39526944,-87.772494440,0,1,0,0,1,1,1,0,1,1,0,1,0,0000000,99,99,99,99,99,99,0,0,0,1,0
47,470537,2,2,0,3,47,0,5,8,2010,5,17,55,0,3,3,SR-76,,242,35.39300000,-89.302588890,0,12,6,0,1,1,1,0,1,10,0,10,0,0000000,99,99,99,99,99,99,0,0,0,2,0
47,470538,1,1,0,2,107,0,5,8,2010,5,13,18,0,6,4,351,,0,35.54281944,-84.519597220,0,10,0,0,6,1,1,0,1,1,0,1,0,731553P,99,99,99,99,99,99,0,0,0,2,1
47,470539,1,1,0,1,183,0,5,8,2010,5,2,50,0,4,3,SR-216,,1,36.31785556,-88.953069440,0,35,0,0,1,1,4,0,2,1,0,1,0,0000000,99,99,99,99,88,88,0,0,0,1,1
47,470540,1,1,0,1,35,0,6,8,2010,6,10,55,1,1,1,I-40,,299,35.89289167,-84.797394440,0,57,0,0,1,1,3,0,1,2,0,2,0,0000000,10,59,11,10,88,88,0,0,0,1,0
47,470541,1,1,0,2,39,0,6,8,2010,6,22,50,0,5,4,MT CARMEL ROAD,,25,35.56985278,-88.024986110,0,59,0,0,1,1,4,0,2,1,0,1,0,0000000,99,99,99,99,99,99,0,0,0,1,1
47,470542,2,2,0,3,63,2575,6,8,2010,6,15,35,0,13,2,US-SR34,SR-113,188,36.27330556,-83.136152780,0,12,2,0,2,2,1,0,1,1,0,1,0,0000000,99,99,99,99,99,99,0,0,0,1,0
47,470543,2,2,0,4,165,0,6,8,2010,6,15,9,0,3,3,SR-174,,26,36.35496667,-86.671386110,0,12,6,0,1,1,1,0,1,1,0,1,0,0000000,99,99,99,99,99,99,0,0,0,2,0
47,470544,1,1,0,1,3,0,7,8,2010,7,0,8,0,5,4,UNIONVILLE DEASON RO,,37,35.59673333,-86.518811110,0,1,0,0,1,1,4,0,2,1,0,1,0,0000000,99,99,99,99,88,88,0,0,0,1,1
47,470545,2,2,0,4,139,0,7,8,2010,7,21,41,1,2,2,US-SR40,,10,35.12301389,-84.707100000,0,12,2,0,1,1,1,1,2,1,0,1,0,0000000,99,99,99,99,99,99,0,0,0,1,1
47,470546,1,1,0,1,59,0,8,8,2010,1,14,15,1,1,1,I-81,,314,36.40176111,-82.646433330,0,1,0,0,1,1,3,0,1,1,0,1,0,0000000,99,99,99,99,88,88,0,0,0,1,0
47,470547,1,1,0,2,149,0,8,8,2010,1,4,49,1,11,1,I-24 RAMP,,111,35.88939444,-86.481230560,0,1,0,1,5,1,1,0,2,1,0,1,0,0000000,99,99,99,99,99,99,0,0,0,1,1
47,470548,1,1,0,1,93,1300,8,8,2010,1,5,1,0,14,6,N PETERS ROAD,,12,35.91337222,-84.080225000,0,33,0,0,1,1,4,0,3,1,0,1,0,0000000,99,99,99,99,88,88,0,0,0,1,1
47,470549,1,1,0,2,189,1360,8,8,2010,1,15,0,0,15,6,N GREEN HILL ROAD,,12,36.23963056,-86.546619440,0,1,0,0,1,1,4,0,1,1,0,1,0,0000000,99,99,99,99,99,99,0,0,0,1,0
47,470550,1,1,0,1,9,1570,9,8,2010,2,5,56,0,14,6,BURNETT STATION ROAD,,32,35.87181111,-83.797766670,0,42,0,0,1,1,4,0,2,1,0,1,0,0000000,99,99,99,99,99,99,0,0,0,1,0
47,470551,1,1,1,1,29,0,9,8,2010,2,0,10,0,3,2,US-SR9,,125,35.95357500,-83.121233330,0,8,0,0,1,1,1,0,2,1,0,1,0,0000000,99,99,99,99,99,99,0,0,0,1,0
47,470552,1,1,0,1,121,0,9,8,2010,2,16,39,0,6,4,BUTLER ROAD,,2,35.56736111,-84.694650000,0,34,0,0,1,1,4,0,1,1,0,1,0,0000000,99,99,99,99,99,99,4,0,0,1,0
47,470553,1,1,0,1,173,0,1,8,2010,1,19,51,0,3,3,SR-33,,118,36.28342222,-83.761711110,0,35,0,0,1,1,4,0,1,1,0,1,0,0000000,99,99,99,99,99,99,0,0,0,1,0
47,470554,2,2,0,2,149,0,10,8,2010,3,17,16,1,11,1,I-24,,30,35.97024722,-86.568008330,0,12,1,0,1,1,1,0,1,1,0,1,0,0000000,99,99,99,99,99,99,0,0,0,1,0
47,470555,2,2,0,2,181,0,10,8,2010,3,20,55,1,2,2,US-SR15,BUTTERMILK RIDGE ROA,255,35.32396667,-87.585658330,0,12,6,0,2,3,1,0,2,1,0,1,0,0000000,99,99,99,99,99,99,0,0,0,1,1
47,470556,1,1,0,1,85,0,8,8,2010,1,22,5,0,4,3,SR-230,,100,36.02662778,-87.761152780,0,1,0,0,1,1,4,0,2,1,0,1,0,0000000,99,99,99,99,99,99,0,0,0,1,0
47,470557,1,1,0,1,57,2105,12,8,2010,5,15,55,0,4,3,SR-375,,114,36.26085833,-83.419736110,0,42,0,0,1,1,4,0,1,1,0,1,0,0000000,99,99,99,99,88,88,0,0,0,1,0
47,470558,1,1,0,1,125,0,12,8,2010,5,16,36,0,6,4,OAK RIDGE ROAD,,10,36.39895278,-87.468275000,0,35,0,0,1,1,4,0,1,1,0,1,0,0000000,99,99,99,99,88,88,0,0,0,1,1
47,470559,1,1,1,4,103,0,14,8,2010,7,23,40,1,2,2,US-SR15,,91,35.19373611,-86.682369440,0,8,0,0,1,1,1,0,2,10,0,10,0,0000000,99,99,99,99,99,99,0,0,0,1,0
47,470560,1,1,0,1,119,470,14,8,2010,7,22,15,0,4,2,US-SR106,,34,35.67208333,-86.831350000,0,1,0,0,1,1,4,0,2,10,0,10,0,0000000,99,99,99,99,99,99,0,0,0,1,1
47,470561,1,1,0,3,121,0,14,8,2010,7,6,40,0,3,3,SR-58,,0,35.39045000,-84.902516670,0,1,0,0,1,1,4,0,4,1,0,1,0,0000000,99,99,99,99,99,99,0,0,0,1,1
47,470562,1,1,0,2,121,0,15,8,2010,1,12,45,0,5,4,BLYTHE FERRY LANE,,51,35.34513056,-84.929027780,0,42,0,0,1,1,4,0,1,1,0,1,0,0000000,99,99,99,99,99,99,0,0,0,1,0
47,470563,2,2,0,3,187,272,16,8,2010,2,18,44,0,14,3,SR-252,,50,36.01386667,-86.781311110,0,12,2,0,1,1,1,0,1,1,0,1,0,0000000,99,99,99,99,99,99,0,0,0,1,1
47,470564,1,1,0,1,93,1300,14,8,2010,7,7,17,0,13,2,US-SR168,,159,36.01513056,-83.826311110,0,24,0,0,1,1,4,0,3,1,0,1,0,0000000,99,99,99,99,99,99,0,0,0,1,1
47,470565,2,2,0,2,13,0,18,8,2010,4,13,35,1,1,1,I-75,,145,36.41927500,-84.284744440,0,24,0,0,1,1,3,0,1,2,0,2,0,0000000,99,99,99,99,99,99,0,0,0,1,0
47,470566,2,2,0,3,23,1080,18,8,2010,4,20,19,0,5,6,GARLAND ROAD,,35,35.46542500,-88.648477780,0,12,2,0,1,1,1,0,2,1,0,1,0,0000000,99,99,99,99,99,99,0,0,0,1,1
47,470567,2,2,0,2,1,1850,18,8,2010,4,12,2,0,14,6,MELTON LAKE DRIVE,,23,36.03460833,-84.194422220,0,12,2,0,1,1,1,0,1,10,0,10,0,0000000,99,99,99,99,88,88,0,0,0,1,0
47,470568,2,2,0,3,85,0,18,8,2010,4,14,15,1,1,1,I-40,,42,35.86928333,-87.866641670,0,24,0,0,1,1,4,0,1,2,0,2,0,0000000,99,99,99,99,99,99,0,0,0,1,0
47,470569,1,1,0,1,43,0,19,8,2010,5,99,99,0,3,3,SR-49,,104,36.20651944,-87.391500000,0,42,0,0,1,1,4,0,2,1,0,1,0,0000000,99,99,99,99,88,88,0,0,0,1,1
47,470570,1,1,0,1,59,0,19,8,2010,5,3,19,0,3,2,US-SR35,,38,36.07856111,-82.960183330,0,24,0,0,1,1,4,0,2,2,0,2,0,0000000,99,99,99,99,88,88,0,0,0,1,0
47,470571,1,1,0,1,101,0,20,8,2010,6,13,0,0,4,3,SR-99,,56,35.44275278,-87.541208330,0,1,0,0,1,1,4,0,1,1,0,1,0,0000000,99,99,99,99,88,88,0,0,0,1,0
47,470572,2,2,0,3,23,0,21,8,2010,7,9,37,0,5,4,GARLAND ROAD,,13,35.49661111,-88.646827780,0,12,2,0,1,1,1,0,1,1,0,1,0,0000000,99,99,99,99,99,99,0,0,0,1,0
47,470573,2,2,0,2,163,0,21,8,2010,7,17,55,0,13,3,SR-36,,22,36.47096667,-82.484533330,0,12,6,0,1,1,1,0,1,1,0,1,0,0000000,99,99,99,99,99,99,0,0,0,1,1
47,470574,1,1,0,1,167,0,21,8,2010,7,4,0,0,5,4,BRIDE ROAD,,53,35.59336389,-89.708230560,0,32,0,0,1,1,4,0,2,1,0,1,0,0000000,99,99,99,99,88,88,0,0,0,1,1
47,470575,1,1,0,2,169,0,22,8,2010,1,2,20,0,3,3,SR-10,,180,36.41896389,-86.094050000,0,42,0,0,1,1,4,0,2,5,0,5,0,0000000,99,99,99,99,99,99,0,0,0,1,1