STATE,ST_CASE,VE_TOTAL,VE_FORMS,PEDS,PERSONS,COUNTY,CITY,DAY,MONTH,YEAR,DAY_WEEK,HOUR,MINUTE,NHS,ROAD_FNC,ROUTE,TWAY_ID,TWAY_ID2,MILEPT,LATITUDE,LONGITUD,SP_JUR,HARM_EV,MAN_COLL,RELJCT1,RELJCT2,TYP_INT,REL_ROAD,WRK_ZONE,LGT_COND,WEATHER1,WEATHER2,WEATHER,SCH_BUS,RAIL,NOT_HOUR,NOT_MIN,ARR_HOUR,ARR_MIN,HOSP_HR,HOSP_MN,CF1,CF2,CF3,FATALS,DRUNK_DR
47,470576,1,1,0,1,65,0,13,8,2010,6,11,0,0,5,4,RETRO HUGHES ROAD,,30,35.36953333,-85.144558330,0,42,0,0,1,1,4,0,1,1,0,1,0,0000000,99,99,99,99,88,88,0,0,0,1,1
47,470577,2,2,0,3,1,0,23,8,2010,2,8,5,0,4,2,US-SR71,,41,36.17889167,-84.050952780,0,12,2,0,1,1,1,0,1,1,0,1,0,0000000,99,99,99,99,99,99,0,0,0,1,0
47,470578,1,1,0,1,29,0,23,8,2010,2,1,50,0,15,3,SR-73,,125,35.95702778,-83.175175000,0,30,0,0,1,1,4,0,2,1,0,1,0,0000000,99,99,99,99,99,99,0,0,0,1,1
47,470579,2,2,0,4,157,930,9,1,2010,7,16,4,0,15,6,EXETER ROAD,FARMINGTON BOULEVARD,4,35.09551389,-89.802030560,0,12,6,0,2,2,1,0,1,1,0,1,0,0000000,99,99,99,99,99,99,0,0,0,1,0
47,470580,2,2,0,2,37,1760,28,2,2010,1,2,52,1,11,1,I-24,,239,36.13454722,-86.726727780,0,12,1,0,1,1,1,0,2,1,0,1,0,0000000,99,99,99,99,99,99,0,0,0,1,1
47,470582,2,2,0,3,141,0,14,8,2010,7,14,30,0,3,2,US-SR24,,134,36.17124444,-85.596722220,0,12,1,0,1,1,1,0,1,1,0,1,0,0000000,99,99,99,99,99,99,0,0,0,1,0
47,470583,2,2,0,2,93,1300,23,8,2010,2,15,32,0,13,2,US-SR33,RIDGEWOOD ROAD,123,36.04278333,-83.929275000,0,12,7,0,2,3,1,0,1,1,0,1,0,0000000,99,99,99,99,99,99,0,0,0,1,0
47,470584,2,2,0,4,71,0,15,8,2010,1,14,50,0,4,3,SR-226,,63,35.21956389,-88.200216670,0,12,2,0,1,1,1,0,1,1,0,1,0,0000000,99,99,99,99,99,99,0,0,0,1,0
47,470585,1,1,0,1,21,0,22,8,2010,1,6,45,0,3,2,US-SR1,,44,36.11834444,-87.122825000,0,53,0,0,1,1,4,0,1,5,0,5,0,0000000,99,99,99,99,99,99,0,0,0,1,0
47,470586,1,1,0,1,117,500,25,8,2010,4,15,50,1,1,1,I-65,,45,35.36556111,-86.885397220,0,21,0,0,1,1,3,0,1,1,0,1,0,0000000,99,99,99,99,88,88,0,0,0,1,0
47,470587,1,1,0,1,31,0,27,8,2010,6,99,99,0,6,4,SEARS ROEBUCK ROAD,,1,35.39518056,-86.163850000,0,35,0,0,1,1,4,0,9,1,0,1,0,0000000,99,99,99,99,88,88,0,0,0,1,0
47,470588,1,1,0,1,35,0,27,8,2010,6,22,40,0,5,4,VANDEVER ROAD,,9,35.80436944,-85.035519440,0,42,0,0,1,1,4,0,2,1,0,1,0,0000000,99,99,99,99,99,99,0,0,0,1,1
47,470589,1,1,0,4,155,0,27,8,2010,6,16,45,1,2,2,US-SR73,,69,35.76924444,-83.617400000,0,26,0,0,1,1,4,0,1,1,0,1,0,0000000,99,99,99,99,99,99,0,0,0,2,0
47,470590,1,1,0,1,37,1760,28,6,2010,2,15,30,1,12,3,SR-155,,146,36.23896111,-86.741458330,0,1,0,0,1,1,1,0,1,2,0,2,0,0000000,99,99,99,99,88,88,0,0,0,1,0
47,470591,2,2,0,3,167,0,27,8,2010,6,15,32,0,4,3,SR-59,GLEN SPRINGS ROAD,33,35.50472778,-89.897083330,0,12,6,0,2,3,1,0,1,1,0,1,0,0000000,99,99,99,99,99,99,0,0,0,1,0
47,470592,1,1,0,1,9,0,28,8,2010,7,8,28,1,2,2,US-SR33,,38,35.66984722,-84.092830560,0,42,0,0,1,1,4,0,1,1,0,1,0,0000000,99,99,99,99,99,99,0,0,0,1,0
47,470593,1,1,0,4,51,0,28,8,2010,7,19,45,0,5,4,WATERTANK ROAD,,79,35.14354722,-86.023136110,0,1,0,0,1,1,4,0,2,1,0,1,0,0000000,99,99,99,99,99,99,0,0,0,1,1
47,470594,1,1,0,2,173,0,28,8,2010,7,3,18,0,6,4,BIG VALLEY ROAD,,2,36.32174167,-83.856369440,0,38,0,0,1,1,4,0,2,1,0,1,0,0000000,99,99,99,99,99,99,0,0,0,1,1
47,470595,1,1,1,1,189,1727,25,8,2010,4,99,99,1,11,1,I-40,,46,36.17411944,-86.487583330,0,8,0,0,1,1,1,0,2,1,0,1,0,0000000,99,99,99,99,88,88,0,0,0,1,0
47,470596,1,1,0,1,29,0,30,8,2010,2,12,13,0,4,3,SR-160,,27,36.01777222,-83.172869440,0,42,0,0,1,1,4,0,1,1,0,1,0,0000000,99,99,99,99,99,99,0,0,0,1,0
47,470598,1,1,0,2,185,0,25,8,2010,4,9,35,1,2,2,US-SR111,,50,35.87917500,-85.472002780,0,42,0,0,1,1,4,0,1,1,0,1,0,0000000,9,35,9,41,99,99,0,0,0,2,0
47,470600,1,1,0,1,129,0,25,8,2010,4,8,35,1,2,2,US-SR29,,271,36.29352778,-84.653466670,0,1,0,0,1,1,1,0,1,10,0,10,0,0000000,99,99,99,99,99,99,0,0,0,1,0
47,470601,1,1,0,1,113,1200,31,8,2010,3,9,43,1,2,2,US-SR20,,160,35.64156111,-88.778211110,0,53,0,0,1,1,4,0,1,1,0,1,0,0000000,99,99,99,99,88,88,0,0,0,1,0
47,470602,1,1,0,5,9,0,23,8,2010,2,11,17,0,6,4,PENNSYLVANIA AVENUE,,0,35.78701389,-83.948738890,0,5,0,0,8,1,1,0,1,1,0,1,0,0000000,99,99,99,99,99,99,0,0,0,1,0
47,470603,2,2,0,4,37,1760,10,7,2010,7,14,12,0,14,6,MAGNOLIA BOULEVARD,18TH AVENUE S,15,36.13553611,-86.797155560,0,12,1,0,3,3,1,0,1,1,0,1,0,0000000,99,99,99,99,99,99,0,0,0,1,0
47,470604,2,2,0,2,177,0,28,8,2010,7,8,6,1,2,3,SR-55,OLD WELL ROAD,46,35.62020833,-85.882255560,0,12,6,0,2,2,1,0,1,1,0,1,0,0000000,99,99,99,99,99,99,0,0,0,1,0
47,470605,2,2,0,2,165,890,20,8,2010,6,15,32,0,16,6,OLD HIGHWAY 109,,0,36.48558056,-86.490136110,0,12,6,0,8,1,1,0,1,1,0,1,1,0000000,99,99,99,99,88,88,0,0,0,1,0
47,470606,1,1,0,1,37,1760,14,8,2010,7,4,8,0,15,6,NORTH NEW HOPE ROAD,,5,36.18016389,-86.582169440,0,30,0,0,1,1,4,0,2,1,0,1,0,0000000,99,99,99,99,88,88,0,0,0,1,1
47,470607,1,1,0,1,37,1760,28,5,2010,6,2,41,0,13,2,US-SR1,,251,36.10399444,-86.667655560,0,30,0,0,1,1,3,0,3,1,0,1,0,0000000,99,99,99,99,88,88,0,0,0,1,1
47,470608,1,1,1,1,37,1760,25,6,2010,6,11,1,0,15,6,CHARLOTTE AVENUE,4TH AVENUE N,8,36.16639722,-86.780658330,0,8,0,0,3,2,1,0,1,1,0,1,0,0000000,99,99,99,99,99,99,0,0,0,1,0
47,470610,1,1,0,7,157,1620,12,7,2010,2,22,57,0,16,6,TREZEVANT STREET,,0,35.21697778,-89.978658330,0,33,0,0,1,1,4,0,2,2,0,2,0,0000000,99,99,99,99,99,99,0,0,0,1,1
47,470611,2,2,0,4,153,690,20,7,2010,3,0,7,0,4,2,US-SR8,CLEAR BROOKS DRIVE,25,35.21055000,-85.386038890,0,34,0,0,2,3,6,0,3,1,0,1,0,0000000,99,99,99,99,99,99,19,0,0,1,1
47,470612,1,1,0,5,157,1620,24,7,2010,7,15,45,1,11,1,I-40,,120,35.17526389,-89.907216670,0,25,0,0,1,1,3,0,1,1,0,1,0,0000000,99,99,99,99,99,99,0,0,0,1,0
47,470613,1,1,0,2,35,540,1,9,2010,4,1,30,0,13,2,US-SR28,,154,35.96836944,-85.037858330,0,32,0,0,7,1,3,0,2,1,0,1,0,0000000,1,30,1,32,1,56,0,0,0,1,1
47,470614,1,1,0,1,73,405,1,9,2010,4,10,25,0,16,6,DEERFIELD CIRCLE,,0,36.52594167,-82.701463890,0,43,0,0,1,1,4,0,1,1,0,1,0,0000000,99,99,99,99,99,99,0,0,0,1,0
47,470615,1,1,0,1,125,410,1,9,2010,4,22,0,0,15,6,NEEDMORE ROAD,,12,36.61130833,-87.353883330,0,35,0,0,1,1,4,0,2,1,0,1,0,0000000,99,99,99,99,88,88,0,0,0,1,0
47,470616,2,2,0,4,3,2200,2,9,2010,5,14,19,1,13,2,US-SR10,,158,35.56328611,-86.446347220,0,12,6,0,8,1,1,0,1,1,0,1,0,0000000,99,99,99,99,99,99,0,0,0,1,0
47,470617,1,1,1,1,157,1620,28,7,2010,4,3,50,1,11,1,I-55,,53,35.06535000,-90.025630560,0,8,0,0,1,1,1,0,3,1,0,1,0,0000000,99,99,99,99,88,88,0,0,0,1,0
47,470618,1,1,0,2,61,0,12,9,2010,1,12,20,0,6,4,SUMMERFIELD ROAD,,0,35.26019444,-85.792966670,0,1,0,0,1,1,4,0,1,1,0,1,0,0000000,99,99,99,99,99,99,0,0,0,1,0
47,470619,1,1,0,2,107,0,18,9,2010,7,99,99,0,5,4,ROCKY MOUNTAIN ROAD,,9,35.44690556,-84.650794440,0,42,0,0,1,1,4,0,2,1,0,1,0,0000000,99,99,99,99,88,88,0,0,0,2,0
47,470620,1,1,0,1,65,400,31,7,2010,7,6,49,0,14,6,TUNNEL BOULEVARD,,42,35.05773889,-85.231047220,0,30,0,0,1,1,4,0,4,1,0,1,0,0000000,99,99,99,99,88,88,0,0,0,1,1
47,470621,2,2,0,5,179,1260,31,7,2010,7,22,30,0,5,6,FORDTOWN ROAD,DARK HOLLOW ROAD,44,36.42401389,-82.560936110,0,12,6,0,2,3,1,0,2,1,0,1,0,0000000,99,99,99,99,99,99,0,0,0,1,2
47,470622,1,1,1,1,179,1250,15,1,2010,6,19,1,0,14,6,STATE OF FRANKLIN RO,BUFFALO STREET,0,36.31479722,-82.352744440,0,8,0,0,2,2,1,0,2,1,0,1,0,0000000,99,99,99,99,99,99,0,0,0,1,0
47,470623,2,2,0,2,179,1250,16,2,2010,3,14,35,0,14,3,SR-36,,33,36.39493611,-82.412502780,0,12,2,0,1,1,1,0,1,4,0,4,0,0000000,99,99,99,99,99,99,0,0,0,1,0
47,470624,1,1,1,1,157,1620,15,3,2010,2,19,52,0,14,6,SOUTH PERKINS ROAD,QUINCE ROAD,40,35.09141389,-89.906966670,0,8,0,1,3,2,1,0,3,1,0,1,0,0000000,99,99,99,99,99,99,0,0,0,1,0
47,470625,2,2,0,5,157,1620,31,3,2010,4,17,43,0,16,6,BREEDLOVE STREET,PALMETTO AVENUE,3,35.16100000,-90.022647220,0,12,6,0,2,2,1,0,1,1,0,1,0,0000000,99,99,99,99,99,99,0,0,0,1,0
47,470626,1,1,0,4,157,1620,10,7,2010,7,20,43,0,14,6,N GRAHAM STREET,,0,35.18292500,-89.927786110,0,33,0,0,1,1,5,0,5,1,0,1,0,0000000,99,99,99,99,99,99,0,0,0,1,1
47,470627,1,1,0,1,115,0,5,8,2010,5,9,28,1,1,1,I-24,,275,35.00633333,-85.524080560,0,24,0,0,1,1,3,0,1,1,0,1,0,0000000,99,99,99,99,88,88,0,0,0,1,0
47,470628,1,1,0,4,167,1740,30,7,2010,6,22,57,1,13,2,US-SR3,JOE JOYNER ROAD,7,35.40080278,-89.845030560,0,34,0,0,3,3,3,0,2,1,0,1,0,0000000,99,99,99,99,99,99,0,0,0,2,0
47,470629,1,1,1,1,157,1620,15,8,2010,1,1,50,1,11,1,I-240,,122,35.07778333,-89.911041670,0,8,0,0,1,1,1,0,2,1,0,1,0,0000000,99,99,99,99,88,88,0,0,0,1,0
47,470630,2,2,0,7,165,0,24,4,2010,7,13,9,1,2,2,US-SR6,,301,36.53636389,-86.244608330,0,12,6,0,1,1,1,0,1,2,0,2,0,0000000,99,99,99,99,99,99,0,0,0,1,1
47,470631,1,1,0,2,163,290,2,8,2010,2,99,99,1,13,2,US-SR34,,146,36.56671111,-82.201700000,0,3,0,0,1,1,4,0,3,1,0,1,0,0000000,99,99,99,99,99,99,99,99,99,1,0
47,470632,1,1,0,1,37,1245,15,8,2010,1,18,57,1,1,1,I-24,,50,36.30150000,-86.812097220,0,1,0,0,1,1,3,0,2,1,0,1,0,0000000,99,99,99,99,99,99,99,99,99,1,0
47,470633,1,1,1,1,125,410,27,8,2010,6,22,0,0,13,2,US-SR12,,184,36.56828889,-87.404438890,0,8,0,0,1,1,1,0,3,1,0,1,0,0000000,99,99,99,99,88,88,0,0,0,1,1
47,470634,3,3,0,6,157,90,2,9,2010,5,13,45,0,13,2,US-SR1,SR-385,274,35.28904444,-89.686794440,0,12,6,0,2,3,1,0,1,1,0,1,0,0000000,99,99,99,99,99,99,0,0,0,1,0
47,470635,2,2,0,3,125,0,3,9,2010,6,12,56,0,3,3,SR-76,,211,36.54015833,-87.167663890,0,12,2,0,1,1,1,0,1,1,0,1,0,0000000,99,99,99,99,99,99,0,0,0,1,0
47,470636,1,1,0,4,59,0,4,9,2010,7,16,40,0,5,4,GREYSTONE ROAD,,14,36.09295278,-82.755408330,0,35,0,0,1,1,4,0,1,1,0,1,0,0000000,99,99,99,99,99,99,0,0,0,1,1
47,470637,1,1,0,1,165,0,28,8,2010,7,5,49,0,3,3,SR-25,,28,36.49911944,-86.602661110,0,34,0,0,1,1,5,0,2,1,0,1,0,0000000,99,99,99,99,88,88,0,0,0,1,0
47,470638,1,1,0,1,155,0,4,9,2010,7,17,40,0,6,4,BLUE HERRING WAY,,1,35.89287500,-83.427041670,0,42,0,0,1,1,4,0,1,1,0,1,0,0000000,99,99,99,99,99,99,22,0,0,1,0
47,470639,1,1,1,1,157,0,6,9,2010,2,21,30,0,13,3,SR-14,,241,35.24403889,-89.886547220,0,8,0,0,1,1,1,0,2,1,0,1,0,0000000,99,99,99,99,99,99,0,0,0,1,0
47,470640,1,1,0,3,93,0,4,9,2010,7,21,44,0,5,4,ROBERTS ROAD,,10,36.08298333,-83.785288890,0,42,0,0,1,1,4,0,2,1,0,1,0,0000000,99,99,99,99,99,99,0,0,0,1,1
47,470641,1,1,0,1,103,0,7,9,2010,3,13,55,0,2,3,SR-50,,146,35.17777222,-86.520005560,0,1,0,0,1,1,4,0,1,1,0,1,0,0000000,99,99,99,99,99,99,0,0,0,1,0
47,470642,1,1,2,1,37,1760,18,8,2010,4,23,23,0,13,2,US-SR11,,72,36.08233056,-86.727155560,0,8,0,0,1,1,1,0,3,2,0,2,0,0000000,99,99,99,99,99,99,0,0,0,1,0
47,470643,2,2,0,2,15,0,8,9,2010,4,7,40,1,2,2,US-SR1,,93,35.81221111,-86.029344440,0,12,6,0,1,1,1,0,1,2,0,2,0,0000000,7,52,7,58,8,31,0,0,0,1,0
47,470644,2,2,0,3,139,0,8,9,2010,4,10,10,1,2,2,US-SR40,,234,35.03574167,-84.429855560,0,12,2,0,1,1,1,0,1,1,0,1,0,0000000,99,99,99,99,99,99,0,0,0,2,0
47,470645,2,2,0,2,189,0,8,9,2010,4,15,34,0,4,3,SR-266,JUG CREEK ROAD,44,36.02911389,-86.242075000,0,12,6,0,2,3,1,0,1,1,0,1,1,0000000,99,99,99,99,88,88,0,0,0,1,0
47,470646,2,2,0,2,113,1200,8,9,2010,4,8,15,1,11,1,I-40 RAMP,,31,35.67736667,-88.780911110,0,12,1,1,5,1,1,0,1,10,0,10,0,0000000,99,99,99,99,88,88,0,0,0,1,1
47,470647,1,1,1,1,37,1760,22,8,2010,1,1,40,1,13,3,SR-45,EAGAN CIRCLE,91,36.26237222,-86.679252780,0,8,0,0,2,3,1,0,3,1,0,1,0,0000000,99,99,99,99,99,99,0,0,0,1,1
47,470648,1,1,0,1,165,235,23,8,2010,2,19,45,0,6,4,RED TUTTLE ROAD,,1,36.49503889,-86.322363890,0,42,0,0,1,1,4,0,2,1,0,1,0,0000000,99,99,99,99,99,99,0,0,0,1,1
47,470649,2,2,0,2,145,0,10,9,2010,6,6,21,1,1,1,I-40,,189,35.86062222,-84.399022220,0,35,0,0,1,1,4,0,2,1,0,1,0,0000000,99,99,99,99,99,99,0,0,0,1,0
47,470650,2,2,0,2,145,0,10,9,2010,6,7,45,0,3,3,SR-58,,101,35.84190000,-84.542477780,0,12,2,0,1,1,1,0,1,1,0,1,0,0000000,99,99,99,99,99,99,0,0,0,1,0
47,470651,1,1,0,1,57,0,11,9,2010,7,1,40,0,4,3,SR-131,,8,36.24468889,-83.681836110,0,42,0,0,1,1,4,0,2,1,0,1,0,0000000,99,99,99,99,88,88,0,0,0,1,1
47,470652,2,2,0,2,115,0,11,9,2010,7,9,10,1,1,1,I-24,,38,35.20523333,-85.789788890,0,12,7,0,1,1,1,0,1,1,0,1,0,0000000,99,99,99,99,99,99,0,0,0,1,0
47,470653,2,2,0,2,185,2310,11,9,2010,7,2,40,1,2,3,SR-111,,26,35.85875833,-85.466672220,0,12,2,0,1,1,1,0,2,2,0,2,0,0000000,2,37,2,42,3,8,0,0,0,1,0
47,470654,2,2,0,3,3,2200,13,9,2010,2,16,27,1,2,2,US-SR10,,48,35.40988056,-86.487227780,0,12,2,0,1,1,1,0,1,1,0,1,0,0000000,99,99,99,99,99,99,0,0,0,2,0
47,470655,2,2,0,4,31,1550,14,9,2010,3,8,29,1,1,1,I-24,,197,35.42560278,-86.025052780,0,12,7,0,1,1,1,0,1,1,0,1,0,0000000,99,99,99,99,99,99,0,0,0,1,0
47,470656,1,1,0,2,93,0,14,9,2010,3,0,28,0,5,4,KODAK ROAD,,64,35.96232500,-83.671033330,0,42,0,0,1,1,4,0,2,1,0,1,0,0000000,99,99,99,99,88,88,0,0,0,1,1
47,470657,1,1,0,1,141,480,9,9,2010,5,1,59,0,16,6,KENWAY STREET,,0,36.19273056,-85.497766670,0,42,0,0,1,1,4,0,2,1,0,1,0,0000000,99,99,99,99,99,99,0,0,0,1,1
47,470658,2,2,0,2,11,420,16,9,2010,5,9,21,0,14,6,MOUSE CREEK ROAD,,9,35.22027500,-84.853650000,0,12,2,0,1,1,1,0,1,1,0,1,0,0000000,99,99,99,99,99,99,0,0,0,1,0
47,470659,1,1,1,1,157,1620,15,9,2010,4,20,48,1,11,1,I-40,,103,35.19258333,-89.927075000,0,8,0,0,1,1,1,0,3,1,0,1,0,0000000,99,99,99,99,88,88,0,0,0,1,0
47,470660,2,2,0,2,123,0,20,4,2010,3,14,41,0,3,3,SR-68,SANDS ROAD,71,35.53736111,-84.442291670,0,12,6,0,2,3,1,0,1,2,0,2,0,0000000,99,99,99,99,99,99,0,0,0,1,0
47,470661,1,1,0,1,123,0,12,5,2010,4,19,20,0,3,3,SR-68,,293,35.40160833,-84.352738890,0,34,0,0,1,1,4,0,1,1,0,1,0,0000000,99,99,99,99,99,99,0,0,0,1,0
47,470662,1,1,0,1,55,0,14,5,2010,6,9,0,0,4,3,SR-245,,57,35.42865833,-87.097330560,0,38,0,0,1,1,4,0,1,1,0,1,0,0000000,99,99,99,99,99,99,0,0,0,1,0
47,470663,2,2,0,2,93,0,19,5,2010,4,16,28,0,4,3,SR-9,STRINGTOWN ROAD,148,36.02353333,-83.709033330,0,12,2,0,2,3,1,0,1,1,0,1,0,0000000,99,99,99,99,99,99,0,0,0,1,1
47,470664,2,2,0,3,163,0,29,4,2010,5,19,30,0,14,3,SR-93,,151,36.59274722,-82.515286110,0,12,6,0,1,1,1,0,1,1,0,1,0,0000000,99,99,99,99,99,99,0,0,0,1,0
47,470665,1,1,0,1,93,0,28,4,2010,4,7,11,0,14,3,SR-168,,150,36.00271944,-83.822227780,0,53,0,0,8,1,4,0,1,5,0,5,0,0000000,99,99,99,99,99,99,0,0,0,1,0
47,470666,2,2,0,4,49,1210,17,9,2010,6,13,40,0,4,3,SR-154,,43,36.46423056,-84.903794440,0,12,2,0,1,1,1,0,1,1,0,1,0,0000000,99,99,99,99,99,99,0,0,0,1,1
47,470667,2,1,0,2,73,0,19,9,2010,1,18,45,0,6,4,MORNING STAR ROAD,,0,36.57442778,-82.704161110,0,53,0,0,1,1,4,0,1,1,0,1,0,0000000,99,99,99,99,99,99,0,0,0,1,1
47,470668,1,1,0,1,99,1350,20,9,2010,2,1,50,0,4,3,SR-240,,107,35.40070000,-87.371050000,0,34,0,0,1,1,4,0,2,1,0,1,0,0000000,99,99,99,99,99,99,0,0,0,1,1
47,470669,1,1,0,1,113,0,4,9,2010,7,11,8,1,2,2,US-SR20,,154,35.68005556,-88.719158330,0,7,0,0,1,1,1,0,1,1,0,1,0,0000000,99,99,99,99,99,99,0,0,0,1,0
47,470670,1,1,0,4,157,1620,7,9,2010,3,17,6,1,13,6,N SECOND STREET,,24,35.20234167,-90.049566670,0,30,0,0,1,1,4,0,1,2,0,2,0,0000000,99,99,99,99,99,99,0,0,0,1,0
47,470671,1,1,0,1,157,0,9,9,2010,5,99,99,0,4,3,SR-205,,162,35.34246111,-89.787691670,0,33,0,0,1,1,4,0,2,2,0,2,0,0000000,99,99,99,99,88,88,0,0,0,1,0
47,470672,1,1,1,2,157,1620,15,9,2010,4,20,25,1,13,2,US-SR3,,167,35.21011667,-90.032611110,0,8,0,0,1,1,1,0,3,1,0,1,0,0000000,99,99,99,99,99,99,0,0,0,1,0
47,470673,1,1,0,1,45,0,16,9,2010,5,9,50,0,2,3,SR-104,,208,36.02601944,-89.316202780,0,35,0,0,1,1,4,0,1,1,0,1,0,0000000,99,99,99,99,99,99,0,0,0,1,0
47,470674,2,2,0,2,5,1135,17,9,2010,6,11,29,1,2,2,US-SR69,,106,35.99267778,-88.110297220,0,12,6,0,1,1,1,0,1,1,0,1,0,0000000,99,99,99,99,99,99,0,0,0,1,0
47,470675,1,1,0,4,91,1767,19,9,2010,1,19,44,0,4,3,SR-167,,16,36.38319444,-81.945238890,0,59,0,0,1,1,4,0,3,1,0,1,0,0000000,99,99,99,99,99,99,20,0,0,1,0
47,470676,1,1,0,1,77,0,21,9,2010,3,18,0,0,4,3,SR-22,,2,35.51521667,-88.505452780,0,42,0,0,1,1,4,0,1,1,0,1,0,0000000,99,99,99,99,99,99,0,0,0,1,1
47,470677,2,2,0,2,153,0,21,9,2010,3,4,15,1,2,3,SR-111,,50,35.35271667,-85.302797220,0,12,1,0,1,1,1,0,2,1,0,1,0,0000000,99,99,99,99,88,88,0,0,0,1,0
47,470678,2,2,0,2,163,0,21,9,2010,3,12,55,0,14,3,SR-75,,8,36.45434167,-82.437094440,0,12,6,0,1,1,1,0,1,1,0,1,0,0000000,99,99,99,99,99,99,0,0,0,1,1
47,470679,1,1,1,2,85,0,6,9,2010,2,21,45,0,3,2,US-SR1,,80,36.06910000,-87.877161110,0,8,0,0,1,1,1,0,2,1,0,1,0,0000000,99,99,99,99,99,99,0,0,0,1,0
47,470680,1,1,0,2,163,0,14,9,2010,3,21,30,0,14,3,SR-75,,49,36.50056389,-82.398872220,0,23,0,0,1,1,4,0,2,1,0,1,0,0000000,99,99,99,99,99,99,0,0,0,1,0
47,470681,1,1,0,1,29,0,5,4,2010,2,17,30,0,4,3,SR-160,,6,35.98994444,-83.162850000,0,34,0,0,1,1,4,0,1,1,0,1,0,0000000,99,99,99,99,99,99,0,0,0,1,0
47,470682,1,1,0,5,37,1760,31,1,2010,1,2,26,1,11,1,I-24,,119,36.23810833,-86.786022220,0,23,0,0,1,1,3,0,2,1,0,1,0,0000000,99,99,99,99,2,48,0,0,0,1,1
47,470683,1,1,1,2,37,650,6,9,2010,2,19,43,0,14,6,BELL ROAD,,55,36.14647778,-86.626038890,0,8,0,0,1,1,1,0,3,1,0,1,0,0000000,99,99,99,99,20,3,0,0,0,1,0
47,470684,2,2,0,2,37,1760,21,9,2010,3,7,0,0,14,6,CENTENNIAL BOULEVARD,,28,36.17093056,-86.862866670,0,12,2,0,1,1,1,0,1,1,0,1,0,0000000,99,99,99,99,7,15,0,0,0,1,0
47,470685,2,2,0,2,157,0,17,9,2010,6,18,30,0,14,4,EGYPT CENTRAL ROAD,NEW BROWNSVILLE ROAD,42,35.24139444,-89.878902780,0,12,6,0,2,2,1,0,2,1,0,1,0,0000000,99,99,99,99,99,99,0,0,0,1,0
47,470686,1,1,0,3,43,0,20,9,2010,2,20,5,0,3,3,SR-49,,246,36.25976111,-87.221305560,0,1,0,0,1,1,1,0,2,1,0,1,0,0000000,99,99,99,99,99,99,0,0,0,1,0
47,470687,1,1,0,1,151,0,22,9,2010,4,6,0,0,4,3,SR-456,,53,36.45423333,-84.474172220,0,35,0,0,1,1,4,0,2,10,0,10,0,0000000,99,99,99,99,99,99,0,0,0,1,0
47,470688,1,1,0,1,163,290,8,8,2010,1,10,52,0,13,3,SR-394,FEATHERS CHAPEL ROAD,61,36.52057500,-82.292611110,0,7,0,0,2,2,1,0,1,1,0,1,0,0000000,99,99,99,99,99,99,0,0,0,1,0
47,470689,1,1,0,1,37,1245,22,8,2010,1,3,0,0,3,2,US-SR112,,112,36.32299167,-86.910405560,0,18,0,0,1,1,5,0,2,1,0,1,0,0000000,99,99,99,99,88,88,0,0,0,1,1
47,470690,1,1,0,2,65,400,11,9,2010,7,6,5,1,11,1,I-75,,33,35.01564444,-85.179988890,0,1,0,0,1,1,4,0,2,1,0,1,0,0000000,99,99,99,99,99,99,0,0,0,1,0
47,470691,1,1,0,3,93,0,12,9,2010,1,13,25,1,13,3,SR-162,,2,35.97771667,-84.179772220,0,32,0,0,1,1,3,0,1,1,0,1,0,0000000,99,99,99,99,88,88,0,0,0,3,0
47,470692,1,1,0,1,37,960,16,9,2010,5,23,16,0,14,6,ALTA LOMA ROAD,,6,36.29710556,-86.712586110,0,42,0,0,1,1,4,0,2,1,0,1,0,0000000,99,99,99,99,88,88,0,0,0,1,0
47,470693,2,2,0,2,57,0,22,9,2010,4,7,57,1,2,2,US-SR32,,123,36.34706111,-83.424241670,0,12,1,0,1,1,1,0,1,10,0,10,0,0000000,99,99,99,99,88,88,0,0,0,1,0
47,470694,1,1,1,1,37,1760,29,6,2010,3,4,55,0,13,2,US-SR24,,234,36.20235278,-86.616816670,0,33,0,0,1,1,4,0,3,1,0,1,0,0000000,4,57,5,2,5,28,0,0,0,1,0
47,470695,2,2,0,2,155,0,31,3,2010,4,7,45,0,3,2,US-SR35,WYE ROAD,49,35.84760556,-83.709750000,0,12,6,0,2,3,1,0,1,1,0,1,0,0000000,99,99,99,99,99,99,0,0,0,1,0
47,470696,2,2,0,3,59,1010,25,5,2010,3,11,17,1,2,2,US-SR34,,173,36.17767778,-82.803758330,0,12,6,0,7,1,1,0,1,1,0,1,0,0000000,99,99,99,99,99,99,0,0,0,1,0
47,470697,1,1,1,1,65,750,26,8,2010,5,22,21,0,14,2,US-SR8,,12,34.98943889,-85.207786110,0,8,0,0,1,1,1,0,3,1,0,1,0,0000000,99,99,99,99,99,99,0,0,0,1,0
47,470698,2,2,0,2,37,1760,30,6,2010,4,1,5,0,14,6,MYATT DRIVE,,13,36.28203889,-86.691966670,0,12,2,0,1,1,1,0,3,1,0,1,0,0000000,99,99,99,99,99,99,0,0,0,1,1
47,470699,2,2,0,5,155,2170,26,8,2010,5,2,49,1,11,1,I-40 RAMP,,22,35.98396667,-83.603050000,0,24,0,1,5,1,8,0,3,1,0,1,0,0000000,99,99,99,99,99,99,0,0,0,1,1