STATE,ST_CASE,VE_TOTAL,VE_FORMS,PEDS,PERSONS,COUNTY,CITY,DAY,MONTH,YEAR,DAY_WEEK,HOUR,MINUTE,NHS,ROAD_FNC,ROUTE,TWAY_ID,TWAY_ID2,MILEPT,LATITUDE,LONGITUD,SP_JUR,HARM_EV,MAN_COLL,RELJCT1,RELJCT2,TYP_INT,REL_ROAD,WRK_ZONE,LGT_COND,WEATHER1,WEATHER2,WEATHER,SCH_BUS,RAIL,NOT_HOUR,NOT_MIN,ARR_HOUR,ARR_MIN,HOSP_HR,HOSP_MN,CF1,CF2,CF3,FATALS,DRUNK_DR
47,470700,2,2,0,6,13,1320,1,6,2010,3,12,42,0,13,2,US-SR9,S 13TH STREET,248,36.37565000,-84.129075000,0,12,6,0,2,2,1,0,1,1,0,1,0,0000000,99,99,99,99,99,99,0,0,0,1,0
47,470701,1,1,0,1,155,0,12,2,2010,6,4,36,0,5,4,BENT ROAD,,16,35.96790000,-83.638394440,0,34,0,0,1,1,4,0,2,1,0,1,0,0000000,99,99,99,99,99,99,0,0,0,1,0
47,470702,1,1,1,1,157,1620,23,8,2010,2,2,16,0,16,6,COURTLAND PLACE,SUMMIT STREET,3,35.13211944,-89.989252780,0,15,0,0,3,2,1,0,3,1,0,1,0,0000000,99,99,99,99,88,88,16,0,0,1,0
47,470703,1,1,1,2,157,1620,14,8,2010,7,19,45,0,14,6,MADISON AVENUE,COX AVENUE,3,35.13634722,-89.987513890,0,9,0,1,3,2,1,0,1,1,0,1,0,0000000,99,99,99,99,99,99,0,0,0,1,0
47,470704,2,2,0,2,157,1620,29,8,2010,1,0,19,0,13,6,WINCHESTER ROAD,TCHULAHOMA ROAD,62,35.05231111,-89.954800000,0,12,6,0,2,2,1,0,3,1,0,1,0,0000000,99,99,99,99,99,99,0,0,0,1,0
47,470705,1,1,0,1,157,1620,29,8,2010,1,18,8,0,16,6,GILLEAS ROAD,,1,35.06163611,-90.081772220,0,53,0,0,1,1,4,0,1,1,0,1,0,0000000,99,99,99,99,99,99,0,0,0,1,0
47,470706,2,2,0,2,157,1620,29,8,2010,1,22,0,1,13,2,US-SR3,SR-388,189,35.23627500,-90.014091670,0,12,6,0,2,2,1,0,3,1,0,1,0,0000000,99,99,99,99,99,99,0,0,0,1,0
47,470707,3,2,0,3,157,1620,5,6,2010,7,1,35,0,13,3,SR-204,,8,35.17839167,-89.896480560,0,59,0,0,1,1,4,0,3,1,0,1,0,0000000,99,99,99,99,88,88,14,0,0,1,1
47,470709,1,1,0,1,9,0,18,5,2010,3,17,33,0,6,4,LITTLE RIVER ROAD,,1,35.83510278,-83.942127780,1,17,0,0,1,1,4,0,1,1,0,1,0,0000000,99,99,99,99,99,99,0,0,0,1,0
47,470710,1,1,0,1,145,1060,31,8,2010,3,22,58,0,14,6,TUB SPRINGS ROAD,,5,35.92678333,-84.540513890,0,1,0,0,1,1,1,0,2,1,0,1,0,0000000,99,99,99,99,99,99,0,0,0,1,1
47,470711,4,4,0,7,37,1760,28,8,2010,7,13,54,0,14,6,BATTERY LANE,,55,36.08691111,-86.777808330,0,12,1,0,1,1,1,0,1,1,0,1,0,0000000,99,99,99,99,99,99,0,0,0,1,0
47,470712,1,1,0,1,109,1035,17,9,2010,6,18,19,0,5,6,GUYS CHEWALLA ROAD,,73,35.03482500,-88.529744440,0,42,0,0,1,1,4,0,1,1,0,1,0,0000000,99,99,99,99,99,99,0,0,0,1,0
47,470713,1,1,0,2,157,1620,22,9,2010,4,23,46,1,11,1,I-40,,26,35.15143333,-90.021844440,0,1,0,0,1,1,4,0,3,1,0,1,0,0000000,99,99,99,99,88,88,0,0,0,1,0
47,470714,1,1,0,1,5,0,25,9,2010,7,20,30,0,4,3,SR-69,,32,36.09931944,-88.107738890,0,32,0,0,1,1,4,0,2,1,0,1,0,0000000,99,99,99,99,88,88,0,0,0,1,0
47,470715,2,2,0,2,115,2590,25,9,2010,7,4,0,0,2,3,SR-28,PORTER MCCURRY ROAD,100,35.16689722,-85.535333330,0,12,2,0,2,3,1,0,2,1,0,1,0,0000000,99,99,99,99,99,99,0,0,0,1,1
47,470716,1,1,0,2,157,1620,25,9,2010,7,1,34,0,16,6,SUMNERS WELLS ROAD,,0,35.02233611,-89.950711110,0,33,0,0,1,1,4,0,3,10,0,10,0,0000000,99,99,99,99,99,99,0,0,0,1,1
47,470717,2,2,0,2,189,1727,25,9,2010,7,18,45,0,14,3,SR-265,,47,36.14915000,-86.497308330,0,12,2,0,1,1,1,0,5,1,0,1,0,0000000,99,99,99,99,99,99,0,0,0,1,1
47,470718,1,1,0,1,25,0,12,4,2010,2,14,10,1,2,2,US-SR32,,165,36.54633611,-83.637455560,0,1,0,0,1,1,4,0,1,1,0,1,0,0000000,99,99,99,99,99,99,0,0,0,1,0
47,470719,1,1,1,1,125,410,27,9,2010,2,20,43,0,13,2,US-SR12,,175,36.55620556,-87.396561110,0,8,0,0,1,1,1,0,2,1,0,1,0,0000000,99,99,99,99,88,88,0,0,0,1,0
47,470720,2,2,0,2,157,1620,27,9,2010,2,8,40,1,13,2,US-SR14,,27,35.01796944,-90.090636110,0,12,1,0,1,1,1,0,1,1,0,1,0,0000000,99,99,99,99,99,99,0,0,0,1,0
47,470721,1,1,0,1,125,410,29,9,2010,4,19,20,0,5,6,YORK ROAD,,58,36.52914722,-87.469144440,0,34,0,0,1,1,4,0,2,1,0,1,0,0000000,99,99,99,99,88,88,0,0,0,1,1
47,470722,2,2,0,2,51,820,30,9,2010,5,5,42,1,2,2,US-SR16,CHASE BEND ROAD,45,35.29165833,-86.146458330,0,12,6,0,2,3,1,0,3,1,0,1,0,0000000,99,99,99,99,88,88,0,0,0,1,0
47,470723,2,2,0,3,109,1035,30,9,2010,5,17,10,0,4,6,GUYS CHEWALLA ROAD,,54,35.03112778,-88.559313890,0,12,2,0,1,1,1,0,1,1,0,1,0,0000000,99,99,99,99,88,88,0,0,0,1,0
47,470724,1,1,0,1,37,1760,20,5,2010,5,0,51,0,13,2,US-SR6,,197,36.27846667,-86.709261110,0,24,0,0,1,1,4,0,3,1,0,1,0,0000000,99,99,99,99,88,88,0,0,0,1,1
47,470725,1,1,0,2,37,1760,27,7,2010,3,23,32,1,11,1,I-24,,123,36.22436944,-86.774738890,0,24,0,0,1,1,4,0,3,1,0,1,0,0000000,99,99,99,99,99,99,0,0,0,1,0
47,470726,1,1,0,1,127,1470,9,9,2010,5,9,10,0,2,3,SR-55,,106,35.36036944,-86.270977780,0,43,0,0,1,1,4,0,1,1,0,1,0,0000000,99,99,99,99,88,88,0,0,0,1,0
47,470727,1,1,1,1,155,1948,8,9,2010,4,18,56,1,13,2,US-SR71,CONNER LANE,217,35.77867222,-83.546841670,0,8,0,0,3,3,1,0,1,1,0,1,0,0000000,99,99,99,99,99,99,0,0,0,1,0
47,470728,1,1,0,1,147,0,30,9,2010,5,12,41,0,4,3,SR-25,,7,36.59630000,-86.908491670,0,34,0,0,1,1,4,0,1,1,0,1,0,0000000,99,99,99,99,88,88,0,0,0,1,0
47,470729,1,1,0,1,1,415,25,9,2010,7,22,2,0,3,2,US-SR9,,154,36.04493611,-84.114588890,0,35,0,0,1,1,4,0,2,1,0,1,0,0000000,99,99,99,99,99,99,0,0,0,1,1
47,470730,2,2,0,3,133,0,12,9,2010,1,14,0,1,2,3,SR-111,RICKMAN ROAD,32,36.27502500,-85.385258330,0,12,6,0,2,3,1,0,1,1,0,1,0,0000000,99,99,99,99,99,99,0,0,0,1,0
47,470731,2,2,0,3,63,1700,28,4,2010,4,13,25,0,13,2,US-SR34,,26,36.17879444,-83.392472220,0,12,6,8,8,1,1,0,1,1,0,1,0,0000000,99,99,99,99,99,99,0,0,0,1,0
47,470732,2,2,0,10,111,0,28,9,2010,3,14,50,0,4,3,SR-10,COLD SPRINGS ROAD,128,36.58651944,-86.070413890,0,12,2,0,2,4,1,0,1,1,0,1,0,0000000,99,99,99,99,99,99,0,0,0,2,0
47,470733,2,2,0,2,9,30,30,9,2010,5,14,15,1,13,2,US-SR115,AIRBASE ROAD,173,35.83085833,-83.973747220,0,12,6,0,2,3,1,0,1,1,0,1,0,0000000,99,99,99,99,99,99,0,0,0,1,0
47,470734,2,2,0,5,93,1300,14,9,2010,3,14,27,0,13,2,US-SR33,,58,35.94368333,-83.911300000,0,12,6,0,8,1,1,0,1,1,0,1,0,0000000,99,99,99,99,99,99,0,0,0,1,0
47,470735,1,1,1,1,149,1750,22,9,2010,4,19,53,0,13,2,US-SR1,BRINKLEY AVENUE,156,35.86076111,-86.406869440,0,8,0,0,3,2,1,0,3,1,0,1,0,0000000,99,99,99,99,99,99,0,0,0,1,0
47,470736,2,2,0,3,65,400,23,9,2010,5,7,19,1,11,1,I-75,,102,35.07964444,-85.090741670,0,12,7,0,1,1,1,0,1,1,0,1,0,0000000,99,99,99,99,99,99,0,0,0,1,0
47,470737,4,4,0,6,21,0,10,9,2010,6,19,30,0,3,3,SR-49,,6,36.28826389,-87.163038890,0,12,6,0,1,1,1,0,2,1,0,1,0,0000000,99,99,99,99,99,99,14,0,0,1,0
47,470738,1,1,0,1,111,1310,18,9,2010,7,12,22,0,6,6,ELLINGTON DRIVE,,3,36.52755278,-86.037561110,0,42,0,0,1,1,4,0,1,1,0,1,0,0000000,99,99,99,99,88,88,0,0,0,1,0
47,470739,1,1,0,1,1,2265,23,9,2010,5,22,46,0,13,2,US-SR9,,122,36.07690000,-84.132133330,0,42,0,0,1,1,4,0,3,1,0,1,0,0000000,99,99,99,99,88,88,0,0,0,1,0
47,470740,2,2,0,2,65,400,25,9,2010,7,1,17,0,13,6,HIXSON PIKE,,13,35.07556944,-85.288216670,0,12,2,0,1,1,1,0,3,1,0,1,0,0000000,99,99,99,99,99,99,0,0,0,1,1
47,470741,1,1,0,6,97,0,25,9,2010,7,3,16,1,2,2,US-SR3,,34,35.68152222,-89.584530560,0,1,0,0,1,1,1,0,2,1,0,1,0,0000000,99,99,99,99,99,99,0,0,0,1,1
47,470742,1,1,1,2,59,0,26,9,2010,1,6,0,0,4,3,SR-172,,43,36.22846667,-82.833836110,0,8,0,0,1,1,1,0,2,2,0,2,0,0000000,99,99,99,99,99,99,19,0,0,1,0
47,470743,2,2,0,2,163,1280,19,9,2010,1,18,50,1,13,2,US-SR1,OREBANK ROAD,95,36.56298889,-82.459669440,0,12,6,0,2,2,1,0,1,1,0,1,0,0000000,99,99,99,99,99,99,0,0,0,1,0
47,470744,1,1,0,2,157,1620,24,9,2010,6,20,38,0,16,6,LARRY ANDERSON LANE,LARRY ANDERSON COVE,5,35.26963611,-89.649736110,0,42,0,0,2,4,4,0,2,1,0,1,0,0000000,99,99,99,99,99,99,0,0,0,1,1
47,470745,2,2,0,3,145,2070,23,9,2010,5,21,40,0,16,6,MOLYNEUX STREET,BELLE AVENUE,0,35.87312500,-84.669055560,0,12,2,0,2,2,1,0,3,1,0,1,0,0000000,99,99,99,99,99,99,0,0,0,1,0
47,470746,2,2,0,3,189,1360,27,9,2010,2,13,45,0,3,2,US-SR26,,80,36.15202222,-86.239800000,0,12,6,0,1,1,1,0,1,10,0,10,0,0000000,99,99,99,99,88,88,0,0,0,1,0
47,470747,2,2,1,2,37,1760,15,7,2010,5,23,35,1,11,1,I-65,,96,36.18435556,-86.798177780,0,8,0,0,1,1,1,1,2,1,0,1,0,0000000,99,99,99,99,88,88,14,0,0,1,0
47,470748,1,1,0,1,93,0,25,9,2010,7,19,0,0,6,4,DOGWOOD DRIVE,,0,35.90055833,-84.012705560,0,34,0,0,1,1,4,0,2,1,0,1,0,0000000,99,99,99,99,99,99,0,0,0,1,1
47,470749,2,2,0,3,41,2240,15,9,2010,4,9,12,0,3,2,US-SR26,S MOUNTAIN STREET,183,35.95765278,-85.816761110,0,12,1,0,2,3,1,0,1,1,0,1,0,0000000,99,99,99,99,99,99,0,0,0,1,1
47,470750,2,2,0,2,65,400,26,9,2010,1,18,47,0,15,6,CENTRAL AVENUE,HALSEY DRIVE,5,34.98906389,-85.319630560,0,12,6,0,2,2,1,0,1,1,0,1,0,0000000,99,99,99,99,99,99,0,0,0,1,0
47,470751,1,1,1,1,149,1750,26,9,2010,1,22,39,0,14,6,S RUTHERFORD BOULEVA,,38,35.83565556,-86.350925000,0,8,0,0,1,1,1,0,3,1,0,1,0,0000000,99,99,99,99,99,99,0,0,0,1,0
47,470752,1,1,0,1,101,0,30,9,2010,5,19,0,0,6,4,LONGBRANCH ROAD,,0,35.53196667,-87.572344440,0,24,0,0,1,1,4,0,2,1,0,1,0,0000000,99,99,99,99,88,88,0,0,0,1,1
47,470753,1,1,0,1,43,0,1,10,2010,6,4,31,0,6,4,OLD LOCK A ROAD,,0,36.29571111,-87.202777780,0,1,0,0,1,1,4,0,2,1,0,1,0,0000000,99,99,99,99,88,88,0,0,0,1,1
47,470754,4,4,0,6,189,1360,1,10,2010,6,15,30,1,1,1,I-40,,216,36.19123056,-86.256580560,0,12,1,0,1,1,1,0,1,1,0,1,0,0000000,99,99,99,99,99,99,0,0,0,1,0
47,470755,1,1,0,1,25,0,2,10,2010,7,16,10,0,5,4,BACK VALLEY ROAD,,51,36.47305556,-83.812163890,0,42,0,0,1,1,4,0,1,1,0,1,0,0000000,99,99,99,99,88,88,0,0,0,1,1
47,470756,3,3,0,3,123,1540,1,10,2010,6,11,35,0,5,6,OAK GROVE ROAD,,9,35.53777778,-84.349475000,0,12,2,0,1,1,1,0,1,1,0,1,0,0000000,99,99,99,99,99,99,0,0,0,1,0
47,470757,2,2,0,4,129,0,4,10,2010,2,15,15,0,5,4,MEISTER HILL ROAD,,29,36.23430278,-84.851947220,0,12,2,0,1,1,1,0,1,10,0,10,0,0000000,99,99,99,99,99,99,0,0,0,1,0
47,470758,1,1,0,2,147,499,4,10,2010,2,19,35,1,1,1,I-24,,5,36.38607778,-86.997386110,0,35,0,0,1,1,3,0,2,1,0,1,0,0000000,99,99,99,99,99,99,0,0,0,1,1
47,470759,2,2,0,2,189,0,4,10,2010,2,20,13,1,11,1,I-40,,168,36.19079444,-86.258405560,0,12,2,0,1,1,1,0,2,1,0,1,0,0000000,99,99,99,99,99,99,0,0,0,1,0
47,470760,2,2,0,2,125,410,2,10,2010,7,6,37,1,13,2,US-SR12,,219,36.61368611,-87.430472220,0,12,2,0,1,1,1,0,4,1,0,1,0,0000000,99,99,99,99,99,99,0,0,0,1,0
47,470761,1,1,1,4,157,1620,4,10,2010,2,6,25,0,13,3,SR-175,MALLARD RIDGE,150,35.02038333,-89.844700000,0,9,0,0,2,3,1,0,4,1,0,1,0,0000000,99,99,99,99,99,99,0,0,0,1,0
47,470762,2,2,0,2,143,0,6,10,2010,4,16,30,0,3,3,SR-68,,101,35.64617222,-84.857325000,0,12,2,0,1,1,1,0,1,1,0,1,0,0000000,99,99,99,99,99,99,0,0,0,1,0
47,470763,1,1,0,3,189,0,6,10,2010,4,0,25,1,1,1,I-40,,262,36.16814167,-86.108844440,0,52,0,0,1,1,4,0,2,1,0,1,0,0000000,99,99,99,99,99,99,0,0,0,1,0
47,470764,2,2,0,2,1,0,1,10,2010,6,15,45,0,6,4,LOVELY BLUFF ROAD,,10,36.21684444,-84.140575000,0,12,2,0,1,1,1,0,1,1,0,1,0,0000000,99,99,99,99,99,99,0,0,0,1,0
47,470765,1,1,0,2,125,0,7,10,2010,5,19,20,1,11,1,I-24,,40,36.60458889,-87.287138890,0,1,0,0,1,1,3,0,2,1,0,1,0,0000000,99,99,99,99,99,99,0,0,0,1,0
47,470766,1,1,0,2,157,1620,3,10,2010,1,7,0,0,13,2,US-SR1,,136,35.17073056,-89.866972220,0,30,0,0,1,1,4,0,1,1,0,1,0,0000000,99,99,99,99,99,99,0,0,0,1,0
47,470767,2,2,0,4,37,1760,6,10,2010,4,0,59,0,13,2,US-SR6,ALTA LOMA ROAD,208,36.29318056,-86.702366670,0,12,6,0,2,2,1,0,3,1,0,1,0,0000000,99,99,99,99,99,99,0,0,0,2,1
47,470768,2,2,0,2,177,1530,8,10,2010,6,22,9,0,13,3,SR-56,NEEDMORE ROAD,147,35.70450000,-85.781472220,0,12,6,0,2,3,1,0,3,1,0,1,0,0000000,99,99,99,99,99,99,0,0,0,1,1
47,470769,1,1,0,2,11,420,9,10,2010,7,17,52,1,1,1,I-75,,55,35.16372222,-84.931666670,0,35,0,0,1,1,4,0,1,1,0,1,0,0000000,99,99,99,99,88,88,0,0,0,2,0
47,470770,2,2,0,3,147,1888,9,10,2010,7,8,16,0,4,3,SR-52,,66,36.59215833,-86.604627780,0,12,6,0,8,1,1,0,1,1,0,1,0,0000000,99,99,99,99,99,99,0,0,0,1,0
47,470771,2,2,0,2,47,0,10,10,2010,1,18,50,0,6,4,FISHERVILLE ROAD,,0,35.14180000,-89.625327780,0,12,6,0,8,1,1,0,5,1,0,1,0,0000000,99,99,99,99,99,99,0,0,0,1,0
47,470772,1,1,0,5,33,0,6,10,2010,4,12,30,0,4,3,SR-152,,94,35.83284444,-89.016441670,0,34,0,0,1,1,4,0,1,1,0,1,0,0000000,99,99,99,99,99,99,0,0,0,2,0
47,470773,1,1,2,1,73,0,10,10,2010,1,20,15,0,4,3,SR-347,,186,36.42720000,-82.727855560,0,8,0,0,1,1,1,0,2,1,0,1,0,0000000,99,99,99,99,99,99,0,0,0,1,0
47,470774,2,2,0,4,123,0,10,10,2010,1,13,0,0,3,3,SR-68,,380,35.22123056,-84.337319440,0,12,6,0,1,1,1,0,1,1,0,1,0,0000000,99,99,99,99,99,99,0,0,0,2,0
47,470775,1,1,0,1,187,0,10,10,2010,1,21,5,1,1,1,I-65,,43,35.79882778,-86.855658330,0,32,0,0,1,1,4,0,2,1,0,1,0,0000000,99,99,99,99,99,99,0,0,0,1,0
47,470776,2,2,0,3,161,655,10,10,2010,1,15,33,1,2,2,US-SR76,,100,36.48101111,-87.884583330,0,12,6,0,8,1,1,0,1,1,0,1,0,0000000,99,99,99,99,99,99,0,0,0,1,0
47,470777,2,2,0,2,17,0,11,10,2010,2,7,57,0,4,3,SR-124,EVERETT ROAD,28,36.11253611,-88.496255560,0,12,7,0,3,4,1,0,1,1,0,1,0,0000000,99,99,99,99,99,99,0,0,0,1,0
47,470778,2,2,0,4,1,0,6,10,2010,4,11,0,0,4,3,SR-116,,7,36.19890556,-84.329650000,0,12,1,0,1,1,1,0,1,1,0,1,0,0000000,99,99,99,99,99,99,0,0,0,1,0
47,470779,2,2,0,2,37,1760,7,10,2010,5,20,30,0,13,2,US-SR6,,225,36.30907778,-86.678655560,0,12,6,0,8,1,1,0,3,1,0,1,0,0000000,99,99,99,99,20,57,0,0,0,1,0
47,470780,2,2,0,3,157,1620,11,10,2010,2,2,43,1,13,2,US-SR14,,61,35.05890278,-90.059663890,0,12,6,0,8,1,1,0,3,1,0,1,0,0000000,99,99,99,99,99,99,0,0,0,1,0
47,470781,3,3,0,3,163,245,12,10,2010,3,15,8,1,11,1,I-81,,169,36.55294722,-82.319097220,0,12,1,0,1,1,1,0,1,10,0,10,0,0000000,99,99,99,99,88,88,0,0,0,1,0
47,470782,2,2,0,2,81,0,13,10,2010,4,16,13,0,4,3,SR-48,,230,35.88203056,-87.463830560,0,12,2,0,1,1,1,0,1,10,0,10,0,0000000,99,99,99,99,99,99,0,0,0,1,0
47,470783,2,2,0,2,135,1410,13,10,2010,4,17,0,0,3,3,SR-13,,148,35.64933333,-87.823647220,0,12,6,0,1,1,1,0,1,2,0,2,0,0000000,99,99,99,99,99,99,0,0,0,1,0
47,470784,1,1,0,2,3,0,14,10,2010,5,19,40,0,3,2,US-SR16,DUNNAWAY ROAD,116,35.55591111,-86.537438890,0,33,0,0,2,3,4,0,2,1,0,1,0,0000000,99,99,99,99,99,99,0,0,0,1,1
47,470786,2,2,1,1,59,0,10,10,2010,1,17,35,0,6,4,OLD STAGE ROAD,,0,36.22948889,-82.697180560,0,12,7,0,1,1,1,0,1,1,0,1,0,0000000,99,99,99,99,99,99,14,23,0,1,0
47,470787,2,2,0,6,65,0,11,10,2010,2,12,31,0,14,4,HUNTER ROAD,,49,35.09348889,-85.078750000,0,12,2,0,1,1,1,0,1,1,0,1,0,0000000,99,99,99,99,99,99,0,0,0,1,0
47,470788,1,1,0,2,43,0,16,10,2010,7,6,36,0,4,3,SR-235,,47,36.14770833,-87.432208330,0,30,0,0,1,1,4,0,1,1,0,1,0,0000000,99,99,99,99,99,99,0,0,0,1,1
47,470789,1,1,1,1,169,0,16,10,2010,7,3,0,0,6,4,CANOE BRANCH SPUR,,5,36.34998611,-86.270080560,0,8,0,0,1,1,1,0,2,1,0,1,0,0000000,99,99,99,99,99,99,0,0,0,1,1
47,470790,1,1,0,3,119,0,17,10,2010,1,1,5,0,4,3,SR-373,,51,35.47540278,-86.972575000,0,31,0,0,1,1,4,0,2,1,0,1,0,0000000,99,99,99,99,99,99,0,0,0,1,1
47,470791,1,1,0,2,157,1660,17,10,2010,1,23,50,0,5,6,WILKINSVILLE ROAD,,24,35.38992778,-89.897316670,0,34,0,0,1,1,4,0,2,1,0,1,0,0000000,99,99,0,9,99,99,0,0,0,1,0
47,470792,2,2,0,5,37,1760,16,10,2010,7,13,51,0,13,2,US-SR11,,14,36.37198889,-86.743144440,0,12,6,0,1,1,1,0,1,1,0,1,0,0000000,99,99,99,99,14,14,0,0,0,1,0
47,470793,3,3,0,6,103,0,18,10,2010,2,15,35,1,2,2,US-SR10,,10,35.00413889,-86.577327780,0,12,8,0,1,1,1,0,1,1,0,1,0,0000000,99,99,99,99,99,99,0,0,0,1,0
47,470795,1,1,0,2,125,410,13,10,2010,4,99,99,0,15,6,NEEDMORE ROAD,,30,36.58664722,-87.345819440,0,30,0,0,1,1,4,0,2,1,0,1,0,0000000,99,99,99,99,99,99,0,0,0,1,1
47,470796,1,1,0,1,125,410,13,10,2010,4,16,26,1,11,1,I-24,,67,36.57229444,-87.258858330,0,42,0,0,1,1,3,0,1,1,0,1,0,0000000,99,99,99,99,99,99,0,0,0,1,0
47,470797,3,3,0,4,9,30,16,10,2010,7,15,4,1,13,2,US-SR115,,174,35.83155000,-83.973225000,0,12,7,0,1,1,1,0,1,1,0,1,0,0000000,99,99,99,99,99,99,0,0,0,1,0
47,470798,2,2,0,3,53,1170,18,10,2010,2,15,2,0,14,2,US-SR5,CHERE-CAROL ROAD,17,35.81345556,-88.890955560,0,12,6,0,2,2,1,0,1,1,0,1,0,0000000,99,99,99,99,99,99,0,0,0,1,0
47,470799,2,2,0,3,155,2170,19,10,2010,3,17,51,0,14,3,SR-338,ISLAND BOULEVARD,104,35.92311111,-83.605811110,0,12,6,0,2,3,1,0,5,1,0,1,0,0000000,99,99,99,99,99,99,0,0,0,2,0
47,470800,2,2,0,2,111,0,21,10,2010,5,5,50,0,2,3,SR-52,,83,36.53325278,-86.089505560,0,12,2,0,1,1,1,0,4,1,0,1,0,0000000,99,99,99,99,99,99,0,0,0,2,0
47,470801,1,1,0,2,103,0,22,10,2010,6,15,45,0,6,4,WELLS HILL ROAD,,10,35.09947500,-86.578369440,0,35,0,0,1,1,4,0,1,1,0,1,0,0000000,99,99,99,99,99,99,0,0,0,1,0
47,470802,2,2,0,5,107,0,22,10,2010,6,13,5,0,3,3,SR-68,,29,35.62070000,-84.599713890,0,12,2,0,1,1,1,0,1,1,0,1,0,0000000,99,99,99,99,88,88,0,0,0,4,0
47,470803,2,2,0,4,79,0,23,10,2010,7,22,43,1,2,2,US-SR76,,208,36.35700000,-88.218338890,0,12,1,0,8,1,1,0,2,1,0,1,0,0000000,99,99,99,99,99,99,0,0,0,2,0
47,470804,1,1,1,7,173,0,23,10,2010,7,16,57,0,3,3,SR-33,,142,36.31437500,-83.752086110,0,8,0,0,1,1,1,0,1,1,0,1,0,0000000,99,99,99,99,99,99,0,0,0,1,0
47,470805,2,2,0,3,177,0,23,10,2010,7,22,0,0,4,3,SR-287,SHORT MOUNTAIN ROAD,193,35.79054444,-85.893988890,0,12,6,0,2,2,1,0,2,1,0,1,0,0000000,99,99,99,99,99,99,0,0,0,1,1
47,470806,2,2,0,3,157,1620,24,10,2010,1,0,23,1,11,1,I-240,,93,35.07845833,-89.960658330,0,12,7,0,1,1,1,0,3,1,0,1,0,0000000,99,99,99,99,99,99,0,0,0,1,0
47,470807,2,2,0,3,147,537,25,10,2010,2,7,30,0,3,3,SR-25,,150,36.54092778,-86.673450000,0,12,6,0,1,1,1,0,1,2,0,2,0,0000000,99,99,99,99,99,99,0,0,0,1,0
47,470808,1,1,0,1,29,0,24,10,2010,1,14,30,0,6,4,OTTINGER ROAD,,5,36.02838611,-83.007352780,0,1,0,0,1,1,4,0,1,1,0,1,0,0000000,99,99,99,99,99,99,0,0,0,1,1
47,470809,2,2,0,3,55,0,26,10,2010,3,7,30,0,3,2,US-SR7,,231,35.24080000,-87.043475000,0,12,2,0,1,1,1,0,1,10,0,10,0,0000000,99,99,99,99,99,99,0,0,0,1,0
47,470810,1,1,1,1,37,1760,23,10,2010,7,18,52,1,12,2,US-SR6,,123,36.19329444,-86.752691670,0,8,0,0,1,1,1,0,2,1,0,1,0,0000000,99,99,99,99,99,99,0,0,0,1,0
47,470811,1,1,0,1,169,0,26,10,2010,3,99,99,0,6,4,STARLITE ROAD,,3,36.36464444,-86.132925000,0,38,0,0,1,1,4,0,9,99,0,99,0,0000000,99,99,99,99,88,88,0,0,0,1,0
47,470812,2,2,0,2,157,1620,21,10,2010,5,13,38,0,14,6,RAINES ROAD,ROSEWIND CIRCLE,37,35.03498611,-89.855958330,0,12,6,0,2,3,1,0,1,1,0,1,0,0000000,99,99,99,99,99,99,0,0,0,1,0
47,470813,2,2,0,3,123,2369,24,10,2010,1,10,20,0,13,3,SR-68,HARDEE'S ENTRANCE EX,23,35.53057222,-84.430558330,0,12,6,1,3,3,1,0,1,1,0,1,0,0000000,99,99,99,99,99,99,0,0,0,1,0
47,470814,1,1,0,2,145,1850,24,10,2010,1,16,50,0,13,3,SR-95,,23,35.91505556,-84.333719440,0,7,0,0,1,1,4,0,1,1,0,1,0,0000000,99,99,99,99,99,99,0,0,0,1,0
47,470815,1,1,0,2,103,0,24,8,2010,3,11,0,0,4,3,SR-274,,66,35.07990833,-86.730344440,0,53,0,0,1,1,4,0,1,1,0,1,0,0000000,99,99,99,99,88,88,0,0,0,1,0
47,470816,1,1,0,2,179,1250,25,9,2010,7,14,25,1,13,3,SR-381,,71,36.36236944,-82.389655560,0,5,0,0,1,1,1,0,1,1,0,1,0,0000000,99,99,99,99,99,99,0,0,0,1,0
47,470817,1,1,1,5,163,1280,1,11,2010,2,19,49,1,13,2,US-SR1,LAWSON DRIVE,5,36.55541389,-82.605386110,0,8,0,1,3,2,1,0,3,1,0,1,0,0000000,99,99,99,99,99,99,0,0,0,1,0
47,470818,1,1,1,1,115,0,2,11,2010,3,2,17,0,4,2,US-SR150,PRYOR RIDGE ROAD,134,35.24099167,-85.689497220,0,8,0,0,3,3,1,0,3,1,0,1,0,0000000,99,99,99,99,99,99,0,0,0,1,0
47,470819,1,1,0,2,131,0,2,11,2010,3,99,99,0,6,4,ELAM ROAD,S GARRETT SAWMILL RO,3,36.32681111,-89.072041670,0,35,0,1,3,3,5,0,2,1,0,1,0,0000000,99,99,99,99,88,88,18,0,0,2,1
47,470820,2,1,1,1,145,0,25,10,2010,2,6,19,1,11,1,I-40,,65,35.91068889,-84.591536110,0,14,0,0,1,1,2,0,2,2,0,2,0,0000000,99,99,99,99,99,99,19,0,0,1,0