STATE,ST_CASE,VE_TOTAL,VE_FORMS,PEDS,PERSONS,COUNTY,CITY,DAY,MONTH,YEAR,DAY_WEEK,HOUR,MINUTE,NHS,ROAD_FNC,ROUTE,TWAY_ID,TWAY_ID2,MILEPT,LATITUDE,LONGITUD,SP_JUR,HARM_EV,MAN_COLL,RELJCT1,RELJCT2,TYP_INT,REL_ROAD,WRK_ZONE,LGT_COND,WEATHER1,WEATHER2,WEATHER,SCH_BUS,RAIL,NOT_HOUR,NOT_MIN,ARR_HOUR,ARR_MIN,HOSP_HR,HOSP_MN,CF1,CF2,CF3,FATALS,DRUNK_DR
47,470821,1,1,1,1,157,1620,24,10,2010,1,6,50,0,13,6,POPLAR AVENUE,,28,35.14542500,-90.031355560,0,8,0,0,1,1,4,0,4,1,0,1,0,0000000,99,99,99,99,88,88,0,0,0,1,1
47,470822,1,1,0,2,155,0,26,10,2010,3,14,40,0,3,2,US-SR35,BOB HOLLOW ROAD,124,35.87038333,-83.597422220,0,35,0,0,2,3,4,0,1,1,0,1,0,0000000,99,99,99,99,99,99,0,0,0,2,0
47,470823,1,1,0,1,77,0,30,10,2010,7,6,53,1,1,1,I-40,,227,35.81506389,-88.223294440,0,24,0,0,1,1,4,0,1,1,0,1,0,0000000,99,99,99,99,88,88,0,0,0,1,0
47,470824,1,1,0,1,101,0,3,11,2010,4,23,10,0,3,3,SR-20,,112,35.52099444,-87.482038890,0,34,0,0,1,1,4,0,2,2,0,2,0,0000000,99,99,99,99,88,88,0,0,0,1,1
47,470825,1,1,0,1,115,0,3,11,2010,4,11,50,0,5,4,VALLEY VIEW HIGHWAY,,35,35.12710556,-85.588580560,0,1,0,0,1,1,4,0,1,2,0,2,0,0000000,99,99,99,99,88,88,0,0,0,1,0
47,470826,2,2,0,4,107,0,29,10,2010,6,23,55,1,1,1,I-75,,65,35.38143889,-84.727741670,0,12,7,0,1,1,1,0,2,1,0,1,0,0000000,99,99,99,99,99,99,0,0,0,2,1
47,470827,1,1,0,4,189,945,30,10,2010,7,11,55,0,5,6,GLADEVILLE ROAD,,57,36.11409167,-86.415355560,0,30,0,0,1,1,4,0,1,1,0,1,0,0000000,99,99,99,99,99,99,0,0,0,2,1
47,470828,2,2,0,2,93,0,31,10,2010,1,11,0,0,14,3,SR-131,,81,35.98901389,-84.110894440,0,12,2,0,1,1,1,0,1,1,0,1,0,0000000,99,99,99,99,99,99,0,0,0,1,0
47,470829,1,1,0,4,157,1620,4,11,2010,5,2,47,0,15,6,MOUNTAIN TERRACE STR,,1,35.20710556,-89.984008330,0,33,0,0,1,1,4,0,3,1,0,1,0,0000000,99,99,99,99,99,99,0,0,0,1,0
47,470830,1,1,0,1,157,1620,11,10,2010,2,9,5,0,16,6,DEADFALL ROAD,,1,35.31953611,-89.735519440,0,1,0,0,1,1,4,0,1,1,0,1,0,0000000,99,99,99,99,99,99,0,0,0,1,0
47,470831,2,2,0,2,107,0,29,10,2010,6,21,35,1,1,1,I-75,,180,35.51230833,-84.601819440,0,12,1,0,1,1,1,0,2,1,0,1,0,0000000,99,99,99,99,88,88,0,0,0,1,0
47,470832,2,2,0,3,125,410,23,10,2010,7,11,25,0,3,3,SR-13,RIVER ROAD,157,36.45434444,-87.375322220,0,12,6,0,2,4,1,0,1,1,0,1,0,0000000,99,99,99,99,99,99,0,0,0,1,0
47,470833,1,1,0,2,13,0,16,10,2010,7,12,45,0,5,4,DAVIS CREEK ROAD,,49,36.47718889,-84.014822220,0,1,0,0,1,1,4,0,1,1,0,1,0,0000000,99,99,99,99,99,99,0,0,0,1,0
47,470834,3,3,0,3,147,499,4,11,2010,5,6,40,0,3,3,SR-49,,20,36.41842222,-87.000250000,0,12,6,0,1,1,1,0,1,1,0,1,0,0000000,99,99,99,99,99,99,0,0,0,1,0
47,470835,1,1,0,2,73,0,6,11,2010,7,22,40,0,4,3,SR-347,,134,36.40550000,-82.776747220,0,59,0,0,1,1,4,0,2,1,0,1,0,0000000,99,99,99,99,99,99,0,0,0,1,1
47,470836,1,1,0,1,7,0,7,11,2010,1,4,3,0,5,4,UPPER EAST VALLEY RO,,27,35.60831667,-85.169986110,0,42,0,0,1,1,4,0,2,1,0,1,0,0000000,99,99,99,99,99,99,0,0,0,1,1
47,470837,1,1,0,1,121,0,3,11,2010,4,99,99,0,3,3,SR-58,,316,35.70026389,-84.653158330,0,38,0,0,1,1,4,0,2,10,0,10,0,0000000,99,99,99,99,88,88,18,0,0,1,0
47,470838,1,1,0,2,163,250,5,11,2010,6,20,8,0,5,4,RYDER CHURCH ROAD,,28,36.46650833,-82.163227780,0,34,0,0,1,1,5,0,2,2,0,2,0,0000000,99,99,99,99,99,99,0,0,0,1,0
47,470839,1,1,0,2,39,0,10,11,2010,4,21,37,0,5,4,BIBLE HILL ROAD,,78,35.68422222,-88.136061110,0,34,0,0,1,1,4,0,2,1,0,1,0,0000000,99,99,99,99,99,99,0,0,0,1,1
47,470840,2,2,0,2,189,1727,10,11,2010,4,11,7,1,11,1,I-40,,35,36.17223889,-86.507775000,0,12,2,1,5,1,1,0,1,1,0,1,0,0000000,99,99,99,99,88,88,0,0,0,2,0
47,470841,1,1,0,3,21,0,6,11,2010,7,2,58,0,5,4,SWEET HOME ROAD,,103,36.35747778,-87.047875000,0,35,0,0,1,1,4,0,2,1,0,1,0,0000000,99,99,99,99,99,99,0,0,0,1,1
47,470842,1,1,0,1,3,0,9,11,2010,3,99,99,0,6,4,KNOB CREEK ROAD,,8,35.51889167,-86.292061110,0,38,0,0,1,1,4,0,2,1,0,1,0,0000000,99,99,99,99,88,88,0,0,0,1,0
47,470843,1,1,0,4,157,0,9,11,2010,3,14,35,0,5,4,OLD BRUNSWICK ROAD,,68,35.29191111,-89.760350000,0,42,0,0,1,1,4,0,1,1,0,1,0,0000000,99,99,99,99,99,99,0,0,0,1,1
47,470844,2,2,0,4,19,0,10,11,2010,4,8,50,0,15,3,SR-359,,1,36.28766111,-82.306316670,0,12,7,0,8,1,1,0,1,1,0,1,0,0000000,99,99,99,99,99,99,0,0,0,1,1
47,470845,1,1,0,2,61,0,12,11,2010,6,22,37,0,4,3,SR-108,,252,35.46526667,-85.832275000,0,42,0,0,1,1,4,0,2,1,0,1,0,0000000,99,99,99,99,99,99,0,0,0,1,1
47,470846,1,1,0,1,157,1620,12,11,2010,6,11,47,0,16,6,PLUM AVENUE,NICHOLAS STREET,4,35.18079167,-90.037347220,0,19,0,0,3,3,4,0,1,1,0,1,0,0000000,99,99,99,99,99,99,0,0,0,1,0
47,470847,1,1,0,1,21,0,13,11,2010,7,2,40,0,3,3,SR-12,,102,36.30362222,-87.100711110,0,34,0,0,1,1,4,0,2,1,0,1,0,0000000,99,99,99,99,88,88,0,0,0,1,0
47,470848,2,2,0,3,115,0,11,11,2010,5,16,10,1,1,1,I-24,,66,35.16805556,-85.791486110,0,1,0,0,1,1,4,0,1,1,0,1,0,0000000,16,20,16,32,17,13,14,0,0,1,0
47,470849,1,1,0,5,43,640,11,9,2010,7,22,52,0,13,3,SR-46,,57,36.04101389,-87.358427780,0,1,0,0,1,1,1,0,3,1,0,1,0,0000000,99,99,99,99,99,99,0,0,0,1,1
47,470850,2,2,0,2,65,400,7,10,2010,5,17,32,0,16,6,WILBERFORCE STREET,WALDEN AVENUE,0,35.03858889,-85.181894440,0,12,6,0,2,2,1,0,1,1,0,1,0,0000000,99,99,99,99,99,99,0,0,0,1,2
47,470851,1,1,0,1,93,0,20,10,2010,4,20,31,0,14,3,SR-33,,25,35.90541667,-83.939580560,0,35,0,0,1,1,4,0,2,1,0,1,0,0000000,99,99,99,99,88,88,0,0,0,1,1
47,470852,2,2,0,2,163,290,24,10,2010,1,16,12,0,14,6,KING COLLEGE ROAD,,5,36.58976389,-82.128533330,0,12,2,0,1,1,1,0,1,1,0,1,0,0000000,99,99,99,99,99,99,0,0,0,1,0
47,470853,1,1,0,1,93,0,25,10,2010,2,7,21,0,13,2,US-SR33,,146,36.07342500,-83.927811110,0,30,0,0,1,1,4,0,2,2,0,2,0,0000000,99,99,99,99,88,88,0,0,0,1,0
47,470854,2,2,1,2,93,0,26,10,2010,3,22,29,0,6,4,SNYDER ROAD,,0,35.91376944,-84.166400000,0,8,0,0,1,1,1,0,2,2,0,2,0,0000000,99,99,99,99,88,88,14,0,0,1,0
47,470855,1,1,1,2,125,410,30,10,2010,7,21,8,0,13,2,US-SR12,,169,36.55125000,-87.389850000,0,8,0,0,1,1,1,0,3,1,0,1,0,0000000,99,99,99,99,99,99,0,0,0,1,0
47,470856,1,1,1,1,59,0,13,11,2010,7,15,45,0,4,3,SR-172,,56,36.17401944,-82.825277780,0,15,0,0,1,1,4,0,1,1,0,1,0,0000000,99,99,99,99,99,99,0,0,0,1,0
47,470857,1,1,0,1,79,0,13,11,2010,7,5,47,0,6,4,OLD MCKENZIE HIGHWAY,,0,36.25241944,-88.338011110,0,34,0,0,1,1,4,0,4,1,0,1,0,0000000,99,99,99,99,88,88,0,0,0,1,0
47,470858,1,1,0,3,79,0,13,11,2010,7,15,22,0,4,3,SR-140,,293,36.44179722,-88.312886110,0,53,0,0,1,1,4,0,1,2,0,2,0,0000000,99,99,99,99,99,99,0,0,0,1,0
47,470859,2,2,0,4,51,2600,8,11,2010,2,13,11,1,13,2,US-SR15,ROWE GAP ROAD,132,35.17034722,-86.128894440,0,12,6,0,2,2,1,0,1,1,0,1,0,0000000,99,99,99,99,99,99,0,0,0,2,0
47,470860,1,1,0,1,37,1760,13,11,2010,7,23,57,1,11,1,I-40,,18,36.07723333,-87.006977780,0,42,0,0,1,1,4,0,2,2,0,2,0,0000000,99,99,99,99,99,99,0,0,0,1,0
47,470861,2,2,0,4,145,0,15,11,2010,2,6,45,0,3,3,SR-58,SQUAW VALLEY ROAD,99,35.83905833,-84.542230560,0,12,2,0,3,3,1,0,2,5,0,5,0,0000000,99,99,99,99,99,99,0,0,0,2,0
47,470862,1,1,1,1,149,1750,15,11,2010,2,17,50,0,14,6,W NORTHFIELD BOULEVA,,49,35.87258889,-86.391938890,0,8,0,0,1,1,1,0,3,99,0,99,0,0000000,99,99,99,99,99,99,0,0,0,1,0
47,470863,4,4,0,4,17,0,10,11,2010,4,13,55,0,3,2,US-SR1,,144,35.93208056,-88.488608330,0,12,1,0,1,1,1,1,1,1,0,1,0,0000000,99,99,99,99,99,99,3,14,0,1,0
47,470864,2,2,0,5,157,1620,17,11,2010,4,17,22,0,14,2,US-SR3,AGNES PLACE,8,35.12462500,-90.021230560,0,12,6,1,2,2,1,0,3,1,0,1,0,0000000,99,99,99,99,99,99,3,0,0,1,0
47,470865,1,1,0,1,143,0,20,11,2010,7,99,99,0,3,3,SR-30,,63,35.50976389,-85.038555560,0,59,0,0,1,1,5,0,2,1,0,1,0,0000000,99,99,99,99,88,88,18,0,0,1,1
47,470866,1,1,0,3,157,1620,20,11,2010,7,20,59,0,14,6,JAMES ROAD,,55,35.19980556,-89.939863890,0,33,0,0,1,1,4,0,3,1,0,1,0,0000000,99,99,99,99,99,99,0,0,0,2,0
47,470867,1,1,0,2,37,1760,3,10,2010,1,3,52,1,11,1,I-24 RAMP,,174,36.13769722,-86.726466670,0,1,0,1,5,1,4,0,3,1,0,1,0,0000000,99,99,99,99,99,99,0,0,0,1,1
47,470868,3,3,0,6,1,440,4,11,2010,5,9,56,1,13,3,SR-61,ELM DRIVE,147,36.09177222,-84.138647220,0,12,8,0,2,3,1,0,1,2,0,2,0,0000000,99,99,99,99,99,99,0,0,0,1,0
47,470869,1,1,1,1,163,290,12,11,2010,6,17,50,0,13,2,US-SR34,,205,36.55367222,-82.159480560,0,8,0,0,1,1,1,0,2,1,0,1,0,0000000,99,99,99,99,99,99,0,0,0,1,0
47,470870,2,2,0,3,13,0,7,11,2010,1,11,55,0,2,3,SR-63,PETREY ROAD,115,36.41764167,-84.044313890,0,12,6,0,2,2,1,0,1,1,0,1,0,0000000,99,99,99,99,99,99,0,0,0,1,0
47,470871,1,1,0,1,25,95,17,9,2010,6,15,52,0,5,4,ARTHUR ROAD,,4,36.54897778,-83.671455560,0,11,0,0,1,1,1,0,1,1,0,1,0,0000000,99,99,99,99,99,99,0,0,0,1,0
47,470872,1,1,0,2,13,0,16,11,2010,3,13,47,1,1,1,I-75,,222,36.57170000,-84.119138890,0,42,0,0,1,1,3,0,1,2,0,2,0,0000000,99,99,99,99,99,99,0,0,0,1,0
47,470873,2,2,0,3,105,1370,15,11,2010,2,12,9,0,13,2,US-SR2,G STREET,121,35.78668333,-84.272669440,0,12,1,0,3,1,1,0,1,10,0,10,0,0000000,99,99,99,99,99,99,0,0,0,1,0
47,470874,1,1,0,1,93,0,18,11,2010,5,99,99,0,14,3,SR-168,,19,35.88847778,-83.921583330,0,35,0,0,1,1,4,0,9,1,0,1,0,0000000,99,99,99,99,88,88,0,0,0,1,1
47,470875,2,2,0,10,141,0,21,11,2010,1,16,30,0,5,4,DITTY ROAD,MINE LICK CREEK ROAD,50,36.12568611,-85.612094440,0,12,6,0,2,2,1,0,1,1,0,1,0,0000000,99,99,99,99,99,99,0,0,0,1,1
47,470877,1,1,0,1,81,370,2,11,2010,3,6,55,0,3,3,SR-48,,161,35.80938333,-87.438366670,0,59,0,0,1,1,4,0,3,1,0,1,0,0000000,99,99,99,99,88,88,0,0,0,1,0
47,470878,1,1,1,2,157,1660,22,11,2010,2,5,35,0,5,6,BIG CREEK CHURCH ROA,,17,35.32050833,-89.899755560,0,18,0,0,1,1,1,0,2,1,0,1,0,0000000,99,99,99,99,88,88,0,0,0,1,0
47,470879,1,1,0,1,65,400,28,10,2010,5,2,58,1,12,3,SR-153 RAMP,,39,35.07369722,-85.198019440,0,52,0,1,5,1,4,0,2,5,0,5,0,0000000,99,99,99,99,88,88,0,0,0,1,1
47,470880,2,2,0,3,65,400,17,10,2010,1,19,25,0,14,6,JENKINS ROAD,,20,35.04235278,-85.129402780,0,12,2,0,1,1,1,0,1,1,0,1,0,0000000,99,99,99,99,99,99,0,0,0,2,0
47,470881,2,2,0,3,157,1620,6,11,2010,7,3,48,1,11,1,I-240,,86,35.07693056,-89.972833330,0,12,1,0,1,1,1,0,3,1,0,1,0,0000000,99,99,99,99,99,99,0,0,0,1,1
47,470882,3,3,0,6,157,1620,21,11,2010,1,16,45,0,12,6,SAM COOPER BOULEVARD,,34,35.14820000,-89.891052780,0,12,2,0,1,1,1,0,1,1,0,1,0,0000000,99,99,99,99,99,99,0,0,0,1,1
47,470883,2,2,0,3,153,0,23,11,2010,3,8,45,1,2,3,SR-8,,280,35.50655833,-85.474544440,0,12,6,0,1,1,1,0,1,2,0,2,0,0000000,99,99,99,99,99,99,0,0,0,1,0
47,470884,1,1,0,1,133,0,24,11,2010,4,5,35,0,3,3,SR-85,,96,36.37585833,-85.368083330,0,23,0,0,1,1,4,0,2,1,0,1,0,0000000,99,99,99,99,99,99,0,0,0,1,0
47,470885,1,1,0,2,157,1620,25,11,2010,5,1,10,1,11,1,I-240,,40,35.07852500,-90.025572220,0,24,0,0,1,1,4,0,3,1,0,1,0,0000000,99,99,99,99,99,99,0,0,0,2,0
47,470886,2,2,0,3,173,0,26,11,2010,6,8,50,0,3,3,SR-33,HANSARD ROAD,1,36.17085278,-83.905158330,0,12,2,0,2,3,1,0,1,1,0,1,0,0000000,99,99,99,99,99,99,0,0,0,1,0
47,470887,1,1,0,2,71,0,1,12,2010,4,20,41,0,3,3,SR-57,,36,35.04774167,-88.320647220,0,42,0,0,1,1,4,0,2,1,0,1,0,0000000,99,99,99,99,99,99,0,0,0,2,1
47,470888,1,1,0,1,121,0,1,12,2010,4,17,25,0,3,3,SR-30,,85,35.48948611,-84.760422220,0,35,0,0,1,1,4,0,1,1,0,1,0,0000000,99,99,99,99,99,99,0,0,0,1,0
47,470889,2,2,0,2,157,1620,1,12,2010,4,6,25,0,16,6,GETWELL ROAD,,40,35.05212778,-89.934286110,0,12,6,0,1,1,1,0,4,1,0,1,0,0000000,99,99,99,99,99,99,0,0,0,1,0
47,470890,2,2,0,3,45,710,26,6,2010,7,18,9,0,14,3,SR-104,HAWTHORNE AVENUE,179,36.02815278,-89.366005560,0,12,2,0,2,3,1,0,1,1,0,1,0,0000000,99,99,99,99,99,99,0,0,0,1,2
47,470891,1,1,0,5,99,0,26,11,2010,6,21,3,0,5,4,FALL RIVER ROAD,,38,35.19949444,-87.302716670,0,53,0,0,1,1,4,0,2,1,0,1,0,0000000,99,99,99,99,99,99,0,0,0,2,1
47,470892,1,1,0,1,117,0,27,11,2010,7,1,10,0,3,2,US-SR11,,186,35.51845556,-86.711575000,0,1,0,0,1,1,1,0,2,1,0,1,0,0000000,99,99,99,99,88,88,0,0,0,1,1
47,470893,1,1,0,1,109,0,27,11,2010,7,15,0,0,5,4,HINES GIN ROAD,,45,35.15910833,-88.719686110,0,1,0,0,1,1,4,0,1,1,0,1,0,0000000,99,99,99,99,88,88,0,0,0,1,0
47,470894,2,2,0,3,149,0,27,11,2010,7,19,11,1,13,2,US-SR10,STONES RIVER LANE,54,35.73046389,-86.411944440,0,12,6,0,2,2,1,0,2,1,0,1,0,0000000,99,99,99,99,99,99,0,0,0,1,0
47,470895,1,1,1,1,57,0,28,11,2010,1,19,8,1,2,2,US-SR32,,2,36.29150000,-83.283655560,0,8,0,0,1,1,1,0,2,1,0,1,0,0000000,99,99,99,99,88,88,0,0,0,1,0
47,470896,4,1,0,1,143,0,6,11,2010,7,16,15,1,2,2,US-SR29,,236,35.48181944,-85.023241670,0,14,0,0,1,1,4,0,1,1,0,1,0,0000000,99,99,99,99,99,99,14,0,0,1,0
47,470897,1,1,0,1,65,400,24,11,2010,4,21,5,0,14,6,DALLAS ROAD,,17,35.08197222,-85.297325000,0,30,0,0,1,1,4,0,3,1,0,1,0,0000000,99,99,99,99,99,99,0,0,0,1,0
47,470898,2,2,0,2,3,0,2,12,2010,5,17,0,1,2,2,US-SR10,EDD JOYCE ROAD,186,35.60366667,-86.436480560,0,12,6,0,2,2,1,0,2,1,0,1,0,0000000,99,99,99,99,99,99,0,0,0,1,0
47,470899,1,1,0,1,69,1630,2,12,2010,5,4,59,0,3,3,SR-125,GRANT AVENUE,44,35.05975556,-88.892763890,0,32,0,0,2,3,4,0,3,1,0,1,0,0000000,99,99,99,99,99,99,0,0,0,1,0
47,470900,1,1,1,2,149,2250,28,11,2010,1,19,1,0,13,2,US-SR1,,59,35.97146944,-86.509347220,0,8,0,0,1,1,1,0,3,1,0,1,0,0000000,99,99,99,99,99,99,0,0,0,1,0
47,470901,1,1,0,1,13,0,25,11,2010,5,99,99,0,5,4,DEMORY ROAD,,10,36.34528056,-84.088530560,0,24,0,0,1,1,4,0,9,1,0,1,0,0000000,99,99,99,99,88,88,0,0,0,1,1
47,470902,2,2,0,2,35,0,29,11,2010,2,23,13,1,1,1,I-40,,15,36.08490833,-85.218941670,0,12,1,0,1,1,1,0,2,2,0,2,0,0000000,23,14,23,22,0,29,19,0,0,1,0
47,470903,2,2,0,2,41,2240,29,11,2010,2,16,58,0,3,2,US-SR26,DEKALB HIGH SCHOOL D,161,35.96704722,-85.852077780,0,12,2,0,2,3,1,0,5,2,0,2,0,0000000,99,99,99,99,99,99,0,0,0,1,0
47,470904,1,1,0,1,177,0,26,11,2010,6,19,6,0,5,4,SHORT MOUNTAIN ROAD,YAGER ROAD,37,35.74423889,-85.821430560,0,24,0,0,3,3,4,0,2,1,0,1,0,0000000,99,99,99,99,99,99,0,0,0,1,1
47,470905,4,4,0,6,157,1620,24,11,2010,4,7,45,1,13,3,SR-14,YALE ROAD,221,35.22172222,-89.908619440,0,12,6,0,2,2,1,0,1,2,0,2,0,0000000,99,99,99,99,99,99,0,0,0,1,0
47,470906,2,2,0,3,141,0,24,11,2010,4,18,5,0,4,3,SR-136,QUAIL LANE,115,36.26172778,-85.463225000,0,12,2,0,3,3,1,0,2,2,0,2,0,0000000,99,99,99,99,99,99,0,0,0,1,0
47,470907,1,1,0,1,119,0,4,11,2010,5,99,99,0,6,4,STEPHENSON SCHOOLHOU,,0,35.64317222,-87.282719440,0,42,0,0,1,1,4,0,9,1,0,1,0,0000000,99,99,99,99,88,88,0,0,0,1,0
47,470908,4,4,0,6,75,0,3,12,2010,6,22,12,1,11,1,I-40,,129,35.53706389,-89.252725000,0,12,6,0,1,1,1,0,3,1,0,1,0,0000000,99,99,99,99,88,88,14,0,0,1,0
47,470909,2,2,0,2,37,1760,6,12,2010,2,7,30,0,14,2,US-SR65,,42,36.24108056,-86.820208330,0,12,2,0,1,1,1,0,1,1,0,1,0,0000000,99,99,99,99,99,99,0,0,0,1,0
47,470910,1,1,0,1,45,710,6,12,2010,2,16,45,0,3,3,SR-78,,26,36.07123611,-89.397227780,0,11,0,0,1,1,4,0,5,1,0,1,0,0000000,99,99,99,99,88,88,0,0,0,1,0
47,470911,1,1,0,1,177,0,6,12,2010,2,17,44,0,4,3,SR-287,,276,35.66961667,-85.948427780,0,38,0,0,1,1,4,0,2,1,0,1,0,0000000,99,99,99,99,99,99,0,0,0,1,1
47,470912,2,2,0,4,13,0,2,12,2010,5,10,15,0,2,3,SR-63,,96,36.40560278,-84.067319440,0,12,2,0,1,1,1,0,1,1,0,1,0,0000000,99,99,99,99,99,99,14,0,0,2,0
47,470913,1,1,0,2,159,2275,7,12,2010,3,23,30,0,3,2,US-SR24,,104,36.24600000,-85.955913890,0,34,0,0,1,1,4,0,2,1,0,1,0,0000000,99,99,99,99,99,99,0,0,0,1,0
47,470914,1,1,0,2,93,0,15,8,2010,1,6,32,0,15,4,DUTCHTOWN ROAD,,7,35.92732778,-84.105886110,0,38,0,0,1,1,4,0,4,1,0,1,0,0000000,99,99,99,99,99,99,0,0,0,1,1
47,470915,2,2,0,2,157,1620,29,9,2010,4,23,1,1,13,2,US-SR4,PLEASANT HILL ROAD,20,35.02654444,-89.903677780,0,12,6,0,2,2,1,0,2,1,0,1,0,0000000,99,99,99,99,99,99,0,0,0,1,0
47,470916,1,1,0,1,187,0,16,10,2010,7,23,30,1,1,1,I-40 RAMP,,6,36.02814722,-87.175675000,0,59,0,1,5,1,4,0,2,99,0,99,0,0000000,99,99,99,99,88,88,0,0,0,1,1
47,470917,3,3,0,4,35,0,21,12,2010,3,18,29,0,2,2,US-SR28,,110,35.91495556,-84.994119440,0,12,8,0,1,1,1,0,2,2,0,2,0,0000000,18,31,18,34,19,1,0,0,0,1,1
47,470918,2,2,0,3,179,985,3,12,2010,6,20,18,0,14,3,SR-75,,184,36.44095556,-82.447613890,0,12,2,0,1,1,1,0,2,1,0,1,0,0000000,99,99,99,99,99,99,0,0,0,1,1
47,470919,2,2,0,3,135,0,9,12,2010,5,17,20,0,6,4,OLD HWY 13,,20,35.63115833,-87.833858330,0,12,1,0,1,1,1,0,2,1,0,1,0,0000000,99,99,99,99,99,99,0,0,0,1,0
47,470920,1,1,0,1,53,1640,18,12,2010,7,5,53,0,16,6,MANNER FRANK ROAD,,182,35.93363611,-88.773083330,0,1,0,0,1,1,4,0,6,99,0,99,0,0000000,99,99,99,99,99,99,0,0,0,1,0
47,470921,1,1,0,2,157,0,21,12,2010,3,17,45,0,14,4,BILLY MAHER ROAD,,2,35.24520833,-89.864183330,0,39,0,0,1,1,4,0,2,1,0,1,0,0000000,99,99,99,99,99,99,0,0,0,1,0
47,470922,1,1,0,1,157,90,21,12,2010,3,21,29,0,14,3,SR-205,,132,35.21157222,-89.650611110,0,1,0,0,1,1,4,0,2,1,0,1,0,0000000,99,99,99,99,88,88,0,0,0,1,1
47,470923,1,1,0,1,165,0,13,8,2010,6,20,53,0,3,3,SR-25,,111,36.41364722,-86.505875000,0,42,0,0,1,1,4,0,2,1,0,1,0,0000000,99,99,99,99,99,99,0,0,0,1,0
47,470924,1,1,0,1,37,1760,29,11,2010,2,10,10,0,5,6,OLD HICKORY BOULEVAR,,55,36.27518889,-86.875369440,0,38,0,0,1,1,4,0,1,1,0,1,0,0000000,99,99,99,99,99,99,0,0,0,1,0
47,470925,2,2,0,9,31,0,4,9,2010,7,15,50,0,4,4,FRANK HINES ROAD,RILEY CREEK ROAD,20,35.45018333,-86.219313890,0,12,6,0,2,3,1,0,1,1,0,1,0,0000000,99,99,99,99,99,99,0,0,0,1,0
47,470926,1,1,0,1,155,0,17,11,2010,4,21,14,1,2,2,US-SR71,,194,35.75366111,-83.523077780,1,42,0,0,1,1,4,0,2,1,0,1,0,0000000,99,99,99,99,99,99,0,0,0,1,1
47,470927,1,1,0,1,157,1620,8,12,2010,4,3,59,0,14,6,HOLMES ROAD,,22,35.00649167,-90.065455560,0,42,0,0,1,1,5,0,3,1,0,1,0,0000000,99,99,99,99,99,99,0,0,0,1,0
47,470928,1,1,0,2,155,0,1,9,2010,4,9,15,0,6,4,LITTLE RIVER ROAD,,16,35.66432222,-83.621525000,1,42,0,0,1,1,4,0,1,1,0,1,0,0000000,99,99,99,99,99,99,0,0,0,1,0
47,470929,1,1,0,1,157,1620,7,12,2010,3,7,40,0,15,6,CASTALIA STREET,,5,35.10009167,-89.994613890,0,10,0,0,6,1,1,0,1,1,0,1,0,663401F,99,99,99,99,88,88,0,0,0,1,0
47,470930,2,2,0,3,165,1970,5,12,2010,1,15,16,1,13,3,SR-109,KIRBY ROAD,210,36.60363889,-86.537011110,0,12,2,0,2,3,1,0,1,2,0,2,0,0000000,99,99,99,99,99,99,0,0,0,1,0
47,470931,1,1,0,2,133,0,9,12,2010,5,18,15,0,5,4,OAKLEY ALLONS ROAD,,57,36.50209167,-85.311438890,0,35,0,0,1,1,4,0,2,10,0,10,0,0000000,99,99,99,99,99,99,0,0,0,1,1
47,470932,1,1,0,2,81,0,12,12,2010,1,19,50,0,3,3,SR-50,,291,35.73053333,-87.288550000,0,42,0,0,1,1,4,0,2,4,0,4,0,0000000,99,99,99,99,99,99,0,0,0,1,0
47,470933,1,1,0,1,93,1300,23,12,2010,5,8,49,1,11,1,I-640,,3,36.03063889,-83.881172220,0,59,0,0,1,1,4,0,1,1,0,1,0,0000000,99,99,99,99,99,99,0,0,0,1,0
47,470934,1,1,1,1,187,850,23,12,2010,5,9,43,0,13,3,SR-96,,121,35.91678333,-86.841483330,0,8,0,0,8,1,1,0,1,1,0,1,0,0000000,99,99,99,99,99,99,0,0,0,1,0
47,470935,2,2,0,3,105,0,24,12,2010,6,15,28,1,2,2,US-SR73,SR-95,128,35.74807222,-84.215091670,0,12,6,0,2,3,1,0,1,1,0,1,0,0000000,99,99,99,99,99,99,0,0,0,2,0
47,470936,2,2,0,6,121,0,25,12,2010,7,10,30,0,3,3,SR-58,,141,35.46781667,-84.825450000,0,12,6,0,1,1,1,0,1,4,0,4,0,0000000,99,99,99,99,99,99,0,0,0,1,1
47,470937,1,1,0,1,13,0,26,12,2010,1,99,99,0,4,2,US-SR9,,112,36.52995833,-84.078863890,0,35,0,0,1,1,4,0,2,4,0,4,0,0000000,99,99,99,99,88,88,0,0,0,1,1
47,470938,1,1,0,1,35,0,26,12,2010,1,15,45,0,5,4,VANDEVER ROAD,,102,35.86655833,-85.099016670,0,30,0,0,1,1,4,0,1,4,0,4,0,0000000,15,38,15,53,16,34,0,0,0,1,0
47,470939,2,2,0,3,157,0,27,12,2010,2,18,45,0,14,4,HOUSTON LEVEE ROAD,,91,35.17898333,-89.733419440,0,12,2,0,1,1,1,0,2,1,0,1,0,0000000,99,99,99,99,99,99,0,0,0,1,0