STATE,ST_CASE,VE_TOTAL,VE_FORMS,PEDS,PERSONS,COUNTY,CITY,DAY,MONTH,YEAR,DAY_WEEK,HOUR,MINUTE,NHS,ROAD_FNC,ROUTE,TWAY_ID,TWAY_ID2,MILEPT,LATITUDE,LONGITUD,SP_JUR,HARM_EV,MAN_COLL,RELJCT1,RELJCT2,TYP_INT,REL_ROAD,WRK_ZONE,LGT_COND,WEATHER1,WEATHER2,WEATHER,SCH_BUS,RAIL,NOT_HOUR,NOT_MIN,ARR_HOUR,ARR_MIN,HOSP_HR,HOSP_MN,CF1,CF2,CF3,FATALS,DRUNK_DR
47,470940,1,1,0,1,93,1300,26,12,2010,1,9,36,1,11,1,I-40,,128,35.93209722,-84.026763890,0,25,0,0,1,1,4,0,1,4,0,4,0,0000000,99,99,99,99,99,99,0,0,0,1,0
47,470941,1,1,0,2,149,0,3,12,2010,6,8,10,0,3,2,US-SR10,,234,35.99117222,-86.371272220,0,1,0,0,1,1,4,0,1,1,0,1,0,0000000,99,99,99,99,99,99,0,0,0,1,0
47,470942,2,2,0,2,149,1750,10,12,2010,6,1,25,0,16,6,MIDDLE TN BOULEVARD,SAMSONITE BOULEVARD,0,35.82981667,-86.407600000,0,12,6,0,2,3,1,0,3,1,0,1,0,0000000,99,99,99,99,99,99,0,0,0,1,1
47,470943,1,1,0,1,101,0,15,12,2010,4,18,0,0,3,3,SR-48,,78,35.52289167,-87.597652780,0,1,0,0,1,1,4,0,2,3,0,3,0,0000000,99,99,99,99,99,99,0,0,0,1,0
47,470944,1,1,0,1,93,0,20,12,2010,2,3,27,0,5,4,THORNGROVE PIKE,,84,36.00381389,-83.696663890,0,30,0,0,1,1,4,0,2,1,0,1,0,0000000,99,99,99,99,88,88,0,0,0,1,1
47,470945,1,1,0,1,57,0,16,12,2010,5,11,54,0,5,4,HELTON ROAD,,15,36.29188333,-83.399513890,0,1,0,0,1,1,4,0,1,2,3,3,0,0000000,99,99,99,99,88,88,0,0,0,1,0
47,470946,1,1,1,1,163,1280,30,12,2010,5,6,0,0,14,6,N EASTMAN ROAD,HERMITAGE DRIVE,2,36.53120556,-82.530063890,0,8,0,1,3,2,1,0,3,1,0,1,0,0000000,99,99,99,99,99,99,0,0,0,1,0
47,470947,1,1,0,1,119,0,31,12,2010,6,12,0,0,4,2,US-SR106,,1,35.62517500,-86.824608330,0,7,0,0,1,1,4,0,1,10,0,10,0,0000000,99,99,99,99,99,99,0,0,0,1,0
47,470948,1,1,0,1,167,0,17,12,2010,6,19,26,0,4,3,SR-384,,19,35.47369722,-89.654386110,0,31,0,0,1,1,4,0,2,1,0,1,0,0000000,99,99,99,99,99,99,0,0,0,1,1
47,470949,1,1,0,1,97,0,18,12,2010,7,99,99,0,4,3,SR-19,,102,35.77471944,-89.695258330,0,42,0,0,1,1,4,0,2,1,0,1,0,0000000,99,99,99,99,88,88,18,0,0,1,1
47,470950,3,3,0,5,149,2250,21,12,2010,3,19,20,0,14,3,SR-266,,38,35.99553056,-86.512694440,0,12,8,0,1,1,1,0,3,10,0,10,0,0000000,99,99,99,99,99,99,0,0,0,1,1
47,470951,1,1,1,2,57,0,19,12,2010,1,0,20,0,5,4,NEW CORINTH ROAD,,9,36.19089167,-83.618869440,0,8,0,0,1,1,2,0,2,1,0,1,0,0000000,99,99,99,99,99,99,0,0,0,1,1
47,470952,1,1,0,1,83,0,10,12,2010,6,13,35,0,4,3,SR-46,,66,36.35637500,-87.607433330,0,34,0,0,1,1,4,0,1,1,0,1,0,0000000,99,99,99,99,99,99,0,0,0,1,0
47,470953,1,1,0,2,43,0,15,12,2010,4,18,42,0,6,4,BAKERS WORK ROAD,,0,36.07393889,-87.258397220,0,42,0,0,1,1,5,0,2,2,0,2,0,0000000,99,99,99,99,99,99,0,0,0,1,0
47,470954,1,1,0,1,93,1300,18,12,2010,7,3,50,1,12,2,US-SR1,WESTERN AVENUE,193,35.96480833,-83.924113890,0,33,0,1,2,2,4,0,3,10,0,10,0,0000000,99,99,99,99,99,99,0,0,0,1,1
47,470955,1,1,0,1,21,0,20,12,2010,2,16,50,1,1,1,I-40,,65,36.08815833,-87.068538890,0,1,0,0,1,1,4,0,5,1,0,1,0,0000000,99,99,99,99,88,88,0,0,0,1,0
47,470956,1,1,0,1,13,685,21,12,2010,3,99,99,0,6,4,COTULA ROAD,,0,36.47106944,-84.051775000,0,1,0,0,1,1,5,0,1,10,0,10,0,0000000,99,99,99,99,88,88,18,0,0,1,0
47,470957,2,2,0,2,37,1760,12,9,2010,1,19,57,1,11,1,I-40,,85,36.12009167,-86.912133330,0,12,6,0,1,1,1,0,3,1,0,1,0,0000000,99,99,99,99,99,99,0,0,0,1,0
47,470958,1,1,0,1,37,1760,4,11,2010,5,10,54,0,5,6,OLD CLARKSVILLE HIGH,,6,36.32314167,-86.912183330,0,30,0,0,1,1,4,0,1,1,0,1,0,0000000,99,99,99,99,88,88,0,0,0,1,0
47,470959,2,2,0,2,37,1760,6,11,2010,7,11,15,0,14,2,US-SR24,BROOK HOLLOW ROAD,63,36.13581389,-86.885166670,0,12,6,0,2,2,1,0,1,1,0,1,0,0000000,99,99,99,99,99,99,0,0,0,1,0
47,470960,1,1,1,1,37,650,23,11,2010,3,5,33,0,13,2,US-SR24,,192,36.16954722,-86.671347220,0,8,0,0,1,1,1,0,3,2,0,2,0,0000000,99,99,99,99,99,99,0,0,0,1,0
47,470961,1,1,0,4,37,1760,25,11,2010,5,3,30,0,15,6,HAMILTON CHURCH ROAD,,17,36.05851111,-86.597583330,0,42,0,0,1,1,4,0,2,2,0,2,0,0000000,99,99,99,99,99,99,0,0,0,1,1
47,470962,1,1,1,2,37,1760,23,12,2010,5,7,45,1,11,1,I-65,,150,36.24059167,-86.751677780,0,8,0,0,1,1,1,0,1,1,0,1,0,0000000,99,99,99,99,99,99,19,0,0,1,0
47,470963,1,1,0,1,59,0,23,12,2010,5,13,14,0,4,3,SR-349,,49,36.12148056,-83.004547220,0,42,0,0,1,1,4,0,1,1,0,1,0,0000000,99,99,99,99,88,88,0,0,0,1,0
47,470964,1,1,1,1,103,840,23,11,2010,3,7,25,1,13,2,US-SR10,,128,35.16455556,-86.563372220,0,8,0,0,1,1,1,0,1,2,0,2,0,0000000,99,99,99,99,99,99,0,0,0,1,0
47,470965,1,1,0,2,37,1760,14,12,2010,3,15,27,0,3,2,US-SR24,DAVIDSON DRIVE,51,36.12950556,-86.903313890,0,33,0,0,2,3,4,0,1,1,0,1,0,0000000,99,99,99,99,88,88,0,0,0,2,0
47,470966,1,1,0,1,179,2378,29,5,2010,7,6,50,0,4,3,SR-75,OLD STAGECOACH ROAD,49,36.28916389,-82.579883330,0,34,0,0,2,3,4,0,1,1,0,1,0,0000000,99,99,99,99,88,88,0,0,0,1,0
47,470967,1,1,0,2,125,0,18,7,2010,1,15,30,0,6,4,GRAHAM CEMETERY ROAD,,5,36.42350000,-87.254158330,0,1,0,0,1,1,1,0,1,1,0,1,0,0000000,99,99,99,99,99,99,0,0,0,1,0
47,470968,1,1,0,1,125,2612,4,8,2010,4,21,50,0,5,6,DOTSONVILLE ROAD,,107,36.51993056,-87.441027780,0,30,0,0,1,1,4,0,2,1,0,1,0,0000000,99,99,99,99,99,99,0,0,0,1,0
47,470969,1,1,0,1,93,1300,4,9,2010,7,9,20,1,11,1,I-140,,9,35.90276111,-84.118458330,0,24,0,0,1,1,4,0,1,1,0,1,0,0000000,99,99,99,99,99,99,0,0,0,1,0
47,470970,2,2,0,2,155,2184,5,9,2010,1,15,0,0,4,3,SR-338,GIBSON CIRCLE,41,35.90404722,-83.697677780,0,12,6,0,2,2,1,0,1,1,0,1,0,0000000,99,99,99,99,99,99,0,0,0,1,0
47,470971,3,3,0,4,29,0,21,9,2010,3,13,3,0,3,2,US-SR73,SR-32,53,35.87253889,-83.221494440,0,12,1,0,2,3,1,0,1,1,0,1,0,0000000,99,99,99,99,99,99,0,0,0,1,0
47,470972,1,1,0,1,179,1407,26,4,2010,2,1,0,0,16,6,BIGWOOD ROAD,,5,36.24672222,-82.631713890,0,30,0,0,1,1,4,0,2,2,0,2,0,0000000,99,99,99,99,99,99,0,0,0,1,0
47,470973,2,2,0,3,177,1530,20,6,2010,1,15,25,0,16,6,RED ROAD,CADILLAC LANE,14,35.70742778,-85.752155560,0,12,2,0,2,3,1,0,1,1,0,1,0,0000000,99,99,99,99,99,99,0,0,0,1,0
47,470974,1,1,0,2,93,1300,9,7,2010,6,17,28,0,16,6,GREENWOOD AVENUE,,2,35.93920833,-83.900494440,0,30,0,0,1,1,4,0,1,2,0,2,0,0000000,99,99,99,99,99,99,0,0,0,1,0
47,470975,2,2,1,2,53,2430,20,7,2010,3,9,31,0,16,6,S LEXINGTON STREET,,3,35.97533333,-88.937716670,0,8,0,0,4,1,1,0,1,1,0,1,0,0000000,99,99,99,99,99,99,0,0,0,1,0
47,470976,2,2,0,5,185,0,23,7,2010,6,16,10,0,3,2,US-SR26,,38,35.95791389,-85.596119440,0,12,2,0,1,1,1,0,1,1,0,1,0,0000000,99,99,99,99,99,99,0,0,0,1,1
47,470977,1,1,0,3,49,0,29,12,2010,4,23,53,0,5,4,BANNER SPRINGS ROAD,,60,36.30791389,-84.909886110,0,1,0,0,1,1,4,0,2,1,0,1,0,0000000,99,99,99,99,99,99,0,0,0,1,0
47,470978,1,1,0,2,37,1760,10,12,2010,6,19,20,1,11,1,I-65,,136,36.23078611,-86.770969440,0,42,0,0,1,1,4,0,3,1,0,1,0,0000000,99,99,99,99,99,99,0,0,0,1,1
47,470979,1,1,0,1,183,670,1,12,2010,4,8,49,0,16,6,EVERGREEN STREET,,3,36.27783889,-88.690094440,0,1,0,0,1,1,4,0,1,1,0,1,0,0000000,99,99,99,99,99,99,0,0,0,1,0
47,470980,2,2,0,2,159,340,27,11,2010,7,9,25,0,3,3,SR-25,UPPER FERRY ROAD,126,36.24928333,-85.952369440,0,12,6,0,2,2,1,0,1,1,0,1,0,0000000,99,99,99,99,99,99,0,0,0,1,0
47,470981,1,1,0,2,125,0,13,5,2010,5,17,58,0,14,2,US-SR13,,280,36.60880000,-87.261675000,0,5,0,0,1,1,1,0,1,1,0,1,0,0000000,99,99,99,99,99,99,0,0,0,1,0
47,470982,1,1,0,1,5,0,4,12,2010,7,23,30,1,2,2,US-SR69,,138,36.16745000,-88.147805560,0,34,0,0,1,1,4,0,2,1,0,1,0,0000000,99,99,99,99,99,99,0,0,0,1,0
47,470983,2,2,0,4,157,1620,23,12,2010,5,14,23,1,13,2,US-SR3,,169,35.21160833,-90.032266670,0,12,6,0,8,1,1,0,1,1,0,1,0,0000000,99,99,99,99,99,99,0,0,0,1,0
48,480001,1,1,0,6,89,0,1,1,2010,6,5,53,0,3,3,SR-71,,88,29.75174167,-96.605141670,0,24,0,0,1,1,4,0,2,1,0,1,0,0000000,5,54,6,3,6,43,0,0,0,1,1
48,480002,2,2,0,3,157,0,1,1,2010,6,0,45,0,14,8,FM762,,12,29.54003056,-95.721572220,0,12,2,0,1,1,1,0,2,1,0,1,0,0000000,0,47,0,53,1,31,0,0,0,2,2
48,480003,2,2,0,7,215,0,1,1,2010,6,23,35,0,6,4,BENSTENPALM,GRANDVIEW,0,26.31072778,-98.357211110,0,12,1,0,2,3,1,0,2,1,0,1,0,0000000,23,53,0,2,99,99,0,0,0,1,1
48,480004,1,1,0,3,297,0,1,1,2010,6,0,26,0,6,4,RANGER,,0,28.11256667,-97.927558330,0,1,0,0,1,1,4,0,2,1,0,1,0,0000000,0,31,0,34,1,42,0,0,0,1,1
48,480005,2,2,0,3,311,0,1,1,2010,6,16,22,0,3,3,SR-16,,379,28.11898056,-98.591286110,0,32,0,0,1,1,4,0,1,1,0,1,0,0000000,17,1,17,38,18,17,0,0,0,2,0
48,480006,2,2,0,2,347,4810,2,1,2010,7,11,52,0,14,3,SR-21,SL224,215,31.58949444,-94.619058330,0,12,6,1,2,2,1,0,1,1,0,1,0,0000000,11,56,12,2,12,21,0,0,0,1,0
48,480007,1,1,0,1,439,260,2,1,2010,7,18,16,0,16,5,MAYFIELD,,0,32.69113889,-97.108291670,0,33,0,0,1,1,3,0,3,1,0,1,0,0000000,18,23,18,39,19,2,0,0,0,1,0
48,480008,1,1,0,1,463,0,2,1,2010,7,16,30,0,3,2,US-83,,135,29.47772222,-99.768955560,0,38,0,0,1,1,5,0,1,1,0,1,0,0000000,88,88,88,88,88,88,0,0,0,1,1
48,480010,1,1,0,1,1,0,3,1,2010,1,6,44,0,4,3,SR-294,,105,31.61854167,-95.604830560,0,42,0,0,1,1,4,0,4,1,0,1,0,0000000,88,88,88,88,88,88,0,0,0,1,1
48,480011,2,2,0,3,245,0,4,1,2010,2,15,41,1,1,1,I-10,,12,29.87147222,-94.342677780,0,12,6,0,1,1,1,0,1,1,0,1,0,0000000,15,41,15,45,16,41,0,0,0,1,0
48,480012,1,1,0,1,419,0,4,1,2010,2,16,55,0,4,8,FM2428,,19,31.94085556,-94.074811110,0,42,0,0,1,1,4,0,1,1,0,1,0,0000000,88,88,88,88,88,88,0,0,0,1,1
48,480013,2,2,0,2,505,0,4,1,2010,2,12,35,1,2,2,US-83,,298,26.94900556,-99.329797220,0,12,2,0,1,1,1,0,1,1,0,1,0,0000000,12,44,12,50,13,55,0,0,0,1,0
48,480014,2,2,0,2,121,0,5,1,2010,3,6,19,0,5,8,FM2450,,101,33.28501389,-97.235783330,0,12,6,0,1,1,1,0,2,10,0,10,0,0000000,6,21,6,28,7,14,0,0,0,1,0
48,480015,1,1,0,5,171,0,6,1,2010,4,20,50,0,6,4,LOUDON,,0,30.31604444,-98.956669440,0,38,0,0,1,1,4,0,2,10,0,10,0,0000000,20,55,21,14,21,57,0,0,0,1,0
48,480016,1,1,0,1,373,0,6,1,2010,4,13,21,0,3,2,US-287,,40,30.99767778,-94.942741670,0,32,0,0,1,1,4,0,1,10,0,10,0,0000000,88,88,88,88,88,88,0,0,0,1,0
48,480017,1,1,0,1,183,0,8,1,2010,6,15,9,0,3,3,SR-31,,19,32.38105000,-94.951530560,0,42,0,0,1,1,4,0,1,1,0,1,0,0000000,15,13,15,22,15,59,0,0,0,1,0
48,480018,1,1,0,1,217,0,8,1,2010,6,3,16,0,6,4,2128,,0,31.95284444,-97.294877780,0,38,0,0,1,1,4,0,2,1,0,1,0,0000000,88,88,88,88,88,88,0,0,0,1,1
48,480019,1,1,0,1,423,0,8,1,2010,6,8,48,0,3,3,SR-31,,203,32.36502778,-95.115916670,0,42,0,0,1,1,4,0,1,10,0,10,0,0000000,88,88,88,88,88,88,0,0,0,1,0
48,480020,1,1,0,1,439,260,8,1,2010,6,23,14,1,12,2,US-287,,251,32.61635278,-97.162786110,0,1,0,0,1,1,3,0,2,1,0,1,0,0000000,88,88,88,88,88,88,0,0,0,1,1
48,480021,2,2,0,3,467,0,8,1,2010,6,15,36,0,4,3,SR-198,,64,32.48333889,-95.929441670,0,12,6,0,1,1,1,0,1,1,0,1,0,0000000,15,38,15,52,17,15,0,0,0,1,0
48,480022,2,2,0,2,85,5390,9,1,2010,7,3,50,0,99,8,FM2478,PARK,99999,33.02672778,-96.733588890,0,12,6,0,2,2,1,0,3,1,0,1,0,0000000,3,52,3,56,4,17,0,0,0,1,2
48,480023,2,2,0,2,201,0,9,1,2010,7,23,25,0,3,8,FM2920,BECKER,76,30.06671667,-95.798891670,0,12,6,0,2,2,1,0,3,1,0,1,0,0000000,88,88,88,88,88,88,0,0,0,1,0
48,480024,1,1,0,1,205,0,9,1,2010,7,13,46,1,2,2,US-54,,185,36.02727222,-102.573508330,0,1,0,0,1,1,4,0,1,1,0,1,0,0000000,88,88,88,88,88,88,0,0,0,1,0
48,480025,2,2,0,4,347,0,9,1,2010,7,11,52,0,4,8,FM 2259,CR 555,181,31.51238333,-94.545630560,0,12,6,0,2,3,1,0,1,1,0,1,0,0000000,12,7,12,21,12,42,0,0,0,1,0
48,480026,3,3,0,4,215,0,10,1,2010,1,12,58,0,3,3,SR-107,,127,26.31079444,-98.226677780,0,12,1,0,1,1,1,0,1,1,0,1,0,0000000,13,0,13,11,13,57,0,0,0,1,1
48,480027,2,2,0,2,67,0,11,1,2010,2,1,27,1,2,2,US-59,,158,33.09986389,-94.218277780,0,12,8,0,1,1,1,0,3,1,0,1,0,0000000,88,88,88,88,88,88,0,0,0,1,1
48,480028,1,1,0,1,201,0,11,1,2010,2,23,50,1,11,1,I-45,,433,30.02859444,-95.428958330,0,21,0,0,1,1,10,0,3,1,0,1,0,0000000,88,88,88,88,88,88,0,0,0,1,1
48,480029,1,1,0,3,369,0,11,1,2010,2,20,2,0,4,8,FM1172,FM2397,51,34.61385556,-102.605138890,0,31,0,0,3,2,4,0,2,1,0,1,0,0000000,99,99,99,99,99,99,0,0,0,1,0
48,480030,1,1,1,1,453,330,11,1,2010,2,18,39,0,15,8,SL275,,9,30.41518611,-97.676997220,0,8,0,0,8,1,1,0,3,1,0,1,0,0000000,88,88,88,88,88,88,0,0,0,1,0
48,480031,2,2,0,2,457,0,11,1,2010,2,8,1,0,3,2,US-287,FM256,103,30.85123333,-94.526388890,0,12,6,0,2,2,1,0,1,1,0,1,0,0000000,88,88,88,88,88,88,0,0,0,1,0
48,480032,2,2,0,2,29,6090,12,1,2010,3,2,15,1,12,8,SL1604,,79,29.60120000,-98.557791670,0,12,6,0,1,1,1,0,2,1,0,1,0,0000000,88,88,88,88,88,88,23,0,0,1,1
48,480033,1,1,1,1,201,3280,12,1,2010,3,15,48,0,16,5,PEASE,DOWLING,0,29.74454722,-95.357097220,0,8,0,0,3,2,1,0,1,1,0,1,0,0000000,15,50,15,54,16,14,0,0,0,1,0
48,480034,2,2,0,4,249,0,12,1,2010,3,7,45,1,2,3,SR-359,FM2044,188,27.84744167,-98.008272220,0,12,6,0,2,2,1,0,4,2,0,2,0,0000000,7,49,8,17,8,34,0,0,0,1,0
48,480035,1,1,0,1,407,0,12,1,2010,3,11,39,0,4,4,NORMAN,,151,30.77446944,-95.192525000,0,42,0,0,1,1,4,0,1,1,0,1,0,0000000,88,88,88,88,88,88,0,0,0,1,0
48,480036,2,2,0,2,479,0,12,1,2010,3,15,23,1,2,2,US-59,,85,27.73882778,-98.928730560,0,24,0,0,1,1,4,0,1,2,0,2,0,0000000,15,38,16,14,17,15,14,0,0,1,0
48,480037,3,3,0,3,169,0,14,1,2010,5,16,19,1,2,2,US-84,,261,33.10235556,-101.260266670,0,12,7,0,1,1,1,0,1,1,0,1,0,0000000,88,88,88,88,88,88,0,0,0,2,1
48,480038,2,2,0,3,187,0,14,1,2010,5,8,30,0,5,8,FM1117,,151,29.46507500,-97.849655560,0,12,6,0,1,1,1,0,1,5,0,5,0,0000000,8,31,8,45,9,52,0,0,0,1,0
48,480039,1,1,0,1,233,0,14,1,2010,5,15,40,0,4,8,RM1319,,168,35.68189722,-101.490158330,0,1,0,0,1,1,4,0,1,1,0,1,0,0000000,88,88,88,88,88,88,0,0,0,1,0
48,480040,2,2,0,2,467,0,14,1,2010,5,6,30,0,3,3,SR-19,FM1256,201,32.39825000,-95.851513890,0,12,6,0,2,2,1,0,2,1,0,1,0,0000000,6,41,7,0,8,1,0,0,0,1,0
48,480041,1,1,2,1,61,940,15,1,2010,6,2,21,0,16,5,MORNINGSIDE,,0,25.90313333,-97.446425000,0,33,0,0,1,1,4,0,3,10,0,10,0,0000000,2,23,2,31,2,55,0,0,0,1,1
48,480042,1,1,0,1,213,0,15,1,2010,6,20,30,0,4,8,FM314,,22,32.32268056,-95.608350000,0,1,0,0,1,1,4,0,2,10,0,10,0,0000000,88,88,88,88,88,88,0,0,0,1,1
48,480043,1,1,0,1,405,0,15,1,2010,6,20,15,0,4,8,FM705,,102,31.27668056,-94.134819440,0,34,0,0,1,1,4,0,2,2,0,2,0,0000000,88,88,88,88,88,88,0,0,0,1,0
48,480044,1,1,0,1,439,502,15,1,2010,6,9,54,1,12,7,SR-121/183,,177,32.83924722,-97.151133330,0,24,0,0,5,1,10,0,1,1,0,1,0,0000000,9,54,9,58,10,16,0,0,0,1,0
48,480045,2,2,0,2,481,0,15,1,2010,6,6,40,0,4,3,SR-60,,109,29.19472778,-96.016902780,0,12,2,0,1,1,1,0,2,2,0,2,0,0000000,6,48,7,8,7,39,0,0,0,1,0
48,480046,1,1,0,1,135,0,16,1,2010,7,22,55,0,6,4,KNOX,,0,31.82426389,-102.509008330,0,1,0,0,1,1,4,0,2,1,0,1,0,0000000,88,88,88,88,88,88,0,0,0,1,1
48,480047,1,1,0,1,199,0,16,1,2010,7,20,35,1,2,2,US-96,,85,30.30913333,-94.186777780,0,42,0,0,1,1,4,0,2,1,0,1,0,0000000,88,88,88,88,88,88,0,0,0,1,1
48,480048,1,1,0,1,471,0,16,1,2010,7,9,11,0,5,8,FM1375,,40,30.57423333,-95.437030560,0,1,0,0,1,1,4,0,1,2,0,2,0,0000000,88,88,88,88,88,88,0,0,0,1,0
48,480049,1,1,0,1,55,0,17,1,2010,1,4,32,0,4,8,FM1185,,29,29.97110833,-97.636269440,0,42,0,0,1,1,5,0,2,1,0,1,0,0000000,88,88,88,88,88,88,0,0,0,1,1
48,480050,2,2,0,2,161,0,17,1,2010,1,11,34,1,2,2,US-79,,43,31.39767778,-96.117669440,0,12,2,0,1,1,1,0,1,2,0,2,0,0000000,12,5,12,24,13,9,0,0,0,1,0
48,480051,2,2,0,2,201,3280,17,1,2010,1,18,24,1,11,1,I-45,,361,29.91833889,-95.412419440,0,12,6,0,1,1,1,0,3,1,0,1,0,0000000,18,25,18,35,18,57,0,0,0,1,1
48,480052,1,1,0,2,233,0,17,1,2010,1,3,19,0,3,3,SR-136,,45,35.64310278,-101.479297220,0,1,0,0,1,1,4,0,2,1,0,1,0,0000000,3,38,3,52,4,13,0,0,0,1,0
48,480053,2,2,0,3,31,0,18,1,2010,2,13,5,1,2,2,US-290,,72,30.26188333,-98.474836110,0,24,0,0,1,1,4,0,1,1,0,1,0,0000000,13,20,13,42,14,16,0,0,0,2,0
48,480054,3,3,1,5,339,1510,18,1,2010,2,19,45,1,11,1,I-45,,134,30.30098333,-95.466975000,0,8,0,0,1,1,1,1,2,1,0,1,0,0000000,88,88,88,88,88,88,0,0,0,1,0
48,480055,1,1,0,1,493,0,18,1,2010,2,15,32,0,3,2,US-181,,82,29.17045000,-98.184300000,0,1,0,0,1,1,3,0,1,1,0,1,0,0000000,88,88,88,88,88,88,0,0,0,1,0
48,480056,2,2,0,2,199,0,19,1,2010,3,12,35,1,2,2,US-69,HARPER,33,30.33861944,-94.275827780,0,12,1,0,3,3,1,0,1,10,0,10,0,0000000,12,35,12,46,13,28,0,0,0,1,0
48,480057,1,1,0,2,425,0,20,1,2010,4,3,15,0,4,8,FM56,,12,32.29805278,-97.818575000,0,38,0,0,1,1,5,0,2,5,0,5,0,0000000,3,45,3,59,4,21,0,0,0,1,1
48,480058,2,2,0,6,121,3960,21,1,2010,5,19,29,0,16,5,ROCKBROOK,CRESTVIEWPOINT,0,32.99672222,-96.980536110,0,12,6,0,2,3,1,0,3,1,0,1,0,0000000,19,30,19,34,19,54,0,0,0,1,1
48,480059,1,1,0,1,245,5430,21,1,2010,5,15,43,0,16,5,A,,0,29.90651944,-93.934038890,0,42,0,0,1,1,4,0,1,1,0,1,0,0000000,15,44,15,50,16,37,0,0,0,1,0
48,480060,1,1,0,1,351,681,22,1,2010,6,4,43,0,4,3,SR-87,,141,30.70553333,-93.823758330,0,42,0,0,1,1,5,0,2,1,0,1,0,0000000,88,88,88,88,88,88,0,0,0,1,0
48,480061,2,2,0,3,419,0,22,1,2010,6,8,40,1,2,2,US-84,FM699,147,31.95848056,-94.167058330,0,12,6,1,2,2,1,1,1,1,0,1,0,0000000,8,44,9,4,9,34,0,0,0,1,0
48,480062,2,2,0,2,439,6060,22,1,2010,6,16,58,0,14,8,FM156,,89,32.87194722,-97.342408330,0,12,6,0,4,1,1,0,1,1,0,1,0,0000000,99,99,99,99,99,99,0,0,0,1,0
48,480063,2,2,0,3,453,0,22,1,2010,6,9,24,0,6,4,BULLICKHOLLOW,,0,30.42240278,-97.870675000,0,1,0,0,1,1,1,0,1,1,0,1,0,0000000,9,26,9,33,10,12,14,0,0,2,0
48,480064,1,1,0,3,503,5070,22,1,2010,6,5,8,0,16,5,OAK,,0,33.37278333,-98.766875000,0,38,0,0,1,1,4,0,2,1,0,1,0,0000000,99,99,99,99,99,99,20,0,0,2,1
48,480065,2,2,0,2,209,0,23,1,2010,7,13,58,0,4,8,RM12,,39,30.23037222,-98.075725000,0,12,6,0,1,1,1,0,1,1,0,1,0,0000000,88,88,88,88,88,88,0,0,0,1,0
48,480066,1,1,0,3,67,310,24,1,2010,1,1,37,1,2,2,US-59,,111,33.13809167,-94.162897220,0,5,0,0,1,1,1,0,2,1,0,1,0,0000000,1,37,1,42,2,4,0,0,0,1,0
48,480067,2,2,0,2,49,0,25,1,2010,2,15,4,0,3,3,SR-279,,326,31.76217222,-99.077197220,0,12,2,0,1,1,2,0,1,1,0,1,0,0000000,99,99,99,99,99,99,0,0,0,1,0
48,480068,2,2,0,3,5,0,26,1,2010,3,21,10,0,4,8,FM842,,37,31.39565556,-94.652994440,0,12,2,0,1,1,1,0,2,1,0,1,0,0000000,99,99,99,99,99,99,0,0,0,3,1
48,480069,1,1,1,1,113,4530,26,1,2010,3,17,56,0,16,5,HYACINTH,,0,32.74018333,-96.539461110,0,8,0,0,1,1,1,0,1,1,0,1,0,0000000,99,99,99,99,99,99,0,0,0,1,0
48,480070,3,1,0,1,201,0,26,1,2010,3,2,45,0,6,5,ELDRIDGE,SANMARTIN,0,29.69555278,-95.623827780,0,33,0,0,2,2,4,0,3,10,0,10,0,0000000,2,59,3,25,3,55,0,0,0,1,1
48,480071,2,2,0,2,329,0,26,1,2010,3,19,23,0,5,4,120,FM715,14,31.96493611,-102.036263890,0,12,6,0,2,2,1,0,2,1,0,1,0,0000000,19,28,19,32,19,49,0,0,0,1,0
48,480072,1,1,0,1,441,0,26,1,2010,3,21,43,1,1,7,I-20,,132,32.46002778,-99.934408330,0,1,0,0,1,1,1,0,1,10,0,10,0,0000000,99,99,99,99,99,99,0,0,0,1,1
48,480073,1,1,0,1,227,0,27,1,2010,4,11,12,0,6,4,NICHOLS,,0,32.13671389,-101.504841670,0,35,0,0,1,1,4,0,1,1,0,1,0,0000000,99,99,99,99,99,99,0,0,0,1,0
48,480074,1,1,0,2,373,0,27,1,2010,4,14,12,0,14,3,SR-146,,90,30.49337500,-94.785613890,0,53,0,0,1,1,4,0,1,10,0,10,0,0000000,99,99,99,99,99,99,0,0,0,1,0
48,480075,1,1,0,1,437,0,27,1,2010,4,9,39,1,1,7,I-27,,26,34.34965556,-101.745180560,0,32,0,0,1,1,4,0,1,1,0,1,0,0000000,9,43,9,57,10,24,0,0,0,1,0
48,480076,1,1,0,2,439,2800,29,1,2010,6,21,11,0,16,5,GREATSOUTHWEST,,0,32.73148056,-97.046013890,0,42,0,0,1,1,4,0,3,1,0,1,0,0000000,88,88,88,88,88,88,0,0,0,2,1
48,480077,2,2,0,4,459,7078,29,1,2010,6,16,50,0,3,2,US-271,POINTPLEASANT,227,32.58361111,-94.917455560,0,12,1,0,2,2,1,0,1,2,0,2,0,0000000,99,99,99,99,99,99,0,0,0,1,0
48,480078,1,1,0,5,201,3280,30,1,2010,7,20,16,0,16,5,WINDMILLLAKES,,0,29.62448611,-95.240177780,0,33,0,0,1,1,4,0,3,10,0,10,0,0000000,20,16,20,28,20,58,0,0,0,1,0
48,480079,1,1,0,2,339,0,30,1,2010,7,2,45,0,6,4,RILEYFUZZEL,,0,30.11886667,-95.376413890,0,42,0,0,1,1,4,0,2,10,0,10,0,0000000,2,47,2,52,3,41,0,0,0,1,1