STATE,ST_CASE,VE_TOTAL,VE_FORMS,PEDS,PERSONS,COUNTY,CITY,DAY,MONTH,YEAR,DAY_WEEK,HOUR,MINUTE,NHS,ROAD_FNC,ROUTE,TWAY_ID,TWAY_ID2,MILEPT,LATITUDE,LONGITUD,SP_JUR,HARM_EV,MAN_COLL,RELJCT1,RELJCT2,TYP_INT,REL_ROAD,WRK_ZONE,LGT_COND,WEATHER1,WEATHER2,WEATHER,SCH_BUS,RAIL,NOT_HOUR,NOT_MIN,ARR_HOUR,ARR_MIN,HOSP_HR,HOSP_MN,CF1,CF2,CF3,FATALS,DRUNK_DR
48,480080,1,1,0,3,127,0,31,1,2010,1,2,22,0,4,3,SR-85,,164,28.57381944,-99.603938890,0,1,0,0,1,1,4,0,2,1,0,1,0,0000000,2,28,2,50,3,35,0,0,0,1,1
48,480081,2,2,0,3,499,4610,31,1,2010,1,7,35,0,3,2,US-80,,149,32.66415278,-95.491700000,0,12,2,0,1,1,1,0,4,10,0,10,0,0000000,7,37,7,42,8,31,0,0,0,1,0
48,480082,2,2,0,3,245,490,21,1,2010,5,5,32,1,11,1,I-10,,16,30.09616667,-94.128944440,0,25,0,0,1,1,10,0,3,10,0,10,0,0000000,5,45,5,54,6,4,0,0,0,1,0
48,480083,1,1,0,1,479,3899,24,1,2010,1,5,9,0,16,5,SIERRAVISTA,,0,27.44477222,-99.459636110,0,38,0,0,1,1,4,0,2,1,0,1,0,0000000,88,88,88,88,88,88,0,0,0,1,1
48,480084,1,1,0,6,73,0,26,1,2010,3,14,45,1,2,2,US-175,,38,32.02108333,-95.377319440,0,1,0,0,1,1,4,0,1,1,0,1,0,0000000,14,49,15,23,16,46,0,0,0,1,0
48,480085,1,1,0,3,481,7410,26,1,2010,3,15,10,0,16,5,HALFORD,,0,29.35367500,-96.088872220,0,10,0,0,6,1,1,0,1,1,0,1,0,743358B,15,16,15,22,15,48,0,0,0,1,0
48,480086,2,2,0,3,183,0,29,1,2010,6,12,42,1,2,3,SR-31,,96,32.47410833,-94.772013890,0,12,6,0,1,1,1,0,1,2,0,2,0,0000000,99,99,12,48,13,4,0,0,0,1,0
48,480087,1,1,0,3,229,0,3,1,2010,1,10,30,0,4,3,SR-20,,37,31.32739167,-105.907944440,0,1,0,0,1,1,4,0,1,1,0,1,0,0000000,99,99,99,99,99,99,0,0,0,1,0
48,480088,4,4,0,9,201,0,1,1,2010,6,11,25,0,6,4,BELTWAY8,LAKEHOUSTON,0,29.92454444,-95.199436110,0,12,6,0,2,2,1,1,1,1,0,1,0,0000000,11,42,11,54,12,35,0,0,0,1,0
48,480089,4,4,0,8,201,3280,1,1,2010,6,3,45,1,13,3,SR-6,,80,29.81691944,-95.645536110,0,12,6,0,1,1,1,0,2,1,0,1,0,0000000,3,53,4,0,4,43,0,0,0,2,2
48,480090,1,1,0,1,329,0,1,1,2010,6,9,28,1,1,1,I-20,,26,31.89307778,-102.249955560,0,1,0,0,1,1,10,0,1,1,0,1,0,0000000,88,88,88,88,88,88,0,0,0,1,0
48,480091,2,2,0,2,85,5390,1,1,2010,6,3,40,0,16,5,DALLASNORTHTOLLWAY,,0,99.99990000,999.999900000,0,12,1,0,1,1,1,0,2,1,0,1,0,0000000,3,43,3,49,4,22,23,0,0,1,1
48,480092,1,1,0,1,67,0,4,1,2010,2,4,48,0,3,3,SR-8,,53,33.25887500,-94.353213890,0,24,0,0,1,1,4,0,2,3,0,3,0,0000000,88,88,88,88,88,88,0,0,0,1,0
48,480093,2,2,1,2,201,0,7,1,2010,5,4,35,0,6,8,WEST,,0,29.90805833,-95.654625000,0,8,0,0,1,1,1,0,3,2,0,2,0,0000000,88,88,88,88,88,88,0,0,0,1,0
48,480094,1,1,0,1,491,0,7,1,2010,5,14,30,1,2,2,US-183,,120,30.66667222,-97.880305560,0,35,0,0,1,1,4,0,1,1,0,1,0,0000000,14,43,14,57,15,41,0,0,0,1,0
48,480095,2,2,0,4,201,0,8,1,2010,6,7,0,0,6,4,LEE,,0,29.92628056,-95.302797220,0,12,1,0,1,1,1,0,3,1,0,1,1,0000000,99,99,7,9,7,46,0,0,0,1,0
48,480096,2,2,0,3,201,3280,9,1,2010,7,1,35,1,12,2,US-59,,10,29.84732778,-95.333358330,0,12,1,0,1,1,1,0,3,1,0,1,0,0000000,1,39,1,48,2,4,19,23,0,1,1
48,480097,1,1,0,2,65,0,12,1,2010,3,5,37,1,1,1,I-40,,3,35.20764722,-101.619705560,0,1,0,0,1,1,3,0,2,1,0,1,0,0000000,5,43,5,57,6,36,0,0,0,1,0
48,480098,1,1,0,1,423,0,14,1,2010,5,22,0,0,4,8,FM2015,313,35,32.47298333,-95.231208330,0,35,0,0,3,3,4,0,2,3,0,3,0,0000000,88,88,88,88,88,88,0,0,0,1,1
48,480099,1,1,0,2,37,0,15,1,2010,6,21,30,0,4,8,FM1397,,33,33.50719167,-94.084511110,0,1,0,0,1,1,4,0,2,10,0,10,0,0000000,21,35,21,43,22,31,0,0,0,1,0
48,480100,2,2,0,3,303,4140,17,1,2010,1,0,59,1,13,3,SR-84,,166,33.60296667,-101.867133330,0,12,6,0,8,1,1,0,3,1,0,1,0,0000000,1,0,1,5,1,25,0,0,0,2,2
48,480101,2,2,0,2,257,0,18,1,2010,2,19,7,0,4,8,FM1388,,166,32.48782778,-96.349025000,0,12,6,0,1,1,1,0,2,1,0,1,0,0000000,19,13,19,34,20,10,0,0,0,1,0
48,480102,1,1,0,1,339,0,18,1,2010,2,1,30,1,2,2,US-59,,148,30.08334444,-95.243063890,0,52,0,0,1,1,10,0,3,1,0,1,0,0000000,88,88,88,88,88,88,0,0,0,1,1
48,480103,2,1,1,1,179,0,22,1,2010,6,20,50,1,1,1,I-40,,10,35.19976389,-101.085891670,0,14,0,0,1,1,2,0,2,2,0,2,0,0000000,88,88,88,88,88,88,0,0,0,1,0
48,480104,2,2,0,4,21,0,23,1,2010,7,17,22,0,3,3,SR-21/71,,113,30.11097778,-97.387877780,0,32,0,0,1,1,3,0,1,10,0,10,0,0000000,99,99,99,99,99,99,0,0,0,1,0
48,480105,2,2,0,4,201,3280,23,1,2010,7,4,21,1,13,8,FM1093,DAIRY ASHFORD,54,29.73643333,-95.606202780,0,12,6,0,2,2,1,0,3,10,0,10,0,0000000,4,22,4,29,5,34,0,0,0,1,1
48,480106,2,2,0,3,201,3280,27,1,2010,4,15,55,0,16,5,YALE,22,0,29.80594444,-95.399255560,0,12,6,0,2,2,1,0,1,1,0,1,0,0000000,15,58,16,5,16,43,0,0,0,1,0
48,480107,2,2,0,3,201,3280,27,1,2010,4,22,10,1,11,1,I-610,,97,29.67958889,-95.439497220,0,12,1,0,1,1,1,0,3,10,0,10,0,0000000,22,10,22,14,22,48,0,0,0,1,1
48,480108,2,2,0,2,85,0,28,1,2010,5,18,8,0,3,3,SR-205,,18,32.99772222,-96.465625000,0,12,6,0,1,1,1,0,2,2,0,2,0,0000000,18,13,18,23,19,5,0,0,0,1,0
48,480109,1,1,0,5,65,0,29,1,2010,6,13,0,0,6,4,SANTAFETRAIL,,0,35.62003889,-101.571091670,0,30,0,0,1,1,4,0,1,4,0,4,0,0000000,13,10,13,18,13,41,0,0,0,1,0
48,480110,2,2,0,3,327,0,29,1,2010,6,9,0,0,4,8,RM1221,,111,30.71527500,-99.564241670,0,12,6,0,1,1,4,0,1,10,0,10,0,0000000,9,20,9,43,10,35,0,0,0,1,0
48,480111,2,2,0,2,283,2225,30,1,2010,7,10,51,0,5,8,BI35,ANCASTER,17,28.03918889,-99.355502780,0,12,6,0,2,2,1,0,1,1,0,1,0,0000000,88,88,88,88,88,88,0,0,0,1,0
48,480112,1,1,0,1,415,0,30,1,2010,7,16,4,0,6,4,370,,0,32.71542778,-101.089472220,0,1,0,0,1,1,1,0,1,1,0,1,0,0000000,16,11,16,28,17,2,0,0,0,1,1
48,480113,2,2,0,3,363,0,20,1,2010,4,10,3,0,3,2,US-281,TURKEYCREEK,90,32.87787222,-98.093033330,0,12,6,0,2,3,1,0,1,5,0,5,0,0000000,10,14,10,36,11,11,0,0,0,1,0
48,480114,1,1,0,1,55,0,1,2,2010,2,18,40,0,4,3,SR-304,,62,29.75866389,-97.409472220,0,1,0,0,1,1,1,0,2,2,0,2,0,0000000,99,99,99,99,99,99,0,0,0,1,1
48,480115,1,1,0,1,201,3280,1,2,2010,2,5,20,0,16,5,JUDIWAY,WOODCREST,0,29.82069444,-95.432772220,0,31,0,0,2,2,4,0,3,10,0,10,0,0000000,88,88,88,88,88,88,0,0,0,1,1
48,480116,1,1,0,9,249,0,2,2,2010,3,5,36,0,6,4,129,,0,27.70721944,-98.093436110,0,1,0,0,1,1,1,0,3,5,0,5,0,0000000,5,58,6,5,6,27,20,0,0,2,0
48,480117,1,1,0,1,29,6090,3,2,2010,4,2,48,1,11,1,I-35,LP410 RAMP,304,29.47389722,-98.405355560,0,1,0,1,3,4,8,0,3,2,0,2,0,0000000,88,88,88,88,88,88,0,0,0,1,1
48,480118,1,1,0,1,291,0,3,2,2010,4,23,54,0,3,3,SR-321,,109,30.25599167,-94.970047220,0,32,0,0,1,1,4,0,2,2,0,2,0,0000000,88,88,88,88,88,88,0,0,0,1,0
48,480119,2,2,0,2,359,0,3,2,2010,4,11,1,0,3,2,US-385,,198,35.37722500,-102.328977780,0,12,6,0,4,1,1,0,1,5,0,5,0,0000000,99,99,99,99,99,99,0,0,0,1,0
48,480120,1,1,0,4,89,0,4,2,2010,5,18,0,1,1,1,I-10,,211,29.70941389,-96.505213890,0,1,0,0,1,1,10,0,1,2,0,2,0,0000000,18,5,18,11,18,57,0,0,0,1,0
48,480121,2,2,0,2,113,1240,4,2,2010,5,23,48,0,16,5,DUNCANVILLE,WINTERGREEN,0,32.61731111,-96.908341670,0,12,6,0,2,3,1,0,3,2,0,2,0,0000000,99,99,99,99,0,19,20,0,0,1,1
48,480122,1,1,1,1,201,3280,4,2,2010,5,0,49,0,16,5,SAMHOUSTONTOLLWAY,,0,29.67082778,-95.560563890,0,8,0,0,5,1,1,0,3,1,0,1,0,0000000,99,99,99,99,99,99,0,0,0,1,0
48,480123,2,2,0,3,291,0,4,2,2010,5,7,1,1,2,3,SR-105,,203,30.24735278,-94.735194440,0,12,1,0,1,1,1,0,1,2,0,2,1,0000000,99,99,7,10,8,16,0,0,0,1,0
48,480124,1,1,0,2,339,0,4,2,2010,5,12,26,0,6,4,WAUKEGAN,,0,30.31309722,-95.340030560,0,38,0,0,1,1,4,0,1,10,0,10,0,0000000,88,88,88,88,88,88,0,0,0,1,0
48,480125,2,2,0,2,347,4810,4,2,2010,5,17,59,0,14,3,SR-21,,20,31.59624722,-94.635522220,0,12,6,0,1,1,1,0,3,2,0,2,0,0000000,18,5,18,12,18,28,0,0,0,1,0
48,480126,2,2,0,3,375,0,4,2,2010,5,9,25,1,2,2,US-87,,185,35.39890556,-101.835922220,0,12,6,0,1,1,1,0,1,5,0,5,0,0000000,10,3,10,17,10,54,0,0,0,1,0
48,480127,2,2,0,3,491,0,4,2,2010,5,2,14,0,3,3,SR-29,,44,30.68346667,-97.960280560,0,12,8,0,1,1,1,0,2,2,0,2,0,0000000,2,9,2,17,3,18,0,0,0,1,1
48,480128,1,1,0,1,1,0,5,2,2010,6,2,45,0,6,4,488,,0,32.00601111,-95.790911110,0,42,0,0,1,1,4,0,2,10,0,10,0,0000000,88,88,88,88,88,88,0,0,0,1,1
48,480129,1,1,1,1,201,0,5,2,2010,6,21,33,1,13,3,SR-6RAMP,,153,29.71518056,-95.644113890,0,8,0,0,5,1,1,1,2,1,0,1,0,0000000,99,99,99,99,99,99,0,0,0,1,0
48,480130,1,1,0,1,201,3280,5,2,2010,6,14,40,0,16,5,KIRKWOOD,,0,29.66098333,-95.584422220,0,42,0,0,1,1,3,0,1,10,0,10,0,0000000,14,58,15,2,15,39,0,0,0,1,0
48,480131,2,2,0,2,201,3320,5,2,2010,6,21,37,1,13,8,FM1960,,250,30.00504444,-95.260091670,0,12,6,0,8,1,1,0,2,1,0,1,0,0000000,21,42,21,47,22,17,0,0,0,1,0
48,480132,2,2,0,8,27,3690,6,2,2010,7,2,33,1,13,3,SR-201,,28,31.08579722,-97.810422220,0,12,6,0,1,1,1,1,2,10,0,10,0,0000000,2,33,2,45,3,30,3,0,0,1,1
48,480133,2,2,0,3,163,4674,6,2,2010,7,13,14,1,1,7,I-35,2627,315,29.05545556,-99.009647220,0,12,6,0,3,3,2,0,1,1,0,1,0,0000000,88,88,88,88,88,88,0,0,0,1,0
48,480134,2,2,0,3,183,7445,6,2,2010,7,15,0,1,13,2,US-80,,51,32.51225833,-94.829777780,0,12,2,0,1,1,1,0,1,10,0,10,0,0000000,15,4,15,9,15,36,0,0,0,1,0
48,480135,2,2,0,2,309,0,6,2,2010,7,12,30,0,4,8,FM3400,TINSLEY,22,31.50750833,-97.086180560,0,12,6,0,2,2,1,0,1,1,0,1,0,0000000,99,99,99,99,99,99,0,0,0,1,0
48,480136,1,1,1,2,113,1730,7,2,2010,1,1,40,1,11,1,I-35,,273,32.89562222,-96.898147220,0,8,0,0,1,1,1,0,3,10,0,10,0,0000000,88,88,88,88,88,88,19,0,0,1,0
48,480137,1,1,1,1,157,0,7,2,2010,1,22,5,1,2,3,SR-36,,2,29.61687500,-96.022466670,0,8,0,0,1,1,1,0,2,1,0,1,0,0000000,88,88,88,88,88,88,0,0,0,1,0
48,480138,1,1,0,1,29,6090,8,2,2010,2,4,58,1,11,1,I-10,,76,29.43241944,-98.404355560,0,24,0,1,5,1,4,0,3,2,0,2,0,0000000,88,88,88,88,88,88,0,0,0,1,1
48,480139,2,2,0,2,203,0,8,2,2010,2,18,30,0,4,8,FM31,,100,32.44151944,-94.235800000,0,12,2,0,1,1,1,0,5,2,0,2,0,0000000,99,99,99,99,88,88,0,0,0,1,0
48,480140,1,1,0,2,201,3280,9,2,2010,3,4,0,0,16,5,VICTORY,,0,29.87105000,-95.414700000,0,35,0,0,1,1,4,0,3,1,0,1,0,0000000,4,9,4,25,4,40,0,0,0,1,1
48,480141,1,1,0,2,233,0,10,2,2010,4,3,30,0,5,8,RM2277,,71,35.78056944,-101.339436110,0,31,0,0,1,1,4,0,2,10,0,10,0,0000000,8,14,8,41,9,24,0,0,0,1,1
48,480142,2,2,0,2,411,0,10,2,2010,4,17,55,1,2,2,US-190,,264,31.19488889,-98.672675000,0,12,8,0,1,1,1,0,1,10,0,10,0,0000000,88,88,88,88,88,88,0,0,0,1,0
48,480143,2,2,0,3,201,0,11,2,2010,5,2,26,1,13,3,SR-6,,23,29.90398056,-95.633069440,0,12,6,0,8,1,1,0,3,2,0,2,0,0000000,2,38,2,47,3,21,0,0,0,1,2
48,480144,2,2,0,5,113,3420,14,2,2010,1,4,20,1,13,8,SL12,,177,32.81225556,-96.921747220,0,12,6,0,1,1,1,0,2,10,0,10,0,0000000,4,22,4,24,5,0,0,0,0,1,0
48,480145,1,1,0,1,347,0,14,2,2010,1,13,6,0,3,8,FM2259,,128,31.56237500,-94.607283330,0,35,0,0,1,1,4,0,1,1,0,1,0,0000000,13,9,13,17,13,31,0,0,0,1,0
48,480146,1,1,2,1,27,0,15,2,2010,2,23,38,0,3,3,SR-95,,38,30.91700833,-97.364658330,0,8,0,0,1,1,2,0,2,1,0,1,0,0000000,23,46,0,1,0,37,0,0,0,1,0
48,480147,2,2,0,2,113,1730,15,2,2010,2,17,3,1,13,3,SR-12,,73,32.68677500,-96.788027780,0,1,0,0,8,1,1,0,1,1,0,1,0,0000000,17,7,17,9,17,32,0,0,0,1,1
48,480148,1,1,0,15,215,0,16,2,2010,3,5,0,1,2,2,US-281,,40,26.73864444,-98.104402780,0,1,0,0,1,1,3,0,2,10,0,10,0,0000000,88,88,88,88,88,88,0,0,0,1,0
48,480149,1,1,1,1,453,330,16,2,2010,3,21,46,1,11,7,I-35,,285,30.40920833,-97.675216670,0,8,0,0,1,1,1,0,2,1,0,1,0,0000000,88,88,88,88,88,88,0,0,0,1,0
48,480150,3,3,0,4,89,0,17,2,2010,4,19,15,1,1,1,I-10,,268,29.72592500,-96.408633330,0,57,0,0,1,1,3,0,2,1,0,1,0,0000000,19,18,19,27,20,4,0,0,0,3,0
48,480151,1,1,0,2,113,5730,17,2,2010,4,16,35,0,16,5,SPRING VALLEY,,0,32.93993611,-96.755047220,0,5,0,0,1,1,1,0,1,1,0,1,1,0000000,88,88,88,88,88,88,0,0,0,1,0
48,480152,2,2,0,2,183,4080,17,2,2010,4,6,43,0,13,3,SR-31,FM2205,6,32.49003611,-94.758441670,0,12,6,1,2,4,1,0,1,1,0,1,0,0000000,6,45,6,50,7,4,0,0,0,1,0
48,480153,1,1,0,1,277,5220,19,2,2010,6,6,54,1,13,8,BU271B,SANTAFE,147,33.67112222,-95.556433330,0,19,0,0,3,3,4,0,9,99,0,99,0,0000000,88,88,88,88,88,88,0,0,0,1,1
48,480154,2,2,0,3,407,0,19,2,2010,6,2,45,0,3,2,US-190,,118,30.77757778,-95.174680560,0,12,2,0,1,1,1,0,2,1,0,1,0,0000000,99,99,99,99,99,99,0,0,0,1,1
48,480155,1,1,0,1,339,0,20,2,2010,7,14,0,0,6,5,HONEAEGYPT,,0,30.29055278,-95.601097220,0,38,0,0,1,1,5,0,1,10,0,10,0,0000000,14,9,14,18,14,58,0,0,0,1,1
48,480156,3,3,0,6,347,0,20,2,2010,7,14,25,0,3,3,SR-7,,30,31.60285833,-94.584186110,0,12,8,0,1,1,1,0,1,1,0,1,0,0000000,14,38,14,46,15,8,0,0,0,4,0
48,480157,1,1,0,1,149,0,21,2,2010,1,18,31,0,4,8,FM153,,90,30.01216111,-96.927788890,0,42,0,0,1,1,4,0,5,1,0,1,0,0000000,88,88,88,88,88,88,0,0,0,1,0
48,480158,1,1,0,1,199,0,21,2,2010,1,3,15,0,6,6,GRAYBURG,,0,30.11545556,-94.411194440,0,30,0,0,1,1,4,0,2,10,0,10,0,0000000,88,88,88,88,88,88,0,0,0,1,1
48,480159,1,1,0,1,249,0,21,2,2010,1,14,45,1,2,2,US-281,,18,27.40430833,-98.117266670,0,52,0,0,1,1,4,0,1,1,0,1,0,0000000,99,99,99,99,99,99,0,0,0,1,1
48,480160,2,1,0,1,419,0,21,2,2010,1,2,30,0,5,8,FM2468,,7,31.82910000,-94.184030560,0,53,0,0,1,1,4,0,2,10,0,10,0,0000000,2,35,2,43,2,58,14,0,0,1,1
48,480161,1,1,0,2,419,0,21,2,2010,1,14,10,0,3,3,SR-87,,183,99.99990000,999.999900000,0,1,0,0,1,1,4,0,1,10,0,10,0,0000000,14,13,14,20,14,46,0,0,0,1,1
48,480162,1,1,0,1,27,0,22,2,2010,2,17,15,0,4,8,FM438,,43,31.12330556,-97.285613890,0,1,0,0,1,1,2,0,1,10,0,10,0,0000000,17,15,17,26,99,99,0,0,0,1,0
48,480163,1,1,1,1,29,6090,22,2,2010,2,19,54,0,16,5,JOENEWTON,,0,29.46319167,-98.637908330,0,8,0,0,1,1,1,0,2,1,0,1,0,0000000,19,54,20,4,20,20,0,0,0,1,0
48,480164,2,2,0,3,201,5230,20,2,2010,7,22,55,0,16,5,REDBLUFF,,0,29.63930278,-95.111708330,0,12,7,0,1,1,1,0,2,10,0,10,0,0000000,99,99,99,99,99,99,0,0,0,2,0
48,480165,1,1,0,1,453,330,22,2,2010,2,0,52,1,12,8,SL1RAMP,,185,30.24725556,-97.805244440,0,26,0,1,5,1,4,0,3,1,0,1,0,0000000,88,88,88,88,88,88,0,0,0,1,1
48,480166,2,2,0,2,309,0,23,2,2010,3,8,10,0,4,3,SR-164,,39,31.52795833,-96.892955560,0,12,6,0,1,1,1,0,1,4,0,4,0,0000000,8,20,8,27,9,17,0,0,0,1,0
48,480167,2,2,0,2,73,0,24,2,2010,4,9,30,0,3,3,SR-110,SR-204,205,31.89852222,-95.077419440,0,12,6,0,2,2,1,0,1,1,0,1,0,0000000,9,46,9,51,10,37,0,0,0,1,0
48,480168,1,1,0,1,113,1730,24,2,2010,4,21,8,0,16,5,REDBIRD,,0,32.67160556,-96.850188890,0,42,0,0,1,1,4,0,2,10,0,10,0,0000000,21,9,21,18,21,39,0,0,0,1,0
48,480169,1,1,0,1,439,2255,24,2,2010,4,2,45,1,12,3,SR-121,,134,32.86989167,-97.101008330,0,34,0,0,1,1,10,0,3,10,0,10,0,0000000,2,59,3,17,3,39,0,0,0,1,1
48,480170,2,2,0,4,365,0,25,2,2010,5,1,21,0,3,3,SR-149,,35,32.27748056,-94.467658330,0,12,2,0,1,1,1,0,2,10,0,10,0,0000000,1,26,1,38,2,23,0,0,0,1,1
48,480171,2,2,0,6,133,0,26,2,2010,6,17,34,1,1,1,I-20/US-80,,171,32.37743611,-98.827169440,0,12,6,0,1,1,1,0,1,1,0,1,0,0000000,17,58,18,21,19,4,0,0,0,1,0
48,480172,1,1,0,2,139,2240,27,2,2010,7,21,5,1,13,2,US-287,BU287,40,32.32151944,-96.663391670,0,1,0,0,3,4,3,0,2,1,0,1,0,0000000,21,13,21,24,22,4,0,0,0,1,0
48,480174,1,1,0,3,409,0,27,2,2010,7,17,22,1,1,1,I-37,,15,28.10159722,-97.811655560,0,1,0,0,1,1,3,0,1,10,0,10,0,0000000,17,25,17,52,99,99,0,0,0,1,1
48,480175,2,2,0,3,5,0,28,2,2010,1,15,55,0,3,3,SR-7,,67,31.44780833,-94.870569440,0,12,2,0,1,1,1,0,1,1,0,1,0,0000000,88,88,88,88,88,88,0,0,0,1,1
48,480176,1,1,1,1,61,940,28,2,2010,1,3,58,0,16,5,SOUTHMOST,,0,25.91041111,-97.473716670,0,8,0,0,1,1,1,0,3,10,0,10,0,0000000,88,88,88,88,88,88,0,0,0,1,1
48,480177,2,2,0,6,201,0,28,2,2010,1,4,11,0,6,4,ALDINEMAIL,SWEENEY,0,29.90217778,-95.378516670,0,12,6,0,2,3,1,0,2,1,0,1,0,0000000,99,99,99,99,99,99,0,0,0,1,1
48,480178,1,1,0,1,201,3280,28,2,2010,1,2,28,0,16,5,TIDWELL,FRIENDLY,0,29.84878333,-95.327550000,0,33,0,0,2,2,4,0,6,1,0,1,0,0000000,88,88,88,88,88,88,0,0,0,1,1
48,480179,2,2,0,2,245,490,28,2,2010,1,6,57,0,16,5,PHELAN,23RD,0,30.08447778,-94.143305560,0,12,6,0,2,2,1,0,1,1,0,1,0,0000000,6,57,6,58,7,5,0,0,0,1,1
48,480180,1,1,0,1,331,0,28,2,2010,1,3,0,0,6,4,240,,0,30.88853333,-96.964269440,0,23,0,0,1,1,4,0,2,1,0,1,0,0000000,88,88,88,88,88,88,0,0,0,1,1
48,480181,1,1,0,1,201,3280,2,1,2010,7,17,29,0,16,5,ANSBURY,,0,29.81286667,-95.435561110,0,33,0,0,1,1,4,0,1,10,0,10,0,0000000,88,88,88,88,88,88,0,0,0,1,1
48,480182,2,2,0,3,303,4140,3,1,2010,1,17,48,0,16,5,QUAKER,,0,33.50883889,-101.904952780,0,12,6,0,1,1,1,0,5,1,0,1,0,0000000,17,49,17,55,18,12,0,0,0,1,1
48,480183,1,1,0,2,39,5249,21,1,2010,5,16,31,0,14,8,FM1128,FITE,15,29.55205833,-95.330972220,0,5,0,0,3,2,1,0,1,1,0,1,0,0000000,16,31,16,50,17,5,0,0,0,1,0
48,480185,9,9,0,9,39,5249,17,2,2010,4,6,44,1,13,3,SR-35,,159,29.51591667,-95.256380560,0,12,8,0,1,1,1,0,4,10,0,10,0,0000000,6,46,6,53,7,47,14,0,0,2,0
48,480186,2,2,0,3,1,0,23,2,2010,3,11,47,1,2,2,US-79,,61,31.78749167,-95.605152780,0,12,6,0,1,1,2,0,1,4,0,4,0,0000000,88,88,88,88,88,88,0,0,0,1,0
48,480187,2,2,0,2,203,0,25,2,2010,5,18,45,9,99,8,FM134,,99999,99.99990000,999.999900000,0,12,2,0,1,1,1,0,5,1,0,1,0,0000000,19,1,19,2,20,25,0,0,0,1,1
48,480188,2,2,0,3,459,0,26,2,2010,6,9,24,1,2,2,US-271,,101,32.77069167,-94.944488890,0,12,6,0,1,1,1,0,1,2,0,2,0,0000000,99,99,99,99,99,99,0,0,0,2,0
48,480189,1,1,0,2,201,0,2,1,2010,7,2,30,0,16,5,BAYAREA,,0,29.52732778,-95.162605560,0,42,0,0,1,1,3,0,3,1,0,1,0,0000000,2,33,2,40,3,9,0,0,0,1,1
48,480190,2,1,0,1,201,3280,7,1,2010,5,3,0,1,11,1,I-10,,105,29.78520278,-95.639716670,0,14,0,0,1,1,2,0,3,10,0,10,0,0000000,88,88,88,88,88,88,0,0,0,1,1
48,480191,2,2,0,3,201,480,8,1,2010,6,20,23,0,3,3,SR-146,,6,29.80680833,-94.903294440,0,12,6,0,1,1,1,0,2,1,0,1,0,0000000,20,23,20,33,21,16,0,0,0,1,0
48,480192,1,1,0,1,113,1730,20,1,2010,4,0,40,0,16,5,DALLAS,WALNUTHILL,0,32.88011111,-96.809386110,0,33,0,1,3,2,3,0,3,10,0,10,0,0000000,99,99,0,43,1,10,0,0,0,1,1
48,480193,2,2,0,2,39,190,27,1,2010,4,17,19,1,13,8,BS288,,26,29.12694722,-95.424863890,0,43,0,0,1,1,4,0,1,1,0,1,0,0000000,17,27,17,49,18,19,0,0,0,1,1
48,480194,1,1,0,2,405,0,29,1,2010,6,19,53,0,3,3,SR-147,,113,31.40198333,-94.181463890,0,42,0,0,1,1,4,0,2,10,0,10,0,0000000,99,99,99,99,99,99,0,0,0,1,0
48,480195,1,1,0,1,113,1730,4,2,2010,5,8,55,0,16,5,CANADA,,0,32.78588611,-96.835838890,0,21,0,0,1,1,4,1,1,2,0,2,0,0000000,88,88,88,88,88,88,0,0,0,1,0
48,480196,2,2,1,1,439,3347,5,2,2010,6,10,55,1,13,3,SR-10,,34,32.80933333,-97.190208330,0,8,0,0,1,1,1,0,1,98,0,98,0,0000000,11,7,11,18,11,47,0,0,0,1,0
48,480197,1,1,0,2,201,3280,6,2,2010,7,3,12,0,16,5,SAMHOUSTON,,0,29.86349722,-95.563888890,0,31,0,0,1,1,1,0,3,1,0,1,0,0000000,3,33,3,54,4,44,0,0,0,1,0
48,480198,2,2,0,8,113,1730,7,2,2010,1,2,55,1,13,3,SR-12,,54,32.79342500,-96.684836110,0,12,6,0,4,1,1,0,3,10,0,10,0,0000000,3,18,3,23,3,44,0,0,0,1,1
48,480199,2,1,0,1,245,490,10,2,2010,4,22,41,0,16,5,LUCAS,LAREDO,0,30.12547500,-94.132961110,0,14,0,0,3,3,5,0,3,10,0,10,0,0000000,22,41,22,46,23,2,20,0,0,1,0
48,480200,2,2,0,1,201,0,11,2,2010,5,19,25,0,6,4,RANKIN,,0,29.96589167,-95.409255560,0,12,1,0,1,1,1,0,2,10,0,10,0,0000000,19,29,19,41,20,13,23,0,0,1,0
48,480201,1,1,0,1,503,0,12,2,2010,6,23,31,0,3,3,SR-16,,39,33.20511111,-98.506561110,0,1,0,0,1,1,4,0,2,5,0,5,0,0000000,23,39,23,51,0,28,0,0,0,1,0
48,480202,3,3,2,12,113,1730,13,2,2010,7,20,55,0,16,5,ROYAL,,0,32.89523056,-96.872436110,0,12,7,0,1,1,1,0,3,10,0,10,0,0000000,20,58,21,1,21,34,14,0,0,1,1
48,480203,2,2,0,5,471,3340,14,2,2010,1,14,29,1,13,3,SR-75,,162,30.74808611,-95.627894440,0,12,6,0,1,1,1,0,1,1,0,1,0,0000000,14,38,14,48,15,25,0,0,0,1,0
48,480204,2,2,0,2,325,0,17,2,2010,4,18,16,0,4,8,FM2200,765,86,29.14066944,-98.998127780,0,12,6,0,2,3,1,0,1,10,0,10,0,0000000,88,88,88,88,88,88,0,0,0,1,0