STATE,ST_CASE,VE_TOTAL,VE_FORMS,PEDS,PERSONS,COUNTY,CITY,DAY,MONTH,YEAR,DAY_WEEK,HOUR,MINUTE,NHS,ROAD_FNC,ROUTE,TWAY_ID,TWAY_ID2,MILEPT,LATITUDE,LONGITUD,SP_JUR,HARM_EV,MAN_COLL,RELJCT1,RELJCT2,TYP_INT,REL_ROAD,WRK_ZONE,LGT_COND,WEATHER1,WEATHER2,WEATHER,SCH_BUS,RAIL,NOT_HOUR,NOT_MIN,ARR_HOUR,ARR_MIN,HOSP_HR,HOSP_MN,CF1,CF2,CF3,FATALS,DRUNK_DR
48,480205,1,1,0,1,265,0,20,2,2010,7,1,0,0,5,8,FM479,,106,30.15505833,-99.314375000,0,38,0,0,1,1,4,0,2,1,0,1,0,0000000,88,88,88,88,88,88,0,0,0,1,1
48,480206,1,1,1,1,473,5234,23,2,2010,3,6,40,0,5,8,FM1458,,13,29.82817222,-95.999113890,0,8,0,0,1,1,1,0,2,10,0,10,0,0000000,6,46,6,51,7,23,0,0,0,1,0
48,480207,1,1,0,1,91,0,25,2,2010,5,23,40,0,6,4,EDWARDS,,0,29.73711944,-98.124613890,0,38,0,0,1,1,4,0,2,1,0,1,0,0000000,88,88,88,88,88,88,0,0,0,1,1
48,480208,1,1,1,1,427,0,25,2,2010,5,21,10,1,2,2,US-83,,399,26.30959167,-98.646669440,0,8,0,0,1,1,2,0,2,1,0,1,0,0000000,88,88,88,88,88,88,0,0,0,1,0
48,480209,3,3,0,4,113,1730,27,2,2010,7,18,34,1,13,8,SL354,,86,32.87546667,-96.884205560,0,12,1,0,1,1,1,0,5,1,0,1,0,0000000,18,39,18,44,19,6,0,0,0,1,0
48,480210,1,1,0,2,325,0,27,2,2010,7,14,1,0,6,4,672,,0,29.21434444,-98.853319440,0,42,0,0,1,1,4,0,1,1,0,1,0,0000000,14,13,14,36,15,10,19,0,0,1,1
48,480211,2,2,0,3,9,0,28,2,2010,1,3,30,1,2,2,US-82/277,,54,33.75181111,-98.871000000,0,12,2,0,1,1,1,0,2,1,0,1,0,0000000,88,88,88,88,88,88,0,0,0,2,1
48,480212,2,2,1,2,201,3280,1,1,2010,6,5,25,1,11,1,I-10,,375,29.77142500,-95.201022220,0,8,0,0,1,1,1,0,2,1,0,1,0,0000000,99,99,99,99,99,99,19,0,0,1,1
48,480213,1,1,1,1,293,4540,5,1,2010,3,18,11,1,13,2,US-84,,108,31.68428056,-96.478077780,0,8,0,0,1,1,1,0,5,1,0,1,0,0000000,18,12,18,15,99,99,0,0,0,1,0
48,480214,1,1,1,2,379,0,16,1,2010,7,18,29,0,3,3,SR-19,,66,32.79730278,-95.793141670,0,8,0,0,1,1,1,0,2,10,0,10,0,0000000,88,88,88,88,88,88,0,0,0,1,0
48,480215,2,2,0,2,251,1370,18,1,2010,2,11,18,1,2,2,US-67,,35,32.36089444,-97.445038890,0,12,8,0,1,1,1,0,1,1,0,1,0,0000000,11,21,11,43,12,8,0,0,0,1,0
48,480216,2,2,0,3,201,0,23,1,2010,7,2,26,1,13,8,FM529,,159,29.88011389,-95.588897220,0,12,1,0,1,1,1,0,2,10,0,10,0,0000000,2,31,2,36,3,32,0,0,0,1,1
48,480217,2,2,0,2,113,2800,5,2,2010,6,5,55,0,16,5,TRINITY,RIVERRIDGE,0,32.80009167,-97.025050000,0,12,6,0,2,2,1,0,3,10,0,10,0,0000000,88,88,88,88,88,88,0,0,0,1,0
48,480218,2,1,1,1,181,6350,7,2,2010,1,4,2,1,13,2,US-82,,183,33.67067500,-96.631772220,0,14,0,0,1,1,2,0,2,10,0,10,0,0000000,4,3,4,8,4,44,0,0,0,1,0
48,480219,1,1,0,1,251,0,7,2,2010,1,22,0,0,5,8,FM2135,,21,32.32191944,-97.347708330,0,42,0,0,1,1,4,0,2,2,0,2,0,0000000,88,88,88,88,88,88,0,0,0,1,1
48,480220,1,1,0,1,309,7210,10,2,2010,4,21,6,0,16,5,RITCHIE,,0,31.47521389,-97.229325000,0,59,0,0,1,1,4,0,2,10,0,10,0,0000000,88,88,88,88,88,88,0,0,0,1,0
48,480221,1,1,0,10,475,0,11,2,2010,5,5,20,1,1,1,I-20,,308,31.57279444,-102.909063890,0,24,0,0,1,1,3,0,2,10,0,10,0,0000000,5,23,5,28,5,58,0,0,0,1,0
48,480222,2,2,0,2,479,3899,13,2,2010,7,19,24,1,11,7,I-35,UGARTE,29,27.53549167,-99.502463890,0,12,6,0,2,2,1,0,3,10,0,10,0,0000000,19,24,19,32,19,59,0,0,0,1,0
48,480223,1,1,0,1,251,0,16,2,2010,3,14,19,0,6,4,305,,0,32.31409722,-97.196352780,0,10,0,0,6,1,1,0,1,1,0,1,0,416003X,88,88,88,88,88,88,0,0,0,1,0
48,480224,2,2,0,2,53,4310,17,2,2010,4,7,38,0,3,2,US-281,,334,30.56833611,-98.275700000,0,12,2,0,1,1,1,0,1,1,0,1,0,0000000,7,42,7,46,8,15,0,0,0,1,0
48,480225,1,1,0,1,233,0,18,2,2010,5,3,25,1,2,3,SR-136,,223,35.76749167,-101.422544440,0,1,0,0,1,1,1,0,2,1,0,1,0,0000000,88,88,88,88,88,88,0,0,0,1,0
48,480226,1,1,0,1,245,5470,20,2,2010,7,2,20,1,13,8,FM366,,67,29.96496944,-93.922186110,0,10,0,0,6,1,1,0,2,1,0,1,0,9999999,88,88,88,88,88,88,0,0,0,1,1
48,480227,1,1,0,2,189,5380,22,2,2010,2,18,17,1,11,1,I-27,,298,34.21171944,-101.734219440,0,1,0,0,1,1,3,0,5,4,0,4,0,0000000,18,25,18,27,18,43,0,0,0,1,0
48,480228,1,1,0,1,487,0,22,2,2010,2,21,0,1,2,3,SR-240,US-287,299,34.07668611,-99.020805560,0,59,0,0,3,3,8,0,2,10,0,10,0,0000000,21,17,21,32,21,55,0,0,0,1,1
48,480229,1,1,1,1,167,6860,27,2,2010,7,22,6,1,13,8,FM1765,25TH,24,29.38389167,-94.930650000,0,8,0,0,3,2,1,0,3,1,0,1,0,0000000,22,8,22,10,22,25,0,0,0,1,0
48,480230,2,2,0,9,21,0,28,2,2010,1,16,20,1,2,2,US-290,SR-21,194,30.21265000,-97.143950000,0,12,6,1,3,2,1,0,1,10,0,10,0,0000000,16,23,16,36,17,21,0,0,0,4,0
48,480231,1,1,0,1,29,6090,20,1,2010,4,1,5,0,16,5,RITTIMAN,,0,29.48485833,-98.416091670,0,1,0,0,1,1,1,0,3,10,0,10,0,0000000,88,88,88,88,88,88,0,0,0,1,1
48,480232,2,2,1,2,29,6090,25,1,2010,2,3,45,1,11,1,I-37,,121,29.28235000,-98.395838890,0,12,1,0,1,1,1,0,2,1,0,1,0,0000000,3,49,3,59,5,0,0,0,0,1,0
48,480233,1,1,1,1,29,6090,28,1,2010,5,23,3,1,13,8,SL13,,69,29.39291944,-98.404608330,0,15,0,0,1,1,1,0,3,2,0,2,0,0000000,23,4,23,8,23,33,0,0,0,1,0
48,480234,1,1,0,1,121,320,13,2,2010,7,1,30,0,16,5,MUSTANG,,0,33.32107500,-96.911722220,0,42,0,0,1,1,4,0,2,5,0,5,0,0000000,88,88,88,88,88,88,0,0,0,1,1
48,480235,1,1,0,1,439,6485,28,2,2010,1,1,8,0,16,5,SHADYOAKS,GARDEN,0,32.96528611,-97.159619440,0,42,0,0,3,3,4,0,2,1,0,1,0,0000000,1,10,1,17,1,46,0,0,0,1,0
48,480236,1,1,0,1,201,3280,1,1,2010,6,11,50,0,16,5,SANFELIPE,,0,29.74992222,-95.480438890,0,33,0,0,1,1,4,0,1,1,0,1,0,0000000,88,88,88,88,88,88,0,0,0,1,0
48,480237,1,1,0,1,29,6090,2,1,2010,7,9,7,1,12,3,SR-151,,70,29.43438333,-98.628880560,0,24,0,0,1,1,3,0,1,1,0,1,0,0000000,9,9,9,18,9,37,0,0,0,1,0
48,480238,1,1,0,1,113,1730,5,1,2010,3,13,0,0,16,5,FALLKIRK,,0,32.97876667,-96.773136110,0,33,0,0,1,1,4,0,1,1,0,1,0,0000000,99,99,99,99,99,99,0,0,0,1,0
48,480239,2,2,1,2,329,4560,5,1,2010,3,18,50,0,14,8,FM868,,25,32.00862222,-102.139183330,0,8,0,0,1,1,1,0,3,1,0,1,0,0000000,18,50,18,55,19,3,0,0,0,1,0
48,480240,1,1,1,1,439,2850,11,1,2010,2,6,52,1,13,3,SR-26,,134,32.91954722,-97.118583330,0,8,0,0,1,1,1,0,2,1,0,1,0,0000000,6,52,7,0,7,14,0,0,0,1,0
48,480241,4,4,0,8,113,1730,14,1,2010,5,16,45,1,13,8,SL12,,278,32.85891667,-96.752794440,0,12,6,0,5,1,1,0,1,2,0,2,0,0000000,16,59,17,8,17,34,0,0,0,1,0
48,480242,2,2,0,2,441,0,14,1,2010,5,7,25,0,3,2,US-277,,67,32.36934167,-99.853019440,0,12,8,0,1,1,1,0,1,10,0,10,0,0000000,88,88,88,88,88,88,0,0,0,1,0
48,480243,1,1,0,5,27,3690,17,1,2010,1,1,45,1,12,8,BU190F,,83,31.09583056,-97.689036110,0,42,0,0,1,1,5,0,3,1,0,1,0,0000000,1,51,1,56,2,24,0,0,0,2,1
48,480244,1,1,0,2,113,1730,23,1,2010,7,0,8,1,11,1,I-35E,,211,32.81460000,-96.866358330,0,1,0,0,1,1,10,0,3,1,0,1,0,0000000,88,88,88,88,88,88,0,0,0,2,1
48,480245,1,1,1,1,409,5450,23,1,2010,7,0,1,1,12,2,US-181,,267,27.87758611,-97.323697220,0,8,0,0,1,1,1,0,2,1,0,1,0,0000000,0,5,0,8,0,44,0,0,0,1,1
48,480246,3,3,0,5,147,6230,25,1,2010,2,8,29,1,2,2,US-82,1235,22,33.61299722,-96.338269440,0,12,1,0,3,3,1,0,1,10,0,10,0,0000000,8,33,8,46,9,26,0,0,0,2,0
48,480247,2,2,0,2,423,0,25,1,2010,2,10,30,0,4,8,FM849,,49,32.46380833,-95.458027780,0,12,6,0,4,1,1,0,1,10,0,10,0,0000000,99,99,99,99,99,99,0,0,0,1,0
48,480248,2,2,0,2,113,1730,26,1,2010,3,18,38,1,13,3,SR-310,,112,32.71686667,-96.756200000,0,12,6,0,4,1,1,0,3,1,0,1,0,0000000,18,41,18,45,19,8,0,0,0,1,0
48,480249,2,2,0,2,303,4140,26,1,2010,3,14,56,1,13,2,US-84,LP289,66,33.53014167,-101.820255560,0,12,1,0,3,2,1,0,1,1,0,1,0,0000000,88,88,88,88,88,88,0,0,0,1,0
48,480250,2,2,0,3,439,4965,30,3,2010,3,12,9,1,13,8,FM1938,MAPLEWOOD,72,32.83884722,-97.214263890,0,12,6,0,2,2,1,0,1,1,0,1,0,0000000,12,26,12,33,12,54,0,0,0,1,0
48,480251,2,2,0,2,67,0,5,2,2010,6,10,20,0,3,3,SR-8,,16,33.23738056,-94.351636110,0,12,2,0,1,1,1,0,1,1,0,1,0,0000000,88,88,88,88,88,88,0,0,0,1,0
48,480252,2,2,0,3,399,400,5,2,2010,6,10,39,1,2,2,US-67,,11,31.72749167,-99.958175000,0,12,2,0,1,1,11,0,1,1,0,1,0,0000000,10,39,10,44,11,9,0,0,0,1,1
48,480253,1,1,0,1,27,0,6,2,2010,7,0,14,0,4,8,FM1237,,214,31.19211111,-97.404647220,0,24,0,0,1,1,4,0,2,10,0,10,0,0000000,88,88,88,88,88,88,0,0,0,1,1
48,480254,1,1,1,1,113,1730,7,2,2010,1,4,44,1,11,1,I-345,,206,32.79082500,-96.791980560,0,8,0,1,5,1,1,0,3,10,0,10,0,0000000,4,50,4,56,5,12,0,0,0,1,0
48,480255,1,1,1,1,201,3280,11,2,2010,5,6,30,0,16,5,PARKPLACE,COLGATE,0,29.68546389,-95.281669440,0,8,0,0,3,2,1,0,6,2,0,2,0,0000000,88,88,88,88,88,88,0,0,0,1,0
48,480256,2,2,0,5,491,0,11,2,2010,5,21,24,0,6,4,GATTISSCHOOL,TL130,0,30.50071389,-97.580138890,0,12,6,0,2,2,1,0,2,3,0,3,0,0000000,21,30,21,35,22,11,0,0,0,1,0
48,480257,1,1,0,2,29,6090,14,2,2010,1,17,15,0,16,5,TAWNYOAK,,0,29.51051667,-98.542716670,0,5,0,0,1,1,1,0,1,10,0,10,0,0000000,99,99,17,25,17,52,0,0,0,1,0
48,480258,2,2,0,2,201,3280,15,2,2010,2,16,30,1,11,7,I-610,,231,29.68956389,-95.331694440,0,12,1,0,1,1,1,0,1,10,0,10,0,0000000,99,99,99,99,99,99,0,0,0,1,0
48,480259,1,1,1,1,479,3899,18,2,2010,5,22,13,0,16,5,SPRINGFIELD,ELM,0,27.52616111,-99.492811110,0,8,0,0,3,3,1,0,3,2,0,2,0,0000000,99,99,99,99,99,99,0,0,0,1,0
48,480260,2,2,0,4,439,260,20,2,2010,7,12,5,1,11,1,I-20,,114,32.67761944,-97.064144440,0,12,11,0,1,1,2,0,1,10,0,10,0,0000000,12,5,12,22,12,45,0,0,0,2,1
48,480261,1,1,0,1,245,5430,26,2,2010,6,3,11,0,16,5,9TH,,0,29.91698333,-93.933180560,0,42,0,0,1,1,3,0,3,1,0,1,0,0000000,88,88,88,88,88,88,0,0,0,1,0
48,480262,2,2,0,4,303,0,26,2,2010,6,14,3,1,13,2,US-62,2800,191,33.62090833,-101.765800000,0,12,6,0,2,2,1,0,1,1,0,1,0,0000000,99,99,99,99,99,99,0,0,0,1,0
48,480263,1,1,0,2,453,0,28,2,2010,1,4,0,0,14,8,RM620,,113,30.39308889,-97.875866670,0,52,0,0,1,1,4,0,2,1,0,1,0,0000000,4,3,4,10,4,47,0,0,0,1,1
48,480264,1,1,0,2,153,0,1,3,2010,2,11,51,0,4,8,FM378,,179,33.91778611,-101.513625000,0,30,0,0,1,1,4,0,1,10,0,10,0,0000000,12,10,12,35,13,49,0,0,0,1,0
48,480265,1,1,2,1,157,5760,1,3,2010,2,19,2,0,16,5,PRESTON,COLLINS,0,29.58170833,-95.771994440,0,8,0,0,3,2,1,0,3,2,0,2,0,0000000,19,5,19,8,19,27,0,0,0,1,0
48,480266,1,1,0,1,201,0,1,3,2010,2,6,40,0,6,4,SPRINGCYPRESS,,0,30.02911389,-95.559908330,0,30,0,0,1,1,4,0,4,2,0,2,0,0000000,88,88,88,88,88,88,0,0,0,1,0
48,480267,2,2,0,4,201,480,2,3,2010,3,9,48,0,16,5,GARTH,,0,29.79096667,-94.979947220,0,12,6,0,4,1,1,0,1,1,0,1,0,0000000,9,50,10,0,10,23,0,0,0,1,0
48,480268,1,1,0,3,113,1730,3,3,2010,4,23,10,0,16,5,MOCKINGBIRD,,0,32.80275278,-96.873669440,0,33,0,0,1,1,3,0,3,1,0,1,0,0000000,23,15,23,19,23,40,0,0,0,1,1
48,480269,1,1,0,1,113,1730,4,3,2010,5,4,55,0,16,5,CEDARCREST,SOUTHERLAND,0,32.72380278,-96.797338890,0,59,0,0,3,7,4,0,3,1,0,1,0,0000000,88,88,88,88,88,88,0,0,0,1,0
48,480270,1,1,0,2,113,5730,4,3,2010,5,23,39,0,16,5,ARAPAHO,,0,32.96308056,-96.747666670,0,42,0,0,1,1,3,0,3,1,0,1,0,0000000,23,39,23,42,0,8,0,0,0,1,1
48,480271,2,2,0,2,157,6660,4,3,2010,5,2,1,1,13,3,SR-6,,43,29.63390556,-95.651436110,0,12,6,0,1,1,1,0,3,1,0,1,0,0000000,88,88,88,88,88,88,0,0,0,1,0
48,480272,1,1,0,1,263,0,4,3,2010,5,12,10,0,4,3,SR-208,,246,33.08420556,-100.847197220,0,1,0,0,1,1,1,0,1,1,0,1,0,0000000,88,88,88,88,88,88,0,0,0,1,0
48,480273,2,2,0,4,339,0,4,3,2010,5,14,17,1,2,3,SR-105,LEETURNER,9,30.32343333,-95.196325000,0,12,6,0,3,1,1,0,1,1,0,1,0,0000000,14,21,14,31,15,24,0,0,0,2,0
48,480274,1,1,0,5,25,0,5,3,2010,6,23,8,0,4,8,FM888,,29,28.34518056,-97.752400000,0,35,0,0,1,1,4,0,2,1,0,1,0,0000000,23,23,0,29,1,33,0,0,0,2,0
48,480275,1,1,0,2,113,3420,5,3,2010,6,10,43,1,12,3,SR-183,,88,32.83623611,-96.900938890,0,19,0,0,1,1,5,0,1,1,0,1,0,0000000,10,44,10,50,11,6,0,0,0,1,0
48,480276,2,2,0,3,329,4560,5,3,2010,6,19,57,0,16,5,GARFIELD,WHITMIRE,0,32.03564444,-102.112266670,0,12,6,0,2,3,1,0,3,1,0,1,0,0000000,88,88,88,88,88,88,0,0,0,1,1
48,480277,1,1,0,2,339,6341,5,3,2010,6,21,10,0,16,5,DAVID MEMORIAL DR,,0,99.99990000,999.999900000,0,1,0,0,1,1,4,0,2,1,0,1,0,0000000,99,99,99,99,99,99,0,0,0,1,0
48,480278,2,2,0,3,53,0,6,3,2010,7,22,17,0,3,2,US-281,,55,30.96059444,-98.216116670,0,12,2,0,1,1,1,0,2,1,0,1,0,0000000,22,47,23,10,23,43,0,0,0,2,0
48,480279,1,1,0,1,73,0,6,3,2010,7,20,10,0,5,8,FM 768,CR 1415,60,31.92234444,-95.183705560,0,1,0,0,3,4,4,0,2,1,0,1,0,0000000,20,11,20,25,20,49,0,0,0,1,1
48,480280,1,1,1,2,113,1730,6,3,2010,7,20,34,1,11,1,I-35,,211,32.81362778,-96.865388890,0,8,0,0,1,1,1,0,3,1,0,1,0,0000000,99,99,99,99,99,99,0,0,0,1,0
48,480281,1,1,0,1,239,0,6,3,2010,7,0,41,0,4,8,FM616,,5,28.82918611,-96.608041670,0,1,0,0,1,1,4,0,2,1,0,1,0,0000000,88,88,88,88,88,88,0,0,0,1,1
48,480282,1,1,1,1,339,0,6,3,2010,7,9,48,0,4,8,FM1485,,262,30.16042222,-95.229272220,0,8,0,0,1,1,2,0,1,1,0,1,0,0000000,99,99,99,99,99,99,0,0,0,1,1
48,480283,1,1,0,2,347,0,6,3,2010,7,18,47,0,6,4,164,,0,31.78583889,-94.546483330,0,1,0,0,1,1,1,0,2,1,0,1,0,0000000,18,50,19,6,99,99,0,0,0,1,0
48,480284,1,1,0,1,445,0,6,3,2010,7,0,21,0,6,4,505,,0,33.16668889,-102.259497220,0,1,0,0,1,1,1,0,2,10,0,10,0,0000000,99,99,99,99,99,99,0,0,0,1,0
48,480285,2,2,0,2,451,0,6,3,2010,7,19,22,0,4,8,FM1223,,337,31.33354444,-100.330988890,0,12,1,0,1,1,1,0,2,10,0,10,0,0000000,19,40,19,59,20,31,0,0,0,1,0
48,480286,1,1,2,1,453,330,6,3,2010,7,7,25,0,16,5,FIRST,,0,30.21259167,-97.778700000,0,33,0,0,1,1,4,0,1,1,0,1,0,0000000,7,26,7,31,8,2,0,0,0,2,0
48,480287,2,2,0,4,499,0,6,3,2010,7,19,54,0,4,8,FM852,FM2869,16,32.93869167,-95.271075000,0,12,6,0,2,3,1,0,2,1,0,1,0,0000000,19,55,20,9,20,56,0,0,0,1,0
48,480288,2,2,0,3,29,6090,7,3,2010,1,0,10,1,12,8,SL1604,,121,29.60919444,-98.489133330,0,12,7,0,5,1,1,0,3,1,0,1,0,0000000,0,16,0,27,1,5,0,0,0,1,0
48,480289,1,1,0,1,113,1730,7,3,2010,1,22,50,0,16,5,GASTON,RICHMOND,0,32.81600833,-96.751158330,0,41,0,0,3,3,4,0,3,10,0,10,0,0000000,22,59,23,5,23,19,0,0,0,1,1
48,480290,1,1,0,1,215,0,7,3,2010,1,6,30,0,3,3,SR-107,,226,26.29379444,-98.116005560,0,1,0,0,1,1,4,0,2,2,0,2,0,0000000,88,88,88,88,88,88,0,0,0,1,1
48,480291,2,2,0,3,113,4530,8,3,2010,2,1,53,1,11,1,I-30,,223,32.80487778,-96.665686110,0,12,2,0,1,1,1,0,3,2,0,2,0,0000000,1,54,1,59,2,31,0,0,0,1,1
48,480292,1,1,0,1,201,0,8,3,2010,2,12,36,0,6,4,KUYKENDAHL,,0,30.00146111,-95.459105560,0,33,0,0,1,1,3,0,1,2,0,2,0,0000000,12,38,12,46,13,40,0,0,0,1,0
48,480293,2,2,0,3,113,1730,9,3,2010,3,7,0,1,11,1,I-30RAMP,,94,32.76692778,-96.874197220,0,12,1,0,1,1,1,0,1,1,0,1,0,0000000,88,88,88,88,88,88,0,0,0,1,0
48,480294,1,1,0,1,139,4570,9,3,2010,3,5,28,9,99,2,US-287,,99999,32.46516389,-97.002988890,0,52,0,0,1,1,3,0,2,1,0,1,0,0000000,5,32,5,38,6,38,0,0,0,1,0
48,480295,1,1,0,5,179,4240,9,3,2010,3,11,15,1,1,1,I-40,,147,35.22679722,-100.594102780,0,1,0,0,1,1,1,0,1,1,0,1,0,0000000,11,32,11,56,12,52,0,0,0,2,0
48,480296,1,1,0,1,201,0,9,3,2010,3,17,5,1,12,2,US-290,,206,29.91921944,-95.617994440,0,30,0,0,1,1,4,0,1,10,0,10,0,0000000,17,15,17,27,18,1,0,0,0,1,0
48,480297,1,1,0,4,215,5330,10,3,2010,4,22,55,0,16,5,JUAN BALLI,,0,26.13873889,-98.212622220,0,1,0,0,1,1,1,0,2,1,0,1,0,0000000,99,99,99,99,99,99,0,0,0,1,0
48,480298,2,2,0,2,319,0,10,3,2010,4,10,15,0,6,4,OAKGROVE,,0,30.89496944,-99.116269440,0,12,2,0,1,1,1,0,1,1,0,1,0,0000000,88,88,88,88,88,88,0,0,0,1,0
48,480299,1,1,0,2,439,260,10,3,2010,4,17,12,0,16,5,CREEKPARK,,0,32.65187778,-97.079777780,0,5,0,0,1,1,1,0,1,1,0,1,0,0000000,17,12,17,18,17,46,0,0,0,1,0
48,480300,2,2,0,3,53,2834,11,3,2010,5,15,53,0,4,8,RM1431,,78,30.59878333,-98.330533330,0,38,0,0,1,1,4,0,1,1,0,1,1,0000000,16,7,16,35,17,1,0,0,0,1,0
48,480301,1,1,1,1,63,5370,11,3,2010,5,19,4,0,16,5,TEXAS,,0,33.00325000,-94.970933330,0,8,0,0,1,1,1,0,2,2,0,2,0,0000000,19,6,19,10,19,26,0,0,0,1,0
48,480302,2,2,0,2,179,0,11,3,2010,5,13,33,0,4,3,SR-273,,207,35.44940833,-100.812922220,0,12,2,0,1,1,1,0,1,10,0,10,0,0000000,99,99,99,99,99,99,0,0,0,1,1
48,480303,1,1,2,1,183,3680,11,3,2010,5,6,18,0,16,5,GULFHERCULES,BURNS,0,32.38398333,-94.887725000,0,8,0,0,3,3,1,0,4,1,0,1,0,0000000,6,21,6,39,7,1,0,0,0,1,0
48,480304,1,1,0,1,439,4300,11,3,2010,5,7,59,0,16,5,BRITTON,,0,32.54886389,-97.064333330,0,10,0,0,6,1,1,0,1,1,0,1,0,765223E,88,88,88,88,88,88,0,0,0,1,0
48,480305,1,1,0,1,29,6090,12,3,2010,6,4,33,1,13,8,SS421,,108,29.47842778,-98.588888890,0,33,0,0,1,1,4,0,3,1,0,1,0,0000000,88,88,88,88,88,88,0,0,0,1,1
48,480306,2,2,0,4,41,970,12,3,2010,6,17,44,0,3,3,SR-30,,69,30.65175833,-96.268213890,0,12,6,0,8,1,1,0,1,1,0,1,0,0000000,88,88,88,88,88,88,0,0,0,1,0
48,480307,3,3,0,3,85,200,12,3,2010,6,8,46,1,13,3,SR-121,,85,33.33060000,-96.484808330,0,12,2,0,1,1,1,0,1,1,0,1,0,0000000,8,55,9,6,9,42,14,0,0,1,0
48,480308,2,2,0,2,293,0,12,3,2010,6,10,2,0,3,2,US-84,312,51,31.64941667,-96.798269440,0,12,6,0,2,3,1,1,1,1,0,1,0,0000000,88,88,88,88,88,88,14,0,0,1,0
48,480309,2,1,0,2,485,0,12,3,2010,6,22,25,1,2,2,US-287,,147,33.96635556,-98.722866670,0,14,0,0,1,1,2,0,2,1,0,1,0,0000000,88,88,88,88,88,88,0,0,0,1,0
48,480310,2,2,0,2,215,5330,13,3,2010,7,9,55,1,2,2,US-281,,41,26.09692222,-98.218008330,0,12,6,0,8,1,1,0,1,1,0,1,0,0000000,9,57,10,6,10,46,0,0,0,1,0
48,480311,1,1,0,1,309,0,13,3,2010,7,19,52,0,4,8,FM933,,64,31.68870278,-97.198380560,0,1,0,0,1,1,4,0,2,1,0,1,0,0000000,88,88,88,88,88,88,0,0,0,1,1
48,480312,2,2,0,3,499,0,13,3,2010,7,9,27,0,5,8,FM 852,,41,32.92422778,-95.243761110,0,12,2,0,1,1,1,0,1,1,0,1,0,0000000,9,31,9,37,10,19,0,0,0,1,0
48,480313,2,2,0,2,85,4445,14,3,2010,1,19,56,0,4,8,FM545,,56,33.29302222,-96.502830560,0,1,0,0,1,1,1,0,2,1,0,1,0,0000000,19,58,20,4,20,33,14,0,0,1,0
48,480314,1,1,0,1,113,1730,14,3,2010,1,21,0,0,16,5,JJLEMMON,,0,32.66230000,-96.739347220,0,38,0,0,1,1,4,0,2,1,0,1,0,0000000,88,88,88,88,88,88,0,0,0,1,1
48,480315,1,1,0,1,453,0,14,3,2010,1,0,25,9,99,8,FM2243,,99999,30.51683333,-97.921094440,0,42,0,0,1,1,4,0,2,1,0,1,0,0000000,0,26,0,34,1,9,0,0,0,1,1
48,480316,2,2,0,4,201,0,15,3,2010,2,1,0,1,12,2,US-290,,182,29.97417500,-95.701688890,0,12,1,0,1,1,1,0,3,1,0,1,0,0000000,99,99,1,3,2,17,0,0,0,2,0
48,480317,1,1,0,1,201,0,16,3,2010,3,23,57,0,3,3,SR-249,,51,30.06166667,-95.618647220,0,30,0,0,1,1,4,0,2,1,0,1,0,0000000,88,88,88,88,88,88,0,0,0,1,1
48,480319,1,1,0,1,29,6090,18,3,2010,5,1,0,0,16,5,STAHL,STORMYMEASOWS,0,29.58275556,-98.385925000,0,33,0,0,3,3,3,0,3,1,0,1,0,0000000,88,88,88,88,88,88,0,0,0,1,1
48,480320,1,1,0,2,179,0,18,3,2010,5,17,15,1,1,1,I-40,,112,35.22283333,-100.653733330,0,1,0,0,1,1,4,0,1,1,0,1,0,0000000,99,99,99,99,99,99,0,0,0,1,1
48,480321,1,1,0,1,203,0,19,3,2010,6,19,10,0,4,8,FM31,,56,32.49115833,-94.293080560,0,35,0,0,1,1,4,0,1,1,0,1,0,0000000,99,99,99,99,99,99,0,0,0,1,1
48,480322,2,2,0,3,365,0,19,3,2010,6,21,59,0,3,2,US-79,,55,32.16042778,-94.414186110,0,12,11,0,1,1,1,0,2,1,0,1,0,0000000,22,5,22,14,22,36,0,0,0,1,0
48,480323,1,1,0,1,201,0,20,3,2010,7,3,22,0,6,4,BELTWAY8,,0,29.92905278,-95.203658330,0,42,0,0,1,1,4,0,2,1,0,1,0,0000000,88,88,88,88,88,88,0,0,0,1,1
48,480324,2,2,0,2,245,0,20,3,2010,7,0,7,1,1,1,I-10,,33,29.89268889,-94.316447220,0,12,1,0,1,1,1,0,2,1,0,1,0,0000000,88,88,88,88,88,88,20,0,0,1,0
48,480325,1,1,0,1,453,330,20,3,2010,7,3,12,1,13,8,RM2222,,12,30.39264444,-97.840161110,0,42,0,0,1,1,4,0,2,10,0,10,0,0000000,88,88,88,88,88,88,0,0,0,1,1
48,480326,3,3,0,3,113,387,21,3,2010,1,8,21,1,11,1,I-635,,13,32.71921111,-96.616663890,0,12,7,0,1,1,1,0,1,4,0,4,0,0000000,8,29,8,32,8,58,0,0,0,1,0
48,480327,1,1,0,1,453,330,22,3,2010,2,6,4,0,16,5,DESSAU,,0,30.36289167,-97.668358330,0,30,0,0,1,1,4,0,2,1,0,1,0,0000000,88,88,88,88,88,88,0,0,0,1,1
48,480328,2,2,0,2,423,7070,23,3,2010,3,17,39,1,13,2,US-69,WILMA,21,32.32068333,-95.300683330,0,12,6,0,2,3,1,0,1,1,0,1,0,0000000,17,42,17,50,18,5,0,0,0,1,0