STATE,ST_CASE,VE_TOTAL,VE_FORMS,PEDS,PERSONS,COUNTY,CITY,DAY,MONTH,YEAR,DAY_WEEK,HOUR,MINUTE,NHS,ROAD_FNC,ROUTE,TWAY_ID,TWAY_ID2,MILEPT,LATITUDE,LONGITUD,SP_JUR,HARM_EV,MAN_COLL,RELJCT1,RELJCT2,TYP_INT,REL_ROAD,WRK_ZONE,LGT_COND,WEATHER1,WEATHER2,WEATHER,SCH_BUS,RAIL,NOT_HOUR,NOT_MIN,ARR_HOUR,ARR_MIN,HOSP_HR,HOSP_MN,CF1,CF2,CF3,FATALS,DRUNK_DR
48,480329,3,3,0,3,61,940,25,3,2010,5,12,42,1,13,8,BU77,,18,25.93204444,-97.510658330,0,12,1,0,1,1,1,0,1,1,0,1,0,0000000,13,2,13,7,99,99,0,0,0,1,0
48,480330,2,2,0,2,245,0,26,3,2010,6,21,39,1,12,3,SR-73,,320,29.94098333,-93.893147220,0,12,6,0,1,1,1,0,2,1,0,1,0,0000000,21,41,21,49,22,46,0,0,0,1,1
48,480331,1,1,1,1,201,0,30,3,2010,3,20,10,0,6,4,GULFBANK,MEADOWVIEW,0,29.88916111,-95.399683330,0,8,0,0,2,3,1,0,2,1,0,1,0,0000000,20,18,20,24,21,2,0,0,0,1,0
48,480332,2,2,0,3,201,0,1,1,2010,6,1,14,0,6,4,VETERANSMEMORIAL,,0,29.90197222,-95.432397220,0,12,6,0,1,1,1,0,2,1,0,1,0,0000000,1,17,1,22,1,57,0,0,0,1,2
48,480333,1,1,0,1,339,0,30,1,2010,7,0,0,0,6,4,OLDHOUSTON,,0,30.20539722,-95.307169440,0,38,0,0,1,1,5,0,2,1,0,1,0,0000000,88,88,88,88,88,88,0,0,0,1,1
48,480334,2,2,0,2,439,6060,30,1,2010,7,18,42,0,16,5,LONGHORN,,0,32.84795000,-97.374883330,0,12,2,0,1,1,1,0,1,1,0,1,0,0000000,99,99,18,46,19,21,0,0,0,1,0
48,480335,2,2,0,2,439,0,1,2,2010,2,2,8,0,4,8,FM718,,15,32.98584444,-97.451305560,0,12,2,0,1,1,1,0,2,10,0,10,0,0000000,99,99,99,99,99,99,0,0,0,1,1
48,480336,3,3,0,5,277,710,5,2,2010,6,19,25,1,2,2,US-82,13200,172,33.66140556,-95.402183330,0,12,1,0,2,3,1,0,2,1,0,1,0,0000000,88,88,88,88,88,88,0,0,0,1,0
48,480337,1,1,0,1,119,0,7,2,2010,1,0,46,0,5,8,FM1880,,20,33.34725278,-95.692397220,0,42,0,0,1,1,4,0,2,10,0,10,0,0000000,0,39,0,47,1,42,0,0,0,1,1
48,480338,2,2,0,2,85,0,13,2,2010,7,17,45,0,5,8,FM1827,,80,33.22276389,-96.546925000,0,12,6,0,1,1,1,0,1,1,0,1,0,0000000,17,48,17,54,18,3,0,0,0,1,2
48,480339,1,1,1,1,147,0,15,2,2010,2,6,35,0,4,8,FM273,AMY,9,33.62431944,-96.166822220,0,8,0,0,3,3,1,0,2,1,0,1,1,0000000,6,42,6,46,7,3,0,0,0,1,0
48,480340,1,1,1,1,61,3030,3,3,2010,4,22,58,1,13,8,BU77,,114,26.20273056,-97.683775000,0,8,0,0,1,1,1,0,2,1,0,1,0,0000000,88,88,88,88,88,88,0,0,0,1,0
48,480341,1,1,1,3,453,330,4,3,2010,5,19,36,0,16,5,CAMERON,RADCLIFF,0,30.32710000,-97.691747220,0,8,0,0,3,3,1,0,3,1,0,1,0,0000000,19,38,19,40,19,57,0,0,0,1,0
48,480342,2,2,0,5,215,0,7,3,2010,1,3,12,0,5,8,FM1423,CANTON,23,26.26358056,-98.072613890,0,12,6,0,2,2,1,0,2,1,0,1,0,0000000,99,99,99,99,99,99,0,0,0,1,0
48,480343,2,2,0,2,15,0,11,3,2010,5,7,4,1,2,3,SR-36,,35,29.82888889,-96.167213890,0,12,2,0,1,1,1,0,1,5,0,5,0,0000000,7,13,7,37,8,2,0,0,0,1,1
48,480344,1,1,1,1,61,940,12,3,2010,6,7,49,0,16,5,OLDPORTISABEL,,0,25.93495278,-97.472711110,0,8,0,0,1,1,4,0,1,1,0,1,0,0000000,7,52,8,4,8,21,0,0,0,1,0
48,480345,1,1,0,3,291,0,12,3,2010,6,3,11,0,6,4,2068,,0,30.23702778,-94.739122220,0,42,0,0,1,1,4,0,2,1,0,1,0,0000000,3,17,3,22,4,50,20,0,0,2,0
48,480346,2,2,0,2,481,0,13,3,2010,7,19,46,1,2,2,US-59,,281,29.40513889,-96.065869440,0,12,6,0,1,1,1,0,2,1,0,1,0,0000000,88,88,88,88,88,88,0,0,0,1,0
48,480347,1,1,0,1,249,0,14,3,2010,1,4,0,0,4,8,FM3376,,18,27.78640278,-98.057677780,0,52,0,0,1,1,4,0,6,1,0,1,0,0000000,88,88,88,88,88,88,0,0,0,1,1
48,480348,2,2,0,2,265,0,14,3,2010,1,12,10,0,6,4,HASENWINKEL,,0,30.08773611,-98.961452780,0,1,0,0,1,1,1,0,1,1,0,1,0,0000000,99,99,99,99,99,99,14,0,0,1,0
48,480349,2,2,0,4,15,0,16,3,2010,3,17,35,0,4,3,SR-159,,2,29.97839444,-96.574286110,0,12,6,0,1,1,4,0,1,2,0,2,0,0000000,17,48,18,1,18,43,0,0,0,3,0
48,480350,2,2,0,5,41,1440,17,3,2010,4,14,36,0,13,8,FM60,COPPERFIELD,100,30.65057500,-96.295444440,0,12,6,0,2,2,1,1,1,1,0,1,0,0000000,14,36,14,43,15,3,0,0,0,1,0
48,480352,2,2,0,2,183,0,18,3,2010,5,18,37,0,3,3,SR-149,,318,32.37731667,-94.632197220,0,12,2,0,1,1,1,0,1,1,0,1,0,0000000,18,37,18,41,19,25,0,0,0,1,0
48,480353,1,1,0,3,61,0,20,3,2010,7,12,20,0,4,8,FM510,,157,26.13078333,-97.397275000,0,1,0,0,1,1,4,0,1,2,0,2,0,0000000,99,99,99,99,99,99,0,0,0,1,1
48,480354,1,1,0,1,157,0,21,3,2010,1,8,46,0,6,4,KATYFLEWELLEN,GASTON,0,29.75437500,-95.834908330,0,38,0,0,3,4,4,0,9,99,0,99,0,0000000,88,88,88,88,88,88,0,0,0,1,1
48,480355,1,1,0,1,321,0,22,3,2010,2,21,0,0,4,8,FM521,,18,28.83595278,-95.868244440,0,38,0,0,1,1,4,0,2,1,0,1,0,0000000,88,88,88,88,88,88,0,0,0,1,1
48,480356,1,1,0,1,365,0,24,3,2010,4,21,15,0,5,8,FM124,,23,32.17009167,-94.509630560,0,24,0,0,1,1,4,0,2,2,0,2,0,0000000,88,88,88,88,88,88,0,0,0,1,0
48,480357,2,2,0,2,421,0,24,3,2010,4,6,36,1,2,2,US-54,,21,36.35780278,-102.029600000,0,12,8,0,1,1,4,0,2,10,0,10,0,0000000,6,38,6,50,7,47,0,0,0,1,0
48,480358,2,2,0,2,309,0,25,3,2010,5,21,40,0,4,8,FM1858,FM3149,51,31.75889722,-97.155661110,0,12,6,0,2,7,1,1,2,1,0,1,0,0000000,88,88,88,88,88,88,0,0,0,1,1
48,480359,1,1,0,1,321,0,26,3,2010,6,1,34,0,6,4,126,,0,29.01309444,-95.905194440,0,38,0,0,1,1,4,0,2,1,0,1,0,0000000,88,88,88,88,88,88,0,0,0,1,1
48,480360,1,1,0,1,459,0,27,3,2010,7,7,25,0,6,4,WHITEOAK,,0,32.57338056,-94.885386110,0,30,0,0,1,1,4,0,1,1,0,1,0,0000000,99,99,99,99,99,99,0,0,0,1,0
48,480361,1,1,0,1,309,0,28,3,2010,1,19,47,0,4,8,FM939,,59,31.63219167,-96.884908330,0,43,0,0,1,1,4,0,1,1,0,1,0,0000000,99,99,99,99,99,99,0,0,0,1,1
48,480362,2,2,0,4,361,0,28,3,2010,1,13,5,0,3,8,FM105,SAWMILL,41,30.18072778,-94.024213890,0,12,6,0,2,3,1,0,1,1,0,1,0,0000000,13,8,13,15,99,99,0,0,0,1,0
48,480363,1,1,0,1,337,0,29,3,2010,2,5,30,0,4,8,FM1125,,131,33.44220278,-97.921744440,0,11,0,0,1,1,1,0,2,1,0,1,0,0000000,88,88,88,88,88,88,0,0,0,1,0
48,480364,2,2,0,2,113,1730,30,3,2010,3,2,15,0,16,5,WALNUTHILL,SHADY,0,32.88116389,-96.890366670,0,12,1,0,2,2,1,0,2,1,0,1,0,0000000,88,88,88,88,88,88,0,0,0,1,1
48,480365,2,2,0,3,237,0,30,3,2010,3,14,11,0,3,2,US-281,SR-199,380,33.13636667,-98.078941670,0,12,6,0,2,4,1,0,1,1,0,1,0,0000000,88,88,88,88,88,88,0,0,0,2,0
48,480366,2,2,0,3,373,0,31,3,2010,4,15,25,0,3,3,SR-146,,54,30.65198056,-94.877544440,0,12,2,0,1,1,1,0,1,1,0,1,0,0000000,15,30,15,38,16,32,0,0,0,1,0
48,480367,1,1,0,1,201,0,1,1,2010,6,4,8,0,6,4,BELTWAY8,,0,29.93739444,-95.481947220,0,39,0,0,1,1,3,0,3,1,0,1,0,0000000,88,88,88,88,88,88,0,0,0,1,1
48,480368,4,4,0,8,121,2395,5,1,2010,3,16,7,1,13,2,US-377,STONECREST,75,33.07103056,-97.201858330,0,12,1,0,2,3,1,0,1,1,0,1,0,0000000,16,7,16,15,17,54,0,0,0,1,0
48,480369,1,1,1,2,135,5030,9,1,2010,7,18,43,0,14,8,FM1882,13TH,15,31.84702778,-102.391213890,0,8,0,0,3,2,1,0,2,1,0,1,0,0000000,18,44,18,49,19,1,0,0,0,1,0
48,480370,2,2,0,2,201,3280,12,1,2010,3,14,47,0,16,5,HOLLYHALL,,0,29.68693889,-95.380719440,0,12,2,0,1,1,1,0,1,1,0,1,0,0000000,14,48,14,56,16,37,0,0,0,1,0
48,480371,2,2,0,5,185,0,13,1,2010,4,18,10,0,4,3,SR-105,FM362,57,30.35290833,-95.992658330,0,12,6,0,2,3,1,0,2,1,0,1,0,0000000,18,22,18,27,99,99,0,0,0,1,0
48,480372,1,1,1,1,485,7490,16,1,2010,7,6,13,0,16,5,FAIRWAY,WILLOWBEND,0,33.88441111,-98.560825000,0,8,0,0,2,3,1,0,3,2,0,2,0,0000000,6,14,6,18,6,44,0,0,0,1,0
48,480373,1,1,1,2,201,3280,17,1,2010,1,16,45,0,16,5,MARTINLUTHERKING,,0,29.67054167,-95.337172220,0,8,0,0,1,1,4,0,1,1,0,1,0,0000000,16,48,16,52,17,19,0,0,0,1,0
48,480374,2,2,0,4,395,0,20,1,2010,4,18,58,1,2,2,US-79,,25,30.84873611,-96.617072220,0,12,6,0,1,1,1,0,2,1,0,1,0,0000000,19,4,19,23,20,14,0,0,0,1,1
48,480375,2,2,0,5,355,1550,22,1,2010,6,21,28,1,12,2,US-181,,15,27.83876667,-97.377411110,0,12,1,0,1,1,1,0,3,10,0,10,0,0000000,99,99,99,99,99,99,19,0,0,1,1
48,480376,2,2,0,2,201,3280,6,2,2010,7,2,20,1,12,2,US-59,,57,29.77708333,-95.340255560,0,12,2,0,1,1,1,0,3,1,0,1,0,0000000,99,99,99,99,99,99,0,0,0,1,1
48,480377,1,1,0,1,449,0,16,2,2010,3,14,58,1,1,7,I-30,,20,33.16023611,-95.091069440,0,52,0,0,1,1,4,0,1,1,0,1,0,0000000,88,88,88,88,88,88,0,0,0,1,1
48,480378,2,2,0,2,73,3470,19,2,2010,6,22,40,1,13,2,US-79,LP456,54,31.97016111,-95.228586110,0,12,6,0,2,3,1,0,3,1,0,1,0,0000000,88,88,88,88,88,88,0,0,0,1,1
48,480379,1,1,0,6,47,0,6,3,2010,7,6,15,0,4,8,FM755,,141,26.85018611,-98.322658330,0,1,0,0,1,1,4,0,4,2,0,2,0,0000000,11,25,11,56,12,50,0,0,0,1,0
48,480380,2,2,0,3,453,330,7,3,2010,1,22,15,1,13,8,RM2222,,82,30.34257500,-97.762880560,0,12,6,0,1,1,1,0,3,2,0,2,0,0000000,99,99,99,99,99,99,0,0,0,1,0
48,480381,2,2,0,3,133,0,8,3,2010,2,11,0,1,1,1,I-20,,243,32.43215278,-98.712361110,0,12,6,0,1,1,1,0,1,10,0,10,0,0000000,11,4,11,13,11,54,0,0,0,1,0
48,480382,2,2,0,3,251,0,10,3,2010,4,15,41,1,2,2,US-67,,41,32.30574167,-97.548144440,0,12,8,0,1,1,2,0,1,1,0,1,0,0000000,88,88,88,88,88,88,0,0,0,1,0
48,480384,2,2,0,7,55,0,17,3,2010,4,9,49,1,2,2,US-183,,204,29.74987500,-97.654605560,0,12,2,0,1,1,1,0,1,1,0,1,0,0000000,99,99,99,99,99,99,0,0,0,2,0
48,480385,2,2,0,3,67,310,18,3,2010,5,16,9,1,13,2,US-59,EMMALENA,130,33.11806389,-94.181091670,0,12,1,0,3,2,1,0,1,1,0,1,0,0000000,99,99,99,99,99,99,0,0,0,2,0
48,480386,1,1,0,1,13,0,20,3,2010,7,3,0,0,5,8,FM1470,,33,29.07245000,-98.535755560,0,1,0,0,1,1,4,0,2,2,0,2,0,0000000,88,88,88,88,88,88,0,0,0,1,0
48,480387,2,2,0,4,109,0,20,3,2010,7,8,30,1,1,1,I-10,,86,31.06539722,-104.247583330,0,12,6,0,1,1,1,0,1,4,0,4,0,0000000,12,29,13,14,13,54,0,0,0,2,0
48,480388,2,2,0,3,423,0,20,3,2010,7,11,5,1,13,3,SR-110,,69,32.25571667,-95.237441670,0,12,6,0,1,1,1,0,1,2,0,2,0,0000000,99,99,99,99,99,99,0,0,0,1,0
48,480389,1,1,0,3,215,0,21,3,2010,1,10,45,0,6,4,MINNESOTA,,0,26.26578056,-98.373497220,0,1,0,0,1,1,4,0,1,1,0,1,0,0000000,99,99,99,99,99,99,0,0,0,1,0
48,480391,2,2,0,2,221,0,25,3,2010,5,6,55,1,2,2,US-377,,93,32.41713889,-97.859858330,0,12,6,0,1,1,1,0,4,1,0,1,0,0000000,88,88,88,88,88,88,0,0,0,1,0
48,480392,1,1,0,1,143,0,26,3,2010,6,3,30,1,2,2,US-67,,165,32.20147222,-98.153227780,0,38,0,0,1,1,5,0,2,1,0,1,0,0000000,88,88,88,88,88,88,0,0,0,1,1
48,480393,1,1,0,1,339,0,28,3,2010,1,2,0,0,6,4,WALKER,,0,30.35787778,-95.284702780,0,38,0,0,1,1,5,0,2,1,0,1,0,0000000,88,88,88,88,88,88,0,0,0,1,1
48,480394,1,1,0,1,31,0,30,3,2010,3,7,39,0,4,8,RM165,,111,30.14542500,-98.260516670,0,35,0,0,1,1,4,0,2,1,0,1,0,0000000,88,88,88,88,88,88,0,0,0,1,0
48,480395,1,1,1,1,215,0,31,3,2010,4,21,3,0,14,8,FM2221,,206,26.32580556,-98.380052780,0,9,0,0,1,1,1,0,2,1,0,1,0,0000000,88,88,88,88,88,88,0,0,0,1,0
48,480396,2,2,0,5,273,3700,1,1,2010,6,2,40,0,15,8,5,CECIL,58,27.48872500,-97.867819440,0,1,0,0,2,3,1,0,2,1,0,1,0,0000000,2,48,2,50,3,59,0,0,0,2,1
48,480397,1,1,1,2,201,3280,31,1,2010,1,3,30,1,11,1,I-45,,247,29.76360556,-95.370233330,0,8,0,0,1,1,1,0,3,1,0,1,0,0000000,88,88,88,88,88,88,0,0,0,1,0
48,480398,3,3,0,6,91,1012,6,2,2010,7,11,28,0,3,3,SR-46,,27,29.80639167,-98.511272220,0,12,6,0,1,1,1,0,1,1,0,1,0,0000000,11,56,12,2,12,28,0,0,0,1,0
48,480399,2,2,0,3,257,0,11,2,2010,5,14,35,0,4,8,FM548,,16,32.78276389,-96.399622220,0,12,6,0,1,1,1,0,1,4,8,4,0,0000000,88,88,88,88,88,88,0,0,0,1,0
48,480400,1,1,0,2,223,0,19,2,2010,6,21,15,0,6,4,3351,,0,33.12301389,-95.395125000,0,35,0,0,1,1,4,0,2,10,0,10,0,0000000,21,16,21,33,88,88,0,0,0,1,1
48,480401,1,1,0,1,449,0,26,2,2010,6,23,23,0,3,8,FM1402,,127,33.22806111,-94.946208330,0,1,0,0,1,1,4,0,2,2,0,2,0,0000000,88,88,88,88,88,88,0,0,0,1,1
48,480402,2,2,0,3,157,0,28,2,2010,1,17,35,0,6,4,AVENUEE,,0,99.99990000,999.999900000,9,12,1,0,1,1,1,0,1,1,0,1,0,0000000,88,88,88,88,88,88,0,0,0,1,0
48,480403,1,1,0,2,201,0,10,3,2010,4,3,40,0,16,5,LOGCRADLE,,0,29.88188056,-95.612338890,0,33,0,0,1,1,4,0,3,10,0,10,0,0000000,88,88,88,88,88,88,0,0,0,1,1
48,480404,2,2,0,3,201,3280,14,3,2010,1,3,23,0,16,5,BROADWAY,,0,29.72555278,-95.278694440,0,12,8,0,1,1,1,0,3,1,0,1,0,0000000,88,88,88,88,88,88,0,0,0,2,1
48,480405,2,2,0,4,303,4140,17,3,2010,4,13,56,1,12,2,US-82,ZENITH,185,33.59726667,-101.809733330,0,12,6,0,2,7,1,0,1,1,0,1,0,0000000,13,59,14,5,14,22,0,0,0,1,0
48,480406,1,1,0,1,61,0,25,3,2010,5,22,0,0,6,4,POMELO,,0,26.23445556,-97.806988890,0,1,0,0,1,1,4,0,2,1,0,1,0,0000000,88,88,88,88,88,88,0,0,0,1,1
48,480407,1,1,0,1,157,3280,26,3,2010,6,6,50,0,16,5,RIDGECREEK,,0,29.59658611,-95.475311110,0,42,0,0,1,1,4,0,6,1,0,1,0,0000000,88,88,88,88,88,88,0,0,0,1,1
48,480408,1,1,0,1,385,0,27,3,2010,7,12,30,0,4,8,RR337,,323,29.74056944,-99.611127780,0,24,0,0,1,1,4,0,1,1,0,1,0,0000000,88,88,88,88,88,88,0,0,0,1,0
48,480409,1,1,0,1,407,0,27,3,2010,7,10,3,0,4,8,FM223,,21,30.49696111,-94.971872220,0,42,0,0,1,1,4,0,1,1,0,1,0,0000000,10,20,10,44,11,34,0,0,0,1,0
48,480410,2,2,0,5,19,0,28,3,2010,1,12,57,0,4,8,FM470,,85,29.67658889,-99.394633330,0,12,6,0,1,1,1,0,1,1,0,1,0,0000000,13,14,13,29,14,22,0,0,0,1,0
48,480411,3,3,0,4,367,0,28,3,2010,1,10,35,0,4,3,SR-171,,126,32.62748889,-97.694302780,0,12,8,0,1,1,1,0,1,1,0,1,0,0000000,99,99,99,99,99,99,0,0,0,1,0
48,480412,1,1,1,2,143,0,31,3,2010,4,20,56,0,4,8,FM2303,,20,32.27790833,-98.299886110,0,8,0,0,1,1,1,0,2,1,0,1,0,0000000,21,3,21,10,21,29,0,0,0,1,0
48,480413,2,2,0,4,135,0,7,1,2010,5,15,5,0,14,8,FM2020,,85,31.85922222,-102.422211110,0,12,2,0,1,1,1,0,1,1,0,1,0,0000000,15,14,15,20,15,45,0,0,0,1,0
48,480414,2,2,0,2,389,0,14,1,2010,5,9,9,1,1,1,I-20,,531,31.41500833,-103.414166670,0,12,1,0,1,1,1,0,1,5,0,5,0,0000000,99,99,99,99,99,99,19,0,0,1,0
48,480415,1,1,1,2,245,490,30,1,2010,7,21,5,0,16,5,LUCAS,CLEVELAND,0,30.12562778,-94.122022220,0,33,0,0,2,3,4,0,3,10,0,10,0,0000000,21,12,21,22,21,33,0,0,0,1,1
48,480416,1,1,0,1,3,0,1,2,2010,2,9,13,0,4,8,FM181,,65,32.47861389,-102.815036110,0,1,0,0,1,1,4,0,1,1,0,1,0,0000000,88,88,88,88,88,88,0,0,0,1,0
48,480417,2,2,0,8,167,2570,6,2,2010,7,2,26,1,13,3,SR-87,51ST,59,29.29158056,-94.824058330,0,12,6,0,2,2,1,0,3,1,0,1,0,0000000,2,27,2,35,3,1,0,0,0,1,0
48,480418,2,2,0,2,61,940,7,2,2010,1,16,58,0,14,8,FM511,JAIME,151,25.88788889,-97.417852780,0,12,6,0,2,3,1,0,1,1,0,1,0,0000000,16,59,17,7,17,59,0,0,0,1,0
48,480419,2,2,0,5,329,0,12,2,2010,6,17,5,1,13,3,SR-349,130,112,31.94311389,-102.064608330,0,12,6,0,2,2,1,0,1,1,0,1,0,0000000,17,8,17,15,17,34,0,0,0,1,0
48,480420,1,1,0,2,3,0,14,2,2010,1,13,10,0,3,3,SR-176,,10,32.42824167,-103.066155560,0,1,0,0,1,1,4,0,1,10,0,10,0,0000000,13,10,13,22,14,2,0,0,0,1,0
48,480421,1,1,0,1,165,0,14,2,2010,1,16,55,0,4,3,SR-83,,96,32.94420556,-102.659852780,0,1,0,0,1,1,4,0,1,1,0,1,0,0000000,88,88,88,88,88,88,0,0,0,1,0
48,480422,1,1,0,2,291,0,16,2,2010,3,14,0,0,6,4,143,,0,29.99057778,-94.744441670,0,1,0,0,1,1,1,0,1,1,0,1,0,0000000,99,99,99,99,99,99,0,0,0,1,0
48,480423,1,1,0,1,135,0,19,2,2010,6,1,30,0,6,4,SIERRA,,0,31.87522500,-102.496136110,0,38,0,0,1,1,4,0,2,1,0,1,0,0000000,88,88,88,88,88,88,0,0,0,1,1
48,480424,2,2,0,2,291,9997,10,3,2010,4,5,2,0,3,3,SR-146,,5,29.89873333,-94.896616670,0,12,2,0,1,1,1,0,2,5,0,5,0,0000000,5,3,5,8,5,49,0,0,0,1,0
48,480425,2,2,0,2,201,0,15,3,2010,2,14,35,0,4,8,FM2100,,83,30.06123056,-95.088833330,0,12,2,0,1,1,1,0,1,1,0,1,0,0000000,14,48,15,5,15,23,0,0,0,1,0
48,480427,1,1,0,1,27,0,18,3,2010,5,18,10,0,6,4,OLD95,,0,31.04306111,-97.343930560,0,30,0,0,1,1,4,0,1,1,0,1,0,0000000,18,16,18,18,18,36,0,0,0,1,0
48,480428,1,1,0,1,135,5030,18,3,2010,5,3,0,1,12,3,SR-191,,19,31.87842500,-102.403097220,0,30,0,0,1,1,4,0,3,1,0,1,0,0000000,99,99,99,99,99,99,0,0,0,1,0
48,480429,2,2,0,2,439,0,20,3,2010,7,2,10,0,13,8,FM1187,,15,32.59100833,-97.509413890,0,12,2,0,1,1,1,0,2,10,0,10,0,0000000,2,14,2,23,3,16,0,0,0,1,1
48,480430,3,3,0,3,453,330,22,3,2010,2,17,26,0,13,8,RM2222,,59,30.35521389,-97.782869440,0,12,6,0,1,1,1,0,1,1,0,1,0,0000000,17,27,17,34,18,1,0,0,0,1,0
48,480431,2,2,0,4,423,0,27,3,2010,7,4,18,1,1,1,I-20,,295,32.43787778,-95.099833330,0,12,1,0,1,1,1,0,2,1,0,1,0,0000000,4,49,5,8,5,38,0,0,0,3,1
48,480432,1,1,0,1,65,0,28,3,2010,1,0,38,0,6,4,J,8,0,35.29626944,-101.452544440,0,1,0,0,2,2,4,0,2,10,0,10,0,0000000,88,88,88,88,88,88,0,0,0,1,0
48,480433,1,1,1,1,481,2130,29,3,2010,2,16,24,0,16,5,MECHANIC,THOMPSON,0,29.18476667,-96.261033330,0,9,0,0,3,3,1,0,1,10,0,10,0,0000000,88,88,88,88,88,88,0,0,0,1,0
48,480434,2,2,0,2,15,0,1,4,2010,5,12,25,1,2,3,SR-36,,30,29.65330833,-96.102813890,0,12,2,0,1,1,2,0,1,1,0,1,0,0000000,12,40,12,58,13,27,0,0,0,1,0
48,480435,1,1,0,2,113,3880,1,4,2010,5,1,39,1,11,7,I-20,,152,32.64235556,-96.797791670,0,42,0,0,1,1,4,0,2,10,0,10,0,0000000,88,88,88,88,88,88,0,0,0,2,1
48,480436,4,4,0,6,171,0,1,4,2010,5,12,30,1,13,2,US-290,,23,30.24424722,-98.844763890,0,12,1,0,1,1,1,0,1,1,0,1,0,0000000,12,41,12,50,13,4,14,0,0,1,0
48,480437,2,2,0,5,213,0,1,4,2010,5,23,0,0,5,8,FM2709,,71,32.30207778,-95.885930560,0,12,2,0,1,1,1,0,2,1,0,1,0,0000000,23,3,23,15,0,24,0,0,0,1,1
48,480438,2,2,0,3,467,7510,1,4,2010,5,16,30,0,3,2,US-80,3523,61,32.70033889,-95.974072220,0,12,6,0,2,3,1,0,1,1,0,1,0,0000000,16,51,16,56,17,39,0,0,0,1,0
48,480439,2,2,0,2,61,940,2,4,2010,6,13,3,0,15,8,FM803,CALIFORNIA,16,26.05233333,-97.527925000,0,12,6,0,2,3,1,0,1,1,0,1,0,0000000,13,10,13,12,13,31,0,0,0,1,0
48,480440,1,1,0,4,131,580,2,4,2010,6,2,58,0,4,3,SR-359,,274,27.59944444,-98.406802780,0,1,0,0,1,1,4,0,2,1,0,1,0,0000000,3,7,3,22,3,52,0,0,0,1,1
48,480441,2,2,0,2,347,0,2,4,2010,6,14,46,0,3,3,SR-21,,389,31.50650278,-94.353011110,0,12,6,0,1,1,4,0,1,1,0,1,0,0000000,14,47,15,8,15,53,0,0,0,1,0
48,480442,1,1,0,1,189,0,3,4,2010,7,20,23,0,6,4,G,,0,33.87465556,-101.993572220,0,1,0,0,1,1,1,0,5,1,0,1,0,0000000,88,88,88,88,88,88,0,0,0,1,1
48,480443,1,1,0,1,473,0,3,4,2010,7,22,50,0,6,4,BLINKA,,0,29.98233333,-95.973644440,0,5,0,0,1,1,1,0,2,1,0,1,0,0000000,88,88,88,88,88,88,0,0,0,1,1
48,480444,1,1,0,1,201,3280,4,4,2010,1,4,8,0,16,5,SOWDEN,,0,29.82636667,-95.495225000,0,34,0,0,1,1,4,0,3,10,0,10,0,0000000,88,88,88,88,88,88,0,0,0,1,1
48,480445,1,1,0,3,215,5330,4,4,2010,1,4,51,1,13,2,US-281,THOMAS,445,26.13039722,-98.194825000,0,46,0,0,3,2,4,1,3,10,0,10,0,0000000,4,53,5,0,5,20,0,0,0,1,1
48,480446,1,1,0,4,217,0,4,4,2010,1,2,35,0,6,4,LINDA,,0,32.08862778,-97.048813890,0,42,0,0,1,1,4,0,2,1,0,1,0,0000000,2,58,3,14,3,57,0,0,0,1,1
48,480447,1,1,0,1,309,0,4,4,2010,1,19,55,0,6,4,BUCKELLEN,,0,31.37218056,-97.337622220,0,38,0,0,1,1,5,0,5,10,0,10,0,0000000,88,88,88,88,88,88,0,0,0,1,0
48,480448,1,1,0,1,439,4300,4,4,2010,1,10,49,9,99,3,SR-360,LONESTAR,99999,32.54522222,-97.084036110,0,1,0,0,2,2,1,0,1,10,0,10,0,0000000,10,50,10,55,11,12,0,0,0,1,0
48,480449,2,2,0,3,491,5990,4,4,2010,1,4,55,0,16,5,45TOLLWAY,,0,30.48439167,-97.653344440,0,12,2,0,1,1,1,0,3,10,0,10,0,0000000,99,99,99,99,99,99,0,0,0,2,2
48,480450,1,1,0,2,321,0,5,4,2010,2,2,0,0,4,3,SR-60,,18,29.12558611,-95.982786110,0,1,0,0,1,1,4,0,2,1,0,1,0,0000000,99,99,99,99,99,99,0,0,0,2,0
48,480451,2,2,0,3,373,0,5,4,2010,2,9,47,1,2,2,US-59,,363,30.64814722,-94.944952780,0,12,1,0,1,1,1,0,1,1,0,1,0,0000000,9,54,10,6,10,45,0,0,0,2,1
48,480452,1,1,0,2,409,0,5,4,2010,2,12,33,0,3,3,SR-35,,71,27.92804722,-97.213283330,0,35,0,0,1,1,4,0,1,1,0,1,0,0000000,88,88,88,88,88,88,0,0,0,2,0
48,480453,2,2,0,3,55,0,6,4,2010,3,22,45,0,3,3,SR-80,,44,29.71568056,-97.724552780,0,12,2,0,1,1,1,0,2,1,0,1,0,0000000,22,50,23,20,23,56,0,0,0,2,2
48,480454,2,2,0,3,149,0,6,4,2010,3,18,39,0,3,2,US-77,,222,29.78826667,-96.909922220,0,12,2,0,1,1,4,0,1,1,0,1,0,0000000,18,46,19,2,19,39,0,0,0,2,0
48,480455,1,1,0,8,409,0,6,4,2010,3,0,25,1,1,1,I-37,,13,27.91455833,-97.636061110,0,1,0,0,1,1,1,0,3,10,0,10,0,0000000,0,43,1,0,1,39,0,0,0,1,0