STATE,ST_CASE,VE_TOTAL,VE_FORMS,PEDS,PERSONS,COUNTY,CITY,DAY,MONTH,YEAR,DAY_WEEK,HOUR,MINUTE,NHS,ROAD_FNC,ROUTE,TWAY_ID,TWAY_ID2,MILEPT,LATITUDE,LONGITUD,SP_JUR,HARM_EV,MAN_COLL,RELJCT1,RELJCT2,TYP_INT,REL_ROAD,WRK_ZONE,LGT_COND,WEATHER1,WEATHER2,WEATHER,SCH_BUS,RAIL,NOT_HOUR,NOT_MIN,ARR_HOUR,ARR_MIN,HOSP_HR,HOSP_MN,CF1,CF2,CF3,FATALS,DRUNK_DR
48,480456,1,1,0,1,453,330,6,4,2010,3,2,57,1,11,7,I-35,,219,30.31814444,-97.706919440,0,24,0,0,1,1,4,0,2,1,0,1,0,0000000,88,88,88,88,88,88,0,0,0,1,1
48,480457,1,1,1,1,459,2047,6,4,2010,3,11,53,1,2,3,SR-300,,210,32.60487778,-94.834255560,0,8,0,0,1,1,1,0,1,1,0,1,0,0000000,88,88,88,88,88,88,0,0,0,1,0
48,480458,1,1,0,1,407,0,7,4,2010,4,22,5,0,3,8,FM2025,,60,30.48327222,-95.136169440,0,58,0,0,1,1,4,0,2,10,0,10,0,0000000,88,88,88,88,88,88,0,0,0,1,0
48,480459,1,1,0,5,73,0,8,4,2010,5,22,14,0,4,8,FM23,,28,31.75988056,-95.167022220,0,42,0,0,1,1,4,0,2,1,0,1,0,0000000,22,22,22,25,22,55,0,0,0,1,0
48,480460,2,1,0,2,339,0,8,4,2010,5,10,14,1,12,7,US-59,,124,30.11491667,-95.233772220,0,45,0,0,1,1,1,2,1,1,0,1,0,0000000,88,88,88,88,88,88,0,0,0,1,0
48,480461,1,1,0,3,433,0,8,4,2010,5,22,19,0,3,2,US-83,,42,33.35439722,-100.232575000,0,1,0,0,1,1,4,0,2,1,0,1,0,0000000,99,99,99,99,99,99,0,0,0,1,0
48,480462,1,1,1,1,139,7270,9,4,2010,6,2,26,1,11,1,I-35,,293,32.49063611,-96.826472220,0,8,0,0,1,1,1,0,2,1,0,1,0,0000000,88,88,88,88,88,88,0,0,0,1,0
48,480463,2,2,0,2,397,0,9,4,2010,6,11,36,0,4,3,SR-276,FM548,46,32.89972222,-96.339916670,0,12,6,0,2,2,1,0,1,1,0,1,0,0000000,12,57,13,9,88,88,0,0,0,1,1
48,480464,1,1,0,1,405,0,9,4,2010,6,12,40,0,3,3,SR-147,,53,31.39974722,-94.184894440,0,1,0,0,1,1,1,0,1,1,0,1,0,0000000,88,88,88,88,88,88,0,0,0,1,0
48,480465,1,1,0,2,1,5170,10,4,2010,7,0,27,0,16,5,SPRING,,0,31.76238333,-95.641650000,0,33,0,0,1,1,4,0,3,1,0,1,0,0000000,0,35,0,41,1,1,0,0,0,1,1
48,480466,2,2,0,2,113,1730,10,4,2010,7,9,55,0,16,5,COCKRELLHILL,SHELLEY,0,32.72833611,-96.891530560,0,12,6,0,2,3,1,0,1,1,0,1,0,0000000,9,59,10,1,10,33,0,0,0,1,0
48,480467,2,2,0,3,227,0,10,4,2010,7,7,20,0,3,3,SR-350,RICE,41,32.30616389,-101.450008330,0,12,6,0,2,3,1,0,4,10,0,10,0,0000000,7,23,7,28,8,1,0,0,0,1,0
48,480468,1,1,0,3,241,3480,10,4,2010,7,6,11,1,13,2,US-96,,178,31.13834167,-93.989122220,0,24,0,0,1,1,4,0,2,1,0,1,0,0000000,7,32,8,2,8,55,0,0,0,1,1
48,480469,1,1,0,2,403,0,10,4,2010,7,23,4,9,99,9,FM130,,99999,31.32143611,-93.697563890,0,42,0,0,1,1,4,0,2,1,0,1,0,0000000,23,29,0,2,0,50,0,0,0,1,1
48,480470,3,3,0,5,13,0,11,4,2010,1,3,5,0,4,2,US-281,,41,29.08240833,-98.483144440,0,12,8,0,1,1,1,0,3,10,0,10,0,0000000,3,13,3,58,4,33,0,0,0,1,1
48,480471,1,1,0,4,131,0,11,4,2010,1,19,48,1,2,3,SR-44,,147,27.79459167,-98.377333330,0,38,0,0,1,1,5,0,2,2,0,2,0,0000000,88,88,88,88,88,88,0,0,0,1,0
48,480472,2,2,0,4,225,0,11,4,2010,1,12,40,0,5,8,FM227,FM2544,51,31.46090000,-95.591955560,0,12,6,1,2,4,1,0,1,1,0,1,0,0000000,99,99,12,46,13,16,0,0,0,1,0
48,480473,2,2,0,2,273,0,11,4,2010,1,16,40,0,3,3,SR-285,,113,27.28255278,-97.828358330,0,12,6,0,1,1,1,0,1,2,0,2,0,0000000,99,99,99,99,99,99,0,0,0,1,0
48,480474,2,2,0,2,29,6090,12,4,2010,2,10,12,1,11,1,I-35,,276,29.44634444,-98.430547220,0,12,7,0,1,1,1,0,1,10,0,10,0,0000000,88,88,88,88,88,88,0,0,0,1,0
48,480475,2,2,0,4,337,0,13,4,2010,3,6,55,0,4,3,SR-59,FM1758,100,33.58575556,-97.808875000,0,12,6,0,2,2,1,0,1,1,0,1,0,0000000,6,59,7,4,7,33,0,0,0,1,0
48,480476,2,2,0,3,29,6090,15,4,2010,5,23,16,1,11,1,I-10RAMP,GEVERS,35,29.40213333,-98.456722220,0,12,6,1,3,2,1,0,3,10,0,10,0,0000000,23,18,23,35,0,25,0,0,0,1,1
48,480477,1,1,0,1,215,5330,15,4,2010,5,21,57,0,16,5,MINNESOTA,,0,26.23978889,-98.171591670,0,38,0,0,1,1,4,0,3,1,0,1,0,0000000,88,88,88,88,88,88,0,0,0,1,0
48,480478,1,1,1,4,481,0,15,4,2010,5,20,37,0,4,3,SR-60,,1,29.60060833,-96.090072220,0,8,0,0,1,1,1,0,2,1,0,1,0,0000000,88,88,88,88,88,88,0,0,0,1,0
48,480479,1,1,0,2,113,1730,16,4,2010,6,3,8,0,16,5,WESTMORELAND,,0,32.70665000,-96.874613890,0,24,0,0,1,1,3,0,3,1,0,1,0,0000000,88,88,88,88,88,88,0,0,0,2,1
48,480480,3,3,0,5,201,0,16,4,2010,6,21,50,1,13,8,FM1960,,264,29.99927778,-95.238783330,0,12,7,0,1,1,1,0,2,1,0,1,0,0000000,88,88,88,88,88,88,0,0,0,1,1
48,480481,1,1,0,1,201,0,17,4,2010,7,21,0,0,16,5,CYPRESSROSEHILL,HUFFMEISTER,0,29.99720556,-95.698483330,0,46,0,0,2,3,3,0,3,1,0,1,0,0000000,88,88,88,88,88,88,0,0,0,1,0
48,480482,1,1,0,2,423,0,18,4,2010,1,11,40,0,4,8,FM16,,179,32.51444722,-95.423580560,0,42,0,0,1,1,4,0,1,2,0,2,0,0000000,99,99,99,99,99,99,0,0,0,1,0
48,480483,1,1,0,1,53,892,19,4,2010,2,16,5,1,2,2,US-183,,172,30.88351111,-97.921472220,0,59,0,0,1,1,4,0,1,10,0,10,0,0000000,88,88,88,88,88,88,0,0,0,1,0
48,480484,1,1,0,1,365,0,19,4,2010,2,21,52,0,5,8,FM348,,29,32.07426389,-94.569275000,0,38,0,0,1,1,4,0,2,1,0,1,0,0000000,88,88,88,88,88,88,0,0,0,1,0
48,480485,1,1,0,1,361,7200,20,4,2010,3,11,20,1,11,1,I-10,,72,30.13220278,-93.983272220,0,38,0,0,1,1,4,0,1,1,0,1,0,0000000,88,88,88,88,88,88,0,0,0,1,0
48,480486,2,1,1,2,133,0,21,4,2010,4,0,20,1,1,1,I-20,,126,32.49970000,-98.505822220,0,14,0,0,1,1,3,1,2,1,0,1,0,0000000,0,21,0,59,1,50,19,0,0,1,0
48,480487,2,2,0,2,201,3280,23,4,2010,6,4,16,1,11,1,I-610,,6,29.78179167,-95.263850000,0,12,2,0,1,1,1,1,3,10,0,10,0,0000000,88,88,88,88,88,88,0,0,0,1,1
48,480488,3,3,0,4,201,3280,23,4,2010,6,8,0,0,16,5,ELDRIDGE,,0,29.81253611,-95.617177780,0,12,9,0,1,1,1,0,1,10,0,10,0,0000000,8,2,8,16,9,7,0,0,0,1,0
48,480489,3,3,0,4,453,330,24,4,2010,7,2,7,1,11,1,I-35,,198,30.29262778,-97.721177780,0,12,2,0,1,1,1,0,3,2,0,2,0,0000000,2,8,2,14,2,32,0,0,0,1,1
48,480490,2,2,0,2,37,6850,26,4,2010,2,15,2,0,15,7,US-59,TERRY,33,33.41179444,-94.096655560,0,12,6,0,2,2,1,0,1,1,0,1,0,0000000,88,88,88,88,88,88,0,0,0,1,0
48,480491,1,1,0,1,201,0,26,4,2010,2,8,5,1,13,3,SR-249,,60,30.04881389,-95.612811110,0,1,0,0,1,1,1,0,1,1,0,1,0,0000000,88,88,88,88,88,88,0,0,0,1,0
48,480492,3,3,0,4,201,0,27,4,2010,3,7,20,0,16,4,PINELAND,,0,29.86335278,-95.175908330,0,12,6,0,1,1,1,0,1,10,0,10,0,0000000,99,99,99,99,99,99,14,0,0,1,0
48,480493,2,1,0,3,201,3280,1,1,2010,6,14,15,1,12,2,US-59,,82,29.74786389,-95.360213890,0,14,0,1,19,1,3,0,1,1,0,1,0,0000000,14,20,14,28,14,40,0,0,0,1,0
48,480494,1,1,0,1,113,6001,11,1,2010,2,18,15,1,13,3,SR-66,,362,32.90983889,-96.532777780,0,33,0,0,1,1,3,0,5,1,0,1,0,0000000,18,16,18,21,18,43,0,0,0,1,1
48,480495,2,2,0,2,39,190,22,1,2010,6,17,53,0,3,3,SR-35,,268,29.23739167,-95.367850000,0,12,2,0,1,1,1,0,1,1,0,1,0,0000000,18,6,18,24,18,46,0,0,0,1,1
48,480497,2,2,0,2,289,0,12,2,2010,6,15,41,0,5,8,FM1511,,18,31.34324722,-95.821669440,0,12,2,0,1,1,1,0,1,10,0,10,0,0000000,15,18,15,32,16,15,0,0,0,1,0
48,480498,1,1,1,1,181,0,17,2,2010,4,5,45,0,4,8,FM121,,42,33.43195278,-96.508136110,0,8,0,0,1,1,1,0,2,1,0,1,0,0000000,88,88,88,88,88,88,0,0,0,1,0
48,480499,2,2,0,2,39,4017,27,2,2010,7,6,42,0,3,3,SR-35,,207,29.30845278,-95.306338890,0,12,2,0,1,1,1,0,1,1,0,1,0,0000000,88,88,88,88,88,88,0,0,0,2,2
48,480500,1,1,0,2,39,6710,27,2,2010,7,15,20,0,4,8,FM524,,58,29.03026944,-95.683266670,0,1,0,0,1,1,2,0,1,1,0,1,0,0000000,99,99,99,99,99,99,0,0,0,1,0
48,480501,1,1,0,45,13,0,16,3,2010,3,9,50,1,1,1,I-37,,138,28.78131389,-98.312875000,0,1,0,0,1,1,3,0,1,10,0,10,0,0000000,9,50,10,10,11,8,0,0,0,2,0
48,480502,2,1,0,5,39,190,19,3,2010,6,16,45,1,12,3,SR-288,,291,29.20477500,-95.452180560,0,14,0,0,1,1,2,0,1,1,0,1,0,0000000,16,57,17,2,18,35,0,0,0,1,0
48,480503,1,1,0,5,491,0,19,3,2010,6,3,36,1,2,2,US-183,,5,30.82600833,-97.897838890,0,1,0,0,1,1,2,0,2,1,0,1,0,0000000,3,39,3,57,5,23,0,0,0,1,0
48,480504,2,2,0,4,347,4810,26,3,2010,6,15,47,0,16,3,SR-7,GREER,198,31.59741667,-94.638638890,0,12,6,0,2,3,1,0,1,1,0,1,0,0000000,15,52,15,58,16,5,0,0,0,1,1
48,480505,1,1,0,1,293,0,28,3,2010,1,10,9,0,6,4,609,,0,31.52614722,-96.688313890,0,1,0,0,1,1,4,0,1,1,0,1,0,0000000,88,88,88,88,88,88,0,0,0,1,1
48,480506,1,1,0,1,215,5330,29,3,2010,2,2,16,0,16,5,MOORE,,0,26.17346944,-98.187408330,0,1,0,0,1,1,1,0,6,1,0,1,0,0000000,88,88,88,88,88,88,0,0,0,1,0
48,480507,3,3,0,3,339,6536,29,3,2010,2,15,5,1,2,2,US-59,,37,30.22576389,-95.168111110,0,12,7,0,1,1,1,1,1,1,0,1,0,0000000,88,88,88,88,88,88,0,0,0,1,0
48,480508,1,1,0,1,215,0,31,3,2010,4,4,12,0,15,8,FM493,,166,26.26825000,-98.037186110,0,32,0,0,1,1,4,0,3,1,0,1,0,0000000,99,99,99,99,99,99,0,0,0,1,1
48,480509,1,1,0,2,35,0,1,4,2010,5,16,21,0,6,4,3207,,0,31.81225556,-97.584944440,0,10,0,0,6,1,1,0,1,1,0,1,0,023114C,88,88,88,88,88,88,0,0,0,2,0
48,480510,2,2,0,5,157,0,1,4,2010,5,21,42,0,14,8,FM1464,BELFORD,131,29.66284722,-95.686669440,0,12,6,0,2,2,1,0,2,2,0,2,0,0000000,21,42,21,58,22,49,0,0,0,1,0
48,480511,1,1,0,2,113,1870,3,4,2010,7,12,34,1,11,7,I-35,,20,32.57502500,-96.822830560,0,33,0,0,1,1,4,0,1,10,0,10,0,0000000,12,35,12,45,13,15,0,0,0,1,0
48,480512,1,1,0,1,303,0,5,4,2010,2,3,20,0,4,8,FM1264,FM1294,29,33.69442222,-101.870641670,0,1,0,0,2,2,4,0,2,5,0,5,0,0000000,88,88,88,88,88,88,0,0,0,1,1
48,480513,2,2,0,2,493,0,9,4,2010,6,19,52,1,2,2,US-181,SHANNON RIDGE,64,29.19971667,-98.208383330,0,12,6,0,2,2,1,0,1,1,0,1,0,0000000,88,88,88,88,88,88,0,0,0,1,0
48,480514,2,2,0,2,385,0,10,4,2010,7,12,10,0,4,8,RM337,CAMINO ALTO,220,29.72253611,-99.747075000,0,12,6,0,2,3,1,0,1,1,0,1,0,0000000,12,14,12,24,13,41,0,0,0,1,0
48,480515,2,2,0,3,339,0,12,4,2010,2,16,5,0,6,4,SENDERA RANCH,RANCH PARK,0,30.24398611,-95.565550000,0,12,6,0,3,3,1,0,1,1,0,1,0,0000000,16,1,16,13,16,41,20,0,0,1,0
48,480516,2,2,0,3,325,0,16,4,2010,6,20,48,1,1,1,I-35,,119,29.20724167,-98.813352780,0,12,7,0,1,1,1,0,2,10,0,10,0,0000000,99,99,99,99,99,99,0,0,0,1,0
48,480518,1,1,0,2,201,0,21,4,2010,4,4,5,0,6,4,SAM HOUSTON PARKWAY,,0,29.94042778,-95.279727780,0,33,0,0,1,1,4,1,3,1,0,1,0,0000000,99,99,99,99,99,99,0,0,0,1,1
48,480519,2,2,0,3,201,0,23,4,2010,6,8,27,0,6,4,ELDRIDGE,,0,29.84873611,-95.606025000,0,12,6,0,1,1,1,0,1,10,0,10,0,0000000,8,29,8,34,9,1,0,0,0,1,0
48,480520,2,2,0,2,113,1730,24,4,2010,7,8,45,0,16,5,BELTLINE,DALLAS,0,32.95398889,-96.822294440,0,12,6,1,2,2,1,0,1,1,0,1,0,0000000,8,44,8,46,8,52,0,0,0,1,0
48,480521,1,1,1,1,113,1730,27,4,2010,3,20,53,0,16,5,GREENVILLE,,0,32.87420000,-96.762766670,0,8,0,0,1,1,1,0,3,1,0,1,0,0000000,88,88,88,88,88,88,0,0,0,1,0
48,480522,2,2,0,2,457,2475,28,4,2010,4,5,20,0,4,8,FM92,,204,30.57598333,-94.176108330,0,12,2,0,1,1,1,0,2,1,0,1,0,0000000,5,37,6,1,99,99,0,0,0,1,0
48,480523,1,1,0,6,121,1840,1,1,2010,6,23,56,1,13,8,SL288,,6,33.23698333,-97.089877780,0,26,0,1,19,1,8,0,2,1,0,1,0,0000000,23,58,0,4,0,30,0,0,0,3,1
48,480524,1,1,1,5,201,1790,1,1,2010,6,18,31,0,16,5,PASADENA,,0,29.68188333,-95.134200000,0,8,0,0,1,1,1,0,3,10,0,10,0,0000000,18,49,19,22,19,36,0,0,0,1,0
48,480525,2,2,0,2,473,0,1,1,2010,6,18,20,0,6,4,MORTON,,0,29.81618333,-95.893455560,0,12,2,0,1,1,1,0,2,1,0,1,0,0000000,99,99,99,99,99,99,0,0,0,1,0
48,480526,2,2,0,4,29,0,3,1,2010,1,13,9,1,2,2,US-181,ELMENDORFLAVERNIA,160,29.26664444,-98.305202780,0,12,6,0,2,7,1,0,1,10,0,10,0,0000000,13,15,13,29,14,9,0,0,0,1,1
48,480527,3,3,0,3,157,3580,3,1,2010,1,17,55,1,11,7,I-10,,9,29.77704167,-95.841422220,0,12,2,0,8,1,1,0,9,1,0,1,0,0000000,88,88,88,88,88,88,0,0,0,1,1
48,480528,1,1,0,1,303,6410,15,1,2010,6,3,32,1,13,2,US-84,,335,33.46273889,-101.675633330,0,1,0,0,1,1,10,0,2,5,0,5,0,0000000,3,50,3,56,4,36,0,0,0,1,1
48,480529,3,3,0,6,201,0,17,1,2010,1,9,50,0,6,4,AIRLINE,MCFARLAND,0,29.91250000,-95.404050000,0,12,6,0,2,3,1,0,1,1,0,1,0,0000000,9,56,9,59,10,32,0,0,0,1,0
48,480530,1,1,1,1,113,1730,24,1,2010,1,19,12,1,11,1,I-45,,191,32.76734722,-96.776997220,0,8,0,0,1,1,1,0,3,1,0,1,0,0000000,99,99,19,16,19,22,0,0,0,1,0
48,480531,1,1,0,4,215,0,1,2,2010,2,2,3,0,15,8,FM1423,SIOUX,62,26.20537222,-98.082663890,0,34,0,0,3,2,4,0,3,1,0,1,0,0000000,2,11,2,22,2,48,0,0,0,1,1
48,480532,1,1,1,1,7,0,8,2,2010,2,13,30,0,4,3,SR-188,,1,28.02597222,-97.223958330,0,9,0,0,1,1,1,0,1,10,0,10,0,0000000,88,88,88,88,88,88,0,0,0,1,0
48,480533,3,3,0,9,215,2110,12,2,2010,6,22,59,1,2,2,US-281,,256,26.40601667,-98.139541670,0,12,2,0,1,1,3,0,3,1,0,1,0,0000000,23,0,23,19,23,39,14,20,0,3,0
48,480534,2,2,0,3,201,3280,14,2,2010,1,5,50,1,11,1,I-45,,383,29.95143333,-95.417880560,0,12,1,0,1,1,1,0,2,1,0,1,0,0000000,5,53,6,2,6,31,0,0,0,1,0
48,480535,1,1,0,2,215,2110,18,2,2010,5,21,45,1,12,2,US-281,,321,26.31080833,-98.146436110,0,1,0,0,1,1,1,0,3,2,0,2,0,0000000,88,88,88,88,88,88,0,0,0,1,1
48,480536,1,1,0,1,339,1510,14,4,2010,4,20,20,1,11,1,I-45,,153,30.32675000,-95.475461110,0,1,0,0,1,1,1,1,2,10,0,10,0,0000000,20,23,20,37,21,20,0,0,0,1,0
48,480537,1,1,0,1,121,3960,21,2,2010,1,11,50,1,11,1,I-35,,67,33.04390833,-97.007550000,0,24,0,0,1,1,3,0,1,10,0,10,0,0000000,11,51,11,54,12,24,0,0,0,1,0
48,480538,2,2,0,2,121,0,26,2,2010,6,3,28,1,2,2,US-380,,40,33.23877778,-97.323641670,0,12,2,0,1,1,1,0,2,10,0,10,0,0000000,88,88,88,88,88,88,0,0,0,1,1
48,480539,1,1,1,1,245,490,27,2,2010,7,12,53,0,16,5,GLADYS,EAST,0,30.09337222,-94.144730560,0,9,0,0,3,2,1,0,1,1,0,1,0,0000000,12,54,13,0,13,10,0,0,0,1,0
48,480540,1,1,0,3,97,0,2,3,2010,3,17,32,1,1,1,I-35,,215,33.72391111,-97.161619440,0,25,0,0,1,1,4,0,1,1,0,1,0,0000000,17,33,17,41,18,11,0,0,0,1,1
48,480541,3,3,0,3,257,6830,2,3,2010,3,1,41,1,12,8,SPUR557,,37,32.71885278,-96.314625000,0,12,8,0,1,1,1,0,3,1,0,1,0,0000000,88,88,88,88,88,88,14,0,0,1,1
48,480542,2,2,0,4,491,3360,3,3,2010,4,21,42,0,14,8,FM685,KNOWLES,17,30.53030833,-97.564708330,0,12,6,0,2,3,1,0,2,1,0,1,0,0000000,21,47,21,49,22,13,0,0,0,1,0
48,480543,1,1,1,1,223,6670,5,3,2010,6,6,22,0,15,8,FM1870,,1,33.13734167,-95.573097220,0,9,0,1,18,1,1,0,4,1,0,1,0,0000000,99,99,99,99,99,99,0,0,0,1,0
48,480544,2,2,0,2,453,330,12,3,2010,6,14,37,1,13,8,FM620,,144,30.43507778,-97.840438890,0,12,2,0,1,1,1,0,1,1,0,1,0,0000000,14,38,14,45,15,19,0,0,0,1,0
48,480545,1,1,0,4,201,3280,13,3,2010,7,6,0,1,12,7,US-59,,123,29.68353056,-95.533663890,0,52,0,1,19,1,8,0,4,1,0,1,0,0000000,6,4,6,11,6,28,0,0,0,1,1
48,480546,2,2,0,5,201,3280,14,3,2010,1,0,47,0,16,5,BELLAIRE,LARKWOOD,0,29.70392500,-95.508816670,0,12,6,0,2,7,1,0,3,1,0,1,0,0000000,0,51,0,54,1,30,20,0,0,1,0
48,480547,1,1,1,1,291,0,16,3,2010,3,17,20,0,6,4,4882,,0,29.95927500,-94.971141670,0,8,0,0,1,1,1,0,1,2,0,2,0,0000000,88,88,88,88,88,88,0,0,0,1,0
48,480548,2,2,0,4,27,0,17,3,2010,4,16,58,0,4,8,FM1670,,148,30.99633333,-97.533977780,0,12,6,0,1,1,1,0,1,10,0,10,0,0000000,16,59,17,11,99,99,0,0,0,3,0
48,480549,2,2,0,3,29,1512,19,3,2010,6,13,32,1,12,8,SL1604,,418,29.52809444,-98.297547220,0,12,6,0,1,1,1,0,1,1,0,1,0,0000000,13,39,13,50,14,11,0,0,0,1,0
48,480550,1,1,1,1,201,3280,22,3,2010,2,21,20,0,16,5,WARMEMORIAL,,0,29.82286667,-95.607997220,0,8,0,0,1,1,1,0,3,1,0,1,0,0000000,99,99,99,99,99,99,0,0,0,1,0
48,480551,3,3,0,3,381,150,23,3,2010,3,7,59,0,16,5,HILLSIDE,SHAWNEE,0,35.14665000,-101.893075000,0,12,6,0,2,2,1,0,1,1,0,1,0,0000000,8,0,8,6,8,31,0,0,0,1,0
48,480552,1,1,1,1,113,5730,24,3,2010,4,20,4,0,16,5,SPRINGVALLEY,WATERFALL,0,32.93996111,-96.764044440,0,8,0,0,3,2,1,0,3,2,0,2,0,0000000,99,99,99,99,99,99,0,0,0,1,0
48,480553,1,1,0,2,245,490,30,3,2010,3,16,48,1,12,7,US-69,,3,30.13612222,-94.171236110,0,33,0,1,5,1,4,0,1,1,0,1,0,0000000,16,48,16,53,17,12,0,0,0,1,1
48,480554,1,1,0,2,375,150,31,3,2010,4,1,41,1,11,7,I-40,,204,35.19297778,-101.806805560,0,1,0,0,1,1,10,0,3,1,0,1,0,0000000,1,43,1,49,2,16,0,0,0,1,1
48,480555,4,2,0,11,325,0,1,4,2010,5,17,0,0,4,3,SR-132,,68,29.17359722,-98.878327780,0,12,6,0,8,1,2,0,1,10,0,10,0,0000000,17,4,17,24,18,19,14,0,0,2,0
48,480556,4,4,0,6,91,1012,2,4,2010,6,15,12,0,3,3,SR-46,,69,29.79817500,-98.425083330,0,12,1,0,8,1,1,0,1,10,0,10,0,0000000,15,23,15,31,16,4,0,0,0,1,0
48,480557,1,1,0,1,201,3280,2,4,2010,6,20,22,1,11,1,I-45RAMP,,92,29.61125278,-95.210316670,0,23,0,1,5,1,4,0,3,2,0,2,0,0000000,88,88,88,88,88,88,0,0,0,1,1
48,480558,1,1,1,1,303,4140,2,4,2010,6,5,6,1,13,2,US-84,,70,33.52711389,-101.809013890,0,8,0,0,1,1,1,0,2,1,0,1,0,0000000,88,88,88,88,88,88,0,0,0,1,0
48,480559,1,1,0,1,453,330,6,4,2010,3,0,54,1,13,8,FM1825,WELLSBRANCH,2,30.44198333,-97.665916670,0,46,0,0,3,2,4,0,3,1,0,1,0,0000000,88,88,88,88,88,88,0,0,0,1,1
48,480560,2,2,0,2,99,0,7,4,2010,4,20,50,0,3,3,SR-36,,116,31.51076389,-97.769780560,0,12,1,0,1,1,1,0,2,1,0,1,0,0000000,88,88,88,88,88,88,0,0,0,1,1
48,480561,1,1,0,2,29,6090,8,4,2010,5,1,42,0,16,5,SAN PEDRO,AUDUBON,0,29.47665556,-98.499266670,0,30,0,0,3,2,4,0,3,1,0,1,0,0000000,1,43,1,51,2,19,0,0,0,1,1
48,480562,1,1,1,1,25,0,10,4,2010,7,21,50,1,2,7,US-181,,85,28.43990278,-97.748880560,0,8,0,0,1,1,1,0,2,10,0,10,0,0000000,21,55,22,1,22,23,0,0,0,1,0
48,480563,1,1,0,2,113,4530,11,4,2010,1,19,16,1,13,3,SR-352,,77,32.76769444,-96.621961110,0,59,0,1,19,1,4,0,3,1,0,1,0,0000000,19,16,19,18,19,38,0,0,0,1,0
48,480564,1,1,0,2,157,0,11,4,2010,1,2,0,1,13,8,FM2759,,58,29.55770556,-95.691905560,0,42,0,0,1,1,4,0,2,1,0,1,0,0000000,88,88,88,88,88,88,0,0,0,2,1
48,480565,3,3,0,6,265,3670,12,4,2010,2,15,37,1,13,3,SR-27,SL534,29,30.01596944,-99.119125000,0,12,6,0,2,2,1,0,1,1,0,1,0,0000000,15,35,15,38,16,18,0,0,0,4,0
48,480566,2,2,0,2,135,5030,15,4,2010,5,10,47,1,13,2,US-385,ADA,5,31.83884167,-102.362780560,0,12,6,0,2,2,1,0,1,2,0,2,0,0000000,10,47,10,52,11,11,0,0,0,1,0
48,480567,1,1,0,1,29,6090,16,4,2010,6,1,27,1,12,8,SL1604RAMP,,63,29.59020278,-98.605530560,0,34,0,0,1,1,10,0,3,2,0,2,0,0000000,88,88,88,88,88,88,0,0,0,1,1
48,480568,4,4,0,5,251,1370,16,4,2010,6,10,34,1,12,2,US-67,,129,32.32909444,-97.438663890,0,12,6,0,1,1,1,0,1,10,0,10,0,0000000,10,36,10,43,11,47,14,0,0,1,0
48,480569,1,1,0,1,37,6850,17,4,2010,7,23,34,0,16,5,SCOTT WRIGHT ROAD,,0,33.49788889,-94.102555560,8,3,0,0,1,1,4,0,3,1,0,1,0,0000000,23,34,23,43,0,52,0,0,0,1,1
48,480570,3,3,0,3,157,0,17,4,2010,7,7,40,1,13,3,SR-99,US-90A,29,29.60142222,-95.684763890,0,12,6,0,2,2,1,0,1,10,0,10,0,0000000,99,99,99,99,99,99,0,0,0,1,1
48,480571,2,2,0,2,215,0,17,4,2010,7,9,46,0,6,4,MOOREFIELD,,0,26.27257500,-98.347161110,0,12,6,0,1,1,1,0,1,1,0,1,0,0000000,99,99,99,99,99,99,0,0,0,1,0
48,480572,2,2,0,5,455,0,17,4,2010,7,2,30,0,3,3,SR-94,,166,31.23416944,-94.957227780,0,12,6,0,8,1,1,0,2,10,0,10,0,0000000,99,99,99,99,99,99,0,0,0,1,2
48,480573,2,2,0,7,133,0,18,4,2010,1,11,30,1,1,1,I-20,,163,32.37541389,-98.836238890,0,12,6,0,1,1,1,0,1,2,0,2,0,0000000,11,33,11,38,99,99,0,0,0,2,0
48,480574,3,3,0,4,339,0,18,4,2010,1,11,8,0,15,8,FM-1485,,230,30.20216389,-95.255302780,0,12,6,0,1,1,1,0,1,2,0,2,0,0000000,11,5,11,6,11,49,0,0,0,1,0
48,480575,1,1,0,1,385,0,18,4,2010,1,13,5,0,4,8,RR337,,287,29.72851389,-99.654750000,0,1,0,0,1,1,4,0,1,1,0,1,0,0000000,13,23,14,6,15,4,0,0,0,1,0
48,480576,2,2,0,2,419,1270,19,4,2010,2,14,29,0,16,5,SANAUGUSTINE,,0,31.79075000,-94.183283330,0,12,6,0,8,1,1,0,1,10,0,10,0,0000000,14,32,14,57,15,30,0,0,0,1,0
48,480577,2,2,0,3,27,570,23,4,2010,6,18,22,1,11,7,I-35,SR-317,149,31.04736111,-97.467116670,0,1,0,1,2,2,1,0,1,10,0,10,0,0000000,88,88,88,88,88,88,0,0,0,1,0
48,480578,1,1,0,1,201,0,23,4,2010,6,2,35,0,3,8,FM2920,,3,30.06469167,-95.906952780,0,1,0,0,1,1,4,0,2,10,0,10,0,0000000,88,88,88,88,88,88,0,0,0,1,1
48,480579,1,1,0,1,219,0,23,4,2010,6,17,2,0,4,3,SR-114,,105,33.60192778,-102.440338890,0,1,0,0,1,1,4,0,1,1,0,1,0,0000000,88,88,88,88,88,88,0,0,0,1,0
48,480580,1,1,0,4,401,0,23,4,2010,6,19,49,0,3,3,SR-149,,19,32.34621667,-94.572330560,0,32,0,0,1,1,4,0,2,1,0,1,0,0000000,19,52,19,59,20,33,0,0,0,1,0