STATE,ST_CASE,VE_TOTAL,VE_FORMS,PEDS,PERSONS,COUNTY,CITY,DAY,MONTH,YEAR,DAY_WEEK,HOUR,MINUTE,NHS,ROAD_FNC,ROUTE,TWAY_ID,TWAY_ID2,MILEPT,LATITUDE,LONGITUD,SP_JUR,HARM_EV,MAN_COLL,RELJCT1,RELJCT2,TYP_INT,REL_ROAD,WRK_ZONE,LGT_COND,WEATHER1,WEATHER2,WEATHER,SCH_BUS,RAIL,NOT_HOUR,NOT_MIN,ARR_HOUR,ARR_MIN,HOSP_HR,HOSP_MN,CF1,CF2,CF3,FATALS,DRUNK_DR
48,480581,1,1,0,1,201,0,24,4,2010,7,17,38,0,6,4,MAGNOLIA,,0,29.86645278,-95.071886110,0,1,0,0,1,1,1,0,1,1,0,1,0,0000000,17,52,18,4,18,24,0,0,0,1,0
48,480582,1,1,0,5,203,0,24,4,2010,7,23,5,0,4,3,SR-43,,93,32.58030000,-94.267655560,0,43,0,0,1,1,4,0,2,1,0,1,0,0000000,23,15,23,27,0,11,0,0,0,1,1
48,480583,1,1,0,1,215,7330,24,4,2010,7,2,17,0,16,5,MILE6WEST,,0,26.17094444,-98.006963890,0,33,0,0,1,1,4,0,3,1,0,1,0,0000000,88,88,88,88,88,88,0,0,0,1,1
48,480584,1,1,0,2,245,490,24,4,2010,7,1,39,0,16,5,PHELAN,PEYTON,0,30.07974722,-94.165055560,0,33,0,0,3,2,4,0,3,10,0,10,0,0000000,1,41,1,47,2,16,0,0,0,1,1
48,480585,1,1,0,3,451,0,24,4,2010,7,12,53,0,4,8,FM380,,127,31.47109444,-100.368819440,0,42,0,0,1,1,4,0,1,1,0,1,0,0000000,12,55,13,2,13,29,0,0,0,1,0
48,480586,1,1,0,1,113,1730,25,4,2010,1,1,58,0,16,5,CLARK,,0,32.63112500,-96.943208330,0,1,0,0,1,1,1,0,3,1,0,1,0,0000000,99,99,99,99,99,99,0,0,0,1,1
48,480587,1,1,0,1,371,0,25,4,2010,1,21,25,1,1,1,I-10,,245,30.86566944,-102.593763890,0,32,0,0,1,1,10,0,2,1,0,1,0,0000000,88,88,88,88,88,88,0,0,0,1,0
48,480588,2,2,0,3,1,0,27,4,2010,3,17,26,0,5,8,FM2706,,27,31.87930556,-95.913647220,0,12,6,0,1,1,1,0,1,1,0,1,0,0000000,18,4,18,24,18,56,0,0,0,1,0
48,480589,3,2,0,2,441,30,29,4,2010,5,11,49,0,16,5,SAYLES,13,0,32.43460000,-99.747963890,0,12,6,0,2,2,1,0,1,1,0,1,0,0000000,11,50,11,57,12,15,20,0,0,1,0
48,480590,6,1,0,2,113,4530,29,4,2010,5,0,26,0,16,5,PARKWOOD,,0,32.75464167,-96.569447220,0,53,0,0,1,1,4,0,3,1,0,1,0,0000000,0,26,0,33,0,46,14,0,0,1,1
48,480591,1,1,0,1,469,0,29,4,2010,5,2,15,1,2,2,US-87,,294,28.68339167,-96.816788890,0,1,0,0,1,1,4,0,2,1,0,1,0,0000000,99,99,99,99,99,99,0,0,0,1,0
48,480592,1,1,1,2,201,3280,30,4,2010,6,5,50,0,16,5,BROADWAY,,0,29.68176944,-95.277452780,0,8,0,0,1,1,1,0,1,2,0,2,0,0000000,5,51,5,58,6,20,0,0,0,1,0
48,480593,2,2,0,4,439,260,30,4,2010,6,19,39,1,11,1,I-20,,99999,32.67823333,-97.063747220,0,12,6,1,5,1,1,0,5,1,0,1,0,0000000,88,88,88,88,88,88,0,0,0,1,1
48,480594,3,3,0,3,181,7130,1,2,2010,2,21,10,1,2,2,US-75,,272,33.46009722,-96.609927780,0,12,2,1,18,1,1,0,2,10,0,10,0,0000000,99,99,99,99,99,99,14,0,0,1,1
48,480595,1,1,0,1,453,3541,31,3,2010,4,8,26,0,3,8,RM1431,,221,30.51688889,-97.907763890,0,52,0,0,1,1,4,0,9,1,0,1,0,0000000,88,88,88,88,88,88,0,0,0,1,0
48,480596,1,1,0,1,491,6780,23,4,2010,6,2,41,0,14,8,BU79B,,125,30.57220000,-97.399958330,0,34,0,0,1,1,4,0,3,10,0,10,0,0000000,88,88,88,88,88,88,0,0,0,1,1
48,480597,2,2,0,5,29,6090,25,4,2010,1,3,2,1,13,8,SL13,,43,29.35674722,-98.488794440,0,12,6,0,1,1,1,0,3,1,0,1,0,0000000,3,21,3,30,4,4,0,0,0,3,1
48,480598,2,2,0,5,29,6090,1,5,2010,7,3,5,1,11,1,I-10,,181,29.51237500,-98.552855560,0,12,1,0,1,1,1,0,3,10,0,10,0,0000000,88,88,88,88,88,88,0,0,0,1,1
48,480599,1,1,0,4,203,0,1,5,2010,7,12,20,0,4,3,SR-154,,53,32.67812500,-94.623550000,0,35,0,0,1,1,4,0,1,1,0,1,0,0000000,12,21,12,33,13,7,0,0,0,1,0
48,480600,1,1,0,1,473,0,1,5,2010,7,10,8,0,4,8,FM1458,,37,29.83543333,-96.033297220,0,1,0,0,1,1,4,0,1,1,0,1,0,0000000,88,88,88,88,88,88,0,0,0,1,0
48,480601,1,1,1,2,201,0,2,5,2010,1,6,26,1,13,8,FM521,,53,29.58869167,-95.429516670,0,8,0,0,1,1,4,0,2,10,0,10,0,0000000,88,88,88,88,88,88,0,0,0,1,0
48,480602,1,1,0,2,209,0,2,5,2010,1,18,19,0,6,4,DARDENHILL,,0,30.15076667,-98.051127780,0,1,0,0,1,1,4,0,1,1,0,1,0,0000000,18,20,18,26,19,15,0,0,0,1,1
48,480603,1,1,0,1,309,0,2,5,2010,1,99,99,0,4,8,FM2114,,22,31.80374444,-97.155994440,0,42,0,0,1,1,4,0,2,2,0,2,0,0000000,88,88,88,88,88,88,0,0,0,1,1
48,480604,1,1,0,1,375,0,2,5,2010,1,6,56,1,2,2,US-87,,230,35.44922500,-101.867061110,0,1,0,0,1,1,3,0,1,1,0,1,0,0000000,88,88,88,88,88,88,0,0,0,1,1
48,480605,1,1,0,1,451,0,2,5,2010,1,22,50,1,2,2,US-277,,27,31.35450833,-100.434272220,0,42,0,0,1,1,4,0,2,1,0,1,0,0000000,88,88,88,88,88,88,0,0,0,1,1
48,480606,1,1,0,1,503,0,2,5,2010,1,19,28,0,3,2,US-380,,126,33.14502500,-98.467541670,0,30,0,0,1,1,4,0,1,1,0,1,0,0000000,88,88,88,88,88,88,0,0,0,1,0
48,480607,2,2,0,2,27,0,3,5,2010,2,4,55,1,1,1,I-35,,56,30.92901111,-97.542627780,0,12,1,0,1,1,1,0,2,1,0,1,0,0000000,6,23,99,99,99,99,0,0,0,1,0
48,480608,1,1,0,1,355,0,3,5,2010,2,2,34,0,4,8,FM70,,288,27.58492778,-97.625358330,0,1,0,0,1,1,4,0,2,1,0,1,0,0000000,88,88,88,88,88,88,0,0,0,1,1
48,480609,1,1,0,1,441,0,3,5,2010,2,13,54,1,2,2,US-83,,28,32.22571944,-99.760136110,0,43,0,0,1,1,4,0,1,10,0,10,0,0000000,14,3,14,13,14,55,0,0,0,1,0
48,480610,3,3,0,6,397,0,5,5,2010,4,11,37,0,4,3,SR-276,SUNNY,25,32.90455556,-96.377436110,0,12,1,0,2,3,1,0,1,1,0,1,0,0000000,11,39,11,45,12,24,0,0,0,1,0
48,480611,2,2,0,2,15,0,7,5,2010,6,12,47,1,2,3,SR-36,,126,29.69554722,-96.133569440,0,12,6,0,1,1,1,0,1,1,0,1,0,0000000,99,99,12,52,13,41,0,0,0,1,0
48,480612,1,1,1,1,29,6090,7,5,2010,6,23,8,0,16,5,MOURSUND,MALLY,0,29.32798333,-98.503836110,0,8,0,0,3,2,1,0,3,1,0,1,0,0000000,88,88,88,88,88,88,0,0,0,1,0
48,480613,1,1,1,2,99,1540,7,5,2010,6,22,3,1,12,2,US-190,,37,31.12010833,-97.890683330,0,8,0,0,1,1,1,0,3,1,0,1,0,0000000,22,3,22,8,22,31,0,0,0,1,0
48,480614,1,1,0,4,317,0,7,5,2010,6,8,35,1,1,1,I-20,,73,32.14156944,-101.790002780,0,1,0,0,1,1,10,0,1,1,0,1,0,0000000,8,37,8,45,8,59,0,0,0,1,0
48,480615,1,1,0,1,361,0,7,5,2010,6,23,12,1,13,8,FM105,,19,30.08758889,-93.994730560,0,34,0,0,1,1,4,0,2,1,0,1,0,0000000,88,88,88,88,88,88,0,0,0,1,1
48,480616,1,1,0,2,401,0,7,5,2010,6,19,18,0,6,4,146,,0,32.30369167,-94.898594440,0,1,0,0,1,1,1,0,1,1,0,1,0,0000000,19,19,19,35,20,21,0,0,0,1,1
48,480618,1,1,0,1,419,0,7,5,2010,6,2,10,1,2,2,US-59,,20,31.89122222,-94.420944440,0,1,0,0,1,1,4,0,2,1,0,1,0,0000000,88,88,88,88,88,88,0,0,0,1,0
48,480619,1,1,0,4,309,0,8,5,2010,7,13,13,0,5,8,FM2491,,56,31.58848056,-96.986788890,0,32,0,0,1,1,4,1,1,1,0,1,0,0000000,13,26,13,32,14,26,0,0,0,1,0
48,480620,2,2,0,2,467,0,8,5,2010,7,4,10,1,1,1,I-20,,76,32.60899444,-95.954063890,0,12,8,0,1,1,1,0,2,1,0,1,0,0000000,88,88,88,88,88,88,0,0,0,1,1
48,480621,2,2,0,2,477,880,8,5,2010,7,19,1,1,13,2,US-290,,167,30.14852222,-96.408869440,0,12,6,0,5,1,1,0,1,1,0,1,0,0000000,19,6,19,6,19,25,0,0,0,1,1
48,480622,1,1,0,1,201,0,9,5,2010,1,2,10,1,13,8,FM2100,,42,29.96266944,-95.085425000,0,24,0,0,1,1,4,0,2,1,0,1,0,0000000,88,88,88,88,88,88,0,0,0,1,1
48,480623,1,1,1,1,201,0,10,5,2010,2,23,25,0,14,8,FM2920,,126,30.07328056,-95.551594440,0,8,0,0,1,1,1,0,2,1,0,1,0,0000000,88,88,88,88,88,88,0,0,0,1,0
48,480624,1,1,0,1,83,0,11,5,2010,3,11,45,0,6,4,176,,0,32.04305833,-99.306986110,0,38,0,0,1,1,4,0,1,10,0,10,0,0000000,88,88,88,88,88,88,0,0,0,1,0
48,480625,2,2,0,2,347,0,13,5,2010,5,8,36,1,2,2,US-59,,86,31.75309722,-94.582058330,0,12,6,0,1,1,1,0,1,1,0,1,0,0000000,8,38,8,55,9,30,0,0,0,1,0
48,480626,1,1,1,2,361,0,14,5,2010,6,2,55,1,11,1,I-10,,129,30.11065000,-94.047130560,0,8,0,1,5,1,1,0,2,1,0,1,0,0000000,88,88,88,88,88,88,0,0,0,1,0
48,480627,2,2,0,2,53,4310,17,5,2010,2,13,18,1,2,2,US-281,MAXSTARKEDAM,342,30.55590833,-98.273819440,0,12,6,0,2,2,1,0,1,1,0,1,0,0000000,13,22,13,28,14,14,0,0,0,1,0
48,480628,4,4,0,4,201,3280,5,2,2010,6,5,0,1,11,1,I-610,,224,29.69341389,-95.322669440,0,12,2,0,1,1,1,0,3,10,0,10,0,0000000,5,5,5,10,5,37,0,0,0,1,1
48,480629,1,1,0,2,303,4140,6,4,2010,3,9,42,0,16,5,82ND ST,,0,33.51978333,-101.979080560,0,30,0,0,1,1,4,0,1,1,0,1,0,0000000,9,43,9,49,10,2,0,0,0,1,0
48,480630,2,2,0,2,219,0,28,4,2010,4,21,47,1,2,2,US-84,FM597,18,33.80723889,-102.167341670,0,12,6,0,2,7,1,0,2,1,0,1,0,0000000,21,44,22,5,22,35,0,0,0,1,1
48,480631,2,2,0,2,501,0,5,5,2010,4,5,10,0,4,8,FM1780,FM213,120,33.05111111,-102.612080560,0,12,6,0,2,2,1,0,2,1,0,1,0,0000000,5,45,6,5,6,42,0,0,0,1,0
48,480632,2,2,0,3,179,0,10,5,2010,2,9,10,0,3,3,SR-152,RR2857,251,35.51762778,-100.593052780,0,12,6,0,2,3,1,0,1,5,0,5,0,0000000,88,88,88,88,88,88,0,0,0,1,0
48,480633,1,1,0,5,359,0,10,5,2010,2,7,18,1,1,1,I-40,,18,35.26907222,-102.726802780,0,1,0,0,1,1,10,0,4,1,0,1,0,0000000,7,24,7,42,8,52,0,0,0,2,0
48,480635,2,2,0,4,369,0,12,5,2010,4,7,58,0,6,4,EE,5,0,34.31743333,-102.949469440,0,12,6,0,2,2,1,0,1,1,0,1,0,0000000,99,99,99,99,99,99,0,0,0,1,0
48,480636,1,1,0,1,225,0,13,5,2010,5,14,50,0,4,2,US-287,,109,31.41456389,-95.474563890,0,32,0,0,1,1,4,0,1,1,0,1,0,0000000,14,47,14,56,15,17,0,0,0,1,0
48,480637,2,2,0,7,113,5730,15,3,2010,2,19,33,0,16,5,BELTLINE,,0,32.94531944,-96.702400000,0,12,6,0,8,1,1,0,5,1,0,1,0,0000000,19,34,19,38,20,9,0,0,0,1,0
48,480638,1,1,0,1,201,0,3,4,2010,7,1,53,0,6,4,ELLA,,0,29.98046667,-95.436719440,0,42,0,0,1,1,3,0,2,10,0,10,0,0000000,88,88,88,88,88,88,0,0,0,1,1
48,480639,1,1,0,1,61,0,8,4,2010,5,17,0,0,15,8,FM1561,,5,26.18925556,-97.570394440,0,43,0,0,1,1,4,0,2,1,0,1,0,0000000,88,88,88,88,88,88,0,0,0,1,1
48,480640,1,1,2,1,41,970,4,1,2010,2,14,21,1,12,2,US-190,,15,30.70082500,-96.354400000,0,8,0,0,1,1,4,0,1,1,0,1,0,0000000,88,88,88,88,88,88,0,0,0,2,0
48,480641,1,1,0,2,423,7070,21,1,2010,5,20,30,0,16,5,COMMERCE,,0,32.35617500,-95.268352780,0,30,0,0,1,1,4,0,3,1,0,1,0,0000000,20,44,20,49,99,99,0,0,0,1,1
48,480642,1,1,0,1,29,0,4,2,2010,5,10,33,0,6,4,OBST,,0,29.73686667,-98.492891670,0,3,0,0,1,1,4,0,9,99,0,99,0,0000000,88,88,88,88,88,88,5,0,0,1,0
48,480643,2,2,0,2,37,0,24,3,2010,4,6,32,0,4,2,US-82,PANTHERCREEK,57,33.46461667,-94.320266670,0,12,6,0,2,3,1,0,2,1,0,1,0,0000000,88,88,88,88,88,88,0,0,0,1,0
48,480644,2,2,0,3,29,6090,26,3,2010,6,15,14,0,16,5,HOUSTON,COMMERCE,0,29.42475833,-98.424958330,0,12,6,0,2,3,1,0,1,1,0,1,0,0000000,15,15,15,22,16,1,0,0,0,2,0
48,480645,1,1,1,1,13,4181,4,4,2010,1,5,12,0,4,3,SR-132,,28,29.23430278,-98.793052780,0,8,0,0,1,1,1,0,2,2,0,2,0,0000000,88,88,88,88,88,88,0,0,0,1,0
48,480646,2,2,0,2,47,9997,7,4,2010,4,23,10,1,2,2,US-281,FM755,31,26.89007778,-98.135719440,0,12,6,0,2,2,1,0,3,1,0,1,0,0000000,23,11,23,29,99,99,0,0,0,1,0
48,480647,2,2,0,4,439,260,26,4,2010,2,6,8,1,11,1,I-30,,256,32.75970278,-97.124822220,0,12,7,0,1,1,1,0,3,1,0,1,0,0000000,6,9,6,27,7,20,0,0,0,1,0
48,480648,1,1,0,1,291,0,27,4,2010,3,8,1,0,4,8,FM787,,120,30.41207778,-94.925908330,0,1,0,0,1,1,4,0,1,10,0,10,0,0000000,88,88,88,88,88,88,0,0,0,1,0
48,480649,1,1,0,1,27,0,28,4,2010,4,22,10,0,6,4,HILLYARD,,0,31.25595556,-97.297669440,0,32,0,0,1,1,4,0,2,1,0,1,0,0000000,88,88,88,88,88,88,0,0,0,1,1
48,480650,1,1,0,1,187,4870,30,4,2010,6,0,18,0,16,5,SUGARLAND,NICKELCREEK,0,29.66607222,-98.118511110,0,1,0,0,3,3,1,0,3,1,0,1,0,0000000,0,31,0,44,1,21,0,0,0,1,0
48,480651,2,2,0,3,329,4560,30,4,2010,6,12,25,1,13,3,SR-349,BS158,147,31.99404722,-102.077919440,0,12,6,0,2,2,1,0,1,1,0,1,0,0000000,12,26,12,37,13,1,0,0,0,2,0
48,480652,1,1,0,3,299,3699,1,5,2010,7,19,7,0,16,5,LARAMIE,,0,30.64687222,-98.450613890,0,5,0,0,1,1,1,0,1,10,0,10,0,0000000,99,99,99,99,99,99,0,0,0,1,0
48,480653,1,1,1,1,347,0,2,5,2010,1,7,0,0,14,3,SR-7,,24,31.60272222,-94.593511110,0,8,0,0,1,1,1,0,2,1,0,1,0,0000000,6,40,6,52,7,15,0,0,0,1,0
48,480654,2,2,0,3,495,0,3,5,2010,2,8,5,0,3,3,SR-115,,256,31.89423889,-103.039708330,0,12,8,0,1,1,1,0,1,1,0,1,0,0000000,8,6,8,12,8,46,0,0,0,1,0
48,480655,2,2,0,2,55,0,7,5,2010,6,6,55,0,5,8,FM20,,38,29.88028611,-97.609411110,0,12,2,0,1,1,1,0,4,1,0,1,0,0000000,88,88,88,88,88,88,0,0,0,1,0
48,480656,2,2,0,2,453,0,10,5,2010,2,15,46,0,14,8,FM973,WALTONHILL,23,30.43735000,-97.481180560,0,12,2,0,2,3,1,0,1,10,0,10,0,0000000,15,47,16,0,16,27,0,0,0,1,0
48,480657,1,1,0,3,355,0,11,5,2010,3,8,15,0,4,8,FM70,,93,27.64411111,-97.913588890,0,38,0,0,1,1,4,0,1,1,0,1,0,0000000,8,12,8,30,9,0,0,0,0,1,0
48,480658,1,1,0,1,339,6884,12,5,2010,4,0,15,1,11,7,I-45,,37,30.15467222,-95.449394440,0,33,0,0,1,1,4,0,3,1,0,1,0,0000000,88,88,88,88,88,88,0,0,0,1,1
48,480659,3,3,0,4,21,0,13,5,2010,5,17,17,1,13,3,SR-21,TRAVIS,75,30.16959444,-97.195250000,0,12,7,0,2,3,1,0,1,1,0,1,0,0000000,17,21,17,36,18,50,0,0,0,2,0
48,480660,1,1,0,1,61,0,13,5,2010,5,14,30,0,4,8,FM506,,18,26.31641389,-97.823033330,0,1,0,0,1,1,4,0,1,10,0,10,0,0000000,88,88,88,88,88,88,0,0,0,1,0
48,480661,2,2,0,3,203,0,13,5,2010,5,7,30,0,6,4,HARRISLAKE,,0,32.59516667,-94.302091670,0,12,2,0,1,1,1,0,1,1,0,1,0,0000000,7,30,7,42,8,48,0,0,0,1,1
48,480663,1,1,0,2,19,0,15,5,2010,7,10,28,0,4,8,RM187,,199,29.68715833,-99.549008330,0,11,0,0,1,1,1,0,1,1,0,1,0,0000000,10,40,10,57,11,37,0,0,0,1,0
48,480664,1,1,0,1,201,0,15,5,2010,7,0,5,0,6,4,LITTLE YORK,,0,29.86523611,-95.676808330,0,33,0,0,1,1,4,0,3,2,0,2,0,0000000,0,10,0,19,0,38,0,0,0,1,1
48,480665,1,1,0,1,401,0,15,5,2010,7,15,0,1,2,2,US-259,,78,32.05585278,-94.741191670,0,7,0,0,1,1,4,0,1,1,0,1,0,0000000,88,88,88,88,88,88,0,0,0,1,0
48,480666,1,1,0,1,321,0,16,5,2010,1,20,0,0,6,4,RMCOLE,,0,29.01285000,-95.980597220,0,1,0,0,1,1,1,0,5,1,0,1,0,0000000,99,99,99,99,99,99,0,0,0,1,1
48,480667,1,1,0,2,215,5330,17,5,2010,2,14,10,1,12,7,US-83,,278,26.20547500,-98.175130560,0,30,0,0,1,1,4,0,1,1,0,1,0,0000000,88,88,88,88,88,88,0,0,0,2,0
48,480668,2,2,0,2,469,7190,17,5,2010,2,0,37,0,14,3,SR-185,,75,28.77199444,-96.980894440,0,12,1,0,1,1,1,0,3,10,0,10,0,0000000,0,39,0,44,1,18,0,0,0,1,1
48,480669,2,2,0,2,459,0,18,5,2010,3,6,30,1,2,2,US-271,,13,32.89875000,-94.952688890,0,12,8,0,1,1,1,0,1,1,0,1,0,0000000,88,88,88,88,88,88,0,0,0,1,0
48,480670,1,1,1,1,113,3420,19,5,2010,4,5,48,1,12,3,SR-183,,18,32.83690833,-97.020622220,0,8,0,0,1,1,1,0,4,1,0,1,0,0000000,88,88,88,88,88,88,0,0,0,1,0
48,480671,1,1,0,1,1,0,22,5,2010,7,7,45,0,4,8,FM837,,240,32.01626389,-95.540136110,0,1,0,0,1,1,1,0,1,10,0,10,0,0000000,88,88,88,88,88,88,0,0,0,1,0
48,480672,1,1,0,2,201,0,22,5,2010,7,1,40,1,13,8,FM1960,,73,29.99833611,-95.173016670,0,43,0,0,1,1,4,0,3,1,0,1,0,0000000,1,50,2,19,2,38,0,0,0,1,1
48,480673,1,1,0,1,201,0,22,5,2010,7,3,10,0,6,4,HARDY,,0,30.01757222,-95.401283330,0,43,0,0,1,1,4,0,2,1,0,1,0,0000000,3,13,3,19,4,5,0,0,0,1,1
48,480674,2,2,0,2,201,7286,23,5,2010,1,3,5,1,11,1,I-45,,30,29.54332500,-95.144288890,0,12,1,0,1,1,1,0,2,1,0,1,0,0000000,88,88,88,88,88,88,0,0,0,1,1
48,480675,2,2,0,2,469,0,23,5,2010,1,17,8,1,2,2,US-87,FM447,60,28.92298611,-97.099555560,0,12,6,0,2,2,1,0,1,10,0,10,0,0000000,17,8,17,15,17,34,0,0,0,1,0
48,480676,1,1,0,1,7,0,29,5,2010,7,10,39,0,4,8,FM1069,,119,28.00771111,-97.127230560,0,1,0,0,1,1,4,0,1,1,0,1,0,0000000,88,88,88,88,88,88,0,0,0,1,0
48,480677,2,2,0,3,39,0,13,1,2010,4,8,35,0,4,8,FM521,,30,29.18645000,-95.491961110,0,12,2,0,1,1,1,0,1,5,0,5,0,0000000,9,3,9,11,9,37,0,0,0,2,0
48,480678,2,2,0,3,201,0,13,2,2010,7,5,8,0,6,4,VETERANSMEMORIAL,SAMHOUSTON,0,29.93806944,-95.460463890,0,12,6,0,2,2,1,0,3,1,0,1,0,0000000,5,10,5,18,6,1,0,0,0,2,1
48,480679,1,1,0,1,141,0,24,3,2010,4,22,40,0,6,4,ASCENCION,,0,31.72926111,-106.148444440,0,35,0,0,1,1,4,0,2,1,0,1,0,0000000,88,88,88,88,88,88,0,0,0,1,0
48,480680,2,2,0,2,373,0,28,3,2010,1,20,7,0,15,8,FM1988,,127,30.65993611,-94.976913890,0,11,0,0,1,1,1,0,2,1,0,1,0,0000000,20,36,20,48,21,46,0,0,0,1,0
48,480681,2,2,0,6,233,0,30,3,2010,3,17,45,0,3,3,SR-152,HERRINGLEASE,28,35.84314167,-101.572552780,0,12,6,0,2,3,2,0,1,6,0,6,0,0000000,17,50,18,2,18,40,0,0,0,3,0
48,480682,2,2,0,2,355,5850,30,3,2010,3,11,25,1,12,2,US-77,,11,27.81256667,-97.638394440,0,24,0,0,1,1,3,0,1,1,0,1,0,0000000,11,28,11,33,12,18,0,0,0,1,0
48,480683,1,1,0,2,29,6090,3,4,2010,7,20,29,0,16,5,APPLEWHITE,,0,29.30922778,-98.549680560,0,1,0,0,1,1,4,0,2,1,0,1,0,0000000,20,38,20,49,21,12,0,0,0,1,1
48,480684,1,1,0,1,143,0,3,4,2010,7,3,46,0,6,4,148,,0,32.40074444,-98.038902780,0,1,0,0,1,1,4,0,2,1,0,1,0,0000000,88,88,88,88,88,88,0,0,0,1,0
48,480685,2,2,0,3,201,6970,6,4,2010,3,12,12,0,14,8,FM 2920,,69,30.08940833,-95.638141670,0,12,6,0,4,1,1,0,1,1,0,1,0,0000000,12,15,12,18,13,5,0,0,0,2,0
48,480686,2,2,0,3,395,0,7,4,2010,4,12,35,0,3,3,SR-7,,3,31.27782222,-96.472272220,1,12,8,0,1,1,1,0,1,10,0,10,0,0000000,12,39,12,59,13,46,0,0,0,1,0
48,480687,2,2,0,5,183,4080,10,4,2010,7,22,22,0,16,5,MLK,SAPPHIRE,0,32.46149722,-94.716363890,0,12,2,0,2,3,1,0,3,1,0,1,0,0000000,22,24,22,27,22,48,0,0,0,1,1
48,480688,1,1,0,1,113,1730,15,4,2010,5,1,49,1,11,1,I-35E,,174,32.79451111,-96.814575000,0,24,0,0,1,1,4,0,3,10,0,10,0,0000000,88,88,88,88,88,88,0,0,0,1,1
48,480689,1,1,0,2,201,3280,17,4,2010,7,19,40,1,12,3,SR-288,,5,29.73421667,-95.371500000,0,24,0,1,19,1,4,0,1,1,0,1,0,0000000,99,99,19,41,19,44,0,0,0,1,1
48,480690,1,1,1,1,201,3280,22,4,2010,5,10,40,0,16,5,TRAVIS,RUSK,0,29.75910556,-95.364611110,0,8,0,0,3,2,1,0,1,1,0,1,0,0000000,88,88,88,88,88,88,0,0,0,1,0
48,480692,1,1,0,1,265,0,29,4,2010,5,19,10,0,4,8,FM1340,,120,30.06226111,-99.447041670,0,1,0,0,1,1,1,0,1,10,0,10,0,0000000,19,27,19,41,20,47,0,0,0,1,0
48,480693,3,3,0,6,215,0,1,5,2010,7,13,17,0,6,4,TERRY,MILE171/2,0,26.31363056,-98.094919440,0,12,6,0,2,2,1,0,1,1,0,1,0,0000000,13,17,13,28,13,57,0,0,0,1,0
48,480694,1,1,1,1,113,2590,2,5,2010,1,6,54,1,11,1,I-635RAMP,,109,32.85788333,-96.652094440,0,8,0,1,5,1,1,0,4,1,0,1,0,0000000,6,54,6,59,7,24,0,0,0,1,0
48,480695,2,2,1,1,201,0,4,5,2010,3,19,40,0,6,4,VETERANSMEMORIAL,,0,29.91325278,-95.441144440,0,12,1,0,1,1,1,0,1,1,0,1,0,0000000,88,88,88,88,88,88,0,0,0,1,0
48,480696,1,1,0,1,53,0,8,5,2010,7,4,15,0,4,8,RM1431,,43,30.58658611,-98.210147220,0,43,0,0,1,1,4,0,2,1,0,1,0,0000000,88,88,88,88,88,88,0,0,0,1,1
48,480697,1,1,0,1,167,6213,8,5,2010,7,7,45,1,13,8,FM646,4TH,143,29.41171389,-95.092141670,0,46,0,0,2,2,1,0,1,1,0,1,0,0000000,88,88,88,88,88,88,0,0,0,1,0
48,480698,2,2,0,8,315,0,8,5,2010,7,21,20,0,3,3,SR-155,,48,32.85708333,-94.682455560,0,12,6,0,8,1,1,0,2,1,0,1,0,0000000,88,88,88,88,88,88,0,0,0,1,2
48,480699,1,1,0,1,113,1730,9,5,2010,1,4,0,1,13,8,SL12,,224,32.71188333,-96.724163890,0,42,0,0,1,1,4,0,3,10,0,10,0,0000000,88,88,88,88,88,88,0,0,0,1,1
48,480700,3,3,0,5,29,6090,10,5,2010,2,9,22,0,3,8,FM1957,,42,29.42957222,-98.742680560,0,12,2,0,8,1,1,0,1,10,0,10,0,0000000,9,22,9,25,10,4,0,0,0,1,0
48,480701,1,1,1,1,291,1770,14,5,2010,6,6,33,1,13,2,US-90,,69,30.02985833,-94.910975000,0,8,0,0,1,1,4,0,4,1,0,1,0,0000000,6,42,7,3,7,43,0,0,0,1,0
48,480702,1,1,0,2,401,0,16,5,2010,1,15,31,0,5,8,FM3231,,60,32.29841389,-94.523541670,0,1,0,0,1,1,4,0,1,1,0,1,0,0000000,15,33,15,39,16,13,0,0,0,1,0
48,480703,1,1,1,3,187,6290,19,5,2010,4,20,50,0,14,8,BU123,,55,29.55644167,-97.969380560,0,9,0,0,1,1,1,0,3,1,0,1,0,0000000,21,5,21,14,21,50,0,0,0,1,0
48,480704,1,1,0,2,11,0,22,5,2010,7,19,20,0,4,3,SR-207,,183,34.90884444,-101.361213890,0,32,0,0,1,1,4,0,1,1,0,1,0,0000000,19,30,19,48,20,37,0,0,0,1,1
48,480705,1,1,0,1,433,0,22,5,2010,7,6,50,0,4,8,FM1263,,101,33.23072778,-100.214088890,0,35,0,0,1,1,4,0,1,10,0,10,0,0000000,88,88,88,88,88,88,0,0,0,1,1
48,480706,1,1,0,2,47,0,23,5,2010,1,23,19,0,4,8,FM755,,35,26.88915833,-98.192883330,0,11,0,0,1,1,1,0,2,1,0,1,0,0000000,23,46,0,23,1,4,0,0,0,1,0
48,480707,2,2,0,7,213,0,23,5,2010,1,11,5,0,3,3,SR-19,FM2709,34,32.30691667,-95.844836110,0,12,6,0,2,3,1,0,1,1,0,1,0,0000000,11,6,11,13,11,53,0,0,0,1,1