STATE,ST_CASE,VE_TOTAL,VE_FORMS,PEDS,PERSONS,COUNTY,CITY,DAY,MONTH,YEAR,DAY_WEEK,HOUR,MINUTE,NHS,ROAD_FNC,ROUTE,TWAY_ID,TWAY_ID2,MILEPT,LATITUDE,LONGITUD,SP_JUR,HARM_EV,MAN_COLL,RELJCT1,RELJCT2,TYP_INT,REL_ROAD,WRK_ZONE,LGT_COND,WEATHER1,WEATHER2,WEATHER,SCH_BUS,RAIL,NOT_HOUR,NOT_MIN,ARR_HOUR,ARR_MIN,HOSP_HR,HOSP_MN,CF1,CF2,CF3,FATALS,DRUNK_DR
48,480708,2,2,0,2,293,0,23,5,2010,1,18,50,0,3,3,SR-14,,49,31.34868889,-96.613211110,0,12,1,0,1,1,1,0,1,1,0,1,0,0000000,88,88,88,88,88,88,0,0,0,1,1
48,480709,2,2,0,2,209,990,24,5,2010,2,6,50,0,15,8,RM967,,141,30.08794167,-97.849388890,0,12,2,0,1,1,1,0,4,10,0,10,0,0000000,7,1,7,16,7,34,0,0,0,1,1
48,480710,3,2,0,4,113,387,25,5,2010,3,1,13,1,11,1,I-635,,13,32.71935278,-96.616641670,0,12,1,1,18,1,1,0,2,1,0,1,0,0000000,1,13,1,18,2,9,0,0,0,1,0
48,480711,2,2,2,1,113,3420,26,5,2010,4,5,31,1,12,3,SR-114,,22,32.85862778,-96.933811110,0,12,2,0,1,1,1,1,2,10,0,10,0,0000000,99,99,99,99,99,99,19,23,0,1,0
48,480712,2,2,0,2,113,1730,27,5,2010,5,17,48,0,16,5,KIEST,LEDBETTER,0,32.70609722,-96.925655560,0,12,6,0,2,2,1,0,1,1,0,1,0,0000000,99,99,99,99,99,99,0,0,0,1,0
48,480713,1,1,1,4,19,0,28,5,2010,6,22,37,0,3,3,SR-16,,139,29.73153333,-99.085758330,0,11,0,0,1,1,1,0,2,1,0,1,0,0000000,88,88,88,88,88,88,0,0,0,1,0
48,480714,2,2,1,3,201,0,29,5,2010,7,0,55,1,13,3,SR-6,,16,29.91116111,-95.627061110,0,8,0,0,1,1,1,0,2,1,0,1,0,0000000,88,88,88,88,88,88,0,0,0,1,0
48,480715,2,2,0,3,201,0,29,5,2010,7,2,39,0,6,4,ALDINEMAILROUTE,,0,29.90286389,-95.322788890,0,12,6,0,1,1,1,0,2,1,0,1,0,0000000,2,51,3,9,3,32,0,0,0,2,1
48,480716,1,1,0,1,57,0,30,5,2010,1,22,34,0,4,3,SR-185,,318,28.42688333,-96.513905560,0,1,0,0,1,1,4,0,3,1,0,1,0,0000000,88,88,88,88,88,88,0,0,0,1,1
48,480717,1,1,0,2,157,2954,30,5,2010,1,6,25,0,4,8,FM1994,,2,29.34821389,-95.776833330,0,59,0,0,1,1,4,0,4,10,0,10,0,0000000,88,88,88,88,88,88,0,0,0,2,1
48,480718,2,2,0,2,217,0,30,5,2010,1,17,35,0,3,3,SR-22,,207,32.04635000,-96.954688890,0,12,6,0,1,1,1,0,1,1,0,1,0,0000000,99,99,99,99,99,99,0,0,0,1,0
48,480719,1,1,0,1,227,0,30,5,2010,1,18,20,1,1,1,I-20,,421,32.32521944,-101.200325000,0,57,0,0,1,1,3,0,1,10,0,10,0,0000000,18,24,18,37,19,17,0,0,0,1,0
48,480720,1,1,0,1,407,0,30,5,2010,1,2,48,0,5,8,FM945,,68,30.35470000,-95.141969440,0,1,0,0,1,1,4,0,2,1,0,1,0,0000000,88,88,88,88,88,88,0,0,0,1,1
48,480721,1,1,0,3,375,0,31,5,2010,2,18,25,0,3,3,SR-136,,47,35.31125556,-101.679197220,0,1,0,0,1,1,1,0,1,10,0,10,0,0000000,18,32,18,40,19,13,0,0,0,1,0
48,480722,1,1,0,2,479,3899,31,5,2010,2,3,55,1,13,2,US-83,MARKET,12,27.50381667,-99.469850000,0,25,0,0,3,3,3,0,3,1,0,1,0,0000000,3,56,4,1,4,21,0,0,0,1,0
48,480723,2,2,0,4,395,0,8,2,2010,2,14,55,1,2,2,US-190,,119,30.75998056,-96.475325000,0,12,6,0,1,1,1,1,1,2,0,2,0,0000000,15,4,15,27,15,49,0,0,0,1,0
48,480724,1,1,1,0,215,5291,15,2,2010,2,7,52,0,16,5,LAFUENTE,,0,26.27189167,-98.440363890,0,8,0,0,1,1,1,0,1,2,0,2,0,0000000,88,88,88,88,88,88,0,0,0,1,0
48,480725,2,2,0,2,167,3850,19,3,2010,6,17,41,1,13,8,FM1765,,28,29.37835000,-95.003758330,0,12,6,0,1,1,1,0,1,1,0,1,0,0000000,17,42,17,43,18,2,0,0,0,1,0
48,480726,1,1,0,2,505,0,16,5,2010,1,22,40,0,3,3,SR-16,,57,27.06524167,-99.015655560,0,1,0,0,1,1,4,0,2,1,0,1,0,0000000,23,3,23,16,0,36,0,0,0,1,0
48,480727,1,1,0,1,149,0,19,5,2010,4,20,55,0,4,8,FM153,PIETSCHKAPPLER,78,30.00662222,-96.944261110,0,38,0,0,3,2,5,0,2,1,0,1,0,0000000,88,88,88,88,88,88,0,0,0,1,1
48,480728,1,1,0,1,27,0,25,5,2010,3,23,59,1,1,1,I-35,,71,30.94846944,-97.538600000,0,24,0,1,18,1,10,0,2,1,0,1,0,0000000,88,88,88,88,88,88,0,0,0,1,0
48,480729,2,2,0,2,99,0,26,5,2010,4,10,25,0,3,3,SR-36,,339,31.27808056,-97.523997220,0,12,8,0,1,1,1,0,1,1,0,1,0,0000000,88,88,88,88,88,88,0,0,0,1,0
48,480731,2,2,0,2,61,0,28,5,2010,6,5,50,0,4,8,FM506,,101,26.10195833,-97.823272220,0,12,6,0,1,1,1,0,4,5,0,5,0,0000000,6,39,6,46,7,34,0,0,0,1,0
48,480732,1,1,0,1,13,0,30,5,2010,1,6,40,0,6,4,COUGHRAN,,0,28.94593056,-98.450761110,0,18,0,0,1,1,4,0,2,1,0,1,0,0000000,88,88,88,88,88,88,0,0,0,1,1
48,480733,1,1,0,2,321,0,30,5,2010,1,4,39,0,3,3,SR-71,,104,28.88512778,-96.188419440,0,1,0,0,1,1,3,0,2,1,0,1,0,0000000,4,39,4,55,5,15,0,0,0,1,0
48,480734,1,1,0,2,455,0,30,5,2010,1,4,5,0,3,3,SR-94,,210,31.03083056,-95.057819440,0,24,0,0,1,1,4,1,2,1,0,1,0,0000000,4,18,4,31,4,59,0,0,0,1,1
48,480735,2,1,0,6,13,0,31,5,2010,2,7,9,1,1,1,I-37,,149,28.78836944,-98.328725000,0,14,0,0,1,1,2,0,1,5,0,5,0,0000000,7,15,7,34,8,49,0,0,0,1,0
48,480736,2,2,0,2,113,2800,1,6,2010,3,6,30,1,13,3,SR-180,14TH,8,32.74134444,-97.023044440,0,1,0,0,2,2,1,0,1,1,0,1,0,0000000,6,33,6,38,7,7,0,0,0,1,0
48,480737,1,1,1,1,29,6090,2,6,2010,4,21,50,0,16,5,AUSTINHIGHWAY,,0,29.49600556,-98.428886110,0,8,0,0,1,1,1,0,2,2,0,2,0,0000000,21,49,22,14,22,24,0,0,0,1,0
48,480738,1,1,1,1,183,4080,2,6,2010,4,2,33,1,13,2,US-80,SIMMS,103,32.50678333,-94.789883330,0,8,0,0,3,3,1,0,3,1,0,1,0,0000000,88,88,88,88,88,88,0,0,0,1,0
48,480739,2,2,0,3,201,1629,2,6,2010,4,14,51,1,13,8,FM2100,STROKER,37,29.96960278,-95.086669440,0,12,6,0,2,2,1,0,1,1,0,1,0,0000000,99,99,99,99,99,99,0,0,0,1,0
48,480740,1,1,0,1,209,0,2,6,2010,4,6,36,0,4,8,RM967,,9,30.12264167,-97.999933330,0,30,0,0,1,1,4,0,2,1,0,1,0,0000000,88,88,88,88,88,88,0,0,0,1,0
48,480741,1,1,0,3,213,0,2,6,2010,4,15,20,0,6,4,4325,,0,32.17153611,-95.646136110,0,42,0,0,1,1,4,0,1,1,0,1,0,0000000,99,99,99,99,99,99,0,0,0,2,0
48,480742,2,2,0,2,287,2640,2,6,2010,4,23,2,1,13,2,US-290,DALLAS,73,30.18434444,-96.945505560,0,12,6,0,2,2,1,0,3,2,0,2,0,0000000,23,4,23,8,23,43,0,0,0,1,1
48,480743,3,3,0,4,491,5990,2,6,2010,4,11,15,0,14,8,FM1460,UNIVERSITY,47,30.57263611,-97.650111110,0,12,6,0,2,2,1,1,1,1,0,1,0,0000000,99,99,99,99,99,99,0,0,0,1,0
48,480744,1,1,0,1,217,0,3,6,2010,5,12,45,0,4,8,FM933,,35,31.91246667,-97.269838890,0,42,0,0,1,1,4,0,1,10,0,10,0,0000000,12,47,12,55,13,13,0,0,0,1,0
48,480745,1,1,0,3,13,0,4,6,2010,6,19,55,1,1,1,I-37,,80,28.71757778,-98.283755560,0,1,0,0,1,1,3,0,1,1,0,1,0,0000000,20,13,20,42,21,32,0,0,0,1,1
48,480747,2,2,0,2,415,0,4,6,2010,6,14,43,0,3,2,US-180,,43,32.70406944,-100.826313890,0,53,0,0,1,1,4,0,1,1,0,1,0,0000000,14,50,15,7,16,15,0,0,0,1,0
48,480748,2,2,0,3,29,6090,5,6,2010,7,1,38,0,16,5,COMMERCE,PICOSO,0,29.42866389,-98.532625000,0,12,6,0,2,3,1,0,3,1,0,1,0,0000000,1,38,1,48,2,38,0,0,0,1,1
48,480749,1,1,0,1,211,0,5,6,2010,7,12,22,1,2,2,US-60,,96,35.80716389,-100.402358330,0,1,0,1,5,1,8,0,1,1,0,1,0,0000000,88,88,88,88,88,88,0,0,0,1,0
48,480750,2,2,0,5,347,0,14,6,2010,2,19,16,0,3,3,SR-21,705,167,31.61439444,-94.693436110,0,12,6,0,3,3,1,0,1,1,0,1,0,0000000,19,21,19,26,20,3,0,0,0,3,0
48,480751,1,1,1,2,61,5056,16,6,2010,4,22,41,1,13,8,FM511,,23,26.02186667,-97.502697220,0,8,0,0,1,1,1,1,2,1,0,1,0,0000000,22,42,22,53,23,27,0,0,0,1,0
48,480752,4,4,1,5,245,0,11,2,2010,5,19,25,1,13,3,SR-347,,88,29.94301111,-93.943513890,0,8,0,0,1,1,1,0,2,2,0,2,0,0000000,88,88,88,88,88,88,0,0,0,1,0
48,480753,1,1,0,3,167,0,26,3,2010,6,1,13,0,6,4,SANDOLLAR,,0,29.44767778,-94.652422220,0,5,0,0,1,1,1,0,2,1,0,1,0,0000000,99,99,99,99,99,99,0,0,0,1,1
48,480754,3,3,0,4,303,4140,2,4,2010,6,23,35,1,11,7,I-27,,49,33.56501667,-101.845622220,0,12,1,0,1,1,1,0,3,1,0,1,0,0000000,23,40,23,43,0,4,0,0,0,2,2
48,480755,1,1,0,1,121,0,1,5,2010,7,2,27,0,4,8,FM1173,,97,33.26782778,-97.253058330,0,32,0,0,1,1,4,0,2,2,0,2,0,0000000,2,34,2,54,3,17,0,0,0,1,1
48,480756,1,1,0,2,181,6350,21,5,2010,6,21,52,1,12,3,SR-91,,113,33.67649722,-96.588191670,0,34,0,0,1,1,4,0,3,1,0,1,0,0000000,21,54,22,22,23,16,0,0,0,1,1
48,480757,2,2,0,3,21,460,22,5,2010,7,8,57,0,14,3,SR-95,HAWTHORN,154,30.12115000,-97.309450000,0,12,6,0,2,2,1,0,1,1,0,1,0,0000000,9,57,10,4,11,21,0,0,0,1,1
48,480758,2,2,0,5,113,1730,22,5,2010,7,2,15,1,11,1,I-635,,71,32.92441944,-96.772094440,0,12,7,0,1,1,1,0,3,1,0,1,0,0000000,2,21,2,29,2,49,0,0,0,1,1
48,480759,1,1,0,2,61,0,23,5,2010,1,3,12,0,3,3,SR-48,,34,25.96935000,-97.376955560,0,30,0,0,1,1,4,0,2,1,0,1,0,0000000,4,6,4,18,4,45,0,0,0,1,0
48,480760,4,4,0,7,143,0,23,5,2010,1,13,7,0,3,2,US-281,,689,32.47846111,-98.139883330,0,12,7,0,1,1,1,0,1,10,0,10,0,0000000,13,17,13,42,14,10,0,0,0,2,0
48,480761,1,1,0,1,473,0,25,5,2010,3,21,20,0,5,8,FM1736,,701,30.16523333,-96.064963890,0,34,0,0,1,1,4,0,2,1,0,1,0,0000000,21,26,21,34,22,2,0,0,0,1,1
48,480762,1,1,0,1,113,1730,26,5,2010,4,10,9,0,16,5,JEFFERSON,,0,32.74316667,-96.834050000,0,33,0,0,1,1,3,0,1,1,0,1,0,0000000,10,13,10,18,11,41,0,0,0,1,0
48,480763,1,1,0,1,113,1730,31,5,2010,2,20,52,1,12,7,US-75,,140,32.81083056,-96.791508330,0,33,0,0,1,1,10,0,3,1,0,1,0,0000000,21,54,21,54,21,54,0,0,0,1,1
48,480764,1,1,1,1,339,0,4,6,2010,6,21,34,0,4,8,FM1485,,258,30.16464444,-95.232980560,0,8,0,0,1,1,2,0,2,1,0,1,0,0000000,99,99,21,35,22,24,0,0,0,1,0
48,480765,2,2,0,4,183,0,9,6,2010,4,15,7,0,3,2,US-259,,44,32.65534722,-94.755705560,0,12,6,0,1,1,1,0,1,2,0,2,0,0000000,99,99,15,38,15,56,0,0,0,1,1
48,480767,1,1,0,3,201,3280,9,6,2010,4,22,50,0,16,5,PARK ROW,,0,29.78917222,-95.653027780,0,42,0,0,1,1,3,0,3,10,0,10,0,0000000,99,99,99,99,99,99,20,0,0,1,0
48,480768,1,1,0,2,141,0,6,2,2010,7,20,3,1,2,8,SL375,,248,31.81649444,-106.268688890,0,24,0,0,1,1,4,0,2,1,0,1,0,0000000,20,8,20,14,20,55,0,0,0,1,0
48,480769,2,2,0,5,201,3280,6,2,2010,7,2,20,1,11,7,I-45,,129,29.65291944,-95.251163890,0,31,0,0,1,1,4,0,3,1,0,1,0,0000000,2,20,2,29,3,26,0,0,0,4,2
48,480770,1,1,1,1,201,3280,11,3,2010,5,12,10,0,16,5,TILGHAM,MCCARTY,0,29.76597778,-95.283766670,0,9,0,0,2,2,1,0,1,1,0,1,0,0000000,12,19,12,25,12,45,0,0,0,1,0
48,480771,2,2,0,3,491,3981,13,3,2010,7,15,18,1,2,2,US-183,,138,30.64301667,-97.871205560,0,12,2,0,1,1,1,0,1,1,0,1,0,0000000,15,23,15,34,16,6,0,0,0,1,0
48,480772,1,1,0,1,395,0,1,4,2010,5,16,30,0,5,8,FM2954,,23,31.18310278,-96.644797220,0,1,0,0,1,1,1,0,1,10,0,10,0,0000000,88,88,88,88,88,88,0,0,0,1,0
48,480773,1,1,0,1,313,0,4,4,2010,1,0,0,0,4,8,FM39,,120,30.85566944,-96.100372220,0,38,0,0,1,1,4,0,2,1,0,1,0,0000000,88,88,88,88,88,88,0,0,0,1,0
48,480774,2,2,0,3,185,0,11,4,2010,1,20,20,0,3,3,SR-30,,51,30.60190278,-96.116638890,0,12,2,0,1,1,1,0,2,1,0,1,0,0000000,20,22,20,40,21,40,0,0,0,2,0
48,480775,1,1,0,1,339,3280,23,4,2010,6,10,30,1,12,7,US-59,,162,30.07002222,-95.246455560,0,42,0,0,1,1,4,0,1,2,0,2,0,0000000,88,88,88,88,88,88,0,0,0,1,0
48,480776,1,1,0,5,167,0,24,4,2010,7,12,0,1,11,1,I-45,,70,29.38670833,-95.017436110,0,25,0,0,1,1,3,0,1,1,0,1,0,0000000,99,99,99,99,99,99,0,0,0,1,0
48,480777,3,3,0,5,215,4197,25,4,2010,1,12,49,0,16,5,2ND,HARVEY,0,26.22737222,-98.216961110,0,12,6,0,2,3,1,0,1,1,0,1,0,0000000,12,50,12,56,13,19,0,0,0,1,0
48,480778,1,1,0,1,141,0,27,1,2010,4,0,20,1,11,1,I-10,,362,31.68693056,-106.267683330,0,52,0,0,1,1,4,0,3,1,0,1,0,0000000,88,88,88,88,88,88,0,0,0,1,1
48,480779,2,2,0,3,39,0,8,1,2010,6,21,3,0,3,8,FM2004,,130,29.16588889,-95.272508330,0,12,2,0,1,1,1,0,2,1,0,1,0,0000000,99,99,99,99,99,99,0,0,0,1,1
48,480780,2,2,0,4,39,0,20,1,2010,4,7,26,0,6,4,316,,0,28.94003611,-95.614358330,0,12,6,0,1,1,1,0,1,5,0,5,0,0000000,7,30,7,40,8,22,0,0,0,1,0
48,480781,1,1,0,1,39,0,7,2,2010,1,6,0,0,15,8,FM523,,189,29.05924167,-95.351963890,0,30,0,0,1,1,4,0,2,1,0,1,0,0000000,88,88,88,88,88,88,0,0,0,1,1
48,480782,1,1,0,1,51,0,20,2,2010,7,2,2,0,3,8,FM60,,51,30.44896944,-96.525536110,0,1,0,0,1,1,4,0,2,1,0,1,0,0000000,88,88,88,88,88,88,0,0,0,1,1
48,480783,1,1,0,2,167,0,25,3,2010,5,3,30,1,12,1,I-45,,163,29.32989167,-94.932308330,0,33,0,1,5,1,10,0,3,2,0,2,0,0000000,99,99,99,99,99,99,0,0,0,1,1
48,480784,1,1,0,1,39,9997,20,3,2010,7,19,25,0,6,4,348,,0,29.07120833,-95.631994440,0,38,0,0,1,1,4,0,1,10,0,10,0,0000000,99,99,99,99,99,99,0,0,0,1,1
48,480785,2,2,0,3,403,0,27,3,2010,7,15,30,0,4,8,FM 83,,2,31.25738889,-93.969363890,0,12,6,0,1,1,1,0,1,1,0,1,0,0000000,88,88,88,88,88,88,0,0,0,1,0
48,480786,2,2,0,3,445,0,26,5,2010,4,17,50,1,13,3,SR-137,480,129,33.12304167,-102.264683330,0,12,6,0,3,2,1,0,1,1,0,1,0,0000000,99,99,99,99,99,99,0,0,0,1,1
48,480788,1,1,0,1,471,0,5,6,2010,7,13,32,0,4,8,FM1696,,130,30.74701667,-95.659783330,0,1,0,0,1,1,4,1,1,1,0,1,0,0000000,88,88,88,88,88,88,0,0,0,1,0
48,480789,1,1,0,1,5,3305,6,6,2010,1,3,0,0,16,5,MTCARMEL,,0,31.32528611,-94.780275000,0,1,0,0,1,1,4,0,2,1,0,1,0,0000000,3,2,3,5,3,23,20,0,0,1,0
48,480790,2,2,0,4,401,0,8,6,2010,3,15,50,0,4,8,FM2011,,19,32.34788056,-94.705741670,0,12,6,0,4,1,1,0,1,10,0,10,0,0000000,99,99,99,99,99,99,0,0,0,1,0
48,480791,1,1,0,1,233,0,9,6,2010,4,7,43,0,3,3,SR-152,,40,35.65345278,-101.331163890,0,1,0,0,1,1,4,0,1,1,0,1,0,0000000,88,88,88,88,88,88,0,0,0,1,0
48,480792,2,2,0,1,5,0,10,6,2010,5,5,40,1,13,8,FM3439,,13,31.37858611,-94.714450000,0,12,6,0,8,1,1,0,2,2,0,2,0,0000000,5,42,5,50,6,41,0,0,0,1,0
48,480793,2,2,0,2,19,0,10,6,2010,5,19,27,0,3,3,SR-16,,142,29.73146667,-99.087330560,0,12,6,0,1,1,1,0,1,1,0,1,0,0000000,19,43,19,56,20,26,0,0,0,1,0
48,480794,1,1,0,1,373,0,10,6,2010,5,1,25,0,14,8,FM2457,,40,30.73931944,-95.037758330,0,42,0,0,1,1,4,0,2,10,0,10,0,0000000,88,88,88,88,88,88,0,0,0,1,1
48,480795,1,1,0,2,201,480,12,6,2010,7,2,21,0,16,5,LOBIT,,0,29.73822222,-94.970155560,0,38,0,0,1,1,4,0,3,1,0,1,0,0000000,2,21,2,37,2,59,20,0,0,1,1
48,480796,1,1,0,2,215,0,12,6,2010,7,2,50,0,6,4,INSPIRATION,,0,26.35345833,-98.326650000,0,1,0,0,1,1,4,0,2,1,0,1,0,0000000,2,57,3,17,4,46,0,0,0,1,1
48,480797,2,2,0,4,303,4140,12,6,2010,7,12,59,1,13,2,US-87,,39,33.50910556,-101.844955560,0,12,7,0,1,1,1,0,1,10,0,10,0,0000000,13,1,13,6,13,28,0,0,0,2,0
48,480798,1,1,0,1,333,0,12,6,2010,7,19,51,0,4,8,FM574,,222,31.45550000,-98.588069440,0,30,0,0,1,1,4,0,1,1,0,1,0,0000000,88,88,88,88,88,88,0,0,0,1,1
48,480799,1,1,0,2,411,0,12,6,2010,7,16,56,0,3,3,SR-71,,13,30.92501667,-99.070330560,0,51,0,0,1,1,1,0,1,1,0,1,0,0000000,17,6,17,41,18,50,0,0,0,1,0
48,480800,1,1,0,1,113,1730,13,6,2010,1,11,1,1,11,1,I-30,,111,32.76433056,-96.844144440,0,25,0,0,1,1,4,0,1,10,0,10,0,0000000,88,88,88,88,88,88,0,0,0,1,0
48,480801,1,1,0,2,267,0,13,6,2010,1,14,28,1,1,1,I-10,,149,30.51918333,-99.898725000,0,1,0,0,1,1,4,0,1,1,0,1,0,0000000,14,59,15,35,17,34,0,0,0,1,0
48,480802,1,1,0,1,373,0,13,6,2010,1,1,30,0,3,2,US-190,,138,30.73180278,-94.978652780,0,53,0,0,1,1,4,0,2,1,0,1,0,0000000,88,88,88,88,88,88,0,0,0,1,1
48,480803,3,3,0,4,453,0,13,6,2010,1,12,1,0,14,8,FM3177,,14,30.33317500,-97.601808330,0,12,1,0,1,1,1,0,1,1,0,1,0,0000000,99,99,99,99,99,99,0,0,0,1,1
48,480804,1,1,0,5,47,0,14,6,2010,2,7,33,0,6,4,230A,,0,27.24238611,-98.064872220,0,30,0,0,1,1,4,0,1,1,0,1,0,0000000,88,88,88,88,88,88,20,0,0,1,0
48,480805,1,1,0,1,187,0,16,6,2010,4,18,15,0,6,4,PIEPER,,0,29.67994722,-98.015508330,0,58,0,0,1,1,4,0,1,1,0,1,0,0000000,88,88,88,88,88,88,0,0,0,1,0
48,480806,2,2,0,2,209,6170,16,6,2010,4,16,35,0,16,5,CLOVISBARKER,,0,29.84102500,-97.955319440,0,12,6,0,8,1,11,0,1,1,0,1,0,0000000,16,36,16,42,17,44,0,0,0,1,0
48,480807,1,1,0,1,473,0,16,6,2010,4,23,23,0,4,8,FM362,,177,29.91916667,-95.957894440,0,30,0,0,1,1,4,0,2,1,0,1,0,0000000,88,88,88,88,88,88,0,0,0,1,1
48,480808,1,1,0,2,331,0,19,6,2010,7,17,0,0,4,8,FM487,,104,30.75186389,-97.148444440,0,38,0,0,1,1,4,0,1,10,0,10,0,0000000,17,28,17,54,18,33,0,0,0,1,0
48,480809,1,1,0,1,419,0,19,6,2010,7,17,0,0,4,8,FM2261,,83,31.60831389,-93.870508330,0,42,0,0,1,1,4,0,1,1,0,1,0,0000000,88,88,88,88,88,88,0,0,0,1,0
48,480810,1,1,0,2,309,0,20,6,2010,1,7,5,0,3,2,US-84,,176,31.63978611,-96.925027780,0,32,0,0,1,1,4,0,1,1,0,1,0,0000000,99,99,99,99,99,99,0,0,0,1,0
48,480811,1,1,0,1,201,0,24,6,2010,5,15,54,1,11,1,I-10,,404,29.77064167,-95.158963890,0,20,0,1,5,1,8,0,1,1,0,1,0,0000000,88,88,88,88,88,88,0,0,0,1,1
48,480812,2,2,1,2,41,970,8,5,2010,7,2,52,1,13,3,SR-21,,99,30.67327778,-96.397186110,0,8,0,0,1,1,1,0,2,10,0,10,0,0000000,2,53,2,56,3,8,0,0,0,1,0
48,480813,2,2,0,2,71,7555,10,5,2010,2,20,33,0,4,8,FM1406,FRANZEN,56,29.82044167,-94.397733330,0,12,2,0,2,4,1,0,2,1,0,1,0,0000000,88,88,88,88,88,88,0,0,0,1,1
48,480814,1,1,0,1,113,1730,17,5,2010,2,99,99,1,12,2,US-75,,150,32.79462500,-96.793316670,0,39,0,1,5,1,4,0,9,1,0,1,0,0000000,88,88,88,88,88,88,0,0,0,1,1
48,480815,1,1,0,1,201,3280,18,5,2010,3,23,35,1,11,7,I-45,,309,29.85515278,-95.399244440,0,59,0,0,1,1,10,0,3,1,0,1,0,0000000,23,40,23,48,0,17,0,0,0,1,0
48,480816,2,2,0,2,201,3280,21,5,2010,6,12,45,1,12,2,US-59,,88,29.74830556,-95.359466670,0,12,6,0,1,1,1,0,1,1,0,1,0,0000000,88,88,88,88,88,88,0,0,0,1,0
48,480817,1,1,0,1,453,0,21,5,2010,6,13,25,1,13,8,FM1327,,71,30.09271111,-97.697211110,0,5,0,0,8,1,1,0,1,1,0,1,0,0000000,88,88,88,88,88,88,0,0,0,1,0
48,480818,2,2,0,2,245,490,2,6,2010,4,20,29,0,16,5,AVEC,ROBERTS,0,30.06015278,-94.100722220,0,12,6,0,3,2,1,0,2,10,0,10,0,0000000,88,88,88,88,88,88,20,0,0,1,1
48,480819,2,2,0,2,201,3280,3,6,2010,5,13,5,0,16,5,ELDRIDGE,PATTERSON,0,29.81286944,-95.617147220,0,12,6,0,2,3,1,0,1,2,0,2,0,0000000,99,99,99,99,99,99,0,0,0,1,0
48,480820,1,1,0,2,375,0,10,6,2010,5,6,0,0,3,3,SR-136,,21,35.58564167,-101.623877780,0,1,0,0,1,1,4,0,2,1,0,1,0,0000000,7,56,8,3,8,35,0,0,0,1,1
48,480821,1,1,1,1,201,3280,24,5,2010,2,2,30,1,12,7,US-59,,100,29.70881667,-95.508872220,0,8,0,0,1,1,1,0,3,1,0,1,0,0000000,2,33,2,41,3,0,0,0,0,1,0
48,480822,2,2,0,2,479,0,25,5,2010,3,9,38,1,2,2,US-59,,71,27.74887222,-98.906477780,0,51,0,0,1,1,1,0,1,2,0,2,0,0000000,9,40,10,36,11,30,0,0,0,1,0
48,480823,1,1,0,2,291,1380,19,1,2010,3,0,42,1,2,2,US-59RAMP,,55,30.32306389,-95.100522220,0,34,0,0,1,1,10,0,3,5,0,5,0,0000000,99,99,99,99,99,99,20,0,0,1,1
48,480824,1,1,0,1,29,4015,6,2,2010,7,16,33,0,4,8,SL1604,,60,29.56744722,-98.332227780,0,24,0,0,1,1,4,0,1,1,0,1,0,0000000,88,88,88,88,88,88,0,0,0,1,0
48,480825,2,1,0,2,339,0,24,2,2010,4,10,55,1,2,3,SR-105,,352,30.32893611,-95.253741670,0,14,0,0,1,1,2,1,1,1,0,1,0,0000000,88,88,88,88,88,88,0,0,0,1,0
48,480826,1,1,0,1,29,0,14,3,2010,1,5,39,0,6,4,BINZENGLEMAN,,0,29.46762778,-98.332191670,0,24,0,0,1,1,4,0,2,1,0,1,0,0000000,88,88,88,88,88,88,0,0,0,1,1
48,480827,2,2,0,4,113,1730,19,3,2010,6,22,41,1,11,1,I-635,,133,32.91093611,-96.881805560,0,12,1,0,1,1,1,0,2,1,0,1,0,0000000,22,38,22,43,23,18,23,0,0,2,1
48,480828,2,2,0,7,121,3960,4,4,2010,1,2,17,1,11,1,I-35,,26,33.00096111,-96.961041670,0,12,1,0,1,1,1,0,2,1,0,1,0,0000000,2,21,2,31,2,58,0,0,0,2,1
48,480829,1,1,0,1,289,0,4,4,2010,1,6,50,0,4,8,FM3,,109,31.02428889,-96.159038890,0,43,0,0,1,1,4,0,4,10,0,10,0,0000000,88,88,88,88,88,88,0,0,0,1,0
48,480831,1,1,0,3,439,3347,22,4,2010,5,15,30,0,16,5,BROWN,,0,32.84785833,-97.159844440,0,33,0,0,1,1,4,0,1,10,0,10,0,0000000,15,42,15,56,16,17,0,0,0,1,0
48,480832,2,2,0,3,39,0,8,5,2010,7,20,30,1,2,3,SR-288,64,127,29.42525556,-95.427063890,0,12,6,0,2,2,1,0,2,1,0,1,0,0000000,20,32,20,39,21,20,0,0,0,1,0
48,480833,1,1,0,1,41,0,11,5,2010,3,17,5,0,6,4,DEMOCRAT,OAKLAKE,0,30.79007778,-96.237477780,0,1,0,0,2,4,4,0,1,10,0,10,0,0000000,88,88,88,88,88,88,0,0,0,1,0
48,480834,1,1,0,3,309,0,14,5,2010,6,11,41,0,3,2,US-84,OLDAXTELL,111,31.61512500,-97.056472220,0,35,0,0,3,2,4,0,1,1,0,1,0,0000000,99,99,99,99,99,99,0,0,0,1,0
48,480835,2,2,0,2,335,0,14,5,2010,6,16,44,1,1,1,I-20,,76,32.34225278,-101.065836110,0,51,0,0,1,1,1,0,1,2,0,2,0,0000000,16,42,16,54,17,47,0,0,0,1,0
48,480836,2,2,0,3,329,4560,19,5,2010,4,4,20,1,2,7,SR-191,FM1788,78,31.97104167,-102.252438890,0,12,6,1,2,2,1,0,3,1,0,1,0,0000000,4,22,4,39,4,47,0,0,0,1,0