STATE,ST_CASE,VE_TOTAL,VE_FORMS,PEDS,PERSONS,COUNTY,CITY,DAY,MONTH,YEAR,DAY_WEEK,HOUR,MINUTE,NHS,ROAD_FNC,ROUTE,TWAY_ID,TWAY_ID2,MILEPT,LATITUDE,LONGITUD,SP_JUR,HARM_EV,MAN_COLL,RELJCT1,RELJCT2,TYP_INT,REL_ROAD,WRK_ZONE,LGT_COND,WEATHER1,WEATHER2,WEATHER,SCH_BUS,RAIL,NOT_HOUR,NOT_MIN,ARR_HOUR,ARR_MIN,HOSP_HR,HOSP_MN,CF1,CF2,CF3,FATALS,DRUNK_DR
48,480837,1,1,0,7,261,0,21,5,2010,6,6,18,1,2,2,US-77,,210,26.95600556,-97.794069440,0,1,0,0,1,1,2,0,2,1,0,1,0,0000000,6,46,7,22,8,30,0,0,0,1,0
48,480838,1,1,0,3,501,0,22,5,2010,7,14,28,0,6,4,220,,0,33.18249444,-102.942641670,0,1,0,0,1,1,4,0,1,1,0,1,0,0000000,99,99,99,99,99,99,0,0,0,1,0
48,480839,2,2,0,9,7,0,29,5,2010,7,16,58,1,1,1,I-45,,181,31.34694444,-96.012580560,0,1,0,0,1,1,3,0,1,1,0,1,0,0000000,17,5,17,44,18,41,0,0,0,3,0
48,480840,1,1,0,1,395,0,29,5,2010,7,4,55,0,5,8,FM2549,,113,30.82768333,-96.526416670,0,1,0,0,1,1,1,0,2,1,0,1,0,0000000,88,88,88,88,88,88,0,0,0,1,1
48,480841,1,1,1,2,329,4560,2,6,2010,4,22,56,1,13,8,SP268,,132,31.99021667,-102.102258330,0,9,0,0,1,1,1,0,3,1,0,1,0,0000000,88,88,88,88,88,88,0,0,0,1,0
48,480842,2,2,0,4,73,3470,3,6,2010,5,14,20,1,13,2,US-175,QUEVADO,105,31.97371389,-95.277708330,0,12,6,0,2,2,1,0,1,2,0,2,0,0000000,14,23,14,26,14,45,0,0,0,1,0
48,480843,1,1,0,1,85,7620,3,6,2010,5,0,12,0,14,8,FM544,,84,33.01095000,-96.574169440,0,33,0,0,1,1,3,0,2,10,0,10,0,0000000,0,13,0,16,0,38,0,0,0,1,1
48,480844,3,3,0,5,185,0,4,6,2010,6,10,11,1,2,3,SR-105,,74,30.35877778,-95.961886110,0,12,8,0,1,1,1,0,1,10,0,10,1,0000000,10,12,10,26,10,58,14,0,0,1,0
48,480845,1,1,0,1,339,0,4,6,2010,6,21,53,0,6,4,PORTER,,0,30.15868611,-95.318750000,0,11,0,0,1,1,1,0,2,10,0,10,0,0000000,21,55,22,17,22,54,0,0,0,1,0
48,480846,1,1,0,2,419,0,4,6,2010,6,15,39,0,3,3,SR-87,4037,208,31.89408889,-94.387691670,0,42,0,0,3,4,4,0,1,1,0,1,0,0000000,15,40,15,48,16,20,0,0,0,2,1
48,480847,2,2,0,2,71,0,6,6,2010,1,21,57,1,1,1,I-10,,149,29.82831389,-94.458319440,0,25,0,0,1,1,3,0,2,1,0,1,0,0000000,99,99,99,99,99,99,0,0,0,1,0
48,480848,1,1,0,2,27,0,20,6,2010,1,12,50,0,4,3,SR-53,,175,31.06052222,-97.226708330,0,32,0,0,1,1,4,0,1,1,0,1,0,0000000,12,57,13,6,13,23,0,0,0,2,0
48,480849,2,2,0,2,185,9997,22,6,2010,3,10,21,0,3,3,SR-30,FM244,74,30.59461944,-96.078066670,0,12,6,0,2,2,1,0,1,1,0,1,0,0000000,88,88,88,88,88,88,0,0,0,1,0
48,480850,2,2,0,2,365,0,22,6,2010,3,7,50,0,3,2,US-79,,38,32.16335278,-94.383991670,0,12,2,0,1,1,2,0,1,1,0,1,0,0000000,88,88,88,88,88,88,0,0,0,2,0
48,480851,2,2,0,3,113,1730,24,6,2010,5,23,33,1,12,7,US-175,,102,32.67879722,-96.608666670,0,12,7,0,1,1,1,0,3,1,0,1,0,0000000,88,88,88,88,88,88,0,0,0,1,1
48,480852,2,2,0,2,113,31,25,6,2010,6,16,30,0,16,5,MIDWAY,BELTWAY,0,32.95198333,-96.838777780,0,12,6,0,2,2,1,0,1,1,0,1,0,0000000,16,33,16,34,16,52,0,0,0,1,0
48,480853,1,1,0,1,185,0,25,6,2010,6,1,1,0,5,8,FM1227,,67,30.30651389,-96.083644440,0,11,0,0,1,1,1,0,2,10,0,10,0,0000000,1,13,1,44,2,15,0,0,0,1,0
48,480854,2,2,0,4,85,92,26,6,2010,7,0,5,0,16,5,EXCHANGE,BRAYCENTRAL,0,33.11515000,-96.687530560,0,12,6,0,2,2,1,0,3,1,0,1,0,0000000,0,6,0,10,0,40,0,0,0,1,0
48,480855,2,2,0,3,99,0,26,6,2010,7,12,40,0,3,3,SR-36,,250,31.32403889,-97.650700000,0,25,0,0,1,1,4,0,1,1,0,1,0,0000000,13,5,13,40,14,1,0,0,0,1,0
48,480856,1,1,0,4,201,0,27,6,2010,1,22,40,0,6,4,BEECHNUT,,0,29.68963889,-95.644708330,0,33,0,0,1,1,4,0,2,1,0,1,0,0000000,22,52,23,11,23,34,0,0,0,1,1
48,480857,2,2,0,3,231,2860,27,6,2010,1,5,0,1,11,7,I-30,,149,33.12052500,-96.094794440,0,12,2,0,1,1,1,1,3,1,0,1,0,0000000,5,22,5,52,6,17,0,0,0,2,1
48,480858,1,1,0,1,179,0,28,6,2010,2,12,8,0,3,3,SR-152,,29,35.53240833,-101.052141670,0,32,0,0,1,1,4,0,1,1,0,1,0,0000000,88,88,88,88,88,88,0,0,0,1,0
48,480859,1,1,0,2,241,0,28,6,2010,2,6,28,0,3,3,SR-63,,146,30.92390833,-94.069027780,0,42,0,0,1,1,4,0,1,1,0,1,0,0000000,99,99,99,99,99,99,0,0,0,1,0
48,480860,1,1,0,1,369,0,28,6,2010,2,2,55,1,2,2,US-70,,33,34.37816667,-103.001444440,0,42,0,0,1,1,3,0,2,2,0,2,0,0000000,88,88,88,88,88,88,0,0,0,1,0
48,480861,1,1,1,1,77,9997,29,6,2010,3,18,49,1,2,2,US-82,,39,33.86948889,-98.351775000,0,8,0,0,1,1,1,0,1,1,0,1,0,0000000,18,58,19,6,19,30,0,0,0,1,0
48,480862,1,1,0,5,249,0,29,6,2010,3,3,25,0,6,4,428,,99999,27.37287222,-98.165911110,0,44,0,0,1,1,1,0,2,1,0,1,0,0000000,3,38,4,28,5,24,0,0,0,2,0
48,480863,1,1,0,1,297,0,11,1,2010,2,7,5,1,1,1,I-37,,371,28.58443611,-98.204969440,0,1,0,0,1,1,4,0,4,1,0,1,0,0000000,88,88,88,88,88,88,0,0,0,1,0
48,480864,2,2,1,5,491,5990,28,1,2010,5,18,47,0,16,5,GATTISSCHOOL,,0,30.49628611,-97.661805560,0,8,0,0,1,1,1,0,3,2,0,2,0,0000000,18,51,18,55,19,11,0,0,0,1,0
48,480865,1,1,1,1,61,3780,14,3,2010,1,1,53,1,12,7,US-83,,20,26.16521111,-97.830763890,0,9,0,0,1,1,1,0,2,1,0,1,0,0000000,88,88,88,88,88,88,0,0,0,1,1
48,480866,1,1,0,5,349,1570,21,3,2010,1,8,1,1,11,1,I-45,,187,32.07728889,-96.442944440,0,1,0,0,1,1,3,0,1,2,0,2,0,0000000,8,11,8,15,8,52,0,0,0,1,1
48,480867,1,1,0,1,223,0,29,3,2010,2,10,39,1,1,1,I-30,,228,33.14686111,-95.487761110,0,59,0,0,1,1,4,0,1,1,0,1,0,0000000,88,88,88,88,88,88,20,0,0,1,0
48,480868,2,2,0,4,71,7244,1,4,2010,5,4,29,1,1,1,I-10,,127,29.83996389,-94.705066670,0,12,1,0,1,1,1,0,2,1,0,1,0,0000000,4,40,4,51,5,46,0,0,0,2,0
48,480869,1,1,1,1,441,30,3,4,2010,7,19,25,0,16,5,14TH,PECAN,0,32.43176944,-99.732452780,0,9,0,0,2,2,1,0,5,1,0,1,0,0000000,19,27,19,37,19,52,0,0,0,1,0
48,480870,2,2,0,4,113,2800,8,4,2010,5,17,34,1,13,3,SR-180,FTWORTH,13,32.74313333,-97.013741670,0,12,6,0,2,4,1,0,1,1,0,1,0,0000000,99,99,99,99,99,99,0,0,0,1,0
48,480871,1,1,0,1,469,7190,9,4,2010,6,6,38,1,13,8,BU59,,51,28.81743611,-96.962019440,0,34,0,0,1,1,4,0,4,1,0,1,0,0000000,6,38,6,44,6,58,0,0,0,1,0
48,480872,1,1,1,1,395,3070,10,4,2010,7,21,49,1,2,2,US-79,,12,30.86923611,-96.602886110,0,8,0,0,1,1,1,0,2,10,0,10,0,0000000,21,48,22,3,22,36,19,0,0,1,0
48,480873,1,1,0,1,465,0,10,4,2010,7,18,19,1,2,2,US-277,,8,30.09546111,-100.705961110,0,1,0,0,1,1,4,0,1,1,0,1,0,0000000,18,56,19,45,20,48,0,0,0,1,0
48,480874,1,1,0,1,303,4140,14,4,2010,4,23,48,0,16,5,50TH,C,0,33.54872500,-101.838950000,0,25,0,0,3,3,3,0,3,1,0,1,0,0000000,23,51,23,56,0,6,0,0,0,1,1
48,480875,1,1,1,1,121,0,13,4,2010,3,20,52,0,14,8,FM156,,159,33.13188333,-97.289547220,0,8,0,0,1,1,1,0,2,1,0,1,0,0000000,88,88,88,88,88,88,0,0,0,1,0
48,480876,1,1,0,1,465,0,16,4,2010,6,12,30,1,2,2,US-90,,13,29.70608611,-101.318158330,0,24,0,0,1,1,4,0,1,1,0,1,0,0000000,88,88,88,88,88,88,0,0,0,1,0
48,480877,2,2,0,2,453,3541,18,4,2010,1,15,32,0,3,8,RM1431,,177,30.47686111,-97.955608330,0,12,1,0,1,1,1,0,1,1,0,1,0,0000000,15,47,15,52,16,36,0,0,0,1,1
48,480878,1,1,1,1,441,30,22,4,2010,5,23,51,1,11,1,I-20,,20,32.49040556,-99.735725000,0,8,0,0,1,1,1,0,2,10,0,10,0,0000000,88,88,88,88,88,88,0,0,0,1,0
48,480879,1,1,0,1,251,0,5,5,2010,4,13,21,0,4,8,FM4,,127,32.37123056,-97.453497220,0,1,0,0,1,1,4,0,1,1,0,1,0,0000000,88,88,88,88,88,88,0,0,0,1,0
48,480880,2,2,1,3,37,6850,7,5,2010,6,20,32,1,13,8,SL14,20TH,22,33.43593056,-94.053222220,0,8,0,0,2,2,1,0,3,1,0,1,0,0000000,99,99,99,99,99,99,14,0,0,1,0
48,480881,1,1,1,1,439,2800,11,5,2010,3,9,50,0,16,5,ENGLAND,,0,32.58669444,-97.059752780,0,8,0,0,1,1,1,0,1,10,0,10,0,0000000,9,57,10,20,10,41,0,0,0,1,0
48,480882,1,1,0,1,245,490,14,5,2010,6,23,24,1,1,1,I-10RAMP,,185,30.05275000,-94.143300000,0,42,0,1,19,1,3,0,3,2,0,2,0,0000000,88,88,88,88,88,88,0,0,0,1,0
48,480883,1,1,0,1,245,490,16,5,2010,1,18,49,0,16,5,LANGHAM,,0,30.06161111,-94.165063890,0,34,0,0,1,1,4,0,1,1,0,1,0,0000000,18,50,18,57,19,14,0,0,0,1,1
48,480884,1,1,0,1,463,0,20,5,2010,5,3,8,1,2,2,US-83,FM1435,341,29.19182500,-99.789761110,0,30,0,0,3,3,4,0,3,1,0,1,0,0000000,99,99,99,99,99,99,0,0,0,1,1
48,480885,1,1,0,1,113,1539,21,5,2010,6,9,20,1,11,1,I-635,,62,32.92383333,-96.993313890,0,21,0,0,1,1,4,0,1,1,0,1,0,0000000,9,43,10,5,10,40,0,0,0,1,0
48,480886,2,2,0,3,329,0,21,5,2010,6,22,13,1,13,8,BI20,,11,31.89424167,-102.271486110,0,12,2,0,1,1,1,0,2,1,0,1,0,0000000,22,12,22,36,22,46,0,0,0,2,1
48,480887,2,2,0,7,215,0,26,5,2010,4,18,40,0,6,4,CURVE,CESARCHAVEZ,0,26.28671944,-98.117844440,0,12,6,0,2,2,1,0,1,1,0,1,0,0000000,99,99,99,99,99,99,0,0,0,1,0
48,480888,2,2,0,2,473,0,29,5,2010,7,12,1,0,4,8,FM529,,30,29.87417778,-95.910772220,0,12,1,0,8,1,1,0,1,1,0,1,0,0000000,88,88,88,88,88,88,0,0,0,1,0
48,480889,1,1,0,3,13,0,30,5,2010,1,4,11,1,1,1,I-37,,181,28.82139167,-98.361877780,0,1,0,0,1,1,3,0,2,1,0,1,0,0000000,5,22,5,45,6,15,0,0,0,2,0
48,480890,1,1,0,6,339,6536,30,5,2010,1,6,55,1,2,2,US-59,,18,30.24945556,-95.152291670,0,39,0,0,1,1,4,1,1,1,0,1,0,0000000,6,46,6,53,7,42,0,0,0,1,0
48,480891,1,1,0,1,213,2938,1,6,2010,3,20,56,0,16,5,MEADOWLAKE,,0,32.33567222,-96.151519440,0,32,0,0,1,1,4,0,3,1,0,1,0,0000000,20,59,21,11,21,24,0,0,0,1,1
48,480892,2,2,0,3,445,920,2,6,2010,4,15,6,1,13,2,US-62,SR-137,207,33.16108611,-102.291683330,0,12,6,0,2,2,1,0,1,1,0,1,0,0000000,88,88,88,88,88,88,0,0,0,2,0
48,480893,3,3,0,4,481,4128,3,6,2010,5,18,35,1,2,2,US-59,,364,29.11210556,-96.418138890,0,12,6,0,1,1,1,0,1,2,0,2,0,0000000,18,39,18,41,19,34,0,0,0,1,0
48,480894,1,1,0,2,155,0,5,6,2010,7,0,23,0,6,4,152,,0,33.89998611,-99.695477780,0,35,0,0,1,1,4,0,2,1,0,1,0,0000000,88,88,88,88,88,88,0,0,0,1,1
48,480895,2,2,0,2,241,0,8,6,2010,3,22,48,1,2,2,US-96,RC255,108,31.05646389,-93.983402780,0,12,6,0,2,2,1,1,2,1,0,1,0,0000000,22,57,23,3,23,46,0,0,0,1,0
48,480896,2,2,0,2,339,0,8,6,2010,3,12,8,0,4,8,FM1485,,32,30.14872778,-95.160472220,0,12,8,0,1,1,1,0,1,2,0,2,0,0000000,88,88,88,88,88,88,0,0,0,1,0
48,480897,1,1,0,1,27,3027,9,6,2010,4,2,13,0,14,8,FM3423,,18,31.07506389,-97.653522220,0,33,0,0,1,1,4,0,3,10,0,10,0,0000000,88,88,88,88,88,88,0,0,0,1,1
48,480898,1,1,1,1,355,1550,11,6,2010,6,3,2,1,12,7,SR-44,,78,27.78441667,-97.490872220,0,8,0,0,1,1,1,0,2,1,0,1,0,0000000,88,88,88,88,88,88,0,0,0,1,0
48,480899,2,2,0,3,361,0,12,6,2010,7,3,0,0,3,3,SR-62,,118,30.10465000,-93.820625000,0,12,1,0,1,1,1,0,2,1,0,1,0,0000000,3,6,3,10,3,39,0,0,0,2,1
48,480900,2,2,0,2,339,0,13,6,2010,1,17,0,0,4,8,FM3083,,116,30.24290278,-95.384502780,0,12,2,0,1,1,1,0,1,1,0,1,0,0000000,17,7,17,13,17,48,0,0,0,1,1
48,480901,1,1,0,2,453,330,13,6,2010,1,0,36,0,16,5,CAMERON,CROSSPARK,0,30.34397222,-97.678436110,0,33,0,0,3,3,3,0,3,1,0,1,0,0000000,0,37,0,41,1,16,0,0,0,1,1
48,480902,1,1,0,1,201,0,19,6,2010,7,17,55,1,13,3,SR-249RAMP,,58,30.01031111,-95.589411110,0,33,0,0,5,1,8,0,1,1,0,1,0,0000000,18,0,18,9,18,49,0,0,0,1,1
48,480903,2,1,0,6,497,0,21,6,2010,2,18,49,1,2,2,US-81,,140,33.28427222,-97.631516670,0,14,0,0,1,1,5,0,1,1,0,1,0,0000000,18,54,19,27,20,1,0,0,0,3,0
48,480904,1,1,0,2,37,6850,22,6,2010,3,2,59,1,13,2,US-67,MILAM,15,33.42408889,-94.068058330,0,33,0,0,2,2,4,0,3,1,0,1,0,0000000,2,57,3,2,3,17,0,0,0,1,1
48,480905,2,2,0,2,35,0,25,6,2010,6,11,20,0,3,3,SR-174,2842,74,32.05214722,-97.588902780,0,12,6,0,2,3,1,0,1,1,0,1,0,0000000,99,99,99,99,99,99,0,0,0,1,0
48,480906,2,2,0,4,213,300,25,6,2010,6,14,10,0,14,8,SL7,FM1616,261,32.22804722,-95.824233330,0,12,6,0,2,2,1,0,1,2,0,2,0,0000000,99,99,99,99,99,99,0,0,0,1,0
48,480907,1,1,0,1,141,2190,18,1,2010,2,1,45,1,11,7,I-10,,339,31.71070278,-106.294763890,0,1,0,0,1,1,10,0,2,1,0,1,0,0000000,88,88,88,88,88,88,0,0,0,1,1
48,480908,2,2,0,3,29,0,14,2,2010,1,2,24,0,4,8,FM2536,,110,29.30511111,-98.666625000,0,12,2,0,1,1,1,0,3,1,0,1,0,0000000,2,46,3,2,3,32,0,0,0,1,1
48,480909,3,3,0,5,201,3280,13,3,2010,7,22,10,0,16,5,HEMPSTEAD,BINGLE,0,29.82597500,-95.493850000,0,12,6,0,2,2,1,0,3,1,0,1,0,0000000,99,99,99,99,99,99,0,0,0,1,1
48,480910,2,2,0,2,97,0,4,4,2010,1,18,49,0,4,8,FM2896,MCCARY,129,33.69594167,-97.032838890,0,12,1,0,3,3,1,0,1,1,0,1,0,0000000,18,59,19,14,19,34,0,0,0,1,1
48,480911,1,1,0,5,343,0,4,4,2010,1,8,50,0,3,3,SR-49,,26,33.07967500,-94.777636110,0,1,0,0,1,1,1,0,1,1,0,1,0,0000000,8,50,8,57,9,28,0,0,0,1,0
48,480912,1,1,0,1,85,0,7,4,2010,4,15,20,0,5,8,FM2756,,24,33.21326944,-96.416186110,0,59,0,0,1,1,4,0,1,1,0,1,0,0000000,88,88,88,88,88,88,0,0,0,1,0
48,480913,1,1,0,2,231,1109,8,4,2010,5,21,32,1,2,3,SR-24,,11,33.14912222,-95.959566670,0,59,0,0,8,1,3,0,2,1,0,1,0,0000000,21,37,21,46,99,99,0,0,0,1,0
48,480914,1,1,0,1,201,3280,9,4,2010,6,2,2,1,11,1,I-610,,69,29.78098611,-95.453461110,0,25,0,0,1,1,3,0,3,1,0,1,0,0000000,88,88,88,88,88,88,0,0,0,1,1
48,480915,1,1,0,1,67,0,10,4,2010,7,13,0,0,4,8,FM1399,,17,33.15839167,-94.522847220,0,42,0,0,1,1,4,0,1,1,0,1,0,0000000,88,88,88,88,88,88,0,0,0,1,1
48,480916,1,1,1,1,201,3280,10,4,2010,7,0,21,1,12,2,US-90,,28,29.63586667,-95.493858330,0,8,0,0,1,1,1,0,2,1,0,1,0,0000000,88,88,88,88,88,88,0,0,0,1,0
48,480917,1,1,0,4,201,3280,11,4,2010,1,14,24,1,12,2,US-59,,37,29.81370000,-95.335336110,0,25,0,0,1,1,3,0,1,1,0,1,0,0000000,14,25,14,31,14,53,0,0,0,1,1
48,480918,1,1,0,5,201,3280,11,4,2010,1,22,5,1,12,2,US-90A,,34,29.63914444,-95.484944440,0,33,0,0,1,1,4,0,2,1,0,1,0,0000000,22,7,22,17,22,37,0,0,0,1,1
48,480919,2,2,0,3,181,0,13,4,2010,3,6,53,0,3,3,SR-56,FM1417,225,33.62788056,-96.645091670,0,12,2,0,2,2,1,0,4,1,0,1,0,0000000,88,88,88,88,88,88,0,0,0,1,0
48,480920,1,1,0,1,113,1730,16,4,2010,6,1,20,0,16,5,RAMONA,GRACELAND,0,32.70457778,-96.807061110,0,39,0,0,3,3,4,0,3,10,0,10,0,0000000,1,31,1,37,2,53,0,0,0,1,1
48,480921,1,1,0,2,201,3280,19,4,2010,2,21,23,1,13,3,SR-6,,135,29.74304167,-95.644377780,0,42,0,0,1,1,4,0,3,1,0,1,0,0000000,88,88,88,88,88,88,0,0,0,1,1
48,480922,3,3,0,5,51,0,21,4,2010,4,11,50,0,3,8,FM60,,48,30.44803611,-96.525938890,0,12,2,0,1,1,1,0,1,1,0,1,0,0000000,12,5,12,23,13,10,0,0,0,1,0
48,480923,2,2,0,2,355,1550,23,4,2010,6,12,30,1,13,3,SR-357,,105,27.69833611,-97.410169440,0,12,7,0,1,1,1,0,1,1,0,1,0,0000000,12,31,12,43,12,53,0,0,0,1,0
48,480924,1,1,1,1,157,5760,24,4,2010,7,22,56,1,13,8,UA90,,180,29.57846111,-95.770422220,0,8,0,0,1,1,1,0,3,1,0,1,0,0000000,99,99,99,99,99,99,0,0,0,1,0
48,480925,2,2,0,2,485,7490,24,4,2010,7,17,54,0,14,8,FM890,SHEPPARD ACCESS,8,33.94940000,-98.514250000,0,12,6,0,2,2,1,0,1,1,0,1,0,0000000,17,56,18,3,18,19,0,0,0,1,1
48,480927,1,1,0,1,201,3280,1,5,2010,7,22,14,1,11,7,I-45,,154,29.68249167,-95.275225000,0,30,0,0,1,1,4,0,2,1,0,1,0,0000000,88,88,88,88,88,88,0,0,0,1,1
48,480928,1,1,0,9,39,0,2,5,2010,1,0,20,0,5,8,FM2918,,62,28.89730556,-95.495608330,0,1,0,0,1,1,1,0,2,10,0,10,0,0000000,99,99,99,99,99,99,0,0,0,3,1
48,480929,1,1,0,2,121,0,2,5,2010,1,17,32,0,3,8,FM455,,37,33.35723056,-97.327830560,0,1,0,0,1,1,4,0,1,1,0,1,0,0000000,99,99,99,99,99,99,0,0,0,1,0
48,480930,1,1,0,1,257,0,4,5,2010,3,0,41,0,5,8,FM 3396,,0,32.36361111,-96.327769440,0,1,0,0,1,1,4,0,2,1,0,1,0,0000000,88,88,88,88,88,88,0,0,0,1,1
48,480931,1,1,0,2,201,3280,5,5,2010,4,0,54,0,16,5,BRIARPARK,,0,29.72567222,-95.548938890,0,42,0,0,1,1,3,0,3,1,0,1,0,0000000,0,55,1,11,1,41,0,0,0,1,1
48,480932,1,1,0,1,343,0,5,5,2010,4,9,2,0,3,2,US-67,,93,33.18821389,-94.787394440,0,53,0,0,1,1,4,0,1,1,0,1,0,0000000,9,7,9,23,99,99,0,0,0,1,0
48,480933,1,1,0,1,181,0,6,5,2010,5,4,30,0,4,8,FM121,,282,33.42191389,-96.623233330,0,11,0,0,1,1,1,0,2,1,0,1,0,0000000,4,40,4,58,5,39,0,0,0,1,0
48,480934,1,1,0,1,67,0,7,5,2010,6,14,5,0,3,3,SR-155,,63,32.96820278,-94.447747220,0,1,0,0,1,1,1,0,1,1,0,1,0,0000000,88,88,88,88,88,88,0,0,0,1,0
48,480935,1,1,0,2,121,0,7,5,2010,6,21,25,0,6,4,LEATHERWOOD,,0,33.13650833,-97.109850000,0,38,0,0,1,1,4,0,2,1,0,1,0,0000000,21,30,21,44,21,53,0,0,0,1,0
48,480936,1,1,0,2,277,0,7,5,2010,6,21,19,0,4,8,FM1500,,63,33.80375556,-95.630322220,0,35,0,0,1,1,4,0,2,10,0,10,0,0000000,21,23,22,5,22,22,0,0,0,1,1
48,480937,2,2,0,2,231,0,8,5,2010,7,8,18,0,4,8,FM2947,PR3549,54,33.02116944,-96.002213890,0,12,6,0,2,2,1,0,1,1,0,1,0,0000000,8,19,8,33,9,7,0,0,0,1,0
48,480938,1,1,1,2,71,0,9,5,2010,1,2,13,1,1,1,I-10,,47,29.82778056,-94.827633330,0,8,0,0,1,1,1,0,2,1,0,1,0,0000000,88,88,88,88,88,88,19,0,0,1,0
48,480939,1,1,0,1,201,3280,11,5,2010,3,11,36,0,16,5,FULTON,,0,29.84946667,-95.379450000,0,32,0,0,1,1,4,0,1,1,0,1,0,0000000,99,99,11,39,12,22,0,0,0,1,0
48,480940,1,1,2,1,139,0,15,5,2010,7,23,45,0,14,8,FM 875,,131,32.40135000,-97.030741670,0,9,0,0,1,1,1,0,2,1,0,1,0,0000000,0,21,0,35,1,13,0,0,0,1,1
48,480941,2,2,0,2,67,0,16,5,2010,1,4,19,0,6,4,4230,4231,0,33.03727778,-94.165363890,0,12,6,0,2,2,1,0,3,1,0,1,0,0000000,4,34,4,49,5,25,0,0,0,1,0
48,480942,1,1,0,2,67,0,16,5,2010,1,19,57,0,6,4,1136,,0,33.05174722,-94.336363890,0,1,0,0,1,1,4,0,1,1,0,1,0,0000000,19,57,20,12,20,38,0,0,0,1,1
48,480943,3,3,0,3,201,3280,16,5,2010,1,6,13,1,12,8,US90A,,34,29.63312222,-95.500847220,0,26,0,0,1,1,3,0,4,10,0,10,0,0000000,6,16,6,23,6,44,0,0,0,2,0
48,480944,2,2,0,2,387,210,16,5,2010,1,22,10,1,2,2,US-82,FM44,243,33.58708333,-94.920216670,0,12,6,0,2,3,1,0,3,1,0,1,0,0000000,88,88,88,88,88,88,0,0,0,1,0
48,480945,1,1,0,1,491,0,16,5,2010,1,7,28,0,6,4,175,,0,30.57944167,-97.787213890,0,38,0,0,1,1,4,0,2,1,0,1,0,0000000,88,88,88,88,88,88,0,0,0,1,1
48,480946,1,1,1,1,113,1730,18,5,2010,3,22,0,0,16,5,BONNIEVIEW,,0,32.66902778,-96.760547220,0,8,0,0,1,1,1,0,3,1,0,1,0,0000000,22,2,22,4,22,23,0,0,0,2,0
48,480947,1,1,0,1,85,2520,27,5,2010,5,16,20,0,16,5,DALLASNORTHTOLLWAY,,0,33.09338611,-96.822730560,0,33,0,0,5,1,8,0,1,1,0,1,0,0000000,88,88,88,88,88,88,0,0,0,1,0
48,480948,1,1,0,1,139,0,27,5,2010,5,0,26,0,14,8,FM875,,56,32.41356667,-96.913491670,0,42,0,0,1,1,4,0,2,1,0,1,0,0000000,88,88,88,88,88,88,0,0,0,1,1
48,480949,1,1,0,2,343,0,28,5,2010,6,21,23,0,3,3,SR-49,,30,33.08021667,-94.784194440,0,1,0,0,8,1,1,0,2,1,0,1,0,0000000,21,30,21,39,23,3,0,0,0,1,0
48,480950,1,1,0,3,37,0,30,5,2010,1,15,28,1,1,1,I-30,,209,33.47373611,-94.403580560,0,1,0,0,1,1,4,0,1,1,0,1,0,0000000,15,31,15,34,16,14,0,0,0,1,0
48,480951,1,1,0,1,231,0,1,6,2010,3,21,31,1,1,7,I-30,,65,33.02134722,-96.201011110,0,1,0,0,1,1,10,0,2,1,0,1,0,0000000,99,99,99,99,99,99,20,0,0,1,0
48,480952,2,2,0,3,169,0,2,6,2010,4,23,23,1,2,2,US-84,FM211,47,33.30148056,-101.511311110,0,12,6,0,2,2,1,0,2,1,0,1,0,0000000,88,88,88,88,88,88,0,0,0,2,1
48,480953,2,2,0,3,181,0,4,6,2010,6,11,29,1,2,2,US-82,4TH,13,33.66355833,-96.923061110,0,12,6,0,2,2,1,0,1,1,0,1,0,0000000,99,99,99,99,99,99,0,0,0,1,0
48,480954,1,1,0,1,223,0,4,6,2010,6,0,4,0,3,3,SR-11,,32,33.02860000,-95.409458330,0,42,0,0,1,1,4,0,2,1,0,1,0,0000000,88,88,88,88,88,88,0,0,0,1,0
48,480955,1,1,0,5,37,0,5,6,2010,7,5,13,1,1,1,I-30,,29,33.33859444,-94.664833330,0,1,0,0,1,1,3,0,2,10,0,10,0,0000000,99,99,99,99,99,99,0,0,0,1,0
48,480956,1,1,0,2,349,0,6,6,2010,1,22,40,0,5,8,FM636,,94,32.17249722,-96.265550000,0,42,0,0,1,1,4,0,2,1,0,1,0,0000000,22,57,23,18,2,3,0,0,0,1,1
48,480957,1,1,0,2,67,0,9,6,2010,4,8,2,0,4,8,FM125,,205,32.93014722,-94.104627780,0,42,0,0,1,1,4,0,1,10,0,10,0,0000000,8,16,8,47,9,39,0,0,0,1,0
48,480958,1,1,0,1,135,0,9,6,2010,4,20,3,0,6,4,CUNNINGHAM,,0,31.74225556,-102.351786110,0,11,0,0,1,1,1,0,1,1,0,1,0,0000000,20,9,20,20,20,31,0,0,0,1,0
48,480959,1,1,0,3,365,0,10,6,2010,5,3,53,0,4,8,FM31,,42,32.21430833,-94.171241670,0,35,0,0,1,1,4,0,2,10,0,10,0,0000000,3,56,4,15,5,2,0,0,0,2,0
48,480960,2,2,0,2,231,0,12,6,2010,7,11,35,1,2,3,SR-34,,32,32.94464722,-96.107358330,0,12,2,0,1,1,1,0,1,1,0,1,0,0000000,99,99,99,99,99,99,0,0,0,1,0
48,480961,2,2,0,3,177,0,13,6,2010,1,18,6,1,2,2,US-183,,264,29.41445833,-97.380138890,0,12,6,0,1,1,1,0,1,1,0,1,0,0000000,18,29,19,4,19,41,0,0,0,1,1