STATE,ST_CASE,VE_TOTAL,VE_FORMS,PEDS,PERSONS,COUNTY,CITY,DAY,MONTH,YEAR,DAY_WEEK,HOUR,MINUTE,NHS,ROAD_FNC,ROUTE,TWAY_ID,TWAY_ID2,MILEPT,LATITUDE,LONGITUD,SP_JUR,HARM_EV,MAN_COLL,RELJCT1,RELJCT2,TYP_INT,REL_ROAD,WRK_ZONE,LGT_COND,WEATHER1,WEATHER2,WEATHER,SCH_BUS,RAIL,NOT_HOUR,NOT_MIN,ARR_HOUR,ARR_MIN,HOSP_HR,HOSP_MN,CF1,CF2,CF3,FATALS,DRUNK_DR
48,480962,2,2,0,3,339,0,13,6,2010,1,16,10,0,4,8,FM149,,200,30.34223056,-95.697538890,0,12,2,0,1,1,1,0,1,1,0,1,0,0000000,88,88,88,88,88,88,0,0,0,1,0
48,480963,2,2,0,2,113,1730,14,6,2010,2,5,57,0,16,5,MOCKINGBIRD,MATILDA,0,32.83662778,-96.767925000,0,12,6,0,2,2,1,0,4,10,0,10,0,0000000,6,2,6,6,6,27,0,0,0,1,0
48,480964,1,1,0,1,459,0,14,6,2010,2,23,55,0,3,2,US-259,,157,32.69236944,-94.750941670,0,24,0,0,1,1,4,0,2,1,0,1,0,0000000,88,88,88,88,88,88,0,0,0,1,1
48,480965,1,1,1,1,329,4560,15,6,2010,3,7,52,1,11,7,I-20,,130,31.96759167,-102.096033330,0,9,0,0,1,1,1,0,1,1,0,1,0,0000000,88,88,88,88,88,88,0,0,0,1,0
48,480966,1,1,0,1,449,0,15,6,2010,3,21,48,0,5,8,FM1001,,59,33.21696944,-94.906211110,0,1,0,0,1,1,4,0,2,1,0,1,0,0000000,22,0,22,15,23,21,0,0,0,1,1
48,480967,1,1,0,1,113,4530,17,6,2010,5,0,7,0,16,5,CARTWRIGHT,,0,32.74557500,-96.581047220,0,33,0,0,1,1,4,0,3,1,0,1,0,0000000,88,88,88,88,88,88,0,0,0,1,1
48,480968,2,1,0,2,309,7210,17,6,2010,5,10,35,0,16,5,BOSQUE,,0,31.54518056,-97.169286110,0,14,0,0,1,1,7,0,1,1,0,1,0,0000000,88,88,88,88,88,88,19,0,0,1,0
48,480969,2,2,0,2,451,6080,17,6,2010,5,22,23,0,14,8,FM1223,KEARNEY,26,31.42381111,-100.409180560,0,12,6,0,2,3,1,0,3,1,0,1,0,0000000,22,25,22,31,22,50,0,0,0,1,1
48,480970,1,1,0,5,177,0,18,6,2010,6,20,10,0,4,8,FM794,,65,29.57942778,-97.471388890,0,1,0,0,1,1,4,0,1,1,0,1,0,0000000,99,99,99,99,99,99,0,0,0,1,0
48,480971,1,1,0,2,239,0,18,6,2010,6,7,20,1,2,2,US-59,,132,28.96076389,-96.681811110,0,1,0,0,1,1,3,0,1,1,0,1,0,0000000,7,34,7,54,8,26,0,0,0,1,0
48,480972,2,2,0,2,329,4560,18,6,2010,6,6,15,1,11,7,I-20RAMP,,163,31.96753611,-102.093833330,0,1,0,0,5,1,1,0,4,1,0,1,0,0000000,88,88,88,88,88,88,14,0,0,1,0
48,480973,1,1,0,2,453,330,18,6,2010,6,21,22,1,12,7,SL1,SL360,182,30.25125000,-97.806686110,0,33,0,1,3,2,8,0,3,1,0,1,0,0000000,99,99,99,99,99,99,0,0,0,1,0
48,480974,4,4,0,4,113,1730,19,6,2010,7,3,25,1,11,1,I-635,,124,32.91480556,-96.865897220,0,1,0,0,1,1,1,0,6,1,0,1,0,0000000,88,88,88,88,88,88,0,0,0,1,0
48,480975,1,1,0,2,201,3280,20,6,2010,1,1,5,1,11,7,I-45,RITTENHOUSE,316,29.86424722,-95.404513890,0,30,0,0,2,3,3,0,3,1,0,1,0,0000000,1,14,1,19,2,1,0,0,0,1,1
48,480976,1,1,0,1,139,0,22,6,2010,3,7,5,0,3,8,FM1446,,53,32.36492778,-96.935313890,0,1,0,0,1,1,4,0,1,1,0,1,0,0000000,88,88,88,88,88,88,0,0,0,1,1
48,480977,1,1,0,1,215,0,23,6,2010,4,3,45,1,12,2,US-83,SHOWERS,116,26.23848889,-98.411325000,0,20,0,1,3,3,4,1,3,1,0,1,0,0000000,88,88,88,88,88,88,20,0,0,1,1
48,480978,2,2,0,2,211,0,24,6,2010,5,8,30,1,2,2,US-60,,107,35.83467500,-100.397072220,0,12,1,0,1,1,1,0,1,1,0,1,0,0000000,8,34,8,42,9,12,0,0,0,1,0
48,480979,1,1,0,6,113,1730,25,6,2010,6,2,25,1,13,3,SR-342,,84,32.67030000,-96.782947220,0,30,0,0,1,1,3,0,3,1,0,1,0,0000000,2,26,2,29,2,51,0,0,0,1,1
48,480980,2,2,0,3,135,0,25,6,2010,6,4,31,1,13,8,BI20,,146,31.88382500,-102.291261110,0,12,2,0,1,1,1,0,2,1,0,1,0,0000000,4,48,4,59,5,5,0,0,0,1,1
48,480981,1,1,1,1,229,0,25,6,2010,6,1,14,1,1,1,I-10,,505,31.15075278,-105.274150000,0,8,0,0,1,1,1,0,2,1,0,1,0,0000000,88,88,88,88,88,88,0,0,0,1,0
48,480982,1,1,0,1,19,0,26,6,2010,7,19,44,0,4,8,PR37,,97,29.63128611,-98.885141670,0,59,0,0,1,1,4,0,1,1,0,1,0,0000000,88,88,88,88,88,88,20,0,0,1,1
48,480983,2,2,0,4,187,0,26,6,2010,7,10,59,0,3,2,US-90A,,245,29.56173611,-97.801580560,0,12,6,0,1,1,1,0,1,1,0,1,0,0000000,11,21,11,40,12,18,0,0,0,1,0
48,480984,2,2,0,2,201,1629,27,6,2010,1,20,1,1,13,7,US-90,FM1942,175,29.88232222,-95.063163890,0,12,6,0,2,2,1,0,1,10,0,10,0,0000000,99,99,99,99,99,99,0,0,0,1,1
48,480985,2,2,0,2,229,0,28,6,2010,2,18,27,1,1,1,I-10,,397,31.19673333,-105.446855560,0,12,1,0,1,1,1,0,1,1,0,1,0,0000000,88,88,88,88,88,88,0,0,0,1,0
48,480986,2,2,0,2,493,0,28,6,2010,2,17,40,0,6,4,ARBORVIEW,,0,29.27623611,-98.247083330,0,12,2,0,1,1,1,0,1,1,0,1,0,0000000,17,49,18,4,18,35,0,0,0,1,0
48,480987,2,2,0,2,453,0,30,6,2010,4,13,18,1,13,2,US-183,FM812,307,30.16438611,-97.693005560,0,12,6,0,2,2,1,0,1,10,0,10,0,0000000,13,24,13,32,14,2,0,0,0,1,0
48,480988,2,2,0,2,251,0,29,5,2010,7,2,56,0,15,8,FM917,,183,32.51640278,-97.154588890,0,12,2,0,1,1,1,0,2,1,0,1,0,0000000,3,0,3,18,4,22,0,0,0,1,1
48,480989,1,1,0,2,485,7490,21,1,2010,5,2,51,0,16,5,KEMP,,0,33.89061667,-98.527144440,0,33,0,0,1,1,3,0,3,10,0,10,0,0000000,99,99,99,99,99,99,0,0,0,1,1
48,480990,2,2,0,2,157,4655,10,2,2010,4,12,34,1,13,3,SR-6,GLENNLAKES,64,29.56315278,-95.562247220,0,12,1,0,3,2,1,0,1,1,0,1,0,0000000,12,53,13,2,13,24,0,0,0,1,0
48,480991,2,2,0,5,113,1730,12,2,2010,6,23,50,1,12,3,SR-12,,153,32.69134444,-96.839225000,0,12,6,0,1,1,1,0,2,10,0,10,0,0000000,23,53,23,59,0,54,0,0,0,1,0
48,480992,1,1,0,1,137,0,24,2,2010,4,9,52,1,2,2,US-277,,133,30.10652500,-100.698966670,0,59,0,0,1,1,4,0,1,1,0,1,0,0000000,88,88,88,88,88,88,0,0,0,1,0
48,480993,2,1,0,2,167,3850,17,3,2010,4,7,12,1,13,8,FM1764,,44,29.39233333,-95.052777780,0,33,0,0,1,1,4,0,2,5,0,5,0,0000000,88,88,88,88,88,88,0,0,0,2,0
48,480994,1,1,0,1,485,7490,18,3,2010,5,9,37,1,13,8,BS11,,66,33.92737500,-98.536263890,0,42,0,0,1,1,3,0,1,1,0,1,0,0000000,9,41,9,43,10,1,0,0,0,1,0
48,480995,1,1,0,1,471,3340,20,3,2010,7,3,37,1,11,1,I-45,,121,30.67683611,-95.520930560,0,57,0,1,18,1,3,0,2,1,0,1,0,0000000,88,88,88,88,88,88,0,0,0,1,1
48,480996,4,4,0,9,215,4197,24,3,2010,4,17,59,1,13,3,SR-336,BU83,73,26.20342778,-98.230069440,0,12,6,0,2,2,1,0,1,1,0,1,0,0000000,18,2,18,8,18,23,0,0,0,1,0
48,480997,1,1,0,1,201,3280,3,4,2010,7,15,48,1,11,1,I-10,,145,29.78439167,-95.573975000,0,2,0,1,18,1,1,0,1,1,0,1,0,0000000,15,34,15,46,16,8,0,0,0,1,1
48,480998,2,2,0,2,361,5100,11,4,2010,1,21,44,0,14,8,FM 3247,,115,30.14943056,-93.781022220,0,12,2,0,1,1,1,0,2,1,0,1,0,0000000,88,88,88,88,88,88,0,0,0,1,1
48,480999,2,1,0,4,477,0,11,4,2010,1,2,50,1,2,2,US-290,,284,30.13131389,-96.223072220,0,14,0,0,1,1,2,0,2,1,0,1,0,0000000,2,52,3,4,3,34,0,0,0,1,0
48,481000,1,1,1,1,187,4870,15,4,2010,5,18,41,0,16,5,COUNTYLINE,DOVECROSSING,0,29.67463056,-98.110152780,0,8,0,0,2,3,1,0,1,10,0,10,0,0000000,18,42,18,43,18,56,0,0,0,1,0
48,481001,1,1,1,2,113,1730,1,5,2010,7,22,25,1,13,8,SL12,PEMBERTONHILL,220,32.71266111,-96.717336110,0,8,0,0,2,3,1,0,3,10,0,10,0,0000000,22,32,22,38,22,56,0,0,0,1,0
48,481002,2,2,0,2,309,7210,1,5,2010,7,17,30,0,16,5,BOSQUE,,0,31.54604444,-97.167655560,0,33,0,0,1,1,3,0,1,1,0,1,0,0000000,88,88,88,88,88,88,14,0,0,1,0
48,481003,2,2,0,2,121,250,2,5,2010,1,15,39,1,13,8,FM423,FM720,106,33.15355833,-96.890863890,0,12,6,0,2,2,1,1,1,1,0,1,0,0000000,15,42,16,4,16,29,0,0,0,1,1
48,481004,1,1,0,2,257,0,16,5,2010,1,18,47,0,6,4,BETTY,,0,32.58428333,-96.142816670,0,38,0,0,1,1,5,0,1,1,0,1,0,0000000,88,88,88,88,88,88,0,0,0,2,1
48,481005,1,1,1,1,201,3280,23,5,2010,1,18,16,0,16,5,DURHAM,GIBSON,0,29.76678611,-95.410444440,0,8,0,0,2,2,1,0,1,1,0,1,0,0000000,88,88,88,88,88,88,0,0,0,1,1
48,481006,1,1,2,2,167,3850,25,5,2010,3,21,23,1,13,8,FM1765,,33,29.37860556,-94.995697220,0,8,0,0,1,1,1,0,2,1,0,1,0,0000000,21,16,21,43,22,6,0,0,0,1,0
48,481007,4,4,0,9,257,0,28,5,2010,6,18,25,1,1,1,I-20,,142,32.66830833,-96.145750000,0,12,1,0,1,1,1,0,1,1,0,1,0,0000000,18,31,19,1,19,50,0,0,0,3,0
48,481008,1,1,1,1,135,0,4,6,2010,6,7,55,1,13,8,SL338,,273,31.91447500,-102.324472220,0,9,0,0,1,1,1,0,1,1,0,1,0,0000000,8,26,8,39,8,49,0,0,0,1,0
48,481009,2,1,0,3,213,300,9,6,2010,4,23,31,0,14,8,SL7,,205,32.20261667,-95.906263890,0,14,0,0,1,1,2,0,2,2,0,2,0,0000000,99,99,99,99,99,99,0,0,0,1,0
48,481010,2,2,0,3,361,0,9,6,2010,4,20,50,0,4,8,FM105,FM2802,7,30.23288889,-94.021608330,0,12,6,0,2,3,1,0,3,1,0,1,0,0000000,20,57,21,19,99,99,0,0,0,1,0
48,481011,1,1,0,1,29,6090,2,1,2010,7,2,28,0,16,5,HUEBNER,,0,29.57261389,-98.548761110,0,33,0,0,1,1,3,0,3,1,0,1,0,0000000,2,29,2,35,3,4,0,0,0,1,1
48,481012,1,1,0,1,29,6090,8,1,2010,6,16,37,0,16,5,COMMERCE,,0,29.42195556,-98.431613890,0,24,0,0,1,1,4,0,9,1,0,1,0,0000000,88,88,88,88,88,88,0,0,0,1,1
48,481013,2,2,0,2,29,6090,22,1,2010,6,11,28,1,13,8,SS421,,120,29.46989167,-98.571450000,0,12,1,0,1,1,1,1,1,1,0,1,0,0000000,11,34,11,39,12,14,0,0,0,1,0
48,481014,2,2,0,5,29,6090,6,2,2010,7,0,13,0,16,5,VANCEJACKSON,,0,29.57420278,-98.585666670,0,12,2,0,1,1,1,0,3,1,0,1,0,0000000,0,13,0,24,0,56,0,0,0,1,1
48,481015,1,1,0,2,29,6090,20,3,2010,7,1,34,0,16,5,WURZBACH,,0,29.55705278,-98.516227780,0,42,0,0,1,1,4,0,3,10,0,10,0,0000000,1,34,1,38,3,9,0,0,0,1,1
48,481016,1,1,0,1,29,6090,27,3,2010,7,1,22,1,11,1,I-35,,317,29.50016667,-98.399916670,0,25,0,0,1,1,3,1,3,1,0,1,0,0000000,99,99,99,99,99,99,0,0,0,1,1
48,481017,1,1,0,1,113,1730,3,4,2010,7,16,40,1,11,1,I-30RAMP,,131,32.77159167,-96.810938890,0,25,0,1,5,1,4,0,1,10,0,10,0,0000000,16,37,16,43,16,57,0,0,0,1,0
48,481018,2,2,0,5,29,6090,4,4,2010,1,1,49,1,11,1,I-35,,237,29.44028889,-98.485158330,0,12,2,0,1,1,1,0,3,1,0,1,0,0000000,1,50,1,53,2,28,0,0,0,1,1
48,481019,2,2,0,2,29,6090,6,4,2010,3,19,10,0,16,5,HUEBNER,FLOYDCURL,0,29.52949722,-98.594033330,0,12,6,0,2,3,1,0,1,1,0,1,0,0000000,88,88,88,88,88,88,0,0,0,1,0
48,481020,2,1,0,1,363,4630,11,4,2010,1,6,10,0,16,5,SE25,SE8,0,32.80278611,-98.088105560,0,33,0,0,3,3,4,0,2,1,0,1,0,0000000,88,88,88,88,88,88,0,0,0,1,0
48,481021,2,2,0,5,29,0,13,4,2010,3,9,29,0,14,2,US-181,MAX,122,29.29390278,-98.362397220,0,12,6,0,2,3,1,0,1,10,0,10,0,0000000,88,88,88,88,88,88,0,0,0,1,0
48,481022,1,1,0,1,29,6090,21,4,2010,4,2,20,1,12,2,US-281,,136,29.54075556,-98.492222220,0,34,0,1,19,1,10,0,3,1,0,1,0,0000000,88,88,88,88,88,88,0,0,0,1,1
48,481023,2,2,0,2,29,6090,30,4,2010,6,2,20,0,4,8,SL1604,,69,29.47849722,-98.296136110,0,12,2,0,1,1,1,0,2,10,0,10,0,0000000,88,88,88,88,88,88,0,0,0,1,1
48,481024,2,2,0,2,157,5970,6,5,2010,5,9,50,1,2,2,US-59,COTTONWOOD CHURCH,204,29.53274722,-95.860730560,0,12,6,0,3,3,1,0,1,1,0,1,0,0000000,88,88,88,88,88,88,0,0,0,1,0
48,481025,1,1,0,15,507,0,9,5,2010,1,9,30,0,3,2,US-57,,33,28.93260000,-99.802294440,0,32,0,0,1,1,4,0,1,10,0,10,0,0000000,99,99,99,99,99,99,20,0,0,1,0
48,481026,1,1,0,1,485,1020,13,5,2010,5,19,51,1,11,1,I-44,,137,34.09124722,-98.557533330,0,24,0,1,18,1,4,0,1,10,0,10,0,0000000,88,88,88,88,88,88,0,0,0,1,1
48,481028,1,1,0,1,187,4252,16,5,2010,1,2,6,0,14,8,FM78,,154,29.59346111,-98.029911110,0,1,0,0,1,1,3,0,2,1,0,1,0,0000000,88,88,88,88,88,88,0,0,0,1,1
48,481029,1,1,0,2,29,6090,20,5,2010,5,2,37,1,12,2,US-90,,88,29.39245833,-98.663233330,0,1,0,0,1,1,10,0,2,1,0,1,0,0000000,2,39,2,52,3,27,0,0,0,1,1
48,481030,1,1,0,1,241,3480,22,5,2010,7,15,46,0,14,8,FM2799,,28,30.91535000,-94.019300000,0,35,0,0,1,1,4,0,1,1,0,1,0,0000000,88,88,88,88,88,88,0,0,0,1,1
48,481031,4,4,0,5,39,0,24,5,2010,2,13,35,0,4,8,FM1462,511,69,29.35771667,-95.351413890,0,12,6,0,2,2,1,0,1,1,0,1,0,0000000,13,53,14,8,14,32,0,0,0,1,0
48,481032,2,2,0,3,231,2860,26,5,2010,4,14,51,1,13,2,US-69,,59,33.12054167,-96.110930560,0,12,6,0,8,1,1,0,1,1,0,1,0,0000000,14,55,15,3,15,12,0,0,0,1,0
48,481033,3,2,0,2,303,4140,26,5,2010,4,23,2,0,14,8,FM2255,MILWAUKEE,40,33.59231389,-101.957163890,0,12,6,0,2,2,1,0,3,1,0,1,0,0000000,23,2,23,6,23,22,0,0,0,1,1
48,481034,2,2,0,2,29,6090,28,5,2010,6,0,15,1,11,1,I-410,,141,29.48838889,-98.583666670,0,26,0,0,1,1,8,0,3,1,0,1,0,0000000,0,15,0,24,2,24,0,0,0,1,1
48,481035,1,1,1,1,215,0,28,5,2010,6,21,25,0,14,8,FM1925,,89,26.31672778,-98.014688890,0,8,0,0,1,1,1,0,2,1,0,1,0,0000000,88,88,88,88,88,88,0,0,0,1,0
48,481036,2,2,0,2,361,0,28,5,2010,6,4,20,1,13,3,SR-73,,28,99.99990000,999.999900000,0,12,1,0,1,1,1,0,3,1,0,1,0,0000000,99,99,99,99,99,99,0,0,0,1,0
48,481037,3,3,0,3,439,364,28,5,2010,6,6,24,0,14,8,FM730,,38,32.93940833,-97.543505560,0,12,1,0,8,1,1,0,1,1,0,1,0,0000000,6,35,6,42,7,21,0,0,0,1,0
48,481038,1,1,1,1,337,800,30,5,2010,1,4,44,0,16,5,MATHEWS,LASALLE,0,33.56829167,-97.846108330,0,8,0,0,2,3,1,0,3,1,0,1,0,0000000,88,88,88,88,88,88,0,0,0,1,0
48,481039,1,1,0,1,29,6090,31,5,2010,2,0,5,1,11,7,I-35,,144,29.33773056,-98.566297220,0,1,0,0,1,1,4,0,2,1,0,1,0,0000000,88,88,88,88,88,88,0,0,0,1,1
48,481040,2,2,0,4,185,0,1,4,2010,5,12,10,0,3,3,SR-30,,59,30.59987778,-96.101930560,0,12,9,0,1,1,1,0,1,1,0,1,0,0000000,12,17,12,36,13,21,0,0,0,1,1
48,481041,1,1,0,2,353,6720,15,5,2010,7,10,20,1,1,1,I-10,,170,32.45955278,-100.386069440,0,1,0,0,1,1,1,0,1,2,0,2,0,0000000,10,26,10,30,10,47,0,0,0,1,0
48,481042,1,1,0,1,149,0,17,7,2010,7,0,35,0,4,8,FM1457,,15,30.07729167,-96.677066670,0,41,0,0,1,1,4,0,2,1,0,1,0,0000000,88,88,88,88,88,88,0,0,0,1,1
48,481043,1,1,1,2,381,0,17,7,2010,7,8,22,0,4,2,US-87,,192,34.85627222,-101.899433330,0,9,0,0,1,1,1,0,1,1,0,1,0,0000000,88,88,88,88,88,88,0,0,0,1,0
48,481044,1,1,1,1,439,2255,18,7,2010,1,22,16,1,13,8,FM157,,74,32.82972222,-97.099688890,0,8,0,0,1,1,1,0,3,1,0,1,0,0000000,22,23,22,42,23,8,0,0,0,1,0
48,481045,2,2,0,2,373,0,20,7,2010,3,17,15,0,15,8,FM1988,FM3126,140,30.64920556,-94.997391670,0,12,6,0,2,3,1,0,1,1,0,1,0,0000000,17,21,17,26,18,0,0,0,0,1,0
48,481046,1,1,0,1,453,0,13,6,2010,1,20,33,0,4,4,COMANCHE,,244,30.40407778,-97.871375000,0,33,0,0,1,1,3,0,5,1,0,1,0,0000000,20,34,20,42,21,9,0,0,0,1,1
48,481048,4,1,0,6,245,0,21,6,2010,2,10,25,1,2,3,SR-73,,121,29.84861111,-94.134336110,0,45,0,0,1,1,5,1,1,1,0,1,0,0000000,99,99,99,99,99,99,0,0,0,1,0
48,481049,1,1,0,1,289,0,23,6,2010,4,8,5,0,4,3,SR-164,,9,31.46881667,-96.093175000,0,52,0,0,1,1,4,0,1,1,0,1,0,0000000,88,88,88,88,88,88,0,0,0,1,1
48,481050,1,1,0,1,13,0,1,7,2010,5,16,57,0,4,8,FM1333,CUVIER,22,29.04387500,-98.653727780,0,42,0,0,2,4,3,0,1,1,0,1,0,0000000,88,88,88,88,88,88,0,0,0,1,0
48,481051,2,2,0,5,291,0,1,7,2010,5,17,25,0,6,4,2212,,0,30.36604444,-94.979780560,0,12,2,0,1,1,1,0,1,2,0,2,0,0000000,17,46,18,12,19,8,0,0,0,1,0
48,481052,2,2,0,3,491,3925,1,7,2010,5,22,0,0,15,8,RM2243,183ATOLLWAY,111,30.58284167,-97.835741670,0,12,6,0,2,2,1,0,3,2,0,2,0,0000000,22,0,22,2,22,35,0,0,0,1,1
48,481053,1,1,0,1,29,6090,2,7,2010,6,22,8,0,16,5,SILVERSANDS,,0,29.55225556,-98.507452780,0,42,0,0,1,1,4,0,6,98,0,98,0,0000000,88,88,88,88,88,88,0,0,0,1,1
48,481054,1,1,4,4,201,0,2,7,2010,6,20,58,0,6,4,WINDFERN,,0,29.93372778,-95.553722220,0,8,0,0,1,1,1,0,2,10,0,10,0,0000000,99,99,99,99,99,99,0,0,0,1,0
48,481055,2,2,0,2,201,3280,2,7,2010,6,5,50,0,16,5,DACOMA,HEMPSTEAD,0,29.80673611,-95.466941670,0,12,6,0,2,2,1,0,3,2,0,2,0,0000000,99,99,99,99,99,99,0,0,0,1,1
48,481056,1,1,0,1,253,0,2,7,2010,6,21,45,0,3,2,US-83,,172,32.79177500,-99.940513890,0,1,0,0,1,1,4,0,2,2,0,2,0,0000000,88,88,88,88,88,88,0,0,0,1,1
48,481057,1,1,0,3,479,3899,2,7,2010,6,18,54,0,16,5,SUNRISE,,0,27.45056111,-99.458113890,0,5,0,0,1,1,1,0,1,2,0,2,0,0000000,18,56,19,2,19,22,0,0,0,1,0
48,481058,1,1,0,2,481,0,3,7,2010,7,20,52,0,4,8,FM1301,,117,29.25375556,-95.930986110,0,38,0,0,1,1,4,0,2,10,0,10,0,0000000,99,99,20,54,21,25,0,0,0,1,1
48,481059,2,2,0,2,113,1730,4,7,2010,1,18,29,0,16,5,ILLINOIS,BEAUCHAMP,0,32.71587222,-96.770511110,0,12,6,0,2,2,1,0,1,1,0,1,0,0000000,88,88,88,88,88,88,0,0,0,1,1
48,481060,1,1,0,1,339,6884,4,7,2010,1,3,0,0,6,4,GOSLING,,0,30.15798889,-95.509430560,0,30,0,0,1,1,4,0,3,1,0,1,0,0000000,88,88,88,88,88,88,0,0,0,1,1
48,481061,2,2,0,2,453,330,4,7,2010,1,22,19,0,16,5,CONGRESS,,0,30.22779722,-97.761341670,0,12,6,0,8,1,1,0,3,1,0,1,0,0000000,22,19,22,24,22,47,0,0,0,1,1
48,481062,1,1,0,5,457,0,4,7,2010,1,22,30,0,5,8,FM1632,,133,30.83524167,-94.454188890,0,1,0,0,1,1,4,0,2,10,0,10,0,0000000,99,99,99,99,99,99,0,0,0,1,0
48,481063,1,1,1,1,57,0,5,7,2010,2,10,35,0,3,8,FM1090,,31,28.65392222,-96.659152780,0,9,0,0,1,1,1,0,1,1,0,1,1,0000000,88,88,88,88,88,88,0,0,0,1,0
48,481064,1,1,0,1,121,1840,5,7,2010,2,2,4,1,11,1,I-35RAMP,,108,33.19463889,-97.128263890,0,30,0,0,5,1,10,0,3,10,0,10,0,0000000,88,88,88,88,88,88,0,0,0,1,0
48,481065,2,2,0,3,201,0,6,7,2010,3,15,52,1,13,2,US-90,BEAUMONTPLACE,253,29.83725556,-95.199472220,0,12,6,0,2,3,1,0,1,10,0,10,0,0000000,16,4,16,14,16,45,0,0,0,1,0
48,481066,2,2,0,3,249,0,6,7,2010,3,14,29,1,2,2,US-281,FM1554,53,27.73580833,-98.111344440,0,12,6,0,2,2,1,0,1,1,0,1,0,0000000,14,34,14,44,15,26,0,0,0,2,0
48,481067,1,1,0,1,397,5910,7,7,2010,4,20,10,0,16,5,DOWELL,,0,32.89421944,-96.386713890,0,34,0,0,1,1,4,0,1,1,0,1,0,0000000,20,15,20,18,20,51,0,0,0,1,1
48,481068,1,1,0,1,17,0,8,7,2010,5,6,19,0,3,2,US-70,,144,34.23454722,-102.669597220,0,11,0,0,1,1,1,0,4,10,0,10,0,0000000,88,88,88,88,88,88,0,0,0,1,0
48,481069,4,4,0,5,239,2120,8,7,2010,5,20,5,1,13,2,US-59RAMP,,150,28.98832500,-96.647563890,0,12,1,0,5,1,1,0,1,10,0,10,0,0000000,88,88,88,88,88,88,0,0,0,1,0
48,481070,1,1,0,1,5,0,10,7,2010,7,21,45,0,4,8,FM706,,14,31.35143889,-94.808486110,0,59,0,0,1,1,4,0,2,1,0,1,0,0000000,88,88,88,88,88,88,0,0,0,1,1
48,481071,1,1,0,1,361,0,10,7,2010,7,4,5,0,4,8,FM1131,,17,30.21531667,-94.088630560,0,42,0,0,1,1,4,0,2,1,0,1,0,0000000,4,5,4,19,5,0,0,0,0,1,1
48,481072,1,1,0,1,85,2520,11,7,2010,1,10,39,1,13,2,US-380,REDBUD,30,33.21634167,-96.631922220,0,41,0,0,3,3,4,0,1,10,0,10,0,0000000,99,99,99,99,99,99,0,0,0,1,0
48,481073,1,1,0,1,201,3280,11,7,2010,1,3,57,1,12,7,US-59,,129,29.68357500,-95.533652780,0,33,0,0,1,1,8,0,6,1,0,1,0,0000000,3,57,4,6,4,22,0,0,0,1,0
48,481074,2,2,0,3,351,0,11,7,2010,1,5,45,0,4,3,SR-87,,22,30.60807222,-93.799736110,0,12,6,0,1,1,2,0,2,10,0,10,0,0000000,88,88,88,88,88,88,0,0,0,1,1
48,481075,1,1,0,2,91,4870,2,6,2010,4,0,34,1,11,1,I-35,,51,29.65330278,-98.189272220,0,24,0,1,19,1,4,0,2,10,0,10,0,0000000,88,88,88,88,88,88,0,0,0,2,0
48,481076,2,2,0,3,29,6090,5,6,2010,7,12,40,0,16,5,SANPEDRO,,0,29.51528333,-98.499261110,0,12,6,0,8,1,1,0,1,1,0,1,0,0000000,88,88,88,88,88,88,0,0,0,1,0
48,481077,2,2,0,3,189,5380,5,6,2010,7,15,10,1,13,2,US-70,ASH,6,34.18455000,-101.701719440,0,12,6,0,2,2,1,0,1,1,0,1,0,0000000,15,11,15,13,15,28,0,0,0,1,1
48,481078,1,1,0,4,135,5030,6,6,2010,1,17,55,1,11,1,I-20,,348,31.86596389,-102.303013890,0,33,0,0,1,1,3,0,1,1,0,1,0,0000000,18,0,18,6,18,14,0,0,0,1,0
48,481079,1,1,0,1,385,0,6,6,2010,1,14,7,0,4,8,RM337,,285,29.72104444,-99.657766670,0,24,0,0,1,1,4,0,1,1,0,1,0,0000000,99,99,99,99,99,99,0,0,0,1,0
48,481080,1,1,1,3,201,0,7,6,2010,2,20,20,0,6,4,CARBY,,99999,29.87816111,-95.379463890,0,8,0,0,1,1,1,0,5,1,0,1,0,0000000,20,45,20,48,21,55,16,0,0,1,0
48,481081,2,2,0,2,85,5390,11,6,2010,6,16,50,1,12,2,US-75,,86,33.07143333,-96.688027780,0,12,6,0,1,1,1,0,1,1,0,1,0,0000000,99,99,99,99,99,99,0,0,0,1,0
48,481082,2,2,0,6,201,3280,11,6,2010,6,16,20,0,16,5,LANGLEY RD,HOMESTEAD RD,0,29.86686667,-95.300666670,0,12,6,0,2,2,1,0,1,1,0,1,0,0000000,16,24,16,30,16,45,20,0,0,1,0
48,481083,1,1,1,1,201,0,12,6,2010,7,20,58,0,6,4,VETERANSMEMORIAL,,0,29.96675833,-95.482372220,0,8,0,0,1,1,1,0,2,1,0,1,0,0000000,88,88,88,88,88,88,0,0,0,1,0
48,481084,1,1,0,1,215,4650,15,6,2010,3,13,6,0,16,5,STEWART,,0,26.14357222,-98.313516670,0,31,0,0,1,1,6,0,1,1,0,1,0,0000000,88,88,88,88,88,88,0,0,0,1,0
48,481085,1,1,0,1,339,0,15,6,2010,3,18,36,0,6,4,CRYSTALWOOD,,0,30.18781944,-95.268136110,0,59,0,0,1,1,4,0,1,1,0,1,0,0000000,18,41,19,5,19,31,0,0,0,1,0