STATE,ST_CASE,VE_TOTAL,VE_FORMS,PEDS,PERSONS,COUNTY,CITY,DAY,MONTH,YEAR,DAY_WEEK,HOUR,MINUTE,NHS,ROAD_FNC,ROUTE,TWAY_ID,TWAY_ID2,MILEPT,LATITUDE,LONGITUD,SP_JUR,HARM_EV,MAN_COLL,RELJCT1,RELJCT2,TYP_INT,REL_ROAD,WRK_ZONE,LGT_COND,WEATHER1,WEATHER2,WEATHER,SCH_BUS,RAIL,NOT_HOUR,NOT_MIN,ARR_HOUR,ARR_MIN,HOSP_HR,HOSP_MN,CF1,CF2,CF3,FATALS,DRUNK_DR
48,481341,2,2,0,2,249,0,16,8,2010,2,6,53,0,3,3,SR-359,,199,27.85926389,-98.000322220,0,12,2,0,1,1,1,0,1,5,0,5,0,0000000,99,99,99,99,99,99,0,0,0,2,0
48,481342,2,2,0,3,419,0,16,8,2010,2,15,23,0,3,3,SR-87,,189,31.79591667,-94.139913890,0,12,6,0,8,1,1,0,1,1,0,1,0,0000000,15,28,15,32,15,51,0,0,0,1,0
48,481343,1,1,1,2,485,7490,16,8,2010,2,23,5,1,12,2,US-281,,3,33.88262222,-98.492700000,0,8,0,0,1,1,1,0,2,1,0,1,0,0000000,23,8,23,14,23,27,0,0,0,1,0
48,481344,1,1,0,1,29,6090,17,8,2010,3,0,18,1,13,8,SS122,,62,29.33391389,-98.450691670,0,32,0,0,1,1,4,0,3,1,0,1,0,0000000,88,88,88,88,88,88,0,0,0,1,0
48,481345,1,1,0,2,89,0,18,8,2010,4,13,1,0,4,8,FM950,,20,29.45298611,-96.387413890,0,1,0,0,1,1,1,0,1,1,0,1,0,0000000,12,35,13,4,13,58,0,0,0,1,0
48,481346,1,1,0,1,177,0,19,8,2010,5,22,21,0,4,8,FM532,,18,29.51672778,-97.405713890,0,43,0,0,1,1,4,0,2,1,0,1,0,0000000,88,88,88,88,88,88,0,0,0,1,1
48,481347,2,2,0,2,189,5380,19,8,2010,5,9,43,1,13,2,US-70,BU27,220,34.18449167,-101.706786110,0,12,6,0,2,2,1,0,1,1,0,1,0,0000000,99,99,99,99,99,99,0,0,0,1,0
48,481348,2,2,0,2,309,7210,20,8,2010,6,16,11,0,16,5,BAGBY,,0,31.50865833,-97.156902780,0,12,6,0,8,1,1,0,1,1,0,1,1,0000000,99,99,99,99,99,99,0,0,0,1,0
48,481349,1,1,0,1,347,0,20,8,2010,6,1,10,1,2,2,US-259RAMP,,114,31.68236111,-94.667488890,0,1,0,1,5,1,4,0,2,10,0,10,0,0000000,1,18,1,29,1,44,0,0,0,1,0
48,481350,2,2,0,2,419,0,20,8,2010,6,6,0,0,3,3,SR-7,FM2608,55,31.85921667,-94.116944440,0,12,6,0,2,3,1,0,4,10,0,10,0,0000000,88,88,88,88,88,88,0,0,0,1,0
48,481351,2,2,0,2,453,330,20,8,2010,6,19,23,0,16,5,BRAKER,STONELAKE,0,30.39803889,-97.737250000,0,12,1,0,3,3,1,0,1,1,0,1,0,0000000,19,24,19,29,19,58,0,0,0,1,1
48,481352,1,1,0,2,469,0,20,8,2010,6,12,41,0,3,2,US-77,,11,29.09517778,-96.987222220,0,52,0,0,1,1,3,0,1,1,0,1,0,0000000,99,99,99,99,99,99,0,0,0,1,0
48,481353,1,1,0,2,485,0,20,8,2010,6,23,50,0,4,3,SR-25,,104,34.05465000,-98.917636110,0,18,0,0,1,1,4,1,2,1,0,1,0,0000000,99,99,99,99,99,99,0,0,0,1,1
48,481354,2,2,0,2,177,0,27,7,2010,3,8,30,0,3,2,US-90ALT,,109,29.49803333,-97.552200000,0,12,8,0,1,1,1,0,1,1,0,1,0,0000000,88,88,88,88,88,88,0,0,0,1,0
48,481355,2,2,0,2,181,0,27,7,2010,3,16,40,0,4,8,FM902,,74,33.53164722,-96.809302780,0,12,6,0,1,1,1,0,1,1,0,1,0,0000000,16,57,17,11,17,52,0,0,0,1,0
48,481356,1,1,0,1,291,0,28,7,2010,4,18,54,0,6,4,622,,0,30.05171944,-95.012458330,0,10,0,0,6,1,1,0,1,1,0,1,0,450658B,88,88,88,88,88,88,0,0,0,1,0
48,481357,2,2,0,2,391,0,29,7,2010,5,9,28,1,2,2,US-77,,78,28.44801944,-97.125319440,0,12,2,0,1,1,1,0,1,1,0,1,0,0000000,88,88,88,88,88,88,0,0,0,2,1
48,481358,1,1,0,4,471,0,30,7,2010,6,5,32,0,3,3,SR-30,BOOKERSPUR,128,30.69684722,-95.639416670,0,11,0,0,2,3,1,0,2,1,0,1,0,0000000,99,99,99,99,99,99,0,0,0,1,0
48,481359,1,1,0,2,471,5812,30,7,2010,6,11,40,0,4,8,FM980,,8,30.84421389,-95.397522220,0,1,0,0,1,1,4,0,1,1,0,1,0,0000000,99,99,99,99,99,99,0,0,0,1,0
48,481360,1,1,1,1,29,0,3,7,2010,7,5,49,0,14,8,FM1516,,53,29.46093611,-98.316533330,0,8,0,0,1,1,1,0,2,10,0,10,0,0000000,88,88,88,88,88,88,0,0,0,1,0
48,481361,4,4,0,12,183,4080,9,7,2010,6,21,30,1,13,8,SL281,,57,32.49045278,-94.769091670,0,12,1,0,1,1,1,0,2,1,0,1,0,0000000,21,31,21,36,21,48,0,0,0,1,1
48,481362,1,1,0,4,135,0,18,7,2010,1,5,45,0,6,4,TRIPLECROWN,,0,31.79783889,-102.525472220,0,38,0,0,1,1,4,0,2,1,0,1,0,0000000,5,50,6,5,6,29,20,0,0,1,1
48,481363,2,2,0,2,245,5430,19,7,2010,2,16,35,1,13,8,FM365,,159,29.93303333,-94.006658330,0,24,0,0,1,1,4,0,1,10,0,10,0,0000000,16,36,16,45,17,32,0,0,0,1,1
48,481364,2,2,0,4,135,0,20,7,2010,3,8,33,1,13,2,US-385,SL338,141,31.96031944,-102.409916670,0,12,6,0,2,2,1,0,1,10,0,10,0,0000000,8,41,8,48,9,1,0,0,0,1,0
48,481365,2,2,0,5,377,0,24,7,2010,7,17,10,0,3,2,US-67,,351,29.88731389,-104.275275000,0,12,6,0,1,1,1,0,1,2,0,2,0,0000000,17,24,17,54,99,99,0,0,0,2,0
48,481366,1,1,0,3,233,0,25,7,2010,1,23,0,0,4,8,FM1319,,182,35.66887222,-101.471958330,0,35,0,0,1,1,4,0,2,1,0,1,0,0000000,99,99,99,99,99,99,0,0,0,1,0
48,481367,2,2,0,2,289,0,25,7,2010,1,13,25,0,3,3,SR-7,204,61,31.28915000,-95.883263890,0,12,6,0,2,3,1,0,1,1,0,1,0,0000000,99,99,99,99,99,99,0,0,0,1,0
48,481368,2,2,0,4,439,4300,25,7,2010,1,16,30,0,16,5,BROAD,MORGAN,0,32.55727500,-97.161061110,0,12,2,0,2,3,1,0,1,1,0,1,0,0000000,99,99,99,99,99,99,0,0,0,1,0
48,481369,2,2,0,2,349,1570,27,7,2010,3,17,15,1,13,3,SR-287,,42,32.03757500,-96.405113890,0,12,2,0,1,1,2,0,1,10,0,10,0,0000000,88,88,88,88,88,88,0,0,0,1,1
48,481370,1,1,0,1,41,0,30,7,2010,6,15,48,0,6,4,MACEY,,0,30.94973056,-96.263980560,0,42,0,0,1,1,4,0,1,10,0,10,0,0000000,15,43,16,9,16,54,0,0,0,1,0
48,481372,1,1,0,1,201,3280,1,8,2010,1,4,0,0,16,5,RICE,,0,29.67675000,-95.467241670,0,33,0,0,1,1,3,0,2,1,0,1,0,0000000,88,88,88,88,88,88,0,0,0,1,1
48,481373,1,1,0,1,473,0,1,8,2010,1,1,25,0,4,8,FM359,,180,29.96816111,-96.041727780,0,1,0,0,1,1,1,0,2,10,0,10,0,0000000,88,88,88,88,88,88,0,0,0,1,1
48,481374,2,2,0,2,71,0,2,8,2010,2,4,52,0,4,8,FM2354,,198,29.66323056,-94.895050000,0,12,2,0,8,1,1,0,2,1,0,1,0,0000000,4,53,5,2,6,0,0,0,0,1,0
48,481375,1,1,0,7,467,0,5,8,2010,5,3,0,0,6,4,3501,,0,32.73093333,-95.922236110,0,5,0,0,1,1,1,0,2,1,0,1,0,0000000,3,13,3,40,4,40,0,0,0,1,1
48,481377,1,1,0,5,423,0,7,8,2010,7,7,45,1,1,1,I-20,,45,32.48308056,-95.519105560,0,42,0,0,1,1,4,0,1,1,0,1,0,0000000,7,57,8,8,9,7,0,0,0,3,0
48,481378,3,3,0,7,113,1730,8,8,2010,1,1,35,1,13,8,SL12,BRUTON,86,32.74876667,-96.682802780,0,12,6,0,2,2,1,0,3,1,0,1,0,0000000,1,36,1,50,2,11,0,0,0,1,1
48,481379,2,2,0,7,121,3960,8,8,2010,1,3,54,0,99,8,BS121,BELLAIRE,99999,33.02768056,-96.993044440,0,12,2,0,2,2,1,0,3,1,0,1,0,0000000,3,55,4,0,4,23,0,0,0,1,2
48,481380,2,2,0,3,421,0,8,8,2010,1,3,24,1,2,2,US-54,,87,36.41516944,-101.932311110,0,12,6,0,1,1,1,0,2,1,0,1,0,0000000,88,88,88,88,88,88,0,0,0,1,1
48,481381,1,1,0,5,39,1395,9,8,2010,2,20,56,1,12,3,SR-332,,123,29.00954444,-95.403025000,0,59,0,0,1,1,4,1,2,1,0,1,0,0000000,21,1,21,24,22,1,0,0,0,1,1
48,481382,2,2,0,4,73,0,9,8,2010,2,20,50,1,2,2,US-69,,250,31.91679722,-95.234705560,0,12,1,0,1,1,1,0,2,1,0,1,0,0000000,20,41,20,49,99,99,0,0,0,1,0
48,481383,2,2,0,3,477,880,9,8,2010,2,18,9,1,13,2,US-290,MARKET,297,30.14369444,-96.368263890,0,12,6,0,2,2,1,0,1,1,0,1,0,0000000,18,10,18,14,18,27,0,0,0,1,0
48,481384,3,3,0,3,121,0,11,8,2010,4,6,3,1,2,2,US-380,,31,33.23950278,-97.338200000,0,12,1,0,1,1,1,0,3,1,0,1,0,0000000,6,19,6,36,7,23,0,0,0,1,0
48,481385,1,1,0,1,453,330,11,8,2010,4,0,49,1,12,8,SL1,,158,30.26947222,-97.776225000,0,42,0,1,19,1,3,0,3,1,0,1,0,0000000,88,88,88,88,88,88,0,0,0,1,1
48,481386,2,2,0,4,423,7070,13,8,2010,6,17,5,1,13,3,SR-110,STERLING,18,32.32075833,-95.282177780,0,12,6,0,2,2,1,0,1,1,0,1,0,0000000,17,11,17,17,17,35,0,0,0,1,0
48,481387,1,1,0,4,203,0,14,8,2010,7,2,31,1,1,1,I-20,,276,32.49618056,-94.233350000,0,1,0,0,1,1,10,0,2,1,0,1,0,0000000,2,32,2,43,3,25,0,0,0,1,1
48,481388,1,1,0,4,203,0,14,8,2010,7,8,14,1,1,1,I-20,,100,32.48190833,-94.535994440,0,35,0,0,1,1,3,0,1,1,0,1,0,0000000,8,53,9,6,9,44,0,0,0,2,0
48,481389,1,1,1,3,355,1550,14,8,2010,7,20,39,1,11,1,I-37,,33,27.80401667,-97.453658330,0,8,0,0,1,1,1,0,3,1,0,1,0,0000000,88,88,88,88,88,88,0,0,0,1,0
48,481390,1,1,0,1,409,0,14,8,2010,7,6,3,0,3,3,SR-361,,80,27.87814722,-97.169480560,0,18,0,0,1,1,4,0,2,1,0,1,0,0000000,6,3,6,8,6,58,0,0,0,1,0
48,481391,2,2,0,3,459,0,14,8,2010,7,21,2,1,2,3,SR-300,,118,32.70431111,-94.923319440,0,12,6,0,1,1,1,0,5,1,0,1,0,0000000,21,3,21,9,22,3,0,0,0,1,0
48,481392,1,1,0,1,467,0,14,8,2010,7,21,31,1,1,1,I-20,,228,32.52673889,-95.716405560,0,32,0,1,5,1,8,0,2,1,0,1,0,0000000,88,88,88,88,88,88,20,0,0,1,0
48,481394,2,2,0,2,27,570,16,8,2010,2,8,31,0,4,8,FM 2410,SP2410,146,31.05338333,-97.557527780,0,12,2,0,3,3,1,0,1,1,0,1,0,0000000,99,99,99,99,99,99,0,0,0,1,0
48,481395,2,2,0,2,61,3030,17,8,2010,3,12,6,1,12,2,US-83,,53,26.18012222,-97.789847220,0,12,1,0,1,1,1,0,1,1,0,1,0,0000000,12,14,12,23,12,58,23,0,0,1,0
48,481396,2,2,0,3,73,0,18,8,2010,4,6,40,1,2,2,US-69,,87,32.02816389,-95.281427780,0,12,2,0,1,1,1,0,1,1,0,1,0,0000000,6,40,6,46,7,18,0,0,0,1,0
48,481397,1,1,1,1,251,1370,18,8,2010,4,23,0,0,16,5,INDIANHILLS,,0,32.43586389,-97.387627780,0,8,0,0,1,1,1,0,2,1,0,1,0,0000000,88,88,88,88,88,88,0,0,0,1,0
48,481398,3,3,0,5,469,7190,18,8,2010,4,18,20,1,12,8,LOOP463,AIRLINE,141,28.83958056,-96.953486110,0,12,6,0,2,3,1,0,1,10,0,10,0,0000000,18,22,18,26,18,42,0,0,0,1,0
48,481399,1,1,0,3,59,0,20,8,2010,6,10,4,0,6,4,100,,0,32.50377222,-99.590494440,0,34,0,0,1,1,4,0,1,1,0,1,0,0000000,10,7,10,24,11,1,0,0,0,1,0
48,481400,2,2,0,3,201,0,20,8,2010,6,3,0,0,6,4,AVED,WOODLAND,0,29.78737778,-95.108797220,0,12,6,0,2,3,1,0,2,1,0,1,0,0000000,99,99,99,99,99,99,0,0,0,1,1
48,481401,2,2,1,2,113,1730,21,8,2010,7,3,25,0,16,5,LAKEJUNE,,0,32.73403611,-96.653441670,0,8,0,0,1,1,1,0,3,1,0,1,0,0000000,3,27,3,32,4,20,23,0,0,1,0
48,481402,1,1,1,1,183,4080,21,8,2010,7,23,35,1,13,2,US-80,3RD,137,32.50104722,-94.732508330,0,8,0,0,2,2,1,0,3,1,0,1,0,0000000,88,88,88,88,88,88,0,0,0,1,0
48,481403,2,2,0,3,201,0,21,8,2010,7,21,15,0,6,4,BAMMELWOOD,KUYKENDAHL,0,30.00309444,-95.460791670,0,12,1,0,3,3,1,0,3,1,0,1,0,0000000,88,88,88,88,88,88,0,0,0,1,1
48,481404,2,2,0,5,303,0,21,8,2010,7,21,40,1,2,2,US-87,,122,33.39526667,-101.813477780,0,12,1,0,1,1,1,0,2,1,0,1,0,0000000,21,42,21,53,22,30,0,0,0,1,0
48,481406,1,1,0,1,113,1730,22,8,2010,1,20,41,0,16,5,FAULK,,0,32.74478611,-96.796891670,0,33,0,0,8,1,4,0,3,1,0,1,0,0000000,20,42,20,48,20,59,0,0,0,1,0
48,481407,2,2,1,3,113,1730,23,8,2010,2,14,21,0,16,5,YOUNG,ERVAY,0,32.77796111,-96.796227780,0,12,6,0,2,2,1,0,1,1,0,1,0,0000000,14,32,14,35,14,53,0,0,0,1,0
48,481408,1,1,0,1,455,0,24,8,2010,3,20,35,0,3,3,SR-94,,313,31.05215556,-95.242566670,0,1,0,0,1,1,4,0,2,1,0,1,0,0000000,88,88,88,88,88,88,20,0,0,1,0
48,481409,2,2,0,3,201,0,25,8,2010,4,18,35,1,13,8,FM2100,,29,29.98020278,-95.089177780,0,12,2,0,1,1,1,0,1,1,0,1,0,0000000,99,99,99,99,99,99,0,0,0,1,1
48,481410,2,2,0,2,453,330,25,8,2010,4,16,22,1,12,7,LOOP1,,21,30.43263333,-97.700705560,0,12,1,0,1,1,1,0,1,1,0,1,0,0000000,88,88,88,88,88,88,0,0,0,1,0
48,481411,3,3,0,4,251,3593,27,8,2010,6,13,43,1,13,2,US-67,801B,18,32.38460833,-97.360680560,0,12,6,0,2,2,1,0,1,1,0,1,0,0000000,13,45,13,51,14,29,0,0,0,2,1
48,481412,1,1,0,4,469,7190,27,8,2010,6,2,9,0,16,5,DELMAR,,0,28.78255000,-96.967844440,0,43,0,0,1,1,4,0,3,10,0,10,0,0000000,2,12,2,14,2,35,0,0,0,1,1
48,481413,1,1,0,2,135,5030,28,8,2010,7,0,53,0,16,5,DIXIE,BELLAIRE,0,31.87529722,-102.370344440,0,33,0,0,2,3,4,0,2,1,0,1,0,0000000,88,88,88,88,88,88,0,0,0,2,1
48,481414,3,3,0,4,439,2450,6,2,2010,7,22,24,0,16,5,ROBERTSON,,0,32.86300000,-97.437000000,0,12,2,0,1,1,1,0,2,10,0,10,0,0000000,22,43,22,49,23,18,19,14,0,1,1
48,481415,3,3,0,5,439,2450,9,2,2010,3,22,35,1,1,7,I-35,BOLT,28,32.68860278,-97.320966670,0,12,6,0,2,3,1,0,3,1,0,1,0,0000000,22,37,22,40,23,16,0,0,0,1,1
48,481416,1,1,2,1,201,3280,5,3,2010,6,18,45,1,13,8,FM526,,29,29.77510833,-95.217852780,0,8,0,0,1,1,11,0,3,1,0,1,0,0000000,18,51,18,53,19,57,0,0,0,1,1
48,481417,2,2,0,2,309,7210,25,7,2010,1,0,35,0,16,5,LAKESHORE,HILLCREST,0,31.55813056,-97.199247220,0,12,6,0,2,2,1,0,3,1,0,1,0,0000000,88,88,88,88,88,88,0,0,0,1,1
48,481418,2,2,0,3,51,0,26,7,2010,2,20,20,1,2,3,SR-36,,16,30.51644722,-96.684988890,0,12,6,0,1,1,1,0,5,10,0,10,0,0000000,20,26,20,40,21,12,0,0,0,1,0
48,481419,3,3,0,3,61,940,27,7,2010,3,19,50,1,13,3,SR-48,,40,25.92883889,-97.452633330,0,12,1,0,1,1,1,0,1,1,0,1,0,0000000,19,53,20,2,20,51,14,0,0,1,0
48,481420,1,1,1,1,113,1730,28,7,2010,4,20,54,0,16,5,COLUMBIA,,0,32.79446389,-96.764375000,0,8,0,0,1,1,1,0,3,1,0,1,0,0000000,20,54,20,57,21,7,0,0,0,1,0
48,481422,2,2,0,1,201,3280,28,7,2010,4,9,30,1,12,2,US-59,,105,29.70872222,-95.507705560,0,12,1,0,1,1,1,0,1,10,0,10,0,0000000,9,30,9,37,10,6,0,0,0,1,0
48,481423,2,2,0,2,85,3913,29,7,2010,5,19,30,0,3,3,SR-78,GRANDHERITAGE,289,33.02225278,-96.449863890,0,12,6,0,2,3,1,0,1,1,0,1,0,0000000,88,88,88,88,88,88,0,0,0,1,0
48,481424,1,1,0,1,113,1730,29,7,2010,5,17,37,1,11,1,I-635,,35,32.90313056,-96.721938890,0,1,0,0,1,1,4,0,1,1,0,1,0,0000000,17,38,17,45,18,6,0,0,0,1,1
48,481425,1,1,0,1,399,0,29,7,2010,5,9,17,0,4,3,SR-153,,34,32.04929722,-100.113386110,0,32,0,0,1,1,4,0,1,1,0,1,0,0000000,88,88,88,88,88,88,0,0,0,1,1
48,481426,2,2,0,2,439,3594,17,7,2010,7,10,52,0,16,5,WHITLEY,RAPP,0,32.91217500,-97.252333330,0,1,0,0,2,3,1,0,1,1,0,1,0,0000000,10,53,10,57,11,48,0,0,0,1,0
48,481427,1,1,0,1,177,0,19,7,2010,2,22,0,0,6,4,219,,0,29.16951389,-97.606100000,0,23,0,0,1,1,4,0,2,10,0,10,0,0000000,88,88,88,88,88,88,0,0,0,1,1
48,481428,1,1,1,1,201,3280,30,7,2010,6,22,24,0,16,5,MARTINLUTHERKING,,0,29.69590833,-95.337627780,0,8,0,0,1,1,1,0,6,1,0,1,0,0000000,22,26,22,35,22,56,0,0,0,1,1
48,481429,1,1,0,1,367,85,30,7,2010,6,2,40,0,5,8,FM5,,108,32.68182778,-97.601594440,0,59,0,0,1,1,4,0,2,1,0,1,0,0000000,99,99,99,99,99,99,0,0,0,1,1
48,481430,2,2,0,6,177,2720,27,3,2010,7,17,1,1,2,2,US-183,,129,29.47532778,-97.445327780,0,12,6,0,8,1,1,0,1,1,0,1,0,0000000,99,99,99,99,99,99,0,0,0,1,0
48,481431,1,1,0,3,141,2190,31,3,2010,4,15,56,1,11,1,I-10,,172,31.77546111,-106.515025000,0,1,0,0,1,1,1,0,1,1,0,1,0,0000000,16,0,16,10,16,41,0,0,0,1,0
48,481432,2,2,0,2,201,3280,19,7,2010,2,23,0,0,16,5,W SAM HOUSTON PKWY S,HARWIN,0,29.71662500,-95.558030560,0,12,6,0,2,2,1,0,3,1,0,1,0,0000000,23,4,23,8,23,26,0,0,0,1,0
48,481433,1,1,0,1,471,0,23,7,2010,6,4,9,0,4,8,FM247,,101,30.80658333,-95.572644440,0,1,0,0,1,1,4,0,3,1,0,1,0,0000000,88,88,88,88,88,88,0,0,0,1,1
48,481434,2,2,1,1,303,0,26,7,2010,2,9,20,1,2,2,US-84,,108,33.64854444,-101.945880560,0,8,0,0,1,1,1,0,1,1,0,1,0,0000000,9,26,9,42,9,50,0,0,0,1,0
48,481435,1,1,0,2,149,0,27,7,2010,3,20,35,0,3,3,SR-71,,103,29.86150556,-96.737636110,0,24,0,0,1,1,4,0,2,10,0,10,0,0000000,20,44,21,4,21,49,0,0,0,1,1
48,481436,1,1,0,1,201,3280,18,1,2010,2,20,25,1,12,7,SAMHOUSTON,MYKAWA,0,29.59976389,-95.298897220,0,33,0,1,3,3,3,0,2,1,0,1,0,0000000,88,88,88,88,88,88,0,0,0,1,1
48,481437,1,1,0,1,439,2450,27,1,2010,4,23,13,1,11,1,I-35,,37,32.70269444,-97.320522220,0,59,0,0,1,1,4,0,3,1,0,1,0,0000000,88,88,88,88,88,88,0,0,0,1,1
48,481438,2,2,0,5,309,7210,10,2,2010,4,16,8,1,2,2,US-84,AVIATION,45,31.61702500,-97.052780560,0,12,6,0,2,3,1,0,1,10,0,10,0,0000000,16,12,16,19,16,56,0,0,0,1,0
48,481439,1,1,0,1,141,2190,21,2,2010,1,12,59,0,16,5,MONTANA,,0,31.78287778,-106.462191670,0,18,0,0,1,1,1,0,1,10,0,10,0,0000000,13,0,13,6,13,26,0,0,0,1,0
48,481440,1,1,0,1,29,6090,4,3,2010,5,0,45,1,11,8,SL410,,93,29.43993056,-98.640413890,0,33,0,0,1,1,4,0,3,1,0,1,0,0000000,0,45,0,54,1,21,20,0,0,1,1
48,481441,1,1,0,5,201,3280,22,3,2010,2,1,56,0,16,5,BRIARPARK,,0,29.72065556,-95.548961110,0,33,0,0,1,1,3,0,3,1,0,1,0,0000000,2,2,2,12,2,32,0,0,0,2,1
48,481442,1,1,0,1,29,0,25,4,2010,1,22,30,1,2,3,SR-16,,44,29.62144444,-98.767777780,0,32,0,0,1,1,4,0,2,1,0,1,0,0000000,88,88,88,88,88,88,0,0,0,1,0
48,481443,1,1,0,2,39,0,27,4,2010,3,14,46,0,6,4,4,,0,29.18543611,-95.683922220,0,38,0,0,1,1,5,0,1,1,0,1,0,0000000,88,88,88,88,88,88,0,0,0,1,0
48,481444,1,1,0,1,113,2590,16,5,2010,1,1,54,0,16,5,PRESIDENTGEORGEBUSH,,0,32.94850556,-96.616944440,0,39,0,0,1,1,4,1,3,1,0,1,0,0000000,1,54,1,58,2,35,0,0,0,1,1
48,481445,1,1,1,1,335,1460,16,5,2010,1,21,43,0,4,8,BU20,,42,32.38878056,-100.852105560,0,8,0,0,1,1,1,0,3,1,0,1,0,0000000,88,88,88,88,88,88,0,0,0,1,0
48,481446,1,1,1,1,39,2490,19,6,2010,7,11,1,0,16,9,9TH,,0,28.94680000,-95.359905560,0,8,0,0,8,1,1,0,1,1,0,1,0,0000000,11,1,11,2,11,51,0,0,0,1,0
48,481447,1,1,0,1,141,2190,19,6,2010,7,0,42,1,11,1,I-10RAMP,,195,31.76383056,-106.487441670,0,24,0,1,5,1,4,0,3,1,0,1,0,0000000,88,88,88,88,88,88,0,0,0,1,1
48,481448,1,1,0,2,141,2190,21,6,2010,2,0,30,1,13,8,FM2529,,23,31.98603333,-106.408913890,0,35,0,0,1,1,4,0,2,1,0,1,0,0000000,99,99,99,99,99,99,0,0,0,1,1
48,481449,1,1,0,2,201,3505,24,6,2010,5,16,50,1,12,7,US-290,,231,29.89320556,-95.587763890,0,33,0,0,1,1,4,0,1,1,0,1,0,0000000,99,99,99,99,99,99,0,0,0,1,0
48,481450,1,1,1,1,167,0,9,7,2010,6,23,40,1,11,1,I-45,,156,29.31706944,-94.916436110,0,8,0,0,1,1,1,0,2,1,0,1,0,0000000,88,88,88,88,88,88,0,0,0,1,0
48,481451,2,2,0,2,477,0,11,7,2010,1,1,15,1,13,3,SR-36,PLEASANTHILLSCHOOL,38,30.11534444,-96.384536110,0,12,1,0,3,3,1,0,2,1,0,1,0,0000000,1,20,1,26,1,45,0,0,0,1,0
48,481452,1,1,0,1,201,3280,14,7,2010,4,19,57,0,16,5,GESSNER,CLAY,0,29.83225000,-95.545177780,0,33,0,0,3,2,3,0,1,1,0,1,0,0000000,20,5,20,11,20,55,20,0,0,1,0
48,481453,2,2,0,4,453,0,17,7,2010,7,17,45,1,13,8,FM1327,,47,30.09078056,-97.736113890,0,12,2,0,1,1,1,0,1,1,0,1,0,0000000,99,99,17,51,18,23,0,0,0,3,0
48,481454,1,1,0,1,5,4160,18,7,2010,1,10,56,0,4,8,FM324,,33,31.29377222,-94.746780560,0,32,0,0,1,1,4,0,1,10,0,10,0,0000000,10,58,11,4,11,17,0,0,0,1,0
48,481455,2,2,0,7,363,0,18,7,2010,1,18,35,0,3,2,US-180,,307,32.79757500,-98.187947220,0,12,6,0,1,1,1,0,1,1,0,1,0,0000000,18,41,18,47,20,3,0,0,0,1,0
48,481456,1,1,0,2,13,0,23,7,2010,6,14,0,0,3,3,SR-173,,18,29.02805000,-98.794813890,0,1,0,0,1,1,4,0,1,10,0,10,0,0000000,99,99,99,99,99,99,0,0,0,1,1
48,481457,2,2,0,3,181,6350,24,7,2010,7,20,3,0,16,5,GRAND,,0,33.65590556,-96.598266670,0,12,2,0,1,1,1,0,1,1,0,1,0,0000000,20,3,20,10,20,43,0,0,0,1,1
48,481458,6,6,1,6,201,3280,24,7,2010,7,2,15,1,11,1,I-45,,156,29.68465000,-95.276666670,0,8,0,0,1,1,1,0,3,1,0,1,0,0000000,88,88,88,88,88,88,0,0,0,1,0
48,481459,2,2,0,3,339,0,25,7,2010,1,11,28,0,6,4,EASTRIVER,,0,30.25023056,-95.140819440,0,12,6,0,8,1,1,0,1,1,0,1,0,0000000,11,35,12,5,12,41,0,0,0,1,0
48,481460,2,2,0,9,497,0,26,7,2010,2,22,38,0,4,8,FM51,3690,352,33.02121111,-97.671294440,0,12,6,0,2,2,1,0,2,10,0,10,0,0000000,99,99,99,99,99,99,0,0,0,1,0
48,481461,1,1,0,2,269,0,30,7,2010,6,19,44,1,2,2,US-82,,105,33.63286111,-100.341116670,0,38,0,0,1,1,4,0,1,1,0,1,0,0000000,19,45,20,6,21,23,0,0,0,1,1
48,481462,2,2,0,3,89,1470,31,7,2010,7,23,30,0,3,3,SR-71,,115,29.71289167,-96.579138890,0,12,2,0,1,1,1,0,2,1,0,1,0,0000000,23,43,0,6,1,19,0,0,0,1,0
48,481463,1,1,0,1,215,0,31,7,2010,7,1,30,0,6,4,SEMINARY,,0,26.38239444,-98.162505560,0,24,0,0,1,1,4,0,2,1,0,1,0,0000000,99,99,99,99,99,99,0,0,0,1,1
48,481464,2,2,0,2,355,1550,20,4,2010,3,15,17,0,16,5,YORKTOWN,,0,27.63425833,-97.330722220,0,12,1,0,1,1,1,0,1,1,0,1,1,0000000,88,88,88,88,88,88,0,0,0,1,0
48,481465,2,2,0,3,183,4080,5,5,2010,4,15,43,0,16,5,OAKDALE,HUTCHINGS,0,32.48368889,-94.726311110,0,1,0,0,2,2,1,0,1,1,0,1,0,0000000,15,44,15,50,16,0,0,0,0,1,0
48,481466,1,1,0,1,453,0,22,5,2010,7,1,40,1,13,2,US-183,,338,30.12128889,-97.695419440,0,1,0,0,1,1,4,0,2,1,0,1,0,0000000,88,88,88,88,88,88,0,0,0,1,1
48,481467,1,1,0,1,189,5380,23,5,2010,1,0,35,0,14,8,BU27,,9,34.22842778,-101.707927780,0,59,0,0,1,1,4,0,3,1,0,1,0,0000000,88,88,88,88,88,88,0,0,0,1,0
48,481468,3,2,1,4,439,2450,13,6,2010,1,3,11,1,11,1,I-35E,,68,32.87181944,-97.316894440,0,12,1,0,1,1,1,0,2,1,0,1,0,0000000,99,99,99,99,99,99,19,15,0,1,1