STATE,ST_CASE,VE_TOTAL,VE_FORMS,PEDS,PERSONS,COUNTY,CITY,DAY,MONTH,YEAR,DAY_WEEK,HOUR,MINUTE,NHS,ROAD_FNC,ROUTE,TWAY_ID,TWAY_ID2,MILEPT,LATITUDE,LONGITUD,SP_JUR,HARM_EV,MAN_COLL,RELJCT1,RELJCT2,TYP_INT,REL_ROAD,WRK_ZONE,LGT_COND,WEATHER1,WEATHER2,WEATHER,SCH_BUS,RAIL,NOT_HOUR,NOT_MIN,ARR_HOUR,ARR_MIN,HOSP_HR,HOSP_MN,CF1,CF2,CF3,FATALS,DRUNK_DR
48,481469,2,2,0,3,201,3280,24,6,2010,5,2,55,1,11,1,I-45,,221,29.74325278,-95.359236110,0,12,6,0,1,1,1,0,3,1,0,1,0,0000000,3,7,3,14,3,47,0,0,0,1,2
48,481470,2,2,0,3,201,3280,27,6,2010,1,11,20,0,16,5,ROYALTON,WESTPARK,0,29.72520833,-95.472344440,0,12,6,1,2,3,1,0,1,10,0,10,0,0000000,11,23,11,25,12,0,0,0,0,1,0
48,481471,2,2,0,3,181,0,2,7,2010,6,15,20,1,2,3,SR-56,,286,33.62873611,-96.465066670,0,12,6,0,1,1,1,0,1,2,0,2,0,0000000,99,99,99,99,99,99,0,0,0,1,0
48,481472,3,3,0,2,303,0,2,7,2010,6,4,20,0,4,8,FM2528,,103,33.67535556,-101.940122220,0,12,6,0,1,1,1,0,2,2,0,2,0,0000000,88,88,88,88,88,88,19,0,0,1,0
48,481473,2,2,0,2,67,0,6,7,2010,3,16,40,0,3,3,SR-77,,94,33.04756944,-94.058822220,0,12,6,0,8,1,1,0,1,2,0,2,0,0000000,16,48,17,2,18,12,0,0,0,1,0
48,481474,1,1,0,2,121,6881,8,7,2010,5,15,7,1,12,3,SR-121 TOLLWAY,,35,33.06976944,-96.880283330,0,59,0,0,1,1,3,0,1,2,0,2,0,0000000,15,19,15,37,15,55,0,0,0,1,0
48,481475,2,2,0,8,201,3280,9,7,2010,6,1,27,1,12,7,US-59,SL8,42,29.93974167,-95.295297220,0,12,6,1,2,2,1,1,3,1,0,1,0,0000000,99,99,99,99,99,99,0,0,0,3,1
48,481476,5,5,0,10,339,0,9,7,2010,6,15,50,0,6,4,WALDEN,,0,30.39429167,-95.655244440,0,12,8,0,1,1,1,0,1,10,0,10,0,0000000,15,33,15,42,16,36,0,0,0,2,0
48,481477,2,2,0,5,141,2190,10,7,2010,7,13,12,0,16,5,ROANOKE,JOEHERRERA,0,31.87477222,-106.411863890,0,12,6,0,2,2,1,0,1,10,0,10,0,0000000,99,99,99,99,99,99,0,0,0,1,0
48,481478,1,1,0,1,147,0,17,7,2010,7,2,0,0,6,4,2145,,0,33.83476667,-95.998083330,0,42,0,0,1,1,4,0,2,1,0,1,0,0000000,88,88,88,88,88,88,0,0,0,1,1
48,481479,1,1,1,1,201,3280,18,7,2010,1,21,20,1,13,8,FM865,,61,29.61686667,-95.355472220,0,8,0,0,1,1,1,0,3,10,0,10,0,0000000,88,88,88,88,88,88,0,0,0,1,1
48,481480,1,1,1,2,257,0,18,7,2010,1,23,8,0,4,8,FM429,,117,32.78351944,-96.197858330,0,8,0,0,1,1,1,0,2,1,0,1,0,0000000,23,10,23,27,23,59,0,0,0,1,0
48,481481,3,3,0,6,451,6080,19,7,2010,2,16,30,1,12,8,RM584,,23,31.42914722,-100.458194440,0,12,6,0,4,1,1,0,1,1,0,1,0,0000000,16,32,16,38,16,51,0,0,0,1,0
48,481482,1,1,0,1,133,0,21,7,2010,4,13,4,1,1,1,I-20,,243,32.42849167,-98.720477780,0,1,0,0,1,1,4,1,1,1,0,1,0,0000000,13,21,13,51,14,40,0,0,0,1,1
48,481483,1,1,0,1,257,0,23,7,2010,6,0,4,0,5,8,FM1392,,31,32.75756944,-96.346463890,0,32,0,0,1,1,4,0,2,1,0,1,0,0000000,88,88,88,88,88,88,0,0,0,1,0
48,481484,2,2,0,3,201,3280,26,7,2010,2,12,28,1,11,1,I-45,,36,29.55116667,-95.152063890,0,12,7,0,1,1,1,0,1,1,0,1,0,0000000,99,99,99,99,99,99,0,0,0,2,1
48,481485,1,1,0,2,141,2190,30,7,2010,6,12,46,0,16,5,WESTSIDE,,0,31.85158056,-106.619913890,0,43,0,0,1,1,4,0,1,1,0,1,0,0000000,12,47,12,58,13,40,0,0,0,1,0
48,481486,2,2,1,1,29,2187,13,4,2010,3,20,45,0,5,8,FM1303,,1,29.21608056,-98.359908330,0,8,0,0,1,1,1,0,2,10,0,10,0,0000000,88,88,88,88,88,88,23,0,0,1,0
48,481487,1,1,1,1,277,5220,21,4,2010,4,6,47,0,14,8,BU82H,,76,33.66071389,-95.568613890,0,9,0,0,1,1,1,0,1,10,0,10,0,0000000,88,88,88,88,88,88,0,0,0,1,0
48,481488,1,1,0,2,201,3280,22,5,2010,7,2,20,0,16,5,LONG,,0,29.68499444,-95.305108330,0,38,0,0,1,1,4,0,3,10,0,10,0,0000000,2,20,2,28,3,13,0,0,0,1,1
48,481489,1,1,0,2,73,0,4,7,2010,1,17,37,0,4,8,FM2138,,36,31.88819722,-95.274725000,0,35,0,0,1,1,4,0,1,1,0,1,0,0000000,17,45,18,5,18,36,0,0,0,1,1
48,481490,1,1,2,1,167,0,7,7,2010,4,19,28,0,14,8,FM 646,,256,29.50287500,-94.989155560,0,8,0,0,1,1,4,0,2,10,0,10,0,0000000,99,99,99,99,99,99,0,0,0,1,0
48,481491,1,1,0,1,215,0,15,7,2010,5,0,42,0,6,4,GOODWIN,,0,26.25183611,-98.382247220,0,38,0,0,1,1,4,0,2,10,0,10,0,0000000,88,88,88,88,88,88,0,0,0,1,1
48,481492,1,1,1,1,141,2190,20,7,2010,3,21,40,1,13,2,US-62,,57,31.75527500,-106.488000000,0,8,0,0,1,1,1,0,3,10,0,10,0,0000000,21,42,21,46,22,1,0,0,0,1,1
48,481493,3,3,0,5,291,0,26,8,2010,5,7,2,1,2,3,SR-105,2242,14,30.32406389,-94.959683330,0,12,6,0,2,4,1,0,1,1,0,1,0,0000000,7,7,7,35,8,9,0,0,0,1,0
48,481494,1,1,0,1,453,0,26,8,2010,5,3,12,0,6,4,WESTLAKE,,0,30.30142778,-97.788083330,0,42,0,0,1,1,4,0,2,1,0,1,0,0000000,88,88,88,88,88,88,0,0,0,1,1
48,481495,1,1,1,2,245,5430,27,8,2010,6,21,48,1,13,3,SR-347,23,110,29.92334167,-93.915788890,0,8,0,0,3,3,1,0,2,1,0,1,0,0000000,21,48,21,51,22,7,0,0,0,1,0
48,481496,1,1,0,1,99,0,28,8,2010,7,9,55,0,4,8,FM116,,49,31.37240000,-97.828275000,0,38,0,0,1,1,4,0,1,1,0,1,0,0000000,88,88,88,88,88,88,0,0,0,1,0
48,481497,1,1,1,1,113,1730,28,8,2010,7,3,47,1,11,1,I-635,,75,32.92460833,-96.783672220,0,8,0,0,1,1,1,0,3,1,0,1,0,0000000,88,88,88,88,88,88,23,0,0,1,0
48,481498,1,1,1,1,439,502,29,8,2010,1,2,15,1,12,3,SR-183,,173,32.84029444,-97.159244440,0,8,0,0,1,1,1,0,3,1,0,1,0,0000000,88,88,88,88,88,88,0,0,0,1,0
48,481499,1,1,0,1,201,0,30,8,2010,2,22,20,1,11,1,I-10,,421,29.77681111,-95.129286110,0,1,0,0,1,1,1,0,3,10,0,10,0,0000000,22,42,22,56,23,14,0,0,0,1,1
48,481500,1,1,0,1,257,2430,30,8,2010,2,3,28,1,12,2,US-80,,20,32.76856667,-96.487341670,0,23,0,0,1,1,4,0,2,1,0,1,0,0000000,99,99,99,99,99,99,0,0,0,1,0
48,481501,2,2,0,2,337,0,30,8,2010,2,10,45,0,4,8,FM174,,46,33.57515556,-97.900136110,0,12,6,0,8,1,1,0,1,1,0,1,0,0000000,88,88,88,88,88,88,0,0,0,1,0
48,481502,2,2,0,3,131,0,31,8,2010,3,22,59,0,3,3,SR-16,,473,27.38830556,-98.670058330,0,12,2,0,1,1,1,0,2,1,0,1,0,0000000,88,88,88,88,88,88,0,0,0,1,1
48,481503,1,1,0,1,407,0,28,8,2010,7,3,13,0,4,8,FM224,,72,30.61043611,-95.142888890,0,38,0,0,1,1,4,0,2,1,0,1,0,0000000,88,88,88,88,88,88,0,0,0,1,1
48,481504,3,3,0,7,113,2800,29,8,2010,1,1,36,1,11,1,I-30,,41,32.76169167,-96.964891670,0,12,6,0,1,1,1,0,3,1,0,1,0,0000000,1,37,1,49,2,15,0,0,0,1,1
48,481505,1,1,1,1,201,0,30,8,2010,2,22,45,1,11,1,I-10,,466,29.79048889,-95.055619440,0,8,0,0,1,1,1,0,3,1,0,1,0,0000000,88,88,88,88,88,88,0,0,0,1,0
48,481506,2,2,0,2,113,1730,9,8,2010,2,7,5,1,11,1,I-20,,195,32.65840000,-96.733352780,0,12,6,0,1,1,1,0,1,1,0,1,0,0000000,88,88,88,88,88,88,0,0,0,1,0
48,481507,1,1,0,1,259,0,20,8,2010,6,13,20,0,5,8,FM1621,,5,29.95381944,-98.875580560,0,42,0,0,1,1,4,0,1,10,0,10,0,0000000,88,88,88,88,88,88,0,0,0,1,0
48,481508,2,2,0,2,467,0,3,8,2010,3,20,40,0,5,8,FM1652,,60,32.58195000,-95.744733330,0,12,6,0,8,1,1,0,5,1,0,1,0,0000000,20,49,21,2,21,40,0,0,0,1,1
48,481509,2,2,0,2,201,3280,6,8,2010,6,0,56,0,16,5,JENSEN,LAURAKOPPE,0,29.84040556,-95.342800000,0,12,7,0,3,3,1,0,3,1,0,1,0,0000000,88,88,88,88,88,88,0,0,0,1,1
48,481510,1,1,0,6,439,2800,6,8,2010,6,19,43,1,11,1,I-20,,127,32.67585000,-97.038847220,0,24,0,0,5,1,4,0,1,2,0,2,0,0000000,19,44,19,51,20,12,0,0,0,1,1
48,481511,1,1,0,1,221,2780,8,8,2010,1,15,41,1,13,2,US-377,,105,32.44937500,-97.740822220,0,59,0,0,1,1,4,0,1,1,0,1,0,0000000,15,47,15,57,16,47,0,0,0,1,0
48,481512,2,2,0,3,39,0,11,8,2010,4,7,44,1,2,3,SR-288,56,119,29.43761667,-95.427675000,0,12,6,0,2,2,1,0,1,1,0,1,0,0000000,88,88,88,88,88,88,0,0,0,1,0
48,481513,1,1,0,1,185,0,11,8,2010,4,21,49,1,2,3,SR-105,,55,30.35333889,-95.996025000,0,52,0,0,1,1,4,0,2,1,0,1,0,0000000,88,88,88,88,88,88,0,0,0,1,1
48,481514,1,1,1,1,303,0,13,8,2010,6,8,36,0,4,8,FM3523,,25,33.54563333,-101.662544440,0,9,0,0,1,1,1,0,1,1,0,1,0,0000000,8,35,8,48,9,7,0,0,0,1,0
48,481515,1,1,0,1,157,0,16,8,2010,2,3,45,0,6,4,MADDEN,,0,29.66096667,-95.713227780,0,1,0,0,1,1,4,0,2,1,0,1,0,0000000,88,88,88,88,88,88,0,0,0,1,1
48,481516,2,2,0,3,411,0,16,8,2010,2,16,44,0,4,3,SR-16,,216,31.05883333,-98.731458330,0,12,2,0,1,1,1,0,1,1,0,1,0,0000000,16,40,17,2,17,23,0,0,0,1,0
48,481517,1,1,0,1,329,4560,17,8,2010,3,3,38,0,14,8,FM868,,21,32.01372222,-102.140736110,0,42,0,0,1,1,4,0,3,1,0,1,0,0000000,88,88,88,88,88,88,0,0,0,1,0
48,481518,1,1,0,2,335,0,17,8,2010,3,1,22,1,1,1,I-20,,276,32.40884722,-100.752366670,0,57,0,0,1,1,3,0,2,1,0,1,0,0000000,88,88,88,88,88,88,0,0,0,2,1
48,481519,2,2,0,2,439,260,18,8,2010,4,0,42,1,13,8,FM157,,117,32.76774444,-97.097130560,0,12,6,0,1,1,1,0,3,1,0,1,0,0000000,99,99,99,99,99,99,0,0,0,1,2
48,481520,1,1,0,1,491,1242,18,8,2010,4,15,18,0,16,5,ARROW POINT,,0,30.53276667,-97.802094440,0,33,0,0,1,1,4,0,1,1,0,1,0,0000000,15,19,15,27,15,48,0,0,0,1,0
48,481521,1,1,0,1,141,2190,19,8,2010,5,18,48,0,16,5,COPIA,,0,31.79067222,-106.453677780,0,24,0,0,1,1,4,0,1,1,0,1,0,0000000,88,88,88,88,88,88,0,0,0,1,0
48,481522,1,1,0,1,309,0,19,8,2010,5,12,8,1,2,3,SR-6,,342,31.53896944,-97.040605560,0,24,0,0,1,1,4,0,1,1,0,1,0,0000000,88,88,88,88,88,88,0,0,0,1,0
48,481523,1,1,0,1,485,0,19,8,2010,5,22,15,0,6,4,HOLMAN,,0,34.10791389,-98.577919440,0,1,0,0,1,1,1,0,2,1,0,1,0,0000000,88,88,88,88,88,88,0,0,0,1,0
48,481524,1,1,0,7,13,0,20,8,2010,6,17,53,1,1,1,I-37,,77,28.95930000,-98.437758330,0,1,0,0,1,1,3,0,1,1,0,1,0,0000000,18,29,19,5,19,30,0,0,0,4,0
48,481525,1,1,0,5,181,1830,20,8,2010,6,18,30,1,12,2,US-75,,94,33.73017222,-96.585252780,0,1,0,0,1,1,10,0,1,1,0,1,0,0000000,18,37,18,43,19,6,0,0,0,1,0
48,481527,1,1,0,1,201,0,20,8,2010,6,23,43,0,6,4,KINGSLAND,,0,29.77517500,-95.760688890,0,1,0,0,1,1,1,0,2,1,0,1,0,0000000,23,56,0,11,0,38,20,0,0,1,1
48,481528,1,1,0,2,229,0,20,8,2010,6,16,8,1,1,1,I-10,,614,31.10012778,-105.095600000,0,1,0,0,1,1,3,0,1,1,0,1,0,0000000,16,23,16,40,18,15,0,0,0,1,0
48,481529,1,1,0,1,339,0,20,8,2010,6,2,36,0,4,8,FM1097,,40,30.45281389,-95.426805560,0,32,0,0,1,1,4,0,2,1,0,1,0,0000000,88,88,88,88,88,88,0,0,0,1,1
48,481530,1,1,1,2,245,0,21,8,2010,7,2,25,0,4,3,SR-124,,51,29.86269722,-94.302091670,0,8,0,0,1,1,1,0,2,1,0,1,0,0000000,88,88,88,88,88,88,0,0,0,1,0
48,481531,2,2,0,2,303,0,8,8,2010,1,0,30,1,2,2,US-84,,323,33.46949444,-101.687402780,0,12,6,0,7,1,1,0,2,1,0,1,0,0000000,88,88,88,88,88,88,0,0,0,1,1
48,481532,2,2,0,3,215,0,11,8,2010,4,23,20,0,15,8,FM2812,,12,26.38281111,-98.124288890,0,12,6,0,1,1,1,0,2,1,0,1,0,0000000,99,99,99,99,99,99,0,0,0,1,2
48,481533,2,2,0,3,425,0,12,8,2010,5,8,38,0,4,3,SR-144,,23,32.30077222,-97.736133330,0,12,2,0,1,1,1,0,1,1,0,1,0,0000000,8,38,8,59,9,22,0,0,0,1,0
48,481534,3,3,0,7,201,0,13,8,2010,6,17,21,1,12,2,US-90,,134,29.85463889,-95.123275000,0,12,6,0,1,1,1,0,1,1,0,1,0,0000000,17,33,17,46,18,7,0,0,0,1,1
48,481535,2,2,0,3,121,0,15,8,2010,1,20,56,1,2,2,US-380,,26,33.24044722,-97.349425000,0,12,1,0,8,1,1,0,2,1,0,1,0,0000000,21,7,21,21,21,51,0,0,0,1,1
48,481536,2,2,0,3,251,5791,17,8,2010,3,12,9,0,4,8,FM916,1206,13,32.23316944,-97.374702780,0,12,1,0,3,2,1,0,1,1,0,1,0,0000000,12,12,12,29,13,44,0,0,0,1,0
48,481537,1,1,0,1,251,0,18,8,2010,4,2,50,0,15,8,FM917,,177,32.51280278,-97.167505560,0,53,0,0,1,1,4,0,2,1,0,1,0,0000000,88,88,88,88,88,88,0,0,0,1,1
48,481538,1,1,2,2,215,0,19,8,2010,5,2,10,0,6,4,MILE11,,0,26.21382222,-97.972383330,0,8,0,0,1,1,1,0,3,1,0,1,0,0000000,2,31,2,50,3,11,0,0,0,1,0
48,481539,1,1,0,1,363,0,19,8,2010,5,7,10,0,4,3,SR-254,,204,32.92523889,-98.355188890,0,42,0,0,1,1,4,0,2,1,0,1,0,0000000,88,88,88,88,88,88,0,0,0,1,1
48,481540,1,1,0,1,219,3950,20,8,2010,6,21,0,0,16,5,13TH,,0,33.57959722,-102.376977780,0,1,0,0,1,1,1,0,2,1,0,1,0,0000000,21,0,21,1,21,47,0,0,0,1,0
48,481541,1,1,0,1,201,3280,21,8,2010,7,23,35,1,11,1,I-45,,406,29.90823611,-95.412600000,0,1,0,0,1,1,1,0,3,1,0,1,0,0000000,23,39,23,48,0,10,0,0,0,1,1
48,481542,2,2,0,2,215,0,25,8,2010,4,11,50,0,4,8,FM681,,39,26.58944722,-98.366002780,0,12,2,0,1,1,1,0,1,1,0,1,0,0000000,88,88,88,88,88,88,0,0,0,1,0
48,481543,2,2,0,2,471,3340,26,8,2010,5,7,53,0,14,3,SR-75,,23,30.69847778,-95.534383330,0,12,6,0,8,1,1,0,1,1,0,1,0,0000000,8,3,8,27,9,3,0,0,0,1,0
48,481544,1,1,0,1,209,0,27,8,2010,6,22,3,0,4,8,FM2001,,31,30.07002222,-97.806344440,0,1,0,0,1,1,4,0,2,1,0,1,0,0000000,88,88,88,88,88,88,0,0,0,1,1
48,481545,3,3,0,4,339,0,27,8,2010,6,8,55,0,6,4,VICK,,0,30.15361667,-95.226419440,0,12,6,0,8,1,1,0,1,1,0,1,0,0000000,8,48,8,56,9,22,0,0,0,1,1
48,481546,1,1,0,1,201,0,28,8,2010,7,21,15,0,6,4,GRANT,MISTYWILLOW,0,29.96693889,-95.557986110,0,33,0,0,2,3,4,0,3,1,0,1,0,0000000,88,88,88,88,88,88,0,0,0,1,1
48,481547,2,2,0,2,113,1730,29,8,2010,1,23,0,1,12,2,US-75,,63,32.91674444,-96.767094440,0,12,1,0,1,1,1,0,3,1,0,1,0,0000000,99,99,99,99,99,99,0,0,0,1,1
48,481548,2,2,0,2,113,2010,30,8,2010,2,0,5,1,11,1,I-20,,80,32.66763333,-96.919463890,0,12,1,0,1,1,1,0,3,1,0,1,0,0000000,88,88,88,88,88,88,19,0,0,1,1
48,481549,2,2,0,2,251,0,30,8,2010,2,18,45,0,4,8,FM3048,805,116,32.41856944,-97.334200000,0,12,2,0,2,3,1,0,1,1,0,1,0,0000000,88,88,88,88,88,88,0,0,0,1,0
48,481550,2,2,0,2,49,0,1,9,2010,4,5,25,0,4,8,FM45,,54,31.62619722,-98.960466670,0,12,6,0,1,1,1,0,2,1,0,1,0,0000000,5,36,5,52,6,19,0,0,0,1,1
48,481551,1,1,0,1,397,6010,1,9,2010,4,13,24,0,5,8,FM2453,,5,32.96418889,-96.305991670,0,1,0,0,1,1,4,0,1,10,0,10,0,0000000,88,88,88,88,88,88,0,0,0,1,0
48,481552,1,1,0,1,77,0,2,9,2010,5,22,30,1,2,2,US-82,,46,33.81331389,-98.152113890,0,24,0,0,1,1,4,0,2,2,0,2,0,0000000,22,31,22,32,88,88,0,0,0,1,0
48,481553,1,1,0,1,113,1730,2,9,2010,5,23,40,1,13,8,SL354,,70,32.89897500,-96.893491670,0,30,0,0,1,1,4,0,3,1,0,1,0,0000000,88,88,88,88,88,88,0,0,0,1,1
48,481554,3,3,0,5,453,330,2,9,2010,5,23,55,1,11,1,I-35,,6,30.44339167,-97.667825000,0,12,2,0,1,1,1,0,3,1,0,1,0,0000000,0,0,0,10,0,39,0,0,0,1,1
48,481555,2,2,0,3,491,5990,2,9,2010,5,17,52,0,16,5,SUNRISE,EAGLES NEST,0,30.55182222,-97.676536110,0,12,6,0,2,3,1,0,1,10,0,10,0,0000000,17,55,17,57,18,13,0,0,0,1,0
48,481556,2,2,0,2,85,5390,3,9,2010,6,9,0,0,16,5,14TH,SHERRYE,0,33.01735556,-96.675311110,0,12,6,0,3,2,1,1,1,1,0,1,0,0000000,9,1,9,8,9,30,0,0,0,1,0
48,481557,1,1,0,1,139,2360,3,9,2010,6,6,33,0,16,5,5TH,,0,32.53486667,-96.662397220,0,33,0,0,1,1,3,0,6,1,0,1,0,0000000,6,33,6,40,7,17,0,0,0,1,0
48,481559,2,2,0,4,285,0,3,9,2010,6,14,26,0,4,2,US-77A,,273,29.33635556,-97.121372220,0,12,6,0,1,1,1,0,1,2,0,2,0,0000000,14,32,14,36,14,53,0,0,0,2,1
48,481560,1,1,0,2,299,0,3,9,2010,6,13,40,0,3,3,SR-71,,5,30.90237222,-98.956302780,0,1,0,0,1,1,4,0,1,1,0,1,0,0000000,13,48,14,22,15,11,0,0,0,1,0
48,481561,2,2,0,3,401,0,3,9,2010,6,14,10,0,3,3,SR-42,162,31,32.33965000,-94.922905560,0,12,1,0,3,3,1,0,1,1,0,1,0,0000000,99,99,99,99,99,99,0,0,0,1,0
48,481562,2,2,0,2,113,1730,4,9,2010,7,5,54,1,12,2,US-75,,115,32.84338889,-96.774502780,0,12,1,1,5,1,1,0,3,1,0,1,0,0000000,5,56,6,3,6,32,0,0,0,1,0
48,481563,1,1,1,2,183,4080,4,9,2010,7,0,0,1,13,2,US-80,,144,32.50362778,-94.720905560,0,8,0,0,1,1,1,0,3,1,0,1,0,0000000,0,1,0,5,0,15,0,0,0,1,0
48,481564,1,1,0,1,201,3280,4,9,2010,7,20,26,1,11,1,I-10,,248,29.77698333,-95.403905560,0,24,0,1,5,1,8,0,2,1,0,1,0,0000000,20,26,20,32,20,51,0,0,0,1,1
48,481565,1,1,1,1,209,990,4,9,2010,7,5,15,1,11,7,I-35,,231,30.08345833,-97.822275000,0,8,0,0,1,1,1,0,2,10,0,10,0,0000000,88,88,88,88,88,88,0,0,0,1,0
48,481566,2,2,0,2,373,0,4,9,2010,7,0,55,0,3,8,FM2457,EVERGLADE,26,30.73604722,-95.061638890,0,12,6,0,2,2,1,0,2,1,0,1,0,0000000,1,14,1,42,2,24,0,0,0,1,1
48,481567,3,3,0,10,39,5249,5,9,2010,1,13,15,1,13,3,SR-35,ORANGE,119,29.56920000,-95.286180560,0,12,6,0,2,2,1,1,1,10,0,10,0,0000000,13,23,13,27,14,17,0,0,0,1,0
48,481568,1,1,0,4,105,0,5,9,2010,1,11,20,1,1,1,I-10,,139,30.73218889,-101.607441670,0,52,0,0,1,1,4,0,1,1,0,1,0,0000000,11,24,12,3,13,45,0,0,0,1,0
48,481569,1,1,0,1,201,0,5,9,2010,1,5,6,0,16,5,BAUERHOCKLEY,,0,30.03686667,-95.804083330,0,1,0,0,1,1,4,0,2,1,0,1,0,0000000,88,88,88,88,88,88,0,0,0,1,0
48,481570,1,1,0,2,303,0,5,9,2010,1,1,15,0,6,4,5300,,0,33.78358056,-101.627497220,0,1,0,0,1,1,4,0,2,1,0,1,0,0000000,1,21,1,39,2,47,0,0,0,1,1
48,481571,1,1,0,2,373,0,5,9,2010,1,15,30,0,6,4,NURSERY,,0,30.70202778,-94.760708330,0,42,0,0,1,1,4,0,1,1,0,1,0,0000000,15,57,16,25,16,51,0,0,0,1,0
48,481572,2,2,0,4,453,330,5,9,2010,1,14,31,1,12,3,SR-71,THORNBERRY,127,30.21863056,-97.668950000,0,12,6,0,2,3,1,0,1,1,0,1,0,0000000,99,99,99,99,99,99,0,0,0,1,0
48,481573,1,1,0,4,27,0,6,9,2010,2,18,14,0,4,8,FM436,,224,31.00495833,-97.309811110,0,1,0,0,1,1,4,0,1,10,0,10,0,0000000,18,15,18,31,99,99,0,0,0,1,0
48,481574,2,2,0,6,185,0,6,9,2010,2,16,10,0,3,3,SR-90,,273,30.48104167,-95.997675000,0,12,2,0,1,1,1,0,1,2,0,2,0,0000000,16,17,16,27,16,51,5,0,0,2,0
48,481575,1,1,0,2,207,0,6,9,2010,2,13,20,0,3,2,US-380,,21,33.18638889,-99.970827780,0,1,0,0,1,1,4,0,1,1,0,1,0,0000000,88,88,88,88,88,88,0,0,0,1,0
48,481576,2,2,0,4,209,1986,6,9,2010,2,20,47,0,4,8,RM12,OLDFITZHUGH,63,30.20148333,-98.087397220,0,12,6,0,2,2,1,0,3,10,0,10,0,0000000,20,51,20,54,21,54,0,0,0,1,2
48,481577,2,2,0,2,211,0,6,9,2010,2,14,27,1,2,2,US-60,SR-33,92,35.80747778,-100.402422220,0,12,6,1,2,2,1,0,1,1,0,1,0,0000000,14,35,15,4,16,12,0,0,0,1,0
48,481578,1,1,0,16,217,0,6,9,2010,2,1,55,1,1,1,I-35E,,185,32.07608333,-97.058030560,0,1,0,0,1,1,1,0,2,2,0,2,0,0000000,99,99,99,99,99,99,0,0,0,1,0
48,481579,2,2,0,2,309,7210,6,9,2010,2,12,25,1,13,7,SL396,SS298,33,31.52773889,-97.162486110,0,12,6,0,2,2,1,0,1,1,0,1,0,0000000,12,32,12,34,12,55,0,0,0,1,0
48,481580,2,2,0,3,373,0,6,9,2010,2,12,51,0,14,2,US-190,,169,30.70261944,-94.845186110,0,12,6,0,1,1,1,0,1,2,0,2,0,0000000,12,56,13,1,13,34,0,0,0,1,0
48,481581,1,1,0,1,455,0,6,9,2010,2,17,49,0,3,3,SR-19,,147,30.88366389,-95.375575000,0,1,0,0,1,1,4,0,1,1,0,1,0,0000000,88,88,88,88,88,88,0,0,0,1,0
48,481582,1,1,0,1,27,3690,7,9,2010,3,22,57,0,16,5,REESE CREEK,,54,31.05890833,-97.799369440,0,3,0,0,1,1,4,0,2,2,0,2,0,0000000,88,88,88,88,88,88,0,0,0,1,0
48,481583,1,1,1,1,201,0,7,9,2010,3,4,35,0,16,5,TELGE,COLESCROSSING,0,29.97451944,-95.652100000,0,8,0,0,3,2,1,0,2,10,0,10,0,0000000,4,42,4,47,5,5,0,0,0,1,0
48,481584,2,2,0,4,201,0,7,9,2010,3,6,27,1,13,8,FM2100,,107,30.02583611,-95.088966670,0,12,6,0,1,1,1,0,2,10,0,10,0,0000000,6,30,6,36,7,30,0,0,0,1,0
48,481585,1,1,0,1,401,0,7,9,2010,3,6,32,1,2,2,US-259,,66,32.27706111,-94.865044440,0,42,0,0,1,1,4,0,4,1,0,1,0,0000000,88,88,88,88,88,88,0,0,0,1,0
48,481586,1,1,0,4,303,4140,8,9,2010,4,15,28,0,16,5,ERSKINE,,0,33.60713056,-101.778213890,0,1,0,0,1,1,4,0,1,10,0,10,0,0000000,15,20,15,48,16,11,0,0,0,1,1
48,481587,2,2,0,2,275,0,9,9,2010,5,12,40,1,2,2,US-277,,28,33.47169722,-99.515705560,0,12,2,0,1,1,1,0,1,1,0,1,0,0000000,88,88,88,88,88,88,0,0,0,1,0
48,481588,3,3,0,3,27,3690,10,9,2010,6,6,38,1,13,3,SR-195,,30,31.08839444,-97.755036110,0,12,1,0,8,1,1,0,1,1,0,1,0,0000000,99,99,99,99,99,99,0,0,0,1,0
48,481589,1,1,0,1,249,0,10,9,2010,6,14,8,0,6,4,132,,0,27.75020000,-98.122558330,0,10,0,0,6,1,1,0,1,1,0,1,0,793798b,88,88,88,88,88,88,0,0,0,1,0
48,481590,2,2,0,2,287,2640,10,9,2010,6,11,11,0,14,2,US-77,LEON,264,30.17607778,-96.936752780,0,12,6,0,2,2,1,0,1,1,0,1,0,0000000,88,88,88,88,88,88,0,0,0,1,0
48,481591,1,1,0,3,375,0,10,9,2010,6,5,30,0,3,3,SR-136,,68,35.52765000,-101.642847220,0,1,0,0,1,1,4,0,2,1,0,1,0,0000000,99,99,99,99,99,99,0,0,0,1,0
48,481592,1,1,1,1,113,1730,11,9,2010,7,21,30,0,16,5,REDBIRD,,0,32.67385833,-96.875405560,0,8,0,0,1,1,1,0,2,1,0,1,0,0000000,88,88,88,88,88,88,0,0,0,1,0
48,481593,1,1,0,3,215,0,11,9,2010,7,6,20,0,6,4,SAN MATEO,,0,26.22559722,-98.135402780,0,5,0,0,1,1,1,0,3,1,0,1,0,0000000,6,28,6,37,7,7,0,0,0,1,0