STATE,ST_CASE,VE_TOTAL,VE_FORMS,PEDS,PERSONS,COUNTY,CITY,DAY,MONTH,YEAR,DAY_WEEK,HOUR,MINUTE,NHS,ROAD_FNC,ROUTE,TWAY_ID,TWAY_ID2,MILEPT,LATITUDE,LONGITUD,SP_JUR,HARM_EV,MAN_COLL,RELJCT1,RELJCT2,TYP_INT,REL_ROAD,WRK_ZONE,LGT_COND,WEATHER1,WEATHER2,WEATHER,SCH_BUS,RAIL,NOT_HOUR,NOT_MIN,ARR_HOUR,ARR_MIN,HOSP_HR,HOSP_MN,CF1,CF2,CF3,FATALS,DRUNK_DR
48,481594,2,2,0,5,341,1059,11,9,2010,7,0,11,1,2,2,US-287,SOUTH,5,36.04894444,-102.004933330,0,12,6,0,2,3,1,0,2,1,0,1,0,0000000,0,11,1,1,1,41,0,0,0,1,0
48,481595,3,3,0,5,467,0,11,9,2010,7,18,18,0,3,2,US-80,,1,32.71238056,-96.074388890,0,12,6,0,1,1,1,0,1,2,0,2,0,0000000,18,24,18,40,19,10,14,0,0,1,0
48,481596,1,1,0,1,5,0,12,9,2010,1,14,16,0,3,3,SR-7,,21,31.47288889,-94.841580560,0,38,0,0,1,1,4,0,1,1,0,1,0,0000000,88,88,88,88,88,88,0,0,0,1,0
48,481597,4,4,0,7,157,0,12,9,2010,1,3,5,1,12,2,US-59,,125,29.55032222,-95.737658330,0,12,1,0,1,1,1,0,2,1,0,1,0,0000000,99,99,99,99,99,99,19,14,0,1,2
48,481598,1,1,0,1,331,0,12,9,2010,1,17,23,0,5,8,FM1331,,14,30.68005000,-97.217138890,0,1,0,0,1,1,1,1,1,1,0,1,0,0000000,88,88,88,88,88,88,0,0,0,1,1
48,481599,1,1,1,4,303,6410,13,9,2010,2,7,38,0,16,5,DAYTON,,0,33.43203333,-101.653191670,0,8,0,0,1,1,1,0,4,1,0,1,0,0000000,7,46,8,0,8,23,0,0,0,1,0
48,481600,1,1,0,1,373,1560,13,9,2010,2,11,56,0,3,8,FM287,,115,30.98942500,-94.796350000,0,42,0,0,1,1,4,0,1,1,0,1,0,0000000,88,88,88,88,88,88,0,0,0,1,1
48,481601,3,3,0,6,453,0,13,9,2010,2,16,44,1,12,7,SR-130,FM969,415,30.25335000,-97.603625000,0,12,6,1,2,2,1,0,1,1,0,1,0,0000000,16,44,16,53,17,29,0,0,0,3,0
48,481603,2,2,0,2,453,0,14,9,2010,3,16,0,0,14,8,FM3177,,30,30.31309722,-97.613911110,0,12,1,0,8,1,1,0,1,1,0,1,0,0000000,88,88,88,88,88,88,0,0,0,1,0
48,481604,2,2,0,5,135,5030,15,9,2010,4,23,10,0,16,5,AVENIDADEMEXICO,DELRIO,0,31.83908889,-102.348300000,0,12,6,0,2,2,1,0,3,2,0,2,0,0000000,23,19,23,24,23,40,0,0,0,1,1
48,481605,2,2,0,3,201,7286,15,9,2010,4,12,11,1,11,7,I-45,FM528,16,29.52885278,-95.130463890,0,12,6,1,2,2,1,0,1,1,0,1,0,0000000,12,15,12,39,12,57,0,0,0,1,0
48,481606,1,1,0,1,439,3347,15,9,2010,4,0,19,1,12,3,SR-121,,183,32.83958056,-97.175541670,0,1,0,0,1,1,1,0,2,1,0,1,0,0000000,88,88,88,88,88,88,0,0,0,1,1
48,481607,2,2,0,2,453,0,15,9,2010,4,23,18,0,6,4,HUDSONBEND,,0,30.40293056,-97.926688890,0,12,1,0,1,1,1,0,2,10,0,10,0,0000000,88,88,88,88,88,88,0,0,0,1,1
48,481608,1,1,0,1,113,1730,16,9,2010,5,22,56,1,12,7,SR-75,,57,32.78734167,-96.791513890,0,33,0,0,1,1,10,0,3,1,0,1,0,0000000,22,59,23,1,23,25,0,0,0,1,1
48,481609,1,1,0,3,55,0,17,9,2010,6,3,50,1,2,2,US-183,,153,29.82238333,-97.673027780,0,52,0,0,1,1,4,0,6,2,0,2,0,0000000,3,53,3,57,4,21,0,0,0,1,0
48,481611,2,2,0,4,455,0,17,9,2010,6,21,9,0,3,3,SR-19,,44,31.00022222,-95.424197220,0,12,2,0,1,1,2,0,2,1,0,1,0,0000000,21,17,21,34,21,57,0,0,0,1,1
48,481612,2,2,0,3,485,7490,17,9,2010,6,12,56,1,13,8,FM369,,93,33.85780278,-98.534891670,0,12,6,0,8,1,1,0,1,1,0,1,0,0000000,12,59,13,5,13,27,0,0,0,1,0
48,481613,2,2,0,4,179,0,18,9,2010,7,16,2,1,2,2,US-60,SL171,42,35.53380278,-100.919025000,0,12,6,0,2,2,1,0,1,1,0,1,0,0000000,99,99,99,99,99,99,0,0,0,2,0
48,481614,1,1,1,1,201,0,18,9,2010,7,2,20,0,16,5,STUEBNERAIRLINE,,0,29.99056944,-95.500391670,0,9,0,0,1,1,1,0,2,1,0,1,0,0000000,88,88,88,88,88,88,0,0,0,1,0
48,481615,1,1,0,2,15,0,19,9,2010,1,2,55,0,4,8,FM529,,47,29.92311944,-96.158100000,0,38,0,0,1,1,4,0,2,10,0,10,0,0000000,3,8,3,25,4,2,0,0,0,1,1
48,481616,1,1,0,2,261,0,19,9,2010,1,15,37,1,2,2,US-77,,51,26.73892222,-97.769802780,0,1,0,0,1,1,1,0,1,10,0,10,0,0000000,15,47,16,19,16,51,0,0,0,1,0
48,481617,1,1,1,1,339,7500,19,9,2010,1,10,32,0,4,8,FM2432,,2,30.42127778,-95.475080560,0,8,0,0,1,1,1,0,9,1,0,1,0,0000000,99,99,99,99,99,99,0,0,0,1,0
48,481618,1,1,0,1,347,0,19,9,2010,1,1,50,0,5,8,FM2783,,27,31.82774444,-94.781650000,0,32,0,0,1,1,4,0,2,1,0,1,0,0000000,88,88,88,88,88,88,0,0,0,1,1
48,481619,2,2,0,4,201,0,20,9,2010,2,22,5,1,12,3,SR-249,,184,29.91966944,-95.493538890,0,12,6,0,8,1,1,0,3,1,0,1,0,0000000,22,11,22,15,22,51,0,0,0,1,0
48,481620,1,1,0,1,85,5390,21,9,2010,3,4,4,0,16,5,SPRINGCREEK,,0,33.03591944,-96.667897220,0,33,0,0,1,1,4,0,3,1,0,1,0,0000000,4,5,4,10,4,32,0,0,0,1,1
48,481621,2,2,0,2,167,3920,21,9,2010,3,4,55,1,11,1,I-45,,130,29.45316667,-95.080413890,0,12,6,0,1,1,1,0,2,2,0,2,0,0000000,88,88,88,88,88,88,23,0,0,1,0
48,481622,2,2,1,2,201,0,23,9,2010,5,22,3,1,13,8,FM1960,,37,29.93570556,-95.580336110,0,8,0,0,1,1,1,0,2,1,0,1,0,0000000,88,88,88,88,88,88,0,0,0,1,1
48,481623,2,2,0,2,225,0,24,9,2010,6,6,20,0,4,8,FM1280,,6,31.12842778,-95.436280560,0,12,6,0,1,1,1,0,4,5,0,5,0,0000000,6,25,6,45,7,32,0,0,0,1,0
48,481624,2,2,0,2,321,0,24,9,2010,6,12,18,0,3,3,SR-35,,268,28.89631667,-96.148725000,0,12,2,0,1,1,1,0,1,2,0,2,0,0000000,99,99,99,99,99,99,0,0,0,1,0
48,481625,2,2,0,4,141,2190,25,9,2010,7,16,22,0,16,5,GEORGEDIETER,TENAHA,0,31.79480278,-106.302372220,0,12,6,0,2,2,1,0,1,10,0,10,0,0000000,99,99,99,99,99,99,0,0,0,1,0
48,481626,1,1,0,1,161,0,25,9,2010,7,7,27,1,1,1,I-45,,117,31.63662222,-96.158444440,0,21,0,0,1,1,4,0,1,1,0,1,0,0000000,88,88,88,88,88,88,0,0,0,1,0
48,481627,1,1,0,3,419,0,25,9,2010,7,4,54,0,4,8,FM3184,,38,31.70119167,-93.866566670,0,1,0,0,1,1,4,0,2,1,0,1,0,0000000,7,21,7,55,8,39,0,0,0,1,1
48,481628,1,1,0,1,439,2850,23,9,2010,5,22,3,0,16,5,MAIN,,0,32.93553889,-97.078402780,0,33,0,0,1,1,4,0,3,1,0,1,0,0000000,88,88,88,88,88,88,0,0,0,1,0
48,481629,2,2,0,2,293,0,26,9,2010,1,5,15,0,3,3,SR-14,,77,31.65381944,-96.503305560,0,12,2,0,1,1,1,0,2,1,0,1,0,0000000,5,4,5,10,5,43,0,0,0,2,1
48,481630,1,1,1,1,201,0,27,9,2010,2,5,40,1,13,8,FM1960,BEAVER SPRINGS DR,130,30.01281667,-95.453200000,0,8,0,0,2,2,1,0,3,1,0,1,0,0000000,88,88,88,88,88,88,0,0,0,1,0
48,481631,2,2,0,2,245,0,29,9,2010,4,7,54,1,1,1,I-10,,103,29.96112500,-94.235133330,0,12,1,0,1,1,1,0,1,1,0,1,0,0000000,99,99,99,99,99,99,0,0,0,1,0
48,481632,1,1,0,1,395,0,21,8,2010,7,21,0,0,3,3,SR-7,FM937,83,31.25547778,-96.341600000,0,42,0,0,3,2,4,0,2,1,0,1,0,0000000,99,99,99,99,99,99,0,0,0,1,1
48,481633,1,1,0,1,293,0,22,8,2010,1,20,41,0,3,3,SR-14,,2,31.40639722,-96.584500000,0,11,0,0,1,1,1,0,2,1,0,1,0,0000000,20,55,21,19,22,54,0,0,0,1,0
48,481634,1,1,0,1,453,0,22,8,2010,1,2,39,0,6,4,TWINCREEK,,0,30.13045833,-97.823875000,0,42,0,0,1,1,4,0,2,1,0,1,0,0000000,88,88,88,88,88,88,0,0,0,1,0
48,481635,2,2,0,2,21,0,23,8,2010,2,9,51,1,2,2,US-290,,142,30.24723333,-97.222122220,0,12,2,0,1,1,1,0,1,10,0,10,0,0000000,9,55,10,5,10,45,0,0,0,1,0
48,481636,2,2,0,3,181,1830,24,8,2010,3,18,20,1,13,8,SS503,COFFIN,72,33.73188889,-96.538061110,0,12,1,0,3,2,1,0,1,1,0,1,0,0000000,18,18,18,23,18,43,0,0,0,1,0
48,481637,1,1,0,3,435,0,24,8,2010,3,14,33,1,1,1,I-10,,51,30.60212500,-100.716669440,0,1,0,0,1,1,3,0,1,1,0,1,0,0000000,99,99,14,37,15,2,0,0,0,2,0
48,481638,2,2,0,3,201,3280,3,8,2010,3,16,30,0,16,5,SCOTT,,0,29.68301944,-95.365769440,0,12,1,0,1,1,1,0,1,1,0,1,0,0000000,16,40,17,1,17,32,0,0,0,1,1
48,481639,2,2,0,6,349,0,4,8,2010,4,6,25,0,4,2,US-287,,44,32.01414444,-96.186541670,0,12,6,0,1,1,1,0,4,1,0,1,0,0000000,88,88,88,88,88,88,0,0,0,1,0
48,481640,2,2,0,2,491,3981,5,8,2010,5,23,20,0,3,3,SR-29,,72,30.66933889,-97.914041670,0,12,2,0,1,1,1,0,2,1,0,1,0,0000000,88,88,88,88,88,88,0,0,0,1,2
48,481641,1,1,0,1,231,0,11,8,2010,4,16,4,0,6,4,2246,,0,32.99228333,-96.116925000,0,42,0,0,1,1,4,0,1,1,0,1,0,0000000,88,88,88,88,88,88,0,0,0,1,1
48,481642,1,1,0,2,181,0,15,8,2010,1,2,10,0,4,8,FM1753,,48,33.71512500,-96.449038890,0,32,0,0,1,1,4,0,2,1,0,1,0,0000000,2,21,2,53,3,44,0,0,0,1,1
48,481643,1,1,0,1,85,1260,18,8,2010,4,11,18,0,6,4,88,,0,33.29355278,-96.781969440,0,1,0,0,1,1,4,0,1,10,0,10,0,0000000,88,88,88,88,88,88,0,0,0,1,0
48,481644,1,1,0,3,277,0,21,8,2010,7,2,20,1,13,2,US-271,,69,33.61829722,-95.452733330,0,24,0,0,1,1,4,0,2,1,0,1,0,0000000,2,21,2,30,3,16,0,0,0,1,1
48,481645,2,2,0,3,349,0,21,8,2010,7,9,58,0,4,8,FM744,,89,32.00250833,-96.729297220,0,12,6,0,8,1,1,0,1,1,0,1,0,0000000,99,99,10,43,11,21,0,0,0,1,0
48,481646,2,2,0,3,231,0,24,8,2010,3,10,7,1,1,1,I-30,,100,33.06449444,-96.152763890,0,12,1,0,1,1,1,0,1,1,0,1,0,0000000,10,22,10,34,11,26,0,0,0,1,0
48,481647,2,2,1,2,201,3280,26,8,2010,5,6,14,1,11,1,I-45,,203,29.72690556,-95.334888890,0,8,0,0,1,1,1,0,4,1,0,1,0,0000000,88,88,88,88,88,88,14,0,0,1,0
48,481648,2,2,0,2,201,3280,26,8,2010,5,12,55,1,13,8,FM521,,94,29.64373056,-95.407602780,0,12,1,0,1,1,1,0,1,1,0,1,0,0000000,13,2,13,16,13,55,0,0,0,1,0
48,481649,1,1,0,3,139,0,27,8,2010,6,13,55,0,14,8,FM983,,21,32.49687778,-96.736763890,0,38,0,0,1,1,4,0,1,1,0,1,0,0000000,99,99,13,58,15,4,0,0,0,1,1
48,481650,1,1,0,1,223,0,28,8,2010,7,14,32,1,2,3,SR-19,,41,33.29351667,-95.583630560,0,1,0,0,1,1,1,0,1,1,0,1,0,0000000,14,32,14,43,15,19,0,0,0,1,0
48,481651,2,2,0,2,39,0,1,9,2010,4,4,25,1,2,3,SR-288,64,127,29.42521667,-95.427527780,0,12,6,0,2,2,1,0,2,1,0,1,0,0000000,4,30,4,46,5,21,0,0,0,1,0
48,481652,3,3,0,3,423,7070,2,9,2010,5,13,19,1,13,2,US-69,HERITAGE,55,32.26633889,-95.307330560,0,12,1,0,3,2,1,0,1,10,0,10,0,0000000,13,25,13,32,14,22,0,0,0,1,0
48,481653,2,2,0,2,339,0,3,9,2010,6,10,0,0,4,8,FM149,,258,30.25540556,-95.703933330,0,12,6,0,1,1,1,0,1,2,0,2,0,0000000,88,88,88,88,88,88,0,0,0,1,0
48,481654,2,2,0,3,397,1730,4,9,2010,7,16,30,1,11,1,I-30,,13,32.87867222,-96.513844440,0,25,0,0,1,1,3,0,1,1,0,1,0,0000000,99,99,99,99,99,99,0,0,0,1,0
48,481655,1,1,0,2,471,0,4,9,2010,7,17,0,0,6,4,SOUTHWOOD,,0,30.67903889,-95.493427780,0,38,0,0,1,1,4,0,1,1,0,1,0,0000000,17,2,17,4,17,36,0,0,0,1,1
48,481656,1,1,1,1,201,3280,5,9,2010,1,7,5,1,11,1,I-10,,371,29.77111389,-95.209680560,0,8,0,0,1,1,4,0,3,10,0,10,0,0000000,88,88,88,88,88,88,0,0,0,1,0
48,481657,1,1,1,1,201,3280,6,9,2010,2,1,40,1,11,7,I-10,,387,29.77013333,-95.183088890,0,8,0,0,1,1,1,0,2,1,0,1,0,0000000,88,88,88,88,88,88,0,0,0,1,0
48,481658,1,1,0,1,201,3280,7,9,2010,3,2,10,0,16,5,RAMPART,,0,29.71194722,-95.488947220,0,30,0,0,1,1,4,0,3,1,0,1,0,0000000,88,88,88,88,88,88,0,0,0,1,1
48,481659,1,1,1,1,201,3280,8,9,2010,4,19,29,0,16,5,RUSK,LOUISIANA,0,29.75999167,-95.366316670,0,8,0,0,2,2,4,0,3,10,0,10,0,0000000,19,33,19,41,19,52,0,0,0,1,0
48,481660,1,1,0,2,339,1510,12,9,2010,1,1,12,1,11,1,I-45,,195,30.38668333,-95.485825000,0,42,0,0,1,1,3,1,2,1,0,1,0,0000000,1,13,1,21,2,35,0,0,0,1,1
48,481661,1,1,2,1,113,1730,13,9,2010,2,2,18,0,99,8,SL354,,99999,32.81476111,-96.840813890,0,43,0,0,1,1,4,0,3,1,0,1,0,0000000,88,88,88,88,88,88,0,0,0,2,1
48,481662,2,2,0,3,59,0,14,9,2010,3,16,10,0,3,3,SR-36,,198,32.21033333,-99.353486110,0,12,2,0,1,1,1,0,1,1,0,1,0,0000000,99,99,99,99,99,99,0,0,0,1,0
48,481663,1,1,2,1,201,3280,14,9,2010,3,20,30,1,13,3,SR-3,,56,29.62720278,-95.201894440,0,8,0,0,1,1,2,0,2,10,0,10,0,0000000,20,34,20,41,20,59,0,0,0,1,0
48,481664,1,1,0,1,183,0,16,9,2010,5,21,55,0,4,8,FM2011,,11,32.37436111,-94.740063890,0,42,0,0,1,1,4,0,2,1,0,1,0,0000000,21,55,22,5,22,44,0,0,0,1,1
48,481665,2,2,0,2,29,6090,17,9,2010,6,2,36,1,11,1,I-35,,208,29.40605000,-98.510380560,0,25,0,0,1,1,3,0,3,1,0,1,0,0000000,99,99,99,99,99,99,0,0,0,1,1
48,481666,5,5,0,13,85,5730,18,9,2010,7,2,16,1,12,2,US-75,,136,33.00020833,-96.708602780,0,12,1,0,1,1,1,0,2,1,0,1,0,0000000,2,18,2,27,2,55,13,0,0,2,2
48,481667,1,1,0,1,45,0,19,9,2010,1,20,41,0,4,3,SR-207,FM146,63,34.65336944,-101.439600000,0,59,0,0,3,4,4,0,2,1,0,1,0,0000000,88,88,88,88,88,88,0,0,0,1,0
48,481668,2,2,0,2,113,1730,19,9,2010,1,3,48,1,12,2,US-75,,95,32.87093333,-96.770108330,0,12,1,0,1,1,1,0,3,1,0,1,0,0000000,88,88,88,88,88,88,19,0,0,1,1
48,481669,1,1,0,1,339,6884,19,9,2010,1,0,46,0,16,5,WOODLANDS,BRANCHCROSSING,0,30.19029722,-95.584950000,0,42,0,0,3,2,3,0,3,10,0,10,0,0000000,88,88,88,88,88,88,0,0,0,1,0
48,481670,1,1,0,1,245,2905,20,9,2010,2,20,53,1,13,7,SR-73,,321,29.94081111,-93.895627780,0,1,0,0,5,1,1,0,2,1,0,1,0,0000000,20,57,21,9,21,22,0,0,0,1,0
48,481671,2,2,0,2,337,0,20,9,2010,2,22,40,0,4,2,US-81,,29,33.80729444,-97.936961110,0,12,2,0,1,1,1,0,2,5,0,5,0,0000000,88,88,88,88,88,88,0,0,0,1,0
48,481672,2,2,0,3,339,4667,20,9,2010,2,14,55,1,2,3,SR-105,,352,30.32893889,-95.253750000,0,12,1,0,1,1,1,0,1,2,0,2,0,0000000,15,8,15,25,15,53,19,0,0,1,0
48,481673,2,2,0,2,171,0,25,9,2010,7,12,12,1,2,2,US-290,,80,30.22081111,-98.759455560,0,12,6,0,1,1,1,0,1,1,0,1,0,0000000,88,88,88,88,88,88,0,0,0,1,0
48,481674,2,2,0,3,201,480,25,9,2010,7,22,16,0,16,5,BARKALOO,BRIARCREEK,0,29.76627222,-94.954991670,0,12,6,0,2,3,1,0,2,1,0,1,0,0000000,22,21,22,36,22,57,0,0,0,1,0
48,481675,1,1,0,1,381,0,25,9,2010,7,21,20,0,4,8,FM1258,,38,35.12563056,-101.704258330,0,1,0,0,1,1,4,0,2,1,0,1,0,0000000,88,88,88,88,88,88,0,0,0,1,1
48,481676,1,1,0,2,405,0,27,9,2010,2,9,9,1,2,3,SR-103,FM1992,69,31.39487500,-94.211991670,1,1,0,0,3,3,1,0,1,1,0,1,0,0000000,99,99,99,99,99,99,0,0,0,1,0
48,481677,2,2,0,3,493,0,27,9,2010,2,15,38,0,3,2,US-181,,90,29.16778056,-98.181772220,0,12,6,0,8,1,1,0,1,1,0,1,0,0000000,99,99,99,99,99,99,0,0,0,1,0
48,481678,1,1,1,2,29,6090,30,9,2010,5,17,38,0,16,5,OLD90,36TH,0,29.42683889,-98.572441670,0,8,0,0,3,2,1,0,1,1,0,1,0,0000000,99,99,17,52,18,7,0,0,0,1,1
48,481679,2,2,0,4,99,1540,30,9,2010,5,18,4,1,13,2,US-190,GEORGETOWN,23,31.11133611,-97.910597220,0,12,8,1,2,2,1,0,1,1,0,1,0,0000000,88,88,88,88,88,88,0,0,0,1,0
48,481680,2,2,0,2,201,0,30,9,2010,5,15,47,0,6,4,BATTLEBELL,THOMPSON,0,29.81197500,-95.033361110,0,12,6,0,2,2,1,0,1,1,0,1,1,0000000,88,88,88,88,88,88,0,0,0,1,1
48,481681,1,1,1,1,361,5100,25,3,2010,5,5,5,1,11,7,I-10,,199,30.11972500,-93.787166670,0,8,0,0,1,1,1,0,2,2,0,2,0,0000000,88,88,88,88,88,88,20,0,0,1,0
48,481682,1,1,1,1,135,0,4,4,2010,1,19,10,0,6,4,ESCALANTE,,0,31.82593889,-102.500338890,0,8,0,0,8,1,1,0,1,1,0,1,0,0000000,88,88,88,88,88,88,0,0,0,1,0
48,481683,1,1,0,1,453,0,8,4,2010,5,2,35,1,11,1,I-35,,13,30.45258056,-97.666525000,0,24,0,1,5,1,4,0,2,1,0,1,0,0000000,88,88,88,88,88,88,0,0,0,1,1
48,481684,2,2,0,3,441,30,14,4,2010,4,16,15,0,14,8,FM89,RIOMESA,186,32.36374167,-99.781200000,0,12,6,0,2,3,1,0,1,10,0,10,0,0000000,88,88,88,88,88,88,0,0,0,1,0
48,481685,1,1,0,1,439,2450,15,5,2010,7,5,30,0,16,5,FORESTPARK,,0,32.75426667,-97.343888890,0,42,0,0,1,1,3,0,3,10,0,10,0,0000000,99,99,99,99,99,99,0,0,0,1,1
48,481686,1,1,1,4,441,30,26,5,2010,4,15,25,0,14,8,FM707,,23,32.35772500,-99.725830560,0,9,0,0,1,1,1,0,1,1,0,1,0,0000000,15,30,15,36,16,0,0,0,0,1,0
48,481687,2,2,0,4,201,3280,27,5,2010,5,22,25,0,16,5,HARDY,,0,29.85825556,-95.362572220,0,12,7,0,1,1,1,0,3,10,0,10,0,0000000,22,26,22,31,22,58,0,0,0,1,0
48,481688,1,1,1,1,355,1550,8,6,2010,3,21,4,0,16,5,WALDRON,,0,27.66264722,-97.285997220,0,8,0,0,1,1,1,0,3,1,0,1,0,0000000,21,5,21,7,21,23,0,0,0,1,0
48,481689,1,1,1,2,201,3280,24,7,2010,7,5,14,1,12,2,US-290,,380,29.80467500,-95.452958330,0,8,0,0,1,1,1,0,3,1,0,1,0,0000000,88,88,88,88,88,88,0,0,0,1,0
48,481690,3,3,0,8,201,3280,30,7,2010,6,16,0,1,12,7,US-290,GESSNER,310,29.86732500,-95.540763890,0,12,6,1,2,2,1,0,1,1,0,1,0,0000000,16,5,16,18,16,43,0,0,0,1,0
48,481691,1,1,0,1,85,3535,5,8,2010,5,10,30,0,4,8,FM6,,91,33.04160000,-96.356986110,0,43,0,0,1,1,4,0,1,1,0,1,0,0000000,88,88,88,88,88,88,0,0,0,1,1
48,481692,1,1,0,1,97,2550,5,8,2010,5,13,15,1,11,1,I-35,,137,33.61548056,-97.148930560,0,25,0,0,1,1,3,0,1,1,0,1,0,0000000,99,99,99,99,99,99,0,0,0,1,0
48,481693,1,1,0,1,27,3690,13,8,2010,6,2,46,0,16,5,ELMS,,0,31.07358611,-97.710797220,0,33,0,0,1,1,4,0,2,1,0,1,0,0000000,88,88,88,88,88,88,0,0,0,1,1
48,481694,2,2,0,2,39,0,13,8,2010,6,7,27,0,6,4,130,127,0,29.52006944,-95.232216670,0,12,6,0,2,2,1,0,1,1,0,1,0,0000000,7,41,7,41,8,11,0,0,0,1,0
48,481695,1,1,1,1,425,2680,27,8,2010,6,7,57,0,16,5,TEXAS,,0,32.24928333,-97.739094440,0,8,0,0,1,1,1,0,4,1,0,1,0,0000000,8,3,8,6,8,16,0,0,0,1,0
48,481696,1,1,1,1,29,6090,29,8,2010,1,3,5,1,11,1,I-37,,112,29.42285278,-98.480838890,0,8,0,0,1,1,1,0,3,1,0,1,0,0000000,88,88,88,88,88,88,0,0,0,1,0
48,481697,2,2,0,4,157,3580,30,8,2010,2,16,15,1,11,1,I-10,,22,29.77750000,-95.828697220,0,25,0,0,1,1,10,0,1,2,0,2,0,0000000,99,99,99,99,99,99,0,0,0,1,0
48,481698,2,2,0,2,201,3280,31,8,2010,3,8,20,0,16,5,MAIN,39TH,0,29.82135833,-95.394341670,0,12,6,0,2,2,1,0,1,1,0,1,0,0000000,7,45,7,49,8,16,0,0,0,1,0
48,481699,3,3,1,4,439,2450,21,3,2010,1,1,46,1,11,1,I-30 RAMP,,207,32.75951667,-97.210463890,0,12,1,1,5,1,1,0,3,4,0,4,0,0000000,88,88,88,88,88,88,15,19,0,1,0
48,481700,2,2,0,3,141,2190,8,4,2010,5,0,8,1,12,8,SL375,,75,31.76912222,-106.267752780,0,12,1,0,1,1,1,0,3,1,0,1,0,0000000,0,9,0,14,1,0,0,0,0,1,1
48,481701,1,1,0,2,141,2190,10,4,2010,7,4,23,0,16,5,EDGEMERE,NAIRN,0,31.78941389,-106.356594440,0,33,0,0,2,2,4,0,3,1,0,1,0,0000000,4,25,4,29,99,99,0,0,0,1,1
48,481702,1,1,0,2,439,2450,17,4,2010,7,5,55,0,16,5,ROSEDALE,,0,32.73117778,-97.250916670,0,30,0,0,1,1,4,0,3,10,0,10,0,0000000,6,5,6,7,6,35,0,0,0,1,0
48,481703,1,1,0,3,439,2450,29,4,2010,5,8,1,0,16,5,TARRANT,,0,32.89574167,-97.309061110,0,32,0,0,1,1,4,0,1,1,0,1,0,0000000,8,3,8,7,8,42,0,0,0,1,0
48,481704,1,1,0,1,167,6860,2,5,2010,1,9,53,1,12,3,SR-146,,92,29.43573056,-94.964961110,0,38,0,0,1,1,5,0,1,1,0,1,0,0000000,88,88,88,88,88,88,0,0,0,1,0
48,481705,1,1,4,1,201,3280,2,5,2010,1,4,5,0,16,5,CORAL,SATSUMA,0,29.72039722,-95.288905560,0,19,0,0,3,3,5,0,2,1,0,1,0,0000000,4,22,4,32,4,53,0,0,0,1,1
48,481706,1,1,0,1,215,0,9,5,2010,1,17,30,0,6,4,BENTSENPALM,,0,26.24596667,-98.368727780,0,43,0,0,1,1,4,0,1,1,0,1,0,0000000,88,88,88,88,88,88,0,0,0,1,0
48,481707,1,1,1,1,201,3280,19,5,2010,4,20,50,1,13,8,FM1093,,93,29.73714167,-95.540777780,0,8,0,0,1,1,1,0,3,1,0,1,0,0000000,88,88,88,88,88,88,0,0,0,1,0
48,481708,2,1,0,3,439,2450,20,5,2010,5,17,12,1,11,1,I-20,,61,32.70087778,-97.472044440,0,14,0,1,19,1,2,0,1,10,0,10,0,0000000,17,25,17,38,18,0,0,0,0,1,0
48,481709,1,1,0,1,201,3280,31,5,2010,2,2,30,0,16,5,RICHMOND AVE,,0,29.72911944,-95.644166670,0,42,0,0,1,1,3,0,3,10,0,10,0,0000000,88,88,88,88,88,88,0,0,0,1,1
48,481710,1,1,0,1,243,0,5,7,2010,2,13,17,0,4,3,SR-17,,176,30.69236111,-103.790802780,0,1,0,0,1,1,4,0,1,1,0,1,0,0000000,88,88,88,88,88,88,0,0,0,1,0
48,481711,1,1,0,1,167,6860,16,7,2010,6,2,48,0,16,5,34TH,,0,29.40487222,-94.946830560,0,59,0,0,1,1,4,0,2,1,0,1,0,0000000,99,99,99,99,99,99,0,0,0,1,1
48,481712,2,2,0,3,309,545,22,7,2010,5,9,53,1,13,8,SL340,,35,31.58836944,-97.080591670,0,12,8,0,1,1,1,0,1,1,0,1,0,0000000,88,88,88,88,88,88,0,0,0,1,0
48,481713,1,1,0,1,389,0,23,7,2010,6,18,30,0,6,4,342,,0,31.40651944,-103.485952780,0,32,0,0,1,1,4,0,1,1,0,1,0,0000000,99,99,99,99,99,99,0,0,0,1,0
48,481714,1,1,0,3,215,0,27,7,2010,3,19,0,0,6,4,IOWA,,0,26.34734444,-98.406194440,0,35,0,0,1,1,4,0,1,1,0,1,0,0000000,19,1,19,15,20,29,0,0,0,1,1
48,481715,2,2,0,5,167,6860,3,8,2010,3,22,31,0,14,8,FM2004,,21,29.41205000,-95.031244440,0,12,1,0,1,1,1,0,2,1,0,1,0,0000000,22,36,22,50,23,19,0,0,0,1,1
48,481716,1,1,0,1,363,0,5,8,2010,5,7,55,0,3,2,US-180,,234,32.76803333,-98.306225000,0,42,0,0,1,1,4,0,1,1,0,1,0,0000000,88,88,88,88,88,88,0,0,0,1,0
48,481717,1,1,0,1,165,0,6,8,2010,6,20,10,0,6,4,208,,0,32.78381111,-102.896275000,0,1,0,0,1,1,4,0,1,1,0,1,0,0000000,88,88,88,88,88,88,0,0,0,1,1
48,481718,2,2,1,4,277,0,6,8,2010,6,0,41,1,2,2,US-271,,61,33.78742222,-95.532044440,0,8,0,0,1,1,1,0,2,1,0,1,0,0000000,88,88,88,88,88,88,14,0,0,1,0