STATE,ST_CASE,VE_TOTAL,VE_FORMS,PEDS,PERSONS,COUNTY,CITY,DAY,MONTH,YEAR,DAY_WEEK,HOUR,MINUTE,NHS,ROAD_FNC,ROUTE,TWAY_ID,TWAY_ID2,MILEPT,LATITUDE,LONGITUD,SP_JUR,HARM_EV,MAN_COLL,RELJCT1,RELJCT2,TYP_INT,REL_ROAD,WRK_ZONE,LGT_COND,WEATHER1,WEATHER2,WEATHER,SCH_BUS,RAIL,NOT_HOUR,NOT_MIN,ARR_HOUR,ARR_MIN,HOSP_HR,HOSP_MN,CF1,CF2,CF3,FATALS,DRUNK_DR
48,481719,1,1,0,1,343,0,7,8,2010,7,18,11,0,4,2,US-67,,8,33.08578889,-94.761886110,0,1,0,0,1,1,1,0,1,10,0,10,0,0000000,88,88,88,88,88,88,0,0,0,1,1
48,481720,1,1,0,4,201,3280,15,8,2010,1,2,29,1,12,8,SL8RAMP,,120,29.74433889,-95.557552780,0,24,0,0,5,1,4,0,3,1,0,1,0,0000000,99,99,99,99,99,99,0,0,0,1,1
48,481721,1,1,0,1,165,0,16,8,2010,2,20,26,0,6,4,347,,0,32.69782778,-103.048044440,0,30,0,0,1,1,4,0,1,1,0,1,0,0000000,88,88,88,88,88,88,0,0,0,1,1
48,481722,1,1,1,1,479,3899,22,8,2010,1,2,4,1,11,7,I-35,,27,27.53145833,-99.503383330,0,8,0,0,1,1,1,0,3,1,0,1,0,0000000,99,99,99,99,99,99,0,0,0,1,0
48,481723,1,1,0,1,329,0,23,8,2010,2,16,8,1,11,1,I-20,,25,31.89608611,-102.245141670,0,1,0,0,1,1,3,0,1,1,0,1,0,0000000,88,88,88,88,88,88,0,0,0,1,0
48,481724,1,1,0,1,201,3280,27,8,2010,6,20,50,0,16,5,W SAM HOUSTON PKWY S,,0,29.67783333,-95.559769440,0,25,0,0,1,1,3,0,3,1,0,1,0,0000000,99,99,99,99,99,99,0,0,0,1,0
48,481725,1,1,0,2,231,0,27,8,2010,6,3,4,1,2,2,US-69,,278,33.02982222,-96.004027780,0,32,0,0,1,1,4,0,2,1,0,1,0,0000000,99,99,99,99,99,99,0,0,0,1,1
48,481726,1,1,0,1,339,0,29,8,2010,1,19,47,1,12,2,US-59,,162,30.07074722,-95.246450000,0,25,0,0,1,1,4,0,3,1,0,1,0,0000000,88,88,88,88,88,88,0,0,0,1,1
48,481727,1,1,0,1,139,0,30,8,2010,2,20,40,0,5,8,FM1181,,70,32.34144444,-96.514613890,0,58,0,0,1,1,4,0,2,1,0,1,0,0000000,88,88,88,88,88,88,0,0,0,1,1
48,481728,2,2,0,4,395,0,30,8,2010,2,9,25,1,2,3,SR-6,,159,30.94421111,-96.645097220,0,12,6,0,8,1,1,1,1,10,0,10,0,0000000,99,99,99,99,99,99,0,0,0,1,0
48,481729,1,1,0,1,477,0,30,8,2010,2,7,43,1,2,3,SR-105,,110,30.33412778,-96.173105560,0,32,0,0,1,1,4,0,4,10,0,10,0,0000000,7,44,7,57,9,15,0,0,0,1,0
48,481730,1,1,1,1,181,5510,25,9,2010,7,21,3,0,3,8,FM120,HOUSTON,11,33.76303056,-96.667000000,0,8,0,0,2,3,1,0,3,10,0,10,0,0000000,21,13,21,40,22,14,0,0,0,1,0
48,481731,1,1,0,1,321,0,25,9,2010,7,21,53,0,3,3,SR-35,,461,28.72053056,-96.275202780,0,1,0,0,1,1,4,0,2,1,0,1,0,0000000,88,88,88,88,88,88,0,0,0,1,1
48,481732,1,1,0,1,323,0,25,9,2010,7,20,35,0,5,8,FM1590,,28,28.92845833,-100.586258330,0,11,0,0,1,1,1,0,5,1,0,1,0,0000000,88,88,88,88,88,88,0,0,0,1,0
48,481733,1,1,0,1,365,0,25,9,2010,7,9,37,0,3,2,US-79,,41,32.16500556,-94.389725000,0,35,0,0,1,1,4,0,1,1,0,1,0,0000000,88,88,88,88,88,88,0,0,0,1,0
48,481734,2,2,0,4,453,330,25,9,2010,7,12,45,0,16,5,MANCHACA,VALLEYVIEW,0,30.23617500,-97.784263890,0,12,6,0,2,3,1,0,1,10,0,10,0,0000000,99,99,99,99,99,99,0,0,0,1,0
48,481735,1,1,0,1,183,4080,26,9,2010,1,3,14,1,13,3,SR-149,SR-322,246,32.43983333,-94.717061110,0,35,0,0,3,3,4,0,3,1,0,1,0,0000000,88,88,88,88,88,88,20,0,0,1,0
48,481736,1,1,0,1,201,3280,26,9,2010,1,2,44,0,16,5,LAWNDALE,,0,29.72238056,-95.305011110,0,33,0,0,1,1,4,0,6,1,0,1,0,0000000,88,88,88,88,88,88,0,0,0,1,1
48,481737,1,1,1,1,309,545,26,9,2010,1,1,0,1,11,1,I-35,,182,31.58935278,-97.109666670,0,8,0,0,1,1,1,0,3,1,0,1,0,0000000,88,88,88,88,88,88,0,0,0,1,0
48,481738,4,4,0,7,453,330,26,9,2010,1,9,12,1,11,1,I-35,,180,30.26989167,-97.733155560,0,12,1,0,1,1,1,0,1,10,0,10,0,0000000,9,12,9,17,9,38,0,0,0,1,0
48,481739,2,2,0,3,459,0,26,9,2010,1,4,30,0,3,2,US-80,,53,32.57823611,-95.081811110,0,12,2,0,1,1,1,0,2,5,0,5,0,0000000,5,5,5,10,6,8,0,0,0,1,1
48,481740,2,2,0,6,201,0,27,9,2010,2,16,49,0,6,5,GESSNER,BROOKRIVER,0,29.88100556,-95.540905560,0,12,6,0,2,3,1,0,1,1,0,1,0,0000000,17,3,17,24,17,45,0,0,0,3,0
48,481741,1,1,0,1,421,0,1,9,2010,4,12,45,0,6,4,15,L,0,36.34308611,-101.918866670,0,1,0,0,3,2,4,0,1,1,0,1,0,0000000,88,88,88,88,88,88,0,0,0,1,1
48,481742,1,1,1,1,41,970,28,9,2010,3,7,40,1,13,8,FM2818,,92,30.62701944,-96.376691670,0,9,0,0,1,1,1,0,1,1,0,1,0,0000000,88,88,88,88,88,88,0,0,0,1,0
48,481743,1,1,0,2,203,0,28,9,2010,3,15,45,0,3,2,US-80,,168,32.53618333,-94.424572220,0,24,0,0,1,1,4,0,1,1,0,1,0,0000000,15,48,15,55,16,25,0,0,0,1,0
48,481744,1,1,0,1,309,0,28,9,2010,3,4,50,0,4,8,FM1860,,88,31.50839167,-97.018519440,0,42,0,0,1,1,4,0,2,1,0,1,0,0000000,88,88,88,88,88,88,0,0,0,1,0
48,481745,1,1,0,1,467,0,28,9,2010,3,3,57,0,4,8,FM16,,1,32.51563611,-95.801177780,0,1,0,0,1,1,4,0,2,1,0,1,0,0000000,88,88,88,88,88,88,0,0,0,1,1
48,481746,2,2,0,3,423,7070,29,9,2010,4,11,1,1,13,2,US-271,SL323,87,32.39616111,-95.269297220,0,12,6,0,2,2,1,0,1,1,0,1,0,0000000,11,6,11,12,11,43,0,0,0,1,0
48,481747,1,1,0,1,467,0,29,9,2010,4,17,25,1,1,1,I-20,,282,32.50258333,-95.628572220,0,35,0,0,1,1,4,0,1,1,0,1,0,0000000,88,88,88,88,88,88,0,0,0,1,0
48,481748,2,2,0,3,201,0,30,9,2010,5,10,5,0,6,4,KINGSLAND,,0,29.77514444,-95.741319440,0,12,6,0,8,1,1,0,1,1,0,1,0,0000000,10,16,10,29,10,53,0,0,0,1,0
48,481749,1,1,0,1,201,3280,30,9,2010,5,0,5,1,11,1,I-10RAMP,,8,29.76946389,-95.340552780,0,23,0,1,5,1,4,1,3,1,0,1,0,0000000,0,29,0,37,2,16,0,0,0,1,0
48,481750,1,1,0,1,265,0,30,9,2010,5,23,39,0,4,3,SR-39,,168,30.07250556,-99.281211110,0,24,0,0,1,1,4,0,2,1,0,1,0,0000000,88,88,88,88,88,88,0,0,0,1,1
48,481751,1,1,0,1,337,0,30,9,2010,5,2,56,9,99,8,FM3301,,25,33.81641944,-97.618991670,0,1,0,0,1,1,1,0,2,1,0,1,0,0000000,88,88,88,88,88,88,0,0,0,1,0
48,481752,2,2,0,2,453,330,30,9,2010,5,15,30,1,12,7,US-183,US-290,103,30.32521111,-97.672088890,0,12,6,1,2,2,1,1,1,1,0,1,0,0000000,88,88,88,88,88,88,0,0,0,1,0
48,481753,1,1,0,1,453,330,30,9,2010,5,18,43,1,13,8,FM2222/SS69,,17,30.32074444,-97.716102780,0,26,0,0,1,1,3,0,5,1,0,1,0,0000000,99,99,99,99,99,99,0,0,0,1,1
48,481755,1,1,0,2,303,4140,1,9,2010,4,1,21,0,16,5,CRICKETS,15TH,0,33.58174444,-101.843172220,0,5,0,0,2,2,1,0,3,1,0,1,0,0000000,1,20,1,26,1,46,0,0,0,1,1
48,481756,2,2,0,2,143,0,2,9,2010,5,7,30,1,2,2,US-67,,52,32.15394722,-97.912102780,0,12,6,0,1,1,1,0,1,2,0,2,0,0000000,88,88,88,88,88,88,0,0,0,1,0
48,481757,2,2,0,2,251,0,3,9,2010,6,10,26,0,4,8,FM917,,130,32.47408056,-97.223427780,0,12,6,0,8,1,1,0,1,1,0,1,0,0000000,10,29,10,41,11,10,0,0,0,1,0
48,481758,1,1,0,1,167,3607,4,9,2010,7,0,1,0,16,5,KIPP,,0,29.53885556,-95.016258330,0,1,0,0,1,1,10,0,2,1,0,1,0,0000000,88,88,88,88,88,88,20,0,0,1,1
48,481759,1,1,0,3,201,3280,9,9,2010,5,11,10,1,11,7,I-610,,4,29.79194167,-95.451847220,0,21,0,0,1,1,4,0,1,1,0,1,0,0000000,11,19,11,26,11,39,0,0,0,1,0
48,481760,2,2,0,2,201,3280,9,9,2010,5,21,14,1,11,1,I-45,,93,29.60749167,-95.206769440,0,12,1,1,18,1,1,0,3,1,0,1,0,0000000,88,88,88,88,88,88,0,0,0,1,1
48,481761,3,3,1,3,217,3210,9,9,2010,5,6,17,1,13,3,SR-81,,175,32.00631111,-97.130186110,0,8,0,0,1,1,1,0,3,10,0,10,1,0000000,6,19,6,23,7,30,0,0,0,1,0
48,481762,2,2,0,2,303,0,11,9,2010,7,17,50,1,2,2,US-62,,398,33.66709444,-101.607488890,0,12,6,0,7,1,1,0,1,1,0,1,0,0000000,17,50,17,57,18,36,0,0,0,1,0
48,481763,1,1,0,1,121,0,12,9,2010,1,19,26,0,3,8,FM455,,234,33.36085278,-97.008913890,0,42,0,0,1,1,4,0,1,1,0,1,0,0000000,88,88,88,88,88,88,0,0,0,1,0
48,481764,2,2,0,3,201,3280,12,9,2010,1,12,0,0,16,5,POSTOAK,,0,29.63939722,-95.463586110,0,12,6,0,1,1,1,0,1,1,0,1,0,0000000,11,57,12,8,12,36,0,0,0,1,0
48,481765,1,1,0,1,39,0,14,9,2010,3,15,40,0,6,4,60,,0,29.38149722,-95.392972220,0,42,0,0,1,1,4,0,1,1,0,1,0,0000000,16,4,16,23,16,52,0,0,0,1,1
48,481766,2,2,0,3,289,1000,14,9,2010,3,1,31,1,2,2,US-79,,153,31.46790278,-96.049663890,0,12,1,0,1,1,1,0,3,1,0,1,0,0000000,99,99,99,99,99,99,0,0,0,1,0
48,481767,1,1,0,4,489,0,15,9,2010,4,14,50,1,2,2,US-77,,211,26.44162222,-97.784069440,0,1,0,0,1,1,2,0,1,1,0,1,0,0000000,15,1,15,14,15,37,0,0,0,1,0
48,481768,1,1,0,1,331,0,16,9,2010,5,23,15,0,3,2,US-77,,77,30.93241389,-96.983055560,0,32,0,0,1,1,4,0,2,1,0,1,0,0000000,99,99,99,99,99,99,0,0,0,1,0
48,481769,1,1,0,4,423,0,16,9,2010,5,16,26,0,6,4,381,,0,32.39268611,-95.255466670,0,42,0,0,1,1,4,0,1,1,0,1,0,0000000,16,26,16,34,17,6,0,0,0,1,0
48,481770,1,1,1,1,41,970,17,9,2010,6,21,33,1,13,3,SR-21,24TH,106,30.67823611,-96.387991670,0,9,0,0,2,2,1,0,6,1,0,1,0,0000000,21,35,21,38,21,53,0,0,0,1,0
48,481771,2,2,0,5,297,0,17,9,2010,6,14,52,1,1,7,I-37,FM1358,258,28.48978333,-98.142166670,0,12,6,1,2,2,1,0,1,2,0,2,0,0000000,99,99,99,99,99,99,0,0,0,1,0
48,481772,2,2,0,2,221,2780,18,9,2010,7,12,39,1,13,2,US-377,CLEVELAND,101,32.45251111,-97.734936110,0,12,6,0,2,3,1,0,1,1,0,1,0,0000000,12,43,12,47,13,15,0,0,0,1,0
48,481773,2,2,0,4,307,0,18,9,2010,7,2,20,0,3,2,US-87,,47,30.95576111,-99.278891670,0,12,2,0,1,1,1,0,2,6,0,6,0,0000000,2,35,2,55,3,20,0,0,0,1,0
48,481774,2,2,0,3,423,0,19,9,2010,1,17,10,0,3,3,SR-155,,62,32.48039167,-95.172958330,0,12,8,0,1,1,1,0,1,1,0,1,0,0000000,17,30,17,46,18,14,0,0,0,1,1
48,481775,1,1,0,1,201,3280,20,9,2010,2,0,14,1,11,1,I-45RAMP,,355,29.63708611,-95.239633330,0,33,0,1,5,1,10,0,3,10,0,10,0,0000000,88,88,88,88,88,88,0,0,0,1,1
48,481776,1,1,1,2,215,5330,20,9,2010,2,20,36,0,16,5,VETERANS / 'I' RD,,0,26.22025000,-98.162836110,0,9,0,0,1,1,1,0,2,10,0,10,0,0000000,88,88,88,88,88,88,0,0,0,1,0
48,481777,1,1,0,1,113,1730,22,9,2010,4,11,59,1,12,2,US-175,,56,32.71310833,-96.682972220,0,1,0,1,18,1,10,0,1,10,0,10,0,0000000,12,12,12,16,12,37,0,0,0,1,0
48,481778,1,1,0,1,245,0,22,9,2010,4,12,51,0,3,2,US-90,,14,30.07329722,-94.104388890,0,42,0,0,1,1,4,0,1,1,0,1,0,0000000,88,88,88,88,88,88,0,0,0,1,0
48,481779,1,1,1,1,439,2255,22,9,2010,4,21,3,1,13,3,SR-10,,94,32.83245000,-97.093216670,0,8,0,0,1,1,1,0,3,10,0,10,0,0000000,88,88,88,88,88,88,0,0,0,1,0
48,481780,2,2,0,2,487,0,22,9,2010,4,2,20,1,13,2,US-287,,256,34.10604167,-99.087427780,0,12,1,0,1,1,1,0,2,10,0,10,0,0000000,88,88,88,88,88,88,0,0,0,1,1
48,481781,1,1,0,1,141,6986,23,9,2010,5,16,45,0,16,5,OTSMITH,,0,31.44553333,-106.088488890,0,10,0,0,6,1,1,0,1,1,0,1,0,742906F,88,88,88,88,88,88,0,0,0,1,0
48,481782,1,1,0,1,499,0,23,9,2010,5,11,10,0,3,3,SR-37,,140,32.83369167,-95.426313890,0,25,0,0,1,1,3,0,1,1,0,1,0,0000000,88,88,88,88,88,88,0,0,0,1,0
48,481783,2,2,0,3,291,0,24,9,2010,6,13,49,0,4,8,FM1008,,121,30.08166944,-94.862669440,0,12,6,0,1,1,1,0,1,2,0,2,0,0000000,14,4,14,35,15,0,0,0,0,2,0
48,481784,2,2,0,4,325,0,24,9,2010,6,20,20,1,2,3,SR-16,,24,29.65025278,-98.814500000,0,12,2,0,1,1,1,0,1,1,0,1,0,0000000,99,99,99,99,99,99,0,0,0,1,1
48,481785,1,1,0,1,31,5985,28,9,2010,3,16,34,0,3,2,US-281,FM962,36,30.43160000,-98.344488890,0,30,0,0,3,2,4,0,1,1,0,1,0,0000000,88,88,88,88,88,88,0,0,0,1,0
48,481786,2,2,0,3,157,0,3,9,2010,6,8,40,1,2,3,SR-36,,92,29.44181111,-95.827950000,0,12,2,0,1,1,1,0,1,2,0,2,0,0000000,8,48,9,5,9,39,0,0,0,1,0
48,481787,2,2,0,3,309,0,3,9,2010,6,12,45,0,15,8,FM3434,FLATROCK,72,31.63173333,-97.214186110,0,12,6,0,2,2,1,0,1,10,0,10,0,0000000,12,53,13,2,13,36,0,0,0,1,0
48,481788,2,2,0,10,135,0,5,9,2010,1,18,55,0,14,8,FM2020,FLAMINGO,35,31.83976389,-102.505825000,0,12,6,0,2,2,1,0,1,1,0,1,0,0000000,19,6,19,13,19,43,0,0,0,1,0
48,481789,1,1,0,1,329,0,5,9,2010,1,1,48,0,16,5,HOLIDAY HILL,,0,32.06350000,-102.174822220,0,1,0,0,1,1,4,0,2,1,0,1,0,0000000,88,88,88,88,88,88,0,0,0,1,1
48,481790,1,1,0,2,103,0,6,9,2010,2,15,30,0,4,8,FM 1053,,96,31.58845000,-102.682050000,0,1,0,0,1,1,4,0,1,1,0,1,0,0000000,99,99,99,99,99,99,0,0,0,1,0
48,481791,2,2,0,2,113,1730,6,9,2010,2,22,18,0,16,5,DALLASNORTHTOLLWAY,,0,32.89467222,-96.809188890,0,12,1,0,1,1,1,0,3,1,0,1,0,0000000,23,34,23,36,23,36,20,0,0,1,1
48,481792,3,3,0,4,231,0,6,9,2010,2,15,10,1,2,2,US-69,FM1564,278,33.03089722,-96.005455560,0,12,1,0,3,3,1,0,1,1,0,1,0,0000000,15,12,15,23,15,56,0,0,0,1,0
48,481793,2,2,0,2,387,0,9,9,2010,5,11,40,1,2,2,US-271,,4,33.51764167,-95.304636110,0,12,8,0,1,1,2,0,1,10,0,10,0,0000000,88,88,88,88,88,88,0,0,0,1,0
48,481794,1,1,0,4,497,0,11,9,2010,7,2,35,0,6,4,4680,,0,33.06320556,-97.624038890,0,38,0,0,1,1,4,0,2,1,0,1,0,0000000,99,99,99,99,99,99,0,0,0,1,1
48,481795,2,2,0,2,367,0,13,9,2010,2,4,55,0,4,8,FM51,,106,32.87252222,-97.743302780,0,12,6,0,1,1,1,0,2,10,0,10,0,0000000,99,99,99,99,99,99,0,0,0,1,0
48,481796,1,1,0,2,329,0,16,9,2010,5,1,27,1,1,1,I-20RAMP,,180,31.99455000,-102.024558330,0,1,0,0,5,1,8,0,3,10,0,10,0,0000000,88,88,88,88,88,88,0,0,0,1,1
48,481797,1,1,0,2,289,0,19,9,2010,1,2,18,1,1,1,I-45,,123,31.26551111,-95.987244440,0,1,0,0,1,1,4,0,2,1,0,1,0,0000000,2,31,2,56,3,50,0,0,0,1,0
48,481798,1,1,0,5,83,0,20,9,2010,2,13,35,0,6,4,422,,0,31.81578889,-99.507386110,0,1,0,0,1,1,4,0,1,10,0,10,0,0000000,14,10,14,24,14,52,0,0,0,1,0
48,481799,4,4,0,7,215,0,20,9,2010,2,20,4,0,15,8,FM493,,205,26.21441111,-98.036972220,0,12,1,0,1,1,1,0,2,10,0,10,0,0000000,20,15,20,30,20,55,0,0,0,3,1
48,481800,1,1,0,1,113,3420,23,9,2010,5,13,35,0,16,5,PGB,,0,32.90548056,-96.957013890,0,24,0,0,1,1,4,0,1,1,0,1,0,0000000,13,32,13,37,13,56,0,0,0,1,0
48,481801,3,3,0,3,453,0,25,9,2010,7,0,10,1,13,8,FM734,CORPUSCHRISTI,2,30.44664444,-97.744002780,0,12,6,0,2,3,1,0,3,1,0,1,0,0000000,0,11,0,17,1,18,0,0,0,1,1
48,481802,2,2,0,4,41,0,26,9,2010,1,10,45,0,4,3,SR-1,,2,30.75122222,-96.453919440,0,12,8,0,1,1,1,0,1,1,0,1,0,0000000,11,7,11,14,11,37,0,0,0,1,0
48,481803,2,2,0,3,297,0,26,9,2010,1,17,30,1,2,2,US-59,,77,28.33932500,-98.010255560,0,12,6,0,8,1,1,0,1,1,0,1,0,0000000,17,31,17,41,18,16,0,0,0,1,0
48,481804,2,2,0,2,497,0,26,9,2010,1,14,45,0,4,8,FM730,,47,33.39010000,-97.519025000,0,12,6,0,8,1,1,0,1,1,0,1,0,0000000,88,88,88,88,88,88,0,0,0,1,0
48,481805,1,1,0,1,497,0,27,9,2010,2,21,20,0,6,4,4398,,0,33.14617500,-97.629147220,0,1,0,0,1,1,4,0,2,1,0,1,0,0000000,99,99,99,99,99,99,0,0,0,1,0
48,481806,1,1,0,4,409,2871,28,9,2010,3,19,29,1,2,2,US-181,,243,27.90894444,-97.299352780,0,1,0,0,1,1,4,0,5,1,0,1,0,0000000,19,34,19,39,20,8,0,0,0,2,0
48,481807,1,1,0,1,29,6090,29,9,2010,4,3,33,0,16,5,WURZBZCH,,0,29.55792778,-98.517300000,0,35,0,0,1,1,4,0,3,1,0,1,0,0000000,88,88,88,88,88,88,0,0,0,1,1
48,481808,2,2,0,4,7,0,30,9,2010,5,15,12,0,3,3,SR-35,,31,28.09829444,-97.033202780,0,12,2,0,1,1,1,0,1,1,0,1,0,0000000,15,13,15,22,16,4,0,0,0,1,0
48,481809,2,2,0,2,439,4965,1,10,2010,6,22,24,1,11,1,I-820,,99999,32.83257778,-97.210677780,0,24,0,0,1,1,4,0,3,1,0,1,0,0000000,88,88,88,88,88,88,0,0,0,1,0
48,481810,1,1,0,1,13,0,2,10,2010,7,0,17,1,1,1,I-37,,43,28.90915833,-98.433036110,0,1,0,1,18,1,4,0,2,1,0,1,0,0000000,88,88,88,88,88,88,0,0,0,1,0
48,481811,1,1,1,1,29,6090,2,10,2010,7,4,50,1,13,8,SL13,,30,29.36109167,-98.572261110,0,8,0,0,1,1,1,0,2,1,0,1,0,0000000,88,88,88,88,88,88,0,0,0,1,0
48,481812,1,1,0,1,71,7244,2,10,2010,7,14,17,1,1,1,I-10,,109,29.83905000,-94.730752780,0,25,0,0,1,1,3,0,1,1,0,1,0,0000000,88,88,88,88,88,88,0,0,0,1,0
48,481813,1,1,0,1,91,0,2,10,2010,7,11,25,1,13,8,FM306,,100,29.93702778,-98.291911110,0,1,0,0,1,1,2,0,1,1,0,1,0,0000000,11,39,11,51,12,27,0,0,0,1,0
48,481814,2,2,0,3,121,0,2,10,2010,7,2,58,0,14,3,SR-114,,32,33.03524722,-97.342911110,0,12,2,0,1,1,1,0,2,1,0,1,0,0000000,3,4,3,15,3,57,0,0,0,2,1
48,481815,1,1,0,1,121,5416,2,10,2010,7,17,42,0,5,8,FM2449,,46,33.17893889,-97.321286110,0,1,0,0,1,1,4,0,1,1,0,1,0,0000000,17,44,18,1,18,25,0,0,0,1,1
48,481816,2,2,0,4,177,0,2,10,2010,7,6,43,1,2,2,US-183,,258,29.35471389,-97.335383330,0,12,2,0,1,1,1,0,4,1,0,1,0,0000000,7,0,7,24,8,7,0,0,0,2,0
48,481817,1,1,0,1,355,1550,2,10,2010,7,2,12,0,14,8,SS407,,103,27.79770833,-97.475241670,0,38,0,0,1,1,4,0,2,1,0,1,0,0000000,2,12,2,25,2,39,0,0,0,1,1
48,481818,1,1,0,2,355,1550,2,10,2010,7,19,12,0,16,5,GULFBEACH,,0,99.99990000,999.999900000,0,1,0,0,1,1,1,0,1,1,0,1,0,0000000,19,13,19,22,19,52,0,0,0,1,1
48,481819,1,1,0,1,357,0,2,10,2010,7,17,57,0,6,4,U,,0,36.23066944,-100.673261110,0,38,0,0,1,1,4,0,1,1,0,1,0,0000000,88,88,88,88,88,88,0,0,0,1,0
48,481820,2,2,0,3,415,3399,2,10,2010,7,8,10,0,3,3,SR-350,FM1606,67,32.58195000,-101.002433330,0,12,6,0,2,2,1,0,1,1,0,1,0,0000000,88,88,88,88,88,88,0,0,0,1,0
48,481821,3,3,0,3,113,1730,3,10,2010,1,7,20,0,16,5,WEBBCHAPEL,ALTMAN,0,32.88955278,-96.870533330,0,12,6,0,2,2,1,0,1,1,0,1,0,0000000,7,24,7,29,7,56,14,0,0,1,1
48,481822,1,1,1,5,201,0,3,10,2010,1,1,33,0,14,8,FM525,,65,29.93058611,-95.306525000,0,8,0,0,1,1,1,0,2,1,0,1,0,0000000,1,35,1,40,2,16,0,0,0,1,1
48,481823,1,1,0,1,215,0,3,10,2010,1,2,45,0,6,4,TEXMEX,,0,26.28745000,-98.048644440,0,1,0,0,1,1,4,0,3,1,0,1,0,0000000,2,56,3,14,4,14,0,0,0,1,1
48,481824,2,2,2,1,309,545,3,10,2010,1,5,59,1,11,1,I-35,,194,31.60550278,-97.106052780,0,12,6,0,1,1,1,0,2,1,0,1,0,0000000,99,99,99,99,99,99,0,0,0,1,0
48,481825,3,3,0,4,77,0,4,10,2010,2,14,22,1,2,2,US-82,,98,33.83211389,-98.259266670,0,12,7,0,1,1,1,0,1,1,0,1,0,0000000,99,99,99,99,99,99,0,0,0,1,0
48,481827,1,1,1,1,113,1730,4,10,2010,2,22,40,1,11,7,I-35,,166,32.77846389,-96.812269440,0,8,0,0,1,1,1,0,3,1,0,1,0,0000000,88,88,88,88,88,88,0,0,0,1,0
48,481828,1,1,0,1,113,4530,4,10,2010,2,15,42,1,12,2,US-80,,40,32.79250833,-96.612461110,0,1,0,0,1,1,10,0,1,1,0,1,0,0000000,15,44,15,50,16,0,0,0,0,1,0
48,481829,2,2,1,4,157,0,4,10,2010,2,19,20,1,2,7,US-59,,275,29.47377222,-95.956783330,0,8,0,0,1,1,1,0,5,1,0,1,0,0000000,19,35,19,52,20,23,23,0,0,1,0
48,481830,1,1,0,2,347,4810,4,10,2010,2,5,34,1,13,8,SL224,,136,31.57628611,-94.657494440,0,32,0,0,1,1,4,0,3,1,0,1,0,0000000,5,43,5,51,6,8,0,0,0,1,0
48,481831,3,3,0,7,329,4560,5,10,2010,3,0,39,1,2,3,SR-191,,83,31.99193889,-102.178252780,0,12,2,0,1,1,1,0,2,1,0,1,0,0000000,0,38,99,99,1,9,0,0,0,2,1
48,481832,1,1,0,1,367,0,5,10,2010,3,21,15,0,3,2,US-180,,79,32.78789722,-97.934466670,0,32,0,0,1,1,4,0,2,1,0,1,0,0000000,99,99,99,99,99,99,0,0,0,1,0
48,481833,2,2,1,4,375,0,5,10,2010,3,17,49,1,2,2,US-87,,187,35.47618333,-101.883558330,0,8,0,0,1,1,1,0,1,1,0,1,0,0000000,88,88,88,88,88,88,14,0,0,1,0
48,481834,2,2,0,2,453,330,5,10,2010,3,11,40,1,12,3,SR-1 RAMP,,109,30.33536667,-97.753761110,0,30,0,1,5,1,8,0,1,1,0,1,0,0000000,11,41,11,44,12,0,14,0,0,1,0
48,481835,1,1,1,1,375,0,6,10,2010,4,4,0,1,13,2,US-287,,97,35.19015000,-101.665436110,0,8,0,0,1,1,1,0,2,1,0,1,0,0000000,88,88,88,88,88,88,0,0,0,1,0
48,481836,1,1,0,1,51,1070,7,10,2010,5,0,54,1,2,3,SR-21RAMP,,112,30.53795556,-96.692461110,0,59,0,0,5,1,8,0,3,1,0,1,0,0000000,0,54,0,59,1,36,20,0,0,1,1
48,481837,1,1,0,2,95,0,7,10,2010,5,11,35,0,3,2,US-83,,138,31.38331667,-99.878941670,0,1,0,0,1,1,1,0,1,1,0,1,0,0000000,99,99,99,99,99,99,0,0,0,1,0
48,481838,1,1,0,1,113,1730,7,10,2010,5,11,28,0,16,5,SYLVAN,,0,32.79015000,-96.835144440,0,52,0,0,1,1,4,0,1,1,0,1,0,0000000,11,35,11,42,12,0,0,0,0,1,0
48,481839,1,1,1,1,113,3420,7,10,2010,5,6,52,0,16,5,BELTLINE,NORTHGATE,0,32.85691389,-96.992200000,0,8,0,0,3,2,1,0,3,1,0,1,0,0000000,6,53,6,57,7,21,0,0,0,1,0
48,481840,2,2,0,2,201,0,7,10,2010,5,6,0,1,11,1,I-45,,424,30.01839444,-95.428377780,0,12,1,0,1,1,1,0,3,1,0,1,0,0000000,88,88,88,88,88,88,0,0,0,1,1
48,481841,2,2,0,2,113,3420,8,10,2010,6,2,32,1,12,3,SR-183,,50,32.83696667,-96.964519440,0,12,1,0,1,1,1,0,3,1,0,1,0,0000000,88,88,88,88,88,88,0,0,0,1,1
48,481842,1,1,1,4,117,3140,8,10,2010,6,17,25,0,16,5,16TH,,0,34.83889722,-102.399211110,0,9,0,0,8,1,1,0,1,1,0,1,0,0000000,99,99,99,99,99,99,0,0,0,1,0
48,481843,2,2,1,1,201,0,8,10,2010,6,22,45,1,12,3,SR-249,,123,29.97442500,-95.564033330,0,12,9,0,1,1,1,0,3,1,0,1,0,0000000,88,88,88,88,88,88,23,0,0,1,0