STATE,ST_CASE,VE_TOTAL,VE_FORMS,PEDS,PERSONS,COUNTY,CITY,DAY,MONTH,YEAR,DAY_WEEK,HOUR,MINUTE,NHS,ROAD_FNC,ROUTE,TWAY_ID,TWAY_ID2,MILEPT,LATITUDE,LONGITUD,SP_JUR,HARM_EV,MAN_COLL,RELJCT1,RELJCT2,TYP_INT,REL_ROAD,WRK_ZONE,LGT_COND,WEATHER1,WEATHER2,WEATHER,SCH_BUS,RAIL,NOT_HOUR,NOT_MIN,ARR_HOUR,ARR_MIN,HOSP_HR,HOSP_MN,CF1,CF2,CF3,FATALS,DRUNK_DR
48,481844,2,2,0,2,201,0,8,10,2010,6,12,21,0,6,4,BARKERCYPRESS,LAKECRESTVIEW,0,29.91814444,-95.686294440,0,12,6,0,2,3,1,4,1,1,0,1,0,0000000,12,32,12,43,13,11,0,0,0,1,0
48,481845,2,2,0,5,293,0,8,10,2010,6,15,30,0,4,3,SR-164,,67,31.51158889,-96.424986110,0,12,6,0,8,1,1,0,1,1,0,1,0,0000000,15,47,16,12,16,46,0,0,0,2,0
48,481846,1,1,0,1,367,0,8,10,2010,6,21,12,0,6,4,VEALSTATION,,0,32.91061389,-97.680125000,0,42,0,0,1,1,4,0,2,1,0,1,0,0000000,88,88,88,88,88,88,0,0,0,1,0
48,481847,1,1,0,1,375,150,8,10,2010,6,2,35,0,16,5,24,,0,35.23627778,-101.823511110,0,1,0,0,1,1,4,0,3,1,0,1,0,0000000,88,88,88,88,88,88,0,0,0,1,1
48,481848,2,2,0,2,469,0,8,10,2010,6,13,49,0,4,8,FM444,,100,28.91013611,-96.807147220,0,12,2,0,1,1,1,0,1,1,0,1,0,0000000,13,50,14,4,14,37,0,0,0,1,0
48,481849,1,1,0,3,61,940,9,10,2010,7,22,31,0,14,8,FM1847,,128,25.94486667,-97.487863890,0,1,0,0,1,1,1,0,3,1,0,1,0,0000000,99,99,99,99,99,99,0,0,0,1,1
48,481850,1,1,0,1,121,1840,9,10,2010,7,12,0,0,4,8,FM428,,78,33.30757778,-97.060602780,0,38,0,0,1,1,5,0,1,1,0,1,0,0000000,88,88,88,88,88,88,0,0,0,1,0
48,481851,1,1,0,1,329,4560,9,10,2010,7,5,51,1,13,3,SR-349,,40,32.04552500,-102.084713890,0,33,0,0,1,1,4,0,3,1,0,1,0,0000000,88,88,88,88,88,88,0,0,0,1,1
48,481852,2,2,0,2,47,0,10,10,2010,1,16,48,1,2,2,US-281,,144,27.05545556,-98.143616670,0,12,7,0,1,1,1,0,1,1,0,1,0,0000000,88,88,88,88,88,88,0,0,0,1,0
48,481853,2,2,0,3,113,1730,10,10,2010,1,19,0,0,16,5,BONNIEVIEW,JUDGEDUPREE,0,32.66778333,-96.759672220,0,12,6,0,2,3,1,0,5,1,0,1,0,0000000,19,1,19,5,19,41,0,0,0,1,0
48,481854,1,1,0,2,135,0,10,10,2010,1,4,41,0,14,3,SR-302,,188,31.88338889,-102.453688890,0,1,0,0,1,1,4,0,2,1,0,1,0,0000000,99,99,99,99,5,7,0,0,0,1,1
48,481855,1,1,0,1,171,0,10,10,2010,1,8,20,0,4,3,SR-16,,53,30.22552500,-98.931808330,0,38,0,0,1,1,5,0,1,1,0,1,0,0000000,88,88,88,88,88,88,0,0,0,1,0
48,481856,3,3,0,5,201,3280,10,10,2010,1,17,43,0,16,5,ELDRIDGE,,0,29.83267778,-95.605002780,0,12,6,0,1,1,1,0,1,1,0,1,0,0000000,17,48,18,7,18,26,0,0,0,1,1
48,481857,1,1,0,1,201,3280,10,10,2010,1,2,37,0,16,5,LONG,,0,29.68513056,-95.306386110,0,38,0,0,1,1,4,0,3,1,0,1,0,0000000,88,88,88,88,88,88,0,0,0,1,1
48,481858,1,1,0,1,473,0,10,10,2010,1,18,40,0,4,8,FM359,,172,29.97846944,-96.035741670,0,1,0,0,1,1,4,0,5,1,0,1,0,0000000,88,88,88,88,88,88,0,0,0,1,0
48,481859,1,1,0,1,439,2800,10,10,2010,1,18,24,0,16,5,GREATSOUTHWEST,,0,32.70875278,-97.044152780,0,25,0,0,1,1,3,0,1,1,0,1,0,0000000,88,88,88,88,88,88,0,0,0,1,1
48,481860,1,1,0,1,439,2800,10,10,2010,1,15,4,0,16,5,LAKERIDGE,,0,32.60931389,-97.035216670,0,5,0,0,1,1,1,0,1,1,0,1,0,0000000,88,88,88,88,88,88,0,0,0,1,0
48,481861,2,2,0,2,65,0,11,10,2010,2,10,13,0,3,3,SR-152,,49,35.59953056,-101.218930560,0,12,2,0,1,1,1,0,1,1,0,1,0,0000000,10,13,10,25,10,56,0,0,0,1,0
48,481862,1,1,1,1,201,0,11,10,2010,2,0,40,1,13,8,FM1960,,38,29.93593333,-95.580366670,0,8,0,0,1,1,1,0,2,1,0,1,0,0000000,88,88,88,88,88,88,0,0,0,1,0
48,481863,2,2,0,4,451,0,11,10,2010,2,8,24,0,6,4,WESTGRAPECREEK,GLASS,0,31.60313611,-100.598588890,0,12,6,0,2,2,1,0,1,1,0,1,0,0000000,8,34,8,49,9,37,0,0,0,1,0
48,481864,2,2,0,3,453,330,12,10,2010,3,0,22,1,13,8,RM2222,BALCONES,87,30.33738889,-97.757077780,0,12,6,0,2,2,1,0,3,10,0,10,0,0000000,0,22,0,24,0,54,0,0,0,1,0
48,481866,4,4,0,4,201,0,13,10,2010,4,21,0,1,13,8,FM2100,,110,30.00747778,-95.093258330,0,12,2,0,1,1,1,0,2,1,0,1,0,0000000,21,5,21,22,21,53,0,0,0,1,2
48,481867,1,1,0,1,227,0,13,10,2010,4,1,25,1,1,1,I-20,,157,32.19933056,-101.608413890,0,1,0,0,1,1,10,0,2,1,0,1,0,0000000,88,88,88,88,88,88,0,0,0,1,1
48,481868,2,2,0,2,291,1770,13,10,2010,4,15,48,1,13,3,SR-321,TRAM,248,30.06387778,-94.903369440,0,12,1,0,3,3,1,0,1,1,0,1,0,0000000,15,55,16,3,16,33,0,0,0,1,0
48,481869,1,1,0,1,439,260,13,10,2010,4,10,41,0,16,5,NEWYORK,,0,32.64481389,-97.076300000,0,39,0,0,1,1,4,0,1,1,0,1,0,0000000,10,40,10,47,11,6,0,0,0,1,0
48,481870,2,2,0,2,157,6660,14,10,2010,5,19,53,0,16,5,SETTLERSWAY,MOSBY,0,29.58085278,-95.596016670,0,1,0,0,2,3,1,0,3,1,0,1,0,0000000,19,58,20,5,20,31,0,0,0,1,1
48,481871,2,2,0,3,217,0,14,10,2010,5,13,13,1,1,1,I-35,,105,32.18813333,-97.139375000,0,12,2,0,1,1,1,0,1,1,0,1,0,0000000,99,99,99,99,99,99,0,0,0,2,1
48,481872,1,1,1,1,309,7210,14,10,2010,5,8,6,0,16,5,MARQUITA,,0,31.51435556,-97.146963890,0,8,0,0,1,1,1,0,1,1,0,1,0,0000000,8,9,8,11,8,22,0,0,0,1,0
48,481873,2,2,0,2,329,4560,14,10,2010,5,11,3,1,13,3,SR-349,CUTHBERT,66,32.00779167,-102.079166670,0,12,6,0,2,2,1,0,1,1,0,1,0,0000000,11,2,11,5,11,12,0,0,0,1,0
48,481874,2,2,0,4,329,4560,14,10,2010,5,2,56,0,16,5,ILLINOIS,POWELL,0,31.99290833,-102.110411110,0,12,6,0,2,2,1,0,3,1,0,1,0,0000000,2,56,3,1,3,25,0,0,0,1,0
48,481875,1,1,2,2,37,6850,15,10,2010,6,22,25,0,14,8,FM1297,,3,33.46457222,-94.111030560,0,8,0,0,8,1,11,0,2,1,0,1,0,0000000,22,26,22,34,22,52,0,0,0,1,1
48,481876,2,2,0,3,205,0,15,10,2010,6,14,36,1,2,2,US-54,,115,35.95971944,-102.653802780,0,12,6,0,4,1,4,0,1,1,0,1,0,0000000,88,88,88,88,88,88,0,0,0,2,0
48,481877,1,1,0,4,439,2800,15,10,2010,6,21,58,1,12,3,SR-360,,230,32.59592500,-97.077533330,0,1,0,0,1,1,3,0,2,1,0,1,0,0000000,21,58,22,14,88,88,0,0,0,1,0
48,481878,1,1,0,1,25,0,16,10,2010,7,15,57,1,2,2,US-181,,32,28.32140556,-97.704141670,0,1,0,0,1,1,4,0,1,1,0,1,0,0000000,88,88,88,88,88,88,0,0,0,1,0
48,481879,3,3,0,4,27,0,16,10,2010,7,17,0,0,4,8,FM485,,25,31.02679167,-97.117897220,0,12,1,0,8,1,1,0,1,1,0,1,0,0000000,17,5,17,19,18,2,0,0,0,1,1
48,481880,2,2,0,3,29,6090,16,10,2010,7,18,40,0,14,8,FM471,,20,29.47778611,-98.644266670,0,12,6,0,8,1,1,0,5,1,0,1,0,0000000,88,88,88,88,88,88,0,0,0,1,1
48,481881,1,1,1,2,29,6090,16,10,2010,7,1,2,0,16,5,SANPEDRO,,0,29.50730833,-98.499297220,0,8,0,0,8,1,1,0,3,1,0,1,0,0000000,99,99,1,7,1,30,0,0,0,1,0
48,481882,3,3,0,2,113,1730,16,10,2010,7,5,19,1,11,1,I-35E,,194,32.80501389,-96.837325000,0,12,2,0,1,1,1,0,2,1,0,1,0,0000000,88,88,88,88,88,88,23,0,0,1,1
48,481883,1,1,0,2,245,0,16,10,2010,7,17,15,1,1,1,I-10,,103,29.96149722,-94.234833330,0,58,0,0,1,1,4,0,1,1,0,1,0,0000000,17,20,17,33,18,6,0,0,0,1,1
48,481884,3,3,0,4,493,6705,16,10,2010,7,8,45,0,4,8,FM539,315,12,29.27257778,-98.057452780,0,12,6,0,2,2,1,0,1,1,0,1,0,0000000,8,49,8,58,9,50,0,0,0,1,0
48,481885,2,2,0,4,27,570,17,10,2010,1,18,14,0,14,8,FM93,,106,31.05012222,-97.442841670,0,12,6,0,1,1,1,0,1,1,0,1,0,0000000,18,17,18,21,18,46,0,0,0,1,0
48,481886,3,3,0,4,29,6090,17,10,2010,1,2,2,1,13,8,FM2696,FM1604,120,29.60911389,-98.508250000,0,12,6,0,2,2,1,0,3,1,0,1,0,0000000,2,22,2,30,2,52,0,0,0,1,1
48,481887,2,2,0,2,39,5249,17,10,2010,1,1,32,1,12,3,SR-288,,33,29.55194722,-95.387838890,0,12,1,0,1,1,1,0,3,1,0,1,0,0000000,99,99,99,99,99,99,0,0,0,1,1
48,481888,2,2,0,6,113,387,17,10,2010,1,19,16,0,16,5,BELTLINE,,0,32.74382500,-96.598830560,0,24,0,0,1,1,4,0,5,1,0,1,0,0000000,19,19,19,25,19,51,0,0,0,2,1
48,481889,2,2,0,4,201,0,17,10,2010,1,14,0,0,6,4,ALDINEMAIL,STONESHIRE,0,29.90208611,-95.387383330,0,12,6,0,2,3,1,0,1,1,0,1,0,0000000,14,30,14,37,15,29,19,0,0,1,1
48,481890,1,1,0,1,293,0,17,10,2010,1,8,14,0,4,3,SR-164,,28,31.51416389,-96.489263890,0,35,0,0,1,1,4,0,2,1,0,1,0,0000000,88,88,88,88,88,88,0,0,0,1,1
48,481891,1,1,0,1,329,4560,17,10,2010,1,11,9,1,12,8,SL250,,170,32.02976111,-102.144522220,0,1,0,0,1,1,1,0,1,1,0,1,0,0000000,88,88,88,88,88,88,0,0,0,1,0
48,481892,1,1,0,1,183,4080,18,10,2010,2,0,38,1,13,2,US-80,,118,32.50405833,-94.764405560,0,30,0,0,1,1,4,0,3,1,0,1,0,0000000,88,88,88,88,88,88,0,0,0,1,1
48,481893,1,1,0,1,201,3280,18,10,2010,2,17,40,1,11,1,I-45,,247,29.77463889,-95.368175000,0,39,0,0,1,1,4,0,1,10,0,10,0,0000000,17,43,17,51,18,29,0,0,0,1,1
48,481894,1,1,0,3,371,0,18,10,2010,2,20,45,0,4,8,FM1053,,283,30.96704722,-102.844691670,0,1,0,0,1,1,4,0,5,1,0,1,0,0000000,99,99,99,99,99,99,0,0,0,1,0
48,481895,1,1,1,1,309,0,19,10,2010,3,17,30,1,1,7,I-35,,21,31.72069444,-97.102597220,0,8,0,0,1,1,1,0,1,1,0,1,0,0000000,88,88,88,88,88,88,0,0,0,1,0
48,481896,2,2,1,3,439,2255,19,10,2010,3,16,59,1,12,3,SR-121,,126,32.86596667,-97.101558330,0,12,6,1,18,1,1,0,1,1,0,1,0,0000000,88,88,88,88,88,88,0,0,0,1,0
48,481897,1,1,1,1,439,260,20,10,2010,4,6,55,0,16,5,PARKSPRINGS,,0,32.71120556,-97.168669440,0,8,0,0,1,1,1,0,6,1,0,1,0,0000000,6,56,7,2,7,21,0,0,0,1,0
48,481898,1,1,0,1,135,5030,22,10,2010,6,3,39,1,12,7,SR-191,SL 338,72,31.89583333,-102.317500000,0,33,0,1,3,2,3,0,3,10,0,10,0,0000000,3,41,3,44,4,3,0,0,0,1,1
48,481899,1,1,0,1,473,0,22,10,2010,6,14,46,0,4,8,FM1458,BULLER,37,29.83531111,-96.032533330,0,59,0,0,3,4,4,0,1,10,0,10,0,0000000,88,88,88,88,88,88,0,0,0,1,0
48,481900,1,1,0,1,149,0,23,10,2010,7,0,30,0,3,3,SR-71,,69,29.89655556,-96.774641670,0,35,0,0,1,1,4,0,2,1,0,1,0,0000000,0,46,1,7,2,17,0,0,0,1,0
48,481901,1,1,0,6,453,330,23,10,2010,7,2,20,0,16,5,DESSAU,,0,30.36092778,-97.669627780,0,33,0,0,1,1,3,0,3,1,0,1,0,0000000,2,22,2,27,2,51,0,0,0,2,1
48,481902,1,1,0,1,251,2690,28,10,2010,5,12,25,0,4,3,SR-171,,58,32.47618056,-97.566522220,0,1,0,0,1,1,1,1,1,1,0,1,0,0000000,88,88,88,88,88,88,0,0,0,1,0
48,481903,4,1,0,3,113,1730,30,10,2010,7,1,25,0,16,5,RIVERFRONT,,0,32.76065000,-96.795655560,0,33,0,0,1,1,4,0,3,1,0,1,0,0000000,88,88,88,88,88,88,0,0,0,1,1
48,481904,1,1,0,2,113,6685,30,10,2010,7,21,45,1,12,2,US-80,,93,32.77844722,-96.522888890,0,25,0,0,1,1,3,0,2,1,0,1,0,0000000,21,56,22,0,22,9,0,0,0,1,1
48,481905,1,1,1,1,141,2190,6,3,2010,7,20,36,1,13,3,SR-20,BRENTWOOD,174,31.79265833,-106.508308330,0,8,0,0,3,3,1,0,3,1,0,1,0,0000000,20,37,20,45,21,11,0,0,0,1,0
48,481906,1,1,0,1,141,2190,9,8,2010,2,2,15,1,12,3,SR-375,,128,31.68765556,-106.297425000,0,30,0,0,1,1,3,0,3,1,0,1,0,0000000,88,88,88,88,88,88,0,0,0,1,1
48,481907,3,3,0,4,453,0,19,8,2010,5,2,35,1,12,3,SR-71,SR-130,139,30.19425000,-97.625069440,0,12,1,1,3,2,1,0,3,1,0,1,0,0000000,2,37,2,43,3,12,0,0,0,1,1
48,481908,1,1,0,2,495,0,22,8,2010,1,16,20,0,4,3,SR-302,,174,31.81251944,-103.216552780,0,51,0,0,1,1,1,0,1,1,0,1,0,0000000,88,88,88,88,88,88,0,0,0,1,0
48,481909,1,1,1,1,7,2543,19,9,2010,1,21,24,0,3,3,SR-35,,53,28.06861944,-97.041355560,0,8,0,0,1,1,1,0,2,2,0,2,0,0000000,21,26,21,33,22,6,0,0,0,1,0
48,481910,1,1,1,2,39,0,22,9,2010,4,20,45,0,4,8,FM521,,87,29.39627222,-95.480333330,0,8,0,0,1,1,1,0,2,10,0,10,0,0000000,88,88,88,88,88,88,0,0,0,1,0
48,481911,2,2,0,3,395,0,22,9,2010,4,17,25,1,2,2,US-190,,115,30.76208333,-96.478500000,0,12,6,0,1,1,1,0,1,1,0,1,0,0000000,17,26,17,36,18,1,0,0,0,1,1
48,481912,2,2,0,3,181,0,23,9,2010,5,15,55,0,3,3,SR-11,,58,33.55180278,-96.527766670,0,12,6,0,1,1,4,0,1,1,0,1,0,0000000,88,88,88,88,88,88,0,0,0,3,1
48,481913,2,2,0,2,39,0,27,9,2010,2,7,25,0,4,8,FM1462,,96,29.37551944,-95.314036110,0,12,2,0,1,1,1,0,1,1,0,1,0,0000000,7,36,7,49,8,12,0,0,0,1,0
48,481914,2,2,0,2,185,0,27,9,2010,2,6,52,0,3,3,SR-30,,139,30.59019444,-95.969180560,0,12,6,0,1,1,1,0,4,1,0,1,0,0000000,6,58,7,12,99,99,0,0,0,1,0
48,481915,1,1,0,1,201,3280,30,9,2010,5,23,5,0,16,5,KIRBY,,0,29.74890278,-95.418825000,0,33,0,0,1,1,3,0,3,1,0,1,0,0000000,23,10,23,14,23,31,0,0,0,1,1
48,481916,2,2,0,2,39,0,7,10,2010,5,9,37,0,3,3,SR-35,191,187,29.34226944,-95.280727780,0,12,6,0,2,2,1,0,1,1,0,1,0,0000000,99,99,99,99,99,99,0,0,0,1,0
48,481917,2,2,0,2,325,0,12,10,2010,3,0,40,1,1,1,I-35,,104,29.19179722,-98.833216670,0,12,1,0,1,1,1,0,2,1,0,1,0,0000000,88,88,88,88,88,88,0,0,0,1,0
48,481918,3,2,2,1,29,6090,14,10,2010,5,2,41,1,11,1,I-410,,96,29.44314444,-98.638341670,0,12,6,0,1,1,1,0,3,1,0,1,0,0000000,2,42,2,47,2,57,19,23,0,1,1
48,481919,1,1,0,1,201,3280,15,10,2010,6,2,15,0,16,5,BINGLE,,0,29.83490278,-95.489947220,0,30,0,0,1,1,4,0,3,1,0,1,0,0000000,99,99,99,99,99,99,0,0,0,1,1
48,481920,1,1,0,1,201,5230,15,10,2010,6,22,51,1,12,3,SR-225,,28,29.70759722,-95.227908330,0,25,0,0,1,1,4,0,3,1,0,1,0,0000000,88,88,88,88,88,88,0,0,0,1,0
48,481922,1,1,0,1,201,3280,16,10,2010,7,5,4,1,12,3,SR-225,,24,29.70675833,-95.236688890,0,42,0,0,1,1,4,0,3,1,0,1,0,0000000,88,88,88,88,88,88,0,0,0,1,1
48,481923,1,1,0,1,201,3280,17,10,2010,1,2,25,1,11,7,I-45,DIXIEFARMRAMP,67,29.58471944,-95.182458330,0,35,0,1,3,1,10,0,2,1,0,1,0,0000000,99,99,99,99,99,99,0,0,0,1,1
48,481924,1,1,0,1,177,0,18,10,2010,2,8,0,1,1,1,I-10,,50,29.66997500,-97.296300000,0,1,0,0,1,1,4,0,1,5,0,5,0,0000000,99,99,99,99,99,99,0,0,0,1,0
48,481925,1,1,0,1,335,0,18,10,2010,2,18,35,0,6,4,264,,0,32.35515000,-101.005597220,0,10,0,0,6,1,1,0,5,1,0,1,0,796152V,88,88,88,88,88,88,0,0,0,1,0
48,481926,1,1,0,1,71,0,20,10,2010,4,14,40,0,3,3,SR-124,,97,29.65595278,-94.372602780,0,30,0,0,1,1,4,0,1,1,0,1,0,0000000,99,99,99,99,99,99,0,0,0,1,1
48,481927,1,1,0,1,443,0,21,10,2010,5,18,16,1,2,2,US-90,,140,30.11383611,-102.380605560,0,52,0,0,1,1,4,0,1,1,0,1,0,0000000,88,88,88,88,88,88,0,0,0,1,0
48,481928,2,2,0,2,27,3690,26,10,2010,3,7,18,1,13,3,SR-195,,30,31.08821389,-97.755061110,0,12,6,0,8,1,1,0,1,1,0,1,0,0000000,7,19,7,20,7,39,0,0,0,1,1
48,481929,1,1,0,1,29,6090,31,10,2010,1,3,13,0,4,8,SL1604,,28,29.52413889,-98.690066670,0,24,0,0,1,1,3,0,2,1,0,1,0,0000000,88,88,88,88,88,88,0,0,0,1,0
48,481930,2,2,0,3,29,6090,31,10,2010,1,16,10,0,16,5,PLEASANTON,MOURSUND,0,29.33792778,-98.503825000,0,12,6,0,2,4,1,0,1,1,0,1,0,0000000,16,39,16,47,17,3,0,0,0,1,0
48,481932,4,3,0,3,419,1270,3,3,2010,4,17,32,0,14,3,SR-7,OLDSANAUGUSTINE,99,31.78963333,-94.183988890,0,59,0,0,3,4,4,0,1,1,0,1,0,0000000,99,99,99,99,99,99,0,0,0,1,0
48,481933,1,1,1,1,141,2190,5,3,2010,6,18,36,1,11,7,I-10,,258,31.78190000,-106.402588890,0,8,0,0,1,1,1,0,3,1,0,1,0,0000000,88,88,88,88,88,88,0,0,0,1,0
48,481934,3,3,1,4,439,2450,11,3,2010,5,20,20,1,11,1,I-35,,66,32.74417778,-97.319566670,0,8,0,1,18,1,1,0,2,1,0,1,0,0000000,88,88,88,88,88,88,0,0,0,1,0
48,481935,2,2,0,2,491,330,8,4,2010,5,2,43,1,12,3,SR-45,,46,30.46861389,-97.795775000,0,24,0,1,19,1,10,0,3,1,0,1,0,0000000,2,47,2,56,3,44,20,0,0,1,1
48,481936,2,2,0,2,439,2450,11,4,2010,1,2,30,1,11,7,I-20,,87,32.66513333,-97.331002780,0,12,1,0,1,1,1,0,2,1,0,1,0,0000000,2,36,2,39,3,9,0,0,0,1,2
48,481937,1,1,0,4,439,2450,17,4,2010,7,15,45,1,11,7,I-820,,144,32.66745000,-97.322558330,0,21,0,1,19,1,10,0,1,2,0,2,0,0000000,15,46,15,51,16,15,0,0,0,2,0
48,481938,4,4,0,6,215,2110,30,4,2010,6,17,0,1,13,8,FM1925,,85,26.34310000,-98.197400000,0,12,2,0,1,1,1,0,1,1,0,1,0,0000000,17,13,17,25,17,48,0,0,0,1,0
48,481939,2,2,0,4,479,3899,2,5,2010,1,0,4,1,13,8,BI35,PHILADELPHIA,9,27.53460556,-99.504377780,0,12,6,0,3,2,1,0,3,1,0,1,0,0000000,99,99,99,99,99,99,0,0,0,2,1
48,481940,1,1,0,1,439,2450,22,5,2010,7,14,29,1,11,1,I-820,,81,32.74065000,-97.480488890,0,1,0,1,5,1,1,0,1,10,0,10,0,0000000,88,88,88,88,88,88,0,0,0,1,0
48,481941,1,1,1,1,439,2450,25,5,2010,3,20,40,0,16,5,UNIVERSITY,,0,32.73308056,-97.361530560,0,8,0,0,1,1,1,0,2,10,0,10,0,0000000,88,88,88,88,88,88,0,0,0,1,0
48,481942,7,7,1,8,61,6110,26,5,2010,4,12,51,0,15,8,FM732,,14,26.09795000,-97.620880560,0,8,0,0,1,1,1,0,1,5,0,5,0,0000000,12,58,13,5,13,37,0,0,0,1,0
48,481943,1,1,1,1,439,2450,26,5,2010,4,18,20,1,11,7,I-820,,253,32.81621389,-97.408897220,0,9,0,0,1,1,2,0,1,1,0,1,0,0000000,18,22,18,25,19,9,0,0,0,1,0
48,481944,1,1,0,1,439,2450,14,6,2010,2,20,19,0,16,5,ANGLE,ANGLE,0,32.81965000,-97.383511110,0,1,0,0,3,3,3,0,5,1,0,1,0,0000000,88,88,88,88,88,88,0,0,0,1,1
48,481945,2,2,2,5,139,0,4,7,2010,1,23,50,0,3,2,US-77,FM55,317,32.32492500,-96.855980560,0,8,0,0,2,2,1,0,2,1,0,1,0,0000000,0,5,0,21,0,43,0,0,0,1,0
48,481946,1,1,0,1,367,0,8,7,2010,5,11,10,0,6,4,KELLY,,0,32.65509722,-97.586005560,0,1,0,0,1,1,4,0,1,1,0,1,0,0000000,99,99,99,99,99,99,0,0,0,1,0
48,481947,2,2,0,5,291,1380,11,7,2010,1,2,37,1,12,7,US-59,BELCHER,33,30.35310278,-95.090194440,0,12,6,1,2,2,1,0,3,1,0,1,0,0000000,2,43,3,1,4,17,0,0,0,1,1
48,481948,2,2,0,2,375,150,18,7,2010,1,3,37,0,16,5,MIRROR,,0,35.21668611,-101.818511110,0,12,6,0,1,1,1,0,3,1,0,1,0,0000000,99,99,99,99,99,99,0,0,0,1,0
48,481949,1,1,0,1,439,2450,19,7,2010,2,2,31,0,16,5,JOELEAST,,0,32.64561667,-97.286672220,0,30,0,0,1,1,4,0,2,1,0,1,0,0000000,88,88,88,88,88,88,0,0,0,1,1
48,481950,3,1,0,1,375,150,24,7,2010,7,5,22,0,16,5,AVONDALE,,0,35.19189722,-101.893366670,0,14,0,0,1,1,7,0,3,1,0,1,0,0000000,5,32,5,36,6,2,0,0,0,1,1
48,481951,1,1,1,1,439,2450,6,8,2010,6,0,31,1,11,1,I-35W,,21,32.67843056,-97.320305560,0,8,0,0,1,1,1,0,3,1,0,1,0,0000000,88,88,88,88,88,88,19,0,0,1,0
48,481952,1,1,0,5,201,5230,14,8,2010,7,0,21,0,16,5,SOUTHMORE,,0,29.69075556,-95.216477780,0,1,0,0,1,1,1,0,2,1,0,1,0,0000000,99,98,99,98,99,98,0,0,0,1,1
48,481953,2,2,0,2,491,5990,15,8,2010,1,17,35,1,13,2,US-79,SUNRISE,65,30.51801389,-97.667675000,0,12,6,0,2,3,1,0,1,1,0,1,0,0000000,17,38,17,43,17,54,0,0,0,1,0
48,481954,2,2,0,2,439,2450,27,8,2010,6,1,50,1,11,1,I-35W,,119,32.82285833,-97.313022220,0,1,0,0,1,1,4,0,3,10,0,10,0,0000000,88,88,88,88,88,88,14,0,0,1,1
48,481955,1,1,0,1,29,6090,29,8,2010,1,16,0,1,11,1,I-410RAMP,,215,29.52046944,-98.477841670,0,39,0,1,5,1,4,0,1,10,0,10,0,0000000,16,1,16,10,16,29,0,0,0,1,1
48,481956,1,1,0,1,167,0,29,8,2010,1,6,25,1,11,1,I-45,,144,29.30501944,-94.904408330,0,42,0,0,1,1,4,0,3,10,0,10,0,0000000,6,32,6,55,7,17,0,0,0,1,0
48,481957,1,1,0,1,201,3280,5,9,2010,1,1,23,1,12,2,US-59,,71,29.80820556,-95.336266670,0,21,0,1,18,1,3,0,2,1,0,1,0,0000000,88,88,88,88,88,88,0,0,0,1,1
48,481958,1,1,0,4,471,0,7,9,2010,3,7,0,0,4,3,SR-75,,77,30.80053889,-95.693622220,0,53,0,0,1,1,4,0,4,1,0,1,0,0000000,7,9,7,47,8,31,0,0,0,1,0
48,481959,1,1,0,1,439,2450,10,9,2010,6,4,20,1,11,1,I-820,,144,32.83853611,-97.311552780,0,21,0,1,18,1,4,0,3,1,0,1,0,0000000,88,88,88,88,88,88,0,0,0,1,1
48,481960,1,1,0,2,303,4140,15,9,2010,4,23,47,1,12,8,SL289,,313,33.58912500,-101.934563890,0,18,0,0,1,1,5,1,3,1,0,1,0,0000000,23,55,0,1,0,11,20,0,0,1,1
48,481961,1,1,0,2,99,0,19,9,2010,1,13,24,0,6,4,STAR,,0,31.34333889,-97.977125000,0,1,0,0,1,1,4,0,1,1,0,1,0,0000000,13,30,13,38,14,26,0,0,0,1,0
48,481962,1,1,1,1,439,2450,19,9,2010,1,19,52,0,16,5,HEMMPHILL,,0,32.70300833,-97.331722220,0,8,0,0,1,1,1,0,3,1,0,1,0,0000000,19,53,20,0,20,11,0,0,0,1,0
48,481963,3,3,0,4,427,5930,24,9,2010,6,12,50,1,13,2,US-83,PORTALEZA,181,26.40347778,-98.992116670,0,12,6,0,2,4,1,0,1,1,0,1,0,0000000,99,99,99,99,99,99,0,0,0,2,0
48,481964,2,2,0,4,29,0,26,9,2010,1,19,21,1,13,8,FM2696,,142,29.72340833,-98.513030560,0,12,2,0,1,1,1,0,2,10,0,10,0,0000000,19,24,19,39,20,14,0,0,0,2,0
48,481966,2,2,0,4,141,2190,28,9,2010,3,14,47,1,12,8,SL375,RUSHING,129,31.89881944,-106.420655560,0,12,7,1,2,2,1,0,1,1,0,1,0,0000000,99,99,99,99,15,46,0,0,0,1,0
48,481967,2,2,0,2,29,0,1,10,2010,6,10,40,1,2,2,US-87,BECK,84,29.37900556,-98.312166670,0,12,6,1,2,3,1,0,1,1,0,1,0,0000000,10,42,10,49,11,17,0,0,0,1,0
48,481968,1,1,0,3,231,0,1,10,2010,6,7,5,0,5,8,FM816,,39,33.36071389,-96.094986110,0,11,0,0,1,1,1,0,1,1,0,1,0,0000000,99,99,7,8,7,40,0,0,0,1,0
48,481969,3,3,2,4,141,2190,2,10,2010,7,6,25,1,12,8,SL375,,26,31.90561944,-106.557813890,0,12,8,0,1,1,1,0,2,1,0,1,0,0000000,6,26,6,35,7,18,0,0,0,1,0