STATE,ST_CASE,VE_TOTAL,VE_FORMS,PEDS,PERSONS,COUNTY,CITY,DAY,MONTH,YEAR,DAY_WEEK,HOUR,MINUTE,NHS,ROAD_FNC,ROUTE,TWAY_ID,TWAY_ID2,MILEPT,LATITUDE,LONGITUD,SP_JUR,HARM_EV,MAN_COLL,RELJCT1,RELJCT2,TYP_INT,REL_ROAD,WRK_ZONE,LGT_COND,WEATHER1,WEATHER2,WEATHER,SCH_BUS,RAIL,NOT_HOUR,NOT_MIN,ARR_HOUR,ARR_MIN,HOSP_HR,HOSP_MN,CF1,CF2,CF3,FATALS,DRUNK_DR
48,481970,1,1,0,1,329,4560,3,10,2010,1,3,18,1,13,3,SR-349,BU349,11,32.09717222,-102.096355560,0,1,0,0,3,4,4,0,3,10,0,10,0,0000000,88,88,88,88,88,88,0,0,0,1,1
48,481971,2,2,0,2,367,0,4,10,2010,2,7,15,0,4,3,SR-171,,160,32.57838889,-97.677705560,0,12,2,0,1,1,1,0,1,1,0,1,0,0000000,7,23,7,40,8,25,0,0,0,1,0
48,481972,2,2,0,4,497,9997,9,10,2010,7,3,21,0,4,8,FM407,,12,33.09862500,-97.452677780,0,12,6,0,1,1,1,0,2,1,0,1,0,0000000,3,23,3,40,4,15,0,0,0,1,1
48,481973,3,3,0,4,201,2560,11,10,2010,2,7,12,0,16,5,CLINTON,,0,29.73245278,-95.227580560,0,12,1,0,1,1,1,0,1,1,0,1,0,0000000,99,99,99,99,99,99,0,0,0,1,0
48,481974,2,2,0,3,303,4140,12,10,2010,3,19,18,0,16,5,UNIVERSITY,87TH,0,33.51580833,-101.870377780,0,12,2,0,3,1,1,0,1,1,0,1,0,0000000,99,99,99,99,99,99,0,0,0,2,1
48,481975,1,1,0,2,497,0,12,10,2010,3,1,10,0,3,3,SR-114,,208,33.17408056,-97.713861110,0,35,0,0,1,1,4,0,2,1,0,1,0,0000000,1,18,1,34,2,10,0,0,0,1,0
48,481976,2,2,0,3,141,2190,13,10,2010,4,0,51,0,14,8,FM659,SAULKLEINFELD,56,31.75607500,-106.274111110,0,12,6,0,2,2,1,0,3,1,0,1,0,0000000,99,99,99,99,99,99,0,0,0,1,1
48,481977,1,1,0,1,423,0,13,10,2010,4,20,5,1,13,3,SR-110,,64,32.26325000,-95.239608330,0,30,0,0,1,1,4,0,2,1,0,1,0,0000000,88,88,88,88,88,88,0,0,0,1,0
48,481978,2,2,0,5,251,1370,14,10,2010,5,12,53,1,13,2,US-67,NOLANRIVER,118,32.37694167,-97.418252780,0,12,6,0,2,2,1,1,1,1,0,1,0,0000000,12,56,13,0,13,46,0,0,0,2,0
48,481979,2,2,0,3,13,0,15,10,2010,6,14,51,1,1,1,I-35,,105,29.21830556,-98.799105560,0,12,1,0,1,1,1,0,1,1,0,1,0,0000000,88,88,88,88,88,88,0,0,0,2,0
48,481980,2,2,0,2,89,0,15,10,2010,6,16,49,0,4,8,US90A,,165,29.57380278,-96.431830560,0,12,8,0,1,1,1,0,1,1,0,1,0,0000000,88,88,88,88,88,88,0,0,0,1,0
48,481981,2,2,0,4,303,4140,15,10,2010,6,7,16,1,13,2,US-84,34TH,28,33.56331667,-101.855366670,0,12,2,0,2,2,1,0,3,1,0,1,0,0000000,7,17,7,19,7,31,0,0,0,1,0
48,481982,2,2,0,3,401,0,15,10,2010,6,12,23,0,3,3,SR-42/135,172A/1122,15,32.35478889,-94.903416670,0,12,1,0,3,2,1,0,1,1,0,1,0,0000000,12,26,12,33,12,58,0,0,0,1,0
48,481983,2,2,0,2,1,0,16,10,2010,7,20,8,0,3,2,US-287,,83,31.66621111,-95.583433330,0,12,6,0,1,1,1,0,2,1,0,1,0,0000000,99,99,99,99,99,99,0,0,0,1,1
48,481984,1,1,0,2,135,0,16,10,2010,7,18,0,1,2,3,SR-158,,320,32.04686944,-102.331961110,0,1,0,0,1,1,4,0,1,1,0,1,0,0000000,18,0,18,16,18,44,0,0,0,1,0
48,481985,2,2,0,2,439,3347,16,10,2010,7,5,12,1,12,3,SR-121,,181,32.83954444,-97.172500000,0,12,2,0,1,1,1,0,3,1,0,1,0,0000000,5,25,5,31,6,12,0,0,0,1,1
48,481986,1,1,0,1,439,2450,17,10,2010,1,3,36,1,11,1,I-820RAMP,,315,32.75779444,-97.477611110,0,1,0,1,5,1,10,0,2,1,0,1,0,0000000,99,99,99,99,99,99,0,0,0,1,0
48,481987,1,1,1,1,113,1730,18,10,2010,2,18,48,0,16,5,BRUTON,CORVETTE,0,32.74863611,-96.653788890,0,9,0,0,3,3,1,0,5,1,0,1,0,0000000,99,99,99,99,99,99,0,0,0,1,0
48,481988,1,1,0,1,167,3920,18,10,2010,2,17,23,1,13,8,FM518,,121,29.52498056,-95.058430560,0,39,0,0,1,1,4,0,1,1,0,1,0,0000000,88,88,88,88,88,88,0,0,0,1,1
48,481989,1,1,0,3,177,0,18,10,2010,2,3,15,0,4,3,SR-97,,99,29.58303056,-97.366719440,0,38,0,0,1,1,4,0,2,5,0,5,0,0000000,99,99,99,99,99,99,0,0,0,1,1
48,481990,1,1,0,1,109,0,19,10,2010,3,8,59,1,1,7,I-10,,180,31.05373333,-104.612858330,0,1,0,0,1,1,4,0,2,1,0,1,0,0000000,9,2,9,24,9,46,0,0,0,1,1
48,481991,1,1,1,1,183,0,19,10,2010,3,19,54,0,3,3,SR-135,,150,32.45672778,-94.937325000,0,8,0,0,1,1,1,1,2,1,0,1,0,0000000,88,88,88,88,88,88,0,0,0,1,1
48,481992,3,3,0,5,365,0,19,10,2010,3,16,3,0,3,3,SR-149,,74,32.23082778,-94.444741670,0,12,8,0,1,1,1,0,1,1,0,1,0,0000000,16,12,16,25,17,24,0,0,0,1,0
48,481993,3,3,0,6,427,5780,19,10,2010,3,15,18,1,13,2,US-83,,325,26.36071389,-98.785358330,0,12,6,0,1,1,1,0,1,1,0,1,0,0000000,99,99,99,99,99,99,0,0,0,1,0
48,481994,2,2,0,3,39,0,20,10,2010,4,9,10,1,2,3,SR-288,,235,29.27425833,-95.441700000,0,24,0,0,1,1,3,0,1,1,0,1,0,0000000,9,11,9,30,10,3,0,0,0,1,0
48,481995,1,1,0,2,473,0,20,10,2010,4,21,30,0,6,4,MT ZION,,0,29.88870833,-96.050838890,0,11,0,0,1,1,1,0,2,10,0,10,0,0000000,88,88,88,88,88,88,0,0,0,1,0
48,481996,1,1,0,2,291,0,21,10,2010,5,12,0,0,3,8,FM563,,59,29.99137778,-94.742483330,0,1,0,0,1,1,1,0,1,1,0,1,0,0000000,12,29,12,51,13,27,0,0,0,2,0
48,481997,1,1,1,1,355,1550,21,10,2010,5,0,26,1,12,7,SR-358,,152,27.67448056,-97.294408330,0,9,0,0,1,1,1,0,3,1,0,1,0,0000000,88,88,88,88,88,88,0,0,0,1,0
48,481998,1,1,0,1,409,0,21,10,2010,5,14,34,1,1,1,I-37,,145,28.05925556,-97.776883330,0,21,0,0,1,1,4,0,1,1,0,1,0,0000000,88,88,88,88,88,88,0,0,0,1,0
48,481999,2,2,0,6,303,4140,22,10,2010,6,19,2,1,12,2,US-62,,185,33.57792500,-101.847216670,0,12,1,0,1,1,1,1,1,1,0,1,0,0000000,19,3,19,8,19,20,0,0,0,1,1
48,482000,2,2,0,2,401,0,22,10,2010,6,15,20,1,2,2,US-259,FM2276,42,32.21129444,-94.836880560,0,12,6,1,2,3,1,0,1,1,0,1,0,0000000,99,99,99,99,99,99,0,0,0,1,0
48,482001,2,2,0,5,453,0,22,10,2010,6,7,30,1,13,8,FM969,,174,30.26073611,-97.618802780,0,12,6,0,1,1,1,0,4,2,0,2,0,0000000,7,33,7,40,8,12,0,0,0,1,0
48,482002,1,1,0,1,73,0,23,10,2010,7,21,53,1,2,2,US-69,,435,31.59951944,-95.030558330,0,1,0,0,1,1,3,0,2,2,0,2,0,0000000,88,88,88,88,88,88,0,0,0,1,0
48,482003,3,3,0,3,467,0,23,10,2010,7,18,20,0,3,2,US-80,,9,32.71118889,-96.058316670,0,12,8,0,1,1,1,0,1,2,0,2,0,0000000,18,28,18,43,20,1,0,0,0,1,0
48,482004,1,1,0,1,497,0,23,10,2010,7,1,0,1,2,2,US-380,,68,33.23043056,-97.648372220,0,42,0,0,1,1,4,0,2,1,0,1,0,0000000,88,88,88,88,88,88,0,0,0,1,1
48,482005,1,1,0,2,71,0,24,10,2010,1,2,10,0,4,8,FM565,,55,29.85543889,-94.814886110,0,38,0,0,1,1,4,0,2,2,0,2,0,0000000,2,33,2,51,3,22,0,0,0,1,1
48,482006,1,1,0,1,251,0,24,10,2010,1,12,44,0,4,8,FM1434,,50,32.26476389,-97.481988890,0,53,0,0,1,1,4,0,1,1,0,1,0,0000000,12,44,12,53,13,29,0,0,0,1,0
48,482007,3,3,0,4,395,0,24,10,2010,1,16,40,1,2,2,US-79,,50,30.95175833,-96.571369440,0,12,6,0,8,1,1,0,1,1,0,1,0,0000000,16,48,17,6,18,59,0,0,0,2,0
48,482008,1,1,0,1,199,0,25,10,2010,2,12,55,0,3,8,FM770,,100,30.29283056,-94.489888890,0,32,0,0,1,1,4,0,1,1,0,1,0,0000000,88,88,88,88,88,88,0,0,0,1,0
48,482009,2,2,0,2,279,4010,25,10,2010,2,16,17,0,14,2,US-84RAMP,FM54,153,33.91795278,-102.355500000,0,12,6,1,2,2,1,0,1,1,0,1,0,0000000,16,18,16,20,17,9,0,0,0,1,0
48,482010,2,2,0,2,287,0,25,10,2010,2,7,41,1,2,2,US-290,,27,30.18614167,-96.986913890,0,12,2,0,1,1,1,0,1,1,0,1,0,0000000,7,46,7,53,9,5,0,0,0,1,0
48,482011,2,2,0,3,115,0,26,10,2010,3,18,59,1,13,2,US-180,,132,32.70246667,-102.204147220,0,12,6,0,8,1,1,0,5,1,0,1,0,0000000,99,99,99,99,99,99,0,0,0,1,0
48,482012,2,2,0,12,259,0,26,10,2010,3,16,4,0,4,3,SR-46,,13,29.75343333,-98.811797220,0,12,2,0,1,1,1,0,1,1,0,1,1,0000000,16,36,16,45,17,10,0,0,0,1,0
48,482014,1,1,3,1,201,3280,27,10,2010,4,9,0,0,16,5,LITTLEYORK,,0,29.86346389,-95.454694440,0,8,0,0,1,1,4,0,1,1,0,1,0,0000000,99,99,99,99,99,99,0,0,0,1,0
48,482015,1,1,0,1,243,0,27,10,2010,4,13,8,0,3,2,US-90,,209,30.54260000,-104.441269440,0,32,0,0,1,1,4,0,1,1,0,1,0,0000000,88,88,88,88,88,88,0,0,0,1,0
48,482016,1,1,0,1,183,0,28,10,2010,5,22,3,0,5,8,FM2207,,11,32.49168333,-94.948844440,0,38,0,0,1,1,4,0,2,1,0,1,0,0000000,88,88,88,88,88,88,0,0,0,1,0
48,482017,2,2,0,2,391,0,28,10,2010,5,5,7,1,2,2,US-77,,71,28.47491667,-97.096455560,0,12,6,0,1,1,1,0,2,1,0,1,0,0000000,99,99,99,99,99,99,0,0,0,1,0
48,482018,2,2,0,2,453,330,28,10,2010,5,10,49,0,16,5,METRIC,,0,30.38855000,-97.710550000,0,12,1,0,1,1,1,0,1,1,0,1,0,0000000,10,50,10,54,11,12,0,0,0,1,0
48,482019,2,2,0,3,471,0,28,10,2010,5,16,22,1,11,1,I-45,,137,30.69149722,-95.549227780,0,12,7,0,1,1,1,0,1,1,0,1,0,0000000,88,88,88,88,88,88,0,0,0,1,0
48,482020,2,2,0,4,113,1730,29,10,2010,6,17,28,1,13,3,SR-352,SCYENE,46,32.76337222,-96.676008330,0,12,6,0,2,4,1,0,1,1,0,1,0,0000000,17,29,17,33,17,51,0,0,0,1,1
48,482021,2,2,0,2,177,0,29,10,2010,6,10,0,1,2,2,US-183,302,224,29.39573333,-97.366794440,0,12,6,0,2,3,1,0,1,1,0,1,0,0000000,88,88,88,88,88,88,0,0,0,1,0
48,482022,2,2,0,2,367,0,29,10,2010,6,23,20,0,4,8,FM113,,97,32.74041389,-98.005150000,0,12,6,0,1,1,1,0,2,1,0,1,0,0000000,99,99,99,99,99,99,0,0,0,1,0
48,482023,2,2,0,3,71,5059,30,10,2010,7,10,3,0,3,8,FM565,,32,29.86777778,-94.843297220,0,12,2,0,1,1,1,0,1,1,0,1,0,0000000,10,4,10,8,10,51,0,0,0,1,0
48,482024,1,1,0,1,201,3280,30,10,2010,7,3,41,1,11,1,I-10,,279,29.76728333,-95.360286110,0,39,0,0,1,1,3,0,3,1,0,1,0,0000000,88,88,88,88,88,88,0,0,0,1,1
48,482025,2,2,0,2,231,4070,30,10,2010,7,6,41,1,2,2,US-69,,331,32.99149444,-95.935405560,0,12,6,0,8,1,1,0,2,1,0,1,0,0000000,99,99,99,99,99,99,0,0,0,1,0
48,482026,1,1,1,1,321,0,30,10,2010,7,21,11,0,4,8,FM457,,274,28.77435556,-95.619591670,0,9,0,0,1,1,1,0,2,1,0,1,0,0000000,88,88,88,88,88,88,0,0,0,1,1
48,482027,2,2,0,3,329,0,30,10,2010,7,0,5,1,11,1,I-20,,61,31.91935833,-102.200027780,0,12,6,0,1,1,1,0,2,1,0,1,0,0000000,0,8,0,45,1,9,0,0,0,1,1
48,482028,1,1,0,1,453,330,30,10,2010,7,6,4,1,12,2,US-183,,45,30.37968889,-97.737377780,0,1,0,1,5,1,1,0,3,1,0,1,0,0000000,88,88,88,88,88,88,0,0,0,1,0
48,482029,2,2,0,2,61,940,31,10,2010,1,23,0,0,14,8,FM1847,CSR,108,25.95974167,-97.486211110,0,12,6,0,2,3,1,0,3,1,0,1,0,0000000,88,88,88,88,88,88,0,0,0,1,0
48,482030,1,1,0,1,113,1730,31,10,2010,1,3,13,1,13,8,SL12,,76,32.76396389,-96.682369440,0,18,0,0,1,1,4,0,2,1,0,1,0,0000000,88,88,88,88,88,88,0,0,0,1,1
48,482031,1,1,0,2,453,0,31,10,2010,1,3,17,0,6,4,CAMERON,CELE,0,30.44095000,-97.522900000,0,59,0,0,3,4,8,0,2,1,0,1,0,0000000,3,17,3,31,4,5,0,0,0,1,1
48,482032,1,1,0,1,491,0,31,10,2010,1,16,0,0,3,3,SR-29,,40,30.69062500,-97.971225000,0,42,0,0,1,1,4,0,1,1,0,1,0,0000000,88,88,88,88,88,88,0,0,0,1,0
48,482033,2,2,0,3,9,0,1,11,2010,2,21,43,0,3,2,US-281,,34,33.79473333,-98.482613890,0,12,6,0,1,1,1,0,2,1,0,1,0,0000000,88,88,88,88,88,88,0,0,0,1,0
48,482034,1,1,0,1,65,0,1,11,2010,2,20,57,1,2,2,US-60,,33,35.27311944,-101.583944440,0,32,0,0,1,1,4,0,2,1,0,1,0,0000000,88,88,88,88,88,88,0,0,0,1,0
48,482036,1,1,1,3,201,5230,1,11,2010,2,19,6,0,16,5,SHAVER,,0,29.64742222,-95.207875000,0,8,0,0,1,1,1,0,3,1,0,1,0,0000000,88,88,88,88,88,88,0,0,0,1,0
48,482037,2,2,0,3,395,0,1,11,2010,2,8,40,1,2,3,SR-6,,53,31.08036667,-96.713247220,0,12,1,0,4,1,1,0,1,10,0,10,0,0000000,88,88,88,88,88,88,0,0,0,2,0
48,482038,1,1,0,1,457,0,1,11,2010,2,8,21,1,2,2,US-69,,22,30.74769167,-94.430061110,0,1,0,0,1,1,4,0,1,8,0,8,0,0000000,88,88,88,88,88,88,0,0,0,1,0
48,482039,1,1,0,2,113,1730,2,11,2010,3,22,25,0,16,5,FERGUSON,,0,32.82114167,-96.678997220,0,30,0,0,1,1,3,0,3,2,0,2,0,0000000,22,32,22,38,23,4,0,0,0,1,1
48,482041,4,2,1,3,183,4080,2,11,2010,3,10,41,1,13,3,SR-149,,249,32.43370278,-94.716450000,0,12,6,0,1,1,1,0,1,1,0,1,0,0000000,10,40,10,49,11,10,0,0,0,1,0
48,482042,1,1,0,1,185,4830,2,11,2010,3,5,21,0,14,3,SR-6RAMP,,229,30.39134167,-96.069472220,0,1,0,0,5,1,10,0,2,3,0,3,0,0000000,88,88,88,88,88,88,0,0,0,1,0
48,482043,1,1,0,4,231,2860,2,11,2010,3,2,40,1,11,1,I-30,,149,33.11816667,-96.097941670,0,1,0,0,1,1,1,1,3,1,0,1,0,0000000,99,99,99,99,99,99,0,0,0,1,0
48,482044,2,2,0,2,363,4630,2,11,2010,3,16,16,1,13,3,SR-180,,383,32.81072222,-98.071388890,0,12,6,0,1,1,1,0,1,10,0,10,0,0000000,99,99,99,99,99,99,0,0,0,1,0
48,482045,5,5,0,8,439,260,2,11,2010,3,6,37,1,11,1,I-30,,273,32.75966111,-97.096008330,0,12,1,0,1,1,1,0,3,10,0,10,0,0000000,99,99,99,99,99,99,0,0,0,1,0
48,482046,1,1,0,1,251,2690,3,11,2010,4,0,15,0,4,3,SR-171,,37,32.50328333,-97.585758330,0,32,0,0,1,1,4,0,2,2,0,2,0,0000000,0,24,0,43,1,15,0,0,0,1,1
48,482047,1,1,0,1,61,940,4,11,2010,5,0,58,0,14,8,FM1419,,27,25.89224722,-97.444900000,0,42,0,0,1,1,4,0,2,1,0,1,0,0000000,88,88,88,88,88,88,0,0,0,1,0
48,482048,1,1,0,3,113,1730,4,11,2010,5,22,56,0,16,5,CEDARCREST,,0,32.74376944,-96.787536110,0,30,0,0,1,1,3,0,3,1,0,1,0,0000000,99,99,99,99,99,99,0,0,0,1,0
48,482049,2,2,0,2,117,0,4,11,2010,5,23,25,0,3,2,US-385,,65,35.10702500,-102.401119440,0,12,2,0,1,1,1,0,2,1,0,1,0,0000000,23,30,0,1,0,53,0,0,0,1,0
48,482050,1,1,0,3,135,5030,4,11,2010,5,10,43,0,16,5,GRANDVIEW,,0,31.87472222,-102.347038890,0,5,0,0,1,1,1,0,1,1,0,1,0,0000000,10,45,10,48,10,56,0,0,0,1,0
48,482051,3,3,0,4,201,0,4,11,2010,5,8,35,0,6,4,HOPPER,BENTLEY,0,29.87949167,-95.335572220,0,12,6,0,2,2,1,0,1,1,0,1,0,0000000,8,36,8,44,9,12,0,0,0,1,0
48,482052,1,1,0,1,483,0,4,11,2010,5,7,56,0,3,3,SR-152,,148,35.45140556,-100.307322220,0,31,0,0,1,1,4,0,2,1,0,1,0,0000000,88,88,88,88,88,88,0,0,0,1,1
48,482053,2,2,0,2,91,9997,5,11,2010,6,4,45,1,11,1,I-35,,20,29.62923333,-98.232472220,0,12,2,0,1,1,1,0,2,1,0,1,0,0000000,88,88,88,88,88,88,0,0,0,1,1
48,482054,1,1,1,1,201,0,5,11,2010,6,15,48,0,6,4,SPEARS,,0,29.96482500,-95.463005560,0,9,0,0,1,1,1,0,1,1,0,1,0,0000000,15,48,15,54,99,99,0,0,0,1,0
48,482055,1,1,0,1,201,3280,5,11,2010,6,11,1,1,12,2,US-59RAMP,,53,29.79103056,-95.340244440,0,21,0,0,5,1,10,0,1,1,0,1,0,0000000,88,88,88,88,88,88,0,0,0,1,1
48,482056,2,2,0,2,209,0,5,11,2010,6,18,7,0,4,8,FM2001,120,57,30.03331389,-97.769147220,0,12,6,0,2,3,1,0,5,1,0,1,0,0000000,88,88,88,88,88,88,0,0,0,1,0
48,482057,2,2,0,2,405,6100,5,11,2010,6,19,57,0,3,3,SR-147,,18,31.52310278,-94.118286110,0,12,6,0,1,1,1,0,3,1,0,1,0,0000000,88,88,88,88,88,88,0,0,0,1,0
48,482058,2,2,0,4,21,0,6,11,2010,7,15,4,0,6,4,OLDSAYERS,,0,30.28680833,-97.366938890,0,12,2,0,1,1,1,0,1,1,0,1,0,0000000,99,99,99,99,99,99,0,0,0,1,0
48,482059,2,2,0,5,61,0,6,11,2010,7,2,21,1,13,3,SR-100,,88,26.06989167,-97.451219440,0,12,2,0,1,1,1,0,2,1,0,1,0,0000000,99,99,99,99,99,99,0,0,0,1,1
48,482060,1,1,0,1,73,0,6,11,2010,7,19,20,0,6,4,4625,,0,32.13684722,-95.100575000,0,42,0,0,1,1,4,0,2,1,0,1,0,0000000,88,88,88,88,88,88,0,0,0,1,1
48,482061,2,2,0,4,89,0,6,11,2010,7,0,29,0,4,2,US-90,,173,29.70337500,-96.521844440,0,12,2,0,1,1,1,0,2,1,0,1,0,0000000,0,45,1,17,2,11,0,0,0,3,1
48,482062,1,1,0,3,135,5030,6,11,2010,7,4,7,0,16,5,8TH,,0,31.84877222,-102.375944440,0,42,0,0,1,1,4,0,3,1,0,1,0,0000000,4,7,4,13,4,21,0,0,0,1,1
48,482063,2,2,0,4,361,0,6,11,2010,7,17,50,0,4,8,FM105,,1,30.24197778,-94.021811110,0,12,2,0,1,1,1,0,1,1,0,1,0,0000000,17,32,17,58,18,38,0,0,0,2,0
48,482064,1,1,0,1,29,1512,7,11,2010,1,7,21,1,13,8,FM1976,,70,29.52661944,-98.309497220,0,42,0,0,1,1,4,0,1,1,0,1,0,0000000,88,88,88,88,88,88,0,0,0,1,1
48,482065,1,1,0,5,109,0,7,11,2010,1,3,50,1,1,1,I-10,,140,31.04754722,-104.682863890,0,1,0,0,1,1,10,0,2,1,0,1,0,0000000,3,57,4,14,4,19,0,0,0,2,0
48,482066,1,1,1,2,113,3420,7,11,2010,1,3,12,9,99,3,SR-356,,99999,32.80223611,-96.908883330,0,8,0,0,1,1,1,0,3,1,0,1,0,0000000,88,88,88,88,88,88,0,0,0,1,1
48,482067,1,1,0,1,311,0,7,11,2010,1,20,17,0,3,3,SR-16,,364,28.14130000,-98.587705560,0,38,0,0,1,1,4,1,2,1,0,1,0,0000000,20,37,21,21,22,8,0,0,0,1,0
48,482068,2,2,0,3,347,0,7,11,2010,1,14,45,0,3,3,SR-7,,16,31.50387222,-94.802302780,0,12,2,0,1,1,1,0,1,1,0,1,0,0000000,14,51,15,1,15,19,0,0,0,1,0
48,482069,1,1,0,1,419,0,7,11,2010,1,22,50,0,4,8,FM138,,117,31.77985000,-94.248958330,0,59,0,0,1,1,4,0,2,1,0,1,0,0000000,22,26,22,58,23,41,0,0,0,1,0
48,482070,4,4,0,5,1,0,8,11,2010,2,13,20,0,3,2,US-287,155,66,31.69222500,-95.584875000,0,12,1,0,3,3,1,0,1,1,0,1,0,0000000,88,88,88,88,88,88,14,0,0,1,0
48,482071,2,2,0,2,65,0,8,11,2010,2,19,7,1,2,2,US-60,,68,35.29039722,-101.528177780,0,12,1,0,1,1,1,0,2,1,0,1,0,0000000,19,13,19,33,20,12,0,0,0,1,0
48,482072,4,4,0,4,201,3280,8,11,2010,2,7,33,1,13,3,SR-6,,125,29.73324722,-95.644055560,0,12,8,0,1,1,1,0,2,1,0,1,0,0000000,7,35,7,38,8,18,0,0,0,1,0
48,482073,2,2,0,2,265,3382,8,11,2010,2,7,53,0,4,3,SR-27,,11,30.07368056,-99.235377780,0,12,6,0,8,1,1,0,1,1,0,1,0,0000000,7,53,7,57,8,16,0,0,0,1,0
48,482074,1,1,1,1,439,260,9,11,2010,3,15,17,0,16,5,RANDOLMILL,,0,32.75030556,-97.090966670,0,8,0,0,1,1,1,0,1,1,0,1,0,0000000,15,17,15,21,15,50,0,0,0,1,0
48,482075,1,1,1,1,201,3280,9,11,2010,3,20,0,0,16,5,BEECHNUT,DAIRY ASHFORD,0,29.68891111,-95.603800000,0,8,0,0,3,2,1,0,3,1,0,1,0,0000000,20,2,20,5,20,30,0,0,0,1,0
48,482076,2,2,0,2,309,7210,9,11,2010,3,1,12,1,13,8,SS298,,201,31.51726667,-97.179619440,0,12,6,0,7,1,1,0,3,1,0,1,0,0000000,88,88,88,88,88,88,0,0,0,1,1
48,482077,2,2,0,4,91,0,10,11,2010,4,16,40,0,4,8,RM484,RR32,57,29.97478889,-98.263436110,0,12,6,1,2,2,1,0,1,1,0,1,0,0000000,17,0,17,10,17,48,0,0,0,1,0
48,482078,1,1,1,1,201,3280,10,11,2010,4,5,20,1,13,3,SR-6,BARKEROAKS,135,29.74223611,-95.644338890,0,8,0,0,3,3,1,0,2,1,0,1,0,0000000,88,88,88,88,88,88,0,0,0,1,0
48,482080,1,1,0,4,249,0,10,11,2010,4,22,21,0,6,4,354,,0,27.95674722,-97.915886110,0,72,0,0,1,1,1,0,2,1,0,1,0,0000000,88,88,88,88,88,88,0,0,0,1,0
48,482081,1,1,1,1,255,0,10,11,2010,4,19,15,0,5,8,FM1144,,32,28.86349444,-98.073063890,0,8,0,0,1,1,1,0,2,1,0,1,0,0000000,88,88,88,88,88,88,0,0,0,1,0
48,482082,1,1,0,1,5,0,11,11,2010,5,21,14,1,2,2,US-69,,204,31.39757222,-94.788963890,0,53,0,0,1,1,4,0,2,1,0,1,0,0000000,21,10,21,20,21,42,0,0,0,1,0
48,482083,2,2,0,5,339,1692,11,11,2010,5,15,40,1,2,3,SR-105,,273,30.32716944,-95.384083330,0,12,2,0,1,1,1,0,1,2,0,2,0,0000000,15,42,15,58,16,34,0,0,0,2,0
48,482084,1,1,0,2,341,0,11,11,2010,5,12,49,1,2,2,US-87,,105,35.73173056,-101.964561110,0,1,0,0,1,1,4,0,1,1,0,1,0,0000000,12,52,13,1,13,30,0,0,0,1,0
48,482085,1,1,0,3,373,0,11,11,2010,5,19,35,0,3,8,FM356,,32,30.80887778,-95.115875000,0,1,0,0,1,1,4,0,2,10,0,10,0,0000000,19,46,19,59,20,44,0,0,0,1,1
48,482086,1,1,1,1,201,3280,12,11,2010,6,19,30,0,16,5,DEBOLL,,0,29.84267222,-95.365586110,0,8,0,0,1,1,1,0,3,1,0,1,0,0000000,88,88,88,88,88,88,0,0,0,1,0
48,482087,2,2,0,2,277,5220,12,11,2010,6,6,36,0,15,8,SL286,FM1497,15,33.63117500,-95.554836110,0,12,6,0,2,2,1,0,1,1,0,1,0,0000000,6,38,6,47,7,5,0,0,0,1,0
48,482088,1,1,0,1,351,0,12,11,2010,6,23,40,0,6,4,CR 3069,,0,30.68238333,-93.820569440,0,1,0,0,1,1,4,0,2,1,0,1,0,0000000,88,88,88,88,88,88,0,0,0,1,0
48,482089,2,2,0,3,361,0,12,11,2010,6,16,55,0,4,8,FM 105,FM 2802,7,30.23289722,-94.021597220,0,12,6,0,2,3,1,0,1,1,0,1,0,0000000,88,88,88,88,88,88,0,0,0,1,0
48,482090,2,2,0,2,411,0,12,11,2010,6,11,24,1,2,2,US-190,FM 580,272,31.19783889,-98.661269440,0,12,7,0,3,2,1,0,1,1,0,1,0,0000000,99,99,99,99,99,99,0,0,0,1,0
48,482091,2,2,0,4,467,0,12,11,2010,6,15,37,0,4,8,FM 17,,112,32.56360278,-95.841416670,0,12,6,0,1,1,1,0,1,2,0,2,0,0000000,15,26,15,32,16,41,0,0,0,1,0
48,482092,1,1,1,2,29,6090,13,11,2010,7,13,50,1,13,8,SP 345,,273,29.47824167,-98.539733330,0,8,0,0,8,1,1,0,1,1,0,1,0,0000000,13,48,13,56,14,15,0,0,0,1,0
48,482093,2,2,0,3,215,5291,13,11,2010,7,7,58,1,13,2,US-83,FM 1427,102,26.24313056,-98.442452780,0,12,1,0,3,2,1,0,3,1,0,1,0,0000000,88,88,88,88,88,88,0,0,0,1,0
48,482094,2,2,0,7,339,9997,13,11,2010,7,19,11,0,16,5,RILEY FUZZEL,SPRING TRAILS RIDGE,0,30.10306389,-95.396477780,0,12,1,0,3,3,11,0,2,10,0,10,0,0000000,99,99,99,99,99,99,0,0,0,1,0
48,482095,1,1,0,2,341,0,13,11,2010,7,15,10,0,4,8,FM 1913,,164,35.69294444,-101.690452780,0,1,0,0,1,1,1,0,1,1,0,1,0,0000000,15,25,15,42,16,27,0,0,0,1,1
48,482096,2,2,0,3,373,0,13,11,2010,7,15,5,0,3,3,SR-146,,81,30.61820556,-94.855019440,0,12,6,0,1,1,1,0,1,1,0,1,0,0000000,15,20,15,49,16,28,0,0,0,1,0