STATE,ST_CASE,VE_TOTAL,VE_FORMS,PEDS,PERSONS,COUNTY,CITY,DAY,MONTH,YEAR,DAY_WEEK,HOUR,MINUTE,NHS,ROAD_FNC,ROUTE,TWAY_ID,TWAY_ID2,MILEPT,LATITUDE,LONGITUD,SP_JUR,HARM_EV,MAN_COLL,RELJCT1,RELJCT2,TYP_INT,REL_ROAD,WRK_ZONE,LGT_COND,WEATHER1,WEATHER2,WEATHER,SCH_BUS,RAIL,NOT_HOUR,NOT_MIN,ARR_HOUR,ARR_MIN,HOSP_HR,HOSP_MN,CF1,CF2,CF3,FATALS,DRUNK_DR
48,482097,1,1,0,3,121,1840,14,11,2010,1,2,55,1,11,1,I-35RAMP,,162,33.20450000,-97.163750000,0,24,0,1,5,1,4,0,3,1,0,1,0,0000000,2,57,3,6,3,19,0,0,0,1,1
48,482098,1,1,1,1,183,4080,14,11,2010,1,19,0,0,16,5,GREEN,,0,32.48443889,-94.734577780,0,8,0,0,1,1,1,0,2,1,0,1,0,0000000,19,0,19,3,19,14,0,0,0,1,0
48,482099,1,1,0,4,201,7286,14,11,2010,1,2,45,1,11,1,I-45,,1,29.50960278,-95.118116670,0,25,0,0,1,1,3,0,3,1,0,1,0,0000000,99,99,99,99,99,99,0,0,0,3,1
48,482100,2,2,0,3,407,0,14,11,2010,1,17,56,0,3,2,US-190,,129,30.79176111,-95.167316670,0,12,1,0,1,1,1,0,2,10,0,10,0,0000000,99,99,99,99,99,99,0,0,0,1,1
48,482101,1,1,1,1,167,3220,15,11,2010,2,20,22,1,13,3,SR-6,JENSEN,124,29.34460556,-95.003769440,0,8,0,0,2,3,1,0,2,1,0,1,0,0000000,88,88,88,88,88,88,0,0,0,1,0
48,482102,1,1,0,1,201,0,15,11,2010,2,16,44,0,6,4,ELDRIDGE,,0,29.83961389,-95.604933330,0,42,0,0,1,1,4,0,1,10,0,10,0,0000000,16,56,17,12,17,48,0,0,0,1,0
48,482103,1,1,0,1,347,0,15,11,2010,2,6,8,0,3,3,SR-7,,86,31.61879722,-94.497227780,0,42,0,0,1,1,4,0,2,2,0,2,0,0000000,88,88,88,88,88,88,0,0,0,1,0
48,482104,2,2,0,3,361,5100,15,11,2010,2,15,30,1,13,3,SR-87,BEARPATH,68,30.16125000,-93.754502780,0,12,6,0,2,3,1,0,1,1,0,1,0,0000000,15,27,15,43,16,30,0,0,0,1,0
48,482105,1,1,0,2,409,0,15,11,2010,2,16,25,1,1,1,I-37,,81,27.99099167,-97.691888890,0,1,0,0,1,1,4,0,1,1,0,1,0,0000000,16,38,16,55,17,33,0,0,0,1,0
48,482106,2,2,0,2,93,1480,16,11,2010,3,14,6,1,2,2,US-67,JONES,112,31.89788333,-98.587955560,0,12,6,0,2,2,1,0,1,1,0,1,0,0000000,99,99,99,99,99,99,0,0,0,1,0
48,482107,2,2,0,2,419,0,16,11,2010,3,11,0,1,2,2,US-84,,227,31.96996667,-94.019966670,0,12,6,0,8,1,1,0,1,10,0,10,0,0000000,88,88,88,88,88,88,0,0,0,1,0
48,482108,1,1,0,1,53,9997,17,11,2010,4,6,36,0,4,8,FM2147,,102,30.54858333,-98.335019440,0,1,0,0,1,1,1,0,4,1,0,1,0,0000000,6,38,6,43,99,99,0,0,0,1,0
48,482109,2,2,0,2,85,1730,17,11,2010,4,5,50,1,13,3,SR-289,,306,32.99534722,-96.799122220,0,12,6,0,8,1,1,0,3,1,0,1,0,0000000,5,55,6,0,6,32,0,0,0,1,0
48,482110,1,1,0,3,179,0,17,11,2010,4,18,30,0,4,3,SR-70,,76,35.43084722,-100.973497220,0,38,0,0,1,1,4,1,2,1,0,1,0,0000000,99,99,99,99,99,99,0,0,0,2,0
48,482111,2,2,0,3,201,3280,17,11,2010,4,14,0,1,11,7,I-10,BELTWAY 8,151,29.78513611,-95.562605560,0,12,6,1,2,2,1,0,1,1,0,1,0,0000000,14,1,14,7,14,25,0,0,0,1,0
48,482112,1,1,0,1,375,150,17,11,2010,4,1,58,0,14,8,SL 279,,192,35.21141389,-101.866025000,0,42,0,0,1,1,4,0,3,1,0,1,0,0000000,99,99,99,99,99,99,0,0,0,1,1
48,482113,3,3,0,3,423,3990,17,11,2010,4,13,39,1,1,1,I-20,,85,32.46995278,-95.452636110,0,12,1,1,18,1,1,0,1,1,0,1,0,0000000,99,99,99,99,99,99,19,0,0,1,0
48,482114,2,2,0,3,347,0,18,11,2010,5,20,43,0,3,3,SR-21,,304,31.56186944,-94.477947220,0,12,2,0,1,1,1,0,2,1,0,1,0,0000000,99,99,99,99,99,99,0,0,0,1,0
48,482115,2,2,0,2,7,0,19,11,2010,6,15,10,0,3,3,SR-35,,0,28.24134167,-96.980019440,0,12,6,0,1,1,1,0,1,1,0,1,0,0000000,15,11,15,26,16,39,0,0,0,1,0
48,482116,1,1,1,1,201,0,19,11,2010,6,3,55,0,6,4,KUYKENDAHL,,0,30.02016667,-95.473147220,0,8,0,0,1,1,1,0,2,1,0,1,0,0000000,88,88,88,88,88,88,0,0,0,1,1
48,482117,1,1,0,1,351,0,19,11,2010,6,13,50,0,6,4,COUNTY ROAD 3076,,0,30.61882778,-93.874913890,0,35,0,0,1,1,4,0,1,1,0,1,0,0000000,14,15,14,39,15,28,0,0,0,1,0
48,482118,3,3,0,7,113,1730,20,11,2010,7,17,32,1,12,8,SL12,WOODHOLLOW,159,32.69125000,-96.864036110,0,12,6,1,2,3,1,0,3,1,0,1,0,0000000,17,55,18,0,18,32,0,0,0,2,2
48,482119,1,1,0,1,407,0,20,11,2010,7,1,27,0,4,8,FM223,,14,30.49720000,-94.974661110,0,42,0,0,1,1,4,0,2,5,0,5,0,0000000,88,88,88,88,88,88,0,0,0,1,1
48,482120,2,2,0,2,419,0,20,11,2010,7,7,31,0,3,3,SR-87,2124,274,31.71040833,-94.046027780,0,12,6,0,2,3,1,0,4,1,0,1,0,0000000,7,31,7,44,8,15,0,0,0,1,0
48,482121,1,1,0,2,61,940,21,11,2010,1,0,37,0,16,5,TORRES,,0,25.95568611,-97.554108330,0,1,0,0,1,1,4,0,2,1,0,1,0,0000000,99,99,99,99,99,99,0,0,0,1,0
48,482122,3,3,0,6,113,2800,21,11,2010,1,1,17,1,11,1,I-20,,17,32.67626389,-97.024297220,0,12,1,1,18,1,1,1,3,10,0,10,0,0000000,1,33,1,47,2,1,0,0,0,1,1
48,482123,1,1,0,4,199,0,21,11,2010,1,2,40,0,3,8,FM770,,35,30.33069444,-94.400261110,0,1,0,0,1,1,4,0,2,5,0,5,0,0000000,2,41,3,11,3,49,0,0,0,1,1
48,482124,1,1,0,1,201,3280,21,11,2010,1,0,53,0,16,5,ALMEDAGENOA,,0,29.62648056,-95.257172220,0,33,0,0,1,1,4,0,3,1,0,1,0,0000000,0,53,1,4,1,30,0,0,0,1,0
48,482125,1,1,0,1,201,0,22,11,2010,2,21,48,0,6,4,RHODES,,0,30.06144167,-95.496061110,0,52,0,0,1,1,4,0,2,1,0,1,0,0000000,88,88,88,88,88,88,0,0,0,1,1
48,482126,2,2,0,2,347,0,22,11,2010,2,11,0,1,2,2,US-259,,4,31.82693056,-94.681547220,0,12,7,0,1,1,1,0,1,1,0,1,0,0000000,88,88,88,88,88,88,0,0,0,1,0
48,482127,1,1,1,1,373,0,22,11,2010,2,19,54,0,3,3,SR-146,,169,30.50147222,-94.788772220,0,8,0,0,1,1,1,0,1,1,0,1,0,0000000,99,99,99,99,99,99,0,0,0,1,0
48,482128,1,1,1,1,201,0,23,11,2010,3,18,30,0,16,5,TELGEMANOR,,0,30.00986111,-95.652716670,0,8,0,0,4,1,5,0,2,1,0,1,0,0000000,88,88,88,88,88,88,0,0,0,1,0
48,482129,1,1,0,2,245,0,23,11,2010,3,18,28,1,1,1,I-10RAMP,,125,29.98446389,-94.210883330,0,1,0,1,5,1,10,0,2,1,0,1,0,0000000,99,99,99,99,99,99,0,0,0,1,1
48,482130,1,1,1,1,113,1730,24,11,2010,4,17,45,0,16,5,HAMPTON,,0,32.71988611,-96.856952780,0,8,0,0,1,1,1,0,3,1,0,1,0,0000000,17,47,17,53,18,10,0,0,0,1,0
48,482131,2,2,0,2,201,9997,24,11,2010,4,22,26,0,16,5,BAYAREA,TERRABELLA,0,29.50604167,-95.163161110,0,12,6,0,2,3,1,0,2,1,0,1,0,0000000,99,99,99,99,99,99,0,0,0,1,0
48,482132,2,2,0,2,203,7260,24,11,2010,4,11,10,0,3,2,US-80,,394,32.47823056,-94.056816670,0,12,6,0,1,1,1,0,1,1,0,1,0,0000000,11,15,11,33,12,0,0,0,0,1,0
48,482133,3,3,0,4,469,0,24,11,2010,4,11,30,1,2,2,US-77,,139,28.58490833,-97.043533330,0,12,1,0,1,1,1,0,1,1,0,1,0,0000000,11,44,12,2,12,31,0,0,0,1,0
48,482134,1,1,0,1,55,4372,25,11,2010,5,1,0,0,16,5,SCULLCROSSING,,0,29.84968611,-97.856811110,0,24,0,0,1,1,4,0,2,1,0,1,0,0000000,88,88,88,88,88,88,0,0,0,1,1
48,482135,2,2,0,3,347,0,25,11,2010,5,1,45,0,3,3,SR-7,,104,31.62749167,-94.466052780,0,12,2,0,1,1,1,0,2,10,0,10,0,0000000,1,35,1,49,2,30,0,0,0,2,1
48,482136,2,2,0,7,121,1840,26,11,2010,6,7,30,1,13,2,US-380,,90,33.23335556,-97.235002780,0,12,8,0,1,1,1,0,1,1,0,1,0,0000000,7,41,7,47,8,15,0,0,0,1,0
48,482137,1,1,0,1,227,640,26,11,2010,6,23,59,1,13,2,US-87,,219,32.25618889,-101.481811110,0,30,0,0,1,1,4,0,3,1,0,1,0,0000000,99,99,99,99,99,99,0,0,0,1,0
48,482138,1,1,0,2,29,6090,27,11,2010,7,2,35,0,16,5,HUNT,,0,29.46231944,-98.673477780,0,42,0,0,1,1,3,0,3,1,0,1,0,0000000,2,39,2,48,3,22,0,0,0,1,1
48,482139,3,3,0,5,339,1510,27,11,2010,7,0,1,1,13,3,SR-75,GLADSTELL,163,30.29496111,-95.456441670,0,12,6,0,2,2,1,0,3,1,0,1,0,0000000,0,1,0,7,0,27,0,0,0,1,3
48,482140,2,2,0,2,113,1730,29,11,2010,2,18,37,1,13,8,SL 12,,212,32.71278333,-96.704961110,0,12,7,0,1,1,1,0,2,1,0,1,0,0000000,88,88,88,88,88,88,0,0,0,1,0
48,482141,1,1,0,1,113,2800,29,11,2010,2,0,44,0,16,5,GRAND PRAIRIE,14TH,0,32.74227500,-96.987613890,0,38,0,0,3,3,4,0,3,10,0,10,0,0000000,99,99,99,99,99,99,0,0,0,1,0
48,482142,1,1,0,1,439,590,29,11,2010,2,0,1,1,13,2,US-377,RM 2871,64,32.66172222,-97.486044440,0,46,0,0,3,1,4,0,3,1,0,1,0,0000000,88,88,88,88,88,88,0,0,0,1,1
48,482143,1,1,0,4,493,0,29,11,2010,2,1,35,0,4,8,FM1681,,148,29.27635000,-97.783119440,0,1,0,0,1,1,4,0,2,10,0,10,0,0000000,88,88,88,88,88,88,0,0,0,1,1
48,482144,1,1,1,1,29,6090,30,11,2010,3,8,24,0,16,5,MOLONE,ADINA,0,29.38724444,-98.524269440,0,8,0,0,2,2,1,0,1,1,0,1,0,0000000,99,99,99,99,99,99,0,0,0,1,0
48,482145,1,1,0,1,167,6860,20,1,2010,4,10,50,0,16,5,OAK,,0,29.39382778,-94.983266670,0,34,0,0,1,1,4,0,1,10,0,10,0,0000000,10,51,11,0,11,17,0,0,0,1,1
48,482146,1,1,1,2,29,6090,13,2,2010,7,23,59,0,16,5,COMMERCE,,0,29.42091944,-98.475152780,0,8,0,0,1,1,1,0,3,1,0,1,0,0000000,88,88,88,88,88,88,0,0,0,1,0
48,482147,2,2,0,2,29,6090,13,2,2010,7,19,7,1,11,1,I-10,,167,29.47424444,-98.263877780,0,12,1,0,1,1,1,0,3,1,0,1,0,0000000,88,88,88,88,88,88,0,0,0,1,0
48,482148,1,1,1,1,201,3280,18,2,2010,5,18,8,0,16,5,CAVALCADE,KASHMERE,0,29.80040833,-95.324086110,0,9,0,0,3,2,1,0,1,1,0,1,0,0000000,18,9,18,15,18,55,0,0,0,1,0
48,482149,2,2,1,2,29,6090,4,4,2010,1,4,42,1,11,1,I-35,,253,29.43828611,-98.465130560,0,8,0,0,1,1,1,1,3,2,0,2,0,0000000,88,88,88,88,88,88,0,0,0,1,0
48,482150,2,1,1,1,29,6090,17,4,2010,7,3,18,0,4,8,SL1604,,49,29.59989722,-98.431497220,0,14,0,0,1,1,10,0,2,2,0,2,0,0000000,88,88,88,88,88,88,23,0,0,1,0
48,482151,2,2,0,2,29,6090,17,4,2010,7,11,5,0,16,5,PRESA,,0,29.36767778,-98.470433330,0,12,6,0,1,1,1,0,1,2,0,2,0,0000000,99,99,99,99,99,99,0,0,0,1,0
48,482152,1,1,1,1,29,6090,24,4,2010,7,6,56,1,12,7,US-90,,61,29.38783889,-98.677358330,0,8,0,0,1,1,4,0,2,2,0,2,0,0000000,88,88,88,88,88,88,0,0,0,1,1
48,482153,3,2,2,3,29,6090,29,5,2010,7,13,33,0,16,5,NEWBRAUNFELS,CANTON,0,29.42421944,-98.461252780,0,12,6,0,2,2,1,0,1,1,0,1,0,0000000,13,30,13,35,13,37,0,0,0,1,0
48,482154,1,1,0,2,29,6090,13,6,2010,1,2,18,1,11,7,I-410,,229,29.51571944,-98.457669440,0,42,0,0,1,1,4,0,3,10,0,10,0,0000000,2,18,2,30,2,58,19,0,0,1,1
48,482155,1,1,0,3,29,6090,5,7,2010,2,3,19,0,16,5,HIGHLAND,,0,29.39628056,-98.467494440,0,5,0,0,1,1,1,0,3,1,0,1,0,0000000,88,88,88,88,88,88,0,0,0,1,1
48,482156,1,1,0,1,29,6090,7,7,2010,4,3,8,1,11,1,I-35RAMP,,20,29.39684167,-98.513316670,0,30,0,1,5,1,10,0,3,1,0,1,0,0000000,99,99,3,16,3,51,0,0,0,1,1
48,482157,1,1,0,1,439,2450,14,7,2010,4,7,19,1,11,1,I-30,,143,32.73923333,-97.482108330,0,24,0,1,5,1,4,0,4,1,0,1,0,0000000,7,22,7,27,7,52,0,0,0,1,0
48,482158,1,1,1,1,29,6090,19,7,2010,2,21,30,0,16,5,BASSE,,0,29.48804167,-98.488044440,0,8,0,0,1,1,1,0,3,1,0,1,0,0000000,88,88,88,88,88,88,0,0,0,1,0
48,482159,1,1,0,1,439,2450,25,7,2010,1,2,51,0,16,5,WJBOAZ,,0,32.87000000,-97.407983330,0,21,0,0,1,1,4,0,2,10,0,10,0,0000000,88,88,88,88,88,88,0,0,0,1,1
48,482160,1,1,1,1,439,2450,27,7,2010,3,13,50,1,13,8,BU287P,6TH,180,32.75285833,-97.331108330,0,8,0,0,3,2,1,0,1,99,0,99,0,0000000,88,88,88,88,88,88,0,0,0,1,0
48,482161,1,1,0,3,167,6860,31,7,2010,7,15,42,0,16,5,13TH,BAY,0,29.39745000,-94.893486110,0,5,0,0,2,3,1,0,1,1,0,1,0,0000000,99,99,99,99,99,99,0,0,0,1,1
48,482162,1,1,0,1,439,2450,6,8,2010,6,11,43,1,12,3,SR-121,,78,32.76755556,-97.310769440,0,24,0,0,1,1,4,0,1,1,0,1,0,0000000,88,88,88,88,88,88,0,0,0,1,1
48,482163,2,1,0,1,439,2450,6,8,2010,6,2,20,1,11,1,I-35W,,118,32.82147500,-97.313063890,0,14,0,0,1,1,2,0,3,1,0,1,0,0000000,88,88,88,88,88,88,0,0,0,1,1
48,482164,1,1,0,1,29,6090,7,8,2010,7,9,17,1,12,7,US-90,,80,99.99990000,999.999900000,0,59,0,0,1,1,10,0,1,1,0,1,0,0000000,88,88,88,88,88,88,0,0,0,1,0
48,482166,1,1,0,1,439,2450,27,8,2010,6,3,0,0,16,5,GREENBELT,,0,32.79726667,-97.140211110,0,1,0,0,1,1,1,0,6,99,0,99,0,0000000,88,88,88,88,88,88,0,0,0,1,1
48,482167,1,1,0,4,167,6860,29,8,2010,1,2,33,0,14,8,FM517,29TH,161,29.47117222,-94.972944440,0,1,0,0,2,4,8,0,2,1,0,1,0,0000000,2,48,3,4,3,29,0,0,0,1,1
48,482168,2,2,0,3,201,3280,30,8,2010,2,0,36,0,16,5,BRAESWOOD,,0,29.67505000,-95.511811110,0,12,6,0,8,1,1,0,3,10,0,10,0,0000000,0,39,0,43,1,6,0,0,0,1,0
48,482169,1,1,1,1,29,6090,3,9,2010,6,23,36,1,11,1,I-410RAMP,,71,29.40694722,-98.650011110,0,8,0,0,5,1,1,0,2,1,0,1,0,0000000,23,36,23,43,0,8,0,0,0,1,0
48,482170,2,2,0,3,29,6090,3,9,2010,6,1,53,1,11,8,FM1604,,149,99.99990000,999.999900000,0,12,1,0,1,1,1,0,2,10,0,10,0,0000000,1,52,2,7,2,34,0,0,0,1,1
48,482171,3,3,0,11,491,0,4,9,2010,7,17,4,1,13,8,RM1431,ROYALVISTA,64,30.54533056,-97.755708330,0,12,7,0,2,3,1,0,1,1,0,1,0,0000000,17,5,17,15,17,41,0,0,0,1,0
48,482172,2,2,0,2,167,6860,15,9,2010,4,6,13,1,13,3,SR-3,FM1764,122,29.39774444,-94.987713890,0,12,6,0,2,3,1,0,1,1,0,1,0,0000000,6,16,6,37,6,55,0,0,0,1,0
48,482173,1,1,1,2,181,6350,20,9,2010,2,0,3,0,16,5,TRAVIS,,0,33.65043889,-96.613613890,0,8,0,0,1,1,1,0,3,1,0,1,0,0000000,88,88,88,88,88,88,0,0,0,1,0
48,482174,2,2,1,6,479,3899,24,9,2010,6,22,5,0,16,5,CHICAGO,,0,27.53745278,-99.515622220,0,12,8,0,1,1,1,0,2,1,0,1,0,0000000,99,99,99,99,99,99,0,0,0,1,0
48,482175,4,4,0,6,439,2450,26,9,2010,1,18,12,1,12,3,SR-199,,134,32.78506111,-97.375561110,0,12,7,0,1,1,1,1,1,1,0,1,0,0000000,99,99,99,99,99,99,0,0,0,1,1
48,482176,2,2,0,2,257,0,1,10,2010,6,17,58,1,13,3,SR-34,,308,32.55352222,-96.345850000,0,24,0,0,1,1,4,0,1,1,0,1,0,0000000,18,5,18,12,18,37,0,0,0,1,0
48,482177,2,2,0,2,141,2190,13,10,2010,4,1,49,1,11,1,I-10,,267,31.76958611,-106.373513890,0,12,1,1,5,1,1,0,3,1,0,1,0,0000000,1,51,1,59,2,26,23,0,0,1,2
48,482178,1,1,0,1,423,0,16,10,2010,7,9,55,1,13,2,US-69,,95,32.20895278,-95.317061110,0,1,0,0,1,1,1,0,1,1,0,1,0,0000000,10,4,10,12,10,40,0,0,0,1,0
48,482179,1,1,0,1,201,3280,17,10,2010,1,20,13,0,16,5,RIVER,,0,29.68394167,-95.269230560,0,30,0,0,1,1,4,0,3,1,0,1,0,0000000,88,88,88,88,88,88,20,0,0,1,1
48,482180,1,1,0,2,289,0,17,10,2010,1,3,20,0,5,8,FM811,,110,31.20076111,-95.826358330,0,1,0,0,1,1,4,0,2,1,0,1,0,0000000,5,15,5,27,6,17,0,0,0,1,1
48,482181,1,1,0,1,441,30,20,10,2010,4,23,25,1,12,2,US-83,,60,32.51707222,-99.751161110,0,1,0,1,18,1,3,0,3,1,0,1,0,0000000,88,88,88,88,88,88,0,0,0,1,1
48,482182,2,2,0,2,479,0,22,10,2010,6,7,50,0,4,3,SR-44,,331,27.95613333,-98.939250000,0,12,6,0,1,1,1,0,1,10,0,10,0,0000000,88,88,88,88,88,88,0,0,0,1,0
48,482183,1,1,0,1,141,2190,23,10,2010,7,1,39,0,16,5,CESARCHAVEZMEMORIAL,,0,31.75068611,-106.475336110,0,35,0,0,1,1,4,0,3,1,0,1,0,0000000,88,88,88,88,88,88,0,0,0,1,0
48,482184,1,1,0,2,201,3280,24,10,2010,1,4,25,0,16,5,ALDINEBENDER,LILLJA,0,29.93209167,-95.391002780,0,42,0,0,3,3,4,0,2,1,0,1,0,0000000,99,99,99,99,99,99,0,0,0,1,1
48,482185,2,2,0,4,215,0,26,10,2010,3,12,1,0,15,8,FM493,,95,26.36203333,-98.028050000,0,12,2,0,1,1,1,0,1,1,0,1,0,0000000,99,99,99,99,99,99,0,0,0,1,0
48,482186,1,1,0,1,215,0,26,10,2010,3,19,30,0,6,4,WESTERN,,0,26.37776111,-98.382922220,0,35,0,0,1,1,4,0,2,1,0,1,0,0000000,88,88,88,88,88,88,0,0,0,1,1
48,482187,2,1,1,1,339,0,26,10,2010,3,9,3,1,12,2,US-59,,161,30.07130833,-95.246650000,0,8,0,0,1,1,2,0,1,10,0,10,0,0000000,88,88,88,88,88,88,23,0,0,1,0
48,482188,1,1,0,2,423,0,27,10,2010,4,5,20,0,6,4,COUNTY ROAD 371,,0,32.46374167,-95.066166670,0,1,0,0,1,1,1,0,2,1,0,1,0,0000000,5,28,5,41,6,33,0,0,0,1,0
48,482189,1,1,0,1,223,0,29,10,2010,6,12,1,0,4,8,FM 2653,,37,33.14473333,-95.732872220,0,42,0,0,1,1,4,0,1,1,0,1,0,0000000,99,99,99,99,99,99,0,0,0,1,0
48,482190,1,1,1,1,421,6620,29,10,2010,6,8,46,1,2,2,US-287,,91,36.33249444,-102.073800000,0,9,0,0,6,1,1,0,1,1,0,1,0,596193X,8,48,8,55,9,35,0,0,0,1,0
48,482191,2,2,0,3,29,7077,30,10,2010,7,7,51,1,13,3,SR-218,,30,29.55149167,-98.301719440,0,12,1,0,1,1,11,0,1,1,0,1,0,0000000,88,88,88,88,88,88,0,0,0,1,0
48,482192,2,2,0,6,201,3280,30,10,2010,7,20,28,0,16,5,BELLFORT,SANDHURST,0,29.66608889,-95.343569440,0,12,6,0,2,3,1,0,3,1,0,1,0,0000000,20,30,20,33,21,9,0,0,0,1,0
48,482193,1,1,0,1,339,0,30,10,2010,7,14,45,0,4,8,FM149,,102,30.48087500,-95.697475000,0,1,0,0,1,1,4,0,1,1,0,1,0,0000000,14,30,14,55,15,38,0,0,0,1,0
48,482194,1,1,0,1,39,0,31,10,2010,1,23,30,0,15,8,FM523,,175,29.07786944,-95.363694440,0,58,0,0,1,1,4,0,2,1,0,1,0,0000000,23,44,23,57,0,44,0,0,0,1,0
48,482195,1,1,0,2,201,3280,2,11,2010,3,6,30,0,16,5,RICHMOND,,0,29.72896667,-95.521944440,0,42,0,0,1,1,3,0,3,2,0,2,0,0000000,6,30,6,32,6,59,0,0,0,1,0
48,482196,2,2,0,3,453,0,3,11,2010,4,13,40,0,15,8,FM812,FM973,21,30.15286111,-97.670511110,0,12,6,0,2,3,1,0,1,2,0,2,0,0000000,13,44,13,50,14,19,0,0,0,1,0
48,482197,3,3,0,3,423,0,5,11,2010,6,7,5,1,13,3,SR-110,,57,32.27546667,-95.244297220,0,12,1,0,1,1,1,0,4,10,0,10,1,0000000,99,99,99,99,99,99,0,0,0,1,0
48,482198,2,2,1,3,453,330,5,11,2010,6,2,23,1,13,8,FM969,,144,30.28465833,-97.659572220,0,12,6,0,1,1,1,0,2,1,0,1,0,0000000,2,25,2,29,2,50,19,0,0,1,1
48,482199,2,2,0,7,141,2190,7,11,2010,1,9,45,1,11,1,I-10,,160,31.78990833,-106.519361110,0,12,7,0,1,1,1,0,1,1,0,1,0,0000000,9,49,9,56,10,25,0,0,0,1,0
48,482200,2,2,1,3,201,3280,7,11,2010,1,10,47,0,16,5,DURHAM,INKER,0,29.77556111,-95.410669440,0,12,6,0,2,2,1,0,1,1,0,1,0,0000000,10,47,10,52,11,8,0,0,0,1,0
48,482201,2,2,0,2,245,490,8,11,2010,2,19,20,1,12,2,US-69,,1,30.17828056,-94.186144440,0,12,1,0,1,1,1,0,3,1,0,1,0,0000000,88,88,88,88,88,88,0,0,0,1,0
48,482202,2,2,0,2,203,0,9,11,2010,3,8,19,0,3,3,SR-43,FM2625,256,32.42978056,-94.437961110,0,12,6,1,2,2,1,0,1,5,0,5,0,0000000,99,99,8,24,8,58,0,0,0,1,0
48,482203,3,3,0,3,203,0,10,11,2010,4,7,23,1,13,8,SL281,3542,13,32.51926111,-94.685411110,0,12,6,1,2,2,1,1,1,1,0,1,0,0000000,99,99,99,99,99,99,20,0,0,1,1
48,482204,1,1,1,1,463,7090,10,11,2010,4,0,29,0,14,8,FM117,,17,29.19278056,-99.779644440,0,8,0,0,1,1,1,0,2,1,0,1,0,0000000,0,44,1,14,2,9,0,0,0,1,0
48,482205,2,2,0,4,439,2450,11,11,2010,5,2,40,1,11,3,SR-30,,234,32.76031111,-97.163041670,0,12,1,0,1,1,1,0,3,1,0,1,0,0000000,2,46,2,55,3,28,0,0,0,1,1
48,482206,3,1,0,3,299,3699,12,11,2010,6,23,1,0,16,5,ODESSA,,0,30.66660833,-98.460463890,0,14,0,0,1,1,4,0,3,10,0,10,0,0000000,99,99,99,99,99,99,0,0,0,1,1
48,482207,2,2,0,2,339,0,12,11,2010,6,18,28,0,6,4,NICHOLSSAWMILL,,0,30.11393889,-95.796172220,0,12,2,0,1,1,1,0,2,10,0,10,0,0000000,88,88,88,88,88,88,0,0,0,1,1
48,482208,1,1,0,1,201,3280,13,11,2010,7,0,45,1,13,2,US-90,OATES,265,29.81965000,-95.240402780,0,31,0,0,3,1,4,0,3,2,0,2,0,0000000,88,88,88,88,88,88,0,0,0,1,1
48,482209,1,1,0,1,401,0,13,11,2010,7,7,55,0,5,8,FM3135,,146,32.17615556,-94.693147220,0,42,0,0,1,1,4,0,1,10,0,10,0,0000000,88,88,88,88,88,88,0,0,0,1,0
48,482210,1,1,1,1,499,4610,13,11,2010,7,15,37,1,2,2,US-69,US-80,116,32.66331667,-95.488111110,0,8,0,0,3,2,1,0,1,1,0,1,0,0000000,15,38,15,47,15,55,0,0,0,1,0
48,482211,1,1,0,2,147,3260,14,11,2010,1,4,45,1,2,2,US-82,,154,33.59716667,-95.910286110,0,34,0,0,1,1,4,0,2,1,0,1,0,0000000,4,53,5,33,6,25,0,0,0,1,1
48,482212,1,1,0,2,113,1730,15,11,2010,2,10,8,1,12,2,US-175,,64,32.70439444,-96.665805560,0,24,0,0,1,1,10,0,1,1,0,1,0,0000000,10,10,10,25,10,50,0,0,0,1,0
48,482213,3,3,0,4,113,1730,17,11,2010,4,4,30,1,11,1,I-35,,163,32.77413056,-96.810930560,0,12,2,0,1,1,1,0,3,1,0,1,0,0000000,4,30,4,35,4,59,0,0,0,1,1
48,482214,1,1,0,1,217,0,19,11,2010,6,22,58,0,3,8,FM2114,,103,31.86024444,-96.832005560,0,23,0,0,1,1,4,0,2,1,0,1,0,0000000,88,88,88,88,88,88,0,0,0,1,1
48,482215,2,2,0,2,339,0,19,11,2010,6,15,48,0,3,8,FM1488,,107,30.22226944,-95.639955560,0,12,2,0,1,1,1,1,1,1,0,1,0,0000000,15,58,15,58,16,54,0,0,0,1,1
48,482216,1,1,0,1,113,2010,20,11,2010,7,5,10,1,11,1,I-20,,76,32.66950833,-96.925722220,0,21,0,1,18,1,4,0,2,1,0,1,0,0000000,88,88,88,88,88,88,0,0,0,1,1
48,482217,2,2,0,4,135,0,20,11,2010,7,12,10,1,2,2,US-385,COTTONWOOD,116,31.99543889,-102.421052780,0,12,6,0,2,2,1,0,1,1,0,1,0,0000000,12,3,12,11,12,40,0,0,0,3,0
48,482218,1,1,0,1,215,0,20,11,2010,7,18,30,0,6,4,TEXAN,,0,26.32158889,-98.401741670,0,1,0,0,1,1,4,0,2,1,0,1,0,0000000,88,88,88,88,88,88,0,0,0,1,0