STATE,ST_CASE,VE_TOTAL,VE_FORMS,PEDS,PERSONS,COUNTY,CITY,DAY,MONTH,YEAR,DAY_WEEK,HOUR,MINUTE,NHS,ROAD_FNC,ROUTE,TWAY_ID,TWAY_ID2,MILEPT,LATITUDE,LONGITUD,SP_JUR,HARM_EV,MAN_COLL,RELJCT1,RELJCT2,TYP_INT,REL_ROAD,WRK_ZONE,LGT_COND,WEATHER1,WEATHER2,WEATHER,SCH_BUS,RAIL,NOT_HOUR,NOT_MIN,ARR_HOUR,ARR_MIN,HOSP_HR,HOSP_MN,CF1,CF2,CF3,FATALS,DRUNK_DR
48,482219,1,1,1,1,27,0,21,11,2010,1,2,15,0,5,8,FM 2086,,57,31.08733056,-97.212669440,0,8,0,0,1,1,1,0,3,10,0,10,0,0000000,88,88,88,88,88,88,0,0,0,1,1
48,482220,2,2,0,2,113,1730,21,11,2010,1,0,9,1,12,2,US-175,,102,32.68132778,-96.613588890,0,12,7,0,1,1,1,0,3,1,0,1,0,0000000,0,14,0,17,0,30,0,0,0,1,2
48,482221,1,1,0,2,21,0,22,11,2010,2,20,28,1,2,3,SR-71,,69,30.13043889,-97.447580560,0,1,0,0,1,1,10,0,2,1,0,1,0,0000000,88,88,88,88,88,88,0,0,0,1,1
48,482222,1,1,0,1,27,0,22,11,2010,2,13,20,0,3,8,FM439,,211,31.09121667,-97.559066670,0,1,0,0,1,1,1,0,1,1,0,1,0,0000000,99,99,99,99,99,99,0,0,0,1,0
48,482223,1,1,0,1,113,4530,22,11,2010,2,3,33,0,16,5,OATES,,0,32.83144167,-96.636658330,0,33,0,0,1,1,4,0,3,10,0,10,0,0000000,88,88,88,88,88,88,0,0,0,1,0
48,482224,2,2,0,2,55,0,23,11,2010,3,18,4,0,4,8,FM1966,,19,29.90053889,-97.818038890,0,12,6,0,8,1,1,0,1,1,0,1,0,0000000,88,88,88,88,88,88,0,0,0,1,0
48,482226,3,2,0,2,463,7090,23,11,2010,3,10,51,1,13,8,FM1023,,114,29.21879167,-99.749322220,0,12,2,0,1,1,1,0,1,10,0,10,0,0000000,10,52,10,53,11,12,0,0,0,1,0
48,482227,3,3,0,12,53,0,24,11,2010,4,10,34,0,3,3,SR-29,,69,30.74902778,-98.115805560,0,12,6,0,8,1,1,0,1,1,0,1,0,0000000,10,38,10,48,11,28,0,0,0,2,0
48,482228,1,1,0,2,481,2130,24,11,2010,4,16,18,1,13,2,US-59,,232,29.20122778,-96.244600000,0,32,0,0,1,1,4,0,1,10,0,10,0,0000000,99,99,99,99,99,99,0,0,0,1,0
48,482229,1,1,0,1,29,6090,25,11,2010,5,15,5,0,16,5,FAIR,,0,29.38402500,-98.455802780,0,30,0,0,1,1,4,0,1,1,0,1,0,0000000,88,88,88,88,88,88,0,0,0,1,0
48,482230,1,1,0,3,91,0,25,11,2010,5,15,7,0,6,4,LAKESHORE,,0,29.90777500,-98.285730560,0,1,0,0,8,1,1,0,1,10,0,10,0,0000000,88,88,88,88,88,88,0,0,0,1,1
48,482231,1,1,1,4,201,0,25,11,2010,5,1,21,0,6,5,VERTANSMEMORIAL,,0,29.93603056,-95.458836110,0,8,0,0,1,1,1,0,3,10,0,10,0,0000000,88,88,88,88,88,88,0,0,0,1,0
48,482233,2,2,0,4,355,0,25,11,2010,5,14,9,1,2,2,US-77,,64,27.72043056,-97.716175000,0,12,1,0,1,1,1,0,1,1,0,1,0,0000000,99,99,99,99,99,99,0,0,0,2,1
48,482234,1,1,1,2,453,330,26,11,2010,6,0,8,0,16,5,BRAKER,METRIC,0,30.39241944,-97.708283330,0,8,0,0,3,2,1,0,3,10,0,10,0,0000000,0,10,0,13,0,40,0,0,0,1,0
48,482235,1,1,0,4,467,0,26,11,2010,6,8,30,0,3,3,SR-64,,0,32.54882222,-95.849394440,0,32,0,0,1,1,4,0,1,1,0,1,0,0000000,99,99,99,99,99,99,0,0,0,1,0
48,482236,1,1,0,1,309,0,27,11,2010,7,6,50,0,5,8,FM3047,,25,31.47266944,-97.397469440,0,32,0,0,1,1,4,0,2,1,0,1,0,0000000,88,88,88,88,88,88,0,0,0,1,1
48,482237,1,1,1,4,371,0,27,11,2010,7,19,45,1,1,1,I-10,,52,30.90003889,-103.049338890,0,8,0,0,1,1,1,0,2,1,0,1,0,0000000,88,88,88,88,88,88,0,0,0,1,0
48,482238,2,2,0,3,245,490,28,11,2010,1,17,43,1,13,2,US-90,KEITH,143,30.06494444,-94.209308330,0,12,6,0,2,2,1,0,5,1,0,1,0,0000000,17,44,17,49,18,15,0,0,0,1,0
48,482239,3,3,0,5,121,1840,29,11,2010,2,9,35,1,11,1,I-35E,,156,33.17008611,-97.085408330,0,12,1,0,1,1,1,0,1,1,0,1,0,0000000,9,40,9,45,9,58,0,0,0,1,0
48,482240,1,1,0,1,459,0,29,11,2010,2,10,37,0,3,3,SR-155,,62,32.83092778,-94.802258330,0,42,0,0,1,1,4,0,1,2,0,2,0,0000000,88,88,88,88,88,88,0,0,0,1,0
48,482241,1,1,0,1,123,0,30,11,2010,3,23,53,0,5,8,FM952,,103,28.98404167,-97.611766670,0,31,0,0,1,1,4,0,2,1,0,1,0,0000000,0,1,0,9,0,51,0,0,0,1,1
48,482242,2,2,0,7,143,6590,3,1,2010,1,16,42,0,14,2,US-281,US-377,222,32.21602222,-98.187572220,0,12,6,0,2,2,1,0,1,10,0,10,0,0000000,17,11,17,11,17,32,0,0,0,1,0
48,482243,2,2,0,2,439,2450,21,2,2010,1,3,30,1,13,8,FM1187,,208,32.57994444,-97.302130560,0,12,2,0,1,1,1,0,2,2,0,2,0,0000000,88,88,88,88,88,88,0,0,0,1,1
48,482244,1,1,1,2,85,5390,25,2,2010,5,19,2,0,16,5,CUSTER,,0,33.03869167,-96.733375000,0,8,0,0,1,1,1,0,3,10,0,10,0,0000000,19,3,19,7,99,99,0,0,0,1,0
48,482245,1,1,0,3,439,2450,2,4,2010,6,22,26,1,13,3,SR-180,,214,32.72884444,-97.194069440,0,30,0,0,1,1,4,0,3,1,0,1,0,0000000,22,32,22,35,23,14,0,0,0,2,0
48,482247,2,2,0,2,439,2450,18,6,2010,6,14,34,1,12,7,US-81,FM156,200,32.91647500,-97.348672220,0,12,6,1,2,2,1,0,1,1,0,1,0,0000000,88,88,88,88,88,88,0,0,0,1,0
48,482248,2,2,0,2,439,2450,19,6,2010,7,10,20,1,11,7,I-20,,88,32.66431111,-97.329022220,0,12,7,0,1,1,1,0,1,1,0,1,0,0000000,99,99,99,99,99,99,0,0,0,1,0
48,482249,2,2,0,3,5,4160,30,7,2010,6,14,23,0,15,8,BU59G,FM325,86,31.33653056,-94.717780560,0,12,6,1,2,2,1,0,1,1,0,1,0,0000000,14,22,14,25,14,54,0,0,0,1,0
48,482250,1,1,1,1,479,3899,2,8,2010,2,7,32,0,16,5,CEDAR,,0,27.51315833,-99.489683330,0,8,0,0,1,1,1,0,1,1,0,1,0,0000000,88,88,88,88,88,88,0,0,0,1,0
48,482251,1,1,0,1,351,4900,10,8,2010,3,15,44,1,2,2,US-190,,14,30.83883056,-93.757175000,0,23,0,0,1,1,4,0,1,1,0,1,0,0000000,15,45,16,11,17,25,0,0,0,1,0
48,482252,1,1,0,1,361,885,23,8,2010,2,17,4,0,14,8,FM1442,TOWER,36,30.03952500,-93.869602780,0,35,0,0,3,3,4,0,1,10,0,10,0,0000000,88,88,88,88,88,88,0,0,0,1,0
48,482253,2,2,0,2,485,7490,26,8,2010,5,19,26,0,14,8,FM171,CALHOUN,2,33.92861944,-98.495738890,0,12,6,0,2,3,1,0,1,1,0,1,0,0000000,19,41,19,47,20,2,0,0,0,1,0
48,482254,2,2,0,2,29,0,3,9,2010,6,17,53,0,6,4,TRUMBO,,0,29.18779722,-98.519638890,0,12,6,0,8,1,1,0,1,1,0,1,0,0000000,88,88,88,88,88,88,0,0,0,1,0
48,482255,1,1,0,1,157,0,4,9,2010,7,2,0,0,4,8,FM762,,76,29.52274722,-95.697033330,0,59,0,0,1,1,4,0,2,1,0,1,0,0000000,88,88,88,88,88,88,0,0,0,1,1
48,482256,1,1,0,1,201,3280,4,9,2010,7,0,24,1,11,1,I-45RAMP,,84,29.60471667,-95.203091670,0,46,0,1,5,1,4,0,2,1,0,1,0,0000000,0,25,0,34,1,2,0,0,0,1,1
48,482257,3,3,0,3,439,2450,4,9,2010,7,2,20,1,11,1,I-820,,13,32.67043611,-97.240772220,0,12,1,0,1,1,1,0,2,1,0,1,0,0000000,88,88,88,88,88,88,14,0,0,1,1
48,482258,1,1,0,1,85,92,5,9,2010,1,2,23,0,16,5,WATTERS,,0,33.13742500,-96.676475000,0,33,0,0,1,1,3,0,3,1,0,1,0,0000000,2,35,2,54,3,15,20,0,0,1,1
48,482259,1,1,0,1,29,0,8,9,2010,4,21,33,0,4,8,FM1863,,4,29.73155278,-98.353558330,0,3,0,0,1,1,1,0,2,10,0,10,0,0000000,88,88,88,88,88,88,5,0,0,1,0
48,482260,2,2,0,2,201,3280,10,9,2010,6,13,35,0,16,5,HOWARD,NEAL,0,29.68309444,-95.258008330,0,12,6,0,2,2,1,0,1,1,0,1,0,0000000,13,52,13,58,14,24,0,0,0,1,0
48,482261,2,2,0,2,29,0,12,9,2010,1,5,49,1,1,1,I-10,,3,29.73640556,-98.684611110,0,12,2,0,1,1,1,0,2,1,0,1,0,0000000,5,53,6,15,6,38,0,0,0,1,1
48,482262,1,1,0,1,439,2450,2,10,2010,7,2,47,0,14,8,FM1220,,92,32.82775833,-97.420105560,0,33,0,0,1,1,4,0,2,1,0,1,0,0000000,88,88,88,88,88,88,0,0,0,1,1
48,482263,2,2,0,2,201,3280,9,10,2010,7,11,0,0,16,5,BELLAIRE,,0,29.70511667,-95.518561110,0,12,6,0,7,1,1,0,1,1,0,1,0,0000000,99,99,99,99,99,99,0,0,0,1,0
48,482264,1,1,1,2,479,3899,12,10,2010,3,6,29,1,11,7,I-35,SANCHEZ,16,27.51612222,-99.503502780,0,8,0,1,3,2,1,0,3,1,0,1,0,0000000,99,99,99,99,99,99,0,0,0,1,0
48,482265,1,1,1,2,141,2190,21,10,2010,5,20,59,1,12,8,SL375,,86,31.75481667,-106.428144440,0,8,0,0,1,1,1,0,3,1,0,1,0,0000000,99,99,99,99,99,99,0,0,0,1,0
48,482266,1,1,0,3,439,2450,24,10,2010,1,2,20,0,16,5,MACON,,0,32.74858889,-97.335761110,0,42,0,0,1,1,4,0,3,1,0,1,0,0000000,99,99,99,99,99,99,0,0,0,2,1
48,482267,1,1,1,7,303,4140,29,10,2010,6,20,39,1,13,2,US-84,,24,33.56980556,-101.855358330,0,8,0,0,1,1,1,0,2,1,0,1,0,0000000,20,41,20,45,20,58,0,0,0,1,0
48,482268,1,1,0,1,439,3347,2,11,2010,3,20,30,0,16,5,LONESOMEDOVE,,0,32.88452500,-97.182763890,0,31,0,0,1,1,4,0,3,2,0,2,0,0000000,88,88,88,88,88,88,0,0,0,1,0
48,482269,2,2,0,2,135,0,3,11,2010,4,18,45,1,2,2,US-385,MESCALERO,62,31.76149722,-102.364163890,0,12,6,1,2,3,1,0,5,1,0,1,0,0000000,18,48,18,56,19,11,0,0,0,1,0
48,482270,1,1,0,2,339,0,7,11,2010,1,20,45,0,3,8,FM1314,,101,30.20826111,-95.355427780,0,59,0,0,1,1,4,0,2,1,0,1,0,0000000,99,99,20,57,21,15,0,0,0,1,0
48,482271,2,2,0,4,423,7070,7,11,2010,1,15,29,1,13,3,SR-64,GOLDEN,217,32.33221667,-95.272702780,0,12,6,1,2,2,1,0,1,1,0,1,0,0000000,15,33,15,36,15,59,0,0,0,1,0
48,482272,4,4,0,5,121,0,11,11,2010,5,19,11,1,13,2,US-380,,89,33.23355000,-97.236691670,0,12,8,0,1,1,1,0,2,1,0,1,0,0000000,88,88,88,88,88,88,0,0,0,2,0
48,482273,2,2,0,2,141,2190,11,11,2010,5,14,40,0,16,5,GLOBALREACH,GEORGEPERRY,0,31.82369722,-106.357225000,0,12,6,0,2,2,1,0,1,1,0,1,0,0000000,88,88,88,88,88,88,0,0,0,1,0
48,482274,1,1,0,1,29,0,12,11,2010,6,14,0,1,1,1,I-10,,24,29.71344722,-98.661302780,0,26,0,0,1,1,3,0,1,10,0,10,0,0000000,14,9,14,12,15,7,0,0,0,1,0
48,482275,2,2,1,4,113,1730,15,11,2010,2,15,35,1,11,1,I-35,,163,32.77290833,-96.810897220,0,12,7,0,1,1,1,0,1,10,0,10,0,0000000,88,88,88,88,88,88,0,0,0,1,0
48,482276,1,1,0,1,289,0,17,11,2010,4,9,58,0,5,8,FM1469,,64,31.34634444,-96.237316670,0,5,0,0,1,1,1,0,1,1,0,1,0,0000000,10,9,10,37,11,34,0,0,0,1,0
48,482277,1,1,0,1,291,0,19,11,2010,6,0,42,0,4,8,FM770,,25,30.00445000,-94.674211110,0,42,0,0,1,1,4,0,2,1,0,1,0,0000000,88,88,88,88,88,88,0,0,0,1,1
48,482278,1,1,0,2,479,3899,19,11,2010,6,12,9,1,2,8,FM1472,,2,27.69181111,-99.710755560,0,24,0,0,1,1,4,0,2,1,0,1,0,0000000,88,88,88,88,88,88,0,0,0,1,1
48,482279,1,1,0,1,201,3280,20,11,2010,7,15,38,0,16,5,ELYSIAN,,0,29.79649444,-95.351413890,0,30,0,0,1,1,4,1,1,10,0,10,0,0000000,88,88,88,88,88,88,0,0,0,1,0
48,482280,1,1,1,1,41,0,21,11,2010,1,21,9,0,14,8,FM 1688,,50,30.63321111,-96.407186110,0,9,0,0,1,1,1,0,2,10,0,10,0,0000000,21,8,21,10,21,15,0,0,0,1,0
48,482281,2,2,0,8,141,2190,21,11,2010,1,19,53,0,14,8,FM 659,SUNFIRE,43,31.76850278,-106.260794440,0,12,6,0,2,2,1,0,3,1,0,1,0,0000000,20,11,20,19,20,47,0,0,0,1,0
48,482282,1,1,0,2,201,3280,21,11,2010,1,19,5,1,12,7,US-59,CRANE,19,29.79656944,-95.339305560,0,25,0,1,3,3,10,0,3,1,0,1,0,0000000,19,6,19,10,19,34,0,0,0,1,0
48,482283,2,2,0,3,251,0,21,11,2010,1,22,30,0,6,4,904,,0,32.43287778,-97.424972220,0,12,6,0,8,1,1,0,2,1,0,1,0,0000000,88,88,88,88,88,88,0,0,0,2,1
48,482284,2,2,0,3,91,0,22,11,2010,2,19,17,0,14,8,FM3424RAMP,RM32,10,29.94113056,-98.208127780,0,12,6,0,2,3,1,0,2,1,0,1,0,0000000,88,88,88,88,88,88,0,0,0,1,0
48,482285,1,1,1,1,213,2938,22,11,2010,2,19,35,0,16,5,HARBORPOINT,,0,32.34707500,-96.144994440,0,8,0,0,1,1,1,0,2,1,0,1,0,0000000,99,99,99,99,99,99,0,0,0,1,0
48,482286,2,2,0,3,363,0,22,11,2010,2,12,30,0,5,8,FM1148,,7,32.90152778,-98.567072220,0,12,6,0,1,1,1,0,1,1,0,1,0,0000000,99,99,99,99,99,99,0,0,0,1,0
48,482287,2,2,0,2,367,0,22,11,2010,2,11,22,0,4,8,FM51,,151,32.81606111,-97.777483330,0,53,0,0,1,1,4,0,1,1,0,1,0,0000000,11,34,11,50,12,12,0,0,0,1,0
48,482288,1,1,0,4,289,0,23,11,2010,3,10,2,0,3,3,SR-7,,115,31.32446111,-95.806275000,0,1,0,0,1,1,1,0,1,1,0,1,0,0000000,10,8,10,23,11,38,0,0,0,1,0
48,482289,1,1,1,1,339,1510,23,11,2010,3,17,30,0,14,3,SR-75,WILSON,79,30.32686389,-95.465077780,0,8,0,0,3,2,1,0,5,1,0,1,0,0000000,17,31,17,39,17,58,0,0,0,1,0
48,482290,3,3,0,6,325,1890,25,11,2010,5,12,41,0,4,3,SR-132,,98,29.14038333,-98.905619440,0,12,1,0,1,1,1,0,1,1,0,1,0,0000000,12,42,12,52,99,99,0,0,0,1,0
48,482291,2,1,0,1,139,0,26,11,2010,6,23,27,1,1,1,I-35RAMP,,140,32.28102778,-96.868150000,0,14,0,0,5,1,5,0,2,1,0,1,0,0000000,88,88,88,88,88,88,0,0,0,1,1
48,482292,1,1,0,1,283,0,26,11,2010,6,6,56,0,4,3,SR-44,,43,28.04554167,-99.292488890,0,32,0,0,1,1,4,0,4,1,0,1,0,0000000,88,88,88,88,88,88,0,0,0,1,0
48,482293,2,2,0,7,27,0,27,11,2010,7,19,9,0,15,8,FM 93,,79,31.06668333,-97.495386110,0,12,2,0,1,1,1,0,2,1,0,1,0,0000000,99,99,99,99,99,99,0,0,0,1,1
48,482294,2,2,0,4,199,6380,27,11,2010,7,15,58,0,14,8,FM418,,117,30.35416111,-94.152966670,0,12,2,0,1,1,1,0,1,1,0,1,0,0000000,99,99,99,99,99,99,0,0,0,1,0
48,482295,2,2,0,4,201,3280,27,11,2010,7,2,30,0,16,5,DIXIEFARM,,0,29.58612500,-95.184980560,0,12,1,0,1,1,1,0,3,1,0,1,0,0000000,99,99,99,99,99,99,0,0,0,1,1
48,482296,1,1,0,1,251,0,27,11,2010,7,9,30,0,4,8,FM4,,56,32.32698056,-97.296719440,0,43,0,0,1,1,4,0,1,1,0,1,0,0000000,9,53,10,23,10,56,0,0,0,1,0
48,482297,1,1,0,2,303,4140,27,11,2010,7,1,33,1,11,1,I-27RAMP,,101,33.53029722,-101.846405560,0,24,0,1,5,1,4,0,3,1,0,1,0,0000000,1,34,2,8,2,39,0,0,0,1,1
48,482298,2,2,0,3,339,6884,28,11,2010,1,12,55,0,16,5,KUYKENDAHL,,0,30.17850833,-95.535811110,0,12,6,0,8,1,1,0,1,1,0,1,0,0000000,12,57,13,8,13,45,0,0,0,2,0
48,482299,1,1,0,2,353,0,29,11,2010,2,21,30,0,6,4,147,,0,32.35020000,-100.476880560,0,18,0,0,1,1,4,0,2,1,0,1,0,0000000,21,42,22,0,22,40,0,0,0,1,0
48,482300,3,3,0,4,497,0,29,11,2010,2,13,20,0,4,8,FM51,,310,33.07982222,-97.647941670,0,12,2,0,1,1,1,0,1,1,0,1,0,0000000,13,32,13,44,14,15,0,0,0,1,0
48,482301,3,3,0,4,213,2938,3,2,2010,4,17,45,1,13,2,US-175,SR-334,31,32.33033333,-96.042108330,0,12,6,0,2,3,1,1,5,2,0,2,0,0000000,17,55,17,59,18,48,0,0,0,2,0
48,482302,2,2,0,2,85,200,1,3,2010,2,4,15,1,2,3,SR-121,,107,33.31053611,-96.515675000,0,12,2,0,1,1,1,0,2,2,0,2,0,0000000,99,99,99,99,99,99,0,0,0,1,1
48,482303,3,3,0,3,85,92,14,4,2010,4,0,44,1,12,2,US-75,,32,33.13984167,-96.652300000,0,12,1,0,1,1,1,1,2,1,0,1,0,0000000,1,1,1,9,99,99,3,0,0,1,0
48,482304,2,2,0,2,157,3280,8,5,2010,7,8,40,0,16,5,FONDREN,,0,29.61194444,-95.508666670,0,33,0,0,1,1,4,0,1,10,0,10,0,0000000,88,88,88,88,88,88,14,0,0,1,1
48,482305,1,1,1,1,201,3280,8,5,2010,7,23,58,1,12,7,US-59,BEECHNUT,121,29.69219167,-95.527711110,0,8,0,1,2,2,1,0,3,1,0,1,0,0000000,23,58,0,6,0,16,0,0,0,1,0
48,482306,1,1,0,6,439,2450,9,5,2010,1,1,44,1,11,7,I-35W,,9,32.65974167,-97.320697220,0,59,0,0,1,1,4,0,2,1,0,1,0,0000000,1,48,1,49,2,8,0,0,0,4,0
48,482307,1,1,1,1,201,3280,19,5,2010,4,21,34,0,16,5,FAIRDALE,,0,29.73305278,-95.484936110,0,8,0,0,1,1,1,0,3,1,0,1,0,0000000,21,35,21,38,21,55,0,0,0,1,1
48,482308,1,1,1,1,201,3280,30,5,2010,1,21,12,1,13,2,US-90,,244,29.80195833,-95.267236110,0,8,0,0,1,1,1,0,2,2,0,2,0,0000000,99,99,21,27,22,1,0,0,0,1,0
48,482309,1,1,0,2,141,2190,2,6,2010,4,21,41,1,13,3,SR-20,,161,31.81109444,-106.512252780,0,42,0,0,1,1,3,0,3,1,0,1,0,0000000,99,99,99,99,99,99,0,0,0,1,0
48,482310,1,1,0,1,201,3280,3,6,2010,5,2,10,1,13,3,SR-6,,102,29.79171667,-95.644988890,0,20,0,0,5,1,4,0,2,2,0,2,0,0000000,2,20,2,32,3,2,0,0,0,1,0
48,482311,2,2,0,5,439,2450,16,6,2010,4,20,22,1,11,1,I-35,,45,32.60053056,-97.319591670,0,25,0,0,1,1,3,0,1,1,0,1,0,0000000,99,99,99,99,99,99,14,0,0,1,0
48,482312,1,1,0,1,201,3280,18,6,2010,6,14,55,1,11,1,I-610RAMP,,72,29.80780556,-95.336266670,0,39,0,1,5,1,4,0,1,1,0,1,0,0000000,15,1,15,12,15,31,0,0,0,1,0
48,482313,2,2,1,1,201,3280,19,6,2010,7,3,5,1,11,1,I-45,,255,29.77977222,-95.368211110,0,12,6,0,1,1,1,0,3,1,0,1,0,0000000,88,88,88,88,88,88,0,0,0,1,1
48,482314,1,1,1,1,201,3280,20,6,2010,1,8,50,0,16,5,CROSSTIMBERS,,0,29.82856944,-95.395200000,0,8,0,0,1,1,1,0,1,1,0,1,0,0000000,88,88,88,88,88,88,0,0,0,1,0
48,482315,2,2,0,3,439,2450,29,6,2010,3,2,55,1,11,1,I-35W,,147,32.86160556,-97.314352780,0,12,6,0,1,1,1,0,2,2,0,2,0,0000000,99,99,99,99,99,99,0,0,0,1,1
48,482316,3,1,0,1,201,3280,5,7,2010,2,16,41,0,16,5,CASTLECOVE,,0,29.92740556,-95.170161110,0,14,0,0,1,1,7,0,1,1,0,1,0,0000000,16,41,16,51,99,99,0,0,0,1,0
48,482317,2,2,0,3,201,3280,7,7,2010,4,19,55,0,16,5,WILCREST,APPLETREE,0,29.76950000,-95.575425000,0,12,6,0,2,2,1,0,1,2,0,2,0,0000000,19,55,20,1,20,36,0,0,0,1,0
48,482318,1,1,1,1,201,3280,27,7,2010,3,20,45,0,16,5,GESSNER,,0,29.84549167,-95.545180560,0,8,0,0,1,1,1,0,2,1,0,1,0,0000000,88,88,88,88,88,88,0,0,0,1,0
48,482319,1,1,0,2,201,3280,20,8,2010,6,11,17,0,16,5,VANZANDT,,0,29.88176389,-95.303650000,0,5,0,0,1,1,1,0,1,1,0,1,0,0000000,88,88,88,88,88,88,0,0,0,1,0
48,482320,3,3,0,4,85,5390,27,8,2010,6,22,42,0,16,5,PARKER,ROUNDROCK,0,33.04112222,-96.743819440,0,12,6,0,2,2,1,0,3,1,0,1,0,0000000,22,43,22,45,23,2,0,0,0,1,0
48,482321,1,1,0,2,389,0,2,9,2010,5,8,0,1,11,1,I-10,,42,31.07821944,-104.020905560,0,32,0,0,1,1,4,0,1,1,0,1,0,0000000,99,99,99,99,99,99,0,0,0,1,0
48,482322,1,1,1,1,141,2190,4,9,2010,7,0,29,0,16,5,YARBROUGH,,0,31.71958333,-106.359305560,0,8,0,0,1,1,1,0,2,1,0,1,0,0000000,0,32,0,37,1,16,0,0,0,1,1
48,482323,1,1,0,1,165,0,7,9,2010,3,0,32,1,2,2,US-385,,298,32.55531389,-102.624422220,0,1,0,0,1,1,3,0,2,1,0,1,0,0000000,88,88,88,88,88,88,0,0,0,1,0
48,482324,2,2,0,2,463,0,9,9,2010,5,13,31,0,3,2,US-83,,133,29.47813333,-99.768394440,0,12,6,0,1,1,1,0,1,10,0,10,0,0000000,13,54,14,4,14,57,0,0,0,1,0
48,482325,2,2,0,4,339,3280,12,9,2010,1,2,10,1,12,2,US-59,,167,30.06267222,-95.248902780,0,12,7,0,1,1,1,0,3,1,0,1,0,0000000,2,11,2,28,3,6,0,0,0,1,1
48,482326,1,1,0,1,3,0,14,9,2010,3,1,38,0,3,8,FM1788,,79,32.21258333,-102.364083330,0,1,0,0,1,1,4,0,2,1,0,1,0,0000000,88,88,88,88,88,88,0,0,0,1,1
48,482327,2,2,0,2,439,260,19,9,2010,1,13,45,1,13,8,FM157,TURNERWARNELL,239,32.61177778,-97.142225000,0,12,6,0,2,2,1,0,1,1,0,1,0,0000000,13,47,13,52,14,21,0,0,0,1,0
48,482328,1,1,0,1,439,2450,21,9,2010,3,20,0,1,11,1,I-820,,47,32.71705000,-97.226680560,0,24,0,0,1,1,10,0,3,1,0,1,0,0000000,88,88,88,88,88,88,0,0,0,1,1
48,482329,3,3,0,3,27,3027,22,9,2010,4,17,45,0,14,8,BU190,FM3219,64,31.08590278,-97.648738890,0,12,6,0,2,2,1,0,1,10,0,10,0,0000000,88,88,88,88,88,88,0,0,0,1,0
48,482330,2,2,0,2,439,2450,24,9,2010,6,2,20,1,13,8,BU287,NORTHSIDE,162,32.77638611,-97.345838890,0,12,99,0,2,2,1,0,3,1,0,1,0,0000000,88,88,88,88,88,88,0,0,0,1,1
48,482331,1,1,0,1,121,0,27,9,2010,2,7,56,0,5,8,FM428,,44,33.29832500,-96.935597220,0,1,0,0,1,1,4,0,2,1,0,1,0,0000000,88,88,88,88,88,88,0,0,0,1,1
48,482332,2,2,0,3,273,3700,27,9,2010,2,17,31,0,15,8,BU77,6TH,61,27.58321111,-97.802733330,0,12,6,0,2,2,1,0,1,1,0,1,0,0000000,17,35,17,51,18,8,0,0,0,1,0
48,482333,1,1,0,1,491,0,27,9,2010,2,6,35,0,6,4,424,433,0,30.56468611,-97.285644440,0,34,0,0,3,3,4,0,2,1,0,1,0,0000000,88,88,88,88,88,88,0,0,0,1,1
48,482334,2,2,0,5,439,2450,28,9,2010,3,15,57,1,11,1,I-820,,118,32.66165000,-97.283158330,0,12,1,0,1,1,1,0,1,1,0,1,0,0000000,99,99,99,99,99,99,0,0,0,1,0
48,482335,1,1,0,1,29,6090,30,9,2010,5,6,10,0,16,5,ZARZAMORA,,0,29.32868611,-98.532813890,0,30,0,0,1,1,4,0,2,1,0,1,0,0000000,88,88,88,88,88,88,0,0,0,1,0
48,482336,1,1,0,1,121,1840,30,9,2010,5,19,35,1,11,1,I-35,,117,33.13743333,-97.202963890,0,1,0,0,1,1,4,0,2,1,0,1,0,0000000,19,40,20,3,20,22,0,0,0,1,0
48,482338,2,2,0,2,355,0,6,12,2010,2,6,30,0,3,8,FM665,FM2292,167,27.72653333,-97.533747220,0,12,6,0,2,3,1,0,2,1,0,1,0,0000000,6,30,6,41,7,2,0,0,0,1,0
48,482339,2,2,0,3,73,6040,7,12,2010,3,6,31,0,15,8,FM752,FM343,7,31.78464167,-95.147847220,0,12,6,0,2,2,1,0,2,1,0,1,0,0000000,6,31,6,38,7,8,0,0,0,1,0
48,482340,3,3,0,3,91,9997,7,12,2010,3,0,2,1,11,1,I-35,,25,29.63895833,-98.213341670,0,12,1,0,1,1,1,0,2,1,0,1,0,0000000,88,88,88,88,88,88,0,0,0,1,1
48,482341,1,1,1,1,201,0,7,12,2010,3,6,39,1,13,3,SR-6,,19,29.90869722,-95.629855560,0,8,0,0,1,1,1,0,4,1,0,1,0,0000000,6,40,6,44,7,5,0,0,0,1,0
48,482342,1,1,1,1,201,0,7,12,2010,3,20,6,1,13,8,FM2100,,89,29.89773056,-95.063469440,0,8,0,0,1,1,1,0,2,10,0,10,0,0000000,20,14,20,28,20,44,0,0,0,1,0
48,482343,2,2,0,2,347,0,7,12,2010,3,6,55,0,3,3,SR-7,,67,31.61305000,-94.527269440,0,12,2,0,1,1,1,0,1,1,0,1,0,0000000,99,99,99,99,99,99,0,0,0,1,0
48,482344,1,1,0,1,113,1730,8,12,2010,4,21,55,1,11,1,I-30,,76,32.79180556,-96.736994440,0,20,0,0,1,1,4,0,1,1,0,1,0,0000000,21,54,21,57,22,29,0,0,0,1,0