STATE,ST_CASE,VE_TOTAL,VE_FORMS,PEDS,PERSONS,COUNTY,CITY,DAY,MONTH,YEAR,DAY_WEEK,HOUR,MINUTE,NHS,ROAD_FNC,ROUTE,TWAY_ID,TWAY_ID2,MILEPT,LATITUDE,LONGITUD,SP_JUR,HARM_EV,MAN_COLL,RELJCT1,RELJCT2,TYP_INT,REL_ROAD,WRK_ZONE,LGT_COND,WEATHER1,WEATHER2,WEATHER,SCH_BUS,RAIL,NOT_HOUR,NOT_MIN,ARR_HOUR,ARR_MIN,HOSP_HR,HOSP_MN,CF1,CF2,CF3,FATALS,DRUNK_DR
48,482345,1,1,1,1,113,4530,8,12,2010,4,19,38,1,11,1,I-30,,219,32.80380278,-96.667966670,0,8,0,0,1,1,1,0,3,1,0,1,0,0000000,19,38,19,46,20,12,0,0,0,1,0
48,482346,1,1,0,2,227,640,8,12,2010,4,22,7,1,13,2,US-87,17TH,232,32.23796389,-101.472930560,0,59,0,0,3,1,4,0,3,1,0,1,0,0000000,22,7,22,12,22,28,0,0,0,1,0
48,482347,2,2,0,2,439,2850,8,12,2010,4,4,18,0,16,5,INTERNATIONAL RAMP,,0,32.90610556,-97.040719440,0,12,2,0,1,1,1,0,2,1,0,1,0,0000000,99,99,99,99,99,99,0,0,0,1,1
48,482348,1,1,0,1,113,1730,9,12,2010,5,10,33,1,11,1,I-635RAMP,TI,54,32.92038333,-96.750700000,0,39,0,1,3,3,4,0,1,1,0,1,0,0000000,10,39,10,49,11,12,0,0,0,1,0
48,482349,1,1,0,1,361,4415,9,12,2010,5,23,15,0,4,8,FM2802,,72,30.21813611,-93.912850000,0,53,0,0,1,1,4,0,2,1,0,1,0,0000000,99,99,99,99,99,99,0,0,0,1,0
48,482351,1,1,0,2,29,6090,10,12,2010,6,0,30,1,13,8,FM1517,ABELINCOLN,111,29.51908889,-98.617411110,0,46,0,0,3,1,4,0,2,1,0,1,0,0000000,0,35,0,45,1,7,0,0,0,1,1
48,482352,2,2,0,5,113,1730,10,12,2010,6,10,20,1,11,3,SR-310,,125,32.70043611,-96.745536110,0,12,6,0,7,1,1,0,1,1,0,1,0,0000000,10,32,10,36,11,4,0,0,0,1,0
48,482353,1,1,1,1,145,2718,10,12,2010,6,17,21,0,4,8,FM2839,,0,31.37083889,-97.081130560,0,8,0,0,1,1,1,0,5,1,0,1,0,0000000,17,25,17,44,18,31,0,0,0,1,0
48,482354,2,2,0,3,453,330,10,12,2010,6,2,30,1,12,3,SR-71,RIVERSIDE,88,30.21838611,-97.690472220,0,12,7,0,3,2,1,0,3,1,0,1,0,0000000,2,36,2,45,3,33,0,0,0,1,1
48,482355,1,1,1,1,469,7190,10,12,2010,6,18,50,0,14,3,SR-185,ELIZABETH,53,28.80173611,-96.990658330,0,8,0,0,2,3,1,0,2,1,0,1,0,0000000,18,51,18,55,19,3,0,0,0,1,0
48,482356,1,1,0,1,1,0,11,12,2010,7,2,30,0,4,8,FM3221,,202,31.87544444,-95.741816670,0,32,0,0,1,1,4,0,2,1,0,1,0,0000000,88,88,88,88,88,88,0,0,0,1,1
48,482357,2,2,0,6,39,130,11,12,2010,7,8,27,1,13,3,SR-35,BS35C,304,29.45516389,-95.244769440,0,12,6,1,2,2,1,0,1,10,0,10,0,0000000,8,32,8,46,9,15,0,0,0,1,0
48,482358,2,2,0,6,113,1730,11,12,2010,7,4,40,1,11,1,I-35E,,257,32.86963056,-96.897333330,0,12,7,0,1,1,1,0,3,1,0,1,0,0000000,4,43,4,45,5,49,0,0,0,1,0
48,482359,1,1,2,1,135,5030,11,12,2010,7,17,29,0,16,5,BOULDER,ENGLEWOOD,0,31.88240556,-102.341841670,0,19,0,0,3,2,5,0,3,1,0,1,0,0000000,17,29,17,33,17,50,0,0,0,1,0
48,482360,3,3,0,4,201,3280,11,12,2010,7,22,0,1,12,2,US-59,,20,29.83788889,-95.333658330,0,12,7,0,1,1,1,0,3,1,0,1,0,0000000,22,0,22,7,22,26,0,0,0,1,1
48,482361,2,2,0,5,405,0,11,12,2010,7,20,55,0,4,8,FM2213,,23,31.49898333,-94.108713890,0,12,2,0,1,1,1,0,2,1,0,1,0,0000000,88,88,88,88,88,88,0,0,0,5,1
48,482362,1,1,0,1,85,1260,12,12,2010,1,23,21,0,3,8,FM455,,31,33.34798889,-96.817616670,0,1,0,0,1,1,4,0,2,1,0,1,0,0000000,88,88,88,88,88,88,0,0,0,1,1
48,482363,2,2,0,2,113,3880,12,12,2010,1,5,5,1,11,1,I-35,,49,32.62038333,-96.822938890,0,25,0,0,1,1,3,0,3,6,0,6,0,0000000,5,4,5,7,5,42,0,0,0,1,2
48,482364,1,1,0,1,453,330,12,12,2010,1,2,22,1,11,1,I-35,,169,30.25382222,-97.736622220,0,42,0,0,1,1,4,0,3,1,0,1,0,0000000,88,88,88,88,88,88,0,0,0,1,1
48,482365,1,1,1,1,235,4520,13,12,2010,2,11,24,0,3,2,US-67,DUNCAN,110,31.26318611,-100.817061110,0,15,0,0,3,2,1,0,1,1,0,1,0,0000000,88,88,88,88,88,88,0,0,0,1,0
48,482366,3,3,0,5,439,260,13,12,2010,2,15,44,1,11,1,I-20RAMP,,111,32.67726667,-97.070175000,0,12,6,1,5,1,1,0,1,1,0,1,0,0000000,88,88,88,88,88,88,0,0,0,2,0
48,482367,2,2,0,3,339,4667,14,12,2010,3,11,19,0,4,8,FM149,LONESTAR,159,30.40006667,-95.699469440,0,12,6,0,2,2,1,0,1,1,0,1,0,0000000,88,88,88,88,88,88,0,0,0,2,0
48,482368,1,1,0,1,135,5030,15,12,2010,4,2,48,1,12,3,SR-191,,77,31.89891389,-102.309580560,0,1,0,0,1,1,4,0,3,1,0,1,0,0000000,88,88,88,88,88,88,0,0,0,1,1
48,482369,2,2,0,4,113,1730,17,12,2010,6,12,27,0,16,5,MARSH,ROYAL,0,32.89505556,-96.856058330,0,12,6,0,2,2,1,0,1,1,0,1,0,0000000,12,27,12,32,13,5,0,0,0,2,0
48,482370,1,1,0,2,29,6090,19,12,2010,1,1,27,0,4,8,SL1604,,31,29.55639722,-98.663941670,0,24,0,0,1,1,3,0,3,1,0,1,0,0000000,1,27,1,37,2,23,0,0,0,1,1
48,482371,1,1,1,2,339,1510,19,12,2010,1,3,5,1,13,8,SL336,,161,30.28566389,-95.427675000,0,8,0,0,1,1,1,0,2,1,0,1,0,0000000,88,88,88,88,88,88,0,0,0,1,1
48,482372,2,2,0,3,453,330,1,12,2010,4,23,12,1,12,7,SR-71,WOODWARD,55,30.21662500,-97.743991670,0,12,1,1,2,2,1,0,3,1,0,1,0,0000000,88,88,88,88,88,88,0,0,0,1,1
48,482373,3,1,0,3,201,3280,4,12,2010,7,2,52,1,12,2,US-59RAMP,,26,29.73229722,-95.387275000,0,14,0,1,5,1,2,0,3,1,0,1,0,0000000,3,2,3,8,3,39,14,0,0,1,1
48,482374,2,2,0,3,497,0,4,12,2010,7,20,26,0,4,8,FM455,,65,33.36145278,-97.400008330,0,12,2,0,1,1,1,0,2,1,0,1,0,0000000,20,27,20,42,21,28,0,0,0,1,0
48,482375,1,1,1,1,201,3280,7,12,2010,3,18,28,1,13,3,SR-3,SURREYSQUARE,6,29.67037500,-95.252272220,0,8,0,0,2,3,1,0,3,1,0,1,0,0000000,18,25,18,31,18,55,0,0,0,1,0
48,482376,1,1,1,1,7,5890,9,12,2010,5,18,30,0,14,3,SR-35,,15,28.06215000,-97.053705560,0,8,0,0,1,1,1,0,2,1,0,1,0,0000000,88,88,88,88,88,88,0,0,0,1,0
48,482377,2,2,0,3,133,0,9,12,2010,5,21,43,1,1,1,I-20,,131,32.37537500,-98.894861110,0,12,1,0,1,1,1,0,2,1,0,1,0,0000000,22,33,23,35,0,45,0,0,0,1,0
48,482378,2,2,0,2,141,2190,9,12,2010,5,19,8,0,16,5,WEDGEWOOD,SUEZ,0,31.77991111,-106.350052780,0,12,6,0,2,2,1,0,3,1,0,1,0,0000000,19,15,19,19,19,36,0,0,0,1,0
48,482379,1,1,1,1,201,3280,10,12,2010,6,12,10,1,13,8,FM1093,,64,29.73622500,-95.594366670,0,9,0,0,4,1,1,0,1,1,0,1,0,0000000,12,15,12,28,12,38,0,0,0,1,0
48,482380,1,1,0,1,241,3480,10,12,2010,6,1,0,0,4,8,FM252,BULLDOG,305,30.90028889,-94.010280560,0,42,0,0,3,3,4,0,2,1,0,1,0,0000000,88,88,88,88,88,88,0,0,0,1,1
48,482381,2,2,0,3,361,0,10,12,2010,6,22,10,0,3,3,SR-62,,112,30.11210556,-93.820838890,0,12,6,0,8,1,1,0,3,1,0,1,0,0000000,88,88,88,88,88,88,0,0,0,1,1
48,482382,2,2,0,2,489,0,10,12,2010,6,15,25,1,2,2,US-77,,214,26.43715556,-97.785447220,0,12,6,0,7,1,1,0,1,1,0,1,0,0000000,88,88,88,88,88,88,0,0,0,1,0
48,482383,2,2,0,6,141,2190,11,12,2010,7,12,30,1,13,3,SR-20,,98,31.86046111,-106.587194440,0,12,6,0,8,1,1,0,1,1,0,1,0,0000000,12,29,12,34,13,0,0,0,0,1,0
48,482384,1,1,0,1,201,0,11,12,2010,7,1,25,0,6,4,HOMESTEAD,,0,29.90760556,-95.301683330,0,24,0,0,1,1,4,0,2,1,0,1,0,0000000,88,88,88,88,88,88,0,0,0,1,1
48,482385,1,1,0,2,201,0,11,12,2010,7,18,15,0,6,4,MIDDLEBURG,,0,30.00069444,-95.585447220,0,1,0,0,1,1,1,0,2,1,0,1,0,0000000,18,20,18,27,20,38,0,0,0,1,0
48,482386,2,2,0,4,259,0,11,12,2010,7,12,41,0,4,3,SR-46,,26,29.75865000,-98.793086110,0,12,2,0,1,1,1,0,1,1,0,1,0,0000000,12,41,12,52,13,37,0,0,0,1,0
48,482387,1,1,0,1,439,2850,11,12,2010,7,6,21,1,12,3,SR-114 RAMP,,105,32.93471667,-97.037836110,0,18,0,1,5,1,4,1,3,10,0,10,0,0000000,88,88,88,88,88,88,0,0,0,1,0
48,482388,1,1,1,1,39,0,12,12,2010,1,18,0,0,4,8,FM 2403,,37,29.35285278,-95.256555560,0,49,0,0,1,1,1,0,2,1,0,1,0,0000000,88,88,88,88,88,88,0,0,0,1,0
48,482389,2,2,0,2,449,0,13,12,2010,2,4,45,0,4,3,SR-49,,97,33.10853611,-94.844830560,0,12,2,0,1,1,1,0,2,1,0,1,0,0000000,88,88,88,88,88,88,0,0,0,2,0
48,482390,2,2,0,3,473,0,13,12,2010,2,20,21,0,4,8,FM 1458,,31,29.83519444,-96.024988890,0,12,2,0,1,1,1,0,2,1,0,1,0,0000000,88,88,88,88,88,88,0,0,0,1,0
48,482391,2,2,0,3,53,0,14,12,2010,3,14,9,0,3,3,SR-29,,14,30.75681389,-98.377488890,0,12,6,0,8,1,1,0,1,1,0,1,0,0000000,88,88,88,88,88,88,0,0,0,2,0
48,482392,1,1,0,1,177,0,14,12,2010,3,1,20,0,5,8,FM 2091,,63,29.53102778,-97.539175000,0,1,0,0,1,1,1,0,2,1,0,1,0,0000000,88,88,88,88,88,88,0,0,0,1,0
48,482393,1,1,0,1,201,0,14,12,2010,3,9,30,1,13,2,US-290 RAMP,,160,29.96883889,-95.692077780,0,33,0,1,5,1,8,0,1,1,0,1,0,0000000,88,88,88,88,88,88,0,0,0,1,0
48,482395,2,2,0,3,223,0,15,12,2010,4,9,7,0,3,3,SR-11,,77,32.99660556,-95.347294440,0,12,2,0,1,1,1,0,1,1,0,1,0,0000000,99,99,99,99,99,99,0,0,0,1,0
48,482396,1,1,1,1,439,2800,16,12,2010,5,21,2,1,11,7,I-20,,121,32.67750278,-97.052922220,0,8,0,0,1,1,1,0,2,1,0,1,0,0000000,21,4,21,11,21,25,23,0,0,1,0
48,482397,1,1,0,1,497,0,16,12,2010,5,12,16,1,2,2,US-380,,83,33.24760278,-97.443444440,0,42,0,0,1,1,4,0,1,1,0,1,0,0000000,88,88,88,88,88,88,0,0,0,1,0
48,482398,2,2,0,2,83,0,17,12,2010,6,18,40,1,2,2,US-67,,76,31.76205556,-99.457388890,0,12,2,0,1,1,1,0,2,1,0,1,0,0000000,88,88,88,88,88,88,0,0,0,1,1
48,482399,1,1,0,1,29,0,18,12,2010,7,6,30,0,6,4,WISDOM,,0,29.28999722,-98.790233330,0,53,0,0,1,1,4,0,2,1,0,1,0,0000000,88,88,88,88,88,88,0,0,0,1,0
48,482400,1,1,0,1,453,0,18,12,2010,7,8,30,9,9,8,RM 3238,,99999,30.31098056,-98.089963890,0,59,0,0,1,1,5,0,2,1,0,1,0,0000000,88,88,88,88,88,88,0,0,0,1,1
48,482401,1,1,0,1,23,0,19,12,2010,1,16,10,1,2,2,US-82,,99,33.59549722,-99.305633330,0,38,0,0,1,1,4,0,1,1,0,1,0,0000000,88,88,88,88,88,88,0,0,0,1,0
48,482402,2,2,0,4,113,387,19,12,2010,1,3,0,1,11,1,I-635,,26,32.73276111,-96.612675000,0,12,7,0,1,1,1,0,2,1,0,1,0,0000000,3,3,3,10,3,59,0,0,0,1,1
48,482403,2,2,0,3,201,3280,19,12,2010,1,2,30,0,16,5,CAVALCADE,ENID,0,29.80400278,-95.375597220,0,12,6,0,2,2,1,0,3,1,0,1,0,0000000,2,35,2,39,2,59,0,0,0,1,2
48,482404,1,1,0,2,281,0,19,12,2010,1,15,40,0,6,4,1045,,0,31.09307222,-98.214083330,0,1,0,0,1,1,4,0,1,1,0,1,0,0000000,15,41,15,51,16,21,0,0,0,1,0
48,482405,2,2,0,2,223,1680,20,12,2010,2,3,38,1,1,1,I-30,,11,33.12912500,-95.842483330,0,12,2,0,1,1,1,0,2,1,0,1,0,0000000,99,99,99,99,99,99,0,0,0,1,1
48,482406,2,2,0,2,25,0,21,12,2010,3,8,8,1,2,2,US-181,FM623,39,28.61798333,-97.802791670,0,12,6,0,2,2,1,0,1,1,0,1,0,0000000,8,37,8,58,9,36,0,0,0,1,0
48,482407,2,2,0,5,27,3690,20,12,2010,2,12,32,0,14,8,FM3470,REGENCY,66,31.07226111,-97.738011110,0,12,6,0,2,3,1,0,1,1,0,1,0,0000000,99,99,99,99,99,99,0,0,0,1,0
48,482408,2,2,0,2,121,1840,20,12,2010,2,9,47,0,16,5,MINGO,NOTTINGHAM,0,33.23106944,-97.106791670,0,12,6,0,2,2,1,0,1,1,0,1,0,0000000,9,53,10,4,10,37,0,0,0,1,0
48,482409,1,1,0,1,27,4924,21,12,2010,3,15,55,1,12,2,US-190,,205,31.06714167,-97.579322220,0,58,0,0,1,1,3,0,1,1,0,1,0,0000000,88,88,88,88,88,88,0,0,0,1,1
48,482410,2,2,0,5,29,6090,21,12,2010,3,19,5,0,16,5,OLD90,CALLAGHAN,0,29.41539444,-98.599655560,0,12,6,0,2,2,1,0,3,1,0,1,0,0000000,99,99,19,21,20,19,0,0,0,2,0
48,482411,2,2,0,2,275,0,21,12,2010,3,19,30,0,5,8,FM267,,61,33.51211111,-99.654663890,0,12,6,0,1,1,1,0,2,1,0,1,0,0000000,88,88,88,88,88,88,0,0,0,1,0
48,482412,1,1,0,1,201,0,22,12,2010,4,22,19,0,6,4,CYPRESSROSEHILL,,0,30.02846389,-95.697472220,0,43,0,0,1,1,4,0,2,10,0,10,0,0000000,88,88,88,88,88,88,0,0,0,1,1
48,482413,1,1,0,2,225,0,22,12,2010,4,13,57,0,3,2,US-287,,211,31.29322500,-95.414463890,0,32,0,0,1,1,4,0,1,10,0,10,0,0000000,99,99,99,99,99,99,0,0,0,2,0
48,482414,2,2,0,3,395,0,22,12,2010,4,11,30,1,2,2,US-190,,38,30.84787778,-96.559577780,0,12,1,0,8,1,1,0,1,10,0,10,0,0000000,11,30,11,45,12,19,0,0,0,1,0
48,482415,1,1,0,2,427,0,22,12,2010,4,23,0,1,2,2,US-83,,348,26.34603611,-98.752327780,0,33,0,0,1,1,4,0,3,1,0,1,0,0000000,23,11,23,28,0,20,0,0,0,1,0
48,482416,2,2,0,5,75,0,23,12,2010,5,12,55,1,2,2,US-62,US-83,272,34.66782222,-100.188661110,0,12,6,0,2,3,1,0,1,10,0,10,0,0000000,12,56,13,11,13,50,0,0,0,1,0
48,482417,1,1,0,1,179,0,23,12,2010,5,17,58,1,1,1,I-40,,37,35.18798889,-101.038694440,0,1,0,0,1,1,1,0,2,1,0,1,0,0000000,88,88,88,88,88,88,0,0,0,1,0
48,482418,1,1,0,2,201,3280,23,12,2010,5,0,11,0,16,5,TELEPHONE,,0,29.73429167,-95.329975000,0,30,0,0,1,1,4,0,3,10,0,10,0,0000000,99,99,99,99,99,99,0,0,0,1,1
48,482419,1,1,0,1,29,3942,24,12,2010,6,3,6,1,13,3,SR-16,,88,29.49304722,-98.615986110,0,32,0,0,1,1,4,0,2,10,0,10,0,0000000,3,6,3,7,3,45,0,0,0,1,1
48,482420,1,1,0,1,201,3280,24,12,2010,6,0,45,0,16,5,MACGREGOR,,0,29.71298333,-95.345563890,0,33,0,0,1,1,4,0,3,1,0,1,0,0000000,99,99,99,99,99,99,0,0,0,1,0
48,482421,2,1,0,1,201,0,25,12,2010,7,1,13,1,12,3,SR-249,,204,29.89931111,-95.463508330,0,30,0,0,1,1,4,0,3,2,0,2,0,0000000,88,88,88,88,88,88,0,0,0,1,1
48,482422,2,2,1,8,201,3280,25,12,2010,7,21,19,1,12,2,US-59,,81,29.72578889,-95.471969440,0,8,0,0,1,1,1,0,3,1,0,1,0,0000000,88,88,88,88,88,88,0,0,0,1,0
48,482423,2,2,0,8,205,0,26,12,2010,1,18,30,0,3,2,US-385,,51,35.63323333,-102.311552780,0,12,2,0,1,1,1,0,2,1,0,1,0,0000000,18,39,18,52,19,47,0,0,0,1,0
48,482424,2,2,0,2,241,0,26,12,2010,1,5,53,0,3,3,SR-63,,148,30.92206944,-94.065927780,0,12,2,0,1,1,1,0,2,1,0,1,0,0000000,99,99,6,1,99,99,0,0,0,1,1
48,482425,2,2,0,2,251,0,26,12,2010,1,19,58,0,6,4,920,,0,32.54569167,-97.442122220,0,12,6,0,8,1,1,0,2,1,0,1,0,0000000,88,88,88,88,88,88,0,0,0,1,0
48,482426,1,1,0,5,23,0,27,12,2010,2,12,10,9,9,2,US-82,,99999,33.62473333,-99.229588890,0,1,0,0,1,1,1,0,1,1,0,1,0,0000000,12,19,12,26,12,49,0,0,0,1,0
48,482427,2,2,0,5,201,0,28,12,2010,3,20,40,1,13,8,FM2100,TALLCEDARS,46,29.95645000,-95.081886110,0,12,2,0,2,3,1,0,2,1,0,1,1,0000000,20,50,21,6,21,39,0,0,0,1,0
48,482428,2,2,0,4,145,0,29,12,2010,4,1,14,0,3,2,US-77,FM935,97,31.25226667,-97.060569440,0,12,6,1,2,2,1,0,2,2,0,2,0,0000000,99,99,99,99,99,99,0,0,0,1,0
48,482429,1,1,0,1,5,0,30,12,2010,5,4,30,0,6,4,307,,0,31.24397500,-94.571397220,0,42,0,0,1,1,4,0,2,1,0,1,0,0000000,88,88,88,88,88,88,0,0,0,1,1
48,482430,2,2,0,3,449,4750,27,12,2010,2,9,10,1,11,1,I-30RAMP,US-271,75,33.16900278,-94.999738890,0,12,6,1,2,2,1,0,1,1,0,1,0,0000000,99,99,99,99,9,21,0,0,0,1,0
48,482431,1,1,0,2,121,1840,30,12,2010,5,23,39,0,16,5,STOCKBRIDGE,,0,33.18629444,-97.092027780,0,5,0,0,8,1,1,0,3,10,0,10,0,0000000,23,46,23,50,0,38,0,0,0,1,0
48,482432,1,1,0,1,439,2850,30,12,2010,5,5,28,1,13,3,SR-26,,148,32.93042778,-97.098455560,0,30,0,0,1,1,4,0,3,2,0,2,0,0000000,5,40,6,2,6,25,0,0,0,1,0
48,482433,2,2,0,4,201,0,31,12,2010,6,21,5,0,6,4,ELLA,,0,29.99534167,-95.435366670,0,12,2,0,1,1,1,0,2,1,0,1,0,0000000,21,10,21,22,22,8,0,0,0,1,0
48,482434,2,2,0,3,113,1730,20,12,2010,2,14,35,0,16,5,CESARCHAVEZ,GRAND,0,32.76687778,-96.777277780,0,12,6,0,2,2,1,0,1,1,0,1,0,0000000,14,39,99,99,14,55,0,0,0,1,0
48,482435,1,1,1,1,113,1730,20,12,2010,2,18,55,1,13,8,SS244,,306,32.86421389,-96.707622220,0,8,0,0,1,1,1,0,3,1,0,1,0,0000000,18,59,19,6,19,21,0,0,0,1,0
48,482436,2,2,0,5,141,2190,20,12,2010,2,12,15,1,13,3,SR-20,GRAPHITE,107,31.84785000,-106.582327780,0,12,6,0,2,3,1,0,1,10,0,10,0,0000000,12,14,12,19,12,47,0,0,0,1,0
48,482437,2,2,0,2,85,7620,21,12,2010,3,15,0,0,14,3,SR-78,,314,33.02574444,-96.488569440,0,24,0,0,1,1,4,0,1,1,0,1,0,0000000,15,10,15,26,15,50,0,0,0,1,1
48,482438,2,2,0,3,201,0,21,12,2010,3,2,22,1,12,2,US-59,,84,29.88456111,-95.321572220,0,12,2,0,1,1,1,0,3,1,0,1,0,0000000,2,28,2,37,3,3,0,0,0,1,1
48,482439,1,1,0,1,211,0,21,12,2010,3,11,8,0,4,3,SR-33,,63,35.80268333,-100.380469440,0,1,0,0,1,1,4,0,1,1,0,1,0,0000000,88,88,88,88,88,88,0,0,0,1,0
48,482440,2,2,0,2,355,1550,23,12,2010,5,18,7,0,16,5,AYERS,CUIPER,0,27.74883056,-97.419130560,0,12,6,0,2,3,1,0,3,1,0,1,0,0000000,18,9,18,12,18,21,0,0,0,1,0
48,482441,2,2,0,6,113,1730,24,12,2010,6,16,11,1,13,8,SL12,,207,32.85544444,-96.866091670,0,12,6,0,1,1,1,0,1,2,0,2,0,0000000,16,15,16,20,16,39,0,0,0,1,0
48,482442,2,2,0,5,293,0,24,12,2010,6,14,5,0,3,3,SR-14,,23,31.37991111,-96.597591670,0,12,8,0,1,1,1,0,1,2,0,2,0,0000000,14,4,14,11,14,43,0,0,0,4,0
48,482443,1,1,0,1,439,2800,24,12,2010,6,15,34,0,16,5,AVE K,,0,32.77146389,-97.052205560,0,17,0,0,1,1,4,0,1,2,0,2,0,0000000,88,88,88,88,88,88,0,0,0,1,0
48,482444,1,1,0,1,241,0,25,12,2010,7,14,5,0,4,8,FM 105,,87,30.24660556,-94.023302780,0,42,0,0,1,1,4,0,1,10,0,10,0,0000000,88,88,88,88,88,88,0,0,0,1,1
48,482445,1,1,1,1,29,6090,28,12,2010,3,18,10,0,16,5,ELMENDORF,WAVERLY,0,29.44761667,-98.526916670,0,8,0,0,3,2,1,0,3,2,0,2,0,0000000,99,99,99,99,99,99,0,0,0,1,0
48,482446,1,1,1,1,113,1730,1,12,2010,4,21,45,1,11,1,I-30,,105,32.79603333,-96.690261110,0,8,0,1,18,1,1,0,3,1,0,1,0,0000000,99,99,99,99,99,99,0,0,0,1,0
48,482447,1,1,0,1,201,0,1,12,2010,4,21,3,0,16,5,CYPRESSROSEHILL,HUFFMEISTER,0,29.99725000,-95.698400000,0,46,0,0,3,2,4,0,3,1,0,1,0,0000000,88,88,88,88,88,88,0,0,0,1,0
48,482448,1,1,0,2,297,0,1,12,2010,4,17,25,0,4,8,FM 799,,160,28.41808611,-97.974763890,0,42,0,0,1,1,4,0,1,1,0,1,0,0000000,17,48,18,18,19,19,0,0,0,1,0
48,482449,2,2,0,2,121,1730,2,12,2010,5,13,30,0,16,5,FRANKFORD,PRESIDEN GEORGE BUSH,0,32.99695833,-96.860308330,0,12,6,1,2,2,1,0,1,1,0,1,0,0000000,13,37,13,42,13,56,0,0,0,1,0
48,482450,1,1,0,2,181,1830,2,12,2010,5,3,30,1,12,2,US-75,,63,33.77848611,-96.584030560,0,21,0,1,19,1,3,0,2,1,0,1,0,0000000,15,30,15,36,16,0,0,0,0,1,0
48,482451,2,2,0,4,243,0,2,12,2010,5,18,15,0,4,3,SR-118,,138,30.49542500,-103.750850000,0,12,2,0,1,1,1,0,2,1,0,1,0,0000000,99,99,99,99,99,99,0,0,0,1,0
48,482452,2,2,0,3,373,0,2,12,2010,5,20,13,1,2,2,US-59,,16,31.11026944,-94.811711110,0,12,6,0,1,1,1,0,2,1,0,1,0,0000000,20,31,20,51,99,99,20,0,0,2,0
48,482453,2,2,0,3,455,7020,2,12,2010,5,22,58,0,3,3,SR-19,,91,30.95103889,-95.375661110,0,12,6,0,8,1,1,0,3,1,0,1,0,0000000,23,4,23,12,23,54,0,0,0,1,2
48,482454,1,1,0,1,113,1730,3,12,2010,6,21,53,0,16,5,DOUGLAS,WALNUTHILL,0,32.88041667,-96.808455560,0,39,0,0,3,3,4,0,3,1,0,1,0,0000000,88,88,88,88,88,88,20,0,0,1,1
48,482455,1,1,1,1,201,0,3,12,2010,6,14,30,0,6,4,VETERANSMEMORIAL,GREENS,0,29.94844722,-95.468322220,0,8,0,0,3,3,1,0,1,1,0,1,0,0000000,99,99,99,99,99,99,0,0,0,1,0
48,482456,1,1,1,1,325,4822,3,12,2010,6,20,30,0,4,3,SR-132,,56,29.18958611,-98.862647220,0,8,0,0,1,1,1,0,3,1,0,1,0,0000000,99,99,99,99,99,99,0,0,0,1,0
48,482457,1,1,0,1,343,1700,3,12,2010,6,3,8,0,3,2,US-259,TOBY,206,33.02907500,-94.722269440,0,30,0,0,3,2,4,0,3,1,0,1,0,0000000,88,88,88,88,88,88,20,0,0,1,1
48,482458,1,1,0,1,5,0,4,12,2010,7,9,2,1,2,2,US-59,,46,31.38947222,-94.715452780,0,35,0,0,1,1,4,0,1,10,0,10,0,0000000,88,88,88,88,88,88,0,0,0,1,0
48,482459,1,1,1,1,29,6090,4,12,2010,7,17,16,1,11,7,I-410,,377,29.32438333,-98.429377780,0,9,0,0,1,1,1,0,1,1,0,1,0,0000000,17,16,17,29,17,57,0,0,0,1,0
48,482460,1,1,0,1,69,0,4,12,2010,7,1,42,0,3,2,US-385,,127,34.57911944,-102.312894440,0,30,0,0,1,1,4,0,2,1,0,1,0,0000000,88,88,88,88,88,88,0,0,0,1,0
48,482461,2,2,0,2,91,0,4,12,2010,7,18,40,0,14,8,FM 2673,,108,29.85908611,-98.287152780,0,12,2,0,1,1,1,0,2,10,0,10,0,0000000,19,1,19,12,19,31,0,0,0,1,2
48,482462,1,1,1,2,183,4080,4,12,2010,7,18,3,1,13,2,US-80,,148,32.50440278,-94.715744440,0,8,0,0,1,1,1,0,3,1,0,1,0,0000000,18,6,18,10,18,17,0,0,0,1,0
48,482463,1,1,0,1,201,0,4,12,2010,7,4,50,0,6,4,BOUDREAUX,,0,30.07916667,-95.550605560,0,30,0,0,1,1,4,0,2,1,0,1,0,0000000,88,88,88,88,88,88,0,0,0,1,1
48,482464,1,1,0,1,485,7490,4,12,2010,7,2,6,1,12,2,US-281 RAMP,,0,33.88425833,-98.477797220,0,59,0,1,5,1,4,0,3,10,0,10,0,0000000,88,88,88,88,88,88,0,0,0,1,0
48,482465,3,3,0,4,491,3925,4,12,2010,7,9,51,0,15,8,RR 2243,,111,30.58147500,-97.844136110,0,12,11,0,1,1,1,0,1,1,0,1,0,0000000,9,53,10,0,10,23,0,0,0,1,0
48,482466,1,1,1,1,113,1730,5,12,2010,1,3,20,1,12,2,US-175,,75,32.69931389,-96.647522220,0,8,0,0,1,1,2,0,3,1,0,1,0,0000000,88,88,88,88,88,88,0,0,0,1,0
48,482467,2,2,0,2,453,330,5,12,2010,1,1,49,1,12,8,SL 360,,179,30.25446111,-97.804308330,0,24,0,1,18,1,10,0,3,1,0,1,0,0000000,88,88,88,88,88,88,14,0,0,1,1