STATE,ST_CASE,VE_TOTAL,VE_FORMS,PEDS,PERSONS,COUNTY,CITY,DAY,MONTH,YEAR,DAY_WEEK,HOUR,MINUTE,NHS,ROAD_FNC,ROUTE,TWAY_ID,TWAY_ID2,MILEPT,LATITUDE,LONGITUD,SP_JUR,HARM_EV,MAN_COLL,RELJCT1,RELJCT2,TYP_INT,REL_ROAD,WRK_ZONE,LGT_COND,WEATHER1,WEATHER2,WEATHER,SCH_BUS,RAIL,NOT_HOUR,NOT_MIN,ARR_HOUR,ARR_MIN,HOSP_HR,HOSP_MN,CF1,CF2,CF3,FATALS,DRUNK_DR
48,482468,1,1,0,1,29,6090,6,12,2010,2,15,45,1,12,2,US-281,,261,29.44003333,-98.478213890,0,1,0,1,18,1,3,0,1,1,0,1,0,0000000,15,52,15,57,16,30,0,0,0,1,0
48,482469,2,2,1,2,71,0,6,12,2010,2,18,54,0,4,8,FM 2354,,140,29.73217500,-94.849225000,0,8,0,0,1,1,1,0,2,1,0,1,0,0000000,99,99,99,99,99,99,0,0,0,1,0
48,482470,2,2,0,2,183,0,6,12,2010,2,15,1,1,1,1,I-20RAMP,US-259,94,32.43406389,-94.828408330,0,12,11,1,2,2,1,0,1,1,0,1,0,0000000,88,88,88,88,88,88,0,0,0,1,0
48,482471,1,1,0,1,41,970,2,10,2010,7,1,18,1,13,8,FM2818,,65,30.65465556,-96.401402780,0,34,0,0,1,1,4,0,2,1,0,1,0,0000000,99,99,99,99,99,99,0,0,0,1,1
48,482472,2,2,0,3,231,0,2,10,2010,7,12,10,1,2,3,SR-34,,32,32.94432778,-96.107497220,0,12,2,0,1,1,1,0,1,1,0,1,0,0000000,99,99,99,99,99,99,0,0,0,1,0
48,482473,1,1,0,1,37,0,7,10,2010,5,15,50,0,6,4,1217,,0,33.37827222,-94.192855560,0,42,0,0,1,1,4,0,1,1,0,1,0,0000000,88,88,88,88,88,88,0,0,0,1,0
48,482474,2,2,0,4,97,0,8,10,2010,6,18,17,0,4,8,FM3002,HEMMING,43,33.43165556,-97.095838890,0,12,2,0,3,2,1,0,1,1,0,1,0,0000000,18,21,18,36,19,11,0,0,0,1,0
48,482475,3,2,0,4,201,3280,8,10,2010,6,23,38,0,16,5,TELEPHONE,,0,29.71355000,-95.317016670,0,12,1,0,1,1,1,0,3,1,0,1,0,0000000,23,41,23,50,0,13,20,0,0,1,1
48,482476,1,1,0,1,213,0,8,10,2010,6,22,48,0,5,8,FM607,,63,32.21980833,-95.656672220,0,1,0,0,1,1,4,0,2,1,0,1,0,0000000,88,88,88,88,88,88,0,0,0,1,1
48,482478,1,1,0,5,257,0,9,10,2010,7,13,13,1,1,1,I-20,,93,32.68870833,-96.225172220,0,1,0,0,1,1,1,0,1,1,0,1,0,0000000,13,16,13,31,14,14,0,0,0,1,0
48,482479,2,2,0,2,465,0,11,10,2010,2,13,40,1,2,2,US-90,,112,29.38696111,-100.744522220,0,12,8,0,1,1,1,0,1,1,0,1,0,0000000,99,99,99,99,99,99,0,0,0,1,0
48,482480,1,1,1,1,29,6090,12,10,2010,3,4,40,0,16,5,CULEBRA,,0,29.44850278,-98.587113890,0,8,0,0,1,1,1,0,2,1,0,1,0,0000000,99,99,99,99,99,99,0,0,0,1,0
48,482481,2,2,0,2,29,6090,14,10,2010,5,1,20,1,12,2,US-281,,231,29.47424722,-98.479391670,0,12,2,0,1,1,1,0,3,1,0,1,0,0000000,99,99,99,99,99,99,0,0,0,1,2
48,482482,2,2,0,3,465,0,14,10,2010,5,6,48,1,2,2,US-277,,49,29.33368889,-100.838250000,0,12,6,0,1,1,1,0,2,1,0,1,0,0000000,99,99,99,99,99,99,0,0,0,1,0
48,482483,2,2,0,3,37,0,16,10,2010,7,10,15,0,4,8,FM2516,,51,33.35657500,-94.079575000,0,12,6,0,8,1,1,0,1,1,0,1,0,0000000,88,88,88,88,88,88,0,0,0,1,0
48,482484,1,1,2,3,13,0,17,10,2010,1,20,17,0,6,4,BRANDYWINE,,0,29.15816944,-98.594488890,0,8,0,0,1,1,4,0,3,1,0,1,0,0000000,20,40,20,58,21,36,0,0,0,1,1
48,482485,1,1,0,4,67,0,20,10,2010,4,8,50,0,5,8,FM2791,,55,33.16036667,-94.224919440,0,1,0,0,1,1,4,0,1,1,0,1,0,0000000,8,58,9,5,10,7,0,0,0,1,0
48,482486,1,1,0,1,181,0,21,10,2010,5,7,10,0,4,8,FM901,,131,33.74382500,-96.850941670,0,35,0,0,1,1,4,1,4,1,0,1,0,0000000,88,88,88,88,88,88,0,0,0,1,0
48,482487,1,1,1,1,201,3280,21,10,2010,5,20,35,1,12,7,US-59,,51,29.72953611,-95.427997220,0,8,0,0,1,1,1,0,3,1,0,1,0,0000000,88,88,88,88,88,88,0,0,0,1,0
48,482488,2,1,1,7,375,150,21,10,2010,5,16,15,1,11,1,I-40,,178,35.19486667,-101.850661110,0,14,0,0,1,1,8,0,1,2,0,2,0,0000000,16,17,16,23,16,40,0,0,0,1,0
48,482489,1,1,0,1,85,5390,22,10,2010,6,6,15,0,16,5,DALLASNORTH,,0,33.03691111,-96.829586110,0,20,0,0,1,1,3,1,3,1,0,1,0,0000000,88,88,88,88,88,88,0,0,0,1,1
48,482490,2,2,0,2,37,0,22,10,2010,6,13,35,1,11,1,I-30,,338,33.46493056,-94.187888890,0,18,0,0,1,1,1,0,1,1,0,1,0,0000000,13,38,13,43,14,3,14,0,0,1,0
48,482491,2,2,0,3,441,0,24,10,2010,1,11,45,0,3,2,US-277,FM89,61,32.25262500,-99.985841670,0,12,6,0,2,2,1,0,1,10,0,10,0,0000000,99,99,99,99,99,99,0,0,0,1,0
48,482492,2,2,0,3,257,0,30,10,2010,7,15,55,0,14,8,FM987,,68,32.59863889,-96.317525000,0,12,6,0,1,1,1,0,1,1,0,1,0,0000000,99,99,99,99,99,99,0,0,0,1,0
48,482493,1,1,0,1,303,0,30,10,2010,7,2,15,0,6,4,6500,,0,33.60682778,-101.981233330,0,1,0,0,1,1,4,0,2,1,0,1,0,0000000,99,99,99,99,99,99,0,0,0,1,1
48,482494,2,2,0,2,343,0,30,10,2010,7,10,35,0,3,2,US-259,,242,32.97515278,-94.717855560,0,12,1,0,1,1,1,0,1,1,0,1,0,0000000,10,34,10,39,11,48,0,0,0,1,0
48,482495,1,1,0,1,201,0,4,11,2010,5,18,40,1,13,3,SR-6,,23,29.90266111,-95.633883330,0,1,0,0,1,1,1,0,5,1,0,1,0,0000000,18,51,18,55,19,24,0,0,0,1,0
48,482496,2,2,0,7,495,0,5,11,2010,6,22,12,0,3,3,SR-302,,195,31.87551667,-102.933183330,0,12,2,0,1,1,1,0,2,1,0,1,0,0000000,99,99,99,99,99,99,0,0,0,3,1
48,482497,1,1,1,6,29,6090,9,11,2010,3,22,51,1,13,8,SP421,WILLIAMS,21,29.44583056,-98.531408330,0,8,0,0,2,3,1,0,3,1,0,1,0,0000000,88,88,88,88,88,88,0,0,0,1,0
48,482498,1,1,0,1,139,0,10,11,2010,4,6,49,0,3,8,FM55,,79,32.24104444,-96.810022220,0,1,0,0,1,1,1,0,4,5,0,5,0,0000000,6,51,7,1,7,46,0,0,0,1,0
48,482499,1,1,1,2,439,2450,10,11,2010,4,19,40,1,13,8,SP580,,59,32.72264167,-97.447719440,0,8,0,0,1,1,1,0,2,1,0,1,0,0000000,19,44,19,49,20,11,0,0,0,1,0
48,482500,2,2,0,2,113,1190,13,11,2010,7,10,47,0,16,5,PRESIDENTGEORGEBUSH,,0,32.98308889,-96.918897220,0,12,6,0,1,1,1,1,1,1,0,1,0,0000000,10,48,10,55,11,15,0,0,0,1,0
48,482501,1,1,0,2,85,5390,14,11,2010,1,1,41,1,12,3,SR-190,,83,33.00412778,-96.724844440,0,24,0,0,1,1,4,0,3,1,0,1,0,0000000,88,88,88,88,88,88,0,0,0,2,1
48,482502,1,1,0,1,201,3280,14,11,2010,1,8,53,0,16,5,SOUTHMORE,,0,29.72314167,-95.378305560,0,30,0,0,1,1,4,0,1,10,0,10,0,0000000,8,54,9,0,9,21,0,0,0,1,0
48,482503,3,3,0,3,389,0,15,11,2010,2,21,15,1,1,1,I-10,,269,30.99379722,-103.663430560,0,12,1,0,1,1,1,0,2,1,0,1,0,0000000,99,99,99,99,99,99,0,0,0,2,0
48,482504,2,2,0,2,181,0,19,11,2010,6,21,57,1,2,2,US-69,,31,33.72362500,-96.510127780,0,12,2,0,1,1,1,0,2,1,0,1,0,0000000,88,88,88,88,88,88,0,0,0,2,1
48,482505,1,1,1,1,355,1550,19,11,2010,6,22,35,1,13,8,FM43,,99,27.71012500,-97.405847220,0,8,0,0,1,1,1,0,3,1,0,1,0,0000000,22,37,22,40,22,57,0,0,0,1,0
48,482506,1,1,0,3,277,5511,20,11,2010,7,16,1,1,2,2,US-271,,65,33.78095833,-95.534372220,0,1,0,0,1,1,3,0,1,1,0,1,0,0000000,99,99,16,5,16,40,0,0,0,1,0
48,482507,2,2,0,2,201,3320,22,11,2010,2,10,0,0,14,8,BF1960A,DENNIS,45,29.99919167,-95.252086110,0,12,6,0,2,3,1,0,1,1,0,1,0,0000000,88,88,88,88,88,88,0,0,0,1,0
48,482508,2,2,0,2,459,0,23,11,2010,3,17,49,0,3,3,SR-155,,48,32.83575000,-94.775533330,0,12,2,0,1,1,1,0,5,1,0,1,0,0000000,99,99,99,99,99,99,0,0,0,1,0
48,482509,1,1,0,1,257,0,24,11,2010,4,9,47,0,6,4,4031,,0,32.45755000,-96.240438890,0,1,0,0,1,1,4,0,1,1,0,1,0,0000000,88,88,88,88,88,88,0,0,0,1,1
48,482510,2,2,0,2,201,0,25,11,2010,5,10,46,0,6,4,ELDRIDGE,,0,29.97506667,-95.617102780,0,12,6,0,1,1,1,0,1,1,0,1,0,0000000,10,46,10,54,11,29,0,0,0,1,0
48,482511,2,2,0,6,397,6010,25,11,2010,5,11,2,1,1,7,I-30,,156,32.98048889,-96.304080560,0,12,2,0,5,1,1,0,1,10,0,10,0,0000000,11,4,11,7,11,53,0,0,0,1,0
48,482512,1,1,0,1,189,0,26,11,2010,6,15,35,0,6,4,20,,0,34.29211389,-101.722411110,0,10,0,0,6,1,1,0,1,1,0,1,0,017252C,99,99,99,99,99,99,0,0,0,1,0
48,482513,1,1,0,1,85,6072,28,11,2010,1,0,48,0,16,5,CR 727,,0,33.05087222,-96.540955560,0,1,0,0,1,1,1,0,2,1,0,1,0,0000000,88,88,88,88,88,88,0,0,0,1,0
48,482514,1,1,1,1,303,4140,26,11,2010,6,3,2,1,12,2,US-82,,168,33.59089444,-101.834316670,0,8,0,0,1,1,1,1,2,1,0,1,0,0000000,88,88,88,88,88,88,0,0,0,1,0
48,482515,1,1,0,2,215,0,28,11,2010,1,3,51,1,13,3,SR-107,,154,26.29456389,-97.910522220,0,34,0,0,1,1,4,0,2,1,0,1,0,0000000,99,99,99,99,99,99,0,0,0,1,1
48,482516,3,3,0,6,349,0,28,11,2010,1,17,57,0,3,3,SR-22,,118,32.10029722,-96.698047220,0,12,1,0,8,1,1,0,2,1,0,1,0,0000000,18,28,18,45,19,20,0,0,0,1,0
48,482517,1,1,0,1,339,0,29,11,2010,2,9,40,0,6,4,COUNTY LINE,,0,30.43800278,-95.406630560,1,52,0,0,1,1,4,0,1,2,0,2,0,0000000,88,88,88,88,88,88,0,0,0,1,0
48,482518,2,2,0,2,423,0,29,11,2010,2,8,35,0,5,8,FM 757,,10,32.43129444,-95.120358330,0,12,2,0,1,1,1,0,1,2,0,2,0,0000000,8,36,8,51,9,27,0,0,0,1,0
48,482519,2,2,0,3,291,0,30,11,2010,3,16,50,0,3,8,FM 1960,,25,30.04658889,-95.017780560,0,12,2,0,1,1,4,0,1,2,0,2,0,0000000,17,3,17,20,17,55,0,0,0,1,0
48,482520,1,1,0,2,395,0,2,12,2010,5,1,50,0,3,3,SR-14,,2,31.18213333,-96.669011110,0,1,0,0,1,1,4,0,2,1,0,1,0,0000000,2,28,3,3,3,32,0,0,0,1,1
48,482521,2,2,0,3,201,3280,4,12,2010,7,18,50,0,16,5,GREENS,,0,29.94903889,-95.425291670,0,1,0,0,8,1,1,0,3,10,0,10,0,0000000,18,50,18,57,19,31,0,0,0,1,0
48,482522,1,1,0,2,379,0,4,12,2010,7,1,14,0,4,3,SR-276,,296,32.90832500,-95.959202780,0,59,0,0,1,1,4,0,3,1,0,1,0,0000000,1,17,1,33,2,48,0,0,0,1,1
48,482523,1,1,0,4,423,0,4,12,2010,7,15,40,1,1,1,I-20,,187,32.45290556,-95.281683330,0,1,0,0,1,1,4,0,1,1,0,1,0,0000000,15,46,15,55,16,48,0,0,0,1,0
48,482524,1,1,0,2,201,3280,5,12,2010,1,2,1,0,16,5,TALINAWAY,,0,29.83828889,-95.543597220,0,1,0,0,1,1,4,0,3,1,0,1,0,0000000,2,4,2,9,3,14,0,0,0,1,1
48,482525,1,1,0,1,63,0,6,12,2010,2,0,30,0,4,8,FM557,,137,32.91474722,-94.801986110,0,1,0,0,1,1,4,0,2,10,0,10,0,0000000,88,88,88,88,88,88,0,0,0,1,0
48,482526,2,2,0,2,201,0,6,12,2010,2,16,55,0,6,4,TELGE,WHITHORN,0,29.92763611,-95.645950000,0,12,6,1,2,2,1,0,1,1,0,1,0,0000000,17,6,17,16,17,49,0,0,0,1,0
48,482527,3,3,0,4,401,0,6,12,2010,2,14,0,0,3,3,SR-149,2187,0,32.32971667,-94.542883330,0,12,1,0,2,3,1,0,1,1,0,1,0,0000000,14,6,14,14,14,56,0,0,0,1,0
48,482528,2,2,0,3,63,0,7,12,2010,3,17,58,1,2,2,US-271,1110,28,32.95466111,-94.953911110,0,12,1,0,2,2,1,0,2,10,0,10,0,0000000,18,8,18,13,19,7,0,0,0,2,0
48,482529,1,1,0,1,313,0,9,12,2010,5,0,0,1,1,1,I-45,,99,30.97738056,-95.894211110,0,57,0,0,1,1,3,0,2,1,0,1,0,0000000,88,88,88,88,88,88,0,0,0,1,0
48,482530,1,1,0,1,73,0,10,12,2010,6,1,25,0,4,3,SR-110,,140,31.93690000,-95.083516670,0,42,0,0,1,1,4,0,2,10,0,10,0,0000000,88,88,88,88,88,88,0,0,0,1,0
48,482531,1,1,0,1,291,0,11,12,2010,7,17,26,0,3,8,FM563,,92,29.95452500,-94.710644440,0,34,0,0,1,1,4,0,1,1,0,1,0,0000000,88,88,88,88,88,88,0,0,0,1,0
48,482532,1,1,0,2,73,0,12,12,2010,1,11,16,0,3,3,SR-204,,28,31.82473611,-94.950369440,0,42,0,0,1,1,4,0,1,1,0,1,0,0000000,99,99,99,99,99,99,0,0,0,1,0
48,482533,1,1,0,1,203,0,12,12,2010,1,14,23,0,4,8,FM2625,,19,32.45299722,-94.223641670,0,42,0,0,1,1,4,1,1,1,0,1,0,0000000,88,88,88,88,88,88,0,0,0,1,1
48,482534,1,1,1,2,113,2590,13,12,2010,2,19,34,1,11,1,I-635,,115,32.85556389,-96.648058330,0,8,0,0,1,1,1,0,3,1,0,1,0,0000000,88,88,88,88,88,88,0,0,0,1,0
48,482536,2,2,0,2,223,0,14,12,2010,3,7,45,0,3,3,SR-11,,39,33.09017500,-95.570197220,0,12,6,0,8,1,1,0,1,1,0,1,0,0000000,88,88,88,88,88,88,0,0,0,1,0
48,482537,1,1,0,1,467,0,14,12,2010,3,3,39,0,6,4,3804,,0,32.73787500,-96.035897220,0,1,0,0,1,1,4,0,2,1,0,1,0,0000000,88,88,88,88,88,88,20,0,0,1,0
48,482538,2,2,0,4,303,4140,15,12,2010,4,0,31,1,13,3,SR-114,MILWAUKEE,122,33.57788889,-101.957202780,0,12,6,0,2,2,1,0,3,1,0,1,0,0000000,0,33,0,38,0,50,0,0,0,1,0
48,482539,1,1,1,2,339,0,15,12,2010,4,17,58,1,2,3,SR-105,,133,30.36128611,-95.603713890,0,8,0,0,1,1,1,0,2,1,0,1,0,0000000,88,88,88,88,88,88,0,0,0,1,0
48,482540,2,2,0,2,355,0,16,12,2010,5,16,30,0,3,8,FM70,FM665,44,27.71745833,-97.908225000,0,12,6,0,2,2,1,0,1,1,0,1,0,0000000,16,50,17,7,17,42,0,0,0,1,0
48,482541,2,2,0,2,467,0,16,12,2010,5,14,55,0,4,8,FM773,,138,32.41100833,-95.720313890,0,12,2,0,1,1,1,0,1,1,0,1,0,0000000,14,55,15,11,15,49,0,0,0,1,1
48,482542,1,1,1,1,141,0,17,12,2010,6,22,46,1,13,2,US-62,,254,31.81502778,-106.204555560,0,8,0,0,1,1,1,0,3,1,0,1,0,0000000,22,45,22,51,23,18,19,0,0,1,1
48,482543,1,1,0,2,257,0,17,12,2010,6,23,6,0,6,4,4011,,0,32.43310556,-96.103625000,0,1,0,0,1,1,5,0,3,1,0,1,0,0000000,99,99,99,99,99,99,0,0,0,1,1
48,482544,4,4,0,9,381,150,17,12,2010,6,14,42,0,16,5,COULTER,MCDONALD,0,35.15791667,-101.920252780,0,12,1,0,3,2,1,0,1,10,0,10,0,0000000,14,44,14,47,14,58,0,0,0,1,0
48,482545,2,2,0,3,459,0,17,12,2010,6,18,45,0,3,3,SR-155,,16,32.69635556,-94.964705560,0,12,6,0,1,1,1,0,2,1,0,1,0,0000000,18,57,19,20,19,56,0,0,0,1,0
48,482546,5,5,0,5,201,3280,18,12,2010,7,10,47,0,16,5,GESSNER,RICHMOND,0,29.72763056,-95.539061110,0,12,6,0,2,2,1,0,1,1,0,1,0,0000000,99,99,99,99,99,99,0,0,0,1,0
48,482547,1,1,0,1,201,5230,18,12,2010,7,16,50,0,16,5,REDBLUFF,,0,29.71666667,-95.202927780,0,21,0,0,1,1,4,0,1,1,0,1,0,0000000,99,99,99,99,99,99,0,0,0,1,0
48,482548,1,1,0,1,339,0,18,12,2010,7,19,10,0,6,4,OLDHWY105,,0,30.31120278,-95.254972220,0,31,0,0,1,1,4,0,2,1,0,1,0,0000000,19,10,19,23,20,11,0,0,0,1,0
48,482549,1,1,0,1,401,0,18,12,2010,7,2,55,0,3,3,SR-42,,29,32.34175278,-94.920930560,0,42,0,0,1,1,4,0,2,1,0,1,0,0000000,88,88,88,88,88,88,0,0,0,1,1
48,482550,1,1,0,1,423,0,18,12,2010,7,3,35,0,3,8,FM14,,128,32.42482778,-95.280486110,0,1,0,0,1,1,4,1,2,1,0,1,0,0000000,88,88,88,88,88,88,0,0,0,1,1
48,482551,2,2,0,3,135,0,19,12,2010,1,19,10,0,6,4,GOLDER,,0,31.89510833,-102.397738890,0,12,6,0,8,1,1,0,2,1,0,1,0,0000000,99,99,19,12,19,29,0,0,0,1,1
48,482552,1,1,0,1,213,6983,19,12,2010,1,1,40,0,4,3,SR-274,,99999,99.99990000,999.999900000,0,1,0,0,1,1,1,0,2,1,0,1,0,0000000,1,47,2,19,3,10,0,0,0,1,1
48,482553,1,1,1,1,201,5230,20,12,2010,2,18,22,0,16,5,PASADENA,,0,29.68210556,-95.182758330,0,8,0,0,1,1,1,0,2,1,0,1,0,0000000,88,88,88,88,88,88,0,0,0,1,0
48,482554,3,3,0,8,215,3762,20,12,2010,2,19,55,1,13,3,SR-107,FM493,277,26.29282778,-98.037758330,0,12,6,0,2,2,1,0,2,1,0,1,0,0000000,20,2,20,14,21,15,0,0,0,1,1
48,482555,1,1,0,1,157,0,27,12,2010,2,18,43,0,15,8,FM762,,53,29.53997222,-95.721655560,0,42,0,0,1,1,4,0,2,1,0,1,0,0000000,99,99,99,99,99,99,0,0,0,1,0
48,482556,1,1,0,1,359,0,20,12,2010,2,10,45,1,1,1,I-40,,76,35.27223056,-102.633402780,0,1,0,0,1,1,3,0,1,6,0,6,0,0000000,10,48,11,26,12,5,0,0,0,1,0
48,482557,1,1,0,1,189,0,21,12,2010,3,16,55,0,6,4,V,,0,34.24743611,-101.725888890,0,1,0,0,1,1,4,0,1,1,0,1,0,0000000,88,88,88,88,88,88,0,0,0,1,0
48,482558,1,1,1,1,453,330,21,12,2010,3,3,28,1,11,1,I-35,,119,30.19133056,-97.769886110,0,8,0,0,1,1,1,0,2,1,0,1,0,0000000,88,88,88,88,88,88,0,0,0,1,0
48,482559,2,2,0,3,215,0,22,12,2010,4,10,9,0,6,4,MILE6WEST,,0,26.24069167,-98.008302780,0,12,6,0,8,1,1,0,1,1,0,1,0,0000000,88,88,88,88,88,88,0,0,0,1,0
48,482560,3,3,0,7,257,0,22,12,2010,4,10,12,0,3,3,SR-34,,13,32.55017778,-96.349583330,0,12,7,0,1,1,1,0,1,10,0,10,0,0000000,10,14,10,17,11,0,0,0,0,1,0
48,482561,1,1,0,1,367,0,22,12,2010,4,20,37,0,4,8,FM1886,,6,32.83033611,-97.633100000,0,42,0,0,1,1,4,0,2,1,0,1,0,0000000,88,88,88,88,88,88,0,0,0,1,0
48,482562,1,1,0,1,471,3340,22,12,2010,4,1,18,1,13,2,US-190,AVENUEN,186,30.72379444,-95.554283330,0,33,0,0,3,2,5,0,3,1,0,1,0,0000000,88,88,88,88,88,88,0,0,0,1,1
48,482563,1,1,0,5,13,0,23,12,2010,5,16,24,1,1,1,I-37,,217,28.87457778,-98.397202780,0,1,0,0,1,1,10,0,1,1,0,1,0,0000000,16,52,17,7,17,47,0,0,0,1,0
48,482564,1,1,0,3,63,0,24,12,2010,6,2,5,0,5,8,FM557,,62,32.97149722,-94.880783330,0,34,0,0,1,1,4,0,2,1,0,1,0,0000000,3,1,3,21,4,4,0,0,0,1,1
48,482565,1,1,0,2,423,7070,24,12,2010,6,16,22,1,13,3,SR-31,,74,32.34398889,-95.350452780,0,33,0,0,1,1,4,0,1,10,0,10,0,0000000,16,27,16,39,88,88,0,0,0,1,0
48,482566,2,2,0,4,441,30,24,12,2010,6,13,20,1,13,8,BU83D,LOWDEN,34,32.48191389,-99.731172220,0,12,6,0,2,2,1,0,1,2,0,2,0,0000000,13,22,13,32,13,58,0,0,0,1,0
48,482567,1,1,1,2,29,6090,25,12,2010,7,2,58,1,12,2,US-281,,220,29.48893889,-98.482988890,0,8,0,0,1,1,1,0,3,1,0,1,0,0000000,88,88,88,88,88,88,0,0,0,1,0
48,482568,1,1,0,1,201,3280,26,12,2010,1,15,22,0,16,5,CROSSTIMBERS,POINTER,0,29.83081944,-95.324297220,0,42,0,0,3,2,4,0,1,1,0,1,0,0000000,15,23,15,27,16,10,0,0,0,1,0
48,482569,1,1,0,2,329,4560,26,12,2010,1,22,18,1,12,8,SL250,,147,32.01398611,-102.158672220,0,1,0,0,1,1,3,0,3,1,0,1,0,0000000,22,18,22,23,22,39,0,0,0,1,1
48,482570,2,2,0,4,21,0,27,12,2010,2,16,35,1,2,2,US-290,ROYDAVIS,41,30.33137500,-97.348555560,0,12,6,0,2,3,1,0,1,10,0,10,0,0000000,16,47,16,59,17,37,0,0,0,1,1
48,482571,1,1,0,1,213,0,27,12,2010,2,5,55,0,3,3,SR-19,,74,32.10814167,-95.810244440,0,42,0,0,1,1,4,0,2,1,0,1,0,0000000,88,88,88,88,88,88,0,0,0,1,0
48,482572,1,1,0,5,245,5430,27,12,2010,2,4,41,0,16,5,LAKEARTHUR,,0,29.94593611,-93.963155560,0,1,0,0,1,1,1,0,2,1,0,1,0,0000000,4,45,4,51,5,21,0,0,0,1,1
48,482573,2,2,0,3,85,1730,28,12,2010,3,18,55,0,16,5,FRANKFORD,CAMPBELL,0,32.99808611,-96.805541670,0,12,6,0,2,2,1,0,3,2,0,2,0,0000000,99,99,99,99,99,99,0,0,0,1,0
48,482574,2,2,0,4,121,6881,28,12,2010,3,14,8,1,13,8,FM423,,33,33.10515000,-96.891658330,0,12,6,0,1,1,1,0,1,2,10,2,0,0000000,14,10,14,14,14,56,0,0,0,1,0
48,482575,2,2,1,3,439,2450,28,12,2010,3,13,18,1,11,1,I-820RAMP,,28,32.69182222,-97.241052780,0,12,1,1,5,1,1,0,1,2,0,2,0,0000000,88,88,88,88,88,88,19,0,0,1,0
48,482576,1,1,1,2,113,1730,29,12,2010,4,12,16,0,16,5,CAMPWISDOM,,0,32.66242778,-96.812038890,0,8,0,0,1,1,1,0,1,10,0,10,0,0000000,99,99,99,99,99,99,0,0,0,1,0
48,482578,1,1,0,2,439,2450,30,12,2010,5,23,18,1,11,7,I-30RAMP,,170,32.73564167,-97.437475000,0,33,0,0,5,1,4,0,3,1,0,1,0,0000000,99,99,99,99,99,99,0,0,0,1,1
48,482579,2,2,0,2,467,0,30,12,2010,5,18,0,0,3,3,SR-64,FM314,318,32.40605278,-95.594872220,0,12,6,0,2,2,1,0,3,1,0,1,0,0000000,18,4,18,10,19,4,0,0,0,1,0
48,482580,1,1,0,2,487,0,30,12,2010,5,20,45,1,2,2,US-70,,235,34.13356389,-99.138983330,0,1,0,0,1,1,3,0,3,1,0,1,0,0000000,20,51,21,1,21,21,0,0,0,1,0
48,482581,1,1,0,1,1,0,31,12,2010,6,22,43,0,4,8,FM2054,,16,31.80931111,-95.879980560,0,31,0,0,1,1,4,0,2,1,0,1,0,0000000,88,88,88,88,88,88,0,0,0,1,1
48,482582,1,1,0,1,37,6850,31,12,2010,6,3,25,1,11,7,I-30,,404,33.46076389,-94.075036110,0,52,0,0,1,1,10,1,2,10,0,10,0,0000000,88,88,88,88,88,88,0,0,0,1,1
48,482583,1,1,0,1,53,0,31,12,2010,6,17,35,0,6,4,336,,0,30.69424167,-98.150697220,0,39,0,0,1,1,4,0,1,1,0,1,0,0000000,88,88,88,88,88,88,0,0,0,1,1
48,482584,2,2,0,4,113,1730,31,12,2010,6,23,24,1,12,2,US-75,,104,32.85713611,-96.770211110,0,12,1,1,18,1,1,0,3,1,0,1,0,0000000,23,28,23,32,23,55,0,0,0,1,1
48,482585,1,1,0,2,113,1730,31,12,2010,6,23,25,0,16,5,WHEATLAND,,0,32.64726944,-96.943500000,0,1,0,0,1,1,4,0,3,1,0,1,0,0000000,99,99,99,99,99,99,0,0,0,1,1
48,482586,2,2,1,3,201,3280,31,12,2010,6,20,0,1,11,1,I-45,,292,29.83991389,-95.388961110,0,8,0,0,1,1,1,0,3,1,0,1,0,0000000,88,88,88,88,88,88,0,0,0,1,0
48,482587,1,1,0,1,367,7280,31,12,2010,6,1,37,0,16,5,BANKHEAD,,0,32.74541389,-97.751702780,0,1,0,0,1,1,4,0,2,1,0,1,0,0000000,88,88,88,88,88,88,0,0,0,1,0
48,482588,2,2,1,2,167,3920,12,1,2010,3,21,54,1,11,1,I-45,,138,29.46355278,-95.088569440,0,8,0,0,1,1,1,0,3,1,0,1,0,0000000,88,88,88,88,88,88,0,0,0,1,0
48,482589,1,1,1,1,215,4197,15,1,2010,6,12,56,1,13,8,BU83,MAIN,74,26.20422500,-98.234366670,0,8,0,0,3,2,1,0,1,10,0,10,0,0000000,12,59,13,2,13,16,0,0,0,1,0
48,482590,1,1,0,1,309,545,17,1,2010,1,2,42,0,16,5,CONCORD,,0,31.61739167,-97.081911110,0,32,0,0,1,1,4,0,2,1,0,1,0,0000000,88,88,88,88,88,88,0,0,0,1,1
48,482591,1,1,1,2,39,3800,25,1,2010,2,19,32,1,12,3,SR-288/332,BASSWOOD,97,29.02526389,-95.437441670,0,8,0,0,3,3,1,0,2,1,0,1,0,0000000,88,88,88,88,88,88,0,0,0,1,0
48,482592,4,4,0,8,121,3960,2,2,2010,3,23,25,1,11,1,I-35E,,71,33.04936944,-97.009363890,0,12,6,0,1,1,1,0,3,1,0,1,0,0000000,99,99,99,99,99,99,0,0,0,1,0
48,482593,2,2,0,2,375,150,5,3,2010,6,2,18,1,13,8,SL 335,,226,35.19418333,-101.742327780,0,12,6,0,8,1,1,0,3,1,0,1,0,0000000,99,99,99,99,99,99,0,0,0,1,0