STATE,ST_CASE,VE_TOTAL,VE_FORMS,PEDS,PERSONS,COUNTY,CITY,DAY,MONTH,YEAR,DAY_WEEK,HOUR,MINUTE,NHS,ROAD_FNC,ROUTE,TWAY_ID,TWAY_ID2,MILEPT,LATITUDE,LONGITUD,SP_JUR,HARM_EV,MAN_COLL,RELJCT1,RELJCT2,TYP_INT,REL_ROAD,WRK_ZONE,LGT_COND,WEATHER1,WEATHER2,WEATHER,SCH_BUS,RAIL,NOT_HOUR,NOT_MIN,ARR_HOUR,ARR_MIN,HOSP_HR,HOSP_MN,CF1,CF2,CF3,FATALS,DRUNK_DR
48,482594,1,1,0,1,375,150,7,3,2010,1,4,30,1,11,7,I-40,,226,35.19307222,-101.760730560,0,1,0,0,1,1,4,0,2,2,0,2,0,0000000,4,30,4,40,5,5,0,0,0,1,0
48,482595,2,2,0,2,439,2450,14,3,2010,1,22,5,1,11,1,I-35 W RAMP,,142,32.85880000,-97.314597220,0,12,99,1,5,1,1,0,2,1,0,1,0,0000000,88,88,88,88,88,88,0,0,0,1,0
48,482596,1,1,1,1,381,150,4,5,2010,3,6,35,0,16,5,46TH AVE,HUGHES,0,35.16323611,-101.849413890,0,9,0,0,3,2,1,0,1,1,0,1,0,0000000,6,40,6,47,7,16,0,0,0,1,0
48,482597,1,1,0,1,375,150,5,5,2010,4,6,16,0,16,5,9TH BLVD,,0,35.20603889,-101.930891670,0,1,0,0,1,1,4,0,2,1,0,1,0,0000000,88,88,88,88,88,88,0,0,0,1,1
48,482598,2,2,0,3,441,4500,7,5,2010,6,18,26,0,4,8,FM1235,2ND,11,32.46880556,-100.012402780,0,12,6,0,2,2,1,0,1,1,0,1,0,0000000,18,27,18,47,19,41,0,0,0,1,1
48,482599,1,1,1,1,29,6090,9,5,2010,1,4,29,1,11,1,I-35,,117,29.31107778,-98.615272220,0,8,0,1,18,1,10,0,3,1,0,1,0,0000000,88,88,88,88,88,88,0,0,0,1,1
48,482600,4,4,0,11,375,150,15,5,2010,7,20,17,0,16,5,GRAND ST,,0,35.20315556,-101.795430560,0,12,6,0,8,1,1,0,1,1,0,1,0,0000000,88,88,88,88,88,88,14,0,0,2,0
48,482601,1,1,1,1,381,150,15,5,2010,7,1,35,0,16,5,51,,0,35.15400000,-101.881188890,0,8,0,0,1,1,1,0,3,1,0,1,0,0000000,99,99,99,99,99,99,0,0,0,1,1
48,482602,1,1,0,1,401,3120,15,5,2010,7,1,59,0,16,5,WEBSTER DR,,0,32.15993333,-94.779588890,0,42,0,0,1,1,4,0,2,10,0,10,0,0000000,2,1,2,10,2,27,0,0,0,1,1
48,482603,2,2,0,2,29,6090,21,5,2010,6,7,39,0,16,5,SCHLEY,WALTERS,0,29.39326111,-98.452369440,0,12,6,0,2,7,1,0,1,1,0,1,0,0000000,88,88,88,88,88,88,0,0,0,1,0
48,482604,2,2,0,3,375,150,30,5,2010,1,18,26,1,13,2,US-60,BETH,159,35.22686944,-101.729111110,0,12,6,0,2,3,1,0,1,1,0,1,0,0000000,18,30,18,37,19,2,0,0,0,1,1
48,482605,2,1,0,2,479,3899,15,6,2010,3,12,45,0,16,5,KILLAM INDUSTRIAL,,0,27.62591944,-99.500911110,0,14,0,0,1,1,2,0,1,1,0,1,0,0000000,12,45,12,48,13,20,0,0,0,1,0
48,482606,1,1,0,1,439,2450,27,6,2010,1,23,12,1,11,1,I-35WRAMP,,127,32.83858056,-97.315350000,0,57,0,1,5,1,4,0,2,1,0,1,0,0000000,23,16,23,20,23,45,0,0,0,1,1
48,482607,2,2,0,3,409,3380,10,7,2010,7,15,23,0,14,3,SR-361,,69,27.87309167,-97.182666670,0,12,6,0,8,1,1,0,1,1,0,1,0,0000000,99,99,15,24,15,40,0,0,0,1,0
48,482608,1,1,1,2,291,1380,24,7,2010,7,1,31,0,13,3,SR-105,,35,30.33623056,-95.102002780,0,8,0,0,1,1,2,0,6,1,0,1,0,0000000,88,88,88,88,88,88,0,0,0,1,1
48,482609,1,1,0,1,403,0,31,7,2010,7,16,7,0,4,8,FM83,,6,31.25133333,-94.017133330,0,1,0,0,1,1,4,0,1,1,0,1,0,0000000,99,99,99,99,99,99,0,0,0,1,0
48,482610,1,1,1,1,157,3580,6,8,2010,6,10,25,1,11,7,I-10,PINOAK,22,29.77534444,-95.819133330,0,9,0,1,2,2,1,0,1,1,0,1,0,0000000,99,99,99,99,99,99,0,0,0,1,0
48,482611,1,1,0,1,167,3920,12,8,2010,5,23,58,1,11,7,I-45,,140,29.46616667,-95.090436110,0,24,0,1,18,1,4,0,2,1,0,1,0,0000000,88,88,88,88,88,88,0,0,0,1,1
48,482614,1,1,1,1,61,6110,10,10,2010,1,3,19,0,15,8,FM2520,,23,26.10084167,-97.659755560,0,8,0,0,1,1,1,0,2,1,0,1,0,0000000,3,26,3,37,3,59,0,0,0,1,0
48,482615,2,2,0,2,339,4667,21,10,2010,5,14,5,1,2,3,SR-105,FM2854,85,30.38723889,-95.676327780,0,12,6,0,2,2,1,0,1,1,0,1,0,0000000,88,88,88,88,88,88,0,0,0,1,0
48,482616,1,1,1,3,439,2450,31,10,2010,1,20,41,0,16,5,BERRY,,0,32.70669444,-97.297486110,0,8,0,0,1,1,1,0,3,1,0,1,0,0000000,20,45,20,49,21,0,0,0,0,1,0
48,482617,1,1,0,1,201,3280,30,11,2010,3,2,5,0,16,5,KEMPWOOD,,0,29.82114444,-95.508019440,0,33,0,0,1,1,3,0,2,1,0,1,0,0000000,2,7,2,12,2,27,0,0,0,1,1
48,482618,3,3,0,5,439,2450,3,12,2010,6,11,37,0,16,5,8TH,,0,32.72537778,-97.343888890,0,12,6,0,1,1,1,0,1,1,0,1,0,0000000,11,41,11,45,11,57,0,0,0,1,0
48,482619,2,2,0,2,453,0,8,12,2010,4,21,40,0,4,8,FM969,,205,30.24903889,-97.570963890,0,12,2,0,1,1,1,0,2,1,0,1,0,0000000,99,99,22,5,22,20,0,0,0,1,1
48,482620,1,1,0,1,113,1730,11,12,2010,7,15,25,0,16,5,EASTON,VINEMONT,0,32.84904722,-96.697425000,0,33,0,0,3,2,3,0,1,1,0,1,0,0000000,15,29,16,5,16,27,0,0,0,1,0
48,482621,1,1,0,3,181,6350,3,1,2010,1,0,11,1,2,2,US-82,,148,33.67121944,-96.691608330,0,1,0,0,1,1,3,1,2,10,0,10,0,0000000,0,11,0,17,0,41,0,0,0,2,1
48,482622,1,1,1,2,355,1550,15,1,2010,6,18,33,1,13,3,SR-357,,121,27.68758611,-97.388225000,0,8,0,0,1,1,1,0,3,10,0,10,0,0000000,18,34,18,37,18,57,0,0,0,1,0
48,482623,1,1,0,4,439,4965,21,1,2010,5,19,39,9,19,8,LP820,,99999,32.83716944,-97.214127780,0,5,0,1,5,1,1,0,3,10,0,10,0,0000000,88,88,88,88,88,88,0,0,0,1,0
48,482624,3,3,0,6,113,2800,23,1,2010,7,0,34,1,11,1,I-30,,36,32.75981944,-96.973533330,0,1,0,0,1,1,1,0,2,1,0,1,0,0000000,99,99,99,99,99,99,14,0,0,1,1
48,482625,3,3,0,5,361,7200,29,1,2010,6,20,21,1,13,8,FM105,,9,30.11123889,-94.006963890,0,12,6,0,8,1,1,0,2,1,0,1,0,0000000,88,88,88,88,88,88,14,0,0,1,1
48,482626,2,2,2,2,29,6090,7,2,2010,1,3,30,1,11,1,I-410,,268,29.52103889,-98.395861110,0,12,1,0,1,1,1,0,2,1,0,1,0,0000000,88,88,88,88,88,88,19,0,0,2,0
48,482627,2,1,0,2,485,7490,10,2,2010,4,2,11,0,16,5,FAIRWAY,,0,33.86384444,-98.561058330,0,45,0,0,1,1,1,3,3,1,0,1,0,0000000,2,12,2,18,2,40,0,0,0,1,1
48,482628,1,1,1,2,451,6080,16,2,2010,3,20,9,1,12,8,RM584,,30,31.42283611,-100.466511110,0,9,0,0,1,1,1,0,3,1,0,1,0,0000000,20,11,20,12,20,19,0,0,0,1,1
48,482629,1,1,0,1,451,6080,20,2,2010,7,16,56,1,12,2,US-87RAMP,,301,31.40393333,-100.437408330,0,24,0,1,5,1,4,0,1,1,0,1,0,0000000,88,88,88,88,88,88,0,0,0,1,0
48,482630,2,2,0,2,451,6080,21,2,2010,1,6,50,1,12,2,US-67,,45,31.44786111,-100.492650000,0,12,2,0,1,1,1,0,4,1,0,1,0,0000000,88,88,88,88,88,88,0,0,0,2,1
48,482631,1,1,0,1,245,5430,7,3,2010,1,16,4,0,13,2,US-69RAMP,SR-73,172,29.91910278,-93.954494440,0,1,0,1,3,6,1,0,1,1,0,1,0,0000000,88,88,88,88,88,88,0,0,0,1,0
48,482632,1,1,0,1,141,2190,11,3,2010,5,3,5,0,16,5,EDGEMERE,,0,31.79804167,-106.240422220,0,30,0,0,1,1,4,0,3,1,0,1,0,0000000,88,88,88,88,88,88,0,0,0,1,1
48,482633,1,1,0,1,141,2190,13,3,2010,7,3,36,1,13,8,SL-478,,91,31.84435278,-106.445244440,0,33,0,0,1,1,4,0,2,1,0,1,0,0000000,88,88,88,88,88,88,0,0,0,1,0
48,482634,2,2,0,2,245,490,15,3,2010,2,21,46,0,16,5,DOWLEN RD,GLADYS AVE,0,30.09138333,-94.171413890,0,12,6,0,2,2,1,0,3,1,0,1,0,0000000,21,49,21,51,22,22,0,0,0,1,1
48,482635,2,2,0,2,41,970,24,3,2010,4,15,1,1,13,8,FM2818,,74,30.64710556,-96.392455560,0,12,6,0,1,1,1,0,1,2,0,2,0,0000000,88,88,88,88,88,88,0,0,0,1,0
48,482637,1,1,0,2,141,2190,6,4,2010,3,3,33,0,16,5,RAILROAD,,0,31.92744444,-106.372225000,0,38,0,0,1,1,4,0,2,1,0,1,0,0000000,3,35,3,45,4,15,0,0,0,1,1
48,482638,2,2,0,2,309,7210,17,4,2010,7,2,13,0,16,5,FRANKLIN AVE,S 27TH ST,0,31.53811389,-97.151150000,0,12,6,0,2,2,1,0,3,10,0,10,0,0000000,99,99,99,99,99,99,0,0,0,1,2
48,482639,1,1,1,1,141,2190,24,4,2010,7,2,42,1,13,8,BU54A,,181,31.95290833,-106.362569440,0,8,0,0,1,1,1,0,2,1,0,1,0,0000000,88,88,88,88,88,88,0,0,0,1,0
48,482640,1,1,0,1,485,7490,2,5,2010,1,14,18,0,16,5,BRIDWELL ST,BLONDE ST,0,33.89164444,-98.498786110,0,33,0,0,3,3,4,0,1,1,0,1,0,0000000,14,20,14,27,14,51,0,0,0,1,0
48,482641,6,6,0,10,37,6850,7,5,2010,6,13,0,1,11,1,I-30,,367,33.45485278,-94.138058330,0,12,1,1,18,1,1,1,1,1,0,1,0,0000000,12,58,13,5,13,29,0,0,0,1,0
48,482642,1,1,1,1,355,1550,7,5,2010,6,20,38,0,16,5,LEOPARD,,0,27.85860833,-97.608233330,0,8,0,0,1,1,1,0,2,1,0,1,0,0000000,88,88,88,88,88,88,0,0,0,1,0
48,482643,2,2,0,2,141,2190,8,5,2010,7,0,18,1,11,1,I-10,,179,31.76712500,-106.508272220,0,24,0,0,1,1,3,0,3,1,0,1,0,0000000,88,88,88,88,88,88,0,0,0,1,0
48,482644,1,1,0,1,355,1550,9,5,2010,1,0,50,1,12,3,SR-286,,24,27.76511667,-97.419205560,0,52,0,0,1,1,3,0,3,1,0,1,0,0000000,99,99,99,99,99,99,0,0,0,1,1
48,482645,1,1,1,1,167,3850,11,5,2010,3,15,13,0,14,8,FM519,,53,29.35784167,-94.998916670,0,9,0,0,1,1,2,0,1,1,0,1,0,0000000,88,88,88,88,88,88,0,0,0,1,0
48,482646,5,5,0,10,135,5030,16,5,2010,1,2,7,0,16,5,JOHNBENSHEPPARD,,0,31.89219167,-102.333608330,0,12,2,0,1,1,1,0,3,10,0,10,0,0000000,2,15,2,16,2,31,0,0,0,1,3
48,482647,3,3,0,6,453,330,22,5,2010,7,17,4,1,12,2,US-290,,53,30.22931667,-97.889241670,0,12,7,0,1,1,1,0,1,10,0,10,0,0000000,88,88,88,88,88,88,0,0,0,1,0
48,482648,1,1,0,2,453,330,24,5,2010,2,2,17,1,11,7,I-35,RIVERSIDE,165,30.24783056,-97.734808330,0,33,0,1,3,2,8,0,3,1,0,1,0,0000000,2,17,2,23,2,50,0,0,0,1,1
48,482649,2,2,0,6,485,7490,28,5,2010,6,17,44,0,16,5,FAIRWAY,,0,33.84881667,-98.561180560,0,12,6,0,8,1,1,0,1,1,0,1,0,0000000,17,45,17,51,18,10,0,0,0,1,0
48,482650,2,2,0,2,29,6090,29,5,2010,7,18,40,1,13,8,FM1517,WOODCHASE,103,29.51053611,-98.624744440,0,12,6,0,2,3,1,0,1,1,0,1,0,0000000,19,8,19,8,19,25,0,0,0,1,0
48,482651,1,1,0,5,251,1370,30,5,2010,1,0,34,1,13,3,SR-174,,215,32.40404722,-97.383350000,0,1,0,0,1,1,1,0,3,1,0,1,0,0000000,0,36,0,38,1,34,0,0,0,1,1
48,482652,1,1,0,1,139,4570,2,6,2010,4,11,34,1,13,2,US-287,,355,32.45040000,-96.930055560,0,21,0,0,1,1,4,0,1,1,0,1,0,0000000,11,45,12,2,12,26,0,0,0,1,0
48,482653,1,1,0,2,201,3280,5,6,2010,7,0,43,1,11,7,I-610,,7,29.79639722,-95.450683330,0,33,0,0,1,1,4,0,3,10,0,10,0,0000000,99,99,99,99,99,99,0,0,0,1,1
48,482654,2,2,0,4,361,885,6,6,2010,1,13,19,1,13,3,SR-73,,80,30.02339167,-93.843691670,0,12,99,0,8,1,1,0,1,1,0,1,0,0000000,13,22,13,27,14,2,0,0,0,1,0
48,482655,2,2,0,2,453,330,15,6,2010,3,16,43,0,16,5,EMERALD FOREST DR,PINE MEADOW DR,0,30.21222500,-97.787144440,0,12,6,0,2,3,1,0,1,1,0,1,0,0000000,16,44,16,48,17,10,0,0,0,1,1
48,482656,1,1,1,2,39,7350,2,7,2010,6,13,55,0,16,5,TEXACO AVE,OAK ST,0,29.13542500,-95.649736110,0,8,0,0,2,3,1,0,1,2,0,2,0,0000000,13,56,13,57,15,13,0,0,0,1,0
48,482657,1,1,1,1,141,2190,2,7,2010,6,12,45,0,14,8,FM 1505,TROWBRIDGE,0,31.77702500,-106.412447220,0,8,0,0,3,2,1,0,1,10,0,10,0,0000000,88,88,88,88,88,88,0,0,0,1,0
48,482658,2,2,0,2,29,0,9,7,2010,6,10,15,0,4,2,US-281,,127,29.15147778,-98.483461110,0,12,6,0,8,1,1,0,1,10,0,10,0,0000000,99,99,99,99,88,88,0,0,0,1,0
48,482659,3,3,0,6,29,6090,12,7,2010,2,22,52,1,12,2,US-90,,76,29.40163333,-98.537958330,0,12,2,0,1,1,1,0,3,1,0,1,0,0000000,22,50,22,56,23,36,0,0,0,1,1
48,482660,2,2,0,6,113,1730,15,7,2010,5,23,10,1,11,1,I-45,,125,32.70478056,-96.754069440,0,12,1,0,1,1,1,0,3,1,0,1,0,0000000,23,7,23,12,23,30,19,0,0,2,0
48,482661,2,2,0,2,29,2187,16,7,2010,6,1,50,0,3,8,FM 1604,,93,29.24285000,-98.349630560,0,12,6,0,1,1,1,0,2,1,0,1,0,0000000,88,88,88,88,88,88,0,0,0,1,1
48,482662,1,1,1,1,29,6090,7,8,2010,7,2,22,1,11,1,I-10,,453,99.99990000,999.999900000,0,8,0,1,18,1,1,0,3,1,0,1,0,0000000,88,88,88,88,88,88,0,0,0,1,0
48,482663,2,2,0,5,29,6090,8,8,2010,1,19,0,0,16,5,FLORES,LORITA,0,29.35316111,-98.489486110,0,12,6,0,2,2,1,0,1,1,0,1,0,0000000,19,2,19,9,19,39,20,0,0,4,1
48,482664,1,1,1,1,141,2190,15,8,2010,1,22,8,0,14,8,FM 659,RICH BEEM BLVD,21,31.79110000,-106.236400000,0,8,0,0,3,2,1,0,2,1,0,1,0,0000000,22,10,22,14,22,55,0,0,0,1,0
48,482665,1,1,0,1,141,2190,21,8,2010,7,6,52,1,11,1,I-10,,111,31.84202778,-106.571461110,0,1,0,0,1,1,10,0,1,1,0,1,0,0000000,88,88,88,88,88,88,0,0,0,1,1
48,482666,1,1,0,1,167,0,28,8,2010,7,13,55,0,3,3,SR-87,,267,29.30291667,-94.781616670,0,1,0,0,1,1,1,0,1,1,0,1,0,0000000,13,56,13,59,99,99,0,0,0,1,0
48,482667,3,3,0,7,113,1730,6,9,2010,2,4,40,1,11,1,I-30,,75,32.79176944,-96.739108330,0,12,1,0,1,1,1,0,3,1,0,1,0,0000000,4,37,4,41,5,5,0,0,0,2,1
48,482668,2,2,0,3,375,150,6,9,2010,2,4,8,1,13,8,BI40D,MARYLAND ST,187,35.22220278,-101.876977780,0,12,6,0,2,2,1,0,2,1,0,1,0,0000000,4,8,4,11,4,28,0,0,0,1,0
48,482669,2,2,0,3,201,3280,14,9,2010,3,15,55,0,16,5,AIRPORT BLVD,MYKAWA,0,29.64587222,-95.312325000,0,12,6,0,2,2,1,0,1,1,0,1,0,0000000,99,99,99,99,99,99,0,0,0,1,0
48,482670,1,1,0,2,29,6090,19,9,2010,1,1,0,0,14,2,US-90,,22,29.40306667,-98.625522220,0,24,0,0,1,1,10,0,3,2,0,2,0,0000000,1,17,1,23,1,43,0,0,0,1,0
48,482671,1,1,0,1,29,6090,22,9,2010,4,19,26,1,11,1,I-37,,2,29.29334722,-98.395175000,0,1,0,0,1,1,3,0,1,1,0,1,0,0000000,88,88,88,88,88,88,0,0,0,1,0
48,482672,2,2,0,2,121,1840,23,9,2010,5,18,5,1,13,2,US-377,LINDSEY ROAD,26,33.19884167,-97.138194440,0,12,6,0,2,3,1,0,1,1,0,1,0,0000000,18,10,18,19,18,46,0,0,0,1,0
48,482673,1,1,1,1,113,1730,25,9,2010,7,4,15,1,11,7,I-20,,167,32.64895556,-96.777150000,0,8,0,0,1,1,1,0,2,2,0,2,0,0000000,88,88,88,88,88,88,23,0,0,1,0
48,482674,1,1,1,2,29,6090,16,10,2010,7,19,30,0,16,5,MILITARY DRIVE,,0,29.41956111,-98.629641670,0,8,0,0,8,1,1,0,3,1,0,1,0,0000000,99,99,99,99,99,99,0,0,0,1,0
48,482675,2,2,0,2,115,0,23,10,2010,7,7,25,1,2,3,SR-137,,142,32.79534444,-101.997372220,0,12,2,0,1,1,1,0,4,1,0,1,0,0000000,99,99,99,99,99,99,0,0,0,1,0
48,482676,1,1,0,1,113,1730,25,10,2010,2,0,15,1,11,1,I-45/I-345,,202,32.79283611,-96.792825000,0,33,0,1,18,1,10,0,3,1,0,1,0,0000000,0,25,0,31,0,44,0,0,0,1,1
48,482677,1,1,1,1,61,940,31,10,2010,1,5,11,0,16,5,TANDY,,0,25.97921111,-97.519708330,0,8,0,0,1,1,1,0,2,1,0,1,0,0000000,88,88,88,88,88,88,0,0,0,1,0
48,482678,1,1,1,1,439,2450,5,11,2010,6,21,5,0,16,5,MEADOWBROOK DRIVE,,0,32.74606111,-97.218300000,0,8,0,0,1,1,1,0,3,1,0,1,0,0000000,9,7,9,10,9,26,0,0,0,1,0
48,482679,1,1,0,1,475,0,6,11,2010,7,21,5,0,4,3,SR-18,,142,31.51371389,-102.895841670,0,31,0,0,1,1,3,0,2,1,0,1,0,0000000,88,88,88,88,88,88,0,0,0,1,1
48,482680,1,1,0,3,215,0,12,11,2010,6,4,15,0,9,4,LIBERTY,,0,99.99990000,999.999900000,0,38,0,0,1,1,4,0,2,1,0,1,0,0000000,88,88,88,88,88,88,0,0,0,1,1
48,482681,2,2,0,2,29,6090,16,11,2010,3,6,21,1,11,7,I-35,,314,29.49500833,-98.401386110,0,12,1,0,1,1,1,0,2,1,0,1,0,0000000,6,24,6,32,6,56,23,0,0,1,0
48,482682,2,2,0,3,29,6090,16,11,2010,3,20,27,1,11,1,I-10,,203,29.48490278,-98.534886110,0,5,0,0,1,1,1,0,3,1,0,1,0,0000000,88,88,88,88,88,88,14,0,0,1,0
48,482683,1,1,0,2,183,4080,19,11,2010,6,3,10,1,13,2,US-259,US-80,155,32.50415278,-94.710077780,0,33,0,0,3,2,4,0,3,1,0,1,0,0000000,3,12,3,15,3,31,3,0,0,1,1
48,482684,3,3,0,6,423,0,19,11,2010,6,18,5,1,1,1,I-20RAMP,SR-155,243,32.44880556,-95.189172220,0,12,6,1,5,1,1,0,3,1,0,1,0,0000000,18,15,18,27,18,59,0,0,0,1,0
48,482685,1,1,0,2,29,6090,21,11,2010,1,5,12,0,4,8,SL1604,STONE OAK PKWY,46,29.60881667,-98.492883330,0,35,0,1,3,1,3,0,3,10,0,10,0,0000000,88,88,88,88,88,88,0,0,0,1,1
48,482686,1,1,1,1,215,0,23,11,2010,3,16,30,0,6,4,OLD RIVER RD,,0,26.14923056,-98.055338890,0,8,0,0,1,1,2,0,1,1,0,1,0,0000000,88,88,88,88,88,88,0,0,0,1,0
48,482687,2,2,0,6,3,0,24,11,2010,4,21,32,0,5,8,FM2371,FM181,10,32.26097222,-102.776283330,0,12,6,0,2,2,1,0,2,1,0,1,0,0000000,21,38,21,52,22,25,0,0,0,1,0
48,482688,1,1,0,1,439,2450,25,11,2010,5,0,25,1,11,7,I-30,,214,32.73305000,-97.361955560,0,1,0,0,1,1,1,0,3,1,0,1,0,0000000,88,88,88,88,88,88,0,0,0,1,1
48,482689,1,1,0,1,439,2450,28,11,2010,1,2,34,1,11,1,I-820,,170,32.84240278,-97.347880560,0,26,0,0,1,1,3,0,2,1,0,1,0,0000000,88,88,88,88,88,88,0,0,0,1,1
48,482690,2,2,0,2,439,2450,13,12,2010,2,19,49,1,12,2,US-287,,201,32.91461111,-97.347258330,0,12,2,0,1,1,1,0,2,1,0,1,0,0000000,88,88,88,88,88,88,0,0,0,2,0
48,482691,1,1,0,1,3,0,15,12,2010,4,18,55,0,5,8,FM1967,7001,5,32.37325556,-102.813319440,0,1,0,0,3,2,4,0,2,1,0,1,0,0000000,88,88,88,88,88,88,0,0,0,1,0
48,482692,1,1,0,1,329,0,18,12,2010,7,11,16,1,13,8,BI20E,,9,31.89260278,-102.274377780,0,1,0,0,1,1,3,0,1,1,0,1,0,0000000,11,17,11,23,11,37,0,0,0,1,0
48,482693,1,1,0,1,85,5390,22,12,2010,4,11,5,1,12,7,SR-121,INDEPENDENCE PKWY,180,33.11801667,-96.751205560,0,39,0,1,3,2,4,0,1,1,0,1,0,0000000,99,99,11,15,11,40,0,0,0,1,1
48,482694,1,1,0,2,439,2450,24,12,2010,6,21,45,1,13,3,SR-183,,130,32.83957222,-97.040177780,0,3,0,1,5,1,10,0,2,2,0,2,0,0000000,21,39,21,57,22,37,0,0,0,1,1
48,482695,1,1,0,1,309,0,27,12,2010,2,20,15,0,6,4,JERRY MASHEK DR,PUSTEJOVSKY LN,0,31.81264444,-97.087833330,0,1,0,0,3,4,1,0,2,1,0,1,0,0000000,88,88,88,88,88,88,0,0,0,1,1
48,482696,1,1,0,1,389,0,31,12,2010,6,13,58,1,1,1,I-20RAMP,,359,31.36038889,-103.688697220,0,1,0,0,5,1,10,0,1,1,0,1,0,0000000,99,99,99,99,99,99,0,0,0,1,0
48,482697,2,2,0,3,141,2190,4,7,2010,1,2,14,1,13,8,FM659,,70,31.74088611,-106.289505560,0,12,6,0,1,1,1,0,3,1,0,1,0,0000000,88,88,88,88,88,88,0,0,0,2,2
48,482698,2,2,0,2,257,6830,7,7,2010,4,10,39,1,11,1,I-20RAMP,SR-34,63,32.70281111,-96.275466670,0,12,6,0,2,2,1,0,1,1,0,1,0,0000000,10,52,11,14,11,37,0,0,0,1,1
48,482699,2,2,0,2,277,5220,4,8,2010,4,9,20,0,15,8,FM195,E CHERRY ST,2,33.66513056,-95.535697220,0,12,6,0,2,2,1,0,1,1,0,1,0,0000000,9,21,9,26,9,48,0,0,0,1,0
48,482700,3,3,0,4,257,6830,30,8,2010,2,9,45,1,11,1,I-20,,126,32.71474444,-96.313147220,0,57,0,0,1,1,3,0,1,1,0,1,0,0000000,88,88,88,88,88,88,0,0,0,2,0
48,482701,1,1,1,1,29,6090,12,10,2010,3,19,46,0,16,5,NAVARRO ST,,0,29.42766389,-98.489716670,0,8,0,0,1,1,1,0,3,1,0,1,0,0000000,88,88,88,88,88,88,0,0,0,1,0
48,482702,3,3,1,2,201,3280,13,11,2010,7,2,12,1,11,1,I-45,,292,29.87323056,-95.409950000,0,12,1,0,1,1,1,0,3,2,0,2,0,0000000,88,88,88,88,88,88,23,0,0,1,0
48,482704,1,1,0,1,439,2450,12,12,2010,1,1,49,1,11,1,I-820,,61,32.73758889,-97.225077780,0,59,0,0,1,1,3,0,3,1,0,1,0,0000000,88,88,88,88,88,88,0,0,0,1,1
48,482705,1,1,0,1,27,0,15,12,2010,4,10,30,0,6,4,WHEAT RD,,0,31.08034444,-97.485877780,0,24,0,0,1,1,4,0,1,1,0,1,0,0000000,99,99,10,30,11,10,0,0,0,1,0
48,482706,1,1,0,1,61,0,19,12,2010,1,1,20,0,15,3,SR-345,,50,26.16836111,-97.598805560,0,32,0,0,1,1,4,0,2,1,0,1,0,0000000,1,55,2,5,2,42,0,0,0,1,1
48,482707,1,1,0,1,489,0,23,12,2010,5,2,30,0,3,3,SR-186,,65,26.47886944,-97.893805560,0,34,0,0,1,1,4,0,2,5,0,5,0,0000000,88,88,88,88,88,88,0,0,0,1,1
48,482708,1,1,0,4,453,0,25,12,2010,7,0,14,0,6,4,JACOBSON RD,,0,30.12113611,-97.595586110,0,32,0,0,1,1,4,0,2,1,0,1,0,0000000,0,16,0,31,1,8,0,0,0,1,0
48,482709,2,2,0,2,339,0,28,12,2010,3,13,44,0,6,4,ROSE RD,,0,30.41685278,-95.419863890,0,1,0,0,1,1,1,0,1,1,0,1,0,0000000,99,99,99,99,99,99,0,0,0,1,0
48,482710,2,2,1,3,141,2190,10,2,2010,4,23,11,1,12,2,US-54,,132,31.88450000,-106.440922220,0,8,0,0,1,1,1,0,3,2,0,2,0,0000000,88,88,88,88,88,88,0,0,0,1,0
48,482711,2,2,0,3,201,3280,29,3,2010,2,3,27,1,12,7,US-59,S GESSNER,124,29.68827778,-95.530972220,0,12,6,1,2,2,1,0,3,1,0,1,0,0000000,3,27,3,33,3,43,0,0,0,1,2
48,482712,3,2,1,2,113,2590,15,4,2010,5,12,37,0,16,5,BROADWAY BLVD,,0,32.83398333,-96.595852780,0,12,7,0,1,1,1,0,1,1,0,1,0,0000000,12,38,12,40,13,0,0,0,0,1,0
48,482713,1,1,1,1,21,0,25,4,2010,1,1,20,0,6,4,OLD MCDADE RD,,0,30.33811944,-97.349230560,0,8,0,0,1,1,1,0,2,1,0,1,0,0000000,99,99,99,99,99,99,0,0,0,1,0
48,482714,3,3,0,4,141,2190,30,4,2010,6,16,0,1,12,8,SL375,,26,31.90576111,-106.557941670,0,12,6,0,1,1,1,0,1,10,0,10,0,0000000,16,1,16,11,16,48,0,0,0,1,0
48,482715,2,2,0,3,29,6090,4,5,2010,3,12,15,1,13,8,FM2252,SUNSHADOW,181,29.52350833,-98.411013890,0,12,6,0,2,2,1,0,1,1,0,1,0,0000000,88,88,88,88,88,88,20,0,0,1,0
48,482716,1,1,1,2,27,6810,7,5,2010,6,21,26,0,14,8,FM2305,,11,31.10694722,-97.374902780,0,8,0,0,1,1,1,0,2,1,0,1,0,0000000,21,27,21,33,21,41,0,0,0,1,0
48,482717,2,2,0,2,51,6450,8,5,2010,7,20,36,1,2,3,SR-36,,6,30.33871389,-96.523422220,0,12,6,0,8,1,1,0,2,1,0,1,0,0000000,99,99,99,99,21,35,20,0,0,1,0