STATE,ST_CASE,VE_TOTAL,VE_FORMS,PEDS,PERSONS,COUNTY,CITY,DAY,MONTH,YEAR,DAY_WEEK,HOUR,MINUTE,NHS,ROAD_FNC,ROUTE,TWAY_ID,TWAY_ID2,MILEPT,LATITUDE,LONGITUD,SP_JUR,HARM_EV,MAN_COLL,RELJCT1,RELJCT2,TYP_INT,REL_ROAD,WRK_ZONE,LGT_COND,WEATHER1,WEATHER2,WEATHER,SCH_BUS,RAIL,NOT_HOUR,NOT_MIN,ARR_HOUR,ARR_MIN,HOSP_HR,HOSP_MN,CF1,CF2,CF3,FATALS,DRUNK_DR
48,482718,2,2,0,2,309,545,12,5,2010,4,17,45,0,14,8,FM2418,,13,31.61665000,-97.093413890,0,12,6,0,8,1,1,0,1,1,0,1,0,0000000,99,99,17,55,18,15,0,0,0,1,1
48,482719,2,1,0,3,141,2190,22,5,2010,7,2,23,1,11,1,I-10,,340,31.70026667,-106.283325000,0,14,0,0,1,1,2,0,3,1,0,1,0,0000000,2,24,2,34,3,10,0,0,0,1,1
48,482720,2,2,0,3,215,5330,19,6,2010,7,2,46,1,13,8,FM2061,,48,26.12892222,-98.215900000,0,12,1,0,1,1,1,0,2,1,0,1,0,0000000,88,88,88,88,88,88,0,0,0,2,0
48,482721,2,2,0,2,419,6820,25,6,2010,6,6,48,1,2,2,US-59RAMP,,2,31.94650556,-94.239552780,0,12,6,1,8,1,1,0,1,1,0,1,0,0000000,7,14,7,46,8,19,0,0,0,1,0
48,482722,1,1,0,2,419,1270,16,7,2010,6,0,10,0,14,3,SR-87,,180,31.79339167,-94.159291670,0,1,0,0,1,1,4,0,2,1,0,1,0,0000000,0,33,1,8,1,35,0,0,0,1,1
48,482724,1,1,0,1,215,6666,31,7,2010,7,2,20,0,16,5,GUADALUPE FLORES RD,,0,26.27180833,-98.571716670,0,1,0,0,1,1,4,0,2,1,0,1,0,0000000,88,88,88,88,88,88,0,0,0,1,0
48,482725,1,1,0,4,167,2570,1,8,2010,1,21,19,0,16,5,E BEACH,,0,29.31635833,-94.755277780,0,5,0,0,1,1,1,0,2,1,0,1,0,0000000,21,20,21,33,21,54,0,0,0,1,0
48,482726,1,1,0,1,309,4095,14,8,2010,7,3,32,1,1,1,I-35,,20,31.36976944,-97.216236110,0,24,0,0,1,1,4,0,2,1,0,1,0,0000000,88,88,88,88,88,88,20,0,0,1,1
48,482727,2,1,0,2,215,4197,15,8,2010,1,8,20,0,16,5,26TH ST,,0,26.23260000,-98.245411110,0,14,0,0,1,1,2,0,1,1,0,1,0,0000000,8,24,8,30,8,50,0,0,0,1,0
48,482728,1,1,1,2,355,1550,28,8,2010,7,18,38,0,16,5,GULF BEACH RD,,0,27.61844722,-97.202138890,0,8,0,0,1,1,1,0,1,1,0,1,0,0000000,18,38,18,44,19,6,0,0,0,1,0
48,482729,2,2,0,3,201,3280,30,10,2010,7,19,30,1,11,7,I-10,GRASSHOPPER,103,29.78425833,-95.643797220,0,12,6,0,2,3,1,0,3,1,0,1,0,0000000,99,99,99,99,99,99,0,0,0,1,0
48,482730,1,1,1,4,215,5330,30,10,2010,7,22,3,1,12,2,US-281,,69,26.22226111,-98.179686110,0,8,0,0,1,1,1,0,3,1,0,1,0,0000000,88,88,88,88,88,88,0,0,0,1,0
48,482731,2,2,0,2,303,4140,30,10,2010,7,7,54,1,11,1,I-27,,36,33.54547222,-101.845086110,0,12,6,0,1,1,1,0,3,1,0,1,0,0000000,7,56,7,59,8,23,0,0,0,1,1
48,482732,1,1,1,4,479,3899,31,10,2010,1,16,40,1,13,2,US-83,PIEDRA CHINA ST,14,27.49829722,-99.469100000,0,8,0,0,2,3,1,0,1,1,0,1,0,0000000,16,40,16,46,17,0,0,0,0,1,0
48,482733,1,1,1,1,201,3280,8,11,2010,2,9,45,0,16,5,WILCREST DR,BRIAR FOREST DR,0,29.74809167,-95.571983330,0,9,0,0,3,2,1,0,1,1,0,1,0,0000000,88,88,88,88,88,88,0,0,0,1,0
48,482734,2,2,0,3,201,3280,12,11,2010,6,23,0,0,16,5,TIDWELL,,0,29.84723333,-95.409713890,0,12,7,0,1,1,1,0,3,10,0,10,0,0000000,99,99,99,99,99,99,0,0,0,1,0
48,482735,2,2,0,3,83,1430,20,11,2010,7,9,44,1,13,2,US-84,US-283,27,31.85408333,-99.426041670,0,12,6,0,2,4,1,0,1,1,0,1,0,0000000,9,45,9,49,10,8,0,0,0,1,0
48,482736,6,6,0,10,439,4965,14,12,2010,3,10,28,1,13,8,FM1938,MID CITIES BLVD,56,32.86201667,-97.209230560,0,12,1,0,3,2,1,0,1,1,0,1,0,0000000,10,45,10,51,11,20,0,0,0,1,0
48,482737,1,1,0,1,201,3280,22,12,2010,4,22,40,1,12,7,SL8,,26,29.59618889,-95.448130560,0,33,0,0,1,1,3,0,3,1,0,1,0,0000000,22,44,22,50,23,19,0,0,0,1,1
48,482738,2,2,0,3,215,5330,22,12,2010,4,12,58,0,16,5,I RD,,0,26.22629444,-98.161833330,0,12,6,0,8,1,1,0,1,1,0,1,0,0000000,13,56,14,1,14,26,0,0,0,1,0
48,482739,1,1,0,1,85,4230,23,12,2010,5,22,4,0,16,5,E LOUISIANA ST,,0,33.19728333,-96.610225000,0,33,0,0,1,1,4,0,2,1,0,1,0,0000000,88,88,88,88,88,88,0,0,0,1,1
48,482740,1,1,1,1,201,3280,24,12,2010,6,19,19,0,16,5,TELEPHONE DR,,0,29.69138611,-95.298794440,0,8,0,0,1,1,2,0,3,2,0,2,0,0000000,88,88,88,88,88,88,0,0,0,1,0
48,482741,1,1,1,1,439,2450,24,12,2010,6,21,0,0,16,5,BEACH ST,,0,32.86275556,-97.290286110,0,8,0,0,1,1,1,0,3,2,0,2,0,0000000,21,0,21,5,21,29,0,0,0,1,1
48,482742,1,1,0,1,325,0,26,12,2010,1,18,0,0,4,8,FM 462,,54,29.55804167,-99.238258330,0,53,0,0,1,1,4,0,2,1,0,1,0,0000000,99,99,99,99,99,99,0,0,0,1,1
48,482743,2,2,0,4,55,9997,1,1,2010,6,16,46,1,2,3,SR-21,FM 1854,23,30.03050278,-97.674463890,0,12,6,0,2,3,1,1,1,1,0,1,0,0000000,17,1,17,17,17,43,0,0,0,1,1
48,482744,2,2,0,4,141,9997,27,1,2010,4,15,50,1,11,1,I-10,,422,31.63625556,-106.221808330,0,12,6,0,1,1,1,0,1,10,0,10,0,0000000,16,0,16,7,16,53,0,0,0,2,0
48,482745,2,2,0,3,61,6110,14,2,2010,1,2,45,0,14,8,FM 2520,TURNER ST,5,26.12109167,-97.641511110,0,12,6,0,2,2,1,0,3,1,0,1,0,0000000,99,99,99,99,99,99,0,0,0,2,2
48,482746,2,2,0,3,167,0,17,2,2010,4,19,22,1,12,3,SR-146,,33,29.50909722,-95.001144440,0,12,2,0,1,1,1,0,3,1,0,1,0,0000000,19,24,19,27,20,36,0,0,0,1,0
48,482747,3,3,0,5,403,0,23,3,2010,3,12,35,1,2,3,SR-103,,18,31.41123056,-94.013175000,0,54,11,0,1,1,1,0,1,1,0,1,0,0000000,12,54,13,43,14,27,14,0,0,1,0
48,482748,1,1,0,1,405,0,23,3,2010,3,2,40,1,2,2,US-96,,20,31.59864167,-94.146052780,0,1,0,0,1,1,4,0,2,1,0,1,0,0000000,88,88,88,88,88,88,0,0,0,1,0
48,482749,2,2,0,3,215,5535,11,4,2010,1,2,25,1,13,2,US-281,FM 1015,636,26.08703333,-97.958447220,0,12,6,0,2,2,1,0,3,1,0,1,0,0000000,2,27,2,35,2,59,0,0,0,1,1
48,482750,1,1,1,1,135,5030,24,7,2010,7,4,51,0,16,5,EAST RIDGE RD,,0,31.89929444,-102.296897220,0,8,0,0,1,1,1,0,2,1,0,1,0,0000000,88,88,88,88,88,88,0,0,0,1,0
48,482751,2,2,0,4,471,3340,25,7,2010,1,17,20,1,13,2,US-190,SR-19,11,30.71612222,-95.525547220,0,12,6,0,2,2,1,0,1,1,0,1,0,0000000,17,33,17,40,18,7,0,0,0,1,0
48,482752,2,2,1,3,215,5330,2,8,2010,2,15,58,1,12,2,US-83,,270,26.20713889,-98.185386110,0,12,1,1,5,1,1,1,1,1,0,1,0,0000000,15,58,16,5,16,23,4,0,0,1,0
48,482753,1,1,0,1,141,2190,4,9,2010,7,17,45,0,16,5,FAIRBANKS,,0,31.90286667,-106.420980560,0,42,0,0,1,1,4,0,1,1,0,1,0,0000000,17,45,17,52,18,15,0,0,0,1,1
48,482754,2,2,0,2,201,3280,7,9,2010,3,11,54,1,12,8,LOOP 8,,82,29.65649167,-95.553630560,0,12,1,0,1,1,1,0,1,2,0,2,0,0000000,99,99,99,99,88,88,23,0,0,1,0
48,482755,2,1,0,1,245,490,11,9,2010,7,12,7,0,16,5,IRVING,,0,30.05630556,-94.087075000,0,38,0,0,1,1,4,0,1,1,0,1,0,0000000,88,88,88,88,88,88,0,0,0,1,0
48,482756,1,1,0,1,167,2570,12,9,2010,1,23,11,0,16,5,L AVE,,0,29.29686944,-94.796436110,0,30,0,0,1,1,4,0,2,1,0,1,0,0000000,23,11,23,13,23,35,0,0,0,1,0
48,482757,1,1,0,1,439,2450,17,9,2010,6,20,45,0,16,5,RIVERSIDE,4TH STREET,179,32.76320833,-97.301761110,0,19,0,0,3,2,4,0,3,1,0,1,0,0000000,8,45,8,51,9,2,0,0,0,1,1
48,482758,2,2,0,2,141,2190,8,10,2010,6,19,4,0,16,5,MONTWOOD,,0,31.76720833,-106.286930560,0,12,1,0,1,1,1,0,3,1,0,1,0,0000000,19,5,19,9,19,47,0,0,0,1,1
48,482759,2,2,0,3,167,2570,6,11,2010,7,16,6,0,16,5,25TH,AVENUE M,0,29.29675278,-94.793458330,0,12,6,0,3,2,1,0,1,1,0,1,0,0000000,16,6,16,11,16,27,0,0,0,1,1
48,482760,1,1,0,1,169,0,15,11,2010,2,22,30,1,2,2,US-84,,194,33.15957222,-101.346011110,0,39,0,0,1,1,3,0,2,1,0,1,0,0000000,88,88,88,88,88,88,0,0,0,1,0
48,482761,1,1,0,1,201,3280,9,12,2010,5,23,29,1,12,3,SR-288,,69,29.65934167,-95.387258330,0,35,0,0,1,1,4,0,3,1,0,1,0,0000000,88,88,88,88,88,88,0,0,0,1,1
48,482762,2,2,0,3,423,0,13,12,2010,2,12,51,1,13,3,SR-155,SR-57,143,32.28421111,-95.357036110,0,12,1,0,3,3,1,0,1,1,0,1,0,0000000,12,51,12,57,13,22,0,0,0,1,0
48,482763,1,1,0,1,371,2440,17,12,2010,6,19,1,1,13,8,BI10G,,22,30.89394167,-102.900127780,0,1,0,0,1,1,1,0,3,1,0,1,0,0000000,99,99,99,99,99,99,0,0,0,1,0
48,482764,1,1,0,1,113,1730,19,12,2010,1,22,19,0,16,5,SPRING VALLEY RD,,0,32.94089722,-96.782655560,0,53,0,0,1,1,4,0,3,1,0,1,0,0000000,22,20,22,26,23,1,0,0,0,1,0
48,482765,1,1,1,1,215,7330,24,12,2010,6,18,50,0,16,5,N WESTGATE,,0,26.16269167,-98.006805560,0,8,0,0,1,1,1,0,2,1,0,1,0,0000000,88,88,88,88,88,88,0,0,0,1,0
48,482766,1,1,0,4,27,6810,16,10,2010,7,5,35,0,16,5,E YOUNGS AVE,,0,31.11881389,-97.326422220,0,5,0,0,1,1,1,0,1,1,0,1,0,0000000,99,99,99,99,99,99,0,0,0,1,0
48,482767,2,2,0,7,29,6090,12,9,2010,1,0,23,0,4,8,SL 1604,,80,29.34754167,-98.249761110,0,12,6,0,1,1,1,0,2,10,0,10,0,0000000,99,99,99,99,99,99,0,0,0,1,1
48,482769,1,1,1,1,441,30,25,5,2010,3,21,27,0,14,8,FM 2833,,35,32.48440000,-99.690722220,0,15,0,0,8,1,1,0,3,1,0,1,0,0000000,21,29,21,31,21,51,0,0,0,1,0
48,482770,2,2,0,2,167,2570,21,6,2010,2,21,58,1,13,3,SR-275,,41,29.30477222,-94.803425000,0,12,2,0,1,1,1,0,2,1,0,1,0,0000000,22,6,22,7,22,50,0,0,0,1,0
48,482771,1,1,0,1,201,3280,22,9,2010,4,1,41,1,11,7,I-10,,368,29.77007778,-95.215211110,0,24,0,0,1,1,4,0,3,1,0,1,0,0000000,88,88,88,88,88,88,0,0,0,1,1
48,482772,1,1,0,2,201,3280,29,10,2010,6,2,7,1,12,3,SR-288,,30,29.71693889,-95.378855560,0,24,0,0,1,1,4,0,3,1,0,1,0,0000000,2,7,2,16,2,47,0,0,0,1,0
48,482773,2,2,0,2,201,3280,4,11,2010,5,5,57,0,16,5,HEMPSTEAD RD,LONG POINT ST,0,29.80317778,-95.462569440,0,12,6,0,2,3,1,0,3,1,0,1,0,0000000,88,88,88,88,88,88,0,0,0,1,0
48,482774,2,2,0,2,135,5030,1,12,2010,4,3,49,0,16,5,UNIVERSITY BLVD,IDLEWOOD LN,0,31.87735833,-102.339350000,0,12,6,0,2,2,1,0,3,1,0,1,0,0000000,3,49,3,54,4,11,0,0,0,1,0
48,482775,2,2,0,2,201,3280,19,12,2010,1,4,40,0,16,5,WESTPARK,,0,29.72320556,-95.495747220,0,12,1,0,1,1,1,0,3,1,0,1,0,0000000,4,45,4,53,5,53,0,0,0,1,2
48,482776,1,1,0,2,29,9997,16,3,2010,3,7,12,0,14,8,FM 1518,,48,29.50986389,-98.238038890,0,30,0,0,1,1,4,0,2,2,0,2,0,0000000,7,12,7,21,7,53,0,0,0,1,0
48,482777,2,2,0,2,187,6237,19,3,2010,6,1,28,1,11,1,I-35,,25,29.60400278,-98.272516670,0,12,1,0,1,1,1,0,3,1,0,1,0,0000000,88,88,88,88,88,88,0,0,0,1,0
48,482778,2,2,0,4,465,0,25,4,2010,1,6,15,1,2,2,US-90,,599,29.63972222,-101.132283330,0,12,6,0,1,1,1,0,2,1,0,1,0,0000000,99,99,99,99,99,99,0,0,0,1,0
48,482779,2,2,0,2,439,0,23,12,2010,5,16,36,1,13,3,SR-1187,,3,32.60133056,-97.522975000,0,12,6,0,1,1,1,0,1,10,0,10,0,0000000,16,40,16,49,17,19,0,0,0,1,0
48,482780,1,1,1,1,453,330,29,1,2010,6,21,43,1,11,1,I-35,,214,30.31133889,-97.709408330,0,8,0,0,1,1,1,0,3,10,0,10,0,0000000,88,88,88,88,88,88,0,0,0,1,0
48,482781,1,1,1,1,29,6090,18,2,2010,5,19,29,0,16,5,S ZARZAMORA ST,,0,29.41666111,-98.528400000,0,8,0,0,1,1,1,0,2,1,0,1,0,0000000,99,99,19,39,19,57,0,0,0,1,0
48,482782,1,1,1,1,141,2190,24,2,2010,4,8,10,0,16,5,LEE TREVINO AVE,ANISE ST,0,31.77433056,-106.321194440,0,8,0,0,3,2,1,0,1,1,0,1,0,0000000,8,13,8,18,8,45,0,0,0,1,0
48,482783,1,1,0,4,13,5400,26,2,2010,6,1,37,1,13,2,US-281,N FIRST ST,111,28.98164167,-98.479991670,0,33,0,0,3,3,4,0,2,1,0,1,0,0000000,99,99,99,99,99,99,0,0,0,1,1
48,482784,3,3,0,4,453,330,26,2,2010,6,18,52,0,16,5,BURLESON RD,MISSION HILL DR,0,30.21657222,-97.734319440,0,12,6,0,2,3,1,0,3,1,0,1,0,0000000,18,55,19,0,19,16,0,0,0,1,1
48,482785,3,3,0,3,491,3981,31,3,2010,4,8,46,0,3,3,SR-29,,75,30.66691667,-97.909255560,0,12,6,0,8,1,1,0,1,1,0,1,0,0000000,8,47,8,57,99,99,0,0,0,1,0
48,482786,1,1,0,1,453,330,8,4,2010,5,1,53,0,16,5,BRODIE LN,,0,30.14474167,-97.852816670,0,34,0,0,1,1,4,0,2,1,0,1,0,0000000,88,88,88,88,88,88,20,0,0,1,1
48,482787,1,1,0,2,141,2190,3,5,2010,2,7,40,1,11,1,I-10,,228,31.77797778,-106.449988890,0,25,0,0,1,1,3,0,1,1,0,1,0,0000000,7,41,7,49,8,14,0,0,0,1,0
48,482788,2,2,1,2,453,330,12,6,2010,7,21,6,0,16,5,W WILLIAM CANNON DR,,0,30.21121944,-97.824619440,0,12,1,0,1,1,1,0,3,1,0,1,0,0000000,21,7,21,10,21,49,20,0,0,1,1
48,482789,1,1,0,9,29,6090,8,8,2010,1,20,9,1,11,1,I-410,,409,29.32013611,-98.512216670,0,1,0,0,1,1,1,0,1,1,0,1,0,0000000,88,88,88,88,88,88,0,0,0,1,1
48,482790,1,1,1,1,167,0,7,9,2010,3,1,16,1,13,3,SR-6,,8,29.40528333,-95.183572220,0,8,0,0,1,1,1,0,2,10,0,10,0,0000000,88,88,88,88,88,88,0,0,0,1,0
48,482791,1,1,0,5,401,3120,18,9,2010,7,0,48,0,16,5,CLAYTON LN,,0,32.15990278,-94.758269440,0,5,0,0,1,1,1,0,3,1,0,1,0,0000000,99,99,99,99,99,99,0,0,0,1,0
48,482792,2,2,0,4,213,1424,1,10,2010,6,16,45,1,2,3,SR-155,,11,32.12136389,-95.487241670,0,12,6,0,8,1,1,0,1,1,0,1,0,0000000,18,38,18,51,19,31,0,0,0,1,1
48,482793,2,2,0,2,367,9997,2,10,2010,7,9,16,1,1,7,I-20,,258,32.74894167,-97.676427780,0,12,2,0,5,1,1,0,1,1,0,1,0,0000000,99,99,99,99,99,99,0,0,0,1,0
48,482794,1,1,2,1,355,5850,27,10,2010,4,9,1,1,12,2,US-77,,30,27.76070278,-97.683669440,0,8,0,0,1,1,2,0,1,1,0,1,0,0000000,88,88,88,88,88,88,0,0,0,2,1
48,482795,3,3,0,6,355,5850,30,10,2010,7,10,26,1,13,3,SR-44,,103,27.78553611,-97.649425000,0,12,2,0,1,1,1,0,1,1,0,1,0,0000000,99,99,10,32,11,7,0,0,0,4,1
48,482796,2,2,0,3,113,6685,11,11,2010,5,16,38,1,12,2,US-80,,74,32.78358611,-96.554386110,0,12,7,0,1,1,1,1,1,10,0,10,0,0000000,16,38,16,41,17,0,0,0,0,2,0
48,482797,1,1,0,2,445,920,21,11,2010,1,0,16,1,13,2,US-62,,218,33.17476111,-102.275044440,0,33,0,0,1,1,4,0,3,1,0,1,0,0000000,99,99,99,99,99,99,0,0,0,2,1
48,482799,1,1,1,1,29,0,25,12,2010,7,19,41,0,3,3,SR-16,,94,29.23319722,-98.583702780,0,8,0,0,1,1,2,0,2,10,0,10,0,0000000,88,88,88,88,88,88,0,0,0,1,0
48,482800,1,1,0,1,141,2190,14,4,2010,4,6,46,1,2,8,SL375,,165,31.89883889,-106.362247220,0,38,0,0,1,1,4,0,1,1,0,1,0,0000000,88,88,88,88,88,88,0,0,0,1,1
48,482801,1,1,0,3,441,7069,12,6,2010,7,1,0,1,11,1,I-20,,53,32.45949722,-99.853491670,0,44,0,0,5,1,4,0,3,1,0,1,0,0000000,99,99,99,99,99,99,0,0,0,1,0
48,482802,1,1,0,1,471,3340,25,6,2010,6,23,2,1,13,8,FM2821,,20,30.74203889,-95.545691670,0,24,0,0,1,1,4,0,2,1,0,1,0,0000000,99,99,99,99,99,99,0,0,0,1,0
48,482803,1,1,0,3,339,6536,31,7,2010,7,19,0,1,2,2,US-59,,32,30.23214167,-95.165547220,0,24,0,0,1,1,4,1,1,1,0,1,0,0000000,99,99,99,99,99,99,0,0,0,1,0
48,482804,3,3,0,3,209,3760,13,8,2010,6,16,30,9,99,8,FM1626,MARKETPLACE AVE,151,30.01554722,-97.865502780,0,12,6,0,2,2,1,0,1,1,0,1,0,0000000,99,99,99,99,99,99,0,0,0,1,0
48,482805,2,2,0,3,375,150,4,9,2010,7,17,49,0,16,5,SW 10TH AVE,S FANNIN ST,0,35.20498889,-101.860058330,0,12,6,0,2,2,1,0,1,1,0,1,0,0000000,88,88,88,88,88,88,0,0,0,1,0
48,482806,2,2,0,5,29,4015,28,11,2010,1,3,50,1,11,1,I-35RAMP,,383,29.56754444,-98.331258330,0,1,0,1,5,1,8,0,3,1,0,1,0,0000000,3,54,4,22,4,44,20,0,0,2,0
48,482807,1,1,0,2,167,6860,21,1,2010,5,19,25,0,14,8,FM517,AVE S,161,29.47038889,-94.973888890,0,30,0,0,2,4,4,0,2,1,0,1,0,0000000,19,26,19,41,20,3,0,0,0,1,0
48,482808,1,1,0,2,27,6810,17,4,2010,7,6,9,1,11,1,I-35,,263,31.14196389,-97.328236110,0,30,0,0,1,1,4,0,2,2,0,2,0,0000000,6,9,6,16,6,56,0,0,0,1,0
48,482810,1,1,0,2,141,3276,7,10,2010,5,3,50,0,16,5,RUDI KUEFNER DR,,0,31.66583889,-106.188783330,0,33,0,0,1,1,4,0,2,1,0,1,0,0000000,3,56,4,2,4,54,0,0,0,1,1
48,482811,1,1,0,1,141,2190,23,1,2010,7,5,18,0,16,5,MONTWOOD DR,WHITCOMB ST,0,31.77058611,-106.346088890,0,39,0,0,3,3,4,0,3,2,0,2,0,0000000,5,28,5,28,6,11,0,0,0,1,0
48,482812,1,1,0,2,141,2190,31,1,2010,1,4,12,0,16,5,DIANA DR,,0,31.84794722,-106.422625000,0,33,0,0,1,1,4,0,3,10,0,10,0,0000000,4,12,4,21,4,55,0,0,0,1,1
48,482813,1,1,0,1,39,130,18,7,2010,1,6,21,0,14,8,FM 1462,,126,29.39734167,-95.267505560,0,32,0,0,1,1,4,0,4,1,0,1,0,0000000,6,26,6,38,7,2,0,0,0,1,0
48,482814,3,3,0,6,201,0,17,3,2010,4,13,41,0,6,4,CHAMPION FOREST DR,STRACK RD,0,29.99398889,-95.526700000,0,12,6,0,2,2,1,0,1,1,0,1,0,0000000,99,99,99,99,99,99,0,0,0,1,0
48,482815,1,1,0,2,201,0,16,4,2010,6,12,10,0,6,4,VETERANS MEMORIAL DR,,0,29.95400000,-95.473283330,0,32,0,0,1,1,4,0,1,1,0,1,0,0000000,99,99,99,99,99,99,0,0,0,1,0
49,490001,1,1,1,1,47,2010,5,1,2010,3,7,6,0,16,5,500 W,,0,40.41331667,-109.537533330,0,8,0,0,8,1,1,0,4,1,0,1,0,0000000,7,10,7,15,99,99,0,0,0,1,0
49,490002,1,1,0,1,57,1610,14,1,2010,5,9,25,1,11,1,I-84,,805,41.18330556,-112.011622220,0,24,0,0,1,1,3,0,1,5,0,5,0,0000000,9,25,99,99,99,99,0,0,0,1,1
49,490003,2,2,0,4,45,0,28,1,2010,5,18,46,0,3,3,SR-36,,636,40.67621111,-112.277183330,0,12,6,0,1,1,1,0,2,1,0,1,0,0000000,18,46,18,50,88,88,0,0,0,3,0
49,490004,2,2,0,3,49,1390,29,1,2010,6,10,45,1,11,1,I-15,,2709,40.30456667,-111.726063890,0,54,11,0,1,1,1,0,1,1,0,1,0,0000000,10,45,10,50,99,99,14,0,0,1,0
49,490005,2,2,0,3,35,1924,1,2,2010,2,18,10,0,13,3,SR-68,6200 S,0,40.63864167,-111.938880560,0,12,6,0,2,2,1,0,3,1,0,1,0,0000000,99,99,99,99,0,0,0,0,0,1,0
49,490006,2,2,0,3,3,0,10,2,2010,4,17,3,1,1,1,I-15,,3843,41.75569167,-112.182255560,0,12,1,0,1,1,1,0,1,1,0,1,0,0000000,17,8,17,16,99,99,0,0,0,1,0
49,490007,1,1,1,1,3,2120,25,2,2010,5,14,20,1,1,1,I-15,,3556,41.36656667,-112.043380560,0,8,0,0,1,1,1,0,1,1,0,1,0,0000000,14,26,14,33,88,88,0,0,0,1,0
49,490008,4,4,0,5,5,2080,1,2,2010,2,17,10,1,2,2,US-89/91,,149,41.60376389,-111.959611110,0,12,2,0,1,1,1,0,1,10,0,10,0,0000000,17,12,17,22,99,99,0,0,0,2,0
49,490009,2,2,0,2,49,0,18,2,2010,5,7,39,0,3,2,US-89,,3048,39.92711389,-111.546250000,0,12,2,0,1,1,1,0,1,4,0,4,0,0000000,7,39,8,1,99,99,0,0,0,1,0
49,490010,3,3,0,3,35,1820,1,3,2010,2,8,16,0,16,6,MAIN ST,GUEST AVE,0,40.69469722,-111.891202780,0,12,6,0,2,3,1,0,1,1,0,1,0,0000000,8,17,8,20,99,99,0,0,0,1,0
49,490011,4,4,0,9,53,0,10,3,2010,4,12,26,1,1,1,I-15,,357,37.40115278,-113.239775000,0,12,1,0,1,1,1,0,1,4,0,4,0,0000000,12,16,12,35,99,99,19,0,0,1,0
49,490012,1,1,0,2,57,1350,14,3,2010,1,4,13,0,13,3,SR-39,,74,41.24411111,-111.950791670,0,42,0,0,1,1,6,0,2,1,0,1,0,0000000,4,17,4,23,99,99,0,0,0,1,1
49,490014,1,1,0,1,13,0,20,3,2010,7,99,99,0,3,2,US-191,,2636,39.84703056,-110.771713890,0,17,0,0,1,1,5,0,9,99,0,99,0,0000000,88,88,88,88,88,88,0,0,0,1,0
49,490015,2,2,0,3,49,9997,21,3,2010,1,14,0,0,3,3,SR-73,100 N,254,40.32907500,-112.102602780,0,12,6,0,3,3,1,0,1,1,0,1,0,0000000,99,99,99,99,99,99,0,0,0,1,0
49,490016,1,1,0,4,27,0,13,3,2010,7,14,0,0,3,2,US-6,,1006,39.49265000,-112.401808330,0,1,0,0,1,1,5,0,1,4,0,4,0,0000000,14,1,14,18,99,99,0,0,0,1,0
49,490017,2,2,0,3,53,1670,10,3,2010,4,12,54,0,15,5,RIVER RD,,49,37.09297778,-113.557133330,0,12,6,0,8,1,1,0,1,10,0,10,0,0000000,12,56,12,58,99,99,0,0,0,2,0
49,490018,2,2,0,2,49,9997,6,3,2010,7,14,30,0,3,2,US-89,,3015,39.87127778,-111.535950000,0,12,2,0,1,1,1,0,1,1,0,1,0,0000000,14,30,14,56,99,99,0,0,0,1,0
49,490019,2,2,0,3,53,0,9,3,2010,3,9,30,0,3,3,SR-59,,175,37.14047778,-113.251361110,0,12,1,0,1,1,1,0,1,4,0,4,0,0000000,9,42,9,52,99,99,0,0,0,1,0
49,490020,2,2,0,2,37,0,11,3,2010,5,9,10,0,3,2,US-491,,45,37.87241389,-109.262466670,0,12,6,0,1,1,1,0,1,11,0,11,0,0000000,9,12,9,18,99,99,0,0,0,1,1
49,490021,1,1,0,1,53,0,1,4,2010,5,7,1,0,3,3,SR-18,,226,37.37479444,-113.657341670,0,1,0,0,1,1,5,0,4,1,0,1,0,0000000,7,5,7,12,88,88,0,0,0,1,0
49,490022,1,1,0,1,45,0,2,4,2010,6,13,57,0,3,3,SR-196,,286,40.61864444,-112.703933330,0,1,0,0,1,1,4,0,1,10,0,10,0,0000000,14,5,14,20,88,88,0,0,0,1,0
49,490023,1,1,1,2,35,2113,3,4,2010,7,17,5,0,13,3,SR-68,,0,40.69781944,-111.939052780,0,8,0,0,1,1,1,0,1,10,0,10,0,0000000,17,5,17,5,99,99,0,0,0,1,0
49,490024,3,3,0,3,35,2113,18,2,2010,5,9,16,0,16,5,3100 S,3600 W,0,40.70395278,-111.977183330,0,12,6,0,2,2,1,0,1,1,0,1,0,0000000,9,17,9,23,88,88,0,0,0,1,0
49,490025,2,2,0,3,49,0,18,2,2010,5,15,34,1,11,1,I-15,,2645,40.22666389,-111.677786110,0,12,7,0,1,1,1,0,1,1,0,1,0,0000000,99,99,99,99,99,99,0,0,0,1,0
49,490026,1,1,0,4,35,0,11,3,2010,5,19,10,0,16,5,CENTRAL AVE,,0,40.68265556,-111.895150000,0,10,0,0,6,1,1,0,1,1,0,1,0,9999999,19,10,19,15,99,99,0,0,0,2,0
49,490027,1,1,0,4,21,0,27,3,2010,7,2,45,1,1,1,I-15,,833,37.92578333,-112.770538890,0,1,0,0,1,1,4,0,2,10,0,10,0,0000000,3,0,3,6,99,99,0,0,0,1,0