STATE,ST_CASE,VE_TOTAL,VE_FORMS,PEDS,PERSONS,COUNTY,CITY,DAY,MONTH,YEAR,DAY_WEEK,HOUR,MINUTE,NHS,ROAD_FNC,ROUTE,TWAY_ID,TWAY_ID2,MILEPT,LATITUDE,LONGITUD,SP_JUR,HARM_EV,MAN_COLL,RELJCT1,RELJCT2,TYP_INT,REL_ROAD,WRK_ZONE,LGT_COND,WEATHER1,WEATHER2,WEATHER,SCH_BUS,RAIL,NOT_HOUR,NOT_MIN,ARR_HOUR,ARR_MIN,HOSP_HR,HOSP_MN,CF1,CF2,CF3,FATALS,DRUNK_DR
49,490028,1,1,0,2,45,0,10,4,2010,7,22,0,1,1,1,I-80,,80,40.74101389,-113.898697220,0,31,0,0,1,1,6,0,2,1,0,1,0,0000000,22,19,22,26,88,88,0,0,0,1,1
49,490029,1,1,0,1,53,760,16,4,2010,6,7,55,0,16,5,GILBERT INDUSTRIA CT,,0,37.16414722,-113.433838890,0,33,0,0,1,1,4,0,2,1,0,1,0,0000000,7,56,8,10,88,88,0,0,0,1,0
49,490030,1,1,0,1,11,260,16,4,2010,6,13,15,1,11,1,I-15,,3340,41.10360833,-112.004027780,0,39,0,0,1,1,4,0,1,10,0,10,0,0000000,13,18,13,20,99,99,0,0,0,1,1
49,490031,1,1,0,1,1,0,17,4,2010,7,8,48,1,1,1,I-15,,1024,38.16209722,-112.618788890,0,1,0,0,1,1,6,0,1,1,0,1,0,0000000,8,48,9,0,99,99,0,0,0,1,0
49,490032,1,1,0,1,43,359,9,5,2010,1,14,23,0,6,5,ECHO RD,,0,40.97309444,-111.441022220,0,5,0,0,1,1,2,0,1,1,0,1,0,0000000,14,34,14,44,88,88,0,0,0,1,0
49,490033,1,1,0,1,35,2113,10,5,2010,2,22,49,0,12,3,SR-201,,145,40.72709722,-111.953086110,0,1,0,0,5,1,5,0,2,1,0,1,0,0000000,22,51,22,58,88,88,0,0,0,1,0
49,490034,1,1,0,1,43,0,11,5,2010,3,16,16,1,1,1,I-80,,1404,40.75063889,-111.602211110,0,1,0,0,1,1,3,0,1,1,0,1,0,0000000,16,16,16,22,99,99,0,0,0,1,0
49,490035,1,1,0,1,27,0,24,4,2010,7,0,30,0,3,3,SR-125,,83,39.36403333,-112.348938890,0,38,0,0,1,1,4,0,2,1,0,1,0,0000000,0,33,0,47,88,88,0,0,0,1,0
49,490036,2,2,0,5,35,1700,23,3,2010,3,1,40,0,16,5,SOUTH TEMPLE ST,E ST,0,40.76945833,-111.877641670,0,12,6,0,2,2,1,0,2,1,0,1,0,0000000,99,99,99,99,99,99,0,0,0,1,1
49,490037,1,1,0,3,15,0,12,5,2010,4,13,36,1,1,1,I-70,,1399,38.91481111,-110.511475000,0,1,0,0,1,1,5,0,1,3,0,3,0,0000000,13,39,13,57,99,99,0,0,0,1,0
49,490038,3,2,0,2,57,2095,23,3,2010,3,18,42,0,13,3,SR-134,,26,41.23096111,-112.092861110,0,54,11,0,1,1,4,0,1,10,0,10,0,0000000,18,42,18,47,99,99,14,20,0,1,0
49,490039,3,3,0,4,35,1710,12,4,2010,2,19,52,1,11,1,I-15,,2955,40.59020000,-111.901158330,0,25,0,0,1,1,3,0,5,2,0,2,0,0000000,19,52,19,54,88,88,0,0,0,1,0
49,490040,2,2,1,12,41,0,29,4,2010,5,22,56,1,1,1,I-70,,114,38.55684167,-112.425177780,0,25,0,0,1,1,3,0,2,1,0,1,0,0000000,22,56,22,56,99,99,19,0,0,1,0
49,490041,2,2,1,2,49,1500,11,5,2010,3,3,26,1,11,1,I-15,,2744,40.34800000,-111.765761110,0,12,6,0,1,1,1,4,2,10,0,10,0,0000000,99,99,99,99,99,99,19,0,0,2,0
49,490042,1,1,0,4,3,0,19,5,2010,4,14,45,1,1,1,I-84,,371,41.76516667,-112.265166670,0,31,0,0,1,1,3,0,1,10,0,10,0,0000000,14,48,14,54,99,99,0,0,0,1,0
49,490043,1,1,0,1,39,0,23,5,2010,1,6,34,0,3,2,US-89,,2864,39.66332778,-111.452866670,0,35,0,0,1,1,6,0,1,1,0,1,0,0000000,6,34,6,45,99,99,0,0,0,1,0
49,490044,1,1,0,1,57,1310,21,5,2010,6,23,52,0,14,3,SR-134,,0,41.30592500,-111.976733330,0,33,0,0,1,1,4,0,2,2,0,2,0,0000000,23,52,23,56,99,99,0,0,0,1,1
49,490045,1,1,0,1,23,0,18,5,2010,3,4,19,1,1,1,I-15,,2351,39.84703056,-111.838075000,0,52,0,0,1,1,4,0,2,10,0,10,0,0000000,4,19,4,35,88,88,0,0,0,1,0
49,490046,1,1,0,1,53,220,26,5,2010,4,6,48,0,3,3,SR-18,,263,37.42252500,-113.631936110,0,31,0,0,1,1,4,0,4,1,0,1,1,0000000,6,48,7,11,88,88,0,0,0,1,0
49,490047,1,1,1,1,57,2095,28,5,2010,6,1,35,0,16,5,3500 W,,0,41.20245556,-112.064366670,0,8,0,0,1,1,1,0,2,1,0,1,0,0000000,1,36,1,42,88,88,0,0,0,1,0
49,490048,2,2,0,2,43,0,29,4,2010,5,7,10,0,3,3,SR-32,,224,40.74933889,-111.364975000,0,12,2,0,1,1,1,0,1,4,0,4,0,0000000,7,33,7,49,99,99,0,0,0,1,0
49,490049,2,2,0,3,49,0,5,4,2010,2,23,17,0,3,2,US-6,,1864,40.03392222,-111.515008330,0,12,2,0,1,1,1,0,2,4,0,4,0,0000000,23,17,23,37,88,88,0,0,0,1,0
49,490050,2,2,0,2,57,2095,7,4,2010,4,23,29,0,14,3,SR-126,SR-108,0,41.20534444,-112.025827780,0,12,6,0,2,2,1,0,3,1,0,1,0,0000000,23,29,23,36,99,99,0,0,0,1,0
49,490051,1,1,2,1,45,885,21,5,2010,6,21,17,0,3,3,SR-36,,653,40.68551944,-112.268772220,0,8,0,0,1,1,1,0,2,2,0,2,0,0000000,21,19,21,40,99,99,0,0,0,1,0
49,490052,2,2,0,2,3,1470,12,4,2010,2,13,51,1,1,1,I-15,,3585,41.43655000,-112.057372220,0,12,1,0,1,1,1,0,1,1,0,1,0,0000000,13,51,13,57,99,99,0,0,0,1,0
49,490053,2,2,0,2,35,2113,10,5,2010,2,6,48,0,14,3,SR-172,,0,40.66983333,-112.024841670,0,12,2,0,1,1,1,0,2,2,0,2,0,0000000,6,48,6,53,88,88,0,0,0,1,0
49,490054,1,1,0,1,11,910,7,6,2010,2,20,27,0,16,5,SNOWQUALMIE DR,,0,41.09246667,-111.904119440,0,5,0,0,1,1,1,0,5,1,0,1,0,0000000,20,27,20,33,99,99,0,0,0,1,1
49,490055,1,1,0,1,47,507,7,6,2010,2,18,22,0,6,5,BOTTLE HOLLOW LOOP,,0,40.28286389,-109.876327780,0,1,0,0,1,1,5,0,1,1,0,1,0,0000000,18,22,18,36,88,88,0,0,0,1,0
49,490056,1,1,0,2,49,0,10,6,2010,5,23,35,0,3,2,US-189,,110,40.32848611,-111.633452780,0,25,0,0,1,1,4,0,2,1,0,1,0,0000000,23,35,23,44,99,99,0,0,0,1,1
49,490057,1,1,0,1,39,0,11,6,2010,6,14,0,0,6,5,HIDEAWAY VALLEY,,0,39.77905833,-111.454197220,0,1,0,0,1,1,6,0,1,1,0,1,0,0000000,14,9,14,30,99,99,0,0,0,1,0
49,490058,1,1,0,1,39,0,20,6,2010,1,13,23,0,3,3,SR-132,,484,39.61970556,-111.631394440,0,35,0,0,1,1,4,0,1,1,0,1,0,0000000,13,23,13,39,99,99,0,0,0,1,0
49,490059,1,1,0,5,53,0,14,6,2010,2,13,0,0,6,5,PAGES RANCH RD,,0,37.51476389,-113.318480560,0,1,0,0,1,1,1,0,1,1,0,1,0,0000000,14,13,14,29,99,99,0,0,0,1,0
49,490060,1,1,0,1,35,2100,2,4,2010,6,21,37,0,16,5,7800 S,,0,40.60965278,-112.019950000,0,38,0,0,1,1,6,0,2,2,0,2,0,0000000,21,38,21,41,99,99,0,0,0,1,1
49,490061,2,2,0,4,3,390,11,5,2010,3,16,58,0,3,3,SR-13,I-15 N OFFRAMP EXIT,181,41.68182222,-112.141400000,0,12,6,1,2,2,1,0,1,1,0,1,0,0000000,16,58,17,12,99,99,0,0,0,1,0
49,490062,2,2,0,4,27,0,15,4,2010,5,13,1,1,2,2,US-50,SR-136,930,39.35337778,-112.496588890,0,12,6,0,2,2,1,0,1,10,0,10,0,0000000,13,4,13,12,99,99,0,0,0,2,0
49,490063,2,1,0,2,53,1670,17,4,2010,7,21,33,0,16,6,EASTRIDGE DR,,0,37.10722222,-113.551027780,0,14,0,0,1,1,7,0,3,1,0,1,0,0000000,21,33,21,40,99,99,0,0,0,1,1
49,490064,2,2,0,2,23,0,30,4,2010,6,7,0,0,3,3,SR-132,,369,39.71610000,-111.768208330,0,12,6,0,1,1,1,0,1,4,0,4,0,0000000,7,2,7,7,99,99,0,0,0,1,0
49,490065,3,3,0,5,53,0,12,5,2010,4,15,53,0,2,3,SR-9,,132,37.21679722,-113.264063890,0,12,2,0,1,1,1,0,1,2,0,2,0,0000000,15,55,16,1,99,99,0,0,0,1,0
49,490066,2,2,0,3,35,1700,30,5,2010,1,11,5,0,13,2,US-89,SR-269,99998,40.75849167,-111.888250000,0,12,6,0,2,2,1,0,1,1,0,1,0,0000000,99,99,99,99,88,88,0,0,0,1,0
49,490067,1,1,0,3,35,1700,26,6,2010,7,23,16,0,16,6,1600 W,,0,40.77618611,-111.934202780,0,33,0,0,1,1,4,0,2,1,0,1,0,0000000,23,17,23,26,88,88,0,0,0,1,1
49,490068,2,2,0,3,3,0,8,5,2010,7,17,53,0,3,3,SR-30,6000 W,912,41.78473611,-112.163875000,0,12,6,0,2,2,1,0,1,1,0,1,0,0000000,17,54,18,1,99,99,0,0,0,1,0
49,490069,2,2,0,3,35,0,21,5,2010,6,18,18,1,1,1,I-80,,1363,40.73971389,-111.670875000,0,12,2,0,1,1,1,0,1,2,0,2,0,0000000,18,18,18,26,88,88,0,0,0,1,0
49,490070,1,1,0,2,19,0,30,6,2010,4,3,0,0,3,3,SR-128,,21,38.60627500,-109.557894440,0,1,0,0,1,1,4,0,2,1,0,1,0,0000000,88,88,88,88,88,88,0,0,0,2,1
49,490071,2,2,0,3,35,0,6,6,2010,1,2,0,0,15,5,3900 S,3250 E,0,40.68705000,-111.801938890,0,12,6,0,2,2,1,0,6,1,0,1,0,0000000,99,99,99,99,99,99,0,0,0,1,1
49,490072,1,1,0,7,49,0,24,6,2010,5,11,57,0,3,2,US-6,,1843,40.03129444,-111.511916670,0,1,0,0,1,1,4,0,1,1,0,1,0,0000000,11,57,12,11,99,99,0,0,0,2,0
49,490073,2,2,0,5,35,1120,21,6,2010,2,13,58,0,13,2,US-89,,0,40.59964167,-111.890858330,0,12,2,0,1,1,1,0,1,1,0,1,0,0000000,13,58,14,3,99,99,0,0,0,1,0
49,490074,1,1,1,1,35,1700,1,7,2010,5,7,15,0,13,3,SR-71,,0,40.72413611,-111.871333330,0,8,0,0,4,1,4,0,1,1,0,1,0,0000000,7,15,7,20,99,99,0,0,0,1,0
49,490075,2,2,0,2,35,1820,24,6,2010,5,10,57,0,13,3,SR-71,,99998,40.69791667,-111.871547220,0,12,2,0,1,1,1,0,1,1,0,1,0,0000000,99,99,99,99,99,99,0,0,0,1,0
49,490076,2,2,0,8,57,0,26,6,2010,7,7,39,0,13,3,SR-39,,220,41.26155000,-111.708297220,0,12,2,0,1,1,1,0,1,1,0,1,0,0000000,7,39,7,45,99,99,0,0,0,5,1
49,490077,2,2,0,5,11,2090,28,6,2010,2,11,29,1,11,1,I-15,,3181,40.90293889,-111.891288890,0,59,0,0,1,1,3,0,1,1,0,1,0,0000000,11,32,11,34,99,99,14,0,0,1,0
49,490078,2,2,1,3,35,344,14,7,2010,4,6,45,0,14,6,HIGHLAND DR,,0,40.48762778,-111.882019440,0,12,6,0,1,1,1,0,1,1,0,1,0,0000000,6,48,6,53,99,99,0,0,0,1,0
49,490079,2,2,0,4,53,0,18,7,2010,1,17,7,1,1,1,I-15,,309,37.33181111,-113.282261110,0,12,6,0,1,1,1,1,1,1,0,1,0,0000000,17,9,17,21,88,88,3,0,0,2,0
49,490080,1,1,1,1,35,1700,13,4,2010,3,6,13,0,14,5,2100 S,,0,40.72553611,-111.877683330,0,8,0,0,1,1,1,0,3,2,0,2,0,0000000,88,88,88,88,88,88,0,0,0,1,0
49,490081,1,1,0,3,49,1730,3,7,2010,7,5,45,1,1,1,I-15,,2430,39.96475278,-111.787005560,0,24,0,0,1,1,3,0,4,1,0,1,0,0000000,5,48,5,56,99,99,0,0,0,2,0
49,490082,1,1,0,1,33,0,11,7,2010,1,8,20,0,3,3,SR-16,,56,41.48183333,-111.115722220,0,1,0,0,1,1,3,0,1,1,0,1,0,0000000,8,20,8,32,99,99,0,0,0,1,1
49,490083,1,1,0,2,19,0,10,7,2010,7,16,27,1,1,1,I-70,,2131,39.02025000,-109.301605560,0,1,0,0,1,1,3,0,1,1,0,1,0,0000000,16,28,17,5,99,99,0,0,0,1,0
49,490084,1,1,0,1,39,0,10,7,2010,7,17,40,0,6,5,SKYLINE DR,,0,39.09676111,-111.497497220,0,18,0,0,1,1,1,0,1,1,0,1,0,0000000,17,50,19,19,88,88,0,0,0,1,0
49,490085,1,1,0,1,35,1800,5,7,2010,2,9,41,0,16,5,11400 S,,0,40.54390556,-111.954716670,0,25,0,0,1,1,5,1,1,1,0,1,0,0000000,9,41,9,47,88,88,3,0,0,1,0
49,490086,1,1,0,3,35,1700,15,7,2010,5,21,51,0,16,5,6200 S,HOLLADAY BLVD,0,40.63825000,-111.811980560,0,17,0,0,2,2,4,0,3,1,0,1,0,0000000,99,99,99,99,99,99,0,0,0,1,0
49,490087,1,1,0,1,43,0,24,7,2010,7,15,23,0,16,5,PINE MEADOW DR,,0,40.80952222,-111.495180560,0,42,0,0,1,1,6,0,1,1,0,1,0,0000000,15,25,15,48,88,88,0,0,0,1,1
49,490088,1,1,0,1,49,1500,15,7,2010,5,19,30,0,16,5,MURDOCK CANAL RD,,0,40.38225000,-111.732072220,0,35,0,0,1,1,6,0,1,1,0,1,0,0000000,88,88,88,88,88,88,0,0,0,1,1
49,490089,1,1,0,1,27,0,17,7,2010,7,9,46,1,1,1,I-70,,19,38.59138333,-112.574500000,0,42,0,0,1,1,3,0,1,1,0,1,0,0000000,9,52,10,22,99,99,0,0,0,1,0
49,490090,1,1,0,3,19,0,20,7,2010,3,17,1,1,1,1,I-70,,1749,38.92202500,-109.929200000,0,1,0,0,1,1,5,0,1,1,0,1,0,0000000,17,3,17,13,99,99,0,0,0,1,0
49,490091,5,5,0,11,43,0,7,8,2010,7,12,19,0,3,3,SR-150,,63,40.63193333,-111.186791670,0,12,1,0,8,1,1,0,1,10,0,10,0,0000000,12,21,12,39,99,99,0,0,0,1,0
49,490092,1,1,0,15,21,0,9,8,2010,2,18,40,1,1,1,I-15,,657,37.77587222,-112.995758330,0,1,0,0,1,1,3,0,1,1,0,1,0,0000000,18,42,18,48,99,99,0,0,0,3,0
49,490093,1,1,0,1,11,1900,9,8,2010,2,19,57,0,14,3,SR-37,,16,41.14007500,-112.036000000,0,10,0,0,6,1,1,0,1,1,0,1,0,805619V,19,58,20,1,88,88,0,0,0,1,1
49,490094,3,3,0,3,35,1020,11,8,2010,4,14,53,0,13,3,SR-201,8000 W,77,40.71844444,-112.082433330,0,12,6,0,2,2,1,0,1,1,0,1,0,0000000,14,54,15,0,99,99,0,0,0,1,0
49,490095,4,4,0,4,49,970,31,8,2010,3,6,13,1,11,1,I-15,,2731,40.32940278,-111.736794440,0,12,7,0,1,1,1,1,1,1,0,1,0,0000000,6,15,6,20,99,99,0,0,0,1,0
49,490096,1,1,1,1,35,712,13,7,2010,3,16,24,0,16,5,3900 S,,0,40.68698333,-111.799577780,0,9,0,0,1,1,1,0,1,1,0,1,0,0000000,99,99,99,99,99,99,0,0,0,1,0
49,490097,2,2,0,2,35,2100,26,6,2010,7,8,19,0,16,5,2700 W,,0,40.62183611,-111.957894440,0,12,2,0,1,1,2,0,1,1,0,1,0,0000000,8,20,8,24,99,99,0,0,0,1,0
49,490098,1,1,0,1,21,1450,3,8,2010,3,6,45,1,1,1,I-15,,749,37.83527500,-112.872161110,0,31,0,0,1,1,3,0,1,1,0,1,0,0000000,88,88,88,88,88,88,0,0,0,1,1
49,490099,1,1,0,1,23,0,9,8,2010,2,23,20,0,3,2,US-6,,1380,39.93711944,-112.149125000,0,35,0,0,1,1,6,0,2,1,0,1,0,0000000,23,40,0,7,99,99,0,0,0,1,1
49,490100,1,1,0,1,23,0,9,8,2010,2,23,30,0,3,2,US-6,,1395,39.94896389,-112.125091670,0,35,0,0,1,1,6,0,2,1,0,1,0,0000000,23,50,99,99,99,99,0,0,0,1,1
49,490101,1,1,0,1,35,1700,15,8,2010,1,7,13,1,11,1,I-215 RAMP,,148,40.72748611,-111.952141670,0,31,0,1,5,1,4,0,1,1,0,1,0,0000000,7,13,7,27,99,99,0,0,0,1,0
49,490102,1,1,0,2,49,0,22,8,2010,1,4,30,0,3,2,US-6,,1549,39.96106944,-111.864852780,0,1,0,0,1,1,4,0,2,1,0,1,0,0000000,99,99,99,99,99,99,0,0,0,1,1
49,490103,1,1,0,4,15,0,28,8,2010,7,1,30,1,1,1,I-70,,1500,38.93217222,-110.354233330,0,1,0,0,1,1,3,0,2,1,0,1,0,0000000,1,39,2,2,99,99,0,0,0,1,0
49,490104,1,1,0,1,9,0,31,8,2010,3,15,27,0,3,3,SR-43,,33,40.97626944,-109.815902780,0,1,0,0,1,1,2,0,1,1,0,1,0,0000000,15,28,15,37,88,88,0,0,0,1,0
49,490105,1,1,0,1,35,0,29,8,2010,1,5,26,0,14,3,SR-65,,90,40.82582500,-111.657313890,0,35,0,0,1,1,6,0,2,1,0,1,0,0000000,88,88,88,88,88,88,0,0,0,1,1
49,490106,2,2,0,3,25,0,10,7,2010,7,16,47,0,3,2,US-89,,116,37.08914444,-111.726150000,0,12,2,0,1,1,1,0,1,1,0,1,0,0000000,16,47,16,55,88,88,0,0,0,3,0
49,490107,2,2,0,3,49,0,12,7,2010,2,0,29,1,2,2,US-6,,2136,39.89235278,-111.052894440,0,11,0,0,1,1,1,0,2,1,0,1,0,0000000,0,33,99,99,88,88,0,0,0,1,0
49,490108,1,1,1,1,35,1700,27,8,2010,6,5,58,0,16,5,2100 S,600 W,0,40.72543611,-111.907211110,0,9,0,0,2,2,1,0,3,1,0,1,0,0000000,6,3,6,8,99,99,0,0,0,1,0
49,490109,2,2,0,2,15,0,20,7,2010,3,10,50,0,3,3,SR-10,,581,39.45554722,-110.860633330,0,12,2,0,1,1,1,0,1,1,0,1,0,0000000,10,54,11,1,88,88,0,0,0,1,0
49,490110,2,2,0,4,49,0,31,7,2010,7,8,17,1,2,2,US-6,,1871,39.99921667,-111.486855560,0,12,8,0,1,1,1,0,1,1,0,1,0,0000000,8,17,9,40,99,99,0,0,0,2,0
49,490111,1,1,1,1,35,1240,20,5,2010,5,14,19,0,14,3,SR-266,,0,40.67422500,-111.866611110,0,8,0,0,1,1,1,0,1,1,0,1,0,0000000,14,21,14,25,99,99,0,0,0,1,0
49,490112,1,1,0,1,47,0,13,3,2010,7,6,58,0,6,5,4500 E,,0,40.34700278,-109.915380560,3,42,0,0,1,1,6,0,4,1,0,1,0,0000000,88,88,88,88,88,88,0,0,0,1,1
49,490113,2,2,0,2,35,712,18,8,2010,4,9,34,1,11,1,I-215,,72,40.63453889,-111.817730560,0,12,6,0,1,1,1,0,1,1,0,1,0,0000000,9,36,9,46,99,99,0,0,0,1,0
49,490114,2,2,0,4,49,0,19,8,2010,5,12,31,0,13,3,SR-73,,350,40.38570000,-111.943925000,0,12,6,0,1,1,1,0,1,2,0,2,0,0000000,12,32,12,39,99,99,0,0,0,1,0
49,490115,2,2,0,3,49,0,24,8,2010,3,14,57,1,13,2,US-189,,129,40.35439444,-111.582297220,0,12,7,0,1,1,1,0,1,1,0,1,0,0000000,14,57,15,6,99,99,0,0,0,1,0
49,490116,2,2,0,2,35,0,11,9,2010,7,20,36,1,11,1,I-80,,1380,40.74764722,-111.640577780,0,12,11,0,1,1,1,0,2,1,0,1,0,0000000,20,36,21,42,88,88,0,0,0,1,1
49,490117,1,1,1,1,35,1710,22,9,2010,4,14,0,1,13,3,SR-71,9400 S,99999,40.58074722,-111.872491670,0,8,0,0,2,2,1,0,1,10,0,10,0,0000000,14,1,14,4,99,99,0,0,0,1,0
49,490118,2,2,0,3,35,1924,28,9,2010,3,20,24,1,13,3,SR-173,,99998,40.65319722,-111.967205560,0,12,1,0,4,1,1,1,3,1,0,1,0,0000000,20,25,20,26,99,99,0,0,0,1,0
49,490119,1,1,0,1,35,9997,8,5,2010,7,18,35,0,3,3,SR-190,,0,40.62359444,-111.595172220,0,5,0,0,1,1,6,0,1,1,0,1,0,0000000,99,98,99,98,88,88,0,0,0,1,1
49,490120,1,1,0,3,27,0,7,9,2010,3,9,30,1,2,2,US-50,,1126,39.11567778,-112.333144440,0,1,0,0,1,1,5,0,1,1,0,1,0,0000000,9,31,9,47,99,99,0,0,0,1,0
49,490121,1,1,0,2,51,0,4,9,2010,7,14,6,0,6,5,MAIN CYN RD,,0,40.45583056,-111.051177780,0,42,0,0,1,1,4,0,1,1,0,1,0,0000000,14,6,14,39,99,99,0,0,0,1,1
49,490122,1,1,0,6,49,0,1,9,2010,4,2,25,1,11,1,I-15,,2431,39.96606944,-111.776961110,0,1,0,0,1,1,3,0,2,1,0,1,0,0000000,2,25,99,99,99,99,0,0,0,3,0
49,490123,1,1,0,2,39,0,30,9,2010,5,11,30,0,3,3,SR-264,,4,39.67482500,-111.309700000,0,5,0,0,1,1,6,0,1,1,0,1,0,0000000,11,35,11,58,99,99,0,0,0,1,0
49,490124,1,1,0,2,23,0,9,9,2010,5,12,9,1,1,1,I-15,,2125,39.57552778,-111.934891670,0,31,0,0,1,1,3,0,1,1,0,1,0,0000000,12,9,12,20,99,99,0,0,0,1,0
49,490125,2,2,0,2,35,1700,8,7,2010,5,7,53,0,16,5,200 E,50 S,0,40.76822500,-111.885452780,0,12,6,0,2,3,1,0,1,1,0,1,0,0000000,7,53,8,0,99,99,0,0,0,1,0
49,490126,1,1,1,1,35,9997,20,6,2010,1,19,44,0,16,5,6675 S,,0,40.62994722,-111.827902780,0,8,0,0,1,1,1,0,1,1,0,1,0,0000000,19,44,19,51,99,99,0,0,0,1,0
49,490127,1,1,0,1,17,0,9,9,2010,5,19,21,0,6,5,NOT0M RD,,0,37.88515000,-111.030577780,0,35,0,0,1,1,6,0,1,1,0,1,0,0000000,19,21,20,12,99,99,0,0,0,1,1
49,490128,1,1,1,1,5,990,8,7,2010,5,17,48,0,16,5,1000 S,800 W,0,41.71322500,-111.854380560,0,9,0,0,2,3,1,0,1,1,0,1,0,0000000,17,51,17,56,99,99,0,0,0,1,0
49,490129,1,1,0,5,15,0,2,10,2010,7,20,24,0,3,3,SR-264,,57,39.66755556,-111.243783330,0,1,0,0,1,1,4,0,2,1,0,1,0,0000000,20,25,20,45,99,99,0,0,0,1,1
49,490130,1,1,1,2,35,1924,23,7,2010,6,18,53,0,16,5,SUPERIOR PEAK,,0,40.66884722,-111.912305560,0,8,0,0,1,1,1,0,1,1,0,1,0,0000000,88,88,88,88,88,88,0,0,0,1,0
49,490131,2,2,0,2,57,9997,13,8,2010,6,19,46,0,14,3,SR-134,SR-126,0,41.30643889,-112.027716670,0,12,6,0,2,2,1,0,1,1,0,1,0,0000000,19,51,19,55,99,99,0,0,0,1,0
49,490132,1,1,1,1,13,1250,5,9,2010,1,20,51,1,2,2,US-40,,1046,40.19198889,-110.073052780,0,8,0,0,1,1,1,0,2,1,0,1,0,0000000,20,55,21,20,99,99,0,0,0,1,0
49,490133,1,1,0,2,19,0,26,9,2010,1,13,55,1,1,1,I-70,,2285,39.18383611,-109.116211110,0,35,0,0,1,1,3,0,1,1,0,1,0,0000000,13,59,14,22,99,99,0,0,0,1,0
49,490134,2,2,0,3,35,1700,19,8,2010,5,23,6,0,16,5,200 S,200 W,0,40.76474722,-111.896866670,0,12,6,0,2,2,1,0,3,1,0,1,0,0000000,23,6,99,99,99,99,0,0,0,1,0
49,490135,2,2,0,6,3,390,28,8,2010,7,15,30,0,3,3,SR-13,8000 N,163,41.65418889,-112.140713890,0,12,6,0,2,2,1,0,1,1,0,1,0,0000000,15,44,15,52,99,99,0,0,0,1,0
49,490136,2,2,0,3,49,1560,2,9,2010,5,14,24,1,11,1,I-15,,2662,40.24599167,-111.695938890,0,12,7,0,1,1,1,0,1,1,0,1,0,0000000,14,28,14,35,99,99,0,0,0,1,0
49,490137,1,1,0,1,41,0,28,9,2010,3,21,20,1,2,2,US-89,,1897,38.57662222,-112.259675000,0,34,0,0,1,1,2,0,2,1,0,1,0,0000000,21,25,21,35,99,99,0,0,0,1,0
49,490138,1,1,0,2,35,0,23,9,2010,5,17,13,0,3,3,SR-190,,0,40.63193333,-111.733361110,0,1,0,0,1,1,4,0,1,1,0,1,0,0000000,17,15,17,17,99,99,0,0,0,1,1
49,490139,2,2,0,2,3,0,4,9,2010,7,15,15,1,2,2,US-91,775 W,0,41.48640000,-112.028230560,0,12,6,0,2,2,1,0,1,1,0,1,0,0000000,15,15,15,20,88,88,0,0,0,1,0
49,490140,1,1,0,1,33,540,9,10,2010,7,10,42,1,2,2,US-89,,4949,41.92705833,-111.426086110,0,5,0,0,1,1,6,0,1,1,0,1,0,0000000,10,42,10,52,88,88,0,0,0,1,0
49,490141,1,1,0,1,45,0,19,10,2010,3,6,17,1,1,1,I-80,,118,40.73763333,-113.818702780,0,31,0,0,1,1,3,0,2,1,0,1,0,0000000,6,19,6,40,99,99,0,0,0,1,1
49,490142,1,1,0,1,13,0,13,10,2010,4,19,42,0,3,3,SR-35,,437,40.33162778,-110.673180560,0,1,0,0,1,1,4,0,2,1,0,1,0,0000000,19,45,19,51,99,99,0,0,0,1,1
49,490143,2,2,0,2,35,1700,2,10,2010,7,15,2,0,14,3,SR-181,BRICKYARD RD,0,40.70224444,-111.854983330,0,12,6,0,2,2,1,0,1,1,0,1,0,0000000,99,99,99,99,88,88,0,0,0,1,0
49,490144,2,2,0,3,13,0,7,9,2010,3,10,15,1,2,2,US-40,33910 W,738,40.18126667,-110.648502780,0,12,6,0,2,3,1,0,1,1,0,1,0,0000000,10,18,10,32,88,88,0,0,0,2,0
49,490145,2,2,0,2,35,1700,6,10,2010,4,12,23,1,11,1,I-80 COLLECTOR,,1195,40.71844444,-111.900686110,0,12,1,1,5,1,1,0,1,1,0,1,0,0000000,12,23,12,28,99,99,0,0,0,1,0
49,490147,1,1,1,1,49,1390,7,10,2010,5,7,41,0,16,5,1340 N,1200 W,0,40.32156667,-111.724669440,0,8,0,0,3,3,4,0,4,1,0,1,0,0000000,99,99,99,99,99,99,0,0,0,1,0
49,490148,1,1,0,4,57,1350,27,5,2010,5,14,39,0,14,3,SR-39,,138,41.25367778,-111.847258330,0,1,0,0,1,1,5,0,1,1,0,1,0,0000000,14,39,14,47,99,99,0,0,0,1,0
49,490149,1,1,1,1,49,1860,16,10,2010,7,18,32,0,16,5,ARCHMORE LOOP,,0,40.14553611,-111.634547220,0,8,0,0,4,1,1,0,5,1,0,1,0,0000000,18,32,18,41,99,99,0,0,0,1,0
49,490150,1,1,0,2,13,0,6,11,2010,7,15,13,0,3,3,SR-87,,322,40.25712778,-110.177077780,0,1,0,0,1,1,5,0,1,1,0,1,0,0000000,15,14,15,23,99,99,0,0,0,1,0
49,490151,1,1,0,1,3,2120,18,11,2010,5,14,36,1,11,1,I-15,,3559,41.40926111,-112.050247220,0,1,0,0,1,1,5,0,1,1,0,1,0,0000000,14,37,14,53,88,88,0,0,0,1,0