STATE,ST_CASE,VE_TOTAL,VE_FORMS,PEDS,PERSONS,COUNTY,CITY,DAY,MONTH,YEAR,DAY_WEEK,HOUR,MINUTE,NHS,ROAD_FNC,ROUTE,TWAY_ID,TWAY_ID2,MILEPT,LATITUDE,LONGITUD,SP_JUR,HARM_EV,MAN_COLL,RELJCT1,RELJCT2,TYP_INT,REL_ROAD,WRK_ZONE,LGT_COND,WEATHER1,WEATHER2,WEATHER,SCH_BUS,RAIL,NOT_HOUR,NOT_MIN,ARR_HOUR,ARR_MIN,HOSP_HR,HOSP_MN,CF1,CF2,CF3,FATALS,DRUNK_DR
49,490152,1,1,0,3,3,390,27,11,2010,7,16,54,0,6,5,6800 W,,0,41.68278333,-112.180108330,0,34,0,0,1,1,6,0,1,1,0,1,0,0000000,16,56,17,2,99,99,0,0,0,1,0
49,490153,2,2,0,6,11,260,18,9,2010,7,12,11,0,14,3,SR-193,1000 E,0,41.10335000,-112.006944440,0,12,6,0,2,2,1,0,1,1,0,1,0,0000000,12,12,12,15,99,99,0,0,0,1,0
49,490154,1,1,0,2,39,200,18,10,2010,2,2,30,1,2,2,US-89,,2385,39.11913889,-111.819877780,0,5,0,0,1,1,1,0,2,1,0,1,0,0000000,88,88,88,88,88,88,0,0,0,1,0
49,490155,1,1,0,1,3,0,23,10,2010,7,0,8,1,1,1,I-15 OFF-RAMP,SR-126,3510,41.34076389,-112.036986110,0,52,0,1,5,1,6,0,3,1,0,1,0,0000000,0,13,0,17,88,88,0,0,0,1,0
49,490156,1,1,0,6,3,0,23,10,2010,7,14,30,0,6,5,OAKLEY RD,,0,41.83733889,-113.812180560,0,1,0,0,1,1,4,0,1,1,0,1,0,0000000,14,40,15,20,99,99,0,0,0,1,1
49,490157,1,1,0,1,21,0,26,10,2010,3,13,5,0,6,5,LUND HWY,,0,37.99345833,-113.411177780,0,35,0,0,1,1,6,0,1,1,0,1,0,0000000,13,50,14,11,88,88,0,0,0,1,0
49,490158,1,1,0,2,27,0,29,10,2010,6,11,10,0,6,5,2000 W,OASIS RD,0,39.31464444,-112.614327780,0,59,0,0,3,3,6,0,1,1,0,1,0,0000000,11,10,11,20,99,99,0,0,0,1,0
49,490159,1,1,0,3,53,0,25,10,2010,2,21,25,0,6,5,GUNLOCK RD,,0,37.31481667,-113.732527780,0,1,0,0,1,1,2,0,2,1,0,1,0,0000000,21,29,21,38,99,99,0,0,0,1,0
49,490160,1,1,0,1,57,1350,22,10,2010,6,10,36,1,11,1,I-15,,3428,41.21559444,-112.001666670,0,30,0,0,1,1,6,0,1,1,0,1,0,0000000,10,41,10,50,99,99,0,0,0,1,0
49,490161,1,1,0,6,41,0,17,10,2010,1,8,57,1,1,1,I-70,,227,38.58681944,-112.273408330,0,31,0,0,1,1,3,0,1,1,0,1,0,0000000,9,4,9,14,99,99,0,0,0,2,0
49,490162,2,2,0,2,11,9997,12,7,2010,2,1,49,0,16,5,2425 N,,0,41.14821944,-112.106380560,0,12,2,0,1,1,1,0,2,1,0,1,0,0000000,1,52,1,58,99,99,0,0,0,1,2
49,490163,1,1,0,2,57,1350,18,12,2010,7,2,31,0,16,5,900 S,,0,41.24619167,-112.115136110,0,31,0,0,1,1,6,0,2,1,0,1,0,0000000,2,33,2,45,99,99,0,0,0,1,0
49,490164,1,1,0,2,47,2010,5,11,2010,6,23,30,0,16,5,BRUSH CREEK RD,,0,40.44485556,-109.410780560,0,35,0,0,1,1,3,0,2,1,0,1,0,0000000,0,31,0,55,99,99,0,0,0,1,1
49,490165,1,1,1,3,35,1020,19,10,2010,3,11,26,0,16,5,KATHERINE DR,,0,40.70034167,-112.100008330,0,9,0,0,1,1,1,0,1,1,0,1,0,0000000,11,28,11,32,99,99,0,0,0,1,0
49,490166,1,1,0,1,11,460,31,12,2010,6,23,40,0,13,3,SR-67,,110,40.96570556,-111.893263890,0,59,0,0,1,1,6,0,2,10,0,10,0,0000000,23,45,23,51,99,99,0,0,0,1,0
49,490167,1,1,0,1,53,2050,22,12,2010,4,8,43,1,12,1,I-15,,126,37.14413889,-113.495250000,0,1,0,0,1,1,3,0,2,10,0,10,0,0000000,8,45,8,49,88,88,0,0,0,1,0
49,490168,1,1,0,2,13,0,20,12,2010,2,2,20,1,2,2,US-40,,922,40.16864167,-110.304794440,0,1,0,0,1,1,2,0,2,2,0,2,0,0000000,2,30,2,58,88,88,0,0,0,1,1
49,490169,2,2,0,3,35,1700,26,10,2010,3,17,7,0,13,7,2100 S FRONTAGE RD,,0,40.72540556,-111.975230560,0,12,8,0,1,1,1,0,1,1,0,1,0,0000000,17,10,99,99,99,99,0,0,0,1,1
49,490170,1,1,1,1,19,0,13,11,2010,7,7,54,0,3,2,US-191,,1218,38.53611389,-109.511247220,0,8,0,0,1,1,1,0,1,1,0,1,0,0000000,7,56,8,3,88,88,0,0,0,1,1
49,490171,1,1,2,1,49,1560,19,9,2010,1,20,1,0,16,5,N CAMPUS DR,,0,40.25210000,-111.648152780,4,8,0,0,1,1,1,0,2,1,0,1,0,0000000,20,1,20,6,99,99,0,0,0,1,0
49,490172,1,1,1,1,35,1240,17,10,2010,1,0,21,0,14,3,SR-266,GORDON LANE,0,40.67430833,-111.879294440,0,8,0,0,2,3,1,0,2,1,0,1,0,0000000,0,21,0,29,88,88,0,0,0,1,1
49,490173,1,1,1,1,35,344,14,11,2010,1,21,7,0,16,5,LONE PEAK PKWY,,0,40.53986389,-111.898155560,0,9,0,0,1,1,2,0,2,4,0,4,0,0000000,21,7,21,15,88,88,0,0,0,1,0
49,490174,2,2,0,4,49,0,25,9,2010,7,5,5,1,2,2,US-6,,2034,39.93553889,-111.200866670,0,12,8,0,1,1,1,0,2,1,0,1,0,0000000,5,5,5,20,99,99,0,0,0,1,0
49,490175,2,2,0,3,45,0,25,9,2010,7,7,23,0,3,3,SR-138,SHEEP LANE,153,40.61408333,-112.371038890,0,12,2,0,2,3,1,0,1,1,0,1,0,0000000,99,99,99,99,99,99,0,0,0,1,0
49,490176,2,2,0,2,35,2113,21,10,2010,5,9,22,0,12,3,SR-201,,143,40.72641389,-111.965188890,0,1,0,0,1,1,1,0,1,1,0,1,0,0000000,9,23,9,29,88,88,0,0,0,1,0
49,490177,2,2,0,7,35,124,24,10,2010,1,20,18,0,13,3,SR-68,,99999,40.46095556,-111.942058330,0,12,1,0,1,1,1,0,2,1,0,1,0,0000000,20,19,20,24,99,99,0,0,0,2,0
49,490178,2,2,0,4,17,0,21,11,2010,1,15,30,1,2,2,US-89,,1192,37.68164722,-112.399750000,0,12,6,0,1,1,1,0,1,10,0,10,0,0000000,15,30,15,48,99,99,0,0,0,2,0
49,490179,2,2,0,4,57,1350,13,12,2010,2,15,54,1,13,3,SR-203,,99999,41.18098056,-111.949397220,0,12,6,0,8,1,1,0,1,1,0,1,0,0000000,15,56,16,2,99,99,0,0,0,1,0
49,490180,2,1,0,4,21,0,14,12,2010,3,10,35,1,1,1,I-15,,555,37.63734444,-113.097983330,0,14,0,0,1,1,2,0,1,10,0,10,0,0000000,10,38,10,45,99,99,0,0,0,1,0
49,490181,4,4,0,7,35,1120,16,12,2010,5,13,5,1,11,1,I-15,,2968,40.60613333,-111.905194440,0,12,1,0,1,1,1,0,1,1,0,1,0,0000000,13,8,13,18,99,99,0,0,0,1,0
49,490182,1,1,0,2,19,0,5,10,2010,3,9,6,1,1,1,I-70,,2170,39.05385000,-109.261094440,0,38,0,0,1,1,6,0,1,1,0,1,0,0000000,9,7,9,39,99,99,0,0,0,1,0
49,490183,2,2,0,3,7,0,23,10,2010,7,16,48,1,2,2,US-6,,2517,39.54535278,-110.638502780,0,12,8,0,1,1,1,0,1,2,0,2,0,0000000,16,56,17,0,88,88,0,0,0,2,0
49,490184,2,2,0,3,35,1700,11,11,2010,5,16,50,1,12,3,SR-201,,109,40.72508056,-112.008877780,0,12,7,0,1,1,1,0,1,1,0,1,0,0000000,16,59,17,3,99,99,0,0,0,1,0
49,490185,1,1,1,4,39,1220,4,11,2010,5,8,5,0,6,6,200 W,200 N,0,39.63123889,-111.443280560,0,9,0,0,2,2,1,0,4,1,0,1,0,0000000,8,5,8,7,99,99,0,0,0,1,0
49,490186,1,1,1,2,5,1550,14,11,2010,1,20,8,0,14,3,SR-165,1200 S,101,41.70544722,-111.834797220,0,8,0,0,2,2,1,0,3,2,0,2,0,0000000,20,10,20,14,99,99,0,0,0,1,0
49,490187,1,1,1,1,35,1700,24,11,2010,4,19,27,0,13,3,SR-186,500 E,0,40.76055278,-111.876847220,0,8,0,0,2,2,1,0,3,1,0,1,0,0000000,99,99,99,99,88,88,0,0,0,1,0
49,490188,2,2,0,6,13,0,25,11,2010,5,12,6,0,3,3,SR-35,SR-208,449,40.32927222,-110.671463890,0,12,6,0,2,3,1,0,1,1,0,1,0,0000000,12,13,12,20,99,99,0,0,0,2,0
49,490189,1,1,1,1,11,260,9,12,2010,5,18,14,0,13,3,SR-126,MOBILE HOME PARK ST,99999,41.10744167,-112.019883330,0,8,0,0,2,3,1,0,3,1,0,1,0,0000000,18,16,18,20,99,99,0,0,0,1,0
49,490190,1,1,1,1,57,1350,16,12,2010,5,5,57,0,13,3,SR-204,28TH ST,99999,41.21423056,-111.979019440,0,8,0,0,3,2,1,0,2,1,0,1,0,0000000,6,0,6,4,88,88,0,0,0,1,0
49,490191,1,1,3,1,49,940,18,12,2010,7,21,22,1,11,1,I-15,,2847,40.43741111,-111.897125000,0,8,0,0,1,1,1,1,2,10,0,10,0,0000000,21,22,21,31,99,99,0,0,0,1,0
49,490192,2,1,3,2,53,0,19,12,2010,1,12,7,1,1,1,I-15,,283,37.27214167,-113.316077780,0,8,0,0,1,1,4,0,1,2,0,2,0,0000000,12,7,12,22,99,99,19,0,0,2,0
49,490193,2,2,0,2,49,1460,6,12,2010,2,10,53,0,13,3,SR-178,,99999,40.03116389,-111.755633330,0,12,2,1,5,1,1,0,1,10,0,10,0,0000000,10,53,11,2,99,99,0,0,0,1,0
49,490194,2,2,0,8,35,2100,29,12,2010,4,19,0,0,16,6,AIRPORT RD,,0,40.61356111,-111.998147220,0,12,6,0,1,1,1,0,2,4,0,4,0,0000000,19,4,19,9,99,99,0,0,0,1,0
49,490195,2,2,0,3,35,1240,20,12,2010,2,14,20,0,16,5,900 E,,0,40.63201389,-111.866033330,0,12,2,0,1,1,1,0,1,4,0,4,0,0000000,14,21,14,24,99,99,0,0,0,1,0
49,490196,2,2,0,4,23,0,17,12,2010,6,19,4,0,3,3,SR-132,,365,39.71141389,-111.774216670,0,12,6,0,1,1,1,0,2,4,0,4,0,0000000,19,4,19,15,99,99,0,0,0,2,0
49,490197,2,2,0,5,5,1550,18,12,2010,7,11,19,0,14,3,SR-165,,97,41.70406111,-111.835069440,0,12,1,0,1,1,1,0,1,4,0,4,0,0000000,11,23,11,27,99,99,0,0,0,2,0
49,490198,2,2,0,2,11,2140,18,10,2010,2,16,25,0,13,3,SR-68,1500 S,0,40.87461667,-111.930019440,0,12,6,0,2,2,1,0,1,1,0,1,0,0000000,16,28,16,35,99,99,0,0,0,1,0
49,490199,1,1,0,3,45,1940,26,11,2010,6,20,5,0,16,5,200 S,,0,40.52681667,-112.317438890,0,42,0,0,1,1,6,0,2,1,0,1,0,0000000,20,5,20,25,99,99,0,0,0,1,1
49,490200,2,2,0,4,57,1650,28,11,2010,1,15,46,1,11,1,I-15,,3390,41.16998056,-112.020141670,0,12,9,0,1,1,6,0,1,4,0,4,0,0000000,15,47,15,52,99,99,19,0,0,1,0
49,490201,2,2,0,7,21,190,6,12,2010,2,12,36,0,13,3,SR-130,3000 N,99999,37.73104722,-113.055325000,0,12,6,0,2,4,1,0,1,10,0,10,0,0000000,12,42,12,44,99,99,0,0,0,1,0
49,490202,4,4,0,11,35,0,20,12,2010,2,11,55,1,13,3,SR-201,,29,40.72735556,-112.181652780,0,12,2,0,1,1,1,0,1,3,0,3,0,0000000,12,0,12,8,99,99,0,0,0,3,1
49,490203,1,1,1,1,35,2100,4,3,2010,5,19,29,0,14,6,7000 S,,0,40.62382222,-111.937380560,0,8,0,0,1,1,1,0,3,10,0,10,0,0000000,19,30,19,33,99,99,0,0,0,1,0
49,490204,1,1,0,1,49,1560,21,1,2010,5,14,19,0,16,6,SEVEN PEAKS BLVD,,0,40.23608333,-111.638561110,0,33,0,0,1,1,4,0,1,10,0,10,0,0000000,14,19,14,23,14,48,0,0,0,1,0
49,490205,1,1,1,1,57,1350,26,1,2010,3,5,49,0,16,6,HARRISON BLVD,9TH ST,0,41.24793333,-111.948194440,0,8,0,0,2,2,1,0,3,10,0,10,0,0000000,5,53,5,58,99,99,0,0,0,1,0
49,490206,2,2,0,3,35,1924,19,2,2010,6,5,41,0,13,3,SR-266,1175 W,0,40.67093889,-111.925150000,0,12,6,0,2,2,1,0,3,1,0,1,0,0000000,5,41,5,46,99,99,0,0,0,1,0
49,490207,1,1,0,1,53,0,16,3,2010,3,22,17,0,6,4,GUNLOCK RD,,0,37.27350556,-113.769950000,0,38,0,0,1,1,6,0,2,1,0,1,0,0000000,22,21,22,48,99,99,0,0,0,1,1
49,490208,1,1,0,1,13,0,10,4,2010,7,3,56,0,6,4,200 N,,0,40.30152222,-110.048588890,0,1,0,0,1,1,4,0,2,99,0,99,0,0000000,3,56,4,6,99,99,0,0,0,1,1
49,490209,2,2,0,5,35,1700,29,4,2010,5,15,50,0,13,3,SR-171,1100 E,99999,40.69980556,-111.859830560,0,12,6,0,2,2,1,0,1,1,0,1,0,0000000,99,99,99,99,99,99,0,0,0,1,0
49,490210,1,1,0,1,41,1190,30,5,2010,1,14,7,0,6,6,BROOKLYN RD,,0,38.61646944,-112.148180560,0,1,0,0,1,1,4,0,1,99,0,99,0,0000000,14,8,14,15,88,88,0,0,0,1,0
49,490211,1,1,0,1,15,740,8,6,2010,3,9,48,0,6,6,100 E,300 N,0,39.33144167,-110.962386110,0,5,0,0,99,9,1,0,1,99,0,99,0,0000000,9,49,9,53,99,99,0,0,0,1,0
49,490212,4,1,0,1,57,9997,26,6,2010,7,0,46,0,14,3,SR-126,,99998,41.29663889,-112.027844440,0,53,0,0,1,1,4,0,2,1,0,1,0,0000000,0,46,0,57,99,99,0,0,0,1,1
49,490213,1,1,0,1,37,120,3,7,2010,7,21,25,0,6,6,300 W,,0,37.62306944,-109.483416670,0,1,0,0,1,1,1,0,2,1,0,1,0,0000000,21,29,21,35,99,99,0,0,0,1,0
49,490214,1,1,0,3,47,0,12,8,2010,5,6,5,1,2,2,US-40,,1553,40.36642778,-109.370269440,0,11,0,0,1,1,1,0,2,1,0,1,0,0000000,6,11,6,24,99,99,0,0,0,2,0
49,490215,2,2,0,2,57,1810,30,9,2010,5,8,45,1,13,2,US-89,850 E,99998,41.16554722,-111.957625000,0,12,6,0,2,2,1,0,1,1,0,1,0,0000000,9,14,9,20,9,35,0,0,0,1,0
49,490216,3,3,0,3,11,910,8,10,2010,6,13,22,0,13,3,SR-193,FAIRFIELD RD,99998,41.10199167,-111.950083330,0,12,6,0,2,2,1,0,1,1,0,1,0,0000000,13,23,13,29,14,3,0,0,0,1,0
49,490217,2,2,0,3,35,1710,20,12,2010,2,19,42,0,14,6,9400 S,,0,40.58035556,-111.867555560,0,12,6,0,8,1,1,0,3,2,0,2,0,0000000,19,44,19,49,20,17,0,0,0,1,0
49,490218,1,1,0,1,35,1820,31,12,2010,6,14,39,0,16,6,900 W,2900 S,0,40.70823056,-111.916908330,0,43,0,0,2,3,5,1,1,4,0,4,0,0000000,14,41,14,43,99,99,0,0,0,1,0
50,500001,2,2,0,6,7,149,7,1,2010,5,15,56,0,6,5,TH-8,,99999,44.33405833,-73.220386110,0,12,6,0,8,1,1,0,1,1,0,1,0,0000000,16,3,16,16,88,88,0,0,0,1,1
50,500002,2,2,0,3,7,120,10,1,2010,1,12,50,0,15,5,FAU 5009,,21,44.51422222,-73.235516670,0,12,2,0,1,1,1,0,1,1,0,1,0,0000000,12,51,12,56,13,24,0,0,0,2,0
50,500003,1,1,0,1,15,791,14,1,2010,5,21,21,0,6,5,TH-11,WHEELER LANE,99999,44.60096111,-72.478213890,0,1,0,0,2,3,1,0,2,1,0,1,0,0000000,21,21,21,47,88,88,0,0,0,1,0
50,500004,1,1,0,5,19,410,15,1,2010,6,22,4,0,3,2,US-5,,2,44.92556667,-72.227713890,0,42,0,0,1,1,4,0,2,10,0,10,0,0000000,22,2,22,15,22,32,0,0,0,2,1
50,500005,3,3,0,4,23,380,25,1,2010,2,3,26,1,11,1,I-89SB,,535,44.25738611,-72.601019440,0,12,6,0,1,1,1,0,2,3,0,3,0,0000000,3,41,4,1,4,15,0,0,0,2,0
50,500006,1,1,1,2,25,9997,31,1,2010,1,16,7,1,1,1,I-91SB,,177,42.96136389,-72.528791670,0,8,0,0,1,1,1,0,1,1,0,1,0,0000000,16,6,16,16,88,88,0,0,0,1,0
50,500007,1,1,2,1,21,580,23,2,2010,3,14,31,0,16,8,GREEN MTN. PLAZA LOT,,99999,43.58523889,-72.970497220,0,8,0,0,1,1,7,0,1,4,0,4,0,0000000,14,31,14,34,14,56,0,0,0,1,0
50,500008,1,1,0,1,17,398,20,4,2010,3,1,44,1,1,1,I-91SB,,1107,44.16446667,-72.084458330,0,52,0,0,1,1,3,0,2,1,0,1,0,0000000,1,48,1,57,88,88,0,0,0,1,1
50,500009,1,1,0,2,13,625,13,3,2010,7,8,54,0,6,5,TH-6,,99999,44.65390833,-73.346072220,0,30,0,0,1,1,4,0,1,1,0,1,0,0000000,9,25,9,36,10,10,0,0,0,1,1
50,500010,1,1,0,1,5,320,10,3,2010,4,11,44,1,1,1,I-91SB,,13825,44.53123889,-72.016272220,0,31,0,0,1,1,4,0,1,10,0,10,0,0000000,11,49,12,55,88,88,0,0,0,1,1
50,500011,1,1,0,2,7,570,11,3,2010,5,1,36,0,4,5,FAS-211,,8,44.36445556,-72.995575000,0,1,0,0,1,1,1,0,2,1,0,1,0,0000000,1,41,1,54,2,30,0,0,0,1,1
50,500012,3,3,0,4,11,9997,24,3,2010,4,18,38,1,1,1,I-89NB,,1070,44.70245833,-73.095869440,0,12,6,0,1,1,1,0,1,1,0,1,0,0000000,18,38,18,47,88,88,14,0,0,1,1
50,500013,2,2,0,2,19,254,6,4,2010,3,10,53,0,4,2,US-5,SR-58,2,44.80932500,-72.215816670,0,12,6,0,2,2,1,0,1,1,0,1,0,0000000,10,27,10,36,11,9,0,0,0,1,0
50,500014,1,1,0,1,27,630,26,4,2010,2,5,23,0,4,5,FAS-136,,14,43.29216111,-72.460019440,0,42,0,0,1,1,4,0,2,1,0,1,0,0000000,5,28,5,30,88,88,0,0,0,1,0
50,500015,1,1,0,1,19,10,30,4,2010,6,7,48,0,6,5,TH-11,,99999,44.72235833,-72.363655560,0,42,0,0,1,1,4,0,2,1,0,1,0,0000000,7,39,8,0,88,88,0,0,0,1,1
50,500016,2,2,0,2,21,147,10,5,2010,2,13,22,0,4,3,SR-30,TH-4,5,43.59335556,-73.209441670,0,12,6,0,2,2,1,0,1,1,0,1,0,0000000,13,21,13,38,88,88,0,0,0,1,0
50,500017,2,2,0,2,27,144,18,5,2010,3,9,40,1,2,3,SR-103,,1,43.35023889,-72.626266670,0,12,2,0,1,1,1,0,1,10,0,10,0,0000000,9,42,9,50,10,35,0,0,0,1,0
50,500018,2,2,0,3,13,433,19,5,2010,4,14,58,0,3,2,US-2,,7,44.87915833,-73.271788890,0,12,2,0,1,1,1,0,1,1,0,1,0,0000000,15,7,15,16,15,57,0,0,0,1,0
50,500019,1,1,1,1,7,615,22,5,2010,7,15,29,0,6,5,TH-89,,99999,44.38973611,-73.214963890,0,9,0,0,8,1,1,0,1,1,0,1,0,0000000,15,29,15,30,15,49,0,0,0,1,0
50,500020,2,2,0,2,5,9997,23,5,2010,1,13,10,0,4,2,US-5,,11,44.39435833,-72.023577780,0,12,6,0,1,1,1,0,1,1,0,1,0,0000000,13,14,13,21,13,42,0,0,0,1,0
50,500021,1,1,0,2,5,600,27,5,2010,5,1,57,0,14,2,US-5,,70,44.48859444,-72.007400000,0,24,0,0,1,1,4,0,2,1,0,1,0,0000000,1,59,2,7,2,35,0,0,0,1,1
50,500022,1,1,0,1,27,241,4,6,2010,6,22,47,0,4,2,US-5,,74,43.60696944,-72.353350000,0,24,0,0,1,1,4,0,2,10,0,10,0,0000000,22,50,22,55,23,36,0,0,0,1,1
50,500023,1,1,0,1,5,609,8,6,2010,3,0,1,1,1,1,I-91,,1511,44.68030278,-72.132061110,0,11,0,0,1,1,1,0,2,1,0,1,0,0000000,88,88,88,88,88,88,0,0,0,1,0
50,500024,1,1,0,1,21,510,14,6,2010,2,7,28,0,4,3,SR-31,,9,43.47529722,-73.242347220,0,42,0,0,1,1,4,0,1,1,0,1,0,0000000,7,31,7,35,88,88,0,0,0,1,0
50,500025,1,1,0,4,5,600,20,6,2010,1,0,47,0,15,5,FAU-7027,,15,44.46900833,-71.948108330,0,31,0,0,1,1,4,0,2,5,0,5,0,0000000,0,47,1,1,1,36,0,0,0,3,1
50,500026,2,2,0,3,3,604,2,7,2010,6,16,4,1,2,3,SR-9,,9,42.89450556,-72.994641670,0,12,2,0,1,1,1,0,1,1,0,1,0,0000000,16,5,16,46,17,43,0,0,0,1,0
50,500027,1,1,0,5,25,9997,10,7,2010,7,0,55,0,5,5,GRASSY BROOK ROAD,,99999,42.99596111,-72.637508330,0,5,0,0,1,1,1,0,2,10,0,10,0,0000000,88,88,88,88,88,88,0,0,0,1,1
50,500028,1,1,0,2,7,765,23,7,2010,6,23,6,0,14,2,US-2,,51,44.43428889,-73.041411110,0,30,0,0,1,1,4,0,2,1,0,1,0,0000000,23,9,23,15,0,25,20,0,0,1,1
50,500029,2,2,0,2,1,360,6,8,2010,6,14,58,1,2,2,US-7,TH-12,22,43.98426667,-73.129661110,0,12,1,0,2,3,1,0,1,1,0,1,0,0000000,14,55,15,5,15,44,0,0,0,1,0
50,500030,1,1,1,1,19,410,13,8,2010,6,14,5,0,4,3,SR-14,,4,44.91743611,-72.288552780,0,8,0,0,1,1,1,1,1,1,0,1,0,0000000,14,11,14,23,14,46,0,0,0,1,0
50,500031,1,1,0,3,7,199,1,8,2010,1,16,27,0,13,3,SR-117,,41,44.47358889,-73.034641670,0,30,0,0,1,1,4,0,1,1,0,1,0,0000000,16,27,16,35,17,7,0,0,0,1,0
50,500032,2,2,0,9,11,590,20,8,2010,6,12,15,0,4,3,SR-36,TH-14,16,44.81187222,-73.126658330,0,12,6,0,2,3,1,0,1,1,0,1,0,0000000,12,11,12,13,12,37,0,0,0,1,0
50,500033,1,1,0,1,11,218,22,8,2010,1,22,7,1,1,1,I-89,,1097,44.73641389,-73.079538890,0,42,0,0,1,1,3,0,2,2,0,2,0,0000000,22,8,22,19,88,88,0,0,0,1,0
50,500034,1,1,0,1,19,661,2,9,2010,5,13,15,0,3,3,SR-105,,50,44.98578611,-72.362394440,0,42,0,0,1,1,4,0,1,1,0,1,0,0000000,13,22,13,37,14,30,0,0,0,1,0
50,500035,1,1,0,5,19,661,29,8,2010,1,2,40,0,3,3,SR-100,,28,44.91297500,-72.359438890,0,1,0,0,1,1,4,0,2,1,0,1,0,0000000,2,45,3,0,3,42,0,0,0,1,1
50,500036,1,1,0,1,3,330,9,9,2010,5,3,54,0,6,5,TH-20,,99999,43.20761667,-73.036047220,0,38,0,0,1,1,4,0,2,10,0,10,0,0000000,4,3,4,13,88,88,0,0,0,1,1
50,500037,2,2,0,4,7,155,6,9,2010,2,18,10,0,14,2,US-2,,8,44.59552500,-73.192536110,0,12,6,0,1,1,1,0,1,1,0,1,0,0000000,18,14,18,25,18,53,0,0,0,2,0
50,500038,1,1,0,3,19,388,17,9,2010,6,23,21,0,6,5,TH-2,,99999,44.91580833,-72.047822220,0,1,0,0,1,1,1,0,2,5,0,5,0,0000000,23,20,23,40,0,12,0,0,0,2,1
50,500039,1,1,0,1,3,578,26,9,2010,1,16,37,0,4,5,FAS-0131,,6,43.26507222,-73.232455560,0,1,0,0,1,1,4,0,1,10,0,10,0,0000000,16,41,16,56,18,4,0,0,0,1,0
50,500040,2,2,0,3,27,503,3,10,2010,1,15,24,0,5,5,TH-2,,99999,43.46790278,-72.689961110,0,1,0,0,1,1,1,0,1,1,0,1,0,0000000,15,25,15,43,16,58,0,0,0,1,0
50,500041,2,2,0,2,1,212,4,10,2010,2,8,10,1,2,2,US-7,FSH - NEW HAVEN ROAD,2,44.16610000,-73.238825000,0,12,6,0,2,3,1,0,1,1,0,1,0,0000000,8,34,8,34,9,12,0,0,0,1,1
50,500042,2,2,0,2,25,576,11,10,2010,2,6,7,0,2,2,US-5,I-91NB OFF RAMP A,33,43.16914167,-72.457786110,0,12,6,1,2,3,1,0,2,1,0,1,0,0000000,6,9,6,54,8,0,0,0,0,1,0
50,500043,1,1,0,1,19,170,24,9,2010,6,19,3,0,6,5,TH-43 SCHULER RD.,,99999,44.91972222,-72.166666670,0,17,0,0,1,1,4,0,2,1,0,1,0,0000000,19,2,19,8,19,28,0,0,0,1,1
50,500044,1,1,0,1,7,765,18,10,2010,2,20,42,0,14,3,SR-2A,,28,44.43649167,-73.116630560,0,33,0,0,1,1,4,0,2,1,0,1,0,0000000,20,42,20,44,21,2,0,0,0,1,0
50,500045,2,2,0,3,27,579,23,10,2010,7,16,17,0,4,3,SR-110,MILL ROAD,4,43.82886667,-72.516402780,0,12,2,0,2,3,1,0,1,1,0,1,0,0000000,16,27,16,43,17,11,0,0,0,1,0
50,500046,1,1,0,1,11,590,13,10,2010,4,19,2,0,6,5,TH-13,,99999,44.80910556,-73.107991670,0,19,0,0,1,1,5,0,2,1,0,1,0,0000000,19,3,19,5,19,15,0,0,0,1,1
50,500047,2,1,0,1,5,9997,17,11,2010,4,2,19,0,4,2,US-5,,31,44.62870278,-71.970575000,0,42,0,0,1,1,4,0,2,2,0,2,0,0000000,2,25,2,37,88,88,14,0,0,1,1
50,500048,1,1,0,1,21,580,18,11,2010,5,10,15,1,2,2,US-7,US-4,14,43.61065278,-72.972647220,0,19,0,0,2,3,5,0,1,1,0,1,0,0000000,10,17,10,21,10,43,0,0,0,1,0
50,500049,1,1,0,1,5,165,20,11,2010,7,9,46,0,6,5,TH-115 WIGHTMAN RD.,TH-14 KITTRIDGE RD.,99999,44.40956667,-72.180580560,0,42,0,0,3,3,4,0,1,4,0,4,0,0000000,9,51,9,56,11,36,0,0,0,1,0
50,500050,1,1,0,1,7,765,21,11,2010,1,2,30,0,14,3,SR-2A,,18,44.42359444,-73.123669440,0,42,0,0,1,1,4,0,2,1,0,1,0,0000000,2,34,2,41,88,88,0,0,0,1,1
50,500051,1,1,0,1,25,672,21,11,2010,1,2,45,0,4,3,SR-142,,42,42.76503611,-72.516727780,0,1,0,0,1,1,5,0,2,1,0,1,0,0000000,2,50,2,59,88,88,0,0,0,1,1
50,500052,1,1,0,1,15,202,24,11,2010,4,23,19,0,6,5,TH-23 DOLAN FARM RD.,,99999,44.72211389,-72.539219440,0,1,0,0,1,1,4,0,2,1,0,1,0,0000000,23,21,23,30,88,88,0,0,0,1,1
50,500053,1,1,0,1,21,395,27,11,2010,7,16,50,0,4,3,SR-155,,66,43.43751111,-72.859150000,0,17,0,0,1,1,4,0,2,4,0,4,0,0000000,16,50,17,0,17,46,0,0,0,1,0
50,500054,1,1,0,2,3,70,27,11,2010,7,16,58,1,2,2,US-7,,47,42.90067500,-73.199525000,0,33,0,0,1,1,3,1,1,10,0,10,0,0000000,17,5,17,11,17,45,0,0,0,1,0