STATE,ST_CASE,VE_TOTAL,VE_FORMS,PEDS,PERSONS,COUNTY,CITY,DAY,MONTH,YEAR,DAY_WEEK,HOUR,MINUTE,NHS,ROAD_FNC,ROUTE,TWAY_ID,TWAY_ID2,MILEPT,LATITUDE,LONGITUD,SP_JUR,HARM_EV,MAN_COLL,RELJCT1,RELJCT2,TYP_INT,REL_ROAD,WRK_ZONE,LGT_COND,WEATHER1,WEATHER2,WEATHER,SCH_BUS,RAIL,NOT_HOUR,NOT_MIN,ARR_HOUR,ARR_MIN,HOSP_HR,HOSP_MN,CF1,CF2,CF3,FATALS,DRUNK_DR
50,500055,2,2,0,4,23,680,4,12,2010,7,18,4,1,1,1,I-89 SB,,667,44.36117778,-72.804766670,0,24,0,0,1,1,4,0,2,4,0,4,0,0000000,18,9,18,27,19,3,0,0,0,1,1
50,500056,1,1,0,1,21,151,7,12,2010,3,10,57,1,2,2,US-7,,8,43.50602500,-72.966913890,0,31,0,0,1,1,3,0,1,10,0,10,0,0000000,10,56,11,3,88,88,0,0,0,1,0
50,500057,1,1,0,6,5,676,15,12,2010,4,8,15,0,6,5,TH-2 NOYESTAR RD.,,99999,44.49035556,-72.257397220,0,30,0,0,1,1,4,0,1,4,0,4,0,0000000,8,28,8,47,88,88,0,0,0,1,0
50,500058,1,1,0,1,27,242,19,12,2010,1,7,34,0,4,3,SR-14,,21,43.66640833,-72.355411110,0,17,0,0,1,1,4,0,1,1,0,1,0,0000000,7,32,7,36,8,19,0,0,0,1,0
50,500059,2,2,0,2,21,616,22,12,2010,4,14,56,0,2,3,SR-103,,19,43.50103611,-72.898352780,0,12,6,0,1,1,1,0,1,4,0,4,0,0000000,14,56,15,10,16,20,0,0,0,1,0
50,500060,2,2,0,2,9,160,23,12,2010,5,7,2,1,2,2,US-2,,12,44.43481944,-71.904822220,0,12,6,0,1,1,1,0,4,10,0,10,0,0000000,7,6,7,19,8,2,0,0,0,1,0
50,500061,2,2,0,2,7,120,26,12,2010,1,21,0,0,13,5,FAU-5022 MAIN ST.,ALT US-7 ST. PAUL ST,3,44.47585000,-73.210966670,0,12,6,0,2,2,1,0,3,4,0,4,0,0000000,21,0,21,3,21,19,20,0,0,1,1
50,500062,1,1,1,2,7,620,27,12,2010,2,18,6,1,13,2,US-7,FAYETTE DRIVE,11,44.43723333,-73.210288890,0,8,0,0,3,2,1,0,3,1,0,1,0,0000000,18,7,18,11,18,27,0,0,0,1,0
50,500063,2,2,0,3,27,800,1,5,2010,7,13,50,0,4,3,SR-12,,20,43.64705000,-72.537561110,0,12,2,0,1,1,1,0,1,1,0,1,0,0000000,13,57,14,11,15,0,0,0,0,2,0
51,510001,2,2,0,2,810,2540,5,1,2010,3,14,56,0,15,5,BONNEY RD,,14,36.83456944,-76.135597220,0,12,6,0,1,1,1,0,1,1,0,1,0,9999999,99,99,99,99,88,88,0,0,0,1,0
51,510002,1,1,1,1,41,0,1,1,2010,6,3,8,0,16,4,GENITO LANE,,11,37.42978611,-77.587080560,0,8,0,0,1,1,1,0,2,5,0,5,0,0000000,99,99,99,99,88,88,0,0,0,1,0
51,510003,1,1,0,2,87,0,2,1,2010,7,23,48,1,13,4,LABURNUM AVE,,73,37.54831944,-77.372030560,0,42,0,0,1,1,3,0,2,1,0,1,0,0000000,99,99,99,99,99,99,0,0,0,1,1
51,510004,2,2,0,4,177,0,5,1,2010,3,22,11,1,11,1,I-95 SOUTH,,1176,38.11936389,-77.517300000,0,12,7,0,1,1,1,0,2,1,0,1,0,9999999,99,99,99,99,99,99,0,0,0,1,0
51,510005,2,2,0,3,73,0,6,1,2010,4,18,55,0,3,3,SR-33,,501,37.60294444,-76.598052780,0,12,1,0,1,1,1,0,2,1,0,1,0,9999999,99,99,99,99,99,99,0,0,0,2,0
51,510006,1,1,0,2,171,0,8,1,2010,6,0,48,0,4,3,SR-263,,105,38.75736389,-78.673697220,0,42,0,0,1,1,4,0,2,4,0,4,0,0000000,99,99,99,99,99,99,0,0,0,1,1
51,510007,2,2,0,3,590,720,7,1,2010,5,10,17,0,13,2,US-29,GATEWOOD AVE,9,36.55125833,-79.460313890,0,12,6,0,2,3,1,0,1,1,0,1,0,9999999,99,99,99,99,99,99,0,0,0,1,0
51,510008,2,2,0,2,113,0,7,1,2010,5,17,16,1,2,2,US-29,RT-612,1732,38.43772500,-78.140172220,0,12,6,0,2,3,1,0,1,1,0,1,0,0000000,99,99,99,99,88,88,0,0,0,1,1
51,510009,1,1,0,1,199,0,10,1,2010,1,7,2,0,6,4,E ROCHAMBEAU DR,,48,37.32792222,-76.704655560,0,52,0,0,1,1,4,0,4,1,0,1,0,9999999,99,99,99,99,88,88,0,0,0,1,1
51,510010,1,1,1,1,107,0,14,1,2010,5,9,20,1,13,3,SR- 7 BYPASS,,362,39.09956111,-77.552488890,0,8,0,0,1,1,1,0,1,1,0,1,0,9999999,99,99,99,99,88,88,0,0,0,1,0
51,510011,2,2,0,2,143,0,12,1,2010,3,21,4,0,4,4,RT-750,,87,36.69567778,-79.514922220,0,34,0,0,1,1,4,0,2,1,0,1,0,0000000,99,99,99,99,99,99,0,0,0,1,1
51,510012,1,1,0,1,109,0,15,1,2010,6,22,49,0,6,4,RT-767,,10,38.01131111,-78.010483330,0,30,0,0,1,1,4,0,2,1,0,1,0,0000000,99,99,99,99,88,88,0,0,0,1,1
51,510013,1,1,1,1,810,2540,14,1,2010,5,16,5,0,16,5,2724 ANSOL LANE,,0,36.83827778,-76.068391670,0,8,0,0,1,1,1,0,1,1,0,1,0,0000000,99,99,99,99,99,99,0,0,0,1,0
51,510014,1,1,0,3,73,0,17,1,2010,1,0,44,0,6,4,RT-608,,2,37.51626111,-76.500805560,0,35,0,0,1,1,4,0,2,1,0,1,0,0000000,99,99,99,99,99,99,0,0,0,1,1
51,510015,1,1,0,1,197,0,16,1,2010,7,11,6,9,99,2,US- 11,,813,36.94104167,-81.009836110,0,17,0,0,1,1,3,0,1,1,0,1,0,0000000,99,99,99,99,99,99,0,0,0,1,1
51,510016,2,2,0,2,107,0,11,1,2010,2,23,19,0,14,4,W CHURCH RD,,101,39.00718056,-77.421855560,0,12,1,0,1,1,1,0,2,1,0,1,0,0000000,99,99,99,99,88,88,0,0,0,1,0
51,510017,1,1,1,1,87,0,17,1,2010,1,3,0,0,14,6,LAKESIDE AVE,,128,37.60838333,-77.467775000,0,8,0,0,1,1,4,0,2,1,0,1,0,0000000,99,99,99,99,88,88,0,0,0,1,0
51,510018,1,1,0,1,31,0,18,1,2010,2,5,35,0,15,4,RT 738,,49,37.31230833,-79.183616670,0,52,0,0,1,1,4,0,2,1,0,1,0,0000000,99,99,99,99,99,99,0,0,0,1,0
51,510019,2,2,0,3,810,2540,19,1,2010,3,14,30,0,14,5,1900 PRINCESS ANNE,,146,36.73929722,-76.019638890,0,12,6,0,1,1,1,0,1,1,0,1,0,0000000,99,99,99,99,99,99,0,0,0,2,1
51,510020,2,2,1,1,149,0,20,1,2010,4,3,20,1,1,1,I-95 NB,,451,37.14194444,-77.356188890,0,12,2,0,1,1,1,0,2,1,0,1,0,0000000,99,99,99,99,88,88,19,0,0,1,0
51,510021,1,1,0,1,61,0,21,1,2010,5,8,55,1,1,1,I-66,,190,38.88194722,-77.905425000,0,35,0,1,19,1,4,0,1,1,0,1,0,0000000,99,99,99,99,88,88,0,0,0,1,0
51,510022,1,1,0,1,191,0,21,1,2010,5,15,49,0,14,4,RT-647,,7,36.60302222,-82.126150000,0,35,0,0,8,1,4,0,1,1,0,1,0,0000000,99,99,99,99,88,88,0,0,0,1,0
51,510023,2,2,0,3,153,0,22,1,2010,6,15,19,9,14,4,DALE BOULEVARD,,68,38.62780000,-77.298861110,0,12,6,0,1,1,1,0,1,1,0,1,0,0000000,99,99,99,99,99,99,0,0,0,1,0
51,510024,1,1,0,3,165,0,23,1,2010,7,18,35,1,2,2,US-33,,296,38.39414722,-78.812400000,0,1,0,0,1,1,4,0,2,1,0,1,0,0000000,99,99,99,99,99,99,0,0,0,2,1
51,510025,1,1,1,1,800,2390,23,1,2010,7,23,4,1,13,2,US-58,,4646,36.71563333,-76.663027780,0,8,0,0,1,1,1,0,2,1,0,1,0,0000000,99,99,99,99,88,88,0,0,0,1,0
51,510026,1,1,0,1,199,0,25,1,2010,2,3,35,0,6,4,RT-645,,13,37.21601111,-76.709888890,0,42,0,0,1,1,4,0,2,2,0,2,0,0000000,99,99,99,99,99,99,0,0,0,1,1
51,510027,2,2,0,2,700,1720,21,1,2010,5,15,2,1,11,1,I-64 WEST,,2562,37.11611667,-76.501041670,0,12,7,0,1,1,1,0,1,1,0,1,0,0000000,99,99,99,99,99,99,0,0,0,1,0
51,510028,2,2,0,2,36,0,25,1,2010,2,10,40,0,3,3,SR- 106,,237,37.37595556,-77.208911110,0,12,1,0,1,1,1,0,1,1,0,1,0,0000000,99,99,99,99,88,88,0,0,0,1,0
51,510029,2,2,0,3,185,0,27,1,2010,4,13,25,1,2,2,US-19,,544,37.04719722,-81.780594440,0,12,6,0,7,1,1,0,1,1,0,1,0,0000000,99,99,99,99,99,99,0,0,0,1,0
51,510030,1,1,0,2,139,0,24,1,2010,1,11,45,0,3,2,US-340 S,,543,38.49420833,-78.622155560,0,35,0,0,1,1,4,0,1,1,0,1,0,0000000,99,99,99,99,99,99,0,0,0,1,0
51,510031,2,2,0,3,41,0,27,1,2010,4,21,0,1,13,3,SR-10,BERMUDA ORCHARD LANE,205,37.34759167,-77.350338890,0,12,6,0,2,3,1,0,2,1,0,1,0,0000000,99,99,99,99,88,88,0,0,0,2,1
51,510032,2,2,0,6,147,0,24,1,2010,1,18,40,1,2,2,US-460,RT 696,2575,37.27815000,-78.337325000,0,12,6,0,2,3,1,0,2,2,0,2,0,0000000,99,99,99,99,99,99,0,0,0,2,1
51,510033,1,1,0,1,760,2060,30,1,2010,7,0,20,0,14,5,5100 WILLIAMSBURG AV,,5,37.51493333,-77.408552780,0,31,0,0,1,1,4,0,2,1,0,1,0,0000000,99,99,99,99,88,88,0,0,0,1,1
51,510034,1,1,0,1,105,0,27,1,2010,4,1,45,0,3,2,US-58 ALT,,22,36.71576944,-83.117408330,0,35,0,0,1,1,4,0,2,1,0,1,0,0000000,99,99,99,99,99,99,0,0,0,1,0
51,510035,2,2,0,2,550,468,25,1,2010,2,7,2,0,13,2,US-13,,436,36.80715556,-76.221513890,0,12,6,0,1,1,1,0,4,2,6,2,0,0000000,99,99,99,99,99,99,0,0,0,1,0
51,510036,2,2,0,2,36,0,29,1,2010,6,16,27,0,6,4,RT-609,RT-602,64,37.41980000,-77.138700000,0,12,2,0,2,3,1,0,1,1,0,1,0,0000000,99,99,99,99,99,99,0,0,0,1,0
51,510037,2,2,0,2,61,0,4,1,2010,2,13,26,1,1,1,I-66 W,,228,38.85902500,-77.838305560,0,12,2,0,1,1,1,0,1,1,0,1,0,0000000,99,99,99,99,99,99,0,0,0,1,0
51,510038,2,2,0,3,187,0,27,1,2010,4,0,52,1,2,2,US-522,,1198,38.95593889,-78.199052780,0,12,7,0,1,1,1,0,2,1,0,1,0,0000000,99,99,99,99,99,99,0,0,0,1,2
51,510039,1,1,0,2,165,0,1,1,2010,6,2,9,0,14,2,US-11,,2658,38.23258333,-78.979941670,0,35,0,0,1,1,4,0,2,1,0,1,0,0000000,99,99,99,99,99,99,20,0,0,1,1
51,510040,1,1,0,1,59,0,22,1,2010,6,23,40,9,99,4,BURKE LAKE RD,,99999,38.79015278,-77.275172220,0,33,0,0,1,1,4,0,2,1,0,1,0,0000000,99,99,99,99,88,88,0,0,0,1,1
51,510041,5,5,1,5,171,0,30,1,2010,7,12,45,1,1,1,I-81,,2755,38.78827778,-78.611211110,0,8,0,1,19,1,2,0,1,4,0,4,0,0000000,99,99,99,99,99,99,0,0,0,1,0
51,510042,2,2,0,3,3,0,31,1,2010,1,14,55,0,14,2,US-250,I-64 EB RAMP,998,38.01959722,-78.429894440,0,12,6,1,2,2,1,0,1,1,0,1,0,0000000,99,99,99,99,99,99,0,0,0,1,0
51,510043,1,1,1,1,700,1720,20,1,2010,4,17,22,0,15,6,OLD OYSTER PT,,3,37.10557500,-76.471602780,0,8,0,0,1,1,1,0,2,2,0,2,0,0000000,99,99,99,99,88,88,0,0,0,1,0
51,510044,1,1,0,1,520,300,5,1,2010,3,5,55,0,3,3,SR-659,,163,36.62854722,-82.157391670,0,53,0,0,1,1,4,0,2,4,0,4,0,0000000,99,99,99,99,88,88,0,0,0,1,0
51,510045,1,1,0,1,177,0,1,1,2010,6,22,58,9,99,4,MASSAPONAX CHURCH RD,,222,38.21946944,-77.458805560,0,32,0,0,1,1,4,0,2,1,0,1,0,0000000,99,99,99,99,88,88,0,0,0,1,1
51,510046,1,1,0,1,680,1490,23,1,2010,7,7,20,0,14,2,US-501,,71,37.44668611,-79.251422220,0,42,0,0,8,1,4,0,1,1,0,1,0,0000000,99,99,99,99,99,99,0,0,0,1,1
51,510047,1,1,0,2,165,0,23,1,2010,7,3,15,0,3,2,US-33,,151,38.47280833,-78.982086110,0,49,0,0,1,1,1,0,2,5,0,5,0,0000000,99,99,99,99,99,99,0,0,0,1,0
51,510048,2,2,0,3,59,0,12,1,2010,3,10,15,0,14,3,SR-193,,14,38.99890833,-77.316627780,0,12,2,0,1,1,1,0,1,1,0,1,0,0000000,99,99,99,99,99,99,0,0,0,1,0
51,510049,3,3,0,3,800,2390,16,1,2010,7,15,34,9,99,2,US-460,,3790,36.75676667,-76.508875000,0,24,0,0,1,1,3,0,1,1,0,1,0,0000000,99,99,99,99,99,99,0,0,0,1,0
51,510050,3,3,0,3,87,0,25,1,2010,2,14,49,9,99,3,SR-250,,0,37.63394444,-77.506486110,0,12,6,0,7,1,1,0,1,1,0,1,0,0000000,99,99,99,99,88,88,0,0,0,1,0
51,510051,1,1,0,1,173,0,29,1,2010,6,2,20,9,99,3,SR-16,,254,36.82268333,-81.488000000,0,24,0,0,1,1,4,0,2,1,0,1,0,0000000,99,99,99,99,99,99,0,0,0,1,0
51,510052,2,2,0,2,59,0,29,1,2010,6,23,29,1,13,2,US-1,,1785,38.68792222,-77.221613890,0,12,1,0,1,1,1,0,3,1,0,1,0,0000000,99,99,99,99,99,99,0,0,0,1,1
51,510053,2,2,0,2,179,0,2,2,2010,3,19,13,1,11,1,I-95N,,1404,38.42468056,-77.421513890,0,12,2,0,1,1,1,0,2,4,0,4,0,0000000,99,99,99,99,99,99,0,0,0,1,1
51,510054,2,2,0,4,77,0,3,2,2010,4,16,5,0,3,4,WILSON HWY,,1732,36.61442500,-81.195830560,0,12,6,0,4,1,1,0,1,1,0,1,0,0000000,99,99,99,99,99,99,0,0,0,1,0
51,510055,2,2,0,3,143,0,2,2,2010,3,19,55,0,4,2,US-29,,4,36.54646667,-79.462394440,0,12,2,0,1,1,1,0,2,3,0,3,0,0000000,99,99,99,99,99,99,0,0,0,1,0
51,510056,1,1,0,1,760,2060,4,2,2010,5,11,26,0,14,5,E. COMMERCE RD,,20,37.51197222,-77.432413890,0,30,0,0,1,1,4,0,1,1,0,1,0,0000000,99,99,99,99,88,88,0,0,0,1,0
51,510057,2,1,1,2,197,0,5,2,2010,6,0,40,1,1,1,I-81,,583,36.90687222,-81.306983330,0,24,0,0,1,1,4,0,2,4,0,4,0,0000000,99,99,99,99,88,88,0,0,0,2,0
51,510058,1,1,0,1,199,0,6,2,2010,7,4,0,1,1,1,I-64W,,2365,37.23989444,-76.631355560,0,42,0,1,19,1,3,0,2,2,0,2,0,0000000,99,99,99,99,88,88,0,0,0,1,1
51,510059,3,3,0,3,59,0,12,2,2010,6,12,9,1,11,1,I-95 NORTH,,1667,38.74524722,-77.187538890,0,12,1,0,1,1,1,0,1,1,0,1,0,0000000,99,99,99,99,99,99,0,0,0,1,0
51,510060,1,1,1,1,107,0,13,2,2010,7,6,27,1,13,3,SR-7,,454,39.04945278,-77.436619440,0,8,0,0,1,1,1,0,4,1,0,1,0,0000000,99,99,99,99,99,99,0,0,0,1,0
51,510061,1,1,1,1,133,0,13,2,2010,7,2,20,0,3,3,SR-702,,157,37.98939722,-76.590500000,0,8,0,0,1,1,1,0,2,1,0,1,0,0000000,99,99,99,99,99,99,0,0,0,1,0
51,510062,1,1,1,1,33,0,14,2,2010,1,22,50,9,99,9,PAIGE RD,,164,38.09093056,-77.511550000,0,8,0,0,1,1,1,0,2,1,0,1,0,0000000,99,99,99,99,88,88,0,0,0,1,0
51,510063,2,2,0,3,111,0,15,2,2010,2,10,45,9,99,4,RT 662,,54,37.10913333,-78.323336110,0,12,2,0,1,1,1,0,1,1,0,1,0,0000000,99,99,99,99,99,99,0,0,0,1,0
51,510064,2,2,0,3,25,0,19,2,2010,6,16,42,0,4,2,US-1,RT-637,240,36.78344167,-77.996405560,0,12,6,0,2,3,1,0,1,1,0,1,0,0000000,99,99,99,99,99,99,0,0,0,1,0
51,510065,2,2,0,2,19,0,16,2,2010,3,17,45,9,99,4,RT 757,,66,37.22219444,-79.689072220,0,12,2,0,1,1,1,0,1,1,0,1,0,0000000,99,99,99,99,99,99,0,0,0,1,1
51,510066,1,1,0,1,119,0,22,2,2010,2,10,48,9,99,3,SR-609,,488,37.63822778,-76.640883330,0,42,0,0,1,1,4,0,1,1,0,1,0,0000000,99,99,99,99,99,99,0,0,0,1,0
51,510067,2,2,1,2,153,0,22,2,2010,2,19,30,1,13,3,SR-28,PATTON LN,272,38.79577222,-77.447261110,0,8,0,0,3,3,1,0,2,2,0,2,0,0000000,99,99,99,99,99,99,0,0,0,1,0
51,510068,1,1,0,8,53,0,27,2,2010,7,2,15,1,1,1,I-85,,439,36.98185000,-77.702522220,0,24,0,1,19,1,4,0,2,1,0,1,0,0000000,99,99,99,99,99,99,0,0,0,1,0
51,510069,1,1,0,1,51,0,21,2,2010,1,19,58,0,4,4,DC CANEY RIDGE RD,,5,37.09763333,-82.437630560,0,42,0,0,1,1,4,0,2,1,0,1,0,0000000,99,99,99,99,88,88,0,0,0,1,0
51,510070,1,1,0,1,41,0,19,2,2010,6,0,40,0,3,4,8500 WOODPECKER RD,,41,37.33385833,-77.550258330,0,1,0,0,1,1,1,0,2,1,0,1,0,0000000,99,99,99,99,99,99,0,0,0,1,1
51,510071,2,2,0,4,73,0,22,2,2010,2,9,55,9,99,9,RT 14,,99999,37.42552500,-76.490250000,0,12,1,0,1,1,1,0,1,1,0,1,0,0000000,99,99,99,99,99,99,0,0,0,1,0
51,510072,2,2,0,3,191,0,14,2,2010,1,20,35,1,1,1,I-81SB,,99999,36.78742778,-81.724377780,0,12,1,0,1,1,1,0,2,4,0,4,0,0000000,99,99,99,99,99,99,0,0,0,1,1
51,510073,1,1,0,1,121,0,26,2,2010,6,18,42,0,4,4,RT-637,,31,37.12309722,-80.268688890,0,42,0,0,1,1,4,0,5,1,0,1,0,0000000,99,99,99,99,88,88,0,0,0,1,1
51,510074,1,1,1,1,59,0,24,2,2010,4,3,30,1,11,3,SR-7,,0,38.91141667,-77.219277780,0,8,0,1,5,1,1,0,2,1,0,1,0,0000000,99,99,99,99,88,88,0,0,0,1,0
51,510075,1,1,0,1,57,0,10,1,2010,1,13,25,0,6,4,BESTLAND RD,,48,37.83337778,-76.882838890,0,35,0,0,1,1,4,0,1,1,0,1,0,0000000,99,99,99,99,99,99,0,0,0,1,0
51,510076,2,2,0,2,149,0,1,3,2010,2,16,50,0,4,3,SR-156,,27,37.10133056,-77.332077780,0,12,2,0,1,1,1,0,1,1,0,1,0,0000000,99,99,99,99,99,99,0,0,0,1,0
51,510077,1,1,0,3,89,0,1,3,2010,2,22,25,0,15,4,RT 797,,20,36.73909167,-79.929227780,0,32,0,0,1,1,4,0,2,1,0,1,0,0000000,99,99,99,99,99,99,0,0,0,1,1
51,510078,1,1,1,1,23,0,2,3,2010,3,16,45,1,13,2,US- 460,RT 1400,1601,37.37452222,-79.810525000,0,9,0,0,3,2,1,0,1,4,0,4,0,0000000,99,99,99,99,88,88,0,0,0,1,0
51,510079,1,1,0,1,167,0,5,3,2010,6,18,0,0,3,3,SR-71,,204,36.89554722,-82.098769440,0,35,0,0,1,1,5,0,1,1,0,1,0,0000000,99,99,99,99,99,99,0,0,0,1,0
51,510080,1,1,0,1,1,0,6,3,2010,7,23,35,0,6,4,RT 605,,42,37.53579722,-75.745325000,0,42,0,0,1,1,5,0,2,1,0,1,0,0000000,99,99,99,99,88,88,0,0,0,1,1
51,510081,1,1,0,1,15,0,6,3,2010,7,0,5,0,4,4,RT 664,,57,37.98588056,-78.955650000,0,31,0,0,1,1,4,0,2,1,0,1,0,0000000,99,99,99,99,88,88,0,0,0,1,0
51,510082,2,2,0,2,147,0,6,3,2010,7,17,55,1,2,2,US-460,RT 608,2448,37.30430278,-78.531733330,0,12,6,0,2,3,1,0,1,1,0,1,0,0000000,99,99,99,99,99,99,0,0,0,1,0
51,510083,3,3,0,5,31,0,7,3,2010,1,18,57,0,4,4,LEESVILLE RD,,110,37.23114722,-79.281377780,0,12,2,0,1,1,1,0,1,1,0,1,0,0000000,99,99,99,99,99,99,0,0,0,1,1
51,510084,1,1,0,2,59,0,7,3,2010,1,4,20,0,15,4,WALKER RD,,27,39.00558333,-77.293980560,0,42,0,0,1,1,4,0,2,1,0,1,0,0000000,99,99,99,99,99,99,0,0,0,1,0
51,510085,1,1,0,2,109,0,7,3,2010,1,15,55,0,3,3,SR-208,,229,38.08296111,-77.837019440,0,42,0,0,1,1,4,0,1,1,0,1,0,0000000,99,99,99,99,99,99,0,0,0,1,0
51,510086,1,1,0,2,810,2540,7,3,2010,1,0,4,9,99,4,NORMANDY AVE,AVALON AVE,99999,36.82402222,-76.188255560,0,38,0,0,3,1,4,0,3,1,0,1,0,0000000,99,99,99,99,99,99,0,0,0,1,1
51,510087,1,1,0,1,105,0,7,3,2010,1,4,30,0,3,2,US- 58,,15,36.59954167,-83.629302780,0,24,0,0,1,1,4,0,2,1,0,1,0,0000000,99,99,99,99,88,88,0,0,0,1,1
51,510088,1,1,0,1,31,0,9,3,2010,3,9,53,0,4,4,DOSS RD,,159,37.34227500,-78.993461110,0,42,0,0,1,1,4,0,1,1,0,1,0,0000000,99,99,99,99,99,99,0,0,0,1,0
51,510089,1,1,0,1,175,0,12,3,2010,6,9,50,0,6,4,RT-611,,45,36.68301389,-77.011413890,0,34,0,0,1,1,4,0,1,1,0,1,0,0000000,99,99,99,99,88,88,0,0,0,1,0
51,510090,2,1,0,5,155,0,9,3,2010,3,1,22,0,4,4,RT 600,,22,37.19307500,-80.607933330,0,42,0,0,1,1,4,0,2,1,0,1,0,0000000,99,99,99,99,99,99,0,0,0,1,1
51,510091,2,2,0,2,195,0,12,3,2010,6,13,35,0,4,3,SR- 78,,18,36.90624722,-82.781713890,0,12,2,0,1,1,1,0,1,1,0,1,0,0000000,99,99,99,99,99,99,0,0,0,1,0
51,510092,1,1,0,1,61,0,13,3,2010,7,23,2,1,1,1,I-66,,230,38.83208611,-77.736683330,0,24,0,0,1,1,4,0,2,2,0,2,0,0000000,99,99,99,99,99,99,0,0,0,1,1
51,510093,1,1,0,3,109,0,14,3,2010,1,22,42,9,99,2,US-522,,357,37.99832778,-77.902680560,0,30,0,0,1,1,4,0,2,1,0,1,0,0000000,99,99,99,99,99,99,20,0,0,1,0
51,510094,2,2,0,4,87,0,12,3,2010,6,15,12,1,11,1,I-295S,,286,37.48766389,-77.298430560,0,12,2,0,1,1,1,0,1,2,0,2,0,0000000,99,99,99,99,99,99,0,0,0,2,0
51,510095,1,1,1,1,147,0,16,3,2010,3,3,59,1,2,2,US- 460,,237,37.26735833,-78.649750000,0,8,0,0,1,1,1,0,2,1,0,1,0,0000000,99,99,99,99,88,88,0,0,0,1,0
51,510096,2,2,0,2,199,0,17,3,2010,4,14,10,1,1,3,SR- 199,,131,37.25666944,-76.646202780,0,12,2,0,1,1,1,0,1,1,0,1,0,0000000,99,99,99,99,99,99,0,0,0,1,0
51,510097,2,1,0,1,678,1450,24,1,2010,1,3,43,0,13,2,US-11,,20,37.78987778,-79.430166670,0,14,0,0,1,1,7,0,3,1,0,1,0,0000000,99,99,99,99,88,88,0,0,0,1,1
51,510098,1,1,0,2,193,0,18,3,2010,5,8,10,0,6,4,RT 625,,65,38.07241944,-76.915711110,0,42,0,0,1,1,4,0,1,1,0,1,0,0000000,99,99,99,99,99,99,0,0,0,1,0
51,510100,2,2,0,4,41,0,18,3,2010,5,15,33,9,99,4,21300 RIVER RD,,10,37.31857222,-77.802258330,0,12,6,0,1,1,1,0,1,1,0,1,0,0000000,99,99,99,99,88,88,0,0,0,1,0
51,510101,2,2,0,3,61,0,20,3,2010,7,16,33,1,2,2,US-17,,2233,38.80400000,-77.813416670,0,12,1,0,8,1,1,0,2,1,0,1,0,0000000,99,99,99,99,99,99,0,0,0,1,1
51,510102,1,1,0,2,33,0,21,3,2010,1,17,25,0,4,4,LADYSMITH RD,,12,38.00826944,-77.571588890,0,1,0,0,1,1,4,0,1,1,0,1,0,0000000,99,99,99,99,99,99,0,0,0,1,0
51,510103,1,1,0,2,550,468,19,3,2010,6,3,30,9,99,4,OLD MILL RD,BROWN RD,0,36.74418056,-76.355538890,0,42,0,0,2,4,4,0,3,1,0,1,0,0000000,99,99,99,99,99,99,0,0,0,1,1
51,510104,1,1,0,1,59,0,21,3,2010,1,18,52,1,13,4,FAIRFAX CO PKWY,,211,38.97115556,-77.361861110,0,33,0,1,17,1,4,0,1,1,0,1,0,0000000,99,99,99,99,88,88,0,0,0,1,1
51,510105,1,1,0,1,33,0,20,3,2010,7,17,25,9,99,4,GOOSE HILL RD,,23,38.01591111,-77.603044440,0,42,0,0,1,1,4,0,1,1,0,1,0,0000000,99,99,99,99,99,99,0,0,0,1,0
51,510106,3,2,0,2,760,2060,24,3,2010,4,21,6,0,15,6,31ST STREET,P STREET,5,37.53440278,-77.407650000,0,12,6,1,2,2,1,0,2,1,0,1,0,0000000,99,99,99,99,88,88,20,0,0,1,0
51,510107,1,1,0,1,59,0,26,3,2010,6,10,57,9,99,4,GUNSTON RD,,59,38.68778889,-77.209125000,0,42,0,0,1,1,4,0,1,1,0,1,0,0000000,99,99,99,99,99,99,0,0,0,1,1
51,510108,1,1,0,1,1,0,28,3,2010,1,3,30,1,2,2,US- 13,,1110,37.59240278,-75.780858330,0,35,0,0,1,1,4,0,2,1,0,1,0,0000000,99,99,99,99,88,88,0,0,0,1,1
51,510109,1,1,0,1,187,0,30,3,2010,3,21,17,0,4,4,RT-624,,24,38.93531111,-78.134936110,0,3,0,0,1,1,1,0,2,1,0,1,0,0000000,99,99,99,99,99,99,5,0,0,1,0
51,510110,2,2,0,2,87,0,29,3,2010,2,17,10,1,11,1,I-295,,103,37.65515000,-77.443741670,0,42,0,0,1,1,3,0,1,1,0,1,0,0000000,99,99,99,99,88,88,0,0,0,1,0
51,510111,1,1,0,1,97,0,17,3,2010,4,17,17,9,99,4,RT-634,,80,37.79425278,-77.056861110,0,42,0,0,1,1,4,0,1,1,0,1,0,0000000,99,99,99,99,99,99,0,0,0,1,0
51,510112,1,1,0,1,87,0,21,3,2010,1,15,42,1,11,1,I-295 SOUTH,,225,37.54362500,-77.282122220,0,1,0,0,1,1,2,0,1,1,0,1,0,0000000,99,99,99,99,99,99,0,0,0,1,0
51,510113,1,1,1,1,610,930,31,3,2010,4,13,0,9,99,9,100 BROAD ST,,99999,38.88236389,-77.171369440,0,8,0,0,1,1,1,0,1,1,0,1,0,0000000,99,99,99,99,99,99,0,0,0,1,0
51,510114,2,2,0,2,69,0,19,3,2010,6,11,20,9,99,2,US-522,,1335,39.14417500,-78.160427780,0,12,6,0,1,1,1,0,1,1,0,1,0,0000000,99,99,99,99,99,99,0,0,0,2,1