STATE,ST_CASE,VE_TOTAL,VE_FORMS,PEDS,PERSONS,COUNTY,CITY,DAY,MONTH,YEAR,DAY_WEEK,HOUR,MINUTE,NHS,ROAD_FNC,ROUTE,TWAY_ID,TWAY_ID2,MILEPT,LATITUDE,LONGITUD,SP_JUR,HARM_EV,MAN_COLL,RELJCT1,RELJCT2,TYP_INT,REL_ROAD,WRK_ZONE,LGT_COND,WEATHER1,WEATHER2,WEATHER,SCH_BUS,RAIL,NOT_HOUR,NOT_MIN,ARR_HOUR,ARR_MIN,HOSP_HR,HOSP_MN,CF1,CF2,CF3,FATALS,DRUNK_DR
51,510115,1,1,0,1,175,0,19,3,2010,6,17,0,9,99,3,SR-35,,36,36.59816389,-77.178269440,0,42,0,0,1,1,4,0,1,1,0,1,0,0000000,99,99,99,99,99,99,0,0,0,1,0
51,510116,1,1,0,1,141,0,5,3,2010,6,21,0,0,4,3,SR-103,,131,36.58838056,-80.283363890,0,42,0,0,1,1,4,0,2,1,0,1,0,0000000,99,99,99,99,88,88,0,0,0,1,0
51,510117,1,1,0,1,133,0,20,3,2010,7,11,0,0,4,4,RT 607,,5,37.71696111,-76.382275000,0,42,0,0,1,1,4,0,1,1,0,1,0,0000000,99,99,99,99,99,99,0,0,0,1,0
51,510118,1,1,0,3,33,0,20,3,2010,7,3,10,0,3,2,US- 301,,997,37.90966944,-77.353963890,0,42,0,0,1,1,4,0,2,1,0,1,0,0000000,99,99,99,99,99,99,0,0,0,1,0
51,510119,1,1,0,1,85,0,14,3,2010,1,3,13,0,6,4,PROFFITT FARM RD,,0,37.79137222,-77.753741670,0,53,0,0,1,1,4,0,2,2,0,2,0,0000000,99,99,99,99,88,88,0,0,0,1,1
51,510120,2,2,0,2,36,0,2,4,2010,6,11,55,9,99,3,SR-106,RT 607,163,37.37463611,-77.209197220,0,12,6,1,2,2,1,0,1,1,0,1,0,0000000,99,99,99,99,88,88,0,0,0,1,0
51,510121,2,2,0,2,195,0,2,4,2010,6,13,0,9,99,2,US- 23,,97,37.00409444,-82.593733330,0,12,6,0,1,1,1,0,1,1,0,1,0,0000000,99,99,99,99,99,99,0,0,0,2,1
51,510122,2,2,0,2,163,0,2,4,2010,6,13,15,0,5,4,RT 612,,63,37.73922778,-79.590883330,0,12,2,0,1,1,1,0,1,1,0,1,0,0000000,99,99,99,99,88,88,0,0,0,1,0
51,510123,1,1,1,1,73,0,1,4,2010,5,20,2,1,13,2,US- 17,,710,37.27596389,-76.499863890,0,8,0,0,1,1,1,0,2,1,0,1,0,0000000,99,99,99,99,88,88,0,0,0,1,0
51,510124,2,2,0,3,165,0,2,4,2010,6,16,4,9,99,3,SR-257,SPRING CREEK RD,53,38.42817778,-79.043713890,0,12,2,1,2,3,1,0,1,1,0,1,0,0000000,99,99,99,99,99,99,0,0,0,1,0
51,510125,2,2,0,4,810,2540,4,4,2010,1,8,40,0,15,8,LITTLE NECK RD,,0,36.85603333,-76.089786110,0,12,6,0,7,1,1,0,1,1,0,1,0,0000000,99,99,99,99,99,99,0,0,0,1,0
51,510126,2,2,0,2,89,0,6,4,2010,3,10,0,0,13,2,US- 220,,25,36.71879722,-79.912491670,0,12,6,0,4,1,1,0,1,1,0,1,0,0000000,99,99,99,99,88,88,0,0,0,1,0
51,510127,1,1,1,1,153,0,5,4,2010,2,21,33,0,14,4,GIDEON DR,DALE BOULEVARD,0,38.62761667,-77.303344440,0,8,0,0,3,2,1,0,2,1,0,1,0,0000000,99,99,99,99,99,99,0,0,0,1,0
51,510128,1,1,0,1,35,0,6,4,2010,3,23,26,1,1,1,I-77 NORTH,,218,36.90536111,-80.879975000,0,35,0,0,1,1,3,0,2,1,0,1,0,0000000,99,99,99,99,88,88,0,0,0,1,0
51,510129,1,1,0,1,127,0,8,4,2010,5,15,8,0,6,4,RT 600,,23,37.46696667,-76.786313890,0,30,0,0,1,1,4,0,1,1,0,1,0,0000000,99,99,99,99,88,88,0,0,0,1,0
51,510130,1,1,0,1,19,0,5,4,2010,2,14,10,0,3,3,SR- 24,,146,37.25752222,-79.722891670,0,35,0,0,1,1,4,0,1,1,0,1,0,0000000,99,99,99,99,88,88,0,0,0,1,0
51,510131,1,1,0,1,61,0,17,3,2010,4,23,15,9,99,4,OLD WATERLOO RD,,18,38.71736111,-77.874183330,0,42,0,0,1,1,6,0,2,1,0,1,0,0000000,99,99,99,99,99,99,0,0,0,1,1
51,510132,1,1,0,1,67,0,14,3,2010,1,0,20,9,99,9,RT 116,,0,37.18856111,-79.878502780,0,42,0,0,1,1,4,0,2,2,0,2,0,0000000,99,99,99,99,99,99,0,0,0,1,0
51,510133,1,1,0,1,680,1490,26,3,2010,6,20,32,9,99,6,FLORIDA AVE,,6,37.38755000,-79.131602780,0,42,0,0,1,1,4,0,2,1,0,1,0,0000000,99,99,99,99,88,88,20,0,0,1,1
51,510134,2,2,0,3,41,0,18,3,2010,5,13,47,9,99,2,US-360,POCOCSHOCK BLVD,0,37.46678611,-77.535925000,0,12,6,0,2,2,1,0,1,1,0,1,0,0000000,99,99,99,99,99,99,0,0,0,1,0
51,510135,1,1,1,1,800,2390,12,3,2010,6,18,45,0,14,2,US-58,,19,36.73298611,-76.597516670,0,15,0,0,1,1,1,0,2,2,0,2,0,0000000,99,99,99,99,99,99,0,0,0,1,0
51,510136,2,1,1,2,810,2540,21,3,2010,1,23,58,1,1,1,I-264,,99999,36.83882778,-76.160144440,0,14,0,1,19,1,2,0,3,1,0,1,0,0000000,99,99,99,99,99,99,15,0,0,1,0
51,510137,1,1,0,1,595,870,8,3,2010,2,15,25,9,99,9,TILLAR ST,OAK HILL DR,0,36.68380556,-77.541116670,0,18,0,0,3,3,5,0,1,1,0,1,0,0000000,99,99,99,99,99,99,0,0,0,1,0
51,510138,2,2,0,2,107,0,10,4,2010,7,6,19,1,13,3,SR-7,BATTERFIELD PKWY,392,39.09699444,-77.531761110,0,12,1,0,2,2,1,0,2,1,0,1,0,0000000,99,99,99,99,88,88,0,0,0,1,0
51,510139,1,1,0,1,147,0,4,3,2010,5,19,24,0,6,4,RT 616,,1,37.23721944,-78.238780560,0,32,0,0,1,1,4,0,2,1,0,1,0,0000000,99,99,99,99,88,88,0,0,0,1,1
51,510140,2,2,0,2,15,0,10,4,2010,7,17,50,0,15,4,RT-608,RT-1540,155,38.03697222,-79.035258330,0,12,2,0,2,3,1,0,1,1,0,1,0,0000000,99,99,99,99,99,99,0,0,0,1,1
51,510141,2,2,1,2,153,0,15,3,2010,2,5,46,0,14,4,RT-3000,,90,38.68081944,-77.359500000,0,8,0,0,1,1,1,0,2,1,0,1,0,0000000,99,99,99,99,88,88,0,0,0,1,0
51,510142,2,2,0,2,59,0,6,4,2010,3,19,26,9,99,4,LITTLE RIVER TNPK,LINCOLN AVE,99999,38.81908056,-77.146038890,0,12,6,0,2,2,1,0,3,1,0,1,0,0000000,99,99,99,99,88,88,0,0,0,1,1
51,510143,3,2,1,2,59,0,11,4,2010,1,13,59,1,11,1,I-495 RAMP,,1707,38.79329722,-77.182216670,0,14,0,1,5,1,2,0,1,1,0,1,0,0000000,99,99,99,99,88,88,0,0,0,1,0
51,510144,2,2,1,2,59,0,14,3,2010,1,4,20,1,11,1,I-95,,1672,38.74111389,-77.189813890,0,8,0,0,1,1,1,0,3,2,0,2,0,0000000,99,99,99,99,99,99,19,0,0,1,0
51,510145,1,1,0,1,95,0,11,4,2010,1,22,24,1,12,3,SR-5,,64,37.25909444,-76.743450000,0,59,0,0,1,1,3,0,2,1,0,1,0,0000000,99,99,99,99,88,88,0,0,0,1,0
51,510146,1,1,0,2,89,0,12,4,2010,2,0,45,1,2,2,US- 58,,2757,36.62840833,-79.951027780,0,43,0,0,1,1,3,0,2,1,0,1,0,0000000,99,99,99,99,99,99,0,0,0,1,0
51,510147,2,2,0,2,760,2060,12,4,2010,2,18,18,0,14,2,US-60,24TH ST,1915,37.52970000,-77.422400000,0,12,6,0,2,2,1,0,1,1,0,1,0,0000000,99,99,99,99,99,99,0,0,0,1,0
51,510148,2,1,0,2,1,0,13,4,2010,3,7,10,1,2,2,US- 13,,1294,37.82090278,-75.586538890,0,43,0,0,1,1,4,0,1,1,0,1,0,0000000,99,99,99,99,99,99,0,0,0,1,0
51,510149,1,1,0,1,1,0,14,4,2010,4,18,26,0,6,4,RT 609,,42,37.56607778,-75.853213890,0,1,0,0,1,1,4,0,1,1,0,1,0,0000000,99,99,99,99,88,88,0,0,0,1,0
51,510150,1,1,0,1,135,380,7,3,2010,1,1,47,9,99,2,US-360,,99999,37.19469722,-78.208783330,0,34,0,0,1,1,4,0,2,1,0,1,0,0000000,99,99,99,99,88,88,0,0,0,1,1
51,510151,1,1,0,1,21,0,15,4,2010,5,13,10,9,99,2,US-606,,31,37.22383611,-81.037388890,0,35,0,0,1,1,4,0,1,1,0,1,0,0000000,99,99,99,99,88,88,0,0,0,1,0
51,510152,1,1,0,1,73,0,15,4,2010,5,1,14,0,4,2,US- 17 BUSINESS,,12,37.47662778,-76.613675000,0,33,0,0,1,1,4,0,2,1,0,1,0,0000000,99,99,99,99,88,88,0,0,0,1,1
51,510153,1,1,0,1,179,0,15,4,2010,5,11,21,0,5,4,POPLAR RD,,77,38.48282222,-77.559441670,0,42,0,0,1,1,4,0,1,1,0,1,0,0000000,99,99,99,99,99,99,0,0,0,1,0
51,510154,1,1,1,1,680,1490,31,3,2010,4,17,49,9,99,9,CAMPBELL AVE,,99999,37.38037222,-79.133233330,0,8,0,0,1,1,1,0,1,1,0,1,0,0000000,99,99,99,99,99,99,23,0,0,1,0
51,510155,2,1,0,1,13,0,15,1,2010,6,15,32,0,14,6,NORTH 10TH STREET,,125,38.88451944,-77.094455560,0,42,0,0,1,1,3,0,1,1,0,1,0,0000000,99,99,99,99,99,99,0,0,0,1,0
51,510156,1,1,0,1,93,0,17,4,2010,7,20,0,1,13,2,US- 17,,463,36.97266111,-76.505869440,0,58,0,0,1,1,2,0,3,6,0,6,0,0000000,99,99,99,99,88,88,0,0,0,1,1
51,510157,1,1,0,2,177,0,17,4,2010,7,23,20,0,4,2,US-1,,1372,38.16263611,-77.519788890,0,42,0,0,1,1,4,0,2,1,0,1,0,0000000,99,99,99,99,99,99,0,0,0,2,0
51,510158,1,1,0,2,69,0,18,4,2010,1,1,45,9,99,4,RT 614,,153,39.18676389,-78.330288890,0,24,0,0,1,1,4,0,2,1,0,1,0,0000000,99,99,99,99,88,88,0,0,0,2,1
51,510159,3,3,0,3,810,2540,18,4,2010,1,15,55,0,14,6,PRINCESS ANNE RD,,97,36.67537222,-76.025391670,0,12,1,0,1,1,1,0,1,1,0,1,0,0000000,99,99,99,99,99,99,0,0,0,1,0
51,510160,2,2,0,3,143,0,17,4,2010,7,1,15,0,4,4,LITTLE CREEK RD,,22,36.60932778,-79.351416670,0,12,6,0,1,1,1,0,2,1,0,1,0,0000000,99,99,99,99,99,99,0,0,0,1,0
51,510161,1,1,0,1,157,0,18,4,2010,1,20,12,1,2,2,US- 211,,460,38.68015000,-78.005161110,0,24,0,0,1,1,4,0,5,1,0,1,0,0000000,99,99,99,99,99,99,0,0,0,1,1
51,510162,1,1,0,2,730,1910,18,4,2010,1,23,23,9,99,9,WYTHE ST RAMP,,99999,37.22754722,-77.395994440,0,26,0,0,5,1,4,0,3,1,0,1,0,0000000,99,99,99,99,88,88,0,0,0,2,1
51,510163,2,2,0,4,109,0,21,4,2010,4,16,7,9,99,2,US-33,RT 648,1015,37.89483611,-77.848177780,0,12,6,0,2,2,1,0,1,2,0,2,0,0000000,99,99,99,99,99,99,0,0,0,2,0
51,510164,2,2,0,3,127,0,21,4,2010,4,19,45,9,99,4,RT 611,,33,37.52477222,-77.181444440,0,12,6,0,1,1,1,0,1,1,0,1,0,0000000,99,99,99,99,99,99,0,0,0,1,1
51,510165,1,1,1,1,540,440,19,4,2010,2,9,5,0,3,2,US-250,4TH STREET,1015,38.03068333,-78.486500000,0,9,0,0,3,3,1,0,1,1,0,1,0,0000000,99,99,99,99,99,99,0,0,0,1,0
51,510166,1,1,0,1,139,0,12,4,2010,2,12,45,9,99,2,US- 650,,44,38.55246111,-78.572502780,0,53,0,0,1,1,4,0,1,1,0,1,0,0000000,99,99,99,99,88,88,0,0,0,1,0
51,510167,1,1,0,1,800,2390,20,4,2010,3,18,50,0,15,6,KINGFORK RD,,31,36.77082778,-76.646555560,0,34,0,0,1,1,4,0,1,1,0,1,0,0000000,99,99,99,99,88,88,0,0,0,1,0
51,510168,2,2,0,2,191,0,21,4,2010,4,7,35,1,1,1,I-81 SOUTH,,226,36.81148333,-81.611766670,0,12,6,0,1,1,1,0,1,2,0,2,0,0000000,99,99,99,99,99,99,0,0,0,1,0
51,510169,1,1,0,1,760,2060,24,4,2010,7,0,38,0,15,6,NORTH  25TH ST,M STREET,5,37.53516944,-77.415569440,0,26,0,0,2,6,4,0,3,1,0,1,0,0000000,99,99,99,99,88,88,20,0,0,1,1
51,510170,1,1,1,1,117,0,23,4,2010,6,8,5,0,4,4,RT 618,,84,36.70200833,-78.101636110,0,8,0,0,1,1,1,0,1,1,0,1,0,0000000,99,99,99,99,99,99,0,0,0,1,1
51,510171,2,2,0,2,710,1760,24,4,2010,7,2,25,1,13,2,US-60,,2875,36.91661667,-76.192158330,0,12,8,0,1,1,1,0,3,1,0,1,0,0000000,99,99,99,99,99,99,0,0,0,1,0
51,510172,1,1,1,1,810,2540,18,4,2010,1,1,30,1,13,2,US-60,,2937,36.91093889,-76.073563890,0,8,0,0,1,1,1,0,3,1,0,1,0,0000000,99,99,99,99,88,88,0,0,0,1,0
51,510173,1,1,0,2,81,0,24,4,2010,7,5,45,9,99,2,US- 301,,5,36.55363611,-77.532750000,0,42,0,0,1,1,4,0,2,1,0,1,0,0000000,99,99,99,99,99,99,0,0,0,1,1
51,510174,1,1,0,2,67,0,24,4,2010,7,22,0,1,2,2,US-220,,508,37.03791389,-79.875755560,0,30,0,0,1,1,4,0,2,2,1,2,0,0000000,99,99,99,99,99,99,0,0,0,1,0
51,510175,1,1,0,4,47,0,25,4,2010,1,1,35,0,6,4,RT 710,,170,38.58809444,-77.882080560,0,42,0,0,1,1,4,0,2,2,0,2,0,0000000,99,99,99,99,99,99,0,0,0,1,0
51,510176,2,2,0,2,195,0,24,4,2010,7,12,15,1,2,2,US- 23,RT 610,393,36.91888056,-82.665080560,0,12,6,0,2,3,1,0,1,1,0,1,0,0000000,99,99,99,99,99,99,0,0,0,1,0
51,510177,2,2,0,2,790,2330,23,4,2010,6,21,39,9,99,2,US-11,E HAMPTON ST,2375,38.14296944,-79.070997220,0,12,2,0,2,3,1,0,3,1,0,1,0,0000000,99,99,99,99,99,99,0,0,0,1,0
51,510178,1,1,0,1,59,0,23,4,2010,6,15,42,0,14,4,SUNSET HILLS RD,,7,38.95408889,-77.358219440,0,33,0,0,1,1,4,0,1,1,0,1,0,0000000,99,99,99,99,99,99,0,0,0,1,0
51,510179,2,1,0,1,59,0,17,4,2010,7,4,53,0,14,4,GALLOWS RD,,3,38.83922222,-77.195133330,0,14,0,0,1,1,7,0,3,1,0,1,0,0000000,99,99,99,99,99,99,0,0,0,1,1
51,510180,1,1,0,1,155,0,26,4,2010,2,19,0,9,99,4,RT-600,,37,37.16371944,-80.680869440,0,42,0,0,1,1,4,0,5,2,0,2,0,0000000,99,99,99,99,88,88,0,0,0,1,1
51,510181,1,1,0,1,143,0,30,4,2010,6,1,30,0,6,4,TELEGRAPH RD,,121,36.94863889,-79.266888890,0,21,0,0,1,1,4,0,2,1,0,1,0,0000000,99,99,99,99,88,88,0,0,0,1,1
51,510182,2,2,0,2,19,0,29,4,2010,5,19,15,0,3,3,SR- 122,,182,37.09394167,-79.395058330,0,12,1,0,1,1,1,0,1,1,0,1,0,0000000,99,99,99,99,99,99,0,0,0,1,0
51,510183,2,2,0,4,141,0,29,4,2010,5,20,40,0,3,3,SR- 8,RT 57,166,36.72120556,-80.239505560,0,12,6,0,2,4,1,0,2,1,0,1,0,0000000,99,99,99,99,99,99,0,0,0,1,0
51,510184,2,2,0,2,35,0,30,4,2010,6,20,24,9,99,4,RT 722,,64,36.71023056,-80.841438890,0,12,8,0,1,1,1,0,5,1,0,1,0,0000000,99,99,99,99,88,88,0,0,0,1,0
51,510185,2,2,0,3,165,0,1,5,2010,7,12,55,1,2,2,US-33,EAST POINT RD,347,38.38970556,-78.700388890,0,12,6,1,2,2,1,0,1,1,0,1,0,0000000,99,99,99,99,99,99,0,0,0,1,0
51,510186,1,1,0,1,77,0,2,5,2010,1,3,5,0,3,2,US-21,,139,36.72567778,-81.167850000,0,18,0,0,1,1,4,0,2,1,0,1,0,0000000,99,99,99,99,88,88,0,0,0,1,0
51,510187,2,2,0,2,85,0,2,5,2010,1,1,49,0,3,2,US-33,,1217,37.70750556,-77.556630560,0,12,2,0,1,1,1,0,2,1,0,1,0,0000000,99,99,99,99,99,99,0,0,0,1,2
51,510188,1,1,0,1,820,2610,15,4,2010,5,18,22,9,99,4,JACKSON AVE,,0,38.07120000,-78.864558330,0,19,0,0,1,1,6,0,1,1,0,1,0,0000000,99,99,99,99,88,88,0,0,0,1,1
51,510189,1,1,1,1,660,1190,2,4,2010,6,21,38,0,15,6,RESERVOIR ST,,22,38.44627778,-78.859886110,0,8,0,0,1,1,1,0,3,1,0,1,0,0000000,99,99,99,99,88,88,0,0,0,1,0
51,510190,1,1,0,3,15,0,2,5,2010,1,1,45,9,99,4,RT-707,,34,38.13705556,-79.180783330,0,1,0,0,1,1,1,0,2,1,0,1,0,0000000,99,99,99,99,88,88,0,0,0,1,0
51,510191,1,1,0,1,177,0,13,4,2010,3,20,23,0,3,3,SR-3,,257,38.30067222,-77.614147220,0,42,0,0,1,1,4,0,2,2,0,2,0,0000000,99,99,99,99,88,88,0,0,0,1,0
51,510192,2,2,0,2,41,0,1,5,2010,7,19,35,0,14,3,SR-144,HAMLIN CREEK PARKWAY,30,37.38400278,-77.452969440,0,12,6,0,2,2,1,0,2,1,0,1,0,0000000,99,99,99,99,99,99,0,0,0,1,1
51,510193,2,2,0,2,121,0,7,4,2010,4,17,49,0,3,3,SR-8,CARRYBROOK RD,480,37.03260278,-80.439397220,0,12,1,0,2,3,1,0,1,1,0,1,0,0000000,99,99,99,99,99,99,0,0,0,1,0
51,510194,3,1,0,1,149,0,1,5,2010,7,23,37,0,14,3,SR-156,,116,37.21426667,-77.260366670,0,14,0,0,1,1,7,0,2,1,0,1,0,0000000,99,99,99,99,88,88,14,0,0,1,0
51,510195,1,1,0,3,177,0,13,4,2010,3,0,9,0,3,3,SR-673,,257,38.26772500,-77.553786110,0,34,0,0,1,1,4,0,2,1,0,1,0,0000000,99,99,99,99,99,99,0,0,0,1,1
51,510196,1,1,0,1,165,0,3,5,2010,2,12,31,0,3,3,SR-259,,143,38.68222778,-78.926897220,0,34,0,0,1,1,4,0,1,1,0,1,0,0000000,99,99,99,99,88,88,0,0,0,1,0
51,510197,1,1,0,1,680,1490,2,4,2010,6,1,49,0,14,6,ODD FELLOWS RD,,6,37.37882778,-79.155133330,0,33,0,0,1,1,4,0,3,1,0,1,0,0000000,99,99,99,99,88,88,0,0,0,1,1
51,510198,2,2,0,3,197,0,3,5,2010,2,3,35,1,1,1,I-81,,606,36.91860833,-81.257630560,0,12,6,0,1,1,1,0,2,1,0,1,0,0000000,99,99,99,99,99,99,0,0,0,1,0
51,510199,1,1,0,1,730,1910,29,4,2010,5,20,34,9,99,4,VARINA AVENUE,,0,37.20319167,-77.401169440,0,43,0,0,1,1,4,0,3,1,0,1,0,0000000,99,99,99,99,99,99,0,0,0,1,0
51,510200,1,1,1,1,760,2060,12,4,2010,2,21,12,0,15,6,LOMBARY ST,BROOK RD,18,37.56288056,-77.448183330,0,9,0,0,3,2,1,0,2,1,0,1,0,0000000,99,99,99,99,99,99,0,0,0,1,0
51,510201,1,1,0,1,27,0,6,5,2010,5,14,20,9,99,2,US-460,,40,37.33761389,-82.179022220,0,1,0,0,1,1,1,0,1,1,0,1,0,0000000,99,99,99,99,99,99,0,0,0,1,0
51,510202,2,2,0,3,550,468,1,4,2010,5,18,7,0,13,2,US-13,BUTLER ST,373,36.77244167,-76.339875000,0,12,6,0,2,3,1,0,1,1,0,1,0,0000000,99,99,99,99,99,99,0,0,0,1,0
51,510203,1,1,0,1,69,0,7,5,2010,6,15,22,1,13,3,SR-37,,71,39.21213889,-78.186308330,0,24,0,0,1,1,4,4,1,1,0,1,0,0000000,99,99,99,99,88,88,0,0,0,1,1
51,510204,1,1,0,2,191,0,7,5,2010,6,20,12,9,99,9,RT-700,,99999,36.76364167,-82.009333330,0,53,0,0,1,1,4,0,1,1,0,1,0,0000000,99,99,99,99,88,88,0,0,0,2,1
51,510205,2,2,0,5,41,0,6,4,2010,3,14,8,9,99,9,COURTHOUSE RD,,0,37.45964722,-77.591558330,0,12,6,0,1,1,1,0,1,1,0,1,0,0000000,99,99,99,99,99,99,0,0,0,1,0
51,510206,1,1,0,3,125,0,6,5,2010,5,22,37,0,4,3,SR-56,,382,37.72612500,-78.863855560,0,35,0,0,1,1,4,0,1,1,0,1,0,0000000,99,99,99,99,99,99,0,0,0,1,1
51,510207,1,1,0,1,3,0,7,5,2010,6,5,9,0,4,4,PLANK RD,,90,37.96686944,-78.674469440,0,11,0,0,1,1,1,0,2,1,0,1,0,0000000,99,99,99,99,88,88,0,0,0,1,0
51,510208,1,1,1,1,153,0,2,5,2010,1,0,49,0,13,2,US-1,,1751,38.64952222,-77.261438890,0,8,0,0,1,1,1,0,2,1,0,1,0,0000000,99,99,99,99,88,88,0,0,0,1,1
51,510209,1,1,1,1,185,0,28,3,2010,1,0,52,1,2,2,US-19,,526,37.02085278,-81.797247220,0,8,0,0,1,1,1,0,2,1,0,1,0,0000000,99,99,99,99,88,88,0,0,0,1,1
51,510210,1,1,0,1,810,2540,9,5,2010,1,3,21,9,99,9,3400 WEST NECK RD,,99999,36.71604444,-76.052469440,0,32,0,0,1,1,4,0,2,1,0,1,0,0000000,99,99,99,99,88,88,0,0,0,1,1
51,510211,1,1,0,1,41,0,9,5,2010,1,1,10,0,4,4,9306 HICKORY RD,,23,37.27555556,-77.543391670,0,53,0,0,1,1,4,0,2,1,0,1,0,0000000,99,99,99,99,88,88,0,0,0,1,1
51,510212,2,2,0,2,73,0,12,4,2010,2,16,58,9,99,9,RT 17,T C WALKER RD,0,37.35958333,-76.524152780,0,12,6,0,2,3,1,0,1,1,0,1,0,0000000,99,99,99,99,99,99,0,0,0,1,0
51,510213,1,1,0,5,99,0,9,5,2010,1,0,51,0,4,3,SR-218,,158,38.19023333,-77.114411110,0,30,0,0,1,1,4,0,2,1,0,1,0,0000000,99,99,99,99,99,99,0,0,0,1,0
51,510214,4,2,0,3,700,1720,22,4,2010,5,16,30,9,99,4,36TH ST,MADISON AVE,99999,36.98986944,-76.422872220,0,12,6,0,2,2,1,0,1,1,0,1,0,0000000,99,99,99,99,99,99,0,0,0,1,1
51,510215,2,2,0,2,41,0,9,5,2010,1,16,34,0,13,2,US-1,,828,37.39682222,-77.430697220,0,12,2,0,1,1,1,0,1,1,0,1,0,0000000,99,99,99,99,99,99,0,0,0,1,1
51,510216,1,1,0,1,163,0,10,5,2010,2,9,24,9,99,4,RT-759,,42,37.61956944,-79.493722220,0,35,0,0,1,1,4,0,1,1,0,1,0,0000000,99,99,99,99,99,99,0,0,0,1,1
51,510217,1,1,0,1,93,0,10,5,2010,2,16,50,0,3,3,SR-10,,687,37.07435278,-76.680794440,0,30,0,0,1,1,4,0,2,1,0,1,0,0000000,99,99,99,99,88,88,0,0,0,1,1
51,510218,2,2,0,2,27,0,11,5,2010,3,11,40,1,2,2,US-460,,237,37.20473056,-81.972513890,0,12,6,0,8,1,1,0,1,1,0,1,0,0000000,99,99,99,99,88,88,0,0,0,1,0
51,510219,2,2,0,3,107,0,11,5,2010,3,21,12,1,2,3,SR-7,STONELEIGH DR,224,39.12746389,-77.787966670,0,12,6,0,2,2,1,0,2,1,0,1,0,0000000,99,99,99,99,99,99,0,0,0,1,1
51,510220,2,2,0,4,15,0,12,5,2010,4,16,50,1,11,1,I-64,,969,38.04332500,-78.899475000,0,12,2,0,1,1,1,0,2,1,0,1,0,0000000,99,99,99,99,99,99,0,0,0,2,1
51,510221,1,1,0,1,35,0,14,5,2010,6,15,47,1,1,1,I-77,,10,36.59182500,-80.742902780,0,35,0,0,1,1,3,0,1,1,0,1,0,0000000,99,99,99,99,88,88,0,0,0,1,0
51,510222,1,1,0,1,89,0,19,4,2010,2,9,30,1,12,2,US- 58 BYPASS,,2687,36.65058611,-79.802927780,0,24,0,0,1,1,3,0,1,1,0,1,0,0000000,99,99,99,99,99,99,0,0,0,1,0
51,510223,2,1,0,2,13,0,5,4,2010,2,10,28,9,99,9,COLUMBIA PIKE,SOUTH WAKEFIELD,0,38.85782222,-77.105827780,0,45,0,0,3,1,1,4,1,1,0,1,0,0000000,99,99,99,99,99,99,0,0,0,1,0
51,510224,1,1,0,1,133,0,15,5,2010,7,10,1,0,4,4,RT-657,,12,37.81805556,-76.271811110,0,1,0,0,1,1,4,0,1,1,0,1,0,0000000,99,99,99,99,88,88,0,0,0,1,0
51,510225,1,1,0,1,19,0,15,5,2010,7,13,34,1,2,2,US-460,,1715,37.36961111,-79.696841670,0,1,0,0,1,1,3,0,1,1,0,1,0,9999999,99,99,99,99,99,99,0,0,0,1,0
51,510226,2,2,0,2,197,0,16,4,2010,6,17,40,0,4,2,US- 52,I-81,368,36.94584444,-80.948897220,0,12,6,0,2,2,1,0,1,1,0,1,0,0000000,99,99,99,99,99,99,0,0,0,1,0
51,510227,2,2,0,2,117,0,18,4,2010,1,19,4,0,4,4,RT 669,,131,36.62062500,-78.603830560,0,12,2,0,1,1,1,0,1,1,0,1,0,0000000,99,99,99,99,99,99,0,0,0,1,1
51,510228,3,3,0,4,550,468,26,4,2010,2,20,59,1,11,1,I-64 EAST,,2967,36.75968889,-76.325625000,0,12,2,0,1,1,1,0,3,1,0,1,0,0000000,99,99,99,99,99,99,0,0,0,2,0
51,510229,1,1,0,4,89,0,14,5,2010,6,20,45,9,99,4,BASSETT HGTS RD,,22,36.77663611,-79.960319440,0,42,0,0,1,1,4,0,2,1,0,1,0,0000000,99,99,99,99,99,99,0,0,0,2,0
51,510230,1,1,0,1,29,0,15,5,2010,7,23,30,0,6,4,RT-660,,38,37.60607222,-78.617391670,0,1,0,0,1,1,4,0,2,1,0,1,0,0000000,99,99,99,99,99,99,0,0,0,1,1
51,510231,1,1,0,1,61,0,13,4,2010,3,10,24,0,4,4,LEEDS MANOR RD,,89,38.81195833,-77.998380560,0,42,0,0,1,1,4,0,1,1,0,1,0,0000000,99,99,99,99,99,99,0,0,0,1,0
51,510232,1,1,0,1,169,0,16,5,2010,1,17,26,0,14,6,RT 65,,26,36.70028889,-82.672891670,0,35,0,0,1,1,4,0,1,1,0,1,0,0000000,99,99,99,99,88,88,0,0,0,1,1
51,510233,2,2,0,3,810,2540,17,5,2010,2,12,47,1,12,1,I-264 WEST,,205,36.83649167,-76.069163890,0,12,6,0,1,1,1,0,1,2,0,2,0,0000000,99,99,99,99,99,99,0,0,0,1,0
51,510234,2,2,0,2,810,2540,16,5,2010,1,19,1,9,99,4,500 LONDON BRIDGE RD,2400 BOWLAND PARKWAY,27,36.82653056,-76.052727780,0,12,6,0,2,2,1,0,1,1,0,1,0,0000000,99,99,99,99,88,88,0,0,0,1,1