STATE,ST_CASE,VE_TOTAL,VE_FORMS,PEDS,PERSONS,COUNTY,CITY,DAY,MONTH,YEAR,DAY_WEEK,HOUR,MINUTE,NHS,ROAD_FNC,ROUTE,TWAY_ID,TWAY_ID2,MILEPT,LATITUDE,LONGITUD,SP_JUR,HARM_EV,MAN_COLL,RELJCT1,RELJCT2,TYP_INT,REL_ROAD,WRK_ZONE,LGT_COND,WEATHER1,WEATHER2,WEATHER,SCH_BUS,RAIL,NOT_HOUR,NOT_MIN,ARR_HOUR,ARR_MIN,HOSP_HR,HOSP_MN,CF1,CF2,CF3,FATALS,DRUNK_DR
51,510235,1,1,0,1,157,0,3,5,2010,2,21,0,1,2,2,US-211,,252,38.71324167,-78.139744440,0,24,0,0,1,1,4,0,2,1,0,1,0,0000000,99,99,99,99,88,88,0,0,0,1,0
51,510236,2,2,0,2,710,1760,18,5,2010,3,6,10,1,11,1,I-64 WEST,,2783,36.90598056,-76.255588890,0,12,6,0,1,1,1,0,1,2,0,2,0,0000000,99,99,99,99,88,88,0,0,0,1,0
51,510237,1,1,0,1,197,0,8,5,2010,7,19,0,1,1,1,I-81 NB,,667,36.95757500,-81.110686110,0,35,0,0,1,1,4,0,1,1,0,1,0,0000000,99,99,99,99,88,88,0,0,0,1,0
51,510238,2,2,0,2,570,620,7,5,2010,6,17,59,9,99,4,SOUTH PARK BOULEVARD,CHARLES DIMMOCK PKWY,99999,37.24696667,-77.389325000,0,12,6,0,2,2,1,0,1,1,0,1,0,0000000,99,99,99,99,99,99,0,0,0,1,1
51,510239,1,1,1,1,810,2540,6,5,2010,5,2,10,9,99,4,22ND ST,,99999,36.84985278,-75.977969440,0,8,0,0,1,1,1,0,3,1,0,1,0,0000000,99,99,99,99,88,88,0,0,0,1,0
51,510240,1,1,0,1,157,0,20,5,2010,5,14,55,9,99,2,US-211,,262,38.67291389,-77.998122220,0,24,0,0,1,1,4,0,1,1,0,1,0,0000000,99,99,99,99,88,88,0,0,0,1,0
51,510241,1,1,0,3,710,1760,20,5,2010,5,3,0,1,11,1,I-264,,101,36.84580000,-76.251555560,0,25,0,1,19,1,4,0,2,1,0,1,0,0000000,99,99,99,99,99,99,0,0,0,1,1
51,510242,1,1,0,1,19,0,21,5,2010,6,1,5,9,99,4,RT-616,,68,37.23005556,-79.692422220,0,35,0,0,1,1,4,0,2,1,0,1,0,0000000,99,99,99,99,88,88,0,0,0,1,1
51,510243,1,1,0,1,1,0,22,5,2010,7,6,56,9,99,4,RT-620,,0,37.59682500,-75.788241670,0,1,0,0,1,1,4,0,2,1,0,1,0,0000000,99,99,99,99,88,88,0,0,0,1,1
51,510244,1,1,1,1,73,0,22,5,2010,7,21,31,1,2,2,US-17,,804,37.41311944,-76.522177780,0,15,0,0,1,1,1,0,2,1,0,1,0,0000000,99,99,99,99,88,88,0,0,0,1,0
51,510245,1,1,0,1,35,0,23,5,2010,1,20,15,9,99,4,RT-913,,70,36.62634167,-80.987027780,0,42,0,0,1,1,4,0,2,1,0,1,0,0000000,99,99,99,99,88,88,0,0,0,1,1
51,510246,2,1,0,1,760,2060,15,5,2010,7,22,46,9,99,4,2900 LIBBIE TERRACE,,0,37.51136111,-77.461038890,0,14,0,0,1,1,7,0,2,1,0,1,0,0000000,99,99,99,99,88,88,0,0,0,1,0
51,510247,1,1,0,2,1,0,15,5,2010,7,21,55,0,4,4,RT-679,,165,37.93106389,-75.482083330,0,42,0,0,1,1,4,0,2,1,0,1,0,0000000,99,99,99,99,99,99,0,0,0,1,1
51,510248,1,1,0,1,750,2020,26,5,2010,4,18,0,0,13,3,SR-31,,13,37.10598611,-80.581713890,0,33,0,0,1,1,3,0,1,1,0,1,0,0000000,99,99,99,99,88,88,0,0,0,1,0
51,510249,1,1,0,1,183,0,27,5,2010,5,15,30,1,2,2,US-460,RT-639,3501,36.95002778,-76.959658330,0,59,0,0,2,3,4,0,1,1,0,1,0,0000000,99,99,99,99,88,88,0,0,0,1,0
51,510250,1,1,0,1,185,0,28,5,2010,6,1,30,1,2,2,US-460,,3501,37.09763333,-81.660388890,0,24,0,0,1,1,3,0,2,1,0,1,0,0000000,99,99,99,99,99,99,0,0,0,1,1
51,510251,2,2,0,3,143,0,28,5,2010,6,16,15,0,4,3,SR-57 W,RT-703,632,36.81728889,-79.349227780,0,12,6,0,2,2,1,0,1,1,0,1,0,0000000,99,99,99,99,99,99,0,0,0,1,0
51,510252,1,1,0,1,143,0,29,5,2010,7,16,40,1,2,2,US-58,,3032,36.58086667,-79.287900000,0,34,0,0,1,1,3,0,1,1,0,1,0,0000000,99,99,99,99,99,99,0,0,0,1,0
51,510253,1,1,0,1,75,0,26,5,2010,4,19,7,0,4,3,SR-6,BLUE GOOSE RD,836,37.62782778,-77.785777780,0,32,0,0,2,2,4,0,1,1,0,1,0,0000000,99,99,99,99,88,88,0,0,0,1,1
51,510254,1,1,0,1,33,0,21,5,2010,6,21,0,0,5,4,PEPMIER HILL RD,,19,38.21849167,-77.344350000,0,42,0,0,1,1,4,0,2,1,0,1,0,0000000,99,99,99,99,88,88,0,0,0,1,1
51,510255,1,1,0,1,810,2540,29,5,2010,7,11,14,0,14,3,SR-19,,122,36.82921111,-76.160144440,0,33,0,0,1,1,4,4,1,1,0,1,0,0000000,99,99,99,99,99,99,0,0,0,1,0
51,510256,2,2,0,2,153,0,29,5,2010,7,23,20,1,11,1,I-95,,1508,38.54665556,-77.344436110,0,12,1,0,1,1,1,0,2,1,0,1,0,0000000,99,99,99,99,88,88,0,0,0,1,1
51,510257,1,1,0,1,550,468,30,5,2010,1,21,18,1,11,1,I-64,,2993,36.76529167,-76.359958330,0,30,0,0,1,1,3,0,3,2,0,2,0,0000000,99,99,99,99,88,88,0,0,0,1,1
51,510258,1,1,0,1,43,0,30,5,2010,1,20,7,0,3,2,US-50,,281,39.05781667,-78.038205560,0,11,0,0,1,1,1,0,5,1,0,1,0,0000000,99,99,99,99,88,88,0,0,0,1,1
51,510259,1,1,0,2,127,0,29,5,2010,7,20,10,1,11,1,I-64,,2059,37.51544444,-77.185908330,0,33,0,0,1,1,8,0,5,1,0,1,0,0000000,99,99,99,99,99,99,0,0,0,1,1
51,510260,1,1,0,1,77,0,28,5,2010,6,18,25,0,6,4,STONES CHAPEL RD,,8,36.71982778,-81.184158330,0,35,0,0,1,1,4,0,1,1,0,1,0,0000000,99,99,99,99,88,88,0,0,0,1,1
51,510261,2,2,0,2,87,0,13,5,2010,5,6,18,1,11,1,I-64,,1865,37.60144722,-77.500391670,0,12,8,0,1,1,1,0,1,1,0,1,0,0000000,99,99,99,99,88,88,14,0,0,1,0
51,510262,2,2,0,2,177,0,7,5,2010,6,7,1,9,99,3,SR-2,BEND FARM RD,507,38.27265556,-77.448377780,0,12,1,0,2,2,1,0,1,1,0,1,0,0000000,99,99,99,99,99,99,0,0,0,1,0
51,510263,1,1,1,1,155,0,6,5,2010,5,21,24,0,13,2,US-11,MEADOWVIEW DRIVE,944,37.05723333,-80.772341670,0,8,0,0,2,3,1,0,2,1,0,1,0,0000000,99,99,99,99,99,99,0,0,0,1,0
51,510264,1,1,0,1,87,0,13,5,2010,5,2,45,9,99,4,RIVER RD,,32,37.56903889,-77.565450000,0,42,0,0,1,1,4,0,2,2,0,2,0,0000000,99,99,99,99,88,88,0,0,0,1,1
51,510265,2,2,0,3,720,1810,26,5,2010,4,13,12,9,99,4,HWY 58,HAWTHORNE DR,99999,36.94093889,-82.600108330,0,12,6,0,2,2,1,0,1,1,0,1,0,0000000,99,99,99,99,99,99,0,0,0,1,0
51,510266,1,1,0,1,121,0,31,5,2010,2,18,5,1,1,1,I-81,,1100,37.09475833,-80.497083330,0,24,0,1,19,1,4,0,1,1,0,1,0,0000000,99,99,99,99,88,88,0,0,0,1,1
51,510267,1,1,0,3,760,0,23,5,2010,1,2,28,0,14,6,WARWICK RD,,5,37.48833889,-77.481261110,0,40,0,0,1,1,4,0,3,1,0,1,0,0000000,99,99,99,99,99,99,0,0,0,1,0
51,510268,1,1,0,1,710,1760,2,5,2010,1,6,0,0,13,2,US-27,100 ELWOO0D AVE,4027,36.90136389,-76.278366670,0,42,0,0,3,1,3,0,3,1,0,1,0,0000000,99,99,99,99,88,88,0,0,0,1,1
51,510269,1,1,0,1,700,1720,8,5,2010,7,7,3,1,13,3,SR-105,,7,37.17452500,-76.552863890,0,24,0,0,1,1,4,0,1,1,0,1,0,0000000,99,99,99,99,88,88,0,0,0,1,0
51,510270,2,2,0,2,700,1720,13,5,2010,5,16,5,0,15,6,MCMANUS BLVD,TURNBERRY BLVD,5,37.13851111,-76.509733330,0,12,6,0,2,3,1,0,1,1,0,1,0,0000000,99,99,99,99,99,99,0,0,0,1,0
51,510271,1,1,0,1,740,1970,7,5,2010,6,23,30,0,13,2,US-58,,2488,36.83518611,-76.327513890,0,24,0,0,1,1,8,0,3,1,0,1,0,0000000,99,99,99,99,99,99,0,0,0,1,0
51,510272,1,1,1,1,59,0,22,5,2010,7,21,6,0,15,4,WOODBURN RD,,7,38.85448056,-77.224616670,0,8,0,0,1,1,1,0,3,2,0,2,0,0000000,99,99,99,99,99,99,0,0,0,1,0
51,510273,1,1,1,1,700,1720,29,5,2010,7,21,9,1,13,2,US-17,,563,37.08496667,-76.459350000,0,8,0,0,1,1,1,0,3,1,0,1,0,0000000,99,99,99,99,99,99,0,0,0,1,0
51,510274,1,1,1,1,700,1720,4,5,2010,3,0,51,1,1,4,11176 JEFFERSON AVE,,142,37.05873889,-76.464972220,0,8,0,0,1,1,1,0,2,1,0,1,0,0000000,99,99,99,99,88,88,0,0,0,1,0
51,510275,1,1,0,2,775,2170,20,5,2010,5,22,40,9,99,4,BOWMAN AVE,,99999,37.27818611,-80.059733330,0,5,0,0,1,1,1,0,3,1,0,1,0,0000000,99,99,99,99,88,88,0,0,0,1,0
51,510276,1,1,0,1,145,0,27,5,2010,5,6,30,0,4,3,SR-13,,182,37.52810556,-77.958038890,0,32,0,0,1,1,4,0,2,1,0,1,0,0000000,99,99,99,99,99,99,0,0,0,1,0
51,510277,1,1,0,2,25,0,1,6,2010,3,13,44,1,1,1,I-85,,242,36.70421111,-78.117600000,0,42,0,1,19,1,3,0,1,1,0,1,0,0000000,88,88,88,88,88,88,0,0,0,2,0
51,510278,2,2,0,3,11,0,2,6,2010,4,7,26,0,3,3,SR-24,,729,37.37643333,-78.790811110,0,12,2,0,1,1,1,0,1,1,0,1,0,0000000,99,99,99,99,99,99,0,0,0,1,0
51,510279,3,3,0,4,191,0,3,6,2010,5,8,50,0,4,3,SR-91,,183,36.80901111,-81.765061110,0,12,2,0,1,1,1,0,1,1,0,1,0,0000000,99,99,99,99,99,99,0,0,0,1,0
51,510280,1,1,0,1,81,0,5,6,2010,7,10,15,1,1,1,I-95,,51,36.66291111,-77.556611110,0,1,0,1,19,1,3,0,1,1,0,1,0,0000000,99,99,99,99,99,99,0,0,0,1,0
51,510281,2,2,0,2,179,0,5,6,2010,7,21,30,1,2,2,US-17,,1874,38.40093889,-77.566738890,0,12,2,0,1,1,1,0,2,1,0,1,0,0000000,99,99,99,99,99,99,0,0,0,1,2
51,510282,2,2,0,2,73,0,5,6,2010,7,11,24,1,13,2,US-17,WOODSVILLE RD,733,37.30478056,-76.513166670,0,12,6,0,2,3,1,0,1,1,0,1,0,0000000,99,99,99,99,99,99,0,0,0,1,0
51,510283,1,1,0,1,155,0,5,6,2010,7,1,55,1,2,2,US-11,SR-11,51,37.13516667,-80.615830560,0,7,0,1,2,4,1,0,2,1,0,1,0,0000000,99,99,99,99,99,99,0,0,0,1,0
51,510284,2,2,0,2,153,0,2,6,2010,4,12,20,0,14,4,OPITZ BLVD,,56,38.63510833,-77.286930560,0,12,1,0,1,1,1,0,1,1,0,1,0,0000000,99,99,99,99,99,99,0,0,0,1,0
51,510285,1,1,0,1,19,0,8,6,2010,3,14,38,0,6,4,RT-668,,7,37.15368056,-79.214858330,0,38,0,0,1,1,4,0,1,1,0,1,0,0000000,99,99,99,99,88,88,0,0,0,1,0
51,510286,1,1,0,2,89,0,10,6,2010,5,23,53,0,4,3,SR-108,,23,36.76108056,-79.883416670,0,42,0,0,1,1,4,0,2,1,0,1,0,0000000,99,99,99,99,99,99,0,0,0,1,1
51,510287,1,1,0,1,79,0,11,6,2010,6,21,47,9,99,4,RT-617,,33,38.24542778,-78.408994440,0,42,0,0,1,1,4,0,2,1,0,1,0,0000000,99,99,99,99,88,88,0,0,0,1,1
51,510288,2,2,0,2,3,0,12,6,2010,7,17,39,1,1,1,I-64,,1183,38.01908889,-78.533363890,0,5,0,1,18,1,1,0,1,1,0,1,0,0000000,99,99,99,99,88,88,14,0,0,1,0
51,510289,2,2,0,2,155,0,11,6,2010,6,19,5,9,99,4,THORNSPRING CHURCH R,,39,37.10420556,-80.761141670,0,12,2,0,1,1,1,0,1,1,0,1,0,0000000,99,99,99,99,99,99,0,0,0,1,0
51,510290,1,1,0,1,191,0,12,6,2010,7,11,0,9,99,2,US-11,,322,36.78742778,-81.725750000,0,42,0,0,1,1,4,0,1,2,0,2,0,0000000,99,99,99,99,99,99,0,0,0,1,0
51,510291,1,1,0,1,13,0,12,6,2010,7,16,22,1,11,1,I-66,,738,38.89756389,-77.080077780,0,1,0,1,18,1,2,0,1,1,0,1,0,0000000,99,99,99,99,99,99,0,0,0,1,0
51,510292,1,1,0,2,177,0,13,6,2010,1,1,20,0,4,4,STUBBS BRIDGE RD,,65,38.14340000,-77.841311110,0,1,0,0,1,1,4,0,2,1,0,1,0,0000000,99,99,99,99,99,99,0,0,0,1,1
51,510293,2,1,1,1,191,0,14,6,2010,2,4,5,1,11,1,I-81,,171,36.69970278,-81.971397220,0,14,0,1,18,1,2,0,2,5,0,5,0,0000000,99,99,99,99,88,88,0,0,0,1,0
51,510294,1,1,0,1,141,0,14,6,2010,2,6,50,9,99,3,SR-8,,35,36.57380278,-80.266927780,0,42,0,0,1,1,4,0,1,1,0,1,0,0000000,99,99,99,99,88,88,0,0,0,1,0
51,510295,2,2,0,2,61,0,14,6,2010,2,10,45,0,6,4,RT-644,,7,38.54836667,-77.717541670,0,12,6,0,1,1,1,0,1,1,0,1,0,0000000,99,99,99,99,88,88,0,0,0,1,0
51,510297,1,1,2,1,59,0,21,5,2010,6,16,3,0,16,4,FORUM DR,LEE HWY,0,38.84886667,-77.356280560,0,9,0,0,2,3,4,0,1,1,0,1,0,0000000,99,99,99,99,88,88,0,0,0,2,0
51,510298,1,1,0,3,41,0,13,6,2010,1,4,57,0,13,4,COUTRHOUSE RD,,141,37.47758333,-77.597036110,0,42,0,0,1,1,3,0,4,1,0,1,0,0000000,99,99,99,99,99,99,0,0,0,1,1
51,510299,2,2,0,2,93,0,14,6,2010,2,17,35,9,99,9,RT-258,,99999,36.96964444,-76.656333330,0,12,6,0,1,1,1,0,1,1,0,1,0,0000000,99,99,99,99,99,99,0,0,0,1,0
51,510300,2,2,0,2,73,0,15,6,2010,3,8,0,9,99,4,HICKORY FORK RD,,85,37.34631389,-76.544194440,0,12,2,0,1,1,1,0,1,1,0,1,0,0000000,99,99,99,99,99,99,0,0,0,1,0
51,510301,2,2,0,5,1,0,16,6,2010,4,2,8,1,2,2,US-13,,1261,37.77953333,-75.610400000,0,12,2,0,1,1,1,0,2,1,0,1,0,0000000,99,99,99,99,99,99,0,0,0,1,0
51,510303,1,1,0,1,143,0,17,6,2010,5,4,7,1,2,2,US-29,,196,36.75143611,-79.383558330,0,1,0,0,1,1,1,0,2,1,0,1,0,0000000,99,99,99,99,88,88,0,0,0,1,0
51,510304,1,1,0,1,177,0,18,6,2010,6,15,45,0,4,4,ELYS FORD RD,,34,38.32570000,-77.648877780,0,43,0,0,1,1,4,0,1,1,0,1,0,0000000,99,99,99,99,88,88,0,0,0,1,0
51,510305,2,2,0,2,177,0,18,6,2010,6,14,55,0,15,4,LEAVELLS RD,SALEM STATION BLVD,56,38.26143333,-77.540405560,0,12,6,1,2,2,1,0,1,1,0,1,0,0000000,99,99,99,99,99,99,0,0,0,1,0
51,510306,1,1,0,2,810,2540,15,6,2010,3,22,15,9,99,4,2500 HOLLAND RD,2500 CHRISTOPHER FAR,0,36.76708056,-76.059380560,0,1,0,0,2,2,4,0,2,1,0,1,0,0000000,99,99,99,99,99,99,0,0,0,1,1
51,510307,1,1,0,5,43,0,18,6,2010,6,23,50,0,4,9,RT-611,,1,39.18297222,-77.971258330,0,42,0,0,1,1,4,0,2,1,0,1,0,0000000,99,99,99,99,99,99,0,0,0,1,1
51,510308,1,1,0,1,149,0,19,6,2010,7,2,1,0,4,3,SR-156,,48,37.19263056,-77.264055560,0,42,0,0,1,1,4,0,2,1,0,1,0,0000000,99,99,99,99,88,88,0,0,0,1,1
51,510309,1,1,0,1,185,0,15,6,2010,3,13,30,0,4,3,SR-67,,172,37.09397222,-81.822952780,0,21,0,0,1,1,4,0,1,1,0,1,0,0000000,99,99,99,99,99,99,0,0,0,1,0
51,510310,1,1,0,1,31,0,19,6,2010,7,21,34,9,99,4,RT-699,,19,37.12723611,-79.203486110,0,24,0,0,1,1,4,0,2,1,0,1,0,0000000,99,99,99,99,88,88,0,0,0,1,1
51,510311,1,1,0,1,127,0,18,6,2010,6,17,12,1,1,1,I-64,,2108,37.50502778,-77.091494440,0,42,0,1,19,1,4,0,1,1,0,1,0,0000000,99,99,99,99,88,88,0,0,0,1,1
51,510312,1,1,0,1,36,0,21,6,2010,2,15,17,0,6,4,COOL HILL RD,,25,37.43793056,-77.121105560,0,42,0,0,1,1,4,0,1,1,0,1,0,0000000,99,99,99,99,88,88,0,0,0,1,1
51,510313,1,1,0,2,83,0,19,6,2010,7,13,15,0,5,4,RT-667,,85,36.90982222,-79.087572220,0,1,0,0,1,1,4,0,1,1,0,1,0,0000000,99,99,99,99,99,99,0,0,0,1,1
51,510314,2,2,0,5,87,0,21,6,2010,2,11,13,1,11,1,I-95,,865,37.40214167,-77.269119440,0,12,9,1,18,1,1,0,1,1,0,1,0,0000000,99,99,99,99,99,99,0,0,0,2,0
51,510315,1,1,1,1,95,0,21,6,2010,2,3,58,1,12,3,SR-199,,118,37.25335556,-76.660452780,0,8,0,0,1,1,1,0,2,1,0,1,0,0000000,99,99,99,99,88,88,0,0,0,1,0
51,510316,4,2,0,2,87,0,17,6,2010,5,12,44,0,13,2,US-301,WILMER AVE,980,37.60585000,-77.449836110,0,12,6,0,2,2,1,0,1,1,0,1,0,0000000,99,99,99,99,99,99,0,0,0,1,0
51,510317,1,1,0,1,127,0,22,6,2010,3,20,8,0,4,3,SR-249,,30,37.53321111,-77.147025000,0,1,0,0,1,1,4,0,5,1,0,1,0,0000000,99,99,99,99,99,99,0,0,0,1,1
51,510318,1,1,0,1,85,0,23,6,2010,4,1,45,1,11,1,I-295,,138,37.62996944,-77.373575000,0,42,0,1,18,1,4,4,2,1,0,1,0,0000000,99,99,99,99,88,88,0,0,0,1,0
51,510319,3,3,0,3,67,0,25,6,2010,6,12,45,0,3,3,SR-40,,455,36.99727500,-79.692250000,0,12,1,0,1,1,1,0,1,1,0,1,0,0000000,99,99,99,99,99,99,0,0,0,1,0
51,510320,1,1,0,1,53,0,26,6,2010,7,1,2,9,99,4,RT-661,,1,37.11447222,-77.584333330,0,42,0,0,1,1,4,0,2,1,0,1,0,0000000,99,99,99,99,88,88,0,0,0,1,1
51,510321,1,1,0,1,3,0,26,6,2010,7,17,0,0,4,4,PLANK RD,,16,37.94595833,-78.637219440,0,35,0,0,1,1,4,0,1,1,0,1,0,0000000,99,99,99,99,88,88,0,0,0,1,1
51,510322,1,1,0,1,127,0,27,6,2010,1,5,42,0,3,2,US-60,,2073,37.49324722,-77.158055560,0,59,0,0,1,1,4,0,4,1,0,1,0,0000000,99,99,99,99,99,99,0,0,0,1,0
51,510323,1,1,1,1,115,0,26,6,2010,7,22,40,0,4,4,RT-17,,54,37.43983889,-76.403647220,0,8,0,0,1,1,1,0,2,1,0,1,0,0000000,99,99,99,99,88,88,0,0,0,1,0
51,510324,2,2,0,10,85,0,28,6,2010,2,14,4,1,11,1,I-295,,203,37.54464444,-77.282294440,0,12,6,1,18,1,1,0,1,1,0,1,0,0000000,99,99,99,99,99,99,0,0,0,1,0
51,510325,1,1,0,2,1,0,28,6,2010,2,16,43,1,2,2,US-13,,1205,37.72795833,-75.668336110,0,1,0,0,1,1,1,0,1,1,0,1,0,0000000,99,99,99,99,99,99,0,0,0,1,0
51,510326,4,4,0,5,179,0,26,6,2010,7,22,22,1,11,1,I-95,,1424,38.46047778,-77.408338890,0,12,7,1,18,1,1,0,2,1,0,1,0,0000000,99,99,99,99,99,99,99,99,99,1,1
51,510327,1,1,0,1,179,0,27,6,2010,1,5,0,1,11,1,I-95,,1343,38.34162222,-77.490991670,0,24,0,1,18,1,3,0,2,1,0,1,0,0000000,99,99,99,99,99,99,0,0,0,1,0
51,510328,3,3,0,3,510,40,29,6,2010,3,23,2,1,11,1,I-395,,51,38.82907778,-77.114925000,0,12,1,1,18,1,1,4,3,1,0,1,0,0000000,99,99,99,99,88,88,0,0,0,1,0
51,510329,1,1,1,1,1,0,30,6,2010,4,22,38,1,2,2,US-13,,1159,37.67913333,-75.723438890,0,8,0,0,1,1,1,0,2,1,0,1,0,0000000,99,99,99,99,88,88,0,0,0,1,1
51,510330,1,1,0,1,165,0,30,6,2010,4,21,30,0,3,2,US-340,,503,38.45500000,-78.618036110,0,42,0,0,1,1,4,0,2,1,0,1,0,0000000,99,99,99,99,88,88,0,0,0,1,1
51,510331,1,1,0,1,31,0,21,6,2010,2,21,0,9,99,4,LEESVILLE RD,,0,37.25683889,-79.277344440,0,18,0,0,1,1,4,0,2,1,0,1,0,0000000,99,99,99,99,88,88,0,0,0,1,1
51,510332,1,1,0,1,147,0,18,6,2010,6,7,4,0,4,4,RT-604,,14,37.15771667,-78.518600000,0,42,0,0,1,1,4,0,1,1,0,1,0,0000000,99,99,99,99,99,99,0,0,0,1,0
51,510333,1,1,0,1,800,2390,25,6,2010,6,5,20,1,13,4,1326 PORTSMOUTH BLVD,,55,36.74892500,-76.532477780,0,42,0,0,1,1,4,0,1,1,0,1,0,0000000,99,99,99,99,88,88,0,0,0,1,0
51,510334,1,1,0,1,770,2100,19,6,2010,7,18,5,9,99,4,TAZEWELL AVE,,0,37.27316389,-79.923819440,0,33,0,0,1,1,4,0,1,1,0,1,0,0000000,99,99,99,99,88,88,0,0,0,1,1
51,510335,2,2,0,2,87,0,2,6,2010,4,21,12,0,14,2,US-1,VIRGINIA CENTER PKWY,1021,37.66595278,-77.460908330,0,12,1,0,2,2,1,0,2,1,0,1,0,0000000,99,99,99,99,88,88,0,0,0,1,0
51,510336,2,2,0,2,87,0,16,6,2010,4,8,5,9,99,3,SR-156,DARBYTOWN RD,356,37.44600556,-77.233586110,0,12,6,0,2,2,1,0,1,1,0,1,0,0000000,99,99,99,99,99,99,0,0,0,1,0
51,510337,1,1,0,2,107,0,13,6,2010,1,17,43,0,14,4,ALGONKIAN PKWY,,53,39.02460278,-77.362847220,0,58,0,0,1,1,2,0,1,1,0,1,0,0000000,99,99,99,99,99,99,0,0,0,2,1
51,510338,1,1,0,1,87,0,26,6,2010,7,23,29,0,14,4,MONAHAN RD,DARBYTOWN RD,45,37.47201389,-77.334308330,0,1,0,0,2,3,4,0,2,1,0,1,0,0000000,99,99,99,99,88,88,0,0,0,1,1
51,510339,2,2,0,2,197,0,29,6,2010,3,9,44,9,99,2,US-52,,468,36.96196389,-81.108886110,0,12,6,0,1,1,1,4,1,1,0,1,0,0000000,99,99,99,99,99,99,0,0,0,1,0
51,510340,1,1,0,2,85,0,18,6,2010,6,13,22,0,6,4,ELMONT RD,,47,37.75361667,-77.498416670,0,35,0,0,1,1,4,0,1,1,0,1,0,0000000,99,99,99,99,99,99,0,0,0,1,0
51,510341,1,1,0,5,65,0,1,7,2010,5,17,40,0,3,2,US-15,,1153,37.85999722,-78.263833330,0,35,0,0,1,1,4,0,1,1,0,1,0,0000000,99,99,99,99,99,99,0,0,0,1,0
51,510342,2,2,0,2,165,0,1,7,2010,5,8,0,9,99,4,AIRPORT RD,,6,38.37584722,-78.979788890,0,12,2,0,1,1,1,0,1,1,0,1,0,0000000,99,99,99,99,88,88,0,0,0,1,0
51,510343,1,1,0,2,127,0,1,7,2010,5,21,5,1,11,1,I-64,,2206,37.49638056,-77.030383330,0,52,0,1,18,1,4,0,2,1,0,1,0,0000000,99,99,99,99,99,99,0,0,0,1,0
51,510344,2,2,0,2,1,0,3,7,2010,7,14,19,0,6,4,RT-609,BOBTOWN RD,53,37.67974444,-75.732536110,0,12,2,0,2,3,1,0,1,1,0,1,0,0000000,99,99,99,99,99,99,0,0,0,1,0
51,510345,1,1,0,1,135,0,5,7,2010,2,6,25,1,2,2,US-360,,951,37.27200278,-78.122750000,0,1,0,0,1,1,4,0,1,1,0,1,0,0000000,99,99,99,99,88,88,0,0,0,1,1
51,510346,1,1,0,1,165,0,5,7,2010,2,4,45,0,14,2,US-809,,2651,38.46605556,-78.840550000,0,38,0,0,1,1,4,0,2,1,0,1,0,0000000,99,99,99,99,88,88,0,0,0,1,1
51,510347,1,1,0,6,59,0,5,7,2010,2,1,5,9,99,4,CHAPEL RD,,47,38.77810833,-77.361002780,0,42,0,0,1,1,4,0,2,1,0,1,0,0000000,99,99,99,99,99,99,0,0,0,1,0
51,510348,1,1,1,1,59,0,1,7,2010,5,22,0,0,14,4,RESTON PKWY,GLADE DRIVE,19,38.93544444,-77.367266670,0,8,0,0,3,2,1,0,2,1,0,1,0,0000000,99,99,99,99,88,88,0,0,0,1,0
51,510349,1,1,0,1,165,0,7,7,2010,4,1,47,1,1,1,I-81,,2623,38.61070000,-78.711891670,0,1,0,0,1,1,3,0,3,1,0,1,0,0000000,99,99,99,99,88,88,0,0,0,1,0
51,510350,2,2,0,3,121,0,4,7,2010,1,15,21,9,99,2,US-460,DARK RUN RD,1335,37.17830556,-80.237230560,0,12,6,0,2,2,1,0,1,1,0,1,0,0000000,99,99,99,99,99,99,0,0,0,1,0
51,510351,1,1,0,2,65,0,6,7,2010,3,13,45,9,99,2,US-250,,1088,37.98550833,-78.267416670,0,42,0,0,1,1,4,0,1,1,0,1,0,0000000,99,99,99,99,99,99,0,0,0,1,0
51,510352,2,2,0,2,137,0,9,7,2010,6,14,45,0,3,3,SR-20,,735,38.25813333,-78.007950000,0,12,2,0,1,1,1,0,1,1,0,1,0,0000000,99,99,99,99,99,99,0,0,0,1,0
51,510353,2,2,0,3,37,0,9,7,2010,6,12,30,9,99,4,RT-72,,0,37.05091389,-78.850358330,0,12,2,0,1,1,1,0,1,1,0,1,0,0000000,99,99,99,99,99,99,0,0,0,2,1
51,510354,1,1,0,1,3,0,10,7,2010,7,3,25,0,4,3,SR-53,,10,38.00965556,-78.464397220,0,31,0,0,1,1,4,0,2,2,0,2,0,0000000,99,99,99,99,88,88,0,0,0,1,1
51,510355,1,1,0,1,83,0,10,7,2010,7,6,0,9,99,4,RT-716,,167,36.72906389,-78.877502780,0,34,0,0,1,1,4,0,1,1,0,1,0,0000000,99,99,99,99,88,88,0,0,0,1,1
51,510356,2,1,0,1,23,0,11,7,2010,1,7,30,9,99,2,US-11,,1763,37.39544167,-79.896933330,0,14,0,0,1,1,5,0,1,1,0,1,0,0000000,99,99,99,99,88,88,0,0,0,1,0
51,510357,1,1,0,4,810,2540,11,7,2010,1,21,6,0,14,6,GENERAL BOOTH BLVD,,196,36.81062500,-75.989727780,0,42,0,0,1,1,3,0,2,1,0,1,0,0000000,99,99,99,99,99,99,0,0,0,1,0
51,510358,2,2,0,3,550,468,12,7,2010,2,15,0,1,11,1,I-664,,188,36.88257222,-76.217480560,0,12,1,1,18,1,1,0,1,1,0,1,0,0000000,99,99,99,99,88,88,0,0,0,1,0