STATE,ST_CASE,VE_TOTAL,VE_FORMS,PEDS,PERSONS,COUNTY,CITY,DAY,MONTH,YEAR,DAY_WEEK,HOUR,MINUTE,NHS,ROAD_FNC,ROUTE,TWAY_ID,TWAY_ID2,MILEPT,LATITUDE,LONGITUD,SP_JUR,HARM_EV,MAN_COLL,RELJCT1,RELJCT2,TYP_INT,REL_ROAD,WRK_ZONE,LGT_COND,WEATHER1,WEATHER2,WEATHER,SCH_BUS,RAIL,NOT_HOUR,NOT_MIN,ARR_HOUR,ARR_MIN,HOSP_HR,HOSP_MN,CF1,CF2,CF3,FATALS,DRUNK_DR
51,510359,1,1,0,1,760,0,13,7,2010,3,9,56,0,13,2,US-,SEMMES AVE,917,37.52332500,-77.451919440,0,5,0,0,2,2,1,0,1,1,0,1,0,0000000,99,99,99,99,99,99,0,0,0,1,0
51,510360,1,1,0,1,73,0,14,7,2010,4,1,19,1,2,2,US- 17,BELROI RD,817,37.41451667,-76.539944440,0,34,0,0,2,2,3,0,2,1,0,1,0,0000000,99,99,99,99,88,88,20,0,0,1,0
51,510361,1,1,0,2,191,0,15,7,2010,5,1,45,0,6,4,RT-788,,14,36.65327222,-81.814500000,0,1,0,0,1,1,4,0,2,1,0,1,0,0000000,99,99,99,99,99,99,0,0,0,1,1
51,510362,2,2,0,2,25,0,17,7,2010,7,21,5,9,99,9,RT-48,,0,36.67103611,-77.866116670,0,12,2,0,1,1,1,0,2,1,0,1,0,0000000,99,99,99,99,99,99,0,0,0,1,0
51,510363,1,1,0,4,61,0,18,7,2010,1,13,29,1,1,1,I-66,,232,38.85892500,-77.865880560,0,42,0,1,18,1,4,0,1,1,0,1,0,0000000,99,99,99,99,99,99,0,0,0,1,0
51,510364,1,1,0,1,33,0,18,7,2010,1,15,22,1,2,2,US-301,,1226,38.15581944,-77.207794440,0,24,0,0,1,1,4,0,1,1,0,1,0,0000000,99,99,99,99,99,99,0,0,0,1,1
51,510365,1,1,0,1,153,0,19,7,2010,2,21,20,0,16,4,1389 ROLLING BROOK D,1399 TUMBLING BROOK,3,38.67242778,-77.269827780,0,33,0,0,3,1,4,0,2,1,0,1,0,0000000,99,99,99,99,88,88,0,0,0,1,0
51,510366,2,2,0,2,187,0,21,7,2010,4,15,40,0,4,4,RT-661,,20,38.99197222,-78.145408330,0,12,6,0,6,1,1,0,1,1,0,1,0,468631W,99,99,99,99,88,88,0,0,0,1,0
51,510367,1,1,0,1,650,1180,22,7,2010,5,5,49,0,14,6,1424 ABERDEEN BLVD,,25,37.03488333,-76.407680560,0,30,0,0,1,1,4,0,1,1,0,1,0,0000000,99,99,99,99,88,88,0,0,0,1,1
51,510368,1,1,0,1,185,0,23,7,2010,6,5,45,1,2,2,US-19,,632,37.09900278,-81.656483330,0,24,0,0,1,1,4,0,4,5,0,5,0,0000000,99,99,99,99,99,99,0,0,0,1,0
51,510369,2,2,0,2,19,0,24,7,2010,7,19,50,0,99,4,RT-608,,193,37.24078333,-79.671305560,0,12,2,0,1,1,1,0,1,1,0,1,0,0000000,99,99,99,99,88,88,0,0,0,1,1
51,510370,1,1,1,1,73,0,23,7,2010,6,23,35,0,4,4,RT-616,,68,37.41458333,-76.540138890,0,8,0,0,1,1,1,0,2,1,0,1,0,0000000,99,99,99,99,88,88,0,0,0,1,0
51,510371,1,1,0,1,117,0,23,7,2010,6,16,31,9,99,9,RT-58,RT-626,0,36.70410833,-78.051166670,0,35,0,0,2,3,3,0,1,1,0,1,0,0000000,99,99,99,99,99,99,0,0,0,1,0
51,510372,1,1,0,1,59,0,8,7,2010,5,21,50,1,13,4,RT-7100,,211,38.97450833,-77.361861110,0,38,0,0,1,1,4,0,3,1,0,1,0,0000000,99,99,99,99,99,99,0,0,0,1,1
51,510373,1,1,0,1,73,0,25,7,2010,1,18,21,9,99,4,RT-636,,37,37.31742778,-76.503188890,0,1,0,0,1,1,4,0,1,1,0,1,0,0000000,99,99,99,99,88,88,0,0,0,1,0
51,510374,1,1,0,1,61,0,25,7,2010,1,15,30,0,4,4,RT-806,,100,38.60607222,-77.601758330,0,41,0,0,1,1,4,0,1,1,0,1,0,0000000,99,99,99,99,99,99,0,0,0,1,0
51,510375,2,2,0,4,27,0,25,7,2010,1,12,25,1,2,2,US-460,RT-759,198,37.20462778,-81.974830560,0,12,6,0,2,2,1,0,1,1,0,1,0,0000000,99,99,99,99,99,99,0,0,0,1,0
51,510376,3,3,0,4,67,0,26,7,2010,2,16,29,0,3,3,SR-40,RT-649,338,37.01259444,-79.869188890,0,12,6,0,2,2,1,0,1,1,0,1,0,0000000,99,99,99,99,99,99,0,0,0,2,0
51,510377,1,1,0,1,195,0,26,7,2010,2,18,30,0,4,3,SR-72,,278,36.91524444,-82.461275000,0,24,0,0,1,1,4,0,1,1,0,1,0,0000000,99,99,99,99,99,99,0,0,0,1,0
51,510378,1,1,0,1,121,0,27,7,2010,3,16,38,1,13,2,US-460,,1117,37.27391667,-80.418205560,0,24,0,0,1,1,4,0,1,1,0,1,0,0000000,99,99,99,99,88,88,0,0,0,1,0
51,510379,2,2,0,2,105,0,27,7,2010,3,19,23,1,2,3,SR-23,,250,36.77265000,-82.824791670,0,12,6,0,1,1,1,0,1,2,0,2,0,0000000,99,99,99,99,99,99,0,0,0,1,0
51,510380,1,1,0,1,35,0,28,7,2010,4,11,15,9,99,2,US-52,,137,36.73235000,-80.709600000,0,42,0,0,1,1,4,0,1,1,0,1,0,0000000,99,99,99,99,99,99,0,0,0,1,0
51,510381,2,2,0,2,147,0,22,7,2010,5,15,55,0,4,4,RT-643,RT-648,4,37.25786389,-78.457919440,0,12,2,0,2,3,1,0,1,1,0,1,0,0000000,99,99,99,99,99,99,0,0,0,1,0
51,510382,1,1,0,4,85,0,29,7,2010,5,6,56,1,1,1,I-95,,962,37.81622500,-77.458850000,0,42,0,1,19,1,3,0,4,1,0,1,0,0000000,99,99,99,99,99,99,0,0,0,2,0
51,510383,2,2,0,3,67,0,27,7,2010,3,10,40,9,99,3,SR-122,RT 636,15,37.12802222,-79.750872220,0,12,6,0,2,3,1,0,1,1,0,1,0,0000000,99,99,99,99,99,99,0,0,0,1,0
51,510384,3,3,0,5,137,0,31,7,2010,7,17,7,0,4,3,SR-20,,600,38.22604444,-78.229866670,0,12,8,0,1,1,1,0,1,1,0,1,0,0000000,99,99,99,99,99,99,0,0,0,2,0
51,510385,1,1,1,1,1,0,31,7,2010,7,21,23,1,2,2,US-13,,1190,37.71017222,-75.695627780,0,8,0,0,1,1,1,0,2,1,0,1,0,0000000,99,99,99,99,88,88,0,0,0,1,0
51,510386,1,1,1,1,165,0,2,8,2010,2,3,39,0,3,2,US-340,,469,38.41001944,-78.618850000,0,8,0,0,1,1,1,0,2,1,0,1,0,0000000,99,99,99,99,88,88,0,0,0,1,0
51,510387,2,2,0,2,550,468,7,7,2010,4,14,40,1,11,1,I-64,,2980,36.76821389,-76.361847220,0,12,7,1,18,1,1,0,1,1,0,1,0,0000000,99,99,99,99,99,99,0,0,0,1,0
51,510388,1,1,0,1,175,0,18,7,2010,1,18,50,9,99,9,RT-709,,0,36.63047500,-77.131533330,0,1,0,0,1,1,4,0,1,1,0,1,0,0000000,99,99,99,99,99,99,0,0,0,1,1
51,510389,1,1,0,1,800,2390,2,7,2010,6,8,56,9,99,2,US-58,,4832,36.77694444,-76.437977780,0,42,0,0,1,1,4,0,1,1,0,1,0,0000000,99,99,99,99,88,88,0,0,0,1,0
51,510390,1,1,0,1,85,0,7,7,2010,4,7,20,0,15,6,INDEPENDENCE RD,,18,37.78652222,-77.508888890,0,42,0,0,1,1,4,0,1,1,0,1,0,0000000,99,99,99,99,88,88,0,0,0,1,1
51,510391,2,2,0,2,31,0,16,7,2010,6,12,6,0,4,4,CLARION RD,,2,37.13592778,-79.270305560,0,12,2,0,1,1,1,0,1,1,0,1,0,0000000,99,99,99,99,99,99,0,0,0,1,0
51,510392,2,2,0,2,87,0,20,7,2010,3,11,47,0,14,4,GAYTON RD,TUNBRIDGE DRIVER,25,37.60977778,-77.615619440,0,12,6,0,2,2,1,0,1,1,0,1,0,0000000,99,99,99,99,99,99,0,0,0,1,0
51,510393,1,1,0,1,153,0,17,7,2010,7,6,20,0,4,4,KETTLE RUN RD,,193,38.71009444,-77.583302780,0,53,0,0,1,1,4,0,1,1,0,1,0,0000000,99,99,99,99,99,99,0,0,0,1,1
51,510394,1,1,0,2,770,2100,25,6,2010,6,2,35,9,99,4,SALEM AVE,5TH ST SW,0,37.27268611,-79.950255560,0,46,0,0,2,2,4,0,3,1,0,1,0,0000000,99,99,99,99,99,99,20,0,0,1,0
51,510395,2,2,0,2,730,1910,15,6,2010,3,14,35,0,15,6,PLEASANTS LN,DUPUY RD,16,37.21604444,-77.431319440,0,12,6,0,2,4,1,0,1,1,0,1,1,0000000,99,99,99,99,99,99,0,0,0,1,0
51,510396,1,1,0,1,3,0,10,7,2010,7,22,34,9,99,4,PLANK RD,,18,38.01743333,-78.767080560,0,35,0,0,1,1,4,0,2,1,0,1,0,0000000,99,99,99,99,99,99,0,0,0,1,1
51,510397,1,1,1,1,740,1970,17,7,2010,7,21,16,0,14,3,SR-58,ELMHURST LANE,173,36.81986667,-76.380513890,0,9,0,0,3,2,1,0,2,1,0,1,0,0000000,99,99,99,99,99,99,0,0,0,1,0
51,510398,1,1,0,6,87,0,30,7,2010,6,1,34,0,14,4,GAYTON RD,,25,37.36360833,-77.365636110,0,30,0,0,1,1,4,0,2,1,0,1,0,0000000,99,99,99,99,99,99,0,0,0,1,0
51,510399,3,1,1,5,169,0,10,7,2010,7,10,56,1,12,2,US-23,,47,36.63791389,-82.567277780,0,14,0,0,1,1,2,0,1,1,0,1,0,0000000,99,99,99,99,99,99,0,0,0,1,0
51,510400,1,1,0,2,87,0,24,7,2010,7,15,50,1,11,1,I-64,,1958,37.53059167,-77.364908330,0,1,0,1,18,1,1,0,1,1,0,1,0,0000000,99,99,99,99,99,99,0,0,0,1,0
51,510401,1,1,0,1,61,0,2,8,2010,2,17,25,0,4,3,SR-55,,375,38.75923611,-77.737241670,0,42,0,0,1,1,4,0,1,1,0,1,0,0000000,99,99,99,99,88,88,0,0,0,1,0
51,510402,1,1,0,1,5,0,3,8,2010,3,3,30,1,1,1,I-64,,279,37.82683611,-79.789238890,0,24,0,0,1,1,4,0,2,1,0,1,0,0000000,99,99,99,99,88,88,0,0,0,1,0
51,510403,2,2,0,2,760,2060,3,8,2010,3,13,3,0,14,6,WALMSLEY BLVD,FULVANNA AVE,29,37.46377222,-77.457733330,0,12,6,0,2,3,1,0,1,1,0,1,0,0000000,99,99,99,99,99,99,0,0,0,1,0
51,510404,1,1,0,3,59,0,3,8,2010,3,21,26,0,14,4,COMPTON RD,,40,38.80490278,-77.431597220,0,42,0,0,1,1,4,0,2,1,0,1,0,0000000,99,99,99,99,99,99,0,0,0,1,0
51,510405,1,1,0,1,197,0,4,8,2010,4,23,40,0,6,4,RT-603,,51,36.98887778,-81.074338890,0,35,0,0,1,1,4,0,2,1,0,1,0,0000000,99,99,99,99,88,88,0,0,0,1,0
51,510406,3,3,0,5,161,0,8,8,2010,1,0,28,9,99,2,US-460,CLOVERDALE RD,99999,37.32577222,-79.869575000,0,12,6,0,2,3,1,0,3,1,0,1,0,0000000,99,99,99,99,99,99,0,0,0,2,2
51,510407,1,1,0,4,149,0,7,8,2010,7,5,30,1,11,1,I-295,,497,37.11940000,-77.189683330,0,59,0,0,1,1,4,0,4,1,0,1,0,0000000,99,99,99,99,99,99,0,0,0,1,0
51,510408,1,1,0,3,53,0,7,8,2010,7,6,47,1,1,1,I-85,,443,36.97132500,-77.702222220,0,42,0,0,1,1,3,0,1,1,0,1,0,0000000,99,99,99,99,99,99,0,0,0,1,0
51,510409,1,1,1,1,165,0,5,8,2010,5,21,14,1,2,2,US-13,,297,38.37140556,-78.785877780,0,8,0,0,1,1,1,0,2,1,0,1,0,0000000,99,99,99,99,88,88,0,0,0,1,0
51,510410,1,1,0,1,107,0,5,8,2010,5,21,48,9,99,4,LOUDOUN PARK LN,,99999,39.01351389,-77.411555560,0,18,0,0,1,1,1,0,3,1,0,1,0,0000000,99,99,99,99,99,99,0,0,0,1,0
51,510411,2,2,0,2,121,0,6,8,2010,6,3,50,1,1,1,I-81,,1126,37.09475833,-80.489958330,0,12,6,1,18,1,1,0,3,1,0,1,0,0000000,99,99,99,99,88,88,0,0,0,1,0
51,510412,1,1,0,1,540,440,6,8,2010,6,0,59,1,13,2,US-250,,973,38.03886389,-78.468733330,0,24,0,0,1,1,4,0,2,1,0,1,0,0000000,99,99,99,99,99,99,0,0,0,1,0
51,510413,2,2,0,2,191,0,9,8,2010,2,8,0,0,4,2,US-11,,307,37.78639722,-81.728497220,0,12,2,0,1,1,1,0,1,1,0,1,0,0000000,99,99,99,99,99,99,0,0,0,1,0
51,510414,2,2,0,2,800,2390,9,8,2010,2,4,19,9,99,3,SR-189,WYANOLKE TRL,27,36.62265833,-76.888975000,0,12,6,0,2,3,1,0,2,5,1,5,0,0000000,99,99,99,99,88,88,0,0,0,1,0
51,510415,1,1,0,6,710,1760,11,8,2010,4,3,19,0,14,4,1800 E INDIAN RIVER,,20,36.83188889,-76.257819440,0,33,0,0,1,1,4,0,3,1,0,1,0,0000000,99,99,99,99,99,99,0,0,0,3,1
51,510416,1,1,0,2,41,0,11,8,2010,4,22,7,0,15,4,CHALKEY RD,,39,37.36432500,-77.476530560,0,42,0,0,1,1,4,0,2,1,0,1,0,0000000,99,99,99,99,99,99,0,0,0,1,1
51,510417,2,2,0,2,810,2540,13,8,2010,6,0,58,1,13,2,US- NORTHAMPTON BLV,BURTON STATION RD,510,36.88128611,-76.186816670,0,12,6,0,2,2,1,0,3,1,0,1,0,0000000,99,99,99,99,88,88,0,0,0,1,0
51,510418,1,1,1,1,41,0,13,8,2010,6,0,25,9,99,2,US-1,,99999,37.29184167,-77.410913890,0,8,0,0,1,1,1,0,2,1,0,1,0,0000000,99,99,99,99,99,99,0,0,0,1,0
51,510419,2,2,0,2,85,0,12,8,2010,5,13,0,9,99,9,WESTWOOD RD,,99999,37.58478611,-77.218522220,0,12,2,0,1,1,1,0,1,2,0,2,0,0000000,99,99,99,99,99,99,0,0,0,1,0
51,510420,2,1,0,1,187,0,13,8,2010,6,23,31,0,14,6,N SHENANDOAH AVE,,0,38.92976944,-78.198966670,0,33,0,0,1,1,4,0,2,1,0,1,0,0000000,99,99,99,99,88,88,20,0,0,1,0
51,510421,1,1,0,1,183,0,16,8,2010,2,5,35,0,3,3,SR-35,,288,36.94989167,-77.172433330,0,1,0,0,1,1,4,0,4,1,0,1,0,0000000,99,99,99,99,88,88,0,0,0,1,0
51,510422,2,2,0,4,153,0,15,8,2010,1,3,28,9,99,4,LOGMILL RD,,0,38.90268889,-77.647419440,0,12,6,0,1,1,1,0,3,1,0,1,0,0000000,99,99,99,99,99,99,0,0,0,2,1
51,510423,1,1,0,1,27,0,16,8,2010,2,11,50,0,6,4,ELKINS BRANCH,,13,37.30266389,-82.045383330,0,42,0,0,1,1,4,0,1,1,0,1,0,0000000,99,99,99,99,88,88,0,0,0,1,0
51,510424,1,1,0,1,550,0,17,8,2010,3,7,55,1,11,1,I-664,,189,36.78507500,-76.409225000,0,7,0,1,18,1,1,0,1,1,0,1,0,0000000,99,99,99,99,88,88,0,0,0,1,0
51,510425,1,1,0,1,15,0,18,8,2010,4,10,45,0,6,4,RT-876,,65,38.14589722,-79.199494440,0,38,0,0,1,1,4,0,1,1,0,1,0,0000000,99,99,99,99,88,88,0,0,0,1,0
51,510426,1,1,0,1,183,0,18,8,2010,4,4,40,0,6,4,PETERSBURG RD,,83,37.05165000,-77.048663890,0,1,0,0,1,1,1,0,2,1,0,1,0,0000000,99,99,99,99,88,88,0,0,0,1,0
51,510427,2,2,0,3,47,0,17,8,2010,3,12,25,0,3,2,US-522,RT-641,763,38.49168889,-78.031597220,0,12,6,0,2,2,1,0,1,1,0,1,0,0000000,99,99,99,99,99,99,0,0,0,1,0
51,510428,1,1,1,1,177,0,19,8,2010,5,7,22,1,13,2,US-15,,420,38.30546389,-77.516483330,0,8,0,0,1,1,1,0,1,1,0,1,0,0000000,99,99,99,99,99,99,0,0,0,1,0
51,510429,1,1,1,1,153,0,20,8,2010,6,23,8,0,13,3,SR-13,COVERSTONE DRIVE,67,38.79443333,-77.517000000,0,8,0,0,3,2,1,0,3,1,0,1,0,0000000,99,99,99,99,88,88,0,0,0,1,1
51,510430,2,2,0,2,173,0,20,8,2010,6,14,38,9,99,9,RT-16,,99999,36.77350833,-81.413797220,0,12,6,0,1,1,1,0,1,1,0,1,0,0000000,99,99,99,99,99,99,0,0,0,1,0
51,510431,1,1,0,1,89,0,22,8,2010,1,11,15,0,6,4,RT-843,,6,36.71804167,-79.998494440,0,42,0,0,1,1,4,0,1,1,0,1,0,0000000,99,99,99,99,99,99,0,0,0,1,1
51,510432,2,2,0,2,93,0,24,8,2010,3,1,7,0,3,3,SR-10,,729,36.99124167,-76.644402780,0,12,8,0,1,1,1,0,2,1,0,1,0,0000000,99,99,99,99,99,99,0,0,0,1,0
51,510433,1,1,0,2,165,0,25,8,2010,4,3,55,0,6,4,RT-761,,19,38.49773611,-78.928400000,0,35,0,0,1,1,4,0,2,1,0,1,0,0000000,99,99,99,99,99,99,0,0,0,1,1
51,510434,1,1,0,2,77,0,28,8,2010,7,19,30,0,6,4,RT-650,,7,36.69147778,-81.077641670,0,5,0,0,1,1,4,0,1,1,0,1,0,0000000,99,99,99,99,88,88,0,0,0,1,1
51,510435,2,2,0,2,197,0,29,8,2010,1,5,25,1,1,1,I-77,,291,36.93696111,-80.915508330,0,12,2,1,18,1,1,0,2,5,0,5,0,0000000,99,99,99,99,99,99,0,0,0,1,0
51,510436,1,1,0,1,135,0,29,8,2010,1,20,37,0,5,4,RT-606,,46,37.13733056,-78.081550000,0,24,0,0,1,1,4,0,2,1,0,1,0,0000000,99,99,99,99,88,88,0,0,0,1,1
51,510437,2,2,0,2,15,0,30,8,2010,2,16,7,0,3,3,SR- 262,,22,38.13057222,-79.091605560,0,12,2,0,5,1,1,0,1,1,0,1,0,0000000,99,99,99,99,88,88,0,0,0,1,0
51,510438,1,1,0,2,171,0,27,8,2010,6,4,55,0,4,2,US-11,,2944,38.74759167,-78.642088890,0,42,0,0,1,1,4,0,2,1,0,1,0,0000000,99,99,99,99,88,88,0,0,0,2,1
51,510439,2,2,0,4,179,0,27,8,2010,6,6,17,1,11,1,I-95,,1428,38.42821111,-77.419880560,0,12,7,1,18,1,1,0,1,1,0,1,0,0000000,99,99,99,99,88,88,0,0,0,3,0
51,510440,1,1,0,2,153,0,14,8,2010,7,14,6,0,4,3,SR-215,,33,38.75113889,-77.628063890,0,30,0,0,1,1,4,0,1,1,0,1,0,0000000,99,99,99,99,99,99,0,0,0,1,0
51,510441,2,2,0,2,59,0,26,8,2010,5,20,30,1,13,3,SR-17,GORHAM ST,675,38.84776389,-77.123080560,0,12,6,0,2,2,1,0,3,1,0,1,0,0000000,99,99,99,99,88,88,0,0,0,1,0
51,510442,1,1,0,2,109,0,28,8,2010,7,15,55,0,6,4,RT-615,,18,37.99207778,-78.237044440,0,35,0,0,1,1,4,0,1,1,0,1,0,0000000,99,99,99,99,88,88,0,0,0,1,1
51,510443,1,1,0,1,93,0,29,8,2010,1,22,46,9,99,4,BREWER'S NECK BLVD,,0,36.94653056,-76.562861110,0,35,0,0,1,1,3,0,2,1,0,1,0,0000000,99,99,99,99,99,99,0,0,0,1,1
51,510444,1,1,0,1,153,0,28,8,2010,7,19,52,0,14,4,CARDINAL DR,,24,38.60976111,-77.299033330,0,33,0,0,1,1,3,0,2,1,0,1,0,0000000,99,99,99,99,99,99,0,0,0,1,0
51,510445,1,1,0,2,135,0,31,8,2010,3,19,36,0,6,4,RT-626,,69,37.07705833,-78.100605560,0,42,0,0,1,1,4,0,1,1,0,1,0,0000000,99,99,99,99,99,99,0,0,0,1,1
51,510446,2,2,0,2,3,0,28,8,2010,7,8,28,0,4,4,DICK WOODS RD,RAGGED MOUNTAIN RD,140,38.03034722,-78.619150000,0,12,6,0,2,2,1,0,1,1,0,1,0,0000000,99,99,99,99,99,99,0,0,0,1,0
51,510447,1,1,0,2,67,0,27,8,2010,6,18,18,0,4,4,RT-834,,39,37.03243333,-79.760227780,0,42,0,0,1,1,4,0,1,1,0,1,0,0000000,99,99,99,99,99,99,0,0,0,1,1
51,510448,2,2,0,3,87,0,29,8,2010,1,8,30,1,13,4,N PARHAM RD,,40,37.62412222,-77.554463890,0,12,6,0,1,1,1,0,1,1,0,1,0,0000000,99,99,99,99,99,99,0,0,0,1,0
51,510449,1,1,0,1,33,0,31,8,2010,3,15,0,1,1,1,I-95 SOUTH,,99999,38.08876944,-77.517041670,0,24,0,0,1,1,4,0,1,1,0,1,0,0000000,99,99,99,99,88,88,0,0,0,1,1
51,510450,1,1,1,1,3,0,27,8,2010,6,23,45,1,13,2,US-60,,979,38.03399722,-78.457488890,0,8,0,0,1,1,1,0,2,1,0,1,0,0000000,99,99,99,99,99,99,0,0,0,1,0
51,510451,1,1,1,1,510,40,21,8,2010,7,21,10,1,11,1,I-395,,35,38.81491667,-77.136147220,0,8,0,1,18,1,1,0,3,1,0,1,0,0000000,99,99,99,99,99,99,0,0,0,1,0
51,510452,5,5,0,5,700,1720,27,8,2010,6,15,51,1,13,3,SR-143,,265,36.21255833,-76.583205560,0,12,8,0,1,1,1,0,1,1,0,1,0,0000000,99,99,99,99,99,99,0,0,0,1,0
51,510453,2,2,0,2,31,0,9,8,2010,2,21,30,0,4,4,RT-685,,1,37.27774167,-79.166450000,0,12,6,0,1,1,1,0,1,1,0,1,0,0000000,99,99,99,99,99,99,0,0,0,1,0
51,510454,2,2,0,4,169,0,10,2,2010,4,18,42,9,99,4,RT-614,,60,36.62489722,-82.705763890,0,12,6,0,1,1,1,0,2,4,0,4,0,0000000,99,99,99,99,99,99,0,0,0,1,0
51,510455,1,1,0,1,63,0,3,8,2010,3,23,20,0,5,4,RT-679,,55,36.98630556,-80.268002780,0,35,0,0,1,1,4,0,2,1,0,1,0,0000000,99,99,99,99,88,88,0,0,0,1,1
51,510456,1,1,1,1,770,2100,21,8,2010,7,0,38,0,14,6,10TH STREET,,12,37.28989722,-79.951630560,0,1,0,0,1,1,4,0,6,1,0,1,0,0000000,99,99,99,99,99,99,0,0,0,1,1
51,510457,2,2,0,4,153,0,1,8,2010,1,8,18,0,14,4,BRISTOW RD,,91,38.69783611,-77.511291670,0,24,0,0,1,1,4,0,1,1,0,1,0,0000000,99,99,99,99,99,99,0,0,0,1,1
51,510458,1,1,1,1,760,2060,14,8,2010,7,23,4,0,13,3,SR-10,,26,37.47404167,-77.482066670,0,8,0,0,1,1,1,0,3,1,0,1,0,0000000,99,99,99,99,99,99,0,0,0,1,0
51,510459,1,1,1,1,59,0,30,8,2010,2,16,30,0,14,4,FRANCONIA RD,CONNON LN,109,38.79158889,-77.100763890,0,9,0,0,3,3,1,0,1,1,0,1,0,0000000,99,99,99,99,99,99,0,0,0,1,0
51,510460,2,2,0,3,59,0,26,8,2010,5,22,8,1,13,2,US-29,WAPLES MILL RD,2337,38.85118889,-77.337955560,0,12,6,0,2,2,1,0,2,1,0,1,0,0000000,99,99,99,99,99,99,0,0,0,1,0
51,510461,1,1,0,1,800,2390,26,8,2010,5,0,51,9,99,3,SR-189,,91,36.66242778,-76.808594440,0,34,0,0,1,1,4,0,2,1,0,1,0,0000000,99,99,99,99,99,99,0,0,0,1,1
51,510462,1,1,0,3,165,0,11,8,2010,4,13,50,0,4,4,RT-613,,148,38.55266389,-78.914536110,0,19,0,0,1,1,4,0,1,1,0,1,0,0000000,99,99,99,99,99,99,0,0,0,1,0
51,510463,3,3,0,3,187,0,12,8,2010,5,14,0,1,2,1,I-66,,148,38.91180556,-78.076058330,0,12,6,0,1,1,1,0,1,2,0,2,0,0000000,99,99,99,99,99,99,0,0,0,1,1
51,510464,1,1,0,1,147,0,4,9,2010,7,15,37,0,5,4,RT- 636,,45,37.26872500,-78.261108330,0,35,0,0,1,1,4,0,1,1,0,1,0,0000000,99,99,99,99,99,99,0,0,0,1,0
51,510465,1,1,0,1,187,0,4,9,2010,7,16,53,9,99,2,US-340,,895,38.86262222,-78.259461110,0,42,0,0,1,1,4,0,1,1,0,1,0,0000000,99,99,99,99,88,88,0,0,0,1,0
51,510466,1,1,0,7,187,0,5,9,2010,1,14,3,0,4,4,RT-55,,600,38.95947778,-78.270458330,0,35,0,0,1,1,4,0,1,1,0,1,0,0000000,99,99,99,99,99,99,0,0,0,3,0
51,510467,1,1,0,1,19,0,5,9,2010,1,21,4,0,4,4,RT-43,,355,37.13623611,-79.344977780,0,42,0,0,1,1,4,0,2,1,0,1,0,0000000,99,99,99,99,99,99,0,0,0,1,0
51,510468,2,2,0,2,59,0,7,9,2010,3,8,58,0,13,3,SR-236,WOODLAND RD,65,38.83256944,-77.207600000,0,12,6,1,2,2,1,0,1,1,0,1,0,0000000,99,99,99,99,99,99,0,0,0,1,0
51,510469,3,1,0,1,91,0,6,9,2010,2,19,44,0,6,4,RT-629,,33,38.37907500,-79.646072220,0,35,0,0,1,1,4,0,5,1,0,1,0,0000000,99,99,99,99,88,88,14,0,0,1,1
51,510470,1,1,0,1,191,0,6,9,2010,2,23,50,1,2,2,US-19,,170,36.72155000,-82.004355560,0,42,0,0,1,1,4,0,2,1,0,1,0,0000000,99,99,99,99,88,88,0,0,0,1,0
51,510471,2,1,0,1,770,2100,3,9,2010,6,15,33,9,99,4,COURTLAND RD NW,,0,37.29605556,-79.947686110,0,14,0,0,1,1,2,0,1,1,0,1,0,0000000,99,99,99,99,99,99,0,0,0,1,0
51,510472,2,2,0,3,117,0,3,9,2010,6,17,20,1,2,2,US-58,RT 703,3534,36.65051667,-78.492163890,0,12,6,0,2,3,1,0,1,1,0,1,0,0000000,99,99,99,99,99,99,0,0,0,1,0
51,510473,2,2,0,2,59,0,2,9,2010,5,12,0,1,11,1,I-66 EAST,,645,38.88542222,-77.221183330,0,12,6,1,18,1,1,0,1,1,0,1,0,0000000,99,99,99,99,99,99,0,0,0,1,0
51,510474,1,1,0,2,41,0,3,9,2010,6,20,56,1,2,2,US-360,,1143,37.38434444,-77.801400000,0,5,0,0,1,1,1,0,2,1,0,1,0,0000000,99,99,99,99,88,88,0,0,0,1,0
51,510475,1,1,0,1,183,0,10,9,2010,6,6,40,9,99,2,US-460,,3484,36.96588889,-76.978625000,0,19,0,0,1,1,4,0,1,1,0,1,0,0000000,99,99,99,99,99,99,0,0,0,1,0
51,510476,4,4,0,5,173,0,11,9,2010,7,1,15,1,1,1,I-81 SOUTH,,555,36.88415278,-81.383113890,0,24,0,0,1,1,4,0,2,1,0,1,0,0000000,99,99,99,99,99,99,14,0,0,1,0
51,510477,1,1,0,1,199,0,14,9,2010,3,16,0,0,6,4,ROCHAMBEAU DR,,37,37.21059167,-76.439477780,0,1,0,0,1,1,1,0,1,1,0,1,0,0000000,99,99,99,99,88,88,0,0,0,1,0
51,510478,4,4,0,7,177,0,12,9,2010,1,3,20,1,11,1,I-95 NORTH,,1294,38.28946667,-77.508016670,0,12,6,0,1,1,1,0,2,2,0,2,0,0000000,99,99,99,99,99,99,0,0,0,1,0
51,510479,2,2,0,2,179,0,12,9,2010,1,20,10,0,5,4,SHELTON SHOP RD,WALT WHITMAN BLVD,42,38.45278333,-77.483652780,0,12,6,0,2,2,1,0,2,1,0,1,0,0000000,99,99,99,99,99,99,0,0,0,1,1