STATE,ST_CASE,VE_TOTAL,VE_FORMS,PEDS,PERSONS,COUNTY,CITY,DAY,MONTH,YEAR,DAY_WEEK,HOUR,MINUTE,NHS,ROAD_FNC,ROUTE,TWAY_ID,TWAY_ID2,MILEPT,LATITUDE,LONGITUD,SP_JUR,HARM_EV,MAN_COLL,RELJCT1,RELJCT2,TYP_INT,REL_ROAD,WRK_ZONE,LGT_COND,WEATHER1,WEATHER2,WEATHER,SCH_BUS,RAIL,NOT_HOUR,NOT_MIN,ARR_HOUR,ARR_MIN,HOSP_HR,HOSP_MN,CF1,CF2,CF3,FATALS,DRUNK_DR
51,510480,3,1,0,1,185,0,13,9,2010,2,11,20,0,15,4,RT -631,,120,37.12261667,-81.642922220,0,38,0,0,1,1,5,0,1,1,0,1,0,0000000,99,99,99,99,99,99,0,0,0,1,0
51,510481,2,2,0,2,177,0,14,9,2010,3,23,39,9,99,4,BLOCKHOUSE RD,,39,38.16681111,-77.638150000,0,12,2,0,1,1,1,0,2,1,0,1,0,0000000,99,99,99,99,99,99,0,0,0,1,1
51,510482,1,1,0,1,79,0,17,9,2010,6,23,55,0,4,4,RT-607,,6,38.21707500,-78.410969440,0,53,0,0,1,1,4,0,2,1,0,1,0,0000000,99,99,99,99,88,88,0,0,0,1,1
51,510483,1,1,0,2,43,0,18,9,2010,7,0,10,0,6,4,RT-624,,3,39.02817500,-78.069661110,0,42,0,0,1,1,4,0,2,1,0,1,0,0000000,99,99,99,99,99,99,0,0,0,2,0
51,510484,1,1,0,1,165,0,18,9,2010,7,16,4,0,3,2,US-340,,463,38.29461944,-78.781327780,0,42,0,0,1,1,4,0,1,1,0,1,0,0000000,99,99,99,99,88,88,0,0,0,1,1
51,510485,1,1,0,1,29,0,21,9,2010,3,11,55,0,6,4,RT-622,,155,37.45223889,-78.400841670,0,42,0,0,1,1,4,0,1,1,0,1,0,0000000,99,99,99,99,88,88,0,0,0,1,0
51,510486,1,1,0,1,800,2390,22,9,2010,4,23,18,0,15,6,WHITE MARSH RD,,91,36.62241667,-76.587066670,0,42,0,0,1,1,4,0,2,1,0,1,0,0000000,99,99,99,99,88,88,20,0,0,1,0
51,510487,1,1,0,1,550,468,21,9,2010,3,8,21,0,14,6,TAYLOR RD,REDFERN LANE,20,36.85998056,-76.406150000,0,42,0,0,3,3,4,0,1,1,0,1,0,0000000,99,99,99,99,88,88,0,0,0,1,0
51,510488,3,3,0,4,520,300,2,9,2010,5,14,55,9,99,4,FAIRFIELD STREET,CORNETT DRIVER,91,36.61917778,-82.127438890,0,12,6,0,2,3,1,0,1,1,0,1,0,0000000,99,99,99,99,99,99,0,0,0,1,0
51,510489,3,3,0,4,177,0,14,9,2010,3,6,15,1,11,1,I-95,,1265,38.24326944,-77.502408330,0,12,1,1,18,1,1,0,4,1,0,1,0,0000000,99,99,99,99,99,99,0,0,0,1,0
51,510490,2,2,0,2,97,0,9,9,2010,5,21,42,0,3,3,SR-33,,409,37.53641111,-76.770058330,0,12,2,0,1,1,1,0,2,1,0,1,0,0000000,99,99,99,99,99,99,0,0,0,1,0
51,510491,1,1,0,3,179,0,17,9,2010,6,0,35,0,15,3,SR-218,,2,38.32245833,-77.465319440,0,33,0,0,1,1,4,0,2,1,0,1,0,0000000,99,99,99,99,99,99,0,0,0,1,0
51,510492,2,2,1,7,700,1720,18,9,2010,7,1,50,9,99,3,SR-143,FRANCISCO WAY,128,37.04168056,-76.457977780,0,12,6,0,2,3,1,0,3,1,0,1,0,0000000,99,99,99,99,99,99,0,0,0,1,1
51,510493,2,2,0,4,83,0,23,9,2010,5,18,12,9,99,4,RT-704,,43,99.99990000,999.999900000,0,12,2,0,1,1,1,0,1,1,0,1,0,0000000,99,99,99,99,99,99,0,0,0,1,0
51,510494,1,1,0,4,131,0,25,9,2010,7,0,6,1,2,2,US-13,,982,37.45612222,-75.870638890,0,42,0,0,1,1,4,0,2,1,0,1,0,0000000,99,99,99,99,99,99,0,0,0,1,0
51,510495,2,2,0,3,89,0,25,9,2010,7,14,40,9,99,3,SR-57A,,19,36.74799722,-79.973988890,0,12,2,0,1,1,1,0,1,1,0,1,0,0000000,99,99,99,99,99,99,0,0,0,1,0
51,510496,2,2,0,3,15,0,25,9,2010,7,19,10,9,99,3,SR-254,LONG MEADOW RD,185,38.15406389,-78.928872220,0,12,6,0,2,2,1,0,5,1,0,1,0,0000000,99,99,99,99,99,99,0,0,0,1,0
51,510497,1,1,1,1,73,0,25,9,2010,7,22,13,1,2,2,US-17,,801,37.41720833,-76.542691670,0,8,0,0,1,1,1,0,2,1,0,1,0,0000000,99,99,99,99,88,88,0,0,0,1,0
51,510498,1,1,0,1,127,0,26,9,2010,1,2,50,0,3,2,US-60,RT-1208,2065,37.49845556,-77.173161110,0,59,0,0,3,9,4,0,2,1,0,1,0,0000000,99,99,99,99,88,88,0,0,0,1,0
51,510499,1,1,0,2,69,0,21,9,2010,3,22,10,9,99,3,SR-277,,45,39.07507778,-78.170000000,0,1,0,0,1,1,2,0,2,1,0,1,0,0000000,99,99,99,99,88,88,0,0,0,1,1
51,510500,1,1,0,1,59,0,23,9,2010,5,19,50,9,99,4,MONROE ST,,8,38.93900000,-77.394711110,0,33,0,0,1,1,6,0,3,1,0,1,0,0000000,99,99,99,99,88,88,0,0,0,1,1
51,510501,1,1,0,1,179,0,25,9,2010,7,2,20,9,99,4,BROOKE RD,,0,38.38775556,-77.380400000,0,42,0,0,1,1,4,0,2,1,0,1,0,0000000,99,99,99,99,99,99,0,0,0,1,0
51,510502,2,2,0,6,89,0,26,9,2010,1,18,15,9,99,4,SPENCER PRESTON RD,US-58,84,36.62021111,-80.007075000,0,12,6,0,2,2,1,0,1,2,1,2,0,0000000,99,99,99,99,99,99,0,0,0,1,1
51,510503,2,1,0,3,570,620,25,9,2010,7,2,24,1,11,1,I-95,,563,37.25847778,-77.398830560,0,14,0,1,19,1,2,0,2,1,0,1,0,0000000,99,99,99,99,99,99,0,0,0,1,1
51,510504,1,1,0,1,165,0,27,9,2010,2,4,0,9,99,4,SPRING CREEK RD,,45,38.38008611,-78.994788890,0,35,0,0,1,1,4,0,2,2,0,2,0,0000000,99,99,99,99,88,88,0,0,0,1,1
51,510505,2,2,0,4,800,2390,29,9,2010,4,17,4,1,13,2,US-13,W LIBERTY SPRING RD,96,36.64314722,-76.655302780,0,12,2,0,2,4,1,0,1,2,1,2,0,0000000,99,99,99,99,99,99,0,0,0,1,0
51,510506,1,1,0,2,41,0,9,9,2010,5,2,5,1,12,3,SR-150,,98,37.27453056,-77.306911110,0,24,0,0,1,1,4,0,2,1,0,1,0,0000000,99,99,99,99,99,99,0,0,0,1,1
51,510507,1,1,1,1,177,0,30,9,2010,5,19,25,9,99,2,US-1,,1420,38.22715556,-77.505583330,0,8,0,0,1,1,1,0,2,2,0,2,0,0000000,99,99,99,99,99,99,0,0,0,1,0
51,510508,1,1,0,3,135,0,4,9,2010,7,13,2,9,99,9,COLONIAL TRAIL HIGHW,,0,37.15648611,-78.097344440,0,35,0,0,1,1,4,0,1,1,0,1,0,0000000,99,99,99,99,99,99,0,0,0,1,0
51,510509,1,1,0,1,69,0,28,9,2010,3,19,20,9,99,3,SR-259,,232,39.24065278,-78.394377780,0,53,0,0,1,1,4,0,2,1,0,1,0,0000000,99,99,99,99,99,99,0,0,0,1,0
51,510510,1,1,0,1,800,2390,5,9,2010,1,4,17,1,13,2,US-58,,4540,36.65299722,-76.833144440,0,34,0,0,1,1,3,0,2,1,0,1,0,0000000,99,99,99,99,88,88,0,0,0,1,0
51,510511,2,2,0,2,800,2390,30,9,2010,5,6,12,1,13,2,US-58,,4664,36.72523056,-76.634616670,0,12,6,0,7,1,1,0,4,2,1,2,0,0000000,99,99,99,99,99,99,0,0,0,1,0
51,510512,1,1,0,1,85,0,15,9,2010,4,20,15,1,11,1,I-295 NORTH,,162,37.60618333,-77.359416670,0,42,0,0,1,1,3,0,2,1,0,1,0,0000000,99,99,99,99,99,99,0,0,0,1,0
51,510513,1,1,0,4,53,0,26,9,2010,1,18,38,1,1,1,I-85,,426,36.97329444,-77.709580560,0,42,0,1,19,1,3,0,1,2,0,2,0,0000000,99,99,99,99,99,99,0,0,0,1,0
51,510514,2,2,0,2,153,0,30,9,2010,5,20,17,1,13,6,GORDON BLVD,,16,38.68267778,-77.258627780,0,12,2,0,1,1,1,0,2,2,0,2,0,0000000,99,99,99,99,99,99,0,0,0,1,0
51,510515,1,1,0,1,650,1180,2,9,2010,5,11,30,0,14,3,SR-169,,16,37.03596111,-76.300650000,0,33,0,0,1,1,4,0,1,1,0,1,0,0000000,99,99,99,99,99,99,0,0,0,1,0
51,510516,2,2,0,2,59,0,20,8,2010,6,1,38,1,13,2,US-50,LEES CORNER RD,652,38.88747500,-77.413486110,0,12,6,0,2,2,1,0,2,1,0,1,0,0000000,99,99,99,99,99,99,0,0,0,1,2
51,510517,2,2,0,2,113,0,2,10,2010,7,14,7,0,3,2,US-340,,1482,38.33909722,-78.124380560,0,12,2,0,1,1,1,0,1,1,0,1,0,0000000,99,99,99,99,99,99,0,0,0,1,0
51,510518,1,1,0,1,29,0,1,10,2010,6,9,39,9,99,4,RT-650,,61,37.53667778,-78.353813890,0,38,0,0,1,1,4,0,1,1,0,1,0,0000000,99,99,99,99,88,88,0,0,0,1,0
51,510519,1,1,0,2,83,0,5,10,2010,3,10,35,0,4,4,RT-659,,7,36.67627222,-79.168511110,0,1,0,0,1,1,4,0,1,1,0,1,0,0000000,99,99,99,99,99,99,0,0,0,1,1
51,510520,2,2,0,2,3,0,4,10,2010,2,13,52,0,15,4,EARLYSVILLE RD,,69,38.14488889,-78.469325000,0,12,6,0,1,1,1,0,1,1,0,1,0,0000000,99,99,99,99,99,99,0,0,0,1,1
51,510521,2,2,1,2,810,2540,7,10,2010,5,9,40,0,15,6,3601 BONNEY RD,101 ROSEMONTS,36,36.83946389,-76.097563890,0,9,0,0,3,2,1,0,1,1,0,1,0,0000000,99,99,99,99,99,99,0,0,0,1,0
51,510522,2,2,0,2,183,0,6,10,2010,4,13,37,9,99,2,US-460,,3342,36.98939167,-77.019997220,0,12,8,0,1,1,1,0,1,1,0,1,0,0000000,99,99,99,99,99,99,0,0,0,1,0
51,510523,1,1,0,1,650,1180,6,10,2010,4,22,46,9,99,3,SR-134,MURRAY STREET,84,37.03945556,-76.373391670,0,34,0,0,3,1,4,0,3,1,0,1,0,0000000,99,99,99,99,88,88,0,0,0,1,1
51,510524,3,1,0,1,760,2060,8,10,2010,6,2,29,0,14,6,5000 WARWICK RD,ALASKA DR,4,37.48848056,-77.481680560,0,42,0,0,2,9,4,0,3,1,0,1,0,0000000,99,99,99,99,88,88,0,0,0,1,1
51,510525,2,2,0,3,137,0,9,10,2010,7,13,30,9,99,4,RT-612,RT-638,56,38.17400556,-78.022200000,0,12,6,0,2,3,1,0,1,1,0,1,0,0000000,99,99,99,99,99,99,0,0,0,1,0
51,510526,1,1,0,4,47,0,11,10,2010,2,9,17,0,3,3,SR-3,,98,38.42320000,-77.840322220,0,59,0,0,1,1,2,0,1,1,0,1,0,0000000,99,99,99,99,99,99,0,0,0,2,0
51,510527,2,2,0,4,89,0,13,10,2010,4,8,10,9,6,4,RT-698,,311,36.75009444,-79.981886110,0,12,2,0,1,1,1,0,1,1,0,1,0,0000000,99,99,99,99,99,99,0,0,0,1,0
51,510528,2,2,0,4,175,0,13,10,2010,4,15,42,0,6,4,RT-618,RT-600,16,36.88428889,-76.950816670,0,12,6,0,2,2,1,0,1,1,0,1,0,0000000,99,99,99,99,99,99,0,0,0,2,1
51,510529,2,2,0,2,155,0,7,10,2010,5,5,56,0,3,3,SR-100,,340,37.17108889,-80.705266670,0,12,1,0,1,1,1,0,2,1,0,1,0,0000000,99,99,99,99,99,99,0,0,0,1,0
51,510530,2,2,0,2,710,1760,14,10,2010,5,20,58,0,14,6,1800 JOHNSONS RD,GARNDER DR,13,36.91092222,-76.225333330,0,12,6,0,2,2,1,0,3,1,0,1,0,0000000,99,99,99,99,99,99,0,0,0,1,0
51,510531,1,1,1,1,550,468,12,10,2010,3,5,20,9,13,3,SR-168,,182,36.83872500,-76.299019440,0,8,0,0,1,1,1,0,3,1,0,1,0,0000000,99,99,99,99,99,99,0,0,0,1,0
51,510532,2,2,0,2,13,0,15,10,2010,6,21,9,0,14,2,US-50,S IRVING ST,834,38.87254167,-77.093683330,0,12,6,0,2,2,1,0,3,1,0,1,0,0000000,99,99,99,99,99,99,0,0,0,1,1
51,510533,1,1,0,1,35,0,17,10,2010,1,16,5,1,1,1,I-77,,92,36.68081111,-80.714836110,0,1,0,1,18,1,1,2,1,1,0,1,0,0000000,99,99,99,99,99,99,3,0,0,1,0
51,510534,1,1,0,2,41,0,6,10,2010,4,23,29,1,11,1,I-95 SOUTH,,617,37.35361389,-77.405119440,0,42,0,1,5,1,4,0,2,1,0,1,0,0000000,99,99,99,99,88,88,20,0,0,2,1
51,510535,1,1,0,1,87,0,16,10,2010,7,12,8,0,14,3,SR-156,,496,37.54294444,-77.311477780,0,42,0,0,1,1,4,0,1,1,0,1,0,0000000,99,99,99,99,99,99,0,0,0,1,0
51,510536,1,1,0,1,143,0,16,10,2010,7,19,45,9,99,4,RT-633,,75,37.09273889,-79.236319440,0,1,0,0,1,1,4,0,2,1,0,1,0,0000000,99,99,99,99,88,88,0,0,0,1,1
51,510537,2,2,0,2,89,0,9,10,2010,7,21,31,0,13,2,US-58,,2601,36.64273611,-79.898758330,0,12,1,0,1,1,1,0,2,1,0,1,0,0000000,99,99,99,99,99,99,0,0,0,1,0
51,510538,2,2,0,2,143,0,20,10,2010,4,8,0,9,99,3,SR-40,,608,36.95188056,-79.432955560,0,12,6,0,1,1,1,0,4,2,0,2,0,0000000,99,99,99,99,99,99,5,0,0,1,0
51,510539,3,3,0,3,650,1180,14,10,2010,5,6,55,0,14,2,US-58,RIVERDALE DR,638,37.04401111,-76.370944440,0,12,1,0,3,1,1,0,4,1,0,1,0,0000000,99,99,99,99,99,99,0,0,0,1,0
51,510540,3,3,0,7,179,0,16,8,2010,2,10,30,1,11,1,I-95,,1451,38.47684167,-77.401086110,0,12,1,1,18,1,1,0,1,1,0,1,0,0000000,99,99,99,99,99,99,0,0,0,1,0
51,510541,1,1,0,1,107,0,22,10,2010,6,10,24,9,99,4,OAK TREE LANE,E CHURCH RD,3,39.00706667,-77.391816670,0,33,0,0,3,4,4,0,1,1,0,1,0,0000000,99,99,99,99,88,88,0,0,0,1,0
51,510542,1,1,0,1,67,0,23,10,2010,7,0,39,0,13,3,SR-40,,363,37.01559722,-79.826313890,0,59,0,0,1,1,4,0,2,1,0,1,0,0000000,99,99,99,99,88,88,0,0,0,1,1
51,510543,2,2,0,4,197,0,24,10,2010,1,11,3,1,1,1,I-77,,453,37.01079167,-81.103644440,0,12,2,0,1,1,1,0,1,1,0,1,0,0000000,99,99,99,99,99,99,0,0,0,1,0
51,510544,1,1,0,1,61,0,23,10,2010,7,17,19,0,4,4,ELK RUN RD,,130,38.50512500,-77.683125000,0,42,0,0,1,1,4,0,1,1,0,1,0,0000000,99,99,99,99,88,88,0,0,0,1,0
51,510545,1,1,0,4,181,0,24,10,2010,1,4,42,0,6,4,RT-637,,26,37.07572500,-76.883525000,0,21,0,0,1,1,4,0,2,1,0,1,0,0000000,99,99,99,99,99,99,0,0,0,2,1
51,510546,2,2,0,2,31,0,24,10,2010,1,19,58,9,99,4,EASTBROOK RD,,3,37.35173889,-79.053669440,0,12,2,0,1,1,1,0,2,1,0,1,0,0000000,99,99,99,99,88,88,0,0,0,1,0
51,510547,1,1,0,1,25,0,25,10,2010,2,0,45,0,6,4,RT-643,,36,36.90480000,-77.888800000,0,42,0,0,1,1,4,0,2,1,0,1,0,0000000,99,99,99,99,88,88,0,0,0,1,1
51,510548,1,1,0,1,143,0,23,10,2010,7,2,20,1,2,2,US-29,,203,36.75717778,-79.388966670,0,59,0,0,1,1,3,0,2,1,0,1,0,0000000,99,99,99,99,88,88,0,0,0,1,0
51,510549,1,1,0,1,21,0,26,10,2010,3,21,25,9,99,4,RT-606,,89,37.18818889,-80.967963890,0,35,0,0,1,1,4,0,2,2,0,2,0,0000000,99,99,99,99,88,88,0,0,0,1,0
51,510550,1,1,0,1,127,0,28,10,2010,5,12,30,0,3,2,US-60,,2231,37.42388889,-76.895755560,0,42,0,0,1,1,4,0,1,1,0,1,0,0000000,99,99,99,99,88,88,0,0,0,1,1
51,510551,1,1,0,1,820,2610,3,10,2010,1,20,44,0,14,6,S DELPHINE AVE,,30,38.06175833,-78.880272220,0,33,0,0,1,1,5,0,3,1,0,1,0,0000000,99,99,99,99,88,88,0,0,0,1,1
51,510552,1,1,0,2,59,0,27,10,2010,4,19,5,1,11,1,I-95,,1668,38.73587500,-77.193030560,0,1,0,1,18,1,1,0,2,1,0,1,0,0000000,99,99,99,99,99,99,0,0,0,1,0
51,510553,1,1,0,2,177,0,29,10,2010,6,23,30,9,99,4,LORIELLA PARK DR,ASCOT CIRCLE,0,38.26025556,-77.552447220,0,35,0,0,3,1,4,0,2,1,0,1,0,0000000,99,99,99,99,99,99,0,0,0,1,1
51,510554,1,1,0,1,155,0,31,10,2010,1,3,45,0,4,4,RT-624,,12,37.10201389,-80.696555560,0,34,0,0,1,1,4,0,2,1,0,1,0,0000000,99,99,99,99,88,88,0,0,0,1,1
51,510555,1,1,0,1,195,0,31,10,2010,1,1,20,1,2,2,US-23,,491,37.02033889,-82.588391670,0,24,0,0,1,1,4,0,2,1,0,1,0,0000000,99,99,99,99,99,99,0,0,0,1,1
51,510556,2,2,0,2,41,0,21,10,2010,5,16,28,9,99,4,HOPKINS RD,KINGSLAND RD,17,37.40398056,-77.460911110,0,12,6,0,2,2,1,0,1,1,0,1,0,0000000,99,99,99,99,99,99,0,0,0,1,0
51,510557,1,1,0,2,35,0,23,10,2010,7,18,11,9,99,2,US-52,,183,36.78590000,-80.756822220,0,11,0,0,1,1,1,0,1,1,0,1,0,0000000,99,99,99,99,99,99,0,0,0,1,0
51,510558,1,1,0,1,85,0,18,10,2010,2,19,59,9,99,4,GREENWOOD CHURCH RD,,108,37.75008056,-77.506372220,0,32,0,0,1,1,6,0,2,1,0,1,0,0000000,99,99,99,99,88,88,0,0,0,1,1
51,510559,1,1,0,2,21,0,22,10,2010,6,15,5,0,6,4,RT-608,,101,37.17002778,-80.958938890,0,35,0,0,1,1,4,0,1,1,0,1,0,0000000,99,99,99,99,88,88,0,0,0,2,0
51,510560,1,1,0,1,515,0,8,10,2010,6,20,10,9,99,2,US-460,,1803,37.33887778,-79.554008330,0,1,0,0,1,1,3,0,2,1,0,1,0,0000000,99,99,99,99,99,99,0,0,0,1,0
51,510561,1,1,1,1,153,0,15,10,2010,6,6,46,1,13,3,SR-234,,1,38.65495278,-77.442455560,0,8,0,0,1,1,1,0,2,1,0,1,0,0000000,99,99,99,99,88,88,0,0,0,1,0
51,510562,3,3,0,3,143,0,21,10,2010,5,16,24,1,2,2,US-58,,2801,36.62651389,-79.639936110,0,12,2,0,1,1,1,0,1,1,0,1,0,0000000,99,99,99,99,99,99,0,0,0,1,0
51,510563,2,2,0,2,59,0,24,10,2010,1,16,43,0,14,4,EDSALL RD,DUBLIN AV,2,38.80707500,-77.180500000,0,12,6,0,2,3,1,0,1,1,0,1,0,0000000,99,99,99,99,99,99,0,0,0,1,1
51,510565,2,2,0,4,121,0,20,10,2010,4,22,30,0,3,3,SR-114,,2,37.16180000,-80.552038890,0,12,98,0,1,1,1,0,2,1,0,1,0,0000000,99,99,99,99,99,99,0,0,0,2,0
51,510566,1,1,1,1,15,0,13,10,2010,4,18,25,9,99,2,US-250,,630,38.11355833,-79.013930560,0,8,0,0,8,1,2,0,1,1,0,1,0,0000000,99,99,99,99,99,99,0,0,0,1,0
51,510567,1,1,1,1,710,1760,16,10,2010,7,3,10,1,13,3,SR-168,,270,36.90083333,-76.256361110,0,9,0,0,1,1,1,0,3,1,0,1,0,0000000,99,99,99,99,88,88,0,0,0,1,1
51,510568,1,1,1,1,13,0,18,10,2010,2,7,33,9,99,9,8TH ROAD S,S CARLYN SPRINGS RD,0,38.85526944,-77.123361110,0,8,0,0,3,3,1,0,1,1,0,1,1,0000000,99,99,99,99,99,99,0,0,0,1,0
51,510569,1,1,1,1,161,0,25,10,2010,2,6,34,9,99,6,WASHINGTON AVE,S POPLAR ST,4,37.28084722,-79.896655560,0,8,0,0,3,2,1,0,3,1,0,1,0,0000000,99,99,99,99,99,99,0,0,0,1,0
51,510570,1,1,1,1,59,0,30,10,2010,7,0,20,1,13,2,US-50,,778,38.86619444,-77.194575000,0,8,0,0,1,1,1,0,3,1,0,1,0,0000000,99,99,99,99,99,99,0,0,0,1,0
51,510571,11,11,0,13,35,0,16,11,2010,3,11,30,1,1,1,I-77,,48,36.81120833,-80.855255560,0,12,1,1,18,1,1,0,1,5,0,5,0,0000000,99,99,99,99,99,99,19,0,0,1,0
51,510572,1,1,0,1,185,0,1,11,2010,2,3,0,9,99,2,US-460,,654,37.15777778,-81.469669440,0,24,0,0,1,1,3,0,2,1,0,1,0,0000000,99,99,99,99,88,88,0,0,0,1,1
51,510573,1,1,0,1,199,0,2,11,2010,3,16,15,1,1,1,I-64 EAST,,2372,37.32258889,-76.697902780,0,42,0,0,1,1,4,0,1,1,0,1,0,0000000,99,99,99,99,88,88,0,0,0,1,0
51,510574,1,1,1,1,197,0,3,11,2010,4,6,55,9,99,2,US-11,,715,37.04863611,-80.768008330,0,8,0,0,1,1,1,0,3,1,0,1,0,0000000,99,99,99,99,99,99,0,0,0,1,0
51,510575,2,2,0,2,121,0,2,11,2010,3,21,4,1,11,1,I-81,,1176,37.12550000,-80.380494440,0,12,8,0,1,1,1,0,3,2,0,2,0,0000000,99,99,99,99,99,99,0,0,0,1,0
51,510576,1,1,0,2,75,0,4,11,2010,5,4,12,9,99,4,BELL ROAD,,2,37.74251111,-77.936536110,0,42,0,0,1,1,4,0,2,2,0,2,0,0000000,99,99,99,99,99,99,0,0,0,1,0
51,510577,1,1,0,1,195,0,4,11,2010,5,22,0,9,99,4,SOUTH FORK RD,,92,37.10772500,-82.617900000,0,24,0,0,1,1,4,0,2,2,0,2,0,0000000,99,99,99,99,88,88,0,0,0,1,0
51,510578,1,1,0,2,3,0,5,11,2010,6,17,13,9,99,3,SR-240,,38,38.03593611,-78.392394440,0,35,0,0,1,1,4,0,1,1,0,1,0,0000000,99,99,99,99,99,99,0,0,0,1,0
51,510579,1,1,1,1,87,0,6,11,2010,7,1,15,1,11,1,I-295 NORTH,,230,37.53708056,-77.277727780,0,8,0,0,1,1,1,0,2,1,0,1,0,0000000,99,99,99,99,88,88,23,0,0,1,1
51,510580,1,1,0,4,191,0,7,11,2010,1,3,30,0,6,4,SWEET HOLLOW RD,,6,36.62261667,-81.888800000,0,1,0,0,1,1,2,0,2,5,0,5,0,0000000,99,99,99,99,99,99,0,0,0,2,1
51,510581,1,1,0,1,175,0,5,11,2010,6,22,0,9,99,3,SR-35,,146,36.71420278,-77.081155560,0,1,0,0,1,1,4,0,2,1,0,1,0,0000000,99,99,99,99,99,99,0,0,0,1,1
51,510582,1,1,1,1,37,0,7,11,2010,1,21,4,0,3,3,SR-40,,1084,37.06772500,-78.685313890,0,8,0,0,1,1,1,0,2,1,0,1,0,0000000,99,99,99,99,99,99,0,0,0,1,0
51,510583,1,1,0,1,185,0,7,11,2010,1,23,9,9,99,4,RT-614,,15,37.15517500,-81.347625000,0,24,0,0,1,1,4,0,2,1,0,1,0,0000000,99,99,99,99,99,99,0,0,0,1,0
51,510584,1,1,1,1,650,1180,10,11,2010,4,12,15,9,99,9,DOOLITTLE RD,,99999,37.04428611,-76.350561110,0,8,0,0,1,1,1,0,1,1,0,1,0,0000000,99,99,99,99,88,88,0,0,0,1,1
51,510585,1,1,0,1,13,0,15,3,2010,2,5,24,0,99,8,GEORGE WASH MEM. PKW,,0,38.91394444,-77.105741670,1,42,0,0,1,1,4,0,2,2,0,2,0,0000000,99,99,99,99,99,99,0,0,0,1,0
51,510586,2,2,0,3,141,0,9,11,2010,3,8,0,0,3,2,US-58,,2426,36.63334444,-80.199025000,0,12,2,0,1,1,1,0,1,1,0,1,0,0000000,99,99,99,99,99,99,0,0,0,1,0
51,510587,2,2,0,2,137,0,12,11,2010,6,6,55,9,99,3,SR-692,,17,38.23657778,-77.877461110,0,12,6,0,1,1,1,0,4,1,0,1,0,0000000,99,99,99,99,99,99,0,0,0,1,0
51,510588,2,2,0,2,25,0,12,11,2010,6,15,35,0,4,4,RT-712,RT-755,14,36.79782500,-77.768775000,0,12,6,0,2,3,1,0,1,1,0,1,1,0000000,99,99,99,99,88,88,0,0,0,1,1
51,510589,4,4,0,4,197,0,9,11,2010,3,16,50,1,2,1,I-81 SOUTH,,60,36.94207500,-80.970702780,0,12,2,0,1,1,1,0,1,1,0,1,0,0000000,99,99,99,99,99,99,0,0,0,1,0
51,510590,1,1,0,1,145,0,13,11,2010,7,2,40,0,4,4,STAVE MILL COURT,,18,37.50351111,-77.777200000,0,32,0,0,1,1,4,0,2,1,0,1,0,0000000,99,99,99,99,88,88,0,0,0,1,1
51,510591,1,1,0,1,53,0,12,11,2010,6,18,45,1,2,2,US-460,,2930,37.14246389,-77.818472220,0,42,0,0,1,1,3,0,2,1,0,1,0,0000000,99,99,99,99,88,88,0,0,0,1,1
51,510592,2,2,0,5,19,0,13,11,2010,7,7,37,0,3,3,SR-122,,179,37.15338333,-79.660783330,0,12,2,0,1,1,1,0,1,1,0,1,0,0000000,99,99,99,99,99,99,0,0,0,2,0
51,510593,1,1,0,2,167,0,14,11,2010,1,15,30,0,3,3,SR-63,,596,36.98494167,-82.260950000,0,18,0,0,1,1,1,0,1,2,0,2,0,0000000,99,99,99,99,88,88,0,0,0,1,0
51,510594,1,1,0,1,175,0,14,11,2010,1,12,27,0,99,4,RT-611,,50,36.72895278,-76.989847220,0,34,0,0,1,1,4,0,1,1,0,1,0,0000000,99,99,99,99,88,88,0,0,0,1,0
51,510595,1,1,0,1,153,0,14,11,2010,1,18,40,1,13,2,US-29,,2165,38.78997222,-77.635591670,0,1,0,0,1,1,1,0,2,1,0,1,0,0000000,99,99,99,99,88,88,0,0,0,1,1
51,510596,1,1,0,1,185,0,12,11,2010,6,22,30,0,6,4,RT-626,,4,37.10236944,-81.730888890,0,42,0,0,1,1,4,0,2,1,0,1,0,0000000,99,99,99,99,99,99,0,0,0,1,0
51,510597,2,2,0,2,181,0,14,11,2010,1,15,40,0,3,3,SR-10,,596,37.11456667,-76.784991670,0,12,7,0,1,1,1,0,1,1,0,1,0,0000000,99,99,99,99,88,88,0,0,0,1,0
51,510598,1,1,0,2,183,0,16,11,2010,3,12,50,0,3,3,SR-40,,1996,36.92641111,-77.340802780,0,42,0,0,1,1,4,0,1,1,0,1,0,0000000,99,99,99,99,99,99,0,0,0,1,0
51,510599,2,2,0,2,161,0,13,11,2010,7,15,23,0,16,4,HARBORWOOD RD,,55,37.24754722,-80.109291670,0,12,6,0,4,1,1,0,1,1,0,1,0,0000000,99,99,99,99,99,99,0,0,0,1,0
51,510600,1,1,1,1,700,1720,17,11,2010,4,9,4,9,99,3,SR-9,,139,37.05579444,-76.463600000,0,9,0,0,1,1,1,0,1,1,0,1,0,0000000,99,99,99,99,99,99,0,0,0,1,0