STATE,ST_CASE,VE_TOTAL,VE_FORMS,PEDS,PERSONS,COUNTY,CITY,DAY,MONTH,YEAR,DAY_WEEK,HOUR,MINUTE,NHS,ROAD_FNC,ROUTE,TWAY_ID,TWAY_ID2,MILEPT,LATITUDE,LONGITUD,SP_JUR,HARM_EV,MAN_COLL,RELJCT1,RELJCT2,TYP_INT,REL_ROAD,WRK_ZONE,LGT_COND,WEATHER1,WEATHER2,WEATHER,SCH_BUS,RAIL,NOT_HOUR,NOT_MIN,ARR_HOUR,ARR_MIN,HOSP_HR,HOSP_MN,CF1,CF2,CF3,FATALS,DRUNK_DR
51,510601,1,1,0,2,760,2060,16,11,2010,3,22,28,1,11,1,I-95 NORTH,,781,37.57396944,-77.460480560,0,42,0,0,1,1,4,0,2,1,0,1,0,0000000,99,99,99,99,99,99,0,0,0,1,0
51,510602,1,1,0,1,69,0,11,11,2010,5,23,55,9,99,2,US-11,,3211,39.07054722,-78.231313890,0,38,0,0,1,1,5,0,2,1,0,1,0,0000000,99,99,99,99,88,88,0,0,0,1,1
51,510603,1,1,0,1,730,1910,18,11,2010,5,2,13,9,99,2,US-30,,11,37.21121389,-77.396463890,0,42,0,0,1,1,4,0,2,1,0,1,0,0000000,99,99,99,99,88,88,0,0,0,1,1
51,510604,2,2,0,2,195,0,12,11,2010,6,12,20,9,99,2,US-23,,0,37.06435556,-82.531958330,0,12,2,0,1,1,1,0,1,1,0,1,0,0000000,99,99,99,99,99,99,0,0,0,1,0
51,510605,3,3,0,3,193,0,20,11,2010,7,5,30,9,99,3,SR-3,,624,38.18243889,-77.043236110,0,12,1,0,1,1,1,0,2,1,0,1,0,0000000,99,99,99,99,88,88,0,0,0,1,0
51,510606,1,1,0,1,57,0,20,11,2010,7,10,43,1,2,2,US-17,,1303,37.96591111,-76.915883330,0,42,0,0,1,1,3,0,1,1,0,1,0,0000000,99,99,99,99,88,88,0,0,0,1,0
51,510607,2,2,0,2,760,2060,16,10,2010,7,16,26,1,11,1,I-95 SOUTH,,767,37.57315556,-77.457733330,0,25,0,0,1,1,4,0,1,1,0,1,0,0000000,99,99,99,99,88,88,0,0,0,1,1
51,510608,2,2,0,2,770,2100,17,11,2010,4,12,1,1,13,2,US-220,SOUTHERN HILL DR,594,37.22858611,-79.970727780,0,12,6,0,2,3,1,0,1,1,0,1,0,0000000,99,99,99,99,88,88,0,0,0,1,0
51,510609,1,1,1,1,177,0,12,11,2010,6,22,44,0,15,4,SALEM CHURCH RD,,73,38.28333333,-77.531633330,0,8,0,0,1,1,1,0,2,1,0,1,0,0000000,99,99,99,99,99,99,0,0,0,1,0
51,510610,2,2,0,4,153,0,19,11,2010,6,21,12,1,2,2,US-29,US-15,2153,38.78278889,-77.664969440,0,12,6,0,3,2,1,0,3,1,0,1,0,0000000,99,99,99,99,99,99,0,0,0,2,0
51,510611,1,1,0,1,175,0,22,11,2010,2,6,0,1,2,2,US-58,,4177,36.68270278,-77.453827780,0,42,0,0,1,1,4,0,2,1,0,1,0,0000000,99,99,99,99,88,88,0,0,0,1,0
51,510612,1,1,0,2,75,0,19,11,2010,6,15,34,9,99,4,HADENSVILLE FIFE RD,,11,37.75216389,-78.059813890,0,1,0,0,1,1,1,0,1,1,0,1,0,0000000,99,99,99,99,99,99,0,0,0,1,0
51,510613,3,3,0,3,650,1180,23,11,2010,3,11,50,0,14,3,SR-169,EAST VIRGINIA AVE,4,37.02323333,-76.315636110,0,12,6,0,2,2,1,0,1,1,0,1,0,0000000,99,99,99,99,88,88,0,0,0,1,0
51,510614,3,3,2,1,59,0,19,11,2010,6,14,53,1,12,3,SR-267,,253,38.93427500,-77.220111110,0,12,1,0,1,1,1,0,1,1,0,1,0,0000000,99,99,99,99,99,99,19,15,0,1,0
51,510615,1,1,0,2,187,0,23,11,2010,3,15,50,0,4,3,SR-55,RT-614,224,38.95908333,-78.266238890,0,17,0,0,2,3,4,0,1,2,0,2,0,0000000,99,99,99,99,88,88,0,0,0,2,0
51,510616,1,1,0,1,3,0,25,11,2010,5,23,59,0,3,3,SR-22,,37,38.03829167,-78.339688890,0,35,0,0,1,1,4,0,2,3,0,3,0,0000000,99,99,99,99,99,99,0,0,0,1,0
51,510617,1,1,0,2,650,1180,25,11,2010,5,23,56,9,99,6,BRIARFIELD RD,BUTLER DRIVE,5,37.01852222,-76.409655560,0,38,0,0,2,4,4,0,3,1,0,1,0,0000000,99,99,99,99,99,99,0,0,0,1,0
51,510618,2,2,0,3,85,0,26,11,2010,6,21,48,0,3,3,SR-54,,148,37.75544444,-77.430380560,0,12,8,0,1,1,1,0,2,1,0,1,0,0000000,99,99,99,99,99,99,0,0,0,1,2
51,510619,1,1,0,1,183,0,26,11,2010,6,8,40,1,1,1,I-95 NORTH,,244,36.85352222,-77.424166670,0,35,0,1,19,1,3,0,1,1,0,1,0,0000000,99,99,99,99,99,99,0,0,0,1,0
51,510620,3,3,0,5,121,0,27,11,2010,7,15,53,1,11,1,I-81 NORTH,,1181,37.14273611,-80.350913890,0,12,7,0,1,1,1,0,1,1,0,1,0,0000000,99,99,99,99,99,99,0,0,0,1,0
51,510621,2,2,0,3,137,0,27,11,2010,7,17,25,9,99,9,RT-20,RT-740,0,38.25732222,-78.011683330,0,12,2,0,3,3,1,0,2,1,0,1,0,0000000,99,99,99,99,99,99,0,0,0,1,0
51,510622,1,1,0,1,157,0,28,11,2010,1,10,25,0,3,2,US-522,,841,38.55245278,-78.144408330,0,35,0,0,1,1,4,0,1,1,0,1,0,0000000,99,99,99,99,88,88,0,0,0,1,0
51,510623,1,1,0,2,650,1180,27,11,2010,7,22,34,9,99,6,SAUNDERS ROAD,,1,37.09023889,-76.436605560,0,34,0,0,1,1,4,0,3,1,0,1,0,0000000,99,99,99,99,99,99,0,0,0,1,0
51,510624,2,2,1,2,59,0,5,11,2010,6,20,11,1,13,2,US-1,,1858,38.73918056,-77.089222220,0,8,0,0,1,1,1,0,2,1,0,1,0,0000000,99,99,99,99,88,88,0,0,0,1,0
51,510625,1,1,0,1,550,468,27,11,2010,7,17,40,0,15,6,BALLAHACK RD,,102,36.56600000,-76.231600000,0,30,0,0,1,1,4,0,2,1,0,1,0,0000000,99,99,99,99,88,88,0,0,0,1,0
51,510626,1,1,0,1,23,0,30,11,2010,3,23,30,1,1,1,I-81 NORTH,,1679,37.52926389,-79.694308330,0,24,0,0,1,1,4,0,2,2,0,2,0,0000000,99,99,99,99,88,88,0,0,0,1,0
51,510627,6,6,0,6,35,0,16,11,2010,3,11,30,1,2,1,I-77 SOUTH,,84,36.66879167,-80.708913890,0,12,7,0,1,1,1,0,1,5,0,5,0,0000000,99,99,99,99,99,99,19,0,0,1,0
51,510628,1,1,0,2,105,0,23,11,2010,3,16,45,9,99,4,RT-606,,44,36.80414167,-82.992497220,0,35,0,0,1,1,4,0,1,1,0,1,0,0000000,99,99,99,99,99,99,0,0,0,1,1
51,510629,2,1,0,1,650,1180,29,11,2010,2,1,56,0,15,6,DICKERSON BLVD,,10,37.04545000,-76.303438890,0,14,0,0,1,1,4,0,3,1,0,1,0,0000000,99,99,99,99,99,99,0,0,0,1,1
51,510630,1,1,1,1,59,0,24,11,2010,4,11,32,9,99,4,WILSON  BLVD,,131,38.87289167,-77.153763890,0,9,0,0,1,1,1,0,1,1,0,1,0,0000000,99,99,99,99,99,99,0,0,0,1,0
51,510631,2,2,0,2,121,0,23,11,2010,3,14,36,9,99,3,SR-114,,56,37.17061111,-80.472450000,0,12,2,0,1,1,1,0,1,2,0,2,0,0000000,99,99,99,99,88,88,0,0,0,1,0
51,510632,1,1,1,1,59,0,14,11,2010,1,14,35,0,15,4,BELLE HAVEN RD,FORT HUNT RD,3,38.78101944,-77.062311110,0,9,0,0,3,2,1,0,1,1,0,1,0,0000000,99,99,99,99,99,99,0,0,0,1,0
51,510633,2,2,0,2,25,0,1,12,2010,4,7,25,9,99,4,RT-611,,208,36.66468056,-77.720797220,0,12,8,0,1,1,1,0,1,2,0,2,0,0000000,99,99,99,99,99,99,0,0,0,1,0
51,510634,1,1,0,1,69,0,1,12,2010,4,22,22,0,14,3,SR-614,,125,39.21390556,-78.294402780,0,42,0,0,1,1,4,0,2,1,0,1,0,0000000,99,99,99,99,99,99,0,0,0,1,0
51,510635,6,6,0,6,149,0,1,12,2010,4,6,25,1,13,2,US-460,,3262,37.16236944,-77.284869440,0,12,2,0,1,1,1,0,2,2,0,2,0,0000000,99,99,99,99,99,99,0,0,0,1,0
51,510636,2,2,0,3,19,0,2,12,2010,5,17,15,9,99,4,RT-757,,55,37.12971944,-79.440750000,0,12,2,0,1,1,1,0,5,1,0,1,0,0000000,99,99,99,99,99,99,0,0,0,1,1
51,510637,2,2,0,2,670,1290,3,12,2010,6,12,15,1,13,3,SR-10,E BROADWAY  ST,253,37.30430278,-77.286586110,0,12,6,0,2,2,1,0,1,1,0,1,0,0000000,99,99,99,99,99,99,0,0,0,1,0
51,510638,1,1,0,1,57,0,3,12,2010,6,9,10,1,2,2,US-17,,1130,37.79561667,-76.771947220,0,24,0,0,1,1,3,0,1,1,0,1,0,0000000,99,99,99,99,88,88,0,0,0,1,1
51,510639,2,2,0,2,5,0,3,12,2010,6,19,10,1,1,1,I-64 WEST,,192,37.88488056,-79.600152780,0,12,2,0,1,1,1,2,2,1,0,1,0,0000000,99,99,99,99,88,88,2,0,0,1,0
51,510640,1,1,0,2,197,0,4,12,2010,7,14,40,0,3,2,US-21,,317,36.92728611,-81.094236110,0,1,0,0,1,1,4,0,1,4,0,4,0,0000000,99,99,99,99,99,99,0,0,0,1,0
51,510641,1,1,0,1,800,2390,5,12,2010,1,12,13,1,13,2,US-13,,41,36.57511111,-76.701005560,0,42,0,0,1,1,4,0,1,1,0,1,0,0000000,99,99,99,99,88,88,0,0,0,1,0
51,510642,1,1,0,2,41,0,5,12,2010,1,14,16,1,2,2,US-360,,1140,37.35873056,-77.831355560,0,42,0,0,1,1,4,0,1,1,0,1,0,0000000,99,99,99,99,99,99,0,0,0,1,0
51,510643,1,1,1,1,610,930,5,12,2010,1,18,42,1,13,3,SR-7,,635,38.88654722,-77.177727780,0,8,0,0,1,1,1,0,3,1,0,1,0,0000000,99,99,99,99,88,88,0,0,0,1,0
51,510644,1,1,0,1,3,0,5,12,2010,1,16,46,0,4,3,SR-20,,469,38.10421111,-78.382888890,0,42,0,0,1,1,4,0,2,1,0,1,0,0000000,99,99,99,99,99,99,0,0,0,1,0
51,510645,2,2,0,3,109,0,6,12,2010,2,18,42,1,1,1,I-64,,1597,37.78231667,-77.889419440,0,12,1,1,18,1,1,0,3,1,0,1,0,0000000,99,99,99,99,99,99,19,0,0,1,0
51,510646,3,2,0,2,121,0,6,12,2010,2,17,37,9,99,4,NORTH MAIN ST,RED MAPLE DR,0,37.25424444,-80.411038890,0,12,6,0,2,3,1,0,3,1,0,1,0,0000000,99,99,99,99,99,99,0,0,0,1,1
51,510647,2,2,0,2,121,0,2,12,2010,5,11,58,9,99,3,SR-8,UNION VALLEY RD,505,37.06668333,-80.441294440,0,12,6,0,2,3,1,0,1,1,0,1,0,0000000,99,99,99,99,99,99,0,0,0,1,1
51,510648,2,2,0,3,820,2610,8,12,2010,4,21,39,9,99,2,US-250,N WAYNE AVE,692,38.06993611,-78.889175000,0,12,6,0,2,2,1,0,3,1,0,1,0,0000000,99,99,99,99,99,99,0,0,0,1,1
51,510649,1,1,0,1,650,1180,8,12,2010,4,1,25,0,15,6,CHESAPEAKE AVE,LASALLE AVE,19,37.00294722,-76.359100000,0,3,0,0,2,9,2,0,3,1,0,1,0,0000000,99,99,99,99,88,88,0,0,0,1,1
51,510650,2,2,0,2,810,2540,6,12,2010,2,10,11,9,99,6,400 N LYNHAVEN RD,3200 EDINBURGH DR,14,36.84834167,-76.083883330,0,12,6,0,2,2,1,0,1,1,0,1,0,0000000,99,99,99,99,99,99,0,0,0,1,0
51,510651,1,1,0,1,175,0,12,12,2010,1,13,30,0,6,4,RT-606,,43,36.84130000,-77.095355560,0,34,0,0,1,1,4,0,1,2,0,2,0,0000000,99,99,99,99,99,99,0,0,0,1,0
51,510652,1,1,0,3,660,1190,9,12,2010,5,7,28,9,99,9,HARRISONBURG,,0,38.44910000,-78.859208330,0,30,0,0,1,1,4,0,1,1,0,1,0,0000000,99,99,99,99,99,99,0,0,0,1,0
51,510653,2,2,0,4,143,0,13,12,2010,2,23,27,1,2,2,US-29,,269,36.84648611,-79.391886110,0,12,1,0,1,1,1,0,2,1,0,1,0,0000000,99,99,99,99,99,99,0,0,0,1,0
51,510654,1,1,0,2,47,0,11,12,2010,7,17,45,9,99,9,RT-3,,118,38.39674444,-77.805063890,0,52,0,0,1,1,4,0,2,1,0,1,0,0000000,99,99,99,99,99,99,0,0,0,1,0
51,510655,2,2,0,4,59,0,16,11,2010,3,12,35,0,15,4,CHEROKEE AVE,,4,38.80448889,-77.163050000,0,12,6,0,1,1,1,0,1,2,0,2,0,0000000,99,99,99,99,99,99,0,0,0,1,0
51,510656,2,2,0,2,800,2390,9,12,2010,5,17,22,0,13,3,SR-10,,906,36.76900556,-76.585177780,0,12,1,0,1,1,1,0,3,1,0,1,0,0000000,99,99,99,99,99,99,0,0,0,1,0
51,510657,1,1,1,1,775,2170,11,12,2010,7,18,43,1,13,3,SR-1,,55,37.26516389,-80.033141670,0,8,0,0,1,1,1,0,3,1,0,1,0,0000000,99,99,99,99,99,99,0,0,0,1,0
51,510658,1,1,0,1,163,0,16,12,2010,5,11,45,1,1,1,I-81,,1892,37.75291111,-79.412850000,0,52,0,0,1,1,4,0,1,4,0,4,0,0000000,99,99,99,99,88,88,0,0,0,1,0
51,510659,2,2,0,4,47,0,15,12,2010,4,21,20,9,99,2,US-522,,706,38.43492222,-77.984169440,0,12,2,0,1,1,1,0,2,1,0,1,0,0000000,99,99,99,99,99,99,0,0,0,1,0
51,510660,2,2,0,5,550,468,16,12,2010,5,11,18,1,13,2,US-17,,4,36.55347500,-76.377088890,0,12,2,0,1,1,1,0,1,4,0,4,0,0000000,99,99,99,99,99,99,0,0,0,1,0
51,510661,1,1,1,1,87,0,18,12,2010,7,19,10,1,13,2,US-250,,1576,37.62988611,-77.535611110,0,8,0,0,1,1,1,0,2,1,0,1,0,0000000,99,99,99,99,88,88,0,0,0,1,0
51,510662,1,1,1,1,117,0,19,12,2010,1,3,5,9,99,4,RT-691,,23,36.69976111,-78.428072220,0,8,0,0,1,1,1,0,2,1,0,1,0,0000000,99,99,99,99,88,88,0,0,0,1,0
51,510663,1,1,0,1,630,1020,19,12,2010,1,3,49,1,11,1,I-95 NORTH,,1296,38.28143333,-77.510841670,0,35,0,0,1,1,3,0,2,1,0,1,0,0000000,99,99,99,99,88,88,0,0,0,1,1
51,510664,1,1,0,1,143,0,21,12,2010,3,15,26,9,99,4,RT-634,,37,36.97026111,-79.343005560,0,42,0,0,1,1,4,0,1,1,0,1,0,0000000,99,99,99,99,88,88,0,0,0,1,1
51,510665,1,1,0,1,101,0,20,12,2010,2,23,48,9,99,9,RT-604,,0,37.72972500,-77.235002780,0,42,0,0,1,1,4,0,2,1,0,1,0,0000000,99,99,99,99,88,88,0,0,0,1,1
51,510666,1,1,0,1,53,0,21,12,2010,3,20,0,0,4,4,NAMOZINE ROAD,,15,37.22978056,-77.644500000,0,35,0,0,1,1,4,0,2,1,0,1,0,0000000,99,99,99,99,88,88,0,0,0,1,1
51,510667,3,3,0,6,31,0,24,12,2010,6,14,40,9,99,9,RT-460 WEST,,0,37.31118333,-79.262608330,0,12,8,1,5,1,1,0,1,1,0,1,0,0000000,99,99,99,99,99,99,0,0,0,1,0
51,510668,1,1,0,3,153,0,25,12,2010,7,1,56,0,13,2,US-1,MINE RD,11,38.56662222,-77.329072220,0,33,0,0,3,4,4,0,2,1,0,1,0,0000000,99,99,99,99,88,88,0,0,0,3,1
51,510669,2,2,0,3,700,1720,19,7,2010,2,15,35,1,13,3,SR-74,JEFFERSON AVE,107,37.01341667,-76.440769440,0,12,6,0,2,3,1,0,1,1,0,1,0,0000000,99,99,99,99,99,99,0,0,0,1,0
51,510670,2,1,0,2,700,1720,25,12,2010,7,15,2,1,2,2,US-58,,652,37.12870833,-76.530675000,0,33,0,0,8,1,4,0,1,1,0,1,0,0000000,99,99,99,99,99,99,0,0,0,1,0
51,510671,1,1,0,1,25,0,13,12,2010,2,5,38,1,1,1,I-85,,99999,36.89601944,-77.804950000,0,24,0,1,18,1,4,0,2,4,0,4,0,0000000,99,99,99,99,99,99,0,0,0,1,0
51,510672,2,2,0,2,113,0,24,12,2010,6,19,19,0,3,3,SR-231,,309,38.41245833,-78.259241670,0,12,1,0,1,1,1,0,3,1,0,1,0,0000000,99,99,99,99,99,99,0,0,0,1,0
51,510673,1,1,1,1,75,0,18,9,2010,7,3,0,0,4,2,US-250,,1374,37.74343611,-77.848605560,0,8,0,0,1,1,1,0,2,1,0,1,0,0000000,99,99,99,99,88,88,0,0,0,1,0
51,510674,3,3,0,3,149,0,1,11,2010,2,23,21,9,99,2,US-460,,3252,37.10208333,-77.180200000,0,12,6,0,1,1,1,0,2,1,0,1,0,0000000,99,99,99,99,99,99,0,0,0,1,1
51,510675,1,1,0,1,165,0,25,12,2010,7,11,0,0,6,4,CAPTAIN YANCEY RD,,4,38.36031389,-78.691741670,0,42,0,0,1,1,4,0,1,4,0,4,0,0000000,99,99,99,99,88,88,0,0,0,1,0
51,510676,1,1,0,2,147,0,27,12,2010,2,17,11,9,99,4,RT-654,,0,37.30286944,-78.489333330,0,34,0,0,1,1,4,0,5,1,0,1,0,0000000,99,99,99,99,99,99,0,0,0,1,1
51,510677,2,2,0,4,800,2390,28,12,2010,3,9,4,1,13,2,US-460,PROVIDENCE RD,3718,36.78399167,-76.633330560,0,12,6,0,2,2,1,0,1,1,0,1,0,0000000,99,99,99,99,99,99,0,0,0,1,0
51,510678,1,1,0,2,171,0,29,12,2010,4,17,55,9,99,9,RT-11,,3019,38.90087222,-78.490561110,0,17,0,0,1,1,4,0,2,1,0,1,0,0000000,99,99,99,99,99,99,0,0,0,1,0
51,510679,2,2,0,3,520,300,8,2,2010,2,18,1,0,13,2,US-58,OSBORN ST,667,36.60100833,-82.218202780,0,12,6,0,2,2,1,0,3,1,0,1,0,0000000,99,99,99,99,99,99,0,0,0,1,0
51,510680,1,1,0,1,3,0,29,12,2010,4,22,25,9,99,4,BLACK CAT ROAD,,36,38.01970000,-78.351200000,0,21,0,0,1,1,6,0,2,1,0,1,0,0000000,99,99,99,99,88,88,0,0,0,1,1
51,510681,2,2,0,2,167,0,25,12,2010,7,14,35,9,99,2,US-58,MARINGO RD,652,36.71309167,-81.931641670,0,12,6,0,2,3,1,0,1,1,0,1,0,0000000,99,99,99,99,99,99,0,0,0,1,0
51,510682,1,1,0,4,183,0,29,12,2010,4,23,50,0,3,3,SR-40,,2118,36.91984167,-77.296972220,0,34,0,0,1,1,4,0,2,1,0,1,0,0000000,99,99,99,99,99,99,0,0,0,3,1
51,510683,3,3,0,5,107,0,24,12,2010,6,15,26,9,99,3,SR-9,,19,39.22530556,-77.749213890,0,12,6,0,1,1,1,0,1,1,0,1,0,0000000,99,99,99,99,99,99,0,0,0,3,1
51,510684,1,1,0,2,87,0,24,12,2010,6,0,20,1,13,3,SR-73,,48,37.63581667,-77.450927780,0,42,0,0,1,1,3,0,2,1,0,1,0,0000000,99,99,99,99,88,88,0,0,0,1,1
51,510685,1,1,0,1,157,0,29,12,2010,4,21,6,0,3,2,US-522,,1079,38.81515000,-78.106472220,0,39,0,0,1,1,4,0,2,1,0,1,0,0000000,99,99,99,99,88,88,0,0,0,1,1
51,510686,1,1,1,1,187,0,28,12,2010,3,22,25,1,13,3,SR-522,,30,39.00570833,-78.163372220,0,8,0,0,1,1,4,0,2,1,0,1,0,0000000,99,99,99,99,99,99,0,0,0,1,0
51,510687,1,1,0,2,41,0,31,12,2010,6,0,58,9,99,4,TWELVE OAKS RD,,1,37.41725000,-77.619486110,0,42,0,0,1,1,4,0,2,1,0,1,0,0000000,99,99,99,99,99,99,0,0,0,1,1
51,510688,1,1,1,1,73,0,31,12,2010,6,21,0,9,99,4,RT-101,,7,37.50155556,-76.400641670,0,8,0,0,1,1,1,0,2,1,0,1,0,0000000,99,99,99,99,88,88,0,0,0,1,0
51,510689,1,1,1,1,760,2060,31,12,2010,6,18,1,0,14,3,SR-147,,114,37.54760556,-77.465008330,0,8,0,0,1,1,1,0,3,1,0,1,0,0000000,99,99,99,99,99,99,0,0,0,1,0
51,510690,2,2,0,2,93,0,14,12,2010,3,7,45,9,99,4,CENTRAL HILL RD,,98,36.91771389,-76.758127780,0,12,1,0,1,1,1,0,1,1,0,1,0,0000000,99,99,99,99,99,99,0,0,0,1,0
51,510691,2,2,0,2,27,0,28,12,2010,3,18,15,0,4,4,RT-643,,68,37.34989444,-81.985216670,0,12,2,0,1,1,1,0,2,1,0,1,0,0000000,99,99,99,99,99,99,0,0,0,1,1
51,510692,1,1,0,1,159,0,5,12,2010,1,11,36,1,2,2,US-360,,1984,37.94998333,-76.660966670,0,53,0,0,1,1,4,0,1,1,0,1,0,0000000,99,99,99,99,99,99,0,0,0,1,0
51,510693,2,2,0,4,143,0,25,12,2010,7,17,55,9,99,4,SPRING GARDEN RD,,16,36.74649722,-79.341369440,0,12,2,0,1,1,1,0,2,4,0,4,0,0000000,99,99,99,99,99,99,0,0,0,1,1
53,530001,1,1,0,1,65,0,1,1,2010,6,1,22,0,6,4,PEND OREILLE LAKE RD,,4,48.61161389,-117.543458330,0,42,0,0,1,1,5,0,2,4,0,4,0,0000000,1,25,2,8,2,55,0,0,0,1,1
53,530002,1,1,1,1,73,110,1,1,2010,6,22,7,0,16,6,CHESTNUT DR,,0,48.70530278,-122.492697220,0,8,0,0,1,1,1,0,3,2,0,2,0,0000000,22,28,22,37,88,88,0,0,0,1,0
53,530003,1,1,0,1,25,0,3,1,2010,1,19,23,0,99,4,RD 5 NW,SR-283,99998,47.16167778,-119.725613890,0,35,0,0,3,2,5,0,2,10,0,10,0,0000000,19,29,19,42,88,88,0,0,0,1,0
53,530004,1,1,0,4,33,1030,3,1,2010,1,3,58,0,16,6,64TH AVE S,,0,47.38790556,-122.253822220,0,42,0,0,1,1,5,0,3,5,0,5,0,0000000,4,1,4,8,5,13,0,0,0,1,1
53,530005,1,1,0,1,63,2110,5,1,2010,3,19,14,0,3,6,NAPA ST,,0,47.66040278,-117.381233330,0,21,0,0,1,1,3,0,3,4,0,4,0,0000000,19,17,19,20,19,36,0,0,0,1,1
53,530006,2,2,0,3,33,0,7,1,2010,5,10,55,0,2,3,SR-515,SE 200 ST,36,47.42294722,-122.197108330,0,12,6,0,2,2,1,0,1,1,0,1,0,0000000,10,58,11,8,99,99,0,0,0,1,0
53,530007,3,3,0,4,11,2370,9,1,2010,7,16,37,0,13,3,SR-14,,22,45.61785000,-122.622655560,0,12,6,0,1,1,1,0,1,1,0,1,0,0000000,16,35,16,42,99,99,0,0,0,1,1
53,530008,2,2,0,3,73,0,10,1,2010,1,18,12,0,4,4,MOUNTAIN VIEW RD,LAKE TERRELL RD,5,48.84826667,-122.682694440,0,12,1,0,2,2,1,0,2,2,0,2,0,0000000,18,8,18,18,99,99,0,0,0,1,0
53,530009,2,2,0,2,33,1030,9,1,2010,7,15,34,0,13,6,WASHINGTON AVE N,W MORTON ST,0,47.38832500,-122.247511110,0,12,6,0,2,2,1,0,1,1,0,1,0,0000000,15,34,15,39,99,99,0,0,0,1,0
53,530011,1,1,0,1,61,0,13,1,2010,4,1,22,0,15,4,NORTH RD,S BELLFOWER RD,4,47.82922500,-122.237813890,0,30,0,0,2,3,5,0,3,10,0,10,0,0000000,1,23,1,32,2,3,20,0,0,1,0
53,530012,3,1,0,4,5,1850,29,1,2010,6,1,52,0,16,6,GOETHALS DR,,0,46.26418333,-119.282727780,0,14,0,0,1,1,4,0,3,1,0,1,0,0000000,1,59,2,4,2,25,0,0,0,1,1
53,530013,3,3,0,5,53,2230,16,1,2010,7,22,35,0,2,3,SR-167,,6,47.23896111,-122.398177780,3,12,6,0,1,1,1,0,1,1,0,1,0,0000000,99,99,99,99,99,99,0,0,0,2,1
53,530014,1,1,0,1,53,0,16,1,2010,7,22,43,0,2,3,SR-512,,90,47.16252500,-122.296544440,0,57,0,0,1,1,3,0,3,10,0,10,0,0000000,22,46,22,53,88,88,0,0,0,1,1
53,530015,1,1,0,1,53,160,20,1,2010,4,16,32,0,16,6,195 AVE CT E,,0,47.18598056,-122.167519440,0,5,0,0,1,1,1,0,1,1,0,1,0,0000000,16,33,16,39,99,99,0,0,0,1,0
53,530016,2,2,0,3,53,747,24,1,2010,1,21,58,0,14,6,70TH AVE E,20TH ST E,0,47.23874444,-122.336455560,0,12,6,0,2,2,1,0,3,2,0,2,0,0000000,22,2,22,8,22,27,0,0,0,1,1
53,530017,2,2,1,2,33,1960,23,1,2010,7,21,15,1,11,1,I-5,,1620,47.55808056,-122.320919440,0,8,0,0,1,1,1,0,3,10,0,10,0,0000000,21,17,21,23,88,88,0,0,0,1,1
53,530018,1,1,0,1,37,0,24,1,2010,1,23,10,0,6,4,SPARKS RD,,1,47.25144722,-121.189433330,0,24,0,0,1,1,4,0,2,4,0,4,0,0000000,23,15,23,31,88,88,0,0,0,1,1
53,530019,1,1,1,1,33,1960,28,1,2010,5,20,10,0,13,3,SR-99,,354,47.66067500,-122.347355560,0,8,0,0,1,1,1,0,3,1,0,1,0,0000000,20,13,20,19,88,88,0,0,0,1,0
53,530020,1,1,0,1,33,1960,31,1,2010,1,18,47,1,11,1,I-5,,1770,47.76374722,-122.323666670,0,25,0,0,1,1,3,0,2,10,0,10,0,0000000,18,49,18,58,20,29,0,0,0,1,0
53,530021,1,1,0,1,53,0,30,1,2010,7,21,23,0,3,3,SR-165,,193,47.13655000,-122.054758330,0,42,0,0,1,1,5,0,2,10,0,10,0,0000000,21,22,21,31,22,55,0,0,0,1,1
53,530022,1,1,0,1,53,2210,30,1,2010,7,1,42,0,13,6,TRAFFIC AVE,THOMPSON ST,0,47.19866389,-122.248219440,0,46,0,0,3,2,4,0,3,2,0,2,0,0000000,1,48,1,55,88,88,0,0,0,1,1
53,530023,2,2,0,2,67,0,31,1,2010,1,15,25,0,2,3,SR-121,,34,46.92292222,-122.907872220,0,12,6,0,1,1,1,0,1,10,0,10,0,0000000,15,23,15,33,15,49,0,0,0,1,0
53,530024,3,3,0,4,33,0,3,2,2010,4,6,16,0,13,4,1ST AVE S,SW 112 ST,3,47.50285278,-122.333686110,0,12,1,0,3,2,1,0,3,1,0,1,0,0000000,6,19,6,23,99,99,0,0,0,1,0
53,530025,1,1,1,1,77,0,4,2,2010,5,18,5,0,4,4,YAKIMA VALLEY HWY,,113,46.41823889,-120.272355560,0,8,0,0,1,1,1,0,2,10,0,10,0,0000000,18,3,18,10,88,88,0,0,0,1,0
53,530026,1,1,0,1,37,0,8,2,2010,2,16,0,1,1,1,I-90,,829,47.19374444,-120.965400000,0,1,0,0,1,1,4,0,1,10,0,10,0,0000000,16,8,16,12,88,88,0,0,0,1,0
53,530027,2,2,0,2,41,0,9,2,2010,3,1,0,1,1,1,I-5,,760,46.64751667,-122.962511110,0,12,1,0,1,1,1,0,2,5,0,5,0,0000000,1,5,1,12,88,88,0,0,0,1,1
53,530028,2,2,0,4,63,2110,14,2,2010,1,2,24,0,99,4,S HATCH RD,54TH AVE,99998,47.60545833,-117.395266670,0,12,6,0,2,3,1,0,3,10,0,10,0,0000000,2,25,2,31,3,6,0,0,0,1,2