STATE,ST_CASE,VE_TOTAL,VE_FORMS,PEDS,PERSONS,COUNTY,CITY,DAY,MONTH,YEAR,DAY_WEEK,HOUR,MINUTE,NHS,ROAD_FNC,ROUTE,TWAY_ID,TWAY_ID2,MILEPT,LATITUDE,LONGITUD,SP_JUR,HARM_EV,MAN_COLL,RELJCT1,RELJCT2,TYP_INT,REL_ROAD,WRK_ZONE,LGT_COND,WEATHER1,WEATHER2,WEATHER,SCH_BUS,RAIL,NOT_HOUR,NOT_MIN,ARR_HOUR,ARR_MIN,HOSP_HR,HOSP_MN,CF1,CF2,CF3,FATALS,DRUNK_DR
53,530029,2,2,0,3,61,2180,17,2,2010,4,15,27,1,13,2,US-2,339TH AVE SE,242,47.86785556,-121.777588890,0,12,6,0,2,2,1,0,1,1,0,1,0,0000000,15,27,15,30,88,88,0,0,0,1,0
53,530030,1,1,1,1,29,470,19,2,2010,6,5,31,0,13,3,SR-20,,221,48.21213333,-122.692577780,0,8,0,0,1,1,1,0,2,1,0,1,0,0000000,5,35,5,47,88,88,0,0,0,1,0
53,530031,1,1,0,1,77,0,5,2,2010,6,5,50,0,5,4,S OLDENWAY,,33,46.35314722,-120.375780560,3,34,0,0,1,1,5,0,2,2,0,2,0,0000000,5,45,5,59,88,88,0,0,0,1,1
53,530032,2,2,1,2,33,1960,9,2,2010,3,0,46,1,11,1,I-5,,1591,47.52641667,-122.292122220,0,8,0,0,1,1,1,0,2,1,0,1,0,0000000,0,52,0,57,88,88,0,0,0,1,0
53,530033,1,1,1,3,63,2110,8,1,2010,6,18,50,0,13,2,US-395,,99999,47.74519722,-117.411466670,0,8,0,0,1,1,1,0,3,1,0,1,0,0000000,18,51,18,55,19,21,0,0,0,1,0
53,530034,1,1,0,1,53,0,10,1,2010,1,16,50,0,14,4,ORTING KAPOWSIN HWY,,136,47.04939444,-122.252769440,0,35,0,0,1,1,5,0,5,10,0,10,0,0000000,16,52,17,0,17,48,0,0,0,1,1
53,530035,1,1,0,1,65,0,4,2,2010,5,23,15,0,4,4,WILLIAMS LAKE RD,,41,48.62368889,-117.934972220,0,24,0,0,1,1,5,0,2,5,0,5,0,0000000,0,27,0,36,88,88,0,0,0,1,0
53,530036,2,2,0,3,33,1500,20,2,2010,7,0,26,1,11,1,I-90,,278,47.50586667,-121.824730560,0,12,2,0,1,1,1,0,2,1,0,1,0,0000000,0,26,0,35,99,99,0,0,0,1,1
53,530037,1,1,0,4,39,0,14,2,2010,1,1,20,0,4,3,SR-142,,153,45.86228056,-120.960847220,0,24,0,0,8,1,4,0,2,10,0,10,0,0000000,1,28,2,0,99,99,0,0,0,2,0
53,530038,1,1,0,2,67,0,17,1,2010,1,23,29,1,2,2,US-101,OYSTER BAY RD NW,3590,47.08499722,-123.032541670,0,30,0,0,2,3,4,0,2,2,0,2,0,0000000,23,28,23,36,0,41,0,0,0,1,0
53,530039,1,1,0,1,11,2370,5,2,2010,6,18,10,0,13,3,SR-503,,12,45.68327778,-122.552575000,0,33,0,0,1,1,3,0,1,1,0,1,0,0000000,18,12,18,17,99,99,0,0,0,1,0
53,530040,2,2,0,3,43,0,15,2,2010,2,17,33,1,1,1,I-90,,2532,47.38498611,-117.858108330,0,12,2,0,1,1,1,0,5,10,0,10,0,0000000,17,35,17,42,99,99,0,0,0,1,0
53,530041,1,1,1,1,67,1590,16,2,2010,3,13,57,0,3,6,LIILY RD NE,ENSIGN RD NE,0,47.05065000,-122.844400000,0,8,0,0,2,2,1,0,1,1,0,1,0,0000000,13,57,14,2,14,8,0,0,0,1,0
53,530042,1,1,2,1,33,735,17,2,2010,4,18,50,0,15,6,SW 336TH,,0,47.30056667,-122.358813890,0,8,0,0,1,1,1,0,3,1,0,1,0,0000000,18,56,19,0,99,99,0,0,0,1,1
53,530043,1,1,1,1,61,1215,18,2,2010,5,19,35,0,14,6,168TH ST SW,,0,47.84653056,-122.306680560,0,8,0,0,1,1,1,0,3,1,0,1,0,0000000,19,35,19,39,20,18,0,0,0,1,0
53,530044,2,2,0,2,11,0,21,2,2010,1,18,31,0,14,4,NE 182ND AVE,,4,45.67626111,-122.486077780,0,12,1,0,8,1,1,0,2,1,0,1,0,0000000,18,33,18,39,88,88,0,0,0,1,0
53,530045,2,2,0,6,61,690,26,2,2010,6,21,35,0,13,6,BROADWAY,,0,47.95975556,-122.200800000,0,12,2,0,1,1,1,0,3,2,0,2,0,0000000,21,34,21,38,22,10,0,0,0,2,1
53,530046,1,1,0,1,67,0,23,2,2010,3,22,29,0,4,4,LITTLEROCK RD,,77,46.90838333,-123.012241670,0,52,0,0,1,1,4,0,3,2,0,2,0,0000000,22,30,22,35,88,88,0,0,0,1,0
53,530047,1,1,0,1,53,2230,25,2,2010,5,99,99,1,11,1,I-5,,1319,47.22384444,-122.462636110,0,59,0,1,5,1,5,0,3,99,0,99,0,0000000,6,58,7,4,88,88,0,0,0,1,1
53,530048,1,1,0,2,35,0,28,2,2010,1,19,33,0,4,4,LAKE HELENA RD,HUCKLEBERRY RD,22,47.43989444,-122.696513890,0,42,0,0,2,3,5,0,2,1,0,1,0,0000000,19,33,19,44,20,40,0,0,0,1,0
53,530050,1,1,0,1,65,0,23,1,2010,7,21,15,0,9,4,ADDY-GIFFORD RD,,67,48.30222222,-118.048761110,0,42,0,0,1,1,5,0,1,1,0,1,0,0000000,8,52,9,4,88,88,0,0,0,1,0
53,530051,2,2,0,2,57,230,1,3,2010,2,15,47,0,15,4,S ANACORTES ST,OLYMPIA AVE,0,48.47053056,-122.324866670,0,12,6,0,2,2,1,0,1,1,0,1,0,0000000,99,99,99,99,99,99,0,0,0,1,0
53,530052,1,1,1,1,63,2110,1,3,2010,2,18,42,1,13,2,US-2,SPRAGUE,99999,47.65713611,-117.411252780,0,9,0,0,3,2,1,0,3,1,0,1,0,0000000,18,44,18,46,19,1,0,0,0,1,1
53,530053,1,1,0,1,35,0,1,3,2010,2,23,6,0,4,4,NW SEABECK HOLLY RD,,65,47.57455833,-122.911605560,0,30,0,0,1,1,5,0,2,1,0,1,0,0000000,23,4,23,15,88,88,0,0,0,1,0
53,530054,1,1,1,1,53,2230,1,3,2010,2,19,30,0,13,6,PACIFIC AVE,S 37TH ST,0,47.22446389,-122.434130560,0,8,0,0,3,2,1,0,3,1,0,1,0,0000000,19,30,19,33,19,45,0,0,0,1,0
53,530055,3,3,0,4,31,0,1,3,2010,2,14,38,1,2,2,US-101,,2769,47.98598611,-122.884891670,0,12,1,0,8,1,1,0,1,10,0,10,0,0000000,14,41,14,51,99,99,0,0,0,1,0
53,530056,2,2,0,4,65,0,7,3,2010,1,16,0,0,3,3,SR-25,OLD KETTLE RD,805,48.59846667,-118.075369440,0,12,6,0,2,2,1,0,1,1,0,1,0,0000000,16,16,16,29,16,53,0,0,0,1,1
53,530057,1,1,0,1,33,1960,9,3,2010,3,21,26,0,14,6,16TH AVE SW,,0,47.53736944,-122.355036110,0,30,0,0,1,1,5,0,3,1,0,1,0,0000000,21,28,21,30,88,88,0,0,0,1,1
53,530058,1,1,0,1,33,0,22,2,2010,2,6,57,1,1,1,I-90,,188,47.53516667,-122.003355560,0,34,0,0,1,1,5,0,4,1,0,1,0,0000000,7,7,7,13,99,99,0,0,0,1,0
53,530059,1,1,0,1,37,0,10,3,2010,4,21,23,1,2,2,US-97,,1517,47.25068889,-120.692366670,0,42,0,0,1,1,5,0,2,1,0,1,0,0000000,21,40,21,57,88,88,0,0,0,1,0
53,530060,1,1,0,5,77,0,14,3,2010,1,22,55,1,2,2,US-97,MCDONALD RD,635,46.38914722,-120.357713890,3,1,0,0,2,2,4,0,3,1,0,1,0,0000000,22,53,22,54,23,5,0,0,0,1,0
53,530061,1,1,0,1,35,0,14,3,2010,1,17,19,0,2,3,SR-160,,259,47.51427222,-122.655616670,0,25,0,0,1,1,4,0,1,10,0,10,0,0000000,99,99,99,99,88,88,0,0,0,1,1
53,530062,1,1,0,1,33,100,8,2,2010,2,9,17,0,2,3,SR-167,,158,47.32345000,-122.245022220,0,21,0,0,1,1,3,0,1,10,0,10,0,0000000,9,19,9,25,88,88,0,0,0,1,0
53,530063,2,2,0,3,33,1960,13,3,2010,7,3,33,0,13,6,RAINER AVE S,,0,47.55256389,-122.278450000,0,12,6,0,1,1,1,0,3,10,0,10,0,0000000,3,35,3,37,4,1,0,0,0,1,1
53,530064,1,1,0,4,15,0,15,3,2010,2,1,52,0,4,3,SR-411,,84,46.23705278,-122.907302780,0,30,0,0,1,1,5,0,2,10,0,10,0,0000000,1,49,1,58,2,8,0,0,0,1,1
53,530065,1,1,1,1,33,1830,18,3,2010,5,15,58,0,15,6,BRONSON WAY N,N 1ST ST,0,47.48256944,-122.202086110,0,8,0,0,2,4,1,0,1,1,0,1,0,0000000,15,58,16,4,99,99,0,0,0,1,0
53,530066,1,1,0,1,15,0,19,3,2010,6,18,0,0,5,4,GREEN MOUNTAIN RD,,100,45.98194444,-122.804608330,0,42,0,0,1,1,5,0,1,1,0,1,0,0000000,18,23,18,29,88,88,0,0,0,1,1
53,530067,2,2,0,3,33,0,20,3,2010,7,13,13,0,16,4,SE TIGER MOUNTAIN RD,241 PL SE,4,47.47453333,-122.018666670,0,12,6,0,2,3,1,0,1,1,0,1,0,0000000,13,15,13,23,88,88,0,0,0,1,0
53,530068,2,2,0,3,33,1960,21,3,2010,1,1,57,0,13,6,SW ADMIRAL WY,,0,47.58088333,-122.377491670,0,12,2,0,1,1,1,0,3,1,0,1,0,0000000,2,0,2,5,2,48,0,0,0,1,2
53,530069,2,1,0,2,61,690,22,3,2010,2,2,19,1,11,1,I-5,,1906,47.94679167,-122.198525000,0,14,0,0,1,1,2,0,2,2,0,2,0,0000000,2,19,2,30,2,51,0,0,0,1,1
53,530070,2,1,0,1,33,100,23,3,2010,3,4,28,0,2,3,SR-167,,160,47.29865833,-122.255344440,0,14,0,0,1,1,2,0,3,1,0,1,0,0000000,4,28,4,36,88,88,0,0,0,1,0
53,530071,2,2,0,2,53,1124,28,3,2010,1,2,4,1,11,1,I-5,,1222,47.11681111,-122.559636110,0,12,2,0,1,1,1,0,2,10,0,10,0,0000000,88,88,88,88,88,88,0,0,0,1,1
53,530072,1,1,0,1,77,0,26,3,2010,6,22,41,0,5,4,W WAPATO,,86,46.44752778,-120.608938890,3,1,0,0,1,1,5,0,2,1,0,1,0,0000000,22,24,22,33,88,88,0,0,0,1,1
53,530073,1,1,0,1,11,0,28,3,2010,1,3,17,0,9,8,DNR RD L-1600,,30,45.73004444,-122.301477780,0,1,0,0,1,1,1,0,2,10,0,10,0,0000000,3,22,3,59,88,88,0,0,0,1,1
53,530074,1,1,0,3,9,0,28,3,2010,1,17,0,0,9,8,FS-2870,,31,47.97854722,-123.148111110,0,42,0,0,1,1,5,0,1,2,0,2,0,0000000,17,1,17,53,19,19,0,0,0,1,0
53,530075,1,1,1,2,35,180,29,3,2010,2,19,55,0,14,3,SR-303,,0,47.60172222,-122.629255560,0,8,0,0,1,1,1,0,2,2,0,2,0,0000000,19,57,20,6,99,99,0,0,0,1,0
53,530076,1,1,0,1,75,0,29,3,2010,2,2,10,0,4,4,GARFIELD FARMINGTON,,76,47.00700556,-117.077650000,0,1,0,0,1,1,2,0,2,1,0,1,0,0000000,2,13,2,27,88,88,0,0,0,1,1
53,530077,1,1,0,4,33,1960,4,4,2010,1,4,38,0,14,6,NW 54,NW MARKET,0,47.66837778,-122.394905560,0,31,0,0,2,4,5,0,3,1,0,1,0,0000000,4,42,4,46,99,99,0,0,0,3,1
53,530078,1,1,0,1,11,2370,13,3,2010,7,14,5,0,15,6,NE 15TH AVE,NE ROSS ST,0,45.66029167,-122.656686110,0,25,0,0,3,3,5,0,1,1,0,1,0,0000000,14,6,14,10,88,88,0,0,0,1,0
53,530079,1,1,0,1,73,0,14,3,2010,1,21,57,0,14,4,PORTAL WAY,,20,48.89643611,-122.610338890,0,42,0,0,1,1,5,0,2,10,0,10,0,0000000,21,55,22,1,22,42,0,0,0,1,1
53,530080,3,3,0,4,41,0,5,4,2010,2,14,35,0,2,3,SR-6,STERNS RD,481,46.63616944,-123.036619440,0,12,6,0,2,3,1,0,1,2,0,2,0,0000000,14,37,14,46,99,99,0,0,0,1,0
53,530081,2,2,0,4,63,0,6,4,2010,3,13,45,1,2,2,US-395,,1738,47.86995556,-117.422219440,0,12,6,0,1,1,1,0,1,3,0,3,0,0000000,13,48,13,55,14,43,0,0,0,1,0
53,530082,2,2,0,2,33,2565,19,3,2010,6,8,55,0,3,6,NE 195TH ST,WOODINVILLE SNOHOMIS,0,47.76875278,-122.154236110,0,12,6,0,2,2,1,0,1,1,0,1,0,0000000,8,57,9,1,88,88,0,0,0,1,0
53,530083,2,2,0,3,77,0,8,4,2010,5,20,5,1,2,2,US-12,ALLAN RD,1908,46.71815833,-120.678944440,0,12,6,0,2,2,1,0,2,1,0,1,0,0000000,20,8,20,12,88,88,0,0,0,1,1
53,530084,1,1,0,1,57,0,10,4,2010,7,13,42,0,3,3,SR-9,,389,48.30826111,-122.216055560,0,24,0,0,1,1,4,0,1,10,0,10,0,0000000,13,41,13,43,88,88,0,0,0,1,0
53,530085,2,1,0,2,33,1960,12,4,2010,2,0,12,1,11,1,I-5,,1657,47.61480000,-122.329694440,0,20,0,1,5,1,8,1,3,1,0,1,0,0000000,0,14,0,19,88,88,0,0,0,1,1
53,530087,1,1,0,2,25,0,4,4,2010,1,15,13,0,6,4,RD 4.5 SE,,3,47.02092500,-119.115502780,0,1,0,0,1,1,2,0,1,1,0,1,0,0000000,15,19,15,27,88,88,0,0,0,1,0
53,530088,1,1,0,1,9,0,15,4,2010,5,10,3,0,3,3,SR-112,,314,48.19626111,-124.116625000,0,34,0,0,1,1,5,0,1,10,0,10,0,0000000,10,4,10,37,88,88,0,0,0,1,0
53,530089,1,1,0,3,77,0,16,4,2010,6,12,9,1,2,2,US-97,,669,46.42235833,-120.404491670,3,1,0,0,1,1,5,0,1,1,0,1,0,0000000,12,11,12,20,88,88,0,0,0,3,1
53,530090,1,1,1,1,73,740,19,4,2010,2,21,15,0,14,6,BARRETT RD,,0,48.84208333,-122.571394440,0,8,0,0,1,1,1,0,3,1,0,1,0,0000000,21,15,21,22,88,88,0,0,0,1,0
53,530091,2,2,0,2,9,1990,18,4,2010,1,9,44,1,2,2,US-101,PALO ALTO RD,2674,48.05806111,-123.051338890,0,12,6,0,2,3,1,0,1,1,0,1,0,0000000,9,44,9,50,10,32,0,0,0,1,0
53,530092,1,1,0,1,53,1620,16,4,2010,6,4,37,0,13,3,SR-162,,130,47.09556111,-122.154494440,0,24,0,0,1,1,4,0,2,10,0,10,0,0000000,4,36,4,50,88,88,0,0,0,1,1
53,530093,1,1,1,1,73,110,10,3,2010,4,22,47,0,13,3,SR-539,,9,48.79645278,-122.486002780,0,8,0,0,1,1,1,0,3,10,0,10,0,0000000,22,48,22,52,23,6,0,0,0,1,0
53,530094,1,1,1,1,33,2310,9,4,2010,6,23,5,0,13,6,E MARGINAL WAY S,,0,47.51026111,-122.292502780,0,8,0,0,1,1,1,0,3,1,0,1,0,0000000,23,5,23,10,99,99,0,0,0,1,0
53,530095,1,1,0,2,63,0,3,4,2010,7,18,35,1,1,1,I-90,,2765,47.62122222,-117.500366670,0,1,0,0,1,1,1,0,1,10,0,10,0,0000000,18,35,18,43,19,9,0,0,0,1,0
53,530096,1,1,1,2,53,1350,28,4,2010,4,20,53,0,16,6,15TH AVE,,0,47.25023056,-122.314708330,3,8,0,0,1,1,2,0,2,1,0,1,0,0000000,20,54,20,57,99,99,0,0,0,1,1
53,530097,1,1,0,4,35,0,10,4,2010,7,15,39,0,12,3,SR-3,,353,47.53773056,-122.677458330,0,25,0,0,1,1,4,0,1,1,0,1,0,0000000,15,37,15,46,16,48,0,0,0,1,0
53,530098,2,2,0,2,43,0,5,4,2010,2,7,15,1,2,2,US-2,,2433,47.65723611,-118.344597220,0,12,1,0,1,1,1,0,1,4,0,4,0,0000000,8,2,8,25,9,20,0,0,0,1,0
53,530099,1,1,0,1,75,0,3,5,2010,2,7,40,1,2,2,US-195,,633,47.21691667,-117.356494440,0,24,0,0,1,1,4,0,1,6,0,6,0,0000000,7,53,8,1,88,88,0,0,0,1,0
53,530100,1,1,0,1,77,0,26,4,2010,2,19,33,0,5,4,JONES RD,,3,46.46230833,-120.440883330,3,1,0,0,1,1,5,0,5,1,0,1,0,0000000,19,15,19,21,99,99,0,0,0,1,1
53,530101,1,1,0,4,53,800,24,4,2010,7,0,48,0,15,4,26TH AVE NW,,2,47.27346389,-122.572852780,0,42,0,0,1,1,5,0,2,1,0,1,0,0000000,99,99,99,99,99,99,0,0,0,1,0
53,530102,1,1,0,1,33,1030,22,4,2010,5,0,24,0,16,6,144 AVE SE,,0,47.34812778,-122.149558330,0,43,0,0,1,1,5,0,2,10,0,10,0,0000000,0,27,0,32,88,88,0,0,0,1,1
53,530103,1,1,0,2,61,0,10,4,2010,7,4,19,0,5,4,OLD 99 N,,49,48.26590556,-122.269752780,0,35,0,0,1,1,5,0,2,1,0,1,0,0000000,4,19,4,22,99,99,0,0,0,1,1
53,530104,1,1,0,1,9,1700,11,4,2010,1,17,57,0,13,3,SR-117,,10,48.11625556,-123.452769440,0,1,0,0,1,1,5,0,1,1,0,1,0,0000000,17,55,17,59,18,25,0,0,0,1,1
53,530105,2,2,0,2,67,0,1,5,2010,7,17,24,1,2,2,US-12,OLD HWY 9,450,46.80478056,-123.046944440,0,12,6,0,2,3,1,0,1,1,0,1,0,0000000,17,21,17,27,18,5,0,0,0,1,0
53,530107,1,1,0,2,35,1710,6,4,2010,3,22,38,0,16,6,MCCORMICK WOODS DR,,0,47.48960833,-122.685722220,0,42,0,0,1,1,5,0,3,1,0,1,0,0000000,23,38,23,46,99,99,0,0,0,1,1
53,530108,2,2,0,2,33,1960,21,4,2010,4,8,36,0,16,6,OLSON PL SW,,0,47.51940278,-122.338622220,0,12,2,0,1,1,1,0,1,2,0,2,0,0000000,8,38,8,43,9,31,1,0,0,1,0
53,530109,2,2,0,3,51,0,30,4,2010,6,12,46,1,2,2,US-2,,3240,48.11435000,-117.216611110,0,12,2,0,1,1,1,0,1,3,0,3,0,0000000,12,49,12,51,99,99,0,0,0,1,0
53,530110,1,1,1,1,33,1960,3,5,2010,2,14,44,0,14,6,HARVARD AVE E,,0,47.62109167,-122.322141670,0,8,0,0,1,1,7,0,1,1,0,1,0,0000000,99,99,99,99,99,99,0,0,0,1,1
53,530111,2,2,0,2,61,0,8,5,2010,7,12,17,1,2,2,US-2,,157,47.85663889,-121.948005560,0,12,2,0,1,1,1,0,1,1,0,1,0,0000000,12,16,12,24,99,99,0,0,0,1,1
53,530112,1,1,0,2,67,1102,13,5,2010,5,12,30,0,16,6,VASHON DR NE,CAMANO LP NE,0,47.09160000,-122.769986110,0,42,0,0,2,3,5,0,1,1,0,1,0,0000000,12,31,12,36,13,13,0,0,0,1,0
53,530113,1,1,1,1,53,0,14,5,2010,6,9,14,0,2,3,SR-161,,247,47.14631944,-122.292938890,0,8,0,0,8,1,1,0,1,1,0,1,0,0000000,9,12,9,20,88,88,0,0,0,1,0
53,530114,1,1,0,1,29,0,20,5,2010,5,23,40,0,4,4,FAKKEMA RD,,3,48.32544167,-122.601477780,0,35,0,0,1,1,5,0,2,1,0,1,0,0000000,23,41,23,45,99,99,0,0,0,1,0
53,530115,1,1,0,2,11,0,11,4,2010,1,16,42,0,9,8,NAT WILDLIFE REFUGE,,0,45.79418889,-122.749600000,5,1,0,0,1,1,5,0,1,1,0,1,0,0000000,16,45,16,58,88,88,0,0,0,2,0
53,530116,1,1,0,1,53,2230,6,5,2010,5,1,53,1,13,1,I-705,SR-509,7,47.24326944,-122.434552780,0,33,0,1,3,1,3,0,3,10,0,10,0,0000000,1,53,1,57,88,88,0,0,0,1,1
53,530117,1,1,0,1,33,0,8,5,2010,7,23,30,0,3,3,SR-202,,143,47.62728056,-121.992188890,0,24,0,0,1,1,4,0,2,1,0,1,0,0000000,23,38,23,47,88,88,0,0,0,1,1
53,530118,2,2,0,2,57,0,13,5,2010,5,13,55,0,14,4,AVON ALLEN RD,,41,48.47814167,-122.378447220,0,12,2,0,8,1,1,0,1,1,0,1,0,0000000,13,57,14,3,14,26,0,0,0,1,0
53,530119,1,1,1,1,77,0,13,5,2010,5,15,19,0,5,4,OUTLOOK RD,,22,46.33069167,-120.057305560,0,8,0,0,1,1,1,0,1,1,0,1,0,0000000,15,16,15,24,88,88,0,0,0,1,0
53,530120,3,3,0,6,53,0,22,5,2010,7,15,37,0,2,3,SR-7,,182,46.78031389,-122.232169440,0,12,2,0,1,1,1,0,1,1,0,1,0,0000000,15,39,15,48,17,34,0,0,0,1,1
53,530121,2,2,0,2,17,0,12,5,2010,4,13,10,1,2,2,US-97,,2335,47.79562778,-119.980016670,0,12,2,0,1,1,2,0,1,1,0,1,0,0000000,99,99,99,99,99,99,0,0,0,1,0
53,530122,2,2,0,3,21,0,28,5,2010,6,17,5,0,13,4,ROAD 68,WERNETT ROAD,8,46.24883611,-119.180094440,0,12,6,0,2,2,1,0,1,2,0,2,0,0000000,17,4,17,7,99,99,0,0,0,2,1
53,530123,1,1,0,1,43,0,29,5,2010,7,2,15,0,3,3,SR-21,,986,47.85423611,-118.717488890,0,32,0,0,1,1,5,0,2,1,0,1,0,0000000,2,16,2,31,99,99,0,0,0,1,1
53,530124,1,1,0,2,73,0,4,6,2010,6,7,10,0,6,4,BENDER RD,,7,48.99255278,-122.441166670,0,32,0,0,1,1,5,0,1,1,0,1,0,0000000,17,13,17,21,99,99,0,0,0,1,1
53,530125,3,3,0,4,33,1030,5,6,2010,7,4,35,0,12,3,SR-167,,180,47.35684444,-122.244819440,0,12,7,0,1,1,1,0,4,1,0,1,0,0000000,4,39,4,46,99,99,0,0,0,1,0
53,530126,8,1,0,1,33,2310,19,5,2010,4,13,8,0,16,6,34 AVE S,S 160TH ST,0,47.45969444,-122.289033330,0,14,0,0,2,2,5,0,1,10,0,10,0,0000000,13,14,13,19,14,45,0,0,0,1,0
53,530127,1,1,1,1,33,1050,9,5,2010,1,1,26,1,11,1,I-405,,210,47.71963889,-122.188330560,0,8,0,0,1,1,1,0,3,1,0,1,0,0000000,1,44,1,46,88,88,0,0,0,1,0
53,530128,1,1,0,1,5,0,2,6,2010,4,20,0,0,3,3,SR-24,,420,46.61193611,-119.727566670,0,24,0,0,1,1,4,0,1,1,0,1,0,0000000,20,1,20,16,88,88,0,0,0,1,0
53,530129,2,2,0,2,25,0,2,6,2010,4,10,32,0,5,4,RD N NE,RD 6 NE,30,47.17442222,-119.192722220,0,12,6,0,2,3,1,0,1,2,0,2,0,0000000,10,36,10,44,88,88,0,0,0,1,0
53,530130,2,2,0,2,61,690,27,1,2010,4,17,30,0,14,6,112TH ST SE,,0,47.89626111,-122.222558330,0,12,6,0,1,1,1,0,3,1,0,1,0,0000000,17,29,17,32,18,2,0,0,0,1,0
53,530131,2,2,0,2,61,1280,19,5,2010,4,13,24,1,11,1,I-5,,2043,48.13290000,-122.185691670,0,12,1,0,1,1,1,0,1,1,0,1,0,0000000,13,24,13,35,99,99,0,0,0,1,0
53,530132,3,3,0,4,57,0,4,6,2010,6,17,30,0,3,3,SR-20,,716,48.52481944,-122.115052780,0,12,6,0,1,1,1,0,1,1,0,1,0,0000000,17,29,17,35,99,99,0,0,0,1,0
53,530133,1,1,0,1,1,0,4,6,2010,6,3,17,1,2,2,US-395,,747,46.84851111,-118.641100000,0,1,0,0,1,1,5,0,2,2,0,2,0,0000000,3,18,3,38,88,88,0,0,0,1,0
53,530134,2,2,0,4,63,0,10,6,2010,5,18,16,0,4,4,MONROE RD,HAZARD RD,47,47.86012500,-117.497750000,0,12,6,0,2,2,1,0,1,10,0,10,0,0000000,18,18,18,29,19,18,0,0,0,1,0
53,530136,1,1,0,1,53,0,5,6,2010,7,16,30,0,3,3,SR-7,,230,46.80767500,-122.295486110,0,24,0,0,1,1,4,0,1,1,0,1,0,0000000,16,32,16,44,99,99,0,0,0,1,0
53,530137,2,2,0,4,33,2310,9,6,2010,4,23,36,1,11,1,I-5,,1541,47.46383889,-122.266275000,0,12,1,0,1,1,1,0,3,10,0,10,0,0000000,22,30,22,39,99,99,0,0,0,2,2
53,530138,2,2,0,2,11,0,12,6,2010,7,13,30,0,3,3,SR-503,,167,45.89170833,-122.503216670,0,12,2,0,1,1,1,0,1,1,0,1,0,0000000,13,31,13,45,14,31,0,0,0,1,1
53,530139,1,1,0,3,27,0,5,6,2010,7,21,50,0,4,4,WYNOOCHEE VALLEY RD,,143,99.99990000,999.999900000,0,42,0,0,1,1,5,0,2,1,0,1,0,0000000,21,53,99,99,88,88,0,0,0,1,1
53,530140,1,1,0,1,59,0,8,6,2010,3,18,35,0,2,3,SR-14,,467,99.99990000,999.999900000,0,24,0,0,1,1,4,0,1,1,0,1,0,0000000,18,39,18,43,99,99,0,0,0,1,0
53,530141,1,1,0,1,33,0,10,6,2010,5,1,16,0,14,4,SW 108TH ST,,7,47.50653056,-122.345588890,0,42,0,0,1,1,5,0,3,10,0,10,0,0000000,1,17,1,22,1,59,0,0,0,1,1
53,530142,1,1,0,4,25,0,19,6,2010,7,14,55,1,1,1,I-90,,1854,47.08787500,-119.123533330,0,1,0,0,1,1,1,0,1,1,0,1,0,0000000,14,57,15,6,15,42,0,0,0,1,0
53,530143,1,1,0,4,67,0,27,6,2010,1,14,18,0,2,3,SR-8,,170,47.04086111,-123.062861110,0,42,0,0,1,1,5,0,1,10,0,10,0,0000000,14,21,14,29,15,20,0,0,0,1,0
53,530144,2,2,0,3,33,735,8,6,2010,3,16,9,0,15,6,SW 336TH ST,,0,47.30065278,-122.362938890,0,12,6,0,8,1,1,0,1,10,0,10,0,0000000,16,11,16,15,88,88,0,0,0,1,0
53,530145,2,2,0,3,33,1030,5,4,2010,2,17,24,0,12,3,SR-167,,178,47.35180556,-122.244830560,0,12,7,0,1,1,1,0,1,10,0,10,0,0000000,17,26,17,31,18,22,0,0,0,1,0
53,530146,1,1,1,1,47,0,15,6,2010,3,1,0,1,2,2,US-97,,3271,48.87357500,-119.415688890,0,8,0,0,1,1,1,0,2,1,0,1,0,0000000,1,6,1,13,1,27,0,0,0,1,1
53,530147,1,1,1,1,33,0,21,5,2010,6,23,28,0,4,4,RENTON AVE S,,18,47.49664722,-122.244872220,0,8,0,0,1,1,1,0,3,2,0,2,0,0000000,23,30,23,32,88,88,0,0,0,1,0
53,530148,2,2,0,2,5,1850,14,5,2010,6,16,37,0,16,6,WRGHT AVE,TINKLE ST,0,46.28971667,-119.297805560,0,12,6,0,2,2,1,0,1,1,0,1,0,0000000,16,38,16,40,16,53,0,0,0,1,1
53,530149,1,1,0,1,61,0,18,6,2010,6,0,10,0,5,4,HAPPY HOLLOW RD,,4,48.19092500,-122.332763890,0,42,0,0,1,1,5,0,2,10,0,10,0,0000000,0,11,0,21,88,88,0,0,0,1,1
53,530150,1,1,0,1,35,0,29,6,2010,3,20,16,0,14,4,SILVERDALE WAY NW,,44,47.69285000,-122.661966670,0,42,0,0,1,1,5,0,1,1,0,1,0,0000000,20,17,20,23,88,88,0,0,0,1,1
53,530151,1,1,1,1,33,1960,3,5,2010,2,13,42,0,16,6,E JEFFERSON ST,16TH AVE,0,47.60612222,-122.311552780,0,8,0,0,3,2,1,0,1,1,0,1,0,0000000,13,42,13,46,99,99,0,0,0,1,0
53,530152,2,2,0,3,21,0,30,6,2010,4,11,40,0,4,3,SR-260,,120,46.63417500,-118.761519440,0,12,2,0,1,1,1,0,1,1,0,1,0,0000000,11,46,11,57,12,51,0,0,0,1,0