STATE,ST_CASE,VE_TOTAL,VE_FORMS,PEDS,PERSONS,COUNTY,CITY,DAY,MONTH,YEAR,DAY_WEEK,HOUR,MINUTE,NHS,ROAD_FNC,ROUTE,TWAY_ID,TWAY_ID2,MILEPT,LATITUDE,LONGITUD,SP_JUR,HARM_EV,MAN_COLL,RELJCT1,RELJCT2,TYP_INT,REL_ROAD,WRK_ZONE,LGT_COND,WEATHER1,WEATHER2,WEATHER,SCH_BUS,RAIL,NOT_HOUR,NOT_MIN,ARR_HOUR,ARR_MIN,HOSP_HR,HOSP_MN,CF1,CF2,CF3,FATALS,DRUNK_DR
53,530153,1,1,0,3,33,1960,30,5,2010,1,1,31,0,13,6,24TH AVE NE,,0,47.70897500,-122.303463890,0,42,0,0,1,1,5,0,3,1,0,1,0,0000000,1,33,1,38,2,4,0,0,0,1,1
53,530154,1,1,0,2,33,1960,31,5,2010,2,7,25,0,12,3,SR-99,,335,47.63540833,-122.343577780,0,33,0,0,1,1,5,0,1,2,0,2,0,0000000,7,27,7,31,7,56,0,0,0,1,0
53,530155,2,2,0,2,23,0,17,6,2010,5,15,50,1,2,2,US-12,SR-127,3908,46.52478056,-117.821727780,0,12,6,0,2,3,1,0,1,1,0,1,0,0000000,15,52,16,7,88,88,0,0,0,1,0
53,530156,2,2,0,5,5,0,18,6,2010,6,16,45,0,3,3,SR-240,,157,46.43525556,-119.484902780,0,12,2,0,1,1,1,0,1,1,0,1,0,0000000,16,46,17,0,17,41,0,0,0,1,0
53,530157,1,1,0,1,41,0,2,7,2010,6,3,42,0,2,3,SR-6,,479,46.63467500,-123.038463890,0,42,0,0,1,1,5,0,6,10,0,10,0,0000000,3,42,3,56,88,88,0,0,0,1,0
53,530158,1,1,0,1,63,0,10,6,2010,5,16,36,0,5,4,W WILD ROSE RD,,45,47.87436111,-117.438269440,0,42,0,0,1,1,5,0,1,2,0,2,0,0000000,16,37,16,45,88,88,0,0,0,1,1
53,530159,2,2,0,2,9,0,18,6,2010,6,9,47,0,4,4,OLD OLYMPIC HWY,,86,48.10233056,-123.128350000,0,12,2,0,1,1,1,0,1,1,0,1,0,0000000,9,40,9,43,99,99,0,0,0,1,0
53,530160,1,1,0,1,39,0,4,7,2010,1,21,0,0,4,3,SR-14,,1458,45.82353611,-119.995808330,0,1,0,0,1,1,4,0,5,1,0,1,0,0000000,99,99,99,99,88,88,0,0,0,1,1
53,530161,1,1,0,1,47,0,18,6,2010,6,13,49,0,3,3,SR-155,,447,48.16713056,-118.983091670,3,24,0,0,1,1,4,0,1,1,0,1,0,0000000,13,48,13,51,14,12,0,0,0,1,0
53,530162,1,1,0,1,53,2230,23,6,2010,4,21,7,1,11,1,I-705,,12,47.24722222,-122.435288890,0,25,0,1,5,1,4,0,1,1,0,1,0,0000000,21,7,21,13,21,26,0,0,0,1,1
53,530163,1,1,0,2,25,0,19,6,2010,7,18,50,0,2,3,SR-281,SR-281 SPUR,27,47.11909722,-119.853547220,0,34,0,0,3,3,5,0,1,1,0,1,0,0000000,18,58,19,5,99,99,0,0,0,2,0
53,530164,1,1,0,1,53,0,29,1,2010,6,11,15,0,14,4,14TH AVE NW,,12,47.29621389,-122.558327780,0,59,0,0,1,1,4,0,1,10,0,10,0,0000000,11,13,11,20,12,13,0,0,0,1,0
53,530165,2,1,0,1,53,2230,6,3,2010,7,19,15,0,99,4,53RD CT E,201ST ST CT E,99999,47.07338056,-122.358663890,0,14,0,0,2,8,5,0,3,1,0,1,0,0000000,19,20,19,28,19,58,0,0,0,1,0
53,530166,1,1,0,2,39,0,29,4,2010,5,8,39,0,6,4,HWY 14,,1369,99.99990000,999.999900000,0,10,0,0,6,1,1,0,1,6,0,6,0,9999999,8,40,9,7,10,14,0,0,0,1,0
53,530167,1,1,0,2,55,0,31,5,2010,2,18,30,0,6,4,CATTLE POINT RD,,22,48.50850278,-123.036241670,0,1,0,0,1,1,5,0,1,1,0,1,0,0000000,18,34,18,36,99,99,0,0,0,1,1
53,530168,1,1,0,1,53,0,31,5,2010,2,23,44,0,3,3,SR-165,,197,47.14066389,-122.053127780,0,42,0,0,1,1,5,0,2,1,0,1,0,0000000,23,51,0,3,99,99,0,0,0,1,1
53,530169,1,1,0,1,73,0,14,6,2010,2,22,15,0,4,4,BIRCHBAY LYNDEN,,92,48.93527778,-122.546225000,0,38,0,0,1,1,5,0,2,1,0,1,0,0000000,22,14,22,20,88,88,0,0,0,1,1
53,530170,1,1,0,1,15,0,17,6,2010,5,16,35,0,3,3,SR-503,,362,46.04905833,-122.305502780,0,30,0,0,1,1,5,0,1,1,0,1,0,0000000,16,15,16,21,99,99,0,0,0,1,1
53,530171,1,1,1,1,53,1124,7,3,2010,1,18,49,0,5,6,STEILLACOOM BLVD SW,WOODBOURNE RD S,0,47.17685556,-122.530216670,0,8,0,0,2,2,1,0,3,2,0,2,0,0000000,18,58,18,59,19,28,0,0,0,1,0
53,530172,3,3,0,3,35,0,23,6,2010,4,9,38,0,12,3,SR-3,,350,47.52763333,-122.699819440,0,12,2,0,1,1,1,0,1,1,0,1,0,0000000,9,39,9,51,10,32,0,0,0,1,0
53,530173,2,2,0,3,63,2110,26,6,2010,7,2,5,0,13,6,LINCOLN ST,3RD AVE,0,47.65340000,-117.424986110,0,12,6,0,2,2,1,0,3,1,0,1,0,0000000,2,6,2,11,88,88,0,0,0,1,1
53,530174,1,1,1,2,63,330,27,6,2010,1,22,45,0,13,3,SR-904,,116,47.49340000,-117.567991670,0,8,0,0,1,1,1,0,3,1,0,1,0,0000000,22,39,22,42,99,99,0,0,0,1,0
53,530175,2,2,0,2,73,0,30,6,2010,4,15,55,0,4,4,SMITH RD,ALDRICH RD,25,48.83305833,-122.485972220,0,12,1,0,2,2,1,0,1,1,0,1,0,0000000,15,58,16,0,16,33,0,0,0,1,0
53,530176,1,1,0,1,63,0,11,4,2010,1,3,10,0,14,4,GEIGER BLVD,,29,47.61388889,-117.514700000,0,59,0,0,1,1,4,0,2,1,0,1,0,0000000,3,15,3,29,88,88,0,0,0,1,1
53,530177,3,3,0,4,11,0,3,7,2010,7,23,48,0,4,4,NW LA CENTER RD,,4,45.86021944,-122.672138890,0,12,2,0,1,1,1,0,2,1,0,1,0,0000000,23,51,23,56,99,99,0,0,0,2,2
53,530178,1,1,0,3,41,0,3,7,2010,7,7,15,0,4,3,SR-505,,120,46.43512222,-122.723916670,0,42,0,0,1,1,5,0,1,1,0,1,0,0000000,7,18,7,33,99,99,0,0,0,1,0
53,530179,2,2,0,2,53,800,4,7,2010,1,12,35,0,14,4,40TH ST NW,80TH AVE NW,13,47.29355278,-122.645230560,0,12,1,0,3,3,1,0,1,1,0,1,0,0000000,12,37,12,42,13,21,0,0,0,1,0
53,530180,1,1,0,1,61,0,5,7,2010,2,3,12,0,2,3,SR-529,,50,48.02529444,-122.184705560,0,24,0,0,1,1,4,0,2,10,0,10,0,0000000,3,10,3,16,88,88,0,0,0,1,1
53,530181,1,1,0,1,59,0,6,7,2010,3,20,35,0,6,4,KUEFFLER RD,,9,45.63602222,-122.027550000,0,11,0,0,1,1,1,0,1,1,0,1,0,0000000,20,42,20,58,88,88,0,0,0,1,0
53,530182,1,1,0,1,77,0,17,6,2010,5,11,0,0,4,3,SR-821,,20,46.70448333,-120.472963890,0,39,0,0,1,1,5,0,1,1,0,1,0,0000000,11,3,11,8,99,99,0,0,0,1,0
53,530183,1,1,0,2,45,0,23,6,2010,4,18,5,1,2,2,US-101,,3543,47.13942500,-123.094683330,0,42,0,0,1,1,5,0,1,1,0,1,0,0000000,18,6,18,21,99,99,0,0,0,1,0
53,530184,1,1,0,5,33,0,29,6,2010,3,6,47,1,1,1,I-90,,343,47.46538056,-121.716133330,0,24,0,0,1,1,3,0,1,1,0,1,0,0000000,6,50,7,3,99,99,0,0,0,2,0
53,530185,1,1,0,3,1,0,5,7,2010,2,16,34,0,5,4,HATTON RD,,32,46.76727778,-119.201811110,0,35,0,0,1,1,4,0,1,1,0,1,0,0000000,16,35,16,42,99,99,0,0,0,1,0
53,530186,3,3,0,3,1,0,7,7,2010,4,14,16,0,2,3,SR-17,,223,46.74009722,-119.089563890,0,12,2,0,1,1,1,0,1,1,0,1,0,0000000,14,18,14,28,99,99,0,0,0,1,0
53,530187,1,1,0,1,45,0,7,7,2010,4,21,49,0,6,4,PHILLIPS LAKE RD,,1,47.26844167,-122.947569440,0,34,0,0,1,1,5,0,2,1,0,1,0,0000000,21,49,22,4,99,99,0,0,0,1,1
53,530188,3,3,0,8,67,0,8,7,2010,5,18,57,0,14,4,MERIDAN RD SE,MULLEN RD SE,30,47.00292500,-122.738572220,0,12,6,0,2,2,1,0,1,1,0,1,0,0000000,18,58,19,2,20,0,0,0,0,1,0
53,530189,1,1,0,1,27,0,10,7,2010,7,17,20,0,99,4,3000 LINE,,99999,99.99990000,999.999900000,0,34,0,0,1,1,5,0,1,1,0,1,0,0000000,17,34,18,12,88,88,0,0,0,1,1
53,530190,2,2,0,2,77,0,10,7,2010,7,13,14,0,4,3,SR-410,,935,99.99990000,999.999900000,0,12,1,0,1,1,1,0,1,1,0,1,0,0000000,13,14,14,26,88,88,0,0,0,1,1
53,530191,1,1,0,1,77,0,10,7,2010,7,14,38,1,1,1,I-82,,560,46.37142222,-120.215536110,0,1,0,0,1,1,5,0,1,1,0,1,0,0000000,14,44,14,55,99,99,0,0,0,1,0
53,530192,1,1,0,1,61,0,10,7,2010,7,19,57,0,16,4,ENGEBRETSEN RD,,18,48.09439167,-121.990000000,0,30,0,0,1,1,5,0,1,1,0,1,0,0000000,19,57,20,6,88,88,0,0,0,1,1
53,530193,1,1,0,1,9,0,13,7,2010,3,0,21,1,2,2,US-101,W SEQIUM BAY RD,2685,48.04727500,-123.035911110,0,43,0,0,2,4,5,0,2,1,0,1,0,0000000,0,23,0,31,99,99,0,0,0,1,1
53,530194,2,2,0,2,33,1030,14,7,2010,4,17,30,0,13,6,68 AVE S,,0,47.35359444,-122.249508330,0,12,6,0,1,1,1,0,1,1,0,1,0,0000000,17,34,17,39,88,88,0,0,0,1,0
53,530195,1,1,0,3,25,0,15,7,2010,5,16,18,0,3,3,SR-28,,594,47.41821389,-119.356777780,0,1,0,0,1,1,5,0,1,1,0,1,0,0000000,16,16,16,45,99,99,0,0,0,3,0
53,530196,2,2,0,3,63,0,16,7,2010,6,22,41,0,14,4,N WANDERMERE RD,E GLENCREST DR,14,47.79733056,-117.405697220,0,12,2,0,2,3,1,0,3,1,0,1,0,0000000,22,43,22,49,88,88,0,0,0,1,1
53,530197,2,2,0,4,77,0,19,7,2010,2,18,44,0,4,4,LARUE RD,S OLDEN RD,36,46.36058333,-120.375802780,3,12,6,0,2,2,1,0,1,1,0,1,0,0000000,18,41,18,49,99,99,0,0,0,2,0
53,530198,2,2,0,2,33,0,19,7,2010,2,16,58,0,3,4,PRESTON FALL CITY RD,,22,47.54068611,-121.908975000,0,12,2,0,1,1,1,0,1,1,0,1,0,0000000,17,1,17,5,99,99,0,0,0,1,0
53,530199,1,1,0,3,25,0,23,7,2010,6,15,33,0,9,8,STEAMBOAT ROCK RD,,20,47.83084722,-119.138361110,0,1,0,0,1,1,5,0,1,1,0,1,0,0000000,15,38,15,50,16,7,0,0,0,1,1
53,530200,2,2,0,6,11,0,29,7,2010,5,14,29,0,4,4,NE 72ND AVE,NE 259TH ST,103,45.80858056,-122.599502780,0,12,6,0,2,3,1,0,1,1,0,1,0,0000000,14,32,14,36,99,99,0,0,0,1,0
53,530201,2,2,0,2,5,0,30,7,2010,6,22,45,0,3,3,SR-224,,65,46.30196111,-119.372288890,0,12,2,0,1,1,1,0,2,10,0,10,0,0000000,22,46,22,53,99,99,0,0,0,1,1
53,530202,3,3,0,9,33,0,31,7,2010,7,2,43,1,11,1,I-5,,1650,47.62818611,-122.327652780,0,12,7,0,1,1,1,0,3,1,0,1,0,0000000,2,44,2,48,99,99,0,0,0,2,2
53,530203,2,2,0,2,11,0,31,7,2010,7,8,12,0,2,3,SR-502,,53,45.78005000,-122.594505560,0,12,2,0,1,1,1,0,1,10,0,10,0,0000000,8,10,8,15,99,99,0,0,0,1,1
53,530204,2,2,0,4,57,0,1,8,2010,1,14,12,0,5,3,SR-20,,714,48.52565833,-122.119838890,0,12,2,0,1,1,1,0,1,1,0,1,0,0000000,14,18,14,20,88,88,0,0,0,1,0
53,530205,1,1,0,1,67,0,7,8,2010,7,6,31,0,14,4,MARVIN RD SE,WALTHEW ST E,16,47.02157778,-122.764808330,0,42,0,0,2,3,5,0,2,10,0,10,0,0000000,6,30,6,36,88,88,0,0,0,1,1
53,530206,1,1,0,2,47,0,26,7,2010,2,21,6,0,4,4,OLD HWY 97,,127,48.26659722,-119.734261110,0,17,0,0,1,1,5,0,2,1,0,1,0,0000000,21,8,21,14,21,45,0,0,0,1,1
53,530207,4,4,0,7,61,2030,9,7,2010,6,11,27,1,12,2,US-2,,46,47.93481944,-122.102780560,0,12,8,0,1,1,1,0,1,1,0,1,0,0000000,11,28,11,42,99,99,0,0,0,1,0
53,530208,1,1,0,1,11,2370,31,5,2010,2,20,45,0,13,6,C ST,,0,45.62612500,-122.669488890,0,33,0,0,1,1,4,0,3,1,0,1,0,0000000,20,46,20,52,88,88,0,0,0,1,0
53,530209,1,1,0,2,75,0,25,7,2010,1,4,15,0,4,3,SR-193,,13,46.42342222,-117.083100000,0,35,0,0,1,1,5,0,2,1,0,1,0,0000000,4,32,4,52,99,99,0,0,0,1,1
53,530210,2,2,0,3,53,2230,26,7,2010,2,19,5,0,12,3,SR-99,PORTER WAY,57,47.25086389,-122.335380560,3,12,6,0,2,2,1,0,1,1,0,1,0,0000000,18,46,18,51,19,16,20,0,0,1,0
53,530211,1,1,0,1,77,0,27,7,2010,3,11,0,1,2,2,US-97,,420,46.15325833,-120.509505560,3,1,0,0,1,1,5,0,1,1,0,1,0,0000000,11,2,11,21,88,88,0,0,0,1,1
53,530212,2,2,0,2,47,0,31,7,2010,7,17,45,0,3,3,SR-20,,1957,48.47024722,-120.176525000,0,12,2,0,1,1,1,0,1,2,0,2,0,0000000,17,48,17,51,99,99,0,0,0,1,1
53,530213,2,2,0,3,65,0,7,8,2010,7,9,50,0,3,3,SR-25,,364,48.05322778,-118.223125000,0,12,8,0,1,1,1,0,1,1,0,1,0,0000000,9,58,10,40,88,88,0,0,0,1,0
53,530214,2,2,0,5,53,2230,7,8,2010,7,1,20,0,13,4,224TH ST E,46TH AVE E,14,47.05290278,-122.368683330,0,12,6,0,2,2,1,0,3,10,0,10,0,0000000,1,29,1,34,2,23,0,0,0,1,1
53,530215,2,2,0,3,53,0,8,8,2010,1,20,48,0,14,4,GOLDEN GIVEN RD E,97TH ST E,24,47.16935278,-122.415547220,0,12,6,0,2,3,1,0,2,1,0,1,0,0000000,20,59,21,3,88,88,0,0,0,2,0
53,530216,2,2,0,2,57,0,17,8,2010,3,14,24,0,3,3,SR-20,,740,48.52908333,-122.059994440,0,12,6,0,1,1,1,0,1,1,0,1,0,0000000,14,21,14,37,88,88,0,0,0,1,0
53,530217,2,2,0,5,57,0,26,7,2010,2,16,0,0,3,3,SR-536,,10,48.44265278,-122.412458330,0,12,2,0,1,1,1,0,1,1,0,1,0,0000000,16,0,16,3,88,88,0,0,0,1,0
53,530218,1,1,0,1,25,0,26,6,2010,7,20,30,0,9,8,RASOR FARMS RD,,0,99.99990000,999.999900000,0,34,0,0,1,1,5,0,2,1,0,1,0,0000000,22,4,22,21,88,88,0,0,0,1,1
53,530219,2,2,0,2,11,0,15,8,2010,1,19,49,0,4,3,SR-503,433RD ST,255,45.93422222,-122.379638890,0,12,6,0,2,3,1,0,2,1,0,1,0,0000000,19,47,19,59,88,88,0,0,0,1,1
53,530220,1,1,0,1,39,2500,9,7,2010,6,1,20,0,15,3,SR-141,,12,45.72594167,-121.480572220,0,42,0,0,1,1,5,0,3,1,0,1,0,0000000,1,20,1,23,1,35,0,0,0,1,1
53,530221,3,3,0,4,77,2590,20,6,2010,1,14,51,0,14,6,CHERRY AVE,N 16TH AVE,0,46.60705000,-120.530491670,0,12,6,0,2,2,1,0,1,1,0,1,0,0000000,14,59,15,4,88,88,20,0,0,2,0
53,530222,1,1,1,1,11,2370,4,8,2010,4,19,12,1,11,1,I-5,,30,45.65933333,-122.666086110,0,8,0,1,5,1,2,0,1,1,0,1,0,0000000,19,10,19,16,88,88,0,0,0,1,0
53,530223,1,1,0,2,77,0,8,8,2010,1,3,8,0,6,4,YOST RD,,24,46.34577222,-120.372091670,0,35,0,0,1,1,5,0,2,1,0,1,0,0000000,3,8,3,28,4,18,0,0,0,1,1
53,530224,1,1,0,2,15,0,9,8,2010,2,15,38,0,6,4,WILLOW GROVE RD,,73,46.17222222,-123.056425000,0,35,0,0,1,1,5,0,1,1,0,1,0,0000000,15,38,15,52,88,88,0,0,0,1,0
53,530225,2,2,0,4,67,0,12,8,2010,5,2,12,0,4,4,NISQUALLY CUT-OFF RD,,13,47.06724167,-122.707844440,0,12,2,0,1,1,1,0,2,1,0,1,0,0000000,2,11,2,26,3,30,0,0,0,1,1
53,530226,1,1,0,3,25,0,14,8,2010,7,23,6,1,1,1,I-90,,1666,47.10410278,-119.498544440,0,1,0,0,1,1,5,0,2,1,0,1,0,0000000,23,12,23,29,0,3,0,0,0,1,0
53,530227,1,1,0,6,33,0,9,8,2010,2,15,51,1,1,1,I-90,,455,47.39660556,-121.510322220,0,1,0,0,1,1,5,0,1,10,0,10,0,0000000,15,52,16,10,99,99,0,0,0,2,0
53,530228,1,1,0,1,41,0,14,8,2010,7,12,20,0,3,3,SR-505,,74,46.43739722,-122.832769440,0,42,0,0,1,1,5,0,1,1,0,1,0,0000000,12,20,12,23,88,88,0,0,0,1,1
53,530229,1,1,0,2,1,0,15,8,2010,1,2,4,1,1,1,I-90,,2320,47.18051667,-118.274130560,0,1,0,0,1,1,3,0,2,1,0,1,0,0000000,2,7,2,17,2,45,0,0,0,1,1
53,530230,1,1,0,1,53,0,15,8,2010,1,2,17,0,3,3,SR-7,,2,46.88723889,-122.351366670,0,42,0,0,1,1,5,0,2,1,0,1,0,0000000,2,22,2,31,88,88,0,0,0,1,1
53,530231,1,1,0,1,73,0,15,8,2010,1,7,0,0,4,4,BIRCH BAY LYNDEN RD,,29,48.93532778,-122.684669440,0,30,0,0,1,1,5,0,1,1,0,1,0,0000000,7,9,7,15,88,88,0,0,0,1,0
53,530232,2,2,0,3,37,0,18,8,2010,4,15,6,1,1,1,I-90,,1090,46.97231389,-120.532383330,0,12,6,0,1,1,1,0,1,1,0,1,0,0000000,15,6,15,11,15,54,0,0,0,1,0
53,530233,1,1,1,1,25,2050,19,8,2010,5,13,57,0,3,3,SR-28,GRANT ST,521,47.37234444,-119.494686110,0,9,0,0,2,2,1,0,1,1,0,1,0,0000000,13,58,14,1,99,99,0,0,0,1,0
53,530234,1,1,0,1,53,2230,24,8,2010,3,19,7,0,13,6,S 38TH ST,,0,47.22309167,-122.461380560,0,30,0,0,1,1,5,0,1,1,0,1,0,0000000,19,7,19,11,88,88,0,0,0,1,0
53,530235,2,2,0,2,63,0,19,8,2010,5,16,36,1,2,2,US-395,,1733,47.86250000,-117.422047220,0,12,6,0,1,1,1,0,1,1,0,1,0,0000000,16,38,16,43,88,88,0,0,0,1,0
53,530236,1,1,0,3,25,0,6,8,2010,6,18,50,0,3,3,SR-28,,668,47.42849444,-119.199341670,0,17,0,0,1,1,5,0,1,1,0,1,0,0000000,18,53,19,9,20,8,0,0,0,2,0
53,530237,2,2,0,3,63,0,28,8,2010,7,12,10,1,2,2,US-2,,3069,47.92347500,-117.350163890,0,12,2,0,1,1,1,0,1,1,0,1,0,0000000,12,15,12,20,99,99,0,0,0,1,0
53,530238,1,1,0,1,37,0,28,8,2010,7,6,40,1,1,1,I-90,,528,47.42593889,-121.413538890,0,35,0,1,5,1,5,0,9,1,0,1,0,0000000,6,46,7,3,88,88,0,0,0,1,1
53,530239,1,1,0,1,27,0,30,7,2010,6,16,39,1,2,2,US-101,MOCLIPS RD,1201,47.37225000,-123.902627780,0,1,0,0,2,3,1,0,1,1,0,1,0,0000000,16,37,16,48,99,99,0,0,0,1,0
53,530240,1,1,0,2,75,0,20,6,2010,1,5,17,0,4,4,WINONA SOUTH RD,,79,46.84592778,-117.859997220,0,1,0,0,1,1,5,0,1,10,0,10,0,0000000,5,20,5,30,88,88,0,0,0,2,1
53,530241,1,1,0,1,67,0,21,8,2010,7,3,46,0,14,4,MARVIN RD,,9,47.02121389,-122.764150000,0,30,0,0,1,1,5,0,3,1,0,1,0,0000000,3,43,3,51,88,88,0,0,0,1,1
53,530242,1,1,0,1,61,690,31,7,2010,7,22,46,0,3,3,SR-527,,95,47.88940000,-122.206636110,0,38,0,0,1,1,5,0,3,1,0,1,0,0000000,99,99,99,99,88,88,0,0,0,1,0
53,530243,4,1,1,1,61,0,27,8,2010,6,21,31,0,3,3,SR-99,,511,47.87454722,-122.272222220,0,14,0,0,1,1,2,0,2,1,0,1,0,0000000,21,28,21,33,88,88,0,0,0,1,1
53,530244,2,2,0,3,11,0,23,7,2010,6,21,29,0,14,4,NE 182ND AVE,NE 139TH AVE,43,45.72266111,-122.486830560,0,12,2,1,2,3,1,0,2,1,0,1,0,0000000,21,30,21,33,88,88,0,0,0,1,1
53,530245,2,2,0,5,33,0,18,6,2010,6,15,3,0,3,3,SR-164,196TH AVE SE,102,47.21064167,-122.080175000,0,12,6,0,2,2,1,0,1,10,0,10,0,0000000,15,4,15,12,99,99,0,0,0,2,0
53,530246,1,1,1,1,53,2230,5,7,2010,2,15,15,0,14,6,6TH AVE,,0,47.25756389,-122.446402780,0,8,0,0,1,1,1,0,1,1,0,1,0,0000000,15,18,15,20,99,99,0,0,0,1,0
53,530247,1,1,1,1,15,1190,24,7,2010,7,16,41,0,14,3,SR-4,,580,46.15296111,-122.978466670,0,9,0,0,1,1,1,0,1,1,0,1,0,0000000,16,42,16,45,16,53,0,0,0,1,0
53,530248,3,3,0,4,61,1215,30,7,2010,6,15,31,0,13,3,SR-99,,482,47.83712222,-122.301291670,0,12,6,0,8,1,1,0,1,1,0,1,0,0000000,15,32,15,37,16,29,0,0,0,1,0
53,530249,2,2,0,3,31,0,17,8,2010,3,14,27,0,2,3,SR-104,,117,47.86925000,-122.683061110,0,12,2,0,1,1,1,0,1,1,0,1,0,0000000,99,99,99,99,99,99,0,0,0,1,0
53,530250,3,3,0,4,33,1030,24,8,2010,3,20,45,0,14,3,SR-515,SE 208TH ST,31,47.41581667,-122.197052780,0,12,6,0,2,2,1,0,5,1,0,1,0,0000000,20,46,20,51,88,88,0,0,0,2,0
53,530251,2,2,0,2,61,0,26,8,2010,5,14,41,0,14,4,67 AVE NE,,30,48.13468889,-122.141125000,0,12,2,0,1,1,1,0,1,1,0,1,0,0000000,14,41,14,50,15,30,0,0,0,1,0
53,530252,2,2,0,3,9,0,28,8,2010,7,14,18,1,2,2,US-101,SR-112,2426,48.09750000,-123.539852780,0,12,6,0,2,3,1,0,1,1,0,1,0,0000000,14,23,14,31,88,88,0,0,0,1,0
53,530253,1,1,0,2,37,0,29,8,2010,1,13,11,1,1,1,I-90,,530,47.42373333,-121.410683330,0,34,0,0,1,1,5,0,1,10,0,10,0,0000000,13,11,13,19,99,99,0,0,0,1,0
53,530254,1,1,1,1,67,1590,24,3,2010,4,21,2,0,13,6,MARTIN WAY E,,0,47.04651389,-122.853713890,0,8,0,0,1,1,1,0,3,1,0,1,0,0000000,21,4,21,9,88,88,0,0,0,1,0
53,530255,1,1,0,1,67,1590,24,8,2010,3,1,35,0,14,6,EASTSIDE ST SE,,0,47.02978333,-122.885813890,0,42,0,0,1,1,5,0,3,1,0,1,0,0000000,1,40,1,44,88,88,0,0,0,1,1
53,530256,1,1,0,3,63,2113,29,8,2010,1,5,19,0,16,4,44TH RD,EASTERN RD,0,47.61336667,-117.317311110,0,42,0,0,2,9,5,0,6,1,0,1,0,0000000,5,23,5,32,88,88,0,0,0,3,1
53,530257,2,2,0,3,75,0,16,7,2010,6,14,48,0,4,4,PULLMAN ALBION RD,,44,46.76053333,-117.184425000,0,12,6,0,8,1,1,0,1,1,0,1,0,0000000,14,48,14,55,15,24,0,0,0,2,0
53,530258,1,1,0,2,41,0,22,7,2010,5,15,0,1,2,2,US-12,,828,46.52997778,-122.554613890,0,34,0,0,1,1,5,0,1,1,0,1,0,0000000,15,4,15,21,99,99,0,0,0,1,0
53,530259,1,1,1,1,61,0,25,7,2010,1,0,35,0,13,4,128TH SW,,7,47.88186111,-122.249669440,0,8,0,0,1,1,1,0,3,1,0,1,0,0000000,0,36,0,41,88,88,0,0,0,1,0
53,530260,1,1,0,1,33,735,29,8,2010,1,22,45,0,14,6,S 356TH,,0,47.28302500,-122.316686110,0,38,0,0,1,1,5,0,3,1,0,1,0,0000000,22,53,22,58,88,88,0,0,0,1,1
53,530261,2,2,0,2,25,0,26,9,2010,1,5,15,0,2,3,SR-24,,566,46.73774167,-119.536013890,0,12,2,0,1,1,1,0,2,1,0,1,0,0000000,5,24,5,35,88,88,0,0,0,1,1
53,530262,1,1,1,2,71,2390,29,8,2010,1,0,16,0,13,6,W ROSE ST,,0,46.06133611,-118.356441670,0,43,0,0,1,1,5,0,3,1,0,1,0,0000000,0,16,0,20,99,99,0,0,0,1,1
53,530263,1,1,0,2,35,0,31,8,2010,3,21,24,0,15,4,PROVOST DR NW,,21,47.64678611,-122.707800000,0,1,0,0,1,1,5,0,2,1,0,1,0,0000000,21,15,21,32,88,88,0,0,0,1,1
53,530264,2,2,0,2,47,0,1,9,2010,4,14,15,0,3,3,SR-20,,2159,48.38455833,-119.829038890,0,24,0,0,1,1,5,0,1,1,0,1,0,0000000,14,19,14,35,88,88,0,0,0,1,0
53,530265,1,1,0,1,71,0,6,9,2010,2,13,27,0,5,4,MONUMENT DR,,21,46.23891667,-118.882736110,0,17,0,0,1,1,5,0,1,1,0,1,0,0000000,13,31,13,42,14,5,0,0,0,1,0
53,530266,2,2,0,4,33,1500,3,9,2010,6,12,35,0,14,3,SR-202,SW MT SI BLVD,305,47.48942222,-121.794786110,0,12,6,0,2,3,1,0,1,1,0,1,0,0000000,12,35,12,40,99,99,0,0,0,1,0
53,530267,1,1,0,1,33,1960,10,9,2010,6,20,27,0,14,3,SR-99,,273,47.54854167,-122.334447220,0,33,0,0,5,1,4,0,3,10,0,10,0,0000000,20,29,20,32,88,88,0,0,0,1,1
53,530268,2,2,0,3,33,1958,10,9,2010,6,14,19,1,11,1,I-5,,1518,47.43017778,-122.273025000,0,12,1,0,1,1,1,0,1,1,0,1,0,0000000,14,19,14,25,15,1,0,0,0,1,0
53,530269,1,1,1,3,33,0,12,9,2010,1,2,13,0,5,4,228 AVE SE,,5,47.20296667,-122.037505560,0,9,0,0,1,1,1,0,2,1,0,1,0,0000000,2,16,2,24,88,88,0,0,0,1,1
53,530270,2,2,0,2,33,0,14,9,2010,3,17,1,0,13,4,S 272,46 AVE S,16,47.35766389,-122.275986110,0,12,6,0,2,3,1,0,1,1,0,1,0,0000000,16,58,17,2,88,88,0,0,0,1,0
53,530271,2,2,0,2,29,0,17,9,2010,6,5,31,0,2,3,SR-20,,267,48.23982222,-122.715116670,0,12,2,0,1,1,1,0,2,5,0,5,0,0000000,5,31,5,38,99,99,0,0,0,1,0
53,530272,4,4,0,6,77,2590,17,9,2010,6,10,35,1,12,2,US-12,,2022,46.62601111,-120.513122220,0,12,1,0,1,1,1,0,1,1,0,1,0,0000000,10,35,10,45,99,99,0,0,0,1,0
53,530273,1,1,0,1,67,2320,23,9,2010,5,17,0,1,11,1,I-5,,1000,46.97958889,-122.927841670,0,42,0,0,1,1,5,0,1,10,0,10,0,0000000,16,58,17,8,88,88,0,0,0,1,0