STATE,ST_CASE,VE_TOTAL,VE_FORMS,PEDS,PERSONS,COUNTY,CITY,DAY,MONTH,YEAR,DAY_WEEK,HOUR,MINUTE,NHS,ROAD_FNC,ROUTE,TWAY_ID,TWAY_ID2,MILEPT,LATITUDE,LONGITUD,SP_JUR,HARM_EV,MAN_COLL,RELJCT1,RELJCT2,TYP_INT,REL_ROAD,WRK_ZONE,LGT_COND,WEATHER1,WEATHER2,WEATHER,SCH_BUS,RAIL,NOT_HOUR,NOT_MIN,ARR_HOUR,ARR_MIN,HOSP_HR,HOSP_MN,CF1,CF2,CF3,FATALS,DRUNK_DR
53,530274,2,2,0,2,21,1660,24,9,2010,6,5,30,0,13,3,SR-397,,218,46.22052500,-119.103383330,0,12,2,0,1,1,1,0,3,1,0,1,0,0000000,5,34,5,39,6,13,0,0,0,1,1
53,530275,2,2,0,5,53,0,24,9,2010,6,14,33,0,14,4,120TH ST E,198TH AV E,59,47.14751667,-122.166455560,0,12,6,0,2,3,1,0,1,1,0,1,0,0000000,14,36,14,39,99,99,0,0,0,1,0
53,530276,1,1,0,4,67,0,26,9,2010,1,2,32,0,9,8,FS RD D-LINE,,99999,46.89510000,-123.152788890,0,42,0,0,1,1,5,0,2,2,0,2,0,0000000,2,26,2,59,4,18,0,0,0,1,1
53,530277,1,1,0,4,61,0,18,9,2010,7,16,7,0,6,4,MCRAE RD NE,45 RD,1,48.14307500,-122.224755560,0,30,0,0,2,4,5,0,1,1,0,1,0,0000000,16,6,16,13,16,46,0,0,0,1,1
53,530278,1,1,0,2,47,1600,19,9,2010,1,10,50,0,3,3,SR-155,,640,48.35345556,-119.194750000,3,42,0,0,1,1,5,0,1,10,0,10,0,0000000,10,43,11,1,11,43,0,0,0,1,1
53,530279,2,2,0,3,67,0,27,9,2010,2,8,5,0,3,4,OLD HWY 99,VIOLET PRAIRIE RD SE,77,46.83682778,-122.919394440,0,12,6,0,2,3,1,0,1,1,0,1,0,0000000,99,99,99,99,99,99,0,0,0,1,0
53,530280,2,2,0,6,29,0,3,9,2010,6,20,51,0,2,3,SR-20,,385,48.35813056,-122.636025000,0,12,2,0,1,1,1,0,2,1,0,1,0,0000000,99,99,99,99,99,99,0,0,0,3,0
53,530281,2,2,0,4,35,180,6,9,2010,2,4,36,0,15,6,CALLAHAN DR,,0,47.58508611,-122.618950000,0,12,6,0,1,1,1,0,3,2,0,2,0,0000000,4,46,4,52,5,13,0,0,0,1,1
53,530282,2,2,0,2,53,0,6,9,2010,2,1,59,0,16,6,STEWART RD SW,THORNTON AVE S,0,47.25007222,-122.253005560,0,12,2,0,2,2,1,0,2,1,0,1,0,0000000,2,1,2,5,2,45,0,0,0,1,1
53,530283,1,1,0,3,61,0,6,9,2010,2,2,44,1,1,1,I-5,,2028,48.17513056,-122.192816670,0,25,0,0,1,1,3,0,3,2,0,2,0,0000000,2,42,2,51,3,19,0,0,0,1,1
53,530284,1,1,0,1,45,0,10,9,2010,6,15,27,0,4,4,E AGATE RD,,54,47.21394167,-122.995697220,0,30,0,0,1,1,5,0,1,2,0,2,0,0000000,15,31,15,42,88,88,0,0,0,1,0
53,530285,1,1,0,2,67,0,11,9,2010,7,21,54,0,4,4,LITTLEROCK RD,,38,46.85288333,-123.041769440,0,42,0,0,1,1,6,0,2,10,0,10,0,0000000,21,51,21,58,23,4,0,0,0,1,1
53,530286,1,1,0,1,65,0,15,9,2010,4,17,24,0,5,4,OLD HWY NW CHEWELAH,,12,48.28571944,-117.737883330,0,17,0,0,1,1,6,0,1,1,0,1,0,0000000,17,24,17,33,88,88,0,0,0,1,1
53,530287,1,1,1,1,57,1970,18,9,2010,7,20,15,0,15,6,MINKLER RD,,0,48.50439444,-122.210466670,0,8,0,0,1,1,1,0,2,2,0,2,0,0000000,20,12,20,17,20,45,0,0,0,1,0
53,530288,1,1,0,1,63,0,4,9,2010,7,1,16,0,3,3,SR-290,,165,47.72033056,-117.076491670,0,59,0,0,1,1,5,0,3,1,0,1,0,0000000,1,16,1,25,99,99,0,0,0,1,1
53,530289,2,2,0,2,53,2230,21,8,2010,7,2,8,0,15,6,N AINSWORTH AVE,N 9TH ST,0,47.25915000,-122.465811110,0,12,6,0,2,2,1,0,3,1,0,1,0,0000000,2,9,2,14,88,88,0,0,0,1,0
53,530290,3,1,1,1,33,1960,24,9,2010,6,1,25,1,11,1,I-5,,1630,47.56913889,-122.320486110,0,14,0,1,5,1,2,0,3,10,0,10,0,0000000,1,16,1,25,88,88,0,0,0,1,1
53,530291,1,1,1,1,33,1030,25,9,2010,7,19,30,0,14,6,108 AVE SE,,0,47.41505000,-122.197108330,0,8,0,0,1,1,1,0,5,1,0,1,0,0000000,19,30,19,36,99,99,0,0,0,1,0
53,530292,2,2,0,3,77,0,27,9,2010,2,19,0,0,4,4,BETHANY RD,EAST EDISON,39,46.32399167,-119.926261110,0,12,6,0,2,2,1,0,1,1,0,1,0,0000000,18,55,19,12,99,99,0,0,0,2,0
53,530293,3,3,0,4,71,0,30,9,2010,5,15,45,0,3,3,SR-124,,40,46.21530278,-118.929813890,0,12,1,0,1,1,1,0,1,1,0,1,0,0000000,99,99,99,99,99,99,0,0,0,1,0
53,530294,2,2,2,4,73,110,30,9,2010,5,14,39,0,3,6,CORNWALL AVE,VIRGINIA ST,0,48.75903889,-122.475108330,0,12,1,0,2,3,1,0,1,1,0,1,0,0000000,14,39,14,44,16,50,0,0,0,1,0
53,530295,1,1,0,1,31,0,25,4,2010,1,8,20,0,4,4,CENTER RD,,88,99.99990000,999.999900000,0,11,0,0,1,1,1,0,1,1,0,1,0,0000000,8,25,8,37,99,99,0,0,0,1,0
53,530296,2,2,0,3,1,0,16,9,2010,5,15,41,0,4,4,BOOKER RD,,29,46.77930000,-119.048152780,0,12,6,0,8,1,1,0,1,1,0,1,0,0000000,15,44,15,55,16,14,0,0,0,1,0
53,530297,2,2,0,4,37,0,25,9,2010,7,10,25,1,1,1,I-90,,635,47.28858889,-121.282625000,0,12,1,0,1,1,1,0,1,1,0,1,0,0000000,10,30,10,47,12,12,0,0,0,1,0
53,530298,1,1,0,3,11,2370,28,9,2010,3,16,17,0,16,6,SE FRENCH RD,,0,45.60711111,-122.565311110,0,39,0,0,1,1,5,0,1,1,0,1,0,0000000,16,21,16,27,88,88,0,0,0,1,0
53,530299,1,1,0,1,17,0,1,10,2010,6,17,15,0,14,3,SR-17,,1060,47.72396667,-119.362936110,0,1,0,0,1,1,5,0,1,1,0,1,0,0000000,16,57,17,21,88,88,0,0,0,1,1
53,530300,1,1,0,1,67,0,1,10,2010,6,7,11,0,5,4,CASE RD,,7,46.82280833,-122.998380560,0,42,0,0,1,1,5,0,1,10,0,10,0,0000000,7,6,7,13,88,88,0,0,0,1,0
53,530301,1,1,1,3,33,1030,3,10,2010,1,5,25,0,14,3,SR-516,MEEKER ST,36,47.38163333,-122.231080560,0,8,0,0,3,2,1,0,2,10,0,10,0,0000000,5,23,5,30,99,99,0,0,0,1,1
53,530302,2,2,0,3,41,0,6,10,2010,4,8,25,0,4,4,LEONARD RD,GORE RD,22,46.54640556,-122.719838890,0,12,6,0,2,2,1,0,1,5,0,5,0,0000000,8,30,8,39,99,99,0,0,0,1,0
53,530303,2,2,0,6,35,0,6,10,2010,4,19,50,0,14,3,SR-303,FURNEYS LANE,30,47.61007222,-122.628822220,0,12,1,0,3,3,1,0,1,1,0,1,0,0000000,19,49,19,55,20,15,0,0,0,1,0
53,530304,2,2,0,3,53,0,6,10,2010,4,10,50,0,14,4,ORTING KAPOWSIN HWY,,130,47.03696389,-122.253113890,0,12,6,0,8,1,1,0,1,1,0,1,0,0000000,10,53,11,2,11,54,0,0,0,1,0
53,530305,1,1,0,3,67,0,19,10,2010,3,18,55,0,4,4,HAWKS PRAIRIE RD NE,,3,47.08675000,-122.808286110,0,30,0,0,1,1,5,0,2,1,0,1,0,0000000,18,53,18,58,99,99,0,0,0,1,0
53,530306,1,1,0,1,53,1770,19,10,2010,3,19,30,0,6,4,TANWAX CT E,,3,46.94680556,-122.275000000,0,1,0,0,1,1,5,0,3,1,0,1,0,0000000,19,29,19,33,88,88,0,0,0,1,1
53,530307,1,1,0,2,63,0,18,9,2010,7,1,4,0,4,4,E PALOUSE HWY,,35,47.53684722,-117.286605560,0,42,0,0,1,1,5,0,2,10,0,10,0,0000000,1,6,1,11,99,99,0,0,0,2,1
53,530308,2,2,0,2,77,2590,12,6,2010,7,5,5,0,13,6,S 16TH AVE,BELL AVE,0,46.59414167,-120.530405560,0,12,6,0,2,2,1,0,4,1,0,1,0,0000000,5,11,5,18,99,99,0,0,0,1,1
53,530309,1,1,0,1,61,0,14,10,2010,5,17,52,0,6,4,99 AVE NE,,1,48.25801389,-122.095250000,0,30,0,0,1,1,5,0,1,10,0,10,0,0000000,17,52,18,3,88,88,0,0,0,1,1
53,530310,2,2,0,4,53,1770,15,10,2010,6,14,16,0,16,6,31ST AVE SW,16TH ST SW,0,47.16215556,-122.314069440,0,12,1,0,3,3,1,0,1,1,0,1,0,0000000,14,18,14,25,15,5,0,0,0,1,0
53,530311,1,1,0,1,43,0,30,9,2010,5,10,35,1,2,2,US-2,,2171,47.74887500,-118.814991670,0,1,0,0,1,1,5,0,1,1,0,1,0,0000000,10,30,10,37,88,88,0,0,0,1,1
53,530312,1,1,1,1,33,0,16,10,2010,7,21,59,0,3,3,SR-164,,53,47.26515833,-122.143044440,0,8,0,0,1,1,1,0,3,1,0,1,0,0000000,21,59,22,5,88,88,0,0,0,1,0
53,530313,1,1,0,1,33,532,3,6,2010,5,22,0,0,14,6,S 216TH ST,,0,47.40825278,-122.324716670,0,24,0,0,1,1,4,0,3,10,0,10,0,0000000,22,20,22,25,88,88,0,0,0,1,1
53,530314,3,3,0,5,33,229,26,6,2010,7,12,45,0,13,6,SW 148TH ST,8TH AVE SW,0,47.47039722,-122.344511110,0,12,6,0,2,2,1,0,1,10,0,10,0,0000000,12,46,12,48,99,99,0,0,0,1,0
53,530315,2,2,0,2,37,0,16,10,2010,7,19,42,0,2,3,SR-970,,1614,47.33433056,-120.622266670,0,24,0,0,1,1,4,0,2,1,0,1,0,0000000,99,99,99,99,99,99,0,0,0,1,1
53,530316,1,1,0,2,11,2370,13,10,2010,4,2,6,0,13,3,SR-500,NE 54TH AVE,24,45.64775278,-122.616733330,0,30,0,0,3,2,8,0,3,1,0,1,0,0000000,2,12,2,15,88,88,0,0,0,1,0
53,530317,1,1,0,2,11,0,16,10,2010,7,20,26,0,4,4,NE CEDAR CREEK RD,,122,45.93105000,-122.512558330,0,42,0,0,1,1,5,0,3,1,0,1,0,0000000,99,99,99,99,99,99,0,0,0,1,1
53,530318,2,2,0,3,45,0,27,10,2010,4,6,27,1,2,2,US-101,HURLEY WALDRIP,3555,47.10659444,-123.095080560,0,12,1,0,3,2,1,0,3,10,0,10,1,0000000,6,27,6,33,99,99,0,0,0,1,0
53,530319,5,1,0,2,63,2110,9,10,2010,7,2,16,0,13,6,MAPLE ST,,0,47.68713056,-117.434750000,0,24,0,0,1,1,5,0,3,1,0,1,0,0000000,2,17,2,22,2,49,0,0,0,1,1
53,530320,1,1,1,1,25,0,14,10,2010,5,5,40,0,2,3,SR-17,,229,46.74413889,-119.102483330,0,8,0,0,1,1,1,0,2,1,0,1,0,0000000,5,53,5,59,88,88,0,0,0,1,0
53,530321,2,2,0,3,71,0,21,10,2010,5,9,22,1,2,2,US-12,HUMORIST RD,2965,46.19703333,-118.995258330,0,12,1,0,2,2,1,0,1,5,0,5,0,0000000,9,22,9,25,99,99,0,0,0,2,0
53,530322,5,5,1,6,33,229,18,10,2010,2,22,53,0,12,3,SR-509,,269,47.49212500,-122.325241670,0,8,0,0,1,1,1,0,3,1,0,1,0,0000000,22,56,23,1,88,88,0,0,0,1,0
53,530323,1,1,0,1,73,740,22,10,2010,6,14,9,1,11,1,I-5,,2634,48.86036667,-122.587725000,0,24,0,0,1,1,4,0,1,10,0,10,0,0000000,14,9,14,14,88,88,0,0,0,1,0
53,530324,1,1,1,3,63,2110,15,8,2010,1,17,46,0,13,6,2ND AVE,SCOTT,0,47.65443333,-117.399130560,0,9,0,0,2,2,1,0,1,1,0,1,0,0000000,17,45,17,51,18,1,0,0,0,1,0
53,530325,1,1,1,2,61,590,10,10,2010,1,1,32,0,13,3,SR-99,,454,47.80449444,-122.328172220,0,8,0,0,1,1,1,0,3,2,0,2,0,0000000,1,32,1,36,88,88,0,0,0,1,0
53,530326,1,1,1,1,61,0,23,10,2010,7,3,15,0,6,4,156 ST SW,,11,48.13756944,-122.303377780,0,8,0,0,1,1,1,0,2,10,0,10,0,0000000,3,34,3,41,88,88,0,0,0,1,0
53,530327,1,1,0,1,31,0,29,10,2010,6,16,45,1,2,2,US-101,,1449,47.53499444,-124.229880560,3,11,0,0,1,1,1,0,1,1,0,1,0,0000000,16,49,17,17,88,88,0,0,0,1,0
53,530328,1,1,0,2,17,0,25,9,2010,7,21,17,0,14,4,ROCK ISLAND RD,,31,47.38761389,-120.252058330,0,24,0,0,1,1,4,0,2,1,0,1,0,0000000,21,18,21,23,99,99,0,0,0,1,1
53,530329,2,2,0,5,33,1030,16,10,2010,7,9,44,0,14,6,108TH AVE SE,SE 208TH SE,0,47.41570278,-122.197066670,0,12,1,0,3,2,1,0,1,1,0,1,0,0000000,9,46,9,51,10,27,0,0,0,1,0
53,530330,3,3,0,3,5,1020,19,10,2010,3,16,15,1,13,2,US-395,HILDEBRAND BLVD,142,46.17757222,-119.186166670,0,12,6,0,2,2,1,0,1,1,0,1,0,0000000,16,18,16,21,16,47,0,0,0,1,1
53,530332,1,1,0,1,7,0,7,11,2010,1,7,0,0,3,3,SR-20,,1607,48.51424444,-120.686058330,0,17,0,0,1,1,5,0,4,10,0,10,0,0000000,8,47,9,20,88,88,0,0,0,1,0
53,530333,1,1,0,6,5,0,31,10,2010,1,2,20,1,1,1,I-182,,3,46.24424444,-119.366883330,0,1,0,1,5,1,5,0,2,5,0,5,0,0000000,7,16,7,22,99,99,0,0,0,3,1
53,530334,2,2,0,4,65,0,5,11,2010,6,14,0,1,2,2,US-395,,2150,48.34455556,-117.832766670,0,12,1,0,8,1,1,0,1,10,0,10,0,0000000,14,5,14,10,99,99,0,0,0,1,0
53,530335,1,1,0,1,25,0,8,11,2010,2,21,50,0,3,3,SR-243,,185,46.79900278,-119.925041670,0,1,0,0,1,1,5,0,2,1,0,1,0,0000000,22,5,22,22,88,88,0,0,0,1,1
53,530336,1,1,1,1,61,1430,29,7,2010,5,7,45,0,15,6,HARBOUR POINTE BLVD,BLUE HERRON,0,47.88641944,-122.299086110,0,8,0,0,3,3,1,0,1,10,0,10,0,0000000,7,50,7,56,88,88,0,0,0,1,0
53,530337,1,1,0,1,11,2370,17,10,2010,1,6,0,0,15,6,SE 1ST ST,,0,45.62109167,-122.512836110,0,42,0,0,1,1,5,0,4,5,0,5,0,0000000,6,2,6,7,99,99,0,0,0,1,1
53,530338,3,3,0,6,33,229,18,10,2010,2,22,53,0,12,3,SR-509,,269,47.48475833,-122.327205560,0,12,2,0,1,1,1,0,3,1,0,1,0,0000000,22,56,23,1,99,99,0,0,0,1,0
53,530339,1,1,0,1,67,0,11,11,2010,5,0,3,0,4,4,183RD AVE SW,,66,46.82189722,-123.049472220,0,53,0,0,1,1,5,0,2,5,0,5,0,0000000,23,57,0,5,88,88,0,0,0,1,1
53,530340,1,1,0,1,47,0,12,11,2010,6,19,4,0,6,4,HENDRICK RD,,14,48.41705278,-119.541141670,0,30,0,0,1,1,5,0,2,1,0,1,0,0000000,19,5,19,11,19,37,0,0,0,1,1
53,530341,3,3,1,4,25,0,20,10,2010,4,6,20,0,2,3,SR-28,,330,47.23384722,-119.786038890,0,8,0,0,1,1,1,0,2,1,0,1,0,0000000,6,30,6,39,88,88,0,0,0,1,0
53,530342,2,2,0,3,61,1360,4,11,2010,5,13,56,0,2,3,SR-522,,230,47.85384722,-121.996327780,0,12,2,0,1,1,1,0,1,1,0,1,0,0000000,13,56,14,0,14,40,0,0,0,1,0
53,530345,1,1,0,1,33,2040,14,11,2010,1,0,1,0,16,6,MEADOWBROOK WAY,,0,47.51281667,-121.823347220,0,1,0,0,1,1,5,0,2,2,0,2,0,0000000,0,3,0,9,99,99,0,0,0,1,1
53,530346,1,1,0,1,33,0,14,11,2010,1,17,7,0,3,3,SR-410,,367,47.16658056,-121.813875000,0,42,0,0,1,1,5,0,6,10,0,10,0,0000000,17,15,17,33,88,88,0,0,0,1,0
53,530347,2,2,0,3,25,0,16,11,2010,3,16,31,0,4,4,RD U SE,,69,47.00159167,-119.045855560,0,12,8,0,1,1,1,0,5,1,0,1,0,0000000,16,34,16,39,88,88,0,0,0,1,1
53,530348,2,2,0,2,31,0,19,11,2010,6,4,53,0,2,3,SR-104,TEAL LAKE RD,115,47.87044444,-122.686794440,0,12,6,0,2,3,1,0,2,1,0,1,0,0000000,4,53,5,4,5,37,0,0,0,1,0
53,530349,2,2,0,3,35,0,20,11,2010,7,18,5,0,4,4,SUQUAMISH WAY E,,6,47.72155556,-122.569891670,3,12,2,0,1,1,1,0,2,1,0,1,0,0000000,18,5,18,15,88,88,14,0,0,1,0
53,530350,1,1,0,1,53,0,27,8,2010,6,1,33,0,3,6,CUSTER RD SW,,0,47.18622778,-122.519058330,0,17,0,0,1,1,5,0,3,1,0,1,0,0000000,1,37,1,42,88,88,0,0,0,1,1
53,530351,2,1,1,1,53,2230,22,11,2010,2,18,48,1,11,1,I-5,,1341,47.23896111,-122.411750000,0,25,0,0,1,1,3,0,3,4,0,4,0,0000000,18,47,18,56,88,88,0,0,0,1,0
53,530352,1,1,0,1,57,0,22,11,2010,2,14,30,0,6,4,MEL GARTON PL,,10,48.32044722,-121.519711110,0,1,0,0,1,1,5,0,1,4,0,4,0,0000000,14,57,15,16,88,88,0,0,0,1,1
53,530353,1,1,0,1,61,0,28,11,2010,1,21,9,0,99,4,CATHCART WAY,SR-9,99999,47.86463056,-122.109883330,0,42,0,0,3,3,5,0,3,10,0,10,0,0000000,21,6,21,15,88,88,0,0,0,1,1
53,530354,2,2,0,2,1,0,1,11,2010,2,17,12,0,4,4,MCMANNAMON RD,,63,46.89096389,-119.259725000,0,12,2,0,1,1,1,0,5,2,0,2,0,0000000,17,15,17,25,88,88,0,0,0,1,0
53,530355,2,2,0,3,77,0,5,11,2010,6,14,40,0,4,4,FORT RD,BROWNSTOWN RD,133,46.37494444,-120.607308330,3,12,6,0,2,3,1,0,1,1,0,1,0,0000000,14,37,14,55,99,99,0,0,0,1,1
53,530356,1,1,0,1,67,0,8,12,2010,4,12,7,0,4,4,STEAMBOAT ISLAND RD,,30,47.12031389,-123.005161110,0,52,0,0,1,1,4,0,1,2,0,2,0,0000000,12,4,12,11,88,88,0,0,0,1,1
53,530357,2,2,0,4,47,0,13,11,2010,7,21,55,1,2,2,US-97,,2566,48.07576944,-119.853050000,0,12,2,0,1,1,1,0,2,1,0,1,0,0000000,21,58,22,1,22,38,0,0,0,1,1
53,530358,1,1,0,2,39,0,20,8,2010,6,12,45,0,4,4,BZ CLENNWOOD HWY,,55,45.88463056,-121.421927780,0,42,0,0,1,1,6,0,1,1,0,1,0,0000000,12,56,13,17,88,88,0,0,0,1,0
53,530359,1,1,0,1,39,0,22,8,2010,1,14,30,0,4,4,BICKLETON HWY,,135,45.82882778,-120.550747220,0,1,0,0,1,1,6,0,1,1,0,1,0,0000000,99,99,14,44,88,88,0,0,0,1,0
53,530361,2,2,0,2,33,1960,17,8,2010,3,16,57,0,13,6,AIRPORT WAY S,S PORTLAND ST,0,47.53379167,-122.298302780,0,12,6,0,2,3,1,0,1,1,0,1,0,0000000,16,59,17,5,88,88,0,0,0,1,0
53,530362,1,1,0,2,61,0,17,11,2010,4,16,57,0,14,4,CYPRESS WAY,,7,47.79913056,-122.256877780,0,42,0,0,1,1,6,0,2,10,0,10,0,0000000,16,55,17,2,99,99,0,0,0,1,0
53,530363,5,5,0,8,33,1960,21,10,2010,5,18,16,0,13,6,15TH AVE NW,,0,47.68306389,-122.376783330,0,12,1,0,1,1,1,0,1,10,0,10,0,0000000,18,17,18,21,19,14,14,0,0,1,0
53,530364,2,2,0,3,33,1958,13,11,2010,7,5,42,0,13,6,S 188TH ST,,0,47.43477222,-122.314802780,0,12,6,0,1,1,1,0,3,10,0,10,0,0000000,5,46,5,53,6,28,0,0,0,1,1
53,530365,1,1,0,2,63,0,18,11,2010,5,20,16,0,6,4,W LETH RD,,13,47.57985556,-117.772622220,0,17,0,0,1,1,6,0,2,1,0,1,0,0000000,99,99,99,99,99,99,0,0,0,1,1
53,530366,4,1,0,2,53,2230,17,11,2010,4,23,49,0,14,6,6TH AVE,,0,47.25518889,-122.502408330,0,14,0,0,1,1,7,0,3,2,0,2,0,0000000,23,50,23,55,88,88,0,0,0,1,0
53,530367,1,1,1,1,53,1124,20,11,2010,7,2,0,1,11,1,I-5,,1250,47.14568611,-122.507258330,0,8,0,0,1,1,1,0,3,1,0,1,0,0000000,2,11,2,18,88,88,0,0,0,1,0
53,530368,2,2,0,4,7,0,20,11,2010,7,11,15,1,2,2,US-97,,2468,47.95179444,-119.877361110,0,24,0,0,1,1,4,0,1,4,0,4,0,0000000,99,99,99,99,12,15,0,0,0,1,0
53,530369,2,2,0,3,77,2590,22,11,2010,2,9,40,0,4,4,SUMMITVIEW AVE,,60,46.67868056,-120.718202780,0,12,6,0,1,1,1,0,1,4,0,4,0,0000000,9,44,9,48,99,99,0,0,0,2,0
53,530370,2,2,0,6,25,680,26,11,2010,6,19,42,0,14,3,SR-282,,8,47.30322778,-119.544661110,0,12,2,0,1,1,1,0,8,98,0,98,0,0000000,19,47,19,53,99,99,0,0,0,1,0
53,530371,1,1,0,6,27,0,27,11,2010,7,6,47,0,4,4,OCEAN BEACH RD,,21,47.04322500,-123.966808330,0,1,0,0,1,1,4,0,2,98,0,98,0,0000000,6,48,7,3,7,30,0,0,0,1,0
53,530372,2,2,0,3,65,0,2,12,2010,5,5,40,1,2,2,US-395,,1843,47.99308056,-117.545900000,0,12,6,0,1,1,1,0,2,10,0,10,0,0000000,5,39,5,51,99,99,0,0,0,1,0
53,530373,1,1,0,2,35,0,3,12,2010,6,17,34,0,14,4,CLEAR CREEK RD NW,NW PIONEER HILL RD,84,47.78386667,-122.681536110,0,42,0,0,3,3,6,0,2,10,0,10,0,0000000,17,35,17,39,18,34,0,0,0,1,0
53,530374,1,1,1,1,77,0,5,12,2010,1,4,55,0,6,4,EVANS RD,,28,46.43334722,-120.562313890,3,8,0,0,1,1,1,0,2,1,0,1,0,0000000,5,1,5,9,88,88,0,0,0,1,0
53,530375,1,1,0,1,27,0,7,12,2010,3,6,47,1,2,2,US-12,,225,46.99193333,-123.377880560,0,42,0,0,1,1,6,0,2,10,0,10,0,0000000,6,48,6,58,88,88,0,0,0,1,0
53,530376,2,1,0,1,63,0,7,12,2010,3,20,49,1,2,2,US-195,,900,47.57481667,-117.401791670,0,14,0,0,1,1,2,0,3,1,0,1,0,0000000,20,50,20,57,88,88,0,0,0,1,1
53,530377,1,1,1,1,11,2370,10,12,2010,6,17,33,0,14,6,JEFFERSON ST,W 12TH ST,0,45.63028889,-122.681450000,0,8,0,0,3,2,1,0,3,10,0,10,0,0000000,17,34,17,36,99,99,0,0,0,1,0
53,530378,1,1,1,1,35,111,11,12,2010,7,11,15,0,15,6,NE NEW BROOKLYN,,0,47.64289722,-122.522791670,0,8,0,0,1,1,1,0,1,2,0,2,0,0000000,11,16,11,17,88,88,0,0,0,1,0
53,530379,1,1,1,1,11,2370,15,9,2010,4,15,20,0,16,6,NE 59TH ST,,0,45.66549722,-122.534255560,0,8,0,0,1,1,1,0,1,1,0,1,0,0000000,15,21,15,25,99,99,0,0,0,1,0
53,530380,5,5,0,8,5,0,28,11,2010,1,20,33,1,1,1,I-82,,1050,46.20227500,-119.329847220,0,12,2,0,1,1,1,0,2,5,0,5,0,0000000,20,33,20,58,21,11,0,0,0,3,1
53,530381,1,1,0,1,49,0,3,10,2010,1,1,30,0,9,8,DNR 5971 RD,,99999,46.41611389,-123.606319440,0,1,0,0,1,1,1,0,2,2,0,2,0,0000000,2,4,2,38,88,88,0,0,0,1,1
53,530382,1,1,0,1,29,0,11,12,2010,7,2,53,0,5,4,LANCASTER RD,,22,47.99328333,-122.529252780,0,42,0,0,1,1,6,0,2,10,0,10,0,0000000,2,54,3,7,88,88,20,0,0,1,1
53,530383,1,1,0,1,77,0,14,12,2010,3,23,30,0,4,4,WILSON HWY,,12,46.28760278,-119.905172220,0,1,0,0,1,1,5,0,2,1,0,1,0,0000000,23,35,23,43,0,20,0,0,0,1,1
53,530384,2,2,0,2,33,2310,22,9,2010,4,5,50,0,13,6,E MARGINAL WAY S,,0,47.50554722,-122.290705560,0,12,6,1,8,1,1,0,3,10,0,10,0,0000000,6,2,6,8,99,99,0,0,0,1,0
53,530385,1,1,1,2,67,1102,14,12,2010,3,0,31,0,14,6,RUDDELL RD SE,45TH AVE SE,0,47.00688889,-122.808266670,0,38,0,0,3,2,5,0,2,2,0,2,0,0000000,0,33,0,37,88,88,0,0,0,1,1
53,530386,2,2,0,2,53,1770,14,12,2010,3,4,13,0,14,6,9TH ST SW,SR-512,0,47.15766667,-122.304030560,0,12,6,0,2,2,1,0,3,2,0,2,0,0000000,99,99,99,99,88,88,0,0,0,1,1
53,530387,2,2,0,2,47,0,14,12,2010,3,8,15,1,2,2,US-97,,2903,48.39145556,-119.528952780,0,12,6,0,1,1,1,0,1,2,0,2,0,0000000,8,16,8,23,8,48,0,0,0,1,0
53,530388,1,1,1,1,61,0,16,12,2010,5,16,44,0,15,4,NORTH RD,,5,47.83133333,-122.237583330,0,8,0,0,1,1,1,0,3,1,0,1,0,0000000,16,44,16,50,17,41,0,0,0,1,0
53,530389,2,2,0,2,33,109,12,10,2010,3,14,22,0,14,6,W LAKE SAMMAMISH PKW,180 AVE SE,0,47.56663056,-122.099433330,0,12,2,0,2,2,1,0,1,1,0,1,0,0000000,14,25,14,31,15,7,0,0,0,1,0
53,530390,2,2,0,2,47,0,17,12,2010,6,18,9,1,2,2,US-97,,2779,48.27168333,-119.713125000,3,12,2,0,1,1,1,0,2,98,0,98,0,0000000,18,9,18,18,88,88,0,0,0,1,0
53,530391,1,1,0,1,11,0,17,12,2010,6,18,58,0,4,4,NW HAYES RD,,46,45.93091667,-122.662483330,0,42,0,0,1,1,5,0,2,10,0,10,0,0000000,18,57,19,14,88,88,0,0,0,1,1
53,530392,1,1,1,1,53,2210,17,12,2010,6,12,50,0,14,4,SUMNER TAPPS RD E,,23,47.21274722,-122.212558330,0,8,0,0,1,1,2,0,1,1,0,1,0,0000000,12,53,13,7,13,35,0,0,0,1,0
53,530393,1,1,0,5,33,1030,17,12,2010,6,23,41,0,13,6,SE 274 WAY,,0,47.35580278,-122.192988890,0,42,0,0,1,1,5,0,3,10,0,10,0,0000000,23,42,23,48,99,99,0,0,0,1,1
53,530394,1,1,1,1,77,2590,17,12,2010,6,13,49,0,14,6,S 6TH AVE,W YAKIMA AVE,0,46.59922778,-120.516994440,0,15,0,0,3,2,1,0,1,1,0,1,0,0000000,13,51,13,55,99,99,0,0,0,1,0
53,530395,1,1,0,2,63,0,18,12,2010,7,0,30,1,1,1,I-90,,2655,47.51601111,-117.674111110,0,31,0,0,1,1,3,0,2,1,0,1,0,0000000,0,30,0,39,1,4,0,0,0,1,1
53,530396,1,1,0,1,73,0,18,12,2010,7,2,55,0,5,4,HAVERSTICK RD,,3,48.99310000,-122.401386110,0,1,0,0,1,1,5,0,2,1,0,1,0,0000000,3,8,3,21,88,88,0,0,0,1,1