STATE,ST_CASE,VE_TOTAL,VE_FORMS,PEDS,PERSONS,COUNTY,CITY,DAY,MONTH,YEAR,DAY_WEEK,HOUR,MINUTE,NHS,ROAD_FNC,ROUTE,TWAY_ID,TWAY_ID2,MILEPT,LATITUDE,LONGITUD,SP_JUR,HARM_EV,MAN_COLL,RELJCT1,RELJCT2,TYP_INT,REL_ROAD,WRK_ZONE,LGT_COND,WEATHER1,WEATHER2,WEATHER,SCH_BUS,RAIL,NOT_HOUR,NOT_MIN,ARR_HOUR,ARR_MIN,HOSP_HR,HOSP_MN,CF1,CF2,CF3,FATALS,DRUNK_DR
53,530397,1,1,0,1,11,0,26,12,2010,1,23,25,0,99,4,32ND ST,,99999,45.58713889,-122.337002780,0,1,0,0,1,1,5,0,2,2,0,2,0,0000000,23,25,23,30,88,88,0,0,0,1,1
53,530398,1,1,1,2,61,0,27,12,2010,2,18,51,0,16,4,33RD AVE SE,,1,48.05397500,-122.187227780,3,8,0,0,8,1,1,0,2,2,0,2,0,0000000,18,51,18,57,19,39,0,0,0,1,0
53,530399,1,1,1,1,15,1010,27,12,2010,2,17,20,0,14,6,4TH AVE N,ACADEMY ST,0,46.14527222,-122.909069440,0,8,0,0,3,1,1,0,3,2,0,2,0,0000000,17,22,17,23,17,37,0,0,0,1,0
53,530400,2,2,0,3,27,0,28,12,2010,3,18,6,0,4,4,WISHKAH RD,,32,47.02022500,-123.815627780,0,12,6,0,1,1,1,0,2,1,0,1,0,0000000,99,99,99,99,99,99,0,0,0,1,1
53,530401,1,1,0,4,33,0,28,12,2010,3,22,15,0,5,4,SWEENEY RD SE,,8,47.39997500,-122.051947220,0,40,0,0,1,1,5,0,2,10,0,10,0,0000000,22,18,22,22,23,0,0,0,0,1,0
53,530402,2,2,0,2,33,735,29,12,2010,4,2,25,0,13,3,SR-99,S 320TH ST,99,47.31495556,-122.313386110,0,12,6,0,2,2,1,0,3,4,0,4,0,0000000,99,99,99,99,88,88,0,0,0,1,1
53,530403,2,2,0,3,63,0,29,12,2010,4,15,1,1,2,2,US-195,,749,47.36731667,-117.381663890,0,12,6,0,1,1,1,0,1,11,0,11,0,0000000,15,1,15,19,16,21,0,0,0,1,0
53,530404,2,2,0,6,45,0,29,12,2010,4,17,1,1,2,2,US-101,,3411,47.28272222,-123.162016670,0,12,6,0,1,1,1,0,2,1,0,1,0,0000000,17,4,17,7,99,99,0,0,0,1,0
53,530405,1,1,0,1,53,0,31,12,2010,6,2,35,0,12,3,SR-512,,31,47.15909167,-122.415505560,0,23,0,0,1,1,4,0,3,1,0,1,0,0000000,2,39,2,49,88,88,0,0,0,1,1
53,530406,1,1,0,1,45,0,29,11,2010,2,15,23,1,2,2,US-101,,3431,47.25241389,-123.145933330,0,42,0,0,1,1,5,0,1,2,0,2,0,0000000,15,25,15,36,99,99,0,0,0,1,0
53,530407,1,1,0,1,33,1960,3,9,2010,6,1,36,0,13,6,WESTLAKE AVE N,,0,47.64383611,-122.344930560,0,24,0,0,1,1,4,0,2,1,0,1,0,0000000,1,37,1,42,99,99,0,0,0,1,0
53,530408,3,3,0,5,73,0,6,11,2010,7,9,30,0,14,3,SR-542,MITCHELL ROAD,133,48.82840278,-122.223019440,0,12,1,0,2,2,1,0,1,10,0,10,0,0000000,9,34,9,41,88,88,0,0,0,1,0
53,530409,1,1,1,1,33,1960,17,11,2010,4,9,8,0,14,6,7TH AVE,CHERRY ST,0,47.60531389,-122.327625000,0,8,0,0,3,2,1,0,1,2,0,2,0,0000000,9,12,9,15,88,88,0,0,0,1,0
53,530410,2,2,0,3,7,0,22,11,2010,2,15,10,1,12,2,US-2,,1176,47.47521944,-120.365700000,0,24,0,0,1,1,4,0,1,4,0,4,0,0000000,15,15,15,17,99,99,0,0,0,1,0
53,530411,1,1,1,3,61,1280,10,12,2010,6,18,30,0,13,6,STATE AVE,5TH ST,0,48.05264722,-122.176980560,0,8,0,0,3,2,1,0,3,1,0,1,0,0000000,18,30,18,34,19,0,0,0,0,1,1
53,530412,2,2,0,2,33,2005,27,12,2010,2,18,21,0,13,3,SR-104,19TH AVE NE,301,47.77417500,-122.309138890,0,12,6,0,2,2,1,0,3,2,0,2,0,0000000,18,22,18,27,99,99,0,0,0,1,0
53,530413,3,3,0,4,33,1030,5,12,2010,1,3,9,0,12,3,SR-516,,41,47.38236944,-122.276888890,0,12,1,0,1,1,1,0,2,1,0,1,0,0000000,99,99,99,99,99,99,0,0,0,2,2
53,530414,2,2,0,4,47,0,30,12,2010,5,12,0,0,99,4,COYOTE CREEK RD,,84,99.99990000,999.999900000,3,12,8,0,1,1,1,0,1,1,0,1,0,0000000,11,57,12,22,88,88,0,0,0,1,0
53,530415,1,1,0,1,57,0,26,10,2010,3,20,54,0,3,3,SR-20,WILDE RD,834,48.53686944,-121.865033330,0,38,0,0,2,4,5,0,2,10,0,10,0,0000000,20,54,21,9,21,48,0,0,0,1,0
53,530416,1,1,1,1,33,1960,27,12,2010,2,18,43,0,13,6,2ND AVE,BELL ST,0,47.61399167,-122.345655560,0,8,0,0,3,2,4,0,3,2,0,2,0,0000000,18,45,18,47,19,4,0,0,0,1,0
53,530417,1,1,0,1,25,0,12,6,2010,7,12,0,0,4,4,STRATFORD RD NE,,198,47.41696667,-119.288477780,0,35,0,0,1,1,5,0,1,1,0,1,0,0000000,99,99,99,99,99,99,0,0,0,1,0
53,530418,1,1,1,1,33,1960,28,7,2010,4,10,38,0,14,6,E ALDER ST,12TH AVE,0,47.60431667,-122.316772220,0,9,0,0,3,2,1,0,1,1,0,1,0,0000000,10,39,10,41,99,99,0,0,0,1,0
53,530419,1,1,0,1,33,2005,4,8,2010,4,9,20,0,14,6,MERIDAN AVE N,N 164 PL,0,47.74791667,-122.334727780,0,59,0,0,3,3,4,0,1,1,0,1,0,0000000,9,13,9,16,99,99,0,0,0,1,0
53,530420,1,1,1,1,33,1960,17,12,2010,6,13,56,0,15,6,NE 43RD ST,BROOKLYN AVE NE,0,47.65975556,-122.314319440,0,8,0,0,3,2,1,0,1,1,0,1,0,0000000,13,57,14,0,99,99,0,0,0,1,0
53,530421,2,1,0,3,53,2230,24,5,2010,2,22,16,0,15,6,N VASSAULT ST,,0,47.29238611,-122.521033330,0,14,0,0,1,1,7,0,5,1,0,1,0,0000000,22,18,22,23,22,51,0,0,0,1,0
53,530422,2,2,0,2,27,930,7,10,2010,5,7,41,0,3,3,SR-109,,20,46.98224444,-123.927497220,0,12,8,0,1,1,1,0,1,10,0,10,0,0000000,7,43,7,48,8,15,0,0,0,1,0
53,530424,1,1,0,3,15,0,27,12,2010,2,1,10,0,6,4,RIVERVIEW DR,,1,46.33357778,-122.843836110,0,1,0,0,1,1,5,0,2,2,0,2,0,0000000,1,10,1,22,88,88,0,0,0,1,1
53,530425,1,1,1,1,53,747,22,10,2010,6,19,3,0,13,3,SR-99,,1,47.24308611,-122.370100000,0,8,0,0,1,1,1,0,3,10,0,10,0,0000000,18,58,19,4,19,26,0,0,0,1,0
53,530426,3,3,0,4,53,580,11,11,2010,5,18,0,0,3,4,ALDERCUTTODD RD E,,13,46.81069444,-122.266544440,0,12,2,0,1,1,1,0,2,10,0,10,0,0000000,17,59,18,15,99,99,0,0,0,1,1
53,530427,4,4,0,6,61,1338,31,12,2010,6,14,38,0,14,6,MILL CREEK RD,,0,47.85027500,-122.213866670,0,12,2,0,1,1,1,0,1,1,0,1,0,0000000,14,39,14,43,15,33,0,0,0,1,0
53,530428,1,1,0,2,37,0,27,11,2010,7,19,42,0,6,8,MCELROY RD,,0,47.20563056,-121.075505560,0,11,0,0,1,1,1,0,2,10,0,10,0,0000000,19,44,20,0,88,88,0,0,0,1,1
53,530429,1,1,1,2,33,100,25,12,2010,7,21,21,0,14,3,SR-164,,9,47.29713889,-122.217558330,0,8,0,0,1,1,1,0,2,2,0,2,0,0000000,21,23,21,26,88,88,0,0,0,1,0
53,530430,1,1,0,2,63,2110,22,10,2010,6,15,6,0,16,6,N DOWNRIVER DR,,0,47.68172778,-117.457183330,0,5,0,0,1,1,1,0,1,1,0,1,0,0000000,14,17,14,25,14,46,0,0,0,1,0
53,530431,1,1,1,1,15,1190,17,12,2010,6,11,13,0,16,6,MAPLE ST,14TH AVE,0,46.13981389,-122.934661110,0,15,0,0,3,2,1,0,1,1,0,1,0,0000000,11,35,11,37,99,99,0,0,0,1,0
53,530432,2,2,0,3,67,1102,17,4,2010,7,5,44,0,15,6,RUDDELL RD,,0,47.02459167,-122.810625000,0,12,6,0,8,1,1,0,3,1,0,1,0,0000000,5,45,5,52,6,13,0,0,0,1,1
54,540001,1,1,0,1,19,1870,1,1,2010,6,13,28,0,14,3,SR-16,,13,37.85052778,-81.196775000,0,30,0,0,1,1,4,0,1,4,0,4,0,0000000,13,31,13,35,88,88,0,0,0,1,1
54,540002,1,1,0,1,107,2880,1,1,2010,6,10,43,1,1,1,I-77,,1800,39.37398611,-81.439505560,0,24,0,0,1,1,4,0,1,10,0,10,0,0000000,10,49,10,58,11,33,0,0,0,1,0
54,540003,1,1,0,1,43,2228,2,1,2010,7,14,0,0,6,4,CR-54/01,,16,38.10964167,-82.110872220,0,35,0,0,1,1,4,0,1,4,0,4,0,0000000,99,99,99,99,88,88,0,0,0,1,1
54,540004,2,2,0,5,67,1872,3,1,2010,1,10,37,1,2,2,US-19,,340,38.19080556,-80.872550000,0,12,2,0,1,1,1,0,1,10,0,10,0,0000000,10,38,10,46,11,28,0,0,0,1,0
54,540005,1,1,0,1,63,2650,6,1,2010,4,8,43,1,2,2,US-219,,220,37.57158056,-80.570330560,0,24,0,0,1,1,4,0,1,4,0,4,0,0000000,8,43,8,49,9,37,0,0,0,1,0
54,540006,2,2,0,3,77,330,8,1,2010,6,15,36,1,1,1,I-68,,190,39.64878333,-79.705483330,0,1,0,0,1,1,3,0,1,4,11,4,0,0000000,15,48,16,14,16,52,0,0,0,1,0
54,540007,1,1,0,1,39,814,16,1,2010,7,0,45,1,1,1,I-79,,155,38.49613889,-81.420052780,0,24,0,0,1,1,4,0,2,1,0,1,0,0000000,0,47,0,53,88,88,0,0,0,1,1
54,540008,1,1,0,1,83,2658,17,1,2010,1,0,25,0,6,4,CR-64,,10,38.54125000,-80.021411110,0,1,0,0,1,1,4,0,3,1,0,1,0,0000000,0,27,0,58,88,88,0,0,0,1,1
54,540009,1,1,0,1,69,0,19,1,2010,3,22,57,0,13,3,SR-88,FAIRFAX RD,77,40.06560833,-80.678636110,0,38,0,0,2,3,4,0,3,1,0,1,0,0000000,22,58,23,8,23,25,0,0,0,1,1
54,540010,1,1,0,1,61,1840,19,1,2010,3,17,35,0,6,4,CR-69/2,,14,39.69199722,-79.809108330,0,1,0,0,1,1,2,0,2,10,0,10,0,0000000,99,99,99,99,99,99,0,0,0,1,1
54,540012,1,1,0,1,25,2275,22,1,2010,6,11,0,0,3,3,SR-39,,60,38.22833056,-80.401388890,0,24,0,0,1,1,4,0,1,10,0,10,0,0000000,11,16,11,52,88,88,0,0,0,1,0
54,540013,1,1,0,2,107,1775,22,1,2010,6,1,40,0,14,3,SR-14,,67,39.19331667,-81.536191670,0,1,0,0,1,1,3,0,2,10,0,10,0,0000000,1,40,1,51,2,32,0,0,0,1,1
54,540014,1,1,0,1,11,2392,22,1,2010,6,0,45,0,3,3,SR-10,,15,38.31923611,-82.201425000,0,34,0,0,1,1,4,0,2,1,0,1,0,0000000,1,29,1,29,2,13,0,0,0,1,1
54,540015,3,3,0,6,69,2630,30,1,2010,7,9,40,1,1,1,I-70,,100,40.06437778,-80.579997220,0,12,7,1,5,1,1,0,1,10,0,10,0,0000000,99,99,9,54,99,99,0,0,0,3,0
54,540016,2,2,0,3,37,1140,11,1,2010,2,13,55,1,2,2,US-340,MILLVILLE RD,146,39.31705000,-77.774950000,0,12,6,0,2,2,1,0,1,10,0,10,0,0000000,13,58,14,4,15,10,0,0,0,1,0
54,540017,1,1,0,1,29,1900,13,1,2010,4,13,0,0,4,4,CR-7,,3,40.49715833,-80.594158330,0,42,0,0,1,1,5,0,1,1,0,1,0,0000000,13,5,99,99,99,99,0,0,0,1,0
54,540018,2,2,0,2,45,1500,18,1,2010,2,22,4,1,13,3,SR-73,,16,37.85250000,-82.021388890,0,12,1,0,1,1,1,0,2,1,0,1,0,0000000,22,7,22,9,22,26,0,0,0,1,1
54,540019,2,2,0,5,33,1520,14,1,2010,5,17,29,0,4,3,SR-57,,15,39.17215833,-80.232466670,0,12,2,0,1,1,1,0,5,1,0,1,0,0000000,99,99,99,99,99,99,0,0,0,2,0
54,540020,2,2,0,2,3,0,20,1,2010,4,16,10,0,14,3,SR-45,,72,39.39882778,-78.096977780,0,12,2,0,1,1,1,0,1,1,0,1,0,0000000,99,99,99,99,99,99,0,0,0,1,0
54,540021,1,1,1,1,41,0,18,1,2010,2,17,55,0,4,4,CR-7,,45,39.09941944,-80.395738890,0,8,0,0,1,1,1,0,2,5,0,5,0,0000000,17,57,18,6,18,43,0,0,0,1,0
54,540022,1,1,1,1,39,480,22,1,2010,6,13,15,0,14,4,CR-60/75,,5,38.35720000,-81.639200000,0,8,0,0,1,1,1,0,1,10,0,10,0,0000000,99,99,99,99,99,99,0,0,0,1,0
54,540023,4,4,0,6,37,490,10,1,2010,1,14,40,1,2,2,US-340,,138,39.29800000,-77.830580560,0,12,1,0,1,1,1,0,1,1,0,1,0,0000000,99,99,99,99,99,99,0,0,0,1,0
54,540024,2,2,0,2,97,340,1,2,2010,2,7,38,0,14,3,SR-20,,249,38.92055556,-80.266069440,0,12,2,0,1,1,1,0,1,10,0,10,0,0000000,7,42,7,45,7,56,0,0,0,1,0
54,540025,1,1,0,1,107,2717,1,2,2010,2,12,26,0,5,4,CR-5,,14,39.24525000,-81.289344440,0,34,0,0,1,1,6,0,1,10,0,10,0,0000000,12,28,12,45,13,38,0,0,0,1,0
54,540026,2,2,0,4,99,940,1,2,2010,2,4,44,1,2,2,US-52,,290,38.11639444,-82.583027780,0,12,2,0,1,1,1,0,2,1,0,1,0,0000000,99,99,99,99,88,88,0,0,0,1,0
54,540027,1,1,0,1,93,0,3,2,2010,4,20,5,0,3,3,SR-32,,21,38.96615000,-79.504708330,0,1,0,0,1,1,2,0,2,4,0,4,0,0000000,99,99,99,99,88,88,0,0,0,1,0
54,540028,1,1,0,1,67,692,4,2,2010,5,7,25,0,4,4,CR-16/1,,4,38.24943889,-81.197891670,0,1,0,0,1,1,2,0,1,10,0,10,0,0000000,7,28,7,38,88,88,0,0,0,1,0
54,540029,1,1,0,1,7,834,5,2,2010,6,17,0,0,6,4,CR-10/4,,23,38.70671111,-80.663938890,0,1,0,0,1,1,2,0,1,3,0,3,0,0000000,17,13,17,31,88,88,0,0,0,1,0
54,540030,2,2,0,5,81,170,7,2,2010,1,23,50,1,11,1,I-77,,390,37.72670278,-81.189994440,0,12,1,0,1,1,1,0,2,1,0,1,0,0000000,99,99,99,99,99,99,0,0,0,1,0
54,540031,2,2,0,2,87,2510,19,2,2010,6,14,14,0,4,2,US-119,,237,38.73979444,-81.379086110,0,12,2,0,1,1,1,0,1,1,0,1,0,0000000,88,88,88,88,88,88,0,0,0,1,0
54,540032,1,1,0,1,55,261,21,2,2010,1,11,50,0,4,3,SR-123,,51,37.28778056,-81.262263890,0,24,0,0,1,1,4,0,1,1,0,1,0,0000000,11,50,12,0,12,35,0,0,0,1,0
54,540033,1,1,0,2,63,2321,27,2,2010,7,8,30,1,2,2,US-219,,136,37.49971667,-80.611238890,0,42,0,0,1,1,5,0,1,4,0,4,0,0000000,8,38,8,59,10,1,0,0,0,1,0
54,540034,3,3,0,3,57,353,25,2,2010,5,17,53,0,3,2,US-50,,176,39.33997222,-78.931788890,0,12,2,1,17,1,1,0,1,10,0,10,0,0000000,99,99,99,99,99,99,0,0,0,1,0
54,540035,2,2,0,5,39,2480,11,2,2010,5,10,30,0,5,4,CR-23,,28,38.33051389,-81.697255560,0,12,2,0,1,1,1,0,1,10,0,10,0,0000000,10,43,10,51,11,36,0,0,0,1,0
54,540036,1,1,0,2,35,1348,8,3,2010,2,8,11,1,1,1,I-77,,1220,38.63516667,-81.648794440,0,1,0,0,1,1,2,0,1,1,0,1,0,0000000,99,99,99,99,99,99,0,0,0,1,0
54,540037,1,1,0,1,55,1437,21,3,2010,1,3,30,0,4,3,SR-10,,4,37.42020000,-81.237941670,0,30,0,0,1,1,4,0,2,1,0,1,0,0000000,99,99,99,99,88,88,0,0,0,1,1
54,540038,1,1,0,1,7,2580,29,3,2010,2,16,37,1,1,1,I-79,,720,38.74504722,-80.675911110,0,35,0,0,1,1,4,0,1,10,0,10,0,0000000,99,99,99,99,88,88,0,0,0,1,0
54,540039,1,1,0,2,47,0,27,3,2010,7,21,30,0,4,4,CR-161,,105,37.22221944,-81.537219440,0,42,0,0,1,1,6,0,2,1,0,1,0,0000000,99,99,99,99,99,99,0,0,0,1,1
54,540040,1,1,0,1,39,480,6,3,2010,7,4,39,0,16,6,MOUNTAIN RD,DORCHESTER,0,38.35968889,-81.671450000,0,43,0,0,2,3,4,0,2,10,0,10,0,0000000,88,88,88,88,88,88,0,0,0,1,1
54,540041,1,1,0,1,39,1615,7,3,2010,1,5,51,0,5,4,CR-83,,44,38.04008056,-81.364016670,0,30,0,0,1,1,5,0,2,1,0,1,0,0000000,5,52,6,0,88,88,0,0,0,1,0
54,540042,2,2,0,2,61,1840,7,3,2010,1,19,30,1,1,1,I-79,,1576,39.67961389,-80.038661110,0,12,6,0,7,1,1,0,2,1,0,1,0,0000000,19,31,19,40,20,33,0,0,0,1,1
54,540043,2,2,0,2,77,30,4,3,2010,5,7,15,0,3,3,SR-26,,173,39.50430556,-79.643325000,0,12,2,0,1,1,1,0,1,10,0,10,0,0000000,99,99,99,99,88,88,0,0,0,1,1
54,540044,1,1,0,1,71,950,10,3,2010,4,13,18,0,3,2,US-33,,327,38.66741667,-79.250222220,0,42,0,0,1,1,4,0,1,1,0,1,0,0000000,99,99,99,99,88,88,2,0,0,1,0
54,540045,1,1,0,1,61,592,9,3,2010,3,17,45,0,3,3,SR-7,,216,39.69250000,-80.113061110,0,42,0,0,1,1,4,0,5,10,0,10,0,0000000,17,52,18,6,18,52,0,0,0,1,0
54,540046,1,1,1,1,55,2180,15,3,2010,2,15,0,0,16,6,MIDDLESEX AVE,HILLSIDE AVE,0,37.35933611,-81.110375000,0,9,0,1,2,2,1,0,1,10,0,10,0,0000000,15,1,15,4,15,12,0,0,0,1,0
54,540047,2,2,0,2,3,1660,18,3,2010,5,23,23,0,14,2,US-11,SR-12,166,39.49738611,-77.941302780,0,12,2,0,2,3,1,0,3,1,0,1,0,0000000,88,88,88,88,88,88,0,0,0,1,1
54,540048,1,1,1,1,99,2177,20,3,2010,7,1,15,0,15,4,CR-20,,10,38.24611111,-82.535280560,0,8,0,0,1,1,1,0,2,1,0,1,0,0000000,99,99,99,99,99,99,99,99,99,1,0
54,540049,2,2,0,2,47,2442,22,3,2010,2,10,54,0,4,3,SR-16,,113,37.31351944,-81.471519440,0,12,6,0,1,1,1,0,1,10,0,10,0,0000000,11,13,11,13,88,88,0,0,0,1,0
54,540050,1,1,0,1,23,1726,28,3,2010,1,22,42,0,3,3,SR-42,,97,39.09611111,-79.146938890,0,1,0,0,1,1,2,0,2,2,0,2,0,0000000,22,43,22,56,88,88,0,0,0,1,1
54,540051,2,2,0,2,33,2390,15,3,2010,2,15,53,1,2,2,US-50,SR-23,16,39.29433889,-80.567883330,0,12,6,0,2,2,1,0,1,8,0,8,0,0000000,15,55,16,0,88,88,0,0,0,1,0
54,540052,3,3,0,5,45,2000,1,3,2010,2,15,50,0,14,3,SR-44,,94,37.76141111,-81.994530560,0,12,8,0,1,1,1,0,1,10,0,10,0,0000000,15,52,16,4,16,39,0,0,0,1,0
54,540053,1,1,0,3,33,2895,5,4,2010,2,17,50,1,2,2,US-50,,76,39.27970556,-80.460647220,0,1,0,0,1,1,3,0,1,1,0,1,0,0000000,18,7,18,23,99,99,0,0,0,1,0
54,540054,1,1,0,1,65,0,6,4,2010,3,16,20,0,4,4,CR-8,,221,39.63389444,-78.146761110,0,42,0,0,1,1,5,0,1,1,0,1,0,0000000,99,99,99,99,88,88,0,0,0,1,1
54,540055,1,1,0,1,25,102,10,4,2010,7,18,29,0,4,4,CR-16,,11,37.91684722,-80.240708330,0,42,0,0,1,1,5,0,1,1,0,1,0,0000000,99,99,99,99,88,88,0,0,0,1,1
54,540056,2,2,0,2,43,53,9,4,2010,6,9,30,0,4,3,SR-3,,222,38.18583056,-81.935830560,0,12,2,0,1,1,1,0,1,1,0,1,0,0000000,9,39,9,51,10,32,0,0,0,1,0
54,540057,1,1,0,1,59,0,28,3,2010,1,13,0,1,2,2,US-119,,185,37.78791111,-82.143863890,0,32,0,0,1,1,4,0,1,2,0,2,0,0000000,99,99,99,99,99,99,5,0,0,1,0
54,540058,1,1,0,1,83,0,7,4,2010,4,17,0,0,6,4,CR-250/9,,12,38.96061111,-79.930000000,0,42,0,0,1,1,4,0,1,1,0,1,0,0000000,99,99,99,99,99,99,0,0,0,1,1
54,540059,2,2,0,2,67,2570,3,4,2010,7,15,35,0,5,4,CR-34,,2,38.28218889,-80.744361110,0,12,2,0,1,1,1,0,1,1,0,1,0,0000000,99,99,99,99,99,99,0,0,0,1,0
54,540060,1,1,0,1,39,2439,6,4,2010,3,11,21,0,5,4,CR-7,,38,38.50278889,-81.714555560,0,23,0,0,1,1,4,0,1,1,0,1,0,0000000,99,99,99,99,88,88,0,0,0,1,1
54,540061,1,1,0,1,73,0,13,4,2010,3,18,20,0,4,4,CR-3,,70,39.38141667,-81.021508330,0,1,0,0,1,1,4,0,1,1,0,1,0,0000000,99,99,99,99,88,88,0,0,0,1,0
54,540062,2,2,0,2,69,2830,13,4,2010,3,1,12,1,11,1,I-470,,20,40.04886389,-80.688913890,0,54,11,0,1,1,1,0,3,1,0,1,0,0000000,99,99,99,99,88,88,14,0,0,1,0
54,540063,1,1,0,2,59,680,16,4,2010,6,0,20,1,2,2,US-52,,286,37.66914722,-82.135850000,0,1,0,0,1,1,2,0,2,1,0,1,0,0000000,99,99,99,99,99,99,0,0,0,1,1
54,540064,1,1,0,1,39,480,19,4,2010,2,0,36,0,14,4,CR-21,,9,38.39937500,-81.658866670,0,1,0,0,1,1,4,0,2,1,0,1,0,0000000,99,99,99,99,88,88,0,0,0,1,1
54,540065,3,3,0,6,81,170,3,4,2010,7,8,50,1,11,1,I-77,,410,37.74306944,-81.208280560,0,1,0,0,1,1,3,0,1,1,0,1,0,0000000,8,51,9,9,9,14,14,0,0,1,0
54,540066,1,1,1,2,55,2180,15,4,2010,5,5,35,1,13,2,US-460,AMBROSE LANE,152,37.36208611,-81.056516670,0,8,0,0,2,4,1,0,3,1,0,1,0,0000000,5,36,5,45,6,13,0,0,0,1,0
54,540067,2,1,0,1,11,1270,18,4,2010,1,10,30,0,16,6,WASHINGTON BOULEVARD,,0,38.40691667,-82.399511110,0,30,0,0,1,1,4,0,1,1,0,1,0,0000000,99,99,99,99,99,99,0,0,0,1,0
54,540068,1,1,0,1,7,944,21,4,2010,4,4,56,1,1,1,I-79,,500,38.62089444,-80.873150000,0,1,0,0,1,1,3,0,2,1,0,1,0,0000000,99,99,99,99,88,88,0,0,0,1,0
54,540069,1,1,0,4,101,2652,21,4,2010,4,13,0,0,4,3,SR-20,,94,38.42633056,-80.452500000,0,35,0,0,1,1,4,0,1,10,0,10,0,0000000,13,5,13,11,88,88,0,0,0,2,0
54,540070,1,1,0,1,39,1650,22,4,2010,5,15,55,0,14,3,SR-61,,167,38.24077500,-81.559925000,0,35,0,0,1,1,4,0,1,1,0,1,0,0000000,15,55,16,0,88,88,0,0,0,1,0
54,540071,1,1,0,1,41,2790,24,4,2010,7,21,2,1,1,1,I-79,,950,39.01443333,-80.489680560,0,57,0,0,1,1,3,0,2,2,0,2,0,0000000,21,5,21,15,88,88,0,0,0,1,1
54,540072,1,1,0,4,109,60,29,4,2010,5,18,18,0,6,4,CR-10/23,,3,37.53991667,-81.380625000,0,42,0,0,1,1,4,0,1,1,0,1,0,0000000,18,22,18,41,99,99,0,0,0,1,1
54,540073,3,3,0,5,11,1760,7,4,2010,4,15,27,1,11,1,I-64,,265,38.43425278,-82.177866670,0,12,1,0,1,1,1,0,1,1,0,1,0,0000000,15,38,15,53,16,26,0,0,0,4,0
54,540074,2,2,0,3,53,2150,25,4,2010,1,13,10,0,4,3,SR-62,,62,38.66111944,-81.950283330,0,12,2,0,1,1,1,0,1,1,0,1,0,0000000,99,99,99,99,99,99,0,0,0,1,1
54,540076,1,1,0,1,15,246,1,5,2010,7,19,48,1,1,1,I-79,,400,38.60342222,-81.031938890,0,1,0,0,1,1,1,0,1,1,0,1,0,0000000,19,50,20,6,20,32,0,0,0,1,0
54,540077,1,1,0,2,13,1938,4,5,2010,3,14,30,0,6,4,CR-11/6,SR-11,13,38.71337500,-81.022280560,0,5,0,0,2,3,5,0,1,1,0,1,0,0000000,99,99,99,99,99,99,0,0,0,1,1
54,540078,2,2,0,4,23,0,8,5,2010,7,20,8,0,4,2,US-220,,65,38.99291389,-79.122194440,0,12,6,0,1,1,1,0,5,10,0,10,0,0000000,99,99,99,99,99,99,0,0,0,1,0
54,540079,1,1,0,2,25,2360,8,5,2010,7,18,15,0,6,4,CR-10,,22,38.10748056,-80.562572220,0,34,0,0,1,1,4,0,1,1,0,1,0,0000000,99,99,99,99,99,99,0,0,0,1,1
54,540080,1,1,0,2,103,0,9,5,2010,1,4,50,0,6,4,CR-28/1,,4,39.59834722,-80.846972220,0,1,0,0,1,1,2,0,2,1,0,1,0,0000000,99,99,99,99,88,88,0,0,0,1,1
54,540081,1,1,1,1,11,130,9,5,2010,1,21,30,0,14,2,US-60,,118,38.41442500,-82.260850000,0,8,0,0,1,1,1,0,2,1,0,1,0,0000000,21,31,21,36,88,88,0,0,0,1,0
54,540082,1,1,0,1,89,1729,10,5,2010,2,21,35,0,4,4,CR-7,,131,37.80712222,-80.921719440,0,34,0,0,1,1,4,0,2,1,0,1,0,0000000,99,99,99,99,88,88,0,0,0,1,1
54,540083,1,1,0,1,53,2150,12,5,2010,4,13,24,1,13,3,SR-2,,215,38.84448889,-82.062119440,0,35,0,0,1,1,4,0,1,10,2,2,0,0000000,13,27,13,39,99,99,0,0,0,1,0
54,540084,1,1,0,1,33,0,14,5,2010,6,1,50,0,4,4,CR-18,,9,39.34000556,-80.345336110,0,5,0,0,1,1,5,0,2,1,0,1,0,0000000,1,55,2,12,88,88,0,0,0,1,1
54,540085,1,1,0,2,27,2522,16,5,2010,1,17,25,0,4,4,CR-3,,70,39.44759444,-78.610955560,0,5,0,0,1,1,1,0,1,1,0,1,0,0000000,17,35,17,43,18,42,0,0,0,1,0
54,540086,1,1,0,1,19,2524,21,5,2010,6,12,20,0,3,3,SR-20,,43,37.93861111,-80.810561110,0,35,0,0,1,1,4,0,1,1,0,1,0,0000000,12,26,12,38,88,88,0,0,0,1,0
54,540087,2,2,0,4,53,1180,13,5,2010,5,12,19,1,13,2,US-35,OLD US-35,174,38.83117500,-82.142500000,0,12,6,0,2,2,1,0,1,1,0,1,0,0000000,99,99,99,99,99,99,0,0,0,2,0
54,540088,2,2,0,2,27,121,19,5,2010,4,11,30,0,3,2,US-50,,240,39.26361111,-78.540561110,0,54,11,0,1,1,1,0,1,10,0,10,0,0000000,11,34,11,41,12,46,14,0,0,1,0