STATE,ST_CASE,VE_TOTAL,VE_FORMS,PEDS,PERSONS,COUNTY,CITY,DAY,MONTH,YEAR,DAY_WEEK,HOUR,MINUTE,NHS,ROAD_FNC,ROUTE,TWAY_ID,TWAY_ID2,MILEPT,LATITUDE,LONGITUD,SP_JUR,HARM_EV,MAN_COLL,RELJCT1,RELJCT2,TYP_INT,REL_ROAD,WRK_ZONE,LGT_COND,WEATHER1,WEATHER2,WEATHER,SCH_BUS,RAIL,NOT_HOUR,NOT_MIN,ARR_HOUR,ARR_MIN,HOSP_HR,HOSP_MN,CF1,CF2,CF3,FATALS,DRUNK_DR
54,540089,1,1,0,2,109,1204,21,5,2010,6,14,35,0,4,4,CR-16/2,,38,37.43493056,-81.340755560,0,1,0,0,1,1,4,0,1,1,0,1,0,0000000,99,99,99,99,99,99,0,0,0,1,0
54,540090,1,1,0,2,33,1520,23,5,2010,1,14,35,1,1,1,I-79,,1118,39.18666944,-80.335561110,0,26,0,0,1,1,3,0,1,1,0,1,0,0000000,14,39,14,59,15,40,0,0,0,1,0
54,540091,1,1,0,3,5,2108,24,5,2010,2,15,45,0,4,3,SR-3,,202,38.13455556,-81.672105560,0,30,0,0,1,1,4,0,1,1,0,1,0,0000000,15,55,16,5,17,0,0,0,0,1,0
54,540092,1,1,0,1,39,480,25,5,2010,3,0,0,0,6,4,CR-119/14,,26,38.60308889,-81.386944440,0,52,0,0,1,1,4,0,2,1,0,1,0,0000000,99,99,99,99,88,88,0,0,0,1,0
54,540093,1,1,0,3,67,2570,30,5,2010,1,1,45,0,4,3,SR-55,,23,38.33418333,-80.741272220,0,1,0,0,1,1,2,0,2,10,0,10,0,0000000,99,99,99,99,99,99,0,0,0,1,1
54,540094,1,1,0,1,99,2886,29,5,2010,7,16,57,0,6,4,CR-41/1,,18,37.95367222,-82.338752780,0,35,0,0,1,1,4,0,1,1,0,1,0,0000000,17,1,17,18,88,88,0,0,0,1,1
54,540095,1,1,0,1,35,1882,30,5,2010,1,18,13,0,6,4,CR-9,,41,39.00744722,-81.737336110,0,34,0,0,1,1,4,0,1,1,0,1,0,0000000,99,99,99,99,88,88,0,0,0,1,0
54,540096,2,2,0,7,81,8,6,5,2010,5,7,10,1,1,1,I-64,,1330,37.76861111,-80.985622220,0,1,0,0,1,1,3,0,4,1,0,1,0,0000000,99,99,99,99,99,99,0,0,0,1,0
54,540097,2,2,0,2,61,1840,21,5,2010,6,7,38,0,13,2,US-119,,140,39.56034167,-79.941566670,0,38,0,0,1,1,4,0,1,1,0,1,0,0000000,7,44,7,57,8,47,0,0,0,1,0
54,540098,2,2,0,4,3,1170,21,5,2010,6,19,46,1,2,3,SR-9,,63,39.55835833,-78.000741670,0,12,6,0,1,1,1,0,1,1,0,1,0,0000000,19,47,19,53,20,31,0,0,0,1,1
54,540099,2,2,0,2,61,1840,17,5,2010,2,9,30,0,13,2,US-119,,140,39.70137500,-79.914766670,0,12,8,0,1,1,1,0,1,10,2,2,0,0000000,9,30,9,49,88,88,20,0,0,1,0
54,540100,3,3,0,4,61,1840,20,5,2010,5,11,27,1,11,1,I-79,,1580,39.65353333,-80.009447220,0,12,2,0,1,1,1,0,1,1,0,1,0,0000000,99,99,99,99,88,88,14,0,0,2,0
54,540101,1,1,0,1,85,203,22,5,2010,7,4,15,0,6,4,CR-28,,58,39.12220278,-80.959325000,0,1,0,0,1,1,6,0,2,10,0,10,0,0000000,99,99,99,99,88,88,0,0,0,1,1
54,540102,1,1,0,3,3,354,29,5,2010,7,1,15,0,15,4,CR-26,,41,39.32901944,-78.040480560,0,52,0,0,1,1,4,0,2,1,0,1,0,0000000,88,88,88,88,88,88,0,0,0,2,1
54,540103,1,1,0,1,63,2650,3,6,2010,5,11,49,0,6,4,CR-10,,99,37.60957500,-80.565963890,0,1,0,0,1,1,4,0,1,1,0,1,0,0000000,99,99,99,99,88,88,0,0,0,1,0
54,540104,1,1,0,3,15,2182,4,6,2010,6,8,3,0,4,3,SR-4,,42,38.49498056,-81.228961110,0,42,0,0,1,1,4,0,1,1,0,1,0,0000000,99,99,99,99,99,99,0,0,0,1,0
54,540105,2,2,0,2,45,2660,4,6,2010,6,17,4,0,4,4,CR-5,,87,37.84720556,-82.047400000,0,12,6,0,1,1,1,0,1,10,0,10,0,0000000,99,99,99,99,99,99,0,0,0,1,1
54,540106,2,2,0,4,81,165,5,6,2010,7,16,5,0,14,2,US-19,OXLEY CIRCLE,132,37.74978056,-81.139827780,0,12,6,0,2,3,1,0,1,10,0,10,0,0000000,99,99,99,99,99,99,0,0,0,2,0
54,540107,1,1,0,1,25,0,10,6,2010,5,14,56,0,3,2,US-60,,120,37.92355000,-80.643852780,0,32,0,0,1,1,5,0,1,1,0,1,0,0000000,99,99,99,99,99,99,0,0,0,1,0
54,540108,1,1,0,1,25,2210,14,6,2010,2,11,38,0,3,2,US-60,,10,37.98621944,-80.749811110,0,1,0,0,6,1,1,0,1,2,0,2,0,870577K,99,99,99,99,99,99,0,0,0,1,0
54,540109,1,1,1,2,61,1840,10,6,2010,5,23,45,1,1,1,I-79,,1465,39.54611389,-79.984416670,0,8,0,1,5,1,1,0,2,1,0,1,0,0000000,23,47,0,15,0,55,0,0,0,1,0
54,540110,1,1,0,1,71,2002,15,6,2010,3,16,25,0,3,2,US-33,,56,38.84445278,-79.422055560,0,1,0,0,1,1,1,0,1,1,0,1,0,0000000,99,99,99,99,88,88,0,0,0,1,0
54,540111,2,2,0,3,75,1266,18,6,2010,6,16,12,0,3,3,SR-39,,283,38.19448056,-80.023727780,0,12,2,0,1,1,1,0,1,1,0,1,0,0000000,99,99,99,99,99,99,0,0,0,1,0
54,540112,2,2,0,3,19,1436,19,6,2010,7,11,55,1,13,2,US-19,BURNWOOD RD,132,38.07671111,-81.071077780,0,12,6,0,2,2,1,0,1,1,0,1,0,0000000,99,99,99,99,99,99,0,0,0,2,0
54,540113,1,1,1,1,61,832,20,6,2010,1,0,50,0,13,2,US-119,,98,39.58558333,-80.092736110,0,8,0,0,1,1,1,0,2,1,0,1,0,0000000,99,99,99,99,88,88,0,0,0,1,0
54,540114,1,1,0,1,81,699,19,6,2010,7,15,10,0,4,4,CR-1,,147,37.95793611,-81.477786110,0,42,0,0,1,1,4,0,1,1,0,1,0,0000000,99,99,99,99,99,99,0,0,0,1,1
54,540115,1,1,0,1,85,2080,23,6,2010,4,16,44,1,2,2,US-50,,185,39.27031111,-80.950180560,0,1,0,0,1,1,3,0,1,10,0,10,0,0000000,99,99,99,99,99,99,0,0,0,1,0
54,540116,1,1,1,1,65,205,24,6,2010,5,17,28,0,6,4,CR-9/9,,8,39.62471389,-78.224008330,0,9,0,0,1,1,1,0,1,1,0,1,0,0000000,99,99,99,99,99,99,0,0,0,1,0
54,540117,2,2,0,3,5,258,20,6,2010,1,13,45,0,4,3,SR-3,,234,38.14138889,-81.632780560,0,12,2,0,1,1,1,0,1,1,0,1,0,0000000,99,99,99,99,99,99,0,0,0,1,0
54,540118,2,2,0,3,39,510,20,6,2010,1,9,42,0,14,3,SR-61,,111,38.19596667,-81.499930560,0,33,0,0,8,1,4,0,1,10,0,10,0,0000000,9,47,9,54,10,19,0,0,0,1,0
54,540119,1,1,0,1,53,2150,26,6,2010,7,10,15,0,6,4,16,,36,38.85555000,-82.112941670,0,32,0,0,1,1,4,0,1,1,0,1,0,0000000,10,18,10,20,10,42,0,0,0,1,0
54,540121,1,1,0,1,39,2854,27,6,2010,1,11,25,0,4,4,83,,33,38.06323056,-81.373158330,0,42,0,0,1,1,5,0,1,1,0,1,0,0000000,11,37,11,40,88,88,0,0,0,1,1
54,540122,2,1,0,1,39,480,21,6,2010,2,22,14,0,16,6,WHITE OAK DR,SUMMIT DR,0,38.37735278,-81.644211110,0,5,0,0,3,4,2,0,3,10,0,10,0,0000000,22,39,23,0,88,88,0,0,0,1,0
54,540123,1,1,0,1,39,64,3,7,2010,7,2,0,1,2,2,US-119,,655,38.26811667,-81.802119440,0,24,0,0,1,1,4,0,2,1,0,1,0,0000000,2,6,2,19,88,88,0,0,0,1,1
54,540124,1,1,0,1,9,585,3,7,2010,7,23,35,0,16,4,1/3,,5,40.35457222,-80.556908330,0,42,0,0,1,1,4,0,2,1,0,1,0,0000000,23,39,23,45,99,99,0,0,0,1,1
54,540125,2,2,0,3,79,2144,4,7,2010,1,8,19,1,2,2,US-35,,198,38.59326111,-82.007102780,0,12,2,0,1,1,1,0,1,1,0,1,0,0000000,8,19,8,25,88,88,0,0,0,2,0
54,540126,1,1,0,1,41,2790,25,7,2010,1,3,10,0,14,2,US-33,,168,39.02611944,-80.430222220,0,24,0,0,1,1,4,0,3,1,0,1,0,0000000,99,99,99,99,88,88,0,0,0,1,1
54,540127,2,2,0,2,99,1438,26,7,2010,2,21,32,0,4,3,SR-152,,410,38.34340556,-82.451147220,0,12,2,0,1,1,1,0,2,1,0,1,0,0000000,99,99,99,99,99,99,0,0,0,1,1
54,540128,1,1,0,2,81,750,27,7,2010,3,23,22,0,14,4,3/18,ALLENTOWN RD,0,37.78293333,-81.265944440,0,1,0,0,3,4,4,0,2,1,0,1,0,0000000,99,99,99,99,99,99,0,0,0,1,1
54,540129,1,1,0,1,5,650,12,7,2010,2,9,17,0,4,3,SR-17,,111,38.03321944,-81.832908330,0,30,0,0,1,1,4,0,1,2,0,2,0,0000000,9,19,9,21,88,88,0,0,0,1,0
54,540130,1,1,0,1,33,825,8,7,2010,5,15,35,0,14,2,US-119,,288,39.41577222,-80.277272220,0,34,0,0,1,1,4,0,1,1,0,1,0,0000000,15,37,15,43,88,88,0,0,0,1,0
54,540131,2,2,0,2,99,1438,9,7,2010,6,8,17,0,4,3,SR-152,,411,38.29252778,-82.448575000,0,12,2,0,1,1,1,0,1,1,0,1,0,0000000,99,99,99,99,99,99,0,0,0,1,0
54,540132,1,1,0,1,39,2439,15,7,2010,5,20,27,0,4,4,21,,58,38.44653056,-81.668244440,0,30,0,0,1,1,4,0,1,1,0,1,0,0000000,99,99,99,99,88,88,0,0,0,1,1
54,540133,1,1,0,1,79,2145,16,7,2010,6,3,0,0,14,3,SR-62,,27,38.47213889,-81.814241670,0,44,0,0,1,1,1,0,2,5,0,5,0,0000000,99,99,99,99,88,88,0,0,0,1,1
54,540134,1,1,1,1,5,0,17,7,2010,7,1,24,1,2,2,US-119,,94,37.99609444,-81.905563890,0,8,0,0,1,1,1,0,2,1,0,1,0,0000000,99,99,99,99,88,88,0,0,0,1,0
54,540135,1,1,0,1,99,2720,17,7,2010,7,14,30,0,4,3,SR-37,,153,38.18287778,-82.400808330,0,52,0,0,1,1,4,0,1,1,0,1,0,0000000,99,99,99,99,88,88,0,0,0,1,0
54,540136,1,1,0,1,7,0,13,7,2010,3,0,44,0,4,2,US-19,,262,38.79015278,-80.588150000,0,35,0,0,1,1,4,0,2,1,0,1,0,0000000,99,99,99,99,88,88,0,0,0,1,1
54,540137,2,2,0,2,3,994,15,7,2010,5,15,15,0,14,3,SR-45,,49,39.38791667,-78.114508330,0,12,2,0,1,1,1,0,1,1,0,1,0,0000000,15,20,15,32,16,10,0,0,0,1,1
54,540138,2,2,0,5,107,1775,18,7,2010,1,17,22,0,15,4,21,,90,39.16407500,-81.537222220,0,12,6,0,1,1,1,0,1,10,0,10,0,0000000,17,28,17,38,18,27,0,0,0,4,0
54,540139,1,1,0,1,107,2686,18,7,2010,1,15,14,0,4,3,SR-47,,114,39.17079444,-81.440963890,0,24,0,0,1,1,4,0,1,10,0,10,0,0000000,15,16,15,29,88,88,0,0,0,1,0
54,540140,1,1,0,2,41,1311,18,7,2010,1,5,0,1,1,1,I-79,,1050,39.10014167,-80.392213890,0,18,0,0,1,1,1,0,2,10,0,10,0,0000000,5,19,5,21,5,40,0,0,0,1,0
54,540141,1,1,0,1,53,105,19,7,2010,2,18,15,0,6,4,90/1,,10,38.50814722,-82.061477780,0,42,0,0,1,1,4,0,1,1,0,1,0,0000000,99,99,99,99,88,88,6,0,0,1,0
54,540142,1,1,0,1,31,1830,19,7,2010,2,23,2,0,6,4,7/30,,7,38.81155556,-79.100961110,0,42,0,0,1,1,4,0,2,1,0,1,0,0000000,99,99,99,99,99,99,0,0,0,1,1
54,540143,1,1,0,1,75,1778,20,7,2010,3,99,99,0,4,3,SR-92,,104,38.16196111,-79.981155560,0,30,0,0,1,1,4,0,7,10,0,10,0,0000000,19,5,19,18,88,88,0,0,0,1,1
54,540144,1,1,0,1,77,1690,22,7,2010,5,17,29,0,6,4,14/4,,29,39.58564722,-79.764991670,0,42,0,0,1,1,4,0,1,1,0,1,0,0000000,99,99,99,99,88,88,0,0,0,1,1
54,540145,1,1,0,2,31,1830,24,7,2010,7,17,40,0,6,4,10/2,,20,39.04088611,-79.008608330,0,42,0,0,1,1,4,0,1,1,0,1,0,0000000,88,88,88,88,88,88,0,0,0,2,1
54,540146,1,1,0,2,73,0,26,7,2010,2,19,55,0,14,3,SR-2,,168,39.38841389,-81.206591670,0,24,0,0,1,1,4,0,1,1,0,1,0,0000000,99,99,99,99,99,99,0,0,0,1,0
54,540147,1,1,0,2,67,0,7,7,2010,4,6,15,1,2,2,US-19,,470,38.35128333,-80.836972220,0,59,0,0,1,1,2,0,1,1,0,1,0,0000000,99,99,99,99,99,99,0,0,0,1,0
54,540148,2,2,0,2,77,2350,5,7,2010,2,18,30,0,3,3,SR-72,,92,39.30793611,-79.693708330,0,12,2,0,1,1,1,0,1,1,0,1,0,0000000,99,99,99,99,99,99,0,0,0,1,1
54,540149,2,2,0,2,43,2464,19,7,2010,2,7,0,0,4,4,5,,53,38.30044444,-81.891061110,0,12,2,0,1,1,1,0,1,10,0,10,0,0000000,7,15,7,33,9,8,0,0,0,1,0
54,540150,2,2,0,3,19,163,21,7,2010,4,11,30,0,4,3,SR-61,,210,38.09039167,-81.248961110,0,12,2,0,1,1,1,0,1,10,0,10,0,0000000,99,99,99,99,99,99,0,0,0,1,0
54,540151,2,2,0,2,59,2250,23,7,2010,6,23,0,0,4,4,CR-6,MITCHELL BRANCH RD,5,37.64893611,-82.132675000,0,12,6,0,2,3,1,0,2,10,0,10,0,0000000,23,16,23,41,88,88,0,0,0,1,0
54,540152,1,1,0,1,27,1415,6,7,2010,3,21,0,0,4,4,7,,50,39.22331111,-78.674641670,0,42,0,0,1,1,4,0,5,1,0,1,0,0000000,21,8,21,25,88,88,0,0,0,1,0
54,540153,2,1,0,1,109,2331,4,7,2010,1,13,54,0,3,3,SR-10,,288,37.61691667,-81.539325000,0,32,0,0,1,1,4,0,1,1,0,1,0,0000000,13,56,14,7,14,50,0,0,0,1,1
54,540154,2,2,0,3,61,2800,23,7,2010,6,17,8,1,1,1,I-79,,1510,39.61063056,-79.993041670,0,72,0,0,1,1,1,0,1,1,0,1,0,0000000,17,13,17,35,17,50,0,0,0,1,0
54,540155,3,3,0,8,99,1438,9,7,2010,6,16,5,0,4,3,SR-152,,411,38.32105278,-82.445225000,0,12,6,0,1,1,1,0,1,10,0,10,0,0000000,99,99,99,99,99,99,0,0,0,1,1
54,540156,2,2,0,2,61,1840,22,7,2010,5,6,30,0,13,3,SR-705,,18,39.64948333,-79.934636110,0,12,6,0,8,1,1,0,1,1,0,1,0,0000000,99,99,99,99,99,99,0,0,0,1,0
54,540157,2,2,0,2,81,996,22,7,2010,5,21,50,1,1,1,I-77,,270,37.56889444,-81.112769440,0,12,1,0,1,1,1,0,2,1,0,1,0,0000000,21,50,22,5,88,88,0,0,0,1,0
54,540158,3,3,0,3,57,2863,29,7,2010,5,16,23,0,14,3,SR-28,,131,39.60525833,-78.776477780,0,12,8,0,1,1,1,0,1,1,0,1,0,0000000,99,99,99,99,99,99,0,0,0,1,0
54,540159,1,1,0,2,21,1050,9,8,2010,2,17,0,0,4,3,SR-5,,150,38.92346944,-80.766050000,0,30,0,0,1,1,4,0,1,1,0,1,0,0000000,17,19,17,53,18,57,0,0,0,2,0
54,540160,2,2,0,2,107,2715,5,8,2010,5,9,53,0,14,3,SR-68,,118,39.16670278,-81.679616670,0,12,2,0,1,1,1,0,1,10,0,10,0,0000000,10,2,10,11,10,41,0,0,0,1,0
54,540161,1,1,0,1,107,2717,5,8,2010,5,20,12,1,2,3,SR-2,,288,39.33993889,-81.402555560,0,35,0,0,1,1,5,0,2,1,0,1,0,0000000,20,13,20,22,20,51,0,0,0,1,1
54,540162,1,1,0,1,11,1270,5,8,2010,5,20,35,0,6,4,CR-44,,9,38.40692500,-82.365950000,0,42,0,0,1,1,4,0,5,1,0,1,0,0000000,22,13,99,99,88,88,0,0,0,1,1
54,540163,2,2,0,6,23,0,7,8,2010,7,20,50,0,3,3,SR-42,,102,39.11408056,-79.153919440,0,12,2,0,1,1,1,0,5,1,0,1,0,0000000,99,99,99,99,99,99,0,0,0,1,0
54,540164,1,1,0,1,105,780,8,8,2010,1,3,45,0,6,4,CR-26/1,,16,38.98960278,-81.387447220,0,42,0,0,1,1,4,0,2,1,0,1,0,0000000,15,1,15,29,16,14,0,0,0,1,1
54,540165,1,1,0,4,31,1709,4,8,2010,4,18,25,0,4,3,SR-259,,68,38.78339444,-78.895569440,0,1,0,0,1,1,4,0,1,10,0,10,0,0000000,18,30,18,33,19,34,0,0,0,1,1
54,540166,1,1,0,4,39,480,4,8,2010,4,20,6,0,16,4,20,,23,38.30623889,-81.669616670,0,16,0,0,1,1,1,0,2,2,0,2,0,0000000,99,99,99,99,99,99,0,0,0,1,0
54,540167,1,1,0,4,31,1743,4,8,2010,4,17,40,0,6,4,CR-7/3,,20,38.81583056,-79.100830560,0,5,0,0,1,1,5,0,5,10,0,10,0,0000000,17,40,18,29,19,17,0,0,0,1,0
54,540168,1,1,0,1,27,2330,6,8,2010,6,15,5,0,3,3,SR-28,,184,39.37638889,-78.737780560,0,1,0,0,1,1,1,0,1,1,0,1,0,0000000,15,7,15,13,15,31,0,0,0,1,0
54,540169,2,2,0,5,35,595,6,8,2010,6,17,47,0,3,4,CR-62,,60,38.85829167,-81.805916670,0,12,2,0,1,1,1,0,1,1,0,1,0,0000000,99,99,99,99,99,99,0,0,0,1,0
54,540170,1,1,0,1,53,2485,7,8,2010,7,13,27,1,2,2,US-35,,63,38.78352778,-82.051047220,0,30,0,0,1,1,6,0,1,1,0,1,0,0000000,13,28,13,38,13,44,0,0,0,1,0
54,540171,1,1,0,2,79,2402,12,8,2010,5,17,30,0,14,3,SR-34,,32,38.44790833,-81.943416670,0,42,0,0,1,1,5,0,1,1,0,1,0,0000000,17,54,18,8,18,37,0,0,0,1,1
54,540172,1,1,0,1,33,320,14,8,2010,7,5,55,0,14,3,SR-279,,17,39.31698056,-80.224588890,0,1,0,0,1,1,4,0,4,1,0,1,0,0000000,5,55,6,8,88,88,0,0,0,1,0
54,540173,1,1,0,1,91,2188,15,8,2010,1,23,50,0,14,2,US-250,,73,39.35640000,-80.125436110,0,42,0,0,1,1,4,0,2,1,0,1,0,0000000,23,54,0,3,99,99,0,0,0,1,0
54,540174,1,1,0,2,39,242,29,8,2010,1,20,30,0,16,4,CR-9/6,,14,38.40073889,-81.483019440,0,34,0,0,1,1,4,0,2,1,0,1,0,0000000,20,32,20,39,20,51,0,0,0,1,1
54,540175,1,1,0,2,41,2790,27,8,2010,6,17,43,0,4,4,CR-23,,12,38.90960278,-80.501633330,0,24,0,0,1,1,4,0,1,1,0,1,0,0000000,17,45,17,52,99,99,0,0,0,1,0
54,540176,1,1,0,1,97,45,28,8,2010,7,23,28,0,4,4,CR-11,,106,38.78098611,-80.220280560,0,35,0,0,1,1,4,0,2,1,0,1,0,0000000,23,33,23,53,0,56,0,0,0,1,1
54,540177,1,1,0,2,7,944,28,8,2010,7,15,38,1,1,1,I-79,,480,38.62236944,-80.877441670,0,1,0,0,1,1,3,0,1,1,0,1,0,0000000,99,99,99,99,99,99,0,0,0,1,0
54,540178,1,1,0,1,37,490,28,8,2010,7,22,40,0,6,4,CR-340/12,,3,39.30640556,-77.807980560,0,42,0,0,1,1,5,0,2,1,0,1,0,0000000,22,44,22,50,23,12,0,0,0,1,0
54,540179,1,1,0,6,39,560,17,8,2010,3,9,45,1,1,1,I-79,,180,38.54725000,-81.302852780,0,1,0,0,1,1,3,0,1,10,0,10,0,0000000,9,45,9,50,10,30,0,0,0,2,0
54,540180,1,1,0,1,7,0,14,8,2010,7,0,5,1,1,1,I-79,,750,38.80159167,-80.661750000,0,24,0,0,1,1,4,0,2,1,0,1,0,0000000,99,99,99,99,88,88,0,0,0,1,0
54,540181,2,2,0,3,107,2880,8,8,2010,1,14,0,0,14,4,CR-31,BECKWITH AVE,190,39.34845278,-81.426500000,0,12,6,0,2,3,1,0,1,1,0,1,0,0000000,14,6,14,11,14,43,0,0,0,1,0
54,540182,1,1,0,1,47,2324,13,8,2010,6,23,15,1,2,2,US-52,,136,37.44382500,-81.718197220,0,1,0,0,1,1,5,0,2,1,0,1,0,0000000,99,99,99,99,88,88,0,0,0,1,1
54,540183,2,2,0,2,45,2583,13,8,2010,6,4,18,0,14,3,SR-44,,120,37.79528056,-81.986111110,0,12,8,0,1,1,1,0,3,1,0,1,0,0000000,4,13,4,23,4,48,0,0,0,1,1
54,540184,1,1,0,2,99,2720,7,8,2010,7,3,5,0,6,4,CR-21/3,,15,38.15642778,-82.284463890,0,1,0,0,1,1,1,0,2,5,0,5,0,0000000,99,99,99,99,99,99,0,0,0,1,1
54,540185,1,1,0,1,19,1508,7,8,2010,7,18,54,0,3,2,US-60,,302,38.06462500,-80.966963890,0,24,0,0,1,1,4,0,1,1,0,1,0,0000000,99,99,99,99,88,88,0,0,0,1,0
54,540186,1,1,1,2,11,1270,7,8,2010,7,22,5,0,13,2,US-60,,85,38.41109722,-82.369738890,0,8,0,0,1,1,1,0,2,1,0,1,0,0000000,99,99,99,99,88,88,0,0,0,1,0
54,540187,3,3,0,4,107,2717,14,8,2010,7,13,16,0,4,3,SR-31,,82,39.28322778,-81.368952780,0,12,2,0,1,1,1,0,1,1,0,1,0,0000000,13,18,13,49,14,11,0,0,0,1,0
54,540188,2,2,0,2,87,75,27,8,2010,6,0,5,1,1,1,I-79,,320,38.58487500,-81.200638890,0,12,7,0,1,1,1,0,2,1,0,1,0,0000000,99,99,99,99,88,88,0,0,0,1,2
54,540189,1,1,0,3,31,127,30,8,2010,2,15,36,1,2,3,SR-55,,273,39.04848889,-78.749891670,0,24,0,0,1,1,4,0,1,1,0,1,0,0000000,15,47,16,4,99,99,0,0,0,1,0
54,540190,2,2,0,3,3,1660,21,8,2010,7,15,41,1,13,3,SR-9,PRIVATE DRIVE,145,39.42626667,-77.940252780,0,12,6,0,2,2,1,0,1,10,0,10,0,0000000,15,43,15,46,16,10,0,0,0,1,0
54,540191,1,1,0,3,81,2186,5,9,2010,1,0,13,0,15,4,CR-19/5,,3,37.83131944,-81.200800000,0,42,0,0,1,1,5,0,2,1,0,1,0,0000000,0,14,0,21,0,59,0,0,0,1,1
54,540192,1,1,0,1,83,575,11,9,2010,7,3,42,0,6,4,CR-5/4,,15,38.88991389,-79.957208330,0,35,0,0,1,1,4,0,2,5,0,5,0,0000000,99,99,99,99,88,88,0,0,0,1,1
54,540193,1,1,1,1,37,1140,13,9,2010,2,23,48,1,2,2,US-340,WASHINGTON ST,17,39.31891111,-77.758869440,0,9,0,0,2,2,1,0,3,1,0,1,0,0000000,23,58,0,23,0,50,0,0,0,1,0
54,540194,1,1,1,1,77,2260,15,9,2010,4,12,35,0,4,4,CR-27,,2,39.51152500,-79.801338890,0,34,0,0,1,1,4,0,1,1,0,1,0,0000000,12,42,14,7,14,49,0,0,0,1,0
54,540195,1,1,0,1,39,560,15,9,2010,4,4,30,1,1,1,I-79,,180,38.56450833,-81.278002780,0,1,0,0,1,1,1,0,2,1,0,1,0,0000000,4,30,4,43,88,88,0,0,0,1,1
54,540196,1,1,0,1,21,0,15,9,2010,4,1,0,0,6,4,CR-42,,15,38.88295000,-80.740972220,0,30,0,0,1,1,4,0,2,5,0,5,0,0000000,88,88,88,88,88,88,0,0,0,1,1
54,540197,2,2,0,4,47,2173,3,9,2010,6,12,5,1,2,2,US-52,,165,37.42061667,-81.640950000,0,12,2,0,1,1,1,0,1,1,0,1,0,0000000,12,38,12,51,13,30,0,0,0,3,0
54,540198,2,2,0,6,55,2180,2,9,2010,5,13,40,1,13,2,US-460,MT. HOREB RD,128,37.35713611,-81.096525000,0,12,6,0,2,2,1,0,1,1,0,1,0,0000000,99,99,99,99,99,99,0,0,0,2,0
54,540199,2,2,0,2,39,2480,2,9,2010,5,21,9,0,13,2,US-60,MONTROSE DR,131,38.36730000,-81.686911110,0,12,6,0,2,2,1,0,3,1,0,1,0,0000000,21,9,21,15,21,32,0,0,0,1,2
54,540200,1,1,0,1,81,2546,19,9,2010,1,3,40,0,4,3,SR-3,,70,37.89100278,-81.531955560,0,43,0,0,1,1,5,0,2,1,0,1,0,0000000,3,46,4,1,88,88,0,0,0,1,1
54,540201,1,1,0,1,109,1548,19,9,2010,1,13,6,0,3,3,SR-97,,27,37.65817500,-81.432594440,0,31,0,0,1,1,4,0,1,1,0,1,0,0000000,13,6,99,99,99,99,0,0,0,1,0
54,540202,1,1,0,1,19,1870,20,9,2010,2,8,50,0,14,3,SR-16,,12,37.90648611,-81.156950000,0,72,0,0,1,1,1,0,1,1,0,1,0,0000000,8,54,8,58,88,88,0,0,0,1,0
54,540203,1,1,0,2,67,597,20,9,2010,2,20,26,0,4,3,SR-20,,320,38.33505833,-80.636386110,0,1,0,0,1,1,4,0,2,1,0,1,0,0000000,99,99,99,99,99,99,0,0,0,1,1
54,540204,1,1,0,1,19,1970,2,9,2010,5,0,45,1,13,2,US-19,,60,37.95842778,-81.152411110,0,35,0,0,1,1,3,0,3,1,0,1,0,0000000,0,47,0,51,88,88,0,0,0,1,1
54,540205,1,1,0,1,5,1327,4,9,2010,7,2,30,1,2,2,US-119,,187,38.15042778,-81.844272220,0,1,0,0,1,1,4,0,2,1,0,1,0,0000000,99,99,99,99,88,88,0,0,0,1,1
54,540206,2,2,0,2,23,2090,11,9,2010,7,7,0,0,3,3,SR-42,PATTERSON CREEK RD,36,39.04885278,-79.111433330,0,12,6,0,2,3,1,0,1,1,0,1,0,0000000,99,99,99,99,99,99,0,0,0,1,0
54,540207,2,2,0,3,69,0,17,9,2010,6,2,19,1,1,1,I-70,,95,40.06434444,-80.577422220,0,12,1,0,1,1,1,0,2,1,0,1,0,0000000,99,99,99,99,99,99,0,0,0,1,0
54,540208,2,2,0,3,77,1167,6,9,2010,2,17,0,0,4,4,CR-5,I-68,44,39.65720833,-79.532872220,0,12,6,1,2,2,1,0,1,1,0,1,0,0000000,17,2,17,17,88,88,0,0,0,1,0
54,540209,2,2,0,2,29,1900,7,9,2010,3,15,30,0,4,4,CR-7,WYLIE RIDGE RD,2,40.50727222,-80.560855560,0,12,6,0,2,3,1,0,1,1,0,1,0,0000000,99,99,99,99,99,99,0,0,0,1,0
54,540210,2,2,0,3,47,0,8,9,2010,4,12,30,0,4,3,SR-80,,51,37.45816667,-81.818791670,0,12,2,0,1,1,1,0,1,1,0,1,0,0000000,99,99,99,99,99,99,0,0,0,2,0
54,540211,2,2,0,3,55,300,7,9,2010,3,6,31,1,2,2,US-52,,37,37.33863611,-81.312988890,0,12,2,0,1,1,1,0,4,1,0,1,0,0000000,99,99,99,99,99,99,0,0,0,1,0
54,540212,2,2,0,3,53,968,13,9,2010,2,17,0,1,2,3,SR-2,,151,38.77101667,-82.199191670,0,12,6,0,1,1,1,0,1,1,0,1,0,0000000,99,99,99,99,99,99,0,0,0,1,1
54,540213,2,2,0,2,11,130,15,9,2010,4,12,50,0,13,2,US-60,,95,38.41486111,-82.259875000,0,12,2,0,1,1,1,0,1,1,0,1,0,0000000,99,99,99,99,99,99,0,0,0,1,0