STATE,ST_CASE,VE_TOTAL,VE_FORMS,PEDS,PERSONS,COUNTY,CITY,DAY,MONTH,YEAR,DAY_WEEK,HOUR,MINUTE,NHS,ROAD_FNC,ROUTE,TWAY_ID,TWAY_ID2,MILEPT,LATITUDE,LONGITUD,SP_JUR,HARM_EV,MAN_COLL,RELJCT1,RELJCT2,TYP_INT,REL_ROAD,WRK_ZONE,LGT_COND,WEATHER1,WEATHER2,WEATHER,SCH_BUS,RAIL,NOT_HOUR,NOT_MIN,ARR_HOUR,ARR_MIN,HOSP_HR,HOSP_MN,CF1,CF2,CF3,FATALS,DRUNK_DR
54,540214,2,2,0,3,73,2380,22,9,2010,4,13,27,0,4,3,SR-16,GREENS RUN RD,71,39.38098056,-81.189780560,0,12,6,0,3,3,1,0,1,1,0,1,0,0000000,99,99,99,99,99,99,0,0,0,1,0
54,540215,1,1,0,1,11,0,23,9,2010,5,18,5,0,16,4,CR-25/2,,45,38.40366389,-82.135377780,0,23,0,0,1,1,4,0,1,1,0,1,0,0000000,18,4,18,23,18,53,0,0,0,1,1
54,540216,2,2,0,2,91,2188,17,9,2010,6,11,45,0,14,2,US-50,,78,39.31806389,-80.125136110,0,12,2,0,1,1,1,0,1,1,0,1,0,0000000,11,47,11,53,12,9,0,0,0,1,0
54,540217,1,1,0,1,107,2040,24,9,2010,6,3,7,1,2,3,SR-2,,247,39.32480278,-81.444655560,0,1,0,0,1,1,5,0,2,1,0,1,0,0000000,3,10,3,17,3,34,0,0,0,1,1
54,540218,2,2,0,3,103,1930,19,9,2010,1,17,55,0,4,3,SR-180,,17,39.61150833,-80.878127780,0,54,11,0,1,1,1,0,1,1,0,1,0,0000000,18,22,19,20,99,99,14,0,0,2,0
54,540219,1,1,0,1,27,2522,24,9,2010,6,6,46,0,3,3,SR-28,,227,39.45296111,-78.696700000,0,42,0,0,1,1,5,0,1,1,0,1,0,0000000,6,51,7,0,7,10,0,0,0,1,0
54,540220,3,3,0,4,109,0,15,9,2010,4,14,21,0,3,3,SR-10,,316,37.66710833,-81.600780560,0,12,6,0,1,1,1,0,1,1,0,1,0,0000000,14,21,14,47,99,99,0,0,0,1,0
54,540221,3,3,0,5,23,2090,12,9,2010,1,19,24,1,2,3,SR-28,,130,38.99744167,-79.102163890,0,12,6,0,1,1,1,0,5,1,0,1,0,0000000,99,99,99,99,99,99,0,0,0,1,0
54,540222,1,1,0,1,35,991,21,10,2010,5,23,44,0,5,4,CR-26,,47,38.77021389,-81.583141670,0,1,0,0,1,1,1,0,2,1,0,1,0,0000000,23,46,23,59,88,88,0,0,0,1,1
54,540223,1,1,0,1,87,2270,4,10,2010,2,5,30,0,3,2,US-33,,67,38.82787222,-81.471863890,0,42,0,0,1,1,4,0,2,1,0,1,0,0000000,99,99,99,99,99,99,0,0,0,1,0
54,540224,1,1,0,1,85,0,21,10,2010,5,14,2,1,2,2,US-50,,310,39.26053611,-81.137894440,0,43,0,0,1,1,3,0,1,1,0,1,0,0000000,99,99,99,99,99,99,0,0,0,1,0
54,540225,1,1,0,4,35,2240,16,10,2010,7,4,8,1,1,1,I-77,,1510,38.98638889,-81.685000000,0,52,0,0,1,1,3,0,2,1,0,1,0,0000000,99,99,99,99,99,99,0,0,0,1,0
54,540226,1,1,0,1,55,260,9,10,2010,7,0,30,0,6,6,PRINCETON AVE,,0,37.27606667,-81.202097220,0,30,0,0,1,1,4,0,3,1,0,1,0,0000000,0,32,0,39,1,21,0,0,0,1,1
54,540227,1,1,0,2,19,649,19,10,2010,3,0,10,0,4,3,SR-41,,133,37.97241667,-80.936408330,0,42,0,0,1,1,5,0,2,1,0,1,0,0000000,99,99,99,99,99,99,0,0,0,1,1
54,540228,1,1,0,2,83,810,6,10,2010,4,23,13,0,3,2,US-33,,106,38.91981944,-79.842066670,0,35,0,0,1,1,4,0,2,10,0,10,0,0000000,99,99,99,99,99,99,0,0,0,1,1
54,540229,1,1,0,1,59,691,27,10,2010,4,17,20,0,4,4,CR-3/5,,140,37.86995833,-82.177886110,0,42,0,0,1,1,4,0,1,1,0,1,0,0000000,99,99,99,99,88,88,0,0,0,1,1
54,540230,1,1,0,1,25,617,31,10,2010,1,3,51,0,3,2,US-60,,129,37.92971944,-80.650830560,0,35,0,0,1,1,4,0,2,10,0,10,0,0000000,3,54,4,18,88,88,0,0,0,1,1
54,540231,1,1,0,1,59,0,10,10,2010,1,17,0,0,6,4,CR-1,,51,37.69203889,-82.300258330,0,53,0,0,1,1,4,0,1,1,0,1,0,0000000,99,99,99,99,88,88,0,0,0,1,0
54,540232,1,1,0,1,5,2644,30,10,2010,7,16,30,1,2,2,US-119,,94,37.99820833,-81.911166670,0,1,0,0,1,1,1,0,1,1,0,1,0,0000000,16,32,16,40,88,88,0,0,0,1,0
54,540233,1,1,0,1,39,619,9,10,2010,7,17,28,1,11,1,I-64,,480,38.39961944,-81.784102780,0,1,0,0,1,1,1,0,1,1,0,1,0,0000000,17,33,17,34,17,45,0,0,0,1,0
54,540234,1,1,0,1,39,2480,23,10,2010,7,20,38,0,14,4,CR-12,,21,38.33788611,-81.773172220,0,1,0,0,1,1,4,0,2,1,0,1,0,0000000,20,45,20,50,88,88,0,0,0,1,1
54,540235,1,1,0,3,53,2754,3,9,2010,6,21,51,0,4,4,CR-7,,40,38.98089722,-82.061433330,0,42,0,0,1,1,4,0,2,1,0,1,0,0000000,99,99,99,99,99,99,0,0,0,1,0
54,540236,1,1,0,4,47,125,8,9,2010,4,2,55,0,4,3,SR-80,,71,37.40140833,-81.786302780,0,24,0,0,1,1,4,0,2,1,0,1,0,0000000,99,99,99,99,99,99,0,0,0,1,0
54,540237,2,2,0,5,39,1010,1,10,2010,6,13,31,0,13,2,US-60,,370,38.21350278,-81.423625000,0,12,2,0,1,1,1,0,1,1,0,1,0,0000000,13,34,13,48,14,36,0,0,0,3,0
54,540238,2,2,0,5,35,2310,3,10,2010,1,13,56,1,1,1,I-77,,1337,38.76640556,-81.712927780,0,12,6,0,1,1,1,0,1,1,0,1,0,0000000,99,99,99,99,99,99,0,0,0,3,0
54,540239,2,2,0,4,49,840,6,10,2010,4,10,0,1,1,1,I-79,,1400,39.49960278,-80.073530560,0,12,1,0,1,1,1,2,1,1,0,1,0,0000000,9,56,9,57,10,24,0,0,0,1,0
54,540240,3,3,0,4,33,1088,13,10,2010,4,17,49,0,14,2,US-19,,236,39.36631389,-80.313233330,0,12,1,0,1,1,1,0,1,1,0,1,0,0000000,99,99,99,99,99,99,0,0,0,1,0
54,540241,1,1,0,1,7,1932,30,10,2010,7,16,25,0,5,4,CR-23,,33,38.71176944,-80.498372220,0,42,0,0,1,1,5,0,1,1,0,1,0,0000000,16,55,17,15,88,88,0,0,0,1,1
54,540242,1,1,0,3,57,790,23,10,2010,7,0,23,0,3,2,US-50,,14,39.32201389,-79.153575000,0,42,0,0,1,1,5,0,2,1,0,1,0,0000000,0,35,0,47,1,49,0,0,0,1,1
54,540243,2,2,0,5,71,538,17,10,2010,1,13,34,0,3,2,US-33,SR-28,193,38.42230000,-79.275300000,0,12,6,0,2,4,1,0,1,1,0,1,0,0000000,99,99,99,99,99,99,0,0,0,1,0
54,540244,1,1,0,3,59,1952,5,11,2010,6,1,35,0,4,3,SR-49,,71,37.62476944,-82.151513890,0,35,0,0,1,1,4,0,2,1,0,1,0,0000000,99,99,99,99,99,99,0,0,0,1,1
54,540245,1,1,0,3,99,940,1,11,2010,2,16,0,0,6,4,CR-36,,3,38.11348889,-82.592125000,0,1,0,0,1,1,4,0,1,1,0,1,0,0000000,99,99,99,99,99,99,0,0,0,1,0
54,540246,1,1,0,2,11,130,4,11,2010,5,13,46,0,14,2,US-60,FARMDALE RD,120,38.41479444,-82.299538890,0,33,0,0,3,2,4,0,1,1,0,1,0,0000000,99,99,99,99,99,99,0,0,0,1,0
54,540247,1,1,0,1,63,2722,4,11,2010,5,19,40,0,6,4,CR-9,,23,37.61861667,-80.705394440,0,42,0,0,1,1,4,0,2,2,0,2,0,0000000,19,44,20,15,88,88,0,0,0,1,0
54,540249,1,1,0,1,81,170,21,11,2010,1,17,25,0,6,6,MARKET RD,,0,37.80467222,-81.185038890,0,52,0,0,1,1,4,0,3,10,0,10,0,0000000,99,99,99,99,88,88,0,0,0,1,1
54,540250,1,1,0,2,33,0,22,11,2010,2,0,23,1,2,2,US-50,,695,39.27757222,-80.288438890,0,1,0,0,1,1,3,0,2,1,0,1,0,0000000,99,99,99,99,88,88,0,0,0,2,0
54,540251,1,1,0,1,41,2790,22,11,2010,2,9,0,1,1,1,I-79,,945,38.98171389,-80.508155560,0,35,0,0,1,1,4,0,1,1,0,1,0,0000000,9,9,9,17,88,88,0,0,0,1,1
54,540252,1,1,0,1,25,1470,12,11,2010,6,6,30,1,1,1,I-64,,1675,37.80919167,-80.414750000,0,24,0,0,1,1,3,0,2,1,0,1,0,0000000,99,99,99,99,88,88,0,0,0,1,1
54,540253,3,3,0,4,69,2830,18,10,2010,2,17,10,0,14,2,US-40,KRUGER ST,67,40.04318056,-80.658230560,0,12,1,0,3,2,1,0,1,10,0,10,0,0000000,99,99,99,99,99,99,0,0,0,1,0
54,540254,2,2,0,2,45,659,27,10,2010,4,6,34,0,3,3,SR-10,,47,37.73298333,-81.817588890,0,12,6,0,1,1,1,0,2,5,0,5,0,0000000,99,99,99,99,88,88,0,0,0,1,0
54,540255,2,2,0,6,73,2380,29,10,2010,6,17,38,0,4,3,SR-16,,56,39.34976389,-81.135150000,0,12,6,0,1,1,1,0,1,1,0,1,0,0000000,99,99,99,99,99,99,0,0,0,1,1
54,540256,1,1,0,1,109,1990,29,10,2010,6,19,45,0,6,4,CR-971/1,,4,37.69788056,-81.647044440,0,1,0,0,1,1,2,0,2,1,0,1,0,0000000,99,99,99,99,99,99,0,0,0,1,0
54,540257,3,3,0,4,17,2810,1,11,2010,2,9,52,0,4,2,US-50,SR-18,530,39.28771111,-80.768502780,0,12,6,0,2,2,1,0,1,1,0,1,0,0000000,9,54,9,58,99,99,0,0,0,2,1
54,540258,2,2,0,2,67,597,9,11,2010,3,17,15,0,4,3,SR-20,,323,38.22418889,-80.690502780,0,12,2,0,1,1,1,0,1,1,0,1,0,0000000,99,99,99,99,99,99,0,0,0,1,0
54,540259,1,1,0,1,33,0,9,11,2010,3,12,15,1,1,1,I-79,,1290,39.38659167,-80.208338890,0,1,0,0,1,1,1,0,1,1,0,1,0,0000000,12,20,12,26,88,88,0,0,0,1,0
54,540260,1,1,0,1,47,630,13,11,2010,7,17,0,0,5,4,CR-14,,15,37.42583056,-81.340627780,0,5,0,0,1,1,5,0,2,1,0,1,0,0000000,99,99,99,99,88,88,0,0,0,1,1
54,540261,2,2,0,4,109,345,4,11,2010,5,14,15,0,3,3,SR-10,,87,37.53355278,-81.378563890,0,12,6,0,1,1,1,0,1,2,0,2,0,0000000,99,99,99,99,99,99,0,0,0,1,1
54,540262,2,2,0,4,37,2230,6,11,2010,7,10,50,1,2,3,SR-9,,67,39.33308611,-77.856544440,0,12,6,0,1,1,1,0,1,1,0,1,0,0000000,99,99,99,99,99,99,0,0,0,4,0
54,540263,2,2,0,3,55,261,29,11,2010,2,13,22,1,2,2,US-52,,70,37.31215556,-81.260891670,0,12,6,0,8,1,1,0,1,1,0,1,0,0000000,99,99,99,99,99,99,0,0,0,1,1
54,540264,2,1,0,1,67,375,29,11,2010,2,13,37,0,4,3,SR-41,,89,38.33553056,-80.720330560,0,45,0,0,1,1,1,2,1,1,0,1,0,0000000,99,99,99,99,99,99,0,0,0,1,0
54,540265,1,1,1,1,43,1742,26,11,2010,6,20,25,0,6,4,CR-54/5,,3,38.17750000,-82.171938890,0,8,0,0,1,1,1,0,2,1,0,1,0,0000000,99,99,99,99,88,88,19,0,0,1,0
54,540266,1,1,0,5,61,1840,5,12,2010,1,2,35,1,1,1,I-68,,147,39.66053611,-79.804344440,0,57,0,0,1,1,3,0,2,4,0,4,0,0000000,99,99,99,99,99,99,0,0,0,1,0
54,540267,1,1,0,1,55,908,11,12,2010,7,14,55,1,1,1,I-77,,270,37.59050833,-81.126008330,0,1,0,0,1,1,4,0,1,1,0,1,0,0000000,14,55,15,5,15,54,0,0,0,1,0
54,540268,1,1,0,1,49,2843,22,12,2010,4,7,15,1,11,1,I-79,,1310,39.42162500,-80.198200000,0,24,0,0,1,1,4,0,4,10,0,10,0,0000000,7,18,7,25,88,88,0,0,0,1,0
54,540269,1,1,1,2,3,1660,4,12,2010,7,20,40,0,14,2,US-11,,113,39.43754444,-77.984691670,0,8,0,0,1,1,1,0,2,1,0,1,0,0000000,20,42,20,46,88,88,0,0,0,1,0
54,540270,1,1,0,3,77,2590,11,12,2010,7,1,0,0,6,4,CR-28,,40,39.52628889,-79.551144440,0,35,0,0,1,1,4,0,2,1,0,1,0,0000000,99,99,99,99,88,88,0,0,0,1,1
54,540271,1,1,0,1,3,1307,13,12,2010,2,7,17,0,6,4,CR-24,,37,39.33778056,-78.095280560,0,30,0,0,1,1,4,0,4,10,0,10,0,0000000,7,58,9,1,88,88,0,0,0,1,0
54,540272,2,2,0,3,7,980,13,12,2010,2,7,17,0,4,3,SR-4,,37,38.65642778,-80.743416670,0,12,8,0,1,1,1,0,1,4,0,4,0,0000000,99,99,99,99,99,99,0,0,0,1,0
54,540273,1,1,0,2,39,2891,20,12,2010,2,10,30,0,6,4,CR-77/2,,0,38.17478333,-81.563444440,0,1,0,0,1,1,2,0,1,4,0,4,0,0000000,10,32,10,39,11,25,0,0,0,1,0
54,540274,1,1,0,1,31,127,19,12,2010,1,4,33,1,2,3,SR-55,,273,39.04825278,-78.750772220,0,35,0,0,1,1,4,0,2,1,0,1,0,0000000,99,99,99,99,99,99,0,0,0,1,1
54,540275,3,3,0,10,39,2370,5,12,2010,1,13,1,0,13,2,US-60,,87,38.35806111,-81.756111110,0,12,6,0,4,1,1,0,1,10,0,10,0,0000000,13,13,13,16,13,33,0,0,0,1,0
54,540276,1,1,0,3,3,1660,27,12,2010,2,22,33,0,6,4,CR-9/11,,15,39.49367500,-77.977180560,0,42,0,0,1,1,4,0,2,1,0,1,0,0000000,22,35,22,44,23,10,0,0,0,1,0
54,540277,1,1,0,1,109,2140,16,12,2010,5,23,15,1,2,3,SR-10,,243,37.57995556,-81.533833330,0,30,0,0,1,1,4,0,2,10,0,10,0,0000000,23,18,23,26,88,88,0,0,0,1,0
54,540278,2,2,0,2,29,530,1,12,2010,4,10,30,0,5,2,US-30,,26,40.59485833,-80.525408330,0,12,2,0,1,1,1,0,1,1,0,1,0,0000000,99,99,99,99,99,99,0,0,0,1,1
54,540279,2,2,0,2,9,220,8,12,2010,4,11,57,0,4,3,SR-67,ROSS ST,69,40.20562500,-80.556155560,0,12,6,0,2,2,1,0,1,1,0,1,0,0000000,99,99,99,99,99,99,0,0,0,1,0
54,540280,2,2,1,2,69,2630,18,12,2010,7,13,46,0,14,2,US-40,,81,40.05153333,-80.633083330,0,12,8,0,1,1,1,0,1,1,0,1,0,0000000,13,47,13,54,14,9,0,0,0,1,0
54,540281,2,2,0,3,33,90,28,12,2010,3,11,17,1,11,1,I-79,,1180,39.25973056,-80.287547220,0,12,6,0,1,1,1,0,1,10,0,10,0,0000000,99,99,99,99,99,99,0,0,0,1,0
54,540282,6,6,0,11,41,2790,30,12,2010,5,16,35,1,1,1,I-79,,1010,39.05145278,-80.402411110,0,12,1,0,1,1,1,0,1,1,0,1,0,0000000,99,99,99,99,99,99,0,0,0,1,0
54,540283,2,2,0,2,45,1541,29,12,2010,4,5,30,1,2,3,SR-10,,151,37.79611111,-81.939719440,0,12,2,0,1,1,1,0,2,10,0,10,0,0000000,99,99,99,99,99,99,0,0,0,1,0
54,540284,4,4,0,5,55,260,4,12,2010,7,2,48,1,13,2,US-460,MERCER MALL RD,60,37.29173056,-81.165338890,0,12,6,0,2,2,1,0,3,10,0,10,0,0000000,99,99,99,99,99,99,0,0,0,1,2
54,540285,5,1,0,2,55,260,12,12,2010,1,5,6,0,4,2,US-19,,239,37.27726389,-81.164161110,0,14,0,0,1,1,5,0,2,10,0,10,0,0000000,99,99,99,99,99,99,0,0,0,1,1
54,540286,2,2,0,3,33,0,28,12,2010,3,10,37,0,14,2,US-19,,147,39.20196389,-80.412325000,0,12,6,0,1,1,1,0,1,1,0,1,0,0000000,99,99,99,99,99,99,0,0,0,1,0
55,550001,2,2,0,2,9,0,5,1,2010,3,9,2,0,3,3,SR-54,,0,44.53827222,-87.817647220,0,12,1,0,1,1,1,0,1,1,0,1,0,0000000,9,3,9,17,99,99,0,0,0,1,0
55,550002,2,2,0,6,79,3100,1,1,2010,6,2,24,0,14,6,27TH ST N,LOCUST ST W,0,43.07163056,-87.947380560,0,12,6,0,2,2,1,0,3,1,0,1,0,0000000,99,99,99,99,99,99,20,0,0,2,2
55,550003,2,2,0,3,9,2000,6,1,2010,4,22,47,1,13,3,SR-32,CLINTON ST,0,44.51239167,-88.028855560,0,12,6,1,2,2,1,0,3,1,0,1,0,0000000,22,49,22,53,99,99,0,0,0,2,1
55,550004,1,1,0,1,55,0,1,1,2010,6,18,7,0,4,4,F,,0,43.04016389,-88.582613890,0,1,0,0,1,1,5,0,2,1,0,1,0,0000000,18,7,18,16,88,88,0,0,0,1,1
55,550005,1,1,1,1,79,3475,2,1,2010,7,17,10,1,13,3,SR-32,,0,42.89066389,-87.862666670,0,8,0,0,1,1,1,0,3,1,0,1,0,0000000,17,11,17,15,18,1,0,0,0,1,0
55,550006,1,1,0,1,79,3100,9,1,2010,7,1,40,0,14,6,FOREST HOME AVE W,17TH ST S,0,43.00871944,-87.934333330,0,30,0,0,2,4,4,0,3,11,0,11,0,0000000,1,47,1,49,88,88,0,0,0,1,1
55,550007,1,1,0,1,105,0,11,1,2010,2,5,45,0,4,4,X,,0,42.56850556,-88.807555560,0,42,0,0,1,1,4,0,2,11,0,11,0,0000000,5,45,5,58,88,88,0,0,0,1,0
55,550008,2,2,0,2,97,0,3,1,2010,1,19,20,1,2,2,US-10,,0,44.40788056,-89.232675000,0,12,2,0,1,1,1,0,2,10,0,10,0,0000000,19,23,19,29,88,88,0,0,0,1,1
55,550009,1,1,1,1,89,3002,14,1,2010,5,19,3,0,13,6,HIGHLAND AVE,,0,43.25063333,-87.959922220,0,8,0,0,1,1,1,0,3,1,0,1,0,0000000,19,3,19,8,88,88,0,0,0,1,0
55,550010,2,2,0,2,25,0,3,1,2010,1,16,14,0,13,2,US-51,,0,42.95278611,-89.280525000,0,12,2,0,1,1,1,0,1,1,0,1,0,0000000,16,14,16,26,99,99,0,0,0,1,0
55,550011,1,1,0,2,9,2000,1,1,2010,6,7,40,0,16,6,13TH AVE,LIBERTY ST,0,44.50142500,-88.045952780,0,48,0,0,3,2,5,0,4,10,0,10,0,0000000,7,42,7,47,7,51,0,0,0,1,1
55,550012,2,2,0,2,39,0,19,1,2010,3,8,11,0,4,4,AW,,0,43.63433611,-88.813647220,0,12,6,0,8,1,1,0,1,5,0,5,0,0000000,8,16,8,33,88,88,0,0,0,1,0
55,550013,1,1,0,1,79,3100,23,1,2010,7,23,40,1,13,3,SR-190,APPLETON AVE W,0,43.09017222,-88.004177780,0,46,0,0,3,2,4,0,3,2,0,2,0,0000000,99,99,99,99,88,88,0,0,0,1,0
55,550014,1,1,0,1,79,3100,21,1,2010,5,9,55,0,13,3,SR-57,,0,43.09784167,-87.927672220,0,42,0,0,1,1,3,0,1,10,0,10,0,0000000,99,99,99,99,99,99,0,0,0,1,0
55,550015,1,1,0,1,83,0,30,1,2010,7,2,15,0,4,4,S,,0,44.82950278,-87.912211110,0,34,0,0,1,1,4,0,2,1,0,1,0,0000000,2,18,2,27,88,88,0,0,0,1,1
55,550016,1,1,1,1,79,3100,14,1,2010,5,21,39,0,14,6,BURLEIGH ST W,42ND ST N,0,43.07521667,-87.965533330,0,8,0,0,2,2,1,0,3,1,0,1,0,0000000,99,99,99,99,88,88,0,0,0,1,0
55,550017,2,2,0,2,21,0,15,1,2010,6,12,53,0,3,3,SR-16,TRAUT RD,0,43.48377222,-89.305480560,0,12,6,0,2,2,1,0,1,1,0,1,0,0000000,12,54,13,6,13,36,0,0,0,1,0
55,550018,4,4,0,5,85,0,1,1,2010,6,0,58,1,2,2,US-8,,0,45.59980000,-89.301477780,0,12,2,0,1,1,1,0,2,1,0,1,0,0000000,0,59,1,5,1,20,0,0,0,1,2
55,550019,1,1,0,1,93,0,1,2,2010,2,1,48,0,6,5,N,,0,44.80196667,-92.347963890,0,1,0,0,1,1,4,0,2,1,0,1,0,0000000,1,48,2,3,99,99,20,0,0,1,1
55,550020,1,1,0,1,83,0,5,2,2010,6,22,54,0,3,3,SR-32,,0,45.06036667,-88.425263890,0,53,0,0,1,1,5,0,2,10,0,10,0,0000000,22,57,23,9,88,88,0,0,0,1,1
55,550021,1,1,0,1,79,3100,14,2,2010,1,1,26,0,13,4,GOOD HOPE RD,,0,43.14871944,-88.016880560,0,33,0,0,1,1,3,0,3,1,0,1,0,0000000,1,29,1,34,88,88,0,0,0,1,1
55,550022,1,1,0,1,25,2780,15,2,2010,2,15,57,1,12,3,SR-30,,0,43.10170278,-89.282261110,0,34,0,0,1,1,5,0,1,4,0,4,0,0000000,15,59,16,5,88,88,0,0,0,1,0
55,550023,2,2,0,6,25,0,15,2,2010,2,17,32,0,6,5,SCHUMACHER RD,CUBA VALLEY RD,0,43.22125278,-89.437122220,0,12,6,0,2,2,1,0,1,4,0,4,0,0000000,17,33,99,99,99,99,0,0,0,1,0
55,550024,1,1,0,1,47,460,6,2,2010,7,2,20,0,15,5,FRANKLIN ST W,,0,43.96739444,-88.949136110,0,48,0,0,1,1,5,0,2,10,0,10,0,0000000,99,99,99,99,99,99,0,0,0,1,1
55,550025,2,2,0,3,79,3100,20,2,2010,7,2,26,0,14,5,CENTER ST W,9TH ST N,0,43.06766389,-87.922769440,0,12,6,0,2,2,1,0,3,10,0,10,0,0000000,99,99,99,99,99,99,0,0,0,1,1
55,550026,1,1,0,1,77,0,8,2,2010,2,7,46,1,1,1,I-39,,1224,43.96091389,-89.486388890,0,34,0,0,1,1,3,0,1,3,0,3,0,0000000,7,50,8,6,88,88,0,0,0,1,0
55,550027,2,2,0,5,139,0,20,2,2010,7,20,17,1,12,2,US-41,,0,43.95089444,-88.583150000,0,12,6,0,1,1,1,0,2,4,0,4,0,0000000,99,99,99,99,99,99,0,0,0,1,0
55,550028,1,1,0,1,25,0,27,2,2010,7,99,99,0,6,5,LAKE KEGONSA RD,,0,42.94818611,-89.279569440,0,1,0,0,1,1,5,0,2,1,0,1,0,0000000,88,88,88,88,88,88,0,0,0,1,1
55,550029,1,1,0,1,49,0,1,2,2010,2,8,37,0,4,3,SR-39,,0,42.85551944,-89.854966670,0,48,0,0,1,1,4,0,1,10,0,10,0,0000000,8,38,99,99,88,88,0,0,0,1,0
55,550030,1,1,0,1,15,0,2,2,2010,3,8,48,0,3,3,SR-114,,0,44.19848333,-88.315830560,0,42,0,0,1,1,4,0,1,4,0,4,0,0000000,8,50,9,12,88,88,0,0,0,1,0
55,550031,2,2,0,2,87,0,2,2,2010,3,21,52,0,2,3,SR-15,,0,44.31190278,-88.557186110,0,12,6,0,1,1,1,0,2,10,0,10,0,0000000,21,53,22,9,99,99,0,0,0,1,0
55,550032,2,2,0,2,39,0,3,2,2010,4,7,21,0,14,2,US-45,,0,43.73893333,-88.391425000,0,12,6,0,1,1,1,0,1,10,0,10,0,0000000,7,23,7,30,7,51,0,0,0,1,0
55,550033,3,3,0,4,131,0,3,2,2010,4,16,29,0,13,3,SR-60,,0,43.32445833,-88.194250000,0,12,8,0,1,1,1,0,1,1,0,1,0,0000000,16,32,16,36,16,44,0,0,0,1,0
55,550034,2,2,0,3,25,1724,22,2,2010,2,2,28,1,13,2,US-18,MCKEE RD,0,43.01559167,-89.472850000,0,12,6,0,2,2,1,0,3,4,0,4,0,0000000,2,29,2,35,3,34,0,0,0,1,1
55,550035,2,2,0,4,21,0,18,2,2010,5,17,53,0,3,2,US-51,,0,43.42792778,-89.399722220,0,12,6,0,8,1,1,0,5,1,0,1,0,0000000,17,54,18,0,18,41,0,0,0,1,0
55,550036,1,1,1,2,79,2015,12,2,2010,6,23,11,0,13,4,76TH ST S,HOLMES AVE W,0,42.95382500,-88.008291670,0,8,0,0,3,2,1,0,3,10,0,10,0,0000000,23,13,23,17,88,88,0,0,0,1,0
55,550037,1,1,0,1,25,2780,28,2,2010,1,0,11,0,14,6,UNIVERSITY AVE,CAMPUS DR,0,43.07362222,-89.412811110,0,46,0,0,2,2,4,0,3,1,0,1,0,0000000,99,99,99,99,99,99,20,0,0,1,1
55,550038,2,2,0,4,131,0,15,2,2010,2,16,31,1,2,2,US-41,,0,43.36150556,-88.292850000,0,59,0,0,1,1,3,0,1,4,0,4,0,0000000,16,36,16,42,17,12,0,0,0,1,0
55,550039,1,1,0,1,73,0,23,2,2010,3,19,45,0,4,4,U,,0,45.01691111,-89.796838890,0,11,0,0,1,1,1,0,2,4,0,4,0,0000000,19,45,19,56,88,88,0,0,0,1,0
55,550040,1,1,0,1,79,3100,24,2,2010,4,2,27,1,13,3,SR-190,,0,43.08981111,-87.949288890,0,42,0,0,1,1,4,0,3,98,0,98,0,0000000,99,99,99,99,88,88,0,0,0,1,1
55,550041,2,2,0,2,15,0,25,2,2010,5,23,45,1,2,2,US-10,MARX RD N,0,44.21248611,-88.173727780,0,12,6,0,2,2,1,0,2,1,0,1,0,0000000,23,45,99,97,99,97,0,0,0,1,2
55,550042,2,2,0,4,1,0,26,2,2010,6,20,30,0,3,3,SR-73,,0,44.24642778,-89.648672220,0,12,2,0,1,1,1,0,2,1,0,1,0,0000000,99,99,99,99,99,99,0,0,0,1,1
55,550043,3,1,0,2,79,5160,27,2,2010,7,2,4,0,13,6,OKLAHOMA AVE W,,0,42.98825000,-88.060291670,0,33,0,0,1,1,5,0,3,10,0,10,0,0000000,2,7,2,12,2,38,0,0,0,1,1
55,550044,1,1,0,2,53,540,28,2,2010,1,16,46,0,13,3,SR-54,,0,44.29050556,-90.862694440,0,34,0,0,1,1,4,0,1,10,0,10,0,0000000,16,50,16,55,17,6,0,0,0,2,0
55,550045,1,1,0,2,9,0,21,2,2010,1,16,44,0,5,4,PARK RD,,0,44.28406111,-87.910022220,0,1,0,0,1,1,5,0,1,1,0,1,0,0000000,16,46,16,52,17,52,0,0,0,1,1
55,550046,1,1,0,1,45,0,27,2,2010,7,21,1,0,6,5,TEN EYCK RD,,0,42.61166389,-89.401244440,0,42,0,0,1,1,5,0,2,10,0,10,0,0000000,21,1,21,7,88,88,0,0,0,1,1
55,550047,2,2,0,3,43,0,10,2,2010,4,12,20,0,6,5,OLD POTOSI RD,,0,42.77349444,-90.721825000,0,12,6,0,8,1,1,0,1,1,0,1,0,0000000,12,27,12,34,12,51,0,0,0,1,0
55,550048,1,1,0,1,127,0,4,3,2010,5,20,50,0,5,4,A,,0,42.76226389,-88.500022220,0,30,0,0,1,1,4,0,2,1,0,1,0,0000000,21,4,21,12,88,88,0,0,0,1,0
55,550049,2,2,0,2,25,0,9,3,2010,3,19,39,0,13,2,US-51,TOKEN RD,0,43.18632500,-89.323938890,0,12,6,0,2,2,1,0,3,10,0,10,0,0000000,99,99,99,97,99,97,0,0,0,1,1
55,550050,1,1,0,1,121,0,2,3,2010,3,1,16,0,4,4,S,,0,44.25437778,-91.193261110,0,2,0,0,1,1,1,0,2,1,0,1,0,0000000,88,88,88,88,88,88,0,0,0,1,1
55,550051,3,3,0,7,101,0,8,3,2010,2,15,51,1,13,3,SR-11,MEACHEM RD,0,42.69688333,-87.835713890,0,12,6,0,2,2,1,0,1,1,0,1,0,0000000,15,51,15,57,16,15,0,0,0,1,0