STATE,ST_CASE,VE_TOTAL,VE_FORMS,PEDS,PERSONS,COUNTY,CITY,DAY,MONTH,YEAR,DAY_WEEK,HOUR,MINUTE,NHS,ROAD_FNC,ROUTE,TWAY_ID,TWAY_ID2,MILEPT,LATITUDE,LONGITUD,SP_JUR,HARM_EV,MAN_COLL,RELJCT1,RELJCT2,TYP_INT,REL_ROAD,WRK_ZONE,LGT_COND,WEATHER1,WEATHER2,WEATHER,SCH_BUS,RAIL,NOT_HOUR,NOT_MIN,ARR_HOUR,ARR_MIN,HOSP_HR,HOSP_MN,CF1,CF2,CF3,FATALS,DRUNK_DR
55,550052,1,1,0,2,79,3100,20,2,2010,7,9,41,1,11,1,I-43 RAMP,,731,43.04820833,-87.925750000,0,26,0,1,5,1,5,0,1,4,5,4,0,0000000,9,41,9,55,10,14,0,0,0,1,0
55,550053,1,1,1,1,109,2220,17,3,2010,4,9,33,0,14,6,CRESTVIEW DR,INDUSTRIAL ST,0,44.96271111,-92.734188890,0,8,0,0,3,2,1,0,1,1,0,1,0,0000000,9,35,9,42,88,88,0,0,0,1,0
55,550054,1,1,1,2,33,3000,12,3,2010,6,0,21,0,13,3,SR-25,11TH AVE W,0,44.87285833,-91.929730560,0,8,0,0,2,3,1,0,3,5,0,5,0,0000000,0,21,0,25,0,39,0,0,0,1,1
55,550055,1,1,1,2,79,3100,1,3,2010,2,2,24,0,14,3,SR-57,,0,43.06876111,-87.937616670,0,8,0,0,1,1,1,0,3,10,0,10,0,0000000,99,99,99,99,88,88,20,0,0,1,0
55,550056,1,1,0,1,127,0,11,3,2010,5,18,43,0,4,4,J,,0,42.82839444,-88.420586110,0,1,0,0,1,1,4,0,5,5,0,5,0,0000000,18,43,18,55,19,30,2,0,0,1,1
55,550057,2,1,0,1,9,2000,3,3,2010,4,9,49,0,16,6,PREBLE AVE,,0,44.51388333,-87.968602780,0,14,0,0,1,1,7,0,1,1,0,1,0,0000000,9,49,9,53,88,88,0,0,0,1,0
55,550058,3,3,0,3,9,2000,10,3,2010,4,22,38,1,13,3,SR-32,MILITARY AVE S,0,44.52361944,-88.063950000,0,12,1,0,2,2,1,0,3,5,0,5,0,0000000,22,40,22,44,23,2,0,0,0,1,0
55,550059,2,2,0,2,135,0,3,3,2010,4,21,44,0,3,3,SR-22,,0,44.44004722,-88.927611110,0,12,2,0,1,1,1,0,2,1,0,1,0,0000000,21,49,21,52,22,28,0,0,0,1,0
55,550060,1,1,0,1,37,0,3,3,2010,4,0,35,1,2,2,US-2,,0,45.93590000,-88.278836110,0,1,0,0,1,1,5,0,2,1,0,1,0,0000000,0,35,0,42,2,40,0,0,0,1,1
55,550061,3,3,0,3,43,2130,4,3,2010,5,10,16,1,2,3,SR-80,,0,42.53331111,-90.436138890,0,12,8,0,1,1,1,0,1,1,0,1,0,0000000,10,18,10,27,99,99,0,0,0,1,0
55,550062,2,2,0,3,105,0,11,3,2010,5,15,24,0,13,2,US-51,INMAN PARKWAY,0,42.55554722,-89.039233330,0,12,6,0,2,4,1,0,1,10,0,10,0,0000000,15,24,15,30,99,99,0,0,0,1,0
55,550063,1,1,0,1,123,0,12,3,2010,6,21,0,0,6,5,LEUM RD,,0,43.62035833,-90.797711110,0,42,0,0,1,1,5,0,2,1,0,1,0,0000000,21,13,21,30,21,50,6,0,0,1,1
55,550064,1,1,0,1,119,0,13,3,2010,7,18,55,0,6,5,GILMAN RD,,0,45.25255000,-90.822997220,0,1,0,0,1,1,4,0,2,10,0,10,0,0000000,18,56,19,13,88,88,0,0,0,1,1
55,550065,1,1,0,1,137,0,16,3,2010,3,13,45,1,2,3,SR-21,,0,44.03210556,-89.402983330,0,1,0,0,1,1,5,0,1,1,0,1,0,0000000,13,45,13,53,88,88,0,0,0,1,0
55,550066,2,2,0,2,5,0,17,3,2010,4,22,13,0,5,5,19TH ST,,0,45.42309444,-91.765816670,0,12,2,0,1,1,1,0,2,1,0,1,0,0000000,22,16,22,26,99,99,0,0,0,1,1
55,550067,1,1,0,1,19,0,18,3,2010,5,3,20,0,6,5,HILL RD,,0,44.56748056,-90.435788890,0,1,0,0,1,1,4,0,2,1,0,1,0,0000000,3,22,3,28,88,88,0,0,0,1,1
55,550068,1,1,0,2,139,0,19,3,2010,6,1,57,0,3,2,US-45,,0,43.97289722,-88.529183330,0,53,0,0,1,1,5,0,2,1,0,1,0,0000000,2,2,2,15,2,44,0,0,0,1,1
55,550069,3,3,0,6,77,0,26,3,2010,6,21,57,1,1,1,I-39,,952,43.70517500,-89.472141670,0,12,2,0,1,1,1,0,2,1,0,1,0,0000000,22,0,22,13,99,99,0,0,0,1,1
55,550070,1,1,0,1,67,0,19,3,2010,6,16,21,0,4,4,S,,0,45.16557778,-89.010800000,0,24,0,0,1,1,5,0,1,10,0,10,0,0000000,16,21,16,32,88,88,0,0,0,1,1
55,550071,3,3,0,4,9,223,25,2,2010,5,16,17,1,12,2,US-41,SR-172 RAMP,0,44.48848889,-88.080672220,0,12,6,1,5,1,1,0,1,1,0,1,0,0000000,16,17,16,30,16,52,0,0,0,2,0
55,550072,1,1,1,1,71,0,3,4,2010,7,21,0,0,6,5,MARKEN RD,,0,43.97576944,-87.902125000,0,9,0,0,1,1,1,0,2,10,0,10,0,0000000,21,23,21,37,88,88,0,0,0,1,1
55,550073,1,1,0,1,55,0,5,4,2010,2,99,99,0,6,5,COFFEE RD,,0,43.05995278,-88.717861110,0,42,0,0,1,1,4,0,1,10,0,10,0,0000000,9,55,10,5,88,88,0,0,0,1,0
55,550074,2,1,0,3,25,0,7,4,2010,4,12,40,1,1,1,I-39 RAMP,,1480,42.99981389,-89.180058330,0,1,0,0,5,1,2,0,1,2,0,2,0,0000000,12,43,12,52,99,99,14,0,0,1,0
55,550075,1,1,0,1,105,2320,7,4,2010,4,14,28,1,11,1,I-39,,1754,42.67132778,-88.983602780,0,24,0,1,19,1,3,0,1,2,0,2,0,0000000,14,28,14,35,88,88,0,0,0,1,0
55,550076,2,2,0,5,105,2320,1,4,2010,5,12,48,1,13,3,SR-26,REFSET DR,0,42.71164167,-89.002369440,0,12,6,0,2,2,1,0,1,1,0,1,0,0000000,12,49,12,52,13,0,0,0,0,1,0
55,550077,3,3,0,10,75,0,8,4,2010,5,7,46,1,2,2,US-8,,0,45.63708056,-88.361544440,0,12,9,0,1,1,1,0,1,4,0,4,0,0000000,7,47,7,56,8,36,0,0,0,2,0
55,550078,2,2,0,3,129,0,6,4,2010,3,15,22,0,2,3,SR-70,,0,45.81525000,-92.015133330,0,12,2,0,1,1,1,0,1,10,0,10,0,0000000,99,99,99,99,99,99,0,0,0,1,0
55,550079,2,2,0,2,101,795,1,4,2010,5,11,15,0,2,4,NORTHWESTERN AVE,V,0,42.76796667,-87.934463890,0,12,6,0,2,2,1,0,1,1,0,1,0,0000000,11,15,11,17,11,56,0,0,0,1,0
55,550080,2,2,0,3,73,0,9,4,2010,6,7,45,1,2,3,SR-29,S,0,44.94458611,-89.905447220,0,12,6,0,2,2,1,0,1,1,0,1,0,0000000,7,48,7,56,8,38,0,0,0,1,0
55,550081,1,1,0,1,35,0,9,4,2010,6,17,5,1,13,3,SR-93,WALNUT RD,0,44.72726944,-91.447930560,0,1,0,0,2,2,1,0,1,1,0,1,0,0000000,17,5,99,99,99,99,0,0,0,1,1
55,550082,2,2,0,2,39,0,9,4,2010,6,18,16,0,4,4,G,,0,43.57121944,-88.212147220,0,12,6,0,1,1,1,0,1,1,0,1,0,0000000,18,16,18,25,99,99,0,0,0,1,1
55,550083,1,1,1,1,79,3100,9,4,2010,6,19,20,1,13,3,SR-145,,0,43.07145278,-87.952530560,0,8,0,0,1,1,1,0,3,1,0,1,0,0000000,99,99,99,99,99,99,0,0,0,1,0
55,550084,2,2,0,2,139,0,15,4,2010,5,11,45,0,15,4,Y,GREEN VALLEY RD,0,44.08285000,-88.562380560,0,12,6,0,2,2,1,0,1,1,0,1,0,0000000,99,99,99,99,99,99,0,0,0,1,0
55,550085,1,1,0,1,25,3050,15,4,2010,5,16,38,1,12,2,US-12 RAMP,,0,43.09902500,-89.516944440,0,1,0,1,5,1,4,0,1,10,0,10,0,0000000,16,38,16,39,99,99,0,0,0,1,0
55,550086,1,1,0,1,43,0,1,4,2010,5,19,10,0,6,5,DOC BROOKS RD,,0,42.95500833,-90.902938890,0,35,0,0,1,1,4,0,1,1,0,1,0,0000000,19,13,19,26,99,99,6,0,0,1,0
55,550087,1,1,0,2,79,3100,2,4,2010,6,0,39,0,14,6,FOND DU LAC AVE W,,0,43.11914722,-88.013855560,0,42,0,0,1,1,4,0,3,1,0,1,0,0000000,99,99,99,99,88,88,0,0,0,2,1
55,550088,2,2,0,2,79,3100,3,4,2010,7,2,23,0,14,3,SR-32,,0,42.99164722,-87.886438890,0,12,2,0,1,1,1,0,3,10,0,10,0,0000000,99,99,99,99,88,88,0,0,0,1,2
55,550089,1,1,0,2,73,0,16,4,2010,6,3,0,0,4,4,C,,0,44.71460000,-89.577755560,0,1,0,0,1,1,4,0,2,1,0,1,0,0000000,3,2,3,23,99,99,0,0,0,1,1
55,550090,1,1,1,1,73,5110,16,4,2010,6,18,23,1,13,3,SR-52,ALLEY,0,44.95921944,-89.644988890,0,8,0,0,8,1,1,0,1,1,0,1,0,0000000,18,25,18,29,18,42,0,0,0,1,0
55,550091,2,2,0,3,43,0,3,4,2010,7,13,56,0,3,3,SR-80,,0,42.63853611,-90.435933330,0,12,8,0,1,1,1,0,1,1,0,1,0,0000000,13,57,14,6,14,38,0,0,0,1,0
55,550092,1,1,0,1,25,1724,19,4,2010,2,17,57,0,4,4,SEMINOLE HWY S,,0,42.98551667,-89.461927780,0,34,0,0,1,1,4,0,1,1,0,1,0,0000000,17,57,18,7,18,43,0,0,0,1,0
55,550093,2,2,0,2,9,2211,20,4,2010,3,15,9,1,12,2,US-41,,0,44.54651667,-88.070097220,0,59,0,0,7,1,3,0,1,1,0,1,0,0000000,15,12,15,15,88,88,14,0,0,1,0
55,550094,2,2,0,3,71,0,23,4,2010,6,10,56,0,4,4,XX,LAX CHAPEL RD,0,43.92784722,-87.982233330,0,12,6,0,2,2,1,0,1,10,0,10,0,0000000,11,0,11,5,12,18,0,0,0,1,0
55,550095,2,2,0,2,13,0,26,4,2010,2,11,18,0,3,3,SR-35,,0,46.14338889,-92.238744440,0,12,6,0,1,1,1,0,1,1,0,1,0,0000000,11,24,11,34,88,88,0,0,0,1,0
55,550096,1,1,0,1,59,2400,6,4,2010,3,16,26,1,13,3,SR-50,,0,42.56631111,-87.855616670,0,33,0,0,1,1,3,0,1,10,0,10,0,0000000,16,27,16,31,88,88,0,0,0,1,1
55,550097,1,1,0,1,79,1921,8,4,2010,5,23,55,0,14,6,HAMPTON AVE W,,0,43.10369444,-87.920858330,0,42,0,0,1,1,4,0,3,1,0,1,0,0000000,23,56,0,3,1,6,0,0,0,1,0
55,550098,4,4,0,4,13,0,4,2,2010,5,0,50,0,6,5,KRUGER RD,,0,45.82924722,-92.344636110,0,12,1,0,1,1,1,0,2,1,0,1,0,0000000,99,99,99,99,99,99,0,0,0,1,4
55,550099,1,1,0,1,33,0,10,4,2010,7,23,40,0,13,3,SR-29,,0,44.88993889,-91.958666670,0,1,0,0,1,1,1,0,2,1,0,1,0,0000000,23,43,99,99,88,88,0,0,0,1,1
55,550100,1,1,0,2,55,2530,11,4,2010,1,19,5,0,13,3,SR-89,TOPEL ST,0,43.06402778,-88.913877780,0,1,0,0,3,4,5,0,1,10,0,10,0,0000000,19,7,19,15,88,88,0,0,0,1,1
55,550101,1,1,0,1,73,9997,11,4,2010,1,21,6,0,15,6,SCHOFIELD AVE,,0,44.89665000,-89.496816670,0,23,0,0,1,1,4,0,2,1,0,1,0,0000000,21,7,21,16,88,88,0,0,0,1,1
55,550102,1,1,1,1,43,0,12,4,2010,2,22,7,1,2,2,US-18,,0,42.97385278,-90.621844440,0,8,0,0,1,1,1,0,2,10,0,10,0,0000000,22,8,22,14,88,88,0,0,0,1,0
55,550103,3,3,0,5,79,3100,14,4,2010,4,13,15,0,14,6,91ST ST N,,0,43.12419722,-88.025830560,0,12,6,0,1,1,1,0,1,1,0,1,0,0000000,99,99,99,99,99,99,0,0,0,1,0
55,550104,1,1,0,2,83,0,14,4,2010,4,17,23,0,4,4,F,,0,45.33658056,-88.454061110,0,42,0,0,1,1,4,0,1,1,0,1,0,0000000,17,25,17,42,99,99,0,0,0,1,1
55,550105,1,1,0,1,105,0,16,4,2010,6,0,55,0,2,2,US-14,E,0,42.73024444,-89.067877780,0,34,0,0,3,2,5,0,3,10,0,10,0,0000000,0,55,1,2,1,28,0,0,0,1,1
55,550106,1,1,0,2,111,0,16,4,2010,6,22,36,0,3,3,SR-154,,0,43.40931944,-90.135183330,0,11,0,0,1,1,1,0,2,1,0,1,0,0000000,22,43,23,1,23,36,0,0,0,1,0
55,550107,1,1,0,1,65,0,17,4,2010,7,23,30,0,5,4,Z,,0,42.71937500,-90.190919440,0,31,0,0,1,1,6,0,2,1,0,1,0,0000000,23,30,23,45,88,88,0,0,0,1,1
55,550108,1,1,0,1,97,0,22,4,2010,5,0,29,0,3,3,SR-49,,0,44.66570833,-89.264775000,0,34,0,0,1,1,5,0,2,1,0,1,0,0000000,0,33,0,57,88,88,0,0,0,1,1
55,550109,1,1,0,1,79,3100,2,4,2010,6,0,39,0,14,6,FOND DU LAC AVE W,,0,43.11914722,-88.013855560,0,42,0,0,1,1,4,0,3,1,0,1,0,0000000,99,99,99,99,88,88,0,0,0,1,1
55,550110,1,1,0,2,65,0,23,4,2010,6,2,37,0,4,4,K,,0,42.63478056,-90.072955560,0,32,0,0,1,1,5,0,2,1,0,1,0,0000000,2,37,2,51,99,99,0,0,0,1,1
55,550111,2,2,0,4,9,0,8,4,2010,5,11,45,1,13,3,SR-29,FF,0,44.56033611,-88.130397220,3,12,6,0,7,1,1,0,1,10,0,10,0,0000000,11,46,11,52,12,25,0,0,0,1,0
55,550112,1,1,1,1,101,3970,24,4,2010,7,23,20,0,14,6,16TH ST,PACKARD AVE,0,42.71247778,-87.800963890,0,8,0,0,3,2,1,0,3,2,0,2,0,0000000,23,20,23,25,23,50,0,0,0,1,1
55,550113,2,2,0,2,125,0,25,4,2010,1,20,30,0,4,3,SR-47,,0,45.93921389,-89.790830560,3,12,6,0,8,1,1,0,5,1,0,1,0,0000000,99,99,99,99,99,99,0,0,0,1,1
55,550114,2,2,0,4,93,0,17,4,2010,7,11,22,0,3,3,SR-35,E,0,44.70502222,-92.645816670,0,12,6,0,2,3,1,0,1,1,0,1,0,0000000,11,25,11,41,12,46,0,0,0,1,0
55,550115,2,2,0,2,33,0,17,4,2010,7,15,22,0,3,3,SR-85,,0,44.72124722,-91.684813890,0,12,8,0,1,1,1,0,1,1,0,1,0,0000000,15,24,15,38,88,88,0,0,0,1,0
55,550116,1,1,0,3,79,3100,18,4,2010,1,2,40,0,13,2,US-41,GRANTOSA DR W,0,43.10634167,-88.017719440,0,33,0,0,3,2,5,0,3,1,0,1,0,0000000,99,99,99,99,99,99,0,0,0,1,1
55,550117,1,1,0,3,43,0,26,4,2010,2,19,30,1,2,2,US-61,,0,42.51690278,-90.616930560,0,1,0,0,1,1,3,0,5,1,0,1,0,0000000,19,34,19,49,20,10,0,0,0,1,1
55,550118,2,2,0,2,63,0,1,4,2010,5,12,32,0,4,4,C,DE,0,44.01195278,-91.052455560,0,12,6,0,2,2,1,0,1,1,0,1,0,0000000,12,34,12,56,13,48,0,0,0,1,0
55,550119,1,1,0,1,131,0,18,4,2010,1,99,99,0,6,5,MOHAWK RD,,0,43.51514444,-88.391966670,0,1,0,0,1,1,1,0,1,1,0,1,0,0000000,18,15,18,31,88,88,0,0,0,1,1
55,550120,2,2,0,3,75,0,7,5,2010,6,22,45,1,2,2,US-141,,0,45.57601944,-87.997141670,0,12,6,0,1,1,1,0,2,4,0,4,0,0000000,22,49,23,4,23,53,0,0,0,1,1
55,550121,1,1,1,1,27,2200,11,5,2010,3,16,11,0,2,3,SR-33,N VINE ST,0,43.45155000,-88.632513890,0,8,0,0,3,2,1,0,1,10,0,10,0,0000000,16,15,16,19,88,88,0,0,0,1,0
55,550122,2,2,0,2,119,0,3,5,2010,2,9,14,0,4,3,SR-64,CASTLE RD,0,45.14017222,-90.394897220,0,12,6,0,2,2,1,0,1,10,0,10,0,0000000,9,17,9,23,10,10,0,0,0,1,0
55,550123,1,1,0,1,75,0,11,5,2010,3,1,30,0,6,5,BAYER LN,,0,45.06325833,-87.784641670,0,59,0,0,1,1,4,0,2,10,0,10,0,0000000,6,5,6,24,88,88,0,0,0,1,0
55,550124,1,1,1,1,21,0,13,5,2010,5,21,58,0,3,3,SR-16,,0,43.58040556,-89.633858330,0,8,0,0,1,1,1,0,2,1,0,1,0,0000000,22,7,22,17,88,88,0,0,0,1,0
55,550125,3,3,0,4,133,3740,14,5,2010,6,15,39,0,13,3,SR-74,LINDSEY RD,0,43.10225278,-88.208775000,0,12,6,0,2,2,1,0,1,1,0,1,0,0000000,15,39,15,43,16,34,0,0,0,1,0
55,550126,1,1,0,1,77,0,15,5,2010,7,16,50,0,4,4,O,,0,43.67181389,-89.358238890,0,42,0,0,1,1,4,0,1,1,0,1,0,0000000,16,51,17,9,88,88,0,0,0,1,1
55,550127,1,1,0,1,133,0,15,5,2010,7,17,55,0,13,3,SR-83,,0,42.95459167,-88.358352780,0,32,0,0,1,1,4,0,1,1,0,1,0,0000000,17,56,18,1,88,88,0,0,0,1,1
55,550129,2,2,0,2,141,3840,14,5,2010,6,14,47,0,15,6,PORT RD,SENECA RD,0,44.36566389,-89.884858330,0,12,6,0,2,2,1,0,1,1,0,1,0,0000000,14,47,14,56,99,99,0,0,0,1,0
55,550130,2,2,0,3,81,0,17,5,2010,2,14,12,0,2,3,SR-27,,0,43.73499444,-90.800691670,0,12,6,0,1,1,1,0,1,10,0,10,0,0000000,14,17,99,99,99,99,0,0,0,1,0
55,550131,2,2,0,5,97,0,17,5,2010,2,0,46,0,5,4,W,,0,44.30560833,-89.461455560,0,12,2,0,1,1,1,0,2,1,0,1,0,0000000,0,49,1,4,2,26,0,0,0,1,2
55,550132,2,2,0,3,93,0,21,5,2010,6,4,9,0,3,3,SR-65,,0,44.81155833,-92.564791670,0,12,2,0,1,1,1,0,2,2,0,2,0,0000000,4,11,4,24,5,27,0,0,0,1,1
55,550133,2,2,0,3,105,0,22,5,2010,7,23,35,0,2,2,US-14,,0,42.73024444,-89.073027780,0,12,2,0,1,1,1,0,2,10,0,10,0,0000000,23,36,23,44,0,6,0,0,0,1,0
55,550134,2,2,0,2,25,1724,26,5,2010,4,12,26,0,3,4,MM,M,0,42.94951111,-89.379744440,0,12,6,0,2,2,1,0,1,10,0,10,0,0000000,99,99,99,99,99,99,0,0,0,1,0
55,550135,3,3,0,3,105,0,27,5,2010,5,16,49,0,13,2,US-14E,US-51 N,0,42.73015278,-89.033086110,0,12,6,0,2,2,1,0,1,1,0,1,0,0000000,16,50,16,53,17,8,0,0,0,1,1
55,550136,2,2,0,2,53,0,28,5,2010,6,8,2,0,3,3,SR-95,RIVER RD,0,44.30943889,-91.166102780,0,12,6,0,2,2,1,0,1,1,0,1,0,0000000,8,13,8,24,99,99,0,0,0,1,0
55,550137,2,2,0,2,27,0,28,5,2010,6,15,16,0,4,4,G,,0,43.26758056,-88.853388890,0,12,6,0,8,1,1,0,1,1,0,1,0,0000000,15,20,15,28,88,88,0,0,0,1,0
55,550138,1,1,0,2,13,0,28,5,2010,6,16,0,0,6,5,ST CROIX TRL,,0,46.00125556,-92.436175000,0,11,0,0,1,1,1,0,1,1,0,1,0,0000000,16,9,16,21,99,99,2,0,0,1,0
55,550139,1,1,0,2,7,0,1,5,2010,7,0,50,1,2,2,US-63,,0,46.32049722,-91.277933330,0,1,0,0,1,1,5,0,2,10,0,10,0,0000000,1,0,99,98,88,88,0,0,0,2,1
55,550140,1,1,0,1,87,0,1,5,2010,7,2,56,0,4,4,S,,0,44.38680000,-88.367402780,0,34,0,0,1,1,4,0,2,1,0,1,0,0000000,3,0,3,9,88,88,0,0,0,1,1
55,550141,2,2,0,6,79,3100,2,5,2010,1,20,25,0,14,6,91ST ST N,BRADLEY RD W,0,43.16327500,-88.010530560,0,12,6,0,2,2,1,0,5,1,0,1,0,0000000,99,99,99,99,99,99,0,0,0,1,1
55,550142,2,2,0,2,81,0,4,5,2010,3,12,29,0,6,5,ITASCA RD,,0,43.91935000,-90.386066670,0,12,8,0,1,1,1,0,1,1,0,1,0,0000000,12,32,12,51,13,12,0,0,0,1,0
55,550143,1,1,0,2,73,0,5,5,2010,4,13,30,0,15,6,AZALEA RD,,0,44.89003889,-89.639511110,0,5,0,0,1,1,1,0,1,6,0,6,0,0000000,13,31,13,40,14,11,0,0,0,1,0
55,550144,1,1,0,3,73,0,6,5,2010,5,15,34,1,11,1,I-39,,1812,44.80495000,-89.677577780,0,1,0,0,1,1,3,1,1,1,0,1,0,0000000,15,34,99,99,99,99,0,0,0,1,0
55,550145,1,1,0,1,63,0,7,5,2010,6,0,19,0,4,4,M,,0,43.96162222,-91.164958330,0,32,0,0,1,1,5,0,2,1,0,1,0,0000000,0,19,0,54,88,88,0,0,0,1,1
55,550146,2,2,0,4,75,0,7,5,2010,6,17,51,1,2,2,US-141,SR-64,0,45.10957500,-88.019627780,0,12,6,0,2,2,1,0,1,2,0,2,0,0000000,17,52,18,1,18,42,0,0,0,2,0
55,550147,2,2,0,3,33,0,7,5,2010,6,19,24,0,4,4,E,890 ST,0,44.81764722,-91.711808330,0,12,6,0,2,2,1,0,1,2,0,2,0,0000000,19,29,19,42,20,8,0,0,0,1,1
55,550148,2,2,0,4,45,0,18,4,2010,1,22,4,0,4,4,CC,,0,42.82115556,-89.555911110,0,12,2,0,1,1,1,0,2,1,0,1,0,0000000,22,9,22,19,23,42,0,0,0,2,0
55,550149,1,1,2,1,79,3100,8,5,2010,7,2,2,0,14,8,35TH ST N,,0,43.08934167,-87.957080560,0,8,0,0,1,1,1,0,3,10,0,10,0,0000000,2,3,2,7,99,99,0,0,0,1,0
55,550150,1,1,0,4,123,0,8,5,2010,7,22,47,0,6,5,ORCHARD RD,,0,43.57000556,-90.814791670,0,34,0,0,1,1,4,0,2,10,0,10,0,0000000,22,58,23,12,23,45,0,0,0,2,0
55,550151,1,1,0,1,123,0,9,5,2010,1,22,48,0,4,3,SR-56,,0,43.55923056,-91.053036110,0,33,0,0,1,1,4,0,2,1,0,1,0,0000000,22,54,23,5,88,88,0,0,0,1,1
55,550152,1,1,0,3,9,2000,9,5,2010,1,1,18,0,16,6,HURLBUT ST,,0,44.55213056,-88.040527780,0,34,0,0,1,1,4,0,2,1,0,1,0,0000000,1,27,1,36,1,59,0,0,0,1,0
55,550153,2,2,0,2,79,3100,18,5,2010,3,0,29,0,13,2,US-41,,0,43.10471111,-88.016108330,0,12,1,0,1,1,1,0,3,1,0,1,0,0000000,99,99,99,99,88,88,0,0,0,1,0
55,550154,1,1,0,2,1,0,23,5,2010,1,2,37,0,5,6,FERN AVE,,0,43.80356111,-89.798833330,0,34,0,0,1,1,4,0,3,1,0,1,0,0000000,3,19,3,34,5,3,0,0,0,1,1
55,550155,1,1,0,2,5,0,23,5,2010,1,11,5,1,2,2,US-53,,0,45.37961389,-91.747169440,0,34,0,0,1,1,3,0,1,10,0,10,0,0000000,11,7,11,17,99,99,0,0,0,1,0
55,550156,1,1,0,1,121,0,23,5,2010,1,21,3,0,6,5,SOUTH ST,,0,44.00914444,-91.351361110,0,34,0,0,1,1,4,0,2,10,0,10,0,0000000,21,11,99,99,88,88,0,0,0,1,1
55,550157,1,1,0,1,109,0,29,5,2010,7,0,10,0,6,5,RIVERS EDGE RD,,0,45.12636667,-92.639313890,0,34,0,0,1,1,4,0,2,1,0,1,0,0000000,0,10,0,17,1,8,0,0,0,1,0
55,550158,1,1,0,1,75,0,30,5,2010,1,1,14,0,4,4,U,,0,45.71624722,-88.200988890,0,34,0,0,1,1,4,0,2,1,0,1,0,0000000,1,22,1,48,88,88,0,0,0,1,1
55,550159,2,2,0,4,59,0,31,5,2010,2,22,45,0,3,2,US-45,38TH ST,0,42.60477778,-88.051472220,0,12,6,0,2,3,1,0,3,1,0,1,0,0000000,22,45,23,4,23,25,0,0,0,1,1
55,550160,2,2,0,4,89,3002,16,5,2010,1,16,13,0,5,6,GRANVILLE RD,PIONEER RD,0,43.27880000,-88.043702780,0,12,6,0,2,2,1,0,1,10,0,10,0,0000000,16,14,16,28,99,99,0,0,0,1,0
55,550161,3,3,0,4,131,1890,26,3,2010,6,11,15,0,13,4,Q,,0,43.19206111,-88.135747220,0,12,1,0,1,1,1,0,1,1,0,1,0,0000000,11,10,11,22,99,99,0,0,0,1,0
55,550162,2,2,1,3,79,3100,7,5,2010,6,16,36,0,13,6,STATE ST W,27TH ST N,0,43.04322500,-87.947694440,0,12,6,0,2,2,1,1,1,2,0,2,0,0000000,99,99,99,99,99,99,0,0,0,1,0
55,550163,4,2,0,3,79,3100,23,5,2010,1,22,0,1,13,3,SR-145,,0,43.08507778,-87.970125000,0,14,0,0,1,1,7,0,3,1,0,1,0,0000000,99,99,99,99,99,99,0,0,0,1,1
55,550164,5,5,0,7,105,0,24,5,2010,2,17,10,1,1,1,I-39,,1830,42.56716944,-88.980213890,0,12,6,0,1,1,1,0,1,1,0,1,0,0000000,17,15,17,23,17,50,0,0,0,2,0
55,550165,1,1,1,1,79,3100,27,5,2010,5,7,39,0,13,3,SR-59,21ST ST S,0,43.02269167,-87.939450000,0,8,0,0,3,2,1,0,1,1,0,1,0,0000000,99,99,99,99,99,99,0,0,0,1,0
55,550166,3,3,0,6,133,3352,29,5,2010,7,15,2,0,13,4,NATIONAL AVE W,BELOIT RD W,0,42.95176111,-88.145888890,0,12,6,0,2,3,1,0,1,1,0,1,0,0000000,15,2,15,8,15,59,0,0,0,1,0
55,550167,2,2,0,2,57,0,31,5,2010,2,3,47,1,1,1,I-90,,830,43.68441389,-89.840527780,0,12,1,0,1,1,1,0,2,1,0,1,0,0000000,99,99,99,99,99,99,0,0,0,1,0
55,550168,1,1,0,5,79,3100,10,5,2010,2,23,10,0,14,6,BURLEIGH ST W,51ST BLVD N,0,43.07530000,-87.977330560,0,39,0,0,3,2,4,0,3,10,0,10,0,0000000,99,99,99,99,99,99,0,0,0,1,0
55,550169,3,3,0,3,135,0,1,5,2010,7,11,41,0,3,3,SR-22/110,,0,44.47886944,-88.920377780,0,12,8,0,1,1,1,0,1,1,0,1,0,0000000,11,42,11,52,99,99,0,0,0,1,1
55,550170,2,2,0,3,17,660,13,5,2010,5,11,45,1,2,3,SR-29,,0,44.94600000,-91.035247220,0,59,0,0,1,1,4,0,1,2,0,2,0,0000000,11,45,11,53,88,88,0,0,0,1,0
55,550171,1,1,0,2,9,9997,31,5,2010,2,0,31,0,4,4,RIVERDALE DR,,0,44.51994167,-88.168791670,0,42,0,0,1,1,5,0,2,1,0,1,0,0000000,99,99,99,99,88,88,0,0,0,2,1
55,550172,1,1,0,1,105,0,31,5,2010,2,0,37,0,2,2,US-14,,0,42.82168889,-89.301294440,0,32,0,0,1,1,4,0,2,10,0,10,0,0000000,0,37,0,50,88,88,0,0,0,1,1
55,550173,1,1,0,2,9,0,29,5,2010,7,99,99,1,1,1,I-43,,1780,44.42872222,-87.917705560,0,11,0,0,1,1,1,0,2,1,0,1,0,0000000,1,41,1,52,88,88,0,0,0,1,0
55,550174,1,1,1,1,9,0,29,5,2010,7,1,41,1,1,1,I-43,,1780,44.42886111,-87.917683330,0,8,0,0,1,1,1,0,2,1,0,1,0,0000000,1,41,1,52,88,88,19,0,0,1,0
55,550175,2,2,0,2,101,0,21,4,2010,4,6,37,0,4,4,C,67TH DR,0,42.70785833,-88.032161110,0,12,6,0,2,2,1,0,1,1,0,1,0,0000000,6,37,6,48,7,8,0,0,0,1,0