STATE,ST_CASE,VE_TOTAL,VE_FORMS,PEDS,PERSONS,COUNTY,CITY,DAY,MONTH,YEAR,DAY_WEEK,HOUR,MINUTE,NHS,ROAD_FNC,ROUTE,TWAY_ID,TWAY_ID2,MILEPT,LATITUDE,LONGITUD,SP_JUR,HARM_EV,MAN_COLL,RELJCT1,RELJCT2,TYP_INT,REL_ROAD,WRK_ZONE,LGT_COND,WEATHER1,WEATHER2,WEATHER,SCH_BUS,RAIL,NOT_HOUR,NOT_MIN,ARR_HOUR,ARR_MIN,HOSP_HR,HOSP_MN,CF1,CF2,CF3,FATALS,DRUNK_DR
55,550176,2,2,0,5,101,9997,21,4,2010,4,16,13,0,14,4,SPRING ST,FANCHER RD S,0,42.73642222,-87.904186110,0,12,6,0,2,2,1,0,1,1,0,1,0,0000000,16,13,16,18,16,43,0,0,0,1,0
55,550177,1,1,0,1,9,0,20,5,2010,5,99,99,0,4,4,NN,,0,44.40159444,-87.885388890,0,1,0,0,1,1,1,1,2,1,0,1,0,0000000,2,41,2,49,88,88,3,0,0,1,1
55,550178,2,2,0,7,9,3960,25,5,2010,3,18,30,0,3,3,SR-32,B,0,44.65711389,-88.221502780,0,12,6,0,2,2,1,0,1,1,0,1,0,0000000,18,32,18,36,19,17,0,0,0,1,0
55,550179,2,2,0,3,7,0,27,5,2010,5,5,10,0,3,3,SR-13,,0,46.65476944,-90.917100000,0,12,2,0,1,1,1,0,4,1,0,1,0,0000000,5,11,5,22,5,42,0,0,0,1,1
55,550180,2,2,0,5,25,2780,29,5,2010,7,20,13,1,12,2,US-12,,0,43.03527778,-89.397672220,0,12,1,0,1,1,1,0,1,1,0,1,0,0000000,20,13,20,19,88,88,0,0,0,1,0
55,550181,1,1,1,1,79,3100,23,5,2010,1,12,58,1,13,3,SR-145,,0,43.08974722,-87.976133330,0,8,0,0,1,1,1,0,1,1,0,1,0,0000000,99,99,99,99,99,99,0,0,0,1,0
55,550182,2,2,0,2,127,0,1,6,2010,3,5,47,0,4,4,K,STATE LINE RD,0,42.58184167,-88.678377780,0,72,0,0,2,2,1,0,4,5,0,5,0,0000000,99,99,99,99,88,88,0,0,0,1,0
55,550183,1,1,0,2,39,0,1,6,2010,3,13,45,1,12,2,US-41,,0,43.78760833,-88.482727780,0,34,0,0,1,1,4,0,1,1,0,1,0,0000000,13,45,13,53,15,2,0,0,0,1,0
55,550184,1,1,0,1,23,0,3,6,2010,5,12,38,0,4,4,C,,0,43.01155000,-91.004733330,0,1,0,0,1,1,4,0,1,1,0,1,0,0000000,12,45,13,11,99,99,0,0,0,1,0
55,550185,1,1,0,1,39,0,3,6,2010,5,14,18,1,2,3,SR-26,,0,43.66296667,-88.684216670,0,34,0,0,1,1,4,0,1,1,0,1,0,0000000,14,20,14,30,15,19,0,0,0,1,0
55,550186,1,1,0,1,105,0,5,6,2010,7,15,30,0,6,5,MINERAL POINT RD W,,0,42.68647222,-89.099808330,0,42,0,0,1,1,4,0,1,2,0,2,0,0000000,15,30,15,39,15,56,0,0,0,1,0
55,550187,1,1,0,3,71,2810,6,6,2010,1,23,19,0,16,6,RAY ST,,0,44.08915833,-87.700916670,0,42,0,0,1,1,4,0,3,1,0,1,0,0000000,23,22,23,26,23,57,0,0,0,1,1
55,550188,1,1,2,1,79,2010,14,4,2010,4,10,18,0,15,6,NORTHWAY,BROAD ST,0,42.94236944,-87.995961110,0,8,0,0,3,3,1,0,1,1,0,1,0,0000000,10,18,10,20,11,8,0,0,0,1,0
55,550189,1,1,1,2,79,3100,30,5,2010,1,9,0,0,13,3,SR-241,MORGAN AVE W,0,42.98130833,-87.948211110,0,8,0,0,3,2,1,0,1,1,0,1,0,0000000,99,99,99,99,99,99,0,0,0,1,0
55,550190,2,1,0,1,25,2780,11,6,2010,6,2,25,0,16,6,STARR GRASS DR,,0,43.03683333,-89.522272220,0,14,0,0,1,1,5,0,3,2,0,2,0,0000000,2,30,2,36,88,88,0,0,0,1,1
55,550191,1,1,0,1,105,440,11,6,2010,6,15,1,0,16,6,COLONY CT,,0,42.55271944,-89.008938890,0,1,0,0,8,1,1,0,1,10,0,10,0,0000000,15,4,15,6,15,31,0,0,0,1,0
55,550192,3,3,0,5,17,0,12,6,2010,7,2,27,0,3,4,T,,0,44.87013611,-91.549200000,0,12,1,0,1,1,1,0,2,10,0,10,0,0000000,2,27,2,43,99,99,0,0,0,1,1
55,550193,2,2,0,5,117,0,13,6,2010,1,13,8,0,14,4,PP,HIGHLAND AVE S,0,43.73266111,-87.961136110,0,12,6,0,2,2,1,0,1,10,0,10,0,0000000,13,11,13,14,14,3,0,0,0,1,0
55,550194,3,3,0,5,139,3620,9,6,2010,4,22,45,0,13,2,US-45,JACOB AVE,0,43.97774722,-88.530122220,0,12,6,0,2,2,1,0,2,1,0,1,0,0000000,99,99,99,99,99,99,0,0,0,1,2
55,550195,1,1,0,1,131,0,14,6,2010,2,1,8,0,4,4,G,,0,43.33753889,-88.122366670,0,11,0,0,1,1,1,0,2,10,0,10,0,0000000,1,39,1,48,88,88,0,0,0,1,1
55,550197,1,1,0,1,49,0,15,6,2010,3,7,29,0,3,3,SR-80,,0,43.08663056,-90.364608330,0,1,0,0,1,1,4,0,1,2,0,2,0,0000000,7,31,7,37,8,14,0,0,0,1,0
55,550198,2,2,0,4,139,3280,15,6,2010,3,13,7,0,14,6,COMMERCIAL ST S,BELL ST,0,44.15665000,-88.463744440,0,12,6,0,2,2,1,0,1,10,0,10,0,0000000,13,8,13,13,13,36,0,0,0,1,0
55,550200,1,1,0,1,81,0,8,6,2010,3,23,21,0,6,4,T,KE,0,43.88471667,-90.622186110,0,34,0,0,3,2,4,0,2,5,0,5,0,0000000,23,23,23,48,88,88,0,0,0,1,1
55,550201,1,1,1,2,59,0,17,6,2010,5,21,11,0,6,5,N,,0,42.60455833,-88.017483330,0,8,0,0,1,1,1,0,2,1,0,1,0,0000000,21,12,21,24,88,88,0,0,0,1,1
55,550202,1,1,0,1,25,0,9,6,2010,4,15,5,0,15,6,WOODLAND DR,MARY LAKE RD,0,43.15629444,-89.432402780,0,1,0,0,3,3,1,0,1,1,0,1,0,0000000,99,99,99,99,99,99,0,0,0,1,0
55,550203,2,2,0,2,27,0,10,6,2010,5,8,27,0,2,3,SR-33,,0,43.44307222,-88.506288890,0,12,7,0,1,1,1,0,1,1,0,1,0,0000000,8,29,8,46,88,88,0,0,0,1,1
55,550204,1,1,0,1,11,0,6,6,2010,1,99,99,0,4,3,SR-88,,0,44.43598611,-91.676272220,0,1,0,0,1,1,4,0,9,99,0,99,0,0000000,88,88,88,88,88,88,18,0,0,1,1
55,550205,1,1,0,2,55,0,19,6,2010,7,18,30,0,6,4,P,RANCH RD,0,43.09201944,-88.657263890,0,1,0,0,2,2,1,0,1,1,0,1,0,0000000,18,35,18,46,19,48,0,0,0,1,0
55,550206,2,1,0,1,11,0,6,6,2010,1,99,99,0,4,3,SR-88,,0,44.43635278,-91.676616670,0,1,0,0,1,1,5,0,9,99,0,99,0,0000000,88,88,88,88,88,88,18,0,0,1,1
55,550207,2,2,0,2,141,0,22,6,2010,3,16,46,0,14,4,Z,28TH ST S,0,44.35156389,-89.790702780,0,12,1,0,2,3,1,0,1,1,0,1,0,0000000,16,50,16,55,99,99,20,0,0,1,1
55,550208,2,2,0,3,83,0,26,6,2010,7,0,26,1,2,2,US-141,STILES RD,0,44.86176944,-88.048297220,0,12,6,0,2,2,1,0,2,1,0,1,0,0000000,0,26,0,37,1,20,0,0,0,1,1
55,550209,2,2,0,3,13,0,19,6,2010,7,12,15,0,4,4,H,OAK LAKE RD,0,45.92937778,-92.105416670,0,12,6,0,2,3,1,0,1,10,0,10,0,0000000,12,18,12,28,99,99,0,0,0,1,0
55,550210,2,2,0,2,133,0,19,6,2010,7,18,23,0,14,4,E,,0,43.17206389,-88.340838890,0,12,2,0,1,1,1,0,1,1,0,1,0,0000000,18,23,18,36,88,88,0,0,0,1,0
55,550211,1,1,0,1,85,0,19,6,2010,7,20,46,0,4,4,Q,,0,45.49687222,-89.273100000,0,11,0,0,1,1,1,0,5,1,0,1,0,0000000,20,46,99,99,99,99,0,0,0,1,0
55,550213,2,2,0,3,111,0,26,6,2010,7,16,38,0,3,3,SR-78,,0,43.37301111,-89.644488890,0,12,6,0,1,1,1,0,1,1,0,1,0,0000000,99,99,99,99,99,99,0,0,0,1,0
55,550214,1,1,1,1,133,0,20,6,2010,1,9,45,0,13,2,US-18,,0,43.02141944,-88.451838890,0,9,0,0,1,1,1,0,1,10,0,10,0,0000000,9,45,9,53,88,88,0,0,0,1,0
55,550215,2,2,0,2,57,0,21,6,2010,2,13,27,0,4,3,SR-80,,0,43.88928056,-90.143766670,0,12,2,0,1,1,1,0,1,1,0,1,0,0000000,13,31,13,36,13,56,0,0,0,2,0
55,550216,2,2,0,6,107,0,27,6,2010,1,14,12,0,4,4,D-F,,0,45.30996667,-91.495086110,0,12,2,0,1,1,2,0,1,1,0,1,0,0000000,14,14,99,99,15,43,0,0,0,3,0
55,550217,1,1,0,1,27,0,17,6,2010,5,12,6,0,4,4,CW,,0,43.19726111,-88.684472220,0,34,0,0,1,1,5,0,1,10,0,10,0,0000000,12,8,12,22,88,88,0,0,0,1,0
55,550218,2,2,0,4,55,0,22,6,2010,3,13,18,1,1,1,I-94,,2780,43.07050278,-88.550941670,0,12,6,0,1,1,1,1,1,1,0,1,0,0000000,13,19,13,35,88,88,0,0,0,3,0
55,550219,2,2,0,2,129,0,24,6,2010,5,11,29,0,4,4,M,,0,45.70165278,-91.727386110,0,12,6,0,1,1,1,0,1,1,0,1,0,0000000,99,98,99,98,88,88,0,0,0,1,0
55,550220,2,2,0,3,93,0,24,6,2010,5,19,11,0,6,3,SR-35,530TH ST,0,44.58805278,-92.395836110,0,12,6,0,2,2,1,0,5,1,0,1,0,0000000,19,16,19,24,88,88,0,0,0,1,1
55,550221,1,1,1,1,133,0,24,6,2010,5,15,6,0,13,2,US-18,,0,43.03600000,-88.150897220,0,9,0,0,4,1,1,0,1,10,0,10,0,0000000,15,7,15,10,99,99,0,0,0,1,0
55,550222,2,2,0,2,87,0,30,6,2010,4,12,5,0,6,5,MARKET ST,ROCK RD,0,44.37607778,-88.536930560,0,12,6,0,2,2,1,0,1,1,0,1,0,0000000,12,6,12,13,99,99,0,0,0,1,0
55,550223,2,2,0,3,13,0,30,6,2010,4,17,2,0,5,5,OLD 35,,0,45.73113889,-92.467675000,0,12,6,0,1,1,1,0,1,10,0,10,0,0000000,17,6,17,24,18,57,2,0,0,1,0
55,550224,2,2,0,2,89,0,28,6,2010,2,14,45,0,4,4,C,,0,43.34265833,-87.893458330,0,12,6,0,1,1,1,0,1,1,0,1,0,0000000,14,50,14,58,16,9,0,0,0,1,0
55,550225,1,1,0,1,125,0,18,6,2010,6,14,50,0,6,5,RED FEATHER RD,,0,46.13941944,-89.862027780,0,42,0,0,1,1,4,0,1,1,0,1,0,0000000,14,52,15,2,15,47,0,0,0,1,0
55,550226,1,1,0,1,9,4705,23,5,2010,1,2,39,0,15,4,FAIRVIEW RD,,0,44.59795556,-88.100805560,0,1,0,0,1,1,2,0,2,1,0,1,0,0000000,2,44,2,53,88,88,0,0,0,1,1
55,550227,2,2,0,4,79,3475,10,6,2010,5,12,1,1,13,3,SR-100,PENNSYLVANIA AVE,0,42.86772500,-87.883413890,0,12,6,0,2,2,1,0,1,1,0,1,0,0000000,12,3,12,5,12,46,0,0,0,2,0
55,550228,2,2,0,2,101,3970,16,6,2010,4,12,15,0,14,5,KINZIE AVE,PERRY AVE,0,42.72318333,-87.839513890,0,12,6,0,2,2,1,0,1,1,0,1,0,0000000,12,16,12,21,12,43,0,0,0,1,0
55,550229,1,1,0,1,17,0,18,6,2010,6,99,99,1,12,3,SR-29,,0,44.89657500,-91.388547220,0,59,0,0,1,1,2,0,2,99,0,99,0,0000000,0,59,1,5,88,88,18,0,0,1,1
55,550231,1,1,0,1,87,170,25,6,2010,6,11,9,0,15,5,FREMONT ST E,ONEIDA ST S,0,44.24981667,-88.404138890,0,1,0,0,2,3,1,0,1,1,0,1,0,0000000,11,11,11,13,11,32,0,0,0,1,0
55,550232,1,1,0,1,59,2400,1,7,2010,5,23,29,0,14,6,30TH AVE,,0,42.57876111,-87.845586110,0,1,0,0,1,1,1,0,3,1,0,1,0,176835A,23,29,23,33,88,88,18,0,0,1,1
55,550233,1,1,0,2,79,3100,2,7,2010,6,4,4,0,14,6,91ST ST N,,0,43.16196111,-88.024777780,0,42,0,0,1,1,4,0,3,1,0,1,0,0000000,4,6,99,99,99,99,0,0,0,1,0
55,550234,1,1,0,1,109,0,4,7,2010,1,0,30,0,4,4,CC,,0,45.19428611,-92.477802780,0,35,0,0,1,1,5,0,2,10,0,10,0,0000000,1,38,1,45,99,99,0,0,0,1,0
55,550235,1,1,1,1,111,2515,9,7,2010,6,8,43,0,6,5,ADAMS ST E,WISCONSIN DELLS PKWY,0,43.59030833,-89.793963890,0,9,0,0,3,3,1,0,1,1,0,1,0,0000000,8,43,8,46,99,99,0,0,0,1,0
55,550236,2,2,0,2,111,0,9,7,2010,6,15,31,0,4,5,DOUGLAS RD,,0,43.58927500,-90.104736110,0,12,2,0,1,1,1,0,1,1,0,1,0,0000000,99,99,99,99,99,99,0,0,0,1,0
55,550237,1,1,0,3,25,0,9,7,2010,6,20,0,0,3,3,SR-73,,0,43.19081667,-89.058780560,0,1,0,0,1,1,1,0,1,1,0,1,0,0000000,20,8,20,24,21,42,0,0,0,1,1
55,550238,1,1,0,1,111,0,10,7,2010,7,20,33,0,6,5,MOON RD,TIMOTHY LN,0,43.56136111,-89.778300000,0,33,0,0,2,6,4,0,1,1,0,1,0,0000000,20,35,20,41,99,99,0,0,0,1,1
55,550239,2,2,0,3,79,3100,11,7,2010,1,2,50,0,13,3,SR-57,,0,43.03256389,-87.947819440,0,12,1,0,1,1,1,0,3,1,0,1,0,0000000,99,99,99,99,99,99,0,0,0,1,1
55,550240,1,1,0,1,17,0,29,6,2010,3,14,30,0,6,5,13TH ST,,0,44.97625833,-91.643486110,0,10,0,0,6,1,1,0,1,1,0,1,0,186014X,14,38,14,58,88,88,0,0,0,1,0
55,550241,1,1,0,4,103,0,27,6,2010,1,99,99,0,5,4,X,,0,43.26343333,-90.588486110,0,42,0,0,1,1,4,0,2,99,0,99,0,0000000,9,15,9,29,9,54,0,0,0,3,1
55,550242,3,3,0,5,23,0,8,7,2010,5,19,1,1,2,2,US-61,DAY CREEK RD,0,43.41820000,-90.779283330,0,12,2,0,2,3,1,0,1,1,0,1,0,0000000,19,3,19,7,19,23,0,0,0,1,1
55,550243,1,1,1,1,139,3620,12,7,2010,2,23,55,1,12,2,US-41,,0,44.01957778,-88.582119440,0,8,0,0,1,1,1,1,2,1,0,1,0,0000000,0,4,0,12,88,88,18,0,0,1,0
55,550244,2,2,0,2,49,0,13,7,2010,3,10,50,1,2,2,US-14,,0,43.16186667,-89.855975000,0,12,6,0,1,1,1,0,1,1,0,1,0,0000000,10,51,99,99,99,99,0,0,0,1,0
55,550245,2,2,0,2,133,3352,13,7,2010,3,22,48,1,11,1,I-43,,575,42.95742778,-88.100094440,0,12,1,0,1,1,1,0,2,10,0,10,0,0000000,22,52,22,59,23,13,0,0,0,1,1
55,550246,1,1,0,1,25,0,14,7,2010,4,2,5,0,3,4,N,,0,43.14250833,-89.207511110,0,30,0,0,1,1,4,0,2,1,0,1,0,0000000,99,99,3,0,88,88,0,0,0,1,1
55,550247,2,2,0,2,25,0,16,7,2010,6,2,50,1,2,2,US-14,,0,43.09489444,-89.609416670,0,12,2,0,1,1,1,0,2,1,0,1,0,0000000,2,52,2,59,99,99,0,0,0,1,0
55,550248,1,1,0,2,55,0,17,7,2010,7,2,22,0,6,5,WEST RD,,0,43.16052222,-88.825450000,0,1,0,0,1,1,4,0,2,1,0,1,0,0000000,2,22,2,36,3,14,0,0,0,1,1
55,550249,2,2,0,3,71,0,17,7,2010,7,20,35,0,3,2,US-151,NORSTAD RD,0,44.07568611,-87.811533330,0,12,2,0,2,3,1,0,5,1,0,1,0,0000000,20,37,20,44,99,99,0,0,0,1,0
55,550250,1,1,0,2,78,0,9,5,2010,1,99,99,0,3,3,SR-55,,0,44.89120833,-88.651944440,3,1,0,0,1,1,1,0,1,1,0,1,0,0000000,16,40,16,43,17,25,0,0,0,1,1
55,550251,2,2,0,5,85,0,22,7,2010,5,12,22,0,3,3,SR-47,,0,45.82395556,-89.611444440,0,11,0,0,1,1,1,0,1,10,0,10,0,0000000,12,22,12,31,13,26,14,0,0,1,0
55,550252,1,1,0,2,81,0,23,7,2010,6,20,35,1,1,1,I-94,,1320,44.13485278,-90.535841670,0,1,0,0,1,1,3,0,5,1,0,1,0,0000000,20,38,20,51,99,99,0,0,0,1,0
55,550253,1,1,0,2,31,0,24,7,2010,7,15,35,0,4,4,A,,0,46.58255000,-92.067061110,0,1,0,0,1,1,4,0,1,1,0,1,0,0000000,15,33,15,50,16,32,0,0,0,1,0
55,550254,1,1,0,1,73,0,25,7,2010,1,17,53,1,12,3,SR-29,,0,44.89966111,-89.641441670,0,1,0,0,1,1,4,0,1,1,0,1,0,0000000,17,53,17,57,18,20,0,0,0,1,0
55,550255,1,1,0,1,93,0,23,7,2010,6,22,45,0,6,5,380TH ST,,0,44.59045278,-92.320841670,0,35,0,0,1,1,4,0,2,10,0,10,0,0000000,22,53,23,9,88,88,0,0,0,1,0
55,550256,1,1,0,1,31,0,26,7,2010,2,23,0,0,4,4,T,,0,46.17243056,-91.812744440,0,1,0,0,1,1,4,0,2,1,0,1,0,0000000,88,88,88,88,88,88,18,0,0,1,1
55,550257,2,2,0,3,43,0,31,7,2010,7,17,45,0,3,3,SR-35,KROGMAN LN,0,42.84060556,-90.901566670,0,12,2,0,2,3,1,0,1,1,0,1,0,0000000,17,45,17,52,18,15,0,0,0,2,1
55,550258,1,1,0,1,41,0,27,7,2010,3,5,47,0,5,4,C,,0,45.44423611,-88.598727780,0,42,0,0,1,1,4,0,9,1,0,1,0,0000000,5,48,6,1,99,99,0,0,0,1,1
55,550259,2,2,0,2,79,3100,29,7,2010,5,19,26,0,14,6,MORGAN AVE W,,0,42.98107778,-88.019269440,0,12,1,0,1,1,1,0,1,1,0,1,0,0000000,99,99,99,99,99,99,0,0,0,1,1
55,550260,2,2,0,2,133,3260,28,6,2010,2,7,36,0,16,6,RYAN RD,JIMMY DEMARET DR,0,42.87269444,-88.078083330,0,12,2,0,2,3,1,0,1,10,0,10,0,0000000,7,36,7,43,99,99,0,0,0,1,0
55,550261,2,2,0,2,97,0,17,7,2010,7,21,3,0,4,4,A,D,0,44.30898611,-89.315377780,0,12,6,0,2,3,1,0,2,10,0,10,0,0000000,21,5,21,11,22,24,0,0,0,1,2
55,550262,2,2,0,2,63,0,18,7,2010,1,1,8,0,14,3,SR-35,OT,0,43.92315278,-91.250250000,0,12,6,0,2,2,1,0,3,10,0,10,0,0000000,1,10,1,12,1,40,0,0,0,1,0
55,550263,2,2,0,2,25,0,16,7,2010,6,18,2,0,4,4,CV,,0,43.16194444,-89.334619440,0,12,2,0,1,1,1,0,1,1,0,1,0,0000000,18,2,99,99,99,99,0,0,0,1,0
55,550264,1,1,0,2,131,4089,18,7,2010,1,2,33,0,15,5,WILLOW CREEK RD,,0,43.20739722,-88.200044440,0,34,0,0,1,1,4,0,2,99,0,99,0,0000000,7,26,7,35,88,88,0,0,0,2,1
55,550265,1,1,0,1,21,0,19,7,2010,2,17,40,0,5,4,CM,,0,43.63623611,-89.425083330,0,23,0,0,1,1,4,0,1,10,0,10,0,0000000,17,45,17,53,88,88,0,0,0,1,0
55,550266,3,3,0,3,59,2400,20,7,2010,3,12,44,0,14,6,30TH AVE,40TH ST,0,42.60086944,-87.845677780,0,12,6,0,2,2,1,0,1,1,0,1,0,0000000,12,44,12,48,88,88,0,0,0,1,0
55,550267,2,1,0,3,25,2780,21,7,2010,4,0,49,0,15,6,S INGERSOLL ST,,0,43.08194167,-89.366086110,0,14,0,0,1,1,7,0,3,10,0,10,0,0000000,0,50,0,56,1,20,20,0,0,1,1
55,550268,1,1,1,1,9,0,21,7,2010,4,18,25,1,2,2,US-41,,0,44.39340833,-88.157730560,0,1,0,0,1,1,4,8,1,1,0,1,0,0000000,18,31,18,42,19,17,0,0,0,1,0
55,550269,2,2,0,2,79,3100,22,7,2010,5,3,30,0,14,6,GREENFIELD AVE W,11TH ST S,0,43.01705556,-87.925311110,0,12,6,0,2,2,1,0,3,10,0,10,0,0000000,99,99,99,99,88,88,0,0,0,1,1
55,550270,2,2,0,8,133,0,18,7,2010,1,16,32,1,11,1,I-94,,0,43.07058056,-88.531094440,0,12,1,0,1,1,1,1,1,1,0,1,0,0000000,88,88,88,88,88,88,0,0,0,1,0
55,550271,1,1,0,1,79,3100,20,7,2010,3,8,45,0,16,6,9TH ST S,,0,43.02605556,-87.922533330,0,39,0,0,1,1,5,0,1,1,0,1,0,0000000,88,88,88,88,88,88,0,0,0,1,0
55,550272,2,2,0,2,115,0,26,7,2010,2,19,46,1,2,3,SR-29,BE,0,44.71785556,-88.397063890,0,12,6,0,2,2,1,0,5,1,0,1,0,0000000,19,47,19,57,99,99,0,0,0,1,0
55,550273,1,1,0,1,75,0,27,7,2010,3,10,48,0,3,2,US-8,,0,45.74716111,-87.935569440,0,1,0,0,1,1,1,1,1,10,0,10,0,0000000,10,48,11,1,88,88,3,0,0,1,0
55,550274,1,1,1,1,11,0,31,7,2010,7,2,17,0,2,3,SR-25,,0,44.42440278,-92.009166670,0,8,0,0,1,1,1,0,2,1,0,1,0,0000000,2,23,2,43,2,48,0,0,0,1,0
55,550275,2,2,0,2,63,0,31,7,2010,7,13,5,0,4,4,M,,0,43.83136944,-91.061166670,0,12,1,0,1,1,1,0,1,1,0,1,0,0000000,13,6,13,9,99,99,23,0,0,1,1
55,550276,1,1,0,1,71,0,1,8,2010,1,0,4,0,6,5,CARBON RD,,0,44.14534167,-87.760402780,0,32,0,0,1,1,4,0,3,1,0,1,0,0000000,0,12,0,22,1,14,0,0,0,1,1
55,550277,1,1,0,1,85,4815,1,8,2010,1,2,21,0,2,2,US-45,,0,45.81658333,-89.181047220,0,30,0,0,1,1,4,0,2,5,0,5,0,0000000,2,21,2,29,88,88,0,0,0,1,1
55,550278,1,1,0,1,85,0,1,8,2010,1,13,4,0,2,2,US-8,,0,45.56826944,-89.635047220,0,42,0,0,1,1,4,0,1,1,0,1,0,0000000,13,5,13,17,88,88,0,0,0,1,0
55,550279,2,2,0,2,79,3100,1,8,2010,1,16,44,0,13,6,OKLAHOMA AVE E,PINE AVE S,0,42.98833611,-87.899311110,0,12,6,0,2,2,1,0,1,1,0,1,0,0000000,99,99,99,99,99,99,0,0,0,1,0
55,550280,1,1,0,1,81,0,1,8,2010,1,11,23,0,3,3,SR-131,,0,43.83841667,-90.473994440,0,35,0,0,1,1,4,0,1,10,0,10,0,0000000,11,26,11,32,88,88,0,0,0,1,0
55,550281,2,2,0,2,101,0,21,7,2010,4,18,0,0,4,4,KR,,0,42.66956111,-87.963475000,0,12,6,0,8,1,1,0,1,10,0,10,0,0000000,18,0,18,9,18,46,0,0,0,1,0
55,550282,1,1,0,2,3,0,11,7,2010,1,15,30,0,4,4,F,,0,46.05353333,-90.414863890,0,11,0,0,1,1,1,0,1,10,0,10,0,0000000,15,30,15,43,16,8,0,0,0,1,1
55,550283,2,2,0,2,9,223,15,7,2010,5,21,22,1,13,3,SR-172,PACKERLAND BLVD,0,44.49509722,-88.104944440,0,12,6,0,2,2,1,0,2,1,0,1,0,0000000,21,25,21,30,21,43,0,0,0,1,0
55,550284,1,1,0,1,85,0,4,8,2010,4,2,12,0,4,3,SR-32,,0,45.79268889,-89.083902780,0,31,0,0,1,1,4,0,3,1,0,1,0,0000000,2,12,2,20,88,88,0,0,0,1,1
55,550285,2,2,0,2,21,0,5,8,2010,5,23,35,1,1,1,I-90,,1025,43.53772222,-89.596766670,0,12,1,0,1,1,1,1,2,1,0,1,0,0000000,99,99,23,50,88,88,0,0,0,1,1
55,550286,2,2,0,3,65,0,6,8,2010,6,13,42,0,4,4,W,I,0,42.53559444,-90.335641670,0,12,6,0,2,2,1,0,1,1,0,1,0,0000000,13,42,13,51,15,6,0,0,0,1,0
55,550287,2,2,0,2,105,0,7,8,2010,7,6,27,0,4,3,SR-59,,0,42.82704167,-89.184394440,0,12,2,0,1,1,1,0,4,10,0,10,0,0000000,6,28,6,41,7,10,0,0,0,1,0
55,550288,1,1,0,1,79,3475,10,8,2010,3,17,35,0,15,6,SOUTHBRANCH BLVD W,,0,42.86725278,-87.947422220,0,33,0,0,1,1,3,0,1,1,0,1,0,0000000,17,36,17,42,88,88,0,0,0,1,0
55,550289,1,1,0,1,35,0,10,8,2010,3,8,20,0,6,5,G,,0,44.84239167,-90.983405560,0,11,0,0,1,1,1,0,1,1,0,1,0,0000000,8,23,8,40,9,8,0,0,0,1,0
55,550290,1,1,0,1,97,0,8,8,2010,1,19,45,0,6,5,DEER RD,,0,44.60150000,-89.396438890,0,34,0,0,1,1,4,0,1,10,0,10,0,0000000,19,46,19,59,20,47,6,0,0,1,1
55,550291,1,1,1,1,113,0,11,8,2010,4,5,34,0,4,4,E,,0,45.92858889,-91.367711110,0,8,0,0,1,1,1,0,1,2,0,2,0,0000000,5,35,5,56,88,88,0,0,0,1,0
55,550292,2,2,0,3,61,0,2,7,2010,6,12,29,0,3,3,SR-42,FF,0,44.48741389,-87.501511110,0,12,6,0,2,3,1,0,1,1,0,1,0,0000000,12,30,12,36,13,38,0,0,0,1,1
55,550293,3,3,0,3,79,3475,14,7,2010,4,16,39,0,13,3,SR-38,,0,42.90427778,-87.911397220,0,12,1,0,1,1,1,4,1,1,0,1,0,0000000,16,40,16,43,88,88,0,0,0,1,0
55,550294,2,2,0,3,115,0,25,7,2010,1,14,38,1,2,3,SR-29,Q,0,44.82799444,-89.193169440,0,12,6,0,2,4,1,0,1,1,0,1,0,0000000,14,40,14,50,15,34,0,0,0,2,0
55,550295,3,3,0,4,133,3490,7,8,2010,7,16,12,0,12,3,SR-67,LAKE DR,0,43.12853611,-88.479638890,0,12,6,0,2,2,1,0,1,10,0,10,0,0000000,16,13,16,19,16,52,0,0,0,1,0
55,550296,2,2,0,2,87,0,8,8,2010,1,8,0,0,13,4,CE,,0,44.25588056,-88.320883330,0,12,6,1,18,1,1,0,1,10,0,10,0,0000000,8,5,8,11,99,99,0,0,0,1,0
55,550297,2,2,0,3,49,0,10,8,2010,3,13,14,1,2,2,US-18,,0,42.96757222,-90.290150000,0,12,6,0,1,1,1,0,1,10,0,10,0,0000000,13,14,13,32,14,44,0,0,0,1,0
55,550298,2,2,0,3,79,3100,2,8,2010,2,12,28,0,14,3,SR-32,MAPLE ST E,0,43.01103056,-87.909841670,0,12,2,0,2,2,1,0,1,10,0,10,0,0000000,99,99,99,99,99,99,0,0,0,1,0
55,550299,1,1,2,1,93,3940,15,8,2010,1,10,41,0,3,2,US-10 (SR-35),,0,44.74934722,-92.802672220,0,8,0,0,1,1,1,0,1,1,0,1,0,0000000,10,43,10,46,11,23,0,0,0,1,0
55,550300,4,1,0,1,73,4290,16,8,2010,2,12,13,1,13,2,US-51 BUS,,0,44.91274444,-89.609630560,0,30,0,0,1,1,4,0,1,10,0,10,0,0000000,12,16,12,20,12,41,14,0,0,1,0
55,550301,2,2,0,2,87,0,17,8,2010,3,23,12,0,2,3,SR-15,LILY OF THE VALLEY,0,44.30526944,-88.545063890,0,12,6,0,2,2,1,0,3,1,0,1,0,0000000,11,14,11,23,88,88,0,0,0,1,2
55,550302,2,2,0,2,105,440,18,8,2010,4,17,37,0,16,6,FOREST AVE,BITTEL ST,0,42.50265278,-89.068694440,0,12,6,0,2,2,1,0,1,1,0,1,0,0000000,17,39,17,46,18,12,0,0,0,1,1
55,550303,1,1,1,1,133,470,19,8,2010,5,2,37,1,13,3,SR-164,,0,42.88984722,-88.208875000,0,8,0,0,1,1,1,0,2,10,0,10,0,0000000,2,39,2,44,3,48,0,0,0,1,0