STATE,ST_CASE,VE_TOTAL,VE_FORMS,PEDS,PERSONS,COUNTY,CITY,DAY,MONTH,YEAR,DAY_WEEK,HOUR,MINUTE,NHS,ROAD_FNC,ROUTE,TWAY_ID,TWAY_ID2,MILEPT,LATITUDE,LONGITUD,SP_JUR,HARM_EV,MAN_COLL,RELJCT1,RELJCT2,TYP_INT,REL_ROAD,WRK_ZONE,LGT_COND,WEATHER1,WEATHER2,WEATHER,SCH_BUS,RAIL,NOT_HOUR,NOT_MIN,ARR_HOUR,ARR_MIN,HOSP_HR,HOSP_MN,CF1,CF2,CF3,FATALS,DRUNK_DR
55,550304,1,1,2,2,121,0,19,8,2010,5,19,5,0,3,2,US-53,,0,44.35432778,-91.302844440,0,49,0,0,1,1,1,0,1,1,0,1,0,0000000,99,99,19,14,99,99,0,0,0,1,0
55,550305,2,2,0,3,105,2320,17,8,2010,3,21,32,0,14,6,GARFIELD AVE S,COURT ST E,0,42.68640278,-89.012347220,0,12,2,0,2,7,1,0,3,1,0,1,0,0000000,99,99,99,99,99,99,0,0,0,1,1
55,550306,2,2,0,2,105,0,20,8,2010,6,16,46,0,3,3,SR-140,SR-67,0,42.50798333,-88.864922220,0,1,0,0,2,2,1,0,1,10,0,10,0,0000000,16,46,17,5,88,88,0,0,0,1,1
55,550307,2,2,0,3,29,0,22,8,2010,1,17,17,0,4,4,X,D,0,44.69003611,-87.499505560,0,12,6,0,2,2,1,0,1,1,0,1,0,0000000,99,99,99,99,99,99,0,0,0,1,0
55,550308,2,2,0,2,25,0,23,8,2010,2,8,41,0,4,4,C,EGRE RD,0,43.20958611,-89.263766670,0,12,6,0,2,2,1,0,1,1,0,1,0,0000000,99,99,99,99,99,99,0,0,0,1,0
55,550309,2,2,0,3,79,3100,24,8,2010,3,14,11,0,14,6,GREENFIELD AVE S,12TH ST S,0,43.01702778,-87.926802780,0,12,6,0,2,2,1,0,1,1,0,1,0,0000000,99,99,99,99,99,99,0,0,0,1,0
55,550310,2,2,0,2,95,0,6,8,2010,6,16,55,0,4,4,A,,0,45.22358333,-92.396391670,0,12,2,0,1,1,1,0,1,1,0,1,0,0000000,16,50,17,3,88,88,0,0,0,1,0
55,550311,1,1,1,1,71,0,16,8,2010,2,4,28,0,3,3,SR-42,,0,44.25503611,-87.561422220,0,8,0,0,1,1,1,0,2,1,0,1,0,0000000,4,32,4,41,88,88,0,0,0,1,0
55,550312,2,2,0,2,59,0,15,8,2010,1,14,29,0,3,2,US-45,K,0,42.58304167,-88.050955560,0,12,7,0,2,2,1,0,1,1,0,1,0,0000000,14,29,14,39,88,88,0,0,0,1,0
55,550313,2,2,0,2,55,0,16,8,2010,2,13,0,0,2,3,SR-16,HUSTISFORD RD,0,43.16556111,-88.647738890,0,12,6,0,2,2,1,0,1,1,0,1,0,0000000,13,1,13,12,99,99,0,0,0,1,0
55,550314,1,1,0,2,109,0,21,8,2010,7,0,30,0,6,5,220TH ST,,0,44.94876389,-92.359658330,0,1,0,0,1,1,5,0,2,1,0,1,0,0000000,0,35,0,41,88,88,2,0,0,1,0
55,550315,1,1,0,3,1,0,21,8,2010,7,2,6,0,6,5,4TH AVE,,0,43.79897778,-89.658908330,0,5,0,0,1,1,1,0,2,10,0,10,0,0000000,2,8,99,99,88,88,0,0,0,1,1
55,550316,2,2,0,5,117,2470,24,8,2010,3,16,50,1,11,1,I-43,,1254,43.73911944,-87.758575000,0,34,0,0,1,1,5,0,1,10,0,10,0,0000000,16,51,16,57,88,88,14,0,0,1,0
55,550317,1,1,0,1,127,0,23,8,2010,2,16,57,0,6,5,O,,0,42.76897500,-88.642330560,0,1,0,0,1,1,5,0,1,1,0,1,0,0000000,16,50,16,57,17,23,2,0,0,1,1
55,550318,1,1,0,1,35,1470,25,8,2010,4,15,6,0,14,6,BIRCH ST,,0,44.82085000,-91.474480560,0,33,0,0,1,1,5,0,1,1,0,1,0,0000000,15,7,15,8,88,88,0,0,0,1,0
55,550319,1,1,0,1,97,0,28,8,2010,7,1,41,0,4,4,E,,0,44.58707500,-89.663244440,0,11,0,0,1,1,1,0,2,1,0,1,0,0000000,1,42,1,55,2,50,0,0,0,1,1
55,550320,1,1,0,2,111,0,28,8,2010,7,4,44,0,6,5,NORTH AVE,,0,43.61271389,-89.891166670,0,58,0,0,1,1,5,0,2,1,0,1,0,0000000,99,99,99,99,88,88,0,0,0,2,1
55,550321,1,1,0,1,139,0,29,8,2010,1,1,0,0,14,4,CB,JJ,0,44.17173889,-88.505430560,0,33,0,0,3,3,5,0,3,1,0,1,0,0000000,1,5,1,12,88,88,0,0,0,1,1
55,550322,1,1,0,1,71,0,29,8,2010,1,2,2,0,6,4,CR,,0,43.99553889,-87.727805560,0,34,0,0,1,1,5,0,2,1,0,1,0,0000000,6,58,7,6,88,88,18,0,0,1,1
55,550323,1,1,0,3,87,0,29,8,2010,1,22,28,0,6,5,SPRING RD,,0,44.30255278,-88.579052780,0,34,0,0,1,1,5,0,2,1,0,1,0,0000000,22,32,22,49,23,32,0,0,0,2,1
55,550324,1,1,0,1,25,0,25,8,2010,4,18,28,0,5,4,JG,,0,42.95362778,-89.725555560,0,1,0,0,1,1,4,0,1,1,0,1,0,0000000,18,29,99,99,99,99,0,0,0,1,0
55,550325,1,1,0,1,87,0,31,8,2010,3,20,21,0,4,4,KK,,0,44.24258611,-88.212833330,0,34,0,0,1,1,5,0,2,1,0,1,0,0000000,20,22,20,25,88,88,0,0,0,1,0
55,550326,2,2,0,2,27,0,27,8,2010,6,9,54,0,2,3,SR-33,,0,43.44458333,-88.674002780,0,12,1,0,8,1,1,0,1,1,0,1,0,0000000,9,55,10,10,10,28,0,0,0,1,0
55,550327,2,2,0,3,71,0,28,8,2010,7,11,27,0,4,4,T,ZANDER RD E,0,44.31269444,-87.807069440,0,12,6,0,2,2,1,0,1,1,0,1,0,0000000,11,31,11,40,88,88,0,0,0,1,0
55,550328,3,3,0,4,101,0,29,8,2010,1,14,44,0,3,3,SR-83,,0,42.81004167,-88.276950000,0,12,2,0,1,1,1,0,1,1,0,1,0,0000000,99,99,99,99,99,99,0,0,0,1,0
55,550329,2,1,0,1,105,1500,21,8,2010,7,3,30,0,13,2,US-51,,0,42.83232778,-89.070497220,0,19,0,0,1,1,5,0,3,10,0,10,0,0000000,3,37,3,43,3,55,0,0,0,1,0
55,550330,1,1,0,2,75,3720,28,8,2010,7,4,0,0,5,4,RIGHT OF WAY RD,,0,45.06238056,-87.739905560,0,1,0,0,1,1,4,0,2,10,0,10,0,0000000,4,5,4,6,88,88,0,0,0,2,1
55,550331,2,2,0,2,105,0,11,8,2010,4,21,6,1,2,3,SR-81,,0,42.56253333,-89.326444440,0,12,2,0,1,1,1,0,2,1,0,1,0,0000000,21,10,21,27,99,99,0,0,0,1,1
55,550332,2,2,0,2,81,0,2,9,2010,5,16,56,0,14,3,SR-16,,0,43.93913056,-90.820375000,0,12,6,0,8,1,1,0,1,2,0,2,0,0000000,16,58,17,0,17,31,0,0,0,1,0
55,550333,2,2,0,5,127,0,2,9,2010,5,20,11,0,3,3,SR-20,N,0,42.79275556,-88.464661110,0,12,6,0,2,2,1,0,2,2,0,2,0,0000000,20,11,99,99,99,99,0,0,0,1,1
55,550334,1,1,1,1,79,3100,3,9,2010,6,2,37,0,16,5,VIENNA AVE W,5TH ST N,0,43.08552778,-87.916027780,0,9,0,0,2,2,1,0,3,10,0,10,0,0000000,99,99,99,99,88,88,0,0,0,1,1
55,550335,3,3,0,4,59,0,3,9,2010,6,15,35,0,4,4,H,,0,42.63853611,-87.915258330,0,12,1,0,8,1,1,0,1,10,0,10,0,0000000,15,35,15,39,15,57,0,0,0,1,0
55,550336,1,1,0,1,137,0,4,9,2010,7,13,50,0,6,5,29TH LN,,0,44.04836111,-89.031658330,0,1,0,0,1,1,1,0,1,1,0,1,0,0000000,13,53,14,6,99,99,0,0,0,1,0
55,550337,2,2,0,3,119,0,5,9,2010,1,15,33,0,5,5,WINTER SPORTS RD,,0,45.13168056,-90.638022220,5,12,2,0,1,1,1,0,1,1,0,1,0,0000000,15,36,15,56,17,20,0,0,0,1,0
55,550338,2,2,1,2,79,3100,5,9,2010,1,21,15,0,15,6,TOWNSEND ST W,,0,43.08113056,-87.951694440,0,8,0,0,1,1,1,0,3,10,0,10,0,0000000,88,88,88,88,88,88,0,0,0,1,1
55,550339,2,2,0,3,79,5220,18,7,2010,1,2,50,0,13,2,US-41,NATIONAL AVE W,0,43.02325556,-87.920902780,0,12,6,0,2,2,1,0,3,1,0,1,0,0000000,2,58,3,1,3,31,0,0,0,1,2
55,550340,1,1,1,1,53,0,7,9,2010,3,20,35,0,3,3,SR-95,,0,44.34484444,-91.094769440,0,8,0,0,1,1,1,0,2,10,0,10,0,0000000,99,99,99,99,88,88,0,0,0,1,0
55,550341,2,2,0,2,117,0,5,8,2010,5,9,25,0,4,4,Q,IRISH CT,0,43.89159444,-88.142388890,0,12,2,0,3,2,1,0,1,10,0,10,0,0000000,9,40,9,52,99,99,0,0,0,1,0
55,550342,1,1,0,1,139,0,8,9,2010,4,17,25,0,15,5,OMRO RD,,0,44.03287500,-88.607138890,0,1,0,0,1,1,1,0,1,1,0,1,0,0000000,99,99,17,35,99,99,0,0,0,1,0
55,550343,2,2,0,2,85,0,3,8,2010,3,16,3,0,3,3,SR-47,,0,45.84936944,-89.643288890,0,12,1,0,1,1,1,0,1,1,0,1,0,0000000,16,6,16,13,16,21,0,0,0,1,0
55,550344,1,1,0,1,139,0,10,9,2010,6,17,22,1,12,2,US-41,,0,44.20288611,-88.485175000,0,1,0,1,18,1,1,0,1,10,0,10,0,0000000,17,22,17,31,17,53,0,0,0,1,1
55,550345,1,1,0,1,25,2780,16,8,2010,2,9,52,0,14,6,RAYMOND RD,GILBERT RD,0,43.03199167,-89.473513890,0,30,0,0,2,2,5,0,1,1,0,1,0,0000000,9,54,9,56,88,88,0,0,0,1,0
55,550346,4,4,0,4,55,0,8,9,2010,4,7,33,1,1,1,I-94,,2728,43.08493611,-88.650569440,0,12,1,0,1,1,1,1,1,1,0,1,0,0000000,99,99,99,99,99,99,0,0,0,1,0
55,550347,2,2,0,2,9,1330,17,8,2010,3,9,0,1,12,2,US-41 BUS,PARKVIEW RD,0,44.46213333,-88.072372220,0,12,6,0,2,2,1,0,1,10,0,10,0,0000000,9,0,9,6,9,20,0,0,0,1,0
55,550348,2,2,0,3,35,0,14,8,2010,7,16,5,0,4,4,HH,LOWES CREEK RD,0,44.68378889,-91.483325000,0,12,7,0,2,2,1,0,1,10,0,10,0,0000000,16,7,16,16,17,9,0,0,0,1,1
55,550349,2,2,0,3,131,0,26,8,2010,5,11,10,0,14,5,WILDWOOD RD,BEAVER DAM RD,0,43.44936667,-88.221588890,0,12,6,0,2,2,1,0,1,1,0,1,0,0000000,11,19,11,23,11,37,0,0,0,1,0
55,550350,2,2,0,4,115,9997,26,8,2010,5,14,11,1,2,2,US-45,SR-110,0,44.67954722,-88.883041670,0,12,6,0,2,2,1,0,1,1,0,1,0,0000000,99,99,99,99,99,99,0,0,0,2,0
55,550351,2,2,0,2,5,0,20,8,2010,6,13,6,1,2,2,US-8,P,0,45.40983889,-92.033244440,0,12,6,0,2,2,1,0,1,1,0,1,0,0000000,13,12,13,21,13,56,0,0,0,1,0
55,550352,3,3,0,4,79,3100,4,9,2010,7,16,30,0,13,6,SHERMAN BLVD N,DOUGLAS AVE W,0,43.12975278,-87.965983330,0,12,6,0,2,2,1,0,1,1,0,1,0,0000000,99,99,99,99,99,99,0,0,0,1,0
55,550353,2,2,0,3,83,0,11,9,2010,7,19,47,0,5,4,BRANCH RD,SPREEMAN RD,0,45.06471667,-88.404644440,0,12,6,0,2,3,1,0,2,1,0,1,0,0000000,19,47,20,0,21,30,0,0,0,1,1
55,550354,2,2,0,4,131,0,12,9,2010,1,18,8,1,2,3,SR-33,,0,43.42746111,-88.253647220,0,12,2,0,1,1,1,0,1,1,0,1,0,0000000,18,10,18,19,18,53,0,0,0,1,0
55,550355,2,2,0,3,21,0,12,9,2010,1,9,50,0,3,3,SR-33,,0,43.52496667,-89.493600000,0,12,2,0,1,1,1,0,1,1,0,1,0,0000000,9,53,9,58,10,37,0,0,0,1,0
55,550356,1,1,0,1,115,0,29,8,2010,1,1,0,0,4,4,M,,0,44.73115556,-89.128561110,0,34,0,0,1,1,5,0,2,1,0,1,0,0000000,88,88,88,88,88,88,18,0,0,1,1
55,550357,2,2,0,3,53,0,4,9,2010,7,15,53,0,3,2,US-12,,0,44.32722500,-90.831269440,0,12,1,0,4,1,1,0,1,1,0,1,0,0000000,15,57,16,5,16,28,0,0,0,1,0
55,550358,1,1,0,1,67,0,10,9,2010,6,20,10,0,4,4,DD,,0,45.37224167,-88.905208330,0,11,0,0,1,1,1,0,2,1,0,1,0,0000000,20,11,20,32,99,99,0,0,0,1,0
55,550359,2,2,0,3,17,0,12,9,2010,1,18,37,0,3,3,SR-64,,0,45.14870833,-91.249866670,0,12,2,0,1,1,4,0,1,1,0,1,0,0000000,18,39,18,51,99,99,0,0,0,1,1
55,550360,2,2,0,3,131,4089,13,9,2010,2,16,21,0,13,3,SR-167,,0,43.25165833,-88.287269440,0,12,6,0,1,1,1,0,1,1,0,1,0,0000000,16,25,16,29,99,99,0,0,0,1,1
55,550361,1,1,0,2,25,0,4,9,2010,7,13,8,0,6,5,WILLIAMS DR,,0,42.98651944,-89.210272220,0,35,0,0,1,1,4,0,1,1,0,1,0,0000000,13,8,99,99,99,99,0,0,0,1,0
55,550362,3,3,1,4,131,4440,1,9,2010,4,21,32,1,13,3,SR-60,,0,43.32484167,-88.292216670,0,8,0,0,1,1,1,0,2,10,0,10,0,0000000,21,33,21,35,21,51,0,0,0,1,0
55,550363,1,1,0,1,97,130,16,9,2010,5,5,39,0,6,5,V,,0,44.44677222,-89.284708330,0,21,0,0,1,1,4,0,2,2,0,2,0,0000000,5,41,5,43,88,88,0,0,0,1,1
55,550364,1,1,0,1,109,0,4,9,2010,7,18,38,0,6,5,205TH AVE,,0,45.15898333,-92.647061110,0,34,0,0,1,1,4,0,1,10,0,10,0,0000000,18,40,18,51,88,88,0,0,0,1,1
55,550365,1,1,0,1,59,3795,5,9,2010,1,3,15,0,2,3,SR-31,,0,42.49972500,-87.887600000,0,1,0,0,1,1,1,0,2,99,0,99,0,0000000,13,7,99,99,88,88,18,0,0,1,1
55,550366,1,1,0,2,83,0,10,9,2010,6,23,54,1,2,2,US-41,,0,44.97330000,-87.869425000,0,11,0,0,1,1,1,0,2,1,0,1,0,0000000,23,54,0,5,88,88,18,0,0,2,1
55,550367,2,2,0,2,79,3100,11,9,2010,7,2,50,0,13,3,SR-32,FLORIDA ST W,0,43.02735000,-87.911075000,0,12,6,0,2,2,1,0,3,10,0,10,0,0000000,99,99,99,99,99,99,0,0,0,1,1
55,550368,1,1,0,2,19,0,11,9,2010,7,12,10,0,6,5,OPELT AVE,,0,44.51349167,-90.632227780,0,35,0,0,1,1,4,0,1,1,0,1,0,0000000,12,12,99,99,99,99,0,0,0,1,0
55,550369,1,1,0,2,5,0,12,9,2010,1,2,38,0,5,5,19TH ST,,0,45.41806389,-91.765966670,0,35,0,0,1,1,4,0,2,1,0,1,0,0000000,2,47,2,56,99,99,0,0,0,1,1
55,550370,1,1,0,1,57,0,12,9,2010,1,6,10,1,1,1,I-90,,561,43.91335278,-90.246419440,0,1,0,0,1,1,3,0,4,1,0,1,0,0000000,6,19,6,38,88,88,0,0,0,1,1
55,550371,1,1,0,1,111,0,12,9,2010,1,0,20,0,6,5,HILLSIDE DR,,0,43.60195556,-89.759405560,0,34,0,0,1,1,4,0,2,1,0,1,0,0000000,0,21,0,30,88,88,0,0,0,1,1
55,550372,3,3,0,3,63,2490,16,9,2010,5,15,34,1,13,2,US-14,BROADVIEW PL,0,43.76979167,-91.213902780,0,12,6,0,2,2,1,0,1,10,0,10,0,0000000,15,35,15,43,16,9,0,0,0,1,0
55,550373,1,1,0,1,11,0,12,9,2010,1,19,13,0,3,3,SR-35,,0,44.07320278,-91.630783330,0,33,0,0,1,1,3,0,1,10,0,10,0,0000000,19,19,19,27,19,55,0,0,0,1,1
55,550374,1,1,0,1,95,0,15,9,2010,4,21,39,0,6,5,30TH ST,,0,45.21385000,-92.218702780,0,34,0,0,1,1,5,0,2,2,0,2,0,0000000,21,41,21,52,88,88,0,0,0,1,1
55,550375,1,1,0,1,127,0,18,9,2010,7,7,26,1,2,2,US-12,,0,42.54548333,-88.337186110,0,52,0,0,1,1,3,0,1,10,0,10,0,0000000,7,26,7,37,8,25,0,0,0,1,0
55,550376,1,1,0,3,79,3100,18,9,2010,7,10,54,1,11,1,I-94 RAMP,,3082,43.03293889,-87.970036110,0,39,0,0,5,1,5,0,1,10,0,10,0,0000000,10,55,11,1,11,27,0,0,0,1,0
55,550377,1,1,1,2,69,0,19,9,2010,1,0,55,0,4,4,A,,0,45.50454167,-89.724183330,0,8,0,0,1,1,1,0,2,10,0,10,0,0000000,0,56,0,59,1,2,0,0,0,1,0
55,550378,1,1,0,1,131,0,21,9,2010,3,17,27,0,4,5,WESTERN AVE,,0,43.29563611,-88.191633330,0,35,0,0,1,1,5,0,1,10,0,10,0,0000000,17,28,17,36,88,88,0,0,0,1,1
55,550379,1,1,0,1,91,0,12,9,2010,1,9,15,0,6,4,B,,0,44.60712222,-91.811800000,0,1,0,0,1,1,1,0,1,1,0,1,0,0000000,9,20,9,38,10,23,0,0,0,1,0
55,550380,1,1,0,1,87,0,25,9,2010,7,4,33,0,6,5,KRUEGER RD,,0,44.41457778,-88.332611110,0,32,0,0,1,1,5,0,2,10,0,10,0,0000000,4,35,4,51,88,88,0,0,0,1,1
55,550381,1,1,0,2,69,0,26,9,2010,1,99,99,0,4,3,SR-107,,0,45.37825556,-89.717616670,0,11,0,0,1,1,1,0,2,1,0,1,0,0000000,0,7,0,25,2,4,18,0,0,1,1
55,550382,1,1,0,1,73,0,29,9,2010,4,14,46,0,6,5,WILLOW RD,,0,44.70742500,-89.446691670,0,11,0,0,1,1,1,0,1,1,0,1,0,0000000,14,56,15,1,88,88,0,0,0,1,0
55,550383,1,1,0,1,25,3220,29,9,2010,4,17,10,0,13,3,SR-78,,0,43.00996667,-89.731038890,0,33,0,0,1,1,5,0,1,1,0,1,0,0000000,17,10,17,16,99,99,0,0,0,1,1
55,550384,1,1,0,1,65,0,12,8,2010,5,20,44,0,6,5,LARSE RD,,0,42.59026389,-89.955775000,0,32,0,0,1,1,4,0,2,5,0,5,0,0000000,20,44,99,99,99,99,0,0,0,1,1
55,550385,1,1,0,1,51,0,30,4,2010,6,19,57,0,6,8,CRAWFORD RD,,0,46.22984722,-90.371175000,0,18,0,0,1,1,1,0,2,1,0,1,0,0000000,19,57,20,49,99,99,0,0,0,1,1
55,550386,1,1,0,1,31,0,13,6,2010,1,2,4,0,6,5,BELLWOOD PIT RD,,0,46.55236667,-91.621255560,0,42,0,0,1,1,4,0,2,2,5,2,0,0000000,2,4,99,99,88,88,0,0,0,1,1
55,550387,1,1,0,1,31,0,9,7,2010,6,11,38,0,6,5,WASGREN RD,,0,46.51909444,-91.710663890,0,34,0,0,1,1,4,0,1,1,0,1,0,0000000,99,99,99,99,99,99,0,0,0,1,0
55,550388,1,1,0,2,79,3100,28,5,2010,6,16,30,0,13,3,SR-57,,0,43.03495000,-87.947777780,0,5,0,0,1,1,1,0,1,1,0,1,0,0000000,88,88,88,88,88,88,0,0,0,1,0
55,550389,4,4,0,5,9,4705,5,6,2010,7,2,54,1,12,2,US-41 (SR-141),,0,44.60696944,-88.050355560,0,12,2,0,1,1,1,0,2,5,0,5,0,0000000,2,58,3,6,3,39,0,0,0,1,3
55,550390,3,3,0,3,111,5165,8,9,2010,4,11,24,1,13,2,US-12,,0,43.48678889,-89.774308330,0,12,6,0,1,1,1,0,1,1,0,1,0,0000000,11,25,11,32,12,0,0,0,0,1,0
55,550391,1,1,0,1,73,0,12,9,2010,1,19,0,0,4,4,N,,0,44.94297778,-89.242083330,0,34,0,0,1,1,4,0,5,99,0,99,0,0000000,88,88,88,88,88,88,18,0,0,1,0
55,550392,2,2,0,8,65,4500,19,9,2010,1,2,5,1,2,3,SR-11,,0,42.57131944,-89.867972220,0,12,2,0,1,1,1,0,2,10,0,10,0,0000000,2,14,2,27,99,99,0,0,0,3,0
55,550393,2,2,0,4,9,0,19,7,2010,2,2,40,1,2,3,SR-57,,0,44.52496667,-87.935686110,0,12,1,0,1,1,1,0,2,10,0,10,0,0000000,2,40,3,1,99,99,0,0,0,1,0
55,550394,1,1,0,1,51,0,22,8,2010,1,2,2,0,4,4,J,,0,46.18006944,-90.040405560,0,42,0,0,1,1,4,0,2,1,0,1,0,0000000,88,88,88,88,88,88,0,0,0,1,1
55,550395,5,5,0,8,85,0,22,8,2010,1,15,5,1,2,2,US-51,J,0,45.89077222,-89.701138890,0,12,1,0,3,2,1,0,1,1,0,1,0,0000000,15,10,15,12,15,25,0,0,0,1,0
55,550396,1,1,1,1,9,0,24,8,2010,3,7,19,0,3,3,SR-96,BLAKE RD,0,44.31350833,-88.030175000,0,9,0,0,2,2,1,0,1,1,0,1,0,0000000,7,20,7,28,8,17,0,0,0,1,0
55,550397,1,1,1,1,115,0,21,9,2010,3,17,15,0,6,5,LARK RD,,0,44.75010000,-88.518219440,0,9,0,0,8,1,1,0,1,1,0,1,0,0000000,17,28,17,38,17,57,0,0,0,1,0
55,550398,1,1,0,1,87,0,18,9,2010,7,17,55,0,2,3,SR-47,,0,44.46410833,-88.451527780,0,34,0,0,1,1,5,0,1,10,0,10,0,0000000,17,55,18,3,18,22,0,0,0,1,0
55,550399,2,2,0,7,59,0,19,9,2010,1,18,54,1,2,3,SR-50,W,0,42.57560833,-88.202266670,0,12,6,0,2,3,1,0,1,1,0,1,0,0000000,18,56,19,4,99,99,0,0,0,1,1
55,550400,2,2,0,2,19,0,22,9,2010,4,7,34,0,6,5,BUSH RD,,0,44.44383056,-90.665811110,0,12,1,0,1,1,1,0,1,1,0,1,0,0000000,7,35,7,47,88,88,1,0,0,1,0
55,550401,2,2,0,2,133,0,22,9,2010,4,20,57,0,15,6,LAKE FIVE RD,PERENNIAL TER,0,43.17652222,-88.292216670,0,12,6,0,2,2,1,0,3,10,0,10,0,0000000,20,57,21,9,88,88,0,0,0,1,0
55,550402,2,2,0,3,87,0,22,9,2010,4,9,35,0,6,5,SCHOOL RD,,0,44.28714167,-88.554794440,0,12,2,0,8,1,1,0,1,1,0,1,0,0000000,9,35,9,47,10,32,0,0,0,1,0
55,550403,1,1,0,1,91,0,7,10,2010,5,13,47,0,3,3,SR-85,,0,44.67950278,-91.845725000,0,1,0,0,1,1,1,0,1,1,0,1,0,0000000,99,99,99,99,88,88,0,0,0,1,0
55,550404,2,2,1,3,79,3100,24,9,2010,6,20,55,1,13,3,SR-190,,0,43.08974444,-87.940519440,0,12,6,0,1,1,1,0,3,1,0,1,0,0000000,99,99,99,99,99,99,0,0,0,1,0
55,550405,1,1,0,2,93,0,9,10,2010,7,17,39,0,3,3,SR-35,,0,44.60490556,-92.536061110,0,34,0,0,1,1,5,0,1,1,0,1,0,0000000,17,39,17,43,99,99,0,0,0,1,1
55,550406,1,1,1,1,63,3560,24,9,2010,6,21,56,1,11,1,I-90 RAMP,,56,43.87703889,-91.191833330,0,8,0,1,5,1,1,0,2,10,0,10,0,0000000,10,19,99,99,88,88,0,0,0,1,0
55,550407,1,1,0,1,105,0,10,10,2010,1,99,99,0,5,4,B,,0,42.68678889,-89.270266670,0,35,0,0,1,1,5,0,3,1,0,1,0,0000000,88,88,88,88,88,88,18,0,0,1,1
55,550408,1,1,1,1,59,2400,29,9,2010,4,15,56,0,16,6,7TH AVE,58TH ST,0,42.58313889,-87.819422220,0,15,0,0,3,2,1,0,1,1,0,1,0,0000000,15,57,16,2,16,18,0,0,0,1,0
55,550409,3,3,0,5,87,0,1,10,2010,6,8,32,0,13,4,COLLEGE AVE W,CASALOMA DR S,0,44.26199722,-88.475969440,0,12,6,0,2,2,1,0,1,10,0,10,0,0000000,8,36,8,44,9,12,0,0,0,1,0
55,550410,2,2,0,5,9,0,2,10,2010,7,21,22,1,2,2,US-41,,0,44.39569167,-88.155391670,0,12,2,0,1,1,1,0,2,1,0,1,0,0000000,21,22,99,99,99,99,0,0,0,1,0
55,550411,1,1,0,1,57,2910,11,10,2010,2,10,22,1,11,1,I-90,,687,43.80480833,-90.062366670,0,1,0,0,1,1,3,0,1,10,0,10,0,0000000,99,99,99,99,88,88,0,0,0,1,0
55,550412,2,2,0,4,71,0,3,10,2010,1,14,42,0,3,3,SR-310,JOHNSON DR,0,44.15357500,-87.640386110,0,12,6,0,2,2,1,0,1,1,0,1,0,0000000,14,45,14,50,99,99,0,0,0,1,0
55,550413,1,1,0,1,139,3280,8,10,2010,6,7,0,0,16,6,NICOLET BLVD,,0,44.19357500,-88.437033330,0,35,0,0,1,1,6,0,2,1,0,1,0,0000000,7,0,99,99,88,88,18,0,0,1,1
55,550414,2,2,0,3,139,0,4,10,2010,2,19,37,1,2,3,SR-26,,0,43.89925278,-88.622416670,0,12,2,0,1,1,1,0,2,1,0,1,0,0000000,19,40,19,51,88,88,0,0,0,3,0
55,550415,1,1,0,1,89,0,6,10,2010,4,99,99,0,4,4,I,,0,43.45488056,-87.984652780,0,31,0,0,1,1,5,0,9,99,0,99,0,0000000,88,88,88,88,88,88,18,0,0,1,1
55,550416,1,1,2,1,133,0,1,10,2010,6,7,33,0,14,4,R,,0,43.10204167,-88.407755560,0,9,0,0,1,1,1,0,4,1,0,1,0,0000000,99,99,99,99,99,99,0,0,0,1,0
55,550417,1,1,0,2,73,0,4,10,2010,2,22,7,0,6,5,5TH LN,,0,45.11720556,-89.885672220,0,30,0,0,1,1,4,0,2,1,0,1,0,0000000,22,12,22,32,99,99,0,0,0,1,0
55,550418,4,4,0,4,79,3475,6,10,2010,4,5,39,1,11,1,I-94,,3216,42.89005278,-87.936802780,0,12,6,0,1,1,1,0,2,1,0,1,0,0000000,5,40,5,45,88,88,0,0,0,1,1
55,550419,2,1,2,3,25,0,7,10,2010,5,2,35,1,11,1,I-39,,1341,43.16067778,-89.309405560,0,8,0,0,1,1,2,0,2,1,0,1,0,0000000,99,99,99,99,99,99,0,0,0,3,1
55,550420,1,1,1,1,25,0,13,10,2010,4,20,40,0,13,3,SR-19,CV,0,43.19461389,-89.343041670,0,8,0,0,3,3,1,0,5,1,0,1,0,0000000,99,99,99,99,88,88,0,0,0,1,0
55,550421,1,1,1,2,25,2780,15,10,2010,6,20,4,1,12,2,US-12,,0,43.03476944,-89.410097220,0,8,0,1,18,1,1,0,3,1,0,1,0,0000000,20,5,20,7,20,22,0,0,0,1,1
55,550422,2,2,0,2,105,0,16,10,2010,7,12,35,1,1,1,I-39,,1762,42.66672222,-88.983508330,0,12,2,0,1,1,1,0,1,1,0,1,0,0000000,12,35,12,45,13,12,0,0,0,1,0
55,550423,1,1,0,1,93,0,17,10,2010,1,4,10,0,6,5,370TH AVE,,0,44.67375000,-92.360150000,0,34,0,0,1,1,4,0,2,1,0,1,0,0000000,5,17,5,32,88,88,0,0,0,1,1
55,550424,1,1,0,4,117,0,17,10,2010,1,21,23,0,6,5,MEADOWLARK RD,,0,43.74775278,-87.840113890,0,34,0,0,1,1,4,0,2,1,0,1,0,0000000,21,24,21,24,99,99,0,0,0,2,0
55,550425,1,1,0,1,101,750,19,10,2010,3,13,47,0,13,3,SR-36,,0,42.67403889,-88.292938890,0,31,0,0,1,1,4,0,1,1,0,1,0,0000000,13,54,14,0,14,15,0,0,0,1,0
55,550426,2,2,0,5,29,0,13,10,2010,4,19,32,0,4,4,C,CEMETARY RD,0,44.74850000,-87.621030560,0,12,2,0,2,2,1,0,2,1,0,1,0,0000000,19,35,19,39,20,47,0,0,0,1,0
55,550427,1,1,0,2,137,0,22,10,2010,6,0,50,0,4,4,N,,0,44.02713611,-89.148602780,0,1,0,0,1,1,4,0,2,1,0,1,0,0000000,1,3,1,17,88,88,0,0,0,1,1