STATE,ST_CASE,VE_TOTAL,VE_FORMS,PEDS,PERSONS,COUNTY,CITY,DAY,MONTH,YEAR,DAY_WEEK,HOUR,MINUTE,NHS,ROAD_FNC,ROUTE,TWAY_ID,TWAY_ID2,MILEPT,LATITUDE,LONGITUD,SP_JUR,HARM_EV,MAN_COLL,RELJCT1,RELJCT2,TYP_INT,REL_ROAD,WRK_ZONE,LGT_COND,WEATHER1,WEATHER2,WEATHER,SCH_BUS,RAIL,NOT_HOUR,NOT_MIN,ARR_HOUR,ARR_MIN,HOSP_HR,HOSP_MN,CF1,CF2,CF3,FATALS,DRUNK_DR
55,550428,1,1,0,1,75,0,20,10,2010,4,0,45,0,6,5,LUBKA RD,,0,45.42297500,-87.895175000,0,42,0,0,1,1,4,0,2,10,0,10,0,0000000,5,38,5,57,88,88,0,0,0,1,1
55,550429,1,1,0,2,133,3740,22,10,2010,6,15,23,0,12,3,SR-16,,0,43.06899722,-88.251436110,0,35,0,0,1,1,3,0,1,1,0,1,0,0000000,15,23,15,41,16,11,0,0,0,1,1
55,550430,1,1,0,1,97,0,22,10,2010,6,17,42,1,2,2,US-10,,0,44.50721944,-89.416436110,0,1,0,0,1,1,3,0,5,1,0,1,0,0000000,17,43,17,54,88,88,0,0,0,1,0
55,550431,2,2,0,3,23,0,22,10,2010,6,17,58,0,3,3,SR-60,,0,43.05716111,-90.963622220,0,12,2,0,1,1,1,0,5,1,0,1,0,0000000,17,55,18,6,18,22,0,0,0,1,0
55,550432,1,1,0,1,49,0,23,10,2010,7,0,20,0,4,4,YD,,0,42.90509444,-90.138866670,0,34,0,0,1,1,4,0,3,10,0,10,0,0000000,0,24,0,33,99,99,0,0,0,1,1
55,550433,1,1,0,1,73,0,23,10,2010,7,15,5,0,6,5,Q,,0,44.98900833,-89.428486110,0,30,0,0,1,1,4,0,1,10,0,10,0,0000000,15,9,15,26,88,88,0,0,0,1,1
55,550434,2,2,1,1,25,2780,24,10,2010,1,12,31,0,13,5,E JOHNSON ST,,0,43.09180000,-89.365808330,0,8,0,0,1,1,1,0,1,10,0,10,0,0000000,12,38,12,42,12,58,23,0,0,1,0
55,550437,1,1,0,1,123,0,10,10,2010,1,15,13,0,4,4,N,,0,43.51536667,-91.048936110,0,1,0,0,1,1,1,0,1,1,0,1,0,0000000,15,24,15,40,88,88,0,0,0,1,0
55,550438,1,1,0,1,139,3280,12,10,2010,3,4,0,0,15,6,WISCONSIN AVE E,,0,44.18227778,-88.450933330,0,3,0,0,1,1,5,0,3,1,0,1,0,0000000,4,15,4,19,5,33,0,0,0,1,0
55,550439,1,1,0,1,93,0,15,10,2010,6,21,5,0,6,5,170TH AVE,,0,44.60154444,-92.477588890,0,42,0,0,1,1,5,0,2,1,0,1,0,0000000,21,6,21,21,88,88,0,0,0,1,1
55,550440,1,1,0,1,135,0,15,10,2010,6,22,28,0,4,4,W,,0,44.29831389,-88.780088890,0,1,0,0,1,1,5,0,2,1,0,1,0,0000000,22,30,99,99,88,88,0,0,0,1,1
55,550441,1,1,0,1,39,0,16,10,2010,7,12,28,0,4,4,CCC,,0,43.82636944,-88.224333330,0,30,0,0,1,1,5,0,1,1,0,1,0,0000000,12,32,12,34,88,88,0,0,0,1,0
55,550442,2,2,0,2,77,0,27,10,2010,4,11,6,0,2,3,SR-23,,0,43.81740278,-89.265638890,0,12,6,0,8,1,1,0,1,6,0,6,0,0000000,11,6,11,14,88,88,0,0,0,1,0
55,550443,1,1,0,1,133,0,27,10,2010,4,23,26,1,11,1,I-43,,508,42.90963056,-88.222694440,0,1,0,0,1,1,3,1,2,10,0,10,0,0000000,23,26,23,29,88,88,0,0,0,1,1
55,550444,1,1,1,2,39,1730,28,10,2010,5,6,48,0,13,5,MILITARY RD S,ROGERSVILLE RD,0,43.76250000,-88.468691670,0,8,0,0,3,2,1,0,3,10,0,10,0,0000000,6,49,6,54,88,88,0,0,0,1,0
55,550445,2,2,0,4,135,0,23,10,2010,7,14,33,0,3,3,SR-22,,0,44.36730556,-88.979772220,0,12,2,0,1,1,1,0,1,5,0,5,0,0000000,14,39,14,44,15,24,0,0,0,2,1
55,550446,1,1,0,2,65,0,28,10,2010,5,23,0,0,3,4,F,,0,42.77486667,-90.000172220,0,32,0,0,1,1,5,0,2,1,0,1,0,0000000,23,4,23,23,23,50,0,0,0,1,1
55,550447,1,1,0,3,79,3100,30,10,2010,7,0,50,0,15,5,KEEFE AVE E,,0,43.08199722,-87.900400000,0,33,0,0,1,1,4,0,3,10,0,10,0,0000000,0,54,99,99,2,0,0,0,0,1,0
55,550448,1,1,0,2,101,1582,31,10,2010,1,1,46,0,14,5,TAYLOR AVE,ELM TREE CT,0,42.69111944,-87.823033330,0,42,0,0,3,2,5,0,3,10,0,10,0,0000000,1,46,1,55,2,25,0,0,0,1,1
55,550449,1,1,0,2,1,0,31,10,2010,1,14,35,0,4,4,Z,DYK DR,0,43.90116944,-89.937858330,0,34,0,0,3,3,5,0,1,1,0,1,0,0000000,14,37,14,49,99,99,0,0,0,1,1
55,550450,2,2,0,3,141,3840,28,10,2010,5,10,49,0,13,3,SR-54,3RD ST,0,44.34391667,-89.861672220,0,12,6,0,2,3,1,0,1,10,0,10,0,0000000,10,49,11,0,99,99,0,0,0,2,0
55,550451,1,1,0,1,25,0,30,10,2010,7,2,44,1,2,2,US-14,,0,42.85627222,-89.343438890,0,35,0,0,1,1,5,0,2,1,0,1,0,0000000,2,50,3,1,88,88,0,0,0,1,1
55,550452,1,1,0,2,97,0,31,10,2010,1,99,99,0,6,5,TT,,0,44.33756944,-89.283700000,0,32,0,0,1,1,5,0,2,1,0,1,0,0000000,7,50,8,2,99,99,18,0,0,1,1
55,550453,1,1,0,2,71,0,24,9,2010,6,2,43,0,6,5,JOHNSON DR,,0,44.17495556,-87.648411110,0,30,0,0,1,1,5,0,3,10,0,10,0,0000000,2,45,2,57,99,99,0,0,0,1,1
55,550454,1,1,1,1,9,2000,5,11,2010,6,23,2,0,13,5,MASON ST E,,0,44.49938333,-87.995961110,0,8,0,0,1,1,1,0,3,10,0,10,0,0000000,23,2,23,10,23,14,0,0,0,1,1
55,550455,1,1,0,1,97,0,7,11,2010,1,4,37,0,4,4,B,,0,44.44704722,-89.338461110,0,42,0,0,1,1,5,0,2,1,0,1,0,0000000,88,88,88,88,88,88,0,0,0,1,1
55,550456,2,2,0,2,27,0,2,11,2010,3,17,43,0,4,4,G,CC,0,43.48101389,-88.895875000,0,12,2,0,2,3,1,0,5,10,0,10,0,0000000,17,45,17,52,99,99,0,0,0,1,0
55,550457,1,1,0,1,95,120,7,11,2010,1,0,10,0,6,5,BAKER ST,,0,45.31082500,-92.370811110,0,1,0,0,1,1,5,0,3,1,0,1,0,0000000,0,19,0,24,0,34,0,0,0,1,1
55,550458,1,1,0,1,43,0,14,11,2010,1,22,30,0,3,3,SR-80,,0,42.88855556,-90.427505560,0,32,0,0,1,1,5,0,2,2,0,2,0,0000000,22,38,22,52,23,29,0,0,0,1,0
55,550459,1,1,0,2,79,3100,16,11,2010,3,0,39,0,16,6,24TH ST S,,0,43.01385833,-87.943669440,0,33,0,0,1,1,5,0,3,10,0,10,0,0000000,99,99,99,99,88,88,0,0,0,2,1
55,550460,2,2,0,4,127,0,16,11,2010,3,6,58,0,14,4,H,,0,42.61295833,-88.457322220,0,12,8,0,1,1,1,0,1,10,0,10,0,0000000,99,99,99,99,99,99,0,0,0,1,0
55,550461,1,1,1,1,25,2780,18,11,2010,5,18,27,0,14,6,COTTAGE GROVE RD,,0,43.08428611,-89.303255560,0,8,0,0,1,1,1,0,3,10,0,10,0,0000000,18,27,18,34,18,54,0,0,0,1,0
55,550462,1,1,1,2,9,0,10,10,2010,1,2,9,1,13,3,SR-29,,0,44.54665556,-88.097155560,0,8,0,0,1,1,1,0,2,1,0,1,0,0000000,2,9,99,99,99,99,0,0,0,1,0
55,550463,2,2,0,2,35,1470,14,11,2010,1,21,31,1,13,2,US-12,MENOMONIE ST,0,44.79992500,-91.530188890,0,12,6,0,2,2,1,0,3,10,0,10,0,0000000,21,33,21,36,99,99,20,0,0,1,1
55,550464,1,1,0,1,15,0,19,11,2010,6,2,30,0,6,5,SCHMIDT RD,,0,44.22736667,-88.245641670,0,24,0,0,1,1,5,0,2,10,0,10,0,0000000,4,47,5,1,88,88,18,0,0,1,1
55,550465,1,1,0,1,7,0,17,10,2010,1,14,0,0,6,5,JERRYS LN,,0,45.16934722,-88.442022220,0,7,0,0,1,1,1,0,1,1,0,1,0,0000000,99,99,99,99,99,99,0,0,0,1,0
55,550466,1,1,1,1,59,0,22,11,2010,2,19,14,1,13,3,SR-32,,0,42.48100833,-87.823269440,0,8,0,0,1,1,1,0,3,10,0,10,0,0000000,19,14,19,18,19,45,0,0,0,1,0
55,550467,2,2,0,4,127,0,23,11,2010,3,11,0,0,13,4,ES,,0,42.83980278,-88.345763890,0,12,2,0,1,1,1,0,1,1,0,1,0,0000000,11,4,11,8,12,7,0,0,0,1,0
55,550468,1,1,0,2,105,0,23,10,2010,7,14,10,0,6,5,OLD 92 RD,,0,42.70943333,-89.323525000,0,1,0,0,1,1,1,0,1,1,0,1,0,0000000,14,14,14,35,15,20,0,0,0,1,0
55,550469,1,1,0,1,131,0,19,10,2010,3,19,56,0,4,3,SR-167,,0,43.24689167,-88.349347220,0,11,0,0,1,1,1,0,2,1,0,1,0,0000000,19,57,20,7,20,23,0,0,0,1,1
55,550470,1,1,0,1,83,0,23,11,2010,3,16,17,0,3,3,SR-32,,0,45.16966389,-88.461958330,0,34,0,0,1,1,4,0,2,10,0,10,0,0000000,16,19,16,24,17,36,0,0,0,1,0
55,550471,3,3,0,6,131,1890,27,10,2010,4,18,36,1,13,3,SR-167,,0,43.22115833,-88.086791670,0,12,7,0,1,1,1,0,2,6,0,6,0,0000000,18,36,18,45,19,34,0,0,0,1,0
55,550472,1,1,0,1,31,0,1,11,2010,2,14,55,0,3,3,SR-13,,0,46.64766944,-91.742105560,0,35,0,0,1,1,4,0,1,1,0,1,0,0000000,15,3,99,99,88,88,0,0,0,1,0
55,550473,1,1,0,1,105,0,2,11,2010,3,3,20,0,5,4,K,SHADEWALT RD W,0,42.60713333,-89.248166670,0,42,0,0,2,3,4,0,2,1,0,1,0,0000000,99,99,99,99,88,88,0,0,0,1,1
55,550474,2,2,0,3,47,0,2,11,2010,3,15,8,0,2,3,SR-23,A,0,43.85464444,-88.942522220,0,12,2,0,2,2,1,0,1,1,0,1,0,0000000,15,12,15,24,15,40,0,0,0,2,0
55,550475,1,1,0,1,25,0,28,11,2010,1,21,34,0,6,5,HAHN RD,MADIGAN RD,0,43.26508056,-89.452055560,0,59,0,0,2,2,5,0,2,1,0,1,0,0000000,22,13,22,26,88,88,18,0,0,1,1
55,550476,1,1,0,2,27,380,28,11,2010,1,1,36,0,14,6,SPRING ST N,MACKIE ST,0,43.46059722,-88.836897220,0,33,0,0,3,2,5,0,3,1,0,1,0,0000000,1,38,1,42,1,56,0,0,0,1,1
55,550477,1,1,0,1,131,0,29,11,2010,2,8,16,0,6,5,PARADISE RD,,0,43.54077222,-88.120394440,0,1,0,0,1,1,4,0,1,1,0,1,0,0000000,8,26,8,32,88,88,0,0,0,1,0
55,550478,1,1,0,1,127,3240,12,11,2010,6,16,26,1,11,1,I-43,,423,42.83689167,-88.341708330,0,1,0,0,1,1,1,0,5,10,0,10,0,0000000,16,26,16,26,99,99,0,0,0,1,0
55,550479,1,1,0,1,141,0,26,11,2010,6,11,25,0,3,3,SR-66,,0,44.43456111,-89.793363890,0,34,0,0,1,1,5,0,1,1,0,1,0,0000000,11,28,11,42,99,99,0,0,0,1,0
55,550480,1,1,0,1,111,0,25,11,2010,5,23,50,0,4,4,P,H,0,43.59288611,-89.910222220,0,34,0,0,3,3,5,0,2,1,0,1,0,0000000,23,54,0,11,99,99,18,0,0,1,0
55,550481,1,1,1,1,49,1360,4,11,2010,5,15,1,0,3,3,SR-23,,0,42.95957778,-90.130397220,0,8,0,0,8,1,1,0,1,10,0,10,0,0000000,15,6,15,10,15,19,0,0,0,1,0
55,550482,1,1,1,1,79,3100,8,11,2010,2,12,0,0,13,6,LAYTON AVE W,20TH ST S,0,42.95943333,-87.938850000,0,8,0,0,3,2,1,0,1,1,0,1,0,0000000,99,99,99,99,88,88,0,0,0,1,0
55,550483,1,1,1,4,79,3100,8,11,2010,2,13,2,0,14,6,MICHIGAN ST W,5TH ST N,0,43.03739444,-87.917533330,0,8,0,0,3,2,1,0,1,1,0,1,0,0000000,99,99,99,99,99,99,0,0,0,1,0
55,550484,2,2,0,2,59,0,10,11,2010,4,9,29,0,3,2,US-45,,0,42.50954167,-88.027427780,0,12,2,0,1,1,2,0,1,1,0,1,0,0000000,99,99,9,38,99,99,0,0,0,1,0
55,550485,1,1,0,1,111,0,11,11,2010,5,14,31,0,4,4,G,,0,43.36986667,-90.119175000,0,1,0,0,1,1,4,0,1,1,0,1,0,0000000,14,32,14,39,88,88,0,0,0,1,0
55,550486,2,2,0,2,95,0,12,11,2010,6,6,38,0,3,3,SR-87,,0,45.61098333,-92.673700000,0,12,6,0,1,1,1,0,1,10,0,10,1,0000000,6,40,7,0,99,99,0,0,0,1,0
55,550487,1,1,0,1,49,0,11,11,2010,5,21,38,0,4,3,SR-133,,0,43.17326111,-90.220841670,0,1,0,0,1,1,4,0,2,1,0,1,0,0000000,21,44,21,51,88,88,0,0,0,1,1
55,550488,3,3,0,3,87,0,17,11,2010,4,4,42,0,2,3,SR-47,,0,44.39762500,-88.427338890,0,12,2,0,1,1,1,0,2,10,0,10,0,0000000,4,44,4,58,5,45,0,0,0,1,0
55,550489,2,2,0,2,139,0,17,11,2010,4,15,5,0,3,3,SR-76,,0,44.23497500,-88.544525000,0,12,2,0,1,1,1,0,1,1,0,1,0,0000000,15,6,99,99,99,99,0,0,0,1,0
55,550490,1,1,1,1,83,0,17,11,2010,4,17,49,0,5,4,H,,0,44.91124167,-88.320144440,0,9,0,0,1,1,1,0,2,10,0,10,0,0000000,17,49,18,2,18,20,0,0,0,1,0
55,550491,2,2,0,2,141,0,22,11,2010,2,18,3,0,3,3,SR-13,,0,44.41713889,-89.901744440,0,12,2,0,1,1,1,0,2,10,0,10,0,0000000,18,4,18,15,18,39,0,0,0,1,0
55,550492,2,2,0,2,105,0,23,11,2010,3,18,0,0,3,3,SR-59,CLEAR LAKE RD N,0,42.82483611,-88.984258330,0,12,1,0,2,3,1,0,2,10,0,10,0,0000000,18,1,18,8,18,46,0,0,0,1,0
55,550493,2,2,0,6,95,0,28,11,2010,1,11,55,0,3,3,SR-65,K,0,45.29555556,-92.499883330,0,12,6,0,2,2,1,0,1,1,0,1,0,0000000,11,58,12,11,12,41,0,0,0,2,0
55,550494,2,2,0,3,19,0,8,11,2010,2,2,2,1,2,3,SR-29,P,0,44.94399444,-90.495694440,0,12,6,0,2,2,1,0,2,1,0,1,0,0000000,2,4,2,16,99,99,0,0,0,1,1
55,550495,2,2,0,3,7,0,13,11,2010,7,10,40,1,2,2,US-2,,0,46.52978611,-91.121591670,0,12,1,0,1,1,1,0,1,4,0,4,0,0000000,10,44,10,49,99,99,0,0,0,2,1
55,550496,1,1,0,4,79,5130,13,11,2010,7,14,10,1,12,2,US-45,,0,43.07416111,-88.058038890,0,1,0,1,18,1,1,0,1,2,0,2,0,0000000,14,12,14,19,14,34,0,0,0,1,1
55,550497,4,4,0,8,79,3100,24,10,2010,1,12,5,1,11,1,I-94,,0,43.03346667,-87.971283330,0,12,6,1,5,1,1,0,1,10,0,10,0,0000000,99,99,99,99,99,99,0,0,0,1,0
55,550498,2,2,0,2,55,0,27,11,2010,7,14,46,1,2,3,SR-26,,0,43.11931111,-88.746744440,0,12,2,0,1,1,1,1,1,1,0,1,0,0000000,14,46,14,59,99,99,0,0,0,1,0
55,550499,1,1,0,1,117,4330,2,12,2010,5,1,32,0,14,6,12TH ST S,,0,43.71682500,-87.720030560,0,31,0,0,1,1,4,0,3,1,0,1,0,0000000,1,35,1,37,2,4,0,0,0,1,1
55,550500,1,1,0,2,111,0,2,12,2010,5,1,25,0,14,4,C,,0,43.30213333,-89.932622220,0,34,0,0,1,1,4,0,2,1,0,1,0,0000000,1,44,2,1,99,99,0,0,0,1,1
55,550501,1,1,0,3,79,2015,3,12,2010,6,1,30,1,11,1,I-894,,39,42.96586111,-88.038725000,0,24,0,0,1,1,4,0,3,10,0,10,0,0000000,1,37,1,49,99,99,0,0,0,1,1
55,550502,1,1,0,2,127,1310,3,12,2010,6,1,43,0,16,6,PHOENIX ST,,0,42.62505556,-88.627588890,0,59,0,0,1,1,2,0,3,1,0,1,0,0000000,1,43,1,48,2,30,0,0,0,1,1
55,550503,3,3,0,3,141,0,6,12,2010,2,14,0,0,3,3,SR-73,Z,0,44.30926389,-89.883527780,1,12,6,0,2,2,1,0,1,10,0,10,0,0000000,14,1,99,99,99,99,0,0,0,1,0
55,550505,2,2,0,3,79,3475,8,12,2010,4,11,21,0,13,4,RAWSON AVE W,6TH ST S,0,42.91608056,-87.920236110,0,12,6,0,2,2,1,0,1,1,0,1,0,0000000,11,21,11,24,12,16,0,0,0,1,0
55,550506,1,1,0,1,83,0,10,12,2010,6,5,29,1,2,2,US-41/141,,0,44.73210000,-88.050700000,0,38,0,0,1,1,5,0,2,10,0,10,0,0000000,5,34,5,42,88,88,0,0,0,1,0
55,550507,2,2,0,2,5,0,10,12,2010,6,7,49,0,5,5,19TH ST,,0,45.42320000,-91.765858330,0,12,6,0,1,1,1,0,1,10,0,10,0,0000000,7,49,8,0,99,99,0,0,0,1,0
55,550508,1,1,0,4,105,0,12,12,2010,1,13,44,1,1,1,I-39,,1688,42.76711667,-89.004922220,0,42,0,0,1,1,3,0,1,10,0,10,0,0000000,13,47,13,59,14,32,0,0,0,1,0
55,550509,1,1,1,1,109,5450,11,12,2010,7,14,17,0,6,5,DIVISION ST,,0,44.95401389,-92.293530560,0,8,0,0,8,1,1,0,1,11,0,11,0,0000000,14,18,14,32,88,88,0,0,0,1,0
55,550510,1,1,0,1,9,0,13,12,2010,2,9,43,0,5,4,W,,0,44.24094167,-87.969247220,0,5,0,0,1,1,1,0,1,1,0,1,0,0000000,9,46,9,58,10,52,0,0,0,1,0
55,550511,1,1,0,1,41,0,4,9,2010,7,18,5,0,6,5,DOUBLE BEND RD,,0,45.72379722,-88.820341670,0,42,0,0,1,1,4,0,1,1,0,1,0,0000000,99,99,99,99,88,88,0,0,0,1,1
55,550512,1,1,3,1,79,3100,1,12,2010,4,16,24,1,13,3,SR-145,28TH ST N,0,43.06839722,-87.948627780,0,8,0,0,3,3,1,0,5,10,0,10,0,0000000,99,99,99,99,99,99,0,0,0,1,0
55,550513,5,5,0,9,79,3100,3,12,2010,6,14,38,0,13,6,SHERMAN BLVD N,BURLEIGH ST W,0,43.07521944,-87.967458330,0,12,1,0,3,2,1,0,1,10,0,10,1,0000000,99,99,99,99,99,99,0,0,0,1,0
55,550514,1,1,1,1,79,5160,3,12,2010,6,16,50,0,14,6,NATIONAL AVE W,97TH ST S,0,43.00143056,-88.033275000,0,8,0,0,3,3,1,0,3,10,0,10,0,0000000,16,56,16,59,88,88,0,0,0,1,0
55,550515,2,2,0,3,79,3100,5,12,2010,1,18,5,0,14,6,MORGAN AVE W,35TH ST S,0,42.98119444,-87.958194440,0,12,6,0,2,2,1,0,3,1,0,1,0,0000000,99,99,99,99,88,88,0,0,0,2,0
55,550516,2,2,0,3,15,0,4,12,2010,7,14,49,1,2,2,US-10,SR-32,0,44.21246389,-88.154319440,0,12,6,0,2,2,1,0,1,1,0,1,0,0000000,14,50,99,99,99,99,0,0,0,1,0
55,550517,5,5,0,6,131,0,15,12,2010,4,10,13,1,2,2,US-41,,0,43.48151111,-88.366813890,0,12,1,0,1,1,1,0,1,1,0,1,0,0000000,10,16,10,26,11,27,19,0,0,2,1
55,550518,2,2,0,2,87,0,7,12,2010,3,16,33,1,12,2,US-41,,0,44.28863889,-88.466463890,0,12,6,1,5,1,1,0,2,1,0,1,0,0000000,16,38,16,44,17,36,0,0,0,1,0
55,550519,2,2,0,5,135,2850,16,12,2010,5,15,25,1,2,2,US-49,7TH AVE NE,0,44.67812500,-88.879238890,0,12,6,0,2,2,1,0,1,10,0,10,0,0000000,15,28,15,33,88,88,0,0,0,1,0
55,550520,1,1,1,1,79,1220,16,12,2010,5,21,25,0,14,6,S PACKARD AVE,E SQUIRE AVE,0,42.95821667,-87.860047220,0,8,0,0,3,2,1,0,3,10,0,10,0,0000000,21,27,21,27,99,99,0,0,0,1,0
55,550521,3,3,0,3,25,2780,18,12,2010,7,6,47,0,14,6,MILWAUKEE ST,US-51 RAMP,0,43.09833611,-89.315988890,0,12,6,1,2,2,1,0,4,1,0,1,0,0000000,6,47,6,53,7,24,0,0,0,1,0
55,550522,2,2,0,3,57,0,21,12,2010,3,20,56,1,1,1,I-90,,599,43.89065556,-90.162350000,0,12,7,0,1,1,1,0,2,4,0,4,0,0000000,99,99,99,99,99,99,19,0,0,1,0
55,550523,2,1,0,2,21,0,24,12,2010,6,8,52,1,1,1,I-39,,1230,43.29753333,-89.421158330,0,14,0,0,1,1,2,0,1,4,0,4,0,0000000,99,99,99,99,99,99,19,0,0,1,0
55,550524,2,2,0,3,3,0,25,12,2010,7,14,52,1,2,2,US-2,,0,46.60944444,-90.683394440,0,12,2,0,1,1,1,0,1,10,0,10,0,0000000,14,58,15,9,99,99,0,0,0,2,0
55,550525,2,2,0,3,27,5090,27,12,2010,2,9,33,0,14,3,SR-26,CLAGGETT AVE,0,43.61799722,-88.724694440,0,12,6,0,2,2,1,0,1,10,0,10,0,0000000,9,37,9,45,10,15,0,0,0,1,0
55,550526,2,2,0,5,19,0,12,12,2010,1,11,40,0,4,4,X,COPENHAVER AVE,0,44.95751111,-90.902425000,0,12,6,0,3,2,1,0,1,1,0,1,0,0000000,11,43,11,53,12,5,0,0,0,1,0
55,550527,2,2,0,2,53,0,13,12,2010,2,12,44,0,3,3,SR-95,,0,44.33113889,-91.124447220,0,12,6,0,1,1,1,0,1,1,0,1,0,0000000,99,99,99,99,99,99,0,0,0,1,0
55,550528,1,1,1,1,25,2780,30,12,2010,5,6,45,1,13,2,US-151,N MARQUETTE ST,0,43.10437222,-89.341975000,0,8,0,0,2,3,1,0,3,5,0,5,0,0000000,6,45,6,50,88,88,0,0,0,1,0
55,550529,2,2,0,2,47,0,14,12,2010,3,6,57,0,3,3,SR-91,,0,43.96837222,-88.898127780,0,12,8,0,1,1,1,0,1,1,0,1,0,0000000,7,0,7,8,7,36,0,0,0,1,0
55,550530,2,2,0,4,127,0,19,12,2010,1,16,30,1,13,2,US-12,,0,42.81912500,-88.722388890,0,12,2,0,1,1,1,0,5,1,0,1,0,0000000,99,99,99,99,99,99,0,0,0,1,0
55,550531,2,2,0,4,55,0,21,12,2010,3,7,55,0,4,4,E,,0,43.14524167,-88.658122220,0,12,6,0,1,1,1,0,1,4,0,4,0,0000000,99,99,99,99,99,99,0,0,0,1,0
55,550532,2,2,0,3,81,4530,28,12,2010,3,10,20,0,13,3,SR-27,AVON RD,0,43.92352222,-90.820605560,0,12,6,0,2,2,1,0,1,1,0,1,0,0000000,10,22,10,25,10,50,0,0,0,1,0
55,550533,2,2,0,3,9,4705,30,12,2010,5,10,6,0,16,6,WESTLINE RD,,0,44.60508056,-88.130102780,0,12,6,0,1,1,1,0,1,10,0,10,0,0000000,10,6,99,98,88,88,0,0,0,1,0
55,550534,1,1,1,1,33,1560,31,12,2010,6,17,50,1,1,1,I-94,,521,44.90689167,-91.937991670,0,8,0,0,1,1,3,0,2,3,0,3,0,0000000,17,56,18,15,19,24,19,0,0,1,0
55,550535,1,1,0,1,27,2920,31,12,2010,6,23,35,0,3,3,SR-67,,0,43.49046389,-88.544611110,0,33,0,0,1,1,5,0,3,10,0,10,0,0000000,23,37,23,47,88,88,0,0,0,1,1
55,550536,1,1,0,3,78,0,14,11,2010,1,13,45,0,4,4,M,,0,45.01718333,-88.748072220,3,1,0,0,1,1,4,0,1,2,0,2,0,0000000,13,46,14,3,99,99,0,0,0,1,1
56,560001,3,3,0,4,1,0,3,1,2010,1,8,40,1,2,2,US-287,,4127,41.13860000,-105.557800000,0,12,8,0,1,1,1,0,1,11,4,4,0,0000000,8,43,9,2,9,57,0,0,0,1,0
56,560002,1,1,0,1,37,0,8,1,2010,6,16,30,0,4,3,SR-430,,227,41.36972222,-108.937855560,0,31,0,0,1,1,4,0,1,1,0,1,0,0000000,88,88,88,88,88,88,0,0,0,1,0
56,560003,2,2,0,2,13,0,3,2,2010,4,12,45,1,2,2,US-20,,1137,43.40980278,-108.174230560,0,12,8,0,1,1,1,0,1,1,0,1,0,0000000,12,53,13,12,14,3,0,0,0,1,0
56,560004,1,1,0,2,23,0,4,1,2010,2,19,17,0,6,4,CEDAR CREEK RD,MUDDY STRING RD,20,42.96781111,-110.972863890,0,42,0,0,3,3,4,0,2,1,0,1,0,0000000,99,99,99,99,99,99,0,0,0,1,0
56,560005,1,1,0,2,13,710,26,1,2010,3,21,6,0,16,6,COOPER RD,MAJOR AVE,0,43.04105833,-108.410438890,0,42,0,0,3,3,4,0,3,1,0,1,0,0000000,21,6,21,15,99,99,0,0,0,1,1
56,560006,1,1,0,1,37,0,7,2,2010,1,22,17,1,2,2,US-191,,342,42.03341944,-109.433700000,0,32,0,0,1,1,4,0,2,1,0,1,0,0000000,88,88,88,88,88,88,0,0,0,1,1
56,560007,2,2,0,6,7,0,18,2,2010,5,16,5,1,1,1,I-80,,2542,41.73307500,-106.483969440,0,12,2,0,1,1,1,0,1,1,0,1,0,0000000,16,10,16,22,17,21,0,0,0,5,0
56,560008,1,1,0,3,13,0,28,2,2010,1,12,56,0,4,3,SR-135,,183,42.77037222,-108.198497220,0,1,0,0,1,1,1,0,1,1,0,1,0,0000000,13,1,13,18,13,52,0,0,0,2,1
56,560009,1,1,0,1,37,0,22,2,2010,2,21,45,0,4,3,SR-530,,88,41.42728333,-109.541975000,0,1,0,0,1,1,4,0,2,1,0,1,0,0000000,21,57,22,9,22,43,0,0,0,1,1
56,560010,1,1,0,2,37,730,2,2,2010,3,23,10,0,13,7,I-80 BUS (US-30 BUS),,1055,41.59606944,-109.212680560,0,30,0,0,1,1,4,0,3,1,0,1,0,0000000,23,21,23,21,99,99,0,0,0,1,1
56,560011,1,1,0,3,13,0,28,2,2010,1,2,20,1,2,2,US-287,,140,42.98173333,-108.866744440,3,1,0,0,1,1,4,0,2,1,0,1,0,0000000,99,99,99,99,99,99,0,0,0,1,1
56,560012,2,2,0,2,19,0,8,3,2010,2,12,22,1,1,1,I-90,,547,44.39435000,-106.717908330,0,12,2,0,1,1,1,0,1,1,0,1,0,0000000,99,99,99,99,99,99,0,0,0,2,0
56,560013,1,1,0,1,7,0,8,3,2010,2,16,20,0,5,4,SEMINOE RD,,70,41.86590833,-107.074686110,0,35,0,0,1,1,4,0,1,1,0,1,0,0000000,16,31,16,44,88,88,0,0,0,1,1
56,560014,1,1,0,8,41,270,14,3,2010,1,8,20,1,11,1,I-80,,51,41.26140556,-110.955605560,0,1,0,1,18,1,8,0,1,4,0,4,0,0000000,8,23,8,32,99,99,0,0,0,1,0
56,560015,1,1,0,1,31,0,23,3,2010,3,14,17,1,1,1,I-25,,1134,42.52750556,-105.028155560,0,35,0,0,1,1,3,0,1,4,0,4,0,0000000,14,17,14,34,88,88,0,0,0,1,0
56,560016,2,2,0,2,37,0,24,3,2010,4,9,0,1,1,1,I-80,,1703,41.66421667,-108.039963890,0,12,6,0,1,1,1,0,1,5,0,5,0,0000000,9,2,9,18,10,35,19,0,0,1,1