STATE,ST_CASE,VE_TOTAL,VE_FORMS,PEDS,PERSONS,COUNTY,CITY,DAY,MONTH,YEAR,DAY_WEEK,HOUR,MINUTE,NHS,ROAD_FNC,ROUTE,TWAY_ID,TWAY_ID2,MILEPT,LATITUDE,LONGITUD,SP_JUR,HARM_EV,MAN_COLL,RELJCT1,RELJCT2,TYP_INT,REL_ROAD,WRK_ZONE,LGT_COND,WEATHER1,WEATHER2,WEATHER,SCH_BUS,RAIL,NOT_HOUR,NOT_MIN,ARR_HOUR,ARR_MIN,HOSP_HR,HOSP_MN,CF1,CF2,CF3,FATALS,DRUNK_DR
56,560017,2,2,0,4,7,0,1,4,2010,5,11,45,0,3,3,SR-789,,447,41.11499167,-107.641344440,0,12,6,0,1,1,1,0,1,4,0,4,0,0000000,11,47,11,58,13,4,0,0,0,1,0
56,560018,1,1,0,1,1,0,3,4,2010,7,20,40,1,2,2,US-287,,4133,41.13175278,-105.551383330,0,35,0,0,1,1,4,0,2,1,0,1,0,0000000,20,54,21,10,88,88,0,0,0,1,0
56,560019,3,3,0,4,21,100,4,4,2010,1,21,5,0,13,3,SR-212,,24,41.10240278,-104.805736110,0,12,1,0,1,1,1,0,3,1,0,1,0,0000000,21,9,21,15,21,36,0,0,0,1,1
56,560020,1,1,0,2,19,0,12,4,2010,2,16,40,1,1,1,I-80,,2865,44.17267500,-106.659033330,0,1,0,0,1,1,3,0,1,1,0,1,0,0000000,16,42,16,59,99,99,0,0,0,1,0
56,560021,2,2,0,3,21,0,18,4,2010,1,7,30,1,1,1,I-80,,3770,41.15766667,-104.490050000,0,12,1,0,1,1,1,0,1,1,0,1,0,0000000,7,31,7,38,88,88,0,0,0,1,1
56,560022,2,2,0,3,25,90,18,4,2010,1,16,57,0,15,6,N POPLAR ST,,0,42.85986389,-106.332611110,0,12,6,0,8,1,1,0,1,1,0,1,0,0000000,17,4,17,9,17,22,0,0,0,1,0
56,560023,1,1,0,2,25,90,20,4,2010,3,20,32,1,13,2,US-220,,1110,42.80853889,-106.412019440,0,1,0,0,1,1,4,0,2,1,0,1,0,0000000,20,34,20,46,21,1,0,0,0,1,0
56,560024,1,1,0,6,13,0,16,4,2010,6,12,37,0,6,8,LEFT HAND DITCH RD,,0,43.00636111,-108.481488890,3,1,0,0,1,1,4,0,1,1,0,1,0,0000000,12,37,12,50,13,20,0,0,0,2,1
56,560025,1,1,0,1,25,90,1,5,2010,7,18,30,1,11,1,I-25,,1850,42.85460556,-106.274722220,0,1,0,1,5,1,4,0,1,1,0,1,0,0000000,18,34,18,38,88,88,0,0,0,1,1
56,560026,1,1,0,1,7,0,5,5,2010,4,19,45,0,5,4,GOLF COURSE RD,SEMINOE RD,0,41.78970000,-107.109827780,0,43,0,0,3,3,1,0,1,10,0,10,0,0000000,88,88,88,88,88,88,0,0,0,1,1
56,560027,1,1,0,1,19,0,9,5,2010,1,99,99,0,5,4,ROCK CREEK RD,,36,44.41033333,-106.768869440,0,38,0,0,1,1,4,0,2,99,0,99,0,0000000,88,88,88,88,88,88,0,0,0,1,1
56,560028,2,2,0,2,45,610,23,5,2010,1,20,36,0,16,6,2ND AVE,,0,43.85259722,-104.218994440,0,33,0,0,1,1,4,0,1,1,0,1,0,0000000,20,36,20,43,99,99,0,0,0,1,1
56,560029,1,1,0,1,39,0,19,5,2010,4,11,53,1,2,2,US-26/89/189/191,,1336,43.25370556,-110.782819440,0,24,0,0,1,1,4,0,1,1,0,1,0,0000000,12,8,12,35,88,88,0,0,0,1,1
56,560030,2,1,0,2,11,0,31,5,2010,2,17,20,0,6,7,I-90 SERVICE RD,,21,44.54472778,-104.098469440,0,45,0,0,1,1,1,2,1,1,0,1,0,0000000,17,23,17,33,99,99,0,0,0,1,1
56,560031,1,1,0,1,29,0,17,5,2010,2,13,50,1,2,2,US-14/16/20,,647,44.48141111,-108.833836110,0,31,0,0,1,1,4,0,1,1,0,1,0,0000000,13,56,14,8,14,32,0,0,0,1,0
56,560032,1,1,0,1,43,0,22,5,2010,7,1,0,0,6,4,ROAD 13,,10,43.96435556,-107.968136110,0,32,0,0,1,1,4,0,2,2,0,2,0,0000000,2,33,2,35,88,88,0,0,0,1,1
56,560033,1,1,0,2,7,0,2,6,2010,4,10,20,1,1,1,I-80,,2565,41.71715556,-106.443916670,0,1,0,0,1,1,1,0,1,10,0,10,0,0000000,10,29,10,55,12,7,0,0,0,1,1
56,560034,1,1,0,1,9,0,4,6,2010,6,16,15,1,2,2,US-18/20,,137,42.75716667,-104.965633330,0,1,0,0,1,1,4,0,1,1,0,1,0,0000000,16,24,16,47,88,88,0,0,0,1,0
56,560035,2,2,0,3,37,0,5,6,2010,7,14,25,1,1,1,I-80,,1689,41.66083889,-108.065375000,0,12,8,0,1,1,4,1,1,1,0,1,0,0000000,14,27,14,44,88,88,0,0,0,1,0
56,560036,3,3,0,3,17,0,10,6,2010,5,17,50,1,2,2,US-20/SR-789,,1434,43.78592222,-108.185488890,0,12,8,0,1,1,1,0,1,2,0,2,0,0000000,88,88,88,88,88,88,0,0,0,2,0
56,560037,1,1,0,1,11,0,12,6,2010,7,99,99,0,4,3,SR-116,,77,44.28226389,-104.389494440,0,30,0,0,1,1,4,0,2,99,0,99,0,0000000,8,40,8,57,88,88,0,0,0,1,1
56,560038,1,1,0,3,7,0,19,6,2010,7,11,3,1,1,1,I-80,,2474,41.73622222,-106.600305560,0,1,0,0,1,1,3,0,1,1,0,1,0,0000000,11,6,11,22,12,13,0,0,0,1,0
56,560039,1,1,1,1,1,0,21,6,2010,2,22,20,1,2,2,US-287,,4174,41.08100000,-105.508233330,0,8,0,0,1,1,1,1,3,1,0,1,0,0000000,22,24,22,42,23,36,0,0,0,1,0
56,560040,1,1,0,1,37,0,15,6,2010,3,18,50,0,6,8,BUCKBOARD RD,FOREST SERVICE RD,0,41.25016111,-109.597930560,0,41,0,0,3,3,4,0,1,1,0,1,0,0000000,18,51,19,19,20,0,0,0,0,1,1
56,560041,1,1,0,2,29,0,14,6,2010,2,11,43,1,2,2,US-14/16/20,,663,44.47962778,-108.805819440,0,1,0,0,1,1,1,0,1,1,0,1,0,0000000,11,43,12,4,12,23,0,0,0,1,0
56,560042,1,1,0,1,9,0,26,6,2010,7,2,0,1,1,1,I-25,,1440,42.78990000,-105.544491670,0,34,0,0,1,1,3,0,2,1,0,1,0,0000000,14,1,14,10,88,88,0,0,0,1,0
56,560043,1,1,0,4,29,0,26,6,2010,7,19,56,0,4,3,SR-295,,180,44.83128889,-108.760452780,0,42,0,0,1,1,4,0,1,1,0,1,0,0000000,19,57,20,5,20,42,0,0,0,1,0
56,560044,2,2,0,4,7,0,27,6,2010,1,15,5,1,2,2,US-287,,22,42.39117500,-107.467511110,0,12,8,0,1,1,1,0,1,1,0,1,0,0000000,15,7,15,44,99,99,0,0,0,1,0
56,560045,1,1,0,2,35,0,27,6,2010,1,17,15,0,6,8,FOREST SVC RD 111,,0,42.89476944,-109.816030560,0,1,0,0,1,1,4,0,1,1,0,1,0,0000000,17,21,17,24,88,88,0,0,0,1,1
56,560046,1,1,0,2,1,0,28,6,2010,2,5,58,1,1,1,I-80,,2811,41.52638889,-106.065833330,0,1,0,0,1,1,4,0,1,1,0,1,0,0000000,99,99,99,99,99,99,0,0,0,1,0
56,560047,2,2,0,4,27,0,30,6,2010,4,13,35,1,2,2,US-85,,1900,43.30990833,-104.293911110,0,12,2,0,1,1,1,0,1,1,0,1,0,0000000,14,35,15,20,99,99,0,0,0,2,0
56,560048,1,1,0,2,29,0,27,6,2010,1,5,20,0,5,4,CLARK CANYON RD,,60,44.86313889,-109.286500000,0,1,0,0,1,1,1,0,4,1,0,1,0,0000000,5,36,5,51,99,99,0,0,0,1,1
56,560049,1,1,0,1,35,0,2,7,2010,6,22,15,1,2,2,US-191/189,,1260,43.09486111,-110.166702780,0,11,0,0,1,1,1,0,2,1,0,1,0,0000000,22,20,22,50,88,88,0,0,0,1,1
56,560050,2,2,0,3,7,0,2,7,2010,6,18,45,0,6,8,FOREST SVC RD 801,,99998,99.99990000,999.999900000,0,7,0,0,1,1,1,0,1,1,0,1,0,0000000,19,54,20,38,88,88,0,0,0,1,1
56,560051,1,1,0,1,37,0,10,7,2010,7,10,20,0,3,2,US-191,,5215,41.27640556,-109.225197220,0,1,0,0,1,1,4,0,1,1,0,1,0,0000000,10,23,10,46,88,88,0,0,0,1,0
56,560052,2,1,0,1,37,0,13,7,2010,3,13,55,1,1,1,I-80,,1325,41.66912222,-108.732138890,0,45,0,0,1,1,1,2,1,1,0,1,0,0000000,14,0,14,18,88,88,19,0,0,1,1
56,560053,1,1,0,1,29,0,16,7,2010,6,13,0,0,4,3,SR-296,,282,44.75307222,-109.398013890,0,58,0,0,1,1,1,0,1,1,0,1,0,0000000,13,4,13,43,88,88,0,0,0,1,1
56,560054,2,2,0,2,5,310,16,7,2010,6,15,32,1,13,3,SR-59,MOHAN RD,1094,44.24513889,-105.473997220,0,12,6,1,2,3,1,0,1,1,0,1,0,0000000,15,36,15,42,15,54,0,0,0,1,0
56,560055,1,1,1,1,25,90,17,7,2010,7,22,20,1,13,3,SR-258,,91,42.83316944,-106.367375000,0,8,0,0,1,1,1,0,6,1,0,1,0,0000000,99,99,99,99,99,99,0,0,0,1,0
56,560056,1,1,0,1,11,0,24,7,2010,7,19,58,0,4,2,US-14,,1980,44.40099722,-104.445991670,0,38,0,0,1,1,4,0,1,1,0,1,0,0000000,20,0,20,11,99,99,0,0,0,1,1
56,560057,1,1,0,1,29,0,30,7,2010,6,14,50,0,3,3,SR-120,,1066,44.60132778,-109.128280560,0,58,0,0,1,1,4,0,1,1,0,1,0,0000000,14,51,15,3,88,88,0,0,0,1,0
56,560058,2,1,0,1,13,710,23,7,2010,6,10,43,0,16,6,LINCOLN AVE,,0,43.02854444,-108.374288890,0,14,0,0,1,1,2,0,1,1,0,1,0,0000000,10,48,10,54,11,25,0,0,0,1,0
56,560059,1,1,0,1,1,0,31,7,2010,7,15,20,0,6,8,FOREST SVC RD 513,,0,41.16861111,-106.152777780,0,42,0,0,1,1,4,0,1,1,0,1,0,0000000,15,29,16,8,88,88,0,0,0,1,1
56,560060,1,1,0,1,7,0,25,7,2010,1,15,0,0,6,8,FOREST SVC RD 120,,0,99.99990000,999.999900000,0,42,0,0,1,1,4,0,1,1,0,1,0,0000000,88,88,88,88,88,88,0,0,0,1,0
56,560061,1,1,1,1,21,0,2,8,2010,2,20,45,0,6,7,I-80 SERVICE ROAD,,155,41.15823611,-104.359838890,0,8,0,0,1,1,1,0,2,1,0,1,0,0000000,20,50,20,59,88,88,0,0,0,1,0
56,560062,2,1,0,3,23,0,1,8,2010,1,21,30,0,4,3,SR-236,,5,42.69295278,-110.941866670,0,38,0,0,1,1,4,0,2,1,0,1,0,0000000,21,32,21,42,22,10,0,0,0,1,1
56,560063,2,2,0,2,11,0,5,8,2010,5,12,15,0,4,2,US-14,,1867,44.44403889,-104.629463890,0,12,2,0,1,1,1,0,1,1,0,1,0,0000000,12,18,12,34,88,88,0,0,0,1,0
56,560064,1,1,0,2,37,0,4,8,2010,4,17,45,0,4,3,SR-430,,415,41.17976944,-108.832819440,0,1,0,0,1,1,1,0,1,1,0,1,0,0000000,18,2,18,39,88,88,0,0,0,2,1
56,560065,1,1,0,1,41,0,5,8,2010,5,20,19,0,5,4,BRIDGER SOUTH RD,,12,41.29518889,-110.380947220,0,31,0,0,1,1,4,0,1,1,0,1,0,0000000,88,88,88,88,88,88,0,0,0,1,1
56,560066,2,2,0,3,39,0,9,8,2010,2,11,33,0,3,3,SR-22,,11,43.47837778,-110.803611110,0,12,2,0,1,1,1,0,1,1,0,1,0,0000000,11,35,11,44,99,99,0,0,0,2,1
56,560067,1,1,0,2,7,0,4,8,2010,4,11,4,1,1,1,I-80,,2407,41.73370556,-106.727511110,0,31,0,0,1,1,3,0,1,1,0,1,0,0000000,11,4,11,43,12,32,0,0,0,1,0
56,560068,1,1,0,1,7,0,9,8,2010,2,16,35,1,1,1,I-80,,2779,41.56256111,-106.119630560,0,58,0,0,1,1,3,0,1,1,0,1,0,0000000,16,37,17,3,88,88,0,0,0,1,0
56,560069,1,1,0,1,45,0,10,8,2010,3,13,25,1,2,2,US-85,,2505,44.12087500,-104.123816670,0,58,0,0,1,1,4,0,1,1,0,1,0,0000000,13,35,13,58,88,88,0,0,0,1,0
56,560070,6,6,0,6,11,0,11,8,2010,4,16,40,0,4,3,SR-24,,178,44.69724444,-104.572616670,0,12,8,0,1,1,1,0,1,1,0,1,0,0000000,16,45,16,50,99,99,0,0,0,1,1
56,560071,1,1,0,1,33,750,12,8,2010,5,14,40,1,11,1,I-90,,197,44.83487500,-106.967183330,0,34,0,0,1,1,4,0,1,1,0,1,0,0000000,88,88,88,88,88,88,0,0,0,1,1
56,560072,1,1,0,1,37,0,12,8,2010,5,4,15,0,4,3,SR-430,,66,41.53318889,-109.127541670,0,35,0,0,1,1,4,0,2,1,0,1,0,0000000,88,88,88,88,88,88,0,0,0,1,1
56,560073,1,1,0,1,17,0,15,8,2010,1,2,15,1,2,2,US-20/WY 789,,1240,43.54080556,-108.181663890,0,24,0,0,1,1,4,0,2,1,0,1,0,0000000,2,17,2,25,88,88,0,0,0,1,1
56,560074,2,2,0,2,11,0,11,8,2010,4,9,35,0,4,3,SR-24,,268,44.68736667,-104.422013890,0,12,6,0,1,1,1,0,1,1,0,1,0,0000000,9,36,99,99,99,99,0,0,0,1,0
56,560075,1,1,0,2,9,0,18,8,2010,4,17,40,1,1,1,I-25,,1443,42.78163889,-105.485400000,0,35,0,0,1,1,4,0,1,1,0,1,0,0000000,99,99,99,99,99,99,0,0,0,1,0
56,560076,1,1,0,2,7,0,21,8,2010,7,4,23,1,2,2,US-287,,20,42.38807222,-107.464094440,0,11,0,0,1,1,1,0,2,1,0,1,0,0000000,4,27,5,12,7,31,0,0,0,1,0
56,560077,1,1,0,2,21,0,22,8,2010,1,11,55,1,2,2,US-85,CADILLAC RD,215,41.27508056,-104.769766670,0,7,0,0,3,2,1,0,1,1,0,1,0,0000000,12,3,12,13,99,99,0,0,0,1,0
56,560078,2,2,0,2,1,0,25,8,2010,4,3,11,1,1,1,I-80,,3196,41.27217778,-105.483302780,0,12,8,0,1,1,1,0,2,1,0,1,0,0000000,3,11,3,24,88,88,0,0,0,1,1
56,560079,2,2,0,4,25,0,26,8,2010,5,15,15,1,2,2,US-20/26,,654,43.14038056,-107.456577780,0,12,2,0,1,1,1,0,1,1,0,1,0,0000000,15,28,16,40,17,48,0,0,0,1,0
56,560080,1,1,0,1,39,0,24,8,2010,3,21,0,1,2,2,US-26/287,,87,43.82420556,-110.345766670,0,35,0,0,1,1,4,0,2,1,0,1,0,0000000,21,15,21,58,88,88,0,0,0,1,1
56,560081,2,2,0,3,13,0,26,8,2010,5,6,57,0,5,3,SR-138,,14,42.92473611,-108.533152780,0,12,6,0,8,1,1,0,1,1,0,1,0,0000000,7,5,7,18,7,50,0,0,0,1,0
56,560082,1,1,0,1,23,0,26,8,2010,5,7,50,1,2,2,US-89,,530,42.40093333,-111.046863890,0,52,0,0,1,1,4,0,1,1,0,1,0,0000000,8,4,9,1,88,88,0,0,0,1,0
56,560083,1,1,0,1,45,0,28,8,2010,7,14,30,1,2,2,US-85,,2509,44.12517222,-104.120672220,0,35,0,0,1,1,4,0,1,1,0,1,0,0000000,14,44,14,58,88,88,0,0,0,1,1
56,560084,1,1,0,1,11,0,31,8,2010,3,13,50,0,4,2,US-14,,1788,44.49601111,-104.733911110,0,31,0,0,1,1,4,0,1,1,0,1,0,0000000,13,56,14,21,99,99,0,0,0,1,0
56,560085,1,1,0,1,37,0,16,8,2010,2,17,0,0,5,4,BLUE RIM RD,,83,41.63898889,-109.581413890,0,1,0,0,1,1,4,0,1,1,0,1,0,0000000,88,88,88,88,88,88,0,0,0,1,0
56,560086,2,2,0,2,9,200,2,9,2010,5,20,35,1,11,1,I-25,,1380,42.73751667,-105.388788890,0,35,0,0,1,1,3,1,2,1,0,1,0,0000000,20,38,20,44,21,5,0,0,0,2,0
56,560087,2,2,0,4,7,0,3,9,2010,6,20,15,0,4,3,SR-130,,643,41.34261667,-106.674327780,0,12,2,0,1,1,1,0,2,1,0,1,0,0000000,20,19,20,36,21,37,0,0,0,2,0
56,560088,1,1,0,1,21,640,8,9,2010,4,1,54,1,1,1,I-80,,4015,41.17586944,-104.075791670,0,25,0,1,18,1,3,1,2,1,0,1,0,0000000,2,1,2,11,88,88,0,0,0,1,0
56,560089,2,2,0,4,15,0,17,9,2010,6,16,39,0,4,3,SR-92,,62,41.95777778,-104.150391670,0,12,8,0,1,1,1,0,1,1,0,1,0,0000000,16,40,16,54,17,22,0,0,0,2,0
56,560090,1,1,0,1,19,0,16,9,2010,5,12,0,1,1,1,I-90,,959,44.21735000,-106.019575000,0,32,0,0,1,1,4,0,1,1,0,1,0,0000000,88,88,88,88,88,88,0,0,0,1,0
56,560091,2,2,0,3,21,100,23,9,2010,5,18,1,0,13,3,SR-212,YORK AVE,15,41.10240000,-104.819136110,0,12,6,1,2,3,1,0,1,1,0,1,0,0000000,18,4,18,10,18,32,0,0,0,1,0
56,560092,2,2,0,3,1,0,24,9,2010,6,22,49,1,1,1,I-80,,3243,41.22247778,-105.438255560,0,24,0,0,1,1,3,0,2,1,0,1,0,0000000,22,54,23,14,23,54,0,0,0,1,0
56,560093,2,2,0,3,19,0,18,9,2010,7,15,12,0,3,3,SR-387,,1104,43.51654722,-106.150483330,0,12,2,0,1,1,1,0,1,1,0,1,0,0000000,15,6,15,18,16,32,0,0,0,1,0
56,560094,1,1,0,1,21,100,9,9,2010,5,23,31,0,16,6,STOREY BLVD,,0,41.17379167,-104.803669440,0,33,0,0,1,1,4,0,2,1,0,1,0,0000000,99,99,99,99,99,99,0,0,0,1,1
56,560095,2,2,0,2,21,100,20,9,2010,2,17,12,0,15,4,CAMPSTOOL RD,VENTURE DR,45,41.13914444,-104.708161110,0,12,6,0,2,2,1,0,1,10,0,10,0,0000000,17,13,17,20,17,41,0,0,0,1,0
56,560096,1,1,0,5,41,0,28,9,2010,3,2,5,1,1,1,I-80,,336,41.32926111,-110.445569440,0,1,0,0,1,1,3,0,2,1,0,1,0,0000000,2,8,2,29,3,5,0,0,0,2,0
56,560097,2,2,0,3,43,0,29,9,2010,4,15,10,1,2,2,US-16/20,,1636,44.00260000,-107.986872220,0,12,2,0,1,1,1,0,1,1,0,1,0,0000000,15,12,15,17,88,88,0,0,0,2,0
56,560098,1,1,0,1,29,0,1,9,2010,4,13,50,0,4,3,SR-296,,363,44.71874722,-109.351044440,0,1,0,0,1,1,1,0,1,1,0,1,0,0000000,13,56,14,24,15,29,0,0,0,1,0
56,560099,1,1,0,1,25,0,2,10,2010,7,19,45,1,1,1,I-25,,2216,43.32966667,-106.401102780,0,31,0,0,1,1,4,0,2,1,0,1,0,0000000,19,48,20,2,88,88,0,0,0,1,1
56,560100,1,1,0,1,15,0,5,10,2010,3,10,30,1,2,2,US-26,,310,42.19231944,-104.469358330,0,1,0,0,1,1,4,0,1,1,0,1,0,0000000,10,33,10,43,88,88,0,0,0,1,1
56,560101,2,2,0,2,37,0,4,10,2010,2,11,25,1,1,1,I-80,,600,41.49714444,-110.009600000,0,12,1,0,1,1,1,0,1,1,0,1,0,0000000,11,29,12,2,88,88,0,0,0,1,0
56,560102,1,1,0,1,31,320,3,10,2010,1,21,15,0,16,6,2ND ST,LINCOLN AVE,0,42.50375278,-105.024919440,0,1,0,0,3,2,1,0,3,1,0,1,0,0000000,21,32,21,51,88,88,0,0,0,1,1
56,560103,1,1,0,2,35,0,17,10,2010,1,18,0,0,6,8,FOREST SVC RD 643,,0,43.40888889,-109.965277780,0,1,0,0,1,1,1,0,1,1,0,1,0,0000000,18,29,19,24,88,88,0,0,0,1,1
56,560104,1,1,0,1,35,0,18,10,2010,2,5,30,1,2,2,US-191,,729,42.69228333,-109.714591670,0,1,0,0,1,1,4,0,2,1,0,1,0,0000000,88,88,88,88,88,88,0,0,0,1,1
56,560105,2,2,0,3,21,100,26,10,2010,3,1,35,0,13,3,SR-212,,60,41.12973333,-104.766052780,0,12,2,0,1,1,1,0,2,1,0,1,0,0000000,1,39,1,52,2,28,0,0,0,1,2
56,560106,1,1,0,1,13,0,28,10,2010,5,23,44,1,2,2,US-26,,1127,43.16908611,-108.724366670,0,35,0,0,1,1,4,0,3,1,0,1,0,0000000,23,47,0,7,88,88,0,0,0,1,1
56,560107,1,1,0,2,33,750,2,10,2010,7,1,57,0,16,6,DOW ST,,0,44.80253056,-106.957902780,0,5,0,0,1,1,1,0,2,1,0,1,0,0000000,2,4,2,5,2,23,0,0,0,1,1
56,560108,1,1,0,1,3,360,13,10,2010,4,11,36,0,5,4,GREYBULL RIVER RD,,9,44.47290278,-108.073363890,0,1,0,0,1,1,4,0,1,10,0,10,0,0000000,11,37,11,41,88,88,0,0,0,1,0
56,560109,1,1,0,1,37,0,29,10,2010,6,20,58,1,1,1,I-80,,929,41.52920556,-109.401641670,0,34,0,0,1,1,4,0,2,1,0,1,0,0000000,88,88,88,88,88,88,0,0,0,1,1
56,560110,1,1,0,3,25,90,5,11,2010,6,16,44,0,6,6,RIVERSIDE DR,,0,42.80818056,-106.434966670,0,35,0,0,1,1,4,0,1,1,0,1,0,0000000,16,45,16,59,17,19,0,0,0,1,0
56,560111,1,1,0,1,11,0,6,11,2010,7,17,15,0,4,3,SR-24,,2700,44.68496389,-104.421297220,0,38,0,0,1,1,5,0,1,1,0,1,0,0000000,17,20,17,33,99,99,0,0,0,1,0
56,560112,1,1,0,1,11,0,9,11,2010,3,6,24,1,1,1,I-90,,1520,44.28073333,-104.993591670,0,35,0,0,1,1,3,0,2,10,1,10,0,0000000,6,25,7,0,88,88,0,0,0,1,0
56,560113,1,1,0,1,11,0,7,11,2010,1,1,15,0,5,4,RED WATER CREEK RD,,39,44.56102778,-104.141677780,0,35,0,0,1,1,4,0,2,1,0,1,0,0000000,2,24,2,55,88,88,0,0,0,1,1
56,560114,1,1,0,4,11,0,13,11,2010,7,16,25,1,1,1,I-90,,1920,44.43837500,-104.296647220,0,1,0,1,19,1,8,0,5,5,3,3,0,0000000,16,27,16,39,16,55,0,0,0,1,0
56,560115,2,2,0,2,37,0,17,11,2010,4,4,55,1,1,1,I-80,,1810,41.70459444,-107.892944440,0,12,9,0,1,1,1,0,2,10,0,10,0,0000000,99,99,99,99,99,99,0,0,0,1,0
56,560116,1,1,0,2,33,0,20,11,2010,7,14,18,0,4,2,US-87,,323,44.68616944,-106.923150000,0,1,0,0,1,1,4,0,1,3,0,3,0,0000000,99,99,99,99,99,99,0,0,0,1,0
56,560117,1,1,0,1,7,0,21,11,2010,1,6,35,1,2,2,US-287,,160,41.99387778,-107.361863890,0,1,0,0,1,1,4,0,4,10,0,10,0,0000000,6,39,7,9,99,99,0,0,0,1,0
56,560118,1,1,0,2,25,0,28,11,2010,1,17,55,1,2,2,US-20/26,,449,43.04438333,-107.082050000,0,35,0,0,1,1,4,0,2,4,0,4,0,0000000,18,3,18,44,20,0,0,0,0,1,0
56,560119,1,1,0,3,9,0,28,11,2010,1,18,10,1,1,1,I-25,,1675,42.84089722,-105.924844440,0,1,0,0,1,1,3,0,2,4,11,4,0,0000000,18,16,18,29,99,99,0,0,0,1,0
56,560120,1,1,0,1,13,0,28,11,2010,1,16,56,1,2,2,US-20,,800,43.16445833,-107.753347220,0,1,0,0,1,1,2,0,2,1,0,1,0,0000000,16,56,17,15,18,0,0,0,0,1,0
56,560121,1,1,0,1,13,0,29,11,2010,2,21,0,0,4,3,SR-133,,43,43.21709444,-108.696116670,0,35,0,0,1,1,4,0,2,1,0,1,0,0000000,88,88,88,88,88,88,0,0,0,1,1
56,560122,1,1,0,1,21,100,15,11,2010,2,1,33,0,16,6,CLEAR CREEK PKWY,,17,41.07383333,-104.868000000,0,1,0,0,1,1,4,0,2,4,0,4,0,0000000,1,35,1,54,88,88,0,0,0,1,1
56,560123,1,1,0,2,39,0,25,11,2010,5,14,0,0,9,8,FOREST SVC 30980,,99999,43.44638889,-110.901111110,0,35,0,0,1,1,4,0,1,1,0,1,0,0000000,14,34,14,47,88,88,0,0,0,1,0
56,560124,1,1,0,2,9,0,27,11,2010,7,23,45,1,1,1,I-25,,1645,42.83690833,-105.882152780,0,1,0,0,1,1,1,0,2,1,0,1,0,0000000,23,50,0,7,0,40,18,0,0,1,0
56,560125,1,1,0,2,13,0,16,11,2010,3,6,7,1,2,2,US-287,,265,43.15888889,-108.949722220,3,1,0,0,1,1,1,0,2,1,0,1,0,0000000,88,88,88,88,88,88,0,0,0,1,1
56,560126,3,3,0,4,13,0,1,12,2010,4,6,53,0,3,3,SR-28,,545,42.57940556,-108.681125000,0,12,7,0,1,1,1,0,4,1,0,1,0,0000000,6,55,7,17,7,58,0,0,0,1,0
56,560127,1,1,0,2,1,0,2,12,2010,5,9,53,1,1,1,I-80,,2892,41.44528056,-105.965950000,0,31,0,0,1,1,4,0,1,1,0,1,0,0000000,9,57,10,17,11,5,0,0,0,1,0
56,560128,2,2,0,3,5,310,7,12,2010,3,13,40,1,13,3,SR-50,,35,44.26271111,-105.511750000,0,12,2,0,1,1,1,0,1,1,0,1,0,0000000,13,43,13,45,99,99,0,0,0,1,1
56,560129,1,1,0,1,35,0,10,12,2010,6,9,30,0,5,3,SR-352,,146,43.09165833,-110.025741670,0,1,0,0,1,1,4,0,1,4,10,4,0,0000000,9,56,10,20,88,88,0,0,0,1,0
56,560130,1,1,0,1,37,0,13,12,2010,2,5,52,1,1,1,I-80,I-80 RAMP,721,41.54290278,-109.799294440,0,1,0,1,3,4,3,0,2,1,0,1,0,0000000,5,56,6,26,6,59,0,0,0,1,0
56,560131,2,2,0,5,21,0,19,12,2010,1,2,40,1,2,2,US-85,,400,41.40210000,-104.462041670,0,12,2,0,1,1,1,0,2,1,0,1,0,0000000,2,53,3,22,4,46,0,0,0,1,0
56,560132,1,1,0,2,7,0,26,12,2010,1,19,0,0,5,4,WAMSUTTER RD,,72,41.46736389,-107.876902780,0,1,0,0,1,1,4,0,2,1,0,1,0,0000000,99,99,99,99,99,99,0,0,0,1,1
56,560133,1,1,0,1,21,0,18,12,2010,7,7,36,0,6,4,ARCOLA RD,,20,41.10046389,-104.404686110,0,58,0,0,1,1,4,0,2,10,0,10,0,0000000,88,88,88,88,88,88,0,0,0,1,1
56,560134,1,1,0,1,23,0,13,12,2010,2,7,0,1,2,2,US-30,,850,41.71252222,-110.077036110,0,1,0,0,1,1,4,0,2,1,0,1,0,0000000,7,0,7,37,8,26,0,0,0,1,0
56,560135,1,1,0,1,37,0,25,2,2010,5,13,15,0,5,4,BAR X RD,,180,41.87500000,-108.488258330,0,35,0,0,1,1,4,0,1,1,0,1,0,0000000,13,19,14,9,15,23,0,0,0,1,0
56,560136,1,1,0,1,37,0,20,5,2010,5,11,40,0,6,7,I-80 SERVICE RD,,90,41.66700278,-108.966580560,0,38,0,0,1,1,4,0,1,1,0,1,0,0000000,11,49,12,5,12,55,0,0,0,1,0
56,560137,1,1,0,3,9,0,17,10,2010,1,5,23,1,2,2,US-59,,539,43.45988056,-105.433002780,0,31,0,0,1,1,4,0,2,1,0,1,0,0000000,5,30,5,55,7,25,0,0,0,1,0
56,560138,1,1,0,1,29,0,26,6,2010,7,15,0,0,9,8,NE ENTRANCE RD,,99999,99.99990000,999.999900000,9,35,0,0,1,1,4,0,1,1,0,1,0,0000000,99,98,99,98,88,88,0,0,0,1,0
56,560139,2,2,0,4,39,0,14,7,2010,4,13,50,0,9,8,GRAND LOOP RD,,99999,99.99990000,999.999900000,1,12,2,0,1,1,1,0,1,10,0,10,0,0000000,99,99,14,0,99,99,0,0,0,1,0