STATE,ST_CASE,VE_TOTAL,VE_FORMS,PEDS,PERSONS,COUNTY,CITY,DAY,MONTH,YEAR,DAY_WEEK,HOUR,MINUTE,NHS,ROAD_FNC,ROUTE,TWAY_ID,TWAY_ID2,MILEPT,LATITUDE,LONGITUD,SP_JUR,HARM_EV,MAN_COLL,RELJCT1,RELJCT2,TYP_INT,REL_ROAD,WRK_ZONE,LGT_COND,WEATHER1,WEATHER2,WEATHER,SCH_BUS,RAIL,NOT_HOUR,NOT_MIN,ARR_HOUR,ARR_MIN,HOSP_HR,HOSP_MN,CF1,CF2,CF3,FATALS,DRUNK_DR
4,40007,2,1,0,1,27,0,9,1,2010,7,17,45,0,5,4,COUNTY 51TH ST,,0,32.61148889,-114.575600000,0,14,0,0,1,1,6,0,2,1,0,1,0,0000000,17,49,99,99,88,88,0,0,0,1,0
4,40011,2,2,0,7,27,0,12,1,2010,3,6,58,0,5,4,COUNTY 11TH ST,,0,32.66916667,-114.727777780,0,12,6,0,1,1,1,0,4,1,0,1,0,0000000,7,4,7,10,99,99,0,0,0,1,1
4,40016,1,1,0,3,15,0,22,1,2010,6,18,32,1,1,1,I-40,,300,34.93275556,-114.149516670,0,41,0,0,1,1,4,0,2,3,0,3,0,0000000,18,38,18,51,99,99,0,0,0,1,0
4,40061,1,1,0,2,15,0,6,2,2010,7,9,19,1,2,2,US-93,,315,35.67346667,-114.461275000,0,1,0,0,1,1,4,0,1,10,0,10,0,0000000,9,19,9,40,99,99,0,0,0,1,0
4,40066,1,1,1,1,12,340,9,2,2010,3,18,9,0,4,6,CALIFORNIA AVE,,0,34.15760000,-114.296361110,3,9,0,0,1,1,4,0,5,1,0,1,0,0000000,18,10,99,99,88,88,0,0,0,1,0
4,40071,2,2,0,4,12,0,17,2,2010,4,6,5,1,1,1,I-10,,230,33.67261389,-114.144613890,0,12,1,0,1,1,1,0,2,1,0,1,0,0000000,6,5,6,12,8,9,0,0,0,1,0
4,40078,2,2,0,3,27,0,22,2,2010,2,16,3,1,13,2,US-95,ARABY RD,294,32.69918056,-114.521505560,0,12,6,0,2,2,1,0,1,1,0,1,0,0000000,16,5,16,10,99,99,0,0,0,1,0
4,40101,1,1,1,1,27,620,4,3,2010,5,20,52,0,13,6,AVENUE B,13TH PL,0,32.70358056,-114.650441670,0,8,0,0,3,3,1,0,3,1,0,1,0,0000000,20,52,20,58,21,16,0,0,0,1,0
4,40104,1,1,0,3,27,0,6,3,2010,7,5,49,0,15,9,AVENUE D,,0,32.70426389,-114.684611110,0,30,0,0,1,1,4,0,2,10,0,10,0,0000000,5,49,6,0,7,5,0,0,0,1,1
4,40112,1,1,0,4,15,0,13,3,2010,7,6,57,1,1,1,I-40,,409,35.08959167,-114.120355560,0,1,0,0,1,1,1,0,4,1,0,1,0,0000000,6,57,7,5,99,99,0,0,0,2,0
4,40119,1,1,1,1,15,0,17,3,2010,4,22,37,0,3,3,SR-68,,156,35.22756111,-114.329208330,0,8,0,0,1,1,1,0,2,1,0,1,0,0000000,22,44,22,51,88,88,0,0,0,1,0
4,40121,1,1,0,1,15,0,20,3,2010,7,11,33,0,6,9,SINARUMP DR,,0,35.14603056,-114.116158330,0,41,0,0,1,1,6,0,1,1,0,1,0,0000000,11,36,11,45,88,88,0,0,0,1,0
4,40171,2,2,0,3,27,0,2,4,2010,6,14,50,0,5,4,COUNTY 14TH ST,,0,32.62561389,-114.691161110,0,12,2,0,1,1,1,0,1,1,0,1,0,0000000,14,55,15,8,15,20,0,0,0,2,0
4,40178,1,1,1,2,15,0,8,4,2010,5,20,24,1,1,1,I-40 RAMP,,200,34.79837778,-114.157750000,0,8,0,1,5,1,1,0,2,1,0,1,0,0000000,20,24,20,35,88,88,0,0,0,1,0
4,40184,1,1,1,3,15,268,11,4,2010,1,1,49,0,14,6,KIOWA BLVD N,,0,34.51109167,-114.314300000,0,8,0,0,1,1,1,0,2,1,0,1,0,0000000,1,50,1,56,88,88,0,0,0,1,0
4,40190,1,1,0,2,15,0,17,4,2010,7,19,7,0,4,4,STOCKTON HILL RD,,0,35.76671111,-114.132313890,0,1,0,0,1,1,6,0,5,1,0,1,0,0000000,19,8,19,26,99,99,0,0,0,1,0
4,40197,1,1,0,1,15,0,24,4,2010,7,13,44,0,3,3,SR-68,,89,35.19867500,-114.419650000,0,1,0,0,1,1,3,0,1,1,0,1,0,0000000,13,54,14,1,14,40,0,0,0,1,0
4,40200,1,1,0,1,15,268,26,4,2010,2,21,31,0,16,6,BEVERLY GLEN DR,,0,34.49434722,-114.327177780,0,1,0,0,1,1,1,0,6,1,0,1,0,0000000,21,31,21,38,99,99,0,0,0,1,1
4,40201,1,1,0,1,15,268,30,4,2010,6,12,20,0,16,6,LONDON BRIDGE RD,,0,34.52813611,-114.369102780,0,42,0,0,1,1,5,0,1,1,0,1,0,0000000,12,20,12,27,14,16,0,0,0,1,1
4,40246,1,1,1,1,15,268,7,5,2010,6,14,26,0,16,6,THISTLE DR,,0,34.48108889,-114.301272220,0,8,0,0,1,1,1,0,1,1,0,1,0,0000000,14,26,99,99,99,99,0,0,0,1,0
4,40259,1,1,1,1,15,260,12,5,2010,4,1,20,1,11,1,I-40,,502,35.20840278,-114.059222220,0,8,0,0,1,1,1,0,3,1,0,1,0,0000000,1,20,1,25,88,88,0,0,0,1,0
4,40265,1,1,0,2,15,0,19,5,2010,4,21,44,0,13,3,SR-95,,2387,35.03012500,-114.597963890,0,1,0,0,1,1,1,0,2,1,0,1,0,0000000,21,46,21,50,22,19,0,0,0,1,1
4,40266,1,1,0,1,15,59,21,5,2010,6,17,16,0,13,3,SR-95,,2416,35.06910833,-114.589230560,0,33,0,0,1,1,4,0,1,1,0,1,0,0000000,17,16,17,25,99,99,0,0,0,1,1
4,40274,2,2,0,2,15,0,26,5,2010,4,4,25,1,2,2,US-93,AGUA FRIA DR,651,35.24350000,-114.148463890,0,1,0,0,2,2,1,0,3,1,0,1,0,0000000,4,24,4,34,4,57,0,0,0,1,0
4,40355,1,1,0,2,15,0,2,7,2010,6,20,16,0,6,9,CABINSITE RD,,0,35.23131944,-114.558694440,0,41,0,0,1,1,6,0,2,1,0,1,0,0000000,20,16,99,99,99,99,0,0,0,1,1
4,40356,1,1,0,2,27,0,3,7,2010,7,0,12,1,13,2,US-95,AVENUE 3E,259,32.69873333,-114.581655560,0,5,0,0,2,2,1,0,2,1,0,1,0,0000000,0,12,0,17,99,99,0,0,0,1,1
4,40375,1,1,0,1,27,0,18,7,2010,1,5,55,1,1,7,I-8 FRONTAGE RD,,160,32.66336111,-114.386838890,0,38,0,0,1,1,10,0,2,10,0,10,0,0000000,6,2,6,9,88,88,0,0,0,1,1
4,40377,2,2,0,3,15,59,19,7,2010,2,18,1,0,15,6,LAKESIDE DR,BASELINE RD,0,35.11042500,-114.612986110,0,12,6,0,2,2,1,0,1,1,0,1,0,0000000,18,3,18,6,88,88,0,0,0,1,1
4,40418,1,1,0,3,12,0,6,8,2010,6,7,18,1,2,2,US-95,,645,33.09836667,-114.298202780,0,1,0,0,1,1,4,0,1,1,0,1,0,0000000,7,19,7,44,99,99,0,0,0,1,0
4,40461,2,2,0,5,15,0,30,8,2010,2,10,45,0,6,9,DIAMOND BAR RD,,0,35.86467500,-114.073319440,0,12,2,0,1,1,1,0,1,1,0,1,0,0000000,10,47,11,3,99,99,0,0,0,2,0
4,40485,1,1,1,2,27,620,25,9,2010,7,19,21,0,13,3,SR-8B,5TH ST,8,32.71801111,-114.624561110,0,8,0,0,3,2,1,0,3,1,0,1,0,0000000,19,21,19,23,19,41,0,0,0,1,0
4,40487,1,1,0,1,27,620,28,9,2010,3,21,58,0,14,6,PACIFIC AVE,,0,32.70395000,-114.598869440,0,33,0,0,1,1,3,0,3,1,0,1,0,0000000,21,58,22,3,88,88,0,0,0,1,0
4,40503,1,1,1,1,15,59,8,10,2010,6,19,48,0,13,3,SR-95,,2459,35.12213889,-114.584311110,0,8,0,0,1,1,1,0,3,1,0,1,0,0000000,19,48,19,55,88,88,0,0,0,1,0
4,40507,2,2,0,4,15,0,15,10,2010,6,8,34,0,15,9,NORTHERN AVE,,0,35.25391944,-114.015025000,0,12,6,0,8,1,1,0,1,1,0,1,0,0000000,8,34,8,35,8,56,0,0,0,1,0
4,40511,1,1,0,12,15,0,17,10,2010,1,8,5,0,4,9,PIERCE FERRY RD,,0,35.79214444,-114.114830560,0,59,0,0,1,1,4,0,1,1,0,1,0,0000000,8,6,8,31,99,99,0,0,0,2,0
4,40572,3,3,0,3,27,0,5,10,2010,3,19,12,1,1,1,I-8,,323,32.66781667,-114.117661110,0,12,1,0,1,1,1,0,2,1,0,1,0,0000000,19,12,99,99,99,99,0,0,0,1,0
4,40588,2,2,1,2,15,260,2,11,2010,3,19,44,1,11,1,I-40,,497,35.20175556,-114.065225000,0,12,6,0,1,1,1,0,2,1,0,1,0,0000000,19,44,19,44,99,99,15,19,0,1,0
4,40589,2,2,0,3,15,268,3,11,2010,4,9,18,0,15,6,PALO VERDE BLVD,ACOMA BLVD,0,34.48703333,-114.327025000,0,12,6,0,2,2,1,0,1,1,0,1,0,0000000,9,18,9,27,9,49,0,0,0,1,0
4,40592,1,1,0,1,15,0,7,11,2010,1,0,31,0,6,9,JURASSIC DR,,0,35.30148056,-114.311800000,0,1,0,0,1,1,4,0,2,1,0,1,0,0000000,99,98,99,98,88,88,0,0,0,1,1
4,40604,1,1,1,1,27,620,16,11,2010,3,6,0,0,13,6,AVENUE B,5TH ST,0,32.71850833,-114.650475000,0,8,0,0,3,3,1,0,3,1,0,1,0,0000000,6,1,6,8,6,23,0,0,0,1,0
4,40612,2,1,0,1,27,620,26,11,2010,6,2,17,0,14,6,24TH ST,23RD LN,0,32.68407500,-114.590386110,0,1,0,0,3,3,5,0,3,1,0,1,0,0000000,2,21,2,27,2,57,0,0,0,1,1
4,40637,1,1,1,2,15,260,15,12,2010,4,17,56,0,15,6,HARRISON ST,,0,35.21600556,-114.024738890,0,8,0,0,1,1,1,0,6,98,0,98,0,0000000,17,57,18,0,18,7,0,0,0,1,0
4,40644,1,1,0,1,15,0,24,12,2010,6,12,54,1,1,1,I-40,,444,35.13685556,-114.101636110,0,52,0,0,1,1,4,0,1,1,0,1,0,0000000,12,55,13,5,13,21,0,0,0,1,0
4,40651,2,2,0,2,15,0,30,12,2010,5,16,18,0,3,3,SR-68,,223,35.22169167,-114.209575000,0,12,6,0,8,1,1,0,1,1,0,1,0,0000000,16,18,16,25,17,14,0,0,0,1,0
6,60001,1,1,0,1,47,2150,1,1,2010,6,5,35,1,12,3,SR-99,,144,37.29501944,-120.478011110,0,24,0,0,1,1,4,0,2,1,0,1,0,0000000,99,99,99,99,99,99,0,0,0,1,1
6,60002,1,1,1,1,19,740,1,1,2010,6,8,39,0,16,6,MCKELVY AVE,,0,36.81669722,-119.668422220,0,8,0,0,99,9,99,0,1,10,0,10,0,0000000,99,99,99,99,99,99,0,0,0,1,0
6,60003,3,3,0,7,29,0,1,1,2010,6,10,9,1,2,3,SR-29,,205,35.61461944,-119.868488890,0,12,1,0,1,1,1,0,1,10,0,10,0,0000000,99,99,99,99,99,99,0,0,0,3,1
6,60004,2,2,0,2,107,0,1,1,2010,6,15,35,0,6,4,MTN 137,,0,36.02688889,-118.922500000,0,1,0,0,1,1,1,0,1,10,0,10,0,0000000,99,99,99,99,99,99,14,0,0,1,0
6,60005,2,2,0,4,39,0,2,1,2010,7,15,33,0,3,4,AVENUE 12,,0,36.92323889,-119.963280560,0,12,2,0,1,1,1,0,1,1,0,1,0,0000000,99,99,99,99,99,99,0,0,0,2,0
6,60006,3,3,0,6,37,1980,3,1,2010,1,14,5,0,16,6,HARRY BRIDGES BL,FRIES AVE,0,33.77115000,-118.264386110,0,12,6,0,2,2,1,0,1,10,0,10,0,0000000,99,99,99,99,99,99,0,0,0,1,0
6,60007,1,1,0,1,67,0,1,1,2010,6,1,30,0,4,4,TWIN CITIES RD,,0,38.29108889,-121.371088890,0,42,0,0,1,1,4,0,2,10,0,10,0,0000000,99,99,99,99,88,88,0,0,0,1,1
6,60008,1,1,0,2,9,0,1,1,2010,6,0,53,0,4,4,BALDWIN ST,,0,38.12221111,-120.853888890,0,53,0,0,1,1,4,0,2,10,0,10,0,0000000,99,99,99,99,99,99,0,0,0,1,1
6,60009,1,1,0,1,93,0,4,1,2010,2,6,45,0,2,3,SR-161,,27,42.00198333,-121.839752780,0,1,0,0,1,1,2,0,4,5,0,5,0,0000000,99,99,99,99,88,88,0,0,0,1,0
6,60010,1,1,1,1,37,1970,5,1,2010,3,10,39,0,13,6,SHORELINE DR,SHORELINE VILLAGE DR,0,33.76179722,-118.189322220,0,9,0,0,3,2,1,0,1,1,0,1,0,0000000,99,99,99,99,99,99,0,0,0,1,0
6,60011,2,2,0,3,37,639,5,1,2010,3,7,23,0,13,6,CARMENITA RD,ASHWORTH ST,0,33.86851111,-118.046325000,0,33,0,0,3,2,3,0,1,1,0,1,0,0000000,99,99,99,99,99,99,0,0,0,1,0
6,60012,1,1,1,1,71,0,6,1,2010,4,14,40,0,6,4,COUNTRY CLUB DR,MAKAI CT,0,34.49205000,-117.267230560,0,8,0,0,3,2,1,0,1,1,0,1,0,0000000,99,99,99,99,99,99,0,0,0,1,0
6,60013,1,1,0,3,53,0,1,1,2010,6,2,25,0,6,4,CORRAL DE TIERRA RD,,0,36.52625278,-121.679400000,0,35,0,0,1,1,4,0,2,1,0,1,0,0000000,99,99,99,99,88,88,0,0,0,1,1
6,60014,1,1,0,1,25,0,2,1,2010,7,99,99,0,6,4,SHANK RD,,0,33.00095000,-115.320519440,0,23,0,0,1,1,4,0,2,1,0,1,0,0000000,99,99,99,99,88,88,0,0,0,1,0
6,60015,4,4,0,7,59,3420,3,1,2010,1,2,4,0,13,6,MACARTHUR BL,MAIN ST,0,33.68551389,-117.855750000,0,12,1,0,3,2,1,0,3,1,0,1,0,0000000,99,99,99,99,99,99,0,0,0,1,1
6,60016,4,4,0,8,5,0,3,1,2010,1,16,24,1,2,3,SR-88,,244,38.40416944,-120.642130560,0,12,8,0,1,1,1,0,1,1,0,1,0,0000000,99,99,99,99,99,99,0,0,0,1,1
6,60017,1,1,1,1,37,1980,3,1,2010,1,23,0,0,14,6,NORMANDIE AVE,ADAMS BL,0,34.03245278,-118.300255560,0,8,0,0,3,2,1,0,3,1,0,1,0,0000000,99,99,99,99,99,99,0,0,0,1,0
6,60018,4,1,0,3,37,1716,1,1,2010,6,3,18,0,14,6,RAMONA BL,,0,34.08099444,-117.982691670,0,33,0,0,1,1,4,0,3,1,0,1,0,0000000,99,99,99,99,99,99,14,0,0,1,1
6,60019,1,1,1,1,37,1980,5,1,2010,3,20,17,0,13,6,HOOVER ST,LA FAYETTE PARK PL,0,34.06016111,-118.284219440,0,8,0,0,3,3,1,0,3,1,0,1,0,0000000,99,99,99,99,99,99,0,0,0,1,0
6,60020,1,1,1,1,37,1980,5,1,2010,3,22,50,0,13,6,WESTERN AVE,256TH ST,0,33.79134444,-118.307686110,0,8,0,0,3,1,1,0,3,1,0,1,0,0000000,99,99,99,99,99,99,0,0,0,1,0
6,60021,1,1,1,1,75,3290,6,1,2010,4,18,14,0,13,6,SLOAT BL,FOREST VIEW,0,37.73442500,-122.483844440,0,8,0,0,3,1,1,0,3,1,0,1,0,0000000,99,99,99,99,99,99,0,0,0,1,0
6,60022,3,1,0,1,73,3499,7,1,2010,5,2,9,0,12,3,SR-67,,21,32.83279444,-116.962080560,0,14,0,0,1,1,5,1,2,1,0,1,0,0000000,99,99,99,99,88,88,20,0,0,1,0
6,60023,1,1,0,1,47,0,8,1,2010,6,1,50,1,1,1,I-5,,165,37.04293056,-120.956188890,0,1,0,0,1,1,3,0,2,1,0,1,0,0000000,99,99,99,99,99,99,0,0,0,1,1
6,60024,2,2,0,4,111,0,1,1,2010,6,18,32,0,13,3,SR-232,,38,34.27226944,-119.137719440,0,12,1,0,1,1,1,0,2,1,0,1,0,0000000,99,99,99,99,99,99,0,0,0,1,1
6,60025,1,1,0,1,73,0,4,1,2010,2,22,0,1,1,1,I-5,,660,32.79593333,-117.205580560,0,33,0,0,1,1,3,0,2,10,0,10,0,0000000,99,99,99,99,88,88,0,0,0,1,0
6,60026,1,1,0,5,73,3260,5,1,2010,3,19,52,1,11,1,I-15 RAMP,,61,32.77708889,-117.111061110,0,42,0,1,5,1,4,0,2,1,0,1,0,0000000,99,99,99,99,99,99,0,0,0,1,0
6,60027,1,1,0,1,95,0,7,1,2010,5,6,50,0,6,4,SILVEYVILLE RD,NORTH MERIDIAN RD,0,38.46060000,-121.915580560,0,42,0,0,3,3,4,0,2,5,0,5,0,0000000,99,99,99,99,88,88,0,0,0,1,0
6,60028,2,2,0,3,85,3340,2,1,2010,7,22,8,0,12,3,SR-87,,7,37.26589167,-121.858936110,0,12,1,0,1,1,1,0,3,10,0,10,0,0000000,99,99,99,99,88,88,0,0,0,1,1
6,60029,1,1,0,1,97,0,7,1,2010,5,14,4,0,2,3,SR-12,,114,38.41378611,-122.790413890,0,42,0,0,1,1,5,0,1,10,0,10,0,0000000,99,99,99,99,99,99,0,0,0,1,0
6,60030,1,1,0,2,59,1410,9,1,2010,7,1,52,0,13,6,MAGNOLIA ST,,0,33.77265556,-117.974366670,0,42,0,0,1,1,3,0,3,1,0,1,0,0000000,99,99,99,99,99,99,0,0,0,1,1
6,60031,1,1,0,1,37,1980,10,1,2010,1,22,35,0,14,6,4TH ST,,0,34.04131667,-118.231086110,0,33,0,0,1,1,4,0,3,1,0,1,0,0000000,99,99,99,99,99,99,0,0,0,1,1
6,60032,2,2,0,3,65,0,13,1,2010,4,12,0,0,2,3,SR-74,,102,33.64856389,-117.374583330,0,12,2,0,1,1,1,0,1,1,0,1,0,0000000,99,99,99,99,99,99,0,0,0,1,0
6,60033,2,1,0,2,37,1980,8,1,2010,6,6,45,1,11,1,I-210 RAMP,,144,34.23418056,-118.287288890,0,14,0,0,5,1,2,0,1,1,0,1,0,0000000,99,99,99,99,99,99,0,0,0,1,0
6,60034,1,1,0,1,13,912,9,1,2010,7,2,30,1,11,1,I-80 RAMP,,135,38.05276944,-122.227119440,0,1,0,0,5,1,1,0,3,10,0,10,0,0000000,99,99,99,99,88,88,0,0,0,1,1
6,60035,3,2,0,2,37,1980,9,1,2010,7,4,40,0,13,6,DEVONSHIRE ST,,0,34.25757222,-118.520530560,0,12,2,0,1,1,1,0,3,1,0,1,0,0000000,99,99,99,99,88,88,0,0,0,2,1
6,60036,2,2,0,2,73,0,9,1,2010,7,15,12,0,3,4,ALPINE BL,,0,32.83331111,-116.732619440,0,12,2,0,1,1,1,0,1,1,0,1,0,0000000,99,99,99,99,99,99,0,0,0,1,0
6,60037,1,1,1,1,39,0,10,1,2010,1,1,50,1,2,3,SR-99,,32,36.87563889,-119.971219440,0,8,0,0,1,1,1,0,2,5,0,5,0,0000000,99,99,99,99,88,88,0,0,0,1,0
6,60038,2,2,0,2,39,0,7,1,2010,5,6,5,1,2,3,SR-41,,224,37.18666111,-119.728230560,0,12,8,0,1,1,1,0,2,1,0,1,0,0000000,99,99,99,99,99,99,0,0,0,1,1
6,60039,2,1,0,2,67,0,7,1,2010,5,8,11,1,11,1,I-80,,140,38.72455833,-121.290863890,0,14,0,0,1,1,2,0,1,10,0,10,0,0000000,99,99,99,99,88,88,0,0,0,2,0
6,60040,2,2,0,3,65,0,7,1,2010,5,9,45,0,4,4,PALM AVE,DE WAIDE AVE,0,33.75145000,-116.899205560,0,12,6,0,2,3,1,0,1,1,0,1,0,0000000,99,99,99,99,99,99,0,0,0,1,0
6,60041,2,2,0,3,89,0,8,1,2010,6,13,45,1,2,3,SR-44,,53,40.56001111,-122.270069440,0,12,6,0,1,1,1,0,1,2,0,2,0,0000000,99,99,99,99,99,99,0,0,0,1,0
6,60042,1,1,0,2,29,0,13,1,2010,4,17,40,0,6,4,DAVID RD,,0,35.09278889,-118.884269440,0,35,0,0,1,1,4,0,2,1,0,1,0,0000000,99,99,99,99,99,99,0,0,0,1,1
6,60043,1,1,0,3,83,0,1,1,2010,6,23,1,0,3,4,CLARK AVE,,0,34.86521944,-120.452300000,0,59,0,0,1,1,4,0,2,1,0,1,0,0000000,99,99,99,99,99,99,0,0,0,1,1
6,60044,1,1,0,1,19,0,11,1,2010,2,0,22,0,4,4,JENSEN AVE,,0,36.70651944,-119.605538890,0,30,0,0,1,1,4,0,2,1,0,1,0,0000000,99,99,99,99,88,88,0,0,0,1,1
6,60045,1,1,0,2,105,0,12,1,2010,3,20,10,0,2,3,SR-3,,170,40.35211944,-123.018111110,0,1,0,0,1,1,2,0,2,2,0,2,0,0000000,99,99,99,99,99,99,0,0,0,1,0
6,60046,1,1,0,4,33,0,13,1,2010,4,2,20,1,2,3,SR-20,,21,39.17371944,-123.013238890,0,42,0,0,1,1,4,0,2,2,0,2,0,0000000,99,99,99,99,99,99,0,0,0,1,0
6,60047,1,1,0,1,65,850,15,1,2010,6,18,22,0,14,6,FULLERTON AVE,,0,33.85015000,-117.552302780,0,33,0,0,1,1,4,0,3,1,0,1,0,0000000,99,99,99,99,99,99,0,0,0,1,0
6,60048,2,2,0,4,37,1980,3,1,2010,1,4,25,1,11,1,I-10,,106,34.03418889,-118.350830560,0,12,1,0,1,1,1,0,3,1,0,1,0,0000000,99,99,99,99,99,99,0,0,0,1,0
6,60049,1,1,1,1,37,1400,5,1,2010,3,22,34,0,13,6,ROSECRANS AVE,,0,33.90184722,-118.320930560,0,8,0,0,1,1,1,0,3,1,0,1,0,0000000,99,99,99,99,99,99,0,0,0,1,0
6,60050,2,2,0,2,37,2458,10,1,2010,1,13,30,1,11,1,I-605,,73,33.90314722,-118.105430560,0,12,1,0,1,1,8,0,1,1,0,1,0,0000000,99,99,99,99,99,99,0,0,0,1,0
6,60051,3,3,0,5,65,2650,15,1,2010,6,16,3,0,14,6,DINAH SHORE DR,CROSSLEY RD,0,33.80861111,-116.484250000,0,12,6,0,2,2,1,0,1,1,0,1,0,0000000,99,99,99,99,99,99,0,0,0,1,0
6,60052,2,2,0,4,71,0,15,1,2010,6,20,15,1,2,2,US-395,,611,35.20490556,-117.600908330,0,12,2,0,1,1,1,0,2,1,0,1,0,0000000,99,99,99,99,99,99,0,0,0,1,0
6,60053,2,2,0,3,83,0,16,1,2010,7,9,7,0,4,4,FOXEN CYN RD,PHILBRIC RD,0,34.92316667,-120.374108330,0,12,6,0,2,2,1,0,1,10,0,10,0,0000000,99,99,99,99,99,99,0,0,0,1,0
6,60054,2,2,0,6,71,260,17,1,2010,1,18,35,1,2,3,SR-58,,311,34.88191667,-117.088013890,0,12,6,0,1,1,1,0,2,2,0,2,0,0000000,99,99,99,99,99,99,0,0,0,1,0
6,60055,2,2,0,2,65,0,18,1,2010,2,10,58,0,4,4,GILMAN SPRINGS RD,,0,33.83160278,-116.983108330,0,24,0,0,1,1,4,0,1,10,2,2,0,0000000,99,99,99,99,99,99,0,0,0,1,0
6,60056,3,3,0,6,67,3150,18,1,2010,2,11,6,0,13,6,ELVAS AVE,,0,38.55870278,-121.428902780,0,12,1,0,1,1,1,0,1,2,10,2,0,0000000,99,99,99,99,99,99,0,0,0,1,0
6,60057,2,2,0,5,65,0,18,1,2010,2,14,35,1,2,3,SR-79,,337,33.83908889,-117.003738890,0,12,6,0,1,1,1,0,1,2,0,2,0,0000000,99,99,99,99,99,99,0,0,0,1,1
6,60058,1,1,1,1,37,1980,18,1,2010,2,18,40,0,14,6,VERNON AVE,,0,34.00383611,-118.266158330,0,8,0,0,1,1,1,0,3,10,0,10,0,0000000,99,99,99,99,99,99,0,0,0,1,0
6,60059,3,1,0,2,37,1980,18,1,2010,2,22,20,0,14,6,GRIFFIN AVE,,0,34.08778056,-118.207397220,0,14,0,0,1,1,7,0,3,1,0,1,0,0000000,99,99,99,99,99,99,0,0,0,1,0
6,60060,3,3,0,5,65,0,19,1,2010,3,10,25,1,2,3,SR-79,,85,33.46771389,-116.957830560,0,12,2,0,1,1,1,0,1,10,0,10,0,0000000,99,99,99,99,88,88,14,0,0,1,0
6,60061,1,1,1,1,37,0,19,1,2010,3,13,55,0,3,4,CARSON ST,BUDLONG AVE,0,33.83155278,-118.295294440,0,8,0,0,2,3,1,0,1,10,0,10,0,0000000,99,99,99,99,99,99,0,0,0,1,0
6,60062,1,1,1,1,37,1430,1,1,2010,6,19,14,0,16,6,MONTROSE AVE,,0,34.22041111,-118.247130560,0,8,0,0,1,1,11,0,3,1,0,1,0,0000000,99,99,99,99,99,99,0,0,0,1,0
6,60063,1,1,0,1,109,0,1,1,2010,6,21,6,0,2,3,SR-49,,213,38.01125000,-120.410511110,0,11,0,0,1,1,1,0,2,10,0,10,0,0000000,99,99,99,99,99,99,0,0,0,1,0
6,60064,1,1,0,2,25,0,2,1,2010,7,18,11,0,13,4,FORRESTER RD,,0,32.91511944,-115.621388890,0,43,0,0,1,1,5,0,2,1,0,1,0,0000000,99,99,99,99,99,99,0,0,0,2,0
6,60065,2,2,0,3,37,1808,13,1,2010,4,4,26,0,14,6,BLOOMFIELD AVE,CENTRALIA ST,0,33.83875556,-118.063302780,0,12,6,0,2,2,1,0,3,2,0,2,0,0000000,99,99,99,99,99,99,0,0,0,1,0
6,60066,1,1,1,1,59,1410,13,1,2010,4,17,34,0,13,6,GARDEN GROVE BL,SUNGROVE ST,0,33.77450000,-117.908802780,0,8,0,0,3,3,1,0,3,1,0,1,0,0000000,99,99,99,99,88,88,0,0,0,1,0
6,60067,1,1,1,1,37,1840,13,1,2010,4,17,45,0,14,6,10TH ST W,,0,34.70249444,-118.148194440,0,8,0,0,1,1,1,0,3,10,0,10,0,0000000,99,99,99,99,99,99,0,0,0,1,0
6,60068,3,3,0,4,65,2276,13,1,2010,4,18,25,0,15,6,COTTONWOOD AVE,,0,33.92455000,-117.247119440,0,33,0,0,1,1,4,0,3,1,0,1,0,0000000,99,99,99,99,99,99,0,0,0,1,0
6,60069,1,1,1,1,85,1420,14,1,2010,5,6,10,0,15,6,MONTEREY ST,8TH ST,0,37.00321111,-121.567058330,0,31,0,0,3,2,4,0,4,1,0,1,0,0000000,99,99,99,99,99,99,0,0,0,1,0
6,60070,3,3,0,3,65,0,16,1,2010,7,16,45,0,4,4,LIVE OAK CYN RD,,0,34.00343056,-117.132600000,0,1,0,0,1,1,1,0,1,10,0,10,0,0000000,99,99,99,99,99,99,0,0,0,1,1
6,60071,1,1,2,1,83,3430,16,1,2010,7,19,38,0,13,6,LAS POSITAS RD,TALLANT RD,0,34.43120556,-119.733622220,0,8,0,0,3,2,1,0,3,1,0,1,0,0000000,99,99,99,99,88,88,0,0,0,2,0
6,60072,2,2,0,6,115,2100,17,1,2010,1,2,29,0,14,6,5TH ST,,0,39.13911389,-121.604511110,0,12,6,0,1,1,1,0,3,2,0,2,0,0000000,99,99,99,99,99,99,0,0,0,1,0
6,60073,1,1,1,1,37,1980,17,1,2010,1,12,20,0,6,6,SUPERBA AVE,SHELL CT,0,33.99193611,-118.460783330,0,9,0,0,3,2,1,0,1,10,0,10,0,0000000,99,99,99,99,99,99,0,0,0,1,0