STATE,ST_CASE,VE_TOTAL,VE_FORMS,PEDS,PERSONS,COUNTY,CITY,DAY,MONTH,YEAR,DAY_WEEK,HOUR,MINUTE,NHS,ROAD_FNC,ROUTE,TWAY_ID,TWAY_ID2,MILEPT,LATITUDE,LONGITUD,SP_JUR,HARM_EV,MAN_COLL,RELJCT1,RELJCT2,TYP_INT,REL_ROAD,WRK_ZONE,LGT_COND,WEATHER1,WEATHER2,WEATHER,SCH_BUS,RAIL,NOT_HOUR,NOT_MIN,ARR_HOUR,ARR_MIN,HOSP_HR,HOSP_MN,CF1,CF2,CF3,FATALS,DRUNK_DR
6,60074,2,2,3,1,19,1370,10,1,2010,1,2,51,1,12,3,SR-99,,250,36.77694444,-119.843588890,0,12,6,0,1,1,1,0,3,10,5,5,0,0000000,99,99,99,99,99,99,19,23,14,1,0
6,60075,1,1,0,1,71,0,13,1,2010,4,10,25,1,1,1,I-40,,543,34.72775000,-116.087619440,0,33,0,0,1,1,4,0,1,1,0,1,0,0000000,99,99,99,99,88,88,0,0,0,1,0
6,60076,1,1,1,4,37,2645,14,1,2010,5,17,33,1,13,3,SR-138,2ND ST (E),438,34.57983333,-118.127622220,0,8,0,0,3,3,1,0,3,1,0,1,0,0000000,99,99,99,99,99,99,0,0,0,1,0
6,60077,2,2,0,2,37,2870,14,1,2010,5,21,14,1,11,1,I-10,TOWNE,466,34.07878889,-117.741238890,0,12,6,1,2,2,1,0,3,1,0,1,0,0000000,88,88,88,88,88,88,0,0,0,2,0
6,60078,1,1,1,1,37,1980,15,1,2010,6,4,0,0,14,6,NORMANDIE AVE,,0,33.84609167,-118.299280560,0,8,0,0,1,1,1,0,3,1,0,1,0,0000000,99,99,99,99,88,88,0,0,0,1,0
6,60079,1,1,0,5,65,0,17,1,2010,1,5,38,1,1,1,I-10,,290,33.91736111,-116.619711110,0,33,0,0,1,1,4,0,2,1,0,1,0,0000000,99,99,99,99,99,99,0,0,0,1,0
6,60080,1,1,0,2,17,0,17,1,2010,1,14,40,0,3,4,LOTUS RD,,0,38.76031111,-120.927600000,0,42,0,0,1,1,4,0,1,10,0,10,0,0000000,99,99,99,99,99,99,0,0,0,2,0
6,60081,1,1,0,2,65,0,19,1,2010,3,1,20,1,12,3,SR-60,,29,34.01846944,-117.509958330,0,42,0,0,1,1,4,0,3,10,0,10,0,0000000,99,99,99,99,99,99,0,0,0,1,1
6,60082,1,1,0,1,71,0,19,1,2010,3,8,15,0,13,3,SR-189,,174,34.24786944,-117.204800000,0,1,0,0,1,1,4,0,1,10,0,10,0,0000000,99,99,99,99,88,88,0,0,0,1,0
6,60083,1,1,0,1,97,0,19,1,2010,3,8,25,0,2,3,SR-12,,325,38.34941111,-122.498938890,0,30,0,0,1,1,4,0,1,2,0,2,0,0000000,99,99,99,99,99,99,0,0,0,1,0
6,60084,1,1,0,2,71,0,1,1,2010,6,16,10,0,2,3,SR-18,,742,34.44370000,-116.956538890,0,1,0,0,1,1,1,0,1,1,0,1,0,0000000,99,99,99,99,99,98,0,0,0,1,0
6,60085,1,1,0,1,19,1370,15,1,2010,6,1,35,0,14,6,N FIGARDEN DR,,0,36.82474444,-119.870411110,0,33,0,0,1,1,3,0,3,5,0,5,0,0000000,99,99,99,99,88,88,0,0,0,1,1
6,60086,2,2,0,5,87,0,1,1,2010,6,4,13,0,2,3,SR-17,,11,37.00485000,-122.020700000,0,12,2,0,1,1,1,0,2,1,0,1,0,0000000,99,99,99,99,99,99,0,0,0,1,0
6,60087,2,1,1,1,37,1015,24,1,2010,1,23,55,1,12,3,SR-60,,224,33.99881111,-117.854438890,0,14,0,0,1,1,2,0,3,1,0,1,0,0000000,99,99,99,99,88,88,0,0,0,1,0
6,60088,2,2,0,6,31,1540,25,1,2010,2,18,58,1,12,3,SR-198,,169,36.31833056,-119.674111110,0,12,1,0,1,1,1,0,2,10,0,10,0,0000000,99,99,99,99,99,99,19,0,0,1,0
6,60089,2,2,0,3,37,1980,26,1,2010,3,10,55,0,14,6,PLUMMER ST,DARBY AVE,0,34.24263611,-118.533875000,0,12,6,0,2,2,1,0,1,10,0,10,0,0000000,99,99,99,99,99,99,0,0,0,1,0
6,60090,2,2,0,3,107,0,20,1,2010,4,19,5,0,4,4,ROAD 204,,0,36.28056944,-119.117988890,0,12,2,0,1,1,1,0,2,2,0,2,0,0000000,99,99,99,99,99,99,0,0,0,1,1
6,60091,1,1,0,2,21,0,23,1,2010,7,5,30,1,1,1,I-5,,120,39.55501667,-122.215175000,0,24,0,0,1,1,3,0,2,10,0,10,0,0000000,99,99,99,99,99,99,0,0,0,1,0
6,60092,2,2,0,2,59,2560,24,1,2010,1,9,12,0,16,6,E SANTIAGO CYN RD,,0,33.79705278,-117.765155560,0,12,2,0,1,1,1,0,1,1,0,1,0,0000000,99,99,99,99,99,99,0,0,0,1,0
6,60093,1,1,1,2,19,1370,24,1,2010,1,19,9,0,14,6,E BELMONT AVE,,0,36.75035278,-119.781247220,0,8,0,0,1,1,1,0,3,1,0,1,0,0000000,99,99,99,99,99,99,0,0,0,1,0
6,60094,1,1,1,2,71,4291,24,1,2010,1,20,2,1,13,3,SR-62,,107,34.12001944,-116.443772220,0,8,0,0,1,1,1,0,3,1,0,1,0,0000000,99,99,99,99,88,88,0,0,0,1,0
6,60095,1,1,1,1,73,1080,24,1,2010,1,21,33,0,2,3,SR-125,,209,32.81828889,-117.001288890,0,8,0,0,1,1,1,0,2,1,0,1,0,0000000,99,99,99,99,88,88,0,0,0,1,0
6,60096,1,1,1,1,73,0,5,1,2010,3,17,35,0,3,4,HWY 8,,0,32.83693333,-116.898605560,0,8,0,0,1,1,1,0,2,1,0,1,0,0000000,99,99,99,99,99,99,0,0,0,1,0
6,60097,2,2,0,2,37,1871,8,1,2010,6,3,0,1,11,1,I-405,,170,33.87746111,-118.345388890,0,12,6,0,1,1,1,0,2,1,0,1,0,0000000,99,99,99,99,88,88,0,0,0,1,0
6,60098,1,1,1,5,59,1780,9,1,2010,7,18,34,0,13,3,SR-133,,12,33.55441389,-117.775197220,0,8,0,0,1,1,1,0,3,1,0,1,0,0000000,99,99,99,99,99,99,0,0,0,1,0
6,60099,1,1,1,1,37,1980,12,1,2010,3,5,50,0,15,6,WILBUR AVE,,0,34.19211111,-118.544761110,0,8,0,0,1,1,1,0,3,1,0,1,0,0000000,99,99,99,99,99,99,0,0,0,1,0
6,60100,2,2,0,3,65,0,17,1,2010,1,12,50,0,2,3,SR-243,,3,33.70535000,-116.729533330,0,1,0,0,1,1,1,0,1,1,0,1,0,0000000,99,99,99,99,99,99,0,0,0,1,0
6,60101,2,2,0,2,7,0,19,1,2010,3,14,0,0,5,4,LUMPKIN RD,,0,39.59375000,-121.269727780,0,12,2,0,1,1,1,0,1,2,0,2,0,0000000,99,99,99,99,88,88,0,0,0,1,0
6,60102,1,1,1,1,73,3260,21,1,2010,5,18,40,0,16,6,SHAWLINE ST,,0,32.83081389,-117.163819440,0,8,0,0,1,1,1,0,2,10,0,10,0,0000000,99,99,99,99,99,99,0,0,0,1,0
6,60103,2,2,0,4,37,1980,24,1,2010,1,20,10,0,13,6,MLK BL,NORMANDIE BL,0,34.01087500,-118.300186110,0,12,6,0,2,2,1,0,3,1,0,1,0,0000000,99,99,99,99,99,99,0,0,0,1,1
6,60104,1,1,1,1,37,1980,27,1,2010,4,8,20,0,14,6,3RD ST,KENMORE AVE,0,34.06904167,-118.296519440,0,8,0,0,3,2,1,0,1,1,0,1,0,0000000,99,99,99,99,99,99,0,0,0,1,0
6,60105,1,1,1,2,1,0,27,1,2010,4,20,16,0,3,4,CASTRO VALLEY BL,,0,37.69933889,-122.030350000,0,8,0,0,1,1,1,0,2,10,0,10,0,0000000,99,99,99,99,88,88,0,0,0,1,0
6,60106,1,1,0,1,37,0,28,1,2010,5,2,48,0,6,4,WHITTIER BL,,0,34.02210833,-118.165316670,0,33,0,0,1,1,4,0,3,1,0,1,0,0000000,99,99,99,99,99,99,20,0,0,1,0
6,60107,2,2,1,3,59,1380,28,1,2010,5,20,2,0,13,6,ORANGETHORPE AVE,VINE AVE,0,33.85912500,-117.974338890,0,8,0,0,3,3,1,0,3,1,0,1,0,0000000,99,99,99,99,99,99,0,0,0,1,0
6,60108,1,1,1,1,59,0,28,1,2010,5,21,22,0,13,3,SR-1,9TH ST,303,33.71598056,-118.068169440,0,8,0,0,3,3,1,0,3,1,0,1,0,0000000,99,99,99,99,88,88,0,0,0,1,0
6,60109,1,1,1,1,99,0,29,1,2010,6,0,59,0,2,3,SR-108,,351,37.75300000,-120.900150000,0,8,0,0,1,1,1,0,2,1,0,1,0,0000000,99,99,99,99,88,88,0,0,0,1,1
6,60110,1,1,1,1,85,3790,17,1,2010,1,21,47,1,12,2,US-101,,438,37.39071944,-121.994169440,0,8,0,0,1,1,1,0,2,10,0,10,0,0000000,99,99,99,99,88,88,0,0,0,1,0
6,60111,1,1,0,1,53,0,21,1,2010,5,19,46,1,2,2,US-101,,71,35.85673889,-120.805988890,0,18,0,0,1,1,1,0,2,2,0,2,0,0000000,99,99,99,99,99,99,0,0,0,1,0
6,60112,1,1,0,1,77,1,21,1,2010,5,22,18,1,12,3,SR-99,,13,37.74310000,-121.127680560,0,21,0,0,1,1,4,0,2,2,0,2,0,0000000,99,99,99,99,99,99,0,0,0,1,0
6,60113,2,2,0,3,65,0,23,1,2010,7,22,57,1,2,3,SR-15,,354,33.88933333,-117.070441670,0,12,2,0,1,1,1,0,2,1,0,1,0,0000000,99,99,99,99,99,99,0,0,0,2,1
6,60114,1,1,0,1,61,3080,24,1,2010,1,0,10,1,11,1,I-80 RAMP,,43,38.72260000,-121.293000000,0,42,0,1,5,1,4,0,2,2,0,2,0,0000000,99,99,99,99,88,88,0,0,0,1,1
6,60115,2,2,0,2,73,0,26,1,2010,3,14,30,0,12,3,SR-67,,83,32.89495000,-116.932619440,0,12,2,0,1,1,1,0,1,10,0,10,0,0000000,99,99,99,99,99,99,0,0,0,1,0
6,60116,2,2,0,2,37,1980,29,1,2010,6,10,0,0,13,6,SEPULVEDA BL,,0,34.27469167,-118.467941670,0,12,6,0,8,1,1,0,1,1,0,1,0,0000000,99,99,99,99,99,99,0,0,0,1,0
6,60117,1,1,1,1,73,4060,29,1,2010,6,19,8,0,15,6,THILBODO RD,,0,33.17585000,-117.227258330,0,15,0,0,1,1,1,0,5,1,0,1,0,0000000,99,99,99,99,99,99,0,0,0,1,0
6,60118,4,4,0,8,37,1980,31,1,2010,1,16,17,1,12,3,SR-134,,1,34.15291944,-118.375911110,0,12,6,0,1,1,1,0,1,1,0,1,0,0000000,99,99,99,99,99,99,0,0,0,1,0
6,60119,2,1,0,2,37,3686,31,1,2010,1,21,23,0,14,6,GARVEY AVE,,0,34.06260556,-118.062063890,0,33,0,0,1,1,4,0,3,1,0,1,0,0000000,99,99,99,99,99,99,0,0,0,1,0
6,60120,1,1,1,1,85,2000,1,2,2010,2,8,50,0,14,6,LARK AVE,GARDEN HILL DR,0,37.25037500,-121.961275000,0,59,0,0,2,2,4,0,1,10,0,10,0,0000000,99,99,99,99,99,99,0,0,0,1,0
6,60121,2,1,0,1,59,0,8,1,2010,6,22,13,0,6,4,BRIMHALL DR,OAK WAY DR,0,33.77942778,-118.079936110,0,1,0,0,2,3,1,0,3,1,0,1,0,0000000,99,99,99,99,99,99,0,0,0,1,1
6,60122,2,2,0,5,107,0,12,1,2010,3,19,25,0,4,4,AVENUE 168,ROAD 152,0,36.09469444,-119.232308330,0,12,6,0,2,2,1,0,3,1,0,1,0,0000000,99,99,99,99,99,99,0,0,0,3,1
6,60123,1,1,0,2,65,1160,17,1,2010,1,17,23,0,15,6,SUMMERHILL DR,,0,33.66784444,-117.293852780,0,33,0,0,1,1,4,0,3,2,0,2,0,0000000,99,99,99,99,99,99,0,0,0,1,1
6,60124,1,1,0,1,19,0,26,1,2010,3,16,45,0,6,4,LEONARD AVE,,0,36.59508056,-119.637572220,0,11,0,0,1,1,1,0,5,10,0,10,0,0000000,99,99,99,99,88,88,0,0,0,1,0
6,60125,1,1,1,1,59,3558,29,1,2010,6,5,49,0,13,3,SR-1,BOLSA AVE,332,33.74495556,-118.103797220,0,8,0,0,3,2,1,0,3,1,0,1,0,0000000,99,99,99,99,99,99,0,0,0,1,0
6,60126,1,1,1,1,61,0,31,1,2010,1,12,13,0,2,3,SR-174,,21,39.12115556,-120.954152780,0,9,0,0,1,1,1,0,1,1,0,1,0,0000000,99,99,99,99,99,99,0,0,0,1,0
6,60127,2,2,0,2,37,1840,31,1,2010,1,13,30,1,2,3,SR-14 RAMP,AVENUE I,688,34.70402778,-118.169313890,0,12,6,1,2,2,1,0,1,1,0,1,0,0000000,99,99,99,99,99,99,0,0,0,1,0
6,60128,1,1,1,1,37,1980,2,2,2010,3,19,10,0,16,6,WIT PL,MANZANITA ST,0,34.09350000,-118.280836110,0,8,0,0,2,3,1,0,3,1,0,1,0,0000000,99,99,99,99,88,88,0,0,0,1,0
6,60129,1,1,1,1,29,3840,29,1,2010,6,18,49,0,14,6,CURRY ST,D ST,0,35.12905000,-118.449786110,0,8,0,0,3,2,1,0,3,1,0,1,0,0000000,99,99,99,99,99,99,0,0,0,1,1
6,60130,1,1,1,1,71,680,27,1,2010,4,14,30,0,14,6,KIMBALL AVE,,0,33.96749444,-117.663230560,0,9,0,0,1,1,1,0,1,1,0,1,0,0000000,99,99,99,99,99,99,0,0,0,1,0
6,60131,1,1,1,1,37,1045,2,2,2010,3,5,17,1,11,1,I-5,,71,33.94489167,-118.099380560,0,8,0,0,1,1,1,0,2,10,0,10,0,0000000,99,99,99,99,99,98,0,0,0,1,0
6,60132,3,2,0,2,37,1980,4,2,2010,5,10,0,0,13,6,WOODLEY AVE,GAULT ST,0,34.19925556,-118.483686110,0,12,6,0,2,2,1,0,1,1,0,1,0,0000000,99,99,99,99,99,99,0,0,0,1,0
6,60133,2,2,0,5,113,0,4,2,2010,5,12,20,0,5,4,CR-89,,0,38.64295278,-121.971588890,0,12,2,0,1,1,1,0,1,10,0,10,0,0000000,99,99,99,99,99,99,0,0,0,2,0
6,60134,1,1,1,3,99,0,4,2,2010,5,18,10,0,3,4,W SERVICE RD,,0,37.58009167,-121.009083330,0,9,0,0,1,1,1,0,2,2,0,2,0,0000000,99,99,99,99,88,88,0,0,0,1,0
6,60135,1,1,0,1,77,0,1,2,2010,2,21,20,0,6,4,WING LEVEE RD,,0,37.85883056,-121.377150000,0,42,0,0,1,1,5,0,2,10,0,10,0,0000000,99,99,99,99,88,88,0,0,0,1,0
6,60136,1,1,0,1,101,0,2,2,2010,3,2,0,0,4,4,PLEASANT GROVE RD,,0,38.99226944,-121.490438890,0,1,0,0,1,1,5,0,2,1,0,1,0,0000000,99,99,99,99,88,88,20,0,0,1,0
6,60137,1,1,0,1,37,1970,2,2,2010,3,7,30,1,12,3,SR-91 RAMP,,114,33.87390833,-118.195575000,0,23,0,0,5,1,4,0,1,10,0,10,0,0000000,99,99,99,99,88,88,0,0,0,1,0
6,60138,2,2,0,2,67,3150,4,2,2010,5,9,31,0,13,6,FOLSOM BL,,0,38.54783056,-121.387294440,0,12,2,0,1,1,1,0,1,10,0,10,0,0000000,99,99,99,99,99,99,0,0,0,1,0
6,60139,2,2,1,3,37,1970,4,2,2010,5,21,33,0,13,6,7TH ST,,0,33.77504444,-118.113583330,0,8,0,0,1,1,1,0,2,10,0,10,0,0000000,99,99,99,99,88,88,0,0,0,1,0
6,60140,4,1,1,3,19,1370,4,2,2010,5,21,48,0,14,6,N BLACKSTONE AVE,,0,36.79217222,-119.790608330,0,8,0,0,1,1,4,0,3,2,0,2,0,0000000,99,99,99,99,99,99,0,0,0,1,1
6,60141,1,1,0,1,81,463,5,2,2010,6,3,32,1,12,2,US-101,,248,37.68991944,-122.391238890,0,42,0,0,1,1,5,0,2,10,0,10,0,0000000,99,99,99,99,88,88,0,0,0,1,1
6,60142,1,1,0,4,71,1603,17,1,2010,1,2,23,0,14,6,I AVENUE,,0,34.40391667,-117.285480560,0,59,0,0,1,1,4,0,2,1,0,1,0,0000000,99,99,99,99,99,99,0,0,0,2,1
6,60143,1,1,1,1,37,1980,18,1,2010,2,5,35,0,13,3,SR-1,,369,34.02731389,-118.517911110,0,8,0,0,1,1,1,0,3,10,0,10,0,0000000,99,99,99,99,99,99,0,0,0,1,0
6,60144,2,2,0,4,73,0,22,1,2010,6,16,20,1,2,3,SR-94,,164,32.72826667,-116.928563890,0,12,2,0,1,1,1,0,1,10,0,10,0,0000000,99,99,99,99,99,99,0,0,0,1,0
6,60145,1,1,1,1,37,1550,22,1,2010,6,20,4,0,13,6,CRENSHAW BL,,0,33.92616667,-118.326616670,0,8,0,0,1,1,1,0,3,2,0,2,0,0000000,99,99,99,99,99,99,0,0,0,1,0
6,60146,2,2,0,2,19,0,26,1,2010,3,9,20,0,3,4,FRUIT AVE,BARSTOW AVE,0,36.81556667,-119.817391670,0,12,6,0,2,2,1,0,1,10,0,10,0,0000000,99,99,99,99,99,99,0,0,0,1,0
6,60147,1,1,1,1,97,3490,27,1,2010,4,18,19,0,14,6,W COLLEGE AVE,LINK LN,0,38.44562778,-122.734183330,0,8,0,0,3,3,1,0,3,10,0,10,0,0000000,99,99,99,99,99,99,0,0,0,1,0
6,60148,1,1,0,1,13,0,31,1,2010,1,14,0,0,6,4,MARSH CRK RD,,0,37.89072222,-121.790141670,0,38,0,0,1,1,4,0,1,1,0,1,0,0000000,99,99,99,99,99,99,0,0,0,1,1
6,60149,2,2,0,4,59,4130,5,2,2010,6,18,14,0,16,6,MAGNOLIA ST,HEIL AVE,0,33.72301667,-117.971963890,0,12,6,0,2,2,1,0,3,10,2,2,0,0000000,99,99,99,99,99,99,0,0,0,1,0
6,60150,1,1,2,1,65,1801,5,2,2010,6,19,54,0,14,6,MISSION TRL,,0,33.65411111,-117.297161110,0,8,0,0,1,1,1,0,3,10,2,2,0,0000000,99,99,99,99,88,88,0,0,0,1,0
6,60151,2,2,0,3,37,0,5,2,2010,6,21,40,1,11,1,I-5,,480,34.34126667,-118.524241670,0,12,7,0,1,1,1,0,2,10,2,2,0,0000000,99,99,99,99,99,99,0,0,0,1,0
6,60152,2,2,0,2,29,0,2,2,2010,3,7,12,0,2,3,SR-43,POND RD,335,35.71758056,-119.330386110,0,12,6,0,2,2,1,0,1,5,0,5,0,0000000,99,99,99,99,88,88,0,0,0,1,0
6,60153,1,1,1,1,23,1220,5,2,2010,6,5,22,1,13,2,US-101,,801,40.83500000,-124.081800000,0,8,0,0,1,1,1,0,2,10,0,10,0,0000000,99,99,99,99,88,88,0,0,0,1,0
6,60154,2,2,0,3,9,0,5,2,2010,6,15,27,0,2,3,SR-4,,19,37.94193056,-120.735755560,0,12,2,0,1,1,1,0,1,10,0,10,0,0000000,99,99,99,99,99,99,0,0,0,1,0
6,60155,1,1,1,1,73,3260,7,2,2010,1,0,27,0,16,6,ROSECRANS ST,,0,32.72567222,-117.228294440,0,9,0,0,1,1,1,0,3,10,0,10,0,0000000,99,99,99,99,88,88,0,0,0,1,0
6,60156,2,2,1,5,73,2340,7,2,2010,1,0,30,1,11,1,I-805,,95,32.66611389,-117.079883330,0,8,0,0,1,1,1,0,3,10,0,10,0,0000000,99,99,99,99,88,88,0,0,0,1,1
6,60157,2,2,0,2,59,1660,7,2,2010,1,1,52,0,14,6,HEIL,BRADBURY,0,33.72248333,-118.021897220,0,12,2,0,2,3,1,0,3,10,0,10,0,0000000,99,99,99,99,99,98,0,0,0,1,1
6,60158,2,2,0,3,29,240,2,2,2010,3,19,52,0,14,6,ASHE RD,PANAMA LN,0,35.29603889,-119.074480560,0,12,6,0,2,2,1,0,3,10,0,10,0,0000000,99,99,99,99,99,99,0,0,0,1,1
6,60159,1,1,1,1,85,2660,3,2,2010,4,21,30,0,16,6,PALM DR,MUSUEM WAY,0,37.43250833,-122.168533330,0,9,0,0,2,2,1,0,3,10,0,10,0,0000000,99,99,99,99,99,99,0,0,0,1,0
6,60160,1,1,1,1,37,1980,6,2,2010,7,20,27,0,14,6,AVENUE F,,0,34.74732500,-118.205380560,0,8,0,0,1,1,1,0,3,10,0,10,0,0000000,99,99,99,99,99,99,0,0,0,1,0
6,60161,1,1,1,2,95,4020,6,2,2010,7,22,0,1,2,3,SR-37,,81,38.12260556,-122.274541670,0,8,0,0,1,1,1,0,3,1,0,1,0,0000000,99,99,99,99,99,99,0,0,0,1,0
6,60162,1,1,0,1,67,0,6,2,2010,7,22,10,0,4,4,ALTA MESA RD,,0,38.32119167,-121.223897220,0,35,0,0,1,1,5,0,2,10,0,10,0,0000000,99,99,99,99,99,99,0,0,0,1,1
6,60163,1,1,0,1,71,3210,7,2,2010,1,2,2,0,13,6,HIGHLAND AVE,,0,34.13590833,-117.334305560,0,33,0,0,1,1,3,0,2,1,0,1,0,0000000,99,99,99,99,99,99,0,0,0,1,1
6,60164,2,2,0,6,111,0,7,2,2010,1,9,56,0,5,4,BRIGGS RD,SANTA PAULA ST,0,34.33323056,-119.110980560,0,12,6,0,2,2,1,0,1,1,0,1,0,0000000,99,99,99,99,99,99,0,0,0,2,0
6,60165,1,1,1,3,37,4069,7,2,2010,1,15,45,0,13,6,TEMPLE AVE,WESLEYAN AVE,0,34.04038333,-117.858102780,0,15,0,0,3,3,1,0,1,1,0,1,0,0000000,99,99,99,99,99,99,0,0,0,1,0
6,60166,1,1,1,1,1,0,7,2,2010,1,17,40,0,2,4,HESPERIAN BLVD,W A ST,0,37.66506944,-122.118911110,0,8,0,0,3,1,1,0,5,1,0,1,0,0000000,99,99,99,99,99,99,0,0,0,1,0
6,60167,1,1,0,2,29,0,7,2,2010,1,20,0,0,6,4,OLD KERN RIV CYN RD,,0,35.57688056,-118.556400000,0,1,0,0,1,1,5,0,2,1,0,1,0,0000000,99,99,99,99,99,99,0,0,0,1,1
6,60168,1,1,1,1,61,0,13,1,2010,4,17,40,0,2,3,SR-94,,58,38.93478056,-121.093069440,0,8,0,0,1,1,1,0,3,1,0,1,0,0000000,99,99,99,99,99,99,0,0,0,1,0
6,60169,2,2,0,2,57,0,23,1,2010,7,8,20,0,3,4,BRUNSWICK RD,,0,39.21456944,-121.019138890,0,12,8,0,1,1,1,0,1,4,0,4,0,0000000,99,99,99,99,99,99,0,0,0,1,0
6,60170,2,1,0,1,37,1980,23,1,2010,7,14,30,0,15,6,FALLBROOK AVE,,0,34.18322500,-118.623372220,0,14,0,0,1,1,7,0,1,10,0,10,0,0000000,99,99,99,99,88,88,0,0,0,1,0
6,60171,1,1,1,1,65,2650,23,1,2010,7,20,3,0,16,6,RACQUET CLUB RD,,0,33.85215000,-116.524847220,0,8,0,0,1,1,1,0,2,1,0,1,0,0000000,99,99,99,99,99,99,0,0,0,1,0
6,60172,1,1,0,5,107,3920,24,1,2010,1,5,1,0,14,6,MOONEY BL,,0,36.18601667,-119.313736110,0,59,0,0,1,1,4,0,3,1,0,1,0,0000000,99,99,99,99,99,99,0,0,0,1,1
6,60173,1,1,0,1,61,3110,24,1,2010,1,4,31,0,13,6,PLEASANT GROVE RD,CHAMBOD DR,0,38.78172222,-121.287430560,0,17,0,0,3,3,4,0,3,10,0,10,0,0000000,99,99,99,99,99,99,0,0,0,1,0
6,60174,1,1,0,2,99,0,24,1,2010,1,6,17,0,2,4,HATCH ROAD,,0,37.60656111,-121.027530560,0,42,0,0,1,1,3,0,2,1,0,1,0,0000000,99,99,99,99,99,99,0,0,0,1,1
6,60175,1,1,0,1,73,0,24,1,2010,1,10,28,0,2,3,SR-76,,338,33.29618056,-116.970811110,0,38,0,0,1,1,4,0,1,1,0,1,0,0000000,99,99,99,99,99,99,0,0,0,1,0
6,60176,1,1,0,1,37,1970,27,1,2010,4,0,1,0,13,6,WILLOW STREET,,0,33.80482500,-118.220616670,0,38,0,0,1,1,4,0,3,1,0,1,0,0000000,99,99,99,99,88,88,0,0,0,1,1
6,60177,1,1,0,1,75,3290,31,1,2010,1,4,15,1,11,1,I-80,,45,37.77335556,-122.406538890,0,20,0,1,19,1,8,0,3,1,0,1,0,0000000,99,99,99,99,99,99,0,0,0,1,1
6,60178,2,2,0,2,73,0,30,1,2010,7,12,28,0,2,3,SR-78,PAYSON DR,573,33.07803056,-116.610830560,0,12,2,0,2,3,1,0,1,1,0,1,0,0000000,99,99,99,99,88,88,0,0,0,1,0
6,60179,1,1,1,1,65,250,30,1,2010,7,12,30,0,14,6,W RAMSEY ST,,0,33.92579444,-116.903430560,0,8,0,0,1,1,1,0,1,1,0,1,0,0000000,99,99,1,10,88,88,0,0,0,1,0
6,60180,1,1,0,4,85,2000,31,1,2010,1,2,3,0,14,6,LOS GATOS BL,,0,37.23003889,-121.965719440,0,33,0,0,1,1,3,0,3,1,0,1,0,0000000,99,99,99,99,99,99,0,0,0,1,0
6,60181,2,2,0,4,37,1980,31,1,2010,1,12,5,0,14,6,SOTO ST,CITY VIEW AVE,0,34.05068056,-118.205355560,0,1,0,0,2,3,1,0,1,1,0,1,0,0000000,99,99,99,99,99,99,0,0,0,1,0
6,60182,2,2,0,2,77,3770,7,2,2010,1,21,6,1,13,6,MLK BLVD,,0,37.94731111,-121.248722220,0,12,2,0,1,1,1,0,2,1,0,1,0,0000000,99,99,99,99,99,99,0,0,0,1,2
6,60183,1,1,1,2,89,2950,8,2,2010,2,4,12,1,11,1,I-5,,150,40.57895556,-122.360358330,0,8,0,0,1,1,1,0,2,1,0,1,0,0000000,99,99,99,99,88,88,0,0,0,1,0
6,60184,1,1,1,1,37,1970,8,2,2010,2,6,38,0,14,6,WARDLOW RD,SANTA FE AVE,0,33.82429444,-118.215647220,0,8,0,0,3,2,1,0,4,1,0,1,0,0000000,99,99,99,99,88,88,0,0,0,1,0
6,60185,1,1,0,1,65,850,8,2,2010,2,99,99,0,2,3,SR-91 RAMP,,417,33.88331944,-117.547319440,0,42,0,1,5,1,5,0,2,1,0,1,0,0000000,99,99,99,99,88,88,0,0,0,1,1
6,60186,3,2,0,3,37,305,9,2,2010,3,0,26,0,13,6,ALONDRA BL,BLAINE AVE,0,33.88913889,-118.126394440,0,12,1,0,3,3,1,0,3,1,0,1,0,0000000,99,99,99,99,99,99,0,0,0,1,1
6,60187,1,1,1,3,75,3290,9,2,2010,3,13,38,0,13,6,OCEAN AVE,MIRAMAR AVE,0,37.72424722,-122.458125000,0,8,0,0,3,2,1,0,1,1,0,1,0,0000000,99,99,99,99,88,88,0,0,0,1,0
6,60188,2,2,0,5,97,0,6,2,2010,7,22,55,0,2,3,SR-12,,304,38.37430000,-122.513780560,0,12,2,0,1,1,1,0,2,2,5,2,0,0000000,99,99,99,99,99,99,0,0,0,1,1
6,60189,2,2,0,5,19,0,8,2,2010,2,18,20,0,4,4,GOODFELLOW AVE,,0,36.67008889,-119.534233330,0,12,2,0,1,1,1,0,2,10,0,10,0,0000000,99,99,99,99,99,99,0,0,0,1,0
6,60190,1,1,0,1,99,2200,8,2,2010,2,21,29,0,13,6,I ST,,157,37.63656111,-121.003000000,0,43,0,0,1,1,4,0,3,2,0,2,0,0000000,99,99,99,99,99,99,0,0,0,1,1