STATE,ST_CASE,VE_TOTAL,VE_FORMS,PEDS,PERSONS,COUNTY,CITY,DAY,MONTH,YEAR,DAY_WEEK,HOUR,MINUTE,NHS,ROAD_FNC,ROUTE,TWAY_ID,TWAY_ID2,MILEPT,LATITUDE,LONGITUD,SP_JUR,HARM_EV,MAN_COLL,RELJCT1,RELJCT2,TYP_INT,REL_ROAD,WRK_ZONE,LGT_COND,WEATHER1,WEATHER2,WEATHER,SCH_BUS,RAIL,NOT_HOUR,NOT_MIN,ARR_HOUR,ARR_MIN,HOSP_HR,HOSP_MN,CF1,CF2,CF3,FATALS,DRUNK_DR
6,60191,1,1,1,1,99,2200,12,2,2010,6,17,40,0,13,3,SR-132,WESTERN AVE,276,37.63818889,-120.767144440,0,9,0,0,3,2,1,0,1,10,0,10,0,0000000,99,99,99,99,99,99,0,0,0,1,0
6,60192,1,1,1,1,37,1970,12,2,2010,6,19,22,0,12,3,SR-1,,65,33.78988333,-118.194186110,0,8,0,0,1,1,1,0,3,1,0,1,0,0000000,99,99,99,99,99,99,0,0,0,1,0
6,60193,1,1,0,1,65,0,14,2,2010,1,14,0,1,1,1,I-10 RAMP,,263,33.92108889,-116.709822220,0,33,0,1,5,1,4,0,1,10,0,10,0,0000000,99,99,99,99,99,99,0,0,0,1,1
6,60194,1,1,1,2,45,0,9,2,2010,3,21,10,0,2,3,SR-162,,307,39.81770000,-123.248319440,3,9,0,0,1,1,1,0,2,1,0,1,0,0000000,99,99,99,99,88,88,16,0,0,1,0
6,60195,1,1,0,1,103,0,9,2,2010,3,22,5,0,6,4,PINE CREEK RD,,0,40.16580000,-122.302469440,0,42,0,0,1,1,4,0,2,1,0,1,0,0000000,99,99,99,99,88,88,0,0,0,1,1
6,60196,2,2,0,2,17,0,13,2,2010,7,16,10,0,2,3,SR-193,,106,38.89223056,-120.866838890,0,12,8,0,1,1,1,0,1,10,0,10,0,0000000,16,13,99,99,16,59,0,0,0,1,1
6,60197,2,2,0,3,59,880,14,2,2010,1,2,28,0,14,6,SUNFLOWER AVE,FLOWER ST,0,33.69413889,-117.877002780,0,12,6,0,2,2,1,0,3,1,0,1,0,0000000,99,99,99,99,99,99,0,0,0,1,2
6,60198,2,2,0,5,85,3340,30,1,2010,7,22,20,0,14,6,CHERRY LN,GEOMAX CT,0,37.25836667,-121.878911110,0,12,1,0,2,2,1,0,3,1,0,1,0,0000000,99,99,99,99,88,88,0,0,0,1,2
6,60199,3,3,0,4,67,0,10,2,2010,4,13,45,0,2,3,SR-160,,76,38.11348889,-121.697200000,0,12,2,0,1,1,1,0,1,1,0,1,0,0000000,99,99,99,99,99,99,0,0,0,1,1
6,60200,2,2,0,2,47,0,11,2,2010,5,1,15,1,2,3,SR-99,,356,37.44853056,-120.796800000,0,12,6,1,19,1,2,0,2,1,0,1,0,0000000,99,99,99,99,99,99,0,0,0,1,1
6,60201,1,1,0,1,13,110,11,2,2010,5,13,12,1,12,3,SR-4,,273,37.99806944,-121.815952780,0,41,0,1,19,1,4,0,1,10,0,10,0,0000000,99,99,99,99,99,99,0,0,0,1,0
6,60202,1,1,2,1,25,0,12,2,2010,6,12,30,0,6,4,NELSON PIT RD,,0,32.80383056,-115.314830560,0,8,0,0,1,1,1,0,1,1,0,1,0,0000000,99,99,99,99,99,99,0,0,0,1,0
6,60203,1,1,0,4,77,0,12,2,2010,6,14,25,0,2,4,11TH ST,,0,37.73976944,-121.401125000,0,34,0,0,1,1,4,0,1,10,0,10,0,0000000,99,99,99,99,99,99,0,0,0,1,0
6,60204,2,1,0,3,37,1980,12,2,2010,6,21,25,0,16,6,WYSTONE AVE,,0,34.26070000,-118.547977780,0,33,0,0,1,1,5,0,3,1,0,1,0,0000000,99,99,99,99,88,88,0,0,0,1,0
6,60205,1,1,1,1,101,4280,14,2,2010,1,16,21,0,14,6,WALTON AVE,,0,39.13726667,-121.643886110,0,9,0,0,1,1,1,0,1,1,0,1,0,0000000,99,99,99,99,88,88,0,0,0,1,0
6,60206,1,1,1,1,73,3260,14,2,2010,1,19,11,0,14,6,MARKET ST,,0,32.71162222,-117.124744440,0,8,0,0,1,1,1,0,3,1,0,1,0,0000000,99,99,99,99,99,99,0,0,0,1,0
6,60207,2,2,0,3,9,0,14,2,2010,1,20,5,0,2,3,SR-4,,79,37.98034167,-120.646027780,0,12,2,0,1,1,1,0,2,1,0,1,0,0000000,99,99,99,99,99,99,0,0,0,1,0
6,60208,1,1,1,1,37,810,15,2,2010,2,8,4,0,13,6,COMPTON BLVD,DWIGHT AVE,0,33.89584444,-118.241969440,0,9,0,0,2,2,1,0,1,1,0,1,0,0000000,99,99,99,99,88,88,0,0,0,1,0
6,60209,2,2,0,4,65,1580,12,2,2010,6,17,32,0,14,6,W STETSON AVE,S CAWSTON AVE,0,33.72932222,-117.015336110,0,12,6,0,2,2,1,0,3,1,0,1,0,0000000,99,99,99,99,88,88,0,0,0,1,0
6,60210,1,1,0,1,31,0,15,2,2010,2,18,37,0,6,4,FREMONT AVE,,0,36.36611389,-119.807044440,0,38,0,0,1,1,4,0,2,1,0,1,0,0000000,99,99,99,99,88,88,0,0,0,1,0
6,60211,1,1,1,4,77,0,15,2,2010,2,18,42,1,2,3,SR-88,,15,37.99848056,-121.228950000,0,9,0,0,1,1,1,0,2,1,0,1,0,0000000,99,99,99,99,99,99,0,0,0,1,0
6,60212,2,2,0,5,13,820,15,2,2010,2,19,53,0,13,6,CLAYTON RD,DAVIS AVE,0,37.97251944,-122.017972220,0,12,1,0,3,1,1,0,3,1,0,1,0,0000000,99,99,19,54,99,99,0,0,0,1,1
6,60213,1,1,0,2,65,0,16,2,2010,3,11,10,1,1,1,I-10,,988,33.69066111,-115.506280560,0,24,0,0,1,1,3,0,1,1,0,1,0,0000000,99,99,99,99,99,99,0,0,0,1,0
6,60214,1,1,0,2,25,0,2,2,2010,3,23,5,0,6,4,SERVICE RD,,0,33.28508056,-115.969288890,0,43,0,0,1,1,4,0,2,1,0,1,0,0000000,99,99,99,99,99,99,0,0,0,1,1
6,60215,1,1,0,4,65,0,3,2,2010,4,15,50,1,1,1,I-10,,1312,33.60590000,-114.967038890,0,1,0,0,1,1,3,0,1,1,0,1,0,0000000,99,99,99,99,99,99,0,0,0,1,0
6,60216,1,1,1,2,85,1420,3,2,2010,4,20,11,1,12,2,US-101,,60,37.00111111,-121.556211110,0,8,0,0,1,1,1,0,2,1,0,1,0,0000000,99,99,99,99,99,99,0,0,0,1,0
6,60217,2,2,0,3,17,0,10,2,2010,4,19,0,0,2,3,SR-49,,43,38.60758056,-120.853161110,0,12,6,0,1,1,1,0,2,10,0,10,0,0000000,99,99,99,99,99,99,0,0,0,1,1
6,60218,2,2,0,3,1,2480,10,2,2010,4,23,40,1,11,1,I-880,,329,37.48072222,-122.175316670,0,12,2,0,1,1,1,0,3,1,0,1,0,0000000,99,99,99,99,99,99,0,0,0,1,1
6,60219,1,1,0,2,65,0,27,1,2010,4,3,0,1,2,3,SR-79,,381,33.77047778,-116.958905560,0,35,0,0,1,1,4,0,2,2,0,2,0,0000000,99,99,99,99,99,99,0,0,0,1,1
6,60220,1,1,0,3,85,3340,30,1,2010,7,1,50,1,11,1,I-280 RAMP,,39,37.31221944,-121.914050000,0,35,0,0,5,1,4,0,2,1,0,1,0,0000000,99,99,99,99,0,0,0,0,0,1,1
6,60221,1,1,0,1,77,3880,30,1,2010,7,16,21,0,13,6,TRACY BL,,0,37.74139167,-121.435466670,0,33,0,0,1,1,4,0,1,10,0,10,0,0000000,99,99,99,99,99,99,0,0,0,1,0
6,60222,1,1,0,1,53,0,30,1,2010,7,22,1,1,2,2,US-101,,503,36.29146944,-121.201780560,0,42,0,0,1,1,4,0,2,1,0,1,0,0000000,99,99,99,99,88,88,0,0,0,1,1
6,60223,1,1,1,1,73,0,16,2,2010,3,8,55,0,3,4,LOS COCHES RD,,0,32.84510000,-116.916330560,0,8,0,0,1,1,1,0,1,1,0,1,0,0000000,99,99,99,99,88,88,0,0,0,1,0
6,60224,1,1,1,1,95,0,16,2,2010,3,20,59,1,1,1,I-80,,83,38.17178889,-122.197130560,0,8,0,0,1,1,1,0,3,1,0,1,0,0000000,99,99,99,99,88,88,0,0,0,1,0
6,60225,1,1,1,1,37,1980,17,2,2010,4,14,15,0,14,6,CATALINA ST,SAN MARINO ST,0,34.05451944,-118.294758330,0,15,0,0,2,3,1,0,1,1,0,1,0,0000000,99,99,99,99,99,99,0,0,0,1,0
6,60226,2,2,0,2,29,0,18,2,2010,5,8,7,1,1,1,I-5 RAMP,SR-119,196,35.26710278,-119.221836110,0,12,6,1,2,2,1,0,1,5,0,5,0,0000000,99,99,99,99,88,88,0,0,0,1,0
6,60227,2,2,1,3,67,0,18,2,2010,5,18,17,0,2,4,STOCKTON BLVD,,0,38.48479722,-121.423786110,0,9,0,0,1,1,1,0,3,10,0,10,0,0000000,99,99,99,99,99,99,0,0,0,1,0
6,60228,1,1,1,1,73,3260,8,2,2010,2,12,50,0,16,6,54TH ST,COLLEGE GROVE DR,0,32.73583333,-117.079650000,0,9,0,0,3,2,1,0,1,10,0,10,0,0000000,99,99,99,99,88,88,0,0,0,1,0
6,60229,2,2,0,4,111,0,15,2,2010,2,17,50,0,4,4,BARDSDALE AVE,SESPE ST,0,34.37155833,-118.941994440,0,12,6,0,2,2,1,0,5,1,0,1,0,0000000,99,99,99,99,99,99,0,0,0,1,1
6,60230,1,1,0,1,97,0,17,2,2010,4,1,27,0,3,4,AGUA CALIENTE RD,ARNOLD DR,0,38.32041111,-122.502047220,0,39,0,0,2,2,5,0,3,1,0,1,0,0000000,99,99,99,99,99,99,20,0,0,1,1
6,60231,1,1,0,2,59,1782,17,2,2010,4,8,13,0,16,6,MILL CREEK DR,,0,33.62818056,-117.735158330,0,33,0,0,1,1,4,0,1,1,0,1,0,0000000,99,99,99,99,99,99,0,0,0,1,0
6,60232,2,2,0,3,71,0,19,2,2010,6,14,20,1,12,2,US-95,ZOE LN,555,34.85424167,-114.626713890,0,12,6,0,2,3,1,0,1,1,0,1,0,0000000,99,99,99,99,99,99,0,0,0,2,0
6,60233,1,1,1,1,71,3210,19,2,2010,6,18,54,0,14,6,40TH ST,,0,34.16465000,-117.292736110,0,9,0,0,1,1,1,0,5,1,0,1,0,0000000,99,99,99,99,99,98,0,0,0,1,0
6,60234,6,1,0,2,37,1980,14,2,2010,1,4,31,0,16,6,27TH ST,,0,34.01721944,-118.254775000,0,14,0,0,1,1,2,0,3,1,0,1,0,0000000,99,99,99,99,88,88,14,20,0,2,1
6,60235,2,2,0,9,19,0,14,2,2010,1,6,47,0,6,4,MINNEWAWA AVE,CLAYTON AVE,0,36.64160833,-119.708972220,0,12,6,0,2,2,1,0,1,5,0,5,0,0000000,99,99,99,99,99,99,0,0,0,1,0
6,60236,2,2,0,4,101,0,14,2,2010,1,13,19,0,2,3,SR-99,,415,39.28253056,-121.661397220,0,12,6,0,1,1,2,0,1,1,0,1,0,0000000,99,99,99,99,99,99,0,0,0,1,0
6,60237,2,2,0,4,65,0,14,2,2010,1,13,30,0,2,3,SR-74,,811,33.58466389,-116.445036110,0,12,6,0,1,1,1,0,1,1,0,1,0,0000000,99,99,99,99,99,99,0,0,0,2,0
6,60238,1,1,1,2,7,660,18,2,2010,5,19,53,0,13,6,MANGROVE AVE,PALMETTO AVE,0,39.73783333,-121.835791670,0,8,0,0,2,3,1,0,3,1,0,1,0,0000000,99,99,99,99,99,99,0,0,0,1,0
6,60239,4,1,1,1,73,3260,19,2,2010,6,2,16,0,14,6,MARKET ST,,0,32.71144722,-117.095680560,0,8,0,0,1,1,2,0,3,10,0,10,0,0000000,99,99,99,99,88,88,14,0,0,1,0
6,60240,1,1,1,1,65,0,25,2,2010,5,20,20,0,4,4,CAJALCO RD,,0,33.83718889,-117.286130560,0,8,0,0,1,1,1,0,2,1,0,1,0,0000000,99,99,99,99,99,99,0,0,0,1,0
6,60241,2,2,1,2,73,0,26,2,2010,6,5,43,0,4,4,RECHE RD,,0,33.36931667,-117.221802780,0,8,0,0,1,1,11,0,2,1,0,1,1,0000000,99,99,99,99,88,88,14,0,0,1,0
6,60242,2,2,1,6,37,1980,26,2,2010,6,7,20,0,13,6,SUNSET BLVD,CLIFFWOOD AVE,0,34.05718056,-118.485633330,0,8,0,0,3,2,1,0,1,1,0,1,0,0000000,99,99,99,99,99,99,0,0,0,1,0
6,60243,2,2,0,2,71,790,20,5,2010,5,7,3,0,13,6,RECHE CANYON RD,,0,34.04508611,-117.285361110,0,12,6,0,8,1,1,0,1,1,0,1,0,0000000,99,99,99,99,99,99,0,0,0,1,0
6,60244,2,2,0,3,59,1713,22,2,2010,2,10,35,1,11,1,I-5,,263,33.70690278,-117.779811110,0,39,0,0,1,1,4,0,1,1,0,1,0,0000000,99,99,99,99,99,99,14,0,0,1,1
6,60245,1,1,0,1,25,0,23,2,2010,3,16,35,0,4,4,GENTRY RD,,0,33.07481389,-115.614547220,0,43,0,0,1,1,6,0,1,1,0,1,0,0000000,99,99,99,99,99,99,0,0,0,1,0
6,60246,3,3,2,2,37,1980,24,2,2010,4,21,5,1,12,2,US-101,,168,34.15926944,-118.463775000,0,8,0,0,1,1,1,0,3,2,10,2,0,0000000,99,99,99,99,99,99,0,0,0,1,0
6,60247,1,1,1,1,65,0,25,2,2010,5,19,30,0,4,4,CAJALCO RD,,0,33.83711944,-117.295613890,0,8,0,0,1,1,1,0,2,1,0,1,0,0000000,99,99,99,99,99,99,0,0,0,1,0
6,60248,2,2,0,2,37,1980,18,2,2010,5,22,18,0,14,6,EASTERN AVE,,0,34.07570278,-118.180105560,0,12,6,0,1,1,1,0,3,1,0,1,0,0000000,99,99,99,99,99,99,0,0,0,1,1
6,60249,1,1,1,5,75,3290,27,2,2010,7,2,30,1,11,1,I-80,,47,37.77813056,-122.401927780,0,8,0,0,1,1,1,0,2,10,0,10,0,0000000,99,99,99,99,99,99,0,0,0,1,1
6,60250,2,2,0,7,29,0,27,2,2010,7,19,35,1,2,3,SR-46,,40,35.69661944,-120.135880560,0,12,2,0,1,1,1,0,2,10,0,10,0,0000000,99,99,99,99,99,99,0,0,0,1,0
6,60251,1,1,1,1,13,3010,27,2,2010,7,19,50,1,12,6,RICHMOND PKWY,LAKESIDE DR,0,37.98991111,-122.328658330,0,8,0,0,2,2,1,0,3,1,0,1,0,0000000,99,99,99,99,99,99,0,0,0,1,0
6,60252,2,2,1,2,29,0,28,2,2010,1,1,55,0,3,4,EDISON HWY,,0,35.37095000,-118.966930560,0,8,0,0,1,1,1,0,2,10,0,10,0,0000000,99,99,99,99,99,99,0,0,0,1,0
6,60253,1,1,0,1,13,2090,3,1,2010,1,19,5,0,15,6,MORELLO AVE,,0,37.97853333,-122.098616670,0,33,0,0,1,1,4,0,2,1,0,1,0,0000000,99,99,99,99,88,88,0,0,0,1,1
6,60254,1,1,1,1,47,2150,8,1,2010,6,7,45,1,12,3,SR-140,,384,37.29489722,-120.419038890,0,8,0,0,1,1,1,0,1,5,0,5,0,0000000,99,99,99,99,99,99,0,0,0,1,0
6,60255,1,1,1,1,37,1970,17,1,2010,1,18,13,0,13,6,LONG BEACH BLVD,LOUISE,0,33.85511944,-118.196925000,0,8,0,0,3,2,1,0,3,2,0,2,0,0000000,99,99,99,99,99,99,0,0,0,1,0
6,60256,2,2,0,2,29,0,1,3,2010,2,7,44,1,1,1,I-5,,29,34.85438056,-118.873519440,0,12,1,0,1,1,1,0,1,1,0,1,0,0000000,99,99,99,99,99,99,0,0,0,1,0
6,60257,2,1,1,1,73,3260,2,3,2010,3,11,35,1,12,3,SR-15,,6,32.70138056,-117.120550000,0,14,0,1,19,1,2,0,1,1,0,1,0,0000000,99,99,99,99,99,99,0,0,0,1,0
6,60258,2,2,0,2,37,1980,4,3,2010,5,0,5,0,14,6,5TH ST,MAIN ST,0,34.04629444,-118.248597220,0,12,6,0,2,2,1,0,3,2,0,2,0,0000000,99,99,99,99,88,88,0,0,0,1,1
6,60259,1,1,1,0,37,1980,4,3,2010,5,16,30,0,16,6,BARRYWOOD AVE,,0,33.76561944,-118.296983330,0,8,0,0,8,1,1,0,1,1,0,1,0,0000000,99,99,99,99,99,99,0,0,0,1,0
6,60260,2,2,1,2,37,804,4,3,2010,5,19,54,1,11,1,I-5,,102,33.98026111,-118.129361110,0,8,0,0,1,1,1,0,2,1,0,1,0,0000000,99,99,99,99,88,88,0,0,0,1,0
6,60261,1,1,1,2,77,2070,8,3,2010,2,23,36,1,12,3,SR-99,,64,37.79338056,-121.190338890,0,8,0,0,1,1,1,0,2,1,0,1,0,0000000,99,99,99,99,88,88,0,0,0,1,0
6,60262,1,1,1,1,19,0,9,3,2010,3,5,15,0,4,4,ADAMS AVE,,0,36.63434167,-119.769794440,0,8,0,0,1,1,1,0,2,1,0,1,0,0000000,99,99,99,99,88,88,0,0,0,1,0
6,60263,1,1,2,1,37,1110,9,3,2010,3,17,2,0,14,6,DURFEE AVE,KERWOOD ST,0,34.07439722,-118.006086110,0,8,0,0,3,2,1,0,1,1,0,1,0,0000000,99,99,99,99,99,99,0,0,0,2,0
6,60264,1,1,1,1,67,3150,9,3,2010,3,19,28,0,13,6,NORWOOD AVE,,0,38.64476667,-121.456900000,0,15,0,0,1,1,1,0,3,1,0,1,0,0000000,99,99,99,99,99,99,0,0,0,1,0
6,60265,1,1,1,1,19,1370,9,3,2010,3,20,15,1,12,3,SR-99,,247,36.80133056,-119.877038890,0,8,0,0,1,1,1,0,3,1,0,1,0,0000000,99,99,99,99,88,88,0,0,0,1,0
6,60266,1,1,1,1,7,2680,4,2,2010,5,18,59,0,13,6,SKYWAYDR,JEWELL RD,0,39.74975000,-121.632669440,0,8,0,0,3,3,1,0,2,2,0,2,0,0000000,99,99,99,99,99,99,0,0,0,1,0
6,60267,2,2,0,5,37,2645,4,2,2010,5,21,20,0,13,6,50TH ST E,,0,34.63353056,-118.040841670,0,12,2,0,1,1,1,0,2,1,0,1,0,0000000,99,99,99,99,99,99,0,0,0,1,1
6,60268,1,1,1,1,65,2646,12,2,2010,6,21,55,0,14,6,COOK STREET,,0,33.74089444,-116.356369440,0,8,0,0,1,1,1,0,3,1,0,1,0,0000000,99,99,99,99,88,88,0,0,0,1,0
6,60269,1,1,0,1,59,1713,13,2,2010,7,1,31,0,14,6,ALTON PKWY,,0,33.67091111,-117.790888890,0,33,0,0,1,1,4,0,3,1,0,1,0,0000000,99,99,99,99,88,88,0,0,0,1,1
6,60270,1,1,0,1,107,0,13,2,2010,7,99,99,0,4,4,MTN RD 99,,0,35.80893889,-118.453344440,0,17,0,0,1,1,4,0,2,1,0,1,0,0000000,99,99,99,99,88,88,0,0,0,1,1
6,60271,1,1,0,1,85,3440,14,2,2010,1,6,0,0,13,6,SAN TOMAS EXPY,,0,37.37346667,-121.966094440,0,42,0,0,1,1,4,0,3,10,0,10,0,0000000,99,99,99,99,88,88,0,0,0,1,1
6,60272,1,1,0,1,37,0,14,2,2010,1,12,0,0,4,4,BOUQUET CANYON RD,,0,34.54753056,-118.433430560,0,42,0,0,1,1,4,0,1,1,0,1,0,0000000,99,99,99,99,99,99,0,0,0,1,0
6,60273,1,1,1,1,99,3950,23,2,2010,3,18,2,0,15,6,N OLIVE AVE,WAYSIDE DR,0,37.50523333,-120.839911110,0,8,0,0,3,2,1,0,3,2,0,2,0,0000000,99,99,99,99,99,99,0,0,0,1,0
6,60274,1,1,1,1,29,240,23,2,2010,3,19,14,0,13,6,GOSFORD FORD,,0,35.31568611,-119.092300000,0,8,0,0,1,1,1,0,3,10,0,10,0,0000000,99,99,99,99,99,99,0,0,0,1,1
6,60275,1,1,0,1,65,1801,12,2,2010,6,1,45,0,13,6,RAILROAD CANYON RD,,0,33.66349722,-117.268066670,0,35,0,0,1,1,4,0,3,1,0,1,0,0000000,99,99,99,99,99,99,0,0,0,1,1
6,60276,2,2,0,2,73,0,12,2,2010,6,6,0,1,1,1,I-8,,338,32.83851111,-116.690380560,0,12,1,0,1,1,1,0,2,10,0,10,0,0000000,99,99,99,99,99,99,0,0,0,1,0
6,60277,2,1,0,1,81,490,14,2,2010,1,19,38,0,12,3,SR-82,PENINSULA AVE,130,37.57454444,-122.343011110,0,14,0,0,3,1,5,0,3,1,0,1,0,0000000,99,99,99,99,99,99,0,0,0,1,0
6,60278,2,2,0,3,37,1840,17,2,2010,4,10,45,0,14,6,AVENUE L,10TH ST,0,34.66035556,-118.147791670,0,12,6,0,2,2,1,0,1,1,0,1,0,0000000,99,99,99,99,99,99,0,0,0,1,0
6,60279,1,1,0,3,25,520,18,2,2010,5,8,36,0,13,6,W 2ND ST,,0,32.66601944,-115.503025000,0,52,0,0,1,1,4,0,1,1,0,1,0,0000000,99,99,99,99,99,99,0,0,0,1,0
6,60280,1,1,0,2,19,0,18,2,2010,5,10,45,0,4,6,AUBERRY RD,,0,37.00710000,-119.585880560,0,1,0,0,1,1,4,0,1,1,0,1,0,0000000,99,99,99,99,99,99,0,0,0,1,0
6,60281,2,2,0,6,37,0,24,1,2010,1,21,28,1,1,1,I-210,,297,34.14858889,-118.069800000,0,12,1,0,1,1,1,0,2,1,0,1,0,0000000,99,99,99,99,99,99,19,23,0,1,1
6,60282,1,1,1,1,37,1980,15,2,2010,2,19,50,1,12,2,US-101,,62,34.09810000,-118.314430560,0,8,0,0,1,1,1,0,3,1,0,1,0,0000000,99,99,99,99,88,88,0,0,0,1,1
6,60283,3,3,0,3,33,0,16,2,2010,3,19,55,1,2,3,SR-20,,54,39.16508056,-122.965461110,0,12,2,0,1,1,1,0,2,1,0,1,0,0000000,99,99,99,99,99,99,0,0,0,1,1
6,60284,1,1,0,1,73,2510,22,1,2010,6,17,20,0,16,6,HENIE HILLS DR,,0,33.19512500,-117.323966670,0,39,0,0,1,1,4,0,5,2,0,2,0,0000000,99,99,99,99,99,99,0,0,0,1,1
6,60285,1,1,1,1,65,3070,24,1,2010,1,13,15,0,14,6,BLAINE ST,,0,33.98301944,-117.337322220,0,8,0,0,1,1,1,0,1,1,0,1,0,0000000,99,99,99,99,99,99,0,0,0,1,0
6,60286,2,2,0,3,19,0,24,1,2010,1,15,30,0,2,3,SR-145,MCKINLEY AVE,372,36.76408611,-120.060119440,0,12,6,0,2,2,1,0,1,10,0,10,0,0000000,99,99,99,99,99,99,0,0,0,1,2
6,60287,2,2,0,4,59,1713,5,2,2010,6,21,46,1,11,1,I-5,,262,33.70723056,-117.779669440,0,12,6,0,1,1,1,0,3,2,0,2,0,0000000,99,99,99,99,99,99,0,0,0,1,0
6,60288,2,2,0,6,107,0,6,2,2010,7,0,1,0,2,3,SR-137,,8,36.12709444,-119.526369440,0,12,2,0,1,1,1,0,2,10,0,10,0,0000000,99,99,99,99,99,99,0,0,0,1,2
6,60289,3,3,0,4,81,3390,6,2,2010,7,2,30,1,12,2,US-101,,143,37.57955556,-122.323597220,0,39,0,0,1,1,4,0,3,10,2,2,0,0000000,99,99,99,99,99,99,0,0,0,1,1
6,60290,1,1,0,2,37,1695,6,2,2010,7,4,40,1,12,3,SR-60,,128,34.02912778,-118.009569440,0,33,0,0,1,1,4,0,2,2,0,2,0,0000000,99,99,99,99,88,88,0,0,0,2,0
6,60291,3,3,0,3,71,2922,6,2,2010,7,4,50,1,11,1,I-15,,77,34.11454167,-117.522447220,0,12,6,0,1,1,1,0,2,10,2,2,0,0000000,99,99,99,99,99,99,0,0,0,1,0
6,60292,2,2,0,4,71,2238,6,2,2010,7,4,54,0,14,6,ORCHARD ST,CENTRAL AVE,0,34.07036667,-117.689633330,0,12,6,0,2,2,1,0,3,2,0,2,0,0000000,99,99,99,99,99,99,20,0,0,2,1
6,60293,3,1,0,5,71,0,6,2,2010,7,7,18,1,1,1,I-15,,223,34.32328056,-117.482219440,0,14,0,0,1,1,3,0,1,2,0,2,0,0000000,99,99,99,99,99,99,0,0,0,2,0
6,60294,1,1,0,1,71,3210,11,3,2010,5,0,8,0,14,6,HIGHLAND AVE,,0,34.13595278,-117.304469440,0,33,0,0,1,1,4,0,3,1,0,1,0,0000000,99,99,99,99,88,88,20,0,0,1,1
6,60295,2,2,0,5,59,3351,15,1,2010,6,14,17,1,11,1,I-5,,107,33.51735000,-117.664019440,0,12,7,0,1,1,1,0,1,1,0,1,0,0000000,99,99,99,99,99,99,0,0,0,1,0
6,60296,1,1,1,1,37,1400,11,2,2010,5,18,22,0,13,6,ROSECRANS AVE,PURCHE AVE,0,33.90188333,-118.320569440,0,8,0,0,3,3,1,0,2,1,0,1,0,0000000,99,99,99,99,99,99,0,0,0,1,0
6,60297,1,1,1,1,37,1980,17,2,2010,4,16,25,0,15,6,HART ST,WHITE OAK AVE,0,34.19732222,-118.518383330,0,15,0,0,3,2,1,0,1,1,0,1,0,0000000,99,99,99,99,99,99,0,0,0,1,0
6,60298,1,1,0,1,29,0,25,2,2010,5,4,55,1,2,3,SR-99,,282,35.41611944,-119.058761110,0,38,0,0,1,1,4,0,3,1,0,1,0,0000000,99,99,99,99,88,88,0,0,0,1,0
6,60299,1,1,1,1,37,1980,25,2,2010,5,18,0,0,14,6,SAWTELLE BLVD,,0,34.02287500,-118.429033330,0,8,0,0,1,1,1,0,3,1,0,1,0,0000000,99,99,99,99,99,99,0,0,0,1,0
6,60300,2,2,0,3,107,0,26,2,2010,6,7,20,0,6,4,ROAD 184,AVE 48,0,35.87701944,-119.161533330,0,12,6,0,2,2,1,0,1,1,0,1,0,0000000,99,99,99,99,99,99,0,0,0,2,0
6,60301,2,2,0,2,71,3000,19,2,2010,6,10,54,0,13,6,RIVERSIDE AVE,,0,34.15643889,-117.400397220,0,12,6,0,1,1,1,0,1,10,0,10,0,0000000,99,99,99,99,99,99,0,0,0,1,0
6,60302,1,1,0,1,77,2070,24,3,2010,4,8,57,1,11,1,I-5,,224,37.89426111,-121.283011110,0,59,0,0,1,1,4,0,1,1,0,1,0,0000000,99,99,99,99,99,99,0,0,0,1,0
6,60303,2,1,0,1,73,1200,24,3,2010,4,22,25,0,15,6,9TH AVE,,0,33.11532222,-117.074475000,0,38,0,0,1,1,4,0,3,1,0,1,0,0000000,99,99,99,99,88,88,14,0,0,1,1
6,60304,1,1,0,1,13,3010,25,3,2010,5,20,51,1,11,1,I-80,,10,37.91026111,-122.317205560,0,24,0,0,1,1,4,0,2,1,0,1,0,0000000,99,99,99,99,88,88,0,0,0,1,0
6,60305,2,2,0,2,109,0,26,3,2010,6,13,48,0,2,3,SR-49,,118,37.92155278,-120.449166670,0,12,2,0,1,1,1,0,1,1,0,1,0,0000000,99,99,99,99,88,88,0,0,0,1,0
6,60306,1,1,0,1,23,1340,26,3,2010,6,19,36,0,15,6,RIVERWALK DR,,0,40.57959167,-124.154658330,0,18,0,0,1,1,4,0,1,1,0,1,0,0000000,99,99,99,99,88,88,0,0,0,1,0