STATE,ST_CASE,VE_TOTAL,VE_FORMS,PEDS,PERSONS,COUNTY,CITY,DAY,MONTH,YEAR,DAY_WEEK,HOUR,MINUTE,NHS,ROAD_FNC,ROUTE,TWAY_ID,TWAY_ID2,MILEPT,LATITUDE,LONGITUD,SP_JUR,HARM_EV,MAN_COLL,RELJCT1,RELJCT2,TYP_INT,REL_ROAD,WRK_ZONE,LGT_COND,WEATHER1,WEATHER2,WEATHER,SCH_BUS,RAIL,NOT_HOUR,NOT_MIN,ARR_HOUR,ARR_MIN,HOSP_HR,HOSP_MN,CF1,CF2,CF3,FATALS,DRUNK_DR
6,60307,2,2,0,3,19,1370,26,3,2010,6,21,54,0,14,6,N SANTA FE AVE,,0,36.83045556,-119.875183330,0,39,0,0,1,1,4,0,2,1,0,1,0,0000000,99,99,99,99,99,99,0,0,0,2,1
6,60308,1,1,0,1,77,0,27,3,2010,7,2,15,1,2,3,SR-99,,216,38.00313056,-121.257647220,0,25,0,0,1,1,3,0,3,1,0,1,0,0000000,99,99,99,99,99,99,0,0,0,1,1
6,60309,1,1,0,3,65,0,27,3,2010,7,21,53,0,4,4,PIERCE ST,,0,33.51431389,-116.112827780,0,1,0,0,1,1,4,0,2,1,0,1,0,0000000,99,99,99,99,99,99,0,0,0,1,0
6,60310,2,2,0,2,111,4027,28,3,2010,1,12,7,0,16,6,DARLING RD,JAZMIN AVE,0,34.28337500,-119.159077780,0,12,6,0,2,3,1,0,1,1,0,1,0,0000000,99,99,99,99,88,88,0,0,0,1,0
6,60311,1,1,0,1,85,3340,28,3,2010,1,18,53,0,14,6,FRUITDALE AVE,,0,37.31071667,-121.931797220,0,42,0,0,1,1,4,0,1,1,0,1,0,0000000,99,99,99,99,88,88,0,0,0,1,0
6,60312,2,2,0,3,19,0,28,3,2010,1,20,20,0,5,4,ADAMS AVE,,0,36.63278333,-119.405227780,0,12,2,0,1,1,1,0,2,1,0,1,0,0000000,99,99,99,99,99,99,0,0,0,2,1
6,60313,1,1,0,1,27,0,28,3,2010,1,20,40,0,2,3,SR-136,,64,36.55111944,-117.951794440,0,11,0,0,1,1,1,0,2,1,0,1,0,0000000,99,99,99,99,99,99,0,0,0,1,0
6,60314,1,1,0,1,65,0,28,3,2010,1,20,50,0,6,4,CRESTMORE PARK RD,,0,33.98363333,-117.409041670,0,33,0,0,1,1,4,0,3,1,0,1,0,0000000,99,99,99,99,99,99,0,0,0,1,1
6,60315,1,1,0,1,37,3092,31,3,2010,4,21,35,0,13,6,PALOS VERDES DR,,0,33.77635278,-118.343716670,0,59,0,0,1,1,5,0,2,1,0,1,0,0000000,99,99,99,99,99,99,0,0,0,1,0
6,60316,1,1,0,5,29,0,21,2,2010,1,15,0,1,2,3,SR-46,,122,35.63441944,-120.006708330,0,1,0,0,1,1,2,0,1,10,0,10,0,0000000,99,99,99,99,99,99,0,0,0,1,0
6,60317,2,2,1,2,73,560,5,3,2010,6,21,47,0,13,6,EL CAMINO REAL,,0,33.11636389,-117.269922220,0,8,0,0,1,1,1,0,2,1,0,1,0,0000000,99,99,99,99,99,99,0,0,0,1,0
6,60318,1,1,1,1,67,3150,6,3,2010,7,13,39,0,16,6,L ST,,0,38.57990833,-121.501186110,0,9,0,0,1,1,1,0,1,1,0,1,0,0000000,99,99,99,99,88,88,0,0,0,1,0
6,60319,1,1,1,1,89,2950,8,3,2010,2,18,24,0,15,6,EAST ST,,0,40.58310556,-122.387444440,0,8,0,0,1,1,1,0,3,2,0,2,0,0000000,99,99,99,99,88,88,0,0,0,1,0
6,60320,1,1,0,2,105,0,12,3,2010,6,99,99,1,2,3,SR-299,,7,40.88646111,-123.588711110,0,42,0,0,1,1,5,0,1,2,0,2,0,0000000,99,99,99,99,88,88,0,0,0,2,0
6,60321,3,1,0,1,75,3290,1,2,2010,2,5,30,0,13,6,GEARY BLVD,,0,88.88880000,888.888800000,0,14,0,0,1,1,2,0,3,1,0,1,0,0000000,99,99,99,99,99,99,0,0,0,1,1
6,60322,1,1,0,1,65,850,20,2,2010,7,1,28,1,11,1,I-15,,361,33.81251944,-117.510700000,0,34,0,0,1,1,4,0,2,10,0,10,0,0000000,99,99,99,99,99,99,0,0,0,1,1
6,60323,2,2,0,3,71,1305,22,2,2010,2,17,51,0,12,3,SR-66,LAUREL AVE,168,34.10647500,-117.414022220,0,12,6,0,2,2,1,0,1,1,0,1,0,0000000,99,99,99,99,99,99,0,0,0,1,0
6,60324,1,1,0,3,59,972,6,3,2010,7,2,45,0,12,3,SR-1,ST OF THE GRN LANTRN,23,33.46537778,-117.707669440,0,42,0,0,3,3,4,0,3,10,0,10,0,0000000,99,99,99,99,99,99,0,0,0,1,1
6,60325,1,1,1,1,37,1970,24,2,2010,4,18,30,0,16,6,27TH ST,,0,33.80624444,-118.187125000,0,8,0,0,1,1,1,0,3,2,0,2,0,0000000,99,99,99,99,99,99,0,0,0,1,0
6,60326,1,1,1,2,77,0,24,2,2010,4,5,35,0,2,4,WEST LN,,0,38.07411111,-121.289300000,0,8,0,0,1,1,1,0,2,1,0,1,0,0000000,99,99,99,99,88,88,0,0,0,1,0
6,60327,1,1,1,1,73,0,24,2,2010,4,18,20,0,12,3,SR-67,,227,33.02693056,-116.890969440,0,8,0,0,1,1,1,0,2,1,0,1,0,0000000,99,99,99,99,99,99,0,0,0,1,0
6,60328,1,1,1,1,37,1700,27,2,2010,7,12,51,0,14,6,CENTINELA AVE,HAZEL STREET,0,33.97278056,-118.349511110,0,8,0,0,3,2,1,0,1,10,0,10,0,0000000,99,99,99,99,99,99,0,0,0,1,0
6,60329,1,1,1,1,73,0,23,2,2010,3,19,25,0,3,4,LA CRESTA RD,,0,32.81476111,-116.862311110,0,8,0,0,1,1,1,0,2,1,0,1,0,0000000,99,99,99,99,88,88,0,0,0,1,0
6,60330,3,3,0,3,37,3870,4,3,2010,5,2,24,1,11,1,I-405,,154,33.86326111,-118.322519440,0,12,1,0,1,1,1,0,3,10,0,10,0,0000000,99,99,99,99,99,99,0,0,0,1,1
6,60331,1,1,0,1,71,4291,7,3,2010,1,20,58,0,14,6,JOSHUA LN,,0,34.10874444,-116.417886110,0,53,0,0,1,1,4,0,2,1,0,1,0,0000000,99,99,99,99,88,88,0,0,0,1,1
6,60332,2,2,0,2,101,0,8,3,2010,2,11,36,0,2,3,SR-113,DEL MONTE AVE,49,38.86964444,-121.708011110,0,12,6,0,2,2,1,0,1,10,0,10,0,0000000,99,99,99,99,88,88,0,0,0,1,0
6,60333,1,1,1,1,37,245,11,3,2010,5,21,26,1,11,1,I-10,,312,34.06506111,-117.999938890,0,8,0,0,1,1,1,0,3,1,0,1,0,0000000,99,99,99,99,88,88,0,0,0,1,0
6,60334,2,2,0,2,37,1980,12,3,2010,6,10,5,0,14,6,WHITE OAK AVE,STAGG ST,0,34.21202500,-118.518602780,0,12,6,0,2,2,1,0,1,1,0,1,0,0000000,99,99,99,99,99,99,0,0,0,1,0
6,60335,1,1,0,4,65,0,14,3,2010,1,23,9,1,1,1,I-10,,1455,33.60821389,-114.719261110,0,1,0,0,1,1,3,0,2,1,0,1,0,0000000,99,99,99,99,99,99,0,0,0,1,0
6,60336,4,4,2,4,37,2054,15,3,2010,2,6,27,0,13,3,SR-1,,529,34.02592500,-118.778550000,0,8,0,0,1,1,1,0,2,1,0,1,0,0000000,99,99,99,99,99,99,0,0,0,1,0
6,60337,2,2,0,2,37,1670,15,3,2010,2,6,34,0,13,6,SLAUSON AVE,MALABAR ST,0,33.98919444,-118.227833330,0,12,6,0,2,2,1,0,3,1,0,1,0,0000000,99,99,99,99,99,99,0,0,0,1,0
6,60338,3,2,0,2,37,1980,15,3,2010,2,13,30,0,14,6,WHITSETT AVE,SYLVAN ST,0,34.18480000,-118.405269440,0,1,0,0,2,3,1,0,1,1,0,1,0,0000000,99,99,99,99,99,99,0,0,0,1,0
6,60339,3,3,0,6,59,80,16,3,2010,3,20,33,1,12,3,SR-91,,182,33.87016667,-117.683380560,0,12,7,0,1,1,1,0,2,1,0,1,0,0000000,99,99,99,99,99,98,0,0,0,3,1
6,60340,3,3,0,4,73,3260,19,3,2010,6,13,6,0,15,6,FLORIDA DR,ZOO PL,0,32.73045000,-117.143091670,0,12,11,0,2,3,1,0,1,1,0,1,0,0000000,99,99,99,99,88,88,0,0,0,1,0
6,60342,2,2,0,3,65,1690,1,2,2010,2,12,20,1,13,3,SR-111,AVE 48,215,33.70031667,-116.191652780,0,12,6,0,2,3,1,0,1,1,0,1,0,0000000,99,99,99,99,99,99,0,0,0,1,0
6,60343,1,1,1,1,67,0,11,2,2010,5,5,35,0,2,6,FRANKLIN BLVD,46TH AVE,0,38.51126944,-121.467380560,0,8,0,0,3,3,1,0,3,10,0,10,0,0000000,99,99,99,99,88,88,0,0,0,1,0
6,60344,1,1,0,2,73,3260,18,3,2010,5,22,36,0,15,6,CARROLL CYN RD,,0,32.89653333,-117.148686110,0,33,0,0,1,1,4,0,3,1,0,1,0,0000000,99,99,99,99,23,45,0,0,0,2,0
6,60345,2,2,0,6,37,1980,19,3,2010,6,1,34,1,1,1,I-10,,143,34.03703889,-118.283888890,0,12,1,0,1,1,1,0,3,1,0,1,0,0000000,99,99,99,99,99,99,0,0,0,1,1
6,60346,1,1,0,1,37,3870,20,3,2010,7,21,21,0,16,6,CAMINO DEL CAMPO,,0,33.81516667,-118.381827780,0,42,0,0,1,1,4,0,2,5,0,5,0,0000000,99,99,99,99,99,99,0,0,0,1,1
6,60347,2,2,0,3,59,0,30,3,2010,3,18,16,0,2,3,SR-74,,123,33.59692778,-117.462644440,0,1,0,0,1,1,1,0,1,1,0,1,0,0000000,99,99,99,99,99,98,0,0,0,1,1
6,60348,1,1,1,1,99,2200,22,3,2010,2,16,5,0,13,6,CLAUS RD,,0,37.65996111,-120.921283330,0,9,0,0,1,1,1,0,1,1,0,1,0,0000000,99,99,99,99,99,99,0,0,0,1,0
6,60349,2,2,1,2,61,3110,22,3,2010,2,19,8,0,13,6,FOOTHILLS BLVD,,0,38.72957222,-121.303688890,0,8,0,0,1,1,1,0,1,1,0,1,0,0000000,99,99,99,99,99,99,23,17,0,1,0
6,60350,2,2,0,2,65,3070,22,3,2010,2,20,40,0,14,6,CANYON CREST DR,VIA VISTA DR,0,33.93471111,-117.335794440,0,12,6,0,2,3,1,0,3,1,0,1,0,0000000,99,99,99,99,99,99,0,0,0,1,0
6,60351,2,2,0,2,37,30,23,3,2010,3,6,20,1,11,1,I-10,,258,34.07185833,-118.108705560,0,1,0,0,1,1,1,1,4,1,0,1,0,0000000,99,99,99,99,88,88,0,0,0,1,0
6,60352,2,2,0,3,71,2550,24,3,2010,4,23,32,1,12,3,SR-60,,97,34.02519722,-117.563119440,0,12,7,0,1,1,1,0,3,1,0,1,0,0000000,99,99,99,99,99,99,0,0,0,1,0
6,60353,2,2,0,6,65,1690,25,3,2010,5,10,28,0,14,6,JACKSON ST,TOURMALINE AVE,0,33.72818611,-116.216311110,0,12,6,0,2,3,1,0,1,1,0,1,0,0000000,99,99,99,99,99,99,0,0,0,1,0
6,60354,2,2,0,3,71,3000,26,3,2010,6,15,48,0,14,6,VALLEY BLVD,LILAC AVE,0,34.07040833,-117.379002780,0,12,6,0,2,2,1,0,1,1,0,1,0,0000000,99,99,99,99,99,99,0,0,0,1,0
6,60355,1,1,1,2,65,3070,26,3,2010,6,19,2,0,13,6,VAN BUREN BLVD,MAGNOLIA AVE,0,33.92007778,-117.446363890,0,8,0,0,3,2,1,0,5,1,0,1,0,0000000,99,99,99,99,99,99,0,0,0,1,0
6,60356,2,2,0,2,77,1940,28,3,2010,1,5,17,1,12,3,SR-99,,310,38.13741389,-121.257847220,0,24,0,0,1,1,3,0,3,1,0,1,0,0000000,99,99,99,99,88,88,0,0,0,1,1
6,60357,1,1,1,1,37,890,14,3,2010,1,13,50,0,13,6,BADILLO ST (E),GRANDVIEW AVE,0,34.08623889,-117.878600000,0,8,0,0,3,3,1,0,1,1,0,1,0,0000000,99,99,99,99,88,88,0,0,0,1,0
6,60358,1,1,1,1,73,3260,14,3,2010,1,21,32,1,11,1,I-805,,164,32.75396667,-117.124427780,0,8,0,0,1,1,1,0,3,1,0,1,0,0000000,99,99,99,99,88,88,0,0,0,1,0
6,60359,2,2,0,2,37,1980,15,3,2010,2,15,50,0,16,6,ETON AVE,,0,34.23827222,-118.594450000,0,12,6,0,4,1,1,0,1,1,0,1,0,0000000,99,99,99,99,99,99,0,0,0,1,0
6,60360,2,2,1,2,67,0,15,3,2010,2,19,35,0,2,4,WATT AVE,,0,38.71222500,-121.391663890,0,15,0,0,1,1,1,0,3,1,0,1,0,0000000,99,99,99,99,88,88,14,0,0,1,0
6,60361,1,1,1,1,37,1980,20,3,2010,7,11,30,0,13,6,MIDWAY PLACE,,0,34.04208611,-118.258872220,0,8,0,0,1,1,1,0,1,1,0,1,0,0000000,99,99,99,99,99,99,0,0,0,1,0
6,60362,1,1,0,1,59,0,25,3,2010,5,0,34,0,14,6,AVENUE DE LA CARLOTA,VIA PUERTA,0,33.61975833,-117.713308330,0,33,0,0,2,2,3,0,3,1,0,1,0,0000000,99,99,99,99,88,88,0,0,0,1,1
6,60363,2,1,0,2,37,890,25,3,2010,5,14,35,1,11,1,I-10,,248,34.06970000,-117.863194440,0,14,0,0,1,1,2,0,1,1,0,1,0,0000000,99,99,99,99,99,99,0,0,0,1,0
6,60364,1,1,1,2,13,820,15,2,2010,2,18,2,0,13,6,CLAYTON RD,BARBIS WY,0,37.97035278,-122.010769440,0,8,0,0,3,3,1,0,3,1,0,1,0,0000000,99,99,99,99,99,99,0,0,0,1,0
6,60365,1,1,1,1,37,1840,22,2,2010,2,21,21,0,13,6,AVENUE K,20TH ST WEST,0,34.67508056,-118.094622220,0,15,0,0,3,2,1,0,3,1,0,1,0,0000000,99,99,99,99,99,99,0,0,0,1,0
6,60366,2,2,0,2,59,2560,24,2,2010,4,16,25,1,12,3,SR-22,,119,33.77545000,-117.852050000,0,12,7,0,1,1,1,0,1,10,0,10,0,0000000,99,99,99,99,88,88,0,0,0,1,0
6,60367,1,1,1,1,37,1980,24,2,2010,4,18,0,0,14,6,VIRGIL AVE,5TH ST,0,34.06517778,-118.287066670,0,8,0,0,3,2,1,0,3,2,0,2,0,0000000,99,99,99,99,99,99,0,0,0,1,0
6,60368,1,1,1,1,37,1045,1,3,2010,2,18,7,0,14,6,BROOKSHIRE AVE,,0,33.93731111,-118.130341670,0,8,0,0,1,1,1,0,2,1,0,1,0,0000000,99,99,99,99,88,88,0,0,0,1,0
6,60369,2,2,0,5,13,460,16,3,2010,3,6,26,1,12,3,SR-4,BALFOUR RD,94,37.92536111,-121.690558330,0,12,6,0,2,2,1,0,3,1,0,1,0,0000000,99,99,99,99,99,99,0,0,0,1,0
6,60370,2,2,0,2,29,240,20,3,2010,7,4,35,0,14,6,ASHE RD,DISTRICT BLVD,0,35.31308889,-119.074433330,0,12,6,0,2,2,1,0,3,1,0,1,0,0000000,99,99,99,99,99,99,0,0,0,1,0
6,60371,3,3,0,6,71,2550,25,3,2010,5,22,17,1,11,1,I-10,,58,34.07278056,-117.616625000,0,12,1,0,1,1,1,0,3,1,0,1,0,0000000,99,99,99,99,99,99,23,0,0,1,0
6,60372,1,1,0,1,85,940,26,3,2010,6,2,8,1,11,1,I-280,,89,37.33375833,-122.021927780,0,42,0,0,1,1,5,0,3,1,0,1,0,0000000,99,99,99,99,88,88,0,0,0,1,0
6,60373,2,2,0,2,59,2560,26,3,2010,6,7,12,0,13,6,E CHAPMAN AVE,N CALLE GRANDE ST,0,33.79399444,-117.783211110,0,12,6,0,2,3,1,0,1,1,0,1,0,0000000,99,99,99,99,99,99,0,0,0,1,0
6,60374,2,2,0,3,85,3440,18,3,2010,5,23,42,0,14,6,PRUNERIDGE AVE,SARATOGA AVE,0,37.32994444,-121.964241670,0,12,6,0,2,2,1,0,3,1,0,1,0,0000000,99,99,99,99,99,99,20,0,0,1,0
6,60375,2,2,1,2,75,3290,19,3,2010,6,5,11,0,13,6,4TH ST,KING ST,0,37.77643611,-122.394152780,0,12,6,0,2,2,1,0,3,1,0,1,0,0000000,99,99,99,99,99,99,0,0,0,1,1
6,60376,2,2,0,3,37,1980,19,3,2010,6,9,40,0,13,6,NORMANDIE AVE,,0,33.81270278,-118.297330560,0,12,2,0,1,1,1,0,1,1,0,1,0,0000000,99,99,99,99,99,99,0,0,0,1,0
6,60377,1,1,0,2,29,0,19,3,2010,6,23,45,1,12,3,SR-58,,955,35.12659444,-118.405966670,0,1,0,0,1,1,1,0,2,1,0,1,0,0000000,99,99,99,99,99,99,0,0,0,1,0
6,60378,1,1,1,1,67,0,20,3,2010,7,2,6,0,2,4,FLORIN RD,,0,38.49598056,-121.445600000,0,8,0,0,1,1,1,0,3,1,0,1,0,0000000,99,99,99,99,88,88,0,0,0,1,0
6,60379,1,1,1,1,37,1980,6,2,2010,7,21,50,0,13,6,TUXFORD ST,,0,34.22592500,-118.382319440,0,8,0,0,1,1,1,0,3,1,0,1,0,0000000,99,99,99,99,99,99,0,0,0,1,0
6,60380,1,1,1,1,99,2470,6,3,2010,7,20,17,0,13,6,F ST,,0,37.76120000,-120.859266670,0,8,0,0,1,1,1,0,3,1,0,1,0,0000000,99,99,99,99,99,99,0,0,0,1,0
6,60381,1,1,1,1,37,0,7,3,2010,1,19,36,0,3,4,GALE AVE,,0,34.01350000,-117.971800000,0,8,0,0,1,1,1,0,3,1,0,1,0,0000000,99,99,99,99,99,99,0,0,0,1,0
6,60382,1,1,1,2,111,1280,7,3,2010,1,20,10,0,12,3,SR-23,,240,34.39318889,-118.917366670,0,8,0,0,1,1,1,0,2,10,0,10,0,0000000,99,99,99,99,99,99,0,0,0,1,0
6,60383,1,1,0,2,37,2260,11,3,2010,5,23,58,0,13,6,SOUTH ATLANTIC BLVD,,0,34.05255278,-118.136930560,0,33,0,0,1,1,4,0,3,1,0,1,0,0000000,99,99,99,99,99,99,0,0,0,1,0
6,60384,1,1,1,1,65,2650,12,3,2010,6,9,54,0,15,6,N FARRELL DR,TACHEVAH DR,0,33.83815833,-116.520641670,3,33,0,0,3,3,4,0,1,1,0,1,0,0000000,99,99,99,99,99,99,0,0,0,1,0
6,60385,1,1,0,2,59,1660,27,3,2010,7,20,16,0,14,6,INDIANAPOLIS AVE,,0,33.66499722,-117.972694440,0,30,0,0,1,1,4,0,5,1,0,1,0,0000000,99,99,99,99,99,99,0,0,0,1,1
6,60386,3,3,0,8,65,750,29,3,2010,2,12,33,1,12,3,SR-86,AIRPORT BL,173,33.64207500,-116.181188890,0,12,1,0,3,2,1,0,1,1,0,1,0,0000000,99,99,99,99,99,99,0,0,0,1,0
6,60387,2,1,0,2,95,0,30,3,2010,3,1,30,1,11,1,I-80,,333,38.42350278,-121.888033330,0,14,0,0,1,1,2,0,2,10,0,10,0,0000000,99,99,99,99,99,99,0,0,0,1,0
6,60388,1,1,1,5,107,4050,30,3,2010,3,21,39,0,12,3,SR-63,HAROLD AVE,93,36.34410556,-119.296941670,0,8,0,0,3,3,1,0,3,10,0,10,0,0000000,99,99,99,99,99,99,0,0,0,1,0
6,60389,2,2,0,2,23,1220,31,3,2010,4,8,38,0,14,6,FAIRWAY DR,,0,40.76516944,-124.163788890,0,12,2,0,1,1,1,0,1,1,0,1,0,0000000,99,99,99,99,99,99,0,0,0,1,0
6,60390,1,1,1,1,29,240,2,4,2010,6,7,7,0,16,6,ADELAIDE AVE,,0,35.29911944,-119.009447220,0,8,0,0,1,1,1,0,1,1,0,1,0,0000000,99,99,99,99,99,99,0,0,0,1,0
6,60391,3,1,0,4,73,3260,1,1,2010,6,3,11,1,11,1,I-805,,135,32.71820833,-117.102744440,0,14,0,0,1,1,2,0,2,1,0,1,0,0000000,99,99,99,99,99,99,14,0,0,1,1
6,60392,2,2,0,3,77,3770,5,2,2010,6,19,47,0,14,6,EL DORADO ST,MCKINLEY AVE,0,37.91131667,-121.275700000,0,12,6,0,2,3,1,0,3,1,0,1,0,0000000,99,99,99,99,88,88,0,0,0,1,1
6,60393,1,1,0,1,111,2890,25,3,2010,5,20,30,1,13,6,CHANNEL ISLAND BLVD,,0,34.17572778,-119.212013890,0,42,0,0,1,1,4,0,3,1,0,1,0,0000000,99,99,99,99,88,88,0,0,0,1,1
6,60394,1,1,0,2,65,0,27,3,2010,7,21,58,0,4,4,GOLDEN STAR AVE,,0,33.89153056,-117.368719440,0,53,0,0,1,1,4,0,2,1,0,1,0,0000000,99,99,99,99,99,99,0,0,0,1,1
6,60395,2,2,0,3,71,0,28,3,2010,1,17,10,1,2,2,US-95,,792,34.87818611,-114.662633330,0,12,2,0,1,1,1,0,1,1,0,1,0,0000000,99,99,99,99,99,99,0,0,0,1,0
6,60396,2,1,1,1,37,3445,28,3,2010,1,23,13,1,11,1,I-5,,528,34.41396389,-118.578583330,0,14,0,0,1,1,2,0,2,1,0,1,0,0000000,99,99,99,99,99,99,15,0,0,1,0
6,60397,1,1,1,1,37,1980,29,3,2010,2,3,0,0,13,6,ALAMEDA ST,,0,34.02889444,-118.239016670,0,8,0,0,1,1,1,0,2,1,0,1,0,0000000,99,99,99,99,99,98,0,0,0,1,0
6,60398,1,1,1,1,37,1980,1,4,2010,5,9,0,0,13,6,VICTORY BLVD,CLEON AVE,0,34.18670000,-118.368316670,0,8,0,0,3,2,1,0,1,1,0,1,0,0000000,99,99,99,99,88,88,0,0,0,1,0
6,60399,1,1,0,1,25,0,1,4,2010,5,9,0,0,6,4,LWR COACHELLA CNL RD,,0,33.34575556,-115.565136110,0,1,0,0,1,1,4,0,1,10,0,10,0,0000000,99,99,99,99,88,88,0,0,0,1,0
6,60400,1,1,1,1,99,640,1,4,2010,5,18,50,0,15,6,CASWELL AVE,2ND ST,0,37.59981667,-120.955422220,0,9,0,0,2,3,1,0,1,1,0,1,0,0000000,99,99,99,99,99,99,0,0,0,1,0
6,60401,2,2,0,2,37,1980,2,4,2010,6,2,35,0,14,6,PARTHENIA ST,LOUISE AVE,0,34.22847222,-118.509950000,0,12,1,0,3,2,1,0,3,1,0,1,0,0000000,99,99,99,99,99,99,0,0,0,1,0
6,60402,1,1,0,1,95,0,2,4,2010,6,3,0,0,4,6,WINTERS RD,,0,38.51415000,-121.967250000,0,35,0,0,1,1,4,0,2,10,0,10,0,0000000,99,99,99,99,88,88,0,0,0,1,1
6,60403,1,1,1,1,1,340,10,3,2010,4,21,4,0,13,6,ADELINE ST,HARMON ST,0,37.84967500,-122.271152780,0,8,0,0,3,2,1,0,3,1,0,1,0,0000000,99,99,99,99,99,99,0,0,0,1,1
6,60404,1,1,1,1,1,1560,30,3,2010,3,22,18,0,12,3,SR-238,BERRY AVE,117,37.65726111,-122.071680560,0,8,0,0,3,3,1,0,3,10,0,10,0,0000000,99,99,99,99,88,88,0,0,0,1,0
6,60405,6,1,0,1,85,3340,2,4,2010,6,7,18,0,14,6,BRANHAM LN,,0,37.26553611,-121.866991670,0,14,0,0,1,1,7,0,1,10,0,10,0,0000000,99,99,99,99,99,99,14,0,0,1,0
6,60406,4,4,0,7,81,3390,2,4,2010,6,13,20,1,12,2,US-101,,124,37.55725000,-122.299611110,0,12,1,0,1,1,1,0,1,10,0,10,0,0000000,99,99,99,99,99,99,14,0,0,1,0
6,60407,1,1,1,4,73,3260,2,4,2010,6,15,5,0,15,6,IONA DR,,0,32.71050278,-117.069163890,0,8,0,0,1,1,1,0,1,1,0,1,0,0000000,99,99,99,99,99,99,0,0,0,1,0
6,60408,2,1,0,2,71,0,7,2,2010,1,3,20,1,1,1,I-15,,211,34.30785278,-117.471827780,0,14,0,0,1,1,2,0,3,10,0,10,0,0000000,99,99,99,99,88,88,0,0,0,1,0
6,60409,2,1,0,3,71,3210,27,2,2010,7,14,46,1,12,3,SR-210,,258,34.14193056,-117.251866670,0,14,0,0,1,1,2,0,1,2,0,2,0,0000000,99,99,99,99,99,99,5,0,0,1,0
6,60410,2,2,1,1,37,1980,28,2,2010,1,5,46,1,11,1,I-110,,220,34.04553056,-118.270311110,0,12,7,0,1,1,1,0,3,1,0,1,0,0000000,99,99,99,99,99,99,19,23,0,1,0
6,60411,2,2,0,2,37,480,26,3,2010,6,4,21,1,11,1,I-5,,314,34.20051667,-118.339361110,0,12,1,0,1,1,1,0,3,1,0,1,0,0000000,99,99,99,99,88,88,0,0,0,1,0
6,60412,2,2,0,4,19,0,3,4,2010,7,11,40,0,4,6,MANNING AVE,ENGLEHART AVE,0,36.60393611,-119.412975000,0,12,6,0,2,2,1,0,1,1,0,1,0,0000000,99,99,99,99,99,99,0,0,0,1,0
6,60413,1,1,1,1,37,1980,3,4,2010,7,13,35,0,13,6,VALLEY CIRCLE BLVD,BURBANK BL,0,34.17119167,-118.645477780,0,8,0,0,3,2,1,0,1,1,0,1,0,0000000,99,99,99,99,99,99,0,0,0,1,0
6,60414,2,1,0,1,107,4050,3,4,2010,7,23,20,0,13,6,CALDWELL AVE,BEN MADDOX WY,0,36.29783333,-119.278563890,0,33,0,0,3,3,4,0,3,1,0,1,0,0000000,99,99,99,99,88,88,14,0,0,1,1
6,60415,1,1,1,1,79,3370,4,4,2010,1,0,56,1,12,2,US-101,,289,35.28545833,-120.665330560,0,8,0,0,1,1,1,0,2,1,0,1,0,0000000,99,99,99,99,88,88,0,0,0,1,0
6,60416,1,1,0,3,67,0,2,1,2010,7,21,30,0,2,3,SR-160,,85,38.19478611,-121.563636110,0,42,0,0,1,1,4,0,2,1,0,1,0,0000000,99,99,99,99,99,99,0,0,0,1,1
6,60417,2,1,0,1,37,1980,19,1,2010,3,19,30,0,13,6,ADAMS BLVD,,0,34.03267500,-118.305147220,0,14,0,0,1,1,7,0,3,10,0,10,0,0000000,99,99,99,99,99,99,0,0,0,1,0
6,60418,1,1,1,4,37,0,31,1,2010,1,2,29,1,1,1,I-110,,70,33.83144167,-118.287508330,0,8,0,0,1,1,1,0,3,1,0,1,0,0000000,99,99,99,99,88,88,0,0,0,1,1
6,60419,1,1,1,1,71,4000,28,3,2010,1,15,43,0,14,6,16TH ST,,0,34.12148611,-117.650647220,0,9,0,0,1,1,1,0,1,1,0,1,0,0000000,99,99,99,99,99,99,0,0,0,1,0
6,60420,2,2,0,5,73,0,4,4,2010,1,23,59,1,1,1,I-5,,702,33.37903611,-117.567077780,0,12,7,0,1,1,1,0,2,10,0,10,0,0000000,99,99,99,99,99,99,0,0,0,1,1
6,60421,1,1,1,2,71,1605,8,4,2010,5,9,50,0,14,6,GREENSPOT RD,,0,34.10296944,-117.105972220,0,9,0,0,1,1,2,0,1,1,0,1,0,0000000,99,99,99,99,88,88,0,0,0,1,0
6,60422,2,2,0,3,65,850,9,4,2010,6,17,25,1,11,1,I-15,,386,33.84186111,-117.534527780,0,12,6,0,1,1,1,0,1,1,0,1,0,0000000,99,99,99,99,88,88,0,0,0,1,1