STATE,ST_CASE,VE_TOTAL,VE_FORMS,PEDS,PERSONS,COUNTY,CITY,DAY,MONTH,YEAR,DAY_WEEK,HOUR,MINUTE,NHS,ROAD_FNC,ROUTE,TWAY_ID,TWAY_ID2,MILEPT,LATITUDE,LONGITUD,SP_JUR,HARM_EV,MAN_COLL,RELJCT1,RELJCT2,TYP_INT,REL_ROAD,WRK_ZONE,LGT_COND,WEATHER1,WEATHER2,WEATHER,SCH_BUS,RAIL,NOT_HOUR,NOT_MIN,ARR_HOUR,ARR_MIN,HOSP_HR,HOSP_MN,CF1,CF2,CF3,FATALS,DRUNK_DR
6,60423,1,1,1,1,19,0,9,4,2010,6,22,50,0,2,4,MCKINLEY AVE,,0,36.76453611,-119.861063890,0,9,0,0,1,1,1,0,2,1,0,1,0,0000000,99,99,99,99,99,99,0,0,0,1,0
6,60424,1,1,1,2,71,0,9,4,2010,6,23,30,1,1,1,I-40,,932,34.78388333,-115.428972220,0,8,0,0,1,1,1,0,2,1,0,1,0,0000000,99,99,99,99,99,99,0,0,0,1,0
6,60425,2,2,0,4,53,0,9,4,2010,6,23,49,0,4,4,RIVER RD,LAS PALMAS PKWY,0,36.60685556,-121.644519440,0,12,6,0,2,3,1,0,2,1,0,1,0,0000000,99,99,99,99,99,99,0,0,0,2,0
6,60426,2,2,0,2,71,0,2,4,2010,6,16,15,0,4,6,SONORA RD,BORDER AVE,0,34.22242222,-116.299180560,0,12,6,0,2,4,1,0,1,1,0,1,0,0000000,99,99,99,99,99,99,22,0,0,1,0
6,60427,2,2,0,2,37,2054,2,4,2010,6,16,16,0,12,3,SR-1,BROAD BEACH RD,569,34.03111944,-118.843630560,0,12,6,0,2,3,1,0,1,1,0,1,0,0000000,99,99,99,99,99,99,0,0,0,1,0
6,60428,1,1,1,1,37,1980,3,4,2010,7,1,52,1,12,3,SR-110,,161,34.10395556,-118.191236110,0,8,0,0,1,1,1,0,2,1,0,1,0,0000000,99,99,99,99,88,88,0,0,0,1,1
6,60429,2,1,0,1,65,0,3,4,2010,7,2,22,0,6,6,GLEN ST,,0,34.01128889,-117.481802780,0,14,0,0,1,1,2,0,3,1,0,1,0,0000000,99,99,99,99,88,88,0,0,0,1,1
6,60430,2,2,0,3,83,0,3,4,2010,7,3,41,1,2,2,US-101,,825,34.86898056,-120.399050000,0,12,8,0,1,1,1,0,2,10,0,10,0,0000000,99,99,99,99,99,99,0,0,0,1,1
6,60431,5,5,0,12,81,310,3,4,2010,7,11,36,0,13,6,RALSTON AVE,,0,37.52134167,-122.274886110,0,12,1,0,1,1,1,0,1,1,0,1,0,0000000,99,99,99,99,99,99,0,0,0,1,0
6,60432,1,1,0,6,71,3210,4,4,2010,1,3,55,1,11,1,I-215,,80,34.12031944,-117.303011110,0,42,0,0,1,1,4,1,3,1,0,1,0,0000000,99,99,99,99,99,99,0,0,0,1,1
6,60433,2,2,0,3,61,0,4,4,2010,1,18,34,0,2,3,SR-89,,108,39.16790000,-120.183605560,0,12,6,0,1,1,1,0,2,4,0,4,0,0000000,99,99,99,99,99,99,4,0,0,1,0
6,60434,1,1,0,3,69,0,4,4,2010,1,19,25,0,5,4,QUIEN SABE RD,,0,36.81568889,-121.226000000,0,1,0,0,1,1,5,0,2,2,0,2,0,0000000,99,99,99,99,99,99,4,0,0,1,1
6,60435,2,2,0,2,19,0,9,4,2010,6,14,4,0,4,4,BETHEL AVE,MANNING AVE,0,36.60474444,-119.574894440,0,12,6,0,2,2,1,0,1,1,0,1,0,0000000,99,99,99,99,99,99,0,0,0,1,0
6,60436,2,2,0,7,33,0,9,4,2010,6,14,35,0,2,3,SR-20,,151,39.11368889,-122.821688890,0,12,2,0,1,1,1,0,1,1,0,1,0,0000000,99,99,99,99,99,99,0,0,0,1,0
6,60437,2,2,0,6,19,0,9,4,2010,6,15,0,0,4,4,CORNELIA AVE,CALIFORNIA AVE,0,36.72058611,-119.880625000,0,12,6,0,2,2,1,0,1,1,0,1,0,0000000,99,99,99,99,99,99,0,0,0,1,0
6,60438,1,1,0,4,71,0,9,4,2010,6,19,25,1,1,1,I-40,,243,34.81239444,-116.592450000,0,1,0,0,1,1,1,0,2,1,0,1,0,0000000,99,99,99,99,99,99,0,0,0,1,1
6,60439,2,2,0,3,31,0,10,4,2010,7,6,23,1,2,3,SR-41,,268,36.11905278,-119.894786110,0,12,2,0,1,1,1,0,1,1,0,1,0,0000000,99,99,99,99,99,99,0,0,0,2,1
6,60440,2,2,0,2,37,1870,10,4,2010,7,9,0,1,11,1,I-210,,474,34.11958056,-117.765919440,0,12,1,0,1,1,1,0,1,10,0,10,0,0000000,99,99,99,99,88,88,0,0,0,1,0
6,60441,1,1,0,1,85,2280,3,3,2010,4,10,46,0,13,6,MONTEREY ST,,0,37.12628333,-121.650886110,0,33,0,0,1,1,4,0,1,2,0,2,0,0000000,99,99,99,99,99,99,0,0,0,1,0
6,60442,2,2,0,2,37,4030,5,4,2010,2,2,11,0,13,6,SANTA FE AVE,,0,34.00343611,-118.230250000,0,12,1,0,1,1,1,0,3,2,0,2,0,0000000,99,99,99,99,88,88,0,0,0,1,1
6,60443,1,1,1,1,73,3260,7,3,2010,1,2,1,0,14,6,UNIVERSITY AVE,,0,32.74847500,-117.134552780,0,15,0,0,1,1,1,0,3,2,0,2,0,0000000,99,99,99,99,99,99,0,0,0,1,1
6,60444,1,1,1,1,37,1980,4,4,2010,1,19,55,0,13,6,ALVARADO ST,,0,34.07674167,-118.264058330,0,8,0,0,1,1,1,0,3,1,0,1,0,0000000,99,99,99,99,99,99,0,0,0,1,0
6,60445,2,2,0,3,45,0,6,4,2010,3,11,25,0,2,3,SR-128,,61,39.16367500,-123.657216670,0,12,6,0,1,1,1,0,1,1,0,1,0,0000000,99,99,99,99,99,99,0,0,0,1,0
6,60446,3,3,0,4,37,0,6,4,2010,3,17,0,0,4,4,BREA CANYON RD,,0,33.94916111,-117.868180560,0,12,6,0,1,1,1,0,1,1,0,1,0,0000000,99,99,99,99,99,99,0,0,0,1,1
6,60447,2,2,0,2,17,0,7,4,2010,4,23,14,1,2,2,US-50,,109,38.68641944,-120.908719440,0,12,2,0,1,1,1,0,2,1,0,1,0,0000000,99,99,99,99,99,99,0,0,0,1,1
6,60448,1,1,0,1,29,0,8,4,2010,5,6,53,0,2,3,SR-99,,342,35.50980278,-119.176897220,0,42,0,0,1,1,4,0,1,1,0,1,0,0000000,99,99,99,99,99,99,0,0,0,1,0
6,60449,2,2,0,4,59,2560,8,4,2010,5,15,0,0,13,6,N GLASSELL ST,W COLLINS AVE,0,33.80238611,-117.853108330,0,12,6,0,2,2,1,0,1,1,0,1,0,0000000,99,99,99,99,99,99,0,0,0,1,0
6,60450,2,2,0,3,19,0,9,4,2010,6,8,15,0,5,4,CORNELIA AVE,LINCOLN AVE,0,36.64838333,-119.880544440,0,12,6,0,2,2,1,0,1,1,0,1,0,0000000,99,99,99,99,99,99,0,0,0,2,0
6,60451,1,1,1,1,37,1980,5,3,2010,6,18,55,0,15,6,VENTURA BL,LEMONA AVE,0,34.14717222,-118.227713890,0,8,0,0,3,3,1,0,3,1,0,1,0,0000000,99,99,99,99,99,99,0,0,0,1,0
6,60452,1,1,0,1,65,2730,10,4,2010,7,2,7,0,14,6,RAMONA EXPWY,RIDER ST,0,33.83069444,-117.179522220,0,31,0,0,3,2,4,0,3,1,0,1,0,0000000,99,99,99,99,88,88,0,0,0,1,1
6,60453,2,2,0,4,37,0,10,4,2010,7,13,50,1,1,1,I-5,,880,34.81253889,-118.884450000,0,12,6,0,1,1,1,0,1,1,0,1,0,0000000,99,99,99,99,99,99,0,0,0,1,0
6,60454,1,1,0,1,87,0,10,4,2010,7,18,25,1,12,3,SR-1,,118,36.98385556,-121.931536110,0,41,0,0,1,1,4,0,1,1,0,1,0,0000000,99,99,99,99,88,88,0,0,0,1,0
6,60455,1,1,1,1,65,2650,10,4,2010,7,20,54,0,13,6,E RAMON RD,,0,33.81587222,-116.509527780,0,8,0,0,1,1,1,0,2,1,0,1,0,0000000,99,99,99,99,88,88,0,0,0,1,0
6,60456,1,1,1,1,37,1980,11,4,2010,1,2,30,1,11,1,I-110 RAMP,,231,34.05376944,-118.258411110,0,8,0,0,5,1,1,0,2,1,0,1,0,0000000,99,99,99,99,88,88,0,0,0,1,0
6,60457,1,1,0,3,13,4070,11,4,2010,1,18,10,0,14,6,SAN MIGUEL DR,MT DIABLO BL,0,37.89894722,-122.055958330,0,33,0,0,3,3,4,0,1,2,0,2,0,0000000,99,99,99,99,99,99,0,0,0,2,0
6,60458,1,1,1,2,73,3260,11,4,2010,1,19,45,0,15,6,CAMINO RUIZ,ZAPATA AVE,0,32.92726389,-117.144030560,0,8,0,0,3,2,1,0,3,10,0,10,0,0000000,99,99,99,99,88,88,0,0,0,1,0
6,60459,1,1,0,1,29,0,11,4,2010,1,22,20,1,2,3,SR-58,,394,35.00671944,-117.708769440,0,1,0,0,1,1,3,0,2,10,0,10,0,0000000,99,99,99,99,88,88,0,0,0,1,1
6,60460,1,1,0,1,105,0,5,3,2010,6,19,0,1,2,3,SR-299,,642,40.67001111,-122.867447220,0,42,0,0,1,1,4,0,2,1,0,1,0,0000000,99,99,99,99,88,88,0,0,0,1,1
6,60461,2,2,0,5,67,3150,6,3,2010,7,3,37,0,15,6,CONSUMNES RIVER BL,CENTER PKWY,0,38.48710278,-121.447094440,0,12,6,0,2,2,1,0,3,1,0,1,0,0000000,99,99,99,99,99,99,0,0,0,3,1
6,60462,1,1,0,1,65,3070,6,3,2010,7,15,32,0,16,6,ELSINORE RD,DAVENTRY RD,0,33.95761389,-117.361483330,0,42,0,0,3,2,4,0,1,1,0,1,0,0000000,99,99,99,99,99,99,0,0,0,1,0
6,60463,1,1,0,5,65,3070,6,3,2010,7,17,45,1,11,1,I-215 RAMP,,215,33.94356111,-117.290838890,0,59,0,0,5,1,8,0,2,2,0,2,0,0000000,99,99,99,99,99,99,0,0,0,1,0
6,60464,2,2,0,6,29,0,6,3,2010,7,18,7,0,4,4,ZERKER RD,LERDO HWY,0,35.49961111,-119.152525000,0,12,6,0,2,2,1,0,5,10,0,10,0,0000000,99,99,99,99,99,99,0,0,0,2,0
6,60465,1,1,0,1,101,0,6,3,2010,7,20,25,0,6,4,CRANMORE RD,,0,38.81065278,-121.722980560,0,30,0,0,1,1,5,0,2,1,0,1,0,0000000,99,99,99,99,88,88,0,0,0,1,1
6,60466,1,1,0,1,71,0,6,3,2010,7,99,99,0,4,4,BALDY MESA RD,,0,34.46156111,-117.451100000,0,33,0,0,1,1,4,0,2,10,0,10,0,0000000,99,99,99,99,88,88,0,0,0,1,1
6,60467,2,2,0,3,37,0,7,3,2010,1,10,5,0,14,4,BOUQUET CANYON RD,,0,34.55326944,-118.421580560,0,1,0,0,1,1,1,0,1,10,0,10,0,0000000,99,99,99,99,88,88,14,0,0,1,0
6,60468,2,2,0,4,73,0,7,3,2010,1,12,20,0,4,4,WILDCAT CANYON RD,,0,32.89456111,-116.890180560,0,12,6,0,1,1,1,0,1,10,0,10,0,0000000,99,99,99,99,99,99,0,0,0,1,0
6,60469,4,4,0,10,37,0,8,3,2010,2,9,10,0,3,4,AVALON BLVD,,0,33.91600000,-118.265169440,0,12,1,0,1,1,1,0,1,10,0,10,0,0000000,99,99,99,99,99,99,0,0,0,1,0
6,60470,1,1,0,2,71,0,8,3,2010,2,17,0,1,1,1,I-40,,227,34.81811944,-116.621116670,0,1,0,0,1,1,3,0,1,10,0,10,0,0000000,99,99,99,99,99,99,0,0,0,1,0
6,60471,2,2,0,3,87,0,8,3,2010,2,17,5,0,2,3,SR-129,,99,36.90146944,-121.600130560,0,12,6,0,1,1,1,0,1,10,0,10,0,0000000,99,99,99,99,99,99,0,0,0,1,0
6,60472,2,2,0,3,19,0,13,4,2010,3,18,50,0,4,4,FLORAL AVE,CHESTNUT AVE,0,36.57640278,-119.736944440,0,12,6,0,2,2,1,0,5,1,0,1,0,0000000,18,54,99,99,99,99,0,0,0,1,0
6,60473,2,2,0,3,97,0,9,3,2010,3,14,15,1,2,2,US-101,KASTANIA RD,18,38.21639444,-122.603461110,0,12,6,0,2,3,1,0,1,10,0,10,0,0000000,99,99,99,99,99,99,0,0,0,1,0
6,60474,2,2,0,3,65,0,9,3,2010,3,17,0,1,12,3,SR-74,,360,33.74382500,-117.044652780,0,12,2,0,1,1,1,0,1,1,0,1,0,0000000,99,99,99,99,99,99,0,0,0,3,0
6,60475,6,6,0,7,1,1170,9,3,2010,3,23,19,1,11,1,I-80,,44,37.84001389,-122.296794440,0,12,6,0,1,1,1,0,3,2,0,2,0,0000000,99,99,99,99,88,88,0,0,0,1,0
6,60476,1,1,0,1,71,0,10,3,2010,4,17,50,0,6,4,SPRUCE ST,,0,34.35583056,-117.639930560,0,1,0,0,1,1,1,0,1,1,0,1,0,0000000,99,99,99,99,99,99,0,0,0,1,1
6,60477,1,1,0,1,61,0,11,3,2010,5,2,27,1,1,1,I-80,,167,38.89200000,-121.085861110,0,17,0,0,1,1,4,0,2,1,0,1,0,0000000,99,99,99,99,88,88,0,0,0,1,1
6,60478,1,1,0,1,79,0,11,3,2010,5,3,0,0,6,4,STANTON RD,,0,35.07061111,-120.553611110,0,42,0,0,1,1,4,0,3,1,0,1,0,0000000,99,99,99,99,88,88,0,0,0,1,1
6,60479,2,2,0,2,37,3853,12,3,2010,6,13,0,0,13,3,SR-164,EMPEROR AVE,56,34.11814167,-118.067655560,0,12,6,0,2,2,1,0,1,1,0,1,0,0000000,99,99,99,99,99,99,0,0,0,1,0
6,60480,1,1,0,1,91,0,12,3,2010,6,23,8,1,1,1,I-80,,14,39.46563889,-120.004680560,0,17,0,0,1,1,10,4,2,4,11,4,0,0000000,99,99,99,99,88,88,0,0,0,1,0
6,60481,2,2,0,3,25,0,13,3,2010,7,0,33,0,2,3,SR-78,,165,32.97865000,-115.479350000,0,12,6,0,1,1,1,0,2,1,0,1,0,0000000,99,99,99,99,88,88,0,0,0,1,1
6,60482,1,1,0,1,77,0,13,3,2010,7,4,15,0,4,4,ESCALON BELLOTA RD,,0,37.95563889,-121.000219440,0,38,0,0,1,1,5,0,2,1,0,1,0,0000000,99,99,99,99,88,88,0,0,0,1,1
6,60483,1,1,0,4,77,3770,13,3,2010,7,13,5,1,12,3,SR-99 RAMP,,189,37.96215000,-121.243444440,0,1,0,0,5,1,4,0,1,1,0,1,0,0000000,99,99,99,99,99,99,0,0,0,1,0
6,60484,2,1,0,1,73,3260,14,3,2010,1,0,45,0,16,6,TORRY PINES RD,,0,32.84940556,-117.261750000,0,59,0,0,1,1,5,0,3,1,0,1,0,0000000,99,99,99,99,99,99,0,0,0,1,1
6,60485,1,1,0,1,37,1980,19,2,2010,6,16,0,0,15,6,W PASEO DEL MAR,,0,33.71358056,-118.307452780,0,33,0,0,1,1,4,0,1,1,0,1,0,0000000,99,99,99,99,99,99,0,0,0,1,0
6,60486,1,1,0,2,29,0,19,2,2010,6,99,99,0,4,4,LERDO HWY,,0,35.50033333,-119.529791670,0,1,0,0,1,1,4,0,2,10,0,10,0,0000000,99,99,99,99,99,99,0,0,0,1,1
6,60487,1,1,0,2,37,0,20,2,2010,7,1,38,1,2,3,SR-14,,714,34.74115000,-118.170250000,0,1,0,0,1,1,4,0,2,10,0,10,0,0000000,99,99,99,99,99,99,0,0,0,1,1
6,60488,2,2,0,5,19,0,9,3,2010,3,8,35,0,3,4,JENSEN AVE,,0,36.70687778,-119.805994440,0,12,2,0,1,1,1,0,1,1,0,1,0,0000000,99,99,99,99,99,99,0,0,0,3,0
6,60489,1,1,1,1,37,1946,14,4,2010,4,6,5,0,13,3,SR-1,NARBONNE AVE,138,33.78951389,-118.320008330,0,8,0,0,3,2,1,0,4,1,0,1,0,0000000,6,10,6,11,99,99,0,0,0,1,0
6,60490,2,2,0,2,37,810,14,4,2010,4,8,48,0,13,6,SANTA FE AVE,GREENLEAF BLVD,0,33.88123889,-118.215525000,0,12,6,0,2,2,1,0,1,1,0,1,0,0000000,99,99,99,99,99,99,0,0,0,1,0
6,60491,2,2,0,4,67,1300,14,4,2010,4,13,22,0,16,6,COLOMA ST,DEAN WY,0,38.67600278,-121.168644440,0,12,6,0,2,3,1,0,1,1,0,1,0,0000000,13,24,13,33,99,99,0,0,0,1,0
6,60492,1,1,0,1,65,0,14,4,2010,4,17,20,1,1,1,I-10,,1442,33.60891111,-114.742788890,0,1,0,0,1,1,2,0,1,1,0,1,0,0000000,99,99,99,99,88,88,0,0,0,1,0
6,60493,1,1,0,1,73,3260,4,4,2010,1,21,8,0,14,6,FEDERAL BLVD,,0,32.72724167,-117.068288890,0,33,0,0,1,1,4,0,2,1,0,1,0,0000000,99,99,99,99,88,88,0,0,0,1,0
6,60494,1,1,1,1,73,3260,17,3,2010,4,11,45,0,16,6,CAMINO MAQUILADORA,,0,32.56679722,-116.988816670,0,8,0,0,1,1,1,0,1,1,0,1,0,0000000,99,99,99,99,88,88,0,0,0,1,0
6,60495,1,1,0,1,83,0,17,3,2010,4,16,34,1,2,3,SR-1,,76,34.53103611,-120.345313890,0,1,0,0,1,1,1,0,1,1,0,1,0,0000000,99,99,99,99,99,99,0,0,0,1,0
6,60496,1,1,1,2,73,3260,18,3,2010,5,16,40,0,13,6,PACIFIC HIGHWAY,W HARBOR DR,0,32.71149167,-117.171058330,0,8,0,0,3,2,1,0,1,10,0,10,0,0000000,99,99,99,99,99,99,0,0,0,1,0
6,60497,2,2,0,2,73,3260,13,4,2010,3,14,4,0,15,6,NAVAJO RD,GOLFCREST DR,0,32.80413056,-117.038097220,0,12,6,0,2,2,1,0,1,1,0,1,0,0000000,99,99,99,99,99,99,0,0,0,1,0
6,60498,1,1,1,1,37,1980,16,4,2010,6,12,10,0,14,6,OXNARD ST,,0,34.17938889,-118.423013890,0,9,0,0,1,1,1,0,1,1,0,1,0,0000000,99,99,99,99,99,99,0,0,0,1,0
6,60499,1,1,0,2,73,0,16,4,2010,6,17,2,1,11,1,I-8,,300,32.83617778,-116.753680560,0,1,0,0,1,1,3,0,1,1,0,1,0,0000000,99,99,99,99,88,88,0,0,0,2,1
6,60500,2,2,0,3,19,1370,16,4,2010,6,22,59,0,13,6,E MCKINLEY AVE,,0,36.76498056,-119.791052780,0,12,1,0,1,1,1,0,3,1,0,1,0,0000000,99,99,99,99,99,99,0,0,0,2,1
6,60501,2,2,0,7,13,2790,16,4,2010,6,23,40,0,14,6,BUCHANAN RD,BROOKSIDE DR,0,37.99806389,-121.892769440,0,12,6,0,2,3,1,0,3,10,0,10,0,0000000,99,99,99,99,99,99,0,0,0,2,1
6,60502,1,1,0,1,73,3260,17,4,2010,7,1,6,0,14,6,NATIONAL AVE,S 26TH ST,0,32.69589444,-117.138100000,0,7,0,0,2,2,1,0,3,1,0,1,0,0000000,88,88,88,88,88,88,0,0,0,1,1
6,60503,1,1,0,1,73,3260,15,4,2010,5,17,17,0,14,6,CANNON RD,,0,33.16871389,-117.262380560,0,39,0,0,1,1,5,0,1,1,0,1,0,0000000,99,99,99,99,99,99,0,0,0,1,0
6,60504,1,1,0,2,7,0,17,4,2010,7,2,14,0,6,4,ORO QUINCY HWY,,0,39.50516667,-121.499675000,0,42,0,0,1,1,6,0,2,1,0,1,0,0000000,99,99,99,99,99,99,0,0,0,1,1
6,60505,2,2,0,2,73,0,18,4,2010,1,4,0,0,4,4,OLD CASTLE ROAD,,0,33.25214722,-117.109194440,0,12,6,0,1,1,1,0,2,1,0,1,0,0000000,99,99,99,99,99,99,0,0,0,2,0
6,60506,1,1,1,1,1,3993,17,3,2010,4,6,15,0,15,6,REGENTS BLVD,,0,37.58161667,-122.071102780,0,8,0,0,1,1,1,0,3,1,0,1,0,0000000,99,99,99,99,88,88,0,0,0,1,0
6,60507,1,1,0,2,37,1550,5,4,2010,2,0,13,0,15,6,147TH STREET,,0,33.89786944,-118.365372220,0,30,0,0,1,1,4,0,3,1,0,1,0,0000000,99,99,99,99,99,99,0,0,0,1,1
6,60508,1,1,0,1,73,3260,6,4,2010,3,1,23,1,11,1,I-805 RAMP,,175,32.76093333,-117.161311110,0,23,0,1,5,1,4,0,2,1,0,1,0,0000000,99,99,99,99,88,88,0,0,0,1,1
6,60509,1,1,0,2,67,0,9,4,2010,6,12,15,1,2,3,SR-99,,162,38.45636944,-121.410088890,0,25,0,0,1,1,3,0,1,1,0,1,0,0000000,99,99,99,99,99,99,0,0,0,1,0
6,60510,1,1,0,2,37,0,20,2,2010,7,3,0,0,6,4,AVENUE 5,,0,34.55806944,-118.151488890,0,33,0,0,1,1,3,0,2,2,0,2,0,0000000,99,99,99,99,99,99,0,0,0,1,1
6,60511,2,2,0,3,59,1345,20,2,2010,7,8,22,0,14,6,BUSINESS ST,HEIL AVE,0,33.72319722,-117.972005560,0,12,6,0,2,2,1,0,1,10,0,10,0,0000000,99,99,99,99,99,99,0,0,0,1,0
6,60512,1,1,0,2,7,0,20,2,2010,7,11,51,0,2,3,SR-162,,38,39.46451111,-121.799280560,0,35,0,0,1,1,4,0,1,10,0,10,0,0000000,99,99,99,99,88,88,0,0,0,2,1
6,60513,1,1,0,1,67,3150,20,2,2010,7,12,13,0,12,3,SR-51,,17,38.58188889,-121.462830560,0,1,0,0,1,1,1,0,1,10,0,10,0,0000000,99,99,99,99,99,99,0,0,0,1,0
6,60514,1,1,0,1,65,0,20,2,2010,7,23,0,0,4,4,DILLON RD,,0,33.92518056,-116.434450000,0,30,0,0,1,1,4,0,3,1,0,1,0,0000000,99,99,99,99,88,88,0,0,0,1,1
6,60515,1,1,0,1,85,2311,21,2,2010,1,2,33,0,14,6,MIDDLEFIELD RD,,0,37.38944167,-122.047783330,0,42,0,0,1,1,3,0,3,1,0,1,0,0000000,99,99,99,99,88,88,0,0,0,1,1
6,60516,2,2,0,4,71,2550,21,2,2010,1,4,20,1,11,1,I-10,,82,34.08701667,-117.642138890,0,12,1,0,1,1,1,0,3,2,0,2,0,0000000,99,99,99,99,99,99,0,0,0,1,1
6,60517,2,2,0,2,37,0,21,2,2010,1,8,5,0,4,4,AVENUE J,110TH ST E,0,34.69008056,-117.934369440,0,12,6,0,2,2,1,0,1,1,0,1,0,0000000,99,99,99,99,99,99,0,0,0,1,0
6,60518,2,2,0,6,67,0,21,2,2010,1,14,17,0,2,4,HAZEL AVE,,0,38.69933611,-121.225150000,0,12,6,0,1,1,1,0,1,2,0,2,0,0000000,99,99,99,99,99,99,0,0,0,1,0
6,60519,1,1,0,1,73,0,21,2,2010,1,14,35,0,2,3,SR-67,,108,32.82365000,-116.945738890,0,43,0,0,1,1,4,0,1,10,0,10,0,0000000,99,99,99,99,88,88,0,0,0,1,0
6,60520,2,2,0,2,37,0,22,2,2010,2,18,3,0,2,6,E BADILLO ST,SUNSET AVE,0,34.08670278,-117.934166670,0,1,0,0,2,2,1,0,5,1,0,1,0,0000000,99,99,99,99,88,88,14,0,0,1,0
6,60521,1,1,0,2,37,0,22,2,2010,2,21,20,0,4,4,SAND CANYON RD,,0,34.36366944,-118.388938890,0,1,0,0,1,1,4,0,3,1,0,1,0,0000000,99,99,99,99,99,99,0,0,0,1,0
6,60522,2,2,0,2,37,300,22,2,2010,2,21,20,1,11,1,I-710,,211,33.98795000,-118.170533330,0,12,1,0,1,1,1,0,2,1,0,1,0,0000000,99,99,99,99,99,99,0,0,0,1,0
6,60523,2,2,0,5,37,4120,22,2,2010,2,22,31,1,11,1,I-10,,373,34.07228056,-117.894350000,0,39,0,0,1,1,4,0,3,1,0,1,0,0000000,99,99,99,99,99,99,0,0,0,1,0
6,60524,2,2,0,2,73,3260,23,2,2010,3,7,43,1,11,1,I-5,,153,32.71653889,-117.147980560,0,12,6,0,1,1,1,0,1,1,0,1,0,0000000,99,99,99,99,88,88,0,0,0,1,0
6,60525,2,2,0,2,45,0,23,2,2010,3,18,25,1,2,2,US-101,,652,39.63168889,-123.464355560,0,12,2,0,1,1,1,0,2,2,10,2,0,0000000,99,99,99,99,99,99,0,0,0,1,0
6,60526,1,1,0,2,45,0,23,2,2010,3,23,15,1,2,2,US-101,,386,39.31343333,-123.297780560,0,1,0,0,1,1,4,0,2,2,10,2,0,0000000,99,99,99,99,88,88,0,0,0,2,1
6,60527,2,2,0,2,67,0,24,2,2010,4,23,0,0,2,4,MARCONI AVE,FAIR OAKS BLVD,0,38.61700833,-121.328625000,0,12,6,0,2,2,1,0,3,10,0,10,0,0000000,99,99,99,99,99,99,20,0,0,1,0
6,60528,1,1,0,3,107,0,25,2,2010,5,0,55,0,5,4,RICHGROVE DR,,0,35.86706111,-119.053938890,0,23,0,0,1,1,4,0,2,10,0,10,0,0000000,99,99,99,99,99,99,0,0,0,1,1
6,60529,1,1,0,1,65,3070,27,3,2010,7,4,15,1,12,3,SR-91,,131,33.90626944,-117.456280560,0,42,0,0,1,1,4,0,2,1,0,1,0,0000000,99,99,99,99,88,88,0,0,0,1,0
6,60530,2,2,0,3,13,3400,7,4,2010,4,21,14,0,14,6,CHURCH LN,,0,37.96102500,-122.337269440,0,12,6,0,8,1,1,0,3,1,0,1,0,0000000,99,99,99,99,88,88,0,0,0,1,1
6,60531,1,1,1,1,37,2870,14,4,2010,4,19,41,0,14,6,GAREY AVE,BONITA AVE,0,34.09625278,-117.748572220,0,8,0,0,3,2,1,0,3,1,0,1,0,0000000,99,99,99,99,99,99,0,0,0,1,0
6,60532,1,1,1,1,37,3686,14,4,2010,4,21,9,0,13,3,SR-164,,48,34.06256944,-118.065422220,0,8,0,0,1,1,1,0,3,1,0,1,0,0000000,99,99,99,99,99,99,0,0,0,1,0
6,60533,1,1,0,1,23,0,14,4,2010,4,23,11,1,2,2,US-101,NORTHWESTERN AVE,551,40.51060278,-124.123450000,0,59,0,0,3,3,3,0,2,10,0,10,0,0000000,99,99,99,99,88,88,0,0,0,1,1
6,60534,4,1,0,1,29,3020,15,4,2010,5,14,10,0,13,3,SR-178,,1023,35.62838056,-117.670261110,0,14,0,0,1,1,7,0,1,1,0,1,0,0000000,99,99,99,99,99,99,0,0,0,1,0
6,60535,2,2,0,2,71,4040,19,4,2010,2,20,36,0,14,6,BEAR VALLEY RD,CANTINA DR,0,34.47035833,-117.395069440,0,1,0,0,3,3,1,0,3,1,0,1,0,0000000,99,99,99,99,99,99,14,0,0,1,0
6,60536,4,4,0,12,37,0,11,4,2010,1,23,57,1,1,1,I-5,,458,34.33573889,-118.510719440,0,12,98,0,1,1,1,1,2,10,2,2,0,0000000,99,99,99,99,99,99,19,23,0,5,0
6,60537,1,1,0,2,35,0,12,4,2010,2,11,25,1,2,2,US-395,,1179,40.89645278,-120.486502780,0,1,0,0,1,1,4,0,1,10,0,10,0,0000000,99,99,99,99,99,99,0,0,0,1,0
6,60538,2,2,0,8,37,1840,17,4,2010,7,2,35,1,12,3,SR-14,,655,34.65246944,-118.153469440,0,12,1,0,1,1,1,0,3,1,0,1,0,0000000,99,99,99,99,88,88,0,0,0,1,1