STATE,ST_CASE,VE_TOTAL,VE_FORMS,PEDS,PERSONS,COUNTY,CITY,DAY,MONTH,YEAR,DAY_WEEK,HOUR,MINUTE,NHS,ROAD_FNC,ROUTE,TWAY_ID,TWAY_ID2,MILEPT,LATITUDE,LONGITUD,SP_JUR,HARM_EV,MAN_COLL,RELJCT1,RELJCT2,TYP_INT,REL_ROAD,WRK_ZONE,LGT_COND,WEATHER1,WEATHER2,WEATHER,SCH_BUS,RAIL,NOT_HOUR,NOT_MIN,ARR_HOUR,ARR_MIN,HOSP_HR,HOSP_MN,CF1,CF2,CF3,FATALS,DRUNK_DR
6,60539,1,1,1,1,37,1980,17,4,2010,7,6,45,0,13,6,SEPULVEDA BL,PALMS BL,0,34.01905278,-118.422188890,0,8,0,0,3,2,1,0,1,1,0,1,0,0000000,6,48,99,99,99,99,0,0,0,1,0
6,60540,3,2,0,5,53,3180,17,4,2010,7,17,26,0,14,6,S MAIN ST,ROMIE LN,0,36.66259167,-121.657736110,0,12,6,0,2,2,1,0,1,1,0,1,0,0000000,99,99,99,99,99,99,20,0,0,1,0
6,60541,2,2,0,2,77,0,17,4,2010,7,21,35,0,5,4,VAN ALLEN RD,GAWNE RD,0,37.89268611,-121.055355560,0,12,6,0,2,2,1,0,2,1,0,1,0,0000000,99,99,99,99,99,99,0,0,0,1,0
6,60542,2,2,0,6,29,0,17,4,2010,7,23,43,0,2,3,SR-184,REYNOLDS AVE,35,35.28788056,-118.914386110,0,12,6,0,2,3,1,0,3,1,0,1,0,0000000,99,99,99,99,99,99,0,0,0,3,1
6,60543,1,1,0,2,47,190,18,4,2010,1,2,40,1,12,3,SR-99,,242,37.35448056,-120.631630560,0,59,0,0,1,1,4,0,3,1,0,1,0,0000000,99,99,99,99,99,99,0,0,0,1,1
6,60544,1,1,1,1,73,0,18,4,2010,1,2,55,1,2,3,SR-94,,199,32.71617222,-116.873288890,0,8,0,0,1,1,1,0,2,1,0,1,0,0000000,99,99,99,99,99,98,0,0,0,1,0
6,60545,2,2,0,2,19,740,15,4,2010,5,17,0,0,14,6,PEACH AVE,HOLLAND AVE,0,36.79760278,-119.718186110,0,1,0,0,2,2,1,0,1,1,0,1,0,0000000,99,99,99,99,99,99,4,14,0,1,0
6,60546,1,1,1,1,67,3150,9,4,2010,6,10,12,0,13,6,47TH AVE,,0,38.50999444,-121.475358330,0,10,0,0,6,1,1,0,1,1,0,1,0,9999999,99,99,99,99,99,99,0,0,0,1,0
6,60547,1,1,1,1,37,1980,11,4,2010,1,3,25,0,13,6,WESTERN AVE,PICO BL,0,34.04723611,-118.309127780,0,33,0,0,3,2,4,0,3,1,0,1,0,0000000,99,99,99,99,88,88,15,0,0,1,1
6,60548,3,3,0,4,37,245,18,4,2010,1,16,44,1,11,1,I-40,,320,34.06702222,-117.985138890,0,12,1,0,1,1,1,0,1,10,0,10,0,0000000,99,99,99,99,99,99,14,0,0,1,0
6,60549,1,1,0,1,65,0,19,4,2010,2,6,56,0,6,4,CARANCHO RD,,0,33.49620556,-117.251930560,0,42,0,0,1,1,5,0,4,10,0,10,0,0000000,99,99,99,99,88,88,0,0,0,1,1
6,60550,2,2,0,2,61,0,19,4,2010,2,7,0,0,4,4,FORESTHILL RD,,0,39.00057500,-120.899950000,0,12,2,0,1,1,1,0,1,1,0,1,0,0000000,99,99,99,99,99,99,0,0,0,1,0
6,60551,2,2,0,5,101,0,19,4,2010,2,15,12,0,2,3,SR-99,,238,39.04268889,-121.634711110,0,12,2,0,1,1,1,0,1,10,0,10,0,0000000,99,99,99,99,99,99,0,0,0,1,0
6,60552,3,3,0,4,73,860,21,4,2010,4,14,10,0,12,3,SR-75,,144,32.63122500,-117.139900000,0,12,1,0,1,1,1,0,1,10,0,10,0,0000000,99,99,99,99,99,99,0,0,0,1,1
6,60553,1,1,1,1,107,0,23,4,2010,6,1,52,0,12,3,SR-190,JAYE ST,159,36.05144167,-119.026330560,0,8,0,0,3,2,1,0,3,1,0,1,0,0000000,99,99,99,99,99,99,0,0,0,1,0
6,60554,1,1,0,1,29,0,14,3,2010,1,3,42,1,12,3,SR-99,,220,35.33031111,-119.039600000,0,1,0,0,1,1,4,0,2,1,0,1,0,0000000,99,99,99,99,88,88,0,0,0,1,1
6,60555,2,2,0,4,37,0,14,3,2010,1,13,52,0,4,4,MOUNT BALDY RD,,0,34.19470000,-117.678061110,0,12,6,0,1,1,1,0,1,1,0,1,0,0000000,99,99,99,99,88,88,0,0,0,1,0
6,60556,2,2,0,2,107,0,15,3,2010,2,15,10,0,2,3,SR-190,ROAD 152,44,36.05154444,-119.232430560,0,12,6,0,2,2,1,0,1,1,0,1,0,0000000,99,99,99,99,88,88,0,0,0,1,1
6,60557,2,2,0,3,11,0,16,3,2010,3,17,42,0,2,3,SR-30,SCHAAD RD,177,39.15293056,-122.226769440,0,12,6,0,2,3,1,0,1,1,0,1,0,0000000,99,99,99,99,99,99,0,0,0,1,0
6,60558,2,1,0,1,61,0,16,3,2010,3,23,50,0,6,4,HARRISON ST,,0,39.02148056,-120.816288890,0,14,0,0,1,1,2,0,2,1,0,1,0,0000000,99,99,99,99,88,88,0,0,0,1,1
6,60559,2,2,0,4,95,4020,17,3,2010,4,2,50,0,13,6,CLOUMBUS PKWY,ASCOT PKWY,0,38.11029167,-122.196358330,0,12,6,0,2,2,1,0,3,1,0,1,0,0000000,99,99,99,99,99,99,0,0,0,1,1
6,60560,3,3,0,4,111,3641,17,3,2010,4,17,14,0,14,6,ROYAL AVE,SINALOA RD,0,34.26452222,-118.787613890,0,12,6,0,2,2,1,0,1,1,0,1,0,0000000,99,99,99,99,17,35,0,0,0,2,0
6,60561,2,2,0,3,61,0,17,3,2010,4,17,35,0,4,4,DRY CREEK RD,,0,38.96050278,-121.068016670,0,12,2,0,1,1,1,0,1,1,0,1,0,0000000,99,99,99,99,99,99,0,0,0,1,0
6,60562,2,2,0,2,107,0,18,3,2010,5,13,30,0,5,4,ROAD 208,AVENUE 192,0,36.13851111,-119.107319440,0,12,2,0,2,3,1,0,1,1,0,1,0,0000000,99,99,99,99,99,99,0,0,0,1,0
6,60563,5,5,0,5,95,1260,18,3,2010,5,14,0,0,13,6,AIRBASE PKWY,,0,38.27273611,-122.010475000,0,1,0,0,1,1,3,0,1,1,0,1,0,0000000,99,99,99,99,99,99,0,0,0,1,0
6,60564,2,2,0,4,65,0,18,3,2010,5,17,20,0,2,4,VAN BUREN BL,,0,33.88650000,-117.285100000,0,12,2,0,1,1,1,0,1,1,0,1,0,0000000,99,99,99,99,99,99,0,0,0,1,0
6,60565,1,1,0,2,73,0,18,3,2010,5,22,40,1,1,1,I-8,,733,32.64148889,-116.174650000,0,17,0,0,1,1,3,0,2,1,0,1,0,0000000,99,99,99,99,99,99,0,0,0,1,0
6,60566,1,1,1,1,77,3770,5,3,2010,6,21,28,1,12,3,SR-4 RAMP,,162,37.94936944,-121.299230560,0,8,0,1,5,1,1,0,3,1,0,1,0,0000000,99,99,99,99,88,88,0,0,0,1,0
6,60567,2,2,0,2,65,0,20,3,2010,7,4,40,1,11,1,I-15,,21,33.46496944,-117.136269440,0,12,6,0,1,1,1,0,2,1,0,1,0,0000000,99,99,99,99,88,88,19,23,0,1,0
6,60568,1,1,0,2,71,0,20,3,2010,7,5,28,1,1,1,I-15,,986,34.97902500,-116.609252780,0,1,0,0,1,1,3,0,2,1,0,1,0,0000000,99,99,99,99,99,98,0,0,0,1,0
6,60569,1,1,2,1,37,1695,20,3,2010,7,9,25,0,14,6,TEMPLE AVE,,0,34.05375556,-118.001725000,0,10,0,0,6,1,1,0,1,1,0,1,0,746903y,99,99,99,99,99,99,0,0,0,1,0
6,60570,2,2,0,2,37,1980,20,3,2010,7,21,40,0,13,6,OLYMPIC BLVD,BEVERLY GLEN BLVD,0,34.05033611,-118.420572220,0,12,6,0,2,2,1,0,2,1,0,1,0,0000000,99,99,99,99,88,88,0,0,0,1,0
6,60571,1,1,0,1,89,0,20,3,2010,7,99,99,0,2,3,SR-299,,435,40.63929167,-122.236933330,0,42,0,0,1,1,4,0,1,1,0,1,0,0000000,99,99,99,99,88,88,0,0,0,1,1
6,60572,2,2,0,5,67,3150,21,3,2010,1,1,40,0,13,6,POWER INN RD,ELDER CREEK RD,0,38.51052778,-121.409075000,0,12,6,0,2,2,1,0,3,1,0,1,0,0000000,99,99,99,99,99,99,0,0,0,1,2
6,60573,2,2,0,6,77,3770,21,3,2010,1,16,53,0,13,6,AIRPORT WY,OAK ST,0,37.96136389,-121.275808330,0,12,6,0,2,2,1,0,1,1,0,1,0,0000000,99,99,99,99,99,99,0,0,0,1,0
6,60574,1,1,0,4,107,0,21,3,2010,1,22,45,0,5,4,BIA 70,,0,36.03043889,-118.783811110,3,35,0,0,1,1,4,0,3,1,0,1,0,0000000,99,99,99,99,88,88,0,0,0,1,1
6,60575,2,2,0,4,5,0,23,3,2010,3,7,50,1,2,3,SR-88,,98,38.34341111,-120.869261110,0,12,2,0,1,1,1,0,1,1,0,1,0,0000000,99,99,99,99,99,99,0,0,0,1,0
6,60576,1,1,0,1,115,0,23,3,2010,3,18,30,0,4,4,WILLOW GLEN RD,,0,39.37131944,-121.320930560,0,30,0,0,1,1,4,0,1,1,0,1,0,0000000,99,99,99,99,88,88,0,0,0,1,0
6,60577,1,1,0,2,37,3455,23,3,2010,3,23,25,1,11,1,I-5,,67,33.93896111,-118.094969440,0,58,0,0,1,1,4,0,3,1,0,1,0,0000000,99,99,99,99,88,88,0,0,0,2,0
6,60578,2,2,0,3,13,3010,31,3,2010,4,12,42,0,12,6,RICHMOND PKWY,,0,37.95392778,-122.373500000,0,12,1,0,1,1,1,0,1,10,0,10,1,0000000,99,99,99,99,88,88,0,0,0,2,0
6,60579,2,2,0,3,37,0,1,4,2010,5,18,30,0,3,6,FRANCISQUITO AVE,WILLOW AVE,0,34.06073056,-117.963461110,0,12,6,0,2,2,1,0,1,10,0,10,0,0000000,99,99,99,99,99,99,0,0,0,1,0
6,60580,3,3,0,3,65,1688,1,4,2010,5,22,5,0,12,3,SR-111,,376,33.72140278,-116.356069440,0,12,1,0,1,1,1,0,3,1,0,1,0,0000000,99,99,99,99,99,99,0,0,0,1,0
6,60581,1,1,1,4,67,3150,18,4,2010,1,3,43,0,13,6,HOWE AVE,,0,38.55493333,-121.409330560,0,9,0,0,1,1,1,0,2,1,0,1,0,0000000,99,99,99,99,88,88,0,0,0,1,1
6,60582,2,2,1,2,75,3290,21,4,2010,4,10,59,0,13,6,MISSION ST,,0,37.79128611,-122.395677780,0,8,0,0,1,1,1,0,1,10,0,10,0,0000000,99,99,99,99,99,99,0,0,0,1,0
6,60583,1,1,0,1,71,0,21,4,2010,4,11,5,1,1,1,I-15 RAMP,,794,34.90093056,-116.926819440,0,1,0,1,5,1,4,0,1,10,0,10,0,0000000,99,99,99,99,88,88,0,0,0,1,0
6,60584,1,1,1,1,37,1980,21,4,2010,4,11,50,0,13,6,FIGUEROA ST,,0,34.06040556,-118.247683330,0,8,0,0,1,1,1,0,1,10,0,10,0,0000000,99,99,99,99,99,99,0,0,0,1,0
6,60585,1,1,1,1,37,1695,21,4,2010,4,12,35,0,14,6,NOGALES ST,ARENTH AVE,0,34.00121944,-117.887872220,0,9,0,0,3,3,1,0,1,1,0,1,0,0000000,99,99,99,99,99,99,0,0,0,1,0
6,60586,1,1,1,2,71,2550,21,4,2010,4,14,16,0,13,6,GROVE AVE,5TH ST,0,34.08123611,-117.628558330,0,8,0,0,3,3,1,0,1,10,0,10,0,0000000,99,99,99,99,99,99,0,0,0,1,0
6,60587,1,1,0,1,9,0,21,4,2010,4,18,16,0,4,4,SHEEP RANCH RD,,0,38.23871944,-120.501050000,0,38,0,0,1,1,4,0,1,10,0,10,0,0000000,99,99,99,99,88,88,0,0,0,1,1
6,60588,2,2,0,3,37,1980,21,4,2010,4,20,9,0,14,6,GLENOAKS BL,,0,34.30331111,-118.444213890,0,12,6,0,1,1,1,0,3,10,0,10,0,0000000,99,99,99,99,99,99,0,0,0,1,0
6,60589,1,1,1,1,37,930,22,4,2010,5,11,0,0,16,6,WASHINGTON PL,CENTINELA AVE,0,33.99690556,-118.428486110,0,8,0,0,3,2,1,0,1,1,0,1,0,0000000,99,99,99,99,99,99,0,0,0,1,0
6,60590,2,2,0,3,19,0,22,4,2010,5,11,45,0,2,4,CEDAR AVE,CONEJO AVE,0,36.51824167,-119.755183330,0,12,6,0,2,2,1,0,1,10,0,10,0,0000000,99,99,99,99,99,98,0,0,0,1,0
6,60591,2,2,0,3,39,2050,19,3,2010,6,16,5,0,15,6,CLARK ST,FAIRVIEW AVE,0,36.98008056,-120.077047220,0,12,6,0,2,3,1,0,1,1,0,1,0,0000000,99,99,99,99,99,99,0,0,0,1,0
6,60592,1,1,1,6,99,2200,27,3,2010,7,22,4,0,13,6,PARADISE RD,ELLEN AVE,0,37.62660556,-121.013594440,0,8,0,0,3,3,1,0,3,1,0,1,0,0000000,99,99,99,99,99,99,0,0,0,1,0
6,60593,1,1,0,3,65,0,29,3,2010,2,1,30,1,2,3,SR-60,,25,34.01815000,-117.518888890,0,33,0,0,1,1,4,0,3,1,0,1,0,0000000,99,99,99,99,99,99,0,0,0,1,0
6,60594,1,1,0,1,19,1370,28,3,2010,1,18,36,0,14,6,S MAPLE AVE,,0,36.72305000,-119.745383330,0,42,0,0,1,1,5,0,1,1,0,1,0,0000000,99,99,99,99,99,99,0,0,0,1,1
6,60595,1,1,0,1,1,2480,28,3,2010,1,3,50,1,1,1,I-80,,30,37.82898333,-122.293830560,0,20,0,1,19,1,8,0,3,1,0,1,0,0000000,99,99,99,99,88,88,0,0,0,1,1
6,60596,1,1,1,2,37,1980,30,3,2010,3,5,25,0,13,6,LAUREL CYN BLVD,,0,34.25929167,-118.432627780,0,8,0,0,1,1,1,0,4,1,0,1,0,0000000,99,99,99,99,88,88,0,0,0,1,0
6,60597,1,1,0,5,37,1980,18,4,2010,1,18,30,0,13,6,LA CIENEGA BL,,0,34.01183056,-118.373566670,0,33,0,1,5,1,4,0,1,1,0,1,0,0000000,99,99,99,99,99,99,0,0,0,2,1
6,60598,2,2,0,6,75,3290,24,4,2010,7,0,46,0,16,6,QUINTARA ST,48TH AVE,0,37.74716111,-122.507172220,0,12,6,0,2,2,1,0,3,1,0,1,0,0000000,99,99,99,99,99,99,0,0,0,1,1
6,60599,2,2,0,4,37,0,24,4,2010,7,2,9,0,2,4,ATLANTIC AVE,,0,33.90375000,-118.193788890,0,12,6,0,1,1,1,0,3,1,0,1,0,0000000,99,99,99,99,99,99,20,0,0,2,0
6,60600,1,1,0,2,77,3770,24,4,2010,7,3,13,0,13,6,AIRPORT WY,,0,37.92260278,-121.263827780,0,23,0,0,1,1,3,0,3,1,0,1,0,0000000,99,99,99,99,99,99,0,0,0,1,1
6,60601,2,2,0,2,7,2600,23,4,2010,6,15,30,0,16,6,TABLE MTN BL,,0,39.51893056,-121.550311110,0,12,2,0,1,1,1,0,1,1,0,1,1,0000000,99,99,99,99,88,88,20,0,0,1,1
6,60602,2,2,0,4,31,220,24,4,2010,7,16,2,0,12,3,SR-269,,50,36.07550000,-120.102111110,0,12,2,0,1,1,1,0,1,1,0,1,0,0000000,99,99,99,99,99,99,0,0,0,1,1
6,60603,1,1,0,1,71,0,24,4,2010,7,19,20,0,4,4,HELENDALE RD,,0,34.74339444,-117.334950000,0,33,0,0,1,1,4,0,5,1,0,1,0,0000000,99,99,99,99,99,99,0,0,0,1,1
6,60604,3,3,0,3,37,1980,6,4,2010,3,7,40,1,12,2,US-101,,133,34.15498889,-118.399361110,0,12,7,0,1,1,1,0,1,1,0,1,0,0000000,99,99,99,99,88,88,0,0,0,1,0
6,60605,1,1,2,1,29,240,19,4,2010,2,21,20,0,13,6,E CALIFORNIA AVE,BAKER ST,0,35.36842778,-118.995847220,0,8,0,0,3,2,1,0,3,1,0,1,0,0000000,99,99,99,99,99,99,0,0,0,1,0
6,60606,2,2,0,3,53,0,20,4,2010,3,6,40,1,2,2,US-101,,983,36.81728889,-121.634761110,0,12,2,0,1,1,1,0,1,2,0,2,0,0000000,99,99,99,99,99,99,0,0,0,1,0
6,60607,4,4,0,5,7,0,20,4,2010,3,6,45,0,2,3,SR-99,,163,39.58901111,-121.688980560,0,12,8,0,1,1,1,0,1,2,0,2,0,0000000,6,50,99,99,99,99,0,0,0,1,0
6,60608,2,2,0,3,23,0,20,4,2010,3,10,58,1,2,2,US-101,,999,41.30728611,-124.045202780,0,12,2,0,1,1,1,0,1,2,0,2,0,0000000,11,1,99,99,99,99,0,0,0,1,0
6,60609,2,2,0,3,67,0,20,4,2010,3,16,15,1,2,3,SR-12,,21,38.14736944,-121.650350000,0,12,2,0,1,1,1,0,1,10,0,10,0,0000000,16,16,99,99,99,99,0,0,0,2,0
6,60610,2,2,0,5,45,0,6,2,2010,7,23,15,1,2,3,SR-20,,333,39.23782222,-123.171908330,0,12,2,0,1,1,1,0,2,1,0,1,0,0000000,99,99,99,99,99,99,0,0,0,1,0
6,60611,3,3,0,10,71,3,20,2,2010,7,23,40,1,12,2,US-395,,146,34.55850833,-117.405030560,0,12,2,0,1,1,1,0,2,1,0,1,0,0000000,99,99,99,99,99,99,0,0,0,3,2
6,60612,2,2,0,2,37,1980,26,2,2010,6,2,50,1,11,1,I-5,,503,34.30216389,-118.478805560,0,12,1,0,1,1,1,0,3,10,0,10,0,0000000,99,99,99,99,88,88,0,0,0,1,0
6,60613,1,1,0,2,59,1660,20,3,2010,7,18,18,0,13,6,GOLDENWEST ST,PECAN AVE,0,33.67165000,-118.013783330,0,33,0,0,2,3,3,0,1,1,0,1,0,0000000,99,99,99,99,99,99,0,0,0,2,1
6,60614,1,1,1,1,97,0,25,3,2010,5,20,15,0,2,3,SR-116,,120,38.50195556,-122.998708330,0,8,0,0,1,1,1,0,3,10,0,10,0,0000000,99,99,99,99,88,88,0,0,0,1,0
6,60615,2,2,0,2,73,3260,18,4,2010,1,8,15,0,15,6,NIMITZ BLVD,CENTROLOMA DR,0,32.73798333,-117.230872220,0,12,6,0,2,2,1,0,1,1,0,1,0,0000000,99,99,99,99,99,99,0,0,0,1,0
6,60616,2,2,0,3,81,1343,18,4,2010,1,12,56,1,12,3,SR-92,,144,37.57378333,-122.262308330,0,12,1,0,1,1,1,0,1,1,0,1,0,0000000,99,99,99,99,88,88,23,0,0,1,0
6,60617,1,1,0,1,77,3880,18,4,2010,1,15,35,1,11,1,I-205,,50,37.75074444,-121.471708330,0,1,0,0,1,1,5,0,1,1,0,1,0,0000000,99,99,99,99,99,99,0,0,0,1,0
6,60618,1,1,0,5,37,0,6,4,2010,3,1,25,1,1,1,I-5,,685,34.60323889,-118.712088890,0,59,0,0,1,1,4,0,2,1,0,1,0,0000000,99,99,99,99,99,99,0,0,0,1,0
6,60619,1,1,0,1,85,0,6,4,2010,3,20,23,0,5,4,METCALF RD,,0,37.23730000,-121.727100000,0,1,0,0,1,1,1,0,2,1,0,1,0,0000000,99,99,99,99,88,88,0,0,0,1,1
6,60620,1,1,0,2,37,1045,7,4,2010,4,0,49,0,13,6,IMPERIAL HWY,LAKEWOOD BLVD,0,33.91708611,-118.137725000,0,46,0,0,3,2,4,0,3,1,0,1,0,0000000,99,99,99,99,88,88,0,0,0,1,1
6,60621,1,1,0,2,39,0,9,4,2010,6,13,55,1,2,3,SR-99 RAMP,,236,37.03760278,-120.215213890,0,59,0,0,5,1,4,0,1,1,0,1,0,0000000,99,99,99,99,99,99,0,0,0,1,0
6,60622,1,1,1,1,71,0,13,4,2010,3,99,99,1,1,1,I-10,,184,34.06841111,-117.398650000,0,8,0,0,1,1,1,0,2,1,0,1,0,0000000,99,99,99,99,88,88,0,0,0,1,0
6,60623,2,1,1,1,77,3770,1,1,2010,6,20,45,0,13,6,WILSON WY,JACKSON ST,0,37.94386389,-121.268350000,0,8,0,0,3,3,1,0,3,1,0,1,0,0000000,99,99,99,99,99,99,14,0,0,1,0
6,60624,1,1,0,2,73,3260,28,2,2010,1,3,21,0,12,3,SR-52,,117,32.84561111,-117.026733330,0,21,0,0,1,1,3,0,2,5,0,5,0,0000000,99,99,99,99,99,99,20,0,0,1,0
6,60625,1,1,0,2,71,4040,4,3,2010,5,13,41,0,13,6,BEAR VALLEY RD,,0,34.47079444,-117.306138890,0,33,0,0,1,1,4,0,1,1,0,1,0,0000000,99,99,99,99,99,99,0,0,0,1,0
6,60626,1,1,0,3,37,0,5,3,2010,6,14,4,0,2,6,CRENSHAW BL,,0,33.78638056,-118.343547220,0,33,0,0,1,1,4,0,1,1,0,1,0,0000000,99,99,99,99,99,99,0,0,0,1,0
6,60627,2,2,0,2,65,9999,11,3,2010,5,17,14,0,15,6,NEWPORT RD,VIA CORAZON,0,33.68492500,-117.162886110,0,12,6,0,2,2,1,0,1,1,0,1,0,0000000,99,99,99,99,99,99,0,0,0,1,0
6,60628,1,1,2,1,37,602,24,3,2010,4,12,39,0,14,6,CARSON ST,MAIN ST,0,33.83164722,-118.278208330,0,8,0,0,3,2,1,0,1,1,0,1,0,0000000,99,99,99,99,99,99,0,0,0,1,0
6,60629,1,1,0,1,67,1108,10,4,2010,7,18,51,0,14,6,GRANT LINE RD,,0,38.42531389,-121.306983330,0,42,0,0,1,1,4,0,1,10,0,10,0,0000000,99,99,99,99,88,88,0,0,0,1,0
6,60630,2,2,0,2,83,0,22,4,2010,5,14,20,0,2,3,SR-154,,169,34.56739722,-119.949761110,0,12,8,0,1,1,1,0,1,10,0,10,0,0000000,99,99,99,99,99,99,0,0,0,1,0
6,60631,1,1,0,1,73,0,22,4,2010,5,17,15,0,4,4,CAMINO DEL REY,,0,33.28590000,-117.208438890,0,30,0,0,1,1,4,0,1,10,0,10,0,0000000,99,99,99,99,99,99,5,0,0,1,0
6,60632,2,2,0,3,19,1370,22,4,2010,5,20,55,0,14,6,GOLDEN STATE BL,,0,36.71424722,-119.776113890,0,33,0,0,1,1,4,0,3,10,0,10,0,0000000,99,99,99,99,99,99,0,0,0,1,0
6,60633,1,1,1,1,59,1790,20,4,2010,3,20,28,0,14,6,BEACH BL,LA HABRA BL,0,33.93186389,-117.967775000,0,9,0,0,3,2,1,0,3,10,0,10,0,0000000,99,99,99,99,88,88,0,0,0,1,0
6,60634,1,1,1,1,47,0,20,4,2010,3,21,47,0,6,4,TYLER RD,,0,37.28665000,-120.469780560,0,8,0,0,1,1,1,0,2,10,0,10,0,0000000,99,99,99,99,99,99,0,0,0,1,0
6,60635,1,1,0,2,103,0,20,4,2010,3,23,10,0,4,4,CORNING RD,,0,39.92180000,-122.315900000,0,52,0,0,1,1,4,0,2,1,0,1,0,0000000,23,13,99,99,99,99,0,0,0,1,0
6,60636,1,1,0,1,37,2645,21,4,2010,4,0,3,0,13,6,RANCH VISTA BL,,0,34.60176111,-118.157150000,0,33,0,0,1,1,4,0,3,1,0,1,0,0000000,99,99,99,99,88,88,0,0,0,1,1
6,60637,2,2,0,2,73,0,28,4,2010,4,8,9,0,3,4,OTAY LAKES RD,,0,32.63543056,-116.921988890,0,12,6,0,1,1,1,0,1,10,0,10,0,0000000,99,99,99,99,99,99,0,0,0,1,0
6,60638,2,2,0,2,37,3445,28,4,2010,4,18,20,0,15,6,MCBEAN PKWY,,0,34.39827500,-118.551416670,0,12,7,0,1,1,1,0,1,1,0,1,0,0000000,99,99,99,99,99,99,0,0,0,1,0
6,60639,5,5,0,5,37,1980,29,4,2010,5,18,45,0,13,6,OLYMPIC BLVD,SEPULVEDA BLVD,0,34.04031944,-118.437755560,0,12,1,0,3,2,1,0,5,1,0,1,0,0000000,99,99,99,99,99,99,0,0,0,1,0
6,60640,1,1,0,3,65,0,25,4,2010,1,2,45,0,4,4,NUEVO RD,,0,33.80064444,-117.127605560,0,1,0,0,1,1,1,0,2,1,0,1,0,0000000,99,99,99,99,99,99,0,0,0,1,1
6,60641,2,2,0,6,71,0,25,4,2010,1,14,36,1,1,1,I-15,,1768,35.47723611,-115.446738890,0,12,6,0,1,1,1,0,1,1,0,1,0,0000000,99,99,99,99,99,99,0,0,0,1,0
6,60642,1,1,0,4,55,2330,25,4,2010,1,16,44,1,12,3,SR-29,,77,38.26635556,-122.299375000,0,1,0,0,1,1,2,0,1,1,0,1,0,0000000,99,99,99,99,99,99,0,0,0,1,1
6,60643,1,1,2,2,37,1980,25,4,2010,1,19,5,0,14,6,6TH ST,BURLINGTON AVE,0,34.05787778,-118.271319440,0,46,0,0,3,1,4,0,1,1,0,1,0,0000000,99,99,99,99,99,99,15,0,0,1,0
6,60644,1,1,0,1,37,0,25,4,2010,1,19,20,0,3,4,AVENUE M,,0,34.64651944,-118.202205560,0,31,0,0,1,1,4,0,5,1,0,1,0,0000000,99,99,99,99,88,88,0,0,0,1,1
6,60645,1,1,1,1,19,1370,25,4,2010,1,21,18,0,16,6,N ARMSTRONG AVE,,0,36.77618889,-119.673255560,0,8,0,0,1,1,1,0,3,1,0,1,0,0000000,99,99,99,99,99,99,0,0,0,1,0
6,60646,1,1,0,3,37,0,25,4,2010,1,23,10,1,2,3,SR-14,,382,34.45908333,-118.344983330,0,24,0,0,1,1,4,0,2,1,0,1,0,0000000,99,99,99,99,99,99,0,0,0,1,0
6,60647,1,1,0,2,67,0,25,4,2010,1,23,54,0,2,4,GARDEN HWY,POWER LINE RD,0,38.64918611,-121.576594440,0,58,0,0,3,3,5,0,2,1,0,1,0,0000000,99,99,99,99,99,99,20,0,0,1,0
6,60648,2,2,0,5,19,0,11,1,2010,2,17,30,0,6,4,SANTA FE GRADE,,0,36.70600000,-120.388183330,0,12,6,0,1,1,1,0,2,1,0,1,0,0000000,99,99,99,99,99,99,0,0,0,1,0
6,60649,2,2,0,6,37,1980,12,4,2010,2,22,50,1,11,1,I-5,,236,34.11075000,-118.263411110,0,12,1,0,1,1,1,0,3,1,0,1,0,0000000,99,99,99,99,99,99,23,0,0,1,0
6,60650,1,1,0,1,109,0,13,4,2010,3,5,55,0,2,3,SR-108,,113,38.03580000,-120.224750000,0,1,0,0,1,1,4,0,2,10,0,10,0,0000000,99,99,99,99,88,88,0,0,0,1,0
6,60651,1,1,0,4,71,0,21,3,2010,1,11,6,1,1,1,I-15,,156,34.24225556,-117.432838890,0,35,0,0,1,1,3,0,1,1,0,1,0,0000000,11,8,99,99,99,99,0,0,0,1,0
6,60652,1,1,0,4,71,0,28,3,2010,1,19,1,1,1,1,I-5,,232,34.33714167,-117.482497220,0,35,0,0,1,1,4,0,1,1,0,1,0,0000000,19,2,99,99,99,99,0,0,0,2,0
6,60653,2,2,0,2,71,2550,12,4,2010,2,20,47,0,13,6,GROVE AVE,RIVERSIDE DR,0,34.01938056,-117.628361110,0,12,6,0,2,2,1,0,3,1,0,1,0,0000000,99,99,99,99,99,99,0,0,0,1,0
6,60654,2,2,0,5,45,0,15,4,2010,5,6,48,1,2,2,US-101,,458,39.38042778,-123.341383330,0,12,2,0,1,1,1,0,4,5,0,5,0,0000000,6,48,99,99,99,99,0,0,0,1,0