STATE,ST_CASE,VE_TOTAL,VE_FORMS,PEDS,PERSONS,COUNTY,CITY,DAY,MONTH,YEAR,DAY_WEEK,HOUR,MINUTE,NHS,ROAD_FNC,ROUTE,TWAY_ID,TWAY_ID2,MILEPT,LATITUDE,LONGITUD,SP_JUR,HARM_EV,MAN_COLL,RELJCT1,RELJCT2,TYP_INT,REL_ROAD,WRK_ZONE,LGT_COND,WEATHER1,WEATHER2,WEATHER,SCH_BUS,RAIL,NOT_HOUR,NOT_MIN,ARR_HOUR,ARR_MIN,HOSP_HR,HOSP_MN,CF1,CF2,CF3,FATALS,DRUNK_DR
6,60655,1,1,0,1,67,3150,24,4,2010,7,99,99,0,16,6,SUNNYBRAE DR,,0,38.44800278,-121.429930560,0,42,0,0,1,1,4,0,4,1,0,1,0,0000000,7,5,7,14,88,88,0,0,0,1,0
6,60656,2,2,0,4,31,0,24,4,2010,7,20,20,0,6,4,22ND AVE,ELDER AVE,0,36.38741111,-119.851333330,0,12,2,0,2,3,1,0,2,1,0,1,0,0000000,99,99,99,99,99,99,0,0,0,1,1
6,60657,2,2,0,6,37,1970,3,5,2010,2,22,40,1,12,3,SR-91,,128,33.87678333,-118.175033330,0,12,1,0,1,1,1,0,2,1,0,1,0,0000000,99,99,99,99,99,99,0,0,0,1,0
6,60658,2,2,0,2,37,1980,5,5,2010,4,12,25,0,13,6,SHERMAN WY,VANALDEN AVE,0,34.20099167,-118.549138890,0,12,2,0,2,2,1,0,1,1,0,1,0,0000000,99,99,99,99,99,99,0,0,0,1,0
6,60659,2,2,0,2,39,0,5,5,2010,4,14,14,1,2,3,SR-41,AVE 15,62,36.96688333,-119.793972220,0,12,6,0,2,3,1,0,1,1,0,1,0,0000000,14,15,99,99,88,88,0,0,0,1,0
6,60660,1,1,1,1,59,1410,5,5,2010,4,16,1,0,14,6,WARD ST,FLORENCE AVE,0,33.73390556,-117.946011110,0,8,0,0,3,3,1,0,1,1,0,1,0,0000000,99,99,99,99,88,88,0,0,0,1,0
6,60661,1,1,0,1,19,0,28,4,2010,4,19,43,0,4,4,JAMESON AVE,,0,36.60713889,-119.989327780,0,30,0,0,1,1,4,0,5,10,0,10,0,0000000,99,99,99,99,88,88,0,0,0,1,0
6,60662,1,1,0,2,83,0,28,4,2010,4,23,57,0,2,3,SR-154,,280,34.48630000,-119.780900000,0,35,0,0,1,1,4,0,2,1,0,1,0,0000000,99,99,99,99,99,99,0,0,0,1,0
6,60663,1,1,1,1,97,0,29,4,2010,5,1,2,1,12,2,US-101,,181,38.40546389,-122.715955560,0,8,0,0,1,1,1,0,2,1,0,1,0,0000000,1,6,99,99,88,88,19,0,0,1,0
6,60664,1,1,1,1,37,0,29,4,2010,5,11,54,0,2,4,ALAMEDA ST,92ND ST,0,33.95318889,-118.230011110,0,8,0,0,3,4,1,0,1,1,0,1,0,0000000,99,99,99,99,99,99,0,0,0,1,0
6,60665,2,1,0,3,97,0,29,4,2010,5,18,0,0,6,4,HICKORY ST,,0,38.30078889,-122.491169440,0,14,0,0,1,1,2,0,1,1,0,1,0,0000000,99,99,99,99,88,88,4,0,0,1,1
6,60666,1,1,1,2,37,1970,29,4,2010,5,21,20,0,16,6,BARCELONA PL,,0,33.78760833,-118.176361110,0,8,0,0,4,1,1,0,3,1,0,1,0,0000000,99,99,99,99,99,99,0,0,0,1,0
6,60667,1,1,0,1,65,1690,29,4,2010,5,22,53,0,14,6,FRED WARING DR,,0,33.72931944,-116.253972220,0,18,0,0,1,1,1,0,3,1,0,1,0,0000000,99,99,99,99,88,88,0,0,0,1,1
6,60668,1,1,1,1,1,2480,30,1,2010,7,17,45,0,16,6,MIDDLE HARBOR RD,,0,37.79963333,-122.306913890,0,8,0,0,1,1,1,0,3,10,0,10,0,0000000,99,99,99,99,99,99,0,0,0,1,0
6,60669,1,1,0,1,67,3150,14,4,2010,4,2,15,1,11,1,I-5 RAMP,,258,38.61276944,-121.500694440,0,59,0,0,5,1,4,0,3,1,0,1,0,0000000,99,99,99,99,88,88,0,0,0,1,1
6,60670,1,1,0,1,39,0,18,4,2010,1,20,25,0,6,4,AVENUE 7 1/2,,0,36.85821944,-120.458400000,0,24,0,0,1,1,4,0,2,1,0,1,0,0000000,99,99,99,99,88,88,0,0,0,1,1
6,60671,1,1,0,1,71,4040,18,4,2010,1,21,30,1,2,2,US-395,,96,34.48497500,-117.399500000,0,30,0,0,1,1,4,0,3,1,0,1,0,0000000,99,99,99,99,88,88,0,0,0,1,0
6,60672,1,1,0,1,67,0,19,4,2010,2,19,4,0,2,4,S WATT AVE,,0,38.33110000,-121.222900000,0,33,0,0,1,1,4,0,1,1,0,1,0,0000000,99,99,99,99,88,88,0,0,0,1,1
6,60673,1,1,1,1,7,660,19,4,2010,2,20,42,0,13,6,ESPLANADE,PANAMA AVE,0,39.75818056,-121.862808330,0,8,0,0,3,3,1,0,3,10,0,10,0,0000000,99,99,99,99,99,99,0,0,0,1,1
6,60674,1,1,0,1,57,0,20,4,2010,3,0,28,0,2,3,SR-49,,21,39.04108889,-121.094969440,0,52,0,0,1,1,4,0,3,10,0,10,0,0000000,99,99,99,99,88,88,0,0,0,1,0
6,60675,2,2,0,3,65,1846,30,4,2010,6,1,55,0,14,6,WASHINGTON ST,,0,33.68006944,-116.294919440,0,12,6,0,8,1,1,0,3,1,0,1,0,0000000,99,99,99,99,99,99,0,0,0,2,1
6,60676,5,5,0,7,65,0,30,4,2010,6,7,40,1,1,1,I-15,,342,33.78620000,-117.493100000,0,12,1,0,1,1,1,0,1,1,0,1,0,0000000,99,99,99,99,99,99,0,0,0,1,0
6,60677,1,1,1,1,59,3420,30,4,2010,6,16,12,0,16,6,EVERGREEN ST,,0,33.73015833,-117.857680560,0,15,0,0,1,1,1,0,1,1,0,1,0,0000000,99,99,99,99,88,88,4,0,0,1,0
6,60678,2,2,0,4,111,538,30,4,2010,6,18,42,1,12,2,US-101,,163,34.11052500,-119.080811110,0,12,1,0,1,1,1,0,1,1,0,1,0,0000000,99,99,99,99,99,99,0,0,0,1,0
6,60679,2,2,2,1,37,2645,1,5,2010,7,1,20,0,13,6,SIERRA HIGHWAY,,0,34.63412500,-118.126975000,0,8,0,0,1,1,1,0,2,1,0,1,0,0000000,99,99,99,99,99,99,23,0,0,1,0
6,60680,1,1,1,1,67,3150,2,5,2010,1,7,50,0,13,6,H ST,CARLSON DR,0,38.56769722,-121.429105560,0,9,0,0,2,2,1,0,1,1,0,1,0,0000000,99,99,99,99,88,88,0,0,0,1,0
6,60681,3,3,1,3,75,3290,3,5,2010,2,20,30,1,12,2,US-101,,25,37.74241667,-122.406986110,0,8,0,0,1,1,1,0,2,1,0,1,0,0000000,99,99,99,99,99,99,0,0,0,1,0
6,60682,1,1,1,2,77,0,3,5,2010,2,21,32,0,2,3,SR-88,,3,37.98723333,-121.245802780,0,8,0,0,1,1,1,0,3,1,0,1,0,0000000,99,99,99,99,99,99,0,0,0,1,0
6,60683,2,2,0,3,83,0,29,4,2010,5,20,15,0,2,3,SR-154,,153,34.56821111,-119.952238890,0,12,2,0,1,1,1,0,2,10,0,10,0,0000000,20,17,99,99,99,99,0,0,0,1,1
6,60684,1,1,0,1,97,0,29,4,2010,5,22,55,1,2,2,US-101,,4,38.18816111,-122.600750000,0,1,0,0,1,1,4,0,2,1,0,1,0,0000000,99,99,99,99,88,88,0,0,0,1,1
6,60685,1,1,0,1,37,1980,29,4,2010,5,23,20,1,11,1,I-10,,197,34.05538333,-118.192483330,0,25,0,0,1,1,3,1,3,1,0,1,0,0000000,23,24,99,99,88,88,3,0,0,1,0
6,60686,1,1,0,2,93,0,30,4,2010,6,1,40,1,2,2,US-97,,191,41.84654722,-121.996394440,0,1,0,0,1,1,4,0,2,10,0,10,0,0000000,1,41,99,99,99,99,0,0,0,1,0
6,60687,1,1,0,1,65,0,7,5,2010,6,2,55,0,6,4,LEON RD,SIMPSON RD,0,33.70615000,-117.119780560,0,58,0,0,3,2,1,0,2,1,0,1,0,0000000,99,99,99,99,88,88,0,0,0,1,1
6,60688,1,1,0,1,65,0,7,5,2010,6,14,14,1,2,3,SR-60,,4,34.02206944,-117.550269440,0,21,0,0,1,1,4,0,1,1,0,1,0,0000000,14,16,99,99,88,88,0,0,0,1,0
6,60689,1,1,0,1,73,0,7,5,2010,6,14,15,0,2,4,MONTEZUMA RD,,0,33.28836111,-116.394638890,0,42,0,0,1,1,4,0,1,1,0,1,0,0000000,99,99,99,99,88,88,4,0,0,1,0
6,60690,2,1,0,1,1,2480,7,5,2010,6,16,40,1,11,1,I-880,,334,37.80616389,-122.304375000,0,14,0,0,1,1,2,0,1,10,0,10,0,0000000,99,99,99,99,88,88,0,0,0,1,0
6,60691,3,3,0,3,19,0,7,5,2010,6,16,58,1,1,1,I-5,,6,36.07886389,-120.104566670,0,12,7,0,1,1,1,0,1,1,0,1,0,0000000,16,58,99,99,99,99,0,0,0,1,0
6,60692,1,1,1,1,71,790,21,3,2010,1,20,33,1,11,1,I-215,,29,34.04983333,-117.304161110,0,8,0,0,1,1,1,0,3,1,0,1,0,0000000,99,99,99,99,99,99,0,0,0,1,0
6,60693,2,2,0,4,107,0,26,4,2010,2,20,58,1,2,3,SR-65,,236,36.12507500,-119.056613890,0,21,0,0,1,1,3,0,3,1,0,1,0,0000000,99,99,99,99,99,99,0,0,0,2,1
6,60694,1,1,0,1,97,0,27,4,2010,3,11,10,0,2,3,SR-121,,49,38.21006389,-122.454786110,0,42,0,0,1,1,6,0,1,2,0,2,0,0000000,99,99,99,99,99,99,0,0,0,1,0
6,60695,1,1,0,1,37,1980,27,4,2010,3,18,30,1,12,2,US-101,,3,34.03829444,-118.221436110,0,33,0,0,1,1,5,0,1,10,0,10,0,0000000,99,99,99,99,88,88,0,0,0,1,1
6,60696,1,1,1,1,71,1605,27,4,2010,3,20,2,0,14,6,STERLING AVE,,0,34.12206667,-117.243650000,0,8,0,0,1,1,1,0,3,1,0,1,0,0000000,99,99,99,99,99,99,0,0,0,1,0
6,60697,1,1,0,1,35,0,28,4,2010,4,5,15,1,2,2,US-395,,405,40.16465278,-120.347436110,0,31,0,0,1,1,6,0,2,1,0,1,0,0000000,99,99,99,99,88,88,0,0,0,1,0
6,60698,2,2,0,4,19,0,12,5,2010,4,16,15,0,3,4,JAYNE AVE,,0,36.13701389,-120.266491670,0,12,2,0,1,1,2,0,1,1,0,1,0,0000000,99,99,99,99,99,99,0,0,0,2,1
6,60699,1,1,0,2,15,0,12,5,2010,4,11,45,1,2,2,US-199,,260,41.88957778,-123.800869440,0,31,0,0,1,1,5,0,1,1,0,1,0,0000000,99,99,99,99,99,99,0,0,0,1,0
6,60700,2,2,0,2,25,0,12,5,2010,4,17,5,0,2,4,ATEN RD,FORRESTER RD,0,32.82546944,-115.620738890,0,12,6,0,2,2,1,0,1,1,0,1,0,0000000,99,99,99,99,88,88,0,0,0,1,0
6,60701,1,1,0,1,39,0,14,5,2010,6,10,25,0,3,4,AVENUE 12,,0,36.92322500,-119.973813890,0,10,0,0,6,1,1,0,1,1,0,1,0,9999999,99,99,99,99,88,88,0,0,0,1,0
6,60702,2,2,0,4,71,0,14,5,2010,6,12,20,0,4,4,NATIONAL TRAILS HWY,,0,34.78236667,-117.255997220,0,12,2,0,1,1,1,0,1,1,0,1,0,0000000,99,99,99,99,99,99,0,0,0,1,0
6,60703,1,1,1,1,37,1980,15,5,2010,7,3,30,0,13,6,LA CIENEGA BLVD,,0,34.02498056,-118.372169440,0,8,0,0,1,1,1,0,3,1,0,1,0,0000000,99,99,99,99,99,99,0,0,0,1,0
6,60704,1,1,0,1,19,0,15,5,2010,7,5,35,0,4,4,FOWLER AVE,,0,36.64386389,-119.682116670,0,42,0,0,1,1,5,0,3,1,0,1,0,0000000,99,99,99,99,99,99,0,0,0,1,0
6,60705,1,1,1,1,37,1980,5,5,2010,4,20,40,0,12,3,SR-1,,375,34.03164167,-118.526066670,0,8,0,0,1,1,1,0,3,1,0,1,0,0000000,99,99,99,99,88,88,0,0,0,1,0
6,60706,1,1,0,2,99,0,5,5,2010,4,21,5,1,1,1,I-5,,220,37.53057500,-121.255588890,0,1,0,0,1,1,3,0,2,1,0,1,0,0000000,99,99,99,99,99,99,0,0,0,1,0
6,60707,1,1,0,1,99,0,5,5,2010,4,21,55,0,4,4,RIVER RD,,0,37.77075000,-120.898886110,0,24,0,0,1,1,4,0,2,1,0,1,0,0000000,99,99,99,99,99,99,0,0,0,1,0
6,60708,2,2,0,5,103,0,5,5,2010,4,21,55,1,1,1,I-5,,80,39.91421111,-122.200419440,0,39,0,0,1,1,4,0,2,1,0,1,0,0000000,99,99,99,99,88,88,14,0,0,1,1
6,60709,3,3,0,6,29,0,6,5,2010,5,22,43,1,1,1,I-5,,486,35.36962500,-119.356686110,0,12,7,0,1,1,1,0,2,1,0,1,0,0000000,22,45,99,99,99,99,0,0,0,2,0
6,60710,1,1,0,6,37,0,9,5,2010,1,3,40,1,2,3,SR-138,,220,34.77468333,-118.432102780,0,35,0,0,1,1,4,0,2,1,0,1,0,0000000,99,99,99,99,99,99,0,0,0,1,0
6,60711,1,1,1,2,7,0,9,5,2010,1,14,15,0,2,3,SR-162,SKYLINE BL,210,39.51005000,-121.488969440,0,8,0,0,3,3,1,0,1,10,0,10,0,0000000,14,18,99,99,99,99,0,0,0,1,0
6,60712,4,4,0,4,37,4030,10,5,2010,2,5,16,0,14,6,SOTO ST,LEONIS BL,0,33.99976944,-118.219672220,0,12,6,0,2,2,1,0,4,1,0,1,0,0000000,99,99,99,99,99,99,0,0,0,1,0
6,60713,1,1,0,1,83,0,10,5,2010,2,11,10,0,4,4,WEST OCEAN AVE,,0,34.64593889,-120.523969440,0,33,0,0,1,1,4,0,1,1,0,1,0,0000000,99,99,99,99,99,99,0,0,0,1,0
6,60714,2,2,0,4,71,0,10,5,2010,2,11,32,0,2,3,SR-138,,62,34.39683056,-117.580550000,0,12,2,0,1,1,1,0,1,1,0,1,0,0000000,11,33,99,99,99,99,0,0,0,1,0
6,60715,1,1,0,1,37,2260,10,5,2010,2,14,7,0,15,6,KERN AVE,,0,34.04645833,-118.162691670,0,33,0,0,1,1,4,0,1,1,0,1,0,0000000,99,99,99,99,88,88,0,0,0,1,1
6,60716,1,1,1,2,65,0,10,5,2010,2,14,38,0,14,4,TEMESCAL CYN RD,,0,33.74314722,-117.433847220,0,9,0,0,1,1,2,0,1,1,0,1,0,0000000,99,99,99,99,88,88,0,0,0,1,0
6,60717,2,2,0,5,65,2650,10,5,2010,2,21,57,0,13,6,N GENE AUTRY TRL,,0,33.83541667,-116.505247220,0,33,0,0,1,1,3,0,3,1,0,1,0,0000000,99,99,99,99,99,99,14,0,0,1,1
6,60718,2,2,0,3,31,0,11,5,2010,3,7,43,1,2,3,SR-41,LACEY BL,431,36.32753889,-119.807883330,0,12,6,0,2,2,1,0,1,1,0,1,0,0000000,7,43,99,99,99,99,0,0,0,1,0
6,60719,1,1,0,1,85,3340,11,5,2010,3,11,33,0,16,6,MARCHANT CT,STORY,0,37.36755556,-121.804711110,0,33,0,0,3,1,4,0,1,1,0,1,0,0000000,99,99,99,99,99,99,4,0,0,1,0
6,60720,1,1,1,1,37,1980,11,5,2010,3,15,5,0,16,6,LOS ANGEL ST,,0,34.04093889,-118.253691670,0,8,0,0,1,1,1,0,1,1,0,1,0,0000000,99,99,99,99,99,99,0,0,0,1,0
6,60721,3,1,1,1,37,1670,11,5,2010,3,17,33,0,16,6,ZOE AVE,,0,33.97909722,-118.225872220,0,33,0,0,1,1,4,0,1,1,0,1,0,0000000,99,99,99,99,99,99,14,0,0,1,0
6,60722,2,2,0,2,73,3260,11,5,2010,3,18,54,0,14,6,RANCHO BERNARDO RD,MEANDRO DR,0,33.01853611,-117.062775000,0,12,6,0,2,3,1,0,1,10,0,10,0,0000000,99,99,99,99,99,99,0,0,0,1,0
6,60723,1,1,0,1,73,4060,12,5,2010,4,4,1,0,16,6,S MELROSE DR,,0,33.16207500,-117.242500000,0,33,0,0,1,1,4,0,6,1,0,1,0,0000000,99,99,99,99,99,99,0,0,0,1,0
6,60724,2,1,0,2,37,1870,16,5,2010,1,16,9,1,12,3,SR-210,,474,34.11928056,-117.773411110,0,33,0,0,1,1,4,0,1,1,0,1,0,0000000,6,11,99,99,99,99,0,0,0,1,0
6,60725,1,1,0,1,113,0,16,5,2010,1,19,15,0,5,4,COUNTY RD 29,,0,38.59104722,-121.980686110,0,1,0,0,1,1,5,0,1,1,0,1,0,0000000,99,99,99,99,88,88,0,0,0,1,0
6,60726,2,1,0,4,71,1305,5,5,2010,4,8,25,1,11,1,I-10,,151,34.06590278,-117.494102780,0,14,0,0,1,1,2,0,1,1,0,1,0,0000000,99,99,99,99,99,99,0,0,0,1,0
6,60727,1,1,0,1,53,0,7,5,2010,6,20,48,0,2,3,SR-1,,543,36.31203056,-121.888250000,0,38,0,0,1,1,4,0,2,1,0,1,0,0000000,99,99,99,99,88,88,0,0,0,1,1
6,60728,1,1,0,1,29,240,8,5,2010,7,2,9,0,14,6,BEALE AVE,E 19TH ST,0,35.37335833,-118.990719440,0,33,0,0,3,3,3,0,3,1,0,1,0,0000000,99,99,99,99,88,88,0,0,0,1,1
6,60729,2,1,0,1,107,4050,8,5,2010,7,4,6,0,15,6,CAIN ST,ST JOHNS PARKWAY,0,36.35040278,-119.274408330,0,14,0,0,3,3,7,0,3,1,0,1,0,0000000,99,99,99,99,88,88,0,0,0,1,1
6,60730,2,2,0,2,59,4130,8,5,2010,7,8,11,0,14,6,EDWARDS ST,,0,33.75503889,-118.015672220,0,1,0,0,1,1,1,0,1,1,0,1,0,0000000,99,99,99,99,99,99,0,0,0,1,0
6,60731,3,3,1,4,37,1980,15,5,2010,7,10,40,1,11,1,I-5,,262,34.14733889,-118.279000000,0,12,1,0,1,1,1,0,1,1,0,1,0,0000000,10,44,99,99,99,99,23,0,0,1,0
6,60732,1,1,0,2,85,0,15,5,2010,7,14,5,0,6,4,DOWNING AVE,TOLWORTH DR,0,37.30555000,-121.940119440,0,38,0,0,3,3,4,0,1,1,0,1,0,0000000,99,99,99,99,99,99,0,0,0,1,0
6,60733,3,3,0,3,73,3260,16,5,2010,1,2,2,1,11,1,I-15,,188,32.95581667,-117.100869440,0,12,6,0,1,1,1,0,2,1,0,1,0,0000000,99,99,99,99,99,99,19,0,0,1,0
6,60734,2,2,0,3,77,0,15,5,2010,7,15,11,0,4,4,HOWARD RD,CROCKER RD,0,37.87733056,-121.366919440,0,1,0,0,3,3,1,0,1,1,0,1,0,0000000,15,12,99,99,99,99,0,0,0,1,0
6,60735,3,3,0,6,71,3,15,5,2010,7,15,30,1,2,2,US-395,,201,34.63151389,-117.430027780,0,12,2,0,1,1,1,0,1,1,0,1,0,0000000,99,99,99,99,99,99,0,0,0,1,0
6,60736,1,1,0,1,71,0,15,5,2010,7,19,47,0,4,4,OAK GLEN RD,,0,34.02766944,-116.950769440,0,59,0,0,1,1,4,0,1,1,0,1,0,0000000,19,49,99,99,88,88,0,0,0,1,1
6,60737,1,1,1,1,83,3430,15,5,2010,7,20,26,0,13,6,STATE ST,ISLAY ST,0,34.42898333,-119.712163890,0,8,0,0,3,2,1,0,5,1,0,1,0,0000000,99,99,99,99,99,99,0,0,0,1,0
6,60738,3,3,0,9,47,190,15,5,2010,7,20,54,0,13,6,ATWATER BL,,0,37.35011667,-120.621063890,0,12,9,0,8,1,1,0,3,1,0,1,0,0000000,99,99,99,99,99,99,0,0,0,1,1
6,60739,1,1,1,1,65,1690,15,5,2010,7,21,25,0,16,6,CLIFTON AVE,,0,33.70884444,-116.242655560,0,8,0,0,1,1,1,0,3,1,0,1,0,0000000,99,99,99,99,99,99,0,0,0,1,0
6,60740,3,3,0,5,43,0,11,5,2010,3,8,15,0,2,3,SR-49,,117,37.46195000,-119.881311110,0,12,8,0,1,1,1,0,1,1,0,1,0,0000000,8,20,99,99,99,99,0,0,0,1,0
6,60741,2,2,0,7,71,0,16,5,2010,1,20,20,0,4,4,MACY ST,MESA ST,0,34.13930278,-117.339950000,0,12,6,0,2,2,1,0,2,1,0,1,0,0000000,20,26,99,99,99,99,0,0,0,2,1
6,60742,4,1,0,1,37,1980,17,5,2010,2,0,30,0,13,6,POLK ST,,0,34.30384722,-118.453730560,0,14,0,0,1,1,2,0,3,10,0,10,0,0000000,99,99,99,99,99,99,14,0,0,1,0
6,60743,2,1,0,1,73,1200,17,5,2010,2,17,50,0,14,6,BROADWAY,NORTH AVE,0,33.17342222,-117.088922220,0,30,0,0,3,3,4,0,1,10,0,10,0,0000000,99,99,99,99,99,99,14,0,0,1,0
6,60744,1,1,1,1,37,1980,17,5,2010,2,23,35,0,13,6,OLYMPIC BL,MANHATTAN PL,0,34.05255278,-118.309955560,0,8,0,0,3,1,1,0,3,1,0,1,0,0000000,99,99,99,99,88,88,0,0,0,1,0
6,60745,3,3,0,3,111,538,18,5,2010,3,7,40,1,12,2,US-101 RAMP,,139,34.21692222,-119.035169440,0,12,6,1,5,1,1,0,1,2,10,2,0,0000000,99,99,99,99,88,88,0,0,0,1,0
6,60746,2,2,0,5,111,0,18,5,2010,3,8,0,0,4,4,PLEASANT VALLEY RD,,0,34.17803889,-119.121550000,0,12,6,0,1,1,1,0,1,2,10,2,0,0000000,8,5,99,99,99,99,0,0,0,1,0
6,60747,2,2,0,3,73,3260,1,5,2010,7,2,33,1,11,1,I-8,,8,32.75603611,-117.234455560,0,12,2,0,1,1,1,0,2,1,0,1,0,0000000,99,99,99,99,99,99,0,0,0,2,1
6,60748,1,1,0,1,25,0,1,5,2010,7,16,5,0,6,4,PAINTED GORGE RD,,0,32.76546944,-115.933961110,0,58,0,0,1,1,4,0,1,1,0,1,0,0000000,99,99,99,99,99,99,0,0,0,1,0
6,60749,2,2,0,2,37,0,1,5,2010,7,16,35,0,3,4,PLUM CANYON RD,SANTA CATARINA RD,0,34.44606944,-118.483611110,0,12,6,0,2,2,1,0,1,1,0,1,0,0000000,99,99,99,99,99,99,0,0,0,1,0
6,60750,1,1,0,1,67,3150,1,5,2010,7,21,6,0,13,6,FREEPORT BLVD,,0,38.51489167,-121.500350000,0,30,0,0,1,1,4,0,3,1,0,1,0,0000000,99,99,99,99,88,88,0,0,0,1,1
6,60751,5,5,0,10,65,1580,1,5,2010,7,21,10,0,13,6,FLORIDA AVE,SANDERSON AVE,0,33.74740278,-117.006647220,0,12,6,0,2,2,1,0,3,1,0,1,0,0000000,99,99,99,99,99,99,0,0,0,1,1
6,60752,2,2,0,2,19,1370,2,5,2010,1,9,20,0,14,6,E AUDUBON DR,,0,36.86113333,-119.786488890,0,12,6,0,8,1,1,0,1,1,0,1,0,0000000,99,99,99,99,99,99,0,0,0,1,0
6,60753,2,2,0,5,31,0,2,5,2010,1,10,43,1,2,3,SR-41,MILHAM AVE,183,36.01023889,-119.959311110,0,12,6,0,2,2,1,0,1,1,0,1,0,0000000,99,99,99,99,99,99,0,0,0,1,0
6,60754,1,1,0,1,37,0,2,5,2010,1,12,10,0,4,4,MULHOLLAND HWY,,0,34.10754167,-118.733797220,0,35,0,0,1,1,4,0,1,1,0,1,0,0000000,99,99,99,99,88,88,0,0,0,1,0
6,60755,2,2,0,2,73,0,2,5,2010,1,13,25,0,2,3,SR-76,,246,33.36373056,-117.057580560,0,12,9,0,1,1,1,0,1,1,0,1,0,0000000,99,99,99,99,99,99,0,0,0,1,0
6,60756,1,1,0,1,21,0,2,5,2010,1,14,11,0,2,3,SR-45,,184,39.67471111,-122.006061110,0,30,0,0,1,1,4,0,1,1,0,1,0,0000000,99,99,99,99,88,88,0,0,0,1,0
6,60757,1,1,0,1,1,2480,2,5,2010,1,22,55,1,11,1,I-580,,434,37.80929444,-122.244886110,0,25,0,0,1,1,3,0,3,1,0,1,0,0000000,99,99,99,99,99,99,0,0,0,1,1
6,60758,1,1,0,1,65,0,3,5,2010,2,99,99,0,2,3,SR-111,,601,33.89892500,-116.627083330,0,24,0,0,1,1,4,0,2,1,0,1,0,0000000,99,99,99,99,88,88,0,0,0,1,0
6,60759,2,2,0,2,37,0,4,5,2010,3,0,20,0,2,4,GRAND AVE,,0,34.06356944,-117.868538890,0,30,0,0,1,1,4,0,3,1,0,1,0,0000000,99,99,99,99,99,99,14,0,0,1,1
6,60760,2,2,0,2,47,0,4,5,2010,3,5,40,0,2,4,SANTA FE DR,,0,37.42731111,-120.673461110,0,12,2,0,1,1,1,0,6,1,0,1,0,0000000,99,99,99,99,99,99,0,0,0,1,1
6,60761,2,2,0,2,65,0,4,5,2010,3,5,50,0,3,4,RAMONA EXPWY,,0,33.83919444,-117.061836110,0,12,2,0,1,1,1,0,4,1,0,1,0,0000000,99,99,99,99,88,88,0,0,0,2,0
6,60762,1,1,0,2,45,0,4,5,2010,3,14,4,1,2,2,US-101,,632,39.41961389,-123.354888890,0,18,0,0,1,1,1,0,1,1,0,1,0,0000000,99,99,99,99,99,99,19,0,0,1,0
6,60763,1,1,0,1,7,0,4,5,2010,3,15,47,0,4,6,DURHAM-PENTZ RD,,0,39.64707222,-121.626719440,0,32,0,0,1,1,5,0,1,1,0,1,0,0000000,99,99,99,99,88,88,0,0,0,1,0
6,60764,1,1,0,1,33,0,5,5,2010,4,3,10,0,4,4,SEIGLER CANYON RD,,0,38.89373889,-122.658919440,0,1,0,0,1,1,4,0,2,1,0,1,0,0000000,99,99,99,99,88,88,0,0,0,1,0
6,60765,1,1,0,2,29,0,5,5,2010,4,5,45,0,6,4,ALFRED HARRELL HWY,,0,35.41646944,-118.959319440,0,38,0,0,1,1,5,0,4,1,0,1,0,0000000,99,99,99,99,99,99,0,0,0,1,0
6,60766,2,2,0,2,7,0,5,5,2010,4,8,43,1,2,3,SR-99,,445,39.86573889,-121.962327780,0,12,2,0,1,1,1,0,1,1,0,1,0,0000000,99,99,99,99,88,88,0,0,0,1,0
6,60767,1,1,0,1,97,0,16,5,2010,1,0,27,1,2,2,US-101,,163,38.38240000,-122.715900000,0,25,0,0,1,1,3,0,3,1,0,1,0,0000000,0,30,99,99,88,88,0,0,0,1,1
6,60768,2,1,0,1,85,3340,20,5,2010,5,18,48,0,16,6,BERNAL WY,DALBON CT,0,37.23381944,-121.770355560,0,1,0,0,3,3,7,0,1,1,0,1,0,0000000,18,49,99,99,88,88,4,14,0,1,0
6,60769,1,1,2,1,59,4130,20,5,2010,5,19,15,0,14,6,NEWLAND ST,,0,33.75796944,-117.981033330,0,8,0,0,1,1,1,0,3,1,0,1,0,0000000,99,99,99,99,99,99,0,0,0,1,0
6,60770,2,2,0,2,45,0,20,5,2010,5,19,50,0,2,3,SR-128,,192,39.07226111,-123.457425000,0,12,2,0,1,1,1,0,1,1,0,1,0,0000000,19,52,99,99,99,99,0,0,0,1,1
6,60771,2,2,0,2,19,0,21,5,2010,6,0,30,1,2,3,SR-99,,122,36.63884444,-119.698041670,0,12,1,0,1,1,1,0,2,1,0,1,0,0000000,0,32,99,99,88,88,0,0,0,1,1