STATE,ST_CASE,VE_TOTAL,VE_FORMS,PEDS,PERSONS,COUNTY,CITY,DAY,MONTH,YEAR,DAY_WEEK,HOUR,MINUTE,NHS,ROAD_FNC,ROUTE,TWAY_ID,TWAY_ID2,MILEPT,LATITUDE,LONGITUD,SP_JUR,HARM_EV,MAN_COLL,RELJCT1,RELJCT2,TYP_INT,REL_ROAD,WRK_ZONE,LGT_COND,WEATHER1,WEATHER2,WEATHER,SCH_BUS,RAIL,NOT_HOUR,NOT_MIN,ARR_HOUR,ARR_MIN,HOSP_HR,HOSP_MN,CF1,CF2,CF3,FATALS,DRUNK_DR
6,60772,4,4,0,4,73,0,21,5,2010,6,9,59,0,2,3,SR-76,,355,33.29724722,-116.917405560,0,12,7,0,1,1,1,1,1,1,0,1,0,0000000,99,99,99,99,88,88,0,0,0,1,0
6,60773,1,1,0,6,29,0,21,5,2010,6,10,8,1,1,1,I-5,,714,35.59750000,-119.637161110,0,43,0,0,1,1,4,0,1,1,0,1,0,0000000,10,10,99,99,99,99,0,0,0,1,0
6,60774,4,1,1,1,37,1980,22,5,2010,7,3,40,0,14,6,RINALDI ST,,0,34.27921389,-118.508630560,0,14,0,0,1,1,2,0,3,1,0,1,0,0000000,99,99,99,99,99,99,0,0,0,1,1
6,60775,2,2,0,2,65,850,22,5,2010,7,16,28,0,13,6,MAIN ST,,0,33.89015278,-117.564183330,0,12,6,0,8,1,1,0,1,1,0,1,0,0000000,99,99,99,99,99,99,0,0,0,1,0
6,60776,1,1,1,1,67,0,22,5,2010,7,23,50,0,2,4,FLORIN RD,,0,38.49568611,-121.393819440,0,8,0,0,1,1,1,0,2,1,0,1,0,0000000,99,99,99,99,88,88,0,0,0,1,0
6,60777,1,1,0,1,29,0,22,5,2010,7,99,99,1,1,1,I-5,,879,34.80886944,-118.883250000,0,25,0,0,1,1,3,0,2,99,0,99,0,0000000,99,99,99,99,88,88,18,0,0,1,0
6,60778,1,1,0,10,29,0,23,5,2010,1,1,9,0,3,6,FRUITVALE AVE,,0,35.39107778,-119.074416670,0,1,0,0,1,1,1,0,2,10,0,10,0,0000000,1,11,99,99,99,99,0,0,0,1,0
6,60779,1,1,0,1,65,3070,8,5,2010,7,17,14,0,14,6,ALESSANDRO AVE,,0,33.94916667,-117.358552780,0,33,0,0,1,1,4,0,1,1,0,1,0,0000000,99,99,99,99,99,99,0,0,0,1,0
6,60780,2,2,0,4,99,2200,10,5,2010,2,16,39,0,14,6,W ORANGEBURG AVE,,0,37.66411111,-121.026711110,0,12,6,0,1,1,1,0,1,2,10,2,0,0000000,99,99,99,99,99,99,0,0,0,1,0
6,60781,1,1,0,1,43,0,10,5,2010,2,18,45,1,2,3,SR-140,,326,37.34186111,-120.220513890,0,33,0,0,1,1,4,0,1,10,0,10,0,0000000,99,99,99,99,88,88,0,0,0,1,0
6,60782,1,1,1,2,45,1320,18,5,2010,3,8,0,0,15,6,OAK ST,HAROLD ST,0,39.44163611,-123.798050000,0,8,0,0,3,2,1,0,1,10,0,10,0,0000000,99,99,99,99,99,99,0,0,0,1,0
6,60783,1,1,0,1,9,0,18,5,2010,3,13,35,0,4,4,MURPHYS GRADE RD,,0,38.10765000,-120.514519440,0,1,0,0,1,1,1,0,1,1,0,1,0,0000000,99,99,99,99,99,99,0,0,0,1,0
6,60784,2,2,0,2,29,240,18,5,2010,3,16,32,0,13,6,NILES ST,ROBINSON ST,0,35.38008056,-118.983005560,0,1,0,0,2,2,1,0,1,1,0,1,0,0000000,99,99,99,99,99,99,0,0,0,1,0
6,60785,1,1,0,1,99,0,18,5,2010,3,19,5,0,4,4,ORANGE BLOSSOM RD,,0,37.80032222,-120.727211110,0,33,0,0,1,1,4,0,1,1,0,1,0,0000000,99,99,99,99,99,99,0,0,0,1,0
6,60786,1,1,1,1,37,1980,18,5,2010,3,20,30,0,13,6,ROSCOE BLVD,WAKEFIELD AVE,0,34.22156111,-118.443400000,0,8,0,0,3,2,1,0,3,1,0,1,0,0000000,99,99,99,99,88,88,0,0,0,1,0
6,60787,2,2,0,3,19,0,18,5,2010,3,21,10,0,2,4,JENSEN AVE,TEMPERANCE AVE,0,36.70750556,-119.664061110,0,12,6,0,2,2,1,0,2,1,0,1,0,0000000,99,99,99,99,99,99,0,0,0,1,0
6,60788,1,1,1,1,67,0,18,5,2010,3,99,99,1,1,1,I-80,,107,38.64541667,-121.383111110,0,8,0,0,1,1,1,0,2,10,0,10,0,0000000,99,99,99,99,99,98,0,0,0,1,0
6,60789,2,2,0,2,47,0,19,5,2010,4,5,45,0,4,4,SHAFFER RD,,0,37.42111944,-120.594638890,0,12,7,0,1,1,1,0,1,1,0,1,0,0000000,5,50,99,99,99,99,0,0,0,1,0
6,60790,3,3,0,4,59,1380,19,5,2010,4,8,20,1,12,3,SR-57,,194,33.90360000,-117.881069440,0,12,7,0,1,1,1,0,1,1,0,1,0,0000000,99,99,99,99,99,99,0,0,0,1,0
6,60791,4,4,3,2,37,1980,23,5,2010,1,2,10,1,12,2,US-101,,142,34.15671944,-118.420419440,0,12,1,0,1,1,1,0,2,1,0,1,0,0000000,99,99,99,99,99,99,19,0,0,3,1
6,60793,1,1,1,2,37,1045,23,5,2010,1,15,34,0,13,6,FIRESTONE BLVD,BROOKSHIRE AVE,0,33.93821667,-118.129538890,0,8,0,0,3,2,1,0,1,1,0,1,0,0000000,99,99,99,99,99,99,0,0,0,1,0
6,60794,1,1,0,3,65,2730,14,5,2010,6,19,40,0,16,6,SHERMAN RD,MAPES RD,0,33.75759722,-117.180422220,0,7,0,0,2,2,1,0,5,1,0,1,0,0000000,99,99,99,99,99,99,0,0,0,2,1
6,60795,1,1,1,2,1,1364,14,5,2010,6,20,20,0,13,6,MOWRY AVE,PARKSIDE DR,0,37.55853333,-121.980238890,0,8,0,0,3,2,1,0,5,1,0,1,0,0000000,99,99,99,99,99,99,0,0,0,1,0
6,60796,2,2,0,4,37,1980,15,5,2010,7,1,25,0,13,6,FIGUEROA ST,135TH ST,0,33.90913611,-118.282741670,0,12,6,0,2,2,1,0,3,1,0,1,0,0000000,99,99,99,99,99,99,0,0,0,1,0
6,60797,1,1,0,1,111,0,15,5,2010,7,7,52,1,12,2,US-101,,306,34.27763056,-119.300908330,0,24,0,0,1,1,3,0,1,10,0,10,0,0000000,99,99,99,99,88,88,0,0,0,1,1
6,60798,2,1,0,2,37,2700,15,5,2010,7,8,18,0,14,6,WALNUT ST,WILSON AVE,0,34.14958611,-118.128088890,0,33,0,0,2,2,4,0,1,1,0,1,0,0000000,99,99,99,99,99,99,0,0,0,1,0
6,60799,2,2,0,2,69,0,19,5,2010,4,16,40,0,2,3,SR-25,,430,36.77556667,-121.310261110,0,12,2,0,1,1,1,0,1,1,0,1,0,0000000,99,99,99,99,88,88,0,0,0,1,1
6,60800,1,1,0,1,79,170,19,5,2010,4,19,9,1,12,2,US-101,,494,35.52718056,-120.705075000,0,42,0,0,1,1,5,0,1,1,0,1,0,0000000,99,99,99,99,88,88,0,0,0,1,0
6,60801,2,2,0,2,65,2276,20,5,2010,5,16,50,0,14,6,RECHE VISTA DR,,0,33.97600278,-117.234391670,0,1,0,0,1,1,1,0,1,1,0,1,0,0000000,99,99,99,99,99,99,0,0,0,1,1
6,60802,1,1,0,1,65,0,22,5,2010,7,4,30,0,2,3,SR-111,,43,33.47035278,-115.881013890,0,1,0,0,1,1,6,0,2,1,0,1,0,0000000,99,99,99,99,88,88,0,0,0,1,0
6,60803,1,1,0,1,65,0,22,5,2010,7,11,2,0,2,3,SR-74,,101,33.64597222,-117.369080560,0,1,0,0,1,1,2,0,1,1,0,1,0,0000000,99,99,99,99,88,88,0,0,0,1,0
6,60804,2,2,0,4,85,2280,22,5,2010,7,12,18,0,15,6,CONDIT RD,,0,37.12770833,-121.628888890,0,12,6,0,8,1,1,0,1,1,0,1,0,0000000,99,99,99,99,99,99,0,0,0,1,0
6,60805,1,1,2,1,37,810,25,4,2010,1,0,38,0,15,6,154TH,,0,33.89240833,-118.255661110,0,8,0,0,1,1,1,0,3,1,0,1,0,0000000,99,99,99,99,99,99,0,0,0,1,1
6,60806,1,1,1,1,53,1760,26,4,2010,2,5,28,0,14,6,S 1ST ST,,0,36.20330278,-121.113644440,0,15,0,0,1,1,1,0,3,1,0,1,0,0000000,99,99,99,99,99,99,0,0,0,1,0
6,60807,1,1,1,1,37,1980,26,4,2010,2,21,58,0,14,6,LASSEN ST,LANGDON AVE,0,34.25007222,-118.469680560,0,8,0,0,3,2,1,0,3,1,0,1,0,0000000,99,99,99,99,99,99,0,0,0,1,0
6,60808,1,1,0,1,67,0,27,4,2010,3,5,45,0,2,3,SR-160,,31,38.59540000,-121.381600000,0,30,0,0,1,1,4,0,2,10,0,10,0,0000000,99,99,99,99,88,88,0,0,0,1,0
6,60809,1,1,1,2,37,2870,27,4,2010,3,7,50,0,16,6,MUIR AVE,,0,34.04504444,-117.755011110,0,8,0,0,1,1,1,0,1,10,0,10,0,0000000,99,99,99,99,99,99,4,0,0,1,0
6,60810,1,1,0,1,13,2790,23,5,2010,1,1,20,1,12,3,SR-4,,220,38.01935833,-121.919144440,0,34,0,0,1,1,5,0,3,1,0,1,0,0000000,99,99,99,99,88,88,18,0,0,1,1
6,60811,1,1,0,1,65,3851,23,5,2010,1,1,23,0,14,6,OLD TOWN FRONT ST,,0,33.49093611,-117.146088890,0,33,0,0,1,1,4,0,3,1,0,1,0,0000000,99,99,99,99,88,88,20,0,0,1,1
6,60812,1,1,0,1,73,0,25,5,2010,3,10,15,0,5,4,N LAKE WOHLFORD RD,,0,33.20063056,-116.971650000,0,42,0,0,1,1,4,0,1,1,0,1,0,0000000,10,17,99,99,88,88,0,0,0,1,0
6,60813,1,1,0,1,37,1970,26,5,2010,4,2,27,1,11,1,I-710 RAMP,,61,33.77629444,-118.204372220,0,33,0,1,5,1,4,0,3,1,0,1,0,0000000,99,99,99,99,88,88,0,0,0,1,1
6,60814,1,1,0,4,71,0,26,5,2010,4,9,23,1,1,1,I-15,,162,34.24991944,-117.443369440,0,1,0,0,1,1,3,0,1,1,0,1,0,0000000,9,27,99,99,99,99,0,0,0,1,0
6,60815,2,2,0,4,107,0,26,5,2010,4,17,54,0,4,4,AVENUE 232,ROAD 36,0,36.21000000,-119.493227780,0,12,6,0,2,2,1,0,1,1,0,1,0,0000000,99,99,99,99,99,99,0,0,0,2,1
6,60816,1,1,1,1,19,1370,26,5,2010,4,20,47,1,12,3,SR-99 RAMP,,246,36.77206944,-119.838130560,0,9,0,1,5,1,1,0,3,1,0,1,0,0000000,20,49,99,99,88,88,0,0,0,1,0
6,60817,1,1,0,1,59,3960,28,5,2010,6,9,13,1,12,3,SR-55 RAMP,,104,33.73878056,-117.833900000,0,23,0,1,5,1,4,0,1,1,0,1,0,0000000,9,16,99,99,88,88,0,0,0,1,1
6,60818,1,1,0,7,47,1930,21,5,2010,6,22,2,1,12,3,SR-99,,299,37.38856944,-120.728488890,0,35,0,0,1,1,4,0,2,1,0,1,0,0000000,99,99,99,99,99,99,0,0,0,1,0
6,60819,1,1,1,1,73,1200,21,5,2010,6,22,25,0,13,6,CENTRE CITY PKY,BROTHERTON RD,0,33.09422222,-117.071952780,0,8,0,0,3,3,1,0,3,1,0,1,0,0000000,99,99,99,99,88,88,0,0,0,1,0
6,60820,1,1,0,1,107,0,22,5,2010,7,2,20,0,5,4,AVE 120,,0,36.00768889,-119.282780560,0,30,0,0,1,1,4,0,2,1,0,1,0,0000000,99,99,99,99,99,99,0,0,0,1,1
6,60821,1,1,0,1,107,0,22,5,2010,7,3,0,0,5,4,ROAD 52,,0,36.54443889,-119.457711110,0,38,0,0,1,1,4,0,2,1,0,1,0,0000000,99,99,99,99,88,88,4,0,0,1,0
6,60822,2,1,0,2,37,1015,23,5,2010,1,3,12,1,12,3,SR-60,,252,34.02320000,-117.812780560,0,14,0,0,1,1,2,0,2,1,0,1,0,0000000,99,99,99,99,99,99,14,0,0,1,1
6,60823,2,2,0,2,107,0,23,5,2010,1,20,26,0,4,4,ROAD 132,,0,36.37825000,-119.278819440,0,12,2,0,1,1,1,0,2,1,0,1,0,0000000,20,31,99,99,99,99,0,0,0,1,1
6,60824,2,2,0,2,73,0,23,5,2010,1,20,45,0,4,4,GREENFIELD DR,,0,32.81343056,-116.947180560,0,12,6,0,1,1,1,0,3,1,0,1,0,0000000,20,50,99,99,99,99,0,0,0,1,1
6,60825,8,2,0,5,37,1980,23,5,2010,1,23,52,0,14,6,SATICOY ST,MASON AVE,0,34.20834444,-118.579722220,0,12,6,0,2,2,1,0,3,1,0,1,0,0000000,99,99,99,99,99,99,14,0,0,1,1
6,60826,3,3,0,6,71,3210,29,5,2010,7,11,41,0,12,3,SR-18,,133,34.18300556,-117.274783330,0,12,2,0,1,1,1,0,1,1,0,1,0,0000000,99,99,99,99,99,99,14,0,0,1,0
6,60827,1,1,0,3,37,1870,23,1,2010,7,0,44,0,13,6,FOOTHILL BLVD,,0,34.11777500,-117.778908330,0,33,0,0,1,1,4,0,3,1,0,1,0,0000000,99,99,99,99,99,99,0,0,0,2,1
6,60828,2,2,0,2,37,1970,20,5,2010,5,17,51,0,14,6,MARKET ST,WALNUT AVE,0,33.85435833,-118.173477780,0,12,6,0,2,2,1,0,1,1,0,1,0,0000000,99,99,99,99,99,99,0,0,0,1,0
6,60829,2,2,0,2,37,1980,22,5,2010,7,4,10,1,12,3,SR-134,,92,34.14551111,-118.222111110,0,12,1,0,1,1,1,0,2,1,0,1,0,0000000,99,99,99,99,88,88,0,0,0,1,1
6,60830,1,1,0,5,37,639,28,5,2010,6,19,25,1,11,1,I-605,,42,33.86428056,-118.098236110,0,33,0,0,1,1,4,0,1,1,0,1,0,0000000,99,99,99,99,99,99,0,0,0,1,0
6,60831,1,1,1,1,75,3290,28,5,2010,6,99,99,0,16,6,OCTAVIA ST,,0,37.77268333,-122.423727780,0,8,0,0,1,1,1,0,3,1,0,1,0,0000000,99,99,99,99,88,88,0,0,0,1,0
6,60832,2,2,0,3,37,1980,29,5,2010,7,11,10,0,16,6,CHARLES E YOUNG DR,DE NEVE PLAZA,0,34.07321111,-118.449116670,0,12,2,0,2,3,1,0,1,1,0,1,0,0000000,99,99,99,99,99,99,0,0,0,1,1
6,60833,1,1,0,3,85,1420,27,5,2010,5,0,54,0,15,6,E 6TH ST,ALEXANDER ST,0,37.00741944,-121.566369440,0,30,0,0,3,2,4,0,3,98,0,98,0,0000000,99,99,99,99,99,99,0,0,0,2,1
6,60834,3,3,0,5,101,0,28,5,2010,6,13,53,1,2,3,SR-20,ACACIA AVE,92,39.14233056,-121.753980560,0,12,6,0,2,2,1,0,1,1,0,1,0,0000000,13,54,99,99,99,99,0,0,0,1,1
6,60835,2,2,0,2,65,0,31,5,2010,2,14,25,1,2,3,SR-86,81ST AVE,31,33.46227222,-116.091200000,0,12,6,0,2,2,1,0,1,1,0,1,0,0000000,99,99,99,99,99,99,0,0,0,1,0
6,60836,2,2,0,5,97,3089,31,5,2010,2,16,17,0,13,6,ROHNERT PARK EXPY,REDWOOD DR,0,38.34801667,-122.713166670,0,12,6,0,2,2,1,0,1,1,0,1,0,0000000,99,99,99,99,99,99,0,0,0,1,0
6,60837,1,1,0,1,107,0,29,5,2010,7,21,15,0,6,6,AVE 312,,0,36.35495000,-119.123488890,0,43,0,0,1,1,4,0,3,1,0,1,0,0000000,99,99,99,99,88,88,0,0,0,1,1
6,60838,1,1,0,1,71,1605,29,5,2010,7,23,41,0,12,3,SR-210,,276,34.13188889,-117.220619440,0,24,0,0,1,1,3,0,2,1,0,1,0,0000000,23,41,99,99,88,88,0,0,0,1,1
6,60839,1,1,0,1,73,0,29,5,2010,7,99,99,1,1,1,I-8,,485,32.76363889,-116.487100000,0,1,0,0,1,1,4,0,2,1,0,1,0,0000000,99,99,99,99,88,88,0,0,0,1,1
6,60840,1,1,0,1,107,4050,30,5,2010,1,3,22,0,14,6,SHIRK RD,,0,36.31856667,-119.367722220,0,42,0,0,1,1,4,0,2,1,0,1,0,0000000,99,99,99,99,88,88,0,0,0,1,1
6,60841,1,1,0,1,35,0,30,5,2010,1,12,57,0,4,6,RICHMOND RD,,0,40.37423056,-120.632619440,0,38,0,0,1,1,4,0,1,1,0,1,0,0000000,99,99,99,99,88,88,0,0,0,1,1
6,60842,1,1,0,1,89,0,30,5,2010,1,16,20,0,5,4,ROCK CREEK RD,,0,40.42623889,-121.882538890,0,1,0,0,1,1,4,0,1,1,0,1,0,0000000,99,99,99,99,88,88,4,0,0,1,0
6,60843,1,1,1,1,67,1108,30,5,2010,1,21,22,0,14,6,SHELDON RD,,0,38.43807778,-121.405825000,0,9,0,0,1,1,1,0,3,1,0,1,0,0000000,99,99,99,99,99,99,0,0,0,1,0
6,60844,1,1,0,1,73,0,31,5,2010,2,10,1,0,4,4,OLD JULIAN HWY,,0,33.05078889,-116.795630560,0,1,0,0,1,1,4,0,1,1,0,1,0,0000000,10,5,99,99,88,88,0,0,0,1,0
6,60845,1,1,1,2,37,1980,30,3,2010,3,9,15,0,13,6,4TH ST,BOYLE AVE,0,34.04306111,-118.219650000,0,8,0,0,3,2,1,0,1,1,0,1,0,0000000,99,99,99,99,88,88,0,0,0,1,0
6,60846,1,1,0,1,59,1713,30,3,2010,3,19,43,1,11,1,I-405 RAMP,,15,33.65040000,-117.755800000,0,33,0,1,5,1,4,0,3,1,0,1,0,0000000,99,99,99,99,99,99,0,0,0,1,0
6,60847,1,1,0,1,13,0,2,4,2010,6,15,0,1,2,3,SR-4,,29,38.01318056,-122.236194440,0,59,0,0,1,1,4,0,1,10,2,2,0,0000000,99,99,99,99,99,99,0,0,0,1,0
6,60848,2,2,0,2,83,3460,5,4,2010,2,18,28,0,14,6,COLLEGE DR,BRADLEY RD,0,34.96621944,-120.425500000,0,12,6,0,2,3,1,0,1,1,0,1,0,0000000,99,99,99,99,99,99,0,0,0,1,1
6,60849,2,2,0,5,29,0,5,4,2010,2,19,35,1,2,3,SR-46,,280,35.61586111,-119.735169440,0,12,2,0,1,1,1,0,2,1,0,1,0,0000000,99,99,99,99,99,99,0,0,0,3,0
6,60850,1,1,1,4,73,0,18,4,2010,1,4,15,1,1,1,I-5,,545,33.20981944,-117.386688890,0,8,0,0,1,1,1,0,3,5,0,5,0,0000000,88,88,88,88,88,88,0,0,0,1,0
6,60851,2,2,0,1,37,1980,1,6,2010,3,4,37,1,12,2,US-101,,83,34.11791111,-118.337738890,0,12,2,0,1,1,1,0,3,1,0,1,0,0000000,99,99,99,99,88,88,19,0,0,1,0
6,60852,1,1,0,2,23,0,1,6,2010,3,7,25,1,2,2,US-101,,348,40.82056389,-124.093622220,0,42,0,0,1,1,4,0,1,1,0,1,0,0000000,99,99,99,99,99,99,0,0,0,1,0
6,60853,3,3,0,4,73,0,1,6,2010,3,8,40,1,2,3,SR-125,,120,32.73511111,-117.015480560,0,1,0,0,1,1,1,0,1,1,0,1,0,0000000,99,99,99,99,99,99,0,0,0,1,0
6,60854,1,1,0,1,65,3070,2,6,2010,4,0,39,1,12,3,SR-91 RAMP,,112,33.89788889,-117.488388890,0,1,0,0,5,1,4,0,3,1,0,1,0,0000000,99,99,99,99,88,88,0,0,0,1,1
6,60855,1,1,0,1,37,1980,2,6,2010,4,2,10,0,13,6,DEVONSHIRE ST,,0,34.25726111,-118.563441670,0,30,0,0,1,1,4,0,3,10,0,10,0,0000000,99,99,99,99,88,88,0,0,0,1,1
6,60856,1,1,0,1,107,0,2,6,2010,4,5,15,0,6,4,RD 120,,0,35.92926111,-119.303811110,0,42,0,0,1,1,5,0,4,1,0,1,0,0000000,99,99,99,99,88,88,0,0,0,1,1
6,60857,2,2,0,2,83,0,2,6,2010,4,9,55,0,2,3,SR-154,SR-246 RAMP,81,34.61043056,-120.055130560,0,12,6,0,2,3,1,0,1,1,0,1,0,0000000,99,99,99,99,88,88,0,0,0,1,0
6,60858,2,2,0,2,19,0,2,6,2010,4,14,23,0,5,4,ADAMS AVE,,0,36.63268056,-119.376611110,0,12,2,0,1,1,1,0,1,1,0,1,0,0000000,99,99,99,99,88,88,0,0,0,2,1
6,60859,1,1,0,1,47,0,2,6,2010,4,14,50,0,4,4,KELLY RD,,0,37.35325000,-120.960638890,0,38,0,0,1,1,5,0,1,1,0,1,0,0000000,99,99,99,99,88,88,0,0,0,1,1
6,60860,2,2,0,4,29,240,2,6,2010,4,23,36,0,14,6,H ST,,0,35.36459444,-119.021211110,0,12,6,0,8,1,1,0,3,1,0,1,0,0000000,99,99,99,99,99,99,0,0,0,1,1
6,60861,1,1,0,1,99,0,3,6,2010,5,3,15,1,1,1,I-5,,150,37.45288056,-121.172600000,0,24,0,0,1,1,3,0,2,1,0,1,0,0000000,99,99,99,99,88,88,0,0,0,1,0
6,60862,1,1,0,1,7,0,3,6,2010,5,10,19,0,2,3,SR-32,,147,39.75563889,-121.738200000,0,33,0,0,1,1,4,0,1,1,0,1,0,0000000,99,99,99,99,88,88,0,0,0,1,0
6,60863,1,1,0,3,107,0,4,6,2010,6,1,45,0,6,4,BALCH PARK RD,,0,36.25350000,-118.775611110,0,42,0,0,1,1,5,0,3,1,0,1,0,0000000,99,99,99,99,99,99,0,0,0,1,1
6,60864,2,2,0,2,19,0,4,6,2010,6,11,27,0,5,4,GRANTLAND AVE,BELMONT AVE,0,36.74985833,-119.916200000,0,12,6,0,2,2,1,0,1,1,0,1,0,0000000,99,99,99,99,99,99,0,0,0,1,0
6,60865,2,2,0,3,31,0,5,6,2010,7,1,49,1,2,3,SR-41,,380,36.25660000,-119.808030560,0,12,2,0,1,1,1,0,3,1,0,1,0,0000000,99,99,99,99,99,99,0,0,0,1,0
6,60866,1,1,0,1,51,0,5,6,2010,7,5,50,1,2,2,US-395,,631,38.08152500,-119.178227780,0,11,0,0,1,1,1,0,4,1,0,1,0,0000000,99,99,99,99,88,88,0,0,0,1,0
6,60867,2,2,0,4,19,1370,5,6,2010,7,7,29,0,13,6,W SHIELDS AVE,N FRUIT AVE,0,36.77937500,-119.817572220,0,12,6,0,2,2,1,0,1,1,0,1,0,0000000,99,99,99,99,99,99,0,0,0,1,0
6,60868,2,2,0,2,37,1825,5,6,2010,7,11,50,0,12,3,SR-90,,25,33.91731389,-117.991533330,0,12,7,0,1,1,3,0,1,1,0,1,0,0000000,99,99,99,99,99,99,0,0,0,1,1
6,60869,1,1,0,1,63,0,5,6,2010,7,16,37,0,2,3,SR-89,,102,39.79587500,-120.640269440,0,58,0,0,1,1,4,0,1,10,0,10,0,0000000,99,99,99,99,99,99,0,0,0,1,0
6,60870,1,1,0,3,25,0,2,6,2010,4,16,30,1,2,3,SR-86,,593,33.32096111,-115.995211110,0,1,0,0,1,1,3,0,1,1,0,1,0,0000000,99,99,99,99,99,99,0,0,0,2,0
6,60871,2,2,0,2,29,240,23,5,2010,1,6,39,0,13,6,OLD RIVER RD,PANAMA LN,0,35.29618333,-119.109830560,0,12,6,0,2,2,1,0,1,10,0,10,0,0000000,99,99,99,99,99,99,0,0,0,1,1
6,60872,1,1,0,4,111,0,29,5,2010,7,21,13,0,2,3,SR-232,,33,34.26576944,-119.144461110,0,42,0,0,1,1,4,1,2,1,0,1,0,0000000,99,99,99,99,99,99,0,0,0,1,1
6,60873,2,2,0,3,73,1182,1,6,2010,3,14,10,1,11,1,I-5,,407,33.03699167,-117.281852780,0,12,7,0,1,1,1,0,1,1,0,1,0,0000000,14,12,99,99,99,99,0,0,0,1,0
6,60874,2,2,0,4,29,0,2,6,2010,4,22,28,0,2,4,MT VERNON AVE,KENTUCKY ST,0,35.37313056,-118.967411110,0,12,6,0,2,3,1,0,3,1,0,1,0,0000000,22,32,99,99,99,99,0,0,0,1,1
6,60875,5,5,0,5,37,2458,3,6,2010,5,4,23,1,11,1,I-5,,54,33.92226944,-118.083361110,0,33,0,0,1,1,3,0,2,1,0,1,0,0000000,99,99,99,99,88,88,0,0,0,1,1
6,60876,4,4,0,8,55,0,3,6,2010,5,8,20,0,2,3,SR-12,,19,38.21680556,-122.224755560,0,12,1,0,1,1,1,0,1,1,0,1,0,0000000,8,21,99,99,99,99,0,0,0,4,0
6,60877,1,1,1,1,1,1170,3,6,2010,5,10,29,0,12,3,SR-123,36TH ST,0,37.82717222,-122.278533330,0,9,0,0,3,2,1,0,1,1,0,1,0,0000000,99,99,99,99,88,88,0,0,0,1,0
6,60878,2,2,0,4,45,0,3,6,2010,5,13,50,1,2,2,US-101,UVA DR,339,39.27061111,-123.242569440,0,12,6,0,2,2,1,0,1,1,0,1,0,0000000,13,53,99,99,99,99,0,0,0,1,0
6,60879,2,2,1,2,79,0,3,6,2010,5,20,40,1,2,2,US-101,,50,35.03803889,-120.485919440,0,8,0,0,1,1,1,0,5,1,0,1,0,0000000,99,99,99,99,88,88,0,0,0,1,0
6,60880,1,1,1,1,81,3730,5,6,2010,7,0,15,1,12,2,US-101 RAMP,,234,37.67316667,-122.389080560,0,8,0,0,5,1,1,0,2,1,0,1,0,0000000,99,99,99,99,88,88,0,0,0,1,0
6,60881,1,1,1,2,37,0,28,2,2010,1,21,15,0,2,4,CENTURY BL,VAN NESS AVE,0,33.94543889,-118.317761110,0,8,0,0,3,2,1,0,3,10,0,10,0,0000000,99,99,99,99,88,88,0,0,0,1,0
6,60882,1,1,0,2,13,3010,24,3,2010,4,15,49,1,11,1,I-80,,5,37.90083056,-122.310919440,0,30,0,0,1,1,4,0,1,1,0,1,0,0000000,99,99,99,99,99,99,0,0,0,1,0
6,60883,2,2,0,6,29,240,24,4,2010,7,10,24,1,13,3,SR-58,CAMINO DEL RIO CT,516,35.38327778,-119.047711110,0,12,6,0,2,2,1,0,1,1,0,1,0,0000000,99,99,99,99,99,99,0,0,0,1,0
6,60884,1,1,1,2,59,3420,25,4,2010,1,9,28,0,13,6,1ST ST,CENTER ST,0,33.74524444,-117.898097220,0,8,0,0,3,3,1,0,1,1,0,1,0,0000000,99,99,99,99,99,99,0,0,0,1,0
6,60885,1,1,0,1,45,0,25,4,2010,1,21,7,0,2,3,SR-20,,311,39.40441667,-123.386250000,0,38,0,0,1,1,4,0,2,1,0,1,0,0000000,21,11,99,99,88,88,0,0,0,1,1
6,60886,1,1,0,1,1,2480,23,5,2010,1,16,20,1,11,1,I-880,,336,37.48302778,-122.181838890,0,38,0,0,1,1,4,0,1,1,0,1,0,0000000,99,99,99,99,88,88,0,0,0,1,0
6,60887,1,1,1,1,107,0,27,5,2010,5,3,38,0,3,4,AVENUE 416,DAVID RD,0,36.54478889,-119.292511110,0,8,0,0,3,3,1,0,2,1,0,1,0,0000000,99,99,99,99,88,88,0,0,0,1,0
6,60888,2,2,0,4,29,240,27,5,2010,5,5,50,1,12,3,SR-99,,245,35.36733889,-119.041552780,0,12,7,0,1,1,1,0,4,10,0,10,0,0000000,5,53,99,99,99,99,0,0,0,1,0
6,60889,1,1,0,1,107,0,27,5,2010,5,11,35,0,3,4,SOUTH I ST,,0,36.16218333,-119.338325000,0,58,0,0,1,1,4,0,1,1,0,1,0,0000000,11,35,99,99,99,99,0,0,0,1,0