STATE,ST_CASE,VE_TOTAL,VE_FORMS,PEDS,PERSONS,COUNTY,CITY,DAY,MONTH,YEAR,DAY_WEEK,HOUR,MINUTE,NHS,ROAD_FNC,ROUTE,TWAY_ID,TWAY_ID2,MILEPT,LATITUDE,LONGITUD,SP_JUR,HARM_EV,MAN_COLL,RELJCT1,RELJCT2,TYP_INT,REL_ROAD,WRK_ZONE,LGT_COND,WEATHER1,WEATHER2,WEATHER,SCH_BUS,RAIL,NOT_HOUR,NOT_MIN,ARR_HOUR,ARR_MIN,HOSP_HR,HOSP_MN,CF1,CF2,CF3,FATALS,DRUNK_DR
6,60890,2,2,0,3,85,2182,27,5,2010,5,13,23,1,11,1,I-880,,69,37.40343889,-121.909511110,0,12,7,0,1,1,1,0,1,1,0,1,0,0000000,99,99,99,99,99,99,0,0,0,1,0
6,60891,1,1,1,3,73,2510,29,5,2010,7,21,50,0,14,6,N RIVER RD,CALLE MONTECITO,0,33.24530556,-117.308738890,0,9,0,0,2,2,1,0,3,1,0,1,0,0000000,99,99,99,99,99,99,0,0,0,1,0
6,60892,1,1,1,1,73,2510,7,6,2010,2,20,30,0,16,6,VANDGRIFT BL,E PARKER ST,0,33.26151667,-117.298130560,0,8,0,0,3,2,1,0,5,10,0,10,0,0000000,99,99,99,99,99,99,0,0,0,1,0
6,60893,1,1,0,1,59,1380,6,5,2010,5,4,46,1,12,3,SR-57,,190,33.89903056,-117.881411110,0,33,0,0,1,1,4,0,2,1,0,1,0,0000000,99,99,99,99,88,88,0,0,0,1,0
6,60894,1,1,1,1,77,3770,8,5,2010,7,8,45,0,13,6,MONTAUBAN AVENUE,MARCH LANE,0,38.00365556,-121.284791670,0,9,0,0,3,2,1,0,1,1,0,1,0,0000000,99,99,99,99,99,99,0,0,0,1,0
6,60895,1,1,0,2,73,3260,8,5,2010,7,16,38,1,11,1,I- 805 RAMP,,270,32.89191111,-117.207011110,0,59,0,1,5,1,4,0,1,1,0,1,0,0000000,99,99,99,99,99,99,0,0,0,1,1
6,60896,1,1,0,1,97,0,8,5,2010,7,21,10,0,5,6,PEPPER RD,,0,38.28504722,-122.741655560,0,30,0,0,1,1,4,0,2,1,0,1,0,0000000,99,99,99,99,88,88,0,0,0,1,1
6,60897,1,1,0,2,37,1980,13,5,2010,5,11,10,0,13,6,SHERMAN WY,YARMOUTH AVE,0,34.20108333,-118.526005560,0,33,0,0,2,3,4,0,1,1,0,1,0,0000000,99,99,99,99,99,99,0,0,0,1,0
6,60898,2,2,0,3,37,1670,24,5,2010,2,20,16,0,13,6,FLORENCE AVE,,0,33.97277222,-118.211691670,0,12,6,0,8,1,1,0,3,1,0,1,0,0000000,99,99,99,99,99,99,0,0,0,1,0
6,60899,1,1,1,1,13,820,24,5,2010,2,23,5,0,12,3,SR-242 RAMP,,23,37.98822222,-122.039977780,0,8,0,1,5,1,1,0,2,1,0,1,0,0000000,99,99,99,99,99,99,0,0,0,1,0
6,60900,1,1,0,1,65,1801,24,5,2010,2,23,10,1,11,1,I-15,,207,33.67668056,-117.322488890,0,41,0,1,5,1,8,0,2,1,0,1,0,0000000,99,99,99,99,88,88,0,0,0,1,1
6,60901,1,1,0,1,107,0,24,5,2010,2,99,99,0,6,4,AVENUE 412,,0,36.53695000,-119.252922220,0,1,0,0,1,1,2,0,2,1,0,1,0,0000000,99,99,99,99,88,88,0,0,0,1,1
6,60902,2,2,0,2,107,0,25,5,2010,3,7,20,0,3,4,ROAD 80,,0,36.41940833,-119.394813890,0,12,2,0,1,1,1,0,1,1,0,1,0,0000000,99,99,99,99,88,88,0,0,0,1,0
6,60903,2,2,0,3,67,3150,25,5,2010,3,0,39,1,12,2,US-50,,8,38.56644167,-121.503088890,0,12,1,0,1,1,1,0,2,1,0,1,0,0000000,99,99,99,99,99,99,0,0,0,1,0
6,60904,1,1,1,1,85,3340,14,2,2010,1,18,42,1,12,3,SR-87 RAMP,,54,37.32351944,-121.896100000,0,8,0,1,5,1,1,0,2,1,0,1,0,0000000,99,99,99,99,99,99,0,0,0,1,0
6,60905,2,2,0,2,59,1380,25,4,2010,1,2,36,0,14,6,ROSECRANS AVE,GILBERT ST,0,33.89606111,-117.965680560,0,12,6,0,2,2,1,0,3,1,0,1,0,0000000,99,99,99,99,99,99,0,0,0,1,2
6,60906,3,3,0,5,1,2480,26,4,2010,2,13,33,1,11,1,I-580,,388,37.77994167,-122.172066670,0,12,7,0,1,1,1,0,1,1,0,1,0,0000000,99,99,99,99,99,99,0,0,0,1,0
6,60907,2,2,0,3,107,0,26,4,2010,2,16,15,0,6,4,ROAD 72,AVENUE 430,0,36.57143333,-119.412938890,0,12,6,0,2,2,1,0,1,1,0,1,0,0000000,99,99,99,99,99,99,0,0,0,1,0
6,60908,2,2,0,3,1,0,11,5,2010,3,9,35,1,1,1,I-680,,102,37.57882222,-121.876894440,0,12,1,0,1,1,1,0,1,1,0,1,0,0000000,99,99,99,99,99,99,0,0,0,1,1
6,60909,2,2,0,3,47,0,23,5,2010,1,21,23,0,3,4,WALNUT AVE,CYPRESS AVE,0,37.38936944,-120.622561110,0,12,6,0,2,3,1,0,2,1,0,1,0,0000000,99,99,99,99,99,99,0,0,0,1,2
6,60910,2,2,1,1,1,20,5,6,2010,7,2,2,1,11,1,I-80,,73,37.88736944,-122.309336110,0,25,0,0,1,1,4,0,2,1,0,1,0,0000000,2,3,99,99,88,88,19,0,0,1,0
6,60911,1,1,0,1,89,0,5,6,2010,7,8,45,0,2,3,SR-44,,454,40.51575556,-122.080336110,0,1,0,0,1,1,4,0,1,10,0,10,0,0000000,99,99,99,99,88,88,0,0,0,1,0
6,60912,2,2,0,3,59,80,5,6,2010,7,18,54,0,13,6,N BROOKHURST ST,,409,33.84347778,-117.958894440,0,33,0,0,1,1,3,0,1,1,0,1,0,0000000,99,99,99,99,99,99,0,0,0,1,1
6,60913,2,1,0,1,37,1980,6,6,2010,1,5,45,0,13,6,N VERMONT AVE,MARATHON ST,0,34.08477500,-118.291727780,0,14,0,0,3,2,7,0,1,1,0,1,0,0000000,99,99,99,99,88,88,14,0,0,1,1
6,60914,1,1,0,1,19,0,8,6,2010,3,16,0,0,2,4,CLOVIS AVE,,0,36.64760000,-119.699897220,0,39,0,0,1,1,3,0,1,1,0,1,0,0000000,99,99,99,99,99,99,0,0,0,1,0
6,60915,1,1,1,1,73,4060,9,6,2010,4,4,46,0,14,6,E VISTA WY,MONTE MAR RD,0,33.21940000,-117.226127780,0,8,0,0,3,3,1,0,3,10,0,10,0,0000000,99,99,99,99,99,98,0,0,0,1,0
6,60916,2,2,0,7,71,4040,7,6,2010,2,16,55,1,2,2,US- 395,,75,34.45349167,-117.399772220,0,12,2,0,1,1,1,0,3,1,0,1,0,0000000,99,99,99,99,99,99,0,0,0,1,0
6,60917,1,1,1,1,37,1980,10,6,2010,5,10,35,0,13,6,CAHUENGA BL,,0,34.12273889,-118.340755560,0,8,0,0,1,1,1,0,1,1,0,1,0,0000000,99,99,99,99,99,99,0,0,0,1,0
6,60918,1,1,1,1,37,1980,10,6,2010,5,13,5,0,13,6,WILSHIRE BL,HAUSER BL,0,34.06237222,-118.351441670,0,8,0,0,2,2,1,0,1,1,0,1,0,0000000,99,99,99,99,88,88,0,0,0,1,0
6,60919,1,1,1,3,37,1980,10,6,2010,5,18,22,0,16,6,FENTON GROVE LN,BIRCH GROVE LN,0,34.28617500,-118.394430560,0,30,0,0,3,3,4,0,1,1,0,1,0,0000000,99,99,99,99,99,99,20,0,0,1,0
6,60920,2,2,0,3,51,0,31,5,2010,2,22,50,1,2,2,US-395,,392,37.80045833,-119.040877780,0,12,2,0,1,1,1,0,2,10,0,10,0,0000000,22,54,99,99,99,99,0,0,0,2,0
6,60921,4,2,1,4,37,1980,13,6,2010,1,20,50,0,13,6,CAHUENGA BL,,0,34.14755833,-118.361505560,0,8,0,0,1,1,1,0,3,1,0,1,0,0000000,99,99,99,99,99,99,0,0,0,1,1
6,60922,1,1,0,1,77,0,14,6,2010,2,20,20,0,4,4,DURHAM PERRY RD,,0,37.66723056,-121.370980560,0,1,0,0,1,1,5,0,5,1,0,1,0,0000000,20,25,99,99,99,99,0,0,0,1,0
6,60923,2,2,0,3,73,1200,15,6,2010,3,0,35,1,11,1,I-15,,279,33.08134722,-117.072416670,0,18,0,0,1,1,1,0,2,1,0,1,0,0000000,0,38,99,99,99,99,19,0,0,1,0
6,60924,2,2,1,2,1,1364,15,6,2010,3,4,6,1,11,1,I-680,,29,37.50278056,-121.931677780,0,8,0,0,1,1,1,0,2,1,0,1,0,0000000,99,99,99,99,88,88,0,0,0,1,0
6,60925,3,3,0,4,111,0,20,6,2010,1,20,45,1,2,2,US-101,,378,34.32090000,-119.386969440,0,12,2,0,1,1,1,0,2,1,0,1,0,0000000,99,99,99,99,99,99,0,0,0,1,0
6,60926,1,1,1,1,67,3150,21,6,2010,2,0,51,0,12,3,SR-51,,51,38.61459167,-121.422613890,0,8,0,0,1,1,1,0,2,10,0,10,0,0000000,99,99,99,99,88,88,19,0,0,1,0
6,60927,1,1,1,1,29,240,8,5,2010,7,20,28,0,12,3,SR-204,,28,35.36835833,-119.003016670,0,8,0,0,1,1,1,0,3,1,0,1,0,0000000,99,99,99,99,99,99,0,0,0,1,0
6,60928,1,1,0,1,39,2050,13,5,2010,5,19,55,1,12,3,SR-99 RAMP,,141,36.99566111,-120.102900000,0,58,0,0,5,1,2,0,1,1,0,1,0,0000000,99,99,99,99,88,88,0,0,0,1,1
6,60929,1,1,1,1,67,0,14,5,2010,6,5,10,0,3,4,ELVERTA RD,,0,38.71468056,-121.458150000,0,8,0,0,8,1,1,0,2,1,0,1,0,0000000,99,99,99,99,88,88,0,0,0,1,0
6,60930,4,4,0,5,71,0,10,6,2010,5,2,34,1,1,1,I-40,,1026,34.80468056,-115.270288890,0,12,1,0,1,1,1,0,2,1,0,1,0,0000000,99,99,99,99,88,88,19,23,0,1,0
6,60931,2,2,0,2,47,0,7,6,2010,2,17,10,0,2,4,ATWATER JORDAN RD,BERT CRANE RD,0,37.34543889,-120.613969440,0,12,6,0,2,2,1,0,1,10,0,10,0,0000000,99,99,99,99,99,99,0,0,0,1,0
6,60932,4,2,0,2,1,1560,8,6,2010,3,12,13,0,16,6,CALAROGA AVE,,0,37.63518611,-122.089858330,0,12,6,0,4,1,1,0,1,1,0,1,0,0000000,99,99,99,99,88,88,21,0,0,1,0
6,60933,2,2,0,2,99,0,9,6,2010,4,6,55,0,4,4,CROWS LANDING RD,,0,37.53415000,-120.994288890,0,12,2,0,1,1,1,0,1,1,0,1,1,0000000,99,99,99,99,88,88,0,0,0,1,0
6,60934,1,1,0,1,65,0,9,6,2010,4,9,10,0,2,3,SR-74,,781,33.57331389,-116.493133330,0,1,0,0,1,1,1,0,1,1,0,1,0,0000000,99,99,99,99,99,99,0,0,0,1,0
6,60935,1,1,0,1,61,0,9,6,2010,4,18,20,1,1,1,I-80,,206,38.93905000,-121.052161110,0,1,0,0,1,1,1,0,1,1,0,1,0,0000000,99,99,99,99,99,99,0,0,0,1,1
6,60936,2,2,0,4,37,639,10,6,2010,5,7,42,1,12,3,SR-91,,174,33.87621944,-118.093438890,0,12,1,0,1,1,1,0,1,10,0,10,0,0000000,99,99,99,99,99,99,0,0,0,1,0
6,60937,1,1,0,2,65,3070,11,6,2010,6,0,33,0,13,6,VAN BUREN BL,,0,33.88490278,-117.350394440,0,30,0,0,1,1,4,0,3,1,0,1,0,0000000,99,99,99,99,99,99,0,0,0,1,1
6,60938,1,1,0,2,37,1840,11,6,2010,6,17,50,0,13,6,AVENUE M,,0,34.64591667,-118.113252780,0,40,0,0,1,1,4,0,1,1,0,1,0,0000000,99,99,99,99,99,99,0,0,0,1,0
6,60939,1,1,0,1,27,0,11,6,2010,6,99,99,0,6,4,TRON-WILDROSE RD,,0,35.96119444,-117.336558330,0,1,0,0,1,1,4,0,2,1,0,1,0,0000000,88,88,88,88,88,88,0,0,0,1,1
6,60940,1,1,0,1,71,0,12,6,2010,7,2,15,1,2,3,SR-18,,192,34.22558333,-117.269841670,0,38,0,0,1,1,4,0,2,1,0,1,0,0000000,99,99,99,99,88,88,0,0,0,1,1
6,60941,1,1,0,2,107,0,12,6,2010,7,6,8,0,2,3,SR-43,,41,35.84405000,-119.373780560,0,1,0,0,1,1,5,0,1,1,0,1,0,0000000,99,99,99,99,99,99,0,0,0,1,0
6,60942,3,3,0,4,43,0,12,6,2010,7,15,18,0,2,3,SR-49,,112,37.45988056,-119.873700000,0,12,2,0,1,1,1,0,1,1,0,1,0,0000000,99,99,99,99,99,99,0,0,0,1,0
6,60943,1,1,0,1,99,0,13,6,2010,1,2,0,0,2,3,SR-33,,251,37.60651389,-121.262025000,0,1,0,0,1,1,4,0,2,1,0,1,0,0000000,99,99,99,99,88,88,0,0,0,1,1
6,60944,3,1,0,2,37,1970,13,6,2010,1,2,19,0,13,6,SANTA FE AVE,,0,33.78188611,-118.215491670,0,14,0,0,1,1,7,0,2,1,0,1,0,0000000,99,99,99,99,99,99,0,0,0,1,1
6,60945,1,1,0,1,65,0,13,6,2010,1,3,59,1,11,1,I-215,,377,33.93543056,-117.290550000,0,1,0,0,1,1,4,0,3,1,0,1,0,0000000,99,99,99,99,88,88,0,0,0,1,0
6,60946,1,1,0,1,71,2960,13,6,2010,1,4,45,1,11,1,I-10 RAMP,,242,34.06886944,-117.201580560,0,1,0,1,5,1,4,0,2,1,0,1,0,0000000,99,99,99,99,88,88,0,0,0,1,1
6,60947,1,1,0,1,13,0,13,6,2010,1,6,45,1,2,3,SR-4,,63,38.00578889,-122.160869440,0,41,0,0,1,1,4,0,1,1,0,1,0,0000000,99,99,99,99,88,88,0,0,0,1,0
6,60948,2,2,0,3,97,0,13,6,2010,1,14,15,0,2,3,SR-121,,97,38.24878889,-122.410469440,0,12,6,0,1,1,1,0,1,1,0,1,0,0000000,99,99,99,99,99,99,0,0,0,2,0
6,60949,1,1,0,1,65,9999,13,6,2010,1,17,20,0,15,6,ETHANAC RD,SHERMAN RD,0,33.74293611,-117.180455560,0,1,0,0,3,2,1,0,1,1,0,1,0,0000000,99,99,99,99,99,99,0,0,0,1,0
6,60950,1,1,0,5,99,0,13,6,2010,1,19,25,1,1,1,I-5,,28,37.26361944,-121.093119440,0,1,0,0,1,1,1,0,1,1,0,1,0,0000000,99,99,99,99,99,99,0,0,0,1,0
6,60951,2,2,0,2,71,2922,13,6,2010,1,21,17,0,14,6,CHURCH ST,,0,34.10851389,-117.562208330,0,33,0,0,1,1,4,0,3,1,0,1,0,0000000,99,99,99,99,99,99,0,0,0,1,1
6,60952,2,2,0,2,111,0,14,6,2010,2,13,40,1,2,3,SR-118,,79,34.26342222,-119.047208330,0,12,6,0,8,1,1,0,1,1,0,1,0,0000000,99,99,99,99,88,88,0,0,0,1,0
6,60953,1,1,0,1,23,0,14,6,2010,2,18,25,0,2,3,SR-96,,63,41.00535833,-123.649150000,0,42,0,0,1,1,5,0,1,1,0,1,0,0000000,99,99,99,99,88,88,0,0,0,1,0
6,60954,1,1,0,1,115,0,14,6,2010,2,19,30,0,2,3,SR-49,,90,39.49495000,-121.030236110,0,58,0,0,1,1,4,0,1,1,0,1,0,0000000,99,99,99,99,88,88,0,0,0,1,1
6,60955,2,2,0,5,107,0,14,6,2010,2,21,45,0,6,4,MTN-137,,0,36.02838889,-118.898661110,0,12,6,0,1,1,1,0,2,1,0,1,0,0000000,99,99,99,99,99,99,0,0,0,1,0
6,60956,1,1,0,1,37,3870,15,6,2010,3,10,33,0,13,6,WESTERN AVE,,0,33.85783611,-118.309508330,0,42,0,0,1,1,4,0,1,1,0,1,0,0000000,99,99,99,99,99,99,0,0,0,1,0
6,60957,5,5,0,7,81,2980,15,6,2010,3,14,36,0,16,6,WHIPPLE AVE,ALAMEDA DE LAS PULGU,0,37.48038889,-122.252444440,0,12,6,0,2,2,1,0,1,1,0,1,0,0000000,99,99,99,99,99,99,0,0,0,1,0
6,60958,1,1,0,1,63,0,15,6,2010,3,15,55,1,2,3,SR-36,,169,40.31477778,-121.056741670,0,17,0,0,1,1,6,0,1,1,0,1,0,0000000,99,99,99,99,88,88,0,0,0,1,0
6,60959,1,1,0,1,97,4239,15,6,2010,3,19,20,0,15,6,WINDSOR RIVER RD,,0,38.54808056,-122.839958330,0,33,0,0,1,1,4,0,1,1,0,1,0,0000000,99,99,99,99,99,99,0,0,0,1,1
6,60960,2,2,0,2,37,0,16,6,2010,4,16,15,0,3,4,CITY TERRACE DR,HAZARD AVE,0,34.05575000,-118.179061110,0,12,6,0,2,3,1,0,1,1,0,1,0,0000000,99,99,99,99,99,99,0,0,0,1,0
6,60961,1,1,0,1,111,0,17,6,2010,5,15,5,0,5,4,PIRU CANYON RD,,0,34.47283056,-118.757911110,0,35,0,0,1,1,4,0,1,1,0,1,0,0000000,99,99,99,99,88,88,0,0,0,1,1
6,60962,1,1,0,1,109,0,17,6,2010,5,22,28,0,6,4,CLARKS FORK RD,,0,38.36746111,-119.865938890,0,42,0,0,1,1,4,0,2,1,0,1,0,0000000,88,88,88,88,88,88,20,0,0,1,1
6,60963,1,1,0,1,19,0,19,6,2010,7,15,35,0,4,4,MANNING AVE,,0,36.60366944,-119.378600000,0,1,0,0,1,1,4,0,1,1,0,1,0,0000000,99,99,99,99,88,88,0,0,0,1,1
6,60964,4,4,0,6,53,0,19,6,2010,7,16,10,1,2,2,US-101,,417,36.20075000,-121.143811110,0,1,0,0,1,1,1,0,1,1,0,1,0,0000000,99,99,99,99,99,99,3,0,0,1,1
6,60965,2,2,0,3,107,4050,19,6,2010,7,16,58,0,12,3,SR-63,AVE 272,50,36.28396111,-119.313447220,0,12,6,0,2,2,1,0,1,1,0,1,0,0000000,99,99,99,99,99,99,0,0,0,1,0
6,60966,1,1,0,1,71,3210,19,6,2010,7,17,10,1,12,3,SR-210,,212,34.13456944,-117.341511110,0,33,0,0,1,1,4,0,1,1,0,1,0,0000000,99,99,99,99,99,99,0,0,0,1,0
6,60967,2,2,0,2,71,680,20,6,2010,1,4,30,1,12,3,SR-60,,30,34.03021944,-117.678808330,0,12,1,0,1,1,1,0,2,1,0,1,0,0000000,99,99,99,99,99,99,0,0,0,1,2
6,60968,1,1,0,5,93,0,20,6,2010,1,20,15,0,6,4,LOWER KLAMATH LK RD,,0,41.99035000,-121.595269440,0,1,0,0,1,1,4,0,1,10,0,10,0,0000000,99,99,99,99,99,99,0,0,0,1,1
6,60969,1,1,0,3,37,3686,20,6,2010,1,21,54,0,13,6,PECK RD,RUSH ST,0,34.04658611,-118.030597220,0,33,0,0,3,3,4,0,3,1,0,1,0,0000000,99,99,99,99,99,99,0,0,0,1,1
6,60970,1,1,0,1,65,0,20,6,2010,1,23,25,0,6,4,CRESTMORE RD,,0,33.98276944,-117.407430560,0,33,0,0,1,1,4,0,3,1,0,1,0,0000000,99,99,99,99,88,88,0,0,0,1,0
6,60971,2,2,0,2,19,1370,22,6,2010,3,7,47,0,14,6,S PARKWAY DR,S CEDAR AVE,0,36.68751667,-119.754708330,0,12,6,0,2,2,1,0,1,1,0,1,0,0000000,99,99,99,99,99,99,0,0,0,1,0
6,60972,1,1,1,1,65,2650,18,6,2010,6,23,45,1,14,6,N INDIAN CANYON DR,,0,33.84056111,-116.545611110,0,9,0,0,1,1,1,0,2,1,0,1,0,0000000,99,99,99,99,99,99,0,0,0,1,0
6,60973,2,2,0,3,99,2200,22,6,2010,3,19,37,0,13,6,E BRIGGSMORE AVE,,0,37.67008056,-120.991658330,0,1,0,0,4,1,1,0,1,1,0,1,0,0000000,99,99,99,99,99,99,0,0,0,1,0
6,60974,1,1,0,1,109,0,23,6,2010,4,15,15,0,2,3,SR-132,ENEBRO WY,75,37.70485556,-120.334191670,0,33,0,0,3,3,4,0,1,1,0,1,0,0000000,99,99,99,99,88,88,0,0,0,1,1
6,60975,2,2,0,4,55,0,23,6,2010,4,9,54,0,4,4,SILVERADO TRAIL,,0,38.55281111,-122.498411110,0,12,6,0,8,1,1,0,1,1,0,1,0,0000000,99,99,99,99,99,99,0,0,0,1,0
6,60976,2,2,0,3,67,2934,23,6,2010,4,19,43,0,13,6,SUNRISE BLVD,,0,38.52805833,-121.242927780,0,12,2,0,1,1,1,0,1,1,0,1,0,0000000,99,99,99,99,99,99,0,0,0,1,0
6,60977,1,1,0,1,67,0,24,6,2010,5,6,25,0,4,6,WHITE ROCK RD,,0,38.59193611,-121.242027780,0,1,0,0,1,1,1,0,1,1,0,1,0,0000000,99,99,99,99,88,88,0,0,0,1,0
6,60978,1,1,0,4,49,0,24,6,2010,5,7,18,1,2,2,US-395,,93,41.31878611,-120.507530560,0,11,0,0,1,1,1,0,1,10,0,10,0,0000000,99,99,99,99,99,99,0,0,0,2,0
6,60979,2,2,0,2,71,0,25,6,2010,6,12,35,0,2,4,RECHE CANYON RD,,0,34.03870000,-117.284288890,0,12,6,0,8,1,1,0,1,1,0,1,0,0000000,99,99,99,99,99,99,0,0,0,1,0
6,60980,1,1,1,1,97,0,11,6,2010,6,8,15,0,6,4,FRANZ VLY SCHOOL RD,,0,38.58301389,-122.635444440,0,8,0,0,1,1,1,0,1,1,0,1,0,0000000,99,99,99,99,99,99,0,0,0,1,0
6,60981,1,1,0,1,71,0,11,6,2010,6,12,50,1,2,3,SR-62,,232,34.13528889,-116.229980560,0,33,0,0,1,1,4,0,1,1,0,1,0,0000000,99,99,99,99,99,99,0,0,0,1,0
6,60982,2,2,0,2,37,245,18,6,2010,6,9,35,0,13,6,RAMONA BLVD,FRANCISQUITO AVE,0,34.07973333,-117.989166670,0,12,6,0,2,4,1,0,1,1,0,1,0,0000000,99,99,99,99,99,99,20,0,0,1,1
6,60983,1,1,0,2,35,0,18,6,2010,6,11,5,1,2,3,SR-36,,229,40.42261111,-120.688547220,0,11,0,0,1,1,1,0,1,10,0,10,0,0000000,99,99,99,99,99,99,0,0,0,1,0
6,60984,1,1,1,2,73,3260,18,6,2010,6,11,59,0,14,6,43RD ST,KELLER ST,0,32.69418056,-117.102405560,0,8,0,0,3,3,1,0,1,1,0,1,0,0000000,99,99,99,99,88,88,0,0,0,1,0
6,60985,2,2,0,2,99,0,18,6,2010,6,15,50,0,4,4,CLARIBEL RD,TERMINAL AVE,0,37.71091944,-120.929361110,0,12,6,0,2,2,1,0,1,1,0,1,0,0000000,99,99,99,99,99,99,0,0,0,1,1
6,60986,1,1,0,4,13,3010,19,6,2010,7,3,48,0,12,6,RICHMOND PKY,,0,37.96808611,-122.373877780,0,33,0,0,1,1,3,0,3,1,0,1,0,0000000,99,99,99,99,99,99,0,0,0,1,0
6,60987,1,1,1,2,75,3290,19,2,2010,6,2,18,0,13,6,COLUMBUS AVE,VALLEJO ST,0,37.79867778,-122.407858330,0,8,0,0,3,2,1,0,3,1,0,1,0,0000000,99,99,99,99,88,88,0,0,0,1,0
6,60988,1,1,1,1,37,2870,17,4,2010,7,0,31,1,12,3,SR-71,MISSION BLVD,16,34.05333889,-117.781147220,0,8,0,0,3,2,1,0,3,1,0,1,0,0000000,99,99,99,99,88,88,0,0,0,1,1
6,60989,7,1,0,1,73,3260,13,5,2010,5,2,35,0,13,6,W MISSION BAY DR,,0,32.77168611,-117.247827780,0,14,0,0,1,1,4,0,3,10,0,10,0,0000000,99,99,99,99,88,88,0,0,0,1,1
6,60990,3,3,0,4,37,1015,24,5,2010,2,0,30,1,12,3,SR-60,,258,34.02401111,-117.810580560,0,12,1,0,1,1,1,0,3,1,0,1,0,0000000,99,99,99,99,99,99,14,0,0,1,1
6,60991,2,2,0,3,33,0,29,5,2010,7,8,30,0,2,3,SR-29,HARTMANN RD,99,38.79231667,-122.565930560,0,12,6,0,2,3,1,0,1,1,0,1,0,0000000,99,99,99,99,99,99,0,0,0,2,0
6,60992,3,3,0,8,79,0,28,5,2010,6,17,56,1,2,3,SR-46,,463,35.66217222,-120.398738890,0,12,1,0,1,1,1,0,1,1,0,1,0,0000000,99,99,99,99,99,99,0,0,0,1,0
6,60993,2,2,0,3,37,350,10,6,2010,5,9,59,0,13,6,SUNSET BL,WHITTIER DR,0,34.07706667,-118.420108330,0,12,6,0,2,2,1,0,1,1,0,1,0,0000000,99,99,99,99,99,99,0,0,0,1,0
6,60994,1,1,1,2,65,2730,12,6,2010,7,21,52,0,15,6,REDLANDS AVE,WATER AVE,0,33.81920833,-117.217377780,0,8,0,0,3,2,1,0,2,1,0,1,0,0000000,99,99,99,99,88,88,0,0,0,1,1
6,60995,1,1,1,2,107,0,13,6,2010,1,21,6,0,6,4,LINDA VISTA AVE,,0,36.10528889,-119.064544440,0,8,0,0,1,1,1,0,2,1,0,1,0,0000000,21,9,99,99,99,99,0,0,0,1,0
6,60996,1,1,1,1,19,0,14,6,2010,2,22,0,0,4,4,ALTA AVE,,0,36.60026111,-119.394980560,0,8,0,0,1,1,1,0,2,1,0,1,0,0000000,22,10,99,99,88,88,0,0,0,1,0
6,60997,1,1,1,3,65,612,15,6,2010,3,19,10,0,16,6,DURANGO RD,,0,33.83273056,-116.468616670,0,8,0,0,1,1,1,0,1,1,0,1,0,0000000,99,99,99,99,99,99,0,0,0,1,0
6,60998,2,2,1,2,37,30,17,6,2010,5,2,25,1,11,1,I-10,,245,34.07146944,-118.113600000,0,8,0,0,1,1,1,1,2,1,0,1,0,0000000,2,27,99,99,99,99,0,0,0,1,1
6,60999,1,1,1,1,77,1940,17,6,2010,5,4,57,0,14,6,HAM LN,,0,38.12697778,-121.288275000,0,9,0,0,1,1,1,0,3,1,0,1,0,0000000,99,99,99,99,99,99,0,0,0,1,0
6,61000,3,1,1,2,37,1980,17,6,2010,5,21,0,0,15,6,SIERRA ST,ROBERTA ST,0,34.08691389,-118.200319440,0,14,0,0,3,1,7,0,2,1,0,1,0,0000000,21,3,99,99,99,99,0,0,0,1,0
6,61001,2,2,0,2,71,2550,17,6,2010,5,22,40,0,15,6,ARCHIBALD AVE,EUCALYPTUS ST,0,33.98989722,-117.593236110,0,12,6,0,2,3,1,0,2,1,0,1,0,0000000,99,99,99,99,88,88,0,0,0,1,1
6,61002,2,1,0,2,87,0,22,6,2010,3,1,53,0,3,4,SOQUEL SAN JOSE RD,,0,37.00216111,-121.954900000,0,17,0,0,1,1,5,0,2,1,0,1,0,0000000,99,99,99,99,88,88,0,0,0,2,1
6,61003,2,2,0,2,1,1364,12,6,2010,7,10,10,0,13,3,SR-84,,139,37.59036111,-121.941119440,0,12,6,0,1,1,2,0,1,1,0,1,0,0000000,99,99,99,99,99,99,0,0,0,1,0
6,61004,1,1,0,1,61,1890,1,7,2010,5,12,11,0,12,3,SR-65,,112,38.83725000,-121.299830560,0,33,0,0,1,1,4,0,1,1,0,1,0,0000000,99,99,99,99,88,88,0,0,0,1,0
6,61005,2,2,0,2,77,0,5,7,2010,2,2,55,1,1,1,I-580,,15,37.61309167,-121.362341670,0,12,2,0,1,1,1,0,2,1,0,1,0,0000000,99,99,99,99,88,88,0,0,0,2,1