STATE,ST_CASE,VE_TOTAL,VE_FORMS,PEDS,PERSONS,COUNTY,CITY,DAY,MONTH,YEAR,DAY_WEEK,HOUR,MINUTE,NHS,ROAD_FNC,ROUTE,TWAY_ID,TWAY_ID2,MILEPT,LATITUDE,LONGITUD,SP_JUR,HARM_EV,MAN_COLL,RELJCT1,RELJCT2,TYP_INT,REL_ROAD,WRK_ZONE,LGT_COND,WEATHER1,WEATHER2,WEATHER,SCH_BUS,RAIL,NOT_HOUR,NOT_MIN,ARR_HOUR,ARR_MIN,HOSP_HR,HOSP_MN,CF1,CF2,CF3,FATALS,DRUNK_DR
6,61006,1,1,0,2,71,0,6,7,2010,3,8,58,1,1,1,I-40,,134,34.83831944,-116.780680560,0,1,0,0,1,1,4,0,1,1,0,1,0,0000000,99,99,99,99,99,99,0,0,0,1,0
6,61007,2,2,0,5,65,0,6,7,2010,3,20,5,1,12,3,SR-74,,350,33.74280000,-117.062961110,0,12,2,0,1,1,1,0,5,1,0,1,0,0000000,99,99,99,99,99,99,0,0,0,1,0
6,61008,1,1,0,1,109,0,6,7,2010,3,99,99,0,4,6,TUOLUMNE RD,,0,37.96294444,-120.257033330,0,33,0,0,1,1,4,0,2,1,0,1,0,0000000,99,99,99,99,99,99,0,0,0,1,0
6,61009,4,4,0,4,37,1980,7,7,2010,4,6,50,0,13,6,SAN FERNANDO RD,MEDIA CENTER DR,0,34.10934444,-118.242297220,0,12,2,0,2,3,1,0,1,10,0,10,0,0000000,99,99,99,99,99,99,0,0,0,1,0
6,61010,1,1,0,1,73,3260,7,7,2010,4,16,29,0,14,6,MONTONGO ST,,0,32.92072222,-117.153569440,0,33,0,0,1,1,4,0,1,10,0,10,0,0000000,99,99,99,99,99,99,0,0,0,1,0
6,61011,1,1,0,2,95,1260,7,7,2010,4,23,25,0,13,6,PEABODY RD,,0,38.29749444,-121.969458330,0,33,0,0,1,1,4,0,2,1,0,1,0,0000000,99,99,99,99,99,99,0,0,0,1,1
6,61012,2,2,0,3,19,1370,8,7,2010,5,1,25,0,13,6,E SHAW AVE,N CEDAR AVE,0,36.80865833,-119.754130560,0,12,6,0,2,2,1,0,2,1,0,1,0,0000000,99,99,99,99,99,99,0,0,0,1,0
6,61013,1,1,0,2,9,0,8,7,2010,5,14,45,0,2,3,SR-26,,123,38.23798056,-120.760361110,0,35,0,0,1,1,4,0,1,1,0,1,0,0000000,99,99,99,99,99,99,0,0,0,1,0
6,61014,3,3,0,4,83,0,8,7,2010,5,2,22,1,2,2,US-101,,844,34.89103056,-120.417719440,0,12,2,0,1,1,1,0,2,1,0,1,0,0000000,99,99,99,99,99,99,0,0,0,1,1
6,61015,1,1,0,1,13,0,8,7,2010,5,17,20,1,2,3,SR-4,,52,38.01498056,-122.177977780,0,1,0,0,1,1,4,0,1,1,0,1,0,0000000,99,99,99,99,88,88,0,0,0,1,0
6,61016,4,4,0,6,77,3770,8,7,2010,5,19,56,1,12,3,SR-99,,182,37.95578056,-121.239650000,0,12,1,0,1,1,1,0,1,1,0,1,0,0000000,99,99,99,99,99,99,0,0,0,1,1
6,61017,1,1,0,2,59,470,9,7,2010,6,4,44,0,16,6,DALE ST,,0,33.85528889,-117.984988890,0,38,0,0,1,1,5,0,3,1,0,1,0,0000000,99,99,99,99,99,99,0,0,0,1,1
6,61018,1,1,0,1,17,0,9,7,2010,6,5,5,0,3,4,SLY PARK RD,,0,38.68876111,-120.614950000,0,42,0,0,1,1,4,0,4,1,0,1,0,0000000,99,99,99,99,88,88,0,0,0,1,0
6,61019,1,1,0,1,103,0,9,7,2010,6,11,26,0,4,4,RANCHO TEHAMA RD,,0,40.01980000,-122.357600000,0,38,0,0,1,1,4,0,1,1,0,1,0,0000000,99,99,99,99,88,88,0,0,0,1,0
6,61020,1,1,0,1,71,0,9,7,2010,6,15,32,1,1,1,I-15,,1747,35.47020278,-115.451308330,0,24,0,0,1,1,4,0,1,1,0,1,0,0000000,99,99,99,99,88,88,0,0,0,1,0
6,61021,1,1,0,1,71,790,10,7,2010,7,3,8,0,16,6,PLACENTIA LN,,0,34.01986944,-117.359958330,0,38,0,0,1,1,4,0,2,1,0,1,0,0000000,99,99,99,99,88,88,0,0,0,1,1
6,61022,1,1,0,1,37,1980,10,7,2010,7,11,45,1,12,3,SR-118,,119,34.26848056,-118.434730560,0,2,0,0,1,1,1,0,1,1,0,1,0,0000000,99,99,99,99,88,88,0,0,0,1,0
6,61023,2,2,0,4,115,0,10,7,2010,7,13,5,0,4,4,HAMMONTON-SMRTVIL RD,,0,39.14416667,-121.507405560,0,12,2,0,1,1,1,0,1,1,0,1,0,0000000,99,99,99,99,99,99,0,0,0,1,0
6,61024,3,3,0,6,73,0,10,7,2010,7,15,50,0,3,4,ALPINE BLVD,,0,32.83480000,-116.758119440,0,12,1,0,1,1,1,0,1,1,0,1,0,0000000,99,99,99,99,99,99,0,0,0,1,0
6,61025,2,2,0,2,71,1305,10,7,2010,7,18,3,0,14,6,SLOVER AVE,,0,34.06288056,-117.484461110,0,12,7,0,1,1,1,0,1,1,0,1,0,0000000,99,99,99,99,99,99,0,0,0,1,1
6,61026,1,1,0,1,61,0,10,7,2010,7,22,30,1,1,1,I-80 RAMP,,105,38.83560000,-121.168300000,0,33,0,1,5,1,8,0,3,1,0,1,0,0000000,99,99,99,99,88,88,0,0,0,1,1
6,61027,2,2,0,4,85,3790,11,7,2010,1,11,20,0,14,6,REMINGTON DR,BERNARDO AVE,0,37.35946944,-122.059569440,0,12,6,0,2,2,1,0,1,1,0,1,0,0000000,99,99,99,99,99,99,0,0,0,1,0
6,61028,1,1,0,1,7,0,11,7,2010,1,12,10,0,6,4,TABLE MTN BL,,0,39.54161389,-121.584613890,0,35,0,0,1,1,4,0,1,1,0,1,0,0000000,99,99,99,99,99,99,0,0,0,1,0
6,61029,1,1,0,6,29,0,11,7,2010,1,12,30,0,2,3,SR-166,,69,35.05805000,-119.281311110,0,1,0,0,1,1,2,0,1,1,0,1,0,0000000,99,99,99,99,99,99,0,0,0,1,0
6,61030,1,1,0,1,65,250,11,7,2010,1,22,28,1,1,1,I-10,,93,33.92702500,-116.946780560,0,58,0,0,1,1,2,0,3,1,0,1,0,0000000,99,99,99,99,88,88,0,0,0,1,0
6,61031,2,2,0,2,29,3820,12,7,2010,2,20,1,0,13,3,SR-33,8TH ST,190,35.14418611,-119.462713890,0,12,6,0,2,2,1,0,5,1,0,1,0,0000000,99,99,99,99,99,99,0,0,0,1,0
6,61032,1,1,0,1,1,0,12,7,2010,2,21,57,1,11,1,I-580,,320,37.70311944,-122.112911110,0,33,0,0,1,1,8,0,3,1,0,1,0,0000000,99,99,99,99,99,99,0,0,0,1,1
6,61033,2,2,0,4,37,3870,13,7,2010,3,14,57,0,13,6,HAWTHORNE BL,182 2ND ST,0,33.80669722,-118.350905560,0,12,6,0,2,2,1,0,1,1,0,1,0,0000000,99,99,99,99,99,99,0,0,0,1,0
6,61034,4,4,0,10,37,1845,13,7,2010,3,19,0,0,14,6,VALLEY BLVD,,0,34.01531944,-117.946616670,0,12,2,0,1,1,1,4,1,1,0,1,0,0000000,99,99,99,99,99,99,14,0,0,1,1
6,61035,1,1,0,2,71,0,13,7,2010,3,19,20,1,1,1,I-15,,237,34.34013056,-117.473711110,0,35,0,0,1,1,4,0,1,1,0,1,0,0000000,99,99,99,99,99,99,0,0,0,1,1
6,61036,2,2,0,2,59,80,14,7,2010,4,0,1,1,12,3,SR-91,,11,33.85398056,-117.962050000,0,12,1,0,1,1,1,1,3,1,0,1,0,0000000,99,99,99,99,88,88,0,0,0,1,1
6,61037,2,2,0,2,23,0,14,7,2010,4,13,18,1,2,2,US-101,,593,40.50518611,-124.107313890,0,12,1,0,1,1,1,0,1,1,0,1,0,0000000,99,99,99,99,99,99,0,0,0,1,1
6,61038,1,1,0,2,19,1370,14,7,2010,4,14,42,0,14,6,E OLIVE AVE,N RECREATION AVE,0,36.75770000,-119.738638890,0,5,0,0,3,2,1,0,1,1,0,1,0,0000000,99,99,99,99,99,99,0,0,0,1,0
6,61039,1,1,0,1,109,0,14,7,2010,4,21,15,0,6,4,LUMSDEN RD,,0,37.84313889,-120.131291670,0,1,0,0,1,1,4,0,2,1,0,1,0,0000000,99,99,99,99,88,88,0,0,0,1,1
6,61040,3,3,0,4,59,80,15,7,2010,5,8,35,0,14,6,E MIRALOMA AVE,N BLUE GUM ST,0,33.85496667,-117.872272220,0,12,6,0,2,2,1,0,1,1,0,1,0,0000000,99,99,99,99,99,99,0,0,0,1,0
6,61041,2,2,0,5,65,2650,16,7,2010,6,20,35,1,11,1,I-10,,322,33.90550000,-116.561461110,0,12,1,0,1,1,1,0,2,1,0,1,0,0000000,99,99,99,99,99,99,0,0,0,1,0
6,61042,2,2,0,2,111,4027,17,7,2010,7,9,3,0,13,6,JOHNSON DR,NORTHBANK DR,0,34.24695278,-119.194713890,0,12,6,0,2,2,1,0,1,1,0,1,0,0000000,99,99,99,99,99,99,0,0,0,1,1
6,61043,2,2,0,4,65,1580,18,7,2010,1,0,20,0,15,6,DOMENIGONI PKWY,,0,33.71034167,-117.016377780,0,12,2,0,1,1,1,0,2,1,0,1,0,0000000,99,99,99,99,99,99,0,0,0,2,2
6,61044,1,1,0,1,67,0,18,7,2010,1,3,50,0,6,4,PECAN AVE,,0,38.68740000,-121.220811110,0,38,0,0,1,1,5,0,3,1,0,1,0,0000000,99,99,99,99,88,88,0,0,0,1,1
6,61045,3,3,0,6,33,0,18,7,2010,1,13,31,0,2,3,SR-20,,231,39.03795278,-122.745480560,0,12,2,0,1,1,1,0,1,1,0,1,0,0000000,99,99,99,99,99,99,0,0,0,1,0
6,61046,1,1,0,1,53,3180,18,7,2010,1,20,56,1,12,2,US-101,,878,36.68354722,-121.645913890,0,58,0,0,1,1,2,0,2,10,0,10,0,0000000,99,99,99,99,99,99,0,0,0,1,1
6,61047,2,2,0,2,21,2590,19,7,2010,2,14,1,0,16,6,6TH ST,,0,39.74022778,-122.197286110,0,12,6,0,8,1,1,0,1,1,0,1,0,0000000,99,99,99,99,88,88,0,0,0,1,0
6,61048,2,2,0,4,19,1370,19,7,2010,2,14,5,0,14,6,N GOLDEN STATE BL,W OLIVE AVE,0,36.75749722,-119.821686110,0,12,6,0,2,2,1,0,1,1,0,1,0,0000000,99,99,99,99,99,99,0,0,0,2,0
6,61049,1,1,1,1,85,2311,19,7,2010,2,19,42,0,14,6,CALIFORNIA ST,FRANKLIN ST,0,37.39207500,-122.082686110,0,8,0,0,3,8,1,0,1,1,0,1,0,0000000,99,99,99,99,99,99,0,0,0,1,0
6,61050,1,1,0,1,107,0,20,7,2010,3,23,5,1,2,3,SR-99,,485,36.45100000,-119.489630560,0,1,0,0,1,1,1,0,3,1,0,1,0,0000000,99,99,99,99,99,99,0,0,0,1,1
6,61051,2,2,0,3,45,0,21,7,2010,4,21,27,1,2,2,US-101,,1046,39.88731389,-123.740602780,0,12,8,0,1,1,1,0,2,1,0,1,0,0000000,99,99,99,99,99,99,0,0,0,1,0
6,61052,2,2,0,2,37,1980,22,7,2010,5,12,35,0,13,6,FLORENCE AVE,ST ANDREWS PL,0,33.97452500,-118.311205560,0,12,6,0,2,2,1,0,1,1,0,1,0,0000000,99,99,99,99,99,99,0,0,0,1,0
6,61053,2,2,0,4,79,0,1,6,2010,3,17,9,0,6,4,HOLLYHOCK LN,,0,35.57038889,-120.648088890,0,1,0,0,4,1,1,0,1,1,0,1,0,0000000,99,99,99,99,88,88,14,0,0,1,0
6,61054,1,1,0,1,73,3260,12,6,2010,7,2,18,1,13,3,SR-905,BRITANNIA BL,87,32.56796389,-116.979686110,0,33,0,0,3,3,4,0,3,10,0,10,0,0000000,99,99,99,99,88,88,0,0,0,1,1
6,61055,1,1,0,1,77,3770,12,6,2010,7,21,8,0,13,6,MARIPOSA RD,,0,37.91479722,-121.188083330,0,38,0,0,1,1,4,0,2,1,0,1,0,0000000,99,99,99,99,88,88,20,0,0,1,1
6,61056,2,2,0,3,71,2550,13,6,2010,1,11,25,0,16,6,TURNER AVE,SILVER SADDLE ST,0,34.01724722,-117.584561110,0,12,6,0,2,3,1,0,1,1,0,1,0,0000000,99,99,99,99,99,99,0,0,0,1,0
6,61057,2,1,1,1,25,0,17,6,2010,5,23,45,1,1,1,I-8,,583,32.74816944,-115.209430560,0,14,0,0,1,1,3,0,2,1,0,1,0,0000000,23,45,99,99,88,88,0,0,0,1,0
6,61058,2,2,0,2,65,0,18,6,2010,6,0,10,1,2,3,SR-62,PAINTED HILLS RD,19,33.94081111,-116.596219440,0,12,6,0,2,2,1,0,2,1,0,1,0,0000000,99,99,99,99,99,98,0,0,0,1,0
6,61059,2,2,0,3,37,3280,18,6,2010,6,2,10,0,13,6,TRUMAN ST,S HUNTINGTON ST,0,34.28798333,-118.446169440,0,12,6,0,2,3,1,0,3,1,0,1,0,0000000,99,99,99,99,99,99,0,0,0,1,1
6,61060,2,2,1,2,71,0,18,6,2010,6,2,40,1,1,1,I-15,,243,34.33060833,-117.482472220,0,8,0,0,1,1,1,0,2,1,0,1,0,0000000,99,99,99,99,88,88,0,0,0,1,0
6,61061,1,1,0,1,59,3420,20,6,2010,1,2,35,1,12,3,SR-55 RAMP,,110,33.74844722,-117.843680560,0,18,0,0,5,1,8,0,3,1,0,1,0,0000000,99,99,99,99,88,88,0,0,0,1,1
6,61062,2,2,0,2,37,1980,20,6,2010,1,5,32,1,11,1,I-405,,290,34.02389444,-118.427730560,0,12,1,0,1,1,1,0,4,1,0,1,0,0000000,99,99,99,99,99,98,0,0,0,1,1
6,61063,2,2,0,2,71,3210,23,6,2010,4,22,8,0,14,6,W 4TH ST,,0,34.10646944,-117.332036110,0,12,6,0,1,1,1,0,3,1,0,1,0,0000000,99,99,99,99,99,99,0,0,0,1,0
6,61064,1,1,1,1,37,1980,26,6,2010,7,2,30,1,11,1,I-405,,344,34.09048056,-118.475519440,0,8,0,0,1,1,1,0,3,10,0,10,0,0000000,99,99,99,99,99,98,0,0,0,1,0
6,61065,2,2,0,3,95,4020,26,6,2010,7,18,57,1,11,1,I-80,,25,38.09456944,-122.229930560,0,12,1,0,1,1,1,0,1,1,0,1,0,0000000,99,99,99,99,99,99,0,0,0,1,0
6,61066,2,2,0,6,67,0,16,2,2010,3,22,11,0,2,4,16TH ST,C ST,0,38.67271667,-121.429150000,0,12,6,0,2,2,1,0,3,1,0,1,0,0000000,99,99,99,99,99,99,0,0,0,1,0
6,61067,2,2,0,3,33,719,16,4,2010,6,13,0,0,14,6,OLD HWY 53,,0,38.94671389,-122.623255560,0,12,2,0,1,1,1,0,1,1,0,1,0,0000000,99,99,99,99,99,99,0,0,0,1,0
6,61068,1,1,0,5,31,0,24,5,2010,2,0,40,1,1,1,I-5,,66,35.93438889,-119.912133330,0,24,0,0,1,1,3,0,2,1,0,1,0,0000000,99,99,99,99,99,99,0,0,0,2,0
6,61069,1,1,1,1,83,3430,27,5,2010,5,7,28,0,16,6,COAST VILLAGE RD,,0,34.42147778,-119.647830560,0,8,0,0,1,1,4,0,1,10,0,10,0,0000000,99,99,99,99,99,99,0,0,0,1,0
6,61070,1,1,1,1,73,710,3,6,2010,5,20,20,0,14,6,MAIN ST,,0,32.59475000,-117.069011110,0,8,0,0,1,1,1,0,3,10,0,10,0,0000000,99,99,99,99,88,88,0,0,0,1,0
6,61071,2,2,0,5,33,0,25,6,2010,6,13,20,0,2,3,SR-29,,95,38.78811111,-122.567336110,0,12,6,0,1,1,1,0,1,1,0,1,0,0000000,99,99,99,99,99,99,0,0,0,1,0
6,61072,1,1,0,1,37,0,26,6,2010,7,13,30,0,16,6,PARK DR,MORTON PL,0,34.08260556,-118.249936110,0,24,0,0,2,3,4,0,1,1,0,1,0,0000000,99,99,99,99,99,99,0,0,0,1,0
6,61073,1,1,1,1,59,1974,3,6,2010,5,21,33,0,13,6,KATELLA AVE,SIBONEY ST,0,33.80285556,-118.043644440,0,8,0,0,3,2,1,0,3,1,0,1,0,0000000,99,99,99,99,88,88,0,0,0,1,0
6,61074,1,1,0,1,13,3412,9,6,2010,4,15,49,1,11,1,I-680,,49,37.78659722,-121.980494440,0,42,0,0,1,1,4,0,1,1,0,1,0,0000000,99,99,99,99,99,99,0,0,0,1,0
6,61075,2,2,0,2,71,0,11,6,2010,6,6,29,0,3,4,SAN BERNARDINO AVE,ALABAMA ST,0,34.07708333,-117.208844440,0,12,6,0,2,2,1,0,1,10,0,10,0,0000000,99,99,99,99,88,88,0,0,0,1,0
6,61076,1,1,0,1,53,0,12,6,2010,7,21,24,0,4,4,SAN MIGUEL CYN RD,VEGA RD,0,36.89136111,-121.690558330,0,35,0,0,3,4,4,0,2,1,0,1,0,0000000,99,99,21,41,88,88,0,0,0,1,1
6,61077,1,1,1,1,37,1871,14,6,2010,2,23,52,0,13,6,HAWTHORNE BL,REDONDO BEACH BL,0,33.87422500,-118.352697220,0,9,0,0,2,2,1,0,3,1,0,1,0,0000000,99,99,99,99,99,99,0,0,0,1,0
6,61078,1,1,1,1,37,1980,26,6,2010,7,22,30,0,13,6,BROADWAY LN,,0,33.95304722,-118.278225000,0,8,0,0,1,1,1,0,3,1,0,1,0,0000000,99,99,99,99,99,99,0,0,0,1,0
6,61079,1,1,0,1,29,0,27,6,2010,1,1,30,0,4,4,TEJON HWY,,0,35.31413611,-118.825227780,0,1,0,0,1,1,4,0,2,1,0,1,0,0000000,99,99,99,99,88,88,0,0,0,1,1
6,61080,1,1,0,3,65,0,27,6,2010,1,3,0,0,6,4,TERWILLIGER RD,,0,33.54107222,-116.630927780,0,38,0,0,1,1,4,0,2,1,0,1,0,0000000,99,99,99,99,99,99,0,0,0,2,1
6,61081,1,1,0,2,71,3970,27,6,2010,1,4,6,1,12,3,SR-62,,262,34.12191389,-115.878252780,0,1,0,0,1,1,4,0,2,1,0,1,0,0000000,99,99,99,99,99,99,0,0,0,1,0
6,61082,1,1,0,1,37,1045,27,6,2010,1,5,44,0,14,6,BELLFLOWER BLVD,,0,33.91661944,-118.125425000,0,59,0,0,1,1,4,0,4,1,0,1,0,0000000,99,99,99,99,99,99,0,0,0,1,1
6,61083,1,1,0,1,99,0,27,6,2010,1,17,50,0,4,4,MILTON RD,,0,37.92876111,-120.843661110,0,1,0,0,1,1,1,0,1,1,0,1,0,0000000,99,99,99,99,99,99,0,0,0,1,0
6,61084,1,1,1,1,37,4124,1,7,2010,5,13,19,0,13,6,SAN VINCENTE BL,RANGELY AVE,0,34.07987222,-118.389766670,0,8,0,0,3,3,1,0,1,1,0,1,0,0000000,99,99,99,99,99,99,0,0,0,1,0
6,61085,1,1,1,1,71,4040,4,7,2010,1,1,27,1,12,2,US-395,,104,34.49966111,-117.399538890,0,8,0,0,1,1,1,0,2,1,0,1,0,0000000,99,99,99,99,99,98,0,0,0,1,0
6,61086,1,1,1,1,37,0,4,7,2010,1,21,18,0,6,4,MULBERRY DR,,0,33.94382222,-118.028944440,0,8,0,0,1,1,1,0,2,1,0,1,0,0000000,99,99,99,99,99,99,0,0,0,1,0
6,61087,2,2,8,6,37,3445,4,7,2010,1,21,40,0,13,6,VALENCIA BL,CIRCLE DR,0,34.41311944,-118.557511110,0,12,6,0,2,2,1,0,3,1,0,1,0,0000000,99,99,99,99,99,99,0,0,0,1,0
6,61088,1,1,1,1,65,1801,19,4,2010,2,15,20,0,12,3,SR-74,,135,33.67695833,-117.373458330,0,9,0,0,1,1,1,0,1,1,0,1,0,0000000,99,99,99,99,99,99,0,0,0,1,0
6,61089,1,1,1,1,37,3853,25,4,2010,1,6,8,0,13,6,LAS TUNAS DR,,0,34.10631389,-118.063541670,0,8,0,0,1,1,1,0,4,1,0,1,0,0000000,99,99,99,99,99,99,0,0,0,1,0
6,61090,2,2,0,4,111,0,25,4,2010,1,13,35,0,2,3,SR-1,,18,34.05953056,-118.974669440,0,12,6,0,1,1,1,0,1,1,0,1,0,0000000,99,99,99,99,99,99,0,0,0,1,1
6,61091,1,1,0,1,77,3770,30,4,2010,6,2,30,1,11,1,I-5,,302,37.98665833,-121.344552780,0,42,0,0,1,1,4,0,3,1,0,1,0,0000000,99,99,99,99,88,88,0,0,0,1,0
6,61092,1,1,1,1,37,1980,30,4,2010,6,10,54,0,13,6,HOLLYWOOD BLVD,HUDSON AVE,0,34.10159444,-118.332069440,0,8,0,0,3,3,1,0,1,1,0,1,0,0000000,99,99,99,99,99,99,0,0,0,1,0
6,61093,2,2,0,2,71,260,7,6,2010,2,23,55,1,11,1,I-15 RAMP,,707,34.87488889,-117.070330560,0,1,0,0,5,1,4,0,3,1,0,1,0,0000000,99,99,99,99,99,99,0,0,0,1,0
6,61094,2,2,0,3,109,0,8,6,2010,3,16,38,0,2,3,SR-108,VIA ESTE RD,59,37.98373056,-120.291830560,0,12,6,0,2,3,1,2,1,1,0,1,0,0000000,99,99,99,99,99,99,0,0,0,1,0
6,61095,1,1,0,1,73,2510,18,3,2010,5,16,59,0,12,3,SR-76,,81,33.25365278,-117.260013890,0,1,0,0,1,1,1,0,1,1,0,1,0,0000000,99,99,99,99,99,99,0,0,0,1,0
6,61096,1,1,0,1,37,0,14,4,2010,4,3,30,0,2,5,WESTERN AVE,,0,33.92115833,-118.309022220,0,33,0,0,1,1,3,0,3,1,0,1,0,0000000,99,99,99,99,99,99,0,0,0,1,1
6,61097,1,1,0,1,65,9997,25,4,2010,1,99,99,0,16,6,DOMENIGONI PKWY,LINDENBERGER RD,0,33.68971111,-117.142238890,0,30,0,0,3,3,4,0,3,1,0,1,0,0000000,99,99,99,99,99,99,0,0,0,1,0
6,61098,4,4,1,4,37,1980,21,6,2010,2,7,30,0,13,6,DEVONSHIRE ST,RESEDA BL,0,34.25718056,-118.536363890,0,12,1,0,3,2,1,0,1,1,0,1,0,0000000,99,99,99,99,99,99,14,15,0,1,0
6,61099,1,1,1,1,37,1980,21,6,2010,2,16,15,0,13,6,VINE ST,SELMA AVE,0,34.09976389,-118.326675000,0,8,0,0,3,2,1,0,1,1,0,1,0,0000000,99,99,99,99,88,88,0,0,0,1,0
6,61100,2,2,0,2,15,0,22,6,2010,3,14,42,1,2,2,US-101,,412,41.93542222,-124.172180560,0,12,1,0,1,1,1,0,1,1,0,1,0,0000000,14,47,99,99,99,99,0,0,0,1,0
6,61101,1,1,1,1,1,2480,9,2,2010,3,12,42,0,14,6,8TH ST,MANDELA PKKWY,0,37.80608056,-122.293244440,0,8,0,0,3,2,1,0,1,10,0,10,0,0000000,99,99,99,99,88,88,0,0,0,1,0
6,61102,1,1,0,1,37,1980,12,3,2010,6,17,33,0,13,6,HARBOR BLVD,,0,34.03673333,-118.274319440,0,33,0,0,1,1,4,0,3,1,0,1,0,0000000,99,99,99,99,99,99,20,0,0,1,0
6,61103,1,1,0,2,99,0,30,6,2010,4,19,20,1,1,1,I-5,,64,37.33750000,-121.114188890,0,1,0,0,1,1,4,0,1,1,0,1,0,0000000,99,99,99,99,99,99,0,0,0,1,0
6,61104,1,1,1,1,73,3260,9,7,2010,6,11,57,0,16,6,MADRONE AVENUE,,0,32.70885000,-117.054330560,0,8,0,0,1,1,1,0,1,1,0,1,0,0000000,99,99,99,99,99,99,0,0,0,1,0
6,61105,1,1,1,2,23,0,6,7,2010,3,21,30,0,3,4,MURRAY,,0,40.95618889,-124.114400000,0,8,0,0,1,1,1,0,3,5,0,5,0,0000000,99,99,99,99,88,88,0,0,0,1,0
6,61106,1,1,1,2,37,1980,2,5,2010,1,20,51,0,12,3,SR-1,,383,34.03706667,-118.538297220,0,8,0,0,1,1,1,0,3,1,0,1,0,0000000,99,99,99,99,99,99,19,0,0,1,0
6,61107,1,1,0,1,29,0,17,5,2010,2,99,99,0,6,6,ZACHARY AVE,,0,35.72226667,-119.187358330,0,23,0,0,1,1,4,0,2,10,0,10,0,0000000,99,99,99,99,88,88,4,0,0,1,1
6,61108,1,1,0,1,71,0,7,6,2010,2,2,25,0,2,3,SR-127,,379,35.26549444,-116.075025000,0,59,0,0,1,1,4,0,2,1,0,1,0,0000000,2,28,99,99,88,88,0,0,0,1,0
6,61109,1,1,0,1,103,0,8,6,2010,3,0,24,1,1,1,I-5,,282,40.20105000,-122.242388890,0,21,0,0,1,1,4,0,2,1,0,1,0,0000000,99,99,99,99,88,88,20,0,0,1,0
6,61110,1,1,0,1,17,0,8,6,2010,3,1,5,0,4,4,WHITE ROCK RD,,0,38.64088333,-121.074388890,0,33,0,0,1,1,3,0,2,1,0,1,0,0000000,99,99,99,99,99,99,0,0,0,1,1
6,61111,1,1,0,2,19,0,8,6,2010,3,11,23,1,1,1,I-5,,456,36.60297222,-120.583769440,0,1,0,0,1,1,3,0,1,1,0,1,0,0000000,11,25,99,99,99,99,0,0,0,1,0
6,61112,2,2,0,2,37,230,19,6,2010,7,0,53,1,11,1,I-210,,415,34.12081944,-117.875488890,0,12,1,0,1,1,1,1,3,1,0,1,0,0000000,0,58,99,99,99,99,0,0,0,1,0
6,61113,1,1,0,1,37,0,19,6,2010,7,2,17,1,1,1,I-605,,170,34.03051111,-118.032038890,0,24,0,0,1,1,4,0,3,1,0,1,0,0000000,2,21,99,99,88,88,0,0,0,1,1
6,61114,3,3,1,3,59,80,19,6,2010,7,5,13,1,12,3,SR-91,,112,33.85443056,-117.798461110,0,12,1,0,1,1,1,0,4,1,0,1,0,0000000,99,99,99,99,99,99,19,23,0,1,0
6,61115,3,3,2,2,37,4030,20,6,2010,1,1,7,1,11,1,I-710,,220,33.99816111,-118.176288890,0,25,0,0,1,1,3,0,2,1,0,1,0,0000000,99,99,99,99,99,99,19,23,0,1,2
6,61116,2,2,0,2,85,0,25,2,2010,5,11,44,0,4,4,BUENA VISTA AVE,NO NAME UNO,0,37.04421944,-121.575800000,0,12,6,0,2,2,1,0,1,1,0,1,0,0000000,11,46,99,99,99,99,0,0,0,1,0
6,61117,2,2,0,3,75,3290,25,2,2010,5,13,2,1,11,1,I-280,,30,37.73241944,-122.429838890,0,12,7,0,1,1,1,0,1,1,0,1,0,0000000,99,99,99,99,99,99,0,0,0,1,1
6,61118,5,5,0,8,37,1015,25,2,2010,5,17,32,0,13,6,GRAND AVE,,0,33.99493056,-117.792600000,0,33,0,0,1,1,4,0,1,1,0,1,0,0000000,99,99,99,99,99,99,14,0,0,1,1
6,61119,2,2,0,3,67,0,26,2,2010,6,16,0,1,1,1,I-5,,328,38.67107778,-121.591402780,0,12,6,1,5,1,1,0,1,10,2,2,0,0000000,99,99,99,99,99,99,0,0,0,1,0
6,61120,1,1,0,2,53,0,26,2,2010,6,21,20,0,4,4,BLANCO RD,,0,36.67870000,-121.714988890,0,59,0,0,1,1,5,0,2,2,0,2,0,0000000,21,25,99,99,99,99,0,0,0,1,1
6,61121,1,1,0,4,37,11,27,2,2010,7,2,30,1,12,2,US-101,,320,34.13991944,-118.712188890,0,33,0,0,1,1,4,0,3,2,0,2,0,0000000,2,33,99,99,99,99,0,0,0,1,1