STATE,ST_CASE,VE_TOTAL,VE_FORMS,PEDS,PERSONS,COUNTY,CITY,DAY,MONTH,YEAR,DAY_WEEK,HOUR,MINUTE,NHS,ROAD_FNC,ROUTE,TWAY_ID,TWAY_ID2,MILEPT,LATITUDE,LONGITUD,SP_JUR,HARM_EV,MAN_COLL,RELJCT1,RELJCT2,TYP_INT,REL_ROAD,WRK_ZONE,LGT_COND,WEATHER1,WEATHER2,WEATHER,SCH_BUS,RAIL,NOT_HOUR,NOT_MIN,ARR_HOUR,ARR_MIN,HOSP_HR,HOSP_MN,CF1,CF2,CF3,FATALS,DRUNK_DR
6,61122,1,1,0,1,37,1670,27,2,2010,7,6,2,1,13,6,SANTA FE AVE,SATURN AVE,0,33.97680278,-118.230291670,0,33,0,0,3,2,5,0,3,2,10,2,0,0000000,99,99,6,21,99,99,0,0,0,1,1
6,61123,1,1,0,1,67,3150,27,2,2010,7,6,45,1,11,1,I-80,,27,38.62716111,-121.516938890,0,58,0,1,5,1,1,0,3,2,10,2,0,0000000,99,99,99,99,99,99,0,0,0,1,1
6,61124,3,2,0,5,37,1980,27,2,2010,7,7,0,0,13,6,54TH ST,S BROADWAY,0,33.99330833,-118.278327780,0,12,1,0,2,2,1,0,1,2,0,2,0,0000000,7,7,7,13,7,30,0,0,0,1,0
6,61125,1,1,0,1,73,3260,27,2,2010,7,10,28,1,11,1,I-805 RAMP,,152,32.73755000,-117.115469440,0,1,0,1,5,1,4,0,1,2,10,2,0,0000000,10,30,99,99,88,88,0,0,0,1,0
6,61126,2,1,0,1,53,0,27,2,2010,7,12,25,0,6,4,HAIGHT ST,,0,36.76863056,-121.753030560,0,1,0,0,1,1,1,0,1,10,0,10,0,0000000,12,30,99,99,99,99,0,0,0,1,1
6,61127,2,2,0,3,65,0,27,2,2010,7,14,8,1,12,3,SR-60,,63,34.01421111,-117.450700000,0,25,0,0,1,1,3,0,1,10,2,2,0,0000000,99,99,99,99,99,99,0,0,0,1,0
6,61128,1,1,0,3,107,0,28,2,2010,1,1,20,1,12,3,SR-99 RAMP,,322,36.24413611,-119.349116670,0,59,0,0,5,1,2,0,2,10,0,10,0,0000000,99,99,99,99,99,99,0,0,0,1,0
6,61130,1,1,0,2,7,0,28,2,2010,1,5,20,0,2,3,SR-32,,275,39.91743056,-121.652611110,0,33,0,0,1,1,5,0,2,1,0,1,0,0000000,99,99,99,99,99,99,0,0,0,1,1
6,61131,3,3,0,5,77,0,2,3,2010,3,7,25,0,2,3,SR-26,,78,38.00568889,-121.132488890,0,12,1,0,8,1,1,0,1,2,0,2,0,0000000,7,30,99,99,99,99,14,0,0,1,0
6,61132,2,2,0,8,39,0,2,3,2010,3,13,0,0,6,4,AVENUE 7 1/2,,0,36.85863056,-120.374519440,0,12,2,0,1,1,1,0,1,10,0,10,0,0000000,99,99,99,99,99,99,0,0,0,3,0
6,61133,2,2,0,3,77,0,2,3,2010,3,16,25,1,2,3,SR-12,THORNTON RD,105,38.11598056,-121.392669440,0,12,2,0,2,2,1,0,1,2,0,2,0,0000000,99,99,99,99,99,99,0,0,0,1,0
6,61134,1,1,0,1,73,3260,2,3,2010,3,19,7,0,16,6,HIGHLAND VALLEY RD,,0,33.05388056,-117.063838890,0,35,0,0,1,1,4,0,2,1,0,1,0,0000000,99,99,99,99,88,88,0,0,0,1,1
6,61135,2,2,0,2,19,0,3,3,2010,4,9,40,0,4,4,TRIMMER SPRINGS RD,,0,36.84552500,-119.368041670,0,12,2,0,1,1,1,0,1,1,0,1,0,0000000,99,99,99,99,99,99,0,0,0,1,0
6,61136,1,1,0,2,71,0,4,3,2010,5,13,0,1,1,1,I-40,,722,34.71933889,-115.783216670,0,1,0,0,1,1,4,0,1,1,0,1,0,0000000,99,99,99,99,88,88,0,0,0,2,0
6,61137,1,1,0,1,115,0,4,3,2010,5,17,45,0,4,4,FEATHER RIVER BLVD,,0,38.97967778,-121.574555560,0,1,0,0,1,1,1,0,1,1,0,1,0,0000000,99,99,99,99,88,88,0,0,0,1,0
6,61138,2,1,0,2,71,1305,5,3,2010,6,6,35,1,11,1,I-15,,111,34.16586667,-117.460725000,0,14,0,0,1,1,2,0,1,1,0,1,0,0000000,6,36,99,99,88,88,0,0,0,1,0
6,61139,1,1,1,1,73,4060,10,7,2010,7,2,45,1,12,3,SR-78,,65,33.19263889,-117.244538890,0,8,0,0,1,1,1,0,3,1,0,1,0,0000000,99,99,99,99,88,88,0,0,0,1,0
6,61140,1,1,1,1,19,0,10,7,2010,7,5,15,0,5,4,ADAMS AVE,,0,36.63670000,-119.374619440,0,8,0,0,1,1,1,0,4,1,0,1,0,0000000,99,99,99,99,88,88,0,0,0,1,0
6,61141,1,1,1,1,99,0,10,7,2010,7,21,45,0,2,4,HATCH RD,,0,37.60946111,-120.992966670,0,8,0,0,1,1,2,0,3,1,0,1,0,0000000,99,99,99,99,99,99,0,0,0,1,0
6,61142,1,1,1,3,37,4190,9,7,2010,6,22,2,0,12,3,SR-72,STRUB AVE,31,33.95829722,-118.024158330,0,8,0,0,3,2,1,0,3,1,0,1,0,0000000,99,99,99,99,88,88,0,0,0,1,0
6,61143,2,2,0,7,73,0,10,7,2010,7,6,50,1,1,1,I-8,,740,32.63645000,-116.165711110,0,12,6,1,18,1,1,0,1,1,0,1,0,0000000,99,99,99,99,99,98,0,0,0,1,0
6,61144,1,1,0,1,25,0,11,7,2010,1,19,40,1,1,1,I-8,,20,32.66821111,-116.106000000,0,17,0,0,1,1,3,0,5,1,0,1,0,0000000,19,42,99,99,88,88,0,0,0,1,0
6,61145,3,3,0,3,37,1980,11,7,2010,1,23,0,0,14,6,6TH ST,NORMANDIE AVE,0,34.06321944,-118.300438890,0,12,6,0,2,2,1,0,3,1,0,1,0,0000000,99,99,99,99,99,99,0,0,0,1,1
6,61146,1,1,1,1,37,1980,17,7,2010,7,20,20,0,16,6,SAN PEDRO ST,80TH ST,0,33.96690278,-118.269566670,0,8,0,0,3,1,1,0,5,1,0,1,0,0000000,20,24,99,99,99,99,0,0,0,1,1
6,61147,1,1,1,2,45,4210,22,7,2010,5,16,1,1,13,2,US-101,,475,39.41909722,-123.354852780,0,9,0,0,1,1,1,0,1,1,0,1,0,0000000,99,99,99,99,99,99,0,0,0,1,0
6,61148,2,2,1,2,71,4040,20,3,2010,7,2,42,0,13,6,PALMDALE RD,,0,34.50666667,-117.356922220,0,8,0,0,1,1,1,0,2,1,0,1,0,0000000,99,99,99,99,88,88,0,0,0,1,1
6,61149,1,1,0,1,57,0,29,6,2010,3,17,25,1,2,3,SR-20,,230,39.28586944,-120.952305560,0,42,0,0,1,1,4,0,1,1,0,1,0,0000000,99,99,99,99,88,88,0,0,0,1,1
6,61150,1,1,0,2,71,4040,5,7,2010,2,7,45,1,1,1,I-15,,379,34.47664167,-117.341119440,0,24,0,0,1,1,3,0,1,1,0,1,0,0000000,99,99,99,99,99,99,0,0,0,1,0
6,61151,1,1,1,1,13,0,6,7,2010,3,1,10,1,2,3,SR-4,,258,38.00490556,-121.841811110,0,8,0,0,1,1,1,0,2,1,0,1,0,0000000,99,99,99,99,88,88,0,0,0,1,0
6,61152,3,3,0,3,99,0,6,7,2010,3,23,52,1,2,3,SR-99,,11,37.47016944,-120.840011110,0,12,1,0,1,1,1,0,3,1,0,1,0,0000000,99,99,99,99,88,88,0,0,0,1,0
6,61153,2,2,0,3,53,3180,9,7,2010,6,18,53,0,14,6,E ALISAL ST,S FILICE ST,0,36.67315278,-121.630372220,0,1,0,0,2,3,1,0,1,1,0,1,0,0000000,99,99,99,99,99,99,0,0,0,1,0
6,61154,2,2,0,9,97,0,18,7,2010,1,17,30,0,4,4,GEYSERVILLE AVE,,0,38.69800000,-122.890100000,0,12,6,0,1,1,1,0,1,1,0,1,0,0000000,99,99,99,99,99,99,0,0,0,2,1
6,61155,1,1,2,1,99,0,22,7,2010,5,20,22,0,6,4,LANGWORTH RD,,0,37.70813889,-120.894011110,0,8,0,0,1,1,2,0,5,1,0,1,0,0000000,99,99,99,99,99,98,15,0,0,1,0
6,61156,1,1,0,1,105,0,24,7,2010,7,9,30,0,2,3,SR-36,,86,40.37146389,-123.310719440,0,7,0,0,1,1,1,0,1,1,0,1,0,0000000,99,99,99,99,99,99,0,0,0,1,0
6,61157,3,3,1,3,67,3150,24,7,2010,7,21,15,0,13,6,FLORIN RD,,0,38.49568611,-121.473319440,0,9,0,0,1,1,1,0,3,1,0,1,0,0000000,99,99,99,99,88,88,0,0,0,1,0
6,61158,1,1,1,1,73,1080,25,7,2010,1,3,34,0,12,3,SR-67,,6,32.81115556,-116.961886110,0,8,0,0,1,1,1,0,3,1,0,1,0,0000000,99,99,99,99,88,88,0,0,0,1,0
6,61159,1,1,0,2,35,0,25,7,2010,1,7,0,1,2,3,SR-44,,23,40.64190000,-120.281800000,0,1,0,0,1,1,4,0,1,1,0,1,0,0000000,99,99,99,99,99,99,0,0,0,1,0
6,61160,1,1,0,1,71,2550,2,1,2010,7,14,15,0,14,6,MISSION BLVD,,0,34.03464722,-117.565330560,0,1,0,0,1,1,1,0,1,1,0,1,0,0000000,14,16,14,21,88,88,0,0,0,1,1
6,61161,2,1,0,1,1,2480,14,1,2010,5,23,14,0,14,6,SAN LEANDRO ST,,0,37.76901944,-122.145052780,0,14,0,0,1,1,7,0,3,1,0,1,0,0000000,99,99,99,99,88,88,0,0,0,1,1
6,61162,2,2,0,5,1,1920,22,1,2010,6,10,25,1,1,1,I-580,,134,37.69963889,-121.786719440,0,25,0,0,1,1,3,0,1,10,0,10,0,0000000,99,99,99,99,99,99,0,0,0,1,0
6,61163,1,1,0,1,37,1980,5,2,2010,6,15,30,0,12,3,SR-90,,14,33.98320833,-118.433775000,0,58,0,0,1,1,2,0,1,2,0,2,0,0000000,99,99,99,99,88,88,0,0,0,1,0
6,61164,2,2,0,3,99,0,13,5,2010,5,6,10,1,2,3,SR-120,,136,37.80641111,-120.710369440,0,12,2,0,1,1,1,0,4,1,0,1,0,0000000,99,99,99,99,99,99,0,0,0,1,0
6,61165,2,2,0,3,67,3150,14,5,2010,6,1,25,0,13,6,FRUITRIDGE RD,CABRILLO DRIVE,0,38.52507778,-121.435294440,0,12,2,0,3,3,1,0,3,1,0,1,0,0000000,99,99,99,99,99,99,0,0,0,1,2
6,61166,2,2,0,3,37,2870,6,6,2010,1,12,5,1,11,1,I-10,,428,34.06663889,-117.807830560,0,12,7,0,1,1,1,0,1,1,0,1,0,0000000,99,99,99,99,99,99,0,0,0,1,0
6,61167,2,2,0,3,19,0,6,6,2010,1,17,20,1,1,1,I-15,,493,36.64366944,-120.626325000,0,12,1,0,1,1,1,0,1,1,0,1,0,0000000,99,99,99,99,99,99,0,0,0,1,0
6,61168,2,2,0,3,85,3340,9,6,2010,4,20,12,0,13,6,TULLY RD,OLD TULLY RD,0,37.30310833,-121.855116670,0,12,6,0,2,2,1,0,1,1,0,1,0,0000000,99,99,99,99,99,99,0,0,0,1,0
6,61169,2,2,0,2,83,0,28,6,2010,2,6,50,0,4,4,BETTERAVIA RD,,0,34.92038056,-120.498938890,0,12,8,0,1,1,1,0,1,10,0,10,0,0000000,99,99,99,99,99,99,0,0,0,1,0
6,61170,2,2,0,3,7,0,28,6,2010,2,15,50,0,4,4,FORBESTOWN RD,HURLETON RD,0,39.50348889,-121.430280560,0,12,6,0,2,3,1,0,1,1,0,1,0,0000000,99,99,99,99,99,99,0,0,0,1,1
6,61171,3,3,0,3,71,4000,29,6,2010,3,9,23,0,13,6,W 16TH ST,N BENSON AVE,0,34.12174444,-117.680977780,0,12,6,0,2,2,1,0,1,1,0,1,0,0000000,99,99,99,99,99,99,20,0,0,1,0
6,61172,2,1,0,2,67,0,29,6,2010,3,12,10,0,6,4,TIOGAWOODS DR,CHINA LAKEWAY,0,38.47476111,-121.380411110,0,14,0,0,2,3,2,1,1,1,0,1,0,0000000,99,99,99,99,99,99,0,0,0,1,1
6,61173,2,2,0,2,75,3290,30,6,2010,4,3,49,1,11,1,I-80,,77,37.78828889,-122.388505560,0,12,1,0,1,1,1,0,3,1,0,1,0,0000000,99,99,99,99,88,88,0,0,0,1,1
6,61174,2,1,0,1,29,0,30,6,2010,4,12,19,1,1,1,I-5,,391,35.26991111,-119.227219440,0,14,0,0,1,1,2,0,1,1,0,1,0,0000000,99,99,99,99,88,88,0,0,0,1,0
6,61175,1,1,0,1,37,1970,10,7,2010,7,12,41,1,11,1,I-605 RAMP,,0,33.88857500,-118.036708330,0,1,0,1,5,1,1,0,1,1,0,1,0,0000000,99,99,99,99,99,99,0,0,0,1,1
6,61176,2,1,0,2,71,2960,21,7,2010,4,18,55,0,15,6,E PIONEER AVE,,0,34.08081944,-117.174402780,0,14,0,0,1,1,7,0,1,1,0,1,0,0000000,99,99,99,99,88,88,0,0,0,2,1
6,61177,3,2,0,6,37,1980,23,7,2010,6,20,0,0,13,6,VISTA DEL MAR,,0,34.11021389,-118.323558330,0,12,6,0,1,1,1,0,5,10,0,10,0,0000000,99,99,99,99,99,99,0,0,0,1,1
6,61178,2,2,0,5,9,0,28,7,2010,4,17,45,0,5,4,GOLD STRIKE RD,,0,38.21029167,-120.684661110,0,12,2,0,1,1,1,0,1,1,0,1,0,0000000,99,99,99,99,99,99,0,0,0,2,1
6,61179,2,2,0,3,111,2620,28,7,2010,4,19,9,0,13,6,VICTORIA AVE,,0,34.22277222,-119.221083330,0,12,6,0,1,1,1,0,1,1,0,1,0,0000000,99,99,99,99,99,99,0,0,0,2,1
6,61180,2,2,0,2,9,0,29,7,2010,5,6,50,0,2,3,SR-4,,330,38.16803056,-120.414880560,0,12,8,0,1,1,1,0,1,1,0,1,0,0000000,99,99,99,99,88,88,0,0,0,1,0
6,61181,2,2,0,2,67,0,29,7,2010,5,14,20,0,2,4,MADISON AVE,LINCOLN OAKS DR,0,38.66359722,-121.299888890,0,12,6,0,2,3,1,0,1,1,0,1,0,0000000,99,99,99,99,99,99,0,0,0,1,0
6,61182,5,4,0,7,85,2311,29,7,2010,5,16,27,0,14,6,CUESTA DR,WALNUT DR,0,37.43629722,-121.914847220,0,12,1,0,3,1,1,0,1,1,0,1,0,0000000,99,99,99,99,99,99,0,0,0,1,0
6,61183,2,2,0,3,77,3770,29,7,2010,5,17,0,1,11,1,I-5,,283,37.96136944,-121.334469440,0,12,7,0,1,1,1,0,1,1,0,1,0,0000000,99,99,99,99,99,99,0,0,0,1,0
6,61184,1,1,0,1,67,3150,29,7,2010,5,19,8,1,11,1,I-80,,42,38.64601944,-121.378025000,0,24,0,0,1,1,3,0,1,1,0,1,0,0000000,99,99,99,99,99,99,0,0,0,1,1
6,61185,1,1,0,1,85,0,29,7,2010,5,22,0,0,2,3,SR-17,,7,37.15481111,-121.985350000,0,25,0,0,1,1,3,0,2,1,0,1,0,0000000,99,99,99,99,88,88,0,0,0,1,0
6,61186,2,2,0,9,37,0,30,7,2010,6,15,57,0,6,4,VALYERMO RD,,0,34.44348056,-117.848538890,0,12,6,0,1,1,1,0,1,1,0,1,0,0000000,99,99,99,99,99,99,0,0,0,1,0
6,61187,3,3,0,4,53,0,30,7,2010,6,17,20,0,13,3,SR-68,,31,36.58898333,-121.921850000,0,12,2,0,1,1,1,0,1,10,0,10,0,0000000,99,99,99,99,99,99,0,0,0,1,0
6,61188,1,1,0,1,107,0,30,7,2010,6,19,47,0,6,4,ROAD 156,,0,36.27246111,-119.225050000,0,35,0,0,1,1,4,0,1,1,0,1,0,0000000,99,99,99,99,88,88,0,0,0,1,1
6,61189,2,2,0,3,7,0,31,7,2010,7,10,5,0,4,4,FOOTHILL BL,,0,39.46511944,-121.481980560,0,12,6,0,8,1,1,0,1,1,0,1,0,0000000,99,99,99,99,99,99,0,0,0,1,0
6,61190,3,3,0,5,13,0,31,7,2010,7,16,24,0,2,4,BYRON HWY,,0,37.81595000,-121.584400000,0,12,2,0,1,1,1,0,1,1,0,1,0,0000000,99,99,99,99,99,99,0,0,0,2,0
6,61191,2,2,0,4,29,0,1,8,2010,1,2,28,0,6,4,MOUNTAIN VIEW RD,TEJON HWY,0,35.28186944,-118.824980560,0,12,6,0,2,2,1,0,2,1,0,1,0,0000000,99,99,99,99,99,99,0,0,0,1,2
6,61192,2,2,0,4,101,0,1,8,2010,1,3,40,1,2,3,SR-99,SANKEY RD,30,38.77958056,-121.543811110,0,12,6,0,2,2,1,0,3,1,0,1,0,0000000,99,99,99,99,99,99,0,0,0,1,1
6,61193,2,2,0,2,37,0,2,8,2010,2,6,8,0,4,4,170TH ST E,,0,34.59846111,-117.826800000,0,12,6,0,1,1,1,0,1,1,0,1,0,0000000,99,99,99,99,88,88,0,0,0,1,0
6,61194,2,2,0,3,65,0,3,8,2010,3,12,40,0,4,4,VARNER RD,BOCA CHICA TRL,0,33.80345000,-116.383038890,0,12,6,0,2,3,1,0,1,1,0,1,0,0000000,99,99,99,99,99,99,0,0,0,1,0
6,61195,2,2,0,2,37,0,3,8,2010,3,15,15,0,3,4,SIERRA HWY,,0,34.52016944,-118.319269440,0,12,2,0,1,1,1,0,1,1,0,1,0,0000000,99,99,99,99,99,99,0,0,0,1,0
6,61196,4,4,0,11,113,0,3,8,2010,3,22,12,1,1,1,I-505,,0,38.52683611,-121.953127780,0,24,0,0,1,1,4,0,2,1,0,1,0,0000000,99,99,99,99,99,99,0,0,0,2,1
6,61197,2,2,0,4,99,0,4,8,2010,4,16,20,0,4,4,KEYES RD,VIVIAN RD,0,37.55143056,-121.048505560,0,12,6,0,2,2,1,0,1,1,0,1,0,0000000,99,99,99,99,99,99,0,0,0,1,0
6,61198,2,2,0,6,19,0,4,8,2010,4,16,30,0,4,4,AMERICAN AVE,FIG AVE,0,36.66328889,-119.799836110,0,12,6,0,2,4,1,0,1,1,0,1,0,0000000,99,99,99,99,99,99,0,0,0,3,1
6,61199,2,2,0,5,37,1970,4,8,2010,4,19,0,0,14,6,SANTA FE AVE,W COLUMBIA ST,0,33.80913333,-118.215516670,0,12,6,0,2,3,1,0,1,1,0,1,0,0000000,99,99,99,99,99,99,0,0,0,1,0
6,61200,2,2,0,5,29,240,4,8,2010,4,20,51,0,14,6,BEALE AVE,FLOWER ST,0,35.38550000,-118.986502780,0,12,6,0,2,2,1,0,3,1,0,1,0,0000000,99,99,99,99,99,99,0,0,0,1,1
6,61201,3,2,0,2,67,0,6,8,2010,6,2,48,0,2,4,SUNRISE BL,,0,38.65394444,-121.272241670,0,18,0,0,1,1,1,4,3,1,0,1,0,0000000,99,99,99,99,88,88,0,0,0,1,1
6,61202,2,2,0,2,115,0,6,8,2010,6,14,45,1,2,3,SR-20,,172,39.22528889,-121.347430560,0,12,2,0,1,1,1,0,1,1,0,1,0,0000000,99,99,99,99,99,99,0,0,0,1,1
6,61203,2,2,0,5,19,0,6,8,2010,6,15,5,0,3,4,ACADEMY AVE,SHIELDS AVE,0,36.77914167,-119.556008330,0,12,6,0,2,2,1,0,1,1,0,1,0,0000000,99,99,99,99,99,99,0,0,0,1,0
6,61204,2,2,0,3,71,1305,7,8,2010,7,4,0,1,11,1,I-15,,109,34.16339722,-117.463613890,0,12,1,0,1,1,1,0,3,1,0,1,0,0000000,99,99,99,99,88,88,0,0,0,1,1
6,61205,2,2,0,2,37,4190,7,8,2010,7,23,28,0,13,6,COLIMA RD,,0,33.95945833,-118.001050000,0,12,1,0,1,1,1,0,3,1,0,1,0,0000000,99,99,99,99,99,99,0,0,0,1,1
6,61206,2,2,0,3,65,0,8,8,2010,1,18,20,0,2,3,SR-371,,708,33.55510278,-116.683550000,0,12,1,0,1,1,1,0,1,1,0,1,0,0000000,99,99,99,99,99,99,0,0,0,1,1
6,61207,4,4,0,5,73,1200,9,8,2010,2,6,20,1,11,1,I-15,,307,33.11575000,-117.099361110,0,12,1,0,1,1,1,0,1,1,0,1,0,0000000,99,99,99,99,99,99,0,0,0,1,0
6,61208,2,2,0,3,37,810,9,8,2010,2,17,36,0,13,6,ROSECRANS AVE,,0,33.90325556,-118.241369440,0,12,1,0,1,1,1,0,1,1,0,1,0,0000000,99,99,99,99,99,99,0,0,0,1,0
6,61209,2,1,0,2,71,0,11,8,2010,4,1,20,0,2,3,SR-38,,476,34.25338889,-116.817313890,0,31,0,0,1,1,4,0,2,1,0,1,0,0000000,99,99,99,99,88,88,0,0,0,1,1
6,61210,2,2,0,4,77,2070,1,7,2010,5,2,12,1,12,3,SR-99,,64,37.79391111,-121.190169440,0,12,2,0,1,1,1,0,2,1,0,1,0,0000000,99,99,99,99,99,99,0,0,0,2,1
6,61211,2,2,0,3,37,1980,2,7,2010,6,22,50,0,13,6,WESTERN AVE,9TH ST,0,34.05566389,-118.309105560,0,12,6,0,2,2,1,0,3,1,0,1,0,0000000,99,99,99,99,99,99,0,0,0,1,1
6,61212,1,1,0,1,37,1980,3,7,2010,7,1,40,0,13,3,SR-1,FIGUEROA PL,116,33.79056111,-118.283294440,0,30,0,0,3,2,4,0,3,10,0,10,0,0000000,99,99,99,99,88,88,0,0,0,1,1
6,61213,2,1,0,4,111,0,4,7,2010,1,2,2,0,6,4,BATES RD,,0,34.37893889,-119.475900000,0,14,0,0,1,1,4,0,2,5,0,5,0,0000000,99,99,99,99,99,99,19,0,0,1,0
6,61214,3,3,0,4,39,2050,4,7,2010,1,19,30,1,12,3,SR-99,,105,36.95771111,-120.060869440,0,25,0,0,1,1,3,0,1,1,0,1,0,0000000,99,99,99,99,99,99,14,0,0,1,1
6,61215,2,2,0,2,37,1980,7,7,2010,4,21,45,1,11,1,I-10,,187,34.05397500,-118.210100000,0,12,7,0,1,1,1,0,3,10,0,10,0,0000000,99,99,99,99,99,99,0,0,0,1,0
6,61216,2,2,0,5,67,1108,11,7,2010,1,17,20,1,12,3,SR-99 RAMP,,126,38.40870833,-121.389569440,0,33,0,0,5,1,4,0,1,1,0,1,0,0000000,99,99,99,99,99,99,0,0,0,2,0
6,61217,1,1,0,1,79,0,15,7,2010,5,14,50,0,6,4,PARKHILL RD,,0,35.39048333,-120.470108330,0,38,0,0,1,1,4,0,1,1,0,1,0,0000000,99,99,99,99,99,99,0,0,0,1,0
6,61218,2,2,0,6,67,0,15,7,2010,5,18,0,0,2,3,SR-160,,18,38.17392778,-121.658477780,0,24,0,0,1,1,4,0,1,1,0,1,0,0000000,99,99,99,99,99,98,0,0,0,1,0
6,61219,1,1,0,1,37,1430,16,7,2010,6,0,34,0,15,6,CANADA BL,TOWNE AVE,0,34.16954444,-118.229086110,0,33,0,0,2,3,4,0,3,1,0,1,0,0000000,99,99,99,99,88,88,20,0,0,1,0
6,61220,1,1,0,1,37,4190,16,7,2010,6,6,8,0,13,6,BEVERLY BL,MESSAGROVE AVE,0,34.00229722,-118.060841670,0,31,0,0,3,3,4,0,4,10,0,10,0,0000000,99,99,99,99,88,88,0,0,0,1,0
6,61221,2,2,0,3,19,0,16,7,2010,6,8,0,0,4,4,TEMPERANCE AVE,AMERICAN AVE,0,36.66308333,-119.663986110,0,12,6,0,2,2,1,0,1,1,0,1,0,0000000,99,99,99,99,99,99,0,0,0,2,0
6,61222,1,1,0,1,73,0,16,7,2010,6,9,40,0,6,4,MONTEZUMA VALLEY RD,,0,33.21255278,-116.551380560,0,31,0,0,1,1,4,0,1,1,0,1,0,0000000,99,99,99,99,88,88,0,0,0,1,0
6,61223,1,1,0,4,67,1390,16,7,2010,6,12,54,1,12,3,SR-99,,8,38.25443889,-121.293461110,0,35,0,0,1,1,4,0,1,1,0,1,0,0000000,99,99,99,99,99,99,0,0,0,1,0
6,61224,2,1,0,1,39,0,16,7,2010,6,16,55,0,3,4,ROAD 24,,0,36.90851944,-120.110563890,0,31,0,0,1,1,4,0,1,1,0,1,0,0000000,99,99,99,99,88,88,0,0,0,1,1
6,61225,2,2,0,4,37,0,18,7,2010,1,21,50,0,2,4,ATLANTIC BL,POMONA BL,0,34.03355833,-118.152452780,0,12,1,0,3,2,1,0,3,1,0,1,0,0000000,99,99,99,99,99,99,0,0,0,1,0
6,61226,2,2,0,3,71,3970,19,7,2010,2,13,15,0,15,6,BAGDAD HWY,,0,34.17300278,-116.019100000,0,12,2,0,1,1,1,0,1,1,0,1,0,0000000,99,99,99,99,99,99,4,0,0,1,0
6,61227,2,2,0,3,73,0,23,7,2010,6,0,57,0,4,4,SKYLINE TRUCK TRAIL,,0,32.73506111,-116.831150000,0,12,1,0,1,1,1,0,2,1,0,1,0,0000000,99,99,99,99,99,98,0,0,0,1,1
6,61228,2,2,0,2,95,0,23,7,2010,6,8,0,0,4,4,MIDWAY RD,NUNES RD,0,38.41657778,-121.887258330,0,12,6,0,2,3,1,0,1,1,0,1,0,0000000,99,99,99,99,88,88,0,0,0,1,0
6,61229,1,1,0,1,19,740,23,7,2010,6,12,18,0,12,3,SR-168,,61,36.82862778,-119.709736110,0,25,0,0,1,1,3,0,1,1,0,1,0,0000000,99,99,99,99,88,88,0,0,0,1,1
6,61230,2,2,0,3,25,0,23,7,2010,6,13,18,0,5,4,KERSHAW RD,,0,33.10721111,-115.508500000,0,12,6,0,1,1,1,0,1,1,0,1,0,0000000,99,99,99,99,88,88,0,0,0,1,0
6,61231,2,2,0,2,71,3000,23,7,2010,6,16,8,0,13,6,AGUA MANSA RD,ENTERPRISE AVE,0,34.03722778,-117.368058330,0,12,6,0,2,3,1,0,1,1,0,1,0,0000000,99,99,99,99,99,99,0,0,0,1,0
6,61232,2,2,0,5,107,0,23,7,2010,6,19,45,0,4,4,RD 120,AVE 440,0,36.58779444,-119.305044440,0,12,6,0,2,2,1,0,1,1,0,1,0,0000000,99,99,99,99,99,99,0,0,0,1,1
6,61233,2,2,0,3,47,0,23,7,2010,6,20,27,0,3,4,SANTA FE DR,,0,37.32761389,-120.520405560,0,12,1,0,1,1,1,0,1,1,0,1,0,0000000,99,99,99,99,99,99,0,0,0,1,0
6,61234,2,2,0,3,73,1200,23,7,2010,6,21,5,0,13,6,CENTER CITY PKY,ESCONDITO BLVD EXT,0,33.09694444,-117.071450000,0,12,6,0,2,3,1,0,5,1,0,1,0,0000000,99,99,99,99,99,99,0,0,0,1,0
6,61235,1,1,0,2,37,0,24,7,2010,7,2,10,0,2,4,BOUQUET CYN RD,,0,34.52892778,-118.442713890,0,42,0,0,1,1,4,0,2,1,0,1,0,0000000,99,99,99,99,99,99,0,0,0,1,1
6,61236,3,3,0,4,37,1970,24,7,2010,7,2,10,1,11,1,I-710,,127,33.87158611,-118.194011110,0,12,1,0,1,1,1,0,2,1,0,1,0,0000000,99,99,99,99,99,99,0,0,0,1,1
6,61237,2,2,0,4,71,3210,24,7,2010,7,2,58,1,11,1,I-215,,76,34.11282778,-117.302669440,0,12,7,0,1,1,1,2,2,1,0,1,0,0000000,99,99,99,99,99,99,0,0,0,1,1
6,61238,1,1,0,2,73,0,24,7,2010,7,10,6,1,1,1,I-8,,596,32.71648889,-116.386300000,0,1,0,0,1,1,3,0,1,1,0,1,0,0000000,99,99,99,99,99,99,0,0,0,1,0
6,61239,1,1,0,2,83,3430,24,7,2010,7,16,12,0,15,3,SR-144,,6,34.43066389,-119.676925000,0,5,0,0,1,1,1,0,1,1,0,1,0,0000000,99,99,99,99,88,88,0,0,0,1,1