STATE,ST_CASE,VE_TOTAL,VE_FORMS,PEDS,PERSONS,COUNTY,CITY,DAY,MONTH,YEAR,DAY_WEEK,HOUR,MINUTE,NHS,ROAD_FNC,ROUTE,TWAY_ID,TWAY_ID2,MILEPT,LATITUDE,LONGITUD,SP_JUR,HARM_EV,MAN_COLL,RELJCT1,RELJCT2,TYP_INT,REL_ROAD,WRK_ZONE,LGT_COND,WEATHER1,WEATHER2,WEATHER,SCH_BUS,RAIL,NOT_HOUR,NOT_MIN,ARR_HOUR,ARR_MIN,HOSP_HR,HOSP_MN,CF1,CF2,CF3,FATALS,DRUNK_DR
6,61240,2,2,0,7,77,0,25,7,2010,1,0,10,0,5,4,THORNTON RD,,0,38.19266667,-121.406372220,0,12,2,0,1,1,1,0,2,1,0,1,0,0000000,99,99,99,99,99,99,0,0,0,1,1
6,61241,1,1,0,1,95,0,25,7,2010,1,2,20,1,1,1,I-80,,416,38.50911944,-121.781872220,0,24,0,0,1,1,3,0,2,1,0,1,0,0000000,99,99,99,99,88,88,0,0,0,1,1
6,61242,3,3,0,4,53,0,25,7,2010,1,16,29,0,6,4,RESERVATION RD,,0,36.64624167,-121.721447220,0,12,6,0,1,1,1,0,1,1,0,1,0,0000000,99,99,99,99,99,99,0,0,0,1,0
6,61243,1,1,0,2,73,0,25,7,2010,1,17,55,0,2,3,SR-76,,371,33.29996667,-116.913341670,0,24,0,0,1,1,4,0,1,1,0,1,0,0000000,99,99,99,99,99,99,0,0,0,1,0
6,61244,1,1,0,1,67,0,25,7,2010,1,99,99,0,6,4,TYLER ISLAND RD,,0,38.13495000,-121.566619440,0,1,0,0,1,1,4,0,8,1,0,1,0,0000000,99,99,99,99,88,88,0,0,0,1,0
6,61245,1,1,0,1,27,0,25,7,2010,1,99,99,0,6,4,LONE PINE NRRW GE RD,,0,36.61553889,-118.060144440,0,11,0,0,1,1,1,0,2,1,0,1,0,0000000,99,99,99,99,88,88,0,0,0,1,0
6,61246,2,2,0,2,37,1980,26,7,2010,2,6,50,0,13,6,WOODMAN AVE,,0,34.15978056,-118.431241670,0,12,2,0,1,1,1,0,4,10,0,10,0,0000000,99,99,99,99,88,88,0,0,0,1,0
6,61247,2,2,0,8,77,0,26,7,2010,2,11,25,1,2,3,SR-88,,159,38.17716389,-121.118147220,0,12,6,0,1,1,1,0,1,1,0,1,0,0000000,99,99,99,99,99,99,0,0,0,1,0
6,61248,2,2,0,2,111,0,26,7,2010,2,15,1,0,2,3,SR-33,,78,34.38289444,-119.303366670,0,12,2,0,1,1,1,0,1,1,0,1,0,0000000,99,99,99,99,88,88,0,0,0,1,1
6,61249,1,1,0,2,85,3340,26,7,2010,2,23,32,1,12,2,US-101,,271,37.24428889,-121.772841670,0,52,0,0,1,1,3,0,2,1,0,1,0,0000000,99,99,99,99,99,99,0,0,0,1,1
6,61250,1,1,0,2,53,3560,27,7,2010,3,1,0,1,12,3,SR-1 RAMP,,810,36.62697222,-121.839055560,0,24,0,0,5,1,4,0,3,10,0,10,0,0000000,99,99,99,99,99,99,20,0,0,1,1
6,61251,1,1,0,2,65,3070,26,7,2010,2,15,25,1,12,3,SR-60,,126,33.94447778,-117.289255560,0,59,0,0,1,1,4,0,1,1,0,1,0,0000000,99,99,99,99,99,99,0,0,0,1,0
6,61252,1,1,0,3,19,0,27,7,2010,3,8,10,1,1,1,I-5,,168,36.27938056,-120.259580560,0,1,0,0,1,1,3,0,1,1,0,1,0,0000000,99,99,99,99,99,99,0,0,0,1,0
6,61253,2,2,0,2,115,0,27,7,2010,3,9,35,0,3,4,MARYSVILLE RD,,0,39.41013333,-121.125597220,0,12,6,0,8,1,1,0,1,1,0,1,0,0000000,99,99,99,99,88,88,0,0,0,1,0
6,61254,2,2,0,2,65,2650,27,7,2010,3,9,52,0,14,6,DINAH SHORE DR,CROSSLEY RD,0,33.80851944,-116.484252780,0,12,6,0,2,2,1,0,1,1,0,1,0,0000000,99,99,99,99,88,88,0,0,0,1,0
6,61255,1,1,0,6,95,0,27,7,2010,3,20,35,0,4,4,VAVA VALLEY RD,,0,38.38009444,-122.014863890,0,53,0,0,1,1,4,0,2,1,0,1,0,0000000,99,99,99,99,99,99,0,0,0,1,0
6,61256,2,2,0,3,77,0,28,7,2010,4,13,15,0,2,3,SR-88,EIGHT MILE RD,65,38.05795833,-121.188747220,0,12,6,0,2,2,1,0,1,1,0,1,0,0000000,99,99,99,99,99,99,0,0,0,1,0
6,61257,1,1,0,1,71,2922,28,7,2010,4,14,21,1,12,3,SR-210,,69,34.13590000,-117.580350000,0,25,0,0,1,1,3,0,1,1,0,1,0,0000000,99,99,99,99,88,88,0,0,0,1,0
6,61258,2,2,0,2,99,2200,28,7,2010,4,16,15,0,13,6,OAKDALE RD,E ORANGEBURG AVE,0,37.66354722,-120.957575000,0,12,6,0,2,2,1,0,1,1,0,1,0,0000000,99,99,99,99,99,99,0,0,0,1,0
6,61259,1,1,0,2,67,0,28,7,2010,4,21,55,0,2,3,SR-160,LEARY RD,169,38.27324444,-121.539183330,0,59,0,0,3,3,4,0,2,1,0,1,0,0000000,99,99,99,99,99,98,0,0,0,1,1
6,61260,1,1,1,1,67,0,11,7,2010,1,19,40,0,2,4,WATT AVE,FOLSOM BL,0,38.55320833,-121.375125000,0,9,0,0,3,2,1,0,1,1,0,1,0,0000000,99,99,99,99,99,99,0,0,0,1,0
6,61261,1,1,1,1,71,3210,30,7,2010,6,13,40,0,16,6,INGLAND CENTER DR,G STREET,0,34.08920278,-117.297591670,0,8,0,0,3,2,1,0,1,1,0,1,0,0000000,99,99,99,99,99,99,0,0,0,1,0
6,61262,1,1,1,1,37,1980,15,7,2010,5,14,30,0,13,6,HOOVER ST,76TH ST,0,33.97220278,-118.251963890,0,8,0,0,3,2,1,0,1,1,0,1,0,0000000,99,99,99,99,99,99,0,0,0,1,0
6,61263,1,1,1,1,71,790,17,7,2010,7,3,22,0,15,6,WASHINGTON ST,,0,34.04838611,-117.298716670,0,8,0,0,1,1,1,0,3,1,0,1,0,0000000,99,99,99,99,88,88,0,0,0,1,0
6,61264,1,1,1,1,95,4020,17,7,2010,7,22,5,0,6,6,MINI DR,PRINCENTON ST,0,38.15280000,-122.248480560,0,8,0,0,3,3,1,0,3,1,0,1,0,0000000,99,99,99,99,99,99,0,0,0,1,0
6,61266,1,1,1,1,37,1980,24,6,2010,5,8,20,0,13,6,PICO BLVD,,0,34.05414167,-118.380352780,0,33,0,0,1,1,4,0,1,1,0,1,0,0000000,99,99,99,99,99,99,0,0,0,1,0
6,61267,1,1,1,1,77,3770,25,6,2010,6,15,57,0,13,6,WEST LN,KNICKERBOCKER DR,0,38.02426667,-121.294991670,0,9,0,0,3,2,1,0,1,1,0,1,0,0000000,99,99,99,99,99,99,0,0,0,1,0
6,61268,1,1,1,1,37,1970,25,6,2010,6,23,48,0,13,6,CARSON ST,,0,33.83236111,-118.112169440,0,9,0,0,1,1,1,0,3,1,0,1,0,0000000,99,99,99,99,99,99,0,0,0,1,0
6,61269,1,1,0,2,37,3300,26,6,2010,7,5,5,1,11,1,I-10,,250,34.07166944,-118.104111110,0,20,0,0,1,1,8,0,3,1,0,1,0,0000000,5,9,99,99,99,99,0,0,0,1,0
6,61270,1,1,0,1,81,0,26,6,2010,7,13,20,0,2,3,SR-35,,86,37.36753056,-122.247813890,0,35,0,0,1,1,4,0,1,1,0,1,0,0000000,99,99,99,99,99,99,0,0,0,1,1
6,61271,1,1,0,1,57,0,29,7,2010,5,13,5,1,1,1,I-80,,226,39.38411389,-120.082808330,0,52,0,0,1,1,4,0,1,1,0,1,0,0000000,99,99,99,99,88,88,0,0,0,1,0
6,61272,1,1,1,1,37,1980,29,7,2010,5,13,50,0,13,6,BEVERLY BL,,0,34.07604722,-118.372530560,0,8,0,0,1,1,1,0,1,1,0,1,0,0000000,99,99,99,99,99,99,0,0,0,1,0
6,61273,1,1,1,1,37,1980,30,7,2010,6,4,10,1,11,1,I-405,,237,33.96376944,-118.369961110,0,8,0,0,1,1,1,0,2,1,0,1,0,0000000,99,99,99,99,99,99,0,0,0,1,0
6,61274,1,1,1,1,73,2510,18,3,2010,5,12,50,0,13,6,OCEANSIDE BLVD,,0,33.20402500,-117.295488890,0,8,0,0,1,1,1,0,1,1,0,1,0,0000000,99,99,99,99,99,99,0,0,0,1,0
6,61275,1,1,0,4,37,2684,11,6,2010,6,21,51,0,13,6,ROSECRANS AVE,,0,33.90347500,-118.161305560,0,33,0,0,1,1,3,0,3,1,0,1,0,0000000,99,99,99,99,99,99,0,0,0,1,0
6,61276,1,1,0,3,75,3290,14,6,2010,2,10,55,1,11,1,I-280,,65,37.76376944,-122.392688890,0,2,0,0,1,1,1,0,1,1,0,1,0,0000000,99,99,99,99,99,99,0,0,0,2,0
6,61277,2,2,0,2,77,3770,2,7,2010,6,17,34,0,13,6,HAMMER LN,RICHLAND WY,0,38.02109167,-121.351483330,0,42,0,0,3,2,4,0,1,1,0,1,0,0000000,99,99,99,99,88,88,0,0,0,1,0
6,61278,2,1,1,2,85,3340,11,7,2010,1,17,53,1,12,2,US-101,,243,37.21936944,-121.733100000,0,14,0,0,1,1,2,0,1,1,0,1,0,0000000,99,99,99,99,99,99,14,0,0,1,1
6,61279,1,1,1,1,67,2934,19,7,2010,2,8,0,0,4,6,WHITE ROCK RD,,0,38.58698889,-121.290113890,0,9,0,0,1,1,1,0,1,1,0,1,0,0000000,99,99,8,7,99,99,0,0,0,1,0
6,61280,1,1,0,2,29,0,21,7,2010,4,19,53,0,3,4,SIERRA HWY,,0,34.85506944,-118.161780560,0,32,0,0,1,1,5,0,1,1,0,1,0,0000000,99,99,99,99,99,99,0,0,0,1,1
6,61281,5,1,1,1,71,0,11,3,2010,5,21,36,0,6,4,BLYTHE AVE,DATE ST,0,34.14116111,-117.231525000,0,39,0,0,3,3,5,0,3,1,0,1,0,0000000,99,99,99,99,99,99,14,0,0,1,0
6,61282,3,3,1,3,73,3260,1,4,2010,5,6,56,0,12,3,SR-163,,28,32.75075278,-117.155297220,0,8,0,0,1,1,2,0,1,2,10,2,0,0000000,99,99,99,99,99,99,14,0,0,1,0
6,61283,1,1,0,1,37,810,20,5,2010,5,22,51,1,11,1,I-710,,139,33.88801389,-118.189583330,0,33,0,1,5,1,4,0,3,1,0,1,0,0000000,99,99,99,99,99,99,20,0,0,1,1
6,61284,1,1,1,2,73,3260,6,6,2010,1,0,25,1,11,1,I-5 RAMP,,185,32.74351389,-117.183900000,0,8,0,1,5,1,1,0,3,1,0,1,0,0000000,99,99,99,99,99,99,0,0,0,1,0
6,61285,1,1,0,1,107,4050,6,6,2010,1,7,4,0,12,3,SR-216,E ROOSEVELT AVE,8,36.33949722,-119.260994440,0,33,0,1,2,3,3,0,1,1,0,1,0,0000000,99,99,99,99,88,88,0,0,0,1,1
6,61286,1,1,0,1,19,0,27,6,2010,1,17,55,0,2,3,SR-168,,438,37.08616111,-119.320788890,0,1,0,0,1,1,6,0,1,1,0,1,0,0000000,99,99,99,99,88,88,0,0,0,1,1
6,61287,1,1,1,1,71,0,15,7,2010,5,3,30,0,6,4,GHOST TOWN RD,,0,34.91183611,-116.886913890,0,8,0,0,1,1,1,0,2,1,0,1,0,0000000,99,99,99,99,88,88,0,0,0,1,0
6,61288,1,1,1,1,37,1980,15,7,2010,5,7,13,0,13,6,LA CIENEGA BLVD,SAWYER ST,0,34.04252222,-118.376419440,0,8,0,0,3,2,1,0,1,1,0,1,0,0000000,99,99,99,99,99,99,0,0,0,1,0
6,61289,1,1,0,6,71,0,15,7,2010,5,21,40,1,1,1,I-15,,1681,35.47398333,-115.585741670,0,43,0,0,1,1,5,0,2,1,0,1,0,0000000,99,99,99,99,99,99,0,0,0,1,0
6,61290,1,1,1,1,67,3150,19,7,2010,2,14,39,0,14,6,DEL PASO BLVD,ARCADE BLVD,0,38.62613889,-121.426966670,0,9,0,0,2,2,1,0,1,1,0,1,0,0000000,99,99,99,99,99,99,0,0,0,1,0
6,61291,1,1,0,2,73,0,27,3,2010,7,0,46,0,4,4,SAN VICENTE RD,,0,33.00081944,-116.834761110,0,43,0,0,1,1,4,0,2,1,0,1,0,0000000,99,99,99,99,99,99,0,0,0,1,0
6,61292,3,3,0,6,97,0,27,4,2010,3,10,23,0,4,4,RIVER RD,,0,38.49488056,-122.782775000,0,12,1,0,8,1,1,0,1,2,10,2,0,0000000,99,99,99,99,99,99,0,0,0,1,0
6,61293,1,1,0,1,97,3490,7,6,2010,2,6,40,0,14,6,FULTON RD,,0,38.44108611,-122.769663890,0,38,0,0,1,1,4,0,1,1,0,1,0,0000000,99,99,99,99,99,99,0,0,0,1,0
6,61294,1,1,0,1,65,0,9,7,2010,6,23,25,1,11,1,I-15,,461,33.94469444,-117.555438890,0,25,0,0,1,1,3,0,2,1,0,1,0,0000000,99,99,99,99,88,88,0,0,0,1,1
6,61295,2,2,0,2,73,710,13,7,2010,3,14,17,0,16,6,HILLTOP DR,NAPLES ST,0,32.61698333,-117.056880560,0,33,0,0,3,2,4,0,1,1,0,1,0,0000000,99,99,99,99,99,99,0,0,0,1,0
6,61296,3,3,0,3,67,2934,18,7,2010,1,19,57,0,16,6,EDWINGER DR,,0,38.56672222,-121.198994440,0,1,0,0,1,1,1,0,1,1,0,1,0,0000000,99,99,99,99,88,88,0,0,0,1,0
6,61297,1,1,0,1,99,0,20,7,2010,3,22,0,0,6,4,MONTE VISTA AVE,,0,37.52228611,-121.053563890,0,38,0,0,1,1,4,0,2,1,0,1,0,0000000,99,99,99,99,99,99,0,0,0,1,0
6,61298,1,1,0,1,25,0,22,7,2010,5,99,99,1,1,1,I-8,,15,32.66123611,-116.102013890,0,17,0,0,1,1,4,0,1,1,0,1,0,0000000,99,99,99,99,88,88,0,0,0,1,0
6,61299,2,2,0,3,83,0,25,7,2010,1,15,40,1,2,2,US-101 RAMP,CLARK AVE,820,34.86328333,-120.394127780,0,12,6,0,2,3,1,0,1,1,0,1,0,0000000,99,99,99,99,99,99,0,0,0,1,0
6,61300,1,1,1,1,67,0,27,7,2010,3,3,8,0,2,4,FAIR OAKS BL,,0,38.63638333,-121.288225000,0,8,0,0,1,1,1,0,2,1,0,1,0,0000000,99,99,99,99,99,98,0,0,0,1,0
6,61301,1,1,1,1,73,3260,27,7,2010,3,13,10,0,14,6,PERSHING DR,,0,32.72488333,-117.142113890,0,8,0,0,1,1,1,0,1,1,0,1,0,0000000,99,99,99,99,88,88,0,0,0,1,0
6,61302,1,1,0,2,57,0,28,6,2010,2,5,35,1,1,1,I-80,,616,39.32751944,-120.571311110,0,33,0,0,1,1,3,2,4,1,0,1,0,0000000,99,99,99,99,88,88,0,0,0,1,0
6,61303,1,1,1,3,47,2150,28,6,2010,2,17,12,0,16,6,CONNIE CT,,0,37.28148056,-120.479638890,0,9,0,0,8,1,1,0,1,1,0,1,0,0000000,99,99,99,99,99,99,0,0,0,1,0
6,61304,1,1,0,1,111,0,29,6,2010,3,7,20,0,2,3,SR-23,,216,34.36295833,-118.920413890,0,24,0,0,1,1,4,0,1,10,0,10,0,0000000,99,99,99,99,88,88,0,0,0,1,0
6,61305,2,2,0,4,59,0,29,6,2010,3,20,55,0,4,4,LIVE OAK CYN RD,,0,33.68583056,-117.606919440,0,25,0,0,1,1,4,0,2,10,0,10,0,0000000,99,99,99,99,99,99,0,0,0,1,1
6,61306,1,1,0,3,5,0,29,6,2010,3,21,40,0,4,4,RIDGE RD,,0,38.38183333,-120.792488890,0,58,0,0,1,1,4,0,2,1,0,1,0,0000000,99,99,99,99,88,88,0,0,0,1,0
6,61307,1,1,0,1,65,0,30,6,2010,4,1,55,0,4,4,SIMPSON RD,,0,33.70726944,-117.073719440,0,38,0,0,1,1,5,0,2,1,0,1,0,0000000,99,99,99,99,99,99,0,0,0,1,1
6,61308,1,1,1,1,31,1540,30,6,2010,4,9,50,0,13,6,10TH AVE,GRANGEVILLE BLVD,0,36.34268889,-119.636927780,0,9,0,0,3,2,1,0,1,1,0,1,0,0000000,99,99,99,99,99,99,0,0,0,1,0
6,61309,1,1,1,2,19,0,25,7,2010,1,15,18,0,4,4,AUBERRY RD,,0,37.07469722,-119.453958330,0,15,0,0,1,1,1,0,1,1,0,1,0,0000000,99,99,99,99,99,99,0,0,0,1,0
6,61310,1,1,1,1,89,2950,25,7,2010,1,23,19,0,14,6,HARTNELL AVE,,0,40.56378056,-122.348158330,0,9,0,0,1,1,1,0,3,1,0,1,0,0000000,99,99,99,99,99,99,0,0,0,1,0
6,61311,5,5,0,9,37,3445,30,7,2010,6,11,15,1,11,1,I-5,,522,34.40470000,-118.574438890,0,12,1,0,1,1,1,0,1,1,0,1,0,0000000,99,99,99,99,99,99,0,0,0,1,0
6,61312,3,1,2,1,85,3340,30,7,2010,6,17,28,0,16,6,BARNARD AVE,,0,37.30762500,-121.873911110,0,8,0,0,1,1,1,0,1,1,0,1,0,0000000,99,99,99,99,99,99,0,0,0,1,1
6,61313,1,1,1,1,67,3150,30,7,2010,6,21,12,0,16,6,A ST,AHERN ST,0,38.58855000,-121.483008330,0,33,0,0,3,2,4,0,3,1,0,1,0,0000000,99,99,99,99,99,99,0,0,0,1,1
6,61314,1,1,0,1,99,2200,31,7,2010,7,1,16,0,13,6,PELANDALE AVE,CARVER RD,0,37.70030833,-121.022630560,0,33,0,0,3,2,4,0,3,1,0,1,0,0000000,99,99,1,25,88,88,0,0,0,1,1
6,61315,1,1,0,1,67,3150,31,7,2010,7,1,24,0,16,6,POCKET RD,,0,38.47694722,-121.532805560,0,33,0,0,1,1,3,0,3,1,0,1,0,0000000,99,99,99,99,88,88,0,0,0,1,1
6,61316,1,1,1,1,75,3290,31,7,2010,7,1,34,0,16,6,19TH ST,FOLSOM ST,0,37.76049167,-122.414927780,0,8,0,0,3,2,1,0,3,10,0,10,0,0000000,99,99,99,99,99,98,4,0,0,1,0
6,61317,2,2,0,3,57,0,31,7,2010,7,8,50,0,2,3,SR-49,,110,39.16456111,-121.057180560,0,12,2,0,1,1,1,0,1,1,0,1,0,0000000,8,52,99,99,99,99,0,0,0,1,0
6,61318,1,1,1,1,107,0,8,8,2010,1,23,25,0,3,4,WEST ST,,0,36.23405278,-119.366819440,0,8,0,0,1,1,1,0,2,1,0,1,0,0000000,99,99,99,99,99,99,0,0,0,1,0
6,61319,1,1,1,3,61,3110,4,2,2010,5,4,25,1,11,1,I-80,,27,38.75361389,-121.264652780,0,8,0,0,1,1,1,0,2,10,0,10,0,0000000,99,99,99,99,88,88,0,0,0,1,1
6,61320,8,8,0,17,71,3210,13,2,2010,7,12,30,1,11,1,I-15,,4,34.03829167,-117.550469440,0,12,1,0,1,1,1,1,1,1,0,1,0,0000000,99,99,99,99,99,99,14,0,0,4,0
6,61321,2,2,0,2,37,1980,15,4,2010,5,21,15,1,11,1,I-110,,16,33.75845556,-118.289700000,0,12,1,0,1,1,1,0,3,1,0,1,0,0000000,99,99,99,99,88,88,0,0,0,1,1
6,61322,4,4,1,6,67,3150,13,5,2010,5,5,15,1,12,3,SR-99,,180,38.47469444,-121.423161110,0,12,1,0,1,1,1,0,2,1,0,1,0,0000000,99,99,99,99,99,99,0,0,0,1,1
6,61323,1,1,0,2,37,1980,6,6,2010,1,2,0,1,12,3,SR-118,,113,34.26582778,-118.445288890,0,1,0,1,5,1,6,0,3,1,0,1,0,0000000,99,99,99,99,99,99,0,0,0,1,1
6,61324,1,1,0,3,37,1980,27,6,2010,1,19,15,0,14,6,MAIN ST,,0,34.06331667,-118.233702780,0,43,0,0,1,1,6,0,1,1,0,1,0,0000000,99,99,99,99,99,99,0,0,0,1,0
6,61325,1,1,0,1,73,0,15,7,2010,5,17,50,0,6,4,TAVERN RD,,0,32.81938056,-116.776183330,0,18,0,0,1,1,4,0,1,10,0,10,0,0000000,99,99,99,99,88,88,0,0,0,1,1
6,61326,1,1,0,2,37,1970,22,7,2010,5,1,55,1,12,3,SR-91,,119,33.87625000,-118.191791670,0,25,0,0,1,1,3,0,3,1,0,1,0,0000000,99,99,99,99,99,99,0,0,0,1,1
6,61327,1,1,1,2,61,200,13,8,2010,6,20,42,0,14,6,AUBURB FOLSOM BLVD,,0,38.87231944,-121.088297220,0,15,0,0,1,1,1,0,2,1,0,1,0,0000000,99,99,99,99,99,99,0,0,0,1,0
6,61328,5,5,0,9,37,1980,11,7,2010,1,20,15,1,11,1,I-10 RAMP,VERMONT AVE,138,34.03628333,-118.291597220,0,12,6,1,2,2,1,0,3,10,0,10,0,0000000,99,99,99,99,99,99,0,0,0,1,0
6,61329,3,2,1,2,37,1980,18,7,2010,1,2,0,0,16,6,STRATHERN ST,TOPEKA DR,0,34.21555556,-118.545897220,0,33,0,0,3,1,4,0,3,1,0,1,0,0000000,99,99,99,99,99,99,0,0,0,1,1
6,61330,2,1,2,3,73,4060,13,8,2010,6,0,31,1,12,3,SR-78,,88,33.16981944,-117.219611110,0,14,0,0,1,1,2,0,2,10,0,10,0,0000000,99,99,99,99,99,99,0,0,0,3,1
6,61331,1,1,1,2,75,3290,13,8,2010,6,22,39,0,16,6,MASONIC AVE,TURK ST,0,37.77841389,-122.447047220,0,9,0,0,2,2,1,0,3,1,0,1,0,0000000,99,99,99,99,99,99,0,0,0,1,1
6,61332,1,1,1,1,37,2749,14,8,2010,7,0,29,0,13,6,WHITTIER BL,PASSONS BL,0,33.99831111,-118.077963890,0,8,0,0,3,2,1,0,3,1,0,1,0,0000000,99,99,99,99,99,99,0,0,0,1,0
6,61333,1,1,0,1,77,3770,14,8,2010,7,9,5,0,13,6,MARTIN LUTHER KING,,0,37.94389167,-121.258291670,0,30,0,0,1,1,4,0,1,1,0,1,0,0000000,99,99,99,99,88,88,0,0,0,1,1
6,61334,1,1,0,4,37,1980,6,5,2010,5,0,5,0,13,6,ROSCOE,,0,34.22132500,-118.494050000,0,40,0,0,1,1,4,0,3,1,0,1,0,0000000,99,99,99,99,88,88,0,0,0,4,1
6,61335,3,3,0,5,65,0,8,5,2010,7,8,40,0,4,4,GILMAN SPRINGS RD,,0,33.87851111,-117.055400000,0,12,8,0,1,1,1,0,1,1,0,1,0,0000000,99,99,99,99,99,99,0,0,0,1,0
6,61336,1,1,1,1,59,4130,16,7,2010,6,21,8,0,13,6,MAGNOLIA ST,EDINGER AVE,0,33.73037500,-117.972088890,0,8,0,0,3,2,1,0,3,1,0,1,0,0000000,99,99,99,99,99,99,0,0,0,1,0
6,61337,1,1,1,1,59,4130,17,7,2010,7,2,25,0,13,6,WESTMINSTER BL,,0,33.75926667,-118.032644440,0,8,0,0,1,1,1,0,3,1,0,1,0,0000000,99,99,99,99,99,99,0,0,0,1,0
6,61338,1,1,1,1,37,3445,18,7,2010,1,10,24,0,13,6,SOLEDAD,,0,34.42339444,-118.502677780,0,33,0,0,1,1,4,0,1,1,0,1,0,0000000,99,99,99,99,88,88,0,0,0,1,0
6,61339,1,1,1,1,37,1980,19,7,2010,2,12,20,0,16,6,80TH ST,,0,33.96653889,-118.252950000,0,8,0,0,1,1,1,0,1,1,0,1,0,0000000,99,99,99,99,88,88,0,0,0,1,0
6,61340,1,1,1,1,71,4000,20,7,2010,3,18,16,0,13,6,EUCLID AVE,9TH ST,0,34.09610833,-117.651000000,0,8,0,0,3,2,1,0,1,1,0,1,0,0000000,99,99,99,99,99,99,0,0,0,1,0
6,61341,1,1,0,2,107,0,31,7,2010,7,5,25,0,6,4,RICHGROVE DR,,0,35.84041944,-119.083669440,0,1,0,0,1,1,4,0,4,1,0,1,0,0000000,99,99,99,99,99,99,0,0,0,1,1
6,61342,1,1,1,1,65,2730,1,8,2010,1,21,0,0,13,6,PERRIS BL,,0,33.84705833,-117.226077780,0,8,0,0,1,1,1,0,3,1,0,1,0,0000000,99,99,99,99,99,99,0,0,0,1,1
6,61343,2,2,0,2,37,1980,9,8,2010,2,17,35,0,15,6,BALBOA BL,SATICOY ST,0,34.20842222,-118.501166670,0,12,6,0,2,4,1,0,1,1,0,1,0,0000000,99,99,99,99,99,99,0,0,0,1,0
6,61344,1,1,1,1,71,2922,9,8,2010,2,20,24,0,15,6,N GROVE AVE,BOWEN ST,0,34.09498889,-117.628591670,0,15,0,0,3,3,1,0,3,1,0,1,0,0000000,99,99,99,99,99,99,0,0,0,1,0
6,61345,3,3,0,4,101,0,10,8,2010,3,13,25,0,2,3,SR-99,GARDEN HWY,197,39.00310000,-121.610430560,0,12,6,0,2,3,1,0,1,1,0,1,0,0000000,13,27,99,99,88,88,0,0,0,1,0
6,61346,1,1,1,1,37,306,12,8,2010,5,16,2,0,15,6,LOVELAND ST,PERRY RD,0,33.96915278,-118.146522220,0,9,0,0,2,2,1,0,1,1,0,1,0,0000000,99,99,99,99,88,88,0,0,0,1,0
6,61347,1,1,1,3,37,1980,12,8,2010,5,22,25,0,14,6,S NORMANDIE AVE,,0,33.95613333,-118.302494440,0,8,0,0,1,1,1,0,3,1,0,1,0,0000000,99,99,99,99,99,99,0,0,0,1,0
6,61348,1,1,1,1,37,1400,12,8,2010,5,23,59,0,16,6,NORMANDIE AVE,,0,33.88169722,-118.299744440,0,9,0,0,1,1,1,0,3,1,0,1,0,0000000,99,99,99,99,99,99,0,0,0,1,0
6,61349,2,2,0,6,73,3260,28,5,2010,6,17,22,0,15,6,SABER SPRINGS PKWY,,0,32.94499444,-117.095347220,0,12,2,0,1,1,1,0,1,1,0,1,0,0000000,99,99,99,99,99,99,0,0,0,1,0
6,61350,1,1,1,1,59,3420,20,6,2010,1,4,47,0,13,6,FAIRVIEW AVE,,0,33.75601944,-117.902816670,0,8,0,0,1,1,1,0,3,1,0,1,0,0000000,99,99,99,99,88,88,0,0,0,1,0
6,61351,2,2,0,4,65,0,17,7,2010,7,9,41,1,1,1,I-10,,1172,33.66916111,-115.198030560,0,12,2,0,1,1,1,0,1,1,0,1,0,0000000,99,99,99,99,99,99,0,0,0,2,0
6,61352,1,1,1,2,31,830,13,8,2010,6,0,34,0,14,6,ORANGE AVE,,0,36.10898056,-119.569638890,0,8,0,0,1,1,1,2,2,1,0,1,0,0000000,99,99,99,99,88,88,0,0,0,1,0
6,61353,1,1,0,1,37,4120,13,8,2010,6,21,19,0,13,6,AMAR RD,,0,34.02623333,-117.902508330,0,33,0,0,1,1,3,0,3,1,0,1,0,0000000,99,99,99,99,88,88,0,0,0,1,1
6,61354,1,1,1,5,73,1200,19,8,2010,5,22,50,1,11,1,I-15,,323,33.13950000,-117.105005560,0,8,0,0,1,1,1,0,3,1,0,1,0,0000000,99,99,99,99,88,88,0,0,0,1,0
6,61355,1,1,0,3,59,470,20,8,2010,6,1,50,1,11,1,I-5,,440,33.87574167,-118.014075000,0,1,0,0,1,1,8,0,3,1,0,1,0,0000000,99,99,99,99,99,99,0,0,0,1,1
6,61356,1,1,1,1,1,2480,21,1,2010,5,18,35,0,13,6,SAN PABLO AVE,FILBERT ST,0,37.82345556,-122.277505560,0,8,0,0,3,2,1,0,3,2,10,2,0,0000000,99,99,99,99,99,99,0,0,0,1,0