STATE,ST_CASE,VE_TOTAL,VE_FORMS,PEDS,PERSONS,COUNTY,CITY,DAY,MONTH,YEAR,DAY_WEEK,HOUR,MINUTE,NHS,ROAD_FNC,ROUTE,TWAY_ID,TWAY_ID2,MILEPT,LATITUDE,LONGITUD,SP_JUR,HARM_EV,MAN_COLL,RELJCT1,RELJCT2,TYP_INT,REL_ROAD,WRK_ZONE,LGT_COND,WEATHER1,WEATHER2,WEATHER,SCH_BUS,RAIL,NOT_HOUR,NOT_MIN,ARR_HOUR,ARR_MIN,HOSP_HR,HOSP_MN,CF1,CF2,CF3,FATALS,DRUNK_DR
6,61357,1,1,1,1,1,2480,30,4,2010,6,17,58,0,14,6,MARKET ST,52ND ST,0,37.83634444,-122.273347220,0,9,0,0,2,2,1,0,1,1,0,1,0,0000000,99,99,99,99,99,99,0,0,0,1,0
6,61358,3,3,0,7,37,2700,5,7,2010,2,11,30,0,14,6,E ORANGE GROVE BL,N SIERRA MADRE BL,0,34.15831111,-118.094166670,0,12,6,0,2,2,1,0,1,1,0,1,0,0000000,99,99,99,99,99,99,0,0,0,1,0
6,61359,1,1,0,1,51,0,27,7,2010,3,18,25,0,2,3,SR-182,,86,38.37635000,-119.189022220,0,1,0,0,1,1,1,0,1,1,0,1,0,0000000,99,99,99,99,99,99,0,0,0,1,0
6,61360,1,1,1,1,85,3340,28,7,2010,4,12,57,0,16,6,MILLSTREAM DR,CANOAS GARDEN DR,0,37.29000000,-121.871894440,0,8,0,0,3,3,1,0,1,1,0,1,0,0000000,99,99,99,99,99,99,0,0,0,1,0
6,61361,1,1,0,1,27,0,28,7,2010,4,14,15,0,6,4,SCOTTYS CASTLE RD,,0,36.89348889,-117.278366670,0,1,0,0,1,1,2,0,1,1,0,1,0,0000000,99,99,99,99,88,88,0,0,0,1,0
6,61362,1,1,0,1,83,3460,1,8,2010,1,2,7,0,15,6,HANSON WY,,0,34.94881111,-120.459997220,0,1,0,0,1,1,4,0,2,1,0,1,0,0000000,99,99,99,99,88,88,0,0,0,1,1
6,61363,1,1,1,3,29,3020,2,8,2010,2,8,57,0,16,6,N NORMA ST,,0,35.62880833,-117.678808330,0,8,0,0,1,1,1,0,1,1,0,1,0,0000000,99,99,99,99,99,99,0,0,0,1,0
6,61364,2,2,0,3,85,3340,2,8,2010,2,19,53,0,14,6,MORRILL AVE,,0,37.39503333,-121.860200000,0,12,2,0,1,1,1,0,1,1,0,1,0,0000000,99,99,99,99,99,99,0,0,0,1,0
6,61365,1,1,1,3,71,3970,8,8,2010,1,19,0,0,13,3,SR-62,,308,34.13537778,-116.097411110,0,8,0,0,1,1,1,0,1,1,0,1,0,0000000,99,99,99,99,88,88,0,0,0,1,0
6,61366,1,1,1,1,37,1980,15,8,2010,1,22,20,0,13,6,SHERMAN WY,CANOGA AVE,0,34.20105278,-118.597727780,0,9,0,0,2,2,1,0,3,1,0,1,0,0000000,99,99,99,99,88,88,0,0,0,1,0
6,61367,2,2,0,2,65,1690,28,8,2010,7,11,44,0,16,6,AVENUE 45,,0,33.71993056,-116.207455560,0,12,6,0,1,1,1,0,1,1,0,1,0,0000000,99,99,99,99,99,99,0,0,0,1,0
6,61368,1,1,1,1,85,940,16,4,2010,6,7,52,0,13,5,FOOTHILL BLVD,CUPERTINO RD,0,37.32307500,-122.068550000,0,8,0,0,3,3,1,0,1,1,0,1,0,0000000,7,52,99,99,99,99,0,0,0,1,0
6,61369,2,2,0,3,71,0,13,8,2010,6,23,45,1,1,1,I-15,,777,34.90508056,-116.952897220,0,12,1,0,1,1,1,0,2,1,0,1,0,0000000,99,99,99,99,99,99,0,0,0,1,0
6,61370,1,1,0,1,77,0,14,8,2010,7,22,50,0,13,7,99 FRONTAGE RD,,0,38.01551944,-121.257700000,0,33,0,0,1,1,4,0,3,1,0,1,0,0000000,99,99,99,99,88,88,0,0,0,1,1
6,61371,3,3,0,5,37,1980,19,8,2010,5,12,0,0,15,6,WILBUR AVE,ERWIN AVE,0,34.18367222,-118.544841670,0,12,6,0,2,2,1,0,1,1,0,1,0,0000000,99,99,99,99,99,99,0,0,0,1,1
6,61372,1,1,0,1,85,3340,19,8,2010,5,20,25,1,11,1,I-280 RAMP,,43,37.31555000,-121.915988890,0,33,0,1,5,1,4,0,5,1,0,1,0,0000000,20,28,99,99,99,99,0,0,0,1,1
6,61373,1,1,2,1,37,1980,20,8,2010,6,7,10,0,14,6,FOOTHILL BL,,0,34.27339722,-118.339297220,0,9,0,0,1,1,2,0,1,1,0,1,0,0000000,99,99,99,99,99,99,0,0,0,1,0
6,61374,4,4,0,4,73,3260,20,8,2010,6,11,8,0,13,6,FRIARS RD,,0,32.78218611,-117.130180560,0,33,0,0,1,1,3,0,1,1,0,1,0,0000000,99,99,99,99,99,99,0,0,0,2,0
6,61375,1,1,1,2,65,3070,20,8,2010,6,22,52,0,15,6,LA CADENA DR,,0,34.00574722,-117.349294440,0,8,0,0,1,1,1,0,3,1,0,1,0,0000000,99,99,99,99,99,99,0,0,0,1,0
6,61376,2,2,1,2,59,880,20,8,2010,6,23,54,0,13,6,HARBOR BL,DATE PL,0,33.68374722,-117.919413890,0,8,0,0,2,3,1,0,3,1,0,1,0,0000000,99,99,99,99,88,88,0,0,0,1,0
6,61377,1,1,1,1,7,0,22,7,2010,5,9,4,0,6,4,ORVILLE CHICO HWY,,0,39.67896944,-121.780111110,0,8,0,0,1,1,2,0,1,1,0,1,0,0000000,99,99,99,99,99,99,0,0,0,1,0
6,61378,1,1,0,1,37,1980,1,8,2010,1,4,35,0,13,6,SEPULVEDA BL,,0,34.09638611,-118.476005560,0,33,0,0,1,1,4,0,2,1,0,1,0,0000000,99,99,99,99,88,88,0,0,0,1,0
6,61379,1,1,0,1,71,0,1,8,2010,1,6,30,1,1,1,I-15,,1161,35.08768889,-116.333130560,0,1,0,0,1,1,3,0,1,1,0,1,0,0000000,99,99,99,99,99,99,0,0,0,1,0
6,61380,1,1,0,1,37,0,1,8,2010,1,14,20,0,2,3,SR-2,,567,34.28270000,-118.178069440,0,59,0,0,1,1,4,0,1,1,0,1,0,0000000,99,99,99,99,88,88,0,0,0,1,0
6,61381,1,1,1,1,77,0,15,8,2010,1,0,10,0,6,4,MACKVILLE RD,,0,38.19721944,-121.085700000,0,8,0,0,1,1,1,0,2,1,0,1,0,0000000,99,99,99,99,88,88,0,0,0,1,0
6,61382,1,1,0,1,37,1980,15,8,2010,1,5,48,1,11,1,I-110,,181,33.59168056,-118.165288890,0,25,0,0,5,1,4,0,4,1,0,1,0,0000000,99,99,99,99,88,88,0,0,0,1,0
6,61383,1,1,1,1,67,1108,16,8,2010,2,21,5,0,14,6,WATERMAN RD,ELK GROVE BL,0,38.40905833,-121.353141670,0,8,0,0,3,2,1,0,3,1,0,1,0,0000000,99,99,99,99,99,99,0,0,0,1,0
6,61384,1,1,0,3,107,2880,17,8,2010,3,0,37,0,14,6,MAIN STREET,YATES STREET,0,36.08020278,-119.019730560,0,38,0,0,3,4,4,0,3,1,0,1,0,0000000,99,99,99,99,88,88,0,0,0,1,1
6,61385,1,1,1,1,37,4190,17,8,2010,3,23,36,0,14,6,SANTA FE SPRINGS RD,LAMBERT RD,0,33.96361389,-118.045908330,0,8,0,0,3,2,1,0,3,1,0,1,0,0000000,99,99,99,99,99,99,0,0,0,1,0
6,61386,1,1,1,1,37,1980,31,8,2010,3,0,50,0,13,6,FAIRFAX AVE,,0,34.08046389,-118.361522220,0,8,0,0,1,1,1,0,3,1,0,1,0,0000000,99,99,99,99,88,88,0,0,0,1,0
6,61387,2,1,1,1,37,1980,21,8,2010,7,11,45,0,14,6,FOOTHILL BL,,0,34.27387778,-118.339852780,0,14,0,0,1,1,4,0,1,1,0,1,0,0000000,99,99,99,99,99,99,0,0,0,1,1
6,61388,2,2,0,4,29,240,21,8,2010,7,21,18,0,14,6,PANORAMA DR,BUCKNELL ST,0,35.40988611,-118.979486110,0,12,6,0,2,3,1,0,3,1,0,1,0,0000000,99,99,99,99,99,99,0,0,0,1,1
6,61389,1,1,1,2,67,0,22,8,2010,1,4,36,1,1,1,I-5,,84,38.36453056,-121.474461110,0,8,0,0,1,1,1,0,2,1,0,1,0,0000000,99,99,99,99,99,99,19,0,0,1,0
6,61390,3,1,1,1,37,1980,22,8,2010,1,17,10,0,14,6,VAN NESS AVE,,0,33.97878611,-118.317758330,0,9,0,0,1,1,1,0,1,1,0,1,0,0000000,99,99,99,99,99,99,14,0,0,1,1
6,61391,1,1,0,1,105,0,22,8,2010,1,99,99,0,6,4,RUTH-ZENIA RD,,0,40.28389722,-123.393158330,0,35,0,0,1,1,5,0,9,99,0,99,0,0000000,99,99,99,99,88,88,4,18,0,1,0
6,61392,1,1,1,1,29,240,23,8,2010,2,3,26,0,16,6,OSWELL ST,BERGQUIST AVE,0,35.35625833,-118.949908330,0,8,0,0,3,3,1,0,3,1,0,1,0,0000000,99,99,99,99,88,88,0,0,0,1,0
6,61393,1,1,1,1,39,2050,23,8,2010,2,14,21,0,14,6,GATEWAY DR,,0,36.96800278,-120.067472220,0,9,0,0,1,1,1,0,1,1,0,1,0,0000000,99,99,99,99,99,99,0,0,0,1,0
6,61394,1,1,1,1,19,1370,23,8,2010,2,23,0,0,15,6,N BRAWLEY AVE,,0,36.80079722,-119.862513890,0,9,0,0,1,1,1,0,3,1,0,1,0,0000000,99,99,99,99,99,99,0,0,0,1,0
6,61395,3,1,0,1,73,3499,25,8,2010,4,2,25,0,14,6,N MAGNOLIA AVE,,0,32.84183056,-116.969047220,0,33,0,0,1,1,4,0,3,1,0,1,0,0000000,99,99,99,99,88,88,14,0,0,1,1
6,61396,2,2,0,2,65,0,27,8,2010,6,9,55,0,2,4,SAN TIMOTEO CYN RD,,0,33.99536111,-117.161030560,0,12,8,0,1,1,1,0,1,1,0,1,0,0000000,9,58,99,99,88,88,0,0,0,1,0
6,61397,4,1,1,1,37,1440,27,8,2010,6,18,53,1,11,1,I-210,,442,34.12090000,-117.831244440,0,14,0,0,1,1,2,0,1,1,0,1,0,0000000,99,99,99,99,99,99,15,23,0,1,0
6,61398,2,2,1,2,67,3150,27,8,2010,6,21,35,0,15,6,24TH ST,,0,38.51506389,-121.483211110,0,8,0,0,1,1,1,0,3,1,0,1,0,0000000,21,39,99,99,99,99,0,0,0,1,0
6,61399,1,1,1,1,37,1840,28,8,2010,7,3,56,0,14,6,AVENUE J,,0,34.68917500,-118.221688890,0,8,0,0,1,1,1,0,3,1,0,1,0,0000000,99,99,99,99,99,99,0,0,0,1,0
6,61400,1,1,0,1,73,0,28,8,2010,7,11,51,0,4,4,WYNOLA RD,,0,33.09931944,-116.596388890,0,35,0,0,1,1,4,0,1,1,0,1,0,0000000,11,55,99,99,99,99,0,0,0,1,0
6,61401,1,1,1,1,59,3420,1,9,2010,4,23,24,0,13,6,HARBOR BL,,0,33.71270278,-117.919777780,0,33,0,0,1,1,3,0,3,1,0,1,0,0000000,99,99,99,99,99,99,0,0,0,1,1
6,61402,1,1,0,2,91,0,2,9,2010,5,9,17,0,2,3,SR-49,,0,39.69556389,-120.221327780,0,1,0,0,1,1,5,0,1,1,0,1,0,0000000,9,19,99,99,99,99,0,0,0,1,0
6,61403,1,1,0,1,7,2680,2,9,2010,5,11,11,0,15,6,OLIVER RD,CAMELLIA DR,0,39.76308333,-121.624941670,0,34,0,0,3,3,4,0,1,1,0,1,0,0000000,99,99,99,99,99,99,0,0,0,1,0
6,61404,1,1,1,1,37,1045,26,6,2010,7,22,20,0,16,6,LESTERFORD AVENUE,,0,33.93667500,-118.105925000,0,8,0,0,1,1,1,0,2,1,0,1,0,0000000,99,99,99,99,88,88,0,0,0,1,1
6,61405,1,1,0,1,111,4027,7,8,2010,7,3,29,1,12,2,US-101,,238,34.24763333,-119.201186110,0,1,0,0,1,1,2,0,3,1,0,1,0,0000000,99,99,99,99,88,88,0,0,0,1,1
6,61406,1,1,1,1,71,0,23,8,2010,2,23,23,1,2,3,SR-62,PARK AVE,14,34.04887500,-116.578558330,0,8,0,0,2,2,1,0,3,1,0,1,0,0000000,99,99,99,99,88,88,0,0,0,1,0
6,61407,1,1,0,1,85,3440,5,9,2010,1,11,33,0,14,6,ZANKER RD,ALICANTE DR,0,37.40811944,-121.935658330,0,30,0,0,2,2,4,0,1,1,0,1,0,0000000,99,99,99,99,88,88,0,0,0,1,0
6,61408,3,3,1,3,65,0,6,9,2010,2,20,38,1,2,3,SR-74,,347,33.73990833,-117.068855560,0,8,0,0,1,1,1,0,2,1,0,1,0,0000000,99,99,99,99,88,88,0,0,0,1,0
6,61409,1,1,1,1,85,2182,22,8,2010,1,19,28,0,16,6,E CAPITOL AVE,MONTAGUE EXPWY,0,37.41010278,-121.894122220,0,9,0,0,2,2,1,0,1,1,0,1,0,0000000,99,99,99,99,99,99,0,0,0,1,0
6,61410,2,2,0,2,107,0,3,9,2010,6,13,20,0,5,4,RD 144,,0,35.82675556,-119.250369440,0,12,8,0,1,1,1,0,1,1,0,1,0,0000000,99,99,99,99,99,99,0,0,0,1,1
6,61411,1,1,0,4,99,0,3,9,2010,6,15,20,1,2,3,SR-120,,84,37.77647222,-120.791438890,0,30,0,0,1,1,4,0,1,1,0,1,0,0000000,99,99,99,99,99,99,0,0,0,2,0
6,61412,2,2,0,2,29,0,3,9,2010,6,16,15,1,2,3,SR-58,,713,35.27453056,-118.708450000,0,12,1,0,1,1,1,0,1,1,0,1,0,0000000,16,18,99,99,99,99,0,0,0,1,0
6,61413,1,1,1,1,37,1980,4,9,2010,7,1,30,0,13,6,CENTRAL AVE,87TH ST,0,33.95833889,-118.256422220,0,8,0,0,3,2,1,0,2,1,0,1,0,0000000,99,99,99,99,99,99,0,0,0,1,0
6,61414,1,1,1,1,65,2650,4,9,2010,7,6,30,1,11,3,SR-111,,589,33.89257500,-116.611719440,0,9,0,0,1,1,1,0,1,1,0,1,0,0000000,99,99,6,35,88,88,0,0,0,1,0
6,61415,1,1,0,1,47,0,4,9,2010,7,8,0,0,2,3,SR-165,,263,37.30448889,-120.851338890,0,42,0,0,1,1,4,0,1,1,0,1,0,0000000,99,99,99,99,88,88,0,0,0,1,0
6,61416,2,1,0,2,1,1920,4,9,2010,7,9,38,1,11,1,I-580,,110,37.70261111,-121.749588890,0,14,0,0,1,1,3,0,1,1,0,1,0,0000000,99,99,99,99,99,99,14,19,0,1,0
6,61417,2,2,0,3,71,3210,27,8,2010,6,16,20,1,11,1,I-10,,252,34.06421111,-117.279219440,0,12,7,0,1,1,1,0,1,1,0,1,0,0000000,16,22,99,99,99,99,0,0,0,1,0
6,61418,1,1,0,1,73,0,2,9,2010,5,16,10,0,2,3,SR-76,,191,33.33896944,-117.133769440,0,42,0,0,1,1,5,0,1,1,0,1,0,0000000,99,99,99,99,99,99,0,0,0,1,0
6,61419,1,1,0,3,67,3150,2,9,2010,5,21,21,0,15,6,RIO LINDA BL,,0,38.63940000,-121.447786110,0,38,0,0,1,1,4,0,3,1,0,1,0,0000000,99,99,99,99,99,99,0,0,0,1,1
6,61420,2,2,0,6,29,0,3,9,2010,6,1,20,0,2,3,SR-43,POPLAR AVE,186,35.52056111,-119.295869440,0,12,6,0,2,2,1,0,3,1,0,1,0,0000000,99,99,99,99,99,99,0,0,0,1,1
6,61421,1,1,0,1,103,0,3,9,2010,6,2,13,1,1,1,I-5 RAMP,,321,40.23428056,-122.255230560,0,1,0,1,5,1,5,0,3,1,0,1,0,0000000,99,99,99,99,88,88,0,0,0,1,1
6,61422,1,1,1,1,73,3260,3,9,2010,6,8,46,0,14,6,TIERRASANTA BL,,0,32.81519444,-117.086963890,0,8,0,0,1,1,1,0,1,1,0,1,0,0000000,99,99,99,99,99,99,0,0,0,1,0
6,61423,2,2,0,3,69,0,7,9,2010,3,14,30,1,2,3,SR-156,,54,36.84134444,-121.490036110,0,12,6,0,1,1,1,0,1,10,0,10,0,0000000,14,32,99,99,99,99,0,0,0,1,0
6,61424,1,1,1,1,29,0,8,9,2010,4,5,15,0,2,4,E PANAMA LN,,0,35.29586389,-118.911036110,0,8,0,0,1,1,1,0,2,1,0,1,0,0000000,5,20,99,99,88,88,0,0,0,1,0
6,61425,1,1,1,1,13,4070,17,7,2010,7,18,5,0,13,6,TREAT BL,,0,37.92800000,-122.044211110,0,33,0,0,1,1,3,0,1,1,0,1,0,0000000,99,99,99,99,99,99,0,0,0,1,1
6,61426,1,1,1,1,107,0,24,8,2010,3,4,30,0,6,4,AVENUE 80,,0,35.93530000,-119.275855560,0,8,0,0,1,1,1,0,2,1,0,1,0,0000000,99,99,99,99,88,88,0,0,0,1,0
6,61427,4,1,1,1,37,720,25,8,2010,4,10,40,0,14,6,1ST ST,,0,34.09464444,-117.720425000,0,33,0,0,1,1,4,0,1,1,0,1,0,0000000,99,99,99,99,99,99,14,0,0,1,0
6,61428,1,1,1,4,19,1370,29,8,2010,1,20,9,0,16,6,S CEDAR AVE,,0,36.73272222,-119.754608330,0,8,0,0,1,1,1,0,3,1,0,1,0,0000000,99,99,99,99,99,99,0,0,0,1,0
6,61429,1,1,1,2,77,3770,30,8,2010,2,1,31,0,13,6,MCKINLEY AVE,,0,37.89626667,-121.270038890,0,9,0,0,1,1,1,0,2,1,0,1,0,0000000,99,99,99,99,88,88,0,0,0,1,0
6,61430,2,2,0,3,71,1603,10,5,2010,2,15,7,0,13,6,MAIN STREET,PYRITE,0,34.42667778,-117.362241670,0,12,2,0,2,3,1,0,1,1,0,1,0,0000000,99,99,99,99,99,99,0,0,0,1,0
6,61431,5,5,0,9,65,2327,10,6,2010,5,13,43,0,15,6,NEWPORT RD,I-215 RAMP,0,33.68510278,-117.170358330,0,33,0,0,2,2,3,0,1,1,0,1,0,0000000,99,99,99,99,99,99,0,0,0,1,0
6,61432,2,2,0,4,77,0,12,6,2010,7,23,50,0,2,4,WEST LANE,,0,38.08661944,-121.278611110,0,12,1,0,1,1,1,0,3,1,0,1,0,0000000,99,99,99,99,99,99,0,0,0,1,1
6,61433,2,2,0,6,37,1970,22,8,2010,1,0,3,0,13,6,OCEAN BLVD,55TH PLACE,0,33.75155278,-118.128588890,0,12,1,1,2,2,1,0,3,1,0,1,0,0000000,99,99,99,99,99,99,0,0,0,4,2
6,61434,2,2,0,3,65,1801,22,8,2010,1,5,50,0,15,6,BUNDY CYN,,0,33.62677778,-117.263580560,0,12,6,0,1,1,1,0,4,1,0,1,0,0000000,99,99,99,99,99,99,0,0,0,1,0
6,61435,1,1,0,2,1,1560,22,8,2010,1,6,15,0,15,6,WHITMAN ST,,0,37.64506944,-122.066822220,0,33,0,0,1,1,4,0,4,1,0,1,0,0000000,99,99,99,99,99,99,0,0,0,1,1
6,61436,1,1,0,1,37,2645,22,8,2010,1,11,14,0,13,6,COLUMBIA WAY,,0,34.64694167,-118.202013890,0,30,0,0,1,1,4,0,1,1,0,1,0,0000000,99,99,99,99,88,88,0,0,0,1,0
6,61437,3,3,0,6,65,1580,22,8,2010,1,16,41,0,14,6,WARREN RD,,0,33.72143333,-117.032641670,0,12,8,0,1,1,1,0,1,1,0,1,0,0000000,99,99,99,99,99,99,0,0,0,1,1
6,61438,2,2,0,4,113,980,22,8,2010,1,23,15,1,11,1,I-80,,25,38.55190000,-121.698205560,0,12,7,0,1,1,1,0,3,1,0,1,0,0000000,99,99,99,99,99,99,0,0,0,1,0
6,61439,1,1,0,3,59,80,22,8,2010,1,23,18,1,12,3,SR-57 RAMP,,159,33.85220000,-117.876016670,0,42,0,1,5,1,4,0,3,1,0,1,0,0000000,99,99,99,99,99,99,0,0,0,1,1
6,61440,1,1,0,1,43,0,22,8,2010,1,99,99,0,6,4,HAM COWARD RD,,0,37.71266111,-120.089241670,1,42,0,0,1,1,4,0,2,1,0,1,0,0000000,99,99,99,99,88,88,0,0,0,1,1
6,61441,2,2,0,2,65,0,23,8,2010,2,7,0,0,3,4,RAMONA PKWY,,0,33.82699167,-117.041233330,0,12,2,0,1,1,1,0,1,1,0,1,0,0000000,99,99,99,99,99,99,0,0,0,1,0
6,61442,1,1,0,1,73,3260,23,8,2010,2,14,17,0,15,6,MNT ACADIA PLACE,,0,32.79413611,-117.190205560,0,24,0,0,1,1,4,0,1,1,0,1,0,0000000,99,99,99,99,99,99,0,0,0,1,0
6,61443,2,2,0,4,107,0,23,8,2010,2,19,40,0,2,3,SR-137,ROAD 36,35,36.20332222,-119.493027780,0,12,6,0,2,2,1,0,5,1,0,1,0,0000000,99,99,99,99,99,99,0,0,0,1,1
6,61444,1,1,0,6,29,0,24,8,2010,3,2,10,1,2,3,SR-99,,313,35.44515000,-119.091469440,0,30,0,0,1,1,4,0,2,1,0,1,0,0000000,99,99,99,99,99,99,0,0,0,2,0
6,61445,1,1,0,3,1,1364,24,8,2010,3,10,33,1,11,1,I-880,,65,37.52392778,-121.990883330,0,59,0,0,1,1,3,0,1,1,0,1,0,0000000,99,99,99,99,99,99,0,0,0,1,0
6,61446,1,1,0,1,65,250,24,8,2010,3,13,40,1,11,1,I-10,,107,33.92610000,-116.923841670,0,35,0,0,1,1,4,0,1,1,0,1,0,0000000,99,99,99,99,88,88,0,0,0,1,0
6,61447,1,1,0,1,89,0,24,8,2010,3,13,45,0,4,4,HONEYBEE RD,,0,40.50242778,-122.450452780,0,1,0,0,1,1,4,0,1,1,0,1,0,0000000,99,99,99,99,99,99,0,0,0,1,0
6,61448,2,2,0,3,73,2340,24,8,2010,3,16,5,1,11,1,I-5 RAMP,,96,32.65167778,-117.098180560,0,25,0,1,5,1,4,0,1,1,0,1,0,0000000,99,99,99,99,99,99,14,0,0,2,0
6,61449,2,2,0,5,99,0,24,8,2010,3,18,15,0,4,4,LAS PALMAS AVE,ELM AVE,0,37.48683611,-121.096819440,0,12,6,0,2,2,1,0,1,1,0,1,0,0000000,99,99,99,99,99,99,0,0,0,4,1
6,61450,1,1,0,1,71,0,25,8,2010,4,5,30,0,2,3,SR-62,,1105,34.07977500,-114.792477780,0,1,0,0,1,1,1,0,1,1,0,1,0,0000000,99,99,99,99,99,99,0,0,0,1,0
6,61451,1,1,0,3,37,0,25,8,2010,4,13,29,0,4,4,MULHOLLAND HWY,,0,34.10195556,-118.693061110,0,34,0,0,1,1,4,0,1,1,0,1,0,0000000,99,99,99,99,99,99,0,0,0,2,0
6,61452,1,1,0,1,89,0,25,8,2010,4,15,7,0,3,4,OLD OREGON TRAIL,,0,40.69957778,-122.321588890,0,42,0,0,1,1,4,0,1,1,0,1,0,0000000,99,99,99,99,88,88,0,0,0,1,1
6,61453,1,1,0,1,111,2270,26,8,2010,5,3,25,0,13,6,TIERRA REJADA RD,,0,34.26342500,-118.885405560,0,42,0,0,1,1,3,0,3,1,0,1,0,0000000,99,99,99,99,88,88,0,0,0,1,1
6,61454,2,2,0,4,25,0,26,8,2010,5,10,7,0,2,3,SR-115,WORTHINGTON RD,124,32.84722222,-115.406169440,0,12,6,0,2,4,1,0,1,1,0,1,0,0000000,99,99,99,99,88,88,0,0,0,2,0
6,61455,1,1,0,1,37,3690,26,8,2010,5,18,20,0,13,6,GARFIELD AVE,LINCOLN AVENUE,0,33.91529167,-118.168913890,1,33,0,0,3,3,3,0,1,1,0,1,0,0000000,99,99,99,99,99,99,0,0,0,1,0
6,61456,1,1,0,1,85,0,27,8,2010,6,0,1,1,2,2,US-101,,4,36.92851944,-121.547180560,0,1,0,0,1,1,2,0,2,1,0,1,0,0000000,99,99,99,99,88,88,0,0,0,1,0
6,61457,2,1,0,1,65,2650,27,8,2010,6,6,42,0,15,6,AVENIDA CABALLEROS,,0,33.83564167,-116.536916670,0,14,0,0,1,1,7,0,4,1,0,1,0,0000000,99,99,99,99,99,99,0,0,0,1,0
6,61458,1,1,0,1,67,3150,27,8,2010,6,22,54,0,13,6,NORTHGATE BL,,0,38.63677222,-121.476508330,0,33,0,0,1,1,3,0,3,1,0,1,0,0000000,99,99,99,99,99,99,0,0,0,1,0
6,61459,1,1,0,1,73,3260,27,8,2010,6,22,54,1,11,1,I-8 RAMP,,199,32.75771111,-117.203750000,0,33,0,0,5,1,4,0,2,1,0,1,0,0000000,99,99,99,99,88,88,0,0,0,1,1
6,61460,1,1,0,2,89,0,28,8,2010,7,9,53,1,1,1,I-5 RAMP,,8,40.38711389,-122.285380560,0,42,0,0,5,1,4,0,1,10,2,2,0,0000000,99,99,99,99,99,99,0,0,0,1,1
6,61461,1,1,0,1,37,0,28,8,2010,7,10,37,0,4,4,COLIMA RD,CAMINO DEL SUR,0,33.97686111,-117.982900000,0,33,0,0,3,3,3,0,1,1,0,1,0,0000000,99,99,99,99,88,88,0,0,0,1,0
6,61462,2,2,0,2,65,2276,28,8,2010,7,12,45,1,12,3,SR-60,,134,33.94245000,-117.278630560,0,12,1,0,1,1,1,0,1,1,0,1,0,0000000,99,99,99,99,99,99,0,0,0,1,0
6,61463,2,2,0,6,37,1980,28,8,2010,7,16,20,0,16,6,ROSCOE BL,WOODLEY,0,34.22133056,-118.485255560,0,12,6,0,2,3,1,0,1,1,0,1,0,0000000,99,99,99,99,99,99,0,0,0,1,0
6,61464,1,1,0,4,77,3770,28,8,2010,7,17,53,0,16,6,GRANT RD,,0,37.95909444,-121.282013890,0,5,0,0,1,1,1,0,1,1,0,1,0,0000000,99,99,99,99,99,99,0,0,0,1,0
6,61465,1,1,0,1,33,0,28,8,2010,7,23,0,1,2,3,SR-29,,300,38.94246944,-122.776938890,0,35,0,0,1,1,4,0,2,1,0,1,0,0000000,99,99,99,99,88,88,0,0,0,1,1
6,61466,4,1,0,1,39,2050,28,8,2010,7,23,40,0,16,6,LIGHTHOUSE DR,MAINBERRY DR,0,36.96236667,-120.088216670,0,1,0,0,3,3,1,0,3,1,0,1,0,0000000,99,99,99,99,88,88,0,0,0,1,1
6,61467,2,2,0,6,59,80,29,8,2010,1,15,21,0,13,6,N ANAHEIM BL,E ADELE ST,0,33.83885833,-117.914972220,0,12,6,0,2,2,1,0,1,1,0,1,0,0000000,99,99,99,99,99,99,0,0,0,1,0
6,61468,1,1,0,1,71,1603,30,8,2010,2,5,16,1,11,1,I-15,,350,34.88336111,-116.982486110,0,32,0,0,1,1,10,0,2,1,0,1,0,0000000,99,99,99,99,88,88,0,0,0,1,0
6,61469,1,1,0,1,23,0,30,8,2010,2,6,42,0,2,3,SR-96,,377,41.29961111,-123.549730560,0,42,0,0,1,1,4,0,4,10,2,2,0,0000000,99,99,99,99,88,88,0,0,0,1,0
6,61470,2,2,0,2,97,3490,30,8,2010,2,10,37,0,15,6,RANGE AVE,W STEELE LANE,0,38.46019167,-122.732650000,0,12,6,0,2,2,1,0,1,1,0,1,0,0000000,99,99,99,99,88,88,0,0,0,1,0
6,61471,1,1,0,2,37,1695,30,8,2010,2,12,5,0,14,6,TURNBULL CYN RD,,0,34.01583611,-117.975294440,0,33,0,0,1,1,4,0,1,1,0,1,0,0000000,99,99,99,99,99,99,0,0,0,1,0
6,61472,1,1,0,5,71,0,30,8,2010,2,16,45,1,1,1,I-40,,872,34.74523056,-115.525038890,0,1,0,0,1,1,2,0,1,1,0,1,0,0000000,99,99,99,99,99,99,0,0,0,1,0