STATE,ST_CASE,VE_TOTAL,VE_FORMS,PEDS,PERSONS,COUNTY,CITY,DAY,MONTH,YEAR,DAY_WEEK,HOUR,MINUTE,NHS,ROAD_FNC,ROUTE,TWAY_ID,TWAY_ID2,MILEPT,LATITUDE,LONGITUD,SP_JUR,HARM_EV,MAN_COLL,RELJCT1,RELJCT2,TYP_INT,REL_ROAD,WRK_ZONE,LGT_COND,WEATHER1,WEATHER2,WEATHER,SCH_BUS,RAIL,NOT_HOUR,NOT_MIN,ARR_HOUR,ARR_MIN,HOSP_HR,HOSP_MN,CF1,CF2,CF3,FATALS,DRUNK_DR
6,61473,1,1,0,1,51,0,30,8,2010,2,99,99,0,6,4,FISH SLOUGH RD,,0,37.50695000,-118.415311110,0,35,0,0,1,1,4,0,9,1,0,1,0,0000000,99,99,99,99,88,88,19,0,0,1,0
6,61474,2,2,0,2,71,2550,31,8,2010,3,1,11,1,2,3,SR-71,,19,34.00071111,-117.724150000,0,12,6,1,18,1,1,0,3,1,0,1,0,0000000,99,99,99,99,99,99,19,0,0,1,0
6,61475,2,2,0,3,71,2550,31,8,2010,3,11,19,0,13,6,MOUNTAIN AVE,,0,34.03048333,-117.667636110,0,12,6,0,8,1,1,0,1,1,0,1,0,0000000,99,99,99,99,99,99,0,0,0,1,0
6,61476,4,4,0,5,65,3070,31,8,2010,3,13,25,1,12,3,SR-60,,120,33.99470000,-117.360672220,0,12,1,0,1,1,1,0,1,1,0,1,0,0000000,99,99,99,99,88,88,0,0,0,1,0
6,61477,2,2,0,2,37,4190,31,8,2010,3,17,26,0,13,6,CARMENITA RD,MOLETTE ST,0,33.92731944,-118.046486110,0,12,6,0,2,3,1,0,1,1,0,1,0,0000000,99,99,99,99,88,88,0,0,0,1,0
6,61478,1,1,0,1,105,0,31,8,2010,3,18,45,0,2,3,SR-3,,561,40.93303333,-122.757002780,0,42,0,0,1,1,4,0,1,1,0,1,0,0000000,99,99,99,99,88,88,0,0,0,1,0
6,61479,1,1,0,2,67,3150,31,8,2010,3,19,15,0,13,6,FLORIN RD,24TH STREET,0,38.49578056,-121.482783330,0,6,0,0,2,8,1,0,5,1,0,1,0,0000000,99,99,99,99,99,99,0,0,0,1,0
6,61480,2,2,0,2,65,2730,26,6,2010,7,11,21,0,14,6,ORANGE AVE,KINGMAN ST,0,33.81561111,-117.222555560,0,12,6,0,2,3,1,0,1,1,0,1,0,0000000,11,21,99,99,99,99,0,0,0,2,1
6,61481,2,2,0,2,37,2929,15,8,2010,1,9,20,0,13,6,PALO VERDES DR W,,0,33.80390000,-118.390516670,0,12,6,0,8,1,1,0,1,10,0,10,0,0000000,99,99,9,33,88,88,0,0,0,1,0
6,61482,1,1,1,1,73,3260,17,8,2010,3,23,54,1,11,1,I-5,,192,32.74845000,-117.194800000,0,8,0,0,1,1,1,0,2,1,0,1,0,0000000,99,99,99,99,88,88,0,0,0,1,0
6,61483,2,2,0,4,79,0,18,8,2010,4,14,14,0,2,3,SR-1,,380,35.45381944,-120.951705560,0,12,2,0,1,1,1,0,1,1,0,1,0,0000000,99,99,99,99,99,99,0,0,0,1,0
6,61484,2,2,1,3,7,0,18,8,2010,4,20,25,0,4,4,RICETON HWY,,0,39.44218889,-121.726050000,0,12,7,0,1,1,1,0,2,1,0,1,0,0000000,99,99,99,99,99,99,23,0,0,1,0
6,61485,1,1,2,2,83,3460,25,8,2010,4,13,19,1,13,3,SR-135,MCELHANEY AVE,164,34.96221667,-120.435686110,0,8,0,1,3,2,1,0,1,1,0,1,0,0000000,13,19,99,99,99,99,0,0,0,1,0
6,61486,2,2,0,3,81,3390,1,9,2010,4,14,27,0,16,6,SAN MATEO DR,ST MATTHEWS AVE,0,37.56720278,-122.327130560,0,12,99,0,3,3,1,0,1,1,0,1,0,0000000,14,28,14,32,99,99,0,0,0,1,0
6,61487,1,1,0,5,65,0,1,9,2010,4,15,35,1,1,1,I-10,,266,33.92160556,-116.655622220,0,1,0,0,1,1,4,0,1,1,0,1,0,0000000,99,99,99,99,99,99,0,0,0,1,0
6,61488,1,1,1,2,75,3290,1,9,2010,4,17,0,0,15,6,BAY SHORE BL,BACON ST,0,37.72798889,-122.402238890,0,8,0,0,3,2,1,0,1,1,0,1,0,0000000,99,99,99,99,99,99,0,0,0,1,0
6,61489,1,1,1,1,99,0,1,9,2010,4,19,15,0,6,4,FULKERTH RD,,0,37.50732500,-120.966050000,0,9,0,0,1,1,1,0,1,1,0,1,0,0000000,99,99,99,99,88,88,0,0,0,1,0
6,61490,2,2,0,2,29,0,1,9,2010,4,22,49,0,3,4,PANAMA RD,S FAIRFAX RD,0,35.26695556,-118.932016670,0,12,6,0,2,2,1,0,2,1,0,1,0,0000000,99,99,99,99,88,88,0,0,0,1,1
6,61491,1,1,1,3,67,1108,21,9,2010,3,7,28,0,14,6,SHELDON RD,LEWIS STEIN RD,0,38.43792500,-121.408688890,0,9,0,0,2,2,1,0,1,1,0,1,0,0000000,99,99,99,99,99,99,0,0,0,1,0
6,61492,1,1,0,2,37,1980,4,9,2010,7,8,57,1,11,1,I-5,,443,34.31916944,-118.493780560,0,25,0,1,19,1,3,0,1,1,0,1,0,0000000,8,57,99,99,99,99,0,0,0,1,0
6,61493,1,1,0,2,77,0,4,9,2010,7,19,42,0,2,3,SR-4,,45,37.89051111,-121.487911110,0,38,0,0,8,1,4,0,5,1,0,1,0,0000000,19,47,99,99,99,99,0,0,0,1,1
6,61494,1,1,1,1,59,0,10,9,2010,6,15,54,0,14,6,NEWLAND ST,LOMOND DR,0,33.65230278,-117.979622220,0,8,0,0,3,3,1,0,1,1,0,1,0,0000000,99,99,99,99,16,12,0,0,0,1,0
6,61495,1,1,1,1,73,1200,10,9,2010,6,19,47,0,13,6,VALLEY PKWY,FIG ST,0,33.12730278,-117.073927780,0,15,0,0,3,2,1,0,3,1,0,1,0,0000000,99,99,99,99,99,99,0,0,0,1,0
6,61496,1,1,1,2,65,0,11,9,2010,7,3,4,0,2,3,SR-371,,690,33.55012222,-116.713491670,0,8,0,0,1,1,1,0,2,1,0,1,0,0000000,99,99,99,99,88,88,0,0,0,1,0
6,61497,1,1,1,1,29,240,11,9,2010,7,17,9,0,14,6,E BRUNDAGE LN,,0,35.35391944,-118.996461110,0,8,0,0,1,1,1,0,1,1,0,1,0,0000000,99,99,99,99,99,99,0,0,0,1,0
6,61498,1,1,1,1,99,2200,12,9,2010,1,21,49,0,13,6,SCENIC DR,,0,37.64776111,-120.979127780,0,9,0,0,1,1,1,0,3,1,0,1,0,0000000,99,99,21,50,99,99,0,0,0,1,0
6,61499,1,1,1,1,85,3340,21,9,2010,3,6,51,0,15,6,LOS ESTEROS RD,,0,37.43113056,-121.960644440,0,9,0,0,1,1,2,0,1,10,0,10,0,0000000,99,99,99,99,99,98,0,0,0,1,0
6,61500,1,1,0,3,71,0,3,8,2010,3,1,15,0,4,4,LONE PINE CYN RD,,0,34.33847500,-117.601861110,0,41,0,0,1,1,5,0,2,1,0,1,0,0000000,99,99,99,99,99,99,0,0,0,1,1
6,61501,2,2,0,3,71,0,4,9,2010,7,21,45,1,11,1,I-15,,1780,35.49380000,-115.439444440,0,12,1,0,1,1,1,0,2,1,0,1,0,0000000,21,50,99,99,88,88,0,0,0,1,1
6,61502,2,2,0,3,59,2560,8,9,2010,4,17,11,0,13,6,S TUSTIN ST,,0,33.78567500,-117.835794440,0,12,6,0,8,1,1,0,1,1,0,1,0,0000000,99,99,99,99,99,99,0,0,0,1,1
6,61503,1,1,1,1,59,80,9,9,2010,5,11,31,0,13,6,W LINCOLN AVE,,0,33.83226111,-117.945591670,0,8,0,0,1,1,1,0,1,1,0,1,0,0000000,99,99,99,99,99,99,0,0,0,1,0
6,61504,2,2,0,3,37,1430,15,9,2010,4,10,47,0,14,6,CENTRAL AVE,DORAN ST,0,34.15453889,-118.257941670,0,12,6,0,2,3,1,0,1,1,0,1,0,0000000,99,99,99,99,99,99,0,0,0,2,0
6,61505,1,1,1,1,37,1430,15,9,2010,4,18,37,0,16,6,CALIFORNIA AVE,COLUMBUS AVE,0,34.14983056,-118.261430560,0,8,0,0,3,2,1,0,1,1,0,1,0,0000000,99,99,18,42,99,99,0,0,0,1,0
6,61506,1,1,1,1,87,0,15,9,2010,4,19,44,0,4,4,GREEN VALLEY RD,MINTO RD,0,36.95135833,-121.764930560,0,8,0,0,3,3,1,0,5,1,0,1,0,0000000,19,46,99,99,88,88,0,0,0,1,0
6,61507,1,1,0,1,37,4124,16,9,2010,5,5,45,0,13,6,LA BREA AVE,,0,34.08941667,-118.344125000,0,31,0,0,1,1,4,0,4,1,0,1,0,0000000,99,99,99,99,88,88,0,0,0,1,1
6,61508,1,1,1,1,53,2250,16,9,2010,5,5,59,0,13,6,DEL MONTE AVE,PACIFIC ST,0,36.60088611,-121.895563890,0,8,0,0,3,4,1,0,3,5,0,5,0,0000000,99,99,99,99,99,99,0,0,0,1,0
6,61509,1,1,1,1,67,3150,16,9,2010,5,7,5,0,15,6,NORTH PARK DR,BANFIELD DR,0,38.66559722,-121.510608330,0,8,0,0,3,3,1,0,4,1,0,1,0,0000000,99,99,99,99,99,99,0,0,0,1,0
6,61510,1,1,2,1,37,0,30,8,2010,2,20,9,0,6,4,ANTELOPE WOODS RD,,0,34.49255000,-118.190588890,0,8,0,0,1,1,1,0,2,1,0,1,0,0000000,99,99,99,99,99,99,0,0,0,2,0
6,61511,1,1,1,1,77,0,1,9,2010,4,5,43,0,4,4,N 99 FORNTAGE ROAD,,0,38.16791111,-121.262080560,0,8,0,0,1,1,1,0,2,1,0,1,0,0000000,99,99,99,99,99,99,0,0,0,1,0
6,61512,1,1,0,1,17,0,1,9,2010,4,23,0,0,6,4,NORTH CYN RD,,0,38.75247500,-120.686886110,0,31,0,0,1,1,4,0,2,1,0,1,0,0000000,99,99,99,99,88,88,0,0,0,1,0
6,61513,1,1,0,1,85,0,1,9,2010,4,99,99,1,2,2,US-101,,5,36.92851944,-121.547180560,0,42,0,0,1,1,4,0,2,1,0,1,0,0000000,99,99,99,99,88,88,0,0,0,1,0
6,61514,1,1,0,1,67,0,2,8,2010,2,18,4,1,1,1,I-5,,34,38.29955000,-121.460630560,0,38,0,0,1,1,4,0,1,1,0,1,0,0000000,99,99,99,99,88,88,0,0,0,1,0
6,61515,1,1,0,5,97,0,3,8,2010,3,5,8,0,4,4,GUERNEVILLE RD,,0,38.45243056,-122.822341670,0,43,0,0,1,1,4,0,2,10,0,10,0,0000000,99,99,99,99,99,99,0,0,0,1,0
6,61516,1,1,0,1,29,0,4,8,2010,4,99,99,1,2,2,US-395,,51,35.43241111,-117.671780560,0,1,0,0,1,1,4,0,2,1,0,1,0,0000000,99,99,99,99,88,88,0,0,0,1,1
6,61517,1,1,0,1,37,1980,6,8,2010,6,21,20,0,13,6,KATELLA AVE,SIBONEY ST,0,33.80307778,-118.043752780,0,33,0,0,3,2,3,0,3,1,0,1,0,0000000,99,99,99,99,99,99,0,0,0,1,1
6,61518,1,1,0,1,73,3260,7,8,2010,7,2,51,0,13,6,COLLEGE AVE,,0,32.77260833,-117.070055560,0,33,0,0,1,1,3,0,3,1,0,1,0,0000000,99,99,99,99,99,99,0,0,0,1,1
6,61519,2,2,0,2,37,0,7,8,2010,7,19,26,0,3,4,WILMINGTON AVE,124TH ST,0,33.92011111,-118.239061110,0,12,6,0,2,2,1,0,1,1,0,1,0,0000000,99,99,99,99,99,99,0,0,0,1,1
6,61520,1,1,0,1,55,0,7,8,2010,7,19,30,0,2,3,SR-29,,478,38.66885000,-122.588130560,0,1,0,0,1,1,1,0,5,1,0,1,0,0000000,99,99,99,99,99,99,0,0,0,1,0
6,61521,1,1,0,1,37,1980,8,8,2010,1,0,34,1,11,1,I-5 RAMP,,395,34.26805000,-118.437338890,0,1,0,1,5,1,8,0,3,1,0,1,0,0000000,99,99,99,99,99,99,0,0,0,1,1
6,61522,1,1,0,2,37,1400,8,8,2010,1,4,1,0,13,6,ROSECRANS AVE,,0,33.90191944,-118.311558330,0,33,0,0,1,1,4,0,3,1,0,1,0,0000000,99,99,99,99,99,99,0,0,0,2,1
6,61523,1,1,0,1,67,3150,8,8,2010,1,6,45,1,11,1,I-5,,222,38.56571944,-121.512911110,0,24,0,1,5,1,4,0,1,1,0,1,0,0000000,99,99,99,99,99,99,0,0,0,1,0
6,61524,1,1,0,1,71,3210,10,8,2010,3,10,28,0,15,6,ORANGE SHOW RD,I-215 RAMP,0,34.07861944,-117.295830560,0,33,0,1,3,2,4,0,1,1,0,1,0,0000000,99,99,99,99,88,88,0,0,0,1,0
6,61525,1,1,0,1,81,0,12,8,2010,5,0,40,0,4,4,PAGE MILL RD,,0,37.32275000,-122.187361110,0,38,0,0,1,1,4,0,2,1,0,1,0,0000000,99,99,99,99,99,99,0,0,0,1,0
6,61526,1,1,0,1,95,4020,12,8,2010,5,2,41,0,14,6,ASCOT PKWY,,0,38.11459444,-122.201122220,0,42,0,0,1,1,4,0,3,1,0,1,0,0000000,99,99,99,99,88,88,0,0,0,1,1
6,61527,1,1,0,1,73,0,12,8,2010,5,99,99,0,4,4,DOS PICOS PARK RD,,0,32.99963056,-116.939911110,0,33,0,0,1,1,4,0,2,1,0,1,0,0000000,99,99,99,99,88,88,0,0,0,1,0
6,61528,1,1,0,8,47,0,13,8,2010,6,4,5,1,1,1,I-5,,251,37.14706111,-121.043700000,0,33,0,0,1,1,4,0,2,1,0,1,0,0000000,99,99,99,99,99,99,0,0,0,1,0
6,61529,2,2,0,2,47,0,13,8,2010,6,6,2,0,2,3,SR-140,WHITWORTH RD,32,37.24583056,-121.030861110,0,12,6,0,2,2,1,0,4,1,0,1,0,0000000,99,99,99,99,88,88,0,0,0,1,1
6,61530,1,1,0,1,85,3340,13,8,2010,6,14,30,0,12,3,SR-85,,20,37.24296111,-121.803950000,0,31,0,0,1,1,8,0,1,1,0,1,0,0000000,99,99,99,99,99,99,0,0,0,1,0
6,61531,2,2,0,2,67,0,13,8,2010,6,16,54,0,3,4,WALERGA RD,,0,38.68296667,-121.363763890,0,12,2,0,1,1,1,0,1,1,0,1,0,0000000,99,99,99,99,99,99,0,0,0,1,0
6,61532,1,1,0,2,99,0,13,8,2010,6,19,0,0,4,4,ORANGE BLOSSOM RD,,0,37.78233889,-120.767000000,0,1,0,0,1,1,1,0,1,1,0,1,0,0000000,99,99,99,99,99,99,0,0,0,1,1
6,61533,1,1,0,1,93,0,13,8,2010,6,99,99,0,6,4,SALMON RIVER RD,,0,41.32782500,-123.377966670,0,58,0,0,1,1,6,0,2,1,0,1,0,0000000,99,99,99,99,88,88,0,0,0,1,1
6,61534,1,1,0,1,37,1980,14,8,2010,7,0,20,0,13,6,ADAMS BL,I-110 RAMP,0,34.02731944,-118.274155560,0,25,0,1,3,3,4,0,3,1,0,1,0,0000000,99,99,99,99,88,88,0,0,0,1,1
6,61535,1,1,0,1,71,0,14,8,2010,7,1,23,0,6,4,BEEKLEY RD,SACRAMENTO RD,0,34.47725000,-117.590630560,0,35,0,0,3,3,4,0,2,1,0,1,0,0000000,99,99,99,99,99,99,0,0,0,1,1
6,61536,1,1,0,1,65,0,14,8,2010,7,2,11,0,6,4,ALEXANDER ST,,0,33.83940000,-117.305088890,0,30,0,0,1,1,4,0,2,1,0,1,0,0000000,99,99,99,99,99,99,0,0,0,1,1
6,61537,1,1,0,1,73,1080,14,8,2010,7,2,15,0,12,3,SR-67,,5,32.80533889,-116.961811110,0,38,0,0,1,1,4,0,3,1,0,1,0,0000000,99,99,99,99,88,88,0,0,0,1,1
6,61538,2,2,0,3,67,3150,14,8,2010,7,2,40,1,12,3,SR-99,,238,38.55136111,-121.473819440,0,12,1,0,1,1,1,0,3,1,0,1,0,0000000,99,99,99,99,88,88,0,0,0,1,1
6,61539,3,3,0,7,43,0,14,8,2010,7,15,10,1,2,3,SR-140,,300,37.56145278,-119.936252780,0,12,8,0,1,1,1,0,1,1,0,1,0,0000000,99,99,99,99,99,99,0,0,0,3,0
6,61540,1,1,0,2,29,0,14,8,2010,7,15,13,1,1,1,I-5,,786,35.68546944,-119.704619440,0,1,0,0,1,1,1,0,1,1,0,1,0,0000000,99,99,99,99,99,99,0,0,0,1,0
6,61541,2,2,0,8,65,0,14,8,2010,7,20,12,0,4,4,JACKSON ST,53RD AVE,0,33.66380000,-116.216480560,0,12,6,0,2,2,1,0,2,1,0,1,0,0000000,99,99,99,99,99,99,0,0,0,1,0
6,61542,1,1,0,1,29,0,14,8,2010,7,20,15,0,3,4,NORRIS RD,,0,35.42201111,-119.061600000,0,21,0,0,1,1,4,0,3,1,0,1,0,0000000,99,99,99,99,99,99,0,0,0,1,0
6,61543,1,1,0,2,17,0,14,8,2010,7,22,35,0,6,4,OAK HILL RD,,0,38.64318889,-120.783688890,0,38,0,0,1,1,4,0,2,1,0,1,0,0000000,99,99,99,99,99,99,0,0,0,1,1
6,61544,1,1,0,1,5,0,15,8,2010,1,13,50,1,2,3,SR-88,,184,38.37055000,-120.711180560,0,42,0,0,1,1,4,0,1,1,0,1,0,0000000,99,99,99,99,99,99,0,0,0,1,0
6,61545,1,1,0,3,1,0,15,8,2010,1,17,58,1,11,1,I-580,,315,37.69658056,-122.105519440,0,41,0,0,1,1,3,0,1,1,0,1,0,0000000,99,99,99,99,99,99,0,0,0,1,1
6,61546,1,1,0,1,79,0,15,8,2010,1,19,5,1,2,2,US-101,,368,35.37118889,-120.640761110,0,24,0,0,1,1,3,0,1,1,0,1,0,0000000,99,99,99,99,99,99,0,0,0,1,0
6,61547,1,1,0,8,13,975,15,8,2010,1,23,45,0,16,6,GLEN RD,,0,37.82863611,-122.008758330,0,5,0,0,1,1,1,0,2,1,0,1,0,0000000,99,99,99,99,88,88,0,0,0,1,0
6,61548,1,1,0,1,63,0,16,8,2010,2,5,55,0,2,3,SR-89,,139,40.07730000,-120.935525000,0,24,0,0,1,1,4,0,4,1,0,1,0,0000000,99,99,99,99,88,88,0,0,0,1,0
6,61549,1,1,0,1,111,0,16,8,2010,2,16,33,0,2,3,SR-1,,35,34.06641944,-118.998800000,0,1,0,0,1,1,4,0,1,1,0,1,0,0000000,99,99,99,99,88,88,0,0,0,1,0
6,61550,2,2,0,3,85,0,17,8,2010,3,10,26,0,6,4,COLUMBET AVE,E MIDDLE AVE,0,37.10798056,-121.601180560,0,12,6,0,2,2,1,0,1,1,0,1,0,0000000,99,99,99,99,99,99,0,0,0,1,0
6,61551,2,2,0,5,65,0,18,8,2010,4,13,50,0,6,4,HANSEN AVE,,0,33.81961944,-117.116788890,0,12,6,0,1,1,1,0,1,1,0,1,0,0000000,99,99,99,99,99,99,0,0,0,1,0
6,61552,1,1,0,1,29,0,18,8,2010,4,19,27,1,2,3,SR-46,,197,35.61477778,-119.881825000,0,38,0,0,1,1,4,0,1,1,0,1,0,0000000,99,99,99,99,99,99,0,0,0,1,0
6,61553,3,2,0,3,37,1980,19,8,2010,5,0,43,0,15,6,EL SEGUNDO BL,HOOVER ST,0,33.91605000,-118.287736110,0,12,6,0,2,2,1,0,3,1,0,1,0,0000000,99,99,99,99,99,99,14,20,0,1,1
6,61554,1,1,0,2,47,2150,19,8,2010,5,1,30,0,15,6,WHITE ROCK RD,,0,37.16948056,-120.201969440,0,38,0,0,1,1,4,0,2,1,0,1,0,0000000,99,99,99,99,99,98,0,0,0,1,1
6,61555,2,2,0,3,53,0,19,8,2010,5,7,45,0,4,4,SAN JUAN RD,,0,36.89784722,-121.684786110,0,12,2,0,1,1,1,0,1,10,0,10,0,0000000,99,99,99,99,99,99,0,0,0,1,0
6,61556,1,1,0,1,65,1580,20,8,2010,6,3,38,0,16,6,DOMENIGONI PKWY,,0,33.71375556,-117.002977780,0,41,0,0,1,1,4,0,2,1,0,1,0,0000000,99,99,99,99,88,88,0,0,0,1,1
6,61557,1,1,0,1,65,0,20,8,2010,6,13,24,1,1,1,I-15,,323,33.78266111,-117.490775000,0,30,0,0,1,1,5,0,1,1,0,1,0,0000000,99,99,99,99,88,88,0,0,0,1,0
6,61558,1,1,0,5,47,0,20,8,2010,6,14,21,1,2,3,SR-152,,370,37.05533889,-120.550425000,0,1,0,0,1,1,1,0,1,1,0,1,0,0000000,99,99,99,99,99,99,0,0,0,1,0
6,61559,6,6,0,10,73,3260,20,8,2010,6,21,9,0,16,6,CAMINO DEL NORTE,CARMEL MOUNTAIN RD,0,32.99063056,-117.072083330,0,12,1,0,3,2,1,0,3,1,0,1,0,0000000,99,99,99,99,99,99,0,0,0,1,1
6,61560,1,1,0,1,59,0,21,8,2010,7,11,30,0,2,3,SR-74,,160,33.59692778,-117.463697220,0,1,0,0,1,1,4,0,1,1,0,1,0,0000000,99,99,99,99,88,88,0,0,0,1,0
6,61561,2,2,0,4,59,80,21,8,2010,7,16,5,1,12,3,SR-91,,113,33.85435000,-117.795550000,0,12,1,0,1,1,1,0,1,1,0,1,0,0000000,99,99,99,99,99,99,0,0,0,1,0
6,61562,1,1,0,1,61,0,21,8,2010,7,20,20,0,5,4,ROLLINS LAKE RD,,0,39.13478611,-120.940811110,0,1,0,0,1,1,1,0,5,1,0,1,0,0000000,99,99,99,99,99,99,0,0,0,1,1
6,61563,1,1,0,1,13,460,21,8,2010,7,23,50,0,13,6,HWY 4,,0,37.95277500,-121.696177780,0,18,0,0,1,1,2,0,2,1,0,1,0,0000000,99,99,99,99,99,99,0,0,0,1,1
6,61564,1,1,2,1,19,1370,12,9,2010,1,14,29,0,14,6,N PARKWAY DR,,0,36.75476944,-119.828538890,0,33,0,0,1,1,4,0,1,1,0,1,0,0000000,99,99,99,99,99,99,0,0,0,1,0
6,61565,1,1,1,1,39,2050,21,9,2010,3,18,46,0,14,6,OLIVE AVE,MARTIN ST,0,36.95292778,-120.059166670,0,8,0,0,3,3,1,0,5,1,0,1,0,0000000,99,99,99,99,99,99,0,0,0,1,0
6,61566,1,1,0,1,7,660,22,9,2010,4,7,18,0,14,6,E 20TH ST,,0,39.72731111,-121.795100000,0,33,0,0,1,1,3,0,1,1,0,1,0,0000000,99,99,99,99,88,88,0,0,0,1,0
6,61567,1,1,1,1,37,1400,22,9,2010,4,5,43,0,14,6,135TH ST,,0,33.90918889,-118.301322220,0,8,0,0,1,1,1,0,3,1,0,1,0,0000000,99,99,99,99,99,99,0,0,0,1,0
6,61568,1,1,1,2,65,4197,22,9,2010,4,20,7,0,14,6,MISSION TRL,ELBERTA RD,0,33.64877500,-117.294827780,0,9,0,0,3,3,1,0,2,1,0,1,0,0000000,99,99,99,99,88,88,0,0,0,1,0
6,61569,1,1,1,1,95,0,24,9,2010,6,0,54,1,1,1,I-505,,32,38.41946111,-121.943919440,0,9,0,0,1,1,1,0,2,1,0,1,0,0000000,99,99,99,99,88,88,0,0,0,1,0
6,61570,1,1,1,1,53,0,24,9,2010,6,5,50,0,6,4,CATTLEMEN RD,,0,36.14341944,-121.037650000,0,8,0,0,1,1,1,0,2,1,0,1,0,0000000,99,99,99,99,99,98,0,0,0,1,0
6,61571,1,1,1,1,115,0,24,9,2010,6,19,30,1,2,3,SR-70,RAMIREZ RD,229,39.26493889,-121.597111110,0,8,0,0,3,3,1,0,2,1,0,1,0,0000000,99,99,99,99,99,98,0,0,0,1,0
6,61572,1,1,0,6,59,3420,7,9,2010,3,7,9,0,12,3,SR-57 RAMP,LA VETA AVE,111,33.78035278,-117.878766670,0,5,0,1,2,3,1,0,4,1,0,1,0,0000000,99,99,99,99,99,99,0,0,0,1,0
6,61573,2,2,0,6,83,0,8,9,2010,4,22,28,0,2,3,SR-154,,177,34.55768889,-119.912819440,0,12,2,0,1,1,1,0,2,10,0,10,0,0000000,99,99,99,99,99,99,0,0,0,1,0
6,61574,1,1,1,1,67,0,9,9,2010,5,19,55,0,6,4,PALMERSON DR,BRIMSTONE DR,0,38.72347222,-121.344741670,0,8,0,0,3,3,1,0,3,1,0,1,0,0000000,99,99,99,99,99,99,0,0,0,1,0
6,61575,3,3,0,3,19,0,13,9,2010,2,17,23,1,2,3,SR-41,ELKHORN AVE,61,36.48892222,-119.789813890,0,12,1,0,3,2,1,0,1,1,0,1,0,0000000,99,99,99,99,99,99,14,0,0,1,0
6,61576,2,1,1,1,15,0,14,9,2010,3,13,55,1,2,2,US-199,,30,41.81154444,-124.104797220,0,8,0,0,1,1,1,0,1,1,0,1,0,0000000,99,99,99,99,99,99,0,0,0,1,0
6,61577,2,2,3,2,59,1660,7,9,2010,3,9,56,0,15,6,SPRINGDALE,CROUPIER,0,33.75207500,-118.024488890,0,12,1,0,3,3,1,0,1,10,0,10,0,0000000,99,99,99,99,99,99,0,0,0,1,0
6,61578,1,1,1,1,71,0,24,9,2010,6,20,45,0,2,3,SR-247,,386,34.43958333,-116.841530560,0,9,0,0,1,1,1,0,2,1,0,1,0,0000000,99,99,99,99,88,88,0,0,0,1,0
6,61579,2,2,0,2,37,1970,25,9,2010,7,10,31,0,14,6,REDONDO AVE,HILL ST,0,33.79692778,-118.151458330,0,12,6,0,2,3,1,0,1,1,0,1,0,0000000,99,99,99,99,99,99,0,0,0,1,0
6,61580,1,1,1,1,107,0,25,9,2010,7,19,30,0,6,4,ROAD 104,,0,36.55663611,-119.340705560,0,8,0,0,1,1,1,0,2,1,0,1,0,0000000,99,99,99,99,99,99,0,0,0,1,0
6,61581,1,1,1,1,39,2050,25,9,2010,7,20,0,0,15,6,6TH ST,A ST,0,36.96368611,-120.054344440,0,8,0,0,3,2,1,0,3,1,0,1,0,0000000,99,99,99,99,99,99,0,0,0,1,0
6,61582,1,1,1,5,37,230,26,9,2010,1,6,53,0,13,6,FOOTHILL BL,,0,34.13337778,-117.904188890,0,8,0,0,1,1,1,0,1,1,0,1,0,0000000,99,99,99,99,99,99,0,0,0,1,0
6,61583,1,1,0,4,37,1980,26,9,2010,1,8,58,1,12,2,US-101,,231,34.17268333,-118.568058330,0,25,0,0,1,1,3,0,1,1,0,1,0,0000000,99,99,99,99,99,99,0,0,0,1,0
6,61584,1,1,1,1,37,1980,26,9,2010,1,16,55,0,13,6,WASHINGTON BL,CRENSHAW BL,0,34.03964444,-118.331058330,0,9,0,0,2,2,1,0,1,1,0,1,0,0000000,99,99,99,99,99,99,0,0,0,1,0
6,61585,3,3,0,6,19,1370,26,9,2010,1,17,49,0,6,6,E CHAMPLAIN DR,E SHEPHERD AVE,0,36.86609444,-119.756855560,0,12,6,0,2,2,1,0,1,1,0,1,0,0000000,99,99,99,99,99,99,0,0,0,1,0
6,61586,2,2,0,2,37,2684,27,9,2010,2,2,25,0,13,6,GARFIELD AVE,SOMERSET RANCH RD,0,33.91006667,-118.168944440,0,12,6,0,2,2,1,0,3,1,0,1,0,0000000,99,99,99,99,88,88,0,0,0,1,0
6,61587,1,1,1,1,73,3260,9,9,2010,5,0,57,0,12,3,SR-163,,46,32.77415000,-117.161319440,0,8,0,0,1,1,1,0,2,1,0,1,0,0000000,99,99,99,99,88,88,0,0,0,1,1