STATE,ST_CASE,VE_TOTAL,VE_FORMS,PEDS,PERSONS,COUNTY,CITY,DAY,MONTH,YEAR,DAY_WEEK,HOUR,MINUTE,NHS,ROAD_FNC,ROUTE,TWAY_ID,TWAY_ID2,MILEPT,LATITUDE,LONGITUD,SP_JUR,HARM_EV,MAN_COLL,RELJCT1,RELJCT2,TYP_INT,REL_ROAD,WRK_ZONE,LGT_COND,WEATHER1,WEATHER2,WEATHER,SCH_BUS,RAIL,NOT_HOUR,NOT_MIN,ARR_HOUR,ARR_MIN,HOSP_HR,HOSP_MN,CF1,CF2,CF3,FATALS,DRUNK_DR
6,61588,1,1,1,1,33,0,9,9,2010,5,3,10,0,2,3,SR-20,LUCERNE ROAD,105,39.15043056,-122.888519440,0,15,0,0,3,1,1,0,2,10,0,10,0,0000000,99,99,99,99,88,88,0,0,0,1,0
6,61589,1,1,1,5,81,2170,9,9,2010,5,8,12,0,16,6,RICHMOND DR,LAUREL AVE,0,37.60158056,-122.400722220,0,8,0,0,3,2,1,0,1,1,0,1,0,0000000,99,99,99,99,99,99,4,0,0,1,0
6,61590,1,1,1,1,37,0,13,9,2010,2,18,45,0,2,4,WHITTIER BL,GAGE AVE,0,34.02392222,-118.173930560,0,8,0,0,3,2,1,0,1,1,0,1,0,0000000,99,99,99,99,99,99,0,0,0,1,0
6,61591,1,1,1,1,37,2054,17,9,2010,6,17,59,0,13,3,SR-1,,417,34.37838611,-118.611338890,0,8,0,0,1,1,1,0,1,1,0,1,0,0000000,99,99,99,99,99,99,0,0,0,1,0
6,61592,1,1,1,2,67,0,20,7,2010,3,10,26,0,2,4,FAIR OAKS BL,,0,38.63676111,-121.320269440,0,9,0,0,1,1,1,0,1,1,0,1,0,0000000,99,99,99,99,99,99,16,0,0,1,0
6,61593,1,1,1,5,71,0,26,7,2010,2,20,26,0,2,3,SR-18,,753,34.44371667,-116.977100000,0,8,0,0,1,1,1,0,5,1,0,1,0,0000000,99,99,99,99,88,88,19,0,0,1,0
6,61594,1,1,1,5,73,1200,31,7,2010,7,20,49,0,13,3,SR-78,PARK AVE,179,33.12870000,-117.084622220,0,8,0,0,3,3,1,0,3,1,0,1,0,0000000,99,99,99,99,99,99,0,0,0,1,0
6,61595,1,1,0,1,11,0,1,8,2010,1,4,30,0,4,4,MAXWELL SITES RD,,0,39.27600000,-122.274261110,0,42,0,0,1,1,4,0,2,1,0,1,0,0000000,99,99,99,99,88,88,0,0,0,1,1
6,61596,1,1,1,2,111,2530,1,8,2010,1,18,25,0,14,6,CUYAMA RD,DEL NORTE RD,0,34.44491389,-119.260152780,0,15,0,0,3,4,1,0,1,1,0,1,0,0000000,0,0,0,0,99,99,0,0,0,1,0
6,61597,1,1,1,1,37,1440,3,8,2010,3,7,30,0,15,6,BENNETT AVE,VISTA BONITA AVE,0,34.13967778,-117.864141670,0,8,0,0,3,2,1,0,1,1,0,1,0,0000000,99,99,99,99,99,99,0,0,0,1,0
6,61598,1,1,1,3,99,0,5,8,2010,5,20,50,0,4,4,CENTRAL AVE,,0,37.43778889,-120.958319440,0,8,0,0,1,1,1,0,2,1,0,1,0,0000000,99,99,99,99,88,88,0,0,0,1,0
6,61599,1,1,1,1,67,3150,6,8,2010,6,17,20,0,13,6,MACK RD,,0,38.47419722,-121.435113890,0,8,0,0,1,1,1,0,1,1,0,1,0,0000000,99,99,99,99,99,99,0,0,0,1,0
6,61600,1,1,2,1,19,0,9,4,2010,6,23,12,0,6,4,SOUTH AVE,,0,36.61974722,-119.648066670,0,8,0,0,1,1,2,0,2,1,0,1,0,0000000,99,99,99,99,99,99,0,0,0,1,0
6,61601,2,2,0,2,71,1603,26,4,2010,2,0,53,1,2,2,US-395,,56,34.44140556,-117.399538890,0,12,2,0,1,1,1,0,2,1,0,1,0,0000000,99,99,99,99,99,99,0,0,0,1,0
6,61602,2,2,0,3,37,2054,16,7,2010,6,0,40,0,13,3,SR-1,,535,34.02143611,-118.792991670,0,12,2,0,1,1,1,0,3,1,0,1,0,0000000,99,99,99,99,99,99,0,0,0,2,2
6,61603,2,2,0,3,59,2199,1,9,2010,4,0,27,1,11,1,I-5,,161,33.59236944,-117.671813890,0,12,1,0,1,1,1,0,3,1,0,1,0,0000000,99,99,99,99,88,88,20,0,0,1,1
6,61604,2,2,0,5,101,0,12,9,2010,1,12,5,1,2,3,SR-99,,80,38.85258889,-121.544711110,0,1,0,0,1,1,3,0,1,1,0,1,0,0000000,12,7,99,99,99,99,0,0,0,1,0
6,61605,2,2,0,2,105,0,16,9,2010,5,8,1,1,2,3,SR-299,,687,40.66439722,-122.781208330,0,12,2,0,1,1,1,0,1,1,0,1,0,0000000,99,99,99,99,99,99,0,0,0,1,0
6,61606,2,2,0,6,41,0,17,9,2010,6,11,49,0,2,4,NOVATO BL,,0,38.12287500,-122.625188890,0,24,0,0,1,1,4,0,1,10,0,10,0,0000000,99,99,99,99,99,99,0,0,0,1,1
6,61607,1,1,1,1,83,3460,18,9,2010,7,7,19,0,15,6,CARLOTTI DR,PADEN DR,0,34.97147500,-120.422236110,0,8,0,0,3,2,1,0,1,3,10,3,0,0000000,99,99,99,99,99,99,0,0,0,1,0
6,61608,1,1,1,1,37,1980,18,9,2010,7,22,30,0,14,6,NORMANDIE AVE,LOMITA BL,0,33.79779167,-118.297466670,0,8,0,0,3,2,1,0,2,1,0,1,0,0000000,99,99,99,99,99,99,0,0,0,1,0
6,61609,1,1,0,4,65,2650,19,9,2010,1,11,20,1,11,1,I-10,,326,33.90470833,-116.555008330,0,24,0,0,1,1,3,0,1,1,0,1,0,0000000,99,99,99,99,88,88,0,0,0,1,0
6,61610,1,1,1,1,73,560,19,9,2010,1,12,14,0,13,6,RANCHO SANTA FE,,0,33.07153889,-117.243111110,0,9,0,0,1,1,1,0,1,1,0,1,0,0000000,99,99,99,99,88,88,0,0,0,1,0
6,61611,2,1,2,4,73,0,11,9,2010,7,20,50,0,2,3,SR-67,KALBAUGH ST,228,33.02736944,-116.890369440,0,9,0,0,3,2,1,0,2,1,0,1,0,0000000,20,50,99,99,99,99,14,0,0,1,0
6,61612,1,1,1,5,7,2680,12,9,2010,1,20,38,0,13,6,SKYWAY RD,,0,39.74884722,-121.633822220,0,8,0,0,1,1,1,0,2,1,0,1,0,0000000,99,99,99,99,88,88,0,0,0,1,0
6,61613,1,1,1,1,65,3070,23,9,2010,5,17,44,0,16,6,CYPRESS AVE,MONTGOMERY ST,0,33.94282500,-117.457008330,0,8,0,0,3,2,1,0,1,1,0,1,0,0000000,99,99,99,99,99,99,0,0,0,1,0
6,61614,1,1,0,1,71,0,27,9,2010,2,99,99,1,1,1,I-15,,1239,35.12973056,-116.216369440,0,38,0,0,1,1,4,0,2,1,0,1,0,0000000,99,99,99,99,88,88,18,0,0,1,0
6,61615,1,1,0,1,19,0,28,9,2010,3,9,44,0,4,4,FRIANT RD,,0,36.98031389,-119.718713890,0,38,0,0,1,1,4,0,1,1,0,1,0,0000000,99,99,99,99,99,99,0,0,0,1,0
6,61616,2,2,0,3,73,0,28,9,2010,3,19,30,0,4,4,WILDCAT CYN RD,,0,32.91826111,-116.884488890,0,12,2,0,1,1,1,0,2,1,0,1,0,0000000,99,99,99,99,99,99,0,0,0,1,0
6,61617,2,2,0,2,37,1980,29,9,2010,4,3,52,1,12,2,US-101,,165,34.15921944,-118.460261110,0,12,1,0,1,1,1,0,2,1,0,1,0,0000000,99,99,99,99,99,99,19,0,0,1,0
6,61618,3,1,0,1,37,2749,29,9,2010,4,12,54,0,16,6,SERAPIS AVE,,0,33.97133333,-118.100272220,0,14,0,0,1,1,7,0,1,1,0,1,0,0000000,99,99,99,99,88,88,0,0,0,1,0
6,61619,1,1,1,1,71,3210,15,8,2010,1,3,14,0,14,6,N SIERRA WAY,,0,34.13189444,-117.285158330,0,8,0,0,1,1,1,0,3,1,0,1,0,0000000,99,99,99,99,99,99,0,0,0,1,1
6,61620,1,1,1,1,71,4000,4,9,2010,7,21,12,0,13,6,MOUNTAIN AVE,,0,34.10435833,-117.729052780,0,8,0,0,1,1,1,0,3,1,0,1,0,0000000,99,99,99,99,99,99,0,0,0,1,0
6,61621,1,1,1,1,71,3210,10,9,2010,6,0,41,0,13,6,HIGHLAND AVE,,0,34.13580833,-117.226294440,0,9,0,0,1,1,1,0,2,1,0,1,0,0000000,99,99,99,99,99,98,0,0,0,1,0
6,61622,1,1,0,1,71,0,30,9,2010,5,11,54,1,1,1,I-40,,580,34.71783611,-116.025986110,0,1,0,0,1,1,3,0,1,1,0,1,0,0000000,99,99,99,99,88,88,0,0,0,1,0
6,61623,3,3,0,9,65,250,30,9,2010,5,16,5,1,11,1,I-10,,152,33.92843333,-116.844305560,0,12,7,0,1,1,1,0,1,10,0,10,0,0000000,99,99,99,99,99,99,0,0,0,1,0
6,61624,1,1,0,1,17,0,30,9,2010,5,21,0,0,2,3,SR-49,,5,38.55769444,-120.847452780,0,42,0,0,1,1,4,0,2,1,0,1,0,0000000,99,99,99,99,88,88,0,0,0,1,1
6,61625,3,3,1,3,73,0,30,9,2010,5,22,19,1,12,3,SR-125,,137,32.75582778,-117.008958330,0,8,0,0,1,1,1,0,3,10,0,10,0,0000000,99,99,99,99,88,88,0,0,0,1,0
6,61626,1,1,1,1,75,3290,7,10,2010,5,12,53,0,16,6,15TH ST,,0,37.76586389,-122.432925000,0,8,0,0,1,1,1,0,1,1,0,1,0,0000000,99,99,99,99,99,99,0,0,0,1,0
6,61627,1,1,0,2,111,0,27,2,2010,7,7,8,1,2,2,US-101,,418,34.36555278,-119.450483330,0,35,0,0,1,1,4,0,1,2,0,2,0,0000000,99,99,99,99,88,88,0,0,0,1,0
6,61628,2,2,0,8,37,639,3,3,2010,4,18,50,1,11,1,I-605,,49,33.87465556,-118.102083330,0,12,1,0,1,1,1,0,3,10,0,10,0,0000000,99,99,99,99,99,99,0,0,0,2,0
6,61629,1,1,0,1,77,0,18,9,2010,7,99,99,1,1,1,I-5,,492,38.24648056,-121.444930560,0,33,0,0,1,1,4,0,2,10,0,10,0,0000000,6,35,99,99,88,88,0,0,0,1,0
6,61630,1,1,1,1,73,3260,19,9,2010,1,20,46,0,13,6,ROSECRANS ST,KURTZ ST,0,32.75229444,-117.203891670,0,8,0,0,2,2,1,0,3,1,0,1,0,0000000,99,99,99,99,99,99,0,0,0,1,0
6,61631,1,1,1,1,37,1980,19,9,2010,1,23,5,0,13,6,FIGUEROA ST,88TH PL,0,33.95663056,-118.282727780,0,8,0,0,3,2,1,0,3,1,0,1,0,0000000,99,99,99,99,88,88,0,0,0,1,0
6,61632,1,1,1,1,99,2200,20,9,2010,2,22,34,0,13,3,SR-132,,177,37.63810000,-120.946883330,0,8,0,0,1,1,1,0,2,1,0,1,0,0000000,99,99,99,99,88,88,0,0,0,1,0
6,61633,1,1,0,1,11,0,7,10,2010,5,6,45,1,1,1,I-5,,209,39.19226944,-122.171080560,0,38,0,0,1,1,4,0,2,1,0,1,0,0000000,99,99,99,99,88,88,0,0,0,1,0
6,61634,1,1,1,1,75,3290,7,10,2010,5,16,59,0,16,6,6TH AVE,,0,37.78201111,-122.464369440,0,9,0,0,1,1,1,0,1,1,0,1,0,0000000,99,99,99,99,88,88,0,0,0,1,0
6,61635,1,1,1,1,37,3105,8,10,2010,6,99,99,0,14,6,GARVEY AVE,,0,34.06268611,-118.070052780,0,8,0,0,1,1,1,0,3,1,0,1,0,0000000,99,99,99,99,99,99,0,0,0,1,0
6,61636,1,1,1,1,37,1980,9,10,2010,7,3,28,1,11,1,I-110,,151,33.94756111,-118.279738890,0,8,0,0,1,1,1,0,3,1,0,1,0,0000000,99,99,99,99,99,98,0,0,0,1,1
6,61637,1,1,1,1,37,1980,9,10,2010,7,20,50,0,14,6,108TH ST,,0,33.93826944,-118.265011110,0,8,0,0,4,1,1,0,3,1,0,1,0,0000000,99,99,99,99,99,99,0,0,0,1,0
6,61638,1,1,1,1,77,1865,10,10,2010,1,0,15,1,11,1,I-5 RAMP,,168,37.81513889,-121.294030560,0,8,0,1,5,1,1,0,2,1,0,1,0,0000000,99,99,99,99,88,88,0,0,0,1,0
6,61639,2,2,1,2,37,1980,3,5,2010,2,2,20,1,11,1,I-405,,461,34.25461944,-118.472200000,0,12,6,0,1,1,1,0,3,1,0,1,0,0000000,2,23,99,99,99,99,14,19,23,1,0
6,61640,2,2,0,4,85,3340,14,6,2010,2,18,8,0,15,6,LOS ESTEROS RD,,0,37.43230556,-121.952319440,0,12,7,0,1,1,1,0,1,1,0,1,0,0000000,99,99,99,99,99,99,0,0,0,1,0
6,61641,1,1,0,1,37,3870,2,7,2010,6,12,56,1,11,1,I-405 RAMP,,166,33.87366111,-118.342400000,0,1,0,1,5,1,1,0,1,1,0,1,0,0000000,99,99,99,99,99,99,20,0,0,1,0
6,61642,4,1,3,1,83,0,24,8,2010,3,6,50,0,13,3,SR-154,STATE ST,323,34.44055000,-119.759950000,0,14,0,0,3,3,5,0,1,1,0,1,0,0000000,99,99,99,99,99,99,14,0,0,3,0
6,61643,1,1,1,1,59,1410,7,9,2010,3,9,53,1,12,3,SR-22,,17,33.77415000,-118.023800000,0,8,0,0,1,1,1,0,1,10,0,10,0,0000000,9,53,99,99,88,88,0,0,0,1,0
6,61644,1,1,1,1,37,2458,25,9,2010,7,7,0,0,13,6,ROSECRANS AVE,FLALLON AVE,0,33.90204722,-118.085497220,0,8,0,0,3,2,1,0,1,1,0,1,0,0000000,99,99,99,99,88,88,0,0,0,1,0
6,61645,1,1,1,1,37,2870,27,9,2010,2,20,51,0,14,6,INDIAN HILL BL,,0,34.07623056,-117.719322220,0,8,0,0,1,1,1,0,3,1,0,1,0,0000000,99,99,99,99,88,88,0,0,0,1,0
6,61646,1,1,1,2,37,1980,28,9,2010,3,5,30,0,13,6,SHERMAN WY,SHIRLEY AVE,0,34.20101111,-118.557891670,0,8,0,0,3,2,1,0,3,1,0,1,0,0000000,99,99,99,99,88,88,0,0,0,1,0
6,61647,3,3,0,3,41,0,29,9,2010,4,20,40,1,12,2,US-101,,35,37.87306667,-122.507708330,0,1,0,0,1,1,1,0,3,1,0,1,0,0000000,20,44,99,99,99,98,14,0,0,1,0
6,61648,1,1,2,1,67,3150,30,9,2010,5,8,39,0,16,6,K ST,17TH ST,0,38.57662778,-121.484344440,0,8,0,0,3,2,1,0,1,1,0,1,0,0000000,99,99,99,99,99,99,0,0,0,1,0
6,61649,1,1,0,2,91,0,1,7,2010,5,19,30,0,2,3,SR-49,,488,39.59805000,-120.347863890,0,1,0,0,1,1,4,0,1,1,0,1,0,0000000,99,99,99,99,99,99,0,0,0,1,1
6,61650,1,1,0,1,97,0,1,7,2010,5,21,15,0,4,4,BOHEMIAN HWY,,0,38.43454722,-122.972416670,0,42,0,0,1,1,5,0,2,1,0,1,0,0000000,99,99,99,99,88,88,0,0,0,1,1
6,61651,2,2,0,3,107,0,1,7,2010,5,22,22,0,2,3,SR-190,RD 152,44,36.05130000,-119.232350000,0,12,6,0,2,2,1,0,3,1,0,1,0,0000000,99,99,99,99,99,99,0,0,0,1,1
6,61652,2,2,0,2,73,3260,1,7,2010,5,23,47,1,11,1,I-5,,263,32.84198889,-117.236319440,0,1,0,0,1,1,1,0,2,1,0,1,0,0000000,99,99,99,99,99,99,0,0,0,1,1
6,61653,2,2,0,2,99,0,2,7,2010,6,0,32,1,1,1,I-5,,270,37.57938056,-121.318788890,0,24,0,0,1,1,3,0,2,1,0,1,0,0000000,99,99,99,99,88,88,0,0,0,1,1
6,61654,2,1,0,4,37,0,2,7,2010,6,4,35,1,2,2,US-101,,355,34.14728056,-118.769050000,0,14,0,0,1,1,4,0,2,1,0,1,0,0000000,99,99,99,99,99,99,0,0,0,2,1
6,61655,2,2,0,4,37,1980,2,7,2010,6,12,0,0,13,6,VICTORY BLVD,YARMOUTH AVE,0,34.18661944,-118.519666670,0,12,6,0,2,3,1,0,1,1,0,1,0,0000000,99,99,99,99,99,99,0,0,0,1,0
6,61656,2,2,0,3,37,1970,2,7,2010,6,16,46,0,12,3,SR-1,SHERMAN PL,49,33.78986111,-118.166222220,0,12,6,0,2,3,1,0,1,1,0,1,0,0000000,99,99,99,99,99,99,0,0,0,1,0
6,61657,1,1,0,1,65,0,2,7,2010,6,17,30,0,2,3,SR-60 RAMP,,0,34.02486111,-117.551380560,0,24,0,0,1,1,4,0,1,1,0,1,0,0000000,99,99,99,99,99,99,0,0,0,1,0
6,61658,1,1,0,2,71,2960,3,7,2010,7,1,51,0,13,6,SAN TIMOTEO CYN RD,,0,34.00816667,-117.173094440,0,30,0,0,1,1,4,0,2,1,0,1,0,0000000,99,99,99,99,99,99,0,0,0,1,1
6,61659,1,1,0,2,53,3180,3,7,2010,7,2,10,0,14,6,CONSTITUTION BLVD,,0,36.69778889,-121.627341670,0,33,0,0,1,1,3,0,3,1,0,1,0,0000000,99,99,99,99,99,99,0,0,0,1,1
6,61660,2,2,0,2,33,0,3,7,2010,7,17,20,0,2,3,SR-20,,291,39.02361111,-122.656069440,0,12,6,0,1,1,1,0,1,1,0,1,0,0000000,99,99,99,99,99,99,0,0,0,1,0
6,61661,1,1,0,1,95,1260,3,7,2010,7,19,22,1,11,1,I-80 RAMP,,137,38.22473056,-122.125638890,0,1,0,0,5,1,4,0,1,1,0,1,0,0000000,99,99,99,99,88,88,0,0,0,1,1
6,61662,2,2,0,3,39,0,4,7,2010,1,6,10,1,2,3,SR-41,LUCKY LN,246,37.21355278,-119.708572220,0,12,6,0,2,3,1,0,1,1,0,1,0,0000000,99,99,99,99,99,99,0,0,0,1,1
6,61663,2,2,0,3,73,0,4,7,2010,1,10,15,0,4,6,LILAC RD,,0,33.27093889,-117.082469440,0,12,2,0,1,1,1,0,1,1,0,1,0,0000000,99,99,99,99,88,88,0,0,0,1,0
6,61664,1,1,0,1,79,0,4,7,2010,1,15,19,0,5,4,OSO FLACO LAKE RD,,0,35.01481944,-120.582169440,0,1,0,0,1,1,4,0,1,1,0,1,0,0000000,99,99,99,99,99,99,0,0,0,1,1
6,61665,2,2,0,3,45,0,4,7,2010,1,17,34,1,2,2,US-101,,650,39.62785000,-123.462319440,0,12,2,0,1,1,1,0,1,1,0,1,0,0000000,99,99,99,99,99,99,0,0,0,1,0
6,61666,2,2,0,3,115,0,4,7,2010,1,22,50,1,2,3,SR-20,,180,39.21051944,-121.313600000,0,12,6,0,1,1,1,0,2,1,0,1,0,0000000,99,99,99,99,99,99,0,0,0,1,1
6,61667,1,1,0,1,71,0,5,7,2010,2,0,30,0,3,4,CEDAR AVE,,0,34.03696111,-117.395869440,0,33,0,0,1,1,4,0,3,1,0,1,0,0000000,99,99,99,99,88,88,0,0,0,1,1
6,61668,1,1,0,1,37,0,5,7,2010,2,2,5,1,2,2,US-101 RAMP,,377,34.14980000,-118.804900000,0,1,0,0,1,1,4,0,3,10,0,10,0,0000000,99,99,99,99,88,88,0,0,0,1,1
6,61669,1,1,0,1,59,2560,24,9,2010,6,1,55,1,12,3,SR-57 RAMP,,99,33.77913889,-117.885650000,0,25,0,1,5,1,4,0,3,1,0,1,0,0000000,99,99,99,99,88,88,0,0,0,1,1
6,61670,2,2,1,2,37,1980,29,9,2010,4,13,55,0,14,6,3RD ST,CATALINA ST,0,34.06905000,-118.295413890,0,12,6,0,2,2,1,0,1,1,0,1,0,0000000,99,99,99,99,99,99,0,0,0,1,0
6,61671,1,1,1,4,73,3260,29,9,2010,4,17,24,0,16,6,FLORENCE ST,,0,32.69805000,-117.114291670,0,8,0,0,1,1,1,0,1,1,0,1,0,0000000,99,99,99,99,99,99,4,0,0,1,0
6,61672,1,1,0,1,97,0,29,9,2010,4,18,40,1,2,2,US-101,,312,38.56796944,-122.829230560,0,42,0,1,19,1,8,0,1,1,0,1,0,0000000,18,41,99,99,88,88,0,0,0,1,1
6,61673,1,1,1,1,73,3260,11,10,2010,2,5,48,1,12,3,SR-905,,60,32.56871111,-117.027861110,0,8,0,0,1,1,1,0,2,5,0,5,0,0000000,99,99,99,99,88,88,0,0,0,1,0
6,61674,1,1,1,2,77,3770,11,10,2010,2,18,24,0,14,6,WEBER AVE,COMMERCE ST,0,37.95328611,-121.292627780,0,8,0,0,3,3,1,0,5,1,0,1,0,0000000,99,99,99,99,99,99,0,0,0,1,0
6,61675,1,1,0,4,29,0,11,10,2010,2,19,23,1,1,1,I-5,,687,35.56623889,-119.606580560,0,1,0,0,1,1,4,0,2,1,0,1,0,0000000,19,23,99,99,99,99,0,0,0,1,0
6,61676,2,2,0,2,71,4040,12,10,2010,3,4,10,1,11,1,I-5,,386,34.48278889,-117.336838890,0,12,1,0,1,1,1,0,3,1,0,1,0,0000000,4,11,99,99,99,98,0,0,0,1,1
6,61677,2,2,1,4,19,3590,6,8,2010,6,21,55,1,2,3,SR-99,,62,36.57338056,-119.626350000,0,8,0,0,1,1,1,0,2,1,0,1,0,0000000,99,99,99,99,88,88,0,0,0,1,0
6,61678,1,1,1,1,15,0,7,8,2010,7,20,45,1,2,2,US-101,,179,41.47704167,-124.046780560,0,8,0,0,1,1,1,0,2,10,0,10,0,0000000,99,99,99,99,88,88,0,0,0,1,0
6,61679,1,1,1,1,19,1370,8,8,2010,1,5,19,0,14,6,PEACH AVE,,0,36.75530556,-119.718230560,0,8,0,0,1,1,1,0,3,1,0,1,0,0000000,5,22,5,27,88,88,0,0,0,1,0
6,61680,1,1,1,1,77,3770,2,10,2010,7,19,54,0,15,6,FREEMONT ST,MADISON ST,0,37.95710000,-121.295063890,0,8,0,0,3,2,1,0,3,1,0,1,0,0000000,99,99,99,99,99,99,0,0,0,1,0
6,61681,1,1,1,1,37,1980,6,10,2010,4,15,35,0,14,6,OXNARD ST,,0,34.17941944,-118.383730560,0,8,0,0,1,1,1,0,1,2,0,2,0,0000000,15,43,15,46,16,5,0,0,0,1,0
6,61682,1,1,1,1,37,1980,7,10,2010,5,18,55,0,13,6,SHERMAN WY,BALCOM AVE,0,34.20107500,-118.520808330,0,8,0,0,3,2,1,0,3,1,0,1,0,0000000,99,99,99,99,99,99,0,0,0,1,0
6,61683,1,1,1,1,37,1980,7,10,2010,5,21,15,0,13,6,BALBOA BL,HALSEY ST,0,34.28101389,-118.502116670,0,8,0,0,3,2,1,0,3,1,0,1,0,0000000,99,99,99,99,99,99,0,0,0,1,0
6,61684,1,1,1,1,37,1980,30,9,2010,5,5,40,0,13,6,MANCHESTER AVE,NORMANDIE AVE,0,33.95996111,-118.300169440,0,8,0,0,3,2,1,0,3,1,0,1,0,0000000,99,99,99,99,99,99,0,0,0,1,0
6,61685,1,1,1,1,81,180,30,9,2010,5,10,36,0,13,3,SR-82,ISABELLA AVE,16,37.46013611,-122.196200000,0,9,0,0,3,3,1,0,1,1,0,1,0,0000000,99,99,99,99,88,88,0,0,0,1,0
6,61686,2,2,1,2,59,3420,15,10,2010,6,6,30,0,13,6,HARBOR BL,,0,33.75788611,-117.920466670,0,8,0,0,1,1,1,0,3,10,2,2,0,0000000,99,99,99,99,99,99,0,0,0,1,0
6,61687,1,1,1,1,19,760,15,10,2010,6,19,19,0,13,3,SR-33,,151,36.13646111,-120.349216670,0,8,0,0,1,1,1,0,5,1,0,1,0,0000000,19,19,99,99,88,88,0,0,0,1,0
6,61688,1,1,0,1,85,537,16,10,2010,7,1,38,0,14,6,HARRIET AVE,SAN THOMAS AQUINO RD,0,37.27681944,-121.976544440,0,42,0,0,3,3,4,0,3,1,0,1,0,0000000,99,99,99,99,99,99,0,0,0,1,1
6,61689,1,1,1,1,47,0,16,10,2010,7,19,57,0,4,4,HENRY MILLER RD,,0,37.09975556,-120.877891670,0,8,0,0,1,1,1,0,2,1,0,1,0,0000000,99,99,99,99,88,88,0,0,0,1,0
6,61690,1,1,1,1,67,3150,16,10,2010,7,20,26,0,14,6,RIVERSIDE BL,,0,38.50702500,-121.544897220,0,8,0,0,1,1,1,0,3,1,0,1,0,0000000,99,99,99,99,99,99,0,0,0,1,0
6,61691,1,1,0,1,67,0,17,10,2010,1,21,20,0,4,4,FAIR OAKS BL,,0,38.61053333,-121.328975000,0,33,0,0,1,1,4,0,3,10,0,10,0,0000000,99,99,99,99,88,88,0,0,0,1,1
6,61692,1,1,1,1,59,470,18,10,2010,2,6,34,0,16,6,LOS FELIZ,LOS FLORES,0,33.83360000,-118.029375000,0,8,0,0,2,3,1,0,4,10,2,2,0,0000000,99,99,99,99,99,99,4,0,0,1,0
6,61693,2,2,0,3,37,1980,24,6,2010,5,16,45,0,13,6,OLYMPIC BLVD,SERRANO AVE,0,34.05260000,-118.306316670,0,12,6,0,2,2,1,0,1,1,0,1,0,0000000,99,99,99,99,99,99,0,0,0,1,0
6,61694,2,2,1,2,65,0,30,9,2010,5,22,48,1,1,1,I-10,,175,33.91985833,-116.803330560,0,12,7,0,1,1,1,0,3,10,2,2,0,0000000,99,99,99,99,99,99,14,0,0,1,0
6,61695,1,1,1,1,65,0,29,10,2010,6,19,24,0,12,3,SR-74,,257,33.77761667,-117.245797220,0,8,0,0,1,1,1,0,2,1,0,1,0,0000000,99,99,99,99,88,88,0,0,0,1,0
6,61696,1,1,1,1,75,3290,30,10,2010,7,3,35,0,13,6,MISSION ST,GENEVA AVE,0,37.71637222,-122.441000000,0,8,0,0,3,2,1,0,3,2,0,2,0,0000000,99,99,99,99,99,99,0,0,0,1,0
6,61697,1,1,1,1,37,1980,30,10,2010,7,5,40,0,13,6,VICTORY BLVD,VAN NUYS BLVD,0,34.18665000,-118.448738890,0,8,0,0,3,2,1,0,3,10,0,10,0,0000000,99,99,99,99,88,88,0,0,0,1,0
6,61698,1,1,1,1,77,3770,26,10,2010,3,8,32,0,15,6,CAROLYN WESTON BL,,0,37.91213611,-121.308541670,0,8,0,0,1,1,1,0,1,1,0,1,0,0000000,99,99,99,99,99,99,0,0,0,1,0
6,61699,2,2,0,2,25,1680,13,10,2010,4,5,6,0,12,3,SR-86,NECKEL RD,118,32.86186111,-115.570152780,0,12,6,0,2,2,1,0,3,1,0,1,0,0000000,99,99,99,99,99,99,0,0,0,1,0
6,61700,1,1,1,2,29,0,27,10,2010,4,18,50,1,12,3,SR-99,,489,35.66661111,-119.224638890,0,8,0,0,1,1,1,0,2,10,0,10,0,0000000,99,99,99,99,88,88,0,0,0,1,0
6,61701,1,1,1,1,37,1980,27,10,2010,4,19,10,0,13,6,CRENSHAW BL,74TH ST,0,33.97259444,-118.330875000,0,8,0,0,3,2,1,0,3,1,0,1,0,0000000,99,99,99,99,99,99,0,0,0,1,0
6,61702,1,1,1,1,19,1370,28,10,2010,5,5,55,0,14,6,G ST,,0,36.72471389,-119.786858330,0,8,0,0,1,1,1,0,3,1,0,1,0,0000000,99,99,99,99,99,99,0,0,0,1,0
6,61703,1,1,1,1,67,3150,28,10,2010,5,8,30,0,16,6,57TH ST,,0,38.56263889,-121.434513890,0,8,0,0,4,1,4,0,1,1,0,1,0,0000000,99,99,99,99,99,99,0,0,0,1,0
6,61704,1,1,1,1,73,3260,28,10,2010,5,9,50,0,16,6,IMPERIAL AVE,16TH ST,0,32.70615278,-117.149630560,0,8,0,0,3,2,1,0,1,1,0,1,0,0000000,99,99,99,99,99,99,0,0,0,1,0