STATE,ST_CASE,VE_TOTAL,VE_FORMS,PEDS,PERSONS,COUNTY,CITY,DAY,MONTH,YEAR,DAY_WEEK,HOUR,MINUTE,NHS,ROAD_FNC,ROUTE,TWAY_ID,TWAY_ID2,MILEPT,LATITUDE,LONGITUD,SP_JUR,HARM_EV,MAN_COLL,RELJCT1,RELJCT2,TYP_INT,REL_ROAD,WRK_ZONE,LGT_COND,WEATHER1,WEATHER2,WEATHER,SCH_BUS,RAIL,NOT_HOUR,NOT_MIN,ARR_HOUR,ARR_MIN,HOSP_HR,HOSP_MN,CF1,CF2,CF3,FATALS,DRUNK_DR
6,61705,1,1,1,1,37,0,29,10,2010,6,6,23,0,3,4,DOWNEY RD,,0,33.99255556,-118.204558330,0,8,0,0,1,1,1,0,2,1,0,1,0,0000000,99,99,99,99,88,88,0,0,0,1,0
6,61706,1,1,1,1,1,2480,29,10,2010,6,11,5,0,16,6,MADISON ST,9TH ST,0,37.79804167,-122.266211110,0,8,0,0,2,2,1,0,1,10,0,10,0,0000000,99,99,99,99,99,99,0,0,0,1,0
6,61707,1,1,1,1,19,1370,29,10,2010,6,19,5,0,14,6,N BLACKSTONE AVE,E MINARETS AVE,0,36.84245278,-119.790502780,0,8,0,0,3,2,1,0,3,1,0,1,0,0000000,99,99,99,99,99,99,0,0,0,1,0
6,61708,1,1,1,1,37,0,7,10,2010,5,8,55,0,2,4,VALLEY BL,,0,34.05036667,-117.997938890,0,9,0,0,1,1,1,0,1,1,0,1,0,0000000,8,59,99,99,99,99,0,0,0,1,0
6,61709,1,1,0,2,3,0,10,10,2010,1,13,0,0,2,3,SR-4,,52,38.50640000,-119.943580560,0,17,0,0,1,1,4,0,1,1,0,1,0,0000000,99,99,99,99,99,99,0,0,0,1,0
6,61710,2,2,0,3,73,3260,10,10,2010,1,17,40,0,13,6,N HARBOR DR,,0,32.72564167,-117.223605560,0,12,1,0,1,1,1,0,1,1,0,1,0,0000000,17,41,99,99,99,99,0,0,0,1,1
6,61711,1,1,1,2,107,1230,10,10,2010,1,18,58,0,14,6,FIREBAUGH AVE,,0,36.28978333,-119.132169440,0,8,0,0,1,1,1,0,3,1,0,1,0,0000000,99,99,99,99,99,99,0,0,0,1,0
6,61712,1,1,1,1,73,3260,19,10,2010,3,2,55,0,12,3,SR-56,,73,32.95461944,-117.125969440,0,8,0,0,1,1,1,0,3,10,2,2,0,0000000,99,99,99,99,88,88,0,0,0,1,1
6,61713,1,1,1,1,65,250,19,10,2010,3,11,5,1,11,1,I-10,,147,33.92595000,-116.853633330,0,8,0,0,1,1,2,0,1,10,2,2,0,0000000,99,99,99,99,88,88,19,0,0,1,0
6,61714,1,1,1,1,37,1980,19,10,2010,3,15,35,0,13,6,WOODMAN AVE,,0,34.16061111,-118.431258330,0,8,0,0,1,1,1,0,1,10,0,10,0,0000000,99,99,99,99,88,88,0,0,0,1,0
6,61715,1,1,1,1,37,305,19,10,2010,3,18,25,0,13,3,SR-19,ALONDRA BL,69,33.88918333,-118.142655560,0,8,0,0,3,2,1,0,5,2,0,2,0,0000000,99,99,99,99,99,99,0,0,0,1,0
6,61716,1,1,1,1,65,1003,20,10,2010,4,18,29,0,14,6,PALM DR,,0,33.95230556,-116.501330560,0,8,0,0,1,1,1,0,2,10,0,10,0,0000000,18,29,99,99,99,99,0,0,0,1,0
6,61717,1,1,1,2,71,4040,20,10,2010,4,20,20,0,14,6,AMARGOSA RD,,0,34.49792222,-117.330066670,0,8,0,0,1,1,1,0,2,1,0,1,0,0000000,99,99,99,99,99,99,0,0,0,1,0
6,61718,1,1,1,1,37,1980,17,9,2010,6,13,50,1,11,1,I-5 RAMP,,185,34.06031389,-118.214927780,0,8,0,0,5,1,1,0,1,1,0,1,0,0000000,99,99,99,99,99,99,0,0,0,1,0
6,61719,1,1,1,1,47,0,18,9,2010,7,8,40,0,2,3,SR-33,,46,36.99604167,-120.635805560,0,8,0,0,1,1,1,0,1,1,0,1,0,0000000,99,99,99,99,88,88,0,0,0,1,0
6,61720,1,1,1,1,71,115,18,9,2010,7,19,52,0,13,6,OUTER STATE HWY 18,,0,34.53690833,-117.250219440,0,8,0,0,1,1,1,0,2,1,0,1,0,0000000,99,99,99,99,88,88,0,0,0,1,0
6,61721,1,1,0,1,19,0,30,9,2010,5,99,99,0,4,4,CORNELIA AVE,DAVIS AVE,0,36.47461667,-119.887169440,0,34,0,0,3,3,4,0,2,1,0,1,0,0000000,99,99,99,99,88,88,0,0,0,1,1
6,61722,1,1,1,2,37,1980,1,10,2010,6,11,15,0,16,6,PERSHING DR,,0,34.05809444,-118.458847220,0,9,0,0,1,1,1,0,1,1,0,1,0,0000000,99,99,99,99,99,99,16,0,0,1,0
6,61723,1,1,1,1,37,1980,2,10,2010,7,2,10,0,13,6,LAUREL CYN BL,,0,34.09961667,-118.365313890,0,9,0,0,1,1,1,0,3,1,0,1,0,0000000,99,99,99,99,99,99,0,0,0,1,1
6,61724,1,1,1,1,29,1000,11,10,2010,2,9,15,0,13,3,SR-155,ELLINGTON ST,4,35.76140000,-119.249766670,0,15,0,0,3,3,1,0,1,1,0,1,0,0000000,99,99,99,99,99,99,0,0,0,1,0
6,61725,1,1,1,2,111,2620,12,10,2010,3,19,5,0,13,6,WOOLEY RD,,0,34.18996111,-119.169188890,0,8,0,0,1,1,1,0,2,1,0,1,0,0000000,99,99,99,99,88,88,0,0,0,1,0
6,61726,1,1,1,1,37,1670,12,10,2010,3,19,19,0,13,6,SANTA FE AVE,FLORENCE AVE,0,33.97479167,-118.230300000,0,8,0,0,3,2,1,0,3,1,0,1,0,0000000,99,99,99,99,99,98,0,0,0,1,0
6,61727,2,2,1,1,37,1430,12,10,2010,3,21,6,0,13,6,WESTERN AVE,,0,34.17280833,-118.287972220,0,12,7,0,1,1,1,0,3,1,0,1,0,0000000,99,99,99,99,99,99,0,0,0,1,0
6,61728,1,1,1,1,73,3260,13,10,2010,4,1,35,1,11,1,I-5,,41,32.57656389,-117.082683330,0,8,0,0,1,1,1,0,2,1,0,1,0,0000000,99,99,99,99,99,98,0,0,0,1,0
6,61729,1,1,1,1,37,0,23,10,2010,7,15,45,0,3,4,AGOURA RD,,0,34.13694444,-118.722772220,0,9,0,0,1,1,1,0,1,1,0,1,0,0000000,99,99,99,99,88,88,0,0,0,1,1
6,61730,1,1,1,1,111,3860,24,10,2010,1,3,15,0,13,6,LYNN RD,,0,34.18783889,-118.893319440,0,8,0,0,1,1,1,0,2,10,0,10,0,0000000,99,99,99,99,99,98,0,0,0,1,0
6,61731,1,1,1,5,19,0,24,10,2010,1,21,55,0,6,4,LINCOLN AVE,,0,36.64751944,-120.014619440,0,8,0,0,1,1,2,0,2,10,0,10,0,0000000,99,99,99,99,88,88,17,0,0,1,0
6,61732,1,1,0,6,29,0,5,9,2010,1,0,5,1,2,3,SR-99,,321,35.45526111,-119.105380560,0,25,0,0,1,1,3,0,2,1,0,1,0,0000000,99,99,99,99,99,99,0,0,0,1,0
6,61733,1,1,0,1,19,0,5,9,2010,1,0,48,0,2,3,SR-168,,105,36.85490000,-119.642358330,0,1,0,0,1,1,4,0,2,1,0,1,0,0000000,99,99,99,99,99,99,0,0,0,1,0
6,61734,1,1,0,1,29,0,5,9,2010,1,1,15,1,2,3,SR-99,,138,35.21245000,-119.011119440,0,42,0,0,1,1,4,0,2,1,0,1,0,0000000,99,99,99,99,99,99,0,0,0,1,1
6,61735,1,1,0,3,39,0,5,9,2010,1,12,52,1,2,3,SR-41,,408,37.40052222,-119.631027780,0,17,0,0,1,1,4,0,1,1,0,1,0,0000000,99,99,99,99,99,99,0,0,0,1,0
6,61736,1,1,0,3,47,0,5,9,2010,1,15,55,0,4,4,OAKDALE RD,,0,37.41736111,-120.514330560,0,1,0,0,1,1,4,0,1,1,0,1,0,0000000,99,99,99,99,99,99,0,0,0,2,1
6,61737,1,1,0,1,115,2100,5,9,2010,1,16,9,0,14,6,14TH ST,D ST,0,39.15040278,-121.590505560,0,33,0,0,3,2,4,0,1,1,0,1,0,0000000,99,99,99,99,99,99,0,0,0,1,0
6,61738,2,2,0,4,77,0,5,9,2010,1,21,45,0,2,4,THORNTON RD,PERSHING AVE,0,38.02603889,-121.329780560,0,12,6,0,2,2,1,0,3,1,0,1,0,0000000,99,99,99,99,99,99,0,0,0,1,0
6,61739,2,2,0,3,47,0,6,9,2010,2,0,25,0,2,3,SR-165,3RD AVE,279,37.32785000,-120.851050000,0,12,6,0,2,2,1,0,2,1,0,1,0,0000000,99,99,99,99,99,99,0,0,0,1,1
6,61740,1,1,0,1,19,0,6,9,2010,2,2,20,0,5,4,ZEDIKER AVE,,0,36.53828889,-119.521200000,0,1,0,0,1,1,4,0,2,1,0,1,0,0000000,99,99,99,99,88,88,0,0,0,1,1
6,61741,2,2,0,2,7,0,6,9,2010,2,8,45,0,6,4,HAMILTON NORD CNA HY,ANITA RD,0,39.81138056,-121.956750000,0,12,6,0,2,2,1,0,1,1,0,1,0,0000000,99,99,99,99,88,88,0,0,0,1,0
6,61742,3,3,0,8,37,1980,6,9,2010,2,10,50,1,11,1,I-405,,438,34.21683056,-118.473180560,0,12,1,0,1,1,1,0,1,1,0,1,0,0000000,99,99,99,99,99,99,14,23,0,1,0
6,61743,1,1,0,10,71,4040,6,9,2010,2,12,10,1,2,2,US-395,,96,34.48485556,-117.399500000,0,1,0,0,1,1,1,0,1,1,0,1,0,0000000,99,99,99,99,99,99,0,0,0,1,0
6,61744,2,2,0,3,31,0,6,9,2010,2,16,30,0,6,4,5 1/2 AVE,NEWARK AVE,0,36.11980000,-119.563219440,0,12,6,0,2,3,1,0,1,1,0,1,0,0000000,99,99,99,99,99,99,0,0,0,1,0
6,61745,1,1,0,2,89,0,7,9,2010,3,2,54,0,3,4,OLD OREGON TRL,,0,40.70408889,-122.326069440,0,35,0,0,1,1,4,0,2,1,0,1,0,0000000,99,99,99,99,99,99,0,0,0,1,1
6,61746,1,1,0,1,101,0,7,9,2010,3,14,5,0,6,4,RECLAMATION RD,,0,39.03133889,-121.784900000,0,1,0,0,1,1,4,0,1,1,0,1,0,0000000,99,99,99,99,88,88,0,0,0,1,1
6,61747,1,1,0,2,11,0,7,9,2010,3,16,10,1,1,1,I-5,,320,39.35215278,-122.194447220,0,59,0,0,1,1,3,0,1,1,0,1,0,0000000,99,99,99,99,88,88,0,0,0,1,0
6,61748,1,1,0,1,67,1108,7,9,2010,3,22,42,0,16,6,AUBERRY DR,,0,38.45153889,-121.399547220,0,58,0,0,1,1,1,0,3,1,0,1,0,0000000,99,99,99,99,88,88,0,0,0,1,1
6,61749,1,1,0,4,77,0,8,9,2010,4,6,0,1,1,1,I-5,,44,37.65250000,-121.343136110,0,1,0,0,1,1,4,0,4,10,0,10,0,0000000,99,99,99,99,99,99,0,0,0,1,0
6,61750,2,2,0,2,71,4291,9,9,2010,5,9,42,1,12,3,SR-62,LA CONTENTA RD,151,34.13490556,-116.369708330,0,12,6,0,2,2,1,0,1,1,0,1,0,0000000,99,99,99,99,99,99,0,0,0,1,0
6,61751,1,1,0,1,37,0,9,9,2010,5,13,40,0,2,3,SR-2,,434,34.27306944,-118.027025000,0,31,0,0,1,1,4,0,1,1,0,1,0,0000000,99,99,99,99,88,88,0,0,0,1,1
6,61752,1,1,0,1,29,0,9,9,2010,5,19,59,1,12,3,SR-99,,288,35.42427222,-119.062358330,0,31,0,0,1,1,4,0,2,1,0,1,0,0000000,99,99,99,99,99,99,0,0,0,1,0
6,61753,1,1,0,4,19,0,10,9,2010,6,4,58,1,2,3,SR-180,,727,36.73571944,-119.535155560,0,38,0,0,1,1,4,0,2,1,0,1,0,0000000,99,99,99,99,99,99,0,0,0,1,0
6,61754,2,2,0,3,85,0,10,9,2010,6,9,50,1,2,3,SR-152,,304,37.04257222,-121.290608330,0,25,0,0,1,1,3,0,1,1,0,1,0,0000000,99,99,99,99,88,88,0,0,0,2,0
6,61755,2,2,0,2,97,0,10,9,2010,6,18,15,0,2,3,SR-116,STAGE GULCH RD,393,38.21204722,-122.549277780,0,12,6,0,2,3,1,0,1,1,0,1,0,0000000,99,99,99,99,99,99,0,0,0,1,0
6,61756,2,2,0,3,75,3290,11,9,2010,7,0,47,0,14,6,OAKDALE AVE,,0,37.74134722,-122.402233330,0,12,2,0,1,1,1,0,3,1,0,1,0,0000000,99,99,99,99,99,99,0,0,0,1,1
6,61757,1,1,0,9,113,0,11,9,2010,7,2,30,0,6,4,CR-35,,0,38.50146389,-121.655388890,0,34,0,0,1,1,4,0,2,1,0,1,0,0000000,99,99,99,99,99,99,0,0,0,1,1
6,61758,2,2,0,4,75,3290,11,9,2010,7,2,50,0,16,6,CABRILLO ST,40TH ST,0,37.77349722,-122.500391670,0,12,6,0,2,2,1,0,3,5,0,5,0,0000000,99,99,99,99,99,99,0,0,0,1,1
6,61759,1,1,0,1,65,3070,11,9,2010,7,7,30,1,11,1,I-215 RAMP,,388,33.94663889,-117.300900000,0,24,0,0,5,1,4,0,1,1,0,1,0,0000000,99,99,99,99,99,99,0,0,0,1,0
6,61760,1,1,0,1,37,1980,11,9,2010,7,22,25,0,15,6,SAN FERNANDO MISS BL,,0,34.27192778,-118.501827780,0,30,0,0,1,1,4,0,3,1,0,1,0,0000000,99,99,99,99,88,88,0,0,0,1,0
6,61761,1,1,0,1,77,0,11,9,2010,7,99,99,0,4,4,RIO BLANCO RD,,0,38.07608889,-121.415061110,0,38,0,0,1,1,4,0,2,1,0,1,0,0000000,99,99,99,99,88,88,0,0,0,1,1
6,61762,1,1,0,1,37,306,12,9,2010,1,1,54,0,13,6,GARFIELD AVE,LOVELAND ST,0,33.96970278,-118.149075000,0,33,0,0,2,2,3,0,3,1,0,1,0,0000000,99,99,99,99,88,88,0,0,0,1,1
6,61763,1,1,0,3,71,2960,12,9,2010,1,4,4,1,11,1,I-10,,289,34.06685000,-117.216069440,0,33,0,0,1,1,4,0,2,1,0,1,0,0000000,99,99,99,99,88,88,0,0,0,1,1
6,61764,1,1,0,1,29,0,12,9,2010,1,17,20,0,4,4,GRANITE RD,,0,35.60971944,-118.924769440,0,1,0,0,1,1,4,0,1,1,0,1,0,0000000,99,99,99,99,99,99,0,0,0,1,0
6,61765,2,2,0,6,59,2560,12,9,2010,1,21,29,1,11,1,I-15,,345,33.78510000,-117.883788890,0,18,0,0,1,1,1,0,3,1,0,1,0,0000000,99,99,99,99,99,99,0,0,0,1,0
6,61766,2,2,0,3,9,0,13,9,2010,2,18,35,0,2,3,SR-49,,105,38.09778611,-120.586838890,0,12,6,0,1,1,1,0,1,1,0,1,0,0000000,99,99,99,99,99,99,0,0,0,1,0
6,61767,2,2,0,2,73,0,13,9,2010,2,21,25,0,2,4,JAMACHA RD,,0,32.70698333,-117.008236110,0,12,6,0,8,1,1,0,2,1,0,1,0,0000000,99,99,99,99,99,99,0,0,0,1,0
6,61768,2,2,0,3,13,2090,14,9,2010,3,7,52,1,12,3,SR-4,,107,37.99007500,-122.094238890,0,1,0,0,1,1,1,0,1,1,0,1,0,0000000,99,99,99,99,99,99,0,0,0,1,0
6,61769,1,1,0,1,57,0,14,9,2010,3,21,2,0,4,4,BANNER LAVA CAP RD,,0,39.23613056,-121.003650000,0,42,0,0,1,1,4,0,2,1,0,1,0,0000000,99,99,99,99,88,88,0,0,0,1,1
6,61770,1,1,0,3,77,0,15,9,2010,4,8,0,1,12,3,SR-99 RAMP,,193,37.97081111,-121.246188890,0,24,0,0,5,1,4,0,1,1,0,1,0,0000000,99,99,99,99,88,88,0,0,0,1,0
6,61771,2,2,0,2,113,0,15,9,2010,4,12,0,0,6,4,CR-22,,0,38.67663056,-121.721391670,0,12,2,0,1,1,1,0,1,1,0,1,0,0000000,99,99,99,99,99,99,0,0,0,1,0
6,61772,1,1,0,1,35,0,15,9,2010,4,14,25,0,2,3,SR-36,,55,40.31494167,-120.995102780,0,31,0,0,1,1,4,0,1,1,0,1,0,0000000,99,99,99,99,88,88,0,0,0,1,0
6,61773,5,5,0,6,83,0,15,9,2010,4,20,20,0,2,3,SR-154,,241,34.51447778,-119.825777780,0,12,7,0,1,1,1,2,2,1,0,1,0,0000000,99,99,99,99,99,99,0,0,0,1,1
6,61774,3,1,0,4,85,3340,16,9,2010,5,1,28,0,16,6,E ST JAMES ST,N 6TH ST,0,37.34141667,-121.887475000,0,1,0,0,2,8,1,0,3,1,0,1,0,0000000,99,99,99,99,99,99,20,0,0,2,1
6,61775,1,1,0,1,37,3686,16,9,2010,5,1,48,1,12,3,SR-60,,113,34.03630000,-118.033088890,0,25,0,0,1,1,3,0,2,1,0,1,0,0000000,99,99,99,99,88,88,0,0,0,1,1
6,61776,1,1,0,2,37,230,16,9,2010,5,2,0,1,11,1,I-210,,396,34.12036944,-117.907619440,0,1,0,0,1,1,4,0,3,1,0,1,0,0000000,99,99,99,99,99,99,0,0,0,1,1
6,61777,3,1,0,1,37,1980,16,9,2010,5,4,5,0,13,6,RIVERSIDE DR,,0,34.15753889,-118.414550000,0,33,0,0,1,1,4,0,3,1,0,1,0,0000000,99,99,99,99,88,88,0,0,0,1,1
6,61778,2,2,0,6,61,3110,16,9,2010,5,11,37,0,14,6,WOODCREEK OAKS BL,,0,38.78496667,-121.332641670,0,12,2,0,1,1,1,0,1,1,0,1,0,0000000,99,99,99,99,99,99,20,0,0,1,1
6,61779,1,1,0,1,77,0,16,9,2010,5,11,44,1,1,1,I-5,,406,38.12976111,-121.399461110,0,34,0,0,1,1,4,0,1,1,0,1,0,0000000,99,99,99,99,88,88,0,0,0,1,0
6,61780,2,2,0,2,65,0,16,9,2010,5,15,15,0,4,4,SAN TIMOTEO CYN RD,,0,33.97701389,-117.109408330,0,12,2,0,1,1,1,0,1,1,0,1,0,0000000,99,99,99,99,99,99,0,0,0,2,0
6,61781,3,3,0,4,71,0,16,9,2010,5,17,25,1,2,2,US-395,,220,34.71628056,-117.458830560,0,12,2,0,1,1,1,0,1,1,0,1,0,0000000,99,99,99,99,99,99,14,0,0,1,0
6,61782,1,1,0,1,85,0,17,9,2010,6,1,20,0,4,4,UVAS RD,,0,37.11811111,-121.740611110,0,42,0,0,1,1,4,0,2,1,0,1,0,0000000,99,99,99,99,88,88,0,0,0,1,1
6,61783,1,1,0,1,107,0,17,9,2010,6,1,55,0,6,4,DIAGONAL 254,,0,36.00075000,-119.006119440,0,42,0,0,1,1,5,0,2,1,0,1,0,0000000,99,99,99,99,99,99,0,0,0,1,1
6,61784,1,1,0,7,67,3150,18,9,2010,7,1,56,0,14,6,X ST,,0,38.55793056,-121.473813890,0,1,0,0,1,1,1,1,3,1,0,1,0,0000000,99,99,99,99,99,99,0,0,0,1,1
6,61785,1,1,0,4,77,0,18,9,2010,7,3,5,0,4,4,SCHULTE RD,,0,37.72106111,-121.480638890,0,35,0,0,1,1,4,0,2,1,0,1,0,0000000,99,99,99,99,88,88,0,0,0,4,0
6,61786,2,2,0,2,19,0,18,9,2010,7,14,40,0,2,3,SR-43,,25,36.47883889,-119.635080560,0,12,2,0,1,1,1,0,1,1,0,1,0,0000000,99,99,99,99,99,99,0,0,0,1,0
6,61787,1,1,0,1,37,1695,18,9,2010,7,16,32,0,16,6,GALE AVE,,0,33.99586944,-117.899711110,0,33,0,0,1,1,4,0,1,1,0,1,0,0000000,99,99,99,99,88,88,0,0,0,1,0
6,61788,2,2,0,7,71,1305,18,9,2010,7,17,20,1,11,1,I-10,,112,34.06771111,-117.523836110,0,12,1,0,1,1,1,0,1,1,0,1,0,0000000,99,99,99,99,99,99,0,0,0,1,0
6,61789,1,1,0,1,83,0,18,9,2010,7,23,0,0,2,3,SR-135,,42,34.75617500,-120.342822220,0,38,0,0,1,1,4,0,2,1,0,1,0,0000000,99,99,99,99,99,99,0,0,0,1,1
6,61790,2,2,0,2,37,1825,19,9,2010,1,2,0,1,11,1,I-5,,10,33.88238611,-118.025930560,0,12,1,0,1,1,1,1,3,1,0,1,0,0000000,99,99,99,99,99,99,0,0,0,1,1
6,61791,1,1,0,3,37,0,19,9,2010,1,3,55,1,12,3,SR-14,,287,34.38265000,-118.488350000,0,38,0,0,1,1,4,0,2,1,0,1,0,0000000,99,99,99,99,99,99,0,0,0,1,1
6,61792,1,1,0,5,71,2922,19,9,2010,1,17,15,1,11,1,I-5,,61,34.11510000,-117.521877780,0,1,0,0,1,1,2,0,1,1,0,1,0,0000000,99,99,99,99,99,99,0,0,0,1,0
6,61793,2,2,0,2,37,1970,19,9,2010,1,18,8,0,14,6,SPRING ST,MAGNOLIA AVE,0,33.81164167,-118.198133330,0,12,6,0,2,2,1,0,1,1,0,1,0,0000000,99,99,99,99,99,99,0,0,0,1,0
6,61794,2,2,0,1,37,2020,3,10,2010,1,3,16,1,11,1,I-105,,126,33.91785000,-118.194561110,0,12,1,0,1,1,1,0,3,1,0,1,0,0000000,99,99,99,99,99,99,0,0,0,1,1
6,61795,2,2,0,2,107,0,19,9,2010,1,20,39,0,6,4,ROAD 80,,0,36.41786944,-119.394730560,0,12,2,0,1,1,1,0,2,1,0,1,0,0000000,99,99,99,99,88,88,0,0,0,1,1
6,61796,3,3,0,4,71,0,19,9,2010,1,20,50,1,2,3,SR-18,,1104,34.50645000,-117.564850000,0,12,2,0,1,1,1,0,2,1,0,1,0,0000000,99,99,99,99,99,99,0,0,0,1,0
6,61797,1,1,0,2,37,1980,6,10,2010,4,2,10,0,14,6,CORBIN AVE,,0,34.26470833,-118.563477780,0,33,0,0,1,1,4,0,3,10,0,10,0,0000000,99,99,99,99,99,99,0,0,0,1,0
6,61798,4,4,0,5,29,0,20,9,2010,2,7,42,0,12,3,SR-184,,100,35.38008056,-118.903969440,0,12,1,0,8,1,1,0,1,1,0,1,1,0000000,99,99,99,99,99,99,0,0,0,1,0
6,61799,2,2,0,2,85,537,20,9,2010,2,12,15,0,16,6,VIRGINIA AVE,RINCON AVE,0,37.28425000,-121.961961110,0,12,6,0,2,3,1,0,1,1,0,1,0,0000000,99,99,99,99,99,99,0,0,0,1,0
6,61800,2,2,0,2,19,0,21,9,2010,3,13,15,0,2,3,SR-33,,11,36.17878056,-120.196238890,0,12,2,0,1,1,1,0,1,1,0,1,0,0000000,99,99,99,99,99,99,0,0,0,1,0
6,61801,2,1,0,2,37,0,22,9,2010,4,5,10,1,11,1,I-10,,412,34.06428056,-117.828069440,0,14,0,0,1,1,2,0,2,10,0,10,0,0000000,99,99,99,99,88,88,0,0,0,1,0
6,61802,2,2,0,6,53,0,22,9,2010,4,6,25,1,12,2,US-101,,395,36.19985000,-121.108280560,0,12,7,0,1,1,1,0,2,10,0,10,0,0000000,99,99,99,99,99,99,0,0,0,1,0
6,61803,1,1,0,1,29,0,22,9,2010,4,22,50,0,3,4,BROWN RD,,0,35.71141389,-117.831855560,0,1,0,0,1,1,2,0,2,1,0,1,0,0000000,99,99,99,99,88,88,0,0,0,1,1
6,61804,1,1,0,3,37,1980,23,9,2010,5,6,30,0,13,6,VERMONT AVE,77TH ST,0,33.96967222,-118.291563890,0,33,0,0,3,3,3,0,1,1,0,1,0,0000000,99,99,99,99,99,99,0,0,0,1,0
6,61805,1,1,0,1,73,3260,23,9,2010,5,11,57,0,15,6,RANCHO BERNARDO RD,,0,33.01873056,-117.061944440,0,33,0,0,1,1,3,0,1,1,0,1,0,0000000,99,99,99,99,99,99,0,0,0,1,1
6,61806,2,2,0,3,29,0,23,9,2010,5,16,5,1,2,3,SR-46,,96,35.65412222,-120.047005560,0,12,7,0,1,1,1,1,1,1,0,1,0,0000000,99,99,99,99,99,99,0,0,0,1,0
6,61807,1,1,0,3,37,1695,20,9,2010,2,14,45,0,13,6,PECK RD,,0,34.02417500,-118.037619440,0,33,0,0,1,1,4,0,1,1,0,1,0,0000000,99,99,99,99,99,99,0,0,0,1,0
6,61808,1,1,0,2,85,3340,21,9,2010,3,3,2,0,13,6,ALMADEN EXPY,O'GRADY DR,0,37.20413333,-121.840288890,0,46,0,0,3,2,4,0,3,1,0,1,0,0000000,99,99,99,99,99,99,0,0,0,1,1
6,61809,2,2,0,2,21,0,21,9,2010,3,12,15,1,1,1,I-5,COUNTY RD 7,278,39.78372500,-122.206505560,0,12,6,1,2,2,1,0,1,10,0,10,0,0000000,99,99,99,99,99,99,0,0,0,1,0
6,61810,1,1,0,3,59,4130,22,9,2010,4,15,1,0,16,6,RANCHO RD,,0,33.75564722,-118.034283330,0,1,0,0,1,1,1,0,1,1,0,1,0,0000000,99,99,99,99,99,99,0,0,0,1,0
6,61811,2,2,0,2,37,804,24,9,2010,6,7,43,1,11,1,I-710,,231,34.01303611,-118.172169440,0,1,0,0,1,1,1,0,1,1,0,1,0,0000000,99,99,99,99,88,88,14,0,0,1,0
6,61812,2,2,0,2,33,0,24,9,2010,6,10,17,1,2,3,SR-29,SEIGLER CYN RD,217,38.91010278,-122.636819440,0,12,6,0,2,3,1,0,1,1,0,1,0,0000000,99,99,99,99,99,99,0,0,0,1,0
6,61813,3,3,0,3,33,0,24,9,2010,6,10,38,1,2,3,SR-20,,35,39.15986111,-122.995669440,0,12,2,0,1,1,1,0,1,1,0,1,0,0000000,99,99,99,99,99,99,0,0,0,1,1
6,61814,2,1,2,1,93,4266,24,9,2010,6,11,22,0,14,6,W OBERLIN RD,FAIRLANE RD,0,41.71598056,-122.638622220,0,40,0,0,3,2,4,0,1,1,0,1,0,0000000,99,99,99,99,99,99,0,0,0,1,0
6,61815,1,1,0,1,99,0,24,9,2010,6,12,15,1,1,1,I-5,,216,37.52640556,-121.250911110,0,38,0,0,1,1,4,0,1,1,0,1,0,0000000,99,99,99,99,88,88,0,0,0,1,0
6,61816,2,2,0,2,99,0,24,9,2010,6,14,15,0,4,4,ORANGE BLOSSOM RD,,0,37.82396389,-120.702205560,0,1,0,0,1,1,1,0,1,1,0,1,0,0000000,99,99,99,99,99,99,0,0,0,1,0
6,61817,2,2,0,2,77,0,24,9,2010,6,18,45,0,2,7,99 FRONTAGE RD,ASHLEY LN,0,38.04259167,-121.258130560,0,12,6,0,2,3,1,0,1,1,0,1,0,0000000,99,99,99,99,99,99,0,0,0,1,0
6,61818,2,2,0,5,107,0,24,9,2010,6,22,33,0,5,4,ROAD 208,AVENUE 95,0,35.96397500,-119.107502780,0,12,6,0,2,2,1,0,3,1,0,1,0,0000000,99,99,99,99,99,99,0,0,0,2,1
6,61819,2,2,0,2,19,0,24,9,2010,6,23,57,0,5,4,MENDOCINO AVE,,0,36.63054444,-119.547816670,0,12,2,0,1,1,1,0,2,1,0,1,0,0000000,99,99,99,99,99,99,0,0,0,1,1
6,61820,1,1,0,1,93,0,25,9,2010,7,11,50,0,2,3,SR-96,,374,41.75490556,-123.394522220,0,24,0,0,1,1,4,0,1,1,0,1,0,0000000,99,99,99,99,88,88,0,0,0,1,1
6,61821,2,2,0,13,73,710,25,9,2010,7,17,15,1,11,1,I-805,,66,32.63559722,-117.048102780,0,12,7,0,1,1,1,0,1,1,0,1,0,0000000,99,99,99,99,99,99,0,0,0,1,1