STATE,ST_CASE,VE_TOTAL,VE_FORMS,PEDS,PERSONS,COUNTY,CITY,DAY,MONTH,YEAR,DAY_WEEK,HOUR,MINUTE,NHS,ROAD_FNC,ROUTE,TWAY_ID,TWAY_ID2,MILEPT,LATITUDE,LONGITUD,SP_JUR,HARM_EV,MAN_COLL,RELJCT1,RELJCT2,TYP_INT,REL_ROAD,WRK_ZONE,LGT_COND,WEATHER1,WEATHER2,WEATHER,SCH_BUS,RAIL,NOT_HOUR,NOT_MIN,ARR_HOUR,ARR_MIN,HOSP_HR,HOSP_MN,CF1,CF2,CF3,FATALS,DRUNK_DR
6,61822,2,2,0,4,73,0,25,9,2010,7,21,10,0,12,3,SR-76,,99,33.26291111,-117.236911110,0,12,2,0,1,1,1,1,2,1,0,1,0,0000000,99,99,99,99,99,99,0,0,0,1,0
6,61823,3,3,1,4,71,4040,25,9,2010,7,23,32,1,11,1,I-15,,374,34.47258056,-117.344272220,0,8,0,0,1,1,1,0,2,1,0,1,0,0000000,99,99,99,99,88,88,19,0,0,1,0
6,61824,1,1,0,1,111,3641,26,9,2010,1,0,38,0,14,6,ALAMO ST,,0,34.28627222,-118.754077780,0,33,0,0,1,1,3,0,3,1,0,1,0,0000000,99,99,99,99,88,88,0,0,0,1,1
6,61825,1,1,0,7,107,0,26,9,2010,1,5,30,1,2,3,SR-99,,83,35.90749167,-119.279230560,0,38,0,0,1,1,4,0,2,1,0,1,0,0000000,99,99,99,99,99,99,0,0,0,1,0
6,61826,1,1,0,2,99,0,27,9,2010,2,0,1,0,6,4,DRAPER RD,HALLOWELL RD,0,37.29669167,-121.049305560,0,1,0,0,3,3,4,0,2,1,0,1,0,0000000,99,99,99,99,99,99,0,0,0,1,1
6,61827,3,3,0,5,113,0,27,9,2010,2,12,12,0,2,3,SR-16,,302,38.68383611,-121.982833330,0,12,2,0,1,1,1,0,1,1,0,1,0,0000000,99,99,99,99,99,99,0,0,0,1,0
6,61828,1,1,0,1,65,2278,27,9,2010,2,13,49,0,15,6,IRONWOOD AVE,DALEHURST RD,0,33.94898056,-117.197855560,0,1,0,0,3,1,4,0,1,1,0,1,0,0000000,99,99,99,99,99,99,0,0,0,1,0
6,61829,2,2,0,3,87,0,27,9,2010,2,18,10,0,4,4,CARLTON RD,,0,36.93737222,-121.707744440,0,12,2,0,1,1,1,0,1,1,0,1,0,0000000,99,99,99,99,99,99,0,0,0,1,1
6,61830,2,2,0,2,59,1782,27,9,2010,2,21,35,1,11,1,I-5,,172,33.60211944,-117.686683330,0,12,1,0,1,1,1,0,3,1,0,1,0,0000000,99,99,99,99,99,99,23,0,0,1,0
6,61831,1,1,0,1,89,0,29,9,2010,4,99,99,1,2,3,SR-299,,11,40.64460000,-122.722005560,0,24,0,0,1,1,4,0,1,1,0,1,0,0000000,99,99,99,99,88,88,0,0,0,1,1
6,61832,1,1,0,1,7,0,1,10,2010,6,1,38,0,2,4,SKYWAY RD,,0,39.70533889,-121.771730560,0,31,0,0,1,1,3,0,2,1,0,1,0,0000000,99,99,99,99,88,88,0,0,0,1,0
6,61833,1,1,0,1,59,0,1,10,2010,6,2,40,1,12,3,SR-73,,148,33.58488056,-117.726916670,0,24,0,0,1,1,4,0,3,10,0,10,0,0000000,99,99,99,99,88,88,0,0,0,1,1
6,61834,1,1,0,2,67,0,1,10,2010,6,10,40,0,3,4,DON JULIO BL,,0,38.68175833,-121.372383330,0,31,0,0,1,1,5,0,1,1,0,1,0,0000000,99,99,99,99,99,99,20,0,0,1,0
6,61835,1,1,0,2,53,1470,1,10,2010,6,13,29,1,12,2,US-101,,539,36.32964722,-121.244430560,0,24,0,0,1,1,4,0,1,1,0,1,0,0000000,99,99,99,99,99,99,0,0,0,1,0
6,61836,1,1,0,1,37,0,1,10,2010,6,13,35,1,11,1,I-710 RAMP,,247,34.03655000,-118.170952780,0,33,0,0,1,1,3,0,1,1,0,1,0,0000000,99,99,99,99,88,88,0,0,0,1,0
6,61837,1,1,0,1,37,0,1,10,2010,6,20,25,0,4,4,COMMERCE CENTER DR,,0,34.44361944,-118.625908330,0,33,0,0,1,1,3,0,3,1,0,1,0,0000000,99,99,99,99,88,88,0,0,0,1,1
6,61838,1,1,0,1,19,0,1,10,2010,6,23,50,0,5,4,ADAMS AVE,,0,36.63388611,-119.535669440,0,23,0,0,1,1,4,0,2,1,0,1,0,0000000,99,99,99,99,88,88,0,0,0,1,1
6,61839,1,1,0,4,77,0,2,10,2010,7,1,41,0,2,4,AIRPORT WAY,,0,37.84212222,-121.254858330,0,42,0,0,1,1,2,0,2,1,0,1,0,0000000,99,99,99,99,99,99,0,0,0,1,0
6,61840,2,2,0,3,29,0,2,10,2010,7,6,20,1,1,1,I-5,,741,35.63351111,-119.666475000,0,12,1,0,1,1,1,0,2,2,0,2,0,0000000,99,99,99,99,88,88,0,0,0,1,1
6,61841,2,2,0,3,15,0,2,10,2010,7,10,30,1,2,2,US-101,,147,41.63154722,-124.113750000,0,12,2,0,1,1,1,0,1,10,0,10,0,0000000,99,99,99,99,99,99,0,0,0,2,0
6,61842,2,2,0,3,77,0,2,10,2010,7,20,2,0,6,4,BRUELLA RD,COLLIER RD,0,38.21872778,-121.208294440,0,12,6,0,2,2,1,0,2,1,0,1,0,0000000,99,99,99,99,99,99,0,0,0,2,0
6,61843,2,2,0,2,19,0,2,10,2010,7,23,38,0,4,4,VALENTINE AVE,JENSEN AVE,0,36.70661944,-119.853500000,0,12,6,0,2,2,1,0,2,10,0,10,0,0000000,99,99,99,99,99,99,14,0,0,1,1
6,61844,1,1,0,1,7,2600,3,10,2010,1,2,42,0,15,6,FEATHER RIVER BL,BIRD ST,0,39.50821389,-121.569900000,0,33,0,0,2,3,4,0,3,1,0,1,0,0000000,99,99,99,99,88,88,0,0,0,1,1
6,61845,5,1,0,2,85,3340,3,10,2010,1,6,50,0,14,6,PARK AVE,,0,37.33595278,-121.926463890,0,14,0,0,1,1,7,0,4,1,0,1,0,0000000,99,99,99,99,99,99,0,0,0,1,0
6,61846,2,2,0,2,45,0,19,9,2010,1,19,2,1,2,2,US-101,,527,39.48052778,-123.362419440,0,12,2,0,1,1,1,0,1,10,0,10,0,0000000,99,99,99,99,99,99,0,0,0,1,0
6,61847,2,2,0,3,79,2705,3,10,2010,1,20,13,0,16,6,SERENADE DR,,0,35.61128056,-120.679097220,0,12,8,0,1,1,1,0,3,1,0,1,0,0000000,99,99,99,99,99,99,0,0,0,1,1
6,61848,2,2,0,2,73,2510,4,10,2010,2,6,20,1,11,1,I-5,I-5 RAMP,532,33.20022778,-117.372394440,0,12,6,1,2,3,1,0,4,10,2,2,0,0000000,99,99,99,99,88,88,0,0,0,1,0
6,61849,1,1,0,1,19,0,5,10,2010,3,6,50,0,6,4,DICKENSON AVE,,0,36.41038611,-119.977291670,0,23,0,0,1,1,4,0,4,10,0,10,0,0000000,99,99,99,99,88,88,0,0,0,1,0
6,61850,2,2,0,2,37,230,5,10,2010,3,21,20,1,11,1,I-210,,406,34.12077778,-117.890333330,0,12,6,1,18,1,1,0,3,2,0,2,0,0000000,99,99,99,99,99,99,0,0,0,1,0
6,61851,1,1,0,1,67,3150,20,9,2010,2,4,5,1,11,1,I-80,,54,38.64162778,-121.470788890,0,24,0,0,1,1,3,0,2,10,0,10,0,0000000,99,99,99,99,88,88,0,0,0,1,0
6,61852,1,1,0,1,1,1364,6,10,2010,4,2,53,0,13,6,PASEO PADRE PKY,,0,37.58090833,-122.032475000,0,33,0,0,1,1,4,0,3,1,0,1,0,0000000,99,99,99,99,88,88,0,0,0,1,0
6,61853,2,2,0,2,13,820,6,10,2010,4,12,49,0,13,6,CONCORD AVE,CALIFORNIA ST,0,37.97823611,-122.039822220,0,12,11,0,2,3,1,0,1,1,0,1,0,0000000,99,99,99,99,99,99,0,0,0,1,0
6,61854,1,1,0,1,33,0,6,10,2010,4,18,20,0,2,3,SR-20,,193,39.06479722,-122.784736110,0,1,0,0,1,1,4,0,5,10,0,10,0,0000000,99,99,99,99,99,99,0,0,0,1,1
6,61855,2,2,0,2,71,3970,7,10,2010,5,6,0,0,14,6,BASELINE RD,UTAH TRL,0,34.12153889,-116.036911110,0,12,6,0,2,2,1,0,3,1,0,1,0,0000000,99,99,99,99,99,99,0,0,0,1,0
6,61856,1,1,0,1,85,3790,7,10,2010,5,16,44,0,16,6,TASMAN DR,,0,37.40325000,-122.004847220,0,33,0,0,1,1,4,0,1,1,0,1,0,0000000,99,99,99,99,99,99,0,0,0,1,0
6,61857,2,1,1,5,59,0,29,8,2010,1,2,48,1,12,3,SR-91 RAMP,,157,33.85216944,-117.875488890,0,59,0,1,5,1,8,0,3,1,0,1,0,0000000,99,99,99,99,88,88,15,23,0,1,0
6,61858,2,2,1,3,59,1345,30,10,2010,7,19,10,0,13,6,HARBOR BL,,0,33.72059167,-117.920336110,0,8,0,0,1,1,1,0,3,1,0,1,0,0000000,99,99,99,99,88,88,0,0,0,1,0
6,61859,1,1,1,3,37,1980,8,10,2010,6,20,55,0,13,6,CENTINELA AVE,,0,33.99628611,-118.427663890,0,8,0,0,1,1,1,0,3,1,0,1,0,0000000,99,99,99,99,99,99,0,0,0,1,0
6,61860,1,1,1,2,71,3210,8,10,2010,6,21,23,0,14,6,9TH ST,WESTERN AVE,0,34.11576944,-117.318986110,0,8,0,0,3,2,1,0,3,1,0,1,0,0000000,99,99,99,99,99,99,0,0,0,1,0
6,61861,1,1,1,1,79,3370,13,10,2010,4,20,18,0,14,6,SANTA BARBARA ST,ROUNDHOUSE AVE,0,35.27059167,-120.656341670,0,8,0,0,3,3,1,0,3,1,0,1,0,0000000,99,99,99,99,99,99,0,0,0,1,0
6,61862,1,1,1,1,81,3390,14,10,2010,5,19,55,0,14,6,25TH AVE,,0,37.54527222,-122.304658330,0,8,0,0,1,1,1,0,3,1,0,1,0,0000000,19,56,20,0,99,99,0,0,0,1,0
6,61863,1,1,1,1,113,4258,15,10,2010,6,3,0,0,12,3,SR-113,,85,38.65295833,-121.754994440,0,8,0,0,1,1,1,0,2,1,0,1,0,0000000,99,99,99,99,88,88,0,0,0,1,0
6,61864,1,1,1,1,81,180,15,10,2010,6,6,15,0,13,3,SR-82,,16,37.45995556,-122.195794440,0,8,0,0,1,1,1,0,3,1,0,1,0,0000000,99,99,99,99,88,88,0,0,0,1,0
6,61865,3,3,0,3,37,1980,2,11,2010,3,8,45,1,11,1,I-10,,64,34.03191111,-118.415761110,0,12,1,1,18,1,1,0,1,1,0,1,0,0000000,99,99,99,99,99,99,0,0,0,1,0
6,61866,1,1,0,1,65,564,1,9,2010,4,21,41,0,16,6,CANYON LAKE DR SOUTH,,0,33.67430000,-117.254397220,0,1,0,0,1,1,1,1,2,1,0,1,0,0000000,21,42,99,99,99,99,0,0,0,1,1
6,61867,2,2,0,5,75,3290,4,9,2010,7,22,20,0,14,6,LAKE MERCED BL,,0,37.72930000,-122.494252780,0,12,6,0,1,1,1,0,3,1,0,1,0,0000000,99,99,99,99,99,99,0,0,0,2,0
6,61868,1,1,1,1,95,4020,24,9,2010,6,19,44,0,13,6,CURTOLA PKWY,MARIN ST,0,38.09707778,-122.256669440,0,8,0,0,3,3,1,0,3,1,0,1,0,0000000,19,45,99,99,99,99,0,0,0,1,0
6,61869,2,2,0,3,111,0,24,9,2010,6,21,45,1,12,2,US-101,,110,34.20541389,-118.988402780,0,12,1,0,1,1,1,0,2,1,0,1,0,0000000,21,46,99,99,99,99,0,0,0,1,0
6,61870,1,1,0,1,35,0,26,9,2010,1,10,30,0,2,3,SR-139,EAGLE LAKE RD,308,40.73895000,-120.710016670,0,24,0,0,3,3,4,0,1,1,0,1,0,0000000,99,99,99,99,99,99,0,0,0,1,0
6,61871,1,1,0,1,37,1980,3,10,2010,1,2,55,1,11,1,I-105 RAMP,,7,33.93090000,-118.388100000,0,39,0,1,5,1,4,0,3,1,0,1,0,0000000,2,57,99,99,88,88,0,0,0,1,0
6,61872,1,1,1,2,71,1305,21,10,2010,5,5,44,0,13,6,FOOTHILL BL,,0,34.10652778,-117.486775000,0,8,0,0,1,1,1,4,2,2,0,2,0,0000000,5,44,99,99,99,99,0,0,0,1,0
6,61873,1,1,1,1,67,0,22,10,2010,6,18,37,0,2,4,ELKHORN BL,6TH ST,0,38.68414444,-121.475325000,0,8,0,0,2,3,1,0,2,10,0,10,0,0000000,18,39,99,99,88,88,0,0,0,1,0
6,61874,1,1,1,1,115,0,22,10,2010,6,21,23,0,3,4,N BEALE RD,,0,39.12758889,-121.553500000,0,8,0,0,1,1,1,0,3,10,0,10,0,0000000,21,24,99,99,88,88,0,0,0,1,0
6,61875,1,1,1,1,107,0,23,10,2010,7,5,55,0,2,3,SR-190,,106,36.05114722,-119.122375000,0,8,0,0,1,1,1,0,2,10,0,10,0,0000000,99,99,99,99,99,98,0,0,0,1,0
6,61876,2,2,0,2,37,1980,6,11,2010,7,14,30,0,13,6,1ST ST,FICKETT ST,0,34.04261944,-118.207350000,0,12,6,0,3,2,1,0,1,1,0,1,0,0000000,99,99,99,99,99,99,0,0,0,1,0
6,61877,1,1,1,1,55,2330,6,11,2010,7,21,6,0,13,3,SR-121,,80,38.30706389,-122.277622220,0,15,0,0,1,1,1,0,3,10,0,10,0,0000000,99,99,99,99,88,88,0,0,0,1,1
6,61878,1,1,0,1,13,2790,8,11,2010,2,1,14,1,12,3,SR-4,,202,38.01867500,-121.940711110,0,1,0,0,1,1,1,0,3,1,0,1,0,0000000,99,99,99,99,88,88,0,0,0,1,1
6,61879,2,1,1,1,85,3440,14,3,2010,1,0,16,0,15,6,CABRILLO AVE,,0,37.35864444,-121.962683330,0,8,0,0,1,1,1,0,3,1,0,1,0,0000000,99,99,99,99,99,99,0,0,0,2,1
6,61880,1,1,1,2,71,3970,30,4,2010,6,23,2,0,13,3,SR-62,,315,34.13520000,-116.085297220,0,9,0,0,1,1,1,0,2,1,0,1,0,0000000,23,4,23,9,23,32,0,0,0,1,0
6,61881,4,2,0,5,37,1980,9,6,2010,4,8,33,1,11,1,I-405,,285,34.02194722,-118.425963890,0,12,7,0,1,1,1,0,1,1,0,1,0,0000000,99,99,99,99,99,99,14,0,0,1,0
6,61882,1,1,0,1,71,3,9,6,2010,4,19,25,1,12,2,US-395,,162,34.54465278,-117.400416670,0,32,0,0,1,1,4,0,2,1,0,1,0,0000000,99,99,99,99,99,99,0,0,0,1,1
6,61883,3,3,0,5,71,2350,10,6,2010,5,3,40,1,11,1,I-40,,997,34.80266944,-115.284519440,0,12,1,0,1,1,1,0,2,1,0,1,0,0000000,99,99,99,99,99,99,19,0,0,1,0
6,61884,1,1,0,6,39,0,19,6,2010,7,19,17,1,2,3,SR-99,,216,37.04136944,-120.157511110,0,1,0,0,1,1,3,0,1,1,0,1,0,0000000,19,19,99,99,99,99,0,0,0,1,0
6,61885,2,2,0,2,23,0,15,10,2010,6,10,48,1,2,2,US-101,,179,40.16516667,-123.784697220,0,12,8,0,1,1,1,0,1,1,0,1,0,0000000,10,51,99,99,99,98,0,0,0,1,0
6,61886,2,2,2,5,37,1980,6,11,2010,7,15,25,0,13,6,CRENSHAW BL,COLISEUM PL,0,34.01643889,-118.335125000,0,12,6,0,2,2,1,0,1,1,0,1,0,0000000,99,99,99,99,99,99,0,0,0,2,0
6,61887,1,1,1,1,37,1980,6,11,2010,7,17,35,0,16,6,W 52ND PL,,0,33.99497500,-118.286233330,0,8,0,0,1,1,1,0,1,1,0,1,0,0000000,99,99,99,99,99,99,0,0,0,1,0
6,61888,1,1,1,1,77,0,7,11,2010,1,4,15,1,11,1,I-5,,151,37.97586944,-121.340216670,0,8,0,0,1,1,1,0,3,2,0,2,0,0000000,99,99,99,99,88,88,0,0,0,1,0
6,61889,1,1,1,2,37,1980,11,9,2010,7,2,15,1,12,2,US-101 RAMP,,43,34.08041944,-118.291530560,0,33,0,0,5,1,8,0,3,1,0,1,0,0000000,99,99,99,99,88,88,0,0,0,1,1
6,61890,2,2,0,2,97,0,10,10,2010,1,18,25,0,2,3,SR-1,,330,38.51850000,-123.246480560,0,12,7,0,1,1,1,0,5,1,0,1,0,0000000,18,28,99,99,99,99,0,0,0,1,0
6,61891,1,1,1,1,59,4130,24,10,2010,1,21,43,0,13,6,GOLDENWEST ST,MAPLE ST,0,33.75364722,-118.007102780,0,8,0,0,3,3,1,0,3,2,0,2,0,0000000,99,99,99,99,88,88,0,0,0,1,0
6,61892,1,1,1,1,71,3000,26,10,2010,3,5,48,0,13,3,SR-66,,194,34.10677222,-117.365563890,0,8,0,0,1,1,1,0,3,10,0,10,0,0000000,99,99,5,55,88,88,0,0,0,1,0
6,61893,1,1,1,1,37,1700,26,10,2010,3,6,47,0,13,6,MANCHESTER BL,,0,33.95972222,-118.345291670,0,8,0,0,1,1,1,0,3,1,0,1,0,0000000,99,99,99,99,88,88,0,0,0,1,0
6,61894,1,1,1,1,85,2311,31,10,2010,1,2,38,0,13,6,EL CAMINO REAL,,0,37.39430556,-122.098450000,0,8,0,0,1,1,1,0,3,1,0,1,0,0000000,99,99,99,99,88,88,0,0,0,1,1
6,61895,1,1,1,4,67,3150,31,10,2010,1,15,19,1,12,3,SR-99,,226,38.53408056,-121.472519440,0,8,0,0,1,1,1,0,1,1,0,1,0,0000000,99,99,99,99,99,99,0,0,0,1,0
6,61896,1,1,1,1,71,0,31,10,2010,1,20,15,0,4,4,LINN RD,,0,34.29503056,-116.410269440,0,8,0,0,1,1,1,0,2,1,0,1,0,0000000,99,99,99,99,88,88,0,0,0,1,1
6,61897,1,1,0,2,1,2480,30,6,2010,4,1,57,0,13,6,HARRISON ST,,0,37.81924722,-122.254852780,0,30,0,0,1,1,4,0,3,1,0,1,0,0000000,99,99,99,99,99,99,0,0,0,1,1
6,61898,1,1,1,1,73,1080,10,11,2010,4,5,8,1,11,1,I-8,,154,32.80228056,-116.966458330,0,8,0,0,1,1,1,0,2,1,0,1,0,0000000,99,99,99,99,99,99,0,0,0,1,0
6,61899,1,1,1,1,55,0,10,11,2010,4,17,35,0,4,4,SOLANO AVE,HILLVIEW LN,0,38.36943889,-122.340488890,0,9,0,0,3,3,2,0,5,1,0,1,0,0000000,17,40,99,99,88,88,0,0,0,1,0
6,61900,1,1,1,1,1,1364,10,11,2010,4,18,59,0,13,6,MOWRY AVE,BELL ST,0,37.54741944,-121.989247220,0,8,0,0,2,3,1,0,3,1,0,1,0,0000000,19,0,99,99,99,99,0,0,0,1,0
6,61901,2,2,1,5,65,0,10,11,2010,4,19,16,0,2,4,LIMONITE AVE,,0,33.97822500,-117.450758330,0,8,0,0,1,1,1,0,3,1,0,1,0,0000000,99,99,99,99,88,88,0,0,0,1,0
6,61902,1,1,1,1,37,4124,10,11,2010,4,23,48,0,13,6,SUNSET BL,HAMMOND ST,0,34.09037500,-118.387686110,0,8,0,0,3,3,1,0,3,1,0,1,0,0000000,99,99,99,99,88,88,0,0,0,1,0
6,61903,1,1,1,1,77,3770,11,11,2010,5,0,58,0,16,6,KELLEY DR,,0,38.02302778,-121.356697220,0,8,0,0,1,1,1,0,3,1,0,1,0,0000000,99,99,99,99,99,99,0,0,0,1,1
6,61904,1,1,1,1,65,1580,11,11,2010,5,6,57,0,14,6,LYON AVE,MENLO AVE,0,33.75810000,-116.989244440,0,15,0,0,3,2,1,0,1,1,0,1,0,0000000,99,99,99,99,99,99,0,0,0,1,0
6,61905,1,1,1,1,77,3770,11,11,2010,5,10,53,0,16,6,EAGLEPOINT LN,,0,38.03257778,-121.296272220,0,8,0,0,1,1,1,0,1,1,0,1,0,0000000,99,99,99,99,99,99,4,0,0,1,0
6,61906,1,1,1,1,59,80,11,11,2010,5,17,37,0,14,6,S RIO VISTA ST,,0,33.83915556,-117.871644440,0,8,0,0,1,1,1,0,3,1,0,1,0,0000000,99,99,99,99,99,99,0,0,0,1,1
6,61907,1,1,1,3,37,0,15,10,2010,6,19,0,0,3,4,GLADSTONE ST,FENIMORE AVE,0,34.11416944,-117.893300000,0,8,0,0,3,2,1,0,2,1,0,1,0,0000000,99,99,99,99,88,88,0,0,0,1,0
6,61908,1,1,1,1,1,340,23,10,2010,7,21,26,0,16,6,SAN PABLO AVE,GILMAN ST,0,37.88049722,-122.295825000,0,8,0,0,3,2,1,0,3,2,0,2,0,0000000,99,99,99,99,99,99,0,0,0,1,0
6,61909,1,1,1,1,37,1970,30,10,2010,7,18,30,0,13,6,LONG BEACH BL,,0,33.87374167,-118.202602780,0,8,0,0,1,1,1,0,3,1,0,1,0,0000000,99,99,99,99,99,99,0,0,0,1,0
6,61910,1,1,1,3,73,3260,30,10,2010,7,20,31,1,11,1,I-15,,68,32.78835000,-117.113775000,0,8,0,0,1,1,1,0,3,10,0,10,0,0000000,99,99,99,99,99,99,0,0,0,1,0
6,61911,1,1,1,1,29,0,30,10,2010,7,23,45,0,2,4,EDISON HWY,,0,35.37096111,-118.967069440,0,8,0,0,1,1,1,0,2,1,0,1,0,0000000,99,99,99,99,99,99,0,0,0,1,0
6,61912,1,1,1,1,97,2740,31,10,2010,1,4,45,1,12,2,US-101,,80,38.27558889,-122.674400000,0,8,0,0,1,1,1,0,2,5,0,5,0,0000000,99,99,99,99,88,88,19,0,0,1,0
6,61913,1,1,2,1,37,1980,2,11,2010,3,19,20,0,13,6,LAUREL CYN BL,ARCHWOOD ST,0,34.19210000,-118.396511110,0,8,0,0,3,2,1,0,3,1,0,1,0,0000000,99,99,99,99,99,99,0,0,0,1,0
6,61914,1,1,1,1,95,4010,12,11,2010,6,17,58,0,13,6,ALAMO DR.,,0,38.33532778,-121.962252780,0,9,0,0,1,1,1,0,3,1,0,1,0,0000000,99,99,99,99,99,99,0,0,0,1,0
6,61915,1,1,1,1,31,1540,12,11,2010,6,17,32,0,14,6,11TH ST,NEVILLE ST,0,36.34092222,-119.655152780,0,8,0,0,3,2,1,0,3,1,0,1,0,0000000,99,99,99,99,99,99,0,0,0,1,0
6,61916,1,1,1,1,111,2620,13,11,2010,7,18,48,0,13,6,VENTURA RD,HEMLOCK ST,0,34.18116944,-119.195136110,0,9,0,0,3,2,1,0,3,1,0,1,0,0000000,99,99,99,99,88,88,0,0,0,1,0
6,61917,1,1,1,1,39,2050,13,11,2010,7,19,57,0,14,6,4TH ST,,0,36.96158611,-120.064763890,0,8,0,1,18,1,1,0,3,1,0,1,0,0000000,99,99,99,99,99,99,0,0,0,1,0
6,61918,3,3,1,7,79,0,14,11,2010,1,2,21,1,2,2,US-101,,378,35.41560000,-120.627500000,0,12,2,0,1,1,1,0,2,1,0,1,0,0000000,99,99,99,99,99,99,19,0,0,1,1
6,61919,2,2,0,3,71,1605,28,2,2010,1,18,54,0,14,6,BASELINE ST,,0,34.12124722,-117.207866670,0,12,6,0,8,1,1,0,3,1,0,1,0,0000000,99,99,99,99,99,99,0,0,0,1,2
6,61920,2,2,0,3,1,1364,6,3,2010,7,17,27,0,13,3,SR-61,HEGENBERGER DR,160,37.72654167,-122.201688890,0,12,6,1,2,2,1,0,1,10,0,10,0,0000000,99,99,99,99,99,99,0,0,0,1,1
6,61921,1,1,1,1,67,2934,23,8,2010,2,19,15,0,16,6,EL CERRO CT,,0,38.59350278,-121.309619440,0,8,0,0,1,1,1,0,5,1,0,1,0,0000000,99,99,99,99,99,99,0,0,0,1,0
6,61922,1,1,1,1,65,0,3,11,2010,4,4,20,0,2,3,SR-74,,40,33.62089444,-117.425661110,0,1,0,0,1,1,2,0,2,1,0,1,0,0000000,99,99,99,99,99,99,19,0,0,1,0
6,61923,1,1,1,1,65,250,4,11,2010,5,9,12,0,16,6,CHAMPIONS DR,,0,33.95406667,-117.034919440,0,9,0,0,1,1,1,0,1,1,0,1,0,0000000,99,99,99,99,88,88,0,0,0,1,0
6,61924,1,1,1,1,81,0,4,11,2010,5,15,38,0,4,4,ALPINE ROAD,,0,37.40959167,-122.194741670,0,9,0,0,1,1,1,0,1,1,0,1,0,0000000,99,99,99,99,88,88,0,0,0,1,0
6,61925,1,1,1,1,67,0,16,11,2010,3,17,37,0,3,4,14TH ST,45TH ST,0,38.53945833,-121.454580560,0,8,0,0,3,3,1,0,2,1,0,1,0,0000000,99,99,99,99,99,99,0,0,0,1,0
6,61926,1,1,1,1,19,1370,17,11,2010,4,17,8,0,13,6,N CEDAR AVE,,0,36.76359444,-119.754538890,0,8,0,0,1,1,1,0,5,1,0,1,0,0000000,99,99,99,99,88,88,0,0,0,1,0
6,61927,1,1,1,1,73,1080,18,11,2010,5,12,46,0,16,6,E MADISON,,0,32.80013056,-116.936941670,0,9,0,0,8,1,1,0,1,1,0,1,0,0000000,99,99,99,99,99,99,0,0,0,1,0
6,61928,2,2,0,4,29,240,7,10,2010,5,20,6,1,12,3,SR-178,,113,35.41941111,-118.825572220,0,12,2,0,1,1,1,0,2,1,0,1,0,0000000,99,99,99,99,88,88,0,0,0,2,1
6,61929,1,1,0,1,115,0,21,10,2010,5,7,20,0,3,4,HAMMONTON-SMARTVILLE,,0,39.17693889,-121.400900000,0,35,0,0,1,1,4,0,1,1,0,1,0,0000000,99,99,99,99,99,99,0,0,0,1,0
6,61931,2,2,1,2,71,3970,28,10,2010,5,21,33,0,12,3,SR-62,MISSION AVE,318,34.13540833,-116.079275000,0,8,0,0,2,3,1,0,2,1,0,1,0,0000000,99,99,99,99,88,88,0,0,0,1,0
6,61932,1,1,1,1,1,1364,5,11,2010,6,6,21,0,14,6,FREMONT BL,NORRIS RD,0,37.55453333,-121.999897220,0,8,0,0,3,2,1,0,3,1,0,1,0,0000000,6,21,99,99,99,99,0,0,0,1,0
6,61933,1,1,1,1,67,0,6,11,2010,7,19,8,0,2,4,FLORIN RD,,0,38.49575278,-121.406736110,0,8,0,0,1,1,1,0,3,1,0,1,0,0000000,19,10,99,99,99,99,0,0,0,1,0
6,61934,1,1,0,1,37,1045,7,11,2010,1,6,36,0,13,6,FLORENCE AVE,,0,33.96010278,-118.142875000,0,42,0,0,1,1,3,0,1,1,0,1,0,0000000,99,99,99,99,99,99,0,0,0,1,0
6,61935,1,1,1,2,1,1364,7,11,2010,1,20,24,0,13,6,MOWRY AVE,,0,37.54458889,-121.991541670,0,8,0,0,1,1,1,0,3,2,0,2,0,0000000,20,24,99,99,88,88,0,0,0,1,0
6,61936,1,1,1,1,37,1980,8,11,2010,2,3,30,0,13,6,ALVARDO ST,BEVERLY BL,0,34.06655833,-118.270386110,0,8,0,0,3,2,1,0,3,2,0,2,0,0000000,99,99,99,99,88,88,0,0,0,1,0
6,61937,1,1,1,1,37,1980,8,11,2010,2,3,40,0,13,6,WESTERN AVE,,0,33.98611667,-118.308977780,0,8,0,0,1,1,1,0,6,2,0,2,0,0000000,99,99,99,99,99,99,0,0,0,1,0