STATE,ST_CASE,VE_TOTAL,VE_FORMS,PEDS,PERSONS,COUNTY,CITY,DAY,MONTH,YEAR,DAY_WEEK,HOUR,MINUTE,NHS,ROAD_FNC,ROUTE,TWAY_ID,TWAY_ID2,MILEPT,LATITUDE,LONGITUD,SP_JUR,HARM_EV,MAN_COLL,RELJCT1,RELJCT2,TYP_INT,REL_ROAD,WRK_ZONE,LGT_COND,WEATHER1,WEATHER2,WEATHER,SCH_BUS,RAIL,NOT_HOUR,NOT_MIN,ARR_HOUR,ARR_MIN,HOSP_HR,HOSP_MN,CF1,CF2,CF3,FATALS,DRUNK_DR
6,61938,2,2,1,3,29,0,8,11,2010,2,18,22,0,2,3,SR-119,,196,35.26689167,-119.227966670,0,8,0,0,1,1,1,0,2,1,0,1,0,0000000,18,25,99,99,88,88,0,0,0,1,0
6,61939,1,1,0,1,23,1220,1,12,2010,4,1,53,0,13,2,US-101,,0,40.78057500,-124.185375000,0,30,0,0,1,1,4,0,3,2,10,2,0,0000000,99,99,99,99,88,88,0,0,0,1,1
6,61940,1,1,1,1,81,490,1,12,2010,4,1,23,1,12,2,US-101,,175,37.59871667,-122.374730560,0,8,0,0,1,1,1,0,2,1,0,1,0,0000000,99,99,99,99,99,99,0,0,0,1,0
6,61941,1,1,1,5,67,3150,28,11,2010,1,19,39,0,16,6,VALLEY HI DR,,0,38.46440833,-121.435091670,0,8,0,0,1,1,1,0,3,1,0,1,0,0000000,99,99,99,99,99,99,0,0,0,1,0
6,61942,1,1,1,1,37,1970,27,11,2010,7,19,50,0,13,3,SR-1,ANAHEIM ST,28,33.78272222,-118.132708330,0,8,0,0,3,2,1,0,3,2,10,2,0,0000000,99,99,99,99,88,88,0,0,0,1,0
6,61943,1,1,4,1,37,1980,27,11,2010,7,16,15,0,13,6,YORK BL,ARMANDALE AVE,0,34.12250000,-118.212108330,0,19,0,0,3,2,5,0,1,1,0,1,0,0000000,99,99,99,99,99,99,0,0,0,1,0
6,61944,3,2,2,2,37,1716,27,11,2010,7,11,8,1,11,1,I-605,,238,34.11322500,-117.979302780,0,14,0,0,1,1,2,0,1,1,0,1,0,0000000,99,99,99,99,99,99,23,0,0,2,0
6,61945,1,1,1,1,67,0,12,11,2010,6,17,28,0,2,4,AUBURN BL,,0,38.65004722,-121.358280560,0,8,0,0,1,1,1,0,3,1,0,1,0,0000000,17,29,99,99,99,99,0,0,0,1,0
6,61946,1,1,2,3,103,0,13,11,2010,7,17,35,0,4,4,HWY 99 W,,0,39.97534722,-122.177194440,0,8,0,0,1,1,1,0,2,1,0,1,0,0000000,99,99,99,99,99,99,0,0,0,2,0
6,61947,2,2,1,2,29,0,14,11,2010,1,17,30,0,6,4,UNICORN RD,,0,35.43334444,-119.070505560,0,12,7,0,1,1,1,0,2,1,0,1,0,0000000,99,99,99,99,99,99,0,0,0,1,0
6,61948,1,1,1,1,29,240,14,11,2010,1,18,3,0,13,3,SR-204,8TH ST,28,35.36448056,-119.003052780,0,8,0,0,3,3,1,0,3,1,0,1,0,0000000,99,99,99,99,99,99,0,0,0,1,0
6,61949,1,1,0,3,37,2700,14,11,2010,1,19,53,0,16,6,EL MOLINO AVE,,0,34.17273611,-118.137225000,0,42,0,0,1,1,4,0,3,1,0,1,0,0000000,99,99,99,99,99,99,0,0,0,1,0
6,61950,1,1,1,1,7,2600,16,11,2010,3,5,3,0,14,6,NELSON AVE,,0,39.52409444,-121.570875000,0,8,0,0,1,1,1,0,3,1,0,1,0,0000000,99,99,99,99,88,88,0,0,0,1,0
6,61951,1,1,1,2,71,681,16,11,2010,3,17,25,0,14,6,PIPELINE AVE,ROSEWOOD WY,0,33.97901389,-117.715075000,0,15,0,0,3,2,1,0,3,1,0,1,0,0000000,99,99,99,99,88,88,0,0,0,1,0
6,61953,2,1,1,1,79,0,27,6,2010,1,18,39,0,2,4,SOUTH RIVER RD,,0,35.59770000,-120.679500000,0,8,0,0,1,1,1,0,1,1,0,1,0,0000000,99,99,99,99,99,99,0,0,0,1,0
6,61954,1,1,1,3,37,1045,21,11,2010,1,2,25,0,13,6,FIRESTONE BL,DOLAN AVE,0,33.93920278,-118.131388890,0,8,0,0,3,2,1,0,3,1,0,1,0,0000000,99,99,2,31,88,88,0,0,0,1,1
6,61955,1,1,1,1,77,2070,22,11,2010,2,17,25,0,15,6,MOFFAT BL,,0,37.79233889,-121.210591670,0,9,0,0,1,1,1,0,3,10,0,10,0,0000000,99,99,99,99,99,99,0,0,0,1,0
6,61956,1,1,1,1,89,0,22,11,2010,2,18,30,0,6,4,RIVERLAND DR,,0,40.48514722,-122.324997220,0,9,0,0,1,1,1,0,2,2,0,2,0,0000000,99,99,99,99,99,99,0,0,0,1,0
6,61957,1,1,1,1,73,1080,23,11,2010,3,17,15,0,14,6,CHASE AVE,BURNABY ST,0,32.78034167,-116.955391670,0,15,0,0,3,3,1,0,2,10,0,10,0,0000000,99,99,99,99,99,99,0,0,0,1,0
6,61958,1,1,1,1,37,1047,23,11,2010,3,17,22,0,13,6,HUNTINGTON DR,,0,34.13919444,-117.968572220,0,8,0,0,1,1,1,0,2,10,0,10,0,0000000,99,99,99,99,88,88,0,0,0,1,0
6,61959,3,3,0,6,67,0,23,11,2010,3,21,13,0,3,4,MANZANITA AVE,COYLE AVE,0,38.66781111,-121.327258330,0,12,6,0,2,2,1,0,3,1,0,1,0,0000000,99,99,99,99,99,99,20,0,0,1,0
6,61960,2,2,1,2,67,3150,27,11,2010,7,2,10,1,11,1,I-80,,59,38.64164167,-121.460786110,0,12,1,0,1,1,1,0,2,10,0,10,0,0000000,99,99,99,99,99,99,0,0,0,1,0
6,61961,1,1,1,1,67,3150,27,11,2010,7,6,34,0,14,6,ROSEVILLE RD,,0,38.63005556,-121.414213890,0,8,0,0,1,1,1,0,4,2,0,2,0,0000000,99,99,99,99,88,88,0,0,0,1,0
6,61962,3,2,2,2,113,4163,1,12,2010,4,9,50,1,12,2,US-50,,18,38.57513889,-121.536833330,0,14,0,0,1,1,3,2,1,1,0,1,0,0000000,99,99,99,99,99,99,0,0,0,1,0
6,61963,1,1,1,1,37,1047,1,12,2010,4,17,30,0,14,6,BUENA VISTA ST,,0,34.13025556,-117.977555560,0,8,0,0,1,1,1,0,3,1,0,1,0,0000000,99,99,99,99,88,88,0,0,0,1,0
6,61964,1,1,1,1,65,2650,12,12,2010,1,20,1,0,13,6,RAMON ROAD,,0,33.81591111,-116.530205560,0,8,0,0,1,1,1,0,2,1,0,1,0,0000000,99,99,99,99,88,88,0,0,0,1,0
6,61965,1,1,1,1,65,850,13,12,2010,2,2,45,1,11,1,I-15,,363,33.81532500,-117.512230560,0,8,0,0,1,1,1,0,2,1,0,1,0,0000000,99,99,99,99,88,88,0,0,0,1,0
6,61966,1,1,1,2,37,480,13,12,2010,2,17,10,0,13,6,VICTORY BLVD,PEPPER ST,0,34.18474722,-118.350202780,0,8,0,0,3,4,1,0,3,1,0,1,0,0000000,99,99,99,99,99,99,0,0,0,1,0
6,61967,1,1,2,1,37,1980,21,11,2010,1,11,35,0,13,6,TEMPLE ST,,0,34.07164444,-118.272436110,0,8,0,0,1,1,1,0,1,1,0,1,0,0000000,99,99,99,99,99,99,0,0,0,2,0
6,61968,3,3,1,7,13,0,21,11,2010,1,16,32,1,12,3,SR-4,,170,38.01457500,-121.995427780,0,8,0,0,1,1,1,0,1,1,0,1,0,0000000,99,99,99,99,99,99,19,0,0,1,0
6,61969,1,1,1,1,83,0,22,11,2010,2,12,25,0,4,4,BETTERAVIA RD,,0,34.91807500,-120.515030560,0,9,0,0,1,1,1,0,1,1,0,1,0,0000000,99,99,99,99,88,88,0,0,0,1,0
6,61970,1,1,2,1,97,3089,1,12,2010,4,17,39,0,14,6,SNYDER LN,MEDICAL CENTER DR,0,38.34751389,-122.685566670,0,8,0,0,3,3,1,0,3,10,0,10,0,0000000,99,99,99,99,99,99,0,0,0,1,0
6,61971,1,1,1,1,19,1370,1,12,2010,4,18,10,0,13,6,E SHAW AVE,,0,36.80867778,-119.756180560,0,8,0,0,1,1,1,0,3,10,0,10,0,0000000,99,99,99,99,99,99,0,0,0,1,0
6,61972,2,2,1,2,37,2700,2,12,2010,5,0,35,1,11,1,I-210,,264,34.15193611,-118.131952780,0,12,6,0,1,1,1,0,3,1,0,1,0,0000000,99,99,99,99,99,99,19,14,0,1,1
6,61973,2,1,1,1,37,1980,2,12,2010,5,21,10,0,14,6,CENTINELA AVE,,0,34.03378056,-118.462147220,0,8,0,0,1,1,1,0,3,1,0,1,0,0000000,99,99,99,99,99,99,14,0,0,1,0
6,61974,1,1,1,1,37,1670,3,12,2010,6,20,14,0,13,6,FLORENCE AVE,,0,33.97293056,-118.213608330,0,8,0,0,1,1,1,0,3,1,0,1,0,0000000,99,99,99,99,99,99,0,0,0,1,0
6,61975,2,2,1,2,99,640,5,12,2010,1,17,45,0,13,6,MITCHELL RD,RHODE RD,0,37.57795000,-120.938702780,0,8,0,0,2,3,1,0,2,2,0,2,0,0000000,99,99,99,99,99,99,0,0,0,1,0
6,61976,1,1,1,1,37,1980,5,12,2010,1,18,50,0,13,6,N ALVARADO ST,W COURT ST,0,34.06928889,-118.268675000,0,8,0,0,3,2,1,0,2,2,0,2,0,0000000,99,99,99,99,99,99,0,0,0,1,0
6,61977,2,2,1,4,37,2458,24,8,2010,3,22,6,0,13,6,ROSECRANS AVE,,0,33.90236667,-118.067427780,0,8,0,0,1,1,1,0,3,1,0,1,0,0000000,99,99,99,99,88,88,0,0,0,1,1
6,61978,1,1,0,1,59,1660,2,10,2010,7,2,27,0,14,6,GOTHARD ST,,0,33.73450278,-118.000138890,0,33,0,0,1,1,4,0,3,1,0,1,0,0000000,99,99,99,99,88,88,0,0,0,1,1
6,61979,1,1,1,1,59,80,2,10,2010,7,19,47,0,16,6,E REDWOOD AVE,,0,33.84323889,-117.897219440,0,8,0,0,1,1,1,0,3,1,0,1,0,0000000,99,99,99,99,99,99,0,0,0,1,0
6,61980,1,1,1,1,37,1970,14,11,2010,1,23,6,0,14,6,ANAHEIM ST,,0,33.78262500,-118.188316670,0,42,0,0,1,1,4,0,3,1,0,1,0,0000000,99,99,99,99,99,99,0,0,0,1,1
6,61981,1,1,1,1,37,1980,28,11,2010,1,12,5,0,16,6,BUTTONWILLOW DR,,0,34.21163333,-118.565102780,0,8,0,0,8,1,4,0,1,1,0,1,0,0000000,99,99,99,99,88,88,0,0,0,1,0
6,61982,2,2,0,5,65,750,28,11,2010,1,16,18,0,14,6,AVENUE 52,DOUMA ST,0,33.67083333,-116.188194440,0,12,1,0,3,3,1,0,1,1,0,1,0,0000000,99,99,99,99,99,99,0,0,0,1,1
6,61983,3,3,1,6,59,880,30,11,2010,3,7,50,0,14,6,SUNFLOWER AVE,STEVENS AVE,0,33.69422222,-117.873175000,0,12,6,0,2,3,1,0,1,1,0,1,0,0000000,99,99,99,99,99,99,0,0,0,1,0
6,61984,1,1,1,1,37,1980,30,11,2010,3,20,10,0,14,6,3RD ST,CARONDELET ST,0,34.06493611,-118.276583330,0,8,0,0,3,3,1,0,3,1,0,1,0,0000000,99,99,99,99,99,99,0,0,0,1,0
6,61985,1,1,1,1,53,0,2,11,2010,3,23,28,1,2,3,SR-1,,920,36.76688056,-121.765080560,0,8,0,0,1,1,1,0,2,5,0,5,0,0000000,99,99,99,99,88,88,19,0,0,1,0
6,61986,1,1,1,1,77,3770,3,11,2010,4,8,50,0,15,6,8TH ST,PHELPS ST,0,37.93148611,-121.265769440,0,8,0,0,3,2,1,0,1,1,0,1,0,0000000,99,99,99,99,99,99,0,0,0,1,0
6,61987,1,1,1,1,71,0,3,11,2010,4,19,10,0,3,4,CEDAR AVE,,0,34.04350000,-117.396400000,0,8,0,0,1,1,1,0,3,1,0,1,0,0000000,99,99,99,99,99,99,0,0,0,1,0
6,61988,1,1,1,1,73,2340,5,11,2010,6,7,46,0,14,6,E 18TH ST,D AVE,0,32.66834167,-117.099444440,0,8,0,0,3,2,1,0,1,1,0,1,0,0000000,99,99,99,99,88,88,0,0,0,1,0
6,61989,1,1,1,1,87,4100,6,11,2010,7,7,14,0,14,6,LAKE AVE,BRIDGE ST,0,36.93041667,-121.744358330,0,8,0,0,3,3,1,0,3,10,0,10,0,0000000,99,99,99,99,99,99,0,0,0,1,0
6,61990,1,1,1,1,37,1047,6,11,2010,7,12,2,0,13,6,HUNTINGTON DR,,0,34.13973889,-117.966808330,0,8,0,0,1,1,1,0,1,1,0,1,0,0000000,99,99,99,99,99,99,0,0,0,1,0
6,61991,1,1,1,1,53,3180,6,11,2010,7,6,24,0,15,6,GARNER AVE,,0,36.68084167,-121.610405560,0,8,0,0,1,1,1,0,4,10,0,10,0,0000000,99,99,99,99,88,88,0,0,0,1,0
6,61992,2,2,0,2,37,1700,22,11,2010,2,22,33,0,14,6,PRAIRIE AVE,,0,33.95217222,-118.343975000,0,12,6,0,8,1,1,0,3,1,0,1,0,0000000,99,99,99,99,99,99,0,0,0,1,0
6,61993,1,1,1,1,67,0,6,12,2010,2,17,20,0,2,3,SR-160,,117,38.24141111,-121.555638890,0,8,0,0,1,1,1,0,2,10,0,10,0,0000000,99,99,99,99,99,99,0,0,0,1,0
6,61994,1,1,1,1,37,1700,7,12,2010,3,7,18,0,13,6,CENTURY BL,VILLAGE DR,0,33.94538889,-118.328986110,0,8,0,0,3,2,1,0,1,1,0,1,0,0000000,99,99,99,99,99,99,0,0,0,1,0
6,61995,1,1,1,1,85,1975,8,12,2010,4,15,13,0,15,6,LOS ALTOS AVE,HACIENDA WY,0,37.39041389,-122.120788890,0,8,0,0,3,3,1,0,1,2,0,2,0,0000000,99,99,99,99,88,88,0,0,0,1,0
6,61996,1,1,1,3,37,1980,10,12,2010,6,10,20,0,13,6,HOOVER ST,,0,34.04849167,-118.284194440,0,9,0,0,1,1,1,0,1,1,0,1,0,0000000,99,99,99,99,99,99,0,0,0,1,0
6,61997,1,1,1,1,13,110,10,12,2010,6,17,3,0,14,6,L ST,CLAUDIA CT,0,38.00008611,-121.821213890,0,8,0,0,3,3,1,0,5,1,0,1,0,0000000,99,99,99,99,99,99,0,0,0,1,0
6,61998,1,1,1,1,29,0,10,12,2010,6,18,38,0,2,4,SIERRA HWY,,0,34.86727222,-118.163558330,0,8,0,0,1,1,1,0,2,1,0,1,0,0000000,99,99,99,99,99,99,0,0,0,1,0
6,61999,1,1,1,1,37,2020,12,12,2010,1,11,24,0,13,6,LONG BEACH BL,,0,33.92983056,-118.211516670,0,8,0,0,1,1,1,0,1,1,0,1,0,0000000,99,99,99,99,99,99,0,0,0,1,0
6,62000,1,1,1,1,71,1305,6,12,2010,2,7,22,0,15,6,COYOTE CYN RD,SERRANO AVE,0,34.16499722,-117.475238890,0,8,0,0,3,2,1,0,1,10,0,10,0,0000000,99,99,99,99,99,99,0,0,0,1,0
6,62001,2,2,1,1,1,3360,9,12,2010,5,3,9,1,11,1,I-880,,209,37.69261667,-122.140761110,0,12,2,0,1,1,1,0,2,10,0,10,0,0000000,99,99,99,99,88,88,19,14,0,1,0
6,62002,1,1,1,1,73,3260,9,12,2010,5,6,42,0,16,6,BLACK MOUNTAIN RD,GOLD COAST DR,0,32.90538889,-117.124225000,0,8,0,0,3,1,1,0,1,1,0,1,0,0000000,99,99,99,99,99,99,0,0,0,1,0
6,62003,1,1,1,1,37,810,11,12,2010,7,4,15,1,11,1,I-710,,142,33.89236111,-118.188472220,0,8,0,0,1,1,1,0,3,5,0,5,0,0000000,99,99,99,99,88,88,0,0,0,1,0
6,62004,1,1,1,1,37,0,11,12,2010,7,18,43,0,3,4,60TH ST W,,0,34.78941667,-118.237652780,0,9,0,0,1,1,1,0,2,1,0,1,0,0000000,99,99,99,99,88,88,0,0,0,1,0
6,62005,2,2,1,2,71,790,12,12,2010,1,6,50,1,11,1,I-10,,234,34.06481111,-117.311411110,0,8,0,0,1,1,1,0,3,1,0,1,0,0000000,99,99,99,99,88,88,0,0,0,1,0
6,62006,2,2,0,3,29,0,15,10,2010,6,19,2,0,6,4,FAMOSO PORTERVILLE,SHERWOOD AVE,0,35.67476111,-119.186361110,0,12,6,0,2,2,1,0,5,1,0,1,0,0000000,99,99,99,99,99,99,0,0,0,1,0
6,62007,1,1,0,2,71,0,16,10,2010,7,3,20,1,1,1,I-40,,650,34.72955000,-115.906019440,0,1,0,0,1,1,3,0,2,1,0,1,0,0000000,99,99,99,99,99,99,0,0,0,1,0
6,62008,1,1,0,4,25,0,16,10,2010,7,7,20,1,2,3,SR-86,,384,33.09941944,-115.791150000,0,1,0,0,1,1,3,0,1,1,0,1,0,0000000,99,99,99,99,99,99,0,0,0,1,0
6,62009,2,2,0,2,17,0,16,10,2010,7,10,0,0,4,4,LATROBE RD,,0,38.58856389,-121.011055560,0,42,0,0,1,1,4,0,1,1,0,1,0,0000000,99,99,99,99,88,88,0,0,0,1,0
6,62010,1,1,0,1,71,4040,16,10,2010,7,16,37,0,16,6,7TH ST,,0,34.47726111,-117.312344440,0,1,0,0,1,1,1,0,1,1,0,1,0,0000000,99,99,99,99,99,99,0,0,0,1,0
6,62011,1,1,0,1,109,0,16,10,2010,7,19,30,0,6,4,HERRING CREEK LN,,0,38.19841111,-120.003683330,0,35,0,0,1,1,5,0,2,10,0,10,0,0000000,99,99,99,99,88,88,0,0,0,1,1
6,62012,1,1,0,1,37,3445,17,10,2010,1,5,42,1,11,1,I-5,,508,34.38941944,-118.569988890,0,31,0,0,1,1,4,0,2,10,0,10,0,0000000,99,99,99,99,88,88,0,0,0,1,0
6,62013,1,1,0,1,37,4069,17,10,2010,1,13,0,0,13,6,GRAND AVE,SNOW CREEK DR,0,34.03534722,-117.839861110,0,33,0,0,3,2,4,0,1,10,0,10,0,0000000,99,99,99,99,99,99,0,0,0,1,0
6,62014,2,2,0,2,37,0,17,10,2010,1,16,20,0,4,4,KANAN,,0,34.11828611,-118.783813890,0,12,6,0,8,1,1,0,1,10,0,10,0,0000000,99,99,99,99,99,99,0,0,0,1,0
6,62015,1,1,0,1,113,0,17,10,2010,1,16,34,0,6,4,COUNTY RD 96B,,0,38.73323889,-121.823611110,0,42,0,0,1,1,4,0,1,10,0,10,0,0000000,99,99,99,99,88,88,0,0,0,1,1
6,62016,2,2,0,2,37,0,17,10,2010,1,17,35,0,2,4,SIERRA HWY,,0,34.76496111,-118.147550000,0,12,2,0,1,1,1,0,1,10,0,10,0,0000000,99,99,99,99,99,99,0,0,0,1,1
6,62017,1,1,0,1,25,0,17,10,2010,1,22,35,0,6,4,ROBINSON RD,,0,32.85458889,-115.435861110,0,24,0,0,1,1,4,0,2,1,0,1,0,0000000,99,99,99,99,88,88,0,0,0,1,1
6,62018,2,2,0,2,73,3260,18,10,2010,2,14,25,0,15,6,JAMACHA RD,,0,32.71443889,-117.034338890,0,12,6,0,8,1,1,0,1,10,0,10,0,0000000,99,99,99,99,99,99,0,0,0,1,0
6,62019,1,1,0,1,111,3860,18,10,2010,2,17,27,1,12,2,US-101,,71,34.18417222,-118.923908330,0,59,0,1,5,1,4,0,1,10,0,10,0,0000000,99,99,99,99,88,88,0,0,0,1,0
6,62020,3,3,0,3,73,560,19,10,2010,3,16,47,0,13,6,EL CAMINO REAL,,0,33.15156389,-117.306152780,0,12,6,0,1,1,1,0,1,2,0,2,0,0000000,99,99,99,99,99,99,0,0,0,1,0
6,62021,1,1,0,1,7,660,19,10,2010,3,22,2,0,13,3,SR-32,,103,39.73700278,-121.816997220,0,42,0,0,1,1,4,0,3,1,0,1,0,0000000,99,99,99,99,99,99,0,0,0,1,1
6,62022,1,1,0,1,85,2000,20,10,2010,4,3,19,0,13,6,BLOSSOM HILL RD,UNION AVE,0,37.23615833,-121.931152780,0,42,0,0,3,3,4,0,3,1,0,1,0,0000000,99,99,99,99,88,88,20,0,0,1,1
6,62023,6,6,0,8,99,2200,20,10,2010,4,13,50,1,12,3,SR-99,,194,37.67331111,-121.041838890,0,12,1,0,1,1,1,2,1,1,0,1,0,0000000,99,99,99,99,99,99,3,14,19,1,0
6,62024,1,1,0,1,71,0,21,10,2010,5,10,1,0,2,3,SR-330,,318,34.16370000,-117.182438890,0,35,0,0,1,1,4,0,1,10,5,5,0,0000000,99,99,99,99,88,88,0,0,0,1,0
6,62025,1,1,0,4,67,3150,21,10,2010,5,23,30,0,13,6,STOCKTON BL,47TH AVE,0,38.51050278,-121.435872220,0,33,0,0,3,2,4,0,3,10,0,10,0,0000000,99,99,99,99,99,99,20,0,0,1,0
6,62026,2,2,0,2,19,0,22,10,2010,6,10,32,1,2,3,SR-41,,161,36.63403056,-119.786122220,0,12,1,0,1,1,1,0,1,1,0,1,0,0000000,99,99,99,99,99,99,0,0,0,1,0
6,62027,1,1,0,1,65,0,22,10,2010,6,14,50,0,6,4,SKYVIEW RD,,0,33.98391111,-117.437238890,0,33,0,0,1,1,4,0,1,10,0,10,0,0000000,99,99,99,99,99,99,0,0,0,1,1
6,62028,1,1,0,1,77,2070,22,10,2010,6,23,0,1,12,3,SR-99,,89,37.82206111,-121.215900000,0,42,0,0,1,1,4,0,2,2,10,2,0,0000000,99,99,99,99,88,88,0,0,0,1,0
6,62029,1,1,0,3,65,2650,23,10,2010,7,1,57,0,14,6,PALM CYN DR,,0,33.84662778,-116.546938890,0,42,0,0,1,1,4,0,2,1,0,1,0,0000000,99,99,99,99,99,99,0,0,0,2,1
6,62030,4,2,0,3,37,1980,23,10,2010,7,3,25,0,15,6,MCKINLEY AVE,75TH ST,0,33.97207222,-118.260827780,0,12,6,0,2,2,1,0,3,10,0,10,0,0000000,99,98,99,98,88,88,14,0,0,1,1
6,62031,1,1,0,1,59,3558,23,10,2010,7,4,14,1,11,1,I-405,,219,33.77433056,-118.062213890,0,25,0,0,1,1,3,0,3,2,0,2,0,0000000,99,99,99,99,99,99,0,0,0,1,0
6,62032,1,1,0,1,37,2870,24,10,2010,1,2,14,0,14,6,INDIAN HILLS BL,,0,34.06883611,-117.719277780,0,33,0,0,1,1,4,0,3,1,0,1,0,0000000,99,98,99,98,88,88,0,0,0,1,1
6,62033,1,1,0,1,79,0,24,10,2010,1,5,0,0,2,3,SR-1,,363,35.29048611,-120.666758330,0,33,0,0,1,1,4,0,2,2,0,2,0,0000000,99,99,99,99,88,88,0,0,0,1,1
6,62034,1,1,0,3,71,0,24,10,2010,1,5,4,1,1,1,I-15,,965,34.96425556,-116.643647220,0,24,0,0,1,1,4,0,2,1,0,1,0,0000000,99,99,99,99,99,99,0,0,0,1,0
6,62035,1,1,0,1,17,0,24,10,2010,1,8,50,0,3,4,LATROBE RD,,0,38.57204167,-120.994791670,0,35,0,0,1,1,4,0,1,2,10,2,0,0000000,99,99,99,99,88,88,0,0,0,1,0
6,62036,2,2,0,5,65,0,24,10,2010,1,19,5,0,2,3,SR-74,ETHANAC RD,223,33.74218333,-117.281927780,0,12,6,0,2,3,1,0,2,10,0,10,0,0000000,99,99,99,99,99,99,0,0,0,1,0
6,62037,2,2,0,2,71,2960,25,10,2010,2,15,2,0,14,6,REDLANDS BL,NEW YORK ST,0,34.05949444,-117.195744440,0,12,6,0,2,3,1,0,1,1,0,1,0,0000000,99,99,99,99,99,99,0,0,0,1,0
6,62038,4,4,0,4,65,290,25,10,2010,2,15,50,1,11,1,I-10 RAMP,,68,33.93246389,-116.987527780,0,12,1,1,18,1,1,0,1,10,0,10,0,0000000,99,99,99,99,99,99,14,0,0,1,0
6,62039,1,1,0,1,61,0,25,10,2010,2,22,5,0,4,4,PLACER HILL S RD,,0,38.97429167,-121.020197220,0,42,0,0,1,1,4,0,3,1,0,1,0,0000000,99,99,99,99,88,88,0,0,0,1,1
6,62040,1,1,0,1,47,0,25,10,2010,2,23,0,0,5,4,ROOSEVELT RD,,0,37.14181111,-120.407966670,0,11,0,0,1,1,1,0,2,1,0,1,0,0000000,99,99,99,99,88,88,0,0,0,1,0
6,62041,3,3,0,3,1,0,26,10,2010,3,12,8,1,11,1,I-580,,290,37.69217500,-122.063941670,0,12,7,1,18,1,1,0,1,1,0,1,0,0000000,99,99,99,99,99,99,0,0,0,1,0
6,62042,3,3,0,6,59,470,26,10,2010,3,15,4,0,13,6,BEACH BL,,0,33.85051111,-117.997927780,0,12,6,0,1,1,1,0,1,1,0,1,0,0000000,99,99,99,99,88,88,14,0,0,1,0
6,62043,1,1,0,1,73,1820,26,10,2010,3,19,35,1,12,3,SR-125 RAMP,,123,32.77749722,-117.003191670,0,39,0,1,5,1,4,0,2,1,0,1,0,0000000,99,99,99,99,88,88,0,0,0,1,0
6,62044,2,2,0,2,31,0,27,10,2010,4,9,55,0,4,4,FLINT AVE,6TH AVE,0,36.37202222,-119.565111110,0,12,6,0,2,2,1,0,1,1,0,1,0,0000000,99,99,99,99,88,88,0,0,0,1,0
6,62045,2,2,0,2,61,0,27,10,2010,4,14,40,0,4,4,INDIAN HILL RD,,0,38.87336111,-121.120147220,0,12,2,0,1,1,1,0,1,10,0,10,0,0000000,99,98,99,98,88,88,0,0,0,1,1
6,62046,1,1,0,1,23,0,27,10,2010,4,23,28,1,2,3,SR-299,,168,40.93899722,-123.869905560,0,31,0,0,1,1,4,0,2,10,0,10,0,0000000,99,99,99,99,88,88,0,0,0,1,1
6,62047,1,1,0,1,37,1980,28,10,2010,5,3,0,1,12,2,US-101,,106,34.14043889,-118.366313890,0,25,0,0,1,1,3,0,3,10,0,10,0,0000000,99,99,99,99,99,99,0,0,0,1,1
6,62048,1,1,0,1,47,0,28,10,2010,5,5,50,0,2,3,SR-165,,61,37.01855556,-120.836691670,0,1,0,0,1,1,4,0,2,1,0,1,0,0000000,99,99,99,99,88,88,0,0,0,1,1
6,62049,2,2,0,2,25,0,28,10,2010,5,13,58,0,13,4,EVAN HEWES HWY,PARKER RD,0,32.80163333,-115.491886110,0,12,6,0,2,2,1,0,1,1,0,1,0,0000000,99,99,99,99,88,88,0,0,0,1,0
6,62050,2,2,0,4,5,0,28,10,2010,5,20,40,1,2,3,SR-88,,268,38.41540000,-120.610441670,0,12,2,0,1,1,1,0,2,10,0,10,0,0000000,99,99,99,99,99,99,0,0,0,1,0
6,62051,1,1,0,2,71,0,29,10,2010,6,0,55,0,2,4,AMBOY RD,,0,34.55174167,-115.747275000,0,31,0,0,1,1,4,0,2,1,0,1,0,0000000,88,88,88,88,88,88,0,0,0,2,1
6,62052,1,1,0,1,95,0,30,10,2010,7,1,53,0,2,3,SR-12,,1,38.20898333,-122.198952780,0,35,0,0,1,1,4,0,2,2,0,2,0,0000000,99,99,99,99,88,88,0,0,0,1,0
6,62053,2,2,0,5,47,0,31,10,2010,1,18,8,1,2,3,SR-152,,55,37.10382778,-121.133880560,0,12,6,0,1,1,1,0,5,1,0,1,0,0000000,99,99,99,99,99,99,0,0,0,1,0