STATE,ST_CASE,VE_TOTAL,VE_FORMS,PEDS,PERSONS,COUNTY,CITY,DAY,MONTH,YEAR,DAY_WEEK,HOUR,MINUTE,NHS,ROAD_FNC,ROUTE,TWAY_ID,TWAY_ID2,MILEPT,LATITUDE,LONGITUD,SP_JUR,HARM_EV,MAN_COLL,RELJCT1,RELJCT2,TYP_INT,REL_ROAD,WRK_ZONE,LGT_COND,WEATHER1,WEATHER2,WEATHER,SCH_BUS,RAIL,NOT_HOUR,NOT_MIN,ARR_HOUR,ARR_MIN,HOSP_HR,HOSP_MN,CF1,CF2,CF3,FATALS,DRUNK_DR
6,62054,1,1,0,1,85,1420,31,10,2010,1,3,14,0,15,6,ARROYO CIR,,0,37.01807778,-121.563636110,0,42,0,0,1,1,4,0,3,1,0,1,0,0000000,99,99,99,99,88,88,0,0,0,1,1
6,62055,1,1,0,1,35,0,31,10,2010,1,1,5,0,3,4,SKYLINE DR,,0,40.41800556,-120.625633330,0,38,0,0,1,1,5,0,2,10,0,10,0,0000000,99,99,99,99,88,88,0,0,0,1,1
6,62056,2,2,1,1,1,2480,19,5,2010,4,16,38,0,14,6,MACARTHUR BL,,0,37.79261667,-122.199597220,0,9,0,0,1,1,1,0,1,10,0,10,0,0000000,99,99,99,99,99,99,16,0,0,1,0
6,62057,4,4,0,4,85,940,5,11,2010,6,6,0,0,13,6,STEVENS CRK BL,DE ANZA BL,0,37.32294722,-122.032141670,0,12,6,1,2,2,1,0,3,1,0,1,0,0000000,99,99,99,99,99,99,0,0,0,1,0
6,62058,3,3,0,3,71,3970,5,11,2010,6,18,31,1,12,3,SR-62,INDIAN COVE RD,274,34.13501111,-116.155133330,0,12,6,0,2,2,1,0,3,1,0,1,0,0000000,99,99,99,99,99,99,0,0,0,1,1
6,62059,1,1,1,1,69,1620,5,12,2010,1,19,43,0,13,6,4TH ST,MAPLETON AVE,0,36.85263056,-121.410688890,0,8,0,0,3,3,1,0,3,2,0,2,0,0000000,99,99,99,99,88,88,0,0,0,1,0
6,62060,1,1,1,1,75,3290,14,12,2010,3,17,0,0,15,6,GENEVA AVE,,0,37.71069722,-122.425633330,0,8,0,0,1,1,1,0,3,2,0,2,0,0000000,99,99,99,99,99,99,0,0,0,1,0
6,62061,1,1,1,1,101,4280,14,12,2010,3,17,7,0,14,6,BUTTE HOUSE RD,,0,39.14835000,-121.645344440,0,8,0,0,1,1,1,0,3,10,0,10,0,0000000,17,7,99,99,99,99,0,0,0,1,0
6,62062,1,1,1,1,77,3770,14,12,2010,3,18,10,0,14,6,HAZLETON AVE,GRANT ST,0,37.94833333,-121.279013890,0,8,0,0,3,3,1,0,3,2,0,2,0,0000000,99,99,99,99,99,99,0,0,0,1,0
6,62063,1,1,1,1,111,1280,15,12,2010,4,6,18,1,13,3,SR-126,CENTRAL AVE,214,34.39680556,-118.913044440,1,8,0,0,3,2,1,0,3,2,10,2,0,0000000,6,18,99,99,88,88,0,0,0,1,0
6,62064,1,1,1,1,53,0,15,12,2010,4,17,7,0,13,3,SR-183,,95,36.76646944,-121.759083330,0,8,0,0,1,1,1,0,5,10,0,10,0,0000000,99,99,99,99,99,99,0,0,0,1,0
6,62065,1,1,1,1,89,0,15,12,2010,4,20,40,0,4,4,BIG BEND RD,,0,40.88269722,-121.908202780,0,8,0,0,1,1,1,0,2,1,0,1,0,0000000,99,99,99,99,99,99,0,0,0,1,0
6,62066,1,1,1,1,85,3340,12,12,2010,1,17,24,0,13,6,E CAPITOL EXPWY,,0,37.31148889,-121.808122220,0,8,0,0,1,1,1,0,1,10,0,10,0,0000000,99,99,99,99,88,88,0,0,0,1,0
6,62067,1,1,1,1,59,3420,18,12,2010,7,17,7,0,16,6,SANTA CLARA AVE,,0,33.76694722,-117.836780560,0,8,0,0,1,1,1,0,3,2,0,2,0,0000000,99,99,99,99,99,99,0,0,0,1,0
6,62068,1,1,1,1,37,1980,18,12,2010,7,17,26,0,13,6,S CENTRAL AVE,88TH ST,0,33.95716389,-118.256427780,0,8,0,0,3,2,1,0,2,2,0,2,0,0000000,99,99,99,99,88,88,19,0,0,1,0
6,62069,1,1,1,1,85,3340,19,12,2010,1,1,10,1,12,2,US-101,,403,37.37586111,-121.938800000,0,8,0,0,1,1,1,0,3,2,10,2,0,0000000,99,99,99,99,88,88,0,0,0,1,0
6,62070,1,1,1,1,67,0,19,12,2010,1,15,36,0,2,4,FOLSOM BL,,0,38.57574444,-121.329822220,0,8,0,0,1,1,1,0,1,10,0,10,0,0000000,99,99,99,99,99,99,0,0,0,1,0
6,62071,1,1,1,1,89,2950,19,12,2010,1,17,39,0,16,6,KESWICK DAM RD,,0,40.61942500,-122.426877780,0,8,0,0,1,1,1,0,2,10,0,10,0,0000000,99,99,99,99,88,88,0,0,0,1,0
6,62072,2,2,0,3,1,2480,19,12,2010,1,19,40,1,12,3,SR-24,,22,37.82693889,-122.267833330,0,12,1,0,1,1,1,0,2,2,0,2,0,0000000,99,99,99,99,99,99,0,0,0,1,1
6,62073,1,1,1,4,37,1980,19,12,2010,1,21,20,0,14,6,VANOWEN ST,TUJUNGA AVE,0,34.19391667,-118.378963890,0,8,0,0,3,2,1,0,3,2,0,2,0,0000000,99,99,99,99,99,99,0,0,0,1,0
6,62074,1,1,1,1,37,1980,20,12,2010,2,17,30,0,14,6,3RD ST,GRAMERCY PL,0,34.06891667,-118.312900000,0,8,0,0,3,2,1,0,3,2,0,2,0,0000000,99,99,99,99,99,99,0,0,0,1,0
6,62075,1,1,1,1,37,2700,20,12,2010,2,17,45,0,14,6,ORANGE GROVE BL,MANZANITA AVE,0,34.15688333,-118.152122220,0,9,0,0,3,3,1,0,3,2,0,2,0,0000000,99,99,99,99,99,99,0,0,0,1,0
6,62076,1,1,0,2,71,0,7,10,2010,5,2,22,0,6,4,TRONA DUMP RD,,0,35.75903889,-117.392580560,0,35,0,0,1,1,4,0,2,1,0,1,0,0000000,99,99,99,99,88,88,0,0,0,1,1
6,62077,1,1,0,2,89,0,7,10,2010,5,3,40,0,4,4,TEXAS SPRINGS RD,,0,40.52338056,-122.439488890,0,38,0,0,1,1,5,0,2,1,0,1,0,0000000,99,99,99,99,99,99,0,0,0,1,1
6,62078,2,2,0,2,7,0,7,10,2010,5,20,55,0,4,4,PALERMO HONCUT HWY,SOUTH VILLA AVE,0,39.43123056,-121.537469440,0,12,6,0,2,2,1,0,2,10,0,10,0,0000000,99,99,99,99,88,88,0,0,0,1,0
6,62079,3,3,0,4,85,3790,7,10,2010,5,22,35,1,2,2,US-101 RAMP,,456,37.39873056,-122.026288890,0,12,6,1,5,1,1,0,3,1,0,1,0,0000000,99,99,99,99,99,99,0,0,0,1,0
6,62080,2,2,0,2,37,1045,8,10,2010,6,2,1,0,13,6,FLORENCE AVE,PARAMOUNT BL,0,33.95355000,-118.130047220,0,12,6,0,2,4,1,0,3,1,0,1,0,0000000,99,99,99,99,99,99,0,0,0,1,1
6,62081,2,2,0,2,65,2650,8,10,2010,6,11,17,0,13,6,E RAMON RD,CROSSLEY RD,0,33.81585556,-116.484266670,0,12,6,0,2,2,1,0,1,1,0,1,0,0000000,99,99,99,99,99,99,0,0,0,1,0
6,62082,1,1,0,5,97,0,8,10,2010,6,20,26,0,3,4,PETALUMA HILL RD,,0,38.39278889,-122.692580560,0,42,0,0,1,1,4,0,2,1,0,1,0,0000000,99,99,99,99,99,99,0,0,0,1,0
6,62083,1,1,0,2,71,0,8,10,2010,6,21,30,0,6,4,UNNAMED DIRT RD,,0,35.71516944,-117.409000000,0,17,0,0,1,1,4,0,2,1,0,1,0,0000000,99,99,99,99,88,88,0,0,0,1,1
6,62084,2,2,0,2,97,0,9,10,2010,7,2,23,1,12,2,US-101,,164,38.38380000,-122.716000000,0,12,1,0,1,1,1,0,2,1,0,1,0,0000000,99,99,99,99,88,88,0,0,0,1,2
6,62085,1,1,0,1,13,4070,9,10,2010,7,8,56,0,16,6,BOSSMOOR PKWY,TERA CALIFORNIA DR,0,37.86289167,-122.065950000,0,33,0,0,3,3,4,0,1,1,0,1,0,0000000,99,99,99,99,99,99,0,0,0,1,0
6,62086,1,1,0,1,17,0,9,10,2010,7,17,14,0,3,4,LOTUS RD,,0,38.75294444,-120.932972220,0,24,0,0,1,1,4,0,1,1,0,1,0,0000000,99,99,99,99,88,88,0,0,0,1,1
6,62087,2,2,0,5,37,0,9,10,2010,7,18,15,0,4,4,60TH ST,AVENUE A,0,34.82003056,-118.237719440,0,12,6,0,2,2,1,0,5,1,0,1,0,0000000,99,99,99,99,99,99,0,0,0,1,0
6,62088,2,2,0,5,73,3260,9,10,2010,7,18,50,1,12,3,SR-15,,40,32.74190000,-117.112319440,0,12,7,1,5,1,1,0,2,1,0,1,0,0000000,99,99,99,99,99,99,0,0,0,2,0
6,62089,2,2,0,2,37,1980,9,10,2010,7,23,40,0,13,6,CAHUENGA BL,,0,34.11209444,-118.335275000,0,1,0,0,1,1,1,0,3,1,0,1,0,0000000,99,99,99,99,88,88,0,0,0,1,1
6,62090,2,2,0,3,7,2600,10,10,2010,1,2,0,1,12,3,SR-70,,145,39.50751111,-121.573480560,0,12,2,0,1,1,1,0,3,1,0,1,0,0000000,99,99,99,99,99,99,0,0,0,1,1
6,62091,1,1,0,1,29,0,10,10,2010,1,3,3,1,1,1,I-5,,671,35.54906111,-119.588088890,0,1,0,0,1,1,3,0,2,1,0,1,0,0000000,99,99,99,99,88,88,0,0,0,1,1
6,62092,2,2,0,6,99,2200,10,10,2010,1,6,20,1,13,3,SR-132,S JEFFERSON ST,146,37.63860833,-121.008891670,0,12,6,0,2,2,1,0,3,1,0,1,0,0000000,99,99,99,99,99,99,0,0,0,1,1
6,62093,1,1,0,1,53,0,10,10,2010,1,8,6,1,2,2,US-101,,362,36.19398889,-121.088500000,0,41,0,0,1,1,4,0,1,1,0,1,0,0000000,99,99,99,99,99,99,0,0,0,1,0
6,62094,1,1,0,1,37,0,10,10,2010,1,13,0,0,2,3,SR-2,,557,34.35094722,-117.941363890,0,35,0,0,1,1,4,0,1,1,0,1,0,0000000,99,99,99,99,99,99,0,0,0,1,0
6,62095,1,1,0,1,53,0,10,10,2010,1,16,0,0,6,4,GLORIA RD,,0,36.51458056,-121.341469440,0,38,0,0,1,1,5,0,1,1,0,1,0,0000000,99,99,99,99,99,99,0,0,0,1,1
6,62096,1,1,0,1,65,0,11,10,2010,2,13,22,0,6,4,MOUNTAIN VIEW RD,,0,33.89711944,-116.475600000,0,35,0,0,1,1,4,0,1,1,0,1,0,0000000,99,99,99,99,99,99,0,0,0,1,0
6,62097,1,1,0,4,73,3260,11,10,2010,2,11,5,1,11,1,I-5,,210,32.77313889,-117.207319440,0,33,0,0,1,1,4,0,1,1,0,1,0,0000000,99,99,99,99,99,99,0,0,0,3,0
6,62098,3,3,0,3,71,0,11,10,2010,2,9,25,1,2,3,SR-138,,107,34.35206944,-117.527250000,0,12,8,0,1,1,1,0,1,1,0,1,0,0000000,99,99,99,99,99,99,0,0,0,2,0
6,62099,1,1,0,2,21,0,31,10,2010,1,19,0,0,6,4,COUNTY RD,,0,39.76538056,-122.030050000,0,30,0,0,1,1,4,0,2,10,0,10,0,0000000,99,99,99,99,88,88,0,0,0,1,0
6,62100,1,1,0,1,107,0,1,11,2010,2,1,20,0,6,4,AVENUE 96,,0,35.96416111,-119.355688890,0,42,0,0,1,1,4,0,2,1,0,1,0,0000000,99,99,99,99,88,88,0,0,0,1,1
6,62101,1,1,0,1,95,4020,1,11,2010,2,7,15,1,11,1,I-80 RAMP,,59,38.13920000,-122.220461110,0,20,0,1,5,1,4,0,1,1,0,1,0,0000000,99,99,99,99,88,88,0,0,0,1,0
6,62102,2,2,0,2,87,4100,1,11,2010,2,17,21,0,14,6,HARKINS SLOUGH ROAD,,0,36.91469444,-121.777416670,0,12,6,0,1,1,1,0,1,1,0,1,0,0000000,99,99,99,99,99,99,0,0,0,1,1
6,62103,2,2,0,3,103,0,1,11,2010,2,18,22,0,4,4,ROAD 99 W,FINNELL AVE,0,39.95683056,-122.179150000,0,12,1,0,2,2,1,0,5,1,0,1,0,0000000,99,99,99,99,99,99,0,0,0,1,1
6,62104,1,1,0,1,77,3770,2,11,2010,3,22,43,0,16,6,RIVER DRIVE,,0,37.98062222,-121.324488890,0,43,0,0,1,1,4,0,2,1,0,1,0,0000000,99,99,99,99,88,88,0,0,0,1,1
6,62105,1,1,0,1,65,0,3,11,2010,4,3,0,0,4,4,N INDIAN CYN DRIVE,,0,33.95638056,-116.545000000,0,43,0,0,1,1,4,0,2,1,0,1,0,0000000,99,99,99,99,88,88,0,0,0,1,1
6,62106,1,1,0,1,73,0,3,11,2010,4,21,33,0,2,3,SR-76,,313,33.30246944,-116.976919440,0,1,0,0,1,1,1,0,3,1,0,1,0,0000000,99,99,99,99,88,88,0,0,0,1,1
6,62107,5,2,0,2,1,2480,4,11,2010,5,1,54,0,14,6,MACARTHUR BL,106TH AVE,0,37.74292222,-122.152486110,0,12,6,0,2,2,1,0,3,1,0,1,0,0000000,99,99,99,99,99,99,20,0,0,2,1
6,62108,1,1,0,1,55,0,4,11,2010,5,2,5,0,4,4,SILVERADO TRAIL,,0,38.44318056,-122.352461110,0,42,0,0,1,1,4,0,2,1,0,1,0,0000000,99,99,99,99,88,88,0,0,0,1,0
6,62109,4,4,0,4,65,2327,4,11,2010,5,11,0,1,11,1,I-15,,76,33.53705000,-117.172711110,0,12,1,0,1,1,1,0,1,1,0,1,0,0000000,99,99,99,99,99,99,0,0,0,1,0
6,62110,2,2,0,2,29,0,4,11,2010,5,17,39,1,2,3,SR-5,KNUDSEN DR,289,35.42337222,-119.063569440,0,12,6,0,2,3,1,0,1,1,0,1,0,0000000,99,99,99,99,99,99,0,0,0,1,0
6,62111,1,1,0,1,77,3770,5,11,2010,6,1,50,0,6,4,RIVER DRIVE,,0,37.97963056,-121.335500000,0,42,0,0,1,1,4,0,2,1,0,1,0,0000000,99,99,99,99,88,88,0,0,0,1,1
6,62112,2,2,0,2,67,0,5,11,2010,6,5,15,0,6,4,IONE RD,,0,38.44501111,-121.049419440,0,12,2,0,1,1,1,0,2,1,0,1,0,0000000,99,99,99,99,99,99,0,0,0,1,0
6,62113,2,2,0,2,37,1980,7,11,2010,1,13,0,0,13,3,SR-170,CAMROSE DR,0,34.10818333,-118.337130560,0,12,6,0,2,2,1,0,1,1,0,1,0,0000000,99,99,99,99,88,88,0,0,0,1,0
6,62114,1,1,0,2,37,2645,7,11,2010,1,19,29,1,12,3,SR-138,,493,34.56755556,-118.045133330,0,5,0,0,1,1,1,0,5,1,0,1,0,0000000,99,99,99,99,99,99,0,0,0,1,1
6,62115,1,1,0,2,1,2480,24,4,2010,7,23,18,0,13,6,INTERNATIONAL BL,,0,37.76138611,-122.191663890,0,30,0,0,1,1,4,0,3,1,0,1,0,0000000,99,99,99,99,99,99,0,0,0,1,1
6,62116,2,2,0,4,1,2480,4,7,2010,1,15,40,0,13,6,WEST GRAND AVE,MAGNOLIA ST,0,37.81578889,-122.285047220,0,1,0,0,3,3,1,0,1,1,0,1,0,0000000,99,99,99,99,99,99,14,0,0,1,0
6,62117,2,2,0,3,37,1700,20,8,2010,6,18,0,0,13,6,CENTINELA AVE,EUCALYPTUS AVE,0,33.97640000,-118.359533330,0,12,6,0,2,2,1,0,5,1,0,1,0,0000000,99,99,99,99,99,99,0,0,0,1,0
6,62118,2,2,0,9,37,1840,25,11,2010,5,19,30,0,13,6,AVENUE K,20TH ST E,0,34.67508056,-118.094627780,0,12,6,0,2,2,1,0,3,1,0,1,0,0000000,99,99,99,99,99,99,0,0,0,1,0
6,62119,1,1,0,1,107,0,26,11,2010,6,13,30,0,6,4,AVENUE 8,,0,35.80511944,-119.165380560,0,30,0,0,1,1,4,0,1,1,0,1,0,0000000,99,99,99,99,88,88,0,0,0,1,0
6,62120,3,3,0,5,71,0,22,12,2010,4,15,15,0,3,4,ARROW HWY,,0,34.09933333,-117.466508330,0,12,2,0,1,1,1,0,1,10,2,2,0,0000000,99,99,99,99,99,99,0,0,0,1,1
6,62121,3,3,0,3,29,243,22,12,2010,4,17,53,0,14,6,BRIMHALL RD,HARVEST CREEK RD,0,35.36881111,-119.100861110,0,12,1,0,3,3,1,0,3,2,0,2,0,0000000,99,99,99,99,99,99,0,0,0,1,0
6,62122,2,2,0,2,73,3260,23,12,2010,5,14,15,1,12,3,SR-15,,19,32.71210000,-117.119200000,0,12,1,0,1,1,1,0,1,1,0,1,0,0000000,99,99,99,99,99,99,0,0,0,1,0
6,62123,1,1,0,2,73,0,23,12,2010,5,22,15,0,5,4,OLD HWY 80,,0,32.85366111,-116.593280560,0,35,0,0,1,1,4,0,2,10,0,10,0,0000000,99,99,99,99,88,88,0,0,0,2,0
6,62124,1,1,0,1,71,0,25,12,2010,7,2,42,0,4,4,LINDEN AVE,,0,34.14056944,-117.400950000,0,53,0,0,1,1,4,0,2,1,0,1,0,0000000,99,99,99,99,99,99,0,0,0,1,1
6,62125,2,2,0,2,65,2646,26,12,2010,1,17,7,0,14,6,COUNTRY CLUB DR,PORTOLA AVE,0,33.75802778,-116.373738890,0,12,6,0,2,2,1,0,5,1,0,1,0,0000000,99,99,99,99,99,99,0,0,0,1,0
6,62126,1,1,0,1,7,0,27,12,2010,2,15,15,0,4,4,FORBESTOWN RD,,0,39.52395000,-121.281080560,0,35,0,0,1,1,4,0,1,10,0,10,0,0000000,99,99,99,99,88,88,0,0,0,1,1
6,62127,2,2,0,3,95,0,28,12,2010,3,15,30,1,2,3,SR-12,,20,38.20761944,-122.166119440,0,12,6,0,1,1,1,0,1,10,2,2,0,0000000,99,99,99,99,99,99,0,0,0,1,0
6,62128,1,1,0,1,37,2870,29,12,2010,4,2,46,0,14,6,N WHITE AVE,,0,34.07239722,-117.759347220,0,30,0,0,1,1,4,0,3,10,0,10,0,0000000,99,99,99,99,99,99,0,0,0,1,1
6,62129,2,2,0,8,65,0,29,12,2010,4,12,10,0,4,4,EL SOBRANTE RD,,0,33.85286389,-117.396341670,0,12,6,0,1,1,1,0,1,10,2,2,0,0000000,99,99,99,99,99,99,0,0,0,1,0
6,62130,1,1,0,2,37,1980,29,12,2010,4,13,40,0,16,6,WESTMORELAND AVE,7TH ST,0,34.05983611,-118.289091670,0,43,0,0,3,3,6,0,1,10,2,2,0,0000000,99,99,99,99,99,99,0,0,0,1,0
6,62131,1,1,0,2,5,0,30,12,2010,5,1,54,0,4,4,RIDGE RD,,0,38.40001111,-120.746300000,0,35,0,0,1,1,5,0,2,1,0,1,0,0000000,99,99,99,99,88,88,0,0,0,2,0
6,62132,1,1,0,1,33,0,30,12,2010,5,11,30,0,4,4,LAKEVIEW DR,,0,39.02072778,-122.695233330,0,38,0,0,1,1,4,0,1,1,0,1,0,0000000,99,99,99,99,88,88,0,0,0,1,1
6,62133,1,1,0,4,95,0,30,12,2010,5,12,30,1,1,1,I-680,,64,38.13590000,-122.110100000,0,1,0,0,1,1,1,0,1,1,0,1,0,0000000,99,99,99,99,99,99,0,0,0,2,0
6,62134,1,1,0,1,1,2480,31,12,2010,6,1,57,1,11,1,I-880,,268,37.75558333,-122.209436110,0,41,0,0,1,1,4,0,2,1,0,1,0,0000000,99,99,99,99,88,88,0,0,0,1,1
6,62135,3,2,0,2,107,0,31,12,2010,6,5,45,0,4,4,FOOTHILL AVE,HICKORY ST,0,36.21788056,-119.073780560,0,12,6,0,2,3,1,0,2,1,0,1,0,0000000,99,99,99,99,99,99,0,0,0,1,0
6,62136,2,2,0,4,71,0,31,12,2010,6,9,10,0,2,4,NEEDLES HWY,,0,34.91125000,-114.644750000,0,12,6,0,1,1,2,0,1,1,0,1,0,0000000,99,99,99,99,99,99,0,0,0,1,0
6,62137,1,1,0,1,103,0,31,12,2010,6,14,55,0,6,4,TEHAMA VINA RD,,0,40.02660000,-122.086011110,0,38,0,0,1,1,4,0,1,10,0,10,0,0000000,99,99,99,99,88,88,0,0,0,1,1
6,62138,2,2,0,2,71,0,31,12,2010,6,17,10,0,4,4,SHEEP CRK RD,,0,34.41985556,-117.572444440,0,12,2,0,1,1,1,0,3,1,0,1,0,0000000,99,99,99,99,99,99,0,0,0,1,0
6,62139,1,1,0,2,65,0,31,12,2010,6,21,26,0,6,4,HARVILL AVE,,0,33.83894722,-117.251897220,0,33,0,0,1,1,4,0,2,1,0,1,0,0000000,99,99,99,99,99,99,0,0,0,1,1
6,62140,1,1,0,1,111,0,17,12,2010,6,99,99,0,2,3,SR-150,,212,34.43891111,-119.202861110,0,35,0,0,1,1,4,0,2,10,2,2,0,0000000,99,99,99,99,88,88,0,0,0,1,1
6,62141,1,1,0,3,73,1200,18,12,2010,7,0,30,1,11,1,I-15,,319,33.13206111,-117.105438890,0,43,0,1,19,1,4,0,3,2,0,2,0,0000000,99,99,99,99,99,99,0,0,0,1,1
6,62142,2,1,0,1,85,2660,18,12,2010,7,0,49,0,14,6,MIDDLEFIELD RD,,0,37.45307778,-122.160575000,0,33,0,0,1,1,4,0,3,2,0,2,0,0000000,99,99,99,99,88,88,0,0,0,1,1
6,62143,1,1,0,2,65,3070,18,12,2010,7,1,41,0,13,6,ARLINGTON AVE,,0,33.94591944,-117.432513890,0,33,0,0,1,1,3,0,3,2,0,2,0,0000000,99,99,99,99,99,99,0,0,0,1,1
6,62144,4,4,0,10,37,1980,18,12,2010,7,2,25,0,13,6,CAHUENGA BL,,0,34.11909722,-118.338955560,0,12,6,0,1,1,1,0,3,2,0,2,0,0000000,99,99,99,99,99,99,0,0,0,1,1
6,62145,2,2,0,3,59,470,18,12,2010,7,5,34,0,14,6,CRESCENT AVE,KNOTT AVE,0,33.83907222,-118.010975000,0,12,6,0,2,2,1,0,3,2,0,2,0,0000000,99,99,99,99,99,99,0,0,0,2,1
6,62146,2,1,0,5,37,0,18,12,2010,7,6,30,1,11,1,I-5,,479,34.35073056,-118.543369440,0,25,0,0,1,1,3,0,2,10,2,2,0,0000000,99,99,99,99,88,88,19,0,0,2,0
6,62147,1,1,0,1,59,880,18,12,2010,7,19,18,0,13,6,FAIRVIEW RD,,0,33.66476111,-117.907650000,0,42,0,0,1,1,3,0,3,2,0,2,0,0000000,99,99,99,99,99,99,0,0,0,1,0
6,62148,2,2,0,4,37,1716,18,12,2010,7,19,55,1,11,1,I-605,,228,34.09928056,-117.985130560,0,25,0,0,1,1,3,0,2,10,2,2,0,0000000,99,99,99,99,99,99,0,0,0,1,0
6,62149,1,1,0,1,97,0,18,12,2010,7,22,1,0,2,3,SR-1,,210,38.44831944,-123.114419440,0,3,0,0,1,1,5,0,2,2,0,2,0,0000000,99,99,99,99,88,88,0,0,0,1,0
6,62150,2,2,0,2,73,1080,18,12,2010,7,22,32,0,14,6,CUYAMACA ST,,0,32.83012500,-116.984052780,0,12,1,0,1,1,1,0,3,10,0,10,0,0000000,99,99,99,99,99,99,0,0,0,1,1
6,62151,1,1,0,2,77,3770,19,12,2010,1,1,31,0,13,6,MLK BL,,0,37.93957778,-121.282377780,0,33,0,0,1,1,4,0,3,2,0,2,0,0000000,99,99,99,99,99,99,0,0,0,1,1
6,62152,1,1,0,4,37,1695,19,12,2010,1,4,0,0,13,6,HACIENDA BL,,0,34.02558889,-117.957683330,0,33,0,0,1,1,3,0,3,2,0,2,0,0000000,99,99,99,99,99,99,0,0,0,1,0
6,62153,1,1,0,2,29,0,19,12,2010,1,5,33,0,6,4,S VINELAND RD,,0,35.23890833,-118.896216670,0,1,0,0,1,1,4,0,2,2,5,2,0,0000000,99,99,99,99,88,88,0,0,0,1,1
6,62154,1,1,0,4,19,0,19,12,2010,1,16,45,1,12,3,SR-180,,647,36.74816944,-119.672247220,0,24,0,0,1,1,3,0,3,10,2,2,0,0000000,99,99,99,99,99,99,0,0,0,1,0
6,62155,2,2,0,4,85,3340,19,12,2010,1,17,17,0,13,6,ALMADEN EXPY,MCABEE RD,0,37.23625556,-121.873022220,0,12,6,0,2,2,1,0,3,10,0,10,0,0000000,99,99,99,99,99,99,0,0,0,1,0
6,62156,1,1,0,1,65,0,20,12,2010,2,13,55,1,1,1,I-10,,200,33.91848889,-116.771261110,0,35,0,0,1,1,4,0,1,2,0,2,0,0000000,99,99,99,99,99,99,0,0,0,1,0
6,62157,2,2,0,3,67,0,21,12,2010,3,11,50,0,4,4,CLAY STATION RD,TAVERNOR RD,0,38.42663056,-121.198252780,0,12,6,0,2,2,1,0,1,10,0,10,0,0000000,99,99,99,99,88,88,0,0,0,1,0
6,62158,1,1,0,1,29,0,21,12,2010,3,15,50,0,6,4,SUNSET BL,,0,35.22346667,-118.855505560,0,1,0,0,1,1,2,0,1,10,0,10,0,0000000,99,99,99,99,88,88,0,0,0,1,1
6,62159,1,1,0,2,7,0,22,12,2010,4,3,50,0,4,4,E GRIDLEY RD,,0,39.36436111,-121.621788890,0,42,0,0,1,1,6,0,2,2,0,2,0,0000000,99,99,99,99,99,99,0,0,0,1,0
6,62160,1,1,0,2,79,150,22,12,2010,4,14,27,1,12,2,US-101 RAMP,GRAND AVE,133,35.12088889,-120.584930560,0,33,0,1,3,3,4,0,1,10,0,10,0,0000000,99,99,99,99,99,99,0,0,0,1,0
6,62161,1,1,0,7,21,0,22,12,2010,4,14,40,1,1,1,I-5,,53,39.46123056,-122.194811110,0,31,0,0,1,1,3,0,1,10,0,10,0,0000000,99,99,99,99,99,99,0,0,0,1,0
6,62162,2,2,0,3,7,0,23,12,2010,5,18,35,0,4,4,ORO DAM BL,,0,39.53448056,-121.506858330,0,12,2,0,1,1,1,0,2,1,0,1,0,0000000,99,99,99,99,99,99,0,0,0,1,1
6,62163,1,1,0,1,99,0,23,12,2010,5,19,15,1,12,3,SR-99 RAMP,,81,37.54855833,-120.906875000,0,35,0,0,5,1,4,0,2,1,0,1,0,0000000,99,99,99,99,88,88,0,0,0,1,0
6,62164,2,2,0,3,59,4130,23,12,2010,5,22,8,0,13,6,GOLDENWEST ST,GEORGETOWN AVE,0,33.74224167,-118.006961110,0,12,6,0,3,4,1,0,3,1,0,1,0,0000000,99,99,99,99,88,88,0,0,0,1,1
6,62165,2,2,0,4,59,80,11,10,2010,2,23,33,1,12,3,SR-91,,9,33.85397778,-117.964952780,0,12,6,0,1,1,1,0,3,1,0,1,0,0000000,99,99,99,99,99,99,19,0,0,2,1
6,62166,2,2,0,3,85,3340,12,10,2010,3,4,4,0,12,3,SR-87,,23,37.29054444,-121.871150000,0,12,1,0,1,1,1,0,2,1,0,1,0,0000000,99,99,99,99,88,88,0,0,0,1,0
6,62167,2,2,0,3,107,0,12,10,2010,3,19,40,0,2,3,SR-63,,125,36.39228333,-119.296511110,0,12,2,0,1,1,1,0,2,1,0,1,0,0000000,99,99,99,99,99,99,0,0,0,1,1
6,62168,2,2,0,8,17,0,13,10,2010,4,14,18,1,12,2,US-50,5 MILE ROAD,228,38.73731389,-120.717947220,0,12,6,0,2,2,1,0,1,1,0,1,0,0000000,99,99,99,99,99,99,0,0,0,2,0