STATE,ST_CASE,VE_TOTAL,VE_FORMS,PEDS,PERSONS,COUNTY,CITY,DAY,MONTH,YEAR,DAY_WEEK,HOUR,MINUTE,NHS,ROAD_FNC,ROUTE,TWAY_ID,TWAY_ID2,MILEPT,LATITUDE,LONGITUD,SP_JUR,HARM_EV,MAN_COLL,RELJCT1,RELJCT2,TYP_INT,REL_ROAD,WRK_ZONE,LGT_COND,WEATHER1,WEATHER2,WEATHER,SCH_BUS,RAIL,NOT_HOUR,NOT_MIN,ARR_HOUR,ARR_MIN,HOSP_HR,HOSP_MN,CF1,CF2,CF3,FATALS,DRUNK_DR
6,62169,2,2,0,4,95,330,13,10,2010,4,16,35,1,11,1,I-780,,19,38.05652778,-122.148586110,0,12,2,1,18,1,1,0,1,1,0,1,0,0000000,99,99,99,99,99,99,0,0,0,1,0
6,62170,2,2,0,3,13,4070,13,10,2010,4,23,18,0,15,6,BROADWAY,,0,37.88403333,-122.049330560,0,12,2,0,1,1,1,0,3,1,0,1,0,0000000,99,99,99,99,88,88,0,0,0,1,1
6,62171,1,1,0,1,67,0,14,10,2010,5,7,11,0,3,4,ELVERTA RD,,0,38.71431111,-121.514641670,0,1,0,0,1,1,5,0,1,1,0,1,0,0000000,99,99,99,99,99,99,0,0,0,1,0
6,62172,1,1,0,1,37,1980,14,10,2010,5,16,13,1,12,3,SR-60,,14,34.02892500,-118.200738890,0,25,0,1,18,1,3,0,1,1,0,1,0,0000000,99,99,99,99,88,88,0,0,0,1,0
6,62173,1,1,0,2,47,0,15,10,2010,6,0,5,1,1,1,I-5,,122,36.99497500,-120.910486110,0,43,0,0,1,1,4,0,2,1,0,1,0,0000000,99,99,99,99,99,99,0,0,0,1,0
6,62174,1,1,0,1,67,0,15,10,2010,6,1,48,0,5,4,LAMBERT RD,,0,38.32097500,-121.443802780,0,58,0,0,1,1,1,0,2,1,0,1,0,0000000,99,99,99,99,88,88,0,0,0,1,1
6,62175,2,2,0,20,89,0,15,10,2010,6,7,20,0,3,4,GAS POINT RD,,0,40.38915000,-122.332938890,0,12,2,0,1,1,1,0,1,1,0,1,1,0000000,99,99,99,99,99,99,0,0,0,1,0
6,62176,1,1,0,7,29,0,15,10,2010,6,13,5,1,1,1,I-5,,595,35.47000556,-119.495352780,0,1,0,0,1,1,4,0,1,1,0,1,0,0000000,99,99,99,99,99,99,0,0,0,2,0
6,62177,3,3,0,4,77,3770,15,10,2010,6,13,45,0,13,6,PACIFIC AVE,EDAN AVE,0,38.01635278,-121.322602780,0,12,6,0,2,2,1,0,1,1,0,1,0,0000000,99,99,99,99,99,99,0,0,0,1,0
6,62178,2,2,0,2,65,0,15,10,2010,6,22,47,0,2,4,LIMONITE AVE,,0,33.97547500,-117.496547220,0,12,2,0,1,1,1,0,2,1,0,1,0,0000000,99,99,99,99,99,99,0,0,0,1,2
6,62179,2,2,0,2,67,1108,16,10,2010,7,0,38,0,16,6,BIG HORN BLVD,,0,38.40525000,-121.404741670,0,33,0,0,1,1,4,0,3,1,0,1,0,0000000,99,99,99,99,88,88,0,0,0,1,0
6,62180,1,1,0,1,73,710,16,10,2010,7,1,14,1,11,1,I-805,,36,32.59464722,-117.036158330,0,41,0,1,19,1,4,0,2,10,0,10,0,0000000,99,99,99,99,88,88,20,0,0,1,1
6,62181,2,2,0,2,85,3340,16,10,2010,7,1,17,1,11,1,I-680 RAMP,,2,37.34153611,-121.848230560,0,12,1,1,5,1,1,0,2,1,0,1,0,0000000,99,99,99,99,88,88,0,0,0,1,0
6,62182,1,1,0,3,95,0,16,10,2010,7,1,38,1,1,1,I-80,,267,38.35659722,-121.976480560,0,33,0,0,1,1,4,0,3,1,0,1,0,0000000,99,99,99,99,99,99,0,0,0,1,1
6,62183,1,1,0,2,67,3150,16,10,2010,7,2,36,0,13,6,FOLSOM BLVD,,0,38.54954167,-121.383347220,0,42,0,0,1,1,4,0,2,1,0,1,0,0000000,99,99,99,99,99,99,0,0,0,1,1
6,62184,2,2,0,4,37,1400,26,10,2010,3,15,3,0,13,6,REDONDO BEACH BLVD,BUDLONG AVE,0,33.89235000,-118.296086110,0,12,6,0,2,2,1,0,1,1,0,1,0,0000000,99,99,99,99,99,99,0,0,0,1,0
6,62185,2,1,0,1,103,0,30,10,2010,7,2,0,1,2,3,SR-99,ROSE ST,118,40.02011944,-122.099597220,0,33,0,0,3,3,4,0,3,10,0,10,0,0000000,99,99,99,99,88,88,14,0,0,1,1
6,62186,1,1,0,3,85,3340,30,10,2010,7,7,46,1,12,2,US-101,,288,37.25966944,-121.799372220,0,42,0,1,19,1,4,0,3,10,0,10,0,0000000,99,99,99,99,99,99,0,0,0,2,0
6,62187,2,2,0,4,37,1980,30,10,2010,7,9,50,0,13,6,LA BREA AVE,ADAMS BLVD,0,34.03253611,-118.350913890,0,33,0,0,3,2,3,0,1,1,0,1,0,0000000,99,99,99,99,99,99,0,0,0,1,0
6,62188,1,1,0,1,113,0,30,10,2010,7,13,35,0,3,4,COUNTY RD 102,,0,38.74443889,-121.729466670,0,34,0,0,1,1,4,0,1,10,0,10,0,0000000,99,99,99,99,99,99,0,0,0,1,0
6,62189,2,1,0,1,37,1980,30,10,2010,7,16,35,0,13,6,FOOTHILL BLVD,,0,34.32300556,-118.450741670,0,14,0,0,1,1,7,0,1,1,0,1,0,0000000,99,99,99,99,88,88,0,0,0,1,1
6,62190,1,1,1,1,1,3993,13,12,2010,2,20,29,0,13,6,ALVARADO-NILES RD,,0,37.58622222,-122.017752780,0,8,0,0,1,1,1,0,3,1,0,1,0,0000000,99,99,99,99,99,99,0,0,0,1,0
6,62191,1,1,1,1,37,1980,14,12,2010,3,5,0,1,11,1,I-5,,191,34.06362778,-118.216175000,0,8,0,0,1,1,1,0,3,5,0,5,0,0000000,99,99,99,99,88,88,0,0,0,1,0
6,62192,1,1,1,1,37,1840,20,12,2010,2,18,0,0,14,6,10TH ST W,,0,34.65912222,-118.147755560,0,8,0,0,1,1,1,0,3,2,0,2,0,0000000,99,99,99,99,99,99,0,0,0,1,0
6,62193,1,1,1,1,73,710,22,12,2010,4,8,51,0,15,6,BROADWAY,OXFORD ST,0,32.60674167,-117.080063890,0,8,0,0,3,2,1,0,1,2,0,2,0,0000000,99,99,99,99,99,99,0,0,0,1,0
6,62194,1,1,1,1,29,240,22,12,2010,4,17,27,0,14,6,OAK ST,,0,35.36719722,-119.038802780,0,8,0,0,1,1,1,0,3,2,0,2,0,0000000,99,99,99,99,99,99,0,0,0,1,0
6,62195,1,1,1,5,95,4020,22,12,2010,4,21,0,1,11,1,I-80,,37,38.11395000,-122.229750000,0,8,0,0,1,1,1,0,3,1,0,1,0,0000000,99,99,99,99,88,88,0,0,0,1,0
6,62196,1,1,1,1,65,3070,22,12,2010,4,21,9,0,14,6,TYLER ST,MULL AVE,0,33.92633056,-117.472991670,0,8,0,0,3,2,1,0,3,10,0,10,0,0000000,99,99,99,99,99,99,0,0,0,1,0
6,62197,1,1,0,1,85,3340,23,12,2010,5,5,58,0,14,6,10TH ST,ALMA AVE,0,37.31997500,-121.865602780,0,33,0,0,3,2,4,0,3,1,0,1,0,0000000,99,99,99,99,88,88,0,0,0,1,0
6,62198,1,1,0,2,97,3490,22,12,2010,4,1,46,1,12,3,SR-101,,233,38.47687500,-122.732005560,0,5,0,0,1,1,1,0,6,98,0,98,0,0000000,99,99,99,99,88,88,0,0,0,1,0
6,62199,1,1,1,1,31,1880,26,12,2010,1,17,27,0,14,6,LEMOORE AVE,BURLWOOD LN,0,36.31529167,-119.780802780,0,8,0,0,3,3,1,0,3,1,0,1,0,0000000,99,99,99,99,99,99,0,0,0,1,0
6,62200,1,1,1,2,65,0,2,10,2010,7,19,50,0,3,4,GRAND AVE,BLACKWELL BLVD,0,33.63986944,-117.346061110,0,9,0,0,2,2,1,0,2,1,0,1,0,0000000,99,99,99,99,99,99,0,0,0,1,1
6,62201,1,1,1,1,107,2880,29,9,2010,4,14,30,0,14,6,HENDERSON AVE,,0,36.08045833,-119.024955560,0,8,0,0,1,1,1,0,1,1,0,1,0,0000000,99,99,99,99,99,99,0,0,0,1,0
6,62202,2,2,0,3,59,3760,27,12,2010,2,6,5,0,13,3,SR-39,CATHERINE AVE,92,33.78382222,-117.992791670,0,12,6,0,2,3,1,0,3,1,0,1,0,0000000,99,99,99,99,88,88,0,0,0,1,0
6,62203,1,1,0,5,71,3000,6,8,2010,6,5,50,1,11,1,I-10,,202,34.06867778,-117.367197220,0,25,0,0,1,1,4,0,4,1,0,1,0,0000000,99,99,99,99,99,99,0,0,0,1,1
6,62204,1,1,1,1,37,1980,20,12,2010,2,21,10,0,14,6,N 3RD ST,,0,34.05928056,-118.264030560,0,8,0,0,1,1,1,0,3,2,0,2,0,0000000,99,99,99,99,99,99,0,0,0,1,0
6,62205,1,1,0,1,65,1690,26,7,2010,2,23,47,0,15,6,AVENUE 38,WESTWICK DR,0,33.77295833,-116.268994440,0,33,0,0,2,4,3,0,3,1,0,1,0,0000000,99,99,99,99,99,99,0,0,0,1,1
6,62206,1,1,0,1,83,0,8,8,2010,1,1,2,0,2,4,EAST CLARK AVE,,0,34.86503333,-120.426805560,0,17,0,0,1,1,5,0,2,1,0,1,0,0000000,99,99,99,99,88,88,20,0,0,1,1
6,62207,1,1,1,1,37,602,17,4,2010,7,21,5,0,16,5,SANTA FE AVE,,0,33.82973611,-118.216880560,0,9,0,0,1,1,1,0,3,1,0,1,0,0000000,99,99,99,99,99,99,0,0,0,1,1
6,62208,1,1,1,2,59,2400,15,7,2010,5,7,47,0,6,6,SPYGLASS HILL RD,HARBOR RIDGE DR,0,33.61781111,-117.850633330,0,9,0,0,3,3,1,0,1,1,0,1,0,0000000,99,99,99,99,99,99,0,0,0,1,0
6,62209,1,1,1,2,37,1980,5,8,2010,5,0,5,0,16,6,CATALINA ST,,0,34.04343333,-118.294333330,0,8,0,0,1,1,1,0,3,1,0,1,0,0000000,99,99,99,99,99,99,0,0,0,1,1
6,62210,1,1,1,1,1,2480,25,9,2010,7,2,37,0,13,6,INTERNATIONAL BLVD,,0,37.78528889,-122.239094440,0,8,0,0,1,1,1,0,3,1,0,1,0,0000000,99,99,99,99,99,99,0,0,0,1,0
6,62211,2,2,0,2,73,0,2,10,2010,7,20,25,0,3,4,ALPINE BLVD,,0,32.85614444,-116.817822220,0,12,2,0,1,1,1,0,2,1,0,1,0,0000000,99,99,99,99,99,99,0,0,0,1,1
6,62212,1,1,1,3,65,2650,25,11,2010,5,18,54,0,16,6,S SUNRISE WY,,0,33.81532778,-116.528211110,0,8,0,0,1,1,1,0,3,1,0,1,0,0000000,99,99,99,99,99,99,0,0,0,1,0
6,62213,1,1,0,1,71,0,8,12,2010,4,3,50,0,2,4,AMBOY RD,,0,34.44995278,-115.747833330,0,34,0,0,1,1,4,0,2,1,0,1,0,0000000,99,99,99,99,88,88,0,0,0,1,1
6,62214,2,2,0,3,107,3920,10,12,2010,6,3,32,1,12,3,SR-99,,181,36.04465000,-119.310769440,0,12,1,0,1,1,1,0,2,1,0,1,0,0000000,99,99,99,99,88,88,0,0,0,1,1
6,62215,1,1,1,1,67,3150,21,12,2010,3,6,29,0,13,6,FRUITRIDGE RD,,0,38.52490278,-121.439941670,0,8,0,0,1,1,1,0,3,10,0,10,0,0000000,99,99,99,99,99,99,0,0,0,1,0
6,62216,2,2,1,1,29,0,21,12,2010,3,18,55,0,3,4,BUENA VISTA BL,,0,35.23738333,-119.000044440,0,12,6,0,1,1,1,0,2,10,0,10,0,0000000,99,99,99,99,99,99,15,23,0,1,1
6,62217,1,1,1,1,59,1780,22,12,2010,4,6,38,0,13,3,SR-1,ANITA ST,87,33.53477778,-117.777600000,0,8,0,0,3,2,1,0,4,2,0,2,0,0000000,99,99,99,99,88,88,0,0,0,1,0
6,62218,1,1,1,2,65,2327,23,12,2010,5,17,21,0,15,6,MARGARITA RD,,0,33.55523611,-117.157430560,0,8,0,0,1,1,1,0,3,10,0,10,0,0000000,99,99,99,99,99,99,0,0,0,1,0
6,62219,2,2,0,7,65,2276,23,12,2010,5,19,41,0,14,6,PERRIS BL,,0,33.85986667,-117.226180560,0,12,6,0,1,1,1,0,3,1,0,1,0,0000000,99,99,99,99,99,99,0,0,0,1,1
6,62220,2,2,0,5,35,0,24,12,2010,6,15,10,1,2,3,SR-36,,109,40.35164722,-120.878019440,0,12,6,0,1,1,2,0,1,1,0,1,0,0000000,99,99,99,99,99,99,4,0,0,1,0
6,62221,1,1,1,1,67,0,24,12,2010,6,17,21,0,2,4,HOWE AVE,,0,38.60085833,-121.415405560,0,8,0,0,1,1,1,0,3,10,0,10,0,0000000,99,99,99,99,99,99,0,0,0,1,0
6,62222,1,1,1,1,85,3340,24,12,2010,6,17,35,0,14,6,LINCOLN AVE,GARFIELD AVE,0,37.31015833,-121.902311110,0,8,0,0,3,3,1,0,3,1,0,1,0,0000000,99,99,99,99,99,99,0,0,0,1,0
6,62223,1,1,1,1,67,0,27,12,2010,2,18,5,0,2,4,GREENBACK LN,,0,38.68058611,-121.329916670,0,8,0,0,1,1,1,0,2,10,0,10,0,0000000,99,99,99,99,88,88,0,0,0,1,0
6,62224,1,1,1,1,73,710,25,12,2010,7,20,33,0,15,6,3RD AVE,,0,32.60866944,-117.067266670,0,8,0,0,1,1,1,0,3,10,0,10,0,0000000,99,99,99,99,88,88,0,0,0,1,1
6,62225,1,1,0,4,25,1090,8,12,2010,4,11,24,1,11,1,I-8,,340,32.77393333,-115.595086110,0,5,0,0,1,1,1,0,1,98,0,98,0,0000000,99,99,99,99,88,88,0,0,0,1,0
6,62226,1,1,0,1,71,790,15,12,2010,4,23,59,1,11,1,I-10,,248,34.06351111,-117.286872220,0,42,0,0,1,1,3,0,2,2,0,2,0,0000000,99,99,99,99,88,88,0,0,0,1,1
6,62227,1,1,1,1,47,190,16,12,2010,5,13,32,0,13,6,BELLEVUE RD,LINDEN ST,0,37.36042222,-120.603880560,0,8,0,0,3,2,1,0,1,10,0,10,0,0000000,99,99,99,99,99,99,0,0,0,1,0
6,62228,1,1,1,2,67,3150,17,12,2010,6,17,23,0,14,6,BRUCEVILLE RD,,0,38.45867500,-121.417319440,0,8,0,0,1,1,1,0,3,2,0,2,0,0000000,17,23,99,99,99,99,0,0,0,1,0
6,62229,1,1,1,1,7,660,17,12,2010,6,18,7,1,12,3,SR-99 RAMP,,317,39.72743889,-121.811030560,0,8,0,1,5,1,1,0,2,2,0,2,0,0000000,99,99,99,99,99,99,0,0,0,1,0
6,62230,1,1,1,1,1,3993,24,12,2010,6,14,36,0,13,6,ALVARADO NILES RD,COPA DEL ORO DR,0,37.59155000,-122.037447220,0,8,0,0,3,3,1,0,1,10,0,10,0,0000000,99,99,99,99,99,99,0,0,0,1,0
6,62231,1,1,1,1,37,1552,28,12,2010,3,17,30,0,13,6,NORWALK BL,223RD ST,0,33.82589444,-118.071930560,0,8,0,0,3,2,1,0,3,1,0,1,0,0000000,99,99,99,99,99,99,0,0,0,1,0
6,62232,1,1,1,1,37,1980,29,12,2010,4,1,45,0,13,6,CULVER BL,,0,33.96349167,-118.443130560,0,8,0,0,1,1,1,0,2,10,0,10,0,0000000,99,99,99,99,99,99,0,0,0,1,0
6,62233,1,1,1,1,85,2660,30,12,2010,5,10,26,0,14,6,UNIVERSITY AVE,WEBSTER ST,0,37.44936111,-122.158055560,0,8,0,0,3,2,1,0,1,1,0,1,0,0000000,99,99,99,99,88,88,0,0,0,1,0
6,62234,1,1,1,1,37,0,30,12,2010,5,17,0,0,6,4,MARBRISA AVE,,0,33.97261944,-118.231472220,0,8,0,0,1,1,1,0,5,1,0,1,0,0000000,99,99,99,99,88,88,0,0,0,1,0
6,62235,1,1,0,1,67,1108,6,10,2010,4,2,26,0,13,6,ELK GROVE BL,,128,38.40918889,-121.387811110,0,33,0,1,19,1,4,0,3,1,0,1,0,0000000,99,99,99,99,88,88,0,0,0,1,1
6,62236,2,2,0,2,65,2650,2,12,2010,5,7,6,0,14,6,N INDIAN CYN DR,,0,33.89182778,-116.545441670,0,12,6,0,1,1,2,0,1,1,0,1,0,0000000,99,99,99,99,88,88,0,0,0,1,0
6,62237,1,1,1,1,97,730,27,12,2010,2,9,40,0,15,6,N MAIN ST,BROAD ST,0,38.80641944,-123.016266670,0,8,0,0,3,2,1,0,1,1,0,1,0,0000000,99,99,99,99,99,99,0,0,0,1,0
6,62238,1,1,1,1,37,1980,27,12,2010,2,17,0,0,13,6,LONG BEACH AVE,16TH ST,0,34.02330833,-118.242447220,0,9,0,0,3,2,1,0,5,1,0,1,0,0000000,99,99,99,99,99,99,0,0,0,1,0
6,62239,1,1,1,1,107,1010,27,12,2010,2,18,28,0,5,6,AVENUE 408,,0,36.53159722,-119.416461110,0,9,0,0,1,1,1,0,2,10,0,10,0,0000000,99,99,99,99,99,99,0,0,0,1,0
6,62240,1,1,2,1,29,0,27,12,2010,2,18,49,0,2,4,PANAMA RD,S UNION AVE,0,35.26680000,-119.002961110,0,8,0,0,3,2,1,0,3,1,0,1,0,0000000,99,99,99,99,99,99,0,0,0,2,0
6,62241,1,1,0,1,71,2922,27,12,2010,2,19,1,0,16,6,JACK BENNY DR,,0,34.10118056,-117.540588890,0,33,0,0,1,1,4,0,3,1,0,1,0,0000000,99,99,99,99,99,99,0,0,0,1,0
6,62242,1,1,1,2,93,4110,30,12,2010,5,18,19,1,2,2,US-97,BOLES ST,2,41.42011667,-122.383408330,0,8,0,0,3,3,1,0,3,1,0,1,0,0000000,99,99,99,99,99,99,0,0,0,1,0
6,62243,1,1,0,1,37,639,1,12,2010,4,0,10,1,11,1,I-605 RAMP,,171,33.87553889,-118.100900000,0,1,0,1,5,1,8,0,3,1,0,1,0,0000000,99,99,99,99,88,88,0,0,0,1,1
6,62244,1,1,0,5,7,2680,1,12,2010,4,23,29,0,15,6,OLIVER RD,,0,39.76395000,-121.626655560,0,1,0,0,1,1,4,0,2,1,0,1,0,0000000,99,99,99,99,99,99,0,0,0,2,0
6,62245,2,2,0,2,67,0,2,12,2010,5,5,17,1,1,1,I-5,,96,38.39028889,-121.479638890,0,12,6,0,1,1,1,0,2,10,0,10,0,0000000,99,99,99,99,99,99,0,0,0,1,0
6,62246,2,2,0,2,89,0,2,12,2010,5,6,0,0,2,3,SR-299,,348,40.66129167,-122.191452780,0,12,2,0,1,1,1,0,3,10,2,2,0,0000000,99,99,99,99,99,99,0,0,0,1,0
6,62247,1,1,0,2,71,0,2,12,2010,5,18,32,0,6,4,CAJON BL,,0,34.26498056,-117.464938890,0,35,0,0,1,1,4,0,3,1,0,1,0,0000000,99,99,99,99,99,99,0,0,0,1,1
6,62248,1,1,0,1,85,2182,2,12,2010,5,21,41,0,16,6,MCCARTHY BL,,0,37.45288056,-121.923738890,0,33,0,0,1,1,4,0,3,10,0,10,0,0000000,99,99,99,99,99,99,0,0,0,1,0
6,62249,2,2,0,2,31,0,3,12,2010,6,5,4,0,14,4,14TH AVE,ELDER AVE,0,36.38650000,-119.708961110,0,12,2,0,3,3,1,0,2,10,0,10,0,0000000,99,99,99,99,88,88,0,0,0,1,0
6,62250,3,3,0,5,101,0,3,12,2010,6,9,50,0,12,3,SR-99,,274,39.09471389,-121.634638890,0,12,6,0,1,1,1,0,1,10,0,10,0,0000000,99,99,99,99,99,99,14,0,0,1,0
6,62251,3,3,0,8,37,1980,4,12,2010,7,3,10,0,13,6,GLENDALE BL,BELLEVUE AVE,0,34.07060556,-118.261483330,0,12,6,0,2,3,1,0,3,1,0,1,0,0000000,99,99,99,99,99,99,0,0,0,1,1
6,62252,1,1,0,3,53,0,4,12,2010,7,14,35,0,4,4,SAN JUAN RD,,0,36.89578611,-121.675300000,0,1,0,0,1,1,4,0,1,2,0,2,0,0000000,99,99,99,99,99,99,0,0,0,1,0
6,62253,1,1,0,1,37,1980,5,12,2010,1,2,40,1,11,1,I-210 RAMP,,58,34.28881944,-118.408625000,0,1,0,1,5,1,4,0,3,1,0,1,0,0000000,99,99,99,99,88,88,0,0,0,1,1
6,62254,1,1,0,1,67,3150,5,12,2010,1,3,25,0,15,6,24TH ST,,0,38.50159722,-121.482802780,0,33,0,0,1,1,4,0,3,2,0,2,0,0000000,99,99,99,99,88,88,0,0,0,1,1
6,62255,1,1,0,1,73,0,5,12,2010,1,5,52,1,1,1,I-8,,750,32.63435000,-116.149369440,0,35,0,0,1,1,4,0,2,1,0,1,0,0000000,99,99,99,99,88,88,0,0,0,1,0
6,62256,2,2,0,3,95,4020,5,12,2010,1,11,7,0,13,3,SR-29,YOLANO AVE,44,38.13216111,-122.256008330,0,12,6,0,2,2,1,0,1,10,0,10,0,0000000,99,99,99,99,99,99,0,0,0,1,0
6,62257,2,1,0,1,107,0,5,12,2010,1,12,17,0,6,4,GIBBONS AVE,,0,36.04040000,-119.020650000,0,38,0,0,1,1,5,0,1,10,0,10,0,0000000,99,99,99,99,88,88,0,0,0,1,0
6,62258,1,1,0,1,59,0,6,12,2010,2,11,17,1,12,3,SR-241,,274,33.71846944,-117.720200000,0,21,0,0,1,1,3,0,1,1,0,1,0,0000000,99,99,99,99,88,88,0,0,0,1,0
6,62259,1,1,0,1,37,0,6,12,2010,2,17,30,0,3,4,AVENUE H,,0,34.71865278,-118.120836110,0,35,0,0,1,1,4,0,2,1,0,1,0,0000000,99,99,99,99,99,99,0,0,0,1,0
6,62260,1,1,0,2,59,1380,22,12,2010,4,1,48,0,14,6,MALVERN AVE,,0,33.87640278,-117.961105560,0,33,0,0,1,1,4,0,3,2,0,2,0,0000000,1,49,1,57,88,88,0,0,0,1,1
6,62261,2,2,0,3,37,0,23,12,2010,5,1,55,0,4,4,NADEAU ST,ALAMEDA ST,0,33.96733333,-118.233211110,0,12,6,0,2,2,1,0,3,10,0,10,0,0000000,99,99,99,99,88,88,0,0,0,1,1
6,62262,1,1,0,1,65,3070,23,12,2010,5,7,1,0,14,6,ARLINGTON AVE,,0,33.94506111,-117.360194440,0,33,0,0,1,1,5,0,4,10,0,10,0,0000000,99,99,99,99,88,88,0,0,0,1,0
6,62263,5,5,0,8,71,1305,14,11,2010,1,23,42,0,14,6,CITRUS AVE,BASELINE AVE,0,34.12161111,-117.453566670,0,12,1,0,3,2,1,0,3,1,0,1,0,0000000,99,99,99,99,99,99,0,0,0,1,1
6,62264,1,1,0,2,71,3210,20,11,2010,7,6,30,1,11,1,I-15 RAMP,,145,34.19976944,-117.416500000,0,30,0,1,5,1,4,0,1,2,5,2,0,0000000,99,99,99,99,99,99,0,0,0,1,0
6,62265,1,1,0,1,65,2327,20,11,2010,7,15,4,0,2,3,SR-79,,51,33.55681111,-117.140177780,0,33,0,0,1,1,4,0,1,2,10,2,0,0000000,15,4,15,12,15,48,0,0,0,1,0
6,62266,1,1,0,1,37,1980,22,11,2010,2,99,99,1,11,1,I-210 RAMP,,58,34.28820000,-118.408625000,0,33,0,1,5,1,4,0,2,1,0,1,0,0000000,99,99,99,99,88,88,0,0,0,1,1
6,62267,1,1,0,3,73,860,23,11,2010,3,21,47,0,15,6,GLORIETTA BL,,0,32.68240556,-117.168244440,0,33,0,0,1,1,4,0,3,10,0,10,0,0000000,99,99,99,99,99,99,0,0,0,1,0
6,62268,2,2,0,2,83,0,24,11,2010,4,7,9,1,2,3,SR-1,,119,34.56803889,-120.368530560,0,12,2,0,1,1,1,0,1,1,0,1,0,0000000,99,99,99,99,99,99,0,0,0,1,0
6,62269,2,2,0,3,37,1980,24,11,2010,4,10,5,0,13,6,SEPULVEDA BLVD,LASSEN ST,0,34.25003889,-118.467333330,0,12,6,0,2,2,1,0,1,1,0,1,0,0000000,99,99,99,99,99,99,0,0,0,1,0
6,62270,2,2,0,4,47,2150,24,11,2010,4,10,14,0,15,6,E YOSEMITE AVE,,0,37.33215278,-120.458666670,0,12,6,0,1,1,1,0,1,1,0,1,0,0000000,99,99,99,99,99,99,0,0,0,1,0
6,62271,1,1,0,1,37,0,25,11,2010,5,2,25,0,2,4,EASTERN AVE,,0,34.06128889,-118.178130560,0,33,0,0,1,1,3,0,2,1,0,1,0,0000000,99,99,99,99,88,88,0,0,0,1,1
6,62272,2,2,0,3,19,0,25,11,2010,5,11,50,1,12,3,SR-180,,541,36.73830000,-119.852986110,0,12,1,0,1,1,1,0,1,1,0,1,0,0000000,99,99,99,99,99,99,19,0,0,1,1
6,62273,1,1,0,1,1,0,30,12,2010,5,0,54,0,2,4,VASCO RD,,0,37.76411944,-121.735761110,0,39,0,0,1,1,4,0,2,1,0,1,0,0000000,99,99,99,99,88,88,0,0,0,1,1
6,62274,1,1,1,2,113,4163,30,12,2010,5,15,30,0,15,6,WEST CAPITOL AVE,MERKLEY AVE,0,38.58142778,-121.522158330,0,8,0,0,3,2,1,0,1,1,0,1,0,0000000,99,99,99,99,99,99,0,0,0,1,0
6,62275,2,2,2,1,7,0,31,12,2010,6,6,3,0,2,4,OLIVE HWY,,0,39.50334444,-121.526855560,0,12,6,0,1,1,1,0,2,1,0,1,0,0000000,99,99,99,99,99,98,14,0,0,1,0
6,62276,1,1,1,2,37,0,31,12,2010,6,18,15,0,2,4,COMPTON BL,,0,33.89610278,-118.189769440,0,8,0,0,1,1,1,0,3,1,0,1,0,0000000,99,99,99,99,88,88,0,0,0,1,0
6,62277,1,1,1,1,29,1000,31,12,2010,6,19,10,0,14,6,CECIL AVE,CLINTON ST,0,35.77571111,-119.256119440,0,8,0,0,3,3,1,0,3,1,0,1,0,0000000,99,99,99,99,99,99,0,0,0,1,0
6,62278,2,2,0,2,29,0,24,11,2010,4,2,5,0,2,3,SR-43,,58,35.34981944,-119.252138890,0,12,2,0,1,1,1,0,2,1,0,1,0,0000000,99,99,99,99,88,88,0,0,0,1,0
6,62279,1,1,0,1,57,0,25,11,2010,5,21,50,0,2,3,SR-174,,33,39.17518889,-120.974619440,0,42,0,0,1,1,4,0,2,1,0,1,0,0000000,99,99,99,99,99,99,0,0,0,1,1
6,62280,2,2,0,7,71,260,26,11,2010,6,13,30,0,16,6,OUTLET CENTER DR,,0,34.81108056,-117.094044440,0,12,2,0,1,1,1,0,1,1,0,1,0,0000000,99,99,99,99,99,99,0,0,0,2,0
6,62281,2,2,0,3,37,3445,26,11,2010,6,18,12,0,14,6,DECORO DR,HILLSBOROUGH PKWY,0,34.44181944,-118.545125000,0,12,6,0,2,2,1,0,3,1,0,1,0,0000000,99,99,99,99,99,99,0,0,0,1,0
6,62282,2,2,0,2,9,0,26,11,2010,6,20,36,0,2,3,SR-49,,308,38.18433056,-120.431330560,0,12,2,0,1,1,1,0,2,1,0,1,0,0000000,99,99,99,99,99,99,0,0,0,1,0
6,62283,1,1,0,1,37,480,27,11,2010,7,4,50,1,11,1,I-5,,317,34.20437500,-118.341538890,0,25,0,0,1,1,3,0,2,1,0,1,0,0000000,99,99,99,99,88,88,0,0,0,1,1