STATE,ST_CASE,VE_TOTAL,VE_FORMS,PEDS,PERSONS,COUNTY,CITY,DAY,MONTH,YEAR,DAY_WEEK,HOUR,MINUTE,NHS,ROAD_FNC,ROUTE,TWAY_ID,TWAY_ID2,MILEPT,LATITUDE,LONGITUD,SP_JUR,HARM_EV,MAN_COLL,RELJCT1,RELJCT2,TYP_INT,REL_ROAD,WRK_ZONE,LGT_COND,WEATHER1,WEATHER2,WEATHER,SCH_BUS,RAIL,NOT_HOUR,NOT_MIN,ARR_HOUR,ARR_MIN,HOSP_HR,HOSP_MN,CF1,CF2,CF3,FATALS,DRUNK_DR
6,62284,1,1,0,1,59,1842,27,11,2010,7,12,6,0,13,6,VALLEY VIEW ST,,0,33.86427778,-118.028827780,0,23,0,0,1,1,4,0,1,10,0,10,0,0000000,99,99,99,99,88,88,0,0,0,1,0
6,62285,1,1,0,2,37,2240,27,11,2010,7,20,42,0,13,6,BEVERLY BL,,0,34.02463333,-118.140838890,0,42,0,0,1,1,3,0,3,2,0,2,0,0000000,99,99,99,99,99,99,0,0,0,1,0
6,62286,1,1,0,2,37,1980,28,11,2010,1,3,45,0,14,6,OCEAN PARK BL,CENTINELA AVE,0,34.02316389,-118.448755560,0,33,0,0,3,2,4,0,3,1,0,1,0,0000000,99,99,99,99,99,99,0,0,0,1,1
6,62287,1,1,0,1,65,1690,28,11,2010,1,8,28,0,14,6,COUNTRY CLUB DR,,0,33.74478056,-116.265488890,0,33,0,0,1,1,3,0,1,1,0,1,0,0000000,99,99,99,99,99,99,0,0,0,1,0
6,62288,2,2,0,2,59,0,28,11,2010,1,9,12,0,2,3,SR-74,,110,33.59236944,-117.493180560,0,12,2,0,1,1,1,0,1,1,0,1,0,0000000,99,99,99,99,88,88,0,0,0,1,0
6,62289,5,5,0,5,37,1980,29,11,2010,2,4,45,1,11,1,I-10,,116,34.03528056,-118.329880560,0,12,2,0,1,1,1,0,3,1,0,1,0,0000000,99,99,99,99,99,99,19,0,0,1,0
6,62290,1,1,0,2,85,3340,29,11,2010,2,12,7,0,16,6,QUIMBY RD,EDGEGATE DR,0,37.32296944,-121.816661110,0,30,0,0,3,3,4,0,1,1,0,1,0,0000000,99,99,99,99,99,99,0,0,0,1,0
6,62291,2,2,0,2,73,3260,29,11,2010,2,17,30,1,12,3,SR-15,,51,32.75611944,-117.108900000,0,12,1,0,1,1,1,0,2,1,0,1,0,0000000,99,99,99,99,99,99,0,0,0,1,0
6,62292,2,2,0,2,37,480,30,11,2010,3,6,20,0,13,6,BURBANK BL,BUENA VISTA ST,0,34.17875000,-118.338038890,0,12,6,0,2,2,1,0,4,1,0,1,0,0000000,99,99,99,99,88,88,0,0,0,1,0
6,62293,2,2,0,3,37,1970,30,11,2010,3,15,4,0,13,6,OCEAN BL,,0,33.75844444,-118.238575000,0,12,1,0,1,1,1,0,1,1,0,1,0,0000000,99,99,99,99,99,99,0,0,0,1,1
6,62294,3,3,0,3,65,0,1,12,2010,4,19,40,1,1,1,I-10,,238,33.93175278,-116.987250000,0,12,7,0,1,1,1,0,2,1,0,1,0,0000000,99,99,99,99,88,88,0,0,0,1,0
6,62295,1,1,0,1,65,0,4,12,2010,7,0,22,0,3,4,WASHINGTON ST,,0,33.87455278,-117.366094440,0,33,0,0,1,1,4,0,2,1,0,1,0,0000000,99,99,99,99,99,99,0,0,0,1,1
6,62296,2,2,0,2,71,396,6,12,2010,2,18,23,1,11,1,I-10,,180,34.06768889,-117.406138890,0,1,0,0,1,1,1,0,2,1,0,1,0,0000000,99,99,99,99,88,88,0,0,0,1,0
6,62297,2,2,0,4,71,0,12,12,2010,1,11,15,0,2,2,US-95,,167,34.26487778,-114.648000000,0,12,2,0,1,1,2,0,1,1,0,1,0,0000000,99,99,99,99,99,99,0,0,0,1,0
6,62298,3,3,0,3,37,1980,10,12,2010,6,18,25,0,13,6,LANKERSHIM BL,,0,34.22177500,-118.387797220,0,12,2,0,1,1,1,0,3,1,0,1,0,0000000,99,99,99,99,88,88,0,0,0,1,0
6,62299,2,1,0,1,1,340,10,12,2010,6,5,14,1,11,1,I-80,,60,37.86977500,-122.304350000,0,31,0,0,1,1,4,0,2,2,0,2,0,0000000,99,99,99,99,99,99,20,0,0,1,0
6,62300,3,3,0,4,71,0,8,12,2010,4,14,30,1,2,3,SR-138,,36,34.42090000,-117.608430560,0,12,2,0,1,1,1,0,1,1,0,1,0,0000000,99,99,99,99,88,88,14,0,0,1,1
6,62301,1,1,0,2,111,3641,7,12,2010,3,1,15,0,14,6,ERRINGER RD,ALAMO ST,0,34.28473333,-118.761375000,0,39,0,0,3,3,5,0,2,1,0,1,0,0000000,99,99,99,99,99,99,0,0,0,1,1
6,62302,3,3,0,4,85,3340,10,12,2010,6,19,49,0,16,6,SANTA CLARA ST,,0,37.33941389,-121.883811110,0,12,2,0,1,1,1,0,3,10,0,10,0,0000000,99,99,99,99,99,99,0,0,0,1,0
6,62303,2,2,0,3,87,0,22,10,2010,6,13,15,0,2,3,SR-1,,206,36.99266667,-122.167341670,0,12,2,0,1,1,1,0,1,10,0,10,0,0000000,99,99,99,99,99,99,0,0,0,2,0
6,62304,2,2,0,2,103,0,1,11,2010,2,6,45,1,2,3,SR-99,,23,39.90758889,-122.005222220,0,12,2,0,1,1,1,0,2,1,0,1,0,0000000,99,99,99,99,88,88,0,0,0,1,0
6,62305,2,2,0,2,73,0,1,11,2010,2,15,20,1,1,1,I-8,,250,32.85603889,-116.831700000,0,12,2,0,1,1,1,0,1,1,0,1,0,0000000,99,99,99,99,99,99,0,0,0,1,0
6,62306,2,2,0,2,1,2370,1,11,2010,2,15,45,0,14,6,WILLOW ST,ENTERPRISE DR,0,37.52204722,-122.049930560,0,12,6,0,2,2,1,0,1,1,0,1,0,0000000,99,99,99,99,88,88,0,0,0,1,0
6,62307,1,1,0,4,71,0,3,11,2010,4,8,48,1,1,1,I-15,,1315,35.20433611,-116.118663890,0,1,0,0,1,1,1,0,1,1,0,1,0,0000000,99,99,99,99,99,99,0,0,0,1,0
6,62308,1,1,0,2,17,0,4,11,2010,5,15,55,1,2,2,US-50,,538,38.78490000,-120.214352780,0,17,0,0,1,1,4,0,1,1,0,1,0,0000000,99,99,99,99,99,99,0,0,0,1,0
6,62309,5,5,0,5,77,2070,5,11,2010,6,6,40,1,12,3,SR-99,,51,37.77760833,-121.182963890,0,12,1,0,1,1,1,0,2,10,1,10,0,0000000,99,99,99,99,88,88,0,0,0,1,0
6,62310,1,1,0,1,27,0,6,11,2010,7,10,45,1,2,2,US-395,,1247,37.40393056,-118.539025000,0,1,0,0,1,1,2,0,1,10,0,10,0,0000000,99,99,99,99,88,88,0,0,0,1,0
6,62311,1,1,0,1,97,0,7,11,2010,1,0,40,0,2,3,SR-116,,35,38.45045556,-123.056647220,0,42,0,0,1,1,4,0,2,2,0,2,0,0000000,99,99,99,99,99,99,0,0,0,1,1
6,62312,1,1,0,2,71,0,8,11,2010,2,16,4,1,1,1,I-15,,863,34.91083611,-116.809716670,0,1,0,0,1,1,3,0,1,1,0,1,0,0000000,99,99,99,99,99,99,0,0,0,1,0
6,62313,2,2,0,2,71,0,12,11,2010,6,14,10,1,2,3,SR-58,,235,34.92195278,-117.243650000,0,12,6,0,1,1,1,0,1,1,0,1,0,0000000,99,99,99,99,99,99,0,0,0,1,0
6,62314,3,3,0,3,73,0,14,11,2010,1,15,10,0,5,4,WYNOLA RD,,0,33.09907500,-116.612427780,0,12,8,0,1,1,1,0,1,1,0,1,0,0000000,99,99,99,99,99,99,0,0,0,1,0
6,62315,2,2,0,5,75,3290,16,11,2010,3,17,31,0,13,6,16TH ST,HARRISON ST,0,37.76545000,-122.413116670,0,12,6,0,2,4,1,0,3,1,0,1,0,0000000,99,99,99,99,99,99,0,0,0,1,0
6,62316,2,2,0,4,73,2510,16,11,2010,3,19,27,0,14,6,N RIVER RD,SLEEPING INDIAN RD,0,33.26008333,-117.264100000,0,12,6,0,2,3,1,0,3,10,0,10,0,0000000,99,99,99,99,99,99,0,0,0,1,1
6,62317,14,14,0,24,71,4000,18,11,2010,5,17,59,1,12,3,SR-210,,16,34.13432778,-117.668744440,0,12,1,0,1,1,1,0,5,1,0,1,0,0000000,99,99,99,99,99,99,0,0,0,2,0
6,62318,2,2,0,2,93,0,19,11,2010,6,8,5,1,2,2,US-97,,293,41.68871389,-122.042827780,0,12,2,0,1,1,2,0,1,10,0,10,0,0000000,99,99,99,99,88,88,0,0,0,1,1
6,62319,1,1,0,1,65,0,19,11,2010,6,13,46,1,1,1,I-10,,926,33.67166944,-115.609411110,0,1,0,0,1,1,3,0,1,1,0,1,0,0000000,99,99,99,99,99,99,0,0,0,1,0
6,62320,2,2,0,6,85,3340,21,11,2010,1,0,5,1,12,2,US-101,,277,37.24956389,-121.783102780,0,12,7,0,1,1,1,0,2,10,0,10,0,0000000,99,99,99,99,99,99,0,0,0,1,1
6,62321,1,1,0,1,71,0,23,11,2010,3,5,57,1,1,1,I-40,,101,34.84621111,-116.840919440,0,1,0,0,1,1,4,0,1,1,0,1,0,0000000,99,99,99,99,88,88,0,0,0,1,0
6,62322,2,2,0,14,37,0,23,11,2010,3,14,14,1,2,3,SR-138,,53,34.76493889,-118.716980560,0,12,2,0,1,1,1,0,1,10,0,10,0,0000000,99,99,99,99,99,99,0,0,0,2,0
6,62323,2,2,0,2,1,20,24,11,2010,4,8,59,1,11,1,I-80,,68,37.89036667,-122.307830560,0,12,7,0,1,1,1,0,1,1,0,1,0,0000000,99,99,99,99,88,88,0,0,0,1,0
6,62324,2,2,0,2,71,0,24,11,2010,4,18,0,0,2,4,AMBOY RD,,0,34.41796111,-115.710438890,0,12,2,0,1,1,1,0,2,1,0,1,0,0000000,99,99,99,99,99,99,0,0,0,1,0
6,62325,3,3,0,6,19,0,24,11,2010,4,17,25,0,6,4,SOUTH AVE,CLOVIS AVE,0,36.61973056,-119.700250000,0,12,6,0,2,2,1,0,2,1,0,1,0,0000000,99,99,99,99,99,99,0,0,0,1,0
6,62326,2,2,0,4,25,0,24,11,2010,4,17,2,1,1,1,I-8,,790,32.72894444,-114.908719440,0,12,2,0,1,1,1,0,5,1,0,1,0,0000000,99,99,99,99,99,99,0,0,0,1,0
6,62327,1,1,0,2,83,600,5,12,2010,1,19,11,0,14,6,CARPENTERIA AVE,,0,34.39008889,-119.505158330,0,30,0,0,1,1,4,0,3,2,10,2,0,0000000,99,99,99,99,99,99,0,0,0,1,0
6,62328,1,1,1,1,29,240,26,12,2010,1,17,41,0,14,6,WIBLE RD,,0,35.29715556,-119.038908330,0,8,0,0,1,1,1,0,3,10,0,10,0,0000000,99,99,99,99,99,99,0,0,0,1,0
6,62329,2,1,0,3,71,680,21,12,2010,3,8,44,0,15,6,YORBA AVE,,0,34.00169167,-117.702219440,0,14,0,0,1,1,2,0,1,2,0,2,0,0000000,99,99,99,99,88,88,0,0,0,1,0
6,62330,1,1,1,1,1,2480,19,11,2010,6,6,1,0,13,6,14TH ST,MARKET ST,0,37.80816111,-122.280858330,0,8,0,0,3,2,1,0,3,2,0,2,0,0000000,99,99,99,99,88,88,0,0,0,1,0
6,62331,2,1,1,1,37,1980,20,11,2010,7,2,25,0,13,6,OLYMPIC BL,,0,34.05261389,-118.303947220,0,8,0,0,1,1,1,0,3,2,0,2,0,0000000,99,99,99,99,88,88,14,0,0,1,0
6,62332,2,2,1,3,67,3150,20,11,2010,7,19,36,1,11,1,I-5,,220,38.56051944,-121.514652780,0,8,0,0,1,1,1,0,2,10,2,2,0,0000000,99,99,99,99,88,88,0,0,0,1,0
6,62333,1,1,1,2,37,1980,27,11,2010,7,17,25,0,13,6,VERMONT AVE,,0,33.86734444,-118.290594440,0,8,0,0,1,1,1,0,3,1,0,1,0,0000000,99,99,99,99,99,99,0,0,0,1,0
6,62334,1,1,0,1,61,1890,25,11,2010,5,99,99,0,15,6,MOORE RD,,0,38.86849167,-121.330969440,0,1,0,0,1,1,4,0,2,1,0,1,0,0000000,99,99,99,99,88,88,0,0,0,1,1
6,62335,1,1,1,2,13,0,28,11,2010,1,17,45,0,6,4,SANDMOUND BL,,0,38.00656111,-121.639100000,0,8,0,0,1,1,1,0,2,1,0,1,0,0000000,99,99,99,99,88,88,0,0,0,1,0
6,62336,1,1,1,1,73,1200,16,12,2010,5,17,54,0,13,6,ASH,2ND AVE,0,33.12620000,-117.065019440,0,8,0,0,3,3,1,0,3,1,0,1,0,0000000,99,99,99,99,99,99,0,0,0,1,0
6,62337,1,1,0,10,77,0,5,11,2010,6,7,56,1,1,1,I-580,,40,37.63006111,-121.388030560,0,59,0,0,1,1,4,0,1,10,0,10,0,0000000,99,99,99,99,99,99,0,0,0,1,0
6,62338,1,1,1,1,45,4210,5,12,2010,1,20,40,1,13,2,US-101,GREGORY LN,459,39.39458056,-123.348888890,0,8,0,0,3,2,1,0,3,2,0,2,0,0000000,99,99,99,99,99,99,0,0,0,1,0
6,62339,1,1,1,2,37,3470,23,12,2010,5,20,30,0,13,6,WILSHIRE BL,10TH ST,0,34.02370556,-118.492638890,0,8,0,0,3,2,1,0,3,1,0,1,0,0000000,99,99,99,99,99,99,0,0,0,1,0
6,62340,1,1,1,1,59,80,30,12,2010,5,17,21,0,14,6,W BROADWAY,,0,33.82861667,-117.972280560,0,8,0,0,1,1,1,0,3,1,0,1,0,0000000,99,99,99,99,99,99,0,0,0,1,0
6,62341,1,1,0,4,53,0,7,11,2010,1,19,43,0,4,4,CRAZY HORSE CYN RD,,0,36.81678889,-121.629908330,0,42,0,0,1,1,4,0,2,10,0,10,0,0000000,99,99,99,99,99,99,0,0,0,2,1
6,62342,2,2,0,3,65,2278,8,11,2010,2,5,22,1,12,3,SR-60,,137,33.94160556,-117.272808330,0,12,1,0,1,1,1,0,4,2,0,2,0,0000000,99,99,99,99,88,88,0,0,0,1,0
6,62343,1,1,0,1,37,602,8,11,2010,2,10,25,0,13,6,FIGUEROA ST,TORRANCE BL,0,33.84220833,-118.285952780,0,26,0,0,3,2,3,0,1,10,0,10,0,0000000,99,99,99,99,99,99,0,0,0,1,0
6,62344,2,2,0,3,53,0,12,11,2010,6,16,25,0,5,4,ESPINOSA RD,,0,36.73794722,-121.738038890,0,12,2,0,1,1,1,0,1,1,0,1,0,0000000,16,25,99,99,99,99,0,0,0,1,0
6,62345,1,1,0,1,73,0,12,11,2010,6,19,20,0,4,4,ELM ST,,0,33.05066944,-116.863338890,0,30,0,0,1,1,4,0,2,1,0,1,0,0000000,99,99,99,99,88,88,0,0,0,1,1
6,62346,1,1,0,1,97,0,12,11,2010,6,21,45,0,4,4,PETRIFIED FOREST RD,,0,38.55449722,-122.640552780,0,35,0,0,1,1,4,0,2,1,0,1,0,0000000,99,99,99,99,88,88,0,0,0,1,1
6,62347,1,1,0,1,23,0,13,11,2010,7,11,17,1,2,2,US-101,,745,40.75445000,-124.191288890,0,1,0,0,1,1,4,0,1,10,0,10,0,0000000,99,99,99,99,99,99,0,0,0,1,0
6,62348,1,1,0,7,59,1410,13,11,2010,7,23,50,1,12,3,SR-22,,76,33.76627500,-117.924511110,0,59,0,0,1,1,8,0,3,1,0,1,0,0000000,99,99,99,99,99,99,0,0,0,1,0
6,62349,1,1,0,2,25,0,20,11,2010,7,18,35,0,4,4,AUSTIN RD,,0,32.75565278,-115.594958330,0,34,0,0,1,1,5,0,3,10,0,10,0,0000000,99,99,99,99,99,99,0,0,0,1,0
6,62350,2,2,0,3,61,0,23,11,2010,3,16,45,0,4,4,HORSESHOE BAR RD,,0,38.81445278,-121.173613890,0,12,2,0,1,1,1,0,1,1,0,1,0,0000000,99,99,99,99,99,99,0,0,0,1,1
6,62351,7,7,0,11,25,0,13,11,2010,7,12,50,0,2,3,SR-98,,240,32.67891389,-115.729802780,0,12,2,0,1,1,1,0,1,1,0,1,0,0000000,99,99,99,99,99,99,14,0,0,5,0
6,62352,1,1,0,1,37,602,13,11,2010,7,17,20,0,13,6,TORRANCE BLVD,,0,33.84224167,-118.276819440,0,39,0,0,1,1,4,0,1,1,0,1,0,0000000,99,99,99,99,99,99,0,0,0,1,0
6,62353,1,1,0,2,15,0,30,11,2010,3,99,99,0,6,4,LOW DIVIDE ROAD,,0,41.91276389,-124.027094440,0,1,0,0,1,1,6,0,2,2,0,2,0,0000000,99,99,99,99,99,99,0,0,0,1,0
6,62354,2,2,0,2,25,1090,14,12,2010,3,14,36,0,14,6,ROSS AVE,19TH ST,0,32.78147778,-115.577033330,0,12,6,0,2,2,1,0,1,1,0,1,0,0000000,99,99,99,99,99,99,0,0,0,1,1
6,62355,3,3,0,5,71,3000,29,12,2010,4,8,2,0,15,6,AYALA DR,BOHNERT AVE,0,34.14313889,-117.392322220,0,12,6,0,2,2,1,0,1,2,0,2,0,0000000,99,99,99,99,99,99,0,0,0,1,0
6,62356,1,1,0,2,25,0,29,12,2010,4,19,35,0,6,4,PAINTED GORGE RD,,0,32.77843333,-115.940455560,0,1,0,0,1,1,2,0,2,1,0,1,0,0000000,99,99,99,99,88,88,0,0,0,1,1
6,62357,2,2,0,3,61,3110,19,12,2010,1,9,49,0,16,6,ROSEVILLE RD,,0,38.72280000,-121.308936110,0,12,6,0,1,1,1,0,1,10,2,2,0,0000000,99,99,99,99,99,99,0,0,0,2,0
6,62358,2,2,0,2,65,3070,20,12,2010,2,16,23,0,14,6,MISSION INN AVE,,0,33.98896389,-117.387022220,0,12,2,0,1,1,1,0,2,2,0,2,0,0000000,99,99,99,99,99,99,0,0,0,1,0
6,62359,1,1,0,1,111,4027,27,12,2010,2,15,34,1,12,2,US-101,,262,34.26378333,-119.233766670,0,1,0,0,1,1,4,0,1,1,0,1,0,0000000,99,99,99,99,88,88,0,0,0,1,0
6,62360,2,2,0,2,37,3270,17,12,2010,6,20,50,1,12,3,SR-210,,450,34.12016944,-117.816111110,0,12,6,1,5,1,1,0,3,2,0,2,0,0000000,99,99,99,99,88,88,0,0,0,1,0
6,62361,3,3,0,3,65,2650,28,12,2010,3,8,25,0,14,6,SUNRISE WAY,RACQUET CLUB RD,0,33.85213611,-116.528138890,0,12,6,0,2,2,1,0,1,1,0,1,0,0000000,99,99,99,99,99,99,0,0,0,1,0
6,62362,4,4,0,10,65,0,28,12,2010,3,10,25,1,11,1,I-15,,519,34.02515000,-117.550100000,0,12,1,0,1,1,1,0,1,1,0,1,0,0000000,99,99,99,99,99,99,14,0,0,1,0
6,62363,2,1,0,2,11,0,28,12,2010,3,23,33,1,2,3,SR-20,,197,39.15261944,-122.189869440,0,14,0,0,1,1,4,0,2,10,0,10,0,0000000,99,99,99,99,99,99,0,0,0,1,0
6,62364,2,2,0,3,37,0,31,12,2010,6,4,9,1,1,1,I-5,,780,34.70803056,-118.796180560,0,12,1,0,1,1,1,0,2,10,0,10,0,0000000,99,99,99,99,99,99,0,0,0,1,0
6,62365,1,1,0,4,55,0,31,12,2010,6,21,0,0,4,4,SILVERADO TRL,,0,38.43830000,-122.350461110,0,31,0,0,1,1,4,0,2,10,0,10,0,0000000,99,99,99,99,99,99,0,0,0,1,0
6,62366,2,2,0,3,37,1980,31,12,2010,6,23,30,0,13,6,CRENSHAW BL,FLORENCE AVE,0,33.97453889,-118.330891670,0,12,6,0,2,2,1,0,3,1,0,1,0,0000000,99,99,99,99,99,99,20,0,0,2,1
6,62367,3,2,0,6,85,3340,13,7,2010,3,15,59,0,14,6,S 10TH ST,E SAN FERNANDO ST,0,37.33885000,-121.879683330,0,12,6,0,2,2,1,0,1,1,0,1,0,0000000,99,99,99,99,99,99,20,14,0,1,1
6,62368,2,2,0,2,59,3760,30,10,2010,7,17,57,0,13,6,BEACH BL,,0,33.81128611,-117.993325000,0,12,6,0,8,1,1,0,5,1,0,1,0,0000000,99,99,99,99,99,99,0,0,0,1,0
6,62369,1,1,0,2,67,0,14,11,2010,1,22,10,0,6,4,LAMBERT RD,,0,38.33508889,-121.532711110,0,38,0,0,1,1,4,0,2,1,0,1,0,0000000,99,99,99,99,99,99,0,0,0,1,1
6,62370,2,2,0,2,97,0,15,11,2010,2,8,48,1,12,2,US-101,,234,38.48210000,-122.736538890,0,12,1,0,1,1,1,0,1,10,0,10,0,0000000,99,99,99,99,88,88,0,0,0,1,0
6,62371,3,3,0,3,53,0,15,11,2010,2,15,4,0,12,3,SR-68,,107,36.57071667,-121.766452780,0,12,1,0,1,1,1,0,1,1,0,1,0,0000000,99,99,99,99,88,88,0,0,0,1,0
6,62372,2,2,0,2,19,0,16,11,2010,3,11,20,0,2,4,CEDAR AVE,AMERICAN AVE,0,36.66341111,-119.754747220,0,12,6,0,2,2,1,0,1,1,0,1,0,0000000,99,99,99,99,99,99,0,0,0,1,0
6,62373,2,2,0,3,19,740,16,11,2010,3,12,14,0,16,6,SUNNYSIDE AVE,HOBLITT AVE,0,36.81396944,-119.690977780,0,12,6,0,2,3,1,0,1,1,0,1,0,0000000,99,99,99,99,99,99,0,0,0,1,0
6,62374,2,2,0,2,13,0,16,11,2010,3,13,9,0,3,4,ARLINGTON BL,TULARE WY,0,37.94378889,-122.314988890,0,12,6,0,2,3,1,0,1,1,0,1,0,0000000,99,99,99,99,99,99,0,0,0,1,0
6,62375,1,1,0,9,1,0,16,11,2010,3,20,40,0,6,4,WORTHLEY DR,,0,37.67028056,-122.152619440,0,18,0,0,1,1,7,0,3,1,0,1,0,0000000,99,99,99,99,99,99,4,0,0,2,0
6,62376,1,1,1,1,67,712,24,11,2010,4,19,16,0,13,6,AUBURN BL,HALIFAX ST,0,38.68418333,-121.312583330,0,8,0,0,3,3,1,0,3,1,0,1,0,0000000,99,99,99,99,99,99,0,0,0,1,0
6,62377,1,1,1,1,87,550,29,11,2010,2,18,39,0,16,6,KENNEDY DR,,0,36.98231111,-121.941391670,0,8,0,0,1,1,1,0,3,1,0,1,0,0000000,99,99,99,99,99,99,0,0,0,1,0
6,62378,1,1,1,1,65,1846,14,12,2010,3,15,5,0,15,6,AVENUE 54,,0,33.65645833,-116.261530560,0,33,0,0,1,1,4,0,1,1,0,1,0,0000000,99,99,99,99,88,88,0,0,0,1,0
6,62379,2,2,0,6,65,2276,21,9,2010,3,23,24,0,5,6,PIGEON PASS RD,SWAN ST,0,33.95205000,-117.260405560,0,12,6,0,2,2,1,0,3,1,0,1,0,0000000,99,99,99,99,99,99,0,0,0,1,0
6,62380,2,2,0,3,37,300,6,11,2010,7,5,16,1,13,3,SR-710 RAMP,,196,33.96802778,-118.169244440,0,12,2,1,5,1,1,0,3,1,0,1,0,0000000,99,99,99,99,99,99,0,0,0,1,1
6,62381,1,1,0,1,111,2620,6,11,2010,7,14,34,0,14,6,STURGIS RD,,0,34.20178333,-119.130977780,0,33,0,0,1,1,4,0,1,1,0,1,0,0000000,99,99,99,99,88,88,0,0,0,1,1
6,62382,2,1,0,1,73,710,6,11,2010,7,17,19,0,16,6,EL CORTEZ,GONZALEZ WY,0,32.62965278,-117.003041670,0,33,0,0,3,3,4,0,3,1,0,1,0,0000000,99,99,99,99,99,99,0,0,0,1,1
6,62383,1,1,0,2,37,1980,7,11,2010,1,1,10,1,11,1,I-5,,373,34.24398611,-118.420900000,0,33,0,1,5,1,4,0,3,1,0,1,0,0000000,99,99,99,99,99,99,0,0,0,1,1
6,62384,2,1,0,2,37,1980,7,11,2010,1,1,44,0,15,6,DENKER AVE,,0,33.96975556,-118.304708330,0,14,0,0,1,1,2,0,3,1,0,1,0,0000000,99,99,99,99,99,99,0,0,0,1,1
6,62385,2,2,0,3,29,0,10,11,2010,4,15,10,0,6,4,ZACHARY AVE,CECIL AVE,0,35.77548611,-119.187541670,0,12,6,0,2,2,1,0,1,1,0,1,0,0000000,99,99,99,99,99,99,0,0,0,2,0
6,62386,1,1,0,1,79,0,10,11,2010,4,16,50,1,2,3,SR-46,,593,35.74173889,-120.211969440,0,43,0,0,1,1,5,0,5,1,0,1,0,0000000,99,99,99,99,88,88,0,0,0,1,0
6,62387,1,1,0,1,65,0,17,11,2010,4,6,25,1,1,1,I-10,,283,33.91879167,-116.628113890,0,1,0,0,1,1,5,0,1,1,0,1,0,0000000,99,99,99,99,88,88,0,0,0,1,1
6,62388,3,3,2,3,37,245,29,11,2010,2,9,30,0,14,6,FRANCISQUITO AVE,,0,34.06935278,-117.975438890,0,10,0,0,6,1,1,0,1,1,0,1,0,747278u,99,99,99,99,99,99,14,0,0,1,0
6,62389,3,1,0,1,37,1980,27,5,2010,5,23,40,0,6,6,HOLLYVISTA AVE,,0,34.10518611,-118.277500000,0,14,0,0,1,1,7,0,2,1,0,1,0,0000000,99,99,99,99,88,88,0,0,0,1,0
6,62390,3,2,0,1,71,2550,4,11,2010,5,2,17,1,12,3,SR-60,,67,34.03057500,-117.611894440,0,12,2,0,1,1,1,0,2,1,0,1,0,0000000,99,99,99,99,99,99,19,0,0,1,0
6,62391,3,3,0,4,111,0,4,11,2010,5,12,20,0,2,4,PLEASANT VALLEY RD,,0,34.20564444,-119.093041670,0,12,2,0,1,1,1,0,1,1,0,1,0,0000000,99,99,99,99,99,99,14,0,0,1,0
6,62392,3,3,0,4,53,0,5,11,2010,6,14,30,1,12,3,SR-156,,41,36.78528889,-121.686908330,0,12,1,0,1,1,1,0,1,1,0,1,0,0000000,99,99,99,99,99,99,0,0,0,2,0
6,62393,2,2,0,3,95,4020,5,11,2010,6,15,30,0,13,6,COLUMBUS PKWY,,0,38.09629444,-122.198005560,0,12,7,0,1,1,1,0,1,1,0,1,0,0000000,99,99,99,99,99,99,20,0,0,1,0
6,62394,2,2,0,2,111,538,5,11,2010,6,18,39,0,13,3,SR-34,5TH ST,125,34.20528889,-119.040663890,0,12,6,0,2,3,1,0,3,1,0,1,0,0000000,99,99,99,99,99,99,0,0,0,1,0
6,62395,2,1,0,1,37,2054,16,11,2010,3,18,10,0,16,6,GRAYFOX ST,,0,34.01334722,-118.801647220,0,14,0,0,1,1,7,0,2,1,0,1,0,0000000,99,99,99,99,88,88,0,0,0,1,1
6,62396,2,2,0,2,71,4040,16,11,2010,3,18,42,0,14,6,NISQUALLI RD,1ST AVE,0,34.48544167,-117.295816670,0,12,6,0,2,3,1,0,3,1,0,1,0,0000000,99,99,99,99,99,99,0,0,0,1,0
6,62397,1,1,1,1,85,3440,1,11,2010,2,6,16,0,13,6,TASMAN DR,CALLE DEL SOL,0,37.40733889,-121.963944440,0,8,0,0,3,2,1,0,3,1,0,1,0,0000000,99,99,99,99,99,99,0,0,0,1,0
6,62398,1,1,0,4,73,3260,11,11,2010,5,1,15,1,11,1,I-805 RAMP,,130,32.71437222,-117.101872220,0,24,0,1,5,1,4,0,2,10,0,10,0,0000000,99,99,99,99,99,99,0,0,0,2,1
6,62399,2,2,0,3,37,4190,11,11,2010,5,14,15,0,13,6,WHITTIER BL,COSTA GLEN AVE,0,33.94173889,-117.986447220,0,12,2,0,2,3,1,0,1,1,0,1,0,0000000,99,99,99,99,99,99,0,0,0,1,0