STATE,ST_CASE,VE_TOTAL,VE_FORMS,PEDS,PERSONS,COUNTY,CITY,DAY,MONTH,YEAR,DAY_WEEK,HOUR,MINUTE,NHS,ROAD_FNC,ROUTE,TWAY_ID,TWAY_ID2,MILEPT,LATITUDE,LONGITUD,SP_JUR,HARM_EV,MAN_COLL,RELJCT1,RELJCT2,TYP_INT,REL_ROAD,WRK_ZONE,LGT_COND,WEATHER1,WEATHER2,WEATHER,SCH_BUS,RAIL,NOT_HOUR,NOT_MIN,ARR_HOUR,ARR_MIN,HOSP_HR,HOSP_MN,CF1,CF2,CF3,FATALS,DRUNK_DR
6,62400,2,2,0,4,71,0,11,11,2010,5,17,45,1,1,1,I-15,,980,34.97691111,-116.614700000,0,12,7,0,1,1,1,0,2,1,0,1,0,0000000,99,99,99,99,99,99,0,0,0,2,0
6,62401,1,1,0,1,19,0,12,11,2010,6,2,37,0,2,4,JENSEN AVE,,0,36.70753056,-119.659922220,0,30,0,0,1,1,4,0,3,1,0,1,0,0000000,99,99,99,99,88,88,0,0,0,1,1
6,62402,1,1,0,4,39,0,13,11,2010,7,14,50,0,3,4,AVENUE 14,,0,36.95291944,-120.154263890,0,1,0,0,1,1,5,0,1,1,0,1,0,0000000,99,99,99,99,99,99,0,0,0,2,1
6,62403,3,3,0,7,37,0,13,11,2010,7,15,55,1,1,1,I-605,,169,34.02919444,-118.033955560,0,12,1,0,1,1,1,0,1,1,0,1,0,0000000,99,99,99,99,99,99,0,0,0,1,0
6,62404,1,1,0,1,115,0,13,11,2010,7,16,30,1,2,3,SR-20,,207,39.20343889,-121.297950000,0,35,0,0,1,1,4,0,1,10,0,10,0,0000000,99,99,99,99,88,88,0,0,0,1,1
6,62405,1,1,0,4,11,0,13,11,2010,7,23,40,1,2,3,SR-20,,300,39.20150000,-122.024738890,0,1,0,0,1,1,4,0,2,1,0,1,0,0000000,99,99,99,99,99,99,0,0,0,1,1
6,62406,1,1,0,1,23,130,14,11,2010,1,6,0,1,12,3,SR-299 RAMP,,4,40.90091111,-124.076908330,0,1,0,0,5,1,4,0,3,10,0,10,0,0000000,99,99,99,99,99,99,0,0,0,1,0
6,62407,2,2,0,3,7,0,14,11,2010,1,12,55,0,4,4,ORO BANGOR HWY,,0,39.43863889,-121.431161110,0,12,6,0,1,1,1,0,1,1,0,1,0,0000000,99,99,99,99,99,99,0,0,0,2,0
6,62408,1,1,0,1,29,240,14,11,2010,1,17,28,0,13,6,PANAMA LN,,0,35.29586389,-119.066913890,0,38,0,0,1,1,4,0,2,1,0,1,0,0000000,99,99,99,99,99,99,0,0,0,1,0
6,62409,2,2,0,2,21,0,14,11,2010,1,18,0,0,2,3,SR-162,COUNTY RD P,697,39.52409722,-122.136802780,0,12,6,0,2,2,1,0,2,1,0,1,0,0000000,99,99,99,99,99,99,0,0,0,1,0
6,62410,1,1,1,1,75,3290,1,9,2010,4,7,57,0,14,6,WALLER ST,COLE ST,0,37.76858333,-122.450597220,0,8,0,0,3,2,1,0,1,1,0,1,0,0000000,99,99,99,99,99,99,0,0,0,1,0
6,62411,1,1,1,1,75,3290,17,11,2010,4,12,27,0,13,6,GEARY BLVD,LEAVENWORTH ST,0,37.78654167,-122.414808330,0,8,0,0,2,2,1,0,1,1,0,1,0,0000000,99,99,99,99,88,88,0,0,0,1,0
6,62412,1,1,0,1,71,4290,25,11,2010,5,18,9,0,14,6,BRYANT ST,,0,34.07553611,-117.043083330,0,32,0,0,1,1,4,0,3,1,0,1,0,0000000,18,13,18,24,18,46,0,0,0,1,1
6,62413,2,2,0,3,99,3950,9,11,2010,3,1,5,1,12,3,SR-99,,61,37.52675000,-120.888338890,0,12,2,0,1,1,1,0,3,1,0,1,0,0000000,99,99,99,99,99,99,20,0,0,1,0
6,62414,1,1,0,1,57,0,9,11,2010,3,6,55,1,1,1,I-80,,19,39.32293889,-120.403030560,0,35,0,0,1,1,3,0,1,1,0,1,0,0000000,99,99,99,99,99,99,0,0,0,1,0
6,62415,3,3,0,3,67,3150,9,11,2010,3,9,55,1,12,3,SR-99,,210,38.51360278,-121.461533330,0,12,6,0,1,1,1,0,1,1,0,1,0,0000000,99,99,99,99,99,99,0,0,0,1,0
6,62416,2,2,0,2,37,2700,9,11,2010,3,19,13,0,13,6,COLORADO BLVD,MELROSE AVE,0,34.14070556,-118.177722220,0,12,6,0,2,3,1,0,3,1,0,1,0,0000000,99,99,99,99,99,99,0,0,0,1,1
6,62417,2,2,0,4,37,1980,10,11,2010,4,10,0,1,12,3,SR-170,,153,34.16296944,-118.381961110,0,12,6,0,1,1,1,0,1,1,0,1,0,0000000,99,99,99,99,99,99,0,0,0,1,0
6,62418,1,1,0,4,107,0,17,11,2010,4,13,39,0,6,4,ROAD 144,,0,36.53704444,-119.250844440,0,30,0,0,1,1,4,0,1,1,0,1,0,0000000,99,99,99,99,99,99,0,0,0,1,1
6,62419,2,2,0,2,107,0,17,11,2010,4,16,14,1,2,3,SR-65,AVENUE 208,267,36.16728889,-119.082969440,0,12,6,0,2,2,1,0,1,10,0,10,0,0000000,99,99,99,99,99,99,0,0,0,1,0
6,62420,1,1,0,1,71,4040,17,11,2010,4,21,25,0,13,6,BEAR VLY RD,,0,34.47080833,-117.304361110,0,33,0,0,1,1,4,0,3,1,0,1,0,0000000,99,99,99,99,88,88,0,0,0,1,0
6,62421,3,3,0,4,65,0,17,11,2010,4,18,55,0,4,4,RECHE VISTA DR,,0,33.98838611,-117.231019440,0,12,2,0,1,1,1,0,2,1,0,1,0,0000000,99,99,99,99,99,99,0,0,0,1,1
6,62422,3,3,0,4,37,0,18,11,2010,5,16,38,1,11,1,I-710,,246,34.03452500,-118.170111110,0,12,1,1,18,1,1,0,5,1,0,1,0,0000000,99,99,99,99,99,99,0,0,0,1,0
6,62423,1,1,0,1,71,2550,13,12,2010,2,14,9,0,14,6,MILLIKEN AVE,,0,34.06374444,-117.558077780,0,10,0,0,6,1,1,0,1,1,0,1,0,746964P,99,99,99,99,88,88,0,0,0,1,0
6,62424,2,2,1,3,59,1660,22,12,2010,4,17,35,0,13,6,BROOKHURST ST,VILLA PACIFIC,0,33.65248889,-117.953691670,0,9,0,0,3,2,1,0,3,10,0,10,0,0000000,99,99,99,99,99,98,16,0,0,1,0
6,62425,2,2,0,2,71,0,14,12,2010,3,21,53,1,1,1,I-40,,218,34.82116944,-116.637869440,0,12,2,0,1,1,1,0,2,1,0,1,0,0000000,99,99,99,99,99,98,0,0,0,1,1
6,62426,2,2,0,2,103,0,15,12,2010,4,11,20,0,3,4,BOWMAN RD,,0,40.36013889,-122.308250000,0,12,1,0,8,1,1,0,1,1,0,1,0,0000000,99,99,99,99,99,99,0,0,0,1,0
6,62427,1,1,0,3,65,3070,18,11,2010,5,22,38,0,15,6,LA CADENA DR,OXFORD ST,0,34.00582778,-117.348511110,0,33,0,0,3,3,4,0,3,1,0,1,0,0000000,99,99,99,99,99,99,20,0,0,1,1
6,62428,1,1,0,5,75,3290,19,11,2010,6,0,42,0,16,6,OCEAN AVE,,0,37.73084444,-122.471466670,0,33,0,0,1,1,4,0,3,10,0,10,0,0000000,99,99,99,99,99,99,0,0,0,2,0
6,62429,1,1,0,1,71,0,19,11,2010,6,1,47,1,1,1,I-215,,176,34.22353889,-117.406511110,0,35,0,0,1,1,4,0,3,1,0,1,0,0000000,99,99,99,99,88,88,0,0,0,1,1
6,62430,2,2,0,2,107,0,19,11,2010,6,10,24,0,5,4,ROAD 52,AVENUE 416,0,36.54641944,-119.457550000,0,12,6,0,2,2,1,0,1,10,0,10,0,0000000,99,99,99,99,88,88,0,0,0,1,0
6,62431,1,1,0,1,13,0,19,11,2010,6,15,50,0,3,4,FISH RANCH RD,,0,37.86172500,-122.213030560,0,30,0,0,1,1,4,0,1,2,0,2,0,0000000,99,99,99,99,88,88,0,0,0,1,1
6,62432,3,3,0,4,73,1820,19,11,2010,6,17,50,0,13,6,LAKE MURRAY BL,BALTIMORE DR,0,32.78067222,-117.033105560,0,12,1,0,3,8,1,0,3,1,0,1,0,0000000,99,99,99,99,99,99,0,0,0,1,0
6,62433,1,1,0,1,45,0,19,11,2010,6,20,25,1,2,2,US-101,,537,39.49448611,-123.365650000,0,42,0,0,1,1,4,0,2,1,0,1,0,0000000,99,99,99,99,88,88,0,0,0,1,1
6,62434,1,1,0,4,65,3070,20,11,2010,7,1,50,0,14,6,OLIVEWOOD AVE,,0,33.96405000,-117.382141670,0,39,0,0,1,1,4,0,3,2,0,2,0,0000000,99,99,99,99,99,99,0,0,0,1,1
6,62435,1,1,0,1,73,0,20,11,2010,7,4,30,1,1,1,I-15,,459,33.31704444,-117.158975000,0,43,0,0,1,1,4,0,3,2,0,2,0,0000000,99,99,99,99,88,88,0,0,0,1,0
6,62436,1,1,0,3,85,537,20,11,2010,7,18,10,0,13,6,SAN TOMAS EXPY,,0,37.27402222,-121.953397220,0,33,0,8,5,1,4,0,3,2,10,2,0,0000000,99,99,99,99,99,99,0,0,0,1,0
6,62437,1,1,0,4,59,3420,20,11,2010,7,19,42,0,13,6,FAIRVIEW ST,,0,33.70120833,-117.907847220,0,59,0,0,1,1,3,0,3,10,0,10,0,0000000,99,99,99,99,99,99,0,0,0,1,0
6,62438,1,1,0,1,51,2055,20,11,2010,7,99,99,0,16,6,LE VERNE ST,,0,37.62292222,-118.985505560,0,1,0,0,1,1,4,0,2,4,0,4,0,0000000,99,99,99,99,88,88,0,0,0,1,1
6,62439,1,1,0,1,29,0,20,11,2010,7,99,99,0,16,4,CLAYMINE RD,,0,35.00504167,-117.839700000,0,38,0,0,1,1,4,0,1,1,0,1,0,0000000,99,99,99,99,88,88,0,0,0,1,0
6,62440,1,1,0,2,13,110,21,11,2010,1,2,22,0,14,6,MAHOGANY WY,,0,38.00273056,-121.829805560,0,33,0,0,1,1,4,0,3,2,0,2,0,0000000,99,99,99,99,99,99,0,0,0,1,0
6,62441,1,1,0,1,37,1980,21,11,2010,1,6,40,0,14,6,1ST ST,,0,34.04733056,-118.221930560,0,39,0,0,1,1,3,0,1,2,10,2,0,0000000,99,99,99,99,99,99,0,0,0,1,1
6,62442,1,1,0,1,65,0,21,11,2010,1,11,10,0,13,4,GILMAN SPRINGS RD,,0,33.84236111,-116.995811110,0,35,0,0,1,1,4,0,1,10,0,10,0,0000000,99,99,99,99,99,99,0,0,0,1,0
6,62443,2,1,0,1,37,0,21,11,2010,1,16,0,0,2,4,SIERRA HWY,,0,34.53898889,-118.106011110,0,43,0,0,1,1,5,0,5,10,0,10,0,0000000,99,99,99,99,88,88,0,0,0,1,1
6,62444,2,2,0,2,83,0,22,11,2010,2,10,20,0,2,3,SR-154,EDISON ST,59,34.63380000,-120.081200000,0,12,1,0,3,2,1,0,1,1,0,1,0,0000000,99,99,99,99,88,88,0,0,0,1,0
6,62445,2,2,0,3,29,0,22,11,2010,2,11,50,1,2,3,SR-178,,467,35.65478611,-118.450427780,0,12,6,0,1,1,1,0,1,1,0,1,0,0000000,99,99,99,99,99,99,0,0,0,1,1
6,62446,2,2,0,4,77,0,22,11,2010,2,12,31,0,2,4,WATERLOO RD,FILBERT ST,0,37.97678056,-121.261811110,0,12,6,0,2,2,1,0,1,10,0,10,0,0000000,99,99,99,99,99,99,0,0,0,1,0
6,62447,1,1,1,1,31,0,20,10,2010,4,20,20,0,6,4,17TH AVE,,0,36.23381944,-119.762700000,0,8,0,0,1,1,1,0,2,1,0,1,0,0000000,99,99,99,99,99,98,0,0,0,1,0
6,62448,4,1,0,2,1,2480,30,11,2010,3,5,46,0,15,6,55TH ST,,0,37.83934722,-122.273238890,0,14,0,0,1,1,7,0,3,10,0,10,0,0000000,99,99,99,99,99,99,14,0,0,1,0
6,62449,1,1,0,1,37,2870,7,12,2010,3,2,39,0,15,6,LINCOLN AVE,,0,34.07099444,-117.730908330,0,42,0,0,1,1,4,0,3,1,0,1,0,0000000,99,99,99,99,99,99,0,0,0,1,0
6,62450,2,2,0,3,37,3870,7,12,2010,3,13,40,0,14,6,ANZA AVE,EMERALD ST,0,33.84133889,-118.362383330,0,12,6,0,2,2,1,0,1,1,0,1,0,0000000,99,99,99,99,99,99,0,0,0,1,0
6,62451,1,1,0,2,9,0,7,12,2010,3,14,0,0,2,3,SR-4,,147,38.03976944,-120.647669440,0,1,0,0,1,1,1,0,1,1,0,1,0,0000000,99,99,99,99,99,99,0,0,0,1,0
6,62452,2,2,0,4,1,2480,9,12,2010,5,16,0,1,11,1,I-880,,208,37.79872500,-122.275072220,0,12,7,0,1,1,1,0,1,10,0,10,0,0000000,99,99,99,99,99,99,0,0,0,1,0
6,62453,1,1,0,2,73,0,10,12,2010,6,2,10,0,4,4,JAMUL DR,,0,32.73275000,-116.879711110,0,1,0,0,1,1,5,0,2,1,0,1,0,0000000,99,99,99,99,99,99,0,0,0,1,1
6,62454,1,1,0,1,63,0,10,12,2010,6,15,0,0,2,3,SR-70,,112,39.97563889,-121.277755560,0,17,0,0,1,1,1,0,1,2,0,2,0,0000000,99,99,99,99,88,88,0,0,0,1,0
6,62455,1,1,0,1,65,564,22,12,2010,4,3,15,0,14,6,GOETZ RD,,0,33.68292500,-117.235108330,0,43,0,0,1,1,4,0,6,2,0,2,0,0000000,99,99,99,99,88,88,5,0,0,1,0
6,62456,2,2,0,2,71,0,23,4,2010,6,13,5,0,2,3,SR-138,,67,34.34138889,-117.523719440,0,12,2,0,1,1,1,0,1,1,0,1,0,0000000,99,99,99,99,99,99,20,0,0,1,2
6,62457,2,1,1,5,71,0,27,6,2010,1,3,38,1,1,1,I-15,,602,34.73893333,-117.178630560,0,14,0,0,1,1,2,8,6,98,0,98,0,0000000,99,99,99,99,99,99,99,99,99,1,0
6,62458,1,1,0,2,67,712,11,7,2010,1,0,32,0,13,6,SUNRISE BLVD,SUN HILL DR,0,38.68128056,-121.271580560,0,5,0,0,3,2,1,0,6,98,0,98,0,0000000,99,99,99,99,99,99,0,0,0,1,1
6,62459,2,2,0,2,71,115,17,10,2010,1,13,10,0,15,6,CENTRAL RD,POWHATAN RD,0,34.49705278,-117.172725000,0,12,6,0,2,2,1,0,1,1,0,1,0,0000000,99,99,99,99,99,99,99,99,99,1,0
6,62460,2,2,0,2,1,2480,9,11,2010,3,13,40,0,13,6,TELEGRAPH AVE,58TH ST,0,37.84426389,-122.261338890,0,12,6,0,2,3,1,0,1,10,0,10,0,0000000,99,99,99,99,99,99,0,0,0,1,0
6,62461,1,1,0,1,17,0,10,12,2010,6,15,15,0,2,3,SR-49,,222,38.79026944,-120.882219440,0,38,0,0,1,1,4,0,1,10,0,10,0,0000000,99,99,99,99,99,99,0,0,0,1,0
6,62462,2,2,0,5,107,0,11,12,2010,7,15,20,0,4,4,ROAD 156,AVENUE 328,0,36.38473889,-119.225005560,0,12,6,0,2,2,1,0,1,1,0,1,0,0000000,99,99,99,99,99,99,0,0,0,1,0
6,62463,1,1,0,1,111,3641,11,12,2010,7,19,36,0,13,3,SR-118 RAMP,TAPO CYN RD,275,34.28275000,-118.717702780,0,33,0,1,2,2,4,0,3,1,0,1,0,0000000,99,99,99,99,99,99,0,0,0,1,1
6,62464,2,2,0,5,37,4030,11,12,2010,7,21,51,0,13,6,ALAMEDA AVE,VERNON AVE,0,34.00381667,-118.239186110,0,12,6,0,2,2,1,0,3,1,0,1,0,0000000,99,99,21,54,99,99,0,0,0,3,1
6,62465,2,2,0,3,39,0,12,12,2010,1,1,18,1,2,3,SR-41,,65,36.97016111,-119.794011110,0,12,2,0,1,1,1,0,2,5,0,5,0,0000000,99,99,99,99,99,99,0,0,0,1,1
6,62466,2,2,0,3,65,9997,12,12,2010,1,13,58,0,16,6,JACKSON AVE,,0,33.74428889,-117.174533330,0,12,6,0,1,1,1,0,1,1,0,1,0,0000000,99,99,99,99,88,88,0,0,0,1,0
6,62467,3,3,0,4,59,0,12,12,2010,1,16,30,0,2,4,SANTIAGO CYN RD,,0,33.74778611,-117.678080560,0,12,2,0,1,1,1,0,1,1,0,1,0,0000000,99,99,99,99,99,99,0,0,0,2,1
6,62468,2,2,0,4,37,0,16,12,2010,5,18,0,1,2,3,SR-138,,665,34.49828056,-117.775583330,0,12,6,0,1,1,1,0,2,1,0,1,0,0000000,99,99,99,99,99,99,0,0,0,1,1
6,62469,1,1,0,1,37,0,17,12,2010,6,99,99,0,4,4,SOLEDAD CYN RD,,0,34.44766944,-118.212288890,0,58,0,0,1,1,5,0,1,2,10,2,0,0000000,99,99,99,99,88,88,0,0,0,1,0
6,62470,2,2,0,2,1,2480,24,9,2010,6,5,58,0,15,6,HEGENBERGER RD,LEET DR,0,37.73280000,-122.198647220,0,12,6,0,2,3,1,0,3,1,0,1,0,0000000,99,99,99,99,99,99,0,0,0,1,0
6,62471,1,1,1,1,71,1603,23,11,2010,3,19,2,0,13,6,BEAR VLY RD,,0,34.47087222,-117.298402780,0,8,0,0,1,1,1,0,3,1,0,1,0,0000000,99,99,99,99,88,88,0,0,0,1,0
6,62472,1,1,0,1,71,115,24,11,2010,4,3,47,0,15,6,CENTRAL RD,HOLSTEINER RD,0,34.51056389,-117.172825000,0,33,0,0,3,3,4,0,2,1,0,1,0,0000000,99,99,99,99,88,88,0,0,0,1,1
6,62473,2,2,0,4,65,2276,12,12,2010,1,19,15,1,12,3,SR-60,,143,33.94087778,-117.261908330,0,12,1,0,1,1,1,0,3,1,0,1,0,0000000,99,99,99,99,88,88,0,0,0,1,1
6,62474,2,1,0,7,37,30,16,12,2010,5,0,44,1,11,1,I-10,,227,34.06876111,-118.150566670,0,25,0,0,1,1,4,1,3,2,10,2,0,0000000,99,99,99,99,99,99,0,0,0,1,1
6,62475,2,2,0,5,61,1890,17,12,2010,6,5,15,0,12,3,SR-65,,132,38.86930556,-121.299627780,0,12,2,0,1,1,1,1,3,2,0,2,0,0000000,99,99,99,99,99,99,0,0,0,1,0
6,62476,1,1,0,1,57,0,17,12,2010,6,17,55,0,2,3,SR-49,,317,39.38361111,-121.088011110,0,1,0,0,1,1,4,0,2,2,10,2,0,0000000,99,99,99,99,88,88,0,0,0,1,1
6,62477,1,1,0,7,31,0,13,12,2010,2,6,25,1,1,1,I-5,,173,35.99098056,-119.970250000,0,18,0,0,1,1,1,0,4,10,0,10,0,0000000,99,99,99,99,99,99,0,0,0,5,0
6,62478,2,2,0,2,73,3260,14,12,2010,3,21,15,1,11,1,I-15,,121,32.86291111,-117.111780560,0,1,0,0,1,1,8,0,2,1,0,1,0,0000000,99,99,99,99,88,88,0,0,0,1,1
6,62479,2,2,0,3,85,3340,23,9,2010,5,8,20,0,13,6,ALMADEN EXPY,,0,37.26297222,-121.876594440,0,12,6,0,8,1,1,0,1,1,0,1,0,0000000,99,99,99,99,88,88,0,0,0,1,0
6,62480,2,2,0,2,71,2922,10,10,2010,1,19,16,0,14,6,MILLIKEN AVE,CHURCH ST,0,34.10928889,-117.557377780,0,12,6,0,2,2,1,0,3,1,0,1,0,0000000,99,99,99,99,99,99,0,0,0,1,0
6,62481,3,3,0,8,7,0,31,10,2010,1,6,5,0,2,3,SR-99,,112,39.48305000,-121.688569440,0,12,2,0,1,1,1,1,2,1,0,1,0,0000000,99,99,99,99,99,99,0,0,0,4,1
6,62482,2,2,0,6,7,0,14,11,2010,1,17,49,1,2,3,SR-99,,443,39.87053056,-121.966688890,0,12,2,0,1,1,1,0,5,1,0,1,0,0000000,99,99,99,99,99,99,0,0,0,3,1
6,62483,1,1,1,1,7,0,14,11,2010,1,23,18,1,2,3,SR-99,HAMILTON NORD HWY,424,39.85981944,-121.956461110,0,8,0,0,3,3,1,1,3,1,0,1,0,0000000,99,99,99,99,88,88,0,0,0,1,1
6,62484,1,1,0,2,19,0,9,12,2010,5,15,15,1,1,1,I-5,,421,36.56721944,-120.535761110,0,1,0,0,1,1,4,0,1,10,0,10,0,0000000,99,99,99,99,99,99,0,0,0,1,0
6,62485,1,1,0,3,59,1713,21,12,2010,3,3,7,0,13,6,CULVER DR,IRVINE CENTER DR,0,33.69356111,-117.799102780,0,46,0,0,3,2,4,0,6,2,0,2,0,0000000,99,99,99,99,99,99,0,0,0,1,1
6,62486,1,1,1,1,65,1003,27,12,2010,2,22,5,0,14,6,PALM DR,,0,33.95799722,-116.501325000,0,8,0,0,1,1,1,0,3,1,0,1,0,0000000,99,99,99,99,88,88,0,0,0,1,0
6,62487,3,3,1,32,37,1980,25,10,2010,2,15,15,0,13,6,1ST ST,SOTO ST,0,34.04368056,-118.209758330,0,8,0,0,3,2,1,0,1,1,0,1,1,0000000,99,99,99,99,99,99,0,0,0,1,0
6,62488,1,1,1,1,85,3440,3,11,2010,4,19,42,0,13,3,SR-82,,0,37.28075556,-121.838302780,0,8,0,0,1,1,1,0,3,1,0,1,0,0000000,99,99,99,99,88,88,0,0,0,1,0
6,62489,1,1,0,2,65,0,12,12,2010,1,21,27,1,1,1,I-15,,347,33.79394167,-117.499283330,0,1,0,0,1,1,1,0,2,1,0,1,0,0000000,99,99,99,99,99,99,0,0,0,1,0
6,62490,1,1,0,1,19,0,12,12,2010,1,99,99,0,6,4,DICKENSON AVE,HERNDON AVE,0,36.83188889,-119.970380560,0,59,0,0,2,3,5,0,2,10,0,10,0,0000000,99,99,99,99,88,88,0,0,0,1,1
6,62491,5,5,0,6,29,240,12,7,2010,2,15,12,0,14,6,TRUXTUN AVE,MOHAWK ST,0,35.36495833,-119.065447220,0,12,6,0,2,3,1,0,1,1,0,1,0,0000000,99,99,99,99,99,99,14,0,0,1,0
6,62492,1,1,0,2,29,240,2,10,2010,7,21,29,0,16,6,EL PRADO DR,,0,35.34728333,-119.021013890,0,5,0,0,1,1,1,0,3,1,0,1,0,0000000,99,99,99,99,99,99,0,0,0,1,1
6,62493,3,3,0,19,27,0,9,8,2010,2,20,20,1,2,2,US-395,,1135,37.29481389,-118.375538890,0,34,0,0,1,1,4,0,2,1,0,1,0,0000000,99,99,99,99,99,99,0,0,0,3,0
6,62494,2,2,0,3,71,0,7,12,2010,3,11,55,0,14,6,ROY ROGERS DRIVE,,0,34.52153333,-117.325852780,0,12,6,0,8,1,1,0,1,98,0,98,0,0000000,11,56,12,1,99,99,0,0,0,1,0
6,62495,1,1,1,1,65,750,23,12,2010,5,6,5,0,4,3,SR-86,AIRPORT BL,99999,33.64174444,-116.181191670,0,8,0,0,3,2,2,0,3,1,0,1,0,0000000,99,99,99,99,88,88,19,0,0,1,0
6,62496,1,1,0,1,13,460,28,10,2010,5,10,18,0,12,3,SR-4,,379,37.94822500,-121.696113890,0,39,0,0,1,1,4,0,1,1,0,1,0,0000000,99,99,99,99,88,88,0,0,0,1,1
6,62497,1,1,1,1,1,2480,15,11,2010,2,9,23,0,14,6,E 15TH ST,2ND AVE,0,37.79858611,-122.255400000,0,8,0,0,3,2,1,0,1,1,0,1,0,0000000,99,99,99,99,99,99,0,0,0,1,0
6,62498,2,2,0,6,37,1980,18,9,2010,7,2,25,0,13,6,WESTERN AVE,,0,33.96958889,-118.309022220,0,12,2,0,1,1,1,0,3,1,0,1,0,0000000,99,99,99,99,99,99,0,0,0,2,1
6,62499,1,1,0,1,73,2510,27,12,2010,2,17,0,0,13,6,COLLEGE BL,,0,33.24033889,-117.290083330,0,33,0,0,1,1,3,0,5,98,0,98,0,0000000,99,99,99,99,88,88,0,0,0,1,0
6,62500,4,1,0,1,1,2480,31,12,2010,6,23,47,0,13,6,WEST MACARTHUR BL,TELEGRAPH AVE,0,37.82646389,-122.265344440,0,14,0,0,3,1,7,0,3,1,0,1,0,0000000,99,99,99,99,88,88,0,0,0,1,1
6,62501,2,2,0,3,67,3150,8,8,2010,1,4,26,0,2,4,STOCKTON BLVD,ORANGE AVE,0,38.48876667,-121.425661110,0,12,1,0,2,3,1,0,3,1,0,1,0,0000000,99,99,99,99,99,99,0,0,0,2,1
6,62502,5,5,2,21,81,3390,12,9,2010,1,2,57,1,12,2,US-101,,140,37.57685000,-122.320636110,0,12,7,0,1,1,1,0,6,1,0,1,0,0000000,99,99,99,99,88,88,19,14,0,2,0
6,62503,4,4,0,35,19,1370,22,7,2010,5,2,14,1,12,3,SR-99,,239,36.76231111,-119.832669440,0,25,0,0,1,1,3,0,3,1,0,1,0,0000000,99,99,99,99,99,99,0,0,0,6,1
6,62504,1,1,1,1,59,3351,1,12,2010,4,2,1,1,11,1,I-5,,69,33.47576944,-117.674302780,0,8,0,0,1,1,1,0,3,1,0,1,0,0000000,99,99,99,99,99,99,0,0,0,1,1
6,62505,1,1,1,1,19,0,25,8,2010,4,1,25,0,3,4,PEACH AVE,,0,36.74740556,-119.718238890,0,8,0,0,1,1,1,0,2,1,0,1,0,0000000,99,99,99,99,88,88,0,0,0,1,0
6,62506,1,1,0,1,65,0,1,12,2010,4,12,25,1,1,1,I-10,,218,33.92486389,-116.737869440,0,1,0,0,1,1,1,0,1,1,0,1,0,0000000,99,99,99,99,88,88,0,0,0,1,0
6,62507,2,2,0,5,37,0,19,12,2010,1,17,30,0,2,4,SIERRA HWY,,0,34.51675833,-118.103522220,0,12,6,0,1,1,1,0,2,10,2,2,0,0000000,99,99,99,99,99,99,0,0,0,2,0
6,62508,1,1,1,2,107,4050,29,8,2010,1,20,6,0,15,6,TULARE AVE,,0,36.32001944,-119.286472220,0,9,0,0,1,1,1,0,3,1,0,1,0,0000000,99,99,99,99,99,99,0,0,0,1,0
6,62509,1,1,0,1,37,3870,17,8,2010,3,4,45,0,13,6,CRENSHAW BLVD,,0,33.84060000,-118.328761110,0,21,0,0,1,1,3,0,3,1,0,1,0,0000000,99,99,99,99,88,88,0,0,0,1,0
6,62510,1,1,1,1,77,1940,17,11,2010,4,17,56,0,13,6,VICTOR RD,,0,38.13751944,-121.257852780,0,8,0,0,1,1,1,0,5,1,0,1,0,0000000,99,99,99,99,99,99,0,0,0,1,0
32,320001,1,1,1,1,3,120,2,1,2010,7,13,58,0,14,6,SPRING MOUNTAIN RD,MYRTLE AVE,0,36.12630000,-115.204586110,0,8,0,0,3,3,1,0,1,1,0,1,0,0000000,14,0,14,8,14,22,0,0,0,1,0
32,320002,1,1,0,1,11,0,8,1,2010,6,11,30,0,4,3,SR-306,,17,40.60592500,-116.457244440,0,38,0,0,1,1,5,0,1,10,0,10,0,0000000,11,34,11,54,88,88,0,0,0,1,1
32,320003,1,1,0,2,31,0,9,1,2010,7,23,14,1,12,2,US-395,,373,39.62478056,-119.907994440,0,31,0,0,1,1,3,0,2,5,0,5,0,0000000,23,15,23,26,0,1,0,0,0,1,1
32,320004,1,1,0,1,3,0,4,1,2010,2,20,7,0,14,6,NELLIS BLVD,,0,36.20837500,-115.062297220,0,33,0,0,1,1,4,0,3,1,0,1,0,0000000,20,7,20,13,20,35,0,0,0,1,1