STATE,ST_CASE,VE_TOTAL,VE_FORMS,PEDS,PERSONS,COUNTY,CITY,DAY,MONTH,YEAR,DAY_WEEK,HOUR,MINUTE,NHS,ROAD_FNC,ROUTE,TWAY_ID,TWAY_ID2,MILEPT,LATITUDE,LONGITUD,SP_JUR,HARM_EV,MAN_COLL,RELJCT1,RELJCT2,TYP_INT,REL_ROAD,WRK_ZONE,LGT_COND,WEATHER1,WEATHER2,WEATHER,SCH_BUS,RAIL,NOT_HOUR,NOT_MIN,ARR_HOUR,ARR_MIN,HOSP_HR,HOSP_MN,CF1,CF2,CF3,FATALS,DRUNK_DR
32,320006,2,2,0,2,3,0,15,1,2010,6,7,50,0,16,6,RENO AVE,PEARL ST,0,36.09672500,-115.096572220,0,12,6,0,2,2,1,0,1,1,0,1,0,0000000,7,50,99,99,88,88,0,0,0,1,0
32,320007,1,1,0,2,9,0,16,1,2010,7,10,30,1,2,2,US-6,,407,38.13890278,-117.496205560,0,1,0,0,1,1,4,0,1,10,0,10,0,0000000,10,43,11,10,11,35,0,0,0,1,0
32,320008,1,1,0,1,3,120,17,1,2010,1,3,56,0,15,6,VEGAS DR,WINWOOD ST,0,36.18833333,-115.218986110,0,33,0,0,2,3,4,0,3,1,0,1,0,0000000,3,58,4,5,4,26,0,0,0,1,0
32,320009,1,1,0,1,3,0,20,1,2010,4,0,48,0,16,6,BONANZA RD,,0,36.17401389,-115.064427780,0,33,0,0,1,1,4,0,3,10,5,5,0,0000000,0,48,99,99,88,88,0,0,0,1,1
32,320010,2,2,0,3,31,170,20,1,2010,4,2,50,0,16,6,WHEELER ST,TAYLOR ST,0,39.51732500,-119.804858330,0,12,6,0,2,2,1,0,3,1,0,1,0,0000000,2,52,2,58,88,88,0,0,0,1,1
32,320011,1,1,0,1,23,0,22,1,2010,6,9,30,0,3,3,SR-372,,720,36.17489167,-116.087594440,0,59,0,0,1,1,4,0,1,10,0,10,0,0000000,9,33,9,40,88,88,0,0,0,1,1
32,320012,1,1,0,2,3,0,23,1,2010,7,14,5,0,14,6,JONES BLVD,TWAIN AVE,0,36.12177222,-115.224925000,0,43,0,0,2,2,5,0,1,1,0,1,0,0000000,14,6,14,7,99,99,0,0,0,1,0
32,320013,1,1,0,1,3,0,23,1,2010,7,17,40,1,11,1,I-15,,517,36.27375833,-115.050325000,0,21,0,0,1,1,3,0,2,1,0,1,0,0000000,17,40,17,48,88,88,0,0,0,1,0
32,320014,1,1,0,1,23,0,25,1,2010,2,23,48,0,5,5,PAHRUMP VALLEY BLVD,,0,36.17580000,-115.995472220,0,1,0,0,1,1,4,0,2,1,0,1,0,0000000,23,52,99,97,99,97,0,0,0,1,0
32,320015,2,2,0,2,3,120,26,1,2010,3,8,8,0,14,6,LAMB BLVD,MANOR GREEN LN,0,36.16245556,-115.080355560,0,12,6,0,2,3,1,0,1,1,0,1,0,0000000,8,9,8,17,8,30,0,0,0,1,0
32,320016,1,1,0,1,3,120,26,1,2010,3,14,24,0,16,6,3RD ST,,0,36.16973611,-115.143286110,0,43,0,0,1,1,5,0,1,10,0,10,0,0000000,14,24,99,99,88,88,0,0,0,1,0
32,320017,1,1,0,2,3,0,26,1,2010,3,19,6,0,12,6,SUMMERLIN PKWY,,0,36.17814722,-115.291794440,0,1,0,0,1,1,3,0,2,8,0,8,0,0000000,19,6,19,11,19,31,0,0,0,2,0
32,320018,1,1,0,1,3,0,29,1,2010,6,13,17,0,13,4,CR-215,,320,36.25040556,-115.314966670,0,38,0,0,1,1,5,0,1,1,0,1,0,0000000,99,99,99,99,99,99,0,0,0,1,0
32,320019,2,2,0,3,3,0,29,1,2010,6,20,42,0,14,6,LAMB BLVD,LAS VEGAS BLVD,0,36.22554167,-115.080119440,0,12,6,0,2,2,1,0,3,10,0,10,0,0000000,20,44,21,0,21,14,0,0,0,2,0
32,320020,1,1,0,2,21,0,31,1,2010,1,1,48,1,3,2,US-95A,,70,38.97583056,-118.858444440,0,1,0,0,1,1,2,0,2,1,0,1,0,0000000,2,13,3,6,3,31,0,0,0,1,1
32,320021,2,2,0,3,3,120,1,2,2010,2,17,24,0,16,6,LORENZI ST,,0,36.16529444,-115.242002780,0,12,1,0,1,1,1,0,3,1,0,1,0,0000000,17,26,17,31,17,47,20,0,0,1,0
32,320022,1,1,8,1,3,128,3,2,2010,4,9,32,0,15,6,BRUCE WOODBURY DR,,0,35.16107778,-114.574661110,0,25,0,0,99,1,5,0,1,1,0,1,0,0000000,9,33,9,37,10,12,0,0,0,2,0
32,320023,2,2,0,2,3,150,4,2,2010,5,7,52,0,15,6,ALIANTE PKWY,GRASSWREN DR,0,36.27884167,-115.179680560,0,1,0,0,2,3,1,0,1,10,0,10,0,0000000,7,53,8,2,8,30,0,0,0,1,0
32,320024,2,2,0,2,3,0,6,2,2010,7,3,25,1,12,1,I-215,,20,36.03267778,-115.024463890,0,12,2,0,1,1,1,0,3,10,0,10,0,0000000,3,23,3,31,88,88,0,0,0,2,1
32,320025,2,2,0,5,3,0,10,2,2010,4,15,54,0,14,3,SR-604,I-215,110,36.06336389,-115.172483330,0,12,6,1,2,2,1,0,1,10,0,10,0,0000000,15,55,16,0,16,44,0,0,0,1,0
32,320026,1,1,1,1,3,0,15,2,2010,2,19,20,0,14,6,DESERT INN RD,MOJAVE RD,0,36.12975556,-115.105372220,0,8,0,0,3,2,1,0,3,1,0,1,0,0000000,19,23,19,26,19,47,0,0,0,1,0
32,320027,2,2,0,3,3,110,16,2,2010,3,11,43,0,14,6,HORIZON RIDGE PKWY,SHADED CANYON DR,0,36.02330833,-115.013822220,0,12,1,0,2,2,1,0,1,1,0,1,0,0000000,11,43,11,52,88,88,0,0,0,2,1
32,320028,1,1,1,4,3,0,17,2,2010,4,15,28,0,14,6,JONES BLVD,HARMON AVE,0,36.10716389,-115.224966670,0,8,0,0,3,2,1,0,1,1,0,1,0,0000000,15,28,15,43,15,56,0,0,0,1,0
32,320029,3,2,0,2,3,110,18,2,2010,5,10,25,0,13,6,ST. ROSE PKWY,MARYLAND PKWY,0,35.99117222,-115.136386110,0,12,6,0,2,2,1,1,1,1,0,1,0,0000000,10,10,10,14,10,54,0,0,0,1,0
32,320030,1,1,0,2,3,0,21,2,2010,1,12,18,0,12,4,CR-215,,190,36.11843889,-115.312500000,0,31,0,0,1,1,4,0,1,1,0,1,0,0000000,12,19,12,28,13,5,0,0,0,1,0
32,320031,2,2,0,2,3,0,22,2,2010,2,4,30,0,12,6,SUMMERLIN PKWY,,0,36.17833333,-115.252811110,0,59,0,0,1,1,5,0,2,10,0,10,0,0000000,4,36,4,46,5,7,0,0,0,1,1
32,320032,3,3,0,5,3,0,22,2,2010,2,20,13,0,13,6,EASTERN AVE,MAULE AVE,0,36.06434167,-115.118491670,0,12,6,0,2,3,1,0,3,1,0,1,0,0000000,20,15,20,22,20,42,0,0,0,1,0
32,320033,2,2,0,2,3,0,4,3,2010,5,16,10,0,13,3,SR-160,FORT APACHE RD,0,36.02048611,-115.297941670,0,12,6,0,2,2,1,0,1,1,0,1,0,0000000,16,8,16,14,16,57,0,0,0,1,0
32,320034,2,2,0,3,17,0,7,3,2010,1,5,5,1,2,2,US-93,,27,36.89949444,-114.964188890,0,12,2,0,1,1,1,0,2,10,0,10,0,0000000,5,12,5,49,6,42,0,0,0,1,0
32,320035,1,1,0,1,17,0,18,3,2010,5,15,35,0,6,5,GUNDERSON RD,,0,37.68749722,-115.832161110,0,35,0,0,1,1,4,0,1,10,0,10,0,0000000,99,99,99,99,88,88,0,0,0,1,1
32,320036,1,1,0,4,33,0,26,3,2010,6,11,10,1,2,2,US-50,,68,39.38323889,-115.784377780,0,1,0,0,1,1,5,0,1,1,0,1,0,0000000,11,6,11,56,13,7,0,0,0,1,0
32,320037,3,3,0,4,3,110,27,3,2010,7,9,12,0,14,6,EASTERN AVE,,0,36.00329167,-115.109608330,0,12,2,0,1,1,1,0,1,1,0,1,0,0000000,9,15,9,18,9,32,0,0,0,1,1
32,320038,1,1,0,1,3,120,27,3,2010,7,9,35,0,13,6,PARADISE RD,,0,36.13928611,-115.154808330,0,38,0,0,1,1,5,0,1,1,0,1,0,0000000,9,36,9,43,10,17,0,0,0,1,0
32,320039,4,4,0,8,3,120,30,3,2010,3,12,29,0,14,6,DECATUR BLVD,,0,36.13932778,-115.208036110,0,12,6,0,1,1,1,0,1,1,0,1,0,0000000,12,29,12,33,12,57,0,0,0,1,0
32,320040,2,2,0,3,3,0,31,3,2010,4,8,32,0,13,6,RAINBOW BLVD,FLAMINGO RD,0,36.11460833,-115.243047220,0,12,6,0,2,4,1,0,1,1,0,1,0,0000000,8,32,8,33,9,9,0,0,0,1,0
32,320041,1,1,0,4,7,0,3,4,2010,7,7,0,1,1,1,I-80,,1052,40.98386667,-114.422136110,0,1,0,0,1,1,3,0,1,4,10,4,0,0000000,8,17,8,56,11,34,0,0,0,1,0
32,320042,2,2,0,2,3,120,4,4,2010,1,5,52,0,14,6,CHARLESTON BLVD,MAIN ST,0,36.15878611,-115.153555560,0,12,6,0,2,4,1,0,3,1,0,1,0,0000000,5,54,5,58,88,88,0,0,0,1,1
32,320043,3,3,0,3,3,0,7,4,2010,4,15,58,1,11,1,I-15,,400,36.14148889,-115.173397220,0,12,1,0,1,1,1,0,1,1,0,1,0,0000000,16,2,16,6,88,88,0,0,0,1,0
32,320044,2,2,0,2,3,120,9,4,2010,6,3,18,0,14,6,CHEYENNE AVE,SOARING GULLS DR,0,36.21852500,-115.273933330,0,12,1,0,3,4,1,0,3,1,0,1,0,0000000,3,21,3,25,3,44,0,0,0,1,2
32,320045,1,1,1,1,3,0,9,4,2010,6,19,36,0,14,6,FLAMINGO RD,,0,36.11464167,-115.136327780,0,8,0,0,1,1,1,0,3,1,0,1,0,0000000,19,39,19,39,88,88,0,0,0,1,0
32,320046,1,1,0,1,21,0,10,4,2010,7,7,30,0,4,3,SR-361,,170,38.70880556,-118.063497220,0,1,0,0,1,1,5,0,1,1,0,1,0,0000000,8,28,99,97,99,97,0,0,0,1,0
32,320047,3,3,0,3,3,0,10,4,2010,7,10,0,1,12,2,US-95,,790,36.17397500,-115.212205560,0,1,0,0,1,1,1,0,1,1,0,1,0,0000000,10,5,10,11,10,25,0,0,0,1,0
32,320048,1,1,0,1,3,0,10,4,2010,7,16,30,0,15,3,SR-147,,390,36.20091111,-114.982588890,0,35,0,0,1,1,5,0,1,1,0,1,0,0000000,99,99,99,99,88,88,18,0,0,1,0
32,320049,1,1,0,2,7,0,11,4,2010,1,16,25,0,3,3,SR-225,,900,41.65157222,-115.783730560,0,31,0,0,1,1,4,0,1,10,0,10,0,0000000,16,31,17,10,18,45,0,0,0,1,1
32,320050,4,4,0,6,31,0,14,4,2010,4,16,1,0,14,3,SR-443,,20,39.58565000,-119.780366670,0,12,7,0,1,1,1,0,1,1,0,1,0,0000000,16,1,16,8,16,26,20,0,0,1,0
32,320051,2,2,2,2,3,0,17,4,2010,7,1,37,1,1,1,I-15,,185,35.86432222,-115.250255560,0,12,1,0,1,1,1,0,2,1,0,1,0,0000000,1,39,2,0,2,41,0,0,0,1,0
32,320052,2,2,0,8,1,0,17,4,2010,7,21,39,1,2,2,US-50,SR-117,150,39.48714444,-118.875763890,0,12,6,0,2,2,1,0,3,1,0,1,0,0000000,21,39,21,45,22,52,0,0,0,1,0
32,320053,2,2,0,4,31,0,18,4,2010,1,15,58,0,13,3,SR-430,,0,39.41411111,-119.753411110,0,12,6,0,8,1,1,0,1,10,0,10,0,0000000,15,59,16,9,16,44,0,0,0,1,0
32,320054,2,2,0,4,31,0,19,4,2010,2,12,39,0,13,3,SR-445,,120,39.70335556,-119.698330560,0,31,0,0,1,1,4,0,1,10,0,10,0,0000000,12,38,12,55,13,38,0,0,0,2,0
32,320055,1,1,0,1,19,0,20,4,2010,3,21,50,0,3,2,US-95A,,182,39.06763056,-119.181194440,0,32,0,0,1,1,4,0,2,10,0,10,0,0000000,21,51,21,57,22,13,0,0,0,1,0
32,320056,1,1,1,1,3,120,22,4,2010,5,20,2,0,14,6,SAHARA AVE,BRUCE ST,0,36.14426944,-115.125497220,0,8,0,0,3,3,1,0,3,1,0,1,0,0000000,20,4,20,8,20,19,0,0,0,1,0
32,320058,1,1,0,2,3,120,23,4,2010,6,10,5,0,16,6,BUTTON WILLOW DR,HIGH RANGE DR,0,36.20618611,-115.314238890,0,39,0,0,3,3,5,0,1,1,0,1,0,0000000,10,7,10,18,10,45,0,0,0,2,0
32,320059,1,1,0,1,3,0,25,4,2010,1,9,42,1,11,2,US-95,,900,36.29810000,-115.285925000,0,31,0,0,1,1,5,0,1,1,0,1,0,0000000,9,46,9,52,10,12,0,0,0,1,0
32,320060,1,1,1,2,3,110,26,4,2010,2,6,59,0,14,6,WARM SPRINGS RD,PUEBLO BLVD,0,36.04899167,-114.959013890,0,9,0,0,3,2,1,0,1,1,0,1,0,0000000,6,59,7,5,88,88,0,0,0,1,0
32,320061,1,1,0,1,7,0,29,4,2010,5,5,5,1,1,1,I-80,,350,40.94959167,-115.608380560,0,1,0,0,1,1,3,0,2,10,0,10,0,0000000,5,8,5,17,88,88,0,0,0,1,0
32,320063,1,1,1,1,3,0,1,5,2010,7,20,11,0,16,6,FREMONT ST,,0,36.15236111,-115.109297220,0,8,0,0,8,1,1,0,1,1,0,1,0,0000000,20,13,20,18,88,88,0,0,0,1,1
32,320064,1,1,0,2,11,0,3,5,2010,2,8,55,1,2,2,US-50,,117,39.52278056,-116.362830560,0,58,0,0,1,1,4,0,1,1,0,1,0,0000000,8,54,9,20,9,56,0,0,0,1,0
32,320065,2,2,0,2,3,120,3,5,2010,2,13,39,0,14,6,SAHARA AVE,ATLANTIC ST,0,36.14443056,-115.114352780,0,1,0,0,2,4,1,0,1,1,0,1,1,0000000,13,39,99,99,88,88,0,0,0,1,0
32,320066,2,2,0,5,3,150,5,5,2010,4,18,40,0,16,6,DAWN VIEW,,0,36.27325000,-115.170402780,0,12,6,0,1,1,1,0,1,1,0,1,0,0000000,18,42,18,49,19,28,0,0,0,1,0
32,320067,2,2,1,2,3,0,6,5,2010,5,18,0,0,16,6,SANDS AVE,WYNN SOUTH GATE,0,36.12486389,-115.167063890,0,8,0,0,3,2,1,0,1,1,0,1,0,0000000,18,2,18,9,18,17,0,0,0,1,0
32,320068,1,1,1,1,31,170,8,5,2010,7,10,45,0,13,6,KIETZKE LN,ROBERTS ST,0,39.52018333,-119.789163890,0,8,0,0,2,3,1,0,1,10,0,10,0,0000000,10,46,10,49,10,58,0,0,0,1,0
32,320069,1,1,1,2,3,0,13,5,2010,5,0,21,0,14,6,FLAMINGO RD,EL ORO ST,0,36.11490833,-115.071508330,0,8,0,0,3,3,1,0,3,1,0,1,0,0000000,0,22,0,30,0,37,0,0,0,1,0
32,320070,1,1,0,1,3,0,13,5,2010,5,2,40,0,14,6,WARM SPRINGS RD,,0,36.05699722,-115.175611110,0,33,0,0,1,1,4,0,2,10,0,10,0,0000000,2,43,2,45,3,13,0,0,0,1,0
32,320071,1,1,0,2,33,0,16,5,2010,1,11,25,0,3,2,US-93,,62,38.75538889,-114.582038890,0,1,0,0,1,1,2,0,1,1,0,1,0,0000000,11,28,12,16,13,36,0,0,0,1,0
32,320072,5,5,0,7,3,0,19,5,2010,4,22,19,0,16,6,LAMB BLVD,LONE MOUNTAIN RD,0,36.24732222,-115.080011110,0,12,1,0,2,2,1,0,3,1,0,1,0,0000000,22,27,22,34,23,1,20,0,0,1,0
32,320073,1,1,0,1,1,0,21,5,2010,6,10,50,1,2,2,US-95,,397,39.67877222,-118.779480560,0,31,0,0,1,1,4,0,1,10,7,7,0,0000000,11,13,11,47,12,33,0,0,0,1,0
32,320074,2,2,0,2,3,120,28,5,2010,6,17,59,0,14,6,LAMB BLVD,VAN BUREN AVE,0,36.18663611,-115.080022220,0,12,6,0,2,3,1,0,1,1,0,1,0,0000000,18,0,18,5,88,88,0,0,0,1,0
32,320075,1,1,1,1,27,0,29,5,2010,7,5,30,1,1,1,I-80,,681,40.77799167,-118.005608330,0,8,0,0,1,1,1,0,2,10,0,10,0,0000000,88,88,88,88,88,88,0,0,0,1,0
32,320076,2,2,0,3,3,150,29,5,2010,7,12,37,0,14,6,LAKE MEAD BLVD,BRUCE ST,0,36.19579167,-115.125141670,0,1,0,0,2,2,1,0,1,1,0,1,0,0000000,12,37,12,42,13,2,0,0,0,2,0
32,320077,2,2,0,4,3,0,30,5,2010,1,6,15,0,14,6,SAHARA AVE,I-15,400,36.14407778,-115.170416670,0,12,6,1,2,3,1,0,1,1,0,1,0,0000000,6,15,6,23,88,88,0,0,0,1,1
32,320078,1,1,0,1,31,170,1,6,2010,3,7,29,0,14,6,MOANA AVE,,0,39.49120000,-119.818352780,0,42,0,0,1,1,5,0,1,1,0,1,0,0000000,7,29,7,37,88,88,0,0,0,1,1
32,320079,2,2,0,6,5,0,5,6,2010,7,12,55,0,15,5,PINE NUT RD,,0,38.91425556,-119.696877780,0,12,6,0,8,1,1,0,1,10,0,10,0,0000000,12,55,13,4,99,99,0,0,0,1,2
32,320080,1,1,0,1,31,170,5,6,2010,7,19,24,0,16,6,PANTHER DR,,0,39.58820833,-119.822736110,0,1,0,0,1,1,4,0,1,10,0,10,0,0000000,19,27,19,38,88,88,0,0,0,1,0
32,320081,2,2,0,3,9,0,6,6,2010,1,8,55,1,2,2,US-6,,253,38.02563333,-117.736997220,0,12,2,0,1,1,2,0,1,1,0,1,0,0000000,8,54,9,38,10,32,0,0,0,1,0
32,320082,1,1,0,5,3,0,7,6,2010,2,13,8,1,2,2,US-95,,80,35.29205000,-114.876936110,0,1,0,0,1,1,4,0,1,1,0,1,0,0000000,13,16,13,40,14,16,0,0,0,1,0
32,320083,1,1,0,1,11,0,11,6,2010,6,18,45,1,1,1,I-80,,250,40.70766944,-116.160905560,0,31,0,0,1,1,3,0,1,1,0,1,0,0000000,18,53,19,1,88,88,0,0,0,1,1
32,320084,1,1,0,2,23,0,13,6,2010,1,14,0,1,2,2,US-95,,389,36.68913056,-116.560150000,0,5,0,0,1,1,4,0,1,10,0,10,0,0000000,13,57,14,28,88,88,0,0,0,2,0
32,320085,1,1,0,2,27,0,13,6,2010,1,17,57,0,6,5,CALLAHAN RD,,0,40.68197222,-118.215938890,0,1,0,0,1,1,4,0,1,1,0,1,0,0000000,99,99,99,99,99,99,0,0,0,1,1
32,320086,2,2,0,9,33,0,13,6,2010,1,21,20,1,2,2,US-93,,850,39.67717778,-114.754666670,0,12,2,0,1,1,1,0,2,1,0,1,0,0000000,21,23,21,44,22,39,0,0,0,1,0
32,320087,2,2,0,2,7,0,14,6,2010,2,13,40,1,1,1,I-80,,410,40.95167500,-115.510625000,0,12,1,0,1,1,1,0,1,1,0,1,0,0000000,13,43,13,56,88,88,0,0,0,1,0
32,320088,1,1,0,1,33,0,14,6,2010,2,14,5,1,2,2,US-93,,880,39.69294444,-114.753025000,0,1,0,0,1,1,4,0,1,1,0,1,0,0000000,14,7,14,42,15,28,0,0,0,1,0
32,320089,1,1,0,2,3,0,14,6,2010,2,17,58,0,14,6,HOLLYWOOD BLVD,,0,36.19511944,-115.026233330,0,43,0,0,1,1,4,0,1,1,0,1,0,0000000,18,15,18,15,18,52,0,0,0,1,0
32,320090,1,1,0,1,3,0,15,6,2010,3,5,44,1,11,1,I-15,,596,36.32498056,-114.930080560,0,31,0,0,1,1,3,0,1,1,0,1,0,0000000,5,46,6,6,99,99,0,0,0,1,0
32,320091,3,3,0,5,19,0,15,6,2010,3,6,35,1,2,2,US-50,,0,39.20932222,-119.682055560,0,12,2,0,1,1,1,0,1,1,0,1,0,0000000,6,54,7,15,7,31,0,0,0,2,0
32,320092,2,2,0,2,3,0,15,6,2010,3,16,0,0,2,7,FRONTAGE RD,,0,36.38191389,-114.890227780,0,12,2,0,1,1,2,0,1,1,0,1,0,0000000,16,3,16,20,17,6,0,0,0,1,0
32,320093,1,1,0,1,3,0,16,6,2010,4,20,47,1,1,1,I-15 RAMP,,120,35.77847500,-115.329022220,0,1,0,1,5,1,8,0,3,1,0,1,0,0000000,20,48,21,5,21,27,0,0,0,1,0
32,320095,1,1,0,1,31,0,18,6,2010,6,8,10,0,3,3,SR-431,,0,39.25411111,-119.969863890,0,43,0,0,1,1,4,0,1,1,0,1,0,0000000,8,13,8,18,88,88,0,0,0,1,0
32,320096,1,1,0,1,3,0,18,6,2010,6,23,47,0,16,6,OLD MILL RD,,0,36.80785833,-114.065638890,0,43,0,0,1,1,4,0,3,1,0,1,0,0000000,23,43,23,46,0,6,0,0,0,1,1
32,320097,1,1,0,2,1,0,22,6,2010,3,5,25,0,5,3,SR-118,,13,39.45700556,-118.742036110,0,1,0,0,1,1,4,0,4,1,0,1,0,0000000,5,25,5,28,5,55,0,0,0,1,1
32,320098,2,2,0,3,17,0,22,6,2010,3,10,35,1,2,2,US-93,,343,37.31154722,-115.124852780,0,12,2,0,1,1,1,0,1,1,0,1,0,0000000,99,99,99,99,99,99,0,0,0,1,1
32,320099,2,2,0,5,3,0,22,6,2010,3,20,20,0,14,3,SR-147,,353,36.20643889,-114.948919440,0,12,6,0,1,1,1,0,5,1,0,1,0,0000000,20,20,20,40,20,59,0,0,0,2,1
32,320100,1,1,0,2,3,0,25,6,2010,6,20,4,0,16,6,ROBINDALE RD,,0,36.04836389,-115.260997220,0,5,0,0,1,1,1,0,5,1,0,1,0,0000000,20,5,20,19,20,50,0,0,0,1,0
32,320101,1,1,0,1,3,0,27,6,2010,1,19,0,0,13,3,SR-160,,151,36.01445556,-115.423372220,0,1,0,0,1,1,4,0,1,10,0,10,0,0000000,19,4,19,17,88,88,0,0,0,1,1
32,320102,2,2,0,5,3,0,1,7,2010,5,15,44,1,1,1,I-15,,915,36.66854722,-114.531258330,0,12,1,0,1,1,1,0,1,1,0,1,0,0000000,99,99,99,99,99,99,0,0,0,1,0
32,320103,1,1,0,1,11,0,3,7,2010,7,3,50,1,2,2,US-50,,351,39.53645000,-115.971830560,0,1,0,0,1,1,4,0,2,1,0,1,0,0000000,4,3,4,13,88,88,0,0,0,1,1
32,320104,2,2,0,4,3,120,4,7,2010,1,9,44,0,15,6,STEWART AVE,PAGE ST,0,36.16629444,-115.075841670,0,12,6,0,2,2,1,0,1,1,0,1,0,0000000,9,44,9,49,10,3,0,0,0,1,1
32,320105,1,1,0,1,3,150,4,7,2010,1,17,19,0,14,6,LOSEE RD,,0,36.22536111,-115.121569440,0,30,0,0,1,1,4,0,1,1,0,1,0,0000000,17,19,17,25,88,88,0,0,0,1,1
32,320106,2,2,1,3,3,120,4,7,2010,1,20,42,0,13,6,LAKE MEAD BLVD,,0,36.19847222,-115.200302780,0,8,0,0,1,1,1,0,3,1,0,1,0,0000000,20,43,20,48,88,88,0,0,0,1,1
32,320107,1,1,1,1,31,0,5,7,2010,2,14,33,0,16,6,LEMMON DR,,0,39.62539167,-119.847341670,0,9,0,0,1,1,2,0,1,1,0,1,0,0000000,14,34,14,39,14,55,0,0,0,1,0
32,320108,1,1,1,1,3,0,6,7,2010,3,6,17,1,13,3,SR-582,,0,36.09245556,-115.041236110,0,8,0,0,1,1,1,0,4,1,0,1,0,0000000,6,20,6,26,88,88,0,0,0,1,0
32,320109,2,2,0,2,1,0,6,7,2010,3,7,0,1,2,2,US-50,,320,39.39488611,-118.642988890,0,12,7,0,1,1,1,0,1,1,0,1,0,0000000,7,1,7,10,7,38,0,0,0,1,0
32,320110,2,2,0,2,3,0,7,7,2010,4,13,15,1,11,1,I-215,,180,36.07659722,-115.288816670,0,12,6,0,1,1,1,0,1,10,0,10,0,0000000,13,18,13,22,99,99,0,0,0,1,1
32,320111,2,2,0,3,31,190,7,7,2010,4,17,17,0,14,6,ROCK BLVD,HYMER AVE,0,39.53071944,-119.766141670,0,12,6,0,2,2,1,0,1,1,0,1,0,0000000,17,18,17,22,17,45,0,0,0,1,0
32,320112,1,1,1,1,3,120,8,7,2010,5,12,14,0,14,6,CHARLESTON BLVD,PALM ST,0,36.15877500,-115.101216670,0,8,0,0,3,2,1,0,1,1,0,1,0,0000000,12,17,12,24,12,31,0,0,0,1,0
32,320113,1,1,1,1,31,170,8,7,2010,5,21,51,0,14,6,WELLS AVE,,0,39.51048889,-119.803161110,0,9,0,0,8,1,1,0,3,7,1,7,0,0000000,21,51,21,56,22,12,0,0,0,1,0
32,320114,2,2,0,6,3,0,10,7,2010,7,6,50,1,2,2,US-95,,560,35.96675278,-114.894666670,0,12,6,1,5,1,1,0,1,1,0,1,0,0000000,7,5,7,15,99,99,0,0,0,1,0
32,320115,1,1,1,2,3,150,10,7,2010,7,21,10,0,14,6,LAKE MEAD  BLVD,,0,36.19761111,-115.184611110,0,8,0,0,1,1,1,0,3,1,0,1,0,0000000,21,11,21,15,21,27,0,0,0,1,0
32,320116,2,2,0,5,3,0,11,7,2010,1,0,30,0,14,6,CRAIG RD,US-95 RAMP,0,36.24050000,-115.245616670,0,12,6,1,2,3,1,0,3,1,0,1,0,0000000,0,30,0,36,1,7,0,0,0,1,1
32,320117,1,1,0,1,1,90,13,7,2010,3,6,42,0,16,6,SHERMAN ST,,0,39.46638611,-118.767744440,0,33,0,0,1,1,5,0,1,1,0,1,0,0000000,6,45,6,51,7,11,0,0,0,1,1
32,320118,1,1,0,5,27,0,13,7,2010,3,9,35,1,1,1,I-80,,349,40.39718889,-118.299816670,0,1,0,0,1,1,2,0,1,1,0,1,0,0000000,9,36,9,53,10,20,0,0,0,1,0
32,320119,1,1,0,1,3,0,16,7,2010,6,20,22,1,11,1,I-215,,71,36.03279722,-115.132202780,0,1,0,0,1,1,4,0,5,1,0,1,0,0000000,20,23,20,31,20,48,0,0,0,1,0
32,320120,1,1,1,1,3,0,17,7,2010,7,4,48,0,14,6,CHARLESTON BLVD,YEW AVE,0,36.15908611,-115.067769440,0,8,0,0,3,3,1,0,4,10,0,10,0,0000000,4,50,4,58,5,15,0,0,0,1,0
32,320121,2,2,0,3,3,120,17,7,2010,7,14,47,0,14,6,LAMB BLVD,,0,36.17970833,-115.080386110,0,12,6,0,4,1,1,0,1,1,0,1,0,0000000,14,48,14,52,15,7,0,0,0,1,0
32,320122,1,1,0,2,33,0,18,7,2010,1,15,0,1,2,2,US-93,,1158,40.12007778,-114.634205560,0,1,0,0,1,1,4,0,1,1,0,1,0,0000000,15,24,16,8,17,18,0,0,0,2,0
32,320123,2,2,0,4,3,0,19,7,2010,2,23,25,0,14,6,HOLLYWOOD BLVD,,0,36.15818056,-115.025888890,0,12,6,0,1,1,1,0,3,1,0,1,0,0000000,23,28,23,30,23,55,0,0,0,1,1
32,320125,1,1,0,3,1,90,12,6,2010,7,17,11,0,5,5,ALLEN ST,,0,39.47158889,-118.784077780,0,5,0,0,1,1,1,0,1,1,0,1,0,0000000,17,12,17,16,17,25,0,0,0,1,0
32,320126,1,1,0,1,23,0,21,7,2010,4,17,30,1,2,2,US-6,,501,38.17560000,-116.376033330,0,31,0,0,1,1,4,0,1,1,0,1,0,0000000,17,49,18,32,19,28,0,0,0,1,0