STATE,ST_CASE,VE_TOTAL,VE_FORMS,PEDS,PERSONS,COUNTY,CITY,DAY,MONTH,YEAR,DAY_WEEK,HOUR,MINUTE,NHS,ROAD_FNC,ROUTE,TWAY_ID,TWAY_ID2,MILEPT,LATITUDE,LONGITUD,SP_JUR,HARM_EV,MAN_COLL,RELJCT1,RELJCT2,TYP_INT,REL_ROAD,WRK_ZONE,LGT_COND,WEATHER1,WEATHER2,WEATHER,SCH_BUS,RAIL,NOT_HOUR,NOT_MIN,ARR_HOUR,ARR_MIN,HOSP_HR,HOSP_MN,CF1,CF2,CF3,FATALS,DRUNK_DR
32,320127,3,3,0,4,3,0,22,7,2010,5,6,17,1,11,1,I-215,,159,36.06628056,-115.247075000,0,31,0,1,5,1,8,0,1,10,0,10,0,0000000,6,18,6,23,6,48,0,0,0,1,0
32,320128,2,2,0,2,1,0,24,7,2010,7,12,46,1,2,2,US-50,LUCAS RD,140,39.49406389,-118.894097220,0,12,6,0,2,4,1,0,1,1,0,1,0,0000000,12,43,12,51,13,22,0,0,0,2,0
32,320129,1,1,0,3,7,0,26,7,2010,2,20,5,1,2,2,US-93A,,333,40.47158333,-114.155641670,0,34,0,0,1,1,4,0,5,1,0,1,0,0000000,21,10,21,48,22,52,0,0,0,1,1
32,320130,1,1,1,1,3,120,30,7,2010,6,11,0,0,14,6,CHARLESTON BLVD,11TH ST,0,36.15888056,-115.138372220,0,15,0,0,3,3,1,0,1,1,0,1,0,0000000,11,1,11,4,11,13,0,0,0,1,0
32,320131,1,1,1,1,3,120,3,8,2010,3,7,53,0,14,6,RAMPART BLVD,,0,36.21331944,-115.278766670,0,33,0,0,1,1,4,0,1,1,0,1,0,0000000,7,54,7,59,8,18,0,0,0,1,1
32,320132,2,1,0,1,31,190,3,8,2010,3,21,47,0,16,6,CONEY ISLAND DR,,0,39.52021944,-119.742455560,0,43,0,0,1,1,5,0,2,1,0,1,0,0000000,21,48,21,51,22,8,0,0,0,1,0
32,320133,1,1,1,1,3,120,5,8,2010,5,16,19,0,14,6,CHARLESTON BLVD,YEW AVE,0,36.15907222,-115.067711110,0,8,0,0,3,2,1,0,1,1,0,1,0,0000000,16,21,16,28,16,43,0,0,0,1,0
32,320134,1,1,0,1,3,110,8,8,2010,1,13,14,0,16,6,IONE RD,,0,36.00905833,-115.117847220,0,1,0,0,1,1,1,0,1,1,0,1,0,0000000,13,13,13,18,13,44,0,0,0,1,0
32,320135,2,2,0,5,3,0,8,8,2010,1,14,17,0,4,3,SR-158,,50,36.31032500,-115.615558330,0,12,6,0,8,1,1,0,1,10,0,10,0,0000000,14,17,14,37,14,50,0,0,0,1,0
32,320136,4,4,0,6,17,0,9,8,2010,2,12,40,1,2,3,SR-318,,439,38.08604167,-114.985094440,0,12,1,0,1,1,1,1,1,1,0,1,0,0000000,13,0,14,8,15,51,0,0,0,1,0
32,320137,2,2,0,2,31,0,13,8,2010,6,15,0,0,14,3,SR-430,,175,39.42616667,-119.761275000,0,12,6,0,8,1,1,0,1,1,0,1,0,0000000,14,59,15,6,15,44,0,0,0,1,0
32,320138,3,1,0,5,3,0,13,8,2010,6,15,50,1,1,1,I-15,,46,35.66436667,-115.379688890,0,18,0,0,1,1,1,1,1,1,0,1,0,0000000,15,53,16,6,17,0,0,0,0,2,0
32,320139,1,1,0,2,1,0,15,8,2010,1,9,46,0,5,3,SR-722,,153,39.25938889,-117.739813890,0,35,0,0,1,1,4,0,1,1,0,1,0,0000000,9,40,10,34,11,0,0,0,0,1,0
32,320140,2,2,0,4,7,0,16,8,2010,2,1,15,1,2,2,US-93,,470,40.73052778,-115.032166670,0,1,0,0,1,1,1,0,2,1,0,1,0,0000000,1,19,1,59,2,49,14,0,0,1,0
32,320141,1,1,0,2,3,0,16,8,2010,2,14,29,0,14,6,MOUNTAIN VISTA ST,,0,36.13701667,-115.074186110,0,33,0,0,1,1,4,0,1,1,0,1,0,0000000,14,32,14,35,14,58,0,0,0,2,0
32,320142,2,2,0,2,19,0,18,8,2010,4,10,7,1,2,2,US-50,,10,39.21277222,-119.673497220,0,12,7,0,1,1,1,0,1,1,0,1,0,0000000,10,12,10,20,88,88,0,0,0,1,1
32,320143,1,1,1,1,3,0,19,8,2010,5,9,24,0,13,6,TROPICANA AVE,VALLEY VIEW BLVD,0,36.10098611,-115.189819440,0,8,0,0,3,2,1,0,1,1,0,1,0,0000000,9,24,99,99,88,88,0,0,0,1,0
32,320144,1,1,0,2,3,0,20,8,2010,6,2,2,0,15,6,ERIE AVE,LAS VEGAS BLVD,0,35.99192500,-115.172613890,0,1,0,0,3,1,5,0,2,1,0,1,0,0000000,2,4,2,14,3,12,0,0,0,1,1
32,320145,2,2,0,2,13,0,20,8,2010,6,15,20,1,2,2,US-95,PIT RD,102,41.09646944,-117.703666670,0,12,1,0,3,3,1,0,1,1,0,1,0,0000000,99,99,99,99,88,88,0,0,0,1,1
32,320146,1,1,0,4,3,0,20,8,2010,6,23,32,1,1,1,I-15,,141,35.81411389,-115.303608330,0,1,0,0,1,1,5,0,2,1,0,1,0,0000000,23,35,23,54,99,99,0,0,0,1,0
32,320147,1,1,0,1,31,0,23,8,2010,2,2,19,1,11,1,I-80,,406,39.59813333,-119.352019440,0,18,0,0,1,1,2,0,2,1,0,1,0,0000000,2,19,2,45,88,88,0,0,0,1,1
32,320148,1,1,0,1,3,0,23,8,2010,2,7,52,0,13,3,SR-160,,211,36.02165833,-115.513897220,0,31,0,0,1,1,4,0,1,1,0,1,0,0000000,7,59,8,10,88,88,0,0,0,1,0
32,320149,1,1,0,1,7,0,24,8,2010,3,1,45,1,1,1,I-80,,751,41.09811111,-114.936980560,0,59,0,0,1,1,3,0,3,1,0,1,0,0000000,1,55,1,55,88,88,0,0,0,1,0
32,320150,3,3,0,3,19,0,27,8,2010,6,16,15,1,2,2,US-50,,20,39.21976667,-119.649163890,0,12,2,0,1,1,1,0,1,1,0,1,0,0000000,16,20,16,42,17,5,14,0,0,1,0
32,320151,1,1,1,1,3,120,1,9,2010,4,8,22,0,14,6,BONANZA RD,H ST,0,36.17719167,-115.151786110,0,8,0,0,3,3,1,0,1,1,0,1,0,0000000,8,24,8,27,8,36,0,0,0,1,0
32,320152,2,2,0,5,3,0,3,9,2010,6,18,7,1,11,1,I-15,,399,36.14417778,-115.171000000,0,12,1,1,18,1,1,0,1,1,0,1,0,0000000,18,10,18,16,18,53,19,0,0,1,0
32,320153,1,1,0,1,23,0,5,9,2010,1,16,30,1,2,2,US-95,,1010,37.44116667,-117.164769440,0,1,0,0,1,1,4,0,1,1,0,1,0,0000000,16,34,17,13,18,5,0,0,0,1,1
32,320154,2,2,0,2,7,0,10,9,2010,6,20,35,1,1,1,I-80,,850,41.10852500,-114.765263890,0,12,2,0,1,1,1,0,2,1,0,1,0,0000000,20,39,99,97,99,97,0,0,0,2,1
32,320155,2,2,0,2,3,0,12,9,2010,1,2,19,0,14,6,TROPICANA AVE,,0,36.10097778,-115.153050000,0,12,1,0,1,1,1,0,3,1,0,1,0,0000000,2,19,2,26,2,43,0,0,0,1,1
32,320156,1,1,1,1,3,150,14,9,2010,3,7,8,0,14,6,CRAIG RD,BERG ST,0,36.23998889,-115.111897220,0,8,0,0,3,2,1,0,1,1,0,1,0,0000000,7,8,7,13,88,88,0,0,0,1,0
32,320157,1,1,0,1,3,120,16,9,2010,5,1,32,0,16,6,BUFFALO DR,,0,36.16296111,-115.259950000,0,33,0,0,1,1,4,0,3,1,0,1,0,0000000,1,32,99,99,88,88,0,0,0,1,1
32,320158,1,1,0,1,23,0,16,9,2010,5,11,20,1,2,2,US-6,,819,38.46007500,-115.991808330,0,1,0,0,1,1,4,0,1,1,0,1,0,0000000,11,27,12,32,88,88,0,0,0,1,0
32,320159,3,3,0,5,510,0,17,9,2010,6,22,4,1,2,2,US-395,,20,39.12901389,-119.770588890,0,12,2,0,1,1,1,0,3,1,0,1,0,0000000,22,5,22,9,23,0,0,0,0,1,2
32,320160,1,1,0,1,11,0,19,9,2010,1,17,4,0,5,5,ANTELOPE VALLEY RD,,0,39.43608889,-116.331819440,0,1,0,0,1,1,4,0,5,1,0,1,0,0000000,17,5,17,39,88,88,0,0,0,1,0
32,320161,1,1,0,2,15,0,20,9,2010,2,12,4,1,1,1,I-80,,10,40.67959167,-116.615961110,0,1,0,0,1,1,3,0,1,1,0,1,0,0000000,14,0,14,12,14,26,0,0,0,1,0
32,320162,2,2,0,3,3,0,20,9,2010,2,12,25,0,3,3,SR-163,NEEDLES HWY,150,35.18723611,-114.624850000,0,12,6,1,2,3,1,0,1,1,0,1,0,0000000,12,31,12,39,13,0,0,0,0,2,0
32,320163,2,2,0,2,19,0,20,9,2010,2,16,46,1,2,2,US-95A,PENROSE LN,210,39.09910556,-119.180966670,0,12,6,0,2,2,1,0,1,1,0,1,0,0000000,16,35,16,45,88,88,0,0,0,1,0
32,320164,2,2,0,4,3,0,23,9,2010,5,21,10,1,2,2,US-93,,679,36.79379444,-114.945691670,0,12,2,0,1,1,1,0,2,1,0,1,0,0000000,21,15,21,46,88,88,0,0,0,1,0
32,320165,2,2,0,2,31,0,23,9,2010,5,23,14,1,12,2,US-395,,398,39.65970278,-119.989086110,0,12,2,0,1,1,1,0,2,1,0,1,0,0000000,23,14,23,24,0,16,0,0,0,1,1
32,320166,1,1,0,3,1,0,26,9,2010,1,14,50,1,1,1,I-80,,224,39.94057500,-118.752808330,0,31,0,1,5,1,8,0,1,1,0,1,0,0000000,14,50,15,17,16,59,0,0,0,1,0
32,320167,1,1,0,1,3,0,26,9,2010,1,23,0,0,14,3,SR-604,,136,35.87255833,-115.233600000,0,1,0,0,1,1,4,0,2,1,0,1,0,0000000,23,4,23,17,88,88,0,0,0,1,1
32,320168,1,1,0,1,3,0,1,10,2010,6,20,55,1,12,2,US-95,,890,36.29774722,-115.285569440,0,1,0,1,18,1,4,0,2,10,0,10,0,0000000,20,55,21,3,21,22,0,0,0,1,0
32,320169,1,1,0,3,31,0,2,10,2010,7,6,35,1,1,1,I-80,,363,39.59051944,-119.418494440,0,31,0,0,1,1,3,0,4,1,0,1,0,0000000,6,38,6,59,7,27,0,0,0,1,1
32,320170,1,1,0,1,3,0,3,10,2010,1,9,45,0,3,3,SR-163,,144,35.19578333,-114.657033330,0,1,0,0,1,1,5,0,1,2,10,2,0,0000000,9,52,10,5,88,88,0,0,0,1,0
32,320171,1,1,1,1,31,0,3,10,2010,1,12,0,0,5,5,FIRST ST,,0,39.57840000,-119.777941670,0,8,0,0,1,1,1,0,1,2,0,2,0,0000000,12,0,12,7,12,30,0,0,0,1,0
32,320172,1,1,0,3,3,0,4,10,2010,2,17,8,1,2,2,US-95,,268,35.55795278,-114.913302780,0,31,0,0,1,1,3,0,1,10,0,10,0,0000000,17,13,17,55,18,42,0,0,0,1,0
32,320173,6,1,1,1,3,0,5,10,2010,3,17,10,1,1,1,I-15,,1046,36.77678333,-114.273777780,0,14,0,0,1,1,2,0,5,2,0,2,0,0000000,17,19,17,41,88,88,14,15,0,1,0
32,320174,2,2,0,2,3,0,6,10,2010,4,7,21,0,14,6,CRAIG RD,,0,36.24057222,-115.063566670,0,12,6,0,8,1,1,0,1,1,0,1,0,0000000,7,23,7,29,88,88,0,0,0,1,0
32,320175,2,2,0,2,3,0,6,10,2010,4,17,25,0,14,6,TROPICANA AVE,PEARL AVE,0,36.10004444,-115.096630560,0,1,0,0,2,2,1,0,1,10,0,10,0,0000000,17,27,17,34,88,88,0,0,0,1,0
32,320176,1,1,0,3,3,0,9,10,2010,7,20,3,1,1,1,I-15,,266,35.94933333,-115.182275000,0,1,0,0,1,1,4,0,2,10,0,10,0,0000000,99,99,99,99,99,99,0,0,0,1,0
32,320177,2,2,0,2,5,0,10,10,2010,1,19,15,1,2,2,US-395,PALOMINO LN,160,38.88510278,-119.692877780,0,12,2,0,3,3,1,0,2,1,0,1,0,0000000,19,21,19,44,20,12,0,0,0,1,1
32,320178,1,1,1,1,9,0,15,10,2010,6,20,8,1,2,2,US-95,,61,37.94507222,-117.262405560,0,8,0,0,1,1,1,0,2,1,0,1,0,0000000,20,10,99,97,99,97,0,0,0,1,0
32,320179,1,1,1,3,3,110,1,8,2010,1,17,26,0,14,6,SUNSET RD,MARKS ST,0,36.06385833,-115.036297220,0,8,0,0,3,2,1,0,1,1,0,1,0,0000000,17,27,17,32,17,43,0,0,0,1,0
32,320180,2,2,0,5,3,110,27,8,2010,6,10,20,0,14,6,SUNSET RD,,0,36.06365000,-115.055527780,0,12,6,0,8,1,1,0,1,1,0,1,0,0000000,10,20,10,25,10,47,0,0,0,1,1
32,320181,2,2,0,2,3,0,16,10,2010,7,8,48,0,14,6,TROPICANA AVE,PALM ST,0,36.10022500,-115.077844440,0,12,6,0,2,3,1,0,1,1,0,1,0,0000000,8,50,8,58,9,16,0,0,0,1,0
32,320182,1,1,0,1,5,0,16,10,2010,7,21,44,0,4,3,SR-206,,132,38.99665833,-119.818916670,0,1,0,0,1,1,4,0,2,1,0,1,0,0000000,21,48,22,7,22,31,0,0,0,1,1
32,320183,2,2,0,4,23,0,18,10,2010,2,18,31,0,4,3,SR-160,RAINBOW AVE,70,36.18263333,-115.949502780,0,12,6,0,2,2,1,0,2,1,0,1,0,0000000,18,45,18,50,19,20,0,0,0,1,0
32,320184,2,2,0,2,3,0,19,10,2010,3,10,45,0,14,6,CRAIG RD,,0,36.24002500,-115.109522220,0,12,1,0,1,1,1,0,1,10,0,10,0,0000000,10,48,10,53,11,4,0,0,0,1,0
32,320185,2,2,0,3,27,0,19,10,2010,3,20,40,1,1,1,I-80,,541,40.64234444,-118.191322220,0,1,0,0,1,1,3,0,2,1,0,1,0,0000000,20,40,21,9,21,43,0,0,0,1,0
32,320186,1,1,0,1,3,150,21,10,2010,5,12,26,0,14,6,DECATUR BLVD,,0,36.25598611,-115.207394440,0,33,0,0,1,1,4,0,1,1,0,1,0,0000000,12,26,12,29,12,34,0,0,0,1,0
32,320187,1,1,0,2,3,0,22,10,2010,6,12,4,1,11,1,I-15,,476,36.23328333,-115.110047220,0,1,0,0,1,1,4,0,1,10,0,10,0,0000000,12,7,12,11,12,44,0,0,0,1,0
32,320188,2,2,0,2,11,0,22,10,2010,6,12,25,1,1,1,I-80,,186,40.65954444,-116.248822220,0,12,1,0,1,1,1,0,1,1,0,1,0,0000000,12,29,12,40,14,45,0,0,0,1,1
32,320189,2,2,0,2,23,0,23,10,2010,7,13,15,0,4,3,SR-374,RHYOLITE RD,48,36.87898611,-116.820352780,0,12,1,0,3,1,1,0,1,1,0,1,0,0000000,13,16,13,29,14,38,0,0,0,1,0
32,320190,1,1,0,1,15,0,24,10,2010,1,21,5,1,1,1,I-80,,21,40.68159722,-116.988216670,0,1,0,0,1,1,3,0,2,2,6,2,0,0000000,21,19,21,32,21,59,0,0,0,1,0
32,320191,1,1,1,1,3,0,29,10,2010,6,0,35,1,11,1,I-15 RAMP,,390,36.12468611,-115.180236110,0,15,0,1,5,1,1,0,3,10,0,10,0,0000000,0,44,0,51,1,18,0,0,0,1,0
32,320192,1,1,1,1,3,0,23,10,2010,7,3,46,0,14,6,FLAMINGO RD,SWENSON ST,0,36.11476667,-115.146361110,0,8,0,0,3,2,1,0,3,10,0,10,0,0000000,3,47,3,53,3,59,0,0,0,1,0
32,320193,1,1,0,2,3,0,30,10,2010,7,2,43,0,13,6,PARADISE RD,,0,36.04593611,-115.140133330,0,33,0,0,1,1,4,0,3,10,0,10,0,0000000,2,44,2,54,3,26,0,0,0,1,1
32,320194,1,1,1,1,31,170,16,10,2010,7,18,36,0,16,6,KINGS ROW,,0,39.53727778,-119.847308330,0,8,0,0,1,1,1,0,3,10,0,10,0,0000000,18,36,18,40,18,59,0,0,0,1,0
32,320195,1,1,1,1,23,0,25,10,2010,2,21,52,0,5,5,BLAGG RD,,0,36.26127222,-116.014786110,0,8,0,0,1,1,1,0,3,10,0,10,0,0000000,22,0,22,7,88,88,0,0,0,1,0
32,320196,1,1,1,2,3,0,5,11,2010,6,20,29,0,16,6,PICCADILY DR,,0,36.19414444,-115.021183330,0,8,0,0,1,1,1,0,3,1,0,1,0,0000000,20,30,20,34,21,11,0,0,0,1,0
32,320197,1,1,0,2,3,120,5,11,2010,6,22,29,0,14,6,FREMONT ST,CHARLESTON BLVD,0,36.15876111,-115.116330560,0,30,0,0,3,2,4,0,3,1,0,1,0,0000000,22,31,22,35,22,53,0,0,0,2,1
32,320198,2,2,0,2,31,0,6,11,2010,7,15,44,0,3,5,HIGHLAND RANCH PKWY,,0,39.60816667,-119.748863890,0,12,2,0,1,1,1,0,1,1,0,1,0,0000000,15,45,15,52,16,35,0,0,0,1,1
32,320199,1,1,1,3,3,0,6,11,2010,7,21,23,0,14,6,CHARLESTON BLVD,,0,36.15907222,-115.068366670,0,8,0,0,1,1,1,0,3,10,0,10,0,0000000,21,27,21,31,21,46,0,0,0,1,0
32,320200,1,1,0,3,3,110,6,11,2010,7,23,10,0,16,6,MCCORMICK RD,,0,36.07441667,-114.975733330,0,39,0,0,1,1,4,0,3,10,0,10,0,0000000,23,15,23,21,23,54,0,0,0,1,1
32,320201,2,2,0,2,1,0,8,11,2010,2,5,30,1,2,2,US-50,,167,39.48551111,-118.852586110,0,12,2,0,1,1,1,0,2,10,0,10,0,0000000,5,31,5,39,7,10,0,0,0,1,1
32,320202,1,1,0,2,23,0,12,11,2010,6,20,42,0,4,3,SR-377,,36,38.55476111,-117.115408330,0,31,0,0,1,1,4,0,2,1,0,1,0,0000000,20,34,21,5,21,40,0,0,0,1,1
32,320203,1,1,1,3,3,0,20,11,2010,7,15,56,0,14,6,SUNSET RD,,0,36.07167222,-115.140813890,0,8,0,0,1,1,4,0,1,2,0,2,0,0000000,15,58,16,6,16,41,0,0,0,1,0
32,320204,1,1,0,1,3,0,21,11,2010,1,2,20,0,16,6,BERMUDA RD,,0,35.99943889,-115.154927780,0,43,0,0,1,1,4,0,3,6,0,6,0,0000000,2,21,2,29,2,52,0,0,0,1,1
32,320205,1,1,0,2,15,0,21,11,2010,1,6,45,1,1,1,I-80,,230,40.67316944,-116.661125000,0,1,0,0,1,1,3,0,4,4,0,4,0,0000000,6,40,7,2,7,30,0,0,0,1,0
32,320206,1,1,1,1,3,150,12,11,2010,6,14,37,0,14,6,CRAIG RD,,0,36.23942778,-115.169469440,0,9,0,0,4,1,1,0,1,1,0,1,0,0000000,14,35,14,43,88,88,0,0,0,1,0
32,320207,1,1,0,1,31,0,22,11,2010,2,7,59,0,2,3,SR-445,,330,39.93940556,-119.599966670,0,41,0,0,1,1,4,0,4,1,0,1,0,0000000,99,99,99,99,88,88,0,0,0,1,1
32,320208,2,2,0,2,3,0,23,11,2010,3,20,49,0,14,6,TROPICANA AVE,DUNEVILLE ST,0,36.10013333,-115.220775000,0,12,6,0,2,3,1,0,3,10,0,10,0,0000000,20,53,20,54,88,88,0,0,0,1,2
32,320209,1,1,0,1,3,0,24,11,2010,4,4,23,0,14,6,SAHARA AVE,,0,36.14465556,-115.050013890,0,25,0,0,1,1,3,0,3,1,0,1,0,0000000,4,23,4,33,88,88,0,0,0,1,1
32,320210,1,1,0,1,3,120,25,11,2010,5,23,22,0,15,6,TORREY PINES DR,,0,36.20346111,-115.232961110,0,30,0,0,1,1,4,0,3,1,0,1,0,0000000,23,22,23,25,88,88,0,0,0,1,1
32,320211,1,1,0,1,3,0,29,11,2010,2,20,35,1,12,2,US-95,,830,36.21917500,-115.246738890,0,25,0,1,18,1,3,0,3,1,0,1,0,0000000,20,35,20,41,21,25,0,0,0,1,0
32,320212,1,1,0,1,7,0,1,12,2010,4,0,20,0,4,3,SR-233,PILOT VALLEY RD,186,41.24932222,-114.213700000,0,32,0,0,3,3,4,0,2,4,0,4,0,0000000,0,23,1,30,88,88,0,0,0,1,1
32,320213,1,1,1,1,3,0,2,12,2010,5,19,2,0,14,6,FLAMINGO RD,,0,36.11467500,-115.150683330,0,8,0,0,1,1,1,0,3,1,0,1,0,0000000,19,5,19,7,19,18,0,0,0,1,0
32,320214,1,1,0,1,3,0,2,12,2010,5,21,50,0,4,3,SR-147,,20,36.20340556,-114.941286110,1,33,0,0,1,1,4,0,3,1,0,1,0,0000000,21,54,22,8,88,88,0,0,0,1,1
32,320215,1,1,0,7,3,0,4,12,2010,7,11,14,0,2,3,SR-160,,350,36.05718611,-115.742336110,0,1,0,0,1,1,3,0,1,1,0,1,0,0000000,99,99,99,99,99,99,0,0,0,1,0
32,320216,1,1,0,1,3,0,12,9,2010,1,19,40,0,14,6,CHARLESTON BLVD,FOGG ST,0,36.15947500,-115.035388890,0,1,0,0,2,2,1,0,3,1,0,1,0,0000000,19,42,19,48,20,7,0,0,0,1,0
32,320217,2,2,0,4,3,120,6,10,2010,4,11,55,0,14,6,DECATUR BLVD,,0,36.24968889,-115.207563890,0,12,2,0,1,1,1,0,1,1,0,1,1,0000000,11,56,12,1,12,28,0,0,0,2,1
32,320218,1,1,0,1,3,0,28,10,2010,5,3,25,0,14,6,FLAMINGO RD,GRANITE RIDGE,0,36.11935278,-115.334869440,0,1,0,0,2,6,1,0,3,1,0,1,0,0000000,3,27,3,31,88,88,0,0,0,1,1
32,320219,2,2,0,2,3,0,5,12,2010,1,15,7,0,15,6,SERENE AVE,,0,36.02050278,-115.120152780,0,12,6,0,8,1,1,0,1,1,0,1,0,0000000,15,8,15,11,15,52,0,0,0,1,0
32,320220,2,2,0,2,3,0,9,12,2010,5,2,49,0,14,6,RUSSELL RD,,0,36.08611667,-115.182063890,0,12,2,1,18,1,1,1,3,10,0,10,0,0000000,2,50,2,53,99,99,0,0,0,1,2
32,320221,1,1,1,1,3,0,9,12,2010,5,21,2,0,14,6,SAHARA AVE,,0,36.14377778,-115.147719440,0,8,0,0,1,1,1,0,3,1,0,1,0,0000000,21,4,21,10,21,21,0,0,0,1,0
32,320222,2,2,1,3,3,120,10,12,2010,6,9,58,0,14,6,VALLEY VIEW BLVD,OAKEY BLVD,0,36.15167778,-115.190775000,0,12,6,0,2,2,1,0,1,10,0,10,0,0000000,10,1,10,5,10,14,0,0,0,1,0
32,320223,1,1,1,1,23,0,11,12,2010,7,1,20,0,3,3,SR-372,,56,36.20512778,-116.021777780,0,8,0,0,1,1,1,0,2,1,0,1,0,0000000,1,23,1,29,1,40,0,0,0,1,0
32,320224,2,2,0,3,23,0,17,10,2010,1,10,0,1,2,3,SR-318,,210,38.45772222,-115.012844440,0,12,7,0,8,1,1,0,1,10,0,10,0,0000000,10,15,10,45,12,20,0,0,0,1,0
32,320225,2,2,0,4,3,0,12,12,2010,1,4,4,0,14,6,TROPICANA AVE,,0,36.10101111,-115.166161110,0,12,1,0,1,1,1,0,3,1,0,1,0,0000000,4,7,4,10,4,32,0,0,0,1,1
32,320226,4,4,0,9,23,0,12,12,2010,1,18,20,1,2,3,SR-318,,23,38.67026111,-115.061258330,0,12,8,0,1,1,1,0,2,1,0,1,0,0000000,18,20,19,16,20,50,0,0,0,1,0
32,320227,1,1,1,1,3,120,13,12,2010,2,2,21,0,14,6,NELLIS BLVD,CAREY AVE,0,36.20356944,-115.062250000,0,8,0,0,3,2,1,0,3,1,0,1,0,0000000,2,24,2,29,2,47,0,0,0,1,0
32,320228,1,1,1,2,3,0,17,12,2010,6,18,1,0,14,6,EASTERN AVE,,0,36.08039444,-115.118741670,0,15,0,0,1,1,1,0,3,2,0,2,0,0000000,18,12,18,17,18,29,0,0,0,1,0
32,320229,1,1,0,1,7,0,18,12,2010,7,4,0,1,2,2,US-93,,11,40.20791111,-114.693327780,0,1,0,0,1,1,4,0,2,4,0,4,0,0000000,4,5,5,20,88,88,0,0,0,1,1
32,320230,2,2,0,5,11,0,19,12,2010,1,12,30,0,4,3,SR-278,3RD ST,20,39.58901389,-116.005525000,0,12,6,0,2,2,1,0,1,2,10,2,0,0000000,12,37,13,2,14,3,0,0,0,1,0
32,320231,1,1,1,1,3,0,23,12,2010,5,1,27,0,14,6,FLAMINGO RD,KOVAL LN,0,36.11445278,-115.164138890,0,8,0,0,3,2,1,0,3,2,10,2,0,0000000,1,28,1,44,88,88,0,0,0,1,0
32,320232,2,1,0,1,3,120,29,12,2010,4,9,57,0,15,6,ALTA DR,,0,36.16642222,-115.238858330,0,14,0,0,1,1,7,0,1,10,0,10,0,0000000,9,57,10,6,10,15,0,0,0,1,0
32,320233,2,2,0,2,19,0,30,12,2010,5,8,57,1,2,2,US-50,OCCIDENTAL DR,110,39.29593333,-119.527558330,0,12,1,0,2,2,1,0,1,10,0,10,0,0000000,9,1,9,9,10,30,0,0,0,1,0
32,320234,2,2,0,5,31,170,5,7,2010,2,20,2,1,2,2,US-395 RAMP,,0,39.49297500,-119.783886110,0,24,0,0,5,1,4,0,5,1,0,1,0,0000000,20,3,20,3,20,30,0,0,0,3,0
32,320235,2,2,0,6,31,170,17,7,2010,7,14,2,0,13,6,4TH ST,,0,39.51552500,-119.850877780,0,12,2,0,1,1,1,0,1,1,0,1,0,0000000,14,3,14,15,15,2,0,0,0,2,0
32,320236,1,1,1,1,31,170,1,8,2010,1,20,22,0,16,6,FILBERT RD,,0,39.48083333,-119.783194440,0,9,0,0,1,1,1,0,5,1,0,1,0,0000000,20,23,20,31,20,46,16,0,0,1,0
32,320237,2,2,0,3,31,170,1,10,2010,6,0,24,0,16,6,6TH ST,CENTER ST,0,39.53274444,-119.813722220,0,12,6,0,2,2,1,0,3,1,0,1,0,0000000,0,25,0,26,0,44,0,0,0,1,1
32,320238,1,1,1,1,31,170,23,10,2010,7,19,56,0,16,6,7TH ST,MCDONALD DR,0,39.53042778,-119.840538890,0,8,0,0,3,2,1,0,3,10,0,10,0,0000000,19,56,20,0,88,88,0,0,0,1,0
32,320239,1,1,0,1,13,0,17,12,2010,6,0,55,0,9,9,SAND PASS RD,,0,41.14687778,-117.868619440,0,1,0,0,1,1,4,0,2,4,5,4,0,0000000,0,52,1,18,2,10,0,0,0,1,1
32,320240,1,1,0,1,23,0,6,10,2010,4,19,53,0,6,5,LESLIE ST,,0,36.23321389,-116.050655560,0,19,0,0,1,1,5,0,3,1,0,1,0,0000000,19,54,20,4,88,88,0,0,0,1,1
41,410175,1,1,0,1,25,0,11,8,2010,4,11,30,0,4,3,SR-140 (ODOT 431),,653,41.99427222,-119.321358330,0,59,0,0,1,1,4,0,1,1,0,1,0,0000000,11,38,13,6,14,25,0,0,0,1,0
49,490013,1,1,0,1,45,0,15,3,2010,2,13,50,1,1,1,I-80,,11,40.74368056,-114.025811110,0,35,0,0,1,1,4,0,1,1,0,1,0,0000000,88,88,88,88,88,88,0,0,0,1,0
49,490146,1,1,0,4,45,2085,5,11,2010,6,18,0,1,1,1,I-80 OFF RAMP,ARIA BLVD,9,40.73869444,-114.040275000,0,33,0,1,3,3,6,0,1,1,0,1,0,0000000,18,7,18,9,99,99,0,0,0,2,0